     1.437574      1.337113      1.472752      1.315922      1.285077      1.574162      1.051421      1.049744      1.042380      1.143480 
     1.368296      1.349028      1.498705      1.365627      1.220380      1.746014      1.140877      1.111714      1.099672      1.056429 
     1.485460      1.334747      1.504705      1.425311      1.223130      1.517351      1.145145      1.153285      1.149312      0.980685 
     1.445041      1.404256      1.407900      1.371351      1.167571      1.554207      0.982834      1.204325      1.239339      1.062646 
     1.576823      1.369201      1.388220      1.355278      1.178400      1.595537      1.009543      1.040769      1.187623      1.077897 
     1.448279      1.336465      1.540754      1.336806      1.220264      1.511340      1.163528      1.070676      1.161507      1.098572 
     1.411673      1.367439      1.498703      1.397509      1.229077      1.597336      1.167123      1.132830      1.110889      1.174205 
     1.490802      1.317693      1.589245      1.335990      1.202048      1.500481      1.236755      1.114205      1.193934      1.093689 
     1.413988      1.361687      1.476727      1.504453      1.186097      1.574139      1.011502      1.173559      1.107352      1.101356 
     1.531199      1.336572      1.414423      1.229630      1.240743      1.670575      1.083997      1.106137      1.182989      1.063979 
     1.460324      1.434355      1.422650      1.476086      1.193793      1.626779      1.101932      1.026291      1.231445      1.123550 
     1.548659      1.320646      1.501499      1.346355      1.219090      1.698868      1.117637      1.229292      1.101105      1.112028 
     1.531115      1.266689      1.359304      1.553870      1.228474      1.543261      0.986754      1.044937      1.063038      1.299552 
     1.362755      1.353151      1.412754      1.375758      1.207995      1.553866      1.091087      1.073617      1.080162      1.214536 
     1.496080      1.365478      1.580200      1.332200      1.157756      1.455869      1.198729      1.159777      1.170514      1.257556 
     1.478417      1.354313      1.421729      1.325076      1.279058      1.610239      1.088513      1.172610      1.131776      1.059775 
     1.550431      1.282162      1.490571      1.433149      1.216003      1.509711      1.117019      1.119419      1.195767      1.323924 
     1.417671      1.414737      1.435345      1.285032      1.234772      1.640150      1.186304      1.151859      1.063497      1.264703 
     1.423877      1.327824      1.522423      1.466288      1.190168      1.532771      1.303124      1.108264      1.283677      1.131435 
     1.351983      1.298268      1.491345      1.454662      1.231175      1.702295      1.141271      1.123681      1.145394      1.063332 
     1.457918      1.359416      1.647467      1.404901      1.204163      1.581349      1.148928      1.142005      1.153774      1.241597 
     1.440699      1.373319      1.485130      1.372432      1.212681      1.448163      1.046113      1.152293      1.199047      1.090448 
     1.452191      1.511465      1.394138      1.431198      1.211500      1.617584      1.034866      1.122539      1.117909      1.083552 
     1.475959      1.293360      1.455801      1.488325      1.177119      1.478095      1.118189      1.198284      1.057686      1.187808 
     1.350550      1.409655      1.550049      1.446407      1.288631      1.508855      1.229109      1.180006      0.997090      1.039341 
     1.403767      1.592212      1.584418      1.196173      1.231596      1.381517      1.119530      1.119288      1.247038      1.082932 
     1.444260      1.354022      1.445526      1.307897      1.215649      1.496641      1.003617      1.149845      1.067149      1.133735 
     1.412483      1.443960      1.643676      1.257797      1.213008      1.538217      1.272111      1.068609      1.084347      1.173467 
     1.532405      1.396288      1.461196      1.390848      1.280841      1.498687      1.194075      1.073392      1.051892      1.188870 
     1.369410      1.395196      1.462713      1.445285      1.177906      1.544194      1.107226      1.195894      1.121975      1.141302 
     1.442885      1.287366      1.480138      1.336243      1.305026      1.483775      1.180403      1.232917      1.181347      1.187352 
     1.438723      1.449311      1.435659      1.298834      1.199051      1.591097      1.121750      1.106664      1.092674      1.151845 
     1.492831      1.421612      1.412279      1.368199      1.231445      1.485851      1.102082      1.087907      1.071667      1.302836 
     1.495476      1.367633      1.455784      1.324529      1.206585      1.519402      1.144494      1.055216      1.055965      1.158944 
     1.585480      1.239158      1.482112      1.428836      1.214300      1.618046      1.206249      1.243936      1.099852      1.152091 
     1.421448      1.314796      1.410738      1.394349      1.173808      1.396101      1.121987      1.216159      1.130705      1.043124 
     1.533332      1.337635      1.414247      1.347467      1.186720      1.685113      1.082886      1.133811      1.227253      1.083564 
     1.472510      1.365710      1.576875      1.263057      1.168095      1.519120      1.106266      1.131656      1.096480      1.139701 
     1.496150      1.546552      1.444139      1.231642      1.174503      1.617763      1.217242      1.042564      1.070950      1.143862 
     1.619598      1.226267      1.391607      1.387798      1.230107      1.479921      1.145358      1.112698      1.197514      1.158445 
     1.681758      1.280198      1.407181      1.498672      1.205922      1.580304      1.164889      1.339388      1.051192      1.064545 
     1.523914      1.347206      1.407363      1.473563      1.216654      1.607978      1.191973      1.047744      1.176648      1.122805 
     1.428742      1.457422      1.399122      1.380599      1.221438      1.542708      1.291175      1.215337      1.198424      1.086604 
     1.399159      1.256789      1.521321      1.260103      1.208696      1.568301      1.182115      1.104156      1.215693      1.056341 
     1.516328      1.253871      1.483357      1.448661      1.197985      1.521638      1.055423      1.128537      1.202304      1.022076 
     1.414545      1.321926      1.516054      1.425808      1.300545      1.521534      1.130985      1.072981      1.156271      1.144243 
     1.543183      1.476127      1.526642      1.393556      1.209980      1.544750      1.112438      1.141211      1.110536      1.001398 
     1.482549      1.296783      1.472101      1.318755      1.239463      1.591608      1.088423      1.090224      1.135454      0.950501 
     1.451650      1.480381      1.448256      1.328813      1.244812      1.605515      1.025305      1.071785      1.079023      1.220068 
     1.390556      1.501418      1.377137      1.315847      1.190349      1.520716      1.151321      1.186737      1.089100      1.151463 
     1.588610      1.540323      1.552547      1.350841      1.218448      1.654927      1.064432      1.081203      1.098140      1.136478 
     1.379130      1.417759      1.510696      1.350591      1.190980      1.518085      1.197692      1.104659      1.041918      1.148782 
     1.525822      1.412784      1.371766      1.564429      1.202826      1.540760      1.217742      1.157437      1.176121      1.161989 
     1.431385      1.470068      1.506470      1.415845      1.205964      1.483853      1.204649      1.053669      1.140116      1.072072 
     1.452736      1.544030      1.552724      1.299735      1.267695      1.462946      1.073636      1.077225      1.237629      1.212571 
     1.282884      1.460010      1.541726      1.321314      1.170273      1.492923      1.126894      1.091397      1.103626      1.126953 
     1.458493      1.330924      1.473052      1.325324      1.189032      1.555431      1.295291      1.044572      1.165042      1.120506 
     1.546399      1.240101      1.539636      1.352775      1.229261      1.662658      0.963381      1.192188      1.173453      1.045457 
     1.519542      1.445644      1.392604      1.478723      1.278897      1.559281      1.073641      1.136520      1.201978      1.054658 
     1.484073      1.540293      1.408711      1.233259      1.208938      1.555118      1.118152      1.057413      1.161556      1.188870 
     1.513898      1.312061      1.389745      1.294450      1.305718      1.546351      1.070210      1.023500      1.073497      1.113440 
     1.445879      1.265530      1.415693      1.343466      1.163840      1.540403      1.174207      1.120571      1.175612      1.219336 
     1.410161      1.397646      1.471968      1.391828      1.245075      1.503105      1.069337      1.147615      1.208745      1.277962 
     1.469898      1.305798      1.515680      1.395915      1.274487      1.420071      1.185371      1.180615      1.256501      1.079277 
     1.450138      1.378026      1.526257      1.344367      1.245551      1.716925      1.014551      0.992831      1.214360      1.109916 
     1.367854      1.372833      1.425098      1.316596      1.146552      1.482229      1.077368      1.057613      1.071833      1.219203 
     1.496787      1.372191      1.439430      1.328401      1.171343      1.585942      1.184195      1.082601      1.085163      1.157106 
     1.380298      1.317053      1.562893      1.406272      1.129371      1.619546      1.180740      1.071235      1.139497      1.128330 
     1.486694      1.250759      1.476480      1.419959      1.175638      1.535708      1.076398      1.171777      1.157014      1.055707 
     1.532489      1.308209      1.404910      1.339682      1.239361      1.590101      1.023420      1.062343      1.010919      1.117126 
     1.672008      1.425520      1.511803      1.305334      1.232556      1.541199      1.076941      1.293173      1.218348      1.160315 
     1.437177      1.460760      1.497394      1.341419      1.194668      1.475473      1.094572      1.116432      1.068440      1.061406 
     1.429712      1.484661      1.492827      1.319836      1.204270      1.431294      1.226729      1.048455      1.093830      1.187959 
     1.415025      1.291210      1.547417      1.231471      1.230388      1.554457      1.052384      1.147634      1.111884      1.153448 
     1.377024      1.466539      1.499633      1.368636      1.166818      1.600775      1.197218      1.134425      1.035737      1.209029 
     1.441103      1.422981      1.534118      1.269391      1.304528      1.558974      1.109161      1.213052      1.043869      1.081412 
     1.515538      1.482275      1.510328      1.385213      1.188879      1.679744      1.066355      1.085725      1.118380      1.219811 
     1.496668      1.304833      1.430830      1.331557      1.232712      1.529265      1.135458      1.138623      1.095291      1.204808 
     1.481090      1.325758      1.440840      1.348321      1.276922      1.671472      1.255829      1.176451      1.126659      1.069247 
     1.548432      1.298889      1.426699      1.372191      1.217858      1.387669      1.128197      1.135117      1.135610      1.066904 
     1.654117      1.261826      1.504983      1.581796      1.224317      1.626184      1.128933      1.176054      1.149470      1.088410 
     1.462838      1.317026      1.496652      1.471134      1.199898      1.474722      1.053177      1.087795      1.139189      1.100888 
     1.549634      1.512919      1.543441      1.387140      1.175217      1.437486      1.033338      1.066628      1.054415      1.102949 
     1.408747      1.505214      1.544586      1.361428      1.232408      1.475048      1.052994      1.184613      1.115328      1.090421 
     1.522188      1.299423      1.533726      1.477582      1.222740      1.559707      1.130784      1.158517      1.222223      1.047947 
     1.390405      1.315714      1.374326      1.474735      1.190762      1.569961      1.086854      1.284331      1.121168      1.113685 
     1.479102      1.313895      1.396209      1.376307      1.177265      1.664042      0.984340      1.184799      1.064261      1.117633 
     1.455274      1.334353      1.554924      1.449348      1.179848      1.525828      1.307720      1.073648      1.039941      1.195926 
     1.530017      1.379495      1.487156      1.542903      1.256093      1.530938      1.154666      1.110451      1.074983      1.184564 
     1.550577      1.218699      1.430748      1.480822      1.238323      1.510554      1.142343      1.140591      1.104512      1.074163 
     1.409879      1.346866      1.410770      1.333920      1.282349      1.536109      1.125344      1.228711      1.168962      1.213654 
     1.479713      1.281856      1.409476      1.390285      1.182144      1.391105      1.202442      1.101322      1.086186      1.060199 
     1.477851      1.464373      1.483398      1.363294      1.238905      1.518427      1.176175      1.136369      1.044875      1.004309 
     1.392366      1.357452      1.514907      1.327133      1.279753      1.487667      1.113048      1.083740      1.018752      1.233024 
     1.343010      1.301992      1.529643      1.394010      1.267218      1.808926      1.169534      1.201935      1.096851      1.140619 
     1.409417      1.332632      1.455426      1.274781      1.207551      1.596915      1.146330      1.235065      1.161394      1.053576 
     1.507280      1.336188      1.398834      1.407592      1.185678      1.567522      1.056467      1.198266      1.228133      1.098672 
     1.442001      1.447582      1.646952      1.272202      1.151004      1.601345      1.154299      1.265908      1.122291      1.124405 
     1.594744      1.265142      1.440233      1.350080      1.200637      1.602968      1.227217      1.185028      1.074621      1.153980 
     1.417271      1.415442      1.454274      1.260779      1.234476      1.482071      1.189900      1.191165      1.213718      1.093487 
     1.538187      1.393363      1.550430      1.364081      1.218871      1.535353      1.117163      1.005511      1.064585      1.074843 
     1.503189      1.420737      1.476259      1.393712      1.181330      1.418826      1.240717      1.197413      1.185991      1.170432 
     1.473637      1.336693      1.493323      1.412521      1.180863      1.465739      1.068886      1.147889      1.148682      1.146780 
     1.426318      1.287896      1.403785      1.302079      1.242110      1.589821      1.182011      1.097758      1.150261      1.090130 
     1.386920      1.420037      1.451872      1.417687      1.238665      1.576784      1.034448      1.082264      1.249706      1.072346 
     1.525826      1.289343      1.590063      1.403123      1.319678      1.442573      1.114421      1.008473      1.169358      1.088246 
     1.524179      1.454152      1.495840      1.392922      1.172484      1.805524      1.128072      1.121092      1.128438      1.068252 
     1.450887      1.301450      1.442567      1.352331      1.203322      1.504881      1.110411      1.073724      1.141945      1.174927 
     1.632489      1.282846      1.412302      1.343662      1.296756      1.533214      0.992403      1.070800      1.093477      1.197221 
     1.572861      1.279743      1.421150      1.396899      1.247099      1.381504      1.176110      1.224183      1.072781      1.187946 
     1.528385      1.493507      1.461895      1.373007      1.197751      1.551307      1.107660      1.093987      1.068234      1.141671 
     1.441395      1.434843      1.475571      1.273395      1.190992      1.630884      1.136854      1.170613      1.119011      1.115137 
     1.469883      1.354823      1.449991      1.521949      1.131200      1.515731      1.149685      1.109209      1.178746      1.191747 
     1.406259      1.394066      1.529093      1.427830      1.231791      1.502210      1.216910      1.008054      1.117555      1.170833 
     1.591003      1.368409      1.467768      1.438505      1.193311      1.573757      1.109180      1.064876      1.085157      1.176448 
     1.415536      1.313580      1.491106      1.419199      1.213844      1.532937      1.176713      1.117595      1.184465      1.116473 
     1.366351      1.381731      1.528688      1.305071      1.155834      1.622600      1.258845      1.050169      1.136127      1.114945 
     1.441978      1.538456      1.399043      1.324107      1.175315      1.648905      1.076938      1.204477      1.185570      1.022840 
     1.533977      1.487434      1.547477      1.387762      1.236531      1.535546      1.127816      1.099092      1.186405      1.071612 
     1.538694      1.354005      1.457762      1.275082      1.239147      1.521177      1.049237      1.112951      1.117359      1.109949 
     1.422465      1.336376      1.422420      1.338054      1.270975      1.513380      1.132865      1.153868      1.134083      1.073760 
     1.391783      1.440877      1.419290      1.238717      1.183582      1.419674      1.110446      1.109529      1.159752      1.241568 
     1.483784      1.348623      1.523846      1.449174      1.233944      1.517760      1.053678      1.106721      1.194816      1.262663 
     1.368469      1.492824      1.557137      1.303198      1.309253      1.440633      1.228851      1.183646      1.219758      1.088596 
     1.467560      1.454569      1.468753      1.237031      1.246954      1.790198      1.028849      1.012903      1.141836      1.088645 
     1.378142      1.256225      1.584557      1.351973      1.244982      1.566768      1.101041      1.072323      1.131407      1.201608 
     1.428125      1.343846      1.453123      1.422833      1.193645      1.476891      1.197530      1.064815      1.049561      1.145985 
     1.448658      1.372476      1.524337      1.402630      1.180303      1.603963      1.086920      1.107007      1.061444      1.105841 
     1.538092      1.358389      1.389450      1.276419      1.267186      1.563593      1.059946      1.166693      1.114434      1.098326 
     1.366212      1.292167      1.460330      1.389232      1.195244      1.489930      1.065006      1.048135      1.078720      1.200220 
     1.594987      1.327417      1.364847      1.474875      1.228233      1.507858      1.160686      1.276006      1.172615      1.117544 
     1.578635      1.310859      1.403360      1.546841      1.196113      1.478245      1.088941      1.037647      1.097587      1.059191 
     1.524172      1.363724      1.549298      1.379114      1.185165      1.531159      1.318964      1.119175      1.146919      1.102670 
     1.390571      1.268448      1.385544      1.389743      1.219614      1.453695      1.047045      1.137860      1.135157      1.113629 
     1.611117      1.405656      1.494187      1.331296      1.259766      1.555993      1.121340      1.143226      1.063047      1.208951 
     1.496284      1.372220      1.506969      1.334796      1.285029      1.638168      1.108167      1.250337      1.065175      1.120841 
     1.595238      1.329207      1.468245      1.536860      1.175891      1.716073      1.149136      1.154108      1.137641      1.178486 
     1.448606      1.400557      1.360717      1.334782      1.187707      1.545118      1.111718      1.187885      1.111382      1.081044 
     1.589739      1.288850      1.421801      1.322947      1.259862      1.563815      1.251959      1.192396      1.211723      1.066007 
     1.495211      1.465698      1.440920      1.383951      1.250421      1.383902      1.165352      1.171084      1.151455      1.057754 
     1.615725      1.472234      1.436002      1.344549      1.200727      1.550049      1.215092      1.198497      1.176368      1.189931 
     1.473178      1.366778      1.430409      1.350516      1.176036      1.598461      1.131424      1.094254      1.090388      1.195526 
     1.497330      1.488822      1.485804      1.315889      1.137754      1.506892      1.164736      1.285033      1.151183      1.124749 
     1.464843      1.292257      1.552184      1.416363      1.224048      1.571495      1.079643      1.261597      1.143004      1.077447 
     1.508672      1.422020      1.451898      1.334787      1.180137      1.701864      1.092016      1.116868      1.290857      1.055773 
     1.417720      1.459808      1.523986      1.202106      1.273691      1.574090      1.039676      1.232166      1.057207      1.108061 
     1.422798      1.465819      1.517418      1.228988      1.181462      1.551868      1.012450      1.214909      1.109292      1.120301 
     1.446383      1.368046      1.427151      1.442178      1.174981      1.504264      1.127750      1.053015      1.050192      1.245429 
     1.523639      1.445303      1.624256      1.396663      1.211078      1.609777      1.107530      1.173223      1.068465      1.139701 
     1.488259      1.354265      1.390053      1.415333      1.234113      1.464661      1.195044      1.163551      1.245556      1.172079 
     1.428087      1.348749      1.474930      1.303202      1.247775      1.514827      1.089122      1.077281      1.122585      1.196314 
     1.332185      1.395784      1.483769      1.316937      1.150762      1.419713      1.091721      1.093678      1.029685      1.009654 
     1.521818      1.395368      1.500762      1.368438      1.180045      1.564913      1.155852      1.114544      1.083594      1.040167 
     1.360364      1.336265      1.495746      1.498619      1.302494      1.540901      1.083780      1.032836      1.030325      1.137240 
     1.551558      1.238779      1.453871      1.403451      1.270468      1.764502      1.179973      1.224550      1.110953      1.111175 
     1.401258      1.353529      1.457309      1.363480      1.195487      1.494870      1.098342      1.177600      1.108287      1.021924 
     1.442928      1.374820      1.479101      1.363562      1.202888      1.447714      1.069339      1.144171      1.167906      1.050458 
     1.489687      1.361536      1.347398      1.406082      1.161531      1.713691      1.125697      1.096062      1.089478      1.057475 
     1.457534      1.321688      1.394148      1.393588      1.265465      1.526563      1.167789      1.138000      1.098570      1.077230 
     1.435736      1.338345      1.439882      1.399649      1.175318      1.422933      1.128101      1.213105      1.130783      1.078199 
     1.440862      1.359327      1.450665      1.555913      1.224482      1.476427      1.111936      1.018964      1.103487      1.141244 
     1.463956      1.371558      1.400608      1.532364      1.171773      1.537100      1.094993      1.251147      1.145288      1.157512 
     1.507785      1.381264      1.435936      1.335704      1.190388      1.552773      1.198128      1.033545      1.061490      1.166887 
     1.403040      1.395099      1.371403      1.241455      1.209407      1.520555      1.138096      1.091260      1.062389      1.177027 
     1.522272      1.301395      1.677920      1.385512      1.232646      1.552295      1.100373      1.113832      1.122978      1.089295 
     1.510065      1.405956      1.392885      1.364623      1.228399      1.536783      1.138590      1.044583      1.149148      1.118374 
     1.655519      1.423566      1.431968      1.434193      1.177607      1.602416      1.158228      1.105810      1.195031      1.125740 
     1.386024      1.345421      1.462616      1.392376      1.184407      1.476234      1.136287      1.048496      1.126868      1.283506 
     1.606881      1.395100      1.411061      1.251610      1.270253      1.581680      1.023670      1.096659      1.054837      1.205887 
     1.297498      1.475292      1.442887      1.308840      1.282657      1.542444      1.135470      1.086368      1.082514      1.178656 
     1.526944      1.276517      1.502896      1.526655      1.181904      1.580638      1.061126      1.114972      1.128171      1.211785 
     1.432390      1.314198      1.473145      1.398866      1.200596      1.615492      1.076707      1.207218      1.186611      1.112749 
     1.453618      1.329425      1.652955      1.356667      1.177508      1.625620      1.099801      1.122214      1.152459      1.163430 
     1.565017      1.372428      1.572248      1.245564      1.287706      1.612194      1.204645      0.987940      1.149342      1.141267 
     1.509727      1.362340      1.507187      1.455404      1.185558      1.545673      1.133856      1.146687      1.058196      1.196087 
     1.565838      1.387431      1.466645      1.258488      1.196414      1.582285      1.235862      1.154897      1.176970      1.102045 
     1.432247      1.265672      1.554582      1.412380      1.160904      1.475166      1.199838      1.083890      1.124205      1.105940 
     1.415512      1.345421      1.558242      1.339177      1.195186      1.490615      1.408573      1.148889      1.174374      1.050749 
     1.536315      1.343741      1.596239      1.417112      1.226313      1.672609      1.164804      1.069113      1.136238      1.071739 
     1.401295      1.417380      1.437151      1.360317      1.237643      1.546619      1.065957      1.061645      1.064653      1.109607 
     1.402443      1.330538      1.513729      1.425211      1.226673      1.450666      1.161221      1.197746      1.140887      1.038988 
     1.299648      1.387488      1.406292      1.303189      1.139588      1.552228      1.185773      1.173323      1.224488      1.233409 
     1.530679      1.374066      1.417783      1.389482      1.193328      1.622703      1.109745      1.117199      1.142936      1.146002 
     1.479990      1.398343      1.489490      1.371090      1.258986      1.473793      1.131179      1.232543      1.182207      1.119450 
     1.744681      1.338634      1.432837      1.314902      1.234756      1.564897      1.023193      1.031811      1.088381      1.131602 
     1.521208      1.476791      1.345286      1.229360      1.168287      1.581977      1.245036      1.063140      1.178023      1.243891 
     1.467722      1.400111      1.395632      1.376532      1.207187      1.466169      1.127431      1.055901      1.117606      1.152719 
     1.426409      1.483715      1.414576      1.461856      1.164741      1.529145      1.158653      1.172714      1.114357      1.115675 
     1.370016      1.340243      1.396965      1.549862      1.262651      1.480543      1.109968      1.153163      1.127946      1.158659 
     1.457027      1.394754      1.411264      1.308519      1.179261      1.532906      1.113039      1.057701      1.103011      1.200605 
     1.559481      1.504953      1.445098      1.344909      1.218421      1.438543      1.135488      1.303201      1.140243      1.068205 
     1.518906      1.572678      1.415483      1.292050      1.187605      1.571192      1.188473      1.029371      1.096025      1.104590 
     1.456256      1.320618      1.380746      1.443861      1.208060      1.664722      0.945305      1.137499      1.184487      1.077792 
     1.400446      1.388402      1.393283      1.335037      1.177236      1.407327      1.150608      1.134780      1.174315      1.082182 
     1.580519      1.407077      1.516419      1.256588      1.240977      1.566825      1.134840      1.098012      1.126567      1.206569 
     1.459384      1.279512      1.425981      1.361019      1.182371      1.622433      1.084137      1.212377      1.114645      1.151533 
     1.683299      1.416503      1.531423      1.432683      1.193350      1.527939      1.054230      1.059748      1.067398      1.169654 
     1.390799      1.327827      1.531372      1.400255      1.194962      1.487889      1.102373      1.201211      1.143526      1.040870 
     1.507522      1.269505      1.450907      1.503980      1.223646      1.479584      1.238466      1.211829      1.189841      1.023114 
     1.305725      1.354924      1.483327      1.364046      1.251107      1.642173      1.206475      1.248211      1.134304      1.065373 
     1.538919      1.496967      1.551790      1.435398      1.184339      1.467728      1.183628      1.101001      1.120528      1.062906 
     1.431141      1.435451      1.579624      1.236025      1.214408      1.566734      1.204031      1.102005      1.031833      1.180876 
     1.553082      1.275051      1.593797      1.330919      1.202836      1.686437      1.082453      1.187363      1.084591      1.147030 
     1.577016      1.263577      1.469507      1.373882      1.255650      1.670689      1.030010      1.284304      1.101352      1.099753 
     1.528911      1.405991      1.553368      1.394975      1.193742      1.576618      1.130591      1.075450      1.269947      1.051497 
     1.440202      1.255061      1.522953      1.456583      1.185833      1.548870      1.152277      1.185242      1.081206      1.068264 
     1.377968      1.346756      1.452812      1.413087      1.174611      1.491814      1.078049      1.285222      1.099157      1.128051 
     1.537614      1.419089      1.567869      1.269799      1.232471      1.499208      1.441324      1.126504      1.101767      1.189841 
     1.506688      1.408011      1.629381      1.331409      1.208463      1.594173      1.075230      1.148609      1.170820      1.178989 
     1.406974      1.307944      1.412969      1.424795      1.272390      1.466969      1.209185      1.155269      1.222207      1.133692 
     1.483257      1.456790      1.421060      1.354296      1.215527      1.603104      1.089453      1.064703      1.082561      1.177476 
     1.324308      1.348116      1.414757      1.357208      1.157210      1.592594      1.168104      1.131503      1.041253      1.084386 
     1.458480      1.382823      1.418140      1.371073      1.175290      1.651131      1.117322      1.125578      1.090720      1.154238 
     1.531550      1.375526      1.479547      1.331380      1.212409      1.481805      1.101461      0.990786      1.127102      1.237299 
     1.609635      1.382453      1.475378      1.379380      1.262942      1.482280      1.159874      1.134795      1.124071      1.024153 
     1.506368      1.269556      1.414760      1.418624      1.139330      1.555158      1.080970      1.213268      1.083544      1.054648 
     1.531847      1.339975      1.360041      1.491648      1.213935      1.517513      1.127556      1.178076      1.067187      1.089096 
     1.479870      1.479951      1.433594      1.430499      1.163421      1.431584      1.142710      1.080137      1.099611      1.093593 
     1.387523      1.406269      1.471521      1.444797      1.280672      1.415757      1.140772      1.134656      1.093829      1.085755 
     1.449671      1.290252      1.371577      1.448090      1.205173      1.536095      1.161786      1.140538      1.130261      1.068795 
     1.419912      1.519478      1.460188      1.327807      1.209996      1.511840      1.216445      1.063232      1.138991      1.110416 
     1.551352      1.264659      1.561956      1.429779      1.194540      1.621332      1.024233      1.177844      1.128844      1.125377 
     1.495888      1.356553      1.452598      1.465064      1.228380      1.445010      0.937331      1.130951      1.044696      1.204409 
     1.430058      1.322846      1.401390      1.457566      1.177872      1.527580      1.044659      1.126739      1.060759      1.148980 
     1.442058      1.337841      1.591082      1.399145      1.259878      1.590223      1.079765      1.138859      1.080779      1.026200 
     1.502871      1.324173      1.472887      1.330497      1.189809      1.427262      1.082826      1.058628      1.098139      1.143143 
     1.569495      1.410031      1.484124      1.417063      1.190510      1.476706      1.150316      1.132048      1.314338      1.041808 
     1.549422      1.503681      1.443784      1.259640      1.188292      1.492698      1.120875      1.069201      1.075076      1.239445 
     1.440745      1.332802      1.457705      1.468573      1.205676      1.610560      1.062184      1.171317      1.026948      1.200380 
     1.463988      1.264897      1.466698      1.306906      1.224643      1.730255      1.121176      1.060282      1.173518      1.070102 
     1.408158      1.527181      1.535477      1.410175      1.197485      1.505161      1.041306      1.186404      1.120559      1.157083 
     1.386640      1.322351      1.615899      1.367385      1.216674      1.478963      1.045885      1.138697      1.155838      1.073396 
     1.485638      1.312315      1.462171      1.290357      1.176341      1.783822      1.209567      1.095004      1.187142      1.188703 
     1.434982      1.331678      1.377901      1.300273      1.263681      1.752368      1.200215      0.982521      1.144545      1.151384 
     1.399816      1.448197      1.548791      1.314080      1.232958      1.542389      1.108078      1.184184      1.017408      1.189406 
     1.509785      1.337728      1.476459      1.327304      1.172052      1.541015      1.157254      1.021416      1.195668      1.157766 
     1.407674      1.504077      1.360668      1.323056      1.220576      1.446507      1.167021      0.985258      1.136382      1.088860 
     1.408710      1.303667      1.476090      1.368670      1.225545      1.598025      1.466024      1.095872      1.179196      1.087898 
     1.445450      1.394471      1.630862      1.308997      1.173472      1.605547      1.134996      1.099527      1.030866      1.084637 
     1.490002      1.348078      1.385360      1.313655      1.251414      1.532446      1.037639      1.096708      1.091334      1.165073 
     1.534095      1.408754      1.447237      1.434708      1.195794      1.576644      1.190219      1.236457      1.121216      1.054490 
     1.464013      1.378937      1.498531      1.287758      1.186576      1.567759      1.077789      1.101981      1.080702      1.071627 
     1.449010      1.324639      1.475860      1.430192      1.174093      1.490495      1.153859      1.065895      1.133865      1.119034 
     1.640770      1.398426      1.421667      1.312417      1.182792      1.458989      1.125884      1.220398      1.125113      1.009032 
     1.554952      1.501203      1.439068      1.442358      1.263625      1.385353      1.114528      1.083298      1.045649      1.128751 
     1.630771      1.290146      1.423208      1.308863      1.160099      1.634940      1.147442      1.092347      1.141112      1.195438 
     1.527213      1.374759      1.395831      1.318970      1.221081      1.596288      1.082889      1.084493      1.223867      1.134009 
     1.561089      1.431006      1.495966      1.489099      1.189361      1.325998      1.123772      1.155387      1.099331      1.131221 
     1.570307      1.362192      1.559648      1.368093      1.275269      1.348846      1.141931      1.087750      1.122134      1.140253 
     1.526221      1.338131      1.425349      1.294351      1.213719      1.706544      1.083134      1.132362      1.275420      1.184230 
     1.427414      1.305526      1.562000      1.470637      1.183106      1.595168      1.065243      1.172602      1.077978      1.139880 
     1.539534      1.297188      1.591886      1.410749      1.200044      1.567081      1.245682      1.202053      1.112578      1.105351 
     1.525911      1.420707      1.485433      1.324318      1.222892      1.514718      1.098932      1.102202      1.190577      1.015290 
     1.462887      1.417201      1.443377      1.384259      1.202066      1.551942      1.191677      1.077558      1.111114      1.142459 
     1.442096      1.383834      1.454280      1.410676      1.274519      1.553129      1.126897      1.091189      1.237869      1.194088 
     1.395015      1.406288      1.496209      1.291052      1.164701      1.511269      1.150546      1.163355      1.145365      1.111800 
     1.396490      1.430512      1.407771      1.431356      1.204774      1.470338      1.166213      1.134189      1.090241      1.200098 
     1.494751      1.321792      1.457542      1.493611      1.210895      1.569698      1.107663      1.164585      1.150518      1.036338 
     1.302654      1.554146      1.588112      1.374921      1.192252      1.569280      1.234854      1.165937      1.269569      1.136795 
     1.577940      1.307007      1.469876      1.244028      1.208596      1.677281      1.258165      1.262326      1.100723      1.156415 
     1.365147      1.475340      1.415354      1.445240      1.194992      1.485781      1.234607      1.166680      1.121233      1.077883 
     1.433231      1.408691      1.561448      1.323848      1.251415      1.424230      1.199656      1.096286      1.087161      1.151860 
     1.380366      1.331016      1.346205      1.426226      1.179727      1.841952      1.132235      1.197215      1.077365      1.087385 
     1.301959      1.367980      1.364160      1.378362      1.236497      1.828875      1.088936      1.266004      1.105962      1.077666 
     1.440574      1.297206      1.394582      1.490303      1.237695      1.484958      1.144918      1.066160      1.129479      1.097126 
     1.446391      1.459342      1.528516      1.264226      1.161250      1.482901      1.055876      1.258075      1.138404      1.137427 
     1.494156      1.414305      1.362894      1.353654      1.190184      1.475485      1.109772      1.228606      1.081092      1.123383 
     1.434266      1.284401      1.404976      1.393971      1.198876      1.575685      1.067720      1.261120      1.109423      1.151609 
     1.455932      1.278154      1.461327      1.435864      1.187237      1.508134      1.146718      1.069379      1.194505      1.237861 
     1.473350      1.301176      1.404057      1.384046      1.297953      1.543709      1.220785      1.162646      1.117155      1.118726 
     1.575389      1.344718      1.509284      1.435918      1.167552      1.546019      1.056570      1.013760      1.125436      1.173508 
     1.623851      1.325562      1.551118      1.238277      1.225896      1.535413      1.123845      1.106328      1.187319      1.227352 
     1.368754      1.363946      1.540359      1.282820      1.207118      1.490489      1.107426      1.202238      1.166876      1.044712 
     1.580803      1.231928      1.377709      1.462654      1.207401      1.625898      1.077837      0.989696      1.133375      1.218844 
     1.324460      1.408232      1.526659      1.505216      1.233063      1.447278      1.077733      1.118577      1.190964      1.134968 
     1.539261      1.382050      1.561858      1.296840      1.193234      1.564582      1.171234      1.182496      1.101526      1.070475 
     1.512414      1.318514      1.434587      1.331210      1.227069      1.492435      1.212369      1.119150      1.034259      1.141918 
     1.580672      1.310647      1.636569      1.347220      1.221168      1.436673      1.124163      1.058823      1.177357      1.113420 
     1.582210      1.337367      1.570092      1.348209      1.245448      1.445203      1.058645      1.283837      1.088891      1.083043 
     1.468464      1.412082      1.602668      1.274592      1.258373      1.615424      1.193854      1.057344      1.028871      1.065114 
     1.521203      1.397763      1.484505      1.448628      1.139289      1.522932      1.097092      1.143714      1.240029      1.157129 
     1.401480      1.483234      1.546100      1.300693      1.229529      1.613013      1.005990      1.055234      1.128132      1.163412 
     1.544347      1.427728      1.529647      1.395094      1.235839      1.498643      1.351658      1.052326      1.044304      1.224475 
     1.534532      1.377864      1.595685      1.339065      1.207073      1.583841      1.056129      1.156287      1.146092      1.056097 
     1.424624      1.312145      1.536797      1.432824      1.288757      1.491824      1.102008      1.105192      1.020031      1.034019 
     1.349978      1.390905      1.514522      1.422776      1.168927      1.505224      1.117879      1.236277      1.072035      1.140536 
     1.389205      1.392667      1.422426      1.495542      1.216811      1.522313      1.095813      1.114869      1.146658      1.114125 
     1.625009      1.415127      1.456811      1.332688      1.253023      1.610591      1.120370      1.155298      1.080675      1.195880 
     1.472664      1.500538      1.549294      1.339568      1.195560      1.447582      1.134506      1.239246      1.002832      1.146498 
     1.703897      1.287614      1.417671      1.424300      1.197041      1.585691      1.124190      1.059348      1.123770      1.073738 
     1.511913      1.304461      1.367122      1.462141      1.189653      1.497548      1.047975      1.052681      1.149024      1.248537 
     1.464186      1.366822      1.451666      1.387379      1.274412      1.572181      1.088258      1.125209      1.139035      1.096502 
     1.452145      1.533709      1.369252      1.364689      1.188039      1.579389      1.212935      1.188263      1.178974      1.151512 
     1.438340      1.384806      1.496858      1.310895      1.212844      1.670646      1.137108      1.032019      1.107078      1.134475 
     1.450725      1.344277      1.413186      1.438872      1.218810      1.387376      1.114603      1.118997      1.163166      1.227561 
     1.447041      1.376137      1.421479      1.377659      1.140045      1.568587      1.158597      1.017218      1.148853      1.058402 
     1.534611      1.253924      1.473354      1.435355      1.222673      1.450474      1.264649      1.098203      1.155216      1.119029 
     1.409562      1.375709      1.386261      1.282951      1.203349      1.597467      1.011420      1.116685      1.145223      1.157033 
     1.375998      1.453162      1.465011      1.331392      1.173686      1.528007      1.087176      1.189214      1.092664      1.031723 
     1.519083      1.340372      1.449051      1.320924      1.295431      1.670021      1.029595      1.081196      1.166515      1.161741 
     1.524393      1.434877      1.537808      1.318570      1.157855      1.548818      1.151024      1.197767      1.091959      1.054215 
     1.554734      1.319856      1.465737      1.323423      1.198124      1.566508      1.123071      1.118720      1.049304      0.988292 
     1.371084      1.347743      1.449416      1.332109      1.267058      1.469983      1.091829      1.004963      1.077692      1.211749 
     1.579554      1.360837      1.355675      1.425415      1.184856      1.488021      1.103317      1.175805      1.231956      1.064687 
     1.293245      1.566483      1.566114      1.284147      1.200541      1.436002      1.206291      1.180595      1.090455      1.102713 
     1.385883      1.438355      1.591753      1.327797      1.222179      1.622984      1.053902      1.135918      1.133773      1.096820 
     1.512028      1.272731      1.492625      1.312018      1.252381      1.560988      1.018040      1.101808      1.183712      1.124146 
     1.558855      1.297509      1.422499      1.354090      1.208742      1.549243      1.068942      1.205280      1.069914      1.104919 
     1.452358      1.400869      1.377654      1.421628      1.201636      1.585602      1.205428      1.065520      1.122135      1.138931 
     1.495253      1.285965      1.637656      1.376816      1.239186      1.627960      1.044750      1.180399      1.179889      1.134885 
     1.496707      1.447974      1.630105      1.360720      1.169879      1.567526      1.205364      1.148015      1.063629      1.090962 
     1.393989      1.398346      1.420525      1.410276      1.247880      1.602892      1.221856      1.199133      1.097028      1.087557 
     1.540067      1.316678      1.486141      1.416574      1.215104      1.674738      1.162379      1.149125      1.182165      1.031587 
     1.559152      1.303875      1.618511      1.374352      1.207494      1.554889      1.162972      1.120018      1.078320      1.224391 
     1.486265      1.385439      1.402637      1.306030      1.323280      1.462340      1.123627      1.115621      1.211769      1.150708 
     1.458790      1.361319      1.341365      1.396437      1.178467      1.529860      1.116634      0.987759      1.166665      1.119269 
     1.436522      1.551979      1.516317      1.350030      1.188961      1.491817      1.110933      1.163677      1.149647      1.159894 
     1.494960      1.391088      1.585250      1.396211      1.278273      1.512623      1.128903      1.115656      1.087872      1.067919 
     1.485612      1.368849      1.584087      1.414636      1.163508      1.505461      1.157137      1.047805      1.251756      1.053713 
     1.705639      1.319436      1.377562      1.382493      1.212982      1.635364      1.124747      1.122836      1.113070      1.227382 
     1.559215      1.314567      1.413991      1.445049      1.172230      1.485077      1.172677      1.186182      1.087535      1.042525 
     1.490463      1.365913      1.432968      1.354310      1.240661      1.542216      1.194821      1.135814      1.145391      1.131609 
     1.414634      1.389638      1.621516      1.433606      1.240930      1.451304      1.155500      1.109437      1.111649      1.090233 
     1.518831      1.319218      1.612064      1.379343      1.177136      1.476681      1.128011      1.282730      1.125019      1.129111 
     1.428042      1.494148      1.318369      1.307825      1.222234      1.512233      1.133395      1.141348      1.118200      1.067892 
     1.389347      1.269970      1.360769      1.439580      1.183352      1.476507      1.107629      1.213199      1.139753      1.169116 
     1.440802      1.380836      1.551268      1.246514      1.269292      1.586870      1.002768      1.125024      1.086432      1.071119 
     1.348839      1.316670      1.444838      1.365909      1.189931      1.438720      1.345625      1.097552      1.133036      1.024171 
     1.412946      1.456901      1.312786      1.451053      1.189595      1.484704      1.163476      1.069352      1.133161      1.210612 
     1.374110      1.377293      1.535578      1.430485      1.287662      1.531916      1.186124      1.151647      1.117550      1.086988 
     1.418516      1.376839      1.560676      1.438746      1.172487      1.588534      1.103652      1.164365      1.157091      1.162014 
     1.491958      1.340222      1.392859      1.392557      1.168890      1.540278      1.143257      1.111607      1.189912      1.278749 
     1.440854      1.308089      1.336254      1.295742      1.307572      1.531254      1.143926      1.276564      1.198119      1.075777 
     1.404639      1.341160      1.427899      1.389516      1.180146      1.612140      1.124370      1.112909      1.052458      1.147994 
     1.314366      1.328247      1.620583      1.424972      1.180692      1.523185      1.049375      1.158009      1.164586      1.101968 
     1.391943      1.441560      1.568686      1.328815      1.223831      1.502002      1.190998      1.117040      1.140473      1.139496 
     1.402051      1.399956      1.433072      1.300227      1.236855      1.543981      1.229437      1.092999      1.047593      1.150865 
     1.449986      1.314361      1.345137      1.392474      1.211343      1.626773      1.190350      1.172448      1.211531      1.239022 
     1.338759      1.366507      1.337226      1.458819      1.151115      1.658694      1.022035      1.228691      1.136432      1.126791 
     1.372630      1.403667      1.707761      1.343254      1.233482      1.572807      1.240027      1.079863      1.079143      1.099652 
     1.513227      1.457353      1.583107      1.438634      1.189247      1.507272      0.997678      1.134615      1.255938      1.161316 
     1.582243      1.287981      1.354748      1.444009      1.249736      1.487241      1.074811      1.079256      1.144874      1.138699 
     1.518893      1.406636      1.466691      1.426525      1.209109      1.595474      1.095365      1.157171      1.068584      1.211827 
     1.425435      1.395042      1.666201      1.303917      1.206872      1.655857      1.107643      1.121730      1.141046      1.024850 
     1.528623      1.323986      1.380720      1.361436      1.283372      1.486817      1.166141      1.131993      1.023088      1.098782 
     1.520622      1.377470      1.400014      1.327757      1.214113      1.456202      1.120992      1.251669      1.075204      1.112625 
     1.457730      1.554809      1.544226      1.348254      1.192057      1.486967      1.147633      1.061217      1.077944      1.108337 
     1.537919      1.398867      1.524978      1.331352      1.296533      1.631434      1.106100      1.088614      1.107808      1.096849 
     1.542363      1.457526      1.441475      1.386557      1.184443      1.532503      1.140215      1.224734      1.035355      1.197579 
     1.662006      1.359208      1.441797      1.444343      1.183992      1.515794      1.205948      1.155751      1.144840      1.069713 
     1.672902      1.377549      1.355902      1.389160      1.202490      1.574990      1.105503      1.041288      1.150171      1.209813 
     1.552012      1.379068      1.487322      1.337748      1.221027      1.470261      1.080510      1.087886      1.090615      1.119663 
     1.538173      1.397293      1.582482      1.289490      1.285825      1.430141      1.152815      1.014411      1.123970      1.084731 
     1.557708      1.391592      1.555833      1.436200      1.176422      1.457130      1.127907      1.050696      1.117759      1.091222 
     1.536012      1.399262      1.340411      1.425143      1.251637      1.605270      1.111615      1.088802      1.085116      1.198273 
     1.468250      1.315394      1.379127      1.254162      1.231629      1.595162      1.180485      1.074143      1.112758      1.100584 
     1.359519      1.338847      1.556408      1.385906      1.258321      1.586678      1.276908      1.117865      1.138072      1.165149 
     1.485496      1.363309      1.504412      1.299098      1.200374      1.447219      1.084738      1.113881      1.172331      1.225077 
     1.543277      1.306135      1.371389      1.419930      1.217847      1.485929      1.061656      1.199566      1.116534      1.088516 
     1.420447      1.399714      1.457643      1.346235      1.234615      1.638309      1.042053      1.074897      1.155983      1.166841 
     1.439649      1.354204      1.540418      1.480726      1.257114      1.506472      1.103844      1.087104      1.065961      1.090538 
     1.417580      1.427267      1.462347      1.311869      1.184997      1.575722      1.133563      1.147796      1.052579      0.997003 
     1.409451      1.323900      1.424586      1.276972      1.276772      1.435888      1.062445      1.064029      1.051487      1.218064 
     1.402321      1.333612      1.534110      1.295384      1.196236      1.563233      1.090919      1.110798      1.225499      1.126791 
     1.455390      1.448007      1.708372      1.289546      1.175850      1.471406      1.179737      1.098979      1.133148      1.052481 
     1.334372      1.325878      1.615798      1.371023      1.210516      1.526844      1.049596      1.194404      1.071503      1.135476 
     1.376583      1.307837      1.423701      1.401872      1.230005      1.633941      1.046675      1.102175      1.204304      1.100431 
     1.522115      1.304971      1.371433      1.413593      1.237298      1.673541      1.092957      1.209502      1.082332      1.168076 
     1.422691      1.325921      1.412739      1.429128      1.161383      1.600084      1.253005      1.072003      1.105404      1.123836 
     1.418260      1.448965      1.499024      1.272299      1.276484      1.509451      1.024805      1.151945      1.146575      1.181971 
     1.474720      1.417423      1.654747      1.445471      1.285819      1.555641      1.218794      1.100796      1.018078      1.078493 
     1.565118      1.344183      1.421298      1.383509      1.268055      1.406670      1.183270      1.122923      1.097977      1.100278 
     1.493188      1.381376      1.406824      1.430498      1.203808      1.704526      1.338840      1.092869      1.108015      1.079911 
     1.410366      1.411730      1.415934      1.433868      1.264079      1.618152      1.084124      1.139590      1.118425      1.244679 
     1.412275      1.354821      1.498103      1.379068      1.210835      1.544348      1.169400      1.116199      1.201305      1.145412 
     1.461851      1.309228      1.469240      1.285420      1.227016      1.556657      1.139463      1.005467      1.158879      1.091494 
     1.578755      1.286721      1.421009      1.462169      1.246041      1.569077      1.103358      1.176183      1.102043      1.221354 
     1.476112      1.345232      1.531067      1.428158      1.313428      1.563186      1.123102      1.281667      1.153134      1.129668 
     1.525887      1.509774      1.397202      1.378694      1.245722      1.604307      1.165333      1.051085      1.210065      1.047847 
     1.369020      1.483278      1.383439      1.397557      1.134474      1.633015      1.041032      1.224001      1.086237      1.115667 
     1.602999      1.349055      1.394254      1.393243      1.262991      1.633355      1.183635      1.220733      1.043175      1.025556 
     1.544288      1.328302      1.465388      1.391372      1.203402      1.611932      1.186741      1.181355      1.155793      1.107986 
     1.475960      1.306468      1.568805      1.398526      1.267516      1.401007      1.070137      1.152778      1.087872      1.250058 
     1.412422      1.460845      1.493851      1.450697      1.235092      1.486758      1.117307      1.236334      1.115339      1.147687 
     1.547655      1.227179      1.490267      1.539499      1.282856      1.524028      1.078503      1.184596      1.151330      1.066972 
     1.445703      1.268696      1.345225      1.297745      1.230363      1.490451      1.097620      1.179500      1.202603      1.144739 
     1.434349      1.317298      1.489050      1.366804      1.256160      1.668591      0.992356      1.104896      1.074098      1.081682 
     1.379341      1.444068      1.490416      1.267167      1.217995      1.500350      1.023364      1.175841      1.096538      1.022789 
     1.538630      1.290045      1.577563      1.264187      1.253534      1.426407      1.142959      1.045094      1.137825      1.141686 
     1.554405      1.394385      1.455906      1.337146      1.210221      1.515375      1.164391      1.143914      1.122508      1.063210 
     1.476647      1.451837      1.557226      1.347544      1.288296      1.479748      1.169804      1.261189      1.175306      1.108431 
     1.345990      1.459729      1.491639      1.322850      1.247905      1.523511      1.066723      1.118211      1.223181      1.243964 
     1.430278      1.270846      1.407731      1.373863      1.242161      1.536146      1.130862      1.117118      1.175123      1.062120 
     1.426717      1.249329      1.507614      1.320557      1.229821      1.431261      1.134605      1.090629      1.110364      1.072383 
     1.646665      1.292657      1.529017      1.425313      1.173741      1.518837      1.170477      1.085385      1.218074      1.235076 
     1.437026      1.435114      1.457671      1.305791      1.244380      1.480483      1.211316      1.033401      1.088687      1.130142 
     1.413081      1.416578      1.469888      1.301634      1.202328      1.473080      1.216337      1.152680      1.071071      1.116688 
     1.487874      1.353391      1.389457      1.374723      1.264727      1.675140      1.092747      1.066777      1.215433      1.070224 
     1.544610      1.297619      1.481658      1.243909      1.214123      1.573755      1.023610      1.212176      1.114541      1.116415 
     1.426690      1.370397      1.452297      1.405675      1.217365      1.469755      1.176115      1.096672      1.114458      1.065235 
     1.484708      1.455105      1.782667      1.347953      1.287997      1.631887      1.055137      1.194391      1.195861      1.192685 
     1.527357      1.354592      1.444613      1.370323      1.275316      1.438900      1.199785      1.145815      1.135548      1.156004 
     1.580029      1.298866      1.471283      1.392548      1.223955      1.501175      1.175610      1.178462      1.097291      1.147325 
     1.491394      1.341926      1.344100      1.491820      1.260126      1.672689      1.177763      1.064607      1.149064      1.110929 
     1.396344      1.470263      1.462265      1.346308      1.169796      1.589206      1.123228      1.155628      1.063397      1.111046 
     1.403461      1.295860      1.405076      1.321189      1.237863      1.626440      1.098723      1.202402      1.091036      1.102868 
     1.612473      1.304704      1.410134      1.332030      1.249110      1.581498      1.200681      1.062276      1.106903      1.043204 
     1.477141      1.402351      1.494983      1.334722      1.282666      1.531185      1.145310      1.028811      1.115720      1.111838 
     1.491814      1.361707      1.576704      1.411937      1.292454      1.615668      1.120768      1.174818      1.056250      1.140758 
     1.421294      1.421135      1.593666      1.393365      1.151244      1.526317      1.285058      1.092523      1.095625      1.093289 
     1.479166      1.282863      1.590518      1.343446      1.312036      1.566298      1.064841      1.145431      1.175581      1.217916 
     1.491077      1.400236      1.438278      1.363201      1.206464      1.633711      1.047841      1.044367      1.049386      1.153416 
     1.460636      1.377996      1.346331      1.373180      1.247908      1.578124      1.204526      1.177835      1.149101      1.069509 
     1.358497      1.519290      1.422537      1.484431      1.283445      1.469399      1.289397      1.053240      1.119849      1.078513 
     1.488439      1.425875      1.556743      1.403254      1.284940      1.581458      1.169140      1.045180      1.118855      1.175510 
     1.439888      1.277442      1.291400      1.365298      1.246665      1.440312      1.204667      1.078242      1.044873      1.101835 
     1.438174      1.340417      1.463886      1.317042      1.251407      1.624519      1.247204      1.141612      1.154631      1.141604 
     1.336481      1.346017      1.413895      1.451595      1.217546      1.518214      1.337127      1.075949      1.115643      1.243202 
     1.405117      1.304138      1.570514      1.250401      1.271129      1.627473      1.112154      1.158917      1.107628      1.085235 
     1.515553      1.259323      1.471004      1.459557      1.159852      1.527357      1.056019      1.065032      1.183863      1.179795 
     1.569545      1.395986      1.482528      1.369029      1.256418      1.460343      1.047474      1.061751      1.056491      1.104200 
     1.402676      1.362790      1.463270      1.404252      1.303859      1.474033      1.125002      1.155930      1.047509      1.072977 
     1.417490      1.396233      1.444593      1.300960      1.213131      1.563074      1.089670      1.209646      1.064082      1.225583 
     1.444012      1.319011      1.422236      1.291273      1.243103      1.500112      1.123803      1.184034      1.193919      1.174690 
     1.646768      1.387122      1.397773      1.408988      1.164774      1.549059      0.993957      1.127991      1.117417      1.093979 
     1.458242      1.366521      1.474011      1.336051      1.273703      1.556419      1.064761      1.228094      1.136916      1.133989 
     1.478231      1.342883      1.425889      1.329295      1.195187      1.446078      1.097659      1.099413      1.164355      1.114482 
     1.430711      1.348148      1.649178      1.298517      1.290140      1.598482      1.110546      1.128183      1.117122      1.246281 
     1.567881      1.221420      1.499443      1.231993      1.260185      1.571659      1.159103      1.018160      1.131868      1.113001 
     1.456741      1.253106      1.401421      1.446227      1.303412      1.462486      1.107576      1.095111      1.078557      1.178751 
     1.484196      1.396463      1.786074      1.278090      1.249423      1.657798      1.214648      1.071141      1.173994      1.095593 
     1.447797      1.315741      1.472208      1.460468      1.239355      1.514236      1.052722      1.056011      1.088942      1.093471 
     1.651800      1.384377      1.558352      1.329692      1.196467      1.432887      1.002560      1.073436      1.097432      1.127170 
     1.626513      1.385112      1.478686      1.364110      1.281276      1.444665      1.038590      1.192614      1.103930      1.165869 
     1.473096      1.382581      1.471667      1.423745      1.156464      1.556346      1.197115      1.150642      1.161756      1.161056 
     1.371822      1.339608      1.490536      1.339735      1.251490      1.560935      1.132468      1.088477      1.117122      1.150926 
     1.564006      1.341097      1.422849      1.294953      1.270013      1.712516      1.062426      1.116455      1.138321      1.287104 
     1.519769      1.415761      1.437512      1.359669      1.196396      1.492380      1.133921      1.234050      1.121479      1.158039 
     1.470316      1.421108      1.642266      1.328595      1.267832      1.631151      1.099447      1.064922      1.183075      1.131708 
     1.368379      1.428495      1.557975      1.349512      1.149885      1.570473      1.138541      1.184967      1.156090      1.094462 
     1.450484      1.355917      1.464410      1.310085      1.281503      1.542804      1.149921      1.178402      1.078403      1.025928 
     1.461622      1.367323      1.501015      1.378142      1.206700      1.681395      1.192019      1.174150      1.214709      1.138649 
     1.495702      1.350396      1.352172      1.393329      1.284720      1.624642      1.073495      1.128806      1.054240      1.171726 
     1.446137      1.504708      1.534264      1.455197      1.268916      1.490784      1.000398      1.213339      1.096153      1.132485 
     1.436819      1.458231      1.582581      1.287960      1.273927      1.636044      1.061853      1.193377      1.157731      1.048915 
     1.374789      1.333146      1.342229      1.411199      1.281662      1.479832      1.080919      1.172772      1.236792      1.112120 
     1.518413      1.346136      1.433420      1.348289      1.210068      1.534817      1.042775      1.136461      1.118243      1.106160 
     1.430816      1.462771      1.478975      1.305864      1.211953      1.631096      1.189958      1.134921      1.105357      1.001556 
     1.304549      1.339405      1.494052      1.354633      1.271350      1.615044      1.107485      1.111726      1.075550      1.165587 
     1.549802      1.572166      1.409162      1.297932      1.165239      1.471343      1.158608      1.120900      1.068501      1.064241 
     1.416159      1.304583      1.460560      1.356877      1.242301      1.610497      1.183701      1.224694      1.184874      1.137987 
     1.573444      1.341455      1.465876      1.317534      1.306625      1.456402      1.149823      1.131344      1.164161      1.190363 
     1.416409      1.358230      1.515741      1.470637      1.173214      1.557057      1.097199      1.038976      1.136558      1.039298 
     1.430542      1.267491      1.300821      1.393355      1.240692      1.695617      1.153199      1.068264      1.054686      1.038514 
     1.582577      1.370195      1.331037      1.452304      1.134576      1.660723      1.304570      1.099376      1.135527      1.136809 
     1.566398      1.331373      1.443251      1.343069      1.333024      1.571285      1.200809      0.998240      1.086142      1.166073 
     1.436330      1.335442      1.404136      1.412067      1.200016      1.450068      1.136059      1.163966      1.121143      1.072062 
     1.420820      1.308369      1.465054      1.368354      1.297201      1.502122      1.241869      1.114822      1.154431      1.043859 
     1.391862      1.306631      1.366076      1.371820      1.203280      1.632207      1.241466      1.255467      1.087709      1.123229 
     1.446841      1.390775      1.374814      1.327921      1.294049      1.538975      1.114032      1.184115      1.141193      1.103294 
     1.533191      1.306826      1.664856      1.375456      1.257752      1.570365      1.001987      1.200935      1.087672      1.075824 
     1.393011      1.454722      1.493513      1.388356      1.200083      1.637467      1.186935      1.219689      1.095861      1.177338 
     1.553580      1.333072      1.362207      1.460613      1.223641      1.594404      1.337888      1.167324      1.145208      1.110417 
     1.722486      1.310123      1.547025      1.332209      1.279074      1.434872      1.176360      1.044055      1.097864      1.099736 
     1.582616      1.293088      1.501116      1.470903      1.157456      1.529530      1.100781      1.181035      1.111781      1.091477 
     1.555992      1.397186      1.434122      1.321540      1.278668      1.458862      1.156191      1.163371      1.113953      1.080716 
     1.391374      1.341981      1.438365      1.394746      1.304250      1.649133      1.162657      1.079787      1.076077      0.966981 
     1.458819      1.330576      1.423981      1.404385      1.135943      1.533501      1.162452      1.084615      1.183866      1.084837 
     1.491244      1.367303      1.673193      1.403104      1.207117      1.410841      1.167645      1.230686      1.072152      1.166846 
     1.368483      1.391120      1.574277      1.339721      1.163749      1.407048      1.030849      1.086838      1.134654      1.152643 
     1.372094      1.375693      1.454434      1.345950      1.292289      1.502959      1.126062      1.096614      1.102538      1.246461 
     1.475115      1.406390      1.491094      1.299159      1.209447      1.669912      1.060888      1.036868      0.999538      1.102978 
     1.445701      1.341392      1.492175      1.298546      1.298426      1.759637      1.117138      1.098155      1.181024      1.057067 
     1.569361      1.422752      1.715481      1.371459      1.187985      1.496286      1.240503      1.034526      1.141435      1.088800 
     1.464446      1.375333      1.552318      1.382265      1.256987      1.506822      1.162492      1.048037      1.092932      1.146407 
     1.414902      1.466547      1.331497      1.319885      1.296300      1.466678      1.155954      1.100707      1.038033      1.135054 
     1.499284      1.286701      1.463936      1.450627      1.187738      1.379552      1.201673      1.093047      1.099519      1.098326 
     1.521859      1.335949      1.617577      1.340517      1.168439      1.450609      1.063606      1.169828      1.126360      1.224870 
     1.315223      1.346010      1.328223      1.305600      1.257709      1.708077      1.194837      1.172624      1.158189      1.092556 
     1.338233      1.382491      1.475467      1.451309      1.176340      1.578046      1.039350      1.084107      1.192121      1.182659 
     1.401686      1.359437      1.454083      1.308691      1.252425      1.652228      1.037171      1.069350      1.061301      1.078377 
     1.646928      1.297718      1.390171      1.335018      1.281050      1.542736      1.104857      1.129067      1.090922      1.231145 
     1.528826      1.520067      1.513302      1.328679      1.173249      1.507231      1.108776      1.229668      1.054361      1.167184 
     1.423875      1.413621      1.362196      1.325328      1.206410      1.595562      1.055941      1.130658      1.242633      1.236875 
     1.517006      1.460963      1.434588      1.419379      1.182391      1.593205      1.199725      1.119486      1.112862      1.173026 
     1.629658      1.309384      1.520409      1.356649      1.318165      1.629848      1.050329      1.230279      1.105473      1.122218 
     1.477972      1.403624      1.379359      1.311145      1.217230      1.546000      1.130960      1.116057      1.089554      1.180616 
     1.487988      1.366814      1.378394      1.279496      1.278498      1.457786      1.141775      1.161199      1.148560      1.178717 
     1.348258      1.403339      1.275871      1.392228      1.169949      1.597885      1.023608      1.083583      1.130587      1.108247 
     1.437479      1.426542      1.461961      1.251656      1.273548      1.528252      1.128986      1.073371      1.089122      1.210965 
     1.482081      1.391758      1.640261      1.293262      1.224446      1.623850      1.253443      1.044708      1.164325      1.167874 
     1.481510      1.422556      1.503784      1.349976      1.171465      1.603477      1.122739      1.022377      1.113946      1.112666 
     1.353573      1.404760      1.393532      1.459694      1.191607      1.560510      1.037622      1.058476      1.088519      1.196258 
     1.522298      1.358999      1.570839      1.404542      1.277993      1.531399      1.144385      1.190743      1.176858      1.129497 
     1.614758      1.385956      1.494705      1.348808      1.176909      1.538098      1.216178      1.195479      1.121797      1.169782 
     1.527236      1.345701      1.551479      1.423593      1.265571      1.439651      1.144594      1.078841      1.104398      1.144486 
     1.303177      1.415437      1.531482      1.367578      1.307935      1.655118      1.105966      1.172080      1.124051      1.260543 
     1.477158      1.358669      1.389624      1.333419      1.165534      1.464349      1.081384      1.186646      1.096922      1.190366 
     1.514899      1.383567      1.496841      1.406403      1.177536      1.515304      1.105915      1.102886      1.134167      1.023045 
     1.461245      1.308584      1.396744      1.295205      1.222824      1.546955      1.263412      1.214932      1.069608      1.023431 
     1.461558      1.388040      1.403255      1.404420      1.300238      1.512512      1.137167      1.225230      1.124799      1.017846 
     1.423149      1.323204      1.585387      1.390867      1.222344      1.568132      1.176434      1.170377      1.129548      1.171870 
     1.471261      1.369176      1.525352      1.321482      1.321005      1.768082      1.066398      1.117325      1.080087      1.197674 
     1.561346      1.369375      1.702437      1.363717      1.187304      1.605867      1.072398      1.318753      1.133400      1.128180 
     1.517047      1.351265      1.537775      1.463850      1.239823      1.512351      1.087125      1.196224      1.135076      1.063156 
     1.501784      1.379861      1.392410      1.368572      1.253746      1.473831      1.113079      1.135382      1.195695      1.069007 
     1.389217      1.462196      1.429124      1.383797      1.185769      1.503990      1.061393      1.201566      1.175644      1.125610 
     1.563701      1.319568      1.536653      1.395976      1.180577      1.485479      1.304258      1.221692      1.063508      1.035316 
     1.518001      1.317369      1.395017      1.300724      1.227470      1.530292      1.024444      1.073488      1.075149      1.119194 
     1.456795      1.460253      1.408443      1.352765      1.181889      1.433890      1.139417      1.117790      1.060173      1.072501 
     1.434236      1.365931      1.396565      1.291485      1.273729      1.606388      1.199415      1.220321      1.152477      1.157462 
     1.582359      1.235246      1.323544      1.397889      1.258917      1.678128      1.191220      1.110110      1.106341      0.974709 
     1.491247      1.378490      1.527904      1.428475      1.217406      1.605803      1.096696      1.069652      1.100746      1.125846 
     1.409388      1.331715      1.557860      1.301247      1.184644      1.579269      1.191784      1.137985      1.039843      1.076645 
     1.496243      1.419683      1.656327      1.414776      1.236495      1.570972      0.998903      1.093021      1.151024      1.147341 
     1.519148      1.323777      1.531887      1.253777      1.310371      1.521439      1.151740      1.048802      1.163048      1.125664 
     1.493670      1.348571      1.426634      1.368623      1.231331      1.541472      1.099997      1.149404      1.187043      1.049630 
     1.421074      1.359065      1.410400      1.346164      1.258772      1.348846      1.148849      1.085011      1.124475      1.076751 
     1.391601      1.320934      1.293043      1.404633      1.175105      1.421837      1.193041      1.147007      1.110585      1.149443 
     1.418659      1.268941      1.476544      1.385180      1.180393      1.553877      1.089421      1.193097      1.137834      1.068713 
     1.532779      1.398693      1.522940      1.391546      1.278780      1.552957      1.011688      1.215682      1.154685      1.084302 
     1.587183      1.275935      1.518035      1.347592      1.159330      1.598682      1.136111      1.214312      1.108964      1.120899 
     1.398433      1.394950      1.447147      1.333024      1.184933      1.554545      1.293187      1.125624      1.144677      1.133720 
     1.403139      1.446198      1.456507      1.438793      1.228979      1.690221      1.053495      1.062896      1.084998      1.107565 
     1.488825      1.397535      1.480802      1.349483      1.235659      1.671922      1.134595      1.113511      1.200665      1.078586 
     1.452658      1.414898      1.512807      1.342905      1.258124      1.588668      1.118844      1.174981      1.131456      1.084032 
     1.449135      1.523710      1.576450      1.299133      1.266093      1.442418      1.119955      1.083577      1.137665      1.235280 
     1.394089      1.287567      1.416713      1.334093      1.190920      1.530377      1.143484      1.053372      1.148244      1.024702 
     1.457610      1.346498      1.379189      1.552378      1.169826      1.601879      1.130791      1.167455      1.171966      1.236080 
     1.428889      1.264670      1.321549      1.344668      1.242714      1.505672      1.188091      1.106117      1.143022      1.191572 
     1.412067      1.347036      1.434541      1.394976      1.370438      1.556375      1.143346      1.026262      1.146242      1.263403 
     1.465771      1.454258      1.443043      1.277267      1.234991      1.485186      1.052407      1.078695      1.132870      1.083117 
     1.504353      1.377379      1.536580      1.321545      1.290923      1.870908      1.231974      1.170172      1.213779      1.106376 
     1.499780      1.385159      1.715257      1.431389      1.225460      1.738802      1.209752      0.967377      1.087417      1.118553 
     1.483575      1.518776      1.505720      1.376885      1.217632      1.508351      1.132826      1.051453      1.132009      1.230244 
     1.480068      1.266555      1.455558      1.265919      1.238105      1.600054      1.193245      1.163097      1.054270      1.198284 
     1.415469      1.469441      1.404918      1.394293      1.200381      1.449222      1.202300      1.106959      1.144162      1.098245 
     1.410187      1.404400      1.490521      1.427427      1.245497      1.629918      0.970933      1.064386      1.171502      1.237232 
     1.522064      1.251606      1.458863      1.334046      1.180105      1.454820      1.232288      1.169603      1.137188      1.104573 
     1.423821      1.238631      1.441088      1.454596      1.215187      1.493021      1.084285      1.119957      1.207599      1.153825 
     1.511918      1.276203      1.465366      1.400037      1.283597      1.466053      1.038801      1.036260      1.089880      1.071855 
     1.459957      1.424529      1.442704      1.338588      1.206287      1.643744      1.118454      1.127637      1.133353      1.235027 
     1.584324      1.415910      1.454734      1.426578      1.226732      1.572831      1.176900      1.179172      1.146457      1.107099 
     1.489762      1.341308      1.531238      1.366548      1.135028      1.423256      1.068064      1.118682      1.173079      1.224351 
     1.575702      1.532128      1.678208      1.342255      1.281249      1.437366      1.260759      1.151957      1.163066      1.103373 
     1.514886      1.308174      1.431504      1.353641      1.291056      1.535562      1.122232      1.235446      1.048763      1.120137 
     1.509655      1.320253      1.557181      1.336167      1.250371      1.625541      1.188127      1.087779      1.071050      1.178367 
     1.464387      1.377618      1.352652      1.310131      1.269006      1.424612      1.008356      1.100437      1.132314      1.118924 
     1.513741      1.315338      1.331705      1.333578      1.194542      1.357981      1.093665      1.215350      1.126903      1.079641 
     1.435519      1.358668      1.460533      1.310685      1.166028      1.565211      1.155891      1.058831      1.060758      1.137674 
     1.434695      1.447262      1.424952      1.347331      1.309883      1.472934      1.242168      1.038951      1.145614      1.183534 
     1.498306      1.327596      1.514706      1.401608      1.189034      1.568505      1.127801      0.999104      1.152905      1.142311 
     1.562082      1.278662      1.470910      1.320876      1.208954      1.444469      1.270059      1.094036      1.131879      1.075817 
     1.455518      1.466836      1.455047      1.420798      1.174164      1.571569      1.184718      1.164820      1.154767      1.139477 
     1.494670      1.392806      1.451709      1.401813      1.252900      1.603452      1.264853      1.145866      1.001603      1.160425 
     1.382851      1.444505      1.444603      1.342906      1.221206      1.658210      1.119436      1.136077      1.110035      1.138870 
     1.513610      1.358805      1.506887      1.432376      1.183211      1.487101      1.068571      1.185175      1.080439      0.972964 
     1.373332      1.399966      1.460483      1.252764      1.226604      1.489364      1.098481      1.182382      1.093209      1.187504 
     1.476224      1.543617      1.415341      1.321385      1.169673      1.639074      1.078608      1.081736      1.062264      1.094077 
     1.396496      1.298350      1.308889      1.270282      1.225836      1.628191      1.028179      1.118667      1.096930      1.078192 
     1.447347      1.323547      1.578001      1.448823      1.306698      1.597629      1.073892      1.176107      1.072634      1.017859 
     1.395229      1.364697      1.408424      1.402549      1.262014      1.495865      1.197061      1.126832      1.088617      1.201982 
     1.453995      1.375282      1.526977      1.302509      1.256085      1.850111      1.186592      1.130482      1.050992      1.125190 
     1.397219      1.513959      1.614010      1.387183      1.210817      1.720061      1.028136      1.294591      1.126713      1.116965 
     1.485242      1.490965      1.409464      1.387452      1.194851      1.519728      1.121117      1.171229      1.094470      1.060299 
     1.524317      1.260762      1.434353      1.313965      1.233495      1.567435      1.075780      1.071973      1.153240      1.059202 
     1.508144      1.251951      1.496588      1.407648      1.207880      1.492099      1.072765      1.227940      1.106746      1.114135 
     1.375116      1.459138      1.417954      1.385905      1.249008      1.557819      1.213876      1.165021      1.088548      1.048692 
     1.534547      1.437414      1.397137      1.331151      1.171829      1.475219      1.013468      1.053261      1.138457      1.110779 
     1.430330      1.402285      1.410083      1.287028      1.248606      1.518304      1.080526      1.047358      1.172852      1.097462 
     1.561541      1.301796      1.452096      1.374292      1.213187      1.444574      1.216365      1.250691      1.145701      1.181800 
     1.371064      1.489824      1.569540      1.330445      1.176471      1.578110      1.191013      1.132070      1.131676      1.312985 
     1.528772      1.417694      1.490670      1.397711      1.215678      1.550706      1.039491      1.072243      1.090712      1.183179 
     1.433654      1.399936      1.451028      1.387112      1.115895      1.536225      1.252777      1.084706      1.114290      1.040504 
     1.490963      1.316652      1.649913      1.535903      1.298015      1.515147      1.182425      1.124740      1.115081      1.080905 
     1.465093      1.278979      1.418161      1.503897      1.255153      1.459169      1.076812      1.096468      1.193337      1.274935 
     1.487906      1.322170      1.526871      1.321517      1.261301      1.670742      1.042739      1.109454      1.154231      1.086893 
     1.455459      1.314517      1.449759      1.375923      1.298504      1.382334      1.210227      1.146117      1.121880      1.131074 
     1.485328      1.261734      1.391701      1.406074      1.219856      1.388481      1.100831      1.106006      1.139921      1.159789 
     1.429321      1.419501      1.513527      1.356785      1.206006      1.467087      1.074554      1.214771      1.250321      1.105102 
     1.391972      1.418878      1.525283      1.345300      1.264252      1.404397      1.057642      1.282479      1.256292      1.120282 
     1.385018      1.450541      1.411301      1.382247      1.253036      1.615983      1.043539      1.281842      1.055654      1.142750 
     1.530952      1.304022      1.480594      1.363289      1.222945      1.542046      1.022256      1.143088      1.064414      1.217299 
     1.537019      1.354959      1.463226      1.365600      1.139816      1.607138      1.086053      1.110703      1.046724      1.092331 
     1.469082      1.417559      1.502632      1.377298      1.263088      1.552491      1.078717      1.096080      1.251267      1.083031 
     1.397243      1.355085      1.486477      1.460549      1.179203      1.622212      1.151729      1.080084      1.101073      1.098638 
     1.588378      1.311634      1.413572      1.409430      1.179165      1.562509      1.144959      1.053017      1.115688      1.219675 
     1.463889      1.280351      1.425050      1.361635      1.259206      1.520039      1.111868      1.057236      1.099589      1.098132 
     1.471466      1.300014      1.627107      1.455564      1.167323      1.495593      1.137256      1.115914      1.173760      1.081509 
     1.406522      1.307882      1.387478      1.280261      1.208688      1.537258      1.278957      1.099846      1.168511      1.175233 
     1.555574      1.392467      1.550622      1.426443      1.247050      1.581226      1.096586      1.012067      1.190265      1.149145 
     1.439575      1.366370      1.434951      1.363704      1.252951      1.427402      1.068097      1.129342      1.125100      1.018319 
     1.485732      1.393301      1.389042      1.376905      1.226482      1.786011      1.036353      1.075976      1.211289      1.154929 
     1.409225      1.446312      1.508877      1.347013      1.210110      1.779694      1.238986      0.981830      1.096430      1.142468 
     1.414309      1.239896      1.421007      1.393295      1.239583      1.652672      1.084078      1.105985      1.109364      1.172491 
     1.446292      1.326935      1.436908      1.360812      1.235390      1.761941      1.162882      1.175163      1.085709      1.162495 
     1.596414      1.330659      1.488104      1.252804      1.238922      1.501930      1.109551      0.991817      1.113793      1.121949 
     1.503786      1.406824      1.470808      1.314305      1.227219      1.524501      1.147915      1.097832      1.100856      1.192526 
     1.285705      1.447569      1.474895      1.430563      1.197917      1.631365      1.211279      1.150466      1.130214      1.140020 
     1.439913      1.336448      1.433672      1.346150      1.266281      1.633569      1.124301      1.213553      1.061634      1.062928 
     1.436491      1.495580      1.403165      1.312430      1.164968      1.480683      1.032434      1.141835      1.090838      1.051128 
     1.396587      1.538904      1.594459      1.392394      1.172862      1.521948      1.114985      1.209248      1.094025      0.973555 
     1.427451      1.392148      1.508830      1.361198      1.221511      1.612043      1.212692      1.190745      1.161557      1.062178 
     1.417134      1.356390      1.333370      1.498731      1.172337      1.615490      1.074728      1.148035      1.163278      1.260018 
     1.522882      1.503840      1.499890      1.415812      1.212751      1.552114      0.988361      1.084239      1.072197      1.175193 
     1.349623      1.368871      1.325182      1.471645      1.220077      1.520249      1.187030      1.140157      1.074557      1.008462 
     1.476377      1.375036      1.461675      1.363494      1.257013      1.620303      1.211813      1.119291      1.143446      1.151812 
     1.422705      1.358856      1.480283      1.312568      1.223614      1.461294      1.123904      1.159177      1.124924      1.059962 
     1.397777      1.367108      1.478278      1.369053      1.216105      1.512616      1.192843      1.239445      1.082539      1.080269 
     1.540294      1.364032      1.456768      1.415162      1.316430      1.527208      1.157909      1.049157      1.043417      1.137019 
     1.518674      1.347776      1.495938      1.330197      1.209583      1.423288      1.166467      0.991206      1.059590      1.092865 
     1.367706      1.344535      1.457551      1.497761      1.273641      1.573598      1.230556      1.104407      1.138348      1.098854 
     1.490019      1.396670      1.428486      1.366715      1.277237      1.558544      1.284882      1.112752      1.153155      1.017337 
     1.681572      1.315275      1.427580      1.375488      1.157091      1.461186      1.195669      1.168450      1.178814      1.139845 
     1.608107      1.340624      1.463361      1.411284      1.266134      1.436888      1.188446      1.152649      1.062163      1.206577 
     1.540561      1.398530      1.548583      1.417723      1.150318      1.594263      1.104273      1.213508      1.152920      1.105040 
     1.537128      1.280789      1.359477      1.343728      1.172347      1.619699      1.100460      1.145837      1.169527      1.309339 
     1.496095      1.369879      1.435292      1.335014      1.221080      1.426128      1.136185      1.178156      1.145423      1.147177 
     1.501915      1.364666      1.650555      1.250132      1.205476      1.530158      1.077840      1.140879      1.048098      1.128690 
     1.450044      1.289549      1.436371      1.344833      1.176953      1.545117      1.249083      1.131528      1.162341      1.067489 
     1.554893      1.342734      1.744633      1.321429      1.191294      1.522206      1.155908      1.228106      1.105266      1.198036 
     1.494926      1.347756      1.439096      1.305143      1.248210      1.479488      1.177849      1.081881      1.098681      1.240310 
     1.395979      1.418848      1.476835      1.402222      1.198243      1.665942      1.180231      1.112283      1.100529      1.086971 
     1.520966      1.357854      1.468256      1.382430      1.204248      1.570137      0.974810      1.255469      1.123749      1.070751 
     1.372472      1.305089      1.452510      1.279153      1.312169      1.548909      1.179710      1.087141      1.186981      1.106243 
     1.439888      1.384064      1.449100      1.414510      1.243425      1.688289      1.104819      1.130716      1.258358      1.149156 
     1.537753      1.252600      1.405676      1.321058      1.261714      1.680157      1.118501      1.253537      1.159714      1.095148 
     1.479634      1.304273      1.554952      1.317303      1.245971      1.466177      1.176377      1.184412      1.162500      1.126256 
     1.385424      1.423383      1.528906      1.380915      1.203600      1.554982      1.046161      1.094702      1.120313      1.073828 
     1.436472      1.318802      1.442438      1.328298      1.253271      1.634793      1.143028      1.023074      1.185943      1.204247 
     1.365699      1.382363      1.396986      1.500203      1.120940      1.536873      1.184808      1.183676      1.143909      1.155134 
     1.471166      1.431209      1.598158      1.437559      1.182570      1.520604      1.088267      1.066147      1.055467      1.273294 
     1.507317      1.364182      1.489134      1.363070      1.224261      1.551694      1.049842      1.057225      1.088980      1.160482 
     1.471854      1.512942      1.358312      1.405696      1.221147      1.487060      1.186938      1.087736      1.203284      1.030418 
     1.445101      1.525458      1.477475      1.446889      1.174868      1.509885      1.248983      1.145254      1.214282      1.109878 
     1.414208      1.380093      1.321199      1.545132      1.240739      1.555410      1.074600      1.151527      1.147289      1.241810 
     1.439130      1.331650      1.442561      1.417574      1.258584      1.596853      1.081571      1.104868      1.047972      1.102507 
     1.501088      1.340316      1.403545      1.358657      1.162993      1.549018      1.168767      1.128551      1.137731      1.175666 
     1.428418      1.383213      1.494334      1.351567      1.214900      1.628488      1.256423      1.023972      1.163966      1.118215 
     1.515892      1.382525      1.462668      1.354249      1.381782      1.544468      1.071514      1.173871      1.214998      1.090038 
     1.412510      1.300193      1.452251      1.360011      1.194636      1.446070      1.084951      1.246633      1.113628      1.079381 
     1.511563      1.453846      1.497488      1.273660      1.246657      1.450254      1.026929      1.162393      1.093885      1.121958 
     1.456655      1.319537      1.372148      1.390282      1.275407      1.569066      0.941096      1.076353      1.086848      1.216411 
     1.570791      1.374995      1.391031      1.369806      1.217535      1.512753      1.063446      1.067803      1.067672      1.106346 
     1.497284      1.493686      1.443377      1.380141      1.251307      1.436477      1.058039      1.261490      1.164560      1.024318 
     1.505506      1.523194      1.572330      1.313143      1.178396      1.502175      1.175393      1.046834      1.092519      1.135397 
     1.397780      1.310999      1.443487      1.348542      1.189268      1.574564      1.227685      1.126422      1.107624      0.982485 
     1.449078      1.340659      1.459735      1.320586      1.223472      1.541573      1.127827      1.173019      1.067738      1.105456 
     1.431923      1.299422      1.504611      1.338827      1.198698      1.586862      1.179049      1.108998      1.231922      1.064488 
     1.410900      1.307958      1.482588      1.402168      1.166633      1.498947      1.026396      1.092732      1.090383      1.163858 
     1.735843      1.338126      1.612713      1.290248      1.216273      1.491562      1.070023      1.070466      1.104577      1.078247 
     1.456182      1.272600      1.480777      1.360531      1.253172      1.578578      1.040322      1.168972      1.088438      1.024856 
     1.439441      1.515450      1.487271      1.427372      1.204961      1.569930      1.112806      1.150380      1.164858      1.150539 
     1.529012      1.315534      1.418254      1.440546      1.216838      1.481655      1.225980      1.057276      1.116189      1.143806 
     1.410830      1.280862      1.452583      1.249269      1.331043      1.519419      1.033934      1.154279      1.023935      1.131336 
     1.639710      1.365910      1.475387      1.375500      1.225149      1.684924      1.095682      1.173706      1.070967      1.143911 
     1.437835      1.392862      1.470602      1.315757      1.278457      1.664709      1.201996      1.028143      1.071783      1.123205 
     1.431162      1.343919      1.538178      1.293091      1.274171      1.571366      1.270017      1.168270      1.044023      1.163925 
     1.502850      1.309749      1.535610      1.331753      1.195777      1.553022      1.176585      1.130775      1.102320      1.139944 
     1.466246      1.240546      1.433163      1.351020      1.219910      1.698379      1.087992      1.179853      1.102660      1.144116 
     1.409334      1.298443      1.395479      1.412746      1.132883      1.611564      1.044630      1.048926      1.065296      1.093443 
     1.563746      1.437538      1.537867      1.391689      1.204491      1.540432      1.139509      1.221230      1.200741      1.296132 
     1.475543      1.310155      1.534738      1.400980      1.240204      1.518525      1.203070      1.155664      1.175687      1.100880 
     1.498278      1.365431      1.596333      1.394317      1.235158      1.535119      1.019307      1.115927      1.048246      1.142325 
     1.525715      1.512420      1.453519      1.426982      1.144781      1.627324      1.306523      1.110196      1.055114      1.155920 
     1.385743      1.457335      1.457591      1.322402      1.252906      1.515310      1.185665      1.054741      1.174822      1.033940 
     1.450819      1.400750      1.454786      1.330900      1.244594      1.503498      1.117985      1.169989      1.150071      1.187744 
     1.446134      1.238471      1.403564      1.393345      1.146117      1.699845      1.060421      1.066023      1.099366      1.056195 
     1.503987      1.276939      1.464736      1.403231      1.207744      1.700103      1.021151      1.232592      1.054530      1.138639 
     1.440101      1.374056      1.509857      1.343609      1.341364      1.634217      1.120660      1.099051      1.146022      1.155524 
     1.474121      1.354196      1.378488      1.321706      1.222982      1.591194      1.212104      1.025315      1.161304      1.161426 
     1.567609      1.292090      1.462147      1.419354      1.247772      1.387780      1.266948      1.045947      1.107385      1.117164 
     1.550242      1.306416      1.461225      1.353373      1.274468      1.497312      1.223227      1.100878      1.122893      1.058280 
     1.439905      1.335320      1.421581      1.472067      1.242987      1.514546      1.217503      1.163863      1.138965      1.149381 
     1.402936      1.393419      1.541092      1.491072      1.198431      1.528841      1.163278      1.086522      1.085886      1.247224 
     1.523434      1.416267      1.411943      1.488472      1.171624      1.540335      1.117701      1.214931      1.156145      1.126555 
     1.360115      1.337982      1.407139      1.305060      1.204898      1.601459      1.051201      1.071179      1.134033      1.078301 
     1.446874      1.312411      1.420544      1.362214      1.217549      1.670159      1.125620      1.121496      1.176862      1.111609 
     1.374187      1.350578      1.351841      1.367909      1.200971      1.593877      1.174166      1.141071      1.104076      1.182801 
     1.397094      1.370330      1.440393      1.268786      1.161554      1.556559      1.149514      1.126086      1.205997      1.074457 
     1.663265      1.302975      1.636592      1.452119      1.248731      1.570845      1.138033      1.027855      1.141253      1.204180 
     1.447817      1.327882      1.398359      1.330925      1.236678      1.679433      1.198937      1.054993      1.174256      1.184168 
     1.517660      1.552627      1.549009      1.330235      1.197863      1.418738      1.182311      1.202189      1.092693      1.122414 
     1.449219      1.464393      1.437980      1.342482      1.246757      1.417844      1.086728      1.237032      1.172129      1.079184 
     1.485086      1.276075      1.473129      1.333467      1.344606      1.465409      1.215056      1.068360      1.156133      1.131041 
     1.579428      1.334954      1.609858      1.407075      1.230775      1.533510      1.156262      1.078247      1.193481      1.103794 
     1.367893      1.340448      1.607455      1.311042      1.276506      1.679743      1.025460      1.180322      1.137445      1.114594 
     1.368187      1.410902      1.485177      1.326355      1.279353      1.599279      1.037437      1.191977      1.201247      1.065252 
     1.536117      1.345962      1.420307      1.353523      1.216748      1.554283      1.129018      1.091377      1.127942      1.070603 
     1.523522      1.500096      1.404919      1.272570      1.208846      1.449979      1.201377      1.021266      1.099417      1.111809 
     1.363339      1.397220      1.614898      1.271890      1.156169      1.520656      1.174073      1.176445      1.163702      1.171093 
     1.513854      1.403215      1.607477      1.458975      1.224116      1.583039      1.126097      1.133657      1.065792      1.099165 
     1.541677      1.457996      1.465094      1.327868      1.240583      1.402728      1.027941      1.050824      1.070746      1.112602 
     1.514254      1.440375      1.622684      1.282177      1.254544      1.474735      1.210264      1.171439      1.249857      1.202167 
     1.502180      1.372568      1.507152      1.586145      1.156590      1.580172      0.999090      1.109970      1.184210      1.106782 
     1.501145      1.413880      1.484356      1.277081      1.199222      1.421808      1.115366      1.114584      1.060339      1.261995 
     1.521525      1.397341      1.504768      1.344051      1.227214      1.437832      1.155076      1.091518      1.105059      1.091980 
     1.430883      1.347081      1.367087      1.320653      1.145576      1.591980      1.174888      1.110012      1.161683      1.224118 
     1.538493      1.395618      1.449470      1.344686      1.225267      1.663094      1.252939      1.087047      1.155304      1.080685 
     1.456122      1.435017      1.501746      1.310954      1.339837      1.486888      1.163616      1.163384      1.187986      1.056933 
     1.403046      1.367040      1.370335      1.311371      1.227525      1.583600      1.082945      1.282309      1.130144      1.112918 
     1.546711      1.362045      1.341965      1.396356      1.252550      1.558284      1.028181      1.250644      1.137597      1.107070 
     1.594161      1.342429      1.436353      1.286480      1.244970      1.495883      1.143448      1.175388      1.154898      1.181728 
     1.360169      1.386546      1.577841      1.354124      1.253607      1.497943      1.027362      1.064356      1.123413      1.099486 
     1.515047      1.374625      1.456619      1.363866      1.195200      1.606160      1.110923      1.234985      1.207255      1.041923 
     1.528086      1.340030      1.361391      1.604789      1.203380      1.503925      1.152981      1.021295      1.102992      1.089703 
     1.487816      1.305548      1.406253      1.279027      1.212568      1.456872      1.218876      1.171436      1.084750      1.172392 
     1.424130      1.345099      1.497952      1.345000      1.222445      1.569512      1.148531      1.153374      1.064724      1.128483 
     1.439819      1.313936      1.323020      1.404418      1.251316      1.548457      1.184512      1.102276      1.058962      1.135421 
     1.441710      1.405022      1.368417      1.299615      1.152776      1.456902      1.309465      1.140306      1.115559      1.134719 
     1.714718      1.513303      1.381495      1.353669      1.256585      1.695809      1.142304      1.177855      1.092881      1.026763 
     1.413493      1.382677      1.420155      1.330960      1.189597      1.555986      1.085627      1.092866      1.063410      1.056796 
     1.475811      1.352953      1.554610      1.493295      1.181108      1.403137      1.085921      1.071142      1.135501      1.075373 
     1.400769      1.320831      1.490182      1.431651      1.249373      1.456128      1.163665      1.014127      1.102726      1.139018 
     1.459010      1.356137      1.367336      1.312389      1.284303      1.593909      1.020809      1.137999      1.100845      1.148414 
     1.522173      1.438449      1.453932      1.338997      1.214499      1.488453      1.067112      1.175965      1.119249      1.180729 
     1.500017      1.351080      1.563732      1.314520      1.236680      1.527075      1.155607      1.062897      1.117441      1.108378 
     1.367472      1.350732      1.476656      1.374765      1.253305      1.585401      1.227690      1.102314      1.031727      1.154141 
     1.563422      1.389075      1.336469      1.341526      1.269273      1.636578      1.191459      1.144653      1.089077      1.122045 
     1.409867      1.359663      1.529097      1.396672      1.187021      1.557181      1.065281      1.162742      1.169776      1.146053 
     1.456467      1.439979      1.593025      1.204179      1.211885      1.521157      1.121934      1.170677      1.058058      1.083327 
     1.439357      1.451533      1.497744      1.481374      1.233459      1.538978      1.138810      1.109391      1.129364      1.219714 
     1.408310      1.283395      1.431864      1.404739      1.228464      1.574806      1.214425      1.154425      1.134772      1.133440 
     1.400996      1.301980      1.569619      1.424727      1.233206      1.711061      0.972922      1.068570      1.089876      1.061135 
     1.536616      1.426709      1.581008      1.435834      1.183702      1.568878      1.198246      1.109458      1.053532      1.170687 
     1.466840      1.252485      1.626122      1.294671      1.217541      1.448029      1.083233      1.182505      1.194045      1.046322 
     1.517846      1.324112      1.472512      1.497345      1.183169      1.549610      1.041931      1.178126      1.067952      1.173667 
     1.456225      1.323628      1.429537      1.342569      1.170618      1.728845      1.071651      1.106672      1.096036      1.086831 
     1.554556      1.370617      1.458211      1.389296      1.259017      1.583688      1.030504      1.170544      1.070718      1.164198 
     1.464341      1.358754      1.601653      1.362194      1.274396      1.567044      1.135395      1.101065      1.072495      1.144044 
     1.406717      1.252653      1.515932      1.345155      1.220659      1.665059      1.176022      0.995035      1.183647      1.152859 
     1.476603      1.381448      1.447005      1.372569      1.271581      1.612964      1.261105      1.037758      1.080815      1.101556 
     1.478144      1.329315      1.420973      1.395230      1.232441      1.521612      1.217134      1.190363      1.066871      1.096134 
     1.439387      1.321367      1.546979      1.268011      1.259189      1.511933      1.187049      1.152023      1.111522      1.173188 
     1.521029      1.273088      1.496004      1.414940      1.195139      1.619868      1.167399      1.074459      1.008188      1.171140 
     1.484955      1.399758      1.374093      1.458049      1.207651      1.566694      1.053335      1.208957      1.114331      1.207926 
     1.471074      1.288652      1.371492      1.263487      1.197623      1.599768      1.073536      1.086908      1.182995      1.047606 
     1.538573      1.302398      1.484692      1.394937      1.227678      1.510080      1.070595      1.129111      1.186764      1.092371 
     1.545309      1.410849      1.427724      1.295986      1.255720      1.396164      1.197886      1.183974      1.256779      1.067897 
     1.388068      1.266260      1.396705      1.389773      1.176004      1.592199      0.994921      1.054890      1.138134      1.082818 
     1.473571      1.427802      1.363908      1.558381      1.264057      1.672898      1.116386      1.042614      1.172368      1.223475 
     1.441278      1.311089      1.471311      1.350751      1.136909      1.530817      1.168055      1.194287      1.148119      1.170720 
     1.439897      1.461779      1.486945      1.356080      1.162030      1.560246      1.167578      1.243539      1.098316      1.126057 
     1.332306      1.294182      1.404724      1.456880      1.247384      1.496855      1.234945      1.278396      1.165300      1.080613 
     1.384650      1.420273      1.355725      1.352044      1.185850      1.525430      1.221041      1.121624      1.099931      1.157169 
     1.535500      1.497917      1.442907      1.397122      1.222691      1.491942      1.210188      1.102741      1.104841      1.103290 
     1.473435      1.282606      1.579748      1.397632      1.235542      1.499532      1.105483      1.182620      1.097472      1.135685 
     1.511513      1.354224      1.589400      1.298731      1.238780      1.526489      0.983925      1.077217      1.231365      1.075463 
     1.422845      1.342712      1.542168      1.417283      1.315921      1.520019      1.055644      1.083254      1.085186      1.101286 
     1.421063      1.396316      1.483824      1.422268      1.205402      1.425322      1.232830      1.045216      1.197506      1.161111 
     1.376666      1.252873      1.532514      1.366878      1.230780      1.561299      1.170734      1.100892      1.138528      1.126288 
     1.501343      1.404859      1.588180      1.444466      1.240639      1.608575      1.139050      1.163872      1.204826      1.083505 
     1.334364      1.333100      1.468230      1.302509      1.222179      1.575516      1.077020      1.058914      1.113672      1.090857 
     1.426717      1.447841      1.424050      1.386023      1.217374      1.691898      1.226724      1.160109      1.085164      1.098685 
     1.541281      1.425109      1.551658      1.393863      1.230240      1.508335      1.234445      1.126724      1.230300      1.091457 
     1.495629      1.325139      1.492283      1.238679      1.234754      1.601775      1.180653      1.063975      1.019041      1.200352 
     1.400301      1.564935      1.406955      1.367109      1.166499      1.643491      1.177443      1.055282      1.169290      1.072139 
     1.570827      1.300761      1.447954      1.421941      1.187777      1.489872      1.117795      1.063892      1.150917      1.169447 
     1.508364      1.325204      1.504686      1.438321      1.280320      1.457008      1.184982      1.142530      1.171677      1.097727 
     1.526230      1.389925      1.526149      1.376282      1.205319      1.518196      1.178863      1.092790      1.182259      1.084883 
     1.445005      1.304369      1.501013      1.260582      1.196724      1.516244      1.077894      1.246582      1.088562      1.033936 
     1.373745      1.276709      1.573570      1.401105      1.259998      1.540744      0.994673      1.241203      1.149001      1.151790 
     1.423724      1.374654      1.345389      1.453060      1.246717      1.580780      1.353333      1.105783      1.190816      1.120368 
     1.552555      1.295282      1.407891      1.325514      1.261995      1.526192      1.081809      1.109978      1.132954      1.059386 
     1.546297      1.424189      1.384725      1.253707      1.235182      1.520973      1.131928      1.126925      1.181705      1.082118 
     1.599321      1.487839      1.511602      1.350753      1.204880      1.442735      1.204117      1.092717      1.116277      1.064877 
     1.455985      1.322327      1.391520      1.418138      1.192258      1.441654      1.131022      1.153173      1.044290      1.210489 
     1.552843      1.437461      1.469140      1.396679      1.256980      1.471185      1.172629      1.088149      1.070777      1.090721 
     1.489990      1.321094      1.503969      1.379986      1.206279      1.363520      1.194630      1.118251      1.130620      1.183405 
     1.403941      1.358799      1.392852      1.316668      1.205312      1.525146      1.261259      1.157120      1.102963      1.138840 
     1.425127      1.408348      1.475371      1.417093      1.230810      1.619916      1.201048      1.167700      1.145241      1.072588 
     1.525241      1.326170      1.450419      1.429353      1.132473      1.425005      1.132396      1.095640      1.113234      1.077082 
     1.374220      1.455344      1.512342      1.388107      1.182019      1.580798      1.125347      1.120257      1.159350      1.157356 
     1.445096      1.358412      1.394649      1.400614      1.253781      1.605347      1.065122      1.000795      1.120826      1.197803 
     1.446890      1.423960      1.477363      1.358504      1.120687      1.534220      1.064461      1.191476      1.151102      1.074083 
     1.486318      1.387610      1.450357      1.534085      1.219133      1.541446      1.059999      1.204857      1.247093      1.160927 
     1.489845      1.474270      1.433974      1.370933      1.285455      1.477790      1.083726      1.141527      1.125434      1.071219 
     1.538163      1.388498      1.562800      1.272816      1.214139      1.465438      1.168501      1.146295      1.047615      1.135770 
     1.407653      1.407543      1.665257      1.268179      1.303675      1.525936      1.197509      1.159937      1.161776      1.074324 
     1.460210      1.388263      1.586795      1.374242      1.225779      1.547526      1.011760      1.198613      1.114090      1.210482 
     1.393221      1.337460      1.418792      1.364240      1.203291      1.649108      1.065442      1.120718      1.154307      1.082413 
     1.565978      1.399265      1.637788      1.332805      1.222607      1.540701      1.147173      1.050194      1.143894      1.145838 
     1.439463      1.269432      1.449640      1.250020      1.214415      1.617902      1.190721      1.154360      1.040216      1.137403 
     1.411015      1.391672      1.491812      1.408524      1.203658      1.716165      1.080592      1.077275      1.119561      1.175283 
     1.467473      1.286717      1.481782      1.470219      1.256066      1.620751      0.987177      1.092229      1.091061      1.125241 
     1.416865      1.387581      1.428654      1.361719      1.242023      1.646494      1.019598      1.169958      1.287519      1.090010 
     1.438244      1.445011      1.545866      1.347821      1.141708      1.627495      1.052784      1.266001      1.078828      1.183066 
     1.589616      1.295735      1.445682      1.319118      1.191653      1.521946      1.096623      1.107682      1.133872      1.105544 
     1.398077      1.332056      1.418881      1.493901      1.269472      1.553485      1.079882      1.176611      1.028420      1.116412 
     1.439193      1.384063      1.400640      1.441547      1.129522      1.601250      1.083460      1.119980      1.090951      1.167817 
     1.389058      1.317836      1.459490      1.263470      1.180529      1.510026      1.193292      1.000980      1.123459      1.125069 
     1.428986      1.266052      1.669316      1.368545      1.238779      1.594346      1.216624      1.034698      1.096778      1.094419 
     1.430495      1.398637      1.425278      1.436954      1.211749      1.583095      1.008233      1.093703      1.077586      1.138979 
     1.531520      1.347456      1.353106      1.292065      1.297763      1.612650      1.156402      1.104753      1.117071      1.111791 
     1.440236      1.306160      1.422374      1.385365      1.236748      1.530041      1.115008      1.130450      1.085219      1.249219 
     1.577756      1.415285      1.614886      1.345665      1.207975      1.509404      1.046724      1.226122      1.109377      1.146039 
     1.358513      1.334528      1.365440      1.346756      1.225860      1.646549      1.100222      1.119068      1.215813      1.039353 
     1.470393      1.406513      1.494347      1.478960      1.245993      1.558762      1.066192      1.125900      1.092057      1.144536 
     1.502911      1.312087      1.404203      1.380677      1.178505      1.510582      1.224697      1.127167      1.154554      1.020960 
     1.425703      1.393285      1.451933      1.232552      1.264715      1.502897      1.161227      1.095561      1.190051      1.113182 
     1.530266      1.320045      1.507204      1.374035      1.216671      1.425191      1.140429      1.085986      1.082504      1.130340 
     1.396154      1.394818      1.399526      1.418580      1.149450      1.512214      1.141567      1.068024      1.098761      1.176122 
     1.394104      1.461859      1.482366      1.437254      1.187296      1.535704      1.157813      1.140281      1.118377      1.043110 
     1.493914      1.360678      1.536975      1.310591      1.271617      1.643557      1.210441      1.235811      1.151735      1.089526 
     1.498781      1.382411      1.531663      1.458648      1.129105      1.479304      1.225779      1.124253      1.058213      1.139967 
     1.516351      1.501320      1.520470      1.348066      1.196782      1.599341      1.200926      1.198945      1.038162      1.161523 
     1.438440      1.302348      1.384166      1.517079      1.294154      1.503583      1.233045      1.074332      1.155019      1.146873 
     1.455639      1.303816      1.484430      1.435351      1.191193      1.538789      1.368621      1.127152      1.193984      1.086995 
     1.455435      1.346225      1.642410      1.290240      1.278413      1.512090      1.079737      1.073440      1.075037      1.145746 
     1.555051      1.412233      1.493876      1.402519      1.252777      1.428671      1.211156      1.071465      1.138682      0.992146 
     1.390831      1.362104      1.355747      1.357614      1.191366      1.544823      1.166150      1.139008      1.164466      1.162486 
     1.570995      1.381690      1.553839      1.382812      1.207039      1.458707      1.081652      1.219678      1.135311      1.127192 
     1.458224      1.299498      1.466354      1.325971      1.196403      1.515511      1.105109      1.117451      1.119392      1.126912 
     1.560424      1.552838      1.506784      1.287561      1.211172      1.468865      1.158622      1.099771      1.138597      1.282468 
     1.503422      1.375319      1.364288      1.450025      1.246393      1.596277      1.318397      1.153514      1.256168      1.096471 
     1.466279      1.312280      1.430023      1.414150      1.263804      1.797023      1.193129      1.092376      1.044447      1.133332 
     1.554568      1.331510      1.534690      1.387677      1.153285      1.559620      1.160378      1.119093      1.097254      1.082926 
     1.431338      1.416607      1.408587      1.295736      1.206763      1.435791      1.130613      1.169274      1.221518      1.070843 
     1.445084      1.414243      1.372726      1.401296      1.241498      1.467431      1.180558      1.127369      1.230407      1.139218 
     1.431485      1.447687      1.433409      1.279398      1.158099      1.476864      1.202547      1.055739      1.078129      1.128742 
     1.400628      1.262255      1.376798      1.474456      1.187378      1.470788      1.095868      1.206362      1.103070      1.077983 
     1.451205      1.344442      1.614744      1.260195      1.265930      1.627460      1.041729      1.203704      1.084073      1.140323 
     1.526439      1.345030      1.522117      1.368119      1.167064      1.486110      1.143433      1.092589      1.206206      1.085365 
     1.583454      1.282108      1.409686      1.363977      1.320435      1.457463      1.065377      1.108712      1.108462      1.135431 
     1.372919      1.269034      1.487294      1.286716      1.263934      1.742555      1.199053      1.121902      1.204824      1.247360 
     1.649123      1.347696      1.553861      1.494883      1.211126      1.534811      1.193735      1.054704      1.072197      1.085417 
     1.384591      1.307068      1.486197      1.374555      1.214342      1.575833      1.114233      1.139734      1.078020      1.176253 
     1.496619      1.442413      1.532306      1.396670      1.181397      1.469794      1.233264      1.079360      1.170259      1.050591 
     1.353605      1.351547      1.440271      1.445493      1.165278      1.581274      1.050879      1.178831      1.056672      1.137305 
     1.404884      1.252719      1.511641      1.370661      1.270658      1.505362      1.052673      1.122307      0.988015      1.086912 
     1.429946      1.420097      1.655898      1.272998      1.228873      1.381825      1.148531      1.124898      1.085321      1.149171 
     1.434490      1.527327      1.371598      1.340176      1.188862      1.494698      1.152334      1.209256      1.136356      1.050925 
     1.622018      1.295516      1.585053      1.483315      1.208688      1.564671      1.088432      1.110595      1.068556      1.076047 
     1.533233      1.333389      1.594127      1.335463      1.252279      1.497935      1.053492      1.070922      1.105453      1.131646 
     1.480249      1.437437      1.433774      1.483913      1.199057      1.528683      1.071681      1.090748      1.178416      1.104238 
     1.527184      1.471149      1.690541      1.335566      1.157090      1.540474      1.022202      1.101224      1.178491      1.092378 
     1.484527      1.340375      1.441295      1.407192      1.294815      1.468469      1.060453      1.195360      1.143726      1.105538 
     1.333832      1.477480      1.421308      1.348489      1.158296      1.661914      1.010033      1.160639      1.085420      1.107481 
     1.436141      1.318238      1.470307      1.423772      1.262580      1.595620      1.088426      1.170915      1.175793      1.096315 
     1.527127      1.380890      1.409776      1.384193      1.274568      1.525669      1.037068      1.192978      1.138428      1.184764 
     1.365938      1.373812      1.440427      1.296487      1.156354      1.512416      1.105970      1.109756      1.094298      1.064335 
     1.499085      1.407636      1.459622      1.469168      1.208445      1.518007      1.097545      1.041732      1.085805      1.160567 
     1.464572      1.371022      1.387026      1.452274      1.169374      1.465727      1.113521      1.079632      1.130695      1.071169 
     1.615206      1.266386      1.479544      1.484856      1.172837      1.501871      1.093845      1.092753      1.140409      1.029527 
     1.440066      1.432082      1.487310      1.347383      1.262862      1.579140      1.108116      1.112997      1.156637      1.138217 
     1.622676      1.390746      1.527685      1.309743      1.237933      1.682353      1.019635      1.110797      1.200967      1.133077 
     1.469252      1.334391      1.499444      1.412843      1.177311      1.552349      1.035710      1.151152      1.141209      1.139813 
     1.406993      1.262047      1.346471      1.468817      1.188464      1.596485      1.071212      1.057409      1.061295      1.172510 
     1.432044      1.430374      1.381557      1.381079      1.213560      1.508363      1.111508      1.305646      1.014042      1.124018 
     1.384732      1.258027      1.557911      1.290296      1.210201      1.594158      1.054411      1.171013      1.122032      1.123093 
     1.458765      1.367008      1.372385      1.362402      1.138088      1.532905      1.191739      1.054954      1.202307      1.192389 
     1.417931      1.306325      1.609032      1.373669      1.274193      1.594449      1.252126      1.040525      1.131764      1.072293 
     1.587529      1.397474      1.516162      1.333640      1.140996      1.447497      1.267522      1.126025      1.040358      1.139767 
     1.494424      1.324029      1.587199      1.278650      1.298061      1.477484      1.160941      1.140806      1.119348      1.052013 
     1.440347      1.304828      1.462818      1.259129      1.260513      1.607957      1.096139      1.163630      1.072364      1.058636 
     1.472520      1.580922      1.457093      1.438346      1.199060      1.718183      1.089948      1.204748      1.161688      1.110089 
     1.519277      1.375781      1.557181      1.208101      1.232558      1.581121      1.112643      1.114991      1.222276      1.065168 
     1.477767      1.354151      1.591755      1.328894      1.162028      1.675704      1.077573      1.147179      1.070259      1.119143 
     1.379462      1.533620      1.448596      1.277096      1.144597      1.648663      1.247786      1.177192      1.238340      1.109489 
     1.460933      1.331227      1.362314      1.296130      1.252554      1.569663      1.311936      1.133756      1.261618      1.166721 
     1.345650      1.413903      1.479280      1.408739      1.261226      1.416319      1.157537      1.157509      1.115601      1.041639 
     1.517252      1.259962      1.510957      1.361309      1.232473      1.603408      1.083945      1.039081      1.101821      1.171086 
     1.624737      1.421600      1.615902      1.301210      1.236742      1.538183      1.194735      1.113691      1.168281      1.199873 
     1.475442      1.291679      1.539476      1.342990      1.225289      1.733033      1.149784      1.105062      1.162488      1.117001 
     1.534136      1.407327      1.419125      1.458583      1.274202      1.565156      1.220672      1.179776      1.123689      1.107988 
     1.526591      1.402903      1.603435      1.362758      1.137305      1.586887      1.230835      1.157691      1.086196      1.086482 
     1.457282      1.349871      1.405003      1.380738      1.275915      1.479666      1.181791      1.061137      1.100892      1.136643 
     1.424034      1.386893      1.402718      1.385233      1.144805      1.534126      1.248458      1.065964      1.169397      1.163309 
     1.582128      1.358465      1.319398      1.390285      1.295612      1.564831      1.130325      1.060025      1.064191      1.076424 
     1.466409      1.381331      1.520140      1.481677      1.272990      1.458605      1.196367      1.060128      1.246935      1.268599 
     1.564240      1.299768      1.477441      1.255398      1.167378      1.367013      1.084419      1.179027      1.152810      1.131603 
     1.441065      1.398767      1.347038      1.581051      1.215119      1.537933      1.135794      1.205603      1.114883      1.125938 
     1.470639      1.414089      1.379528      1.374905      1.195603      1.461516      1.196334      1.188934      1.098004      1.176196 
     1.600216      1.466426      1.431460      1.417032      1.153445      1.377636      1.144787      1.088697      1.061090      1.194552 
     1.462986      1.475792      1.556434      1.349833      1.257564      1.527857      1.110358      1.092401      1.138655      1.058653 
     1.562536      1.319268      1.681193      1.354521      1.215990      1.574202      1.191682      1.127576      1.110283      1.066179 
     1.457380      1.489942      1.386336      1.368304      1.224243      1.500026      1.225314      1.185364      1.084130      1.145206 
     1.412837      1.379616      1.402638      1.402637      1.194846      1.508036      1.111036      1.171747      1.163383      1.040736 
     1.532968      1.357254      1.520303      1.432745      1.196595      1.406246      1.176579      1.000115      1.220084      1.116694 
     1.378093      1.266044      1.484262      1.333901      1.247922      1.470615      1.169156      1.128598      1.068160      1.180715 
     1.486534      1.460483      1.356351      1.255463      1.169902      1.514296      1.091492      1.163610      1.053788      1.133667 
     1.462213      1.275573      1.506850      1.450636      1.301693      1.534139      1.043867      1.217573      1.114293      1.168412 
     1.403580      1.347482      1.534175      1.465489      1.174354      1.563380      1.030396      1.141287      1.198108      1.106795 
     1.450681      1.364859      1.575578      1.296255      1.254088      1.491238      1.108272      1.090937      1.117946      1.119622 
     1.504005      1.307773      1.449339      1.314577      1.239793      1.528879      1.183734      1.091838      1.114583      1.163767 
     1.353157      1.374716      1.507521      1.596736      1.196324      1.828482      1.115793      1.060962      1.126514      1.124593 
     1.408287      1.296471      1.622463      1.364273      1.169798      1.512006      1.093593      1.165719      1.066257      1.202151 
     1.528081      1.326472      1.514007      1.388754      1.189364      1.569724      1.179636      1.047852      1.129739      1.158913 
     1.387376      1.295155      1.518555      1.388889      1.146757      1.750194      1.077891      1.120654      1.076838      1.219767 
     1.404564      1.403649      1.403952      1.300183      1.230668      1.483028      1.004225      1.121553      1.006002      1.196643 
     1.406417      1.472198      1.447337      1.352621      1.255455      1.557474      1.093028      1.085648      1.167061      1.276630 
     1.503498      1.352605      1.536034      1.265206      1.256246      1.438597      1.193514      1.186265      1.160262      1.093788 
     1.631016      1.357272      1.492468      1.386203      1.239749      1.457096      1.086093      1.155140      1.123799      1.148115 
     1.354265      1.410958      1.413751      1.360962      1.186357      1.710651      1.113217      1.261042      1.107848      1.103238 
     1.601742      1.454529      1.509569      1.325082      1.270290      1.512793      1.026517      1.060999      1.158152      1.137120 
     1.403746      1.379983      1.566351      1.560388      1.184099      1.571824      1.079721      1.107173      1.138576      1.095352 
     1.387326      1.398971      1.528102      1.342948      1.248759      1.509798      1.135663      1.196120      1.127398      1.187891 
     1.619416      1.280626      1.472506      1.359907      1.181520      1.447705      1.143240      1.175836      1.117866      1.038788 
     1.612889      1.333043      1.445204      1.347320      1.272393      1.526162      1.100716      1.204568      1.170205      1.173437 
     1.456762      1.441916      1.456518      1.313391      1.246039      1.699451      1.142416      1.132834      1.218546      1.048872 
     1.512818      1.346669      1.434831      1.292513      1.227408      1.395620      1.150711      1.060893      1.086383      1.071568 
     1.490648      1.380636      1.384480      1.409403      1.202683      1.687874      1.083995      1.059721      1.129079      1.099152 
     1.448110      1.381235      1.495269      1.348732      1.201841      1.440654      1.043640      1.115721      1.134961      1.069745 
     1.482259      1.426273      1.419619      1.471856      1.160713      1.492231      1.062156      1.111197      1.193753      1.025260 
     1.521784      1.357210      1.569724      1.356493      1.275939      1.536996      1.274579      1.137533      1.131325      1.143680 
     1.602457      1.381293      1.515806      1.236952      1.255615      1.526238      1.041869      1.097752      1.093297      1.178252 
     1.432637      1.323164      1.405688      1.469645      1.273787      1.580428      1.062508      1.112726      1.156199      1.074968 
     1.594409      1.305173      1.498263      1.330601      1.260364      1.564661      1.084019      1.148977      1.058292      1.275459 
     1.566679      1.450513      1.577067      1.419463      1.163188      1.464755      1.055699      1.226449      1.073185      1.125413 
     1.361166      1.410923      1.418291      1.275389      1.231547      1.651818      1.091734      1.086418      1.159740      1.074464 
     1.444287      1.291457      1.458828      1.291796      1.177789      1.495453      1.257076      1.051375      1.213294      1.109647 
     1.505804      1.487177      1.408270      1.266899      1.308181      1.557412      1.214832      1.037749      1.102234      1.029417 
     1.352207      1.610338      1.413157      1.316897      1.226882      1.675904      1.201355      1.128039      1.037479      1.092933 
     1.351945      1.348306      1.418413      1.404851      1.233791      1.622990      1.081237      1.153996      1.122541      1.135386 
     1.512562      1.318143      1.407718      1.406988      1.197462      1.438112      1.031566      1.157812      1.219472      1.099652 
     1.489883      1.441694      1.463794      1.406940      1.225689      1.723341      1.143483      1.183313      1.139055      1.106091 
     1.413757      1.378710      1.447607      1.401535      1.159067      1.519182      1.211228      1.082231      1.162675      1.127345 
     1.505310      1.357259      1.448934      1.353078      1.190606      1.640139      1.088626      1.172950      1.131023      1.047295 
     1.517756      1.238697      1.465792      1.333610      1.159991      1.596893      1.220588      1.118770      1.168293      1.121549 
     1.420670      1.293799      1.428086      1.385478      1.242987      1.584902      1.241441      1.116659      1.244295      1.074328 
     1.477289      1.380102      1.399264      1.394534      1.261280      1.465538      1.100880      1.162254      1.068363      1.061152 
     1.448688      1.335063      1.472864      1.283439      1.252724      1.671487      1.048858      1.052433      1.053753      1.157158 
     1.432427      1.276144      1.412173      1.464398      1.215998      1.528799      1.155942      1.102794      1.061218      1.112212 
     1.405360      1.369303      1.363027      1.307821      1.142314      1.659199      1.103365      0.991001      1.187870      1.111903 
     1.540822      1.290622      1.630228      1.443642      1.261734      1.508897      1.214478      1.191795      1.145474      1.085828 
     1.492935      1.528434      1.431803      1.340302      1.236195      1.629948      1.146247      1.142838      1.121512      1.154565 
     1.475254      1.284605      1.493738      1.334694      1.268330      1.582002      1.140618      1.149176      1.103759      1.106780 
     1.568494      1.243191      1.502451      1.309572      1.227300      1.468222      1.177940      1.044501      1.114879      1.183339 
     1.696393      1.325017      1.510899      1.308010      1.224885      1.463967      1.101205      1.026538      1.062378      1.057344 
     1.513603      1.299629      1.554587      1.377388      1.204599      1.671642      1.100006      1.103248      1.112547      1.146052 
     1.449078      1.292649      1.390114      1.336959      1.199188      1.506936      1.071350      1.212280      1.096898      1.176996 
     1.546179      1.355727      1.599095      1.366841      1.202518      1.535440      1.129270      1.139239      1.123798      1.134154 
     1.464746      1.345414      1.520848      1.401616      1.192409      1.531062      1.195532      1.177777      1.139828      1.146880 
     1.355732      1.505394      1.476507      1.431981      1.189855      1.548640      1.179115      1.150055      1.076967      1.231185 
     1.420594      1.402319      1.562214      1.369522      1.232046      1.500420      1.022466      1.088577      1.177776      1.078955 
     1.376602      1.349162      1.527234      1.385914      1.314233      1.545356      1.199352      1.161434      1.106830      1.246939 
     1.463494      1.332495      1.500205      1.346666      1.278989      1.436941      1.292322      1.215524      1.120363      1.159144 
     1.445234      1.356063      1.587371      1.292811      1.252355      1.620080      1.117100      1.060668      1.157294      1.017544 
     1.425327      1.528194      1.535891      1.494891      1.220414      1.501895      1.206032      1.226100      1.167135      1.153213 
     1.381614      1.330622      1.404222      1.400559      1.263261      1.511897      1.145457      1.160568      1.073925      1.156538 
     1.350843      1.294343      1.512879      1.300537      1.200516      1.548505      1.053396      1.177763      1.040858      1.072855 
     1.420697      1.322311      1.447039      1.443205      1.282178      1.467092      1.035344      1.209527      1.131700      1.163713 
     1.481673      1.362433      1.462960      1.423744      1.231993      1.585355      1.002524      1.106055      1.183951      1.169028 
     1.302949      1.439566      1.416789      1.350722      1.206746      1.574203      1.166187      1.119919      1.112082      1.090736 
     1.407343      1.461273      1.363359      1.404896      1.184900      1.399247      1.179497      1.107611      1.055870      1.337453 
     1.497859      1.404233      1.668612      1.490370      1.217861      1.570069      1.101513      1.129483      1.084270      1.079523 
     1.401881      1.434470      1.411293      1.487871      1.198599      1.448843      1.062159      1.224226      1.052284      1.162971 
     1.414179      1.381001      1.426225      1.359952      1.230469      1.505843      1.116468      1.109940      1.069549      1.195282 
     1.647247      1.346023      1.349559      1.260146      1.190875      1.563897      1.094166      1.073884      1.076677      1.114960 
     1.476941      1.414851      1.436755      1.313852      1.221550      1.539008      1.152727      1.117541      1.015474      1.168362 
     1.542031      1.398650      1.389573      1.245432      1.267997      1.632149      1.132349      1.075740      1.119338      1.166566 
     1.389144      1.375861      1.398912      1.369422      1.287816      1.618548      1.116938      1.178581      1.127072      1.110221 
     1.600969      1.426502      1.348456      1.319938      1.249882      1.481948      1.087639      1.070703      1.216558      1.156653 
     1.510012      1.242727      1.467195      1.272071      1.200373      1.476257      1.168920      1.202276      1.105689      1.131025 
     1.487654      1.403655      1.620113      1.338181      1.239284      1.529973      1.039749      1.048589      1.105626      1.203132 
     1.651721      1.437334      1.389855      1.403204      1.235442      1.541680      1.064416      1.124656      1.189284      1.198231 
     1.460550      1.262884      1.566613      1.312927      1.283423      1.649989      1.079399      1.175590      1.126105      1.187444 
     1.418995      1.360119      1.406069      1.327619      1.232585      1.548130      1.245401      1.182985      1.121387      1.021530 
     1.563889      1.368711      1.476181      1.363473      1.178394      1.571515      1.182270      1.172461      1.170023      1.152193 
     1.595613      1.361862      1.538313      1.296555      1.175249      1.679844      1.178085      1.077756      1.162527      0.992041 
     1.354838      1.327789      1.314304      1.346053      1.192520      1.576674      1.175928      1.125060      1.122759      1.071772 
     1.506794      1.313218      1.609194      1.308743      1.191345      1.593134      1.074710      1.038876      1.090933      1.135918 
     1.443270      1.381574      1.531201      1.361289      1.235661      1.617765      1.057753      1.043885      1.106162      1.106957 
     1.392162      1.375908      1.607018      1.480979      1.205994      1.646500      1.086211      1.064473      1.244911      1.043846 
     1.478306      1.395061      1.383435      1.331305      1.198432      1.562973      1.313354      1.146075      1.144449      1.157708 
     1.423518      1.434228      1.511443      1.329972      1.350185      1.486081      1.079888      1.071382      1.056845      1.023495 
     1.485172      1.367892      1.476199      1.240455      1.302734      1.472453      1.072456      1.073975      1.163433      1.053313 
     1.315734      1.355918      1.619360      1.346226      1.227240      1.517048      1.128735      1.169854      1.122861      1.183230 
     1.480435      1.494349      1.494777      1.496806      1.274779      1.593557      1.078225      1.010020      1.056173      1.106246 
     1.538328      1.388780      1.354177      1.323090      1.219958      1.549198      1.126750      1.141247      1.137870      1.043610 
     1.307349      1.369654      1.494422      1.316082      1.227065      1.557973      1.226245      1.064319      1.229147      1.145711 
     1.483185      1.358120      1.417673      1.380536      1.248674      1.431004      1.227519      1.037415      1.143326      1.085450 
     1.574804      1.336879      1.561513      1.384246      1.219465      1.458830      1.217857      1.202593      1.076239      1.116350 
     1.473677      1.418855      1.449568      1.355591      1.183021      1.465573      1.036440      1.142236      1.130033      1.144326 
     1.372884      1.353862      1.387387      1.525267      1.172342      1.517880      1.124360      1.130300      1.229823      1.232076 
     1.618106      1.471972      1.584352      1.310321      1.253338      1.579728      1.175071      1.195079      1.159638      1.170429 
     1.443130      1.470109      1.387347      1.404846      1.238635      1.565213      1.191401      1.141592      1.206575      1.128265 
     1.482505      1.273689      1.398557      1.379894      1.241714      1.519737      1.168467      1.064641      1.164699      1.063193 
     1.510192      1.312167      1.377694      1.403883      1.225412      1.480101      1.200547      1.210371      1.194880      1.111629 
     1.443294      1.345957      1.554639      1.373072      1.203152      1.558013      0.999424      1.127759      1.235917      1.149276 
     1.479444      1.292218      1.447719      1.356217      1.311816      1.510125      1.122863      1.163380      1.119626      1.129276 
     1.469838      1.341065      1.450915      1.349191      1.308098      1.585371      1.128149      1.051408      1.096919      1.177324 
     1.649541      1.308066      1.417198      1.444872      1.267455      1.568777      1.143353      1.146592      1.028901      1.162866 
     1.508007      1.242904      1.455790      1.265787      1.244504      1.480231      1.037941      1.144158      1.058561      1.147930 
     1.437909      1.355847      1.547378      1.409257      1.212181      1.631985      1.166947      1.170443      1.165595      1.212049 
     1.651013      1.302563      1.536391      1.431135      1.236679      1.505341      1.169432      1.090853      1.004773      1.052842 
     1.509754      1.367011      1.443927      1.277439      1.263369      1.683685      1.191849      1.082837      1.075303      1.051206 
     1.386009      1.428004      1.407997      1.330678      1.209984      1.605287      1.012466      1.034412      1.120926      1.231298 
     1.504222      1.445311      1.467336      1.352600      1.173741      1.644634      1.082033      1.057785      1.062385      1.106083 
     1.515518      1.344215      1.548274      1.331400      1.164131      1.507128      1.047514      1.151317      1.019842      1.192757 
     1.342292      1.236060      1.363641      1.380811      1.249281      1.616112      1.055530      1.117035      1.103606      1.206405 
     1.431990      1.325167      1.573386      1.346098      1.206318      1.474699      1.171653      1.158023      1.129402      1.089080 
     1.432141      1.390279      1.469196      1.342430      1.261781      1.668245      1.166644      1.118358      1.175859      1.118045 
     1.624362      1.401875      1.548782      1.289864      1.216294      1.559276      1.155566      1.092285      0.992273      1.166125 
     1.431058      1.316662      1.408856      1.375935      1.186789      1.542181      1.197144      1.088603      1.127196      1.018947 
     1.517513      1.354274      1.532636      1.350801      1.337720      1.459080      1.191427      1.170996      1.179114      1.220355 
     1.369871      1.279634      1.419003      1.426315      1.290357      1.596008      1.230249      1.132771      1.095784      1.147913 
     1.345064      1.427454      1.523350      1.262726      1.207196      1.513553      1.150044      1.118722      1.182586      1.045279 
     1.524045      1.351591      1.561717      1.444510      1.238745      1.648295      1.161194      1.262572      1.141225      1.155993 
     1.492407      1.299968      1.462351      1.409340      1.183666      1.434850      1.153132      1.118823      1.117453      1.144010 
     1.384729      1.371509      1.400806      1.366299      1.237547      1.627413      1.050372      1.148005      1.167856      1.110753 
     1.412657      1.358679      1.530412      1.421362      1.226256      1.494137      1.074929      1.178798      1.106054      1.174139 
     1.554688      1.388035      1.461773      1.333623      1.218951      1.484539      1.173139      1.089311      1.132007      1.159251 
     1.552458      1.335343      1.448618      1.352141      1.191960      1.462977      1.195214      1.107731      1.119918      1.070796 
     1.503803      1.491365      1.390015      1.365758      1.180747      1.527173      1.125034      1.104019      1.178414      1.112344 
     1.558574      1.386107      1.569017      1.496507      1.289362      1.454137      1.020579      1.060661      1.072404      1.067695 
     1.530735      1.368155      1.462969      1.409685      1.263900      1.547271      1.077356      1.151750      1.104913      1.110481 
     1.373676      1.349998      1.461530      1.339917      1.250114      1.451174      1.108215      1.169583      1.056009      1.186187 
     1.390865      1.383231      1.423070      1.348359      1.250336      1.504931      1.094009      1.104936      1.246533      1.127672 
     1.515483      1.380493      1.523212      1.472683      1.215561      1.480904      1.291804      1.141181      1.012706      1.085777 
     1.461456      1.273281      1.477379      1.285754      1.343365      1.677731      1.141275      1.077856      1.118390      1.117595 
     1.515624      1.346213      1.549705      1.340571      1.278458      1.452890      1.036573      1.220164      1.105006      1.147133 
     1.715208      1.298891      1.457644      1.435633      1.249781      1.583744      1.096667      1.078868      1.199763      1.089547 
     1.384082      1.369738      1.390735      1.298018      1.260643      1.434504      1.169590      1.109104      1.154523      1.067895 
     1.437934      1.504189      1.534773      1.358226      1.198896      1.620815      1.059440      1.037185      1.084293      1.142861 
     1.736385      1.359730      1.532278      1.346628      1.246366      1.468702      1.077238      1.173202      1.253926      1.195752 
     1.446390      1.294083      1.404730      1.474468      1.235526      1.577229      1.014847      1.180010      1.143924      1.189928 
     1.380086      1.306046      1.475905      1.402900      1.206222      1.584609      1.216505      1.231660      1.104775      1.026602 
     1.455807      1.498877      1.464303      1.376476      1.192210      1.525057      1.208284      1.142248      1.169864      1.078991 
     1.437031      1.328740      1.580033      1.368683      1.177937      1.647760      1.204386      1.122601      1.210918      1.053764 
     1.403435      1.297507      1.446741      1.273626      1.286069      1.646254      1.130375      1.143894      1.227808      1.086796 
     1.379875      1.366440      1.482603      1.286436      1.228502      1.650247      1.098793      1.055478      1.080460      1.161118 
     1.597999      1.290512      1.474445      1.386481      1.289668      1.585800      1.064923      1.140202      1.111007      1.157833 
     1.707724      1.269708      1.460181      1.342691      1.289245      1.620210      1.080100      1.119647      1.238195      1.105544 
     1.520320      1.358456      1.415619      1.287485      1.187263      1.498876      1.072991      1.095445      1.137804      1.210411 
     1.550958      1.394206      1.408779      1.323460      1.331401      1.436172      1.051410      1.069849      1.087276      1.030887 
     1.463655      1.428855      1.369034      1.295233      1.233771      1.538692      1.075113      1.106361      1.196956      1.080639 
     1.323755      1.359963      1.517044      1.374788      1.209592      1.533946      1.096731      1.139818      1.136671      1.157157 
     1.581539      1.378032      1.572510      1.354428      1.217988      1.557845      1.131871      1.020917      1.140611      1.120791 
     1.435610      1.385909      1.440507      1.288045      1.149338      1.566699      1.135778      1.157902      1.080185      1.136613 
     1.345952      1.380801      1.414720      1.294397      1.273523      1.493036      1.167937      1.118875      1.058828      1.094940 
     1.470041      1.385597      1.488228      1.314982      1.216594      1.599614      1.180067      1.089679      1.167541      1.064137 
     1.478821      1.343318      1.442216      1.422492      1.231241      1.553542      1.134317      1.134456      1.141828      1.101337 
     1.492638      1.289289      1.379920      1.323948      1.203168      1.567121      1.099958      1.159690      1.137906      1.119694 
     1.575329      1.298379      1.468707      1.482651      1.184362      1.589588      1.131126      1.150317      1.133619      1.237330 
     1.494019      1.326472      1.433165      1.499383      1.319696      1.593486      1.209187      1.216670      1.183818      1.190122 
     1.510233      1.304979      1.589747      1.425016      1.253139      1.488964      1.250832      1.147029      1.079417      1.134058 
     1.368931      1.405186      1.423790      1.321191      1.257246      1.437840      1.177153      1.095797      1.166540      1.060346 
     1.320649      1.422526      1.523096      1.302859      1.278045      1.496953      1.164007      1.103363      1.023399      1.056970 
     1.491699      1.455381      1.508081      1.359353      1.192474      1.577496      1.071226      1.130054      1.174596      1.228392 
     1.354890      1.372088      1.586322      1.259240      1.342338      1.554317      1.170077      1.179871      1.101785      1.218283 
     1.439170      1.383658      1.488681      1.378613      1.220194      1.559521      1.286449      1.089630      1.061825      1.042919 
     1.639633      1.335506      1.563475      1.317982      1.206901      1.635098      1.112900      1.149391      1.025331      1.179520 
     1.362829      1.293621      1.377888      1.386620      1.238841      1.535321      1.079933      1.266608      1.074684      1.141654 
     1.482811      1.334558      1.477323      1.534108      1.170332      1.543487      1.165773      1.177345      1.190109      1.176585 
     1.638389      1.343265      1.488588      1.396381      1.280993      1.685042      1.146077      1.048277      1.112116      1.112474 
     1.422805      1.407483      1.448368      1.322325      1.224923      1.499013      1.245704      1.044041      1.095644      1.096277 
     1.470240      1.390167      1.510684      1.276663      1.223742      1.479517      1.056990      1.097798      1.122194      1.225787 
     1.449467      1.375612      1.571023      1.457397      1.245141      1.530039      1.015785      1.130538      1.081550      1.157243 
     1.379877      1.441826      1.498285      1.376294      1.182550      1.515007      1.044095      1.092423      1.054070      1.167206 
     1.465994      1.283496      1.582919      1.241256      1.293250      1.502799      1.140953      1.046318      1.018594      1.139018 
     1.419690      1.397606      1.467045      1.380531      1.268042      1.424957      1.046770      1.152569      1.146949      1.110454 
     1.539174      1.404508      1.536639      1.325061      1.274796      1.684939      1.184439      1.074876      1.139624      1.055525 
     1.713928      1.302849      1.362159      1.355959      1.276045      1.607191      1.215008      1.112249      1.114441      1.210550 
     1.461662      1.294072      1.450314      1.373289      1.202570      1.482077      1.296599      1.127391      1.091597      1.064047 
     1.578276      1.301312      1.387783      1.433697      1.324720      1.540779      1.161531      1.144344      1.146831      1.165761 
     1.497982      1.289302      1.486327      1.352550      1.218349      1.557665      1.155159      1.110624      1.138030      1.153922 
     1.364766      1.293595      1.417516      1.457299      1.225794      1.428875      1.186877      1.090748      1.215963      1.090046 
     1.517598      1.400416      1.490872      1.344150      1.234485      1.697784      1.065669      1.214211      1.074555      1.129036 
     1.366197      1.333036      1.503336      1.365818      1.170990      1.579323      1.119874      1.115081      1.113241      1.127843 
     1.428079      1.297673      1.486230      1.235646      1.263381      1.476349      1.113986      1.121007      1.137636      1.034931 
     1.471915      1.346172      1.512742      1.375209      1.230059      1.631053      1.137865      1.091367      1.069993      1.256824 
     1.452159      1.392788      1.443673      1.380130      1.232452      1.640956      1.096089      1.101609      1.082429      1.150598 
     1.463743      1.357597      1.401414      1.283073      1.197092      1.521292      1.138956      1.048825      1.082993      1.127138 
     1.580368      1.295609      1.547800      1.373478      1.182990      1.646769      1.079141      1.135697      1.107062      1.036726 
     1.426988      1.357365      1.382041      1.492884      1.340703      1.520198      1.048121      1.117436      1.167566      1.111166 
     1.495739      1.382031      1.547399      1.240922      1.256907      1.672198      1.046098      1.158087      1.177364      1.102885 
     1.448845      1.263171      1.385114      1.373347      1.269329      1.511415      1.063744      1.117785      1.097630      1.226139 
     1.294493      1.367284      1.515757      1.354679      1.275106      1.518632      1.050371      1.095904      1.246371      1.193594 
     1.626086      1.368752      1.404512      1.411364      1.183324      1.589254      1.177857      1.100966      1.076326      1.032831 
     1.448236      1.311117      1.548230      1.361585      1.277539      1.567544      1.123062      1.042685      1.118914      1.023399 
     1.393815      1.446404      1.455304      1.408326      1.203517      1.521598      1.023078      1.195606      1.124950      1.198069 
     1.497284      1.391499      1.546338      1.371215      1.200058      1.560859      1.094007      1.084231      1.262268      1.078426 
     1.462185      1.301579      1.501262      1.295840      1.231653      1.435464      1.175148      0.999155      1.139479      1.101552 
     1.517591      1.428067      1.377387      1.361490      1.209784      1.521264      1.069097      1.036389      1.166269      1.076587 
     1.547162      1.455968      1.431782      1.380056      1.293029      1.689108      1.075044      1.214651      1.196992      1.201097 
     1.470267      1.348683      1.451978      1.394577      1.224287      1.377277      1.006872      1.192967      1.090972      1.070965 
     1.563914      1.289081      1.479146      1.359636      1.220419      1.550393      1.163865      1.217467      1.112228      1.035977 
     1.578344      1.440162      1.475463      1.334240      1.247885      1.513668      1.285422      1.159802      1.169348      1.121131 
     1.344895      1.445679      1.509860      1.322780      1.178843      1.401871      1.220716      1.165419      1.221038      1.198258 
     1.498041      1.251157      1.469624      1.390952      1.241197      1.554215      1.118649      1.219603      1.254036      1.091769 
     1.474069      1.281880      1.392047      1.458543      1.280286      1.497638      1.203275      1.079607      1.111907      1.152798 
     1.485835      1.417407      1.443678      1.370273      1.265685      1.529576      1.100996      1.165000      1.081958      1.164346 
     1.564054      1.414675      1.472076      1.301188      1.280533      1.569592      1.058850      1.151558      1.110403      1.070359 
     1.308304      1.451461      1.521815      1.314297      1.207426      1.539409      1.002716      1.154434      1.083199      1.246751 
     1.519712      1.409283      1.446087      1.334481      1.286017      1.508471      1.082411      1.167593      1.129306      1.169321 
     1.561550      1.294793      1.517802      1.422141      1.189785      1.470137      1.201845      1.130012      1.142354      1.119447 
     1.580274      1.429349      1.379927      1.272032      1.214379      1.495001      1.116759      1.109610      1.102794      1.071368 
     1.467692      1.382434      1.412676      1.442959      1.250873      1.520172      1.167280      1.117887      1.154047      1.102668 
     1.400725      1.398828      1.507098      1.319927      1.241875      1.619121      1.112834      1.214013      1.093835      1.147312 
     1.500509      1.314593      1.460460      1.333827      1.237056      1.372432      1.061099      1.203343      1.093982      1.184575 
     1.490421      1.331556      1.403959      1.351825      1.241592      1.666946      1.096355      1.198237      1.179953      1.158887 
     1.351426      1.460493      1.564878      1.314388      1.242647      1.457930      1.229364      1.176376      1.149502      1.212623 
     1.369283      1.319391      1.460204      1.325911      1.216493      1.548953      1.097383      1.190990      1.154358      1.116978 
     1.588008      1.421891      1.544116      1.427749      1.207171      1.593265      1.194301      1.080183      1.152658      1.221483 
     1.505971      1.313414      1.410302      1.715469      1.273089      1.624826      1.173617      1.161343      1.117688      1.171811 
     1.371715      1.342354      1.544165      1.356810      1.263083      1.637928      1.182931      1.138614      1.041657      1.200607 
     1.450667      1.328925      1.487829      1.286973      1.259688      1.563901      1.162106      1.159217      1.147300      1.054602 
     1.484569      1.273687      1.426378      1.354467      1.279356      1.540377      1.200142      1.164999      1.059096      1.056159 
     1.714901      1.309148      1.421670      1.375975      1.186685      1.507893      1.175038      1.166135      1.130022      1.206764 
     1.514625      1.331975      1.400558      1.361404      1.222997      1.501137      1.079590      1.174891      1.097002      1.223058 
     1.461593      1.501760      1.437558      1.363239      1.190782      1.598001      1.291823      1.079775      1.108893      1.044737 
     1.482546      1.331859      1.547513      1.518823      1.185571      1.545273      1.086876      1.141788      1.025049      1.185476 
     1.454190      1.309265      1.449689      1.247942      1.215864      1.586725      1.124576      1.265174      1.133678      1.072601 
     1.482674      1.313301      1.405011      1.459865      1.232653      1.430636      1.149614      1.222813      1.132275      1.160602 
     1.392009      1.402194      1.550079      1.358637      1.254565      1.714892      1.109879      1.084197      1.072400      1.079247 
     1.388759      1.378775      1.503941      1.369087      1.223858      1.523377      1.227456      1.079378      1.161211      1.110514 
     1.579449      1.298001      1.369457      1.378001      1.238485      1.536821      1.046736      1.036374      1.165737      1.171230 
     1.544735      1.310286      1.477499      1.407697      1.220458      1.536577      1.055714      1.117818      1.094684      1.080135 
     1.423455      1.348473      1.430307      1.383821      1.215629      1.390524      1.077873      1.103801      1.047721      1.057932 
     1.341778      1.360710      1.574102      1.335831      1.182422      1.482144      1.153932      1.019173      1.012660      1.105603 
     1.549818      1.419708      1.401489      1.264881      1.282539      1.465397      1.044082      1.109689      1.129436      1.043045 
     1.448695      1.336715      1.450474      1.416103      1.251594      1.510688      1.154853      1.065561      1.187381      1.119089 
     1.425529      1.327319      1.530082      1.414838      1.292821      1.527844      1.184858      1.102363      1.151995      1.150282 
     1.342635      1.430547      1.435432      1.353031      1.188744      1.549603      1.260112      1.068884      1.171660      0.991052 
     1.377031      1.409044      1.605056      1.332865      1.208184      1.552818      1.148848      1.140833      1.107811      1.119067 
     1.401042      1.337235      1.428312      1.341125      1.165920      1.610952      1.026206      1.062692      1.098394      1.143999 
     1.560672      1.320360      1.491021      1.352211      1.185475      1.529034      1.191398      1.173567      1.192613      1.190611 
     1.519261      1.378177      1.478197      1.388139      1.251145      1.502885      1.034146      1.176139      1.094918      1.111589 
     1.420837      1.284291      1.564513      1.418960      1.285304      1.571883      1.116648      1.012848      1.133623      1.067644 
     1.514223      1.376346      1.359026      1.374917      1.230624      1.494572      1.213969      1.019314      1.192700      1.064664 
     1.508355      1.382498      1.406549      1.270208      1.229268      1.638540      1.186819      1.027504      1.092478      1.205948 
     1.390634      1.385993      1.652006      1.345226      1.214326      1.551929      1.110116      1.277490      1.064376      1.034685 
     1.480622      1.363396      1.457602      1.344560      1.232356      1.503359      1.317687      1.140220      1.073075      1.168363 
     1.475543      1.367410      1.633794      1.360683      1.217924      1.783853      1.058998      1.202950      1.110434      1.076881 
     1.691678      1.517199      1.423235      1.370550      1.198449      1.517145      1.089126      1.112318      1.169068      1.174058 
     1.436793      1.313602      1.522434      1.372054      1.264875      1.574226      1.068953      1.136198      1.167611      1.177744 
     1.563195      1.394105      1.401465      1.309571      1.246495      1.598257      1.099364      1.114613      1.119319      1.171300 
     1.581951      1.355861      1.358207      1.247080      1.258436      1.514790      1.089975      1.030788      1.210685      1.208107 
     1.651173      1.387437      1.546173      1.386976      1.185362      1.492982      1.089860      1.066810      1.127666      1.147751 
     1.518770      1.373723      1.341426      1.442284      1.163582      1.504697      1.148058      1.041475      1.146764      1.037598 
     1.532398      1.299269      1.504288      1.510711      1.166396      1.485612      1.025609      1.188160      1.105468      1.178230 
     1.514852      1.478242      1.465262      1.358150      1.197472      1.488615      1.112386      1.126125      1.227465      1.075646 
     1.437767      1.299594      1.387292      1.390175      1.220339      1.618208      1.169979      0.997969      1.084761      1.119596 
     1.481070      1.401495      1.389544      1.321213      1.280074      1.571728      1.117402      1.166388      1.114215      1.136117 
     1.469181      1.333759      1.680326      1.331385      1.241335      1.567301      1.118369      1.096474      1.203407      1.162918 
     1.448237      1.391316      1.467019      1.415140      1.238021      1.524592      1.043492      1.161096      1.067481      1.068149 
     1.455682      1.432821      1.322529      1.293670      1.223295      1.553236      1.169879      1.092214      1.073720      1.089494 
     1.462372      1.430992      1.467357      1.367235      1.214962      1.482611      1.131339      1.026194      1.116519      1.127521 
     1.472860      1.415613      1.365357      1.283824      1.241516      1.419849      1.134045      1.171731      1.226023      1.194746 
     1.323422      1.333503      1.396052      1.434818      1.180709      1.692138      1.077238      1.257554      1.165475      1.020789 
     1.385648      1.326962      1.438644      1.392418      1.214040      1.508609      1.213762      1.117133      1.153489      1.123524 
     1.400132      1.369836      1.526598      1.311346      1.234521      1.439489      1.076747      1.182690      1.045877      1.131395 
     1.385467      1.440478      1.550580      1.351489      1.261581      1.550598      1.068823      1.184184      1.098585      1.124104 
     1.379283      1.290680      1.388436      1.382350      1.178303      1.582230      1.052006      1.186287      1.100539      1.276613 
     1.396574      1.361492      1.686914      1.380879      1.156255      1.589290      1.105426      1.194910      1.105604      1.168739 
     1.355832      1.492412      1.396952      1.325394      1.155710      1.519137      1.196947      1.210012      1.128976      1.164589 
     1.525754      1.305667      1.473018      1.329155      1.177864      1.548179      1.072256      1.083630      1.093938      1.044650 
     1.492407      1.360880      1.551276      1.368883      1.237393      1.425800      1.202493      1.100458      1.101568      1.111742 
     1.490424      1.413691      1.478585      1.256639      1.291275      1.493202      1.079782      1.203417      1.129751      1.159449 
     1.396754      1.447872      1.361693      1.414060      1.260364      1.603675      1.053094      1.151670      1.043808      1.168863 
     1.393884      1.258454      1.479737      1.389369      1.215509      1.555050      1.081817      1.229157      1.125610      1.063407 
     1.503584      1.380900      1.602680      1.353143      1.225243      1.531954      1.122545      1.118263      1.162892      1.175277 
     1.565594      1.334074      1.544546      1.362297      1.242988      1.539891      1.014315      1.210790      1.152069      1.102508 
     1.527980      1.379008      1.579557      1.401523      1.230086      1.612328      1.182827      1.022204      1.146448      1.103060 
     1.580915      1.367089      1.627376      1.334561      1.157836      1.468884      1.080556      1.083178      1.130943      1.083847 
     1.545426      1.379340      1.479511      1.345309      1.248994      1.559221      1.197118      1.151787      1.090112      1.186409 
     1.554581      1.275326      1.475368      1.446815      1.254541      1.548720      1.094327      1.187539      1.143826      1.075453 
     1.536702      1.304614      1.392419      1.357255      1.257074      1.583169      1.205285      1.180166      1.041626      1.041962 
     1.641638      1.450933      1.455612      1.420501      1.226444      1.582340      1.283127      1.213577      1.073302      1.130788 
     1.536606      1.444081      1.338376      1.456060      1.156722      1.510848      1.068750      1.176852      1.168788      1.201768 
     1.582490      1.447693      1.490583      1.383127      1.157156      1.500566      1.188704      1.053791      1.160668      1.052263 
     1.394192      1.420699      1.519497      1.411007      1.203518      1.524109      1.173561      1.235536      1.070269      1.236682 
     1.456351      1.404658      1.448082      1.338221      1.209992      1.607716      1.117492      1.237765      1.182437      1.119194 
     1.454655      1.337553      1.413615      1.440690      1.261022      1.519427      1.156579      1.180273      1.135401      1.132800 
     1.508411      1.268701      1.626146      1.322156      1.259730      1.487860      1.151716      1.270488      1.060493      1.111940 
     1.516158      1.379247      1.456728      1.348250      1.241589      1.697104      1.180910      1.127617      1.266357      1.143503 
     1.450679      1.316839      1.441049      1.399249      1.216479      1.462379      1.119239      1.168353      1.151627      1.175959 
     1.386662      1.361542      1.388100      1.408584      1.225653      1.586379      1.153664      1.271242      1.170356      1.110662 
     1.398915      1.320725      1.415029      1.412012      1.220855      1.506311      1.183494      1.166785      1.130297      1.086661 
     1.396313      1.341135      1.360608      1.453014      1.210302      1.588449      1.135176      1.109847      1.121256      1.169370 
     1.402857      1.319025      1.496146      1.406491      1.188910      1.561401      1.063414      1.108731      1.053262      1.123812 
     1.419588      1.391961      1.426855      1.307191      1.252994      1.495530      1.120130      1.068106      1.199673      1.115677 
     1.413947      1.410923      1.530048      1.369676      1.263980      1.488706      1.166485      1.094066      1.218282      1.068307 
     1.416432      1.326259      1.448804      1.239438      1.187297      1.485588      1.120769      1.067631      1.127992      0.999754 
     1.419340      1.422413      1.634472      1.362551      1.127138      1.488210      1.081839      1.081287      1.113777      1.032436 
     1.430378      1.322253      1.424990      1.354433      1.159310      1.582008      1.063400      1.047678      1.068201      1.060470 
     1.496504      1.302557      1.473762      1.350264      1.179898      1.635104      1.154789      1.173027      1.136936      1.238030 
     1.456421      1.305749      1.390331      1.333691      1.208236      1.587503      1.027197      1.174214      1.097509      1.083411 
     1.477386      1.294582      1.456036      1.417929      1.234918      1.570328      1.107161      1.015973      1.129119      1.084693 
     1.424372      1.412769      1.498615      1.321378      1.302047      1.632961      1.169603      1.132510      1.198002      1.082560 
     1.445461      1.358716      1.406206      1.339792      1.203160      1.491661      1.174806      1.026837      1.061227      1.144399 
     1.490997      1.466320      1.573645      1.277236      1.252664      1.519350      1.064049      1.172553      1.068976      1.058246 
     1.601926      1.339834      1.458609      1.372656      1.236918      1.460931      1.179642      1.076367      1.121266      1.148740 
     1.546326      1.412070      1.563379      1.351329      1.259916      1.567222      1.074186      1.192645      1.098569      1.208575 
     1.613375      1.400149      1.545139      1.386385      1.141774      1.456475      1.145809      1.167406      1.059460      1.176034 
     1.521973      1.464440      1.419634      1.423665      1.189094      1.489123      1.085273      1.100059      1.132216      1.093248 
     1.471367      1.406548      1.562606      1.311542      1.221066      1.598245      1.137931      1.040530      1.119127      1.125306 
     1.461805      1.302261      1.482556      1.323620      1.233562      1.535956      1.071469      1.072531      1.202496      1.204229 
     1.414004      1.435298      1.552408      1.616194      1.234852      1.591114      1.032879      1.016160      1.202805      1.135502 
     1.452838      1.326509      1.369458      1.550106      1.163306      1.632284      1.127378      1.049219      1.096947      1.234179 
     1.437364      1.425932      1.463060      1.494534      1.200300      1.559668      1.087868      1.197479      1.144723      1.162708 
     1.473310      1.464873      1.400838      1.405320      1.198682      1.470567      1.091801      0.997178      1.194631      1.005652 
     1.495807      1.365318      1.619330      1.339929      1.250325      1.466011      1.149437      1.049730      1.114647      1.094498 
     1.419899      1.385532      1.501822      1.338134      1.237566      1.575493      1.181984      1.142156      1.116312      1.134152 
     1.495904      1.359433      1.622171      1.257816      1.278350      1.484444      1.129525      0.994086      1.207485      1.094584 
     1.541498      1.365744      1.524556      1.322009      1.234123      1.736538      1.067574      1.121884      1.056115      1.143719 
     1.364883      1.313600      1.473668      1.384883      1.211545      1.538013      1.182515      1.107785      1.128805      1.055100 
     1.368723      1.412251      1.501516      1.312330      1.237026      1.613051      1.221019      1.012784      1.085007      1.133338 
     1.372390      1.343846      1.381699      1.322097      1.232298      1.622061      1.023573      1.105433      1.108131      1.120555 
     1.471387      1.460851      1.442381      1.362549      1.160140      1.630197      1.141483      1.188580      1.119955      1.046586 
     1.390994      1.382743      1.479937      1.334071      1.169352      1.705120      1.189621      1.127358      1.185793      1.128349 
     1.458451      1.307037      1.409718      1.387857      1.239045      1.442862      1.135881      1.102972      1.035461      1.109713 
     1.580515      1.427497      1.398376      1.400709      1.238927      1.503930      1.052801      1.210486      1.033490      1.166843 
     1.554995      1.276274      1.418918      1.259466      1.183874      1.418508      1.178868      1.155441      1.122909      1.221063 
     1.475876      1.446578      1.501897      1.309303      1.152686      1.513785      1.174204      1.133899      1.146583      1.196335 
     1.471571      1.294731      1.503341      1.300199      1.201957      1.483312      1.207651      1.214131      1.130914      1.203024 
     1.431689      1.411043      1.490939      1.292214      1.190866      1.607207      1.064868      1.204099      1.113753      1.053998 
     1.404630      1.322061      1.341085      1.383785      1.222588      1.502581      1.240757      1.066164      1.096428      1.101955 
     1.497280      1.460842      1.384896      1.291749      1.218504      1.519857      1.063774      1.184596      1.085689      1.148805 
     1.476756      1.312105      1.569495      1.410952      1.290468      1.578233      1.067697      1.223818      1.063785      1.092890 
     1.365531      1.395767      1.452205      1.426679      1.212954      1.370241      1.083844      1.253643      1.130025      1.063390 
     1.576269      1.314528      1.395223      1.497462      1.240072      1.627796      1.159898      1.063632      1.142944      1.174005 
     1.525250      1.342349      1.379094      1.397769      1.215052      1.519073      1.033237      1.243715      1.093278      1.091126 
     1.584584      1.343825      1.491307      1.430327      1.281091      1.473573      1.160196      1.111473      1.175263      1.084521 
     1.444146      1.336309      1.527029      1.585580      1.155172      1.616229      1.069929      1.057069      1.226920      1.150986 
     1.486165      1.334937      1.442852      1.464813      1.177135      1.516231      1.161293      1.127632      1.114280      1.138544 
     1.489598      1.455375      1.548187      1.334356      1.241320      1.516231      1.100415      1.196563      1.130680      1.128105 
     1.364143      1.378255      1.530059      1.257258      1.221769      1.633908      1.142586      1.168558      1.154433      1.107199 
     1.454848      1.547440      1.548661      1.389230      1.236568      1.740826      1.197495      1.217255      1.028201      1.142817 
     1.418747      1.408123      1.570831      1.390018      1.199892      1.605722      1.104201      1.198032      1.126551      1.054780 
     1.487711      1.469048      1.416667      1.426296      1.231435      1.550606      1.112612      1.061060      1.105042      1.076044 
     1.520669      1.324983      1.426298      1.377126      1.211597      1.479152      1.215988      1.242368      1.079951      1.284309 
     1.573766      1.348868      1.656149      1.384274      1.259228      1.472698      1.155844      1.194212      1.122433      1.091539 
     1.478881      1.364337      1.514737      1.359161      1.218969      1.457668      1.199616      1.169500      1.107636      1.139740 
     1.442786      1.362841      1.596788      1.396874      1.281059      1.489026      1.167713      1.249571      1.040567      1.145400 
     1.569579      1.315304      1.494669      1.376407      1.205349      1.736918      1.121711      1.100956      1.283823      1.148951 
     1.369858      1.486280      1.566226      1.226489      1.226886      1.437838      1.064903      1.169942      1.134095      1.179924 
     1.453752      1.391867      1.607525      1.276403      1.246095      1.548173      1.111715      1.240678      1.214600      1.076910 
     1.351424      1.299495      1.524229      1.296861      1.239029      1.613659      1.225671      1.134619      1.148477      1.107926 
     1.525659      1.413038      1.538694      1.302202      1.118508      1.492528      1.105674      1.078329      1.114652      1.159996 
     1.488265      1.359267      1.479760      1.389001      1.196110      1.553127      1.064530      1.111059      1.067661      1.119278 
     1.511033      1.321124      1.420074      1.324109      1.225078      1.497105      1.084724      1.193577      1.229367      1.127815 
     1.555564      1.326833      1.441089      1.489675      1.233055      1.442538      1.204116      1.009897      1.216776      1.072473 
     1.410500      1.251148      1.408999      1.350475      1.201186      1.526937      1.045682      1.162899      1.158699      1.068954 
     1.452488      1.326802      1.366731      1.387865      1.216057      1.612288      1.105955      1.142946      1.129626      1.058978 
     1.431726      1.313284      1.446321      1.293273      1.230709      1.548691      1.087743      1.062397      1.125358      1.109143 
     1.470148      1.347091      1.443154      1.454008      1.235544      1.548051      1.132801      1.083892      1.098379      1.239454 
     1.361307      1.282586      1.361164      1.333167      1.210801      1.612693      0.987720      1.193940      1.118111      1.116707 
     1.389823      1.360009      1.463925      1.440704      1.206158      1.573422      1.157281      1.036866      1.140021      1.101565 
     1.518439      1.296843      1.546688      1.296256      1.254460      1.527193      1.143558      0.975632      1.288135      1.179293 
     1.412649      1.470119      1.429306      1.369732      1.203060      1.433867      1.174778      1.028707      1.128710      1.131429 
     1.616954      1.416202      1.395492      1.426205      1.183002      1.589630      1.211465      1.182123      1.084324      1.099606 
     1.428953      1.327452      1.371499      1.474883      1.202093      1.518424      1.246294      1.053797      1.163073      1.074787 
     1.548275      1.397904      1.383500      1.437925      1.261322      1.508829      1.028803      1.171349      1.128450      1.229352 
     1.396442      1.577312      1.439039      1.482597      1.198161      1.534754      1.177133      1.182503      1.059347      1.196519 
     1.328019      1.493209      1.489082      1.367113      1.193837      1.457141      1.061438      1.104030      1.214445      1.114816 
     1.404527      1.375131      1.503566      1.435263      1.228107      1.539255      1.082799      1.075627      1.120061      1.066298 
     1.372061      1.316706      1.515469      1.403275      1.188495      1.551192      1.159778      1.160326      1.179070      1.099170 
     1.627603      1.389618      1.591461      1.423835      1.205659      1.532005      1.090130      1.002897      1.259491      1.009911 
     1.520646      1.307317      1.622199      1.319190      1.255336      1.550858      1.134223      1.042010      1.162667      1.257019 
     1.533982      1.369293      1.562579      1.443950      1.231549      1.543709      1.086368      1.208209      1.118245      1.136452 
     1.449757      1.310519      1.483200      1.295290      1.231033      1.463350      1.151270      1.004747      1.167719      0.949921 
     1.527728      1.397437      1.514074      1.449759      1.273267      1.503377      1.124529      1.147040      1.130958      1.122430 
     1.555886      1.288160      1.400649      1.312496      1.208943      1.607486      1.125743      1.131933      1.156975      1.094594 
     1.416942      1.403071      1.502700      1.400532      1.272926      1.571966      1.158497      1.161513      1.122915      1.077658 
     1.436222      1.404911      1.491307      1.365658      1.169715      1.647179      1.126966      1.211256      0.994184      1.139014 
     1.416228      1.336159      1.477741      1.420849      1.181478      1.489259      1.119885      1.083104      1.111671      1.044876 
     1.503143      1.365415      1.662694      1.311131      1.204152      1.489271      1.099835      1.015706      1.012257      1.139458 
     1.461015      1.360700      1.501888      1.255706      1.229524      1.581183      1.106158      1.084298      1.128838      1.095094 
     1.454380      1.257848      1.523267      1.291334      1.160993      1.546256      1.141796      1.159780      1.105449      1.033907 
     1.650268      1.274731      1.408874      1.334757      1.241805      1.592013      1.204235      1.170425      1.108061      1.083381 
     1.463993      1.325637      1.458816      1.297545      1.184414      1.612689      1.161013      1.047587      1.034831      1.066964 
     1.545152      1.463751      1.464442      1.312215      1.195597      1.521623      1.047090      1.219492      1.008354      1.209333 
     1.401608      1.406121      1.348724      1.308068      1.208233      1.576844      1.278175      1.095553      1.097715      1.113654 
     1.382793      1.385551      1.385398      1.390084      1.274305      1.539798      1.161903      1.090401      1.055824      1.136221 
     1.382602      1.292806      1.389193      1.401515      1.251741      1.537049      1.147116      1.200966      1.106759      1.125581 
     1.476880      1.349111      1.469626      1.381298      1.282865      1.612804      1.059691      1.192147      1.167925      1.146257 
     1.462919      1.301520      1.472872      1.245701      1.238577      1.434938      1.260478      1.050369      1.110196      1.084972 
     1.409966      1.494572      1.522093      1.353222      1.222954      1.469584      1.053006      1.193202      1.098012      1.116436 
     1.535930      1.321404      1.545876      1.299082      1.226442      1.472181      1.013015      1.266249      1.026594      1.048293 
     1.567347      1.351359      1.459465      1.350576      1.190939      1.413502      1.077089      1.171760      1.126114      1.085229 
     1.492689      1.384251      1.501631      1.358127      1.175882      1.599936      1.125933      1.081274      1.148701      1.119562 
     1.431395      1.418638      1.336419      1.399115      1.200800      1.615722      1.043575      1.270252      1.191740      1.172264 
     1.445565      1.459107      1.470410      1.405557      1.234683      1.519246      1.180735      1.122676      1.105973      1.088025 
     1.608709      1.455335      1.445927      1.408858      1.212295      1.563023      1.046844      1.069961      1.202266      1.061687 
     1.349278      1.466631      1.504227      1.360776      1.242994      1.589284      1.183669      1.111878      1.098927      1.151789 
     1.516364      1.451788      1.395503      1.402938      1.193047      1.446847      1.165090      1.156254      1.175826      1.100383 
     1.482270      1.337072      1.573653      1.349773      1.196899      1.489231      1.100013      1.108399      1.040477      1.122753 
     1.604969      1.326009      1.603851      1.429770      1.193929      1.508893      1.144262      1.223464      1.052964      1.185298 
     1.534689      1.348780      1.513960      1.385163      1.297402      1.465427      1.111123      1.162467      1.146859      1.067445 
     1.528318      1.456225      1.505812      1.289319      1.231937      1.506135      1.128442      1.034306      1.086154      1.136125 
     1.474617      1.340545      1.385114      1.311806      1.265110      1.597861      1.172240      1.243368      1.089873      1.332620 
     1.482463      1.423408      1.430949      1.425076      1.250213      1.607801      1.164169      1.037012      1.120171      1.120776 
     1.512657      1.395980      1.393926      1.291883      1.223538      1.564504      1.146647      1.170395      1.089969      1.145606 
     1.477204      1.464792      1.410886      1.378101      1.232018      1.575912      1.053424      1.130451      1.262982      1.110496 
     1.380438      1.362791      1.421027      1.443713      1.209268      1.688843      1.120802      1.060324      1.267339      1.163088 
     1.489183      1.359962      1.430759      1.325072      1.187232      1.593645      1.129604      1.228147      1.143838      1.182018 
     1.419754      1.357636      1.535213      1.362463      1.172953      1.572529      1.146763      1.262906      1.211101      1.129687 
     1.486874      1.288714      1.498666      1.453966      1.232121      1.507332      1.199482      1.085292      1.137122      1.108081 
     1.457693      1.297128      1.465981      1.357714      1.169788      1.551986      1.116920      1.109639      1.155354      1.179011 
     1.477827      1.278045      1.425627      1.428390      1.227188      1.469072      1.059295      1.089828      1.067314      1.140127 
     1.374311      1.310302      1.576825      1.390849      1.161359      1.559748      1.087293      1.187521      1.240368      1.125820 
     1.473709      1.398093      1.466111      1.403707      1.198942      1.508251      1.238946      1.071752      1.241634      1.119670 
     1.308119      1.459311      1.446907      1.321934      1.195143      1.578646      0.985913      1.131142      1.287360      1.197158 
     1.404673      1.295006      1.541124      1.296668      1.307447      1.629906      1.097094      1.186490      1.161387      1.125085 
     1.425731      1.386778      1.450198      1.271331      1.215326      1.517272      1.118044      1.128737      1.115711      1.073879 
     1.503133      1.369487      1.567242      1.325395      1.290474      1.427789      1.177010      1.076338      1.035172      0.996904 
     1.452500      1.305371      1.510220      1.318852      1.241242      1.518297      1.006380      1.174072      1.096542      1.114046 
     1.501756      1.324950      1.591988      1.458023      1.234469      1.506411      1.185886      1.083522      1.132153      1.114894 
     1.395136      1.317060      1.550536      1.453386      1.206882      1.660910      1.158144      1.018692      1.170932      1.212837 
     1.452203      1.306312      1.442264      1.351128      1.200167      1.514104      1.163110      1.140859      1.212819      1.129936 
     1.527043      1.416536      1.483117      1.388387      1.205453      1.463309      1.095713      1.092199      1.075267      1.162151 
     1.568530      1.281232      1.545701      1.482140      1.212541      1.436200      1.168709      0.953571      1.058194      1.047312 
     1.406077      1.543513      1.478246      1.348031      1.168582      1.526570      1.097540      1.108187      1.170565      1.208497 
     1.628301      1.326617      1.576933      1.448391      1.215228      1.422907      1.180000      1.121380      1.040775      1.247692 
     1.512287      1.417514      1.527798      1.348353      1.260683      1.555521      1.073840      1.172289      1.112839      1.096082 
     1.587030      1.376348      1.408429      1.399635      1.179412      1.513896      1.037828      1.103247      1.087171      1.108950 
     1.545991      1.401712      1.464876      1.354081      1.171260      1.418330      1.188781      1.092616      1.245258      1.086131 
     1.608372      1.429920      1.456467      1.413597      1.195163      1.497934      1.062386      1.058303      1.167862      1.027516 
     1.435489      1.355620      1.403730      1.426830      1.346353      1.576022      1.041926      1.066074      1.103607      1.126454 
     1.432000      1.306201      1.432502      1.463992      1.251290      1.571132      1.103914      1.271911      1.097013      1.161409 
     1.424248      1.239660      1.377872      1.427717      1.295336      1.613378      1.058897      1.018039      1.155409      1.160596 
     1.554276      1.338579      1.466404      1.382015      1.216250      1.582470      1.111107      1.265793      1.134857      1.151060 
     1.539844      1.288342      1.348245      1.392160      1.221440      1.511044      1.124801      1.115790      1.125447      1.114603 
     1.618769      1.390486      1.391514      1.356537      1.167341      1.471742      1.245718      1.177184      1.001921      1.158039 
     1.501370      1.486545      1.470118      1.335468      1.218946      1.500455      1.147255      1.164135      0.987173      1.103124 
     1.489470      1.377719      1.399599      1.285859      1.198829      1.638506      1.296279      1.087371      1.061202      1.079582 
     1.342406      1.450232      1.369733      1.365190      1.186052      1.657246      1.146131      1.185088      1.047941      1.152209 
     1.512858      1.393274      1.446981      1.284726      1.191361      1.616397      1.141409      1.159677      1.084204      1.116371 
     1.342413      1.528791      1.505733      1.303204      1.188410      1.509707      1.132659      1.138067      1.065737      1.109816 
     1.409422      1.450441      1.375328      1.281150      1.228231      1.513268      1.173303      1.140510      1.136254      1.103644 
     1.429795      1.438744      1.490859      1.335217      1.164651      1.522139      1.137507      1.067832      1.034216      1.116973 
     1.461861      1.325715      1.628132      1.400218      1.179924      1.556957      1.025053      1.174792      1.066336      1.136017 
     1.401380      1.283409      1.580749      1.375609      1.179886      1.570701      1.247640      1.066099      1.063725      1.044844 
     1.447367      1.229770      1.655477      1.317410      1.316251      1.519480      1.078055      1.065468      1.056633      1.116072 
     1.468011      1.313691      1.453714      1.363198      1.206397      1.511947      1.098208      1.103244      1.127590      1.146426 
     1.439095      1.393604      1.503534      1.348414      1.267020      1.476896      1.090880      1.252128      1.207223      1.275146 
     1.393352      1.353501      1.427666      1.384891      1.231879      1.504261      1.157307      1.118216      1.130424      1.110329 
     1.455357      1.414176      1.569124      1.323039      1.235459      1.503751      1.072311      1.204242      1.120346      1.097430 
     1.335278      1.584037      1.521702      1.291600      1.212363      1.540224      1.111110      1.210535      1.118117      1.057247 
     1.442247      1.352322      1.397438      1.323510      1.195605      1.638417      1.034893      1.121014      1.156245      1.089569 
     1.468238      1.339810      1.599977      1.430578      1.216195      1.489877      1.029304      1.081103      1.150822      1.146162 
     1.588106      1.359653      1.527707      1.281881      1.209338      1.483423      1.061693      1.271416      1.191678      1.170386 
     1.464314      1.348506      1.509357      1.559220      1.175460      1.423020      1.231393      1.128743      1.140748      1.080367 
     1.569096      1.388190      1.458012      1.412929      1.159780      1.626723      1.058217      1.117233      1.206537      1.019238 
     1.570783      1.296427      1.529526      1.410936      1.244406      1.535116      1.168633      1.082536      1.131890      1.114040 
     1.552733      1.318240      1.476000      1.472382      1.175180      1.493136      1.218332      1.086163      1.181484      1.159345 
     1.516456      1.422412      1.445798      1.385623      1.169711      1.530401      1.103294      1.165514      1.077468      1.156812 
     1.415689      1.470729      1.386285      1.401441      1.220859      1.606872      1.206746      1.141336      1.143725      1.280499 
     1.445616      1.594703      1.383140      1.313171      1.301426      1.516564      1.152168      1.172498      1.135466      1.124399 
     1.438894      1.377145      1.461104      1.361934      1.217526      1.595813      1.114866      1.068991      1.093236      1.108454 
     1.538070      1.365388      1.475663      1.316420      1.258362      1.589496      1.129160      1.261321      1.093963      0.988307 
     1.583526      1.333356      1.531210      1.339842      1.216026      1.505613      1.163746      0.976899      1.086200      1.080826 
     1.430071      1.398038      1.439203      1.312684      1.216580      1.491857      1.055027      1.172230      1.097032      1.136005 
     1.655895      1.227399      1.429051      1.415689      1.210831      1.478213      1.010240      1.057045      1.306304      1.121110 
     1.561089      1.275496      1.454229      1.544026      1.218335      1.445359      1.096917      1.088220      1.284221      1.115304 
     1.481296      1.332537      1.376436      1.357266      1.206496      1.587917      1.230110      1.224981      1.173938      1.163295 
     1.386143      1.325810      1.420137      1.530250      1.187508      1.514205      1.061732      1.152584      1.216862      1.135630 
     1.425670      1.349066      1.449674      1.387796      1.171404      1.638690      1.111454      1.094961      1.154169      1.107127 
     1.427237      1.398311      1.500637      1.425845      1.240744      1.428889      1.137042      1.111708      1.205758      1.065528 
     1.326217      1.373120      1.424381      1.387105      1.203805      1.481435      1.118193      1.120782      1.108475      1.202392 
     1.389390      1.392623      1.480507      1.342765      1.178120      1.571610      1.126954      1.152993      1.245262      1.097401 
     1.480422      1.447361      1.599337      1.281750      1.158422      1.450373      1.177472      1.054862      1.219619      1.086929 
     1.486989      1.344869      1.545064      1.262054      1.176056      1.498806      1.056130      1.255673      1.168867      1.138451 
     1.513340      1.265697      1.503232      1.296261      1.253564      1.475261      1.157424      1.198686      1.168218      1.126190 
     1.430723      1.336823      1.432154      1.413532      1.212701      1.529158      1.119434      1.232737      1.152744      1.068241 
     1.397028      1.280793      1.481123      1.437156      1.261303      1.543916      1.151317      1.007677      1.072226      1.139807 
     1.407764      1.355699      1.400830      1.363610      1.214211      1.611801      1.103803      1.177608      1.126488      1.131181 
     1.522874      1.386040      1.410936      1.366784      1.183561      1.586277      1.206397      1.097068      1.086382      1.131208 
     1.344683      1.555673      1.524284      1.343544      1.203687      1.588239      1.162191      1.122991      1.185874      1.140405 
     1.318188      1.373773      1.503593      1.271268      1.196978      1.693103      1.176337      1.194071      1.148966      1.120895 
     1.499131      1.506808      1.565962      1.304261      1.252596      1.393899      1.125411      1.134484      1.094693      1.063855 
     1.395431      1.379422      1.505820      1.352475      1.197209      1.571777      1.193729      0.988473      1.067507      1.047624 
     1.523709      1.329290      1.545751      1.396053      1.220871      1.649037      1.046837      1.108545      1.131422      1.243763 
     1.507756      1.516700      1.471850      1.347153      1.196749      1.555019      1.206482      1.108293      1.038054      1.222667 
     1.611033      1.370660      1.452993      1.355733      1.191041      1.603088      1.078202      1.162042      1.066751      1.095597 
     1.496473      1.410281      1.438028      1.362418      1.190603      1.556782      1.010534      1.138387      1.094613      1.084633 
     1.533649      1.287548      1.347327      1.540676      1.201524      1.511420      1.204346      1.109971      1.239931      1.105008 
     1.477331      1.380591      1.401853      1.434186      1.193474      1.522607      1.004285      1.060823      1.118799      1.100370 
     1.394382      1.369111      1.499084      1.432974      1.281235      1.530203      1.081361      1.063159      1.198328      1.073480 
     1.501460      1.360154      1.413737      1.266488      1.212998      1.517653      1.114495      1.216531      1.127034      1.164594 
     1.529798      1.368731      1.494733      1.303235      1.260809      1.515384      1.120381      1.092510      1.157561      1.336786 
     1.590942      1.376173      1.530835      1.367056      1.221627      1.578954      1.068145      1.255122      1.146720      1.190036 
     1.384945      1.297124      1.589253      1.427636      1.164333      1.563334      1.144018      1.027738      1.080908      1.113746 
     1.558244      1.288655      1.430845      1.376301      1.188981      1.580127      1.258959      1.207726      0.991147      1.110137 
     1.674025      1.446002      1.388635      1.393230      1.194161      1.453993      1.168378      1.142707      0.999083      1.101987 
     1.498526      1.300712      1.478130      1.339222      1.222174      1.657341      1.093407      1.066690      1.051827      1.112804 
     1.635137      1.369788      1.461770      1.326450      1.196416      1.459288      1.216981      1.076744      1.210765      1.102089 
     1.410113      1.483547      1.399123      1.274381      1.204198      1.550433      1.083344      1.126325      1.078566      1.156944 
     1.601976      1.268380      1.379573      1.378728      1.249808      1.516113      1.091657      1.104066      1.090226      1.209331 
     1.417803      1.334104      1.489246      1.458765      1.201105      1.451876      1.118660      1.110433      1.073735      1.094588 
     1.536128      1.330918      1.438468      1.390507      1.199417      1.485883      1.119921      1.114960      1.032826      1.162581 
     1.384531      1.335409      1.631868      1.328636      1.195391      1.536814      1.066834      1.237342      1.011743      1.095672 
     1.367115      1.413083      1.453983      1.367924      1.223393      1.576305      1.072647      1.089094      1.115300      1.286282 
     1.461332      1.349483      1.470626      1.354622      1.247352      1.620437      1.114886      1.109942      1.059707      1.104898 
     1.401359      1.423628      1.482511      1.341115      1.239388      1.531234      1.098724      1.081388      1.086463      1.181612 
     1.439130      1.369992      1.367170      1.308741      1.241514      1.661106      1.114211      1.211323      1.141662      1.022581 
     1.507795      1.328456      1.489888      1.358164      1.187628      1.479233      1.068198      1.141306      1.084721      1.094427 
     1.518828      1.326989      1.369965      1.441429      1.148764      1.567125      1.155244      1.196036      1.110361      1.102622 
     1.479816      1.391194      1.540106      1.442738      1.190651      1.492473      1.096814      1.083341      1.282436      1.116160 
     1.348745      1.336866      1.474765      1.342562      1.182493      1.583958      1.072474      1.058753      1.364711      1.114394 
     1.418653      1.355170      1.423469      1.432898      1.248091      1.551640      1.114009      1.200605      1.154505      1.152578 
     1.328268      1.397242      1.421568      1.449102      1.206658      1.643246      1.054415      1.257602      1.175199      1.170617 
     1.546447      1.413676      1.463366      1.316454      1.257311      1.569405      1.186780      1.150611      1.100079      1.092138 
     1.473539      1.467743      1.526427      1.350794      1.240739      1.684543      1.055925      1.114242      1.244760      1.061914 
     1.455110      1.481131      1.394725      1.290536      1.203472      1.732637      1.213935      1.102186      1.145725      1.122046 
     1.360432      1.428400      1.522182      1.358053      1.202240      1.571526      1.246066      1.078289      1.176743      1.172549 
     1.611028      1.454325      1.409934      1.300159      1.172986      1.593065      1.047500      1.135886      1.119411      1.095716 
     1.485902      1.291006      1.548897      1.320775      1.212599      1.563170      1.260067      1.178527      1.031780      1.136863 
     1.520367      1.356377      1.588555      1.346089      1.253309      1.436732      1.102868      1.205061      1.109153      1.176547 
     1.446938      1.260177      1.413967      1.394638      1.212791      1.559528      1.082190      1.020781      1.147661      1.138357 
     1.421508      1.303126      1.609443      1.470726      1.221760      1.474397      1.113664      1.195022      1.083999      1.124346 
     1.535006      1.426554      1.457019      1.460008      1.218443      1.489040      1.153275      1.032595      1.107663      1.075774 
     1.412757      1.580725      1.579746      1.358196      1.155778      1.413694      1.051618      1.182541      1.123946      1.144575 
     1.466339      1.482816      1.363829      1.248292      1.196489      1.578652      1.038470      1.100107      1.228894      1.094907 
     1.550125      1.381518      1.454700      1.396065      1.184583      1.517292      1.106889      1.134143      1.107195      1.097010 
     1.505764      1.335603      1.530788      1.295199      1.216718      1.489167      1.136559      1.159357      1.180501      1.149937 
     1.598736      1.388829      1.505474      1.270675      1.241668      1.422390      1.065922      1.187529      1.111134      1.172335 
     1.428773      1.266908      1.515412      1.473184      1.243006      1.392602      1.192473      1.147396      1.161656      1.242021 
     1.544596      1.332948      1.369235      1.315965      1.228774      1.454309      1.126100      1.137758      1.179306      1.000355 
     1.517389      1.385600      1.451290      1.393998      1.189794      1.460743      1.105744      1.077749      1.148708      1.130386 
     1.643952      1.362646      1.429765      1.357843      1.217779      1.481503      1.163938      1.075130      1.208933      1.081799 
     1.406584      1.350892      1.434948      1.478635      1.179282      1.510972      1.197383      1.043590      1.342856      1.152337 
     1.482987      1.320085      1.367561      1.505782      1.257754      1.598093      1.153860      1.157131      1.148148      1.040519 
     1.404263      1.400076      1.381687      1.377794      1.258404      1.656252      1.182698      1.158609      1.168232      1.146107 
     1.536066      1.344341      1.553417      1.416967      1.211509      1.517977      1.092376      1.258977      1.120051      1.050853 
     1.538353      1.351351      1.391195      1.321349      1.220364      1.496025      1.135861      1.057103      1.132373      1.362447 
     1.474498      1.325736      1.546949      1.285363      1.171223      1.559696      1.220434      1.080413      1.178519      1.100011 
     1.565112      1.324668      1.386488      1.368389      1.133343      1.551460      1.104480      1.143853      1.124013      1.101367 
     1.515228      1.401447      1.575833      1.418288      1.175240      1.431959      1.264367      1.210221      0.981723      1.069971 
     1.438528      1.319437      1.452898      1.364846      1.198592      1.502774      1.179225      1.221157      1.068358      1.110198 
     1.424770      1.411462      1.419488      1.406889      1.203651      1.493108      1.120041      1.141881      1.091683      1.052389 
     1.408841      1.344106      1.415777      1.426644      1.236421      1.607009      1.267178      0.996389      1.120146      1.095779 
     1.455710      1.358513      1.421892      1.390446      1.234836      1.646284      1.059489      1.083476      1.138162      1.185955 
     1.440186      1.387389      1.567758      1.484537      1.314519      1.497312      1.141942      1.141594      1.028797      1.237663 
     1.426273      1.347845      1.458245      1.475902      1.183361      1.571310      1.056641      1.137590      1.083017      1.093842 
     1.378816      1.383031      1.492877      1.378907      1.217619      1.570608      1.039472      1.166030      1.092547      1.052706 
     1.540165      1.374576      1.569593      1.306218      1.159401      1.518919      1.215006      1.169437      1.042420      1.103741 
     1.403500      1.380704      1.568282      1.289705      1.237100      1.499003      1.007678      1.061434      1.235948      1.235856 
     1.572724      1.326401      1.523060      1.371877      1.220869      1.533203      1.084350      1.045777      1.133479      1.100990 
     1.380617      1.403415      1.427578      1.324231      1.206201      1.498655      1.097514      1.171683      1.159825      1.118683 
     1.464641      1.558455      1.459690      1.343785      1.193931      1.498794      1.122700      1.031176      1.120795      1.180031 
     1.452643      1.397913      1.408789      1.475606      1.200964      1.518991      1.081967      1.190772      1.117429      1.125282 
     1.419560      1.466703      1.555830      1.437992      1.178347      1.622541      1.119892      1.042219      1.104060      1.105229 
     1.368909      1.378415      1.417819      1.427091      1.197377      1.634020      1.209411      1.119298      1.142865      1.167905 
     1.549585      1.378433      1.435352      1.412245      1.210938      1.590556      1.135924      1.145402      1.277163      1.151137 
     1.476338      1.373083      1.550007      1.379207      1.233902      1.474804      1.150795      1.202422      1.058345      1.091730 
     1.481685      1.319132      1.412288      1.458369      1.234827      1.477580      1.200124      1.127565      1.260033      1.080143 
     1.461928      1.417832      1.546810      1.242229      1.300717      1.537026      1.099352      1.261193      1.059260      1.072738 
     1.558305      1.349317      1.376413      1.311215      1.217592      1.590101      1.172581      1.088454      1.124072      1.220206 
     1.487470      1.496329      1.431613      1.300684      1.218987      1.541911      1.260442      1.202370      1.122232      1.108770 
     1.508894      1.323907      1.423093      1.358102      1.237267      1.586088      1.064691      1.166370      1.048004      1.149382 
     1.381797      1.361147      1.438132      1.444805      1.176101      1.600810      1.093985      1.153575      1.010334      1.122497 
     1.624080      1.338170      1.416635      1.433326      1.237407      1.478012      1.245013      1.083934      1.039042      1.224684 
     1.395449      1.337942      1.460340      1.472005      1.278483      1.514433      1.115408      1.121845      1.094341      1.043287 
     1.535431      1.336840      1.504250      1.397310      1.197989      1.538729      1.107675      1.018703      1.096489      1.221436 
     1.503144      1.281737      1.509543      1.388286      1.197057      1.628027      1.115741      1.244604      1.090768      0.935134 
     1.463158      1.362084      1.488032      1.334109      1.172646      1.537509      1.051299      1.172126      1.113351      1.159906 
     1.488610      1.309063      1.422119      1.328148      1.166051      1.462737      1.186398      1.201299      1.111178      1.124919 
     1.543398      1.511860      1.455204      1.275689      1.229592      1.579962      1.032173      1.027961      1.301059      1.172730 
     1.469945      1.338500      1.399513      1.261014      1.224867      1.551087      1.091049      1.015051      1.165048      1.066631 
     1.470494      1.352462      1.418465      1.293024      1.195928      1.643304      1.082880      1.097484      1.130384      1.196887 
     1.558685      1.363593      1.557298      1.250434      1.241745      1.592161      1.002922      1.266033      1.075627      1.036348 
     1.569373      1.322672      1.389874      1.439096      1.262490      1.509294      1.074225      1.086703      1.244356      1.181600 
     1.401480      1.394295      1.554634      1.364261      1.269643      1.537304      1.103554      1.079564      1.157980      1.036937 
     1.430255      1.304385      1.532320      1.435943      1.217621      1.538677      1.098842      1.072561      1.162910      1.116391 
     1.469331      1.382238      1.528302      1.350025      1.255191      1.428882      1.157951      1.116609      1.112463      1.197879 
     1.542808      1.315978      1.501737      1.339035      1.181125      1.543482      1.025564      1.125611      1.325928      1.143729 
     1.377089      1.377592      1.439614      1.296390      1.240810      1.606517      1.218698      1.139612      1.131126      1.049236 
     1.593177      1.333691      1.446183      1.327813      1.246922      1.623548      1.136003      1.149105      1.120727      1.167260 
     1.384517      1.324819      1.460798      1.343450      1.204132      1.519995      1.122571      1.209929      1.070375      1.077811 
     1.370260      1.567022      1.388075      1.370895      1.186235      1.474441      1.086584      1.218863      1.158483      1.192500 
     1.438522      1.367933      1.497821      1.414616      1.165926      1.513440      1.133092      1.081313      1.105855      1.122587 
     1.576761      1.493470      1.468323      1.427802      1.214014      1.545714      1.100143      1.139953      1.124050      1.133212 
     1.469351      1.325085      1.495990      1.356178      1.216284      1.481036      1.083174      1.189743      1.106327      1.076084 
     1.401458      1.400626      1.504529      1.480455      1.217087      1.587880      1.116096      1.156984      0.982003      1.161370 
     1.417257      1.395220      1.451671      1.398709      1.243615      1.483629      1.144185      1.138559      1.128562      1.140444 
     1.355036      1.434139      1.391766      1.430969      1.216356      1.649420      1.248447      1.152340      1.092654      1.125349 
     1.380147      1.334511      1.522914      1.378454      1.284689      1.562291      1.191527      1.072869      1.080900      1.172992 
     1.611007      1.296743      1.353185      1.374870      1.271964      1.585489      1.141945      1.133043      1.205768      1.095155 
     1.475795      1.359009      1.394246      1.406570      1.193371      1.660003      1.045481      1.075451      1.123474      1.118238 
     1.517493      1.367589      1.436097      1.317383      1.239226      1.622342      1.229631      1.055553      1.173284      1.162370 
     1.504426      1.494941      1.400546      1.331890      1.182655      1.464703      1.041244      1.067890      1.216752      1.090335 
     1.531182      1.349748      1.513304      1.352290      1.220782      1.542213      1.005768      1.114391      1.227041      1.052505 
     1.367144      1.474323      1.563193      1.287963      1.266703      1.445630      1.122269      1.171169      1.133994      1.152713 
     1.443781      1.385920      1.440095      1.410249      1.215366      1.651194      1.116461      1.188554      1.151659      1.124665 
     1.602915      1.280618      1.535555      1.298657      1.183915      1.607978      1.116078      1.003294      1.159024      1.344661 
     1.455886      1.372488      1.428040      1.451973      1.191859      1.580235      1.232649      1.052249      1.117624      1.079220 
     1.395198      1.307308      1.406210      1.281710      1.202562      1.512733      1.089665      1.076112      1.124605      1.122711 
     1.402513      1.442296      1.420223      1.378926      1.248266      1.648583      1.236369      1.261688      1.071006      1.041667 
     1.484525      1.266646      1.384270      1.349102      1.181444      1.435106      1.169250      1.188024      1.209499      1.137911 
     1.468032      1.304694      1.520746      1.319090      1.211343      1.543234      1.134919      1.100307      1.116688      1.077146 
     1.653051      1.305377      1.521630      1.378991      1.204373      1.365034      1.200040      1.003235      1.218338      1.150214 
     1.522994      1.311782      1.485870      1.340791      1.247264      1.621020      1.112999      1.226808      1.152463      1.089139 
     1.438190      1.455042      1.434047      1.300749      1.262344      1.467631      1.173702      1.183502      1.059496      1.222039 
     1.438971      1.445083      1.504119      1.280257      1.220489      1.479290      1.245918      1.209020      1.068027      1.119990 
     1.514437      1.368556      1.455720      1.346446      1.287373      1.476223      1.118605      1.096730      1.102851      1.044055 
     1.395914      1.374796      1.512773      1.396593      1.201418      1.611691      1.174710      1.154996      0.976465      1.094300 
     1.431179      1.269255      1.453739      1.398927      1.236438      1.562091      1.225915      1.177050      1.160486      1.162363 
     1.608939      1.293218      1.482209      1.391813      1.261863      1.660382      1.112078      1.055383      1.155808      1.109461 
     1.478436      1.316819      1.484244      1.298447      1.211000      1.467216      1.091373      1.051203      1.186371      1.120828 
     1.394393      1.411923      1.469412      1.487493      1.184727      1.477768      1.187606      1.154072      1.035603      0.965899 
     1.443665      1.388816      1.504624      1.288691      1.166369      1.562404      1.120129      1.137462      1.162168      1.082400 
     1.576118      1.348842      1.516358      1.493958      1.198516      1.640628      1.098770      1.103598      1.121733      1.095277 
     1.468847      1.316605      1.519765      1.287260      1.230666      1.451861      1.191588      1.014138      1.305523      1.150124 
     1.420419      1.430410      1.490432      1.424641      1.186456      1.535112      1.089506      1.159534      1.305628      1.171492 
     1.533533      1.429111      1.353654      1.372817      1.225556      1.414796      1.137180      1.136421      1.131110      1.054249 
     1.342707      1.435675      1.570061      1.364738      1.197194      1.581316      1.033342      1.104712      1.151782      1.185106 
     1.440542      1.373358      1.462983      1.344752      1.243213      1.491140      1.097386      1.128229      1.325673      1.055077 
