     1.501700      1.294132      1.431287      1.368147      1.184938      1.576856      1.149350      1.142913      1.087729      1.100207 
     1.506469      1.302201      1.425394      1.361792      1.188313      1.564432      1.165650      1.137312      1.097707      1.064395 
     1.510817      1.310927      1.419686      1.355511      1.191840      1.552563      1.179548      1.131950      1.109643      1.036450 
     1.514746      1.320062      1.414334      1.349429      1.195401      1.541412      1.189961      1.127165      1.122195      1.019286 
     1.518272      1.329382      1.409472      1.343634      1.198890      1.531040      1.196225      1.123087      1.134088      1.014167 
     1.521424      1.338706      1.405201      1.338178      1.202219      1.521468      1.198083      1.119695      1.144317      1.020514 
     1.524230      1.347902      1.401566      1.333083      1.205318      1.512709      1.195594      1.116850      1.152208      1.036246 
     1.526718      1.356882      1.398568      1.328356      1.208141      1.504793      1.189066      1.114396      1.157386      1.058479 
     1.528914      1.365600      1.396177      1.323996      1.210655      1.497760      1.178985      1.112191      1.159709      1.084231 
     1.530833      1.374033      1.394342      1.319996      1.212845      1.491645      1.165969      1.110130      1.159204      1.110910 
     1.532483      1.382177      1.393007      1.316353      1.214701      1.486476      1.150745      1.108155      1.156011      1.136476 
     1.533860      1.390046      1.392120      1.313065      1.216222      1.482262      1.134141      1.106255      1.150368      1.159470 
     1.534949      1.397658      1.391634      1.310133      1.217407      1.479007      1.117083      1.104455      1.142589      1.178907 
     1.535728      1.405040      1.391510      1.307562      1.218263      1.476702      1.100595      1.102811      1.133069      1.194158 
     1.536163      1.412216      1.391719      1.305365      1.218793      1.475337      1.085766      1.101397      1.122285      1.204861 
     1.536215      1.419214      1.392240      1.303560      1.219002      1.474898      1.073707      1.100291      1.110807      1.210856 
     1.535845      1.426056      1.393064      1.302171      1.218899      1.475370      1.065471      1.099581      1.099293      1.212140 
     1.535014      1.432762      1.394190      1.301230      1.218491      1.476739      1.061937      1.099339      1.088492      1.208877 
     1.533685      1.439343      1.395624      1.300779      1.217790      1.478989      1.063697      1.099630      1.079212      1.201416 
     1.531835      1.445802      1.397379      1.300864      1.216815      1.482104      1.070941      1.100510      1.072256      1.190343 
     1.529444      1.452126      1.399472      1.301540      1.215594      1.486060      1.083416      1.102019      1.068354      1.176556 
     1.526500      1.458289      1.401922      1.302861      1.214165      1.490826      1.100421      1.104185      1.068052      1.161318 
     1.522997      1.464242      1.404740      1.304883      1.212582      1.496356      1.120877      1.107016      1.071605      1.146261 
     1.518935      1.469920      1.407928      1.307651      1.210911      1.502587      1.143418      1.110489      1.078901      1.133292 
     1.514323      1.475238      1.411477      1.311194      1.209237      1.509434      1.166518      1.114533      1.089416      1.124341 
     1.509183      1.480100      1.415372      1.315514      1.207648      1.516798      1.188605      1.119008      1.102285      1.121015 
     1.503552      1.484410      1.419591      1.320583      1.206238      1.524565      1.208200      1.123704      1.116390      1.124207 
     1.497480      1.488074      1.424114      1.326346      1.205091      1.532619      1.224020      1.128347      1.130507      1.133853 
     1.491029      1.491014      1.428932      1.332723      1.204276      1.540842      1.235053      1.132622      1.143458      1.148949 
     1.484269      1.493173      1.434044      1.339623      1.203839      1.549124      1.240603      1.136201      1.154223      1.167813 
     1.477272      1.494513      1.439450      1.346949      1.203805      1.557363      1.240289      1.138780      1.162012      1.188467 
     1.470106      1.495015      1.445149      1.354611      1.204174      1.565472      1.234035      1.140113      1.166301      1.208975 
     1.462835      1.494675      1.451136      1.362533      1.204933      1.573375      1.222030      1.140025      1.166817      1.227675 
     1.455515      1.493496      1.457397      1.370651      1.206051      1.581007      1.204718      1.138420      1.163522      1.243259 
     1.448196      1.491486      1.463917      1.378918      1.207492      1.588312      1.182793      1.135286      1.156582      1.254769 
     1.440920      1.488653      1.470674      1.387304      1.209208      1.595230      1.157248      1.130693      1.146366      1.261536 
     1.433724      1.485003      1.477637      1.395784      1.211150      1.601693      1.129415      1.124781      1.133434      1.263112 
     1.426642      1.480540      1.484776      1.404344      1.213264      1.607616      1.101030      1.117772      1.118539      1.259221 
     1.419696      1.475264      1.492049      1.412973      1.215493      1.612895      1.074249      1.109964      1.102621      1.249722 
     1.412902      1.469176      1.499407      1.421658      1.217777      1.617408      1.051600      1.101741      1.086807      1.234625 
     1.406264      1.462278      1.506791      1.430389      1.220051      1.621027      1.035735      1.093569      1.072352      1.214112 
     1.399775      1.454576      1.514127      1.439147      1.222245      1.623634      1.029039      1.085995      1.060560      1.188642 
     1.393432      1.446090      1.521323      1.447905      1.224284      1.625155      1.033112      1.079622      1.052638      1.159065 
     1.387254      1.436859      1.528266      1.456619      1.226085      1.625575      1.048320      1.075081      1.049509      1.126804 
     1.381303      1.426949      1.534815      1.465221      1.227560      1.624952      1.073682      1.072953      1.051633      1.094027 
     1.375693      1.416469      1.540808      1.473616      1.228616      1.623398      1.107058      1.073633      1.058881      1.063725 
     1.370597      1.405569      1.546071      1.481686      1.229160      1.621053      1.145615      1.077237      1.070506      1.039520 
     1.366218      1.394442      1.550451      1.489295      1.229110      1.618055      1.186280      1.083537      1.085264      1.025073 
     1.362764      1.383306      1.553846      1.496295      1.228401      1.614522      1.226148      1.091986      1.101639      1.023104 
     1.360422      1.372403      1.556228      1.502541      1.226991      1.610556      1.262694      1.101773      1.118080      1.034444 
     1.359335      1.361968      1.557635      1.507899      1.224870      1.606264      1.293905      1.111957      1.133216      1.057696 
     1.359590      1.352216      1.558137      1.512258      1.222061      1.601771      1.318321      1.121597      1.145965      1.089693 
     1.361210      1.343332      1.557803      1.515535      1.218616      1.597225      1.334984      1.129849      1.155586      1.126465 
     1.364162      1.335459      1.556688      1.517676      1.214611      1.592774      1.343373      1.136056      1.161637      1.164146 
     1.368384      1.328683      1.554823      1.518650      1.210147      1.588549      1.343352      1.139834      1.163971      1.199566 
     1.373780      1.323055      1.552226      1.518446      1.205333      1.584658      1.335024      1.141004      1.162657      1.230398 
     1.380241      1.318591      1.548905      1.517064      1.200290      1.581178      1.318671      1.139589      1.157950      1.255095 
     1.387654      1.315281      1.544860      1.514511      1.195144      1.578154      1.294733      1.135804      1.150256      1.272715 
     1.395901      1.313096      1.540088      1.510793      1.190027      1.575612      1.263806      1.130014      1.140121      1.282754 
     1.404852      1.311996      1.534584      1.505914      1.185077      1.573553      1.226722      1.122714      1.128218      1.284999 
     1.414366      1.311936      1.528349      1.499880      1.180440      1.571962      1.184669      1.114512      1.115333      1.279451 
     1.424277      1.312860      1.521382      1.492692      1.176262      1.570801      1.139356      1.106088      1.102344      1.266283 
     1.434384      1.314716      1.513695      1.484360      1.172685      1.570011      1.093196      1.098152      1.090190      1.245870 
     1.444455      1.317442      1.505309      1.474895      1.169849      1.569510      1.049430      1.091365      1.079814      1.218837 
     1.454227      1.320975      1.496255      1.464320      1.167873      1.569185      1.012086      1.086281      1.072058      1.186142 
     1.463441      1.325254      1.486576      1.452665      1.166858      1.568907      0.985538      1.083268      1.067576      1.149191 
     1.471887      1.330219      1.476329      1.439968      1.166876      1.568533      0.973584      1.082475      1.066751      1.109967 
     1.479455      1.335812      1.465576      1.426289      1.167966      1.567931      0.978234      1.083843      1.069643      1.071147 
     1.486157      1.341968      1.454396      1.411715      1.170132      1.566992      0.998936      1.087168      1.075964      1.036122 
     1.492091      1.348616      1.442870      1.396374      1.173336      1.565633      1.032745      1.092132      1.085133      1.008787 
     1.497372      1.355674      1.431091      1.380446      1.177496      1.563807      1.075350      1.098333      1.096354      0.992903 
     1.502091      1.363044      1.419158      1.364160      1.182476      1.561526      1.122227      1.105311      1.108717      0.991110 
     1.506292      1.370612      1.407193      1.347795      1.188099      1.558878      1.169388      1.112565      1.121296      1.003997 
     1.509972      1.378251      1.395358      1.331670      1.194146      1.556033      1.213655      1.119564      1.133215      1.029864 
     1.513100      1.385821      1.383861      1.316124      1.200369      1.553200      1.252702      1.125829      1.143720      1.065334 
     1.515626      1.393179      1.372934      1.301501      1.206506      1.550574      1.284911      1.130929      1.152166      1.106346 
     1.517495      1.400189      1.362815      1.288128      1.212296      1.548296      1.309227      1.134525      1.158053      1.149046 
     1.518658      1.406724      1.353717      1.276303      1.217494      1.546446      1.325013      1.136392      1.161039      1.190260 
     1.519068      1.412675      1.345821      1.266280      1.221881      1.545050      1.331895      1.136413      1.160930      1.227594 
     1.518681      1.417951      1.339270      1.258274      1.225269      1.544095      1.329667      1.134588      1.157696      1.259376 
     1.517458      1.422476      1.334180      1.252456      1.227506      1.543547      1.318212      1.131023      1.151462      1.284467 
     1.515354      1.426190      1.330649      1.248963      1.228474      1.543362      1.297482      1.125916      1.142521      1.302103 
     1.512322      1.429043      1.328760      1.247900      1.228087      1.543489      1.267535      1.119534      1.131344      1.311745 
     1.508313      1.430992      1.328590      1.249341      1.226300      1.543874      1.228692      1.112263      1.118600      1.312984 
     1.503276      1.432003      1.330209      1.253315      1.223110      1.544455      1.181765      1.104554      1.105179      1.305523 
     1.497167      1.432050      1.333670      1.259798      1.218568      1.545147      1.128446      1.096927      1.092178      1.289208 
     1.489960      1.431117      1.338995      1.268698      1.212792      1.545826      1.071777      1.089937      1.080842      1.264135 
     1.481650      1.429201      1.346163      1.279838      1.205974      1.546307      1.016630      1.084098      1.072425      1.230805 
     1.472262      1.426311      1.355090      1.292957      1.198381      1.546329      0.969810      1.079842      1.067992      1.190309 
     1.461851      1.422467      1.365621      1.307719      1.190344      1.545582      0.939185      1.077495      1.068201      1.144537 
     1.450501      1.417697      1.377524      1.323742      1.182238      1.543796      0.931328      1.077321      1.073104      1.096326 
     1.438336      1.412033      1.390489      1.340620      1.174460      1.540890      0.948545      1.079544      1.082126      1.049614 
     1.425539      1.405521      1.404129      1.357930      1.167408      1.537043      0.987673      1.084293      1.094140      1.009355 
     1.412354      1.398219      1.418008      1.375255      1.161454      1.532631      1.041828      1.091459      1.107626      0.980854 
     1.399065      1.390204      1.431716      1.392200      1.156910      1.528071      1.103339      1.100586      1.120977      0.968486 
     1.385967      1.381571      1.444954      1.408422      1.154004      1.523729      1.165741      1.110945      1.132787      0.974070 
     1.373339      1.372426      1.457574      1.423655      1.152862      1.519875      1.224398      1.121650      1.142064      0.996142 
     1.361428      1.362885      1.469549      1.437713      1.153502      1.516682      1.276339      1.131799      1.148273      1.030608 
     1.350449      1.353070      1.480913      1.450485      1.155852      1.514240      1.319850      1.140597      1.151258      1.072300 
     1.340579      1.343113      1.491701      1.461925      1.159762      1.512576      1.354068      1.147401      1.151134      1.116346 
     1.331961      1.333146      1.501937      1.472041      1.165025      1.511668      1.378659      1.151756      1.148199      1.158886 
     1.324700      1.323305      1.511628      1.480879      1.171404      1.511472      1.393588      1.153403      1.142875      1.197174 
     1.318878      1.313720      1.520776      1.488508      1.178647      1.511932      1.398955      1.152261      1.135673      1.229414 
     1.314552      1.304524      1.529375      1.495006      1.186511      1.512986      1.394883      1.148411      1.127182      1.254485 
     1.311766      1.295853      1.537420      1.500450      1.194761      1.514577      1.381479      1.142088      1.118056      1.271723 
     1.310551      1.287850      1.544898      1.504905      1.203175      1.516653      1.358833      1.133687      1.108994      1.280747 
     1.310926      1.280667      1.551792      1.508423      1.211546      1.519164      1.327073      1.123757      1.100727      1.281371 
     1.312896      1.274468      1.558075      1.511041      1.219675      1.522061      1.286493      1.113019      1.093960      1.273562 
     1.316437      1.269424      1.563713      1.512785      1.227377      1.525289      1.237764      1.102347      1.089310      1.257480 
     1.321491      1.265708      1.568666      1.513672      1.234473      1.528777      1.182229      1.092723      1.087248      1.233572 
     1.327941      1.263483      1.572891      1.513714      1.240799      1.532427      1.122292      1.085129      1.088012      1.202705 
     1.335598      1.262886      1.576343      1.512931      1.246212      1.536097      1.061819      1.080405      1.091551      1.166318 
     1.344190      1.264006      1.578986      1.511349      1.250598      1.539607      1.006373      1.079062      1.097529      1.126543 
     1.353377      1.266878      1.580792      1.509012      1.253887      1.542745      0.962907      1.081145      1.105360      1.086231 
     1.362804      1.271482      1.581745      1.505971      1.256051      1.545322      0.938370      1.086209      1.114328      1.048846 
     1.372201      1.277744      1.581835      1.502284      1.257103      1.547226      0.937232      1.093467      1.123697      1.018174 
     1.381465      1.285561      1.581060      1.498009      1.257090      1.548451      0.959355      1.102004      1.132791      0.997778 
     1.390657      1.294798      1.579439      1.493205      1.256080      1.549071      1.000101      1.110989      1.141052      0.990242 
     1.399907      1.305291      1.577012      1.487933      1.254157      1.549210      1.052575      1.119727      1.148026      0.996393 
     1.409328      1.316853      1.573858      1.482257      1.251424      1.549021      1.109996      1.127632      1.153360      1.015018 
     1.418969      1.329280      1.570071      1.476242      1.247994      1.548682      1.166968      1.134213      1.156785      1.043246 
     1.428819      1.342364      1.565756      1.469949      1.243987      1.548374      1.219689      1.139076      1.158119      1.077438 
     1.438828      1.355904      1.561006      1.463432      1.239525      1.548258      1.265727      1.141939      1.157273      1.114015 
     1.448927      1.369721      1.555899      1.456728      1.234726      1.548454      1.303641      1.142637      1.154271      1.149967 
     1.459049      1.383662      1.550487      1.449864      1.229700      1.549043      1.332668      1.141135      1.149242      1.182991 
     1.469134      1.397605      1.544800      1.442850      1.224549      1.550066      1.352434      1.137518      1.142439      1.211459 
     1.479136      1.411455      1.538848      1.435682      1.219363      1.551538      1.362762      1.131991      1.134238      1.234267 
     1.489018      1.425139      1.532621      1.428345      1.214230      1.553448      1.363557      1.124876      1.125124      1.250674 
     1.498754      1.438597      1.526099      1.420818      1.209229      1.555776      1.354731      1.116597      1.115702      1.260186 
     1.508318      1.451773      1.519253      1.413073      1.204441      1.558489      1.336216      1.107702      1.106664      1.262465 
     1.517682      1.464610      1.512054      1.405084      1.199947      1.561546      1.308025      1.098829      1.098768      1.257306 
     1.526804      1.477039      1.504483      1.396833      1.195828      1.564899      1.270400      1.090698      1.092776      1.244658 
     1.535620      1.488972      1.496536      1.388317      1.192168      1.568486      1.224061      1.084055      1.089381      1.224714 
     1.544036      1.500296      1.488238      1.379554      1.189048      1.572227      1.170561      1.079594      1.089102      1.198042 
     1.551916      1.510875      1.479645      1.370594      1.186537      1.576008      1.112723      1.077851      1.092160      1.165764 
     1.559078      1.520559      1.470843      1.361522      1.184687      1.579671      1.055030      1.079109      1.098392      1.129715 
     1.565308      1.529196      1.461934      1.352446      1.183518      1.582993      1.003706      1.083325      1.107225      1.092520 
     1.570381      1.536656      1.453012      1.343494      1.183019      1.585693      0.966067      1.090156      1.117737      1.057492 
     1.574119      1.542842      1.444147      1.334792      1.183142      1.587472      0.948652      1.099053      1.128797      1.028307 
     1.576446      1.547692      1.435373      1.326458      1.183815      1.588108      0.954675      1.109402      1.139239      1.008422 
     1.577406      1.551174      1.426712      1.318601      1.184946      1.587570      0.982494      1.120580      1.148020      1.000338 
     1.577123      1.553272      1.418189      1.311324      1.186435      1.586031      1.026542      1.131950      1.154343      1.004915 
     1.575744      1.553989      1.409871      1.304731      1.188174      1.583806      1.079795      1.142839      1.157731      1.021120 
     1.573393      1.553337      1.401855      1.298919      1.190056      1.581235      1.135888      1.152592      1.158025      1.046362 
     1.570166      1.551341      1.394257      1.293975      1.191984      1.578610      1.189953      1.160606      1.155351      1.077261 
     1.566130      1.548035      1.387194      1.289971      1.193869      1.576149      1.238710      1.166417      1.150050      1.110423 
     1.561331      1.543455      1.380764      1.286957      1.195642      1.573991      1.280152      1.169728      1.142636      1.142956 
     1.555797      1.537632      1.375041      1.284975      1.197249      1.572208      1.313158      1.170392      1.133726      1.172627 
     1.549542      1.530588      1.370080      1.284055      1.198655      1.570828      1.337152      1.168413      1.124009      1.197840 
     1.542568      1.522331      1.365920      1.284220      1.199842      1.569850      1.351853      1.163932      1.114227      1.217509 
     1.534865      1.512861      1.362595      1.285491      1.200808      1.569252      1.357095      1.157215      1.105139      1.230917 
     1.526419      1.502169      1.360133      1.287889      1.201569      1.569009      1.352744      1.148656      1.097493      1.237615 
     1.517215      1.490248      1.358562      1.291431      1.202154      1.569091      1.338671      1.138774      1.091989      1.237357 
     1.507248      1.477103      1.357910      1.296128      1.202606      1.569472      1.314795      1.128209      1.089207      1.230088 
     1.496529      1.462772      1.358196      1.301979      1.202982      1.570125      1.281204      1.117707      1.089541      1.215988 
     1.485100      1.447342      1.359427      1.308957      1.203345      1.571018      1.238372      1.108079      1.093126      1.195570 
     1.473046      1.430970      1.361581      1.316994      1.203760      1.572106      1.187481      1.100122      1.099784      1.169791 
     1.460494      1.413898      1.364597      1.325974      1.204280      1.573304      1.130810      1.094491      1.109020      1.140184 
     1.447609      1.396451      1.368367      1.335716      1.204939      1.574474      1.072142      1.091572      1.120060      1.108893 
     1.434560      1.379009      1.372733      1.345994      1.205737      1.575403      1.016946      1.091363      1.131951      1.078595 
     1.421488      1.361971      1.377500      1.356550      1.206636      1.575826      0.972065      1.093449      1.143716      1.052226 
     1.408487      1.345703      1.382465      1.367129      1.207567      1.575482      0.944457      1.097109      1.154484      1.032536 
     1.395636      1.330511      1.387449      1.377502      1.208434      1.574213      0.938912      1.101526      1.163582      1.021592 
     1.383065      1.316637      1.392314      1.387477      1.209130      1.572046      0.955912      1.106021      1.170545      1.020375 
     1.370998      1.304272      1.396976      1.396890      1.209540      1.569179      0.991437      1.110175      1.175083      1.028587 
     1.359731      1.293574      1.401398      1.405601      1.209555      1.565891      1.038904      1.113800      1.177030      1.044789 
     1.349563      1.284664      1.405572      1.413493      1.209077      1.562462      1.091587      1.116900      1.176302      1.066776 
     1.340749      1.277624      1.409515      1.420470      1.208026      1.559107      1.143960      1.119462      1.172939      1.092096 
     1.333473      1.272499      1.413249      1.426461      1.206349      1.555980      1.192109      1.121500      1.167078      1.118445 
     1.327855      1.269282      1.416797      1.431429      1.204019      1.553179      1.233558      1.123113      1.158950      1.143896 
     1.323963      1.267929      1.420174      1.435357      1.201044      1.550754      1.266884      1.124448      1.148904      1.166978 
     1.321833      1.268369      1.423392      1.438247      1.197461      1.548722      1.291310      1.125640      1.137413      1.186631 
     1.321477      1.270518      1.426457      1.440108      1.193332      1.547078      1.306444      1.126779      1.125124      1.202138 
     1.322900      1.274279      1.429369      1.440955      1.188751      1.545802      1.312097      1.127967      1.112807      1.213013 
     1.326101      1.279540      1.432118      1.440802      1.183842      1.544875      1.308187      1.129308      1.101347      1.218934 
     1.331072      1.286179      1.434691      1.439662      1.178762      1.544280      1.294722      1.130881      1.091693      1.219702 
     1.337796      1.294063      1.437067      1.437545      1.173702      1.544005      1.271816      1.132712      1.084789      1.215241 
     1.346230      1.303042      1.439229      1.434463      1.168884      1.544044      1.239823      1.134778      1.081429      1.205630 
     1.356292      1.312949      1.441154      1.430437      1.164548      1.544393      1.199532      1.136988      1.082137      1.191160 
     1.367845      1.323597      1.442821      1.425499      1.160952      1.545044      1.152440      1.139172      1.087044      1.172429 
     1.380680      1.334774      1.444216      1.419698      1.158348      1.545966      1.101114      1.141097      1.095787      1.150393 
     1.394508      1.346257      1.445328      1.413107      1.156962      1.547088      1.049469      1.142469      1.107547      1.126449 
     1.408972      1.357825      1.446147      1.405822      1.156961      1.548294      1.002811      1.142949      1.121164      1.102396 
     1.423680      1.369288      1.446665      1.397952      1.158441      1.549415      0.967410      1.142271      1.135267      1.080281 
     1.438272      1.380494      1.446874      1.389616      1.161414      1.550267      0.949142      1.140294      1.148487      1.062179 
     1.452490      1.391343      1.446769      1.380934      1.165819      1.550707      0.951470      1.137046      1.159609      1.049900 
     1.466206      1.401765      1.446354      1.372029      1.171532      1.550702      0.974022      1.132713      1.167657      1.044646 
     1.479383      1.411720      1.445639      1.363035      1.178375      1.550339      1.012772      1.127551      1.171944      1.046827 
     1.492021      1.421173      1.444647      1.354100      1.186128      1.549786      1.061920      1.121856      1.172153      1.055946 
     1.504097      1.430098      1.443405      1.345386      1.194535      1.549229      1.115663      1.115884      1.168308      1.070711 
     1.515568      1.438467      1.441942      1.337057      1.203328      1.548822      1.169252      1.109906      1.160731      1.089290 
     1.526373      1.446260      1.440285      1.329273      1.212233      1.548672      1.219234      1.104220      1.150074      1.109665 
     1.536452      1.453464      1.438450      1.322184      1.220996      1.548843      1.263288      1.099165      1.137266      1.129894 
     1.545757      1.460067      1.436448      1.315924      1.229384      1.549355      1.299965      1.095157      1.123453      1.148304 
     1.554257      1.466064      1.434281      1.310609      1.237192      1.550206      1.328372      1.092605      1.109956      1.163579 
     1.561935      1.471449      1.431946      1.306340      1.244241      1.551376      1.347962      1.091913      1.098208      1.174729 
     1.568793      1.476214      1.429445      1.303203      1.250382      1.552837      1.358376      1.093426      1.089620      1.181095 
     1.574848      1.480349      1.426789      1.301267      1.255486      1.554562      1.359353      1.097378      1.085428      1.182331 
     1.580123      1.483844      1.424003      1.300585      1.259447      1.556527      1.350699      1.103846      1.086533      1.178400 
     1.584658      1.486683      1.421132      1.301186      1.262181      1.558717      1.332337      1.112744      1.093308      1.169580 
     1.588498      1.488852      1.418243      1.303074      1.263631      1.561126      1.304375      1.123769      1.105530      1.156507 
     1.591693      1.490339      1.415413      1.306218      1.263768      1.563750      1.267276      1.136427      1.122353      1.140178 
     1.594294      1.491142      1.412730      1.310545      1.262605      1.566575      1.222035      1.150035      1.142431      1.121957 
     1.596342      1.491264      1.410273      1.315943      1.260198      1.569567      1.170428      1.163764      1.164105      1.103487 
     1.597860      1.490723      1.408107      1.322258      1.256650      1.572653      1.115243      1.176689      1.185634      1.086546 
     1.598845      1.489549      1.406274      1.329312      1.252105      1.575714      1.060441      1.187854      1.205412      1.072825 
     1.599251      1.487776      1.404795      1.336917      1.246735      1.578590      1.011131      1.196332      1.222118      1.063687 
     1.599001      1.485440      1.403678      1.344893      1.240725      1.581107      0.973109      1.201287      1.234792      1.059953 
     1.598000      1.482569      1.402924      1.353083      1.234260      1.583118      0.951741      1.202043      1.242829      1.061797 
     1.596177      1.479182      1.402535      1.361359      1.227510      1.584557      0.950260      1.198165      1.245909      1.068809 
     1.593521      1.475282      1.402520      1.369616      1.220637      1.585462      0.968412      1.189547      1.243908      1.080116 
     1.590084      1.470866      1.402896      1.377760      1.213800      1.585961      1.002621      1.176451      1.236835      1.094558 
     1.585952      1.465923      1.403684      1.385702      1.207158      1.586212      1.047463      1.159482      1.224817      1.110857 
     1.581203      1.460444      1.404904      1.393352      1.200877      1.586357      1.097361      1.139554      1.208109      1.127764 
     1.575885      1.454417      1.406571      1.400625      1.195119      1.586496      1.147604      1.117842      1.187141      1.144162 
     1.570008      1.447834      1.408690      1.407442      1.190040      1.586677      1.194646      1.095766      1.162551      1.159119 
     1.563537      1.440677      1.411267      1.413739      1.185788      1.586896      1.236011      1.074952      1.135289      1.171938 
     1.556411      1.432931      1.414296      1.419465      1.182490      1.587101      1.270025      1.057141      1.106666      1.182111 
     1.548552      1.424583      1.417766      1.424584      1.180256      1.587198      1.295568      1.044049      1.078427      1.189291 
     1.539881      1.415628      1.421660      1.429076      1.179180      1.587056      1.311875      1.037152      1.052792      1.193249 
     1.530339      1.406074      1.425960      1.432932      1.179329      1.586526      1.318403      1.037457      1.032375      1.193835 
     1.519904      1.395960      1.430640      1.436158      1.180748      1.585463      1.314770      1.045282      1.019868      1.190944 
     1.508604      1.385367      1.435670      1.438772      1.183444      1.583768      1.300782      1.060185      1.017580      1.184537 
     1.496534      1.374439      1.441014      1.440797      1.187375      1.581418      1.276557      1.080992      1.026820      1.174699 
     1.483857      1.363394      1.446622      1.442267      1.192432      1.578484      1.242739      1.105938      1.047395      1.161735 
     1.470808      1.352527      1.452424      1.443226      1.198421      1.575117      1.200786      1.132863      1.077489      1.146283 
     1.457671      1.342181      1.458315      1.443720      1.205059      1.571496      1.153236      1.159461      1.113993      1.129373 
     1.444737      1.332696      1.464161      1.443800      1.211998      1.567784      1.103816      1.183553      1.153129      1.112365 
     1.432246      1.324359      1.469811      1.443513      1.218865      1.564082      1.057213      1.203322      1.191190      1.096770 
     1.420353      1.317353      1.475122      1.442903      1.225316      1.560412      1.018550      1.217525      1.225060      1.083958 
     1.409118      1.311754      1.479985      1.442005      1.231074      1.556739      0.992417      1.225534      1.252535      1.074946 
     1.398548      1.307543      1.484336      1.440844      1.235947      1.553008      0.981762      1.227273      1.272312      1.070263 
     1.388652      1.304637      1.488153      1.439441      1.239816      1.549197      0.987044      1.223104      1.283807      1.069925 
     1.379475      1.302925      1.491449      1.437807      1.242621      1.545355      1.006152      1.213654      1.286935      1.073525 
     1.371095      1.302286      1.494255      1.435950      1.244341      1.541585      1.035293      1.199691      1.281925      1.080332 
     1.363599      1.302598      1.496611      1.433876      1.244980      1.538017      1.070184      1.182058      1.269208      1.089420 
     1.357056      1.303747      1.498558      1.431587      1.244563      1.534765      1.106959      1.161656      1.249372      1.099792 
     1.351511      1.305630      1.500133      1.429083      1.243124      1.531908      1.142609      1.139487      1.223168      1.110468 
     1.346981      1.308153      1.501359      1.426360      1.240705      1.529481      1.174992      1.116664      1.191556      1.120557 
     1.343460      1.311237      1.502246      1.423409      1.237351      1.527479      1.202701      1.094440      1.155787      1.129287 
     1.340926      1.314810      1.502781      1.420218      1.233115      1.525862      1.224862      1.074203      1.117509      1.136006 
     1.339353      1.318813      1.502922      1.416770      1.228049      1.524568      1.240938      1.057409      1.078912      1.140196 
     1.338714      1.323198      1.502597      1.413040      1.222207      1.523528      1.250604      1.045462      1.042805      1.141460 
     1.338989      1.327922      1.501698      1.408994      1.215650      1.522674      1.253636      1.039555      1.012541      1.139535 
     1.340172      1.332954      1.500094      1.404591      1.208447      1.521954      1.249851      1.040489      0.991725      1.134331 
     1.342275      1.338265      1.497655      1.399779      1.200680      1.521345      1.239098      1.048534      0.983535      1.125988 
     1.345330      1.343828      1.494283      1.394499      1.192457      1.520863      1.221295      1.063403      0.989894      1.114958 
     1.349382      1.349607      1.489945      1.388690      1.183922      1.520558      1.196541      1.084280      1.010854      1.102070 
     1.354472      1.355553      1.484674      1.382301      1.175278      1.520510      1.165323      1.109936      1.044591      1.088528 
     1.360617      1.361596      1.478563      1.375295      1.166798      1.520798      1.128808      1.138837      1.087953      1.075845 
     1.367777      1.367637      1.471732      1.367675      1.158823      1.521484      1.089151      1.169248      1.137222      1.065645 
     1.375843      1.373562      1.464317      1.359485      1.151736      1.522581      1.049711      1.199336      1.188724      1.059411 
     1.384627      1.379245      1.456464      1.350818      1.145926      1.524049      1.014965      1.227273      1.239226      1.058180 
     1.393884      1.384572      1.448313      1.341809      1.141734      1.525822      0.989899      1.251349      1.286116      1.062290 
     1.403356      1.389445      1.440008      1.332628      1.139410      1.527845      0.978817      1.270097      1.327453      1.071315 
     1.412826      1.393796      1.431683      1.323471      1.139082      1.530114      0.983923      1.282398      1.361896      1.084178 
     1.422146      1.397581      1.423472      1.314557      1.140754      1.532690      1.004499      1.287542      1.388576      1.099392 
     1.431233      1.400781      1.415502      1.306115      1.144305      1.535665      1.037258      1.285228      1.406969      1.115324 
     1.440052      1.403388      1.407894      1.298387      1.149509      1.539118      1.077594      1.275537      1.416801      1.130418 
     1.448573      1.405410      1.400761      1.291603      1.156059      1.543089      1.120812      1.258839      1.417997      1.143377 
     1.456769      1.406864      1.394200      1.285972      1.163598      1.547572      1.162940      1.235792      1.410631      1.153224 
     1.464601      1.407768      1.388292      1.281667      1.171757      1.552522      1.200973      1.207328      1.394896      1.159343 
     1.472024      1.408147      1.383098      1.278818      1.180178      1.557869      1.232813      1.174696      1.371088      1.161474 
     1.478976      1.408028      1.378660      1.277503      1.188535      1.563522      1.257092      1.139498      1.339619      1.159686 
     1.485382      1.407443      1.375002      1.277756      1.196547      1.569383      1.272970      1.103757      1.301058      1.154343 
     1.491151      1.406430      1.372133      1.279564      1.203982      1.575339      1.279983      1.069913      1.256229      1.146080 
     1.496173      1.405032      1.370043      1.282871      1.210655      1.581271      1.277950      1.040725      1.206337      1.135758 
     1.500344      1.403298      1.368702      1.287586      1.216427      1.587042      1.266947      1.018972      1.153167      1.124426 
     1.503580      1.401285      1.368065      1.293587      1.221202      1.592499      1.247328      1.006974      1.099299      1.113239 
     1.505848      1.399056      1.368072      1.300732      1.224917      1.597461      1.219808      1.006032      1.048289      1.103356 
     1.507176      1.396676      1.368651      1.308859      1.227542      1.601720      1.185562      1.016036      1.004659      1.095795 
     1.507653      1.394218      1.369736      1.317799      1.229073      1.605050      1.146364      1.035502      0.973425      1.091292 
     1.507395      1.391755      1.371285      1.327379      1.229529      1.607246      1.104690      1.061973      0.958960      1.090228 
     1.506506      1.389358      1.373277      1.337432      1.228948      1.608196      1.063810      1.092528      0.963385      1.092540 
     1.505046      1.387100      1.375720      1.347795      1.227386      1.607911      1.027724      1.124334      0.985638      1.097844 
     1.503037      1.385047      1.378627      1.358306      1.224918      1.606509      1.000791      1.154987      1.021907      1.105604 
     1.500470      1.383262      1.381999      1.368805      1.221638      1.604164      0.986878      1.182580      1.066963      1.115103 
     1.497356      1.381797      1.385817      1.379142      1.217658      1.601067      0.988211      1.205735      1.115684      1.125567 
     1.493752      1.380689      1.390045      1.389180      1.213107      1.597419      1.004577      1.223571      1.163830      1.136186 
     1.489771      1.379957      1.394631      1.398796      1.208128      1.593438      1.033378      1.235572      1.208262      1.146165 
     1.485557      1.379601      1.399516      1.407882      1.202875      1.589358      1.070663      1.241542      1.246818      1.154804 
     1.481243      1.379603      1.404638      1.416349      1.197507      1.585400      1.112145      1.241461      1.278072      1.161483 
     1.476940      1.379930      1.409936      1.424121      1.192190      1.581749      1.154043      1.235456      1.301205      1.165706 
     1.472715      1.380535      1.415358      1.431142      1.187081      1.578546      1.193398      1.223796      1.315784      1.167131 
     1.468606      1.381364      1.420861      1.437365      1.182334      1.575883      1.228069      1.206911      1.321632      1.165563 
     1.464620      1.382353      1.426410      1.442756      1.178095      1.573816      1.256623      1.185420      1.318741      1.160972 
     1.460750      1.383434      1.431980      1.447286      1.174504      1.572362      1.278169      1.160208      1.307207      1.153474 
     1.456976      1.384536      1.437554      1.450930      1.171689      1.571501      1.292143      1.132491      1.287280      1.143358 
     1.453272      1.385588      1.443108      1.453664      1.169766      1.571177      1.298196      1.103865      1.259420      1.131092 
     1.449613      1.386526      1.448616      1.455469      1.168830      1.571292      1.296152      1.076339      1.224393      1.117319 
     1.445989      1.387284      1.454040      1.456333      1.168952      1.571706      1.286012      1.052252      1.183460      1.102837 
     1.442406      1.387808      1.459319      1.456256      1.170175      1.572245      1.267943      1.034029      1.138606      1.088635 
     1.438894      1.388050      1.464361      1.455251      1.172504      1.572713      1.242342      1.023766      1.092727      1.075802 
     1.435506      1.387976      1.469035      1.453349      1.175910      1.572911      1.209952      1.022783      1.049693      1.065416 
     1.432307      1.387565      1.473165      1.450600      1.180322      1.572660      1.171953      1.031234      1.014166      1.058457 
     1.429360      1.386815      1.476553      1.447071      1.185633      1.571820      1.130125      1.048087      0.990890      1.055686 
     1.426701      1.385743      1.479030      1.442838      1.191709      1.570292      1.087002      1.071378      0.983466      1.057554 
     1.424349      1.384380      1.480513      1.437992      1.198395      1.568020      1.045932      1.098699      0.993050      1.064104 
     1.422286      1.382777      1.481060      1.432624      1.205521      1.564988      1.010992      1.127561      1.017978      1.074988 
     1.420476      1.380996      1.480847      1.426826      1.212909      1.561202      0.986491      1.155693      1.054445      1.089439 
     1.418883      1.379109      1.480113      1.420694      1.220381      1.556717      0.976012      1.181179      1.097822      1.106350 
     1.417491      1.377194      1.479102      1.414313      1.227770      1.551649      0.981270      1.202542      1.143762      1.124405 
     1.416316      1.375331      1.478019      1.407768      1.234920      1.546192      1.001476      1.218746      1.188759      1.142251 
     1.415405      1.373596      1.477022      1.401134      1.241687      1.540593      1.033675      1.229170      1.230227      1.158609 
     1.414823      1.372070      1.476222      1.394483      1.247944      1.535105      1.073765      1.233529      1.266394      1.172376 
     1.414635      1.370827      1.475689      1.387882      1.253574      1.529946      1.117579      1.231819      1.296091      1.182654 
     1.414897      1.369939      1.475465      1.381391      1.258479      1.525283      1.161534      1.224270      1.318588      1.188771 
     1.415650      1.369471      1.475568      1.375066      1.262573      1.521223      1.202852      1.211326      1.333451      1.190279 
     1.416924      1.369487      1.476004      1.368953      1.265785      1.517827      1.239492      1.193657      1.340440      1.186961 
     1.418737      1.370043      1.476761      1.363099      1.268054      1.515110      1.270000      1.172207      1.339445      1.178829 
     1.421091      1.371190      1.477813      1.357546      1.269333      1.513055      1.293333      1.148235      1.330467      1.166154 
     1.423976      1.372972      1.479122      1.352339      1.269582      1.511611      1.308718      1.123363      1.313641      1.149509 
     1.427363      1.375420      1.480625      1.347524      1.268778      1.510699      1.315566      1.099553      1.289304      1.129827 
     1.431201      1.378550      1.482239      1.343144      1.266915      1.510211      1.313464      1.078994      1.258100      1.108437 
     1.435420      1.382354      1.483847      1.339244      1.264012      1.510021      1.302196      1.063830      1.221134      1.087070 
     1.439939      1.386796      1.485304      1.335859      1.260118      1.509993      1.281842      1.055781      1.180117      1.067752 
     1.444676      1.391810      1.486444      1.333016      1.255314      1.509990      1.252893      1.055682      1.137495      1.052586 
     1.449558      1.397299      1.487091      1.330724      1.249717      1.509886      1.216393      1.063271      1.096440      1.043378 
     1.454530      1.403138      1.487084      1.328968      1.243475      1.509573      1.174063      1.077210      1.060651      1.041230 
     1.459542      1.409189      1.486307      1.327710      1.236760      1.508969      1.128383      1.095394      1.033835      1.046257 
     1.464537      1.415308      1.484714      1.326889      1.229752      1.508030      1.082623      1.115530      1.018899      1.057542 
     1.469429      1.421364      1.482333      1.326428      1.222633      1.506751      1.040720      1.135402      1.017121      1.073442 
     1.474108      1.427241      1.479255      1.326234      1.215568      1.505173      1.006966      1.153221      1.027762      1.091999 
     1.478454      1.432849      1.475591      1.326215      1.208704      1.503373      0.985331      1.167713      1.048373      1.111319 
     1.482375      1.438117      1.471446      1.326277      1.202166      1.501454      0.978513      1.178101      1.075606      1.129808 
     1.485843      1.442991      1.466900      1.326339      1.196061      1.499537      0.987106      1.184033      1.106019      1.146241 
     1.488910      1.447428      1.462008      1.326331      1.190484      1.497757      1.009411      1.185453      1.136629      1.159737 
     1.491684      1.451390      1.456806      1.326195      1.185516      1.496260      1.042085      1.182522      1.165107      1.169706 
     1.494285      1.454843      1.451322      1.325886      1.181236      1.495191      1.081171      1.175557      1.189759      1.175791 
     1.496816      1.457752      1.445577      1.325368      1.177711      1.494679      1.122964      1.165015      1.209406      1.177821 
     1.499337      1.460085      1.439593      1.324623      1.174999      1.494833      1.164397      1.151493      1.223279      1.175792 
     1.501872      1.461806      1.433391      1.323647      1.173149      1.495736      1.203185      1.135791      1.230897      1.169852 
     1.504401      1.462879      1.426995      1.322452      1.172197      1.497446      1.237664      1.118913      1.232001      1.160310 
     1.506876      1.463266      1.420433      1.321067      1.172166      1.499995      1.266640      1.102100      1.226516      1.147654 
     1.509223      1.462926      1.413742      1.319544      1.173066      1.503395      1.289234      1.086821      1.214574      1.132586 
     1.511353      1.461814      1.406967      1.317962      1.174886      1.507629      1.304766      1.074681      1.196572      1.116051 
     1.513176      1.459886      1.400172      1.316428      1.177594      1.512659      1.312679      1.067258      1.173301      1.099251 
     1.514604      1.457105      1.393435      1.315082      1.181129      1.518421      1.312535      1.065856      1.146086      1.083610 
     1.515568      1.453441      1.386856      1.314095      1.185395      1.524831      1.304043      1.071210      1.116950      1.070659 
     1.516015      1.448889      1.380554      1.313657      1.190254      1.531788      1.287149      1.083245      1.088662      1.061835 
     1.515911      1.443471      1.374658      1.313965      1.195532      1.539172      1.262162      1.101008      1.064547      1.058203 
     1.515232      1.437247      1.369306      1.315201      1.201017      1.546852      1.229882      1.122800      1.047974      1.060226 
     1.513963      1.430313      1.364640      1.317500      1.206480      1.554685      1.191717      1.146456      1.041490      1.067615 
     1.512095      1.422792      1.360796      1.320937      1.211690      1.562523      1.149749      1.169730      1.046044      1.079404 
     1.509620      1.414825      1.357912      1.325518      1.216439      1.570210      1.106728      1.190598      1.060639      1.094160 
     1.506534      1.406557      1.356119      1.331180      1.220553      1.577587      1.065960      1.207457      1.082723      1.110271 
     1.502835      1.398117      1.355522      1.337819      1.223910      1.584493      1.031065      1.219204      1.109005      1.126200 
     1.498528      1.389609      1.356193      1.345311      1.226431      1.590775      1.005518      1.225207      1.136278      1.140671 
     1.493627      1.381110      1.358163      1.353530      1.228080      1.596331      0.991996      1.225226      1.161906      1.152734 
     1.488165      1.372672      1.361433      1.362364      1.228849      1.601141      0.991732      1.219314      1.183965      1.161765 
     1.482186      1.364329      1.365977      1.371720      1.228750      1.605279      1.004150      1.207759      1.201185      1.167410 
     1.475751      1.356105      1.371755      1.381517      1.227802      1.608902      1.027109      1.191061      1.212799      1.169550 
     1.468925      1.348027      1.378711      1.391682      1.226033      1.612200      1.057530      1.169939      1.218398      1.168240 
     1.461770      1.340125      1.386779      1.402143      1.223476      1.615350      1.092122      1.145389      1.217839      1.163708 
     1.454342      1.332440      1.395881      1.412826      1.220169      1.618485      1.127892      1.118737      1.211186      1.156341 
     1.446687      1.325018      1.405928      1.423653      1.216160      1.621677      1.162372      1.091705      1.198704      1.146683 
     1.438836      1.317911      1.416818      1.434542      1.211503      1.624937      1.193644      1.066402      1.180882      1.135441 
     1.430804      1.311182      1.428436      1.445401      1.206263      1.628218      1.220246      1.045224      1.158487      1.123477 
     1.422593      1.304897      1.440653      1.456137      1.200515      1.631437      1.241104      1.030626      1.132621      1.111765 
     1.414195      1.299127      1.453324      1.466647      1.194352      1.634493      1.255428      1.024711      1.104815      1.101334 
     1.405607      1.293943      1.466284      1.476818      1.187881      1.637287      1.262664      1.028763      1.077070      1.093170 
     1.396846      1.289419      1.479355      1.486529      1.181231      1.639736      1.262462      1.042909      1.051850      1.088100 
     1.387970      1.285622      1.492347      1.495644      1.174555      1.641770      1.254698      1.066098      1.031897      1.086649 
     1.379088      1.282616      1.505076      1.504016      1.168027      1.643332      1.239478      1.096318      1.019859      1.088959 
     1.370350      1.280452      1.517384      1.511486      1.161842      1.644365      1.217197      1.131053      1.017720      1.094753 
     1.361939      1.279167      1.529151      1.517894      1.156211      1.644831      1.188635      1.167679      1.026242      1.103370 
     1.354053      1.278783      1.540298      1.523084      1.151344      1.644703      1.155044      1.203739      1.044723      1.113894 
     1.346871      1.279312      1.550773      1.526911      1.147447      1.643974      1.118265      1.237086      1.071180      1.125284 
     1.340551      1.280751      1.560537      1.529248      1.144699      1.642643      1.080796      1.265943      1.102859      1.136496 
     1.335197      1.283094      1.569553      1.529994      1.143247      1.640714      1.045763      1.288908      1.136811      1.146560 
     1.330872      1.286335      1.577785      1.529077      1.143192      1.638189      1.016705      1.304931      1.170321      1.154655 
     1.327600      1.290479      1.585200      1.526442      1.144592      1.635077      0.997093      1.313260      1.201137      1.160133 
     1.325404      1.295548      1.591769      1.522049      1.147463      1.631387      0.989615      1.313376      1.227507      1.162523 
     1.324350      1.301584      1.597466      1.515863      1.151789      1.627132      0.995458      1.304935      1.248105      1.161527 
     1.324569      1.308646      1.602265      1.507852      1.157526      1.622314      1.013991      1.287745      1.261917      1.157023 
     1.326251      1.316806      1.606133      1.497992      1.164598      1.616918      1.043009      1.261776      1.268144      1.149080 
     1.329610      1.326128      1.609032      1.486287      1.172898      1.610909      1.079404      1.227260      1.266161      1.137990 
     1.334814      1.336656      1.610923      1.472787      1.182269      1.604244      1.119842      1.184920      1.255555      1.124352 
     1.341924      1.348389      1.611766      1.457610      1.192507      1.596878      1.161222      1.136284      1.236225      1.109109 
     1.350840      1.361264      1.611533      1.440969      1.203347      1.588778      1.200913      1.084086      1.208533      1.093540 
     1.361263      1.375139      1.610207      1.423177      1.214468      1.579919      1.236783      1.032588      1.173519      1.079206 
     1.372701      1.389798      1.607800      1.404633      1.225515      1.570284      1.267198      0.987610      1.133081      1.067744 
     1.384541      1.404972      1.604339      1.385791      1.236127      1.559857      1.290988      0.955819      1.090080      1.060584 
     1.396202      1.420365      1.599873      1.367120      1.245960      1.548634      1.307406      0.942972      1.048329      1.058647 
     1.407294      1.435682      1.594461      1.349072      1.254713      1.536653      1.316080      0.951643      1.012351      1.062156 
     1.417690      1.450641      1.588176      1.332069      1.262132      1.524042      1.316972      0.980005      0.986774      1.070628 
     1.427457      1.464977      1.581108      1.316492      1.268009      1.511046      1.310338      1.022736      0.975264      1.083023 
     1.436712      1.478454      1.573368      1.302679      1.272190      1.498037      1.296694      1.073265      0.979328      1.097983 
     1.445524      1.490872      1.565093      1.290905      1.274576      1.485466      1.276772      1.125606      0.997707      1.114071 
     1.453901      1.502075      1.556436      1.281366      1.275126      1.473812      1.251507      1.175216      1.026864      1.129926 
     1.461791      1.511963      1.547551      1.274174      1.273859      1.463505      1.222017      1.219047      1.062244      1.144363 
     1.469124      1.520488      1.538577      1.269354      1.270846      1.454870      1.189597      1.255297      1.099486      1.156436 
     1.475823      1.527648      1.529622      1.266857      1.266197      1.448103      1.155732      1.283078      1.135104      1.165456 
     1.481827      1.533473      1.520764      1.266576      1.260053      1.443284      1.122104      1.302100      1.166640      1.170994 
     1.487086      1.538014      1.512048      1.268365      1.252575      1.440393      1.090578      1.312420      1.192546      1.172851 
     1.491569      1.541327      1.503497      1.272056      1.243935      1.439339      1.063142      1.314266      1.211961      1.171027 
     1.495253      1.543466      1.495118      1.277469      1.234319      1.439984      1.041746      1.307941      1.224484      1.165689 
     1.498131      1.544467      1.486908      1.284421      1.223925      1.442171      1.028059      1.293780      1.230014      1.157158 
     1.500213      1.544352      1.478856      1.292727      1.212971      1.445747      1.023128      1.272162      1.228644      1.145900 
     1.501515      1.543118      1.470951      1.302199      1.201701      1.450574      1.027151      1.243587      1.220603      1.132534 
     1.502065      1.540738      1.463183      1.312644      1.190392      1.456541      1.039385      1.208789      1.206264      1.117855 
     1.501888      1.537163      1.455543      1.323857      1.179363      1.463547      1.058278      1.168899      1.186193      1.102832 
     1.501006      1.532330      1.448022      1.335624      1.168969      1.471480      1.081765      1.125636      1.161225      1.088595 
     1.499428      1.526160      1.440616      1.347718      1.159596      1.480195      1.107593      1.081506      1.132550      1.076362 
     1.497149      1.518566      1.433312      1.359919      1.151639      1.489500      1.133604      1.039918      1.101808      1.067330 
     1.494155      1.509459      1.426098      1.372022      1.145476      1.499158      1.157884      1.005075      1.071117      1.062510 
     1.490435      1.498748      1.418953      1.383860      1.141448      1.508918      1.178845      0.981449      1.043030      1.062558 
     1.485998      1.486342      1.411850      1.395312      1.139833      1.518568      1.195244      0.972753      1.020368      1.067694 
     1.480887      1.472163      1.404768      1.406313      1.140833      1.527982      1.206177      0.980770      1.005839      1.077645 
     1.475181      1.456158      1.397712      1.416841      1.144566      1.537144      1.211054      1.004684      1.001520      1.091710 
     1.468992      1.438333      1.390727      1.426911      1.151051      1.546122      1.209576      1.041429      1.008311      1.108859 
     1.462441      1.418784      1.383919      1.436555      1.160182      1.555022      1.201736      1.086714      1.025627      1.127859 
     1.455661      1.397730      1.377444      1.445810      1.171716      1.563927      1.187855      1.136068      1.051486      1.147392 
     1.448780      1.375516      1.371489      1.454706      1.185266      1.572866      1.168642      1.185476      1.082996      1.166174 
     1.441913      1.352598      1.366240      1.463258      1.200325      1.581800      1.145264      1.231693      1.116945      1.183032 
     1.435149      1.329516      1.361854      1.471462      1.216299      1.590633      1.119356      1.272274      1.150331      1.196999 
     1.428539      1.306836      1.358443      1.479294      1.232572      1.599229      1.092961      1.305501      1.180676      1.207347 
     1.422086      1.285115      1.356071      1.486716      1.248542      1.607433      1.068388      1.330278      1.206126      1.213590 
     1.415752      1.264865      1.354758      1.493680      1.263672      1.615101      1.048010      1.345965      1.225419      1.215460 
     1.409468      1.246543      1.354493      1.500128      1.277496      1.622118      1.033958      1.352241      1.237783      1.212876 
     1.403162      1.230545      1.355250      1.506001      1.289624      1.628417      1.027781      1.348969      1.242804      1.205900 
     1.396780      1.217226      1.356994      1.511231      1.299731      1.633986      1.030151      1.336125      1.240317      1.194720 
     1.390317      1.206897      1.359689      1.515748      1.307536      1.638863      1.040761      1.313780      1.230345      1.179643 
     1.383821      1.199835      1.363301      1.519477      1.312797      1.643118      1.058409      1.282124      1.213083      1.161121 
     1.377401      1.196274      1.367793      1.522336      1.315305      1.646831      1.081253      1.241588      1.188968      1.139810 
     1.371216      1.196390      1.373118      1.524245      1.314888      1.650052      1.107142      1.193073      1.158798      1.116637 
     1.365460      1.200276      1.379205      1.525126      1.311427      1.652782      1.133882      1.138284      1.123913      1.092859 
     1.360333      1.207923      1.385949      1.524909      1.304882      1.654936      1.159417      1.080164      1.086399      1.070081 
     1.356004      1.219196      1.393202      1.523540      1.295301      1.656331      1.181934      1.023312      1.049225      1.050189 
     1.352569      1.233846      1.400778      1.520982      1.282841      1.656677      1.199936      0.974147      1.016192      1.035154 
     1.350035      1.251531      1.408470      1.517207      1.267753      1.655607      1.212280      0.940241      0.991542      1.026735 
     1.348349      1.271850      1.416084      1.512195      1.250377      1.652768      1.218210      0.928306      0.979129      1.026166 
     1.347505      1.294354      1.423475      1.505924      1.231142      1.647941      1.217367      0.941339      0.981347      1.033913 
     1.347628      1.318527      1.430556      1.498381      1.210604      1.641151      1.209789      0.977035      0.998267      1.049537 
     1.348951      1.343732      1.437288      1.489580      1.189496      1.632684      1.195918      1.028931      1.027507      1.071693 
     1.351696      1.369211      1.443658      1.479572      1.168729      1.623008      1.176644      1.089125      1.064914      1.098278 
     1.355961      1.394141      1.449646      1.468456      1.149325      1.612668      1.153331      1.150463      1.105733      1.126796 
     1.361677      1.417749      1.455233      1.456348      1.132281      1.602177      1.127761      1.207576      1.145606      1.154742 
     1.368650      1.439424      1.460401      1.443363      1.118432      1.591946      1.101996      1.257033      1.181172      1.179980 
     1.376617      1.458768      1.465141      1.429594      1.108364      1.582253      1.078169      1.297000      1.210245      1.200958 
     1.385311      1.475606      1.469458      1.415119      1.102384      1.573254      1.058280      1.326785      1.231632      1.216696 
     1.394502      1.489948      1.473373      1.400008      1.100537      1.565017      1.043990      1.346366      1.244870      1.226694 
     1.404016      1.501930      1.476910      1.384350      1.102652      1.557557      1.036414      1.356051      1.249957      1.230794 
     1.413736      1.511769      1.480096      1.368259      1.108390      1.550867      1.035981      1.356258      1.247157      1.229063 
     1.423587      1.519715      1.482953      1.351898      1.117294      1.544937      1.042372      1.347417      1.236913      1.221730 
     1.433525      1.526016      1.485492      1.335476      1.128826      1.539760      1.054602      1.329945      1.219824      1.209170 
     1.443511      1.530904      1.487713      1.319256      1.142397      1.535328      1.071211      1.304305      1.196684      1.191922 
     1.453500      1.534573      1.489596      1.303550      1.157400      1.531616      1.090493      1.271094      1.168572      1.170734 
     1.463430      1.537175      1.491103      1.288700      1.173228      1.528567      1.110713      1.231181      1.136940      1.146616 
     1.473210      1.538820      1.492171      1.275071      1.189298      1.526076      1.130272      1.185882      1.103697      1.120877 
     1.482725      1.539580      1.492719      1.263020      1.205074      1.523974      1.147788      1.137140      1.071225      1.095125 
     1.491832      1.539493      1.492646      1.252880      1.220088      1.522030      1.162146      1.087707      1.042274      1.071199 
     1.500367      1.538573      1.491847      1.244939      1.233949      1.519951      1.172493      1.041246      1.019686      1.051027 
     1.508158      1.536816      1.490225      1.239429      1.246360      1.517420      1.178212      1.002224      1.005961      1.036407 
     1.515048      1.534201      1.487711      1.236533      1.257104      1.514138      1.178897      0.975411      1.002739      1.028747 
     1.520930      1.530699      1.484280      1.236388      1.266033      1.509890      1.174374      0.964847      1.010402      1.028826 
     1.525772      1.526272      1.479956      1.239108      1.273043      1.504620      1.164696      0.972478      1.028060      1.036711 
     1.529627      1.520890      1.474810      1.244778      1.278054      1.498449      1.150239      0.997440      1.053758      1.051700 
     1.532586      1.514536      1.468949      1.253448      1.281005      1.491647      1.131836      1.036419      1.084928      1.072469 
     1.534738      1.507221      1.462506      1.265106      1.281857      1.484558      1.110762      1.084761      1.118809      1.097250 
     1.536144      1.498995      1.455635      1.279662      1.280607      1.477525      1.088774      1.137670      1.152765      1.124070 
     1.536816      1.489947      1.448483      1.296934      1.277300      1.470848      1.068030      1.190918      1.184475      1.150977 
     1.536734      1.480198      1.441201      1.316655      1.272033      1.464754      1.050890      1.241137      1.212028      1.176200 
     1.535862      1.469884      1.433913      1.338505      1.264958      1.459402      1.039568      1.285812      1.233945      1.198246 
     1.534158      1.459148      1.426729      1.362123      1.256271      1.454903      1.035742      1.323175      1.249173      1.215964 
     1.531602      1.448126      1.419739      1.387133      1.246203      1.451341      1.040210      1.352060      1.257028      1.228519 
     1.528207      1.436935      1.413015      1.413164      1.235019      1.448791      1.052704      1.371747      1.257131      1.235352 
     1.524024      1.425681      1.406618      1.439842      1.223010      1.447327      1.071876      1.381803      1.249406      1.236161 
     1.519149      1.414445      1.400607      1.466787      1.210505      1.447014      1.095738      1.382040      1.234086      1.230893 
     1.513708      1.403289      1.395029      1.493622      1.197859      1.447896      1.121937      1.372450      1.211746      1.219728 
     1.507846      1.392250      1.389932      1.519969      1.185452      1.449977      1.148141      1.353217      1.183380      1.203104 
     1.501723      1.381344      1.385346      1.545459      1.173677      1.453212      1.172280      1.324762      1.150483      1.181758 
     1.495494      1.370568      1.381292      1.569749      1.162918      1.457496      1.192673      1.287803      1.115101      1.156726 
     1.489304      1.359905      1.377763      1.592531      1.153528      1.462665      1.208060      1.243447      1.079843      1.129386 
     1.483278      1.349332      1.374726      1.613555      1.145805      1.468501      1.217606      1.193320      1.047773      1.101449 
     1.477508      1.338819      1.372123      1.632644      1.139969      1.474747      1.220858      1.139699      1.022118      1.074898 
     1.472051      1.328342      1.369876      1.649696      1.136153      1.481126      1.217688      1.085677      1.005769      1.051879 
     1.466915      1.317896      1.367918      1.664684      1.134396      1.487371      1.208232      1.035270      1.000663      1.034503 
     1.462060      1.307488      1.366206      1.677645      1.134652      1.493250      1.192846      0.993306      1.007302      1.024576 
     1.457406      1.297150      1.364743      1.688662      1.136805      1.498597      1.172119      0.964892      1.024646      1.023242 
     1.452846      1.286946      1.363574      1.697838      1.140686      1.503332      1.146915      0.954150      1.050531      1.030796 
     1.448280      1.276978      1.362779      1.705281      1.146081      1.507464      1.118500      0.962772      1.082206      1.046574 
     1.443626      1.267391      1.362450      1.711088      1.152740      1.511070      1.088665      0.989238      1.116865      1.069124 
     1.438827      1.258379      1.362675      1.715340      1.160377      1.514251      1.059776      1.029451      1.151944      1.096482 
     1.433830      1.250172      1.363533      1.718101      1.168680      1.517089      1.034665      1.078220      1.185260      1.126502 
     1.428585      1.243026      1.365080      1.719428      1.177323      1.519636      1.016300      1.130586      1.215028      1.157089 
     1.423056      1.237196      1.367358      1.719363      1.185983      1.521929      1.007245      1.182533      1.239856      1.186399 
     1.417250      1.232924      1.370392      1.717945      1.194366      1.524023      1.009049      1.231094      1.258712      1.212924 
     1.411238      1.230424      1.374204      1.715200      1.202212      1.526021      1.021855      1.274254      1.270826      1.235459 
     1.405153      1.229877      1.378809      1.711143      1.209305      1.528083      1.044381      1.310671      1.275644      1.253083 
     1.399175      1.231428      1.384226      1.705779      1.215473      1.530413      1.074295      1.339444      1.272776      1.265087 
     1.393502      1.235179      1.390471      1.699107      1.220589      1.533234      1.108817      1.359948      1.261999      1.270927 
     1.388332      1.241182      1.397556      1.691129      1.224574      1.536765      1.145148      1.371689      1.243300      1.270206 
     1.383853      1.249434      1.405479      1.681856      1.227395      1.541188      1.180774      1.374257      1.216980      1.262687 
     1.380230      1.259866      1.414214      1.671318      1.229066      1.546636      1.213577      1.367323      1.183807      1.248337 
     1.377608      1.272334      1.423691      1.659577      1.229651      1.553168      1.241834      1.350695      1.145219      1.227401 
     1.376096      1.286611      1.433779      1.646738      1.229260      1.560754      1.264199      1.324415      1.103548      1.200515 
     1.375760      1.302383      1.444276      1.632953      1.228044      1.569251      1.279681      1.288903      1.062168      1.168825 
     1.376606      1.319266      1.454900      1.618419      1.226188      1.578403      1.287625      1.245125      1.025395      1.134069 
     1.378572      1.336820      1.465323      1.603363      1.223890      1.587853      1.287723      1.194767      0.997951      1.098593 
     1.381521      1.354593      1.475216      1.588022      1.221349      1.597183      1.279998      1.140392      0.983892      1.065244 
     1.385243      1.372155      1.484308      1.572619      1.218747      1.605967      1.264786      1.085551      0.985302      1.037122 
     1.389468      1.389127      1.492426      1.557344      1.216235      1.613815      1.242705      1.034790      1.001501      1.017151 
     1.393891      1.405205      1.499506      1.542343      1.213928      1.620393      1.214641      0.993364      1.029340      1.007497 
     1.398215      1.420162      1.505570      1.527713      1.211907      1.625444      1.181777      0.966398      1.064390      1.009022 
     1.402217      1.433849      1.510714      1.513509      1.210219      1.628814      1.145667      0.957485      1.102198      1.021048 
     1.405799      1.446175      1.515074      1.499753      1.208890      1.630492      1.108336      0.967290      1.139058      1.041588 
     1.409000      1.457096      1.518804      1.486445      1.207926      1.630596      1.072341      0.993228      1.172229      1.067901 
     1.411940      1.466596      1.522050      1.473573      1.207318      1.629328      1.040680      1.030539      1.199871      1.097087 
     1.414759      1.474688      1.524935      1.461122      1.207050      1.626898      1.016474      1.073904      1.220857      1.126532 
     1.417561      1.481404      1.527558      1.449065      1.207096      1.623496      1.002430      1.118671      1.234589      1.154120 
     1.420394      1.486796      1.529990      1.437372      1.207422      1.619282      1.000203      1.161349      1.240842      1.178281 
     1.423268      1.490922      1.532283      1.426002      1.207995      1.614407      1.009954      1.199577      1.239643      1.197921 
     1.426166      1.493842      1.534470      1.414912      1.208779      1.609021      1.030314      1.231873      1.231208      1.212312 
     1.429065      1.495611      1.536568      1.404068      1.209734      1.603267      1.058813      1.257357      1.215912      1.220991 
     1.431952      1.496274      1.538584      1.393444      1.210823      1.597271      1.092503      1.275513      1.194328      1.223676 
     1.434824      1.495869      1.540508      1.383028      1.212001      1.591125      1.128497      1.286034      1.167313      1.220242 
     1.437689      1.494423      1.542317      1.372821      1.213227      1.584882      1.164265      1.288736      1.136112      1.210710 
     1.440562      1.491957      1.543973      1.362838      1.214452      1.578553      1.197746      1.283533      1.102475      1.195270 
     1.443463      1.488485      1.545419      1.353114      1.215627      1.572101      1.227341      1.270446      1.068759      1.174346 
     1.446415      1.484022      1.546583      1.343695      1.216702      1.565444      1.251838      1.249653      1.037926      1.148682 
     1.449436      1.478581      1.547372      1.334647      1.217624      1.558459      1.270335      1.221583      1.013336      1.119451 
     1.452541      1.472180      1.547688      1.326045      1.218343      1.550995      1.282176      1.187047      0.998230      1.088372 
     1.455732      1.464840      1.547433      1.317980      1.218812      1.542894      1.286916      1.147431      0.994979      1.057796 
     1.458999      1.456595      1.546531      1.310553      1.218988      1.534025      1.284270      1.104862      1.004382      1.030676 
     1.462307      1.447493      1.544936      1.303872      1.218837      1.524306      1.274145      1.062401      1.025370      1.010240 
     1.465599      1.437601      1.542643      1.298046      1.218335      1.513730      1.256669      1.024058      1.055353      0.999398 
     1.468801      1.427010      1.539692      1.293179      1.217472      1.502377      1.232247      0.994425      1.090954      0.999971 
     1.471840      1.415827      1.536158      1.289358      1.216255      1.490434      1.201667      0.977846      1.128734      1.012095 
     1.474661      1.404183      1.532135      1.286650      1.214705      1.478200      1.166220      0.977102      1.165642      1.034192 
     1.477230      1.392225      1.527717      1.285091      1.212860      1.466067      1.127831      0.992375      1.199191      1.063450 
     1.479510      1.380121      1.522980      1.284690      1.210772      1.454457      1.089117      1.021154      1.227472      1.096565 
     1.481424      1.368054      1.517981      1.285418      1.208506      1.443746      1.053306      1.059207      1.249103      1.130368 
     1.482835      1.356205      1.512751      1.287214      1.206130      1.434207      1.023940      1.101896      1.263167      1.162204 
     1.483564      1.344745      1.507299      1.289988      1.203713      1.425996      1.004313      1.145135      1.269147      1.190098 
     1.483443      1.333822      1.501616      1.293639      1.201317      1.419176      0.996762      1.185820      1.266845      1.212727 
     1.482372      1.323564      1.495683      1.298056      1.198996      1.413771      1.002054      1.221827      1.256306      1.229294 
     1.480350      1.314079      1.489473      1.303134      1.196796      1.409796      1.019192      1.251812      1.237797      1.239387 
     1.477472      1.305471      1.482960      1.308770      1.194755      1.407278      1.045772      1.274968      1.211834      1.242859 
     1.473891      1.297837      1.476120      1.314865      1.192903      1.406249      1.078640      1.290816      1.179281      1.239754 
     1.469777      1.291281      1.468938      1.321322      1.191269      1.406726      1.114587      1.299070      1.141512      1.230300 
     1.465296      1.285901      1.461394      1.328047      1.189873      1.408689      1.150728      1.299565      1.100594      1.214910 
     1.460592      1.281789      1.453467      1.334945      1.188730      1.412073      1.184707      1.292238      1.059445      1.194224 
     1.455795      1.279024      1.445123      1.341928      1.187850      1.416757      1.214710      1.277149      1.021877      1.169166 
     1.451013      1.277667      1.436315      1.348914      1.187236      1.422583      1.239408      1.254541      0.992311      1.141010 
     1.446346      1.277755      1.426996      1.355828      1.186882      1.429391      1.257881      1.224907      0.975028      1.111439 
     1.441885      1.279303      1.417156      1.362606      1.186780      1.437059      1.269535      1.189132      0.972985      1.082573 
     1.437711      1.282294      1.406862      1.369189      1.186915      1.445523      1.274044      1.148662      0.986754      1.056921 
     1.433895      1.286677      1.396284      1.375521      1.187267      1.454748      1.271322      1.105714      1.014265      1.037155 
     1.430489      1.292367      1.385682      1.381550      1.187810      1.464679      1.261534      1.063432      1.051545      1.025660 
     1.427510      1.299235      1.375370      1.387225      1.188511      1.475181      1.245131      1.025847      1.093930      1.023915 
     1.424944      1.307114      1.365673      1.392505      1.189335      1.486033      1.222900      0.997428      1.137040      1.032067 
     1.422738      1.315814      1.356900      1.397362      1.190239      1.496956      1.195986      0.982141      1.177314      1.048849 
     1.420834      1.325135      1.349329      1.401781      1.191181      1.507667      1.165917      0.982224      1.212145      1.071945 
     1.419189      1.334877      1.343184      1.405761      1.192123      1.517939      1.134602      0.997349      1.239795      1.098577 
     1.417793      1.344847      1.338629      1.409308      1.193025      1.527633      1.104280      1.024765      1.259233      1.126024 
     1.416657      1.354869      1.335761      1.412435      1.193856      1.536687      1.077331      1.060280      1.269983      1.151959 
     1.415804      1.364792      1.334611      1.415159      1.194587      1.545092      1.056005      1.099483      1.272000      1.174605 
     1.415263      1.374493      1.335148      1.417496      1.195199      1.552877      1.042106      1.138564      1.265570      1.192742 
     1.415066      1.383883      1.337296      1.419463      1.195674      1.560101      1.036644      1.174642      1.251235      1.205628 
     1.415245      1.392903      1.340943      1.421075      1.196007      1.566852      1.039648      1.205739      1.229765      1.212904 
     1.415828      1.401517      1.345958      1.422343      1.196192      1.573241      1.050191      1.230611      1.202158      1.214481 
     1.416834      1.409710      1.352189      1.423270      1.196235      1.579385      1.066642      1.248542      1.169714      1.210475 
     1.418265      1.417483      1.359472      1.423857      1.196144      1.585389      1.087000      1.259172      1.134113      1.201163 
     1.420115      1.424841      1.367626      1.424094      1.195932      1.591333      1.109228      1.262373      1.097522      1.186967 
     1.422365      1.431799      1.376457      1.423969      1.195617      1.597256      1.131475      1.258182      1.062640      1.168474 
     1.424991      1.438371      1.385762      1.423463      1.195219      1.603152      1.152188      1.246765      1.032616      1.146473 
     1.427964      1.444577      1.395347      1.422556      1.194763      1.608967      1.170129      1.228435      1.010743      1.122024 
     1.431256      1.450433      1.405039      1.421225      1.194273      1.614612      1.184369      1.203699      0.999841      1.096501 
     1.434830      1.455957      1.414709      1.419442      1.193782      1.619973      1.194226      1.173354      1.001573      1.071679 
     1.438641      1.461160      1.424271      1.417181      1.193322      1.624924      1.199231      1.138634      1.015907      1.049696 
     1.442627      1.466053      1.433673      1.414415      1.192926      1.629332      1.199099      1.101367      1.041158      1.032914 
     1.446700      1.470637      1.442878      1.411125      1.192630      1.633046      1.193732      1.064142      1.074459      1.023536 
     1.450745      1.474907      1.451855      1.407295      1.192467      1.635906      1.183262      1.030339      1.112494      1.023138 
     1.454626      1.478857      1.460576      1.402924      1.192470      1.637751      1.168117      1.003883      1.152072      1.032236 
     1.458211      1.482479      1.469019      1.398022      1.192668      1.638473      1.149107      0.988609      1.190454      1.050126 
     1.461407      1.485764      1.477167      1.392610      1.193083      1.638054      1.127506      0.987225      1.225460      1.075087 
     1.464193      1.488702      1.484997      1.386720      1.193733      1.636601      1.105116      1.000439      1.255388      1.104736 
     1.466628      1.491282      1.492472      1.380402      1.194625      1.634330      1.084201      1.026700      1.278924      1.136469 
     1.468829      1.493494      1.499539      1.373729      1.195754      1.631519      1.067235      1.062723      1.295080      1.167798 
     1.470922      1.495329      1.506136      1.366786      1.197104      1.628447      1.056497      1.104472      1.303154      1.196547 
     1.473024      1.496784      1.512202      1.359674      1.198645      1.625349      1.053579      1.148051      1.302714      1.220955 
     1.475225      1.497860      1.517677      1.352499      1.200336      1.622403      1.058978      1.190177      1.293596      1.239704 
     1.477607      1.498562      1.522516      1.345365      1.202128      1.619727      1.072029      1.228365      1.275923      1.251899 
     1.480246      1.498899      1.526682      1.338376      1.203970      1.617378      1.091101      1.260867      1.250128      1.257014 
     1.483215      1.498876      1.530150      1.331630      1.205806      1.615368      1.114008      1.286533      1.217018      1.254847 
     1.486586      1.498496      1.532901      1.325220      1.207583      1.613655      1.138420      1.304661      1.177875      1.245489 
     1.490414      1.497759      1.534915      1.319236      1.209251      1.612145      1.162187      1.314873      1.134594      1.229312 
     1.494740      1.496658      1.536165      1.313763      1.210765      1.610686      1.183495      1.317038      1.089841      1.206985 
     1.499587      1.495182      1.536612      1.308878      1.212088      1.609067      1.200949      1.311220      1.047124      1.179508 
     1.504956      1.493313      1.536198      1.304655      1.213190      1.607022      1.213563      1.297662      1.010693      1.148257 
     1.510831      1.491032      1.534844      1.301155      1.214049      1.604262      1.220719      1.276789      0.985044      1.115023 
     1.517184      1.488315      1.532464      1.298436      1.214654      1.600528      1.222111      1.249234      0.973939      1.082044 
     1.523964      1.485132      1.528983      1.296545      1.215003      1.595653      1.217730      1.215930      0.979241      1.051974 
     1.531098      1.481460      1.524365      1.295526      1.215101      1.589602      1.207820      1.178203      1.000189      1.027707 
     1.538484      1.477273      1.518631      1.295412      1.214960      1.582463      1.192901      1.137923      1.033691      1.011992 
     1.545989      1.472560      1.511862      1.296224      1.214601      1.574401      1.173797      1.097606      1.075374      1.006824 
     1.553456      1.467314      1.504193      1.297965      1.214055      1.565618      1.151655      1.060379      1.120716      1.012844 
     1.560717      1.461544      1.495806      1.300619      1.213358      1.556329      1.127933      1.029721      1.165790      1.029102 
     1.567611      1.455265      1.486909      1.304148      1.212552      1.546741      1.104349      1.008907      1.207557      1.053331 
     1.574005      1.448495      1.477719      1.308505      1.211684      1.537031      1.082775      1.000235      1.243873      1.082555 
     1.579802      1.441251      1.468433      1.313627      1.210799      1.527342      1.065084      1.004333      1.273349      1.113754 
     1.584932      1.433545      1.459223      1.319453      1.209946      1.517775      1.052946      1.019990      1.295167      1.144257 
     1.589349      1.425393      1.450230      1.325917      1.209168      1.508403      1.047530      1.044527      1.308905      1.171978 
     1.593021      1.416808      1.441568      1.332957      1.208504      1.499293      1.049307      1.074632      1.314403      1.195378 
     1.595929      1.407802      1.433327      1.340515      1.207992      1.490523      1.057928      1.107056      1.311673      1.213401 
     1.598058      1.398393      1.425581      1.348534      1.207661      1.482194      1.072296      1.139046      1.300853      1.225375 
     1.599399      1.388605      1.418388      1.356963      1.207533      1.474432      1.090788      1.168479      1.282204      1.230916 
     1.599931      1.378470      1.411797      1.365752      1.207628      1.467380      1.111533      1.193815      1.256150      1.229871 
     1.599629      1.368036      1.405846      1.374851      1.207953      1.461183      1.132657      1.213997      1.223358      1.222277 
     1.598458      1.357367      1.400557      1.384208      1.208506      1.455978      1.152455      1.228347      1.184860      1.208367 
     1.596375      1.346548      1.395936      1.393768      1.209276      1.451884      1.169477      1.236468      1.142214      1.188598 
     1.593337      1.335689      1.391958      1.403469      1.210237      1.448993      1.182557      1.238199      1.097692      1.163714 
     1.589303      1.324924      1.388562      1.413243      1.211348      1.447361      1.190836      1.233600      1.054396      1.134824 
     1.584237      1.314403      1.385647      1.423020      1.212559      1.447010      1.193748      1.222969      1.016228      1.103474 
     1.578113      1.304294      1.383078      1.432725      1.213805      1.447921      1.191024      1.206851      0.987524      1.071718 
     1.570915      1.294771      1.380716      1.442288      1.215012      1.450047      1.182691      1.186091      0.972196      1.042115 
     1.562636      1.286008      1.378460      1.451642      1.216097      1.453305      1.169103      1.161881      0.972619      1.017615 
     1.553283      1.278186      1.376293      1.460715      1.216973      1.457575      1.150940      1.135801      0.988698      1.001193 
     1.542880      1.271487      1.374286      1.469431      1.217553      1.462700      1.129279      1.109857      1.017942      0.995252 
     1.531474      1.266084      1.372578      1.477705      1.217752      1.468497      1.105652      1.086399      1.056371      1.000907 
     1.519143      1.262129      1.371340      1.485442      1.217497      1.474775      1.082023      1.067874      1.099620      1.017575 
     1.505991      1.259737      1.370735      1.492546      1.216733      1.481354      1.060684      1.056426      1.143735      1.043081 
     1.492151      1.258971      1.370887      1.498923      1.215432      1.488089      1.043983      1.053410      1.185542      1.074285 
     1.477786      1.259831      1.371866      1.504499      1.213595      1.494880      1.033939      1.059032      1.222714      1.107818 
     1.463086      1.262256      1.373686      1.509215      1.211253      1.501687      1.031825      1.072311      1.253682      1.140680 
     1.448259      1.266137      1.376314      1.513034      1.208463      1.508527      1.037874      1.091368      1.277490      1.170498 
     1.433528      1.271330      1.379687      1.515934      1.205302      1.515457      1.051260      1.113880      1.293634      1.195579 
     1.419115      1.277669      1.383721      1.517904      1.201866      1.522547      1.070349      1.137508      1.301939      1.214832 
     1.405225      1.284985      1.388334      1.518942      1.198255      1.529857      1.093069      1.160167      1.302452      1.227655 
     1.392047      1.293114      1.393450      1.519042      1.194579      1.537431      1.117309      1.180184      1.295380      1.233807 
     1.379743      1.301903      1.398997      1.518200      1.190944      1.545282      1.141169      1.196294      1.281049      1.233309 
     1.368454      1.311217      1.404916      1.516403      1.187459      1.553399      1.163091      1.207604      1.259916      1.226384 
     1.358298      1.320941      1.411154      1.513632      1.184227      1.561748      1.181879      1.213526      1.232602      1.213429 
     1.349382      1.330971      1.417659      1.509863      1.181346      1.570271      1.196649      1.213728      1.199995      1.195040 
     1.341801      1.341223      1.424372      1.505066      1.178912      1.578886      1.206789      1.208095      1.163351      1.172049 
     1.335638      1.351617      1.431222      1.499213      1.177009      1.587474      1.211915      1.196745      1.124429      1.145585 
     1.330966      1.362087      1.438118      1.492277      1.175713      1.595878      1.211823      1.180043      1.085618      1.117151 
     1.327833      1.372575      1.444950      1.484240      1.175087      1.603895      1.206487      1.158655      1.049932      1.088647 
     1.326266      1.383031      1.451588      1.475091      1.175174      1.611280      1.196054      1.133615      1.020872      1.062375 
     1.326258      1.393415      1.457902      1.464832      1.176000      1.617762      1.180866      1.106396      1.001892      1.040851 
     1.327768      1.403702      1.463784      1.453469      1.177569      1.623092      1.161473      1.078935      0.995637      1.026504 
     1.330719      1.413876      1.469167      1.441029      1.179861      1.627087      1.138685      1.053614      1.003161      1.021258 
     1.335005      1.423923      1.474035      1.427560      1.182834      1.629678      1.113625      1.033106      1.023570      1.026105 
     1.340496      1.433827      1.478423      1.413138      1.186420      1.630914      1.087788      1.020019      1.054309      1.040822 
     1.347055      1.443559      1.482394      1.397891      1.190521      1.630950      1.063071      1.016389      1.091883      1.064020 
     1.354543      1.453078      1.486022      1.381999      1.195004      1.630012      1.041688      1.023120      1.132607      1.093467 
     1.362822      1.462322      1.489376      1.365697      1.199711      1.628362      1.025945      1.039685      1.173119      1.126527 
     1.371757      1.471220      1.492505      1.349261      1.204459      1.626267      1.017848      1.064256      1.210624      1.160578 
     1.381211      1.479691      1.495444      1.333004      1.209051      1.623972      1.018627      1.094179      1.242965      1.193297 
     1.391057      1.487648      1.498208      1.317248      1.213284      1.621688      1.028415      1.126566      1.268582      1.222769 
     1.401184      1.495002      1.500802      1.302318      1.216963      1.619583      1.046221      1.158752      1.286406      1.247528 
     1.411499      1.501670      1.503220      1.288523      1.219906      1.617789      1.070202      1.188533      1.295764      1.266510 
     1.421928      1.507567      1.505450      1.276152      1.221954      1.616409      1.098090      1.214214      1.296272      1.278972 
     1.432409      1.512615      1.507477      1.265466      1.222972      1.615516      1.127611      1.234570      1.287779      1.284424 
     1.442887      1.516737      1.509282      1.256696      1.222855      1.615161      1.156711      1.248722      1.270349      1.282566 
     1.453313      1.519861      1.510839      1.250039      1.221532      1.615368      1.183685      1.256067      1.244271      1.273254 
     1.463640      1.521918      1.512116      1.245656      1.218973      1.616132      1.207179      1.256203      1.210163      1.256497 
     1.473816      1.522844      1.513070      1.243668      1.215194      1.617409      1.226141      1.248906      1.169133      1.232506 
     1.483787      1.522585      1.513643      1.244143      1.210268      1.619106      1.239763      1.234150      1.123040      1.201783 
     1.493486      1.521102      1.513755      1.247087      1.204334      1.621062      1.247442      1.212176      1.074778      1.165273 
     1.502839      1.518371      1.513298      1.252426      1.197602      1.623042      1.248778      1.183625      1.028482      1.124524 
     1.511766      1.514395      1.512139      1.260006      1.190349      1.624737      1.243574      1.149666      0.989428      1.081865 
     1.520183      1.509196      1.510133      1.269598      1.182903      1.625808      1.231870      1.112136      0.963292      1.040522 
     1.528011      1.502811      1.507160      1.280917      1.175626      1.625954      1.213973      1.073639      0.954610      1.004565 
     1.535172      1.495291      1.503185      1.293636      1.168889      1.624985      1.190488      1.037540      0.965070      0.978544 
     1.541580      1.486694      1.498292      1.307417      1.163049      1.622846      1.162406      1.007782      0.992766      0.966523 
     1.547142      1.477086      1.492677      1.321912      1.158428      1.619569      1.131201      0.988315      1.033084      0.970754 
     1.551747      1.466562      1.486597      1.336777      1.155294      1.615234      1.098909      0.982135      1.080433      0.990799 
     1.555289      1.455238      1.480315      1.351677      1.153836      1.609958      1.068139      0.990306      1.129593      1.023607 
     1.557679      1.443263      1.474058      1.366298      1.154141      1.603903      1.041874      1.011508      1.176370      1.064648 
     1.558870      1.430809      1.468001      1.380371      1.156188      1.597264      1.023008      1.042520      1.217697      1.109169 
     1.558866      1.418064      1.462265      1.393676      1.159854      1.590255      1.013732      1.079258      1.251561      1.153103 
     1.557727      1.405214      1.456924      1.406062      1.164932      1.583094      1.014962      1.117790      1.276792      1.193395 
     1.555554      1.392433      1.452016      1.417438      1.171159      1.576005      1.026107      1.154905      1.292854      1.227994 
     1.552475      1.379881      1.447552      1.427767      1.178249      1.569216      1.045308      1.188264      1.299642      1.255655 
     1.548624      1.367702      1.443525      1.437044      1.185913      1.562945      1.069975      1.216306      1.297338      1.275714 
     1.544125      1.356031      1.439926      1.445283      1.193879      1.557385      1.097360      1.238070      1.286319      1.287897 
     1.539081      1.344993      1.436742      1.452510      1.201892      1.552689      1.124961      1.253019      1.267119      1.292174 
     1.533578      1.334708      1.433962      1.458750      1.209724      1.548970      1.150720      1.260899      1.240459      1.288675 
     1.527680      1.325295      1.431573      1.464027      1.217172      1.546294      1.173066      1.261662      1.207314      1.277640 
     1.521436      1.316877      1.429556      1.468354      1.224053      1.544685      1.190851      1.255406      1.169055      1.259442 
     1.514887      1.309572      1.427884      1.471738      1.230207      1.544120      1.203293      1.242397      1.127596      1.234628 
     1.508067      1.303499      1.426511      1.474183      1.235493      1.544521      1.209905      1.223095      1.085538      1.204007 
     1.501003      1.298766      1.425366      1.475692      1.239794      1.545760      1.210464      1.198215      1.046233      1.168761 
     1.493715      1.295466      1.424355      1.476269      1.243017      1.547649      1.204986      1.168808      1.013613      1.130566 
     1.486212      1.293669      1.423370      1.475927      1.245099      1.549953      1.193732      1.136340      0.991644      1.091693 
     1.478488      1.293415      1.422314      1.474685      1.246007      1.552405      1.177209      1.102736      0.983387      1.055038 
     1.470514      1.294719      1.421120      1.472569      1.245741      1.554725      1.156193      1.070388      0.990045      1.024018 
     1.462249      1.297563      1.419759      1.469614      1.244329      1.556632      1.131773      1.042061      1.010499      1.002153 
     1.453644      1.301901      1.418230      1.465858      1.241828      1.557874      1.105375      1.020587      1.041743      0.992339 
     1.444666      1.307660      1.416554      1.461350      1.238323      1.558253      1.078795      1.008405      1.079865      0.996010 
     1.435323      1.314740      1.414778      1.456141      1.233923      1.557665      1.054170      1.006975      1.120974      1.012627 
     1.425687      1.323013      1.412987      1.450285      1.228766      1.556114      1.033839      1.016333      1.161731      1.039858 
     1.415897      1.332331      1.411286      1.443841      1.223012      1.553694      1.020048      1.035083      1.199501      1.074283 
     1.406145      1.342524      1.409786      1.436868      1.216842      1.550563      1.014524      1.060768      1.232328      1.112254 
     1.396654      1.353412      1.408585      1.429421      1.210449      1.546908      1.018043      1.090474      1.258824      1.150480 
     1.387655      1.364813      1.407761      1.421547      1.204039      1.542922      1.030256      1.121383      1.278037      1.186307 
     1.379369      1.376554      1.407367      1.413286      1.197812      1.538790      1.049757      1.151087      1.289346      1.217765 
     1.371991      1.388477      1.407442      1.404662      1.191961      1.534672      1.074463      1.177699      1.292376      1.243473 
     1.365687      1.400444      1.408010      1.395693      1.186669      1.530706      1.102057      1.199847      1.286935      1.262511 
     1.360585      1.412340      1.409089      1.386387      1.182098      1.527002      1.130324      1.216581      1.272999      1.274298 
     1.356783      1.424069      1.410688      1.376754      1.178392      1.523646      1.157342      1.227277      1.250728      1.278492 
     1.354349      1.435556      1.412813      1.366802      1.175670      1.520704      1.181547      1.231566      1.220545      1.274929 
     1.353328      1.446740      1.415460      1.356554      1.174025      1.518225      1.201714      1.229283      1.183270      1.263606 
     1.353741      1.457566      1.418609      1.346054      1.173516      1.516234      1.216912      1.220464      1.140338      1.244711 
     1.355588      1.467979      1.422217      1.335377      1.174162      1.514731      1.226449      1.205370      1.094055      1.218697 
     1.358841      1.477921      1.426200      1.324633      1.175940      1.513671      1.229866      1.184550      1.047858      1.186407 
     1.363448      1.487331      1.430431      1.313968      1.178773      1.512951      1.226923      1.158921      1.006383      1.149220 
     1.369327      1.496145      1.434728      1.303561      1.182535      1.512400      1.217622      1.129838      0.975077      1.109204 
     1.376372      1.504300      1.438871      1.293613      1.187055      1.511789      1.202226      1.099133      0.959091      1.069236 
     1.384457      1.511737      1.442616      1.284339      1.192129      1.510871      1.181307      1.069113      0.961598      1.033016 
     1.393439      1.518396      1.445740      1.275958      1.197529      1.509449      1.155791      1.042454      0.982492      1.004797 
     1.403167      1.524219      1.448080      1.268685      1.203016      1.507417      1.127033      1.021930      1.018499      0.988681 
     1.413481      1.529146      1.449568      1.262727      1.208349      1.504788      1.096882      1.009961      1.064546      0.987502 
     1.424212      1.533114      1.450245      1.258268      1.213300      1.501698      1.067702      1.008067      1.115368      1.001805 
     1.435185      1.536065      1.450238      1.255459      1.217659      1.498377      1.042233      1.016429      1.166446      1.029639 
     1.446225      1.537947      1.449713      1.254412      1.221248      1.495098      1.023265      1.033834      1.214336      1.067288 
     1.457160      1.538712      1.448830      1.255188      1.223929      1.492138      1.013132      1.058060      1.256592      1.110431 
     1.467845      1.538323      1.447718      1.257803      1.225610      1.489751      1.013130      1.086420      1.291589      1.155064 
     1.478180      1.536752      1.446470      1.262230      1.226242      1.488153      1.023168      1.116280      1.318318      1.197957 
     1.488111      1.533975      1.445151      1.268408      1.225817      1.487544      1.041828      1.145374      1.336183      1.236736 
     1.497628      1.529971      1.443805      1.276253      1.224364      1.488105      1.066778      1.171903      1.344850      1.269772 
     1.506749      1.524716      1.442464      1.285668      1.221943      1.489995      1.095331      1.194516      1.344156      1.295988 
     1.515513      1.518185      1.441153      1.296545      1.218637      1.493343      1.124875      1.212229      1.334050      1.314677 
     1.523969      1.510347      1.439895      1.308768      1.214558      1.498248      1.153133      1.224347      1.314590      1.325373 
     1.532164      1.501176      1.438711      1.322216      1.209839      1.504766      1.178262      1.230399      1.285991      1.327748 
     1.540145      1.490650      1.437619      1.336753      1.204640      1.512908      1.198819      1.230109      1.248765      1.321582 
     1.547954      1.478769      1.436629      1.352222      1.199146      1.522623      1.213723      1.223407      1.203932      1.306772 
     1.555618      1.465570      1.435737      1.368436      1.193571      1.533777      1.222220      1.210476      1.153304      1.283404 
     1.563145      1.451136      1.434914      1.385166      1.188150      1.546126      1.223875      1.191825      1.099804      1.251885 
     1.570518      1.435616      1.434097      1.402148      1.183129      1.559302      1.218610      1.168375      1.047711      1.213100 
     1.577690      1.419218      1.433178      1.419093      1.178742      1.572825      1.206734      1.141511      1.002558      1.168599 
     1.584587      1.402200      1.432018      1.435714      1.175191      1.586143      1.188963      1.113074      0.970390      1.120753 
     1.591108      1.384843      1.430492      1.451754      1.172622      1.598727      1.166417      1.085267      0.956176      1.072876 
     1.597129      1.367430      1.428552      1.467006      1.171113      1.610167      1.140580      1.060468      0.961918      1.029203 
     1.602510      1.350240      1.426263      1.481315      1.170674      1.620210      1.113261      1.040961      0.985740      0.994567 
     1.607104      1.333535      1.423775      1.494573      1.171254      1.628731      1.086528      1.028596      1.022796      0.973543 
     1.610772      1.317565      1.421267      1.506717      1.172747      1.635691      1.062596      1.024430      1.067221      0.969122 
     1.613402      1.302563      1.418895      1.517714      1.175008      1.641117      1.043620      1.028496      1.113709      0.981586 
     1.614920      1.288744      1.416796      1.527557      1.177863      1.645097      1.031413      1.039827      1.158197      1.008413 
     1.615299      1.276313      1.415082      1.536254      1.181125      1.647767      1.027125      1.056707      1.197876      1.045268 
     1.614558      1.265450      1.413842      1.543819      1.184605      1.649295      1.030987      1.077049      1.230960      1.087397 
     1.612752      1.256314      1.413134      1.550279      1.188120      1.649862      1.042263      1.098774      1.256404      1.130640 
     1.609955      1.249035      1.412982      1.555662      1.191504      1.649647      1.059436      1.120059      1.273679      1.171818 
     1.606247      1.243711      1.413389      1.560000      1.194615      1.648814      1.080558      1.139450      1.282587      1.208720 
     1.601695      1.240414      1.414342      1.563327      1.197340      1.647505      1.103584      1.155871      1.283140      1.239916 
     1.596348      1.239187      1.415821      1.565670      1.199597      1.645829      1.126626      1.168580      1.275484      1.264524 
     1.590230      1.240054      1.417803      1.567053      1.201331      1.643870      1.148076      1.177111      1.259870      1.282027 
     1.583347      1.243023      1.420266      1.567492      1.202517      1.641682      1.166645      1.181201      1.236678      1.292099 
     1.575684      1.248082      1.423182      1.566994      1.203156      1.639292      1.181318      1.180769      1.206507      1.294527 
     1.567214      1.255204      1.426520      1.565557      1.203277      1.636701      1.191320      1.175894      1.170327      1.289161 
     1.557905      1.264335      1.430233      1.563177      1.202932      1.633884      1.196075      1.166829      1.129682      1.275921 
     1.547728      1.275392      1.434252      1.559845      1.202195      1.630789      1.195211      1.154042      1.086933      1.254849 
     1.536662      1.288252      1.438475      1.555556      1.201163      1.627333      1.188577      1.138251      1.045435      1.226212 
     1.524704      1.302747      1.442776      1.550313      1.199952      1.623404      1.176291      1.120468      1.009536      1.190671 
     1.511867      1.318665      1.447004      1.544129      1.198685      1.618864      1.158812      1.101985      0.983974      1.149414 
     1.498188      1.335758      1.451014      1.537028      1.197488      1.613571      1.137006      1.084324      0.972875      1.104468 
     1.483730      1.353746      1.454684      1.529052      1.196482      1.607399      1.112216      1.069109      0.978304      1.058925 
     1.468585      1.372335      1.457905      1.520255      1.195763      1.600241      1.086279      1.057854      0.999331      1.017018 
     1.452881      1.391227      1.460562      1.510708      1.195408      1.592012      1.061478      1.051737      1.032433      0.983876 
     1.436776      1.410134      1.462535      1.500492      1.195458      1.582652      1.040363      1.051388      1.072763      0.964582 
     1.420444      1.428813      1.463734      1.489682      1.195928      1.572161      1.025404      1.056756      1.115510      0.962545 
     1.404079      1.447057      1.464158      1.478356      1.196800      1.560635      1.018566      1.067170      1.156745      0.978277 
     1.387893      1.464696      1.463913      1.466590      1.198030      1.548285      1.020879      1.081501      1.193644      1.009184 
     1.372113      1.481590      1.463179      1.454460      1.199556      1.535423      1.032188      1.098353      1.224350      1.050673 
     1.356980      1.497622      1.462147      1.442047      1.201297      1.522408      1.051209      1.116271      1.247735      1.097673 
     1.342728      1.512699      1.460985      1.429430      1.203161      1.509603      1.075891      1.133896      1.263169      1.145686 
     1.329570      1.526762      1.459822      1.416680      1.205052      1.497333      1.103867      1.150059      1.270389      1.191230 
     1.317690      1.539779      1.458747      1.403857      1.206871      1.485868      1.132851      1.163828      1.269368      1.231851 
     1.307233      1.551748      1.457822      1.391006      1.208524      1.475419      1.160886      1.174515      1.260267      1.265933 
     1.298318      1.562683      1.457086      1.378157      1.209924      1.466137      1.186415      1.181659      1.243400      1.292450 
     1.291038      1.572610      1.456570      1.365332      1.210991      1.458132      1.208266      1.185002      1.219272      1.310763 
     1.285477      1.581556      1.456295      1.352554      1.211651      1.451473      1.225571      1.184458      1.188665      1.320436 
     1.281708      1.589538      1.456274      1.339853      1.211835      1.446198      1.237697      1.180123      1.152786      1.321146 
     1.279803      1.596566      1.456512      1.327274      1.211483      1.442312      1.244181      1.172277      1.113465      1.312628 
     1.279824      1.602629      1.456994      1.314885      1.210541      1.439776      1.244705      1.161427      1.073371      1.294710 
     1.281820      1.607701      1.457675      1.302787      1.208967      1.438500      1.239099      1.148343      1.036129      1.267408 
     1.285816      1.611742      1.458481      1.291115      1.206738      1.438329      1.227366      1.134070      1.006143      1.231090 
     1.291790      1.614700      1.459294      1.280031      1.203848      1.439057      1.209758      1.119916      0.987897      1.186741 
     1.299669      1.616524      1.459982      1.269721      1.200325      1.440459      1.186863      1.107367      0.984734      1.136282 
     1.309307      1.617165      1.460419      1.260383      1.196226      1.442336      1.159696      1.097903      0.997605      1.082912 
     1.320485      1.616593      1.460523      1.252211      1.191649      1.444539      1.129772      1.092763      1.024606      1.031310 
     1.332911      1.614794      1.460259      1.245373      1.186727      1.446953      1.099124      1.092682      1.061690      0.987474 
     1.346250      1.611777      1.459633      1.239994      1.181621      1.449475      1.070198      1.097725      1.104014      0.957802 
     1.360158      1.607571      1.458702      1.236142      1.176502      1.452030      1.045611      1.107284      1.147089      0.947325 
     1.374315      1.602211      1.457564      1.233825      1.171551      1.454602      1.027816      1.120249      1.187378      0.957746 
     1.388450      1.595731      1.456340      1.233014      1.166945      1.457259      1.018658      1.135238      1.222369      0.986704 
     1.402352      1.588165      1.455138      1.233644      1.162860      1.460123      1.019003      1.150827      1.250411      1.028985 
     1.415888      1.579545      1.454036      1.235632      1.159463      1.463324      1.028508      1.165712      1.270473      1.078578 
     1.428991      1.569902      1.453073      1.238882      1.156910      1.466963      1.045722      1.178794      1.281978      1.130182 
     1.441652      1.559261      1.452259      1.243295      1.155334      1.471110      1.068457      1.189233      1.284675      1.179789 
     1.453903      1.547645      1.451591      1.248779      1.154843      1.475804      1.094255      1.196429      1.278578      1.224720 
     1.465794      1.535070      1.451055      1.255251      1.155521      1.481057      1.120777      1.200003      1.263913      1.263280 
     1.477377      1.521550      1.450634      1.262647      1.157415      1.486855      1.146009      1.199760      1.241131      1.294475 
     1.488695      1.507104      1.450304      1.270919      1.160546      1.493164      1.168348      1.195667      1.210967      1.317748 
     1.499781      1.491760      1.450037      1.280030      1.164901      1.499921      1.186580      1.187847      1.174567      1.332804 
     1.510643      1.475569      1.449787      1.289955      1.170433      1.507030      1.199835      1.176583      1.133641      1.339480 
     1.521270      1.458610      1.449493      1.300668      1.177060      1.514356      1.207539      1.162352      1.090666      1.337701 
     1.531630      1.441000      1.449070      1.312137      1.184662      1.521718      1.209380      1.145841      1.049012      1.327462 
     1.541666      1.422897      1.448414      1.324315      1.193081      1.528895      1.205303      1.127971      1.012884      1.308869 
     1.551303      1.404500      1.447424      1.337140      1.202123      1.535654      1.195531      1.109896      0.986859      1.282210 
     1.560454      1.386048      1.446031      1.350524      1.211566      1.541795      1.180566      1.092925      0.974839      1.248057 
     1.569014      1.367816      1.444250      1.364354      1.221160      1.547203      1.161238      1.078433      0.978852      1.207465 
     1.576872      1.350117      1.442181      1.378486      1.230629      1.551859      1.138756      1.067700      0.998192      1.162162 
     1.583911      1.333290      1.439989      1.392743      1.239683      1.555809      1.114716      1.061702      1.029652      1.114750 
     1.590023      1.317676      1.437837      1.406926      1.248030      1.559102      1.091048      1.060904      1.068610      1.068767 
     1.595119      1.303590      1.435820      1.420837      1.255396      1.561741      1.069853      1.065148      1.110303      1.028500 
     1.599148      1.291288      1.433942      1.434304      1.261550      1.563681      1.053155      1.073714      1.150666      0.998442 
     1.602095      1.280947      1.432132      1.447199      1.266313      1.564866      1.042570      1.085475      1.186694      0.982354 
     1.603978      1.272673      1.430297      1.459447      1.269559      1.565270      1.039048      1.099136      1.216423      0.982182 
     1.604841      1.266511      1.428377      1.471016      1.271207      1.564939      1.042722      1.113427      1.238732      0.997420 
     1.604743      1.262467      1.426381      1.481904      1.271209      1.563995      1.052929      1.127220      1.253093      1.025356 
     1.603743      1.260518      1.424370      1.492126      1.269541      1.562613      1.068372      1.139580      1.259345      1.062053 
     1.601894      1.260617      1.422433      1.501708      1.266207      1.560992      1.087377      1.149762      1.257549      1.103403 
     1.599236      1.262696      1.420655      1.510680      1.261232      1.559320      1.108161      1.157206      1.247917      1.145829 
     1.595793      1.266665      1.419106      1.519077      1.254666      1.557765      1.129025      1.161519      1.230785      1.186518 
     1.591570      1.272423      1.417828      1.526929      1.246583      1.556457      1.148489      1.162465      1.206673      1.223438 
     1.586556      1.279853      1.416844      1.534261      1.237080      1.555490      1.165323      1.159956      1.176353      1.255148 
     1.580722      1.288828      1.416156      1.541089      1.226283      1.554916      1.178550      1.154051      1.140977      1.280622 
     1.574024      1.299211      1.415748      1.547414      1.214354      1.554752      1.187424      1.144970      1.102259      1.299101 
     1.566406      1.310851      1.415589      1.553216      1.201494      1.554969      1.191387      1.133117      1.062654      1.309964 
     1.557796      1.323589      1.415625      1.558444      1.187956      1.555499      1.190074      1.119115      1.025490      1.312650 
     1.548113      1.337250      1.415792      1.563021      1.174048      1.556232      1.183301      1.103831      0.994874      1.306628 
     1.537262      1.351645      1.416024      1.566834      1.160141      1.557035      1.171092      1.088390      0.975174      1.291403 
     1.525137      1.366568      1.416270      1.569731      1.146672      1.557766      1.153727      1.074151      0.970053      1.266602 
     1.511637      1.381790      1.416513      1.571517      1.134154      1.558303      1.131848      1.062661      0.981294      1.232141 
     1.496682      1.397046      1.416774      1.571963      1.123171      1.558550      1.106587      1.055499      1.008130      1.188493 
     1.480254      1.412024      1.417086      1.570812      1.114355      1.558425      1.079727      1.054055      1.047526      1.137087 
     1.462428      1.426376      1.417449      1.567821      1.108332      1.557831      1.053768      1.059223      1.095115      1.080812 
     1.443404      1.439744      1.417797      1.562792      1.105629      1.556628      1.031787      1.071125      1.146236      1.024508 
     1.423503      1.451811      1.417974      1.555621      1.106581      1.554616      1.016967      1.089005      1.196598      0.975070 
     1.403136      1.462349      1.417777      1.546317      1.111259      1.551558      1.011859      1.111366      1.242670      0.940639 
     1.382773      1.471248      1.417058      1.534998      1.119462      1.547260      1.017652      1.136271      1.281836      0.928322 
     1.362914      1.478504      1.415844      1.521883      1.130751      1.541708      1.033806      1.161671      1.312356      0.941071 
     1.344079      1.484199      1.414379      1.507275      1.144504      1.535150      1.058264      1.185657      1.333280      0.976195 
     1.326799      1.488469      1.413024      1.491556      1.159969      1.528039      1.087989      1.206559      1.344184      1.026748 
     1.311571      1.491481      1.412126      1.475157      1.176345      1.520867      1.119661      1.223048      1.345058      1.084641 
     1.298800      1.493419      1.411922      1.458514      1.192861      1.514046      1.150261      1.234198      1.336231      1.142933 
     1.288760      1.494469      1.412531      1.442019      1.208849      1.507846      1.177419      1.239505      1.318309      1.196703 
     1.281583      1.494805      1.413972      1.425985      1.223795      1.502406      1.199500      1.238843      1.292131      1.242944 
     1.277280      1.494574      1.416203      1.410645      1.237333      1.497764      1.215549      1.232414      1.258734      1.280105 
     1.275775      1.493899      1.419146      1.396164      1.249227      1.493892      1.225115      1.220666      1.219383      1.307582 
     1.276925      1.492870      1.422694      1.382656      1.259337      1.490718      1.228111      1.204256      1.175665      1.325325 
     1.280546      1.491551      1.426724      1.370200      1.267591      1.488149      1.224704      1.184033      1.129624      1.333558 
     1.286425      1.489984      1.431090      1.358858      1.273959      1.486068      1.215252      1.161051      1.083898      1.332621 
     1.294326      1.488189      1.435628      1.348686      1.278442      1.484344      1.200294      1.136583      1.041793      1.322901 
     1.304003      1.486170      1.440157      1.339734      1.281058      1.482834      1.180551      1.112118      1.007134      1.304802 
     1.315198      1.483921      1.444498      1.332050      1.281840      1.481400      1.156970      1.089319      0.983756      1.278792 
     1.327656      1.481423      1.448501      1.325676      1.280829      1.479937      1.130769      1.069935      0.974614      1.245490 
     1.341120      1.478653      1.452081      1.320653      1.278074      1.478396      1.103504      1.055630      0.980800      1.205814 
     1.355343      1.475586      1.455228      1.317016      1.273639      1.476787      1.077092      1.047747      1.001098      1.161202 
     1.370080      1.472198      1.457991      1.314791      1.267608      1.475149      1.053763      1.047047      1.032340      1.113839 
     1.385097      1.468470      1.460432      1.313985      1.260099      1.473502      1.035859      1.053521      1.070376      1.066869 
     1.400177      1.464386      1.462600      1.314582      1.251270      1.471826      1.025440      1.066359      1.111032      1.024422 
     1.415142      1.459933      1.464506      1.316531      1.241314      1.470060      1.023829      1.084121      1.150684      0.991272 
     1.429863      1.455092      1.466135      1.319747      1.230460      1.468152      1.031256      1.105030      1.186496      0.971942 
     1.444260      1.449841      1.467476      1.324121      1.218962      1.466126      1.046798      1.127253      1.216462      0.969460 
     1.458294      1.444149      1.468544      1.329519      1.207104      1.464116      1.068625      1.149112      1.239262      0.984147 
     1.471938      1.437981      1.469400      1.335788      1.195195      1.462357      1.094400      1.169168      1.254137      1.013507 
     1.485170      1.431298      1.470134      1.342757      1.183572      1.461124      1.121681      1.186250      1.260749      1.053231 
     1.497964      1.424056      1.470839      1.350243      1.172589      1.460674      1.148223      1.199454      1.259061      1.098533 
     1.510287      1.416210      1.471585      1.358063      1.162599      1.461211      1.172130      1.208122      1.249286      1.145148 
     1.522117      1.407713      1.472416      1.366043      1.153939      1.462872      1.191933      1.211830      1.231851      1.189742 
     1.533437      1.398516      1.473345      1.374030      1.146907      1.465730      1.206563      1.210353      1.207418      1.229925 
     1.544241      1.388575      1.474359      1.381900      1.141757      1.469814      1.215303      1.203658      1.176942      1.264078 
     1.554530      1.377855      1.475417      1.389558      1.138680      1.475109      1.217716      1.191887      1.141776      1.291122 
     1.564308      1.366345      1.476459      1.396942      1.137803      1.481560      1.213598      1.175375      1.103806      1.310312 
     1.573574      1.354058      1.477396      1.404018      1.139180      1.489076      1.202967      1.154696      1.065590      1.321093 
     1.582323      1.341047      1.478123      1.410778      1.142793      1.497526      1.186081      1.130720      1.030427      1.322998 
     1.590537      1.327405      1.478518      1.417228      1.148544      1.506735      1.163493      1.104675      1.002172      1.315612 
     1.598182      1.313273      1.478468      1.423390      1.156264      1.516500      1.136147      1.078212      0.984719      1.298600 
     1.605200      1.298842      1.477891      1.429281      1.165721      1.526608      1.105493      1.053409      0.981081      1.271799 
     1.611505      1.284360      1.476756      1.434914      1.176621      1.536854      1.073612      1.032658      0.992437      1.235376 
     1.616976      1.270131      1.475088      1.440283      1.188615      1.547054      1.043287      1.018403      1.017695      1.190074 
     1.621460      1.256522      1.472935      1.445360      1.201302      1.557041      1.017883      1.012691      1.053879      1.137537 
     1.624793      1.243947      1.470330      1.450094      1.214239      1.566660      1.000966      1.016705      1.096999      1.080690 
     1.626831      1.232843      1.467247      1.454409      1.226960      1.575787      0.995458      1.030320      1.143010      1.024189 
     1.627476      1.223643      1.463573      1.458224      1.239005      1.584346      1.002855      1.052208      1.188292      0.974549 
     1.626698      1.216735      1.459120      1.461457      1.249943      1.592323      1.022717      1.080168      1.229926      0.939577 
     1.624520      1.212447      1.453685      1.464040      1.259400      1.599769      1.052884      1.111646      1.265772      0.926423 
     1.621001      1.211029      1.447175      1.465920      1.267063      1.606823      1.090179      1.144142      1.294395      0.938641 
     1.616211      1.212651      1.439699      1.467068      1.272678      1.613701      1.131143      1.175438      1.314913      0.974415 
     1.610228      1.217388      1.431549      1.467476      1.276053      1.620666      1.172517      1.203663      1.326781      1.027634 
     1.603144      1.225198      1.423106      1.467168      1.277069      1.627948      1.211482      1.227306      1.329664      1.090692 
     1.595063      1.235917      1.414737      1.466191      1.275694      1.635706      1.245744      1.245230      1.323412      1.156725 
     1.586094      1.249272      1.406748      1.464621      1.271994      1.644005      1.273574      1.256681      1.308073      1.220489 
     1.576351      1.264908      1.399375      1.462547      1.266121      1.652837      1.293763      1.261262      1.283956      1.278407 
     1.565943      1.282418      1.392790      1.460056      1.258303      1.662128      1.305549      1.258900      1.251690      1.328249 
     1.554977      1.301374      1.387112      1.457229      1.248830      1.671758      1.308539      1.249811      1.212337      1.368749 
     1.543555      1.321338      1.382415      1.454129      1.238045      1.681555      1.302655      1.234488      1.167517      1.399268 
     1.531779      1.341875      1.378728      1.450798      1.226330      1.691303      1.288110      1.213715      1.119592      1.419576 
     1.519744      1.362567      1.376038      1.447251      1.214101      1.700734      1.265416      1.188566      1.071800      1.429707 
     1.507538      1.383021      1.374277      1.443481      1.201789      1.709536      1.235426      1.160438      1.028254      1.429878 
     1.495234      1.402886      1.373335      1.439454      1.189826      1.717370      1.199368      1.131015      0.993612      1.420434 
     1.482878      1.421868      1.373081      1.435116      1.178620      1.723910      1.158919      1.102222      0.972255      1.401812 
     1.470489      1.439734      1.373397      1.430397      1.168540      1.728901      1.116286      1.076119      0.967032      1.374520 
     1.458065      1.456311      1.374215      1.425219      1.159905      1.732209      1.074252      1.054714      0.978244      1.339182 
     1.445600      1.471474      1.375533      1.419508      1.152976      1.733826      1.036190      1.039716      1.003465      1.296579 
     1.433094      1.485143      1.377389      1.413198      1.147948      1.733840      1.005818      1.032257      1.038500      1.247789 
     1.420581      1.497280      1.379822      1.406251      1.144937      1.732391      0.986621      1.032667      1.078718      1.194355 
     1.408129      1.507889      1.382838      1.398656      1.143977      1.729629      0.980957      1.040403      1.119940      1.138435 
     1.395863      1.517009      1.386397      1.390431      1.145020      1.725682      0.989285      1.054208      1.158897      1.083041 
     1.383957      1.524717      1.390415      1.381622      1.147942      1.720631      1.009973      1.072396      1.193276      1.032243 
     1.372620      1.531110      1.394763      1.372308      1.152554      1.714512      1.039891      1.093126      1.221440      0.990892 
     1.362070      1.536305      1.399308      1.362589      1.158623      1.707312      1.075339      1.114633      1.242300      0.963961 
     1.352508      1.540429      1.403964      1.352571      1.165892      1.699007      1.112852      1.135390      1.255225      0.955239 
     1.344106      1.543612      1.408715      1.342370      1.174094      1.689622      1.149590      1.154146      1.259890      0.965778 
     1.337011      1.545972      1.413620      1.332108      1.182964      1.679245      1.183434      1.169940      1.256251      0.993435 
     1.331350      1.547613      1.418774      1.321925      1.192237      1.668015      1.212845      1.182055      1.244501      1.033740 
     1.327234      1.548621      1.424261      1.311981      1.201651      1.656072      1.236732      1.189985      1.225071      1.081443 
     1.324756      1.549061      1.430123      1.302451      1.210950      1.643527      1.254340      1.193432      1.198666      1.131728 
     1.323985      1.548979      1.436359      1.293528      1.219890      1.630446      1.265155      1.192275      1.166358      1.180780 
     1.324966      1.548407      1.442920      1.285402      1.228243      1.616845      1.268856      1.186587      1.129694      1.225769 
     1.327725      1.547351      1.449711      1.278267      1.235809      1.602686      1.265303      1.176660      1.090839      1.264645 
     1.332263      1.545804      1.456605      1.272313      1.242405      1.587891      1.254503      1.162983      1.052705      1.295985 
     1.338561      1.543743      1.463444      1.267715      1.247878      1.572342      1.236643      1.146274      1.018925      1.318750 
     1.346578      1.541130      1.470056      1.264637      1.252099      1.555900      1.212141      1.127498      0.993557      1.332137 
     1.356250      1.537919      1.476287      1.263221      1.254968      1.538451      1.181739      1.107882      0.980336      1.335519 
     1.367485      1.534057      1.482032      1.263585      1.256409      1.519939      1.146648      1.088891      0.981696      1.328437 
     1.380151      1.529490      1.487257      1.265819      1.256376      1.500424      1.108727      1.072155      0.997913      1.310660 
     1.394055      1.524174      1.491996      1.269966      1.254855      1.480097      1.070661      1.059322      1.026987      1.282291 
     1.408938      1.518080      1.496316      1.276013      1.251880      1.459262      1.035981      1.051808      1.065278      1.243918 
     1.424468      1.511202      1.500280      1.283876      1.247539      1.438316      1.008761      1.050491      1.108470      1.196838 
     1.440274      1.503556      1.503912      1.293396      1.241975      1.417707      0.992873      1.055517      1.152441      1.143296 
     1.455990      1.495181      1.507187      1.304351      1.235389      1.397923      0.990807      1.066202      1.193680      1.086755 
     1.471298      1.486123      1.510018      1.316469      1.228025      1.379472      1.002789      1.081211      1.229464      1.032084 
     1.485951      1.476430      1.512258      1.329459      1.220151      1.362852      1.026665      1.098834      1.257858      0.985449 
     1.499774      1.466140      1.513717      1.343040      1.212043      1.348512      1.058716      1.117305      1.277623      0.953511 
     1.512644      1.455274      1.514208      1.356962      1.203963      1.336837      1.094766      1.135024      1.288133      0.941678 
     1.524484      1.443833      1.513609      1.371010      1.196157      1.328187      1.131030      1.150663      1.289266      0.951961 
     1.535241      1.431811      1.511905      1.385009      1.188847      1.322934      1.164499      1.163244      1.281255      0.982052 
     1.544883      1.419205      1.509184      1.398800      1.182240      1.321438      1.192932      1.172088      1.264590      1.026477 
     1.553397      1.406029      1.505587      1.412238      1.176523      1.323967      1.214782      1.176802      1.239970      1.078815 
     1.560793      1.392320      1.501261      1.425191      1.171860      1.330633      1.229069      1.177259      1.208344      1.133348 
     1.567104      1.378139      1.496337      1.437541      1.168377      1.341358      1.235281      1.173583      1.171026      1.185732 
     1.572382      1.363577      1.490919      1.449189      1.166154      1.355893      1.233302      1.166124      1.129849      1.232972 
     1.576693      1.348747      1.485083      1.460056      1.165223      1.373840      1.223367      1.155449      1.087309      1.273142 
     1.580101      1.333798      1.478873      1.470082      1.165562      1.394703      1.206031      1.142308      1.046669      1.305082 
     1.582663      1.318901      1.472301      1.479224      1.167097      1.417924      1.182203      1.127615      1.011843      1.328136 
     1.584418      1.304254      1.465361      1.487453      1.169708      1.442938      1.153176      1.112399      0.986961      1.341974 
     1.585372      1.290075      1.458048      1.494753      1.173239      1.469214      1.120690      1.097747      0.975496      1.346471 
     1.585501      1.276598      1.450393      1.501112      1.177502      1.496290      1.086990      1.084725      0.979223      1.341634 
     1.584739      1.264080      1.442480      1.506518      1.182287      1.523777      1.054849      1.074303      0.997574      1.327592 
     1.582989      1.252787      1.434453      1.510957      1.187373      1.551341      1.027436      1.067250      1.027860      1.304612 
     1.580139      1.243001      1.426478      1.514409      1.192530      1.578687      1.007941      1.064035      1.066200      1.273168 
     1.576089      1.234990      1.418714      1.516857      1.197530      1.605557      0.998958      1.064796      1.108525      1.234041 
     1.570785      1.229000      1.411285      1.518290      1.202164      1.631735      1.001776      1.069329      1.151247      1.188487 
     1.564238      1.225231      1.404259      1.518705      1.206242      1.657044      1.015961      1.077139      1.191516      1.138452 
     1.556532      1.223828      1.397634      1.518113      1.209612      1.681326      1.039492      1.087504      1.227204      1.086822 
     1.547805      1.224862      1.391337      1.516541      1.212162      1.704409      1.069351      1.099555      1.256791      1.037607 
     1.538217      1.228335      1.385224      1.514029      1.213829      1.726094      1.102254      1.112352      1.279218      0.995863 
     1.527928      1.234184      1.379116      1.510627      1.214596      1.746182      1.135205      1.124977      1.293772      0.967087 
     1.517071      1.242296      1.372866      1.506386      1.214487      1.764529      1.165768      1.136603      1.300000      0.955881 
     1.505756      1.252523      1.366439      1.501357      1.213565      1.781106      1.192108      1.146526      1.297669      0.964332 
     1.494073      1.264697      1.359963      1.495585      1.211914      1.796022      1.212899      1.154187      1.286751      0.991123 
     1.482107      1.278614      1.353694      1.489117      1.209649      1.809485      1.227197      1.159167      1.267462      1.032136 
     1.469955      1.294035      1.347944      1.482010      1.206905      1.821717      1.234370      1.161195      1.240324      1.082001 
     1.457724      1.310675      1.343002      1.474333      1.203834      1.832901      1.234086      1.160174      1.206259      1.135491 
     1.445537      1.328220      1.339091      1.466166      1.200602      1.843155      1.226320      1.156183      1.166729      1.188262 
     1.433516      1.346335      1.336348      1.457596      1.197378      1.852526      1.211392      1.149493      1.123870      1.237014 
     1.421780      1.364690      1.334811      1.448712      1.194319      1.861001      1.190003      1.140563      1.080608      1.279400 
     1.410432      1.382976      1.334429      1.439598      1.191562      1.868515      1.163265      1.130016      1.040636      1.313846 
     1.399550      1.400926      1.335081      1.430329      1.189220      1.874965      1.132722      1.118600      1.008164      1.339350 
     1.389185      1.418327      1.336605      1.420965      1.187372      1.880219      1.100372      1.107143      0.987254      1.355334 
     1.379363      1.435020      1.338850      1.411549      1.186071      1.884153      1.068635      1.096486      0.980832      1.361530 
     1.370091      1.450895      1.341719      1.402113      1.185340      1.886679      1.040281      1.087438      0.989749      1.357891 
     1.361372      1.465880      1.345190      1.392684      1.185179      1.887775      1.018190      1.080697      1.012503      1.344538 
     1.353222      1.479922      1.349301      1.383295      1.185568      1.887484      1.004940      1.076802      1.045806      1.321732 
     1.345684      1.492981      1.354113      1.373983      1.186466      1.885902      1.002265      1.076086      1.085623      1.289900 
     1.338832      1.505022      1.359676      1.364804      1.187814      1.883160      1.010576      1.078622      1.127996      1.249716 
     1.332776      1.516014      1.366004      1.355821      1.189537      1.879404      1.028806      1.084205      1.169625      1.202299 
     1.327641      1.525931      1.373064      1.347118      1.191543      1.874765      1.054739      1.092366      1.207888      1.149436 
     1.323553      1.534748      1.380770      1.338782      1.193729      1.869339      1.085581      1.102440      1.240832      1.093895 
     1.320623      1.542451      1.388994      1.330908      1.195984      1.863154      1.118475      1.113620      1.267036      1.039693 
     1.318934      1.549036      1.397576      1.323582      1.198193      1.856162      1.150905      1.125055      1.285491      0.992176 
     1.318541      1.554516      1.406354      1.316876      1.200253      1.848249      1.180860      1.135940      1.295519      0.957578 
     1.319477      1.558908      1.415200      1.310854      1.202067      1.839282      1.206840      1.145564      1.296648      0.941588 
     1.321766      1.562230      1.424056      1.305564      1.203553      1.829183      1.227768      1.153338      1.288642      0.947415 
     1.325426      1.564492      1.432936      1.301058      1.204639      1.817977      1.242854      1.158788      1.271506      0.974369 
     1.330469      1.565685      1.441897      1.297386      1.205265      1.805780      1.251500      1.161569      1.245540      1.018172 
     1.336890      1.565792      1.450982      1.294610      1.205384      1.792749      1.253248      1.161460      1.211444      1.072791 
     1.344658      1.564786      1.460182      1.292787      1.204966      1.779022      1.247807      1.158374      1.170524      1.132321 
     1.353698      1.562648      1.469414      1.291958      1.204004      1.764689      1.235129      1.152422      1.124879      1.191741 
     1.363894      1.559372      1.478526      1.292143      1.202520      1.749771      1.215497      1.143918      1.077608      1.247184 
     1.375087      1.554971      1.487310      1.293320      1.200564      1.734205      1.189611      1.133412      1.032924      1.295831 
     1.387087      1.549476      1.495527      1.295439      1.198214      1.717848      1.158648      1.121604      0.995953      1.335806 
     1.399680      1.542933      1.502954      1.298420      1.195568      1.700521      1.124346      1.109351      0.971792      1.365912 
     1.412637      1.535398      1.509434      1.302155      1.192739      1.682062      1.088977      1.097562      0.964297      1.385512 
     1.425714      1.526938      1.514918      1.306523      1.189850      1.662426      1.055365      1.087122      0.974588      1.394395 
     1.438657      1.517624      1.519456      1.311393      1.187027      1.641737      1.026723      1.078822      1.000605      1.392636 
     1.451208      1.507543      1.523167      1.316628      1.184397      1.620266      1.006277      1.073297      1.037939      1.380510 
     1.463127      1.496794      1.526187      1.322087      1.182084      1.598373      0.996581      1.070911      1.081412      1.358476 
     1.474233      1.485492      1.528630      1.327628      1.180200      1.576455      0.998853      1.071759      1.126218      1.327169 
     1.484418      1.473766      1.530574      1.333120      1.178841      1.554915      1.012493      1.075660      1.168523      1.287444 
     1.493654      1.461752      1.532059      1.338449      1.178078      1.534144      1.035321      1.082187      1.205548      1.240501 
     1.501979      1.449592      1.533091      1.343512      1.177955      1.514500      1.064309      1.090733      1.235474      1.188081 
     1.509452      1.437431      1.533644      1.348228      1.178489      1.496286      1.096157      1.100511      1.257242      1.132603 
     1.516147      1.425408      1.533662      1.352534      1.179668      1.479722      1.127917      1.110662      1.270359      1.077371 
     1.522136      1.413643      1.533052      1.356393      1.181458      1.464938      1.157287      1.120378      1.274739      1.026637 
     1.527484      1.402241      1.531691      1.359791      1.183803      1.451970      1.182626      1.128968      1.270565      0.985388 
     1.532252      1.391277      1.529433      1.362731      1.186640      1.440775      1.202854      1.135868      1.258216      0.958646 
     1.536490      1.380814      1.526154      1.365227      1.189899      1.431289      1.217332      1.140674      1.238235      0.950119 
     1.540238      1.370905      1.521787      1.367303      1.193509      1.423470      1.225717      1.143140      1.211357      0.960786 
     1.543523      1.361611      1.516353      1.368982      1.197393      1.417328      1.227852      1.143153      1.178627      0.988427 
     1.546354      1.353010      1.509936      1.370290      1.201471      1.412914      1.223730      1.140741      1.141541      1.028518 
     1.548724      1.345199      1.502648      1.371252      1.205654      1.410277      1.213511      1.136068      1.102223      1.075796 
     1.550612      1.338289      1.494588      1.371898      1.209846      1.409421      1.197577      1.129449      1.063528      1.125414 
     1.551980      1.332391      1.485825      1.372265      1.213948      1.410291      1.176586      1.121340      1.029005      1.173486 
     1.552779      1.327610      1.476401      1.372395      1.217866      1.412777      1.151538      1.112321      1.002556      1.217141 
     1.552947      1.324032      1.466343      1.372335      1.221514      1.416740      1.123820      1.103054      0.987759      1.254371 
     1.552411      1.321725      1.455694      1.372137      1.224819      1.422047      1.095254      1.094243      0.986891      1.283834 
     1.551089      1.320742      1.444547      1.371854      1.227716      1.428593      1.068072      1.086576      1.000218      1.304684 
     1.548897      1.321116      1.433057      1.371539      1.230156      1.436284      1.044804      1.080672      1.025908      1.316394 
     1.545769      1.322858      1.421432      1.371246      1.232098      1.445028      1.028006      1.077020      1.060676      1.318671 
     1.541657      1.325954      1.409910      1.371025      1.233513      1.454724      1.019818      1.075926      1.100679      1.311410 
     1.536564      1.330364      1.398745      1.370923      1.234387      1.465269      1.021428      1.077478      1.142315      1.294692 
     1.530534      1.336014      1.388176      1.370976      1.234716      1.476571      1.032744      1.081535      1.182537      1.268840 
     1.523652      1.342796      1.378429      1.371210      1.234508      1.488548      1.052388      1.087743      1.218941      1.234525 
     1.516035      1.350567      1.369693      1.371638      1.233786      1.501122      1.078050      1.095565      1.249752      1.192927 
     1.507813      1.359153      1.362114      1.372254      1.232585      1.514191      1.106987      1.104343      1.273682      1.145943 
     1.499126      1.368358      1.355776      1.373036      1.230949      1.527608      1.136488      1.113357      1.289857      1.096375 
     1.490104      1.377977      1.350687      1.373945      1.228930      1.541176      1.164199      1.121905      1.297730      1.048062 
     1.480869      1.387812      1.346779      1.374931      1.226585      1.554648      1.188269      1.129362      1.297015      1.005804 
     1.471521      1.397685      1.343928      1.375933      1.223969      1.567758      1.207365      1.135230      1.287637      0.974854 
     1.462138      1.407446      1.341998      1.376890      1.221135      1.580269      1.220619      1.139160      1.269749      0.959807 
     1.452782      1.416972      1.340906      1.377737      1.218138      1.592048      1.227518      1.140940      1.243779      0.963100 
     1.443505      1.426157      1.340653      1.378409      1.215028      1.603108      1.227820      1.140494      1.210551      0.984077 
     1.434364      1.434902      1.341310      1.378848      1.211856      1.613592      1.221509      1.137875      1.171434      1.019269 
     1.425429      1.443105      1.342967      1.378996      1.208681      1.623696      1.208806      1.133273      1.128500      1.063717 
     1.416783      1.450655      1.345674      1.378812      1.205562      1.633593      1.190229      1.127013      1.084628      1.112340 
     1.408514      1.457446      1.349412      1.378262      1.202562      1.643375      1.166634      1.119525      1.043575      1.160827 
     1.400706      1.463381      1.354094      1.377329      1.199741      1.653035      1.139278      1.111343      1.009724      1.205904 
     1.393428      1.468378      1.359583      1.376010      1.197152      1.662477      1.109844      1.103059      0.987485      1.245311 
     1.386728      1.472373      1.365734      1.374315      1.194840      1.671556      1.080440      1.095265      0.980197      1.277612 
     1.380628      1.475315      1.372440      1.372262      1.192841      1.680127      1.053537      1.088522      0.989114      1.301983 
     1.375131      1.477166      1.379652      1.369875      1.191189      1.688095      1.031815      1.083324      1.012971      1.317993 
     1.370226      1.477892      1.387365      1.367187      1.189907      1.695446      1.017831      1.080059      1.048518      1.325419 
     1.365905      1.477466      1.395600      1.364237      1.189018      1.702240      1.013533      1.078991      1.091610      1.324125 
     1.362175      1.475866      1.404370      1.361078      1.188537      1.708599      1.019777      1.080233      1.138181      1.314033 
     1.359077      1.473079      1.413672      1.357772      1.188471      1.714680      1.036084      1.083736      1.184779      1.295153 
     1.356692      1.469102      1.423475      1.354395      1.188820      1.720646      1.060753      1.089267      1.228681      1.267658 
     1.355131      1.463945      1.433720      1.351034      1.189575      1.726630      1.091290      1.096421      1.267852      1.232033 
     1.354517      1.457635      1.444313      1.347792      1.190716      1.732708      1.124908      1.104652      1.300807      1.189274 
     1.354968      1.450221      1.455128      1.344778      1.192212      1.738874      1.158920      1.113312      1.326471      1.141150 
     1.356581      1.441769      1.466001      1.342111      1.194022      1.745037      1.190966      1.121707      1.344074      1.090481 
     1.359426      1.432365      1.476735      1.339907      1.196091      1.751015      1.219122      1.129163      1.353054      1.041360 
     1.363536      1.422105      1.487103      1.338280      1.198364      1.756559      1.241915      1.135087      1.353003      0.999142 
     1.368919      1.411093      1.496873      1.337335      1.200777      1.761398      1.258268      1.138997      1.343625      0.969849 
     1.375558      1.399437      1.505851      1.337163      1.203269      1.765310      1.267445      1.140547      1.324748      0.958740 
     1.383414      1.387256      1.513925      1.337840      1.205780      1.768194      1.268976      1.139553      1.296381      0.968384 
     1.392414      1.374694      1.521082      1.339421      1.208245      1.770075      1.262629      1.135994      1.258915      0.997521 
     1.402443      1.361937      1.527371      1.341935      1.210595      1.771041      1.248453      1.130035      1.213366      1.041611 
     1.413326      1.349227      1.532840      1.345370      1.212753      1.771151      1.226872      1.122060      1.161662      1.094557 
     1.424829      1.336843      1.537490      1.349662      1.214638      1.770380      1.198800      1.112652      1.106879      1.150338 
     1.436673      1.325082      1.541262      1.354705      1.216165      1.768598      1.165720      1.102571      1.053359      1.203932 
     1.448556      1.314217      1.544041      1.360355      1.217258      1.765584      1.129693      1.092655      1.006542      1.251614 
     1.460180      1.304476      1.545686      1.366455      1.217854      1.761069      1.093308      1.083731      0.972308      1.290926 
     1.471278      1.296027      1.546075      1.372859      1.217905      1.754810      1.059556      1.076511      0.955625      1.320461 
     1.481623      1.288982      1.545159      1.379435      1.217381      1.746688      1.031612      1.071528      0.958859      1.339603 
     1.491040      1.283410      1.542996      1.386076      1.216268      1.736773      1.012467      1.069103      0.980807      1.348275 
     1.499413      1.279351      1.539737      1.392691      1.214566      1.725306      1.004383      1.069343      1.017256      1.346719 
     1.506703      1.276827      1.535583      1.399200      1.212296      1.712622      1.008295      1.072156      1.062654      1.335357 
     1.512939      1.275833      1.530736      1.405528      1.209496      1.699082      1.023515      1.077282      1.111628      1.314724 
     1.518202      1.276342      1.525368      1.411607      1.206225      1.685026      1.047900      1.084306      1.159763      1.285504 
     1.522592      1.278294      1.519618      1.417373      1.202565      1.670755      1.078441      1.092705      1.203809      1.248607 
     1.526201      1.281598      1.513586      1.422774      1.198617      1.656517      1.111927      1.101869      1.241540      1.205316 
     1.529100      1.286133      1.507332      1.427762      1.194496      1.642507      1.145456      1.111154      1.271535      1.157437 
     1.531336      1.291760      1.500876      1.432302      1.190326      1.628860      1.176668      1.119929      1.292950      1.107477 
     1.532933      1.298324      1.494194      1.436370      1.186235      1.615648      1.203816      1.127628      1.305346      1.058796 
     1.533905      1.305670      1.487216      1.439947      1.182350      1.602886      1.225695      1.133780      1.308553      1.015614 
     1.534253      1.313649      1.479839      1.443026      1.178788      1.590532      1.241538      1.138027      1.302587      0.982676 
     1.533971      1.322127      1.471954      1.445598      1.175658      1.578507      1.250899      1.140139      1.287616      0.964395 
     1.533043      1.330987      1.463494      1.447660      1.173057      1.566733      1.253555      1.140004      1.263985      0.963540 
     1.531451      1.340120      1.454475      1.449200      1.171072      1.555173      1.249433      1.137629      1.232313      0.980186 
     1.529171      1.349423      1.445007      1.450203      1.169780      1.543850      1.238599      1.133143      1.193623      1.011643 
     1.526180      1.358786      1.435256      1.450650      1.169243      1.532841      1.221315      1.126803      1.149523      1.053479 
     1.522466      1.368090      1.425399      1.450522      1.169500      1.522236      1.198112      1.119008      1.102415      1.100820 
     1.518025      1.377215      1.415575      1.449804      1.170563      1.512104      1.169887      1.110288      1.055657      1.149287 
     1.512867      1.386049      1.405867      1.448491      1.172412      1.502462      1.137981      1.101272      1.013579      1.195422 
     1.507009      1.394501      1.396295      1.446585      1.174997      1.493271      1.104223      1.092640      0.981099      1.236705 
     1.500472      1.402508      1.386851      1.444092      1.178246      1.484460      1.070930      1.085067      0.962834      1.271453 
     1.493276      1.410040      1.377543      1.441021      1.182073      1.475966      1.040840      1.079161      0.961752      1.298617 
     1.485435      1.417092      1.368449      1.437373      1.186385      1.467779      1.016913      1.075417      0.978102      1.317576 
     1.476968      1.423677      1.359729      1.433149      1.191082      1.459953      1.001972      1.074192      1.009408      1.327960 
     1.467888      1.429817      1.351602      1.428344      1.196066      1.452601      0.998095      1.075666      1.051462      1.329486 
     1.458222      1.435538      1.344295      1.422956      1.201229      1.445890      1.006112      1.079840      1.099683      1.321917 
     1.448010      1.440868      1.338023      1.416987      1.206459      1.440026      1.025337      1.086521      1.149981      1.305066 
     1.437325      1.445836      1.332969      1.410451      1.211640      1.435250      1.053777      1.095327      1.199085      1.278866 
     1.426275      1.450473      1.329281      1.403374      1.216646      1.431799      1.088637      1.105695      1.244516      1.243518 
     1.415015      1.454809      1.327069      1.395795      1.221359      1.429882      1.126946      1.116965      1.284462      1.199713 
     1.403746      1.458876      1.326397      1.387775      1.225655      1.429641      1.165911      1.128409      1.317597      1.148918 
     1.392705      1.462710      1.327271      1.379385      1.229422      1.431117      1.203139      1.139301      1.342953      1.093734 
     1.382153      1.466347      1.329632      1.370716      1.232559      1.434226      1.236713      1.148989      1.359833      1.038223 
     1.372360      1.469827      1.333345      1.361868      1.234982      1.438748      1.265188      1.156935      1.367727      0.988083 
     1.363583      1.473191      1.338224      1.352936      1.236631      1.444353      1.287541      1.162738      1.366260      0.950237 
     1.356051      1.476481      1.344064      1.344011      1.237468      1.450675      1.303086      1.166159      1.355187      0.931322 
     1.349969      1.479740      1.350713      1.335179      1.237474      1.457447      1.311382      1.167109      1.334424      0.935277 
     1.345511      1.483002      1.358099      1.326529      1.236649      1.464592      1.312153      1.165645      1.304149      0.961459 
     1.342828      1.486293      1.366219      1.318164      1.235010      1.472203      1.305283      1.161944      1.264949      1.004981 
     1.342024      1.489616      1.375057      1.310210      1.232602      1.480425      1.290861      1.156317      1.218018      1.058862 
     1.343138      1.492949      1.384542      1.302810      1.229498      1.489334      1.269263      1.149192      1.165371      1.116252 
     1.346116      1.496250      1.394516      1.296109      1.225800      1.498876      1.241229      1.141074      1.110019      1.171623 
     1.350811      1.499459      1.404763      1.290225      1.221632      1.508865      1.207905      1.132495      1.056061      1.221043 
     1.356995      1.502509      1.415032      1.285244      1.217128      1.519017      1.170848      1.123959      1.008553      1.262013 
     1.364388      1.505337      1.425083      1.281207      1.212419      1.528993      1.132000      1.115885      0.972994      1.293160 
     1.372683      1.507885      1.434721      1.278124      1.207624      1.538460      1.093687      1.108590      0.954149      1.313905 
     1.381572      1.510106      1.443836      1.275971      1.202849      1.547155      1.058562      1.102286      0.954481      1.324174 
     1.390754      1.511958      1.452411      1.274709      1.198192      1.554936      1.029480      1.097081      0.973206      1.324217 
     1.399956      1.513404      1.460498      1.274290      1.193746      1.561778      1.009202      1.092997      1.006650      1.314459 
     1.408951      1.514405      1.468177      1.274669      1.189601      1.567747      0.999903      1.090028      1.049672      1.295409 
     1.417592      1.514921      1.475523      1.275800      1.185850      1.572958      1.002598      1.088168      1.097180      1.267665 
     1.425824      1.514909      1.482589      1.277640      1.182582      1.577548      1.016806      1.087428      1.144949      1.231996 
     1.433680      1.514326      1.489399      1.280147      1.179889      1.581659      1.040672      1.087843      1.189824      1.189501 
     1.441247      1.513128      1.495939      1.283282      1.177853      1.585401      1.071475      1.089434      1.229555      1.141842 
     1.448630      1.511274      1.502157      1.287009      1.176549      1.588836      1.106238      1.092193      1.262562      1.091510 
     1.455925      1.508728      1.507964      1.291298      1.176036      1.591950      1.142199      1.096054      1.287755      1.042091 
     1.463212      1.505457      1.513228      1.296124      1.176354      1.594660      1.177052      1.100886      1.304355      0.998354 
     1.470554      1.501429      1.517792      1.301477      1.177528      1.596827      1.209022      1.106514      1.311781      0.965904 
     1.477998      1.496614      1.521507      1.307362      1.179562      1.598313      1.236801      1.112724      1.309585      0.950074 
     1.485593      1.490977      1.524276      1.313794      1.182450      1.599050      1.259445      1.119282      1.297452      0.954196 
     1.493368      1.484487      1.526105      1.320798      1.186169      1.599097      1.276246      1.125957      1.275259      0.978291 
     1.501338      1.477125      1.527090      1.328401      1.190675      1.598623      1.286633      1.132517      1.243199      1.019093 
     1.509487      1.468896      1.527376      1.336609      1.195888      1.597850      1.290149      1.138731      1.202001      1.071396 
     1.517763      1.459849      1.527099      1.345400      1.201689      1.596982      1.286486      1.144363      1.153253      1.129644 
     1.526077      1.450077      1.526344      1.354720      1.207910      1.596155      1.275572      1.149181      1.099749      1.188831 
     1.534313      1.439715      1.525124      1.364484      1.214344      1.595414      1.257677      1.152953      1.045810      1.244866 
     1.542336      1.428930      1.523366      1.374580      1.220760      1.594703      1.233487      1.155467      0.997353      1.294668 
     1.550008      1.417896      1.520931      1.384892      1.226925      1.593881      1.204133      1.156543      0.961273      1.336098 
     1.557203      1.406780      1.517651      1.395310      1.232624      1.592783      1.171189      1.156055      0.943829      1.367833 
     1.563810      1.395733      1.513419      1.405736      1.237671      1.591304      1.136668      1.153945      0.948321      1.389211 
     1.569740      1.384885      1.508265      1.416082      1.241911      1.589461      1.102996      1.150241      0.973573      1.400048 
     1.574917      1.374365      1.502360      1.426260      1.245216      1.587383      1.072901      1.145046      1.014556      1.400483 
     1.579288      1.364302      1.495957      1.436178      1.247487      1.585240      1.049144      1.138558      1.064582      1.390844 
     1.582834      1.354814      1.489315      1.445749      1.248659      1.583191      1.034050      1.131061      1.117372      1.371611 
     1.585563      1.346009      1.482646      1.454899      1.248699      1.581357      1.028971      1.122910      1.168058      1.343400 
     1.587515      1.337968      1.476105      1.463567      1.247610      1.579829      1.033938      1.114523      1.213322      1.306981 
     1.588730      1.330756      1.469790      1.471712      1.245418      1.578667      1.047666      1.106353      1.251134      1.263349 
     1.589244      1.324417      1.463752      1.479309      1.242175      1.577900      1.067933      1.098862      1.280403      1.213848 
     1.589076      1.318977      1.458001      1.486341      1.237951      1.577510      1.092113      1.092490      1.300656      1.160356 
     1.588232      1.314450      1.452510      1.492798      1.232835      1.577427      1.117641      1.087619      1.311806      1.105501 
     1.586708      1.310834      1.447216      1.498676      1.226929      1.577526      1.142322      1.084530      1.313972      1.052846 
     1.584495      1.308112      1.442017      1.503974      1.220347      1.577640      1.164446      1.083374      1.307380      1.006926 
     1.581584      1.306255      1.436791      1.508693      1.213214      1.577579      1.182794      1.084167      1.292299      0.972864 
     1.577959      1.305223      1.431420      1.512834      1.205659      1.577172      1.196556      1.086778      1.269052      0.955369 
     1.573607      1.304970      1.425837      1.516393      1.197821      1.576316      1.205243      1.090959      1.238088      0.957189 
     1.568514      1.305443      1.420060      1.519356      1.189856      1.575000      1.208606      1.096368      1.200137      0.977952 
     1.562675      1.306586      1.414178      1.521696      1.181949      1.573288      1.206587      1.102578      1.156471      1.014309 
     1.556096      1.308331      1.408307      1.523376      1.174317      1.571264      1.199335      1.109111      1.109170      1.061226 
     1.548807      1.310603      1.402539      1.524347      1.167207      1.568974      1.187236      1.115461      1.061382      1.113445 
     1.540855      1.313315      1.396903      1.524560      1.160879      1.566394      1.170962      1.121136      1.017426      1.166403 
     1.532299      1.316376      1.391363      1.523969      1.155584      1.563425      1.151497      1.125694      0.982508      1.216539 
     1.523198      1.319701      1.385853      1.522538      1.151546      1.559924      1.130139      1.128775      0.961842      1.261299 
     1.513599      1.323217      1.380334      1.520237      1.148942      1.555772      1.108469      1.130120      0.959130      1.298977 
     1.503538      1.326869      1.374843      1.517052      1.147900      1.550945      1.088294      1.129579      0.975157      1.328532 
     1.493040      1.330618      1.369512      1.512978      1.148492      1.545547      1.071532      1.127124      1.007468      1.349381 
     1.482131      1.334442      1.364529      1.508036      1.150725      1.539784      1.059989      1.122870      1.051438      1.361222 
     1.470847      1.338334      1.360085      1.502272      1.154535      1.533909      1.055079      1.117086      1.101789      1.363914 
     1.459244      1.342296      1.356354      1.495757      1.159792      1.528161      1.057456      1.110194      1.153806      1.357443 
     1.447406      1.346340      1.353468      1.488586      1.166296      1.522746      1.066906      1.102752      1.203743      1.341897 
     1.435446      1.350481      1.351519      1.480871      1.173801      1.517817      1.082375      1.095417      1.248873      1.317510 
     1.423508      1.354737      1.350571      1.472733      1.182025      1.513478      1.102220      1.088872      1.287347      1.284717 
     1.411755      1.359121      1.350651      1.464298      1.190671      1.509790      1.124517      1.083758      1.317962      1.244258 
     1.400362      1.363639      1.351762      1.455685      1.199441      1.506773      1.147378      1.080607      1.339975      1.197331 
     1.389507      1.368288      1.353871      1.447008      1.208053      1.504412      1.169117      1.079763      1.352952      1.145805 
     1.379363      1.373056      1.356905      1.438373      1.216244      1.502656      1.188364      1.081352      1.356657      1.092459 
     1.370090      1.377918      1.360745      1.429872      1.223786      1.501415      1.204078      1.085268      1.350994      1.041193 
     1.361835      1.382844      1.365227      1.421586      1.230485      1.500561      1.215537      1.091203      1.335979      0.997015 
     1.354718      1.387795      1.370158      1.413576      1.236189      1.499939      1.222277      1.098678      1.311755      0.965513 
     1.348842      1.392732      1.375366      1.405889      1.240777      1.499408      1.224067      1.107135      1.278656      0.951580 
     1.344290      1.397610      1.380758      1.398561      1.244158      1.498882      1.220863      1.115982      1.237349      0.957657 
     1.341130      1.402378      1.386352      1.391624      1.246266      1.498363      1.212809      1.124632      1.189040      0.982633 
     1.339413      1.406974      1.392255      1.385113      1.247052      1.497920      1.200277      1.132542      1.135756      1.022324 
     1.339160      1.411323      1.398572      1.379069      1.246495      1.497619      1.183907      1.139211      1.080621      1.071088 
     1.340357      1.415341      1.405328      1.373536      1.244606      1.497458      1.164662      1.144219      1.028080      1.123356 
     1.342944      1.418944      1.412434      1.368554      1.241433      1.497333      1.143817      1.147261      0.983826      1.174568 
     1.346822      1.422055      1.419710      1.364145      1.237061      1.497067      1.122885      1.148139      0.954020      1.221370 
     1.351859      1.424611      1.426947      1.360315      1.231601      1.496494      1.103513      1.146774      0.943663      1.261521 
     1.357918      1.426554      1.433997      1.357058      1.225189      1.495558      1.087341      1.143195      0.954590      1.293621 
     1.364856      1.427834      1.440827      1.354348      1.217983      1.494363      1.075827      1.137539      0.984641      1.316855 
     1.372535      1.428407      1.447497      1.352157      1.210170      1.493127      1.070046      1.130071      1.028685      1.330769 
     1.380821      1.428233      1.454106      1.350442      1.201967      1.492102      1.070478      1.121193      1.080602      1.335139 
     1.389583      1.427281      1.460735      1.349155      1.193624      1.491519      1.076871      1.111428      1.134853      1.329923 
     1.398700      1.425526      1.467424      1.348239      1.185413      1.491562      1.088342      1.101451      1.187140      1.315264 
     1.408056      1.422956      1.474174      1.347628      1.177613      1.492362      1.103503      1.091997      1.234454      1.291515 
     1.417539      1.419569      1.480960      1.347255      1.170498      1.494002      1.120693      1.083804      1.274856      1.259292 
     1.427044      1.415373      1.487722      1.347053      1.164330      1.496517      1.138288      1.077584      1.307178      1.219576 
     1.436476      1.410388      1.494386      1.346961      1.159341      1.499892      1.154802      1.073902      1.330777      1.173856 
     1.445745      1.404652      1.500856      1.346920      1.155726      1.504063      1.168964      1.073087      1.345340      1.124320 
     1.454777      1.398214      1.507012      1.346888      1.153636      1.508913      1.179812      1.075247      1.350733      1.074059 
     1.463512      1.391142      1.512715      1.346834      1.153165      1.514267      1.186662      1.080219      1.346925      1.027200 
     1.471909      1.383525      1.517815      1.346738      1.154351      1.519908      1.189081      1.087599      1.333954      0.988747 
     1.479948      1.375462      1.522181      1.346597      1.157175      1.525595      1.186890      1.096803      1.311930      0.963877 
     1.487623      1.367076      1.525730      1.346418      1.161564      1.531121      1.180131      1.107130      1.281105      0.956555 
     1.494938      1.358513      1.528457      1.346218      1.167396      1.536374      1.169077      1.117836      1.242042      0.968042 
     1.501893      1.349950      1.530428      1.346023      1.174498      1.541354      1.154252      1.128172      1.195843      0.996289 
     1.508479      1.341592      1.531729      1.345865      1.182644      1.546137      1.136488      1.137427      1.144442      1.036730 
     1.514671      1.333677      1.532423      1.345777      1.191565      1.550804      1.116949      1.144967      1.090873      1.083838 
     1.520432      1.326445      1.532513      1.345790      1.200951      1.555383      1.097106      1.150275      1.039412      1.132408 
     1.525726      1.320125      1.531944      1.345933      1.210488      1.559839      1.078636      1.152989      0.995436      1.178220 
     1.530517      1.314909      1.530628      1.346230      1.219884      1.564091      1.063245      1.152922      0.964732      1.218214 
     1.534776      1.310950      1.528488      1.346698      1.228887      1.568063      1.052449      1.150056      0.952087      1.250391 
     1.538480      1.308366      1.525513      1.347351      1.237296      1.571722      1.047377      1.144534      0.959586      1.273597 
     1.541611      1.307248      1.521769      1.348203      1.244947      1.575093      1.048600      1.136652      0.985776      1.287298 
     1.544146      1.307667      1.517385      1.349266      1.251705      1.578249      1.056043      1.126864      1.026364      1.291355 
     1.546066      1.309674      1.512498      1.350551      1.257454      1.581277      1.068999      1.115788      1.075896      1.285865 
     1.547351      1.313293      1.507229      1.352070      1.262095      1.584248      1.086245      1.104196      1.129182      1.271089 
     1.547979      1.318521      1.501669      1.353837      1.265553      1.587196      1.106245      1.092968      1.182072      1.247500 
     1.547933      1.325324      1.495877      1.355862      1.267772      1.590108      1.127365      1.083031      1.231493      1.215833 
     1.547201      1.333644      1.489886      1.358158      1.268722      1.592921      1.148050      1.075273      1.275307      1.177228 
     1.545775      1.343401      1.483712      1.360735      1.268391      1.595519      1.166926      1.070435      1.312080      1.133426 
     1.543660      1.354500      1.477346      1.363602      1.266793      1.597733      1.182867      1.069024      1.340846      1.086975 
     1.540869      1.366838      1.470760      1.366762      1.263955      1.599341      1.194999      1.071241      1.360933      1.041441 
     1.537431      1.380309      1.463902      1.370218      1.259924      1.600076      1.202686      1.076949      1.371838      1.001435 
     1.533382      1.394813      1.456699      1.373965      1.254755      1.599652      1.205508      1.085701      1.373158      0.972217 
     1.528764      1.410256      1.449084      1.377994      1.248520      1.597818      1.203244      1.096805      1.364579      0.958650 
     1.523623      1.426547      1.441035      1.382290      1.241304      1.594439      1.195859      1.109407      1.345911      0.963638 
     1.518004      1.443582      1.432627      1.386818      1.233218      1.589545      1.183527      1.122550      1.317174      0.986959 
     1.511960      1.461213      1.424056      1.391521      1.224413      1.583323      1.166694      1.135246      1.278738      1.025359 
     1.505554      1.479227      1.415623      1.396306      1.215094      1.576047      1.146172      1.146529      1.231525      1.073780 
     1.498855      1.497340      1.407674      1.401046      1.205525      1.568012      1.123215      1.155517      1.177284      1.126793 
     1.491935      1.515208      1.400547      1.405582      1.196018      1.559472      1.099519      1.161484      1.118912      1.179602 
     1.484854      1.532471      1.394509      1.409743      1.186904      1.550607      1.077119      1.163927      1.060641      1.228430 
     1.477651      1.548790      1.389719      1.413362      1.178500      1.541499      1.058168      1.162604      1.008063      1.270618 
     1.470345      1.563887      1.386210      1.416295      1.171081      1.532123      1.044625      1.157550      0.967660      1.304519 
     1.462939      1.577568      1.383921      1.418427      1.164862      1.522379      1.037932      1.149053      0.945483      1.329280 
     1.455434      1.589708      1.382759      1.419679      1.159999      1.512187      1.038769      1.137628      0.945113      1.344592 
     1.447851      1.600234      1.382667      1.420001      1.156600      1.501575      1.046962      1.123996      0.966070      1.350452 
     1.440238      1.609099      1.383645      1.419372      1.154730      1.490733      1.061552      1.109075      1.004063      1.347004 
     1.432675      1.616267      1.385730      1.417798      1.154406      1.479967      1.080980      1.093964      1.052866      1.334477 
     1.425258      1.621713      1.388949      1.415321      1.155604      1.469619      1.103375      1.079893      1.106285      1.313206 
     1.418090      1.625437      1.393300      1.412016      1.158239      1.460007      1.126806      1.068092      1.159275      1.283719 
     1.411258      1.627461      1.398735      1.407991      1.162179      1.451391      1.149507      1.059653      1.208202      1.246838 
     1.404835      1.627836      1.405166      1.403377      1.167247      1.443961      1.169999      1.055363      1.250653      1.203818 
     1.398871      1.626632      1.412469      1.398324      1.173240      1.437841      1.187139      1.055596      1.285149      1.156497 
     1.393398      1.623938      1.420491      1.392989      1.179938      1.433087      1.200114      1.060249      1.310848      1.107466 
     1.388435      1.619850      1.429054      1.387530      1.187115      1.429691      1.208407      1.068784      1.327313      1.060183 
     1.383989      1.614470      1.437962      1.382101      1.194557      1.427590      1.211748      1.080328      1.334343      1.018928 
     1.380061      1.607895      1.447021      1.376848      1.202061      1.426680      1.210079      1.093820      1.331862      0.988389 
     1.376652      1.600213      1.456080      1.371906      1.209448      1.426852      1.203515      1.108147      1.319889      0.972695 
     1.373764      1.591505      1.465059      1.367400      1.216558      1.428031      1.192338      1.122252      1.298560      0.974148 
     1.371407      1.581846      1.473958      1.363447      1.223245      1.430190      1.177006      1.135195      1.268248      0.992303 
     1.369598      1.571315      1.482826      1.360155      1.229377      1.433333      1.158193      1.146174      1.229727      1.024100 
     1.368364      1.560004      1.491695      1.357629      1.234828      1.437445      1.136864      1.154558      1.184381      1.064912 
     1.367737      1.548025      1.500545      1.355958      1.239485      1.442440      1.114271      1.159890      1.134408      1.109798 
     1.367746      1.535496      1.509276      1.355208      1.243254      1.448142      1.091943      1.161884      1.083020      1.154363 
     1.368418      1.522539      1.517711      1.355417      1.246065      1.454288      1.071597      1.160460      1.034503      1.195102 
     1.369772      1.509258      1.525615      1.356598      1.247879      1.460565      1.054964      1.155726      0.994009      1.229438 
     1.371828      1.495730      1.532740      1.358734      1.248680      1.466663      1.043552      1.147961      0.966899      1.255607 
     1.374610      1.482000      1.538877      1.361797      1.248476      1.472357      1.038429      1.137607      0.957363      1.272514 
     1.378144      1.468090      1.543913      1.365751      1.247287      1.477568      1.040046      1.125259      0.966931      1.279604 
     1.382460      1.454016      1.547860      1.370548      1.245144      1.482374      1.048168      1.111676      0.993913      1.276765 
     1.387576      1.439807      1.550812      1.376127      1.242087      1.486963      1.061904      1.097772      1.034131      1.264239 
     1.393486      1.425520      1.552900      1.382408      1.238177      1.491550      1.079863      1.084596      1.082341      1.242598 
     1.400154      1.411245      1.554237      1.389285      1.233492      1.496309      1.100358      1.073254      1.133522      1.212797 
     1.407511      1.397092      1.554905      1.396628      1.228129      1.501341      1.121634      1.064778      1.183546      1.176260 
     1.415459      1.383187      1.554944      1.404291      1.222202      1.506664      1.142056      1.059983      1.229283      1.135026 
     1.423893      1.369653      1.554356      1.412119      1.215837      1.512217      1.160234      1.059331      1.268539      1.091875 
     1.432707      1.356605      1.553109      1.419956      1.209166      1.517876      1.175077      1.062859      1.299837      1.050395 
     1.441816      1.344139      1.551139      1.427657      1.202320      1.523471      1.185806      1.070194      1.322248      1.014832 
     1.451157      1.332326      1.548356      1.435092      1.195424      1.528813      1.191925      1.080616      1.335242      0.989601 
     1.460695      1.321218      1.544667      1.442151      1.188597      1.533740      1.193177      1.093198      1.338582      0.978392 
     1.470412      1.310854      1.539996      1.448734      1.181956      1.538163      1.189510      1.106920      1.332262      0.983072 
     1.480303      1.301266      1.534321      1.454754      1.175615      1.542098      1.181049      1.120762      1.316477      1.003038 
     1.490349      1.292493      1.527679      1.460121      1.169693      1.545658      1.168136      1.133790      1.291621      1.035457 
     1.500519      1.284583      1.520161      1.464749      1.164317      1.549011      1.151363      1.145185      1.258330      1.076219 
     1.510757      1.277593      1.511880      1.468551      1.159614      1.552323      1.131606      1.154266      1.217593      1.121024 
     1.520984      1.271587      1.502948      1.471446      1.155707      1.555724      1.110070      1.160511      1.170924      1.166061 
     1.531100      1.266625      1.493453      1.473365      1.152701      1.559280      1.088281      1.163584      1.120574      1.208305 
     1.540999      1.262758      1.483439      1.474257      1.150678      1.562983      1.068013      1.163338      1.069747      1.245529 
     1.550570      1.260031      1.472901      1.474086      1.149693      1.566754      1.051137      1.159813      1.022723      1.276217 
     1.559710      1.258470      1.461782      1.472832      1.149773      1.570452      1.039406      1.153241      0.984682      1.299400 
     1.568336      1.258095      1.449999      1.470486      1.150919      1.573913      1.034189      1.144040      0.961012      1.314512 
     1.576388      1.258926      1.437499      1.467043      1.153109      1.577005      1.036211      1.132795      0.955734      1.321196 
     1.583817      1.260981      1.424309      1.462502      1.156308      1.579694      1.045458      1.120281      0.970172      1.319221 
     1.590584      1.264276      1.410567      1.456868      1.160463      1.582072      1.061179      1.107468      1.002373      1.308397 
     1.596648      1.268820      1.396508      1.450164      1.165496      1.584316      1.082005      1.095500      1.047992      1.288592 
     1.601958      1.274592      1.382425      1.442443      1.171299      1.586614      1.106160      1.085600      1.101802      1.259840 
     1.606463      1.281539      1.368630      1.433800      1.177729      1.589101      1.131689      1.078920      1.158928      1.222546 
     1.610111      1.289562      1.355422      1.424373      1.184609      1.591836      1.156683      1.076333      1.215395      1.177743 
     1.612860      1.298523      1.343058      1.414336      1.191737      1.594792      1.179436      1.078245      1.268226      1.127390 
     1.614686      1.308250      1.331721      1.403896      1.198899      1.597873      1.198568      1.084504      1.315319      1.074640 
     1.615580      1.318554      1.321498      1.393265      1.205886      1.600926      1.213057      1.094413      1.355269      1.024039 
     1.615545      1.329249      1.312368      1.382650      1.212508      1.603765      1.222254      1.106892      1.387180      0.981391 
     1.614592      1.340171      1.304238      1.372237      1.218600      1.606211      1.225828      1.120672      1.410492      0.952967 
     1.612733      1.351184      1.297038      1.362177      1.224032      1.608140      1.223720      1.134488      1.424845      0.943823 
     1.609975      1.362185      1.290823      1.352600      1.228700      1.609533      1.216084      1.147201      1.429993      0.955870 
     1.606318      1.373085      1.285827      1.343619      1.232517      1.610482      1.203276      1.157851      1.425775      0.987036 
     1.601764      1.383800      1.282400      1.335348      1.235413      1.611138      1.185882      1.165677      1.412112      1.032263 
     1.596318      1.394240      1.280899      1.327903      1.237330      1.611647      1.164775      1.170130      1.389056      1.085477 
     1.589998      1.404308      1.281599      1.321398      1.238233      1.612114      1.141169      1.170898      1.356825      1.141072 
     1.582835      1.413909      1.284642      1.315934      1.238116      1.612582      1.116618      1.167924      1.315906      1.194633 
     1.574869      1.422952      1.290039      1.311592      1.237006      1.613037      1.092952      1.161417      1.267182      1.242950 
     1.566155      1.431359      1.297674      1.308421      1.234964      1.613409      1.072147      1.151857      1.212104      1.283860 
     1.556756      1.439066      1.307320      1.306433      1.232089      1.613583      1.056084      1.139979      1.152920      1.315993 
     1.546753      1.446029      1.318660      1.305605      1.228504      1.613404      1.046235      1.126740      1.092924      1.338534 
     1.536237      1.452217      1.331306      1.305880      1.224356      1.612694      1.043402      1.113273      1.036613      1.351053 
     1.525309      1.457619      1.344833      1.307171      1.219805      1.611267      1.047538      1.100782      0.989581      1.353376 
     1.514075      1.462241      1.358813      1.309371      1.215013      1.608974      1.057789      1.090428      0.957769      1.345519 
     1.502635      1.466099      1.372875      1.312361      1.210139      1.605752      1.072709      1.083203      0.945848      1.327683 
     1.491085      1.469213      1.386751      1.316014      1.205340      1.601676      1.090557      1.079804      0.955294      1.300353 
     1.479526      1.471605      1.400295      1.320198      1.200764      1.596965      1.109560      1.080549      0.983605      1.264400 
     1.468068      1.473290      1.413450      1.324775      1.196556      1.591917      1.128077      1.085320      1.025351      1.221193 
     1.456841      1.474284      1.426190      1.329603      1.192852      1.586816      1.144721      1.093563      1.074183      1.172720 
     1.445980      1.474604      1.438471      1.334545      1.189764      1.581869      1.158428      1.104380      1.124419      1.121682 
     1.435616      1.474271      1.450227      1.339477      1.187375      1.577164      1.168472      1.116674      1.171736      1.071544 
     1.425855      1.473308      1.461384      1.344299      1.185735      1.572667      1.174449      1.129310      1.213203      1.026474 
     1.416779      1.471742      1.471872      1.348937      1.184862      1.568244      1.176227      1.141261      1.247032      0.991033 
     1.408440      1.469597      1.481649      1.353344      1.184748      1.563703      1.173883      1.151674      1.272274      0.969457 
     1.400864      1.466888      1.490719      1.357497      1.185373      1.558862      1.167656      1.159905      1.288538      0.964508 
     1.394064      1.463627      1.499127      1.361391      1.186706      1.553613      1.157901      1.165486      1.295784      0.976542 
     1.388050      1.459817      1.506950      1.365031      1.188709      1.547955      1.145102      1.168103      1.294168      1.003367 
     1.382832      1.455460      1.514280      1.368426      1.191341      1.541972      1.129879      1.167561      1.283946      1.041093 
     1.378424      1.450559      1.521197      1.371586      1.194553      1.535784      1.113047      1.163797      1.265407      1.085259 
     1.374842      1.445113      1.527768      1.374523      1.198288      1.529505      1.095614      1.156878      1.238961      1.131835 
     1.372098      1.439126      1.534029      1.377248      1.202482      1.523217      1.078788      1.147017      1.205204      1.177524 
     1.370200      1.432603      1.539994      1.379775      1.207062      1.516967      1.063906      1.134587      1.165095      1.219825 
     1.369148      1.425549      1.545637      1.382116      1.211948      1.510759      1.052343      1.120153      1.120193      1.256899 
     1.368942      1.417970      1.550897      1.384287      1.217053      1.504569      1.045341      1.104496      1.072939      1.287391 
     1.369578      1.409873      1.555666      1.386302      1.222285      1.498345      1.043830      1.088620      1.026955      1.310282 
     1.371059      1.401261      1.559795      1.388181      1.227547      1.492021      1.048253      1.073732      0.987135      1.324762 
     1.373393      1.392137      1.563106      1.389939      1.232739      1.485531      1.058497      1.061189      0.959269      1.330157 
     1.376602      1.382502      1.565444      1.391593      1.237757      1.478851      1.073922      1.052386      0.948823      1.325902 
     1.380720      1.372361      1.566736      1.393157      1.242487      1.472067      1.093466      1.048626      0.959120      1.311533 
     1.385785      1.361753      1.567023      1.394640      1.246795      1.465425      1.115772      1.050908      0.989977      1.286771 
     1.391826      1.350771      1.566440      1.396040      1.250520      1.459329      1.139288      1.059723      1.037886      1.251703 
     1.398832      1.339589      1.565155      1.397344      1.253480      1.454280      1.162352      1.074856      1.097418      1.207132 
     1.406721      1.328483      1.563306      1.398532      1.255477      1.450756      1.183265      1.095260      1.162729      1.155070 
     1.415328      1.317798      1.560970      1.399579      1.256334      1.449098      1.200505      1.119181      1.228487      1.099188 
     1.424403      1.307910      1.558130      1.400462      1.255924      1.449415      1.212854      1.144404      1.290313      1.044994 
     1.433644      1.299161      1.554664      1.401170      1.254197      1.451568      1.219544      1.168626      1.344973      0.999390 
     1.442755      1.291804      1.550374      1.401700      1.251179      1.455244      1.220290      1.189832      1.390369      0.969340 
     1.451479      1.285981      1.545068      1.402065      1.246958      1.460104      1.215250      1.206511      1.425354      0.959703 
     1.459621      1.281737      1.538684      1.402282      1.241664      1.465903      1.204908      1.217696      1.449489      0.971334 
     1.467042      1.279041      1.531354      1.402369      1.235457      1.472514      1.189978      1.222887      1.462783      1.000857 
     1.473647      1.277810      1.523364      1.402345      1.228510      1.479867      1.171378      1.221968      1.465496      1.042333 
     1.479375      1.277928      1.515051      1.402224      1.221016      1.487895      1.150203      1.215120      1.458022      1.089495 
     1.484190      1.279251      1.506718      1.402016      1.213173      1.496503      1.127718      1.202783      1.440822      1.137144 
     1.488074      1.281624      1.498599      1.401725      1.205187      1.505581      1.105333      1.185632      1.414379      1.181586 
     1.491022      1.284883      1.490859      1.401350      1.197262      1.514997      1.084545      1.164564      1.379208      1.220461 
     1.493034      1.288869      1.483606      1.400881      1.189597      1.524614      1.066853      1.140725      1.335896      1.252420 
     1.494113      1.293423      1.476909      1.400302      1.182387      1.534283      1.053607      1.115518      1.285216      1.276800 
     1.494271      1.298400      1.470807      1.399592      1.175816      1.543844      1.045839      1.090599      1.228294      1.293359 
     1.493520      1.303664      1.465317      1.398727      1.170053      1.553123      1.044093      1.067835      1.166879      1.302100 
     1.491884      1.309094      1.460431      1.397681      1.165249      1.561931      1.048323      1.049164      1.103665      1.303163 
     1.489395      1.314583      1.456110      1.396432      1.161529      1.570070      1.057893      1.036363      1.042626      1.296763 
     1.486095      1.320046      1.452281      1.394958      1.158986      1.577335      1.071722      1.030755      0.989201      1.283166 
     1.482034      1.325417      1.448830      1.393248      1.157680      1.583533      1.088466      1.032941      0.949919      1.262707 
     1.477268      1.330655      1.445625      1.391294      1.157633      1.588526      1.106730      1.042689      0.930952      1.235873 
     1.471851      1.335740      1.442546      1.389097      1.158838      1.592301      1.125175      1.058982      0.935791      1.203493 
     1.465852      1.340661      1.439516      1.386673      1.161251      1.595015      1.142634      1.080280      0.963304      1.166927 
     1.459352      1.345410      1.436514      1.384053      1.164791      1.596959      1.158077      1.104717      1.008360      1.128288 
     1.452454      1.349979      1.433538      1.381283      1.169334      1.598467      1.170626      1.130336      1.064012      1.090499 
     1.445280      1.354357      1.430582      1.378427      1.174710      1.599811      1.179595      1.155293      1.123630      1.057127 
     1.437963      1.358538      1.427635      1.375558      1.180711      1.601167      1.184502      1.177996      1.181958      1.031911 
     1.430628      1.362522      1.424691      1.372747      1.187115      1.602623      1.185099      1.197197      1.235312      1.018022 
     1.423391      1.366316      1.421774      1.370059      1.193697      1.604215      1.181357      1.212007      1.281353      1.017219 
     1.416349      1.369935      1.418947      1.367551      1.200245      1.605969      1.173454      1.221861      1.318754      1.029347 
     1.409579      1.373396      1.416288      1.365268      1.206568      1.607928      1.161760      1.226459      1.346857      1.052457 
     1.403145      1.376716      1.413873      1.363246      1.212500      1.610149      1.146849      1.225718      1.365389      1.083423 
     1.397095      1.379910      1.411763      1.361517      1.217896      1.612686      1.129500      1.219737      1.374274      1.118804 
     1.391466      1.382996      1.409999      1.360103      1.222632      1.615579      1.110710      1.208782      1.373516      1.155449 
     1.386280      1.385986      1.408605      1.359027      1.226606      1.618837      1.091688      1.193292      1.363126      1.190738 
     1.381545      1.388892      1.407595      1.358304      1.229735      1.622439      1.073806      1.173899      1.343123      1.222671 
     1.377259      1.391723      1.406979      1.357945      1.231952      1.626336      1.058540      1.151476      1.313570      1.249761 
     1.373412      1.394488      1.406764      1.357956      1.233205      1.630453      1.047330      1.127185      1.274671      1.270912 
     1.369990      1.397189      1.406948      1.358340      1.233457      1.634699      1.041372      1.102518      1.226970      1.285288 
     1.366985      1.399825      1.407515      1.359091      1.232687      1.638964      1.041421      1.079284      1.171644      1.292232 
     1.364395      1.402390      1.408414      1.360198      1.230894      1.643120      1.047618      1.059520      1.110933      1.291210 
     1.362236      1.404871      1.409539      1.361638      1.228105      1.647006      1.059437      1.045264      1.048692      1.281817 
     1.360542      1.407247      1.410697      1.363379      1.224371      1.650429      1.075747      1.038214      0.990856      1.263824 
     1.359371      1.409494      1.411606      1.365380      1.219778      1.653166      1.095032      1.039358      0.945400      1.237270 
     1.358807      1.411579      1.411940      1.367589      1.214439      1.655009      1.115619      1.048732      0.920905      1.202638 
     1.358952      1.413466      1.411478      1.369942      1.208503      1.655866      1.135864      1.065387      0.923428      1.161143 
     1.359914      1.415110      1.410263      1.372364      1.202149      1.655809      1.154275      1.087612      0.953313      1.115096 
     1.361789      1.416456      1.408625      1.374768      1.195606      1.655012      1.169558      1.113200      1.005041      1.068199 
     1.364640      1.417439      1.407012      1.377059      1.189145      1.653604      1.180674      1.139743      1.070170      1.025535 
     1.368475      1.417987      1.405788      1.379145      1.183065      1.651595      1.186892      1.164933      1.140493      0.992956 
     1.373250      1.418028      1.405131      1.380951      1.177654      1.648901      1.187858      1.186799      1.209637      0.975683 
     1.378878      1.417499      1.405053      1.382428      1.173159      1.645437      1.183611      1.203865      1.273329      0.976546 
     1.385241      1.416353      1.405503      1.383552      1.169770      1.641214      1.174538      1.215179      1.329056      0.994870 
     1.392210      1.414558      1.406452      1.384327      1.167610      1.636348      1.161320      1.220250      1.375524      1.026871 
     1.399643      1.412102      1.407914      1.384770      1.166737      1.631010      1.144904      1.218970      1.412188      1.067219 
     1.407399      1.408996      1.409936      1.384916      1.167154      1.625362      1.126446      1.211561      1.438941      1.110649 
     1.415344      1.405265      1.412559      1.384807      1.168812      1.619520      1.107282      1.198523      1.455906      1.152853 
     1.423353      1.400955      1.415808      1.384491      1.171624      1.613544      1.088845      1.180611      1.463328      1.190759 
     1.431315      1.396121      1.419691      1.384022      1.175471      1.607453      1.072574      1.158833      1.461480      1.222381 
     1.439138      1.390828      1.424196      1.383452      1.180220      1.601228      1.059791      1.134468      1.450629      1.246560 
     1.446744      1.385150      1.429305      1.382831      1.185723      1.594839      1.051547      1.109077      1.431009      1.262703 
     1.454071      1.379169      1.434993      1.382202      1.191828      1.588251      1.048492      1.084508      1.402837      1.270590 
     1.461075      1.372974      1.441226      1.381603      1.198379      1.581435      1.050769      1.062809      1.366367      1.270265 
     1.467722      1.366665      1.447961      1.381062      1.205217      1.574379      1.057992      1.046051      1.321989      1.261979 
     1.473995      1.360353      1.455134      1.380600      1.212181      1.567086      1.069317      1.036034      1.270403      1.246194 
     1.479882      1.354160      1.462650      1.380230      1.219106      1.559588      1.083569      1.033920      1.212867      1.223647 
     1.485378      1.348218      1.470374      1.379953      1.225825      1.551945      1.099409      1.039943      1.151520      1.195424 
     1.490482      1.342664      1.478121      1.379764      1.232171      1.544243      1.115488      1.053321      1.089720      1.163046 
     1.495193      1.337638      1.485664      1.379645      1.237986      1.536571      1.130528      1.072390      1.032287      1.128519 
     1.499512      1.333262      1.492754      1.379575      1.243130      1.528993      1.143465      1.095009      0.985307      1.094281 
     1.503442      1.329644      1.499169      1.379525      1.247488      1.521526      1.153478      1.118941      0.955208      1.063077 
     1.506993      1.326863      1.504761      1.379461      1.250974      1.514141      1.160004      1.142172      0.946790      1.037756 
     1.510175      1.324981      1.509476      1.379344      1.253525      1.506821      1.162721      1.163049      0.961127      1.020974 
     1.512997      1.324046      1.513321      1.379138      1.255099      1.499621      1.161522      1.180297      0.995053      1.014784 
     1.515461      1.324089      1.516326      1.378807      1.255669      1.492694      1.156511      1.192984      1.042645      1.020111 
     1.517565      1.325132      1.518525      1.378321      1.255221      1.486268      1.148004      1.200473      1.097454      1.036429 
     1.519302      1.327177      1.519953      1.377654      1.253764      1.480604      1.136545      1.202392      1.153967      1.061850 
     1.520659      1.330207      1.520646      1.376789      1.251326      1.475946      1.122912      1.198659      1.208072      1.093607 
     1.521624      1.334190      1.520622      1.375715      1.247953      1.472493      1.108095      1.189447      1.256968      1.128680 
     1.522180      1.339077      1.519892      1.374423      1.243713      1.470379      1.093250      1.175204      1.298878      1.164271 
     1.522310      1.344810      1.518446      1.372908      1.238687      1.469676      1.079628      1.156652      1.332735      1.198071 
     1.521990      1.351325      1.516263      1.371163      1.232971      1.470399      1.068473      1.134838      1.357939      1.228276 
     1.521192      1.358552      1.513315      1.369183      1.226671      1.472519      1.060882      1.111139      1.374172      1.253562 
     1.519882      1.366422      1.509568      1.366957      1.219905      1.475978      1.057661      1.087281      1.381273      1.272985 
     1.518022      1.374861      1.504989      1.364473      1.212804      1.480698      1.059198      1.065308      1.379182      1.285876 
     1.515566      1.383791      1.499547      1.361714      1.205516      1.486597      1.065396      1.047462      1.367924      1.291765 
     1.512476      1.393127      1.493223      1.358660      1.198206      1.493586      1.075673      1.035902      1.347653      1.290341 
     1.508724      1.402767      1.486016      1.355291      1.191062      1.501583      1.089059      1.032330      1.318753      1.281444 
     1.504318      1.412594      1.477955      1.351591      1.184290      1.510499      1.104321      1.037573      1.281998      1.265106 
     1.499306      1.422459      1.469103      1.347559      1.178112      1.520229      1.120102      1.051329      1.238785      1.241661 
     1.493791      1.432194      1.459571      1.343209      1.172750      1.530617      1.135068      1.072169      1.191348      1.211850 
     1.487919      1.441607      1.449509      1.338578      1.168408      1.541434      1.148018      1.097825      1.142921      1.176941 
     1.481866      1.450505      1.439091      1.333734      1.165246      1.552361      1.157981      1.125637      1.097662      1.138822 
     1.475809      1.458711      1.428488      1.328764      1.163355      1.563020      1.164286      1.152990      1.060205      1.100024 
     1.469902      1.466082      1.417842      1.323775      1.162751      1.573019      1.166597      1.177662      1.034806      1.063587 
     1.464265      1.472527      1.407262      1.318881      1.163375      1.582033      1.164895      1.197985      1.024237      1.032816 
     1.458970      1.477998      1.396852      1.314193      1.165110      1.589865      1.159436      1.212860      1.028942      1.010844 
     1.454054      1.482488      1.386741      1.309819      1.167797      1.596457      1.150694      1.221676      1.046984      1.000050 
     1.449521      1.486013      1.377102      1.305861      1.171259      1.601860      1.139316      1.224192      1.074803      1.001470 
     1.445355      1.488602      1.368141      1.302415      1.175311      1.606177      1.126084      1.220436      1.108284      1.014507 
     1.441524      1.490284      1.360077      1.299576      1.179769      1.609513      1.111908      1.210661      1.143587      1.037164 
     1.437986      1.491088      1.353121      1.297436      1.184455      1.611946      1.097787      1.195315      1.177548      1.066610 
     1.434688      1.491036      1.347459      1.296083      1.189205      1.613522      1.084773      1.175061      1.207751      1.099840 
     1.431569      1.490141      1.343250      1.295606      1.193868      1.614252      1.073899      1.150824      1.232453      1.134142 
     1.428559      1.488409      1.340624      1.296089      1.198312      1.614127      1.066096      1.123845      1.250426      1.167305 
     1.425585      1.485835      1.339685      1.297611      1.202424      1.613118      1.062095      1.095733      1.260825      1.197624 
     1.422569      1.482406      1.340527      1.300253      1.206105      1.611185      1.062326      1.068506      1.263073      1.223865 
     1.419437      1.478098      1.343232      1.304091      1.209276      1.608276      1.066880      1.044547      1.256791      1.245113 
     1.416128      1.472881      1.347874      1.309198      1.211869      1.604343      1.075505      1.026424      1.241792      1.260678 
     1.412608      1.466724      1.354512      1.315635      1.213834      1.599342      1.087638      1.016535      1.218133      1.270016 
     1.408889      1.459601      1.363183      1.323449      1.215131      1.593257      1.102493      1.016621      1.186270      1.272689 
     1.405035      1.451500      1.373870      1.332655      1.215739      1.586121      1.119118      1.027297      1.147302      1.268364 
     1.401165      1.442444      1.386474      1.343223      1.215650      1.578026      1.136468      1.047827      1.103311      1.256859 
     1.397430      1.432497      1.400784      1.355052      1.214885      1.569132      1.153440      1.076245      1.057737      1.238255 
     1.393992      1.421785      1.416447      1.367963      1.213491      1.559647      1.168929      1.109779      1.015515      1.212994 
     1.390995      1.410485      1.433003      1.381699      1.211542      1.549802      1.181891      1.145358      0.982701      1.182004 
     1.388549      1.398812      1.449958      1.395946      1.209135      1.539848      1.191427      1.180055      0.965173      1.146792 
     1.386724      1.387005      1.466882      1.410361      1.206385      1.530066      1.196856      1.211392      0.966624      1.109513 
     1.385547      1.375302      1.483459      1.424604      1.203407      1.520784      1.197760      1.237468      0.986927      1.072991 
     1.385010      1.363929      1.499463      1.438357      1.200316      1.512345      1.194019      1.256981      1.022192      1.040589 
     1.385082      1.353084      1.514688      1.451347      1.197216      1.505030      1.185803      1.269170      1.066479      1.015829 
     1.385712      1.342925      1.528928      1.463356      1.194198      1.499006      1.173559      1.273746      1.113761      1.001668 
     1.386839      1.333565      1.542007      1.474235      1.191334      1.494326      1.157986      1.270803      1.159140      0.999723 
     1.388397      1.325075      1.553809      1.483892      1.188683      1.490967      1.140000      1.260714      1.199196      1.009808 
     1.390324      1.317490      1.564291      1.492285      1.186287      1.488880      1.120696      1.244069      1.231821      1.030063 
     1.392553      1.310827      1.573468      1.499402      1.184179      1.488007      1.101322      1.221649      1.255888      1.057566 
     1.395024      1.305085      1.581392      1.505250      1.182386      1.488280      1.083223      1.194439      1.270907      1.089078 
     1.397674      1.300261      1.588126      1.509846      1.180930      1.489616      1.067759      1.163688      1.276776      1.121624 
     1.400449      1.296347      1.593738      1.513211      1.179829      1.491906      1.056177      1.130968      1.273617      1.152764 
     1.403296      1.293339      1.598289      1.515363      1.179098      1.495021      1.049454      1.098247      1.261697      1.180639 
     1.406165      1.291234      1.601833      1.516318      1.178754      1.498812      1.048164      1.067924      1.241416      1.203898 
     1.409013      1.290037      1.604415      1.516086      1.178814      1.503123      1.052352      1.042733      1.213354      1.221579 
     1.411796      1.289756      1.606068      1.514672      1.179293      1.507806      1.061535      1.025471      1.178387      1.232999 
     1.414478      1.290409      1.606817      1.512075      1.180207      1.512732      1.074779      1.018543      1.137882      1.237669 
     1.417035      1.292013      1.606673      1.508292      1.181570      1.517804      1.090843      1.023363      1.093935      1.235248 
     1.419463      1.294586      1.605639      1.503329      1.183393      1.522945      1.108341      1.039962      1.049643      1.225538 
     1.421787      1.298139      1.603702      1.497198      1.185680      1.528080      1.125896      1.066951      1.009224      1.208536 
     1.424054      1.302670      1.600832      1.489931      1.188427      1.533103      1.142239      1.101881      0.977806      1.184558 
     1.426326      1.308161      1.596987      1.481579      1.191620      1.537879      1.156267      1.141842      0.960502      1.154380 
     1.428669      1.314577      1.592113      1.472217      1.195230      1.542268      1.167084      1.183944      0.960850      1.119459 
     1.431138      1.321864      1.586164      1.461944      1.199214      1.546160      1.174010      1.225601      0.979417      1.082132 
     1.433775      1.329942      1.579118      1.450889      1.203509      1.549486      1.176586      1.264640      1.013557      1.045707 
     1.436602      1.338709      1.570981      1.439213      1.208036      1.552186      1.174613      1.299317      1.058499      1.014275 
     1.439627      1.348035      1.561780      1.427102      1.212693      1.554194      1.168133      1.328254      1.108971      0.992151 
     1.442842      1.357781      1.551570      1.414758      1.217371      1.555443      1.157475      1.350432      1.160291      0.982890 
     1.446229      1.367803      1.540448      1.402377      1.221954      1.555897      1.143251      1.365123      1.208856      0.988235 
     1.449763      1.377960      1.528568      1.390153      1.226327      1.555581      1.126347      1.371821      1.252147      1.007571 
     1.453414      1.388115      1.516139      1.378267      1.230377      1.554563      1.107930      1.370189      1.288496      1.038188 
     1.457145      1.398134      1.503402      1.366895      1.233992      1.552939      1.089394      1.360023      1.316860      1.076270 
     1.460918      1.407891      1.490600      1.356197      1.237071      1.550794      1.072294      1.341262      1.336587      1.117866 
     1.464691      1.417271      1.477951      1.346321      1.239520      1.548194      1.058211      1.313998      1.347291      1.159507 
     1.468427      1.426167      1.465642      1.337394      1.241258      1.545186      1.048565      1.278557      1.348756      1.198454 
     1.472090      1.434482      1.453829      1.329524      1.242215      1.541808      1.044386      1.235594      1.340884      1.232696 
     1.475643      1.442135      1.442640      1.322798      1.242341      1.538111      1.046121      1.186283      1.323694      1.260816 
     1.479034      1.449049      1.432188      1.317283      1.241601      1.534160      1.053550      1.132559      1.297351      1.281841 
     1.482184      1.455159      1.422563      1.313022      1.239982      1.530045      1.065800      1.077427      1.262261      1.295132 
     1.484961      1.460407      1.413838      1.310034      1.237498      1.525864      1.081509      1.025220      1.219216      1.300300 
     1.487181      1.464751      1.406055      1.308309      1.234190      1.521702      1.099049      0.981583      1.169592      1.297165 
     1.488625      1.468163      1.399211      1.307810      1.230126      1.517601      1.116774      0.952788      1.115604      1.285742 
     1.489130      1.470628      1.393240      1.308472      1.225401      1.513522      1.133251      0.944070      1.060605      1.266245 
     1.488677      1.472143      1.388007      1.310208      1.220140      1.509337      1.147377      0.957551      1.009331      1.239123 
     1.487434      1.472711      1.383317      1.312913      1.214495      1.504846      1.158384      0.991254      0.967850      1.205151 
     1.485694      1.472346      1.378955      1.316463      1.208649      1.499849      1.165766      1.040092      0.942639      1.165584 
     1.483765      1.471065      1.374783      1.320720      1.202813      1.494231      1.169187      1.097884      0.938545      1.122367 
     1.481888      1.468899      1.370828      1.325532      1.197219      1.488044      1.168459      1.158944      0.956549      1.078325 
     1.480215      1.465889      1.367283      1.330742      1.192109      1.481516      1.163571      1.218724      0.993176      1.037254 
     1.478821      1.462088      1.364416      1.336196      1.187713      1.474962      1.154725      1.273852      1.042103      1.003663 
     1.477713      1.457565      1.362458      1.341757      1.184235      1.468687      1.142393      1.322013      1.096484      0.982002 
     1.476859      1.452389      1.361560      1.347319      1.181827      1.462931      1.127316      1.361760      1.150535      0.975444 
     1.476197      1.446635      1.361799      1.352811      1.180586      1.457887      1.110489      1.392294      1.200073      0.984791 
     1.475656      1.440375      1.363209      1.358198      1.180547      1.453726      1.093118      1.413256      1.242381      1.008212 
     1.475164      1.433683      1.365785      1.363478      1.181695      1.450598      1.076561      1.424553      1.275883      1.041993 
     1.474652      1.426634      1.369489      1.368668      1.183964      1.448627      1.062229      1.426247      1.299773      1.081754 
     1.474062      1.419306      1.374250      1.373803      1.187250      1.447898      1.051445      1.418484      1.313738      1.123437 
     1.473351      1.411779      1.379968      1.378925      1.191416      1.448464      1.045257      1.401465      1.317773      1.163758 
     1.472498      1.404137      1.386525      1.384080      1.196300      1.450353      1.044289      1.375447      1.312076      1.200307 
     1.471501      1.396468      1.393790      1.389304      1.201722      1.453575      1.048631      1.340784      1.297007      1.231432 
     1.470382      1.388863      1.401625      1.394621      1.207490      1.458122      1.057835      1.298025      1.273112      1.256035 
     1.469176      1.381423      1.409882      1.400040      1.213403      1.463958      1.070986      1.248059      1.241211      1.273435 
     1.467928      1.374247      1.418410      1.405547      1.219255      1.470995      1.086844      1.192358      1.202514      1.283250 
     1.466678      1.367442      1.427050      1.411105      1.224844      1.479068      1.104017      1.133241      1.158779      1.285335 
     1.465456      1.361107      1.435639      1.416661      1.229976      1.487912      1.121102      1.074152      1.112464      1.279747 
     1.464273      1.355330      1.444016      1.422148      1.234479      1.497162      1.136785      1.019795      1.066800      1.266743 
     1.463122      1.350181      1.452032      1.427496      1.238209      1.506365      1.149927      0.975947      1.025713      1.246752 
     1.461984      1.345709      1.459561      1.432646      1.241052      1.515052      1.159600      0.948512      0.993493      1.220402 
     1.460847      1.341943      1.466509      1.437546      1.242925      1.522843      1.165138      0.941785      0.974082      1.188556 
     1.459717      1.338902      1.472818      1.442156      1.243766      1.529546      1.166185      0.956688      0.970084      1.152444 
     1.458623      1.336601      1.478459      1.446436      1.243525      1.535186      1.162719      0.990340      0.981895      1.113860 
     1.457604      1.335057      1.483414      1.450341      1.242165      1.539929      1.155034      1.037352      1.007528      1.075377 
     1.456692      1.334285      1.487652      1.453818      1.239662      1.543972      1.143705      1.091746      1.043231      1.040338 
     1.455908      1.334298      1.491112      1.456806      1.236017      1.547462      1.129553      1.148258      1.084626      1.012601 
     1.455247      1.335093      1.493718      1.459247      1.231254      1.550476      1.113613      1.202855      1.127618      0.995854 
     1.454690      1.336655      1.495404      1.461086      1.225425      1.553050      1.097097      1.252717      1.168909      0.992697 
     1.454199      1.338960      1.496155      1.462274      1.218598      1.555215      1.081340      1.295992      1.206108      1.003854 
     1.453732      1.341969      1.496025      1.462769      1.210864      1.557019      1.067733      1.331513      1.237569      1.027982 
     1.453240      1.345638      1.495133      1.462526      1.202334      1.558526      1.057589      1.358525      1.262221      1.062262 
     1.452684      1.349910      1.493630      1.461500      1.193147      1.559808      1.052015      1.376507      1.279323      1.103218 
     1.452036      1.354717      1.491669      1.459641      1.183472      1.560927      1.051749      1.385059      1.288329      1.147465 
     1.451288      1.359978      1.489389      1.456897      1.173519      1.561941      1.057040      1.383845      1.288798      1.192090 
     1.450448      1.365597      1.486911      1.453211      1.163543      1.562902      1.067571      1.372574      1.280384      1.234780 
     1.449546      1.371461      1.484331      1.448531      1.153851      1.563860      1.082541      1.351052      1.262851      1.273704 
     1.448626      1.377436      1.481737      1.442819      1.144803      1.564851      1.100728      1.319280      1.236202      1.307423 
     1.447739      1.383374      1.479210      1.436058      1.136804      1.565901      1.120639      1.277641      1.200878      1.334757 
     1.446937      1.389110      1.476818      1.428281      1.130287      1.566998      1.140653      1.227204      1.158031      1.354707 
     1.446250      1.394481      1.474602      1.419582      1.125671      1.568085      1.159126      1.170089      1.109885      1.366439 
     1.445671      1.399334      1.472563      1.410130      1.123308      1.569040      1.174531      1.109846      1.060049      1.369342 
     1.445121      1.403556      1.470633      1.400157      1.123414      1.569669      1.185601      1.051669      1.013593      1.363098 
     1.444436      1.407087      1.468670      1.389939      1.126034      1.569718      1.191437      1.002122      0.976564      1.347740 
     1.443370      1.409936      1.466496      1.379760      1.131027      1.568929      1.191600      0.968093      0.954796      1.323661 
     1.441682      1.412157      1.463969      1.369885      1.138104      1.567126      1.186148      0.954871      0.951966      1.291568 
     1.439263      1.413843      1.461067      1.360549      1.146871      1.564288      1.175616      0.964019      0.968175      1.252505 
     1.436214      1.415101      1.457909      1.351963      1.156861      1.560572      1.160944      0.992668      0.999943      1.207952 
     1.432821      1.416038      1.454693      1.344316      1.167563      1.556235      1.143363      1.034831      1.041678      1.159992 
     1.429429      1.416752      1.451616      1.337761      1.178457      1.551552      1.124284      1.083727      1.087503      1.111440 
     1.426338      1.417323      1.448813      1.332402      1.189059      1.546738      1.105205      1.133507      1.132445      1.065794 
     1.423743      1.417815      1.446344      1.328278      1.198965      1.541923      1.087585      1.179981      1.172912      1.026976 
     1.421742      1.418280      1.444216      1.325374      1.207874      1.537156      1.072738      1.220575      1.206625      0.998828 
     1.420356      1.418755      1.442412      1.323638      1.215589      1.532444      1.061716      1.253946      1.232321      0.984297 
     1.419562      1.419268      1.440929      1.322998      1.221995      1.527791      1.055253      1.279568      1.249438      0.984655 
     1.419324      1.419836      1.439782      1.323377      1.227036      1.523232      1.053673      1.297348      1.257855      0.999078 
     1.419602      1.420472      1.438997      1.324707      1.230694      1.518843      1.056895      1.307404      1.257711      1.024956 
     1.420365      1.421185      1.438590      1.326926      1.232971      1.514727      1.064449      1.309931      1.249318      1.058708 
     1.421590      1.421979      1.438560      1.329978      1.233883      1.510999      1.075549      1.305158      1.233142      1.096657 
     1.423255      1.422849      1.438879      1.333809      1.233464      1.507766      1.089185      1.293357      1.209844      1.135551 
     1.425341      1.423789      1.439496      1.338364      1.231760      1.505112      1.104246      1.274890      1.180375      1.172774 
     1.427816      1.424784      1.440333      1.343585      1.228838      1.503092      1.119612      1.250290      1.146106      1.206321 
     1.430639      1.425812      1.441295      1.349405      1.224787      1.501720      1.134231      1.220364      1.108982      1.234692 
     1.433748      1.426843      1.442265      1.355747      1.219721      1.500963      1.147168      1.186304      1.071633      1.256757 
     1.437060      1.427837      1.443113      1.362522      1.213786      1.500736      1.157625      1.149818      1.037373      1.271664 
     1.440478      1.428742      1.443714      1.369630      1.207153      1.500903      1.164955      1.113204      1.009979      1.278783 
     1.443887      1.429495      1.443961      1.376960      1.200021      1.501300      1.168661      1.079319      0.993065      1.277703 
     1.447182      1.430024      1.443791      1.384396      1.192613      1.501768      1.168408      1.051389      0.989225      1.268252 
     1.450279      1.430245      1.443206      1.391811      1.185172      1.502193      1.164034      1.032559      0.999216      1.250565 
     1.453135      1.430063      1.442265      1.399070      1.177957      1.502538      1.155594      1.025212      1.021687      1.225169 
     1.455750      1.429380      1.441051      1.406035      1.171241      1.502848      1.143431      1.030260      1.053611      1.193093 
     1.458157      1.428092      1.439659      1.412557      1.165304      1.503232      1.128230      1.046823      1.091155      1.155982 
     1.460394      1.426104      1.438160      1.418491      1.160412      1.503823      1.111046      1.072407      1.130481      1.116202 
     1.462479      1.423332      1.436592      1.423708      1.156798      1.504737      1.093249      1.103607      1.168228      1.076864 
     1.464407      1.419711      1.434954      1.428102      1.154647      1.506045      1.076438      1.136896      1.201764      1.041733 
     1.466153      1.415197      1.433206      1.431601      1.154086      1.507759      1.062237      1.169126      1.229149      1.014835 
     1.467681      1.409761      1.431287      1.434168      1.155176      1.509856      1.052128      1.197852      1.249113      0.999759 
     1.468958      1.403394      1.429139      1.435802      1.157922      1.512314      1.047241      1.221318      1.260919      0.998777 
     1.469956      1.396100      1.426747      1.436528      1.162278      1.515135      1.048192      1.238354      1.264221      1.012171 
     1.470665      1.387904      1.424163      1.436389      1.168158      1.518367      1.055003      1.248245      1.258977      1.038216 
     1.471089      1.378855      1.421504      1.435449      1.175437      1.522080      1.067089      1.250610      1.245372      1.073759 
     1.471247      1.369038      1.418928      1.433787      1.183941      1.526354      1.083366      1.245375      1.223842      1.115077 
     1.471167      1.358583      1.416607      1.431498      1.193458      1.531242      1.102403      1.232777      1.195139      1.158557 
     1.470886      1.347659      1.414697      1.428693      1.203734      1.536755      1.122604      1.213424      1.160486      1.201078 
     1.470440      1.336479      1.413322      1.425493      1.214483      1.542843      1.142373      1.188380      1.121735      1.240134 
     1.469863      1.325289      1.412559      1.422030      1.225396      1.549382      1.160257      1.159242      1.081509      1.273827 
     1.469182      1.314357      1.412429      1.418435      1.236165      1.556174      1.175034      1.128179      1.043231      1.300796 
     1.468409      1.303956      1.412896      1.414836      1.246492      1.562958      1.185770      1.097886      1.010926      1.320143 
     1.467539      1.294348      1.413884      1.411345      1.256113      1.569446      1.191849      1.071410      0.988657      1.331344 
     1.466550      1.285770      1.415302      1.408059      1.264803      1.575372      1.192968      1.051782      0.979598      1.334175 
     1.465402      1.278429      1.417084      1.405056      1.272383      1.580557      1.189122      1.041500      0.985077      1.328640 
     1.464053      1.272502      1.419210      1.402400      1.278708      1.584939      1.180600      1.041975      1.004102      1.314917 
     1.462477      1.268131      1.421712      1.400140      1.283672      1.588565      1.167961      1.053153      1.033754      1.293358 
     1.460682      1.265418      1.424642      1.398311      1.287199      1.591552      1.152022      1.073525      1.070124      1.264537 
     1.458706      1.264422      1.428040      1.396945      1.289243      1.594023      1.133855      1.100547      1.109246      1.229332 
     1.456611      1.265145      1.431912      1.396060      1.289796      1.596065      1.114732      1.131230      1.147714      1.189034 
     1.454465      1.267539      1.436214      1.395667      1.288887      1.597711      1.096059      1.162677      1.182909      1.145467 
     1.452329      1.271511      1.440855      1.395762      1.286574      1.598926      1.079290      1.192434      1.212991      1.101092 
     1.450251      1.276933      1.445701      1.396337      1.282939      1.599618      1.065792      1.218620      1.236770      1.059048 
     1.448269      1.283662      1.450591      1.397374      1.278077      1.599651      1.056697      1.239903      1.253522      1.023060 
     1.446418      1.291549      1.455374      1.398850      1.272089      1.598871      1.052768      1.255404      1.262838      0.997043 
     1.444729      1.300456      1.459940      1.400736      1.265078      1.597144      1.054294      1.264571      1.264502      0.984369 
     1.443240      1.310253      1.464264      1.402998      1.257145      1.594402      1.061063      1.267069      1.258421      0.986914 
     1.441992      1.320817      1.468410      1.405591      1.248400      1.590673      1.072404      1.262708      1.244637      1.004437 
     1.441024      1.332021      1.472505      1.408461      1.238967      1.586081      1.087290      1.251432      1.223390      1.034650 
     1.440368      1.343724      1.476682      1.411538      1.229002      1.580812      1.104455      1.233360      1.195234      1.073943 
     1.440043      1.355766      1.481038      1.414733      1.218696      1.575068      1.122531      1.208880      1.161202      1.118330 
     1.440040      1.367963      1.485602      1.417941      1.208280      1.569029      1.140150      1.178762      1.122972      1.164071 
     1.440321      1.380120      1.490335      1.421041      1.198015      1.562827      1.156043      1.144289      1.083009      1.207991 
     1.440812      1.392039      1.495136      1.423904      1.188183      1.556538      1.169098      1.107372      1.044634      1.247554 
     1.441398      1.403531      1.499857      1.426402      1.179067      1.550184      1.178394      1.070629      1.011879      1.280807 
     1.441935      1.414432      1.504343      1.428406      1.170939      1.543748      1.183210      1.037344      0.988995      1.306285 
     1.442263      1.424606      1.508459      1.429803      1.164048      1.537208      1.183017      1.011236      0.979560      1.322912 
     1.442240      1.433942      1.512131      1.430489      1.158614      1.530571      1.177494      0.995929      0.985433      1.329911 
     1.441779      1.442347      1.515347      1.430380      1.154824      1.523892      1.166576      0.994154      1.006174      1.326746 
     1.440867      1.449737      1.518147      1.429413      1.152836      1.517287      1.150552      1.006929      1.039224      1.313090 
     1.439570      1.456025      1.520588      1.427563      1.152756      1.510915      1.130204      1.033177      1.080719      1.288878 
     1.437987      1.461128      1.522720      1.424848      1.154621      1.504959      1.106917      1.069985      1.126380      1.254454 
     1.436218      1.464979      1.524565      1.421350      1.158371      1.499591      1.082719      1.113371      1.172157      1.210821 
     1.434325      1.467541      1.526121      1.417208      1.163833      1.494940      1.060164      1.159103      1.214561      1.159927 
     1.432332      1.468825      1.527363      1.412608      1.170728      1.491062      1.042004      1.203319      1.250833      1.104931 
     1.430225      1.468888      1.528260      1.407767      1.178696      1.487916      1.030699      1.242910      1.278976      1.050353 
     1.427976      1.467825      1.528774      1.402897      1.187341      1.485375      1.027864      1.275665      1.297703      1.001975 
     1.425562      1.465757      1.528863      1.398190      1.196272      1.483260      1.033893      1.300223      1.306345      0.966203 
     1.422976      1.462813      1.528488      1.393802      1.205137      1.481418      1.047934      1.315919      1.304745      0.948652 
     1.420239      1.459117      1.527617      1.389854      1.213635      1.479817      1.068191      1.322574      1.293200      0.952173 
     1.417398      1.454786      1.526242      1.386434      1.221507      1.478594      1.092380      1.320325      1.272429      0.975584 
     1.414519      1.449931      1.524393      1.383606      1.228534      1.478018      1.118133      1.309528      1.243547      1.014200 
     1.411684      1.444661      1.522135      1.381408      1.234532      1.478378      1.143271      1.290740      1.208067      1.061762 
     1.408980      1.439084      1.519542      1.379853      1.239354      1.479888      1.165970      1.264747      1.167928      1.112278 
     1.406494      1.433298      1.516671      1.378934      1.242895      1.482641      1.184841      1.232616      1.125520      1.160972 
     1.404301      1.427395      1.513554      1.378620      1.245097      1.486609      1.198945      1.195719      1.083709      1.204543 
     1.402468      1.421447      1.510189      1.378866      1.245941      1.491656      1.207722      1.155788      1.045784      1.240916 
     1.401039      1.415512      1.506548      1.379620      1.245442      1.497576      1.210935      1.114982      1.015214      1.268945 
     1.400038      1.409628      1.502579      1.380826      1.243639      1.504127      1.208594      1.075892      0.995162      1.288118 
     1.399469      1.403821      1.498239      1.382431      1.240585      1.511060      1.200879      1.041471      0.987819      1.298351 
     1.399312      1.398106      1.493509      1.384382      1.236342      1.518168      1.188151      1.014879      0.993783      1.299782 
     1.399520      1.392491      1.488407      1.386630      1.230978      1.525308      1.170961      0.999010      1.011852      1.292665 
     1.400032      1.386986      1.482986      1.389124      1.224575      1.532420      1.150093      0.995835      1.039420      1.277316 
     1.400785      1.381603      1.477328      1.391813      1.217230      1.539513      1.126628      1.005786      1.073211      1.254172 
     1.401720      1.376355      1.471517      1.394634      1.209072      1.546650      1.102001      1.027597      1.109918      1.223847 
     1.402787      1.371261      1.465631      1.397523      1.200260      1.553905      1.077978      1.058644      1.146609      1.187270 
     1.403947      1.366337      1.459733      1.400396      1.191000      1.561328      1.056602      1.095652      1.180887      1.145928 
     1.405161      1.361595      1.453857      1.403168      1.181529      1.568921      1.039965      1.135341      1.210903      1.101990 
     1.406395      1.357040      1.447995      1.405742      1.172116      1.576634      1.029928      1.174852      1.235294      1.058489 
     1.407636      1.352657      1.442093      1.408023      1.163043      1.584389      1.027812      1.211897      1.253082      1.019336 
     1.408897      1.348416      1.436057      1.409912      1.154602      1.592107      1.034083      1.244748      1.263578      0.989010 
     1.410226      1.344277      1.429777      1.411318      1.147075      1.599736      1.048280      1.272172      1.266291      0.971812 
     1.411698      1.340190      1.423187      1.412149      1.140735      1.607279      1.069199      1.293237      1.260873      0.970757 
     1.413406      1.336106      1.416318      1.412319      1.135837      1.614790      1.095151      1.307253      1.247125      0.986519 
     1.415442      1.331985      1.409320      1.411751      1.132618      1.622340      1.124219      1.313641      1.225061      1.017218 
     1.417884      1.327812      1.402430      1.410377      1.131273      1.629986      1.154419      1.311877      1.195074      1.059172 
     1.420795      1.323593      1.395912      1.408157      1.131948      1.637734      1.183979      1.301616      1.158085      1.107947 
     1.424206      1.319374      1.389996      1.405084      1.134699      1.645521      1.211285      1.282713      1.115845      1.159266 
     1.428109      1.315238      1.384842      1.401186      1.139478      1.653201      1.234883      1.255330      1.071242      1.209485 
     1.432458      1.311298      1.380508      1.396536      1.146125      1.660551      1.253598      1.220116      1.028364      1.255618 
     1.437159      1.307690      1.376947      1.391242      1.154376      1.667287      1.266501      1.178343      0.992370      1.295361 
     1.442076      1.304555      1.374036      1.385436      1.163895      1.673090      1.272903      1.132058      0.968718      1.327011 
     1.447018      1.302033      1.371638      1.379263      1.174302      1.677663      1.272329      1.084228      0.961735      1.349392 
     1.451744      1.300244      1.369663      1.372871      1.185205      1.680797      1.264531      1.038853      0.972971      1.361791 
     1.455972      1.299291      1.368116      1.366406      1.196223      1.682390      1.249437      1.000778      1.000677      1.363912 
     1.459416      1.299248      1.367072      1.360013      1.206996      1.682446      1.227210      0.975063      1.040572      1.355793 
     1.461857      1.300160      1.366631      1.353827      1.217200      1.681049      1.198378      0.965709      1.087425      1.337761 
     1.463227      1.302038      1.366872      1.347976      1.226551      1.678344      1.164016      0.974185      1.136320      1.310395 
     1.463639      1.304859      1.367834      1.342579      1.234807      1.674514      1.125927      0.998751      1.183268      1.274579 
     1.463344      1.308568      1.369511      1.337741      1.241778      1.669756      1.086736      1.035120      1.225324      1.231625 
     1.462642      1.313086      1.371850      1.333551      1.247324      1.664233      1.049814      1.077955      1.260454      1.183405 
     1.461812      1.318312      1.374763      1.330072      1.251363      1.658053      1.018976      1.122220      1.287380      1.132490 
     1.461068      1.324143      1.378135      1.327340      1.253873      1.651256      0.997879      1.163901      1.305398      1.082221 
     1.460555      1.330477      1.381838      1.325365      1.254878      1.643831      0.989254      1.200232      1.314222      1.036692 
     1.460347      1.337231      1.385742      1.324138      1.254443      1.635741      0.994118      1.229503      1.313837      1.000466 
     1.460474      1.344332      1.389736      1.323636      1.252654      1.626958      1.011547      1.250849      1.304420      0.977880 
     1.460934      1.351722      1.393741      1.323829      1.249615      1.617498      1.039026      1.263961      1.286325      0.971910 
     1.461710      1.359346      1.397724      1.324680      1.245441      1.607456      1.073209      1.268852      1.260141      0.983102 
     1.462786      1.367145      1.401688      1.326144      1.240266      1.597025      1.110644      1.265729      1.226770      1.009259 
     1.464137      1.375042      1.405655      1.328170      1.234251      1.586467      1.148214      1.254963      1.187543      1.046217 
     1.465737      1.382946      1.409630      1.330694      1.227582      1.576060      1.183361      1.237113      1.144344      1.089144 
     1.467552      1.390754      1.413591      1.333636      1.220469      1.566038      1.214118      1.212988      1.099728      1.133578 
     1.469542      1.398356      1.417475      1.336909      1.213141      1.556548      1.239103      1.183719      1.056968      1.175925 
     1.471658      1.405644      1.421188      1.340420      1.205831      1.547635      1.257417      1.150786      1.019949      1.213585 
     1.473850      1.412521      1.424618      1.344076      1.198763      1.539264      1.268556      1.116074      0.992734      1.244825 
     1.476067      1.418905      1.427671      1.347791      1.192143      1.531350      1.272310      1.081835      0.978797      1.268605 
     1.478260      1.424728      1.430302      1.351490      1.186162      1.523804      1.268686      1.050690      0.980001      1.284318 
     1.480398      1.429929      1.432531      1.355101      1.180990      1.516596      1.257874      1.025519      0.996020      1.291669 
     1.482465      1.434458      1.434444      1.358564      1.176787      1.509746      1.240211      1.008931      1.024528      1.290569 
     1.484471      1.438270      1.436152      1.361824      1.173696      1.503319      1.216286      1.002893      1.061906      1.281027 
     1.486448      1.441324      1.437770      1.364837      1.171838      1.497416      1.187029      1.008170      1.104242      1.263175 
     1.488437      1.443591      1.439387      1.367570      1.171307      1.492156      1.153795      1.024009      1.147996      1.237357 
     1.490468      1.445050      1.441060      1.370004      1.172161      1.487650      1.118501      1.048420      1.190270      1.204254 
     1.492531      1.445704      1.442806      1.372138      1.174413      1.483971      1.083617      1.078581      1.228819      1.165068 
     1.494571      1.445572      1.444607      1.373991      1.178024      1.481121      1.052116      1.111502      1.261975      1.121719 
     1.496484      1.444698      1.446402      1.375600      1.182905      1.479016      1.027178      1.144447      1.288543      1.077023 
     1.498141      1.443141      1.448093      1.377018      1.188929      1.477490      1.011695      1.175181      1.307674      1.034780 
     1.499419      1.440973      1.449549      1.378314      1.195942      1.476330      1.007614      1.202007      1.318770      0.999610 
     1.500241      1.438269      1.450622      1.379571      1.203777      1.475334      1.015441      1.223721      1.321377      0.976348 
     1.500597      1.435104      1.451195      1.380875      1.212263      1.474385      1.034156      1.239504      1.315143      0.968941 
     1.500540      1.431553      1.451228      1.382315      1.221225      1.473498      1.061546      1.248790      1.299820      0.979159 
     1.500159      1.427695      1.450792      1.383976      1.230479      1.472824      1.094764      1.251194      1.275329      1.005915 
     1.499563      1.423614      1.450059      1.385935      1.239820      1.472605      1.130834      1.246501      1.241911      1.045721 
     1.498853      1.419405      1.449250      1.388257      1.249018      1.473081      1.166985      1.234719      1.200323      1.093860 
     1.498121      1.415171      1.448574      1.390983      1.257821      1.474431      1.200820      1.216179      1.152097      1.145531 
     1.497441      1.411017      1.448177      1.394136      1.265970      1.476729      1.230402      1.191650      1.099839      1.196522 
     1.496868      1.407045      1.448110      1.397711      1.273216      1.479938      1.254268      1.162418      1.047467      1.243464 
     1.496439      1.403341      1.448329      1.401688      1.279336      1.483917      1.271414      1.130317      1.000257      1.283839 
     1.496168      1.399973      1.448703      1.406033      1.284153      1.488449      1.281244      1.097709      0.964396      1.315877 
     1.496047      1.396985      1.449067      1.410706      1.287533      1.493294      1.283490      1.067359      0.945700      1.338416 
     1.496042      1.394408      1.449296      1.415666      1.289381      1.498253      1.278137      1.042234      0.947693      1.350801 
     1.496098      1.392257      1.449359      1.420869      1.289637      1.503212      1.265383      1.025115      0.970087      1.352760 
     1.496145      1.390544      1.449325      1.426265      1.288263      1.508146      1.245669      1.018087      1.008953      1.344320 
     1.496106      1.389271      1.449308      1.431797      1.285253      1.513083      1.219775      1.021980      1.058434      1.325784 
     1.495906      1.388433      1.449415      1.437389      1.280639      1.518058      1.188949      1.036068      1.112540      1.297736 
     1.495478      1.388013      1.449711      1.442958      1.274500      1.523070      1.154998      1.058214      1.166211      1.261125 
     1.494755      1.387980      1.450209      1.448415      1.266969      1.528073      1.120312      1.085425      1.215643      1.217398 
     1.493667      1.388287      1.450880      1.453668      1.258227      1.532969      1.087720      1.114483      1.258236      1.168616 
     1.492141      1.388876      1.451642      1.458635      1.248488      1.537628      1.060231      1.142502      1.292352      1.117546 
     1.490115      1.389682      1.452383      1.463240      1.237989      1.541902      1.040579      1.167199      1.317110      1.067729 
     1.487556      1.390632      1.452959      1.467424      1.226967      1.545658      1.030689      1.186981      1.332148      1.023421 
     1.484468      1.391653      1.453221      1.471134      1.215657      1.548794      1.031262      1.200899      1.337430      0.989235 
     1.480889      1.392674      1.453043      1.474320      1.204279      1.551257      1.041653      1.208533      1.333113      0.969361 
     1.476878      1.393623      1.452365      1.476931      1.193047      1.553058      1.060097      1.209859      1.319488      0.966399 
     1.472495      1.394429      1.451215      1.478910      1.182180      1.554275      1.084183      1.205140      1.296991      0.980392 
     1.467793      1.395020      1.449700      1.480185      1.171910      1.555041      1.111299      1.194869      1.266266      1.008782 
     1.462813      1.395322      1.447966      1.480678      1.162489      1.555517      1.138968      1.179768      1.228246      1.047316 
     1.457584      1.395266      1.446148      1.480302      1.154180      1.555855      1.165036      1.160797      1.184287      1.091302 
     1.452121      1.394786      1.444342      1.478980      1.147242      1.556171      1.187749      1.139192      1.136334      1.136509 
     1.446425      1.393828      1.442593      1.476641      1.141905      1.556520      1.205758      1.116460      1.087110      1.179564 
     1.440483      1.392350      1.440889      1.473231      1.138357      1.556888      1.218102      1.094347      1.040256      1.217992 
     1.434266      1.390326      1.439173      1.468712      1.136724      1.557195      1.224157      1.074728      1.000264      1.250073 
     1.427736      1.387744      1.437359      1.463061      1.137072      1.557319      1.223587      1.059457      0.972030      1.274673 
     1.420857      1.384606      1.435369      1.456270      1.139403      1.557137      1.216303      1.050152      0.959803      1.291073 
     1.413608      1.380927      1.433166      1.448345      1.143670      1.556588      1.202456      1.047962      0.965836      1.298818 
     1.406001      1.376736      1.430790      1.439312      1.149772      1.555720      1.182478      1.053376      0.989502      1.297616 
     1.398096      1.372084      1.428357      1.429234      1.157553      1.554689      1.157189      1.066098      1.027556      1.287282 
     1.390012      1.367045      1.426026      1.418231      1.166782      1.553719      1.127938      1.085059      1.075308      1.267773 
     1.381914      1.361722      1.423973      1.406482      1.177159      1.553041      1.096747      1.108576      1.127912      1.239325 
     1.373996      1.356242      1.422359      1.394230      1.188303      1.552844      1.066327      1.134594      1.181062      1.202634 
     1.366452      1.350744      1.421314      1.381772      1.199782      1.553237      1.039905      1.160980      1.231311      1.159084 
     1.359451      1.345373      1.420915      1.369427      1.211138      1.554236      1.020790      1.185775      1.276106      1.110974 
     1.353125      1.340259      1.421180      1.357510      1.221927      1.555765      1.011692      1.207352      1.313696      1.061694 
     1.347579      1.335512      1.422064      1.346307      1.231751      1.557670      1.014028      1.224481      1.342975      1.015785 
     1.342900      1.331214      1.423461      1.336063      1.240272      1.559748      1.027547      1.236301      1.363303      0.978662 
     1.339177      1.327423      1.425234      1.326968      1.247227      1.561783      1.050484      1.242253      1.374361      0.955740 
     1.336499      1.324178      1.427259      1.319170      1.252417      1.563618      1.080148      1.242016      1.376031      0.950958 
     1.334956      1.321503      1.429469      1.312784      1.255696      1.565230      1.113623      1.235462      1.368293      0.965137 
     1.334620      1.319418      1.431875      1.307903      1.256967      1.566742      1.148165      1.222659      1.351242      0.995764 
     1.335544      1.317940      1.434551      1.304598      1.256177      1.568371      1.181429      1.203937      1.325128      1.038011 
     1.337741      1.317078      1.437587      1.302913      1.253329      1.570337      1.211534      1.179991      1.290443      1.086336 
     1.341185      1.316836      1.441053      1.302847      1.248495      1.572782      1.237014      1.151954      1.248066      1.135751 
     1.345807      1.317204      1.444976      1.304357      1.241818      1.575746      1.256811      1.121487      1.199423      1.182310 
     1.351503      1.318152      1.449328      1.307345      1.233510      1.579155      1.270221      1.090777      1.146664      1.223175 
     1.358144      1.319637      1.454027      1.311667      1.223849      1.582834      1.276826      1.062423      1.092834      1.256458 
     1.365595      1.321595      1.458941      1.317146      1.213157      1.586539      1.276452      1.039205      1.041981      1.280998 
     1.373731      1.323947      1.463897      1.323580      1.201788      1.589990      1.269122      1.023669      0.999024      1.296147 
     1.382452      1.326603      1.468712      1.330761      1.190104      1.592928      1.255022      1.017631      0.969160      1.301609 
     1.391684      1.329466      1.473237      1.338484      1.178476      1.595171      1.234521      1.021772      0.956616      1.297323 
     1.401372      1.332431      1.477388      1.346546      1.167281      1.596647      1.208226      1.035489      0.963171      1.283454 
     1.411458      1.335383      1.481158      1.354746      1.156901      1.597394      1.177095      1.057076      0.987358      1.260460 
     1.421850      1.338201      1.484591      1.362879      1.147732      1.597515      1.142575      1.084071      1.025002      1.229178 
     1.432412      1.340759      1.487734      1.370737      1.140161      1.597119      1.106734      1.113730      1.070724      1.190967 
     1.442960      1.342938      1.490600      1.378122      1.134528      1.596264      1.072263      1.143383      1.119316      1.147828 
     1.453282      1.344639      1.493153      1.384867      1.131098      1.594942      1.042322      1.170694      1.166500      1.102507 
     1.463174      1.345794      1.495309      1.390855      1.130028      1.593068      1.020122      1.193802      1.209135      1.058512 
     1.472478      1.346368      1.496944      1.396022      1.131363      1.590504      1.008350      1.211382      1.245059      1.019955 
     1.481106      1.346370      1.497915      1.400360      1.135043      1.587095      1.008513      1.222595      1.272934      0.991221 
     1.489056      1.345839      1.498093      1.403905      1.140934      1.582713      1.020555      1.227020      1.291982      0.976127 
     1.496389      1.344847      1.497403      1.406724      1.148839      1.577303      1.042930      1.224583      1.301822      0.976881 
     1.503195      1.343489      1.495849      1.408900      1.158518      1.570909      1.073064      1.215496      1.302363      0.993328 
     1.509564      1.341884      1.493518      1.410526      1.169689      1.563667      1.107939      1.200250      1.293753      1.022974 
     1.515561      1.340169      1.490546      1.411694      1.182029      1.555764      1.144553      1.179647      1.276379      1.061822 
     1.521217      1.338496      1.487086      1.412498      1.195180      1.547398      1.180191      1.154873      1.250907      1.105446 
     1.526536      1.337023      1.483270      1.413029      1.208765      1.538746      1.212552      1.127548      1.218362      1.149784 
     1.531497      1.335905      1.479204      1.413373      1.222412      1.529942      1.239801      1.099739      1.180232      1.191491 
     1.536060      1.335287      1.474947      1.413607      1.235764      1.521068      1.260531      1.073840      1.138578      1.228050 
     1.540179      1.335295      1.470519      1.413801      1.248512      1.512150      1.273750      1.052385      1.096122      1.257676 
     1.543808      1.336033      1.465889      1.414016      1.260398      1.503158      1.278831      1.037696      1.056247      1.279192 
     1.546917      1.337580      1.460989      1.414304      1.271220      1.494026      1.275467      1.031475      1.022826      1.291894 
     1.549501      1.340000      1.455726      1.414709      1.280828      1.484672      1.263642      1.034445      0.999746      1.295424 
     1.551594      1.343335      1.450019      1.415269      1.289115      1.475044      1.243625      1.046210      0.990087      1.289700 
     1.553260      1.347616      1.443835      1.416017      1.296000      1.465168      1.216005      1.065382      0.995232      1.274887 
     1.554581      1.352856      1.437221      1.416979      1.301420      1.455171      1.181782      1.089892      1.014366      1.251427 
     1.555648      1.359045      1.430306      1.418172      1.305321      1.445280      1.142525      1.117352      1.044743      1.220093 
     1.556533      1.366150      1.423273      1.419606      1.307666      1.435762      1.100542      1.145376      1.082514      1.182118 
     1.557288      1.374110      1.416308      1.421278      1.308434      1.426868      1.058991      1.171802      1.123654      1.139335 
     1.557935      1.382843      1.409570      1.423176      1.307632      1.418770      1.021799      1.194829      1.164623      1.094320 
     1.558470      1.392257      1.403158      1.425277      1.305290      1.411543      0.993275      1.213092      1.202643      1.050443 
     1.558875      1.402272      1.397105      1.427552      1.301455      1.405182      0.977280      1.225651      1.235754      1.011821 
     1.559130      1.412823      1.391391      1.429964      1.296180      1.399660      0.976251      1.231978      1.262667      0.982957 
     1.559221      1.423871      1.385970      1.432473      1.289519      1.395004      0.990331      1.231814      1.282561      0.967897 
     1.559143      1.435392      1.380819      1.435033      1.281526      1.391350      1.017498      1.225132      1.294907      0.969167 
     1.558898      1.447365      1.375976      1.437586      1.272260      1.388946      1.054278      1.212069      1.299333      0.986858 
     1.558481      1.459753      1.371544      1.440059      1.261808      1.388107      1.096715      1.192958      1.295577      1.018582 
     1.557879      1.472485      1.367674      1.442356      1.250302      1.389145      1.141080      1.168424      1.283512      1.060314 
     1.557063      1.485445      1.364530      1.444364      1.237937      1.392283      1.184208      1.139529      1.263231      1.107506 
     1.555980      1.498476      1.362258      1.445951      1.224972      1.397604      1.223593      1.107901      1.235180      1.155953 
     1.554555      1.511389      1.360971      1.446980      1.211724      1.405029      1.257372      1.075811      1.200286      1.202186 
     1.552691      1.523973      1.360732      1.447308      1.198556      1.414323      1.284237      1.046113      1.160093      1.243565 
     1.550283      1.536013      1.361553      1.446799      1.185852      1.425128      1.303354      1.021998      1.116881      1.278205 
     1.547240      1.547307      1.363395      1.445329      1.174001      1.437020      1.314250      1.006468      1.073734      1.304828 
     1.543511      1.557671      1.366168      1.442790      1.163370      1.449583      1.316736      1.001691      1.034489      1.322612 
     1.539111      1.566949      1.369755      1.439098      1.154290      1.462467      1.310841      1.008417      1.003441      1.331040 
     1.534120      1.575013      1.374036      1.434191      1.147044      1.475442      1.296769      1.025778      0.984648      1.329805 
     1.528670      1.581766      1.378934      1.428039      1.141858      1.488402      1.274917      1.051580      0.980883      1.318787 
     1.522915      1.587133      1.384429      1.420652      1.138891      1.501341      1.245931      1.082900      0.992677      1.298105 
     1.517005      1.591074      1.390546      1.412093      1.138220      1.514296      1.210830      1.116655      1.018068      1.268235 
     1.511070      1.593575      1.397312      1.402489      1.139822      1.527285      1.171154      1.150013      1.053264      1.230162 
     1.505203      1.594667      1.404703      1.392029      1.143566      1.540256      1.129076      1.180590      1.093738      1.185524 
     1.499443      1.594422      1.412614      1.380957      1.149214      1.553071      1.087438      1.206535      1.135184      1.136739 
     1.493774      1.592946      1.420863      1.369542      1.156442      1.565526      1.049633      1.226539      1.174058      1.087088 
     1.488125      1.590366      1.429216      1.358055      1.164885      1.577382      1.019267      1.239771      1.207746      1.040662 
     1.482387      1.586814      1.437406      1.346736      1.174167      1.588394      0.999574      1.245797      1.234493      1.002115 
     1.476453      1.582409      1.445184      1.335787      1.183942      1.598358      0.992700      1.244518      1.253237      0.976031 
     1.470249      1.577244      1.452358      1.325369      1.193909      1.607143      0.999138      1.236079      1.263449      0.965886 
     1.463762      1.571387      1.458821      1.315615      1.203810      1.614721      1.017621      1.220855      1.264994      0.972923 
     1.457039      1.564884      1.464561      1.306651      1.213416      1.621163      1.045541      1.199466      1.258055      0.995662 
     1.450162      1.557770      1.469639      1.298602      1.222515      1.626608      1.079639      1.172851      1.243096      1.030459 
     1.443233      1.550078      1.474143      1.291598      1.230907      1.631206      1.116605      1.142351      1.220852      1.072649 
     1.436345      1.541841      1.478155      1.285768      1.238401      1.635070      1.153519      1.109814      1.192394      1.117704 
     1.429580      1.533089      1.481730      1.281228      1.244830      1.638258      1.187978      1.077599      1.159172      1.161785 
     1.422996      1.523855      1.484901      1.278066      1.250056      1.640766      1.218136      1.048490      1.123113      1.201964 
     1.416636      1.514161      1.487670      1.276349      1.253971      1.642543      1.242652      1.025441      1.086660      1.236136 
     1.410529      1.504020      1.490017      1.276116      1.256501      1.643511      1.260610      1.011151      1.052782      1.262878 
     1.404704      1.493432      1.491899      1.277387      1.257598      1.643591      1.271438      1.007506      1.024820      1.281252 
     1.399204      1.482389      1.493264      1.280167      1.257235      1.642727      1.274840      1.015115      1.006104      1.290657 
     1.394086      1.470880      1.494055      1.284450      1.255401      1.640912      1.270735      1.033160      0.999302      1.290715 
     1.389427      1.458903      1.494233      1.290218      1.252104      1.638193      1.259262      1.059649      1.005717      1.281246 
     1.385316      1.446480      1.493781      1.297428      1.247384      1.634681      1.240806      1.091881      1.024842      1.262295 
     1.381846      1.433673      1.492708      1.306003      1.241318      1.630539      1.216092      1.126898      1.054473      1.234230 
     1.379104      1.420587      1.491042      1.315809      1.234046      1.625953      1.186318      1.161849      1.091298      1.197932 
     1.377152      1.407377      1.488812      1.326650      1.225773      1.621089      1.153263      1.194185      1.131601      1.155020 
     1.376012      1.394228      1.486040      1.338269      1.216770      1.616060      1.119330      1.221787      1.171877      1.108070 
     1.375663      1.381334      1.482722      1.350369      1.207354      1.610887      1.087413      1.243050      1.209195      1.060753 
     1.376048      1.368866      1.478830      1.362636      1.197866      1.605498      1.060593      1.256912      1.241351      1.017750 
     1.377083      1.356952      1.474311      1.374780      1.188629      1.599743      1.041623      1.262818      1.266873      0.984291 
     1.378688      1.345670      1.469111      1.386551      1.179933      1.593464      1.032415      1.260671      1.284910      0.965141 
     1.380806      1.335050      1.463210      1.397752      1.172028      1.586581      1.033612      1.250740      1.295072      0.963212 
     1.383404      1.325095      1.456654      1.408225      1.165120      1.579161      1.044480      1.233594      1.297282      0.978499 
     1.386464      1.315805      1.449560      1.417844      1.159376      1.571416      1.063105      1.210066      1.291673      1.008104 
     1.389971      1.307185      1.442091      1.426498      1.154931      1.563652      1.086941      1.181333      1.278555      1.047370 
     1.393891      1.299264      1.434421      1.434099      1.151876      1.556181      1.113303      1.148959      1.258446      1.091324 
     1.398162      1.292085      1.426707      1.440576      1.150248      1.549254      1.139676      1.114904      1.232118      1.135661 
     1.402695      1.285700      1.419075      1.445886      1.150036      1.543024      1.163980      1.081521      1.200581      1.177045 
     1.407375      1.280172      1.411612      1.450014      1.151175      1.537551      1.184629      1.051478      1.165230      1.213195 
     1.412079      1.275562      1.404365      1.452971      1.153558      1.532805      1.200556      1.027516      1.127865      1.242661 
     1.416689      1.271934      1.397349      1.454787      1.157057      1.528692      1.211086      1.012072      1.090743      1.264591 
     1.421111      1.269349      1.390547      1.455502      1.161527      1.525083      1.215861      1.006839      1.056558      1.278509 
     1.425299      1.267866      1.383927      1.455165      1.166822      1.521847      1.214752      1.012308      1.028321      1.284163 
     1.429258      1.267540      1.377455      1.453824      1.172798      1.518879      1.207810      1.027692      1.009026      1.281418 
     1.433033      1.268430      1.371129      1.451528      1.179318      1.516127      1.195264      1.051148      1.001080      1.270228 
     1.436696      1.270580      1.365000      1.448326      1.186252      1.513589      1.177557      1.080201      1.005647      1.250679 
     1.440319      1.274024      1.359200      1.444271      1.193469      1.511314      1.155426      1.112212      1.022277      1.223092 
     1.443953      1.278778      1.353926      1.439427      1.200837      1.509363      1.130027      1.144700      1.048966      1.188188 
     1.447621      1.284832      1.349410      1.433873      1.208221      1.507771      1.103001      1.175441      1.082750      1.147317 
     1.451313      1.292133      1.345865      1.427709      1.215478      1.506520      1.076484      1.202540      1.120279      1.102682 
     1.454988      1.300595      1.343444      1.421052      1.222470      1.505525      1.053037      1.224480      1.158345      1.057521 
     1.458587      1.310105      1.342204      1.414032      1.229066      1.504640      1.035355      1.240113      1.194191      1.016099 
     1.462044      1.320532      1.342110      1.406781      1.235152      1.503691      1.025798      1.248633      1.225605      0.983418 
     1.465303      1.331746      1.343061      1.399427      1.240633      1.502525      1.025868      1.249537      1.250925      0.964353 
     1.468331      1.343622      1.344953      1.392091      1.245433      1.501058      1.035869      1.242592      1.269016      0.962298 
     1.471120      1.356044      1.347748      1.384885      1.249493      1.499296      1.054845      1.227840      1.279179      0.977865 
     1.473671      1.368889      1.351483      1.377927      1.252753      1.497350      1.080862      1.205650      1.281081      1.008741 
     1.475990      1.382018      1.356246      1.371337      1.255161      1.495378      1.111418      1.176832      1.274707      1.050573 
     1.478064      1.395274      1.362125      1.365243      1.256670      1.493534      1.143838      1.142775      1.260337      1.098300 
     1.479857      1.408485      1.369159      1.359770      1.257242      1.491935      1.175584      1.105583      1.238572      1.147266 
     1.481300      1.421480      1.377327      1.355026      1.256861      1.490632      1.204460      1.068125      1.210378      1.193702 
     1.482309      1.434103      1.386552      1.351100      1.255529      1.489614      1.228703      1.033936      1.177140      1.234833 
     1.482786      1.446224      1.396717      1.348052      1.253272      1.488816      1.246986      1.006877      1.140724      1.268766 
     1.482647      1.457749      1.407685      1.345912      1.250132      1.488147      1.258405      0.990491      1.103517      1.294306 
     1.481847      1.468613      1.419309      1.344691      1.246168      1.487535      1.262438      0.987134      1.068438      1.310751 
     1.480393      1.478773      1.431443      1.344378      1.241450      1.486954      1.258896      0.997285      1.038821      1.317715 
     1.478340      1.488199      1.443955      1.344945      1.236068      1.486442      1.247908      1.019411      1.018071      1.315036 
     1.475775      1.496865      1.456735      1.346349      1.230130      1.486090      1.229902      1.050489      1.009018      1.302744 
     1.472792      1.504739      1.469692      1.348529      1.223768      1.486032      1.205630      1.086830      1.013129      1.281110 
     1.469474      1.511781      1.482753      1.351401      1.217145      1.486429      1.176237      1.124793      1.029987      1.250752 
     1.465885      1.517942      1.495849      1.354863      1.210451      1.487452      1.143354      1.161210      1.057358      1.212757 
     1.462061      1.523169      1.508885      1.358786      1.203898      1.489257      1.109160      1.193524      1.091835      1.168813 
     1.458013      1.527408      1.521735      1.363032      1.197707      1.491941      1.076374      1.219837      1.129663      1.121372 
     1.453730      1.530616      1.534242      1.367459      1.192089      1.495511      1.048073      1.238869      1.167404      1.073745 
     1.449186      1.532761      1.546233      1.371934      1.187231      1.499874      1.027316      1.249889      1.202288      1.030082 
     1.444361      1.533823      1.557547      1.376343      1.183288      1.504852      1.016577      1.252624      1.232301      0.995104 
     1.439256      1.533794      1.568055      1.380597      1.180373      1.510243      1.017194      1.247165      1.256100      0.973347 
     1.433904      1.532670      1.577690      1.384635      1.178566      1.515890      1.029025      1.233889      1.272859      0.968018 
     1.428376      1.530453      1.586456      1.388415      1.177915      1.521751      1.050543      1.213423      1.282099      0.979879 
     1.422765      1.527148      1.594411      1.391913      1.178437      1.527900      1.079272      1.186682      1.283572      1.006931 
     1.417171      1.522772      1.601640      1.395114      1.180123      1.534482      1.112326      1.154957      1.277216      1.045181 
     1.411687      1.517357      1.608214      1.398017      1.182925      1.541627      1.146868      1.120045      1.263155      1.089887 
     1.406385      1.510953      1.614176      1.400629      1.186755      1.549398      1.180396      1.084320      1.241736      1.136593 
     1.401303      1.503629      1.619545      1.402968      1.191492      1.557764      1.210903      1.050726      1.213617      1.181691 
     1.396447      1.495460      1.624319      1.405061      1.196990      1.566606      1.236886      1.022573      1.179831      1.222513 
     1.391798      1.486525      1.628473      1.406942      1.203088      1.575737      1.257295      1.003113      1.141882      1.257231 
     1.387333      1.476894      1.631973      1.408650      1.209620      1.584945      1.271429      0.994880      1.101848      1.284655 
     1.383053      1.466627      1.634764      1.410223      1.216426      1.594015      1.278865      0.999069      1.062495      1.304031 
     1.379004      1.455777      1.636774      1.411698      1.223354      1.602748      1.279348      1.015164      1.027266      1.314858 
     1.375280      1.444388      1.637906      1.413108      1.230257      1.610968      1.272745      1.041174      1.000062      1.316771 
     1.372016      1.432500      1.638055      1.414483      1.236994      1.618536      1.259022      1.074222      0.984623      1.309485 
     1.369353      1.420159      1.637122      1.415843      1.243426      1.625383      1.238282      1.111205      0.983593      1.292810 
     1.367431      1.407428      1.635041      1.417203      1.249407      1.631539      1.210854      1.149239      0.997651      1.266752 
     1.366365      1.394395      1.631802      1.418563      1.254787      1.637126      1.177445      1.185837      1.025210      1.231661 
     1.366237      1.381189      1.627442      1.419914      1.259404      1.642301      1.139355      1.218934      1.062965      1.188480 
     1.367078      1.367983      1.622037      1.421232      1.263096      1.647188      1.098693      1.246855      1.106807      1.139037 
     1.368857      1.354987      1.615668      1.422482      1.265704      1.651820      1.058483      1.268267      1.152639      1.086330 
     1.371484      1.342426      1.608397      1.423619      1.267088      1.656123      1.022628      1.282168      1.196874      1.034723 
     1.374822      1.330516      1.600238      1.424596      1.267139      1.659942      0.995435      1.287869      1.236654      0.989866 
     1.378716      1.319444      1.591147      1.425368      1.265776      1.663100      0.980771      1.284957      1.269861      0.958040 
     1.383040      1.309360      1.581047      1.425889      1.262943      1.665482      0.981018      1.273274      1.295050      0.944692 
     1.387713      1.300388      1.569875      1.426118      1.258607      1.667091      0.996287      1.252911      1.311321      0.952477 
     1.392694      1.292644      1.557647      1.426012      1.252760      1.668049      1.024467      1.224325      1.318199      0.980090 
     1.397951      1.286243      1.544493      1.425535      1.245440      1.668537      1.061874      1.188495      1.315557      1.022878 
     1.403426      1.281293      1.530637      1.424658      1.236756      1.668724      1.104200      1.147163      1.303568      1.074645 
     1.409009      1.277870      1.516357      1.423363      1.226902      1.668708      1.147289      1.103015      1.282739      1.129355 
     1.414535      1.275998      1.501940      1.421647      1.216151      1.668491      1.187600      1.059722      1.253948      1.182057 
     1.419811      1.275634      1.487640      1.419517      1.204840      1.667987      1.222412      1.021710      1.218495      1.229176 
     1.424643      1.276672      1.473646      1.416981      1.193337      1.667042      1.249833      0.993551      1.178116      1.268402 
     1.428882      1.278953      1.460071      1.414051      1.182012      1.665488      1.268731      0.978989      1.135003      1.298437 
     1.432457      1.282290      1.446953      1.410730      1.171220      1.663191      1.278606      0.979844      1.091838      1.318689 
     1.435390      1.286479      1.434264      1.407013      1.161295      1.660089      1.279452      0.995413      1.051803      1.329001 
     1.437763      1.291321      1.421938      1.402889      1.152542      1.656199      1.271635      1.022781      1.018437      1.329471 
     1.439690      1.296628      1.409905      1.398344      1.145231      1.651596      1.255798      1.057845      0.995200      1.320360 
     1.441283      1.302236      1.398128      1.393362      1.139589      1.646383      1.232811      1.096408      0.984774      1.302086 
     1.442630      1.308003      1.386654      1.387934      1.135790      1.640675      1.203785      1.134832      0.988233      1.275271 
     1.443787      1.313819      1.375623      1.382064      1.133948      1.634576      1.170141      1.170276      1.004660      1.240838 
     1.444777      1.319603      1.365247      1.375778      1.134099      1.628170      1.133718      1.200637      1.031392      1.200117 
     1.445593      1.325304      1.355762      1.369124      1.136201      1.621504      1.096862      1.224447      1.064847      1.155017 
     1.446198      1.330898      1.347365      1.362180      1.140131      1.614580      1.062418      1.240762      1.101334      1.108103 
     1.446538      1.336388      1.340180      1.355045      1.145688      1.607349      1.033527      1.249048      1.137642      1.062702 
     1.446553      1.341796      1.334237      1.347832      1.152621      1.599708      1.013228      1.249130      1.171278      1.022822 
     1.446201      1.347166      1.329491      1.340659      1.160647      1.591526      1.003849      1.241141      1.200479      0.992750 
     1.445479      1.352552      1.325860      1.333643      1.169477      1.582674      1.006428      1.225492      1.224121      0.976286 
     1.444436      1.358013      1.323290      1.326902      1.178827      1.573082      1.020438      1.202869      1.241574      0.975675 
     1.443166      1.363603      1.321786      1.320553      1.188426      1.562788      1.043968      1.174278      1.252559      0.990795 
     1.441782      1.369366      1.321421      1.314718      1.198010      1.551946      1.074257      1.141140      1.257023      1.019145 
     1.440394      1.375333      1.322299      1.309520      1.207325      1.540793      1.108257      1.105393      1.255091      1.056745 
     1.439082      1.381517      1.324510      1.305082      1.216125      1.529589      1.143115      1.069601      1.247006      1.099200 
     1.437882      1.387921      1.328103      1.301513      1.224185      1.518567      1.176408      1.036907      1.233133      1.142532 
     1.436789      1.394541      1.333077      1.298907      1.231313      1.507913      1.206245      1.010797      1.213989      1.183575 
     1.435765      1.401372      1.339393      1.297332      1.237354      1.497769      1.231239      0.994571      1.190271      1.220016 
     1.434770      1.408417      1.346978      1.296836      1.242190      1.488268      1.250424      0.990606      1.162884      1.250264 
     1.433787      1.415682      1.355747      1.297453      1.245734      1.479570      1.263127      0.999697      1.133036      1.273267 
     1.432843      1.423174      1.365608      1.299196      1.247923      1.471874      1.268873      1.020837      1.102313      1.288331 
     1.432005      1.430898      1.376461      1.302070      1.248715      1.465403      1.267310      1.051582      1.072730      1.294985 
     1.431363      1.438852      1.388204      1.306058      1.248088      1.460364      1.258193      1.088751      1.046680      1.292915 
     1.431010      1.447025      1.400730      1.311128      1.246043      1.456924      1.241425      1.129109      1.026753      1.281964 
     1.431028      1.455391      1.413935      1.317227      1.242610      1.455195      1.217136      1.169767      1.015293      1.262175 
     1.431472      1.463910      1.427708      1.324274      1.237849      1.455229      1.185826      1.208342      1.013877      1.233888 
     1.432366      1.472519      1.441930      1.332164      1.231862      1.457025      1.148571      1.242951      1.022855      1.197920 
     1.433700      1.481130      1.456451      1.340757      1.224799      1.460521      1.107256      1.272126      1.041213      1.155803 
     1.435430      1.489625      1.471086      1.349880      1.216861      1.465559      1.064803      1.294732      1.066768      1.110062 
     1.437475      1.497861      1.485614      1.359334      1.208303      1.471865      1.025216      1.309908      1.096685      1.064425 
     1.439739      1.505679      1.499786      1.368902      1.199420      1.479041      0.993268      1.317050      1.127995      1.023784 
     1.442134      1.512923      1.513362      1.378379      1.190527      1.486633      0.973662      1.315791      1.157971      0.993655 
     1.444609      1.519445      1.526142      1.387573      1.181940      1.494241      0.969699      1.306001      1.184374      0.978998 
     1.447165      1.525108      1.537991      1.396321      1.173965      1.501643      0.982126      1.287795      1.205530      0.982638 
     1.449840      1.529790      1.548853      1.404483      1.166893      1.508835      1.008903      1.261601      1.220327      1.004168 
     1.452678      1.533375      1.558722      1.411928      1.160993      1.515959      1.045979      1.228241      1.228178      1.040131 
     1.455697      1.535768      1.567613      1.418545      1.156505      1.523186      1.088570      1.189051      1.228959      1.085340 
     1.458874      1.536897      1.575541      1.424241      1.153615      1.530629      1.132203      1.145992      1.222947      1.134380 
     1.462135      1.536727      1.582514      1.428961      1.152437      1.538317      1.173254      1.101702      1.210760      1.182620 
     1.465365      1.535261      1.588536      1.432689      1.153006      1.546200      1.209089      1.059487      1.193306      1.226583 
     1.468424      1.532527      1.593612      1.435445      1.155280      1.554177      1.237952      1.023161      1.171737      1.263926 
     1.471168      1.528573      1.597751      1.437282      1.159168      1.562116      1.258776      0.996639      1.147417      1.293199 
     1.473478      1.523457      1.600957      1.438273      1.164536      1.569877      1.270996      0.983215      1.121905      1.313554 
     1.475302      1.517233      1.603225      1.438500      1.171228      1.577323      1.274384      0.984664      1.096961      1.324534 
     1.476667      1.509956      1.604538      1.438053      1.179078      1.584335      1.268979      1.000657      1.074498      1.325872 
     1.477668      1.501679      1.604859      1.437022      1.187905      1.590818      1.255049      1.028879      1.056471      1.317418 
     1.478427      1.492467      1.604151      1.435498      1.197518      1.596706      1.233109      1.065763      1.044657      1.299173 
     1.479065      1.482400      1.602381      1.433573      1.207707      1.601955      1.203999      1.107360      1.040321      1.271376 
     1.479674      1.471586      1.599548      1.431344      1.218245      1.606546      1.169012      1.149986      1.043917      1.234672 
     1.480304      1.460162      1.595687      1.428910      1.228886      1.610475      1.130050      1.190519      1.054926      1.190326 
     1.480967      1.448293      1.590872      1.426368      1.239376      1.613741      1.089763      1.226479      1.071930      1.140456 
     1.481633      1.436163      1.585197      1.423815      1.249464      1.616340      1.051559      1.256001      1.092886      1.088213 
     1.482234      1.423960      1.578745      1.421339      1.258918      1.618252      1.019360      1.277775      1.115559      1.037939 
     1.482681      1.411856      1.571560      1.419016      1.267540      1.619446      0.997054      1.290987      1.137845      0.994975 
     1.482886      1.399999      1.563635      1.416903      1.275172      1.619891      0.987631      1.295244      1.157995      0.964991 
     1.482797      1.388500      1.554939      1.415046      1.281698      1.619582      0.992332      1.290489      1.174732      0.952663 
     1.482412      1.377455      1.545472      1.413477      1.287028      1.618565      1.010283      1.276935      1.187237      0.960046 
     1.481785      1.366954      1.535319      1.412220      1.291089      1.616943      1.038836      1.255048      1.195054      0.985705 
     1.481002      1.357101      1.524655      1.411294      1.293811      1.614867      1.074347      1.225602      1.197972      1.025311 
     1.480155      1.348014      1.513711      1.410712      1.295136      1.612502      1.112987      1.189803      1.195987      1.073273 
     1.479311      1.339821      1.502720      1.410477      1.295028      1.609981      1.151315      1.149429      1.189288      1.124197 
     1.478503      1.332633      1.491883      1.410584      1.293476      1.607378      1.186557      1.106928      1.178287      1.173707 
     1.477719      1.326540      1.481345      1.411016      1.290502      1.604686      1.216678      1.065442      1.163627      1.218614 
     1.476908      1.321592      1.471195      1.411748      1.286153      1.601813      1.240327      1.028684      1.146199      1.256834 
     1.475993      1.317808      1.461469      1.412749      1.280502      1.598604      1.256710      1.000572      1.127119      1.287144 
     1.474889      1.315174      1.452161      1.413979      1.273633      1.594887      1.265448      0.984523      1.107695      1.308914 
     1.473528      1.313655      1.443237      1.415393      1.265643      1.590532      1.266471      0.982600      1.089393      1.321886 
     1.471875      1.313197      1.434656      1.416939      1.256643      1.585511      1.259930      0.994841      1.073738      1.325992 
     1.469929      1.313737      1.426387      1.418555      1.246766      1.579914      1.246164      1.019256      1.062197      1.321276 
     1.467715      1.315194      1.418426      1.420164      1.236173      1.573925      1.225718      1.052480      1.055987      1.307864 
     1.465272      1.317473      1.410806      1.421674      1.225070      1.567776      1.199400      1.090680      1.055856      1.286019 
     1.462627      1.320460      1.403591      1.422973      1.213705      1.561704      1.168368      1.130235      1.061923      1.256233 
     1.459794      1.324019      1.396874      1.423935      1.202365      1.555921      1.134245      1.168140      1.073617      1.219356 
     1.456763      1.328002      1.390749      1.424422      1.191367      1.550586      1.099186      1.202082      1.089756      1.176730 
     1.453499      1.332249      1.385294      1.424290      1.181035      1.545789      1.065858      1.230411      1.108775      1.130350 
     1.449949      1.336601      1.380559      1.423398      1.171683      1.541534      1.037277      1.252040      1.128964      1.082987 
     1.446048      1.340915      1.376556      1.421610      1.163593      1.537741      1.016432      1.266314      1.148679      1.038282 
     1.441746      1.345062      1.373257      1.418807      1.157001      1.534262      1.005786      1.272937      1.166447      1.000563 
     1.437017      1.348943      1.370613      1.414878      1.152088      1.530923      1.006654      1.271845      1.181068      0.974380 
     1.431870      1.352483      1.368587      1.409729      1.148983      1.527583      1.018914      1.263136      1.191609      0.963524 
     1.426349      1.355635      1.367177      1.403278      1.147769      1.524196      1.041088      1.247061      1.197410      0.969830 
     1.420516      1.358369      1.366442      1.395467      1.148482      1.520831      1.070776      1.224065      1.198067      0.992479 
     1.414436      1.360671      1.366485      1.386276      1.151106      1.517654      1.105167      1.194910      1.193431      1.028350 
     1.408176      1.362545      1.367425      1.375742      1.155562      1.514861      1.141458      1.160862      1.183593      1.073053 
     1.401793      1.364006      1.369368      1.363971      1.161697      1.512619      1.177101      1.123883      1.168918      1.122056 
     1.395322      1.365085      1.372387      1.351142      1.169280      1.511018      1.209912      1.086750      1.150080      1.171370 
     1.388777      1.365820      1.376511      1.337504      1.178015      1.510071      1.238094      1.053005      1.128108      1.217807 
     1.382149      1.366258      1.381725      1.323360      1.187560      1.509729      1.260230      1.026642      1.104401      1.258975 
     1.375426      1.366440      1.387981      1.309051      1.197549      1.509915      1.275247      1.011380      1.080730      1.293166 
     1.368613      1.366403      1.395202      1.294938      1.207615      1.510569      1.282399      1.009779      1.059142      1.319183 
     1.361765      1.366171      1.403294      1.281398      1.217399      1.511668      1.281236      1.022451      1.041810      1.336185 
     1.355002      1.365755      1.412150      1.268818      1.226561      1.513221      1.271607      1.047945      1.030740      1.343561 
     1.348496      1.365154      1.421652      1.257600      1.234775      1.515249      1.253639      1.083188      1.027447      1.340901 
     1.342447      1.364359      1.431681      1.248143      1.241739      1.517769      1.227811      1.124448      1.032593      1.327996 
     1.337045      1.363355      1.442123      1.240834      1.247181      1.520778      1.195044      1.168033      1.045771      1.304878 
     1.332452      1.362132      1.452868      1.236019      1.250866      1.524243      1.156841      1.210674      1.065583      1.271951 
     1.328788      1.360689      1.463810      1.233970      1.252624      1.528086      1.115467      1.249692      1.089922      1.230156 
     1.326117      1.359039      1.474841      1.234860      1.252355      1.532155      1.074065      1.282940      1.116305      1.181131 
     1.324445      1.357217      1.485833      1.238731      1.250054      1.536228      1.036585      1.308804      1.142288      1.127465 
     1.323723      1.355274      1.496638      1.245493      1.245802      1.540022      1.007405      1.326176      1.165724      1.072898 
     1.323871      1.353273      1.507073      1.254938      1.239766      1.543216      0.990493      1.334369      1.184887      1.022324 
     1.324809      1.351287      1.516934      1.266775      1.232181      1.545516      0.988284      1.333126      1.198555      0.981537 
     1.326502      1.349385      1.526007      1.280659      1.223325      1.546730      1.000898      1.322574      1.206001      0.956282 
     1.328969      1.347628      1.534130      1.296222      1.213511      1.546823      1.026113      1.303166      1.206977      0.950639 
     1.332269      1.346065      1.541248      1.313077      1.203085      1.545929      1.060183      1.275642      1.201618      0.965145 
     1.336456      1.344730      1.547426      1.330816      1.192422      1.544321      1.098849      1.241099      1.190453      0.996647 
     1.341547      1.343641      1.552805      1.349006      1.181923      1.542332      1.138149      1.201096      1.174342      1.039566 
     1.347493      1.342787      1.557532      1.367204      1.172000      1.540276      1.174830      1.157760      1.154448      1.087802 
     1.354179      1.342144      1.561705      1.384996      1.163040      1.538401      1.206512      1.113835      1.132204      1.136098 
     1.361432      1.341665      1.565369      1.402029      1.155373      1.536866      1.231651      1.072609      1.109255      1.180582 
     1.369049      1.341302      1.568523      1.418037      1.149251      1.535741      1.249409      1.037683      1.087373      1.218734 
     1.376837      1.341000      1.571142      1.432852      1.144842      1.535027      1.259493      1.012538      1.068325      1.249107 
     1.384639      1.340716      1.573189      1.446392      1.142228      1.534677      1.261961      0.999863      1.053720      1.271005 
     1.392366      1.340417      1.574636      1.458643      1.141426      1.534637      1.257083      1.000863      1.044833      1.284182 
     1.399996      1.340087      1.575463      1.469634      1.142396      1.534878      1.245260      1.014918      1.042440      1.288646 
     1.407558      1.339725      1.575666      1.479418      1.145052      1.535427      1.226997      1.039791      1.046689      1.284530 
     1.415093      1.339350      1.575255      1.488055      1.149265      1.536351      1.202939      1.072278      1.057079      1.272072 
     1.422624      1.338997      1.574248      1.495605      1.154870      1.537743      1.173980      1.108963      1.072541      1.251641 
     1.430145      1.338712      1.572661      1.502125      1.161664      1.539686      1.141393      1.146717      1.091614      1.223834 
     1.437605      1.338556      1.570500      1.507669      1.169417      1.542225      1.106973      1.182937      1.112661      1.189609 
     1.444923      1.338593      1.567754      1.512288      1.177879      1.545353      1.073112      1.215570      1.134037      1.150427 
     1.451992      1.338888      1.564383      1.516030      1.186792      1.548997      1.042767      1.243064      1.154224      1.108414 
     1.458697      1.339504      1.560320      1.518946      1.195906      1.553036      1.019190      1.264261      1.171905      1.066483 
     1.464946      1.340497      1.555471      1.521083      1.204986      1.557315      1.005420      1.278305      1.185990      1.028345 
     1.470689      1.341914      1.549723      1.522488      1.213828      1.561691      1.003572      1.284562      1.195605      0.998249 
     1.475933      1.343798      1.542967      1.523201      1.222254      1.566064      1.014252      1.282578      1.200077      0.980322 
     1.480741      1.346181      1.535134      1.523258      1.230111      1.570415      1.036426      1.272063      1.198957      0.977549 
     1.485202      1.349088      1.526219      1.522689      1.237259      1.574811      1.067753      1.252925      1.192058      0.990777 
     1.489407      1.352533      1.516287      1.521518      1.243566      1.579384      1.105191      1.225362      1.179521      1.018357 
     1.493421      1.356514      1.505457      1.519772      1.248905      1.584277      1.145533      1.190044      1.161881      1.056737 
     1.497270      1.361010      1.493885      1.517484      1.253159      1.589580      1.185759      1.148348      1.140109      1.101512 
     1.500940      1.365976      1.481742      1.514692      1.256231      1.595282      1.223231      1.102597      1.115656      1.148358 
     1.504377      1.371356      1.469195      1.511438      1.258057      1.601243      1.255749      1.056237      1.090403      1.193586 
     1.507497      1.377082      1.456398      1.507768      1.258607      1.607203      1.281560      1.013858      1.066579      1.234348 
     1.510193      1.383084      1.443478      1.503719      1.257887      1.612819      1.299324      0.980816      1.046553      1.268625 
     1.512351      1.389304      1.430534      1.499313      1.255934      1.617742      1.308061      0.962269      1.032554      1.295091 
     1.513879      1.395687      1.417643      1.494562      1.252804      1.621707      1.307123      0.961712      1.026315      1.312931 
     1.514732      1.402186      1.404885      1.489461      1.248573      1.624619      1.296181      0.979677      1.028767      1.321662 
     1.514929      1.408742      1.392370      1.484002      1.243338      1.626561      1.275264      1.013571      1.039829      1.321029 
     1.514542      1.415279      1.380263      1.478177      1.237229      1.627740      1.244832      1.058715      1.058408      1.310974 
     1.513673      1.421696      1.368788      1.471982      1.230418      1.628397      1.205899      1.109772      1.082603      1.291705 
     1.512429      1.427868      1.358217      1.465422      1.223124      1.628754      1.160243      1.161794      1.110046      1.263794 
     1.510900      1.433656      1.348840      1.458498      1.215607      1.628971      1.110606      1.210705      1.138279      1.228295 
     1.509150      1.438920      1.340920      1.451206      1.208147      1.629130      1.060833      1.253421      1.165060      1.186846 
     1.507208      1.443529      1.334661      1.443533      1.201022      1.629240      1.015811      1.287803      1.188556      1.141732 
     1.505073      1.447377      1.330184      1.435454      1.194485      1.629238      0.981030      1.312525      1.207430      1.095904 
     1.502726      1.450384      1.327516      1.426940      1.188747      1.629008      0.961467      1.326914      1.220799      1.052936 
     1.500160      1.452494      1.326602      1.417955      1.183976      1.628413      0.960156      1.330820      1.228181      1.016855 
     1.497404      1.453672      1.327331      1.408469      1.180295      1.627327      0.977014      1.324473      1.229390      0.991668 
     1.494529      1.453895      1.329559      1.398467      1.177791      1.625676      1.008952      1.308368      1.224477      0.980546 
     1.491630      1.453153      1.333152      1.387960      1.176519      1.623447      1.051129      1.283197      1.213721      0.984856 
     1.488806      1.451452      1.337999      1.376998      1.176498      1.620686      1.098413      1.249865      1.197652      1.003608 
     1.486131      1.448818      1.344015      1.365676      1.177707      1.617465      1.146340      1.209611      1.177069      1.033739 
     1.483647      1.445298      1.351110      1.354136      1.180078      1.613838      1.191437      1.164166      1.153064      1.071103 
     1.481344      1.440965      1.359163      1.342562      1.183497      1.609808      1.231216      1.115936      1.127037      1.111486 
     1.479162      1.435905      1.368017      1.331156      1.187817      1.605308      1.264034      1.068134      1.100684      1.151277 
     1.476982      1.430215      1.377477      1.320134      1.192861      1.600198      1.288901      1.024769      1.075932      1.187732 
     1.474648      1.423987      1.387345      1.309699      1.198446      1.594288      1.305312      0.990394      1.054802      1.218937 
     1.471992      1.417299      1.397435      1.300040      1.204394      1.587372      1.313077      0.969371      1.039222      1.243663 
     1.468898      1.410211      1.407610      1.291324      1.210543      1.579288      1.312193      0.964757      1.030778      1.261151 
     1.465351      1.402768      1.417779      1.283718      1.216740      1.569970      1.302744      0.977256      1.030444      1.270929 
     1.461455      1.395008      1.427911      1.277386      1.222843      1.559477      1.284887      1.004990      1.038401      1.272686 
     1.457394      1.386976      1.438019      1.272503      1.228710      1.547983      1.258885      1.044223      1.053988      1.266224 
     1.453382      1.378732      1.448135      1.269245      1.234195      1.535733      1.225240      1.090515      1.075809      1.251512 
     1.449608      1.370366      1.458285      1.267775      1.239147      1.523012      1.184893      1.139629      1.101953      1.228782 
     1.446201      1.361996      1.468469      1.268220      1.243420      1.510109      1.139472      1.187989      1.130265      1.198678 
     1.443221      1.353768      1.478649      1.270644      1.246875      1.497286      1.091549      1.232786      1.158597      1.162435 
     1.440641      1.345845      1.488741      1.275036      1.249397      1.484741      1.044813      1.271943      1.184992      1.122028 
     1.438365      1.338394      1.498616      1.281307      1.250898      1.472592      1.003982      1.303994      1.207790      1.080268 
     1.436233      1.331573      1.508120      1.289295      1.251323      1.460866      0.974241      1.327986      1.225688      1.040795 
     1.434080      1.325518      1.517084      1.298796      1.250644      1.449539      0.960072      1.343362      1.237723      1.007810 
     1.431784      1.320342      1.525351      1.309582      1.248859      1.438608      0.963770      1.349835      1.243246      0.985516 
     1.429310      1.316132      1.532800      1.321422      1.245983      1.428172      0.984537      1.347293      1.241887      0.977173 
     1.426710      1.312962      1.539368      1.334072      1.242049      1.418470      1.018853      1.335755      1.233568      0.984097 
     1.424084      1.310883      1.545043      1.347276      1.237116      1.409877      1.061773      1.315397      1.218547      1.005127 
     1.421543      1.309928      1.549849      1.360753      1.231275      1.402826      1.108241      1.286646      1.197485      1.036983 
     1.419184      1.310093      1.553809      1.374208      1.224659      1.397732      1.153927      1.250314      1.171496      1.075273 
     1.417079      1.311336      1.556923      1.387347      1.217437      1.394906      1.195503      1.207733      1.142167      1.115549 
     1.415274      1.313573      1.559173      1.399899      1.209812      1.394507      1.230649      1.160866      1.111526      1.153997 
     1.413790      1.316685      1.560522      1.411640      1.202000      1.396528      1.257911      1.112396      1.081946      1.187728 
     1.412630      1.320534      1.560934      1.422403      1.194221      1.400810      1.276490      1.065728      1.055966      1.214774 
     1.411784      1.324973      1.560380      1.432081      1.186680      1.407098      1.286051      1.024878      1.036007      1.233947 
     1.411241      1.329861      1.558842      1.440619      1.179566      1.415092      1.286537      0.994080      1.024016      1.244654 
     1.410997      1.335075      1.556314      1.447998      1.173044      1.424519      1.278058      0.977032      1.021121      1.246729 
     1.411068      1.340510      1.552797      1.454223      1.167262      1.435182      1.260863      0.975885      1.027422      1.240301 
     1.411490      1.346078      1.548298      1.459305      1.162359      1.446980      1.235400      0.990496      1.041992      1.225743 
     1.412304      1.351705      1.542831      1.463251      1.158464      1.459873      1.202453      1.018455      1.063103      1.203689 
     1.413540      1.357329      1.536415      1.466063      1.155697      1.473818      1.163313      1.055888      1.088554      1.175130 
     1.415194      1.362896      1.529077      1.467740      1.154157      1.488716      1.119982      1.098463      1.116009      1.141558 
     1.417218      1.368364      1.520852      1.468293      1.153908      1.504373      1.075352      1.142163      1.143245      1.105082 
     1.419506      1.373708      1.511765      1.467741      1.154972      1.520495      1.033256      1.183650      1.168338      1.068500 
     1.421902      1.378928      1.501831      1.466122      1.157319      1.536725      0.998270      1.220363      1.189749      1.035217 
     1.424237      1.384046      1.491042      1.463487      1.160877      1.552694      0.975087      1.250478      1.206340      1.008937 
     1.426359      1.389104      1.479375      1.459895      1.165541      1.568110      0.967408      1.272807      1.217359      0.993106 
     1.428190      1.394162      1.466815      1.455409      1.171181      1.582819      0.976756      1.286667      1.222373      0.990109 
     1.429744      1.399287      1.453399      1.450100      1.177646      1.596846      1.001961      1.291758      1.221227      1.000620 
     1.431109      1.404542      1.439246      1.444047      1.184762      1.610347      1.039651      1.288065      1.214013      1.023370 
     1.432411      1.409974      1.424575      1.437356      1.192324      1.623536      1.085365      1.275811      1.201074      1.055529 
     1.433769      1.415607      1.409694      1.430160      1.200094      1.636600      1.134586      1.255489      1.183021      1.093432 
     1.435273      1.421441      1.394967      1.422621      1.207809      1.649646      1.183369      1.227946      1.160785      1.133324 
     1.436974      1.427451      1.380774      1.414924      1.215199      1.662685      1.228575      1.194484      1.135641      1.171866 
     1.438880      1.433594      1.367475      1.407262      1.222000      1.675645      1.267876      1.156943      1.109205      1.206378 
     1.440956      1.439816      1.355380      1.399823      1.227975      1.688388      1.299658      1.117747      1.083400      1.234888 
     1.443122      1.446057      1.344732      1.392777      1.232923      1.700737      1.322887      1.079898      1.060320      1.256062 
     1.445263      1.452263      1.335707      1.386270      1.236685      1.712502      1.336960      1.046814      1.042054      1.269086 
     1.447234      1.458388      1.328425      1.380418      1.239141      1.723501      1.341583      1.021987      1.030413      1.273527 
     1.448889      1.464397      1.322975      1.375313      1.240204      1.733587      1.336662      1.008397      1.026647      1.269211 
     1.450120      1.470261      1.319438      1.371027      1.239816      1.742666      1.322259      1.007822      1.031200      1.256152 
     1.450885      1.475950      1.317903      1.367620      1.237938      1.750704      1.298573      1.020325      1.043655      1.234552 
     1.451229      1.481429      1.318462      1.365139      1.234557      1.757716      1.265997      1.044234      1.062828      1.204904 
     1.451267      1.486649      1.321187      1.363623      1.229694      1.763737      1.225269      1.076653      1.086997      1.168186 
     1.451132      1.491546      1.326099      1.363090      1.223420      1.768784      1.177686      1.114128      1.114142      1.126113 
     1.450942      1.496046      1.333125      1.363529      1.215864      1.772815      1.125415      1.153280      1.142189      1.081436 
     1.450762      1.500064      1.342081      1.364887      1.207229      1.775703      1.071815      1.191219      1.169207      1.038128 
     1.450578      1.503521      1.352685      1.367069      1.197774      1.777227      1.021529      1.225656      1.193487      1.001170 
     1.450309      1.506347      1.364603      1.369941      1.187804      1.777082      0.980333      1.254944      1.213621      0.975890 
     1.449837      1.508480      1.377531      1.373335      1.177645      1.774956      0.954257      1.277982      1.228535      0.966644 
     1.449067      1.509868      1.391257      1.377066      1.167631      1.770642      0.947899      1.294042      1.237481      0.975356 
     1.447984      1.510454      1.405667      1.380940      1.158106      1.764143      0.962628      1.302653      1.240046      1.000826 
     1.446661      1.510185      1.420692      1.384746      1.149432      1.755701      0.995937      1.303502      1.236120      1.039269 
     1.445216      1.509009      1.436236      1.388270      1.141979      1.745723      1.042563      1.296458      1.225908      1.085630 
     1.443769      1.506886      1.452138      1.391300      1.136108      1.734663      1.096382      1.281640      1.209949      1.134831 
     1.442404      1.503799      1.468173      1.393648      1.132127      1.722936      1.151832      1.259480      1.189125      1.182504 
     1.441161      1.499758      1.484085      1.395170      1.130249      1.710865      1.204590      1.230804      1.164671      1.225292 
     1.440035      1.494799      1.499618      1.395782      1.130572      1.698674      1.251631      1.196877      1.138141      1.260841 
     1.438987      1.488977      1.514538      1.395459      1.133071      1.686489      1.291020      1.159453      1.111354      1.287637 
     1.437941      1.482366      1.528655      1.394240      1.137612      1.674353      1.321642      1.120791      1.086301      1.304820 
     1.436804      1.475047      1.541823      1.392209      1.143973      1.662245      1.342924      1.083654      1.064996      1.312000 
     1.435471      1.467100      1.553945      1.389486      1.151875      1.650101      1.354634      1.051182      1.049262      1.309125 
     1.433850      1.458605      1.564974      1.386214      1.161003      1.637842      1.356745      1.026568      1.040466      1.296410 
     1.431890      1.449638      1.574895      1.382545      1.171030      1.625401      1.349359      1.012521      1.039250      1.274319 
     1.429601      1.440274      1.583727      1.378636      1.181629      1.612756      1.332714      1.010597      1.045413      1.243621 
     1.427061      1.430594      1.591503      1.374643      1.192479      1.599943      1.307243      1.020699      1.057927      1.205506 
     1.424400      1.420690      1.598255      1.370716      1.203266      1.587054      1.273677      1.041062      1.075126      1.161759 
     1.421762      1.410668      1.604007      1.366996      1.213692      1.574204      1.233173      1.068714      1.094994      1.114935 
     1.419276      1.400649      1.608770      1.363612      1.223480      1.561486      1.187439      1.100192      1.115448      1.068469 
     1.417023      1.390756      1.612540      1.360672      1.232392      1.548924      1.138838      1.132182      1.134591      1.026603 
     1.415032      1.381104      1.615299      1.358258      1.240241      1.536458      1.090428      1.161914      1.150876      0.993962 
     1.413272      1.371788      1.617029      1.356424      1.246899      1.523960      1.045917      1.187301      1.163204      0.974686 
     1.411663      1.362880      1.617722      1.355203      1.252286      1.511299      1.009448      1.206909      1.170939      0.971291 
     1.410092      1.354432      1.617401      1.354605      1.256362      1.498412      0.985053      1.219841      1.173862      0.983817 
     1.408451      1.346484      1.616128      1.354632      1.259109      1.485359      0.975754      1.225614      1.172088      1.009868 
     1.406677      1.339076      1.613994      1.355280      1.260519      1.472326      0.982636      1.224095      1.165960      1.045482 
     1.404779      1.332252      1.611097      1.356539      1.260594      1.459592      1.004340      1.215444      1.156008      1.086323 
     1.402838      1.326065      1.607529      1.358390      1.259341      1.447476      1.037584      1.200110      1.142928      1.128490 
     1.400978      1.320575      1.603361      1.360809      1.256778      1.436286      1.078214      1.178838      1.127575      1.168795 
     1.399324      1.315844      1.598645      1.363766      1.252937      1.426277      1.122145      1.152692      1.110991      1.204826 
     1.397988      1.311926      1.593410      1.367223      1.247869      1.417630      1.165922      1.123108      1.094379      1.234853 
     1.397048      1.308869      1.587664      1.371143      1.241640      1.410446      1.206889      1.091957      1.079056      1.257686 
     1.396551      1.306706      1.581399      1.375479      1.234338      1.404753      1.243118      1.061581      1.066358      1.272536 
     1.396518      1.305457      1.574591      1.380187      1.226069      1.400520      1.273264      1.034749      1.057528      1.278897 
     1.396949      1.305133      1.567211      1.385218      1.216955      1.397682      1.296380      1.014421      1.053541      1.276447 
     1.397828      1.305731      1.559225      1.390522      1.207148      1.396175      1.311794      1.003355      1.054984      1.265020 
     1.399145      1.307234      1.550610      1.396042      1.196830      1.395968      1.319003      1.003521      1.061966      1.244612 
     1.400909      1.309612      1.541356      1.401706      1.186231      1.397089      1.317614      1.015563      1.074089      1.215481 
     1.403156      1.312807      1.531471      1.407426      1.175645      1.399621      1.307334      1.038586      1.090496      1.178352 
     1.405953      1.316728      1.520985      1.413081      1.165438      1.403659      1.288026      1.070390      1.109959      1.134721 
     1.409383      1.321244      1.509933      1.418525      1.156040      1.409254      1.259831      1.107982      1.130991      1.087228 
     1.413520      1.326180      1.498345      1.423588      1.147922      1.416363      1.223354      1.148130      1.151984      1.039956 
     1.418406      1.331332      1.486218      1.428095      1.141549      1.424820      1.179866      1.187782      1.171335      0.998429 
     1.424029      1.336489      1.473519      1.431884      1.137324      1.434371      1.131520      1.224328      1.187572      0.968945 
     1.430309      1.341459      1.460227      1.434825      1.135539      1.444734      1.081530      1.255747      1.199475      0.956981 
     1.437100      1.346091      1.446414      1.436835      1.136343      1.455660      1.034274      1.280591      1.206167      0.965187 
     1.444204      1.350288      1.432303      1.437878      1.139738      1.466946      0.995130      1.297890      1.207175      0.992262 
     1.451404      1.354005      1.418244      1.437965      1.145582      1.478400      0.969722      1.307054      1.202442      1.033653 
     1.458533      1.357248      1.404628      1.437149      1.153606      1.489824      0.962382      1.307790      1.192280      1.083425 
     1.465518      1.360062      1.391810      1.435513      1.163444      1.501028      0.974435      1.300087      1.177356      1.135927 
     1.472381      1.362516      1.380073      1.433169      1.174656      1.511863      1.003560      1.284227      1.158667      1.186600 
     1.479188      1.364696      1.369617      1.430241      1.186767      1.522219      1.044766      1.260815      1.137533      1.232117 
     1.485983      1.366691      1.360566      1.426861      1.199299      1.531999      1.092222      1.230826      1.115542      1.270256 
     1.492764      1.368588      1.352970      1.423151      1.211808      1.541098      1.140678      1.195626      1.094462      1.299678 
     1.499478      1.370469      1.346822      1.419220      1.223913      1.549397      1.186120      1.157003      1.076088      1.319723 
     1.506028      1.372407      1.342072      1.415159      1.235310      1.556772      1.225816      1.117186      1.062041      1.330209 
     1.512292      1.374462      1.338653      1.411034      1.245776      1.563103      1.258084      1.078847      1.053558      1.331270 
     1.518128      1.376688      1.336503      1.406889      1.255154      1.568285      1.281969      1.044998      1.051332      1.323240 
     1.523393      1.379130      1.335572      1.402753      1.263344      1.572238      1.296989      1.018760      1.055410      1.306578 
     1.527967      1.381826      1.335835      1.398643      1.270282      1.574928      1.302935      1.002900      1.065220      1.281855 
     1.531782      1.384806      1.337282      1.394567      1.275927      1.576374      1.299767      0.999201      1.079707      1.249801 
     1.534839      1.388094      1.339906      1.390531      1.280244      1.576662      1.287599      1.007940      1.097500      1.211424 
     1.537211      1.391707      1.343687      1.386546      1.283204      1.575930      1.266729      1.027776      1.117089      1.168180 
     1.539012      1.395648      1.348577      1.382628      1.284781      1.574343      1.237736      1.056094      1.136953      1.122211 
     1.540367      1.399910      1.354484      1.378800      1.284957      1.572056      1.201612      1.089644      1.155668      1.076533 
     1.541381      1.404475      1.361271      1.375088      1.283727      1.569177      1.159884      1.125123      1.171968      1.035071 
     1.542126      1.409316      1.368767      1.371523      1.281106      1.565743      1.114776      1.159569      1.184801      1.002357 
     1.542629      1.414399      1.376800      1.368126      1.277128      1.561726      1.069383      1.190600      1.193400      0.982723 
     1.542877      1.419690      1.385229      1.364918      1.271844      1.557053      1.027640      1.216371      1.197287      0.979098 
     1.542820      1.425160      1.393968      1.361908      1.265321      1.551663      0.994112      1.235532      1.196268      0.991965 
     1.542381      1.430777      1.402969      1.359102      1.257643      1.545567      0.973358      1.247148      1.190420      1.019229 
     1.541481      1.436507      1.412208      1.356501      1.248911      1.538874      0.968780      1.250652      1.180003      1.056984 
     1.540060      1.442305      1.421643      1.354103      1.239256      1.531804      0.981361      1.245835      1.165470      1.100755 
     1.538105      1.448112      1.431202      1.351907      1.228853      1.524669      1.009239      1.232851      1.147506      1.146384 
     1.535642      1.453845      1.440775      1.349908      1.217926      1.517829      1.048493      1.212256      1.127023      1.190367 
     1.532722      1.459403      1.450226      1.348097      1.206748      1.511622      1.094330      1.185022      1.105263      1.230008 
     1.529398      1.464669      1.459401      1.346457      1.195633      1.506319      1.142165      1.152609      1.083803      1.263352 
     1.525707      1.469518      1.468143      1.344962      1.184913      1.502090      1.188243      1.117008      1.064423      1.289058 
     1.521667      1.473821      1.476315      1.343579      1.174923      1.499005      1.229787      1.080763      1.048933      1.306267 
     1.517275      1.477462      1.483806      1.342271      1.165974      1.497047      1.264892      1.046931      1.038944      1.314497 
     1.512513      1.480329      1.490541      1.341001      1.158347      1.496146      1.292342      1.018881      1.035596      1.313529 
     1.507363      1.482329      1.496481      1.339735      1.152278      1.496216      1.311411      0.999880      1.039375      1.303323 
     1.501811      1.483380      1.501615      1.338448      1.147959      1.497195      1.321697      0.992428      1.050002      1.283977 
     1.495867      1.483412      1.505957      1.337131      1.145537      1.499074      1.323002      0.997627      1.066543      1.255771 
     1.489561      1.482372      1.509523      1.335790      1.145110      1.501904      1.315282      1.014832      1.087588      1.219300 
     1.482949      1.480224      1.512330      1.334450      1.146711      1.505763      1.298648      1.041871      1.111466      1.175696 
     1.476109      1.476962      1.514379      1.333159      1.150301      1.510698      1.273423      1.075601      1.136396      1.126970 
     1.469133      1.472613      1.515646      1.331981      1.155757      1.516659      1.240268      1.112588      1.160632      1.076388 
     1.462115      1.467244      1.516073      1.330988      1.162862      1.523468      1.200300      1.149648      1.182549      1.028617 
     1.455144      1.460954      1.515561      1.330258      1.171322      1.530811      1.155263      1.184146      1.200711      0.989562 
     1.448276      1.453859      1.513985      1.329863      1.180791      1.538311      1.107645      1.214094      1.213934      0.965361 
     1.441518      1.446085      1.511231      1.329865      1.190905      1.545625      1.060788      1.238096      1.221346      0.960602 
     1.434821      1.437756      1.507264      1.330311      1.201307      1.552532      1.018880      1.255270      1.222434      0.976470 
     1.428091      1.428993      1.502167      1.331231      1.211658      1.558950      0.986648      1.265119      1.217075      1.010269 
     1.421224      1.419911      1.496126      1.332641      1.221650      1.564876      0.968518      1.267441      1.205500      1.056720 
     1.414178      1.410622      1.489369      1.334543      1.231002      1.570340      0.967315      1.262291      1.188266      1.109899 
     1.407022      1.401238      1.482118      1.336925      1.239464      1.575389      0.983150      1.249964      1.166243      1.164586 
     1.399946      1.391868      1.474555      1.339767      1.246820      1.580091      1.013395      1.231011      1.140638      1.216699 
     1.393213      1.382629      1.466822      1.343037      1.252883      1.584510      1.053669      1.206262      1.113023      1.263274 
     1.387093      1.373638      1.459018      1.346699      1.257502      1.588691      1.099182      1.176865      1.085415      1.302312 
     1.381803      1.365012      1.451207      1.350710      1.260563      1.592632      1.145700      1.144352      1.060136      1.332489 
     1.377485      1.356864      1.443426      1.355029      1.261995      1.596286      1.189941      1.110698      1.039618      1.352966 
     1.374199      1.349294      1.435699      1.359615      1.261762      1.599569      1.229577      1.078308      1.026103      1.363290 
     1.371932      1.342393      1.428053      1.364436      1.259865      1.602377      1.263029      1.049908      1.021224      1.363245 
     1.370613      1.336240      1.420538      1.369461      1.256330      1.604603      1.289282      1.028313      1.025668      1.352798 
     1.370146      1.330908      1.413238      1.374669      1.251214      1.606160      1.307676      1.015965      1.038999      1.332075 
     1.370434      1.326459      1.406264      1.380033      1.244605      1.607001      1.317795      1.014393      1.059804      1.301401 
     1.371411      1.322947      1.399747      1.385520      1.236637      1.607119      1.319404      1.023754      1.085991      1.261408 
     1.373049      1.320411      1.393816      1.391086      1.227496      1.606549      1.312460      1.042734      1.115163      1.213247 
     1.375345      1.318869      1.388566      1.396664      1.217438      1.605339      1.297158      1.068868      1.144936      1.158874 
     1.378304      1.318306      1.384040      1.402164      1.206788      1.603537      1.274003      1.099097      1.173145      1.101369 
     1.381906      1.318667      1.380200      1.407475      1.195927      1.601170      1.243880      1.130333      1.197961      1.045167 
     1.386100      1.319855      1.376921      1.412476      1.185271      1.598230      1.208096      1.159872      1.217954      0.996045 
     1.390806      1.321744      1.374028      1.417034      1.175231      1.594675      1.168402      1.185600      1.232111      0.960488 
     1.395919      1.324187      1.371357      1.421027      1.166188      1.590442      1.126979      1.206003      1.239828      0.944120 
     1.401327      1.327036      1.368855      1.424339      1.158475      1.585477      1.086503      1.220121      1.240910      0.949586 
     1.406914      1.330148      1.366615      1.426866      1.152371      1.579768      1.050071      1.227389      1.235531      0.975364 
     1.412571      1.333401      1.364835      1.428518      1.148096      1.573345      1.021012      1.227549      1.224170      1.016509 
     1.418200      1.336691      1.363722      1.429224      1.145801      1.566271      1.002377      1.220620      1.207541      1.066739 
     1.423733      1.339939      1.363425      1.428948      1.145561      1.558636      0.996231      1.206949      1.186536      1.120238 
     1.429130      1.343095      1.364024      1.427683      1.147365      1.550563      1.002968      1.187231      1.162209      1.172476 
     1.434365      1.346138      1.365533      1.425458      1.151126      1.542209      1.021116      1.162553      1.135863      1.220275 
     1.439414      1.349074      1.367918      1.422335      1.156682      1.533758      1.047824      1.134459      1.109045      1.261550 
     1.444244      1.351926      1.371108      1.418408      1.163817      1.525394      1.079700      1.104919      1.083500      1.295036 
     1.448796      1.354732      1.375015      1.413791      1.172273      1.517263      1.113410      1.076283      1.061134      1.319998 
     1.452996      1.357537      1.379555      1.408613      1.181772      1.509469      1.146109      1.051149      1.043821      1.336038 
     1.456766      1.360392      1.384646      1.403007      1.192033      1.502079      1.175609      1.032090      1.033119      1.342972 
     1.460037      1.363342      1.390239      1.397106      1.202790      1.495152      1.200379      1.021319      1.030044      1.340749 
     1.462765      1.366427      1.396308      1.391040      1.213794      1.488768      1.219393      1.020217      1.034811      1.329372 
     1.464939      1.369684      1.402859      1.384932      1.224812      1.483056      1.232028      1.029012      1.046800      1.308889 
     1.466577      1.373134      1.409914      1.378906      1.235622      1.478209      1.237949      1.046727      1.064690      1.279450 
     1.467719      1.376786      1.417505      1.373089      1.246007      1.474467      1.237047      1.071419      1.086705      1.241429 
     1.468413      1.380636      1.425657      1.367610      1.255751      1.472087      1.229414      1.100590      1.110891      1.195633 
     1.468700      1.384660      1.434370      1.362597      1.264641      1.471295      1.215386      1.131613      1.135345      1.143630 
     1.468613      1.388822      1.443608      1.358177      1.272469      1.472226      1.195559      1.162017      1.158337      1.088017 
     1.468173      1.393073      1.453291      1.354469      1.279048      1.474889      1.170880      1.189693      1.178393      1.032840 
     1.467392      1.397358      1.463301      1.351571      1.284218      1.479142      1.142708      1.212976      1.194350      0.983786 
     1.466264      1.401625      1.473488      1.349562      1.287849      1.484716      1.112849      1.230648      1.205309      0.947785 
     1.464766      1.405830      1.483708      1.348503      1.289844      1.491285      1.083485      1.241859      1.210582      0.931422 
     1.462858      1.409940      1.493869      1.348433      1.290131      1.498604      1.057149      1.246080      1.209701      0.938530 
     1.460473      1.413928      1.503950      1.349380      1.288654      1.506604      1.036552      1.242993      1.202459      0.968497 
     1.457542      1.417764      1.513989      1.351358      1.285372      1.515372      1.024249      1.232479      1.188957      1.016673 
     1.454014      1.421414      1.524027      1.354363      1.280274      1.525044      1.022106      1.214684      1.169657      1.076519 
     1.449885      1.424836      1.534073      1.358363      1.273391      1.535703      1.030727      1.190103      1.145502      1.141696 
     1.445213      1.427977      1.544077      1.363295      1.264815      1.547333      1.049266      1.159719      1.117944      1.206995 
     1.440110      1.430779      1.553939      1.369062      1.254700      1.559796      1.075665      1.125143      1.088994      1.268521 
     1.434721      1.433182      1.563518      1.375540      1.243260      1.572840      1.107139      1.088668      1.061190      1.323546 
     1.429181      1.435120      1.572653      1.382584      1.230763      1.586126      1.140808      1.053307      1.037378      1.370253 
     1.423597      1.436531      1.581190      1.390039      1.217509      1.599275      1.174088      1.022629      1.020343      1.407503 
     1.418037      1.437346      1.589004      1.397749      1.203825      1.611932      1.204894      1.000402      1.012313      1.434620 
     1.412535      1.437496      1.596024      1.405557      1.190046      1.623826      1.231612      0.989810      1.014493      1.451216 
     1.407120      1.436896      1.602240      1.413309      1.176530      1.634819      1.253072      0.992740      1.026782      1.457046 
     1.401836      1.435449      1.607688      1.420849      1.163660      1.644918      1.268434      1.009215      1.047857      1.451907 
     1.396757      1.433042      1.612435      1.428011      1.151858      1.654239      1.277097      1.037424      1.075523      1.435602 
     1.391987      1.429555      1.616555      1.434622      1.141581      1.662953      1.278665      1.074299      1.107169      1.407967 
     1.387645      1.424872      1.620109      1.440505      1.133303      1.671220      1.272928      1.116254      1.140142      1.368980 
     1.383855      1.418897      1.623134      1.445497      1.127471      1.679153      1.259929      1.159812      1.171985      1.318937 
     1.380728      1.411583      1.625641      1.449459      1.124459      1.686797      1.240052      1.201912      1.200561      1.258735 
     1.378350      1.402946      1.627601      1.452306      1.124506      1.694121      1.214120      1.240027      1.224101      1.190258 
     1.376771      1.393092      1.628940      1.454014      1.127668      1.701013      1.183511      1.272171      1.241212      1.116862 
     1.375998      1.382215      1.629522      1.454629      1.133795      1.707285      1.150205      1.296876      1.250872      1.043883 
     1.375990      1.370591      1.629139      1.454255      1.142539      1.712685      1.116750      1.313171      1.252437      0.978898 
     1.376666      1.358540      1.627517      1.453041      1.153407      1.716932      1.086052      1.320531      1.245655      0.931158 
     1.377929      1.346391      1.624384      1.451154      1.165838      1.719787      1.061054      1.318807      1.230703      0.909238 
     1.379683      1.334455      1.619609      1.448752      1.179259      1.721143      1.044302      1.308144      1.208301      0.917137 
     1.381856      1.323028      1.613312      1.445980      1.193122      1.721051      1.037469      1.288951      1.179834      0.951818 
     1.384406      1.312401      1.605813      1.442960      1.206900      1.719659      1.040944      1.261966      1.147354      1.004852 
     1.387305      1.302848      1.597489      1.439795      1.220101      1.717140      1.053662      1.228343      1.113456      1.066528 
     1.390525      1.294611      1.588651      1.436570      1.232289      1.713637      1.073339      1.189739      1.081092      1.128794 
     1.394022      1.287866      1.579500      1.433347      1.243118      1.709258      1.097091      1.148296      1.053248      1.186052 
     1.397724      1.282720      1.570139      1.430165      1.252353      1.704069      1.122038      1.106591      1.032593      1.235004 
     1.401540      1.279214      1.560602      1.427044      1.259859      1.698097      1.145738      1.067545      1.021046      1.274038 
     1.405364      1.277337      1.550893      1.423988      1.265585      1.691355      1.166351      1.034259      1.019416      1.302632 
     1.409094      1.277045      1.541009      1.420992      1.269537      1.683855      1.182639      1.009746      1.027287      1.320881 
     1.412649      1.278282      1.530947      1.418048      1.271749      1.675632      1.193848      0.996409      1.043181      1.329159 
     1.415987      1.280986      1.520714      1.415145      1.272271      1.666755      1.199605      0.995471      1.064963      1.327926 
     1.419117      1.285093      1.510316      1.412278      1.271155      1.657324      1.199847      1.006631      1.090268      1.317619 
     1.422099      1.290537      1.499765      1.409444      1.268456      1.647470      1.194755      1.028119      1.116823      1.298654 
     1.425017      1.297245      1.489071      1.406646      1.264234      1.637339      1.184728      1.057178      1.142630      1.271489 
     1.427964      1.305130      1.478252      1.403890      1.258565      1.627070      1.170367      1.090663      1.166013      1.236746 
     1.431022      1.314091      1.467324      1.401183      1.251543      1.616785      1.152516      1.125587      1.185652      1.195412 
     1.434246      1.324007      1.456303      1.398530      1.243294      1.606573      1.132274      1.159352      1.200518      1.149040 
     1.437663      1.334733      1.445199      1.395931      1.233979      1.596478      1.111026      1.189856      1.209868      1.100012 
     1.441272      1.346112      1.434005      1.393371      1.223797      1.586490      1.090416      1.215493      1.213220      1.051767 
     1.445049      1.357972      1.422702      1.390822      1.212984      1.576535      1.072254      1.235101      1.210339      1.008832 
     1.448953      1.370141      1.411263      1.388233      1.201799      1.566480      1.058341      1.247897      1.201239      0.976438 
     1.452938      1.382455      1.399681      1.385531      1.190525      1.556171      1.050219      1.253412      1.186197      0.959519 
     1.456955      1.394757      1.388016      1.382620      1.179461      1.545501      1.048928      1.251438      1.165795      0.961144 
     1.460965      1.406893      1.376422      1.379385      1.168927      1.534472      1.054791      1.241981      1.141008      0.981311 
     1.464932      1.418701      1.365131      1.375699      1.159260      1.523225      1.067357      1.225289      1.113265      1.016943 
     1.468830      1.430012      1.354403      1.371439      1.150809      1.512002      1.085456      1.201913      1.084509      1.063122 
     1.472628      1.440649      1.344481      1.366495      1.143906      1.501081      1.107420      1.172808      1.057166      1.114618 
     1.476296      1.450453      1.335561      1.360790      1.138836      1.490704      1.131368      1.139425      1.033992      1.166868 
     1.479790      1.459298      1.327780      1.354282      1.135803      1.481051      1.155468      1.103773      1.017668      1.216353 
     1.483050      1.467097      1.321222      1.346971      1.134911      1.472232      1.178120      1.068431      1.010331      1.260613 
     1.486001      1.473816      1.315944      1.338902      1.136166      1.464300      1.198026      1.036479      1.013053      1.298027 
     1.488560      1.479456      1.311990      1.330158      1.139480      1.457279      1.214214      1.011279      1.025614      1.327602 
     1.490646      1.484047      1.309411      1.320861      1.144692      1.451182      1.225979      0.995990      1.046611      1.348732 
     1.492203      1.487639      1.308259      1.311167      1.151584      1.446041      1.232805      0.992892      1.073885      1.361020 
     1.493210      1.490281      1.308595      1.301268      1.159895      1.441926      1.234348      1.002766      1.104972      1.364149 
     1.493689      1.492020      1.310472      1.291393      1.169332      1.438955      1.230401      1.024658      1.137480      1.357825 
     1.493690      1.492894      1.313932      1.281807      1.179576      1.437282      1.220924      1.056202      1.169277      1.341777 
     1.493273      1.492928      1.318993      1.272810      1.190288      1.437067      1.206086      1.094265      1.198545      1.315839 
     1.492487      1.492140      1.325645      1.264724      1.201110      1.438441      1.186328      1.135571      1.223776      1.280080 
     1.491358      1.490545      1.333838      1.257882      1.211683      1.441482      1.162446      1.177104      1.243728      1.235025 
     1.489887      1.488161      1.343471      1.252605      1.221655      1.446186      1.135666      1.216289      1.257406      1.181961 
     1.488043      1.485012      1.354391      1.249171      1.230700      1.452451      1.107683      1.251025      1.264035      1.123332 
     1.485772      1.481138      1.366379      1.247804      1.238534      1.460065      1.080620      1.279653      1.263059      1.063146 
     1.483003      1.476595      1.379152      1.248642      1.244933      1.468710      1.056887      1.300931      1.254141      1.007258 
     1.479661      1.471458      1.392368      1.251736      1.249739      1.477997      1.038873      1.313960      1.237199      0.963151 
     1.475692      1.465812      1.405663      1.257058      1.252866      1.487550      1.028554      1.318160      1.212473      0.938535 
     1.471083      1.459754      1.418709      1.264507      1.254291      1.497105      1.027103      1.313222      1.180693      0.938648 
     1.465886      1.453389      1.431291      1.273922      1.254037      1.506574      1.034648      1.299101      1.143327      0.963710 
     1.460235      1.446847      1.443297      1.285072      1.252175      1.515978      1.050194      1.276075      1.102828      1.008733 
     1.454329      1.440273      1.454655      1.297648      1.248824      1.525333      1.071840      1.244883      1.062694      1.065954 
     1.448405      1.433828      1.465256      1.311275      1.244160      1.534566      1.097144      1.206866      1.027239      1.127546 
     1.442692      1.427658      1.474942      1.325544      1.238401      1.543521      1.123571      1.164034      1.000975      1.187202 
     1.437368      1.421884      1.483551      1.340058      1.231798      1.551993      1.148823      1.119056      0.987582      1.240537 
     1.432540      1.416579      1.490980      1.354474      1.224606      1.559773      1.171080      1.075207      0.988818      1.284933 
     1.428237      1.411775      1.497226      1.368514      1.217071      1.566695      1.189040      1.036211      1.003959      1.319126 
     1.424424      1.407463      1.502375      1.381971      1.209419      1.572651      1.201873      1.005901      1.030176      1.342746 
     1.421036      1.403607      1.506568      1.394699      1.201853      1.577597      1.209176      0.987597      1.063519      1.355946 
     1.418009      1.400150      1.509954      1.406601      1.194557      1.581555      1.210902      0.983261      1.100002      1.359134 
     1.415310      1.397021      1.512662      1.417612      1.187697      1.584610      1.207321      0.992861      1.136238      1.352826 
     1.412952      1.394147      1.514794      1.427689      1.181427      1.586896      1.198991      1.014386      1.169631      1.337566 
     1.410985      1.391449      1.516425      1.436797      1.175886      1.588577      1.186698      1.044490      1.198334      1.313937 
     1.409464      1.388854      1.517598      1.444910      1.171201      1.589819      1.171423      1.079397      1.221112      1.282623 
     1.408439      1.386297      1.518339      1.452001      1.167479      1.590767      1.154291      1.115604      1.237190      1.244514 
     1.407943      1.383723      1.518649      1.458049      1.164808      1.591534      1.136536      1.150241      1.246145      1.200838 
     1.407983      1.381089      1.518506      1.463038      1.163246      1.592191      1.119454      1.181148      1.247818      1.153322 
     1.408551      1.378364      1.517864      1.466959      1.162823      1.592768      1.104327      1.206806      1.242261      1.104376 
     1.409632      1.375534      1.516646      1.469812      1.163533      1.593249      1.092304      1.226224      1.229712      1.057242 
     1.411205      1.372597      1.514747      1.471602      1.165342      1.593579      1.084302      1.238807      1.210597      1.015976 
     1.413256      1.369563      1.512047      1.472345      1.168192      1.593673      1.080883      1.244272      1.185579      0.985105 
     1.415776      1.366453      1.508434      1.472058      1.172002      1.593436      1.082192      1.242555      1.155631      0.968759 
     1.418764      1.363296      1.503842      1.470761      1.176676      1.592789      1.087943      1.233768      1.122175      0.969443 
     1.422219      1.360131      1.498266      1.468472      1.182111      1.591699      1.097472      1.218192      1.087225      0.987079 
     1.426138      1.357006      1.491748      1.465215      1.188186      1.590169      1.109843      1.196335      1.053472      1.018987 
     1.430501      1.353976      1.484349      1.461016      1.194769      1.588220      1.123920      1.169010      1.024199      1.060899 
     1.435270      1.351106      1.476125      1.455916      1.201716      1.585861      1.138509      1.137470      1.002911      1.108193 
     1.440382      1.348459      1.467115      1.449964      1.208876      1.583087      1.152440      1.103481      0.992619      1.156748 
     1.445749      1.346097      1.457371      1.443220      1.216098      1.579902      1.164684      1.069449      0.995049      1.203341 
     1.451261      1.344078      1.446967      1.435753      1.223237      1.576346      1.174371      1.038352      1.010080      1.245624 
     1.456793      1.342448      1.436003      1.427635      1.230159      1.572500      1.180790      1.013556      1.035863      1.281978 
     1.462222      1.341244      1.424602      1.418949      1.236739      1.568480      1.183415      0.998350      1.069383      1.311302 
     1.467447      1.340495      1.412901      1.409783      1.242865      1.564432      1.181901      0.995231      1.107241      1.332842 
     1.472413      1.340216      1.401044      1.400238      1.248433      1.560526      1.176075      1.005198      1.146257      1.346043 
     1.477109      1.340407      1.389187      1.390429      1.253346      1.556955      1.165990      1.027470      1.183701      1.350465 
     1.481562      1.341059      1.377506      1.380488      1.257513      1.553916      1.151963      1.059744      1.217372      1.345758 
     1.485809      1.342151      1.366196      1.370568      1.260849      1.551581      1.134634      1.098854      1.245544      1.331692 
     1.489874      1.343647      1.355482      1.360841      1.263276      1.550069      1.115033      1.141434      1.266898      1.308222 
     1.493758      1.345497      1.345607      1.351488      1.264727      1.549424      1.094605      1.184368      1.280480      1.275612 
     1.497433      1.347645      1.336820      1.342687      1.265153      1.549615      1.075172      1.225005      1.285659      1.234583 
     1.500845      1.350022      1.329362      1.334603      1.264527      1.550535      1.058767      1.261207      1.282130      1.186516 
     1.503926      1.352554      1.323438      1.327378      1.262848      1.552014      1.047359      1.291331      1.269911      1.133688 
     1.506604      1.355169      1.319191      1.321119      1.260143      1.553834      1.042490      1.314183      1.249363      1.079492 
     1.508822      1.357794      1.316681      1.315894      1.256469      1.555740      1.044902      1.328968      1.221222      1.028569 
     1.510547      1.360361      1.315866      1.311731      1.251907      1.557457      1.054384      1.335247      1.186637      0.986601 
     1.511782      1.362813      1.316614      1.308624      1.246558      1.558710      1.069826      1.332886      1.147242      0.959440 
     1.512556      1.365098      1.318745      1.306538      1.240541      1.559277      1.089506      1.321996      1.105269      0.951455 
     1.512920      1.367170      1.322087      1.305417      1.233986      1.559030      1.111436      1.302907      1.063682      0.963785 
     1.512928      1.368988      1.326511      1.305194      1.227040      1.557951      1.133660      1.276177      1.026205      0.993797 
     1.512632      1.370511      1.331930      1.305799      1.219862      1.556088      1.154415      1.242641      0.997009      1.036231 
     1.512072      1.371699      1.338267      1.307155      1.212628      1.553509      1.172248      1.203513      0.979937      1.085119 
     1.511267      1.372518      1.345458      1.309186      1.205516      1.550289      1.186037      1.160478      0.977428      1.135227 
     1.510215      1.372934      1.353464      1.311817      1.198704      1.546509      1.194983      1.115797      0.989661      1.182615 
     1.508886      1.372920      1.362282      1.314980      1.192368      1.542253      1.198569      1.072379      1.014494      1.224603 
     1.507225      1.372454      1.371939      1.318613      1.186670      1.537591      1.196525      1.033730      1.048284      1.259519 
     1.505157      1.371516      1.382469      1.322665      1.181761      1.532565      1.188817      1.003680      1.086973      1.286402 
     1.502603      1.370097      1.393897      1.327099      1.177769      1.527189      1.175661      0.985734      1.126884      1.304746 
     1.499490      1.368190      1.406242      1.331893      1.174806      1.521468      1.157581      0.982167      1.165099      1.314316 
     1.495774      1.365795      1.419510      1.337043      1.172963      1.515420      1.135487      0.993283      1.199459      1.315025 
     1.491435      1.362922      1.433696      1.342560      1.172308      1.509086      1.110739      1.017269      1.228424      1.306872 
     1.486472      1.359596      1.448776      1.348464      1.172890      1.502532      1.085182      1.050835      1.250894      1.289948 
     1.480882      1.355860      1.464699      1.354785      1.174725      1.495838      1.061093      1.090079      1.266074      1.264505 
     1.474661      1.351779      1.481380      1.361550      1.177791      1.489087      1.041008      1.131240      1.273403      1.231091 
     1.467812      1.347441      1.498695      1.368789      1.182025      1.482359      1.027390      1.171113      1.272524      1.190716 
     1.460366      1.342956      1.516475      1.376519      1.187313      1.475731      1.022192      1.207187      1.263291      1.145068 
     1.452407      1.338457      1.534495      1.384744      1.193494      1.469270      1.026385      1.237602      1.245818      1.096749 
     1.444085      1.334092      1.552475      1.393448      1.200359      1.463025      1.039642      1.261060      1.220561      1.049464 
     1.435606      1.330017      1.570080      1.402585      1.207664      1.457021      1.060472      1.276756      1.188397      1.007954 
     1.427202      1.326384      1.586958      1.412087      1.215145      1.451254      1.086559      1.284274      1.150768      0.977486 
     1.419102      1.323335      1.602785      1.421865      1.222529      1.445711      1.115267      1.283522      1.109811      0.962643 
     1.411506      1.320988      1.617332      1.431815      1.229555      1.440417      1.144064      1.274677      1.068474      0.965763 
     1.404573      1.319441      1.630493      1.441828      1.235987      1.435448      1.170792      1.258165      1.030497      0.985952 
     1.398421      1.318770      1.642261      1.451791      1.241611      1.430928      1.193744      1.234656      1.000139      1.019470 
     1.393125      1.319022      1.652681      1.461597      1.246250      1.426982      1.211683      1.205117      0.981423      1.061174 
     1.388721      1.320216      1.661821      1.471147      1.249761      1.423724      1.223794      1.170863      0.977058      1.105998 
     1.385202      1.322349      1.669761      1.480358      1.252039      1.421268      1.229629      1.133630      0.987520      1.149803 
     1.382528      1.325397      1.676592      1.489163      1.253015      1.419738      1.229029      1.095636      1.010880      1.189589 
     1.380620      1.329323      1.682411      1.497508      1.252648      1.419255      1.222071      1.059585      1.043532      1.223351 
     1.379374      1.334071      1.687303      1.505352      1.250930      1.419916      1.209086      1.028616      1.081344      1.249861 
     1.378670      1.339584      1.691339      1.512664      1.247872      1.421778      1.190609      1.005917      1.120522      1.268428 
     1.378396      1.345801      1.694566      1.519425      1.243507      1.424863      1.167409      0.994178      1.157997      1.278699 
     1.378475      1.352661      1.697011      1.525625      1.237878      1.429171      1.140524      0.994936      1.191504      1.280535 
     1.378884      1.360107      1.698685      1.531253      1.231044      1.434716      1.111344      1.008148      1.219450      1.273930 
     1.379650      1.368076      1.699580      1.536297      1.223077      1.441524      1.081667      1.032223      1.240726      1.258990 
     1.380841      1.376503      1.699671      1.540727      1.214075      1.449608      1.053729      1.064515      1.254541      1.235975 
     1.382534      1.385312      1.698918      1.544504      1.204167      1.458953      1.030118      1.101976      1.260326      1.205404 
     1.384801      1.394410      1.697263      1.547565      1.193526      1.469500      1.013491      1.141654      1.257673      1.168221 
     1.387703      1.403689      1.694633      1.549834      1.182373      1.481149      1.006117      1.180977      1.246331      1.126010 
     1.391284      1.413023      1.690933      1.551214      1.170985      1.493777      1.009342      1.217825      1.226256      1.081255 
     1.395574      1.422270      1.686048      1.551589      1.159699      1.507250      1.023197      1.250505      1.197706      1.037557 
     1.400584      1.431269      1.679848      1.550830      1.148906      1.521423      1.046364      1.277677      1.161412      0.999650 
     1.406311      1.439844      1.672204      1.548799      1.139045      1.536138      1.076548      1.298317      1.118846      0.972886 
     1.412735      1.447817      1.663003      1.545357      1.130575      1.551223      1.110988      1.311647      1.072542      0.961981 
     1.419818      1.455022      1.652161      1.540380      1.123941      1.566505      1.146902      1.317090      1.026452      0.969355 
     1.427506      1.461310      1.639620      1.533766      1.119546      1.581799      1.181788      1.314269      0.986045      0.994064 
     1.435729      1.466568      1.625328      1.525454      1.117706      1.596905      1.213537      1.303014      0.957736      1.032204 
     1.444398      1.470723      1.609254      1.515440      1.118617      1.611628      1.240454      1.283415      0.947288      1.078431 
     1.453402      1.473757      1.591451      1.503790      1.122320      1.625833      1.261254      1.255922      0.957542      1.127480 
     1.462605      1.475704      1.572130      1.490648      1.128688      1.639488      1.274977      1.221438      0.987122      1.175035 
     1.471836      1.476645      1.551679      1.476253      1.137419      1.652623      1.281006      1.181501      1.031062      1.217879 
     1.480891      1.476703      1.530607      1.460925      1.148054      1.665260      1.279067      1.138395      1.082828      1.253797 
     1.489552      1.476027      1.509454      1.445043      1.160025      1.677362      1.269249      1.095160      1.136208      1.281416 
     1.497602      1.474773      1.488710      1.428994      1.172722      1.688826      1.251998      1.055422      1.186319      1.300060 
     1.504859      1.473086      1.468775      1.413141      1.185566      1.699516      1.228095      1.023006      1.229837      1.309617 
     1.511183      1.471089      1.449933      1.397784      1.198055      1.709294      1.198642      1.001316      1.264788      1.310366 
     1.516493      1.468875      1.432370      1.383156      1.209786      1.718046      1.165079      0.992561      1.290199      1.302841 
     1.520765      1.466511      1.416198      1.369426      1.220456      1.725692      1.129258      0.997148      1.305747      1.287727 
     1.524007      1.464043      1.401490      1.356717      1.229839      1.732172      1.093490      1.013551      1.311491      1.265826 
     1.526240      1.461497      1.388293      1.345118      1.237778      1.737430      1.060514      1.038813      1.307704      1.238076 
     1.527469      1.458891      1.376644      1.334697      1.244157      1.741404      1.033300      1.069379      1.294803      1.205609 
     1.527684      1.456234      1.366568      1.325501      1.248904      1.744021      1.014634      1.101821      1.273331      1.169824 
     1.526874      1.453533      1.358072      1.317564      1.251975      1.745216      1.006562      1.133290      1.244014      1.132492 
     1.525054      1.450792      1.351139      1.310904      1.253354      1.744946      1.009851      1.161666      1.207848      1.095812 
     1.522285      1.448017      1.345717      1.305529      1.253048      1.743189      1.023753      1.185495      1.166234      1.062391 
     1.518679      1.445211      1.341713      1.301436      1.251084      1.739938      1.046246      1.203872      1.121180      1.035106 
     1.514382      1.442382      1.338990      1.298608      1.247514      1.735175      1.074550      1.216301      1.075486      1.016716 
     1.509548      1.439537      1.337374      1.297016      1.242412      1.728854      1.105731      1.222572      1.032851      1.009299 
     1.504325      1.436681      1.336684      1.296616      1.235878      1.720894      1.137114      1.222692      0.997737      1.013682 
     1.498838      1.433815      1.336771      1.297350      1.228033      1.711198      1.166491      1.216834      0.974794      1.029203 
     1.493188      1.430936      1.337563      1.299144      1.219028      1.699693      1.192140      1.205330      0.967721      1.053926 
     1.487455      1.428034      1.339095      1.301910      1.209048      1.686384      1.212769      1.188703      0.978001      1.085160 
     1.481706      1.425094      1.341487      1.305539      1.198327      1.671397      1.227419      1.167732      1.004331      1.120020 
     1.475999      1.422091      1.344891      1.309900      1.187163      1.654966      1.235419      1.143533      1.043079      1.155767 
     1.470386      1.418991      1.349431      1.314836      1.175915      1.637388      1.236360      1.117618      1.089524      1.189997 
     1.464908      1.415746      1.355163      1.320166      1.164997      1.618964      1.230131      1.091896      1.138989      1.220705 
     1.459595      1.412295      1.362067      1.325700      1.154853      1.599969      1.216952      1.068577      1.187504      1.246326 
     1.454459      1.408568      1.370068      1.331235      1.145926      1.580625      1.197403      1.049899      1.232060      1.265738 
     1.449498      1.404488      1.379048      1.336583      1.138624      1.561109      1.172454      1.037824      1.270516      1.278175 
     1.444702      1.399978      1.388864      1.341581      1.133291      1.541568      1.143515      1.033682      1.301436      1.283172 
     1.440061      1.394975      1.399373      1.346095      1.130188      1.522145      1.112436      1.037841      1.323905      1.280520 
     1.435569      1.389438      1.410425      1.350031      1.129479      1.502999      1.081541      1.049683      1.337353      1.270225 
     1.431224      1.383358      1.421877      1.353330      1.131220      1.484320      1.053553      1.067746      1.341442      1.252503 
     1.427033      1.376767      1.433585      1.355971      1.135358      1.466325      1.031362      1.090032      1.335996      1.227823 
     1.423014      1.369738      1.445403      1.357965      1.141734      1.449258      1.017620      1.114356      1.320999      1.196988 
     1.419204      1.362385      1.457178      1.359351      1.150093      1.433381      1.014167      1.138606      1.296620      1.161244 
     1.415660      1.354856      1.468742      1.360191      1.160100      1.418965      1.021517      1.160907      1.263297      1.122408 
     1.412456      1.347328      1.479914      1.360558      1.171358      1.406268      1.038691      1.179715      1.221893      1.082986 
     1.409657      1.339993      1.490492      1.360533      1.183435      1.395491      1.063478      1.193843      1.173864      1.046163 
     1.407305      1.333046      1.500275      1.360204      1.195892      1.386750      1.092994      1.202476      1.121493      1.015587 
     1.405414      1.326664      1.509079      1.359651      1.208317      1.380046      1.124290      1.205176      1.068072      0.994777 
     1.403966      1.321002      1.516770      1.358951      1.220342      1.375284      1.154765      1.201853      1.018064      0.986328 
     1.402922      1.316182      1.523274      1.358178      1.231671      1.372324      1.182343      1.192730      0.976994      0.991110 
     1.402230      1.312300      1.528581      1.357395      1.242069      1.371030      1.205497      1.178314      0.950669      1.008023 
     1.401842      1.309422      1.532725      1.356663      1.251363      1.371326      1.223169      1.159401      0.943590      1.034435 
     1.401708      1.307600      1.535777      1.356039      1.259420      1.373224      1.234615      1.137104      0.957270      1.067024 
     1.401787      1.306874      1.537846      1.355583      1.266128      1.376809      1.239324      1.112900      0.989480      1.102517 
     1.402044      1.307270      1.539082      1.355353      1.271394      1.382170      1.236957      1.088666      1.035302      1.138053 
     1.402451      1.308796      1.539643      1.355413      1.275139      1.389350      1.227371      1.066624      1.088954      1.171289 
     1.402997      1.311437      1.539678      1.355826      1.277308      1.398324      1.210677      1.049162      1.145184      1.200382 
     1.403674      1.315157      1.539308      1.356657      1.277871      1.408998      1.187297      1.038386      1.199869      1.223944 
     1.404500      1.319898      1.538629      1.357964      1.276830      1.421241      1.158097      1.035772      1.250036      1.240983 
     1.405519      1.325582      1.537711      1.359806      1.274221      1.434906      1.124529      1.041819      1.293667      1.250826 
     1.406794      1.332112      1.536605      1.362229      1.270109      1.449831      1.088752      1.055888      1.329431      1.253093 
     1.408392      1.339382      1.535348      1.365274      1.264592      1.465818      1.053714      1.076346      1.356459      1.247653 
     1.410357      1.347272      1.533974      1.368961      1.257800      1.482632      1.023064      1.100932      1.374189      1.234627 
     1.412702      1.355652      1.532511      1.373291      1.249900      1.499997      1.000774      1.127200      1.382277      1.214435 
     1.415399      1.364384      1.530986      1.378241      1.241094      1.517613      0.990324      1.152822      1.380528      1.187853 
     1.418390      1.373327      1.529418      1.383761      1.231618      1.535181      0.993707      1.175818      1.368886      1.156116 
     1.421627      1.382325      1.527824      1.389769      1.221747      1.552432      1.010763      1.194706      1.347471      1.121029 
     1.425081      1.391213      1.526211      1.396149      1.211789      1.569128      1.039187      1.208472      1.316646      1.085044 
     1.428746      1.399820      1.524570      1.402755      1.202077      1.585053      1.075244      1.216499      1.277140      1.051225 
     1.432632      1.407975      1.522877      1.409418      1.192950      1.599995      1.114800      1.218547      1.230192      1.023019 
     1.436741      1.415525      1.521085      1.415960      1.184725      1.613761      1.154074      1.214685      1.177712      1.003725 
     1.441076      1.422339      1.519124      1.422217      1.177679      1.626196      1.190060      1.205281      1.122421      0.995700 
     1.445620      1.428323      1.516890      1.428042      1.172027      1.637197      1.220603      1.190948      1.068022      0.999725 
     1.450349      1.433413      1.514242      1.433319      1.167916      1.646716      1.244304      1.172502      1.019215      1.014794 
     1.455239      1.437580      1.510994      1.437970      1.165429      1.654740      1.260370      1.150975      0.981354      1.038476 
     1.460265      1.440823      1.506953      1.441956      1.164584      1.661289      1.268432      1.127601      0.959500      1.067674 
     1.465402      1.443161      1.501992      1.445270      1.165350      1.666422      1.268395      1.103791      0.956929      1.099343 
     1.470627      1.444626      1.496110      1.447928      1.167656      1.670266      1.260359      1.081154      0.973805      1.130901 
     1.475907      1.445258      1.489449      1.449963      1.171398      1.673025      1.244581      1.061423      1.007115      1.160345 
     1.481208      1.445100      1.482229      1.451420      1.176441      1.674933      1.221529      1.046342      1.051917      1.186165 
     1.486478      1.444199      1.474682      1.452354      1.182617      1.676211      1.191980      1.037420      1.102928      1.207233 
     1.491662      1.442605      1.467000      1.452831      1.189731      1.677024      1.157140      1.035662      1.155569      1.222729 
     1.496685      1.440369      1.459325      1.452919      1.197570      1.677469      1.118780      1.041320      1.206341      1.232082 
     1.501453      1.437541      1.451755      1.452694      1.205911      1.677571      1.079345      1.053855      1.252761      1.234940 
     1.505845      1.434169      1.444350      1.452226      1.214533      1.677291      1.042005      1.072056      1.293172      1.231147 
     1.509713      1.430293      1.437145      1.451582      1.223222      1.676532      1.010538      1.094291      1.326505      1.220733 
     1.512897      1.425944      1.430156      1.450821      1.231776      1.675161      0.988895      1.118795      1.352081      1.203936 
     1.515260      1.421144      1.423389      1.449994      1.240008      1.673056      0.980401      1.143866      1.369439      1.181239 
     1.516728      1.415910      1.416841      1.449145      1.247742      1.670147      0.986826      1.167990      1.378220      1.153460 
     1.517303      1.410251      1.410505      1.448307      1.254804      1.666454      1.007809      1.189856      1.378090      1.121885 
     1.517056      1.404186      1.404375      1.447505      1.261018      1.662076      1.041018      1.208330      1.368722      1.088437 
     1.516089      1.397745      1.398443      1.446756      1.266201      1.657159      1.082904      1.222428      1.349843      1.055789 
     1.514506      1.390976      1.392699      1.446066      1.270170      1.651848      1.129585      1.231317      1.321331      1.027314 
     1.512388      1.383953      1.387136      1.445431      1.272748      1.646264      1.177466      1.234343      1.283360      1.006694 
     1.509791      1.376776      1.381764      1.444836      1.273780      1.640504      1.223515      1.231071      1.236612      0.997174 
     1.506755      1.369565      1.376630      1.444254      1.273147      1.634660      1.265334      1.221367      1.182548      1.000589 
     1.503307      1.362466      1.371839      1.443647      1.270773      1.628823      1.301104      1.205457      1.123756      1.016693 
     1.499469      1.355638      1.367555      1.442970      1.266643      1.623069      1.329512      1.184003      1.064270      1.043165 
     1.495268      1.349241      1.363972      1.442172      1.260810      1.617421      1.349697      1.158168      1.009691      1.076311 
     1.490727      1.343420      1.361273      1.441202      1.253388      1.611834      1.361184      1.129598      0.966748      1.112020 
     1.485867      1.338289      1.359615      1.440011      1.244548      1.606208      1.363829      1.100366      0.941937      1.146561 
     1.480691      1.333927      1.359110      1.438552      1.234491      1.600449      1.357731      1.072849      0.939308      1.177055 
     1.475196      1.330376      1.359823      1.436778      1.223449      1.594521      1.343159      1.049546      0.958652      1.201594 
     1.469374      1.327649      1.361761      1.434644      1.211682      1.588455      1.320533      1.032800      0.995636      1.219125 
     1.463231      1.325735      1.364870      1.432107      1.199495      1.582317      1.290480      1.024405      1.043788      1.229231 
     1.456797      1.324592      1.369045      1.429127      1.187233      1.576184      1.253922      1.025177      1.096662      1.231903 
     1.450131      1.324151      1.374137      1.425673      1.175269      1.570132      1.212180      1.034720      1.149044      1.227446 
     1.443317      1.324316      1.379972      1.421714      1.163992      1.564233      1.167069      1.051508      1.197222      1.216428 
     1.436453      1.324968      1.386361      1.417228      1.153774      1.558546      1.120961      1.073272      1.238799      1.199661 
     1.429630      1.325980      1.393121      1.412200      1.144947      1.553104      1.076799      1.097483      1.272382      1.178187 
     1.422913      1.327227      1.400076      1.406619      1.137787      1.547907      1.037986      1.121759      1.297294      1.153295 
     1.416342      1.328599      1.407069      1.400478      1.132496      1.542927      1.008046      1.144098      1.313325      1.126495 
     1.409934      1.330006      1.413966      1.393777      1.129202      1.538120      0.990038      1.162979      1.320532      1.099507 
     1.403706      1.331392      1.420653      1.386520      1.127954      1.533441      0.985789      1.177356      1.319112      1.074224 
     1.397681      1.332731      1.427040      1.378722      1.128739      1.528858      0.995308      1.186604      1.309335      1.052637 
     1.391908      1.334029      1.433061      1.370407      1.131481      1.524355      1.016804      1.190464      1.291529      1.036644 
     1.386456      1.335318      1.438681      1.361623      1.136051      1.519931      1.047228      1.188942      1.266152      1.027806 
     1.381407      1.336655      1.443898      1.352439      1.142268      1.515601      1.083063      1.182267      1.233901      1.027037 
     1.376843      1.338113      1.448741      1.342956      1.149901      1.511402      1.120951      1.170860      1.195872      1.034381 
     1.372843      1.339774      1.453255      1.333305      1.158676      1.507387      1.158028      1.155357      1.153722      1.048955 
     1.369475      1.341721      1.457483      1.323645      1.168286      1.503613      1.192019      1.136649      1.109828      1.069135 
     1.366790      1.344027      1.461430      1.314160      1.178403      1.500126      1.221205      1.115897      1.067369      1.092877 
     1.364822      1.346758      1.465054      1.305046      1.188700      1.496934      1.244348      1.094536      1.030228      1.118056 
     1.363590      1.349961      1.468252      1.296499      1.198868      1.494010      1.260610      1.074212      1.002561      1.142731 
     1.363099      1.353671      1.470894      1.288713      1.208629      1.491297      1.269475      1.056673      0.988008      1.165310 
     1.363361      1.357912      1.472865      1.281867      1.217744      1.488750      1.270664      1.043599      0.988676      1.184584 
     1.364394      1.362698      1.474116      1.276132      1.226008      1.486376      1.264104      1.036372      1.004438      1.199676 
     1.366244      1.368038      1.474682      1.271669      1.233248      1.484255      1.249909      1.035859      1.033013      1.209959 
     1.368977      1.373932      1.474666      1.268628      1.239311      1.482534      1.228437      1.042248      1.070749      1.214985 
     1.372681      1.380369      1.474197      1.267150      1.244068      1.481396      1.200377      1.054965      1.113590      1.214464 
     1.377437      1.387325      1.473403      1.267348      1.247412      1.481024      1.166884      1.072795      1.157773      1.208279 
     1.383293      1.394759      1.472392      1.269298      1.249270      1.481566      1.129713      1.094091      1.200155      1.196539 
     1.390239      1.402618      1.471253      1.273029      1.249612      1.483104      1.091322      1.117031      1.238287      1.179642 
     1.398189      1.410838      1.470056      1.278513      1.248453      1.485634      1.054881      1.139842      1.270366      1.158331 
     1.406981      1.419343      1.468859      1.285670      1.245855      1.489062      1.024091      1.160967      1.295140      1.133740 
     1.416397      1.428054      1.467710      1.294368      1.241927      1.493220      1.002681      1.179149      1.311798      1.107415 
     1.426209      1.436889      1.466657      1.304440      1.236815      1.497911      0.993609      1.193442      1.319858      1.081275 
     1.436228      1.445763      1.465744      1.315693      1.230699      1.502961      0.998221      1.203199      1.319098      1.057530 
     1.446333      1.454588      1.465014      1.327914      1.223786      1.508267      1.015822      1.208007      1.309501      1.038492 
     1.456463      1.463261      1.464507      1.340874      1.216310      1.513808      1.043936      1.207649      1.291234      1.026218 
     1.466594      1.471665      1.464250      1.354333      1.208527      1.519621      1.079078      1.202089      1.264737      1.022168 
     1.476707      1.479671      1.464251      1.368032      1.200719      1.525763      1.117571      1.191489      1.230835      1.026834 
     1.486769      1.487136      1.464484      1.381710      1.193180      1.532268      1.156112      1.176254      1.190899      1.039592 
     1.496723      1.493912      1.464889      1.395102      1.186204      1.539120      1.192024      1.157074      1.147009      1.058839 
     1.506496      1.499854      1.465361      1.407958      1.180078      1.546230      1.223301      1.134978      1.102086      1.082346 
     1.516009      1.504832      1.465761      1.420058      1.175052      1.553431      1.248564      1.111346      1.059891      1.107664 
     1.525188      1.508738      1.465932      1.431222      1.171330      1.560501      1.266930      1.087846      1.024776      1.132494 
     1.533976      1.511496      1.465735      1.441322      1.169059      1.567194      1.277917      1.066338      1.001049      1.154901 
     1.542337      1.513054      1.465083      1.450280      1.168328      1.573307      1.281324      1.048717      0.991987      1.173442 
     1.550254      1.513388      1.463971      1.458064      1.169173      1.578732      1.277155      1.036678      0.998822      1.187181 
     1.557726      1.512492      1.462472      1.464671      1.171580      1.583478      1.265579      1.031456      1.020318      1.195656 
     1.564755      1.510379      1.460704      1.470125      1.175495      1.587647      1.246940      1.033571      1.053268      1.198822 
     1.571337      1.507077      1.458794      1.474462      1.180820      1.591379      1.221848      1.042714      1.093488      1.196950 
     1.577459      1.502635      1.456852      1.477739      1.187415      1.594802      1.191283      1.057776      1.136780      1.190554 
     1.583088      1.497123      1.454956      1.480023      1.195101      1.597997      1.156722      1.077068      1.179509      1.180383 
     1.588174      1.490629      1.453161      1.481396      1.203672      1.600986      1.120228      1.098594      1.218800      1.167365 
     1.592646      1.483258      1.451493      1.481951      1.212900      1.603731      1.084463      1.120333      1.252542      1.152584 
     1.596426      1.475122      1.449958      1.481788      1.222556      1.606147      1.052581      1.140450      1.279270      1.137241 
     1.599431      1.466334      1.448549      1.481006      1.232415      1.608127      1.027900      1.157413      1.298031      1.122588 
     1.601601      1.457000      1.447242      1.479703      1.242270      1.609571      1.013338      1.170053      1.308270      1.109822 
     1.602907      1.447215      1.446013      1.477969      1.251936      1.610408      1.010736      1.177591      1.309707      1.099994 
     1.603364      1.437069      1.444837      1.475884      1.261249      1.610611      1.020337      1.179645      1.302279      1.093903 
     1.603029      1.426645      1.443700      1.473517      1.270058      1.610190      1.040716      1.176213      1.286113      1.091996 
     1.601981      1.416035      1.442609      1.470931      1.278222      1.609166      1.069204      1.167662      1.261574      1.094316 
     1.600300      1.405336      1.441588      1.468182      1.285600      1.607552      1.102547      1.154706      1.229345      1.100468 
     1.598055      1.394660      1.440682      1.465317      1.292059      1.605340      1.137497      1.138384      1.190570      1.109686 
     1.595296      1.384131      1.439951      1.462379      1.297471      1.602494      1.171184      1.120042      1.147010      1.120938 
     1.592049      1.373878      1.439455      1.459403      1.301720      1.598951      1.201275      1.101279      1.101197      1.133054 
     1.588323      1.364033      1.439244      1.456419      1.304703      1.594629      1.226003      1.083854      1.056534      1.144868 
     1.584106      1.354717      1.439340      1.453446      1.306337      1.589436      1.244112      1.069524      1.017242      1.155345 
     1.579377      1.346044      1.439734      1.450495      1.306549      1.583285      1.254796      1.059827      0.987962      1.163644 
     1.574108      1.338113      1.440381      1.447570      1.305283      1.576115      1.257607      1.055872      0.972867      1.169153 
     1.568276      1.331009      1.441232      1.444668      1.302489      1.567917      1.252398      1.058160      0.974474      1.171475 
     1.561878      1.324813      1.442251      1.441783      1.298129      1.558742      1.239297      1.066504      0.992747      1.170394 
     1.554936      1.319601      1.443435      1.438908      1.292182      1.548699      1.218745      1.080051      1.025154      1.165837 
     1.547509      1.315449      1.444805      1.436038      1.284659      1.537947      1.191592      1.097416      1.067598      1.157887 
     1.539689      1.312416      1.446382      1.433169      1.275617      1.526675      1.159226      1.116870      1.115581      1.146833 
     1.531592      1.310540      1.448165      1.430299      1.265176      1.515088      1.123678      1.136568      1.165020      1.133226 
     1.523343      1.309823      1.450116      1.427420      1.253520      1.503392      1.087663      1.154761      1.212592      1.117921 
     1.515058      1.310224      1.452172      1.424518      1.240894      1.491772      1.054470      1.169959      1.255818      1.102061 
     1.506834      1.311662      1.454252      1.421568      1.227587      1.480376      1.027648      1.181037      1.292979      1.087004 
     1.498742      1.314020      1.456268      1.418534      1.213926      1.469321      1.010399      1.187274      1.322964      1.074168 
     1.490833      1.317152      1.458141      1.415366      1.200256      1.458700      1.004880      1.188347      1.345125      1.064860 
     1.483144      1.320896      1.459812      1.412005      1.186931      1.448616      1.011612      1.184285      1.359127      1.060079 
     1.475707      1.325083      1.461245      1.408383      1.174310      1.439213      1.029343      1.175403      1.364844      1.060372 
     1.468548      1.329542      1.462428      1.404429      1.162745      1.430677      1.055488      1.162272      1.362284      1.065727 
     1.461683      1.334110      1.463367      1.400074      1.152574      1.423230      1.086827      1.145690      1.351570      1.075587 
     1.455114      1.338640      1.464079      1.395256      1.144100      1.417100      1.120180      1.126683      1.332937      1.088971 
     1.448829      1.343009      1.464587      1.389924      1.137573      1.412491      1.152805      1.106517      1.306754      1.104621 
     1.442801      1.347125      1.464905      1.384047      1.133173      1.409561      1.182542      1.086667      1.273580      1.121207 
     1.437000      1.350929      1.465037      1.377613      1.130999      1.408412      1.207803      1.068749      1.234244      1.137453 
     1.431396      1.354399      1.464969      1.370640      1.131056      1.409084      1.227487      1.054395      1.189965      1.152232 
     1.425974      1.357545      1.464667      1.363169      1.133260      1.411561      1.240869      1.045058      1.142506      1.164601 
     1.420741      1.360405      1.464062      1.355274      1.137443      1.415771      1.247509      1.041784      1.094353      1.173799 
     1.415738      1.363036      1.463057      1.347052      1.143370      1.421593      1.247196      1.045028      1.048850      1.179247 
     1.411033      1.365505      1.461527      1.338621      1.150750      1.428852      1.239928      1.054560      1.010133      1.180514 
     1.406715      1.367888      1.459335      1.330119      1.159262      1.437336      1.225905      1.069525      0.982679      1.177320 
     1.402880      1.370255      1.456370      1.321692      1.168567      1.446811      1.205563      1.088609      0.970328      1.169582 
     1.399619      1.372671      1.452587      1.313496      1.178324      1.457067      1.179642      1.110257      0.975021      1.157491 
     1.397001      1.375189      1.448034      1.305699      1.188199      1.467942      1.149279      1.132838      0.996043      1.141603 
     1.395064      1.377847      1.442837      1.298478      1.197855      1.479322      1.116142      1.154793      1.030197      1.122876 
     1.393808      1.380667      1.437158      1.292019      1.206974      1.491106      1.082522      1.174676      1.072976      1.102670 
     1.393180      1.383656      1.431162      1.286505      1.215256      1.503172      1.051313      1.191210      1.119744      1.082662 
     1.393080      1.386814      1.424988      1.282106      1.222436      1.515378      1.025802      1.203312      1.166512      1.064711 
     1.393380      1.390133      1.418742      1.278972      1.228295      1.527585      1.009189      1.210115      1.210211      1.050665 
     1.393952      1.393605      1.412498      1.277236      1.232659      1.539696      1.003946      1.210984      1.248659      1.042121 
     1.394700      1.397230      1.406307      1.277007      1.235394      1.551683      1.011193      1.205520      1.280385      1.040193 
     1.395589      1.401015      1.400212      1.278382      1.236396      1.563594      1.030420      1.193599      1.304406      1.045343 
     1.396642      1.404971      1.394260      1.281439      1.235591      1.575525      1.059709      1.175414      1.320040      1.057303 
     1.397931      1.409115      1.388517      1.286241      1.232932      1.587577      1.096268      1.151543      1.326780      1.075150 
     1.399542      1.413466      1.383078      1.292818      1.228410      1.599823      1.137025      1.123066      1.324228      1.097452 
     1.401555      1.418036      1.378055      1.301166      1.222072      1.612280      1.179030      1.091696      1.312110      1.122474 
     1.404026      1.422832      1.373587      1.311226      1.214027      1.624897      1.219656      1.059884      1.290328      1.148396 
     1.406980      1.427845      1.369821      1.322878      1.204469      1.637545      1.256652      1.030800      1.259065      1.173462 
     1.410409      1.433040      1.366903      1.335943      1.193681      1.650031      1.288147      1.008077      1.218956      1.196061 
     1.414274      1.438358      1.364964      1.350169      1.182038      1.662104      1.312643      0.995208      1.171325      1.214807 
     1.418512      1.443700      1.364097      1.365249      1.170003      1.673482      1.329012      0.994670      1.118475      1.228572 
     1.423047      1.448935      1.364350      1.380817      1.158110      1.683876      1.336516      1.007132      1.064017      1.236503 
     1.427801      1.453896      1.365702      1.396474      1.146941      1.693007      1.334812      1.031207      1.013029      1.238038 
     1.432703      1.458391      1.368069      1.411807      1.137085      1.700618      1.323931      1.063885      0.971882      1.232979 
     1.437691      1.462222      1.371319      1.426429      1.129079      1.706507      1.304251      1.101430      0.947054      1.221515 
     1.442710      1.465208      1.375317      1.440013      1.123366      1.710593      1.276472      1.140183      0.943063      1.204269 
     1.447711      1.467192      1.379988      1.452303      1.120259      1.712964      1.241644      1.177024      0.960461      1.182288 
     1.452631      1.468067      1.385309      1.463124      1.119914      1.713867      1.201252      1.209519      0.995575      1.156993 
     1.457392      1.467778      1.391272      1.472379      1.122322      1.713612      1.157347      1.235894      1.042209      1.130099 
     1.461891      1.466329      1.397830      1.480051      1.127307      1.712477      1.112634      1.254977      1.093917      1.103516 
     1.466012      1.463783      1.404871      1.486200      1.134554      1.710648      1.070431      1.266116      1.145366      1.079212 
     1.469635      1.460243      1.412243      1.490952      1.143657      1.708221      1.034455      1.269098      1.192805      1.059084 
     1.472661      1.455839      1.419781      1.494471      1.154174      1.705214      1.008362      1.264076      1.233897      1.044745 
     1.475034      1.450706      1.427344      1.496937      1.165672      1.701603      0.995029      1.251490      1.267362      1.037315 
     1.476768      1.444975      1.434838      1.498525      1.177758      1.697353      0.995790      1.232023      1.292602      1.037247 
     1.477943      1.438769      1.442218      1.499390      1.190082      1.692445      1.010021      1.206618      1.309405      1.044252 
     1.478680      1.432204      1.449483      1.499662      1.202339      1.686882      1.035352      1.176500      1.317758      1.057370 
     1.479103      1.425388      1.456659      1.499447      1.214262      1.680691      1.068372      1.143226      1.317755      1.075145 
     1.479299      1.418427      1.463784      1.498823      1.225612      1.673892      1.105493      1.108746      1.309569      1.095867 
     1.479298      1.411424      1.470892      1.497850      1.236185      1.666489      1.143489      1.075406      1.293469      1.117814 
     1.479076      1.404474      1.478011      1.496572      1.245811      1.658450      1.179775      1.045872      1.269860      1.139417 
     1.478566      1.397664      1.485158      1.495016      1.254354      1.649713      1.212436      1.022897      1.239333      1.159365 
     1.477686      1.391069      1.492336      1.493195      1.261709      1.640202      1.240137      1.008916      1.202750      1.176617 
     1.476374      1.384757      1.499535      1.491115      1.267795      1.629856      1.261986      1.005520      1.161379      1.190388 
     1.474616      1.378785      1.506719      1.488770      1.272547      1.618651      1.277400      1.013050      1.117066      1.200095 
     1.472460      1.373209      1.513830      1.486149      1.275911      1.606610      1.285986      1.030493      1.072434      1.205303 
     1.470002      1.368079      1.520777      1.483236      1.277840      1.593797      1.287480      1.055772      1.031011      1.205681 
     1.467370      1.363445      1.527441      1.480016      1.278295      1.580293      1.281702      1.086247      0.997119      1.200997 
     1.464698      1.359349      1.533691      1.476467      1.277245      1.566185      1.268568      1.119223      0.975278      1.191139 
     1.462106      1.355830      1.539412      1.472569      1.274669      1.551561      1.248114      1.152264      0.969102      1.176194 
     1.459695      1.352920      1.544536      1.468303      1.270560      1.536517      1.220585      1.183339      0.980058      1.156577 
     1.457544      1.350649      1.549045      1.463654      1.264935      1.521160      1.186588      1.210820      1.006870      1.133179 
     1.455716      1.349035      1.552958      1.458615      1.257854      1.505599      1.147307      1.233419      1.046008      1.107494 
     1.454248      1.348082      1.556296      1.453194      1.249432      1.489933      1.104755      1.250154      1.092798      1.081612 
     1.453158      1.347772      1.559072      1.447412      1.239853      1.474236      1.061946      1.260329      1.142553      1.058087 
     1.452438      1.348057      1.561280      1.441296      1.229366      1.458551      1.022877      1.263536      1.191222      1.039612 
     1.452056      1.348859      1.562911      1.434870      1.218277      1.442904      0.992160      1.259647      1.235673      1.028522 
     1.451959      1.350074      1.563957      1.428147      1.206924      1.427344      0.974162      1.248809      1.273706      1.026288 
     1.452079      1.351575      1.564416      1.421124      1.195662      1.412009      0.971783      1.231454      1.303927      1.033174 
     1.452342      1.353221      1.564288      1.413785      1.184859      1.397180      0.985434      1.208335      1.325556      1.048209 
     1.452672      1.354862      1.563579      1.406111      1.174886      1.383285      1.012884      1.180601      1.338244      1.069451 
     1.452989      1.356349      1.562297      1.398087      1.166105      1.370838      1.050099      1.149862      1.341946      1.094437 
     1.453213      1.357543      1.560451      1.389711      1.158852      1.360349      1.092451      1.118204      1.336853      1.120618 
     1.453264      1.358324      1.558057      1.381000      1.153397      1.352243      1.135687      1.088115      1.323363      1.145681 
     1.453070      1.358606      1.555139      1.371990      1.149933      1.346815      1.176381      1.062259      1.302066      1.167754 
     1.452580      1.358338      1.551721      1.362738      1.148550      1.344219      1.212042      1.043154      1.273751      1.185453 
     1.451768      1.357506      1.547826      1.353322      1.149240      1.344491      1.241014      1.032725      1.239441      1.197857 
     1.450641      1.356135      1.543473      1.343843      1.151903      1.347572      1.262300      1.031889      1.200467      1.204440 
     1.449241      1.354275      1.538670      1.334424      1.156361      1.353330      1.275413      1.040348      1.158587      1.205005 
     1.447629      1.352006      1.533408      1.325213      1.162372      1.361568      1.280240      1.056672      1.116101      1.199628 
     1.445884      1.349420      1.527661      1.316377      1.169646      1.372019      1.276956      1.078651      1.075919      1.188652 
     1.444084      1.346623      1.521380      1.308096      1.177861      1.384348      1.265985      1.103759      1.041451      1.172707 
     1.442301      1.343722      1.514503      1.300551      1.186681      1.398162      1.247971      1.129526      1.016203      1.152738 
     1.440597      1.340824      1.506975      1.293917      1.195774      1.413052      1.223801      1.153792      1.003070      1.130060 
     1.439013      1.338025      1.498768      1.288352      1.204822      1.428628      1.194631      1.174804      1.003503      1.106362 
     1.437569      1.335413      1.489913      1.283992      1.213537      1.444568      1.161952      1.191231      1.016994      1.083657 
     1.436257      1.333064      1.480491      1.280944      1.221663      1.460628      1.127625      1.202119      1.041242      1.064087 
     1.435039      1.331043      1.470623      1.279281      1.228982      1.476634      1.093934      1.206870      1.072865      1.049658 
     1.433846      1.329406      1.460438      1.279046      1.235314      1.492462      1.063459      1.205174      1.108240      1.041886 
     1.432591      1.328194      1.450064      1.280253      1.240521      1.508022      1.038849      1.197018      1.144151      1.041518 
     1.431180      1.327443      1.439623      1.282887      1.244505      1.523271      1.022519      1.182720      1.178037      1.048408 
     1.429538      1.327183      1.429238      1.286907      1.247200      1.538201      1.016173      1.162971      1.208013      1.061585 
     1.427638      1.327438      1.419034      1.292255      1.248569      1.552843      1.020348      1.138886      1.232754      1.079490 
     1.425508      1.328229      1.409142      1.298858      1.248596      1.567240      1.034251      1.112047      1.251356      1.100276 
     1.423221      1.329579      1.399693      1.306629      1.247285      1.581439      1.056076      1.084527      1.263226      1.122092 
     1.420874      1.331504      1.390822      1.315464      1.244664      1.595460      1.083354      1.058843      1.267991      1.143227 
     1.418562      1.334017      1.382655      1.325244      1.240783      1.609290      1.113468      1.037747      1.265470      1.162229 
     1.416357      1.337127      1.375308      1.335844      1.235715      1.622890      1.144013      1.023844      1.255652      1.177928 
     1.414311      1.340834      1.368886      1.347123      1.229559      1.636199      1.172989      1.019090      1.238749      1.189461 
     1.412470      1.345128      1.363475      1.358931      1.222448      1.649158      1.198845      1.024332      1.215226      1.196230 
     1.410888      1.349985      1.359145      1.371106      1.214542      1.661725      1.220434      1.039075      1.185900      1.197891 
     1.409641      1.355366      1.355937      1.383472      1.206042      1.673865      1.236935      1.061613      1.152063      1.194342 
     1.408815      1.361206      1.353861      1.395839      1.197185      1.685541      1.247796      1.089459      1.115600      1.185722 
     1.408503      1.367421      1.352896      1.408001      1.188244      1.696696      1.252685      1.119833      1.079115      1.172458 
     1.408782      1.373907      1.352985      1.419749      1.179519      1.707247      1.251489      1.150098      1.045821      1.155238 
     1.409707      1.380545      1.354039      1.430886      1.171318      1.717085      1.244312      1.178008      1.019271      1.135024 
     1.411304      1.387213      1.355960      1.441231      1.163943      1.726108      1.231478      1.201808      1.002771      1.113056 
     1.413572      1.393793      1.358654      1.450631      1.157672      1.734246      1.213552      1.220236      0.998579      1.090843 
     1.416486      1.400176      1.362044      1.458965      1.152747      1.741480      1.191360      1.232452      1.007220      1.070127 
     1.419997      1.406266      1.366068      1.466146      1.149358      1.747849      1.166022      1.237972      1.027306      1.052775 
     1.424041      1.411987      1.370670      1.472113      1.147639      1.753416      1.138981      1.236601      1.056034      1.040605 
     1.428539      1.417285      1.375797      1.476838      1.147659      1.758246      1.111998      1.228419      1.089918      1.035019 
     1.433404      1.422126      1.381391      1.480325      1.149409      1.762382      1.087079      1.213771      1.125542      1.036740 
     1.438546      1.426505      1.387400      1.482604      1.152812      1.765847      1.066304      1.193286      1.159998      1.045624 
     1.443880      1.430437      1.393772      1.483730      1.157727      1.768643      1.051554      1.167915      1.191025      1.060679 
     1.449329      1.433957      1.400464      1.483775      1.163958      1.770762      1.044189      1.138989      1.217010      1.080310 
     1.454817      1.437117      1.407435      1.482821      1.171274      1.772179      1.044763      1.108280      1.236885      1.102628 
     1.460265      1.439975      1.414650      1.480952      1.179425      1.772856      1.052882      1.078028      1.249989      1.125731 
     1.465580      1.442596      1.422078      1.478250      1.188150      1.772740      1.067295      1.050885      1.255958      1.147899 
     1.470662      1.445043      1.429697      1.474787      1.197195      1.771761      1.086182      1.029712      1.254651      1.167679 
     1.475415      1.447378      1.437488      1.470625      1.206318      1.769849      1.107485      1.017177      1.246094      1.183909 
     1.479765      1.449654      1.445443      1.465812      1.215293      1.766953      1.129218      1.015201      1.230493      1.195700 
     1.483679      1.451918      1.453554      1.460388      1.223909      1.763066      1.149645      1.024485      1.208263      1.202387 
     1.487160      1.454206      1.461806      1.454384      1.231966      1.758227      1.167372      1.044309      1.180132      1.203503 
     1.490242      1.456542      1.470173      1.447831      1.239271      1.752514      1.181376      1.072771      1.147271      1.198771 
     1.492965      1.458936      1.478602      1.440764      1.245639      1.746018      1.190974      1.107234      1.111474      1.188144 
     1.495359      1.461384      1.487003      1.433230      1.250893      1.738826      1.195792      1.144813      1.075287      1.171871 
     1.497437      1.463867      1.495248      1.425294      1.254872      1.730994      1.195774      1.182778      1.042002      1.150587 
     1.499191      1.466352      1.503168      1.417034      1.257437      1.722553      1.191184      1.218751      1.015402      1.125414 
     1.500603      1.468793      1.510574      1.408547      1.258481      1.713503      1.182590      1.250769      0.999134      1.098066 
     1.501641      1.471138      1.517279      1.399943      1.257933      1.703828      1.170885      1.277302      0.995776      1.070852 
     1.502273      1.473323      1.523145      1.391347      1.255764      1.693506      1.157264      1.297199      1.006014      1.046565 
     1.502466      1.475281      1.528098      1.382894      1.251989      1.682529      1.143159      1.309634      1.028411      1.028140 
     1.502191      1.476942      1.532133      1.374729      1.246677      1.670916      1.130131      1.314073      1.059912      1.018090 
     1.501425      1.478235      1.535295      1.367002      1.239952      1.658734      1.119704      1.310266      1.096737      1.017877 
     1.500162      1.479094      1.537665      1.359857      1.231994      1.646109      1.113141      1.298265      1.135177      1.027468 
     1.498413      1.479459      1.539343      1.353420      1.223041      1.633222      1.111178      1.278431      1.172093      1.045388 
     1.496206      1.479276      1.540443      1.347790      1.213373      1.620293      1.113946      1.251510      1.205051      1.069122 
     1.493591      1.478502      1.541073      1.343033      1.203311      1.607548      1.120923      1.218633      1.232352      1.095758 
     1.490633      1.477102      1.541328      1.339172      1.193188      1.595188      1.131067      1.181357      1.252942      1.122543 
     1.487399      1.475050      1.541281      1.336185      1.183341      1.583369      1.143040      1.141672      1.266302      1.147222 
     1.483953      1.472325      1.540982      1.334016      1.174087      1.572187      1.155457      1.102005      1.272311      1.168142 
     1.480342      1.468909      1.540459      1.332579      1.165714      1.561686      1.167032      1.065139      1.271166      1.184250 
     1.476591      1.464787      1.539722      1.331772      1.158465      1.551861      1.176703      1.034045      1.263276      1.194995 
     1.472713      1.459943      1.538763      1.331486      1.152546      1.542679      1.183697      1.011567      1.249196      1.200192 
     1.468715      1.454361      1.537556      1.331617      1.148111      1.534095      1.187506      0.999878      1.229622      1.199945 
     1.464602      1.448031      1.536066      1.332071      1.145274      1.526078      1.187860      0.999944      1.205406      1.194567 
     1.460402      1.440949      1.534238      1.332768      1.144100      1.518607      1.184702      1.011246      1.177605      1.184543 
     1.456154      1.433127      1.532004      1.333645      1.144614      1.511672      1.178152      1.031916      1.147562      1.170534 
     1.451909      1.424600      1.529284      1.334657      1.146789      1.505262      1.168487      1.059226      1.116965      1.153379 
     1.447718      1.415427      1.525988      1.335773      1.150549      1.499351      1.156142      1.090197      1.087852      1.134114 
     1.443621      1.405693      1.522023      1.336977      1.155768      1.493888      1.141702      1.122055      1.062513      1.113967 
     1.439643      1.395509      1.517305      1.338269      1.162275      1.488806      1.125924      1.152480      1.043230      1.094310 
     1.435791      1.384998      1.511771      1.339652      1.169865      1.484029      1.109726      1.179677      1.031900      1.076600 
     1.432059      1.374300      1.505388      1.341142      1.178311      1.479494      1.094157      1.202340      1.029617      1.062250 
     1.428429      1.363558      1.498158      1.342755      1.187375      1.475173      1.080348      1.219566      1.036386      1.052490 
     1.424890      1.352920      1.490114      1.344510      1.196819      1.471083      1.069423      1.230760      1.051125      1.048201 
     1.421435      1.342535      1.481310      1.346426      1.206408      1.467290      1.062373      1.235568      1.071934      1.049762 
     1.418079      1.332553      1.471819      1.348519      1.215916      1.463911      1.059921      1.233831      1.096507      1.056974 
     1.414860      1.323123      1.461720      1.350805      1.225130      1.461095      1.062409      1.225565      1.122508      1.069086 
     1.411843      1.314393      1.451103      1.353295      1.233851      1.459018      1.069710      1.210976      1.147872      1.084928 
     1.409109      1.306502      1.440065      1.355996      1.241895      1.457866      1.081269      1.190506      1.170878      1.103081 
     1.406747      1.299586      1.428706      1.358914      1.249094      1.457825      1.096183      1.164896      1.190181      1.122055 
     1.404839      1.293763      1.417137      1.362049      1.255304      1.459056      1.113332      1.135278      1.204795      1.140435 
     1.403449      1.289143      1.405477      1.365399      1.260397      1.461690      1.131509      1.103267      1.214040      1.156979 
     1.402615      1.285814      1.393858      1.368958      1.264270      1.465802      1.149521      1.071034      1.217510      1.170648 
     1.402336      1.283842      1.382418      1.372717      1.266843      1.471412      1.166260      1.041292      1.215042      1.180625 
     1.402579      1.283273      1.371312      1.376666      1.268059      1.478477      1.180740      1.017131      1.206709      1.186317 
     1.403288      1.284125      1.360698      1.380789      1.267883      1.486904      1.192121      1.001599      1.192834      1.187340 
     1.404405      1.286395      1.350747      1.385067      1.266303      1.496574      1.199709      0.997057      1.174036      1.183521 
     1.405892      1.290049      1.341640      1.389478      1.263334      1.507362      1.202979      1.004549      1.151292      1.174895 
     1.407742      1.295021      1.333562      1.393984      1.259016      1.519157      1.201591      1.023443      1.126029      1.161758 
     1.409983      1.301206      1.326697      1.398539      1.253429      1.531850      1.195420      1.051612      1.100189      1.144721 
     1.412654      1.308454      1.321210      1.403080      1.246697      1.545310      1.184584      1.085983      1.076180      1.124766 
     1.415794      1.316568      1.317229      1.407526      1.238996      1.559360      1.169497      1.123201      1.056686      1.103302 
     1.419425      1.325310      1.314822      1.411788      1.230547      1.573778      1.150892      1.160128      1.044225      1.082124 
     1.423546      1.334420      1.314002      1.415775      1.221609      1.588312      1.129827      1.194132      1.040619      1.063281 
     1.428138      1.343632      1.314733      1.419394      1.212464      1.602710      1.107680      1.223191      1.046507      1.048825 
     1.433166      1.352692      1.316958      1.422566      1.203398      1.616750      1.086073      1.245872      1.061196      1.040459 
     1.438587      1.361370      1.320616      1.425221      1.194687      1.630262      1.066780      1.261246      1.082920      1.039223 
     1.444356      1.369470      1.325660      1.427302      1.186593      1.643132      1.051560      1.268785      1.109294      1.045262 
     1.450421      1.376834      1.332054      1.428769      1.179350      1.655307      1.041939      1.268276      1.137804      1.057831 
     1.456721      1.383339      1.339774      1.429594      1.173163      1.666781      1.038981      1.259768      1.166147      1.075513 
     1.463185      1.388897      1.348798      1.429762      1.168205      1.677585      1.043089      1.243551      1.192388      1.096521 
     1.469729      1.393453      1.359099      1.429271      1.164618      1.687765      1.053931      1.220186      1.214997      1.118997 
     1.476251      1.396979      1.370640      1.428132      1.162502      1.697363      1.070507      1.190568      1.232811      1.141223 
     1.482635      1.399473      1.383363      1.426372      1.161920      1.706401      1.091349      1.156024      1.244989      1.161738 
     1.488750      1.400963      1.397194      1.424028      1.162887      1.714859      1.114741      1.118437      1.250945      1.179370 
     1.494446      1.401500      1.412043      1.421156      1.165372      1.722665      1.138935      1.080342      1.250330      1.193246 
     1.499558      1.401162      1.427801      1.417822      1.169295      1.729694      1.162314      1.044939      1.243028      1.202771 
     1.503917      1.400046      1.444348      1.414101      1.174531      1.735782      1.183502      1.015907      1.229161      1.207599 
     1.507363      1.398268      1.461556      1.410077      1.180920      1.740749      1.201416      0.996888      1.209126      1.207610 
     1.509784      1.395959      1.479281      1.405837      1.188273      1.744441      1.215287      0.990673      1.183666      1.202897 
     1.511144      1.393257      1.497360      1.401467      1.196375      1.746766      1.224660      0.998353      1.153962      1.193756 
     1.511492      1.390314      1.515592      1.397059      1.204990      1.747711      1.229373      1.018918      1.121737      1.180689 
     1.510959      1.387286      1.533726      1.392700      1.213862      1.747313      1.229510      1.049574      1.089339      1.164431 
     1.509717      1.384330      1.551472      1.388475      1.222724      1.745631      1.225349      1.086546      1.059667      1.145934 
     1.507948      1.381600      1.568518      1.384458      1.231305      1.742706      1.217320      1.125950      1.035881      1.126345 
     1.505818      1.379236      1.584579      1.380707      1.239354      1.738568      1.205970      1.164383      1.020843      1.106936 
     1.503462      1.377357      1.599431      1.377261      1.246647      1.733242      1.191937      1.199182      1.016430      1.089033 
     1.500981      1.376058      1.612941      1.374142      1.253002      1.726778      1.175941      1.228451      1.022983      1.073914 
     1.498442      1.375407      1.625060      1.371354      1.258276      1.719263      1.158769      1.250980      1.039221      1.062696 
     1.495879      1.375449      1.635803      1.368892      1.262371      1.710810      1.141268      1.266093      1.062643      1.056198 
     1.493301      1.376211      1.645217      1.366742      1.265221      1.701546      1.124320      1.273518      1.090214      1.054819 
     1.490698      1.377701      1.653365      1.364889      1.266789      1.691588      1.108818      1.273275      1.118964      1.058466 
     1.488044      1.379914      1.660307      1.363316      1.267067      1.681033      1.095613      1.265610      1.146352      1.066557 
     1.485311      1.382835      1.666099      1.362005      1.266063      1.669951      1.085447      1.250950      1.170431      1.078145 
     1.482470      1.386445      1.670788      1.360942      1.263800      1.658388      1.078890      1.229902      1.189805      1.092056 
     1.479500      1.390716      1.674408      1.360115      1.260317      1.646368      1.076283      1.203289      1.203535      1.107049 
     1.476392      1.395617      1.676985      1.359513      1.255663      1.633900      1.077686      1.172218      1.211048      1.121930 
     1.473148      1.401108      1.678533      1.359128      1.249904      1.620982      1.082865      1.138174      1.212056      1.135631 
     1.469778      1.407145      1.679054      1.358948      1.243121      1.607609      1.091317      1.103132      1.206517      1.147243 
     1.466297      1.413671      1.678544      1.358962      1.235421      1.593770      1.102315      1.069597      1.194638      1.156041 
     1.462721      1.420618      1.676994      1.359154      1.226939      1.579461      1.114975      1.040539      1.176902      1.161487 
     1.459064      1.427906      1.674392      1.359500      1.217837      1.564686      1.128320      1.019090      1.154130      1.163243 
     1.455346      1.435439      1.670726      1.359969      1.208312      1.549476      1.141363      1.007984      1.127549      1.161172 
     1.451594      1.443108      1.665984      1.360522      1.198592      1.533905      1.153160      1.008844      1.098877      1.155357 
     1.447842      1.450790      1.660161      1.361110      1.188935      1.518099      1.162884      1.021670      1.070340      1.146127 
     1.444130      1.458347      1.653256      1.361673      1.179626      1.502238      1.169879      1.044815      1.044582      1.134069 
     1.440492      1.465631      1.645279      1.362148      1.170958      1.486538      1.173680      1.075462      1.024415      1.120054 
     1.436942      1.472493      1.636250      1.362469      1.163223      1.471250      1.174043      1.110341      1.012356      1.105221 
     1.433478      1.478789      1.626194      1.362572      1.156685      1.456645      1.170910      1.146296      1.010050      1.090920 
     1.430081      1.484391      1.615144      1.362403      1.151561      1.443019      1.164418      1.180673      1.017829      1.078581 
     1.426719      1.489189      1.603140      1.361925      1.148010      1.430678      1.154914      1.211446      1.034618      1.069511 
     1.423358      1.493097      1.590230      1.361115      1.146122      1.419924      1.142901      1.237158      1.058295      1.064695 
     1.419969      1.496055      1.576468      1.359974      1.145914      1.411018      1.129046      1.256829      1.086221      1.064620 
     1.416533      1.498023      1.561916      1.358526      1.147333      1.404173      1.114160      1.269859      1.115766      1.069187 
     1.413046      1.498981      1.546640      1.356811      1.150270      1.399539      1.099185      1.275929      1.144633      1.077771 
     1.409521      1.498924      1.530708      1.354890      1.154561      1.397205      1.085124      1.274923      1.170992      1.089348 
     1.405990      1.497857      1.514195      1.352838      1.160011      1.397204      1.073015      1.266882      1.193479      1.102692 
     1.402504      1.495789      1.497174      1.350736      1.166404      1.399522      1.063800      1.251989      1.211141      1.116541 
     1.399126      1.492728      1.479733      1.348678      1.173508      1.404114      1.058245      1.230605      1.223338      1.129722 
     1.395933      1.488684      1.461966      1.346755      1.181093      1.410902      1.056827      1.203326      1.229680      1.141223 
     1.392999      1.483662      1.443993      1.345066      1.188927      1.419787      1.059666      1.171086      1.229971      1.150246 
     1.390396      1.477670      1.425956      1.343703      1.196787      1.430640      1.066490      1.135295      1.224195      1.156212 
     1.388173      1.470721      1.408028      1.342758      1.204454      1.443300      1.076667      1.097973      1.212515      1.158766 
     1.386346      1.462835      1.390414      1.342313      1.211723      1.457557      1.089283      1.061843      1.195312      1.157797 
     1.384888      1.454045      1.373343      1.342438      1.218406      1.473157      1.103260      1.030251      1.173229      1.153431 
     1.383733      1.444396      1.357059      1.343186      1.224333      1.489804      1.117487      1.006828      1.147235      1.146048 
     1.382796      1.433952      1.341803      1.344594      1.229356      1.507182      1.130944      0.994799      1.118674      1.136276 
     1.382009      1.422792      1.327801      1.346677      1.233356      1.524979      1.142803      0.996121      1.089310      1.124967 
     1.381368      1.411015      1.315254      1.349427      1.236241      1.542918      1.152461      1.010823      1.061319      1.113174 
     1.380942      1.398744      1.304332      1.352814      1.237946      1.560760      1.159539      1.037002      1.037177      1.102069 
     1.380864      1.386132      1.295171      1.356783      1.238433      1.578301      1.163833      1.071407      1.019411      1.092854 
     1.381289      1.373348      1.287884      1.361262      1.237697      1.595373      1.165287      1.110356      1.010091      1.086588 
     1.382366      1.360584      1.282568      1.366158      1.235764      1.611829      1.163936      1.150353      1.010396      1.084074 
     1.384214      1.348044      1.279309      1.371367      1.232689      1.627544      1.159913      1.188475      1.020254      1.085736 
     1.386907      1.335935      1.278186      1.376779      1.228557      1.642415      1.153437      1.222483      1.038351      1.091561 
     1.390483      1.324462      1.279248      1.382281      1.223481      1.656353      1.144839      1.250767      1.062488      1.101115 
     1.394938      1.313815      1.282498      1.387764      1.217598      1.669286      1.134559      1.272268      1.090081      1.113612 
     1.400231      1.304165      1.287881      1.393122      1.211067      1.681156      1.123144      1.286356      1.118613      1.128036 
     1.406296      1.295651      1.295279      1.398262      1.204062      1.691919      1.111239      1.292756      1.145907      1.143257 
     1.413044      1.288383      1.304528      1.403100      1.196772      1.701540      1.099564      1.291458      1.170271      1.158171 
     1.420378      1.282430      1.315430      1.407560      1.189395      1.709994      1.088871      1.282677      1.190480      1.171764 
     1.428189      1.277831      1.327773      1.411578      1.182134      1.717266      1.079892      1.266829      1.205728      1.183162 
     1.436373      1.274590      1.341338      1.415096      1.175197      1.723337      1.073284      1.244543      1.215548      1.191645 
     1.444824      1.272686      1.355915      1.418061      1.168797      1.728193      1.069551      1.216704      1.219745      1.196658 
     1.453442      1.272073      1.371299      1.420425      1.163145      1.731809      1.068989      1.184542      1.218363      1.197807 
     1.462129      1.272690      1.387297      1.422145      1.158448      1.734153      1.071644      1.149728      1.211659      1.194858 
     1.470785      1.274459      1.403721      1.423182      1.154893      1.735178      1.077284      1.114448      1.200104      1.187744 
     1.479314      1.277292      1.420381      1.423512      1.152645      1.734820      1.085413      1.081407      1.184420      1.176593 
     1.487626      1.281098      1.437091      1.423120      1.151826      1.733002      1.095318      1.053663      1.165597      1.161763 
     1.495651      1.285782      1.453662      1.422009      1.152506      1.729643      1.106143      1.034217      1.144903      1.143877 
     1.503344      1.291253      1.469910      1.420198      1.154694      1.724678      1.116981      1.025365      1.123860      1.123862 
     1.510695      1.297426      1.485660      1.417726      1.158337      1.718075      1.126991      1.028081      1.104158      1.102944 
     1.517716      1.304224      1.500744      1.414650      1.163317      1.709854      1.135480      1.041678      1.087526      1.082632 
     1.524428      1.311576      1.515016      1.411043      1.169462      1.700090      1.141952      1.064004      1.075505      1.064615 
     1.530842      1.319420      1.528358      1.406986      1.176557      1.688898      1.146120      1.092032      1.069219      1.050604 
     1.536951      1.327699      1.540686      1.402570      1.184362      1.676430      1.147882      1.122559      1.069174      1.042075 
     1.542734      1.336359      1.551956      1.397884      1.192627      1.662863      1.147296      1.152702      1.075171      1.040007 
     1.548162      1.345353      1.562163      1.393018      1.201108      1.648394      1.144543      1.180143      1.086360      1.044683 
     1.553202      1.354636      1.571337      1.388054      1.209577      1.633233      1.139905      1.203179      1.101419      1.055634 
     1.557819      1.364170      1.579530      1.383067      1.217828      1.617589      1.133744      1.220658      1.118794      1.071749 
     1.561981      1.373918      1.586809      1.378125      1.225679      1.601659      1.126486      1.231871      1.136894      1.091507 
     1.565660      1.383851      1.593248      1.373289      1.232973      1.585620      1.118594      1.236446      1.154242      1.113231 
     1.568829      1.393942      1.598918      1.368613      1.239578      1.569619      1.110553      1.234274      1.169547      1.135296 
     1.571468      1.404173      1.603883      1.364143      1.245377      1.553774      1.102860      1.225477      1.181755      1.156260 
     1.573557      1.414531      1.608198      1.359923      1.250269      1.538174      1.095973      1.210394      1.190042      1.174929 
     1.575077      1.425004      1.611908      1.355991      1.254166      1.522891      1.090299      1.189621      1.193788      1.190340 
     1.576011      1.435586      1.615049      1.352384      1.256986      1.507979      1.086155      1.164089      1.192565      1.201746 
     1.576336      1.446270      1.617641      1.349139      1.258656      1.493488      1.083740      1.135180      1.186139      1.208589 
     1.576027      1.457047      1.619701      1.346293      1.259109      1.479462      1.083118      1.104839      1.174501      1.210476 
     1.575042      1.467903      1.621229      1.343880      1.258285      1.465943      1.084200      1.075650      1.157913      1.207185 
     1.573325      1.478816      1.622218      1.341938      1.256139      1.452974      1.086757      1.050745      1.136997      1.198675 
     1.570805      1.489754      1.622650      1.340496      1.252647      1.440597      1.090453      1.033492      1.112841      1.185129 
     1.567405      1.500677      1.622491      1.339581      1.247811      1.428860      1.094893      1.026866      1.087074      1.167007 
     1.563061      1.511528      1.621699      1.339209      1.241670      1.417831      1.099665      1.032687      1.061921      1.145117 
     1.557752      1.522237      1.620216      1.339383      1.234311      1.407611      1.104389      1.051034      1.040104      1.120670 
     1.551520      1.532713      1.617973      1.340087      1.225875      1.398341      1.108740      1.080213      1.024530      1.095307 
     1.544466      1.542851      1.614903      1.341283      1.216567      1.390205      1.112451      1.117259      1.017736      1.071053 
     1.536736      1.552530      1.610951      1.342907      1.206650      1.383435      1.115327      1.158667      1.021234      1.050177 
     1.528489      1.561621      1.606092      1.344867      1.196442      1.378282      1.117253      1.201018      1.035015      1.034894 
     1.519883      1.569995      1.600345      1.347050      1.186296      1.374991      1.118207      1.241379      1.057545      1.026975 
     1.511066      1.577527      1.593783      1.349325      1.176583      1.373751      1.118265      1.277462      1.086193      1.027353 
     1.502163      1.584110      1.586524      1.351549      1.167662      1.374665      1.117602      1.307626      1.117891      1.035877 
     1.493289      1.589654      1.578721      1.353584      1.159864      1.377732      1.116464      1.330800      1.149704      1.051364 
     1.484539      1.594096      1.570539      1.355302      1.153469      1.382856      1.115137      1.346367      1.179179      1.071907 
     1.475995      1.597398      1.562138      1.356594      1.148693      1.389866      1.113917      1.354052      1.204472      1.095284 
     1.467726      1.599552      1.553658      1.357379      1.145674      1.398539      1.113076      1.353821      1.224327      1.119341 
     1.459792      1.600575      1.545212      1.357609      1.144478      1.408624      1.112831      1.345810      1.237982      1.142209 
     1.452243      1.600504      1.536885      1.357266      1.145095      1.419864      1.113333      1.330273      1.245053      1.162408 
     1.445120      1.599399      1.528736      1.356363      1.147451      1.432005      1.114659      1.307578      1.245439      1.178849 
     1.438447      1.597326      1.520809      1.354941      1.151414      1.444802      1.116804      1.278229      1.239254      1.190783 
     1.432251      1.594371      1.513129      1.353066      1.156803      1.458022      1.119686      1.242944      1.226805      1.197751 
     1.426535      1.590624      1.505710      1.350824      1.163404      1.471436      1.123155      1.202766      1.208590      1.199537 
     1.421281      1.586179      1.498556      1.348315      1.170973      1.484821      1.126995      1.159220      1.185341      1.196133 
     1.416436      1.581131      1.491659      1.345646      1.179248      1.497947      1.130940      1.114473      1.158079      1.187740 
     1.411912      1.575577      1.484994      1.342932      1.187964      1.510579      1.134672      1.071442      1.128181      1.174769 
     1.407586      1.569607      1.478522      1.340283      1.196860      1.522480      1.137836      1.033761      1.097420      1.157856 
     1.403327      1.563299      1.472180      1.337803      1.205689      1.533421      1.140062      1.005432      1.067954      1.137874 
     1.399030      1.556719      1.465891      1.335585      1.214233      1.543198      1.140994      0.990088      1.042233      1.115946 
     1.394681      1.549917      1.459565      1.333711      1.222301      1.551663      1.140326      0.989915      1.022743      1.093445 
     1.390371      1.542930      1.453122      1.332250      1.229728      1.558739      1.137883      1.004933      1.011647      1.071994 
     1.386286      1.535781      1.446508      1.331258      1.236372      1.564419      1.133659      1.032968      1.010326      1.053407 
     1.382645      1.528487      1.439709      1.330779      1.242109      1.568752      1.127835      1.070383      1.019006      1.039521 
     1.379653      1.521065      1.432767      1.330848      1.246831      1.571822      1.120768      1.113076      1.036704      1.031951 
     1.377463      1.513530      1.425765      1.331484      1.250445      1.573738      1.112959      1.157236      1.061465      1.031734 
     1.376168      1.505894      1.418816      1.332696      1.252884      1.574634      1.105019      1.199728      1.090812      1.039069 
     1.375810      1.498166      1.412047      1.334481      1.254097      1.574664      1.097600      1.238139      1.122214      1.053275 
     1.376392      1.490346      1.405586      1.336825      1.254062      1.573996      1.091358      1.270736      1.153376      1.072934 
     1.377888      1.482427      1.399549      1.339705      1.252779      1.572802      1.086894      1.296326      1.182391      1.096197 
     1.380260      1.474392      1.394038      1.343091      1.250268      1.571243      1.084692      1.314120      1.207763      1.121114 
     1.383470      1.466216      1.389135      1.346947      1.246573      1.569467      1.085062      1.323610      1.228359      1.145853 
     1.387487      1.457863      1.384911      1.351232      1.241753      1.567603      1.088111      1.324493      1.243354      1.168844 
     1.392286      1.449295      1.381422      1.355898      1.235895      1.565769      1.093736      1.316619      1.252167      1.188812 
     1.397851      1.440472      1.378716      1.360887      1.229107      1.564066      1.101622      1.299986      1.254422      1.204771 
     1.404165      1.431359      1.376831      1.366133      1.221528      1.562589      1.111268      1.274792      1.249934      1.216002 
     1.411209      1.421928      1.375798      1.371553      1.213332      1.561419      1.122030      1.241536      1.238728      1.222021 
     1.418947      1.412169      1.375636      1.377048      1.204733      1.560616      1.133158      1.201197      1.221089      1.222582 
     1.427324      1.402091      1.376345      1.382503      1.195984      1.560209      1.143845      1.155441      1.197637      1.217691 
     1.436253      1.391731      1.377900      1.387790      1.187371      1.560176      1.153291      1.106861      1.169422      1.207636 
     1.445622      1.381149      1.380241      1.392776      1.179197      1.560427      1.160751      1.059137      1.137978      1.193006 
     1.455297      1.370425      1.383277      1.397332      1.171754      1.560791      1.165606      1.016961      1.105348      1.174702 
     1.465131      1.359651      1.386879      1.401345      1.165305      1.561029      1.167427      0.985531      1.074008      1.153903 
     1.474970      1.348923      1.390900      1.404728      1.160056      1.560881      1.166039      0.969429      1.046673      1.132005 
     1.484671      1.338334      1.395180      1.407418      1.156150      1.560135      1.161539      0.971133      1.026007      1.110540 
     1.494110      1.327980      1.399569      1.409381      1.153664      1.558697      1.154279      0.990064      1.014180      1.091074 
     1.503188      1.317963      1.403930      1.410605      1.152612      1.556613      1.144786      1.022849      1.012413      1.075089 
     1.511838      1.308394      1.408157      1.411095      1.152950      1.554046      1.133712      1.064675      1.020674      1.063846 
     1.520005      1.299397      1.412181      1.410873      1.154581      1.551219      1.121747      1.110632      1.037677      1.058204 
     1.527646      1.291104      1.415964      1.409976      1.157361      1.548377      1.109602      1.156600      1.061234      1.058480 
     1.534725      1.283646      1.419504      1.408446      1.161112      1.545739      1.098008      1.199501      1.088771      1.064431 
     1.541215      1.277148      1.422815      1.406332      1.165636      1.543483      1.087684      1.237222      1.117753      1.075268 
     1.547100      1.271722      1.425929      1.403684      1.170731      1.541737      1.079283      1.268403      1.146004      1.089843 
     1.552378      1.267467      1.428885      1.400552      1.176197      1.540580      1.073363      1.292223      1.171804      1.106820 
     1.557057      1.264468      1.431723      1.396980      1.181849      1.540069      1.070304      1.308179      1.193882      1.124857 
     1.561159      1.262799      1.434480      1.393009      1.187522      1.540238      1.070319      1.315968      1.211321      1.142692 
     1.564706      1.262522      1.437190      1.388680      1.193071      1.541111      1.073416      1.315381      1.223520      1.159221 
     1.567730      1.263689      1.439880      1.384033      1.198371      1.542714      1.079441      1.306272      1.230102      1.173502 
     1.570257      1.266347      1.442572      1.379113      1.203315      1.545075      1.088019      1.288532      1.230843      1.184731 
     1.572308      1.270531      1.445278      1.373977      1.207811      1.548217      1.098621      1.262171      1.225702      1.192241 
     1.573892      1.276259      1.447998      1.368697      1.211778      1.552151      1.110604      1.227475      1.214819      1.195480 
     1.574999      1.283521      1.450719      1.363369      1.215150      1.556848      1.123257      1.185223      1.198609      1.194042 
     1.575597      1.292274      1.453409      1.358110      1.217875      1.562230      1.135803      1.137021      1.177847      1.187699 
     1.575612      1.302420      1.456008      1.353069      1.219910      1.568144      1.147434      1.085687      1.153728      1.176473 
     1.574921      1.313807      1.458431      1.348404      1.221233      1.574359      1.157294      1.035542      1.127973      1.160762 
     1.573345      1.326231      1.460571      1.344280      1.221846      1.580563      1.164565      0.992325      1.102712      1.141374 
     1.570673      1.339450      1.462300      1.340844      1.221777      1.586418      1.168522      0.962428      1.080269      1.119582 
     1.566723      1.353212      1.463488      1.338216      1.221073      1.591616      1.168639      0.951128      1.062823      1.097085 
     1.561439      1.367270      1.464016      1.336471      1.219804      1.595933      1.164727      0.960498      1.052001      1.075909 
     1.554950      1.381395      1.463792      1.335643      1.218053      1.599248      1.157004      0.988450      1.048567      1.058212 
     1.547541      1.395371      1.462768      1.335726      1.215911      1.601521      1.146076      1.029759      1.052251      1.046019 
     1.539555      1.409003      1.460951      1.336667      1.213481      1.602753      1.132851      1.078124      1.061861      1.040820 
     1.531308      1.422129      1.458397      1.338382      1.210867      1.602984      1.118423      1.127860      1.075601      1.043232 
     1.523035      1.434622      1.455203      1.340756      1.208170      1.602284      1.103954      1.174655      1.091482      1.052876 
     1.514889      1.446401      1.451486      1.343665      1.205482      1.600757      1.090588      1.215615      1.107671      1.068482 
     1.506948      1.457421      1.447371      1.346982      1.202889      1.598528      1.079373      1.249006      1.122706      1.088227 
     1.499239      1.467675      1.442971      1.350587      1.200464      1.595731      1.071158      1.273924      1.135539      1.110124 
     1.491754      1.477178      1.438385      1.354371      1.198267      1.592492      1.066533      1.290003      1.145511      1.132307 
     1.484471      1.485962      1.433688      1.358242      1.196350      1.588927      1.065786      1.297189      1.152291      1.153189 
     1.477368      1.494063      1.428941      1.362118      1.194758      1.585131      1.068885      1.295613      1.155805      1.171501 
     1.470433      1.501519      1.424191      1.365930      1.193530      1.581182      1.075491      1.285508      1.156186      1.186286 
     1.463666      1.508359      1.419479      1.369616      1.192699      1.577143      1.085029      1.267221      1.153741      1.196844 
     1.457084      1.514609      1.414840      1.373119      1.192294      1.573063      1.096743      1.241257      1.148934      1.202695 
     1.450716      1.520280      1.410313      1.376382      1.192336      1.568981      1.109778      1.208404      1.142378      1.203543 
     1.444596      1.525375      1.405939      1.379347      1.192839      1.564928      1.123244      1.169898      1.134818      1.199276 
     1.438765      1.529887      1.401761      1.381958      1.193808      1.560915      1.136278      1.127617      1.127103      1.189989 
     1.433256      1.533801      1.397830      1.384158      1.195235      1.556931      1.148092      1.084275      1.120119      1.176024 
     1.428104      1.537100      1.394197      1.385894      1.197095      1.552931      1.158004      1.043483      1.114715      1.158022 
     1.423343      1.539766      1.390911      1.387120      1.199352      1.548833      1.165470      1.009567      1.111594      1.136955 
     1.419025      1.541783      1.388016      1.387799      1.201956      1.544525      1.170128      0.986934      1.111239      1.114143 
     1.415239      1.543143      1.385547      1.387906      1.204847      1.539907      1.171806      0.978990      1.113841      1.091227 
     1.412108      1.543837      1.383532      1.387425      1.207957      1.534936      1.170545      0.987014      1.119285      1.070104 
     1.409768      1.543863      1.381988      1.386353      1.211215      1.529671      1.166569      1.009695      1.127177      1.052786 
     1.408341      1.543221      1.380932      1.384695      1.214543      1.524274      1.160247      1.043662      1.136887      1.041179 
     1.407893      1.541923      1.380379      1.382471      1.217861      1.518981      1.152040      1.084625      1.147608      1.036771 
     1.408435      1.539985      1.380353      1.379710      1.221087      1.514065      1.142474      1.128408      1.158422      1.040332 
     1.409920      1.537438      1.380886      1.376454      1.224142      1.509798      1.132120      1.171512      1.168375      1.051743 
     1.412265      1.534317      1.382018      1.372751      1.226950      1.506423      1.121588      1.211299      1.176541      1.070018 
     1.415354      1.530663      1.383790      1.368658      1.229441      1.504137      1.111502      1.245890      1.182101      1.093557 
     1.419065      1.526519      1.386235      1.364236      1.231553      1.503072      1.102490      1.274033      1.184385      1.120451 
     1.423273      1.521927      1.389371      1.359549      1.233233      1.503297      1.095145      1.294939      1.182910      1.148761 
     1.427862      1.516928      1.393199      1.354664      1.234437      1.504821      1.089970      1.308130      1.177423      1.176748 
     1.432736      1.511559      1.397703      1.349644      1.235129      1.507607      1.087346      1.313354      1.167907      1.202932 
     1.437814      1.505851      1.402850      1.344555      1.235284      1.511584      1.087485      1.310512      1.154615      1.226112 
     1.443037      1.499832      1.408591      1.339461      1.234887      1.516654      1.090413      1.299649      1.138095      1.245338 
     1.448361      1.493528      1.414864      1.334427      1.233930      1.522696      1.095965      1.280974      1.119223      1.259864 
     1.453752      1.486970      1.421594      1.329521      1.232418      1.529570      1.103810      1.254930      1.099209      1.269103 
     1.459186      1.480188      1.428688      1.324808      1.230369      1.537107      1.113474      1.222311      1.079589      1.272596 
     1.464634      1.473216      1.436041      1.320357      1.227817      1.545115      1.124378      1.184404      1.062129      1.270001 
     1.470060      1.466103      1.443532      1.316232      1.224811      1.553373      1.135869      1.143157      1.048651      1.261121 
     1.475403      1.458901      1.451031      1.312495      1.221415      1.561650      1.147252      1.101302      1.040745      1.245939 
     1.480577      1.451671      1.458408      1.309199      1.217709      1.569717      1.157809      1.062340      1.039452      1.224694 
     1.485459      1.444473      1.465538      1.306387      1.213783      1.577368      1.166831      1.030277      1.045020      1.197956 
     1.489896      1.437368      1.472305      1.304087      1.209737      1.584446      1.173665      1.009002      1.056820      1.166696 
     1.493745      1.430404      1.478618      1.302312      1.205670      1.590859      1.177776      1.001318      1.073511      1.132378 
     1.496889      1.423623      1.484395      1.301064      1.201678      1.596583      1.178796      1.008053      1.093271      1.096992 
     1.499287      1.417055      1.489569      1.300333      1.197854      1.601649      1.176592      1.027773      1.114126      1.063062 
     1.500973      1.410718      1.494081      1.300099      1.194282      1.606113      1.171260      1.057303      1.134205      1.033524 
     1.502031      1.404621      1.497889      1.300337      1.191035      1.610015      1.163104      1.092709      1.151904      1.011412 
     1.502567      1.398764      1.500969      1.301019      1.188176      1.613370      1.152603      1.130188      1.165979      0.999319 
     1.502676      1.393144      1.503325      1.302114      1.185752      1.616154      1.140356      1.166566      1.175592      0.998766 
     1.502433      1.387754      1.504990      1.303594      1.183801      1.618323      1.127058      1.199437      1.180302      1.009787 
     1.501889      1.382589      1.506021      1.305433      1.182345      1.619821      1.113486      1.227083      1.180014      1.030932 
     1.501076      1.377648      1.506486      1.307610      1.181398      1.620597      1.100458      1.248329      1.174920      1.059708 
     1.500008      1.372936      1.506451      1.310106      1.180963      1.620616      1.088795      1.262389      1.165448      1.093194 
     1.498691      1.368462      1.505965      1.312904      1.181031      1.619860      1.079267      1.268775      1.152231      1.128556 
     1.497126      1.364241      1.505058      1.315996      1.181583      1.618325      1.072515      1.267228      1.136093      1.163341 
     1.495308      1.360296      1.503740      1.319376      1.182589      1.616020      1.068980      1.257696      1.118066      1.195577 
     1.493235      1.356651      1.501999      1.323040      1.184008      1.612968      1.068854      1.240358      1.099378      1.223752 
     1.490898      1.353335      1.499807      1.326990      1.185790      1.609196      1.072041      1.215684      1.081436      1.246744 
     1.488282      1.350382      1.497126      1.331227      1.187874      1.604743      1.078171      1.184542      1.065750      1.263751 
     1.485357      1.347828      1.493918      1.335752      1.190191      1.599653      1.086640      1.148349      1.053794      1.274231 
     1.482075      1.345709      1.490157      1.340565      1.192666      1.593978      1.096685      1.109246      1.046811      1.277861 
     1.478360      1.344059      1.485842      1.345662      1.195216      1.587775      1.107469      1.070230      1.045604      1.274533 
     1.474113      1.342904      1.481009      1.351030      1.197754      1.581097      1.118158      1.035127      1.050370      1.264358 
     1.469234      1.342263      1.475727      1.356650      1.200192      1.573995      1.128015      1.008252      1.060662      1.247697 
     1.463664      1.342140      1.470102      1.362497      1.202445      1.566525      1.136464      0.993590      1.075472      1.225185 
     1.457435      1.342523      1.464250      1.368540      1.204434      1.558771      1.143156      0.993658      1.093414      1.197753 
     1.450697      1.343385      1.458297      1.374739      1.206087      1.550875      1.147961      1.008570      1.112959      1.166698 
     1.443702      1.344683      1.452354      1.381046      1.207345      1.543046      1.150931      1.035950      1.132628      1.133712 
     1.436741      1.346360      1.446512      1.387407      1.208164      1.535517      1.152227      1.071762      1.151132      1.100877 
     1.430079      1.348351      1.440830      1.393768      1.208517      1.528498      1.152036      1.111480      1.167473      1.070606 
     1.423916      1.350582      1.435340      1.400077      1.208398      1.522132      1.150564      1.151055      1.180944      1.045390 
     1.418376      1.352984      1.430045      1.406298      1.207817      1.516490      1.148027      1.187338      1.191089      1.027402 
     1.413517      1.355490      1.424936      1.412403      1.206801      1.511593      1.144588      1.218152      1.197710      1.018255 
     1.409350      1.358042      1.420012      1.418383      1.205388      1.507455      1.140391      1.242149      1.200761      1.018625 
     1.405861      1.360587      1.415287      1.424236      1.203622      1.504121      1.135600      1.258589      1.200298      1.028074 
     1.403017      1.363074      1.410799      1.429967      1.201556      1.501673      1.130414      1.267141      1.196433      1.045174 
     1.400789      1.365453      1.406609      1.435584      1.199249      1.500217      1.125010      1.267731      1.189353      1.067951 
     1.399142      1.367673      1.402793      1.441092      1.196763      1.499861      1.119606      1.260465      1.179319      1.094206 
     1.398055      1.369685      1.399433      1.446494      1.194168      1.500709      1.114445      1.245620      1.166697      1.121816 
     1.397512      1.371434      1.396608      1.451787      1.191540      1.502823      1.109776      1.223661      1.151994      1.148950 
     1.397507      1.372865      1.394390      1.456965      1.188960      1.506218      1.105850      1.195326      1.135877      1.174114 
     1.398042      1.373920      1.392842      1.462013      1.186513      1.510857      1.102898      1.161730      1.119195      1.196141 
     1.399126      1.374541      1.392018      1.466915      1.184286      1.516649      1.101103      1.124514      1.102963      1.214150 
     1.400775      1.374672      1.391959      1.471651      1.182366      1.523445      1.100582      1.085997      1.088309      1.227493 
     1.403003      1.374264      1.392698      1.476199      1.180835      1.531040      1.101350      1.049263      1.076385      1.235719 
     1.405826      1.373277      1.394259      1.480535      1.179771      1.539199      1.103305      1.018073      1.068218      1.238547 
     1.409252      1.371680      1.396655      1.484641      1.179241      1.547678      1.106221      0.996462      1.064571      1.235861 
     1.413285      1.369456      1.399888      1.488501      1.179298      1.556271      1.109771      0.987935      1.065806      1.227721 
     1.417915      1.366606      1.403947      1.492105      1.179983      1.564839      1.113583      0.994450      1.071810      1.214389 
     1.423126      1.363150      1.408800      1.495445      1.181315      1.573314      1.117295      1.015705      1.081994      1.196397 
     1.428884      1.359134      1.414387      1.498513      1.183293      1.581661      1.120616      1.049250      1.095357      1.174603 
     1.435140      1.354633      1.420611      1.501301      1.185884      1.589826      1.123349      1.091252      1.110603      1.150250 
     1.441823      1.349751      1.427340      1.503801      1.189025      1.597716      1.125381      1.137472      1.126299      1.124972 
     1.448840      1.344615      1.434409      1.506003      1.192624      1.605193      1.126670      1.183995      1.141034      1.100683 
     1.456082      1.339369      1.441640      1.507903      1.196564      1.612106      1.127234      1.227606      1.153564      1.079400 
     1.463433      1.334161      1.448860      1.509492      1.200715      1.618313      1.127142      1.265911      1.162907      1.062984 
     1.470784      1.329129      1.455922      1.510765      1.204944      1.623699      1.126499      1.297247      1.168404      1.052848 
     1.478039      1.324405      1.462708      1.511715      1.209122      1.628177      1.125429      1.320541      1.169740      1.049710 
     1.485118      1.320108      1.469145      1.512333      1.213131      1.631687      1.124076      1.335140      1.166931      1.053493 
     1.491959      1.316340      1.475191      1.512606      1.216866      1.634180      1.122588      1.340675      1.160323      1.063369 
     1.498519      1.313197      1.480827      1.512519      1.220230      1.635604      1.121102      1.336970      1.150544      1.077942 
     1.504769      1.310762      1.486045      1.512047      1.223141      1.635900      1.119735      1.324004      1.138476      1.095510 
     1.510682      1.309114      1.490833      1.511166      1.225527      1.635002      1.118588      1.301941      1.125242      1.114319 
     1.516242      1.308318      1.495172      1.509846      1.227329      1.632845      1.117719      1.271211      1.112126      1.132744 
     1.521425      1.308434      1.499036      1.508057      1.228500      1.629369      1.117118      1.232637      1.100466      1.149390 
     1.526197      1.309505      1.502382      1.505773      1.229012      1.624535      1.116719      1.187655      1.091531      1.163167 
     1.530508      1.311555      1.505179      1.502969      1.228856      1.618334      1.116392      1.138550      1.086348      1.173320 
     1.534277      1.314585      1.507398      1.499627      1.228042      1.610795      1.115950      1.088655      1.085538      1.179447 
     1.537378      1.318573      1.509037      1.495738      1.226607      1.601972      1.115193      1.042433      1.089167      1.181459 
     1.539651      1.323472      1.510119      1.491300      1.224609      1.591937      1.113964      1.005191      1.096751      1.179583 
     1.540918      1.329215      1.510698      1.486317      1.222127      1.580763      1.112158      0.982096      1.107384      1.174311 
     1.541047      1.335718      1.510849      1.480794      1.219254      1.568515      1.109816      0.976713      1.119855      1.166309 
     1.540025      1.342885      1.510659      1.474738      1.216091      1.555291      1.107184      0.989733      1.132865      1.156385 
     1.537984      1.350612      1.510216      1.468167      1.212748      1.541256      1.104620      1.018630      1.145189      1.145435 
     1.535160      1.358784      1.509595      1.461105      1.209337      1.526655      1.102506      1.058711      1.155768      1.134375 
     1.531827      1.367280      1.508862      1.453586      1.205968      1.511793      1.101157      1.104676      1.163784      1.124077 
     1.528230      1.375985      1.508067      1.445647      1.202747      1.496998      1.100763      1.151765      1.168681      1.115292 
     1.524558      1.384794      1.507241      1.437325      1.199767      1.482582      1.101403      1.196291      1.170177      1.108581 
     1.520940      1.393620      1.506397      1.428654      1.197107      1.468819      1.103047      1.235676      1.168246      1.104275 
     1.517454      1.402397      1.505537      1.419660      1.194831      1.455945      1.105586      1.268252      1.163085      1.102461 
     1.514138      1.411080      1.504647      1.410361      1.192986      1.444157      1.108860      1.293021      1.155089      1.103010 
     1.511006      1.419641      1.503704      1.400772      1.191602      1.433628      1.112681      1.309408      1.144816      1.105603 
     1.508051      1.428067      1.502678      1.390905      1.190700      1.424508      1.116850      1.317103      1.132989      1.109785 
     1.505256      1.436351      1.501532      1.380775      1.190286      1.416937      1.121171      1.315955      1.120494      1.115008 
     1.502595      1.444489      1.500224      1.370406      1.190358      1.411045      1.125460      1.305915      1.108357      1.120683 
     1.500033      1.452479      1.498713      1.359838      1.190897      1.406954      1.129548      1.287063      1.097721      1.126208 
     1.497529      1.460310      1.496964      1.349129      1.191877      1.404767      1.133286      1.259682      1.089774      1.131001 
     1.495032      1.467962      1.494953      1.338364      1.193252      1.404562      1.136544      1.224389      1.085618      1.134524 
     1.492475      1.475401      1.492673      1.327663      1.194963      1.406374      1.139214      1.182343      1.086115      1.136324 
     1.489776      1.482578      1.490137      1.317174      1.196929      1.410168      1.141203      1.135507      1.091718      1.136074 
     1.486834      1.489427      1.487377      1.307075      1.199056      1.415813      1.142423      1.086889      1.102334      1.133604 
     1.483526      1.495874      1.484438      1.297559      1.201232      1.423064      1.142781      1.040654      1.117312      1.128948 
     1.479729      1.501841      1.481369      1.288824      1.203341      1.431566      1.142183      1.001937      1.135522      1.122355 
     1.475340      1.507253      1.478214      1.281049      1.205264      1.440897      1.140550      0.976062      1.155534      1.114287 
     1.470317      1.512049      1.475002      1.274387      1.206893      1.450670      1.137847      0.967138      1.175828      1.105378 
     1.464700      1.516176      1.471745      1.268959      1.208132      1.460634      1.134141      0.976590      1.194959      1.096383 
     1.458603      1.519592      1.468446      1.264851      1.208902      1.470719      1.129628      1.002598      1.211655      1.088114 
     1.452168      1.522266      1.465099      1.262123      1.209145      1.480992      1.124625      1.040900      1.224866      1.081365 
     1.445532      1.524173      1.461696      1.260801      1.208826      1.491570      1.119529      1.086344      1.233762      1.076825 
     1.438803      1.525295      1.458233      1.260884      1.207930      1.502551      1.114752      1.134150      1.237748      1.075001 
     1.432060      1.525621      1.454709      1.262341      1.206467      1.513993      1.110685      1.180534      1.236443      1.076148 
     1.425357      1.525145      1.451134      1.265120      1.204466      1.525916      1.107667      1.222786      1.229676      1.080238 
     1.418729      1.523856      1.447521      1.269153      1.201977      1.538319      1.105963      1.259103      1.217467      1.086974 
     1.412209      1.521738      1.443896      1.274363      1.199064      1.551194      1.105748      1.288341      1.200039      1.095841 
     1.405824      1.518767      1.440292      1.280667      1.195806      1.564532      1.107108      1.309794      1.177844      1.106161 
     1.399607      1.514906      1.436749      1.287986      1.192293      1.578326      1.110032      1.323020      1.151617      1.117158 
     1.393599      1.510107      1.433313      1.296237      1.188630      1.592572      1.114423      1.327729      1.122474      1.128014 
     1.387860      1.504308      1.430034      1.305341      1.184934      1.607255      1.120093      1.323726      1.092023      1.137909 
     1.382466      1.497442      1.426960      1.315216      1.181333      1.622347      1.126778      1.310914      1.062459      1.146061 
     1.377516      1.489438      1.424129      1.325778      1.177968      1.637796      1.134143      1.289362      1.036560      1.151763 
     1.373128      1.480232      1.421563      1.336932      1.174985      1.653516      1.141802      1.259423      1.017493      1.154439 
     1.369441      1.469782      1.419260      1.348570      1.172529      1.669372      1.149315      1.221914      1.008315      1.153724 
     1.366599      1.458088      1.417197      1.360565      1.170738      1.685169      1.156206      1.178383      1.011207      1.149553 
     1.364736      1.445210      1.415343      1.372758      1.169727      1.700651      1.161938      1.131339      1.026754      1.142231 
     1.363948      1.431295      1.413674      1.384961      1.169569      1.715497      1.166009      1.084494      1.053613      1.132456 
     1.364257      1.416575      1.412191      1.396966      1.170281      1.729354      1.167934      1.042558      1.088844      1.121228 
     1.365600      1.401351      1.410911      1.408567      1.171814      1.741883      1.167346      1.010605      1.128691      1.109699 
     1.367837      1.385958      1.409861      1.419584      1.174060      1.752823      1.164030      0.992850      1.169424      1.099021 
     1.370796      1.370724      1.409055      1.429887      1.176861      1.762024      1.158028      0.991264      1.207892      1.090142 
     1.374331      1.355944      1.408498      1.439398      1.180039      1.769444      1.149625      1.004876      1.241791      1.083740 
     1.378349      1.341863      1.408186      1.448085      1.183408      1.775104      1.139338      1.030260      1.269636      1.080173 
     1.382796      1.328684      1.408112      1.455948      1.186793      1.779053      1.127833      1.062820      1.290607      1.079490 
     1.387646      1.316567      1.408278      1.463008      1.190037      1.781338      1.115863      1.098073      1.304359      1.081471 
     1.392874      1.305636      1.408689      1.469298      1.193005      1.782002      1.104195      1.132347      1.310849      1.085701 
     1.398452      1.295991      1.409362      1.474856      1.195587      1.781080      1.093585      1.162993      1.310202      1.091645 
     1.404353      1.287707      1.410319      1.479720      1.197698      1.778594      1.084731      1.188257      1.302627      1.098720 
     1.410555      1.280849      1.411589      1.483923      1.199273      1.774551      1.078238      1.207064      1.288374      1.106360 
     1.417050      1.275477      1.413198      1.487488      1.200268      1.768943      1.074565      1.218804      1.267720      1.114048 
     1.423844      1.271645      1.415170      1.490431      1.200658      1.761747      1.073988      1.223188      1.241033      1.121346 
     1.430961      1.269409      1.417516      1.492756      1.200436      1.752929      1.076575      1.220155      1.208852      1.127904 
     1.438435      1.268820      1.420227      1.494459      1.199619      1.742446      1.082161      1.209866      1.172041      1.133464 
     1.446307      1.269917      1.423263      1.495524      1.198246      1.730258      1.090373      1.192754      1.131988      1.137853 
     1.454611      1.272727      1.426542      1.495933      1.196388      1.716327      1.100623      1.169621      1.090826      1.140977 
     1.463358      1.277243      1.429932      1.495665      1.194144      1.700636      1.112170      1.141792      1.051586      1.142799 
     1.472519      1.283420      1.433260      1.494700      1.191650      1.683193      1.124171      1.111250      1.018154      1.143315 
     1.482023      1.291160      1.436336      1.493026      1.189065      1.664049      1.135743      1.080707      0.994812      1.142539 
     1.491745      1.300314      1.439007      1.490640      1.186570      1.643325      1.146014      1.053501      0.985243      1.140502 
     1.501517      1.310673      1.441203      1.487555      1.184353      1.621243      1.154202      1.033217      0.991295      1.137266 
     1.511145      1.321980      1.442961      1.483798      1.182589      1.598157      1.159680      1.022975      1.012182      1.132957 
     1.520440      1.333929      1.444391      1.479421      1.181425      1.574548      1.162029      1.024548      1.044703      1.127799 
     1.529236      1.346189      1.445625      1.474493      1.180963      1.551002      1.161094      1.037725      1.084283      1.122108 
     1.537397      1.358425      1.446765      1.469102      1.181249      1.528145      1.156993      1.060337      1.126194      1.116262 
     1.544821      1.370332      1.447871      1.463343      1.182268      1.506571      1.150088      1.088955      1.166390      1.110637 
     1.551429      1.381667      1.448964      1.457308      1.183959      1.486776      1.140930      1.119846      1.201876      1.105567 
     1.557166      1.392255      1.450039      1.451077      1.186226      1.469114      1.130193      1.149701      1.230727      1.101311 
     1.562000      1.401997      1.451080      1.444710      1.188957      1.453796      1.118619      1.175995      1.251889      1.098047 
     1.565916      1.410854      1.452068      1.438249      1.192035      1.440914      1.106972      1.197030      1.264937      1.095865 
     1.568915      1.418828      1.452989      1.431720      1.195356      1.430477      1.096010      1.211779      1.269845      1.094778 
     1.571002      1.425950      1.453835      1.425132      1.198823      1.422441      1.086445      1.219707      1.266806      1.094740 
     1.572187      1.432261      1.454606      1.418486      1.202352      1.416743      1.078918      1.220607      1.256131      1.095650 
     1.572472      1.437808      1.455305      1.411776      1.205870      1.413312      1.073956      1.214497      1.238212      1.097366 
     1.571856      1.442629      1.455944      1.404993      1.209311      1.412079      1.071931      1.201570      1.213557      1.099718 
     1.570323      1.446755      1.456538      1.398125      1.212614      1.412975      1.073033      1.182219      1.182862      1.102506 
     1.567849      1.450206      1.457104      1.391167      1.215722      1.415923      1.077242      1.157100      1.147146      1.105506 
     1.564397      1.452988      1.457658      1.384117      1.218576      1.420824      1.084326      1.127270      1.107953      1.108473 
     1.559912      1.455096      1.458214      1.376978      1.221117      1.427536      1.093852      1.094335      1.067552      1.111153 
     1.554321      1.456514      1.458773      1.369763      1.223288      1.435860      1.105226      1.060611      1.029099      1.113280 
     1.547528      1.457218      1.459327      1.362491      1.225029      1.445541      1.117743      1.029197      0.996618      1.114602 
     1.539407      1.457174      1.459858      1.355184      1.226283      1.456291      1.130645      1.003862      0.974580      1.114916 
     1.529804      1.456344      1.460348      1.347873      1.226995      1.467849      1.143192      0.988575      0.966973      1.114144 
     1.518557      1.454680      1.460796      1.340595      1.227114      1.480053      1.154729      0.986688      0.976108      1.112396 
     1.505532      1.452133      1.461233      1.333406      1.226590      1.492893      1.164742      0.999989      1.001801      1.109995 
     1.490689      1.448660      1.461726      1.326393      1.225390      1.506489      1.172890      1.028084      1.041458      1.107452 
     1.474138      1.444245      1.462358      1.319686      1.223500      1.520993      1.179003      1.068491      1.090922      1.105366 
     1.456172      1.438912      1.463213      1.313454      1.220947      1.536471      1.183043      1.117294      1.145479      1.104294 
     1.437255      1.432743      1.464347      1.307886      1.217807      1.552824      1.185070      1.170025      1.200606      1.104610 
     1.417963      1.425869      1.465788      1.303163      1.214203      1.569780      1.185174      1.222393      1.252437      1.106421 
     1.398904      1.418459      1.467523      1.299428      1.210291      1.586956      1.183450      1.270807      1.298014      1.109545 
     1.380641      1.410688      1.469516      1.296764      1.206244      1.603930      1.179990      1.312607      1.335339      1.113569 
     1.363633      1.402718      1.471715      1.295196      1.202228      1.620316      1.174884      1.346074      1.363275      1.117957 
     1.348229      1.394679      1.474064      1.294692      1.198392      1.635812      1.168237      1.370266      1.381337      1.122160 
     1.334661      1.386664      1.476516      1.295188      1.194860      1.650201      1.160192      1.384798      1.389483      1.125701 
     1.323079      1.378733      1.479030      1.296597      1.191734      1.663348      1.150958      1.389639      1.387917      1.128222 
     1.313569      1.370923      1.481573      1.298826      1.189092      1.675182      1.140827      1.384956      1.376975      1.129508 
     1.306172      1.363254      1.484121      1.301782      1.186995      1.685672      1.130176      1.371015      1.357049      1.129481 
     1.300902      1.355737      1.486649      1.305374      1.185488      1.694807      1.119491      1.348165      1.328601      1.128193 
     1.297751      1.348389      1.489131      1.309516      1.184605      1.702580      1.109346      1.316865      1.292217      1.125809 
     1.296685      1.341233      1.491532      1.314127      1.184361      1.708981      1.100381      1.277775      1.248748      1.122594 
     1.297641      1.334306      1.493798      1.319124      1.184756      1.713983      1.093250      1.231921      1.199512      1.118918 
     1.300512      1.327663      1.495853      1.324425      1.185773      1.717535      1.088557      1.180893      1.146499      1.115167 
     1.305138      1.321374      1.497582      1.329952      1.187370      1.719556      1.086730      1.127072      1.092622      1.111715 
     1.311300      1.315521      1.498834      1.335623      1.189485      1.719929      1.087960      1.073850      1.041861      1.108897 
     1.318725      1.310187      1.499430      1.341366      1.192037      1.718502      1.092128      1.025663      0.999151      1.106968 
     1.327115      1.305450      1.499188      1.347118      1.194933      1.715113      1.098814      0.987699      0.969713      1.106026 
     1.336203      1.301380      1.497965      1.352836      1.198076      1.709630      1.107355      0.965007      0.957751      1.106046 
     1.345807      1.298039      1.495705      1.358486      1.201372      1.702029      1.116971      0.961029      0.964943      1.106904 
     1.355865      1.295482      1.492461      1.364044      1.204729      1.692446      1.126895      0.976259      0.989749      1.108473 
     1.366395      1.293761      1.488369      1.369482      1.208051      1.681180      1.136455      1.007974      1.028021      1.110632 
     1.377430      1.292928      1.483601      1.374763      1.211243      1.668633      1.145076      1.051259      1.074454      1.113256 
     1.388957      1.293019      1.478327      1.379843      1.214207      1.655244      1.152275      1.100611      1.123906      1.116175 
     1.400907      1.294049      1.472694      1.384678      1.216853      1.641429      1.157638      1.151103      1.172143      1.119180 
     1.413174      1.296014      1.466816      1.389230      1.219103      1.627549      1.160833      1.198916      1.216053      1.122025 
     1.425638      1.298886      1.460777      1.393472      1.220898      1.613895      1.161623      1.241374      1.253548      1.124460 
     1.438198      1.302623      1.454634      1.397392      1.222197      1.600682      1.159871      1.276747      1.283345      1.126254 
     1.450770      1.307173      1.448421      1.400983      1.222976      1.588066      1.155552      1.303995      1.304719      1.127219 
     1.463300      1.312483      1.442161      1.404249      1.223223      1.576154      1.148751      1.322504      1.317288      1.127216 
     1.475756      1.318498      1.435867      1.407191      1.222939      1.565018      1.139674      1.331898      1.320852      1.126172 
     1.488129      1.325164      1.429551      1.409813      1.222130      1.554711      1.128651      1.331912      1.315298      1.124076 
     1.500418      1.332427      1.423230      1.412110      1.220810      1.545273      1.116157      1.322324      1.300570      1.120988 
     1.512628      1.340232      1.416927      1.414074      1.219001      1.536738      1.102831      1.302968      1.276703      1.117032 
     1.524762      1.348515      1.410676      1.415685      1.216734      1.529135      1.089474      1.273810      1.243927      1.112404 
     1.536806      1.357198      1.404525      1.416919      1.214050      1.522485      1.077036      1.235109      1.202865      1.107364 
     1.548724      1.366187      1.398535      1.417739      1.211005      1.516788      1.066551      1.187682      1.154833      1.102247 
     1.560448      1.375366      1.392770      1.418110      1.207674      1.512006      1.059040      1.133288      1.102194      1.097424 
     1.571876      1.384601      1.387285      1.417993      1.204147      1.508035      1.055350      1.075057      1.048705      1.093256 
     1.582867      1.393749      1.382111      1.417356      1.200529      1.504679      1.055977      1.017865      0.999695      1.090067 
     1.593253      1.402675      1.377238      1.416179      1.196927      1.501652      1.060955      0.968413      0.961667      1.088098 
     1.602855      1.411268      1.372631      1.414447      1.193440      1.498619      1.069852      0.934454      0.941013      1.087527 
     1.611499      1.419451      1.368274      1.412156      1.190158      1.495319      1.081923      0.922768      0.941900      1.088517 
     1.619047      1.427169      1.364222      1.409308      1.187157      1.491718      1.096276      0.936362      0.964544      1.091250 
     1.625418      1.434365      1.360628      1.405916      1.184508      1.488064      1.111989      0.972983      1.005216      1.095887 
     1.630589      1.440963      1.357692      1.402018      1.182280      1.484793      1.128129      1.026320      1.057931      1.102413 
     1.634576      1.446871      1.355609      1.397686      1.180533      1.482360      1.143733      1.088681      1.116375      1.110535 
     1.637419      1.451998      1.354519      1.393023      1.179311      1.481112      1.157864      1.153155      1.175166      1.119668 
     1.639171      1.456269      1.354488      1.388152      1.178632      1.481239      1.169690      1.214519      1.230300      1.129027 
     1.639898      1.459641      1.355522      1.383197      1.178485      1.482790      1.178563      1.269322      1.279127      1.137762 
     1.639670      1.462104      1.357581      1.378273      1.178840      1.485713      1.184051      1.315566      1.320111      1.145088 
     1.638556      1.463669      1.360608      1.373476      1.179652      1.489897      1.185927      1.352281      1.352487      1.150367 
     1.636616      1.464363      1.364543      1.368885      1.180868      1.495208      1.184157      1.379120      1.375965      1.153145 
     1.633901      1.464220      1.369332      1.364562      1.182432      1.501515      1.178857      1.396053      1.390490      1.153157 
     1.630445      1.463273      1.374931      1.360559      1.184291      1.508696      1.170277      1.403159      1.396080      1.150319 
     1.626267      1.461556      1.381306      1.356920      1.186392      1.516643      1.158804      1.400516      1.392741      1.144725 
     1.621374      1.459098      1.388426      1.353686      1.188686      1.525261      1.144978      1.388159      1.380433      1.136647 
     1.615759      1.455926      1.396264      1.350896      1.191125      1.534456      1.129496      1.366098      1.359092      1.126550 
     1.609408      1.452072      1.404780      1.348589      1.193659      1.544129      1.113239      1.334400      1.328713      1.115113 
     1.602303      1.447578      1.413917      1.346804      1.196236      1.554163      1.097270      1.293358      1.289505      1.103240 
     1.594426      1.442505      1.423583      1.345576      1.198800      1.564410      1.082776      1.243737      1.242127      1.092039 
     1.585766      1.436935      1.433647      1.344929      1.201288      1.574673      1.070982      1.187134      1.188002      1.082729 
     1.576313      1.430979      1.443928      1.344873      1.203635      1.584700      1.062965      1.126365      1.129714      1.076509 
     1.566053      1.424775      1.454199      1.345397      1.205773      1.594178      1.059467      1.065808      1.071303      1.074332 
     1.554953      1.418476      1.464197      1.346465      1.207639      1.602747      1.060686      1.011417      1.018357      1.076666 
     1.542951      1.412234      1.473666      1.348013      1.209181      1.610033      1.066250      0.970139      0.977488      1.083380 
     1.529987      1.406180      1.482400      1.349969      1.210359      1.615723      1.075328      0.948396      0.954866      1.093757 
     1.516085      1.400420      1.490281      1.352251      1.211150      1.619652      1.086821      0.949684      0.954139      1.106710 
     1.501417      1.395039      1.497289      1.354771      1.211542      1.621872      1.099598      0.972958      0.974771      1.121021 
     1.486306      1.390115      1.503464      1.357443      1.211531      1.622629      1.112637      1.013138      1.012264      1.135515 
     1.471140      1.385717      1.508858      1.360171      1.211125      1.622268      1.125049      1.063254      1.060084      1.149141 
     1.456293      1.381905      1.513507      1.362864      1.210344      1.621140      1.136102      1.116668      1.111704      1.161005 
     1.442065      1.378717      1.517435      1.365432      1.209217      1.619536      1.145240      1.168223      1.161883      1.170410 
     1.428663      1.376169      1.520656      1.367804      1.207784      1.617680      1.152087      1.214454      1.206974      1.176875 
     1.416204      1.374251      1.523188      1.369918      1.206089      1.615726      1.156444      1.253325      1.244741      1.180124 
     1.404743      1.372936      1.525048      1.371729      1.204178      1.613772      1.158268      1.283826      1.273979      1.180061 
     1.394291      1.372185      1.526251      1.373204      1.202096      1.611881      1.157650      1.305581      1.294142      1.176739 
     1.384838      1.371950      1.526812      1.374317      1.199891      1.610090      1.154786      1.318556      1.305056      1.170334 
     1.376364      1.372179      1.526741      1.375045      1.197610      1.608419      1.149969      1.322873      1.306724      1.161137 
     1.368860      1.372817      1.526041      1.375368      1.195303      1.606880      1.143584      1.318696      1.299229      1.149553 
     1.362326      1.373802      1.524712      1.375268      1.193024      1.605472      1.136103      1.306210      1.282711      1.136108 
     1.356776      1.375071      1.522751      1.374724      1.190830      1.604187      1.128057      1.285647      1.257438      1.121486 
     1.352242      1.376555      1.520152      1.373718      1.188786      1.603003      1.120057      1.257372      1.223902      1.106498 
     1.348776      1.378169      1.516908      1.372240      1.186961      1.601876      1.112776      1.222026      1.183009      1.092053 
     1.346432      1.379825      1.513011      1.370287      1.185424      1.600729      1.106836      1.180712      1.136379      1.079128 
     1.345253      1.381433      1.508451      1.367861      1.184246      1.599434      1.102729      1.135229      1.086731      1.068720 
     1.345269      1.382896      1.503200      1.364982      1.183490      1.597800      1.100804      1.088287      1.038032      1.061606 
     1.346479      1.384123      1.497205      1.361688      1.183202      1.595575      1.101199      1.043631      0.995535      1.058259 
     1.348841      1.385034      1.490380      1.358020      1.183417      1.592447      1.103775      1.005855      0.965279      1.058808 
     1.352293      1.385560      1.482618      1.354032      1.184150      1.588133      1.108252      0.979855      0.952608      1.063025 
     1.356772      1.385645      1.473846      1.349782      1.185399      1.582478      1.114242      0.969708      0.960383      1.070469 
     1.362220      1.385253      1.464090      1.345328      1.187145      1.575542      1.121277      0.977378      0.987848      1.080617 
     1.368618      1.384349      1.453490      1.340747      1.189355      1.567623      1.128882      1.001970      1.031026      1.092856 
     1.375940      1.382918      1.442289      1.336134      1.191975      1.559189      1.136497      1.040121      1.084375      1.106476 
     1.384125      1.380966      1.430785      1.331602      1.194923      1.550779      1.143402      1.087122      1.142383      1.120683 
     1.393091      1.378508      1.419280      1.327284      1.198101      1.542900      1.148921      1.138235      1.200367      1.134604 
     1.402720      1.375581      1.408055      1.323325      1.201389      1.535973      1.152413      1.189404      1.254757      1.147363 
     1.412866      1.372235      1.397353      1.319861      1.204663      1.530318      1.153310      1.237513      1.303077      1.158190 
     1.423396      1.368518      1.387375      1.317020      1.207804      1.526142      1.151315      1.280420      1.343708      1.166451 
     1.434187      1.364483      1.378284      1.314914      1.210701      1.523556      1.146365      1.316727      1.375654      1.171666 
     1.445131      1.360184      1.370217      1.313642      1.213255      1.522596      1.138634      1.345568      1.398314      1.173528 
     1.456141      1.355670      1.363290      1.313283      1.215380      1.523241      1.128597      1.366434      1.411318      1.171897 
     1.467145      1.350990      1.357611      1.313901      1.217011      1.525421      1.117014      1.379018      1.414412      1.166810 
     1.478077      1.346196      1.353278      1.315541      1.218096      1.529027      1.104925      1.383156      1.407409      1.158488 
     1.488872      1.341345      1.350379      1.318223      1.218603      1.533913      1.093594      1.378787      1.390198      1.147364 
     1.499451      1.336508      1.348982      1.321940      1.218519      1.539898      1.084402      1.365980      1.362807      1.134094 
     1.509724      1.331765      1.349125      1.326651      1.217855      1.546762      1.078669      1.345005      1.325528      1.119580 
     1.519584      1.327211      1.350796      1.332270      1.216649      1.554246      1.077407      1.316434      1.279101      1.104944 
     1.528912      1.322949      1.353916      1.338671      1.214966      1.562050      1.081087      1.281267      1.224945      1.091451 
     1.537588      1.319084      1.358327      1.345683      1.212898      1.569843      1.089434      1.241008      1.165431      1.080364 
     1.545494      1.315715      1.363792      1.353104      1.210557      1.577275      1.101505      1.197748      1.104106      1.072756 
     1.552530      1.312921      1.370001      1.360723      1.208065      1.583993      1.115822      1.154090      1.045788      1.069314 
     1.558612      1.310754      1.376616      1.368343      1.205541      1.589662      1.130693      1.113002      0.996354      1.070206 
     1.563681      1.309237      1.383320      1.375799      1.203088      1.593998      1.144496      1.077527      0.961927      1.075067 
     1.567699      1.308371      1.389899      1.382970      1.200788      1.596789      1.155887      1.050443      0.947304      1.083112 
     1.570656      1.308140      1.396285      1.389776      1.198706      1.597929      1.163889      1.033812      0.954112      1.093352 
     1.572575      1.308521      1.402547      1.396167      1.196884      1.597432      1.167897      1.028602      0.980042      1.104767 
     1.573518      1.309488      1.408821      1.402111      1.195356      1.595418      1.167657      1.034443      1.019901      1.116423 
     1.573583      1.311015      1.415231      1.407587      1.194146      1.592070      1.163232      1.049688      1.067607      1.127531 
     1.572890      1.313072      1.421850      1.412583      1.193268      1.587583      1.154964      1.071829      1.117699      1.137432 
     1.571555      1.315636      1.428707      1.417095      1.192730      1.582132      1.143453      1.098013      1.166078      1.145650 
     1.569678      1.318686      1.435795      1.421124      1.192535      1.575854      1.129507      1.125534      1.209905      1.151844 
     1.567325      1.322208      1.443094      1.424679      1.192677      1.568850      1.114126      1.152111      1.247380      1.155810 
     1.564526      1.326193      1.450578      1.427773      1.193148      1.561179      1.098462      1.175955      1.277417      1.157468 
     1.561281      1.330644      1.458230      1.430419      1.193934      1.552871      1.083793      1.195742      1.299379      1.156850 
     1.557564      1.335573      1.466035      1.432631      1.195023      1.543932      1.071460      1.210526      1.312872      1.154083 
     1.553333      1.340999      1.473989      1.434420      1.196397      1.534348      1.062765      1.219643      1.317609      1.149389 
     1.548548      1.346948      1.482090      1.435796      1.198035      1.524108      1.058850      1.222654      1.313333      1.143086 
     1.543174      1.353448      1.490335      1.436764      1.199913      1.513204      1.060551      1.219311      1.299807      1.135597 
     1.537202      1.360524      1.498718      1.437325      1.202001      1.501661      1.068250      1.209573      1.276883      1.127451 
     1.530648      1.368187      1.507216      1.437481      1.204259      1.489546      1.081790      1.193668      1.244638      1.119279 
     1.523562      1.376426      1.515785      1.437234      1.206632      1.476990      1.100450      1.172205      1.203625      1.111781 
     1.516022      1.385198      1.524351      1.436589      1.209054      1.464188      1.123000      1.146300      1.155233      1.105656 
     1.508122      1.394420      1.532804      1.435562      1.211441      1.451389      1.147823      1.117697      1.102072      1.101480 
     1.499967      1.403965      1.541007      1.434178      1.213703      1.438849      1.173054      1.088771      1.048395      1.099607 
     1.491654      1.413681      1.548794      1.432473      1.215747      1.426781      1.196807      1.062365      1.000109      1.100040 
     1.483256      1.423409      1.555986      1.430493      1.217483      1.415320      1.217358      1.041421      0.964161      1.102428 
     1.474826      1.433009      1.562413      1.428286      1.218839      1.404543      1.233312      1.028452      0.946870      1.106186 
     1.466399      1.442363      1.567944      1.425899      1.219755      1.394580      1.243651      1.025010      0.951528      1.110676 
     1.458000      1.451384      1.572515      1.423368      1.220192      1.385713      1.247731      1.031344      0.977048      1.115374 
     1.449656      1.459994      1.576138      1.420724      1.220121      1.378397      1.245221      1.046382      1.018439      1.119877 
     1.441396      1.468124      1.578877      1.417992      1.219532      1.373146      1.236073      1.068048      1.069023      1.123865 
     1.433251      1.475714      1.580822      1.415194      1.218429      1.370412      1.220517      1.093780      1.122498      1.127067 
     1.425251      1.482709      1.582067      1.412344      1.216828      1.370503      1.199065      1.121037      1.173913      1.129256 
     1.417424      1.489073      1.582698      1.409447      1.214758      1.373556      1.172533      1.147633      1.219841      1.130267 
     1.409798      1.494781      1.582796      1.406501      1.212257      1.379561      1.142094      1.171893      1.258155      1.130017 
     1.402405      1.499814      1.582431      1.403497      1.209367      1.388381      1.109334      1.192659      1.287642      1.128509 
     1.395280      1.504161      1.581665      1.400418      1.206137      1.399796      1.076306      1.209191      1.307683      1.125822 
     1.388461      1.507809      1.580552      1.397245      1.202619      1.413526      1.045556      1.221073      1.318002      1.122113 
     1.381989      1.510740      1.579141      1.393952      1.198869      1.429270      1.020017      1.228102      1.318496      1.117603 
     1.375902      1.512929      1.577469      1.390512      1.194950      1.446734      1.002715      1.230226      1.309152      1.112583 
     1.370241      1.514344      1.575567      1.386896      1.190933      1.465673      0.996270      1.227509      1.290038      1.107391 
     1.365054      1.514942      1.573457      1.383080      1.186901      1.485911      1.002189      1.220106      1.261363      1.102409 
     1.360413      1.514674      1.571147      1.379046      1.182956      1.507335      1.020483      1.208333      1.223669      1.098043 
     1.356416      1.513491      1.568627      1.374792      1.179217      1.529837      1.049603      1.192724      1.178106      1.094694 
     1.353197      1.511354      1.565855      1.370338      1.175821      1.553235      1.086823      1.174129      1.126823      1.092704 
     1.350898      1.508245      1.562741      1.365728      1.172909      1.577205      1.128804      1.153737      1.073317      1.092290 
     1.349652      1.504178      1.559130      1.361030      1.170615      1.601264      1.172166      1.133057      1.022622      1.093489 
     1.349544      1.499196      1.554798      1.356329      1.169044      1.624833      1.213879      1.113768      0.980976      1.096133 
     1.350604      1.493372      1.549487      1.351712      1.168259      1.647343      1.251500      1.097493      0.954706      1.099897 
     1.352807      1.486793      1.543005      1.347264      1.168279      1.668368      1.283233      1.085568      0.948307      1.104392 
     1.356092      1.479548      1.535325      1.343057      1.169079      1.687698      1.307877      1.078869      0.962581      1.109255 
     1.360382      1.471731      1.526624      1.339158      1.170603      1.705315      1.324671      1.077683      0.994354      1.114189 
     1.365600      1.463442      1.517222      1.335626      1.172766      1.721303      1.333184      1.081687      1.037957      1.118936 
     1.371671      1.454783      1.507467      1.332517      1.175460      1.735767      1.333240      1.090033      1.087260      1.123241 
     1.378531      1.445857      1.497655      1.329883      1.178567      1.748791      1.324875      1.101502      1.137039      1.126842 
     1.386127      1.436762      1.488003      1.327761      1.181961      1.760432      1.308312      1.114708      1.183450      1.129507 
     1.394412      1.427582      1.478646      1.326185      1.185518      1.770724      1.283959      1.128297      1.223934      1.131044 
     1.403336      1.418394      1.469655      1.325178      1.189122      1.779686      1.252429      1.141063      1.256941      1.131337 
     1.412844      1.409262      1.461056      1.324756      1.192667      1.787321      1.214616      1.152016      1.281611      1.130345 
     1.422859      1.400246      1.452842      1.324925      1.196060      1.793612      1.171821      1.160394      1.297532      1.128114 
     1.433283      1.391400      1.444992      1.325689      1.199216      1.798524      1.125920      1.165641      1.304567      1.124778 
     1.443970      1.382778      1.437472      1.327042      1.202066      1.801996      1.079558      1.167384      1.302754      1.120550 
     1.454737      1.374434      1.430243      1.328970      1.204545      1.803946      1.036257      1.165403      1.292264      1.115709 
     1.465360      1.366421      1.423259      1.331455      1.206605      1.804273      1.000314      1.159631      1.273412      1.110599 
     1.475604      1.358794      1.416474      1.334470      1.208202      1.802875      0.976246      1.150159      1.246713      1.105595 
     1.485272      1.351607      1.409836      1.337983      1.209303      1.799658      0.967703      1.137292      1.212981      1.101091 
     1.494248      1.344920      1.403294      1.341949      1.209883      1.794551      0.976209      1.121644      1.173502      1.097456 
     1.502520      1.338799      1.396804      1.346310      1.209927      1.787504      1.000501      1.104231      1.130262      1.095008 
     1.510140      1.333322      1.390336      1.350992      1.209428      1.778481      1.036955      1.086502      1.086171      1.093962 
     1.517184      1.328572      1.383883      1.355895      1.208397      1.767444      1.080770      1.070248      1.045149      1.094393 
     1.523713      1.324626      1.377473      1.360904      1.206859      1.754349      1.127171      1.057402      1.011861      1.096206 
     1.529778      1.321549      1.371178      1.365891      1.204862      1.739157      1.172107      1.049688      0.990924      1.099170 
     1.535427      1.319381      1.365130      1.370725      1.202468      1.721853      1.212540      1.048327      0.985629      1.102970 
     1.540724      1.318138      1.359504      1.375279      1.199752      1.702482      1.246383      1.053784      0.996813      1.107299 
     1.545747      1.317810      1.354485      1.379440      1.196802      1.681183      1.272329      1.065692      1.022589      1.111902 
     1.550584      1.318368      1.350243      1.383105      1.193718      1.658190      1.289649      1.082954      1.059140      1.116583 
     1.555325      1.319760      1.346903      1.386184      1.190610      1.633814      1.298038      1.103961      1.101943      1.121149 
     1.560046      1.321918      1.344549      1.388610      1.187595      1.608413      1.297504      1.126855      1.146781      1.125389 
     1.564811      1.324752      1.343227      1.390326      1.184795      1.582360      1.288314      1.149785      1.190222      1.129080 
     1.569659      1.328166      1.342949      1.391292      1.182330      1.556034      1.270969      1.171063      1.229707      1.131996 
     1.574605      1.332053      1.343702      1.391489      1.180311      1.529806      1.246225      1.189256      1.263441      1.133932 
     1.579639      1.336305      1.345451      1.390910      1.178835      1.504045      1.215141      1.203215      1.290230      1.134725 
     1.584722      1.340818      1.348138      1.389566      1.177983      1.479109      1.179166      1.212072      1.309309      1.134270 
     1.589786      1.345489      1.351689      1.387479      1.177814      1.455354      1.140230      1.215230      1.320228      1.132543 
     1.594734      1.350224      1.356019      1.384690      1.178363      1.433114      1.100815      1.212347      1.322778      1.129607 
     1.599447      1.354941      1.361029      1.381254      1.179635      1.412696      1.063934      1.203361      1.316947      1.125613 
     1.603794      1.359566      1.366615      1.377244      1.181609      1.394362      1.032935      1.188523      1.302915      1.120801 
     1.607648      1.364037      1.372675      1.372746      1.184237      1.378319      1.011032      1.168444      1.281072      1.115479 
     1.610897      1.368306      1.379115      1.367854      1.187451      1.364729      1.000599      1.144135      1.252088      1.110025 
     1.613455      1.372333      1.385845      1.362680      1.191161      1.353733      1.002530      1.117080      1.216968      1.104842 
     1.615260      1.376088      1.392780      1.357341      1.195263      1.345466      1.015909      1.089210      1.177201      1.100336 
     1.616268      1.379548      1.399843      1.351964      1.199643      1.340021      1.038283      1.062849      1.134885      1.096875 
     1.616438      1.382699      1.406947      1.346685      1.204178      1.337436      1.066387      1.040528      1.092823      1.094750 
     1.615731      1.385530      1.413994      1.341639      1.208747      1.337650      1.096879      1.024667      1.054491      1.094133 
     1.614114      1.388039      1.420874      1.336957      1.213238      1.340508      1.126830      1.017170      1.023736      1.095069 
     1.611561      1.390230      1.427468      1.332762      1.217546      1.345816      1.153963      1.019018      1.004206      1.097481 
     1.608054      1.392107      1.433662      1.329163      1.221577      1.353407      1.176661      1.030084      0.998445      1.101174 
     1.603596      1.393681      1.439393      1.326259      1.225252      1.363168      1.193835      1.049184      1.007110      1.105883 
     1.598216      1.394961      1.444671      1.324139      1.228498      1.375041      1.204823      1.074400      1.028747      1.111294 
     1.591966      1.395960      1.449584      1.322872      1.231253      1.388986      1.209307      1.103475      1.060276      1.117049 
     1.584920      1.396694      1.454267      1.322515      1.233464      1.404922      1.207277      1.134162      1.097887      1.122753 
     1.577173      1.397183      1.458864      1.323103      1.235087      1.422705      1.199017      1.164441      1.137858      1.127987 
     1.568825      1.397451      1.463512      1.324649      1.236095      1.442118      1.185115      1.192621      1.176987      1.132356 
     1.559979      1.397527      1.468320      1.327146      1.236474      1.462895      1.166478      1.217362      1.212789      1.135505 
     1.550726      1.397442      1.473360      1.330570      1.236224      1.484738      1.144356      1.237649      1.243473      1.137151 
     1.541142      1.397233      1.478685      1.334879      1.235360      1.507338      1.120342      1.252720      1.267793      1.137104 
     1.531281      1.396936      1.484319      1.340020      1.233907      1.530393      1.096350      1.262009      1.284922      1.135289 
     1.521175      1.396591      1.490270      1.345930      1.231902      1.553622      1.074545      1.265097      1.294332      1.131744 
     1.510836      1.396234      1.496530      1.352536      1.229393      1.576770      1.057161      1.261691      1.295716      1.126637 
     1.500261      1.395903      1.503074      1.359762      1.226433      1.599621      1.046218      1.251629      1.288939      1.120258 
     1.489449      1.395631      1.509863      1.367520      1.223087      1.622002      1.043139      1.234917      1.274040      1.113023 
     1.478416      1.395449      1.516838      1.375715      1.219430      1.643768      1.048435      1.211815      1.251281      1.105455 
     1.467205      1.395380      1.523909      1.384240      1.215548      1.664790      1.061570      1.182951      1.221263      1.098161 
     1.455891      1.395444      1.530956      1.392970      1.211537      1.684932      1.081053      1.149452      1.185074      1.091781 
     1.444572      1.395651      1.537817      1.401767      1.207504      1.704033      1.104721      1.113080      1.144476      1.086908 
     1.433344      1.396005      1.544290      1.410481      1.203562      1.721906      1.130110      1.076298      1.102076      1.084012 
     1.422282      1.396504      1.550140      1.418958      1.199826      1.738346      1.154819      1.042229      1.061379      1.083341 
     1.411431      1.397139      1.555124      1.427055      1.196399      1.753160      1.176736      1.014379      1.026606      1.084880 
     1.400818      1.397899      1.559022      1.434646      1.193372      1.766195      1.194197      0.996089      1.002138      1.088355 
     1.390474      1.398776      1.561683      1.441627      1.190816      1.777352      1.206013      0.989788      0.991573      1.093333 
     1.380484      1.399757      1.563058      1.447914      1.188784      1.786600      1.211442      0.996312      0.996654      1.099326 
     1.371002      1.400835      1.563195      1.453432      1.187317      1.793967      1.210135      1.014654      1.016669      1.105898 
     1.362250      1.402002      1.562205      1.458112      1.186441      1.799525      1.202103      1.042285      1.048704      1.112701 
     1.354476      1.403251      1.560209      1.461895      1.186165      1.803371      1.187710      1.075852      1.088590      1.119452 
     1.347911      1.404576      1.557307      1.464730      1.186481      1.805613      1.167714      1.111895      1.131954      1.125902 
     1.342730      1.405972      1.553565      1.466580      1.187361      1.806370      1.143300      1.147331      1.174913      1.131800 
     1.339034      1.407436      1.549025      1.467428      1.188763      1.805762      1.116123      1.179690      1.214397      1.136901 
     1.336837      1.408971      1.543713      1.467273      1.190626      1.803907      1.088309      1.207153      1.248185      1.140980 
     1.336084      1.410579      1.537641      1.466132      1.192879      1.800915      1.062388      1.228467      1.274771      1.143847 
     1.336670      1.412267      1.530820      1.464032      1.195447      1.796877      1.041112      1.242844      1.293212      1.145366 
     1.338471      1.414036      1.523257      1.461004      1.198248      1.791864      1.027125      1.249853      1.302954      1.145457 
     1.341376      1.415891      1.514967      1.457088      1.201200      1.785927      1.022501      1.249361      1.303721      1.144111 
     1.345306      1.417825      1.505972      1.452329      1.204218      1.779105      1.028266      1.241511      1.295442      1.141391 
     1.350225      1.419827      1.496318      1.446780      1.207215      1.771446      1.044126      1.226737      1.278255      1.137434 
     1.356116      1.421875      1.486072      1.440507      1.210099      1.763020      1.068536      1.205814      1.252572      1.132458 
     1.362953      1.423932      1.475339      1.433597      1.212774      1.753926      1.099062      1.179901      1.219199      1.126750 
     1.370668      1.425952      1.464261      1.426157      1.215142      1.744281      1.132868      1.150595      1.179511      1.120673 
     1.379144      1.427878      1.453010      1.418312      1.217109      1.734203      1.167155      1.119917      1.135600      1.114630 
     1.388218      1.429645      1.441776      1.410199      1.218589      1.723786      1.199458      1.090242      1.090394      1.109031 
     1.397699      1.431187      1.430749      1.401959      1.219511      1.713071      1.227811      1.064108      1.047654      1.104256 
     1.407398      1.432439      1.420095      1.393720      1.219823      1.702042      1.250802      1.043933      1.011727      1.100608 
     1.417146      1.433339      1.409936      1.385597      1.219489      1.690640      1.267519      1.031630      0.987005      1.098323 
     1.426817      1.433827      1.400352      1.377682      1.218488      1.678806      1.277460      1.028258      0.976953      1.097562 
     1.436325      1.433848      1.391394      1.370054      1.216811      1.666535      1.280418      1.033829      0.983009      1.098365 
     1.445611      1.433347      1.383107      1.362784      1.214463      1.653917      1.276370      1.047337      1.004154      1.100688 
     1.454629      1.432269      1.375562      1.355944      1.211458      1.641134      1.265434      1.067007      1.037288      1.104366 
     1.463341      1.430557      1.368862      1.349608      1.207832      1.628415      1.247872      1.090654      1.078252      1.109114 
     1.471698      1.428162      1.363129      1.343848      1.203637      1.615999      1.224129      1.116030      1.122828      1.114550 
     1.479649      1.425040      1.358492      1.338734      1.198947      1.604081      1.194916      1.141096      1.167368      1.120237 
     1.487140      1.421153      1.355069      1.334324      1.193858      1.592801      1.161298      1.164165      1.209003      1.125737 
     1.494117      1.416475      1.352953      1.330658      1.188486      1.582220      1.124810      1.183941      1.245628      1.130668 
     1.500528      1.410985      1.352217      1.327759      1.182961      1.572324      1.087554      1.199502      1.275753      1.134721 
     1.506323      1.404672      1.352907      1.325632      1.177431      1.563027      1.052253      1.210234      1.298369      1.137696 
     1.511451      1.397532      1.355044      1.324263      1.172051      1.554191      1.022147      1.215759      1.312793      1.139502 
     1.515864      1.389572      1.358632      1.323625      1.166985      1.545646      1.000675      1.215882      1.318562      1.140154 
     1.519515      1.380804      1.363658      1.323680      1.162404      1.537246      0.990821      1.210561      1.315367      1.139764 
     1.522362      1.371260      1.370094      1.324380      1.158481      1.528909      0.994328      1.199923      1.303029      1.138523 
     1.524369      1.360999      1.377885      1.325671      1.155385      1.520658      1.011104      1.184326      1.281538      1.136682 
     1.525511      1.350120      1.386943      1.327492      1.153276      1.512609      1.039227      1.164464      1.251169      1.134518 
     1.525773      1.338781      1.397124      1.329773      1.152282      1.504927      1.075480      1.141454      1.212670      1.132302 
     1.525146      1.327197      1.408217      1.332433      1.152492      1.497772      1.116120      1.116878      1.167491      1.130241 
     1.523628      1.315637      1.419940      1.335387      1.153929      1.491257      1.157518      1.092725      1.118019      1.128424 
     1.521222      1.304399      1.431942      1.338542      1.156546      1.485418      1.196567      1.071194      1.067730      1.126775 
     1.517934      1.293790      1.443821      1.341813      1.160230      1.480212      1.230872      1.054414      1.021196      1.125057 
     1.513780      1.284093      1.455161      1.345121      1.164817      1.475535      1.258757      1.044066      0.983729      1.122893 
     1.508788      1.275557      1.465589      1.348407      1.170115      1.471250      1.279182      1.041083      0.960487      1.119867 
     1.503004      1.268388      1.474835      1.351625      1.175926      1.467246      1.291585      1.045523      0.955087      1.115647 
     1.496495      1.262765      1.482795      1.354744      1.182055      1.463487      1.295727      1.056622      0.968289      1.110116 
     1.489353      1.258845      1.489524      1.357741      1.188316      1.460031      1.291564      1.072994      0.997733      1.103451 
     1.481688      1.256769      1.495178      1.360599      1.194532      1.457007      1.279190      1.092877      1.038943      1.096107 
     1.473630      1.256656      1.499941      1.363307      1.200537      1.454570      1.258862      1.114405      1.086808      1.088750 
     1.465316      1.258595      1.503967      1.365855      1.206175      1.452863      1.231066      1.135782      1.136686      1.082154 
     1.456880      1.262637      1.507362      1.368246      1.211311      1.451993      1.196592      1.155402      1.184922      1.077115 
     1.448442      1.268789      1.510200      1.370480      1.215837      1.452028      1.156721      1.171943      1.228767      1.074358 
     1.440095      1.277013      1.512513      1.372574      1.219668      1.452993      1.113368      1.184353      1.266298      1.074444 
     1.431897      1.287233      1.514322      1.374543      1.222748      1.454882      1.069252      1.191844      1.296237      1.077730 
     1.423853      1.299333      1.515633      1.376408      1.225047      1.457666      1.028030      1.193895      1.317718      1.084271 
     1.415921      1.313171      1.516450      1.378191      1.226560      1.461305      0.994125      1.190254      1.330193      1.093824 
     1.408031      1.328580      1.516777      1.379912      1.227304      1.465761      0.972135      1.180981      1.333325      1.105852 
     1.400130      1.345378      1.516627      1.381586      1.227314      1.471008      0.965697      1.166510      1.326953      1.119605 
     1.392244      1.363350      1.516020      1.383216      1.226645      1.477037      0.976203      1.147734      1.311114      1.134194 
     1.384521      1.382249      1.514981      1.384799      1.225364      1.483832      1.002230      1.126076      1.286103      1.148645 
     1.377205      1.401771      1.513548      1.386317      1.223556      1.491345      1.040051      1.103481      1.252621      1.161966 
     1.370575      1.421563      1.511765      1.387737      1.221322      1.499481      1.084880      1.082295      1.211962      1.173238 
     1.364882      1.441247      1.509674      1.389019      1.218779      1.508073      1.131973      1.064885      1.166150      1.181668 
     1.360309      1.460453      1.507310      1.390116      1.216046      1.516898      1.177389      1.053233      1.118034      1.186682 
     1.356966      1.478864      1.504689      1.390979      1.213240      1.525699      1.218257      1.048572      1.071267      1.187966 
     1.354901      1.496241      1.501806      1.391569      1.210466      1.534215      1.252758      1.051163      1.030100      1.185470 
     1.354111      1.512434      1.498643      1.391852      1.207811      1.542227      1.279906      1.060263      0.998914      1.179382 
     1.354554      1.527378      1.495185      1.391801      1.205343      1.549592      1.299320      1.074417      0.981401      1.170075 
     1.356175      1.541068      1.491443      1.391398      1.203114      1.556269      1.310986      1.091823      0.979575      1.158077 
     1.358907      1.553540      1.487462      1.390624      1.201163      1.562335      1.315083      1.110648      0.993104      1.144043 
     1.362680      1.564843      1.483309      1.389468      1.199518      1.567951      1.311877      1.129237      1.019476      1.128745 
     1.367421      1.575028      1.479050      1.387921      1.198204      1.573310      1.301668      1.146209      1.054878      1.113063 
     1.373063      1.584140      1.474735      1.385981      1.197240      1.578590      1.284801      1.160480      1.095239      1.097962 
     1.379536      1.592215      1.470386      1.383651      1.196637      1.583921      1.261696      1.171242      1.136957      1.084457 
     1.386778      1.599283      1.466003      1.380940      1.196403      1.589386      1.232921      1.177957      1.177178      1.073532 
     1.394727      1.605367      1.461573      1.377861      1.196540      1.595023      1.199253      1.180297      1.213775      1.066054 
     1.403324      1.610482      1.457081      1.374429      1.197045      1.600844      1.161811      1.178134      1.245229      1.062678 
     1.412510      1.614638      1.452519      1.370666      1.197909      1.606836      1.122203      1.171519      1.270460      1.063747 
     1.422217      1.617839      1.447893      1.366596      1.199116      1.612964      1.082662      1.160686      1.288677      1.069246 
     1.432381      1.620079      1.443234      1.362248      1.200643      1.619168      1.046144      1.146068      1.299265      1.078791 
     1.442931      1.621347      1.438593      1.357655      1.202462      1.625355      1.016238      1.128343      1.301728      1.091690 
     1.453811      1.621624      1.434044      1.352857      1.204538      1.631402      0.996717      1.108472      1.295638      1.107022 
     1.464985      1.620883      1.429678      1.347902      1.206825      1.637174      0.990741      1.087757      1.280651      1.123737 
     1.476438      1.619095      1.425606      1.342855      1.209271      1.642542      0.999891      1.067884      1.256570      1.140726 
     1.488158      1.616229      1.421956      1.337799      1.211808      1.647399      1.023600      1.050913      1.223507      1.156878 
     1.500103      1.612259      1.418865      1.332845      1.214355      1.651657      1.059282      1.039109      1.182147      1.171101 
     1.512179      1.607180      1.416463      1.328138      1.216812      1.655228      1.103064      1.034577      1.134121      1.182349 
     1.524233      1.601019      1.414851      1.323847      1.219067      1.658012      1.150646      1.038719      1.082429      1.189652 
     1.536078      1.593837      1.414059      1.320157      1.221004      1.659901      1.197962      1.051806      1.031723      1.192177 
     1.547526      1.585733      1.414020      1.317242      1.222512      1.660785      1.241583      1.072788      0.988193      1.189297 
     1.558417      1.576829      1.414561      1.315250      1.223495      1.660575      1.278923      1.099536      0.958632      1.180686 
     1.568630      1.567252      1.415444      1.314286      1.223887      1.659229      1.308228      1.129373      0.948472      1.166442 
     1.578089      1.557126      1.416465      1.314403      1.223648      1.656771      1.328473      1.159597      0.959571      1.147223 
     1.586746      1.546564      1.417511      1.315610      1.222768      1.653279      1.339186      1.187832      0.989361      1.124303 
     1.594576      1.535678      1.418579      1.317866      1.221266      1.648846      1.340308      1.212165      1.032161      1.099587 
     1.601562      1.524572      1.419722      1.321091      1.219183      1.643560      1.332114      1.231202      1.081412      1.075404 
     1.607702      1.513338      1.420997      1.325177      1.216580      1.637481      1.315155      1.244039      1.131339      1.054202 
     1.613009      1.502052      1.422441      1.329996      1.213537      1.630651      1.290218      1.250193      1.177667      1.038246 
     1.617508      1.490769      1.424076      1.335413      1.210137      1.623091      1.258311      1.249520      1.217612      1.029267 
     1.621230      1.479522      1.425912      1.341297      1.206469      1.614818      1.220705      1.242148      1.249578      1.028156 
     1.624200      1.468335      1.427954      1.347523      1.202623      1.605849      1.179005      1.228415      1.272814      1.034828 
     1.626438      1.457224      1.430207      1.353975      1.198682      1.596196      1.135271      1.208859      1.287124      1.048289 
     1.627942      1.446203      1.432673      1.360543      1.194733      1.585874      1.092121      1.184247      1.292665      1.066876 
     1.628682      1.435287      1.435343      1.367126      1.190856      1.574883      1.052740      1.155630      1.289805      1.088609 
     1.628599      1.424493      1.438198      1.373630      1.187128      1.563210      1.020683      1.124407      1.279058      1.111499 
     1.627599      1.413837      1.441209      1.379970      1.183619      1.550839      0.999354      1.092414      1.261063      1.133769 
     1.625573      1.403334      1.444332      1.386070      1.180390      1.537762      0.991213      1.061927      1.236598      1.153964 
     1.622418      1.393003      1.447511      1.391865      1.177495      1.524016      0.997049      1.035615      1.206628      1.170958 
     1.618064      1.382865      1.450674      1.397292      1.174975      1.509691      1.015662      1.016275      1.172396      1.183918 
     1.612500      1.372952      1.453732      1.402292      1.172867      1.494939      1.044294      1.006334      1.135548      1.192268 
     1.605778      1.363305      1.456575      1.406810      1.171196      1.479950      1.079426      1.007259      1.098241      1.195648 
     1.598019      1.353981      1.459074      1.410795      1.169978      1.464947      1.117544      1.019120      1.063192      1.193907 
     1.589383      1.345044      1.461091      1.414199      1.169215      1.450165      1.155598      1.040577      1.033555      1.187087 
     1.580054      1.336570      1.462492      1.416979      1.168902      1.435851      1.191152      1.069252      1.012567      1.175465 
     1.570199      1.328639      1.463179      1.419099      1.169016      1.422258      1.222363      1.102315      1.002905      1.159580 
     1.559954      1.321333      1.463104      1.420531      1.169530      1.409659      1.247878      1.136977      1.005979      1.140255 
     1.549413      1.314736      1.462277      1.421257      1.170404      1.398348      1.266724      1.170788      1.021483      1.118619 
     1.538637      1.308936      1.460747      1.421266      1.171594      1.388639      1.278199      1.201736      1.047532      1.096106 
     1.527655      1.304015      1.458579      1.420555      1.173054      1.380851      1.281822      1.228233      1.081238      1.074413 
     1.516478      1.300058      1.455824      1.419130      1.174734      1.375262      1.277296      1.249067      1.119392      1.055396 
     1.505101      1.297137      1.452517      1.417011      1.176585      1.372095      1.264511      1.263338      1.159013      1.040905 
     1.493516      1.295318      1.448680      1.414229      1.178564      1.371511      1.243591      1.270408      1.197582      1.032545 
     1.481712      1.294649      1.444344      1.410830      1.180631      1.373606      1.214972      1.269864      1.233095      1.031373 
     1.469684      1.295159      1.439569      1.406878      1.182752      1.378420      1.179558      1.261530      1.263981      1.037666 
     1.457436      1.296850      1.434461      1.402456      1.184902      1.385929      1.138915      1.245505      1.289018      1.050825 
     1.444982      1.299687      1.429181      1.397669      1.187057      1.396026      1.095493      1.222235      1.307260      1.069476 
     1.432343      1.303596      1.423940      1.392641      1.189202      1.408499      1.052782      1.192617      1.317999      1.091718 
     1.419548      1.308457      1.418980      1.387512      1.191319      1.423022      1.015234      1.158085      1.320767      1.115428 
     1.406644      1.314109      1.414550      1.382424      1.193396      1.439168      0.987730      1.120679      1.315353      1.138563 
     1.393721      1.320362      1.410883      1.377513      1.195419      1.456450      0.974477      1.083060      1.301819      1.159362 
     1.380952      1.327008      1.408177      1.372898      1.197375      1.474370      0.977660      1.048436      1.280513      1.176461 
     1.368602      1.333839      1.406582      1.368676      1.199251      1.492460      0.996602      1.020301      1.252086      1.188912 
     1.356998      1.340652      1.406197      1.364921      1.201033      1.510294      1.028077      1.001914      1.217540      1.196152 
     1.346479      1.347263      1.407063      1.361682      1.202705      1.527511      1.067528      0.995541      1.178306      1.197969 
     1.337329      1.353515      1.409170      1.358991      1.204253      1.543839      1.110362      1.001779      1.136320      1.194450 
     1.329757      1.359277      1.412449      1.356859      1.205666      1.559107      1.152746      1.019361      1.094088      1.185930 
     1.323892      1.364456      1.416786      1.355285      1.206937      1.573239      1.191857      1.045604      1.054682      1.172976 
     1.319784      1.368992      1.422023      1.354254      1.208061      1.586223      1.225812      1.077183      1.021565      1.156351 
     1.317432      1.372853      1.427975      1.353747      1.209039      1.598080      1.253471      1.110859      0.998159      1.137022 
     1.316793      1.376033      1.434444      1.353739      1.209879      1.608851      1.274211      1.143897      0.987142      1.116167 
     1.317801      1.378541      1.441241      1.354205      1.210590      1.618590      1.287742      1.174187      0.989703      1.095202 
     1.320386      1.380394      1.448198      1.355125      1.211185      1.627354      1.293971      1.200217      1.005137      1.075771 
     1.324471      1.381616      1.455186      1.356478      1.211677      1.635198      1.292902      1.220933      1.031096      1.059660 
     1.329981      1.382228      1.462112      1.358247      1.212080      1.642164      1.284612      1.235623      1.064286      1.048598 
     1.336840      1.382254      1.468924      1.360416      1.212412      1.648281      1.269266      1.243844      1.101235      1.043966 
     1.344966      1.381719      1.475609      1.362967      1.212687      1.653572      1.247156      1.245353      1.138835      1.046524 
     1.354271      1.380649      1.482187      1.365879      1.212921      1.658055      1.218793      1.240105      1.174567      1.056223 
     1.364651      1.379077      1.488699      1.369129      1.213129      1.661748      1.185025      1.228264      1.206522      1.072200 
     1.375983      1.377041      1.495192      1.372689      1.213325      1.664661      1.147182      1.210245      1.233319      1.092952 
     1.388119      1.374591      1.501705      1.376524      1.213523      1.666786      1.107228      1.186774      1.254014      1.116595 
     1.400880      1.371785      1.508262      1.380592      1.213736      1.668083      1.067888      1.158970      1.268007      1.141147 
     1.414057      1.368692      1.514866      1.384846      1.213976      1.668478      1.032587      1.128400      1.274979      1.164740 
     1.427417      1.365389      1.521505      1.389239      1.214253      1.667859      1.005153      1.097111      1.274857      1.185756 
     1.440717      1.361958      1.528152      1.393721      1.214574      1.666094      0.989136      1.067601      1.267769      1.202903 
     1.453729      1.358483      1.534774      1.398242      1.214947      1.663056      0.986886      1.042654      1.254044      1.215190 
     1.466260      1.355049      1.541327      1.402758      1.215376      1.658658      0.998800      1.025031      1.234227      1.221925 
     1.478173      1.351742      1.547758      1.407219      1.215866      1.652880      1.023191      1.016954      1.209115      1.222669 
     1.489402      1.348645      1.553997      1.411577      1.216415      1.645768      1.056867      1.019555      1.179834      1.217222 
     1.499944      1.345841      1.559956      1.415782      1.217020      1.637432      1.096018      1.032514      1.147916      1.205637 
     1.509860      1.343407      1.565526      1.419780      1.217672      1.628003      1.136971      1.054156      1.115345      1.188261 
     1.519244      1.341409      1.570581      1.423522      1.218358      1.617609      1.176581      1.081871      1.084529      1.165808 
     1.528203      1.339903      1.574989      1.426962      1.219063      1.606347      1.212392      1.112735      1.058111      1.139394 
     1.536844      1.338926      1.578633      1.430064      1.219765      1.594274      1.242614      1.144006      1.038657      1.110590 
     1.545258      1.338503      1.581425      1.432804      1.220446      1.581404      1.266033      1.173411      1.028198      1.081412 
     1.553526      1.338645      1.583327      1.435166      1.221085      1.567737      1.281872      1.199213      1.027807      1.054279 
     1.561714      1.339353      1.584357      1.437142      1.221664      1.553278      1.289664      1.220180      1.037343      1.031830 
     1.569873      1.340624      1.584575      1.438734      1.222168      1.538064      1.289150      1.235482      1.055546      1.016624 
     1.578041      1.342447      1.584058      1.439944      1.222580      1.522187      1.280213      1.244588      1.080372      1.010692 
     1.586236      1.344812      1.582874      1.440780      1.222888      1.505809      1.262884      1.247188      1.109405      1.015105 
     1.594450      1.347696      1.581066      1.441248      1.223081      1.489173      1.237399      1.243165      1.140213      1.029650 
     1.602642      1.351074      1.578652      1.441357      1.223148      1.472605      1.204341      1.232610      1.170538      1.052927 
     1.610724      1.354904      1.575631      1.441116      1.223078      1.456487      1.164836      1.215880      1.198367      1.082674 
     1.618560      1.359126      1.571993      1.440544      1.222865      1.441225      1.120794      1.193671      1.221974      1.116203 
     1.625958      1.363664      1.567734      1.439656      1.222502      1.427210      1.075139      1.167109      1.239970      1.150858 
     1.632679      1.368429      1.562858      1.438477      1.221986      1.414765      1.031890      1.137784      1.251300      1.184243 
     1.638458      1.373321      1.557384      1.437035      1.221317      1.404120      0.995914      1.107718      1.255294      1.214399 
     1.643034      1.378237      1.551339      1.435361      1.220495      1.395403      0.972150      1.079268      1.251672      1.239862 
     1.646202      1.383080      1.544760      1.433486      1.219526      1.388677      0.964288      1.054937      1.240538      1.259628 
     1.647850      1.387761      1.537696      1.431441      1.218418      1.383992      0.973453      1.037109      1.222385      1.273091 
     1.647975      1.392196      1.530206      1.429251      1.217184      1.381415      0.997735      1.027664      1.198109      1.279951 
     1.646655      1.396307      1.522368      1.426945      1.215841      1.381019      1.032955      1.027544      1.169061      1.280152 
     1.644016      1.400025      1.514274      1.424548      1.214412      1.382840      1.074071      1.036433      1.137100      1.273850 
     1.640196      1.403292      1.506025      1.422085      1.212924      1.386838      1.116379      1.052814      1.104566      1.261394 
     1.635323      1.406060      1.497723      1.419578      1.211407      1.392886      1.156148      1.074347      1.074155      1.243327 
     1.629507      1.408303      1.489462      1.417043      1.209891      1.400781      1.190740      1.098379      1.048661      1.220371 
     1.622837      1.410007      1.481318      1.414491      1.208407      1.410278      1.218515      1.122435      1.030567      1.193434 
     1.615376      1.411175      1.473351      1.411923      1.206981      1.421127      1.238601      1.144479      1.021591      1.163633 
     1.607170      1.411822      1.465601      1.409340      1.205635      1.433105      1.250684      1.163009      1.022316      1.132343 
     1.598245      1.411965      1.458087      1.406734      1.204390      1.446024      1.254803      1.177019      1.032063      1.101232 
     1.588618      1.411627      1.450799      1.404095      1.203262      1.459730      1.251227      1.185910      1.049129      1.072261 
     1.578291      1.410829      1.443702      1.401413      1.202267      1.474090      1.240388      1.189409      1.071185      1.047571 
     1.567265      1.409591      1.436729      1.398680      1.201415      1.488981      1.222866      1.187499      1.095743      1.029285 
     1.555532      1.407929      1.429810      1.395888      1.200717      1.504283      1.199419      1.180358      1.120503      1.019151 
     1.543086      1.405856      1.422893      1.393029      1.200183      1.519868      1.171051      1.168368      1.143555      1.018181 
     1.529912      1.403390      1.415973      1.390099      1.199818      1.535613      1.139074      1.152161      1.163501      1.026405 
     1.516000      1.400548      1.409099      1.387098      1.199624      1.551375      1.105264      1.132625      1.179336      1.042830 
     1.501338      1.397352      1.402366      1.384031      1.199601      1.566990      1.071941      1.110951      1.190389      1.065671 
     1.485917      1.393826      1.395902      1.380906      1.199745      1.582277      1.041943      1.088673      1.196291      1.092718 
     1.469732      1.390004      1.389848      1.377735      1.200048      1.597043      1.018402      1.067651      1.196940      1.121677 
     1.452788      1.385926      1.384336      1.374532      1.200495      1.611105      1.004275      1.049953      1.192433      1.150438 
     1.435119      1.381640      1.379487      1.371312      1.201066      1.624318      1.001658      1.037641      1.183098      1.177201 
     1.416819      1.377199      1.375398      1.368092      1.201736      1.636600      1.011195      1.032448      1.169497      1.200510 
     1.398067      1.372668      1.372145      1.364891      1.202472      1.647942      1.031870      1.035398      1.152466      1.219236 
     1.379140      1.368117      1.369781      1.361730      1.203234      1.658394      1.061301      1.046531      1.133145      1.232544 
     1.360417      1.363629      1.368331      1.358632      1.203976      1.668039      1.096353      1.064845      1.112988      1.239869 
     1.342341      1.359291      1.367786      1.355619      1.204644      1.676963      1.133746      1.088490      1.093722      1.240923 
     1.325391      1.355190      1.368104      1.352712      1.205183      1.685234      1.170508      1.115158      1.077189      1.235706 
     1.310036      1.351410      1.369211      1.349926      1.205537      1.692892      1.204182      1.142463      1.065125      1.224518 
     1.296698      1.348019      1.371009      1.347269      1.205654      1.699954      1.232879      1.168222      1.058872      1.207969 
     1.285732      1.345076      1.373389      1.344743      1.205490      1.706423      1.255253      1.190638      1.059149      1.186974 
     1.277418      1.342625      1.376248      1.342342      1.205010      1.712298      1.270401      1.208354      1.065930      1.162741 
     1.271958      1.340695      1.379494      1.340055      1.204189      1.717573      1.277771      1.220417      1.078490      1.136758 
     1.269480      1.339307      1.383046      1.337869      1.203018      1.722244      1.277074      1.226228      1.095591      1.110771 
     1.270046      1.338472      1.386840      1.335769      1.201496      1.726302      1.268229      1.225489      1.115715      1.086713 
     1.273656      1.338194      1.390825      1.333741      1.199638      1.729728      1.251356      1.218178      1.137290      1.066590 
     1.280249      1.338476      1.394961      1.331773      1.197472      1.732502      1.226810      1.204543      1.158835      1.052280 
     1.289702      1.339312      1.399224      1.329856      1.195038      1.734604      1.195263      1.185148      1.179035      1.045254 
     1.301832      1.340689      1.403600      1.327986      1.192391      1.736025      1.157846      1.160924      1.196757      1.046305 
     1.316389      1.342585      1.408082      1.326164      1.189598      1.736769      1.116348      1.133256      1.211037      1.055359 
     1.333043      1.344972      1.412660      1.324396      1.186738      1.736842      1.073383      1.104030      1.221061      1.071494 
     1.351405      1.347807      1.417315      1.322694      1.183903      1.736234      1.032562      1.075650      1.226182      1.093116 
     1.371050      1.351034      1.422011      1.321072      1.181187      1.734901      0.998338      1.050887      1.225934      1.118271 
     1.391559      1.354590      1.426703      1.319549      1.178687      1.732764      0.975372      1.032547      1.220048      1.144964 
     1.412589      1.358406      1.431336      1.318144      1.176495      1.729747      0.967443      1.023024      1.208477      1.171345 
     1.433903      1.362409      1.435845      1.316877      1.174699      1.725823      0.976171      1.023800      1.191446      1.195844 
     1.455365      1.366520      1.440154      1.315770      1.173375      1.721059      1.000410      1.035105      1.169523      1.217167 
     1.476884      1.370655      1.444169      1.314849      1.172590      1.715615      1.036697      1.055837      1.143716      1.234278 
     1.498363      1.374722      1.447783      1.314139      1.172390      1.709694      1.080415      1.083805      1.115564      1.246371 
     1.519661      1.378623      1.450875      1.313668      1.172805      1.703504      1.126893      1.116169      1.087176      1.252880 
     1.540599      1.382264      1.453322      1.313460      1.173834      1.697220      1.172127      1.149968      1.061110      1.253476 
     1.560980      1.385559      1.455017      1.313538      1.175451      1.690972      1.213044      1.182502      1.040092      1.248090 
     1.580622      1.388435      1.455886      1.313921      1.177605      1.684850      1.247486      1.211552      1.026572      1.236916 
     1.599372      1.390836      1.455902      1.314629      1.180229      1.678921      1.274065      1.235451      1.022199      1.220424 
     1.617112      1.392720      1.455093      1.315680      1.183246      1.673241      1.291973      1.253017      1.027436      1.199408 
     1.633750      1.394060      1.453537      1.317093      1.186572      1.667856      1.300821      1.263484      1.041441      1.175009 
     1.649215      1.394838      1.451341      1.318887      1.190118      1.662801      1.300522      1.266417      1.062303      1.148753 
     1.663454      1.395049      1.448623      1.321082      1.193798      1.658080      1.291236      1.261652      1.087488      1.122532 
     1.676419      1.394694      1.445491      1.323695      1.197522      1.653663      1.273378      1.249293      1.114322      1.098506 
     1.688068      1.393788      1.442035      1.326739      1.201208      1.649485      1.247653      1.229731      1.140342      1.078877 
     1.698369      1.392354      1.438324      1.330221      1.204776      1.645448      1.215128      1.203690      1.163496      1.065559 
     1.707295      1.390428      1.434416      1.334141      1.208155      1.641431      1.177327      1.172303      1.182245      1.059823 
     1.714823      1.388053      1.430373      1.338489      1.211282      1.637297      1.136318      1.137170      1.195563      1.061992 
     1.720934      1.385283      1.426268      1.343246      1.214107      1.632886      1.094782      1.100425      1.202903      1.071373 
     1.725611      1.382178      1.422194      1.348384      1.216594      1.628009      1.055988      1.064728      1.204137      1.086443 
     1.728834      1.378801      1.418258      1.353875      1.218716      1.622452      1.023568      1.033153      1.199483      1.105178 
     1.730579      1.375214      1.414568      1.359686      1.220461      1.615990      1.001028      1.008875      1.189445      1.125476 
     1.730828      1.371477      1.411224      1.365791      1.221831      1.608435      0.991017      0.994656      1.174751      1.145420 
     1.729579      1.367642      1.408313      1.372168      1.222833      1.599682      0.994627      0.992232      1.156331      1.163427 
     1.726863      1.363762      1.405904      1.378802      1.223482      1.589754      1.011052      1.001841      1.135327      1.178274 
     1.722753      1.359887      1.404051      1.385673      1.223795      1.578796      1.037859      1.022136      1.113128      1.189058 
     1.717352      1.356075      1.402792      1.392758      1.223794      1.567050      1.071691      1.050574      1.091371      1.195163 
     1.710783      1.352387      1.402148      1.400025      1.223501      1.554791      1.109015      1.084038      1.071882      1.196227 
     1.703164      1.348889      1.402124      1.407439      1.222941      1.542296      1.146634      1.119424      1.056520      1.192151 
     1.694602      1.345647      1.402713      1.414957      1.222143      1.529810      1.181929      1.154012      1.046946      1.183101 
     1.685179      1.342730      1.403895      1.422538      1.221139      1.517545      1.212899      1.185628      1.044317      1.169499 
     1.674954      1.340204      1.405644      1.430141      1.219963      1.505684      1.238097      1.212634      1.049074      1.152063 
     1.663962      1.338135      1.407927      1.437728      1.218648      1.494393      1.256511      1.233853      1.060859      1.131808 
     1.652222      1.336588      1.410705      1.445260      1.217231      1.483829      1.267455      1.248460      1.078607      1.110058 
     1.639743      1.335624      1.413924      1.452695      1.215752      1.474138      1.270491      1.255918      1.100767      1.088432 
     1.626525      1.335304      1.417513      1.459988      1.214255      1.465458      1.265383      1.255908      1.125586      1.068791 
     1.612573      1.335686      1.421389      1.467086      1.212783      1.457905      1.252101      1.248324      1.151301      1.053103 
     1.597893      1.336815      1.425463      1.473931      1.211384      1.451579      1.230870      1.233305      1.176282      1.043216 
     1.582503      1.338730      1.429654      1.480451      1.210107      1.446556      1.202273      1.211299      1.199091      1.040549 
     1.566429      1.341449      1.433897      1.486568      1.208999      1.442895      1.167393      1.183170      1.218492      1.045779 
     1.549710      1.344965      1.438144      1.492191      1.208102      1.440632      1.127991      1.150323      1.233448      1.058652 
     1.532384      1.349243      1.442361      1.497227      1.207450      1.439774      1.086650      1.114804      1.243122      1.078023 
     1.514484      1.354214      1.446517      1.501584      1.207066      1.440281      1.046835      1.079330      1.246893      1.102062 
     1.496021      1.359778      1.450576      1.505182      1.206957      1.442070      1.012683      1.047134      1.244387      1.128625 
     1.476991      1.365818      1.454499      1.507959      1.207115      1.445021      0.988424      1.021611      1.235497      1.155595 
     1.457405      1.372204      1.458247      1.509872      1.207517      1.449012      0.977437      1.005747      1.220396      1.181124 
     1.437340      1.378812      1.461782      1.510896      1.208133      1.453948      0.981236      1.001464      1.199553      1.203743 
     1.416981      1.385516      1.465073      1.511017      1.208924      1.459772      0.998981      1.009131      1.173775      1.222363 
     1.396633      1.392197      1.468084      1.510232      1.209845      1.466444      1.027816      1.027481      1.144273      1.236221 
     1.376682      1.398733      1.470782      1.508543      1.210850      1.473906      1.063828      1.054006      1.112740      1.244813 
     1.357548      1.405013      1.473126      1.505962      1.211891      1.482050      1.103011      1.085608      1.081365      1.247851 
     1.339626      1.410935      1.475073      1.502504      1.212917      1.490715      1.141908      1.119211      1.052754      1.245231 
     1.323259      1.416412      1.476580      1.498191      1.213885      1.499704      1.177875      1.152180      1.029678      1.236999 
     1.308723      1.421378      1.477612      1.493042      1.214753      1.508822      1.209060      1.182481      1.014678      1.223356 
     1.296223      1.425787      1.478154      1.487071      1.215487      1.517910      1.234274      1.208666      1.009539      1.204652 
     1.285920      1.429603      1.478230      1.480284      1.216057      1.526868      1.252807      1.229757      1.014874      1.181451 
     1.277933      1.432801      1.477899      1.472680      1.216442      1.535651      1.264265      1.245122      1.029974      1.154611 
     1.272366      1.435362      1.477255      1.464255      1.216626      1.544259      1.268463      1.254363      1.053010      1.125382 
     1.269299      1.437264      1.476406      1.455006      1.216597      1.552705      1.265355      1.257241      1.081475      1.095500 
     1.268796      1.438488      1.475459      1.444940      1.216351      1.560994      1.255026      1.253646      1.112642      1.067218 
     1.270889      1.439017      1.474500      1.434080      1.215889      1.569111      1.237737      1.243617      1.143898      1.043181 
     1.275577      1.438836      1.473589      1.422468      1.215219      1.577025      1.213997      1.227362      1.172938      1.026133 
     1.282803      1.437934      1.472760      1.410180      1.214357      1.584696      1.184670      1.205332      1.197841      1.018432 
     1.292447      1.436311      1.472030      1.397329      1.213325      1.592087      1.151111      1.178305      1.217096      1.021442 
     1.304306      1.433979      1.471406      1.384077      1.212151      1.599150      1.115322      1.147507      1.229598      1.035097 
     1.318083      1.430963      1.470899      1.370641      1.210864      1.605814      1.080028      1.114718      1.234650      1.057895 
     1.333393      1.427309      1.470528      1.357284      1.209495      1.611967      1.048592      1.082296      1.232003      1.087208 
     1.349776      1.423080      1.470311      1.344306      1.208065      1.617437      1.024588      1.053064      1.221816      1.119912 
     1.366745      1.418350      1.470262      1.332012      1.206588      1.622029      1.011117      1.030016      1.204677      1.152928 
     1.383847      1.413195      1.470383      1.320694      1.205068      1.625568      1.009966      1.015799      1.181605      1.183599 
     1.400698      1.407687      1.470658      1.310602      1.203497      1.627957      1.021055      1.012095      1.154061      1.209832 
     1.417012      1.401892      1.471050      1.301942      1.201863      1.629216      1.042484      1.019154      1.123900      1.230124 
     1.432593      1.395868      1.471507      1.294865      1.200150      1.629470      1.071146      1.035731      1.093431      1.243494 
     1.447310      1.389667      1.471964      1.289468      1.198344      1.628911      1.103548      1.059471      1.065262      1.249400 
     1.461091      1.383337      1.472353      1.285795      1.196440      1.627750      1.136448      1.087514      1.042096      1.247681 
     1.473896      1.376918      1.472617      1.283834      1.194439      1.626179      1.167201      1.117071      1.026378      1.238496 
     1.485718      1.370449      1.472721      1.283531      1.192353      1.624358      1.193839      1.145744      1.019802      1.222314 
     1.496573      1.363966      1.472660      1.284800      1.190205      1.622418      1.215023      1.171685      1.022965      1.199915 
     1.506491      1.357504      1.472455      1.287530      1.188025      1.620473      1.229912      1.193575      1.035233      1.172404 
     1.515508      1.351105      1.472139      1.291596      1.185853      1.618618      1.238036      1.210520      1.054922      1.141263 
     1.523665      1.344811      1.471733      1.296866      1.183736      1.616929      1.239207      1.221971      1.079732      1.108375 
     1.531003      1.338672      1.471234      1.303204      1.181725      1.615455      1.233464      1.227633      1.107193      1.076055 
     1.537557      1.332740      1.470600      1.310475      1.179875      1.614206      1.221049      1.227418      1.135012      1.046988 
     1.543356      1.327074      1.469760      1.318550      1.178239      1.613147      1.202435      1.221416      1.161254      1.024030 
     1.548423      1.321734      1.468627      1.327307      1.176867      1.612205      1.178353      1.209881      1.184428      1.009805 
     1.552762      1.316785      1.467132      1.336632      1.175807      1.611269      1.149884      1.193259      1.203434      1.006189 
     1.556353      1.312297      1.465243      1.346420      1.175097      1.610214      1.118561      1.172229      1.217511      1.013829 
     1.559148      1.308347      1.462979      1.356567      1.174771      1.608903      1.086459      1.147769      1.226162      1.031965 
     1.561063      1.305019      1.460407      1.366971      1.174849      1.607199      1.056237      1.121228      1.229083      1.058631 
     1.561984      1.302400      1.457614      1.377523      1.175341      1.604968      1.030993      1.094365      1.226131      1.091167 
     1.561780      1.300578      1.454688      1.388117      1.176243      1.602094      1.013857      1.069322      1.217321      1.126749 
     1.560326      1.299635      1.451697      1.398648      1.177532      1.598495      1.007347      1.048491      1.202850      1.162771 
     1.557543      1.299646      1.448686      1.409015      1.179174      1.594150      1.012675      1.034235      1.183140      1.197044 
     1.553422      1.300673      1.445674      1.419126      1.181119      1.589101      1.029357      1.028470      1.158918      1.227838 
     1.548038      1.302764      1.442661      1.428888      1.183307      1.583434      1.055366      1.032217      1.131299      1.253842 
     1.541545      1.305945      1.439633      1.438215      1.185668      1.577254      1.087692      1.045302      1.101876      1.274105 
     1.534159      1.310220      1.436566      1.447022      1.188128      1.570643      1.123013      1.066366      1.072760      1.287978 
     1.526130      1.315570      1.433434      1.455230      1.190609      1.563648      1.158215      1.093189      1.046488      1.295068 
     1.517720      1.321950      1.430211      1.462769      1.193038      1.556274      1.190667      1.123153      1.025804      1.295220 
     1.509180      1.329300      1.426876      1.469583      1.195348      1.548509      1.218312      1.153678      1.013189      1.288484 
     1.500736      1.337541      1.423424      1.475631      1.197486      1.540352      1.239661      1.182498      1.010340      1.275097 
     1.492587      1.346587      1.419873      1.480884      1.199409      1.531855      1.253706      1.207779      1.017723      1.255490 
     1.484901      1.356335      1.416266      1.485323      1.201088      1.523125      1.259844      1.228122      1.034444      1.230327 
     1.477823      1.366677      1.412675      1.488934      1.202506      1.514322      1.257820      1.242528      1.058501      1.200585 
     1.471473      1.377487      1.409191      1.491707      1.203659      1.505624      1.247717      1.250343      1.087249      1.167638 
     1.465944      1.388623      1.405911      1.493641      1.204554      1.497194      1.229978      1.251241      1.117903      1.133335 
     1.461295      1.399936      1.402927      1.494739      1.205210      1.489159      1.205450      1.245205      1.147896      1.099993 
     1.457546      1.411269      1.400315      1.495017      1.205657      1.481593      1.175425      1.232526      1.175067      1.070281 
     1.454674      1.422470      1.398135      1.494495      1.205930      1.474523      1.141691      1.213811      1.197729      1.046922 
     1.452609      1.433401      1.396435      1.493207      1.206077      1.467943      1.106535      1.189976      1.214682      1.032216 
     1.451239      1.443942      1.395250      1.491188      1.206144      1.461830      1.072691      1.162251      1.225169      1.027536 
     1.450418      1.453997      1.394615      1.488479      1.206180      1.456162      1.043183      1.132195      1.228842      1.032976 
     1.449985      1.463491      1.394560      1.485119      1.206233      1.450914      1.020991      1.101700      1.225717      1.047349 
     1.449783      1.472373      1.395113      1.481149      1.206345      1.446055      1.008540      1.072960      1.216120      1.068531 
     1.449677      1.480608      1.396294      1.476605      1.206552      1.441551      1.007151      1.048368      1.200646      1.093953 
     1.449571      1.488177      1.398112      1.471522      1.206886      1.437369      1.016690      1.030275      1.180148      1.121063 
     1.449414      1.495071      1.400558      1.465928      1.207373      1.433491      1.035595      1.020581      1.155744      1.147649 
     1.449198      1.501294      1.403607      1.459854      1.208028      1.429928      1.061380      1.020341      1.128821      1.171888 
     1.448948      1.506851      1.407212      1.453326      1.208864      1.426726      1.091209      1.029468      1.101073      1.192380 
     1.448712      1.511759      1.411310      1.446375      1.209881      1.423966      1.122376      1.046750      1.074479      1.208089 
     1.448541      1.516036      1.415818      1.439028      1.211077      1.421752      1.152571      1.070164      1.051214      1.218287 
     1.448484      1.519706      1.420654      1.431308      1.212440      1.420204      1.179953      1.097311      1.033457      1.222521 
     1.448573      1.522794      1.425742      1.423237      1.213956      1.419450      1.203126      1.125825      1.023048      1.220570 
     1.448829      1.525331      1.431040      1.414832      1.215604      1.419622      1.221059      1.153609      1.021165      1.212449 
     1.449265      1.527347      1.436544      1.406107      1.217359      1.420860      1.232994      1.178935      1.028061      1.198430 
     1.449891      1.528869      1.442288      1.397078      1.219190      1.423303      1.238384      1.200435      1.042996      1.179074 
     1.450719      1.529923      1.448334      1.387769      1.221060      1.427084      1.236846      1.217048      1.064410      1.155299 
     1.451765      1.530531      1.454746      1.378215      1.222927      1.432313      1.228174      1.227968      1.090239      1.128443 
     1.453053      1.530713      1.461563      1.368471      1.224739      1.439055      1.212377      1.232613      1.118238      1.100335 
     1.454609      1.530487      1.468783      1.358616      1.226435      1.447316      1.189768      1.230616      1.146223      1.073300 
     1.456460      1.529866      1.476351      1.348752      1.227950      1.457024      1.161094      1.221867      1.172248      1.050034 
     1.458628      1.528860      1.484162      1.339006      1.229212      1.468020      1.127692      1.206553      1.194689      1.033293 
     1.461114      1.527480      1.492081      1.329527      1.230143      1.480057      1.091629      1.185244      1.212280      1.025388 
     1.463895      1.525733      1.499974      1.320479      1.230671      1.492802      1.055793      1.158968      1.224127      1.027612 
     1.466911      1.523623      1.507733      1.312036      1.230727      1.505862      1.023820      1.129285      1.229712      1.039863 
     1.470065      1.521155      1.515295      1.304364      1.230251      1.518808      0.999685      1.098316      1.228871      1.060665 
     1.473231      1.518332      1.522638      1.297618      1.229199      1.531240      0.986934      1.068706      1.221765      1.087563 
     1.476285      1.515158      1.529759      1.291924      1.227543      1.542837      0.987680      1.043428      1.208868      1.117707 
     1.479128      1.511631      1.536656      1.287377      1.225281      1.553414      1.001889      1.025422      1.190959      1.148344 
     1.481714      1.507751      1.543308      1.284034      1.222430      1.562927      1.027401      1.017033      1.169126      1.177123 
     1.484046      1.503518      1.549676      1.281912      1.219036      1.571441      1.060666      1.019415      1.144764      1.202209 
     1.486170      1.498935      1.555700      1.280994      1.215165      1.579073      1.097741      1.032193      1.119557      1.222301 
     1.488153      1.494009      1.561311      1.281221      1.210908      1.585947      1.135027      1.053579      1.095401      1.236577 
     1.490068      1.488748      1.566436      1.282507      1.206371      1.592159      1.169648      1.080893      1.074257      1.244620 
     1.491980      1.483161      1.571015      1.284740      1.201673      1.597772      1.199531      1.111199      1.057936      1.246338 
     1.493941      1.477253      1.575004      1.287798      1.196934      1.602821      1.223318      1.141787      1.047843      1.241889 
     1.495983      1.471027      1.578375      1.291553      1.192275      1.607333      1.240207      1.170460      1.044740      1.231624 
     1.498126      1.464477      1.581113      1.295885      1.187813      1.611338      1.249793      1.195555      1.048642      1.216071 
     1.500377      1.457594      1.583201      1.300683      1.183662      1.614878      1.251952      1.215891      1.058828      1.195926 
     1.502738      1.450363      1.584611      1.305847      1.179929      1.618002      1.246756      1.230656      1.074017      1.172105 
     1.505201      1.442768      1.585299      1.311291      1.176715      1.620748      1.234453      1.239320      1.092584      1.145786 
     1.507747      1.434799      1.585200      1.316938      1.174117      1.623131      1.215480      1.241554      1.112827      1.118483 
     1.510345      1.426451      1.584230      1.322723      1.172223      1.625133      1.190535      1.237205      1.133097      1.092059 
     1.512948      1.417730      1.582297      1.328590      1.171106      1.626691      1.160671      1.226301      1.151908      1.068664 
     1.515484      1.408658      1.579313      1.334492      1.170825      1.627701      1.127415      1.209079      1.168003      1.050560 
     1.517853      1.399278      1.575213      1.340389      1.171414      1.628035      1.092878      1.186057      1.180362      1.039780 
     1.519919      1.389652      1.569965      1.346246      1.172882      1.627556      1.059790      1.158135      1.188222      1.037682 
     1.521520      1.379870      1.563584      1.352034      1.175205      1.626142      1.031373      1.126704      1.191095      1.044611 
     1.522480      1.370044      1.556119      1.357729      1.178329      1.623713      1.010946      1.093751      1.188798      1.059769 
     1.522633      1.360307      1.547645      1.363309      1.182164      1.620236      1.001250      1.061906      1.181478      1.081387 
     1.521858      1.350811      1.538255      1.368756      1.186592      1.615737      1.003682      1.034343      1.169635      1.107092 
     1.520099      1.341722      1.528047      1.374052      1.191463      1.610292      1.017822      1.014411      1.154137      1.134339 
     1.517376      1.333211      1.517128      1.379179      1.196609      1.604010      1.041551      1.004968      1.136211      1.160745 
     1.513778      1.325450      1.505609      1.384121      1.201848      1.597022      1.071696      1.007587      1.117406      1.184277 
     1.509459      1.318603      1.493608      1.388860      1.206989      1.589474      1.104799      1.022010      1.099501      1.203356 
     1.504609      1.312811      1.481252      1.393378      1.211849      1.581523      1.137712      1.046240      1.084317      1.216861 
     1.499433      1.308187      1.468670      1.397661      1.216257      1.573337      1.167883      1.077148      1.073482      1.224135 
     1.494115      1.304809      1.455995      1.401699      1.220065      1.565085      1.193438      1.111271      1.068170      1.224949 
     1.488801      1.302714      1.443358      1.405488      1.223155      1.556929      1.213121      1.145436      1.068885      1.219469 
     1.483596      1.301903      1.430892      1.409032      1.225445      1.549014      1.226199      1.177068      1.075394      1.208210 
     1.478561      1.302343      1.418736      1.412340      1.226879      1.541462      1.232350      1.204296      1.086788      1.192001 
     1.473727      1.303974      1.407029      1.415428      1.227435      1.534370      1.231563      1.225842      1.101701      1.171958 
     1.469102      1.306716      1.395911      1.418315      1.227117      1.527801      1.224080      1.240906      1.118559      1.149459 
     1.464675      1.310472      1.385516      1.421020      1.225951      1.521790      1.210359      1.249056      1.135781      1.126124 
     1.460429      1.315132      1.375965      1.423563      1.223985      1.516341      1.191080      1.250128      1.151944      1.103758 
     1.456335      1.320580      1.367364      1.425963      1.221283      1.511432      1.167177      1.244179      1.165858      1.084252 
     1.452361      1.326688      1.359800      1.428235      1.217924      1.507021      1.139880      1.231448      1.176607      1.069419 
     1.448468      1.333328      1.353342      1.430391      1.214003      1.503048      1.110760      1.212382      1.183549      1.060745 
     1.444612      1.340366      1.348044      1.432440      1.209624      1.499441      1.081756      1.187668      1.186299      1.059151 
     1.440741      1.347668      1.343953      1.434384      1.204904      1.496115      1.055123      1.158303      1.184717      1.064798 
     1.436798      1.355101      1.341116      1.436219      1.199967      1.492978      1.033275      1.125686      1.178873      1.077073 
     1.432726      1.362537      1.339577      1.437937      1.194945      1.489925      1.018464      1.091694      1.169035      1.094724 
     1.428469      1.369854      1.339376      1.439523      1.189970      1.486847      1.012372      1.058726      1.155654      1.116125 
     1.423980      1.376943      1.340542      1.440957      1.185177      1.483642      1.015720      1.029651      1.139366      1.139546 
     1.419224      1.383705      1.343089      1.442216      1.180695      1.480219      1.028099      1.007569      1.121006      1.163352 
     1.414188      1.390055      1.347014      1.443271      1.176653      1.476523      1.048114      0.995326      1.101627      1.186130 
     1.408891      1.395916      1.352295      1.444089      1.173171      1.472553      1.073755      0.994872      1.082528      1.206717 
     1.403383      1.401225      1.358893      1.444635      1.170370      1.468374      1.102782      1.006699      1.065237      1.224179 
     1.397752      1.405921      1.366763      1.444867      1.168361      1.464128      1.133052      1.029747      1.051454      1.237764 
     1.392118      1.409953      1.375862      1.444742      1.167248      1.460006      1.162659      1.061739      1.042896      1.246842 
     1.386625      1.413276      1.386158      1.444214      1.167123      1.456239      1.189972      1.099795      1.041068      1.250869 
     1.381431      1.415855      1.397637      1.443238      1.168057      1.453071      1.213600      1.140962      1.047002      1.249367 
     1.376709      1.417665      1.410301      1.441769      1.170098      1.450751      1.232367      1.182557      1.061013      1.241932 
     1.372643      1.418700      1.424151      1.439769      1.173257      1.449532      1.245282      1.222284      1.082645      1.228291 
     1.369424      1.418971      1.439163      1.437211      1.177503      1.449653      1.251532      1.258237      1.110737      1.208399 
     1.367251      1.418513      1.455251      1.434082      1.182755      1.451325      1.250515      1.288854      1.143609      1.182592 
     1.366311      1.417386      1.472242      1.430390      1.188877      1.454690      1.241899      1.312864      1.179279      1.151781 
     1.366766      1.415676      1.489865      1.426168      1.195683      1.459800      1.225721      1.329280      1.215643      1.117618 
     1.368729      1.413494      1.507753      1.421470      1.202941      1.466586      1.202494      1.337399      1.250620      1.082613 
     1.372242      1.410968      1.525475      1.416373      1.210395      1.474858      1.173306      1.336828      1.282266      1.050075 
     1.377257      1.408237      1.542574      1.410966      1.217782      1.484315      1.139882      1.327503      1.308856      1.023758 
     1.383630      1.405440      1.558638      1.405345      1.224854      1.494589      1.104593      1.309686      1.328972      1.007186 
     1.391134      1.402706      1.573354      1.399602      1.231396      1.505302      1.070373      1.283967      1.341550      1.002736 
     1.399475      1.400144      1.586544      1.393824      1.237234      1.516117      1.040497      1.251263      1.345907      1.010900 
     1.408329      1.397843      1.598156      1.388087      1.242242      1.526771      1.018188      1.212856      1.341739      1.030150 
     1.417374      1.395870      1.608233      1.382459      1.246332      1.537079      1.006020      1.170466      1.329082      1.057463 
     1.426333      1.394270      1.616862      1.376995      1.249457      1.546922      1.005248      1.126316      1.308284      1.089235 
     1.434990      1.393069      1.624146      1.371743      1.251601      1.556231      1.015479      1.083203      1.279980      1.122014 
     1.443195      1.392278      1.630185      1.366741      1.252775      1.564966      1.034785      1.044426      1.245096      1.152946 
     1.450843      1.391896      1.635074      1.362017      1.253010      1.573105      1.060296      1.013519      1.204899      1.179907 
     1.457864      1.391911      1.638902      1.357590      1.252352      1.580629      1.088912      0.993677      1.161063      1.201447 
     1.464233      1.392307      1.641751      1.353470      1.250859      1.587514      1.117821      0.986985      1.115770      1.216665 
     1.469973      1.393066      1.643700      1.349656      1.248587      1.593730      1.144811      0.993806      1.071805      1.225041 
     1.475159      1.394168      1.644815      1.346146      1.245600      1.599232      1.168282      1.012629      1.032566      1.226346 
     1.479904      1.395591      1.645146      1.342935      1.241960      1.603966      1.187182      1.040594      1.001844      1.220541 
     1.484331      1.397315      1.644720      1.340014      1.237731      1.607884      1.200868      1.074286      0.983245      1.207784 
     1.488547      1.399322      1.643523      1.337380      1.232978      1.610977      1.208988      1.110437      0.979277      1.188476 
     1.492637      1.401591      1.641508      1.335026      1.227771      1.613287      1.211391      1.146267      0.990509      1.163377 
     1.496650      1.404098      1.638601      1.332949      1.222189      1.614908      1.208086      1.179582      1.015321      1.133715 
     1.500609      1.406815      1.634718      1.331146      1.216326      1.615949      1.199246      1.208707      1.050459      1.101299 
     1.504510      1.409706      1.629782      1.329618      1.210290      1.616487      1.185230      1.232373      1.091970      1.068577 
     1.508325      1.412728      1.623725      1.328364      1.204207      1.616545      1.166653      1.249641      1.136021      1.038579 
     1.512010      1.415830      1.616487      1.327381      1.198214      1.616084      1.144418      1.259832      1.179373      1.014664 
     1.515506      1.418955      1.608020      1.326666      1.192456      1.615022      1.119767      1.262474      1.219519      1.000032 
     1.518743      1.422041      1.598294      1.326215      1.187083      1.613273      1.094310      1.257280      1.254668      0.997012 
     1.521640      1.425028      1.587302      1.326025      1.182243      1.610786      1.070020      1.244152      1.283626      1.006425 
     1.524106      1.427848      1.575077      1.326093      1.178083      1.607563      1.049124      1.223236      1.305645      1.027343 
     1.526047      1.430437      1.561693      1.326420      1.174743      1.603662      1.033879      1.195036      1.320290      1.057391 
     1.527373      1.432728      1.547270      1.327012      1.172347      1.599181      1.026198      1.160589      1.327323      1.093381 
     1.527996      1.434657      1.531971      1.327874      1.170995      1.594237      1.027201      1.121674      1.326662      1.131952 
     1.527843      1.436167      1.515996      1.329020      1.170746      1.588953      1.036905      1.080989      1.318363      1.170015 
     1.526842      1.437211      1.499581      1.330463      1.171614      1.583435      1.054150      1.042192      1.302652      1.204981 
     1.524930      1.437756      1.482980      1.332217      1.173555      1.577752      1.076906      1.009676      1.279954      1.234836 
     1.522055      1.437785      1.466451      1.334296      1.176473      1.571930      1.102718      0.987888      1.250937      1.258130 
     1.518198      1.437297      1.450241      1.336713      1.180227      1.565977      1.129156      0.980216      1.216558      1.273915 
     1.513388      1.436302      1.434564      1.339480      1.184637      1.559932      1.154120      0.987894      1.178135      1.281681 
     1.507710      1.434827      1.419596      1.342599      1.189505      1.553901      1.175969      1.009552      1.137423      1.281275 
     1.501288      1.432905      1.405464      1.346067      1.194619      1.548051      1.193506      1.041759      1.096697      1.272876 
     1.494266      1.430579      1.392234      1.349870      1.199766      1.542569      1.205945      1.080167      1.058749      1.256961 
     1.486788      1.427897      1.379910      1.353987      1.204745      1.537611      1.212856      1.120570      1.026737      1.234308 
     1.478981      1.424908      1.368453      1.358393      1.209377      1.533274      1.214106      1.159503      1.003802      1.205997 
     1.470944      1.421658      1.357824      1.363056      1.213508      1.529588      1.209807      1.194400      0.992444      1.173409 
     1.462759      1.418191      1.348026      1.367948      1.217014      1.526530      1.200293      1.223510      0.993918      1.138249 
     1.454492      1.414544      1.339149      1.373037      1.219791      1.524042      1.186115      1.245709      1.007868      1.102588 
     1.446200      1.410752      1.331370      1.378291      1.221759      1.522039      1.168038      1.260297      1.032448      1.068882 
     1.437938      1.406846      1.324904      1.383676      1.222851      1.520432      1.147088      1.266874      1.064897      1.039916 
     1.429755      1.402856      1.319963      1.389156      1.223022      1.519130      1.124578      1.265254      1.102176      1.018556 
     1.421701      1.398811      1.316721      1.394693      1.222241      1.518055      1.102102      1.255448      1.141430      1.007262 
     1.413821      1.394737      1.315306      1.400248      1.220501      1.517159      1.081494      1.237693      1.180215      1.007504 
     1.406155      1.390663      1.315805      1.405778      1.217819      1.516425      1.064650      1.212521      1.216548      1.019261 
     1.398744      1.386617      1.318264      1.411236      1.214239      1.515861      1.053303      1.180875      1.248892      1.041009 
     1.391631      1.382629      1.322678      1.416565      1.209840      1.515489      1.048698      1.144261      1.276111      1.070113 
     1.384864      1.378729      1.328977      1.421702      1.204737      1.515321      1.051296      1.104894      1.297419      1.103437 
     1.378492      1.374946      1.337027      1.426577      1.199076      1.515350      1.060667      1.065781      1.312349      1.137925 
     1.372555      1.371307      1.346631      1.431115      1.193034      1.515544      1.075544      1.030609      1.320695      1.170932 
     1.367077      1.367832      1.357555      1.435240      1.186808      1.515854      1.094103      1.003328      1.322471      1.200385 
     1.362074      1.364536      1.369548      1.438879      1.180602      1.516237      1.114347      0.987461      1.317862      1.224783 
     1.357575      1.361425      1.382366      1.441963      1.174620      1.516684      1.134413      0.985182      1.307186      1.243111 
     1.353654      1.358501      1.395783      1.444427      1.169061      1.517229      1.152745      0.996602      1.290875      1.254746 
     1.350434      1.355766      1.409590      1.446213      1.164115      1.517937      1.168172      1.019742      1.269473      1.259329 
     1.348073      1.353222      1.423598      1.447264      1.159958      1.518866      1.179874      1.051227      1.243679      1.256730 
     1.346737      1.350875      1.437635      1.447534      1.156748      1.520040      1.187334      1.087208      1.214383      1.247010 
     1.346559      1.348739      1.451543      1.446989      1.154612      1.521435      1.190308      1.124099      1.182709      1.230443 
     1.347630      1.346836      1.465181      1.445607      1.153648      1.522973      1.188777      1.158937      1.150049      1.207553 
     1.349991      1.345197      1.478426      1.443387      1.153907      1.524533      1.182951      1.189487      1.118045      1.179182 
     1.353634      1.343861      1.491176      1.440346      1.155399      1.525962      1.173260      1.214183      1.088537      1.146580 
     1.358513      1.342873      1.503346      1.436521      1.158090      1.527086      1.160346      1.232009      1.063413      1.111501 
     1.364551      1.342285      1.514871      1.431966      1.161907      1.527731      1.145065      1.242377      1.044396      1.076294 
     1.371651      1.342150      1.525691      1.426752      1.166746      1.527735      1.128465      1.245031      1.032748      1.043911 
     1.379700      1.342518      1.535747      1.420965      1.172478      1.526962      1.111760      1.239982      1.029020      1.017733 
     1.388582      1.343440      1.544979      1.414702      1.178958      1.525315      1.096275      1.227483      1.032945      1.001105 
     1.398174      1.344958      1.553333      1.408073      1.186029      1.522743      1.083351      1.208049      1.043505      0.996627 
     1.408351      1.347103      1.560773      1.401199      1.193523      1.519264      1.074197      1.182520      1.059188      1.005329 
     1.418975      1.349888      1.567293      1.394218      1.201264      1.514967      1.069738      1.152180      1.078252      1.026351 
     1.429895      1.353307      1.572923      1.387277      1.209063      1.510017      1.070436      1.118873      1.098943      1.057161 
     1.440938      1.357327      1.577711      1.380532      1.216723      1.504632      1.076170      1.085071      1.119659      1.094282 
     1.451919      1.361887      1.581715      1.374138      1.224051      1.499050      1.086239      1.053813      1.139009      1.134034 
     1.462654      1.366908      1.584993      1.368234      1.230867      1.493495      1.099487      1.028405      1.155882      1.173124 
     1.472976      1.372294      1.587604      1.362941      1.237012      1.488156      1.114521      1.011896      1.169467      1.208911 
     1.482768      1.377948      1.589604      1.358348      1.242358      1.483194      1.129926      1.006393      1.179241      1.239460 
     1.491966      1.383773      1.591052      1.354526      1.246802      1.478760      1.144435      1.012512      1.184939      1.263450 
     1.500558      1.389680      1.592001      1.351520      1.250271      1.475013      1.157007      1.029220      1.186509      1.280038 
     1.508569      1.395587      1.592503      1.349366      1.252712      1.472129      1.166832      1.054194      1.184084      1.288717 
     1.516033      1.401420      1.592606      1.348084      1.254085      1.470285      1.173303      1.084442      1.177965      1.289219 
     1.522984      1.407109      1.592347      1.347689      1.254366      1.469643      1.176011      1.116950      1.168612      1.281453 
     1.529447      1.412592      1.591758      1.348186      1.253546      1.470328      1.174708      1.149019      1.156652      1.265508 
     1.535440      1.417809      1.590852      1.349575      1.251627      1.472418      1.169329      1.178464      1.142880      1.241683 
     1.540978      1.422706      1.589630      1.351847      1.248626      1.475934      1.160003      1.203598      1.128254      1.210557 
     1.546067      1.427233      1.588063      1.354987      1.244573      1.480841      1.147078      1.223167      1.113873      1.173121 
     1.550715      1.431339      1.586098      1.358969      1.239517      1.487032      1.131169      1.236275      1.100921      1.130955 
     1.554927      1.434977      1.583642      1.363757      1.233526      1.494331      1.113181      1.242300      1.090581      1.086436 
     1.558711      1.438097      1.580570      1.369303      1.226693      1.502487      1.094337      1.240863      1.083904      1.042902 
     1.562071      1.440654      1.576722      1.375544      1.219134      1.511179      1.076144      1.231809      1.081668      1.004677 
     1.565012      1.442600      1.571931      1.382408      1.210988      1.520050      1.060315      1.215214      1.084259      0.976691 
     1.567532      1.443892      1.566064      1.389810      1.202418      1.528760      1.048602      1.191439      1.091598      0.963526 
     1.569625      1.444478      1.559079      1.397653      1.193619      1.537060      1.042566      1.161239      1.103148      0.968031 
     1.571274      1.444308      1.551061      1.405816      1.184822      1.544842      1.043304      1.125955      1.117972      0.990243 
     1.572451      1.443329      1.542211      1.414149      1.176309      1.552112      1.051190      1.087770      1.134839      1.027377 
     1.573116      1.441493      1.532809      1.422469      1.168408      1.558908      1.065715      1.049913      1.152350      1.074868 
     1.573222      1.438769      1.523148      1.430563      1.161479      1.565222      1.085515      1.016624      1.169075      1.127657 
     1.572712      1.435148      1.513500      1.438205      1.155874      1.570969      1.108606      0.992637      1.183694      1.181127 
     1.571542      1.430645      1.504085      1.445188      1.151909      1.576031      1.132734      0.982030      1.195139      1.231602 
     1.569694      1.425309      1.495071      1.451334      1.149818      1.580323      1.155761      0.986953      1.202645      1.276366 
     1.567207      1.419216      1.486568      1.456512      1.149734      1.583840      1.175916      1.006813      1.205783      1.313571 
     1.564173      1.412474      1.478644      1.460639      1.151685      1.586649      1.191906      1.038538      1.204445      1.342045 
     1.560719      1.405222      1.471335      1.463679      1.155585      1.588853      1.202905      1.077706      1.198823      1.361118 
     1.556978      1.397621      1.464649      1.465641      1.161251      1.590547      1.208478      1.119730      1.189400      1.370496 
     1.553071      1.389847      1.458572      1.466573      1.168422      1.591800      1.208527      1.160649      1.176912      1.370162 
     1.549094      1.382080      1.453072      1.466546      1.176781      1.592651      1.203234      1.197452      1.162319      1.360322 
     1.545110      1.374496      1.448104      1.465656      1.185986      1.593115      1.193026      1.228026      1.146755      1.341366 
     1.541158      1.367258      1.443616      1.464005      1.195689      1.593183      1.178568      1.251022      1.131463      1.313867 
     1.537250      1.360512      1.439555      1.461699      1.205557      1.592834      1.160754      1.265676      1.117704      1.278619 
     1.533375      1.354385      1.435877      1.458841      1.215281      1.592027      1.140707      1.271655      1.106632      1.236729 
     1.529506      1.348981      1.432552      1.455524      1.224586      1.590705      1.119763      1.268958      1.099150      1.189746 
     1.525599      1.344380      1.429567      1.451834      1.233236      1.588791      1.099424      1.257870      1.095788      1.139816 
     1.521599      1.340638      1.426923      1.447850      1.241035      1.586189      1.081265      1.238946      1.096609      1.089827 
     1.517446      1.337786      1.424632      1.443639      1.247831      1.582778      1.066780      1.213035      1.101194      1.043466 
     1.513081      1.335834      1.422705      1.439260      1.253517      1.578425      1.057201      1.181325      1.108726      1.005058 
     1.508448      1.334772      1.421141      1.434761      1.258020      1.573001      1.053297      1.145403      1.118147      0.978993 
     1.503499      1.334578      1.419922      1.430184      1.261304      1.566416      1.055262      1.107328      1.128356      0.968661 
     1.498189      1.335220      1.419020      1.425561      1.263353      1.558656      1.062696      1.069699      1.138382      0.975311 
     1.492477      1.336661      1.418411      1.420919      1.264167      1.549791      1.074687      1.035643      1.147471      0.997524 
     1.486324      1.338859      1.418090      1.416283      1.263760      1.539960      1.089977      1.008598      1.155079      1.031738 
     1.479704      1.341769      1.418075      1.411676      1.262154      1.529331      1.107161      0.991795      1.160827      1.073455 
     1.472616      1.345338      1.418396      1.407120      1.259384      1.518090      1.124870      0.987516      1.164428      1.118304 
     1.465100      1.349512      1.419097      1.402621      1.255491      1.506440      1.141893      0.996332      1.165685      1.162694 
     1.457241      1.354230      1.420225      1.398185      1.250528      1.494611      1.157239      1.016943      1.164478      1.203937 
     1.449160      1.359424      1.421820      1.393810      1.244562      1.482859      1.170130      1.046633      1.160763      1.240097 
     1.440990      1.365023      1.423923      1.389486      1.237674      1.471451      1.179968      1.082018      1.154593      1.269829 
     1.432856      1.370950      1.426570      1.385197      1.229961      1.460648      1.186305      1.119748      1.146135      1.292208 
     1.424861      1.377122      1.429799      1.380919      1.221541      1.450687      1.188809      1.156890      1.135684      1.306597 
     1.417084      1.383447      1.433653      1.376613      1.212551      1.441782      1.187290      1.191134      1.123683      1.312547 
     1.409585      1.389827      1.438181      1.372234      1.203150      1.434114      1.181682      1.220694      1.110727      1.309746 
     1.402405      1.396155      1.443431      1.367726      1.193524      1.427842      1.172069      1.244230      1.097568      1.297996 
     1.395582      1.402315      1.449454      1.363027      1.183892      1.423100      1.158721      1.260734      1.085096      1.277243 
     1.389149      1.408173      1.456294      1.358077      1.174504      1.419998      1.142144      1.269443      1.074297      1.247663 
     1.383147      1.413582      1.463979      1.352818      1.165647      1.418621      1.123136      1.269792      1.066176      1.209833 
     1.377628      1.418382      1.472501      1.347210      1.157632      1.419014      1.102825      1.261420      1.061623      1.164965 
     1.372655      1.422403      1.481792      1.341238      1.150785      1.421166      1.082686      1.244235      1.061288      1.115204 
     1.368303      1.425480      1.491700      1.334925      1.145420      1.424988      1.064483      1.218521      1.065440      1.063949 
     1.364657      1.427463      1.501960      1.328341      1.141809      1.430296      1.050079      1.185080      1.073888      1.016011 
     1.361793      1.428233      1.512202      1.321606      1.140149      1.436806      1.041169      1.145404      1.086009      0.977352 
     1.359774      1.427716      1.521994      1.314884      1.140535      1.444172      1.038942      1.101823      1.100848      0.954039 
     1.358622      1.425884      1.530962      1.308375      1.142956      1.452040      1.043831      1.057639      1.117279      0.950385 
     1.358313      1.422756      1.538911      1.302308      1.147293      1.460109      1.055412      1.017152      1.134133      0.967182 
     1.358775      1.418398      1.545870      1.296926      1.153330      1.468144      1.072505      0.985358      1.150272      1.001353 
     1.359899      1.412919      1.552026      1.292471      1.160772      1.475963      1.093411      0.967072      1.164626      1.047380 
     1.361580      1.406466      1.557614      1.289171      1.169263      1.483445      1.116220      0.965481      1.176245      1.099226 
     1.363750      1.399219      1.562837      1.287206      1.178412      1.490556      1.139096      0.980864      1.184368      1.151670 
     1.366401      1.391378      1.567835      1.286704      1.187819      1.497349      1.160468      1.010467      1.188455      1.200741 
     1.369564      1.383156      1.572682      1.287724      1.197104      1.503930      1.179102      1.049596      1.188235      1.243714 
     1.373271      1.374766      1.577408      1.290253      1.205931      1.510403      1.194108      1.093133      1.183719      1.278900 
     1.377539      1.366407      1.582006      1.294219      1.214020      1.516845      1.204900      1.136632      1.175181      1.305388 
     1.382366      1.358260      1.586454      1.299508      1.221155      1.523299      1.211157      1.176738      1.163136      1.322836 
     1.387729      1.350480      1.590717      1.305977      1.227184      1.529782      1.212764      1.211194      1.148311      1.331257 
     1.393599      1.343202      1.594754      1.313475      1.232005      1.536290      1.209778      1.238621      1.131618      1.330887 
     1.399940      1.336540      1.598512      1.321852      1.235557      1.542811      1.202402      1.258261      1.114137      1.322090 
     1.406716      1.330595      1.601932      1.330962      1.237811      1.549325      1.190979      1.269767      1.097076      1.305320 
     1.413888      1.325454      1.604939      1.340673      1.238758      1.555799      1.176007      1.273060      1.081729      1.281149 
     1.421412      1.321199      1.607448      1.350854      1.238411      1.562190      1.158166      1.268250      1.069367      1.250328 
     1.429233      1.317903      1.609359      1.361379      1.236803      1.568435      1.138347      1.255617      1.061113      1.213916 
     1.437278      1.315625      1.610563      1.372122      1.233987      1.574450      1.117676      1.235648      1.057765      1.173428 
     1.445457      1.314409      1.610942      1.382955      1.230044      1.580122      1.097506      1.209112      1.059645      1.130998 
     1.453653      1.314278      1.610376      1.393746      1.225083      1.585303      1.079321      1.177147      1.066513      1.089461 
     1.461734      1.315230      1.608753      1.404366      1.219245      1.589822      1.064627      1.141385      1.077582      1.052300 
     1.469553      1.317233      1.605986      1.414688      1.212699      1.593485      1.054720      1.104018      1.091658      1.023304 
     1.476966      1.320229      1.602027      1.424595      1.205638      1.596110      1.050469      1.067807      1.107339      1.005862 
     1.483840      1.324134      1.596884      1.433987      1.198266      1.597560      1.052178      1.035984      1.123243      1.002078 
     1.490069      1.328851      1.590608      1.442779      1.190799      1.597781      1.059518      1.011915      1.138188      1.012081 
     1.495589      1.334268      1.583276      1.450894      1.183453      1.596820      1.071611      0.998521      1.151273      1.033990 
     1.500386      1.340266      1.574958      1.458265      1.176446      1.594821      1.087235      0.997590      1.161857      1.064548 
     1.504504      1.346720      1.565705      1.464827      1.169997      1.592000      1.104987      1.009192      1.169527      1.100008 
     1.508029      1.353502      1.555544      1.470518      1.164312      1.588613      1.123483      1.031718      1.174022      1.136817 
     1.511064      1.360490      1.544487      1.475275      1.159591      1.584921      1.141443      1.062298      1.175243      1.172062 
     1.513711      1.367566      1.532536      1.479037      1.156009      1.581165      1.157771      1.097624      1.173201      1.203489 
     1.516054      1.374626      1.519684      1.481754      1.153710      1.577549      1.171560      1.134546      1.168025      1.229467 
     1.518151      1.381588      1.505920      1.483380      1.152800      1.574241      1.182088      1.170387      1.159975      1.248872 
     1.520039      1.388386      1.491229      1.483878      1.153353      1.571365      1.188827      1.203063      1.149443      1.260960 
     1.521734      1.394975      1.475594      1.483217      1.155397      1.569016      1.191409      1.231000      1.136966      1.265273 
     1.523238      1.401330      1.459006      1.481370      1.158924      1.567265      1.189631      1.253030      1.123240      1.261562 
     1.524538      1.407439      1.441468      1.478320      1.163889      1.566159      1.183447      1.268265      1.109129      1.249783 
     1.525613      1.413299      1.423018      1.474057      1.170206      1.565731      1.172999      1.276017      1.095644      1.230138 
     1.526430      1.418905      1.403745      1.468581      1.177751      1.565992      1.158673      1.275756      1.083899      1.203189 
     1.526951      1.424254      1.383814      1.461917      1.186355      1.566930      1.141141      1.267115      1.075018      1.170045 
     1.527132      1.429328      1.363484      1.454114      1.195800      1.568503      1.121424      1.249956      1.069988      1.132578 
     1.526927      1.434102      1.343122      1.445264      1.205827      1.570626      1.100915      1.224496      1.069478      1.093611 
     1.526293      1.438537      1.323193      1.435498      1.216129      1.573166      1.081320      1.191477      1.073705      1.056968 
     1.525196      1.442583      1.304226      1.424994      1.226381      1.575939      1.064494      1.152339      1.082349      1.027149 
     1.523608      1.446189      1.286764      1.413967      1.236252      1.578722      1.052173      1.109376      1.094581      1.008505 
     1.521511      1.449303      1.271325      1.402648      1.245435      1.581288      1.045658      1.065817      1.109229      1.004054 
     1.518889      1.451886      1.258380      1.391273      1.253662      1.583434      1.045539      1.025763      1.124946      1.014414 
     1.515727      1.453909      1.248345      1.380059      1.260719      1.584994      1.051583      0.993824      1.140377      1.037628 
     1.512006      1.455359      1.241570      1.369199      1.266447      1.585846      1.062833      0.974324      1.154292      1.069976 
     1.507720      1.456228      1.238313      1.358860      1.270740      1.585929      1.077877      0.970163      1.165631      1.107136 
     1.502884      1.456523      1.238718      1.349182      1.273532      1.585263      1.095112      0.981813      1.173595      1.145176 
     1.497550      1.456257      1.242801      1.340289      1.274794      1.583950      1.112979      1.007198      1.177639      1.180964 
     1.491801      1.455448      1.250461      1.332292      1.274527      1.582158      1.130116      1.042500      1.177476      1.212201 
     1.485734      1.454122      1.261490      1.325290      1.272758      1.580077      1.145385      1.083331      1.173090      1.237331 
     1.479455      1.452310      1.275585      1.319371      1.269542      1.577896      1.157885      1.125665      1.164728      1.255383 
     1.473058      1.450051      1.292388      1.314600      1.264964      1.575774      1.166974      1.166265      1.152910      1.265817 
     1.466628      1.447382      1.311508      1.311017      1.259136      1.573838      1.172235      1.202743      1.138416      1.268429 
     1.460237      1.444344      1.332531      1.308641      1.252197      1.572176      1.173474      1.233455      1.122268      1.263273 
     1.453950      1.440972      1.355054      1.307455      1.244312      1.570846      1.170711      1.257325      1.105689      1.250630 
     1.447827      1.437301      1.378675      1.307418      1.235677      1.569870      1.164175      1.273695      1.090038      1.231017 
     1.441925      1.433357      1.403009      1.308457      1.226513      1.569243      1.154308      1.282214      1.076691      1.205242 
     1.436299      1.429155      1.427685      1.310474      1.217073      1.568932      1.141761      1.282764      1.066886      1.174496 
     1.431001      1.424705      1.452354      1.313337      1.207627      1.568883      1.127394      1.275426      1.061536      1.140443 
     1.426078      1.420007      1.476680      1.316899      1.198462      1.569010      1.112246      1.260497      1.061044      1.105303 
     1.421570      1.415051      1.500348      1.320994      1.189870      1.569205      1.097472      1.238504      1.065227      1.071852 
     1.417503      1.409825      1.523075      1.325453      1.182127      1.569328      1.084259      1.210266      1.073338      1.043256 
     1.413886      1.404313      1.544626      1.330106      1.175484      1.569221      1.073698      1.176952      1.084215      1.022677 
     1.410705      1.398503      1.564836      1.334797      1.170151      1.568715      1.066653      1.140162      1.096515      1.012628 
     1.407922      1.392390      1.583627      1.339389      1.166286      1.567662      1.063645      1.101996      1.108937      1.014356 
     1.405471      1.385983      1.601000      1.343768      1.163992      1.565950      1.064783      1.065090      1.120384      1.027455 
     1.403263      1.379308      1.617013      1.347844      1.163317      1.563518      1.069761      1.032561      1.130047      1.050020 
     1.401195      1.372412      1.631755      1.351555      1.164254      1.560349      1.077929      1.007726      1.137403      1.079208 
     1.399172      1.365364      1.645316      1.354856      1.166743      1.556464      1.088410      0.993545      1.142176      1.111909 
     1.397139      1.358250      1.657775      1.357727      1.170685      1.551924      1.100237      0.991919      1.144282      1.145250 
     1.395109      1.351180      1.669194      1.360158      1.175949      1.546828      1.112477      1.003132      1.143785      1.176819 
     1.393164      1.344282      1.679617      1.362150      1.182373      1.541314      1.124288      1.025770      1.140877      1.204712 
     1.391439      1.337707      1.689062      1.363709      1.189777      1.535545      1.134951      1.057179      1.135870      1.227459 
     1.390087      1.331627      1.697531      1.364841      1.197960      1.529696      1.143876      1.094175      1.129206      1.243939 
     1.389257      1.326231      1.705006      1.365553      1.206709      1.523932      1.150587      1.133623      1.121448      1.253297 
     1.389070      1.321716      1.711457      1.365852      1.215800      1.518409      1.154738      1.172792      1.113281      1.254899 
     1.389620      1.318286      1.716841      1.365744      1.225006      1.513268      1.156109      1.209446      1.105484      1.248321 
     1.390969      1.316139      1.721106      1.365237      1.234097      1.508636      1.154636      1.241848      1.098874      1.233376 
     1.393155      1.315456      1.724194      1.364339      1.242852      1.504629      1.150410      1.268644      1.094241      1.210194 
     1.396188      1.316395      1.726043      1.363067      1.251052      1.501351      1.143709      1.288794      1.092257      1.179351 
     1.400048      1.319071      1.726594      1.361449      1.258485      1.498882      1.135023      1.301507      1.093374      1.142071 
     1.404692      1.323546      1.725800      1.359522      1.264954      1.497273      1.125039      1.306212      1.097742      1.100445 
     1.410043      1.329809      1.723636      1.357346      1.270282      1.496519      1.114618      1.302574      1.105166      1.057653 
     1.415997      1.337774      1.720102      1.354995      1.274316      1.496553      1.104725      1.290528      1.115113      1.018008 
     1.422429      1.347280      1.715232      1.352563      1.276939      1.497248      1.096326      1.270333      1.126786      0.986643 
     1.429196      1.358100      1.709083      1.350156      1.278076      1.498460      1.090252      1.242628      1.139225      0.968572 
     1.436147      1.369960      1.701730      1.347885      1.277689      1.500095      1.087080      1.208501      1.151418      0.967223 
     1.443127      1.382553      1.693263      1.345866      1.275779      1.502170      1.087031      1.169567      1.162391      0.983147 
     1.449977      1.395559      1.683795      1.344204      1.272386      1.504796      1.089946      1.128078      1.171267      1.013759 
     1.456541      1.408651      1.673464      1.342997      1.267590      1.508107      1.095306      1.086949      1.177317      1.054419 
     1.462674      1.421523      1.662429      1.342323      1.261508      1.512179      1.102329      1.049656      1.180008      1.099950 
     1.468252      1.433911      1.650848      1.342233      1.254284      1.517001      1.110106      1.019873      1.179049      1.145781 
     1.473185      1.445611      1.638857      1.342757      1.246081      1.522492      1.117730      1.000832      1.174392      1.188471 
     1.477423      1.456478      1.626561      1.343899      1.237067      1.528546      1.124432      0.994589      1.166232      1.225716 
     1.480953      1.466421      1.614024      1.345644      1.227412      1.535077      1.129631      1.001428      1.154979      1.256149 
     1.483778      1.475387      1.601280      1.347963      1.217287      1.542031      1.132967      1.019818      1.141235      1.279058 
     1.485919      1.483342      1.588339      1.350817      1.206870      1.549379      1.134285      1.046948      1.125795      1.294139 
     1.487391      1.490265      1.575193      1.354149      1.196348      1.557089      1.133600      1.079473      1.109622      1.301344 
     1.488207      1.496137      1.561826      1.357895      1.185926      1.565116      1.131065      1.114199      1.093811      1.300768 
     1.488371      1.500939      1.548214      1.361975      1.175819      1.573400      1.126943      1.148426      1.079539      1.292605 
     1.487881      1.504650      1.534334      1.366303      1.166256      1.581869      1.121607      1.180091      1.067956      1.277133 
     1.486731      1.507244      1.520163      1.370786      1.157471      1.590448      1.115508      1.207686      1.060077      1.254738 
     1.484906      1.508692      1.505694      1.375323      1.149701      1.599070      1.109162      1.230144      1.056647      1.225980 
     1.482397      1.508958      1.490935      1.379816      1.143182      1.607677      1.103132      1.246734      1.058023      1.191691 
     1.479191      1.508005      1.475915      1.384163      1.138134      1.616224      1.097987      1.256955      1.064104      1.153126 
     1.475286      1.505794      1.460681      1.388274      1.134749      1.624671      1.094277      1.260498      1.074322      1.112129 
     1.470690      1.502294      1.445290      1.392068      1.133185      1.632981      1.092444      1.257188      1.087713      1.071294 
     1.465425      1.497483      1.429793      1.395484      1.133543      1.641116      1.092802      1.247028      1.103036      1.034004 
     1.459535      1.491353      1.414231      1.398481      1.135857      1.649029      1.095480      1.230226      1.118902      1.004210 
     1.453080      1.483916      1.398640      1.401050      1.140090      1.656669      1.100392      1.207253      1.133912      0.985815 
     1.446141      1.475202      1.383088      1.403205      1.146129      1.663982      1.107238      1.178930      1.146788      0.981662 
     1.438813      1.465269      1.367717      1.404983      1.153787      1.670898      1.115521      1.146533      1.156489      0.992569 
     1.431201      1.454210      1.352777      1.406443      1.162811      1.677323      1.124583      1.111917      1.162274      1.016987 
     1.423413      1.442157      1.338617      1.407655      1.172884      1.683131      1.133667      1.077576      1.163723      1.051516 
     1.415544      1.429287      1.325639      1.408694      1.183642      1.688162      1.141974      1.046556      1.160766      1.091958 
     1.407668      1.415807      1.314236      1.409638      1.194697      1.692247      1.148754      1.022154      1.153626      1.134193 
     1.399843      1.401946      1.304746      1.410557      1.205663      1.695225      1.153367      1.007310      1.142829      1.174779 
     1.392131      1.387935      1.297421      1.411512      1.216184      1.696967      1.155333      1.003900      1.129174      1.211122 
     1.384623      1.374004      1.292428      1.412546      1.225948      1.697394      1.154356      1.012209      1.113702      1.241429 
     1.377458      1.360373      1.289850      1.413686      1.234689      1.696477      1.150340      1.030889      1.097644      1.264544 
     1.370814      1.347257      1.289702      1.414940      1.242190      1.694230      1.143367      1.057394      1.082369      1.279799 
     1.364880      1.334868      1.291938      1.416300      1.248276      1.690699      1.133716      1.088666      1.069279      1.286864 
     1.359832      1.323411      1.296465      1.417745      1.252808      1.685946      1.121856      1.121706      1.059674      1.285677 
     1.355807      1.313086      1.303150      1.419241      1.255689      1.680048      1.108469      1.153926      1.054592      1.276416 
     1.352900      1.304080      1.311829      1.420744      1.256852      1.673095      1.094441      1.183264      1.054644      1.259488 
     1.351160      1.296563      1.322310      1.422206      1.256269      1.665187      1.080845      1.208180      1.059892      1.235578 
     1.350602      1.290680      1.334371      1.423573      1.253947      1.656439      1.068872      1.227571      1.069847      1.205716 
     1.351212      1.286542      1.347759      1.424792      1.249939      1.646971      1.059722      1.240705      1.083558      1.171370 
     1.352952      1.284214      1.362188      1.425806      1.244345      1.636903      1.054443      1.247158      1.099741      1.134529 
     1.355770      1.283709      1.377338      1.426564      1.237318      1.626338      1.053765      1.246797      1.116973      1.097741 
     1.359605      1.284971      1.392875      1.427016      1.229067      1.615350      1.057968      1.239788      1.133861      1.064041 
     1.364383      1.287883      1.408466      1.427114      1.219853      1.603978      1.066782      1.226573      1.149156      1.036657 
     1.370019      1.292267      1.423808      1.426812      1.209979      1.592226      1.079461      1.207905      1.161882      1.018527 
     1.376410      1.297896      1.438665      1.426064      1.199784      1.580098      1.094903      1.184840      1.171364      1.011624 
     1.383438      1.304511      1.452877      1.424823      1.189624      1.567623      1.111813      1.158735      1.177239      1.016415 
     1.390965      1.311833      1.466366      1.423042      1.179860      1.554882      1.128882      1.131241      1.179408      1.031709 
     1.398851      1.319579      1.479107      1.420675      1.170846      1.542007      1.144905      1.104260      1.177981      1.055019 
     1.406949      1.327482      1.491113      1.417679      1.162909      1.529153      1.158844      1.079817      1.173220      1.083265 
     1.415124      1.335302      1.502414      1.414015      1.156338      1.516472      1.169889      1.059890      1.165506      1.113400 
     1.423274      1.342836      1.513046      1.409656      1.151363      1.504096      1.177475      1.046182      1.155299      1.142811 
     1.431326      1.349926      1.523052      1.404581      1.148158      1.492140      1.181271      1.039812      1.143152      1.169495 
     1.439246      1.356463      1.532471      1.398783      1.146832      1.480709      1.181179      1.041156      1.129688      1.192021 
     1.447029      1.362379      1.541342      1.392269      1.147434      1.469912      1.177303      1.049757      1.115630      1.209452 
     1.454689      1.367647      1.549697      1.385064      1.149957      1.459863      1.169939      1.064470      1.101761      1.221205 
     1.462249      1.372271      1.557560      1.377213      1.154338      1.450679      1.159556      1.083677      1.088928      1.226973 
     1.469728      1.376282      1.564946      1.368782      1.160470      1.442472      1.146795      1.105563      1.077994      1.226664 
     1.477138      1.379732      1.571862      1.359860      1.168199      1.435339      1.132461      1.128330      1.069768      1.220379 
     1.484482      1.382688      1.578311      1.350562      1.177335      1.429362      1.117517      1.150357      1.064915      1.208428 
     1.491749      1.385227      1.584292      1.341028      1.187654      1.424599      1.103068      1.170266      1.063855      1.191371 
     1.498919      1.387429      1.589803      1.331421      1.198902      1.421090      1.090286      1.186935      1.066702      1.170103 
     1.505961      1.389377      1.594843      1.321931      1.210798      1.418850      1.080322      1.199506      1.073211      1.145920 
     1.512837      1.391149      1.599408      1.312766      1.223045      1.417874      1.074160      1.207376      1.082797      1.120598 
     1.519504      1.392816      1.603491      1.304151      1.235330      1.418141      1.072469      1.210202      1.094576      1.096376 
     1.525917      1.394442      1.607080      1.296316      1.247338      1.419623      1.075467      1.207913      1.107469      1.075819 
     1.532029      1.396080      1.610163      1.289492      1.258762      1.422291      1.082859      1.200720      1.120321      1.061476 
     1.537797      1.397774      1.612725      1.283892      1.269308      1.426126      1.093881      1.189128      1.132007      1.055412 
     1.543186      1.399558      1.614759      1.279701      1.278717      1.431114      1.107419      1.173940      1.141531      1.058712 
     1.548168      1.401461      1.616269      1.277069      1.286763      1.437240      1.122178      1.156242      1.148122      1.071179 
     1.552721      1.403506      1.617269      1.276098      1.293268      1.444469      1.136843      1.137359      1.151280      1.091384 
     1.556832      1.405716      1.617778      1.276843      1.298101      1.452736      1.150214      1.118793      1.150792      1.117044 
     1.560490      1.408111      1.617814      1.279313      1.301172      1.461943      1.161300      1.102090      1.146735      1.145559 
     1.563692      1.410718      1.617390      1.283472      1.302438      1.471969      1.169354      1.088707      1.139438      1.174395 
     1.566440      1.413566      1.616507      1.289252      1.301892      1.482682      1.173882      1.079843      1.129463      1.201344 
     1.568741      1.416690      1.615153      1.296562      1.299551      1.493944      1.174631      1.076263      1.117565      1.224641 
     1.570614      1.420127      1.613308      1.305293      1.295457      1.505619      1.171578      1.078221      1.104674      1.242913 
     1.572084      1.423916      1.610940      1.315324      1.289668      1.517570      1.164919      1.085430      1.091845      1.255133 
     1.573187      1.428093      1.608013      1.326529      1.282258      1.529656      1.155072      1.097127      1.080210      1.260537 
     1.573958      1.432689      1.604492      1.338768      1.273323      1.541726      1.142690      1.112200      1.070886      1.258601 
     1.574434      1.437724      1.600350      1.351884      1.262989      1.553624      1.128672      1.129333      1.064853      1.249034 
     1.574642      1.443195      1.595573      1.365700      1.251422      1.565188      1.114151      1.147134      1.062811      1.231845 
     1.574599      1.449077      1.590166      1.380008      1.238841      1.576257      1.100465      1.164247      1.065057      1.207454 
     1.574312      1.455308      1.584155      1.394565      1.225527      1.586678      1.089047      1.179429      1.071405      1.176854 
     1.573782      1.461786      1.577582      1.409089      1.211833      1.596316      1.081251      1.191603      1.081176      1.141801 
     1.573013      1.468372      1.570496      1.423270      1.198174      1.605057      1.078138      1.199908      1.093287      1.104921 
     1.572021      1.474889      1.562946      1.436783      1.185012      1.612806      1.080246      1.203741      1.106414      1.069711 
     1.570838      1.481138      1.554964      1.449306      1.172828      1.619491      1.087455      1.202797      1.119184      1.040253 
     1.569512      1.486915      1.546575      1.460547      1.162083      1.625046      1.099009      1.197095      1.130369      1.020515 
     1.568097      1.492031      1.537802      1.470267      1.153175      1.629423      1.113676      1.186967      1.139049      1.013386 
     1.566645      1.496331      1.528694      1.478290      1.146413      1.632600      1.129962      1.173050      1.144691      1.019785 
     1.565193      1.499702      1.519331      1.484513      1.141994      1.634613      1.146370      1.156274      1.147131      1.038359 
     1.563757      1.502080      1.509823      1.488897      1.139995      1.635552      1.161521      1.137792      1.146518      1.066039 
     1.562331      1.503451      1.500284      1.491470      1.140374      1.635546      1.174285      1.118934      1.143196      1.098985 
     1.560889      1.503850      1.490816      1.492308      1.142986      1.634739      1.183808      1.101113      1.137643      1.133503 
     1.559393      1.503346      1.481491      1.491529      1.147605      1.633255      1.189512      1.085708      1.130412      1.166564 
     1.557795      1.502033      1.472352      1.489272      1.153947      1.631188      1.191083      1.073933      1.122094      1.195946 
     1.556050      1.500017      1.463415      1.485686      1.161704      1.628603      1.188424      1.066686      1.113310      1.220176 
     1.554119      1.497408      1.454681      1.480916      1.170565      1.625535      1.181651      1.064445      1.104679      1.238368 
     1.551968      1.494308      1.446139      1.475098      1.180228      1.622002      1.171074      1.067206      1.096801      1.250058 
     1.549571      1.490811      1.437772      1.468356      1.190412      1.618014      1.157201      1.074494      1.090224      1.255061 
     1.546903      1.486995      1.429569      1.460799      1.200859      1.613577      1.140741      1.085456      1.085435      1.253382 
     1.543936      1.482928      1.421523      1.452526      1.211333      1.608694      1.122625      1.098985      1.082795      1.245165 
     1.540637      1.478661      1.413632      1.443623      1.221620      1.603364      1.103995      1.113861      1.082510      1.230675 
     1.536968      1.474234      1.405909      1.434175      1.231524      1.597579      1.086174      1.128862      1.084630      1.210348 
     1.532885      1.469674      1.398372      1.424260      1.240865      1.591322      1.070589      1.142851      1.089040      1.184852 
     1.528346      1.464998      1.391050      1.413956      1.249473      1.584561      1.058650      1.154841      1.095454      1.155170 
     1.523318      1.460213      1.383974      1.403354      1.257187      1.577244      1.051567      1.164031      1.103437      1.122714 
     1.517779      1.455316      1.377179      1.392545      1.263851      1.569307      1.050156      1.169818      1.112440      1.089449 
     1.511723      1.450296      1.370699      1.381639      1.269316      1.560667      1.054683      1.171816      1.121834      1.057958 
     1.505163      1.445134      1.364566      1.370757      1.273436      1.551242      1.064799      1.169866      1.130926      1.031335 
     1.498126      1.439807      1.358823      1.360040      1.276072      1.540973      1.079588      1.164040      1.139003      1.012870 
     1.490652      1.434288      1.353540      1.349644      1.277094      1.529858      1.097707      1.154648      1.145379      1.005438 
     1.482793      1.428551      1.348829      1.339746      1.276389      1.517985      1.117585      1.142268      1.149434      1.010693 
     1.474612      1.422574      1.344857      1.330540      1.273869      1.505550      1.137581      1.127746      1.150689      1.028550 
     1.466188      1.416346      1.341828      1.322231      1.269484      1.492843      1.156125      1.112209      1.148864      1.057159 
     1.457614      1.409873      1.339945      1.315020      1.263238      1.480208      1.171813      1.097017      1.143928      1.093430 
     1.448997      1.403172      1.339369      1.309091      1.255207      1.467992      1.183497      1.083654      1.136119      1.133779 
     1.440449      1.396273      1.340182      1.304586      1.245539      1.456521      1.190345      1.073559      1.125949      1.174753 
     1.432085      1.389212      1.342373      1.301589      1.234459      1.446072      1.191878      1.067888      1.114161      1.213395 
     1.424013      1.382029      1.345850      1.300118      1.222256      1.436862      1.187970      1.067304      1.101700      1.247439 
     1.416332      1.374753      1.350450      1.300125      1.209269      1.429050      1.178852      1.071870      1.089605      1.275286 
     1.409133      1.367408      1.355971      1.301502      1.195873      1.422736      1.165069      1.081069      1.078932      1.295908 
     1.402501      1.359998      1.362198      1.304096      1.182465      1.417965      1.147462      1.093922      1.070632      1.308734 
     1.396506      1.352520      1.368921      1.307724      1.169454      1.414728      1.127131      1.109195      1.065466      1.313542 
     1.391209      1.344953      1.375956      1.312181      1.157240      1.412969      1.105432      1.125588      1.063881      1.310353 
     1.386657      1.337278      1.383157      1.317261      1.146210      1.412599      1.083928      1.141864      1.065961      1.299371 
     1.382878      1.329466      1.390411      1.322762      1.136715      1.413502      1.064310      1.156956      1.071450      1.280958 
     1.379884      1.321500      1.397648      1.328497      1.129065      1.415559      1.048282      1.169990      1.079779      1.255622 
     1.377674      1.313379      1.404820      1.334301      1.123509      1.418657      1.037369      1.180282      1.090161      1.224065 
     1.376243      1.305132      1.411902      1.340035      1.120228      1.422709      1.032696      1.187323      1.101695      1.187274 
     1.375584      1.296823      1.418871      1.345586      1.119320      1.427656      1.034783      1.190739      1.113435      1.146645 
     1.375699      1.288561      1.425702      1.350867      1.120797      1.433468      1.043448      1.190293      1.124461      1.104174 
     1.376603      1.280501      1.432351      1.355817      1.124579      1.440138      1.057830      1.185872      1.133935      1.062619 
     1.378322      1.272840      1.438753      1.360392      1.130503      1.447657      1.076564      1.177509      1.141129      1.025566 
     1.380888      1.265815      1.444820      1.364563      1.138328      1.456000      1.097997      1.165398      1.145472      0.997208 
     1.384329      1.259687      1.450456      1.368316      1.147758      1.465109      1.120411      1.149949      1.146597      0.981640 
     1.388661      1.254736      1.455583      1.371640      1.158452      1.474902      1.142177      1.131827      1.144407      0.981752 
     1.393876      1.251237      1.460161      1.374530      1.170043      1.485283      1.161835      1.112003      1.139100      0.998178 
     1.399935      1.249451      1.464197      1.376977      1.182148      1.496164      1.178134      1.091774      1.131162      1.029021 
     1.406760      1.249595      1.467724      1.378979      1.194378      1.507465      1.190048      1.072746      1.121311      1.070520 
     1.414237      1.251821      1.470776      1.380537      1.206355      1.519106      1.196813      1.056695      1.110423      1.118159 
     1.422219      1.256201      1.473379      1.381668      1.217731      1.530994      1.197954      1.045316      1.099456      1.167638 
     1.430558      1.262712      1.475538      1.382404      1.228213      1.543018      1.193326      1.039928      1.089370      1.215374 
     1.439112      1.271249      1.477254      1.382796      1.237567      1.555058      1.183141      1.041184      1.081040      1.258660 
     1.447760      1.281639      1.478524      1.382909      1.245631      1.566997      1.167970      1.048923      1.075178      1.295617 
     1.456398      1.293665      1.479354      1.382817      1.252305      1.578728      1.148751      1.062198      1.072262      1.325043 
     1.464929      1.307085      1.479760      1.382602      1.257536      1.590166      1.126782      1.079502      1.072479      1.346219 
     1.473261      1.321650      1.479770      1.382343      1.261320      1.601247      1.103693      1.099062      1.075697      1.358769 
     1.481295      1.337122      1.479427      1.382113      1.263680      1.611930      1.081344      1.119062      1.081570      1.362561 
     1.488931      1.353282      1.478780      1.381979      1.264666      1.622193      1.061732      1.137874      1.089528      1.357602 
     1.496071      1.369939      1.477881      1.381996      1.264341      1.632032      1.046779      1.154149      1.098888      1.344008 
     1.502635      1.386929      1.476786      1.382208      1.262780      1.641456      1.038073      1.166866      1.108932      1.321991 
     1.508566      1.404116      1.475544      1.382647      1.260067      1.650488      1.036583      1.175332      1.118965      1.291883 
     1.513838      1.421381      1.474198      1.383334      1.256292      1.659155      1.042472      1.179164      1.128365      1.254225 
     1.518454      1.438622      1.472784      1.384276      1.251551      1.667478      1.055062      1.178272      1.136621      1.209917 
     1.522435      1.455741      1.471316      1.385465      1.245952      1.675451      1.072989      1.172839      1.143326      1.160422 
     1.525808      1.472643      1.469785      1.386883      1.239616      1.683021      1.094459      1.163302      1.148176      1.108037 
     1.528600      1.489236      1.468151      1.388498      1.232676      1.690066      1.117541      1.150350      1.150937      1.056124 
     1.530829      1.505440      1.466334      1.390264      1.225275      1.696386      1.140402      1.134901      1.151453      1.009259 
     1.532499      1.521189      1.464224      1.392128      1.217565      1.701711      1.161456      1.118082      1.149601      0.972935 
     1.533604      1.536444      1.461704      1.394028      1.209695      1.705760      1.179435      1.101181      1.145312      0.952600 
     1.534123      1.551186      1.458695      1.395895      1.201819      1.708323      1.193377      1.085594      1.138599      0.951980 
     1.534025      1.565406      1.455204      1.397653      1.194091      1.709342      1.202588      1.072739      1.129638      0.971591 
     1.533266      1.579091      1.451324      1.399216      1.186682      1.708916      1.206596      1.063949      1.118835      1.008546 
     1.531801      1.592206      1.447207      1.400492      1.179781      1.707237      1.205133      1.060300      1.106851      1.057835 
     1.529588      1.604694      1.443020      1.401382      1.173589      1.704517      1.198150      1.062426      1.094576      1.113980 
     1.526597      1.616481      1.438907      1.401786      1.168314      1.700939      1.185852      1.070386      1.083059      1.172139 
     1.522812      1.627486      1.434982      1.401612      1.164152      1.696654      1.168729      1.083640      1.073391      1.228511 
     1.518236      1.637631      1.431328      1.400782      1.161273      1.691772      1.147594      1.101164      1.066574      1.280316 
     1.512879      1.646850      1.428003      1.399236      1.159809      1.686367      1.123605      1.121624      1.063382      1.325603 
     1.506761      1.655093      1.425052      1.396937      1.159845      1.680476      1.098288      1.143570      1.064246      1.363045 
     1.499902      1.662324      1.422516      1.393871      1.161416      1.674099      1.073524      1.165607      1.069190      1.391735 
     1.492323      1.668529      1.420439      1.390055      1.164501      1.667208      1.051470      1.186490      1.077831      1.411037 
     1.484047      1.673705      1.418871      1.385528      1.169027      1.659746      1.034381      1.205158      1.089437      1.420473 
     1.475108      1.677863      1.417870      1.380360      1.174871      1.651659      1.024292      1.220737      1.103037      1.419652 
     1.465561      1.681024      1.417501      1.374644      1.181864      1.642912      1.022635      1.232520      1.117526      1.408255 
     1.455490      1.683219      1.417828      1.368501      1.189791      1.633516      1.029886      1.239944      1.131777      1.386065 
     1.445022      1.684486      1.418908      1.362082      1.198393      1.623543      1.045423      1.242598      1.144706      1.353058 
     1.434332      1.684874      1.420780      1.355560      1.207368      1.613127      1.067630      1.240233      1.155352      1.309585 
     1.423634      1.684444      1.423450      1.349134      1.216376      1.602447      1.094241      1.232813      1.162924      1.256613 
     1.413171      1.683269      1.426877      1.343012      1.225062      1.591698      1.122747      1.220575      1.166857      1.196022 
     1.403192      1.681433      1.430957      1.337393      1.233078      1.581064      1.150720      1.204033      1.166864      1.130941 
     1.393919      1.679024      1.435524      1.332455      1.240114      1.570683      1.176132      1.184032      1.162930      1.065938 
     1.385519      1.676128      1.440348      1.328329      1.245929      1.560625      1.197464      1.161679      1.155311      1.007043 
     1.378089      1.672821      1.445161      1.325094      1.250366      1.550888      1.213743      1.138273      1.144492      0.961233 
     1.371654      1.669160      1.449704      1.322777      1.253350      1.541433      1.224484      1.115221      1.131178      0.935007 
     1.366185      1.665186      1.453793      1.321364      1.254874      1.532219      1.229534      1.093917      1.116332      0.932131 
     1.361623      1.660919      1.457370      1.320819      1.254971      1.523254      1.229009      1.075732      1.101145      0.951795 
     1.357905      1.656371      1.460489      1.321087      1.253702      1.514586      1.223166      1.061879      1.086978      0.989038 
     1.354980      1.651545      1.463254      1.322106      1.251148      1.506280      1.212391      1.053287      1.075167      1.036991 
     1.352814      1.646435      1.465756      1.323807      1.247407      1.498395      1.197204      1.050464      1.066816      1.089141 
     1.351397      1.641029      1.468048      1.326117      1.242590      1.490970      1.178280      1.053382      1.062630      1.140463 
     1.350731      1.635305      1.470153      1.328961      1.236817      1.484032      1.156470      1.061500      1.062857      1.187557 
     1.350822      1.629227      1.472077      1.332262      1.230219      1.477601      1.132820      1.073843      1.067269      1.228347 
     1.351676      1.622745      1.473814      1.335946      1.222933      1.471695      1.108599      1.089183      1.075241      1.261671 
     1.353283      1.615794      1.475364      1.339940      1.215101      1.466339      1.085277      1.106194      1.085875      1.286953 
     1.355617      1.608292      1.476722      1.344172      1.206877      1.461565      1.064488      1.123586      1.098131      1.303951 
     1.358637      1.600140      1.477885      1.348573      1.198425      1.457411      1.047915      1.140194      1.110942      1.312586 
     1.362294      1.591222      1.478849      1.353077      1.189924      1.453931      1.037095      1.155019      1.123312      1.312849 
     1.366546      1.581403      1.479607      1.357621      1.181572      1.451194      1.033172      1.167244      1.134360      1.304744 
     1.371364      1.570534      1.480151      1.362141      1.173588      1.449294      1.036683      1.176241      1.143359      1.288298 
     1.376742      1.558453      1.480466      1.366577      1.166215      1.448340      1.047439      1.181559      1.149742      1.263626 
     1.382697      1.545004      1.480536      1.370873      1.159721      1.448455      1.064537      1.182929      1.153114      1.231052 
     1.389245      1.530050      1.480336      1.374977      1.154388      1.449758      1.086492      1.180257      1.153280      1.191324 
     1.396403      1.513494      1.479833      1.378849      1.150497      1.452339      1.111515      1.173707      1.150253      1.145865 
     1.404162      1.495304      1.478984      1.382458      1.148299      1.456227      1.137673      1.163680      1.144288      1.097114 
     1.412479      1.475541      1.477725      1.385797      1.147982      1.461366      1.163087      1.150850      1.135897      1.048777 
     1.421275      1.454365      1.475976      1.388876      1.149639      1.467586      1.186069      1.136171      1.125829      1.005844 
     1.430444      1.432031      1.473649      1.391724      1.153242      1.474614      1.205210      1.120809      1.115012      0.974038 
     1.439868      1.408867      1.470670      1.394383      1.158635      1.482121      1.219455      1.106070      1.104462      0.958473 
     1.449413      1.385270      1.467026      1.396900      1.165555      1.489806      1.228084      1.093206      1.095208      0.961846 
     1.458947      1.361683      1.462792      1.399309      1.173644      1.497472      1.230723      1.083309      1.088177      0.983252 
     1.468340      1.338586      1.458122      1.401627      1.182487      1.505050      1.227323      1.077145      1.084087      1.018584 
     1.477465      1.316482      1.453207      1.403848      1.191628      1.512559      1.218161      1.075051      1.083340      1.062163 
     1.486205      1.295865      1.448231      1.405937      1.200615      1.520051      1.203814      1.076870      1.085955      1.108423 
     1.494462      1.277176      1.443343      1.407842      1.209028      1.527581      1.185146      1.082019      1.091578      1.152883 
     1.502163      1.260781      1.438654      1.409498      1.216513      1.535195      1.163263      1.089623      1.099568      1.192385 
     1.509256      1.246955      1.434230      1.410841      1.222788      1.542926      1.139476      1.098686      1.109123      1.224963 
     1.515709      1.235885      1.430111      1.411810      1.227652      1.550796      1.115255      1.108227      1.119397      1.249540 
     1.521503      1.227683      1.426316      1.412354      1.230971      1.558817      1.092194      1.117384      1.129584      1.265637 
     1.526630      1.222397      1.422850      1.412438      1.232674      1.566989      1.071931      1.125457      1.138992      1.273135 
     1.531089      1.220027      1.419712      1.412043      1.232738      1.575307      1.056038      1.131912      1.147051      1.272113 
     1.534886      1.220534      1.416897      1.411160      1.231183      1.583760      1.045868      1.136374      1.153313      1.262754 
     1.538039      1.223852      1.414401      1.409800      1.228066      1.592336      1.042357      1.138615      1.157439      1.245320 
     1.540570      1.229887      1.412218      1.407982      1.223477      1.601023      1.045862      1.138533      1.159184      1.220200 
     1.542507      1.238522      1.410342      1.405738      1.217542      1.609802      1.056078      1.136155      1.158386      1.188022 
     1.543878      1.249611      1.408758      1.403107      1.210430      1.618637      1.072099      1.131651      1.154957      1.149836 
     1.544707      1.262974      1.407439      1.400137      1.202360      1.627452      1.092552      1.125347      1.148898      1.107373 
     1.545006      1.278394      1.406332      1.396877      1.193605      1.636122      1.115783      1.117736      1.140312      1.063315 
     1.544782      1.295615      1.405357      1.393378      1.184488      1.644455      1.140043      1.109488      1.129417      1.021486 
     1.544026      1.314356      1.404402      1.389683      1.175380      1.652202      1.163650      1.101438      1.116563      0.986743 
     1.542725      1.334325      1.403342      1.385826      1.166678      1.659089      1.185077      1.094514      1.102326      0.964344 
     1.540861      1.355238      1.402084      1.381823      1.158794      1.664881      1.203013      1.089660      1.087539      0.958562 
     1.538412      1.376821      1.400614      1.377684      1.152133      1.669440      1.216362      1.087730      1.073350      0.971162 
     1.535363      1.398808      1.399021      1.373407      1.147073      1.672741      1.224260      1.089375      1.061183      1.000640 
     1.531715      1.420929      1.397470      1.369002      1.143947      1.674846      1.226066      1.094909      1.052574      1.042900 
     1.527490      1.442901      1.396155      1.364490      1.142998      1.675844      1.221418      1.104217      1.048870      1.092674 
     1.522737      1.464442      1.395259      1.359917      1.144347      1.675813      1.210300      1.116721      1.050920      1.144820 
     1.517532      1.485288      1.394927      1.355353      1.147963      1.674811      1.193098      1.131426      1.058869      1.195033 
     1.511966      1.505211      1.395270      1.350889      1.153667      1.672872      1.170671      1.147068      1.072090      1.240032 
     1.506131      1.524035      1.396361      1.346630      1.161147      1.670016      1.144358      1.162263      1.089339      1.277534 
     1.500113      1.541639      1.398242      1.342684      1.169998      1.666251      1.115978      1.175675      1.109018      1.306092 
     1.493975      1.557962      1.400925      1.339155      1.179772      1.661580      1.087760      1.186151      1.129461      1.324915 
     1.487752      1.572988      1.404399      1.336132      1.190016      1.655997      1.062201      1.192769      1.149125      1.333686 
     1.481453      1.586743      1.408633      1.333689      1.200311      1.649498      1.041831      1.194903      1.166727      1.332421 
     1.475063      1.599281      1.413582      1.331876      1.210291      1.642085      1.028849      1.192223      1.181286      1.321357 
     1.468554      1.610672      1.419192      1.330731      1.219650      1.633775      1.024725      1.184711      1.192112      1.300914 
     1.461904      1.620994      1.425400      1.330273      1.228134      1.624610      1.029885      1.172662      1.198773      1.271693 
     1.455102      1.630320      1.432133      1.330510      1.235544      1.614660      1.043613      1.156696      1.201046      1.234565 
     1.448162      1.638715      1.439302      1.331435      1.241719      1.604012      1.064240      1.137761      1.198907      1.190818 
     1.441112      1.646238      1.446797      1.333033      1.246538      1.592750      1.089515      1.117109      1.192513      1.142361 
     1.433990      1.652942      1.454488      1.335274      1.249916      1.580939      1.117042      1.096274      1.182196      1.091941 
     1.426833      1.658875      1.462224      1.338120      1.251804      1.568594      1.144583      1.076969      1.168469      1.043301 
     1.419670      1.664085      1.469841      1.341524      1.252189      1.555670      1.170265      1.060957      1.152020      1.001128 
     1.412522      1.668626      1.477182      1.345440      1.251090      1.542064      1.192653      1.049838      1.133698      0.970559 
     1.405407      1.672550      1.484121      1.349818      1.248546      1.527650      1.210733      1.044847      1.114525      0.956076 
     1.398358      1.675907      1.490592      1.354613      1.244617      1.512348      1.223845      1.046663      1.095700      0.960049 
     1.391429      1.678743      1.496595      1.359777      1.239377      1.496181      1.231580      1.055299      1.078593      0.981743 
     1.384705      1.681089      1.502180      1.365254      1.232928      1.479303      1.233722      1.070104      1.064646      1.017645 
     1.378293      1.682963      1.507416      1.370972      1.225403      1.461981      1.230223      1.089875      1.055182      1.062758 
     1.372323      1.684373      1.512360      1.376840      1.216984      1.444562      1.221206      1.113020      1.051164      1.111968 
     1.366914      1.685307      1.517056      1.382749      1.207896      1.427448      1.207002      1.137780      1.052975      1.160877 
     1.362172      1.685745      1.521527      1.388576      1.198410      1.411071      1.188186      1.162416      1.060317      1.206069 
     1.358171      1.685649      1.525786      1.394186      1.188827      1.395869      1.165610      1.185357      1.072272      1.245087 
     1.354949      1.684971      1.529835      1.399445      1.179467      1.382270      1.140430      1.205276      1.087477      1.276272 
     1.352510      1.683651      1.533672      1.404218      1.170657      1.370658      1.114118      1.221123      1.104374      1.298580 
     1.350830      1.681618      1.537291      1.408379      1.162714      1.361368      1.088444      1.232113      1.121430      1.311406 
     1.349865      1.678791      1.540690      1.411813      1.155936      1.354667      1.065417      1.237710      1.137275      1.314451 
     1.349564      1.675086      1.543870      1.414425      1.150592      1.350752      1.047102      1.237575      1.150800      1.307639 
     1.349884      1.670417      1.546839      1.416135      1.146911      1.349758      1.035390      1.231567      1.161163      1.291079 
     1.350811      1.664703      1.549611      1.416892      1.145072      1.351756      1.031675      1.219744      1.167794      1.265095 
     1.352364      1.657875      1.552203      1.416672      1.145196      1.356746      1.036556      1.202398      1.170367      1.230332 
     1.354596      1.649893      1.554633      1.415485      1.147330      1.364643      1.049676      1.180128      1.168783      1.187936 
     1.357580      1.640750      1.556906      1.413383      1.151435      1.375248      1.069774      1.153934      1.163166      1.139823 
     1.361373      1.630483      1.559006      1.410457      1.157370      1.388218      1.094912      1.125290      1.153858      1.088948 
     1.365998      1.619177      1.560880      1.406840      1.164898      1.403057      1.122828      1.096173      1.141411      1.039481 
     1.371423      1.606948      1.562427      1.402698      1.173699      1.419150      1.151247      1.068956      1.126563      0.996693 
     1.377567      1.593925      1.563513      1.398206      1.183404      1.435827      1.178140      1.046163      1.110217      0.966250 
     1.384317      1.580228      1.563998      1.393540      1.193640      1.452478      1.201861      1.030109      1.093448      0.952808 
     1.391553      1.565953      1.563803      1.388857      1.204051      1.468641      1.221174      1.022488      1.077531      0.958370 
     1.399158      1.551175      1.562945      1.384294      1.214321      1.484055      1.235215      1.024018      1.063899      0.981435 
     1.407036      1.535957      1.561530      1.379973      1.224165      1.498633      1.243433      1.034284      1.053991      1.017686 
     1.415100      1.520357      1.559708      1.375996      1.233336      1.512406      1.245546      1.051847      1.048993      1.061638 
     1.423278      1.504438      1.557630      1.372452      1.241618      1.525458      1.241511      1.074583      1.049568      1.108083 
     1.431503      1.488262      1.555423      1.369409      1.248835      1.537893      1.231516      1.100121      1.055714      1.152859 
     1.439722      1.471884      1.553187      1.366920      1.254850      1.549809      1.215975      1.126203      1.066777      1.192995 
     1.447885      1.455355      1.550999      1.365017      1.259566      1.561286      1.195531      1.150885      1.081625      1.226551 
     1.455949      1.438716      1.548921      1.363721      1.262919      1.572386      1.171079      1.172634      1.098837      1.252360 
     1.463871      1.422006      1.546994      1.363035      1.264876      1.583147      1.143805      1.190320      1.116948      1.269808 
     1.471606      1.405258      1.545248      1.362952      1.265424      1.593585      1.115223      1.203161      1.134586      1.278634 
     1.479107      1.388514      1.543700      1.363457      1.264569      1.603693      1.087187      1.210652      1.150572      1.278812 
     1.486325      1.371820      1.542353      1.364525      1.262332      1.613442      1.061857      1.212519      1.163956      1.270493 
     1.493204      1.355239      1.541195      1.366122      1.258745      1.622778      1.041522      1.208695      1.174019      1.254000 
     1.499687      1.338857      1.540198      1.368205      1.253853      1.631629      1.028328      1.199326      1.180255      1.229863 
     1.505717      1.322786      1.539319      1.370722      1.247717      1.639904      1.023878      1.184808      1.182357      1.198929 
     1.511244      1.307173      1.538489      1.373608      1.240423      1.647504      1.028834      1.165850      1.180215      1.162503 
     1.516213      1.292203      1.537617      1.376782      1.232082      1.654314      1.042721      1.143535      1.173926      1.122543 
     1.520570      1.278101      1.536578      1.380149      1.222846      1.660199      1.063998      1.119363      1.163816      1.081802 
     1.524249      1.265113      1.535226      1.383594      1.212901      1.664994      1.090414      1.095228      1.150460      1.043867 
     1.527173      1.253490      1.533395      1.386994      1.202473      1.668504      1.119434      1.073303      1.134705      1.012901 
     1.529259      1.243464      1.530924      1.390212      1.191810      1.670525      1.148625      1.055809      1.117650      0.992986 
     1.530426      1.235230      1.527687      1.393115      1.181181      1.670894      1.175906      1.044687      1.100606      0.987121 
     1.530610      1.228936      1.523607      1.395570      1.170865      1.669549      1.199633      1.041256      1.085028      0.996275 
     1.529778      1.224682      1.518658      1.397447      1.161152      1.666557      1.218595      1.045950      1.072382      1.019096 
     1.527938      1.222519      1.512848      1.398626      1.152341      1.662101      1.231954      1.058241      1.063967      1.052452 
     1.525137      1.222458      1.506199      1.398994      1.144738      1.656431      1.239185      1.076762      1.060716      1.092405 
     1.521455      1.224466      1.498744      1.398457      1.138645      1.649812      1.240020      1.099603      1.063034      1.135096 
     1.516996      1.228473      1.490520      1.396936      1.134338      1.642488      1.234429      1.124631      1.070717      1.177219 
     1.511882      1.234376      1.481578      1.394388      1.132052      1.634677      1.222608      1.149773      1.083007      1.216175 
     1.506234      1.242053      1.471981      1.390795      1.131955      1.626562      1.205011      1.173179      1.098722      1.250014 
     1.500177      1.251369      1.461813      1.386186      1.134136      1.618298      1.182391      1.193303      1.116446      1.277320 
     1.493834      1.262177      1.451176      1.380630      1.138586      1.610007      1.155868      1.208912      1.134700      1.297092 
     1.487321      1.274323      1.440193      1.374246      1.145192      1.601791      1.126993      1.219087      1.152084      1.308646 
     1.480747      1.287635      1.429010      1.367196      1.153738      1.593721      1.097766      1.223205      1.167369      1.311579 
     1.474209      1.301923      1.417796      1.359688      1.163912      1.585850      1.070575      1.220950      1.179555      1.305755 
     1.467797      1.316976      1.406736      1.351955      1.175326      1.578213      1.047980      1.212330      1.187912      1.291328 
     1.461594      1.332557      1.396028      1.344250      1.187536      1.570833      1.032351      1.197725      1.191985      1.268795 
     1.455684      1.348415      1.385866      1.336822      1.200075      1.563741      1.025349      1.177898      1.191616      1.239056 
     1.450157      1.364288      1.376437      1.329903      1.212482      1.556984      1.027525      1.154035      1.186920      1.203479 
     1.445105      1.379920      1.367901      1.323693      1.224329      1.550612      1.038144      1.127726      1.178275      1.163979 
     1.440612      1.395074      1.360384      1.318355      1.235242      1.544662      1.055428      1.100920      1.166275      1.123035 
     1.436733      1.409549      1.353962      1.314002      1.244918      1.539129      1.076960      1.075769      1.151699      1.083656 
     1.433492      1.423193      1.348662      1.310701      1.253138      1.533945      1.100224      1.054431      1.135458      1.049193 
     1.430875      1.435910      1.344458      1.308478      1.259762      1.529000      1.123021      1.038838      1.118531      1.022954 
     1.428844      1.447658      1.341296      1.307328      1.264719      1.524170      1.143617      1.030360      1.101936      1.007633 
     1.427350      1.458438      1.339109      1.307228      1.267985      1.519369      1.160778      1.029599      1.086713      1.004677 
     1.426344      1.468277      1.337842      1.308145      1.269573      1.514585      1.173701      1.036297      1.073885      1.013901 
     1.425784      1.477217      1.337469      1.310041      1.269515      1.509883      1.181931      1.049423      1.064395      1.033535 
     1.425638      1.485304      1.337997      1.312878      1.267852      1.505380      1.185275      1.067410      1.059015      1.060775 
     1.425874      1.492579      1.339451      1.316616      1.264636      1.501216      1.183739      1.088429      1.058227      1.092453 
     1.426467      1.499078      1.341869      1.321210      1.259929      1.497526      1.177518      1.110658      1.062131      1.125580 
     1.427390      1.504825      1.345291      1.326614      1.253807      1.494423      1.166982      1.132425      1.070426      1.157650 
     1.428619      1.509837      1.349754      1.332774      1.246362      1.491997      1.152693      1.152308      1.082437      1.186689 
     1.430126      1.514120      1.355288      1.339632      1.237704      1.490313      1.135430      1.169156      1.097229      1.211235 
     1.431885      1.517666      1.361914      1.347121      1.227972      1.489417      1.116227      1.182061      1.113736      1.230237 
     1.433869      1.520453      1.369645      1.355167      1.217329      1.489333      1.096375      1.190336      1.130852      1.242954 
     1.436053      1.522441      1.378477      1.363688      1.205982      1.490074      1.077411      1.193493      1.147524      1.248886 
     1.438409      1.523573      1.388397      1.372584      1.194177      1.491643      1.061034      1.191221      1.162805      1.247732 
     1.440916      1.523772      1.399373      1.381745      1.182212      1.494040      1.048944      1.183417      1.175878      1.239370 
     1.443562      1.522938      1.411355      1.391044      1.170443      1.497263      1.042611      1.170221      1.186064      1.223894 
     1.446341      1.520958      1.424266      1.400342      1.159272      1.501309      1.042979      1.152096      1.192832      1.201685 
     1.449259      1.517710      1.437995      1.409482      1.149151      1.506160      1.050258      1.129922      1.195824      1.173506 
     1.452323      1.513073      1.452384      1.418302      1.140553      1.511770      1.063850      1.105065      1.194841      1.140653 
     1.455525      1.506943      1.467229      1.426642      1.133937      1.518041      1.082418      1.079446      1.189894      1.105087 
     1.458834      1.499258      1.482275      1.434355      1.129703      1.524819      1.104135      1.055465      1.181212      1.069470 
     1.462190      1.490006      1.497231      1.441322      1.128148      1.531896      1.126979      1.035791      1.169253      1.037151 
     1.465508      1.479237      1.511793      1.447466      1.129429      1.539032      1.148987      1.022906      1.154747      1.011749 
     1.468699      1.467066      1.525674      1.452746      1.133547      1.546007      1.168472      1.018649      1.138643      0.996596 
     1.471693      1.453665      1.538653      1.457158      1.140353      1.552649      1.184103      1.023769      1.122119      0.993903 
     1.474461      1.439261      1.550586      1.460722      1.149570      1.558860      1.194934      1.037743      1.106491      1.004078 
     1.477018      1.424125      1.561418      1.463467      1.160822      1.564604      1.200343      1.058854      1.093136      1.025627 
     1.479412      1.408574      1.571142      1.465421      1.173650      1.569896      1.200042      1.084746      1.083295      1.055659 
     1.481703      1.392952      1.579783      1.466606      1.187552      1.574774      1.194062      1.112848      1.077878      1.090679 
     1.483956      1.377609      1.587366      1.467031      1.202014      1.579293      1.182718      1.140726      1.077281      1.127307 
     1.486218      1.362883      1.593913      1.466695      1.216545      1.583518      1.166631      1.166305      1.081331      1.162686 
     1.488520      1.349083      1.599447      1.465585      1.230700      1.587524      1.146751      1.188011      1.089322      1.194646 
     1.490877      1.336475      1.603991      1.463677      1.244098      1.591392      1.124351      1.204729      1.100182      1.221674 
     1.493285      1.325283      1.607570      1.460940      1.256428      1.595207      1.101028      1.215762      1.112650      1.242776 
     1.495723      1.315691      1.610204      1.457336      1.267441      1.599047      1.078634      1.220707      1.125456      1.257344 
     1.498158      1.307845      1.611912      1.452823      1.276951      1.602978      1.059193      1.219425      1.137441      1.265037 
     1.500551      1.301863      1.612709      1.447359      1.284816      1.607055      1.044734      1.212016      1.147617      1.265688 
     1.502855      1.297840      1.612600      1.440905      1.290927      1.611318      1.036970      1.198776      1.155203      1.259257 
     1.505022      1.295848      1.611585      1.433433      1.295205      1.615797      1.037041      1.180268      1.159620      1.245829 
     1.507002      1.295940      1.609652      1.424930      1.297593      1.620510      1.045261      1.157374      1.160495      1.225661 
     1.508739      1.298137      1.606788      1.415415      1.298058      1.625458      1.061036      1.131402      1.157666      1.199277 
     1.510165      1.302423      1.602975      1.404947      1.296595      1.630622      1.082985      1.104145      1.151202      1.167607 
     1.511196      1.308729      1.598196      1.393643      1.293235      1.635936      1.109183      1.077918      1.141438      1.132156 
     1.511742      1.316923      1.592445      1.381677      1.288057      1.641285      1.137455      1.055438      1.128998      1.095139 
     1.511716      1.326803      1.585722      1.369278      1.281192      1.646498      1.165648      1.039480      1.114785      1.059510 
     1.511054      1.338104      1.578045      1.356723      1.272824      1.651371      1.191809      1.032345      1.099954      1.028791 
     1.509737      1.350510      1.569452      1.344311      1.263182      1.655705      1.214320      1.035276      1.085813      1.006580 
     1.507790      1.363673      1.560002      1.332339      1.252528      1.659348      1.231946      1.048087      1.073689      0.995761 
     1.505274      1.377233      1.549782      1.321087      1.241147      1.662232      1.243836      1.069223      1.064782      0.997668 
     1.502270      1.390835      1.538901      1.310795      1.229341      1.664385      1.249495      1.096191      1.060014      1.011629 
     1.498855      1.404142      1.527480      1.301656      1.217416      1.665913      1.248751      1.126125      1.059865      1.035172 
     1.495096      1.416847      1.515646      1.293797      1.205678      1.666968      1.241729      1.156288      1.064317      1.064843 
     1.491048      1.428688      1.503528      1.287281      1.194417      1.667712      1.228823      1.184373      1.072840      1.097047 
     1.486745      1.439453      1.491249      1.282107      1.183902      1.668284      1.210689      1.208631      1.084505      1.128664 
     1.482210      1.448983      1.478920      1.278214      1.174368      1.668791      1.188229      1.227855      1.098153      1.157321 
     1.477447      1.457168      1.466637      1.275502      1.166015      1.669289      1.162586      1.241303      1.112549      1.181382 
     1.472451      1.463937      1.454484      1.273844      1.159008      1.669795      1.135159      1.248601      1.126558      1.199867 
     1.467202      1.469254      1.442530      1.273104      1.153472      1.670281      1.107593      1.249635      1.139199      1.212266 
     1.461668      1.473099      1.430835      1.273149      1.149499      1.670685      1.081752      1.244480      1.149688      1.218409 
     1.455810      1.475472      1.419453      1.273861      1.147146      1.670917      1.059628      1.233364      1.157430      1.218369 
     1.449589      1.476376      1.408434      1.275143      1.146435      1.670875      1.043145      1.216672      1.162018      1.212404 
     1.442973      1.475823      1.397837      1.276922      1.147357      1.670452      1.033893      1.194984      1.163207      1.200935 
     1.435951      1.473825      1.387725      1.279154      1.149866      1.669554      1.032819      1.169159      1.160904      1.184571 
     1.428550      1.470402      1.378176      1.281818      1.153885      1.668101      1.039991      1.140418      1.155166      1.164153 
     1.420835      1.465583      1.369278      1.284919      1.159296      1.666031      1.054555      1.110449      1.146215      1.140823 
     1.412906      1.459415      1.361123      1.288478      1.165944      1.663280      1.074886      1.081439      1.134469      1.116074 
     1.404888      1.451965      1.353809      1.292531      1.173641      1.659776      1.098886      1.055971      1.120560      1.091751 
     1.396914      1.443324      1.347420      1.297125      1.182166      1.655435      1.124317      1.036769      1.105345      1.069960 
     1.389116      1.433611      1.342028      1.302306      1.191279      1.650172      1.149061      1.026220      1.089891      1.052855 
     1.381621      1.422963      1.337688      1.308122      1.200732      1.643917      1.171292      1.025805      1.075424      1.042302 
     1.374562      1.411540      1.334453      1.314615      1.210277      1.636641      1.189552      1.035692      1.063233      1.039513 
     1.368081      1.399516      1.332377      1.321817      1.219673      1.628363      1.202761      1.054682      1.054526      1.044769 
     1.362334      1.387081      1.331533      1.329744      1.228688      1.619154      1.210183      1.080541      1.050252      1.057349 
     1.357478      1.374439      1.332006      1.338398      1.237110      1.609122      1.211392      1.110536      1.050937      1.075705 
     1.353659      1.361804      1.333882      1.347759      1.244739      1.598402      1.206249      1.141906      1.056572      1.097797 
     1.350996      1.349397      1.337233      1.357789      1.251399      1.587137      1.194903      1.172196      1.066619      1.121460 
     1.349573      1.337438      1.342098      1.368438      1.256935      1.575471      1.177807      1.199405      1.080111      1.144680 
     1.349431      1.326135      1.348481      1.379644      1.261215      1.563539      1.155755      1.222009      1.095823      1.165754 
     1.350571      1.315688      1.356342      1.391339      1.264133      1.551460      1.129902      1.238894      1.112456      1.183357 
     1.352955      1.306277      1.365609      1.403452      1.265602      1.539339      1.101838      1.249311      1.128774      1.196525 
     1.356510      1.298058      1.376182      1.415914      1.265563      1.527266      1.073610      1.252801      1.143702      1.204622 
     1.361141      1.291169      1.387945      1.428659      1.263969      1.515315      1.047624      1.249116      1.156364      1.207287 
     1.366738      1.285723      1.400769      1.441624      1.260798      1.503555      1.026510      1.238224      1.166095      1.204405 
     1.373197      1.281804      1.414520      1.454751      1.256049      1.492056      1.012761      1.220316      1.172429      1.196089 
     1.380432      1.279469      1.429058      1.467981      1.249743      1.480911      1.008270      1.195885      1.175090      1.182709 
     1.388383      1.278742      1.444233      1.481249      1.241942      1.470231      1.013845      1.165820      1.173967      1.164908 
     1.396998      1.279608      1.459874      1.494476      1.232750      1.460162      1.028981      1.131573      1.169125      1.143696 
     1.406212      1.282008      1.475787      1.507563      1.222328      1.450859      1.051970      1.095311      1.160810      1.120502 
     1.415915      1.285832      1.491750      1.520385      1.210908      1.442454      1.080284      1.059971      1.149474      1.097197 
     1.425939      1.290916      1.507524      1.532799      1.198788      1.435031      1.111099      1.029153      1.135776      1.076010 
     1.436073      1.297043      1.522871      1.544651      1.186328      1.428606      1.141719      1.006729      1.120584      1.059317 
     1.446105      1.303962      1.537581      1.555782      1.173931      1.423145      1.169847      0.995952      1.104935      1.049247 
     1.455860      1.311399      1.551491      1.566041      1.162027      1.418615      1.193696      0.998621      1.089996      1.047296 
     1.465226      1.319076      1.564489      1.575281      1.151050      1.415032      1.211999      1.014472      1.076982      1.053984 
     1.474147      1.326716      1.576508      1.583365      1.141428      1.412491      1.223942      1.041291      1.067055      1.068733 
     1.482594      1.334063      1.587516      1.590166      1.133553      1.411148      1.229080      1.075645      1.061179      1.090025 
     1.490543      1.340890      1.597498      1.595579      1.127761      1.411185      1.227269      1.113772      1.059966      1.115761 
     1.497973      1.347013      1.606450      1.599525      1.124305      1.412767      1.218625      1.152249      1.063569      1.143653 
     1.504860      1.352302      1.614378      1.601958      1.123336      1.416013      1.203517      1.188312      1.071656      1.171554 
     1.511184      1.356685      1.621292      1.602867      1.124896      1.420994      1.182574      1.219885      1.083462      1.197641 
     1.516931      1.360142      1.627212      1.602270      1.128927      1.427726      1.156741      1.245521      1.097931      1.220474 
     1.522095      1.362705      1.632157      1.600213      1.135272      1.436175      1.127338      1.264253      1.113872      1.238983 
     1.526675      1.364442      1.636150      1.596756      1.143705      1.446260      1.096147      1.275463      1.130090      1.252405 
     1.530669      1.365454      1.639213      1.591974      1.153941      1.457853      1.065446      1.278769      1.145484      1.260229 
     1.534074      1.365864      1.641368      1.585944      1.165664      1.470790      1.037968      1.273972      1.159102      1.262135 
     1.536883      1.365807      1.642631      1.578742      1.178539      1.484878      1.016702      1.261045      1.170173      1.257974 
     1.539080      1.365427      1.643020      1.570442      1.192228      1.499910      1.004374      1.240156      1.178098      1.247757 
     1.540652      1.364869      1.642549      1.561116      1.206396      1.515687      1.002904      1.211781      1.182455      1.231684 
     1.541590      1.364279      1.641231      1.550838      1.220712      1.532022      1.012840      1.176862      1.183002      1.210197 
     1.541901      1.363798      1.639080      1.539700      1.234843      1.548733      1.033117      1.137002      1.179681      1.184065 
     1.541604      1.363560      1.636118      1.527813      1.248458      1.565606      1.061352      1.094692      1.172641      1.154478 
     1.540727      1.363688      1.632372      1.515314      1.261238      1.582379      1.094406      1.053421      1.162261      1.123098 
     1.539297      1.364285      1.627879      1.502365      1.272891      1.598730      1.128989      1.017545      1.149156      1.092040 
     1.537332      1.365434      1.622677      1.489131      1.283176      1.614318      1.162131      0.991732      1.134165      1.063743 
     1.534846      1.367194      1.616800      1.475769      1.291910      1.628845      1.191426      0.979912      1.118322      1.040723 
     1.531866      1.369606      1.610274      1.462420      1.298969      1.642115      1.215145      0.984016      1.102774      1.025164 
     1.528447      1.372691      1.603111      1.449208      1.304281      1.654045      1.232174      1.003349      1.088751      1.018549 
     1.524674      1.376455      1.595316      1.436247      1.307810      1.664644      1.241904      1.034896      1.077465      1.021315 
     1.520652      1.380891      1.586897      1.423650      1.309548      1.673957      1.244118      1.074397      1.069981      1.032750 
     1.516487      1.385970      1.577874      1.411528      1.309513      1.682028      1.238910      1.117465      1.067041      1.051191 
     1.512271      1.391653      1.568289      1.399993      1.307744      1.688886      1.226638      1.160290      1.068916      1.074404 
     1.508069      1.397882      1.558210      1.389151      1.304303      1.694550      1.207928      1.199905      1.075348      1.100022 
     1.503917      1.404592      1.547727      1.379097      1.299271      1.699036      1.183708      1.234163      1.085586      1.125872 
     1.499822      1.411707      1.536951      1.369907      1.292747      1.702354      1.155252      1.261614      1.098516      1.150150 
     1.495759      1.419148      1.526000      1.361638      1.284846      1.704510      1.124229      1.281342      1.112843      1.171474 
     1.491675      1.426831      1.514993      1.354325      1.275698      1.705495      1.092723      1.292820      1.127265      1.188855 
     1.487495      1.434672      1.504042      1.347978      1.265445      1.705284      1.063190      1.295808      1.140594      1.201639 
     1.483125      1.442588      1.493250      1.342583      1.254246      1.703838      1.038302      1.290286      1.151845      1.209455 
     1.478477      1.450491      1.482708      1.338098      1.242271      1.701117      1.020633      1.276429      1.160259      1.212153 
     1.473482      1.458295      1.472497      1.334460      1.229714      1.697097      1.012190      1.254629      1.165316      1.209773 
     1.468122      1.465903      1.462692      1.331583      1.216790      1.691795      1.013938      1.225564      1.166730      1.202524 
     1.462439      1.473213      1.453363      1.329364      1.203749      1.685282      1.025540      1.190311      1.164446      1.190795 
     1.456525      1.480106      1.444579      1.327675      1.190877      1.677675      1.045420      1.150490      1.158640      1.175174 
     1.450502      1.486453      1.436405      1.326374      1.178495      1.669118      1.071126      1.108385      1.149731      1.156483 
     1.444482      1.492118      1.428893      1.325305      1.166947      1.659746      1.099895      1.067058      1.138377      1.135787 
     1.438542      1.496969      1.422077      1.324307      1.156574      1.649655      1.129054      1.030233      1.125462      1.114380 
     1.432710      1.500888      1.415968      1.323220      1.147700      1.638876      1.156329      1.001960      1.112035      1.093724 
     1.426983      1.503775      1.410548      1.321900      1.140595      1.627385      1.179962      0.985896      1.099248      1.075367 
     1.421367      1.505554      1.405783      1.320226      1.135473      1.615121      1.198689      0.984326      1.088261      1.060793 
     1.415912      1.506174      1.401634      1.318109      1.132478      1.602040      1.211702      0.997465      1.080125      1.051253 
     1.410732      1.505607      1.398074      1.315499      1.131685      1.588148      1.218531      1.023403      1.075690      1.047593 
     1.405992      1.503848      1.395095      1.312392      1.133089      1.573529      1.218968      1.058788      1.075486      1.050106 
     1.401864      1.500918      1.392715      1.308831      1.136607      1.558334      1.213023      1.099756      1.079656      1.058458 
     1.398508      1.496867      1.390978      1.304909      1.142074      1.542773      1.200921      1.142648      1.087918      1.071737 
     1.396046      1.491769      1.389933      1.300760      1.149247      1.527089      1.183162      1.184395      1.099587      1.088599 
     1.394556      1.485720      1.389625      1.296555      1.157822      1.511539      1.160573      1.222589      1.113675      1.107472 
     1.394075      1.478826      1.390084      1.292488      1.167451      1.496361      1.134355      1.255429      1.129049      1.126759 
     1.394595      1.471202      1.391318      1.288765      1.177766      1.481769      1.106146      1.281618      1.144527      1.144989 
     1.396076      1.462961      1.393310      1.285586      1.188401      1.467938      1.078015      1.300238      1.159008      1.160919 
     1.398457      1.454202      1.396025      1.283141      1.199012      1.454996      1.052386      1.310645      1.171533      1.173557 
     1.401670      1.445015      1.399408      1.281598      1.209290      1.443038      1.031828      1.312391      1.181333      1.182182 
     1.405647      1.435478      1.403397      1.281101      1.218969      1.432144      1.018698      1.305191      1.187829      1.186322 
     1.410329      1.425655      1.407922      1.281771      1.227822      1.422392      1.014687      1.288901      1.190631      1.185727 
     1.415671      1.415612      1.412908      1.283701      1.235660      1.413880      1.020421      1.263578      1.189536      1.180364 
     1.421631      1.405420      1.418273      1.286959      1.242324      1.406724      1.035282      1.229614      1.184519      1.170424 
     1.428147      1.395168      1.423925      1.291577      1.247679      1.401031      1.057546      1.187921      1.175758      1.156355 
     1.435126      1.384971      1.429758      1.297549      1.251618      1.396863      1.084758      1.140199      1.163657      1.138914 
     1.442421      1.374967      1.435655      1.304819      1.254063      1.394202      1.114165      1.089234      1.148878      1.119200 
     1.449833      1.365314      1.441485      1.313284      1.254974      1.392910      1.143063      1.039133      1.132333      1.098637 
     1.457122      1.356176      1.447114      1.322793      1.254355      1.392738      1.169081      0.995285      1.115181      1.078904 
     1.464038      1.347706      1.452415      1.333171      1.252249      1.393360      1.190316      0.963743      1.098735      1.061767 
     1.470368      1.340039      1.457272      1.344230      1.248737      1.394470      1.205395      0.949763      1.084353      1.048861 
     1.475997      1.333286      1.461592      1.355788      1.243927      1.395900      1.213536      0.955916      1.073328      1.041451 
     1.480923      1.327534      1.465303      1.367663      1.237960      1.397678      1.214526      0.980935      1.066738      1.040228 
     1.485236      1.322848      1.468358      1.379669      1.231004      1.399988      1.208648      1.020303      1.065297      1.045183 
     1.489061      1.319270      1.470732      1.391614      1.223267      1.403060      1.196585      1.068030      1.069197      1.055606 
     1.492509      1.316808      1.472437      1.403301      1.214985      1.407079      1.179360      1.118340      1.078040      1.070228 
     1.495657      1.315432      1.473507      1.414547      1.206418      1.412131      1.158276      1.166580      1.090882      1.087457 
     1.498544      1.315070      1.474005      1.425191      1.197832      1.418203      1.134877      1.209439      1.106412      1.105657 
     1.501183      1.315617      1.474007      1.435110      1.189483      1.425198      1.110893      1.244818      1.123173      1.123352 
     1.503562      1.316947      1.473596      1.444219      1.181607      1.432967      1.088150      1.271565      1.139770      1.139343 
     1.505663      1.318922      1.472852      1.452470      1.174409      1.441339      1.068448      1.289185      1.154997      1.152756 
     1.507462      1.321410      1.471846      1.459841      1.168066      1.450142      1.053393      1.297614      1.167908      1.163010 
     1.508941      1.324285      1.470636      1.466335      1.162722      1.459223      1.044216      1.297051      1.177818      1.169773 
     1.510092      1.327439      1.469272      1.471967      1.158497      1.468459      1.041581      1.287847      1.184276      1.172914 
     1.510925      1.330781      1.467789      1.476759      1.155480      1.477761      1.045499      1.270468      1.187032      1.172455 
     1.511473      1.334239      1.466217      1.480734      1.153735      1.487072      1.055330      1.245502      1.186004      1.168553 
     1.511783      1.337761      1.464569      1.483914      1.153302      1.496356      1.069909      1.213742      1.181263      1.161479 
     1.511907      1.341311      1.462856      1.486321      1.154191      1.505588      1.087743      1.176285      1.173042      1.151648 
     1.511893      1.344874      1.461072      1.487973      1.156383      1.514739      1.107212      1.134705      1.161731      1.139602 
     1.511769      1.348447      1.459204      1.488891      1.159831      1.523768      1.126757      1.091244      1.147924      1.126047 
     1.511539      1.352047      1.457220      1.489092      1.164456      1.532614      1.144959      1.048946      1.132413      1.111842 
     1.511179      1.355703      1.455078      1.488596      1.170157      1.541194      1.160608      1.011673      1.116205      1.097974 
     1.510645      1.359458      1.452724      1.487421      1.176810      1.549413      1.172727      0.983784      1.100491      1.085514 
     1.509891      1.363369      1.450092      1.485584      1.184288      1.557184      1.180584      0.969351      1.086603      1.075537 
     1.508906      1.367499      1.447116      1.483098      1.192457      1.564451      1.183675      0.971012      1.075915      1.069014 
     1.507729      1.371918      1.443738      1.479972      1.201181      1.571210      1.181734      0.989060      1.069734      1.066708 
     1.506450      1.376689      1.439927      1.476217      1.210318      1.577509      1.174723      1.021343      1.069136      1.069072 
     1.505177      1.381869      1.435689      1.471847      1.219708      1.583432      1.162880      1.064091      1.074775      1.076133 
     1.504003      1.387494      1.431074      1.466889      1.229171      1.589083      1.146760      1.112952      1.086733      1.087462 
     1.502985      1.393573      1.426176      1.461387      1.238502      1.594566      1.127308      1.163813      1.104457      1.102196 
     1.502130      1.400088      1.421118      1.455405      1.247484      1.599970      1.105917      1.213169      1.126820      1.119142 
     1.501401      1.406990      1.416040      1.449024      1.255895      1.605356      1.084406      1.258245      1.152279      1.136916 
     1.500728      1.414208      1.411078      1.442338      1.263528      1.610756      1.064889      1.296960      1.179104      1.154119 
     1.500027      1.421654      1.406357      1.435443      1.270199      1.616170      1.049531      1.327844      1.205585      1.169466 
     1.499212      1.429232      1.401980      1.428432      1.275761      1.621587      1.040205      1.349929      1.230190      1.181894 
     1.498214      1.436844      1.398029      1.421386      1.280100      1.627000      1.038132      1.362628      1.251646      1.190592 
     1.496990      1.444402      1.394569      1.414376      1.283140      1.632428      1.043637      1.365639      1.268968      1.195008 
     1.495523      1.451821      1.391650      1.407455      1.284831      1.637923      1.056099      1.358865      1.281427      1.194853 
     1.493818      1.459025      1.389310      1.400669      1.285150      1.643557      1.074126      1.342378      1.288513      1.190069 
     1.491887      1.465941      1.387580      1.394050      1.284097      1.649414      1.095854      1.316435      1.289894      1.180832 
     1.489757      1.472499      1.386484      1.387626      1.281692      1.655557      1.119274      1.281539      1.285402      1.167563 
     1.487458      1.478630      1.386034      1.381417      1.277979      1.662012      1.142456      1.238568      1.275024      1.150944 
     1.485018      1.484265      1.386235      1.375437      1.273027      1.668745      1.163712      1.188975      1.258930      1.131946 
     1.482465      1.489338      1.387075      1.369695      1.266934      1.675655      1.181658      1.135036      1.237497      1.111812 
     1.479810      1.493784      1.388526      1.364193      1.259829      1.682559      1.195226      1.080100      1.211360      1.092022 
     1.477047      1.497545      1.390548      1.358923      1.251865      1.689198      1.203667      1.028763      1.181470      1.074184 
     1.474138      1.500573      1.393085      1.353872      1.243216      1.695254      1.206496      0.986635      1.149120      1.059845 
     1.471018      1.502830      1.396082      1.349015      1.234070      1.700387      1.203518      0.959535      1.115989      1.050294 
     1.467618      1.504284      1.399484      1.344318      1.224618      1.704305      1.194835      0.951838      1.084145      1.046344 
     1.463903      1.504911      1.403243      1.339747      1.215058      1.706817      1.180896      0.964706      1.056001      1.048209 
     1.459911      1.504687      1.407312      1.335270      1.205597      1.707867      1.162532      0.995549      1.034136      1.055465 
     1.455743      1.503590      1.411630      1.330869      1.196466      1.707504      1.140955      1.039150      1.020909      1.067143 
     1.451528      1.501602      1.416127      1.326538      1.187905      1.705832      1.117739      1.089549      1.017903      1.081899 
     1.447376      1.498716      1.420724      1.322286      1.180154      1.702972      1.094728      1.141420      1.025417      1.098249 
     1.443362      1.494939      1.425345      1.318133      1.173438      1.699042      1.073906      1.190658      1.042316      1.114772 
     1.439523      1.490284      1.429936      1.314109      1.167943      1.694146      1.057201      1.234407      1.066343      1.130232 
     1.435860      1.484781      1.434466      1.310256      1.163810      1.688376      1.046206      1.270850      1.094690      1.143655 
     1.432361      1.478463      1.438933      1.306624      1.161123      1.681808      1.041937      1.298955      1.124563      1.154319 
     1.429017      1.471366      1.443353      1.303273      1.159915      1.674517      1.044651      1.318227      1.153546      1.161742 
     1.425833      1.463531      1.447752      1.300274      1.160170      1.666568      1.053820      1.328503      1.179737      1.165631 
     1.422834      1.455000      1.452162      1.297709      1.161828      1.658022      1.068285      1.329823      1.201758      1.165886 
     1.420058      1.445821      1.456619      1.295668      1.164800      1.648931      1.086476      1.322330      1.218675      1.162576 
     1.417559      1.436048      1.461153      1.294252      1.168960      1.639331      1.106688      1.306244      1.229882      1.155891 
     1.415394      1.425747      1.465791      1.293566      1.174162      1.629242      1.127273      1.281882      1.235052      1.146186 
     1.413615      1.414996      1.470556      1.293713      1.180240      1.618673      1.146763      1.249740      1.234083      1.133984 
     1.412256      1.403896      1.475457      1.294788      1.187009      1.607617      1.163924      1.210616      1.227068      1.119986 
     1.411331      1.392564      1.480498      1.296870      1.194272      1.596054      1.177764      1.165819      1.214325      1.105079 
     1.410820      1.381140      1.485666      1.300014      1.201820      1.583957      1.187537      1.117407      1.196427      1.090322 
     1.410656      1.369786      1.490931      1.304244      1.209439      1.571278      1.192715      1.068397      1.174235      1.076875 
     1.410722      1.358675      1.496249      1.309550      1.216918      1.557957      1.192989      1.022900      1.148935      1.065906 
     1.410856      1.347987      1.501561      1.315890      1.224055      1.543919      1.188265      0.985920      1.122057      1.058463 
     1.410895      1.337891      1.506801      1.323197      1.230664      1.529095      1.178684      0.962604      1.095439      1.055311 
     1.410723      1.328552      1.511887      1.331389      1.236578      1.513463      1.164635      0.956797      1.071144      1.056839 
     1.410329      1.320123      1.516738      1.340369      1.241646      1.497100      1.146800      0.969638      1.051323      1.063009 
     1.409816      1.312754      1.521269      1.350030      1.245729      1.480211      1.126198      0.999081      1.037951      1.073358 
     1.409346      1.306590      1.525402      1.360248      1.248696      1.463125      1.104186      1.040770      1.032507      1.087074 
     1.409066      1.301776      1.529074      1.370882      1.250427      1.446250      1.082435      1.089535      1.035625      1.103095 
     1.409065      1.298432      1.532241      1.381772      1.250824      1.430029      1.062829      1.140546      1.046913      1.120235 
     1.409366      1.296656      1.534874      1.392763      1.249809      1.414908      1.047313      1.189943      1.064979      1.137293 
     1.409934      1.296508      1.536951      1.403702      1.247339      1.401312      1.037584      1.234829      1.087784      1.153170 
     1.410708      1.298004      1.538444      1.414456      1.243407      1.389635      1.034824      1.273180      1.113022      1.166931 
     1.411625      1.301122      1.539316      1.424913      1.238041      1.380229      1.039448      1.303645      1.138458      1.177837 
     1.412632      1.305805      1.539520      1.434985      1.231302      1.373413      1.051048      1.325346      1.162142      1.185360 
     1.413697      1.311963      1.539001      1.444599      1.223287      1.369464      1.068491      1.337704      1.182492      1.189165 
     1.414799      1.319482      1.537707      1.453694      1.214129      1.368617      1.090155      1.340322      1.198296      1.189095 
     1.415933      1.328223      1.535590      1.462215      1.204004      1.371050      1.114229      1.332919      1.208680      1.185164 
     1.417091      1.338017      1.532612      1.470098      1.193139      1.376876      1.138928      1.315332      1.213075      1.177549 
     1.418268      1.348671      1.528753      1.477272      1.181814      1.386126      1.162639      1.287571      1.211195      1.166607 
     1.419455      1.359961      1.524013      1.483644      1.170370      1.398733      1.183984      1.249953      1.203045      1.152879 
     1.420636      1.371631      1.518413      1.489109      1.159211      1.414513      1.201830      1.203327      1.188955      1.137110 
     1.421783      1.383395      1.512003      1.493541      1.148789      1.433152      1.215267      1.149384      1.169636      1.120238 
     1.422849      1.394950      1.504854      1.496811      1.139578      1.454189      1.223617      1.091058      1.146233      1.103365 
     1.423772      1.405999      1.497057      1.498797      1.132037      1.477026      1.226403      1.032879      1.120340      1.087673 
     1.424465      1.416274      1.488712      1.499400      1.126565      1.500950      1.223343      0.981121      1.093958      1.074306 
     1.424832      1.425571      1.479917      1.498557      1.123457      1.525213      1.214347      0.943240      1.069363      1.064242 
     1.424781      1.433754      1.470755      1.496243      1.122879      1.549131      1.199573      0.926139      1.048901      1.058195 
     1.424259      1.440766      1.461295      1.492481      1.124872      1.572214      1.179511      0.933418      1.034707      1.056561 
     1.423283      1.446598      1.451612      1.487333      1.129352      1.594217      1.155122      0.963601      1.028354      1.059403 
     1.421935      1.451278      1.441809      1.480916      1.136117      1.615069      1.127915      1.010920      1.030549      1.066464 
     1.420323      1.454863      1.432026      1.473402      1.144846      1.634756      1.099919      1.067873      1.040916      1.077195 
     1.418549      1.457432      1.422443      1.465022      1.155119      1.653242      1.073559      1.127475      1.058046      1.090792 
     1.416682      1.459081      1.413258      1.456036      1.166447      1.670461      1.051404      1.184307      1.079814      1.106275 
     1.414760      1.459916      1.404662      1.446718      1.178327      1.686342      1.035782      1.234639      1.103829      1.122585 
     1.412810      1.460050      1.396828      1.437321      1.190289      1.700845      1.028335      1.276185      1.127845      1.138686 
     1.410857      1.459584      1.389888      1.428066      1.201921      1.713979      1.029721      1.307766      1.150001      1.153648 
     1.408944      1.458611      1.383942      1.419131      1.212890      1.725802      1.039467      1.328930      1.168907      1.166694 
     1.407127      1.457206      1.379058      1.410657      1.222936      1.736414      1.056127      1.339670      1.183603      1.177224 
     1.405482      1.455431      1.375277      1.402750      1.231864      1.745926      1.077706      1.340235      1.193502      1.184802 
     1.404091      1.453332      1.372624      1.395491      1.239532      1.754448      1.102018      1.330992      1.198305      1.189149 
     1.403034      1.450945      1.371108      1.388939      1.245836      1.762072      1.126997      1.312386      1.197942      1.190133 
     1.402384      1.448297      1.370724      1.383142      1.250706      1.768864      1.150858      1.284954      1.192533      1.187758 
     1.402197      1.445408      1.371455      1.378134      1.254097      1.774856      1.172165      1.249407      1.182389      1.182170 
     1.402512      1.442295      1.373270      1.373941      1.255983      1.780042      1.189796      1.206770      1.168017      1.173665 
     1.403333      1.438976      1.376122      1.370580      1.256360      1.784375      1.202903      1.158594      1.150152      1.162695 
     1.404628      1.435467      1.379938      1.368064      1.255244      1.787756      1.210873      1.107213      1.129780      1.149858 
     1.406312      1.431785      1.384627      1.366389      1.252676      1.790035      1.213296      1.056003      1.108160      1.135922 
     1.408238      1.427947      1.390077      1.365539      1.248719      1.791006      1.209951      1.009492      1.086819      1.121792 
     1.410205      1.423966      1.396163      1.365485      1.243457      1.790421      1.200800      0.973098      1.067470      1.108457 
     1.411998      1.419850      1.402753      1.366187      1.236992      1.788023      1.186028      0.952189      1.051863      1.096920 
     1.413461      1.415597      1.409732      1.367590      1.229441      1.783601      1.166101      0.950467      1.041595      1.088137 
     1.414568      1.411199      1.417005      1.369637      1.220931      1.777040      1.141852      0.968497      1.037888      1.082903 
     1.415437      1.406640      1.424503      1.372256      1.211621      1.768340      1.114565      1.003481      1.041379      1.081769 
     1.416267      1.401904      1.432184      1.375364      1.201712      1.757585      1.086053      1.050461      1.051982      1.084938 
     1.417266      1.396974      1.440026      1.378853      1.191454      1.744905      1.058651      1.103948      1.068877      1.092204 
     1.418582      1.391832      1.448018      1.382597      1.181151      1.730447      1.035087      1.159045      1.090650      1.102947 
     1.420303      1.386459      1.456153      1.386451      1.171146      1.714362      1.018176      1.211886      1.115540      1.116203 
     1.422469      1.380830      1.464422      1.390261      1.161800      1.696796      1.010285      1.259630      1.141700      1.130801 
     1.425102      1.374912      1.472808      1.393871      1.153473      1.677893      1.012791      1.300326      1.167391      1.145495 
     1.428234      1.368674      1.481284      1.397134      1.146509      1.657803      1.025684      1.332650      1.191117      1.159100 
     1.431913      1.362085      1.489810      1.399915      1.141211      1.636695      1.047638      1.355753      1.211643      1.170559 
     1.436197      1.355131      1.498339      1.402101      1.137834      1.614752      1.076371      1.369079      1.227993      1.178986 
     1.441137      1.347822      1.506807      1.403601      1.136555      1.592185      1.109164      1.372271      1.239417      1.183687 
     1.446764      1.340201      1.515143      1.404350      1.137465      1.569224      1.143315      1.365127      1.245385      1.184193 
     1.453077      1.332354      1.523266      1.404309      1.140554      1.546123      1.176411      1.347616      1.245567      1.180272 
     1.460041      1.324414      1.531083      1.403466      1.145709      1.523162      1.206416      1.319933      1.239841      1.171949 
     1.467578      1.316557      1.538493      1.401831      1.152714      1.500647      1.231703      1.282632      1.228323      1.159556 
     1.475570      1.308995      1.545386      1.399435      1.161258      1.478904      1.251016      1.236796      1.211404      1.143763 
     1.483858      1.301967      1.551647      1.396327      1.170960      1.458258      1.263451      1.184278      1.189798      1.125600 
     1.492244      1.295720      1.557165      1.392576      1.181387      1.439008      1.268422      1.127927      1.164583      1.106428 
     1.500510      1.290478      1.561837      1.388261      1.192097      1.421384      1.265657      1.071766      1.137200      1.087855 
     1.508439      1.286429      1.565578      1.383470      1.202671      1.405507      1.255179      1.020919      1.109390      1.071552 
     1.515846      1.283707      1.568326      1.378295      1.212752      1.391388      1.237301      0.981181      1.083103      1.059031 
     1.522612      1.282390      1.570046      1.372821      1.222059      1.378965      1.212618      0.957866      1.060322      1.051418 
     1.528707      1.282507      1.570722      1.367124      1.230393      1.368182      1.182063      0.954136      1.042862      1.049291 
     1.534165      1.284055      1.570357      1.361276      1.237621      1.359070      1.147016      0.969701      1.032151      1.052628 
     1.539041      1.287008      1.568967      1.355347      1.243659      1.351762      1.109423      1.000940      1.028993      1.060861 
     1.543366      1.291321      1.566585      1.349410      1.248457      1.346427      1.071856      1.042349      1.033421      1.073015 
     1.547131      1.296935      1.563257      1.343544      1.251991      1.343195      1.037486      1.088333      1.044637      1.087873 
     1.550292      1.303780      1.559043      1.337835      1.254260      1.342114      1.009804      1.134169      1.061214      1.104163 
     1.552784      1.311775      1.554007      1.332368      1.255283      1.343162      0.992118      1.176350      1.081363      1.120698 
     1.554553      1.320843      1.548212      1.327225      1.255098      1.346284      0.986786      1.212518      1.103238      1.136466 
     1.555561      1.330912      1.541711      1.322486      1.253753      1.351453      0.994582      1.241182      1.125137      1.150645 
     1.555803      1.341909      1.534553      1.318231      1.251304      1.358688      1.014464      1.261476      1.145605      1.162599 
     1.555306      1.353761      1.526783      1.314542      1.247816      1.368044      1.043940      1.272943      1.163460      1.171854 
     1.554116      1.366387      1.518445      1.311501      1.243366      1.379572      1.079768      1.275392      1.177777      1.178073 
     1.552289      1.379692      1.509592      1.309187      1.238049      1.393280      1.118636      1.268848      1.187871      1.181048 
     1.549891      1.393568      1.500283      1.307670      1.231982      1.409107      1.157610      1.253553      1.193276      1.180688 
     1.546980      1.407886      1.490595      1.307006      1.225309      1.426909      1.194265      1.230038      1.193738      1.177024 
     1.543614      1.422495      1.480617      1.307229      1.218203      1.446452      1.226696      1.199252      1.189232      1.170222 
     1.539845      1.437225      1.470453      1.308346      1.210864      1.467413      1.253455      1.162720      1.179980      1.160592 
     1.535718      1.451887      1.460219      1.310327      1.203517      1.489384      1.273469      1.122712      1.166483      1.148602 
     1.531259      1.466280      1.450038      1.313110      1.196407      1.511884      1.285983      1.082330      1.149545      1.134886 
     1.526470      1.480204      1.440028      1.316597      1.189777      1.534380      1.290526      1.045445      1.130276      1.120228 
     1.521324      1.493472      1.430291      1.320664      1.183854      1.556332      1.286912      1.016322      1.110059      1.105531 
     1.515767      1.505929      1.420907      1.325174      1.178837      1.577241      1.275241      0.998857      1.090474      1.091764 
     1.509745      1.517451      1.411932      1.329986      1.174882      1.596711      1.255931      0.995529      1.073166      1.079883 
     1.503239      1.527954      1.403407      1.334970      1.172096      1.614476      1.229754      1.006608      1.059688      1.070753 
     1.496294      1.537382      1.395366      1.340008      1.170539      1.630401      1.197862      1.030100      1.051291      1.065055 
     1.489005      1.545709      1.387863      1.345005      1.170220      1.644452      1.161825      1.062463      1.048740      1.063201 
     1.481487      1.552927      1.380973      1.349885      1.171105      1.656648      1.123659      1.099633      1.052171      1.065268 
     1.473839      1.559051      1.374803      1.354597      1.173114      1.667042      1.085851      1.137851      1.061082      1.070992 
     1.466110      1.564115      1.369477      1.359114      1.176138      1.675703      1.051320      1.174087      1.074447      1.079806 
     1.458303      1.568167      1.365129      1.363432      1.180041      1.682712      1.023215      1.206102      1.090927      1.090932 
     1.450387      1.571264      1.361892      1.367563      1.184679      1.688163      1.004542      1.232372      1.109074      1.103481 
     1.442336      1.573471      1.359884      1.371538      1.189900      1.692165      0.997499      1.251887      1.127530      1.116574 
     1.434164      1.574851      1.359206      1.375396      1.195555      1.694840      1.002993      1.264011      1.145099      1.129394 
     1.425952      1.575461      1.359945      1.379180      1.201500      1.696325      1.020345      1.268331      1.160789      1.141226 
     1.417848      1.575348      1.362170      1.382934      1.207592      1.696752      1.047540      1.264582      1.173803      1.151473 
     1.410038      1.574557      1.365925      1.386695      1.213682      1.696243      1.081774      1.252620      1.183535      1.159666 
     1.402724      1.573126      1.371230      1.390497      1.219622      1.694902      1.120043      1.232488      1.189546      1.165454 
     1.396090      1.571086      1.378070      1.394358      1.225252      1.692810      1.159567      1.204538      1.191582      1.168631 
     1.390282      1.568472      1.386389      1.398286      1.230414      1.690020      1.197949      1.169627      1.189571      1.169121 
     1.385394      1.565317      1.396083      1.402273      1.234948      1.686562      1.233223      1.129364      1.183649      1.166991 
     1.381447      1.561661      1.406998      1.406293      1.238703      1.682435      1.263815      1.086372      1.174184      1.162451 
     1.378382      1.557544      1.418934      1.410309      1.241540      1.677604      1.288482      1.044453      1.161775      1.155840 
     1.376063      1.553009      1.431657      1.414270      1.243349      1.671998      1.306280      1.008480      1.147249      1.147612 
     1.374318      1.548095      1.444911      1.418119      1.244049      1.665533      1.316522      0.983735      1.131623      1.138297 
     1.373003      1.542838      1.458447      1.421797      1.243597      1.658137      1.318797      0.974615      1.116028      1.128464 
     1.372077      1.537267      1.472025      1.425247      1.241989      1.649810      1.312992      0.983095      1.101618      1.118679 
     1.371614      1.531402      1.485430      1.428414      1.239257      1.640662      1.299318      1.007937      1.089469      1.109477 
     1.371767      1.525266      1.498466      1.431248      1.235468      1.630899      1.278342      1.045201      1.080456      1.101327 
     1.372679      1.518877      1.510966      1.433704      1.230730      1.620782      1.250964      1.089701      1.075141      1.094616 
     1.374440      1.512255      1.522791      1.435743      1.225180      1.610569      1.218416      1.136394      1.073683      1.089610 
     1.377068      1.505412      1.533840      1.437334      1.218982      1.600477      1.182255      1.181158      1.075840      1.086451 
     1.380524      1.498351      1.544044      1.438455      1.212312      1.590670      1.144371      1.221007      1.081031      1.085160 
     1.384730      1.491063      1.553367      1.439089      1.205351      1.581250      1.106996      1.253990      1.088462      1.085649 
     1.389589      1.483524      1.561794      1.439223      1.198279      1.572271      1.072662      1.278943      1.097241      1.087737 
     1.395004      1.475696      1.569326      1.438847      1.191268      1.563744      1.044067      1.295262      1.106510      1.091178 
     1.400882      1.467529      1.575972      1.437948      1.184484      1.555656      1.023791      1.302710      1.115496      1.095679 
     1.407146      1.458965      1.581741      1.436509      1.178086      1.547992      1.013842      1.301285      1.123573      1.100929 
     1.413729      1.449941      1.586643      1.434515      1.172225      1.540757      1.015171      1.291154      1.130264      1.106622 
     1.420582      1.440395      1.590678      1.431949      1.167050      1.533992      1.027429      1.272650      1.135242      1.112467 
     1.427653      1.430280      1.593840      1.428795      1.162703      1.527783      1.048975      1.246299      1.138324      1.118200 
     1.434890      1.419569      1.596118      1.425051      1.159318      1.522237      1.077322      1.212941      1.139468      1.123594 
     1.442229      1.408264      1.597497      1.420721      1.157010      1.517460      1.109640      1.173876      1.138769      1.128458 
     1.449586      1.396405      1.597967      1.415832      1.155860      1.513523      1.143169      1.131044      1.136460      1.132654 
     1.456859      1.384070      1.597522      1.410428      1.155912      1.510441      1.175471      1.087204      1.132893      1.136086 
     1.463924      1.371373      1.596169      1.404570      1.157157      1.508156      1.204560      1.046000      1.128508      1.138706 
     1.470645      1.358459      1.593926      1.398338      1.159537      1.506542      1.228888      1.011757      1.123809      1.140506 
     1.476890      1.345489      1.590821      1.391818      1.162944      1.505440      1.247337      0.988871      1.119306      1.141514 
     1.482544      1.332640      1.586890      1.385100      1.167230      1.504710      1.259160      0.980738      1.115469      1.141790 
     1.487526      1.320093      1.582173      1.378279      1.172217      1.504281      1.263946      0.988646      1.112688      1.141418 
     1.491797      1.308045      1.576718      1.371449      1.177706      1.504167      1.261586      1.011264      1.111233      1.140501 
     1.495354      1.296699      1.570579      1.364709      1.183482      1.504436      1.252264      1.045163      1.111226      1.139152 
     1.498210      1.286263      1.563823      1.358159      1.189326      1.505157      1.236428      1.085936      1.112627      1.137479 
     1.500388      1.276943      1.556524      1.351900      1.195020      1.506368      1.214799      1.129246      1.115248      1.135587 
     1.501900      1.268921      1.548761      1.346023      1.200363      1.508051      1.188385      1.171462      1.118765      1.133562 
     1.502748      1.262355      1.540610      1.340615      1.205178      1.510145      1.158506      1.209822      1.122772      1.131483 
     1.502911      1.257368      1.532137      1.335750      1.209322      1.512547      1.126813      1.242396      1.126830      1.129406 
     1.502347      1.254049      1.523397      1.331491      1.212682      1.515127      1.095303      1.267922      1.130515      1.127379 
     1.500994      1.252454      1.514424      1.327896      1.215181      1.517738      1.066270      1.285610      1.133449      1.125439 
     1.498766      1.252615      1.505237      1.325019      1.216770      1.520230      1.042169      1.294991      1.135327      1.123623 
     1.495574      1.254541      1.495836      1.322911      1.217426      1.522464      1.025345      1.295804      1.135932      1.121968 
     1.491340      1.258231      1.486206      1.321625      1.217148      1.524333      1.017638      1.287936      1.135144      1.120517 
     1.486024      1.263669      1.476321      1.321217      1.215954      1.525770      1.019976      1.271401      1.132929      1.119311 
     1.479646      1.270829      1.466156      1.321743      1.213883      1.526765      1.032136      1.246390      1.129362      1.118403 
     1.472288      1.279667      1.455688      1.323254      1.210997      1.527357      1.052779      1.213379      1.124631      1.117845 
     1.464091      1.290108      1.444913      1.325788      1.207384      1.527616      1.079770      1.173321      1.119036      1.117695 
     1.455228      1.302038      1.433855      1.329355      1.203170      1.527624      1.110559      1.127891      1.113005      1.118011 
     1.445880      1.315298      1.422565      1.333928      1.198516      1.527457      1.142539      1.079780      1.107055      1.118831 
     1.436203      1.329676      1.411134      1.339425      1.193618      1.527165      1.173326      1.032923      1.101766      1.120182 
     1.426304      1.344921      1.399681      1.345714      1.188701      1.526766      1.200893      0.992444      1.097693      1.122058 
     1.416239      1.360761      1.388351      1.352612      1.184001      1.526250      1.223629      0.964038      1.095308      1.124423 
     1.406038      1.376923      1.377299      1.359903      1.179751      1.525599      1.240327      0.952563      1.094908      1.127203 
     1.395788      1.393140      1.366700      1.367349      1.176169      1.524814      1.250223      0.960309      1.096594      1.130291 
     1.385681      1.409155      1.356740      1.374701      1.173446      1.523941      1.252910      0.985996      1.100242      1.133545 
     1.376020      1.424718      1.347622      1.381703      1.171737      1.523073      1.248311      1.025367      1.105519      1.136790 
     1.367153      1.439589      1.339555      1.388109      1.171149      1.522330      1.236675      1.072841      1.111920      1.139827 
     1.359401      1.453551      1.332734      1.393699      1.171736      1.521833      1.218576      1.123050      1.118829      1.142438 
     1.353010      1.466431      1.327330      1.398293      1.173490      1.521690      1.194939      1.171667      1.125593      1.144403 
     1.348132      1.478114      1.323468      1.401763      1.176347      1.521976      1.167025      1.215600      1.131602      1.145520 
     1.344827      1.488540      1.321224      1.404039      1.180201      1.522737      1.136440      1.252849      1.136347      1.145622 
     1.343086      1.497705      1.320628      1.405101      1.184918      1.523988      1.105139      1.282248      1.139439      1.144597 
     1.342855      1.505640      1.321677      1.404966      1.190349      1.525717      1.075359      1.303211      1.140648      1.142392 
     1.344054      1.512403      1.324335      1.403680      1.196345      1.527893      1.049509      1.315499      1.139876      1.139019 
     1.346602      1.518070      1.328554      1.401309      1.202763      1.530487      1.029953      1.319062      1.137143      1.134552 
     1.350437      1.522717      1.334277      1.397928      1.209466      1.533476      1.018658      1.313958      1.132592      1.129147 
     1.355516      1.526422      1.341438      1.393619      1.216333      1.536859      1.016810      1.300331      1.126478      1.123012 
     1.361819      1.529252      1.349967      1.388470      1.223246      1.540664      1.024519      1.278416      1.119161      1.116432 
     1.369332      1.531267      1.359787      1.382578      1.230095      1.544942      1.040808      1.248631      1.111107      1.109749 
     1.378027      1.532515      1.370802      1.376055      1.236766      1.549744      1.063801      1.211715      1.102879      1.103374 
     1.387828      1.533042      1.382898      1.369028      1.243142      1.555094      1.091124      1.168929      1.095110      1.097759 
     1.398605      1.532885      1.395929      1.361651      1.249102      1.560967      1.120273      1.122284      1.088465      1.093365 
     1.410156      1.532086      1.409727      1.354092      1.254525      1.567259      1.148897      1.074771      1.083585      1.090613 
     1.422219      1.530682      1.424115      1.346533      1.259296      1.573784      1.174955      1.030465      1.080986      1.089831 
     1.434493      1.528710      1.438904      1.339166      1.263306      1.580282      1.196785      0.994318      1.081003      1.091206 
     1.446688      1.526202      1.453929      1.332168      1.266468      1.586460      1.213135      0.971392      1.083725      1.094748 
     1.458580      1.523184      1.469048      1.325709      1.268711      1.592065      1.223169      0.965499      1.088984      1.100291 
     1.470046      1.519675      1.484156      1.319938      1.269978      1.596972      1.226454      0.977810      1.096379      1.107503 
     1.481059      1.515686      1.499156      1.314995      1.270233      1.601210      1.222941      1.006373      1.105318      1.115919 
     1.491639      1.511232      1.513958      1.311003      1.269455      1.604930      1.212931      1.046929      1.115083      1.124976 
     1.501812      1.506329      1.528469      1.308067      1.267647      1.608325      1.197062      1.094353      1.124890      1.134058 
     1.511575      1.500997      1.542598      1.306262      1.264839      1.611567      1.176311      1.143849      1.133959      1.142548 
     1.520907      1.495262      1.556258      1.305629      1.261090      1.614768      1.152007      1.191530      1.141580      1.149879 
     1.529765      1.489150      1.569377      1.306171      1.256482      1.617977      1.125826      1.234549      1.147169      1.155583 
     1.538098      1.482684      1.581898      1.307859      1.251118      1.621185      1.099755      1.270975      1.150311      1.159312 
     1.545853      1.475881      1.593785      1.310633      1.245116      1.624339      1.075997      1.299589      1.150761      1.160859 
     1.552973      1.468749      1.605015      1.314414      1.238605      1.627358      1.056788      1.319688      1.148448      1.160157 
     1.559409      1.461290      1.615571      1.319109      1.231718      1.630145      1.044111      1.330906      1.143471      1.157273 
     1.565126      1.453495      1.625443      1.324619      1.224597      1.632611      1.039380      1.333105      1.136087      1.152392 
     1.570110      1.445349      1.634611      1.330840      1.217386      1.634682      1.043140      1.326301      1.126716      1.145814 
     1.574375      1.436833      1.643049      1.337666      1.210237      1.636304      1.054963      1.310642      1.115931      1.137948 
     1.577961      1.427935      1.650711      1.344985      1.203305      1.637442      1.073540      1.286433      1.104463      1.129303 
     1.580926      1.418646      1.657538      1.352683      1.196753      1.638067      1.096977      1.254241      1.093155      1.120459 
     1.583342      1.408972      1.663453      1.360639      1.190741      1.638146      1.123114      1.215008      1.082940      1.112044 
     1.585270      1.398939      1.668376      1.368726      1.185424      1.637629      1.149808      1.170260      1.074753      1.104690 
     1.586756      1.388592      1.672222      1.376812      1.180940      1.636439      1.175119      1.122323      1.069423      1.098961 
     1.587820      1.378001      1.674918      1.384768      1.177402      1.634477      1.197399      1.074516      1.067558      1.095299 
     1.588445      1.367259      1.676403      1.392468      1.174884      1.631625      1.215314      1.031181      1.069444      1.093966 
     1.588588      1.356476      1.676637      1.399796      1.173420      1.627769      1.227840      0.997378      1.074991      1.095012 
     1.588186      1.345774      1.675595      1.406653      1.173002      1.622833      1.234229      0.977964      1.083762      1.098284 
     1.587185      1.335291      1.673262      1.412950      1.173585      1.616815      1.234005      0.976196      1.095036      1.103443 
     1.585565      1.325174      1.669629      1.418608      1.175086      1.609797      1.226973      0.992483      1.107909      1.110018 
     1.583350      1.315593      1.664689      1.423555      1.177395      1.601922      1.213252      1.024217      1.121380      1.117447 
     1.580588      1.306738      1.658438      1.427720      1.180367      1.593352      1.193312      1.066789      1.134440      1.125123 
     1.577320      1.298812      1.650881      1.431033      1.183842      1.584239      1.168054      1.115086      1.146153      1.132445 
     1.573560      1.292021      1.642036      1.433436      1.187637      1.574714      1.138853      1.164472      1.155705      1.138853 
     1.569287      1.286557      1.631929      1.434881      1.191567      1.564883      1.107593      1.211245      1.162451      1.143881 
     1.564449      1.282581      1.620597      1.435341      1.195453      1.554826      1.076667      1.252699      1.165946      1.147175 
     1.558974      1.280218      1.608080      1.434809      1.199128      1.544603      1.048862      1.286985      1.165956      1.148507 
     1.552789      1.279543      1.594423      1.433299      1.202452      1.534263      1.027082      1.312918      1.162466      1.147778 
     1.545846      1.280587      1.579672      1.430848      1.205309      1.523863      1.013894      1.329797      1.155669      1.145018 
     1.538149      1.283333      1.563885      1.427510      1.207612      1.513498      1.010955      1.337280      1.145969      1.140371 
     1.529769      1.287720      1.547133      1.423364      1.209303      1.503319      1.018547      1.335305      1.133977      1.134097 
     1.520840      1.293636      1.529514      1.418508      1.210344      1.493549      1.035475      1.324063      1.120506      1.126555 
     1.511543      1.300929      1.511163      1.413064      1.210728      1.484465      1.059369      1.304003      1.106557      1.118211 
     1.502076      1.309400      1.492260      1.407168      1.210467      1.476361      1.087249      1.275868      1.093253      1.109603 
     1.492629      1.318817      1.473022      1.400975      1.209595      1.469513      1.116092      1.240763      1.081744      1.101317 
     1.483359      1.328924      1.453697      1.394637      1.208165      1.464141      1.143233      1.200216      1.073074      1.093932 
     1.474384      1.339463      1.434552      1.388301      1.206247      1.460390      1.166575      1.156267      1.068019      1.087975 
     1.465770      1.350182      1.415854      1.382094      1.203916      1.458320      1.184620      1.111509      1.066982      1.083877 
     1.457531      1.360858      1.397862      1.376118      1.201256      1.457907      1.196444      1.069085      1.069935      1.081927 
     1.449635      1.371301      1.380805      1.370445      1.198346      1.459054      1.201604      1.032534      1.076446      1.082225 
     1.442017      1.381360      1.364888      1.365118      1.195264      1.461605      1.200047      1.005420      1.085774      1.084712 
     1.434602      1.390922      1.350283      1.360156      1.192082      1.465375      1.192051      0.990676      1.096994      1.089163 
     1.427333      1.399904      1.337139      1.355560      1.188867      1.470190      1.178180      0.989802      1.109151      1.095259 
     1.420192      1.408244      1.325588      1.351319      1.185678      1.475914      1.159292      1.002410      1.121313      1.102588 
     1.413199      1.415893      1.315754      1.347415      1.182578      1.482460      1.136538      1.026324      1.132653      1.110703 
     1.406405      1.422806      1.307756      1.343831      1.179626      1.489777      1.111399      1.058290      1.142455      1.119127 
     1.399874      1.428941      1.301701      1.340548      1.176883      1.497825      1.085685      1.094784      1.150133      1.127387 
     1.393658      1.434264      1.297682      1.337553      1.174408      1.506555      1.061481      1.132585      1.155256      1.135053 
     1.387795      1.438747      1.295772      1.334830      1.172257      1.515906      1.041031      1.169073      1.157528      1.141748 
     1.382310      1.442365      1.296023      1.332372      1.170486      1.525810      1.026533      1.202305      1.156791      1.147154 
     1.377217      1.445098      1.298463      1.330174      1.169146      1.536212      1.019765      1.230871      1.153027      1.151032 
     1.372538      1.446931      1.303105      1.328242      1.168285      1.547080      1.021756      1.253793      1.146354      1.153221 
     1.368310      1.447849      1.309940      1.326590      1.167946      1.558419      1.032557      1.270359      1.137040      1.153644 
     1.364597      1.447836      1.318938      1.325244      1.168171      1.570249      1.051229      1.280049      1.125525      1.152309 
     1.361495      1.446878      1.330044      1.324243      1.168995      1.582594      1.076074      1.282483      1.112430      1.149318 
     1.359124      1.444964      1.343168      1.323638      1.170444      1.595459      1.104947      1.277377      1.098576      1.144875 
     1.357617      1.442091      1.358173      1.323487      1.172528      1.608809      1.135585      1.264583      1.084973      1.139289 
     1.357105      1.438272      1.374889      1.323856      1.175247      1.622556      1.165813      1.244152      1.072756      1.132993 
     1.357708      1.433536      1.393093      1.324811      1.178573      1.636556      1.193696      1.216471      1.063083      1.126480 
     1.359508      1.427933      1.412518      1.326414      1.182459      1.650613      1.217583      1.182415      1.056981      1.120290 
     1.362539      1.421542      1.432877      1.328713      1.186831      1.664471      1.236108      1.143518      1.055163      1.114977 
     1.366765      1.414471      1.453866      1.331734      1.191593      1.677826      1.248198      1.102137      1.057901      1.111031 
     1.372078      1.406851      1.475183      1.335482      1.196631      1.690336      1.253088      1.061566      1.064938      1.108805 
     1.378298      1.398833      1.496547      1.339932      1.201818      1.701645      1.250310      1.025893      1.075526      1.108466 
     1.385191      1.390582      1.517717      1.345033      1.207023      1.711412      1.239718      0.999499      1.088593      1.109992 
     1.392515      1.382260      1.538493      1.350718      1.212122      1.719359      1.221543      0.986195      1.102869      1.113135 
     1.400069      1.374027      1.558728      1.356900      1.217001      1.725310      1.196428      0.988038      1.117112      1.117502 
     1.407721      1.366037      1.578311      1.363483      1.221558      1.729208      1.165528      1.004616      1.130205      1.122593 
     1.415390      1.358435      1.597152      1.370363      1.225704      1.731091      1.130593      1.033206      1.141250      1.127862 
     1.423013      1.351358      1.615185      1.377428      1.229364      1.731050      1.094045      1.069733      1.149582      1.132767 
     1.430494      1.344930      1.632354      1.384566      1.232477      1.729185      1.058925      1.109835      1.154802      1.136823 
     1.437702      1.339254      1.648631      1.391672      1.234999      1.725573      1.028733      1.149702      1.156751      1.139633 
     1.444484      1.334413      1.664013      1.398656      1.236903      1.720258      1.006996      1.186348      1.155504      1.140914 
     1.450705      1.330468      1.678521      1.405443      1.238174      1.713255      0.996622      1.217643      1.151335      1.140507 
     1.456294      1.327459      1.692196      1.411976      1.238811      1.704561      0.999202      1.242193      1.144700      1.138371 
     1.461272      1.325417      1.705088      1.418206      1.238820      1.694175      1.014548      1.259161      1.136204      1.134567 
     1.465742      1.324361      1.717243      1.424089      1.238212      1.682117      1.040822      1.268088      1.126604      1.129272 
     1.469855      1.324301      1.728693      1.429582      1.237011      1.668434      1.075114      1.268783      1.116785      1.122777 
     1.473773      1.325239      1.739459      1.434637      1.235244      1.653202      1.114151      1.261255      1.107719      1.115487 
     1.477633      1.327168      1.749549      1.439201      1.232954      1.636518      1.154821      1.245705      1.100403      1.107922 
     1.481539      1.330064      1.758960      1.443221      1.230198      1.618503      1.194461      1.222583      1.095744      1.100685 
     1.485553      1.333887      1.767686      1.446637      1.227047      1.599301      1.230928      1.192686      1.094439      1.094425 
     1.489694      1.338584      1.775717      1.449393      1.223592      1.579083      1.262543      1.157269      1.096868      1.089782 
     1.493944      1.344081      1.783043      1.451430      1.219934      1.558047      1.288036      1.118215      1.103000      1.087291 
     1.498247      1.350290      1.789656      1.452696      1.216191      1.536420      1.306455      1.078148      1.112384      1.087304 
     1.502511      1.357112      1.795546      1.453145      1.212485      1.514445      1.317112      1.040470      1.124205      1.089912 
     1.506624      1.364441      1.800702      1.452734      1.208943      1.492375      1.319541      1.009146      1.137401      1.094929 
     1.510469      1.372171      1.805114      1.451434      1.205686      1.470472      1.313483      0.988148      1.150782      1.101891 
     1.513949      1.380203      1.808765      1.449218      1.202827      1.449022      1.298899      0.980548      1.163152      1.110129 
     1.517011      1.388445      1.811631      1.446068      1.200470      1.428361      1.276005      0.987555      1.173406      1.118851 
     1.519648      1.396813      1.813681      1.441974      1.198701      1.408895      1.245338      1.008112      1.180573      1.127220 
     1.521890      1.405226      1.814874      1.436933      1.197594      1.391082      1.207837      1.039270      1.183861      1.134439 
     1.523773      1.413608      1.815164      1.430960      1.197199      1.375382      1.164963      1.077118      1.182684      1.139811 
     1.525322      1.421889      1.814507      1.424089      1.197545      1.362189      1.118828      1.117685      1.176707      1.142798 
     1.526550      1.430007      1.812864      1.416366      1.198630      1.351775      1.072367      1.157562      1.165892      1.143073 
     1.527458      1.437913      1.810207      1.407851      1.200429      1.344243      1.029341      1.194065      1.150537      1.140533 
     1.528053      1.445577      1.806519      1.398613      1.202889      1.339524      0.994166      1.225241      1.131308      1.135307 
     1.528358      1.452985      1.801786      1.388723      1.205943      1.337422      0.971273      1.249758      1.109268      1.127745 
     1.528401      1.460144      1.795994      1.378250      1.209506      1.337701      0.964073      1.266766      1.085896      1.118391 
     1.528210      1.467070      1.789119      1.367265      1.213482      1.340184      0.973723      1.275722      1.063103      1.107959 
     1.527788      1.473783      1.781134      1.355854      1.217763      1.344802      0.998790      1.276339      1.043167      1.097306 
     1.527107      1.480291      1.772014      1.344137      1.222222      1.351578      1.035782      1.268525      1.028556      1.087382 
     1.526115      1.486592      1.761752      1.332276      1.226711      1.360560      1.080270      1.252409      1.021557      1.079170 
     1.524749      1.492660      1.750377      1.320488      1.231057      1.371760      1.127853      1.228437      1.023758      1.073582 
     1.522947      1.498442      1.737970      1.309039      1.235070      1.385113      1.174794      1.197542      1.035517      1.071304 
     1.520653      1.503863      1.724680      1.298236      1.238550      1.400449      1.218099      1.161290      1.055836      1.072707 
     1.517817      1.508828      1.710715      1.288400      1.241305      1.417476      1.255535      1.122010      1.082545      1.077752 
     1.514393      1.513238      1.696322      1.279837      1.243168      1.435778      1.285567      1.082804      1.112815      1.085975 
     1.510330      1.516996      1.681750      1.272806      1.244012      1.454851      1.307260      1.047365      1.143717      1.096561 
     1.505576      1.520018      1.667214      1.267497      1.243761      1.474168      1.320181      1.019543      1.172671      1.108482 
     1.500089      1.522249      1.652876      1.264015      1.242392      1.493248      1.324311      1.002657      1.197668      1.120661 
     1.493863      1.523648      1.638838      1.262396      1.239930      1.511719      1.319928      0.998634      1.217319      1.132116 
     1.486954      1.524197      1.625152      1.262607      1.236438      1.529340      1.307562      1.007529      1.230761      1.142029 
     1.479486      1.523893      1.611832      1.264570      1.232015      1.545982      1.287949      1.027533      1.237550      1.149776 
     1.471640      1.522749      1.598871      1.268167      1.226789      1.561592      1.262028      1.055576      1.237560      1.154933 
     1.463619      1.520776      1.586252      1.273246      1.220916      1.576138      1.230968      1.088166      1.230922      1.157268 
     1.455615      1.517998      1.573951      1.279629      1.214574      1.589587      1.196209      1.122027      1.218006      1.156721 
     1.447790      1.514446      1.561935      1.287119      1.207962      1.601882      1.159503      1.154442      1.199425      1.153397 
     1.440266      1.510155      1.550165      1.295508      1.201285      1.612945      1.122948      1.183359      1.176055      1.147553 
     1.433112      1.505162      1.538590      1.304586      1.194750      1.622679      1.088929      1.207344      1.149077      1.139585 
     1.426350      1.499500      1.527144      1.314151      1.188560      1.630979      1.059983      1.225471      1.120000      1.130010 
     1.419965      1.493202      1.515741      1.324021      1.182897      1.637748      1.038512      1.237217      1.090663      1.119443 
     1.413924      1.486290      1.504282      1.334035      1.177927      1.642903      1.026358      1.242357      1.063196      1.108580 
     1.408198      1.478777      1.492659      1.344061      1.173787      1.646393      1.024396      1.240895      1.039895      1.098169 
     1.402792      1.470670      1.480769      1.353995      1.170590      1.648198      1.032304      1.233011      1.022980      1.088998 
     1.397754      1.461970      1.468528      1.363758      1.168422      1.648324      1.048657      1.219049      1.014235      1.081839 
     1.393174      1.452678      1.455897      1.373293      1.167340      1.646800      1.071266      1.199532      1.014640      1.077412 
     1.389167      1.442799      1.442893      1.382559      1.167371      1.643674      1.097618      1.175215      1.024118      1.076300 
     1.385853      1.432350      1.429595      1.391527      1.168513      1.639004      1.125235      1.147161      1.041547      1.078867 
     1.383339      1.421368      1.416135      1.400179      1.170725      1.632861      1.151922      1.116847      1.065022      1.085174 
     1.381714      1.409908      1.402685      1.408507      1.173933      1.625317      1.175843      1.086231      1.092253      1.094941 
     1.381035      1.398047      1.389441      1.416509      1.178024      1.616446      1.195540      1.057735      1.120928      1.107562 
     1.381344      1.385877      1.376602      1.424194      1.182858      1.606315      1.209889      1.034090      1.148970      1.122195 
     1.382672      1.373507      1.364362      1.431578      1.188267      1.594991      1.218082      1.017995      1.174649      1.137852 
     1.385061      1.361053      1.352899      1.438681      1.194067      1.582547      1.219585      1.011595      1.196607      1.153510 
     1.388566      1.348644      1.342377      1.445524      1.200063      1.569074      1.214133      1.015968      1.213818      1.168190 
     1.393262      1.336423      1.332945      1.452123      1.206054      1.554699      1.201755      1.030822      1.225535      1.181008 
     1.399213      1.324549      1.324740      1.458485      1.211838      1.539581      1.182830      1.054599      1.231233      1.191196 
     1.406456      1.313202      1.317890      1.464600      1.217206      1.523908      1.158173      1.084856      1.230580      1.198121 
     1.414971      1.302583      1.312508      1.470440      1.221951      1.507887      1.129150      1.118797      1.223437      1.201291 
     1.424671      1.292906      1.308689      1.475959      1.225873      1.491726      1.097779      1.153661      1.209902      1.200387 
     1.435402      1.284393      1.306502      1.481094      1.228784      1.475619      1.066776      1.186973      1.190349      1.195266 
     1.446957      1.277253      1.305984      1.485771      1.230520      1.459740      1.039454      1.216646      1.165508      1.185998 
     1.459105      1.271675      1.307133      1.489908      1.230945      1.444239      1.019375      1.241008      1.136529      1.172881 
     1.471627      1.267811      1.309908      1.493421      1.229965      1.429255      1.009675      1.258779      1.105069      1.156465 
     1.484348      1.265770      1.314230      1.496229      1.227530      1.414939      1.012247      1.269051      1.073340      1.137571 
     1.497144      1.265608      1.319975      1.498257      1.223642      1.401480      1.027165      1.271267      1.044070      1.117284 
     1.509925      1.267325      1.326984      1.499443      1.218361      1.389124      1.052651      1.265192      1.020312      1.096941 
     1.522604      1.270861      1.335068      1.499735      1.211809      1.378166      1.085615      1.250908      1.005021      1.078064 
     1.535075      1.276095      1.344017      1.499097      1.204172      1.368930      1.122433      1.228840      1.000403      1.062228 
     1.547202      1.282849      1.353617      1.497508      1.195702      1.361753      1.159587      1.199826      1.007301      1.050884 
     1.558827      1.290888      1.363667      1.494966      1.186706      1.356959      1.194041      1.165233      1.024901      1.045121 
     1.569782      1.299933      1.373982      1.491484      1.177545      1.354817      1.223366      1.127087      1.050974      1.045476 
     1.579900      1.309673      1.384404      1.487089      1.168608      1.355496      1.245754      1.088160      1.082473      1.051811 
     1.589030      1.319782      1.394794      1.481827      1.160294      1.359036      1.259976      1.051933      1.116192      1.063319 
     1.597043      1.329946      1.405040      1.475755      1.152978      1.365340      1.265323      1.022288      1.149266      1.078705 
     1.603843      1.339879      1.415056      1.468936      1.146989      1.374205      1.261552      1.002895      1.179400      1.096407 
     1.609374      1.349345      1.424775      1.461438      1.142587      1.385366      1.248845      0.996332      1.204931      1.114849 
     1.613622      1.358163      1.434151      1.453335      1.139951      1.398542      1.227795      1.003309      1.224759      1.132609 
     1.616632      1.366208      1.443152      1.444702      1.139178      1.413459      1.199418      1.022459      1.238223      1.148509 
     1.618494      1.373402      1.451750      1.435620      1.140280      1.429841      1.165203      1.050808      1.245006      1.161647 
     1.619337      1.379715      1.459918      1.426180      1.143191      1.447385      1.127188      1.084648      1.245041      1.171378 
     1.619295      1.385156      1.467633      1.416477      1.147777      1.465750      1.088010      1.120348      1.238487      1.177304 
     1.618497      1.389773      1.474874      1.406606      1.153841      1.484567      1.050890      1.154826      1.225697      1.179238 
     1.617043      1.393638      1.481619      1.396660      1.161153      1.503456      1.019475      1.185718      1.207224      1.177181 
     1.615000      1.396844      1.487844      1.386724      1.169464      1.522060      0.997393      1.211355      1.183835      1.171299 
     1.612399      1.399494      1.493518      1.376873      1.178526      1.540095      0.987541      1.230664      1.156539      1.161897 
     1.609247      1.401691      1.498595      1.367182      1.188097      1.557376      0.991292      1.243038      1.126658      1.149418 
     1.605544      1.403536      1.503007      1.357722      1.197951      1.573824      1.008059      1.248216      1.095889      1.134454 
     1.601299      1.405120      1.506658      1.348570      1.207876      1.589438      1.035517      1.246190      1.066334      1.117762 
     1.596538      1.406524      1.509426      1.339811      1.217671      1.604248      1.070330      1.237143      1.040438      1.100291 
     1.591301      1.407822      1.511172      1.331536      1.227148      1.618277      1.108951      1.221434      1.020765      1.083182 
