     1.491629      1.364698      1.420979      1.356903      1.203752      1.501618      1.147726      1.071554      1.082539      1.158596 
     1.487784      1.361701      1.419999      1.362266      1.202112      1.490174      1.152469      1.059396      1.094609      1.125467 
     1.483612      1.358818      1.419125      1.367497      1.200472      1.479732      1.154122      1.051951      1.107637      1.092240 
     1.479191      1.356099      1.418325      1.372437      1.198910      1.470495      1.152620      1.049870      1.120367      1.061896 
     1.474594      1.353577      1.417547      1.376972      1.197492      1.462559      1.148173      1.053053      1.131728      1.037289 
     1.469885      1.351263      1.416738      1.381031      1.196263      1.455935      1.141199      1.060759      1.140930      1.020747 
     1.465113      1.349152      1.415858      1.384582      1.195253      1.450590      1.132276      1.071840      1.147480      1.013659 
     1.460313      1.347233      1.414894      1.387618      1.194476      1.446487      1.122060      1.084987      1.151139      1.016236 
     1.455512      1.345489      1.413864      1.390148      1.193939      1.443608      1.111268      1.098908      1.151873      1.027525 
     1.450732      1.343908      1.412814      1.392187      1.193638      1.441959      1.100646      1.112441      1.149809      1.045667 
     1.445990      1.342479      1.411806      1.393751      1.193567      1.441550      1.090938      1.124615      1.145216      1.068328 
     1.441308      1.341198      1.410898      1.394860      1.193715      1.442386      1.082836      1.134681      1.138483      1.093107 
     1.436703      1.340061      1.410143      1.395534      1.194065      1.444447      1.076911      1.142106      1.130104      1.117850 
     1.432191      1.339065      1.409579      1.395797      1.194598      1.447691      1.073569      1.146568      1.120657      1.140803 
     1.427787      1.338213      1.409233      1.395673      1.195294      1.452062      1.073006      1.147931      1.110784      1.160639 
     1.423504      1.337508      1.409118      1.395182      1.196131      1.457492      1.075193      1.146225      1.101159      1.176416 
     1.419352      1.336954      1.409242      1.394347      1.197087      1.463909      1.079889      1.141628      1.092459      1.187496 
     1.415346      1.336557      1.409603      1.393184      1.198141      1.471244      1.086679      1.134448      1.085326      1.193476 
     1.411498      1.336329      1.410201      1.391709      1.199270      1.479427      1.095012      1.125133      1.080321      1.194131 
     1.407823      1.336282      1.411034      1.389935      1.200454      1.488392      1.104256      1.114266      1.077870      1.189398 
     1.404339      1.336430      1.412100      1.387876      1.201667      1.498062      1.113735      1.102565      1.078215      1.179384 
     1.401069      1.336790      1.413398      1.385546      1.202885      1.508352      1.122779      1.090877      1.081380      1.164411 
     1.398035      1.337382      1.414922      1.382961      1.204081      1.519158      1.130747      1.080147      1.087142      1.145077 
     1.395267      1.338221      1.416665      1.380143      1.205225      1.530352      1.137072      1.071346      1.095041      1.122351 
     1.392799      1.339323      1.418606      1.377123      1.206285      1.541785      1.141284      1.065359      1.104424      1.097639 
     1.390668      1.340699      1.420716      1.373937      1.207232      1.553287      1.143038      1.062861      1.114497      1.072801 
     1.388917      1.342354      1.422951      1.370625      1.208033      1.564686      1.142160      1.064221      1.124396      1.050079 
     1.387590      1.344292      1.425262      1.367232      1.208662      1.575819      1.138657      1.069414      1.133283      1.031892 
     1.386736      1.346509      1.427601      1.363803      1.209093      1.586550      1.132713      1.078026      1.140413      1.020471 
     1.386398      1.348998      1.429934      1.360383      1.209307      1.596778      1.124691      1.089326      1.145190      1.017431 
     1.386616      1.351749      1.432251      1.357020      1.209288      1.606442      1.115119      1.102362      1.147209      1.023411 
     1.387416      1.354743      1.434562      1.353763      1.209025      1.615503      1.104699      1.116075      1.146287      1.037873 
     1.388804      1.357949      1.436892      1.350668      1.208511      1.623930      1.094270      1.129378      1.142477      1.059228 
     1.390765      1.361324      1.439264      1.347795      1.207752      1.631685      1.084762      1.141248      1.136065      1.085160 
     1.393256      1.364817      1.441694      1.345200      1.206758      1.638721      1.077096      1.150802      1.127567      1.113079 
     1.396214      1.368364      1.444179      1.342939      1.205552      1.644980      1.072061      1.157379      1.117698      1.140497 
     1.399566      1.371905      1.446697      1.341051      1.204164      1.650406      1.070198      1.160560      1.107315      1.165307 
     1.403236      1.375382      1.449212      1.339565      1.202628      1.654956      1.071715      1.160181      1.097335      1.185891 
     1.407158      1.378744      1.451687      1.338495      1.200981      1.658604      1.076481      1.156309      1.088656      1.201129 
     1.411278      1.381948      1.454081      1.337846      1.199263      1.661341      1.084056      1.149221      1.082071      1.210328 
     1.415549      1.384957      1.456364      1.337613      1.197513      1.663172      1.093790      1.139392      1.078190      1.213140 
     1.419932      1.387739      1.458511      1.337781      1.195771      1.664118      1.104886      1.127461      1.077393      1.209509 
     1.424385      1.390265      1.460507      1.338335      1.194078      1.664208      1.116499      1.114238      1.079762      1.199642 
     1.428864      1.392508      1.462346      1.339250      1.192478      1.663479      1.127804      1.100687      1.085084      1.184029 
     1.433316      1.394443      1.464029      1.340497      1.191011      1.661976      1.138031      1.087864      1.092885      1.163479 
     1.437683      1.396047      1.465553      1.342043      1.189719      1.659742      1.146522      1.076848      1.102457      1.139155 
     1.441908      1.397298      1.466914      1.343850      1.188640      1.656824      1.152758      1.068633      1.112964      1.112624 
     1.445932      1.398185      1.468098      1.345877      1.187805      1.653261      1.156384      1.063990      1.123538      1.085831 
     1.449709      1.398698      1.469085      1.348086      1.187238      1.649087      1.157217      1.063350      1.133363      1.061011 
     1.453203      1.398836      1.469843      1.350442      1.186954      1.644323      1.155228      1.066725      1.141719      1.040499 
     1.456395      1.398599      1.470342      1.352915      1.186959      1.638983      1.150560      1.073753      1.148040      1.026444 
     1.459271      1.397990      1.470555      1.355481      1.187253      1.633082      1.143496      1.083769      1.151923      1.020448 
     1.461825      1.397015      1.470470      1.358125      1.187831      1.626646      1.134438      1.095881      1.153119      1.023254 
     1.464045      1.395681      1.470090      1.360829      1.188679      1.619724      1.123926      1.109081      1.151528      1.034567 
     1.465915      1.393998      1.469436      1.363576      1.189776      1.612385      1.112651      1.122340      1.147197      1.053116 
     1.467415      1.391981      1.468540      1.366344      1.191096      1.604723      1.101417      1.134652      1.140365      1.076938 
     1.468518      1.389655      1.467440      1.369111      1.192599      1.596846      1.091105      1.145102      1.131431      1.103703 
     1.469200      1.387054      1.466172      1.371849      1.194240      1.588861      1.082603      1.152934      1.120974      1.131046 
     1.469442      1.384215      1.464768      1.374530      1.195966      1.580865      1.076677      1.157582      1.109757      1.156852 
     1.469239      1.381182      1.463252      1.377129      1.197720      1.572941      1.073871      1.158721      1.098643      1.179376 
     1.468589      1.377996      1.461643      1.379628      1.199446      1.565158      1.074427      1.156255      1.088573      1.197278 
     1.467499      1.374707      1.459954      1.382006      1.201091      1.557565      1.078227      1.150309      1.080471      1.209608 
     1.465981      1.371361      1.458196      1.384248      1.202605      1.550208      1.084854      1.141245      1.075137      1.215750 
     1.464056      1.368002      1.456379      1.386338      1.203941      1.543135      1.093640      1.129666      1.073137      1.215402 
     1.461743      1.364678      1.454514      1.388263      1.205059      1.536399      1.103748      1.116398      1.074729      1.208537 
     1.459063      1.361442      1.452613      1.390006      1.205922      1.530046      1.114248      1.102465      1.079835      1.195440 
     1.456042      1.358350      1.450692      1.391550      1.206504      1.524121      1.124222      1.089042      1.088002      1.176760 
     1.452712      1.355456      1.448763      1.392877      1.206785      1.518652      1.132845      1.077357      1.098471      1.153569 
     1.449110      1.352813      1.446833      1.393972      1.206759      1.513649      1.139453      1.068525      1.110269      1.127384 
     1.445286      1.350465      1.444896      1.394827      1.206431      1.509100      1.143596      1.063382      1.122320      1.100125 
     1.441293      1.348446      1.442939      1.395435      1.205816      1.504966      1.145056      1.062353      1.133611      1.074025 
     1.437191      1.346777      1.440930      1.395798      1.204942      1.501191      1.143845      1.065395      1.143265      1.051417 
     1.433040      1.345463      1.438834      1.395917      1.203839      1.497713      1.140179      1.072033      1.150600      1.034467 
     1.428899      1.344499      1.436619      1.395800      1.202544      1.494483      1.134425      1.081463      1.155175      1.024831 
     1.424824      1.343874      1.434267      1.395454      1.201094      1.491476      1.127066      1.092701      1.156767      1.023353 
     1.420867      1.343569      1.431787      1.394883      1.199528      1.488698      1.118660      1.104717      1.155370      1.029937 
     1.417074      1.343565      1.429215      1.394092      1.197885      1.486186      1.109832      1.116531      1.151155      1.043555 
     1.413492      1.343840      1.426613      1.393086      1.196207      1.483993      1.101232      1.127257      1.144455      1.062482 
     1.410162      1.344370      1.424052      1.391868      1.194538      1.482179      1.093504      1.136163      1.135744      1.084625 
     1.407120      1.345129      1.421606      1.390443      1.192920      1.480799      1.087242      1.142705      1.125623      1.107902 
     1.404400      1.346093      1.419340      1.388815      1.191396      1.479889      1.082922      1.146510      1.114800      1.130417 
     1.402025      1.347235      1.417306      1.386987      1.190008      1.479467      1.080866      1.147388      1.104036      1.150602 
     1.400019      1.348529      1.415535      1.384964      1.188794      1.479536      1.081210      1.145320      1.094106      1.167252 
     1.398399      1.349952      1.414048      1.382742      1.187789      1.480086      1.083896      1.140445      1.085765      1.179509 
     1.397183      1.351483      1.412851      1.380327      1.187022      1.481101      1.088689      1.133048      1.079669      1.186796 
     1.396388      1.353103      1.411951      1.377718      1.186522      1.482561      1.095210      1.123560      1.076344      1.188762 
     1.396033      1.354794      1.411351      1.374919      1.186311      1.484443      1.102960      1.112556      1.076127      1.185265 
     1.396134      1.356542      1.411053      1.371937      1.186410      1.486723      1.111367      1.100763      1.079121      1.176378 
     1.396705      1.358329      1.411062      1.368787      1.186831      1.489372      1.119820      1.089044      1.085159      1.162426 
     1.397757      1.360137      1.411380      1.365492      1.187583      1.492354      1.127715      1.078362      1.093829      1.144047 
     1.399291      1.361948      1.412002      1.362083      1.188660      1.495625      1.134458      1.069690      1.104500      1.122282 
     1.401302      1.363744      1.412911      1.358606      1.190047      1.499129      1.139559      1.063917      1.116365      1.098603 
     1.403779      1.365503      1.414073      1.355116      1.191716      1.502803      1.142643      1.061724      1.128508      1.074904 
     1.406708      1.367206      1.415439      1.351673      1.193624      1.506578      1.143464      1.063424      1.140028      1.053414 
     1.410068      1.368836      1.416946      1.348340      1.195722      1.510386      1.141939      1.068907      1.150096      1.036458 
     1.413836      1.370380      1.418538      1.345177      1.197953      1.514177      1.138146      1.077683      1.158022      1.026074 
     1.417984      1.371826      1.420170      1.342241      1.200257      1.517915      1.132323      1.088939      1.163282      1.023641 
     1.422480      1.373168      1.421820      1.339583      1.202572      1.521598      1.124876      1.101686      1.165532      1.029591 
     1.427278      1.374400      1.423490      1.337252      1.204836      1.525241      1.116348      1.114842      1.164626      1.043289 
     1.432317      1.375518      1.425190      1.335291      1.206989      1.528866      1.107395      1.127357      1.160587      1.063137 
     1.437524      1.376516      1.426935      1.333737      1.208972      1.532490      1.098756      1.138272      1.153651      1.086989 
     1.442815      1.377392      1.428729      1.332621      1.210734      1.536116      1.091183      1.146797      1.144244      1.112527 
     1.448107      1.378142      1.430565      1.331962      1.212232      1.539728      1.085363      1.152350      1.132967      1.137578 
     1.453325      1.378766      1.432419      1.331768      1.213433      1.543291      1.081838      1.154577      1.120576      1.160313 
     1.458413      1.379266      1.434261      1.332036      1.214322      1.546766      1.080943      1.153358      1.107918      1.179318 
     1.463329      1.379642      1.436055      1.332757      1.214889      1.550112      1.082775      1.148772      1.095899      1.193581 
     1.468051      1.379897      1.437767      1.333916      1.215136      1.553292      1.087194      1.141092      1.085427      1.202435 
     1.472567      1.380034      1.439365      1.335497      1.215069      1.556275      1.093842      1.130773      1.077339      1.205474 
     1.476875      1.380052      1.440824      1.337480      1.214702      1.559044      1.102205      1.118455      1.072329      1.202508 
     1.480970      1.379953      1.442124      1.339844      1.214053      1.561583      1.111665      1.104974      1.070866      1.193547 
     1.484844      1.379733      1.443255      1.342562      1.213146      1.563884      1.121534      1.091340      1.073141      1.178836 
     1.488483      1.379394      1.444215      1.345603      1.212008      1.565937      1.131103      1.078710      1.079016      1.158922 
     1.491858      1.378933      1.445000      1.348926      1.210677      1.567725      1.139694      1.068307      1.088013      1.134748 
     1.494938      1.378351      1.445609      1.352479      1.209196      1.569221      1.146699      1.061275      1.099372      1.107749 
     1.497687      1.377651      1.446037      1.356202      1.207617      1.570386      1.151613      1.058507      1.112114      1.079910 
     1.500074      1.376836      1.446274      1.360029      1.205994      1.571168      1.154082      1.060448      1.125159      1.053707 
     1.502074      1.375914      1.446299      1.363893      1.204385      1.571510      1.153926      1.067022      1.137430      1.031899 
     1.503674      1.374891      1.446091      1.367729      1.202844      1.571359      1.151151      1.077633      1.147960      1.017137 
     1.504874      1.373776      1.445631      1.371480      1.201421      1.570689      1.145935      1.091276      1.155969      1.011439 
     1.505684      1.372579      1.444916      1.375095      1.200160      1.569505      1.138633      1.106710      1.160902      1.015696 
     1.506114      1.371318      1.443965      1.378526      1.199096      1.567857      1.129749      1.122589      1.162449      1.029437 
     1.506182      1.370007      1.442823      1.381730      1.198261      1.565834      1.119931      1.137618      1.160559      1.050931 
     1.505906      1.368669      1.441556      1.384662      1.197675      1.563548      1.109934      1.150628      1.155431      1.077612 
     1.505310      1.367329      1.440236      1.387286      1.197347      1.561112      1.100553      1.160662      1.147503      1.106617 
     1.504417      1.366015      1.438934      1.389574      1.197273      1.558623      1.092547      1.167035      1.137409      1.135241 
     1.503253      1.364751      1.437709      1.391511      1.197441      1.556153      1.086545      1.169364      1.125942      1.161262 
     1.501841      1.363563      1.436602      1.393093      1.197827      1.553740      1.082972      1.167556      1.113984      1.183035 
     1.500201      1.362472      1.435641      1.394325      1.198401      1.551396      1.082025      1.161775      1.102434      1.199457 
     1.498347      1.361497      1.434837      1.395222      1.199132      1.549104      1.083667      1.152396      1.092153      1.209873 
     1.496284      1.360654      1.434194      1.395798      1.199986      1.546833      1.087654      1.139990      1.083912      1.213960 
     1.494007      1.359960      1.433711      1.396068      1.200931      1.544533      1.093580      1.125301      1.078333      1.211645 
     1.491506      1.359431      1.433383      1.396048      1.201932      1.542143      1.100921      1.109264      1.075845      1.203066 
     1.488761      1.359086      1.433207      1.395748      1.202957      1.539593      1.109091      1.092980      1.076620      1.188567 
     1.485747      1.358942      1.433177      1.395182      1.203972      1.536803      1.117482      1.077695      1.080570      1.168751 
     1.482438      1.359017      1.433287      1.394359      1.204943      1.533687      1.125510      1.064725      1.087334      1.144541 
     1.478813      1.359331      1.433522      1.393293      1.205833      1.530160      1.132642      1.055304      1.096337      1.117276 
     1.474862      1.359898      1.433853      1.391997      1.206608      1.526145      1.138430      1.050427      1.106829      1.088759 
     1.470593      1.360730      1.434236      1.390488      1.207235      1.521576      1.142536      1.050666      1.117970      1.061256 
     1.466036      1.361832      1.434614      1.388786      1.207684      1.516411      1.144750      1.056069      1.128911      1.037364 
     1.461240      1.363209      1.434920      1.386912      1.207926      1.510636      1.144988      1.066135      1.138863      1.019724 
     1.456270      1.364857      1.435095      1.384887      1.207939      1.504277      1.143291      1.079927      1.147147      1.010578 
     1.451206      1.366775      1.435109      1.382735      1.207699      1.497414      1.139812      1.096219      1.153225      1.011248 
     1.446132      1.368948      1.434969      1.380479      1.207194      1.490185      1.134811      1.113638      1.156708      1.021820 
     1.441143      1.371355      1.434723      1.378151      1.206412      1.482796      1.128653      1.130794      1.157373      1.041064 
     1.436340      1.373959      1.434452      1.375789      1.205358      1.475498      1.121801      1.146380      1.155163      1.066692 
     1.431821      1.376710      1.434240      1.373438      1.204046      1.468564      1.114791      1.159265      1.150221      1.095857 
     1.427674      1.379546      1.434161      1.371143      1.202505      1.462247      1.108179      1.168575      1.142879      1.125644 
     1.423963      1.382401      1.434263      1.368948      1.200777      1.456754      1.102480      1.173746      1.133662      1.153482 
     1.420729      1.385208      1.434560      1.366888      1.198908      1.452222      1.098107      1.174553      1.123248      1.177378 
     1.417982      1.387909      1.435043      1.364989      1.196950      1.448720      1.095324      1.171077      1.112409      1.195954 
     1.415711      1.390458      1.435681      1.363264      1.194954      1.446256      1.094231      1.163663      1.101945      1.208389 
     1.413889      1.392815      1.436434      1.361716      1.192966      1.444796      1.094777      1.152873      1.092628      1.214308 
     1.412480      1.394948      1.437256      1.360343      1.191033      1.444279      1.096775      1.139450      1.085152      1.213674 
     1.411443      1.396831      1.438103      1.359138      1.189199      1.444630      1.099938      1.124293      1.080063      1.206712 
     1.410732      1.398441      1.438933      1.358090      1.187503      1.445768      1.103911      1.108433      1.077715      1.193870 
     1.410303      1.399759      1.439708      1.357187      1.185982      1.447617      1.108304      1.093003      1.078233      1.175828 
     1.410111      1.400766      1.440395      1.356419      1.184672      1.450099      1.112721      1.079164      1.081501      1.153523 
     1.410116      1.401447      1.440958      1.355773      1.183600      1.453142      1.116792      1.068026      1.087168      1.128189 
     1.410285      1.401789      1.441364      1.355237      1.182793      1.456674      1.120194      1.060519      1.094698      1.101398 
     1.410591      1.401781      1.441572      1.354803      1.182269      1.460626      1.122670      1.057273      1.103421      1.075040 
     1.411020      1.401412      1.441542      1.354463      1.182039      1.464931      1.124045      1.058540      1.112613      1.051261 
     1.411566      1.400676      1.441231      1.354212      1.182109      1.469530      1.124231      1.064157      1.121558      1.032288 
     1.412236      1.399564      1.440601      1.354046      1.182481      1.474378      1.123225      1.073597      1.129595      1.020164 
     1.413044      1.398066      1.439627      1.353965      1.183152      1.479453      1.121103      1.086046      1.136160      1.016413 
     1.414010      1.396170      1.438303      1.353972      1.184112      1.484758      1.118014      1.100533      1.140798      1.021706 
     1.415159      1.393866      1.436650      1.354072      1.185351      1.490323      1.114173      1.115985      1.143186      1.035727 
     1.416515      1.391147      1.434707      1.354274      1.186849      1.496190      1.109870      1.131298      1.143129      1.057215 
     1.418098      1.388014      1.432535      1.354589      1.188578      1.502401      1.105452      1.145389      1.140593      1.084203 
     1.419928      1.384482      1.430203      1.355028      1.190499      1.508985      1.101318      1.157246      1.135714      1.114319 
     1.422013      1.380583      1.427788      1.355603      1.192559      1.515939      1.097879      1.165980      1.128815      1.145104 
     1.424354      1.376368      1.425367      1.356324      1.194694      1.523233      1.095516      1.170898      1.120404      1.174238 
     1.426943      1.371905      1.423015      1.357197      1.196833      1.530809      1.094520      1.171543      1.111176      1.199730 
     1.429766      1.367272      1.420797      1.358223      1.198903      1.538591      1.095060      1.167763      1.101933      1.219950 
     1.432802      1.362557      1.418775      1.359401      1.200834      1.546489      1.097136      1.159713      1.093537      1.233702 
     1.436018      1.357851      1.417003      1.360718      1.202560      1.554402      1.100587      1.147890      1.086811      1.240199 
     1.439370      1.353251      1.415533      1.362160      1.204027      1.562223      1.105101      1.133133      1.082433      1.239059 
     1.442800      1.348851      1.414408      1.363702      1.205193      1.569836      1.110259      1.116597      1.080841      1.230311 
     1.446233      1.344743      1.413666      1.365317      1.206029      1.577115      1.115574      1.099686      1.082159      1.214418 
     1.449583      1.341010      1.413331      1.366969      1.206525      1.583924      1.120555      1.083938      1.086180      1.192297 
     1.452760      1.337719      1.413415      1.368623      1.206686      1.590122      1.124766      1.070843      1.092394      1.165327 
     1.455674      1.334920      1.413908      1.370242      1.206534      1.595574      1.127853      1.061617      1.100104      1.135341 
     1.458255      1.332640      1.414776      1.371794      1.206102      1.600154      1.129620      1.057052      1.108491      1.104520 
     1.460457      1.330884      1.415965      1.373255      1.205433      1.603762      1.130019      1.057379      1.116733      1.075278 
     1.462261      1.329641      1.417409      1.374608      1.204572      1.606323      1.129104      1.062265      1.124151      1.050083 
     1.463670      1.328887      1.419041      1.375839      1.203565      1.607794      1.127016      1.070932      1.130231      1.031176 
     1.464707      1.328593      1.420804      1.376943      1.202456      1.608166      1.123976      1.082355      1.134624      1.020268 
     1.465399      1.328730      1.422661      1.377919      1.201282      1.607468      1.120244      1.095410      1.137142      1.018259 
     1.465777      1.329272      1.424609      1.378767      1.200079      1.605761      1.116086      1.108993      1.137753      1.025083 
     1.465868      1.330194      1.426668      1.379487      1.198877      1.603139      1.111798      1.122112      1.136527      1.039732 
     1.465693      1.331476      1.428876      1.380079      1.197708      1.599719      1.107691      1.133901      1.133628      1.060497 
     1.465271      1.333096      1.431287      1.380540      1.196606      1.595622      1.104070      1.143633      1.129298      1.085280 
     1.464613      1.335041      1.433958      1.380864      1.195607      1.590965      1.101200      1.150718      1.123868      1.111914 
     1.463727      1.337293      1.436936      1.381047      1.194742      1.585844      1.099311      1.154722      1.117717      1.138403 
     1.462616      1.339832      1.440257      1.381086      1.194044      1.580336      1.098571      1.155366      1.111272      1.163035 
     1.461280      1.342645      1.443953      1.380976      1.193544      1.574490      1.099073      1.152529      1.105005      1.184407 
     1.459713      1.345718      1.448048      1.380713      1.193273      1.568333      1.100823      1.146248      1.099401      1.201407 
     1.457910      1.349036      1.452555      1.380293      1.193258      1.561872      1.103732      1.136754      1.094931      1.213170 
     1.455856      1.352585      1.457481      1.379716      1.193524      1.555103      1.107628      1.124506      1.092016      1.219021 
     1.453538      1.356346      1.462826      1.378981      1.194091      1.548019      1.112246      1.110225      1.090990      1.218479 
     1.450942      1.360292      1.468566      1.378093      1.194972      1.540620      1.117245      1.094925      1.092055      1.211288 
     1.448061      1.364381      1.474656      1.377061      1.196170      1.532925      1.122221      1.079918      1.095230      1.197499 
     1.444902      1.368556      1.481016      1.375907      1.197671      1.524984      1.126733      1.066739      1.100316      1.177606 
     1.441491      1.372739      1.487522      1.374661      1.199441      1.516886      1.130346      1.056953      1.106879      1.152686 
     1.437881      1.376842      1.494009      1.373363      1.201422      1.508759      1.132689      1.051854      1.114286      1.124493 
     1.434147      1.380770      1.500285      1.372060      1.203541      1.500760      1.133512      1.052153      1.121770      1.095433 
     1.430385      1.384436      1.506146      1.370803      1.205711      1.493053      1.132729      1.057793      1.128538      1.068346 
     1.426688      1.387771      1.511406      1.369636      1.207845      1.485784      1.130428      1.067962      1.133884      1.046116 
     1.423143      1.390728      1.515922      1.368598      1.209864      1.479071      1.126846      1.081321      1.137272      1.031145 
     1.419812      1.393292      1.519610      1.367715      1.211704      1.473000      1.122331      1.096314      1.138401      1.024921 
     1.416735      1.395467      1.522445      1.367001      1.213319      1.467634      1.117282      1.111459      1.137178      1.027677 
     1.413930      1.397267      1.524449      1.366465      1.214676      1.463020      1.112115      1.125496      1.133723      1.038479 
     1.411403      1.398718      1.525680      1.366108      1.215752      1.459193      1.107229      1.137448      1.128337      1.055521 
     1.409152      1.399843      1.526206      1.365930      1.216534      1.456171      1.102981      1.146635      1.121452      1.076553 
     1.407171      1.400669      1.526096      1.365924      1.217015      1.453955      1.099668      1.152642      1.113611      1.099315 
     1.405450      1.401218      1.525406      1.366084      1.217193      1.452525      1.097505      1.155270      1.105411      1.121782 
     1.403981      1.401511      1.524180      1.366405      1.217072      1.451852      1.096623      1.154518      1.097477      1.142335 
     1.402758      1.401563      1.522443      1.366879      1.216655      1.451897      1.097051      1.150532      1.090414      1.159744 
     1.401776      1.401386      1.520207      1.367501      1.215951      1.452625      1.098735      1.143595      1.084781      1.173136 
     1.401034      1.400988      1.517467      1.368263      1.214969      1.454006      1.101542      1.134110      1.081035      1.181914 
     1.400534      1.400368      1.514209      1.369158      1.213718      1.456020      1.105276      1.122610      1.079516      1.185698 
     1.400280      1.399525      1.510414      1.370182      1.212212      1.458657      1.109690      1.109761      1.080405      1.184290 
     1.400276      1.398451      1.506056      1.371327      1.210464      1.461913      1.114504      1.096376      1.083713      1.177661 
     1.400529      1.397138      1.501114      1.372582      1.208495      1.465790      1.119411      1.083408      1.089263      1.165981 
     1.401045      1.395575      1.495569      1.373934      1.206331      1.470282      1.124089      1.071904      1.096707      1.149679 
     1.401827      1.393752      1.489413      1.375366      1.204008      1.475369      1.128229      1.062936      1.105529      1.129521 
     1.402884      1.391663      1.482651      1.376851      1.201574      1.481013      1.131545      1.057455      1.115089      1.106702 
     1.404221      1.389310      1.475297      1.378358      1.199084      1.487146      1.133791      1.056146      1.124670      1.082888 
     1.405848      1.386696      1.467383      1.379851      1.196604      1.493671      1.134788      1.059287      1.133533      1.060187 
     1.407779      1.383837      1.458950      1.381288      1.194205      1.500470      1.134436      1.066654      1.140994      1.040983 
     1.410027      1.380755      1.450057      1.382627      1.191957      1.507418      1.132729      1.077569      1.146477      1.027600 
     1.412604      1.377477      1.440785      1.383825      1.189929      1.514392      1.129745      1.090991      1.149572      1.021870 
     1.415519      1.374039      1.431242      1.384841      1.188177      1.521290      1.125665      1.105686      1.150052      1.024694 
     1.418766      1.370482      1.421576      1.385641      1.186749      1.528040      1.120750      1.120369      1.147897      1.035813 
     1.422325      1.366852      1.411967      1.386192      1.185681      1.534593      1.115337      1.133834      1.143289      1.053871 
     1.426159      1.363205      1.402619      1.386471      1.184992      1.540925      1.109815      1.145048      1.136593      1.076739 
     1.430213      1.359598      1.393736      1.386463      1.184686      1.547017      1.104602      1.153234      1.128329      1.101968 
     1.434430      1.356087      1.385498      1.386162      1.184748      1.552859      1.100128      1.157896      1.119139      1.127197 
     1.438746      1.352721      1.378047      1.385572      1.185151      1.558443      1.096752      1.158817      1.109725      1.150442 
     1.443101      1.349541      1.371479      1.384701      1.185854      1.563757      1.094724      1.156030      1.100774      1.170209 
     1.447445      1.346579      1.365849      1.383561      1.186812      1.568798      1.094211      1.149801      1.092956      1.185472 
     1.451737      1.343860      1.361187      1.382164      1.187976      1.573555      1.095239      1.140576      1.086837      1.195598 
     1.455943      1.341402      1.357503      1.380520      1.189298      1.578022      1.097722      1.128970      1.082864      1.200265 
     1.460029      1.339222      1.354799      1.378641      1.190732      1.582186      1.101475      1.115749      1.081342      1.199387 
     1.463964      1.337334      1.353077      1.376536      1.192232      1.586029      1.106226      1.101828      1.082394      1.193067 
     1.467710      1.335754      1.352338      1.374216      1.193753      1.589522      1.111627      1.088233      1.085950      1.181600 
     1.471226      1.334500      1.352580      1.371689      1.195253      1.592628      1.117292      1.076064      1.091762      1.165505 
     1.474470      1.333589      1.353791      1.368970      1.196687      1.595305      1.122819      1.066412      1.099416      1.145571 
     1.477397      1.333033      1.355949      1.366077      1.198015      1.597502      1.127803      1.060220      1.108364      1.122910 
     1.479967      1.332844      1.359006      1.363032      1.199198      1.599168      1.131882      1.058137      1.117950      1.098967 
     1.482148      1.333031      1.362895      1.359861      1.200200      1.600259      1.134756      1.060419      1.127499      1.075549 
     1.483920      1.333592      1.367527      1.356594      1.200993      1.600740      1.136211      1.066883      1.136335      1.054710 
     1.485273      1.334523      1.372799      1.353260      1.201555      1.600592      1.136135      1.076925      1.143837      1.038542 
     1.486205      1.335815      1.378608      1.349890      1.201869      1.599816      1.134512      1.089619      1.149468      1.028862 
     1.486722      1.337453      1.384861      1.346513      1.201926      1.598446      1.131425      1.103865      1.152819      1.026905 
     1.486830      1.339418      1.391486      1.343162      1.201722      1.596543      1.127053      1.118511      1.153616      1.033040 
     1.486534      1.341688      1.398423      1.339870      1.201261      1.594200      1.121660      1.132447      1.151737      1.046690 
     1.485840      1.344234      1.405623      1.336674      1.200554      1.591528      1.115593      1.144663      1.147216      1.066427 
     1.484755      1.347019      1.413034      1.333613      1.199622      1.588639      1.109260      1.154307      1.140263      1.090275 
     1.483288      1.349999      1.420595      1.330730      1.198491      1.585640      1.103119      1.160719      1.131267      1.116042 
     1.481447      1.353127      1.428237      1.328064      1.197200      1.582611      1.097635      1.163450      1.120788      1.141608 
     1.479245      1.356353      1.435885      1.325654      1.195790      1.579603      1.093240      1.162298      1.109532      1.165114 
     1.476693      1.359629      1.443466      1.323531      1.194308      1.576640      1.090286      1.157296      1.098305      1.185050 
     1.473800      1.362911      1.450913      1.321718      1.192803      1.573719      1.089025      1.148713      1.087960      1.200273 
     1.470571      1.366160      1.458163      1.320235      1.191326      1.570818      1.089581      1.137045      1.079332      1.209962 
     1.467008      1.369342      1.465161      1.319095      1.189925      1.567905      1.091934      1.123011      1.073164      1.213580 
     1.463111      1.372426      1.471855      1.318311      1.188652      1.564949      1.095951      1.107569      1.070029      1.210843 
     1.458878      1.375381      1.478197      1.317889      1.187558      1.561925      1.101374      1.091891      1.070248      1.201715 
     1.454315      1.378182      1.484129      1.317834      1.186689      1.558818      1.107846      1.077317      1.073848      1.186464 
     1.449434      1.380801      1.489592      1.318146      1.186091      1.555632      1.114914      1.065243      1.080537      1.165733 
     1.444272      1.383209      1.494513      1.318819      1.185802      1.552382      1.122125      1.056964      1.089693      1.140632 
     1.438886      1.385382      1.498815      1.319842      1.185848      1.549094      1.128997      1.053439      1.100461      1.112809 
     1.433361      1.387299      1.502415      1.321193      1.186240      1.545796      1.135084      1.055092      1.111842      1.084450 
     1.427803      1.388951      1.505237      1.322844      1.186975      1.542512      1.139994      1.061708      1.122833      1.058148 
     1.422331      1.390335      1.507213      1.324763      1.188030      1.539259      1.143447      1.072490      1.132514      1.036610 
     1.417067      1.391460      1.508296      1.326913      1.189372      1.536040      1.145278      1.086231      1.140157      1.022234 
     1.412120      1.392347      1.508474      1.329262      1.190957      1.532859      1.145402      1.101545      1.145277      1.016626 
     1.407582      1.393020      1.507765      1.331780      1.192737      1.529730      1.143837      1.117071      1.147630      1.020260 
     1.403532      1.393506      1.506230      1.334441      1.194662      1.526681      1.140689      1.131612      1.147190      1.032388 
     1.400030      1.393834      1.503957      1.337221      1.196678      1.523753      1.136139      1.144181      1.144129      1.051262 
     1.397124      1.394030      1.501051      1.340097      1.198731      1.520990      1.130450      1.154030      1.138781      1.074547 
     1.394845      1.394119      1.497625      1.343048      1.200768      1.518434      1.123944      1.160655      1.131612      1.099767 
     1.393207      1.394125      1.493778      1.346052      1.202740      1.516113      1.116997      1.163788      1.123182      1.124673 
     1.392209      1.394068      1.489595      1.349095      1.204602      1.514036      1.110024      1.163378      1.114112      1.147424 
     1.391834      1.393963      1.485141      1.352163      1.206321      1.512203      1.103452      1.159562      1.105068      1.166651 
     1.392056      1.393820      1.480458      1.355251      1.207870      1.510599      1.097691      1.152645      1.096698      1.181407 
     1.392843      1.393648      1.475570      1.358358      1.209226      1.509209      1.093090      1.143072      1.089577      1.191100 
     1.394160      1.393450      1.470490      1.361488      1.210377      1.508014      1.089939      1.131412      1.084215      1.195426 
     1.395970      1.393225      1.465226      1.364642      1.211310      1.507001      1.088438      1.118370      1.080992      1.194285 
     1.398237      1.392970      1.459783      1.367824      1.212019      1.506157      1.088679      1.104779      1.080137      1.187765 
     1.400925      1.392677      1.454168      1.371032      1.212503      1.505477      1.090636      1.091580      1.081698      1.176146 
     1.403996      1.392335      1.448400      1.374260      1.212759      1.504956      1.094163      1.079792      1.085540      1.159935 
     1.407413      1.391934      1.442504      1.377497      1.212791      1.504585      1.099002      1.070432      1.091344      1.139923 
     1.411133      1.391457      1.436512      1.380723      1.212606      1.504356      1.104795      1.064393      1.098641      1.117261 
     1.415112      1.390891      1.430465      1.383912      1.212214      1.504252      1.111101      1.062309      1.106842      1.093488 
     1.419307      1.390221      1.424400      1.387033      1.211632      1.504249      1.117453      1.064438      1.115278      1.070480 
     1.423676      1.389427      1.418358      1.390048      1.210885      1.504322      1.123398      1.070605      1.123293      1.050356 
     1.428181      1.388494      1.412380      1.392920      1.209998      1.504450      1.128520      1.080222      1.130270      1.035224 
     1.432787      1.387404      1.406510      1.395611      1.209001      1.504626      1.132481      1.092380      1.135699      1.026856 
     1.437463      1.386138      1.400797      1.398086      1.207925      1.504865      1.135026      1.105994      1.139196      1.026324 
     1.442177      1.384677      1.395310      1.400314      1.206800      1.505211      1.135998      1.119924      1.140522      1.033779 
     1.446891      1.383005      1.390132      1.402261      1.205658      1.505737      1.135324      1.133074      1.139601      1.048422 
     1.451566      1.381108      1.385362      1.403896      1.204533      1.506538      1.133035      1.144468      1.136517      1.068676 
     1.456153      1.378975      1.381101      1.405187      1.203457      1.507709      1.129253      1.153294      1.131494      1.092500 
     1.460604      1.376598      1.377440      1.406106      1.202459      1.509336      1.124206      1.158923      1.124903      1.117743 
     1.464866      1.373976      1.374457      1.406629      1.201569      1.511481      1.118206      1.160948      1.117238      1.142398 
     1.468892      1.371109      1.372208      1.406737      1.200810      1.514181      1.111640      1.159191      1.109081      1.164765 
     1.472639      1.368003      1.370732      1.406418      1.200199      1.517443      1.104937      1.153701      1.101066      1.183509 
     1.476068      1.364663      1.370050      1.405662      1.199750      1.521254      1.098555      1.144749      1.093839      1.197635 
     1.479145      1.361098      1.370174      1.404463      1.199472      1.525580      1.092943      1.132827      1.088006      1.206457 
     1.481836      1.357321      1.371109      1.402818      1.199366      1.530371      1.088505      1.118666      1.084074      1.209540 
     1.484103      1.353350      1.372856      1.400725      1.199430      1.535565      1.085573      1.103223      1.082418      1.206686 
     1.485907      1.349213      1.375412      1.398187      1.199657      1.541087      1.084377      1.087659      1.083221      1.197936 
     1.487204      1.344947      1.378764      1.395214      1.200034      1.546856      1.085030      1.073312      1.086448      1.183571 
     1.487946      1.340605      1.382888      1.391826      1.200544      1.552778      1.087487      1.061578      1.091828      1.164200 
     1.488089      1.336248      1.387734      1.388056      1.201161      1.558758      1.091553      1.053754      1.098896      1.140822 
     1.487601      1.331954      1.393229      1.383949      1.201854      1.564697      1.096913      1.050823      1.107018      1.114888 
     1.486464      1.327809      1.399269      1.379566      1.202585      1.570498      1.103126      1.053221      1.115452      1.088331 
     1.484684      1.323901      1.405716      1.374982      1.203313      1.576076      1.109707      1.060771      1.123450      1.063464 
     1.482295      1.320315      1.412417      1.370279      1.203995      1.581359      1.116174      1.072694      1.130315      1.042759 
     1.479351      1.317126      1.419216      1.365535      1.204589      1.586297      1.122069      1.087772      1.135478      1.028518 
     1.475914      1.314394      1.425971      1.360827      1.205057      1.590866      1.127008      1.104581      1.138536      1.022401 
     1.472053      1.312168      1.432576      1.356222      1.205366      1.595072      1.130688      1.121688      1.139292      1.025088 
     1.467834      1.310483      1.438957      1.351780      1.205490      1.598941      1.132907      1.137823      1.137721      1.036114 
     1.463318      1.309361      1.445077      1.347554      1.205406      1.602515      1.133563      1.151908      1.133982      1.054050 
     1.458565      1.308815      1.450922      1.343598      1.205100      1.605829      1.132644      1.163101      1.128384      1.076815 
     1.453628      1.308851      1.456490      1.339959      1.204564      1.608904      1.130235      1.170806      1.121372      1.102098 
     1.448555      1.309461      1.461781      1.336679      1.203800      1.611741      1.126504      1.174659      1.113500      1.127691 
     1.443385      1.310631      1.466797      1.333792      1.202812      1.614319      1.121717      1.174514      1.105384      1.151703 
     1.438149      1.312339      1.471532      1.331330      1.201616      1.616599      1.116214      1.170432      1.097647      1.172639 
     1.432864      1.314559      1.475985      1.329310      1.200232      1.618528      1.110363      1.162645      1.090921      1.189397 
     1.427540      1.317263      1.480150      1.327751      1.198685      1.620047      1.104569      1.151559      1.085754      1.201203 
     1.422177      1.320419      1.484022      1.326664      1.197004      1.621090      1.099238      1.137749      1.082579      1.207537 
     1.416772      1.323997      1.487598      1.326058      1.195225      1.621592      1.094753      1.121976      1.081703      1.208100 
     1.411320      1.327962      1.490871      1.325943      1.193387      1.621492      1.091460      1.105213      1.083243      1.202777 
     1.405821      1.332278      1.493833      1.326326      1.191536      1.620730      1.089610      1.088617      1.087123      1.191668 
     1.400290      1.336895      1.496472      1.327209      1.189724      1.619254      1.089356      1.073518      1.093061      1.175114 
     1.394757      1.341758      1.498770      1.328587      1.188010      1.617021      1.090715      1.061304      1.100597      1.153796 
     1.389275      1.346800      1.500701      1.330449      1.186455      1.613996      1.093549      1.053240      1.109137      1.128827 
     1.383927      1.351941      1.502227      1.332769      1.185124      1.610156      1.097591      1.050280      1.117982      1.101812 
     1.378822      1.357097      1.503301      1.335509      1.184074      1.605491      1.102463      1.052854      1.126397      1.074859 
     1.374088      1.362176      1.503866      1.338621      1.183356      1.600007      1.107725      1.060773      1.133663      1.050471 
     1.369860      1.367096      1.503869      1.342048      1.183006      1.593720      1.112903      1.073192      1.139180      1.031286 
     1.366264      1.371782      1.503267      1.345729      1.183046      1.586669      1.117570      1.088855      1.142480      1.019609 
     1.363410      1.376174      1.502046      1.349604      1.183480      1.578919      1.121367      1.106283      1.143275      1.016926 
     1.361380      1.380227      1.500223      1.353615      1.184297      1.570569      1.124029      1.123975      1.141503      1.023579 
     1.360228      1.383907      1.497848      1.357704      1.185471      1.561758      1.125377      1.140558      1.137274      1.038596 
     1.359978      1.387185      1.494998      1.361816      1.186961      1.552664      1.125342      1.154873      1.130912      1.060010 
     1.360626      1.390046      1.491756      1.365895      1.188713      1.543488      1.123976      1.166025      1.122935      1.085314 
     1.362134      1.392484      1.488201      1.369893      1.190665      1.534432      1.121419      1.173401      1.113966      1.111866 
     1.364441      1.394504      1.484396      1.373769      1.192747      1.525676      1.117879      1.176662      1.104723      1.137324 
     1.367471      1.396118      1.480390      1.377490      1.194895      1.517374      1.113678      1.175758      1.095957      1.159852 
     1.371138      1.397347      1.476211      1.381036      1.197046      1.509642      1.109154      1.170852      1.088370      1.178123 
     1.375358      1.398218      1.471872      1.384399      1.199144      1.502558      1.104638      1.162294      1.082548      1.191262 
     1.380051      1.398759      1.467376      1.387576      1.201142      1.496177      1.100462      1.150607      1.078929      1.198783 
     1.385145      1.398997      1.462727      1.390570      1.202999      1.490531      1.096915      1.136457      1.077764      1.200483 
     1.390571      1.398956      1.457928      1.393381      1.204680      1.485644      1.094237      1.120679      1.079099      1.196389 
     1.396267      1.398656      1.452991      1.396007      1.206155      1.481526      1.092601      1.104266      1.082791      1.186753 
     1.402168      1.398118      1.447934      1.398446      1.207397      1.478180      1.092099      1.088352      1.088494      1.172032 
     1.408211      1.397362      1.442782      1.400687      1.208384      1.475593      1.092747      1.074158      1.095721      1.152943 
     1.414327      1.396406      1.437564      1.402718      1.209097      1.473741      1.094477      1.062899      1.103870      1.130505 
     1.420451      1.395268      1.432311      1.404522      1.209523      1.472590      1.097141      1.055633      1.112306      1.106107 
     1.426525      1.393964      1.427054      1.406078      1.209655      1.472087      1.100512      1.053097      1.120386      1.081497 
     1.432500      1.392512      1.421810      1.407369      1.209490      1.472177      1.104335      1.055585      1.127505      1.058702 
     1.438342      1.390927      1.416595      1.408370      1.209034      1.472805      1.108340      1.062894      1.133149      1.039899 
     1.444030      1.389222      1.411418      1.409062      1.208297      1.473934      1.112238      1.074367      1.136922      1.027134 
     1.449563      1.387407      1.406291      1.409421      1.207295      1.475553      1.115754      1.089009      1.138566      1.021987 
     1.454948      1.385490      1.401240      1.409422      1.206050      1.477680      1.118633      1.105625      1.137964      1.025243 
     1.460192      1.383480      1.396312      1.409040      1.204590      1.480364      1.120649      1.122948      1.135162      1.036702 
     1.465298      1.381386      1.391587      1.408248      1.202950      1.483669      1.121618      1.139743      1.130360      1.055213 
     1.470260      1.379220      1.387167      1.407023      1.201175      1.487658      1.121427      1.154886      1.123923      1.078895 
     1.475063      1.376997      1.383169      1.405348      1.199318      1.492367      1.120035      1.167410      1.116361      1.105504 
     1.479685      1.374733      1.379707      1.403214      1.197439      1.497788      1.117509      1.176549      1.108287      1.132774 
     1.484099      1.372447      1.376883      1.400621      1.195603      1.503875      1.114008      1.181780      1.100378      1.158664 
     1.488280      1.370154      1.374774      1.397577      1.193869      1.510547      1.109776      1.182830      1.093294      1.181499 
     1.492206      1.367864      1.373436      1.394094      1.192294      1.517702      1.105128      1.179661      1.087636      1.200029 
     1.495857      1.365587      1.372905      1.390185      1.190930      1.525226      1.100433      1.172462      1.083899      1.213396 
     1.499210      1.363331      1.373198      1.385866      1.189820      1.533003      1.096064      1.161623      1.082388      1.221056 
     1.502242      1.361104      1.374322      1.381159      1.188998      1.540921      1.092380      1.147738      1.083201      1.222722 
     1.504921      1.358916      1.376271      1.376091      1.188492      1.548870      1.089684      1.131607      1.086249      1.218353 
     1.507208      1.356779      1.379031      1.370696      1.188321      1.556742      1.088207      1.114249      1.091254      1.208133 
     1.509060      1.354709      1.382570      1.365019      1.188493      1.564432      1.088066      1.096880      1.097760      1.192483 
     1.510424      1.352728      1.386838      1.359119      1.189006      1.571832      1.089260      1.080867      1.105200      1.172118 
     1.511251      1.350859      1.391761      1.353066      1.189845      1.578835      1.091643      1.067587      1.112931      1.148089 
     1.511500      1.349129      1.397242      1.346940      1.190986      1.585339      1.094966      1.058286      1.120311      1.121816 
     1.511147      1.347564      1.403159      1.340828      1.192391      1.591250      1.098899      1.053875      1.126749      1.095103 
     1.510187      1.346188      1.409373      1.334816      1.194014      1.596487      1.103074      1.054764      1.131737      1.070049 
     1.508634      1.345025      1.415738      1.328991      1.195805      1.600988      1.107129      1.060807      1.134876      1.048895 
     1.506521      1.344093      1.422115      1.323429      1.197710      1.604712      1.110749      1.071338      1.135901      1.033760 
     1.503890      1.343408      1.428390      1.318204      1.199674      1.607639      1.113679      1.085308      1.134692      1.026310 
     1.500783      1.342986      1.434474      1.313381      1.201646      1.609770      1.115729      1.101448      1.131273      1.027430 
     1.497244      1.342838      1.440313      1.309025      1.203574      1.611125      1.116805      1.118456      1.125836      1.037024 
     1.493308      1.342976      1.445875      1.305200      1.205407      1.611731      1.116858      1.135059      1.118725      1.054037 
     1.489011      1.343408      1.451142      1.301974      1.207095      1.611621      1.115893      1.150093      1.110439      1.076668 
     1.484391      1.344138      1.456091      1.299411      1.208592      1.610827      1.114034      1.162612      1.101638      1.102736 
     1.479484      1.345164      1.460699      1.297572      1.209857      1.609373      1.111441      1.171848      1.093059      1.129989 
     1.474324      1.346482      1.464934      1.296504      1.210855      1.607277      1.108323      1.177251      1.085469      1.156366 
     1.468940      1.348081      1.468764      1.296245      1.211560      1.604549      1.104938      1.178500      1.079579      1.180142 
     1.463359      1.349949      1.472162      1.296814      1.211958      1.601196      1.101559      1.175489      1.075989      1.199965 
     1.457605      1.352072      1.475107      1.298224      1.212044      1.597222      1.098455      1.168317      1.075093      1.214822 
     1.451700      1.354434      1.477586      1.300474      1.211820      1.592636      1.095872      1.157286      1.077036      1.223974 
     1.445672      1.357013      1.479596      1.303552      1.211298      1.587454      1.094035      1.142949      1.081713      1.226945 
     1.439563      1.359784      1.481143      1.307431      1.210496      1.581705      1.093120      1.126115      1.088765      1.223481 
     1.433424      1.362714      1.482243      1.312065      1.209445      1.575431      1.093218      1.107881      1.097605      1.213574 
     1.427327      1.365759      1.482916      1.317381      1.208184      1.568684      1.094336      1.089627      1.107476      1.197525 
     1.421361      1.368865      1.483188      1.323283      1.206765      1.561529      1.096384      1.072944      1.117530      1.176023 
     1.415627      1.371971      1.483087      1.329648      1.205244      1.554037      1.099189      1.059463      1.126888      1.150205 
     1.410232      1.375011      1.482635      1.336339      1.203683      1.546278      1.102517      1.050611      1.134749      1.121696 
     1.405277      1.377924      1.481853      1.343208      1.202147      1.538320      1.106086      1.047327      1.140472      1.092613 
     1.400849      1.380656      1.480747      1.350114      1.200694      1.530226      1.109618      1.049903      1.143597      1.065400 
     1.397019      1.383163      1.479318      1.356935      1.199374      1.522051      1.112858      1.057940      1.143876      1.042613 
     1.393836      1.385414      1.477557      1.363571      1.198225      1.513852      1.115585      1.070463      1.141280      1.026582 
     1.391331      1.387392      1.475457      1.369946      1.197275      1.505690      1.117626      1.086143      1.135992      1.019005 
     1.389518      1.389088      1.473017      1.376004      1.196543      1.497644      1.118851      1.103525      1.128399      1.020617 
     1.388397      1.390501      1.470248      1.381704      1.196038      1.489824      1.119179      1.121200      1.119066      1.030985 
     1.387958      1.391635      1.467174      1.387016      1.195761      1.482366      1.118586      1.137923      1.108714      1.048645 
     1.388181      1.392500      1.463833      1.391910      1.195706      1.475418      1.117094      1.152657      1.098185      1.071457 
     1.389035      1.393105      1.460269      1.396364      1.195862      1.469130      1.114786      1.164600      1.088385      1.097027 
     1.390481      1.393466      1.456529      1.400360      1.196210      1.463629      1.111804      1.173200      1.080170      1.123048 
     1.392473      1.393600      1.452652      1.403895      1.196723      1.459013      1.108341      1.178138      1.074261      1.147555 
     1.394963      1.393528      1.448678      1.406973      1.197372      1.455346      1.104629      1.179314      1.071164      1.169012 
     1.397905      1.393272      1.444642      1.409606      1.198126      1.452665      1.100920      1.176814      1.071114      1.186312 
     1.401252      1.392852      1.440583      1.411810      1.198949      1.450985      1.097472      1.170888      1.074059      1.198715 
     1.404964      1.392290      1.436541      1.413605      1.199809      1.450304      1.094535      1.161945      1.079685      1.205777 
     1.409000      1.391604      1.432561      1.415010      1.200671      1.450606      1.092317      1.150541      1.087465      1.207290 
     1.413317      1.390815      1.428698      1.416044      1.201500      1.451862      1.090981      1.137379      1.096710      1.203258 
     1.417869      1.389940      1.425007      1.416722      1.202265      1.454024      1.090619      1.123322      1.106644      1.193890 
     1.422602      1.388998      1.421548      1.417059      1.202932      1.457023      1.091243      1.109356      1.116478      1.179635 
     1.427454      1.388005      1.418375      1.417072      1.203473      1.460765      1.092777      1.096534      1.125464      1.161203 
     1.432361      1.386980      1.415533      1.416775      1.203862      1.465136      1.095057      1.085884      1.132951      1.139621 
     1.437256      1.385937      1.413053      1.416184      1.204077      1.470004      1.097855      1.078290      1.138423      1.116233 
     1.442080      1.384888      1.410942      1.415318      1.204104      1.475224      1.100900      1.074366      1.141508      1.092675 
     1.446787      1.383843      1.409190      1.414192      1.203933      1.480656      1.103911      1.074372      1.142003      1.070796 
     1.451347      1.382806      1.407765      1.412818      1.203561      1.486166      1.106626      1.078193      1.139859      1.052506 
     1.455748      1.381779      1.406627      1.411208      1.202990      1.491644      1.108823      1.085377      1.135180      1.039564 
     1.459991      1.380758      1.405737      1.409367      1.202225      1.497007      1.110344      1.095213      1.128209      1.033312 
     1.464088      1.379735      1.405070      1.407296      1.201273      1.502201      1.111088      1.106844      1.119337      1.034467 
     1.468051      1.378703      1.404623      1.404992      1.200148      1.507202      1.111009      1.119350      1.109099      1.042986 
     1.471890      1.377651      1.404417      1.402448      1.198865      1.512001      1.110121      1.131813      1.098181      1.058076 
     1.475604      1.376565      1.404492      1.399658      1.197443      1.516601      1.108501      1.143378      1.087407      1.078362 
     1.479187      1.375431      1.404898      1.396617      1.195909      1.520998      1.106277      1.153271      1.077691      1.102115 
     1.482616      1.374234      1.405682      1.393320      1.194295      1.525189      1.103617      1.160827      1.069976      1.127478 
     1.485863      1.372959      1.406892      1.389765      1.192637      1.529159      1.100755      1.165536      1.065109      1.152664 
     1.488893      1.371585      1.408559      1.385955      1.190976      1.532893      1.097934      1.167029      1.063740      1.176086 
     1.491664      1.370098      1.410716      1.381894      1.189355      1.536376      1.095407      1.165109      1.066207      1.196387 
     1.494128      1.368478      1.413391      1.377590      1.187820      1.539600      1.093430      1.159781      1.072491      1.212480 
     1.496234      1.366712      1.416604      1.373058      1.186418      1.542564      1.092215      1.151261      1.082188      1.223493 
     1.497924      1.364788      1.420360      1.368326      1.185199      1.545273      1.091914      1.140016      1.094563      1.228783 
     1.499142      1.362703      1.424652      1.363435      1.184210      1.547737      1.092595      1.126802      1.108607      1.227943 
     1.499831      1.360465      1.429444      1.358448      1.183492      1.549968      1.094240      1.112669      1.123141      1.220837 
     1.499943      1.358093      1.434672      1.353442      1.183080      1.551974      1.096712      1.098877      1.136962      1.207699 
     1.499450      1.355621      1.440234      1.348517      1.182990      1.553757      1.099796      1.086805      1.148921      1.189151 
     1.498346      1.353089      1.446001      1.343777      1.183224      1.555312      1.103202      1.077719      1.158052      1.166283 
     1.496646      1.350550      1.451826      1.339327      1.183765      1.556623      1.106622      1.072565      1.163654      1.140619 
     1.494392      1.348055      1.457554      1.335259      1.184579      1.557675      1.109759      1.071777      1.165339      1.114046 
     1.491646      1.345650      1.463041      1.331648      1.185619      1.558450      1.112372      1.075216      1.163042      1.088672 
     1.488472      1.343374      1.468166      1.328543      1.186835      1.558935      1.114292      1.082254      1.156975      1.066611 
     1.484933      1.341259      1.472838      1.325975      1.188173      1.559122      1.115423      1.091935      1.147602      1.049751 
     1.481080      1.339323      1.477001      1.323954      1.189588      1.559012      1.115743      1.103171      1.135575      1.039481 
     1.476951      1.337582      1.480629      1.322479      1.191037      1.558618      1.115280      1.114899      1.121715      1.036516 
     1.472567      1.336045      1.483720      1.321544      1.192485      1.557960      1.114116      1.126184      1.106963      1.040785 
     1.467942      1.334718      1.486287      1.321144      1.193902      1.557063      1.112362      1.136268      1.092371      1.051480 
     1.463078      1.333610      1.488348      1.321271      1.195261      1.555954      1.110162      1.144553      1.079049      1.067265 
     1.457973      1.332727      1.489922      1.321923      1.196542      1.554656      1.107683      1.150605      1.068088      1.086506 
     1.452622      1.332080      1.491021      1.323100      1.197727      1.553185      1.105106      1.154140      1.060460      1.107508 
     1.447017      1.331679      1.491659      1.324802      1.198800      1.551552      1.102624      1.155006      1.056905      1.128690 
     1.441149      1.331536      1.491845      1.327036      1.199748      1.549767      1.100434      1.153174      1.057827      1.148678 
     1.435017      1.331666      1.491592      1.329808      1.200562      1.547843      1.098729      1.148746      1.063230      1.166332 
     1.428622      1.332083      1.490918      1.333124      1.201233      1.545799      1.097682      1.141952      1.072712      1.180725 
     1.421977      1.332802      1.489848      1.336988      1.201754      1.543660      1.097436      1.133177      1.085515      1.191130 
     1.415112      1.333839      1.488414      1.341394      1.202123      1.541454      1.098085      1.122977      1.100606      1.196993 
     1.408078      1.335203      1.486659      1.346323      1.202340      1.539208      1.099658      1.112088      1.116780      1.197932 
     1.400953      1.336897      1.484633      1.351738      1.202408      1.536947      1.102099      1.101409      1.132772      1.193782 
     1.393845      1.338913      1.482393      1.357577      1.202337      1.534688      1.105266      1.091947      1.147345      1.184635 
     1.386886      1.341228      1.480004      1.363753      1.202144      1.532440      1.108921      1.084692      1.159386      1.170906 
     1.380233      1.343804      1.477531      1.370153      1.201852      1.530205      1.112754      1.080475      1.167983      1.153381 
     1.374056      1.346587      1.475033      1.376648      1.201484      1.527977      1.116412      1.079799      1.172493      1.133237 
     1.368523      1.349512      1.472560      1.383099      1.201072      1.525745      1.119548      1.082744      1.172584      1.112001 
     1.363789      1.352510      1.470145      1.389372      1.200642      1.523490      1.121851      1.088913      1.168274      1.091442 
     1.359982      1.355513      1.467799      1.395350      1.200225      1.521190      1.123105      1.097548      1.159892      1.073373 
     1.357190      1.358461      1.465517      1.400941      1.199846      1.518816      1.123187      1.107662      1.148067      1.059444 
     1.355468      1.361306      1.463276      1.406082      1.199522      1.516337      1.122093      1.118232      1.133643      1.050871 
     1.354834      1.364016      1.461049      1.410738      1.199270      1.513722      1.119906      1.128306      1.117647      1.048291 
     1.355278      1.366569      1.458811      1.414894      1.199100      1.510941      1.116785      1.137090      1.101233      1.051689 
     1.356775      1.368956      1.456537      1.418551      1.199020      1.507970      1.112949      1.143990      1.085613      1.060433 
     1.359283      1.371174      1.454215      1.421719      1.199035      1.504788      1.108656      1.148592      1.071999      1.073438 
     1.362757      1.373226      1.451838      1.424413      1.199146      1.501381      1.104190      1.150654      1.061501      1.089365 
     1.367144      1.375120      1.449403      1.426648      1.199355      1.497747      1.099843      1.150087      1.055016      1.106814 
     1.372393      1.376864      1.446922      1.428441      1.199657      1.493891      1.095899      1.146936      1.053121      1.124456 
     1.378451      1.378470      1.444411      1.429805      1.200050      1.489834      1.092627      1.141388      1.055972      1.141115 
     1.385268      1.379952      1.441898      1.430748      1.200531      1.485616      1.090251      1.133747      1.063302      1.155810 
     1.392785      1.381322      1.439420      1.431278      1.201095      1.481289      1.088944      1.124460      1.074453      1.167744 
     1.400939      1.382593      1.437021      1.431396      1.201731      1.476918      1.088809      1.114109      1.088463      1.176297 
     1.409658      1.383775      1.434748      1.431104      1.202431      1.472581      1.089873      1.103422      1.104186      1.181023 
     1.418860      1.384881      1.432648      1.430400      1.203179      1.468360      1.092078      1.093231      1.120404      1.181646 
     1.428453      1.385920      1.430760      1.429284      1.203962      1.464340      1.095278      1.084420      1.135924      1.178076 
     1.438333      1.386903      1.429116      1.427759      1.204760      1.460607      1.099251      1.077840      1.149660      1.170431 
     1.448394      1.387836      1.427737      1.425831      1.205553      1.457244      1.103714      1.074196      1.160680      1.159074 
     1.458523      1.388725      1.426631      1.423512      1.206320      1.454332      1.108351      1.073937      1.168237      1.144635 
     1.468604      1.389571      1.425790      1.420822      1.207038      1.451947      1.112834      1.077162      1.171824      1.128035 
     1.478519      1.390374      1.425194      1.417792      1.207687      1.450150      1.116836      1.083568      1.171170      1.110465 
     1.488155      1.391131      1.424813      1.414455      1.208246      1.448993      1.120076      1.092515      1.166269      1.093320 
     1.497404      1.391835      1.424601      1.410855      1.208699      1.448513      1.122338      1.103132      1.157412      1.078076 
     1.506169      1.392481      1.424516      1.407038      1.209035      1.448716      1.123467      1.114393      1.145138      1.066123 
     1.514371      1.393058      1.424511      1.403049      1.209243      1.449595      1.123403      1.125291      1.130272      1.058552 
     1.521948      1.393558      1.424546      1.398930      1.209322      1.451130      1.122174      1.134944      1.113861      1.055985 
     1.528860      1.393971      1.424593      1.394715      1.209271      1.453290      1.119883      1.142640      1.097123      1.058490 
     1.535080      1.394288      1.424630      1.390435      1.209093      1.456044      1.116703      1.147874      1.081372      1.065598 
     1.540595      1.394500      1.424647      1.386113      1.208793      1.459362      1.112863      1.150343      1.067917      1.076407 
     1.545400      1.394601      1.424639      1.381766      1.208376      1.463213      1.108631      1.149932      1.057931      1.089774 
     1.549494      1.394580      1.424606      1.377409      1.207849      1.467572      1.104309      1.146699      1.052323      1.104459 
     1.552882      1.394427      1.424555      1.373050      1.207220      1.472419      1.100206      1.140854      1.051615      1.119278 
     1.555566      1.394133      1.424497      1.368700      1.206494      1.477737      1.096619      1.132757      1.055850      1.133181 
     1.557545      1.393684      1.424451      1.364369      1.205680      1.483514      1.093813      1.122894      1.064604      1.145306 
     1.558817      1.393071      1.424438      1.360069      1.204785      1.489741      1.092007      1.111892      1.077056      1.154963 
     1.559375      1.392281      1.424482      1.355818      1.203816      1.496407      1.091350      1.100504      1.092111      1.161638 
     1.559208      1.391299      1.424609      1.351640      1.202786      1.503497      1.091910      1.089590      1.108533      1.164974 
     1.558307      1.390112      1.424842      1.347562      1.201708      1.510989      1.093651      1.080050      1.125065      1.164786 
     1.556662      1.388711      1.425203      1.343616      1.200594      1.518859      1.096446      1.072760      1.140536      1.161059 
     1.554268      1.387087      1.425705      1.339831      1.199460      1.527071      1.100082      1.068471      1.153909      1.153955 
     1.551124      1.385234      1.426358      1.336245      1.198323      1.535588      1.104275      1.067702      1.164318      1.143827 
     1.547235      1.383148      1.427162      1.332900      1.197203      1.544358      1.108696      1.070655      1.171093      1.131252 
     1.542616      1.380832      1.428105      1.329837      1.196124      1.553321      1.113004      1.077174      1.173763      1.117033 
     1.537295      1.378296      1.429165      1.327102      1.195108      1.562395      1.116860      1.086743      1.172083      1.102212 
     1.531316      1.375559      1.430304      1.324737      1.194180      1.571480      1.119972      1.098567      1.166053      1.087998 
     1.524739      1.372649      1.431472      1.322785      1.193361      1.580457      1.122104      1.111649      1.155957      1.075684 
     1.517635      1.369600      1.432612      1.321280      1.192673      1.589193      1.123105      1.124913      1.142373      1.066493 
     1.510084      1.366454      1.433659      1.320248      1.192131      1.597551      1.122914      1.137325      1.126179      1.061396 
     1.502170      1.363256      1.434549      1.319704      1.191745      1.605397      1.121557      1.147973      1.108531      1.060947 
     1.493974      1.360050      1.435226      1.319649      1.191519      1.612607      1.119152      1.156133      1.090809      1.065176 
     1.485573      1.356882      1.435642      1.320079      1.191451      1.619073      1.115879      1.161290      1.074530      1.073620 
     1.477036      1.353792      1.435758      1.320979      1.191533      1.624704      1.111990      1.163156      1.061182      1.085385 
     1.468423      1.350818      1.435549      1.322330      1.191751      1.629430      1.107764      1.161644      1.052073      1.099337 
     1.459787      1.347994      1.435003      1.324109      1.192085      1.633200      1.103504      1.156867      1.048124      1.114241 
     1.451173      1.345351      1.434123      1.326288      1.192514      1.635988      1.099506      1.149122      1.049738      1.128924 
     1.442624      1.342917      1.432930      1.328840      1.193013      1.637793      1.096039      1.138887      1.056732      1.142331 
     1.434185      1.340714      1.431463      1.331735      1.193558      1.638633      1.093341      1.126818      1.068377      1.153587 
     1.425902      1.338767      1.429769      1.334942      1.194122      1.638540      1.091567      1.113731      1.083532      1.162013 
     1.417824      1.337094      1.427907      1.338425      1.194679      1.637557      1.090800      1.100588      1.100820      1.167126 
     1.410001      1.335716      1.425932      1.342145      1.195203      1.635726      1.091030      1.088431      1.118812      1.168649 
     1.402486      1.334646      1.423895      1.346066      1.195671      1.633085      1.092197      1.078314      1.136156      1.166490 
     1.395340      1.333896      1.421841      1.350148      1.196061      1.629664      1.094193      1.071194      1.151668      1.160745 
     1.388623      1.333474      1.419806      1.354353      1.196355      1.625487      1.096857      1.067815      1.164375      1.151701 
     1.382404      1.333387      1.417814      1.358642      1.196536      1.620566      1.099957      1.068598      1.173525      1.139828 
     1.376769      1.333640      1.415880      1.362974      1.196593      1.614911      1.103289      1.073593      1.178562      1.125804 
     1.371816      1.334231      1.414013      1.367307      1.196519      1.608530      1.106627      1.082453      1.179131      1.110522 
     1.367651      1.335158      1.412215      1.371590      1.196312      1.601439      1.109758      1.094480      1.175093      1.095090 
     1.364388      1.336412      1.410486      1.375769      1.195977      1.593664      1.112497      1.108706      1.166525      1.080762 
     1.362126      1.337976      1.408822      1.379785      1.195526      1.585248      1.114677      1.124011      1.153772      1.068832 
     1.360950      1.339829      1.407221      1.383575      1.194976      1.576249      1.116162      1.139224      1.137493      1.060496 
     1.360909      1.341942      1.405685      1.387076      1.194352      1.566754      1.116864      1.153239      1.118696      1.056664 
     1.362020      1.344278      1.404217      1.390228      1.193685      1.556866      1.116752      1.165076      1.098732      1.057757 
     1.364258      1.346794      1.402830      1.392977      1.193012      1.546715      1.115853      1.173944      1.079235      1.063650 
     1.367560      1.349443      1.401535      1.395283      1.192372      1.536446      1.114239      1.179264      1.061969      1.073674 
     1.371831      1.352176      1.400349      1.397115      1.191803      1.526220      1.112067      1.180716      1.048654      1.086718 
     1.376950      1.354945      1.399291      1.398453      1.191340      1.516203      1.109532      1.178209      1.040678      1.101458 
     1.382778      1.357708      1.398381      1.399295      1.191014      1.506567      1.106865      1.171883      1.038868      1.116555 
     1.389168      1.360423      1.397646      1.399643      1.190851      1.497479      1.104303      1.162092      1.043303      1.130789 
     1.395968      1.363056      1.397116      1.399516      1.190868      1.489101      1.102076      1.149409      1.053332      1.143149 
     1.403027      1.365574      1.396821      1.398937      1.191074      1.481577      1.100386      1.134610      1.067706      1.152868 
     1.410198      1.367952      1.396788      1.397940      1.191471      1.475025      1.099385      1.118651      1.084834      1.159436 
     1.417349      1.370168      1.397036      1.396563      1.192051      1.469526      1.099146      1.102616      1.103042      1.162580 
     1.424363      1.372210      1.397574      1.394848      1.192800      1.465116      1.099672      1.087659      1.120786      1.162242 
     1.431147      1.374070      1.398402      1.392838      1.193697      1.461796      1.100891      1.074898      1.136786      1.158568 
     1.437632      1.375747      1.399512      1.390574      1.194719      1.459536      1.102672      1.065310      1.150068      1.151866 
     1.443774      1.377246      1.400887      1.388095      1.195842      1.458286      1.104843      1.059629      1.159957      1.142593 
     1.449548      1.378574      1.402509      1.385436      1.197039      1.457993      1.107201      1.058239      1.166040      1.131331 
     1.454947      1.379740      1.404361      1.382627      1.198286      1.458603      1.109538      1.061140      1.168127      1.118794 
     1.459973      1.380755      1.406416      1.379700      1.199557      1.460070      1.111668      1.067965      1.166210      1.105805 
     1.464636      1.381626      1.408650      1.376685      1.200824      1.462351      1.113427      1.078018      1.160447      1.093252 
     1.468944      1.382362      1.411031      1.373613      1.202062      1.465405      1.114691      1.090370      1.151183      1.082076 
     1.472909      1.382971      1.413530      1.370516      1.203245      1.469185      1.115370      1.103980      1.138944      1.073182 
     1.476538      1.383459      1.416116      1.367424      1.204349      1.473643      1.115422      1.117792      1.124451      1.067342 
     1.479837      1.383831      1.418755      1.364372      1.205350      1.478723      1.114848      1.130818      1.108620      1.065088 
     1.482807      1.384091      1.421421      1.361392      1.206226      1.484362      1.113690      1.142192      1.092550      1.066644 
     1.485447      1.384243      1.424091      1.358515      1.206959      1.490496      1.112028      1.151206      1.077469      1.071891 
     1.487757      1.384289      1.426748      1.355772      1.207532      1.497063      1.109980      1.157328      1.064649      1.080379 
     1.489726      1.384227      1.429381      1.353192      1.207933      1.503998      1.107693      1.160185      1.055295      1.091409 
     1.491347      1.384059      1.431990      1.350803      1.208149      1.511241      1.105329      1.159572      1.050379      1.104112 
     1.492605      1.383779      1.434587      1.348632      1.208175      1.518738      1.103060      1.155453      1.050499      1.117540 
     1.493484      1.383385      1.437191      1.346705      1.208007      1.526441      1.101062      1.147969      1.055774      1.130743 
     1.493962      1.382871      1.439830      1.345047      1.207643      1.534305      1.099501      1.137457      1.065801      1.142810 
     1.494011      1.382232      1.442538      1.343685      1.207088      1.542287      1.098518      1.124482      1.079730      1.152934 
     1.493596      1.381466      1.445351      1.342639      1.206355      1.550345      1.098215      1.109859      1.096390      1.160445 
     1.492684      1.380569      1.448298      1.341929      1.205460      1.558428      1.098639      1.094630      1.114404      1.164804 
     1.491239      1.379542      1.451401      1.341566      1.204429      1.566483      1.099766      1.080031      1.132364      1.165656 
     1.489227      1.378383      1.454667      1.341554      1.203294      1.574451      1.101537      1.067408      1.148956      1.162841 
     1.486615      1.377096      1.458096      1.341891      1.202093      1.582279      1.103846      1.058051      1.163037      1.156410 
     1.483378      1.375686      1.461672      1.342567      1.200865      1.589918      1.106548      1.053029      1.173681      1.146628 
     1.479502      1.374157      1.465372      1.343565      1.199653      1.597327      1.109493      1.053027      1.180192      1.133990 
     1.474993      1.372519      1.469160      1.344861      1.198504      1.604469      1.112518      1.058205      1.182104      1.119247 
     1.469878      1.370781      1.472990      1.346425      1.197462      1.611308      1.115470      1.068192      1.179180      1.103392 
     1.464209      1.368955      1.476802      1.348220      1.196574      1.617803      1.118206      1.082134      1.171437      1.087629 
     1.458060      1.367059      1.480526      1.350206      1.195881      1.623902      1.120591      1.098828      1.159171      1.073305 
     1.451524      1.365110      1.484083      1.352336      1.195419      1.629546      1.122488      1.116876      1.142996      1.061775 
     1.444702      1.363131      1.487392      1.354562      1.195218      1.634666      1.123804      1.134892      1.123870      1.054219 
     1.437701      1.361144      1.490382      1.356836      1.195295      1.639189      1.124455      1.151598      1.103098      1.051434 
     1.430618      1.359169      1.492989      1.359116      1.195659      1.643047      1.124388      1.165926      1.082291      1.053688 
     1.423547      1.357221      1.495165      1.361361      1.196303      1.646172      1.123612      1.177077      1.063284      1.060685 
     1.416563      1.355316      1.496875      1.363544      1.197215      1.648511      1.122173      1.184493      1.047936      1.071626 
     1.409729      1.353461      1.498096      1.365642      1.198373      1.650028      1.120148      1.187865      1.037886      1.085373 
     1.403095      1.351663      1.498819      1.367641      1.199748      1.650711      1.117665      1.187075      1.034304      1.100646 
     1.396708      1.349923      1.499049      1.369533      1.201305      1.650574      1.114881      1.182184      1.037673      1.116195 
     1.390611      1.348240      1.498807      1.371315      1.203008      1.649662      1.111998      1.173439      1.047683      1.130882 
     1.384851      1.346613      1.498122      1.372989      1.204811      1.648044      1.109238      1.161280      1.063302      1.143752 
     1.379475      1.345043      1.497037      1.374553      1.206663      1.645809      1.106820      1.146368      1.082971      1.154048 
     1.374531      1.343530      1.495596      1.376010      1.208510      1.643051      1.104955      1.129593      1.104851      1.161214 
     1.370068      1.342075      1.493849      1.377360      1.210296      1.639855      1.103820      1.112065      1.127068      1.164895 
     1.366124      1.340679      1.491840      1.378606      1.211965      1.636296      1.103543      1.095070      1.147916      1.164953 
     1.362733      1.339339      1.489611      1.379753      1.213463      1.632424      1.104197      1.079987      1.165962      1.161442 
     1.359924      1.338053      1.487195      1.380810      1.214742      1.628269      1.105784      1.068121      1.180112      1.154628 
     1.357717      1.336822      1.484619      1.381783      1.215759      1.623845      1.108193      1.060535      1.189606      1.144971 
     1.356135      1.335647      1.481900      1.382679      1.216478      1.619158      1.111252      1.057904      1.193982      1.133115 
     1.355205      1.334530      1.479051      1.383502      1.216873      1.614212      1.114748      1.060423      1.193044      1.119873 
     1.354953      1.333477      1.476080      1.384257      1.216922      1.609018      1.118424      1.067742      1.186863      1.106215 
     1.355404      1.332494      1.472993      1.384942      1.216616      1.603599      1.122009      1.079029      1.175787      1.093214 
     1.356570      1.331594      1.469796      1.385556      1.215954      1.597990      1.125243      1.093081      1.160473      1.081972 
     1.358442      1.330791      1.466496      1.386097      1.214948      1.592235      1.127883      1.108491      1.141905      1.073490 
     1.360993      1.330100      1.463100      1.386558      1.213624      1.586382      1.129732      1.123871      1.121379      1.068508 
     1.364170      1.329533      1.459618      1.386934      1.212017      1.580482      1.130652      1.137957      1.100455      1.067410 
     1.367904      1.329101      1.456061      1.387220      1.210173      1.574582      1.130571      1.149719      1.080840      1.070172 
     1.372119      1.328812      1.452437      1.387413      1.208142      1.568723      1.129488      1.158424      1.064231      1.076361 
     1.376733      1.328668      1.448755      1.387507      1.205976      1.562939      1.127462      1.163628      1.052098      1.085211 
     1.381673      1.328671      1.445031      1.387502      1.203726      1.557259      1.124620      1.165147      1.045498      1.095787 
     1.386865      1.328818      1.441288      1.387393      1.201443      1.551714      1.121118      1.162991      1.044934      1.107149 
     1.392243      1.329106      1.437562      1.387176      1.199175      1.546336      1.117150      1.157365      1.050266      1.118378 
     1.397746      1.329529      1.433896      1.386848      1.196969      1.541151      1.112957      1.148678      1.060752      1.128641 
     1.403312      1.330082      1.430347      1.386405      1.194870      1.536187      1.108777      1.137494      1.075195      1.137249 
     1.408878      1.330760      1.426972      1.385846      1.192922      1.531470      1.104835      1.124539      1.092152      1.143688 
     1.414379      1.331556      1.423831      1.385167      1.191168      1.527014      1.101360      1.110707      1.110119      1.147604 
     1.419756      1.332464      1.420971      1.384370      1.189644      1.522823      1.098545      1.097014      1.127680      1.148802 
     1.424950      1.333476      1.418430      1.383454      1.188380      1.518890      1.096537      1.084517      1.143626      1.147259 
     1.429915      1.334590      1.416229      1.382420      1.187402      1.515200      1.095427      1.074249      1.156984      1.143117 
     1.434608      1.335804      1.414381      1.381271      1.186727      1.511739      1.095251      1.067088      1.167040      1.136676 
     1.439001      1.337119      1.412884      1.380007      1.186364      1.508492      1.095986      1.063663      1.173300      1.128359 
     1.443076      1.338541      1.411728      1.378632      1.186314      1.505451      1.097565      1.064271      1.175473      1.118710 
     1.446826      1.340074      1.410894      1.377148      1.186574      1.502623      1.099876      1.068835      1.173466      1.108397 
     1.450254      1.341725      1.410362      1.375563      1.187134      1.500018      1.102766      1.076922      1.167353      1.098168 
     1.453371      1.343499      1.410101      1.373884      1.187975      1.497660      1.106049      1.087788      1.157406      1.088811 
     1.456194      1.345403      1.410080      1.372123      1.189073      1.495575      1.109516      1.100483      1.144117      1.081099 
     1.458741      1.347439      1.410265      1.370292      1.190395      1.493793      1.112941      1.113963      1.128222      1.075707 
     1.461031      1.349611      1.410621      1.368409      1.191905      1.492337      1.116093      1.127193      1.110684      1.073100 
     1.463082      1.351917      1.411109      1.366493      1.193558      1.491225      1.118753      1.139229      1.092722      1.073496 
     1.464911      1.354358      1.411694      1.364565      1.195308      1.490464      1.120738      1.149275      1.075751      1.076836 
     1.466529      1.356931      1.412344      1.362644      1.197108      1.490057      1.121905      1.156709      1.061249      1.082766 
     1.467942      1.359636      1.413029      1.360752      1.198912      1.489996      1.122164      1.161089      1.050624      1.090714 
     1.469155      1.362469      1.413725      1.358909      1.200676      1.490275      1.121486      1.162149      1.045024      1.099975 
     1.470165      1.365429      1.414421      1.357134      1.202356      1.490895      1.119904      1.159788      1.045154      1.109783 
     1.470963      1.368512      1.415112      1.355448      1.203915      1.491872      1.117518      1.154074      1.051151      1.119389 
     1.471533      1.371708      1.415811      1.353872      1.205316      1.493235      1.114489      1.145245      1.062553      1.128109 
     1.471852      1.375004      1.416529      1.352429      1.206526      1.495029      1.111038      1.133746      1.078360      1.135352 
     1.471893      1.378377      1.417288      1.351142      1.207513      1.497302      1.107433      1.120243      1.097184      1.140639 
     1.471620      1.381799      1.418103      1.350033      1.208253      1.500099      1.103977      1.105631      1.117439      1.143617 
     1.470998      1.385237      1.418988      1.349122      1.208728      1.503445      1.100974      1.091016      1.137508      1.144080 
     1.469996      1.388647      1.419947      1.348426      1.208930      1.507359      1.098698      1.077661      1.155917      1.142007 
     1.468589      1.391987      1.420982      1.347957      1.208860      1.511829      1.097359      1.066835      1.171404      1.137527 
     1.466765      1.395213      1.422088      1.347719      1.208531      1.516828      1.097088      1.059664      1.182971      1.130947 
     1.464527      1.398285      1.423253      1.347707      1.207962      1.522318      1.097908      1.056967      1.189910      1.122733 
     1.461900      1.401160      1.424466      1.347912      1.207186      1.528246      1.099745      1.059102      1.191803      1.113504 
     1.458934      1.403799      1.425707      1.348316      1.206240      1.534551      1.102435      1.065889      1.188519      1.103993 
     1.455696      1.406161      1.426953      1.348895      1.205170      1.541159      1.105750      1.076641      1.180230      1.095005 
     1.452273      1.408208      1.428174      1.349619      1.204026      1.547981      1.109413      1.090268      1.167422      1.087335 
     1.448759      1.409907      1.429339      1.350454      1.202862      1.554920      1.113130      1.105437      1.150937      1.081687 
     1.445249      1.411233      1.430413      1.351360      1.201730      1.561865      1.116600      1.120751      1.131926      1.078561 
     1.441831      1.412169      1.431358      1.352301      1.200679      1.568706      1.119567      1.134938      1.111811      1.078185 
     1.438577      1.412710      1.432142      1.353238      1.199749      1.575337      1.121852      1.146956      1.092213      1.080507 
     1.435545      1.412853      1.432734      1.354146      1.198975      1.581667      1.123342      1.156039      1.074771      1.085193 
     1.432773      1.412607      1.433108      1.354999      1.198378      1.587627      1.123979      1.161708      1.060996      1.091722 
     1.430286      1.411983      1.433248      1.355781      1.197973      1.593172      1.123781      1.163740      1.052101      1.099455 
     1.428096      1.410994      1.433149      1.356478      1.197768      1.598283      1.122820      1.162127      1.048842      1.107727 
     1.426204      1.409655      1.432820      1.357083      1.197766      1.602963      1.121203      1.157032      1.051407      1.115893 
     1.424611      1.407977      1.432284      1.357589      1.197964      1.607226      1.119081      1.148780      1.059434      1.123375 
     1.423313      1.405972      1.431576      1.357993      1.198358      1.611094      1.116634      1.137855      1.072063      1.129679 
     1.422302      1.403655      1.430737      1.358296      1.198937      1.614584      1.114042      1.124900      1.088084      1.134401 
     1.421567      1.401043      1.429810      1.358494      1.199687      1.617699      1.111483      1.110729      1.106112      1.137242 
     1.421093      1.398154      1.428838      1.358592      1.200589      1.620427      1.109144      1.096310      1.124751      1.138012 
     1.420864      1.395009      1.427854      1.358591      1.201623      1.622735      1.107187      1.082715      1.142716      1.136647 
     1.420863      1.391632      1.426887      1.358492      1.202762      1.624575      1.105736      1.071046      1.158898      1.133208 
     1.421071      1.388047      1.425949      1.358300      1.203979      1.625888      1.104883      1.062342      1.172369      1.127871 
     1.421474      1.384279      1.425046      1.358016      1.205245      1.626605      1.104685      1.057454      1.182409      1.120932 
     1.422068      1.380348      1.424175      1.357641      1.206531      1.626660      1.105171      1.056950      1.188475      1.112793 
     1.422856      1.376281      1.423324      1.357174      1.207805      1.625983      1.106325      1.061012      1.190161      1.103972 
     1.423856      1.372104      1.422476      1.356614      1.209033      1.624516      1.108113      1.069428      1.187200      1.095074 
     1.425093      1.367852      1.421611      1.355959      1.210180      1.622201      1.110456      1.081589      1.179481      1.086787 
     1.426604      1.363568      1.420703      1.355206      1.211206      1.618990      1.113233      1.096580      1.167077      1.079826 
     1.428428      1.359306      1.419727      1.354353      1.212069      1.614845      1.116273      1.113277      1.150327      1.074879 
     1.430601      1.355137      1.418664      1.353397      1.212727      1.609741      1.119361      1.130421      1.129914      1.072508 
     1.433155      1.351138      1.417494      1.352341      1.213139      1.603668      1.122258      1.146756      1.106957      1.073048 
     1.436108      1.347394      1.416204      1.351189      1.213267      1.596638      1.124705      1.161096      1.083052      1.076537 
     1.439467      1.343994      1.414787      1.349950      1.213082      1.588679      1.126451      1.172395      1.060248      1.082683 
     1.443219      1.341019      1.413241      1.348637      1.212565      1.579838      1.127299      1.179831      1.040865      1.090883 
     1.447341      1.338539      1.411575      1.347266      1.211711      1.570173      1.127115      1.182827      1.027202      1.100335 
     1.451798      1.336608      1.409807      1.345855      1.210526      1.559755      1.125861      1.181081      1.021104      1.110124 
     1.456535      1.335265      1.407972      1.344426      1.209034      1.548679      1.123601      1.174561      1.023565      1.119348 
     1.461481      1.334533      1.406138      1.343004      1.207271      1.537075      1.120495      1.163534      1.034474      1.127242 
     1.466535      1.334415      1.404382      1.341619      1.205292      1.525129      1.116823      1.148622      1.052585      1.133184 
     1.471571      1.334890      1.402795      1.340308      1.203168      1.513081      1.112952      1.130836      1.075776      1.136748 
     1.476441      1.335913      1.401456      1.339107      1.200985      1.501209      1.109297      1.111564      1.101487      1.137741 
     1.480990      1.337414      1.400421      1.338047      1.198832      1.489793      1.106229      1.092432      1.127165      1.136239 
     1.485077      1.339304      1.399724      1.337155      1.196795      1.479085      1.104058      1.075175      1.150629      1.132508 
     1.488590      1.341490      1.399365      1.336446      1.194945      1.469283      1.102968      1.061373      1.170265      1.126985 
     1.491454      1.343879      1.399323      1.335928      1.193334      1.460525      1.103003      1.052222      1.185054      1.120225 
     1.493633      1.346390      1.399565      1.335602      1.191997      1.452892      1.104056      1.048367      1.194470      1.112818 
     1.495127      1.348958      1.400052      1.335464      1.190953      1.446432      1.105930      1.049860      1.198392      1.105356 
     1.495957      1.351527      1.400746      1.335509      1.190210      1.441178      1.108374      1.056196      1.196976      1.098399 
     1.496164      1.354055      1.401612      1.335732      1.189768      1.437145      1.111104      1.066439      1.190574      1.092434 
     1.495796      1.356509      1.402619      1.336129      1.189616      1.434341      1.113842      1.079392      1.179717      1.087860 
     1.494902      1.358859      1.403744      1.336695      1.189742      1.432765      1.116337      1.093771      1.165112      1.084965 
     1.493531      1.361085      1.404963      1.337428      1.190127      1.432398      1.118362      1.108334      1.147621      1.083879 
     1.491726      1.363170      1.406258      1.338326      1.190749      1.433200      1.119741      1.121990      1.128293      1.084594 
     1.489524      1.365101      1.407611      1.339391      1.191582      1.435115      1.120357      1.133848      1.108344      1.086959 
     1.486955      1.366872      1.409004      1.340623      1.192596      1.438069      1.120151      1.143238      1.089118      1.090706 
     1.484045      1.368477      1.410419      1.342027      1.193764      1.441973      1.119125      1.149698      1.072021      1.095479 
     1.480807      1.369917      1.411839      1.343610      1.195056      1.446739      1.117334      1.152955      1.058418      1.100884 
     1.477253      1.371193      1.413252      1.345382      1.196442      1.452286      1.114894      1.152908      1.049484      1.106505 
     1.473383      1.372306      1.414649      1.347354      1.197894      1.458545      1.111953      1.149602      1.046023      1.111953 
     1.469195      1.373260      1.416036      1.349542      1.199384      1.465469      1.108704      1.143218      1.048382      1.116866 
     1.464680      1.374056      1.417430      1.351961      1.200883      1.473030      1.105365      1.134091      1.056379      1.120930 
     1.459835      1.374692      1.418858      1.354626      1.202362      1.481210      1.102175      1.122722      1.069314      1.123881 
     1.454655      1.375169      1.420358      1.357547      1.203790      1.489994      1.099365      1.109803      1.086091      1.125521 
     1.449145      1.375484      1.421970      1.360729      1.205133      1.499356      1.097158      1.096225      1.105350      1.125716 
     1.443321      1.375634      1.423733      1.364170      1.206357      1.509251      1.095753      1.083061      1.125623      1.124417 
     1.437206      1.375618      1.425679      1.367859      1.207430      1.519609      1.095285      1.071485      1.145482      1.121674 
     1.430835      1.375437      1.427829      1.371776      1.208323      1.530346      1.095820      1.062649      1.163640      1.117640 
     1.424255      1.375090      1.430198      1.375900      1.209008      1.541364      1.097354      1.057539      1.179009      1.112569 
     1.417523      1.374582      1.432788      1.380202      1.209465      1.552567      1.099809      1.056813      1.190727      1.106814 
     1.410712      1.373917      1.435593      1.384652      1.209678      1.563859      1.103054      1.060698      1.198153      1.100807 
     1.403910      1.373102      1.438599      1.389212      1.209637      1.575150      1.106914      1.068946      1.200862      1.095024 
     1.397226      1.372143      1.441781      1.393840      1.209340      1.586359      1.111173      1.080858      1.198633      1.089958 
     1.390778      1.371053      1.445110      1.398486      1.208790      1.597405      1.115572      1.095410      1.191485      1.086081 
     1.384696      1.369843      1.448545      1.403094      1.207997      1.608205      1.119858      1.111360      1.179665      1.083762 
     1.379109      1.368527      1.452039      1.407601      1.206981      1.618674      1.123764      1.127409      1.163704      1.083248 
     1.374142      1.367120      1.455539      1.411946      1.205768      1.628726      1.127049      1.142352      1.144435      1.084606 
     1.369903      1.365640      1.458988      1.416067      1.204390      1.638276      1.129495      1.155126      1.123004      1.087720 
     1.366480      1.364103      1.462326      1.419908      1.202883      1.647246      1.130940      1.164883      1.100839      1.092284 
     1.363944      1.362521      1.465493      1.423419      1.201285      1.655568      1.131278      1.171016      1.079609      1.097865 
     1.362338      1.360906      1.468432      1.426560      1.199637      1.663184      1.130481      1.173161      1.061093      1.103943 
     1.361690      1.359265      1.471095      1.429300      1.197974      1.670052      1.128573      1.171169      1.047010      1.109976 
     1.362011      1.357603      1.473444      1.431614      1.196335      1.676140      1.125637      1.165073      1.038797      1.115439 
     1.363303      1.355921      1.475459      1.433479      1.194751      1.681424      1.121822      1.155088      1.037396      1.119885 
     1.365560      1.354218      1.477137      1.434875      1.193257      1.685879      1.117325      1.141616      1.043080      1.122962 
     1.368771      1.352495      1.478490      1.435778      1.191886      1.689475      1.112400      1.125279      1.055418      1.124433 
     1.372911      1.350754      1.479539      1.436160      1.190674      1.692165      1.107361      1.106987      1.073340      1.124178 
     1.377942      1.349005      1.480311      1.435992      1.189657      1.693880      1.102554      1.087941      1.095321      1.122210 
     1.383803      1.347261      1.480828      1.435243      1.188870      1.694532      1.098329      1.069630      1.119608      1.118673 
     1.390418      1.345542      1.481110      1.433885      1.188347      1.694010      1.095043      1.053774      1.144403      1.113830 
     1.397703      1.343872      1.481161      1.431896      1.188117      1.692198      1.093014      1.042123      1.168022      1.108058 
     1.405578      1.342281      1.480982      1.429253      1.188199      1.688980      1.092470      1.036174      1.189002      1.101833 
     1.413971      1.340803      1.480569      1.425942      1.188608      1.684258      1.093553      1.036936      1.206102      1.095696 
     1.422826      1.339476      1.479912      1.421953      1.189349      1.677972      1.096301      1.044702      1.218300      1.090217 
     1.432092      1.338343      1.479002      1.417292      1.190414      1.670114      1.100620      1.058951      1.224784      1.085950 
     1.441697      1.337451      1.477840      1.411994      1.191780      1.660748      1.106281      1.078401      1.224973      1.083389 
     1.451540      1.336847      1.476438      1.406128      1.193404      1.650032      1.112919      1.101175      1.218592      1.082876 
     1.461461      1.336568      1.474830      1.399817      1.195219      1.638223      1.120052      1.125081      1.205791      1.084517 
     1.471254      1.336636      1.473068      1.393232      1.197139      1.625665      1.127104      1.147877      1.187254      1.088148 
     1.480680      1.337050      1.471218      1.386581      1.199063      1.612757      1.133486      1.167563      1.164244      1.093334 
     1.489497      1.337783      1.469346      1.380080      1.200887      1.599892      1.138662      1.182607      1.138546      1.099458 
     1.497509      1.338791      1.467512      1.373925      1.202518      1.587406      1.142246      1.192094      1.112298      1.105814 
     1.504575      1.340015      1.465752      1.368273      1.203885      1.575532      1.144017      1.195685      1.087736      1.111746 
     1.510622      1.341396      1.464084      1.363228      1.204943      1.564393      1.143919      1.193540      1.066932      1.116730 
     1.515631      1.342878      1.462505      1.358844      1.205668      1.554013      1.142038      1.186174      1.051553      1.120420 
     1.519623      1.344415      1.461001      1.355136      1.206059      1.544353      1.138574      1.174349      1.042664      1.122642 
     1.522638      1.345971      1.459561      1.352097      1.206125      1.535346      1.133799      1.158984      1.040615      1.123373 
     1.524718      1.347520      1.458171      1.349700      1.205885      1.526922      1.128041      1.141125      1.045027      1.122703 
     1.525899      1.349039      1.456830      1.347917      1.205364      1.519026      1.121655      1.121936      1.054924      1.120809 
     1.526212      1.350512      1.455538      1.346713      1.204591      1.511618      1.115015      1.102676      1.068904      1.117928 
     1.525678      1.351928      1.454298      1.346052      1.203597      1.504670      1.108498      1.084669      1.085401      1.114338 
     1.524312      1.353278      1.453115      1.345901      1.202417      1.498157      1.102466      1.069212      1.102877      1.110339 
     1.522122      1.354556      1.451989      1.346220      1.201087      1.492056      1.097247      1.057455      1.119972      1.106231 
     1.519112      1.355762      1.450915      1.346975      1.199646      1.486350      1.093121      1.050283      1.135578      1.102305 
     1.515290      1.356895      1.449885      1.348129      1.198131      1.481026      1.090306      1.048196      1.148844      1.098823 
     1.510661      1.357958      1.448894      1.349654      1.196577      1.476087      1.088950      1.051239      1.159154      1.096016 
     1.505235      1.358955      1.447931      1.351520      1.195021      1.471552      1.089128      1.059010      1.166087      1.094061 
     1.499030      1.359890      1.446987      1.353698      1.193502      1.467460      1.090821      1.070716      1.169391      1.093083 
     1.492072      1.360768      1.446056      1.356160      1.192061      1.463863      1.093922      1.085285      1.168969      1.093144 
     1.484398      1.361593      1.445131      1.358875      1.190740      1.460820      1.098235      1.101496      1.164867      1.094228 
     1.476059      1.362370      1.444210      1.361807      1.189584      1.458396      1.103473      1.118094      1.157310      1.096242 
     1.467122      1.363105      1.443289      1.364918      1.188637      1.456648      1.109285      1.133886      1.146721      1.099013 
     1.457670      1.363803      1.442366      1.368164      1.187942      1.455625      1.115258      1.147795      1.133746      1.102303 
     1.447803      1.364471      1.441435      1.371496      1.187538      1.455354      1.120974      1.158912      1.119255      1.105813 
     1.437637      1.365114      1.440488      1.374861      1.187455      1.455843      1.126023      1.166527      1.104334      1.109215 
     1.427301      1.365742      1.439512      1.378207      1.187716      1.457074      1.130043      1.170141      1.090214      1.112172 
     1.416936      1.366361      1.438492      1.381482      1.188332      1.459011      1.132738      1.169481      1.078182      1.114372 
     1.406686      1.366977      1.437411      1.384637      1.189302      1.461597      1.133905      1.164514      1.069428      1.115550 
     1.396696      1.367599      1.436259      1.387629      1.190612      1.464762      1.133444      1.155452      1.064892      1.115529 
     1.387109      1.368235      1.435030      1.390418      1.192237      1.468428      1.131366      1.142758      1.065100      1.114233 
     1.378060      1.368888      1.433732      1.392973      1.194138      1.472506      1.127794      1.127165      1.070076      1.111698 
     1.369677      1.369564      1.432385      1.395267      1.196272      1.476899      1.122958      1.109672      1.079337      1.108089 
     1.362075      1.370267      1.431017      1.397277      1.198585      1.481501      1.117180      1.091528      1.091992      1.103692 
     1.355347      1.371000      1.429663      1.398984      1.201022      1.486197      1.110861      1.074174      1.106882      1.098879 
     1.349572      1.371767      1.428356      1.400378      1.203524      1.490872      1.104452      1.059135      1.122750      1.094085 
     1.344808      1.372572      1.427127      1.401455      1.206032      1.495415      1.098426      1.047862      1.138383      1.089761 
     1.341105      1.373418      1.425999      1.402213      1.208495      1.499733      1.093238      1.041544      1.152711      1.086328 
     1.338511      1.374314      1.424992      1.402654      1.210863      1.503755      1.089302      1.040940      1.164842      1.084146 
     1.337091      1.375271      1.424121      1.402777      1.213095      1.507435      1.086961      1.046262      1.174065      1.083487 
     1.336922      1.376301      1.423400      1.402580      1.215151      1.510756      1.086465      1.057144      1.179832      1.084499 
     1.338099      1.377419      1.422846      1.402056      1.216989      1.513724      1.087944      1.072716      1.181753      1.087204 
     1.340720      1.378638      1.422478      1.401199      1.218570      1.516364      1.091382      1.091717      1.179598      1.091475 
     1.344867      1.379972      1.422318      1.400000      1.219854      1.518716      1.096598      1.112640      1.173333      1.097035 
     1.350588      1.381429      1.422387      1.398459      1.220802      1.520832      1.103249      1.133873      1.163180      1.103468 
     1.357873      1.383011      1.422700      1.396581      1.221382      1.522764      1.110838      1.153829      1.149677      1.110244 
     1.366639      1.384713      1.423265      1.394384      1.221572      1.524564      1.118763      1.171062      1.133719      1.116774 
     1.376722      1.386518      1.424073      1.391896      1.221365      1.526278      1.126370      1.184355      1.116556      1.122487 
     1.387892      1.388399      1.425103      1.389163      1.220774      1.527934      1.133048      1.192830      1.099679      1.126860 
     1.399873      1.390323      1.426316      1.386237      1.219830      1.529548      1.138276      1.195975      1.084666      1.129508 
     1.412367      1.392249      1.427668      1.383172      1.218580      1.531121      1.141678      1.193666      1.072982      1.130246 
     1.425088      1.394139      1.429111      1.380022      1.217085      1.532635      1.143046      1.186140      1.065720      1.129075 
     1.437775      1.395952      1.430599      1.376838      1.215410      1.534069      1.142354      1.173968      1.063425      1.126150 
     1.450208      1.397652      1.432093      1.373665      1.213622      1.535395      1.139714      1.157995      1.066066      1.121802 
     1.462206      1.399207      1.433566      1.370537      1.211786      1.536585      1.135366      1.139305      1.073064      1.116467 
     1.473627      1.400588      1.434994      1.367483      1.209962      1.537609      1.129651      1.119176      1.083420      1.110625 
     1.484368      1.401774      1.436359      1.364523      1.208200      1.538439      1.122973      1.099020      1.095936      1.104786 
     1.494360      1.402748      1.437644      1.361672      1.206545      1.539041      1.115783      1.080309      1.109374      1.099421 
     1.503566      1.403499      1.438833      1.358937      1.205031      1.539382      1.108539      1.064462      1.122607      1.094940 
     1.511980      1.404020      1.439916      1.356321      1.203682      1.539430      1.101684      1.052700      1.134700      1.091684 
     1.519615      1.404307      1.440886      1.353819      1.202515      1.539163      1.095632      1.045938      1.144926      1.089886 
     1.526503      1.404357      1.441736      1.351426      1.201540      1.538570      1.090749      1.044649      1.152746      1.089679 
     1.532681      1.404168      1.442465      1.349135      1.200764      1.537659      1.087350      1.048830      1.157783      1.091085 
     1.538194      1.403735      1.443072      1.346941      1.200189      1.536456      1.085669      1.058005      1.159793      1.094035 
     1.543081      1.403055      1.443557      1.344841      1.199818      1.535004      1.085850      1.071309      1.158649      1.098369 
     1.547380      1.402125      1.443920      1.342835      1.199647      1.533359      1.087922      1.087601      1.154337      1.103847 
     1.551118      1.400939      1.444158      1.340930      1.199674      1.531583      1.091785      1.105601      1.146984      1.110156 
     1.554319      1.399499      1.444266      1.339137      1.199891      1.529740      1.097204      1.123991      1.136887      1.116932 
     1.556996      1.397804      1.444236      1.337471      1.200285      1.527888      1.103815      1.141514      1.124549      1.123771 
     1.559160      1.395862      1.444051      1.335955      1.200839      1.526075      1.111156      1.157024      1.110700      1.130248 
     1.560814      1.393684      1.443693      1.334611      1.201529      1.524339      1.118696      1.169541      1.096313      1.135935 
     1.561960      1.391288      1.443134      1.333467      1.202324      1.522701      1.125872      1.178260      1.082562      1.140428 
     1.562597      1.388695      1.442346      1.332547      1.203189      1.521167      1.132133      1.182585      1.070749      1.143362 
     1.562719      1.385935      1.441295      1.331879      1.204082      1.519735      1.136984      1.182146      1.062163      1.144442 
     1.562317      1.383042      1.439955      1.331488      1.204959      1.518396      1.140012      1.176816      1.057892      1.143469 
     1.561379      1.380058      1.438311      1.331396      1.205774      1.517138      1.140921      1.166757      1.058631      1.140368 
     1.559891      1.377032      1.436366      1.331619      1.206478      1.515951      1.139561      1.152462      1.064524      1.135216 
     1.557840      1.374022      1.434147      1.332163      1.207024      1.514818      1.135952      1.134801      1.075090      1.128265 
     1.555211      1.371091      1.431704      1.333027      1.207369      1.513720      1.130303      1.115035      1.089298      1.119949 
     1.551991      1.368302      1.429108      1.334195      1.207479      1.512623      1.123012      1.094767      1.105723      1.110864 
     1.548166      1.365715      1.426439      1.335642      1.207332      1.511481      1.114633      1.075810      1.122799      1.101708 
     1.543725      1.363378      1.423774      1.337335      1.206914      1.510241      1.105831      1.059971      1.139030      1.093207 
     1.538652      1.361327      1.421182      1.339237      1.206230      1.508849      1.097303      1.048794      1.153170      1.086035 
     1.532938      1.359582      1.418713      1.341315      1.205284      1.507267      1.089728      1.043327      1.164287      1.080744 
     1.526581      1.358151      1.416403      1.343539      1.204094      1.505475      1.083706      1.043984      1.171764      1.077720 
     1.519594      1.357035      1.414281      1.345884      1.202679      1.503481      1.079715      1.050515      1.175261      1.077163 
     1.512012      1.356231      1.412365      1.348327      1.201064      1.501322      1.078071      1.062069      1.174665      1.079065 
     1.503889      1.355732      1.410669      1.350845      1.199277      1.499055      1.078907      1.077376      1.170073      1.083229 
     1.495308      1.355530      1.409205      1.353415      1.197356      1.496757      1.082148      1.094932      1.161782      1.089283 
     1.486368      1.355611      1.407985      1.356008      1.195345      1.494514      1.087510      1.113170      1.150312      1.096713 
     1.477189      1.355959      1.407014      1.358590      1.193296      1.492415      1.094526      1.130618      1.136411      1.104903 
     1.467903      1.356550      1.406294      1.361127      1.191266      1.490544      1.102593      1.146002      1.121053      1.113201 
     1.458644      1.357356      1.405816      1.363580      1.189317      1.488970      1.111043      1.158310      1.105400      1.120974 
     1.449544      1.358342      1.405566      1.365915      1.187508      1.487747      1.119206      1.166826      1.090716      1.127672 
     1.440719      1.359470      1.405525      1.368101      1.185894      1.486905      1.126483      1.171138      1.078252      1.132859 
     1.432271      1.360698      1.405673      1.370109      1.184524      1.486460      1.132381      1.171125      1.069097      1.136242 
     1.424283      1.361988      1.405994      1.371922      1.183435      1.486410      1.136546      1.166933      1.064033      1.137682 
     1.416815      1.363299      1.406480      1.373527      1.182655      1.486748      1.138772      1.158948      1.063424      1.137184 
     1.409913      1.364592      1.407131      1.374916      1.182199      1.487460      1.138991      1.147777      1.067175      1.134882 
     1.403608      1.365833      1.407953      1.376090      1.182074      1.488529      1.137270      1.134224      1.074750      1.131017 
     1.397916      1.366988      1.408958      1.377050      1.182275      1.489937      1.133799      1.119267      1.085278      1.125914 
     1.392840      1.368027      1.410153      1.377808      1.182788      1.491657      1.128872      1.104010      1.097693      1.119962 
     1.388373      1.368925      1.411541      1.378376      1.183590      1.493661      1.122866      1.089619      1.110879      1.113583 
     1.384497      1.369662      1.413117      1.378771      1.184649      1.495912      1.116225      1.077223      1.123794      1.107216 
     1.381188      1.370223      1.414874      1.379014      1.185933      1.498374      1.109419      1.067799      1.135547      1.101283 
     1.378423      1.370598      1.416800      1.379126      1.187404      1.501013      1.102923      1.062077      1.145435      1.096169 
     1.376182      1.370779      1.418882      1.379128      1.189027      1.503807      1.097185      1.060459      1.152942      1.092189 
     1.374454      1.370762      1.421113      1.379041      1.190766      1.506744      1.092613      1.062983      1.157720      1.089594 
     1.373238      1.370545      1.423484      1.378885      1.192587      1.509827      1.089554      1.069333      1.159552      1.088539 
     1.372542      1.370125      1.425996      1.378676      1.194457      1.513074      1.088247      1.078901      1.158359      1.089088 
     1.372384      1.369502      1.428653      1.378429      1.196345      1.516514      1.088830      1.090865      1.154172      1.091208 
     1.372788      1.368677      1.431460      1.378159      1.198220      1.520182      1.091319      1.104283      1.147135      1.094769 
     1.373782      1.367650      1.434427      1.377876      1.200051      1.524114      1.095579      1.118159      1.137552      1.099549 
     1.375395      1.366426      1.437561      1.377591      1.201805      1.528347      1.101345      1.131527      1.125877      1.105237 
     1.377657      1.365008      1.440868      1.377316      1.203449      1.532903      1.108258      1.143495      1.112749      1.111456 
     1.380595      1.363408      1.444350      1.377058      1.204951      1.537797      1.115856      1.153274      1.099009      1.117787 
     1.384229      1.361636      1.448002      1.376826      1.206280      1.543031      1.123601      1.160191      1.085682      1.123780 
     1.388576      1.359708      1.451813      1.376628      1.207406      1.548591      1.130947      1.163723      1.073899      1.128981 
     1.393644      1.357638      1.455769      1.376467      1.208307      1.554452      1.137354      1.163501      1.064845      1.132976 
     1.399428      1.355449      1.459846      1.376345      1.208963      1.560574      1.142324      1.159337      1.059559      1.135400 
     1.405911      1.353164      1.464014      1.376267      1.209363      1.566906      1.145446      1.151272      1.058788      1.135982 
     1.413047      1.350814      1.468232      1.376234      1.209498      1.573381      1.146408      1.139605      1.062824      1.134573 
     1.420764      1.348436      1.472450      1.376247      1.209371      1.579919      1.145024      1.124956      1.071437      1.131178 
     1.428953      1.346072      1.476611      1.376300      1.208997      1.586410      1.141277      1.108287      1.083871      1.125993 
     1.437466      1.343772      1.480645      1.376386      1.208402      1.592719      1.135323      1.090914      1.098952      1.119391 
     1.446124      1.341585      1.484478      1.376494      1.207625      1.598692      1.127530      1.074421      1.115228      1.111911 
     1.454730      1.339562      1.488040      1.376610      1.206710      1.604163      1.118448      1.060466      1.131209      1.104207 
     1.463099      1.337742      1.491271      1.376718      1.205710      1.608975      1.108775      1.050570      1.145537      1.096954 
     1.471061      1.336159      1.494126      1.376806      1.204676      1.613001      1.099290      1.045844      1.157121      1.090788 
     1.478488      1.334836      1.496577      1.376855      1.203658      1.616147      1.090759      1.046801      1.165198      1.086239 
     1.485288      1.333789      1.498611      1.376849      1.202701      1.618367      1.083879      1.053308      1.169313      1.083667 
     1.491404      1.333029      1.500228      1.376773      1.201846      1.619649      1.079220      1.064632      1.169286      1.083236 
     1.496814      1.332561      1.501435      1.376613      1.201130      1.620007      1.077191      1.079615      1.165203      1.084928 
     1.501509      1.332389      1.502240      1.376360      1.200582      1.619484      1.077967      1.096843      1.157383      1.088519 
     1.505499      1.332517      1.502657      1.376004      1.200227      1.618133      1.081468      1.114846      1.146386      1.093632 
     1.508805      1.332941      1.502696      1.375543      1.200083      1.616017      1.087375      1.132239      1.132998      1.099771 
     1.511451      1.333660      1.502364      1.374973      1.200163      1.613205      1.095161      1.147805      1.118229      1.106359 
     1.513466      1.334666      1.501667      1.374298      1.200472      1.609768      1.104152      1.160553      1.103270      1.112824 
     1.514878      1.335950      1.500606      1.373524      1.201011      1.605773      1.113617      1.169744      1.089412      1.118631 
     1.515715      1.337500      1.499177      1.372663      1.201772      1.601278      1.122826      1.174890      1.077929      1.123331 
     1.516001      1.339303      1.497379      1.371727      1.202739      1.596337      1.131098      1.175727      1.069958      1.126600 
     1.515754      1.341344      1.495215      1.370735      1.203895      1.590993      1.137854      1.172217      1.066333      1.128242 
     1.514986      1.343604      1.492698      1.369708      1.205214      1.585289      1.142632      1.164539      1.067464      1.128193 
     1.513698      1.346064      1.489852      1.368668      1.206668      1.579265      1.145098      1.153092      1.073275      1.126524 
     1.511888      1.348701      1.486718      1.367644      1.208222      1.572966      1.145060      1.138515      1.083225      1.123435 
     1.509547      1.351489      1.483354      1.366661      1.209838      1.566435      1.142470      1.121707      1.096377      1.119223 
     1.506661      1.354394      1.479822      1.365751      1.211473      1.559721      1.137449      1.103831      1.111533      1.114258 
     1.503217      1.357383      1.476193      1.364941      1.213083      1.552866      1.130276      1.086263      1.127405      1.108964 
     1.499199      1.360419      1.472527      1.364261      1.214624      1.545907      1.121390      1.070489      1.142736      1.103765 
     1.494597      1.363469      1.468874      1.363734      1.216053      1.538873      1.111368      1.057942      1.156441      1.099078 
     1.489404      1.366503      1.465272      1.363383      1.217334      1.531786      1.100902      1.049829      1.167635      1.095264 
     1.483623      1.369495      1.461748      1.363221      1.218434      1.524667      1.090763      1.046943      1.175662      1.092611 
     1.477269      1.372422      1.458313      1.363262      1.219329      1.517547      1.081758      1.049544      1.180070      1.091321 
     1.470377      1.375265      1.454977      1.363513      1.219994      1.510475      1.074646      1.057307      1.180618      1.091516 
     1.463005      1.378005      1.451745      1.363975      1.220413      1.503521      1.070078      1.069389      1.177237      1.093210 
     1.455232      1.380622      1.448622      1.364645      1.220570      1.496779      1.068539      1.084590      1.170040      1.096303 
     1.447168      1.383091      1.445616      1.365514      1.220456      1.490371      1.070233      1.101491      1.159369      1.100599 
     1.438943      1.385385      1.442737      1.366566      1.220072      1.484434      1.075048      1.118628      1.145810      1.105810 
     1.430703      1.387474      1.439998      1.367773      1.219421      1.479110      1.082547      1.134631      1.130215      1.111576 
     1.422608      1.389332      1.437409      1.369100      1.218520      1.474531      1.092027      1.148337      1.113681      1.117475 
     1.414807      1.390934      1.434983      1.370505      1.217394      1.470800      1.102612      1.158857      1.097491      1.123072 
     1.407442      1.392261      1.432725      1.371943      1.216072      1.467984      1.113382      1.165615      1.082985      1.127951 
     1.400625      1.393301      1.430638      1.373370      1.214589      1.466110      1.123481      1.168340      1.071400      1.131741 
     1.394441      1.394051      1.428723      1.374742      1.212980      1.465170      1.132194      1.167044      1.063702      1.134155 
     1.388948      1.394508      1.426982      1.376022      1.211283      1.465130      1.138988      1.161977      1.060448      1.135003 
     1.384177      1.394676      1.425420      1.377178      1.209532      1.465938      1.143519      1.153589      1.061719      1.134204 
     1.380141      1.394560      1.424041      1.378181      1.207759      1.467534      1.145625      1.142504      1.067130      1.131791 
     1.376836      1.394165      1.422848      1.379010      1.205993      1.469853      1.145300      1.129480      1.075917      1.127908 
     1.374246      1.393499      1.421842      1.379647      1.204264      1.472824      1.142678      1.115396      1.087065      1.122804 
     1.372346      1.392567      1.421019      1.380078      1.202595      1.476369      1.138013      1.101212      1.099461      1.116815 
     1.371105      1.391377      1.420371      1.380292      1.201010      1.480407      1.131660      1.087932      1.112015      1.110339 
     1.370487      1.389934      1.419884      1.380282      1.199526      1.484856      1.124057      1.076526      1.123758      1.103813 
     1.370455      1.388243      1.419542      1.380042      1.198158      1.489639      1.115703      1.067861      1.133882      1.097684 
     1.370978      1.386308      1.419324      1.379567      1.196917      1.494685      1.107135      1.062612      1.141756      1.092382 
     1.372032      1.384130      1.419214      1.378850      1.195812      1.499943      1.098917      1.061193      1.146926      1.088284 
     1.373601      1.381712      1.419195      1.377887      1.194849      1.505376      1.091616      1.063707      1.149102      1.085693 
     1.375683      1.379053      1.419256      1.376671      1.194033      1.510964      1.085766      1.069941      1.148140      1.084805 
     1.378290      1.376155      1.419387      1.375193      1.193365      1.516704      1.081833      1.079406      1.144050      1.085730 
     1.381434      1.373028      1.419584      1.373446      1.192848      1.522600      1.080178      1.091355      1.137015      1.088427 
     1.385138      1.369685      1.419842      1.371427      1.192480      1.528659      1.080997      1.104887      1.127406      1.092733 
     1.389424      1.366151      1.420160      1.369138      1.192257      1.534882      1.084288      1.118995      1.115827      1.098351 
     1.394305      1.362464      1.420529      1.366588      1.192171      1.541262      1.089840      1.132654      1.103119      1.104865 
     1.399781      1.358673      1.420939      1.363801      1.192208      1.547775      1.097234      1.144871      1.090367      1.111779 
     1.405838      1.354845      1.421372      1.360809      1.192349      1.554386      1.105877      1.154752      1.078840      1.118577 
     1.412430      1.351055      1.421802      1.357660      1.192568      1.561038      1.115043      1.161554      1.069823      1.124743 
     1.419499      1.347381      1.422202      1.354410      1.192836      1.567669      1.123974      1.164748      1.064446      1.129826 
     1.426965      1.343902      1.422539      1.351123      1.193121      1.574209      1.131931      1.164036      1.063460      1.133468 
     1.434729      1.340691      1.422793      1.347868      1.193390      1.580590      1.138272      1.159386      1.067114      1.135441 
     1.442681      1.337810      1.422954      1.344712      1.193611      1.586752      1.142511      1.151058      1.075097      1.135663 
     1.450699      1.335311      1.423024      1.341721      1.193755      1.592647      1.144333      1.139594      1.086603      1.134197 
     1.458657      1.333230      1.423018      1.338954      1.193800      1.598222      1.143613      1.125783      1.100490      1.131222 
     1.466438      1.331589      1.422953      1.336463      1.193728      1.603430      1.140400      1.110626      1.115466      1.127010 
     1.473931      1.330394      1.422853      1.334287      1.193530      1.608228      1.134918      1.095282      1.130277      1.121903 
     1.481043      1.329638      1.422735      1.332454      1.193204      1.612571      1.127534      1.080982      1.143821      1.116278 
     1.487703      1.329308      1.422612      1.330980      1.192753      1.616423      1.118728      1.068907      1.155222      1.110517 
     1.493857      1.329383      1.422488      1.329875      1.192186      1.619750      1.109075      1.060085      1.163849      1.105003 
     1.499472      1.329844      1.422366      1.329143      1.191516      1.622527      1.099216      1.055287      1.169295      1.100117 
     1.504535      1.330671      1.422241      1.328785      1.190758      1.624736      1.089829      1.054938      1.171320      1.096185 
     1.509046      1.331850      1.422105      1.328804      1.189928      1.626367      1.081607      1.059077      1.169818      1.093485 
     1.513014      1.333373      1.421946      1.329200      1.189047      1.627415      1.075227      1.067365      1.164799      1.092227 
     1.516452      1.335236      1.421747      1.329980      1.188138      1.627880      1.071294      1.079149      1.156394      1.092543 
     1.519377      1.337437      1.421489      1.331152      1.187227      1.627766      1.070286      1.093533      1.144886      1.094482 
     1.521804      1.339979      1.421143      1.332724      1.186346      1.627079      1.072487      1.109470      1.130755      1.097988 
     1.523745      1.342862      1.420679      1.334703      1.185532      1.625825      1.077929      1.125845      1.114741      1.102896 
     1.525210      1.346084      1.420060      1.337091      1.184829      1.624010      1.086364      1.141537      1.097896      1.108937 
     1.526203      1.349634      1.419241      1.339880      1.184282      1.621648      1.097261      1.155461      1.081586      1.115699 
     1.526728      1.353490      1.418184      1.343052      1.183940      1.618759      1.109830      1.166630      1.067450      1.122695 
     1.526781      1.357616      1.416859      1.346571      1.183852      1.615374      1.123098      1.174194      1.057221      1.129372 
     1.526363      1.361964      1.415256      1.350383      1.184058      1.611546      1.135994      1.177506      1.052422      1.135144 
     1.525477      1.366467      1.413401      1.354414      1.184590      1.607351      1.147444      1.176174      1.054036      1.139464 
     1.524131      1.371046      1.411347      1.358568      1.185462      1.602897      1.156469      1.170130      1.062202      1.141892 
     1.522342      1.375603      1.409185      1.362735      1.186670      1.598313      1.162284      1.159685      1.076116      1.142159 
     1.520138      1.380036      1.407015      1.366799      1.188187      1.593738      1.164373      1.145555      1.094173      1.140218 
     1.517553      1.384246      1.404936      1.370647      1.189967      1.589300      1.162558      1.128847      1.114271      1.136237 
     1.514631      1.388147      1.403030      1.374180      1.191948      1.585090      1.157010      1.110971      1.134253      1.130590 
     1.511408      1.391675      1.401356      1.377329      1.194062      1.581156      1.148214      1.093480      1.152224      1.123786 
     1.507920      1.394795      1.399951      1.380049      1.196247      1.577493      1.136888      1.077884      1.166786      1.116436 
     1.504188      1.397496      1.398829      1.382322      1.198443      1.574057      1.123924      1.065502      1.177049      1.109151 
     1.500224      1.399788      1.397984      1.384154      1.200603      1.570788      1.110307      1.057309      1.182561      1.102476 
     1.496035      1.401693      1.397406      1.385562      1.202690      1.567611      1.097051      1.053845      1.183229      1.096878 
     1.491625      1.403238      1.397080      1.386569      1.204674      1.564458      1.085145      1.055180      1.179223      1.092710 
     1.487000      1.404454      1.396997      1.387201      1.206531      1.561269      1.075495      1.060930      1.170926      1.090206 
     1.482175      1.405369      1.397149      1.387479      1.208242      1.558005      1.068852      1.070349      1.158908      1.089461 
     1.477171      1.406007      1.397529      1.387427      1.209788      1.554642      1.065736      1.082440      1.143929      1.090418 
     1.472020      1.406391      1.398133      1.387066      1.211152      1.551178      1.066367      1.096085      1.126965      1.092909 
     1.466765      1.406543      1.398961      1.386417      1.212317      1.547625      1.070610      1.110146      1.109206      1.096652 
     1.461461      1.406483      1.400004      1.385503      1.213268      1.544006      1.078009      1.123567      1.092022      1.101266 
     1.456169      1.406229      1.401251      1.384348      1.213992      1.540357      1.087834      1.135442      1.076873      1.106322 
     1.450957      1.405800      1.402687      1.382978      1.214483      1.536716      1.099175      1.145040      1.065164      1.111389 
     1.445889      1.405211      1.404289      1.381425      1.214737      1.533125      1.111069      1.151839      1.058025      1.116060 
     1.441029      1.404477      1.406037      1.379717      1.214756      1.529624      1.122583      1.155520      1.056154      1.120000 
     1.436432      1.403611      1.407913      1.377884      1.214547      1.526261      1.132889      1.155960      1.059679      1.122964 
     1.432146      1.402621      1.409908      1.375954      1.214121      1.523083      1.141317      1.153220      1.068150      1.124798 
     1.428209      1.401514      1.412020      1.373955      1.213496      1.520134      1.147359      1.147523      1.080635      1.125429 
     1.424651      1.400293      1.414255      1.371911      1.212691      1.517455      1.150693      1.139267      1.095878      1.124868 
     1.421489      1.398961      1.416618      1.369849      1.211729      1.515072      1.151169      1.129001      1.112497      1.123193 
     1.418731      1.397517      1.419120      1.367786      1.210634      1.512999      1.148802      1.117410      1.129145      1.120549 
     1.416371      1.395957      1.421766      1.365740      1.209434      1.511233      1.143766      1.105284      1.144633      1.117126 
     1.414393      1.394276      1.424557      1.363725      1.208157      1.509755      1.136373      1.093481      1.157979      1.113155 
     1.412772      1.392463      1.427495      1.361747      1.206829      1.508534      1.127063      1.082874      1.168438      1.108904 
     1.411476      1.390506      1.430579      1.359809      1.205478      1.507532      1.116391      1.074290      1.175472      1.104664 
     1.410471      1.388390      1.433806      1.357911      1.204128      1.506706      1.105012      1.068433      1.178720      1.100739 
     1.409721      1.386096      1.437173      1.356051      1.202805      1.506015      1.093673      1.065815      1.177980      1.097428 
     1.409197      1.383606      1.440678      1.354223      1.201531      1.505428      1.083185      1.066703      1.173187      1.095017 
     1.408872      1.380899      1.444314      1.352421      1.200330      1.504918      1.074382      1.071084      1.164408      1.093766 
     1.408729      1.377956      1.448074      1.350639      1.199226      1.504475      1.068064      1.078674      1.151869      1.093877 
     1.408761      1.374758      1.451941      1.348872      1.198242      1.504100      1.064906      1.088933      1.136021      1.095491 
     1.408970      1.371295      1.455886      1.347117      1.197405      1.503806      1.065378      1.101115      1.117589      1.098643 
     1.409366      1.367567      1.459862      1.345377      1.196740      1.503614      1.069650      1.114336      1.097638      1.103245 
     1.409969      1.363588      1.463800      1.343659      1.196269      1.503552      1.077535      1.127630      1.077603      1.109065 
     1.410800      1.359388      1.467611      1.341974      1.196010      1.503648      1.088495      1.140022      1.059270      1.115727 
     1.411875      1.355014      1.471194      1.340339      1.195974      1.503930      1.101684      1.150604      1.044590      1.122730 
     1.413206      1.350528      1.474448      1.338775      1.196163      1.504429      1.116053      1.158598      1.035399      1.129477 
     1.414794      1.346004      1.477289      1.337306      1.196565      1.505186      1.130468      1.163417      1.033062      1.135362 
     1.416622      1.341526      1.479663      1.335955      1.197160      1.506238      1.143821      1.164666      1.038117      1.139799 
     1.418660      1.337187      1.481548      1.334750      1.197914      1.507639      1.155114      1.162204      1.050130      1.142306 
     1.420863      1.333079      1.482956      1.333715      1.198784      1.509436      1.163543      1.156149      1.067768      1.142567 
     1.423172      1.329292      1.483918      1.332870      1.199720      1.511665      1.168535      1.146872      1.089073      1.140457 
     1.425515      1.325906      1.484479      1.332229      1.200669      1.514336      1.169774      1.135025      1.111847      1.136068 
     1.427818      1.322986      1.484682      1.331806      1.201577      1.517428      1.167214      1.121490      1.133980      1.129687 
     1.430004      1.320577      1.484569      1.331607      1.202396      1.520892      1.161061      1.107302      1.153694      1.121783 
     1.432002      1.318703      1.484176      1.331635      1.203084      1.524655      1.151756      1.093588      1.169650      1.112958 
     1.433749      1.317367      1.483531      1.331888      1.203610      1.528629      1.139928      1.081454      1.180945      1.103887 
     1.435190      1.316564      1.482653      1.332361      1.203954      1.532724      1.126346      1.071870      1.187064      1.095271 
     1.436278      1.316275      1.481554      1.333050      1.204104      1.536853      1.111901      1.065603      1.187807      1.087781 
     1.436981      1.316479      1.480240      1.333951      1.204052      1.540943      1.097576      1.063131      1.183234      1.082013 
     1.437271      1.317153      1.478710      1.335061      1.203800      1.544932      1.084392      1.064592      1.173627      1.078433 
     1.437133      1.318272      1.476959      1.336378      1.203354      1.548775      1.073356      1.069784      1.159486      1.077359 
     1.436562      1.319812      1.474979      1.337900      1.202723      1.552436      1.065379      1.078197      1.141561      1.078900 
     1.435562      1.321746      1.472762      1.339623      1.201923      1.555890      1.061166      1.089083      1.120896      1.082946 
     1.434150      1.324044      1.470298      1.341543      1.200972      1.559116      1.061113      1.101532      1.098859      1.089188 
     1.432355      1.326674      1.467588      1.343650      1.199894      1.562097      1.065227      1.114573      1.077142      1.097149 
     1.430216      1.329595      1.464631      1.345934      1.198719      1.564818      1.073112      1.127255      1.057668      1.106218 
     1.427780      1.332766      1.461438      1.348380      1.197477      1.567269      1.084036      1.138720      1.042392      1.115728 
     1.425101      1.336144      1.458029      1.350975      1.196203      1.569446      1.097033      1.148241      1.033024      1.125030 
     1.422235      1.339683      1.454434      1.353703      1.194932      1.571367      1.111023      1.155255      1.030720      1.133545 
     1.419235      1.343340      1.450701      1.356549      1.193700      1.573068      1.124928      1.159363      1.035842      1.140804 
     1.416152      1.347070      1.446895      1.359499      1.192542      1.574605      1.137756      1.160326      1.047874      1.146451 
     1.413038      1.350828      1.443092      1.362537      1.191490      1.576051      1.148657      1.158093      1.065539      1.150221 
     1.409943      1.354568      1.439379      1.365646      1.190577      1.577479      1.156943      1.152791      1.087065      1.151944 
     1.406910      1.358240      1.435845      1.368805      1.189832      1.578951      1.162104      1.144718      1.110487      1.151563 
     1.403982      1.361797      1.432573      1.371995      1.189280      1.580502      1.163823      1.134362      1.133894      1.149086 
     1.401193      1.365193      1.429633      1.375199      1.188939      1.582139      1.161986      1.122388      1.155618      1.144614 
     1.398568      1.368389      1.427077      1.378403      1.188822      1.583845      1.156682      1.109611      1.174318      1.138348 
     1.396123      1.371351      1.424943      1.381595      1.188940      1.585576      1.148184      1.096961      1.189005      1.130582 
     1.393866      1.374054      1.423249      1.384773      1.189294      1.587267      1.136947      1.085410      1.198997      1.121711 
     1.391797      1.376480      1.421998      1.387936      1.189880      1.588836      1.123612      1.075895      1.203871      1.112224 
     1.389912      1.378615      1.421181      1.391084      1.190692      1.590193      1.108993      1.069244      1.203434      1.102695 
     1.388209      1.380451      1.420783      1.394222      1.191720      1.591240      1.094073      1.066070      1.197689      1.093762 
     1.386687      1.381983      1.420780      1.397355      1.192949      1.591884      1.079968      1.066688      1.186836      1.086103 
     1.385352      1.383210      1.421144      1.400485      1.194362      1.592030      1.067867      1.071075      1.171294      1.080390 
     1.384219      1.384134      1.421845      1.403611      1.195935      1.591594      1.058904      1.078839      1.151769      1.077243 
     1.383317      1.384761      1.422850      1.406727      1.197636      1.590505      1.054051      1.089298      1.129292      1.077105 
     1.382686      1.385099      1.424120      1.409820      1.199429      1.588709      1.053929      1.101558      1.105283      1.080156 
     1.382378      1.385164      1.425610      1.412868      1.201264      1.586176      1.058640      1.114565      1.081593      1.086324 
     1.382451      1.384975      1.427263      1.415843      1.203090      1.582913      1.067737      1.127245      1.060390      1.095203 
     1.382961      1.384561      1.429017      1.418710      1.204847      1.578960      1.080273      1.138607      1.043889      1.106072 
     1.383953      1.383955      1.430809      1.421432      1.206476      1.574394      1.094951      1.147813      1.033989      1.118009 
     1.385453      1.383193      1.432581      1.423975      1.207923      1.569329      1.110339      1.154247      1.031831      1.129991 
     1.387468      1.382311      1.434296      1.426307      1.209141      1.563905      1.125082      1.157542      1.037528      1.141021 
     1.389979      1.381345      1.435938      1.428403      1.210095      1.558276      1.138011      1.157571      1.050137      1.150243 
     1.392947      1.380324      1.437505      1.430241      1.210760      1.552593      1.148219      1.154429      1.067924      1.157002 
     1.396322      1.379275      1.439005      1.431806      1.211124      1.546991      1.155125      1.148421      1.088751      1.160872 
     1.400036      1.378217      1.440448      1.433088      1.211188      1.541577      1.158430      1.140026      1.110480      1.161658 
     1.404025      1.377164      1.441840      1.434078      1.210960      1.536427      1.158086      1.129851      1.131254      1.159382 
     1.408217      1.376123      1.443184      1.434769      1.210458      1.531584      1.154265      1.118608      1.149594      1.154246 
     1.412547      1.375097      1.444475      1.435159      1.209707      1.527062      1.147327      1.107072      1.164439      1.146597 
     1.416954      1.374084      1.445704      1.435242      1.208735      1.522853      1.137779      1.096038      1.175092      1.136910 
     1.421379      1.373076      1.446855      1.435012      1.207573      1.518929      1.126270      1.086280      1.181158      1.125766 
     1.425771      1.372066      1.447915      1.434461      1.206256      1.515250      1.113564      1.078497      1.182476      1.113835 
     1.430079      1.371044      1.448865      1.433576      1.204816      1.511770      1.100524      1.073250      1.179091      1.101857 
     1.434262      1.370000      1.449688      1.432337      1.203291      1.508441      1.088096      1.070922      1.171228      1.090616 
     1.438279      1.368923      1.450366      1.430725      1.201719      1.505220      1.077245      1.071671      1.159306      1.080889 
     1.442098      1.367802      1.450877      1.428718      1.200138      1.502076      1.068886      1.075407      1.143958      1.073391 
     1.445692      1.366626      1.451196      1.426294      1.198589      1.498993      1.063787      1.081806      1.126082      1.068700 
     1.449042      1.365386      1.451297      1.423429      1.197115      1.495976      1.062451      1.090334      1.106865      1.067186 
     1.452138      1.364076      1.451150      1.420107      1.195757      1.493056      1.065044      1.100308      1.087797      1.068955 
     1.454973      1.362693      1.450722      1.416320      1.194559      1.490285      1.071351      1.110956      1.070594      1.073819 
     1.457549      1.361236      1.449986      1.412069      1.193561      1.487741      1.080774      1.121476      1.057048      1.081327 
     1.459871      1.359711      1.448923      1.407367      1.192796      1.485516      1.092418      1.131102      1.048756      1.090800 
     1.461946      1.358129      1.447527      1.402241      1.192290      1.483716      1.105222      1.139162      1.046820      1.101446 
     1.463783      1.356506      1.445817      1.396735      1.192060      1.482457      1.118057      1.145106      1.051602      1.112433 
     1.465390      1.354859      1.443837      1.390906      1.192113      1.481856      1.129847      1.148546      1.062615      1.122975 
     1.466776      1.353213      1.441652      1.384823      1.192440      1.482025      1.139666      1.149271      1.078618      1.132372 
     1.467949      1.351593      1.439341      1.378566      1.193026      1.483056      1.146796      1.147261      1.097880      1.140056 
     1.468915      1.350026      1.436983      1.372220      1.193840      1.485012      1.150763      1.142687      1.118485      1.145607 
     1.469681      1.348538      1.434653      1.365874      1.194847      1.487916      1.151346      1.135895      1.138608      1.148757 
     1.470252      1.347154      1.432415      1.359605      1.196003      1.491753      1.148574      1.127380      1.156695      1.149402 
     1.470631      1.345895      1.430316      1.353484      1.197264      1.496468      1.142692      1.117757      1.171540      1.147582 
     1.470814      1.344781      1.428389      1.347573      1.198585      1.501978      1.134135      1.107722      1.182295      1.143483 
     1.470798      1.343826      1.426655      1.341926      1.199924      1.508176      1.123508      1.098010      1.188426      1.137406 
     1.470569      1.343047      1.425119      1.336587      1.201241      1.514940      1.111569      1.089346      1.189669      1.129766 
     1.470113      1.342455      1.423777      1.331597      1.202499      1.522136      1.099196      1.082392      1.185998      1.121075 
     1.469412      1.342066      1.422614      1.326994      1.203665      1.529626      1.087339      1.077685      1.177593      1.111930 
     1.468450      1.341889      1.421609      1.322808      1.204709      1.537271      1.076966      1.075590      1.164849      1.102996 
     1.467208      1.341939      1.420730      1.319069      1.205606      1.544935      1.068979      1.076250      1.148386      1.094955 
     1.465678      1.342227      1.419939      1.315807      1.206332      1.552487      1.064132      1.079573      1.129071      1.088457 
     1.463858      1.342768      1.419189      1.313045      1.206867      1.559801      1.062959      1.085268      1.108038      1.084053 
     1.461758      1.343572      1.418431      1.310810      1.207196      1.566766      1.065659      1.092863      1.086728      1.082150 
     1.459400      1.344649      1.417617      1.309123      1.207309      1.573280      1.072062      1.101747      1.066838      1.082960 
     1.456818      1.346007      1.416701      1.307999      1.207200      1.579259      1.081654      1.111241      1.050206      1.086446 
     1.454052      1.347653      1.415650      1.307447      1.206867      1.584631      1.093640      1.120639      1.038583      1.092312 
     1.451149      1.349592      1.414452      1.307470      1.206319      1.589351      1.107071      1.129302      1.033356      1.100056 
     1.448161      1.351826      1.413113      1.308060      1.205567      1.593403      1.120900      1.136635      1.035279      1.109024 
     1.445137      1.354350      1.411668      1.309208      1.204629      1.596801      1.134109      1.142154      1.044330      1.118507 
     1.442129      1.357154      1.410171      1.310892      1.203529      1.599585      1.145754      1.145490      1.059656      1.127781 
     1.439188      1.360223      1.408692      1.313081      1.202301      1.601805      1.155010      1.146392      1.079748      1.136173 
     1.436359      1.363534      1.407302      1.315733      1.200982      1.603512      1.161214      1.144769      1.102706      1.143098 
     1.433685      1.367055      1.406067      1.318798      1.199615      1.604748      1.163892      1.140688      1.126540      1.148103 
     1.431199      1.370753      1.405041      1.322216      1.198248      1.605539      1.162786      1.134387      1.149371      1.150857 
     1.428924      1.374590      1.404269      1.325923      1.196930      1.605888      1.157862      1.126262      1.169584      1.151198 
     1.426873      1.378529      1.403775      1.329852      1.195708      1.605783      1.149317      1.116855      1.185885      1.149104 
     1.425049      1.382531      1.403574      1.333941      1.194628      1.605193      1.137585      1.106841      1.197299      1.144692 
     1.423440      1.386564      1.403672      1.338123      1.193731      1.604069      1.123331      1.096962      1.203150      1.138232 
     1.422029      1.390595      1.404062      1.342339      1.193051      1.602352      1.107470      1.088009      1.203044      1.130127 
     1.420789      1.394597      1.404730      1.346532      1.192618      1.599977      1.091156      1.080760      1.196870      1.120910 
     1.419692      1.398538      1.405657      1.350643      1.192452      1.596875      1.075728      1.075874      1.184776      1.111200 
     1.418710      1.402391      1.406818      1.354617      1.192567      1.592982      1.062611      1.073829      1.167254      1.101693 
     1.417821      1.406129      1.408182      1.358402      1.192964      1.588253      1.053168      1.074860      1.145191      1.093109 
     1.417017      1.409728      1.409711      1.361952      1.193636      1.582662      1.048493      1.078899      1.119920      1.086105 
     1.416306      1.413162      1.411363      1.365222      1.194562      1.576214      1.049212      1.085593      1.093291      1.081233 
     1.415713      1.416408      1.413087      1.368180      1.195710      1.568953      1.055347      1.094347      1.067616      1.078854 
     1.415280      1.419445      1.414832      1.370797      1.197036      1.560958      1.066288      1.104396      1.045500      1.079087 
     1.415053      1.422257      1.416543      1.373061      1.198490      1.552345      1.080916      1.114891      1.029530      1.081765 
     1.415078      1.424833      1.418175      1.374972      1.200014      1.543266      1.097801      1.125000      1.021717      1.086531 
     1.415392      1.427163      1.419700      1.376539      1.201548      1.533901      1.115429      1.133980      1.023061      1.092883 
     1.416015      1.429245      1.421117      1.377784      1.203036      1.524463      1.132368      1.141218      1.033295      1.100257 
     1.416956      1.431076      1.422450      1.378732      1.204419      1.515178      1.147383      1.146269      1.050964      1.108042 
     1.418204      1.432657      1.423743      1.379416      1.205649      1.506276      1.159506      1.148868      1.073801      1.115631 
     1.419737      1.433987      1.425048      1.379869      1.206678      1.497975      1.168056      1.148931      1.099232      1.122506 
     1.421522      1.435068      1.426408      1.380128      1.207473      1.490452      1.172632      1.146550      1.124812      1.128225 
     1.423523      1.435901      1.427858      1.380229      1.208008      1.483839      1.173096      1.141974      1.148494      1.132453 
     1.425698      1.436486      1.429427      1.380204      1.208269      1.478216      1.169539      1.135582      1.168728      1.134964 
     1.428008      1.436823      1.431128      1.380085      1.208249      1.473620      1.162245      1.127855      1.184447      1.135662 
     1.430415      1.436909      1.432972      1.379897      1.207951      1.470052      1.151662      1.119344      1.194988      1.134563 
     1.432876      1.436738      1.434960      1.379662      1.207385      1.467484      1.138401      1.110656      1.199988      1.131790 
     1.435351      1.436300      1.437090      1.379399      1.206563      1.465869      1.123231      1.102415      1.199331      1.127557 
     1.437795      1.435582      1.439352      1.379121      1.205506      1.465143      1.107093      1.095236      1.193103      1.122165 
     1.440162      1.434570      1.441731      1.378839      1.204237      1.465226      1.091070      1.089675      1.181612      1.116017 
     1.442402      1.433250      1.444201      1.378560      1.202786      1.466031      1.076355      1.086177      1.165389      1.109581 
     1.444468      1.431604      1.446729      1.378289      1.201190      1.467459      1.064165      1.085024      1.145242      1.103370 
     1.446318      1.429618      1.449267      1.378029      1.199492      1.469406      1.055599      1.086301      1.122308      1.097906 
     1.447921      1.427277      1.451755      1.377780      1.197738      1.471764      1.051482      1.089876      1.098072      1.093670 
     1.449257      1.424572      1.454123      1.377539      1.195978      1.474429      1.052223      1.095419      1.074355      1.091050 
     1.450324      1.421495      1.456296      1.377303      1.194262      1.477307      1.057736      1.102453      1.053221      1.090289 
     1.451134      1.418041      1.458196      1.377068      1.192639      1.480318      1.067443      1.110398      1.036769      1.091455 
     1.451710      1.414212      1.459763      1.376827      1.191156      1.483400      1.080376      1.118634      1.026845      1.094438 
     1.452085      1.410009      1.460958      1.376574      1.189853      1.486522      1.095340      1.126560      1.024660      1.098960 
     1.452294      1.405442      1.461776      1.376302      1.188767      1.489684      1.111042      1.133619      1.030545      1.104618 
     1.452371      1.400525      1.462242      1.376006      1.187930      1.492915      1.126222      1.139330      1.043842      1.110933 
     1.452350      1.395286      1.462411      1.375683      1.187363      1.496264      1.139743      1.143303      1.063056      1.117394 
     1.452258      1.389765      1.462348      1.375329      1.187083      1.499785      1.150649      1.145268      1.086156      1.123511 
     1.452120      1.384006      1.462121      1.374943      1.187094      1.503525      1.158213      1.145075      1.110907      1.128835 
     1.451954      1.378066      1.461792      1.374527      1.187394      1.507514      1.161964      1.142724      1.135201      1.132998 
     1.451769      1.372000      1.461408      1.374083      1.187965      1.511760      1.161668      1.138338      1.157261      1.135742 
     1.451567      1.365863      1.461000      1.373615      1.188785      1.516251      1.157332      1.132164      1.175705      1.136916 
     1.451339      1.359708      1.460591      1.373131      1.189821      1.520958      1.149209      1.124575      1.189511      1.136462 
     1.451074      1.353581      1.460191      1.372636      1.191044      1.525837      1.137799      1.116067      1.197980      1.134420 
     1.450746      1.347532      1.459801      1.372135      1.192415      1.530824      1.123786      1.107190      1.200722      1.130935 
     1.450322      1.341611      1.459412      1.371634      1.193895      1.535841      1.108090      1.098562      1.197587      1.126233 
     1.449762      1.335873      1.459014      1.371140      1.195444      1.540794      1.091823      1.090806      1.188677      1.120630 
     1.449020      1.330378      1.458586      1.370656      1.197018      1.545570      1.076267      1.084524      1.174353      1.114512 
     1.448048      1.325189      1.458105      1.370186      1.198575      1.550049      1.062817      1.080260      1.155266      1.108310 
     1.446803      1.320371      1.457541      1.369732      1.200070      1.554101      1.052787      1.078395      1.132408      1.102462 
     1.445252      1.315991      1.456859      1.369299      1.201463      1.557602      1.047266      1.079140      1.107174      1.097404 
     1.443382      1.312109      1.456022      1.368888      1.202713      1.560435      1.046908      1.082483      1.081370      1.093520 
     1.441200      1.308784      1.454989      1.368504      1.203788      1.562506      1.051808      1.088183      1.057154      1.091101 
     1.438734      1.306064      1.453721      1.368150      1.204656      1.563748      1.061496      1.095818      1.036884      1.090329 
     1.436027      1.303984      1.452189      1.367830      1.205297      1.564128      1.075072      1.104852      1.022804      1.091254 
     1.433136      1.302576      1.450374      1.367549      1.205691      1.563654      1.091294      1.114645      1.016692      1.093830 
     1.430116      1.301859      1.448278      1.367312      1.205829      1.562379      1.108807      1.124536      1.019469      1.097920 
     1.427026      1.301845      1.445926      1.367125      1.205709      1.560403      1.126266      1.133865      1.030994      1.103313 
     1.423920      1.302538      1.443366      1.366997      1.205333      1.557865      1.142425      1.142017      1.050086      1.109729 
     1.420850      1.303931      1.440666      1.366936      1.204712      1.554930      1.156179      1.148432      1.074813      1.116822 
     1.417865      1.306005      1.437905      1.366952      1.203865      1.551774      1.166626      1.152659      1.102863      1.124185 
     1.415007      1.308729      1.435162      1.367055      1.202821      1.548564      1.173090      1.154364      1.131902      1.131350 
     1.412312      1.312061      1.432517      1.367253      1.201614      1.545442      1.175116      1.153357      1.159842      1.137843 
     1.409808      1.315948      1.430038      1.367550      1.200289      1.542522      1.172488      1.149607      1.184960      1.143212 
     1.407509      1.320336      1.427781      1.367954      1.198892      1.539883      1.165207      1.143232      1.205890      1.147046 
     1.405424      1.325167      1.425795      1.368465      1.197476      1.537568      1.153511      1.134514      1.221607      1.149009 
     1.403553      1.330384      1.424121      1.369085      1.196095      1.535586      1.137890      1.123899      1.231350      1.148847 
     1.401888      1.335923      1.422799      1.369814      1.194808      1.533914      1.119143      1.112014      1.234576      1.146420 
     1.400415      1.341719      1.421861      1.370651      1.193675      1.532496      1.098408      1.099659      1.230930      1.141705 
     1.399113      1.347693      1.421337      1.371591      1.192759      1.531241      1.077212      1.087794      1.220276      1.134829 
     1.397957      1.353757      1.421249      1.372628      1.192120      1.530029      1.057438      1.077483      1.202776      1.126108 
     1.396921      1.359812      1.421608      1.373752      1.191817      1.528719      1.041170      1.069776      1.178974      1.116052 
     1.395986      1.365749      1.422407      1.374952      1.191897      1.527162      1.030414      1.065577      1.149950      1.105373 
     1.395151      1.371451      1.423612      1.376215      1.192390      1.525222      1.026694      1.065481      1.117428      1.094956 
     1.394431      1.376801      1.425161      1.377528      1.193306      1.522796      1.030659      1.069642      1.083851      1.085776 
     1.393863      1.381690      1.426960      1.378879      1.194629      1.519832      1.041879      1.077721      1.052302      1.078774 
     1.393494      1.386030      1.428893      1.380258      1.196317      1.516336      1.058931      1.088938      1.026198      1.074702 
     1.393376      1.389758      1.430840      1.381658      1.198305      1.512367      1.079749      1.102208      1.008690      1.073977 
     1.393550      1.392848      1.432708      1.383077      1.200517      1.508036      1.102065      1.116325      1.001946      1.076628 
     1.394050      1.395298      1.434450      1.384512      1.202864      1.503490      1.123774      1.130119      1.006556      1.082295 
     1.394891      1.397129      1.436079      1.385964      1.205257      1.498909      1.143135      1.142563      1.021375      1.090317 
     1.396076      1.398379      1.437647      1.387432      1.207607      1.494479      1.158854      1.152839      1.043902      1.099847 
     1.397593      1.399096      1.439231      1.388913      1.209830      1.490376      1.170088      1.160366      1.070969      1.109973 
     1.399421      1.399338      1.440901      1.390403      1.211857      1.486739      1.176415      1.164804      1.099428      1.119829 
     1.401529      1.399164      1.442710      1.391896      1.213629      1.483664      1.177784      1.166053      1.126624      1.128674 
     1.403888      1.398632      1.444690      1.393387      1.215105      1.481200      1.174440      1.164212      1.150581      1.135943 
     1.406463      1.397799      1.446851      1.394869      1.216261      1.479356      1.166851      1.159535      1.169991      1.141260 
     1.409223      1.396712      1.449192      1.396339      1.217084      1.478109      1.155652      1.152390      1.184093      1.144424 
     1.412135      1.395412      1.451700      1.397789      1.217570      1.477414      1.141627      1.143241      1.192533      1.145375 
     1.415162      1.393934      1.454354      1.399211      1.217721      1.477211      1.125700      1.132643      1.195247      1.144172 
     1.418267      1.392307      1.457126      1.400595      1.217547      1.477428      1.108917      1.121221      1.192390      1.140979 
     1.421403      1.390556      1.459984      1.401927      1.217061      1.477982      1.092422      1.109658      1.184305      1.136056 
     1.424522      1.388701      1.462887      1.403192      1.216279      1.478784      1.077418      1.098677      1.171512      1.129738 
     1.427573      1.386765      1.465789      1.404371      1.215222      1.479742      1.065098      1.089017      1.154724      1.122421 
     1.430505      1.384768      1.468632      1.405442      1.213911      1.480770      1.056512      1.081363      1.134887      1.114557 
     1.433278      1.382727      1.471358      1.406379      1.212373      1.481783      1.052409      1.076296      1.113192      1.106637 
     1.435867      1.380660      1.473900      1.407153      1.210639      1.482710      1.053137      1.074221      1.091086      1.099152 
     1.438267      1.378582      1.476187      1.407736      1.208740      1.483494      1.058591      1.075326      1.070241      1.092574 
     1.440493      1.376509      1.478147      1.408098      1.206712      1.484098      1.068229      1.079555      1.052453      1.087320 
     1.442578      1.374454      1.479711      1.408208      1.204589      1.484505      1.081158      1.086600      1.039457      1.083731 
     1.444567      1.372432      1.480825      1.408033      1.202408      1.484722      1.096269      1.095942      1.032677      1.082048 
     1.446514      1.370453      1.481447      1.407541      1.200207      1.484788      1.112353      1.106903      1.032969      1.082406 
     1.448474      1.368531      1.481561      1.406701      1.198028      1.484771      1.128211      1.118704      1.040433      1.084816 
     1.450494      1.366678      1.481167      1.405482      1.195914      1.484776      1.142727      1.130520      1.054365      1.089162 
     1.452609      1.364909      1.480281      1.403859      1.193910      1.484934      1.154924      1.141543      1.073382      1.095192 
     1.454848      1.363240      1.478931      1.401814      1.192062      1.485389      1.163995      1.151019      1.095672      1.102529 
     1.457223      1.361687      1.477148      1.399337      1.190416      1.486291      1.169337      1.158300      1.119255      1.110696 
     1.459733      1.360264      1.474969      1.396426      1.189012      1.487775      1.170577      1.162874      1.142248      1.119154 
     1.462366      1.358983      1.472430      1.393085      1.187883      1.489953      1.167580      1.164388      1.163007      1.127349 
     1.465099      1.357855      1.469563      1.389330      1.187057      1.492905      1.160452      1.162667      1.180179      1.134742 
     1.467900      1.356887      1.466395      1.385185      1.186549      1.496682      1.149551      1.157716      1.192729      1.140848 
     1.470723      1.356085      1.462956      1.380681      1.186366      1.501292      1.135506      1.149731      1.199929      1.145267 
     1.473513      1.355452      1.459274      1.375858      1.186506      1.506712      1.119233      1.139108      1.201339      1.147709 
     1.476200      1.354992      1.455378      1.370773      1.186954      1.512866      1.101913      1.126450      1.196799      1.147992 
     1.478702      1.354703      1.451304      1.365491      1.187684      1.519637      1.084969      1.112565      1.186453      1.146078 
     1.480935      1.354584      1.447088      1.360094      1.188660      1.526865      1.069953      1.098439      1.170791      1.142074 
     1.482816      1.354626      1.442765      1.354671      1.189835      1.534355      1.058371      1.085174      1.150673      1.136239 
     1.484272      1.354818      1.438367      1.349317      1.191155      1.541890      1.051453      1.073888      1.127365      1.128981 
     1.485253      1.355147      1.433912      1.344126      1.192557      1.549252      1.049937      1.065584      1.102510      1.120818 
     1.485735      1.355597      1.429407      1.339186      1.193980      1.556237      1.053915      1.061012      1.078079      1.112353 
     1.485717      1.356151      1.424840      1.334573      1.195362      1.562675      1.062856      1.060567      1.056233      1.104222 
     1.485221      1.356792      1.420190      1.330352      1.196646      1.568440      1.075729      1.064245      1.039105      1.097044 
     1.484278      1.357503      1.415430      1.326577      1.197784      1.573457      1.091207      1.071654      1.028514      1.091368 
     1.482925      1.358269      1.410540      1.323288      1.198732      1.577710      1.107889      1.082101      1.025648      1.087633 
     1.481198      1.359080      1.405521      1.320520      1.199453      1.581241      1.124444      1.094701      1.030826      1.086124 
     1.479128      1.359925      1.400401      1.318301      1.199916      1.584133      1.139684      1.108472      1.043470      1.086962 
     1.476744      1.360791      1.395242      1.316659      1.200096      1.586503      1.152609      1.122426      1.062228      1.090089 
     1.474070      1.361669      1.390129      1.315619      1.199978      1.588475      1.162416      1.135635      1.085249      1.095262 
     1.471129      1.362548      1.385166      1.315198      1.199552      1.590170      1.168499      1.147269      1.110490      1.102081 
     1.467945      1.363418      1.380460      1.315408      1.198817      1.591687      1.170455      1.156642      1.135976      1.110031 
     1.464536      1.364270      1.376114      1.316252      1.197783      1.593102      1.168094      1.163226      1.159954      1.118521 
     1.460920      1.365095      1.372224      1.317724      1.196470      1.594463      1.161426      1.166647      1.180972      1.126947 
     1.457110      1.365882      1.368874      1.319812      1.194906      1.595786      1.150679      1.166695      1.197883      1.134727 
     1.453117      1.366622      1.366142      1.322497      1.193133      1.597062      1.136317      1.163315      1.209811      1.141336 
     1.448950      1.367305      1.364093      1.325746      1.191200      1.598252      1.119087      1.156623      1.216116      1.146319 
     1.444618      1.367922      1.362788      1.329518      1.189170      1.599289      1.100051      1.146921      1.216377      1.149306 
     1.440132      1.368461      1.362273      1.333755      1.187116      1.600079      1.080614      1.134729      1.210406      1.150037 
     1.435509      1.368911      1.362578      1.338378      1.185123      1.600505      1.062477      1.120811      1.198304      1.148381 
     1.430771      1.369261      1.363713      1.343288      1.183284      1.600430      1.047502      1.106175      1.180528      1.144353 
     1.425949      1.369506      1.365649      1.348367      1.181691      1.599719      1.037439      1.092020      1.157978      1.138137 
     1.421092      1.369640      1.368327      1.353482      1.180436      1.598242      1.033594      1.079640      1.132044      1.130089 
     1.416264      1.369664      1.371641      1.358493      1.179592      1.595905      1.036513      1.070246      1.104615      1.120736 
     1.411546      1.369589      1.375457      1.363268      1.179211      1.592656      1.045824      1.064778      1.077974      1.110727 
     1.407040      1.369428      1.379615      1.367688      1.179321      1.588488      1.060336      1.063733      1.054594      1.100787 
     1.402855      1.369204      1.383957      1.371661      1.179920      1.583440      1.078325      1.067071      1.036789      1.091653 
     1.399099      1.368943      1.388339      1.375126      1.180982      1.577589      1.097893      1.074256      1.026324      1.084016 
     1.395873      1.368674      1.392659      1.378046      1.182463      1.571036      1.117270      1.084397      1.024083      1.078440 
     1.393263      1.368429      1.396855      1.380412      1.184307      1.563905      1.134976      1.096407      1.029898      1.075363 
     1.391340      1.368239      1.400903      1.382228      1.186452      1.556331      1.149871      1.109176      1.042632      1.075033 
     1.390151      1.368134      1.404808      1.383511      1.188831      1.548462      1.161150      1.121663      1.060473      1.077471 
     1.389728      1.368141      1.408587      1.384287      1.191374      1.540448      1.168314      1.132984      1.081319      1.082480 
     1.390077      1.368286      1.412266      1.384588      1.194010      1.532435      1.171130      1.142434      1.103100      1.089645 
     1.391190      1.368589      1.415865      1.384452      1.196674      1.524563      1.169607      1.149512      1.124003      1.098382 
     1.393037      1.369065      1.419404      1.383920      1.199305      1.516956      1.163968      1.153910      1.142585      1.108016 
     1.395571      1.369725      1.422895      1.383033      1.201848      1.509725      1.154635      1.155508      1.157770      1.117843 
     1.398734      1.370575      1.426344      1.381834      1.204256      1.502962      1.142217      1.154346      1.168824      1.127180 
     1.402451      1.371616      1.429752      1.380365      1.206488      1.496738      1.127507      1.150605      1.175326      1.135407 
     1.406640      1.372844      1.433113      1.378670      1.208509      1.491109      1.111479      1.144594      1.177107      1.142012 
     1.411207      1.374249      1.436417      1.376788      1.210289      1.486109      1.095264      1.136743      1.174220      1.146594 
     1.416051      1.375818      1.439646      1.374762      1.211807      1.481757      1.080096      1.127587      1.166929      1.148881 
     1.421067      1.377530      1.442780      1.372630      1.213045      1.478052      1.067226      1.117748      1.155718      1.148733 
     1.426154      1.379363      1.445792      1.370433      1.213993      1.474979      1.057786      1.107903      1.141283      1.146144 
     1.431218      1.381287      1.448651      1.368209      1.214646      1.472514      1.052640      1.098753      1.124536      1.141250 
     1.436183      1.383273      1.451319      1.365995      1.215006      1.470631      1.052244      1.090965      1.106610      1.134333 
     1.440990      1.385286      1.453755      1.363825      1.215079      1.469298      1.056579      1.085117      1.088830      1.125813 
     1.445605      1.387292      1.455912      1.361733      1.214879      1.468487      1.065149      1.081635      1.072614      1.116219 
     1.450013      1.389254      1.457746      1.359746      1.214418      1.468180      1.077080      1.080759      1.059377      1.106192 
     1.454214      1.391138      1.459213      1.357892      1.213715      1.468365      1.091262      1.082503      1.050366      1.096434 
     1.458220      1.392908      1.460279      1.356192      1.212793      1.469043      1.106501      1.086666      1.046503      1.087680 
     1.462051      1.394532      1.460922      1.354665      1.211673      1.470229      1.121635      1.092854      1.048214      1.080621 
     1.465727      1.395974      1.461133      1.353328      1.210382      1.471963      1.135621      1.100540      1.055385      1.075860 
     1.469270      1.397202      1.460919      1.352196      1.208946      1.474304      1.147568      1.109101      1.067401      1.073844 
     1.472693      1.398177      1.460300      1.351281      1.207394      1.477326      1.156750      1.117873      1.083246      1.074824 
     1.476006      1.398864      1.459305      1.350599      1.205757      1.481115      1.162603      1.126201      1.101646      1.078808 
     1.479212      1.399222      1.457974      1.350163      1.204073      1.485763      1.164720      1.133460      1.121218      1.085568 
     1.482309      1.399208      1.456350      1.349983      1.202379      1.491352      1.162867      1.139106      1.140588      1.094652 
     1.485286      1.398778      1.454481      1.350072      1.200721      1.497947      1.156999      1.142689      1.158467      1.105428 
     1.488122      1.397889      1.452415      1.350438      1.199147      1.505591      1.147291      1.143865      1.173704      1.117161 
     1.490789      1.396500      1.450205      1.351086      1.197708      1.514289      1.134182      1.142424      1.185303      1.129053 
     1.493246      1.394579      1.447902      1.352018      1.196458      1.523994      1.118420      1.138343      1.192472      1.140300 
     1.495438      1.392102      1.445559      1.353226      1.195449      1.534608      1.101090      1.131791      1.194623      1.150149 
     1.497300      1.389064      1.443229      1.354698      1.194730      1.545967      1.083596      1.123166      1.191432      1.157931 
     1.498756      1.385479      1.440961      1.356409      1.194339      1.557850      1.067579      1.113097      1.182887      1.163112 
     1.499731      1.381386      1.438798      1.358328      1.194302      1.569980      1.054741      1.102439      1.169336      1.165315 
     1.500151      1.376850      1.436776      1.360414      1.194627      1.582054      1.046572      1.092183      1.151546      1.164356 
     1.499963      1.371957      1.434911      1.362621      1.195305      1.593759      1.044045      1.083343      1.130707      1.160260 
     1.499140      1.366811      1.433206      1.364902      1.196306      1.604804      1.047416      1.076873      1.108366      1.153242 
     1.497685      1.361527      1.431644      1.367209      1.197584      1.614937      1.056173      1.073481      1.086364      1.143716 
     1.495632      1.356222      1.430195      1.369497      1.199082      1.623964      1.069161      1.073506      1.066660      1.132266 
     1.493036      1.351004      1.428821      1.371733      1.200736      1.631754      1.084858      1.076895      1.051094      1.119604 
     1.489964      1.345968      1.427484      1.373890      1.202479      1.638239      1.101653      1.083218      1.041110      1.106540 
     1.486486      1.341194      1.426153      1.375950      1.204252      1.643410      1.118065      1.091768      1.037541      1.093947 
     1.482664      1.336743      1.424810      1.377904      1.205996      1.647304      1.132883      1.101710      1.040471      1.082695 
     1.478554      1.332660      1.423456      1.379751      1.207662      1.649994      1.145213      1.112181      1.049274      1.073596 
     1.474197      1.328979      1.422104      1.381495      1.209206      1.651565      1.154417      1.122366      1.062787      1.067345 
     1.469623      1.325728      1.420784      1.383140      1.210591      1.652110      1.160100      1.131553      1.079547      1.064455 
     1.464850      1.322928      1.419526      1.384697      1.211781      1.651715      1.162058      1.139155      1.098007      1.065191 
     1.459887      1.320602      1.418374      1.386174      1.212747      1.650457      1.160249      1.144711      1.116708      1.069532 
     1.454733      1.318769      1.417374      1.387579      1.213457      1.648394      1.154791      1.147897      1.134366      1.077171 
     1.449379      1.317449      1.416575      1.388922      1.213886      1.645573      1.145941      1.148487      1.149924      1.087573 
     1.443813      1.316661      1.416030      1.390207      1.214010      1.642020      1.134124      1.146387      1.162530      1.100018 
     1.438022      1.316422      1.415790      1.391442      1.213806      1.637751      1.119983      1.141647      1.171511      1.113654 
     1.431990      1.316744      1.415906      1.392629      1.213260      1.632767      1.104378      1.134458      1.176374      1.127584 
     1.425710      1.317634      1.416425      1.393767      1.212363      1.627060      1.088414      1.125194      1.176798      1.140912 
     1.419178      1.319089      1.417387      1.394851      1.211113      1.620615      1.073388      1.114408      1.172668      1.152807 
     1.412404      1.321095      1.418820      1.395871      1.209524      1.613424      1.060689      1.102828      1.164100      1.162536 
     1.405419      1.323623      1.420737      1.396812      1.207622      1.605483      1.051653      1.091352      1.151482      1.169496 
     1.398279      1.326623      1.423127      1.397655      1.205450      1.596810      1.047356      1.081010      1.135513      1.173230 
     1.391081      1.330022      1.425954      1.398382      1.203066      1.587451      1.048408      1.072843      1.117224      1.173457 
     1.383948      1.333730      1.429155      1.398967      1.200542      1.577488      1.054767      1.067732      1.097999      1.170119 
     1.377038      1.337644      1.432641      1.399384      1.197964      1.567044      1.065740      1.066269      1.079490      1.163411 
     1.370525      1.341652      1.436305      1.399607      1.195422      1.556277      1.080110      1.068627      1.063462      1.153781 
     1.364583      1.345640      1.440029      1.399616      1.193003      1.545369      1.096395      1.074553      1.051532      1.141882 
     1.359366      1.349503      1.443699      1.399394      1.190789      1.534509      1.113067      1.083393      1.044916      1.128551 
     1.354998      1.353151      1.447219      1.398931      1.188843      1.523887      1.128756      1.094226      1.044217      1.114736 
     1.351559      1.356517      1.450516      1.398223      1.187215      1.513681      1.142363      1.106025      1.049325      1.101414 
     1.349093      1.359555      1.453548      1.397266      1.185934      1.504051      1.153083      1.117787      1.059507      1.089529 
     1.347610      1.362238      1.456291      1.396065      1.185017      1.495136      1.160408      1.128631      1.073571      1.079898 
     1.347100      1.364553      1.458740      1.394623      1.184468      1.487055      1.164076      1.137846      1.090107      1.073154 
     1.347535      1.366498      1.460898      1.392947      1.184278      1.479905      1.164026      1.144902      1.107679      1.069690 
     1.348879      1.368078      1.462778      1.391045      1.184435      1.473762      1.160373      1.149436      1.124972      1.069631 
     1.351088      1.369306      1.464395      1.388925      1.184920      1.468692      1.153372      1.151234      1.140860      1.072829 
     1.354120      1.370195      1.465764      1.386597      1.185708      1.464746      1.143417      1.150220      1.154428      1.078901 
     1.357928      1.370762      1.466904      1.384071      1.186773      1.461965      1.131061      1.146446      1.164967      1.087269 
     1.362457      1.371025      1.467829      1.381361      1.188082      1.460378      1.117022      1.140095      1.171949      1.097213 
     1.367649      1.371005      1.468552      1.378484      1.189600      1.459994      1.102186      1.131495      1.175024      1.107948 
     1.373431      1.370726      1.469083      1.375463      1.191283      1.460800      1.087607      1.121128      1.174031      1.118679 
     1.379718      1.370216      1.469430      1.372323      1.193087      1.462757      1.074440      1.109629      1.168989      1.128635 
     1.386414      1.369505      1.469592      1.369097      1.194961      1.465795      1.063852      1.097783      1.160132      1.137125 
     1.393413      1.368624      1.469565      1.365822      1.196851      1.469818      1.056878      1.086500      1.147921      1.143546 
     1.400607      1.367611      1.469345      1.362533      1.198703      1.474709      1.054287      1.076747      1.133088      1.147454 
     1.407889      1.366508      1.468915      1.359273      1.200462      1.480339      1.056409      1.069441      1.116604      1.148534 
     1.415158      1.365359      1.468257      1.356086      1.202076      1.486569      1.063065      1.065350      1.099663      1.146608 
     1.422330      1.364208      1.467343      1.353016      1.203492      1.493263      1.073605      1.064973      1.083628      1.141697 
     1.429334      1.363097      1.466150      1.350102      1.204668      1.500289      1.087015      1.068425      1.069893      1.134019 
     1.436119      1.362070      1.464651      1.347385      1.205569      1.507525      1.102051      1.075419      1.059725      1.123995 
     1.442648      1.361163      1.462827      1.344899      1.206169      1.514864      1.117424      1.085315      1.054056      1.112249 
     1.448903      1.360406      1.460665      1.342670      1.206456      1.522215      1.131926      1.097209      1.053340      1.099600 
     1.454879      1.359824      1.458162      1.340717      1.206426      1.529499      1.144528      1.110068      1.057470      1.087019 
     1.460575      1.359432      1.455325      1.339053      1.206087      1.536656      1.154429      1.122859      1.065831      1.075568 
     1.466004      1.359242      1.452169      1.337684      1.205458      1.543641      1.161070      1.134651      1.077427      1.066294 
     1.471179      1.359257      1.448711      1.336608      1.204563      1.550420      1.164105      1.144648      1.091061      1.060122 
     1.476114      1.359477      1.444973      1.335822      1.203437      1.556970      1.163396      1.152216      1.105495      1.057738 
     1.480815      1.359897      1.440981      1.335321      1.202115      1.563273      1.158993      1.156892      1.119590      1.059491 
     1.485278      1.360510      1.436769      1.335098      1.200643      1.569318      1.151132      1.158378      1.132364      1.065339 
     1.489493      1.361301      1.432377      1.335146      1.199071      1.575091      1.140247      1.156543      1.143036      1.074856 
     1.493431      1.362253      1.427862      1.335453      1.197455      1.580574      1.126986      1.151433      1.151026      1.087280 
     1.497048      1.363344      1.423288      1.336008      1.195858      1.585738      1.112236      1.143293      1.155952      1.101605 
     1.500285      1.364548      1.418731      1.336792      1.194347      1.590542      1.097107      1.132594      1.157639      1.116702 
     1.503074      1.365833      1.414275      1.337781      1.192991      1.594932      1.082868      1.120030      1.156106      1.131428 
     1.505343      1.367165      1.410001      1.338948      1.191855      1.598843      1.070835      1.106509      1.151575      1.144721 
     1.507025      1.368509      1.405988      1.340262      1.190998      1.602210      1.062192      1.093101      1.144457      1.155691 
     1.508069      1.369832      1.402303      1.341688      1.190466      1.604977      1.057814      1.080956      1.135330      1.163655 
     1.508449      1.371104      1.398998      1.343193      1.190292      1.607104      1.058113      1.071175      1.124910      1.168172 
     1.508162      1.372297      1.396111      1.344745      1.190494      1.608572      1.062975      1.064688      1.114003      1.169040 
     1.507232      1.373393      1.393662      1.346315      1.191073      1.609385      1.071788      1.062113      1.103456      1.166290 
     1.505705      1.374378      1.391659      1.347877      1.192019      1.609569      1.083568      1.063672      1.094094      1.160164 
     1.503646      1.375243      1.390098      1.349408      1.193308      1.609166      1.097125      1.069159      1.086650      1.151107 
     1.501128      1.375983      1.388968      1.350891      1.194906      1.608230      1.111230      1.077979      1.081697      1.139741 
     1.498226      1.376600      1.388246      1.352313      1.196771      1.606826      1.124738      1.089263      1.079594      1.126835 
     1.495013      1.377101      1.387909      1.353668      1.198856      1.605016      1.136677      1.101989      1.080448      1.113273 
     1.491550      1.377495      1.387935      1.354951      1.201111      1.602857      1.146295      1.115112      1.084108      1.100002 
     1.487884      1.377792      1.388298      1.356164      1.203486      1.600401      1.153056      1.127664      1.090218      1.087976 
     1.484050      1.378005      1.388977      1.357313      1.205933      1.597691      1.156613      1.138814      1.098268      1.078103 
     1.480066      1.378146      1.389959      1.358407      1.208409      1.594762      1.156787      1.147875      1.107648      1.071167 
     1.475939      1.378227      1.391236      1.359455      1.210873      1.591639      1.153559      1.154323      1.117699      1.067746 
     1.471667      1.378259      1.392813      1.360470      1.213282      1.588345      1.147050      1.157765      1.127767      1.068189 
     1.467241      1.378251      1.394703      1.361462      1.215598      1.584900      1.137537      1.157934      1.137210      1.072549 
     1.462650      1.378211      1.396927      1.362443      1.217778      1.581322      1.125480      1.154701      1.145421      1.080584 
     1.457886      1.378148      1.399509      1.363420      1.219775      1.577629      1.111555      1.148085      1.151847      1.091763 
     1.452942      1.378066      1.402471      1.364400      1.221540      1.573834      1.096675      1.138295      1.156007      1.105319 
     1.447825      1.377970      1.405826      1.365385      1.223023      1.569945      1.081998      1.125777      1.157524      1.120300 
     1.442553      1.377863      1.409569      1.366374      1.224171      1.565963      1.068850      1.111253      1.156173      1.135649 
     1.437154      1.377746      1.413674      1.367361      1.224936      1.561877      1.058615      1.095746      1.151916      1.150288 
     1.431672      1.377620      1.418096      1.368334      1.225280      1.557672      1.052508      1.080515      1.144933      1.163197 
     1.426166      1.377483      1.422769      1.369280      1.225176      1.553334      1.051359      1.066976      1.135637      1.173478 
     1.420705      1.377332      1.427608      1.370183      1.224610      1.548852      1.055419      1.056533      1.124661      1.180390 
     1.415369      1.377165      1.432519      1.371026      1.223584      1.544224      1.064334      1.050361      1.112810      1.183394 
     1.410253      1.376974      1.437395      1.371791      1.222118      1.539462      1.077214      1.049198      1.100997      1.182161 
     1.405458      1.376754      1.442136      1.372459      1.220244      1.534595      1.092789      1.053223      1.090216      1.176626 
     1.401085      1.376502      1.446643      1.373006      1.218010      1.529672      1.109617      1.062002      1.081382      1.166949 
     1.397228      1.376212      1.450823      1.373414      1.215473      1.524751      1.126289      1.074575      1.075224      1.153564 
     1.393967      1.375881      1.454597      1.373666      1.212698      1.519898      1.141552      1.089648      1.072194      1.137160 
     1.391365      1.375504      1.457904      1.373749      1.209754      1.515171      1.154408      1.105812      1.072413      1.118703 
     1.389462      1.375075      1.460695      1.373651      1.206708      1.510624      1.164124      1.121714      1.075665      1.099395 
     1.388278      1.374589      1.462937      1.373364      1.203630      1.506295      1.170225      1.136188      1.081442      1.080624 
     1.387821      1.374038      1.464609      1.372882      1.200581      1.502212      1.172467      1.148309      1.089055      1.063889 
     1.388086      1.373414      1.465695      1.372197      1.197620      1.498389      1.170788      1.157392      1.097717      1.050643 
     1.389065      1.372706      1.466186      1.371305      1.194801      1.494837      1.165287      1.162967      1.106661      1.042183 
     1.390750      1.371902      1.466078      1.370200      1.192173      1.491569      1.156206      1.164754      1.115191      1.039436 
     1.393125      1.370990      1.465375      1.368879      1.189786      1.488604      1.143942      1.162640      1.122723      1.042829 
     1.396170      1.369961      1.464092      1.367343      1.187694      1.485972      1.129093      1.156683      1.128804      1.052207 
     1.399846      1.368809      1.462259      1.365598      1.185951      1.483715      1.112501      1.147143      1.133115      1.066828 
     1.404090      1.367536      1.459924      1.363663      1.184610      1.481879      1.095288      1.134537      1.135471      1.085438 
     1.408801      1.366155      1.457155      1.361568      1.183718      1.480508      1.078837      1.119679      1.135828      1.106441 
     1.413849      1.364688      1.454034      1.359358      1.183307      1.479626      1.064673      1.103683      1.134281      1.128097 
     1.419078      1.363165      1.450654      1.357089      1.183383      1.479238      1.054249      1.087902      1.131053      1.148716 
     1.424325      1.361626      1.447110      1.354823      1.183930      1.479327      1.048697      1.073799      1.126479      1.166835 
     1.429439      1.360109      1.443486      1.352622      1.184902      1.479858      1.048584      1.062740      1.120972      1.181315 
     1.434297      1.358656      1.439858      1.350544      1.186237      1.480793      1.053808      1.055791      1.114991      1.191382 
     1.438819      1.357302      1.436285      1.348640      1.187855      1.482100      1.063638      1.053565      1.109002      1.196618 
     1.442959      1.356078      1.432816      1.346952      1.189671      1.483759      1.076878      1.056127      1.103448      1.196925 
     1.446705      1.355012      1.429486      1.345513      1.191597      1.485761      1.092098      1.063009      1.098715      1.192476 
     1.450068      1.354121      1.426325      1.344348      1.193548      1.488104      1.107856      1.073319      1.095121      1.183690 
     1.453074      1.353422      1.423354      1.343474      1.195445      1.490788      1.122847      1.085893      1.092883      1.171188 
     1.455755      1.352923      1.420583      1.342897      1.197223      1.493806      1.136011      1.099488      1.092105      1.155786 
     1.458145      1.352624      1.418022      1.342619      1.198827      1.497149      1.146576      1.112949      1.092791      1.138428 
     1.460275      1.352525      1.415668      1.342632      1.200215      1.500798      1.154034      1.125288      1.094846      1.120183 
     1.462171      1.352618      1.413515      1.342930      1.201359      1.504731      1.158119      1.135733      1.098098      1.102198 
     1.463852      1.352898      1.411549      1.343501      1.202240      1.508921      1.158765      1.143729      1.102308      1.085643 
     1.465330      1.353354      1.409756      1.344334      1.202849      1.513339      1.156072      1.148920      1.107204      1.071657 
     1.466609      1.353978      1.408122      1.345415      1.203183      1.517958      1.150276      1.151114      1.112488      1.061250 
     1.467686      1.354759      1.406639      1.346736      1.203246      1.522753      1.141738      1.150270      1.117851      1.055204 
     1.468549      1.355688      1.405307      1.348285      1.203045      1.527707      1.130944      1.146472      1.122991      1.053973 
     1.469176      1.356752      1.404140      1.350054      1.202591      1.532804      1.118517      1.139931      1.127620      1.057617 
     1.469536      1.357938      1.403165      1.352031      1.201900      1.538031      1.105218      1.130997      1.131488      1.065782 
     1.469590      1.359228      1.402418      1.354201      1.200993      1.543371      1.091959      1.120177      1.134378      1.077726 
     1.469291      1.360604      1.401942      1.356544      1.199899      1.548798      1.079737      1.108136      1.136117      1.092409 
     1.468589      1.362041      1.401778      1.359036      1.198651      1.554278      1.069587      1.095713      1.136614      1.108626 
     1.467435      1.363515      1.401968      1.361648      1.197289      1.559768      1.062451      1.083868      1.135854      1.125119 
     1.465784      1.364996      1.402545      1.364348      1.195860      1.565221      1.059071      1.073628      1.133898      1.140675 
     1.463601      1.366457      1.403535      1.367102      1.194413      1.570595      1.059858      1.065977      1.130891      1.154222 
     1.460866      1.367867      1.404954      1.369874      1.193000      1.575859      1.064838      1.061744      1.127050      1.164849 
     1.457573      1.369198      1.406814      1.372629      1.191673      1.580996      1.073644      1.061493      1.122652      1.171834 
     1.453734      1.370422      1.409118      1.375331      1.190488      1.586008      1.085571      1.065425      1.118022      1.174632 
     1.449379      1.371511      1.411864      1.377945      1.189494      1.590904      1.099680      1.073339      1.113492      1.172898 
     1.444555      1.372440      1.415040      1.380431      1.188742      1.595703      1.114897      1.084653      1.109392      1.166505 
     1.439323      1.373185      1.418624      1.382752      1.188276      1.600420      1.130118      1.098466      1.106007      1.155584 
     1.433754      1.373724      1.422585      1.384871      1.188135      1.605062      1.144284      1.113686      1.103543      1.140552 
     1.427933      1.374040      1.426880      1.386757      1.188346      1.609624      1.156471      1.129153      1.102122      1.122189 
     1.421942      1.374122      1.431457      1.388382      1.188930      1.614080      1.165905      1.143735      1.101740      1.101642 
     1.415867      1.373963      1.436256      1.389723      1.189889      1.618383      1.171999      1.156421      1.102261      1.080431 
     1.409786      1.373563      1.441208      1.390767      1.191220      1.622467      1.174356      1.166367      1.103448      1.060378 
     1.403774      1.372921      1.446249      1.391507      1.192905      1.626251      1.172765      1.172912      1.105004      1.043485 
     1.397895      1.372043      1.451316      1.391946      1.194921      1.629645      1.167195      1.175585      1.106610      1.031702 
     1.392212      1.370934      1.456356      1.392089      1.197237      1.632557      1.157819      1.174103      1.107996      1.026648 
     1.386786      1.369600      1.461334      1.391948      1.199814      1.634901      1.145024      1.168378      1.108977      1.029302 
     1.381683      1.368056      1.466222      1.391539      1.202599      1.636600      1.129448      1.158523      1.109476      1.039738 
     1.376978      1.366321      1.471001      1.390886      1.205523      1.637589      1.112072      1.144968      1.109542      1.057094 
     1.372750      1.364427      1.475656      1.390018      1.208500      1.637810      1.094215      1.128493      1.109341      1.079652 
     1.369073      1.362419      1.480165      1.388978      1.211426      1.637214      1.077484      1.110288      1.109104      1.105147 
     1.365999      1.360350      1.484506      1.387815      1.214187      1.635770      1.063576      1.091885      1.109075      1.131126 
     1.363557      1.358279      1.488651      1.386583      1.216679      1.633462      1.053995      1.075012      1.109445      1.155318 
     1.361747      1.356262      1.492583      1.385333      1.218812      1.630299      1.049758      1.061351      1.110319      1.175890 
     1.360556      1.354349      1.496292      1.384109      1.220520      1.626316      1.051212      1.052276      1.111692      1.191543 
     1.359971      1.352580      1.499776      1.382945      1.221763      1.621575      1.058018      1.048635      1.113499      1.201527 
     1.359987      1.350988      1.503039      1.381867      1.222518      1.616160      1.069265      1.050645      1.115591      1.205517 
     1.360613      1.349600      1.506082      1.380892      1.222782      1.610176      1.083669      1.057870      1.117794      1.203541 
     1.361861      1.348436      1.508908      1.380030      1.222565      1.603742      1.099800      1.069332      1.119913      1.195914 
     1.363744      1.347514      1.511511      1.379287      1.221889      1.596979      1.116240      1.083702      1.121759      1.183222 
     1.366266      1.346843      1.513878      1.378662      1.220789      1.590002      1.131731      1.099504      1.123179      1.166312 
     1.369412      1.346428      1.515988      1.378150      1.219311      1.582909      1.145262      1.115300      1.124052      1.146273 
     1.373157      1.346264      1.517814      1.377743      1.217509      1.575773      1.156088      1.129847      1.124328      1.124434 
     1.377457      1.346344      1.519321      1.377428      1.215443      1.568639      1.163715      1.142170      1.123993      1.102299 
     1.382259      1.346654      1.520475      1.377190      1.213174      1.561523      1.167881      1.151551      1.123107      1.081499 
     1.387511      1.347175      1.521234      1.377013      1.210762      1.554415      1.168541      1.157556      1.121745      1.063651 
     1.393164      1.347887      1.521555      1.376880      1.208266      1.547291      1.165817      1.159986      1.119998      1.050226 
     1.399165      1.348768      1.521407      1.376772      1.205741      1.540121      1.159954      1.158810      1.117987      1.042394 
     1.405465      1.349795      1.520765      1.376673      1.203241      1.532887      1.151326      1.154163      1.115833      1.040828 
     1.412007      1.350945      1.519622      1.376566      1.200820      1.525591      1.140433      1.146338      1.113651      1.045592 
     1.418727      1.352193      1.517982      1.376432      1.198534      1.518258      1.127909      1.135791      1.111554      1.056126 
     1.425543      1.353512      1.515864      1.376254      1.196439      1.510944      1.114532      1.123161      1.109648      1.071305 
     1.432356      1.354871      1.513299      1.376019      1.194591      1.503718      1.101209      1.109284      1.108033      1.089626 
     1.439055      1.356240      1.510319      1.375712      1.193043      1.496660      1.088919      1.095163      1.106792      1.109405 
     1.445527      1.357588      1.506958      1.375324      1.191840      1.489845      1.078626      1.081917      1.105990      1.128997 
     1.451668      1.358889      1.503248      1.374850      1.191015      1.483340      1.071148      1.070672      1.105658      1.146940 
     1.457393      1.360118      1.499211      1.374285      1.190586      1.477200      1.067070      1.062432      1.105798      1.162040 
     1.462644      1.361258      1.494862      1.373631      1.190560      1.471475      1.066664      1.057963      1.106379      1.173405 
     1.467386      1.362296      1.490208      1.372891      1.190931      1.466214      1.069862      1.057682      1.107346      1.180427 
     1.471607      1.363225      1.485249      1.372072      1.191684      1.461476      1.076289      1.061607      1.108614      1.182732 
     1.475308      1.364042      1.479985      1.371184      1.192793      1.457332      1.085322      1.069363      1.110082      1.180176 
     1.478503      1.364746      1.474416      1.370239      1.194224      1.453862      1.096164      1.080252      1.111643      1.172831 
     1.481208      1.365338      1.468543      1.369255      1.195936      1.451152      1.107932      1.093328      1.113162      1.160986 
     1.483437      1.365824      1.462378      1.368251      1.197877      1.449280      1.119719      1.107489      1.114514      1.145204 
     1.485202      1.366208      1.455934      1.367249      1.199988      1.448316      1.130672      1.121631      1.115580      1.126344 
     1.486512      1.366499      1.449233      1.366273      1.202204      1.448305      1.140048      1.134700      1.116243      1.105580 
     1.487377      1.366706      1.442291      1.365347      1.204458      1.449260      1.147244      1.145753      1.116385      1.084398 
     1.487801      1.366841      1.435125      1.364496      1.206682      1.451169      1.151825      1.154036      1.115915      1.064521 
     1.487788      1.366915      1.427749      1.363744      1.208809      1.453997      1.153515      1.159015      1.114789      1.047776 
     1.487341      1.366941      1.420170      1.363111      1.210776      1.457693      1.152210      1.160338      1.113005      1.035906 
     1.486459      1.366932      1.412405      1.362616      1.212525      1.462198      1.147957      1.157817      1.110641      1.030343 
     1.485139      1.366901      1.404483      1.362278      1.214001      1.467450      1.140969      1.151465      1.107859      1.031922 
     1.483378      1.366862      1.396462      1.362114      1.215151      1.473385      1.131642      1.141521      1.104904      1.040695 
     1.481174      1.366827      1.388443      1.362142      1.215924      1.479920      1.120570      1.128490      1.102113      1.055900 
     1.478529      1.366811      1.380574      1.362371      1.216276      1.486947      1.108564      1.113194      1.099870      1.076053 
     1.475457      1.366825      1.373045      1.362808      1.216175      1.494320      1.096622      1.096786      1.098544      1.099190 
     1.471982      1.366879      1.366069      1.363450      1.215607      1.501857      1.085845      1.080703      1.098426      1.123163 
     1.468140      1.366981      1.359854      1.364284      1.214575      1.509362      1.077279      1.066501      1.099666      1.145942 
     1.463979      1.367137      1.354580      1.365287      1.213103      1.516644      1.071765      1.055640      1.102230      1.165815 
     1.459552      1.367348      1.350383      1.366433      1.211234      1.523550      1.069810      1.049250      1.105923      1.181511 
     1.454925      1.367614      1.347354      1.367690      1.209017      1.529976      1.071524      1.047942      1.110425      1.192203 
     1.450174      1.367930      1.345542      1.369026      1.206513      1.535869      1.076633      1.051724      1.115349      1.197460 
     1.445388      1.368292      1.344961      1.370406      1.203787      1.541222      1.084556      1.060039      1.120281      1.197177 
     1.440666      1.368691      1.345596      1.371797      1.200907      1.546056      1.094498      1.071886      1.124827      1.191526 
     1.436112      1.369118      1.347406      1.373162      1.197946      1.550409      1.105564      1.086002      1.128646      1.180921 
     1.431827      1.369560      1.350325      1.374468      1.194978      1.554321      1.116841      1.101025      1.131469      1.166024 
     1.427903      1.370007      1.354266      1.375680      1.192078      1.557825      1.127503      1.115685      1.133116      1.147739 
     1.424417      1.370443      1.359120      1.376763      1.189321      1.560943      1.136838      1.128877      1.133503      1.127206 
     1.421429      1.370857      1.364764      1.377690      1.186772      1.563679      1.144286      1.139709      1.132642      1.105791 
     1.418977      1.371235      1.371066      1.378434      1.184493      1.566020      1.149462      1.147557      1.130634      1.085026 
     1.417086      1.371565      1.377897      1.378976      1.182535      1.567943      1.152141      1.152042      1.127643      1.066518 
     1.415765      1.371835      1.385137      1.379299      1.180942      1.569409      1.152234      1.152979      1.123897      1.051836 
     1.415013      1.372034      1.392686      1.379389      1.179749      1.570378      1.149770      1.150356      1.119660      1.042345 
     1.414821      1.372158      1.400470      1.379231      1.178982      1.570811      1.144902      1.144338      1.115208      1.038993 
     1.415177      1.372200      1.408445      1.378814      1.178668      1.570681      1.137881      1.135239      1.110860      1.042176 
     1.416061      1.372157      1.416585      1.378125      1.178823      1.569970      1.129082      1.123543      1.106914      1.051667 
     1.417451      1.372028      1.424878      1.377156      1.179460      1.568675      1.119018      1.109941      1.103668      1.066635 
     1.419311      1.371816      1.433313      1.375902      1.180580      1.566802      1.108339      1.095341      1.101383      1.085765 
     1.421594      1.371529      1.441869      1.374364      1.182172      1.564364      1.097801      1.080857      1.100276      1.107445 
     1.424244      1.371181      1.450512      1.372548      1.184207      1.561379      1.088228      1.067752      1.100490      1.129958 
     1.427199      1.370791      1.459197      1.370466      1.186643      1.557867      1.080476      1.057315      1.102049      1.151659 
     1.430400      1.370382      1.467869      1.368135      1.189425      1.553854      1.075292      1.050695      1.104865      1.171071 
     1.433797      1.369982      1.476470      1.365578      1.192485      1.549372      1.073233      1.048723      1.108735      1.186949 
     1.437357      1.369621      1.484945      1.362816      1.195748      1.544471      1.074592      1.051766      1.113372      1.198312 
     1.441058      1.369333      1.493239      1.359872      1.199136      1.539220      1.079348      1.059670      1.118428      1.204429 
     1.444892      1.369152      1.501293      1.356774      1.202566      1.533705      1.087175      1.071786      1.123502      1.204798 
     1.448850      1.369113      1.509041      1.353552      1.205950      1.528037      1.097447      1.087064      1.128198      1.199178 
     1.452922      1.369252      1.516409      1.350242      1.209198      1.522336      1.109326      1.104196      1.132123      1.187608 
     1.457092      1.369597      1.523313      1.346887      1.212223      1.516726      1.121859      1.121776      1.134915      1.170454 
     1.461331      1.370175      1.529660      1.343537      1.214938      1.511322      1.134035      1.138428      1.136269      1.148499 
     1.465598      1.371002      1.535352      1.340246      1.217267      1.506221      1.144898      1.152927      1.135955      1.122985 
     1.469847      1.372088      1.540293      1.337071      1.219147      1.501486      1.153615      1.164266      1.133839      1.095648 
     1.474030      1.373431      1.544393      1.334066      1.220530      1.497146      1.159538      1.171707      1.129885      1.068666 
     1.478101      1.375027      1.547572      1.331282      1.221385      1.493191      1.162212      1.174772      1.124177      1.044531 
     1.482021      1.376866      1.549764      1.328761      1.221700      1.489584      1.161402      1.173255      1.116919      1.025778 
     1.485754      1.378933      1.550918      1.326542      1.221474      1.486271      1.157081      1.167189      1.108450      1.014613 
     1.489273      1.381214      1.550999      1.324658      1.220720      1.483197      1.149421      1.156846      1.099262      1.012490 
     1.492544      1.383690      1.549988      1.323140      1.219460      1.480322      1.138801      1.142738      1.090020      1.019762 
     1.495529      1.386333      1.547890      1.322019      1.217731      1.477624      1.125845      1.125682      1.081546      1.035577 
     1.498173      1.389105      1.544734      1.321323      1.215587      1.475097      1.111453      1.106849      1.074752      1.058035 
     1.500411      1.391951      1.540588      1.321075      1.213102      1.472741      1.096790      1.087761      1.070514      1.084564 
     1.502173      1.394808      1.535551      1.321281      1.210374      1.470555      1.083198      1.070185      1.069489      1.112413 
     1.503391      1.397605      1.529751      1.321932      1.207514      1.468536      1.072024      1.055913      1.071959      1.139024 
     1.504016      1.400276      1.523332      1.322998      1.204638      1.466684      1.064412      1.046457      1.077777      1.162347 
     1.504021      1.402763      1.516442      1.324438      1.201851      1.465018      1.061112      1.042773      1.086398      1.180936 
     1.503412      1.405020      1.509221      1.326202      1.199250      1.463574      1.062371      1.045091      1.096998      1.193916 
     1.502230      1.407012      1.501799      1.328235      1.196914      1.462414      1.067918      1.052911      1.108616      1.200896 
     1.500544      1.408712      1.494293      1.330481      1.194909      1.461617      1.077046      1.065136      1.120268      1.201856 
     1.498443      1.410103      1.486812      1.332885      1.193283      1.461260      1.088740      1.080293      1.131064      1.197084 
     1.496030      1.411174      1.479454      1.335393      1.192070      1.461411      1.101842      1.096786      1.140258      1.187126 
     1.493404      1.411921      1.472300      1.337959      1.191287      1.462112      1.115202      1.113107      1.147289      1.172760 
     1.490658      1.412349      1.465413      1.340540      1.190937      1.463378      1.127790      1.127972      1.151793      1.154969 
     1.487869      1.412466      1.458837      1.343105      1.191007      1.465188      1.138770      1.140397      1.153598      1.134922 
     1.485097      1.412287      1.452592      1.345628      1.191476      1.467494      1.147525      1.149704      1.152706      1.113937 
     1.482382      1.411827      1.446680      1.348094      1.192313      1.470226      1.153653      1.155500      1.149271      1.093442 
     1.479749      1.411105      1.441084      1.350496      1.193480      1.473297      1.156939      1.157628      1.143575      1.074899 
     1.477209      1.410135      1.435772      1.352837      1.194942      1.476615      1.157330      1.156133      1.136010      1.059709 
     1.474756      1.408931      1.430709      1.355121      1.196657      1.480087      1.154905      1.151220      1.127059      1.049073 
     1.472376      1.407504      1.425861      1.357363      1.198586      1.483631      1.149851      1.143241      1.117288      1.043844 
     1.470043      1.405863      1.421203      1.359578      1.200690      1.487177      1.142458      1.132682      1.107324      1.044405 
     1.467723      1.404014      1.416730      1.361781      1.202926      1.490671      1.133118      1.120171      1.097849      1.050614 
     1.465372      1.401962      1.412454      1.363991      1.205253      1.494072      1.122335      1.106485      1.089549      1.061813 
     1.462942      1.399711      1.408401      1.366225      1.207624      1.497349      1.110731      1.092553      1.083079      1.076941 
     1.460377      1.397264      1.404616      1.368500      1.209990      1.500480      1.099043      1.079422      1.078998      1.094675 
     1.457621      1.394626      1.401154      1.370832      1.212297      1.503444      1.088098      1.068193      1.077705      1.113596 
     1.454618      1.391804      1.398076      1.373235      1.214489      1.506232      1.078768      1.059921      1.079395      1.132319 
     1.451325      1.388801      1.395444      1.375723      1.216511      1.508841      1.071887      1.055472      1.084021      1.149583 
     1.447710      1.385623      1.393323      1.378310      1.218303      1.511288      1.068173      1.055409      1.091304      1.164292 
     1.443763      1.382277      1.391775      1.381004      1.219807      1.513610      1.068130      1.059885      1.100752      1.175520 
     1.439501      1.378773      1.390860      1.383810      1.220966      1.515865      1.071973      1.068616      1.111719      1.182538 
     1.434969      1.375131      1.390633      1.386722      1.221724      1.518129      1.079564      1.080883      1.123442      1.184806 
     1.430235      1.371378      1.391131      1.389724      1.222029      1.520487      1.090397      1.095625      1.135090      1.182024 
     1.425395      1.367555      1.392369      1.392786      1.221841      1.523026      1.103638      1.111555      1.145836      1.174188 
     1.420558      1.363712      1.394336      1.395866      1.221136      1.525817      1.118213      1.127298      1.154906      1.161652 
     1.415841      1.359906      1.396985      1.398907      1.219910      1.528905      1.132928      1.141559      1.161647      1.145172 
     1.411355      1.356197      1.400238      1.401846      1.218182      1.532295      1.146606      1.153229      1.165573      1.125910 
     1.407196      1.352639      1.403990      1.404624      1.215996      1.535959      1.158230      1.161469      1.166372      1.105356 
     1.403435      1.349276      1.408114      1.407186      1.213410      1.539832      1.166996      1.165747      1.163957      1.085253 
     1.400123      1.346135      1.412487      1.409482      1.210496      1.543826      1.172359      1.165873      1.158428      1.067421 
     1.397288      1.343233      1.416990      1.411473      1.207330      1.547840      1.174033      1.161925      1.150075      1.053541 
     1.394938      1.340573      1.421520      1.413128      1.203990      1.551775      1.171961      1.154222      1.139355      1.044942 
     1.393069      1.338148      1.425998      1.414421      1.200552      1.555541      1.166297      1.143304      1.126873      1.042389 
     1.391666      1.335949      1.430365      1.415332      1.197092      1.559062      1.157369      1.129885      1.113396      1.045960 
     1.390708      1.333962      1.434585      1.415842      1.193686      1.562273      1.145687      1.114866      1.099829      1.055070 
     1.390168      1.332171      1.438628      1.415936      1.190408      1.565118      1.131937      1.099303      1.087173      1.068579 
     1.390012      1.330567      1.442481      1.415601      1.187333      1.567542      1.116963      1.084365      1.076461      1.085017 
     1.390200      1.329139      1.446134      1.414826      1.184526      1.569487      1.101762      1.071256      1.068642      1.102786 
     1.390688      1.327877      1.449582      1.413605      1.182049      1.570898      1.087437      1.061104      1.064443      1.120361 
     1.391434      1.326776      1.452826      1.411933      1.179953      1.571730      1.075118      1.054842      1.064308      1.136444 
     1.392401      1.325839      1.455880      1.409802      1.178279      1.571951      1.065879      1.053091      1.068329      1.149996 
     1.393557      1.325071      1.458758      1.407207      1.177061      1.571554      1.060608      1.056058      1.076222      1.160231 
     1.394887      1.324485      1.461480      1.404147      1.176325      1.570557      1.059904      1.063524      1.087389      1.166591 
     1.396391      1.324100      1.464069      1.400621      1.176088      1.569006      1.064011      1.074890      1.100993      1.168731 
     1.398084      1.323941      1.466546      1.396640      1.176355      1.566975      1.072731      1.089217      1.116040      1.166502 
     1.399988      1.324040      1.468925      1.392231      1.177119      1.564559      1.085411      1.105308      1.131439      1.159972 
     1.402126      1.324429      1.471209      1.387440      1.178354      1.561868      1.101025      1.121851      1.146092      1.149474 
     1.404519      1.325137      1.473390      1.382342      1.180012      1.559009      1.118317      1.137560      1.158969      1.135638 
     1.407186      1.326183      1.475453      1.377027      1.182027      1.556077      1.135948      1.151262      1.169189      1.119417 
     1.410129      1.327579      1.477369      1.371598      1.184316      1.553145      1.152615      1.161965      1.176071      1.102043 
     1.413338      1.329327      1.479103      1.366164      1.186786      1.550259      1.167179      1.168931      1.179174      1.084966 
     1.416793      1.331420      1.480615      1.360834      1.189340      1.547434      1.178727      1.171688      1.178307      1.069730 
     1.420471      1.333838      1.481865      1.355707      1.191886      1.544664      1.186630      1.170068      1.173496      1.057772 
     1.424337      1.336559      1.482815      1.350873      1.194338      1.541927      1.190485      1.164146      1.165008      1.050290 
     1.428349      1.339555      1.483438      1.346414      1.196620      1.539191      1.190111      1.154245      1.153318      1.048038 
     1.432463      1.342793      1.483719      1.342405      1.198662      1.536431      1.185521      1.140937      1.139107      1.051223 
     1.436614      1.346234      1.483653      1.338916      1.200406      1.533619      1.176923      1.125047      1.123275      1.059493 
     1.440729      1.349834      1.483248      1.336013      1.201803      1.530735      1.164724      1.107664      1.106897      1.071962 
     1.444718      1.353545      1.482520      1.333750      1.202817      1.527755      1.149548      1.090107      1.091180      1.087373 
     1.448485      1.357313      1.481488      1.332172      1.203426      1.524653      1.132232      1.073841      1.077378      1.104302 
     1.451927      1.361090      1.480168      1.331305      1.203622      1.521397      1.113823      1.060326      1.066655      1.121360 
     1.454950      1.364833      1.478577      1.331162      1.203412      1.517959      1.095526      1.050855      1.059934      1.137296 
     1.457470      1.368504      1.476733      1.331740      1.202818      1.514322      1.078647      1.046360      1.057779      1.151087 
     1.459431      1.372080      1.474658      1.333025      1.201873      1.510488      1.064505      1.047269      1.060326      1.161945 
     1.460792      1.375538      1.472375      1.334996      1.200616      1.506492      1.054318      1.053454      1.067272      1.169305 
     1.461543      1.378862      1.469915      1.337622      1.199099      1.502398      1.049047      1.064234      1.077950      1.172808 
     1.461697      1.382035      1.467309      1.340861      1.197383      1.498303      1.049280      1.078535      1.091387      1.172265 
     1.461287      1.385034      1.464596      1.344656      1.195537      1.494328      1.055062      1.094995      1.106431      1.167695 
     1.460370      1.387833      1.461813      1.348930      1.193648      1.490615      1.065894      1.112162      1.121856      1.159324 
     1.459015      1.390399      1.458995      1.353581      1.191810      1.487311      1.080746      1.128609      1.136476      1.147655 
     1.457300      1.392701      1.456172      1.358492      1.190121      1.484547      1.098229      1.143066      1.149195      1.133451 
     1.455303      1.394707      1.453364      1.363535      1.188674      1.482431      1.116797      1.154521      1.159124      1.117741 
     1.453100      1.396390      1.450591      1.368574      1.187551      1.481035      1.134934      1.162253      1.165646      1.101759 
     1.450756      1.397734      1.447855      1.373487      1.186820      1.480390      1.151316      1.165866      1.168386      1.086811 
     1.448326      1.398730      1.445158      1.378168      1.186525      1.480493      1.164920      1.165275      1.167231      1.074152 
     1.445851      1.399378      1.442494      1.382533      1.186690      1.481307      1.175035      1.160669      1.162293      1.064820 
     1.443359      1.399684      1.439858      1.386515      1.187319      1.482780      1.181196      1.152452      1.153916      1.059552 
     1.440871      1.399659      1.437251      1.390070      1.188402      1.484845      1.183202      1.141244      1.142625      1.058664 
     1.438401      1.399316      1.434676      1.393163      1.189913      1.487428      1.181064      1.127836      1.129143      1.062039 
     1.435956      1.398674      1.432150      1.395773      1.191813      1.490447      1.174958      1.113164      1.114382      1.069138 
     1.433544      1.397750      1.429689      1.397887      1.194054      1.493814      1.165273      1.098306      1.099390      1.079104 
     1.431164      1.396568      1.427309      1.399503      1.196577      1.497434      1.152570      1.084406      1.085312      1.090875 
     1.428815      1.395151      1.425024      1.400624      1.199319      1.501206      1.137602      1.072593      1.073290      1.103328 
     1.426494      1.393525      1.422846      1.401259      1.202217      1.505037      1.121289      1.063846      1.064359      1.115418 
     1.424199      1.391716      1.420789      1.401425      1.205203      1.508843      1.104703      1.058909      1.059309      1.126241 
     1.421931      1.389749      1.418865      1.401139      1.208214      1.512562      1.089019      1.058179      1.058582      1.135078 
     1.419695      1.387646      1.417089      1.400417      1.211193      1.516156      1.075462      1.061663      1.062248      1.141430 
     1.417504      1.385428      1.415482      1.399279      1.214082      1.519615      1.065198      1.069000      1.069966      1.144986 
     1.415374      1.383119      1.414067      1.397740      1.216824      1.522954      1.059193      1.079519      1.081057      1.145593 
     1.413336      1.380742      1.412874      1.395819      1.219364      1.526207      1.058070      1.092321      1.094603      1.143276 
     1.411428      1.378324      1.411936      1.393531      1.221646      1.529424      1.062037      1.106397      1.109548      1.138224 
     1.409696      1.375895      1.411286      1.390890      1.223616      1.532668      1.070792      1.120688      1.124805      1.130801 
     1.408198      1.373487      1.410950      1.387922      1.225220      1.536000      1.083578      1.134197      1.139307      1.121524 
     1.406994      1.371134      1.410950      1.384650      1.226408      1.539476      1.099278      1.146013      1.152098      1.111080 
     1.406146      1.368870      1.411295      1.381109      1.227136      1.543138      1.116582      1.155377      1.162369      1.100285 
     1.405709      1.366729      1.411985      1.377332      1.227370      1.547004      1.134142      1.161697      1.169497      1.090042 
     1.405734      1.364738      1.413009      1.373353      1.227086      1.551078      1.150684      1.164569      1.173057      1.081271 
     1.406259      1.362922      1.414346      1.369209      1.226271      1.555341      1.165101      1.163780      1.172821      1.074805 
     1.407315      1.361295      1.415972      1.364936      1.224924      1.559758      1.176486      1.159314      1.168757      1.071294 
     1.408920      1.359870      1.417862      1.360565      1.223053      1.564286      1.184139      1.151360      1.161038      1.071141 
     1.411082      1.358651      1.419990      1.356130      1.220681      1.568868      1.187556      1.140317      1.150054      1.074436 
     1.413793      1.357637      1.422328      1.351670      1.217844      1.573438      1.186432      1.126822      1.136406      1.080941 
     1.417032      1.356821      1.424847      1.347226      1.214591      1.577918      1.180681      1.111758      1.120920      1.090111 
     1.420757      1.356191      1.427512      1.342843      1.210990      1.582217      1.170447      1.096237      1.104652      1.101159 
     1.424909      1.355728      1.430280      1.338571      1.207124      1.586231      1.156137      1.081543      1.088843      1.113168 
     1.429412      1.355408      1.433105      1.334455      1.203087      1.589854      1.138442      1.069012      1.074831      1.125184 
     1.434179      1.355202      1.435930      1.330541      1.198983      1.592978      1.118367      1.059866      1.063902      1.136299 
     1.439120      1.355077      1.438708      1.326862      1.194917      1.595501      1.097208      1.055043      1.057134      1.145724 
     1.444145      1.354999      1.441395      1.323452      1.190992      1.597337      1.076528      1.055066      1.055257      1.152825 
     1.449172      1.354936      1.443957      1.320335      1.187305      1.598416      1.058075      1.059935      1.058540      1.157124 
     1.454129      1.354857      1.446379      1.317531      1.183950      1.598685      1.043638      1.069160      1.066760      1.158306 
     1.458958      1.354732      1.448653      1.315056      1.181014      1.598110      1.034841      1.081840      1.079259      1.156221 
     1.463620      1.354540      1.450774      1.312931      1.178582      1.596684      1.032863      1.096802      1.095030      1.150876 
     1.468097      1.354264      1.452730      1.311177      1.176731      1.594423      1.038209      1.112749      1.112836      1.142485 
     1.472395      1.353893      1.454498      1.309820      1.175525      1.591368      1.050542      1.128375      1.131356      1.131500 
     1.476530      1.353428      1.456039      1.308885      1.175016      1.587590      1.068727      1.142464      1.149245      1.118631 
     1.480524      1.352880      1.457301      1.308401      1.175232      1.583179      1.091011      1.153956      1.165232      1.104852 
     1.484392      1.352270      1.458219      1.308388      1.176169      1.578237      1.115325      1.162020      1.178197      1.091362 
     1.488144      1.351628      1.458731      1.308855      1.177789      1.572867      1.139573      1.166100      1.187246      1.079482 
     1.491773      1.350992      1.458783      1.309803      1.180023      1.567173      1.161863      1.165924      1.191756      1.070469 
     1.495258      1.350405      1.458336      1.311221      1.182774      1.561255      1.180637      1.161534      1.191381      1.065295 
     1.498565      1.349908      1.457375      1.313088      1.185923      1.555215      1.194727      1.153260      1.186086      1.064515 
     1.501651      1.349546      1.455905      1.315368      1.189336      1.549161      1.203340      1.141715      1.176150      1.068165 
     1.504467      1.349355      1.453957      1.318021      1.192876      1.543204      1.206040      1.127770      1.162167      1.075745 
     1.506953      1.349370      1.451572      1.320991      1.196402      1.537457      1.202739      1.112539      1.145050      1.086315 
     1.509051      1.349613      1.448808      1.324220      1.199777      1.532027      1.193687      1.097295      1.126016      1.098648 
     1.510700      1.350101      1.445729      1.327639      1.202881      1.526997      1.179478      1.083370      1.106521      1.111427 
     1.511852      1.350835      1.442399      1.331180      1.205612      1.522422      1.161041      1.072000      1.088151      1.123417 
     1.512466      1.351814      1.438878      1.334781      1.207892      1.518321      1.139599      1.064161      1.072460      1.133595 
     1.512517      1.353025      1.435218      1.338387      1.209670      1.514684      1.116626      1.060434      1.060779      1.141220 
     1.511994      1.354454      1.431463      1.341956      1.210923      1.511479      1.093778      1.060942      1.054050      1.145857 
     1.510896      1.356082      1.427652      1.345455      1.211643      1.508669      1.072802      1.065369      1.052689      1.147348 
     1.509233      1.357891      1.423819      1.348864      1.211841      1.506217      1.055388      1.073048      1.056565      1.145776 
     1.507018      1.359865      1.419998      1.352167      1.211538      1.504105      1.043010      1.083085      1.065046      1.141421 
     1.504271      1.361985      1.416218      1.355354      1.210761      1.502336      1.036720      1.094494      1.077133      1.134728 
     1.501022      1.364232      1.412511      1.358419      1.209546      1.500935      1.036974      1.106300      1.091621      1.126270 
     1.497308      1.366585      1.408908      1.361352      1.207935      1.499951      1.043546      1.117618      1.107246      1.116724 
     1.493175      1.369020      1.405439      1.364145      1.205974      1.499449      1.055581      1.127690      1.122802      1.106845 
     1.488672      1.371509      1.402132      1.366789      1.203718      1.499496      1.071743      1.135898      1.137229      1.097430 
     1.483854      1.374023      1.399019      1.369273      1.201229      1.500157      1.090452      1.141782      1.149644      1.089261 
     1.478768      1.376529      1.396126      1.371583      1.198572      1.501482      1.110095      1.145039      1.159377      1.083032 
     1.473461      1.378993      1.393484      1.373709      1.195819      1.503503      1.129196      1.145524      1.165954      1.079282 
     1.467970      1.381381      1.391121      1.375639      1.193042      1.506236      1.146508      1.143242      1.169097      1.078347 
     1.462323      1.383660      1.389068      1.377361      1.190315      1.509678      1.161041      1.138345      1.168704      1.080320 
     1.456544      1.385796      1.387362      1.378864      1.187710      1.513811      1.172051      1.131131      1.164835      1.085043 
     1.450650      1.387753      1.386040      1.380139      1.185302      1.518601      1.179013      1.122044      1.157704      1.092133 
     1.444656      1.389498      1.385144      1.381172      1.183163      1.523996      1.181600      1.111681      1.147695      1.101027 
     1.438581      1.390994      1.384715      1.381955      1.181363      1.529921      1.179671      1.100772      1.135347      1.111034 
     1.432445      1.392203      1.384788      1.382477      1.179969      1.536280      1.173280      1.090151      1.121377      1.121406 
     1.426270      1.393092      1.385389      1.382731      1.179037      1.542953      1.162684      1.080711      1.106664      1.131397 
     1.420083      1.393627      1.386535      1.382713      1.178617      1.549805      1.148368      1.073324      1.092244      1.140314 
     1.413913      1.393780      1.388227      1.382427      1.178744      1.556688      1.131074      1.068742      1.079239      1.147559 
     1.407793      1.393530      1.390453      1.381878      1.179436      1.563454      1.111818      1.067481      1.068755      1.152642 
     1.401758      1.392859      1.393196      1.381080      1.180698      1.569962      1.091903      1.069764      1.061760      1.155206 
     1.395842      1.391757      1.396435      1.380052      1.182518      1.576089      1.072861      1.075462      1.058959      1.155028 
     1.390079      1.390222      1.400153      1.378816      1.184867      1.581736      1.056381      1.084119      1.060692      1.152027 
     1.384507      1.388255      1.404345      1.377396      1.187704      1.586830      1.044135      1.095025      1.066879      1.146273 
     1.379172      1.385868      1.409009      1.375822      1.190973      1.591327      1.037552      1.107290      1.077024      1.137989 
     1.374132      1.383079      1.414144      1.374128      1.194605      1.595210      1.037568      1.119943      1.090283      1.127570 
     1.369471      1.379918      1.419745      1.372350      1.198516      1.598480      1.044408      1.132016      1.105590      1.115624 
     1.365294      1.376427      1.425790      1.370527      1.202606      1.601152      1.057524      1.142609      1.121729      1.102952 
     1.361724      1.372660      1.432233      1.368701      1.206764      1.603246      1.075668      1.150948      1.137463      1.090550 
     1.358889      1.368687      1.439002      1.366918      1.210866      1.604779      1.097113      1.156425      1.151623      1.079532 
     1.356902      1.364588      1.446007      1.365220      1.214788      1.605765      1.119932      1.158639      1.163190      1.071022 
     1.355853      1.360449      1.453146      1.363649      1.218409      1.606213      1.142252      1.157416      1.171353      1.065968 
     1.355793      1.356352      1.460319      1.362236      1.221623      1.606126      1.162431      1.152818      1.175548      1.064996 
     1.356740      1.352379      1.467432      1.361007      1.224341      1.605510      1.179148      1.145142      1.175480      1.068281 
     1.358670      1.348605      1.474403      1.359979      1.226493      1.604370      1.191423      1.134905      1.171132      1.075527 
     1.361529      1.345095      1.481158      1.359164      1.228030      1.602714      1.198617      1.122838      1.162756      1.085990 
     1.365234      1.341903      1.487625      1.358564      1.228926      1.600553      1.200405      1.109850      1.150885      1.098610 
     1.369675      1.339080      1.493732      1.358176      1.229174      1.597898      1.196753      1.096967      1.136316      1.112169 
     1.374723      1.336659      1.499411      1.357990      1.228791      1.594763      1.187935      1.085263      1.120089      1.125435 
     1.380237      1.334665      1.504593      1.357993      1.227812      1.591159      1.174521      1.075745      1.103430      1.137265 
     1.386076      1.333105      1.509217      1.358164      1.226292      1.587101      1.157375      1.069235      1.087665      1.146717 
     1.392102      1.331975      1.513239      1.358478      1.224296      1.582605      1.137618      1.066249      1.074114      1.153122 
     1.398188      1.331262      1.516625      1.358913      1.221901      1.577690      1.116628      1.066942      1.063912      1.156051 
     1.404225      1.330942      1.519363      1.359437      1.219189      1.572380      1.095958      1.071090      1.057895      1.155353 
     1.410118      1.330987      1.521458      1.360022      1.216244      1.566709      1.077257      1.078158      1.056470      1.151128 
     1.415792      1.331365      1.522929      1.360639      1.213149      1.560720      1.062111      1.087385      1.059570      1.143704 
     1.421187      1.332042      1.523803      1.361258      1.209987      1.554463      1.051884      1.097904      1.066683      1.133622 
     1.426265      1.332980      1.524112      1.361852      1.206836      1.548006      1.047507      1.108842      1.076946      1.121601 
     1.431006      1.334145      1.523885      1.362394      1.203772      1.541424      1.049302      1.119388      1.089290      1.108525 
     1.435410      1.335502      1.523148      1.362862      1.200869      1.534811      1.056950      1.128839      1.102567      1.095404 
     1.439487      1.337016      1.521917      1.363234      1.198195      1.528267      1.069564      1.136630      1.115667      1.083308 
     1.443258      1.338655      1.520204      1.363491      1.195813      1.521901      1.085832      1.142332      1.127611      1.073292 
     1.446747      1.340389      1.518013      1.363621      1.193777      1.515820      1.104244      1.145650      1.137597      1.066290 
     1.449972      1.342192      1.515342      1.363613      1.192136      1.510129      1.123282      1.146426      1.145013      1.062995 
     1.452951      1.344038      1.512182      1.363463      1.190927      1.504926      1.141559      1.144627      1.149452      1.063781 
     1.455689      1.345908      1.508529      1.363172      1.190179      1.500307      1.157873      1.140348      1.150693      1.068654 
     1.458185      1.347785      1.504372      1.362746      1.189914      1.496363      1.171234      1.133818      1.148689      1.077263 
     1.460432      1.349655      1.499708      1.362195      1.190142      1.493180      1.180850      1.125410      1.143565      1.088949 
     1.462411      1.351505      1.494534      1.361539      1.190863      1.490838      1.186114      1.115648      1.135622      1.102837 
     1.464096      1.353324      1.488857      1.360801      1.192069      1.489405      1.186587      1.105203      1.125341      1.117926 
     1.465450      1.355099      1.482691      1.360017      1.193735      1.488921      1.182025      1.094890      1.113393      1.133162 
     1.466434      1.356821      1.476064      1.359228      1.195821      1.489407      1.172404      1.085633      1.100648      1.147531 
     1.467002      1.358474      1.469010      1.358484      1.198270      1.490845      1.157982      1.078369      1.088146      1.160110 
     1.467110      1.360047      1.461587      1.357839      1.201010      1.493187      1.139361      1.073944      1.077038      1.170104 
     1.466718      1.361527      1.453863      1.357356      1.203953      1.496346      1.117560      1.072981      1.068470      1.176872 
     1.465796      1.362900      1.445930      1.357093      1.206998      1.500203      1.094064      1.075740      1.063410      1.179964 
     1.464322      1.364155      1.437895      1.357110      1.210033      1.504609      1.070803      1.082063      1.062506      1.179140 
     1.462286      1.365283      1.429885      1.357459      1.212947      1.509395      1.050031      1.091377      1.065966      1.174381 
     1.459693      1.366277      1.422037      1.358184      1.215629      1.514390      1.034076      1.102776      1.073504      1.165908 
     1.456565      1.367136      1.414491      1.359313      1.217979      1.519428      1.024935      1.115162      1.084385      1.154164 
     1.452942      1.367864      1.407377      1.360864      1.219910      1.524377      1.023865      1.127387      1.097575      1.139832 
     1.448892      1.368466      1.400813      1.362840      1.221351      1.529138      1.031067      1.138390      1.111886      1.123818 
     1.444506      1.368951      1.394894      1.365229      1.222247      1.533654      1.045643      1.147292      1.126110      1.107233 
     1.439895      1.369330      1.389690      1.368004      1.222566      1.537891      1.065807      1.153438      1.139140      1.091338 
     1.435180      1.369615      1.385244      1.371123      1.222294      1.541826      1.089309      1.156428      1.150039      1.077440 
     1.430478      1.369820      1.381572      1.374536      1.221439      1.545444      1.113831      1.156118      1.158090      1.066763 
     1.425892      1.369956      1.378673      1.378186      1.220026      1.548732      1.137293      1.152592      1.162813      1.060278 
     1.421499      1.370040      1.376533      1.382012      1.218091      1.551684      1.158032      1.146144      1.163958      1.058557 
     1.417361      1.370080      1.375138      1.385957      1.215687      1.554296      1.174806      1.137251      1.161493      1.061701 
     1.413517      1.370082      1.374476      1.389957      1.212872      1.556572      1.186765      1.126547      1.155585      1.069328 
     1.409997      1.370053      1.374540      1.393950      1.209718      1.558515      1.193392      1.114811      1.146598      1.080644 
     1.406820      1.369989      1.375317      1.397870      1.206304      1.560130      1.194462      1.102937      1.135103      1.094565 
     1.403997      1.369890      1.376783      1.401650      1.202717      1.561416      1.190016      1.091876      1.121870      1.109855 
     1.401536      1.369747      1.378899      1.405220      1.199054      1.562371      1.180361      1.082567      1.107847      1.125260 
     1.399442      1.369548      1.381602      1.408513      1.195416      1.562981      1.166081      1.075828      1.094112      1.139623 
     1.397711      1.369284      1.384818      1.411464      1.191903      1.563234      1.148050      1.072237      1.081783      1.151949 
     1.396340      1.368941      1.388457      1.414015      1.188613      1.563111      1.127425      1.072070      1.071914      1.161463 
     1.395318      1.368505      1.392427      1.416119      1.185630      1.562598      1.105628      1.075249      1.065368      1.167631 
     1.394627      1.367967      1.396641      1.417737      1.183030      1.561685      1.084295      1.081380      1.062696      1.170157 
     1.394246      1.367318      1.401023      1.418836      1.180871      1.560369      1.065168      1.089806      1.064064      1.168966 
     1.394149      1.366554      1.405508      1.419398      1.179197      1.558661      1.049928      1.099722      1.069239      1.164195 
     1.394315      1.365672      1.410045      1.419404      1.178038      1.556583      1.040005      1.110271      1.077644      1.156170 
     1.394729      1.364678      1.414597      1.418844      1.177408      1.554179      1.036351      1.120643      1.088454      1.145385 
     1.395393      1.363581      1.419132      1.417709      1.177308      1.551505      1.039267      1.130109      1.100709      1.132477 
     1.396323      1.362393      1.423621      1.415996      1.177728      1.548633      1.048360      1.138068      1.113412      1.118247 
     1.397554      1.361134      1.428032      1.413704      1.178645      1.545647      1.062626      1.144048      1.125615      1.103632 
     1.399125      1.359825      1.432333      1.410839      1.180023      1.542632      1.080631      1.147708      1.136466      1.089671 
     1.401076      1.358495      1.436491      1.407409      1.181817      1.539672      1.100748      1.148840      1.145267      1.077441 
     1.403439      1.357176      1.440478      1.403426      1.183972      1.536841      1.121365      1.147362      1.151483      1.067956 
     1.406238      1.355899      1.444266      1.398907      1.186427      1.534203      1.141025      1.143323      1.154753      1.062047 
     1.409486      1.354698      1.447837      1.393865      1.189118      1.531813      1.158496      1.136904      1.154899      1.060266 
     1.413188      1.353606      1.451176      1.388319      1.191977      1.529722      1.172781      1.128407      1.151911      1.062797 
     1.417341      1.352655      1.454272      1.382285      1.194935      1.527973      1.183109      1.118286      1.145957      1.069443 
     1.421930      1.351878      1.457115      1.375791      1.197923      1.526611      1.188900      1.107134      1.137378      1.079646 
     1.426931      1.351306      1.459690      1.368868      1.200868      1.525669      1.189760      1.095700      1.126704      1.092567 
     1.432307      1.350968      1.461979      1.361564      1.203695      1.525175      1.185487      1.084852      1.114639      1.107177 
     1.438003      1.350888      1.463950      1.353950      1.206327      1.525136      1.176100      1.075521      1.102065      1.122360 
     1.443953      1.351084      1.465566      1.346118      1.208687      1.525545      1.161896      1.068627      1.089991      1.137021 
     1.450077      1.351566      1.466788      1.338179      1.210702      1.526374      1.143497      1.064938      1.079483      1.150154 
     1.456285      1.352334      1.467575      1.330261      1.212307      1.527580      1.121910      1.064961      1.071546      1.160899 
     1.462481      1.353380      1.467891      1.322510      1.213448      1.529107      1.098558      1.068829      1.066992      1.168592 
     1.468566      1.354682      1.467711      1.315084      1.214082      1.530894      1.075272      1.076281      1.066299      1.172770 
     1.474442      1.356213      1.467026      1.308139      1.214181      1.532878      1.054191      1.086691      1.069537      1.173185 
     1.480024      1.357939      1.465843      1.301824      1.213737      1.534999      1.037531      1.099141      1.076384      1.169821 
     1.485237      1.359822      1.464190      1.296274      1.212757      1.537203      1.027236      1.112551      1.086155      1.162885 
     1.490033      1.361821      1.462102      1.291610      1.211267      1.539455      1.024642      1.125836      1.097919      1.152777 
     1.494382      1.363893      1.459621      1.287932      1.209310      1.541739      1.030154      1.137986      1.110630      1.140109 
     1.498275      1.365996      1.456794      1.285317      1.206946      1.544056      1.043151      1.148145      1.123236      1.125693 
     1.501719      1.368087      1.453665      1.283817      1.204253      1.546418      1.062119      1.155648      1.134765      1.110536 
     1.504724      1.370121      1.450284      1.283453      1.201325      1.548830      1.084978      1.160045      1.144377      1.095793 
     1.507305      1.372060      1.446690      1.284215      1.198273      1.551288      1.109454      1.161105      1.151421      1.082679 
     1.509477      1.373867      1.442922      1.286052      1.195214      1.553768      1.133413      1.158823      1.155461      1.072347 
     1.511249      1.375514      1.439014      1.288892      1.192267      1.556234      1.155063      1.153401      1.156267      1.065720 
     1.512629      1.376978      1.434999      1.292635      1.189546      1.558636      1.173007      1.145227      1.153814      1.063377 
     1.513621      1.378241      1.430911      1.297172      1.187157      1.560918      1.186255      1.134856      1.148267      1.065459 
     1.514223      1.379291      1.426790      1.302385      1.185195      1.563021      1.194165      1.122988      1.139985      1.071671 
     1.514427      1.380119      1.422679      1.308155      1.183743      1.564877      1.196385      1.110448      1.129500      1.081335 
     1.514218      1.380724      1.418624      1.314362      1.182866      1.566420      1.192837      1.098157      1.117521      1.093485 
     1.513581      1.381105      1.414677      1.320884      1.182615      1.567572      1.183707      1.087066      1.104918      1.107005 
     1.512499      1.381272      1.410889      1.327602      1.183020      1.568257      1.169465      1.078083      1.092661      1.120734 
     1.510959      1.381235      1.407312      1.334401      1.184087      1.568397      1.150897      1.071954      1.081758      1.133589 
     1.508952      1.381016      1.403991      1.341173      1.185799      1.567924      1.129130      1.069184      1.073158      1.144635 
     1.506475      1.380642      1.400974      1.347824      1.188116      1.566777      1.105645      1.069955      1.067626      1.153133 
     1.503529      1.380147      1.398301      1.354274      1.190979      1.564913      1.082246      1.074097      1.065644      1.158570 
     1.500119      1.379568      1.396018      1.360453      1.194312      1.562302      1.060960      1.081126      1.067342      1.160661 
     1.496250      1.378948      1.394165      1.366309      1.198031      1.558934      1.043855      1.090324      1.072484      1.159337 
     1.491930      1.378333      1.392777      1.371807      1.202044      1.554818      1.032774      1.100849      1.080512      1.154736 
     1.487175      1.377768      1.391884      1.376918      1.206258      1.549989      1.029009      1.111837      1.090635      1.147186 
     1.482014      1.377302      1.391508      1.381624      1.210574      1.544513      1.033048      1.122472      1.101933      1.137195 
     1.476504      1.376978      1.391661      1.385908      1.214895      1.538487      1.044458      1.132041      1.113441      1.125450 
     1.470725      1.376841      1.392345      1.389753      1.219117      1.532037      1.061979      1.139952      1.124232      1.112798 
     1.464779      1.376931      1.393545      1.393146      1.223136      1.525311      1.083773      1.145749      1.133473      1.100223 
     1.458781      1.377282      1.395233      1.396072      1.226850      1.518466      1.107742      1.149114      1.140482      1.088777 
     1.452841      1.377919      1.397369      1.398522      1.230164      1.511651      1.131827      1.149878      1.144767      1.079477 
     1.447061      1.378861      1.399904      1.400494      1.232995      1.505005      1.154209      1.148028      1.146053      1.073184 
     1.441524      1.380115      1.402792      1.401991      1.235272      1.498645      1.173407      1.143704      1.144292      1.070484 
     1.436295      1.381681      1.405984      1.403023      1.236944      1.492670      1.188309      1.137186      1.139653      1.071603 
     1.431417      1.383551      1.409439      1.403603      1.237971      1.487167      1.198139      1.128903      1.132512      1.076379 
     1.426923      1.385705      1.413117      1.403749      1.238329      1.482213      1.202425      1.119412      1.123437      1.084293 
     1.422834      1.388116      1.416976      1.403482      1.238009      1.477875      1.200964      1.109385      1.113163      1.094551 
     1.419164      1.390747      1.420973      1.402826      1.237016      1.474209      1.193824      1.099574      1.102555      1.106180 
     1.415920      1.393549      1.425061      1.401809      1.235372      1.471255      1.181350      1.090768      1.092557      1.118148 
     1.413101      1.396464      1.429186      1.400462      1.233118      1.469037      1.164194      1.083711      1.084092      1.129464 
     1.410697      1.399428      1.433291      1.398822      1.230312      1.467558      1.143340      1.079020      1.077965      1.139260 
     1.408690      1.402372      1.437324      1.396927      1.227024      1.466801      1.120118      1.077097      1.074754      1.146852 
     1.407050      1.405225      1.441236      1.394814      1.223340      1.466732      1.096178      1.078078      1.074738      1.151763 
     1.405738      1.407918      1.444990      1.392522      1.219352      1.467305      1.073418      1.081810      1.077855      1.153738 
     1.404707      1.410386      1.448562      1.390084      1.215160      1.468464      1.053829      1.087885      1.083731      1.152729 
     1.403910      1.412570      1.451940      1.387529      1.210859      1.470151      1.039278      1.095706      1.091753      1.148878 
     1.403308      1.414416      1.455125      1.384883      1.206543      1.472312      1.031226      1.104567      1.101156      1.142499 
     1.402877      1.415878      1.458127      1.382165      1.202299      1.474910      1.030471      1.113753      1.111129      1.134052 
     1.402615      1.416914      1.460954      1.379391      1.198214      1.477921      1.036978      1.122588      1.120880      1.124130 
     1.402541      1.417485      1.463616      1.376578      1.194368      1.481333      1.049894      1.130483      1.129692      1.113443 
     1.402682      1.417557      1.466115      1.373742      1.190840      1.485141      1.067732      1.136958      1.136952      1.102799 
     1.403075      1.417105      1.468451      1.370903      1.187703      1.489333      1.088641      1.141659      1.142175      1.093052 
     1.403755      1.416106      1.470614      1.368083      1.185019      1.493891      1.110692      1.144362      1.145025      1.085033 
     1.404744      1.414549      1.472596      1.365307      1.182839      1.498780      1.132094      1.144972      1.145317      1.079460 
     1.406052      1.412429      1.474385      1.362602      1.181198      1.503960      1.151324      1.143516      1.143024      1.076857 
     1.407685      1.409749      1.475968      1.359994      1.180113      1.509382      1.167191      1.140144      1.138274      1.077475 
     1.409634      1.406516      1.477337      1.357514      1.179587      1.514996      1.178818      1.135105      1.131349      1.081269 
     1.411883      1.402744      1.478480      1.355191      1.179607      1.520749      1.185610      1.128748      1.122674      1.087907 
     1.414410      1.398451      1.479386      1.353059      1.180148      1.526585      1.187229      1.121506      1.112812      1.096808 
     1.417185      1.393663      1.480041      1.351155      1.181170      1.532440      1.183565      1.113872      1.102453      1.107218 
     1.420171      1.388411      1.480425      1.349516      1.182622      1.538244      1.174742      1.106382      1.092382      1.118284 
     1.423326      1.382734      1.480517      1.348182      1.184441      1.543918      1.161138      1.099574      1.083422      1.129123 
     1.426598      1.376681      1.480296      1.347191      1.186556      1.549374      1.143420      1.093959      1.076367      1.138905 
     1.429931      1.370309      1.479743      1.346576      1.188885      1.554523      1.122569      1.089948      1.071894      1.146900 
     1.433264      1.363679      1.478844      1.346367      1.191344      1.559269      1.099916      1.087827      1.070465      1.152512 
     1.436530      1.356858      1.477592      1.346587      1.193845      1.563522      1.077126      1.087717      1.072271      1.155311 
     1.439664      1.349913      1.475990      1.347253      1.196300      1.567193      1.056119      1.089560      1.077198      1.155042 
     1.442603      1.342916      1.474045      1.348374      1.198628      1.570205      1.038952      1.093147      1.084845      1.151628 
     1.445291      1.335933      1.471768      1.349953      1.200749      1.572492      1.027544      1.098135      1.094584      1.145173 
     1.447691      1.329031      1.469167      1.351990      1.202590      1.574011      1.023357      1.104104      1.105639      1.135965 
     1.449784      1.322279      1.466243      1.354482      1.204083      1.574747      1.027144      1.110608      1.117161      1.124483 
     1.451570      1.315756      1.462995      1.357418      1.205164      1.574709      1.038762      1.117203      1.128288      1.111400 
     1.453069      1.309548      1.459416      1.360783      1.205771      1.573935      1.057205      1.123464      1.138187      1.097594 
     1.454314      1.303760      1.455496      1.364547      1.205851      1.572479      1.080793      1.129003      1.146093      1.084135 
     1.455343      1.298508      1.451226      1.368674      1.205357      1.570408      1.107480      1.133481      1.151349      1.072237 
     1.456190      1.293915      1.446606      1.373108      1.204261      1.567790      1.135122      1.136618      1.153445      1.063136 
     1.456886      1.290096      1.441640      1.377790      1.202547      1.564694      1.161709      1.138197      1.152069      1.057936 
     1.457447      1.287162      1.436348      1.382649      1.200226      1.561185      1.185478      1.138109      1.147145      1.057424 
     1.457881      1.285209      1.430766      1.387606      1.197329      1.557333      1.204954      1.136347      1.138863      1.061938 
     1.458184      1.284315      1.424955      1.392576      1.193920      1.553207      1.218945      1.133015      1.127701      1.071284 
     1.458343      1.284530      1.419001      1.397463      1.190091      1.548887      1.226546      1.128350      1.114443      1.084745 
     1.458338      1.285873      1.413011      1.402160      1.185970      1.544462      1.227159      1.122716      1.100176      1.101187 
     1.458150      1.288317      1.407116      1.406549      1.181719      1.540026      1.220522      1.116580      1.086234      1.119209 
     1.457757      1.291789      1.401458      1.410513      1.177526      1.535673      1.206785      1.110483      1.074055      1.137316 
     1.457135      1.296166      1.396182      1.413934      1.173598      1.531488      1.186577      1.104980      1.064981      1.154059 
     1.456270      1.301285      1.391419      1.416713      1.170134      1.527544      1.161076      1.100580      1.060022      1.168207 
     1.455146      1.306954      1.387282      1.418772      1.167314      1.523896      1.131981      1.097636      1.059711      1.178837 
     1.453753      1.312975      1.383856      1.420063      1.165279      1.520574      1.101472      1.096309      1.063983      1.185383 
     1.452080      1.319158      1.381195      1.420569      1.164124      1.517590      1.072115      1.096596      1.072196      1.187594 
     1.450114      1.325343      1.379323      1.420302      1.163890      1.514928      1.046596      1.098299      1.083321      1.185519 
     1.447845      1.331403      1.378240      1.419300      1.164572      1.512561      1.027413      1.101099      1.096144      1.179441 
     1.445270      1.337253      1.377930      1.417613      1.166130      1.510457      1.016490      1.104612      1.109472      1.169830 
     1.442402      1.342840      1.378367      1.415301      1.168497      1.508600      1.014805      1.108445      1.122240      1.157296 
     1.439277      1.348137      1.379519      1.412430      1.171586      1.506996      1.022199      1.112241      1.133575      1.142581 
     1.435958      1.353131      1.381351      1.409070      1.175297      1.505673      1.037433      1.115697      1.142795      1.126571 
     1.432524      1.357815      1.383821      1.405298      1.179512      1.504673      1.058472      1.118569      1.149414      1.110301 
     1.429065      1.362187      1.386880      1.401197      1.184104      1.504029      1.082921      1.120697      1.153115      1.094920 
     1.425671      1.366247      1.390471      1.396859      1.188936      1.503761      1.108392      1.121991      1.153756      1.081611 
     1.422423      1.369997      1.394535      1.392376      1.193868      1.503865      1.132775      1.122427      1.151375      1.071481 
     1.419383      1.373452      1.399013      1.387834      1.198772      1.504318      1.154386      1.122055      1.146163      1.065397 
     1.416602      1.376625      1.403855      1.383317      1.203528      1.505086      1.171977      1.120976      1.138473      1.063875 
     1.414114      1.379533      1.409014      1.378902      1.208029      1.506125      1.184703      1.119339      1.128795      1.066994 
     1.411940      1.382195      1.414453      1.374657      1.212181      1.507388      1.192056      1.117331      1.117752      1.074385 
     1.410099      1.384626      1.420135      1.370646      1.215902      1.508826      1.193822      1.115161      1.106092      1.085298 
     1.408597      1.386841      1.426022      1.366930      1.219122      1.510380      1.190035      1.113040      1.094655      1.098695 
     1.407440      1.388849      1.432068      1.363561      1.221784      1.511988      1.180975      1.111173      1.084321      1.113392 
     1.406624      1.390659      1.438222      1.360586      1.223846      1.513578      1.167180      1.109734      1.075930      1.128181 
     1.406139      1.392276      1.444426      1.358044      1.225280      1.515074      1.149453      1.108847      1.070189      1.141941 
     1.405966      1.393706      1.450627      1.355961      1.226072      1.516399      1.128879      1.108579      1.067586      1.153714 
     1.406080      1.394954      1.456777      1.354353      1.226226      1.517475      1.106817      1.108928      1.068311      1.162743 
     1.406444      1.396027      1.462837      1.353223      1.225759      1.518232      1.084873      1.109831      1.072242      1.168487 
     1.407019      1.396928      1.468785      1.352567      1.224699      1.518604      1.064815      1.111164      1.078961      1.170617 
     1.407763      1.397662      1.474609      1.352371      1.223082      1.518535      1.048434      1.112771      1.087830      1.169015 
     1.408638      1.398236      1.480314      1.352613      1.220953      1.517980      1.037343      1.114484      1.098068      1.163737 
     1.409623      1.398651      1.485910      1.353265      1.218358      1.516906      1.032734      1.116142      1.108849      1.155011 
     1.410714      1.398911      1.491414      1.354293      1.215351      1.515298      1.035169      1.117596      1.119368      1.143233 
     1.411931      1.399012      1.496834      1.355665      1.211991      1.513159      1.044489      1.118744      1.128872      1.128979 
     1.413315      1.398951      1.502173      1.357340      1.208342      1.510509      1.059852      1.119514      1.136680      1.113026 
     1.414924      1.398717      1.507418      1.359277      1.204481      1.507378      1.079880      1.119866      1.142209      1.096377 
     1.416822      1.398299      1.512543      1.361426      1.200498      1.503808      1.102877      1.119787      1.144992      1.080246 
     1.419072      1.397681      1.517507      1.363733      1.196493      1.499839      1.127059      1.119290      1.144703      1.066000 
     1.421729      1.396843      1.522263      1.366142      1.192576      1.495510      1.150726      1.118402      1.141190      1.055037 
     1.424841      1.395765      1.526758      1.368593      1.188863      1.490857      1.172359      1.117166      1.134499      1.048618 
     1.428447      1.394425      1.530938      1.371023      1.185473      1.485915      1.190667      1.115644      1.124908      1.047667 
     1.432578      1.392798      1.534751      1.373369      1.182530      1.480719      1.204573      1.113917      1.112958      1.052620 
     1.437252      1.390864      1.538139      1.375569      1.180154      1.475320      1.213198      1.112091      1.099480      1.063333 
     1.442469      1.388603      1.541040      1.377563      1.178462      1.469789      1.215853      1.110294      1.085592      1.079086 
     1.448208      1.386011      1.543382      1.379287      1.177563      1.464222      1.212064      1.108671      1.072653      1.098668 
     1.454418      1.383105      1.545090      1.380682      1.177541      1.458745      1.201644      1.107373      1.062136      1.120532 
     1.461012      1.379921      1.546089      1.381695      1.178442      1.453515      1.184814      1.106543      1.055405      1.142972 
     1.467865      1.376527      1.546317      1.382288      1.180262      1.448712      1.162310      1.106292      1.053440      1.164292 
     1.474819      1.373013      1.545737      1.382441      1.182935      1.444525      1.135486      1.106679      1.056595      1.182950 
     1.481691      1.369491      1.544347      1.382154      1.186338      1.441129      1.106326      1.107684      1.064488      1.197687 
     1.488293      1.366075      1.542180      1.381451      1.190302      1.438665      1.077350      1.109206      1.076083      1.207607 
     1.494451      1.362877      1.539292      1.380374      1.194629      1.437219      1.051356      1.111070      1.089934      1.212207 
     1.500025      1.359985      1.535759      1.378976      1.199122      1.436815      1.031053      1.113051      1.104491      1.211357 
     1.504923      1.357469      1.531653      1.377314      1.203601      1.437436      1.018593      1.114919      1.118357      1.205243 
     1.509105      1.355377      1.527039      1.375441      1.207913      1.439043      1.015160      1.116460      1.130428      1.194296 
     1.512574      1.353738      1.521967      1.373407      1.211935      1.441602      1.020771      1.117513      1.139918      1.179151 
     1.515363      1.352567      1.516481      1.371259      1.215566      1.445088      1.034309      1.117973      1.146340      1.160644 
     1.517521      1.351869      1.510619      1.369042      1.218725      1.449475      1.053810      1.117798      1.149471      1.139825 
     1.519105      1.351641      1.504418      1.366803      1.221345      1.454719      1.076889      1.117004      1.149321      1.117977 
     1.520170      1.351869      1.497908      1.364585      1.223379      1.460746      1.101144      1.115656      1.146104      1.096578 
     1.520765      1.352532      1.491113      1.362428      1.224797      1.467451      1.124464      1.113862      1.140223      1.077215 
     1.520934      1.353602      1.484045      1.360368      1.225588      1.474706      1.145179      1.111757      1.132222      1.061435 
     1.520713      1.355044      1.476708      1.358433      1.225759      1.482380      1.162084      1.109499      1.122754      1.050554 
     1.520130      1.356827      1.469094      1.356641      1.225325      1.490356      1.174387      1.107247      1.112538      1.045480 
     1.519205      1.358914      1.461198      1.355011      1.224314      1.498539      1.181635      1.105165      1.102335      1.046563 
     1.517950      1.361271      1.453027      1.353554      1.222757      1.506861      1.183623      1.103398      1.092914      1.053566 
     1.516370      1.363858      1.444601      1.352282      1.220692      1.515271      1.180365      1.102074      1.085021      1.065702 
     1.514466      1.366635      1.435968      1.351204      1.218168      1.523726      1.172089      1.101293      1.079319      1.081761 
     1.512237      1.369555      1.427191      1.350326      1.215241      1.532180      1.159249      1.101111      1.076328      1.100280 
     1.509679      1.372562      1.418359      1.349653      1.211981      1.540573      1.142573      1.101543      1.076347      1.119721 
     1.506789      1.375598      1.409573      1.349184      1.208468      1.548830      1.123097      1.102544      1.079395      1.138623 
     1.503558      1.378601      1.400944      1.348915      1.204795      1.556859      1.102170      1.104018      1.085197      1.155700 
     1.499976      1.381505      1.392589      1.348833      1.201058      1.564558      1.081416      1.105820      1.093221      1.169905 
     1.496021      1.384254      1.384615      1.348921      1.197357      1.571822      1.062625      1.107775      1.102754      1.180455 
     1.491670      1.386790      1.377122      1.349155      1.193787      1.578552      1.047594      1.109701      1.112990      1.186826 
     1.486891      1.389070      1.370191      1.349511      1.190435      1.584667      1.037889      1.111434      1.123118      1.188716 
     1.481654      1.391055      1.363888      1.349959      1.187377      1.590108      1.034613      1.112845      1.132390      1.186015 
     1.475936      1.392714      1.358267      1.350472      1.184683      1.594841      1.038218      1.113854      1.140152      1.178780 
     1.469730      1.394018      1.353384      1.351020      1.182419      1.598849      1.048443      1.114443      1.145846      1.167236 
     1.463051      1.394939      1.349288      1.351576      1.180643      1.602129      1.064360      1.114651      1.149017      1.151799 
     1.455939      1.395455      1.346035      1.352112      1.179410      1.604679      1.084535      1.114563      1.149320      1.133147 
     1.448458      1.395546      1.343673      1.352605      1.178764      1.606488      1.107233      1.114291      1.146547      1.112276 
     1.440694      1.395202      1.342239      1.353032      1.178736      1.607536      1.130633      1.113968      1.140646      1.090539 
     1.432748      1.394421      1.341759      1.353381      1.179339      1.607787      1.152997      1.113720      1.131773      1.069641 
     1.424728      1.393214      1.342237      1.353642      1.180561      1.607196      1.172787      1.113650      1.120307      1.051507 
     1.416743      1.391602      1.343661      1.353820      1.182370      1.605712      1.188723      1.113832      1.106880      1.038076 
     1.408900      1.389616      1.346013      1.353923      1.184713      1.603283      1.199813      1.114300      1.092377      1.031000 
     1.401306      1.387298      1.349275      1.353972      1.187517      1.599867      1.205328      1.115051      1.077927      1.031323 
     1.394070      1.384693      1.353430      1.353996      1.190690      1.595440      1.204792      1.116034      1.064873      1.039270 
     1.387311      1.381860      1.358458      1.354034      1.194120      1.590006      1.198010      1.117178      1.054628      1.054137 
     1.381162      1.378869      1.364323      1.354125      1.197672      1.583610      1.185122      1.118371      1.048510      1.074437 
     1.375759      1.375806      1.370957      1.354311      1.201196      1.576347      1.166713      1.119483      1.047464      1.098139 
     1.371228      1.372764      1.378249      1.354629      1.204527      1.568368      1.143903      1.120380      1.051814      1.122979 
     1.367664      1.369844      1.386050      1.355106      1.207506      1.559869      1.118385      1.120940      1.061131      1.146791 
     1.365107      1.367138      1.394182      1.355756      1.209991      1.551079      1.092327      1.121071      1.074307      1.167736 
     1.363536      1.364717      1.402459      1.356578      1.211878      1.542226      1.068201      1.120760      1.089814      1.184455 
     1.362880      1.362631      1.410716      1.357558      1.213108      1.533507      1.048373      1.120003      1.106009      1.196121 
     1.363033      1.360904      1.418823      1.358676      1.213660      1.525077      1.034741      1.118824      1.121402      1.202383 
     1.363887      1.359537      1.426689      1.359907      1.213550      1.517051      1.028520      1.117297      1.134829      1.203252 
     1.365352      1.358516      1.434259      1.361227      1.212814      1.509521      1.030033      1.115544      1.145462      1.198993 
     1.367365      1.357821      1.441492      1.362613      1.211500      1.502567      1.038669      1.113682      1.152786      1.190046 
     1.369886      1.357426      1.448360      1.364040      1.209669      1.496267      1.053120      1.111854      1.156548      1.177004 
     1.372886      1.357300      1.454835      1.365484      1.207389      1.490696      1.071596      1.110188      1.156715      1.160624 
     1.376339      1.357411      1.460887      1.366917      1.204739      1.485914      1.092150      1.108796      1.153445      1.141835 
     1.380208      1.357728      1.466482      1.368313      1.201804      1.481961      1.112936      1.107763      1.147053      1.121745 
     1.384453      1.358215      1.471583      1.369644      1.198676      1.478852      1.132373      1.107142      1.138026      1.101626 
     1.389028      1.358835      1.476157      1.370884      1.195448      1.476570      1.149219      1.106958      1.126996      1.082857 
     1.393886      1.359550      1.480171      1.372011      1.192213      1.475077      1.162577      1.107197      1.114714      1.066824 
     1.398989      1.360322      1.483599      1.373005      1.189056      1.474317      1.171855      1.107814      1.102017      1.054784 
     1.404305      1.361116      1.486419      1.373849      1.186059      1.474236      1.176706      1.108737      1.089777      1.047717 
     1.409806      1.361899      1.488617      1.374528      1.183298      1.474789      1.176993      1.109893      1.078885      1.046204 
     1.415478      1.362637      1.490184      1.375028      1.180843      1.475948      1.172730      1.111189      1.070193      1.050331 
     1.421306      1.363297      1.491120      1.375337      1.178765      1.477709      1.164092      1.112520      1.064432      1.059688 
     1.427273      1.363848      1.491432      1.375444      1.177131      1.480085      1.151417      1.113780      1.062157      1.073441 
     1.433355      1.364260      1.491134      1.375336      1.176006      1.483107      1.135258      1.114847      1.063678      1.090435 
     1.439513      1.364503      1.490250      1.375009      1.175451      1.486803      1.116450      1.115604      1.068979      1.109327 
     1.445698      1.364553      1.488813      1.374459      1.175514      1.491193      1.096160      1.115936      1.077698      1.128720 
     1.451841      1.364387      1.486863      1.373693      1.176231      1.496279      1.075892      1.115735      1.089170      1.147271 
     1.457867      1.363991      1.484449      1.372725      1.177617      1.502032      1.057416      1.114923      1.102496      1.163776 
     1.463695      1.363357      1.481620      1.371576      1.179669      1.508407      1.042618      1.113465      1.116642      1.177209 
     1.469251      1.362482      1.478424      1.370275      1.182364      1.515347      1.033231      1.111360      1.130579      1.186756 
     1.474471      1.361369      1.474905      1.368855      1.185666      1.522796      1.030537      1.108670      1.143326      1.191811 
     1.479308      1.360029      1.471103      1.367358      1.189522      1.530712      1.035152      1.105543      1.154015      1.191974 
     1.483729      1.358476      1.467052      1.365828      1.193864      1.539057      1.046860      1.102195      1.161898      1.187019 
     1.487710      1.356736      1.462790      1.364318      1.198606      1.547793      1.064649      1.098909      1.166366      1.176941 
     1.491230      1.354841      1.458356      1.362887      1.203638      1.556867      1.086900      1.096020      1.166973      1.162026 
     1.494269      1.352837      1.453795      1.361598      1.208831      1.566194      1.111627      1.093885      1.163473      1.142930 
     1.496806      1.350784      1.449154      1.360515      1.214030      1.575648      1.136708      1.092800      1.155871      1.120755 
     1.498822      1.348746      1.444478      1.359699      1.219075      1.585063      1.160155      1.092968      1.144467      1.097071 
     1.500304      1.346790      1.439796      1.359200      1.223811      1.594254      1.180285      1.094483      1.129870      1.073858 
     1.501248      1.344978      1.435125      1.359057      1.228098      1.603034      1.195800      1.097269      1.113007      1.053306 
     1.501663      1.343368      1.430465      1.359292      1.231824      1.611244      1.205837      1.101139      1.095073      1.037555 
     1.501564      1.342008      1.425802      1.359915      1.234911      1.618752      1.209915      1.105799      1.077462      1.028359 
     1.500969      1.340933      1.421125      1.360928      1.237307      1.625472      1.207874      1.110904      1.061668      1.026756 
     1.499898      1.340170      1.416444      1.362328      1.238984      1.631349      1.199817      1.116108      1.049187      1.032906 
     1.498365      1.339742      1.411790      1.364103      1.239929      1.636351      1.186077      1.121047      1.041361      1.046104 
     1.496381      1.339666      1.407232      1.366238      1.240139      1.640456      1.167253      1.125377      1.039166      1.064935 
     1.493949      1.339954      1.402865      1.368710      1.239624      1.643649      1.144288      1.128789      1.043029      1.087536 
     1.491073      1.340609      1.398808      1.371482      1.238411      1.645915      1.118556      1.131036      1.052694      1.111901 
     1.487747      1.341625      1.395192      1.374504      1.236544      1.647241      1.091884      1.131937      1.067239      1.136100 
     1.483960      1.342984      1.392142      1.377718      1.234089      1.647615      1.066503      1.131413      1.085222      1.158431 
     1.479696      1.344658      1.389771      1.381058      1.231128      1.647030      1.044841      1.129468      1.104976      1.177550 
     1.474934      1.346610      1.388158      1.384459      1.227751      1.645487      1.029211      1.126219      1.124856      1.192482 
     1.469656      1.348802      1.387361      1.387862      1.224052      1.642995      1.021382      1.121867      1.143410      1.202585 
     1.463859      1.351197      1.387415      1.391210      1.220126      1.639579      1.022281      1.116688      1.159475      1.207502 
     1.457563      1.353755      1.388341      1.394450      1.216062      1.635283      1.031810      1.111033      1.172149      1.207071 
     1.450826      1.356434      1.390145      1.397526      1.211955      1.630174      1.048884      1.105309      1.180775      1.201318 
     1.443736      1.359189      1.392822      1.400375      1.207909      1.624337      1.071666      1.099953      1.184901      1.190451 
     1.436413      1.361964      1.396346      1.402927      1.204037      1.617873      1.097897      1.095397      1.184285      1.174924 
     1.429000      1.364699      1.400661      1.405109      1.200462      1.610894      1.125226      1.092031      1.178924      1.155498 
     1.421655      1.367325      1.405682      1.406846      1.197305      1.603513      1.151454      1.090159      1.169095      1.133303 
     1.414542      1.369775      1.411289      1.408072      1.194678      1.595834      1.174711      1.089943      1.155374      1.109831 
     1.407814      1.371986      1.417335      1.408740      1.192671      1.587946      1.193547      1.091367      1.138658      1.086879 
     1.401609      1.373907      1.423663      1.408822      1.191346      1.579907      1.206961      1.094267      1.120126      1.066396 
     1.396039      1.375502      1.430115      1.408309      1.190729      1.571747      1.214377      1.098366      1.101151      1.050249 
     1.391187      1.376751      1.436545      1.407214      1.190818      1.563476      1.215589      1.103289      1.083234      1.039965 
     1.387112      1.377643      1.442830      1.405562      1.191585      1.555095      1.210685      1.108619      1.067871      1.036476 
     1.383845      1.378184      1.448872      1.403394      1.192976      1.546617      1.200005      1.113934      1.056399      1.039945 
     1.381406      1.378386      1.454597      1.400757      1.194922      1.538085      1.184131      1.118845      1.049859      1.049764 
     1.379797      1.378267      1.459950      1.397713      1.197333      1.529581      1.163915      1.123004      1.048820      1.064667 
     1.379001      1.377854      1.464889      1.394335      1.200106      1.521222      1.140530      1.126117      1.053270      1.082955 
     1.378979      1.377176      1.469382      1.390708      1.203122      1.513159      1.115489      1.127962      1.062579      1.102767 
     1.379668      1.376271      1.473410      1.386924      1.206254      1.505546      1.090627      1.128409      1.075624      1.122304 
     1.380980      1.375180      1.476962      1.383076      1.209374      1.498518      1.067962      1.127423      1.090975      1.140029 
     1.382818      1.373944      1.480042      1.379250      1.212364      1.492179      1.049475      1.125064      1.107129      1.154752 
     1.385083      1.372600      1.482662      1.375519      1.215123      1.486597      1.036842      1.121501      1.122739      1.165693 
     1.387691      1.371183      1.484843      1.371937      1.217565      1.481808      1.031142      1.116967      1.136701      1.172410 
     1.390570      1.369722      1.486604      1.368544      1.219623      1.477822      1.032681      1.111743      1.148187      1.174725 
     1.393673      1.368240      1.487964      1.365369      1.221244      1.474657      1.040990      1.106170      1.156628      1.172681 
     1.396977      1.366755      1.488934      1.362436      1.222385      1.472337      1.054965      1.100657      1.161662      1.166505 
     1.400467      1.365284      1.489518      1.359766      1.223013      1.470891      1.073056      1.095620      1.163106      1.156595 
     1.404122      1.363843      1.489715      1.357376      1.223097      1.470330      1.093492      1.091437      1.160959      1.143527 
     1.407928      1.362449      1.489514      1.355285      1.222619      1.470658      1.114531      1.088446      1.155370      1.128079 
     1.411866      1.361116      1.488895      1.353505      1.221570      1.471855      1.134593      1.086895      1.146660      1.111243 
     1.415912      1.359853      1.487832      1.352048      1.219952      1.473881      1.152354      1.086907      1.135321      1.094192 
     1.420040      1.358671      1.486289      1.350919      1.217781      1.476677      1.166780      1.088486      1.122013      1.078232 
     1.424230      1.357574      1.484221      1.350119      1.215082      1.480174      1.177120      1.091512      1.107563      1.064693 
     1.428461      1.356564      1.481579      1.349643      1.211894      1.484302      1.182876      1.095750      1.092929      1.054806 
     1.432719      1.355638      1.478312      1.349483      1.208261      1.488994      1.183772      1.100880      1.079170      1.049539 
     1.436996      1.354790      1.474370      1.349626      1.204241      1.494196      1.179735      1.106525      1.067395      1.049455 
     1.441283      1.354011      1.469719      1.350054      1.199899      1.499869      1.170886      1.112284      1.058649      1.054623 
     1.445566      1.353287      1.464343      1.350747      1.195315      1.505984      1.157578      1.117759      1.053826      1.064603 
     1.449827      1.352605      1.458254      1.351679      1.190586      1.512517      1.140417      1.122554      1.053510      1.078515 
     1.454034      1.351949      1.451499      1.352820      1.185826      1.519437      1.120347      1.126319      1.057879      1.095175 
     1.458140      1.351301      1.444155      1.354131      1.181167      1.526696      1.098691      1.128770      1.066627      1.113215 
     1.462079      1.350644      1.436338      1.355570      1.176755      1.534224      1.077135      1.129693      1.078998      1.131245 
     1.465775      1.349964      1.428179      1.357087      1.172737      1.541931      1.057634      1.128973      1.093918      1.147981 
     1.469147      1.349249      1.419823      1.358632      1.169249      1.549715      1.042211      1.126617      1.110124      1.162324 
     1.472117      1.348488      1.411407      1.360160      1.166415      1.557483      1.032660      1.122751      1.126364      1.173411 
     1.474627      1.347677      1.403049      1.361626      1.164331      1.565157      1.030216      1.117608      1.141490      1.180607 
     1.476641      1.346819      1.394856      1.362993      1.163067      1.572685      1.035325      1.111526      1.154538      1.183506 
     1.478153      1.345922      1.386920      1.364229      1.162673      1.580039      1.047567      1.104929      1.164725      1.181889 
     1.479173      1.345006      1.379331      1.365304      1.163168      1.587203      1.065757      1.098321      1.171466      1.175740 
     1.479733      1.344101      1.372181      1.366194      1.164545      1.594165      1.088178      1.092257      1.174366      1.165278 
     1.479865      1.343247      1.365563      1.366877      1.166763      1.600901      1.112828      1.087275      1.173228      1.150977 
     1.479609      1.342497      1.359569      1.367340      1.169747      1.607370      1.137687      1.083856      1.168072      1.133636 
     1.478997      1.341907      1.354284      1.367564      1.173387      1.613509      1.160910      1.082348      1.159142      1.114382 
     1.478064      1.341537      1.349778      1.367542      1.177548      1.619249      1.180931      1.082927      1.146973      1.094676 
     1.476847      1.341449      1.346092      1.367269      1.182073      1.624516      1.196528      1.085573      1.132337      1.076204 
     1.475380      1.341702      1.343247      1.366747      1.186798      1.629236      1.206830      1.090062      1.116226      1.060699 
     1.473696      1.342343      1.341247      1.365978      1.191565      1.633343      1.211304      1.096011      1.099822      1.049765 
     1.471826      1.343415      1.340088      1.364967      1.196226      1.636792      1.209700      1.102924      1.084413      1.044626 
     1.469796      1.344953      1.339766      1.363724      1.200648      1.639554      1.202036      1.110256      1.071302      1.045924 
     1.467624      1.346983      1.340288      1.362258      1.204713      1.641626      1.188579      1.117447      1.061692      1.053610 
     1.465322      1.349520      1.341665      1.360581      1.208315      1.643024      1.169878      1.123958      1.056543      1.066975 
     1.462892      1.352570      1.343912      1.358712      1.211360      1.643781      1.146828      1.129305      1.056409      1.084761 
     1.460332      1.356120      1.347032      1.356678      1.213764      1.643945      1.120764      1.133066      1.061340      1.105356 
     1.457628      1.360138      1.351015      1.354512      1.215461      1.643569      1.093517      1.134919      1.070846      1.127014 
     1.454763      1.364572      1.355821      1.352257      1.216407      1.642707      1.067360      1.134667      1.083960      1.148027 
     1.451718      1.369356      1.361389      1.349959      1.216583      1.641400      1.044834      1.132246      1.099400      1.166881 
     1.448469      1.374413      1.367640      1.347663      1.216001      1.639681      1.028385      1.127742      1.115772      1.182350 
     1.445004      1.379667      1.374487      1.345409      1.214695      1.637577      1.019948      1.121403      1.131755      1.193536 
     1.441330      1.385043      1.381845      1.343232      1.212722      1.635122      1.020530      1.113658      1.146204      1.199841 
     1.437474      1.390469      1.389632      1.341158      1.210156      1.632367      1.029975      1.105086      1.158214      1.200952 
     1.433486      1.395868      1.397757      1.339211      1.207086      1.629376      1.047034      1.096401      1.167083      1.196774 
     1.429435      1.401154      1.406119      1.337409      1.203622      1.626223      1.069654      1.088402      1.172323      1.187463 
     1.425402      1.406230      1.414598      1.335774      1.199892      1.622982      1.095392      1.081892      1.173661      1.173454 
     1.421468      1.410992      1.423066      1.334316      1.196041      1.619712      1.121762      1.077550      1.171069      1.155523 
     1.417714      1.415343      1.431382      1.333044      1.192227      1.616452      1.146548      1.075837      1.164764      1.134801 
     1.414211      1.419191      1.439409      1.331955      1.188604      1.613212      1.167982      1.076919      1.155194      1.112745 
     1.411026      1.422456      1.447016      1.331047      1.185317      1.609975      1.184843      1.080675      1.142996      1.091004 
     1.408210      1.425075      1.454087      1.330315      1.182490      1.606705      1.196377      1.086690      1.128991      1.071366 
     1.405803      1.427011      1.460529      1.329749      1.180221      1.603352      1.202225      1.094332      1.114121      1.055540 
     1.403833      1.428241      1.466271      1.329339      1.178581      1.599863      1.202385      1.102890      1.099421      1.044943 
     1.402319      1.428758      1.471260      1.329080      1.177613      1.596189      1.197123      1.111663      1.085920      1.040431 
     1.401266      1.428566      1.475468      1.328969      1.177339      1.592291      1.186900      1.119973      1.074622      1.042230 
     1.400681      1.427678      1.478886      1.329004      1.177760      1.588149      1.172376      1.127248      1.066394      1.049878 
     1.400558      1.426113      1.481518      1.329197      1.178856      1.583757      1.154412      1.133020      1.061885      1.062338 
     1.400882      1.423903      1.483390      1.329558      1.180586      1.579124      1.134094      1.136948      1.061410      1.078175 
     1.401630      1.421087      1.484545      1.330102      1.182892      1.574262      1.112741      1.138822      1.064917      1.095802 
     1.402767      1.417717      1.485044      1.330842      1.185703      1.569187      1.091880      1.138575      1.071965      1.113654 
     1.404242      1.413851      1.484958      1.331793      1.188931      1.563913      1.073128      1.136257      1.081807      1.130384 
     1.406004      1.409553      1.484359      1.332972      1.192483      1.558452      1.058071      1.132053      1.093490      1.144882 
     1.407995      1.404887      1.483324      1.334393      1.196263      1.552814      1.048041      1.126255      1.105994      1.156341 
     1.410165      1.399913      1.481919      1.336069      1.200179      1.547011      1.043931      1.119252      1.118327      1.164218 
     1.412480      1.394691      1.480204      1.338014      1.204142      1.541057      1.046054      1.111512      1.129621      1.168200 
     1.414919      1.389272      1.478226      1.340240      1.208071      1.534983      1.054101      1.103568      1.139163      1.168188 
     1.417474      1.383716      1.476016      1.342757      1.211885      1.528828      1.067188      1.095977      1.146380      1.164247 
     1.420148      1.378079      1.473600      1.345569      1.215507      1.522641      1.084032      1.089301      1.150862      1.156618 
     1.422954      1.372421      1.470993      1.348678      1.218862      1.516470      1.103143      1.084061      1.152355      1.145722 
     1.425898      1.366812      1.468199      1.352075      1.221878      1.510367      1.122979      1.080679      1.150775      1.132193 
     1.428991      1.361317      1.465214      1.355747      1.224488      1.504375      1.142098      1.079446      1.146204      1.116874 
     1.432235      1.356009      1.462026      1.359677      1.226631      1.498532      1.159249      1.080470      1.138886      1.100796 
     1.435633      1.350957      1.458612      1.363838      1.228255      1.492874      1.173391      1.083660      1.129255      1.085171 
     1.439183      1.346224      1.454941      1.368204      1.229317      1.487427      1.183722      1.088746      1.117916      1.071302 
     1.442886      1.341866      1.450976      1.372749      1.229788      1.482210      1.189656      1.095304      1.105633      1.060461 
     1.446743      1.337934      1.446682      1.377446      1.229644      1.477245      1.190827      1.102812      1.093297      1.053749 
     1.450755      1.334468      1.442032      1.382267      1.228877      1.472556      1.187058      1.110698      1.081886      1.051941 
     1.454917      1.331505      1.437015      1.387184      1.227482      1.468178      1.178357      1.118369      1.072412      1.055365 
     1.459217      1.329075      1.431642      1.392163      1.225469      1.464163      1.164963      1.125256      1.065808      1.063845 
     1.463633      1.327198      1.425944      1.397169      1.222862      1.460579      1.147395      1.130840      1.062815      1.076707 
     1.468123      1.325893      1.419987      1.402151      1.219703      1.457515      1.126533      1.134663      1.063875      1.092870 
     1.472617      1.325166      1.413863      1.407047      1.216056      1.455068      1.103666      1.136349      1.069056      1.111008 
     1.477022      1.325011      1.407689      1.411777      1.212015      1.453336      1.080540      1.135647      1.078018      1.129704 
     1.481231      1.325404      1.401594      1.416259      1.207698      1.452397      1.059255      1.132456      1.089985      1.147510 
     1.485124      1.326304      1.395709      1.420403      1.203243      1.452308      1.042069      1.126854      1.103920      1.163133 
     1.488593      1.327652      1.390158      1.424128      1.198799      1.453098      1.031042      1.119115      1.118674      1.175505 
     1.491545      1.329383      1.385048      1.427355      1.194515      1.454774      1.027628      1.109713      1.133109      1.183820 
     1.493918      1.331424      1.380474      1.430014      1.190536      1.457333      1.032351      1.099313      1.146208      1.187543 
     1.495673      1.333697      1.376515      1.432047      1.187000      1.460764      1.044693      1.088757      1.157128      1.186396 
     1.496791      1.336125      1.373244      1.433399      1.184035      1.465049      1.063219      1.078999      1.165224      1.180371 
     1.497268      1.338632      1.370722      1.434027      1.181754      1.470159      1.085893      1.071025      1.170050      1.169735 
     1.497106      1.341146      1.368999      1.433900      1.180244      1.476037      1.110420      1.065720      1.171350      1.155055 
     1.496315      1.343600      1.368108      1.433009      1.179563      1.482602      1.134601      1.063713      1.169094      1.137222 
     1.494916      1.345942      1.368057      1.431363      1.179729      1.489745      1.156526      1.065268      1.163451      1.117435 
     1.492937      1.348129      1.368835      1.428996      1.180725      1.497345      1.174708      1.070242      1.154811      1.097190 
     1.490421      1.350129      1.370406      1.425960      1.182495      1.505270      1.188119      1.078146      1.143736      1.078131 
     1.487416      1.351927      1.372712      1.422326      1.184957      1.513387      1.196149      1.088203      1.130918      1.061896 
     1.483976      1.353517      1.375684      1.418174      1.188004      1.521572      1.198555      1.099483      1.117187      1.049974 
     1.480156      1.354902      1.379245      1.413596      1.191514      1.529716      1.195383      1.111030      1.103463      1.043452 
     1.476007      1.356088      1.383318      1.408687      1.195357      1.537732      1.186951      1.121940      1.090716      1.042856 
     1.471576      1.357086      1.387832      1.403546      1.199399      1.545545      1.173818      1.131435      1.079900      1.048052 
     1.466907      1.357910      1.392715      1.398276      1.203506      1.553098      1.156792      1.138898      1.071873      1.058274 
     1.462044      1.358571      1.397904      1.392980      1.207542      1.560335      1.136934      1.143885      1.067294      1.072284 
     1.457024      1.359083      1.403336      1.387764      1.211379      1.567199      1.115582      1.146133      1.066511      1.088569 
     1.451879      1.359457      1.408957      1.382727      1.214899      1.573630      1.094303      1.145561      1.069508      1.105580 
     1.446631      1.359704      1.414721      1.377959      1.217998      1.579567      1.074796      1.142252      1.075937      1.121921 
     1.441294      1.359838      1.420593      1.373537      1.220589      1.584954      1.058737      1.136486      1.085127      1.136397 
     1.435870      1.359870      1.426553      1.369522      1.222605      1.589746      1.047609      1.128693      1.096201      1.148104 
     1.430359      1.359811      1.432589      1.365960      1.223998      1.593915      1.042470      1.119427      1.108206      1.156427 
     1.424755      1.359672      1.438706      1.362880      1.224733      1.597454      1.043776      1.109345      1.120216      1.160991 
     1.419066      1.359462      1.444904      1.360304      1.224787      1.600375      1.051344      1.099183      1.131383      1.161628 
     1.413310      1.359192      1.451191      1.358244      1.224151      1.602702      1.064393      1.089727      1.140986      1.158372 
     1.407521      1.358872      1.457565      1.356702      1.222824      1.604463      1.081670      1.081734      1.148450      1.151452 
     1.401745      1.358512      1.464016      1.355677      1.220816      1.605684      1.101673      1.075879      1.153326      1.141258 
     1.396042      1.358124      1.470522      1.355157      1.218152      1.606381      1.122841      1.072693      1.155309      1.128397 
     1.390481      1.357717      1.477048      1.355126      1.214869      1.606555      1.143693      1.072486      1.154237      1.113678 
     1.385142      1.357300      1.483546      1.355557      1.211024      1.606194      1.162912      1.075292      1.150119      1.098140 
     1.380111      1.356877      1.489958      1.356414      1.206690      1.605274      1.179404      1.080892      1.143135      1.082992 
     1.375478      1.356454      1.496217      1.357650      1.201957      1.603766      1.192301      1.088835      1.133643      1.069542 
     1.371333      1.356030      1.502252      1.359211      1.196930      1.601629      1.200923      1.098470      1.122197      1.059075 
     1.367764      1.355603      1.507989      1.361036      1.191728      1.598818      1.204802      1.109033      1.109529      1.052713 
     1.364858      1.355163      1.513362      1.363061      1.186482      1.595293      1.203648      1.119728      1.096547      1.051231 
     1.362695      1.354695      1.518308      1.365217      1.181339      1.591021      1.197363      1.129769      1.084288      1.054926 
     1.361343      1.354183      1.522784      1.367428      1.176456      1.585985      1.186059      1.138443      1.073869      1.063581 
     1.360861      1.353607      1.526755      1.369616      1.171998      1.580186      1.170108      1.145123      1.066352      1.076459 
     1.361285      1.352947      1.530195      1.371699      1.168138      1.573645      1.150205      1.149286      1.062614      1.092413 
     1.362623      1.352186      1.533093      1.373597      1.165039      1.566412      1.127452      1.150555      1.063205      1.110054 
     1.364842      1.351316      1.535445      1.375235      1.162849      1.558576      1.103387      1.148737      1.068205      1.127897 
     1.367873      1.350336      1.537254      1.376546      1.161679      1.550247      1.079964      1.143842      1.077175      1.144499 
     1.371604      1.349259      1.538531      1.377481      1.161595      1.541557      1.059359      1.136073      1.089259      1.158615 
     1.375902      1.348106      1.539284      1.378010      1.162609      1.532655      1.043764      1.125898      1.103273      1.169234 
     1.380627      1.346914      1.539524      1.378121      1.164676      1.523680      1.034932      1.113964      1.117934      1.175662 
     1.385649      1.345736      1.539258      1.377820      1.167706      1.514771      1.033851      1.101106      1.132011      1.177510 
     1.390862      1.344627      1.538486      1.377130      1.171567      1.506064      1.040531      1.088339      1.144426      1.174682 
     1.396188      1.343649      1.537205      1.376084      1.176097      1.497691      1.054036      1.076774      1.154303      1.167355 
     1.401563      1.342869      1.535406      1.374723      1.181117      1.489767      1.072679      1.067485      1.161008      1.155995 
     1.406931      1.342353      1.533082      1.373100      1.186429      1.482404      1.094394      1.061407      1.164146      1.141337 
     1.412243      1.342160      1.530224      1.371268      1.191839      1.475694      1.117061      1.059168      1.163570      1.124387 
     1.417451      1.342340      1.526826      1.369285      1.197155      1.469704      1.138771      1.060968      1.159376      1.106394 
     1.422518      1.342928      1.522887      1.367210      1.202209      1.464487      1.157996      1.066580      1.151880      1.088754 
     1.427416      1.343951      1.518404      1.365094      1.206855      1.460068      1.173605      1.075363      1.141593      1.072917 
     1.432127      1.345419      1.513379      1.362989      1.210979      1.456460      1.184859      1.086403      1.129202      1.060237 
     1.436643      1.347332      1.507816      1.360938      1.214493      1.453662      1.191358      1.098664      1.115534      1.051805 
     1.440967      1.349683      1.501725      1.358980      1.217339      1.451667      1.192967      1.111106      1.101536      1.048306 
     1.445102      1.352457      1.495124      1.357149      1.219478      1.450466      1.189765      1.122784      1.088230      1.049921 
     1.449056      1.355632      1.488042      1.355476      1.220891      1.450051      1.182016      1.132894      1.076661      1.056310 
     1.452832      1.359179      1.480518      1.353988      1.221572      1.450418      1.170160      1.140793      1.067809      1.066680 
     1.456429      1.363063      1.472603      1.352711      1.221532      1.451555      1.154833      1.146013      1.062492      1.079912 
     1.459840      1.367241      1.464361      1.351668      1.220791      1.453447      1.136887      1.148261      1.061244      1.094731 
     1.463048      1.371659      1.455869      1.350878      1.219388      1.456063      1.117421      1.147417      1.064219      1.109843 
     1.466028      1.376257      1.447217      1.350354      1.217378      1.459359      1.097751      1.143549      1.071171      1.124066 
     1.468749      1.380968      1.438507      1.350104      1.214828      1.463270      1.079368      1.136915      1.081476      1.136397 
     1.471174      1.385720      1.429848      1.350126      1.211822      1.467713      1.063818      1.127965      1.094227      1.146049 
     1.473267      1.390440      1.421345      1.350412      1.208455      1.472591      1.052519      1.117324      1.108360      1.152484 
     1.474995      1.395061      1.413100      1.350940      1.204831      1.477804      1.046550      1.105767      1.122800      1.155399 
     1.476338      1.399518      1.405205      1.351685      1.201059      1.483259      1.046478      1.094183      1.136542      1.154695 
     1.477280      1.403752      1.397740      1.352611      1.197247      1.488874      1.052265      1.083518      1.148718      1.150473 
     1.477821      1.407708      1.390778      1.353680      1.193506      1.494583      1.063284      1.074692      1.158622      1.143019 
     1.477970      1.411334      1.384382      1.354849      1.189944      1.500340      1.078449      1.068519      1.165712      1.132801 
     1.477744      1.414581      1.378609      1.356070      1.186667      1.506108      1.096389      1.065602      1.169610      1.120469 
     1.477173      1.417405      1.373503      1.357295      1.183780      1.511859      1.115646      1.066262      1.170089      1.106848 
     1.476293      1.419763      1.369106      1.358474      1.181377      1.517572      1.134813      1.070488      1.167081      1.092921 
     1.475148      1.421619      1.365444      1.359560      1.179544      1.523230      1.152634      1.077937      1.160671      1.079788 
     1.473788      1.422941      1.362539      1.360510      1.178354      1.528819      1.168043      1.087992      1.151120      1.068591 
     1.472267      1.423703      1.360401      1.361285      1.177864      1.534330      1.180179      1.099850      1.138862      1.060410 
     1.470641      1.423883      1.359037      1.361854      1.178120      1.539755      1.188365      1.112614      1.124521      1.056131 
     1.468961      1.423464      1.358450      1.362194      1.179149      1.545089      1.192100      1.125372      1.108922      1.056336 
     1.467279      1.422434      1.358649      1.362290      1.180964      1.550333      1.191044      1.137253      1.093096      1.061195 
     1.465638      1.420781      1.359642      1.362140      1.183561      1.555485      1.185012      1.147466      1.078255      1.070467 
     1.464080      1.418500      1.361438      1.361749      1.186917      1.560541      1.174017      1.155321      1.065727      1.083518 
     1.462636      1.415593      1.364048      1.361137      1.190989      1.565492      1.158314      1.160238      1.056823      1.099397 
     1.461328      1.412073      1.367482      1.360334      1.195709      1.570311      1.138489      1.161766      1.052677      1.116940 
     1.460165      1.407967      1.371748      1.359382      1.200980      1.574957      1.115560      1.159618      1.054050      1.134889 
     1.459140      1.403323      1.376851      1.358337      1.206673      1.579370      1.091053      1.153684      1.061166      1.151976 
     1.458223      1.398210      1.382782      1.357261      1.212631      1.583470      1.067043      1.144108      1.073598      1.166990 
     1.457362      1.392725      1.389514      1.356228      1.218667      1.587165      1.045982      1.131306      1.090306      1.178843 
     1.456491      1.386983      1.396993      1.355309      1.224580      1.590367      1.030408      1.116010      1.109863      1.186664 
     1.455541      1.381109      1.405140      1.354570      1.230171      1.593004      1.022450      1.099269      1.130649      1.189843 
     1.454456      1.375234      1.413851      1.354065      1.235255      1.595034      1.023311      1.082409      1.151065      1.188056 
     1.453212      1.369483      1.423005      1.353834      1.239664      1.596445      1.032960      1.066950      1.169695      1.181281 
     1.451819      1.363974      1.432463      1.353903      1.243261      1.597252      1.050156      1.054452      1.185366      1.169810 
     1.450315      1.358816      1.442073      1.354280      1.245938      1.597482      1.072793      1.046314      1.197182      1.154257 
     1.448762      1.354104      1.451679      1.354962      1.247618      1.597160      1.098363      1.043526      1.204527      1.135578 
     1.447226      1.349920      1.461122      1.355922      1.248254      1.596301      1.124377      1.046441      1.207072      1.115071 
     1.445775      1.346326      1.470253      1.357131      1.247834      1.594908      1.148714      1.054745      1.204718      1.094290 
     1.444476      1.343365      1.478937      1.358549      1.246374      1.592970      1.169756      1.067528      1.197575      1.074940 
     1.443383      1.341058      1.487055      1.360137      1.243917      1.590471      1.186357      1.083476      1.185975      1.058765 
     1.442538      1.339409      1.494518      1.361850      1.240526      1.587393      1.197794      1.101100      1.170453      1.047332 
     1.441968      1.338406      1.501254      1.363643      1.236282      1.583728      1.203692      1.118938      1.151754      1.041786 
     1.441687      1.338023      1.507218      1.365473      1.231284      1.579483      1.203947      1.135677      1.130865      1.042663 
     1.441700      1.338221      1.512384      1.367296      1.225647      1.574691      1.198699      1.150226      1.109018      1.049763 
     1.442001      1.338949      1.516738      1.369064      1.219508      1.569403      1.188297      1.161728      1.087705      1.062196 
     1.442574      1.340139      1.520277      1.370733      1.213027      1.563687      1.173353      1.169562      1.068585      1.078528 
     1.443388      1.341716      1.523010      1.372253      1.206384      1.557617      1.154744      1.173352      1.053336      1.097030 
     1.444404      1.343591      1.524951      1.373579      1.199772      1.551268      1.133634      1.172958      1.043407      1.115925 
     1.445570      1.345670      1.526129      1.374667      1.193395      1.544713      1.111459      1.168487      1.039745      1.133591 
     1.446826      1.347856      1.526582      1.375477      1.187447      1.538021      1.089871      1.160276      1.042600      1.148699 
     1.448108      1.350057      1.526359      1.375978      1.182110      1.531264      1.070618      1.148891      1.051453      1.160273 
     1.449351      1.352189      1.525515      1.376145      1.177543      1.524512      1.055375      1.135106      1.065154      1.167701 
     1.450494      1.354179      1.524107      1.375961      1.173876      1.517831      1.045518      1.119886      1.082148      1.170698 
     1.451488      1.355971      1.522193      1.375420      1.171202      1.511287      1.041912      1.104345      1.100747      1.169274 
     1.452298      1.357525      1.519821      1.374530      1.169580      1.504942      1.044733      1.089678      1.119355      1.163689 
     1.452902      1.358818      1.517034      1.373306      1.169027      1.498851      1.053464      1.077073      1.136581      1.154426 
     1.453288      1.359846      1.513866      1.371774      1.169525      1.493070      1.067005      1.067582      1.151313      1.142165 
     1.453454      1.360618      1.510344      1.369972      1.171022      1.487649      1.083888      1.061982      1.162739      1.127778 
     1.453401      1.361158      1.506489      1.367946      1.173428      1.482635      1.102517      1.060670      1.170324      1.112292 
     1.453140      1.361499      1.502315      1.365752      1.176631      1.478072      1.121372      1.063603      1.173783      1.096852 
     1.452680      1.361684      1.497830      1.363451      1.180497      1.474004      1.139116      1.070311      1.173064      1.082648 
     1.452040      1.361759      1.493041      1.361107      1.184878      1.470471      1.154674      1.079993      1.168331      1.070821 
     1.451241      1.361771      1.487955      1.358787      1.189620      1.467512      1.167224      1.091639      1.159945      1.062349 
     1.450307      1.361768      1.482581      1.356556      1.194568      1.465162      1.176189      1.104168      1.148468      1.057928 
     1.449267      1.361793      1.476935      1.354477      1.199572      1.463452      1.181218      1.116542      1.134641      1.057867 
     1.448145      1.361886      1.471041      1.352611      1.204487      1.462406      1.182148      1.127838      1.119389      1.062050 
     1.446967      1.362082      1.464928      1.351015      1.209179      1.462037      1.178995      1.137296      1.103796      1.069959 
     1.445757      1.362412      1.458639      1.349741      1.213523      1.462345      1.171942      1.144335      1.089060      1.080762 
     1.444536      1.362899      1.452213      1.348837      1.217405      1.463314      1.161358      1.148564      1.076389      1.093425 
     1.443321      1.363561      1.445697      1.348348      1.220726      1.464910      1.147797      1.149774      1.066902      1.106857 
     1.442122      1.364409      1.439141      1.348310      1.223400      1.467085      1.132003      1.147940      1.061483      1.119996 
     1.440940      1.365453      1.432596      1.348752      1.225354      1.469778      1.114925      1.143203      1.060659      1.131906 
     1.439770      1.366696      1.426122      1.349700      1.226533      1.472923      1.097693      1.135875      1.064504      1.141811 
     1.438594      1.368135      1.419788      1.351170      1.226896      1.476453      1.081577      1.126429      1.072642      1.149102 
     1.437385      1.369765      1.413673      1.353169      1.226418      1.480298      1.067899      1.115491      1.084310      1.153352 
     1.436107      1.371578      1.407859      1.355695      1.225091      1.484392      1.057904      1.103832      1.098477      1.154305 
     1.434722      1.373559      1.402428      1.358740      1.222922      1.488672      1.052585      1.092330      1.113984      1.151878 
     1.433195      1.375692      1.397455      1.362286      1.219935      1.493084      1.052542      1.081940      1.129648      1.146154 
     1.431494      1.377954      1.393014      1.366298      1.216176      1.497580      1.057848      1.073604      1.144388      1.137417 
     1.429603      1.380321      1.389159      1.370739      1.211708      1.502119      1.068070      1.068186      1.157219      1.126125 
     1.427519      1.382760      1.385939      1.375550      1.206620      1.506669      1.082302      1.066326      1.167345      1.112979 
     1.425260      1.385231      1.383392      1.380659      1.201027      1.511199      1.099324      1.068359      1.174132      1.098888 
     1.422862      1.387686      1.381541      1.385973      1.195073      1.515679      1.117761      1.074240      1.177129      1.084960 
     1.420377      1.390070      1.380395      1.391387      1.188926      1.520083      1.136227      1.083530      1.176081      1.072439 
     1.417868      1.392323      1.379954      1.396781      1.182777      1.524380      1.153448      1.095457      1.170947      1.062576 
     1.415405      1.394379      1.380206      1.402027      1.176832      1.528540      1.168332      1.109020      1.161913      1.056471 
     1.413056      1.396172      1.381132      1.406996      1.171301      1.532539      1.180008      1.123104      1.149411      1.054896 
     1.410883      1.397639      1.382711      1.411561      1.166392      1.536351      1.187832      1.136612      1.134131      1.058161 
     1.408943      1.398718      1.384912      1.415602      1.162299      1.539959      1.191384      1.148532      1.117030      1.066037 
     1.407284      1.399355      1.387703      1.419010      1.159194      1.543344      1.190466      1.158000      1.099331      1.077802 
     1.405942      1.399507      1.391039      1.421695      1.157220      1.546485      1.185105      1.164331      1.082475      1.092347 
     1.404943      1.399141      1.394869      1.423583      1.156477      1.549361      1.175572      1.167046      1.068011      1.108328 
     1.404297      1.398242      1.399133      1.424631      1.157017      1.551945      1.162394      1.165892      1.057425      1.124335 
     1.404003      1.396815      1.403766      1.424820      1.158834      1.554209      1.146382      1.160854      1.051916      1.139026 
     1.404041      1.394885      1.408701      1.424164      1.161862      1.556134      1.128626      1.152179      1.052149      1.151237 
     1.404375      1.392498      1.413874      1.422706      1.165977      1.557705      1.110469      1.140390      1.058126      1.160062 
     1.404955      1.389722      1.419219      1.420518      1.170999      1.558915      1.093405      1.126285      1.069146      1.164888 
     1.405719      1.386639      1.424667      1.417698      1.176705      1.559764      1.078956      1.110942      1.083929      1.165433 
     1.406599      1.383342      1.430146      1.414361      1.182845      1.560260      1.068481      1.095641      1.100876      1.161755 
     1.407536      1.379925      1.435582      1.410633      1.189163      1.560414      1.062886      1.081709      1.118308      1.154217 
     1.408486      1.376482      1.440907      1.406638      1.195416      1.560240      1.062446      1.070383      1.134711      1.143472 
     1.409420      1.373091      1.446059      1.402488      1.201392      1.559760      1.066894      1.062685      1.148857      1.130389 
     1.410335      1.369817      1.450985      1.398281      1.206918      1.559004      1.075462      1.059254      1.159850      1.115986 
     1.411243      1.366710      1.455638      1.394097      1.211858      1.558007      1.087046      1.060273      1.167128      1.101379 
     1.412166      1.363810      1.459983      1.389997      1.216111      1.556806      1.100398      1.065463      1.170415      1.087707 
     1.413140      1.361142      1.463992      1.386028      1.219610      1.555440      1.114301      1.074147      1.169654      1.076042 
     1.414194      1.358725      1.467642      1.382226      1.222311      1.553952      1.127668      1.085399      1.165006      1.067309 
     1.415353      1.356570      1.470915      1.378617      1.224185      1.552382      1.139586      1.098177      1.156809      1.062185 
     1.416642      1.354686      1.473801      1.375219      1.225222      1.550772      1.149333      1.111424      1.145595      1.061050 
     1.418073      1.353075      1.476301      1.372046      1.225426      1.549165      1.156378      1.124169      1.132062      1.063927 
     1.419662      1.351735      1.478419      1.369108      1.224809      1.547607      1.160392      1.135583      1.117046      1.070429 
     1.421414      1.350664      1.480162      1.366413      1.223392      1.546137      1.161174      1.144963      1.101595      1.079915 
     1.423329      1.349856      1.481543      1.363966      1.221209      1.544792      1.158695      1.151776      1.086854      1.091497 
     1.425403      1.349303      1.482572      1.361774      1.218303      1.543597      1.153079      1.155634      1.074053      1.104197 
     1.427627      1.348990      1.483256      1.359839      1.214735      1.542567      1.144633      1.156308      1.064376      1.117020 
     1.429984      1.348903      1.483606      1.358163      1.210580      1.541703      1.133842      1.153721      1.058816      1.129013 
     1.432453      1.349019      1.483634      1.356740      1.205937      1.540996      1.121394      1.147968      1.058051      1.139357 
     1.435001      1.349309      1.483354      1.355566      1.200922      1.540421      1.108166      1.139315      1.062280      1.147356 
     1.437588      1.349740      1.482787      1.354628      1.195679      1.539945      1.095220      1.128242      1.071195      1.152483 
     1.440165      1.350272      1.481964      1.353908      1.190375      1.539526      1.083708      1.115438      1.084025      1.154401 
     1.442673      1.350858      1.480921      1.353383      1.185197      1.539116      1.074776      1.101817      1.099626      1.152957 
     1.445050      1.351451      1.479694      1.353023      1.180342      1.538658      1.069368      1.088436      1.116635      1.148217 
     1.447233      1.352001      1.478318      1.352792      1.176007      1.538099      1.068079      1.076446      1.133674      1.140481 
     1.449173      1.352459      1.476815      1.352653      1.172372      1.537387      1.071056      1.066970      1.149470      1.130281 
     1.450829      1.352786      1.475197      1.352570      1.169588      1.536480      1.077958      1.060948      1.162947      1.118360 
     1.452168      1.352951      1.473466      1.352507      1.167772      1.535346      1.088009      1.058993      1.173276      1.105627 
     1.453179      1.352936      1.471612      1.352436      1.167000      1.533965      1.100174      1.061297      1.179886      1.093128 
     1.453868      1.352736      1.469618      1.352338      1.167305      1.532332      1.113307      1.067605      1.182445      1.081960 
     1.454251      1.352359      1.467466      1.352199      1.168681      1.530450      1.126269      1.077277      1.180840      1.073157 
     1.454358      1.351826      1.465135      1.352019      1.171082      1.528337      1.138048      1.089383      1.175153      1.067599 
     1.454218      1.351172      1.462617      1.351802      1.174427      1.526024      1.147812      1.102840      1.165674      1.065879 
     1.453876      1.350439      1.459907      1.351561      1.178608      1.523550      1.154932      1.116527      1.152887      1.068225 
     1.453369      1.349679      1.457015      1.351317      1.183490      1.520962      1.158970      1.129394      1.137503      1.074454 
     1.452734      1.348947      1.453958      1.351092      1.188918      1.518313      1.159681      1.140518      1.120467      1.084004 
     1.452004      1.348304      1.450754      1.350911      1.194723      1.515653      1.157025      1.149157      1.102926      1.095992 
     1.451207      1.347806      1.447420      1.350801      1.200730      1.513021      1.151161      1.154764      1.086202      1.109357 
     1.450370      1.347509      1.443973      1.350786      1.206768      1.510446      1.142458      1.156998      1.071661      1.122970 
     1.449509      1.347460      1.440422      1.350888      1.212672      1.507946      1.131472      1.155732      1.060596      1.135747 
     1.448634      1.347703      1.436779      1.351126      1.218293      1.505526      1.118933      1.151044      1.054046      1.146747 
     1.447744      1.348271      1.433058      1.351515      1.223499      1.503186      1.105714      1.143204      1.052620      1.155199 
     1.446831      1.349189      1.429284      1.352065      1.228178      1.500930      1.092820      1.132693      1.056430      1.160558 
     1.445879      1.350479      1.425487      1.352783      1.232233      1.498769      1.081289      1.120165      1.065030      1.162466 
     1.444861      1.352153      1.421706      1.353668      1.235585      1.496721      1.072121      1.106465      1.077537      1.160783 
     1.443754      1.354217      1.417990      1.354715      1.238170      1.494810      1.066191      1.092600      1.092764      1.155590 
     1.442527      1.356669      1.414384      1.355917      1.239941      1.493062      1.064107      1.079684      1.109368      1.147142 
     1.441164      1.359498      1.410929      1.357261      1.240866      1.491510      1.066139      1.068854      1.125998      1.135901 
     1.439652      1.362691      1.407661      1.358733      1.240928      1.490186      1.072183      1.061165      1.141419      1.122533 
     1.437996      1.366226      1.404609      1.360313      1.240127      1.489128      1.081771      1.057423      1.154582      1.107883 
     1.436217      1.370077      1.401801      1.361979      1.238474      1.488377      1.094168      1.058087      1.164654      1.092970 
     1.434355      1.374215      1.399257      1.363706      1.235995      1.487983      1.108443      1.063172      1.171007      1.078925 
     1.432459      1.378606      1.396997      1.365464      1.232729      1.488002      1.123575      1.072261      1.173225      1.066936 
     1.430587      1.383209      1.395034      1.367224      1.228727      1.488502      1.138561      1.084590      1.171084      1.058107 
     1.428800      1.387978      1.393381      1.368950      1.224056      1.489552      1.152436      1.099134      1.164573      1.053350 
     1.427154      1.392856      1.392052      1.370607      1.218799      1.491223      1.164316      1.114729      1.153937      1.053246 
     1.425702      1.397777      1.391065      1.372152      1.213062      1.493579      1.173453      1.130206      1.139689      1.057929 
     1.424492      1.402663      1.390443      1.373538      1.206977      1.496667      1.179245      1.144486      1.122657      1.067057 
     1.423557      1.407420      1.390195      1.374718      1.200700      1.500513      1.181229      1.156595      1.104016      1.079850 
     1.422926      1.411941      1.390327      1.375645      1.194415      1.505104      1.179118      1.165729      1.085276      1.095198 
     1.422615      1.416111      1.390838      1.376272      1.188322      1.510389      1.172855      1.171293      1.068168      1.111808 
     1.422631      1.419814      1.391712      1.376561      1.182633      1.516282      1.162639      1.172935      1.054489      1.128358 
     1.422967      1.422937      1.392925      1.376482      1.177554      1.522668      1.148951      1.170549      1.045822      1.143625 
     1.423601      1.425376      1.394450      1.376021      1.173278      1.529418      1.132570      1.164280      1.043261      1.156585 
     1.424504      1.427046      1.396268      1.375178      1.169966      1.536402      1.114572      1.154524      1.047191      1.166448 
     1.425631      1.427879      1.398367      1.373972      1.167743      1.543491      1.096300      1.141932      1.057178      1.172683 
     1.426927      1.427840      1.400746      1.372439      1.166685      1.550560      1.079276      1.127378      1.072077      1.175007 
     1.428332      1.426918      1.403405      1.370634      1.166810      1.557488      1.065047      1.111928      1.090266      1.173373 
     1.429786      1.425138      1.406341      1.368623      1.168082      1.564159      1.054976      1.096771      1.109942      1.167961 
     1.431237      1.422550      1.409541      1.366483      1.170411      1.570472      1.050024      1.083108      1.129387      1.159167 
     1.432650      1.419228      1.412979      1.364292      1.173664      1.576343      1.050566      1.072042      1.147148      1.147586 
     1.434003      1.415262      1.416612      1.362126      1.177680      1.581711      1.056349      1.064461      1.162092      1.133972 
     1.435296      1.410748      1.420389      1.360056      1.182283      1.586547      1.066570      1.060940      1.173445      1.119228 
     1.436538      1.405788      1.424247      1.358147      1.187290      1.590835      1.080037      1.061655      1.180725      1.104360 
     1.437747      1.400483      1.428116      1.356449      1.192520      1.594577      1.095369      1.066373      1.183714      1.090431 
     1.438945      1.394933      1.431923      1.355007      1.197801      1.597782      1.111194      1.074500      1.182411      1.078487 
     1.440157      1.389231      1.435599      1.353849      1.202976      1.600463      1.126264      1.085173      1.177011      1.069473 
     1.441404      1.383464      1.439083      1.352996      1.207902      1.602635      1.139536      1.097386      1.167870      1.064108 
     1.442707      1.377712      1.442324      1.352456      1.212453      1.604316      1.150228      1.110131      1.155508      1.062809 
     1.444082      1.372048      1.445281      1.352232      1.216522      1.605521      1.157761      1.122445      1.140601      1.065627 
     1.445542      1.366538      1.447925      1.352317      1.220015      1.606264      1.161749      1.133478      1.123994      1.072242 
     1.447095      1.361243      1.450235      1.352700      1.222852      1.606557      1.162016      1.142541      1.106706      1.082021 
     1.448745      1.356222      1.452192      1.353365      1.224966      1.606407      1.158548      1.149095      1.089905      1.094090 
     1.450489      1.351529      1.453779      1.354291      1.226301      1.605814      1.151505      1.152752      1.074863      1.107445 
     1.452319      1.347216      1.454979      1.355457      1.226812      1.604772      1.141217      1.153273      1.062842      1.121040 
     1.454221      1.343331      1.455779      1.356833      1.226467      1.603262      1.128217      1.150577      1.054987      1.133879 
     1.456173      1.339918      1.456167      1.358390      1.225246      1.601265      1.113248      1.144740      1.052115      1.145051 
     1.458143      1.337019      1.456142      1.360095      1.223144      1.598757      1.097269      1.136012      1.054628      1.153790 
     1.460089      1.334672      1.455711      1.361910      1.220175      1.595714      1.081441      1.124831      1.062382      1.159488 
     1.461956      1.332908      1.454886      1.363794      1.216374      1.592117      1.067095      1.111862      1.074713      1.161712 
     1.463679      1.331753      1.453684      1.365700      1.211806      1.587950      1.055625      1.097989      1.090510      1.160217 
     1.465189      1.331221      1.452123      1.367575      1.206564      1.583197      1.048274      1.084288      1.108412      1.154996 
     1.466415      1.331310      1.450219      1.369359      1.200780      1.577859      1.045971      1.071983      1.126936      1.146263 
     1.467299      1.332005      1.447989      1.370992      1.194611      1.571942      1.049148      1.062332      1.144646      1.134492 
     1.467791      1.333271      1.445442      1.372405      1.188249      1.565474      1.057613      1.056440      1.160251      1.120410 
     1.467866      1.335059      1.442589      1.373529      1.181906      1.558501      1.070622      1.055095      1.172660      1.104996 
     1.467521      1.337304      1.439440      1.374297      1.175817      1.551094      1.086995      1.058609      1.181017      1.089440 
     1.466775      1.339927      1.436013      1.374639      1.170217      1.543343      1.105296      1.066747      1.184740      1.075079 
     1.465669      1.342842      1.432333      1.374492      1.165341      1.535361      1.124023      1.078759      1.183543      1.063289 
     1.464254      1.345962      1.428435      1.373801      1.161399      1.527281      1.141763      1.093522      1.177429      1.055271 
     1.462591      1.349197      1.424362      1.372531      1.158568      1.519245      1.157303      1.109749      1.166686      1.051827 
     1.460734      1.352468      1.420174      1.370657      1.156978      1.511420      1.169650      1.126090      1.151969      1.053328 
     1.458735      1.355702      1.415943      1.368181      1.156706      1.503973      1.178075      1.141314      1.134250      1.059560 
     1.456634      1.358843      1.411748      1.365128      1.157764      1.497074      1.182098      1.154363      1.114833      1.069798 
     1.454465      1.361846      1.407671      1.361549      1.160103      1.490883      1.181502      1.164406      1.095327      1.082956 
     1.452252      1.364677      1.403794      1.357525      1.163611      1.485530      1.176339      1.170878      1.077495      1.097726 
     1.450016      1.367314      1.400187      1.353161      1.168127      1.481110      1.166955      1.173508      1.063023      1.112732 
     1.447769      1.369740      1.396907      1.348584      1.173446      1.477671      1.153958      1.172276      1.053345      1.126720 
     1.445514      1.371948      1.394005      1.343931      1.179338      1.475225      1.138205      1.167384      1.049404      1.138688 
     1.443247      1.373937      1.391525      1.339344      1.185562      1.473750      1.120791      1.159249      1.051448      1.147898 
     1.440955      1.375704      1.389505      1.334965      1.191880      1.473198      1.103003      1.148487      1.058998      1.153883 
     1.438622      1.377251      1.387982      1.330925      1.198070      1.473506      1.086244      1.135869      1.070992      1.156446 
     1.436225      1.378581      1.386991      1.327341      1.203931      1.474590      1.071899      1.122274      1.085977      1.155613 
     1.433737      1.379699      1.386561      1.324310      1.209299      1.476355      1.061147      1.108613      1.102386      1.151610 
     1.431137      1.380608      1.386706      1.321909      1.214042      1.478709      1.054884      1.095845      1.118724      1.144820 
     1.428415      1.381311      1.387432      1.320192      1.218068      1.481569      1.053570      1.084865      1.133717      1.135745 
     1.425565      1.381813      1.388736      1.319195      1.221315      1.484864      1.057143      1.076420      1.146390      1.125014 
     1.422596      1.382118      1.390605      1.318938      1.223748      1.488541      1.065081      1.071066      1.156041      1.113342 
     1.419528      1.382231      1.393025      1.319429      1.225353      1.492563      1.076503      1.069118      1.162214      1.101513 
     1.416393      1.382153      1.395972      1.320666      1.226130      1.496909      1.090325      1.070623      1.164658      1.090343 
     1.413231      1.381885      1.399421      1.322643      1.226094      1.501571      1.105383      1.075370      1.163294      1.080668 
     1.410085      1.381427      1.403347      1.325343      1.225269      1.506546      1.120540      1.082894      1.158209      1.073269 
     1.406999      1.380776      1.407723      1.328746      1.223689      1.511832      1.134777      1.092542      1.149642      1.068766 
     1.404021      1.379928      1.412523      1.332824      1.221401      1.517432      1.147209      1.103545      1.138012      1.067605 
     1.401194      1.378877      1.417722      1.337539      1.218465      1.523345      1.157101      1.115080      1.123934      1.069973 
     1.398563      1.377613      1.423292      1.342850      1.214950      1.529557      1.163875      1.126324      1.108233      1.075742 
     1.396169      1.376122      1.429203      1.348703      1.210945      1.536046      1.167110      1.136506      1.091960      1.084486 
     1.394051      1.374390      1.435416      1.355036      1.206549      1.542777      1.166538      1.144940      1.076374      1.095531 
     1.392246      1.372396      1.441887      1.361782      1.201881      1.549699      1.162059      1.151044      1.062860      1.108015 
     1.390785      1.370119      1.448568      1.368859      1.197074      1.556747      1.153770      1.154367      1.052811      1.120982 
     1.389694      1.367535      1.455405      1.376180      1.192278      1.563851      1.141986      1.154593      1.047429      1.133458 
     1.388990      1.364619      1.462350      1.383650      1.187649      1.570934      1.127270      1.151568      1.047532      1.144515 
     1.388683      1.361349      1.469358      1.391166      1.183354      1.577920      1.110473      1.145316      1.053373      1.153324 
     1.388768      1.357710      1.476388      1.398616      1.179563      1.584732      1.092759      1.136089      1.064580      1.159206 
     1.389225      1.353701      1.483399      1.405880      1.176440      1.591291      1.075556      1.124359      1.080189      1.161666 
     1.390020      1.349340      1.490345      1.412835      1.174133      1.597510      1.060473      1.110863      1.098785      1.160420 
     1.391109      1.344660      1.497172      1.419364      1.172761      1.603300      1.049116      1.096615      1.118731      1.155444 
     1.392440      1.339719      1.503823      1.425362      1.172402      1.608571      1.042824      1.082813      1.138371      1.146984 
     1.393968      1.334593      1.510238      1.430746      1.173089      1.613246      1.042428      1.070749      1.156202      1.135557 
     1.395660      1.329377      1.516349      1.435452      1.174805      1.617254      1.048087      1.061678      1.170947      1.121902 
     1.397498      1.324177      1.522091      1.439442      1.177491      1.620543      1.059275      1.056637      1.181610      1.106989 
     1.399485      1.319112      1.527398      1.442692      1.181052      1.623077      1.074901      1.056279      1.187471      1.091979 
     1.401640      1.314313      1.532201      1.445193      1.185359      1.624836      1.093517      1.060763      1.188085      1.078134 
     1.403991      1.309919      1.536432      1.446948      1.190255      1.625814      1.113523      1.069702      1.183284      1.066723 
     1.406574      1.306066      1.540028      1.447968      1.195569      1.626022      1.133362      1.082243      1.173212      1.058884 
     1.409422      1.302889      1.542934      1.448270      1.201120      1.625486      1.151641      1.097220      1.158329      1.055445 
     1.412564      1.300509      1.545102      1.447883      1.206725      1.624243      1.167185      1.113304      1.139459      1.056783 
     1.416019      1.299031      1.546498      1.446839      1.212205      1.622338      1.179043      1.129144      1.117810      1.062757 
     1.419790      1.298532      1.547096      1.445178      1.217398      1.619824      1.186558      1.143552      1.094972      1.072730 
     1.423877      1.299066      1.546879      1.442943      1.222160      1.616755      1.189346      1.155558      1.072835      1.085688 
     1.428267      1.300657      1.545833      1.440182      1.226373      1.613180      1.187256      1.164425      1.053474      1.100391 
     1.432941      1.303304      1.543949      1.436945      1.229940      1.609142      1.180372      1.169667      1.038907      1.115591 
     1.437870      1.306988      1.541225      1.433281      1.232792      1.604679      1.168984      1.171008      1.030824      1.130157 
     1.443015      1.311665      1.537673      1.429242      1.234875      1.599832      1.153622      1.168384      1.030267      1.143107 
     1.448326      1.317271      1.533317      1.424885      1.236156      1.594654      1.135096      1.161957      1.037389      1.153664 
     1.453736      1.323713      1.528211      1.420276      1.236616      1.589220      1.114530      1.152108      1.051426      1.161251 
     1.459149      1.330867      1.522443      1.415495      1.236255      1.583615      1.093365      1.139445      1.070836      1.165497 
     1.464456      1.338575      1.516119      1.410630      1.235096      1.577930      1.073342      1.124859      1.093574      1.166221 
     1.469535      1.346654      1.509365      1.405776      1.233187      1.572248      1.056319      1.109457      1.117442      1.163452 
     1.474267      1.354909      1.502311      1.401026      1.230602      1.566634      1.043999      1.094493      1.140390      1.157423 
     1.478548      1.363153      1.495074      1.396458      1.227434      1.561127      1.037623      1.081233      1.160731      1.148569 
     1.482302      1.371218      1.487748      1.392133      1.223786      1.555758      1.037740      1.070829      1.177214      1.137504 
     1.485481      1.378960      1.480406      1.388090      1.219767      1.550549      1.044105      1.064159      1.189021      1.124982 
     1.488063      1.386260      1.473103      1.384353      1.215489      1.545531      1.055763      1.061741      1.195706      1.111873 
     1.490048      1.393018      1.465874      1.380931      1.211066      1.540738      1.071272      1.063662      1.197129      1.099121 
     1.491454      1.399151      1.458752      1.377819      1.206611      1.536215      1.088958      1.069577      1.193413      1.087685 
     1.492304      1.404589      1.451762      1.375005      1.202237      1.532009      1.107158      1.078758      1.184912      1.078463 
     1.492632      1.409280      1.444926      1.372468      1.198051      1.528160      1.124382      1.090217      1.172196      1.072200 
     1.492470      1.413186      1.438270      1.370180      1.194156      1.524707      1.139429      1.102864      1.156045      1.069380 
     1.491853      1.416280      1.431817      1.368109      1.190641      1.521676      1.151409      1.115618      1.137439      1.070174 
     1.490812      1.418553      1.425589      1.366223      1.187581      1.519079      1.159730      1.127506      1.117547      1.074410 
     1.489375      1.420003      1.419608      1.364485      1.185041      1.516919      1.164071      1.137724      1.097692      1.081615 
     1.487566      1.420637      1.413891      1.362865      1.183067      1.515182      1.164358      1.145659      1.079297      1.091083 
     1.485401      1.420470      1.408454      1.361336      1.181690      1.513841      1.160721      1.150889      1.063789      1.101974 
     1.482895      1.419518      1.403308      1.359876      1.180928      1.512859      1.153472      1.153163      1.052455      1.113403 
     1.480054      1.417803      1.398467      1.358470      1.180781      1.512194      1.143102      1.152393      1.046294      1.124515 
     1.476880      1.415350      1.393952      1.357108      1.181238      1.511801      1.130280      1.148639      1.045837      1.134541 
     1.473373      1.412189      1.389797      1.355788      1.182273      1.511640      1.115853      1.142104      1.051058      1.142827 
     1.469528      1.408357      1.386047      1.354518      1.183848      1.511671      1.100841      1.133144      1.061371      1.148858 
     1.465342      1.403903      1.382758      1.353308      1.185909      1.511854      1.086410      1.122285      1.075705      1.152265 
     1.460813      1.398888      1.379990      1.352178      1.188386      1.512148      1.073781      1.110215      1.092680      1.152853 
     1.455942      1.393387      1.377796      1.351146      1.191196      1.512511      1.064121      1.097780      1.110791      1.150591 
     1.450738      1.387486      1.376219      1.350235      1.194246      1.512900      1.058375      1.085935      1.128568      1.145625 
     1.445219      1.381279      1.375288      1.349465      1.197434      1.513275      1.057120      1.075683      1.144712      1.138267 
     1.439411      1.374862      1.375012      1.348850      1.200659      1.513604      1.060463      1.067948      1.158158      1.128988 
     1.433362      1.368334      1.375389      1.348400      1.203820      1.513868      1.068054      1.063497      1.168081      1.118396 
     1.427134      1.361793      1.376401      1.348123      1.206821      1.514057      1.079147      1.062827      1.173894      1.107209 
     1.420806      1.355338      1.378021      1.348016      1.209571      1.514169      1.092724      1.066087      1.175236      1.096240 
     1.414470      1.349066      1.380216      1.348075      1.211984      1.514216      1.107636      1.073068      1.171956      1.086318 
     1.408229      1.343079      1.382946      1.348285      1.213980      1.514209      1.122717      1.083222      1.164125      1.078249 
     1.402192      1.337479      1.386167      1.348628      1.215487      1.514170      1.136872      1.095741      1.152056      1.072742 
     1.396469      1.332364      1.389831      1.349080      1.216441      1.514117      1.149142      1.109660      1.136335      1.070299 
     1.391167      1.327829      1.393889      1.349613      1.216792      1.514071      1.158727      1.123958      1.117855      1.071162 
     1.386385      1.323965      1.398285      1.350195      1.216500      1.514048      1.165011      1.137646      1.097845      1.075262 
     1.382213      1.320850      1.402958      1.350792      1.215541      1.514060      1.167563      1.149828      1.077858      1.082235 
     1.378726      1.318552      1.407844      1.351367      1.213905      1.514112      1.166138      1.159710      1.059706      1.091472 
     1.375987      1.317120      1.412877      1.351887      1.211603      1.514203      1.160725      1.166686      1.045284      1.102186 
     1.374044      1.316589      1.417991      1.352315      1.208668      1.514330      1.151561      1.170346      1.036309      1.113494 
     1.372933      1.316972      1.423127      1.352618      1.205150      1.514499      1.139133      1.170439      1.034048      1.124520 
     1.372664      1.318266      1.428240      1.352763      1.201130      1.514727      1.124181      1.166843      1.039084      1.134497 
     1.373236      1.320436      1.433291      1.352720      1.196717      1.515046      1.107780      1.159665      1.051091      1.142743 
     1.374618      1.323419      1.438254      1.352463      1.192054      1.515505      1.091316      1.149261      1.068883      1.148695 
     1.376753      1.327115      1.443103      1.351974      1.187316      1.516151      1.076379      1.136246      1.090629      1.151957 
     1.379558      1.331393      1.447803      1.351241      1.182700      1.517023      1.064569      1.121495      1.114184      1.152325 
     1.382928      1.336098      1.452327      1.350263      1.178408      1.518143      1.057245      1.106114      1.137396      1.149787 
     1.386757      1.341067      1.456641      1.349046      1.174627      1.519512      1.055244      1.091343      1.158385      1.144538 
     1.390944      1.346145      1.460719      1.347608      1.171517      1.521119      1.058719      1.078429      1.175689      1.136957 
     1.395404      1.351199      1.464535      1.345970      1.169197      1.522943      1.067155      1.068495      1.188290      1.127582 
     1.400065      1.356121      1.468073      1.344158      1.167748      1.524962      1.079506      1.062384      1.195584      1.117089 
     1.404878      1.360832      1.471315      1.342203      1.167215      1.527157      1.094419      1.060601      1.197303      1.106228 
     1.409804      1.365279      1.474248      1.340136      1.167607      1.529515      1.110457      1.063224      1.193455      1.095804 
     1.414815      1.369431      1.476854      1.337995      1.168906      1.532031      1.126253      1.069918      1.184287      1.086633 
     1.419894      1.373275      1.479113      1.335825      1.171066      1.534705      1.140613      1.079993      1.170271      1.079468 
     1.425028      1.376811      1.481001      1.333672      1.174022      1.537534      1.152567      1.092525      1.152103      1.074922 
     1.430202      1.380048      1.482490      1.331591      1.177684      1.540515      1.161367      1.106450      1.130765      1.073424 
     1.435405      1.383003      1.483548      1.329641      1.181948      1.543632      1.166486      1.120684      1.107548      1.075144 
     1.440619      1.385696      1.484139      1.327884      1.186696      1.546859      1.167615      1.134206      1.084060      1.079967 
     1.445828      1.388150      1.484226      1.326385      1.191796      1.550149      1.164653      1.146116      1.062177      1.087493 
     1.451012      1.390392      1.483771      1.325209      1.197115      1.553442      1.157712      1.155664      1.043930      1.097110 
     1.456150      1.392449      1.482743      1.324420      1.202519      1.556670      1.147131      1.162274      1.031242      1.108043 
     1.461225      1.394343      1.481123      1.324081      1.207875      1.559764      1.133480      1.165548      1.025616      1.119424 
     1.466210      1.396098      1.478915      1.324250      1.213055      1.562662      1.117592      1.165257      1.027843      1.130395 
     1.471071      1.397733      1.476154      1.324979      1.217931      1.565319      1.100562      1.161331      1.037808      1.140171 
     1.475757      1.399261      1.472906      1.326311      1.222377      1.567697      1.083770      1.153907      1.054442      1.148049 
     1.480202      1.400688      1.469261      1.328274      1.226269      1.569767      1.068783      1.143363      1.075959      1.153490 
     1.484327      1.402021      1.465330      1.330872      1.229493      1.571496      1.057183      1.130339      1.100154      1.156124 
     1.488049      1.403260      1.461226      1.334090      1.231961      1.572849      1.050315      1.115749      1.124738      1.155785 
     1.491292      1.404400      1.457053      1.337887      1.233610      1.573792      1.049012      1.100736      1.147642      1.152522 
     1.493996      1.405442      1.452905      1.342202      1.234413      1.574302      1.053410      1.086570      1.167211      1.146620 
     1.496123      1.406383      1.448857      1.346959      1.234375      1.574364      1.062944      1.074517      1.182218      1.138531 
     1.497662      1.407226      1.444962      1.352077      1.233533      1.573971      1.076486      1.065688      1.191862      1.128841 
     1.498629      1.407970      1.441253      1.357472      1.231944      1.573132      1.092582      1.060895      1.195752      1.118262 
     1.499060      1.408611      1.437750      1.363056      1.229679      1.571865      1.109681      1.060531      1.193842      1.107578 
     1.499007      1.409146      1.434462      1.368749      1.226827      1.570193      1.126344      1.064522      1.186372      1.097590 
     1.498538      1.409566      1.431387      1.374470      1.223483      1.568141      1.141349      1.072353      1.173847      1.089051 
     1.497725      1.409861      1.428516      1.380145      1.219751      1.565735      1.153736      1.083171      1.157027      1.082600 
     1.496637      1.410017      1.425843      1.385698      1.215739      1.562995      1.162816      1.095919      1.136948      1.078717 
     1.495337      1.410020      1.423359      1.391059      1.211559      1.559933      1.168156      1.109495      1.114912      1.077649 
     1.493881      1.409851      1.421049      1.396167      1.207322      1.556547      1.169543      1.122833      1.092467      1.079384 
     1.492313      1.409487      1.418896      1.400967      1.203136      1.552825      1.166971      1.135018      1.071356      1.083670 
     1.490659      1.408904      1.416885      1.405409      1.199103      1.548740      1.160619      1.145298      1.053411      1.090063 
     1.488931      1.408077      1.415007      1.409449      1.195322      1.544261      1.150854      1.153098      1.040358      1.097993 
     1.487126      1.406978      1.413255      1.413054      1.191881      1.539359      1.138204      1.158025      1.033567      1.106849 
     1.485224      1.405574      1.411632      1.416194      1.188862      1.534015      1.123387      1.159842      1.033812      1.116019 
     1.483194      1.403837      1.410158      1.418844      1.186340      1.528234      1.107303      1.158454      1.041134      1.124942 
     1.480994      1.401735      1.408872      1.420980      1.184382      1.522043      1.091048      1.153912      1.054822      1.133125 
     1.478573      1.399244      1.407826      1.422583      1.183050      1.515496      1.075888      1.146433      1.073513      1.140117 
     1.475880      1.396349      1.407080      1.423637      1.182386      1.508669      1.063161      1.136405      1.095469      1.145554 
     1.472868      1.393043      1.406697      1.424134      1.182418      1.501652      1.054128      1.124412      1.118803      1.149143 
     1.469502      1.389331      1.406732      1.424078      1.183148      1.494546      1.049778      1.111231      1.141698      1.150670 
     1.465763      1.385230      1.407227      1.423483      1.184556      1.487462      1.050644      1.097812      1.162553      1.150017 
     1.461656      1.380767      1.408211      1.422376      1.186595      1.480515      1.056696      1.085214      1.180053      1.147167 
     1.457204      1.375980      1.409697      1.420793      1.189196      1.473824      1.067334      1.074527      1.193184      1.142215 
     1.452449      1.370916      1.411688      1.418777      1.192270      1.467513      1.081504      1.066761      1.201233      1.135390 
     1.447444      1.365634      1.414170      1.416380      1.195712      1.461708      1.097867      1.062716      1.203766      1.127053 
     1.442249      1.360198      1.417116      1.413657      1.199400      1.456525      1.114979      1.062847      1.200602      1.117669 
     1.436933      1.354685      1.420489      1.410667      1.203209      1.452074      1.131444      1.067200      1.191838      1.107836 
     1.431561      1.349174      1.424236      1.407472      1.207003      1.448449      1.146020      1.075392      1.177847      1.098235 
     1.426202      1.343752      1.428295      1.404132      1.210651      1.445723      1.157690      1.086678      1.159315      1.089590 
     1.420916      1.338506      1.432592      1.400708      1.214024      1.443945      1.165690      1.100059      1.137269      1.082600 
     1.415762      1.333518      1.437042      1.397252      1.217004      1.443134      1.169520      1.114421      1.113093      1.077863 
     1.410785      1.328867      1.441554      1.393816      1.219484      1.443278      1.168936      1.128657      1.088511      1.075805 
     1.406022      1.324619      1.446035      1.390440      1.221378      1.444341      1.163956      1.141777      1.065510      1.076603 
     1.401498      1.320830      1.450398      1.387156      1.222613      1.446268      1.154829      1.152951      1.046189      1.080180 
     1.397229      1.317541      1.454571      1.383989      1.223138      1.448994      1.142032      1.161532      1.032540      1.086222 
     1.393222      1.314781      1.458500      1.380951      1.222913      1.452460      1.126275      1.167057      1.026116      1.094205 
     1.389478      1.312574      1.462162      1.378051      1.221911      1.456614      1.108496      1.169209      1.027773      1.103499 
     1.386002      1.310934      1.465563      1.375294      1.220117      1.461411      1.089895      1.167826      1.037451      1.113394 
     1.382800      1.309873      1.468735      1.372683      1.217531      1.466810      1.071913      1.162895      1.054200      1.123172 
     1.379885      1.309395      1.471723      1.370221      1.214178      1.472757      1.056168      1.154581      1.076357      1.132151 
     1.377274      1.309493      1.474579      1.367910      1.210104      1.479182      1.044288      1.143253      1.101849      1.139726 
     1.374993      1.310149      1.477346      1.365751      1.205386      1.486004      1.037659      1.129529      1.128504      1.145399 
     1.373071      1.311330      1.480054      1.363740      1.200127      1.493133      1.037170      1.114277      1.154272      1.148799 
     1.371540      1.312994      1.482722      1.361866      1.194461      1.500484      1.043015      1.098604      1.177388      1.149707 
     1.370428      1.315089      1.485352      1.360111      1.188541      1.507984      1.054649      1.083796      1.196417      1.148053 
     1.369763      1.317554      1.487935      1.358452      1.182540      1.515570      1.070912      1.071212      1.210258      1.143930 
     1.369566      1.320325      1.490448      1.356856      1.176643      1.523189      1.090248      1.062143      1.218117      1.137590 
     1.369856      1.323337      1.492861      1.355290      1.171046      1.530788      1.110955      1.057618      1.219479      1.129427 
     1.370649      1.326523      1.495132      1.353714      1.165947      1.538316      1.131378      1.058243      1.214105      1.119983 
     1.371965      1.329822      1.497210      1.352091      1.161538      1.545716      1.150050      1.064081      1.202035      1.109920 
     1.373827      1.333172      1.499038      1.350386      1.157999      1.552927      1.165743      1.074637      1.183646      1.099984 
     1.376255      1.336520      1.500549      1.348573      1.155487      1.559876      1.177487      1.088931      1.159738      1.090957 
     1.379265      1.339816      1.501671      1.346640      1.154124      1.566475      1.184591      1.105648      1.131638      1.083574 
     1.382859      1.343018      1.502329      1.344592      1.153981      1.572623      1.186651      1.123320      1.101268      1.078433 
     1.387020      1.346094      1.502455      1.342450      1.155070      1.578209      1.183567      1.140494      1.071143      1.075901 
     1.391709      1.349025      1.501989      1.340253      1.157343      1.583114      1.175554      1.155897      1.044204      1.076055 
     1.396876      1.351805      1.500890      1.338056      1.160692      1.587226      1.163125      1.168509      1.023465      1.078696 
     1.402454      1.354442      1.499141      1.335921      1.164968      1.590449      1.147076      1.177600      1.011489      1.083406 
     1.408366      1.356951      1.496759      1.333917      1.169992      1.592716      1.128471      1.182730      1.009809      1.089652 
     1.414523      1.359351      1.493793      1.332116      1.175566      1.594004      1.108619      1.183709      1.018526      1.096864 
     1.420817      1.361660      1.490330      1.330593      1.181475      1.594336      1.089053      1.180579      1.036271      1.104489 
     1.427123      1.363890      1.486480      1.329418      1.187500      1.593780      1.071441      1.173617      1.060575      1.112016 
     1.433305      1.366047      1.482367      1.328655      1.193423      1.592433      1.057392      1.163330      1.088453      1.118985 
     1.439235      1.368135      1.478111      1.328355      1.199046      1.590410      1.048230      1.150438      1.116972      1.125001 
     1.444808      1.370157      1.473816      1.328550      1.204202      1.587828      1.044733      1.135834      1.143673      1.129765 
     1.449951      1.372118      1.469564      1.329260      1.208764      1.584801      1.047021      1.120531      1.166710      1.133070 
     1.454627      1.374021      1.465410      1.330488      1.212646      1.581436      1.054564      1.105603      1.184849      1.134808 
     1.458829      1.375872      1.461392      1.332228      1.215793      1.577823      1.066317      1.092111      1.197367      1.134961 
     1.462572      1.377678      1.457531      1.334467      1.218178      1.574039      1.080942      1.081043      1.203928      1.133596 
     1.465884      1.379447      1.453836      1.337189      1.219798      1.570144      1.097005      1.073211      1.204484      1.130860 
     1.468800      1.381184      1.450308      1.340371      1.220661      1.566180      1.113146      1.069183      1.199207      1.126963 
     1.471355      1.382894      1.446945      1.343987      1.220787      1.562176      1.128168      1.069213      1.188461      1.122176 
     1.473589      1.384577      1.443739      1.348006      1.220210      1.558150      1.141091      1.073202      1.172813      1.116825 
     1.475537      1.386233      1.440681      1.352392      1.218972      1.554109      1.151155      1.080711      1.153063      1.111278 
     1.477230      1.387854      1.437755      1.357102      1.217129      1.550049      1.157817      1.091016      1.130295      1.105926 
     1.478694      1.389430      1.434946      1.362086      1.214746      1.545955      1.160746      1.103200      1.105921      1.101171 
     1.479946      1.390946      1.432229      1.367287      1.211902      1.541796      1.159821      1.116245      1.081674      1.097378 
     1.480994      1.392380      1.429577      1.372644      1.208687      1.537525      1.155124      1.129138      1.059544      1.094852 
     1.481840      1.393713      1.426956      1.378100      1.205197      1.533085      1.146943      1.140949      1.041601      1.093804 
     1.482473      1.394919      1.424330      1.383598      1.201533      1.528416      1.135762      1.150874      1.029742      1.094332 
     1.482877      1.395968      1.421676      1.389090      1.197796      1.523465      1.122255      1.158261      1.025380      1.096419 
     1.483028      1.396829      1.418986      1.394528      1.194091      1.518208      1.107283      1.162602      1.029154      1.099939 
     1.482889      1.397467      1.416279      1.399863      1.190527      1.512648      1.091905      1.163537      1.040790      1.104673 
     1.482425      1.397843      1.413604      1.405042      1.187217      1.506822      1.077347      1.160863      1.059153      1.110309 
     1.481596      1.397915      1.411032      1.410004      1.184278      1.500795      1.064923      1.154561      1.082452      1.116464 
     1.480366      1.397644      1.408647      1.414685      1.181825      1.494647      1.055894      1.144835      1.108576      1.122719 
     1.478711      1.396993      1.406538      1.419017      1.179963      1.488464      1.051281      1.132160      1.135356      1.128636 
     1.476626      1.395934      1.404785      1.422938      1.178782      1.482335      1.051667      1.117298      1.160804      1.133802 
     1.474115      1.394444      1.403456      1.426395      1.178346      1.476345      1.057086      1.101300      1.183231      1.137844 
     1.471199      1.392515      1.402603      1.429346      1.178693      1.470570      1.067006      1.085452      1.201309      1.140482 
     1.467903      1.390153      1.402262      1.431758      1.179834      1.465081      1.080443      1.071191      1.214043      1.141516 
     1.464256      1.387372      1.402456      1.433614      1.181752      1.459938      1.096128      1.059967      1.220752      1.140847 
     1.460287      1.384200      1.403194      1.434900      1.184407      1.455198      1.112692      1.053068      1.221024      1.138480 
     1.456025      1.380679      1.404480      1.435613      1.187734      1.450920      1.128813      1.051418      1.214695      1.134520 
     1.451508      1.376863      1.406301      1.435751      1.191649      1.447169      1.143309      1.055423      1.201859      1.129177 
     1.446780      1.372824      1.408634      1.435317      1.196043      1.444022      1.155185      1.064877      1.182912      1.122754 
     1.441907      1.368651      1.411432      1.434317      1.200789      1.441562      1.163664      1.078978      1.158650      1.115651 
     1.436970      1.364450      1.414621      1.432766      1.205735      1.439862      1.168197      1.096446      1.130368      1.108342 
     1.432066      1.360343      1.418098      1.430686      1.210712      1.438974      1.168492      1.115722      1.099935      1.101339 
     1.427299      1.356452      1.421734      1.428108      1.215551      1.438911      1.164538      1.135177      1.069780      1.095144 
     1.422765      1.352894      1.425378      1.425062      1.220091      1.439641      1.156597      1.153315      1.042709      1.090180 
     1.418541      1.349768      1.428881      1.421584      1.224193      1.441095      1.145182      1.168898      1.021592      1.086759 
     1.414687      1.347153      1.432119      1.417702      1.227749      1.443183      1.131013      1.180996      1.008902      1.085079 
     1.411238      1.345109      1.435006      1.413432      1.230673      1.445820      1.114995      1.188971      1.006213      1.085225 
     1.408216      1.343684      1.437512      1.408785      1.232901      1.448938      1.098202      1.192421      1.013865      1.087206 
     1.405638      1.342914      1.439656      1.403770      1.234382      1.452491      1.081871      1.191142      1.030895      1.090967 
     1.403512      1.342828      1.441494      1.398404      1.235075      1.456446      1.067362      1.185116      1.055271      1.096367 
     1.401851      1.343442      1.443098      1.392723      1.234953      1.460773      1.056048      1.174550      1.084328      1.103163 
     1.400661      1.344753      1.444540      1.386780      1.234009      1.465431      1.049117      1.159934      1.115228      1.110983 
     1.399943      1.346737      1.445883      1.380650      1.232265      1.470367      1.047346      1.142084      1.145326      1.119346 
     1.399689      1.349343      1.447176      1.374418      1.229770      1.475519      1.050928      1.122151      1.172395      1.127692 
     1.399881      1.352500      1.448452      1.368178      1.226604      1.480818      1.059413      1.101579      1.194737      1.135464 
     1.400487      1.356119      1.449728      1.362019      1.222870      1.486198      1.071802      1.082027      1.211177      1.142130 
     1.401467      1.360101      1.451015      1.356025      1.218689      1.491597      1.086742      1.065208      1.221031      1.147246 
     1.402775      1.364342      1.452309      1.350265      1.214188      1.496961      1.102753      1.052691      1.224027      1.150477 
     1.404368      1.368738      1.453602      1.344795      1.209503      1.502253      1.118429      1.045682      1.220244      1.151627 
     1.406212      1.373188      1.454874      1.339659      1.204767      1.507446      1.132556      1.044814      1.210057      1.150631 
     1.408289      1.377599      1.456104      1.334889      1.200111      1.512524      1.144173      1.050027      1.194119      1.147568 
     1.410594      1.381875      1.457253      1.330513      1.195666      1.517476      1.152590      1.060594      1.173383      1.142646 
     1.413131      1.385926      1.458278      1.326554      1.191558      1.522289      1.157405      1.075269      1.149122      1.136190 
     1.415901      1.389668      1.459129      1.323031      1.187899      1.526934      1.158481      1.092495      1.122939      1.128635 
     1.418897      1.393030      1.459745      1.319952      1.184784      1.531368      1.155937      1.110643      1.096729      1.120497 
     1.422097      1.395956      1.460070      1.317322      1.182284      1.535532      1.150107      1.128206      1.072544      1.112340 
     1.425473      1.398411      1.460047      1.315133      1.180439      1.539362      1.141519      1.143958      1.052408      1.104715 
     1.428992      1.400375      1.459633      1.313376      1.179267      1.542796      1.130834      1.156985      1.038070      1.098112 
     1.432619      1.401847      1.458798      1.312037      1.178761      1.545789      1.118807      1.166672      1.030748      1.092938 
     1.436321      1.402829      1.457531      1.311105      1.178899      1.548320      1.106262      1.172650      1.030941      1.089502 
     1.440068      1.403331      1.455837      1.310575      1.179649      1.550399      1.094056      1.174736      1.038373      1.087981 
     1.443829      1.403359      1.453737      1.310451      1.180974      1.552057      1.083057      1.172893      1.052071      1.088429 
     1.447572      1.402923      1.451267      1.310743      1.182830      1.553347      1.074101      1.167218      1.070550      1.090768 
     1.451259      1.402031      1.448465      1.311469      1.185163      1.554329      1.067921      1.157952      1.092064      1.094788 
     1.454859      1.400691      1.445375      1.312651      1.187914      1.555069      1.065059      1.145513      1.114828      1.100165 
     1.458340      1.398911      1.442044      1.314318      1.191015      1.555630      1.065782      1.130517      1.137171      1.106486 
     1.461673      1.396705      1.438514      1.316499      1.194393      1.556068      1.070042      1.113815      1.157631      1.113268 
     1.464831      1.394087      1.434828      1.319218      1.197963      1.556438      1.077473      1.096472      1.175011      1.120025 
     1.467795      1.391076      1.431028      1.322504      1.201641      1.556783      1.087429      1.079764      1.188360      1.126287 
     1.470550      1.387688      1.427150      1.326380      1.205342      1.557142      1.099073      1.065089      1.196963      1.131620 
     1.473085      1.383942      1.423227      1.330869      1.208981      1.557542      1.111473      1.053846      1.200314      1.135647 
     1.475393      1.379858      1.419292      1.335994      1.212477      1.558005      1.123677      1.047272      1.198111      1.138083 
     1.477473      1.375456      1.415374      1.341774      1.215750      1.558555      1.134794      1.046250      1.190246      1.138731 
     1.479324      1.370765      1.411501      1.348225      1.218715      1.559216      1.144026      1.051146      1.176831      1.137481 
     1.480948      1.365823      1.407706      1.355345      1.221287      1.560013      1.150688      1.061714      1.158291      1.134339 
     1.482343      1.360686      1.404031      1.363106      1.223379      1.560956      1.154246      1.077139      1.135460      1.129407 
     1.483501      1.355434      1.400519      1.371443      1.224904      1.562046      1.154336      1.096083      1.109732      1.122950 
     1.484407      1.350170      1.397212      1.380251      1.225783      1.563253      1.150824      1.116886      1.083107      1.115372 
     1.485037      1.345011      1.394143      1.389389      1.225954      1.564516      1.143843      1.137775      1.058125      1.107208 
     1.485368      1.340082      1.391329      1.398700      1.225382      1.565744      1.133837      1.157094      1.037553      1.099059 
     1.485369      1.335493      1.388778      1.408024      1.224057      1.566832      1.121527      1.173457      1.023944      1.091553 
     1.485014      1.331339      1.386483      1.417224      1.221997      1.567677      1.107859      1.185816      1.019077      1.085291 
     1.484271      1.327687      1.384453      1.426184      1.219240      1.568194      1.093944      1.193480      1.023572      1.080805 
     1.483113      1.324588      1.382716      1.434813      1.215843      1.568327      1.080987      1.196070      1.036769      1.078513 
     1.481517      1.322072      1.381327      1.443027      1.211880      1.568042      1.070186      1.193481      1.056941      1.078682 
     1.479470      1.320155      1.380359      1.450751      1.207446      1.567325      1.062603      1.185873      1.081717      1.081378 
     1.476973      1.318837      1.379887      1.457912      1.202656      1.566180      1.059019      1.173688      1.108532      1.086428 
     1.474045      1.318099      1.379981      1.464441      1.197643      1.564633      1.059800      1.157653      1.135006      1.093435 
     1.470721      1.317910      1.380692      1.470283      1.192549      1.562717      1.064826      1.138779      1.159138      1.101808 
     1.467048      1.318225      1.382045      1.475385      1.187524      1.560480      1.073513      1.118336      1.179419      1.110869 
     1.463078      1.318986      1.384052      1.479712      1.182715      1.557973      1.084927      1.097809      1.194815      1.119933 
     1.458859      1.320132      1.386701      1.483240      1.178261      1.555242      1.097954      1.078794      1.204703      1.128338 
     1.454426      1.321603      1.389968      1.485954      1.174282      1.552327      1.111440      1.062872      1.208803      1.135524 
     1.449805      1.323342      1.393825      1.487846      1.170884      1.549262      1.124317      1.051429      1.207107      1.141062 
     1.445011      1.325302      1.398237      1.488911      1.168154      1.546073      1.135681      1.045496      1.199817      1.144642 
     1.440063      1.327441      1.403166      1.489139      1.166165      1.542785      1.144815      1.045584      1.187321      1.146082 
     1.434983      1.329729      1.408568      1.488524      1.164973      1.539429      1.151179      1.051604      1.170207      1.145325 
     1.429811      1.332143      1.414386      1.487056      1.164618      1.536037      1.154427      1.062891      1.149308      1.142421 
     1.424609      1.334661      1.420538      1.484726      1.165121      1.532645      1.154386      1.078299      1.125785      1.137545 
     1.419449      1.337270      1.426921      1.481539      1.166479      1.529285      1.151071      1.096368      1.101163      1.131006 
     1.414417      1.339955      1.433407      1.477511      1.168660      1.525973      1.144694      1.115511      1.077323      1.123245 
     1.409598      1.342709      1.439854      1.472672      1.171603      1.522713      1.135669      1.134194      1.056384      1.114815 
     1.405067      1.345526      1.446121      1.467066      1.175222      1.519490      1.124605      1.151070      1.040444      1.106340 
     1.400882      1.348407      1.452086      1.460741      1.179413      1.516277      1.112275      1.165051      1.031263      1.098475 
     1.397089      1.351356      1.457658      1.453750      1.184061      1.513055      1.099584      1.175323      1.029923      1.091838 
     1.393714      1.354380      1.462788      1.446143      1.189046      1.509820      1.087511      1.181323      1.036603      1.086967 
     1.390778      1.357485      1.467460      1.437978      1.194243      1.506602      1.077056      1.182719      1.050557      1.084262 
     1.388296      1.360673      1.471679      1.429318      1.199524      1.503462      1.069150      1.179401      1.070272      1.083940 
     1.386282      1.363935      1.475463      1.420244      1.204756      1.500489      1.064545      1.171494      1.093761      1.085993 
     1.384744      1.367257      1.478827      1.410852      1.209803      1.497793      1.063689      1.159377      1.118874      1.090196 
     1.383693      1.370609      1.481784      1.401255      1.214534      1.495486      1.066668      1.143736      1.143556      1.096109 
     1.383126      1.373959      1.484344      1.391580      1.218823      1.493673      1.073152      1.125555      1.166013      1.103152 
     1.383033      1.377268      1.486514      1.381958      1.222560      1.492442      1.082466      1.106115      1.184805      1.110668 
     1.383391      1.380493      1.488300      1.372516      1.225652      1.491851      1.093695      1.086934      1.198854      1.117984 
     1.384165      1.383593      1.489713      1.363371      1.228028      1.491933      1.105805      1.069652      1.207453      1.124506 
     1.385313      1.386530      1.490763      1.354624      1.229637      1.492696      1.117773      1.055858      1.210208      1.129760 
     1.386792      1.389268      1.491463      1.346363      1.230449      1.494130      1.128676      1.046917      1.206997      1.133384 
     1.388571      1.391769      1.491820      1.338664      1.230448      1.496213      1.137764      1.043761      1.197938      1.135129 
     1.390628      1.394000      1.491839      1.331595      1.229632      1.498923      1.144467      1.046719      1.183399      1.134882 
     1.392954      1.395921      1.491524      1.325223      1.228019      1.502240      1.148419      1.055493      1.164029      1.132681 
     1.395547      1.397494      1.490869      1.319617      1.225643      1.506131      1.149424      1.069145      1.140828      1.128674 
     1.398402      1.398678      1.489870      1.314838      1.222566      1.510546      1.147477      1.086265      1.115220      1.123140 
     1.401506      1.399439      1.488516      1.310937      1.218878      1.515402      1.142771      1.105186      1.089063      1.116474 
     1.404832      1.399748      1.486796      1.307944      1.214693      1.520591      1.135687      1.124220      1.064576      1.109180 
     1.408346      1.399584      1.484698      1.305859      1.210148      1.525974      1.126782      1.141866      1.044050      1.101762 
     1.412006      1.398934      1.482204      1.304657      1.205386      1.531408      1.116744      1.156935      1.029529      1.094696 
     1.415768      1.397790      1.479305      1.304284      1.200551      1.536769      1.106316      1.168546      1.022531      1.088473 
     1.419592      1.396149      1.475999      1.304674      1.195780      1.541972      1.096292      1.176143      1.023716      1.083538 
     1.423439      1.394005      1.472293      1.305755      1.191203      1.546969      1.087425      1.179405      1.032798      1.080289 
     1.427273      1.391351      1.468209      1.307453      1.186949      1.551742      1.080420      1.178239      1.048589      1.078988 
     1.431059      1.388181      1.463779      1.309698      1.183142      1.556294      1.075855      1.172737      1.069303      1.079778 
     1.434763      1.384495      1.459051      1.312415      1.179903      1.560639      1.074142      1.163188      1.092877      1.082656 
     1.438351      1.380296      1.454083      1.315535      1.177346      1.564791      1.075444      1.150081      1.117271      1.087452 
     1.441790      1.375598      1.448941      1.318990      1.175571      1.568755      1.079661      1.134144      1.140650      1.093836 
     1.445051      1.370425      1.443691      1.322724      1.174656      1.572532      1.086444      1.116351      1.161479      1.101333 
     1.448105      1.364808      1.438405      1.326684      1.174656      1.576109      1.095227      1.097900      1.178571      1.109412 
     1.450926      1.358795      1.433148      1.330832      1.175596      1.579469      1.105295      1.080188      1.191058      1.117508 
     1.453485      1.352437      1.427984      1.335139      1.177476      1.582585      1.115867      1.064710      1.198352      1.125072 
     1.455755      1.345798      1.422965      1.339587      1.180270      1.585428      1.126161      1.052922      1.200120      1.131606 
     1.457712      1.338949      1.418145      1.344167      1.183929      1.587970      1.135440      1.046068      1.196233      1.136700 
     1.459339      1.331979      1.413569      1.348880      1.188379      1.590192      1.143058      1.045014      1.186759      1.140011 
     1.460626      1.324993      1.409281      1.353726      1.193523      1.592074      1.148463      1.050055      1.172010      1.141308 
     1.461574      1.318124      1.405326      1.358702      1.199233      1.593605      1.151223      1.060853      1.152603      1.140461 
     1.462188      1.311537      1.401746      1.363786      1.205351      1.594768      1.151063      1.076454      1.129534      1.137465 
     1.462485      1.305419      1.398579      1.368940      1.211683      1.595535      1.147891      1.095407      1.104315      1.132500 
     1.462483      1.299971      1.395846      1.374110      1.218009      1.595865      1.141838      1.115973      1.078967      1.125931 
     1.462199      1.295392      1.393541      1.379229      1.224100      1.595693      1.133288      1.136384      1.055807      1.118237 
     1.461653      1.291852      1.391636      1.384233      1.229738      1.594943      1.122841      1.155029      1.037263      1.110046 
     1.460856      1.289486      1.390094      1.389062      1.234736      1.593540      1.111273      1.170578      1.025483      1.102069 
     1.459815      1.288386      1.388876      1.393674      1.238945      1.591418      1.099451      1.182049      1.021910      1.095030 
     1.458534      1.288613      1.387968      1.398039      1.242253      1.588533      1.088318      1.188779      1.026986      1.089542 
     1.457019      1.290200      1.387382      1.402135      1.244575      1.584867      1.078802      1.190380      1.040102      1.086085 
     1.455277      1.293161      1.387163      1.405946      1.245850      1.580438      1.071747      1.186695      1.059815      1.084971 
     1.453325      1.297486      1.387376      1.409452      1.246036      1.575299      1.067812      1.177783      1.084159      1.086316 
     1.451193      1.303130      1.388085      1.412628      1.245115      1.569539      1.067394      1.164003      1.110929      1.089986 
     1.448927      1.310001      1.389342      1.415448      1.243101      1.563279      1.070537      1.146076      1.137956      1.095612 
     1.446585      1.317966      1.391175      1.417881      1.240047      1.556669      1.076895      1.125135      1.163285      1.102622 
     1.444227      1.326843      1.393577      1.419898      1.236047      1.549877      1.085776      1.102734      1.185295      1.110318 
     1.441907      1.336418      1.396513      1.421477      1.231234      1.543076      1.096233      1.080765      1.202760      1.117962 
     1.439665      1.346463      1.399925      1.422597      1.225775      1.536422      1.107161      1.061257      1.214878      1.124877 
     1.437526      1.356748      1.403738      1.423245      1.219853      1.530047      1.117527      1.046167      1.221224      1.130492 
     1.435506      1.367063      1.407870      1.423414      1.213660      1.524063      1.126482      1.037084      1.221699      1.134398 
     1.433613      1.377226      1.412237      1.423098      1.207383      1.518556      1.133376      1.034908      1.216487      1.136357 
     1.431860      1.387077      1.416758      1.422291      1.201203      1.513598      1.137793      1.039676      1.206000      1.136287 
     1.430265      1.396477      1.421351      1.420987      1.195296      1.509256      1.139545      1.050611      1.190863      1.134255 
     1.428853      1.405301      1.425932      1.419186      1.189827      1.505587      1.138668      1.066299      1.171931      1.130460 
     1.427647      1.413439      1.430415      1.416889      1.184948      1.502633      1.135372      1.084953      1.150294      1.125215 
     1.426665      1.420796      1.434712      1.414106      1.180789      1.500408      1.130030      1.104712      1.127272      1.118926 
     1.425913      1.427305      1.438739      1.410853      1.177451      1.498896      1.123127      1.123862      1.104366      1.112057 
     1.425388      1.432928      1.442423      1.407152      1.175000      1.498047      1.115243      1.141014      1.083161      1.105085 
     1.425078      1.437656      1.445704      1.403025      1.173464      1.497790      1.106988      1.155147      1.065197      1.098473 
     1.424964      1.441505      1.448537      1.398493      1.172840      1.498043      1.098975      1.165586      1.051809      1.092630 
     1.425026      1.444508      1.450896      1.393572      1.173103      1.498730      1.091779      1.171949      1.043982      1.087898 
     1.425245      1.446703      1.452770      1.388273      1.174212      1.499786      1.085902      1.174057      1.042225      1.084549 
     1.425607      1.448130      1.454162      1.382603      1.176117      1.501177      1.081771      1.171891      1.046508      1.082791 
     1.426100      1.448819      1.455082      1.376570      1.178761      1.502888      1.079703      1.165569      1.056279      1.082741 
     1.426718      1.448797      1.455544      1.370186      1.182081      1.504929      1.079874      1.155334      1.070549      1.084433 
     1.427457      1.448078      1.455561      1.363474      1.186004      1.507324      1.082321      1.141598      1.088053      1.087803 
     1.428318      1.446673      1.455148      1.356472      1.190443      1.510104      1.086913      1.124988      1.107390      1.092688 
     1.429298      1.444588      1.454315      1.349235      1.195294      1.513298      1.093354      1.106395      1.127144      1.098814 
     1.430391      1.441828      1.453073      1.341840      1.200440      1.516927      1.101215      1.087016      1.145979      1.105812 
     1.431592      1.438392      1.451429      1.334375      1.205748      1.521004      1.109954      1.068337      1.162707      1.113240 
     1.432888      1.434276      1.449390      1.326942      1.211081      1.525528      1.118965      1.052046      1.176316      1.120611 
     1.434265      1.429470      1.446959      1.319652      1.216295      1.530494      1.127616      1.039883      1.185971      1.127418 
     1.435714      1.423955      1.444138      1.312616      1.221244      1.535904      1.135292      1.033410      1.191031      1.133200 
     1.437242      1.417706      1.440924      1.305956      1.225778      1.541772      1.141446      1.033747      1.191024      1.137548 
     1.438872      1.410690      1.437313      1.299804      1.229742      1.548127      1.145583      1.041341      1.185648      1.140100 
     1.440640      1.402890      1.433309      1.294310      1.232974      1.554999      1.147290      1.055846      1.174827      1.140569 
     1.442603      1.394318      1.428928      1.289640      1.235305      1.562403      1.146276      1.076137      1.158828      1.138792 
     1.444811      1.385048      1.424210      1.285973      1.236574      1.570307      1.142430      1.100436      1.138412      1.134771 
     1.447298      1.375225      1.419221      1.283479      1.236647      1.578596      1.135876      1.126525      1.114938      1.128702 
     1.450060      1.365073      1.414045      1.282284      1.235446      1.587069      1.127037      1.152051      1.090419      1.121020 
     1.453055      1.354867      1.408784      1.282442      1.232973      1.595456      1.116638      1.174840      1.067342      1.112393 
     1.456209      1.344895      1.403524      1.283926      1.229309      1.603459      1.105606      1.193147      1.048306      1.103639 
     1.459416      1.335415      1.398339      1.286635      1.224601      1.610798      1.094941      1.205785      1.035527      1.095601 
     1.462571      1.326625      1.393286      1.290416      1.219035      1.617261      1.085614      1.212156      1.030394      1.089032 
     1.465586      1.318656      1.388419      1.295091      1.212811      1.622724      1.078466      1.212131      1.033239      1.084500 
     1.468380      1.311590      1.383801      1.300477      1.206134      1.627141      1.074095      1.205917      1.043392      1.082372 
     1.470884      1.305472      1.379508      1.306394      1.199208      1.630525      1.072796      1.193999      1.059380      1.082756 
     1.473040      1.300323      1.375634      1.312666      1.192236      1.632932      1.074573      1.177114      1.079291      1.085538 
     1.474804      1.296140      1.372271      1.319124      1.185426      1.634438      1.079144      1.156286      1.101080      1.090363 
     1.476134      1.292904      1.369507      1.325608      1.178980      1.635129      1.085958      1.132809      1.122870      1.096738 
     1.476996      1.290577      1.367412      1.331969      1.173089      1.635081      1.094286      1.108248      1.143083      1.104076 
     1.477356      1.289108      1.366035      1.338081      1.167924      1.634362      1.103320      1.084402      1.160497      1.111746 
     1.477180      1.288434      1.365403      1.343843      1.163626      1.633020      1.112251      1.063161      1.174262      1.119165 
     1.476442      1.288487      1.365527      1.349180      1.160306      1.631088      1.120375      1.046357      1.183846      1.125821 
     1.475117      1.289204      1.366403      1.354043      1.158044      1.628586      1.127104      1.035523      1.188971      1.131315 
     1.473192      1.290533      1.368023      1.358404      1.156893      1.625527      1.132010      1.031687      1.189547      1.135337 
     1.470669      1.292430      1.370378      1.362248      1.156885      1.621925      1.134822      1.035192      1.185639      1.137676 
     1.467566      1.294867      1.373454      1.365566      1.158029      1.617807      1.135401      1.045603      1.177465      1.138215 
     1.463922      1.297819      1.377228      1.368358      1.160309      1.613215      1.133768      1.061808      1.165397      1.136908 
     1.459797      1.301268      1.381660      1.370621      1.163677      1.608203      1.130085      1.082175      1.150035      1.133805 
     1.455268      1.305188      1.386687      1.372362      1.168042      1.602833      1.124660      1.104788      1.132278      1.129063 
     1.450428      1.309541      1.392213      1.373599      1.173264      1.597177      1.117952      1.127679      1.113295      1.122926 
     1.445376      1.314285      1.398122      1.374363      1.179164      1.591297      1.110506      1.149004      1.094549      1.115783 
     1.440211      1.319365      1.404279      1.374697      1.185531      1.585245      1.102957      1.167241      1.077614      1.108086 
     1.435028      1.324719      1.410550      1.374660      1.192142      1.579064      1.095958      1.181259      1.064021      1.100339 
     1.429909      1.330290      1.416815      1.374320      1.198787      1.572786      1.090106      1.190336      1.055020      1.093077 
     1.424911      1.336031      1.422981      1.373747      1.205278      1.566429      1.085859      1.194104      1.051310      1.086776 
     1.420086      1.341902      1.428985      1.373007      1.211456      1.560021      1.083545      1.192512      1.053075      1.081891 
     1.415476      1.347862      1.434787      1.372170      1.217186      1.553598      1.083324      1.185768      1.059914      1.078758 
     1.411112      1.353882      1.440369      1.371292      1.222358      1.547200      1.085142      1.174288      1.070888      1.077615 
     1.407024      1.359929      1.445724      1.370426      1.226882      1.540883      1.088805      1.158730      1.084793      1.078563 
     1.403239      1.365971      1.450850      1.369623      1.230683      1.534706      1.093977      1.140000      1.100254      1.081531 
     1.399778      1.371971      1.455746      1.368927      1.233704      1.528724      1.100226      1.119271      1.115919      1.086296 
     1.396658      1.377893      1.460414      1.368375      1.235903      1.522986      1.107052      1.097938      1.130583      1.092503 
     1.393883      1.383706      1.464854      1.367999      1.237256      1.517522      1.113953      1.077597      1.143250      1.099697 
     1.391451      1.389384      1.469072      1.367823      1.237754      1.512354      1.120449      1.059936      1.153154      1.107372 
     1.389352      1.394905      1.473077      1.367864      1.237402      1.507484      1.126123      1.046567      1.159765      1.115006 
     1.387576      1.400258      1.476877      1.368135      1.236213      1.502912      1.130628      1.038826      1.162755      1.122111 
     1.386119      1.405437      1.480487      1.368643      1.234207      1.498645      1.133699      1.037578      1.161979      1.128255 
     1.384991      1.410432      1.483914      1.369391      1.231410      1.494711      1.135167      1.043073      1.157444      1.133078 
     1.384217      1.415233      1.487159      1.370373      1.227858      1.491155      1.134948      1.054902      1.149328      1.136294 
     1.383841      1.419815      1.490217      1.371579      1.223602      1.488039      1.133046      1.072026      1.138009      1.137706 
     1.383915      1.424141      1.493068      1.372987      1.218720      1.485435      1.129571      1.092963      1.124097      1.137214 
     1.384492      1.428160      1.495677      1.374564      1.213317      1.483402      1.124737      1.115975      1.108475      1.134843 
     1.385614      1.431812      1.498004      1.376265      1.207533      1.481979      1.118867      1.139274      1.092298      1.130754 
     1.387308      1.435031      1.499998      1.378031      1.201535      1.481181      1.112390      1.161195      1.076938      1.125247 
     1.389587      1.437752      1.501607      1.379800      1.195507      1.480988      1.105793      1.180309      1.063842      1.118733 
     1.392443      1.439915      1.502783      1.381503      1.189637      1.481354      1.099591      1.195490      1.054349      1.111723 
     1.395863      1.441467      1.503485      1.383074      1.184109      1.482222      1.094281      1.205917      1.049526      1.104785 
     1.399828      1.442359      1.503683      1.384452      1.179093      1.483536      1.090300      1.211019      1.049986      1.098480 
     1.404326      1.442546      1.503358      1.385575      1.174745      1.485254      1.087986      1.210444      1.055835      1.093336 
     1.409349      1.441981      1.502501      1.386392      1.171209      1.487350      1.087563      1.204018      1.066667      1.089798 
     1.414894      1.440618      1.501113      1.386856      1.168613      1.489823      1.089123      1.191740      1.081659      1.088180 
     1.420955      1.438411      1.499201      1.386927      1.167074      1.492684      1.092600      1.173835      1.099693      1.088653 
     1.427517      1.435320      1.496777      1.386573      1.166689      1.495950      1.097778      1.150842      1.119478      1.091200 
     1.434543      1.431320      1.493863      1.385778      1.167527      1.499637      1.104282      1.123740      1.139668      1.095624 
     1.441969      1.426406      1.490487      1.384542      1.169618      1.503746      1.111608      1.094093      1.158950      1.101558 
     1.449690      1.420602      1.486690      1.382886      1.172943      1.508259      1.119145      1.064127      1.176104      1.108492 
     1.457568      1.413961      1.482516      1.380853      1.177430      1.513135      1.126228      1.036686      1.190071      1.115837 
     1.465440      1.406565      1.478020      1.378502      1.182957      1.518317      1.132202      1.014965      1.199998      1.122986 
     1.473138      1.398518      1.473259      1.375908      1.189357      1.523740      1.136487      1.001978      1.205256      1.129374 
     1.480522      1.389941      1.468291      1.373157      1.196429      1.529344      1.138648      0.999879      1.205459      1.134528 
     1.487485      1.380980      1.463179      1.370338      1.203938      1.535079      1.138441      1.009322      1.200456      1.138081 
     1.493947      1.371822      1.458001      1.367554      1.211611      1.540889      1.135862      1.029210      1.190399      1.139797 
     1.499842      1.362703      1.452859      1.364912      1.219134      1.546701      1.131172      1.056905      1.175819      1.139588 
     1.505097      1.353900      1.447867      1.362517      1.226175      1.552404      1.124875      1.088847      1.157690      1.137528 
     1.509642      1.345694      1.443139      1.360459      1.232419      1.557859      1.117668      1.121343      1.137394      1.133852 
     1.513420      1.338324      1.438763      1.358799      1.237618      1.562918      1.110315      1.151227      1.116584      1.128911 
     1.516405      1.331952      1.434785      1.357563      1.241619      1.567446      1.103532      1.176223      1.096951      1.123118 
     1.518601      1.326656      1.431210      1.356744      1.244360      1.571347      1.097887      1.195009      1.080016      1.116889 
     1.520036      1.322445      1.428010      1.356317      1.245854      1.574564      1.093761      1.207051      1.066974      1.110605 
     1.520753      1.319282      1.425143      1.356243      1.246156      1.577078      1.091350      1.212351      1.058604      1.104596 
     1.520796      1.317105      1.422563      1.356481      1.245344      1.578905      1.090682      1.211241      1.055230      1.099155 
     1.520207      1.315845      1.420230      1.356992      1.243505      1.580079      1.091647      1.204242      1.056731      1.094535 
     1.519019      1.315434      1.418112      1.357740      1.240724      1.580651      1.094025      1.192004      1.062588      1.090952 
     1.517257      1.315806      1.416195      1.358690      1.237087      1.580676      1.097517      1.175310      1.071982      1.088581 
     1.514936      1.316898      1.414471      1.359812      1.232684      1.580214      1.101769      1.155106      1.083898      1.087531 
     1.512065      1.318645      1.412943      1.361071      1.227616      1.579318      1.106398      1.132553      1.097240      1.087840 
     1.508647      1.320980      1.411622      1.362432      1.221994      1.578029      1.111013      1.109042      1.110933      1.089453 
     1.504678      1.323830      1.410519      1.363857      1.215941      1.576380      1.115255      1.086190      1.124006      1.092229 
     1.500147      1.327123      1.409650      1.365307      1.209587      1.574387      1.118805      1.065752      1.135638      1.095953 
     1.495039      1.330782      1.409027      1.366739      1.203068      1.572056      1.121415      1.049475      1.145190      1.100347 
     1.489339      1.334732      1.408666      1.368109      1.196523      1.569387      1.122918      1.038864      1.152198      1.105097 
     1.483033      1.338900      1.408579      1.369372      1.190095      1.566381      1.123240      1.034971      1.156358      1.109876 
     1.476115      1.343213      1.408777      1.370479      1.183923      1.563054      1.122389      1.038175      1.157510      1.114369 
     1.468598      1.347599      1.409271      1.371384      1.178156      1.559440      1.120458      1.048137      1.155625      1.118283 
     1.460514      1.351982      1.410074      1.372035      1.172947      1.555594      1.117618      1.063848      1.150807      1.121360 
     1.451915      1.356281      1.411190      1.372382      1.168453      1.551590      1.114105      1.083803      1.143308      1.123388 
     1.442879      1.360411      1.412618      1.372378      1.164832      1.547510      1.110223      1.106226      1.133546      1.124217 
     1.433503      1.364287      1.414347      1.371984      1.162227      1.543436      1.106318      1.129287      1.122124      1.123771 
     1.423897      1.367832      1.416358      1.371171      1.160752      1.539437      1.102750      1.151266      1.109816      1.122058 
     1.414183      1.370980      1.418623      1.369930      1.160485      1.535568      1.099870      1.170675      1.097545      1.119185 
     1.404483      1.373681      1.421101      1.368267      1.161459      1.531865      1.097998      1.186312      1.086303      1.115350 
     1.394919      1.375907      1.423750      1.366206      1.163658      1.528347      1.097373      1.197257      1.077078      1.110836 
     1.385613      1.377643      1.426524      1.363787      1.167025      1.525014      1.098133      1.202869      1.070743      1.105984 
     1.376687      1.378893      1.429381      1.361067      1.171461      1.521862      1.100328      1.202760      1.067948      1.101185 
     1.368264      1.379678      1.432288      1.358115      1.176836      1.518879      1.103875      1.196769      1.069047      1.096825 
     1.360472      1.380029      1.435218      1.355010      1.182986      1.516057      1.108595      1.184997      1.074040      1.093283 
     1.353444      1.379989      1.438151      1.351843      1.189723      1.513387      1.114201      1.167833      1.082560      1.090877 
     1.347315      1.379605      1.441076      1.348711      1.196833      1.510863      1.120334      1.146038      1.093924      1.089833 
     1.342211      1.378933      1.443981      1.345719      1.204087      1.508475      1.126562      1.120814      1.107214      1.090253 
     1.338240      1.378038      1.446859      1.342967      1.211246      1.506204      1.132429      1.093855      1.121381      1.092105 
     1.335476      1.376984      1.449702      1.340551      1.218078      1.504025      1.137472      1.067317      1.135367      1.095220 
     1.333956      1.375840      1.452500      1.338552      1.224371      1.501898      1.141262      1.043685      1.148200      1.099319 
     1.333679      1.374669      1.455247      1.337037      1.229945      1.499783      1.143446      1.025508      1.159055      1.104049 
     1.334626      1.373533      1.457940      1.336054      1.234655      1.497648      1.143757      1.014982      1.167295      1.109040 
     1.336775      1.372486      1.460573      1.335638      1.238387      1.495484      1.142037      1.013538      1.172457      1.113925 
     1.340120      1.371581      1.463141      1.335816      1.241048      1.493311      1.138267      1.021525      1.174231      1.118370 
     1.344672      1.370867      1.465629      1.336609      1.242561      1.491189      1.132578      1.038139      1.172461      1.122082 
     1.350443      1.370390      1.468014      1.338021      1.242866      1.489200      1.125269      1.061580      1.167163      1.124822 
     1.357420      1.370191      1.470257      1.340043      1.241931      1.487437      1.116817      1.089378      1.158569      1.126413 
     1.365536      1.370303      1.472308      1.342642      1.239762      1.485980      1.107864      1.118820      1.147160      1.126746 
     1.374656      1.370744      1.474109      1.345755      1.236420      1.484886      1.099158      1.147304      1.133691      1.125808 
     1.384591      1.371513      1.475599      1.349296      1.232022      1.484174      1.091509      1.172611      1.119134      1.123669 
     1.395111      1.372588      1.476723      1.353163      1.226735      1.483828      1.085634      1.193041      1.104619      1.120483 
     1.405982      1.373932      1.477434      1.357242      1.220761      1.483800      1.082079      1.207463      1.091302      1.116463 
     1.416995      1.375493      1.477698      1.361426      1.214318      1.484028      1.081158      1.215289      1.080228      1.111877 
     1.427967      1.377208      1.477492      1.365609      1.207629      1.484447      1.082887      1.216368      1.072233      1.107016 
     1.438758      1.379010      1.476810      1.369699      1.200913      1.484999      1.087038      1.210914      1.067839      1.102187 
     1.449267      1.380831      1.475650      1.373616      1.194373      1.485638      1.093175      1.199428      1.067199      1.097700 
     1.459418      1.382602      1.474019      1.377286      1.188199      1.486340      1.100729      1.182665      1.070119      1.093850 
     1.469144      1.384257      1.471935      1.380647      1.182569      1.487095      1.109027      1.161620      1.076096      1.090915 
     1.478388      1.385733      1.469418      1.383643      1.177640      1.487900      1.117368      1.137557      1.084400      1.089128 
     1.487093      1.386975      1.466494      1.386228      1.173548      1.488758      1.125106      1.112026      1.094185      1.088645 
     1.495204      1.387935      1.463194      1.388366      1.170400      1.489669      1.131676      1.086837      1.104581      1.089534 
     1.502667      1.388578      1.459552      1.390032      1.168277      1.490623      1.136610      1.063969      1.114787      1.091765 
     1.509437      1.388878      1.455595      1.391215      1.167223      1.491608      1.139564      1.045406      1.124113      1.095221 
     1.515481      1.388820      1.451354      1.391913      1.167258      1.492607      1.140331      1.032933      1.132017      1.099705 
     1.520782      1.388399      1.446858      1.392133      1.168371      1.493614      1.138850      1.027848      1.138104      1.104956 
     1.525345      1.387620      1.442132      1.391890      1.170531      1.494637      1.135188      1.030700      1.142102      1.110679 
     1.529189      1.386494      1.437208      1.391207      1.173682      1.495708      1.129562      1.041195      1.143867      1.116551 
     1.532346      1.385044      1.432126      1.390114      1.177740      1.496878      1.122320      1.058202      1.143372      1.122237 
     1.534849      1.383303      1.426943      1.388650      1.182591      1.498212      1.113961      1.079966      1.140718      1.127408 
     1.536731      1.381314      1.421728      1.386868      1.188083      1.499776      1.105115      1.104384      1.136145      1.131747 
     1.538018      1.379136      1.416567      1.384831      1.194034      1.501623      1.096503      1.129287      1.130034      1.134981 
     1.538733      1.376831      1.411548      1.382610      1.200238      1.503787      1.088865      1.152668      1.122885      1.136899 
     1.538896      1.374470      1.406754      1.380282      1.206481      1.506279      1.082877      1.172854      1.115292      1.137384 
     1.538525      1.372117      1.402259      1.377920      1.212559      1.509095      1.079081      1.188569      1.107890      1.136413 
     1.537643      1.369832      1.398123      1.375589      1.218289      1.512219      1.077822      1.198939      1.101291      1.134048 
     1.536268      1.367663      1.394391      1.373346      1.223515      1.515630      1.079210      1.203442      1.096046      1.130438 
     1.534421      1.365653      1.391098      1.371240      1.228104      1.519309      1.083121      1.201867      1.092588      1.125808 
     1.532118      1.363837      1.388269      1.369307      1.231950      1.523237      1.089222      1.194255      1.091205      1.120445 
     1.529371      1.362241      1.385929      1.367579      1.234966      1.527395      1.097021      1.180910      1.092023      1.114681 
     1.526189      1.360888      1.384101      1.366077      1.237083      1.531759      1.105917      1.162406      1.095006      1.108890 
     1.522573      1.359798      1.382812      1.364821      1.238246      1.536290      1.115254      1.139646      1.099948      1.103444 
     1.518517      1.358987      1.382088      1.363821      1.238418      1.540931      1.124363      1.113919      1.106507      1.098710 
     1.514005      1.358462      1.381958      1.363086      1.237575      1.545603      1.132605      1.086960      1.114233      1.095003 
     1.509012      1.358229      1.382447      1.362614      1.235716      1.550205      1.139403      1.060929      1.122610      1.092571 
     1.503500      1.358289      1.383578      1.362399      1.232857      1.554621      1.144260      1.038295      1.131108      1.091566 
     1.497426      1.358636      1.385372      1.362426      1.229031      1.558739      1.146792      1.021582      1.139218      1.092032 
     1.490744      1.359257      1.387849      1.362673      1.224288      1.562466      1.146740      1.012975      1.146475      1.093902 
     1.483420      1.360136      1.391025      1.363113      1.218692      1.565748      1.143987      1.013843      1.152479      1.097013 
     1.475451      1.361247      1.394910      1.363709      1.212333      1.568582      1.138592      1.024433      1.156896      1.101112 
     1.466878      1.362554      1.399501      1.364414      1.205344      1.571003      1.130826      1.043755      1.159463      1.105862 
     1.457801      1.364004      1.404765      1.365167      1.197911      1.573076      1.121203      1.069759      1.160013      1.110866 
     1.448374      1.365529      1.410632      1.365894      1.190284      1.574864      1.110485      1.099704      1.158492      1.115686 
     1.438792      1.367042      1.416994      1.366510      1.182769      1.576413      1.099638      1.130655      1.154989      1.119885 
     1.429265      1.368446      1.423709      1.366924      1.175693      1.577741      1.089716      1.159877      1.149735      1.123093 
     1.419992      1.369649      1.430627      1.367052      1.169371      1.578842      1.081714      1.185135      1.143083      1.125035 
     1.411135      1.370566      1.437602      1.366821      1.164073      1.579686      1.076422      1.204829      1.135467      1.125560 
     1.402823      1.371132      1.444512      1.366175      1.160003      1.580234      1.074325      1.217968      1.127363      1.124640 
     1.395148      1.371300      1.451259      1.365078      1.157298      1.580440      1.075561      1.224077      1.119251      1.122360 
     1.388178      1.371045      1.457768      1.363511      1.156030      1.580256      1.079933      1.223067      1.111590      1.118892 
     1.381968      1.370363      1.463983      1.361475      1.156213      1.579637      1.086966      1.215146      1.104802      1.114493 
     1.376566      1.369268      1.469858      1.358991      1.157811      1.578539      1.095985      1.200784      1.099249      1.109476 
     1.372018      1.367793      1.475351      1.356100      1.160740      1.576918      1.106190      1.180725      1.095209      1.104209 
     1.368360      1.365989      1.480426      1.352865      1.164871      1.574735      1.116734      1.156034      1.092858      1.099086 
     1.365614      1.363923      1.485046      1.349365      1.170034      1.571950      1.126797      1.128158      1.092237      1.094508 
     1.363781      1.361672      1.489180      1.345699      1.176026      1.568532      1.135629      1.098966      1.093273      1.090851 
     1.362837      1.359324      1.492804      1.341972      1.182619      1.564454      1.142608      1.070710      1.095777      1.088416 
     1.362731      1.356967      1.495905      1.338296      1.189581      1.559695      1.147271      1.045894      1.099462      1.087403 
     1.363392      1.354685      1.498483      1.334775      1.196684      1.554244      1.149330      1.026996      1.103979      1.087882 
     1.364740      1.352553      1.500547      1.331506      1.203722      1.548101      1.148680      1.016065      1.108950      1.089808 
     1.366709      1.350638      1.502118      1.328575      1.210510      1.541290      1.145403      1.014334      1.114011      1.093005 
     1.369257      1.348998      1.503219      1.326062      1.216883      1.533862      1.139753      1.021937      1.118827      1.097208 
     1.372360      1.347687      1.503879      1.324041      1.222691      1.525911      1.132147      1.037873      1.123109      1.102080 
     1.376011      1.346749      1.504126      1.322582      1.227789      1.517567      1.123151      1.060232      1.126613      1.107241 
     1.380198      1.346222      1.503991      1.321747      1.232046      1.508992      1.113457      1.086585      1.129145      1.112279 
     1.384894      1.346133      1.503508      1.321589      1.235347      1.500362      1.103833      1.114396      1.130575      1.116794 
     1.390047      1.346497      1.502712      1.322140      1.237609      1.491855      1.095064      1.141361      1.130852      1.120431 
     1.395591      1.347313      1.501636      1.323418      1.238780      1.483628      1.087865      1.165572      1.129985      1.122912 
     1.401458      1.348571      1.500308      1.325423      1.238839      1.475817      1.082814      1.185589      1.128056      1.124055 
     1.407579      1.350250      1.498754      1.328144      1.237797      1.468532      1.080294      1.200423      1.125212      1.123785 
     1.413895      1.352324      1.496987      1.331561      1.235687      1.461863      1.080463      1.209446      1.121652      1.122126 
     1.420356      1.354761      1.495014      1.335648      1.232563      1.455887      1.083251      1.212320      1.117615      1.119200 
     1.426923      1.357526      1.492830      1.340374      1.228495      1.450672      1.088386      1.208944      1.113356      1.115214 
     1.433559      1.360577      1.490427      1.345701      1.223570      1.446283      1.095417      1.199431      1.109168      1.110461 
     1.440223      1.363865      1.487792      1.351577      1.217900      1.442780      1.103772      1.184129      1.105349      1.105297 
     1.446868      1.367331      1.484911      1.357936      1.211622      1.440209      1.112794      1.163671      1.102178      1.100132 
     1.453432      1.370908      1.481771      1.364700      1.204899      1.438605      1.121809      1.139062      1.099909      1.095404 
     1.459837      1.374517      1.478365      1.371767      1.197924      1.437974      1.130163      1.111745      1.098727      1.091535 
     1.465991      1.378073      1.474695      1.379026      1.190910      1.438288      1.137269      1.083637      1.098734      1.088892 
     1.471791      1.381490      1.470771      1.386358      1.184082      1.439487      1.142633      1.057076      1.099937      1.087752 
     1.477138      1.384685      1.466605      1.393649      1.177663      1.441483      1.145884      1.034631      1.102242      1.088262 
     1.481938      1.387581      1.462219      1.400796      1.171859      1.444176      1.146778      1.018789      1.105475      1.090432 
     1.486116      1.390112      1.457634      1.407710      1.166858      1.447479      1.145214      1.011545      1.109402      1.094138 
     1.489631      1.392221      1.452874      1.414320      1.162828      1.451335      1.141230      1.013946      1.113748      1.099144 
     1.492469      1.393853      1.447972      1.420558      1.159914      1.455725      1.135026      1.025873      1.118218      1.105123 
     1.494643      1.394967      1.442969      1.426361      1.158240      1.460663      1.126982      1.046035      1.122499      1.111671 
     1.496185      1.395526      1.437928      1.431661      1.157896      1.466171      1.117671      1.072234      1.126286      1.118330 
     1.497131      1.395511      1.432931      1.436393      1.158924      1.472255      1.107843      1.101779      1.129301      1.124617 
     1.497520      1.394926      1.428073      1.440499      1.161298      1.478889      1.098373      1.131897      1.131317      1.130062 
     1.497393      1.393799      1.423453      1.443944      1.164923      1.486010      1.090159      1.160074      1.132184      1.134253 
     1.496789      1.392185      1.419156      1.446717      1.169645      1.493526      1.084002      1.184279      1.131850      1.136880 
     1.495749      1.390153      1.415255      1.448834      1.175260      1.501335      1.080492      1.203022      1.130353      1.137747 
     1.494314      1.387782      1.411804      1.450331      1.181543      1.509333      1.079930      1.215335      1.127818      1.136784 
     1.492524      1.385158      1.408834      1.451256      1.188262      1.517422      1.082308      1.220708      1.124442      1.134043 
     1.490419      1.382360      1.406362      1.451661      1.195193      1.525517      1.087332      1.219004      1.120469      1.129679 
     1.488040      1.379469      1.404392      1.451601      1.202124      1.533536      1.094470      1.210390      1.116182      1.123957 
     1.485420      1.376556      1.402918      1.451123      1.208860      1.541399      1.103031      1.195333      1.111875      1.117229 
     1.482590      1.373690      1.401927      1.450274      1.215225      1.549019      1.112242      1.174610      1.107841      1.109919 
     1.479573      1.370936      1.401401      1.449090      1.221059      1.556303      1.121320      1.149341      1.104352      1.102509 
     1.476379      1.368350      1.401316      1.447605      1.226226      1.563147      1.129536      1.121053      1.101628      1.095505 
     1.473001      1.365983      1.401647      1.445845      1.230611      1.569438      1.136257      1.091690      1.099836      1.089408 
     1.469419      1.363876      1.402366      1.443833      1.234125      1.575062      1.140981      1.063571      1.099064      1.084660 
     1.465593      1.362061      1.403449      1.441583      1.236705      1.579910      1.143359      1.039244      1.099333      1.081609 
     1.461477      1.360561      1.404874      1.439102      1.238311      1.583890      1.143210      1.021218      1.100586      1.080476 
     1.457023      1.359389      1.406623      1.436388      1.238919      1.586935      1.140526      1.011560      1.102719      1.081348 
     1.452207      1.358555      1.408687      1.433431      1.238515      1.589016      1.135475      1.011504      1.105581      1.084167 
     1.447036      1.358064      1.411059      1.430220      1.237094      1.590144      1.128427      1.021156      1.108986      1.088740 
     1.441562      1.357918      1.413734      1.426744      1.234667      1.590377      1.119938      1.039423      1.112728      1.094749 
     1.435883      1.358110      1.416696      1.423004      1.231266      1.589804      1.110757      1.064238      1.116564      1.101748 
     1.430129      1.358624      1.419918      1.419011      1.226966      1.588541      1.101767      1.092933      1.120239      1.109199 
     1.424451      1.359429      1.423359      1.414792      1.221887      1.586714      1.093885      1.122693      1.123502      1.116522 
     1.418999      1.360476      1.426963      1.410383      1.216193      1.584453      1.087942      1.150917      1.126118      1.123143 
     1.413906      1.361703      1.430668      1.405825      1.210087      1.581880      1.084537      1.175488      1.127905      1.128564 
     1.409283      1.363036      1.434410      1.401158      1.203785      1.579101      1.083959      1.194882      1.128747      1.132406 
     1.405209      1.364400      1.438132      1.396407      1.197506      1.576208      1.086163      1.208159      1.128600      1.134440 
     1.401737      1.365715      1.441785      1.391591      1.191453      1.573274      1.090806      1.214879      1.127496      1.134586 
     1.398899      1.366908      1.445325      1.386719      1.185811      1.570354      1.097329      1.214989      1.125532      1.132907 
     1.396711      1.367911      1.448715      1.381793      1.180740      1.567489      1.105057      1.208742      1.122854      1.129580 
     1.395172      1.368664      1.451924      1.376812      1.176377      1.564702      1.113281      1.196644      1.119662      1.124882 
     1.394273      1.369116      1.454923      1.371778      1.172832      1.562002      1.121327      1.179423      1.116172      1.119175 
     1.393991      1.369223      1.457682      1.366694      1.170189      1.559380      1.128601      1.158043      1.112626      1.112882 
     1.394296      1.368956      1.460174      1.361573      1.168503      1.556811      1.134616      1.133728      1.109271      1.106466 
     1.395143      1.368296      1.462371      1.356437      1.167801      1.554253      1.139004      1.107977      1.106330      1.100397 
     1.396478      1.367236      1.464245      1.351314      1.168082      1.551647      1.141514      1.082560      1.104003      1.095129 
     1.398243      1.365779      1.465776      1.346238      1.169320      1.548923      1.142010      1.059454      1.102442      1.091056 
     1.400373      1.363939      1.466947      1.341244      1.171464      1.546004      1.140449      1.040693      1.101751      1.088486 
     1.402811      1.361737      1.467745      1.336370      1.174447      1.542815      1.136887      1.028149      1.101970      1.087613 
     1.405512      1.359199      1.468164      1.331661      1.178191      1.539298      1.131466      1.023212      1.103082      1.088522 
     1.408450      1.356357      1.468196      1.327165      1.182605      1.535418      1.124432      1.026557      1.105010      1.091175 
     1.411615      1.353253      1.467840      1.322943      1.187585      1.531179      1.116146      1.037977      1.107626      1.095407 
     1.415005      1.349939      1.467098      1.319072      1.193008      1.526621      1.107114      1.056387      1.110742      1.100942 
     1.418623      1.346487      1.465976      1.315642      1.198726      1.521815      1.097983      1.080021      1.114128      1.107398 
     1.422458      1.342987      1.464492      1.312752      1.204564      1.516860      1.089512      1.106696      1.117524      1.114304 
     1.426486      1.339541      1.462668      1.310500      1.210327      1.511866      1.082502      1.134098      1.120644      1.121137 
     1.430666      1.336265      1.460539      1.308976      1.215813      1.506950      1.077693      1.160052      1.123221      1.127370 
     1.434950      1.333274      1.458142      1.308245      1.220827      1.502222      1.075641      1.182687      1.125025      1.132520 
     1.439287      1.330676      1.455517      1.308349      1.225196      1.497781      1.076634      1.200541      1.125887      1.136185 
     1.443630      1.328566      1.452703      1.309302      1.228777      1.493712      1.080635      1.212563      1.125713      1.138081 
     1.447939      1.327025      1.449733      1.311092      1.231463      1.490087      1.087291      1.218103      1.124496      1.138046 
     1.452182      1.326118      1.446635      1.313685      1.233177      1.486964      1.095997      1.216867      1.122305      1.136053 
     1.456331      1.325892      1.443434      1.317030      1.233881      1.484384      1.105974      1.208899      1.119279      1.132201 
     1.460358      1.326378      1.440150      1.321053      1.233567      1.482372      1.116358      1.194574      1.115624      1.126708 
     1.464229      1.327586      1.436804      1.325665      1.232260      1.480927      1.126284      1.174618      1.111603      1.119922 
     1.467907      1.329506      1.433418      1.330761      1.230018      1.480029      1.134961      1.150158      1.107498      1.112292 
     1.471341      1.332110      1.430013      1.336227      1.226931      1.479633      1.141714      1.122755      1.103607      1.104340 
     1.474470      1.335348      1.426612      1.341941      1.223112      1.479665      1.146018      1.094370      1.100201      1.096624 
     1.477232      1.339157      1.423237      1.347783      1.218698      1.480033      1.147558      1.067302      1.097516      1.089707 
     1.479553      1.343468      1.419909      1.353645      1.213832      1.480628      1.146195      1.043994      1.095714      1.084078 
     1.481370      1.348213      1.416644      1.359434      1.208658      1.481346      1.141975      1.026770      1.094889      1.080133 
     1.482626      1.353329      1.413456      1.365072      1.203313      1.482098      1.135130      1.017472      1.095067      1.078136 
     1.483289      1.358760      1.410359      1.370499      1.197930      1.482829      1.126075      1.017124      1.096207      1.078213 
     1.483351      1.364458      1.407374      1.375657      1.192634      1.483518      1.115411      1.025736      1.098223      1.080354 
     1.482832      1.370370      1.404524      1.380490      1.187557      1.484190      1.103917      1.042304      1.100982      1.084412 
     1.481769      1.376439      1.401844      1.384932      1.182839      1.484895      1.092528      1.065041      1.104305      1.090103 
     1.480211      1.382600      1.399373      1.388916      1.178623      1.485706      1.082280      1.091716      1.107972      1.097028 
     1.478210      1.388780      1.397161      1.392369      1.175055      1.486702      1.074212      1.119992      1.111752      1.104705 
     1.475819      1.394903      1.395258      1.395217      1.172271      1.487964      1.069223      1.147702      1.115402      1.112603 
     1.473086      1.400895      1.393715      1.397394      1.170389      1.489562      1.067934      1.172989      1.118682      1.120178 
     1.470062      1.406695      1.392581      1.398850      1.169496      1.491573      1.070625      1.194386      1.121395      1.126940 
     1.466792      1.412256      1.391893      1.399552      1.169652      1.494068      1.077180      1.210791      1.123366      1.132451 
     1.463331      1.417538      1.391688      1.399480      1.170877      1.497115      1.087082      1.221407      1.124476      1.136366 
     1.459732      1.422514      1.392000      1.398632      1.173156      1.500777      1.099507      1.225710      1.124653      1.138431 
     1.456051      1.427161      1.392849      1.397023      1.176435      1.505101      1.113434      1.223429      1.123881      1.138498 
     1.452350      1.431461      1.394248      1.394696      1.180618      1.510113      1.127756      1.214567      1.122213      1.136546 
     1.448689      1.435400      1.396194      1.391714      1.185566      1.515813      1.141377      1.199448      1.119792      1.132721 
     1.445126      1.438961      1.398668      1.388168      1.191101      1.522155      1.153293      1.178782      1.116812      1.127297 
     1.441706      1.442131      1.401628      1.384175      1.197014      1.529042      1.162665      1.153722      1.113516      1.120674 
     1.438462      1.444895      1.405016      1.379869      1.203076      1.536335      1.168872      1.125904      1.110183      1.113369 
     1.435407      1.447247      1.408758      1.375392      1.209059      1.543860      1.171562      1.097413      1.107085      1.105960 
     1.432532      1.449181      1.412773      1.370882      1.214757      1.551427      1.170632      1.070637      1.104479      1.099041 
     1.429806      1.450700      1.416982      1.366462      1.219994      1.558853      1.166212      1.048048      1.102564      1.093145 
     1.427188      1.451808      1.421318      1.362234      1.224639      1.565980      1.158613      1.031871      1.101477      1.088705 
     1.424643      1.452513      1.425729      1.358277      1.228593      1.572702      1.148310      1.023741      1.101273      1.086022 
     1.422148      1.452820      1.430180      1.354650      1.231792      1.578957      1.135895      1.024396      1.101940      1.085252 
     1.419699      1.452725      1.434648      1.351399      1.234188      1.584731      1.122080      1.033567      1.103401      1.086404 
     1.417315      1.452226      1.439117      1.348564      1.235749      1.590041      1.107710      1.050047      1.105524      1.089348 
     1.415025      1.451311      1.443577      1.346179      1.236449      1.594918      1.093749      1.071968      1.108131      1.093833 
     1.412863      1.449971      1.448016      1.344274      1.236276      1.599392      1.081244      1.097136      1.111008      1.099501 
     1.410863      1.448192      1.452418      1.342874      1.235231      1.603486      1.071230      1.123338      1.113922      1.105927 
     1.409050      1.445962      1.456769      1.341995      1.233329      1.607214      1.064606      1.148575      1.116641      1.112643 
     1.407445      1.443268      1.461055      1.341641      1.230602      1.610586      1.062011      1.171191      1.118953      1.119176 
     1.406070      1.440093      1.465260      1.341809      1.227098      1.613609      1.063725      1.189888      1.120676      1.125091 
     1.404947      1.436421      1.469371      1.342485      1.222880      1.616292      1.069625      1.203704      1.121669      1.130007 
     1.404102      1.432230      1.473366      1.343647      1.218027      1.618646      1.079203      1.211963      1.121843      1.133618 
     1.403566      1.427499      1.477222      1.345264      1.212637      1.620678      1.091642      1.214238      1.121159      1.135698 
     1.403373      1.422209      1.480902      1.347293      1.206830      1.622386      1.105912      1.210338      1.119639      1.136104 
     1.403553      1.416344      1.484365      1.349681      1.200750      1.623759      1.120876      1.200321      1.117364      1.134794 
     1.404130      1.409901      1.487555      1.352360      1.194567      1.624769      1.135379      1.184529      1.114471      1.131833 
     1.405112      1.402894      1.490410      1.355252      1.188477      1.625373      1.148339      1.163665      1.111153      1.127396 
     1.406490      1.395353      1.492866      1.358265      1.182684      1.625516      1.158808      1.138860      1.107641      1.121765 
     1.408230      1.387328      1.494855      1.361303      1.177399      1.625130      1.166027      1.111711      1.104188      1.115319 
     1.410273      1.378890      1.496319      1.364270      1.172816      1.624142      1.169466      1.084259      1.101041      1.108502 
     1.412536      1.370119      1.497209      1.367077      1.169098      1.622473      1.168840      1.058876      1.098426      1.101793 
     1.414927      1.361102      1.497492      1.369647      1.166367      1.620052      1.164108      1.038014      1.096526      1.095659 
     1.417352      1.351917      1.497145      1.371924      1.164697      1.616814      1.155487      1.023887      1.095461      1.090518 
     1.419727      1.342648      1.496158      1.373867      1.164115      1.612705      1.143430      1.018055      1.095289      1.086699 
     1.421988      1.333377      1.494526      1.375453      1.164609      1.607696      1.128644      1.021123      1.096005      1.084437 
     1.424098      1.324197      1.492255      1.376666      1.166130      1.601786      1.112103      1.032624      1.097554      1.083847 
     1.426038      1.315227      1.489359      1.377504      1.168597      1.595009      1.095025      1.051104      1.099845      1.084923 
     1.427798      1.306616      1.485868      1.377969      1.171891      1.587434      1.078808      1.074407      1.102749      1.087533 
     1.429374      1.298529      1.481825      1.378072      1.175864      1.579158      1.064932      1.100150      1.106100      1.091431 
     1.430762      1.291136      1.477283      1.377834      1.180342      1.570293      1.054784      1.126052      1.109698      1.096263 
     1.431959      1.284604      1.472301      1.377281      1.185143      1.560963      1.049406      1.150142      1.113344      1.101629 
     1.432968      1.279077      1.466939      1.376442      1.190084      1.551297      1.049352      1.170870      1.116852      1.107123 
     1.433802      1.274681      1.461251      1.375350      1.194990      1.541423      1.054604      1.187130      1.120047      1.112352 
     1.434486      1.271518      1.455291      1.374039      1.199705      1.531476      1.064590      1.198182      1.122773      1.116966 
     1.435049      1.269668      1.449107      1.372546      1.204090      1.521593      1.078297      1.203579      1.124908      1.120680 
     1.435528      1.269185      1.442746      1.370911      1.208022      1.511916      1.094458      1.203116      1.126361      1.123280 
     1.435953      1.270101      1.436255      1.369175      1.211399      1.502589      1.111713      1.196810      1.127067      1.124624 
     1.436351      1.272418      1.429684      1.367385      1.214137      1.493759      1.128727      1.184899      1.127017      1.124660 
     1.436734      1.276114      1.423090      1.365588      1.216173      1.485565      1.144288      1.167876      1.126225      1.123416 
     1.437100      1.281129      1.416531      1.363837      1.217465      1.478134      1.157370      1.146558      1.124737      1.121006 
     1.437434      1.287374      1.410076      1.362185      1.217996      1.471573      1.167173      1.122144      1.122631      1.117624 
     1.437701      1.294726      1.403793      1.360682      1.217770      1.465962      1.173123      1.096238      1.120016      1.113537 
     1.437856      1.303037      1.397755      1.359373      1.216819      1.461340      1.174875      1.070828      1.117053      1.109084 
     1.437842      1.312146      1.392029      1.358293      1.215195      1.457708      1.172313      1.048172      1.113920      1.104639 
     1.437600      1.321888      1.386678      1.357466      1.212970      1.455033      1.165560      1.030580      1.110792      1.100565 
     1.437078      1.332106      1.381752      1.356901      1.210225      1.453264      1.154938      1.020054      1.107852      1.097213 
     1.436239      1.342660      1.377299      1.356600      1.207053      1.452357      1.140991      1.017925      1.105276      1.094878 
     1.435067      1.353417      1.373364      1.356551      1.203554      1.452290      1.124485      1.024549      1.103210      1.093775 
     1.433569      1.364248      1.369994      1.356734      1.199835      1.453072      1.106426      1.039240      1.101780      1.094044 
     1.431772      1.375014      1.367246      1.357117      1.196015      1.454732      1.088092      1.060403      1.101078      1.095706 
     1.429712      1.385565      1.365179      1.357656      1.192226      1.457300      1.070986      1.085876      1.101153      1.098673 
     1.427436      1.395748      1.363847      1.358304      1.188602      1.460794      1.056722      1.113281      1.101993      1.102733 
     1.424986      1.405416      1.363300      1.359003      1.185281      1.465208      1.046790      1.140358      1.103539      1.107588 
     1.422409      1.414438      1.363575      1.359697      1.182388      1.470512      1.042317      1.165170      1.105684      1.112868 
     1.419752      1.422707      1.364696      1.360330      1.180030      1.476670      1.043857      1.186189      1.108280      1.118166 
     1.417071      1.430141      1.366675      1.360854      1.178300      1.483642      1.051301      1.202300      1.111151      1.123083 
     1.414426      1.436680      1.369508      1.361230      1.177266      1.491391      1.063911      1.212747      1.114105      1.127244 
     1.411887      1.442276      1.373176      1.361429      1.176972      1.499867      1.080431      1.217094      1.116941      1.130322 
     1.409523      1.446898      1.377647      1.361434      1.177437      1.509005      1.099309      1.215194      1.119478      1.132076 
     1.407402      1.450529      1.382866      1.361242      1.178657      1.518721      1.118950      1.207173      1.121531      1.132341 
     1.405588      1.453165      1.388760      1.360863      1.180596      1.528898      1.137818      1.193453      1.122949      1.131054 
     1.404130      1.454822      1.395234      1.360321      1.183192      1.539387      1.154581      1.174770      1.123608      1.128258 
     1.403062      1.455532      1.402177      1.359651      1.186357      1.550013      1.168153      1.152211      1.123437      1.124109 
     1.402394      1.455346      1.409467      1.358893      1.189982      1.560581      1.177740      1.127218      1.122409      1.118870 
     1.402116      1.454327      1.416973      1.358096      1.193944      1.570886      1.182848      1.101559      1.120548      1.112895 
     1.402192      1.452551      1.424572      1.357308      1.198118      1.580731      1.183251      1.077244      1.117936      1.106613 
     1.402571      1.450098      1.432151      1.356573      1.202381      1.589936      1.178979      1.056351      1.114693      1.100467 
     1.403191      1.447050      1.439616      1.355930      1.206620      1.598352      1.170306      1.040801      1.110986      1.094894 
     1.403991      1.443481      1.446890      1.355416      1.210737      1.605870      1.157727      1.032068      1.107020      1.090290 
     1.404926      1.439458      1.453919      1.355057      1.214646      1.612419      1.141967      1.030927      1.103017      1.086979 
     1.405970      1.435042      1.460657      1.354878      1.218276      1.617962      1.123993      1.037307      1.099212      1.085192 
     1.407115      1.430287      1.467069      1.354895      1.221558      1.622484      1.105006      1.050297      1.095860      1.085048 
     1.408367      1.425251      1.473124      1.355120      1.224435      1.625982      1.086437      1.068371      1.093198      1.086541 
     1.409733      1.419991      1.478792      1.355561      1.226851      1.628464      1.069857      1.089643      1.091430      1.089546 
     1.411218      1.414564      1.484050      1.356216      1.228762      1.629944      1.056820      1.112167      1.090707      1.093827 
     1.412826      1.409028      1.488881      1.357079      1.230132      1.630437      1.048652      1.134157      1.091117      1.099061 
     1.414554      1.403434      1.493278      1.358139      1.230932      1.629968      1.046239      1.154116      1.092664      1.104864 
     1.416416      1.397829      1.497242      1.359379      1.231145      1.628579      1.049887      1.170901      1.095279      1.110843 
     1.418431      1.392256      1.500772      1.360782      1.230759      1.626318      1.059260      1.183657      1.098815      1.116603 
     1.420633      1.386752      1.503874      1.362324      1.229772      1.623253      1.073469      1.191803      1.103063      1.121784 
     1.423059      1.381357      1.506549      1.363981      1.228187      1.619458      1.091210      1.194972      1.107755      1.126062 
     1.425747      1.376107      1.508797      1.365722      1.226021      1.615019      1.110963      1.192999      1.112602      1.129183 
     1.428729      1.371040      1.510614      1.367511      1.223297      1.610026      1.131199      1.185940      1.117301      1.130957 
     1.432020      1.366195      1.511996      1.369309      1.220057      1.604568      1.150471      1.174072      1.121558      1.131267 
     1.435616      1.361606      1.512933      1.371073      1.216355      1.598726      1.167499      1.157932      1.125103      1.130085 
     1.439493      1.357305      1.513416      1.372756      1.212262      1.592577      1.181228      1.138358      1.127715      1.127475 
     1.443604      1.353317      1.513431      1.374312      1.207864      1.586182      1.190838      1.116526      1.129228      1.123594 
     1.447884      1.349659      1.512966      1.375692      1.203262      1.579587      1.195756      1.093958      1.129553      1.118686 
     1.452254      1.346338      1.512007      1.376850      1.198568      1.572818      1.195650      1.072472      1.128680      1.113071 
     1.456622      1.343355      1.510537      1.377740      1.193899      1.565886      1.190427      1.054070      1.126671      1.107129 
     1.460900      1.340698      1.508541      1.378321      1.189374      1.558785      1.180225      1.040675      1.123670      1.101279 
     1.465007      1.338352      1.505996      1.378555      1.185112      1.551507      1.165413      1.033843      1.119883      1.095949 
     1.468875      1.336295      1.502880      1.378408      1.181230      1.544050      1.146648      1.034490      1.115580      1.091552 
     1.472448      1.334504      1.499172      1.377852      1.177840      1.536434      1.124921      1.042698      1.111060      1.088437 
     1.475678      1.332958      1.494857      1.376864      1.175044      1.528705      1.101603      1.057665      1.106650      1.086871 
     1.478512      1.331638      1.489932      1.375431      1.172936      1.520933      1.078419      1.077835      1.102688      1.087015 
     1.480895      1.330534      1.484404      1.373553      1.171591      1.513205      1.057401      1.101217      1.099486      1.088887 
     1.482772      1.329638      1.478298      1.371241      1.171053      1.505614      1.040664      1.125681      1.097302      1.092358 
     1.484090      1.328947      1.471655      1.368524      1.171339      1.498258      1.030088      1.149228      1.096309      1.097166 
     1.484815      1.328463      1.464523      1.365440      1.172428      1.491245      1.026950      1.170156      1.096580      1.102944 
     1.484933      1.328189      1.456960      1.362040      1.174270      1.484707      1.031629      1.187115      1.098085      1.109266 
     1.484453      1.328136      1.449038      1.358387      1.176782      1.478802      1.043529      1.199116      1.100687      1.115675 
     1.483406      1.328312      1.440845      1.354559      1.179854      1.473714      1.061201      1.205513      1.104158      1.121716 
     1.481835      1.328726      1.432492      1.350647      1.183352      1.469630      1.082626      1.205992      1.108192      1.126972 
     1.479794      1.329379      1.424110      1.346751      1.187123      1.466716      1.105581      1.200577      1.112438      1.131093 
     1.477343      1.330269      1.415840      1.342977      1.191001      1.465089      1.127945      1.189641      1.116528      1.133819 
     1.474547      1.331385      1.407827      1.339427      1.194821      1.464799      1.147921      1.173911      1.120113      1.135003 
     1.471465      1.332707      1.400203      1.336194      1.198433      1.465825      1.164142      1.154439      1.122900      1.134615 
     1.468155      1.334215      1.393081      1.333351      1.201704      1.468082      1.175697      1.132562      1.124678      1.132739 
     1.464662      1.335881      1.386552      1.330954      1.204533      1.471435      1.182101      1.109855      1.125316      1.129546 
     1.461022      1.337681      1.380677      1.329039      1.206846      1.475710      1.183222      1.088030      1.124781      1.125285 
     1.457257      1.339591      1.375495      1.327623      1.208596      1.480724      1.179228      1.068820      1.123114      1.120257 
     1.453377      1.341589      1.371022      1.326707      1.209763      1.486287      1.170513      1.053814      1.120428      1.114795 
     1.449385      1.343660      1.367261      1.326284      1.210344      1.492227      1.157684      1.044273      1.116899      1.109247 
     1.445281      1.345790      1.364204      1.326336      1.210350      1.498397      1.141545      1.040956      1.112740      1.103952 
     1.441067      1.347967      1.361836      1.326842      1.209805      1.504671      1.123110      1.043978      1.108203      1.099231 
     1.436755      1.350184      1.360142      1.327779      1.208738      1.510947      1.103614      1.052830      1.103567      1.095365 
     1.432361      1.352429      1.359108      1.329119      1.207191      1.517141      1.084479      1.066476      1.099127      1.092586 
     1.427912      1.354694      1.358721      1.330833      1.205210      1.523180      1.067260      1.083496      1.095174      1.091058 
     1.423435      1.356968      1.358971      1.332887      1.202854      1.529001      1.053513      1.102355      1.091986      1.090862 
     1.418961      1.359244      1.359846      1.335249      1.200183      1.534561      1.044595      1.121558      1.089809      1.091990 
     1.414524      1.361513      1.361343      1.337887      1.197266      1.539834      1.041474      1.139778      1.088823      1.094346 
     1.410169      1.363765      1.363460      1.340769      1.194176      1.544812      1.044561      1.155906      1.089151      1.097768 
     1.405954      1.365990      1.366200      1.343861      1.190995      1.549510      1.053631      1.169059      1.090842      1.102037 
     1.401958      1.368174      1.369569      1.347132      1.187809      1.553951      1.067864      1.178551      1.093843      1.106867 
     1.398275      1.370299      1.373574      1.350545      1.184713      1.558169      1.085991      1.183870      1.098024      1.111950 
     1.395012      1.372344      1.378217      1.354064      1.181814      1.562193      1.106452      1.184662      1.103176      1.116966 
     1.392282      1.374283      1.383495      1.357645      1.179219      1.566050      1.127633      1.180785      1.109007      1.121592 
     1.390193      1.376083      1.389388      1.361241      1.177042      1.569752      1.147961      1.172305      1.115155      1.125527 
     1.388832      1.377713      1.395866      1.364807      1.175389      1.573296      1.166008      1.159518      1.121241      1.128499 
     1.388266      1.379145      1.402882      1.368294      1.174355      1.576665      1.180582      1.143032      1.126866      1.130309 
     1.388532      1.380351      1.410372      1.371658      1.174016      1.579837      1.190775      1.123829      1.131658      1.130857 
     1.389629      1.381311      1.418258      1.374857      1.174425      1.582767      1.195940      1.103229      1.135290      1.130101 
     1.391512      1.382018      1.426442      1.377858      1.175599      1.585391      1.195726      1.082882      1.137505      1.128101 
     1.394107      1.382467      1.434820      1.380637      1.177527      1.587643      1.190108      1.064679      1.138134      1.125019 
     1.397314      1.382667      1.443280      1.383176      1.180159      1.589453      1.179372      1.050509      1.137122      1.121109 
     1.401018      1.382636      1.451709      1.385468      1.183419      1.590753      1.164127      1.041981      1.134519      1.116689 
     1.405106      1.382399      1.459997      1.387512      1.187206      1.591492      1.145305      1.040122      1.130487      1.112118 
     1.409474      1.381986      1.468036      1.389316      1.191399      1.591641      1.124162      1.045163      1.125289      1.107768 
     1.414028      1.381435      1.475729      1.390890      1.195864      1.591201      1.102262      1.056475      1.119282      1.103999 
     1.418683      1.380785      1.482983      1.392246      1.200462      1.590196      1.081390      1.072723      1.112885      1.101121 
     1.423360      1.380073      1.489724      1.393399      1.205055      1.588670      1.063400      1.092136      1.106557      1.099360 
     1.427988      1.379338      1.495894      1.394367      1.209518      1.586676      1.049996      1.112837      1.100749      1.098833 
     1.432512      1.378611      1.501459      1.395166      1.213739      1.584268      1.042474      1.133092      1.095861      1.099541 
     1.436892      1.377920      1.506404      1.395813      1.217628      1.581508      1.041517      1.151454      1.092229      1.101388 
     1.441110      1.377288      1.510733      1.396324      1.221114      1.578458      1.047073      1.166817      1.090077      1.104180 
     1.445168      1.376732      1.514458      1.396713      1.224141      1.575189      1.058414      1.178394      1.089514      1.107656 
     1.449075      1.376266      1.517597      1.396990      1.226662      1.571777      1.074289      1.185664      1.090535      1.111512 
     1.452845      1.375899      1.520172      1.397164      1.228644      1.568304      1.093144      1.188333      1.093017      1.115428 
     1.456488      1.375637      1.522201      1.397241      1.230057      1.564848      1.113340      1.186306      1.096741      1.119089 
     1.460005      1.375483      1.523705      1.397224      1.230881      1.561480      1.133324      1.179674      1.101392      1.122202 
     1.463391      1.375435      1.524698      1.397115      1.231104      1.558256      1.151720      1.168724      1.106602      1.124511 
     1.466632      1.375489      1.525195      1.396914      1.230721      1.555213      1.167373      1.153955      1.111969      1.125815 
     1.469705      1.375637      1.525203      1.396615      1.229736      1.552368      1.179354      1.136114      1.117086      1.125980 
     1.472579      1.375869      1.524728      1.396213      1.228162      1.549714      1.186950      1.116219      1.121569      1.124944 
     1.475215      1.376171      1.523770      1.395698      1.226024      1.547219      1.189645      1.095580      1.125065      1.122725 
     1.477566      1.376526      1.522324      1.395057      1.223358      1.544832      1.187128      1.075782      1.127289      1.119421 
     1.479583      1.376913      1.520384      1.394278      1.220210      1.542482      1.179301      1.058593      1.128026      1.115217 
     1.481210      1.377308      1.517937      1.393342      1.216640      1.540089      1.166325      1.045778      1.127146      1.110374 
     1.482393      1.377683      1.514973      1.392229      1.212727      1.537575      1.148674      1.038852      1.124622      1.105217 
     1.483082      1.378009      1.511480      1.390920      1.208561      1.534873      1.127221      1.038785      1.120539      1.100123 
     1.483232      1.378255      1.507455      1.389391      1.204254      1.531930      1.103314      1.045757      1.115100      1.095496 
     1.482807      1.378387      1.502904      1.387623      1.199933      1.528711      1.078824      1.059084      1.108632      1.091728 
     1.481779      1.378375      1.497850      1.385601      1.195738      1.525193      1.056066      1.077331      1.101580      1.089156 
     1.480127      1.378190      1.492325      1.383311      1.191810      1.521358      1.037550      1.098601      1.094476      1.088014 
     1.477842      1.377812      1.486379      1.380749      1.188283      1.517194      1.025593      1.120865      1.087895      1.088411 
     1.474927      1.377224      1.480067      1.377911      1.185276      1.512710      1.021833      1.142258      1.082396      1.090321 
     1.471407      1.376421      1.473446      1.374798      1.182879      1.507946      1.026857      1.161249      1.078458      1.093589 
     1.467333      1.375403      1.466582      1.371420      1.181158      1.502988      1.040062      1.176690      1.076434      1.097964 
     1.462784      1.374179      1.459549      1.367793      1.180153      1.497962      1.059834      1.187804      1.076514      1.103120 
     1.457865      1.372765      1.452430      1.363948      1.179874      1.493024      1.083928      1.194140      1.078680      1.108684 
     1.452695      1.371187      1.445321      1.359929      1.180301      1.488343      1.109885      1.195532      1.082730      1.114271 
     1.447399      1.369477      1.438323      1.355793      1.181385      1.484081      1.135389      1.192067      1.088291      1.119516 
     1.442095      1.367671      1.431536      1.351606      1.183050      1.480376      1.158486      1.184071      1.094864      1.124091 
     1.436885      1.365807      1.425054      1.347438      1.185201      1.477333      1.177680      1.172081      1.101895      1.127730 
     1.431851      1.363922      1.418957      1.343360      1.187728      1.475024      1.191931      1.156837      1.108827      1.130237 
     1.427053      1.362051      1.413315      1.339442      1.190517      1.473485      1.200604      1.139266      1.115154      1.131494 
     1.422532      1.360225      1.408183      1.335752      1.193451      1.472723      1.203407      1.120470      1.120447      1.131453 
     1.418307      1.358472      1.403604      1.332352      1.196418      1.472714      1.200340      1.101700      1.124381      1.130144 
     1.414380      1.356817      1.399614      1.329301      1.199313      1.473410      1.191645      1.084304      1.126745      1.127669 
     1.410738      1.355279      1.396234      1.326650      1.202041      1.474743      1.177810      1.069636      1.127438      1.124199 
     1.407359      1.353875      1.393481      1.324446      1.204517      1.476631      1.159580      1.058918      1.126468      1.119960 
     1.404218      1.352620      1.391358      1.322728      1.206669      1.478979      1.137967      1.053091      1.123954      1.115236 
     1.401292      1.351523      1.389865      1.321526      1.208436      1.481686      1.114281      1.052653      1.120106      1.110353 
     1.398562      1.350592      1.388991      1.320865      1.209773      1.484652      1.090142      1.057587      1.115225      1.105657 
     1.396012      1.349832      1.388720      1.320761      1.210646      1.487782      1.067424      1.067342      1.109682      1.101501 
     1.393633      1.349247      1.389028      1.321221      1.211034      1.490992      1.048133      1.080947      1.103901      1.098207 
     1.391422      1.348839      1.389885      1.322244      1.210929      1.494212      1.034178      1.097163      1.098326      1.096051 
     1.389395      1.348604      1.391264      1.323822      1.210337      1.497399      1.027049      1.114675      1.093403      1.095241 
     1.387572      1.348543      1.393134      1.325942      1.209273      1.500543      1.027617      1.132172      1.089530      1.095863 
     1.386004      1.348647      1.395466      1.328582      1.207765      1.503662      1.035849      1.148494      1.087040      1.097918 
     1.384763      1.348908      1.398236      1.331714      1.205851      1.506797      1.050861      1.162642      1.086156      1.101296 
     1.383934      1.349313      1.401416      1.335304      1.203584      1.510011      1.071085      1.173803      1.086974      1.105773 
     1.383598      1.349845      1.404978      1.339303      1.201029      1.513368      1.094537      1.181347      1.089458      1.111054 
     1.383827      1.350484      1.408887      1.343651      1.198267      1.516929      1.119125      1.184837      1.093422      1.116780 
     1.384665      1.351205      1.413106      1.348281      1.195390      1.520729      1.142907      1.184091      1.098527      1.122537 
     1.386131      1.351978      1.417592      1.353117      1.192496      1.524789      1.164196      1.179129      1.104353      1.127918 
     1.388218      1.352772      1.422302      1.358085      1.189688      1.529105      1.181666      1.170194      1.110426      1.132545 
     1.390894      1.353555      1.427191      1.363114      1.187064      1.533660      1.194345      1.157763      1.116263      1.136097 
     1.394111      1.354294      1.432212      1.368136      1.184718      1.538406      1.201587      1.142544      1.121415      1.138328 
     1.397810      1.354959      1.437318      1.373094      1.182733      1.543286      1.203042      1.125456      1.125506      1.139096 
     1.401919      1.355523      1.442463      1.377937      1.181179      1.548219      1.198621      1.107629      1.128238      1.138344 
     1.406363      1.355963      1.447597      1.382625      1.180112      1.553113      1.188492      1.090352      1.129410      1.136108 
     1.411061      1.356262      1.452667      1.387120      1.179574      1.557859      1.173091      1.074995      1.128930      1.132516 
     1.415935      1.356410      1.457621      1.391397      1.179587      1.562340      1.153150      1.062880      1.126810      1.127773 
     1.420910      1.356405      1.462401      1.395433      1.180154      1.566442      1.129747      1.055115      1.123176      1.122172 
     1.425915      1.356252      1.466953      1.399215      1.181263      1.570056      1.104344      1.052417      1.118252      1.116058 
     1.430888      1.355964      1.471222      1.402735      1.182882      1.573085      1.078789      1.054981      1.112360      1.109819 
     1.435772      1.355562      1.475153      1.405989      1.184963      1.575446      1.055262      1.062452      1.105904      1.103865 
     1.440522      1.355071      1.478700      1.408980      1.187446      1.577068      1.036085      1.073994      1.099343      1.098590 
     1.445106      1.354522      1.481819      1.411717      1.190262      1.577901      1.023430      1.088448      1.093165      1.094344 
     1.449507      1.353957      1.484475      1.414212      1.193335      1.577910      1.018913      1.104527      1.087857      1.091419 
     1.453724      1.353415      1.486637      1.416479      1.196583      1.577091      1.023265      1.120965      1.083866      1.090014 
     1.457770      1.352941      1.488280      1.418532      1.199924      1.575471      1.036156      1.136609      1.081562      1.090229 
     1.461668      1.352579      1.489384      1.420381      1.203266      1.573112      1.056254      1.150472      1.081206      1.092054 
     1.465446      1.352378      1.489936      1.422034      1.206512      1.570112      1.081523      1.161744      1.082903      1.095360 
     1.469126      1.352384      1.489934      1.423494      1.209563      1.566592      1.109576      1.169786      1.086575      1.099906 
     1.472723      1.352639      1.489387      1.424760      1.212319      1.562688      1.138019      1.174153      1.091970      1.105362 
     1.476246      1.353178      1.488317      1.425834      1.214690      1.558539      1.164722      1.174619      1.098670      1.111333 
     1.479696      1.354029      1.486759      1.426713      1.216597      1.554274      1.187916      1.171168      1.106152      1.117405 
     1.483074      1.355212      1.484752      1.427396      1.217980      1.550009      1.206246      1.163990      1.113832      1.123177 
     1.486372      1.356736      1.482338      1.427882      1.218794      1.545838      1.218750      1.153490      1.121130      1.128281 
     1.489582      1.358603      1.479562      1.428166      1.219015      1.541838      1.224802      1.140283      1.127504      1.132415 
     1.492688      1.360810      1.476466      1.428244      1.218631      1.538065      1.224054      1.125185      1.132496      1.135347 
     1.495669      1.363344      1.473088      1.428108      1.217650      1.534557      1.216440      1.109212      1.135744      1.136925 
     1.498494      1.366182      1.469469      1.427750      1.216097      1.531335      1.202179      1.093551      1.136996      1.137078 
     1.501119      1.369292      1.465648      1.427157      1.214014      1.528400      1.181820      1.079488      1.136138      1.135828 
     1.503492      1.372631      1.461664      1.426316      1.211465      1.525734      1.156328      1.068281      1.133199      1.133292 
     1.505552      1.376148      1.457558      1.425211      1.208532      1.523296      1.127167      1.061000      1.128354      1.129673 
     1.507234      1.379782      1.453369      1.423828      1.205315      1.521020      1.096334      1.058351      1.121932      1.125259 
     1.508471      1.383468      1.449135      1.422151      1.201925      1.518814      1.066328      1.060542      1.114399      1.120399 
     1.509198      1.387144      1.444886      1.420163      1.198477      1.516563      1.039977      1.067252      1.106318      1.115476 
     1.509359      1.390754      1.440645      1.417847      1.195085      1.514145      1.020106      1.077704      1.098314      1.110876 
     1.508911      1.394250      1.436423      1.415179      1.191855      1.511452      1.009066      1.090836      1.091015      1.106954 
     1.507835      1.397595      1.432224      1.412131      1.188882      1.508416      1.008215      1.105479      1.085008      1.104008 
     1.506149      1.400757      1.428054      1.408675      1.186252      1.505030      1.017629      1.120493      1.080797      1.102267 
     1.503913      1.403704      1.423925      1.404786      1.184043      1.501354      1.036075      1.134835      1.078755      1.101867 
     1.501219      1.406404      1.419862      1.400450      1.182325      1.497509      1.061314      1.147595      1.079086      1.102836 
     1.498180      1.408822      1.415909      1.395672      1.181160      1.493651      1.090566      1.158007      1.081794      1.105088 
     1.494911      1.410927      1.412119      1.390471      1.180590      1.489957      1.121014      1.165496      1.086652      1.108410 
     1.491519      1.412689      1.408555      1.384889      1.180636      1.486592      1.150126      1.169680      1.093236      1.112492 
     1.488095      1.414092      1.405282      1.378982      1.181291      1.483700      1.175852      1.170382      1.100971      1.116956 
     1.484706      1.415126      1.402358      1.372815      1.182528      1.481394      1.196684      1.167639      1.109215      1.121402 
     1.481397      1.415794      1.399831      1.366460      1.184293      1.479751      1.211619      1.161679      1.117309      1.125438 
     1.478191      1.416104      1.397735      1.359989      1.186520      1.478812      1.220082      1.152909      1.124657      1.128727 
     1.475096      1.416071      1.396096      1.353481      1.189129      1.478588      1.221841      1.141899      1.130750      1.131001 
     1.472108      1.415711      1.394928      1.347014      1.192033      1.479057      1.216947      1.129367      1.135187      1.132074 
     1.469212      1.415045      1.394235      1.340674      1.195139      1.480170      1.205711      1.116153      1.137698      1.131855 
     1.466384      1.414094      1.394011      1.334546      1.198349      1.481853      1.188715      1.103186      1.138137      1.130348 
     1.463594      1.412880      1.394241      1.328724      1.201567      1.484005      1.166839      1.091426      1.136481      1.127643 
     1.460802      1.411425      1.394899      1.323295      1.204698      1.486509      1.141302      1.081779      1.132838      1.123917 
     1.457965      1.409753      1.395951      1.318346      1.207653      1.489229      1.113693      1.074987      1.127439      1.119422 
     1.455031      1.407887      1.397354      1.313955      1.210352      1.492026      1.085950      1.071535      1.120624      1.114463 
     1.451945      1.405845      1.399063      1.310184      1.212729      1.494765      1.060285      1.071588      1.112825      1.109377 
     1.448650      1.403644      1.401031      1.307085      1.214731      1.497325      1.038998      1.074982      1.104538      1.104508 
     1.445094      1.401292      1.403216      1.304693      1.216321      1.499612      1.024231      1.081284      1.096296      1.100177 
     1.441232      1.398790      1.405580      1.303033      1.217470      1.501565      1.017592      1.089868      1.088642      1.096669 
     1.437050      1.396133      1.408099      1.302127      1.218159      1.503164      1.019888      1.100028      1.082099      1.094218 
     1.432556      1.393314      1.410749      1.301999      1.218373      1.504424      1.030957      1.111044      1.077159      1.093003 
     1.427791      1.390324      1.413517      1.302670      1.218099      1.505397      1.049705      1.122214      1.074239      1.093138 
     1.422819      1.387160      1.416392      1.304162      1.217334      1.506155      1.074327      1.132875      1.073649      1.094665 
     1.417729      1.383822      1.419364      1.306488      1.216078      1.506787      1.102617      1.142406      1.075543      1.097532 
     1.412621      1.380321      1.422424      1.309648      1.214349      1.507381      1.132274      1.150248      1.079874      1.101600 
     1.407605      1.376675      1.425567      1.313622      1.212179      1.508026      1.161104      1.155911      1.086386      1.106638 
     1.402793      1.372912      1.428784      1.318363      1.209621      1.508801      1.187177      1.159020      1.094621      1.112330 
     1.398297      1.369065      1.432072      1.323800      1.206745      1.509770      1.208888      1.159333      1.103972      1.118308 
     1.394222      1.365169      1.435425      1.329840      1.203636      1.510985      1.225000      1.156775      1.113738      1.124173 
     1.390662      1.361263      1.438835      1.336369      1.200392      1.512477      1.234622      1.151453      1.123189      1.129530 
     1.387701      1.357384      1.442291      1.343258      1.197122      1.514261      1.237214      1.143665      1.131633      1.134016 
     1.385409      1.353569      1.445773      1.350364      1.193934      1.516328      1.232584      1.133905      1.138463      1.137328 
     1.383831      1.349856      1.449256      1.357538      1.190940      1.518647      1.220898      1.122843      1.143203      1.139243 
     1.382992      1.346285      1.452706      1.364626      1.188242      1.521164      1.202717      1.111299      1.145537      1.139634 
     1.382886      1.342892      1.456082      1.371481      1.185929      1.523807      1.179019      1.100170      1.145326      1.138489 
     1.383480      1.339713      1.459336      1.377969      1.184071      1.526483      1.151226      1.090356      1.142624      1.135908 
     1.384713      1.336783      1.462421      1.383978      1.182713      1.529088      1.121183      1.082643      1.137667      1.132100 
     1.386505      1.334129      1.465292      1.389424      1.181874      1.531511      1.091091      1.077608      1.130846      1.127359 
     1.388765      1.331773      1.467912      1.394256      1.181549      1.533641      1.063371      1.075552      1.122662      1.122038 
     1.391401      1.329732      1.470250      1.398451      1.181716      1.535377      1.040436      1.076478      1.113706      1.116525 
     1.394342      1.328020      1.472282      1.402018      1.182336      1.536634      1.024402      1.080129      1.104594      1.111195 
     1.397535      1.326649      1.473992      1.404978      1.183366      1.537353      1.016778      1.086055      1.095939      1.106400 
     1.400959      1.325634      1.475369      1.407359      1.184762      1.537509      1.018187      1.093696      1.088317      1.102454 
     1.404619      1.324996      1.476400      1.409192      1.186480      1.537113      1.028278      1.102445      1.082250      1.099616 
     1.408547      1.324761      1.477075      1.410502      1.188475      1.536212      1.045787      1.111682      1.078172      1.098084 
     1.412785      1.324962      1.477386      1.411312      1.190702      1.534881      1.068838      1.120805      1.076400      1.097988 
     1.417370      1.325635      1.477327      1.411639      1.193110      1.533216      1.095251      1.129243      1.077088      1.099366 
     1.422333      1.326817      1.476901      1.411496      1.195647      1.531324      1.122830      1.136483      1.080203      1.102163 
     1.427695      1.328542      1.476117      1.410905      1.198255      1.529316      1.149565      1.142088      1.085516      1.106216 
     1.433456      1.330835      1.474990      1.409886      1.200877      1.527306      1.173727      1.145718      1.092619      1.111273 
     1.439602      1.333717      1.473542      1.408464      1.203455      1.525399      1.193906      1.147142      1.100973      1.117006 
     1.446107      1.337195      1.471799      1.406668      1.205936      1.523697      1.208994      1.146258      1.109956      1.123034 
     1.452925      1.341265      1.469787      1.404533      1.208265      1.522291      1.218164      1.143101      1.118917      1.128953 
     1.460000      1.345907      1.467536      1.402100      1.210392      1.521254      1.220842      1.137844      1.127225      1.134354 
     1.467255      1.351086      1.465075      1.399417      1.212273      1.520646      1.216720      1.130815      1.134313      1.138857 
     1.474591      1.356740      1.462436      1.396540      1.213863      1.520500      1.205795      1.122493      1.139702      1.142121 
     1.481888      1.362782      1.459658      1.393536      1.215125      1.520821      1.188431      1.113490      1.143047      1.143877 
     1.489004      1.369101      1.456784      1.390480      1.216027      1.521580      1.165461      1.104510      1.144150      1.143950 
     1.495777      1.375558      1.453859      1.387451      1.216549      1.522711      1.138267      1.096290      1.142982      1.142279 
     1.502041      1.382004      1.450935      1.384530      1.216681      1.524109      1.108802      1.089483      1.139684      1.138939 
     1.507634      1.388291      1.448056      1.381785      1.216428      1.525638      1.079505      1.084576      1.134565      1.134128 
     1.512413      1.394290      1.445261      1.379269      1.215809      1.527150      1.053091      1.081823      1.128056      1.128152 
     1.516272      1.399902      1.442577      1.377019      1.214851      1.528496      1.032211      1.081234      1.120666      1.121401 
     1.519136      1.405062      1.440016      1.375046      1.213589      1.529553      1.019048      1.082615      1.112930      1.114299 
     1.520973      1.409737      1.437579      1.373350      1.212058      1.530231      1.014930      1.085644      1.105370      1.107281 
     1.521787      1.413913      1.435260      1.371919      1.210292      1.530488      1.020093      1.089948      1.098470      1.100769 
     1.521614      1.417585      1.433052      1.370738      1.208324      1.530319      1.033683      1.095154      1.092662      1.095160 
     1.520510      1.420751      1.430947      1.369789      1.206191      1.529759      1.053978      1.100905      1.088307      1.090811 
     1.518545      1.423404      1.428943      1.369054      1.203927      1.528860      1.078783      1.106869      1.085671      1.088017 
     1.515785      1.425537      1.427042      1.368517      1.201576      1.527691      1.105792      1.112728      1.084908      1.086986 
     1.512291      1.427141      1.425252      1.368160      1.199181      1.526322      1.132872      1.118200      1.086030      1.087811 
     1.508111      1.428200      1.423585      1.367963      1.196787      1.524823      1.158204      1.123026      1.088917      1.090467 
     1.503280      1.428703      1.422060      1.367912      1.194445      1.523262      1.180320      1.126989      1.093320      1.094808 
     1.497815      1.428633      1.420696      1.367990      1.192201      1.521703      1.198097      1.129929      1.098892      1.100579 
     1.491723      1.427973      1.419518      1.368180      1.190107      1.520202      1.210678      1.131731      1.105216      1.107447 
     1.485004      1.426701      1.418557      1.368471      1.188215      1.518812      1.217430      1.132348      1.111829      1.115013 
     1.477657      1.424797      1.417845      1.368850      1.186579      1.517583      1.217902      1.131793      1.118256      1.122843 
     1.469688      1.422242      1.417418      1.369307      1.185253      1.516556      1.211840      1.130151      1.124020      1.130476 
     1.461123      1.419025      1.417314      1.369832      1.184294      1.515762      1.199231      1.127587      1.128671      1.137449 
     1.452020      1.415152      1.417567      1.370419      1.183751      1.515223      1.180411      1.124342      1.131818      1.143310 
     1.442476      1.410656      1.418205      1.371059      1.183664      1.514940      1.156205      1.120723      1.133157      1.147653 
     1.432630      1.405602      1.419240      1.371740      1.184055      1.514890      1.128061      1.117078      1.132521      1.150144 
     1.422653      1.400087      1.420667      1.372452      1.184918      1.515019      1.098101      1.113748      1.129912      1.150570 
     1.412728      1.394237      1.422457      1.373182      1.186215      1.515245      1.069014      1.111029      1.125524      1.148863 
     1.403025      1.388186      1.424565      1.373918      1.187884      1.515462      1.043758      1.109118      1.119721      1.145119 
     1.393683      1.382057      1.426932      1.374648      1.189843      1.515560      1.025111      1.108102      1.112997      1.139586 
     1.384810      1.375953      1.429498      1.375362      1.192003      1.515442      1.015154      1.107966      1.105911      1.132630 
     1.376498      1.369952      1.432201      1.376053      1.194276      1.515044      1.014824      1.108603      1.099031      1.124708 
     1.368846      1.364109      1.434987      1.376715      1.196581      1.514347      1.023787      1.109853      1.092893      1.116329 
     1.361963      1.358468      1.437804      1.377346      1.198844      1.513371      1.040586      1.111528      1.087960      1.108032 
     1.355964      1.353069      1.440605      1.377939      1.200995      1.512164      1.063030      1.113416      1.084599      1.100362 
     1.350959      1.347948      1.443347      1.378488      1.202974      1.510792      1.088656      1.115308      1.083050      1.093840 
     1.347038      1.343139      1.445995      1.378983      1.204725      1.509323      1.115127      1.117020      1.083393      1.088908 
     1.344265      1.338672      1.448523      1.379416      1.206201      1.507822      1.140445      1.118399      1.085558      1.085906 
     1.342677      1.334575      1.450915      1.379778      1.207364      1.506349      1.163037      1.119329      1.089336      1.085031 
     1.342293      1.330867      1.453167      1.380059      1.208187      1.504962      1.181748      1.119761      1.094405      1.086334 
     1.343114      1.327566      1.455284      1.380246      1.208649      1.503715      1.195748      1.119679      1.100362      1.089713 
     1.345133      1.324688      1.457276      1.380327      1.208734      1.502663      1.204475      1.119123      1.106759      1.094930 
     1.348338      1.322246      1.459155      1.380290      1.208438      1.501863      1.207570      1.118179      1.113132      1.101629 
     1.352710      1.320256      1.460932      1.380119      1.207761      1.501373      1.204837      1.116971      1.119031      1.109375 
     1.358217      1.318732      1.462614      1.379799      1.206715      1.501247      1.196257      1.115651      1.124035      1.117661 
     1.364812      1.317689      1.464202      1.379315      1.205321      1.501535      1.182040      1.114389      1.127779      1.125956 
     1.372418      1.317135      1.465685      1.378651      1.203620      1.502274      1.162706      1.113351      1.129968      1.133710 
     1.380923      1.317073      1.467045      1.377797      1.201667      1.503479      1.139196      1.112670      1.130406      1.140397 
     1.390169      1.317495      1.468252      1.376746      1.199537      1.505131      1.112958      1.112423      1.129019      1.145539 
     1.399961      1.318378      1.469272      1.375495      1.197322      1.507179      1.085960      1.112601      1.125875      1.148748 
     1.410078      1.319683      1.470065      1.374050      1.195122      1.509529      1.060596      1.113095      1.121198      1.149763 
     1.420296      1.321362      1.470596      1.372421      1.193038      1.512068      1.039421      1.113715      1.115345      1.148467 
     1.430414      1.323358      1.470831      1.370619      1.191163      1.514669      1.024769      1.114235      1.108772      1.144897 
     1.440274      1.325616      1.470740      1.368655      1.189577      1.517226      1.018305      1.114438      1.101991      1.139235 
     1.449765      1.328088      1.470303      1.366541      1.188341      1.519661      1.020673      1.114166      1.095524      1.131786 
     1.458818      1.330727      1.469500      1.364290      1.187506      1.521938      1.031385      1.113352      1.089871      1.122976 
     1.467391      1.333495      1.468320      1.361916      1.187102      1.524054      1.048961      1.112016      1.085467      1.113332 
     1.475462      1.336356      1.466754      1.359439      1.187147      1.526029      1.071285      1.110265      1.082641      1.103469 
     1.483016      1.339281      1.464805      1.356884      1.187644      1.527893      1.096024      1.108257      1.081595      1.094070 
     1.490044      1.342244      1.462482      1.354279      1.188576      1.529678      1.120962      1.106181      1.082380      1.085828 
     1.496548      1.345225      1.459798      1.351655      1.189918      1.531414      1.144213      1.104227      1.084884      1.079379 
     1.502534      1.348214      1.456773      1.349044      1.191631      1.533131      1.164308      1.102572      1.088867      1.075248 
     1.508011      1.351204      1.453427      1.346482      1.193668      1.534859      1.180185      1.101365      1.093989      1.073790 
     1.512997      1.354196      1.449779      1.344000      1.195978      1.536630      1.191129      1.100719      1.099856      1.075156 
     1.517505      1.357195      1.445852      1.341633      1.198505      1.538482      1.196704      1.100705      1.106051      1.079287 
     1.521548      1.360210      1.441670      1.339421      1.201190      1.540452      1.196707      1.101352      1.112158      1.085911 
     1.525132      1.363245      1.437258      1.337404      1.203970      1.542576      1.191150      1.102663      1.117778      1.094573 
     1.528257      1.366304      1.432649      1.335629      1.206778      1.544886      1.180270      1.104578      1.122558      1.104693 
     1.530912      1.369388      1.427891      1.334142      1.209540      1.547403      1.164572      1.106992      1.126208      1.115617 
     1.533082      1.372491      1.423036      1.332992      1.212181      1.550125      1.144892      1.109773      1.128496      1.126633 
     1.534741      1.375603      1.418152      1.332226      1.214622      1.553033      1.122442      1.112749      1.129278      1.137041 
     1.535855      1.378709      1.413309      1.331885      1.216785      1.556075      1.098838      1.115738      1.128505      1.146198 
     1.536383      1.381790      1.408590      1.331999      1.218601      1.559176      1.076015      1.118550      1.126233      1.153555 
     1.536285      1.384831      1.404065      1.332587      1.220015      1.562241      1.056091      1.121013      1.122624      1.158698 
     1.535515      1.387822      1.399803      1.333654      1.220982      1.565167      1.041111      1.122994      1.117937      1.161350 
     1.534038      1.390758      1.395853      1.335203      1.221472      1.567857      1.032740      1.124396      1.112507      1.161381 
     1.531834      1.393640      1.392259      1.337224      1.221468      1.570231      1.031979      1.125174      1.106732      1.158794 
     1.528902      1.396473      1.389054      1.339708      1.220963      1.572228      1.038977      1.125320      1.101028      1.153708 
     1.525267      1.399264      1.386268      1.342640      1.219955      1.573813      1.053036      1.124851      1.095844      1.146364 
     1.520977      1.402017      1.383927      1.345998      1.218454      1.574963      1.072775      1.123808      1.091617      1.137116 
     1.516096      1.404733      1.382062      1.349753      1.216477      1.575663      1.096381      1.122243      1.088759      1.126466 
     1.510696      1.407406      1.380701      1.353868      1.214057      1.575899      1.121891      1.120230      1.087591      1.115023 
     1.504849      1.410029      1.379866      1.358295      1.211235      1.575658      1.147399      1.117849      1.088324      1.103509 
     1.498617      1.412588      1.379580      1.362978      1.208068      1.574922      1.171215      1.115212      1.091025      1.092726 
     1.492055      1.415070      1.379860      1.367857      1.204628      1.573673      1.191917      1.112460      1.095591      1.083485 
     1.485205      1.417457      1.380717      1.372865      1.200990      1.571898      1.208365      1.109752      1.101764      1.076529 
     1.478100      1.419724      1.382163      1.377933      1.197247      1.569588      1.219681      1.107267      1.109166      1.072465 
     1.470773      1.421842      1.384204      1.382986      1.193498      1.566744      1.225220      1.105190      1.117315      1.071679 
     1.463262      1.423774      1.386843      1.387944      1.189855      1.563384      1.224569      1.103699      1.125649      1.074259 
     1.455620      1.425479      1.390073      1.392716      1.186438      1.559547      1.217574      1.102962      1.133574      1.079981 
     1.447919      1.426907      1.393870      1.397207      1.183374      1.555296      1.204397      1.103080      1.140500      1.088313 
     1.440254      1.428008      1.398185      1.401308      1.180787      1.550723      1.185602      1.104066      1.145899      1.098479 
     1.432742      1.428734      1.402937      1.404920      1.178789      1.545943      1.162252      1.105850      1.149316      1.109515 
     1.425505      1.429048      1.408014      1.407950      1.177463      1.541080      1.135912      1.108243      1.150452      1.120410 
     1.418656      1.428926      1.413281      1.410333      1.176853      1.536255      1.108599      1.110970      1.149187      1.130229 
     1.412283      1.428362      1.418599      1.412032      1.176960      1.531564      1.082597      1.113701      1.145592      1.138215 
     1.406444      1.427368      1.423843      1.413044      1.177741      1.527072      1.060192      1.116098      1.139913      1.143844 
     1.401161      1.425967      1.428909      1.413390      1.179127      1.522808      1.043358      1.117868      1.132535      1.146847 
     1.396425      1.424195      1.433726      1.413106      1.181030      1.518775      1.033487      1.118806      1.123948      1.147163 
     1.392231      1.422081      1.438244      1.412237      1.183359      1.514967      1.031182      1.118826      1.114697      1.144897 
     1.388575      1.419653      1.442433      1.410826      1.186023      1.511378      1.036207      1.117947      1.105333      1.140280 
     1.385454      1.416939      1.446272      1.408914      1.188936      1.508013      1.047551      1.116281      1.096419      1.133636 
     1.382872      1.413966      1.449746      1.406536      1.192014      1.504891      1.063702      1.114032      1.088504      1.125384 
     1.380839      1.410757      1.452839      1.403724      1.195180      1.502041      1.082898      1.111455      1.082095      1.116032 
     1.379363      1.407339      1.455540      1.400504      1.198357      1.499496      1.103373      1.108826      1.077608      1.106165 
     1.378450      1.403736      1.457834      1.396905      1.201473      1.497290      1.123532      1.106414      1.075324      1.096429 
     1.378103      1.399970      1.459712      1.392951      1.204460      1.495454      1.142033      1.104461      1.075368      1.087497 
     1.378325      1.396065      1.461166      1.388667      1.207250      1.494022      1.157807      1.103167      1.077686      1.080029 
     1.379117      1.392038      1.462192      1.384075      1.209785      1.493025      1.170051      1.102666      1.082077      1.074619 
     1.380481      1.387907      1.462789      1.379200      1.212006      1.492505      1.178187      1.103023      1.088193      1.071735 
     1.382420      1.383691      1.462964      1.374070      1.213858      1.492509      1.181842      1.104232      1.095582      1.071664 
     1.384933      1.379409      1.462727      1.368720      1.215290      1.493092      1.180836      1.106218      1.103717      1.074466 
     1.388016      1.375087      1.462097      1.363199      1.216255      1.494314      1.175194      1.108835      1.112037      1.079950 
     1.391655      1.370755      1.461097      1.357570      1.216709      1.496234      1.165180      1.111880      1.119973      1.087682 
     1.395816      1.366454      1.459760      1.351914      1.216623      1.498894      1.151336      1.115100      1.126981      1.097016 
     1.400443      1.362230      1.458130      1.346331      1.215982      1.502309      1.134512      1.118219      1.132584      1.107161 
     1.405456      1.358135      1.456255      1.340927      1.214791      1.506459      1.115901      1.120966      1.136405      1.117271 
     1.410752      1.354216      1.454191      1.335812      1.213078      1.511284      1.096975      1.123108      1.138200      1.126536 
     1.416212      1.350519      1.451988      1.331090      1.210890      1.516683      1.079372      1.124468      1.137878      1.134262 
     1.421709      1.347077      1.449693      1.326844      1.208295      1.522529      1.064713      1.124951      1.135499      1.139925 
     1.427127      1.343909      1.447343      1.323136      1.205368      1.528685      1.054389      1.124537      1.131269      1.143193 
     1.432370      1.341023      1.444962      1.320004      1.202194      1.535023      1.049369      1.123283      1.125519      1.143932 
     1.437369      1.338416      1.442562      1.317465      1.198858      1.541437      1.050065      1.121296      1.118672      1.142188 
     1.442087      1.336074      1.440148      1.315516      1.195444      1.547847      1.056294      1.118725      1.111220      1.138161 
     1.446514      1.333983      1.437712      1.314148      1.192038      1.554192      1.067341      1.115739      1.103701      1.132166 
     1.450656      1.332130      1.435242      1.313342      1.188724      1.560428      1.082097      1.112528      1.096671      1.124628 
     1.454535      1.330499      1.432721      1.313077      1.185585      1.566517      1.099251      1.109285      1.090669      1.116083 
     1.458179      1.329078      1.430134      1.313325      1.182706      1.572429      1.117446      1.106201      1.086174      1.107139 
     1.461612      1.327856      1.427464      1.314057      1.180163      1.578131      1.135411      1.103460      1.083566      1.098443 
     1.464857      1.326821      1.424696      1.315247      1.178033      1.583595      1.152025      1.101230      1.083088      1.090654 
     1.467934      1.325965      1.421820      1.316866      1.176385      1.588794      1.166339      1.099658      1.084826      1.084407 
     1.470854      1.325282      1.418832      1.318895      1.175282      1.593707      1.177593      1.098861      1.088692      1.080242 
     1.473620      1.324773      1.415737      1.321317      1.174780      1.598318      1.185186      1.098916      1.094446      1.078578 
     1.476230      1.324441      1.412552      1.324120      1.174927      1.602616      1.188661      1.099846      1.101708      1.079653 
     1.478672      1.324295      1.409306      1.327297      1.175760      1.606588      1.187709      1.101622      1.109992      1.083495 
     1.480924      1.324347      1.406041      1.330843      1.177303      1.610223      1.182194      1.104155      1.118728      1.089908 
     1.482952      1.324614      1.402816      1.334753      1.179562      1.613499      1.172187      1.107281      1.127306      1.098466 
     1.484710      1.325114      1.399702      1.339015      1.182515      1.616384      1.158036      1.110758      1.135110      1.108545 
     1.486140      1.325863      1.396781      1.343611      1.186111      1.618833      1.140447      1.114286      1.141555      1.119365 
     1.487179      1.326874      1.394144      1.348507      1.190263      1.620789      1.120525      1.117512      1.146141      1.130066 
     1.487755      1.328152      1.391879      1.353661      1.194853      1.622185      1.099768      1.120060      1.148485      1.139779 
     1.487806      1.329698      1.390063      1.359022      1.199736      1.622951      1.079958      1.121563      1.148357      1.147708 
     1.487279      1.331503      1.388757      1.364538      1.204755      1.623023      1.062972      1.121732      1.145720      1.153220 
     1.486144      1.333553      1.388001      1.370159      1.209753      1.622346      1.050507      1.120396      1.140719      1.155879 
     1.484395      1.335830      1.387815      1.375845      1.214590      1.620883      1.043814      1.117514      1.133663      1.155450 
     1.482048      1.338316      1.388204      1.381561      1.219142      1.618608      1.043451      1.113219      1.125003      1.151918 
     1.479135      1.340991      1.389157      1.387284      1.223307      1.615511      1.049242      1.107813      1.115308      1.145464 
     1.475702      1.343836      1.390656      1.392997      1.227002      1.611593      1.060320      1.101758      1.105237      1.136450 
     1.471800      1.346834      1.392668      1.398688      1.230158      1.606865      1.075322      1.095616      1.095478      1.125399 
     1.467478      1.349963      1.395155      1.404341      1.232719      1.601343      1.092650      1.090028      1.086738      1.113020 
     1.462790      1.353202      1.398080      1.409940      1.234644      1.595051      1.110690      1.085627      1.079679      1.100181 
     1.457784      1.356526      1.401393      1.415467      1.235903      1.588018      1.127978      1.082963      1.074839      1.087867 
     1.452506      1.359912      1.405047      1.420909      1.236478      1.580284      1.143309      1.082443      1.072589      1.077120 
     1.447004      1.363335      1.408996      1.426246      1.236365      1.571903      1.155752      1.084269      1.073087      1.068945 
     1.441336      1.366764      1.413194      1.431458      1.235570      1.562952      1.164669      1.088418      1.076264      1.064188 
     1.435566      1.370165      1.417602      1.436517      1.234112      1.553536      1.169684      1.094636      1.081828      1.063425 
     1.429773      1.373495      1.422181      1.441387      1.232027      1.543802      1.170671      1.102459      1.089295      1.066843 
     1.424047      1.376704      1.426891      1.446021      1.229367      1.533936      1.167756      1.111262      1.098040      1.074194 
     1.418490      1.379734      1.431690      1.450362      1.226205      1.524165      1.161303      1.120313      1.107349      1.084794 
     1.413207      1.382526      1.436527      1.454348      1.222638      1.514735      1.151906      1.128851      1.116485      1.097621 
     1.408299      1.385018      1.441349      1.457916      1.218778      1.505895      1.140368      1.136177      1.124763      1.111459 
     1.403847      1.387157      1.446101      1.461009      1.214750      1.497865      1.127632      1.141718      1.131607      1.125077 
     1.399910      1.388900      1.450732      1.463580      1.210678      1.490818      1.114710      1.145081      1.136597      1.137372 
     1.396522      1.390218      1.455198      1.465597      1.206680      1.484867      1.102591      1.146078      1.139477      1.147457 
     1.393690      1.391091      1.459465      1.467037      1.202858      1.480068      1.092164      1.144708      1.140164      1.154716 
     1.391403      1.391515      1.463513      1.467890      1.199298      1.476426      1.084138      1.141140      1.138717      1.158787 
     1.389638      1.391489      1.467329      1.468147      1.196067      1.473913      1.079009      1.135673      1.135320      1.159531 
     1.388370      1.391016      1.470906      1.467799      1.193221      1.472480      1.077036      1.128708      1.130256      1.156986 
     1.387574      1.390099      1.474240      1.466838      1.190805      1.472064      1.078224      1.120715      1.123888      1.151345 
     1.387229      1.388745      1.477325      1.465250      1.188851      1.472604      1.082354      1.112222      1.116648      1.142935 
     1.387327      1.386959      1.480152      1.463014      1.187389      1.474037      1.089017      1.103796      1.109023      1.132210 
     1.387863      1.384747      1.482704      1.460107      1.186440      1.476301      1.097655      1.096019      1.101543      1.119765 
     1.388844      1.382118      1.484961      1.456502      1.186017      1.479337      1.107616      1.089475      1.094748      1.106330 
     1.390281      1.379086      1.486892      1.452169      1.186130      1.483088      1.118197      1.084702      1.089164      1.092775 
     1.392194      1.375670      1.488464      1.447077      1.186774      1.487497      1.128680      1.082162      1.085264      1.080083 
     1.394605      1.371899      1.489639      1.441201      1.187938      1.492514      1.138368      1.082192      1.083413      1.069294 
     1.397535      1.367814      1.490378      1.434527      1.189596      1.498092      1.146607      1.084942      1.083822      1.061418 
     1.401000      1.363471      1.490651      1.427057      1.191703      1.504189      1.152820      1.090365      1.086518      1.057306 
     1.405010      1.358943      1.490439      1.418817      1.194198      1.510766      1.156532      1.098190      1.091323      1.057501 
     1.409547      1.354329      1.489740      1.409872      1.196996      1.517775      1.157402      1.107899      1.097845      1.062116 
     1.414566      1.349743      1.488567      1.400331      1.199989      1.525157      1.155272      1.118771      1.105514      1.070761 
     1.419988      1.345315      1.486960      1.390351      1.203047      1.532826      1.150212      1.129924      1.113637      1.082579 
     1.425697      1.341176      1.484974      1.380132      1.206031      1.540669      1.142544      1.140414      1.121481      1.096370 
     1.431548      1.337448      1.482670      1.369893      1.208802      1.548552      1.132834      1.149328      1.128358      1.110778 
     1.437386      1.334228      1.480113      1.359854      1.211235      1.556329      1.121836      1.155881      1.133703      1.124481 
     1.443065      1.331578      1.477362      1.350204      1.213229      1.563862      1.110434      1.159498      1.137126      1.136357 
     1.448455      1.329530      1.474458      1.341101      1.214709      1.571030      1.099525      1.159834      1.138427      1.145573 
     1.453452      1.328087      1.471429      1.332656      1.215625      1.577734      1.089947      1.156777      1.137586      1.151592 
     1.457977      1.327234      1.468285      1.324949      1.215951      1.583900      1.082408      1.150428      1.134727      1.154141 
     1.461979      1.326940      1.465022      1.318027      1.215679      1.589476      1.077428      1.141084      1.130089      1.153170 
     1.465425      1.327170      1.461626      1.311921      1.214812      1.594421      1.075298      1.129231      1.124010      1.148816 
     1.468293      1.327885      1.458071      1.306652      1.213362      1.598703      1.076064      1.115542      1.116899      1.141369 
     1.470574      1.329047      1.454328      1.302234      1.211353      1.602294      1.079531      1.100880      1.109232      1.131275 
     1.472262      1.330618      1.450362      1.298676      1.208815      1.605164      1.085294      1.086284      1.101530      1.119135 
     1.473355      1.332560      1.446137      1.295985      1.205789      1.607278      1.092786      1.072936      1.094328      1.105710 
     1.473848      1.334837      1.441618      1.294162      1.202328      1.608600      1.101332      1.062056      1.088160      1.091920 
     1.473738      1.337412      1.436771      1.293207      1.198497      1.609090      1.110234      1.054813      1.083513      1.078820 
     1.473025      1.340249      1.431571      1.293107      1.194374      1.608710      1.118815      1.052148      1.080792      1.067532 
     1.471708      1.343309      1.426003      1.293844      1.190055      1.607433      1.126470      1.054651      1.080261      1.059144 
     1.469800      1.346549      1.420067      1.295390      1.185650      1.605251      1.132696      1.062421      1.082036      1.054610 
     1.467327      1.349920      1.413797      1.297702      1.181289      1.602185      1.137111      1.075051      1.086059      1.054577 
     1.464330      1.353361      1.407258      1.300717      1.177125      1.598296      1.139459      1.091651      1.092069      1.059265 
     1.460873      1.356804      1.400557      1.304351      1.173322      1.593696      1.139618      1.110960      1.099636      1.068388 
     1.457039      1.360168      1.393836      1.308493      1.170051      1.588539      1.137614      1.131491      1.108178      1.081164 
     1.452929      1.363370      1.387268      1.313014      1.167473      1.583012      1.133627      1.151707      1.117021      1.096417 
     1.448648      1.366332      1.381031      1.317774      1.165718      1.577319      1.127979      1.170179      1.125457      1.112763 
     1.444299      1.368990      1.375293      1.322641      1.164874      1.571654      1.121113      1.185699      1.132845      1.128810 
     1.439971      1.371299      1.370193      1.327495      1.164985      1.566185      1.113549      1.197362      1.138644      1.143327 
     1.435740      1.373233      1.365837      1.332247      1.166045      1.561039      1.105849      1.204556      1.142471      1.155323 
     1.431661      1.374787      1.362302      1.336830      1.168015      1.556303      1.098586      1.206966      1.144097      1.164083 
     1.427775      1.375972      1.359636      1.341207      1.170830      1.552028      1.092306      1.204502      1.143449      1.169159 
     1.424111      1.376808      1.357868      1.345363      1.174405      1.548238      1.087479      1.197246      1.140585      1.170318 
     1.420692      1.377327      1.357014      1.349295      1.178641      1.544932      1.084493      1.185469      1.135686      1.167520 
     1.417534      1.377564      1.357078      1.353013      1.183429      1.542093      1.083623      1.169617      1.129057      1.160900 
     1.414652      1.377562      1.358058      1.356530      1.188653      1.539687      1.085010      1.150355      1.121119      1.150778 
     1.412057      1.377364      1.359936      1.359860      1.194182      1.537666      1.088635      1.128602      1.112411      1.137672 
     1.409753      1.377021      1.362679      1.363017      1.199878      1.535962      1.094316      1.105579      1.103581      1.122343 
     1.407740      1.376582      1.366237      1.366013      1.205595      1.534485      1.101730      1.082831      1.095340      1.105787 
     1.406003      1.376101      1.370536      1.368860      1.211186      1.533134      1.110433      1.062157      1.088399      1.089215 
     1.404527      1.375631      1.375487      1.371569      1.216507      1.531794      1.119881      1.045434      1.083406      1.073989 
     1.403292      1.375223      1.380993      1.374153      1.221425      1.530358      1.129474      1.034386      1.080852      1.061496 
     1.402292      1.374924      1.386954      1.376624      1.225820      1.528745      1.138605      1.030282      1.081022      1.052991 
     1.401542      1.374773      1.393279      1.378993      1.229584      1.526920      1.146690      1.033676      1.083946      1.049416 
     1.401079      1.374810      1.399876      1.381268      1.232621      1.524905      1.153190      1.044261      1.089400      1.051233 
     1.400961      1.375065      1.406662      1.383452      1.234849      1.522779      1.157655      1.060895      1.096901      1.058303 
     1.401254      1.375556      1.413547      1.385537      1.236203      1.520662      1.159749      1.081796      1.105767      1.069886 
     1.402013      1.376292      1.420441      1.387512      1.236648      1.518691      1.159283      1.104830      1.115187      1.084737 
     1.403271      1.377265      1.427249      1.389360      1.236181      1.516996      1.156248      1.127843      1.124314      1.101316 
     1.405034      1.378455      1.433885      1.391067      1.234842      1.515677      1.150825      1.148937      1.132366      1.118028 
     1.407279      1.379829      1.440278      1.392619      1.232702      1.514792      1.143357      1.166627      1.138714      1.133443 
     1.409965      1.381351      1.446375      1.394008      1.229857      1.514360      1.134311      1.179900      1.142925      1.146445 
     1.413042      1.382983      1.452146      1.395229      1.226412      1.514368      1.124246      1.188167      1.144769      1.156258 
     1.416457      1.384687      1.457576      1.396278      1.222475      1.514780      1.113765      1.191172      1.144188      1.162414 
     1.420161      1.386421      1.462658      1.397152      1.218151      1.515547      1.103495      1.188914      1.141267      1.164694 
     1.424105      1.388147      1.467392      1.397843      1.213544      1.516609      1.094058      1.181581      1.136213      1.163076 
     1.428245      1.389825      1.471773      1.398340      1.208756      1.517902      1.086039      1.169541      1.129340      1.157705 
     1.432539      1.391411      1.475788      1.398630      1.203889      1.519357      1.079955      1.153344      1.121059      1.148876 
     1.436945      1.392860      1.479415      1.398693      1.199051      1.520899      1.076203      1.133761      1.111878      1.137046 
     1.441418      1.394123      1.482620      1.398504      1.194354      1.522442      1.075017      1.111840      1.102388      1.122853 
     1.445914      1.395150      1.485360      1.398036      1.189917      1.523895      1.076443      1.088965      1.093248      1.107134 
     1.450389      1.395889      1.487580      1.397261      1.185860      1.525161      1.080313      1.066822      1.085143      1.090923 
     1.454800      1.396289      1.489224      1.396144      1.182302      1.526139      1.086280      1.047337      1.078733      1.075441 
     1.459110      1.396303      1.490234      1.394654      1.179355      1.526735      1.093859      1.032489      1.074593      1.062008 
     1.463297      1.395887      1.490556      1.392759      1.177124      1.526873      1.102492      1.024041      1.073157      1.051940 
     1.467353      1.394997      1.490144      1.390428      1.175700      1.526507      1.111604      1.023242      1.074662      1.046404 
     1.471277      1.393603      1.488966      1.387634      1.175166      1.525633      1.120665      1.030553      1.079137      1.046237 
     1.475084      1.391678      1.487007      1.384364      1.175585      1.524302      1.129176      1.045494      1.086372      1.051803 
     1.478779      1.389221      1.484284      1.380629      1.176990      1.522628      1.136687      1.066704      1.095909      1.062854 
     1.482356      1.386260      1.480850      1.376475      1.179370      1.520779      1.142806      1.092125      1.107034      1.078488 
     1.485788      1.382859      1.476805      1.371990      1.182647      1.518963      1.147190      1.119306      1.118829      1.097245 
     1.489035      1.379116      1.472283      1.367302      1.186680      1.517399      1.149552      1.145744      1.130282      1.117326 
     1.492045      1.375153      1.467436      1.362562      1.191266      1.516285      1.149752      1.169270      1.140406      1.136862 
     1.494765      1.371100      1.462417      1.357921      1.196177      1.515771      1.147788      1.188233      1.148383      1.154194 
     1.497156      1.367069      1.457354      1.353509      1.201185      1.515952      1.143782      1.201571      1.153660      1.168086 
     1.499195      1.363151      1.452346      1.349432      1.206087      1.516871      1.137986      1.208795      1.155961      1.177768 
     1.500860      1.359417      1.447458      1.345765      1.210714      1.518521      1.130778      1.209841      1.155235      1.182821 
     1.502143      1.355913      1.442729      1.342558      1.214937      1.520867      1.122593      1.204951      1.151649      1.183166 
     1.503035      1.352670      1.438182      1.339843      1.218655      1.523845      1.113948      1.194611      1.145525      1.178966 
     1.503527      1.349710      1.433827      1.337638      1.221795      1.527370      1.105397      1.179490      1.137324      1.170575 
     1.503606      1.347049      1.429664      1.335950      1.224302      1.531340      1.097514      1.160458      1.127627      1.158531 
     1.503256      1.344698      1.425693      1.334781      1.226140      1.535632      1.090851      1.138612      1.117113      1.143555 
     1.502453      1.342664      1.421904      1.334126      1.227286      1.540110      1.085898      1.115271      1.106541      1.126544 
     1.501173      1.340956      1.418289      1.333972      1.227733      1.544627      1.083034      1.091985      1.096701      1.108573 
     1.499382      1.339574      1.414831      1.334302      1.227483      1.549031      1.082484      1.070464      1.088354      1.090847 
     1.497042      1.338519      1.411511      1.335097      1.226551      1.553181      1.084296      1.052471      1.082165      1.074659 
     1.494116      1.337785      1.408308      1.336333      1.224958      1.556955      1.088338      1.039630      1.078647      1.061290 
     1.490566      1.337370      1.405206      1.337988      1.222731      1.560262      1.094324      1.033218      1.078117      1.051891 
     1.486359      1.337270      1.402199      1.340040      1.219899      1.563052      1.101846      1.033946      1.080667      1.047355 
     1.481481      1.337479      1.399296      1.342465      1.216499      1.565316      1.110410      1.041830      1.086166      1.048189 
     1.475936      1.337989      1.396530      1.345236      1.212580      1.567091      1.119467      1.056156      1.094263      1.054410 
     1.469764      1.338790      1.393961      1.348314      1.208213      1.568446      1.128437      1.075582      1.104405      1.065511 
     1.463037      1.339861      1.391668      1.351642      1.203501      1.569470      1.136735      1.098308      1.115866      1.080485 
     1.455863      1.341170      1.389749      1.355147      1.198578      1.570258      1.143814      1.122324      1.127802      1.097948 
     1.448376      1.342674      1.388300      1.358739      1.193607      1.570895      1.149204      1.145626      1.139323      1.116318 
     1.440717      1.344316      1.387406      1.362321      1.188762      1.571450      1.152560      1.166456      1.149587      1.134030 
     1.433025      1.346037      1.387130      1.365800      1.184220      1.571968      1.153685      1.183406      1.157873      1.149702 
     1.425419      1.347776      1.387518      1.369089      1.180140      1.572464      1.152528      1.195469      1.163633      1.162238 
     1.417994      1.349477      1.388587      1.372120      1.176655      1.572936      1.149179      1.202025      1.166503      1.170859 
     1.410821      1.351088      1.390339      1.374839      1.173873      1.573361      1.143846      1.202778      1.166277      1.175073 
     1.403954      1.352567      1.392764      1.377209      1.171875      1.573701      1.136835      1.197692      1.162913      1.174646 
     1.397434      1.353881      1.395843      1.379199      1.170720      1.573897      1.128548      1.186966      1.156556      1.169591 
     1.391295      1.355007      1.399544      1.380794      1.170442      1.573880      1.119474      1.171056      1.147513      1.160154 
     1.385570      1.355928      1.403818      1.381987      1.171047      1.573567      1.110159      1.150728      1.136218      1.146811 
     1.380288      1.356635      1.408594      1.382780      1.172512      1.572866      1.101196      1.127109      1.123295      1.130316 
     1.375472      1.357134      1.413786      1.383189      1.174781      1.571671      1.093170      1.101732      1.109562      1.111731 
     1.371133      1.357436      1.419288      1.383237      1.177772      1.569866      1.086591      1.076507      1.095925      1.092388 
     1.367271      1.357567      1.424983      1.382963      1.181376      1.567335      1.081866      1.053620      1.083403      1.073843 
     1.363873      1.357559      1.430759      1.382407      1.185469      1.563970      1.079260      1.035330      1.072955      1.057697 
     1.360928      1.357454      1.436524      1.381618      1.189924      1.559670      1.078895      1.023633      1.065455      1.045488 
     1.358433      1.357298      1.442214      1.380639      1.194618      1.554360      1.080741      1.019937      1.061564      1.038456 
     1.356414      1.357137      1.447794      1.379516      1.199434      1.548003      1.084678      1.024806      1.061683      1.037394 
     1.354934      1.357024      1.453256      1.378292      1.204251      1.540622      1.090500      1.037845      1.065930      1.042530 
     1.354087      1.357012      1.458612      1.377009      1.208941      1.532315      1.097910      1.057761      1.074088      1.053456 
     1.353982      1.357157      1.463875      1.375713      1.213361      1.523262      1.106507      1.082596      1.085576      1.069141 
     1.354727      1.357510      1.469056      1.374452      1.217354      1.513728      1.115769      1.110008      1.099498      1.088067 
     1.356396      1.358117      1.474152      1.373274      1.220765      1.504040      1.125083      1.137590      1.114722      1.108439 
     1.359018      1.359009      1.479145      1.372223      1.223456      1.494552      1.133803      1.163156      1.130010      1.128437 
     1.362576      1.360203      1.484006      1.371331      1.225323      1.485597      1.141314      1.184926      1.144161      1.146430 
     1.367013      1.361702      1.488707      1.370623      1.226299      1.477461      1.147103      1.201618      1.156160      1.161143 
     1.372251      1.363498      1.493223      1.370111      1.226358      1.470368      1.150795      1.212433      1.165224      1.171692 
     1.378202      1.365577      1.497533      1.369803      1.225503      1.464475      1.152158      1.216964      1.170805      1.177542 
     1.384777      1.367916      1.501613      1.369696      1.223764      1.459889      1.151106      1.215119      1.172607      1.178482 
     1.391890      1.370487      1.505444      1.369782      1.221186      1.456674      1.147677      1.207029      1.170515      1.174535 
     1.399448      1.373257      1.508999      1.370052      1.217837      1.454856      1.142047      1.193072      1.164614      1.165961 
     1.407344      1.376178      1.512239      1.370488      1.213804      1.454421      1.134535      1.173886      1.155188      1.153264 
     1.415449      1.379193      1.515111      1.371066      1.209204      1.455309      1.125605      1.150445      1.142746      1.137217 
     1.423616      1.382232      1.517558      1.371755      1.204181      1.457404      1.115877      1.124147      1.128036      1.118897 
     1.431679      1.385219      1.519513      1.372517      1.198906      1.460532      1.106075      1.096829      1.112047      1.099670 
     1.439471      1.388075      1.520910      1.373308      1.193562      1.464466      1.096964      1.070668      1.095963      1.081107 
     1.446838      1.390724      1.521687      1.374082      1.188334      1.468956      1.089291      1.048020      1.081045      1.064830 
     1.453658      1.393102      1.521796      1.374791      1.183390      1.473752      1.083690      1.031120      1.068509      1.052331 
     1.459855      1.395158      1.521196      1.375392      1.178876      1.478654      1.080604      1.021744      1.059414      1.044788 
     1.465394      1.396851      1.519861      1.375847      1.174913      1.483526      1.080274      1.020907      1.054542      1.042909 
     1.470279      1.398147      1.517770      1.376119      1.171609      1.488314      1.082725      1.028693      1.054340      1.046874 
     1.474539      1.399008      1.514922      1.376173      1.169065      1.493039      1.087800      1.044272      1.058875      1.056317 
     1.478211      1.399401      1.511332      1.375981      1.167374      1.497776      1.095154      1.066032      1.067809      1.070370 
     1.481335      1.399292      1.507038      1.375520      1.166616      1.502629      1.104266      1.091851      1.080402      1.087756 
     1.483946      1.398660      1.502106      1.374782      1.166850      1.507704      1.114462      1.119371      1.095592      1.106931 
     1.486071      1.397500      1.496627      1.373776      1.168089      1.513083      1.124975      1.146290      1.112097      1.126261 
     1.487740      1.395826      1.490708      1.372526      1.170304      1.518820      1.135028      1.170582      1.128597      1.144210 
     1.488980      1.393671      1.484459      1.371073      1.173417      1.524935      1.143914      1.190633      1.143875      1.159479 
     1.489821      1.391080      1.477984      1.369469      1.177317      1.531420      1.151053      1.205285      1.156927      1.171084 
     1.490289      1.388107      1.471368      1.367771      1.181869      1.538242      1.156021      1.213811      1.166991      1.178367 
     1.490412      1.384809      1.464681      1.366042      1.186926      1.545352      1.158551      1.215843      1.173566      1.180972 
     1.490211      1.381244      1.457982      1.364340      1.192336      1.552682      1.158516      1.211306      1.176370      1.178798 
     1.489704      1.377476      1.451320      1.362727      1.197944      1.560141      1.155935      1.200405      1.175328      1.171990 
     1.488902      1.373571      1.444747      1.361260      1.203593      1.567610      1.150954      1.183637      1.170555      1.160945 
     1.487809      1.369606      1.438315      1.359995      1.209118      1.574935      1.143848      1.161861      1.162364      1.146334 
     1.486427      1.365664      1.432080      1.358981      1.214358      1.581930      1.135035      1.136368      1.151285      1.129133 
     1.484750      1.361834      1.426098      1.358258      1.219155      1.588383      1.125042      1.108912      1.138055      1.110605 
     1.482763      1.358202      1.420414      1.357851      1.223374      1.594066      1.114490      1.081658      1.123596      1.092234 
     1.480447      1.354842      1.415051      1.357773      1.226909      1.598767      1.104034      1.057004      1.108942      1.075578 
     1.477778      1.351812      1.410017      1.358023      1.229689      1.602301      1.094307      1.037300      1.095146      1.062091 
     1.474731      1.349147      1.405296      1.358592      1.231678      1.604531      1.085890      1.024502      1.083200      1.052938 
     1.471289      1.346868      1.400864      1.359464      1.232865      1.605374      1.079293      1.019858      1.073958      1.048865 
     1.467448      1.344985      1.396693      1.360622      1.233256      1.604798      1.074926      1.023678      1.068070      1.050114 
     1.463233      1.343500      1.392779      1.362049      1.232861      1.602826      1.073109      1.035355      1.065957      1.056449 
     1.458693      1.342417      1.389140      1.363732      1.231692      1.599523      1.074038      1.053510      1.067778      1.067209 
     1.453899      1.341740      1.385821      1.365650      1.229768      1.594992      1.077735      1.076249      1.073388      1.081383 
     1.448942      1.341471      1.382891      1.367782      1.227117      1.589367      1.084033      1.101476      1.082347      1.097744 
     1.443926      1.341608      1.380437      1.370095      1.223780      1.582805      1.092550      1.127129      1.093943      1.114969 
     1.438956      1.342145      1.378550      1.372554      1.219814      1.575471      1.102735      1.151356      1.107290      1.131760 
     1.434133      1.343065      1.377316      1.375116      1.215296      1.567528      1.113904      1.172609      1.121409      1.146942 
     1.429545      1.344342      1.376815      1.377731      1.210318      1.559128      1.125330      1.189671      1.135345      1.159522 
     1.425267      1.345947      1.377108      1.380346      1.204981      1.550400      1.136297      1.201636      1.148223      1.168709 
     1.421361      1.347839      1.378246      1.382911      1.199397      1.541453      1.146149      1.207865      1.159290      1.173916 
     1.417876      1.349975      1.380268      1.385367      1.193689      1.532372      1.154313      1.207937      1.167928      1.174741 
     1.414854      1.352305      1.383202      1.387655      1.187990      1.523227      1.160309      1.201631      1.173642      1.170962 
     1.412327      1.354771      1.387063      1.389707      1.182452      1.514078      1.163751      1.188941      1.176063      1.162553 
     1.410324      1.357305      1.391845      1.391447      1.177248      1.504987      1.164358      1.170153      1.174952      1.149739 
     1.408865      1.359826      1.397509      1.392792      1.172573      1.496016      1.161985      1.145977      1.170230      1.133070 
     1.407955      1.362244      1.403973      1.393660      1.168632      1.487231      1.156654      1.117710      1.162026      1.113514 
     1.407575      1.364463      1.411100      1.393975      1.165627      1.478693      1.148608      1.087353      1.150729      1.092510 
     1.407679      1.366395      1.418706      1.393681      1.163726      1.470442      1.138325      1.057600      1.137006      1.071917 
     1.408191      1.367970      1.426578      1.392745      1.163042      1.462486      1.126502      1.031609      1.121782      1.053828 
     1.409020      1.369145      1.434501      1.391168      1.163620      1.454801      1.113990      1.012527      1.106153      1.040255 
     1.410080      1.369910      1.442295      1.388972      1.165439      1.447358      1.101707      1.002872      1.091287      1.032781 
     1.411306      1.370282      1.449827      1.386197      1.168427      1.440159      1.090566      1.003982      1.078321      1.032285 
     1.412657      1.370303      1.457009      1.382889      1.172472      1.433273      1.081398      1.015713      1.068278      1.038815 
     1.414117      1.370031      1.463783      1.379112      1.177429      1.426853      1.074908      1.036535      1.061983      1.051608 
     1.415686      1.369538      1.470107      1.374941      1.183120      1.421117      1.071599      1.063934      1.059956      1.069232 
     1.417360      1.368909      1.475941      1.370470      1.189331      1.416318      1.071697      1.094943      1.062297      1.089829 
     1.419134      1.368232      1.481254      1.365810      1.195823      1.412699      1.075099      1.126621      1.068641      1.111395 
     1.420998      1.367597      1.486024      1.361076      1.202352      1.410467      1.081378      1.156403      1.078211      1.132061 
     1.422940      1.367088      1.490237      1.356379      1.208685      1.409774      1.089874      1.182297      1.089950      1.150266 
     1.424952      1.366776      1.493893      1.351813      1.214622      1.410700      1.099791      1.202921      1.102701      1.164846 
     1.427032      1.366719      1.497008      1.347457      1.220004      1.413276      1.110315      1.217411      1.115369      1.175040 
     1.429183      1.366961      1.499597      1.343371      1.224707      1.417486      1.120695      1.225321      1.127008      1.180426 
     1.431415      1.367533      1.501677      1.339600      1.228640      1.423285      1.130287      1.226502      1.136867      1.180852 
     1.433735      1.368464      1.503263      1.336186      1.231736      1.430603      1.138567      1.221010      1.144383      1.176381 
     1.436156      1.369767      1.504359      1.333163      1.233941      1.439344      1.145124      1.209098      1.149172      1.167272 
     1.438680      1.371451      1.504960      1.330568      1.235217      1.449382      1.149655      1.191247      1.151009      1.153997 
     1.441300      1.373510      1.505053      1.328441      1.235537      1.460543      1.151956      1.168238      1.149827      1.137285 
     1.443992      1.375927      1.504614      1.326821      1.234893      1.472598      1.151919      1.141264      1.145721      1.118170 
     1.446709      1.378668      1.503614      1.325744      1.233305      1.485254      1.149542      1.112014      1.138977      1.098016 
     1.449380      1.381684      1.502024      1.325233      1.230824      1.498168      1.144933      1.082684      1.130084      1.078469 
     1.451916      1.384913      1.499819      1.325298      1.227528      1.510976      1.138312      1.055848      1.119698      1.061304 
     1.454219      1.388288      1.496978      1.325931      1.223528      1.523331      1.130014      1.034166      1.108614      1.048200 
     1.456191      1.391743      1.493489      1.327109      1.218945      1.534940      1.120463      1.019959      1.097707      1.040483 
     1.457758      1.395219      1.489352      1.328800      1.213905      1.545593      1.110194      1.014763      1.087848      1.038895 
     1.458874      1.398662      1.484578      1.330964      1.208539      1.555156      1.099841      1.019006      1.079870      1.043513 
     1.459526      1.402021      1.479203      1.333554      1.202980      1.563562      1.090131      1.031930      1.074476      1.053746 
     1.459740      1.405238      1.473287      1.336515      1.197375      1.570791      1.081847      1.051782      1.072181      1.068460 
     1.459561      1.408254      1.466919      1.339781      1.191880      1.576855      1.075743      1.076191      1.073228      1.086154 
     1.459057      1.411004      1.460216      1.343274      1.186660      1.581789      1.072428      1.102606      1.077534      1.105180 
     1.458300      1.413428      1.453307      1.346911      1.181875      1.585653      1.072264      1.128648      1.084683      1.123941 
     1.457366      1.415471      1.446328      1.350608      1.177674      1.588526      1.075296      1.152349      1.094002      1.141053 
     1.456325      1.417091      1.439402      1.354286      1.174179      1.590502      1.081254      1.172228      1.104656      1.155417 
     1.455245      1.418253      1.432635      1.357883      1.171484      1.591677      1.089612      1.187297      1.115778      1.166251 
     1.454181      1.418936      1.426112      1.361346      1.169655      1.592146      1.099684      1.196956      1.126545      1.173045 
     1.453183      1.419126      1.419898      1.364642      1.168731      1.591998      1.110703      1.200909      1.136247      1.175532 
     1.452290      1.418815      1.414044      1.367745      1.168728      1.591303      1.121902      1.199100      1.144295      1.173641 
     1.451532      1.418000      1.408594      1.370638      1.169643      1.590116      1.132553      1.191677      1.150225      1.167485 
     1.450928      1.416686      1.403585      1.373314      1.171451      1.588477      1.142004      1.178995      1.153709      1.157363 
     1.450487      1.414884      1.399053      1.375764      1.174103      1.586405      1.149692      1.161664      1.154551      1.143797 
     1.450203      1.412616      1.395033      1.377988      1.177523      1.583902      1.155160      1.140623      1.152690      1.127562 
     1.450052      1.409913      1.391554      1.379985      1.181607      1.580951      1.158081      1.117192      1.148233      1.109725 
     1.449993      1.406823      1.388640      1.381759      1.186220      1.577519      1.158279      1.093096      1.141454      1.091621 
     1.449970      1.403402      1.386304      1.383316      1.191206      1.573554      1.155751      1.070384      1.132806      1.074775 
     1.449918      1.399712      1.384544      1.384670      1.196400      1.568996      1.150675      1.051235      1.122898      1.060737 
     1.449771      1.395814      1.383349      1.385836      1.201634      1.563784      1.143400      1.037672      1.112459      1.050891 
     1.449479      1.391764      1.382702      1.386837      1.206757      1.557877      1.134418      1.031206      1.102267      1.046218 
     1.449013      1.387608      1.382590      1.387697      1.211630      1.551272      1.124331      1.032568      1.093112      1.047170 
     1.448371      1.383384      1.383009      1.388441      1.216133      1.544023      1.113827      1.041577      1.085739      1.053610 
     1.447573      1.379129      1.383962      1.389090      1.220154      1.536243      1.103641      1.057205      1.080785      1.064840 
     1.446651      1.374879      1.385461      1.389665      1.223593      1.528104      1.094509      1.077800      1.078712      1.079729 
     1.445640      1.370671      1.387517      1.390182      1.226357      1.519818      1.087112      1.101381      1.079745      1.096881 
     1.444572      1.366546      1.390138      1.390656      1.228367      1.511618      1.082001      1.125924      1.083829      1.114814 
     1.443469      1.362543      1.393325      1.391097      1.229562      1.503736      1.079543      1.149575      1.090622      1.132107 
     1.442346      1.358695      1.397073      1.391512      1.229896      1.496391      1.079873      1.170766      1.099549      1.147521 
     1.441212      1.355030      1.401368      1.391905      1.229347      1.489776      1.082890      1.188262      1.109880      1.160048 
     1.440070      1.351571      1.406196      1.392274      1.227909      1.484062      1.088282      1.201136      1.120814      1.168931 
     1.438922      1.348333      1.411535      1.392612      1.225593      1.479393      1.095567      1.208737      1.131537      1.173652 
     1.437769      1.345331      1.417357      1.392909      1.222430      1.475887      1.104145      1.210651      1.141281      1.173916 
     1.436613      1.342573      1.423626      1.393146      1.218476      1.473636      1.113349      1.206689      1.149349      1.169664 
     1.435456      1.340069      1.430285      1.393300      1.213815      1.472694      1.122495      1.196926      1.155138      1.161089 
     1.434303      1.337824      1.437253      1.393341      1.208570      1.473072      1.130918      1.181757      1.158175      1.148697 
     1.433162      1.335842      1.444417      1.393237      1.202911      1.474718      1.138011      1.161989      1.158145      1.133342 
     1.432039      1.334121      1.451630      1.392952      1.197053      1.477504      1.143259      1.138904      1.154951      1.116252 
     1.430938      1.332652      1.458720      1.392453      1.191243      1.481224      1.146289      1.114255      1.148739      1.098950 
     1.429855      1.331417      1.465505      1.391712      1.185739      1.485611      1.146898      1.090139      1.139921      1.083088 
     1.428781      1.330384      1.471820      1.390711      1.180780      1.490370      1.145074      1.068766      1.129141      1.070218 
     1.427696      1.329520      1.477532      1.389439      1.176560      1.495220      1.140973      1.052125      1.117219      1.061531 
     1.426578      1.328788      1.482558      1.387893      1.173216      1.499926      1.134912      1.041682      1.105067      1.057677 
     1.425404      1.328153      1.486858      1.386079      1.170830      1.504319      1.127313      1.038138      1.093604      1.058716 
     1.424156      1.327594      1.490429      1.384006      1.169435      1.508295      1.118702      1.041394      1.083701      1.064186 
     1.422824      1.327096      1.493295      1.381689      1.169029      1.511802      1.109689      1.050629      1.076121      1.073233 
     1.421407      1.326658      1.495491      1.379146      1.169582      1.514823      1.100925      1.064500      1.071445      1.084774 
     1.419907      1.326288      1.497062      1.376406      1.171039      1.517362      1.093069      1.081397      1.070015      1.097650 
     1.418335      1.326005      1.498057      1.373500      1.173328      1.519438      1.086736      1.099679      1.071914      1.110754 
     1.416704      1.325834      1.498525      1.370465      1.176365      1.521078      1.082442      1.117845      1.076934      1.123105 
     1.415032      1.325807      1.498513      1.367343      1.180055      1.522317      1.080548      1.134621      1.084627      1.133889 
     1.413343      1.325964      1.498065      1.364180      1.184292      1.523198      1.081226      1.149001      1.094363      1.142470 
     1.411662      1.326345      1.497223      1.361022      1.188972      1.523767      1.084442      1.160234      1.105401      1.148379 
     1.410023      1.326994      1.496019      1.357920      1.193985      1.524074      1.089958      1.167796      1.116950      1.151302 
     1.408466      1.327957      1.494480      1.354927      1.199220      1.524170      1.097376      1.171362      1.128241      1.151067 
     1.407037      1.329281      1.492623      1.352098      1.204565      1.524105      1.106171      1.170775      1.138548      1.147642 
     1.405785      1.331011      1.490462      1.349496      1.209903      1.523922      1.115721      1.166059      1.147221      1.141152 
     1.404759      1.333190      1.487998      1.347186      1.215112      1.523659      1.125362      1.157445      1.153702      1.131909 
     1.404013      1.335850      1.485231      1.345237      1.220064      1.523344      1.134403      1.145390      1.157532      1.120417 
     1.403592      1.339015      1.482158      1.343720      1.224628      1.522991      1.142211      1.130633      1.158368      1.107394 
     1.403532      1.342688      1.478780      1.342705      1.228670      1.522599      1.148212      1.114207      1.156062      1.093821 
     1.403850      1.346857      1.475096      1.342251      1.232063      1.522152      1.151960      1.097425      1.150649      1.080882 
     1.404543      1.351485      1.471116      1.342406      1.234693      1.521616      1.153172      1.081811      1.142385      1.069839 
     1.405587      1.356521      1.466857      1.343199      1.236474      1.520948      1.151743      1.068912      1.131762      1.061890 
     1.406945      1.361895      1.462348      1.344635      1.237346      1.520102      1.147780      1.060092      1.119508      1.057973 
     1.408573      1.367529      1.457629      1.346700      1.237283      1.519049      1.141595      1.056335      1.106541      1.058600 
     1.410433      1.373341      1.452752      1.349357      1.236289      1.517778      1.133652      1.058017      1.093904      1.063755 
     1.412496      1.379248      1.447771      1.352558      1.234400      1.516310      1.124568      1.064864      1.082654      1.072915 
     1.414747      1.385163      1.442748      1.356236      1.231677      1.514700      1.115044      1.076049      1.073812      1.085165 
     1.417171      1.391008      1.437747      1.360312      1.228205      1.513033      1.105825      1.090371      1.068193      1.099332 
     1.419761      1.396704      1.432836      1.364698      1.224089      1.511415      1.097621      1.106455      1.066304      1.114149 
     1.422512      1.402181      1.428076      1.369305      1.219448      1.509962      1.091063      1.122873      1.068279      1.128415 
     1.425419      1.407375      1.423530      1.374043      1.214413      1.508789      1.086650      1.138355      1.073889      1.141088 
     1.428466      1.412228      1.419255      1.378817      1.209119      1.508013      1.084712      1.151881      1.082579      1.151329 
     1.431646      1.416689      1.415308      1.383540      1.203705      1.507738      1.085375      1.162634      1.093573      1.158522 
     1.434944      1.420706      1.411736      1.388125      1.198312      1.508060      1.088551      1.170033      1.105956      1.162250 
     1.438347      1.424233      1.408581      1.392487      1.193082      1.509056      1.093957      1.173714      1.118789      1.162296 
     1.441836      1.427220      1.405877      1.396546      1.188159      1.510784      1.101140      1.173508      1.131174      1.158634 
     1.445389      1.429620      1.403654      1.400221      1.183686      1.513277      1.109527      1.169450      1.142303      1.151437 
     1.448975      1.431385      1.401933      1.403433      1.179801      1.516539      1.118467      1.161797      1.151489      1.141084 
     1.452557      1.432468      1.400728      1.406110      1.176637      1.520535      1.127278      1.151024      1.158179      1.128181 
     1.456089      1.432833      1.400045      1.408188      1.174309      1.525195      1.135290      1.137852      1.161962      1.113565 
     1.459514      1.432449      1.399877      1.409613      1.172910      1.530409      1.141876      1.123241      1.162590      1.098304 
     1.462772      1.431302      1.400209      1.410351      1.172501      1.536030      1.146494      1.108355      1.159981      1.083633 
     1.465798      1.429397      1.401008      1.410388      1.173106      1.541887      1.148727      1.094485      1.154232      1.070861 
     1.468534      1.426756      1.402233      1.409729      1.174707      1.547799      1.148303      1.082909      1.145631      1.061230 
     1.470929      1.423422      1.403833      1.408404      1.177245      1.553594      1.145123      1.074737      1.134657      1.055714 
     1.472944      1.419455      1.405752      1.406458      1.180625      1.559118      1.139287      1.070732      1.121979      1.054880 
     1.474553      1.414929      1.407931      1.403956      1.184720      1.564253      1.131113      1.071196      1.108451      1.058784 
     1.475742      1.409934      1.410316      1.400972      1.189378      1.568910      1.121128      1.075908      1.095059      1.066940 
     1.476510      1.404571      1.412853      1.397594      1.194428      1.573026      1.110072      1.084165      1.082870      1.078427 
     1.476861      1.398947      1.415496      1.393908      1.199689      1.576562      1.098841      1.094910      1.072920      1.092043 
     1.476806      1.393170      1.418203      1.390005      1.204984      1.579492      1.088423      1.106901      1.066089      1.106484 
     1.476355      1.387344      1.420939      1.385969      1.210144      1.581804      1.079789      1.118890      1.062976      1.120522 
     1.475521      1.381564      1.423679      1.381872      1.215016      1.583499      1.073786      1.129756      1.063817      1.133102 
     1.474315      1.375913      1.426407      1.377778      1.219471      1.584591      1.071027      1.138599      1.068460      1.143399 
     1.472753      1.370462      1.429111      1.373739      1.223396      1.585105      1.071830      1.144767      1.076408      1.150834 
     1.470849      1.365274      1.431786      1.369798      1.226700      1.585079      1.076170      1.147854      1.086901      1.155047 
     1.468627      1.360406      1.434427      1.365991      1.229305      1.584555      1.083699      1.147695      1.099022      1.155887 
     1.466114      1.355911      1.437030      1.362349      1.231145      1.583582      1.093801      1.144349      1.111789      1.153385 
     1.463347      1.351839      1.439583      1.358902      1.232171      1.582207      1.105653      1.138080      1.124247      1.147749 
     1.460364      1.348234      1.442069      1.355678      1.232349      1.580472      1.118333      1.129356      1.135529      1.139359 
     1.457209      1.345136      1.444463      1.352699      1.231660      1.578415      1.130901      1.118832      1.144903      1.128770 
     1.453924      1.342579      1.446732      1.349988      1.230108      1.576060      1.142473      1.107321      1.151801      1.116706 
     1.450548      1.340583      1.448836      1.347560      1.227712      1.573421      1.152285      1.095750      1.155827      1.104031 
     1.447117      1.339162      1.450730      1.345426      1.224514      1.570501      1.159717      1.085090      1.156775      1.091714 
     1.443662      1.338315      1.452366      1.343591      1.220574      1.567292      1.164333      1.076296      1.154608      1.080749 
     1.440208      1.338030      1.453700      1.342051      1.215968      1.563777      1.165869      1.070206      1.149467      1.072081 
     1.436780      1.338285      1.454689      1.340799      1.210789      1.559939      1.164229      1.067422      1.141663      1.066499 
     1.433401      1.339048      1.455297      1.339824      1.205145      1.555763      1.159487      1.068264      1.131665      1.064546 
     1.430097      1.340276      1.455497      1.339108      1.199158      1.551240      1.151875      1.072725      1.120107      1.066449 
     1.426901      1.341918      1.455272      1.338627      1.192969      1.546374      1.141782      1.080474      1.107770      1.072095 
     1.423844      1.343914      1.454613      1.338355      1.186735      1.541178      1.129746      1.090904      1.095547      1.081031 
     1.420956      1.346195      1.453519      1.338260      1.180625      1.535673      1.116454      1.103218      1.084389      1.092529 
     1.418265      1.348686      1.451991      1.338307      1.174818      1.529889      1.102729      1.116531      1.075238      1.105685 
     1.415792      1.351313      1.450033      1.338458      1.169495      1.523857      1.089494      1.129957      1.068941      1.119533 
     1.413548      1.353998      1.447650      1.338673      1.164828      1.517610      1.077719      1.142677      1.066133      1.133122 
     1.411542      1.356673      1.444845      1.338914      1.160980      1.511183      1.068357      1.153965      1.067172      1.145583 
     1.409780      1.359275      1.441626      1.339144      1.158101      1.504619      1.062261      1.163199      1.072103      1.156158 
     1.408272      1.361748      1.437993      1.339332      1.156323      1.497978      1.060086      1.169848      1.080634      1.164197 
     1.407040      1.364048      1.433957      1.339450      1.155767      1.491342      1.062236      1.173450      1.092211      1.169164 
     1.406119      1.366135      1.429525      1.339481      1.156529      1.484830      1.068809      1.173621      1.106066      1.170634 
     1.405558      1.367980      1.424719      1.339414      1.158677      1.478606      1.079542      1.170065      1.121273      1.168323 
     1.405412      1.369559      1.419575      1.339253      1.162227      1.472871      1.093827      1.162647      1.136756      1.162114 
     1.405732      1.370860      1.414157      1.339015      1.167125      1.467857      1.110725      1.151486      1.151384      1.152169 
     1.406549      1.371879      1.408564      1.338730      1.173220      1.463800      1.129012      1.137079      1.164027      1.139011 
     1.407861      1.372626      1.402926      1.338444      1.180259      1.460906      1.147271      1.120370      1.173669      1.123551 
     1.409622      1.373123      1.397403      1.338204      1.187900      1.459297      1.164050      1.102720      1.179523      1.107071 
     1.411748      1.373401      1.392156      1.338061      1.195756      1.458994      1.178040      1.085798      1.181132      1.091072 
     1.414124      1.373503      1.387330      1.338056      1.203446      1.459914      1.188214      1.071275      1.178410      1.077082 
     1.416641      1.373468      1.383033      1.338219      1.210648      1.461898      1.193906      1.060572      1.171618      1.066380 
     1.419202      1.373333      1.379335      1.338569      1.217122      1.464763      1.194819      1.054624      1.161292      1.059845 
     1.421736      1.373130      1.376271      1.339115      1.222712      1.468331      1.190975      1.053779      1.148169      1.057850 
     1.424201      1.372883      1.373849      1.339861      1.227327      1.472463      1.182651      1.057799      1.133123      1.060273 
     1.426578      1.372608      1.372064      1.340807      1.230922      1.477052      1.170343      1.065959      1.117153      1.066592 
     1.428862      1.372320      1.370896      1.341947      1.233488      1.482023      1.154758      1.077207      1.101319      1.075975 
     1.431056      1.372027      1.370323      1.343276      1.235036      1.487313      1.136780      1.090296      1.086727      1.087406 
     1.433165      1.371736      1.370312      1.344785      1.235593      1.492865      1.117499      1.103989      1.074460      1.099843 
     1.435191      1.371450      1.370834      1.346463      1.235202      1.498622      1.098172      1.117140      1.065454      1.112293 
     1.437134      1.371169      1.371858      1.348300      1.233915      1.504526      1.080172      1.128760      1.060401      1.123893 
     1.438988      1.370891      1.373359      1.350285      1.231795      1.510522      1.064899      1.138079      1.059657      1.133959 
     1.440744      1.370611      1.375322      1.352403      1.228908      1.516562      1.053632      1.144528      1.063194      1.141986 
     1.442391      1.370325      1.377739      1.354638      1.225333      1.522614      1.047401      1.147762      1.070605      1.147637 
     1.443917      1.370022      1.380601      1.356972      1.221157      1.528654      1.046789      1.147622      1.081155      1.150723 
     1.445309      1.369694      1.383907      1.359379      1.216483      1.534665      1.051834      1.144183      1.093892      1.151201 
     1.446560      1.369326      1.387642      1.361824      1.211432      1.540630      1.061992      1.137743      1.107722      1.149162 
     1.447668      1.368904      1.391784      1.364265      1.206151      1.546523      1.076204      1.128839      1.121529      1.144834 
     1.448629      1.368415      1.396291      1.366649      1.200805      1.552301      1.093038      1.118215      1.134263      1.138586 
     1.449446      1.367843      1.401106      1.368921      1.195571      1.557908      1.110923      1.106801      1.145017      1.130901 
     1.450118      1.367176      1.406159      1.371028      1.190627      1.563274      1.128340      1.095614      1.153104      1.122360 
     1.450645      1.366403      1.411377      1.372919      1.186134      1.568331      1.143985      1.085661      1.158072      1.113588 
     1.451025      1.365516      1.416691      1.374555      1.182228      1.573014      1.156857      1.077826      1.159716      1.105210 
     1.451260      1.364508      1.422040      1.375907      1.179015      1.577273      1.166287      1.072787      1.158037      1.097793 
     1.451355      1.363376      1.427376      1.376958      1.176572      1.581073      1.171888      1.070931      1.153228      1.091819 
     1.451317      1.362120      1.432666      1.377699      1.174945      1.584396      1.173514      1.072342      1.145628      1.087651 
     1.451158      1.360745      1.437887      1.378128      1.174161      1.587233      1.171212      1.076824      1.135715      1.085535 
     1.450893      1.359259      1.443028      1.378250      1.174227      1.589585      1.165193      1.083948      1.124074      1.085556 
     1.450538      1.357674      1.448081      1.378075      1.175132      1.591450      1.155806      1.093107      1.111401      1.087657 
     1.450107      1.356009      1.453045      1.377616      1.176854      1.592826      1.143531      1.103596      1.098502      1.091649 
     1.449607      1.354287      1.457921      1.376893      1.179356      1.593700      1.129007      1.114683      1.086262      1.097228 
     1.449036      1.352536      1.462715      1.375926      1.182591      1.594048      1.113038      1.125646      1.075608      1.103998 
     1.448380      1.350792      1.467436      1.374741      1.186504      1.593836      1.096590      1.135813      1.067445      1.111510 
     1.447614      1.349091      1.472100      1.373363      1.191031      1.593017      1.080805      1.144600      1.062560      1.119280 
     1.446702      1.347474      1.476726      1.371822      1.196103      1.591536      1.066944      1.151504      1.061536      1.126821 
     1.445596      1.345987      1.481348      1.370147      1.201648      1.589340      1.056313      1.156106      1.064686      1.133670 
     1.444247      1.344681      1.486005      1.368372      1.207588      1.586375      1.050147      1.158074      1.072004      1.139397 
     1.442612      1.343609      1.490741      1.366533      1.213837      1.582599      1.049435      1.157139      1.083151      1.143619 
     1.440656      1.342832      1.495598      1.364671      1.220290      1.577998      1.054767      1.153150      1.097484      1.146010 
     1.438365      1.342416      1.500606      1.362835      1.226813      1.572590      1.066185      1.146094      1.114078      1.146335 
     1.435749      1.342426      1.505770      1.361085      1.233238      1.566447      1.083111      1.136178      1.131775      1.144487 
     1.432844      1.342918      1.511054      1.359494      1.239348      1.559701      1.104346      1.123929      1.149224      1.140520 
     1.429715      1.343928      1.516370      1.358141      1.244895      1.552545      1.128180      1.110246      1.165007      1.134723 
     1.426438      1.345468      1.521596      1.357100      1.249616      1.545226      1.152561      1.096363      1.177789      1.127629 
     1.423097      1.347516      1.526580      1.356429      1.253273      1.538013      1.175366      1.083709      1.186447      1.119940 
     1.419770      1.350013      1.531165      1.356163      1.255688      1.531158      1.194705      1.073691      1.190221      1.112383 
     1.416530      1.352876      1.535220      1.356313      1.256762      1.524866      1.209143      1.067416      1.188781      1.105609 
     1.413444      1.356005      1.538647      1.356868      1.256475      1.519282      1.217772      1.065500      1.182223      1.100076 
     1.410559      1.359305      1.541389      1.357798      1.254874      1.514493      1.220178      1.067966      1.171018      1.096048 
     1.407906      1.362689      1.543418      1.359061      1.252051      1.510541      1.216354      1.074298      1.155948      1.093605 
     1.405511      1.366078      1.544730      1.360611      1.248129      1.507431      1.206639      1.083626      1.138029      1.092644 
     1.403394      1.369399      1.545331      1.362395      1.243248      1.505136      1.191645      1.094900      1.118481      1.092922 
     1.401562      1.372589      1.545229      1.364360      1.237560      1.503610      1.172235      1.106985      1.098688      1.094131 
     1.400017      1.375590      1.544435      1.366451      1.231225      1.502780      1.149521      1.118838      1.080131      1.095928 
     1.398754      1.378352      1.542959      1.368613      1.224405      1.502552      1.124862      1.129562      1.064281      1.097983 
     1.397760      1.380828      1.540805      1.370791      1.217258      1.502823      1.099841      1.138447      1.052441      1.100008 
     1.397016      1.382976      1.537980      1.372932      1.209941      1.503488      1.076237      1.144985      1.045595      1.101785 
     1.396497      1.384757      1.534486      1.374983      1.202604      1.504442      1.055894      1.148819      1.044293      1.103186 
     1.396175      1.386138      1.530332      1.376891      1.195392      1.505598      1.040588      1.149749      1.048543      1.104186 
     1.396022      1.387082      1.525526      1.378603      1.188453      1.506902      1.031800      1.147735      1.057842      1.104840 
     1.396021      1.387549      1.520083      1.380063      1.181940      1.508336      1.030473      1.142915      1.071247      1.105257 
     1.396162      1.387504      1.514030      1.381213      1.176015      1.509922      1.036794      1.135612      1.087521      1.105595 
     1.396445      1.386915      1.507410      1.381995      1.170849      1.511702      1.050080      1.126344      1.105269      1.106036 
     1.396882      1.385757      1.500291      1.382356      1.166613      1.513730      1.068903      1.115845      1.123060      1.106752 
     1.397485      1.384029      1.492768      1.382253      1.163463      1.516050      1.091309      1.105020      1.139566      1.107881 
     1.398267      1.381749      1.484956      1.381663      1.161516      1.518685      1.115142      1.094873      1.153641      1.109489 
     1.399233      1.378962      1.476988      1.380584      1.160837      1.521627      1.138340      1.086365      1.164403      1.111550 
     1.400379      1.375735      1.468995      1.379042      1.161421      1.524843      1.159139      1.080288      1.171276      1.113963 
     1.401693      1.372153      1.461096      1.377084      1.163204      1.528281      1.176210      1.077165      1.173990      1.116558 
     1.403162      1.368309      1.453396      1.374772      1.166071      1.531884      1.188665      1.077187      1.172547      1.119130 
     1.404780      1.364297      1.445978      1.372180      1.169868      1.535593      1.196001      1.080206      1.167187      1.121465 
     1.406544      1.360211      1.438906      1.369388      1.174421      1.539352      1.198041      1.085795      1.158343      1.123364 
     1.408456      1.356139      1.432230      1.366475      1.179546      1.543107      1.194864      1.093329      1.146619      1.124667 
     1.410520      1.352164      1.425986      1.363522      1.185056      1.546806      1.186764      1.102069      1.132771      1.125261 
     1.412739      1.348361      1.420197      1.360604      1.190770      1.550393      1.174233      1.111258      1.117700      1.125094 
     1.415113      1.344797      1.414874      1.357791      1.196519      1.553811      1.157959      1.120186      1.102407      1.124164 
     1.417632      1.341528      1.410017      1.355146      1.202149      1.556997      1.138839      1.128241      1.087959      1.122520 
     1.420276      1.338604      1.405620      1.352726      1.207520      1.559882      1.117965      1.134919      1.075438      1.120267 
     1.423016      1.336064      1.401668      1.350575      1.212517      1.562399      1.096633      1.139843      1.065828      1.117535 
     1.425815      1.333939      1.398142      1.348733      1.217040      1.564477      1.076311      1.142759      1.059918      1.114483 
     1.428627      1.332255      1.395030      1.347230      1.221010      1.566048      1.058570      1.143514      1.058232      1.111303 
     1.431404      1.331033      1.392327      1.346094      1.224358      1.567057      1.044968      1.142050      1.060971      1.108204 
     1.434107      1.330293      1.390035      1.345353      1.227022      1.567454      1.036901      1.138410      1.067955      1.105388 
     1.436709      1.330055      1.388172      1.345034      1.228944      1.567211      1.035392      1.132734      1.078704      1.103072 
     1.439199      1.330339      1.386765      1.345164      1.230068      1.566319      1.040918      1.125285      1.092450      1.101484 
     1.441581      1.331166      1.385851      1.345769      1.230339      1.564792      1.053264      1.116465      1.108216      1.100842 
     1.443872      1.332549      1.385478      1.346870      1.229709      1.562666      1.071517      1.106857      1.124873      1.101340 
     1.446085      1.334488      1.385686      1.348476      1.228154      1.560004      1.094176      1.097235      1.141202      1.103119 
     1.448225      1.336963      1.386506      1.350575      1.225678      1.556897      1.119308      1.088509      1.155974      1.106235 
     1.450282      1.339926      1.387951      1.353130      1.222334      1.553457      1.144804      1.081619      1.168041      1.110609 
     1.452240      1.343298      1.390010      1.356077      1.218226      1.549809      1.168628      1.077388      1.176454      1.116017 
     1.454074      1.346980      1.392648      1.359325      1.213506      1.546091      1.189010      1.076356      1.180549      1.122092 
     1.455754      1.350858      1.395801      1.362768      1.208358      1.542440      1.204565      1.078669      1.179974      1.128360 
     1.457262      1.354809      1.399394      1.366294      1.202988      1.538985      1.214352      1.084053      1.174730      1.134301 
     1.458582      1.358716      1.403341      1.369789      1.197604      1.535834      1.217850      1.091874      1.165140      1.139406 
     1.459706      1.362471      1.407552      1.373148      1.192408      1.533075      1.214929      1.101272      1.151822      1.143219 
     1.460626      1.365973      1.411937      1.376276      1.187586      1.530767      1.205794      1.111295      1.135659      1.145372 
     1.461342      1.369139      1.416408      1.379091      1.183303      1.528933      1.190959      1.121012      1.117767      1.145609 
     1.461850      1.371898      1.420880      1.381526      1.179694      1.527566      1.171220      1.129592      1.099453      1.143796 
     1.462149      1.374197      1.425272      1.383527      1.176872      1.526622      1.147673      1.136364      1.082147      1.139936 
     1.462235      1.375996      1.429513      1.385057      1.174912      1.526029      1.121720      1.140838      1.067287      1.134159 
     1.462103      1.377275      1.433540      1.386096      1.173861      1.525693      1.095059      1.142702      1.056183      1.126730 
     1.461746      1.378026      1.437303      1.386634      1.173734      1.525508      1.069652      1.141820      1.049850      1.118054 
     1.461152      1.378256      1.440765      1.386677      1.174521      1.525367      1.047614      1.138216      1.048865      1.108658 
     1.460309      1.377983      1.443907      1.386236      1.176190      1.525182      1.031025      1.132078      1.053289      1.099181 
     1.459205      1.377236      1.446720      1.385332      1.178690      1.524888      1.021641      1.123762      1.062663      1.090333 
     1.457833      1.376050      1.449210      1.383990      1.181954      1.524457      1.020567      1.113809      1.076108      1.082850 
     1.456195      1.374474      1.451382      1.382241      1.185895      1.523901      1.028007      1.102958      1.092457      1.077443 
     1.454310      1.372565      1.453246      1.380126      1.190403      1.523271      1.043171      1.092142      1.110358      1.074697 
     1.452210      1.370399      1.454811      1.377696      1.195341      1.522648      1.064408      1.082424      1.128423      1.075006 
     1.449940      1.368066      1.456084      1.375017      1.200542      1.522124      1.089514      1.074886      1.145328      1.078457 
     1.447556      1.365666      1.457075      1.372162      1.205820      1.521796      1.116101      1.070446      1.159904      1.084799 
     1.445119      1.363306      1.457798      1.369212      1.210984      1.521750      1.141912      1.069702      1.171211      1.093464 
     1.442691      1.361088      1.458269      1.366244      1.215850      1.522059      1.165061      1.072800      1.178608      1.103667 
     1.440332      1.359104      1.458508      1.363330      1.220257      1.522781      1.184136      1.079432      1.181742      1.114517 
     1.438099      1.357430      1.458539      1.360530      1.224074      1.523955      1.198172      1.088922      1.180523      1.125147 
     1.436051      1.356127      1.458385      1.357890      1.227205      1.525604      1.206600      1.100363      1.175101      1.134793 
     1.434237      1.355244      1.458063      1.355447      1.229578      1.527729      1.209168      1.112745      1.165828      1.142829 
     1.432705      1.354812      1.457585      1.353229      1.231146      1.530309      1.205869      1.125076      1.153238      1.148789 
     1.431495      1.354854      1.456953      1.351257      1.231883      1.533306      1.196912      1.136464      1.138052      1.152359 
     1.430638      1.355383      1.456160      1.349548      1.231779      1.536657      1.182703      1.146154      1.121181      1.153373 
     1.430155      1.356400      1.455190      1.348116      1.230839      1.540277      1.163875      1.153553      1.103732      1.151802 
     1.430052      1.357903      1.454019      1.346973      1.229082      1.544063      1.141342      1.158230      1.086974      1.147750 
     1.430317      1.359876      1.452614      1.346126      1.226545      1.547891      1.116351      1.159919      1.072277      1.141451 
     1.430919      1.362297      1.450942      1.345580      1.223279      1.551624      1.090508      1.158518      1.060981      1.133243 
     1.431803      1.365134      1.448974      1.345333      1.219354      1.555116      1.065768      1.154080      1.054232      1.123594 
     1.432896      1.368348      1.446693      1.345378      1.214852      1.558226      1.044332      1.146814      1.052808      1.113083 
     1.434112      1.371895      1.444091      1.345703      1.209871      1.560822      1.028412      1.137094      1.056972      1.102376 
     1.435367      1.375721      1.441180      1.346290      1.204524      1.562796      1.019911      1.125456      1.066433      1.092212 
     1.436591      1.379766      1.437985      1.347114      1.198936      1.564066      1.020039      1.112614      1.080385      1.083363 
     1.437735      1.383956      1.434544      1.348141      1.193258      1.564583      1.028999      1.099461      1.097622      1.076584 
     1.438780      1.388202      1.430908      1.349330      1.187661      1.564335      1.045906      1.087065      1.116667      1.072511 
     1.439722      1.392402      1.427141      1.350627      1.182340      1.563340      1.068927      1.076560      1.135938      1.071603 
     1.440573      1.396437      1.423320      1.351970      1.177500      1.561651      1.095654      1.069049      1.153890      1.074003 
     1.441352      1.400191      1.419525      1.353294      1.173339      1.559346      1.123509      1.065422      1.169159      1.079507 
     1.442075      1.403558      1.415844      1.354535      1.170029      1.556522      1.150125      1.066133      1.180653      1.087585 
     1.442759      1.406452      1.412355      1.355632      1.167698      1.553286      1.173556      1.071151      1.187625      1.097476 
     1.443422      1.408810      1.409126      1.356536      1.166429      1.549750      1.192371      1.079980      1.189661      1.108293 
     1.444081      1.410597      1.406210      1.357215      1.166254      1.546026      1.205619      1.091763      1.186659      1.119150 
     1.444747      1.411797      1.403647      1.357648      1.167162      1.542213      1.212756      1.105422      1.178785      1.129236 
     1.445426      1.412414      1.401469      1.357831      1.169106      1.538398      1.213560      1.119813      1.166450      1.137862 
     1.446118      1.412463      1.399690      1.357772      1.172006      1.534652      1.208070      1.133851      1.150305      1.144470 
     1.446814      1.411971      1.398322      1.357488      1.175760      1.531032      1.196565      1.146554      1.131265      1.148653 
     1.447495      1.410970      1.397369      1.357006      1.180242      1.527575      1.179579      1.157094      1.110529      1.150146 
     1.448136      1.409503      1.396825      1.356360      1.185305      1.524294      1.157942      1.164798      1.089582      1.148838 
     1.448701      1.407613      1.396680      1.355592      1.190789      1.521182      1.132839      1.169158      1.070125      1.144760 
     1.449145      1.405349      1.396915      1.354747      1.196523      1.518200      1.105853      1.169846      1.053945      1.138110 
     1.449418      1.402763      1.397506      1.353873      1.202333      1.515290      1.078952      1.166717      1.042715      1.129266 
     1.449467      1.399903      1.398429      1.353018      1.208052      1.512377      1.054415      1.159833      1.037718      1.118795 
     1.449238      1.396817      1.399654      1.352231      1.213524      1.509381      1.034593      1.149451      1.039574      1.107417 
     1.448688      1.393549      1.401159      1.351555      1.218607      1.506240      1.021639      1.136066      1.048158      1.095995 
     1.447793      1.390140      1.402920      1.351034      1.223172      1.502931      1.017074      1.120434      1.062612      1.085476 
     1.446549      1.386630      1.404915      1.350705      1.227103      1.499479      1.021457      1.103604      1.081515      1.076800 
     1.444981      1.383064      1.407123      1.350603      1.230296      1.495966      1.034180      1.086886      1.103131      1.070806 
     1.443137      1.379490      1.409521      1.350756      1.232659      1.492524      1.053607      1.071789      1.125614      1.068106 
     1.441075      1.375963      1.412085      1.351183      1.234123      1.489314      1.077454      1.059843      1.147222      1.068972 
     1.438862      1.372534      1.414792      1.351892      1.234645      1.486503      1.103210      1.052355      1.166457      1.073287 
     1.436557      1.369253      1.417626      1.352881      1.234214      1.484258      1.128541      1.050180      1.182123      1.080585 
     1.434216      1.366160      1.420573      1.354139      1.232850      1.482727      1.151512      1.053545      1.193368      1.090122 
     1.431887      1.363284      1.423622      1.355644      1.230597      1.482037      1.170680      1.062034      1.199666      1.101000 
     1.429618      1.360647      1.426767      1.357371      1.227519      1.482288      1.185057      1.074706      1.200770      1.112293 
     1.427454      1.358261      1.429996      1.359286      1.223703      1.483554      1.194050      1.090282      1.196690      1.123150 
     1.425441      1.356132      1.433307      1.361351      1.219250      1.485880      1.197386      1.107352      1.187652      1.132857 
     1.423622      1.354256      1.436687      1.363525      1.214279      1.489268      1.195065      1.124528      1.174124      1.140845 
     1.422034      1.352625      1.440116      1.365762      1.208925      1.493668      1.187333      1.140562      1.156827      1.146700 
     1.420710      1.351220      1.443561      1.368011      1.203337      1.498984      1.174680      1.154407      1.136751      1.150182 
     1.419670      1.350021      1.446981      1.370217      1.197678      1.505069      1.157862      1.165260      1.115169      1.151203 
     1.418923      1.348999      1.450321      1.372328      1.192116      1.511736      1.137911      1.172557      1.093599      1.149825 
     1.418465      1.348122      1.453518      1.374291      1.186818      1.518766      1.116137      1.175972      1.073730      1.146244 
     1.418273      1.347355      1.456502      1.376059      1.181943      1.525927      1.094079      1.175394      1.057270      1.140762 
     1.418315      1.346661      1.459210      1.377592      1.177633      1.532993      1.073444      1.170904      1.045739      1.133772 
     1.418547      1.346005      1.461592      1.378857      1.174006      1.539768      1.055971      1.162756      1.040243      1.125719 
     1.418921      1.345355      1.463618      1.379831      1.171160      1.546101      1.043265      1.151348      1.041297      1.117107 
     1.419391      1.344684      1.465287      1.380494      1.169172      1.551891      1.036592      1.137228      1.048759      1.108470 
     1.419921      1.343973      1.466616      1.380837      1.168101      1.557080      1.036687      1.121125      1.061878      1.100364 
     1.420485      1.343214      1.467642      1.380853      1.167989      1.561647      1.043617      1.103968      1.079422      1.093352 
     1.421069      1.342406      1.468412      1.380546      1.168858      1.565587      1.056729      1.086899      1.099866      1.087967 
     1.421664      1.341559      1.468971      1.379925      1.170704      1.568902      1.074778      1.071256      1.121578      1.084659 
     1.422265      1.340698      1.469368      1.379013      1.173495      1.571591      1.096117      1.058462      1.142954      1.083746 
     1.422870      1.339854      1.469642      1.377844      1.177171      1.573650      1.118950      1.049876      1.162545      1.085358 
     1.423476      1.339067      1.469827      1.376459      1.181644      1.575074      1.141543      1.046568      1.179124      1.089408 
     1.424092      1.338386      1.469950      1.374908      1.186809      1.575862      1.162340      1.049127      1.191696      1.095621 
     1.424737      1.337861      1.470034      1.373246      1.192545      1.576021      1.180033      1.057574      1.199490      1.103547 
     1.425445      1.337547      1.470093      1.371532      1.198722      1.575562      1.193554      1.071355      1.201943      1.112608 
     1.426255      1.337500      1.470136      1.369831      1.205199      1.574507      1.202070      1.089453      1.198701      1.122144 
     1.427212      1.337774      1.470161      1.368211      1.211824      1.572875      1.204945      1.110525      1.189619      1.131457 
     1.428354      1.338422      1.470159      1.366745      1.218432      1.570686      1.201757      1.133059      1.174837      1.139849 
     1.429704      1.339487      1.470105      1.365510      1.224841      1.567954      1.192344      1.155504      1.154870      1.146654 
     1.431267      1.341004      1.469963      1.364580      1.230861      1.564691      1.176878      1.176351      1.130720      1.151271 
     1.433027      1.342987      1.469686      1.364028      1.236293      1.560902      1.155981      1.194225      1.103969      1.153223 
     1.434942      1.345429      1.469216      1.363913      1.240947      1.556591      1.130811      1.207928      1.076806      1.152195 
     1.436946      1.348301      1.468495      1.364280      1.244651      1.551756      1.103135      1.216518      1.051886      1.148091 
     1.438955      1.351553      1.467472      1.365153      1.247276      1.546394      1.075294      1.219353      1.032013      1.141078 
     1.440879      1.355127      1.466117      1.366535      1.248734      1.540501      1.049981      1.216096      1.019626      1.131584 
     1.442628      1.358954      1.464430      1.368413      1.248985      1.534081      1.029976      1.206738      1.016276      1.120310 
     1.444128      1.362970      1.462436      1.370759      1.248030      1.527158      1.017717      1.191597      1.022262      1.108192 
     1.445323      1.367103      1.460182      1.373531      1.245904      1.519797      1.014751      1.171340      1.036598      1.096348 
     1.446188      1.371278      1.457725      1.376672      1.242676      1.512114      1.021392      1.147076      1.057267      1.085980 
     1.446719      1.375409      1.455130      1.380105      1.238457      1.504276      1.036595      1.120409      1.081659      1.078238 
     1.446934      1.379401      1.452459      1.383734      1.233404      1.496486      1.058164      1.093427      1.107054      1.073998 
     1.446859      1.383160      1.449772      1.387451      1.227709      1.488952      1.083260      1.068504      1.131053      1.073681 
     1.446524      1.386606      1.447122      1.391146      1.221582      1.481855      1.109055      1.048015      1.151805      1.077178 
     1.445950      1.389678      1.444557      1.394719      1.215228      1.475341      1.133186      1.033956      1.168087      1.083920 
     1.445158      1.392332      1.442114      1.398087      1.208833      1.469521      1.153931      1.027595      1.179249      1.093022 
     1.444176      1.394545      1.439817      1.401186      1.202553      1.464484      1.170147      1.029255      1.185093      1.103485 
     1.443032      1.396300      1.437688      1.403964      1.196526      1.460325      1.181225      1.038364      1.185708      1.114323 
     1.441758      1.397585      1.435740      1.406373      1.190870      1.457140      1.186908      1.053616      1.181379      1.124655 
     1.440389      1.398387      1.433987      1.408367      1.185699      1.455024      1.187200      1.073262      1.172553      1.133736 
     1.438966      1.398693      1.432438      1.409903      1.181122      1.454056      1.182295      1.095403      1.159834      1.140977 
     1.437522      1.398489      1.431103      1.410941      1.177241      1.454284      1.172582      1.118218      1.144009      1.145948 
     1.436085      1.397768      1.429987      1.411443      1.174152      1.455715      1.158652      1.140097      1.126070      1.148381 
     1.434679      1.396527      1.429094      1.411382      1.171929      1.458303      1.141325      1.159710      1.107220      1.148177 
     1.433315      1.394770      1.428417      1.410738      1.170631      1.461955      1.121676      1.176040      1.088839      1.145395 
     1.431998      1.392512      1.427946      1.409510      1.170288      1.466529      1.101021      1.188346      1.072401      1.140255 
     1.430717      1.389777      1.427659      1.407704      1.170903      1.471850      1.080882      1.196139      1.059354      1.133126 
     1.429455      1.386594      1.427533      1.405341      1.172451      1.477727      1.062915      1.199153      1.050924      1.124510 
     1.428189      1.383003      1.427548      1.402451      1.174884      1.483970      1.048754      1.197311      1.047952      1.115011 
     1.426896      1.379047      1.427687      1.399072      1.178133      1.490414      1.039818      1.190698      1.050752      1.105318 
     1.425565      1.374778      1.427947      1.395251      1.182107      1.496923      1.037094      1.179581      1.059063      1.096169 
     1.424200      1.370258      1.428341      1.391046      1.186694      1.503398      1.040942      1.164437      1.072078      1.088322 
     1.422826      1.365561      1.428893      1.386531      1.191759      1.509773      1.050998      1.146009      1.088563      1.082491 
     1.421483      1.360781      1.429637      1.381794      1.197141      1.515998      1.066207      1.125351      1.107012      1.079264 
     1.420221      1.356024      1.430613      1.376938      1.202660      1.522033      1.084992      1.103852      1.125824      1.079019 
     1.419087      1.351404      1.431858      1.372076      1.208121      1.527841      1.105518      1.083179      1.143471      1.081840 
     1.418110      1.347034      1.433405      1.367315      1.213335      1.533388      1.125950      1.065129      1.158637      1.087507 
     1.417306      1.343013      1.435278      1.362750      1.218134      1.538650      1.144674      1.051403      1.170297      1.095523 
     1.416676      1.339423      1.437494      1.358457      1.222373      1.543611      1.160395      1.043364      1.177750      1.105215 
     1.416224      1.336330      1.440064      1.354492      1.225941      1.548271      1.172160      1.041825      1.180577      1.115822 
     1.415959      1.333782      1.442991      1.350896      1.228749      1.552634      1.179331      1.046948      1.178609      1.126579 
     1.415905      1.331819      1.446268      1.347699      1.230730      1.556709      1.181529      1.058236      1.171884      1.136757 
     1.416097      1.330476      1.449877      1.344926      1.231827      1.560494      1.178596      1.074642      1.160648      1.145694 
     1.416576      1.329785      1.453781      1.342600      1.231999      1.563970      1.170598      1.094747      1.145401      1.152800 
     1.417380      1.329769      1.457922      1.340743      1.231216      1.567094      1.157855      1.116947      1.126940      1.157571 
     1.418530      1.330447      1.462212      1.339370      1.229470      1.569796      1.141004      1.139603      1.106425      1.159595 
     1.420032      1.331820      1.466539      1.338495      1.226780      1.571979      1.121052      1.161168      1.085395      1.158581 
     1.421865      1.333876      1.470767      1.338117      1.223191      1.573523      1.099392      1.180276      1.065697      1.154385 
     1.423992      1.336584      1.474753      1.338228      1.218783      1.574298      1.077779      1.195785      1.049331      1.147043 
     1.426360      1.339893      1.478361      1.338806      1.213662      1.574173      1.058214      1.206806      1.038175      1.136793 
     1.428913      1.343739      1.481476      1.339820      1.207958      1.573036      1.042747      1.212702      1.033662      1.124107 
     1.431603      1.348049      1.484022      1.341226      1.201817      1.570812      1.033195      1.213069      1.036503      1.109707 
     1.434399      1.352737      1.485953      1.342974      1.195407      1.567473      1.030832      1.207747      1.046528      1.094584 
     1.437288      1.357699      1.487251      1.345006      1.188921      1.563052      1.036117      1.196849      1.062712      1.079983 
     1.440267      1.362810      1.487918      1.347247      1.182579      1.557649      1.048571      1.180836      1.083359      1.067329 
     1.443335      1.367922      1.487965      1.349614      1.176627      1.551420      1.066793      1.160576      1.106358      1.058058 
     1.446466      1.372881      1.487410      1.352012      1.171317      1.544571      1.088699      1.137364      1.129515      1.053388 
     1.449624      1.377528      1.486282      1.354347      1.166885      1.537319      1.111967      1.112937      1.150809      1.054020 
     1.452756      1.381719      1.484623      1.356533      1.163521      1.529880      1.134398      1.089305      1.168611      1.059995 
     1.455798      1.385348      1.482484      1.358500      1.161354      1.522437      1.154137      1.068533      1.181784      1.070695 
     1.458695      1.388344      1.479920      1.360200      1.160445      1.515134      1.169835      1.052505      1.189663      1.084998 
     1.461395      1.390675      1.476984      1.361610      1.160793      1.508085      1.180630      1.042662      1.191990      1.101530 
     1.463872      1.392343      1.473722      1.362726      1.162349      1.501382      1.186067      1.039757      1.188828      1.118899 
     1.466110      1.393371      1.470171      1.363557      1.165030      1.495119      1.186031      1.043791      1.180470      1.135824 
     1.468110      1.393799      1.466356      1.364125      1.168722      1.489395      1.180668      1.054032      1.167430      1.151207 
     1.469875      1.393680      1.462298      1.364458      1.173286      1.484321      1.170375      1.069173      1.150440      1.164151 
     1.471413      1.393073      1.458018      1.364589      1.178564      1.480002      1.155791      1.087553      1.130498      1.173960 
     1.472731      1.392045      1.453534      1.364553      1.184374      1.476524      1.137837      1.107379      1.108890      1.180139 
     1.473830      1.390675      1.448864      1.364388      1.190524      1.473935      1.117722      1.126947      1.087183      1.182404 
     1.474708      1.389044      1.444027      1.364132      1.196818      1.472233      1.096908      1.144782      1.067144      1.180680 
     1.475357      1.387232      1.439035      1.363818      1.203069      1.471367      1.077053      1.159728      1.050556      1.175101 
     1.475770      1.385317      1.433898      1.363481      1.209111      1.471255      1.059874      1.170960      1.039015      1.165989 
     1.475936      1.383371      1.428621      1.363146      1.214801      1.471801      1.046980      1.177945      1.033690      1.153841 
     1.475844      1.381456      1.423206      1.362838      1.220022      1.472923      1.039676      1.180407      1.035138      1.139320 
     1.475493      1.379629      1.417660      1.362578      1.224671      1.474569      1.038770      1.178278      1.043214      1.123246 
     1.474889      1.377944      1.412000      1.362385      1.228657      1.476719      1.044443      1.171687      1.057113      1.106612 
     1.474056      1.376452      1.406259      1.362276      1.231890      1.479376      1.056174      1.160980      1.075523      1.090572 
     1.473029      1.375205      1.400488      1.362265      1.234288      1.482547      1.072826      1.146764      1.096796      1.076384 
     1.471861      1.374250      1.394760      1.362366      1.235780      1.486225      1.092804      1.129943      1.119164      1.065300 
     1.470601      1.373626      1.389167      1.362585      1.236314      1.490377      1.114291      1.111730      1.140922      1.058395 
     1.469298      1.373365      1.383814      1.362925      1.235866      1.494943      1.135482      1.093595      1.160568      1.056358 
     1.467989      1.373484      1.378820      1.363383      1.234440      1.499846      1.154771      1.077151      1.176887      1.059386 
     1.466693      1.373988      1.374308      1.363949      1.232071      1.505009      1.170836      1.063983      1.188982      1.067143 
     1.465422      1.374869      1.370397      1.364607      1.228817      1.510363      1.182680      1.055443      1.196254      1.078842 
     1.464180      1.376110      1.367202      1.365339      1.224758      1.515856      1.189614      1.052463      1.198376      1.093389 
     1.462976      1.377681      1.364824      1.366119      1.219996      1.521447      1.191236      1.055382      1.195260      1.109547 
     1.461828      1.379542      1.363347      1.366914      1.214655      1.527103      1.187415      1.063898      1.187052      1.126065 
     1.460761      1.381641      1.362834      1.367687      1.208888      1.532780      1.178305      1.077114      1.174158      1.141766 
     1.459801      1.383913      1.363315      1.368393      1.202871      1.538413      1.164376      1.093676      1.157287      1.155607 
     1.458968      1.386282      1.364783      1.368984      1.196808      1.543906      1.146454      1.111993      1.137478      1.166730 
     1.458264      1.388663      1.367187      1.369409      1.190916      1.549135      1.125732      1.130431      1.116094      1.174484 
     1.457670      1.390970      1.370435      1.369620      1.185409      1.553954      1.103751      1.147507      1.094763      1.178445 
     1.457140      1.393122      1.374406      1.369577      1.180483      1.558213      1.082296      1.162002      1.075244      1.178420 
     1.456612      1.395050      1.378965      1.369246      1.176299      1.561772      1.063251      1.173017      1.059236      1.174423 
     1.456015      1.396698      1.383987      1.368601      1.172983      1.564515      1.048400      1.179970      1.048165      1.166650 
     1.455281      1.398025      1.389367      1.367625      1.170621      1.566357      1.039195      1.182543      1.043006      1.155459 
     1.454358      1.398998      1.395034      1.366311      1.169272      1.567249      1.036567      1.180644      1.044143      1.141367 
     1.453216      1.399594      1.400945      1.364658      1.168966      1.567175      1.040787      1.174379      1.051328      1.125088 
     1.451852      1.399800      1.407079      1.362678      1.169711      1.566150      1.051413      1.164066      1.063718      1.107552 
     1.450283      1.399606      1.413422      1.360397      1.171488      1.564214      1.067347      1.150266      1.080006      1.089938 
     1.448539      1.399014      1.419950      1.357859      1.174242      1.561427      1.087003      1.133827      1.098590      1.073643 
     1.446658      1.398037      1.426626      1.355130      1.177883      1.557862      1.108538      1.115901      1.117769      1.060159 
     1.444670      1.396701      1.433399      1.352289      1.182281      1.553603      1.130095      1.097902      1.135932      1.050865 
     1.442598      1.395039      1.440216      1.349426      1.187277      1.548739      1.149992      1.081405      1.151700      1.046784 
     1.440448      1.393095      1.447028      1.346634      1.192697      1.543366      1.166835      1.067973      1.164012      1.048398 
     1.438230      1.390911      1.453794      1.344003      1.198359      1.537583      1.179576      1.058975      1.172144      1.055540 
     1.435946      1.388532      1.460482      1.341618      1.204089      1.531508      1.187509      1.055372      1.175693      1.067461 
     1.433607      1.386000      1.467062      1.339555      1.209716      1.525274      1.190230      1.057556      1.174537      1.082970 
     1.431237      1.383356      1.473499      1.337887      1.215076      1.519033      1.187616      1.065288      1.168815      1.100609 
     1.428861      1.380643      1.479747      1.336676      1.220013      1.512955      1.179839      1.077728      1.158931      1.118844 
     1.426512      1.377906      1.485749      1.335970      1.224381      1.507213      1.167367      1.093574      1.145558      1.136218 
     1.424223      1.375187      1.491433      1.335804      1.228054      1.501968      1.150971      1.111262      1.129636      1.151459 
     1.422020      1.372526      1.496723      1.336195      1.230933      1.497348      1.131722      1.129197      1.112347      1.163565 
     1.419919      1.369957      1.501548      1.337142      1.232948      1.493434      1.110962      1.145930      1.095035      1.171822 
     1.417920      1.367505      1.505845      1.338628      1.234062      1.490255      1.090230      1.160277      1.079121      1.175834 
     1.416015      1.365188      1.509567      1.340626      1.234266      1.487792      1.071164      1.171361      1.065949      1.175481 
     1.414187      1.363014      1.512685      1.343101      1.233574      1.485996      1.055366      1.178605      1.056653      1.170880 
     1.412423      1.360979      1.515184      1.346024      1.232013      1.484802      1.044239      1.181687      1.052019      1.162345 
     1.410712      1.359079      1.517061      1.349363      1.229620      1.484156      1.038836      1.180489      1.052407      1.150372 
     1.409048      1.357303      1.518320      1.353089      1.226436      1.484032      1.039686      1.175055      1.057707      1.135634 
     1.407445      1.355639      1.518960      1.357172      1.222510      1.484431      1.046727      1.165596      1.067369      1.119004 
     1.405925      1.354075      1.518978      1.361572      1.217908      1.485382      1.059297      1.152521      1.080479      1.101580 
     1.404527      1.352600      1.518368      1.366238      1.212719      1.486918      1.076231      1.136476      1.095859      1.084675 
     1.403291      1.351201      1.517112      1.371104      1.207061      1.489063      1.096026      1.118387      1.112207      1.069746 
     1.402257      1.349863      1.515198      1.376092      1.201075      1.491817      1.117055      1.099485      1.128221      1.058238 
     1.401456      1.348567      1.512613      1.381114      1.194926      1.495155      1.137731      1.081238      1.142714      1.051385 
     1.400906      1.347296      1.509355      1.386081      1.188792      1.499033      1.156633      1.065234      1.154691      1.050005 
     1.400611      1.346024      1.505432      1.390906      1.182852      1.503403      1.172605      1.053046      1.163391      1.054344 
     1.400573      1.344725      1.500865      1.395508      1.177285      1.508233      1.184754      1.046022      1.168295      1.064058 
     1.400789      1.343372      1.495687      1.399808      1.172264      1.513512      1.192417      1.045053      1.169076      1.078294 
     1.401270      1.341940      1.489941      1.403729      1.167960      1.519245      1.195139      1.050436      1.165621      1.095843 
     1.402031      1.340416      1.483684      1.407197      1.164535      1.525446      1.192673      1.061799      1.158028      1.115291 
     1.403101      1.338795      1.476985      1.410136      1.162136      1.532114      1.185000      1.078141      1.146651      1.135170 
     1.404514      1.337084      1.469927      1.412479      1.160883      1.539212      1.172382      1.097971      1.132144      1.154055 
     1.406290      1.335314      1.462607      1.414170      1.160855      1.546658      1.155429      1.119530      1.115500      1.170671 
     1.408432      1.333526      1.455129      1.415174      1.162075      1.554310      1.135141      1.141009      1.098023      1.183942 
     1.410915      1.331780      1.447597      1.415481      1.164504      1.561988      1.112902      1.160740      1.081258      1.193059 
     1.413687      1.330141      1.440101      1.415111      1.168045      1.569485      1.090407      1.177314      1.066819      1.197485 
     1.416678      1.328678      1.432715      1.414106      1.172554      1.576598      1.069550      1.189668      1.056171      1.196964 
     1.419801      1.327458      1.425491      1.412528      1.177859      1.583151      1.052228      1.197078      1.050426      1.191504 
     1.422971      1.326544      1.418474      1.410442      1.183779      1.589006      1.040116      1.199119      1.050190      1.181353 
     1.426119      1.325987      1.411700      1.407921      1.190133      1.594073      1.034439      1.195636      1.055443      1.166963 
     1.429189      1.325833      1.405210      1.405038      1.196740      1.598296      1.035749      1.186723      1.065595      1.149029 
     1.432145      1.326123      1.399056      1.401867      1.203418      1.601649      1.043804      1.172744      1.079592      1.128536 
     1.434966      1.326883      1.393298      1.398488      1.209984      1.604117      1.057630      1.154393      1.096034      1.106773 
     1.437634      1.328128      1.388002      1.394986      1.216255      1.605688      1.075667      1.132743      1.113377      1.085341 
     1.440128      1.329856      1.383233      1.391446      1.222056      1.606347      1.096017      1.109261      1.130124      1.066042 
     1.442420      1.332050      1.379046      1.387950      1.227235      1.606075      1.116784      1.085760      1.144940      1.050676 
     1.444471      1.334686      1.375488      1.384566      1.231672      1.604852      1.136267      1.064257      1.156779      1.040799 
     1.446243      1.337736      1.372600      1.381349      1.235277      1.602655      1.153109      1.046794      1.164895      1.037440 
     1.447700      1.341173      1.370427      1.378335      1.237991      1.599471      1.166306      1.035206      1.168833      1.040960 
     1.448821      1.344977      1.369021      1.375555      1.239769      1.595296      1.175162      1.030847      1.168379      1.051014 
     1.449603      1.349126      1.368444      1.373030      1.240578      1.590150      1.179247      1.034378      1.163530      1.066657 
     1.450062      1.353595      1.368764      1.370783      1.240390      1.584088      1.178355      1.045626      1.154488      1.086497 
     1.450231      1.358345      1.370038      1.368838      1.239187      1.577206      1.172522      1.063581      1.141706      1.108875 
     1.450149      1.363314      1.372295      1.367220      1.236972      1.569648      1.162073      1.086549      1.125942      1.132011 
     1.449852      1.368415      1.375522      1.365951      1.233785      1.561594      1.147668      1.112400      1.108310      1.154149 
     1.449364      1.373544      1.379649      1.365047      1.229707      1.553249      1.130344      1.138873      1.090243      1.173688 
     1.448690      1.378582      1.384555      1.364505      1.224866      1.544810      1.111454      1.163827      1.073430      1.189340 
     1.447827      1.383412      1.390085      1.364306      1.219425      1.536449      1.092594      1.185485      1.059558      1.200160 
     1.446752      1.387934      1.396077      1.364417      1.213564      1.528292      1.075447      1.202547      1.050068      1.205600 
     1.445444      1.392064      1.402386      1.364786      1.207471      1.520432      1.061567      1.214154      1.045954      1.205475 
     1.443881      1.395735      1.408894      1.365357      1.201328      1.512939      1.052230      1.219852      1.047578      1.199891 
     1.442051      1.398892      1.415520      1.366067      1.195311      1.505883      1.048258      1.219498      1.054661      1.189220 
     1.439956      1.401486      1.422205      1.366849      1.189594      1.499348      1.049903      1.213201      1.066347      1.174068 
     1.437617      1.403475      1.428900      1.367639      1.184345      1.493444      1.056805      1.201319      1.081367      1.155297 
     1.435078      1.404817      1.435554      1.368375      1.179729      1.488290      1.068062      1.184473      1.098228      1.134056 
     1.432393      1.405482      1.442105      1.368996      1.175894      1.484003      1.082386      1.163583      1.115401      1.111769 
     1.429628      1.405451      1.448483      1.369456      1.172964      1.480667      1.098309      1.139893      1.131495      1.090095 
     1.426842      1.404728      1.454609      1.369719      1.171020      1.478314      1.114380      1.114933      1.145354      1.070768 
     1.424085      1.403330      1.460410      1.369766      1.170101      1.476920      1.129330      1.090447      1.156119      1.055403 
     1.421391      1.401289      1.465836      1.369588      1.170201      1.476418      1.142162      1.068298      1.163265      1.045323 
     1.418776      1.398645      1.470850      1.369190      1.171283      1.476723      1.152178      1.050315      1.166530      1.041338 
     1.416247      1.395442      1.475438      1.368584      1.173287      1.477760      1.158917      1.038095      1.165870      1.043657 
     1.413807      1.391723      1.479600      1.367790      1.176137      1.479481      1.162126      1.032806      1.161411      1.051877 
     1.411462      1.387539      1.483344      1.366830      1.179746      1.481874      1.161704      1.034974      1.153431      1.065080 
     1.409230      1.382951      1.486678      1.365731      1.184009      1.484957      1.157706      1.044380      1.142373      1.081967 
     1.407146      1.378035      1.489603      1.364523      1.188799      1.488757      1.150361      1.060058      1.128880      1.101029 
     1.405258      1.372892      1.492111      1.363243      1.193966      1.493284      1.140106      1.080443      1.113832      1.120683 
     1.403620      1.367640      1.494184      1.361927      1.199339      1.498506      1.127615      1.103615      1.098338      1.139417 
     1.402280      1.362413      1.495802      1.360614      1.204731      1.504345      1.113788      1.127570      1.083670      1.155904 
     1.401276      1.357343      1.496944      1.359337      1.209960      1.510680      1.099697      1.150454      1.071137      1.169083 
     1.400628      1.352554      1.497596      1.358123      1.214859      1.517368      1.086496      1.170725      1.061912      1.178200 
     1.400338      1.348148      1.497750      1.356990      1.219290      1.524269      1.075312      1.187209      1.056875      1.182792 
     1.400402      1.344210      1.497404      1.355950      1.223140      1.531266      1.067125      1.199076      1.056496      1.182660 
     1.400812      1.340806      1.496564      1.355011      1.226324      1.538274      1.062671      1.205776      1.060782      1.177818 
     1.401566      1.337988      1.495231      1.354176      1.228774      1.545241      1.062365      1.206980      1.069307      1.168472 
     1.402668      1.335803      1.493405      1.353446      1.230435      1.552141      1.066254      1.202538      1.081285      1.155029 
     1.404134      1.334289      1.491080      1.352823      1.231262      1.558952      1.074008      1.192480      1.095674      1.138121 
     1.405981      1.333483      1.488241      1.352310      1.231223      1.565650      1.084959      1.177062      1.111287      1.118665 
     1.408223      1.333409      1.484864      1.351913      1.230295      1.572190      1.098161      1.156831      1.126899      1.097906 
     1.410861      1.334084      1.480915      1.351635      1.228477      1.578505      1.112502      1.132712      1.141317      1.077406 
     1.413878      1.335511      1.476352      1.351484      1.225788      1.584500      1.126818      1.106076      1.153459      1.058958 
     1.417232      1.337678      1.471128      1.351462      1.222266      1.590065      1.139971      1.078756      1.162416      1.044422 
     1.420859      1.340561      1.465197      1.351568      1.217969      1.595083      1.150949      1.053004      1.167513      1.035457 
     1.424681      1.344128      1.458515      1.351800      1.212970      1.599448      1.158900      1.031362      1.168288      1.033250 
     1.428620      1.348345      1.451053      1.352151      1.207349      1.603073      1.163144      1.016374      1.164520      1.038319 
     1.432609      1.353172      1.442799      1.352610      1.201201      1.605895      1.163194      1.010209      1.156202      1.050409 
     1.436612      1.358560      1.433769      1.353158      1.194644      1.607883      1.158771      1.014205      1.143600      1.068574 
     1.440621      1.364434      1.424025      1.353770      1.187839      1.609033      1.149869      1.028499      1.127309      1.091285 
     1.444650      1.370671      1.413693      1.354403      1.181005      1.609366      1.136852      1.051879      1.108380      1.116613 
     1.448708      1.377097      1.402974      1.355000      1.174431      1.608925      1.120558      1.081949      1.088388      1.142394 
     1.452782      1.383488      1.392139      1.355490      1.168447      1.607763      1.102337      1.115597      1.069364      1.166475 
     1.456830      1.389599      1.381476      1.355800      1.163377      1.605937      1.083964      1.149618      1.053465      1.186953 
     1.460787      1.395211      1.371260      1.355860      1.159491      1.603498      1.067367      1.181181      1.042642      1.202426 
     1.464583      1.400159      1.361710      1.355614      1.156971      1.600490      1.054335      1.208153      1.038219      1.212065 
     1.468164      1.404338      1.352985      1.355022      1.155905      1.596955      1.046262      1.229143      1.040642      1.215537 
     1.471491      1.407697      1.345207      1.354067      1.156308      1.592941      1.043953      1.243364      1.049505      1.212898 
     1.474547      1.410224      1.338483      1.352743      1.158132      1.588513      1.047555      1.250450      1.063702      1.204474 
     1.477327      1.411929      1.332912      1.351070      1.161287      1.583757      1.056557      1.250314      1.081683      1.190802 
     1.479836      1.412840      1.328588      1.349087      1.165632      1.578784      1.069918      1.243097      1.101701      1.172649 
     1.482078      1.412997      1.325598      1.346852      1.170992      1.573714      1.086217      1.229162      1.122030      1.151053 
     1.484055      1.412453      1.323993      1.344441      1.177149      1.568672      1.103870      1.209147      1.141095      1.127361 
     1.485760      1.411279      1.323792      1.341946      1.183860      1.563761      1.121316      1.184014      1.157598      1.103216 
     1.487183      1.409551      1.324960      1.339463      1.190869      1.559053      1.137190      1.155094      1.170559      1.080481 
     1.488304      1.407353      1.327424      1.337090      1.197927      1.554578      1.150417      1.124095      1.179326      1.061053 
     1.489100      1.404768      1.331074      1.334916      1.204815      1.550319      1.160226      1.093049      1.183576      1.046640 
     1.489541      1.401870      1.335799      1.333014      1.211349      1.546220      1.166147      1.064225      1.183269      1.038508 
     1.489596      1.398722      1.341493      1.331447      1.217388      1.542212      1.167975      1.039999      1.178567      1.037285 
     1.489236      1.395372      1.348072      1.330262      1.222822      1.538228      1.165708      1.022612      1.169805      1.042887 
     1.488438      1.391860      1.355471      1.329499      1.227570      1.534232      1.159508      1.013815      1.157447      1.054577 
     1.487193      1.388220      1.363637      1.329192      1.231564      1.530233      1.149698      1.014539      1.142117      1.071112 
     1.485508      1.384486      1.372502      1.329371      1.234741      1.526295      1.136796      1.024652      1.124642      1.090931 
     1.483410      1.380701      1.381976      1.330060      1.237039      1.522521      1.121558      1.042922      1.106103      1.112343 
     1.480940      1.376922      1.391923      1.331267      1.238403      1.519029      1.105012      1.067254      1.087833      1.133657 
     1.478147      1.373215      1.402168      1.332987      1.238796      1.515931      1.088456      1.095100      1.071377      1.153308 
     1.475074      1.369650      1.412520      1.335192      1.238206      1.513298      1.073341      1.123852      1.058278      1.169963 
     1.471759      1.366291      1.422795      1.337838      1.236651      1.511155      1.061098      1.151193      1.049858      1.182626 
     1.468229      1.363192      1.432844      1.340868      1.234178      1.509502      1.052951      1.175281      1.046986      1.190614 
     1.464503      1.360394      1.442562      1.344222      1.230850      1.508333      1.049729      1.194761      1.049938      1.193550 
     1.460601      1.357924      1.451884      1.347835      1.226745      1.507653      1.051749      1.208722      1.058354      1.191315 
     1.456552      1.355798      1.460773      1.351642      1.221957      1.507483      1.058800      1.216607      1.071327      1.184026 
     1.452399      1.354024      1.469197      1.355570      1.216600      1.507858      1.070150      1.218129      1.087559      1.172051 
     1.448199      1.352603      1.477124      1.359540      1.210808      1.508809      1.084669      1.213261      1.105547      1.156039 
     1.444024      1.351522      1.484505      1.363466      1.204743      1.510349      1.100998      1.202254      1.123735      1.136927 
     1.439952      1.350760      1.491279      1.367255      1.198590      1.512458      1.117708      1.185674      1.140677      1.115999 
     1.436057      1.350283      1.497379      1.370816      1.192547      1.515074      1.133465      1.164440      1.155119      1.094821 
     1.432397      1.350047      1.502735      1.374067      1.186810      1.518099      1.147118      1.139809      1.166104      1.075159 
     1.429008      1.349998      1.507290      1.376937      1.181563      1.521403      1.157748      1.113352      1.172973      1.058784 
     1.425898      1.350081      1.510997      1.379373      1.176964      1.524846      1.164749      1.086941      1.175340      1.047221 
     1.423051      1.350244      1.513831      1.381338      1.173143      1.528298      1.167749      1.062629      1.173103      1.041588 
     1.420427      1.350444      1.515784      1.382806      1.170202      1.531647      1.166595      1.042521      1.166389      1.042388 
     1.417975      1.350640      1.516869      1.383763      1.168215      1.534807      1.161296      1.028534      1.155540      1.049471 
     1.415645      1.350805      1.517107      1.384200      1.167239      1.537723      1.152046      1.022167      1.141101      1.062079 
     1.413399      1.350924      1.516526      1.384112      1.167313      1.540366      1.139260      1.024198      1.123868      1.079000 
     1.411226      1.350988      1.515152      1.383498      1.168455      1.542720      1.123610      1.034515      1.104906      1.098733 
     1.409135      1.351004      1.513009      1.382372      1.170656      1.544768      1.106059      1.052058      1.085592      1.119647 
     1.407152      1.350987      1.510124      1.380759      1.173873      1.546491      1.087923      1.075053      1.067587      1.140126 
     1.405312      1.350965      1.506521      1.378700      1.178019      1.547860      1.070793      1.101315      1.052679      1.158688 
     1.403644      1.350974      1.502233      1.376257      1.182971      1.548838      1.056377      1.128582      1.042531      1.174077 
     1.402172      1.351054      1.497295      1.373498      1.188578      1.549393      1.046284      1.154806      1.038397      1.185324 
     1.400909      1.351249      1.491753      1.370506      1.194671      1.549518      1.041755      1.178296      1.040884      1.191779 
     1.399877      1.351599      1.485665      1.367365      1.201073      1.549235      1.043470      1.197747      1.049813      1.193069 
     1.399103      1.352141      1.479103      1.364165      1.207602      1.548601      1.051397      1.212193      1.064291      1.189087 
     1.398623      1.352903      1.472161      1.361002      1.214069      1.547706      1.064819      1.220956      1.082877      1.179996 
     1.398475      1.353908      1.464950      1.357981      1.220277      1.546663      1.082411      1.223629      1.103780      1.166240 
     1.398694      1.355161      1.457594      1.355207      1.226029      1.545592      1.102495      1.220070      1.125135      1.148608 
     1.399301      1.356652      1.450228      1.352781      1.231134      1.544601      1.123260      1.210443      1.145205      1.128258 
     1.400298      1.358356      1.442971      1.350798      1.235426      1.543772      1.142998      1.195239      1.162509      1.106688 
     1.401663      1.360240      1.435926      1.349334      1.238775      1.543152      1.160253      1.175286      1.175919      1.085646 
     1.403355      1.362258      1.429169      1.348442      1.241091      1.542743      1.173928      1.151738      1.184702      1.066986 
     1.405311      1.364364      1.422753      1.348152      1.242327      1.542515      1.183294      1.126060      1.188496      1.052440 
     1.407461      1.366514      1.416721      1.348468      1.242477      1.542411      1.187958      1.099979      1.187265      1.043398 
     1.409729      1.368666      1.411105      1.349380      1.241561      1.542363      1.187816      1.075419      1.181225      1.040664 
     1.412034      1.370782      1.405943      1.350860      1.239624      1.542305      1.182985      1.054382      1.170817      1.044355 
     1.414300      1.372827      1.401282      1.352873      1.236727      1.542188      1.173782      1.038770      1.156680      1.053903 
     1.416464      1.374769      1.397167      1.355373      1.232942      1.541982      1.160698      1.030086      1.139646      1.068186 
     1.418481      1.376572      1.393649      1.358299      1.228361      1.541684      1.144443      1.029182      1.120759      1.085738 
     1.420326      1.378202      1.390768      1.361584      1.223094      1.541310      1.125954      1.036056      1.101272      1.104943 
     1.421994      1.379620      1.388551      1.365147      1.217270      1.540899      1.106419      1.049820      1.082634      1.124225 
     1.423494      1.380788      1.387002      1.368898      1.211039      1.540489      1.087260      1.068904      1.066378      1.142167 
     1.424832      1.381668      1.386113      1.372739      1.204565      1.540106      1.070028      1.091338      1.053973      1.157579 
     1.426011      1.382225      1.385865      1.376569      1.198021      1.539768      1.056250      1.115089      1.046610      1.169568 
     1.427033      1.382424      1.386238      1.380292      1.191575      1.539486      1.047259      1.138316      1.045025      1.177504 
     1.427893      1.382235      1.387221      1.383816      1.185393      1.539275      1.044000      1.159486      1.049383      1.180998 
     1.428592      1.381627      1.388812      1.387053      1.179630      1.539171      1.046885      1.177393      1.059257      1.179862 
     1.429134      1.380570      1.391019      1.389922      1.174440      1.539227      1.055709      1.191097      1.073729      1.174094 
     1.429534      1.379031      1.393855      1.392341      1.169976      1.539518      1.069735      1.199911      1.091554      1.163881 
     1.429813      1.376983      1.397330      1.394231      1.166386      1.540129      1.087787      1.203347      1.111311      1.149637 
     1.429997      1.374408      1.401441      1.395519      1.163814      1.541126      1.108406      1.201093      1.131486      1.132041 
     1.430110      1.371301      1.406171      1.396141      1.162380      1.542554      1.130019      1.193071      1.150657      1.112114 
     1.430178      1.367675      1.411478      1.396054      1.162173      1.544420      1.151088      1.179466      1.167528      1.091228 
     1.430215      1.363560      1.417304      1.395237      1.163238      1.546691      1.170205      1.160805      1.180978      1.071091 
     1.430226      1.359011      1.423570      1.393694      1.165573      1.549294      1.186164      1.137989      1.190107      1.053625 
     1.430206      1.354096      1.430192      1.391453      1.169123      1.552129      1.197989      1.112328      1.194271      1.040752 
     1.430135      1.348902      1.437080      1.388567      1.173787      1.555073      1.204926      1.085592      1.193043      1.034050 
     1.429980      1.343532      1.444147      1.385106      1.179423      1.558010      1.206448      1.059996      1.186268      1.034487 
     1.429693      1.338100      1.451314      1.381160      1.185853      1.560830      1.202234      1.038039      1.174107      1.042217 
     1.429228      1.332734      1.458502      1.376832      1.192864      1.563442      1.192225      1.022233      1.157085      1.056499 
     1.428540      1.327574      1.465633      1.372238      1.200215      1.565771      1.176686      1.014638      1.136137      1.075831 
     1.427610      1.322765      1.472613      1.367509      1.207645      1.567754      1.156310      1.016372      1.112661      1.098216 
     1.426439      1.318456      1.479335      1.362786      1.214875      1.569336      1.132292      1.027239      1.088506      1.121478 
     1.425052      1.314782      1.485678      1.358209      1.221632      1.570454      1.106354      1.045706      1.065900      1.143544 
     1.423482      1.311858      1.491521      1.353912      1.227670      1.571040      1.080649      1.069354      1.047168      1.162645 
     1.421755      1.309757      1.496760      1.350003      1.232794      1.571021      1.057555      1.095450      1.034352      1.177472 
     1.419885      1.308521      1.501330      1.346563      1.236868      1.570338      1.039362      1.121476      1.028828      1.187215 
     1.417877      1.308158      1.505210      1.343641      1.239815      1.568956      1.027939      1.145422      1.031089      1.191510 
     1.415737      1.308661      1.508417      1.341265      1.241598      1.566884      1.024457      1.165848      1.040681      1.190322 
     1.413489      1.310014      1.510990      1.339449      1.242205      1.564172      1.029210      1.181790      1.056381      1.183871 
     1.411186      1.312195      1.512979      1.338208      1.241638      1.560912      1.041568      1.192650      1.076476      1.172595 
     1.408907      1.315168      1.514428      1.337557      1.239916      1.557226      1.060125      1.198096      1.099020      1.157159 
     1.406746      1.318883      1.515373      1.337504      1.237084      1.553250      1.082957      1.198030      1.122062      1.138498 
     1.404800      1.323267      1.515833      1.338049      1.233216      1.549126      1.107922      1.192588      1.143811      1.117858 
     1.403153      1.328227      1.515812      1.339181      1.228422      1.544977      1.132937      1.182146      1.162751      1.096769 
     1.401865      1.333651      1.515302      1.340871      1.222847      1.540903      1.156182      1.167349      1.177715      1.076968 
     1.400971      1.339420      1.514285      1.343075      1.216662      1.536968      1.176212      1.149102      1.187906      1.060246 
     1.400479      1.345407      1.512741      1.345738      1.210057      1.533207      1.191980      1.128565      1.192881      1.048222 
     1.400373      1.351491      1.510656      1.348793      1.203228      1.529624      1.202798      1.107100      1.192508      1.042081 
     1.400620      1.357554      1.508028      1.352169      1.196376      1.526212      1.208287      1.086258      1.186931      1.042402 
     1.401175      1.363485      1.504875      1.355788      1.189703      1.522956      1.208318      1.067693      1.176537      1.049050 
     1.401989      1.369177      1.501231      1.359567      1.183410      1.519846      1.202977      1.053018      1.161949      1.061212 
     1.403017      1.374522      1.497142      1.363423      1.177692      1.516882      1.192551      1.043602      1.144037      1.077570 
     1.404219      1.379418      1.492663      1.367265      1.172739      1.514074      1.177557      1.040345      1.123933      1.096503 
     1.405573      1.383768      1.487844      1.371007      1.168722      1.511447      1.158784      1.043497      1.103023      1.116323 
     1.407065      1.387489      1.482728      1.374567      1.165784      1.509030      1.137284      1.052587      1.082914      1.135454 
     1.408693      1.390515      1.477350      1.377873      1.164025      1.506853      1.114386      1.066516      1.065315      1.152540 
     1.410457      1.392806      1.471733      1.380868      1.163501      1.504940      1.091656      1.083749      1.051845      1.166504 
     1.412359      1.394344      1.465896      1.383517      1.164220      1.503306      1.070824      1.102624      1.043817      1.176571 
     1.414398      1.395135      1.459858      1.385801      1.166147      1.501962      1.053633      1.121551      1.042014      1.182250 
     1.416572      1.395208      1.453641      1.387717      1.169210      1.500926      1.041644      1.139139      1.046574      1.183298 
     1.418882      1.394604      1.447273      1.389275      1.173311      1.500227      1.036033      1.154246      1.056978      1.179678 
     1.421327      1.393378      1.440795      1.390495      1.178329      1.499919      1.037374      1.165974      1.072171      1.171555 
     1.423915      1.391593      1.434257      1.391397      1.184117      1.500070      1.045552      1.173659      1.090728      1.159305 
     1.426648      1.389325      1.427718      1.392006      1.190504      1.500757      1.059714      1.176858      1.111039      1.143562 
     1.429523      1.386666      1.421248      1.392346      1.197295      1.502043      1.078400      1.175355      1.131481      1.125266 
     1.432532      1.383715      1.414917      1.392443      1.204271      1.503959      1.099814      1.169212      1.150542      1.105665 
     1.435658      1.380583      1.408794      1.392322      1.211207      1.506494      1.122072      1.158779      1.166931      1.086281 
     1.438873      1.377379      1.402942      1.392006      1.217884      1.509589      1.143427      1.144718      1.179633      1.068771 
     1.442148      1.374206      1.397408      1.391515      1.224111      1.513153      1.162406      1.127960      1.187946      1.054756 
     1.445446      1.371154      1.392229      1.390865      1.229725      1.517069      1.177874      1.109669      1.191460      1.045617 
     1.448734      1.368299      1.387433      1.390064      1.234601      1.521223      1.189019      1.091197      1.190027      1.042258 
     1.451983      1.365699      1.383054      1.389118      1.238643      1.525520      1.195310      1.074022      1.183728      1.044981 
     1.455163      1.363404      1.379126      1.388025      1.241778      1.529890      1.196431      1.059644      1.172844      1.053457 
     1.458248      1.361458      1.375688      1.386779      1.243947      1.534283      1.192245      1.049432      1.157858      1.066820 
     1.461218      1.359899      1.372785      1.385371      1.245099      1.538671      1.182808      1.044471      1.139497      1.083809 
     1.464056      1.358759      1.370459      1.383789      1.245195      1.543036      1.168419      1.045368      1.118768      1.102942 
     1.466759      1.358069      1.368747      1.382026      1.244209      1.547359      1.149675      1.052107      1.097004      1.122669 
     1.469324      1.357847      1.367680      1.380072      1.242134      1.551606      1.127558      1.064030      1.075861      1.141502 
     1.471746      1.358105      1.367266      1.377926      1.238986      1.555723      1.103489      1.079935      1.057219      1.158112 
     1.474012      1.358841      1.367499      1.375582      1.234811      1.559629      1.079306      1.098265      1.042977      1.171401 
     1.476093      1.360043      1.368360      1.373038      1.229678      1.563225      1.057166      1.117345      1.034764      1.180538 
     1.477947      1.361684      1.369829      1.370289      1.223681      1.566413      1.039339      1.135585      1.033642      1.184975 
     1.479520      1.363731      1.371893      1.367322      1.216928      1.569104      1.027901      1.151612      1.039886      1.184433 
     1.480763      1.366140      1.374550      1.364122      1.209548      1.571239      1.024391      1.164326      1.052952      1.178878 
     1.481641      1.368855      1.377804      1.360673      1.201697      1.572796      1.029481      1.172897      1.071596      1.168526 
     1.482148      1.371805      1.381658      1.356961      1.193569      1.573782      1.042803      1.176762      1.094089      1.153880 
     1.482304      1.374895      1.386089      1.352989      1.185407      1.574233      1.062981      1.175641      1.118452      1.135796 
     1.482153      1.378014      1.391042      1.348769      1.177501      1.574192      1.087892      1.169573      1.142659      1.115505 
     1.481751      1.381034      1.396423      1.344335      1.170164      1.573708      1.115072      1.158952      1.164858      1.094615 
     1.481149      1.383826      1.402107      1.339736      1.163703      1.572820      1.142108      1.144526      1.183523      1.074973 
     1.480389      1.386275      1.407955      1.335024      1.158381      1.571553      1.166941      1.127355      1.197542      1.058457 
     1.479491      1.388290      1.413840      1.330249      1.154397      1.569917      1.188017      1.108731      1.206215      1.046711 
     1.478458      1.389806      1.419663      1.325459      1.151881      1.567911      1.204270      1.090102      1.209207      1.040884 
     1.477271      1.390783      1.425363      1.320698      1.150898      1.565529      1.215042      1.072993      1.206462      1.041493 
     1.475905      1.391201      1.430913      1.316017      1.151465      1.562771      1.219977      1.058889      1.198125      1.048408 
     1.474327      1.391058      1.436316      1.311477      1.153553      1.559640      1.218918      1.049137      1.184526      1.060869 
     1.472508      1.390362      1.441591      1.307153      1.157095      1.556150      1.211879      1.044777      1.166210      1.077644 
     1.470428      1.389140      1.446753      1.303140      1.161981      1.552328      1.199069      1.046380      1.144001      1.097203 
     1.468088      1.387430      1.451796      1.299561      1.168049      1.548210      1.180974      1.053887      1.119116      1.117875 
     1.465501      1.385296      1.456684      1.296549      1.175077      1.543841      1.158468      1.066586      1.093245      1.137999 
     1.462685      1.382820      1.461358      1.294238      1.182793      1.539266      1.132863      1.083183      1.068527      1.156044 
     1.459670      1.380098      1.465728      1.292748      1.190891      1.534516      1.105955      1.102030      1.047367      1.170729 
     1.456477      1.377230      1.469705      1.292168      1.199057      1.529607      1.079915      1.121382      1.032087      1.181089 
     1.453112      1.374315      1.473216      1.292552      1.207005      1.524540      1.057099      1.139642      1.024471      1.186521 
     1.449575      1.371443      1.476222      1.293921      1.214492      1.519316      1.039732      1.155484      1.025385      1.186754 
     1.445866      1.368691      1.478719      1.296268      1.221322      1.513962      1.029624      1.167912      1.034619      1.181815 
     1.441998      1.366126      1.480729      1.299565      1.227342      1.508551      1.027833      1.176230      1.050985      1.171996 
     1.438014      1.363807      1.482283      1.303766      1.232428      1.503202      1.034471      1.180013      1.072587      1.157854 
     1.433980      1.361790      1.483409      1.308802      1.236478      1.498083      1.048624      1.179081      1.097175      1.140241 
     1.429982      1.360126      1.484124      1.314577      1.239415      1.493378      1.068563      1.173517      1.122469      1.120334 
     1.426113      1.358856      1.484427      1.320972      1.241192      1.489256      1.092057      1.163686      1.146413      1.099627 
     1.422454      1.358011      1.484308      1.327848      1.241797      1.485841      1.116785      1.150237      1.167310      1.079825 
     1.419068      1.357603      1.483751      1.335069      1.241260      1.483194      1.140665      1.134078      1.183907      1.062682 
     1.415993      1.357629      1.482745      1.342501      1.239640      1.481311      1.162025      1.116328      1.195402      1.049779 
     1.413239      1.358073      1.481282      1.350043      1.237021      1.480145      1.179666      1.098257      1.201381      1.042293 
     1.410798      1.358911      1.479362      1.357617      1.233495      1.479627      1.192808      1.081212      1.201737      1.040829 
     1.408655      1.360113      1.476998      1.365158      1.229160      1.479684      1.200967      1.066531      1.196603      1.045355 
     1.406788      1.361645      1.474214      1.372617      1.224119      1.480262      1.203903      1.055452      1.186320      1.055246 
     1.405184      1.363463      1.471038      1.379947      1.218485      1.481323      1.201557      1.048975      1.171416      1.069390 
     1.403841      1.365521      1.467501      1.387094      1.212381      1.482848      1.194045      1.047721      1.152656      1.086366 
     1.402771      1.367760      1.463640      1.393994      1.205956      1.484828      1.181693      1.051807      1.131086      1.104624 
     1.402002      1.370111      1.459493      1.400567      1.199380      1.487254      1.165091      1.060797      1.108085      1.122630 
     1.401568      1.372497      1.455095      1.406723      1.192845      1.490102      1.145139      1.073749      1.085348      1.138981 
     1.401506      1.374833      1.450481      1.412369      1.186557      1.493326      1.123070      1.089362      1.064791      1.152499 
     1.401847      1.377036      1.445682      1.417413      1.180724      1.496856      1.100429      1.106165      1.048359      1.162297 
     1.402605      1.379027      1.440725      1.421778      1.175535      1.500605      1.078978      1.122714      1.037741      1.167795 
     1.403779      1.380742      1.435640      1.425401      1.171158      1.504487      1.060564      1.137734      1.034092      1.168716 
     1.405357      1.382128      1.430457      1.428234      1.167727      1.508427      1.046925      1.150188      1.037800      1.165051 
     1.407319      1.383148      1.425211      1.430245      1.165353      1.512376      1.039472      1.159277      1.048464      1.157048 
     1.409649      1.383775      1.419955      1.431406      1.164116      1.516304      1.039070      1.164439      1.064994      1.145190 
     1.412333      1.383996      1.414752      1.431699      1.164072      1.520199      1.045849      1.165335      1.085820      1.130210 
     1.415362      1.383812      1.409678      1.431117      1.165241      1.524047      1.059164      1.161859      1.109115      1.113123 
     1.418726      1.383239      1.404815      1.429670      1.167605      1.527824      1.077682      1.154167      1.133007      1.095239 
     1.422408      1.382313      1.400246      1.427394      1.171091      1.531480      1.099599      1.142703      1.155730      1.078106 
     1.426378      1.381082      1.396048      1.424349      1.175580      1.534948      1.122941      1.128224      1.175770      1.063376 
     1.430596      1.379608      1.392281      1.420624      1.180905      1.538144      1.145814      1.111772      1.191938      1.052584 
     1.435004      1.377957      1.388998      1.416322      1.186877      1.540989      1.166584      1.094624      1.203389      1.046905 
     1.439540      1.376196      1.386247      1.411549      1.193297      1.543416      1.183960      1.078200      1.209606      1.046962 
     1.444139      1.374382      1.384073      1.406410      1.199972      1.545382      1.197003      1.063955      1.210348      1.052734 
     1.448742      1.372568      1.382531      1.401005      1.206717      1.546868      1.205074      1.053243      1.205601      1.063594 
     1.453302      1.370791      1.381680      1.395427      1.213365      1.547880      1.207784      1.047163      1.195539      1.078449 
     1.457784      1.369088      1.381581      1.389768      1.219755      1.548440      1.204960      1.046398      1.180535      1.095937 
     1.462163      1.367483      1.382293      1.384118      1.225735      1.548586      1.196641      1.051111      1.161191      1.114580 
     1.466425      1.365997      1.383860      1.378573      1.231157      1.548360      1.183107      1.060884      1.138421      1.132947 
     1.470556      1.364644      1.386298      1.373233      1.235876      1.547801      1.164934      1.074784      1.113508      1.149717 
     1.474535      1.363434      1.389587      1.368204      1.239758      1.546932      1.143058      1.091509      1.088141      1.163757 
     1.478329      1.362367      1.393669      1.363590      1.242687      1.545750      1.118801      1.109562      1.064372      1.174164 
     1.481891      1.361440      1.398463      1.359482      1.244568      1.544221      1.093859      1.127445      1.044443      1.180286 
     1.485155      1.360640      1.403871      1.355955      1.245340      1.542281      1.070230      1.143816      1.030489      1.181731 
     1.488051      1.359953      1.409811      1.353066      1.244961      1.539853      1.050065      1.157571      1.024180      1.178341 
     1.490505      1.359359      1.416220      1.350853      1.243412      1.536860      1.035453      1.167853      1.026408      1.170180 
     1.492449      1.358837      1.423074      1.349343      1.240684      1.533257      1.028137      1.174031      1.037114      1.157527 
     1.493825      1.358365      1.430364      1.348556      1.236784      1.529043      1.029217      1.175684      1.055306      1.140912 
     1.494599      1.357921      1.438077      1.348503      1.231748      1.524283      1.038859      1.172584      1.079264      1.121218 
     1.494752      1.357479      1.446163      1.349181      1.225660      1.519103      1.056195      1.164764      1.106775      1.099761 
     1.494284      1.357019      1.454517      1.350560      1.218668      1.513681      1.079426      1.152591      1.135405      1.078313 
     1.493207      1.356517      1.462978      1.352574      1.210996      1.508219      1.106144      1.136824      1.162779      1.058993 
     1.491539      1.355948      1.471359      1.355126      1.202922      1.502908      1.133766      1.118608      1.186824      1.043966 
     1.489298      1.355287      1.479479      1.358092      1.194753      1.497903      1.159944      1.099391      1.205950      1.035037 
     1.486496      1.354505      1.487200      1.361337      1.186784      1.493309      1.182804      1.080793      1.219095      1.033267 
     1.483136      1.353571      1.494445      1.364727      1.179287      1.489195      1.201007      1.064445      1.225690      1.038795 
     1.479215      1.352452      1.501183      1.368142      1.172494      1.485602      1.213687      1.051839      1.225543      1.050869 
     1.474724      1.351116      1.507424      1.371473      1.166607      1.482565      1.220335      1.044169      1.218746      1.068079 
     1.469662      1.349534      1.513189      1.374627      1.161799      1.480123      1.220711      1.042179      1.205619      1.088653 
     1.464041      1.347681      1.518497      1.377519      1.158218      1.478317      1.214793      1.046038      1.186721      1.110707 
     1.457891      1.345545      1.523355      1.380080      1.155982      1.477190      1.202788      1.055318      1.162920      1.132442 
     1.451270      1.343128      1.527746      1.382248      1.155172      1.476769      1.185191      1.069037      1.135487      1.152228 
     1.444262      1.340453      1.531632      1.383979      1.155820      1.477054      1.162858      1.085802      1.106179      1.168673 
     1.436978      1.337569      1.534955      1.385250      1.157891      1.477995      1.137082      1.104009      1.077257      1.180671 
     1.429539      1.334543      1.537651      1.386056      1.161287      1.479494      1.109603      1.122048      1.051347      1.187437 
     1.422059      1.331461      1.539657      1.386417      1.165851      1.481411      1.082550      1.138465      1.031135      1.188541 
     1.414634      1.328412      1.540924      1.386368      1.171385      1.483594      1.058297      1.152087      1.018900      1.183893 
     1.407337      1.325490      1.541428      1.385957      1.177675      1.485908      1.039204      1.162044      1.016058      1.173738 
     1.400224      1.322786      1.541168      1.385236      1.184501      1.488265      1.027324      1.167761      1.022844      1.158649 
     1.393351      1.320391      1.540166      1.384256      1.191644      1.490632      1.024044      1.168933      1.038289      1.139537 
     1.386792      1.318396      1.538464      1.383070      1.198883      1.493015      1.029761      1.165514      1.060449      1.117682 
     1.380651      1.316891      1.536110      1.381730      1.205987      1.495439      1.043749      1.157743      1.086807      1.094764 
     1.375054      1.315958      1.533157      1.380291      1.212726      1.497911      1.064284      1.146171      1.114691      1.072808 
     1.370133      1.315660      1.529655      1.378809      1.218880      1.500407      1.089018      1.131662      1.141634      1.053990 
     1.365998      1.316039      1.525653      1.377333      1.224265      1.502866      1.115454      1.115344      1.165634      1.040308 
     1.362721      1.317116      1.521189      1.375909      1.228744      1.505209      1.141327      1.098516      1.185253      1.033221 
     1.360332      1.318893      1.516299      1.374572      1.232231      1.507366      1.164840      1.082540      1.199600      1.033393 
     1.358829      1.321361      1.511016      1.373346      1.234679      1.509292      1.184687      1.068738      1.208229      1.040607 
     1.358194      1.324505      1.505376      1.372254      1.236072      1.510976      1.199986      1.058272      1.211012      1.053879 
     1.358404      1.328313      1.499413      1.371310      1.236414      1.512440      1.210176      1.052065      1.208038      1.071701 
     1.359444      1.332764      1.493168      1.370527      1.235718      1.513732      1.214923      1.050671      1.199551      1.092319 
     1.361312      1.337835      1.486685      1.369917      1.234008      1.514915      1.214080      1.054213      1.185952      1.113960 
     1.364018      1.343491      1.480011      1.369486      1.231322      1.516061      1.207660      1.062329      1.167839      1.134959 
     1.367575      1.349677      1.473197      1.369241      1.227720      1.517238      1.195887      1.074231      1.146083      1.153850 
     1.371990      1.356316      1.466305      1.369179      1.223289      1.518498      1.179240      1.088794      1.121906      1.169400 
     1.377243      1.363305      1.459394      1.369291      1.218148      1.519875      1.158532      1.104704      1.096929      1.180650 
     1.383285      1.370517      1.452529      1.369557      1.212455      1.521364      1.134954      1.120602      1.073132      1.186926 
     1.390026      1.377812      1.445768      1.369946      1.206396      1.522929      1.110085      1.135224      1.052690      1.187865 
     1.397348      1.385049      1.439158      1.370419      1.200171      1.524498      1.085812      1.147494      1.037667      1.183423 
     1.405110      1.392096      1.432742      1.370927      1.193987      1.525979      1.064190      1.156600      1.029702      1.173868 
     1.413164      1.398834      1.426562      1.371414      1.188044      1.527281      1.047245      1.162012      1.029662      1.159774 
     1.421376      1.405163      1.420659      1.371823      1.182529      1.528321      1.036708      1.163466      1.037455      1.141989 
     1.429622      1.410994      1.415084      1.372098      1.177615      1.529039      1.033696      1.160942      1.052087      1.121655 
     1.437799      1.416244      1.409892      1.372186      1.173461      1.529401      1.038487      1.154645      1.071870      1.100204 
     1.445822      1.420838      1.405127      1.372042      1.170205      1.529401      1.050447      1.145030      1.094758      1.079330 
     1.453619      1.424714      1.400826      1.371634      1.167956      1.529056      1.068141      1.132788      1.118635      1.060876 
     1.461127      1.427820      1.397009      1.370942      1.166782      1.528392      1.089639      1.118837      1.141574      1.046626 
     1.468291      1.430134      1.393682      1.369966      1.166710      1.527446      1.112855      1.104237      1.161995      1.038044 
     1.475069      1.431654      1.390846      1.368719      1.167717      1.526259      1.135849      1.090131      1.178721      1.035995 
     1.481431      1.432399      1.388506      1.367227      1.169750      1.524877      1.157000      1.077670      1.190953      1.040612 
     1.487353      1.432398      1.386679      1.365523      1.172727      1.523353      1.175054      1.067901      1.198214      1.051302 
     1.492824      1.431684      1.385395      1.363650      1.176552      1.521746      1.189081      1.061681      1.200275      1.066906 
     1.497839      1.430294      1.384687      1.361656      1.181117      1.520117      1.198416      1.059585      1.197096      1.085932 
     1.502403      1.428262      1.384591      1.359593      1.186304      1.518534      1.202604      1.061830      1.188803      1.106768 
     1.506522      1.425624      1.385138      1.357519      1.191987      1.517063      1.201371      1.068252      1.175694      1.127837 
     1.510207      1.422418      1.386348      1.355497      1.198030      1.515764      1.194620      1.078308      1.158285      1.147708 
     1.513465      1.418682      1.388228      1.353590      1.204287      1.514685      1.182464      1.091144      1.137371      1.165120 
     1.516296      1.414464      1.390762      1.351867      1.210603      1.513848      1.165290      1.105698      1.114102      1.179008 
     1.518692      1.409818      1.393912      1.350392      1.216813      1.513246      1.143825      1.120796      1.090016      1.188511 
     1.520634      1.404808      1.397616      1.349226      1.222752      1.512831      1.119207      1.135253      1.067025      1.192977 
     1.522094      1.399500      1.401793      1.348422      1.228262      1.512514      1.093029      1.147962      1.047283      1.191986 
     1.523035      1.393963      1.406354      1.348022      1.233198      1.512176      1.067320      1.157969      1.032930      1.185362 
     1.523409      1.388263      1.411211      1.348056      1.237435      1.511682      1.044428      1.164494      1.025751      1.173196 
     1.523168      1.382459      1.416292      1.348540      1.240865      1.510908      1.026814      1.166952      1.026825      1.155877 
     1.522264      1.376611      1.421541      1.349486      1.243395      1.509763      1.016704      1.164961      1.036294      1.134159 
     1.520660      1.370786      1.426916      1.350889      1.244942      1.508215      1.015664      1.158383      1.053327      1.109243 
     1.518347      1.365065      1.432366      1.352734      1.245432      1.506291      1.024189      1.147383      1.076269      1.082890 
     1.515351      1.359557      1.437819      1.354980      1.244813      1.504073      1.041484      1.132524      1.102904      1.057455 
     1.511736      1.354386      1.443172      1.357568      1.243065      1.501673      1.065579      1.114840      1.130769      1.035724 
     1.507590      1.349686      1.448295      1.360413      1.240216      1.499199      1.093753      1.095812      1.157483      1.020463 
     1.503012      1.345575      1.453063      1.363416      1.236344      1.496742      1.123092      1.077238      1.181039      1.013813 
     1.498090      1.342139      1.457374      1.366474      1.231561      1.494377      1.150991      1.061024      1.199949      1.016678 
     1.492891      1.339429      1.461166      1.369490      1.226008      1.492180      1.175402      1.048897      1.213293      1.028546 
     1.487466      1.337462      1.464414      1.372379      1.219835      1.490236      1.194871      1.042163      1.220604      1.047694 
     1.481862      1.336225      1.467118      1.375066      1.213207      1.488642      1.208482      1.041512      1.221788      1.071700 
     1.476131      1.335680      1.469298      1.377487      1.206300      1.487505      1.215759      1.046915      1.217020      1.097961 
     1.470335      1.335772      1.470975      1.379585      1.199294      1.486925      1.216575      1.057647      1.206697      1.124072 
     1.464550      1.336429      1.472172      1.381311      1.192384      1.486988      1.211101      1.072454      1.191424      1.148031 
     1.458855      1.337565      1.472907      1.382618      1.185763      1.487754      1.199772      1.089771      1.172033      1.168290 
     1.453333      1.339086      1.473197      1.383467      1.179626      1.489244      1.183282      1.107964      1.149607      1.183758 
     1.448057      1.340889      1.473049      1.383827      1.174160      1.491443      1.162597      1.125504      1.125482      1.193749 
     1.443088      1.342877      1.472464      1.383676      1.169530      1.494293      1.138952      1.141100      1.101241      1.197935 
     1.438465      1.344956      1.471434      1.383002      1.165873      1.497700      1.113849      1.153746      1.078637      1.196297 
     1.434204      1.347047      1.469947      1.381803      1.163292      1.501542      1.089022      1.162735      1.059465      1.189081 
     1.430298      1.349090      1.467983      1.380087      1.161852      1.505686      1.066358      1.167632      1.045383      1.176764 
     1.426723      1.351039      1.465526      1.377865      1.161585      1.509995      1.047766      1.168246      1.037672      1.160045 
     1.423445      1.352873      1.462563      1.375154      1.162493      1.514349      1.034970      1.164580      1.037031      1.139842 
     1.420435      1.354582      1.459091      1.371980      1.164551      1.518644      1.029272      1.156829      1.043460      1.117343 
     1.417680      1.356172      1.455118      1.368378      1.167706      1.522800      1.031318      1.145392      1.056256      1.094052 
     1.415186      1.357658      1.450657      1.364398      1.171876      1.526747      1.040907      1.130907      1.074123      1.071798 
     1.412980      1.359060      1.445739      1.360115      1.176938      1.530425      1.057013      1.114297      1.095360      1.052646 
     1.411099      1.360407      1.440400      1.355626      1.182730      1.533771      1.077952      1.096777      1.118086      1.038659 
     1.409576      1.361727      1.434695      1.351045      1.189055      1.536731      1.101682      1.079802      1.140466      1.031519 
     1.408431      1.363050      1.428697      1.346499      1.195694      1.539267      1.126116      1.064924      1.160880      1.032141 
     1.407667      1.364404      1.422505      1.342112      1.202424      1.541367      1.149381      1.053611      1.178031      1.040438 
     1.407274      1.365817      1.416237      1.338001      1.209031      1.543056      1.169939      1.047024      1.190980      1.055368 
     1.407241      1.367308      1.410025      1.334271      1.215323      1.544386      1.186630      1.045843      1.199119      1.075201 
     1.407555      1.368892      1.404002      1.331012      1.221129      1.545432      1.198652      1.050154      1.202130      1.097884 
     1.408214      1.370580      1.398298      1.328297      1.226306      1.546286      1.205500      1.059446      1.199938      1.121379 
     1.409218      1.372374      1.393022      1.326191      1.230733      1.547041      1.206924      1.072736      1.192681      1.143871 
     1.410573      1.374270      1.388268      1.324743      1.234313      1.547787      1.202889      1.088732      1.180707      1.163855 
     1.412286      1.376260      1.384111      1.323988      1.236972      1.548594      1.193572      1.106024      1.164586      1.180159 
     1.414355      1.378330      1.380609      1.323949      1.238656      1.549507      1.179367      1.123228      1.145136      1.191922 
     1.416770      1.380462      1.377804      1.324633      1.239330      1.550538      1.160913      1.139091      1.123453      1.198557 
     1.419507      1.382631      1.375716      1.326039      1.238985      1.551666      1.139147      1.152558      1.100929      1.199719 
     1.422529      1.384809      1.374350      1.328145      1.237628      1.552826      1.115327      1.162784      1.079222      1.195307 
     1.425786      1.386966      1.373697      1.330918      1.235294      1.553920      1.091049      1.169146      1.060158      1.185454 
     1.429214      1.389069      1.373734      1.334306      1.232037      1.554824      1.068190      1.171239      1.045541      1.170552 
     1.432743      1.391084      1.374433      1.338251      1.227933      1.555405      1.048792      1.168877      1.036903      1.151272 
     1.436302      1.392973      1.375759      1.342686      1.223075      1.555537      1.034831      1.162090      1.035214      1.128618 
     1.439824      1.394696      1.377683      1.347534      1.217576      1.555126      1.027904      1.151140      1.040698      1.103967 
     1.443254      1.396211      1.380172      1.352706      1.211572      1.554122      1.028921      1.136565      1.052766      1.079116 
     1.446544      1.397468      1.383187      1.358100      1.205225      1.552519      1.037853      1.119230      1.070123      1.056233 
     1.449655      1.398414      1.386677      1.363598      1.198729      1.550356      1.053705      1.100357      1.090987      1.037696 
     1.452550      1.398996      1.390583      1.369065      1.192301      1.547696      1.074712      1.081512      1.113381      1.025719 
     1.455190      1.399164      1.394843      1.374369      1.186166      1.544620      1.098675      1.064453      1.135396      1.021879 
     1.457534      1.398878      1.399406      1.379380      1.180547      1.541221      1.123352      1.050943      1.155395      1.026721 
     1.459548      1.398108      1.404234      1.383985      1.175641      1.537600      1.146738      1.042472      1.172107      1.039619 
     1.461203      1.396832      1.409302      1.388092      1.171616      1.533877      1.167207      1.040019      1.184649      1.058981 
     1.462487      1.395042      1.414588      1.391629      1.168606      1.530181      1.183552      1.043851      1.192467      1.082639 
     1.463408      1.392742      1.420068      1.394551      1.166704      1.526651      1.194954      1.053500      1.195291      1.108278 
     1.463990      1.389946      1.425720      1.396827      1.165963      1.523419      1.200940      1.067914      1.193086      1.133731 
     1.464271      1.386682      1.431506      1.398450      1.166397      1.520608      1.201317      1.085611      1.186030      1.157168 
     1.464292      1.382993      1.437382      1.399433      1.167977      1.518318      1.196138      1.104929      1.174509      1.177131 
     1.464096      1.378933      1.443305      1.399799      1.170637      1.516613      1.185705      1.124266      1.159166      1.192544 
     1.463718      1.374571      1.449215      1.399589      1.174276      1.515524      1.170566      1.142163      1.140884      1.202654 
     1.463182      1.369986      1.455051      1.398858      1.178758      1.515042      1.151551      1.157408      1.120824      1.207005 
     1.462501      1.365271      1.460745      1.397666      1.183921      1.515121      1.129803      1.169073      1.100417      1.205431 
     1.461672      1.360525      1.466223      1.396085      1.189582      1.515675      1.106780      1.176486      1.081286      1.198007 
     1.460683      1.355847      1.471405      1.394191      1.195546      1.516589      1.084199      1.179243      1.065105      1.185096 
     1.459506      1.351337      1.476219      1.392060      1.201617      1.517742      1.063968      1.177233      1.053418      1.167365 
     1.458105      1.347084      1.480606      1.389767      1.207608      1.519004      1.047961      1.170592      1.047381      1.145782 
     1.456443      1.343169      1.484524      1.387380      1.213347      1.520266      1.037770      1.159713      1.047565      1.121643 
     1.454489      1.339658      1.487952      1.384963      1.218680      1.521440      1.034452      1.145250      1.053859      1.096575 
     1.452225      1.336610      1.490884      1.382574      1.223471      1.522461      1.038291      1.128111      1.065486      1.072496 
     1.449650      1.334072      1.493318      1.380264      1.227604      1.523283      1.048761      1.109462      1.081167      1.051516 
     1.446773      1.332079      1.495263      1.378080      1.230981      1.523874      1.064635      1.090691      1.099352      1.035701 
     1.443613      1.330656      1.496724      1.376063      1.233527      1.524212      1.084246      1.073334      1.118440      1.026754 
     1.440187      1.329815      1.497717      1.374247      1.235190      1.524287      1.105793      1.058925      1.136963      1.025680 
     1.436512      1.329559      1.498263      1.372661      1.235933      1.524116      1.127556      1.048835      1.153686      1.032578 
     1.432600      1.329884      1.498396      1.371326      1.235735      1.523743      1.148035      1.044113      1.167636      1.046633 
     1.428468      1.330777      1.498164      1.370261      1.234592      1.523243      1.166012      1.045307      1.178086      1.066324 
     1.424143      1.332221      1.497618      1.369480      1.232507      1.522718      1.180527      1.052366      1.184518      1.089744 
     1.419668      1.334194      1.496807      1.368992      1.229503      1.522286      1.190848      1.064671      1.186598      1.114876 
     1.415091      1.336664      1.495777      1.368801      1.225616      1.522069      1.196438      1.081131      1.184159      1.139796 
     1.410470      1.339591      1.494564      1.368904      1.220906      1.522188      1.196955      1.100359      1.177220      1.162809 
     1.405867      1.342924      1.493193      1.369289      1.215456      1.522742      1.192248      1.120852      1.166004      1.182491 
     1.401341      1.346600      1.491679      1.369934      1.209379      1.523809      1.182371      1.141134      1.150982      1.197695 
     1.396950      1.350539      1.490025      1.370806      1.202818      1.525433      1.167631      1.159865      1.132910      1.207539 
     1.392743      1.354650      1.488225      1.371858      1.195948      1.527623      1.148646      1.175871      1.112880      1.211385 
     1.388763      1.358827      1.486266      1.373029      1.188974      1.530346      1.126401      1.188189      1.092328      1.208844 
     1.385046      1.362950      1.484129      1.374246      1.182128      1.533519      1.102304      1.196074      1.072975      1.199816 
     1.381619      1.366891      1.481794      1.375424      1.175661      1.537018      1.078192      1.199015      1.056678      1.184520 
     1.378498      1.370519      1.479245      1.376474      1.169824      1.540683      1.056213      1.196731      1.045184      1.163557 
     1.375685      1.373714      1.476464      1.377305      1.164857      1.544337      1.038606      1.189167      1.039848      1.137965 
     1.373186      1.376361      1.473435      1.377834      1.160970      1.547797      1.027427      1.176552      1.041326      1.109276 
     1.371016      1.378364      1.470139      1.377987      1.158337      1.550895      1.024137      1.159405      1.049449      1.079566 
     1.369202      1.379650      1.466544      1.377707      1.157083      1.553499      1.029251      1.138570      1.063269      1.051422 
     1.367788      1.380165      1.462608      1.376959      1.157280      1.555512      1.042242      1.115283      1.081253      1.027778 
     1.366819      1.379889      1.458288      1.375729      1.158939      1.556871      1.061640      1.091165      1.101561      1.011511 
     1.366339      1.378826      1.453551      1.374029      1.162008      1.557553      1.085391      1.068176      1.122351      1.004891 
     1.366373      1.377013      1.448405      1.371896      1.166382      1.557579      1.111225      1.048457      1.142006      1.008973 
     1.366926      1.374510      1.442904      1.369382      1.171901      1.557021      1.136978      1.034089      1.159245      1.023310 
     1.367992      1.371401      1.437148      1.366558      1.178369      1.555996      1.160780      1.026781      1.173114      1.046115 
     1.369553      1.367789      1.431273      1.363509      1.185557      1.554657      1.181105      1.027501      1.182976      1.074735 
     1.371595      1.363793      1.425425      1.360328      1.193208      1.553181      1.196787      1.036215      1.188459      1.106217 
     1.374108      1.359542      1.419748      1.357115      1.201053      1.551751      1.207044      1.051922      1.189424      1.137761 
     1.377085      1.355175      1.414370      1.353972      1.208817      1.550536      1.211426      1.072832      1.185957      1.166993 
     1.380516      1.350828      1.409403      1.350994      1.216236      1.549676      1.209786      1.096761      1.178366      1.192047 
     1.384389      1.346631      1.404937      1.348268      1.223067      1.549266      1.202278      1.121486      1.167175      1.211577 
     1.388673      1.342701      1.401035      1.345869      1.229105      1.549357      1.189339      1.144999      1.153120      1.224730 
     1.393332      1.339139      1.397741      1.343855      1.234180      1.549945      1.171712      1.165671      1.137145      1.231064 
     1.398313      1.336028      1.395075      1.342267      1.238166      1.550982      1.150433      1.182281      1.120352      1.230483 
     1.403544      1.333438      1.393041      1.341134      1.240974      1.552379      1.126849      1.193980      1.103974      1.223204 
     1.408941      1.331417      1.391621      1.340469      1.242555      1.554010      1.102598      1.200277      1.089271      1.209719 
     1.414410      1.330000      1.390785      1.340269      1.242903      1.555728      1.079564      1.200989      1.077428      1.190824 
     1.419846      1.329199      1.390485      1.340519      1.242044      1.557374      1.059708      1.196222      1.069394      1.167605 
     1.425148      1.329015      1.390666      1.341192      1.240042      1.558802      1.044836      1.186343      1.065777      1.141485 
     1.430227      1.329430      1.391269      1.342251      1.236990      1.559886      1.036350      1.171989      1.066716      1.114166 
     1.435009      1.330410      1.392230      1.343652      1.233006      1.560534      1.034953      1.154055      1.071858      1.087582 
     1.439446      1.331909      1.393488      1.345343      1.228225      1.560684      1.040509      1.133693      1.080443      1.063818 
     1.443509      1.333873      1.394993      1.347268      1.222802      1.560313      1.052076      1.112279      1.091461      1.044913 
     1.447179      1.336236      1.396703      1.349371      1.216899      1.559422      1.068155      1.091369      1.103782      1.032587 
     1.450448      1.338931      1.398596      1.351593      1.210683      1.558033      1.086953      1.072588      1.116301      1.027917 
     1.453312      1.341889      1.400663      1.353877      1.204320      1.556186      1.106685      1.057493      1.128046      1.031126 
     1.455771      1.345040      1.402911      1.356171      1.197969      1.553937      1.125786      1.047393      1.138215      1.041533 
     1.457832      1.348321      1.405359      1.358422      1.191784      1.551357      1.142962      1.043146      1.146204      1.057747 
     1.459512      1.351664      1.408027      1.360583      1.185913      1.548532      1.157220      1.045047      1.151586      1.077953 
     1.460841      1.355008      1.410935      1.362610      1.180499      1.545553      1.167848      1.052772      1.154112      1.100231 
     1.461855      1.358291      1.414094      1.364461      1.175680      1.542521      1.174391      1.065458      1.153683      1.122766 
     1.462600      1.361457      1.417509      1.366100      1.171583      1.539532      1.176593      1.081845      1.150349      1.143983 
     1.463116      1.364454      1.421174      1.367496      1.168325      1.536672      1.174376      1.100483      1.144287      1.162602 
     1.463442      1.367236      1.425075      1.368622      1.166004      1.534012      1.167836      1.119909      1.135830      1.177628 
     1.463599      1.369765      1.429194      1.369462      1.164705      1.531607      1.157245      1.138769      1.125436      1.188295 
     1.463602      1.372009      1.433504      1.370004      1.164489      1.529489      1.143065      1.155871      1.113715      1.194045 
     1.463448      1.373947      1.437976      1.370249      1.165398      1.527671      1.125972      1.170205      1.101422      1.194500 
     1.463120      1.375568      1.442575      1.370203      1.167448      1.526144      1.106906      1.180939      1.089441      1.189447 
     1.462588      1.376867      1.447261      1.369879      1.170632      1.524883      1.087104      1.187393      1.078743      1.178849 
     1.461813      1.377850      1.451990      1.369304      1.174911      1.523847      1.068098      1.189038      1.070321      1.162912 
     1.460747      1.378531      1.456715      1.368512      1.180215      1.522981      1.051645      1.185507      1.065082      1.142176 
     1.459346      1.378931      1.461380      1.367547      1.186437      1.522229      1.039557      1.176644      1.063718      1.117627 
     1.457572      1.379078      1.465921      1.366465      1.193430      1.521531      1.033426      1.162577      1.066533      1.090782 
     1.455407      1.379012      1.470261      1.365326      1.201007      1.520835      1.034272      1.143804      1.073378      1.063787 
     1.452856      1.378781      1.474304      1.364196      1.208938      1.520089      1.042280      1.121307      1.083644      1.039350 
     1.449953      1.378438      1.477939      1.363140      1.216969      1.519248      1.056716      1.096612      1.096327      1.020456 
     1.446748      1.378035      1.481055      1.362223      1.224835      1.518270      1.076077      1.071757      1.110186      1.009807 
     1.443299      1.377626      1.483560      1.361494      1.232283      1.517118      1.098384      1.049151      1.123932      1.009158 
     1.439661      1.377260      1.485399      1.360996      1.239090      1.515783      1.121563      1.031293      1.136414      1.018855 
     1.435884      1.376985      1.486568      1.360756      1.245067      1.514288      1.143717      1.020384      1.146701      1.037752 
     1.432019      1.376842      1.487101      1.360792      1.250062      1.512702      1.163265      1.017893      1.154126      1.063621 
     1.428120      1.376864      1.487059      1.361110      1.253956      1.511138      1.179003      1.024252      1.158256      1.093713 
     1.424251      1.377079      1.486510      1.361710      1.256660      1.509750      1.190090      1.038761      1.158876      1.125285 
     1.420482      1.377512      1.485519      1.362585      1.258112      1.508710      1.195995      1.059792      1.155959      1.155906 
     1.416889      1.378180      1.484138      1.363720      1.258272      1.508181      1.196466      1.085178      1.149665      1.183599 
     1.413548      1.379093      1.482412      1.365097      1.257129      1.508302      1.191494      1.112613      1.140346      1.206852 
     1.410528      1.380252      1.480370      1.366690      1.254691      1.509174      1.181302      1.139945      1.128543      1.224585 
     1.407889      1.381654      1.478034      1.368475      1.250991      1.510850      1.166347      1.165355      1.114988      1.236051 
     1.405680      1.383285      1.475417      1.370419      1.246081      1.513336      1.147350      1.187391      1.100597      1.240788 
     1.403941      1.385122      1.472527      1.372485      1.240041      1.516595      1.125334      1.204934      1.086446      1.238562 
     1.402700      1.387131      1.469367      1.374629      1.232976      1.520545      1.101677      1.217158      1.073721      1.229357 
     1.401971      1.389266      1.465937      1.376800      1.225029      1.525069      1.078132      1.223484      1.063622      1.213413 
     1.401755      1.391465      1.462239      1.378932      1.216386      1.530015      1.056768      1.223576      1.057226      1.191301 
     1.402039      1.393650      1.458275      1.380954      1.207281      1.535209      1.039767      1.217345      1.055315      1.164010 
     1.402801      1.395726      1.454047      1.382778      1.197998      1.540466      1.029121      1.205008      1.058223      1.133061 
     1.404012      1.397587      1.449557      1.384314      1.188863      1.545604      1.026193      1.187144      1.065745      1.100573 
     1.405640      1.399123      1.444809      1.385466      1.180230      1.550458      1.031349      1.164745      1.077156      1.069237 
     1.407657      1.400228      1.439809      1.386147      1.172450      1.554883      1.043848      1.139241      1.091317      1.042118 
     1.410030      1.400813      1.434573      1.386284      1.165842      1.558766      1.062003      1.112467      1.106877      1.022194 
     1.412708      1.400815      1.429133      1.385824      1.160654      1.562030      1.083598      1.086499      1.122492      1.011773 
     1.415635      1.400200      1.423550      1.384740      1.157054      1.564646      1.106375      1.063507      1.136978      1.011908 
     1.418739      1.398968      1.417915      1.383025      1.155118      1.566637      1.128315      1.045508      1.149402      1.022171 
     1.421952      1.397138      1.412346      1.380697      1.154847      1.568070      1.147863      1.034118      1.159085      1.040827 
     1.425216      1.394756      1.406970      1.377791      1.156179      1.569049      1.163857      1.030286      1.165594      1.065356 
     1.428494      1.391886      1.401907      1.374362      1.158993      1.569690      1.175518      1.034119      1.168695      1.093005 
     1.431775      1.388608      1.397259      1.370480      1.163125      1.570109      1.182396      1.044870      1.168333      1.121217 
     1.435066      1.385012      1.393106      1.366230      1.168375      1.570407      1.184310      1.061090      1.164616      1.147851 
     1.438385      1.381198      1.389502      1.361711      1.174514      1.570664      1.181331      1.080940      1.157812      1.171244 
     1.441750      1.377266      1.386482      1.357028      1.181300      1.570930      1.173770      1.102482      1.148355      1.190203 
     1.445168      1.373315      1.384061      1.352289      1.188488      1.571229      1.162151      1.123923      1.136829      1.203949 
     1.448631      1.369436      1.382237      1.347595      1.195841      1.571553      1.147208      1.143738      1.123950      1.212027 
     1.452117      1.365709      1.380990      1.343044      1.203141      1.571869      1.129871      1.160737      1.110543      1.214257 
     1.455591      1.362201      1.380291      1.338717      1.210193      1.572125      1.111267      1.174049      1.097504      1.210668 
     1.459008      1.358967      1.380105      1.334691      1.216827      1.572251      1.092687      1.183085      1.085759      1.201490 
     1.462316      1.356049      1.380395      1.331029      1.222900      1.572167      1.075530      1.187493      1.076159      1.187110 
     1.465462      1.353477      1.381120      1.327787      1.228289      1.571788      1.061209      1.187119      1.069426      1.168110 
     1.468391      1.351277      1.382249      1.325013      1.232893      1.571033      1.051016      1.181982      1.066080      1.145309 
     1.471051      1.349466      1.383758      1.322747      1.236622      1.569828      1.045938      1.172267      1.066370      1.119847 
     1.473404      1.348057      1.385628      1.321029      1.239402      1.568109      1.046520      1.158383      1.070218      1.093207 
     1.475415      1.347056      1.387837      1.319896      1.241166      1.565828      1.052739      1.140982      1.077240      1.067281 
     1.477060      1.346467      1.390365      1.319379      1.241862      1.562947      1.064008      1.121029      1.086766      1.044290 
     1.478315      1.346291      1.393199      1.319506      1.241449      1.559429      1.079254      1.099804      1.097925      1.026609 
     1.479157      1.346521      1.396320      1.320295      1.239907      1.555247      1.097095      1.078900      1.109750      1.016365 
     1.479562      1.347147      1.399719      1.321759      1.237233      1.550389      1.116015      1.060138      1.121308      1.015033 
     1.479503      1.348149      1.403399      1.323901      1.233445      1.544871      1.134537      1.045408      1.131769      1.023046 
     1.478951      1.349503      1.407372      1.326715      1.228583      1.538748      1.151317      1.036431      1.140442      1.039708 
     1.477889      1.351176      1.411656      1.330181      1.222720      1.532121      1.165198      1.034444      1.146791      1.063338 
     1.476309      1.353121      1.416262      1.334256      1.215970      1.525147      1.175245      1.039923      1.150426      1.091618 
     1.474221      1.355275      1.421185      1.338876      1.208500      1.518037      1.180776      1.052417      1.151137      1.121997 
     1.471653      1.357564      1.426395      1.343937      1.200531      1.511040      1.181384      1.070599      1.148882      1.152008 
     1.468645      1.359895      1.431832      1.349312      1.192336      1.504424      1.176975      1.092530      1.143814      1.179457 
     1.465245      1.362168      1.437413      1.354853      1.184220      1.498445      1.167803      1.116022      1.136296      1.202581 
     1.461504      1.364277      1.443047      1.360402      1.176497      1.493316      1.154452      1.138976      1.126868      1.220097 
     1.457469      1.366126      1.448640      1.365807      1.169467      1.489186      1.137810      1.159605      1.116219      1.231176 
     1.453175      1.367627      1.454106      1.370932      1.163395      1.486142      1.119037      1.176540      1.105137      1.235405 
     1.448650      1.368711      1.459375      1.375661      1.158500      1.484208      1.099519      1.188831      1.094463      1.232709 
     1.443909      1.369326      1.464391      1.379902      1.154949      1.483359      1.080791      1.195903      1.085015      1.223287 
     1.438962      1.369439      1.469113      1.383591      1.152856      1.483536      1.064440      1.197491      1.077529      1.207587 
     1.433820      1.369038      1.473503      1.386682      1.152280      1.484657      1.051979      1.193599      1.072607      1.186317 
     1.428498      1.368131      1.477531      1.389151      1.153228      1.486629      1.044632      1.184475      1.070625      1.160483 
     1.423031      1.366744      1.481161      1.390995      1.155654      1.489352      1.043164      1.170623      1.071686      1.131471 
     1.417479      1.364925      1.484348      1.392224      1.159453      1.492719      1.047711      1.152845      1.075627      1.101123 
     1.411924      1.362744      1.487033      1.392870      1.164467      1.496613      1.057730      1.132276      1.082015      1.071747 
     1.406462      1.360288      1.489152      1.392980      1.170485      1.500899      1.072105      1.110391      1.090196      1.045981 
     1.401190      1.357657      1.490639      1.392616      1.177261      1.505433      1.089339      1.088906      1.099400      1.026463 
     1.396186      1.354954      1.491445      1.391853      1.184542      1.510074      1.107816      1.069654      1.108813      1.015376 
     1.391507      1.352278      1.491549      1.390765      1.192079      1.514704      1.126025      1.054388      1.117688      1.013959 
     1.387186      1.349718      1.490973      1.389423      1.199648      1.519255      1.142682      1.044574      1.125402      1.022233 
     1.383249      1.347355      1.489770      1.387897      1.207046      1.523714      1.156765      1.041173      1.131473      1.039047 
     1.379725      1.345261      1.488025      1.386248      1.214094      1.528111      1.167503      1.044494      1.135562      1.062403 
     1.376658      1.343499      1.485829      1.384536      1.220624      1.532501      1.174337      1.054128      1.137442      1.089859 
     1.374109      1.342123      1.483278      1.382818      1.226485      1.536949      1.176919      1.069009      1.137036      1.118977 
     1.372146      1.341180      1.480451      1.381148      1.231542      1.541513      1.175106      1.087643      1.134392      1.147545 
     1.370841      1.340703      1.477418      1.379575      1.235681      1.546230      1.168956      1.108347      1.129689      1.173730 
     1.370254      1.340716      1.474224      1.378146      1.238812      1.551109      1.158739      1.129457      1.123247      1.196113 
     1.370431      1.341228      1.470904      1.376902      1.240873      1.556141      1.144947      1.149498      1.115494      1.213638 
     1.371397      1.342241      1.467475      1.375880      1.241818      1.561289      1.128298      1.167226      1.106976      1.225567 
     1.373160      1.343747      1.463940      1.375113      1.241623      1.566502      1.109749      1.181658      1.098345      1.231419 
     1.375709      1.345735      1.460295      1.374629      1.240279      1.571711      1.090526      1.192054      1.090283      1.230887 
     1.379017      1.348181      1.456532      1.374454      1.237794      1.576833      1.072096      1.197849      1.083495      1.223833 
     1.383042      1.351057      1.452642      1.374605      1.234195      1.581770      1.056102      1.198644      1.078629      1.210297 
     1.387729      1.354322      1.448623      1.375092      1.229533      1.586419      1.044227      1.194218      1.076220      1.190576 
     1.393007      1.357917      1.444483      1.375914      1.223897      1.590671      1.037940      1.184571      1.076599      1.165338 
     1.398787      1.361761      1.440243      1.377055      1.217423      1.594416      1.038196      1.169995      1.079808      1.135759 
     1.404959      1.365748      1.435949      1.378475      1.210311      1.597550      1.045185      1.151206      1.085593      1.103728 
     1.411380      1.369744      1.431657      1.380106      1.202821      1.599975      1.058187      1.129398      1.093349      1.071851 
     1.417887      1.373601      1.427438      1.381858      1.195263      1.601604      1.075687      1.106259      1.102219      1.043303 
     1.424305      1.377172      1.423363      1.383621      1.187963      1.602368      1.095699      1.083824      1.111228      1.021353 
     1.430475      1.380329      1.419497      1.385281      1.181216      1.602216      1.116170      1.064233      1.119444      1.008694 
     1.436272      1.382974      1.415903      1.386737      1.175271      1.601132      1.135302      1.049416      1.126121      1.006797 
     1.441616      1.385036      1.412638      1.387898      1.170317      1.599142      1.151712      1.040850      1.130770      1.015617 
     1.446463      1.386464      1.409756      1.388696      1.166493      1.596310      1.164407      1.039333      1.133149      1.033693 
     1.450806      1.387223      1.407308      1.389075      1.163900      1.592739      1.172752      1.044903      1.133226      1.058641 
     1.454657      1.387289      1.405338      1.388999      1.162603      1.588560      1.176406      1.056829      1.131134      1.087709 
     1.458040      1.386650      1.403876      1.388452      1.162633      1.583919      1.175300      1.073788      1.127136      1.118212 
     1.460980      1.385307      1.402940      1.387437      1.163981      1.578958      1.169592      1.094069      1.121600      1.147807 
     1.463497      1.383280      1.402534      1.385978      1.166598      1.573804      1.159681      1.115841      1.114994      1.174601 
     1.465603      1.380602      1.402648      1.384121      1.170392      1.568562      1.146193      1.137365      1.107848      1.197153 
     1.467301      1.377323      1.403262      1.381928      1.175239      1.563310      1.129994      1.157123      1.100736      1.214441 
     1.468586      1.373501      1.404355      1.379471      1.180985      1.558098      1.112182      1.173871      1.094239      1.225792 
     1.469440      1.369210      1.405902      1.376827      1.187459      1.552947      1.094065      1.186640      1.088910      1.230815 
     1.469842      1.364532      1.407878      1.374079      1.194471      1.547863      1.077113      1.194723      1.085210      1.229348 
     1.469767      1.359556      1.410263      1.371311      1.201824      1.542843      1.062860      1.197655      1.083485      1.221467 
     1.469189      1.354383      1.413028      1.368608      1.209310      1.537887      1.052735      1.195222      1.083912      1.207470 
     1.468097      1.349128      1.416147      1.366053      1.216712      1.533011      1.047856      1.187460      1.086468      1.187963 
     1.466496      1.343919      1.419580      1.363722      1.223803      1.528248      1.048800      1.174713      1.090929      1.163927 
     1.464420      1.338897      1.423270      1.361689      1.230356      1.523657      1.055455      1.157685      1.096886      1.136798 
     1.461932      1.334211      1.427135      1.360010      1.236153      1.519299      1.066992      1.137476      1.103765      1.108496 
     1.459120      1.330003      1.431071      1.358729      1.241005      1.515223      1.082011      1.115561      1.110901      1.081329 
     1.456080      1.326392      1.434960      1.357866      1.244766      1.511451      1.098850      1.093699      1.117664      1.057739 
     1.452901      1.323468      1.438684      1.357422      1.247348      1.507968      1.115853      1.073730      1.123503      1.039986 
     1.449653      1.321285      1.442147      1.357381      1.248715      1.504739      1.131612      1.057392      1.128018      1.029747 
     1.446382      1.319868      1.445284      1.357717      1.248869      1.501724      1.145039      1.046109      1.130933      1.027846 
     1.443113      1.319227      1.448072      1.358400      1.247838      1.498905      1.155377      1.040840      1.132112      1.034164 
     1.439867      1.319358      1.450523      1.359399      1.245657      1.496306      1.162141      1.041965      1.131521      1.047718 
     1.436662      1.320256      1.452673      1.360683      1.242374      1.493985      1.165059      1.049251      1.129207      1.066904 
     1.433525      1.321909      1.454569      1.362220      1.238047      1.492032      1.164032      1.061886      1.125311      1.089811 
     1.430489      1.324299      1.456259      1.363970      1.232753      1.490540      1.159135      1.078606      1.120056      1.114451 
     1.427592      1.327392      1.457783      1.365887      1.226598      1.489595      1.150641      1.097888      1.113764      1.138954 
     1.424874      1.331134      1.459165      1.367920      1.219720      1.489259      1.139039      1.118133      1.106847      1.161696 
     1.422370      1.335453      1.460422      1.370011      1.212288      1.489559      1.125047      1.137828      1.099794      1.181354 
     1.420103      1.340262      1.461556      1.372093      1.204496      1.490484      1.109605      1.155652      1.093140      1.196923 
     1.418087      1.345464      1.462564      1.374099      1.196555      1.491993      1.093845      1.170535      1.087413      1.207697 
     1.416321      1.350954      1.463435      1.375959      1.188684      1.494025      1.079028      1.181667      1.083091      1.213230 
     1.414803      1.356628      1.464156      1.377601      1.181105      1.496506      1.066446      1.188471      1.080556      1.213301 
     1.413526      1.362380      1.464711      1.378955      1.174041      1.499362      1.057297      1.190582      1.080048      1.207881 
     1.412493      1.368106      1.465081      1.379952      1.167710      1.502524      1.052541      1.187821      1.081648      1.197129 
     1.411715      1.373702      1.465244      1.380527      1.162326      1.505930      1.052757      1.180206      1.085257      1.181416 
     1.411219      1.379064      1.465174      1.380617      1.158095      1.509527      1.058041      1.167993      1.090601      1.161393 
     1.411038      1.384086      1.464839      1.380174      1.155198      1.513255      1.067941      1.151713      1.097239      1.138067 
     1.411199      1.388674      1.464205      1.379163      1.153779      1.517046      1.081496      1.132240      1.104598      1.112883 
     1.411721      1.392741      1.463231      1.377579      1.153921      1.520810      1.097395      1.110849      1.112008      1.087711 
     1.412598      1.396227      1.461878      1.375443      1.155634      1.524440      1.114138      1.089179      1.118793      1.064747 
     1.413794      1.399100      1.460113      1.372805      1.158846      1.527818      1.130240      1.069101      1.124332      1.046246 
     1.415257      1.401366      1.457916      1.369734      1.163424      1.530834      1.144403      1.052531      1.128141      1.034179 
     1.416922      1.403060      1.455285      1.366311      1.169188      1.533400      1.155596      1.041168      1.129903      1.029859 
     1.418731      1.404238      1.452240      1.362622      1.175931      1.535463      1.163071      1.036232      1.129491      1.033691 
     1.420642      1.404966      1.448818      1.358753      1.183437      1.537019      1.166365      1.038293      1.126970      1.045128 
     1.422634      1.405313      1.445073      1.354796      1.191478      1.538096      1.165267      1.047159      1.122597      1.062820 
     1.424708      1.405344      1.441069      1.350850      1.199812      1.538753      1.159831      1.061906      1.116785      1.084867 
     1.426875      1.405124      1.436872      1.347018      1.208187      1.539067      1.150380      1.081034      1.110083      1.109128 
     1.429147      1.404716      1.432548      1.343407      1.216345      1.539114      1.137535      1.102724      1.103131      1.133491 
     1.431532      1.404175      1.428156      1.340119      1.224039      1.538962      1.122197      1.125079      1.096610      1.156106 
     1.434027      1.403551      1.423747      1.337243      1.231051      1.538662      1.105515      1.146374      1.091151      1.175488 
     1.436622      1.402886      1.419360      1.334848      1.237200      1.538249      1.088819      1.165187      1.087275      1.190563 
     1.439304      1.402212      1.415027      1.332988      1.242350      1.537737      1.073522      1.180443      1.085333      1.200635 
     1.442054      1.401556      1.410772      1.331698      1.246400      1.537130      1.060997      1.191383      1.085503      1.205325 
     1.444854      1.400936      1.406618      1.331005      1.249279      1.536433      1.052453      1.197504      1.087787      1.204490 
     1.447693      1.400369      1.402592      1.330926      1.250930      1.535649      1.048809      1.198516      1.092006      1.198171 
     1.450563      1.399863      1.398729      1.331473      1.251306      1.534791      1.050573      1.194310      1.097840      1.186577 
     1.453458      1.399429      1.395079      1.332656      1.250369      1.533888      1.057737      1.184947      1.104849      1.170128 
     1.456374      1.399071      1.391702      1.334472      1.248093      1.532979      1.069768      1.170725      1.112492      1.149537 
     1.459301      1.398795      1.388671      1.336904      1.244481      1.532107      1.085641      1.152260      1.120172      1.125927 
     1.462220      1.398598      1.386063      1.339910      1.239582      1.531305      1.103968      1.130582      1.127275      1.100898 
     1.465100      1.398474      1.383945      1.343421      1.233504      1.530580      1.123154      1.107171      1.133223      1.076515 
     1.467901      1.398404      1.382367      1.347341      1.226414      1.529903      1.141608      1.083910      1.137540      1.055132 
     1.470577      1.398362      1.381344      1.351560      1.218525      1.529218      1.157919      1.062917      1.139908      1.039057 
     1.473088      1.398312      1.380872      1.355962      1.210076      1.528449      1.170979      1.046287      1.140185      1.030154 
     1.475409      1.398207      1.380926      1.360439      1.201309      1.527534      1.180003      1.035784      1.138390      1.029471 
     1.477529      1.397992      1.381485      1.364886      1.192466      1.526443      1.184507      1.032571      1.134680      1.037078 
     1.479454      1.397603      1.382531      1.369206      1.183790      1.525197      1.184262      1.037008      1.129315      1.052105 
     1.481204      1.396973      1.384055      1.373299      1.175537      1.523869      1.179263      1.048597      1.122652      1.072948 
     1.482802      1.396033      1.386048      1.377061      1.167973      1.522560      1.169741      1.066059      1.115136      1.097593 
     1.484266      1.394717      1.388491      1.380387      1.161374      1.521383      1.156200      1.087571      1.107298      1.123895 
     1.485599      1.392972      1.391351      1.383177      1.155997      1.520430      1.139447      1.111074      1.099721      1.149831 
     1.486794      1.390763      1.394585      1.385348      1.152056      1.519764      1.120579      1.134567      1.093006      1.173672 
     1.487822      1.388076      1.398141      1.386842      1.149703      1.519404      1.100950      1.156300      1.087700      1.194054 
     1.488641      1.384920      1.401967      1.387624      1.149016      1.519336      1.082087      1.174888      1.084245      1.210002 
     1.489200      1.381323      1.406021      1.387687      1.150002      1.519520      1.065571      1.189319      1.082922      1.220873 
     1.489447      1.377327      1.410273      1.387046      1.152611      1.519909      1.052891      1.198905      1.083845      1.226289 
     1.489334      1.372993      1.414700      1.385730      1.156744      1.520457      1.045283      1.203212      1.086944      1.226071 
     1.488828      1.368393      1.419291      1.383779      1.162260      1.521135      1.043539      1.202022      1.091985      1.220201 
     1.487917      1.363618      1.424029      1.381249      1.168982      1.521927      1.047883      1.195311      1.098584      1.208828 
     1.486617      1.358782      1.428891      1.378206      1.176689      1.522834      1.057891      1.183306      1.106225      1.192325 
     1.484970      1.354020      1.433827      1.374740      1.185108      1.523855      1.072528      1.166550      1.114281      1.171393 
     1.483038      1.349488      1.438762      1.370957      1.193920      1.524980      1.090276      1.145998      1.122056      1.147152 
     1.480894      1.345347      1.443593      1.366984      1.202774      1.526169      1.109349      1.123055      1.128848      1.121186 
     1.478605      1.341744      1.448199      1.362955      1.211318      1.527353      1.127949      1.099524      1.134019      1.095465 
     1.476222      1.338798      1.452460      1.358996      1.219236      1.528435      1.144499      1.077439      1.137068      1.072150 
     1.473773      1.336587      1.456269      1.355213      1.226282      1.529308      1.157792      1.058813      1.137685      1.053315 
     1.471259      1.335151      1.459552      1.351688      1.232287      1.529871      1.167030      1.045379      1.135759      1.040644 
     1.468663      1.334498      1.462271      1.348475      1.237151      1.530048      1.171780      1.038338      1.131367      1.035179 
     1.465963      1.334619      1.464422      1.345616      1.240821      1.529793      1.171906      1.038232      1.124773      1.037204 
     1.463138      1.335496      1.466026      1.343139      1.243274      1.529096      1.167508      1.044890      1.116417      1.046218 
     1.460182      1.337108      1.467124      1.341073      1.244499      1.527974      1.158893      1.057474      1.106910      1.061068 
     1.457098      1.339423      1.467760      1.339452      1.244498      1.526461      1.146594      1.074627      1.097016      1.080134 
     1.453903      1.342397      1.467977      1.338307      1.243287      1.524603      1.131403      1.094679      1.087608      1.101569 
     1.450619      1.345969      1.467815      1.337669      1.240908      1.522440      1.114381      1.115853      1.079597      1.123514 
     1.447273      1.350063      1.467308      1.337559      1.237432      1.520010      1.096820      1.136459      1.073815      1.144278 
     1.443883      1.354590      1.466486      1.337985      1.232959      1.517342      1.080177      1.155044      1.070900      1.162470 
     1.440467      1.359451      1.465377      1.338943      1.227615      1.514460      1.065934      1.170467      1.071192      1.177037 
     1.437037      1.364549      1.464012      1.340416      1.221540      1.511387      1.055422      1.181902      1.074702      1.187270 
     1.433608      1.369783      1.462423      1.342374      1.214892      1.508152      1.049659      1.188823      1.081125      1.192755 
     1.430199      1.375055      1.460650      1.344775      1.207837      1.504799      1.049204      1.190966      1.089889      1.193329 
     1.426837      1.380263      1.458735      1.347568      1.200558      1.501391      1.054059      1.188296      1.100234      1.189048 
     1.423560      1.385298      1.456725      1.350687      1.193256      1.498007      1.063673      1.180998      1.111297      1.180178 
     1.420409      1.390048      1.454671      1.354052      1.186149      1.494743      1.077027      1.169490      1.122195      1.167214 
     1.417428      1.394392      1.452621      1.357569      1.179469      1.491696      1.092790      1.154438      1.132086      1.150899 
     1.414655      1.398213      1.450625      1.361136      1.173449      1.488952      1.109493      1.136767      1.140222      1.132237 
     1.412116      1.401403      1.448722      1.364648      1.168311      1.486572      1.125723      1.117654      1.146021      1.112484 
     1.409819      1.403869      1.446938      1.368009      1.164243      1.484584      1.140245      1.098475      1.149087      1.093081 
     1.407755      1.405546      1.445289      1.371140      1.161388      1.482981      1.152077      1.080709      1.149229      1.075553 
     1.405903      1.406385      1.443776      1.373981      1.159846      1.481724      1.160519      1.065821      1.146438      1.061364 
     1.404236      1.406362      1.442395      1.376496      1.159670      1.480761      1.165121      1.055116      1.140881      1.051772 
     1.402730      1.405460      1.441136      1.378674      1.160880      1.480044      1.165653      1.049615      1.132870      1.047681 
     1.401373      1.403673      1.439987      1.380523      1.163470      1.479543      1.162053      1.049906      1.122841      1.049529 
     1.400169      1.400999      1.438939      1.382065      1.167409      1.479262      1.154424      1.056094      1.111367      1.057237 
     1.399145      1.397443      1.437987      1.383335      1.172642      1.479234      1.143051      1.067780      1.099177      1.070229 
     1.398340      1.393027      1.437128      1.384376      1.179080      1.479519      1.128454      1.084090      1.087143      1.087494 
     1.397805      1.387794      1.436358      1.385244      1.186589      1.480186      1.111455      1.103780      1.076257      1.107704 
     1.397587      1.381819      1.435672      1.385999      1.194985      1.481294      1.093226      1.125377      1.067557      1.129347 
     1.397720      1.375210      1.435063      1.386711      1.204033      1.482884      1.075280      1.147323      1.062011      1.150873 
     1.398221      1.368107      1.434530      1.387448      1.213462      1.484968      1.059363      1.168112      1.060347      1.170826 
     1.399083      1.360671      1.434081      1.388273      1.222984      1.487541      1.047246      1.186399      1.062918      1.187935 
     1.400288      1.353071      1.433724      1.389248      1.232311      1.490593      1.040446      1.201065      1.069650      1.201171 
     1.401812      1.345481      1.433484      1.390420      1.241169      1.494118      1.039953      1.211243      1.080039      1.209760 
     1.403642      1.338075      1.433388      1.391824      1.249304      1.498126      1.046023      1.216311      1.093240      1.213178 
     1.405772      1.331023      1.433467      1.393483      1.256482      1.502633      1.058115      1.215888      1.108178      1.211148 
     1.408215      1.324499      1.433747      1.395404      1.262486      1.507649      1.074991      1.209852      1.123669      1.203657 
     1.410981      1.318670      1.434247      1.397575      1.267129      1.513161      1.094930      1.198370      1.138525      1.191004 
     1.414079      1.313691      1.434972      1.399972      1.270260      1.519116      1.116000      1.181948      1.151644      1.173842 
     1.417499      1.309695      1.435911      1.402552      1.271779      1.525411      1.136313      1.161468      1.162090      1.153210 
     1.421211      1.306773      1.437039      1.405265      1.271645      1.531896      1.154218      1.138189      1.169149      1.130510 
     1.425168      1.304978      1.438310      1.408056      1.269876      1.538389      1.168426      1.113711      1.172360      1.107443 
     1.429306      1.304315      1.439669      1.410873      1.266547      1.544691      1.178053      1.089870      1.171517      1.085867 
     1.433554      1.304753      1.441054      1.413663      1.261774      1.550608      1.182607      1.068587      1.166664      1.067617 
     1.437846      1.306229      1.442402      1.416387      1.255700      1.555973      1.181935      1.051669      1.158055      1.054279 
     1.442122      1.308664      1.443662      1.419008      1.248476      1.560655      1.176167      1.040600      1.146141      1.046980 
     1.446330      1.311973      1.444797      1.421493      1.240261      1.564566      1.165673      1.036308      1.131575      1.046242 
     1.450424      1.316058      1.445786      1.423808      1.231222      1.567655      1.151063      1.039033      1.115212      1.051891 
     1.454353      1.320818      1.446626      1.425909      1.221552      1.569895      1.133225      1.048267      1.098135      1.063106 
     1.458062      1.326135      1.447328      1.427744      1.211470      1.571276      1.113357      1.062848      1.081629      1.078564 
     1.461483      1.331876      1.447906      1.429248      1.201239      1.571790      1.092963      1.081153      1.067102      1.096633 
     1.464541      1.337895      1.448379      1.430353      1.191141      1.571427      1.073782      1.101364      1.055923      1.115619 
     1.467166      1.344044      1.448763      1.430986      1.181474      1.570182      1.057615      1.121721      1.049220      1.133956 
     1.469298      1.350184      1.449079      1.431073      1.172514      1.568052      1.046109      1.140704      1.047693      1.150352 
     1.470896      1.356192      1.449348      1.430542      1.164520      1.565049      1.040509      1.157132      1.051499      1.163832 
     1.471947      1.361960      1.449596      1.429323      1.157720      1.561209      1.041448      1.170147      1.060265      1.173726 
     1.472462      1.367396      1.449854      1.427349      1.152316      1.556592      1.048872      1.179182      1.073164      1.179613 
     1.472473      1.372421      1.450152      1.424563      1.148484      1.551288      1.062052      1.183910      1.089053      1.181276 
     1.472026      1.376958      1.450524      1.420925      1.146368      1.545419      1.079713      1.184209      1.106600      1.178673 
     1.471169      1.380942      1.451002      1.416423      1.146067      1.539128      1.100220      1.180151      1.124427      1.171956 
     1.469953      1.384321      1.451608      1.411081      1.147611      1.532583      1.121778      1.172021      1.141201      1.161485 
     1.468422      1.387058      1.452359      1.404972      1.150950      1.525954      1.142618      1.160341      1.155719      1.147878 
     1.466612      1.389139      1.453258      1.398216      1.155947      1.519414      1.161145      1.145894      1.166975      1.132029 
     1.464552      1.390570      1.454291      1.390979      1.162371      1.513118      1.176025      1.129710      1.174219      1.115096 
     1.462264      1.391386      1.455431      1.383461      1.169924      1.507196      1.186268      1.113026      1.176998      1.098433 
     1.459762      1.391637      1.456639      1.375879      1.178253      1.501740      1.191263      1.097185      1.175177      1.083465 
     1.457052      1.391392      1.457870      1.368447      1.186994      1.496808      1.190779      1.083501      1.168940      1.071521 
     1.454139      1.390725      1.459081      1.361359      1.195792      1.492423      1.184950      1.073117      1.158763      1.063648 
     1.451030      1.389716      1.460232      1.354781      1.204326      1.488589      1.174232      1.066846      1.145388      1.060462 
     1.447736      1.388437      1.461291      1.348846      1.212327      1.485295      1.159367      1.065070      1.129765      1.062057 
     1.444279      1.386957      1.462233      1.343650      1.219577      1.482526      1.141350      1.067705      1.113014      1.068026 
     1.440691      1.385335      1.463033      1.339262      1.225907      1.480268      1.121407      1.074248      1.096364      1.077553 
     1.437008      1.383627      1.463671      1.335720      1.231196      1.478501      1.100944      1.083876      1.081080      1.089568 
     1.433270      1.381875      1.464123      1.333042      1.235363      1.477201      1.081485      1.095583      1.068358      1.102909 
     1.429510      1.380120      1.464369      1.331225      1.238366      1.476339      1.064576      1.108325      1.059209      1.116466 
     1.425758      1.378390      1.464388      1.330254      1.240189      1.475886      1.051643      1.121114      1.054357      1.129268 
     1.422030      1.376712      1.464168      1.330104      1.240833      1.475829      1.043855      1.133098      1.054150      1.140508 
     1.418342      1.375108      1.463705      1.330746      1.240309      1.476173      1.041948      1.143564      1.058543      1.149563 
     1.414705      1.373600      1.463004      1.332148      1.238635      1.476955      1.046142      1.151940      1.067109      1.155953 
     1.411144      1.372210      1.462075      1.334279      1.235833      1.478239      1.056104      1.157776      1.079108      1.159327 
     1.407696      1.370956      1.460937      1.337102      1.231940      1.480102      1.070986      1.160737      1.093562      1.159460 
     1.404415      1.369859      1.459610      1.340568      1.227017      1.482626      1.089527      1.160614      1.109350      1.156273 
     1.401364      1.368937      1.458118      1.344608      1.221160      1.485869      1.110213      1.157355      1.125284      1.149861 
     1.398617      1.368199      1.456485      1.349127      1.214508      1.489859      1.131438      1.151090      1.140207      1.140540 
     1.396250      1.367644      1.454733      1.354005      1.207253      1.494572      1.151635      1.142162      1.153062      1.128868 
     1.394332      1.367255      1.452885      1.359102      1.199626      1.499937      1.169396      1.131144      1.162956      1.115658 
     1.392918      1.367001      1.450954      1.364262      1.191897      1.505834      1.183551      1.118822      1.169210      1.101938 
     1.392047      1.366831      1.448951      1.369325      1.184347      1.512112      1.193230      1.106150      1.171388      1.088873 
     1.391740      1.366686      1.446878      1.374139      1.177257      1.518604      1.197855      1.094169      1.169312      1.077648 
     1.392003      1.366496      1.444729      1.378565      1.170892      1.525142      1.197143      1.083906      1.163054      1.069333 
     1.392830      1.366194      1.442494      1.382480      1.165484      1.531574      1.191079      1.076261      1.152935      1.064748 
     1.394208      1.365714      1.440158      1.385785      1.161230      1.537769      1.179907      1.071908      1.139518      1.064345 
     1.396121      1.365003      1.437707      1.388402      1.158285      1.543619      1.164143      1.071208      1.123614      1.068153 
     1.398541      1.364022      1.435127      1.390271      1.156757      1.549036      1.144591      1.074157      1.106280      1.075781 
     1.401434      1.362754      1.432406      1.391360      1.156699      1.553944      1.122377      1.080377      1.088793      1.086476 
     1.404748      1.361203      1.429534      1.391652      1.158116      1.558274      1.098963      1.089186      1.072587      1.099248 
     1.408417      1.359399      1.426507      1.391158      1.160953      1.561957      1.076113      1.099685      1.059121      1.113002 
     1.412363      1.357388      1.423323      1.389904      1.165112      1.564933      1.055783      1.110895      1.049707      1.126671 
     1.416504      1.355236      1.419984      1.387930      1.170461      1.567147      1.039926      1.121842      1.045334      1.139312 
     1.420771      1.353020      1.416501      1.385285      1.176846      1.568562      1.030248      1.131671      1.046508      1.150165 
     1.425115      1.350821      1.412894      1.382020      1.184104      1.569162      1.027937      1.139671      1.053188      1.158652 
     1.429521      1.348730      1.409195      1.378189      1.192063      1.568954      1.033440      1.145309      1.064809      1.164361 
     1.434010      1.346842      1.405453      1.373849      1.200538      1.567977      1.046363      1.148219      1.080370      1.167035 
     1.438623      1.345259      1.401734      1.369073      1.209320      1.566293      1.065534      1.148214      1.098558      1.166555 
     1.443408      1.344084      1.398118      1.363950      1.218175      1.563993      1.089185      1.145294      1.117886      1.162957 
     1.448407      1.343413      1.394697      1.358591      1.226841      1.561185      1.115217      1.139654      1.136815      1.156436 
     1.453637      1.343331      1.391566      1.353129      1.235044      1.557986      1.141466      1.131700      1.153904      1.147379 
     1.459093      1.343899      1.388812      1.347703      1.242521      1.554514      1.165948      1.122045      1.167917      1.136372 
     1.464745      1.345151      1.386505      1.342455      1.249036      1.550875      1.187003      1.111465      1.177902      1.124168 
     1.470544      1.347093      1.384697      1.337519      1.254396      1.547154      1.203364      1.100833      1.183224      1.111642 
     1.476435      1.349710      1.383417      1.333009      1.258452      1.543416      1.214159      1.091064      1.183560      1.099734 
     1.482354      1.352971      1.382674      1.329031      1.261101      1.539706      1.218863      1.083016      1.178878      1.089362 
     1.488237      1.356829      1.382459      1.325668      1.262278      1.536054      1.217252      1.077417      1.169430      1.081372 
     1.494019      1.361229      1.382762      1.322992      1.261952      1.532479      1.209381      1.074789      1.155739      1.076442 
     1.499633      1.366102      1.383560      1.321058      1.260125      1.529001      1.195577      1.075383      1.138612      1.075002 
     1.505004      1.371365      1.384828      1.319909      1.256834      1.525638      1.176483      1.079142      1.119162      1.077172 
     1.510054      1.376921      1.386532      1.319569      1.252158      1.522408      1.153113      1.085697      1.098816      1.082745 
     1.514700      1.382659      1.388630      1.320038      1.246222      1.519322      1.126902      1.094413      1.079254      1.091193 
     1.518860      1.388454      1.391066      1.321289      1.239200      1.516379      1.099703      1.104473      1.062258      1.101733 
     1.522460      1.394183      1.393776      1.323267      1.231302      1.513564      1.073700      1.114986      1.049498      1.113440 
     1.525442      1.399728      1.396697      1.325896      1.222764      1.510850      1.051214      1.125095      1.042265      1.125368 
     1.527768      1.404986      1.399782      1.329082      1.213829      1.508212      1.034416      1.134049      1.041251      1.136650 
     1.529420      1.409869      1.402995      1.332724      1.204735      1.505648      1.024997      1.141248      1.046449      1.146541 
     1.530403      1.414298      1.406320      1.336718      1.195714      1.503195      1.023870      1.146253      1.057199      1.154436 
     1.530735      1.418195      1.409752      1.340960      1.187003      1.500941      1.030985      1.148780      1.072338      1.159880 
     1.530447      1.421484      1.413291      1.345338      1.178840      1.499012      1.045329      1.148694      1.090399      1.162561 
     1.529572      1.424086      1.416929      1.349736      1.171469      1.497556      1.065153      1.146016      1.109799      1.162303 
     1.528143      1.425929      1.420651      1.354040      1.165125      1.496716      1.088308      1.140930      1.129012      1.159096 
     1.526190      1.426951      1.424434      1.358139      1.160022      1.496606      1.112592      1.133779      1.146701      1.153104 
     1.523738      1.427105      1.428246      1.361937      1.156329      1.497296      1.136007      1.125050      1.161766      1.144657 
     1.520802      1.426367      1.432054      1.365360      1.154168      1.498808      1.156908      1.115349      1.173375      1.134222 
     1.517390      1.424732      1.435822      1.368354      1.153602      1.501120      1.174056      1.105374      1.180961      1.122416 
     1.513502      1.422211      1.439520      1.370894      1.154641      1.504180      1.186568      1.095863      1.184180      1.109976 
     1.509131      1.418834      1.443117      1.372972      1.157243      1.507911      1.193866      1.087551      1.182881      1.097722 
     1.504270      1.414643      1.446587      1.374597      1.161329      1.512225      1.195626      1.081117      1.177096      1.086522 
     1.498911      1.409697      1.449898      1.375795      1.166776      1.517024      1.191738      1.077114      1.167024      1.077238 
