     1.364379      1.317295      1.333351      1.282166      1.204024      1.531119      1.091856      1.051635      1.072758      1.103030 
     1.565435      1.256047      1.376786      1.456713      1.249962      1.493570      1.188921      1.146132      1.107673      1.082081 
     1.395249      1.437749      1.405290      1.402455      1.177973      1.549488      1.160883      1.042992      1.075571      1.121776 
     1.401758      1.356295      1.440440      1.343143      1.243051      1.494421      1.084913      1.157577      1.046835      1.168844 
     1.487535      1.397295      1.421375      1.371532      1.273159      1.519598      1.108096      1.079081      1.161856      1.109898 
     1.482007      1.360044      1.469723      1.571325      1.221695      1.536601      1.012782      1.155730      1.218525      1.184938 
     1.562986      1.336805      1.363232      1.391300      1.252771      1.541327      1.130073      1.043829      1.242418      1.217599 
     1.399502      1.436412      1.396407      1.325453      1.199523      1.566633      1.167299      1.124416      1.119055      1.134158 
     1.364018      1.453438      1.482399      1.352708      1.176876      1.595463      1.075233      1.040802      1.117662      1.137704 
     1.446087      1.348269      1.448539      1.401258      1.184073      1.529122      1.096836      1.098841      1.110965      1.104563 
     1.443841      1.334507      1.427273      1.356349      1.200586      1.493205      1.135139      1.103921      1.174564      1.156505 
     1.498346      1.324829      1.417393      1.390270      1.229368      1.531842      1.146660      1.087769      1.186962      1.074127 
     1.532999      1.372823      1.377971      1.573447      1.152714      1.492004      1.079211      1.058438      1.136508      1.150432 
     1.531983      1.357041      1.430461      1.500407      1.214341      1.530762      1.108793      1.101983      1.024984      1.132314 
     1.441738      1.369721      1.413398      1.400455      1.173743      1.504011      1.108633      1.133274      1.093969      1.129920 
     1.562412      1.386797      1.615489      1.506532      1.233175      1.506384      1.168706      1.166118      1.111392      1.135302 
     1.354159      1.368548      1.598541      1.285225      1.249252      1.681188      1.061226      1.109274      1.108879      1.122629 
     1.465569      1.345687      1.546083      1.416748      1.149231      1.578152      1.115942      1.057234      1.075348      1.050197 
     1.499209      1.333357      1.476530      1.407941      1.217370      1.524847      1.195136      1.166730      1.141281      1.084077 
     1.449763      1.297954      1.548145      1.309329      1.206534      1.569595      1.126642      1.069597      1.205682      1.068630 
     1.459493      1.259228      1.421241      1.378419      1.147830      1.600282      1.190174      1.159024      1.231281      1.183191 
     1.379653      1.408078      1.582209      1.318450      1.241774      1.609731      1.129314      1.086158      1.130020      1.188225 
     1.508009      1.372933      1.466924      1.320623      1.226593      1.523900      1.117141      1.130329      1.087004      1.202759 
     1.510269      1.376810      1.460900      1.345412      1.179646      1.478441      1.108504      1.118524      1.099546      1.156374 
     1.504362      1.409430      1.499753      1.365587      1.168442      1.574984      1.083717      1.206513      1.098223      1.118558 
     1.510919      1.394771      1.446523      1.326308      1.197629      1.652541      1.138448      1.065777      1.088303      1.135874 
     1.373324      1.444581      1.463071      1.348806      1.201910      1.637875      1.194562      1.029810      1.102060      1.069636 
     1.385756      1.433913      1.512473      1.254497      1.157261      1.607654      1.117830      1.101713      1.194879      1.137414 
     1.424828      1.369425      1.449338      1.276339      1.166414      1.535952      1.131174      1.085125      1.225876      1.094872 
     1.536281      1.401308      1.557059      1.315833      1.201492      1.572435      1.052499      1.102953      1.237851      1.121337 
     1.403984      1.323909      1.374590      1.270325      1.215231      1.507603      1.142768      1.174371      1.138876      1.140379 
     1.472731      1.417877      1.372131      1.380418      1.238269      1.442885      1.056154      1.092308      1.108060      1.154945 
     1.485982      1.372647      1.393646      1.377776      1.137130      1.525133      1.098545      1.168195      1.169086      1.150264 
     1.410991      1.399895      1.463415      1.308210      1.211805      1.569487      1.148350      1.065904      1.165205      1.093333 
     1.441577      1.385419      1.397201      1.419902      1.234249      1.491274      1.124351      1.148143      1.108973      1.087402 
     1.471313      1.561229      1.482887      1.328150      1.165817      1.513833      1.210153      1.090281      1.043257      1.062820 
     1.476781      1.305762      1.407987      1.402774      1.197926      1.522742      1.096915      1.231258      1.021976      1.055402 
     1.476064      1.303318      1.475700      1.346865      1.216858      1.569287      1.056782      1.123594      1.087214      1.185762 
     1.490868      1.343527      1.439668      1.396622      1.192683      1.587460      1.150955      1.180772      1.075620      1.101756 
     1.450763      1.328696      1.427882      1.397754      1.155953      1.475493      1.132555      1.178595      1.148802      1.117473 
     1.432692      1.361748      1.469332      1.364193      1.201030      1.456323      1.095742      1.117779      1.063875      1.069368 
     1.525313      1.340127      1.471682      1.322549      1.210345      1.460873      1.117876      1.139153      1.083095      1.150831 
     1.480327      1.396885      1.445027      1.532797      1.164404      1.496905      1.136909      1.154580      1.073862      1.084943 
     1.490985      1.436251      1.516098      1.401076      1.184729      1.508904      1.105694      1.095482      1.204723      1.072823 
     1.383463      1.336737      1.377236      1.508160      1.169074      1.488521      1.125504      1.114123      1.146542      1.067430 
     1.515808      1.431397      1.514440      1.449662      1.238183      1.522799      1.065325      1.062601      1.130880      1.084848 
     1.512868      1.266988      1.553527      1.380454      1.247087      1.573641      1.238298      1.150708      1.128136      1.135228 
     1.390842      1.535116      1.497843      1.422815      1.178554      1.537257      1.094794      1.222708      1.170204      1.188370 
     1.547526      1.345602      1.426452      1.423689      1.205994      1.529652      1.091647      1.090582      1.124322      1.160678 
     1.506824      1.352754      1.544917      1.352548      1.233083      1.584359      1.123164      1.190101      1.029062      1.141515 
     1.431822      1.325952      1.418942      1.455502      1.159671      1.594298      1.058024      1.058771      1.074430      1.103261 
     1.467339      1.359405      1.479241      1.370018      1.216061      1.599132      1.124500      1.212372      1.240081      1.068273 
     1.455464      1.394413      1.406955      1.343028      1.254021      1.540543      1.159632      1.107117      1.091955      1.050508 
     1.459132      1.413373      1.432757      1.374339      1.219956      1.550786      1.130085      1.147520      1.121687      1.073710 
     1.432659      1.442529      1.487697      1.394519      1.156613      1.580346      1.132194      1.087158      1.142026      1.110460 
     1.446962      1.366028      1.475613      1.382796      1.208180      1.583170      1.118348      1.167100      1.161649      1.109036 
     1.439312      1.327273      1.404763      1.414759      1.202598      1.657254      1.081175      1.289541      1.141423      1.191400 
     1.531678      1.316314      1.430478      1.375440      1.153560      1.523861      1.142783      1.153578      1.074664      1.075808 
     1.430471      1.309811      1.417150      1.384481      1.161146      1.548009      1.104164      1.164062      1.027706      1.104272 
     1.560535      1.381503      1.561845      1.328131      1.169592      1.503433      1.203196      1.141464      1.022907      1.087781 
     1.442593      1.233514      1.468435      1.356886      1.195404      1.522503      1.085456      1.088108      1.101607      1.101240 
     1.377057      1.403893      1.454146      1.332853      1.214327      1.556712      1.164026      1.120279      1.109616      1.088543 
     1.517752      1.274063      1.414873      1.361022      1.154154      1.473813      1.099992      1.117950      1.059594      1.103788 
     1.439898      1.337258      1.508173      1.377220      1.178419      1.484769      1.065658      1.181942      1.052730      1.174255 
     1.422581      1.336376      1.490885      1.340153      1.188530      1.450711      1.103051      1.101262      1.124602      1.187063 
     1.489694      1.373681      1.447938      1.377906      1.122620      1.496377      1.092260      1.179112      1.232780      1.198709 
     1.420536      1.425831      1.466499      1.342917      1.181182      1.438234      1.148429      1.035617      1.211397      1.166317 
     1.521026      1.282750      1.473140      1.350964      1.247741      1.510136      1.163672      1.080824      1.132815      1.039044 
     1.542013      1.338033      1.535213      1.330371      1.207874      1.480142      1.060619      1.067806      1.147368      1.107723 
     1.493350      1.425373      1.401879      1.270257      1.143011      1.520177      1.135626      1.053130      1.099850      1.129897 
     1.505780      1.389479      1.391858      1.318583      1.207058      1.537633      1.118797      1.152672      1.180185      1.130772 
     1.396486      1.389597      1.485457      1.314661      1.182666      1.526311      1.098809      1.044661      1.133703      1.074063 
     1.391882      1.505453      1.534501      1.341427      1.175781      1.584200      1.094593      1.091346      1.165134      1.168405 
     1.462387      1.382439      1.563411      1.401687      1.168385      1.545187      1.124684      1.155233      1.055565      1.166223 
     1.398919      1.474864      1.414429      1.369502      1.163124      1.471320      1.120245      1.112898      1.183248      1.154107 
     1.451894      1.509146      1.439215      1.363109      1.227895      1.518155      1.166764      1.196140      1.085825      1.151930 
     1.512414      1.398817      1.460021      1.364855      1.217980      1.597463      1.031357      1.103424      1.105420      1.094827 
     1.494134      1.523851      1.504905      1.385075      1.235018      1.589412      1.152487      1.030847      1.116955      1.053951 
     1.461342      1.427198      1.423787      1.362486      1.193192      1.579661      1.126429      1.185504      1.101267      1.100024 
     1.500072      1.425654      1.431899      1.406029      1.252661      1.624825      1.118507      1.046259      1.157034      1.111201 
     1.430638      1.456204      1.504196      1.368859      1.168897      1.552310      1.210809      1.198876      1.200139      1.149563 
     1.573258      1.355709      1.428173      1.417066      1.170055      1.613503      1.090206      1.076588      1.089002      1.203083 
     1.367458      1.304589      1.499315      1.357213      1.255887      1.550040      1.113105      1.082748      1.177524      1.161735 
     1.362623      1.395732      1.436305      1.426610      1.252403      1.536698      1.182591      1.089198      1.135832      1.133148 
     1.457676      1.345543      1.492851      1.536289      1.168448      1.565666      1.107110      1.142620      1.085976      1.105303 
     1.403920      1.348991      1.539450      1.392195      1.207138      1.534817      1.126318      1.063222      1.070821      1.111545 
     1.572736      1.344287      1.487906      1.370397      1.212888      1.586441      1.226655      1.053781      1.092324      1.070608 
     1.498299      1.298779      1.384917      1.391382      1.182706      1.521632      1.106388      1.106137      1.160842      1.168435 
     1.474366      1.357033      1.373251      1.357622      1.169676      1.524721      1.123824      1.088466      1.193586      1.165927 
     1.545871      1.301661      1.486212      1.450254      1.169508      1.576606      1.046143      1.100147      1.200839      1.149768 
     1.452636      1.341826      1.442075      1.308847      1.190103      1.547163      1.158577      1.151616      1.100426      1.143448 
     1.425711      1.290791      1.543023      1.382781      1.197466      1.545062      1.111788      1.114696      1.121111      1.177971 
     1.540843      1.258493      1.405442      1.346582      1.190380      1.535504      1.154306      1.048053      1.222884      1.113699 
     1.484348      1.356862      1.455113      1.375444      1.172989      1.546527      1.153063      1.054286      1.181948      1.080537 
     1.438427      1.340898      1.460507      1.279798      1.182353      1.549792      1.144084      1.144295      1.122047      1.047421 
     1.532999      1.319759      1.399546      1.414316      1.133887      1.558324      1.117218      1.050532      1.030230      1.032135 
     1.394368      1.428734      1.504031      1.313116      1.167399      1.541297      1.120190      1.281949      1.015785      1.090024 
     1.498359      1.421877      1.387733      1.304348      1.260160      1.563655      1.075843      1.148695      1.105218      1.200629 
     1.528714      1.345687      1.444163      1.347012      1.251722      1.509192      1.171167      1.166117      1.067837      1.128038 
     1.415317      1.323250      1.501576      1.397270      1.153622      1.513791      1.112357      1.185939      1.131079      1.080766 
     1.465127      1.323679      1.452668      1.384071      1.216390      1.550107      1.117852      1.080524      1.119600      1.110353 
     1.356504      1.367862      1.397786      1.418794      1.179305      1.539751      1.120957      1.206742      1.106312      1.159211 
     1.449927      1.436200      1.526366      1.414201      1.190416      1.536003      1.112126      1.137869      1.067550      1.069412 
     1.467453      1.373146      1.504398      1.447334      1.169633      1.584103      1.101192      1.066813      1.210413      1.080590 
     1.497216      1.504011      1.525272      1.317388      1.194472      1.483381      1.166922      1.121689      1.038341      1.092282 
     1.501634      1.351048      1.467818      1.474678      1.186082      1.468281      1.077739      1.053736      1.131253      1.078637 
     1.475999      1.469152      1.348161      1.405113      1.195780      1.505524      1.217826      1.133226      1.120273      1.126221 
     1.509906      1.442392      1.535325      1.416495      1.229899      1.472060      1.109111      1.129295      1.106287      1.161872 
     1.465251      1.395605      1.487270      1.371499      1.195271      1.552435      1.135632      1.062803      1.136066      1.150212 
     1.485338      1.380338      1.514010      1.428445      1.240897      1.533385      1.105369      1.189363      1.107803      1.132205 
     1.536482      1.410962      1.515730      1.391827      1.191695      1.515416      1.071476      1.110524      1.079888      1.163076 
     1.569754      1.329501      1.422383      1.451829      1.161356      1.568251      1.111700      1.175851      1.207938      1.069913 
     1.458531      1.310286      1.497078      1.277830      1.247319      1.498688      1.101477      1.132115      1.053948      1.125364 
     1.424661      1.313027      1.556504      1.330664      1.263024      1.595957      1.053912      1.146041      1.105944      1.094295 
     1.580897      1.536328      1.451411      1.310156      1.197321      1.504258      1.140890      1.135887      1.161836      1.128595 
     1.481082      1.447597      1.446795      1.301005      1.233545      1.420370      1.122876      1.119400      1.183811      1.109294 
     1.592482      1.443478      1.563491      1.295199      1.193821      1.523271      1.043160      1.212986      1.126645      1.174102 
     1.434603      1.442889      1.370355      1.286767      1.227491      1.491430      1.152405      1.171717      1.078453      1.099300 
     1.454241      1.378366      1.452105      1.303829      1.193737      1.464439      1.105455      1.174966      1.096743      1.043659 
     1.414447      1.366054      1.366613      1.390936      1.161621      1.590064      1.195087      1.135563      1.090941      1.072803 
     1.401628      1.435257      1.469019      1.299052      1.183764      1.551633      1.074801      1.120595      1.130092      1.099236 
     1.389886      1.376901      1.643298      1.309565      1.170776      1.587767      1.145760      1.100621      1.092994      1.075187 
     1.520971      1.330139      1.401664      1.307181      1.240900      1.555838      1.084048      1.194213      1.044567      1.137859 
     1.420028      1.420024      1.448623      1.387074      1.195994      1.472984      1.104738      1.168457      1.056799      1.137484 
     1.415949      1.332739      1.510528      1.338031      1.215018      1.553304      1.078175      1.104569      1.114824      1.175766 
     1.444692      1.349059      1.421942      1.360276      1.171174      1.612553      1.103771      1.240541      1.195831      1.198115 
     1.357443      1.386941      1.518952      1.402321      1.164726      1.494843      1.093120      0.980558      1.219488      1.145874 
     1.438796      1.371747      1.465640      1.404013      1.274669      1.545285      1.147378      1.096434      1.123838      1.056162 
     1.443810      1.379063      1.384892      1.372106      1.309176      1.521790      1.098020      1.102241      1.182283      1.099922 
     1.413492      1.319060      1.440774      1.363276      1.190459      1.519878      1.120673      1.061394      1.113577      1.113432 
     1.478549      1.344031      1.511670      1.342015      1.227042      1.555862      1.110094      1.169263      1.126194      1.084885 
     1.361633      1.352189      1.380258      1.427727      1.159597      1.532175      1.112552      1.048701      1.106005      1.084381 
     1.478132      1.308604      1.566556      1.446419      1.223623      1.686772      1.104745      1.074931      1.134475      1.136252 
     1.487392      1.418512      1.441464      1.418540      1.184173      1.619468      1.118162      1.177631      1.042663      1.155810 
     1.568052      1.320317      1.545448      1.434213      1.229083      1.520405      1.047059      1.107624      1.214224      1.140872 
     1.549628      1.360919      1.432798      1.431550      1.170928      1.516869      1.111860      1.200386      1.113426      1.143932 
     1.489032      1.298369      1.379875      1.511249      1.151688      1.510163      1.024265      1.083998      1.126899      1.078842 
     1.499811      1.365030      1.532404      1.401577      1.241494      1.496491      1.105558      1.166073      1.158764      1.094363 
     1.505940      1.312684      1.473523      1.350904      1.209697      1.485683      1.072626      1.203011      1.114496      1.119956 
     1.512314      1.365928      1.495590      1.368813      1.224796      1.492901      1.139264      1.054364      1.109890      1.129055 
     1.569523      1.326181      1.440734      1.478674      1.228799      1.432589      1.111731      1.117218      1.183078      1.081877 
     1.522535      1.391615      1.451491      1.396367      1.136940      1.565140      1.163404      1.238435      1.029379      1.163333 
     1.429257      1.321798      1.470169      1.295223      1.264267      1.531751      1.156557      1.083154      1.197064      1.036920 
     1.519236      1.334973      1.546329      1.284508      1.293680      1.454557      1.188202      1.060068      1.102950      1.091704 
     1.483611      1.330025      1.501471      1.441786      1.222081      1.557255      1.110014      1.078058      1.069821      1.125048 
     1.415290      1.305687      1.469505      1.423839      1.244696      1.511481      1.088988      1.123055      1.059552      1.100289 
     1.550467      1.297671      1.495321      1.491359      1.173716      1.633450      1.242500      1.033375      1.123050      1.066103 
     1.407855      1.297456      1.402469      1.357869      1.236683      1.498442      1.093276      1.068702      1.134565      1.156404 
     1.414797      1.267813      1.481170      1.398447      1.203455      1.456821      1.093162      1.075660      1.148244      1.219086 
     1.355127      1.447893      1.414071      1.273683      1.196856      1.497154      1.130199      1.088584      1.147379      1.129987 
     1.459549      1.350509      1.457239      1.382406      1.162785      1.553623      1.145362      1.123237      1.092284      1.129803 
     1.466613      1.399092      1.560286      1.340745      1.175248      1.617246      1.118766      1.142333      1.144034      1.143268 
     1.403795      1.283182      1.395520      1.322268      1.266258      1.611871      1.141373      1.060350      1.224063      1.085405 
     1.481170      1.436165      1.443317      1.358573      1.224973      1.576237      1.105140      1.136377      1.215149      1.074307 
     1.453152      1.321019      1.449433      1.354306      1.252198      1.622426      1.178974      1.101697      1.136290      1.054349 
     1.361228      1.385775      1.490064      1.276081      1.221965      1.607125      1.144658      1.026379      1.092717      1.007396 
     1.483351      1.409790      1.419688      1.361933      1.167493      1.502466      1.143675      1.235099      1.107525      1.098870 
     1.507236      1.346147      1.546450      1.335848      1.261161      1.518965      1.082417      1.101547      1.138507      1.090823 
     1.414688      1.350049      1.451569      1.356692      1.322339      1.554304      1.145576      1.109113      1.068322      1.121898 
     1.432824      1.384738      1.462507      1.269451      1.220463      1.524580      1.128707      1.178755      1.103168      1.105022 
     1.484556      1.337765      1.486682      1.314247      1.244217      1.541289      1.111890      1.092899      1.132511      1.143058 
     1.458363      1.444999      1.497682      1.247353      1.166544      1.440583      1.151120      1.165725      1.120105      1.125490 
     1.491589      1.465032      1.471757      1.323464      1.282135      1.597296      1.158113      1.163593      1.108317      1.082861 
     1.519139      1.395685      1.467633      1.398032      1.213143      1.568229      1.126758      1.041497      1.170110      1.144835 
     1.528027      1.377570      1.441777      1.416422      1.241811      1.569168      1.250056      1.146304      1.021333      1.104819 
     1.423981      1.450307      1.477130      1.354472      1.164991      1.539322      1.125663      1.037574      1.111451      1.089878 
     1.467545      1.422415      1.510080      1.377391      1.147970      1.451236      1.197804      1.166984      1.130443      1.165723 
     1.534425      1.418589      1.571063      1.353165      1.249426      1.518585      1.155790      1.058960      1.075377      1.116337 
     1.395417      1.325543      1.441220      1.298805      1.231036      1.509227      1.142379      1.037774      1.100886      1.096277 
     1.407631      1.353555      1.551560      1.359273      1.221450      1.479404      1.092526      1.168891      1.140893      1.096461 
     1.546291      1.433396      1.390704      1.307145      1.240275      1.616261      1.128264      1.159995      1.046294      1.151956 
     1.432576      1.481400      1.509199      1.344537      1.175526      1.601047      1.067927      1.005765      1.330147      1.092534 
     1.412598      1.307927      1.365702      1.387644      1.270736      1.570417      1.080372      1.123207      1.068451      1.156258 
     1.447619      1.338956      1.451826      1.313937      1.300380      1.620174      1.045762      1.139528      1.068714      1.131640 
     1.550062      1.359225      1.472589      1.442810      1.226305      1.518456      1.115273      1.182907      1.199269      1.119135 
     1.463396      1.380529      1.422955      1.319252      1.253435      1.521980      1.154483      1.091262      1.160954      1.133743 
     1.405625      1.466377      1.398097      1.490363      1.170630      1.584392      1.007873      1.217869      1.117837      1.188166 
     1.394333      1.271048      1.525327      1.337395      1.253512      1.438849      1.123244      1.156529      1.101412      1.103739 
     1.392367      1.392117      1.416291      1.310987      1.201160      1.553041      1.137333      1.131469      1.084376      1.010641 
     1.408897      1.371014      1.484713      1.326887      1.220825      1.465593      1.105487      1.111827      1.163223      1.098887 
     1.496689      1.343456      1.430849      1.428779      1.178777      1.468744      1.105581      1.132484      1.153593      1.099894 
     1.529826      1.325066      1.412532      1.420734      1.151842      1.595323      1.147032      1.083050      1.064152      1.149508 
     1.402130      1.279527      1.396726      1.322803      1.224870      1.560237      1.112480      1.151014      1.060207      1.156768 
     1.543242      1.345327      1.522585      1.409727      1.265723      1.492856      1.174252      1.034618      1.074196      1.132334 
     1.528739      1.313463      1.399606      1.338438      1.269674      1.533547      1.057582      1.155045      1.085906      1.157551 
     1.410778      1.297624      1.472463      1.296610      1.265951      1.522582      1.087582      1.215663      1.166549      1.263906 
     1.507600      1.291565      1.424688      1.429611      1.189828      1.484965      1.119220      1.176549      1.098912      1.095366 
     1.443322      1.355978      1.624723      1.326625      1.263120      1.462356      1.126645      1.156891      1.063136      1.167738 
     1.483381      1.325704      1.522224      1.305697      1.290055      1.492379      1.127006      1.152117      1.132405      1.117612 
     1.432769      1.316362      1.428865      1.313746      1.234520      1.571528      1.100367      1.121372      1.145517      1.095924 
     1.410587      1.339299      1.511285      1.386901      1.265537      1.458562      1.121085      1.137356      1.104785      1.093832 
     1.512345      1.278887      1.495248      1.334046      1.167463      1.547080      1.192874      1.145685      1.105778      1.109590 
     1.470448      1.415690      1.418444      1.351599      1.275630      1.711124      1.106955      1.114382      1.103896      1.124548 
     1.611347      1.351423      1.476931      1.399285      1.219120      1.493985      1.111959      1.164582      1.083315      1.114755 
     1.497505      1.452675      1.430934      1.314843      1.250389      1.605931      1.006264      1.099613      1.213248      1.133857 
     1.430923      1.364119      1.443638      1.363324      1.185194      1.607389      1.092096      1.216318      1.111906      1.126790 
     1.417965      1.415238      1.530906      1.357549      1.143912      1.575262      1.046930      1.063881      1.095802      1.063808 
     1.502885      1.436767      1.497214      1.359930      1.257948      1.599856      1.092539      1.203545      1.197666      1.165480 
     1.402194      1.347771      1.395240      1.327570      1.223748      1.520112      1.122263      1.096606      1.159218      1.167348 
     1.410400      1.353905      1.515047      1.362873      1.246589      1.557244      1.164854      1.102560      1.105537      1.163989 
     1.516429      1.387882      1.483326      1.387105      1.276714      1.625578      1.086328      1.094619      1.150026      1.109184 
     1.408759      1.442370      1.496303      1.411173      1.228133      1.524260      1.181276      1.238831      1.046460      1.158454 
     1.528275      1.337983      1.339542      1.335777      1.255147      1.503395      1.160493      1.107477      1.161769      1.121287 
     1.442121      1.342042      1.372379      1.392353      1.329830      1.531413      1.170460      1.102113      1.151761      1.095053 
     1.440761      1.490399      1.539995      1.317796      1.228789      1.578134      1.138235      1.043283      1.066388      1.138056 
     1.512254      1.325880      1.437061      1.284824      1.244132      1.609922      1.110743      1.139187      1.054753      1.065920 
     1.442298      1.517528      1.474965      1.332133      1.163073      1.572529      1.225599      1.009787      1.093164      1.072155 
     1.431832      1.335828      1.435337      1.242709      1.279370      1.603337      1.099439      1.070245      1.163787      1.179339 
     1.384287      1.364997      1.429442      1.327345      1.205200      1.603855      1.074652      1.155938      1.161197      1.242912 
     1.414458      1.289643      1.482474      1.371795      1.277992      1.427698      1.246212      1.123712      1.027934      1.111618 
     1.443124      1.444498      1.465491      1.342703      1.217106      1.522439      1.072917      1.121414      1.083084      1.108671 
     1.477260      1.346317      1.388707      1.381453      1.143183      1.536243      1.117388      1.162947      1.191639      1.123050 
     1.433579      1.307310      1.436547      1.284857      1.184427      1.478503      1.068041      1.091468      1.205063      1.077809 
     1.548769      1.395826      1.530674      1.318849      1.253569      1.451656      1.082281      1.183254      1.164485      1.074668 
     1.478172      1.314145      1.471777      1.304557      1.264313      1.487058      1.176330      1.056345      1.150705      1.103420 
     1.438588      1.308541      1.390098      1.312203      1.261900      1.470949      1.136923      1.041028      1.109533      1.017144 
     1.451530      1.325144      1.408375      1.271800      1.225502      1.594191      1.114095      1.098835      1.298766      1.172946 
     1.399561      1.347673      1.505909      1.361460      1.265694      1.634056      1.123379      1.053860      1.198289      1.064163 
     1.469765      1.336021      1.527523      1.307575      1.277462      1.468533      1.165560      1.053518      1.126557      1.084671 
     1.511164      1.248049      1.371094      1.394772      1.233736      1.435536      1.172028      1.091179      1.061788      1.134395 
     1.417253      1.380468      1.449376      1.350011      1.259195      1.523553      1.078542      1.097307      1.095541      1.087512 
     1.394895      1.307474      1.389135      1.382671      1.182883      1.628341      1.085834      1.175283      1.112945      1.138212 
     1.507845      1.335005      1.545812      1.457550      1.261485      1.486869      1.155164      1.166180      1.119804      1.105554 
     1.500763      1.368637      1.469638      1.388780      1.219128      1.492831      1.093855      1.102292      1.129754      1.163615 
     1.491580      1.377376      1.447545      1.374452      1.239725      1.628900      1.193037      1.119542      1.109308      1.118410 
     1.476211      1.291458      1.422253      1.440204      1.220155      1.520779      1.088383      1.041950      1.088046      1.104743 
     1.455767      1.318598      1.534248      1.448027      1.190561      1.587008      1.157908      1.199819      1.163793      1.150378 
     1.470611      1.383251      1.478597      1.455730      1.228989      1.633311      1.127184      1.061302      1.044310      1.064432 
     1.403740      1.353260      1.415561      1.342375      1.219688      1.543468      1.094977      1.198055      1.072259      1.045410 
     1.482908      1.353578      1.531525      1.377616      1.273843      1.608704      1.072587      1.087667      1.119988      1.075715 
     1.454888      1.353961      1.603365      1.348048      1.286533      1.714137      1.162774      1.153587      1.088607      1.275247 
     1.515709      1.339237      1.492767      1.430627      1.268457      1.490923      1.114186      1.099431      1.156833      1.041276 
     1.452023      1.339902      1.484408      1.300692      1.248491      1.497095      1.083818      1.103763      1.108531      1.063720 
     1.472065      1.324439      1.467181      1.318818      1.282731      1.558776      1.099504      1.103989      1.094899      1.143122 
     1.429517      1.462947      1.570554      1.391880      1.247109      1.530434      1.115344      1.189125      1.186777      1.124831 
     1.512097      1.276041      1.464938      1.406049      1.238399      1.526671      1.123687      1.113935      1.149731      1.126032 
     1.575633      1.383387      1.537681      1.437724      1.189767      1.396876      1.035660      1.246468      1.133832      1.188138 
     1.450069      1.351781      1.380542      1.354175      1.266096      1.568121      1.129579      1.143524      1.088141      1.054269 
     1.514466      1.319849      1.469308      1.347904      1.201305      1.537308      1.145091      1.078476      1.069927      1.012417 
     1.421602      1.379052      1.409281      1.279460      1.237526      1.534523      1.011292      1.076840      1.233311      1.128463 
     1.474109      1.379001      1.476166      1.400785      1.247345      1.507246      1.166263      1.120242      1.116778      1.107781 
     1.439049      1.439633      1.430194      1.326627      1.176553      1.464566      1.138599      1.054985      1.050512      1.099151 
     1.440208      1.372871      1.398721      1.359161      1.159862      1.442937      1.170328      1.158074      1.107110      1.168645 
     1.542548      1.373729      1.466629      1.396998      1.226035      1.554326      1.145619      1.083690      1.116417      1.182044 
     1.428095      1.331645      1.458575      1.336023      1.243153      1.457568      1.066823      1.169947      1.099785      1.115481 
     1.451685      1.341285      1.294020      1.316870      1.248780      1.433002      1.101451      1.192493      1.083067      1.223260 
     1.381163      1.370508      1.424946      1.284015      1.242013      1.630267      1.139318      1.119949      1.026253      1.178982 
     1.499872      1.356347      1.405458      1.362470      1.244727      1.598972      1.095025      1.165047      1.044257      1.159694 
     1.451554      1.366324      1.385583      1.371566      1.263028      1.623891      1.059489      1.151298      1.068155      1.160400 
     1.409551      1.358957      1.419407      1.244871      1.224758      1.560993      1.046381      1.165308      1.190430      1.108313 
     1.482589      1.372288      1.487871      1.332988      1.229612      1.447355      1.182460      1.116929      1.152829      1.133672 
     1.377626      1.414708      1.419583      1.250959      1.212138      1.666396      1.182430      1.119927      1.115440      1.097277 
     1.493340      1.410511      1.557205      1.379894      1.256222      1.493764      1.083783      1.084925      1.108196      1.136663 
     1.398205      1.432550      1.445129      1.382995      1.208337      1.477258      1.141923      1.051554      1.128687      1.124177 
     1.494394      1.333299      1.510413      1.424066      1.231120      1.516308      1.139592      1.150254      1.136553      1.084786 
     1.420930      1.308435      1.432342      1.283860      1.255029      1.515897      1.146597      1.193098      1.143949      1.130811 
     1.568996      1.340239      1.450472      1.349686      1.224525      1.621407      1.078811      1.098571      1.067706      1.116554 
     1.494500      1.392344      1.571595      1.363076      1.174904      1.562153      1.125373      1.148634      1.204939      1.215565 
     1.419998      1.342259      1.501825      1.301385      1.222343      1.500440      1.150475      1.046090      1.133854      1.196748 
     1.599232      1.331006      1.495462      1.362835      1.289737      1.543421      1.149588      1.182231      1.103564      1.174529 
     1.481226      1.392939      1.697556      1.285253      1.291470      1.605119      1.062459      1.114782      1.110355      1.011356 
     1.581730      1.409944      1.451090      1.371750      1.288453      1.433658      1.117386      1.178661      1.165983      1.224486 
     1.395570      1.338128      1.497922      1.403658      1.227791      1.471275      1.136660      1.149931      1.097803      1.177147 
     1.511578      1.319914      1.530168      1.314141      1.208461      1.454779      1.082284      1.157755      1.111220      1.114343 
     1.602410      1.328158      1.487206      1.436015      1.239511      1.549078      1.121617      1.068789      1.058858      1.056953 
     1.437605      1.409657      1.445613      1.303654      1.228838      1.576977      1.121226      1.118309      1.087772      1.108430 
     1.533719      1.330732      1.476769      1.482583      1.241074      1.471026      1.185089      1.000636      1.087432      1.052909 
     1.496616      1.262326      1.375512      1.338525      1.263868      1.679627      1.097855      1.066526      1.158872      1.178209 
     1.590126      1.365371      1.528967      1.340433      1.201067      1.514935      1.132369      1.074625      1.154156      1.236621 
     1.474857      1.367207      1.406005      1.341511      1.169930      1.562989      1.252689      1.162646      1.012198      1.099709 
     1.466707      1.342583      1.483740      1.394888      1.295951      1.555685      1.083400      1.109534      1.119716      1.092017 
     1.416483      1.320310      1.495747      1.472736      1.196996      1.484103      1.086141      1.205362      1.142834      1.160512 
     1.431086      1.430241      1.359522      1.417689      1.185881      1.585414      1.049358      1.106516      1.109398      1.093271 
     1.477335      1.381188      1.410920      1.444067      1.211097      1.546073      1.131258      1.166154      1.105422      1.105687 
     1.353858      1.380253      1.471294      1.336453      1.252558      1.519800      1.167894      1.086995      1.114680      1.126424 
     1.429340      1.289583      1.339904      1.386906      1.271468      1.501095      1.088089      1.070120      1.162050      1.179062 
     1.368120      1.251614      1.525045      1.399278      1.289347      1.575993      1.093713      1.168613      1.184845      1.096334 
     1.478610      1.311205      1.442687      1.360954      1.206905      1.558066      1.143281      1.090969      1.164845      1.113739 
     1.401604      1.364867      1.439058      1.385178      1.221286      1.618483      1.133677      1.112598      1.166428      1.069058 
     1.396353      1.355891      1.446955      1.345479      1.224687      1.555803      1.203247      1.055414      1.089631      1.129459 
     1.511425      1.301731      1.420060      1.362048      1.211439      1.574824      1.057711      1.108442      1.040579      1.077038 
     1.442438      1.312302      1.500320      1.318061      1.208575      1.560292      1.106299      1.129542      1.142867      1.142119 
     1.397901      1.396439      1.605677      1.377470      1.272930      1.478948      1.179568      1.142465      1.124619      1.131481 
     1.393311      1.362035      1.390710      1.376523      1.192797      1.545056      1.089440      1.124282      1.089736      1.167724 
     1.477581      1.449003      1.526336      1.361820      1.197484      1.482032      1.056203      1.089661      1.160419      1.168109 
     1.467522      1.308914      1.379557      1.313132      1.277008      1.497036      1.066660      1.073153      1.103445      1.112017 
     1.557737      1.354579      1.404032      1.285844      1.219283      1.543150      1.138582      1.163740      1.185603      1.103110 
     1.452631      1.353614      1.566023      1.314141      1.185960      1.496695      1.146696      1.090569      1.062846      1.024752 
     1.467288      1.339491      1.501084      1.276506      1.218124      1.499467      1.076170      1.220184      1.091274      1.040762 
     1.635298      1.278035      1.415017      1.361930      1.265974      1.565579      1.109735      1.035951      1.097286      1.061241 
     1.505594      1.341925      1.540521      1.368836      1.252666      1.556808      1.173495      1.166741      1.146093      1.283947 
     1.507259      1.378995      1.393122      1.329725      1.287753      1.591163      1.127301      1.047692      1.130545      1.039551 
     1.418258      1.342122      1.432212      1.420454      1.201191      1.627278      1.106041      1.062464      1.162312      1.036988 
     1.457183      1.379797      1.399089      1.422158      1.169128      1.501744      1.157182      1.053287      1.141338      1.080519 
     1.551301      1.321995      1.482980      1.352088      1.227365      1.467856      1.146779      1.078710      1.140744      1.195026 
     1.400121      1.357410      1.511653      1.363699      1.224908      1.492450      1.102076      1.133206      1.136435      1.135721 
     1.445378      1.512563      1.407323      1.323846      1.279909      1.518096      1.057179      1.282727      1.142743      1.185564 
     1.434943      1.377001      1.495281      1.299469      1.257974      1.494101      1.130071      1.151597      1.086745      1.091987 
     1.488037      1.352375      1.500032      1.414987      1.233184      1.563077      1.069740      1.173300      1.084978      1.030530 
     1.453959      1.308420      1.454517      1.403285      1.134202      1.609707      1.100159      1.076311      1.234383      1.146554 
     1.476607      1.370565      1.555366      1.344016      1.294564      1.530912      1.139270      1.151264      1.085287      1.128497 
     1.418628      1.409235      1.525222      1.406712      1.266400      1.514347      1.122576      1.041260      1.148975      1.101631 
     1.490045      1.368606      1.451634      1.454054      1.262497      1.527958      1.196946      1.115254      1.163757      1.133366 
     1.488965      1.452877      1.437866      1.387632      1.198462      1.526492      1.044204      1.071935      1.125019      1.192624 
     1.356336      1.368737      1.514416      1.338250      1.279026      1.556356      1.078977      1.142549      1.138855      1.097800 
     1.439902      1.381067      1.440871      1.257111      1.248273      1.595073      1.146606      1.157922      1.047896      1.086344 
     1.467898      1.326789      1.495810      1.297001      1.283760      1.469341      1.185256      1.127556      1.054805      1.169663 
     1.507364      1.372977      1.443100      1.292384      1.199753      1.466576      1.099122      1.114526      1.114963      1.091831 
     1.518336      1.321119      1.568812      1.296681      1.166652      1.551054      1.131270      1.073564      1.061497      1.138527 
     1.400261      1.354903      1.503417      1.372968      1.238037      1.521546      1.029973      1.135379      1.181534      1.126489 
     1.486210      1.380819      1.427425      1.313713      1.227315      1.587857      1.149709      1.110507      1.177528      1.146314 
     1.436453      1.246480      1.514107      1.349897      1.240913      1.460162      1.120557      1.169385      1.088838      1.110871 
     1.541819      1.361219      1.399652      1.364594      1.266412      1.572054      1.059913      1.116217      1.106965      1.092483 
     1.465951      1.296833      1.451388      1.298084      1.213538      1.477999      1.105448      1.154783      1.177111      1.051405 
     1.472487      1.449202      1.462913      1.397981      1.174080      1.470805      1.207534      1.165422      1.066712      1.063316 
     1.417254      1.306396      1.409196      1.361582      1.266694      1.470129      1.160924      1.160122      1.098517      1.137562 
     1.586178      1.303416      1.375465      1.304505      1.226003      1.521721      1.135884      1.095473      1.072532      1.109916 
     1.420067      1.358162      1.471118      1.290871      1.220482      1.493851      1.086871      1.121295      1.178359      1.197829 
     1.440885      1.324895      1.447639      1.319966      1.204898      1.518689      1.152443      1.104822      1.130996      1.201567 
     1.517728      1.392297      1.412493      1.308138      1.231145      1.522467      1.087936      1.204652      1.131705      1.138856 
     1.489485      1.368429      1.439091      1.402725      1.209823      1.527504      1.078709      1.080068      1.114050      1.028790 
     1.431259      1.308898      1.468945      1.416401      1.251893      1.593326      1.137070      1.159977      1.130135      1.244318 
     1.497372      1.417157      1.474332      1.366709      1.214902      1.602076      1.123342      1.167207      1.071975      1.177897 
     1.382479      1.456261      1.380602      1.423138      1.163240      1.532554      1.086205      1.149180      1.118817      1.163307 
     1.548417      1.388732      1.342761      1.283019      1.228150      1.554689      1.148443      1.200569      1.096906      1.068780 
     1.475482      1.343763      1.455344      1.400368      1.214006      1.447655      1.133081      1.110692      1.126126      1.098486 
     1.470705      1.414497      1.421376      1.390157      1.252960      1.648223      1.184298      0.989684      1.120628      1.056371 
     1.372992      1.409129      1.607586      1.288749      1.253479      1.582911      1.110142      1.077348      1.139773      1.190758 
     1.439397      1.413808      1.470489      1.402063      1.266568      1.586041      1.138331      1.064543      1.176089      1.171603 
     1.444251      1.391787      1.500761      1.337740      1.137826      1.547764      1.144235      1.133654      1.064269      1.059238 
     1.530030      1.340089      1.477587      1.365039      1.261320      1.617951      1.101956      1.069186      1.123768      1.084934 
     1.380598      1.397851      1.522768      1.330068      1.285810      1.645612      1.126700      1.198394      1.057427      1.152092 
     1.566961      1.377430      1.592401      1.317576      1.280091      1.517429      1.050414      1.136531      1.043698      1.151670 
     1.472335      1.324422      1.533184      1.463763      1.218415      1.537178      1.207756      1.158895      1.071595      1.089206 
     1.493992      1.291924      1.502335      1.391269      1.264896      1.511748      1.125444      1.167972      1.087201      1.140805 
     1.428632      1.304006      1.541861      1.381694      1.215750      1.490425      1.058419      1.123028      1.169546      1.217673 
     1.524239      1.356681      1.450046      1.386697      1.234852      1.431408      1.034634      1.111268      1.204067      1.095867 
     1.389950      1.342023      1.435135      1.394109      1.188938      1.452786      1.155553      1.154991      1.092381      1.180391 
     1.483166      1.329466      1.494297      1.361407      1.155826      1.539591      1.074062      1.168974      1.157559      1.130503 
     1.445773      1.389607      1.656019      1.335441      1.251522      1.520173      1.181649      1.160351      1.107316      1.097901 
     1.433491      1.325376      1.504046      1.337521      1.213742      1.619487      1.107680      1.086923      1.050447      1.064220 
     1.387965      1.412285      1.452824      1.245946      1.259659      1.474685      1.157026      1.161152      1.141709      1.111519 
     1.509629      1.294283      1.397381      1.452773      1.230001      1.508659      1.190024      1.091766      1.154445      1.130565 
     1.505747      1.261847      1.387484      1.300362      1.241016      1.514953      1.133883      1.081618      1.052411      1.217554 
     1.498600      1.347341      1.402373      1.449516      1.174671      1.445306      1.037406      1.103361      1.228547      1.163336 
     1.410293      1.380389      1.445281      1.285507      1.268604      1.502004      1.077815      1.098860      1.132196      1.123244 
     1.542762      1.277804      1.401265      1.425550      1.250352      1.468746      1.111232      1.157122      1.153730      1.144085 
     1.403902      1.316765      1.438310      1.360748      1.273118      1.550570      1.174466      1.117178      1.111281      1.062896 
     1.450661      1.373876      1.381705      1.326005      1.190095      1.538447      1.117014      1.134940      1.127419      1.030701 
     1.400067      1.347466      1.444226      1.388455      1.210334      1.568160      1.131258      1.067746      1.077740      1.115454 
     1.525123      1.455672      1.365591      1.364560      1.191095      1.463251      1.172849      1.190880      1.162866      1.225261 
     1.426593      1.347323      1.536449      1.338423      1.204853      1.625802      1.051240      1.110733      1.168692      1.002462 
     1.607992      1.338453      1.483555      1.402310      1.192792      1.555053      1.094992      1.057173      1.155644      1.089666 
     1.502174      1.393944      1.491624      1.390878      1.152464      1.520634      1.113303      1.117306      1.118142      1.048854 
     1.450867      1.259449      1.345927      1.461956      1.251979      1.603865      1.086362      1.034123      1.135877      1.153513 
     1.449746      1.379805      1.391835      1.345312      1.209387      1.562932      1.074165      1.127922      1.125089      1.111317 
     1.569157      1.275329      1.521207      1.475106      1.239015      1.557747      1.054185      1.280137      1.117478      1.160616 
     1.435606      1.322504      1.605251      1.507486      1.241069      1.460389      1.149447      1.122221      1.071116      1.067253 
     1.442199      1.379661      1.595092      1.381667      1.249113      1.534911      1.120062      1.188059      1.069808      1.122475 
     1.445943      1.442978      1.554383      1.359529      1.182468      1.557638      1.179808      1.087131      1.180580      1.166211 
     1.497976      1.321519      1.493796      1.369493      1.253416      1.513932      1.079757      1.158367      1.112995      1.137208 
     1.503601      1.384009      1.438103      1.306464      1.249506      1.568241      1.106936      1.075486      1.158196      1.066801 
     1.531056      1.315329      1.584243      1.371338      1.265475      1.479403      1.186477      1.092731      1.193764      1.065079 
     1.509308      1.425182      1.539739      1.319275      1.217955      1.555502      1.036991      1.067249      1.119821      1.121241 
     1.560328      1.363850      1.451576      1.356849      1.213693      1.518319      1.128416      1.028457      1.104894      1.089834 
     1.432695      1.349156      1.549953      1.303695      1.172873      1.642392      1.171335      1.134033      1.027900      1.062852 
     1.476325      1.382210      1.383010      1.454360      1.199598      1.529412      1.143726      1.141669      1.060158      1.253260 
     1.346704      1.384087      1.423730      1.365745      1.198260      1.530128      1.126788      1.070640      1.150704      1.048808 
     1.363604      1.414728      1.402105      1.374833      1.156398      1.601247      1.146749      1.058689      1.082238      1.068367 
     1.594721      1.402678      1.539277      1.417780      1.240391      1.470294      1.079098      1.104669      1.126882      1.151844 
     1.475930      1.336751      1.478836      1.367490      1.208330      1.484885      1.126284      1.150289      1.176415      1.142536 
     1.388135      1.342361      1.396722      1.397661      1.240861      1.494547      1.115787      1.121718      1.100323      1.151662 
     1.541084      1.391975      1.348618      1.294974      1.263644      1.551060      1.050843      1.121922      1.101673      1.085501 
     1.446006      1.317164      1.356764      1.337045      1.257105      1.560341      1.101191      1.160965      1.190190      1.037489 
     1.455255      1.336156      1.382272      1.328585      1.195552      1.541395      1.159207      1.128687      0.994410      1.095517 
     1.437316      1.340176      1.455741      1.371767      1.227197      1.453299      1.110822      1.162053      1.083237      1.105184 
     1.456204      1.418816      1.480679      1.328397      1.295645      1.519361      1.152654      1.071871      1.151871      1.092159 
     1.427417      1.328929      1.431406      1.316106      1.316332      1.475244      1.069424      1.063388      1.183157      1.115340 
     1.401544      1.371849      1.399506      1.336572      1.173464      1.520518      1.156601      1.085340      1.134071      1.183543 
     1.383803      1.391235      1.498096      1.380428      1.189099      1.483051      1.116524      1.117956      1.147799      1.093732 
     1.466639      1.346385      1.432270      1.453662      1.179799      1.518628      1.090583      1.026718      1.089600      1.047492 
     1.447283      1.341914      1.592716      1.325529      1.176146      1.475537      1.177981      1.106559      1.095706      1.205906 
     1.620648      1.348200      1.489782      1.362107      1.193628      1.532926      1.102217      1.136082      1.095210      1.132774 
     1.555263      1.346731      1.540619      1.362892      1.177843      1.538485      1.154180      1.097201      1.099857      1.152585 
     1.437818      1.326040      1.465932      1.452934      1.233876      1.544057      1.157559      1.181858      1.094373      1.073629 
     1.452914      1.352828      1.452290      1.355120      1.195436      1.542597      1.138719      1.129583      1.118112      1.132868 
     1.532592      1.415997      1.517512      1.305390      1.247956      1.569441      1.204146      1.017417      1.109725      1.073093 
     1.443670      1.402323      1.599557      1.346827      1.273906      1.545551      1.089538      1.133389      1.145774      1.132500 
     1.522031      1.410401      1.584622      1.343858      1.239756      1.474204      1.071943      1.051355      1.228371      1.096246 
     1.526150      1.385553      1.552595      1.420714      1.256879      1.531699      1.117086      1.137805      1.170883      1.074431 
     1.481002      1.380770      1.426476      1.325893      1.204665      1.555161      1.129629      1.076563      1.101530      1.111369 
     1.566469      1.238614      1.409973      1.356892      1.241980      1.550103      1.131627      1.153631      1.048592      1.161545 
     1.444219      1.394454      1.486794      1.355048      1.273081      1.616915      1.063480      1.109346      1.034336      1.153727 
     1.509042      1.378355      1.469846      1.399778      1.209072      1.518073      1.209692      1.128737      1.091536      1.198511 
     1.549990      1.360160      1.394573      1.411419      1.161655      1.538806      1.105150      1.212204      1.136354      1.137481 
     1.509356      1.398403      1.453679      1.365999      1.160382      1.496781      1.061931      1.107392      1.178649      1.218319 
     1.434759      1.434160      1.433046      1.409592      1.178668      1.493215      1.158797      1.134025      1.194449      1.020821 
     1.404448      1.429757      1.420004      1.277676      1.197750      1.492212      1.128848      1.177994      1.065613      1.204834 
     1.410655      1.387544      1.385007      1.375769      1.177678      1.462529      1.100631      1.157808      1.112412      1.186021 
     1.555180      1.297814      1.577545      1.443697      1.261208      1.484093      1.135992      1.141297      1.098803      1.080021 
     1.417476      1.445044      1.445301      1.324873      1.204769      1.525981      1.121914      1.078439      1.054750      1.084521 
     1.408717      1.273001      1.445446      1.386587      1.238170      1.498709      1.170700      1.235842      1.108300      1.089540 
     1.495410      1.274545      1.390819      1.363506      1.272719      1.516979      1.160790      1.095503      1.170107      1.172451 
     1.407607      1.359353      1.414663      1.301047      1.253639      1.524628      1.146516      1.111813      1.074935      1.182750 
     1.405975      1.344078      1.413207      1.299423      1.217291      1.500664      1.061146      1.106541      1.267934      1.095472 
     1.439624      1.331838      1.522595      1.374636      1.182444      1.607695      1.136343      1.094981      1.123921      1.126506 
     1.380396      1.471524      1.493825      1.354771      1.292684      1.596830      1.087229      1.142003      1.086799      1.148851 
     1.497164      1.299959      1.391845      1.279242      1.288374      1.469938      1.162917      1.158680      1.091393      1.143208 
     1.432164      1.310922      1.535574      1.404987      1.184949      1.493614      1.086063      1.134789      1.070309      1.086805 
     1.400933      1.388976      1.555860      1.351209      1.188783      1.531383      1.103580      1.166703      1.102192      1.139155 
     1.438057      1.396913      1.523894      1.318382      1.179329      1.544893      1.143566      1.206214      1.201505      1.178296 
     1.519931      1.325363      1.437607      1.339247      1.193527      1.599686      1.065503      1.113405      1.195076      1.135939 
     1.513244      1.402980      1.445972      1.406861      1.211152      1.615025      1.113226      1.100629      1.088043      1.138960 
     1.472145      1.394311      1.506697      1.366500      1.227126      1.593445      1.066440      1.136617      1.106579      1.086452 
     1.398640      1.389243      1.468795      1.306329      1.275930      1.496342      1.099216      1.065392      1.189571      1.136884 
     1.507607      1.318968      1.502041      1.337987      1.199363      1.599125      1.096885      1.086070      1.095631      1.077694 
     1.489452      1.392630      1.486269      1.358883      1.234279      1.558890      1.022859      1.223330      1.163284      1.173734 
     1.504775      1.394033      1.522986      1.415173      1.272389      1.535244      1.165084      1.084060      1.064081      1.105105 
     1.481579      1.345642      1.608881      1.411748      1.260810      1.578198      1.164029      1.159938      1.007690      1.163567 
     1.532863      1.378679      1.505677      1.375362      1.292822      1.465065      1.185186      1.098921      1.120312      1.101236 
     1.473231      1.400077      1.401581      1.381353      1.183806      1.463008      1.116691      1.170809      1.147651      1.144196 
     1.552392      1.329577      1.433045      1.293914      1.225234      1.516827      1.091789      1.100472      1.167812      1.099114 
     1.420211      1.393978      1.541203      1.386875      1.284507      1.586153      1.182633      1.137407      1.203434      1.139587 
     1.482082      1.386926      1.417313      1.388179      1.188524      1.579808      1.062319      1.118505      1.200132      1.061752 
     1.458042      1.352467      1.411171      1.420523      1.146364      1.586213      1.119075      1.055368      1.074095      1.105976 
     1.498553      1.356674      1.389963      1.437205      1.156484      1.522389      1.153121      1.152042      1.134715      1.035717 
     1.431190      1.395589      1.525707      1.333505      1.175691      1.571275      1.102975      1.112574      1.132332      1.237510 
     1.437438      1.223691      1.484042      1.368036      1.201395      1.519123      1.134046      1.053922      1.147316      1.047020 
     1.456737      1.276700      1.464125      1.328881      1.211341      1.469663      1.090554      1.092328      1.117661      1.057538 
     1.543008      1.318013      1.426332      1.451880      1.298582      1.602535      1.085439      1.113229      1.120563      1.188586 
     1.443785      1.374953      1.403829      1.396495      1.192912      1.515232      1.108994      1.169135      1.196046      1.125528 
     1.414460      1.424915      1.481215      1.241497      1.205177      1.488691      1.172079      1.060062      1.118497      1.145055 
     1.369427      1.305625      1.466548      1.336362      1.265606      1.499604      1.094261      1.100835      1.080611      1.081164 
     1.427252      1.283117      1.422971      1.306814      1.230107      1.509965      1.080600      1.110676      1.204508      1.083489 
     1.411967      1.276843      1.438402      1.317184      1.271277      1.601168      1.194393      1.111792      1.012203      1.128272 
     1.463986      1.442419      1.493875      1.310304      1.157025      1.542253      1.078722      1.165438      1.099315      1.085017 
     1.516486      1.320206      1.497676      1.451863      1.264041      1.521668      1.150115      1.094052      1.184606      1.044333 
     1.439211      1.290322      1.402292      1.350829      1.231296      1.457243      1.082713      1.060250      1.155034      1.065243 
     1.467994      1.409632      1.490169      1.337041      1.184251      1.554020      1.133919      1.124436      1.150811      1.063938 
     1.519289      1.357217      1.472624      1.429697      1.173062      1.511929      1.136487      1.055596      1.129040      1.087104 
     1.430414      1.378421      1.537943      1.294361      1.181616      1.580741      1.095497      1.029431      1.040009      1.128205 
     1.437961      1.414757      1.364910      1.362827      1.203316      1.538992      1.203177      1.149202      1.008145      1.101506 
     1.460096      1.501415      1.455460      1.395070      1.220728      1.522771      1.101545      1.102589      1.152494      1.079165 
     1.462117      1.393099      1.419530      1.365457      1.267969      1.641157      1.147459      1.089790      1.128275      1.149976 
     1.402405      1.376105      1.547934      1.279179      1.257124      1.502283      1.145617      1.171076      1.039164      1.092285 
     1.407879      1.406613      1.518239      1.321376      1.205196      1.544659      1.111497      1.159814      1.149910      1.121578 
     1.512180      1.297054      1.431557      1.507314      1.221074      1.538990      1.254995      1.002515      1.077294      1.058182 
     1.556843      1.517675      1.446076      1.339447      1.263027      1.588618      1.070442      1.139303      1.093011      1.085106 
     1.492548      1.451557      1.490880      1.374275      1.260162      1.594728      1.066235      1.083118      1.246062      1.058439 
     1.491220      1.385399      1.457020      1.364882      1.298747      1.519151      1.042593      1.086611      1.186040      1.150935 
     1.440568      1.299884      1.449225      1.466383      1.164708      1.488425      1.093553      1.072749      1.094524      1.121824 
     1.543456      1.396216      1.389201      1.346412      1.245235      1.507512      1.153278      1.132745      1.096742      1.152045 
     1.551718      1.431508      1.532562      1.363090      1.266468      1.513894      1.051748      1.058323      1.054771      1.055731 
     1.459684      1.376560      1.486707      1.301891      1.184151      1.547317      1.178948      1.093550      1.059212      1.154976 
     1.403941      1.474501      1.517282      1.315364      1.152206      1.512416      1.134964      1.179548      1.154548      1.105215 
     1.498385      1.420879      1.436109      1.416827      1.171131      1.475497      1.088719      1.090615      1.054145      1.227834 
     1.543573      1.313502      1.540542      1.420633      1.210953      1.547169      1.151399      1.082055      1.141822      1.047353 
     1.485826      1.342748      1.395958      1.274403      1.205672      1.492128      1.110969      1.163498      1.105497      1.174371 
     1.432736      1.352992      1.471239      1.288736      1.282664      1.484065      1.162511      1.105756      1.088323      1.171337 
     1.457962      1.528628      1.396910      1.326409      1.308442      1.566261      1.142339      1.145046      1.167836      1.071395 
     1.507883      1.318969      1.447835      1.351575      1.191909      1.491090      1.105089      1.077267      1.052337      1.106364 
     1.428254      1.355532      1.482135      1.373095      1.168275      1.604134      1.066320      1.184815      1.092956      1.100938 
     1.401904      1.308303      1.427583      1.257256      1.266995      1.512046      1.087063      1.152559      1.170626      1.149992 
     1.402873      1.310007      1.483128      1.316255      1.202688      1.472218      1.146266      1.113181      1.066451      1.120548 
     1.453970      1.315497      1.490659      1.269572      1.295402      1.552275      1.105444      1.143769      1.228870      1.106610 
     1.450266      1.408718      1.459827      1.362014      1.156952      1.593443      1.159463      1.106201      1.112370      1.164563 
     1.561104      1.332747      1.455576      1.356935      1.211942      1.572766      1.101233      1.115607      1.037237      1.203325 
     1.392550      1.364681      1.425636      1.305809      1.172429      1.574891      1.146369      1.144981      1.104831      1.124845 
     1.497064      1.347720      1.418144      1.422142      1.219018      1.562630      1.120724      1.100509      1.090612      1.203994 
     1.556283      1.363959      1.385063      1.377436      1.184630      1.526560      1.074291      1.204847      1.106842      1.112009 
     1.436004      1.270081      1.469712      1.426829      1.184612      1.541186      1.145336      1.216140      1.128892      1.190027 
     1.376959      1.350083      1.436225      1.334346      1.210268      1.488513      1.039440      1.122778      1.284218      1.216705 
     1.433518      1.333973      1.542611      1.474343      1.221493      1.535416      1.141414      1.171177      1.060843      1.172833 
     1.491298      1.294421      1.483197      1.403157      1.263295      1.540970      1.103706      1.098466      1.079996      1.113034 
     1.480441      1.218876      1.483609      1.379888      1.305786      1.474736      1.070830      1.076294      1.215149      1.150609 
     1.436211      1.359815      1.400229      1.399567      1.210973      1.594984      1.133457      1.096515      1.093762      1.101555 
     1.465140      1.461782      1.413764      1.334748      1.174212      1.468159      1.049197      1.268850      1.160529      1.157102 
     1.483737      1.377852      1.503279      1.487214      1.286936      1.598765      1.138983      1.083345      1.153492      1.152289 
     1.534879      1.429551      1.390536      1.383591      1.218314      1.588700      1.185782      1.138537      1.025855      1.193225 
     1.465699      1.369693      1.416857      1.378297      1.285344      1.548734      1.223788      1.160070      1.060273      1.048197 
     1.454424      1.410365      1.431343      1.318298      1.162026      1.499274      1.159855      1.142696      1.131356      1.125202 
     1.468516      1.358106      1.508909      1.428762      1.290229      1.486359      1.072914      1.103109      1.071784      1.098500 
     1.539135      1.383282      1.494818      1.442738      1.201040      1.472053      1.192267      1.170111      1.163231      1.201910 
     1.404485      1.295887      1.536687      1.375634      1.201928      1.449756      1.061502      1.124169      1.146785      1.113058 
     1.416476      1.350943      1.566904      1.431856      1.178569      1.537247      1.051900      1.083735      1.085087      1.147564 
     1.488077      1.439669      1.493828      1.328705      1.196913      1.562611      1.133977      1.174385      1.171678      0.994127 
     1.509426      1.429980      1.553360      1.333509      1.234475      1.616883      1.109160      1.181779      1.104572      1.172378 
     1.401538      1.347457      1.376003      1.290195      1.221351      1.640690      1.092567      1.071744      1.108339      1.081026 
     1.417067      1.348754      1.405092      1.344945      1.299632      1.571727      1.056678      1.105877      1.102944      1.065409 
     1.444926      1.472120      1.519456      1.404503      1.287405      1.513494      1.118592      1.078395      1.071053      1.153354 
     1.410441      1.361650      1.519376      1.288980      1.212105      1.581011      1.126142      1.166187      1.203291      1.121211 
     1.488165      1.352294      1.466095      1.457443      1.167540      1.550489      1.202050      1.117331      1.133412      1.138158 
     1.386508      1.268568      1.449659      1.264179      1.243996      1.467294      1.162458      1.084335      1.065765      1.073218 
     1.405274      1.352464      1.490801      1.382469      1.183267      1.538970      1.100066      1.107723      1.193872      1.152682 
     1.457168      1.322398      1.472317      1.329322      1.298635      1.483085      1.127354      1.074812      1.057397      1.144070 
     1.499309      1.388806      1.472094      1.418559      1.188943      1.514087      1.070524      1.119700      1.113799      1.064076 
     1.569982      1.334608      1.436574      1.330737      1.212916      1.516772      1.128844      1.117382      1.180285      1.040162 
     1.412311      1.357488      1.445264      1.350963      1.138197      1.566841      1.110796      1.111802      1.137334      1.134857 
     1.578600      1.417393      1.422452      1.348251      1.223268      1.543439      1.078961      1.140091      1.172871      1.060272 
     1.487494      1.371373      1.408250      1.316792      1.179215      1.557509      1.149069      1.053574      1.121266      1.138204 
     1.430802      1.385627      1.370034      1.312974      1.197870      1.558307      1.078072      1.037734      1.163111      1.143795 
     1.444485      1.293410      1.430471      1.358616      1.194851      1.452862      1.155400      1.127488      1.035648      1.063462 
     1.541530      1.411417      1.474304      1.356499      1.232136      1.459674      1.120621      1.048856      1.193859      1.068064 
     1.502955      1.324190      1.483485      1.289063      1.278009      1.510272      1.098459      1.125192      1.170707      1.055679 
     1.425691      1.410373      1.478737      1.327532      1.256248      1.530615      1.196363      1.141541      1.079926      1.125810 
     1.521048      1.352822      1.446983      1.393837      1.226075      1.478338      1.094990      1.123060      1.149759      1.104409 
     1.418656      1.369760      1.449391      1.354367      1.170822      1.448427      1.224566      1.026172      1.109752      1.065351 
     1.560071      1.408327      1.512311      1.435540      1.293609      1.590170      1.129028      1.129233      1.079954      1.085827 
     1.484468      1.331026      1.468442      1.435567      1.174901      1.473790      1.050139      1.083354      1.226862      1.038006 
     1.462479      1.328329      1.468182      1.336727      1.268770      1.600079      1.029369      1.079626      1.228535      1.201070 
     1.410125      1.354219      1.453828      1.310181      1.195603      1.570440      1.079636      1.126209      1.111763      1.113499 
     1.359697      1.428145      1.587843      1.349845      1.262484      1.568865      1.155528      1.136146      1.205053      1.136007 
     1.499183      1.455540      1.466883      1.411137      1.154823      1.505668      1.040770      1.061972      1.056692      1.060451 
     1.388429      1.387056      1.474670      1.329592      1.218993      1.506732      1.126136      1.146772      1.093337      1.080320 
     1.468007      1.377031      1.553565      1.402306      1.236664      1.467613      1.181511      1.121279      1.119050      1.099023 
     1.487496      1.288919      1.567295      1.413600      1.243319      1.555630      1.091977      1.073089      1.088118      1.203093 
     1.487497      1.428976      1.459066      1.384709      1.243538      1.636605      1.179098      1.040423      1.253821      1.081788 
     1.377097      1.294272      1.477058      1.344598      1.227606      1.593485      1.127989      1.146347      1.140499      1.121932 
     1.472728      1.336878      1.438905      1.358699      1.293351      1.509825      1.135438      1.108851      1.136728      1.104153 
     1.482641      1.353148      1.520880      1.414248      1.292987      1.525258      1.094733      1.132170      1.164463      1.079762 
     1.435002      1.334419      1.410849      1.382310      1.231423      1.607474      1.089293      1.110842      1.050591      1.084617 
     1.472104      1.419210      1.491109      1.346396      1.202774      1.642747      1.058038      1.168301      1.087649      1.083846 
     1.377845      1.288975      1.364658      1.310044      1.232222      1.550413      1.058287      1.135765      1.131190      1.135138 
     1.457923      1.420674      1.468340      1.386440      1.194123      1.536106      1.107741      1.114953      1.097740      1.051808 
     1.426828      1.329787      1.393634      1.382045      1.259254      1.486299      1.154074      1.193577      1.148515      1.113768 
     1.488771      1.358014      1.468008      1.412991      1.214613      1.509091      1.147055      1.110770      1.118382      1.176649 
     1.637283      1.292059      1.420497      1.343105      1.253123      1.584560      1.131432      1.104752      1.111884      1.183299 
     1.481821      1.314089      1.454346      1.485694      1.137874      1.523061      1.139103      1.106342      1.135701      1.103551 
     1.566548      1.328170      1.455810      1.348424      1.216753      1.553366      1.158931      1.097304      1.071381      1.222169 
     1.441196      1.342240      1.424807      1.332522      1.199245      1.541574      1.115911      1.193245      1.123638      1.067073 
     1.446565      1.347164      1.376138      1.365472      1.221421      1.476793      1.155709      1.200611      1.047448      1.164065 
     1.364918      1.335508      1.507620      1.347242      1.192377      1.497380      1.075523      1.184083      1.169511      1.143618 
     1.499166      1.398266      1.455837      1.366184      1.241603      1.517468      1.132283      1.183022      1.046904      1.161610 
     1.440875      1.336132      1.454094      1.356879      1.311984      1.478687      1.127736      1.112989      1.079214      1.132824 
     1.474508      1.360563      1.356178      1.285156      1.295106      1.595167      1.059025      1.107721      1.203395      1.133784 
     1.458803      1.359146      1.502080      1.326493      1.229895      1.503305      1.154227      1.087635      1.090699      1.116437 
     1.467047      1.310265      1.396784      1.385455      1.201181      1.550267      1.072588      1.250117      1.160204      1.126741 
     1.525804      1.364866      1.606327      1.432395      1.267579      1.543619      1.106082      1.124040      1.169976      1.146258 
     1.476011      1.389237      1.440212      1.314931      1.172774      1.503207      1.178978      1.189734      1.029290      1.199610 
     1.512129      1.341209      1.576696      1.324872      1.280907      1.570062      1.190314      1.176296      1.050580      1.036316 
     1.449580      1.318644      1.391373      1.344995      1.211686      1.575417      1.178560      1.143700      1.097735      1.126377 
     1.377526      1.387065      1.553936      1.326336      1.236684      1.489283      1.065315      1.081484      1.015270      1.118769 
     1.410399      1.484185      1.481223      1.375038      1.100138      1.604706      1.206866      1.160791      1.160029      1.167785 
     1.396245      1.384440      1.433375      1.329237      1.241423      1.522937      1.128528      1.070797      1.117424      1.163525 
     1.559735      1.410493      1.442362      1.321972      1.260372      1.521750      1.046748      1.154567      1.096401      1.093905 
     1.408352      1.420741      1.499183      1.293531      1.276364      1.603811      1.144418      1.186113      1.174757      1.045576 
     1.550230      1.313956      1.466995      1.390924      1.218853      1.617107      1.075361      1.182976      1.009639      1.188843 
     1.417581      1.341446      1.511151      1.314335      1.210020      1.529407      1.078268      1.076724      1.087053      1.124644 
     1.482107      1.311631      1.540084      1.297772      1.286681      1.572014      1.110197      1.084056      1.064642      1.151650 
     1.437678      1.363924      1.648536      1.370324      1.279077      1.451625      1.146032      1.095411      1.066875      1.128084 
     1.437958      1.327780      1.431991      1.330208      1.241960      1.573376      1.140797      1.135016      1.183644      1.143462 
     1.468976      1.455629      1.514101      1.344593      1.221512      1.483790      1.182251      1.105487      1.172533      1.156948 
     1.374334      1.352989      1.340521      1.306002      1.224576      1.524475      1.169149      1.100930      1.111651      1.079141 
     1.510328      1.385687      1.443654      1.397206      1.214682      1.564521      1.146543      1.091037      1.144273      1.216937 
     1.433197      1.416110      1.403841      1.315487      1.222494      1.515884      1.083376      1.023656      1.113035      1.135773 
     1.438138      1.433516      1.534645      1.311414      1.233488      1.478123      1.095616      1.094372      1.105203      1.065510 
     1.550365      1.390521      1.401098      1.349227      1.288010      1.586277      1.114770      1.169056      1.180090      1.079668 
     1.538630      1.401562      1.439816      1.462129      1.133714      1.486328      1.115758      1.133258      1.127028      1.158580 
     1.514749      1.327579      1.471212      1.390132      1.235586      1.512925      1.115706      1.128069      1.151611      1.086233 
     1.418991      1.294079      1.524212      1.383233      1.222027      1.551319      1.125932      1.061700      1.116613      1.143329 
     1.543682      1.257775      1.457710      1.343072      1.234814      1.522117      1.084795      1.077870      1.187213      1.073579 
     1.385723      1.380749      1.409586      1.375568      1.210586      1.602501      1.153418      1.128635      1.243560      1.102592 
     1.475384      1.329654      1.394919      1.440194      1.221653      1.578791      1.158031      1.066260      1.203415      1.086753 
     1.435843      1.347524      1.407167      1.384582      1.309887      1.540513      1.074678      1.082005      1.156709      1.115422 
     1.447176      1.304286      1.369861      1.407512      1.272714      1.571597      1.185119      1.105842      1.094962      1.126645 
     1.468204      1.331558      1.407077      1.395157      1.254169      1.552720      1.107762      1.137874      1.153903      1.109118 
     1.453080      1.322569      1.412103      1.388396      1.214903      1.558251      1.196842      1.012887      1.060970      1.124842 
     1.563968      1.399935      1.474879      1.448031      1.230674      1.541738      1.137983      1.071163      1.064928      1.075443 
     1.396590      1.347280      1.457636      1.340081      1.196745      1.553860      1.058697      1.048351      1.194085      1.063208 
     1.505099      1.362471      1.534203      1.364089      1.230629      1.543602      1.068068      1.111661      1.159087      1.216358 
     1.494755      1.347707      1.391325      1.361991      1.230525      1.515400      1.055219      1.133090      1.138788      1.123871 
     1.429245      1.289070      1.519994      1.355740      1.253960      1.503243      1.146612      1.171059      1.249842      1.104740 
     1.414935      1.388306      1.457687      1.414741      1.101813      1.579582      1.041134      1.077711      1.042918      1.083214 
     1.468311      1.309092      1.457010      1.340374      1.241714      1.524775      1.054196      1.166775      1.158971      1.067805 
     1.570134      1.374217      1.364763      1.377954      1.238802      1.511846      1.209969      1.058115      1.108794      1.156746 
     1.407967      1.404139      1.420549      1.398448      1.261388      1.573461      1.090932      1.050178      1.139220      1.204279 
     1.529524      1.385673      1.500797      1.319503      1.218452      1.475553      1.194286      1.048095      1.200983      1.037785 
     1.435389      1.335803      1.509648      1.375073      1.216193      1.487371      1.141521      1.151263      1.141909      1.068731 
     1.466671      1.358270      1.484463      1.301009      1.282608      1.533301      1.121464      1.117089      1.174055      1.080697 
     1.504084      1.395749      1.551567      1.260781      1.283908      1.512672      1.091525      1.117304      1.297180      1.120768 
     1.456909      1.336513      1.482507      1.323150      1.247408      1.488257      1.080243      1.115984      1.058912      1.075812 
     1.453795      1.344210      1.502297      1.436609      1.240020      1.481374      1.076428      1.198501      1.118742      1.073475 
     1.389900      1.290087      1.495240      1.332514      1.220563      1.520489      1.089210      1.092705      1.145476      1.114098 
     1.593578      1.343301      1.458343      1.379517      1.239178      1.514897      1.088366      1.145425      1.122803      1.033912 
     1.451662      1.341952      1.457730      1.371058      1.186340      1.524638      1.178668      1.215791      1.147065      1.113107 
     1.442269      1.351079      1.475092      1.373987      1.243073      1.574641      1.116718      1.137815      1.124412      1.160743 
     1.475184      1.386139      1.446671      1.351866      1.290026      1.550682      1.116768      1.065682      1.073444      1.139434 
     1.557129      1.515005      1.492103      1.386673      1.167620      1.440339      1.176384      1.086335      1.110718      1.065383 
     1.488280      1.470552      1.439173      1.298658      1.234342      1.503301      1.063313      1.132881      1.080700      1.102371 
     1.370183      1.442986      1.610579      1.286703      1.251539      1.481222      1.090408      1.138954      1.109646      1.113285 
     1.452495      1.353237      1.535230      1.272336      1.273362      1.514536      1.142854      1.142356      1.025408      1.178682 
     1.498313      1.314019      1.455774      1.411097      1.251214      1.553607      1.093728      1.086767      1.054837      1.194603 
     1.488502      1.391291      1.417340      1.357656      1.217998      1.547921      1.093577      1.142919      1.052604      1.145568 
     1.481921      1.354530      1.437472      1.323232      1.301177      1.487787      1.118185      1.139158      1.096827      1.051987 
     1.458408      1.326684      1.456267      1.369899      1.262727      1.477337      1.059154      1.147158      1.113445      1.084587 
     1.409497      1.351959      1.457452      1.349494      1.256272      1.656288      1.119960      1.094228      1.105635      1.122235 
     1.453570      1.354579      1.401165      1.293365      1.227952      1.607568      1.062002      1.261654      1.202516      1.086184 
     1.469089      1.441853      1.484191      1.432856      1.207244      1.585160      1.083849      1.151988      1.175310      1.141176 
     1.314425      1.358806      1.455721      1.326593      1.235648      1.563938      1.138134      1.215935      1.055237      1.193100 
     1.412582      1.411793      1.484838      1.353747      1.198259      1.530595      1.122553      1.176638      1.065386      1.014618 
     1.445856      1.290501      1.463076      1.322178      1.248826      1.551894      1.157775      1.130541      1.092235      1.120258 
     1.474326      1.383889      1.549615      1.292549      1.276673      1.530875      1.099510      1.107765      1.024144      1.141803 
     1.389561      1.295726      1.457813      1.403412      1.138077      1.535469      1.232471      1.123636      1.209604      1.140496 
     1.493512      1.296387      1.461781      1.346997      1.218449      1.498503      1.156017      1.101181      1.092427      1.185853 
     1.562406      1.299274      1.375456      1.431386      1.212787      1.564000      1.044234      1.193542      1.092147      1.075298 
     1.535760      1.310084      1.436402      1.407225      1.238878      1.526604      1.161150      1.184295      1.080230      1.074455 
     1.492744      1.361246      1.456742      1.348935      1.226321      1.554661      1.086049      1.184290      1.131399      1.173341 
     1.449546      1.379911      1.403945      1.391111      1.250718      1.483166      1.086119      1.117024      1.131960      1.180228 
     1.453402      1.330939      1.488042      1.368639      1.302875      1.550800      1.117334      1.121420      1.085319      1.115241 
     1.459913      1.349578      1.550646      1.415046      1.275161      1.562919      1.156442      1.165408      1.043752      1.118790 
     1.485223      1.334611      1.385233      1.358429      1.238408      1.504172      1.153412      1.109450      1.161467      1.139285 
     1.425035      1.454118      1.502836      1.369781      1.255386      1.483113      1.149291      1.073082      1.167797      1.114503 
     1.499676      1.303232      1.429941      1.337952      1.185653      1.457915      1.146656      1.144093      1.087041      1.130968 
     1.545257      1.390480      1.450204      1.351268      1.250952      1.571784      1.134596      1.111181      1.103957      1.239325 
     1.527869      1.343353      1.499833      1.380842      1.191372      1.526043      1.096287      1.064230      1.112327      1.160373 
     1.440104      1.372181      1.462752      1.383042      1.246783      1.547048      1.172967      1.088737      1.084575      1.076569 
     1.447137      1.268764      1.430358      1.402541      1.274645      1.497677      1.086093      1.169904      1.181413      1.133062 
     1.502865      1.453198      1.421849      1.418227      1.219480      1.564526      1.048534      1.125717      1.125487      1.166666 
     1.469678      1.331354      1.487281      1.430411      1.241471      1.530928      1.174896      1.072303      1.110996      1.163756 
     1.436446      1.333966      1.507425      1.360561      1.247404      1.575160      1.111047      1.114718      1.129339      1.102837 
     1.384348      1.298982      1.434205      1.355910      1.274353      1.646586      1.102008      1.087989      1.220161      1.056310 
     1.533575      1.320142      1.472966      1.324554      1.253952      1.592693      1.156199      1.168950      1.210006      1.075333 
     1.436119      1.272198      1.533285      1.321834      1.238588      1.609100      1.138146      1.065656      1.178056      1.120586 
     1.480171      1.311539      1.450136      1.299460      1.279870      1.479516      1.090387      1.082117      1.164982      1.178946 
     1.452495      1.360424      1.455521      1.239511      1.254340      1.510467      1.180985      1.066198      1.260343      1.183902 
     1.480382      1.347890      1.507673      1.315455      1.240234      1.596819      1.113888      1.126201      1.139003      1.126075 
     1.498648      1.281351      1.430824      1.303115      1.243562      1.609561      1.188356      1.052244      1.028205      1.135506 
     1.426031      1.471461      1.477890      1.405999      1.187124      1.557377      1.151886      1.102797      1.060088      1.095225 
     1.446512      1.303479      1.428565      1.309422      1.247417      1.526842      1.113675      1.028394      1.178405      1.073187 
     1.391918      1.427590      1.371183      1.350962      1.176415      1.503105      1.119366      1.040752      1.161782      1.221917 
     1.462148      1.341510      1.401343      1.362527      1.235268      1.481480      1.081008      1.068130      1.137118      1.121962 
     1.487676      1.380334      1.469492      1.330336      1.320386      1.552456      1.096769      1.162844      1.243465      1.088081 
     1.454420      1.334354      1.497704      1.242461      1.227462      1.506119      1.090391      1.131859      1.050241      1.102451 
     1.480140      1.327871      1.411877      1.337541      1.213195      1.549017      1.110047      1.100643      1.135552      1.077158 
     1.541314      1.340362      1.485795      1.344500      1.218302      1.562761      1.210344      1.062317      1.134273      1.152308 
     1.532182      1.360886      1.509343      1.322324      1.263971      1.505850      1.054619      1.066763      1.212767      1.164523 
     1.376869      1.341586      1.476794      1.474253      1.251760      1.464158      1.114360      1.065972      1.168032      1.096063 
     1.466546      1.397584      1.431496      1.377935      1.264328      1.498844      1.158621      1.111033      1.099153      1.032101 
     1.440421      1.359090      1.469480      1.347075      1.305353      1.574647      1.105206      1.097469      1.131081      1.140973 
     1.518432      1.369556      1.395936      1.407139      1.252677      1.610172      1.091964      1.106323      1.148868      1.139732 
     1.363742      1.403008      1.459318      1.375046      1.227256      1.456734      1.084572      1.119907      1.060270      1.085943 
     1.445495      1.407038      1.472704      1.403712      1.261028      1.478872      1.137520      1.260365      1.121284      1.144454 
     1.449309      1.345410      1.433060      1.334074      1.148118      1.547322      1.122918      1.083640      1.167722      1.082664 
     1.425877      1.346155      1.491094      1.474824      1.263435      1.586978      1.105162      1.099112      1.124668      1.022133 
     1.499654      1.455064      1.563337      1.312583      1.194255      1.646163      1.148773      1.099785      1.102028      1.138985 
     1.463795      1.367950      1.489143      1.313879      1.236533      1.576938      1.084873      1.168968      1.154853      1.150253 
     1.432323      1.330911      1.456941      1.309535      1.257935      1.453120      1.108971      1.054634      1.168552      1.076460 
     1.472770      1.344316      1.461851      1.564082      1.266984      1.550238      1.231123      1.103379      1.151515      1.088547 
     1.471025      1.385340      1.529449      1.343295      1.234745      1.513516      1.072735      1.160533      1.129765      1.075972 
     1.531056      1.348038      1.388437      1.381018      1.239878      1.468756      1.141113      1.081822      1.090911      1.132526 
     1.459069      1.294119      1.409270      1.338716      1.274449      1.519719      1.142131      1.142614      1.057499      1.160559 
     1.582960      1.356672      1.452603      1.281826      1.241708      1.568186      1.126474      1.049620      1.003614      1.149606 
     1.445067      1.298844      1.432919      1.327364      1.254068      1.516770      1.112245      1.135980      1.077725      1.151978 
     1.477770      1.288103      1.425611      1.348302      1.257638      1.577644      1.139949      1.128826      1.070294      1.063845 
     1.400981      1.297971      1.513551      1.402904      1.222483      1.446803      1.060013      1.174528      1.006442      1.053242 
     1.517988      1.306417      1.444669      1.358915      1.228063      1.567727      1.109956      1.109816      1.101116      1.106051 
     1.413872      1.288411      1.453866      1.314614      1.234571      1.620262      1.031799      1.153989      1.208643      1.119475 
     1.491549      1.450358      1.442473      1.413583      1.133295      1.512401      1.103598      1.136825      1.200913      1.088732 
     1.496577      1.325442      1.419029      1.279890      1.261384      1.477293      1.082305      1.211362      1.092955      1.256150 
     1.444299      1.300434      1.397478      1.415736      1.167060      1.465203      1.127080      1.224742      1.069773      1.016031 
     1.393652      1.331977      1.450469      1.365400      1.230360      1.572138      1.112890      1.143886      1.102214      1.109143 
     1.462980      1.299873      1.457409      1.407884      1.293848      1.597810      1.134719      1.147794      1.018358      1.139066 
     1.442246      1.335652      1.404916      1.226684      1.289099      1.525109      1.156573      1.077953      1.201532      1.103335 
     1.485094      1.322631      1.401330      1.351205      1.221651      1.536937      1.065129      1.157975      1.113351      1.132177 
     1.484184      1.362797      1.517605      1.322027      1.230504      1.579422      1.069130      1.173798      1.080375      1.110181 
     1.470856      1.340304      1.472907      1.381887      1.282909      1.566089      1.215548      1.190729      1.030228      1.155046 
     1.377584      1.391807      1.411245      1.359925      1.258335      1.521093      1.118775      1.147519      1.253733      1.179809 
     1.469616      1.393148      1.533313      1.350212      1.254002      1.512061      1.076930      1.153486      1.138491      1.216257 
     1.476080      1.417729      1.509742      1.300392      1.275173      1.455472      1.116721      1.141750      1.086256      1.075805 
     1.513370      1.405199      1.445546      1.332523      1.232866      1.551418      1.115681      1.161292      1.265148      1.083440 
     1.456323      1.364904      1.444025      1.341069      1.213148      1.586316      1.150717      1.116903      1.153017      1.140657 
     1.538710      1.384628      1.449780      1.366374      1.219761      1.556227      1.090075      1.032261      1.155840      1.052591 
     1.409854      1.382999      1.451913      1.384919      1.122117      1.625686      1.098510      1.151894      1.094168      1.087628 
     1.464150      1.436919      1.497727      1.329400      1.259076      1.595448      1.094872      1.167639      1.092165      1.239480 
     1.456156      1.427312      1.496092      1.450641      1.225130      1.546500      1.073265      1.151649      1.142492      1.086381 
     1.513886      1.322444      1.426346      1.359176      1.241297      1.555613      1.162466      1.119338      1.083124      1.079373 
     1.471894      1.347805      1.451195      1.314390      1.263291      1.536226      1.129840      1.163318      1.044318      1.216896 
     1.545461      1.459222      1.594587      1.345912      1.267730      1.574048      1.024132      1.128916      1.075938      1.125705 
     1.427781      1.409762      1.548286      1.354626      1.246522      1.421963      1.131556      1.121175      1.095744      1.185186 
     1.547795      1.358394      1.405589      1.293005      1.198515      1.526603      1.063622      1.168437      1.141650      1.088523 
     1.496077      1.356658      1.455636      1.252672      1.239957      1.535596      1.092034      1.073114      1.225517      1.070489 
     1.476924      1.277329      1.477695      1.423230      1.234244      1.607700      1.127895      1.175875      1.230548      1.155739 
     1.415963      1.337659      1.363149      1.300369      1.235676      1.597379      1.126292      1.085381      1.139438      1.091987 
     1.419522      1.347257      1.419703      1.332417      1.260409      1.624825      1.083172      1.095834      1.135729      1.163783 
     1.449848      1.344373      1.423981      1.414904      1.245323      1.548589      1.169330      1.079347      1.196160      1.119162 
     1.407163      1.394688      1.464613      1.314259      1.231375      1.519403      1.128832      1.119103      1.143850      1.128309 
     1.359839      1.384645      1.461589      1.328308      1.212031      1.463864      1.232189      1.164769      1.069258      1.144844 
     1.459911      1.347407      1.444040      1.470578      1.121550      1.486562      1.132363      1.125142      1.039801      1.126334 
     1.452055      1.322061      1.370209      1.350112      1.227144      1.533434      1.120648      1.053148      1.128168      0.991378 
     1.472385      1.321709      1.480962      1.284816      1.197822      1.453191      1.122175      1.045633      1.175648      1.220497 
     1.422242      1.447781      1.490508      1.333617      1.227193      1.487177      1.130471      1.080744      1.125500      1.091684 
     1.443451      1.382829      1.518311      1.355676      1.230983      1.501567      1.067449      1.084339      1.208663      1.095901 
     1.362860      1.251550      1.323343      1.386942      1.258508      1.482765      1.176419      1.157887      1.075997      1.143649 
     1.479108      1.255366      1.415958      1.385253      1.237691      1.589714      1.179725      1.068273      1.075689      1.135947 
     1.384268      1.324249      1.505181      1.406425      1.238487      1.641483      1.168439      1.091164      1.182376      1.115822 
     1.419695      1.344756      1.457302      1.385590      1.277358      1.666012      1.034888      1.075158      1.222270      1.057017 
     1.484815      1.366181      1.467353      1.306312      1.251081      1.465136      1.106338      1.124800      1.017340      1.020194 
     1.473419      1.370322      1.537719      1.415573      1.220985      1.560176      1.174449      1.076288      1.113561      1.034730 
     1.509636      1.332393      1.458628      1.393567      1.231562      1.452840      1.104090      1.099905      1.139719      1.178610 
     1.495869      1.314627      1.525672      1.373016      1.216671      1.450052      1.123735      1.049920      0.989896      1.163517 
     1.519557      1.331589      1.471864      1.369196      1.224565      1.582433      1.091963      1.099744      1.071968      1.082818 
     1.508518      1.329174      1.468443      1.398973      1.195238      1.536280      1.233843      1.207718      1.057981      1.201892 
     1.476506      1.427514      1.500028      1.329991      1.128978      1.546756      1.141957      1.056693      1.146886      1.157086 
     1.501464      1.331855      1.633150      1.369417      1.237450      1.537372      1.138077      1.053360      1.161583      1.098997 
     1.458473      1.388263      1.430982      1.423685      1.241257      1.617079      1.236418      1.104469      1.093602      1.166028 
     1.467851      1.333750      1.427702      1.348573      1.220181      1.474813      1.103882      1.100148      1.171197      1.130822 
     1.494016      1.296226      1.426982      1.444911      1.246304      1.614117      1.110158      1.110208      1.235730      1.037784 
     1.549309      1.429139      1.703467      1.364354      1.285750      1.510400      1.199092      1.123356      1.166312      1.122878 
     1.405470      1.362609      1.542518      1.374875      1.239219      1.554170      1.140651      1.097573      1.126041      1.066532 
     1.513954      1.315544      1.431519      1.391780      1.204493      1.505590      1.161931      1.062022      1.100968      1.122318 
     1.493873      1.334000      1.396363      1.417272      1.245387      1.452384      1.119545      1.157713      1.037542      1.088156 
     1.437527      1.455244      1.422909      1.364774      1.239373      1.559896      1.093946      1.049477      1.231041      1.132226 
     1.447155      1.318186      1.387982      1.377083      1.190389      1.447352      1.115000      1.096383      1.114767      1.132526 
     1.428381      1.362754      1.480356      1.318367      1.219843      1.567731      1.149418      1.114083      1.097507      1.099833 
     1.444733      1.441683      1.444768      1.343572      1.203631      1.515864      1.100778      1.138802      1.070861      1.170772 
     1.438722      1.339009      1.408589      1.370152      1.216596      1.454678      1.084820      1.154513      1.101103      1.096042 
     1.431475      1.331895      1.454091      1.418975      1.190725      1.507763      1.013568      1.053926      1.104549      1.119207 
     1.465190      1.434154      1.362553      1.343268      1.153754      1.540690      1.133386      1.087571      1.178867      1.125761 
     1.369921      1.307729      1.369787      1.404818      1.213335      1.521209      1.122318      1.181447      1.127930      1.277144 
     1.440148      1.331985      1.429330      1.307278      1.241339      1.582417      1.118050      1.160450      1.050664      1.051620 
     1.474060      1.356260      1.492070      1.386464      1.218807      1.575832      1.094799      1.137322      1.111457      1.119396 
     1.420445      1.415879      1.526654      1.287166      1.176139      1.491849      1.140963      1.166048      1.121483      1.172613 
     1.386232      1.324537      1.347253      1.293505      1.212764      1.531639      1.056975      1.041757      1.168647      1.081033 
     1.502071      1.375099      1.406262      1.322110      1.241785      1.528855      1.071624      1.154388      1.142022      1.096991 
     1.467619      1.414451      1.477368      1.315843      1.240028      1.528959      1.080658      1.139311      1.048411      1.122137 
     1.486902      1.362018      1.511949      1.292748      1.247246      1.564610      1.164157      1.194383      1.087339      1.144965 
     1.515653      1.281099      1.470329      1.335519      1.238426      1.541370      1.153695      1.104394      1.227531      1.193814 
     1.437388      1.419268      1.535378      1.387208      1.186019      1.596043      1.076402      1.127583      1.114481      1.207984 
     1.459629      1.416874      1.438317      1.396099      1.185399      1.523871      1.118123      1.112132      1.073172      1.038844 
     1.528331      1.337661      1.481421      1.368484      1.205346      1.547228      1.122944      1.188700      1.282662      1.109780 
     1.477701      1.350320      1.487576      1.365174      1.218042      1.633871      1.113882      1.105427      1.169918      1.137692 
     1.480068      1.368439      1.445605      1.320021      1.193698      1.691453      1.073438      1.077613      1.167713      1.043182 
     1.460873      1.358708      1.510580      1.397158      1.188576      1.510374      1.098208      1.157090      1.132106      1.061614 
     1.565409      1.376503      1.497094      1.367242      1.218984      1.522620      1.102344      1.209360      1.026257      1.135427 
     1.535387      1.398838      1.499249      1.333957      1.242594      1.507925      1.009032      1.135763      1.169079      1.075945 
     1.468989      1.362850      1.420497      1.331092      1.208122      1.504963      1.120080      1.162343      1.083462      1.104658 
     1.494967      1.396992      1.388810      1.437593      1.182572      1.532201      1.100923      1.117825      1.011967      1.210815 
     1.568078      1.385772      1.520965      1.449984      1.245180      1.563303      1.102795      1.121760      1.077328      1.071302 
     1.449154      1.384616      1.484393      1.330324      1.218055      1.651771      1.061055      1.162103      1.132744      1.160433 
     1.420268      1.388426      1.452814      1.319736      1.207593      1.669344      1.080217      1.166612      1.043766      1.100009 
     1.388795      1.413860      1.424368      1.340375      1.256540      1.552600      1.137680      1.081018      1.260844      1.177532 
     1.392371      1.424634      1.480392      1.343031      1.269012      1.533476      1.132413      1.225457      1.027733      1.145723 
     1.437909      1.335419      1.396859      1.370887      1.149567      1.481332      1.138031      1.143857      1.122067      1.150185 
     1.474625      1.357078      1.490200      1.392722      1.154016      1.495197      1.099601      1.114665      1.109690      1.148693 
     1.517737      1.389684      1.449746      1.353110      1.179215      1.476771      1.100281      1.166693      1.140563      1.046025 
     1.406502      1.305024      1.447099      1.345543      1.193090      1.524096      1.129766      1.114777      1.121628      1.125665 
     1.495103      1.442523      1.443387      1.319334      1.193072      1.415511      1.265205      1.225568      1.188186      1.120417 
     1.408594      1.307892      1.458586      1.398910      1.192154      1.539432      1.075744      1.158476      1.057644      1.093065 
     1.393004      1.407942      1.491268      1.284489      1.190904      1.499000      1.083089      1.092686      1.166311      1.017973 
     1.364898      1.330557      1.428235      1.363162      1.281789      1.557962      1.153086      1.106967      1.209831      1.164070 
     1.508426      1.345664      1.480557      1.394740      1.220567      1.477557      1.148190      1.115334      1.143796      1.104447 
     1.408687      1.324655      1.554261      1.419514      1.127495      1.505639      1.118587      1.083499      1.165492      1.096570 
     1.376764      1.379758      1.493562      1.248564      1.192969      1.486196      1.212126      1.206228      1.091706      1.138834 
     1.468745      1.365362      1.443393      1.376986      1.231842      1.401523      1.166689      1.098693      1.076445      1.145686 
     1.526007      1.312403      1.437124      1.340644      1.215256      1.487541      1.162538      1.124159      1.124347      1.086101 
     1.558914      1.273697      1.434467      1.338424      1.232862      1.563968      1.082226      1.044909      1.157529      1.109917 
     1.519324      1.334432      1.401965      1.335374      1.223119      1.573992      1.081538      1.137515      1.117314      1.051202 
     1.490759      1.418474      1.468034      1.396433      1.154648      1.607432      1.161337      1.112542      1.108220      1.041438 
     1.417785      1.416302      1.438985      1.393296      1.130515      1.643846      1.095032      1.115635      1.165012      1.209389 
     1.376190      1.425548      1.529872      1.365554      1.194724      1.541035      1.096959      1.089053      1.015339      1.122658 
     1.507026      1.375489      1.446886      1.403942      1.215260      1.579412      1.140382      1.107676      1.071588      1.095660 
     1.427578      1.341258      1.470182      1.355024      1.207257      1.616095      1.166699      1.145202      1.117812      1.176425 
     1.494786      1.448777      1.436114      1.382396      1.228017      1.516708      1.097770      1.105161      1.085062      1.123053 
     1.496526      1.426748      1.444520      1.463309      1.197342      1.564070      1.146467      1.033638      1.251265      1.111671 
     1.579109      1.343030      1.453153      1.371182      1.246231      1.528009      1.213460      1.080045      1.077845      1.139804 
     1.387884      1.405372      1.448919      1.329575      1.210588      1.531469      1.099879      1.076175      1.170178      1.099604 
     1.530924      1.388084      1.481633      1.373139      1.137587      1.572934      1.123959      1.115529      1.250254      1.052740 
     1.516601      1.420200      1.412035      1.482067      1.178819      1.562983      1.114417      1.098377      1.126093      1.183824 
     1.441270      1.303780      1.513814      1.417196      1.217087      1.620195      1.189113      1.054159      1.103940      1.084925 
     1.422305      1.379892      1.490348      1.345824      1.236924      1.616813      1.149324      1.064066      1.199144      1.064988 
     1.423871      1.397290      1.531525      1.314813      1.281675      1.545558      1.104536      1.131182      1.012950      1.044344 
     1.529964      1.351243      1.494074      1.426347      1.251618      1.442582      1.101811      1.069967      1.314754      1.090250 
     1.381250      1.358660      1.475114      1.387429      1.152198      1.512595      1.098056      1.065390      1.141000      1.062280 
     1.468847      1.408576      1.454925      1.413256      1.114317      1.470922      1.133382      1.114099      1.096717      1.116154 
     1.549741      1.300266      1.448886      1.440986      1.182676      1.533513      1.159689      1.058080      1.242316      1.238976 
     1.443230      1.360837      1.427865      1.325182      1.201067      1.503692      1.089721      1.117358      1.116782      1.100644 
     1.482178      1.390905      1.412274      1.376010      1.187750      1.513232      0.993970      1.044042      1.037129      1.143335 
     1.481408      1.301587      1.466532      1.335833      1.224480      1.484536      1.130769      1.065184      1.138578      1.177946 
     1.456801      1.319815      1.516892      1.357141      1.171669      1.471805      1.152946      1.107320      1.053602      1.194977 
     1.434921      1.357889      1.496108      1.286282      1.260721      1.540676      1.131696      1.088016      1.041273      1.097468 
     1.585888      1.398858      1.400146      1.359818      1.200924      1.539504      1.119902      1.107895      1.092526      1.104682 
     1.409706      1.493871      1.450626      1.380786      1.143858      1.593518      1.130970      1.177081      1.132805      1.136951 
     1.423998      1.296333      1.508355      1.370368      1.179230      1.558630      1.055463      1.041958      1.145144      1.122175 
     1.429872      1.420311      1.465390      1.334493      1.209607      1.448158      1.148893      1.116276      1.169974      1.107722 
     1.428790      1.370723      1.413599      1.339639      1.209174      1.456366      1.080113      1.117118      1.142413      1.075390 
     1.457528      1.366151      1.400574      1.353072      1.233989      1.548425      1.150387      1.204053      1.117605      1.123789 
     1.389232      1.348616      1.429007      1.307858      1.226028      1.685892      1.186369      1.064690      1.082906      1.155795 
     1.562467      1.385956      1.426358      1.388328      1.170376      1.499572      1.087496      1.074021      1.133060      1.178000 
     1.456845      1.416084      1.487493      1.384325      1.111657      1.569191      1.134005      1.095109      1.080711      1.040117 
     1.437469      1.411660      1.442225      1.288853      1.185858      1.564113      1.144695      1.131458      1.155630      1.101242 
     1.426252      1.426359      1.548288      1.362602      1.209503      1.525340      1.116975      1.125504      1.178426      1.127975 
     1.418031      1.328246      1.497620      1.338298      1.198836      1.613593      1.253656      1.106789      1.117599      1.076086 
     1.414701      1.451392      1.489007      1.398587      1.238468      1.533364      1.156902      1.108818      1.156532      1.106131 
     1.415986      1.407186      1.409076      1.466236      1.165450      1.587168      1.088164      1.193264      1.047872      1.195087 
     1.476524      1.356449      1.416343      1.418222      1.284702      1.557006      1.042032      1.156678      1.201958      1.091862 
     1.352716      1.314586      1.497920      1.371117      1.194405      1.591348      1.133719      1.170295      1.078471      1.129574 
     1.499834      1.351828      1.551585      1.354247      1.119583      1.484297      1.100539      1.114949      1.005356      1.195746 
     1.482678      1.536758      1.414254      1.364287      1.150488      1.522562      1.195794      1.175781      1.101896      1.047763 
     1.547954      1.372068      1.404204      1.330019      1.198945      1.595689      1.055622      1.161453      1.123636      1.143208 
     1.546713      1.305820      1.533540      1.395005      1.243800      1.582706      1.108854      1.182640      1.077716      1.091844 
     1.561104      1.280434      1.527451      1.376957      1.242176      1.539470      1.142881      1.133476      1.225691      1.202066 
     1.617460      1.392734      1.446774      1.368336      1.214250      1.452731      1.113395      1.135219      1.030267      1.150968 
     1.412486      1.396696      1.473854      1.356979      1.198731      1.542639      1.140409      1.140212      1.104918      1.181828 
     1.449971      1.460305      1.377626      1.438918      1.107326      1.489033      1.090096      1.106040      1.152079      1.148625 
     1.448355      1.413518      1.535681      1.389870      1.200667      1.567090      1.118125      1.175465      1.043926      1.006198 
     1.458777      1.304729      1.380446      1.351103      1.197839      1.610620      1.120263      1.119962      1.109707      1.115155 
     1.431869      1.375493      1.439366      1.386405      1.191755      1.608202      1.289437      1.213767      1.212326      1.068292 
     1.500897      1.323485      1.398540      1.327176      1.231332      1.518012      1.121675      1.144453      1.109886      1.056626 
     1.464902      1.377701      1.499149      1.320545      1.178686      1.561936      1.102739      1.189977      1.198848      1.075496 
     1.492744      1.318479      1.455223      1.307782      1.221985      1.493948      1.037995      1.160008      1.203883      1.114394 
     1.487481      1.394565      1.433321      1.423259      1.189097      1.508375      1.127455      1.160178      1.151124      1.131574 
     1.482124      1.358658      1.410574      1.463355      1.158141      1.621178      1.109816      1.067523      1.098517      1.146044 
     1.428725      1.357371      1.504086      1.340037      1.159338      1.611054      1.166938      1.192219      1.114300      1.119920 
     1.361044      1.466938      1.498914      1.358202      1.192265      1.473270      1.100162      1.149440      1.114293      1.121832 
     1.361662      1.374652      1.401620      1.304954      1.198645      1.601389      1.135324      1.171036      1.033182      1.113039 
     1.440475      1.410385      1.404918      1.315062      1.248861      1.556542      1.077226      1.029178      1.170022      1.091988 
     1.375106      1.335680      1.461704      1.331127      1.226099      1.583626      1.087285      1.169176      1.310287      1.120749 
     1.475033      1.323009      1.442077      1.386357      1.207133      1.527274      1.148134      1.146481      1.075001      1.101407 
     1.430490      1.400468      1.550707      1.341334      1.110246      1.599691      1.094097      1.123497      1.135397      1.161859 
     1.506581      1.285240      1.401240      1.379403      1.190359      1.488224      1.030246      1.125417      1.159522      1.220753 
     1.482799      1.390225      1.470092      1.385852      1.200825      1.493651      1.125733      1.103149      1.073921      1.122123 
     1.462439      1.379059      1.459829      1.339581      1.200203      1.480371      0.972787      1.109909      1.144636      1.098702 
     1.448876      1.429205      1.504324      1.395756      1.242033      1.503193      1.064926      1.143021      1.084665      1.136521 
     1.457812      1.429078      1.411659      1.345923      1.170644      1.490613      1.094232      1.096745      1.232537      1.053102 
     1.448173      1.424046      1.504338      1.329893      1.276862      1.558059      1.133777      1.126449      1.062675      1.123469 
     1.454015      1.350155      1.467708      1.323377      1.186322      1.477975      1.086480      1.047088      1.158172      1.101506 
     1.478094      1.416003      1.483394      1.352162      1.151195      1.526857      1.156042      1.118501      1.223640      1.062996 
     1.513902      1.370001      1.452701      1.499519      1.150609      1.468267      1.033663      1.090936      1.135231      1.199667 
     1.629157      1.322462      1.417670      1.343936      1.194814      1.543932      1.173231      1.095597      1.131338      1.113771 
     1.578839      1.387930      1.488689      1.352534      1.223549      1.520485      1.167980      1.070712      1.107596      1.169004 
     1.528935      1.367497      1.457312      1.329078      1.202230      1.575846      1.108964      1.110773      1.023068      1.045500 
     1.500809      1.404758      1.423927      1.445594      1.197436      1.464492      1.128154      1.156774      1.169029      1.060613 
     1.492033      1.298417      1.452897      1.362377      1.234252      1.578054      1.105979      1.119615      1.129712      1.051979 
     1.468329      1.361447      1.396998      1.515331      1.119321      1.561406      1.117146      1.126383      1.093052      1.135664 
     1.420470      1.501102      1.510055      1.336235      1.194376      1.550027      1.187131      1.077112      1.201394      1.195740 
     1.407619      1.366580      1.486680      1.319698      1.198943      1.562792      1.124938      1.110027      1.144113      1.109092 
     1.461190      1.397498      1.509235      1.357471      1.199109      1.602377      1.224730      1.108889      1.052027      1.150001 
     1.417005      1.306051      1.411525      1.341456      1.232733      1.532931      1.069804      1.108280      1.097794      1.202042 
     1.487332      1.374618      1.430296      1.367485      1.214094      1.592690      1.146956      1.026293      1.065709      1.204205 
     1.432097      1.333817      1.370240      1.371878      1.210406      1.581493      1.215071      1.064339      1.059168      1.123790 
     1.443088      1.435244      1.435113      1.396982      1.197125      1.532914      1.165271      1.100837      1.106126      1.078740 
     1.539403      1.372903      1.478347      1.318587      1.181585      1.507009      1.089868      1.153378      1.184866      1.055936 
     1.447848      1.388462      1.433026      1.294714      1.161614      1.586009      1.140542      1.091929      1.095811      1.111855 
     1.354939      1.385402      1.489828      1.420330      1.186425      1.620335      1.178942      1.055731      1.166050      1.112606 
     1.411156      1.340434      1.476121      1.364774      1.205413      1.511492      1.071403      1.025841      1.144824      1.120650 
     1.412627      1.325719      1.518700      1.410436      1.255878      1.425981      1.181361      1.194523      1.135396      1.148442 
     1.457380      1.318704      1.522986      1.308466      1.202568      1.608921      1.141718      1.056360      1.007008      1.131007 
     1.429239      1.421283      1.447956      1.348520      1.248307      1.465678      1.071343      1.054813      1.160184      1.072442 
     1.452065      1.402433      1.452349      1.387627      1.132524      1.543764      1.139238      1.105377      1.104064      1.069548 
     1.493843      1.327051      1.422486      1.335812      1.170194      1.469993      1.165990      1.071506      1.092291      1.067159 
     1.478195      1.377204      1.475990      1.445864      1.198860      1.460266      1.105876      1.111371      1.155903      1.122688 
     1.419744      1.343718      1.386354      1.366705      1.199766      1.500752      1.259140      1.078664      1.098961      1.158981 
     1.498742      1.362480      1.509835      1.420933      1.238187      1.536648      1.146193      1.085921      1.131669      1.100326 
     1.407320      1.343388      1.519481      1.362015      1.211668      1.507600      1.132713      1.096168      1.039184      1.201542 
     1.490880      1.392682      1.599126      1.360946      1.212489      1.487610      1.078098      1.060907      1.181114      1.142769 
     1.440381      1.315402      1.430474      1.323657      1.190027      1.590840      1.146760      1.170326      1.088916      1.119193 
     1.372449      1.403393      1.439952      1.476783      1.181602      1.657810      1.070470      1.132310      1.036369      1.158414 
     1.485467      1.421788      1.549176      1.489715      1.154089      1.518561      1.255545      1.133663      1.094990      1.078951 
     1.611119      1.349145      1.422929      1.354748      1.195049      1.419692      1.084328      1.116585      1.098001      1.097508 
     1.488641      1.382698      1.449100      1.439846      1.198319      1.510579      1.116786      1.183070      1.158579      1.073010 
     1.522937      1.385491      1.378890      1.407869      1.194907      1.565597      1.120491      1.175958      1.221273      1.204479 
     1.477555      1.424915      1.369728      1.429631      1.190710      1.635695      1.130965      1.078129      1.224078      1.226316 
     1.517246      1.304718      1.442465      1.315146      1.285229      1.586947      1.077409      1.078334      1.147881      1.150415 
     1.459481      1.454627      1.554768      1.324711      1.131718      1.537854      1.107224      1.081227      1.128402      1.106226 
     1.459565      1.362253      1.549022      1.437232      1.201928      1.588390      1.094537      1.110724      1.089117      1.077990 
     1.473346      1.359543      1.424060      1.325841      1.184116      1.578430      1.104735      1.130932      1.104269      1.092762 
     1.549161      1.325547      1.542669      1.395591      1.213925      1.673012      1.020752      1.128888      1.192037      1.113042 
     1.413027      1.350921      1.369789      1.314999      1.208414      1.564224      1.172835      1.103316      1.145966      1.042817 
     1.504924      1.316264      1.413023      1.384128      1.263307      1.635520      1.096364      1.182858      1.204417      1.045343 
     1.443981      1.416597      1.390119      1.357591      1.197533      1.476096      1.089832      1.154296      1.182071      1.092833 
     1.452402      1.342346      1.511074      1.443414      1.217211      1.523650      1.087729      1.164813      1.138492      1.164245 
     1.514380      1.347319      1.480178      1.228272      1.189239      1.509997      1.140952      1.100706      1.048236      1.215501 
     1.453551      1.312123      1.395822      1.350964      1.137758      1.467116      1.145572      1.135816      1.137218      1.164825 
     1.440318      1.435609      1.508931      1.314744      1.192012      1.620266      1.053743      1.191342      1.099900      1.123907 
     1.442492      1.327654      1.492184      1.307398      1.195976      1.606957      1.136318      1.227454      1.106786      1.083406 
     1.415965      1.357011      1.562767      1.280128      1.212252      1.570499      1.050120      1.030631      1.084310      1.083322 
     1.451068      1.352105      1.495129      1.309689      1.184546      1.455709      1.116937      1.167845      1.257869      1.117872 
     1.411980      1.330836      1.460993      1.351848      1.287382      1.554268      1.160598      1.135150      1.061655      1.159620 
     1.443975      1.374431      1.345156      1.435984      1.153596      1.513974      1.096099      1.108145      1.167302      1.184232 
     1.492437      1.337673      1.374352      1.335344      1.206353      1.516029      1.066001      1.165006      1.188141      1.191046 
     1.431105      1.463965      1.466261      1.335846      1.192360      1.602455      1.126028      1.125216      1.068099      1.105937 
     1.379125      1.431869      1.394815      1.306672      1.196390      1.390192      1.136897      1.146880      1.167212      1.048762 
     1.471943      1.387646      1.510173      1.394233      1.226403      1.547228      1.129805      1.127585      1.106889      1.143121 
     1.419904      1.416919      1.445403      1.302841      1.247779      1.495009      1.063868      1.192942      1.232396      1.085225 
     1.478832      1.331084      1.539574      1.412266      1.186658      1.521936      1.184675      1.217445      1.061560      1.058383 
     1.428816      1.383537      1.370367      1.306259      1.208392      1.520235      1.086187      1.081659      1.125560      1.130794 
     1.512436      1.409723      1.435101      1.445446      1.190997      1.498879      1.152384      1.078281      1.141365      1.126135 
     1.459730      1.500897      1.545912      1.356884      1.176528      1.669764      0.996054      1.097928      1.151991      1.190574 
     1.452429      1.341821      1.402096      1.439786      1.189624      1.479794      1.114013      1.177233      1.152352      1.143182 
     1.430786      1.398899      1.430219      1.399483      1.163746      1.581886      1.131774      1.093092      1.072539      1.161543 
     1.492665      1.369583      1.425986      1.473573      1.203069      1.546816      1.163082      1.094136      1.068219      1.075037 
     1.510018      1.366232      1.562566      1.497755      1.177975      1.534546      1.081347      1.171403      1.000645      1.033507 
     1.480573      1.324583      1.429201      1.310067      1.311518      1.596324      1.149204      1.161281      1.072953      1.160194 
     1.460208      1.438963      1.552107      1.330964      1.161989      1.606869      1.133935      1.161534      1.124236      1.158014 
     1.537948      1.395300      1.617400      1.333657      1.227207      1.500457      1.167917      1.172445      1.145507      1.186045 
     1.426064      1.303808      1.461967      1.385023      1.181742      1.494835      1.126336      1.123343      1.162963      1.143760 
     1.568423      1.377809      1.494330      1.369894      1.223851      1.540094      1.300929      1.131636      1.082851      1.099228 
     1.392811      1.304188      1.446360      1.405120      1.195903      1.483054      1.053291      1.120849      1.099783      1.182805 
     1.485657      1.346409      1.515013      1.335475      1.257894      1.498712      1.123223      1.108885      1.085718      1.181475 
     1.460198      1.393807      1.486219      1.331272      1.180307      1.592280      1.112672      1.099756      1.077365      1.155137 
     1.511793      1.383706      1.504907      1.362104      1.211295      1.498453      1.125853      1.069796      1.106902      1.072085 
     1.325139      1.344676      1.439847      1.383503      1.180267      1.563276      1.138412      1.138305      1.210838      1.019245 
     1.435435      1.361766      1.418842      1.366743      1.168150      1.416657      1.136269      1.135449      1.090539      1.085183 
     1.574558      1.334371      1.513757      1.359346      1.186264      1.503786      1.162774      1.093205      1.125802      1.087952 
     1.499029      1.349487      1.426827      1.358966      1.187175      1.531086      1.098364      1.022946      1.130056      1.187275 
     1.475991      1.381244      1.462141      1.274979      1.170968      1.486664      1.223113      1.169035      1.176439      1.156204 
     1.443845      1.389896      1.339478      1.337371      1.157228      1.519129      1.111967      1.133904      1.147253      1.127581 
     1.435242      1.288175      1.464385      1.379032      1.305725      1.478833      1.103117      1.095770      1.126991      1.067747 
     1.445714      1.326226      1.412178      1.422786      1.154448      1.480595      1.118626      1.113219      1.045473      1.059724 
     1.359550      1.333598      1.404805      1.403666      1.230440      1.519716      1.131350      1.117839      1.059838      1.087828 
     1.508153      1.410422      1.428840      1.368145      1.194752      1.534422      1.113510      1.092636      1.144817      1.121328 
     1.397340      1.314049      1.456010      1.349462      1.215823      1.516912      1.105407      1.086625      1.063924      1.181682 
     1.510787      1.380994      1.430730      1.353273      1.204971      1.577226      1.071508      1.122527      1.121398      1.125216 
     1.461714      1.333978      1.418695      1.369072      1.301089      1.552146      1.157960      1.064494      1.028129      1.196472 
     1.449844      1.427637      1.425058      1.365562      1.167767      1.511325      1.068926      1.049807      1.168828      1.183517 
     1.380783      1.333794      1.468307      1.312604      1.190000      1.543029      1.193576      1.122238      1.093139      1.075010 
     1.688573      1.370061      1.511036      1.358111      1.211999      1.476222      1.075631      1.165226      1.161947      1.103169 
     1.524025      1.293314      1.529039      1.442189      1.230824      1.723647      1.265240      1.132816      1.095177      1.063842 
     1.339342      1.417870      1.424770      1.369506      1.191243      1.559189      1.158664      1.033486      1.106530      1.105842 
     1.409764      1.445232      1.518147      1.360451      1.164541      1.478476      1.107292      1.210516      1.106423      1.054125 
     1.480409      1.452048      1.508923      1.432967      1.210545      1.483605      1.062272      1.165989      1.150147      1.174778 
     1.494336      1.414085      1.638762      1.327687      1.180624      1.635794      1.128295      1.050786      1.228919      1.214126 
     1.454984      1.306278      1.460592      1.382042      1.299986      1.535809      1.062574      1.065422      1.156979      1.060734 
     1.446042      1.359728      1.510584      1.480417      1.187178      1.606049      1.102216      1.086383      1.091088      1.061936 
     1.545055      1.352693      1.521425      1.328268      1.226447      1.590348      1.081576      1.053864      1.083593      1.031578 
     1.415766      1.402636      1.444510      1.333777      1.189705      1.495847      1.113546      1.130481      1.089781      1.072778 
     1.502452      1.384678      1.431319      1.345253      1.227393      1.582405      1.065457      1.062470      1.157957      1.165208 
     1.395061      1.396200      1.474131      1.343879      1.202319      1.517889      1.128819      1.108656      1.132691      1.073719 
     1.463300      1.367491      1.432750      1.317063      1.274475      1.544080      1.121674      1.109761      1.219158      1.129653 
     1.483305      1.343008      1.579299      1.382413      1.194089      1.494222      1.130101      1.159903      1.133499      1.118938 
     1.531310      1.403246      1.396819      1.377551      1.201417      1.567247      1.090978      1.144678      1.129884      1.153745 
     1.340704      1.371921      1.388046      1.382402      1.192952      1.614936      1.078229      1.116794      1.076667      1.185374 
     1.402004      1.424682      1.415578      1.292269      1.216434      1.481402      1.092058      1.094760      1.158650      1.141960 
     1.634294      1.382045      1.435331      1.302449      1.221782      1.518844      1.087363      1.135911      1.107893      1.121139 
     1.484510      1.313800      1.395561      1.433354      1.177718      1.520538      1.105012      1.220313      1.144519      1.088533 
     1.419834      1.256116      1.416577      1.370185      1.165222      1.652906      1.062151      1.077734      1.092702      1.090690 
     1.392345      1.303838      1.340613      1.427916      1.142727      1.499607      1.141098      1.102465      1.130958      1.123580 
     1.471114      1.361965      1.433198      1.275773      1.312230      1.554978      1.148695      1.116253      1.150960      1.113431 
     1.447003      1.387251      1.418342      1.290861      1.175546      1.485807      1.103799      1.099943      1.159613      1.152951 
     1.442210      1.351567      1.476867      1.278305      1.243820      1.493774      1.097754      1.094010      1.235978      1.164703 
     1.486086      1.302684      1.508816      1.397809      1.199388      1.601136      1.102884      1.130728      1.089210      1.089606 
     1.436812      1.338302      1.512873      1.329749      1.232757      1.540644      1.337567      1.175128      1.169306      1.070601 
     1.483931      1.328595      1.458751      1.402532      1.187124      1.593197      1.171456      1.101262      1.126757      1.109328 
     1.476781      1.320245      1.491840      1.304910      1.297160      1.602566      1.079576      1.186264      1.184094      1.022303 
     1.445851      1.403536      1.380660      1.382718      1.174848      1.533944      1.147010      1.221583      1.073185      1.038790 
     1.390489      1.343022      1.547754      1.372644      1.182618      1.465789      1.056640      1.137723      1.114153      1.155156 
     1.565790      1.316057      1.514977      1.382960      1.248051      1.573301      1.144094      1.104677      1.021747      1.188295 
     1.541665      1.372908      1.449578      1.342243      1.240896      1.534241      1.044800      1.080096      1.134358      1.155913 
     1.389641      1.404689      1.479054      1.331386      1.210358      1.537750      1.069751      1.226862      1.139822      1.149612 
     1.450063      1.411376      1.486345      1.342274      1.162087      1.606411      1.091970      1.024590      1.115053      1.153986 
     1.493686      1.452317      1.556859      1.400889      1.216059      1.471707      1.237043      1.076916      1.091956      1.059873 
     1.539100      1.410695      1.625637      1.388252      1.185824      1.537419      1.101857      1.197157      1.011867      1.063870 
     1.433553      1.363484      1.405601      1.331329      1.293245      1.559998      1.159237      1.146987      1.083054      1.178033 
     1.525691      1.472982      1.471379      1.338034      1.214063      1.530602      1.104199      1.146490      1.164841      1.171678 
     1.416571      1.372320      1.428996      1.409636      1.267100      1.597099      1.158194      1.166444      1.177353      1.204271 
     1.459688      1.396830      1.400989      1.388587      1.202392      1.529809      1.124705      1.122710      1.167446      1.136558 
     1.472322      1.395801      1.402031      1.391911      1.221719      1.477651      1.080801      1.139023      1.098397      1.043701 
     1.491147      1.372753      1.448569      1.385641      1.186809      1.521673      1.134113      1.105844      1.110184      1.182785 
     1.396470      1.335967      1.476033      1.388860      1.282624      1.546963      1.076674      1.176234      1.028924      1.164640 
     1.462742      1.387345      1.570238      1.348876      1.202622      1.552161      1.086346      1.062654      1.120089      1.109031 
     1.496945      1.330545      1.413932      1.421837      1.188793      1.558199      1.143253      1.095664      1.106910      1.108507 
     1.441831      1.334677      1.475754      1.394572      1.202759      1.472697      1.156427      1.087693      1.132796      1.066915 
     1.403394      1.328250      1.527288      1.402047      1.259347      1.548958      1.244479      1.158832      1.094736      1.098182 
     1.465940      1.388611      1.447095      1.429577      1.238976      1.457613      1.081516      1.145079      1.124863      1.108325 
     1.443461      1.400342      1.420398      1.354768      1.181443      1.491018      1.123700      1.111527      1.093505      1.178186 
     1.449631      1.412852      1.385583      1.296917      1.184414      1.589216      1.189335      1.106623      1.116902      1.149802 
     1.427077      1.375421      1.383525      1.341622      1.161947      1.495187      1.069174      1.164355      1.230318      1.122649 
     1.448751      1.291311      1.521221      1.367121      1.271697      1.602646      1.104210      1.117107      1.067101      1.144439 
     1.381764      1.321291      1.432658      1.392752      1.191782      1.534337      1.120103      1.135234      1.078942      1.114110 
     1.543041      1.273076      1.533500      1.329931      1.263598      1.466667      1.105221      1.125763      1.010283      1.131646 
     1.516903      1.407329      1.470084      1.305798      1.199604      1.481050      1.119219      1.093735      1.129055      1.137940 
     1.516480      1.380791      1.482066      1.290490      1.224175      1.596283      1.129465      1.113406      1.100340      1.155025 
     1.495403      1.370375      1.457613      1.352604      1.174864      1.519278      1.073741      1.090489      1.090336      1.155029 
     1.548376      1.321590      1.439762      1.331370      1.260669      1.496592      1.141352      1.059917      1.093493      1.266793 
     1.447591      1.354678      1.428920      1.397316      1.209478      1.478457      1.131072      1.043980      1.181788      1.187619 
     1.442067      1.431534      1.480885      1.335691      1.207368      1.508267      1.197056      1.087037      1.110512      1.067409 
     1.442254      1.388035      1.402993      1.349267      1.235782      1.620010      1.113669      1.143626      1.208089      1.041881 
     1.542473      1.371416      1.439118      1.291370      1.243429      1.492773      1.164687      1.137670      1.114721      1.086386 
     1.472948      1.314651      1.533538      1.316417      1.245844      1.558776      1.153478      1.026767      1.102798      1.098022 
     1.518413      1.377803      1.508782      1.383014      1.204204      1.466040      1.122654      1.210427      1.076204      1.085416 
     1.515438      1.320563      1.554961      1.417329      1.214303      1.548446      1.022753      1.152705      1.148239      1.160730 
     1.508590      1.334120      1.494233      1.435202      1.197228      1.738460      1.084014      1.066144      1.169832      1.129239 
     1.457707      1.357105      1.427254      1.385597      1.257383      1.461255      1.065236      1.080381      1.099240      1.088927 
     1.559344      1.336728      1.524307      1.381194      1.235393      1.494153      1.111479      1.089723      1.048656      1.048509 
     1.413963      1.437223      1.403812      1.355564      1.262138      1.618645      1.073903      1.073827      1.091169      1.059425 
     1.462050      1.351810      1.500504      1.372625      1.222046      1.474249      1.094538      1.095958      1.070005      1.101171 
     1.381129      1.370442      1.452638      1.429208      1.201720      1.474152      1.310355      1.079579      1.131964      1.198063 
     1.488303      1.350897      1.467196      1.376375      1.189770      1.572735      1.107370      1.122262      1.114679      1.053569 
     1.406944      1.378666      1.487915      1.333373      1.275788      1.521440      1.190944      1.035267      1.213458      1.053879 
     1.476560      1.464276      1.458158      1.332738      1.253652      1.537606      1.137754      1.107039      1.084199      1.140387 
     1.507616      1.338793      1.430862      1.305634      1.202189      1.571672      1.110118      1.106057      1.128756      1.116121 
     1.548937      1.310742      1.495420      1.347820      1.247777      1.424204      1.062461      1.153867      1.166627      1.108344 
     1.425202      1.339599      1.532282      1.354935      1.261591      1.606646      1.025680      1.081622      1.168726      1.116624 
     1.401408      1.437589      1.430718      1.350754      1.237937      1.540430      1.198752      1.111948      1.100707      1.107880 
     1.444953      1.358350      1.417234      1.380439      1.199705      1.513846      1.123658      1.142223      1.119642      1.087735 
     1.420188      1.350865      1.401275      1.360012      1.219776      1.558575      1.134802      1.141740      1.147269      1.104103 
     1.411420      1.337251      1.495136      1.353641      1.189207      1.465223      1.164293      1.041380      1.066399      1.175796 
     1.424582      1.366111      1.455606      1.325582      1.235851      1.630134      1.126493      1.106981      1.190098      1.045197 
     1.406456      1.354075      1.438984      1.344547      1.207321      1.570492      1.118830      1.102812      1.107295      1.168429 
     1.408820      1.354169      1.478455      1.317468      1.258671      1.634941      1.117851      1.090061      1.256474      1.080686 
     1.391419      1.321032      1.433600      1.390650      1.214784      1.605842      1.134871      1.112294      1.110332      1.083678 
     1.513297      1.266009      1.426806      1.433019      1.200164      1.669481      1.127532      1.122305      1.117293      1.125391 
     1.405179      1.393078      1.454634      1.379684      1.176216      1.476660      1.140056      1.159744      1.162982      1.094295 
     1.509000      1.322320      1.413568      1.379810      1.222120      1.559886      1.080772      1.086750      1.152653      1.030888 
     1.510965      1.311347      1.485753      1.308591      1.259227      1.486178      1.124725      1.203125      1.073234      1.063994 
     1.449106      1.358355      1.448923      1.404399      1.244670      1.515666      1.054409      1.137171      1.138222      1.159891 
     1.337024      1.366949      1.447598      1.372752      1.231479      1.731117      1.090995      1.169939      1.037952      1.159517 
     1.502609      1.311422      1.404479      1.415332      1.247567      1.449416      1.184017      1.123493      1.143111      1.159234 
     1.570156      1.320603      1.448494      1.309759      1.253376      1.515341      1.094691      1.176752      1.125317      1.145811 
     1.443691      1.373446      1.475555      1.323211      1.242016      1.538678      1.061280      1.009940      1.163419      1.164092 
     1.455342      1.358811      1.474054      1.354479      1.203197      1.647460      1.250842      1.084290      1.097411      1.063743 
     1.492751      1.390537      1.403415      1.467414      1.213334      1.594371      1.172794      1.105702      1.051548      1.044933 
     1.469563      1.363506      1.428073      1.368281      1.208395      1.479642      1.173534      1.175973      1.131034      1.046499 
     1.492935      1.393482      1.463743      1.362850      1.263937      1.452739      1.113144      1.149510      1.171286      1.185218 
     1.571267      1.312237      1.465634      1.362469      1.266079      1.457881      1.146885      1.148997      1.172635      1.161317 
     1.578643      1.364567      1.458324      1.293429      1.236304      1.533866      1.121086      1.126177      1.174057      1.118796 
     1.395600      1.484526      1.498206      1.326712      1.196737      1.438204      1.011390      1.200446      1.094617      1.026653 
     1.602814      1.398138      1.479010      1.339369      1.200342      1.527614      1.133857      1.104888      1.142026      1.160303 
     1.445077      1.411730      1.537520      1.322834      1.242059      1.480932      1.072125      1.207286      1.093617      1.261323 
     1.422789      1.344380      1.417376      1.438492      1.284720      1.599582      1.098803      1.177433      1.178365      1.082574 
     1.452354      1.298534      1.471870      1.337835      1.242945      1.496606      1.124096      1.143711      1.093173      1.132346 
     1.557434      1.342389      1.375579      1.374111      1.270579      1.485404      1.151757      1.057015      1.068992      1.150690 
     1.546609      1.365648      1.521063      1.290506      1.230812      1.572793      1.225909      1.135380      1.061607      1.105563 
     1.395505      1.389311      1.513961      1.362884      1.235440      1.515666      1.050900      1.182444      1.135782      1.128867 
     1.509150      1.328803      1.440617      1.360118      1.221500      1.549365      1.084623      1.193687      1.110439      1.167076 
     1.456809      1.321671      1.487332      1.374973      1.240449      1.445544      1.104167      1.064967      1.072974      1.126002 
     1.431074      1.305076      1.529921      1.308205      1.232273      1.447465      1.095919      1.165305      1.179936      1.172967 
     1.424852      1.370403      1.480125      1.338794      1.200214      1.618953      1.113702      1.131123      1.079844      1.104406 
     1.478929      1.332168      1.454043      1.291774      1.248456      1.586119      1.113005      1.118877      1.137985      1.070646 
     1.372883      1.404690      1.416632      1.336694      1.275597      1.577299      1.117095      1.150555      1.032751      1.147122 
     1.384414      1.355119      1.455657      1.337659      1.237257      1.534988      1.113517      1.129941      1.121069      1.120965 
     1.500824      1.374825      1.419462      1.336140      1.189365      1.615272      1.242737      1.099658      1.152659      1.091839 
     1.368231      1.328985      1.477771      1.408270      1.205131      1.510046      1.093840      1.064029      1.057860      1.148608 
     1.499565      1.383985      1.393600      1.337627      1.202367      1.521002      1.142420      1.180267      1.066562      1.228348 
     1.464634      1.284582      1.468468      1.282492      1.292494      1.575211      1.069570      1.066304      1.179384      1.142930 
     1.526093      1.380924      1.482022      1.351465      1.261301      1.505636      1.191564      1.102908      1.098361      1.090974 
     1.455037      1.320732      1.578413      1.351712      1.234283      1.529835      1.159386      1.056333      1.205782      1.094531 
     1.444751      1.392465      1.411979      1.383278      1.237396      1.500359      1.102126      1.089563      1.106808      1.107815 
     1.499361      1.330255      1.372147      1.381766      1.223431      1.570584      1.148497      1.050042      1.098905      1.078896 
     1.394899      1.430138      1.450385      1.303372      1.245661      1.486225      1.132807      1.221234      1.058362      1.076863 
     1.444100      1.444977      1.437809      1.327585      1.196246      1.669138      1.053335      1.165263      1.155504      1.187265 
     1.516061      1.403167      1.431984      1.347811      1.205100      1.629379      1.043313      1.166498      1.228130      1.200899 
     1.427479      1.345977      1.439616      1.455630      1.186445      1.548314      1.053550      1.053203      1.075023      1.162020 
     1.403867      1.422926      1.453271      1.379039      1.266347      1.567470      1.088607      1.093018      1.078224      1.065379 
     1.567107      1.311924      1.464394      1.335692      1.282420      1.468647      1.076762      1.108481      1.119328      1.130368 
     1.464694      1.319507      1.452448      1.416250      1.272265      1.574443      1.093182      1.094170      1.060100      1.107690 
     1.472705      1.362660      1.460050      1.371390      1.187357      1.515941      1.236154      1.085355      1.138005      1.197092 
     1.550752      1.351259      1.496772      1.392371      1.223140      1.569563      1.106508      1.139580      1.071693      1.085893 
     1.476702      1.326312      1.571051      1.413678      1.202548      1.543504      1.143352      1.081233      1.153042      1.027874 
     1.495009      1.370533      1.545826      1.376565      1.279033      1.467689      1.195095      1.060991      1.063926      1.125825 
     1.373885      1.294754      1.401783      1.369121      1.265299      1.557574      1.109174      1.055688      1.134685      1.090574 
     1.353050      1.371987      1.388014      1.395805      1.239182      1.621207      1.095799      1.145420      1.209651      1.073159 
     1.528408      1.299029      1.515505      1.345311      1.195433      1.539029      1.032916      1.123133      1.212658      1.130312 
     1.452918      1.343070      1.604140      1.380378      1.211198      1.540430      1.223864      1.089305      1.138525      1.085456 
     1.592700      1.318112      1.480629      1.375118      1.245933      1.490405      1.136071      1.035227      1.091084      1.093024 
     1.434028      1.349706      1.495572      1.355536      1.202107      1.432123      1.140748      1.192396      1.154591      1.156186 
     1.390984      1.372079      1.440841      1.319973      1.232585      1.562755      1.134739      1.117455      1.131305      1.081006 
     1.511285      1.354905      1.432774      1.379093      1.161008      1.476791      1.106575      1.134761      1.155765      1.166452 
     1.528816      1.251542      1.450923      1.340361      1.289903      1.484859      1.103003      1.113818      1.075677      1.171389 
     1.461947      1.313258      1.483327      1.363380      1.279528      1.613535      1.146229      1.072837      1.235554      1.070718 
     1.503793      1.359353      1.455777      1.265696      1.237773      1.482949      1.140978      1.107706      1.112543      1.106379 
     1.408045      1.419922      1.471640      1.305213      1.174193      1.591295      1.009289      1.132112      1.074672      1.203689 
     1.399422      1.363564      1.389195      1.288389      1.229913      1.521843      1.117205      1.169231      1.191775      1.093221 
     1.452498      1.372306      1.383305      1.377508      1.189785      1.489178      1.100287      1.016834      1.194693      1.051654 
     1.388829      1.316698      1.350305      1.361866      1.281606      1.560944      1.206716      1.140270      1.067425      1.117030 
     1.513586      1.335535      1.540439      1.339423      1.271295      1.606081      1.061851      1.108637      1.142094      1.131190 
     1.640040      1.365409      1.518823      1.320394      1.246582      1.434396      1.069664      1.188767      1.080897      1.053425 
     1.429378      1.410838      1.485253      1.441793      1.208629      1.431247      1.156346      1.153679      1.122874      1.114981 
     1.410994      1.393962      1.345236      1.384822      1.179876      1.468388      1.110755      1.153844      1.118399      1.120452 
     1.347497      1.335013      1.465382      1.380416      1.245920      1.500938      1.115676      1.104057      1.148262      1.199328 
     1.582196      1.364234      1.431697      1.423643      1.214153      1.675623      1.170883      1.090948      1.087395      1.035293 
     1.598486      1.322707      1.502198      1.416850      1.220805      1.460661      1.175724      1.057636      1.018266      1.046858 
     1.418080      1.429837      1.512287      1.358893      1.157624      1.617934      1.184528      1.175492      1.145399      1.114865 
     1.391467      1.407852      1.494358      1.368744      1.267934      1.613370      1.141219      1.147131      1.132447      1.215501 
     1.413619      1.376531      1.391770      1.338530      1.278114      1.572562      1.138524      1.108978      1.140596      1.086723 
     1.404375      1.414550      1.459423      1.347728      1.273471      1.641922      1.130800      1.112187      1.177918      1.117035 
     1.525109      1.329518      1.417935      1.424719      1.182840      1.575311      1.139950      1.167681      1.099888      1.045358 
     1.492443      1.397023      1.523758      1.384524      1.253458      1.557077      1.106607      1.115682      1.178676      1.115082 
     1.481241      1.389520      1.436847      1.335810      1.171843      1.662690      1.076839      1.067133      1.093802      1.275285 
     1.535394      1.368218      1.652557      1.311549      1.301610      1.492622      1.032265      1.192241      1.162935      1.099414 
     1.443423      1.336514      1.347847      1.338311      1.257906      1.471464      1.124225      1.170349      1.106088      1.143869 
     1.339065      1.344558      1.482391      1.321714      1.219275      1.573434      1.170017      1.157734      1.036666      1.128828 
     1.496202      1.332230      1.435795      1.394729      1.196240      1.585049      1.219811      1.113268      1.072690      1.096128 
     1.538290      1.463455      1.563312      1.286658      1.205026      1.562699      1.039027      1.168940      1.127774      1.145941 
     1.546428      1.302929      1.395641      1.352968      1.255810      1.604977      1.089620      1.227164      1.138503      1.152831 
     1.362226      1.387871      1.475625      1.327273      1.193945      1.487787      1.118975      1.034420      1.110027      1.069979 
     1.408793      1.289616      1.417463      1.354335      1.215462      1.617092      1.168918      1.066739      1.265584      1.184785 
     1.449074      1.381851      1.393793      1.373952      1.149750      1.498031      1.113374      1.091672      1.084511      1.035371 
     1.457767      1.357831      1.395742      1.285294      1.296128      1.487685      1.105280      1.105208      1.106500      1.082103 
     1.582812      1.386519      1.523599      1.306750      1.250940      1.487375      1.094133      1.129840      1.031768      1.152896 
     1.441498      1.260206      1.441297      1.388880      1.259290      1.520456      1.102281      1.132319      1.125265      1.102153 
     1.383683      1.364303      1.489513      1.434893      1.199639      1.424806      1.293860      1.099116      1.187924      1.061710 
     1.436610      1.277664      1.430598      1.313422      1.245899      1.467462      1.117629      1.061630      1.066040      1.126349 
     1.426126      1.371251      1.507692      1.369490      1.184076      1.461546      1.092506      1.183279      1.076295      1.221763 
     1.412414      1.350374      1.329096      1.302599      1.260655      1.577108      1.092067      1.126603      1.184883      1.091823 
     1.422633      1.327672      1.519113      1.405644      1.265242      1.595166      1.163905      1.155894      1.080010      1.105417 
     1.521342      1.383583      1.416625      1.438378      1.277030      1.506985      1.175845      1.054627      1.102305      1.203883 
     1.457836      1.372474      1.470683      1.347413      1.207211      1.588287      1.133995      1.085567      1.086497      1.154292 
     1.406539      1.294530      1.394718      1.393424      1.195928      1.460651      1.177443      1.123942      1.140699      1.131453 
     1.402938      1.320029      1.530332      1.287475      1.243329      1.502331      1.106310      1.180118      1.104654      1.052305 
     1.598523      1.362283      1.547014      1.423405      1.203463      1.486368      1.087930      1.138362      1.205602      1.214147 
     1.467301      1.394749      1.536799      1.373889      1.241207      1.460891      1.070258      1.165600      1.198080      1.186024 
     1.533515      1.379188      1.501236      1.382620      1.148973      1.588102      1.088745      1.076356      1.084360      1.147363 
     1.541820      1.331972      1.509517      1.346989      1.260678      1.601995      1.109844      1.109051      1.113615      1.060992 
     1.378328      1.345494      1.424492      1.397271      1.221544      1.531918      1.097999      1.149366      1.173252      1.181343 
     1.532720      1.364218      1.537811      1.360485      1.260695      1.495705      1.070367      1.117845      1.064281      1.098092 
     1.461010      1.363801      1.422052      1.304609      1.211051      1.667811      1.137397      1.108649      1.158457      1.173803 
     1.498056      1.377662      1.492133      1.398370      1.268357      1.566332      1.127434      1.078909      1.105843      1.133930 
     1.473106      1.388117      1.400895      1.387697      1.167948      1.625896      1.106941      1.208961      1.159772      1.027366 
     1.537034      1.339902      1.532115      1.364588      1.307987      1.550273      1.246427      1.080255      1.133066      1.122027 
     1.475991      1.294989      1.414454      1.350856      1.229877      1.459313      1.106319      1.063284      1.140328      1.105733 
     1.448492      1.294544      1.550596      1.273438      1.216663      1.535695      1.071345      1.087717      1.169317      1.171215 
     1.400784      1.398115      1.466112      1.416953      1.239219      1.486063      1.047476      1.083934      1.152793      1.148916 
     1.466116      1.353770      1.496315      1.450859      1.217625      1.635137      1.184343      1.053951      1.093592      1.082797 
     1.464778      1.411681      1.402091      1.341538      1.261592      1.526166      1.107188      1.019164      1.112898      1.148214 
     1.404637      1.376510      1.354103      1.346677      1.165872      1.599430      1.125323      1.220004      1.098227      1.168901 
     1.510714      1.310957      1.390543      1.279966      1.204071      1.606568      1.049552      1.185223      1.043846      1.064120 
     1.370401      1.346168      1.442909      1.433081      1.157954      1.468872      1.143372      1.163799      1.104515      1.189206 
     1.350169      1.341841      1.420370      1.379701      1.278880      1.466522      1.115039      1.140200      1.120218      1.173938 
     1.497020      1.402671      1.454774      1.440254      1.204867      1.495962      1.126746      1.087338      1.211325      1.091102 
     1.400825      1.390661      1.352676      1.291161      1.285360      1.531949      1.107963      1.112928      1.137466      1.139034 
     1.478653      1.391988      1.492016      1.373066      1.233628      1.423159      1.031763      1.101304      1.045498      1.174729 
     1.414128      1.308860      1.447427      1.326003      1.231763      1.516340      1.130249      1.147579      1.175991      1.095518 
     1.434021      1.410529      1.475026      1.327942      1.186747      1.498754      1.117895      1.072155      1.181151      1.124916 
     1.435581      1.299828      1.456250      1.348353      1.257795      1.449228      1.163590      1.058359      1.060607      1.145829 
     1.454150      1.389994      1.466835      1.347312      1.227987      1.641228      1.079177      1.043386      1.143156      1.113867 
     1.453502      1.389438      1.405699      1.427634      1.253945      1.579444      1.086721      1.206390      1.138455      1.044044 
     1.522016      1.282717      1.489931      1.369077      1.235995      1.600072      1.103566      1.170229      1.137736      1.090015 
     1.448258      1.334522      1.477425      1.293873      1.213902      1.468674      1.103319      1.100917      1.093153      1.103914 
     1.474420      1.333835      1.505335      1.309110      1.246611      1.528421      1.167074      1.111001      1.121265      1.170373 
     1.492169      1.400995      1.660262      1.313039      1.210475      1.521974      1.151832      1.111598      1.026527      1.067191 
     1.392546      1.400737      1.543145      1.412656      1.256243      1.488311      1.145042      1.118940      1.125404      1.103561 
     1.528086      1.381080      1.478125      1.398295      1.185343      1.600189      1.124490      1.142428      1.127152      1.152393 
     1.597480      1.290088      1.525684      1.339235      1.297364      1.519753      1.111102      1.115188      1.109674      1.193942 
     1.448540      1.323006      1.459142      1.321242      1.176099      1.564887      1.118605      1.097543      1.096739      1.065840 
     1.533681      1.313085      1.531918      1.363639      1.274416      1.570323      1.142786      1.106384      1.140015      1.105403 
     1.419800      1.297548      1.431495      1.326926      1.228914      1.668560      1.214266      1.171424      1.109336      1.093474 
     1.492350      1.341718      1.482656      1.422083      1.251361      1.579282      1.091656      1.153607      1.125535      1.094087 
     1.479306      1.327577      1.458767      1.447127      1.171543      1.544434      1.123194      1.068600      1.114403      1.286989 
     1.466936      1.431582      1.448166      1.324488      1.280473      1.675524      1.019183      1.125973      1.103328      1.107542 
     1.451162      1.347578      1.428173      1.360046      1.198381      1.508730      1.129075      1.131005      1.100194      1.118844 
     1.433894      1.304773      1.562897      1.349844      1.223503      1.539979      1.138062      1.187983      1.103680      1.045934 
     1.426163      1.405884      1.454311      1.424296      1.275297      1.410994      1.186900      1.168621      1.099900      1.064759 
     1.461710      1.388208      1.426471      1.407743      1.218561      1.618393      1.042640      1.165614      1.166342      1.127889 
     1.412580      1.296932      1.518750      1.383506      1.223834      1.536554      1.120489      1.166984      1.102501      1.116483 
     1.530419      1.288233      1.342907      1.422810      1.196470      1.536957      1.098459      1.014640      1.169218      1.105988 
     1.446980      1.346755      1.453305      1.347864      1.216943      1.537887      1.188405      1.043527      1.233896      1.128761 
     1.424766      1.386044      1.442421      1.283908      1.191720      1.543494      1.100384      1.070484      1.118748      1.038765 
     1.379336      1.357070      1.424855      1.341953      1.271714      1.538311      1.111943      1.095287      1.096681      1.108714 
     1.428401      1.398000      1.411575      1.531918      1.227277      1.568340      1.150110      1.144667      1.028765      1.184776 
     1.399554      1.312935      1.429056      1.309797      1.263108      1.553067      1.122072      1.095184      1.118491      1.101452 
     1.494023      1.443573      1.485219      1.328892      1.272821      1.434025      1.247217      1.122217      1.199452      1.057679 
     1.401596      1.381312      1.437085      1.297185      1.227334      1.561221      1.066008      1.104117      1.086068      1.130985 
     1.426220      1.374320      1.492569      1.349274      1.178021      1.584232      1.121497      1.238639      1.016695      1.090302 
     1.458457      1.288055      1.490433      1.376362      1.271097      1.448683      1.094234      1.205174      1.196680      1.087129 
     1.493234      1.331853      1.523933      1.432520      1.189063      1.481168      1.155236      1.191521      1.079073      1.114307 
     1.454928      1.340319      1.498374      1.396247      1.213616      1.464423      1.178156      1.057216      1.137640      1.180564 
     1.497624      1.305119      1.464751      1.286549      1.259095      1.697130      1.125003      1.052543      1.095184      1.122477 
     1.471532      1.329859      1.478163      1.314459      1.213488      1.494221      1.142196      1.181021      1.154017      1.146346 
     1.472878      1.312655      1.387573      1.415761      1.241358      1.657009      1.095928      1.193399      1.121876      1.070541 
     1.334523      1.430636      1.625542      1.391729      1.233127      1.509725      1.110468      1.194083      1.218806      1.173779 
     1.527467      1.319689      1.432602      1.343407      1.242014      1.625533      1.135854      1.077384      1.112791      1.196128 
     1.482517      1.431731      1.434519      1.398314      1.222139      1.561991      1.130394      1.113090      1.125520      1.092170 
     1.512941      1.374563      1.434121      1.301288      1.317857      1.578168      1.131832      1.097931      1.118934      1.049826 
     1.509607      1.326581      1.500406      1.256820      1.195643      1.464555      1.095720      1.139476      1.136012      1.177074 
     1.495640      1.440931      1.414915      1.358743      1.287359      1.561731      1.100726      1.114656      1.088053      1.104973 
     1.428717      1.305315      1.475777      1.323393      1.225971      1.549617      1.016873      1.056441      1.168953      1.092262 
     1.513847      1.368683      1.435517      1.402621      1.234265      1.451914      1.097626      1.091763      1.092752      1.160564 
     1.535328      1.395119      1.427874      1.354933      1.203241      1.437846      1.088846      1.165664      1.159282      1.063917 
     1.476723      1.360458      1.434842      1.382438      1.263885      1.621497      1.196746      1.161974      1.168737      1.122401 
     1.423482      1.375710      1.443490      1.391394      1.173083      1.531717      1.089996      1.128692      1.135792      1.128003 
     1.464431      1.378899      1.470471      1.435065      1.243784      1.483626      1.161283      1.065312      1.180393      1.223295 
     1.503187      1.400339      1.488807      1.368754      1.273179      1.435149      1.053448      1.088180      1.138626      1.174930 
     1.419903      1.390846      1.522906      1.402874      1.204239      1.481748      1.200733      1.096623      1.061791      1.092858 
     1.454433      1.399969      1.517924      1.291827      1.221630      1.427872      1.083293      1.095398      1.129430      1.097197 
     1.635102      1.324632      1.359062      1.336102      1.216091      1.570432      1.121693      1.214292      1.106692      1.120290 
     1.482048      1.371412      1.506374      1.393253      1.238425      1.528014      1.071262      1.163453      1.035182      1.110447 
     1.433156      1.292042      1.462342      1.313952      1.218586      1.525813      1.126955      1.139648      1.110471      1.189829 
     1.470883      1.320054      1.511080      1.365735      1.266650      1.501213      1.099207      1.126496      1.134681      1.131602 
     1.470771      1.469784      1.519574      1.459396      1.221233      1.525158      1.114910      1.103898      1.239608      1.117527 
     1.462596      1.253283      1.508894      1.371967      1.255832      1.465753      1.091279      1.134431      1.131313      1.129797 
     1.476620      1.365817      1.415713      1.429894      1.262122      1.551570      1.102375      1.136221      1.060227      1.157911 
     1.439027      1.330659      1.504984      1.366331      1.199195      1.540450      1.148939      1.144635      1.151457      1.121899 
     1.431191      1.398454      1.435180      1.358572      1.207285      1.570135      1.076352      1.038359      1.239751      1.222190 
     1.419581      1.445579      1.497833      1.316731      1.247635      1.502791      1.160006      1.023959      1.045190      1.116743 
     1.514718      1.392082      1.421323      1.352975      1.166733      1.529922      1.065233      1.052615      1.144466      1.104129 
     1.483272      1.313152      1.598663      1.315017      1.210940      1.549601      1.058091      1.154288      1.077326      1.092994 
     1.415371      1.323860      1.400455      1.315878      1.267369      1.683735      1.132541      1.178007      1.120434      1.106452 
     1.481955      1.281346      1.393222      1.417710      1.213393      1.638255      1.145237      1.025901      1.129830      1.100313 
     1.490999      1.399138      1.407858      1.326127      1.241490      1.595086      1.177835      1.064068      1.126930      1.147107 
     1.347422      1.372832      1.539907      1.413407      1.207488      1.607623      1.113704      1.077615      1.031610      1.077541 
     1.518339      1.307148      1.438672      1.294560      1.233710      1.534239      1.064910      1.176947      1.129256      1.046905 
     1.456575      1.373299      1.492651      1.432910      1.251075      1.492027      1.105101      1.128378      1.095711      1.174190 
     1.396222      1.303141      1.405983      1.396319      1.298752      1.584271      1.108668      1.125421      1.110419      1.186173 
     1.549605      1.268550      1.383696      1.341265      1.195548      1.582162      1.100771      1.097493      1.101538      1.049177 
     1.421944      1.408779      1.422874      1.363069      1.269196      1.595854      1.135903      1.117154      1.138375      1.118384 
     1.408247      1.337452      1.508015      1.276091      1.235092      1.502480      1.266300      1.184684      1.086026      1.157890 
     1.447673      1.367265      1.449832      1.410291      1.214858      1.494192      1.140381      1.127056      1.157672      1.112793 
     1.432737      1.342044      1.516851      1.379218      1.230305      1.527137      1.154568      1.112939      1.116303      1.152170 
     1.566129      1.322872      1.451022      1.365721      1.227005      1.492463      1.078621      1.112828      1.054932      1.156614 
     1.445711      1.341207      1.482887      1.394627      1.163814      1.548765      1.143168      1.059665      1.113373      1.099788 
     1.502957      1.351915      1.462736      1.393271      1.248959      1.566561      1.081392      1.185738      1.071699      1.051977 
     1.495214      1.320364      1.547640      1.402562      1.241623      1.452405      1.160837      1.176547      1.076592      1.072920 
     1.451123      1.423687      1.574147      1.288897      1.206998      1.455476      1.055626      1.145666      1.166817      1.094739 
     1.432478      1.307756      1.517397      1.388928      1.234764      1.545377      1.157234      1.101469      1.112056      1.164474 
     1.588758      1.341003      1.438532      1.354008      1.240631      1.474061      1.119803      1.021061      1.197591      1.103448 
     1.423605      1.428786      1.515405      1.403683      1.286649      1.458330      1.123204      1.155926      1.242839      1.186562 
     1.438418      1.310276      1.378150      1.330594      1.254869      1.573406      1.128431      1.101489      1.117320      1.077398 
     1.523296      1.296968      1.465983      1.368772      1.298811      1.560597      1.122991      1.130384      1.070843      1.131079 
     1.496251      1.461771      1.596238      1.336746      1.192375      1.471440      1.105774      1.112736      1.041553      1.161890 
     1.444704      1.438504      1.433413      1.268145      1.223403      1.551915      1.134282      1.103047      1.095692      1.084598 
     1.482497      1.333460      1.469162      1.399228      1.230575      1.594599      1.152217      1.118514      1.146466      1.098688 
     1.496930      1.361400      1.443124      1.312863      1.202335      1.596862      1.091137      1.088725      1.084764      1.109911 
     1.465436      1.352593      1.426936      1.330623      1.214134      1.599622      1.146343      1.198091      1.003757      1.040449 
     1.412662      1.382336      1.435271      1.383074      1.221620      1.553724      1.063811      1.244896      1.179316      1.166468 
     1.421320      1.388460      1.442563      1.388752      1.178469      1.480373      1.188133      1.135506      1.102098      1.119696 
     1.497315      1.339589      1.532121      1.360372      1.226850      1.484132      1.186019      1.128757      1.202042      1.141368 
     1.392294      1.350371      1.398709      1.334729      1.253452      1.694658      1.122325      1.066055      1.111635      1.135580 
     1.453656      1.382288      1.376710      1.329208      1.202744      1.636255      1.094052      1.201318      1.117115      1.124315 
     1.490969      1.321997      1.508424      1.351565      1.216767      1.522192      1.074147      1.170780      1.080802      1.094940 
     1.446441      1.386057      1.494032      1.375576      1.224112      1.487048      1.147163      1.183686      1.182085      1.132870 
     1.563128      1.291337      1.324590      1.279549      1.229192      1.642645      1.184658      1.055300      1.144246      1.174770 
     1.459852      1.408372      1.577375      1.312202      1.275408      1.542065      1.120108      1.086229      1.120762      1.046981 
     1.399863      1.334758      1.494837      1.307064      1.266114      1.521515      1.147889      1.100168      1.086656      1.054006 
     1.520014      1.344181      1.361652      1.383988      1.205037      1.504267      1.111602      1.127018      1.157637      1.268662 
     1.504530      1.307401      1.504799      1.387671      1.239931      1.514727      1.123065      1.104921      1.103294      1.108119 
     1.443466      1.340050      1.388417      1.379963      1.251286      1.447385      1.002648      1.057474      1.174556      1.065774 
     1.400006      1.362762      1.485421      1.390559      1.206427      1.531827      1.088273      1.087171      1.089606      1.175687 
     1.453900      1.336139      1.438397      1.422296      1.244068      1.486674      1.090846      1.130996      1.151564      1.125219 
     1.466852      1.346485      1.567117      1.335954      1.201330      1.497887      1.100997      1.140912      1.178026      1.059587 
     1.514019      1.344767      1.461978      1.377811      1.193274      1.558126      1.116303      1.157461      1.117397      1.130198 
     1.503351      1.313452      1.364850      1.391892      1.217942      1.557181      1.137207      1.030287      1.169539      1.236687 
     1.488130      1.420659      1.437311      1.360744      1.210555      1.602989      1.083432      1.062373      1.134284      1.197874 
     1.453144      1.362984      1.564753      1.429054      1.206049      1.431121      1.152257      1.170828      1.092801      1.139299 
     1.435446      1.390446      1.436792      1.377678      1.242095      1.481701      1.104321      1.152843      1.168337      1.084704 
     1.393853      1.314471      1.511117      1.364299      1.263350      1.553234      1.120108      1.218310      1.091310      1.141242 
     1.438121      1.380787      1.638404      1.356187      1.289894      1.556959      1.152612      1.057229      1.023901      1.092437 
     1.441944      1.337788      1.375511      1.295753      1.272226      1.598632      1.093432      1.118809      1.141251      1.200765 
     1.538514      1.396350      1.389239      1.324097      1.329953      1.568108      1.090163      1.087446      1.158293      1.086349 
     1.562855      1.358939      1.515533      1.431161      1.198849      1.472228      1.122573      1.151084      1.165449      1.113252 
     1.387364      1.387504      1.418173      1.416183      1.222502      1.543440      1.091273      1.124180      1.127970      1.127914 
     1.462768      1.361254      1.557268      1.277663      1.238103      1.686952      1.180331      1.115072      1.119542      1.125692 
     1.514236      1.337998      1.404967      1.413455      1.197920      1.537526      1.130465      1.109023      1.177049      1.133481 
     1.494641      1.364411      1.512123      1.318820      1.236006      1.444294      1.096825      1.047785      1.250711      1.212942 
     1.585087      1.313060      1.428653      1.407466      1.184964      1.564591      1.146308      1.017615      1.115685      1.071117 
     1.406188      1.336873      1.445800      1.409893      1.196413      1.532033      1.034074      1.118411      1.146757      1.120501 
     1.381594      1.359754      1.610519      1.366422      1.241870      1.592499      1.079127      1.120184      1.024038      1.073947 
     1.475770      1.359073      1.491356      1.322231      1.210040      1.484156      1.144877      1.155634      1.122783      1.108090 
     1.489719      1.308444      1.457206      1.325698      1.174655      1.603366      1.150333      1.042979      1.091846      1.109755 
     1.479249      1.362390      1.507129      1.333018      1.210746      1.547175      1.134345      1.093445      1.175593      1.139822 
     1.609752      1.388443      1.460005      1.304979      1.275183      1.499908      1.052275      1.081892      1.053354      1.112954 
     1.480380      1.326059      1.375561      1.354310      1.264510      1.521002      1.092087      1.148941      1.183419      1.087300 
     1.475938      1.361859      1.458810      1.377472      1.277251      1.505064      1.132388      1.156156      1.094159      1.185126 
     1.424920      1.333912      1.511411      1.313462      1.257485      1.439327      1.098003      1.121595      1.173895      1.152117 
     1.402174      1.377305      1.510914      1.273037      1.208731      1.584816      1.097146      1.105660      1.130170      0.993802 
     1.508289      1.358737      1.544217      1.306004      1.194081      1.503849      1.110408      1.126544      1.135420      1.132510 
     1.438336      1.353219      1.392948      1.353305      1.258504      1.436160      1.246371      1.170601      1.060922      1.173988 
     1.421044      1.429442      1.526550      1.296857      1.196102      1.492850      1.156674      1.125009      1.132902      1.041622 
     1.441698      1.410965      1.454932      1.372115      1.240723      1.530043      1.170568      1.093016      1.108565      1.146916 
     1.446106      1.453646      1.431782      1.367223      1.195130      1.509396      1.181988      1.155895      1.052065      1.202682 
     1.493582      1.369472      1.447191      1.350136      1.222666      1.590662      1.081257      1.078705      1.103134      1.087843 
     1.505706      1.392263      1.369507      1.310442      1.199691      1.506643      1.144884      1.198718      1.132974      1.086943 
     1.417124      1.408645      1.421257      1.450150      1.203258      1.676685      1.138772      1.193834      1.092661      1.032340 
     1.385055      1.465795      1.444931      1.437819      1.206557      1.527000      1.127362      1.059396      1.172574      1.119165 
     1.484603      1.375281      1.392970      1.298574      1.223908      1.583072      1.172745      1.067105      1.043738      1.153294 
     1.338600      1.378762      1.473153      1.307427      1.242464      1.558776      1.144551      1.029028      1.218804      1.086069 
     1.641236      1.344896      1.501588      1.341531      1.281008      1.518488      1.083950      1.196967      1.232034      1.145120 
     1.424497      1.285836      1.488899      1.360698      1.250328      1.524775      1.114910      1.114271      1.070020      1.067324 
     1.482320      1.283358      1.523427      1.416897      1.287409      1.613708      1.112286      1.139420      1.087817      1.151207 
     1.596142      1.337876      1.407383      1.435640      1.222881      1.640761      1.087850      1.099248      1.079412      1.298359 
     1.493230      1.384227      1.431415      1.393628      1.195504      1.558739      1.125439      1.126971      1.097178      1.078465 
     1.475295      1.354242      1.513280      1.319559      1.257483      1.630849      1.098249      1.110006      1.102581      1.154405 
     1.506096      1.306231      1.385947      1.492979      1.206726      1.498111      1.089286      1.122114      1.105626      1.085588 
     1.443051      1.298868      1.450929      1.322561      1.246590      1.597112      1.151037      1.145295      1.031197      1.048329 
     1.595962      1.344123      1.552419      1.356086      1.153854      1.502241      1.134405      1.212157      1.082817      1.187615 
     1.445620      1.359232      1.443749      1.336837      1.228527      1.516735      1.186104      1.100998      1.093552      1.106210 
     1.471326      1.329425      1.436291      1.428123      1.248654      1.583072      1.094029      1.225036      1.247086      1.174692 
     1.452092      1.316792      1.478083      1.342008      1.157394      1.405707      1.065373      1.076970      1.162297      1.068554 
     1.577992      1.317544      1.476809      1.300270      1.173659      1.489674      1.086377      1.140260      1.150525      1.099273 
     1.456572      1.354893      1.480399      1.439556      1.220008      1.514023      1.111040      1.122402      1.106720      1.137435 
     1.637999      1.303452      1.440886      1.406657      1.283174      1.504730      1.201597      1.191752      1.168464      1.113447 
     1.478819      1.340659      1.477509      1.315450      1.279162      1.493209      1.147937      1.167524      1.100043      1.125511 
     1.444212      1.318728      1.417595      1.352453      1.243331      1.620674      1.109952      1.059877      1.153240      1.066542 
     1.415499      1.336547      1.538989      1.372256      1.282151      1.518204      1.162541      1.116605      1.044633      1.110302 
     1.365339      1.312633      1.471799      1.357253      1.213365      1.472561      1.121623      1.120808      1.067089      1.232811 
     1.404876      1.374175      1.495367      1.354545      1.173442      1.559688      1.128609      1.093058      1.104712      1.097015 
     1.447533      1.366906      1.440610      1.285387      1.244133      1.470283      1.005444      1.090492      1.160434      1.067147 
     1.410463      1.367789      1.575364      1.313589      1.204117      1.581901      1.078812      1.101847      1.106905      1.172910 
     1.483452      1.391744      1.459199      1.352446      1.235354      1.543488      1.076007      1.160360      1.281529      1.125826 
     1.363522      1.382572      1.407025      1.453053      1.169219      1.492377      1.039430      1.072057      1.147671      1.053996 
     1.449709      1.334702      1.435575      1.399883      1.257552      1.494513      1.190231      1.115545      1.134751      1.159851 
     1.436806      1.306023      1.547942      1.389563      1.209048      1.527820      1.110767      1.080115      1.078140      1.126579 
     1.513289      1.474335      1.474718      1.384285      1.181611      1.619874      1.140314      1.056191      1.151483      1.151573 
     1.421875      1.521832      1.425939      1.336348      1.207714      1.607572      1.103079      1.239877      1.077530      1.099368 
     1.435309      1.302186      1.502982      1.351403      1.198647      1.454400      1.066469      1.196314      1.212938      1.116705 
     1.343911      1.346788      1.449892      1.346810      1.230225      1.517617      1.137148      1.179808      1.019140      1.125808 
     1.573914      1.296079      1.451804      1.341917      1.244099      1.621803      1.178976      1.051687      1.029989      1.089402 
     1.472407      1.379130      1.454841      1.349011      1.243744      1.495267      1.143892      1.166918      1.177964      1.144387 
     1.495248      1.375723      1.508802      1.291045      1.234834      1.500380      1.122105      1.078604      1.106407      1.080759 
     1.593524      1.482154      1.460768      1.294033      1.239875      1.590847      1.127517      1.138342      1.091462      0.993540 
     1.522070      1.361250      1.546571      1.390325      1.169302      1.444902      1.106270      1.100688      1.106308      1.121822 
     1.420883      1.348642      1.458224      1.380286      1.255275      1.595656      1.171338      1.113937      1.165374      1.092487 
     1.504500      1.435309      1.367780      1.347443      1.212719      1.526521      1.131770      1.114551      1.118396      1.177909 
     1.436696      1.339909      1.428842      1.341989      1.233630      1.539864      1.057515      1.130835      1.210614      1.178569 
     1.624180      1.408259      1.495786      1.383664      1.157595      1.501198      1.070088      1.082036      1.190628      1.064291 
     1.445380      1.307352      1.470381      1.330495      1.262003      1.538809      1.089430      1.122104      1.132399      1.138898 
     1.549449      1.354400      1.444534      1.299469      1.200662      1.618405      1.125530      1.067915      1.040501      1.082636 
     1.366560      1.331895      1.402300      1.394679      1.154618      1.490213      1.185021      1.167785      1.073244      1.174926 
     1.444325      1.269359      1.451632      1.479533      1.211072      1.477614      1.115557      1.096162      1.095203      1.122663 
     1.516297      1.439767      1.456202      1.404281      1.234633      1.485985      1.084503      1.118032      1.171903      1.096851 
     1.529729      1.435730      1.487148      1.320821      1.232804      1.577493      1.036497      1.073414      1.137264      1.150907 
     1.367661      1.374084      1.530097      1.338304      1.287139      1.432116      1.120170      1.098530      1.262888      1.115706 
     1.468911      1.327893      1.448569      1.321863      1.231383      1.550700      1.127202      1.160541      1.101471      1.158490 
     1.502015      1.388984      1.419315      1.356539      1.298623      1.550204      1.083164      1.112487      1.186269      1.095101 
     1.363491      1.325573      1.429826      1.373470      1.199868      1.472415      1.112843      1.102297      1.201928      1.279435 
     1.434151      1.365763      1.352480      1.423301      1.173255      1.545469      1.121126      1.129827      1.152899      1.137311 
     1.424316      1.291195      1.448653      1.355442      1.231022      1.605199      1.248236      1.190569      1.099225      1.154806 
     1.438681      1.295164      1.510857      1.355835      1.217783      1.599821      1.165746      1.126504      1.148088      1.063603 
     1.458809      1.389892      1.522279      1.377262      1.216963      1.458165      1.102866      1.112674      1.000447      1.101122 
     1.376937      1.319349      1.490783      1.371678      1.166026      1.501019      1.182355      1.234724      1.123551      1.192772 
     1.432674      1.360422      1.452078      1.364696      1.264399      1.530328      1.024719      1.115442      1.095034      1.081232 
     1.452498      1.391233      1.479757      1.376168      1.217660      1.517380      1.160959      1.142598      1.182169      1.119406 
     1.563836      1.390100      1.576826      1.382042      1.175403      1.553500      1.110328      1.170363      1.094189      1.145004 
     1.505617      1.427600      1.513442      1.351841      1.176445      1.575975      1.152039      1.024910      1.169756      1.143514 
     1.439964      1.314614      1.478834      1.281359      1.194323      1.618112      1.129446      1.078974      1.053534      1.118470 
     1.475256      1.303289      1.436913      1.353538      1.239863      1.505116      1.178091      1.069477      1.230209      1.107771 
     1.668884      1.343901      1.369765      1.308945      1.256618      1.591278      1.077762      1.179689      1.184707      1.097504 
     1.442467      1.391264      1.481688      1.402875      1.230618      1.526029      1.079146      1.092699      1.054276      1.090062 
     1.392343      1.339567      1.523390      1.316297      1.233893      1.533903      1.100017      1.147866      1.146099      1.135392 
     1.531640      1.318891      1.494844      1.406211      1.211178      1.706633      1.103216      1.088966      1.126021      1.254222 
     1.455704      1.389568      1.560255      1.365384      1.178522      1.529288      1.109136      1.158193      1.109377      1.097276 
     1.491690      1.433980      1.429241      1.325276      1.251022      1.476824      1.114016      1.107410      1.044450      1.166972 
     1.457462      1.364546      1.473926      1.390692      1.207700      1.476943      1.077656      1.110019      1.110557      1.053578 
     1.512527      1.313521      1.392050      1.351256      1.189984      1.557030      1.170744      1.119946      1.068750      1.100119 
     1.494028      1.418313      1.460435      1.467118      1.202392      1.601683      1.172031      1.119466      1.038765      1.180064 
     1.490827      1.332512      1.410885      1.348751      1.253169      1.552481      1.111355      1.127861      1.098226      1.086851 
     1.490646      1.349525      1.385971      1.341988      1.176651      1.561943      1.098911      1.192224      1.216835      1.140595 
     1.372695      1.397436      1.358216      1.361947      1.156851      1.586447      1.044189      1.087350      1.185173      1.067157 
     1.385344      1.462894      1.399416      1.299652      1.220257      1.469205      1.146480      1.131783      1.132883      1.116293 
     1.515191      1.380257      1.428856      1.398938      1.224614      1.505102      1.174211      1.090088      1.061105      1.162036 
     1.393807      1.451337      1.502372      1.356784      1.192608      1.559652      1.206626      1.166007      1.134127      1.079037 
     1.351665      1.348664      1.591745      1.355338      1.258677      1.445100      1.113473      1.171957      1.017266      1.104971 
     1.448712      1.300799      1.457889      1.332718      1.207938      1.592544      1.144257      1.076542      1.130901      1.065423 
     1.551228      1.322530      1.429575      1.401559      1.261512      1.531692      1.122056      1.125877      1.055604      1.131247 
     1.445529      1.388991      1.413757      1.302378      1.193147      1.504559      1.128270      1.137415      1.046789      1.023763 
     1.458530      1.371975      1.416729      1.359975      1.177706      1.559048      1.098689      1.100964      1.089281      1.078586 
     1.405680      1.343878      1.477703      1.327841      1.232537      1.653722      1.037134      1.061781      1.109417      1.095806 
     1.448809      1.370073      1.448665      1.325910      1.223276      1.599321      1.089039      1.107641      1.104765      1.117129 
     1.368144      1.451517      1.540635      1.340839      1.212697      1.570465      1.168260      1.138281      1.258277      1.154080 
     1.478000      1.327181      1.458395      1.259990      1.191769      1.498857      1.067306      1.032664      1.095177      1.079614 
     1.434937      1.362945      1.479708      1.337114      1.256976      1.506888      1.209526      1.116940      1.141871      1.176863 
     1.450782      1.402270      1.589232      1.378766      1.216976      1.509102      1.091506      1.133494      1.106206      1.108322 
     1.528520      1.375424      1.506622      1.437975      1.169231      1.554502      1.155374      1.070136      1.178906      1.084438 
     1.531983      1.315415      1.492650      1.416978      1.204369      1.542732      1.097211      1.208454      1.082088      1.093604 
     1.401743      1.303907      1.479562      1.374891      1.201652      1.515060      1.125026      1.138287      1.166233      1.140591 
     1.584970      1.365588      1.388889      1.317974      1.207294      1.512117      1.061545      1.170074      1.026592      1.120036 
     1.606324      1.353217      1.396259      1.369697      1.248164      1.695292      1.133239      1.042316      1.203273      1.120859 
     1.492948      1.383054      1.443297      1.385984      1.191446      1.514161      1.151027      1.126158      1.192282      1.128347 
     1.399781      1.320781      1.461453      1.449854      1.233893      1.551693      1.159348      1.068553      1.087422      1.118683 
     1.438867      1.429543      1.573680      1.399988      1.206214      1.566848      1.133399      1.161797      1.125955      1.116730 
     1.445120      1.372620      1.430256      1.429215      1.197711      1.628086      1.121350      1.079505      1.127020      1.136426 
     1.490116      1.336126      1.429429      1.408407      1.232656      1.438881      1.261861      1.122918      1.189378      1.059058 
     1.456611      1.360185      1.498636      1.367536      1.212980      1.552926      1.138577      1.126861      1.118889      1.204463 
     1.543482      1.329617      1.382073      1.349758      1.175997      1.487871      1.113680      1.096414      1.208369      1.144473 
     1.503557      1.450702      1.464204      1.447892      1.229832      1.535128      1.103575      1.152741      1.200776      1.061253 
     1.420723      1.371720      1.430878      1.379108      1.232300      1.527436      1.147097      1.080687      1.125417      1.136143 
     1.468830      1.337923      1.359671      1.406217      1.178362      1.546962      1.138287      1.037916      1.036440      1.129039 
     1.472390      1.368976      1.448588      1.300631      1.176299      1.553725      1.178542      1.132083      1.052531      1.200286 
     1.456266      1.383813      1.417118      1.327639      1.226062      1.497183      1.093395      1.150411      1.148694      1.091545 
     1.499227      1.370853      1.500923      1.377620      1.195369      1.431875      1.060961      1.139394      1.186597      1.089538 
     1.357399      1.348701      1.535204      1.467180      1.162820      1.556841      1.058711      1.093680      1.059937      1.196519 
     1.453333      1.365576      1.421172      1.297287      1.228137      1.526607      1.161571      1.075132      1.243452      1.141266 
     1.392366      1.377313      1.446893      1.326535      1.192740      1.527815      1.085284      1.152199      1.149700      1.177220 
     1.539477      1.395548      1.480045      1.277440      1.217467      1.514433      1.099063      1.066585      1.195845      1.094087 
     1.555928      1.311055      1.329129      1.355788      1.197672      1.547047      1.105828      1.110621      1.221431      1.325703 
     1.470310      1.316630      1.510642      1.339400      1.190112      1.410703      1.128989      1.094239      1.133711      1.131826 
     1.455767      1.390777      1.455241      1.298669      1.225323      1.591162      1.202720      1.161440      1.145527      1.099294 
     1.472982      1.375661      1.411303      1.380256      1.220145      1.499850      1.148266      1.101464      1.136391      1.130423 
     1.448251      1.431222      1.473948      1.341684      1.204338      1.567713      1.065713      1.115458      0.987076      1.054502 
     1.435635      1.273353      1.449228      1.356348      1.198430      1.470518      1.131977      1.226870      1.207814      1.131190 
     1.506119      1.340031      1.418827      1.370370      1.212450      1.516524      1.042964      1.083495      1.082634      1.072660 
     1.544589      1.372651      1.526837      1.394887      1.196660      1.614110      1.194492      1.088290      1.175484      1.118092 
     1.381773      1.432377      1.444749      1.468169      1.205506      1.519180      1.111434      1.137036      1.069557      1.181722 
     1.452481      1.356287      1.526953      1.397135      1.236999      1.560232      1.159406      1.040410      1.133119      1.126382 
     1.469229      1.378088      1.462300      1.368300      1.209031      1.513825      1.128562      1.127505      1.131960      1.042851 
     1.532117      1.380892      1.407044      1.330763      1.157168      1.504343      1.220031      1.095423      1.141951      1.139504 
     1.466015      1.394050      1.591126      1.450007      1.252566      1.490249      1.105893      1.175168      1.043764      1.069894 
     1.488379      1.379006      1.495751      1.394641      1.181411      1.563779      1.096697      1.150771      1.036331      1.113068 
     1.444706      1.447104      1.445134      1.381915      1.252279      1.496765      1.118018      1.155871      1.153724      1.090612 
     1.384433      1.534705      1.586958      1.320772      1.199895      1.530219      1.105569      1.094430      1.072626      1.175803 
     1.448884      1.383777      1.424626      1.379489      1.210755      1.659721      1.119034      1.136448      1.116425      1.125719 
     1.404205      1.353139      1.445841      1.363427      1.210266      1.501224      1.003113      1.099643      1.052137      1.157901 
     1.428483      1.400628      1.584540      1.386671      1.226828      1.601322      1.096091      1.105824      1.098060      1.059126 
     1.444709      1.344841      1.484232      1.407749      1.175877      1.485954      1.142258      1.118550      1.172209      1.097166 
     1.457136      1.402942      1.537807      1.398317      1.242897      1.533141      1.126764      1.102983      1.049199      1.190121 
     1.385789      1.369494      1.472244      1.392526      1.197264      1.536119      1.086889      1.163439      1.114145      1.125952 
     1.375167      1.376730      1.474498      1.368897      1.202965      1.459141      1.105056      1.179498      1.179827      1.133684 
     1.550209      1.260945      1.465331      1.321978      1.215299      1.538294      1.050737      1.130972      1.178518      1.089147 
     1.472140      1.282847      1.424969      1.390608      1.223022      1.525199      1.127650      1.108271      1.123134      1.154736 
     1.478054      1.323139      1.484207      1.332991      1.196018      1.648944      1.160775      1.082529      1.045875      1.132387 
     1.419094      1.425925      1.571747      1.381291      1.165332      1.533523      1.205077      1.162440      1.191890      1.051582 
     1.526346      1.308595      1.422572      1.297014      1.210537      1.568337      1.080458      1.200717      1.083845      1.136134 
     1.422701      1.342900      1.420298      1.375484      1.179719      1.523645      1.140943      1.076246      1.079185      1.064903 
     1.482847      1.290645      1.459494      1.382583      1.196420      1.539362      1.104256      1.172824      1.057235      1.098360 
     1.556347      1.281776      1.391055      1.365565      1.195464      1.621716      1.140299      1.121322      1.075155      0.986533 
     1.412607      1.346822      1.438907      1.316987      1.219262      1.516831      1.098330      1.136562      1.093702      1.077288 
     1.531148      1.324212      1.458230      1.399661      1.213006      1.525257      1.163530      1.123738      1.112553      1.175617 
     1.478025      1.332683      1.364491      1.388624      1.211197      1.476494      1.096404      1.122530      1.130684      1.100365 
     1.522718      1.342540      1.460883      1.377613      1.176789      1.507332      1.176290      1.120816      1.279869      1.154607 
     1.468143      1.302556      1.346252      1.327765      1.228234      1.616332      1.136251      1.046653      1.057079      1.120714 
     1.481409      1.363050      1.426576      1.373886      1.181230      1.557581      1.163451      1.160873      1.136433      1.160267 
     1.518988      1.402369      1.430005      1.409075      1.173416      1.581589      1.057632      1.157296      1.083920      1.092822 
     1.429107      1.506785      1.489614      1.347308      1.212218      1.532171      1.135499      1.099489      1.195304      1.050011 
     1.453469      1.531323      1.502561      1.293166      1.229750      1.505635      1.114653      1.168004      1.062487      1.116667 
     1.481721      1.377726      1.417500      1.383765      1.225507      1.443539      1.138696      1.079175      1.145203      1.203193 
     1.531589      1.318845      1.427422      1.393664      1.143178      1.555717      1.055140      1.116084      1.157852      1.056401 
     1.409891      1.405411      1.534091      1.379311      1.248030      1.525217      1.097813      1.086165      1.228745      1.159015 
     1.468990      1.366034      1.470440      1.438691      1.182794      1.612329      1.147476      1.077676      1.190089      1.117971 
     1.508448      1.393105      1.492588      1.371686      1.250471      1.506585      1.121254      1.070576      1.097726      1.150257 
     1.411752      1.423699      1.559563      1.467784      1.212545      1.445612      1.130035      1.136494      1.195255      1.230388 
     1.565630      1.345727      1.485945      1.339619      1.221387      1.573315      1.091469      1.105143      1.128296      1.131953 
     1.418056      1.413349      1.453529      1.313308      1.191556      1.538900      1.242358      1.089208      1.167026      1.094849 
     1.471707      1.377665      1.563809      1.371724      1.226317      1.576704      1.133757      1.116434      1.126657      1.182840 
     1.427795      1.383109      1.438128      1.404360      1.202129      1.521191      1.094096      1.109958      1.088173      1.134280 
     1.480279      1.377489      1.563632      1.370796      1.245876      1.503267      1.119945      1.111519      1.216487      1.071519 
     1.489563      1.414709      1.448160      1.365817      1.161645      1.482698      1.156488      1.056340      1.116513      1.104651 
     1.418351      1.450439      1.476545      1.353559      1.208022      1.470580      1.168052      1.086763      1.062992      1.107602 
     1.470308      1.322812      1.446706      1.354385      1.211933      1.506058      1.167437      1.098708      1.099525      1.130119 
     1.480575      1.376384      1.418786      1.336253      1.175949      1.548927      1.086690      1.171597      1.138134      1.084458 
     1.436422      1.329624      1.499922      1.363403      1.201777      1.563635      1.082703      1.137372      1.144381      1.149939 
     1.520392      1.477119      1.672815      1.351321      1.161881      1.442636      1.083012      1.113463      1.084830      1.119845 
     1.514609      1.286047      1.354880      1.344658      1.217106      1.708686      1.147093      1.030598      1.168422      1.105617 
     1.453894      1.382900      1.453689      1.297408      1.187830      1.489490      1.092271      1.168336      1.165174      1.141135 
     1.471497      1.382697      1.459305      1.333836      1.200173      1.589153      1.133855      1.121164      1.175344      1.149105 
     1.494270      1.367206      1.508333      1.254551      1.215834      1.533296      1.085386      1.108898      1.189231      1.211865 
     1.356926      1.362960      1.436531      1.372041      1.231554      1.521906      1.117584      1.095497      1.126268      1.128898 
     1.481597      1.435314      1.455044      1.349785      1.188382      1.505919      1.034482      1.083113      1.147960      1.047864 
     1.374688      1.391090      1.394966      1.336223      1.211205      1.470624      1.143020      1.102543      1.106359      1.153009 
     1.480518      1.361223      1.451988      1.304661      1.185425      1.543058      1.110516      1.106506      0.984138      1.102898 
     1.446217      1.361424      1.443603      1.311589      1.251420      1.521271      1.069699      1.183259      1.204513      1.094162 
     1.426282      1.352732      1.461014      1.409129      1.156132      1.552536      1.107379      1.108237      1.088624      1.083303 
     1.476605      1.396005      1.430455      1.332249      1.172307      1.661167      1.193172      1.060376      1.173797      1.129684 
     1.538470      1.436066      1.486479      1.355971      1.197121      1.420282      1.125358      1.130879      1.032197      1.187568 
     1.430369      1.298437      1.477210      1.496096      1.202320      1.472365      1.122016      1.070703      1.188759      1.150032 
     1.531417      1.354284      1.493679      1.367820      1.219024      1.478652      1.065867      1.164563      1.120213      1.027928 
     1.388039      1.381240      1.386627      1.400444      1.130340      1.540287      1.253261      1.136506      1.052916      1.206568 
     1.498199      1.346990      1.629248      1.402516      1.202730      1.398351      1.157861      1.131220      1.028439      1.057611 
     1.471703      1.424283      1.442242      1.412639      1.197571      1.542048      1.092071      1.141198      1.081002      1.106210 
     1.646140      1.341249      1.449375      1.359555      1.199558      1.463248      1.115921      1.154173      1.128586      1.097842 
     1.537367      1.408769      1.433575      1.399771      1.215772      1.513646      1.092481      1.112913      1.037183      1.045563 
     1.538975      1.349091      1.520752      1.388809      1.244581      1.510310      1.135212      1.131364      1.107697      1.129641 
     1.501654      1.290085      1.439354      1.378500      1.182546      1.594618      1.135876      1.150176      1.081695      1.146361 
     1.557824      1.312498      1.473127      1.410816      1.223854      1.616096      1.108514      1.101978      1.145118      1.122802 
     1.434316      1.381260      1.520378      1.371759      1.218266      1.520205      1.159634      1.124373      1.304967      1.142353 
     1.535956      1.365248      1.461397      1.380811      1.238818      1.478622      1.137453      1.168996      1.044559      1.143578 
     1.459589      1.387854      1.443652      1.384993      1.156785      1.556011      1.071901      1.209955      1.111759      1.132170 
     1.510512      1.326155      1.509396      1.372932      1.231112      1.464501      1.078511      1.111660      1.176926      1.132746 
     1.360869      1.382740      1.461997      1.323498      1.195310      1.642380      1.059304      1.112361      1.120246      1.192887 
     1.438469      1.372562      1.507776      1.330741      1.185227      1.563964      1.162303      1.092506      1.130268      1.126726 
     1.426696      1.374381      1.473468      1.331491      1.227583      1.533227      1.100546      1.143189      1.109095      1.176700 
     1.588133      1.362186      1.518658      1.402949      1.165058      1.595579      1.186380      1.087267      1.047356      1.171771 
     1.411367      1.385758      1.363612      1.345803      1.212137      1.659953      1.104875      1.221091      1.083274      1.173314 
     1.471050      1.312054      1.421371      1.339404      1.187351      1.507444      1.109794      1.130309      1.048710      1.110775 
     1.437356      1.454054      1.494390      1.349337      1.232999      1.592189      1.106916      1.174002      1.080117      1.056790 
     1.372519      1.289321      1.499380      1.361496      1.208590      1.627980      1.145799      1.104524      1.130504      1.137848 
     1.478173      1.349538      1.406353      1.294409      1.237278      1.593720      1.127624      1.130611      1.084026      1.087509 
     1.364542      1.447130      1.473203      1.394250      1.178968      1.495201      1.239428      1.137864      1.087562      1.216386 
     1.411822      1.361842      1.469374      1.297292      1.219775      1.539739      1.100167      1.113091      1.131012      1.075521 
     1.531621      1.311646      1.377315      1.370867      1.183083      1.541916      1.162730      1.124955      1.236170      1.117570 
     1.430545      1.313126      1.509588      1.335529      1.238848      1.522727      1.147134      1.014804      1.098751      1.176776 
     1.443920      1.366605      1.440316      1.355792      1.152881      1.524225      1.094286      1.129169      1.134447      1.149485 
     1.481753      1.417893      1.411958      1.378943      1.239775      1.569383      1.053622      1.176548      1.092833      1.081279 
     1.552062      1.282199      1.465461      1.464658      1.219063      1.508089      1.123758      1.108309      1.179072      1.119581 
     1.494354      1.422778      1.387084      1.341077      1.198158      1.476601      1.129719      1.122245      1.032580      1.109263 
     1.503479      1.331964      1.451101      1.319899      1.232401      1.529640      1.163016      1.077134      1.089514      1.172294 
     1.354487      1.404607      1.494462      1.310477      1.144327      1.454507      1.017984      1.098207      1.102415      1.052741 
     1.533212      1.418169      1.448736      1.367361      1.173553      1.493437      1.054192      1.158783      1.183887      1.159991 
     1.479569      1.358810      1.558481      1.385167      1.217258      1.556447      1.146944      1.068440      1.141919      1.111348 
     1.546293      1.255658      1.468878      1.396714      1.190100      1.552527      1.096708      1.077985      1.092418      1.124614 
     1.613853      1.421110      1.408849      1.318991      1.226257      1.521797      1.152324      1.105380      1.229820      1.264560 
     1.403156      1.424502      1.472573      1.357289      1.254876      1.530288      1.081856      1.112431      1.095272      1.120641 
     1.546155      1.318444      1.422085      1.328713      1.178290      1.536823      1.105322      1.078666      1.118916      1.116508 
     1.462485      1.386899      1.446042      1.435495      1.202781      1.581175      1.102277      1.130347      1.102464      1.099258 
     1.476794      1.395860      1.562198      1.356313      1.222766      1.470928      1.109747      1.101345      0.983153      1.066792 
     1.490750      1.371073      1.466193      1.397314      1.237407      1.553906      1.132435      1.203376      1.165592      1.134554 
     1.470301      1.415482      1.450510      1.350303      1.186248      1.546044      1.142743      1.043477      1.116342      1.101446 
     1.459548      1.321316      1.418541      1.310203      1.233945      1.567949      1.145243      1.154965      1.056913      1.091188 
     1.404693      1.417373      1.441835      1.333110      1.195568      1.513772      1.170835      1.090441      1.149620      1.011560 
     1.446841      1.346729      1.486315      1.353763      1.208918      1.605710      1.067378      1.175557      1.154452      1.140008 
     1.438603      1.317518      1.452065      1.414052      1.251691      1.536657      1.157336      1.071790      1.086468      1.143563 
     1.576165      1.359477      1.400925      1.413802      1.178248      1.604862      1.116058      1.184913      1.204737      1.072080 
     1.400203      1.265431      1.556655      1.361751      1.188475      1.655849      1.098430      1.044390      1.183424      1.076481 
     1.416875      1.303918      1.397121      1.378820      1.220506      1.553203      1.131948      1.129985      1.171159      1.110837 
     1.376555      1.452153      1.472536      1.409437      1.220512      1.492393      1.148272      1.087198      1.166090      1.167975 
     1.328030      1.353914      1.485276      1.420096      1.223637      1.527366      1.099874      1.101652      1.138931      1.129377 
     1.530674      1.305134      1.496156      1.346738      1.236911      1.460998      1.101421      1.102928      1.108356      1.137861 
     1.397550      1.419464      1.538518      1.428616      1.186784      1.460307      1.081578      1.080193      1.151340      1.040860 
     1.465350      1.326731      1.475672      1.341258      1.202720      1.487719      1.133402      1.148703      1.090972      1.152122 
     1.446199      1.343926      1.373996      1.391696      1.206518      1.584065      1.061947      1.113718      1.138705      1.184443 
     1.444055      1.342557      1.491929      1.329405      1.230899      1.485662      1.082775      1.225263      1.187774      1.036683 
