 
 20220410 d32bba55103a90623bd565d5741925e61270efe5
 
 ******************************************************************************
 *                                PWmat                                       *
 *                       VERSION   :   2.0.0                                  *
 *                       LICENCE TO:                                          *
 *                                  Sa Bai Sheng                               *
 *                                Fu Zhou University                           *
 *                                     By support@pwmat.com, LongXun, Beijing *
 ******************************************************************************
 *Please cite one or both following papers:                                   *
 *Jia, W., Fu, J., Cao, Z., Wang, L., Chi, X., Gao, W., & Wang, L. W. (2013). *
 *Fast plane wave density functional theory molecular dynamics calculations on*
 *multi-GPU machines. JCP, 251, 102-115.                                      *
 *Jia, W., Cao, Z., Wang, L., Fu, J., Chi, X., Gao, W., & Wang, L. W. (2013). *
 *The analysis of a plane wave pseudopotential density functional theory code *
 *on a GPU machine. CPC, 184(1), 9-18.                                        *
 ******************************************************************************
 
 read etot.input 
 
 velocity read in from atom.config         
 symmetry infos:
  pointgroup_number=1
  n_operations=1
  pointgroup_symbol=1
  hall_symbol=P 1
  hall_number=1
 generate kpoints with spatial symmetry and time symmetry
 input kpts in primary cell unit
  ===================================== 
           1 ranks per GPU
  ===================================== 
 number of nonlocal atom=         460
 n1,n2,n3=         120         120         120
 n1L,n2L,n3L=         120         120         120
 SPIN=           1
 AL1,AL2,AL3 in (x,y,z) components and A
 each line is one supercell edge vector
   18.0550000     0.0000000     0.0000000
    0.0000000    18.0820000     0.0000000
    0.0000000     0.0000000    18.0730000
 
 done read etot.input 
 
 Initialize GPU processes
 Assigning device 0  to process on node mstation rank 0, OK
 Assigning device 1  to process on node mstation rank 1, OK
 Assigning device 2  to process on node mstation rank 2, OK
 Assigning device 3  to process on node mstation rank 3, OK
 cuSparse Solver is init successfully 
 cuSparse Solver is init successfully 
 cuSparse Solver is init successfully 
 cuSparse Solver is init successfully 
 
 fft prepare 
 
  load balancing info for potential sphere
 pe.  g's. cols. 
           1      110503        1410
           2      110503        1410
           3      110504        1411
           4      110502        1411
 minimum possible value of (pot) mgz2_12 =           60
 optimal (and used) value of (pot) mgz2_12=           60
  load balancing info for potential sphere
 pe.  g's. cols. 
           1      217861        1830
           2      217800        1830
           3      217800        1830
           4      217800        1830
 minimum possible value of (pot) mgz2F_12 =           61
 optimal (and used) value of (pot) mgz2F_12=           61
 
 done fft prepare 
 
 
 init wave functions 
 
  load balancing of the first kpt
 kpt, pe.  g's. cols. 
           1       78148        1394
           2       78148        1394
           3       78231        1395
           4       78146        1394
 
 minimum possible value of mgz_12 =           43
 optimal (and used) value of mgz_12 =           43
 
 done init wave functions 
 
 
 JOB begin ...
 
  ------------Precision----------
  ---  SINGLE precision  --------
  ------------Precision----------
 input charge sum2(ido_rho,s)=           1   1932.21695701884     
 correct that to totNel   1940.00000000000     
 scf loop
 *********************************
 ****** kpt=           1
 err of each states, eV
  0.137668E+03     0.144026E+03     0.143776E+03     0.141486E+03     0.139995E+03
  0.142693E+03     0.144851E+03     0.141517E+03     0.141286E+03     0.143092E+03
  0.141106E+03     0.143666E+03     0.143507E+03     0.142202E+03     0.142345E+03
  0.143049E+03     0.144642E+03     0.140538E+03     0.148667E+03     0.141863E+03
  0.140131E+03     0.143711E+03     0.140441E+03     0.140114E+03     0.138867E+03
  0.144565E+03     0.144899E+03     0.137697E+03     0.145614E+03     0.141935E+03
  0.140103E+03     0.143078E+03     0.140649E+03     0.145985E+03     0.143642E+03
  0.142055E+03     0.146181E+03     0.143903E+03     0.142032E+03     0.144752E+03
  0.139342E+03     0.143236E+03     0.139648E+03     0.143574E+03     0.143160E+03
  0.143028E+03     0.141785E+03     0.142325E+03     0.144343E+03     0.144488E+03
  0.142769E+03     0.145419E+03     0.144192E+03     0.140298E+03     0.143433E+03
  0.144693E+03     0.144552E+03     0.143432E+03     0.146190E+03     0.144557E+03
  0.142095E+03     0.145055E+03     0.145937E+03     0.145791E+03     0.144130E+03
  0.142365E+03     0.138401E+03     0.144262E+03     0.140575E+03     0.145944E+03
  0.143823E+03     0.140057E+03     0.144564E+03     0.144512E+03     0.141186E+03
  0.145787E+03     0.143507E+03     0.146906E+03     0.147156E+03     0.142399E+03
  0.147469E+03     0.143368E+03     0.139145E+03     0.146649E+03     0.142690E+03
  0.142816E+03     0.145029E+03     0.144918E+03     0.141753E+03     0.145375E+03
  0.147882E+03     0.143875E+03     0.144320E+03     0.145210E+03     0.150360E+03
  0.146473E+03     0.143347E+03     0.142811E+03     0.139135E+03     0.144121E+03
  0.143415E+03     0.145434E+03     0.143577E+03     0.142408E+03     0.142473E+03
  0.144963E+03     0.145472E+03     0.145352E+03     0.142916E+03     0.145150E+03
  0.144026E+03     0.145034E+03     0.144454E+03     0.145794E+03     0.145172E+03
  0.147044E+03     0.144000E+03     0.141713E+03     0.143451E+03     0.145285E+03
  0.144515E+03     0.147450E+03     0.147209E+03     0.144289E+03     0.146362E+03
  0.145916E+03     0.147022E+03     0.145499E+03     0.146229E+03     0.147319E+03
  0.146174E+03     0.145408E+03     0.144188E+03     0.145142E+03     0.143934E+03
  0.145183E+03     0.145086E+03     0.145497E+03     0.145459E+03     0.144727E+03
  0.146474E+03     0.144167E+03     0.150205E+03     0.143858E+03     0.148097E+03
  0.148637E+03     0.145944E+03     0.145330E+03     0.144127E+03     0.146917E+03
  0.142920E+03     0.147212E+03     0.146331E+03     0.149630E+03     0.144101E+03
  0.146633E+03     0.147505E+03     0.142189E+03     0.142369E+03     0.149032E+03
  0.144427E+03     0.149545E+03     0.148157E+03     0.145533E+03     0.146141E+03
  0.146729E+03     0.142455E+03     0.148226E+03     0.150098E+03     0.146041E+03
  0.144914E+03     0.150389E+03     0.147535E+03     0.144253E+03     0.146633E+03
  0.148833E+03     0.148581E+03     0.147680E+03     0.146304E+03     0.150199E+03
  0.148127E+03     0.145258E+03     0.146214E+03     0.144065E+03     0.148840E+03
  0.148758E+03     0.149091E+03     0.150031E+03     0.150546E+03     0.148621E+03
  0.148644E+03     0.148022E+03     0.148305E+03     0.149473E+03     0.148600E+03
  0.146330E+03     0.147534E+03     0.146276E+03     0.146667E+03     0.145644E+03
  0.151941E+03     0.146522E+03     0.148851E+03     0.150484E+03     0.149066E+03
  0.148707E+03     0.145496E+03     0.150488E+03     0.146875E+03     0.144369E+03
  0.147271E+03     0.151078E+03     0.148605E+03     0.144439E+03     0.147742E+03
  0.148318E+03     0.149125E+03     0.147512E+03     0.149414E+03     0.149504E+03
  0.147390E+03     0.148037E+03     0.149062E+03     0.145264E+03     0.152537E+03
  0.151213E+03     0.151063E+03     0.148960E+03     0.144992E+03     0.151682E+03
  0.151677E+03     0.150561E+03     0.148781E+03     0.149604E+03     0.152016E+03
  0.152006E+03     0.149459E+03     0.149109E+03     0.146643E+03     0.149260E+03
  0.148752E+03     0.146214E+03     0.151294E+03     0.152020E+03     0.152728E+03
  0.151721E+03     0.150526E+03     0.149645E+03     0.148715E+03     0.151604E+03
  0.148505E+03     0.152038E+03     0.149973E+03     0.153726E+03     0.152322E+03
  0.149073E+03     0.149124E+03     0.148596E+03     0.149831E+03     0.148657E+03
  0.153508E+03     0.149141E+03     0.151235E+03     0.149772E+03     0.152265E+03
  0.150128E+03     0.153327E+03     0.152215E+03     0.150130E+03     0.149000E+03
  0.148354E+03     0.149544E+03     0.147074E+03     0.149697E+03     0.152303E+03
  0.150480E+03     0.148504E+03     0.151701E+03     0.148849E+03     0.150948E+03
  0.152856E+03     0.154750E+03     0.149432E+03     0.149812E+03     0.151510E+03
  0.150582E+03     0.150376E+03     0.151286E+03     0.148004E+03     0.150989E+03
  0.151923E+03     0.152398E+03     0.153285E+03     0.154412E+03     0.152556E+03
  0.153599E+03     0.153201E+03     0.150002E+03     0.148277E+03     0.151131E+03
  0.151319E+03     0.151048E+03     0.152794E+03     0.150513E+03     0.152397E+03
  0.150201E+03     0.150879E+03     0.149375E+03     0.154215E+03     0.153273E+03
  0.155840E+03     0.150441E+03     0.152032E+03     0.150288E+03     0.150924E+03
  0.152395E+03     0.148826E+03     0.152448E+03     0.153424E+03     0.149858E+03
  0.153857E+03     0.154898E+03     0.151871E+03     0.154369E+03     0.150749E+03
  0.152097E+03     0.152082E+03     0.149451E+03     0.154842E+03     0.153072E+03
  0.150888E+03     0.156660E+03     0.154240E+03     0.151765E+03     0.153221E+03
  0.149069E+03     0.150769E+03     0.155298E+03     0.153982E+03     0.152712E+03
  0.154858E+03     0.154077E+03     0.153667E+03     0.154841E+03     0.158680E+03
  0.153949E+03     0.151473E+03     0.155783E+03     0.152810E+03     0.151640E+03
  0.149685E+03     0.155436E+03     0.152436E+03     0.157985E+03     0.157738E+03
  0.151688E+03     0.154574E+03     0.153311E+03     0.154903E+03     0.152658E+03
  0.153094E+03     0.158316E+03     0.152477E+03     0.155812E+03     0.154499E+03
  0.152444E+03     0.154758E+03     0.154580E+03     0.152840E+03     0.156072E+03
  0.154035E+03     0.153108E+03     0.156659E+03     0.155017E+03     0.155083E+03
  0.153013E+03     0.154809E+03     0.159932E+03     0.155907E+03     0.153759E+03
  0.150565E+03     0.158295E+03     0.158500E+03     0.154090E+03     0.153654E+03
  0.157557E+03     0.156912E+03     0.154546E+03     0.157009E+03     0.158533E+03
  0.159000E+03     0.154749E+03     0.158848E+03     0.155039E+03     0.158844E+03
  0.153236E+03     0.158096E+03     0.159063E+03     0.156035E+03     0.156137E+03
  0.155768E+03     0.156289E+03     0.157508E+03     0.157142E+03     0.154615E+03
  0.154301E+03     0.158349E+03     0.156285E+03     0.156734E+03     0.155426E+03
  0.154822E+03     0.158716E+03     0.154061E+03     0.155869E+03     0.153403E+03
  0.158693E+03     0.154281E+03     0.157750E+03     0.159553E+03     0.159568E+03
  0.155958E+03     0.158323E+03     0.154328E+03     0.158972E+03     0.159171E+03
  0.156911E+03     0.157084E+03     0.156220E+03     0.158680E+03     0.154944E+03
  0.158671E+03     0.158430E+03     0.156547E+03     0.159475E+03     0.159803E+03
  0.154511E+03     0.155635E+03     0.158979E+03     0.157655E+03     0.159225E+03
  0.153596E+03     0.160931E+03     0.158756E+03     0.154034E+03     0.158191E+03
  0.160033E+03     0.157094E+03     0.159741E+03     0.157765E+03     0.157140E+03
  0.161177E+03     0.161918E+03     0.163062E+03     0.159013E+03     0.160258E+03
  0.161456E+03     0.160569E+03     0.155786E+03     0.159544E+03     0.158737E+03
  0.158613E+03     0.161302E+03     0.159501E+03     0.160408E+03     0.158044E+03
  0.159355E+03     0.162184E+03     0.156368E+03     0.162818E+03     0.162058E+03
  0.160248E+03     0.159423E+03     0.160697E+03     0.157993E+03     0.160021E+03
  0.158325E+03     0.157307E+03     0.158191E+03     0.160282E+03     0.158898E+03
  0.158191E+03     0.159439E+03     0.162712E+03     0.160782E+03     0.161927E+03
  0.156754E+03     0.157543E+03     0.161657E+03     0.159069E+03     0.160650E+03
  0.162014E+03     0.160992E+03     0.160904E+03     0.156545E+03     0.159812E+03
  0.159887E+03     0.160553E+03     0.159715E+03     0.163280E+03     0.160341E+03
  0.164161E+03     0.160741E+03     0.161265E+03     0.161249E+03     0.162888E+03
  0.164072E+03     0.157031E+03     0.156616E+03     0.158459E+03     0.158089E+03
  0.159856E+03     0.157281E+03     0.158140E+03     0.161152E+03     0.165690E+03
  0.160338E+03     0.157105E+03     0.165048E+03     0.160695E+03     0.162556E+03
  0.162250E+03     0.162951E+03     0.163673E+03     0.164515E+03     0.163859E+03
  0.163742E+03     0.166266E+03     0.160856E+03     0.161121E+03     0.165872E+03
  0.162281E+03     0.163369E+03     0.159268E+03     0.160893E+03     0.166150E+03
  0.163921E+03     0.162615E+03     0.163295E+03     0.161502E+03     0.159952E+03
  0.162404E+03     0.159732E+03     0.163045E+03     0.161255E+03     0.164325E+03
  0.164891E+03     0.160906E+03     0.163220E+03     0.164066E+03     0.159387E+03
  0.159770E+03     0.159239E+03     0.161028E+03     0.163039E+03     0.161725E+03
  0.163841E+03     0.166905E+03     0.169230E+03     0.163436E+03     0.163371E+03
  0.164278E+03     0.166538E+03     0.166433E+03     0.164664E+03     0.161517E+03
  0.163295E+03     0.162862E+03     0.162034E+03     0.166035E+03     0.163802E+03
  0.163693E+03     0.162110E+03     0.165693E+03     0.163112E+03     0.163465E+03
  0.164339E+03     0.163764E+03     0.165951E+03     0.161999E+03     0.166560E+03
  0.161558E+03     0.166468E+03     0.165441E+03     0.162684E+03     0.161641E+03
  0.163670E+03     0.169087E+03     0.163178E+03     0.167925E+03     0.163363E+03
  0.165964E+03     0.164391E+03     0.166592E+03     0.163652E+03     0.161416E+03
  0.163741E+03     0.168203E+03     0.164046E+03     0.162599E+03     0.163061E+03
  0.166293E+03     0.165124E+03     0.166708E+03     0.163007E+03     0.165375E+03
  0.164206E+03     0.165121E+03     0.166248E+03     0.168149E+03     0.166167E+03
  0.165886E+03     0.163658E+03     0.161442E+03     0.169818E+03     0.167402E+03
  0.167393E+03     0.165768E+03     0.164211E+03     0.167588E+03     0.165298E+03
  0.167141E+03     0.167590E+03     0.170267E+03     0.163467E+03     0.166974E+03
  0.167179E+03     0.170095E+03     0.166999E+03     0.167833E+03     0.166045E+03
  0.167440E+03     0.167497E+03     0.168901E+03     0.172018E+03     0.168399E+03
  0.162420E+03     0.165701E+03     0.164843E+03     0.165154E+03     0.169723E+03
  0.170556E+03     0.168223E+03     0.169928E+03     0.170299E+03     0.168982E+03
  0.166221E+03     0.169470E+03     0.166997E+03     0.169837E+03     0.171253E+03
  0.163451E+03     0.168454E+03     0.167901E+03     0.168149E+03     0.166900E+03
  0.171587E+03     0.169569E+03     0.168794E+03     0.170461E+03     0.165358E+03
  0.166630E+03     0.168613E+03     0.166833E+03     0.172299E+03     0.165420E+03
  0.166907E+03     0.171798E+03     0.173114E+03     0.168987E+03     0.169274E+03
  0.168638E+03     0.169245E+03     0.171044E+03     0.165940E+03     0.168940E+03
  0.173818E+03     0.170451E+03     0.167172E+03     0.170171E+03     0.167825E+03
  0.165419E+03     0.170820E+03     0.171461E+03     0.168852E+03     0.168869E+03
  0.173043E+03     0.169998E+03     0.168440E+03     0.168698E+03     0.171845E+03
  0.172564E+03     0.169579E+03     0.169623E+03     0.168193E+03     0.168532E+03
  0.168333E+03     0.174533E+03     0.168523E+03     0.170637E+03     0.171581E+03
  0.173122E+03     0.170597E+03     0.174447E+03     0.169966E+03     0.172619E+03
  0.171547E+03     0.170546E+03     0.171159E+03     0.170127E+03     0.173910E+03
  0.169374E+03     0.167440E+03     0.167537E+03     0.169997E+03     0.172797E+03
  0.171678E+03     0.172401E+03     0.170243E+03     0.172818E+03     0.169943E+03
  0.173840E+03     0.170230E+03     0.174082E+03     0.175106E+03     0.174365E+03
  0.169837E+03     0.169836E+03     0.168581E+03     0.176202E+03     0.171543E+03
  0.172684E+03     0.170743E+03     0.174102E+03     0.167667E+03     0.172019E+03
  0.172381E+03     0.171007E+03     0.172749E+03     0.175993E+03     0.169870E+03
  0.173843E+03     0.171245E+03     0.170107E+03     0.172146E+03     0.168777E+03
  0.172583E+03     0.173139E+03     0.169360E+03     0.176752E+03     0.172198E+03
  0.168823E+03     0.173804E+03     0.179078E+03     0.173672E+03     0.173611E+03
  0.176217E+03     0.173003E+03     0.172717E+03     0.174731E+03     0.171263E+03
  0.176639E+03     0.172384E+03     0.169546E+03     0.177959E+03     0.170678E+03
  0.175342E+03     0.175549E+03     0.177434E+03     0.174946E+03     0.175771E+03
  0.174865E+03     0.177393E+03     0.174947E+03     0.175708E+03     0.175654E+03
  0.175230E+03     0.172837E+03     0.173319E+03     0.173431E+03     0.176654E+03
  0.175361E+03     0.174897E+03     0.175530E+03     0.174375E+03     0.172591E+03
  0.177885E+03     0.174931E+03     0.176203E+03     0.175362E+03     0.172695E+03
  0.174731E+03     0.172888E+03     0.175116E+03     0.175578E+03     0.177104E+03
  0.177552E+03     0.175235E+03     0.175955E+03     0.174611E+03     0.176192E+03
  0.175699E+03     0.173422E+03     0.177673E+03     0.173970E+03     0.176882E+03
  0.174287E+03     0.177278E+03     0.173078E+03     0.176394E+03     0.176057E+03
  0.174851E+03     0.178815E+03     0.170133E+03     0.170510E+03     0.176317E+03
  0.176597E+03     0.174337E+03     0.176389E+03     0.177223E+03     0.176558E+03
  0.176271E+03     0.177854E+03     0.179356E+03     0.177354E+03     0.179262E+03
  0.173632E+03     0.178323E+03     0.176580E+03     0.172810E+03     0.175770E+03
  0.180912E+03     0.175499E+03     0.172168E+03     0.176011E+03     0.180905E+03
  0.178294E+03     0.176138E+03     0.176606E+03     0.177297E+03     0.175350E+03
  0.170230E+03     0.181150E+03     0.177355E+03     0.177500E+03     0.180394E+03
  0.178206E+03     0.178387E+03     0.178416E+03     0.178820E+03     0.179733E+03
  0.179365E+03     0.176239E+03     0.178617E+03     0.179158E+03     0.180633E+03
  0.176699E+03     0.177146E+03     0.178559E+03     0.176782E+03     0.179356E+03
  0.177546E+03     0.178154E+03     0.176417E+03     0.177801E+03     0.179471E+03
  0.180490E+03     0.179668E+03     0.179311E+03     0.176652E+03     0.180479E+03
  0.175774E+03     0.178338E+03     0.177668E+03     0.185456E+03     0.180550E+03
  0.181194E+03     0.183753E+03     0.181563E+03     0.179617E+03     0.179633E+03
  0.178151E+03     0.179055E+03     0.180669E+03     0.186571E+03     0.179427E+03
  0.180571E+03     0.179069E+03     0.181364E+03     0.180313E+03     0.178926E+03
  0.183275E+03     0.181882E+03     0.178796E+03     0.180547E+03     0.178247E+03
  0.178891E+03     0.177897E+03     0.180677E+03     0.184215E+03     0.175760E+03
  0.180779E+03     0.180633E+03     0.181314E+03     0.176245E+03     0.183072E+03
  0.181886E+03     0.182420E+03     0.183916E+03     0.180132E+03     0.179688E+03
  0.177217E+03     0.182057E+03     0.177995E+03     0.178793E+03     0.183981E+03
  0.180990E+03     0.184101E+03     0.182103E+03     0.182426E+03     0.180896E+03
  0.185031E+03     0.182588E+03     0.180642E+03     0.185979E+03     0.181367E+03
  0.180142E+03     0.181818E+03     0.181395E+03     0.182589E+03     0.183718E+03
  0.181983E+03     0.181119E+03     0.181801E+03     0.185256E+03     0.181740E+03
  0.179791E+03     0.180273E+03     0.177708E+03     0.183646E+03     0.184822E+03
  0.182314E+03     0.183003E+03     0.185313E+03     0.185925E+03     0.184739E+03
  0.182257E+03     0.182605E+03     0.187236E+03     0.183776E+03     0.185133E+03
  0.184078E+03     0.187354E+03     0.186516E+03     0.181694E+03     0.183320E+03
  0.182659E+03     0.184394E+03     0.184229E+03     0.187438E+03     0.182289E+03
  0.181915E+03     0.183808E+03     0.183773E+03     0.183916E+03     0.179094E+03
  0.183756E+03     0.186470E+03     0.185306E+03     0.185576E+03     0.181841E+03
  0.186967E+03     0.185033E+03     0.182386E+03     0.184386E+03     0.187870E+03
  0.181979E+03     0.186376E+03     0.188285E+03     0.186391E+03     0.187088E+03
  0.183333E+03     0.188453E+03     0.186333E+03     0.182610E+03     0.183583E+03
  0.186280E+03     0.185332E+03     0.187852E+03     0.185560E+03     0.186568E+03
  0.184403E+03     0.185197E+03     0.186842E+03     0.185440E+03     0.186356E+03
  0.184239E+03     0.183516E+03     0.187774E+03     0.183265E+03     0.189888E+03
  0.192157E+03     0.186193E+03     0.187079E+03     0.185940E+03     0.187272E+03
  0.188710E+03     0.191232E+03     0.185447E+03     0.188435E+03     0.185892E+03
  0.186847E+03     0.191100E+03     0.187742E+03     0.187448E+03     0.184636E+03
  0.186822E+03     0.186691E+03     0.185980E+03     0.188342E+03     0.188813E+03
  0.185395E+03     0.186840E+03     0.182157E+03     0.188384E+03     0.185449E+03
  0.190549E+03     0.192916E+03     0.186233E+03
 eigen energies, in ev
      0.591483         0.932179         1.103553         1.194681         1.503600
      1.595774         1.857936         1.916990         2.110129         2.184351
      2.448705         2.540390         2.620006         2.712804         2.887319
      2.939633         3.066034         3.107825         3.267880         3.336561
      3.416871         3.575213         3.693701         3.778094         3.887060
      3.948859         4.050400         4.164731         4.314093         4.365129
      4.405724         4.578282         4.628428         4.693507         4.808259
      4.930944         5.004150         5.070543         5.217888         5.314821
      5.377495         5.467433         5.536448         5.671850         5.756300
      5.843980         5.976571         6.041097         6.083243         6.194181
      6.257330         6.369079         6.422786         6.496356         6.649847
      6.688729         6.784232         6.810676         6.998265         7.063564
      7.135965         7.216394         7.247983         7.330379         7.437229
      7.459176         7.531374         7.642710         7.692867         7.835363
      7.875256         7.932745         7.976950         8.049062         8.165553
      8.271404         8.354955         8.438350         8.485784         8.554299
      8.644976         8.699925         8.767450         8.791927         8.915823
      8.964685         9.027612         9.139213         9.204599         9.281335
      9.355895         9.447916         9.526917         9.582203         9.650762
      9.730844         9.757028         9.872942         9.899884         9.969531
     10.061340        10.114339        10.195256        10.266671        10.314954
     10.353205        10.483286        10.491095        10.617084        10.695858
     10.720044        10.771941        10.852007        10.900845        11.007771
     11.043539        11.106556        11.177564        11.238470        11.286696
     11.387338        11.440049        11.488598        11.535271        11.595948
     11.670261        11.741783        11.827865        11.879979        11.978317
     12.020457        12.101288        12.125357        12.180024        12.232142
     12.265267        12.362861        12.414721        12.474780        12.553388
     12.606730        12.647818        12.722138        12.822043        12.860393
     12.887891        12.961118        13.047881        13.084299        13.176174
     13.201195        13.266485        13.277391        13.389315        13.478569
     13.523732        13.561413        13.618714        13.667678        13.740294
     13.810561        13.845064        13.926929        14.013616        14.052198
     14.100780        14.194247        14.251569        14.298800        14.377556
     14.421372        14.471134        14.562634        14.605376        14.665309
     14.738224        14.754178        14.850518        14.918993        14.968521
     15.060926        15.100359        15.153705        15.215004        15.242090
     15.288196        15.367775        15.430690        15.481700        15.576774
     15.643312        15.666059        15.697144        15.762495        15.830707
     15.885412        15.963075        16.009814        16.069990        16.136101
     16.162711        16.220075        16.290897        16.362427        16.456387
     16.493581        16.526980        16.573748        16.643357        16.727209
     16.781552        16.796347        16.870385        16.934694        17.004738
     17.083361        17.126191        17.179528        17.258579        17.322927
     17.348931        17.430627        17.479054        17.528571        17.559620
     17.595292        17.688167        17.722710        17.823066        17.870347
     17.884227        17.976903        18.023356        18.070704        18.133825
     18.183862        18.288429        18.344157        18.392868        18.494164
     18.536571        18.635023        18.660991        18.707568        18.742473
     18.852157        18.882754        18.942277        19.000566        19.051264
     19.126133        19.153380        19.203103        19.271829        19.305442
     19.398937        19.443294        19.552636        19.628643        19.728281
     19.746710        19.863210        19.919013        19.954748        20.007811
     20.050477        20.084516        20.203051        20.279491        20.368646
     20.399762        20.451443        20.522247        20.557908        20.675262
     20.716981        20.770403        20.835842        20.923347        20.987016
     21.034448        21.113713        21.178769        21.237666        21.316261
     21.375845        21.470853        21.491921        21.571644        21.652679
     21.714905        21.788876        21.888279        21.943553        22.005063
     22.065998        22.135142        22.232595        22.317500        22.349980
     22.478433        22.522111        22.585651        22.633689        22.705838
     22.758452        22.848299        22.950054        22.976773        23.061063
     23.193163        23.258292        23.317174        23.364512        23.461271
     23.507993        23.597289        23.658802        23.689939        23.757589
     23.852659        23.904657        23.952376        24.111498        24.172298
     24.280548        24.331980        24.387399        24.446889        24.558367
     24.601113        24.754929        24.832968        24.921124        24.977732
     25.040972        25.121174        25.185946        25.265295        25.361052
     25.419263        25.486072        25.554674        25.641466        25.715141
     25.871224        25.910285        25.954979        25.998168        26.172536
     26.204890        26.360416        26.409094        26.511576        26.553295
     26.665727        26.758526        26.790555        26.877195        26.962034
     27.007499        27.059783        27.185327        27.250092        27.325279
     27.369635        27.482948        27.600258        27.654588        27.731573
     27.816702        27.917649        28.000475        28.035290        28.202116
     28.245703        28.294007        28.365948        28.459576        28.577746
     28.650382        28.736405        28.840474        28.985354        29.062011
     29.198856        29.232233        29.280433        29.315089        29.412498
     29.547072        29.633747        29.668424        29.845304        29.939607
     29.997421        30.019477        30.167863        30.283906        30.306177
     30.466923        30.547938        30.613620        30.696248        30.786924
     30.868564        31.006920        31.055257        31.153638        31.223060
     31.316167        31.455381        31.494986        31.515388        31.645703
     31.870277        31.898692        31.950734        32.086931        32.138318
     32.255133        32.373391        32.441487        32.576751        32.631137
     32.716224        32.798769        32.897614        33.003158        33.142961
     33.256399        33.354316        33.368051        33.429679        33.536848
     33.748074        33.787792        33.880981        33.994212        34.068748
     34.158780        34.302364        34.328445        34.446888        34.626079
     34.667786        34.782172        34.843776        34.887582        35.024898
     35.137137        35.254720        35.359814        35.446503        35.536844
     35.672825        35.730775        35.864290        35.997577        36.041578
     36.124502        36.209342        36.378821        36.500687        36.589948
     36.661653        36.737115        36.942259        37.070122        37.127362
     37.232096        37.356935        37.390491        37.561658        37.663070
     37.757638        37.885347        38.065059        38.115705        38.212493
     38.333959        38.421589        38.534831        38.595342        38.684367
     38.834094        38.921375        39.051424        39.177463        39.252862
     39.385223        39.598048        39.655224        39.880137        40.005693
     40.080618        40.142880        40.282862        40.367806        40.410290
     40.457326        40.557788        40.765835        40.891361        40.975042
     41.050925        41.213343        41.319736        41.449454        41.476895
     41.643945        41.759640        41.916945        42.044056        42.153311
     42.248155        42.308403        42.443325        42.621111        42.797168
     42.882649        43.004077        43.078398        43.149745        43.393145
     43.434428        43.477240        43.676465        43.734820        43.840563
     43.941386        44.077055        44.230255        44.269260        44.377610
     44.519674        44.668081        44.766821        44.882850        44.975263
     45.121536        45.178224        45.300299        45.445063        45.543204
     45.708602        45.854518        45.935617        46.018648        46.135809
     46.220465        46.455075        46.604203        46.719528        46.772445
     46.907989        47.114180        47.182942        47.392739        47.500367
     47.575582        47.756524        47.876245        48.046929        48.093920
     48.294413        48.391743        48.499640        48.610756        48.740383
     48.814340        48.873439        49.073316        49.236315        49.320630
     49.467277        49.616562        49.750310        49.817527        49.929200
     50.094375        50.249130        50.336501        50.471736        50.513712
     50.695146        50.777546        50.948737        51.162200        51.245942
     51.372567        51.482400        51.630054        51.764190        51.941843
     52.086148        52.233752        52.325614        52.527414        52.694539
     52.826186        52.973402        53.155873        53.226031        53.426650
     53.497134        53.632283        53.760936        53.800486        53.979975
     54.158967        54.307127        54.391985        54.460124        54.694175
     54.880480        55.063731        55.155181        55.287392        55.422273
     55.499516        55.677774        55.858394        55.947272        56.091174
     56.222073        56.367995        56.541888        56.658843        56.879026
     56.977491        57.023324        57.227401        57.373855        57.447529
     57.538834        57.588908        57.863450        57.966979        58.095236
     58.324354        58.576646        58.662287        58.848575        58.976880
     59.204441        59.258455        59.478342        59.607172        59.690135
     59.783696        59.836949        59.972650        60.127677        60.412141
     60.509758        60.719183        60.794929        61.037706        61.199923
     61.357067        61.562190        61.617833        61.795066        61.924139
     62.029905        62.235728        62.351656        62.523744        62.758257
     62.839310        62.974663        63.081735        63.321415        63.414156
     63.622024        63.747019        63.973775        64.086665        64.238440
     64.315892        64.612692        64.714103        64.817681        64.883213
     65.075464        65.271163        65.403405        65.550018        65.648403
     65.707369        66.015696        66.213230        66.429879        66.477894
     66.812134        66.998301        67.029572        67.158698        67.480116
     67.677435        67.810000        67.965333        68.101831        68.324245
     68.479055        68.619654        68.769503        68.908924        69.059353
     69.214283        69.378363        69.582147        69.728845        69.847958
     70.029522        70.199420        70.358635        70.581600        70.761277
     70.893851        70.981164        71.183928        71.319746        71.516688
     71.700354        71.914515        72.004047        72.224173        72.439103
     72.509035        72.584172        72.720444        73.007223        73.173329
     73.287463        73.551190        73.665845        73.815609        73.915172
     74.023552        74.271952        74.451908        74.640887        74.874077
     75.019188        75.087207        75.399397        75.492456        75.707771
     75.867448        76.181064        76.342985        76.509600        76.540520
     76.758927        77.004557        77.114559        77.214017        77.356176
     77.656613        77.744401        77.827159        78.193483        78.359960
     78.577991        78.753668        78.959575        79.002896        79.230375
     79.450467        79.556438        79.910033        80.071820        80.231168
     80.487612        80.608095        80.796244        80.994715        81.124490
     81.413997        81.618627        81.705872        82.042136        82.203172
     82.379974        82.449565        82.612385        82.931246        83.025192
     83.175632        83.501157        83.568905        83.851171        84.022809
     84.249913        84.526127        84.582712        84.814604        85.122347
     85.300206        85.319564        85.635848        85.837817        85.953122
     86.241799        86.439348        86.657548        86.842125        87.017630
     87.243962        87.449810        87.788367        87.915553        88.272738
     88.409785        88.755995        88.865073        89.019766        89.292481
     89.484876        89.584699        89.986729        90.090792        90.415748
     90.511508        90.693334        90.901914        91.026776        91.193211
     91.355839        91.492602        91.737784        91.820873        92.013701
     92.379530        92.412865        92.585206        92.974648        93.284054
     93.596084        93.818365        93.919431        94.077505        94.085189
     94.641616        94.746555        94.974298        95.308768        95.425582
     95.605978        95.929899        96.244204        96.524521        96.601001
     96.664831        97.046429        97.306537        97.427786        97.685209
     97.870418        98.183545        98.359055        98.546358        98.695745
     99.013990        99.058547        99.381480        99.722890       100.039297
    100.111166       100.391251       100.481977       100.737098       100.854348
    101.188419       101.588031       101.689562       101.992425       102.225511
    102.428284       102.784766       102.941673       103.205696       103.388366
    103.724602       103.951520       104.087632       104.290774       104.520844
    104.968722       105.245829       105.433296       105.682080       105.916216
    106.065160       106.500592       106.639097       106.859990       107.263996
    107.461033       107.698286       107.973235       108.452579       108.498179
    108.757210       108.877120       109.159244       109.315251       109.606875
    109.906946       110.066421       110.434198       110.913867       111.009265
    111.209101       111.599114       111.801634       112.058106       112.323892
    112.690151       112.938677       112.949620       113.189214       113.657492
    113.837940       113.999379       114.343816       114.534434       114.996346
    115.266899       115.550212       115.829431       116.229191       116.393619
    116.903826       117.144332       117.362232       117.914809       118.126791
    118.314571       118.536090       119.076965       119.163630       119.445397
    119.872726       120.059177       120.629629       120.918535       121.071230
    121.369936       121.566320       121.768800       122.248294       122.504447
    122.752530       123.224946       123.707043       123.856703       123.998165
    124.292816       124.695093       125.069297       125.218195       125.611817
    125.913035       126.238270       126.609331       127.212192       127.315234
    127.626428       127.924079       128.226085       128.578346       129.210278
    129.432006       129.685282       129.960666       130.262267       131.066693
    131.193377       131.437516       132.140107       132.386693       132.822978
    133.082004       133.484731       133.899756       134.440352       134.767912
    135.004561       135.607247       135.826772       136.031646       136.492769
    136.707544       137.185705       137.641137       138.094942       138.652623
    139.048027       139.376216       139.992779       140.232643       140.842707
    141.472114       142.206323       142.735997       143.501279       143.596675
    144.492081       144.937863       145.368222       146.021056       146.499397
    147.054703       147.747971       148.468018       148.971304       149.869186
    150.403438       150.864107       151.903033       152.188387       154.227350
    155.188450       156.945800       157.463715
 *********************************
 sum eigen(dbl occ, ryd)=   7946.90194176345     
 *********************************
 One SCF use:    81.7013959884644       s
 *********************************
 ****** kpt=           1
 err of each states, eV
  0.406580E+02     0.399354E+02     0.404533E+02     0.409524E+02     0.411551E+02
  0.423582E+02     0.421756E+02     0.417098E+02     0.417683E+02     0.414278E+02
  0.425704E+02     0.423576E+02     0.425741E+02     0.431993E+02     0.430782E+02
  0.420586E+02     0.435255E+02     0.436770E+02     0.438610E+02     0.429647E+02
  0.432071E+02     0.441556E+02     0.440756E+02     0.442036E+02     0.446151E+02
  0.432626E+02     0.455974E+02     0.445685E+02     0.452270E+02     0.441188E+02
  0.454009E+02     0.449022E+02     0.453285E+02     0.442432E+02     0.443902E+02
  0.448347E+02     0.449441E+02     0.441864E+02     0.450422E+02     0.454476E+02
  0.458101E+02     0.451133E+02     0.454877E+02     0.462137E+02     0.456793E+02
  0.453413E+02     0.464384E+02     0.454333E+02     0.461680E+02     0.460978E+02
  0.467612E+02     0.452361E+02     0.468326E+02     0.449537E+02     0.473257E+02
  0.476877E+02     0.473668E+02     0.463945E+02     0.464754E+02     0.470813E+02
  0.476452E+02     0.462120E+02     0.482000E+02     0.477937E+02     0.479803E+02
  0.480986E+02     0.468747E+02     0.466206E+02     0.473317E+02     0.478311E+02
  0.472292E+02     0.473160E+02     0.477664E+02     0.472500E+02     0.474758E+02
  0.477048E+02     0.478872E+02     0.481432E+02     0.478736E+02     0.481838E+02
  0.483520E+02     0.469825E+02     0.476801E+02     0.477290E+02     0.469681E+02
  0.483633E+02     0.478259E+02     0.479658E+02     0.488066E+02     0.478505E+02
  0.490113E+02     0.495050E+02     0.485004E+02     0.487733E+02     0.478147E+02
  0.482195E+02     0.477747E+02     0.495475E+02     0.491617E+02     0.496404E+02
  0.484283E+02     0.490821E+02     0.494277E+02     0.492388E+02     0.487773E+02
  0.482864E+02     0.491562E+02     0.492813E+02     0.477588E+02     0.493763E+02
  0.489549E+02     0.488900E+02     0.493634E+02     0.497561E+02     0.493728E+02
  0.490525E+02     0.491564E+02     0.483793E+02     0.485715E+02     0.490873E+02
  0.490899E+02     0.492233E+02     0.491808E+02     0.490396E+02     0.485423E+02
  0.491954E+02     0.491043E+02     0.488900E+02     0.486341E+02     0.489763E+02
  0.501360E+02     0.495381E+02     0.476819E+02     0.500818E+02     0.491314E+02
  0.480009E+02     0.494056E+02     0.499120E+02     0.499620E+02     0.491790E+02
  0.491738E+02     0.481223E+02     0.474430E+02     0.494281E+02     0.493582E+02
  0.493659E+02     0.486311E+02     0.493080E+02     0.501454E+02     0.485074E+02
  0.485342E+02     0.486025E+02     0.503388E+02     0.498825E+02     0.498700E+02
  0.490136E+02     0.484086E+02     0.488085E+02     0.495407E+02     0.499148E+02
  0.501595E+02     0.489849E+02     0.492032E+02     0.493129E+02     0.498781E+02
  0.486503E+02     0.485474E+02     0.479916E+02     0.487690E+02     0.492878E+02
  0.476030E+02     0.484302E+02     0.497736E+02     0.478355E+02     0.494839E+02
  0.484556E+02     0.484002E+02     0.479659E+02     0.485194E+02     0.487834E+02
  0.486150E+02     0.486317E+02     0.475384E+02     0.479395E+02     0.484070E+02
  0.483395E+02     0.492712E+02     0.476492E+02     0.488646E+02     0.492278E+02
  0.472549E+02     0.480512E+02     0.484063E+02     0.477930E+02     0.487911E+02
  0.485829E+02     0.476972E+02     0.478245E+02     0.486606E+02     0.482795E+02
  0.484576E+02     0.497576E+02     0.478074E+02     0.476143E+02     0.484965E+02
  0.481710E+02     0.486077E+02     0.477143E+02     0.480082E+02     0.476712E+02
  0.483494E+02     0.478967E+02     0.473666E+02     0.481916E+02     0.487835E+02
  0.484347E+02     0.480256E+02     0.473111E+02     0.484365E+02     0.482206E+02
  0.475571E+02     0.482912E+02     0.482149E+02     0.475702E+02     0.474585E+02
  0.474261E+02     0.478702E+02     0.478273E+02     0.470909E+02     0.477591E+02
  0.474913E+02     0.479243E+02     0.473536E+02     0.472133E+02     0.473592E+02
  0.475592E+02     0.467941E+02     0.473238E+02     0.471678E+02     0.483192E+02
  0.475773E+02     0.470032E+02     0.480339E+02     0.476014E+02     0.475392E+02
  0.467778E+02     0.481895E+02     0.477621E+02     0.461448E+02     0.464211E+02
  0.477837E+02     0.473810E+02     0.470195E+02     0.472146E+02     0.478585E+02
  0.464904E+02     0.481556E+02     0.474285E+02     0.476828E+02     0.462851E+02
  0.473338E+02     0.475292E+02     0.484613E+02     0.478559E+02     0.461236E+02
  0.479824E+02     0.467572E+02     0.461857E+02     0.469586E+02     0.467833E+02
  0.472900E+02     0.467486E+02     0.465778E+02     0.467640E+02     0.470567E+02
  0.476730E+02     0.459866E+02     0.471188E+02     0.457077E+02     0.464153E+02
  0.466085E+02     0.463411E+02     0.464925E+02     0.470949E+02     0.469354E+02
  0.469783E+02     0.461417E+02     0.468799E+02     0.464819E+02     0.461865E+02
  0.464258E+02     0.462378E+02     0.455742E+02     0.473201E+02     0.465468E+02
  0.454031E+02     0.467210E+02     0.463180E+02     0.462532E+02     0.459302E+02
  0.461290E+02     0.468980E+02     0.459968E+02     0.460305E+02     0.463674E+02
  0.477273E+02     0.472467E+02     0.470506E+02     0.466469E+02     0.464952E+02
  0.460462E+02     0.466913E+02     0.457935E+02     0.461106E+02     0.456299E+02
  0.461266E+02     0.464439E+02     0.457357E+02     0.455978E+02     0.463847E+02
  0.465589E+02     0.451760E+02     0.457820E+02     0.468502E+02     0.458666E+02
  0.455520E+02     0.458390E+02     0.463822E+02     0.461246E+02     0.457321E+02
  0.460811E+02     0.454984E+02     0.456742E+02     0.457215E+02     0.466556E+02
  0.453808E+02     0.450841E+02     0.456739E+02     0.454484E+02     0.457057E+02
  0.454356E+02     0.466197E+02     0.453133E+02     0.461936E+02     0.471762E+02
  0.457194E+02     0.452579E+02     0.446744E+02     0.458689E+02     0.459841E+02
  0.465659E+02     0.445247E+02     0.460256E+02     0.455775E+02     0.455513E+02
  0.456726E+02     0.450873E+02     0.457710E+02     0.467167E+02     0.455127E+02
  0.451715E+02     0.447617E+02     0.448528E+02     0.446539E+02     0.456140E+02
  0.450744E+02     0.452974E+02     0.445880E+02     0.450535E+02     0.459109E+02
  0.447832E+02     0.448185E+02     0.450038E+02     0.456781E+02     0.449072E+02
  0.453406E+02     0.449478E+02     0.447765E+02     0.445463E+02     0.461099E+02
  0.462889E+02     0.450337E+02     0.452534E+02     0.457006E+02     0.458459E+02
  0.448845E+02     0.454677E+02     0.460247E+02     0.442540E+02     0.447857E+02
  0.448581E+02     0.449591E+02     0.445686E+02     0.447846E+02     0.455279E+02
  0.452138E+02     0.452218E+02     0.450701E+02     0.453019E+02     0.440354E+02
  0.446650E+02     0.444153E+02     0.444832E+02     0.441986E+02     0.448028E+02
  0.445214E+02     0.438951E+02     0.445425E+02     0.447363E+02     0.447619E+02
  0.459173E+02     0.449888E+02     0.448723E+02     0.442778E+02     0.449923E+02
  0.440990E+02     0.446634E+02     0.454430E+02     0.460266E+02     0.454725E+02
  0.450004E+02     0.446675E+02     0.441411E+02     0.445616E+02     0.447910E+02
  0.443440E+02     0.452069E+02     0.448698E+02     0.455273E+02     0.444623E+02
  0.455796E+02     0.437620E+02     0.441818E+02     0.444394E+02     0.447333E+02
  0.446475E+02     0.438033E+02     0.440210E+02     0.445605E+02     0.439474E+02
  0.439993E+02     0.452708E+02     0.450800E+02     0.434816E+02     0.446908E+02
  0.452960E+02     0.441520E+02     0.447148E+02     0.442293E+02     0.443346E+02
  0.444729E+02     0.441400E+02     0.448498E+02     0.442442E+02     0.446207E+02
  0.453909E+02     0.443388E+02     0.435698E+02     0.443317E+02     0.439886E+02
  0.451194E+02     0.434651E+02     0.445039E+02     0.447040E+02     0.447571E+02
  0.450222E+02     0.447469E+02     0.444372E+02     0.445208E+02     0.450177E+02
  0.444350E+02     0.449886E+02     0.449715E+02     0.442847E+02     0.437192E+02
  0.446311E+02     0.433740E+02     0.441494E+02     0.435296E+02     0.437454E+02
  0.441542E+02     0.444202E+02     0.442033E+02     0.439656E+02     0.442539E+02
  0.441730E+02     0.443798E+02     0.436254E+02     0.438516E+02     0.439623E+02
  0.449320E+02     0.442656E+02     0.441487E+02     0.436655E+02     0.439082E+02
  0.450194E+02     0.449459E+02     0.439760E+02     0.438390E+02     0.441987E+02
  0.447715E+02     0.438106E+02     0.447672E+02     0.435571E+02     0.435530E+02
  0.437517E+02     0.450498E+02     0.440432E+02     0.442040E+02     0.437246E+02
  0.436875E+02     0.440537E+02     0.449328E+02     0.433079E+02     0.448054E+02
  0.435936E+02     0.444445E+02     0.426923E+02     0.451410E+02     0.438222E+02
  0.442771E+02     0.435199E+02     0.441001E+02     0.431084E+02     0.439113E+02
  0.438490E+02     0.440846E+02     0.441754E+02     0.433906E+02     0.435152E+02
  0.433407E+02     0.440742E+02     0.439107E+02     0.433946E+02     0.437325E+02
  0.429781E+02     0.445162E+02     0.440459E+02     0.440611E+02     0.437329E+02
  0.442635E+02     0.438440E+02     0.447236E+02     0.438899E+02     0.431231E+02
  0.439251E+02     0.439598E+02     0.432806E+02     0.446126E+02     0.445192E+02
  0.438420E+02     0.443815E+02     0.433240E+02     0.433895E+02     0.434130E+02
  0.428961E+02     0.438171E+02     0.434036E+02     0.446977E+02     0.435725E+02
  0.436236E+02     0.439411E+02     0.436515E+02     0.437229E+02     0.441696E+02
  0.428619E+02     0.441837E+02     0.436112E+02     0.438457E+02     0.432618E+02
  0.440287E+02     0.426086E+02     0.432260E+02     0.440841E+02     0.439816E+02
  0.441176E+02     0.427491E+02     0.432546E+02     0.437078E+02     0.434965E+02
  0.427931E+02     0.427963E+02     0.433109E+02     0.433574E+02     0.440888E+02
  0.444655E+02     0.441069E+02     0.436907E+02     0.436385E+02     0.436635E+02
  0.433583E+02     0.437763E+02     0.442390E+02     0.428895E+02     0.434709E+02
  0.424061E+02     0.435571E+02     0.435342E+02     0.437058E+02     0.428282E+02
  0.438002E+02     0.430452E+02     0.432492E+02     0.435651E+02     0.440235E+02
  0.430573E+02     0.438967E+02     0.436018E+02     0.430938E+02     0.436069E+02
  0.440176E+02     0.435328E+02     0.429411E+02     0.423916E+02     0.437197E+02
  0.441902E+02     0.439014E+02     0.428460E+02     0.431881E+02     0.434868E+02
  0.436184E+02     0.428833E+02     0.438970E+02     0.424313E+02     0.432533E+02
  0.434184E+02     0.426350E+02     0.432109E+02     0.435662E+02     0.432261E+02
  0.434275E+02     0.430990E+02     0.437331E+02     0.432438E+02     0.429505E+02
  0.426628E+02     0.427011E+02     0.436109E+02     0.431940E+02     0.442440E+02
  0.435221E+02     0.431222E+02     0.438937E+02     0.432855E+02     0.434308E+02
  0.431527E+02     0.432583E+02     0.431047E+02     0.432083E+02     0.418472E+02
  0.438536E+02     0.427615E+02     0.422661E+02     0.424859E+02     0.425970E+02
  0.437772E+02     0.423227E+02     0.426806E+02     0.432237E+02     0.427267E+02
  0.437965E+02     0.429724E+02     0.423323E+02     0.443290E+02     0.439080E+02
  0.425674E+02     0.427608E+02     0.430473E+02     0.438384E+02     0.425460E+02
  0.426961E+02     0.427658E+02     0.431264E+02     0.433852E+02     0.432452E+02
  0.413873E+02     0.438268E+02     0.433675E+02     0.429857E+02     0.430928E+02
  0.426165E+02     0.437245E+02     0.420539E+02     0.424755E+02     0.430047E+02
  0.421573E+02     0.427668E+02     0.431449E+02     0.428706E+02     0.429435E+02
  0.429889E+02     0.431989E+02     0.418884E+02     0.431357E+02     0.437575E+02
  0.425069E+02     0.431710E+02     0.415635E+02     0.421471E+02     0.419999E+02
  0.426378E+02     0.424819E+02     0.436438E+02     0.431778E+02     0.428345E+02
  0.418480E+02     0.420283E+02     0.420517E+02     0.425164E+02     0.414516E+02
  0.428223E+02     0.424846E+02     0.426933E+02     0.429069E+02     0.413788E+02
  0.421108E+02     0.423699E+02     0.408335E+02     0.427553E+02     0.424753E+02
  0.426172E+02     0.429086E+02     0.409753E+02     0.441853E+02     0.412684E+02
  0.422857E+02     0.418103E+02     0.425769E+02     0.421708E+02     0.436380E+02
  0.425621E+02     0.425063E+02     0.420000E+02     0.412338E+02     0.428362E+02
  0.425592E+02     0.421998E+02     0.421079E+02     0.407535E+02     0.417653E+02
  0.419025E+02     0.421278E+02     0.409129E+02     0.415232E+02     0.417777E+02
  0.420791E+02     0.424717E+02     0.417634E+02     0.427275E+02     0.417663E+02
  0.414665E+02     0.423248E+02     0.411823E+02     0.425311E+02     0.418334E+02
  0.418898E+02     0.426357E+02     0.416946E+02     0.412070E+02     0.416105E+02
  0.417936E+02     0.426918E+02     0.423064E+02     0.421245E+02     0.422602E+02
  0.410825E+02     0.420906E+02     0.416002E+02     0.419449E+02     0.419795E+02
  0.421126E+02     0.409694E+02     0.410576E+02     0.417034E+02     0.419238E+02
  0.411728E+02     0.425848E+02     0.422734E+02     0.413419E+02     0.421290E+02
  0.418483E+02     0.425528E+02     0.426689E+02     0.411137E+02     0.403715E+02
  0.422825E+02     0.408801E+02     0.419362E+02     0.417831E+02     0.419406E+02
  0.414574E+02     0.412221E+02     0.410017E+02     0.414001E+02     0.407020E+02
  0.413336E+02     0.420456E+02     0.405841E+02     0.411155E+02     0.417822E+02
  0.416590E+02     0.399901E+02     0.412340E+02     0.422479E+02     0.415423E+02
  0.396574E+02     0.420120E+02     0.415959E+02     0.412008E+02     0.411342E+02
  0.415455E+02     0.409687E+02     0.409559E+02     0.419566E+02     0.421289E+02
  0.407231E+02     0.400874E+02     0.421356E+02     0.407081E+02     0.401771E+02
  0.416302E+02     0.407362E+02     0.395181E+02     0.404431E+02     0.416597E+02
  0.410558E+02     0.408539E+02     0.401906E+02     0.403974E+02     0.402901E+02
  0.411762E+02     0.403321E+02     0.405752E+02     0.396208E+02     0.411483E+02
  0.402392E+02     0.400981E+02     0.400883E+02     0.416215E+02     0.404333E+02
  0.401715E+02     0.398604E+02     0.398831E+02     0.400826E+02     0.397975E+02
  0.408537E+02     0.396561E+02     0.388960E+02     0.411396E+02     0.401365E+02
  0.398942E+02     0.405777E+02     0.392088E+02     0.394155E+02     0.401252E+02
  0.392277E+02     0.407984E+02     0.400799E+02     0.406964E+02     0.385636E+02
  0.405930E+02     0.403730E+02     0.398095E+02     0.396856E+02     0.398847E+02
  0.393584E+02     0.395615E+02     0.390483E+02     0.398691E+02     0.393694E+02
  0.402354E+02     0.384647E+02     0.391690E+02     0.386928E+02     0.412890E+02
  0.388893E+02     0.398791E+02     0.391625E+02     0.397157E+02     0.395162E+02
  0.405017E+02     0.391682E+02     0.395221E+02     0.393764E+02     0.409024E+02
  0.401778E+02     0.403673E+02     0.387028E+02     0.395775E+02     0.389341E+02
  0.385510E+02     0.387338E+02     0.387205E+02     0.391996E+02     0.393642E+02
  0.392205E+02     0.385854E+02     0.394607E+02     0.380101E+02     0.379208E+02
  0.384537E+02     0.398050E+02     0.391138E+02     0.396097E+02     0.390907E+02
  0.391040E+02     0.394227E+02     0.395599E+02     0.391872E+02     0.384644E+02
  0.397617E+02     0.383643E+02     0.402178E+02     0.402920E+02     0.374571E+02
  0.398079E+02     0.396458E+02     0.398268E+02     0.390999E+02     0.386546E+02
  0.378338E+02     0.379827E+02     0.374138E+02     0.386427E+02     0.388886E+02
  0.392752E+02     0.386443E+02     0.374766E+02     0.388341E+02     0.384911E+02
  0.379682E+02     0.384822E+02     0.386915E+02     0.385940E+02     0.390692E+02
  0.388068E+02     0.384506E+02     0.385771E+02     0.374337E+02     0.379773E+02
  0.372639E+02     0.379150E+02     0.381678E+02     0.375066E+02     0.373444E+02
  0.375668E+02     0.388256E+02     0.383454E+02     0.376067E+02     0.381877E+02
  0.377207E+02     0.375852E+02     0.381948E+02     0.365145E+02     0.387335E+02
  0.383968E+02     0.379801E+02     0.383093E+02     0.379731E+02     0.377951E+02
  0.376924E+02     0.388013E+02     0.378843E+02     0.366852E+02     0.372080E+02
  0.376970E+02     0.374786E+02     0.375077E+02     0.381620E+02     0.382944E+02
  0.372846E+02     0.373653E+02     0.372521E+02     0.374243E+02     0.368311E+02
  0.364772E+02     0.366779E+02     0.370105E+02     0.370895E+02     0.376123E+02
  0.377658E+02     0.374941E+02     0.368543E+02     0.369271E+02     0.365384E+02
  0.376394E+02     0.379854E+02     0.377607E+02     0.375184E+02     0.371264E+02
  0.369489E+02     0.368834E+02     0.369327E+02     0.367265E+02     0.371335E+02
  0.369390E+02     0.371665E+02     0.365738E+02     0.366528E+02     0.371190E+02
  0.364853E+02     0.368146E+02     0.378668E+02     0.372070E+02     0.370537E+02
  0.371933E+02     0.366589E+02     0.368620E+02     0.362722E+02     0.368287E+02
  0.364659E+02     0.366808E+02     0.371283E+02     0.378750E+02     0.377275E+02
  0.375642E+02     0.364644E+02     0.374318E+02     0.371581E+02     0.376709E+02
  0.382575E+02     0.370170E+02     0.366365E+02     0.365555E+02     0.368197E+02
  0.374550E+02     0.383681E+02     0.387754E+02
 eigen energies, in ev
    -29.417166       -29.291389       -29.016989       -28.652157       -28.165542
    -23.832022       -23.807047       -23.712944       -23.649621       -23.601274
    -23.546225       -23.496968       -23.458098       -23.435600       -23.371008
    -23.328185       -23.281245       -23.221974       -23.182196       -23.174941
    -23.110400       -23.085190       -23.053044       -23.031752       -22.989480
    -22.952618       -22.925445       -22.877770       -22.850415       -22.818985
    -22.785537       -22.760133       -22.741534       -22.711398       -22.684040
    -22.631746       -22.580266       -22.571901       -22.541788       -22.504475
    -22.481199       -22.446769       -22.416236       -22.395917       -22.379481
    -22.355130       -22.322093       -22.301898       -22.266014       -22.240515
    -22.208942       -22.181714       -22.166270       -22.129785       -22.119450
    -22.050393       -22.022362       -21.998243       -21.987739       -21.940859
    -21.917924       -21.889694       -21.861285       -21.834091       -21.802006
    -21.777573       -21.750143       -21.724282       -21.670639       -21.647381
    -21.617954       -21.577541       -21.532672       -21.501294       -21.488887
    -21.466019       -21.421281       -21.388929       -21.369459       -21.330137
    -21.291420       -21.270748       -21.220040       -21.173824       -21.153508
    -21.124317       -21.113135       -21.062492       -21.030494       -21.017463
    -20.988571       -20.962461       -20.933789       -20.916270       -20.878919
    -20.850621       -20.833133       -20.826086       -20.790967       -20.751409
    -20.721114       -20.687514       -20.657359       -20.626551       -20.606953
    -20.598598       -20.562251       -20.533100       -20.508250       -20.476947
    -20.440134       -20.423371       -20.393253       -20.371440       -20.364017
    -20.353521       -20.313471       -20.282060       -20.256161       -20.246203
    -20.226850       -20.218279       -20.185090       -20.168983       -20.121524
    -20.100540       -20.076614       -20.039903       -20.027020       -19.994462
    -19.991207       -19.952236       -19.925195       -19.904231       -19.891693
    -19.857455       -19.846042       -19.805139       -19.790563       -19.755364
    -19.720688       -19.690706       -19.662279       -19.635757       -19.624506
    -19.584407       -19.562637       -19.546012       -19.519018       -19.509676
    -19.465156       -19.448754       -19.417255       -19.400103       -19.383700
    -19.337086       -19.303050       -19.287651       -19.245069       -19.215028
    -19.192582       -19.158125       -19.126395       -19.097398       -19.073586
    -19.046134       -18.993277       -18.956337       -18.939676       -18.915875
    -18.870239       -18.849753       -18.821167       -18.780850       -18.731159
    -18.664540       -18.647416       -18.607347       -18.548367       -18.513597
    -18.474235       -18.444066       -18.358141       -18.325637       -18.244691
    -18.222340       -18.147164       -17.993924       -17.881419       -17.797817
    -16.853574       -16.403153       -16.166441       -16.066268       -15.926063
    -15.660884       -15.552538       -15.311107       -15.229430       -15.150512
    -15.106491       -14.958374       -14.891681       -14.803851       -14.696437
    -14.534782       -14.426738       -14.315805       -14.203258       -14.097470
    -13.997834       -13.929611       -13.712463       -13.570536       -13.232798
    -13.213944       -13.025486       -12.930425       -12.854471       -12.826861
    -12.745622       -12.649994       -12.525429       -12.470595       -12.436159
    -12.349635       -12.263141       -12.193406       -12.078337       -11.763306
    -11.157633       -10.931960       -10.859633       -10.764293       -10.670125
    -10.619162       -10.575954       -10.519624       -10.442522       -10.385009
    -10.322182       -10.258184       -10.204815       -10.154353       -10.103716
    -10.044492       -10.008204        -9.929415        -9.892262        -9.803805
     -9.724617        -9.701228        -9.610754        -9.559797        -9.478453
     -9.411993        -9.391121        -9.305835        -9.224239        -9.184794
     -9.139942        -9.060341        -9.025930        -8.939359        -8.904746
     -8.852997        -8.773135        -8.695941        -8.687154        -8.613907
     -8.557225        -8.445660        -8.408836        -8.256056        -8.181875
     -7.381024        -7.300683        -7.218709        -7.103648        -7.045282
     -6.991131        -6.924586        -6.850011        -6.814748        -6.722193
     -6.630423        -6.565624        -6.515178        -6.509977        -6.408024
     -6.386116        -6.295137        -6.249348        -6.221478        -6.127678
     -6.115903        -6.081495        -6.039189        -6.008057        -5.963987
     -5.955163        -5.918231        -5.857046        -5.843488        -5.785920
     -5.771787        -5.746063        -5.704345        -5.641667        -5.612228
     -5.580894        -5.551635        -5.531552        -5.508598        -5.450154
     -5.407305        -5.371832        -5.344130        -5.281391        -5.258486
     -5.236152        -5.211597        -5.148861        -5.127501        -5.094954
     -5.044033        -5.023607        -4.988268        -4.951659        -4.906525
     -4.858407        -4.799897        -4.766826        -4.749925        -4.710507
     -4.684864        -4.604382        -4.584703        -4.529568        -4.479087
     -4.463048        -4.431636        -4.410676        -4.365412        -4.349879
     -4.303714        -4.291037        -4.239040        -4.203183        -4.185328
     -4.132924        -4.102085        -4.061210        -4.018900        -4.006826
     -3.977834        -3.930748        -3.913277        -3.867359        -3.843595
     -3.825576        -3.784711        -3.744602        -3.728338        -3.696255
     -3.669627        -3.642283        -3.611739        -3.559007        -3.531432
     -3.510033        -3.476706        -3.451544        -3.444919        -3.409491
     -3.362481        -3.335920        -3.310748        -3.300457        -3.263512
     -3.211658        -3.174803        -3.145467        -3.125528        -3.115827
     -3.073389        -3.044682        -3.023985        -3.001576        -2.973135
     -2.936977        -2.916072        -2.887439        -2.840926        -2.812483
     -2.758811        -2.739980        -2.720315        -2.680616        -2.657141
     -2.638897        -2.581236        -2.572698        -2.545738        -2.511905
     -2.482303        -2.475551        -2.421548        -2.410132        -2.380202
     -2.340966        -2.311519        -2.277444        -2.226345        -2.211377
     -2.197958        -2.145510        -2.128035        -2.100840        -2.065347
     -2.024449        -1.997641        -1.944124        -1.925537        -1.891414
     -1.876930        -1.834844        -1.802462        -1.774945        -1.749304
     -1.729687        -1.684946        -1.668565        -1.655785        -1.622778
     -1.577987        -1.554429        -1.536349        -1.494911        -1.451282
     -1.442723        -1.402736        -1.368386        -1.349809        -1.316319
     -1.295058        -1.271055        -1.243646        -1.219139        -1.181781
     -1.143873        -1.101094        -1.081747        -1.055632        -1.028189
     -0.974978        -0.941394        -0.927209        -0.897260        -0.867196
     -0.843006        -0.813344        -0.796016        -0.739215        -0.732269
     -0.690288        -0.667677        -0.639070        -0.619481        -0.594674
     -0.552496        -0.514205        -0.467259        -0.446837        -0.432065
     -0.404136        -0.368940        -0.340849        -0.316109        -0.290929
     -0.265683        -0.239891        -0.188557        -0.171932        -0.135603
     -0.111431        -0.083405        -0.055010        -0.013598         0.018771
      0.042838         0.074034         0.100897         0.109931         0.155084
      0.163477         0.208671         0.224380         0.282716         0.304485
      0.315790         0.359649         0.396262         0.439418         0.460672
      0.482112         0.504058         0.531910         0.572914         0.595378
      0.644261         0.670553         0.702214         0.723311         0.753369
      0.775768         0.808881         0.844890         0.886001         0.922513
      0.949389         0.995817         1.015330         1.048834         1.092182
      1.117423         1.147771         1.191431         1.202103         1.233474
      1.269882         1.285671         1.337335         1.364935         1.402223
      1.418213         1.446975         1.492198         1.532631         1.559963
      1.595842         1.629559         1.664407         1.679781         1.717543
      1.753761         1.833393         1.858508         1.890493         1.926227
      1.964941         2.006489         2.041756         2.065997         2.086913
      2.162148         2.175012         2.192840         2.230658         2.263792
      2.284624         2.330482         2.363464         2.387177         2.421901
      2.463345         2.500974         2.535063         2.563066         2.598084
      2.625217         2.660784         2.676065         2.709793         2.735874
      2.793527         2.808265         2.835809         2.876536         2.903175
      2.951127         2.967285         2.988675         3.017329         3.057892
      3.097129         3.113614         3.152233         3.192029         3.209348
      3.243417         3.283012         3.304690         3.359629         3.382523
      3.426022         3.437523         3.462929         3.489427         3.514112
      3.557198         3.602084         3.629644         3.672001         3.711577
      3.750172         3.761602         3.777370         3.802435         3.850511
      3.883217         3.909199         3.937939         3.969659         3.992270
      4.029115         4.054152         4.070880         4.121900         4.142888
      4.176498         4.205097         4.235498         4.279162         4.290386
      4.333925         4.345648         4.352373         4.408196         4.435262
      4.470051         4.483341         4.502327         4.520479         4.557552
      4.570716         4.611662         4.652545         4.675564         4.704011
      4.733734         4.762622         4.791715         4.803526         4.845444
      4.860704         4.898385         4.953374         4.969568         4.977041
      5.018390         5.066583         5.085376         5.103268         5.146334
      5.187417         5.210855         5.237708         5.263159         5.274478
      5.301573         5.315524         5.351505         5.382962         5.405811
      5.448804         5.490154         5.500696         5.521173         5.563187
      5.572843         5.584150         5.618026         5.660564         5.678875
      5.710651         5.743094         5.765704         5.810073         5.830462
      5.870029         5.885131         5.921907         5.943163         5.967787
      6.000919         6.020011         6.030791         6.077421         6.106593
      6.134370         6.170725         6.192367         6.220334         6.242925
      6.279784         6.303974         6.328068         6.360889         6.377969
      6.403034         6.432716         6.465594         6.495856         6.522900
      6.556470         6.584415         6.611730         6.657002         6.671187
      6.694902         6.739814         6.768172         6.780087         6.817241
      6.830848         6.857605         6.895667         6.931216         6.942332
      6.963529         7.004428         7.039400         7.057350         7.105489
      7.117912         7.137631         7.177076         7.203310         7.220240
      7.274234         7.298995         7.321224         7.357752         7.381422
      7.397579         7.425179         7.454205         7.494461         7.514595
      7.547013         7.595373         7.615565         7.633825         7.671078
      7.709788         7.734687         7.746671         7.783484         7.801733
      7.833333         7.870400         7.885604         7.909105         7.946551
      7.968748         8.009291         8.033935         8.084704         8.105830
      8.154348         8.172848         8.205020         8.221091         8.239231
      8.281732         8.312565         8.325280         8.358208         8.403966
      8.448754         8.488390         8.500321         8.529020         8.581909
      8.613654         8.646491         8.663763         8.670858         8.719323
      8.737386         8.779308         8.810535         8.849584         8.873881
      8.917509         8.951415         8.993276         9.020422         9.054282
      9.092450         9.104053         9.133603         9.171667         9.188844
      9.230725         9.251755         9.292172         9.333440         9.372068
      9.397319         9.419752         9.465206         9.512018         9.537672
      9.541824         9.598969         9.627738         9.659173         9.684234
      9.696394         9.750828         9.768525         9.801551         9.850679
      9.875615         9.919754         9.949026         9.989286        10.023195
     10.046802        10.077209        10.093326        10.134249        10.148924
     10.212918        10.250339        10.284304        10.314778        10.337102
     10.357646        10.410643        10.442095        10.454424        10.491612
     10.521484        10.567187        10.590697        10.639146        10.669670
     10.715014        10.746263        10.762497        10.799859        10.839724
     10.891290        10.913606        10.934492        10.966538        11.045931
     11.054784        11.077210        11.104656        11.132944        11.177221
     11.227057        11.262476        11.314315        11.341180        11.368801
     11.424156        11.462854        11.501687        11.526588        11.546352
     11.589547        11.646346        11.693342        11.706107        11.730802
     11.783893        11.809194        11.845505        11.875460        11.929717
     11.960029        11.998468        12.051396        12.080654        12.100546
     12.129566        12.221162        12.253888        12.265189        12.284934
     12.331878        12.406933        12.418280        12.460379        12.485151
     12.523931        12.574392        12.634827        12.655828        12.697604
     12.737237        12.771185        12.841612        12.855789        12.890510
     12.934753        12.969331        13.025711        13.061684        13.065850
     13.136201        13.155763        13.206238        13.231058        13.279469
     13.349227        13.394332        13.427590        13.488239        13.507777
     13.540225        13.587928        13.622585        13.674981        13.704199
     13.756285        13.800623        13.874004        13.897083        13.922350
     13.981357        14.054416        14.074837        14.151452        14.179552
     14.236215        14.287726        14.349258        14.394424        14.474466
     14.509918        14.573761        14.626370        14.657659        14.734016
     14.757168        14.818923        14.855958        14.939043        14.969907
     15.024674        15.091440        15.124946        15.184076        15.239407
     15.309291        15.358329        15.399853        15.478087        15.557784
     15.609735        15.697457        15.768284        15.844680        15.854037
     15.938988        16.012109        16.044653        16.091814        16.180298
     16.244100        16.295979        16.401587        16.450865        16.524218
     16.679936        16.708946        16.749964        16.812884        16.893657
     16.932684        17.098269        17.159622        17.275982        17.311572
     17.402024        17.516118        17.632700        17.689618        17.762153
     17.916288        17.972715        18.134628        18.184796        18.354204
     18.464161        18.627132        18.692273        18.806635        18.858184
     19.072801        19.116221        19.379452        19.518849        19.679992
     19.767772        19.917276        20.117726        20.362521        20.498232
     20.637341        20.828756        20.980999        21.048948        21.180579
     21.454765        21.597550        21.873416        21.980117        22.251976
     22.396542        22.687906        23.098247        23.207832        23.665178
     24.001632        24.267801        24.455099        25.178958        25.605372
     25.892755        26.137110        26.747217
 *********************************
 sum eigen(dbl occ, ryd)=  -136.754586761298     
 *********************************
 One SCF use:    81.1933429241180       s
 *********************************
 ****** kpt=           1
 err of each states, eV
  0.160417E+02     0.160608E+02     0.160262E+02     0.163686E+02     0.164763E+02
  0.491991E+01     0.488102E+01     0.492897E+01     0.479797E+01     0.470570E+01
  0.499240E+01     0.495362E+01     0.505298E+01     0.488575E+01     0.492405E+01
  0.512050E+01     0.486208E+01     0.503998E+01     0.493363E+01     0.481223E+01
  0.502824E+01     0.499006E+01     0.504657E+01     0.500819E+01     0.503217E+01
  0.501882E+01     0.500763E+01     0.495909E+01     0.490066E+01     0.507422E+01
  0.499812E+01     0.512994E+01     0.496275E+01     0.510726E+01     0.510318E+01
  0.512691E+01     0.533333E+01     0.519110E+01     0.524980E+01     0.517029E+01
  0.534226E+01     0.541924E+01     0.522043E+01     0.503234E+01     0.530891E+01
  0.510522E+01     0.517083E+01     0.527674E+01     0.517334E+01     0.542431E+01
  0.526788E+01     0.549610E+01     0.511870E+01     0.539200E+01     0.546931E+01
  0.513156E+01     0.528478E+01     0.523141E+01     0.523132E+01     0.526208E+01
  0.532343E+01     0.531193E+01     0.526537E+01     0.510581E+01     0.535323E+01
  0.518137E+01     0.540355E+01     0.531095E+01     0.529027E+01     0.529900E+01
  0.538515E+01     0.534301E+01     0.509304E+01     0.531601E+01     0.523788E+01
  0.514627E+01     0.544560E+01     0.534393E+01     0.517969E+01     0.503207E+01
  0.510423E+01     0.484196E+01     0.501839E+01     0.498258E+01     0.508573E+01
  0.485431E+01     0.507505E+01     0.467047E+01     0.485695E+01     0.482064E+01
  0.504031E+01     0.477717E+01     0.490030E+01     0.484084E+01     0.474686E+01
  0.504939E+01     0.508078E+01     0.491820E+01     0.493399E+01     0.486251E+01
  0.497765E+01     0.491361E+01     0.498145E+01     0.474642E+01     0.508676E+01
  0.483449E+01     0.482695E+01     0.495030E+01     0.518939E+01     0.512726E+01
  0.517085E+01     0.500134E+01     0.476649E+01     0.496433E+01     0.498798E+01
  0.485392E+01     0.485393E+01     0.486915E+01     0.513979E+01     0.479639E+01
  0.502458E+01     0.498877E+01     0.502441E+01     0.503478E+01     0.494576E+01
  0.499213E+01     0.496405E+01     0.488383E+01     0.502856E+01     0.519316E+01
  0.504160E+01     0.508840E+01     0.512942E+01     0.511063E+01     0.514128E+01
  0.508432E+01     0.504790E+01     0.527241E+01     0.548188E+01     0.520675E+01
  0.529442E+01     0.513568E+01     0.521983E+01     0.528508E+01     0.508273E+01
  0.536389E+01     0.549157E+01     0.514385E+01     0.528222E+01     0.518110E+01
  0.553463E+01     0.516776E+01     0.533034E+01     0.536293E+01     0.538604E+01
  0.546287E+01     0.553381E+01     0.546468E+01     0.550951E+01     0.545255E+01
  0.562409E+01     0.543402E+01     0.553117E+01     0.548036E+01     0.558560E+01
  0.564492E+01     0.540429E+01     0.559845E+01     0.571020E+01     0.575915E+01
  0.552551E+01     0.551557E+01     0.567932E+01     0.580155E+01     0.556078E+01
  0.555565E+01     0.590598E+01     0.577197E+01     0.577249E+01     0.586748E+01
  0.590324E+01     0.580698E+01     0.583267E+01     0.588875E+01     0.598323E+01
  0.593322E+01     0.593102E+01     0.561891E+01     0.572847E+01     0.570623E+01
  0.495206E+01     0.481888E+01     0.478335E+01     0.489656E+01     0.474233E+01
  0.516995E+01     0.520102E+01     0.531238E+01     0.524015E+01     0.521905E+01
  0.521240E+01     0.528996E+01     0.512554E+01     0.523974E+01     0.496850E+01
  0.512188E+01     0.498097E+01     0.497167E+01     0.488166E+01     0.491093E+01
  0.494537E+01     0.497076E+01     0.479241E+01     0.508411E+01     0.530266E+01
  0.584271E+01     0.592097E+01     0.597672E+01     0.590868E+01     0.595972E+01
  0.601431E+01     0.611448E+01     0.596550E+01     0.618850E+01     0.613788E+01
  0.601656E+01     0.625670E+01     0.632453E+01     0.632719E+01     0.617372E+01
  0.581358E+01     0.577791E+01     0.618796E+01     0.631335E+01     0.602367E+01
  0.620352E+01     0.628261E+01     0.615072E+01     0.637655E+01     0.629188E+01
  0.634687E+01     0.616902E+01     0.627654E+01     0.635315E+01     0.636447E+01
  0.649238E+01     0.636709E+01     0.633911E+01     0.654717E+01     0.662757E+01
  0.665459E+01     0.670415E+01     0.682136E+01     0.656331E+01     0.674506E+01
  0.656419E+01     0.677217E+01     0.664532E+01     0.670395E+01     0.695898E+01
  0.685156E+01     0.671981E+01     0.662922E+01     0.679224E+01     0.659390E+01
  0.695826E+01     0.669773E+01     0.699354E+01     0.695283E+01     0.692017E+01
  0.730434E+01     0.733664E+01     0.757193E+01     0.763090E+01     0.773240E+01
  0.822512E+01     0.827640E+01     0.835843E+01     0.833200E+01     0.830085E+01
  0.830189E+01     0.840612E+01     0.838226E+01     0.851274E+01     0.859956E+01
  0.842855E+01     0.855136E+01     0.856904E+01     0.852368E+01     0.838732E+01
  0.880085E+01     0.865692E+01     0.849709E+01     0.852568E+01     0.885475E+01
  0.849484E+01     0.861686E+01     0.889161E+01     0.872107E+01     0.869787E+01
  0.851339E+01     0.871196E+01     0.864895E+01     0.865932E+01     0.848582E+01
  0.870272E+01     0.901034E+01     0.867242E+01     0.878743E+01     0.888610E+01
  0.895273E+01     0.872317E+01     0.876820E+01     0.872486E+01     0.889547E+01
  0.889588E+01     0.881754E+01     0.894162E+01     0.898770E+01     0.894795E+01
  0.894449E+01     0.889113E+01     0.907925E+01     0.889917E+01     0.908616E+01
  0.886681E+01     0.891827E+01     0.889256E+01     0.883823E+01     0.906326E+01
  0.907883E+01     0.912302E+01     0.890868E+01     0.911024E+01     0.913000E+01
  0.929782E+01     0.929544E+01     0.908902E+01     0.899701E+01     0.932344E+01
  0.925117E+01     0.919568E+01     0.891670E+01     0.913935E+01     0.916278E+01
  0.922213E+01     0.920657E+01     0.925362E+01     0.934907E+01     0.934826E+01
  0.934277E+01     0.912771E+01     0.936089E+01     0.960929E+01     0.947171E+01
  0.940856E+01     0.949914E+01     0.948078E+01     0.956929E+01     0.953064E+01
  0.939315E+01     0.963939E+01     0.952246E+01     0.967047E+01     0.967305E+01
  0.942084E+01     0.994815E+01     0.973217E+01     0.991364E+01     0.976301E+01
  0.968237E+01     0.949276E+01     0.982614E+01     0.988090E+01     0.976093E+01
  0.975401E+01     0.995620E+01     0.980602E+01     0.981784E+01     0.979221E+01
  0.999533E+01     0.100393E+02     0.985757E+01     0.996976E+01     0.100904E+02
  0.995367E+01     0.995815E+01     0.102214E+02     0.996777E+01     0.101077E+02
  0.988804E+01     0.100653E+02     0.100961E+02     0.102716E+02     0.102147E+02
  0.105140E+02     0.102000E+02     0.102055E+02     0.103643E+02     0.103061E+02
  0.103319E+02     0.106147E+02     0.106086E+02     0.104942E+02     0.103219E+02
  0.104320E+02     0.105101E+02     0.107771E+02     0.108564E+02     0.104646E+02
  0.108301E+02     0.102294E+02     0.106044E+02     0.107568E+02     0.108381E+02
  0.107821E+02     0.109581E+02     0.109160E+02     0.106781E+02     0.107945E+02
  0.109336E+02     0.110332E+02     0.109197E+02     0.111174E+02     0.111035E+02
  0.111267E+02     0.112141E+02     0.109620E+02     0.113294E+02     0.113744E+02
  0.112044E+02     0.117744E+02     0.111564E+02     0.114246E+02     0.113454E+02
  0.115615E+02     0.117682E+02     0.113860E+02     0.114083E+02     0.114399E+02
  0.118477E+02     0.117633E+02     0.119473E+02     0.117085E+02     0.115815E+02
  0.116775E+02     0.118288E+02     0.120798E+02     0.119839E+02     0.120933E+02
  0.120857E+02     0.120434E+02     0.120566E+02     0.119632E+02     0.124432E+02
  0.122190E+02     0.121619E+02     0.123604E+02     0.120771E+02     0.120949E+02
  0.122057E+02     0.120356E+02     0.124982E+02     0.124953E+02     0.124210E+02
  0.126429E+02     0.128062E+02     0.124232E+02     0.129620E+02     0.126038E+02
  0.125499E+02     0.129491E+02     0.127249E+02     0.128686E+02     0.127852E+02
  0.131558E+02     0.126242E+02     0.125941E+02     0.129576E+02     0.130049E+02
  0.127895E+02     0.130823E+02     0.130540E+02     0.133260E+02     0.131707E+02
  0.130748E+02     0.132813E+02     0.130133E+02     0.132825E+02     0.127860E+02
  0.135738E+02     0.131558E+02     0.134403E+02     0.132936E+02     0.135122E+02
  0.137306E+02     0.135823E+02     0.133638E+02     0.133857E+02     0.137788E+02
  0.137160E+02     0.138248E+02     0.136708E+02     0.133827E+02     0.134787E+02
  0.140181E+02     0.142324E+02     0.141284E+02     0.140496E+02     0.139467E+02
  0.141826E+02     0.144022E+02     0.141768E+02     0.143537E+02     0.141298E+02
  0.144932E+02     0.145323E+02     0.143465E+02     0.145568E+02     0.146055E+02
  0.142692E+02     0.144115E+02     0.148280E+02     0.146640E+02     0.147995E+02
  0.143384E+02     0.145585E+02     0.149527E+02     0.148906E+02     0.151138E+02
  0.150267E+02     0.151709E+02     0.149538E+02     0.151977E+02     0.151785E+02
  0.151516E+02     0.152018E+02     0.155798E+02     0.155133E+02     0.154451E+02
  0.155280E+02     0.153952E+02     0.157409E+02     0.153474E+02     0.155086E+02
  0.156547E+02     0.159729E+02     0.158068E+02     0.155594E+02     0.161310E+02
  0.161979E+02     0.161312E+02     0.161478E+02     0.157919E+02     0.162604E+02
  0.162510E+02     0.162648E+02     0.166965E+02     0.158254E+02     0.162300E+02
  0.163863E+02     0.165997E+02     0.162640E+02     0.167348E+02     0.160768E+02
  0.165499E+02     0.168394E+02     0.167550E+02     0.170808E+02     0.169568E+02
  0.168001E+02     0.168241E+02     0.168982E+02     0.172616E+02     0.167342E+02
  0.175814E+02     0.170111E+02     0.169279E+02     0.174136E+02     0.171106E+02
  0.173144E+02     0.175980E+02     0.176307E+02     0.175695E+02     0.178576E+02
  0.176808E+02     0.176351E+02     0.178545E+02     0.182870E+02     0.175058E+02
  0.179624E+02     0.179814E+02     0.183721E+02     0.181024E+02     0.177943E+02
  0.180827E+02     0.184206E+02     0.185755E+02     0.181828E+02     0.183243E+02
  0.183037E+02     0.183754E+02     0.180073E+02     0.184940E+02     0.184165E+02
  0.184305E+02     0.186744E+02     0.189168E+02     0.185775E+02     0.190412E+02
  0.193976E+02     0.188918E+02     0.189710E+02     0.189838E+02     0.189180E+02
  0.192428E+02     0.188505E+02     0.188658E+02     0.192761E+02     0.190106E+02
  0.193474E+02     0.194689E+02     0.194884E+02     0.194495E+02     0.194677E+02
  0.194963E+02     0.193875E+02     0.192361E+02     0.195969E+02     0.191864E+02
  0.196276E+02     0.198266E+02     0.192950E+02     0.192051E+02     0.192222E+02
  0.195188E+02     0.194454E+02     0.197602E+02     0.200829E+02     0.201066E+02
  0.197688E+02     0.195537E+02     0.197298E+02     0.199420E+02     0.199494E+02
  0.199408E+02     0.198545E+02     0.199441E+02     0.201042E+02     0.204963E+02
  0.197701E+02     0.199937E+02     0.206417E+02     0.200239E+02     0.200593E+02
  0.205322E+02     0.196962E+02     0.203839E+02     0.202766E+02     0.204441E+02
  0.201915E+02     0.199723E+02     0.203136E+02     0.205423E+02     0.203888E+02
  0.205030E+02     0.202692E+02     0.204367E+02     0.203227E+02     0.207489E+02
  0.205388E+02     0.209675E+02     0.202674E+02     0.209376E+02     0.205320E+02
  0.210723E+02     0.208282E+02     0.206117E+02     0.207455E+02     0.208895E+02
  0.205987E+02     0.214379E+02     0.213189E+02     0.206289E+02     0.208972E+02
  0.211992E+02     0.209443E+02     0.209372E+02     0.207904E+02     0.209021E+02
  0.208247E+02     0.212494E+02     0.216305E+02     0.219553E+02     0.211128E+02
  0.213971E+02     0.206620E+02     0.216410E+02     0.212712E+02     0.214787E+02
  0.215308E+02     0.213487E+02     0.212657E+02     0.214733E+02     0.217677E+02
  0.217139E+02     0.209205E+02     0.215341E+02     0.215124E+02     0.210158E+02
  0.216180E+02     0.214796E+02     0.215713E+02     0.216088E+02     0.219184E+02
  0.213671E+02     0.213355E+02     0.219618E+02     0.214934E+02     0.217350E+02
  0.219395E+02     0.215587E+02     0.217106E+02     0.218166E+02     0.216422E+02
  0.216128E+02     0.220810E+02     0.219523E+02     0.221963E+02     0.216382E+02
  0.217905E+02     0.218693E+02     0.219153E+02     0.219052E+02     0.222017E+02
  0.219887E+02     0.217817E+02     0.217742E+02     0.223398E+02     0.217988E+02
  0.218018E+02     0.221824E+02     0.221466E+02     0.219563E+02     0.220917E+02
  0.222103E+02     0.222383E+02     0.221476E+02     0.223615E+02     0.225076E+02
  0.218969E+02     0.219343E+02     0.222046E+02     0.220655E+02     0.222237E+02
  0.224775E+02     0.218987E+02     0.215373E+02     0.224736E+02     0.220702E+02
  0.220957E+02     0.223156E+02     0.219982E+02     0.223344E+02     0.218186E+02
  0.218673E+02     0.221889E+02     0.221107E+02     0.219021E+02     0.223249E+02
  0.222820E+02     0.224999E+02     0.217274E+02     0.222582E+02     0.221789E+02
  0.220409E+02     0.221255E+02     0.226228E+02     0.225306E+02     0.220440E+02
  0.220621E+02     0.224082E+02     0.220780E+02     0.219559E+02     0.223237E+02
  0.223755E+02     0.223457E+02     0.218031E+02     0.230560E+02     0.227488E+02
  0.226441E+02     0.220166E+02     0.223895E+02     0.223378E+02     0.221080E+02
  0.220993E+02     0.220996E+02     0.222114E+02     0.221939E+02     0.221308E+02
  0.219748E+02     0.223714E+02     0.231066E+02     0.228953E+02     0.223845E+02
  0.220408E+02     0.220456E+02     0.216247E+02     0.221881E+02     0.220199E+02
  0.214311E+02     0.216606E+02     0.215682E+02     0.216406E+02     0.218347E+02
  0.218839E+02     0.215505E+02     0.215766E+02     0.216582E+02     0.216509E+02
  0.219572E+02     0.217740E+02     0.219732E+02     0.223870E+02     0.219928E+02
  0.215860E+02     0.217675E+02     0.213190E+02     0.218723E+02     0.214925E+02
  0.216214E+02     0.215435E+02     0.210982E+02     0.222091E+02     0.216869E+02
  0.214186E+02     0.216101E+02     0.215640E+02     0.209873E+02     0.211453E+02
  0.215989E+02     0.219398E+02     0.209170E+02     0.214848E+02     0.212524E+02
  0.218430E+02     0.215611E+02     0.211703E+02     0.210088E+02     0.210483E+02
  0.214213E+02     0.209736E+02     0.208337E+02     0.211947E+02     0.211337E+02
  0.206620E+02     0.214208E+02     0.213612E+02     0.215769E+02     0.205384E+02
  0.211278E+02     0.205493E+02     0.215502E+02     0.211293E+02     0.207254E+02
  0.209364E+02     0.209283E+02     0.207059E+02     0.204602E+02     0.207514E+02
  0.213048E+02     0.210273E+02     0.214051E+02     0.205692E+02     0.200796E+02
  0.208616E+02     0.207080E+02     0.209465E+02     0.201629E+02     0.205979E+02
  0.205207E+02     0.201524E+02     0.204385E+02     0.205619E+02     0.203347E+02
  0.203712E+02     0.202091E+02     0.201126E+02     0.201730E+02     0.212037E+02
  0.199293E+02     0.199752E+02     0.200406E+02     0.197250E+02     0.202845E+02
  0.195166E+02     0.197558E+02     0.199531E+02     0.193465E+02     0.200051E+02
  0.197125E+02     0.194713E+02     0.195040E+02     0.196090E+02     0.201598E+02
  0.194983E+02     0.200244E+02     0.204563E+02     0.194779E+02     0.192983E+02
  0.193578E+02     0.203667E+02     0.194646E+02     0.197365E+02     0.189236E+02
  0.196386E+02     0.195827E+02     0.189994E+02     0.195252E+02     0.193971E+02
  0.194926E+02     0.193097E+02     0.187815E+02     0.191451E+02     0.191731E+02
  0.189042E+02     0.190837E+02     0.191661E+02     0.187082E+02     0.195767E+02
  0.186188E+02     0.189687E+02     0.189399E+02     0.189555E+02     0.187385E+02
  0.182123E+02     0.188533E+02     0.193044E+02     0.187019E+02     0.186094E+02
  0.181576E+02     0.190073E+02     0.185845E+02     0.191702E+02     0.187438E+02
  0.186473E+02     0.179915E+02     0.178299E+02     0.182959E+02     0.185951E+02
  0.186619E+02     0.184826E+02     0.185260E+02     0.186637E+02     0.178525E+02
  0.183591E+02     0.180311E+02     0.176215E+02     0.183172E+02     0.181159E+02
  0.179308E+02     0.180797E+02     0.181476E+02     0.183421E+02     0.175205E+02
  0.177891E+02     0.178836E+02     0.174645E+02     0.181258E+02     0.177963E+02
  0.172246E+02     0.179663E+02     0.171639E+02     0.176375E+02     0.173892E+02
  0.173944E+02     0.174002E+02     0.172111E+02     0.177439E+02     0.172503E+02
  0.171180E+02     0.179749E+02     0.175052E+02     0.175636E+02     0.163651E+02
  0.173058E+02     0.182891E+02     0.171800E+02     0.164923E+02     0.182113E+02
  0.173309E+02     0.164727E+02     0.168200E+02     0.174238E+02     0.173035E+02
  0.168593E+02     0.171965E+02     0.168886E+02     0.173111E+02     0.170310E+02
  0.171550E+02     0.163178E+02     0.166696E+02     0.167462E+02     0.165212E+02
  0.164230E+02     0.166113E+02     0.165038E+02     0.166286E+02     0.165804E+02
  0.162832E+02     0.159222E+02     0.163726E+02     0.169784E+02     0.162216E+02
  0.163455E+02     0.162471E+02     0.164692E+02     0.165339E+02     0.160405E+02
  0.161066E+02     0.166287E+02     0.161698E+02     0.159525E+02     0.160691E+02
  0.160730E+02     0.162245E+02     0.158934E+02
 eigen energies, in ev
    -45.645339       -45.471769       -45.320340       -44.861477       -44.772495
    -27.878358       -27.814230       -27.566635       -27.513714       -27.502131
    -27.469645       -27.456592       -27.434822       -27.392836       -27.347614
    -27.296011       -27.290220       -27.258346       -27.240400       -27.222890
    -27.214538       -27.191920       -27.178454       -27.125708       -27.115469
    -27.093934       -27.032502       -27.025937       -27.015285       -27.002494
    -26.992293       -26.983884       -26.972779       -26.965485       -26.941757
    -26.910474       -26.886187       -26.850320       -26.838421       -26.815841
    -26.799724       -26.786312       -26.765268       -26.740445       -26.721517
    -26.702963       -26.691575       -26.680356       -26.628625       -26.597314
    -26.586194       -26.573957       -26.564257       -26.542039       -26.519969
    -26.502458       -26.492847       -26.483667       -26.432710       -26.395169
    -26.384037       -26.319772       -26.289238       -26.271041       -26.250437
    -26.232120       -26.223118       -26.206190       -26.164571       -26.134537
    -26.123723       -26.116405       -26.104710       -26.084392       -26.058942
    -26.008799       -26.001084       -25.951733       -25.925781       -25.916983
    -25.901213       -25.889784       -25.876620       -25.865041       -25.850790
    -25.844202       -25.832517       -25.815292       -25.746780       -25.698832
    -25.691507       -25.676615       -25.671377       -25.660304       -25.658904
    -25.619360       -25.612846       -25.604399       -25.593719       -25.587422
    -25.555393       -25.549774       -25.536245       -25.526639       -25.472431
    -25.470093       -25.456201       -25.452956       -25.447437       -25.386353
    -25.382305       -25.364646       -25.357327       -25.353177       -25.335446
    -25.328763       -25.305578       -25.291098       -25.245016       -25.234030
    -25.225426       -25.219188       -25.195295       -25.178961       -25.169065
    -25.116330       -25.097773       -25.068133       -25.047463       -25.045150
    -25.034306       -25.029700       -25.016359       -24.992636       -24.976381
    -24.955132       -24.919524       -24.917347       -24.898268       -24.873975
    -24.868960       -24.847064       -24.777543       -24.765986       -24.740804
    -24.737439       -24.663287       -24.650352       -24.626252       -24.556078
    -24.498396       -24.413436       -24.346267       -24.241188       -24.146194
    -24.088544       -23.962646       -23.897217       -23.770211       -23.765371
    -23.757745       -23.740817       -23.709044       -23.679009       -23.647969
    -23.606619       -23.583318       -23.578117       -23.565264       -23.556864
    -23.552832       -23.528874       -23.524964       -23.511039       -23.455046
    -23.399376       -23.327340       -23.299205       -23.218444       -23.126101
    -23.082682       -23.012543       -22.999827       -22.933386       -22.864941
    -22.854820       -22.678176       -22.440134       -22.401218       -22.230137
    -20.184473       -19.679176       -19.366114       -19.344116       -19.180613
    -18.606466       -18.453443       -18.281840       -18.255116       -18.022568
    -17.939105       -17.929537       -17.913431       -17.809069       -17.687756
    -17.383773       -17.367083       -17.342466       -17.260451       -17.176040
    -16.996787       -16.919659       -16.715916       -16.711024       -16.554891
    -16.494590       -16.431616       -16.402150       -16.372193       -16.304004
    -16.275179       -16.209032       -16.144139       -16.081032       -15.982605
    -15.937159       -15.929107       -15.869137       -15.789518       -15.522065
    -14.780091       -14.650781       -14.617154       -14.439493       -14.409364
    -14.397844       -14.363291       -14.310523       -14.247736       -14.221689
    -14.209581       -14.179211       -14.092980       -14.060469       -14.030875
    -14.023611       -13.995772       -13.990578       -13.969490       -13.910633
    -13.885573       -13.865119       -13.858448       -13.817329       -13.784178
    -13.717329       -13.624212       -13.604154       -13.521337       -13.509920
    -13.499479       -13.444035       -13.432476       -13.338882       -13.327376
    -13.246341       -13.239603       -13.227131       -13.176966       -13.076993
    -13.068186       -13.060202       -13.025798       -12.902062       -12.844017
    -12.518014       -12.281702       -12.265165       -12.190816       -12.147042
    -12.050418       -12.033366       -11.865802       -11.858005       -11.829232
    -11.776704       -11.732254       -11.682639       -11.633338       -11.614190
    -11.607962       -11.591524       -11.583504       -11.553187       -11.518753
    -11.483809       -11.443235       -11.377541       -11.359145       -11.323394
    -11.317443       -11.293525       -11.285463       -11.251442       -11.233009
    -11.189473       -11.143005       -11.117581       -11.094009       -10.993209
    -10.977489       -10.944825       -10.906567       -10.883748       -10.872125
    -10.854876       -10.812407       -10.802065       -10.791794       -10.779053
    -10.757815       -10.751166       -10.726114       -10.709656       -10.649346
    -10.629489       -10.577209       -10.531017       -10.483352       -10.476381
    -10.442635       -10.421332       -10.402925       -10.381520       -10.363812
    -10.342669       -10.313337       -10.250259       -10.222901       -10.196390
    -10.173226       -10.159766       -10.138032       -10.126132       -10.104187
    -10.072493       -10.033845       -10.013435       -10.001344        -9.983988
     -9.963422        -9.953554        -9.939414        -9.927812        -9.891219
     -9.883672        -9.876758        -9.851919        -9.846486        -9.829959
     -9.818031        -9.804982        -9.789764        -9.773898        -9.762038
     -9.746191        -9.729077        -9.724257        -9.706418        -9.703016
     -9.689509        -9.675290        -9.662341        -9.638127        -9.633613
     -9.596943        -9.559200        -9.547682        -9.539399        -9.532675
     -9.516623        -9.509213        -9.495486        -9.487317        -9.482768
     -9.476419        -9.466965        -9.460788        -9.445837        -9.437060
     -9.420142        -9.412410        -9.404626        -9.393504        -9.391488
     -9.381518        -9.374590        -9.356887        -9.343576        -9.332807
     -9.314157        -9.309448        -9.297376        -9.282908        -9.274601
     -9.260163        -9.247712        -9.234083        -9.218295        -9.214609
     -9.207258        -9.192073        -9.181417        -9.171613        -9.159282
     -9.138446        -9.128360        -9.110914        -9.090280        -9.075570
     -9.067346        -9.050056        -9.044443        -9.029110        -9.015165
     -8.997189        -8.991888        -8.981329        -8.965175        -8.958815
     -8.939836        -8.937609        -8.917977        -8.901001        -8.885271
     -8.864141        -8.853556        -8.822469        -8.812488        -8.795134
     -8.787589        -8.766177        -8.754851        -8.743426        -8.735515
     -8.725956        -8.708229        -8.692868        -8.677442        -8.667178
     -8.661971        -8.647106        -8.632363        -8.627172        -8.613500
     -8.601217        -8.585229        -8.578927        -8.571820        -8.551891
     -8.540068        -8.534533        -8.526342        -8.517003        -8.496416
     -8.476825        -8.464464        -8.442146        -8.427517        -8.416419
     -8.389337        -8.376936        -8.363048        -8.355993        -8.350709
     -8.337711        -8.329451        -8.317874        -8.302725        -8.290957
     -8.271301        -8.263395        -8.254408        -8.238647        -8.224641
     -8.214870        -8.200020        -8.188183        -8.178691        -8.161392
     -8.149772        -8.138152        -8.124976        -8.116340        -8.094593
     -8.085001        -8.074989        -8.066514        -8.048591        -8.035899
     -8.025735        -8.014005        -8.003035        -7.989731        -7.967900
     -7.957388        -7.948743        -7.924051        -7.914623        -7.892457
     -7.887368        -7.873616        -7.847848        -7.841024        -7.825147
     -7.813294        -7.798724        -7.785937        -7.769415        -7.756642
     -7.743245        -7.737906        -7.726796        -7.702238        -7.685091
     -7.676298        -7.664780        -7.653223        -7.626745        -7.612495
     -7.602153        -7.589681        -7.581655        -7.573297        -7.552290
     -7.536209        -7.513164        -7.496976        -7.495035        -7.467807
     -7.452523        -7.425315        -7.411819        -7.389823        -7.382008
     -7.369760        -7.358417        -7.347171        -7.334760        -7.310174
     -7.300509        -7.287119        -7.277617        -7.260742        -7.243269
     -7.228996        -7.201129        -7.170261        -7.152429        -7.136715
     -7.126100        -7.118573        -7.103600        -7.076995        -7.047000
     -7.042536        -7.029530        -6.994960        -6.979375        -6.951016
     -6.936810        -6.921562        -6.911581        -6.895480        -6.872120
     -6.849063        -6.834416        -6.816704        -6.802127        -6.772641
     -6.758436        -6.739200        -6.720917        -6.707638        -6.695732
     -6.681455        -6.664802        -6.647627        -6.627671        -6.622810
     -6.593390        -6.585252        -6.549131        -6.546515        -6.513622
     -6.502446        -6.490786        -6.470697        -6.459402        -6.431159
     -6.414862        -6.393873        -6.369106        -6.357438        -6.338175
     -6.305054        -6.290547        -6.277229        -6.257225        -6.235378
     -6.219190        -6.193874        -6.185040        -6.156386        -6.143860
     -6.130184        -6.118675        -6.091632        -6.062380        -6.044365
     -6.017002        -5.989731        -5.975661        -5.945022        -5.930825
     -5.909006        -5.887804        -5.860210        -5.850544        -5.831560
     -5.803098        -5.793577        -5.768238        -5.739871        -5.722278
     -5.704480        -5.672879        -5.649677        -5.635623        -5.613120
     -5.597263        -5.581846        -5.554500        -5.540774        -5.513529
     -5.496018        -5.464849        -5.458707        -5.433434        -5.415022
     -5.391678        -5.385296        -5.372757        -5.347046        -5.331173
     -5.319003        -5.302968        -5.295663        -5.271019        -5.254015
     -5.245990        -5.230384        -5.209001        -5.201232        -5.177325
     -5.167748        -5.142202        -5.133741        -5.105766        -5.100995
     -5.079707        -5.061985        -5.046271        -5.030582        -5.018752
     -5.000521        -4.986889        -4.975726        -4.937386        -4.930846
     -4.924729        -4.903267        -4.890494        -4.877348        -4.870529
     -4.862543        -4.841963        -4.825572        -4.816232        -4.797237
     -4.784256        -4.767077        -4.758308        -4.749231        -4.733251
     -4.710896        -4.692291        -4.664361        -4.658746        -4.646650
     -4.638656        -4.616429        -4.602384        -4.588157        -4.566766
     -4.549721        -4.539450        -4.526612        -4.510360        -4.498660
     -4.486441        -4.469313        -4.462816        -4.449537        -4.439605
     -4.420539        -4.409978        -4.393106        -4.378954        -4.369998
     -4.348161        -4.330440        -4.316080        -4.307023        -4.287235
     -4.278743        -4.270959        -4.253104        -4.236984        -4.231011
     -4.220183        -4.198480        -4.183372        -4.166261        -4.160730
     -4.142185        -4.124387        -4.110768        -4.090711        -4.072448
     -4.064596        -4.051156        -4.042089        -4.029632        -3.995895
     -3.982795        -3.976333        -3.961184        -3.950269        -3.946645
     -3.925588        -3.910310        -3.883769        -3.869545        -3.857219
     -3.837605        -3.818612        -3.807201        -3.796443        -3.780500
     -3.765874        -3.754365        -3.735295        -3.726324        -3.698059
     -3.678285        -3.666220        -3.643722        -3.629004        -3.616525
     -3.594876        -3.586686        -3.577492        -3.564396        -3.540047
     -3.516429        -3.509526        -3.493702        -3.473119        -3.463352
     -3.448922        -3.423583        -3.400633        -3.393583        -3.372192
     -3.361629        -3.335110        -3.320302        -3.311838        -3.280876
     -3.262941        -3.255876        -3.237353        -3.211952        -3.185298
     -3.173337        -3.153746        -3.143502        -3.125713        -3.109011
     -3.089484        -3.053023        -3.047589        -3.034992        -3.021074
     -2.981531        -2.950542        -2.925546        -2.902709        -2.884975
     -2.854160        -2.850054        -2.822965        -2.809010        -2.786106
     -2.778957        -2.752965        -2.739337        -2.707530        -2.681680
     -2.657772        -2.634091        -2.605194        -2.600811        -2.568930
     -2.561319        -2.546498        -2.521645        -2.494242        -2.475752
     -2.462301        -2.435460        -2.400614        -2.387315        -2.372237
     -2.335843        -2.296675        -2.291265        -2.258479        -2.231921
     -2.212273        -2.198469        -2.179191        -2.168655        -2.144953
     -2.102503        -2.079375        -2.054793        -2.040078        -2.006134
     -1.991580        -1.971712        -1.951869        -1.911487        -1.862902
     -1.857508        -1.835907        -1.807434        -1.798145        -1.771605
     -1.741710        -1.701631        -1.677632        -1.629561        -1.595677
     -1.560782        -1.551333        -1.504323        -1.499114        -1.483098
     -1.435029        -1.402851        -1.384845        -1.345573        -1.292733
     -1.269830        -1.242639        -1.197468        -1.171571        -1.154302
     -1.139117        -1.054271        -1.024256        -1.011780        -0.955196
     -0.916406        -0.871314        -0.814767        -0.805716        -0.701760
     -0.683232        -0.657529        -0.614251        -0.565153        -0.494635
     -0.434046        -0.411745        -0.332756        -0.309575        -0.257454
     -0.226345        -0.181487        -0.132523        -0.079856        -0.025265
      0.057057         0.105875         0.136627         0.195578         0.278523
      0.319362         0.387670         0.440895         0.516363         0.580962
      0.650862         0.741164         0.807828         0.856997         0.898580
      1.037218         1.120215         1.201076         1.297738         1.370802
      1.502749         1.573044         1.614222         1.731661         1.856093
      1.919010         1.995144         2.116830         2.152799         2.263460
      2.407544         2.459169         2.575697         2.727856         2.846270
      2.871432         2.969425         3.086765         3.120924         3.268429
      3.304778         3.418078         3.573329         3.621972         3.779421
      3.844791         4.014131         4.123259         4.248566         4.299574
      4.383678         4.528532         4.571001         4.593082         4.690277
      4.789418         4.896640         4.964080         4.996577         5.087457
      5.171494         5.290230         5.300892         5.446559         5.497865
      5.520856         5.629013         5.693242         5.739782         5.822120
      5.935850         6.010032         6.049561         6.099931         6.201918
      6.247394         6.310343         6.349746         6.402758         6.476428
      6.494693         6.542632         6.634795         6.679950         6.768945
      6.794343         6.844266         6.922206         6.959034         6.981872
      7.062197         7.115308         7.138794         7.208209         7.260342
      7.358454         7.389969         7.436672         7.490697         7.522927
      7.561497         7.646250         7.720034         7.760279         7.797582
      7.859926         7.923423         7.975809         8.039615         8.093961
      8.180618         8.247388         8.305520         8.347652         8.487824
      8.570874         8.588558         8.653852         8.764210         8.812256
      8.939210         9.008775         9.141625
 *********************************
 sum eigen(dbl occ, ryd)=  -1424.18858629646     
 *********************************
 One SCF use:    81.1525290012360       s
 *********************************
 ****** kpt=           1
 err of each states, eV
  0.297337E+01     0.300960E+01     0.297823E+01     0.297075E+01     0.309742E+01
  0.111686E+01     0.114721E+01     0.111597E+01     0.110537E+01     0.109325E+01
  0.109643E+01     0.111605E+01     0.106934E+01     0.114676E+01     0.112404E+01
  0.109709E+01     0.108573E+01     0.110450E+01     0.111339E+01     0.109662E+01
  0.110741E+01     0.109822E+01     0.107726E+01     0.106556E+01     0.122241E+01
  0.961286E+00     0.108139E+01     0.114435E+01     0.116429E+01     0.118017E+01
  0.124916E+01     0.112949E+01     0.108905E+01     0.109956E+01     0.107457E+01
  0.105095E+01     0.104432E+01     0.992276E+00     0.104733E+01     0.104034E+01
  0.108931E+01     0.106114E+01     0.101575E+01     0.104109E+01     0.106822E+01
  0.114329E+01     0.989364E+00     0.104796E+01     0.107897E+01     0.109446E+01
  0.101579E+01     0.987090E+00     0.979848E+00     0.991508E+00     0.102312E+01
  0.964739E+00     0.103789E+01     0.922770E+00     0.113560E+01     0.101982E+01
  0.116815E+01     0.101364E+01     0.969828E+00     0.977239E+00     0.980361E+00
  0.112231E+01     0.110084E+01     0.103114E+01     0.103219E+01     0.114253E+01
  0.120359E+01     0.116048E+01     0.863867E+00     0.990190E+00     0.115242E+01
  0.822527E+00     0.969550E+00     0.928015E+00     0.886250E+00     0.821780E+00
  0.828647E+00     0.753007E+00     0.109237E+01     0.116704E+01     0.778075E+00
  0.854533E+00     0.837816E+00     0.794486E+00     0.783394E+00     0.795548E+00
  0.885962E+00     0.102629E+01     0.803832E+00     0.871574E+00     0.911751E+00
  0.111977E+01     0.768337E+00     0.776869E+00     0.810501E+00     0.783484E+00
  0.811531E+00     0.887161E+00     0.106072E+01     0.779037E+00     0.785658E+00
  0.993656E+00     0.774462E+00     0.786561E+00     0.789815E+00     0.911640E+00
  0.108175E+01     0.703545E+00     0.771107E+00     0.780475E+00     0.105555E+01
  0.920194E+00     0.117073E+01     0.754366E+00     0.110745E+01     0.727509E+00
  0.748759E+00     0.726939E+00     0.762856E+00     0.743891E+00     0.742621E+00
  0.754193E+00     0.730452E+00     0.739011E+00     0.749191E+00     0.759482E+00
  0.751722E+00     0.722209E+00     0.722393E+00     0.720342E+00     0.676781E+00
  0.670397E+00     0.690258E+00     0.745456E+00     0.690185E+00     0.715088E+00
  0.763019E+00     0.750345E+00     0.684117E+00     0.117320E+01     0.740932E+00
  0.705435E+00     0.763321E+00     0.108589E+01     0.114644E+01     0.108092E+01
  0.657926E+00     0.110996E+01     0.106610E+01     0.803011E+00     0.861447E+00
  0.881425E+00     0.118731E+01     0.120450E+01     0.948931E+00     0.107080E+01
  0.802176E+00     0.105707E+01     0.801749E+00     0.863450E+00     0.871208E+00
  0.740011E+00     0.803563E+00     0.803956E+00     0.839080E+00     0.825275E+00
  0.749323E+00     0.813324E+00     0.894027E+00     0.879678E+00     0.859149E+00
  0.802080E+00     0.834666E+00     0.109609E+01     0.701570E+00     0.112990E+01
  0.991409E+00     0.109978E+01     0.787554E+00     0.112391E+01     0.741410E+00
  0.765878E+00     0.786709E+00     0.111752E+01     0.112540E+01     0.107868E+01
  0.782854E+00     0.789141E+00     0.811972E+00     0.789336E+00     0.796163E+00
  0.103617E+01     0.111913E+01     0.123632E+01     0.109033E+01     0.113575E+01
  0.108409E+01     0.112572E+01     0.109255E+01     0.642132E+00     0.106893E+01
  0.115946E+01     0.630969E+00     0.608689E+00     0.662914E+00     0.616956E+00
  0.663144E+00     0.563759E+00     0.636293E+00     0.697212E+00     0.150864E+01
  0.160431E+01     0.166840E+01     0.169235E+01     0.165746E+01     0.166750E+01
  0.153287E+01     0.160594E+01     0.722850E+00     0.165252E+01     0.167779E+01
  0.184798E+01     0.169730E+01     0.156032E+01     0.154066E+01     0.167512E+01
  0.174933E+01     0.187744E+01     0.153570E+01     0.199102E+01     0.193401E+01
  0.199989E+01     0.155786E+01     0.196581E+01     0.171051E+01     0.187783E+01
  0.182551E+01     0.193452E+01     0.187998E+01     0.150097E+01     0.173081E+01
  0.176759E+01     0.148557E+01     0.172837E+01     0.188450E+01     0.195492E+01
  0.204545E+01     0.181145E+01     0.186288E+01     0.177035E+01     0.192693E+01
  0.156503E+01     0.193920E+01     0.198915E+01     0.199781E+01     0.188728E+01
  0.193624E+01     0.169319E+01     0.192358E+01     0.172230E+01     0.176878E+01
  0.190099E+01     0.192963E+01     0.185580E+01     0.188627E+01     0.180897E+01
  0.184694E+01     0.183980E+01     0.189042E+01     0.172675E+01     0.183469E+01
  0.188585E+01     0.174077E+01     0.163176E+01     0.187932E+01     0.166888E+01
  0.178618E+01     0.188856E+01     0.209352E+01     0.206142E+01     0.195279E+01
  0.211498E+01     0.227719E+01     0.217033E+01     0.204147E+01     0.209686E+01
  0.208432E+01     0.209525E+01     0.222652E+01     0.212583E+01     0.230842E+01
  0.211339E+01     0.207904E+01     0.213570E+01     0.218496E+01     0.210775E+01
  0.221344E+01     0.220220E+01     0.222201E+01     0.223977E+01     0.219367E+01
  0.211324E+01     0.207317E+01     0.219051E+01     0.225332E+01     0.212548E+01
  0.215219E+01     0.181382E+01     0.202212E+01     0.207121E+01     0.205825E+01
  0.223841E+01     0.223272E+01     0.203324E+01     0.220217E+01     0.208599E+01
  0.202719E+01     0.203192E+01     0.206914E+01     0.183149E+01     0.205608E+01
  0.216176E+01     0.214441E+01     0.187023E+01     0.166150E+01     0.187179E+01
  0.207210E+01     0.212095E+01     0.193976E+01     0.185563E+01     0.170330E+01
  0.190091E+01     0.179092E+01     0.159342E+01     0.150895E+01     0.182310E+01
  0.177589E+01     0.178520E+01     0.185891E+01     0.196173E+01     0.180214E+01
  0.206056E+01     0.213520E+01     0.200104E+01     0.164127E+01     0.169375E+01
  0.198287E+01     0.189717E+01     0.194835E+01     0.206268E+01     0.151788E+01
  0.171423E+01     0.169997E+01     0.186374E+01     0.189226E+01     0.212342E+01
  0.183576E+01     0.201966E+01     0.214731E+01     0.193642E+01     0.206633E+01
  0.203758E+01     0.213273E+01     0.211839E+01     0.216170E+01     0.188431E+01
  0.196503E+01     0.186786E+01     0.215581E+01     0.197474E+01     0.216010E+01
  0.190590E+01     0.189934E+01     0.190083E+01     0.198285E+01     0.192206E+01
  0.197125E+01     0.192498E+01     0.198466E+01     0.185134E+01     0.206476E+01
  0.191182E+01     0.196758E+01     0.194381E+01     0.190535E+01     0.205455E+01
  0.217643E+01     0.201580E+01     0.218978E+01     0.209145E+01     0.207619E+01
  0.206272E+01     0.211466E+01     0.214776E+01     0.199804E+01     0.208215E+01
  0.214947E+01     0.213443E+01     0.199581E+01     0.215315E+01     0.214758E+01
  0.210100E+01     0.191940E+01     0.204373E+01     0.214569E+01     0.196756E+01
  0.227248E+01     0.218491E+01     0.212725E+01     0.221571E+01     0.211184E+01
  0.205141E+01     0.207908E+01     0.199839E+01     0.197289E+01     0.206876E+01
  0.215969E+01     0.193739E+01     0.223274E+01     0.212429E+01     0.205177E+01
  0.215418E+01     0.216179E+01     0.223869E+01     0.214901E+01     0.213611E+01
  0.223980E+01     0.232159E+01     0.215371E+01     0.231848E+01     0.231092E+01
  0.224582E+01     0.225723E+01     0.216759E+01     0.222559E+01     0.198401E+01
  0.208634E+01     0.225303E+01     0.206198E+01     0.220600E+01     0.222270E+01
  0.225951E+01     0.228845E+01     0.224816E+01     0.201694E+01     0.219762E+01
  0.233113E+01     0.211915E+01     0.213560E+01     0.214091E+01     0.220878E+01
  0.194588E+01     0.218044E+01     0.210525E+01     0.215699E+01     0.214112E+01
  0.215958E+01     0.218477E+01     0.216893E+01     0.229179E+01     0.212323E+01
  0.232988E+01     0.227745E+01     0.229392E+01     0.216253E+01     0.212479E+01
  0.204355E+01     0.201591E+01     0.190824E+01     0.211662E+01     0.217845E+01
  0.228233E+01     0.205808E+01     0.201287E+01     0.209730E+01     0.213388E+01
  0.214641E+01     0.224931E+01     0.226759E+01     0.223754E+01     0.230224E+01
  0.231251E+01     0.209097E+01     0.228327E+01     0.211662E+01     0.244109E+01
  0.236483E+01     0.238824E+01     0.221467E+01     0.222941E+01     0.232806E+01
  0.237259E+01     0.233010E+01     0.229995E+01     0.234879E+01     0.242261E+01
  0.219390E+01     0.237450E+01     0.249532E+01     0.226025E+01     0.235663E+01
  0.245409E+01     0.244282E+01     0.233721E+01     0.234849E+01     0.231614E+01
  0.220394E+01     0.238832E+01     0.233134E+01     0.238177E+01     0.231000E+01
  0.229640E+01     0.232019E+01     0.241179E+01     0.245247E+01     0.224304E+01
  0.236652E+01     0.244799E+01     0.212454E+01     0.224452E+01     0.237585E+01
  0.211836E+01     0.242226E+01     0.239245E+01     0.237979E+01     0.227858E+01
  0.244431E+01     0.232244E+01     0.247076E+01     0.226140E+01     0.250801E+01
  0.241036E+01     0.238894E+01     0.261250E+01     0.225194E+01     0.243793E+01
  0.246230E+01     0.245322E+01     0.251840E+01     0.245044E+01     0.241035E+01
  0.230501E+01     0.242825E+01     0.247724E+01     0.228941E+01     0.223541E+01
  0.249125E+01     0.241260E+01     0.244944E+01     0.245865E+01     0.261978E+01
  0.249544E+01     0.245872E+01     0.265941E+01     0.261024E+01     0.235896E+01
  0.237756E+01     0.252310E+01     0.262512E+01     0.263093E+01     0.259159E+01
  0.273712E+01     0.247522E+01     0.254777E+01     0.252070E+01     0.246232E+01
  0.250725E+01     0.243882E+01     0.249523E+01     0.242840E+01     0.260991E+01
  0.268360E+01     0.247399E+01     0.264585E+01     0.248519E+01     0.242034E+01
  0.257620E+01     0.242628E+01     0.240983E+01     0.238425E+01     0.262804E+01
  0.235755E+01     0.265069E+01     0.251744E+01     0.253694E+01     0.240989E+01
  0.259238E+01     0.252315E+01     0.239149E+01     0.251401E+01     0.236931E+01
  0.233944E+01     0.245547E+01     0.266578E+01     0.256127E+01     0.254113E+01
  0.226483E+01     0.245801E+01     0.255568E+01     0.243141E+01     0.258315E+01
  0.248421E+01     0.247779E+01     0.243584E+01     0.250007E+01     0.235860E+01
  0.232213E+01     0.239093E+01     0.244533E+01     0.236039E+01     0.245625E+01
  0.248868E+01     0.247626E+01     0.233405E+01     0.239129E+01     0.234665E+01
  0.224529E+01     0.234429E+01     0.232204E+01     0.234001E+01     0.230385E+01
  0.250045E+01     0.235341E+01     0.248691E+01     0.229570E+01     0.217656E+01
  0.228754E+01     0.219627E+01     0.226041E+01     0.215152E+01     0.223890E+01
  0.221749E+01     0.230485E+01     0.224754E+01     0.230330E+01     0.216987E+01
  0.221161E+01     0.210477E+01     0.226392E+01     0.214771E+01     0.236657E+01
  0.213020E+01     0.224267E+01     0.218299E+01     0.223699E+01     0.220698E+01
  0.225931E+01     0.226671E+01     0.228890E+01     0.222293E+01     0.210085E+01
  0.219304E+01     0.221309E+01     0.211493E+01     0.217826E+01     0.215993E+01
  0.213246E+01     0.226468E+01     0.216099E+01     0.228544E+01     0.212467E+01
  0.222452E+01     0.218784E+01     0.219350E+01     0.215856E+01     0.224199E+01
  0.212863E+01     0.215633E+01     0.208879E+01     0.207734E+01     0.220639E+01
  0.208357E+01     0.221573E+01     0.212701E+01     0.213797E+01     0.221814E+01
  0.222195E+01     0.223693E+01     0.207989E+01     0.219303E+01     0.221330E+01
  0.218262E+01     0.205622E+01     0.217845E+01     0.218916E+01     0.220030E+01
  0.219385E+01     0.221157E+01     0.208192E+01     0.225178E+01     0.222712E+01
  0.223350E+01     0.231808E+01     0.222736E+01     0.223516E+01     0.227102E+01
  0.219675E+01     0.231864E+01     0.225221E+01     0.217712E+01     0.222624E+01
  0.229376E+01     0.225145E+01     0.216976E+01     0.231870E+01     0.220019E+01
  0.219253E+01     0.227100E+01     0.230202E+01     0.226397E+01     0.229611E+01
  0.227007E+01     0.226887E+01     0.234382E+01     0.226408E+01     0.229720E+01
  0.237956E+01     0.240112E+01     0.241434E+01     0.224358E+01     0.236377E+01
  0.238185E+01     0.233278E+01     0.233536E+01     0.240645E+01     0.245001E+01
  0.233438E+01     0.233149E+01     0.247394E+01     0.238000E+01     0.232870E+01
  0.245943E+01     0.244659E+01     0.238758E+01     0.243816E+01     0.250022E+01
  0.244139E+01     0.251625E+01     0.253458E+01     0.256503E+01     0.244039E+01
  0.265168E+01     0.249106E+01     0.251051E+01     0.249415E+01     0.252724E+01
  0.248808E+01     0.248192E+01     0.249380E+01     0.250550E+01     0.251887E+01
  0.262912E+01     0.260620E+01     0.252307E+01     0.263439E+01     0.262287E+01
  0.263272E+01     0.249778E+01     0.262081E+01     0.268624E+01     0.265526E+01
  0.260483E+01     0.264788E+01     0.270192E+01     0.260687E+01     0.272161E+01
  0.264889E+01     0.270530E+01     0.275261E+01     0.275394E+01     0.270431E+01
  0.276645E+01     0.270314E+01     0.274024E+01     0.274569E+01     0.275117E+01
  0.277831E+01     0.285698E+01     0.278966E+01     0.293258E+01     0.286462E+01
  0.282964E+01     0.282922E+01     0.291664E+01     0.284750E+01     0.291461E+01
  0.283758E+01     0.283569E+01     0.286561E+01     0.297549E+01     0.293822E+01
  0.307254E+01     0.292634E+01     0.297055E+01     0.295292E+01     0.310370E+01
  0.302861E+01     0.304240E+01     0.303589E+01     0.295852E+01     0.304669E+01
  0.304242E+01     0.303602E+01     0.307118E+01     0.308103E+01     0.307357E+01
  0.315679E+01     0.320806E+01     0.310079E+01     0.315888E+01     0.325805E+01
  0.322240E+01     0.331012E+01     0.322819E+01     0.326764E+01     0.328897E+01
  0.317979E+01     0.323694E+01     0.330558E+01     0.327842E+01     0.336507E+01
  0.322426E+01     0.330850E+01     0.321585E+01     0.329692E+01     0.325363E+01
  0.345966E+01     0.348647E+01     0.335541E+01     0.344095E+01     0.334983E+01
  0.331414E+01     0.358180E+01     0.349298E+01     0.344806E+01     0.344047E+01
  0.346713E+01     0.343933E+01     0.356315E+01     0.353795E+01     0.350926E+01
  0.358625E+01     0.361590E+01     0.350941E+01     0.346638E+01     0.356964E+01
  0.370669E+01     0.365314E+01     0.360797E+01     0.362510E+01     0.373645E+01
  0.367904E+01     0.366356E+01     0.375382E+01     0.379789E+01     0.356831E+01
  0.384289E+01     0.372701E+01     0.384859E+01     0.377859E+01     0.380103E+01
  0.380488E+01     0.383931E+01     0.385519E+01     0.390132E+01     0.391950E+01
  0.381029E+01     0.395361E+01     0.387220E+01     0.388261E+01     0.390147E+01
  0.409591E+01     0.412570E+01     0.409923E+01     0.405323E+01     0.399674E+01
  0.405122E+01     0.424488E+01     0.413522E+01     0.423413E+01     0.418892E+01
  0.429416E+01     0.419814E+01     0.427122E+01     0.429470E+01     0.437199E+01
  0.441354E+01     0.447069E+01     0.444203E+01     0.442748E+01     0.469187E+01
  0.453557E+01     0.463699E+01     0.462669E+01     0.474860E+01     0.481164E+01
  0.483995E+01     0.473268E+01     0.487680E+01     0.483773E+01     0.478952E+01
  0.501502E+01     0.506147E+01     0.502414E+01     0.516843E+01     0.537208E+01
  0.519722E+01     0.529207E+01     0.521584E+01     0.549640E+01     0.550485E+01
  0.590657E+01     0.563986E+01     0.581579E+01     0.591072E+01     0.569797E+01
  0.611037E+01     0.628162E+01     0.636346E+01     0.653102E+01     0.658799E+01
  0.716758E+01     0.691777E+01     0.699472E+01     0.677887E+01     0.735610E+01
  0.736027E+01     0.736781E+01     0.762922E+01     0.768366E+01     0.764177E+01
  0.818722E+01     0.837558E+01     0.867706E+01     0.825905E+01     0.871211E+01
  0.854960E+01     0.902596E+01     0.879860E+01     0.935379E+01     0.925358E+01
  0.912870E+01     0.906870E+01     0.951967E+01     0.963503E+01     0.993236E+01
  0.102004E+02     0.106082E+02     0.100304E+02     0.106676E+02     0.104906E+02
  0.106842E+02     0.102772E+02     0.101900E+02     0.105067E+02     0.107605E+02
  0.106721E+02     0.931942E+01     0.103780E+02     0.100643E+02     0.102530E+02
  0.101342E+02     0.104465E+02     0.985607E+01     0.903903E+01     0.886770E+01
  0.825420E+01     0.878864E+01     0.820388E+01     0.942892E+01     0.892152E+01
  0.850287E+01     0.831181E+01     0.895647E+01     0.753934E+01     0.781401E+01
  0.792043E+01     0.825208E+01     0.870248E+01     0.751151E+01     0.804559E+01
  0.785824E+01     0.868619E+01     0.738423E+01     0.784337E+01     0.666206E+01
  0.800414E+01     0.669012E+01     0.842207E+01     0.635555E+01     0.738564E+01
  0.584538E+01     0.768481E+01     0.670934E+01     0.715905E+01     0.676402E+01
  0.781649E+01     0.716727E+01     0.679421E+01     0.805462E+01     0.639411E+01
  0.655785E+01     0.576279E+01     0.583882E+01     0.708940E+01     0.685241E+01
  0.734658E+01     0.617718E+01     0.683710E+01     0.674806E+01     0.567453E+01
  0.652680E+01     0.711742E+01     0.680705E+01     0.626229E+01     0.652901E+01
  0.638094E+01     0.701502E+01     0.691196E+01     0.621063E+01     0.624689E+01
  0.675498E+01     0.687463E+01     0.626427E+01
 eigen energies, in ev
    -46.449353       -46.293138       -46.126792       -45.686353       -45.632314
    -28.031867       -27.966391       -27.719242       -27.668735       -27.650303
    -27.610327       -27.601872       -27.582224       -27.539423       -27.495926
    -27.443261       -27.435841       -27.406169       -27.385340       -27.367025
    -27.361965       -27.336374       -27.324504       -27.270407       -27.268110
    -27.219126       -27.184888       -27.170938       -27.152895       -27.152360
    -27.148080       -27.131902       -27.115549       -27.111710       -27.086732
    -27.051886       -27.027058       -26.977894       -26.974702       -26.955778
    -26.946117       -26.930088       -26.906555       -26.874481       -26.865604
    -26.858126       -26.824162       -26.816905       -26.765293       -26.747226
    -26.721234       -26.702865       -26.694799       -26.669870       -26.659843
    -26.635412       -26.633438       -26.599221       -26.580145       -26.532273
    -26.530801       -26.453616       -26.418788       -26.406789       -26.398606
    -26.377147       -26.360072       -26.341390       -26.317309       -26.298832
    -26.288371       -26.268793       -26.217164       -26.210397       -26.207476
    -26.128994       -26.116735       -26.072232       -26.053749       -26.041422
    -26.020346       -26.017067       -26.000575       -25.987564       -25.951696
    -25.942285       -25.941451       -25.920213       -25.856558       -25.849776
    -25.794263       -25.792634       -25.787467       -25.778913       -25.774286
    -25.761908       -25.718133       -25.707984       -25.700452       -25.699265
    -25.683978       -25.654710       -25.646117       -25.624683       -25.600706
    -25.571484       -25.557631       -25.557132       -25.552272       -25.547155
    -25.506030       -25.490741       -25.486082       -25.454462       -25.454186
    -25.450111       -25.434832       -25.393513       -25.385664       -25.327893
    -25.322116       -25.309756       -25.294662       -25.279732       -25.264360
    -25.212548       -25.195068       -25.164772       -25.144826       -25.144541
    -25.134175       -25.125050       -25.115863       -25.086242       -25.063570
    -25.046429       -25.016083       -25.010137       -24.990187       -24.973269
    -24.967992       -24.945854       -24.922261       -24.870300       -24.837998
    -24.833364       -24.803621       -24.780828       -24.754323       -24.703568
    -24.591355       -24.564187       -24.502828       -24.366728       -24.290295
    -24.236261       -24.130576       -24.070620       -23.937076       -23.904565
    -23.899965       -23.886656       -23.843461       -23.827835       -23.799026
    -23.737088       -23.720018       -23.713450       -23.706364       -23.703821
    -23.681887       -23.679323       -23.673158       -23.663319       -23.604002
    -23.536914       -23.474838       -23.469872       -23.349216       -23.309092
    -23.238248       -23.189809       -23.139306       -23.115306       -23.001748
    -23.001200       -22.822143       -22.616575       -22.579956       -22.404667
    -20.304226       -19.797424       -19.482829       -19.461077       -19.296032
    -18.752482       -18.606530       -18.456307       -18.408206       -18.178330
    -18.086787       -18.085902       -18.064729       -17.915391       -17.830682
    -17.538830       -17.472674       -17.448741       -17.367309       -17.282792
    -17.103416       -17.019104       -16.822717       -16.817778       -16.772684
    -16.746620       -16.676860       -16.659833       -16.624310       -16.558324
    -16.503356       -16.443612       -16.336474       -16.267232       -16.263193
    -16.248381       -16.165285       -16.108576       -16.024528       -15.781576
    -15.057529       -14.971409       -14.822660       -14.789089       -14.756328
    -14.740759       -14.626619       -14.577592       -14.548312       -14.533352
    -14.517619       -14.497635       -14.406770       -14.340261       -14.295985
    -14.295056       -14.274001       -14.261256       -14.241885       -14.236754
    -14.215132       -14.187822       -14.123956       -14.114665       -14.107311
    -13.965397       -13.957159       -13.947890       -13.877610       -13.852065
    -13.832546       -13.780573       -13.679186       -13.635790       -13.631556
    -13.607154       -13.596927       -13.528265       -13.514657       -13.402206
    -13.388634       -13.386632       -13.369541       -13.204687       -13.174708
    -12.911235       -12.647918       -12.617400       -12.570544       -12.479849
    -12.462987       -12.396695       -12.352930       -12.301441       -12.262646
    -12.229972       -12.220547       -12.124153       -12.101450       -12.090235
    -12.071287       -12.054885       -12.036964       -12.025539       -11.974696
    -11.956073       -11.895184       -11.871413       -11.860548       -11.811095
    -11.802045       -11.785574       -11.779886       -11.764867       -11.749757
    -11.725609       -11.620794       -11.602124       -11.598481       -11.569334
    -11.475935       -11.470584       -11.385023       -11.377318       -11.371197
    -11.349920       -11.326006       -11.283396       -11.267735       -11.247707
    -11.239362       -11.234836       -11.227272       -11.206332       -11.155965
    -11.132439       -11.117664       -11.062737       -11.022172       -10.981203
    -10.960595       -10.912767       -10.890657       -10.793453       -10.769872
    -10.719390       -10.694036       -10.689070       -10.659198       -10.641010
    -10.631902       -10.604508       -10.573371       -10.557494       -10.551776
    -10.524761       -10.510629       -10.482118       -10.438013       -10.433725
    -10.425182       -10.409897       -10.384212       -10.372287       -10.363990
    -10.346761       -10.344779       -10.327675       -10.316445       -10.292619
    -10.267568       -10.256950       -10.239853       -10.229498       -10.226993
    -10.223869       -10.216779       -10.200532       -10.187876       -10.180182
    -10.148851       -10.144859       -10.136469       -10.099504       -10.096256
    -10.082394       -10.065852       -10.046089       -10.034837       -10.023093
    -10.012504        -9.996944        -9.987069        -9.974678        -9.967273
     -9.957846        -9.953426        -9.950976        -9.946152        -9.934607
     -9.931142        -9.918190        -9.908627        -9.896623        -9.892721
     -9.889954        -9.880996        -9.868836        -9.863827        -9.848040
     -9.846027        -9.826407        -9.822656        -9.802579        -9.789800
     -9.771516        -9.764340        -9.745133        -9.740672        -9.735299
     -9.731837        -9.707099        -9.701647        -9.671259        -9.661657
     -9.647123        -9.636393        -9.628653        -9.616881        -9.612318
     -9.606208        -9.598189        -9.575296        -9.564427        -9.555010
     -9.538923        -9.527039        -9.522559        -9.516103        -9.512223
     -9.498988        -9.493720        -9.491998        -9.485108        -9.456650
     -9.441348        -9.434219        -9.424133        -9.418097        -9.402997
     -9.397300        -9.393181        -9.373974        -9.369793        -9.358331
     -9.335258        -9.324945        -9.313789        -9.288374        -9.287466
     -9.270348        -9.265045        -9.247587        -9.219143        -9.216275
     -9.203149        -9.193088        -9.180432        -9.170841        -9.164891
     -9.147287        -9.133682        -9.127848        -9.114392        -9.107454
     -9.083911        -9.076421        -9.071499        -9.060147        -9.054655
     -9.050224        -9.038160        -9.018859        -9.015213        -9.005898
     -8.996729        -8.985317        -8.969020        -8.965204        -8.956059
     -8.948577        -8.936935        -8.931511        -8.911517        -8.899320
     -8.890663        -8.881603        -8.868067        -8.861783        -8.854900
     -8.852162        -8.844259        -8.839616        -8.832904        -8.830412
     -8.814838        -8.790893        -8.779281        -8.771561        -8.768053
     -8.758334        -8.736095        -8.733023        -8.722784        -8.709252
     -8.694512        -8.690191        -8.684322        -8.678823        -8.667163
     -8.645571        -8.632859        -8.628370        -8.616620        -8.599842
     -8.580600        -8.564130        -8.561254        -8.544929        -8.530465
     -8.522914        -8.517330        -8.509653        -8.499137        -8.486516
     -8.470884        -8.464303        -8.450256        -8.433436        -8.418495
     -8.414416        -8.401933        -8.382409        -8.378192        -8.358660
     -8.341886        -8.337368        -8.326657        -8.306239        -8.295075
     -8.264711        -8.253029        -8.240152        -8.235874        -8.207723
     -8.192474        -8.181295        -8.174927        -8.169702        -8.160050
     -8.147690        -8.141860        -8.124725        -8.118786        -8.088422
     -8.076015        -8.057356        -8.043387        -8.037697        -8.016870
     -7.991525        -7.988132        -7.969905        -7.960275        -7.955424
     -7.946783        -7.934966        -7.914251        -7.898041        -7.890385
     -7.865875        -7.852186        -7.843101        -7.834139        -7.815914
     -7.806414        -7.785945        -7.782508        -7.770250        -7.764975
     -7.743108        -7.705374        -7.682629        -7.673879        -7.646752
     -7.633163        -7.608320        -7.568158        -7.559596        -7.548642
     -7.529712        -7.525681        -7.495605        -7.478353        -7.470602
     -7.451835        -7.444186        -7.437070        -7.408235        -7.399630
     -7.319373        -7.305798        -7.292813        -7.287186        -7.240952
     -7.208595        -7.193715        -7.182323        -7.179095        -7.158642
     -7.154747        -7.131745        -7.124073        -7.105315        -7.099869
     -7.093820        -7.086258        -7.080941        -7.055153        -7.029388
     -7.021364        -7.006900        -6.996566        -6.973587        -6.946872
     -6.920776        -6.917105        -6.873377        -6.865429        -6.863970
     -6.841230        -6.834507        -6.830967        -6.804077        -6.796811
     -6.777004        -6.769987        -6.762558        -6.743991        -6.734312
     -6.699329        -6.668850        -6.660121        -6.646973        -6.620191
     -6.607661        -6.593278        -6.571893        -6.558858        -6.550615
     -6.542352        -6.530046        -6.517778        -6.501067        -6.498938
     -6.488346        -6.486738        -6.471338        -6.465176        -6.447827
     -6.432479        -6.420391        -6.412672        -6.410644        -6.380862
     -6.372173        -6.363194        -6.353447        -6.348392        -6.329435
     -6.325268        -6.306455        -6.305101        -6.292554        -6.278201
     -6.268695        -6.261205        -6.255135        -6.246063        -6.242983
     -6.229993        -6.224012        -6.211347        -6.205507        -6.195794
     -6.180095        -6.171870        -6.168027        -6.158197        -6.154057
     -6.144190        -6.129510        -6.114903        -6.105321        -6.100016
     -6.078061        -6.068236        -6.055843        -6.047867        -6.038339
     -6.031677        -6.021399        -6.013600        -6.003781        -5.995919
     -5.988517        -5.980857        -5.975424        -5.970666        -5.965219
     -5.960930        -5.944377        -5.940071        -5.933738        -5.921890
     -5.917682        -5.913313        -5.900641        -5.896876        -5.885642
     -5.882646        -5.873592        -5.867723        -5.855383        -5.844238
     -5.833418        -5.830538        -5.820356        -5.815411        -5.809832
     -5.801174        -5.792768        -5.782054        -5.778071        -5.763857
     -5.756073        -5.752100        -5.744266        -5.734643        -5.723863
     -5.716316        -5.708804        -5.702716        -5.700414        -5.693521
     -5.686562        -5.679722        -5.674044        -5.667306        -5.658808
     -5.651562        -5.643544        -5.635475        -5.630407        -5.620814
     -5.614216        -5.604681        -5.597010        -5.593141        -5.584507
     -5.578100        -5.571923        -5.569023        -5.559133        -5.554974
     -5.546391        -5.541390        -5.535945        -5.525127        -5.521303
     -5.510654        -5.508160        -5.497189        -5.490542        -5.485011
     -5.477834        -5.473970        -5.461669        -5.456158        -5.450690
     -5.441982        -5.438454        -5.429175        -5.422761        -5.417600
     -5.409648        -5.394774        -5.389162        -5.378175        -5.372577
     -5.368535        -5.357816        -5.352527        -5.349571        -5.344297
     -5.333302        -5.327070        -5.316445        -5.313208        -5.306563
     -5.302641        -5.295552        -5.289862        -5.280238        -5.277731
     -5.270964        -5.266445        -5.258298        -5.246361        -5.237694
     -5.233341        -5.224259        -5.218300        -5.214226        -5.209196
     -5.201015        -5.194460        -5.191206        -5.187657        -5.182213
     -5.174529        -5.169527        -5.157364        -5.153920        -5.145315
     -5.136064        -5.131816        -5.125345        -5.116603        -5.111271
     -5.109301        -5.100729        -5.089798        -5.086770        -5.078611
     -5.072560        -5.067052        -5.061413        -5.053768        -5.049875
     -5.045621        -5.036422        -5.027872        -5.014771        -5.009494
     -5.003029        -4.995795        -4.980312        -4.973182        -4.968923
     -4.961789        -4.952171        -4.940684        -4.932837        -4.920574
     -4.918320        -4.909815        -4.894185        -4.886040        -4.880954
     -4.873380        -4.864219        -4.858754        -4.842501        -4.833981
     -4.825288        -4.819280        -4.801643        -4.792344        -4.784601
     -4.778634        -4.765893        -4.753377        -4.742698        -4.734367
     -4.717106        -4.715147        -4.706213        -4.696272        -4.679414
     -4.665634        -4.654603        -4.646780        -4.633013        -4.616548
     -4.603099        -4.594973        -4.579942        -4.565911        -4.547354
     -4.533931        -4.511196        -4.495702        -4.481566        -4.448694
     -4.424830        -4.414980        -4.381232        -4.367158        -4.353924
     -4.342341        -4.315165        -4.304766        -4.283154        -4.257360
     -4.251249        -4.217272        -4.209811        -4.199984        -4.180481
     -4.154461        -4.121113        -4.097140        -4.080413        -4.060083
     -4.005057        -3.975067        -3.935724        -3.927342        -3.907105
     -3.885551        -3.870541        -3.840665        -3.811313        -3.796702
     -3.775566        -3.766030        -3.736497        -3.709330        -3.678750
     -3.664257        -3.645681        -3.628110        -3.593763        -3.548169
     -3.513622        -3.488737        -3.455676        -3.438813        -3.370345
     -3.358153        -3.312877        -3.279248        -3.243008        -3.215890
     -3.178406        -3.110052        -3.085363        -3.036803        -3.014153
     -2.936279        -2.900608        -2.791550        -2.719274        -2.655640
     -2.559782        -2.429327        -2.356425        -2.278848        -2.183578
     -2.078519        -2.028047        -1.892695        -1.817655        -1.660467
     -1.547672        -1.379547        -1.177902        -1.048115        -0.338529
      1.804265         2.045126         2.168059         2.312620         2.387379
      2.469484         2.562397         2.759729         2.961312         3.174591
      3.289447         3.439708         3.601879         3.672341         3.785519
      3.839650         3.898607         3.948730         4.008189         4.044767
      4.117228         4.150812         4.172206         4.224805         4.274083
      4.291574         4.350018         4.382311         4.418905         4.450187
      4.467475         4.508372         4.574700         4.593654         4.611994
      4.639282         4.667883         4.703015         4.728253         4.740136
      4.804120         4.835503         4.874703         4.904558         4.943498
      4.978098         5.016891         5.044385         5.048052         5.098489
      5.131900         5.174829         5.201353         5.276028         5.341385
      5.406474         5.423357         5.491881
 *********************************
 sum eigen(dbl occ, ryd)=  -1633.79089491100     
 *********************************
 One SCF use:    81.1825621128082       s
 *********************************
 ****** kpt=           1
 err of each states, eV
  0.407133E+00     0.423710E+00     0.406990E+00     0.415221E+00     0.418628E+00
  0.209907E+00     0.205788E+00     0.200909E+00     0.208999E+00     0.186247E+00
  0.197968E+00     0.190888E+00     0.199029E+00     0.199407E+00     0.199835E+00
  0.206200E+00     0.177606E+00     0.201051E+00     0.200697E+00     0.192523E+00
  0.187749E+00     0.199527E+00     0.195993E+00     0.178678E+00     0.191221E+00
  0.169773E+00     0.200104E+00     0.197088E+00     0.180170E+00     0.191026E+00
  0.183601E+00     0.199946E+00     0.185304E+00     0.189483E+00     0.191739E+00
  0.182674E+00     0.165081E+00     0.201600E+00     0.171921E+00     0.193055E+00
  0.171558E+00     0.170757E+00     0.170303E+00     0.192700E+00     0.174287E+00
  0.173829E+00     0.188605E+00     0.164595E+00     0.196269E+00     0.194003E+00
  0.167994E+00     0.178081E+00     0.176648E+00     0.174478E+00     0.174111E+00
  0.189452E+00     0.189137E+00     0.164310E+00     0.166643E+00     0.164666E+00
  0.169305E+00     0.166238E+00     0.166829E+00     0.180021E+00     0.167905E+00
  0.161210E+00     0.161120E+00     0.168530E+00     0.171018E+00     0.169409E+00
  0.164405E+00     0.172810E+00     0.169624E+00     0.162352E+00     0.164485E+00
  0.166723E+00     0.160701E+00     0.174734E+00     0.174574E+00     0.168750E+00
  0.166861E+00     0.159845E+00     0.165967E+00     0.150073E+00     0.165039E+00
  0.144951E+00     0.166972E+00     0.157896E+00     0.169295E+00     0.155929E+00
  0.159041E+00     0.169563E+00     0.154529E+00     0.168754E+00     0.162537E+00
  0.172344E+00     0.168396E+00     0.160200E+00     0.145429E+00     0.165227E+00
  0.155239E+00     0.159594E+00     0.155457E+00     0.147634E+00     0.145664E+00
  0.166978E+00     0.151265E+00     0.169141E+00     0.165156E+00     0.157348E+00
  0.167958E+00     0.163714E+00     0.163451E+00     0.139562E+00     0.150139E+00
  0.157667E+00     0.160568E+00     0.153200E+00     0.147844E+00     0.142758E+00
  0.149883E+00     0.152980E+00     0.159776E+00     0.156873E+00     0.155917E+00
  0.152458E+00     0.152339E+00     0.150936E+00     0.151360E+00     0.156000E+00
  0.155692E+00     0.143468E+00     0.145785E+00     0.149105E+00     0.142100E+00
  0.140318E+00     0.164268E+00     0.146496E+00     0.148587E+00     0.146580E+00
  0.163644E+00     0.160252E+00     0.148422E+00     0.147424E+00     0.152880E+00
  0.143874E+00     0.151257E+00     0.144397E+00     0.142683E+00     0.144845E+00
  0.138567E+00     0.150620E+00     0.136703E+00     0.122355E+00     0.123214E+00
  0.121968E+00     0.151018E+00     0.153786E+00     0.158371E+00     0.119686E+00
  0.138664E+00     0.125221E+00     0.126510E+00     0.126720E+00     0.126603E+00
  0.117638E+00     0.137172E+00     0.129020E+00     0.131772E+00     0.130492E+00
  0.139297E+00     0.115169E+00     0.122486E+00     0.125178E+00     0.121146E+00
  0.125286E+00     0.126696E+00     0.132545E+00     0.112101E+00     0.137626E+00
  0.131001E+00     0.135655E+00     0.129451E+00     0.134136E+00     0.119223E+00
  0.120410E+00     0.129389E+00     0.137457E+00     0.134915E+00     0.128321E+00
  0.123314E+00     0.116980E+00     0.121647E+00     0.116246E+00     0.111077E+00
  0.193473E+00     0.194054E+00     0.211045E+00     0.196911E+00     0.199980E+00
  0.194766E+00     0.189875E+00     0.192961E+00     0.117615E+00     0.182982E+00
  0.196632E+00     0.117567E+00     0.110712E+00     0.119634E+00     0.116648E+00
  0.121860E+00     0.106653E+00     0.137119E+00     0.114375E+00     0.201598E+00
  0.218434E+00     0.223211E+00     0.226212E+00     0.225596E+00     0.224650E+00
  0.212357E+00     0.218125E+00     0.224475E+00     0.239037E+00     0.152480E+00
  0.214410E+00     0.211435E+00     0.203517E+00     0.215598E+00     0.213481E+00
  0.226968E+00     0.255495E+00     0.188395E+00     0.238749E+00     0.257705E+00
  0.244296E+00     0.247194E+00     0.198731E+00     0.230272E+00     0.236374E+00
  0.246392E+00     0.239801E+00     0.250892E+00     0.264453E+00     0.249834E+00
  0.263009E+00     0.209187E+00     0.227721E+00     0.248138E+00     0.234465E+00
  0.215150E+00     0.230065E+00     0.239844E+00     0.218942E+00     0.224049E+00
  0.234454E+00     0.257121E+00     0.216570E+00     0.256806E+00     0.244591E+00
  0.238975E+00     0.237362E+00     0.220336E+00     0.237668E+00     0.237336E+00
  0.245943E+00     0.258087E+00     0.228272E+00     0.240707E+00     0.245784E+00
  0.236010E+00     0.247016E+00     0.234006E+00     0.242567E+00     0.244803E+00
  0.210275E+00     0.214784E+00     0.214616E+00     0.205651E+00     0.217725E+00
  0.219830E+00     0.258988E+00     0.291205E+00     0.270572E+00     0.301947E+00
  0.196843E+00     0.271955E+00     0.246447E+00     0.298577E+00     0.280789E+00
  0.257672E+00     0.267331E+00     0.272455E+00     0.273526E+00     0.253844E+00
  0.218607E+00     0.261244E+00     0.278665E+00     0.268033E+00     0.289650E+00
  0.263978E+00     0.264837E+00     0.268662E+00     0.299288E+00     0.317198E+00
  0.266769E+00     0.269127E+00     0.294852E+00     0.291784E+00     0.289818E+00
  0.271808E+00     0.330759E+00     0.281366E+00     0.298678E+00     0.271286E+00
  0.296293E+00     0.283809E+00     0.307664E+00     0.274040E+00     0.271727E+00
  0.272620E+00     0.304062E+00     0.283486E+00     0.294534E+00     0.274452E+00
  0.237089E+00     0.294776E+00     0.278811E+00     0.305454E+00     0.264914E+00
  0.291091E+00     0.295744E+00     0.361711E+00     0.184756E+00     0.205925E+00
  0.204701E+00     0.222725E+00     0.367099E+00     0.327901E+00     0.339456E+00
  0.348946E+00     0.220266E+00     0.288390E+00     0.284808E+00     0.203321E+00
  0.275309E+00     0.239258E+00     0.347736E+00     0.209490E+00     0.316631E+00
  0.308930E+00     0.225562E+00     0.322071E+00     0.336235E+00     0.247017E+00
  0.297195E+00     0.322607E+00     0.320990E+00     0.278808E+00     0.342417E+00
  0.297328E+00     0.283358E+00     0.293488E+00     0.316930E+00     0.302127E+00
  0.288236E+00     0.283138E+00     0.279634E+00     0.226345E+00     0.297379E+00
  0.264336E+00     0.237799E+00     0.270729E+00     0.362793E+00     0.328335E+00
  0.308978E+00     0.379567E+00     0.258015E+00     0.239268E+00     0.272798E+00
  0.299299E+00     0.354307E+00     0.299147E+00     0.276229E+00     0.304560E+00
  0.335500E+00     0.270627E+00     0.315471E+00     0.315830E+00     0.340315E+00
  0.356096E+00     0.303056E+00     0.306556E+00     0.332683E+00     0.338328E+00
  0.306705E+00     0.341543E+00     0.324239E+00     0.316312E+00     0.307039E+00
  0.382147E+00     0.283550E+00     0.279410E+00     0.271262E+00     0.343579E+00
  0.286805E+00     0.276726E+00     0.281717E+00     0.295613E+00     0.327943E+00
  0.294321E+00     0.353258E+00     0.247335E+00     0.224999E+00     0.406591E+00
  0.378408E+00     0.328500E+00     0.360406E+00     0.300111E+00     0.254364E+00
  0.334035E+00     0.258093E+00     0.362541E+00     0.414553E+00     0.369151E+00
  0.348460E+00     0.313789E+00     0.317759E+00     0.329170E+00     0.365649E+00
  0.375164E+00     0.322805E+00     0.346315E+00     0.356060E+00     0.316020E+00
  0.336341E+00     0.378360E+00     0.309878E+00     0.352207E+00     0.311785E+00
  0.364190E+00     0.342199E+00     0.410675E+00     0.374991E+00     0.344175E+00
  0.348562E+00     0.361223E+00     0.316214E+00     0.421764E+00     0.414291E+00
  0.270354E+00     0.307654E+00     0.288452E+00     0.377549E+00     0.353890E+00
  0.369050E+00     0.381559E+00     0.356169E+00     0.387993E+00     0.372579E+00
  0.421281E+00     0.392521E+00     0.346873E+00     0.391852E+00     0.426768E+00
  0.352100E+00     0.314184E+00     0.406328E+00     0.380217E+00     0.416559E+00
  0.367856E+00     0.344098E+00     0.384592E+00     0.417093E+00     0.385939E+00
  0.432461E+00     0.359944E+00     0.299723E+00     0.301817E+00     0.306118E+00
  0.306052E+00     0.311498E+00     0.331361E+00     0.395442E+00     0.411540E+00
  0.388521E+00     0.396550E+00     0.338023E+00     0.387135E+00     0.399888E+00
  0.369054E+00     0.444819E+00     0.414423E+00     0.421606E+00     0.400722E+00
  0.445847E+00     0.371350E+00     0.461307E+00     0.408578E+00     0.395078E+00
  0.389253E+00     0.431999E+00     0.418500E+00     0.465738E+00     0.435527E+00
  0.378999E+00     0.294738E+00     0.328222E+00     0.296876E+00     0.388110E+00
  0.343879E+00     0.454966E+00     0.546292E+00     0.421105E+00     0.373611E+00
  0.429370E+00     0.424121E+00     0.428102E+00     0.338908E+00     0.331477E+00
  0.447608E+00     0.315464E+00     0.350873E+00     0.469123E+00     0.357359E+00
  0.304651E+00     0.299231E+00     0.455182E+00     0.302080E+00     0.443764E+00
  0.526443E+00     0.389688E+00     0.296605E+00     0.353194E+00     0.526071E+00
  0.464532E+00     0.391371E+00     0.431341E+00     0.405889E+00     0.484830E+00
  0.412203E+00     0.295589E+00     0.380178E+00     0.360829E+00     0.430103E+00
  0.345645E+00     0.358384E+00     0.407784E+00     0.521821E+00     0.547295E+00
  0.408008E+00     0.448708E+00     0.427107E+00     0.477010E+00     0.326222E+00
  0.421382E+00     0.473569E+00     0.433942E+00     0.467911E+00     0.342434E+00
  0.338056E+00     0.243985E+00     0.329122E+00     0.472026E+00     0.400512E+00
  0.342686E+00     0.462580E+00     0.461632E+00     0.331763E+00     0.411377E+00
  0.368620E+00     0.461666E+00     0.475704E+00     0.381362E+00     0.364541E+00
  0.318172E+00     0.448046E+00     0.350514E+00     0.470631E+00     0.323358E+00
  0.313892E+00     0.280855E+00     0.421265E+00     0.374350E+00     0.286705E+00
  0.459279E+00     0.379739E+00     0.529341E+00     0.375106E+00     0.440627E+00
  0.344982E+00     0.433156E+00     0.439290E+00     0.302820E+00     0.343207E+00
  0.378628E+00     0.387435E+00     0.360391E+00     0.381623E+00     0.231658E+00
  0.258251E+00     0.275392E+00     0.332975E+00     0.292613E+00     0.319037E+00
  0.331973E+00     0.280564E+00     0.361390E+00     0.393022E+00     0.339934E+00
  0.310879E+00     0.342530E+00     0.322339E+00     0.332224E+00     0.338428E+00
  0.317714E+00     0.347486E+00     0.299699E+00     0.344077E+00     0.277141E+00
  0.311141E+00     0.318232E+00     0.373648E+00     0.325348E+00     0.349474E+00
  0.374106E+00     0.383609E+00     0.367862E+00     0.355965E+00     0.401298E+00
  0.353579E+00     0.334951E+00     0.348049E+00     0.327935E+00     0.378716E+00
  0.370688E+00     0.371483E+00     0.387178E+00     0.347219E+00     0.395024E+00
  0.393935E+00     0.434517E+00     0.366681E+00     0.419209E+00     0.403267E+00
  0.349622E+00     0.377400E+00     0.381291E+00     0.415351E+00     0.373311E+00
  0.360954E+00     0.354478E+00     0.378770E+00     0.389756E+00     0.386564E+00
  0.364879E+00     0.390582E+00     0.395816E+00     0.410942E+00     0.387983E+00
  0.392146E+00     0.408425E+00     0.393202E+00     0.373595E+00     0.388190E+00
  0.411999E+00     0.406369E+00     0.390322E+00     0.393428E+00     0.408163E+00
  0.424397E+00     0.403425E+00     0.414492E+00     0.360436E+00     0.427515E+00
  0.408858E+00     0.386413E+00     0.398589E+00     0.402462E+00     0.404786E+00
  0.377987E+00     0.397409E+00     0.400290E+00     0.404772E+00     0.382114E+00
  0.408279E+00     0.405917E+00     0.430432E+00     0.397361E+00     0.425642E+00
  0.416989E+00     0.446505E+00     0.403428E+00     0.421031E+00     0.455916E+00
  0.439107E+00     0.387465E+00     0.419351E+00     0.428360E+00     0.409758E+00
  0.379590E+00     0.409512E+00     0.415682E+00     0.417750E+00     0.408711E+00
  0.394084E+00     0.383290E+00     0.396872E+00     0.414325E+00     0.407889E+00
  0.421589E+00     0.413316E+00     0.417853E+00     0.417212E+00     0.418665E+00
  0.400183E+00     0.433884E+00     0.418170E+00     0.386709E+00     0.448788E+00
  0.404096E+00     0.449550E+00     0.419007E+00     0.417165E+00     0.400643E+00
  0.409051E+00     0.449396E+00     0.422358E+00     0.426411E+00     0.426604E+00
  0.452895E+00     0.422021E+00     0.469933E+00     0.433440E+00     0.391425E+00
  0.433190E+00     0.414552E+00     0.383936E+00     0.416155E+00     0.428313E+00
  0.439893E+00     0.412946E+00     0.450202E+00     0.440957E+00     0.440628E+00
  0.434401E+00     0.432459E+00     0.452015E+00     0.462117E+00     0.443089E+00
  0.465432E+00     0.421251E+00     0.493892E+00     0.457032E+00     0.445151E+00
  0.407204E+00     0.479073E+00     0.464389E+00     0.456009E+00     0.463895E+00
  0.504475E+00     0.469295E+00     0.514622E+00     0.453259E+00     0.475080E+00
  0.500568E+00     0.502210E+00     0.494686E+00     0.498729E+00     0.448341E+00
  0.496851E+00     0.498089E+00     0.513973E+00     0.496225E+00     0.469812E+00
  0.530571E+00     0.502568E+00     0.493535E+00     0.504901E+00     0.511719E+00
  0.518064E+00     0.530925E+00     0.498119E+00     0.535728E+00     0.531959E+00
  0.490760E+00     0.503731E+00     0.510211E+00     0.534344E+00     0.536502E+00
  0.484210E+00     0.508674E+00     0.513520E+00     0.511579E+00     0.515351E+00
  0.492053E+00     0.515171E+00     0.473130E+00     0.539689E+00     0.522389E+00
  0.491042E+00     0.478229E+00     0.502134E+00     0.480243E+00     0.493775E+00
  0.494077E+00     0.508978E+00     0.514576E+00     0.540545E+00     0.492196E+00
  0.502552E+00     0.523993E+00     0.560936E+00     0.525887E+00     0.509368E+00
  0.538282E+00     0.541405E+00     0.531446E+00     0.493272E+00     0.554289E+00
  0.503297E+00     0.537630E+00     0.512352E+00     0.506083E+00     0.524700E+00
  0.588391E+00     0.518311E+00     0.538269E+00     0.595151E+00     0.566557E+00
  0.601106E+00     0.547159E+00     0.559492E+00     0.554744E+00     0.589034E+00
  0.551750E+00     0.565573E+00     0.632060E+00     0.608138E+00     0.594201E+00
  0.593466E+00     0.616065E+00     0.584382E+00     0.611656E+00     0.608182E+00
  0.655611E+00     0.622724E+00     0.644978E+00     0.614905E+00     0.551521E+00
  0.601143E+00     0.687808E+00     0.624401E+00     0.606731E+00     0.655541E+00
  0.665050E+00     0.626699E+00     0.658948E+00     0.696152E+00     0.702617E+00
  0.698958E+00     0.691543E+00     0.667090E+00     0.644265E+00     0.636110E+00
  0.725681E+00     0.681635E+00     0.657012E+00     0.705763E+00     0.725748E+00
  0.717604E+00     0.707381E+00     0.713589E+00     0.725570E+00     0.682515E+00
  0.720828E+00     0.704802E+00     0.702290E+00     0.725425E+00     0.659098E+00
  0.719761E+00     0.745175E+00     0.761976E+00     0.771037E+00     0.791147E+00
  0.794684E+00     0.851989E+00     0.837913E+00     0.863849E+00     0.870416E+00
  0.880688E+00     0.849680E+00     0.865453E+00     0.957295E+00     0.910873E+00
  0.919103E+00     0.839017E+00     0.929043E+00     0.912726E+00     0.890899E+00
  0.924924E+00     0.894208E+00     0.997587E+00     0.890507E+00     0.910069E+00
  0.988956E+00     0.986079E+00     0.988499E+00     0.931712E+00     0.110557E+01
  0.102545E+01     0.101430E+01     0.115602E+01     0.100379E+01     0.103853E+01
  0.104752E+01     0.997297E+00     0.106211E+01     0.110055E+01     0.102147E+01
  0.102774E+01     0.109416E+01     0.115170E+01     0.921326E+00     0.114545E+01
  0.105780E+01     0.114621E+01     0.106507E+01     0.102005E+01     0.100205E+01
  0.114625E+01     0.104958E+01     0.112369E+01     0.109056E+01     0.118366E+01
  0.111394E+01     0.127638E+01     0.129165E+01     0.132849E+01     0.124701E+01
  0.135480E+01     0.141974E+01     0.133500E+01     0.135963E+01     0.124276E+01
  0.144678E+01     0.127076E+01     0.149244E+01     0.149774E+01     0.148520E+01
  0.152803E+01     0.167551E+01     0.169360E+01     0.188886E+01     0.194594E+01
  0.180930E+01     0.204153E+01     0.205548E+01     0.207764E+01     0.213792E+01
  0.226777E+01     0.231284E+01     0.239787E+01     0.236769E+01     0.254519E+01
  0.260166E+01     0.269293E+01     0.292199E+01     0.323352E+01     0.402143E+01
  0.195324E+01     0.163192E+01     0.172264E+01     0.193814E+01     0.208898E+01
  0.228749E+01     0.242694E+01     0.300322E+01     0.279106E+01     0.244304E+01
  0.292244E+01     0.183370E+01     0.182521E+01     0.169128E+01     0.171518E+01
  0.174154E+01     0.154460E+01     0.192588E+01     0.178880E+01     0.174849E+01
  0.171297E+01     0.175337E+01     0.174699E+01     0.179331E+01     0.175362E+01
  0.197752E+01     0.172957E+01     0.181305E+01     0.169027E+01     0.180603E+01
  0.194527E+01     0.188637E+01     0.171109E+01     0.169449E+01     0.198620E+01
  0.193744E+01     0.196961E+01     0.236183E+01     0.185986E+01     0.185143E+01
  0.196842E+01     0.209112E+01     0.215975E+01     0.196283E+01     0.233934E+01
  0.207607E+01     0.217713E+01     0.205841E+01     0.230049E+01     0.237570E+01
  0.227584E+01     0.229629E+01     0.265243E+01     0.234844E+01     0.253149E+01
  0.264673E+01     0.262499E+01     0.252877E+01
 eigen energies, in ev
    -46.463648       -46.308255       -46.141200       -45.701167       -45.647720
    -28.036766       -27.971230       -27.724050       -27.673658       -27.654485
    -27.614844       -27.606178       -27.586807       -27.544178       -27.500701
    -27.448112       -27.439587       -27.410927       -27.389968       -27.371576
    -27.366203       -27.340822       -27.328942       -27.274949       -27.272359
    -27.222472       -27.190094       -27.175703       -27.157156       -27.156989
    -27.152717       -27.136478       -27.119648       -27.115872       -27.091050
    -27.055770       -27.030404       -26.982343       -26.978308       -26.959980
    -26.949752       -26.933715       -26.910053       -26.878582       -26.869398
    -26.862325       -26.828340       -26.820239       -26.769507       -26.751722
    -26.724702       -26.706451       -26.698438       -26.673353       -26.663440
    -26.639573       -26.637348       -26.602289       -26.584269       -26.535652
    -26.534865       -26.457029       -26.422203       -26.411281       -26.401913
    -26.380280       -26.363408       -26.344837       -26.321757       -26.302460
    -26.292351       -26.272737       -26.220590       -26.213300       -26.211389
    -26.132380       -26.119583       -26.075645       -26.058117       -26.044698
    -26.024216       -26.019833       -26.003576       -25.990074       -25.954770
    -25.944762       -25.944505       -25.922978       -25.860397       -25.852426
    -25.797073       -25.796829       -25.790307       -25.782146       -25.777143
    -25.765105       -25.722137       -25.710560       -25.702969       -25.702221
    -25.686522       -25.657506       -25.649095       -25.627103       -25.604175
    -25.574327       -25.561192       -25.560089       -25.555028       -25.549817
    -25.510013       -25.494927       -25.489110       -25.456865       -25.456706
    -25.452808       -25.437681       -25.397322       -25.388140       -25.330285
    -25.324646       -25.312309       -25.297325       -25.282411       -25.266865
    -25.215116       -25.197630       -25.167360       -25.147324       -25.147161
    -25.136747       -25.127408       -25.118235       -25.088721       -25.065720
    -25.048564       -25.018731       -25.012444       -24.992491       -24.975633
    -24.970756       -24.948485       -24.926060       -24.872598       -24.840491
    -24.835605       -24.807369       -24.784468       -24.756680       -24.707165
    -24.593438       -24.567923       -24.506391       -24.369135       -24.292832
    -24.238967       -24.134509       -24.074744       -23.941032       -23.907287
    -23.903595       -23.888996       -23.845936       -23.830637       -23.801810
    -23.739240       -23.722780       -23.715862       -23.709091       -23.706394
    -23.685111       -23.681409       -23.675618       -23.666051       -23.606616
    -23.539326       -23.477474       -23.473308       -23.351140       -23.312782
    -23.241497       -23.193391       -23.141763       -23.118836       -23.003897
    -23.003441       -22.824691       -22.620310       -22.583633       -22.408087
    -20.306431       -19.799622       -19.485049       -19.463190       -19.298134
    -18.756603       -18.611248       -18.461655       -18.412707       -18.183223
    -18.091497       -18.090302       -18.069386       -17.917158       -17.834823
    -17.543594       -17.474444       -17.450390       -17.369229       -17.284606
    -17.105409       -17.020633       -16.825148       -16.819518       -16.779159
    -16.754455       -16.684830       -16.668221       -16.632328       -16.566285
    -16.510314       -16.450877       -16.344690       -16.277308       -16.266964
    -16.255723       -16.172954       -16.115857       -16.031952       -15.789494
    -15.066660       -14.982525       -14.828890       -14.798484       -14.767913
    -14.751667       -14.638214       -14.584205       -14.558827       -14.544328
    -14.529531       -14.506661       -14.418425       -14.351498       -14.306621
    -14.305508       -14.280957       -14.269890       -14.253050       -14.245417
    -14.222272       -14.198220       -14.135093       -14.123485       -14.116510
    -13.975706       -13.969923       -13.955946       -13.887018       -13.860617
    -13.843413       -13.788993       -13.687015       -13.645853       -13.641998
    -13.618695       -13.608842       -13.538521       -13.525849       -13.413999
    -13.399233       -13.397519       -13.380259       -13.215638       -13.186247
    -12.921926       -12.658523       -12.629501       -12.578530       -12.492300
    -12.471837       -12.408111       -12.366823       -12.315736       -12.279668
    -12.240918       -12.234328       -12.136982       -12.116293       -12.105201
    -12.084288       -12.068951       -12.050933       -12.040185       -11.988226
    -11.967226       -11.909623       -11.887025       -11.874561       -11.826745
    -11.816615       -11.799653       -11.795074       -11.782937       -11.772433
    -11.740690       -11.635530       -11.622836       -11.614508       -11.588140
    -11.495553       -11.491031       -11.402257       -11.396214       -11.386532
    -11.366674       -11.341738       -11.303858       -11.283779       -11.263399
    -11.258440       -11.254760       -11.244367       -11.226912       -11.174358
    -11.150085       -11.136832       -11.080366       -11.046425       -10.996412
    -10.980055       -10.933611       -10.915915       -10.805235       -10.782589
    -10.732918       -10.715836       -10.706896       -10.679639       -10.665117
    -10.656171       -10.618501       -10.594302       -10.576178       -10.563638
    -10.546530       -10.526618       -10.506915       -10.455801       -10.451842
    -10.442493       -10.423802       -10.407723       -10.394968       -10.381422
    -10.369997       -10.364127       -10.346816       -10.334205       -10.318586
    -10.286853       -10.276952       -10.261610       -10.250130       -10.247237
    -10.241797       -10.235484       -10.221627       -10.202419       -10.199725
    -10.168244       -10.159439       -10.156251       -10.127045       -10.118141
    -10.103451       -10.094032       -10.063674       -10.051942       -10.042369
    -10.033662       -10.024547       -10.008314        -9.993654        -9.990698
     -9.982181        -9.975008        -9.972281        -9.968304        -9.959913
     -9.954957        -9.941629        -9.929658        -9.919315        -9.918187
     -9.910922        -9.905400        -9.891563        -9.885096        -9.873573
     -9.868588        -9.846198        -9.844067        -9.822758        -9.812777
     -9.792477        -9.786783        -9.766835        -9.762216        -9.760434
     -9.752897        -9.734412        -9.719393        -9.693416        -9.687512
     -9.676502        -9.663995        -9.656120        -9.639737        -9.633448
     -9.631145        -9.617736        -9.606615        -9.600408        -9.586884
     -9.569151        -9.556556        -9.546366        -9.543089        -9.537278
     -9.528254        -9.521191        -9.518609        -9.506457        -9.482447
     -9.467634        -9.465454        -9.450408        -9.444928        -9.429346
     -9.426979        -9.416555        -9.409385        -9.399371        -9.383996
     -9.367112        -9.353348        -9.339201        -9.331483        -9.320539
     -9.295135        -9.287083        -9.270347        -9.252326        -9.245664
     -9.232593        -9.224779        -9.210296        -9.206548        -9.198192
     -9.188541        -9.171917        -9.156727        -9.155480        -9.143802
     -9.115289        -9.111791        -9.108947        -9.096753        -9.085852
     -9.080236        -9.066782        -9.055167        -9.051503        -9.043335
     -9.039224        -9.015422        -8.996183        -8.989050        -8.982974
     -8.979084        -8.965473        -8.961130        -8.947043        -8.939454
     -8.924796        -8.919687        -8.910555        -8.896223        -8.891606
     -8.886325        -8.883738        -8.881427        -8.874289        -8.865836
     -8.860543        -8.830495        -8.822126        -8.808321        -8.806656
     -8.794164        -8.781145        -8.776086        -8.769434        -8.753819
     -8.728966        -8.715148        -8.713017        -8.711926        -8.702280
     -8.699442        -8.679015        -8.666058        -8.651607        -8.631634
     -8.626661        -8.608692        -8.606301        -8.582438        -8.573055
     -8.564361        -8.556552        -8.541568        -8.533125        -8.517359
     -8.504026        -8.499330        -8.489300        -8.487962        -8.472750
     -8.450530        -8.439062        -8.429574        -8.412725        -8.408103
     -8.390120        -8.375049        -8.372460        -8.358443        -8.341659
     -8.307681        -8.287149        -8.275687        -8.270111        -8.250106
     -8.242143        -8.236063        -8.231109        -8.215402        -8.212074
     -8.198844        -8.179306        -8.175241        -8.157575        -8.122110
     -8.117607        -8.112773        -8.106985        -8.076115        -8.056922
     -8.024097        -8.014129        -8.012635        -8.005527        -7.994948
     -7.988535        -7.982337        -7.960312        -7.931901        -7.927086
     -7.908737        -7.902247        -7.897955        -7.873101        -7.855162
     -7.846270        -7.829456        -7.826586        -7.807424        -7.795144
     -7.774208        -7.735821        -7.731528        -7.705894        -7.693013
     -7.673396        -7.644685        -7.635227        -7.609734        -7.593626
     -7.575934        -7.557342        -7.547265        -7.513718        -7.510953
     -7.495061        -7.484050        -7.477239        -7.448352        -7.425708
     -7.349269        -7.339906        -7.330351        -7.315829        -7.279091
     -7.248393        -7.226590        -7.224415        -7.222873        -7.196814
     -7.186264        -7.168085        -7.159533        -7.143912        -7.140466
     -7.129296        -7.127693        -7.112226        -7.094521        -7.061763
     -7.053307        -7.043286        -7.040495        -7.011811        -6.983719
     -6.971308        -6.962471        -6.915083        -6.911335        -6.905578
     -6.881858        -6.870365        -6.866640        -6.853444        -6.839512
     -6.824262        -6.813218        -6.811511        -6.786264        -6.775183
     -6.750726        -6.735021        -6.710179        -6.700692        -6.669898
     -6.648384        -6.642199        -6.622553        -6.614435        -6.595850
     -6.579368        -6.573396        -6.567462        -6.549357        -6.546474
     -6.536771        -6.533486        -6.530296        -6.515550        -6.493910
     -6.487818        -6.475252        -6.470680        -6.454107        -6.432491
     -6.422768        -6.419641        -6.403992        -6.399891        -6.394285
     -6.379850        -6.372971        -6.358553        -6.347555        -6.340009
     -6.322652        -6.316843        -6.314001        -6.312002        -6.294950
     -6.284097        -6.275664        -6.268271        -6.264372        -6.249262
     -6.243719        -6.233762        -6.231958        -6.220259        -6.219143
     -6.213829        -6.193463        -6.184504        -6.173185        -6.164821
     -6.142974        -6.128233        -6.119028        -6.114463        -6.101386
     -6.091000        -6.088338        -6.074156        -6.071512        -6.054763
     -6.048534        -6.038550        -6.033100        -6.028344        -6.021000
     -6.020361        -6.009602        -6.002638        -6.000716        -5.989723
     -5.985849        -5.976270        -5.968769        -5.960304        -5.954286
     -5.949155        -5.945689        -5.929569        -5.924455        -5.920475
     -5.900653        -5.896532        -5.891096        -5.885014        -5.880624
     -5.875495        -5.873985        -5.861947        -5.852201        -5.843369
     -5.824772        -5.819050        -5.805744        -5.804273        -5.793594
     -5.790429        -5.781463        -5.774326        -5.769566        -5.765541
     -5.758279        -5.753658        -5.745049        -5.741903        -5.739400
     -5.728010        -5.726294        -5.714992        -5.706657        -5.699381
     -5.692844        -5.688346        -5.681799        -5.670807        -5.667589
     -5.665619        -5.658363        -5.653742        -5.646362        -5.643154
     -5.641545        -5.629257        -5.626758        -5.620207        -5.617331
     -5.608273        -5.606309        -5.601707        -5.584993        -5.582477
     -5.573228        -5.570281        -5.568802        -5.555826        -5.549954
     -5.541454        -5.535903        -5.534587        -5.529234        -5.523088
     -5.515599        -5.510235        -5.495894        -5.481072        -5.477398
     -5.470903        -5.463624        -5.459489        -5.447501        -5.444912
     -5.441013        -5.434966        -5.422074        -5.413847        -5.407306
     -5.399681        -5.392572        -5.391105        -5.388657        -5.381576
     -5.374088        -5.362533        -5.353123        -5.349880        -5.342801
     -5.339471        -5.336673        -5.332263        -5.327700        -5.325216
     -5.311460        -5.305284        -5.299828        -5.293877        -5.290850
     -5.287002        -5.280585        -5.274287        -5.271069        -5.264845
     -5.257953        -5.254779        -5.252965        -5.246933        -5.236059
     -5.234591        -5.224588        -5.220932        -5.214646        -5.208449
     -5.206148        -5.198301        -5.194242        -5.188543        -5.186679
     -5.178578        -5.174499        -5.169147        -5.165186        -5.162293
     -5.157511        -5.151898        -5.142536        -5.139907        -5.136243
     -5.129876        -5.127581        -5.122044        -5.119490        -5.106227
     -5.094215        -5.086119        -5.076585        -5.069467        -5.065315
     -5.053149        -5.051316        -5.040507        -5.038744        -5.027204
     -5.019319        -5.013483        -5.006668        -5.001168        -4.995253
     -4.983871        -4.972733        -4.965020        -4.956933        -4.941171
     -4.938480        -4.928217        -4.924615        -4.921984        -4.901670
     -4.895271        -4.872269        -4.868548        -4.861806        -4.860024
     -4.852211        -4.850445        -4.846081        -4.823011        -4.818584
     -4.809759        -4.796608        -4.795594        -4.786717        -4.780516
     -4.774019        -4.769861        -4.753859        -4.751983        -4.745500
     -4.739829        -4.731259        -4.718247        -4.713161        -4.693289
     -4.671441        -4.641857        -4.619887        -4.606568        -4.598100
     -4.586193        -4.563826        -4.553776        -4.535053        -4.521827
     -4.512609        -4.496193        -4.485982        -4.455892        -4.429423
     -4.415572        -4.400955        -4.388289        -4.363090        -4.360530
     -4.344866        -4.340612        -4.314656        -4.149019        -4.120952
     -4.112616        -4.106291        -4.090421        -4.021254        -4.006064
     -3.968879        -3.951171        -3.943457        -3.936324        -3.930903
     -3.906649        -3.893906        -3.871598        -3.865569        -3.858304
     -3.833426        -3.821395        -3.802320        -3.778195        -3.765718
     -3.669253        -3.654636        -3.611871        -3.604029        -3.558545
     -3.538638        -3.480968        -3.441788        -3.438511        -3.390562
     -3.365199        -3.348736        -3.329229        -3.322533        -3.287580
     -3.205396        -3.181720        -3.134795        -2.822546        -2.806393
      0.673957         0.948712         1.093289         1.128482         1.153884
      1.216274         1.245619         1.388889         1.582942         1.877853
      2.036868         2.397517         2.563378         2.652961         2.738554
      2.833469         2.954382         3.018016         3.056224         3.151339
      3.255262         3.281397         3.302273         3.365355         3.402264
      3.430509         3.481043         3.524746         3.586204         3.663086
      3.674405         3.697145         3.717402         3.740053         3.804784
      3.831106         3.846537         3.888701         3.914316         3.940394
      3.973165         4.006735         4.060256         4.077095         4.116418
      4.161669         4.181497         4.223911         4.238846         4.295681
      4.316033         4.370351         4.409214         4.463854         4.491154
      4.564948         4.586871         4.640876
 *********************************
 sum eigen(dbl occ, ryd)=  -1655.52041341265     
 *********************************
 One SCF use:    81.1685409545898       s
 *********************************
 ****** kpt=           1
 err of each states, eV
  0.627541E-01     0.650763E-01     0.627141E-01     0.617458E-01     0.638880E-01
  0.329734E-01     0.320363E-01     0.315293E-01     0.328531E-01     0.306514E-01
  0.316239E-01     0.304393E-01     0.307284E-01     0.314650E-01     0.309412E-01
  0.318771E-01     0.330178E-01     0.314238E-01     0.314950E-01     0.315467E-01
  0.302274E-01     0.316430E-01     0.310136E-01     0.272790E-01     0.305078E-01
  0.295296E-01     0.300569E-01     0.319104E-01     0.315150E-01     0.293324E-01
  0.301531E-01     0.340428E-01     0.308565E-01     0.319782E-01     0.298557E-01
  0.318248E-01     0.298626E-01     0.307721E-01     0.305317E-01     0.298944E-01
  0.316099E-01     0.319712E-01     0.307911E-01     0.307352E-01     0.315099E-01
  0.261764E-01     0.294496E-01     0.309324E-01     0.324081E-01     0.304174E-01
  0.314273E-01     0.303877E-01     0.301882E-01     0.307402E-01     0.311653E-01
  0.318014E-01     0.300015E-01     0.326417E-01     0.263785E-01     0.301386E-01
  0.280462E-01     0.305352E-01     0.294201E-01     0.294404E-01     0.303257E-01
  0.292202E-01     0.306670E-01     0.306755E-01     0.286717E-01     0.303744E-01
  0.284806E-01     0.282207E-01     0.291153E-01     0.324267E-01     0.280927E-01
  0.302642E-01     0.305255E-01     0.289648E-01     0.297811E-01     0.287029E-01
  0.278263E-01     0.306298E-01     0.320029E-01     0.279062E-01     0.318692E-01
  0.285970E-01     0.317446E-01     0.285086E-01     0.266796E-01     0.289456E-01
  0.298728E-01     0.280120E-01     0.316654E-01     0.286021E-01     0.306249E-01
  0.336107E-01     0.263830E-01     0.288738E-01     0.279013E-01     0.302461E-01
  0.290445E-01     0.303931E-01     0.314339E-01     0.273847E-01     0.214426E-01
  0.312855E-01     0.279701E-01     0.293491E-01     0.301128E-01     0.298903E-01
  0.270437E-01     0.279185E-01     0.324496E-01     0.289926E-01     0.258371E-01
  0.294685E-01     0.317502E-01     0.232427E-01     0.276859E-01     0.269531E-01
  0.276520E-01     0.280711E-01     0.292797E-01     0.287419E-01     0.284056E-01
  0.285308E-01     0.277522E-01     0.285118E-01     0.283423E-01     0.287424E-01
  0.283534E-01     0.270862E-01     0.267404E-01     0.280360E-01     0.261663E-01
  0.252725E-01     0.288260E-01     0.260744E-01     0.261199E-01     0.269866E-01
  0.298290E-01     0.291239E-01     0.245879E-01     0.262088E-01     0.281390E-01
  0.268483E-01     0.231632E-01     0.238462E-01     0.287469E-01     0.220049E-01
  0.252584E-01     0.248139E-01     0.210594E-01     0.218115E-01     0.234084E-01
  0.216505E-01     0.267879E-01     0.270887E-01     0.246992E-01     0.225728E-01
  0.215650E-01     0.220843E-01     0.211081E-01     0.218252E-01     0.229973E-01
  0.196399E-01     0.238812E-01     0.230174E-01     0.233828E-01     0.230883E-01
  0.231727E-01     0.201903E-01     0.217317E-01     0.219077E-01     0.225710E-01
  0.221698E-01     0.223118E-01     0.213544E-01     0.190583E-01     0.234053E-01
  0.208235E-01     0.224374E-01     0.233248E-01     0.217225E-01     0.208672E-01
  0.207326E-01     0.216828E-01     0.211603E-01     0.223421E-01     0.209190E-01
  0.233684E-01     0.202250E-01     0.225068E-01     0.223759E-01     0.197579E-01
  0.362009E-01     0.361837E-01     0.399278E-01     0.359285E-01     0.381341E-01
  0.370243E-01     0.353880E-01     0.361396E-01     0.191488E-01     0.337535E-01
  0.368284E-01     0.200243E-01     0.181238E-01     0.199516E-01     0.195213E-01
  0.206932E-01     0.173539E-01     0.221606E-01     0.191965E-01     0.413576E-01
  0.435628E-01     0.461395E-01     0.457527E-01     0.455674E-01     0.458547E-01
  0.414211E-01     0.432983E-01     0.443238E-01     0.469908E-01     0.314854E-01
  0.390969E-01     0.428877E-01     0.387276E-01     0.412130E-01     0.413263E-01
  0.414360E-01     0.459886E-01     0.381545E-01     0.491245E-01     0.490767E-01
  0.483458E-01     0.468653E-01     0.397543E-01     0.420946E-01     0.425991E-01
  0.463406E-01     0.473098E-01     0.457755E-01     0.455687E-01     0.448563E-01
  0.517887E-01     0.414832E-01     0.460397E-01     0.438711E-01     0.481937E-01
  0.406256E-01     0.412950E-01     0.434598E-01     0.450016E-01     0.414068E-01
  0.459172E-01     0.465250E-01     0.416541E-01     0.510438E-01     0.477187E-01
  0.421711E-01     0.471739E-01     0.433306E-01     0.418398E-01     0.421622E-01
  0.458270E-01     0.463715E-01     0.416579E-01     0.445617E-01     0.441471E-01
  0.410806E-01     0.433765E-01     0.416610E-01     0.424912E-01     0.419740E-01
  0.369339E-01     0.387585E-01     0.379815E-01     0.400289E-01     0.391692E-01
  0.414973E-01     0.471185E-01     0.495225E-01     0.461956E-01     0.516065E-01
  0.388507E-01     0.494888E-01     0.468331E-01     0.498968E-01     0.479302E-01
  0.452554E-01     0.487339E-01     0.475562E-01     0.494911E-01     0.452137E-01
  0.406306E-01     0.465414E-01     0.481641E-01     0.468042E-01     0.496758E-01
  0.465930E-01     0.466813E-01     0.471340E-01     0.499100E-01     0.580453E-01
  0.466549E-01     0.460899E-01     0.570447E-01     0.472803E-01     0.497524E-01
  0.597813E-01     0.457587E-01     0.516954E-01     0.500600E-01     0.455594E-01
  0.498497E-01     0.470631E-01     0.568623E-01     0.470608E-01     0.483501E-01
  0.548190E-01     0.474444E-01     0.465203E-01     0.535243E-01     0.506654E-01
  0.419708E-01     0.501989E-01     0.471609E-01     0.549231E-01     0.474488E-01
  0.483829E-01     0.516465E-01     0.574653E-01     0.356082E-01     0.389683E-01
  0.407384E-01     0.584302E-01     0.406120E-01     0.591963E-01     0.571944E-01
  0.571805E-01     0.414122E-01     0.529570E-01     0.544616E-01     0.364200E-01
  0.519849E-01     0.470409E-01     0.590211E-01     0.658895E-01     0.491687E-01
  0.414911E-01     0.420896E-01     0.620108E-01     0.581292E-01     0.515334E-01
  0.633162E-01     0.549553E-01     0.504551E-01     0.495689E-01     0.616859E-01
  0.576474E-01     0.563789E-01     0.635459E-01     0.513289E-01     0.538197E-01
  0.495010E-01     0.539605E-01     0.540180E-01     0.508888E-01     0.491406E-01
  0.526103E-01     0.451047E-01     0.538546E-01     0.628332E-01     0.601491E-01
  0.539479E-01     0.669605E-01     0.483234E-01     0.530017E-01     0.516772E-01
  0.542841E-01     0.633931E-01     0.568991E-01     0.540002E-01     0.606577E-01
  0.604152E-01     0.644753E-01     0.540281E-01     0.571833E-01     0.621131E-01
  0.521622E-01     0.577150E-01     0.597672E-01     0.635739E-01     0.620935E-01
  0.572502E-01     0.648484E-01     0.584002E-01     0.602586E-01     0.695840E-01
  0.503515E-01     0.550876E-01     0.611377E-01     0.617790E-01     0.476471E-01
  0.537367E-01     0.563321E-01     0.617739E-01     0.633912E-01     0.605521E-01
  0.476596E-01     0.598669E-01     0.508133E-01     0.672326E-01     0.471217E-01
  0.671627E-01     0.697165E-01     0.665680E-01     0.590720E-01     0.675140E-01
  0.505871E-01     0.586508E-01     0.676152E-01     0.742540E-01     0.763262E-01
  0.738702E-01     0.742578E-01     0.654125E-01     0.608362E-01     0.574663E-01
  0.682061E-01     0.565977E-01     0.731477E-01     0.411930E-01     0.674310E-01
  0.772404E-01     0.609963E-01     0.675503E-01     0.593753E-01     0.673864E-01
  0.715962E-01     0.554194E-01     0.718223E-01     0.661041E-01     0.650982E-01
  0.691833E-01     0.669231E-01     0.588069E-01     0.768071E-01     0.748548E-01
  0.665315E-01     0.462526E-01     0.614287E-01     0.760534E-01     0.630465E-01
  0.661671E-01     0.712808E-01     0.675988E-01     0.779040E-01     0.706787E-01
  0.727737E-01     0.794427E-01     0.707888E-01     0.764932E-01     0.689308E-01
  0.664713E-01     0.781261E-01     0.806269E-01     0.731697E-01     0.630756E-01
  0.592609E-01     0.626333E-01     0.795596E-01     0.693721E-01     0.785245E-01
  0.659708E-01     0.620116E-01     0.729180E-01     0.531446E-01     0.682346E-01
  0.660239E-01     0.705506E-01     0.662577E-01     0.702209E-01     0.713564E-01
  0.662267E-01     0.790350E-01     0.841406E-01     0.635596E-01     0.820540E-01
  0.738781E-01     0.705158E-01     0.731540E-01     0.773586E-01     0.682521E-01
  0.762454E-01     0.888311E-01     0.630512E-01     0.754940E-01     0.730758E-01
  0.750614E-01     0.836978E-01     0.800040E-01     0.837073E-01     0.841122E-01
  0.751191E-01     0.898624E-01     0.762292E-01     0.649739E-01     0.670837E-01
  0.657573E-01     0.715229E-01     0.521622E-01     0.660378E-01     0.619571E-01
  0.854208E-01     0.772293E-01     0.749625E-01     0.898335E-01     0.734985E-01
  0.799865E-01     0.822672E-01     0.592298E-01     0.428143E-01     0.619159E-01
  0.104462E+00     0.667416E-01     0.590982E-01     0.827849E-01     0.882040E-01
  0.549291E-01     0.669598E-01     0.945325E-01     0.718512E-01     0.552984E-01
  0.752313E-01     0.653271E-01     0.753967E-01     0.911289E-01     0.659295E-01
  0.794360E-01     0.783598E-01     0.665613E-01     0.644172E-01     0.900353E-01
  0.888403E-01     0.905623E-01     0.101472E+00     0.580101E-01     0.732755E-01
  0.663481E-01     0.855603E-01     0.522479E-01     0.539959E-01     0.747230E-01
  0.842290E-01     0.737465E-01     0.924276E-01     0.708879E-01     0.866956E-01
  0.609838E-01     0.680597E-01     0.573729E-01     0.698547E-01     0.675834E-01
  0.782875E-01     0.746411E-01     0.583891E-01     0.679338E-01     0.644435E-01
  0.833798E-01     0.749341E-01     0.821096E-01     0.716692E-01     0.789123E-01
  0.839792E-01     0.583658E-01     0.792062E-01     0.496761E-01     0.587462E-01
  0.552839E-01     0.881164E-01     0.572002E-01     0.526329E-01     0.103132E+00
  0.490411E-01     0.655559E-01     0.986166E-01     0.936772E-01     0.691967E-01
  0.713430E-01     0.487461E-01     0.814138E-01     0.630985E-01     0.706926E-01
  0.810824E-01     0.685106E-01     0.621514E-01     0.712448E-01     0.477958E-01
  0.621607E-01     0.713542E-01     0.579075E-01     0.495464E-01     0.673602E-01
  0.721278E-01     0.795485E-01     0.629265E-01     0.641246E-01     0.691570E-01
  0.623756E-01     0.703722E-01     0.728112E-01     0.618827E-01     0.711699E-01
  0.657091E-01     0.718426E-01     0.576942E-01     0.694063E-01     0.570559E-01
  0.638818E-01     0.625599E-01     0.781404E-01     0.680578E-01     0.687811E-01
  0.834486E-01     0.768105E-01     0.819419E-01     0.814134E-01     0.708534E-01
  0.802345E-01     0.650576E-01     0.599545E-01     0.837321E-01     0.672111E-01
  0.772016E-01     0.748372E-01     0.788649E-01     0.786547E-01     0.730771E-01
  0.825946E-01     0.941550E-01     0.757379E-01     0.881363E-01     0.815227E-01
  0.759068E-01     0.822398E-01     0.876784E-01     0.893323E-01     0.808372E-01
  0.674864E-01     0.761647E-01     0.798168E-01     0.805509E-01     0.754679E-01
  0.797545E-01     0.873398E-01     0.808781E-01     0.851574E-01     0.786280E-01
  0.889134E-01     0.848467E-01     0.819686E-01     0.800011E-01     0.839881E-01
  0.935593E-01     0.877974E-01     0.827252E-01     0.104151E+00     0.873557E-01
  0.838075E-01     0.922903E-01     0.862943E-01     0.956207E-01     0.840478E-01
  0.892153E-01     0.100289E+00     0.910375E-01     0.867372E-01     0.839735E-01
  0.915670E-01     0.985141E-01     0.873772E-01     0.824693E-01     0.877862E-01
  0.964837E-01     0.974171E-01     0.104175E+00     0.941700E-01     0.985153E-01
  0.102558E+00     0.922787E-01     0.104737E+00     0.963732E-01     0.962019E-01
  0.950049E-01     0.965134E-01     0.899057E-01     0.978278E-01     0.937253E-01
  0.111923E+00     0.973009E-01     0.987986E-01     0.840892E-01     0.980262E-01
  0.916131E-01     0.894903E-01     0.925416E-01     0.938506E-01     0.874662E-01
  0.909510E-01     0.935852E-01     0.991194E-01     0.997328E-01     0.988192E-01
  0.106744E+00     0.986433E-01     0.985921E-01     0.111437E+00     0.100675E+00
  0.106285E+00     0.899435E-01     0.975754E-01     0.964433E-01     0.100984E+00
  0.105880E+00     0.104292E+00     0.103735E+00     0.104177E+00     0.100324E+00
  0.120002E+00     0.105556E+00     0.992557E-01     0.992916E-01     0.132162E+00
  0.105235E+00     0.108222E+00     0.101313E+00     0.101126E+00     0.916767E-01
  0.111558E+00     0.108548E+00     0.118377E+00     0.110168E+00     0.107684E+00
  0.122846E+00     0.101108E+00     0.117303E+00     0.125877E+00     0.115010E+00
  0.104213E+00     0.103838E+00     0.113078E+00     0.109257E+00     0.114432E+00
  0.121618E+00     0.111954E+00     0.110650E+00     0.108907E+00     0.117772E+00
  0.132936E+00     0.125344E+00     0.104675E+00     0.129374E+00     0.127198E+00
  0.114208E+00     0.111832E+00     0.127159E+00     0.139830E+00     0.116869E+00
  0.125907E+00     0.132672E+00     0.139991E+00     0.100870E+00     0.123264E+00
  0.121657E+00     0.139387E+00     0.123466E+00     0.124902E+00     0.149081E+00
  0.124955E+00     0.125674E+00     0.123580E+00     0.132775E+00     0.129113E+00
  0.140461E+00     0.130560E+00     0.134731E+00     0.132864E+00     0.131629E+00
  0.140370E+00     0.127253E+00     0.142311E+00     0.129984E+00     0.121512E+00
  0.144870E+00     0.135222E+00     0.120530E+00     0.142765E+00     0.139054E+00
  0.130926E+00     0.128528E+00     0.142995E+00     0.131832E+00     0.119510E+00
  0.144746E+00     0.130280E+00     0.128727E+00     0.135812E+00     0.131243E+00
  0.137760E+00     0.147578E+00     0.153928E+00     0.133786E+00     0.148211E+00
  0.168156E+00     0.137564E+00     0.143882E+00     0.135288E+00     0.120701E+00
  0.140720E+00     0.121934E+00     0.148262E+00     0.156417E+00     0.121789E+00
  0.139715E+00     0.140892E+00     0.155866E+00     0.140956E+00     0.169639E+00
  0.162543E+00     0.130557E+00     0.136650E+00     0.162733E+00     0.127965E+00
  0.138141E+00     0.129281E+00     0.160720E+00     0.156576E+00     0.155173E+00
  0.175918E+00     0.158574E+00     0.148459E+00     0.144222E+00     0.149696E+00
  0.188833E+00     0.147728E+00     0.158452E+00     0.142581E+00     0.166166E+00
  0.156726E+00     0.156092E+00     0.161905E+00     0.217843E+00     0.162104E+00
  0.184018E+00     0.157395E+00     0.167725E+00     0.182867E+00     0.153843E+00
  0.175983E+00     0.163250E+00     0.187165E+00     0.167851E+00     0.156274E+00
  0.166542E+00     0.129791E+00     0.181241E+00     0.186568E+00     0.157345E+00
  0.212503E+00     0.152609E+00     0.168175E+00     0.182992E+00     0.184395E+00
  0.154669E+00     0.188546E+00     0.192293E+00     0.218037E+00     0.208609E+00
  0.172829E+00     0.159311E+00     0.214973E+00     0.182481E+00     0.179886E+00
  0.188474E+00     0.223004E+00     0.207112E+00     0.206956E+00     0.183989E+00
  0.170715E+00     0.200315E+00     0.191924E+00     0.214506E+00     0.198455E+00
  0.169898E+00     0.206793E+00     0.199677E+00     0.202807E+00     0.227294E+00
  0.220183E+00     0.222831E+00     0.231896E+00     0.223098E+00     0.217810E+00
  0.181462E+00     0.233645E+00     0.222137E+00     0.251036E+00     0.256395E+00
  0.304570E+00     0.325048E+00     0.313220E+00     0.296651E+00     0.190716E+00
  0.276325E+00     0.273433E+00     0.244147E+00     0.309353E+00     0.307241E+00
  0.334119E+00     0.218321E+00     0.203757E+00     0.159301E+00     0.182323E+00
  0.220990E+00     0.227237E+00     0.249136E+00     0.187460E+00     0.197246E+00
  0.231187E+00     0.280300E+00     0.235796E+00     0.187317E+00     0.223713E+00
  0.231356E+00     0.182041E+00     0.187136E+00     0.190754E+00     0.168772E+00
  0.247283E+00     0.238515E+00     0.221116E+00     0.242594E+00     0.286849E+00
  0.173468E+00     0.257343E+00     0.265305E+00     0.264989E+00     0.262928E+00
  0.304294E+00     0.267619E+00     0.288862E+00     0.238460E+00     0.301006E+00
  0.313325E+00     0.270755E+00     0.269844E+00     0.266994E+00     0.296883E+00
  0.251416E+00     0.283794E+00     0.237952E+00     0.261552E+00     0.334357E+00
  0.324067E+00     0.312804E+00     0.359270E+00     0.379569E+00     0.357724E+00
  0.519858E+00     0.416133E+00     0.542445E+00     0.559256E+00     0.569794E+00
  0.752758E+00     0.617290E+00     0.641713E+00     0.887555E+00     0.798553E+00
  0.756530E+00     0.642613E+00     0.925121E+00     0.727825E+00     0.754635E+00
  0.107771E+01     0.868057E+00     0.615172E+00     0.914512E+00     0.894645E+00
  0.868237E+00     0.816845E+00     0.862408E+00     0.884817E+00     0.908616E+00
  0.101509E+01     0.116497E+01     0.114838E+01     0.988630E+00     0.967704E+00
  0.119979E+01     0.985870E+00     0.111820E+01     0.991435E+00     0.112194E+01
  0.110573E+01     0.107268E+01     0.107111E+01     0.110728E+01     0.964516E+00
  0.105554E+01     0.129854E+01     0.134694E+01     0.142263E+01     0.137810E+01
  0.122748E+01     0.122661E+01     0.125313E+01     0.119279E+01     0.135593E+01
  0.124860E+01     0.133077E+01     0.129338E+01     0.146823E+01     0.141248E+01
  0.133971E+01     0.154244E+01     0.155766E+01
 eigen energies, in ev
    -46.463936       -46.308561       -46.141487       -45.701458       -45.648025
    -28.036883       -27.971340       -27.724157       -27.673777       -27.654580
    -27.614949       -27.606272       -27.586910       -27.544283       -27.500808
    -27.448222       -27.439679       -27.411033       -27.390075       -27.371676
    -27.366298       -27.340926       -27.329043       -27.275027       -27.272458
    -27.222556       -27.190190       -27.175812       -27.157253       -27.157074
    -27.152810       -27.136592       -27.119745       -27.115972       -27.091146
    -27.055863       -27.030481       -26.982446       -26.978398       -26.960077
    -26.949840       -26.933800       -26.910132       -26.878680       -26.869491
    -26.862397       -26.828432       -26.820330       -26.769615       -26.751815
    -26.724781       -26.706541       -26.698527       -26.673441       -26.663533
    -26.639682       -26.637429       -26.602381       -26.584338       -26.535736
    -26.534940       -26.457108       -26.422282       -26.411363       -26.401992
    -26.380355       -26.363488       -26.344919       -26.321836       -26.302550
    -26.292428       -26.272813       -26.220666       -26.213387       -26.211460
    -26.132461       -26.119661       -26.075731       -26.058199       -26.044778
    -26.024294       -26.019913       -26.003664       -25.990151       -25.954856
    -25.944840       -25.944597       -25.923058       -25.860469       -25.852501
    -25.797156       -25.796904       -25.790390       -25.782227       -25.777227
    -25.765201       -25.722209       -25.710639       -25.703039       -25.702306
    -25.686602       -25.657589       -25.649175       -25.627166       -25.604227
    -25.574414       -25.561263       -25.560176       -25.555108       -25.549896
    -25.510084       -25.495002       -25.489202       -25.456934       -25.456768
    -25.452883       -25.437767       -25.397380       -25.388209       -25.330353
    -25.324724       -25.312384       -25.297397       -25.282487       -25.266935
    -25.215191       -25.197704       -25.167431       -25.147393       -25.147238
    -25.136823       -25.127479       -25.118300       -25.088797       -25.065787
    -25.048624       -25.018817       -25.012510       -24.992556       -24.975702
    -24.970838       -24.948568       -24.926124       -24.872663       -24.840565
    -24.835671       -24.807430       -24.784528       -24.756752       -24.707222
    -24.593494       -24.567990       -24.506442       -24.369181       -24.292883
    -24.239015       -24.134576       -24.074817       -23.941098       -23.907336
    -23.903647       -23.889045       -23.845981       -23.830692       -23.801861
    -23.739285       -23.722839       -23.715918       -23.709150       -23.706447
    -23.685171       -23.681454       -23.675666       -23.666101       -23.606666
    -23.539377       -23.477527       -23.473358       -23.351180       -23.312835
    -23.241545       -23.193440       -23.141818       -23.118891       -23.003941
    -23.003488       -22.824746       -22.620365       -22.583687       -22.408136
    -20.306475       -19.799660       -19.485092       -19.463230       -19.298170
    -18.756719       -18.611368       -18.461799       -18.412824       -18.183349
    -18.091620       -18.090411       -18.069507       -17.917195       -17.834927
    -17.543713       -17.474486       -17.450425       -17.369272       -17.284649
    -17.105451       -17.020664       -16.825201       -16.819556       -16.779310
    -16.754631       -16.685021       -16.668418       -16.632519       -16.566473
    -16.510478       -16.451047       -16.344882       -16.277529       -16.267066
    -16.255871       -16.173125       -16.116013       -16.032125       -15.789670
    -15.066852       -14.982767       -14.829030       -14.798704       -14.768173
    -14.751915       -14.638480       -14.584360       -14.559044       -14.544560
    -14.529784       -14.506891       -14.418693       -14.351758       -14.306856
    -14.305765       -14.281135       -14.270106       -14.253316       -14.245634
    -14.222454       -14.198433       -14.135335       -14.123698       -14.116708
    -13.975950       -13.970201       -13.956131       -13.887246       -13.860823
    -13.843649       -13.789183       -13.687211       -13.646079       -13.642233
    -13.618945       -13.609112       -13.538746       -13.526101       -13.414255
    -13.399464       -13.397762       -13.380489       -13.215891       -13.186492
    -12.922118       -12.658724       -12.629704       -12.578712       -12.492515
    -12.472050       -12.408389       -12.367146       -12.316065       -12.280074
    -12.241122       -12.234644       -12.137273       -12.116667       -12.105563
    -12.084594       -12.069278       -12.051258       -12.040525       -11.988549
    -11.967455       -11.909958       -11.887403       -11.874889       -11.827117
    -11.816948       -11.799986       -11.795443       -11.783357       -11.772982
    -11.741029       -11.635875       -11.623370       -11.614857       -11.588552
    -11.496144       -11.491394       -11.402693       -11.396703       -11.386888
    -11.367049       -11.342122       -11.304386       -11.284169       -11.263804
    -11.258947       -11.255147       -11.244770       -11.227404       -11.174810
    -11.150416       -11.137295       -11.080769       -11.047003       -10.996760
    -10.980518       -10.934079       -10.916559       -10.805452       -10.782864
    -10.733195       -10.716556       -10.707193       -10.680232       -10.665766
    -10.656814       -10.618819       -10.594828       -10.576701       -10.563879
    -10.547031       -10.527005       -10.507581       -10.456475       -10.452245
    -10.442878       -10.424118       -10.408432       -10.395633       -10.381913
    -10.370691       -10.364667       -10.347327       -10.334713       -10.319301
    -10.287408       -10.277532       -10.262329       -10.250681       -10.247806
    -10.242270       -10.236007       -10.222217       -10.202876       -10.200180
    -10.168745       -10.159817       -10.156772       -10.127797       -10.118800
    -10.104005       -10.094864       -10.064147       -10.052415       -10.042839
    -10.034216       -10.025381       -10.008901        -9.994193        -9.991397
     -9.982883        -9.975746        -9.972801        -9.968955        -9.960693
     -9.955589        -9.942300        -9.930292        -9.920055        -9.918917
     -9.911536        -9.906191        -9.892182        -9.885704        -9.874477
     -9.869132        -9.846757        -9.844714        -9.823414        -9.813286
     -9.793072        -9.787412        -9.767487        -9.762926        -9.761144
     -9.753416        -9.735127        -9.719861        -9.694416        -9.687924
     -9.677412        -9.664904        -9.656982        -9.640416        -9.634217
     -9.631687        -9.618358        -9.607567        -9.601514        -9.587922
     -9.570146        -9.557569        -9.547123        -9.543814        -9.537984
     -9.529140        -9.521858        -9.519534        -9.506908        -9.483273
     -9.468699        -9.466205        -9.451276        -9.445597        -9.430227
     -9.427912        -9.417203        -9.410459        -9.400241        -9.384788
     -9.368129        -9.354260        -9.339913        -9.332809        -9.321561
     -9.295990        -9.287557        -9.271044        -9.253487        -9.246528
     -9.233482        -9.225777        -9.211244        -9.207782        -9.199258
     -9.189757        -9.173227        -9.157671        -9.156835        -9.144872
     -9.116257        -9.113129        -9.110204        -9.097860        -9.086763
     -9.080994        -9.067604        -9.056434        -9.052512        -9.044747
     -9.040220        -9.016310        -8.997100        -8.989691        -8.983824
     -8.980000        -8.966465        -8.962046        -8.948135        -8.940665
     -8.925736        -8.920940        -8.912160        -8.897164        -8.893055
     -8.887440        -8.884841        -8.882628        -8.875613        -8.866856
     -8.861945        -8.832117        -8.823092        -8.809753        -8.807753
     -8.795293        -8.782660        -8.777463        -8.770864        -8.755231
     -8.730047        -8.717737        -8.714213        -8.712729        -8.703251
     -8.700382        -8.680189        -8.666833        -8.652549        -8.632523
     -8.628190        -8.610169        -8.607582        -8.584260        -8.574059
     -8.565628        -8.558064        -8.542546        -8.533673        -8.518279
     -8.506468        -8.500188        -8.490216        -8.489440        -8.474389
     -8.451274        -8.440179        -8.431783        -8.413792        -8.408792
     -8.391645        -8.376068        -8.373807        -8.360499        -8.342917
     -8.309109        -8.288509        -8.276796        -8.271004        -8.252017
     -8.244204        -8.237998        -8.233255        -8.216330        -8.213432
     -8.200025        -8.181195        -8.176034        -8.158532        -8.123458
     -8.119203        -8.114075        -8.109057        -8.077365        -8.058711
     -8.024957        -8.015456        -8.013445        -8.006601        -7.996062
     -7.989992        -7.983576        -7.961333        -7.932945        -7.928180
     -7.910131        -7.903658        -7.899443        -7.874280        -7.856425
     -7.847834        -7.830361        -7.828114        -7.808161        -7.795929
     -7.774995        -7.737484        -7.732247        -7.706771        -7.695326
     -7.674092        -7.645774        -7.637564        -7.611612        -7.594955
     -7.577321        -7.558175        -7.548904        -7.514607        -7.512127
     -7.496411        -7.485277        -7.478330        -7.449482        -7.426249
     -7.350105        -7.341140        -7.331181        -7.316462        -7.280216
     -7.249776        -7.227956        -7.225364        -7.223986        -7.198058
     -7.187179        -7.169208        -7.160703        -7.144910        -7.141903
     -7.130445        -7.128902        -7.112981        -7.095799        -7.062615
     -7.054147        -7.044440        -7.041724        -7.012940        -6.984882
     -6.973112        -6.963800        -6.916555        -6.912880        -6.906983
     -6.883326        -6.871474        -6.867567        -6.855222        -6.840656
     -6.826006        -6.814538        -6.813109        -6.787751        -6.776467
     -6.752658        -6.737542        -6.711947        -6.702278        -6.671711
     -6.649815        -6.644142        -6.624613        -6.616577        -6.597632
     -6.580524        -6.575182        -6.569276        -6.550952        -6.548285
     -6.538558        -6.535655        -6.531736        -6.517350        -6.495611
     -6.490096        -6.477439        -6.472750        -6.455568        -6.434415
     -6.424901        -6.421838        -6.406290        -6.402824        -6.396180
     -6.382181        -6.375599        -6.360672        -6.350109        -6.342062
     -6.325025        -6.320130        -6.316493        -6.314170        -6.296918
     -6.286881        -6.278330        -6.270627        -6.266180        -6.251704
     -6.246423        -6.237062        -6.235086        -6.223276        -6.222365
     -6.216813        -6.195887        -6.188384        -6.176185        -6.167452
     -6.145663        -6.131524        -6.121073        -6.117168        -6.104368
     -6.095391        -6.091000        -6.076916        -6.073497        -6.057623
     -6.050824        -6.040998        -6.035809        -6.030902        -6.023326
     -6.022448        -6.012607        -6.005755        -6.004141        -5.992785
     -5.989199        -5.979245        -5.972116        -5.963969        -5.957336
     -5.952778        -5.948159        -5.932884        -5.927685        -5.923400
     -5.904127        -5.899927        -5.894516        -5.888323        -5.883816
     -5.880157        -5.877208        -5.864930        -5.855239        -5.849032
     -5.827952        -5.822873        -5.808968        -5.807443        -5.796097
     -5.794284        -5.784684        -5.778902        -5.773378        -5.769054
     -5.762968        -5.757532        -5.749142        -5.746014        -5.743060
     -5.730905        -5.729113        -5.718952        -5.710442        -5.703544
     -5.697599        -5.692699        -5.685730        -5.674547        -5.671676
     -5.670987        -5.662507        -5.657435        -5.650951        -5.648847
     -5.645273        -5.633955        -5.632223        -5.626751        -5.621811
     -5.614023        -5.611447        -5.607380        -5.588720        -5.586735
     -5.577991        -5.576687        -5.572856        -5.560067        -5.557487
     -5.546167        -5.541163        -5.539304        -5.534597        -5.528731
     -5.521430        -5.515287        -5.501618        -5.486332        -5.483040
     -5.477242        -5.469345        -5.465005        -5.452714        -5.450812
     -5.448200        -5.440037        -5.426520        -5.420335        -5.412537
     -5.405988        -5.398125        -5.396893        -5.394908        -5.386087
     -5.380791        -5.367915        -5.358641        -5.356212        -5.348326
     -5.345175        -5.343326        -5.338962        -5.332353        -5.330777
     -5.319705        -5.310068        -5.306054        -5.299699        -5.295418
     -5.292602        -5.285262        -5.281585        -5.277790        -5.269380
     -5.264607        -5.260369        -5.259822        -5.252755        -5.245116
     -5.242261        -5.230444        -5.225592        -5.222755        -5.212750
     -5.211363        -5.203344        -5.201637        -5.196077        -5.194419
     -5.187881        -5.182376        -5.175732        -5.172047        -5.170822
     -5.167296        -5.159542        -5.151676        -5.145726        -5.144374
     -5.138582        -5.137720        -5.131967        -5.127477        -5.113527
     -5.103421        -5.094320        -5.084377        -5.079625        -5.071072
     -5.063059        -5.058341        -5.049186        -5.047720        -5.033965
     -5.029524        -5.019434        -5.014116        -5.012398        -5.001561
     -4.996139        -4.979217        -4.971615        -4.967737        -4.950962
     -4.945100        -4.938143        -4.934550        -4.932637        -4.911965
     -4.903157        -4.884094        -4.878216        -4.871361        -4.869055
     -4.866860        -4.858749        -4.856380        -4.834570        -4.828090
     -4.817963        -4.808813        -4.807040        -4.799473        -4.792204
     -4.783258        -4.778015        -4.769570        -4.758585        -4.757327
     -4.754875        -4.745278        -4.732577        -4.724918        -4.704120
     -4.679925        -4.656487        -4.631472        -4.627894        -4.618410
     -4.609070        -4.595563        -4.578392        -4.549283        -4.534444
     -4.529272        -4.517541        -4.496329        -4.477079        -4.456077
     -4.436585        -4.413839        -4.397236        -4.370129        -4.368720
     -4.355370        -4.353149        -4.327906        -4.158491        -4.131168
     -4.127555        -4.126035        -4.102614        -4.030452        -4.018333
     -3.983248        -3.961132        -3.953191        -3.946983        -3.940015
     -3.921932        -3.908363        -3.884586        -3.879516        -3.877000
     -3.843302        -3.836666        -3.819776        -3.796787        -3.781975
     -3.694185        -3.670577        -3.630600        -3.619712        -3.583092
     -3.563897        -3.502570        -3.463388        -3.458333        -3.417813
     -3.385647        -3.373745        -3.349664        -3.343639        -3.319320
     -3.241263        -3.215982        -3.172919        -2.882420        -2.867179
      0.603378         0.903543         1.013547         1.042506         1.074697
      1.079188         1.146213         1.291505         1.395427         1.732216
      1.891854         2.267558         2.428827         2.543569         2.629574
      2.654370         2.778160         2.921819         2.935083         2.991023
      3.096070         3.132925         3.177110         3.197195         3.243127
      3.252660         3.286020         3.321408         3.409215         3.450010
      3.498100         3.514656         3.554411         3.570808         3.603545
      3.636333         3.667689         3.690135         3.737186         3.751658
      3.781041         3.803867         3.833252         3.845268         3.891110
      3.923767         3.977164         4.017660         4.045298         4.062945
      4.088917         4.133853         4.158057         4.229745         4.243948
      4.303216         4.344039         4.371424
 *********************************
 sum eigen(dbl occ, ryd)=  -1657.44188986863     
 *********************************
 total steps run non-scf:            6
 One SCF use:    81.1549930572510       s
 *********************************
 ****** kpt=           1
 err of each states, eV
  0.107597E-01     0.114046E-01     0.110958E-01     0.108887E-01     0.109436E-01
  0.622707E-02     0.598928E-02     0.585015E-02     0.607842E-02     0.560044E-02
  0.583903E-02     0.562213E-02     0.572994E-02     0.575807E-02     0.565960E-02
  0.600370E-02     0.584164E-02     0.579163E-02     0.581673E-02     0.569858E-02
  0.564525E-02     0.597339E-02     0.571615E-02     0.581690E-02     0.553438E-02
  0.538089E-02     0.682600E-02     0.577261E-02     0.574317E-02     0.608980E-02
  0.688238E-02     0.627310E-02     0.560845E-02     0.579468E-02     0.554446E-02
  0.579052E-02     0.519902E-02     0.587172E-02     0.536896E-02     0.564261E-02
  0.544670E-02     0.548352E-02     0.543321E-02     0.565001E-02     0.554289E-02
  0.592795E-02     0.549228E-02     0.533814E-02     0.604424E-02     0.554605E-02
  0.533383E-02     0.564910E-02     0.554868E-02     0.559742E-02     0.562069E-02
  0.582485E-02     0.583660E-02     0.582351E-02     0.548022E-02     0.531476E-02
  0.606862E-02     0.532296E-02     0.522054E-02     0.541668E-02     0.539849E-02
  0.513080E-02     0.516941E-02     0.537749E-02     0.498113E-02     0.530694E-02
  0.492804E-02     0.654478E-02     0.521142E-02     0.595652E-02     0.625035E-02
  0.525234E-02     0.571200E-02     0.541341E-02     0.524578E-02     0.529591E-02
  0.622903E-02     0.562722E-02     0.608878E-02     0.510505E-02     0.580919E-02
  0.506708E-02     0.601227E-02     0.541307E-02     0.473966E-02     0.535865E-02
  0.563408E-02     0.509566E-02     0.562191E-02     0.540328E-02     0.581312E-02
  0.633205E-02     0.484852E-02     0.582390E-02     0.500454E-02     0.578158E-02
  0.553272E-02     0.579294E-02     0.543513E-02     0.509503E-02     0.419357E-02
  0.620766E-02     0.511802E-02     0.525126E-02     0.605680E-02     0.570403E-02
  0.483145E-02     0.479943E-02     0.602685E-02     0.511138E-02     0.462282E-02
  0.559694E-02     0.585353E-02     0.449465E-02     0.511479E-02     0.489124E-02
  0.510897E-02     0.532128E-02     0.570968E-02     0.543613E-02     0.561631E-02
  0.527136E-02     0.525001E-02     0.518003E-02     0.539624E-02     0.555396E-02
  0.538676E-02     0.489995E-02     0.493623E-02     0.511775E-02     0.498234E-02
  0.481420E-02     0.587734E-02     0.504041E-02     0.512310E-02     0.504807E-02
  0.578436E-02     0.579146E-02     0.491677E-02     0.508063E-02     0.532478E-02
  0.506837E-02     0.464094E-02     0.486683E-02     0.498179E-02     0.420382E-02
  0.481528E-02     0.510012E-02     0.408415E-02     0.375577E-02     0.377202E-02
  0.371955E-02     0.542478E-02     0.549720E-02     0.511552E-02     0.364888E-02
  0.409071E-02     0.376426E-02     0.379884E-02     0.374272E-02     0.377882E-02
  0.352592E-02     0.417199E-02     0.393596E-02     0.399164E-02     0.393366E-02
  0.434033E-02     0.346620E-02     0.356403E-02     0.375909E-02     0.351764E-02
  0.372602E-02     0.376183E-02     0.397482E-02     0.329048E-02     0.453074E-02
  0.394780E-02     0.414462E-02     0.408027E-02     0.422584E-02     0.358042E-02
  0.350048E-02     0.388872E-02     0.405591E-02     0.434224E-02     0.395149E-02
  0.390248E-02     0.354162E-02     0.395992E-02     0.372279E-02     0.326141E-02
  0.649780E-02     0.635757E-02     0.687847E-02     0.635708E-02     0.662018E-02
  0.627138E-02     0.598445E-02     0.606051E-02     0.327680E-02     0.579464E-02
  0.606716E-02     0.345939E-02     0.305701E-02     0.332896E-02     0.336156E-02
  0.343274E-02     0.295330E-02     0.381876E-02     0.320779E-02     0.614600E-02
  0.639496E-02     0.685678E-02     0.674580E-02     0.678038E-02     0.655482E-02
  0.619053E-02     0.658138E-02     0.655946E-02     0.705438E-02     0.501256E-02
  0.552825E-02     0.606295E-02     0.551025E-02     0.604484E-02     0.620747E-02
  0.635934E-02     0.724064E-02     0.593462E-02     0.750699E-02     0.791175E-02
  0.728029E-02     0.743829E-02     0.589623E-02     0.630838E-02     0.679497E-02
  0.709420E-02     0.741995E-02     0.731056E-02     0.752738E-02     0.727257E-02
  0.792638E-02     0.641792E-02     0.714489E-02     0.715257E-02     0.734926E-02
  0.659737E-02     0.632665E-02     0.678595E-02     0.658146E-02     0.625875E-02
  0.702871E-02     0.726728E-02     0.612720E-02     0.760310E-02     0.719357E-02
  0.662154E-02     0.680861E-02     0.667591E-02     0.636706E-02     0.644055E-02
  0.700125E-02     0.735286E-02     0.632089E-02     0.678676E-02     0.680957E-02
  0.639405E-02     0.670929E-02     0.629194E-02     0.654814E-02     0.639528E-02
  0.554275E-02     0.562446E-02     0.549262E-02     0.581992E-02     0.549915E-02
  0.620728E-02     0.736285E-02     0.795247E-02     0.744701E-02     0.828802E-02
  0.537425E-02     0.746559E-02     0.697605E-02     0.844703E-02     0.777394E-02
  0.708473E-02     0.746798E-02     0.748852E-02     0.754833E-02     0.708443E-02
  0.582341E-02     0.721346E-02     0.799283E-02     0.728646E-02     0.817550E-02
  0.715178E-02     0.738275E-02     0.765239E-02     0.819280E-02     0.942739E-02
  0.713591E-02     0.740532E-02     0.907799E-02     0.755240E-02     0.789409E-02
  0.966056E-02     0.752778E-02     0.863212E-02     0.878200E-02     0.737081E-02
  0.791900E-02     0.808534E-02     0.947310E-02     0.765075E-02     0.816449E-02
  0.876901E-02     0.769328E-02     0.790221E-02     0.884874E-02     0.837377E-02
  0.666401E-02     0.836473E-02     0.763858E-02     0.914420E-02     0.752809E-02
  0.824536E-02     0.834395E-02     0.109751E-01     0.510512E-02     0.616025E-02
  0.620109E-02     0.110670E-01     0.671636E-02     0.102969E-01     0.106287E-01
  0.106770E-01     0.672229E-02     0.912264E-02     0.914442E-02     0.590251E-02
  0.859877E-02     0.740747E-02     0.108702E-01     0.103010E-01     0.779212E-02
  0.897662E-02     0.700465E-02     0.107477E-01     0.109141E-01     0.879264E-02
  0.103961E-01     0.997757E-02     0.102917E-01     0.908524E-02     0.110460E-01
  0.975490E-02     0.954341E-02     0.105796E-01     0.979481E-02     0.100034E-01
  0.909740E-02     0.952980E-02     0.939401E-02     0.804052E-02     0.880983E-02
  0.875970E-02     0.768412E-02     0.871940E-02     0.117761E-01     0.111204E-01
  0.101163E-01     0.131176E-01     0.878970E-02     0.809066E-02     0.857078E-02
  0.973058E-02     0.119353E-01     0.983746E-02     0.944832E-02     0.105356E-01
  0.113847E-01     0.106615E-01     0.920641E-02     0.108684E-01     0.117563E-01
  0.112163E-01     0.105753E-01     0.104454E-01     0.115019E-01     0.113164E-01
  0.105434E-01     0.120649E-01     0.103660E-01     0.105808E-01     0.129780E-01
  0.103602E-01     0.968887E-02     0.985622E-02     0.102601E-01     0.987549E-02
  0.962472E-02     0.966317E-02     0.963494E-02     0.108379E-01     0.110866E-01
  0.949104E-02     0.111050E-01     0.850666E-02     0.141832E-01     0.758376E-02
  0.131141E-01     0.120241E-01     0.126190E-01     0.106524E-01     0.106361E-01
  0.982161E-02     0.966483E-02     0.132427E-01     0.144472E-01     0.134717E-01
  0.126687E-01     0.129754E-01     0.117655E-01     0.111484E-01     0.116260E-01
  0.128469E-01     0.112349E-01     0.121999E-01     0.953275E-02     0.115298E-01
  0.136773E-01     0.119015E-01     0.123649E-01     0.109287E-01     0.123206E-01
  0.126376E-01     0.112473E-01     0.144728E-01     0.135083E-01     0.121834E-01
  0.126666E-01     0.130465E-01     0.107297E-01     0.150294E-01     0.133841E-01
  0.110301E-01     0.921809E-02     0.105743E-01     0.137952E-01     0.127258E-01
  0.130732E-01     0.134452E-01     0.130847E-01     0.146799E-01     0.136069E-01
  0.144831E-01     0.146129E-01     0.125593E-01     0.153738E-01     0.138080E-01
  0.127320E-01     0.150398E-01     0.137903E-01     0.136849E-01     0.131562E-01
  0.117964E-01     0.119908E-01     0.147767E-01     0.137234E-01     0.153931E-01
  0.135364E-01     0.130182E-01     0.108367E-01     0.105235E-01     0.113139E-01
  0.118424E-01     0.123615E-01     0.122203E-01     0.136229E-01     0.144583E-01
  0.131239E-01     0.144160E-01     0.156642E-01     0.131954E-01     0.161659E-01
  0.139735E-01     0.140413E-01     0.143352E-01     0.153400E-01     0.141696E-01
  0.159676E-01     0.168423E-01     0.130518E-01     0.162369E-01     0.134718E-01
  0.144339E-01     0.164671E-01     0.160943E-01     0.165759E-01     0.153974E-01
  0.141933E-01     0.209096E-01     0.127262E-01     0.116730E-01     0.136669E-01
  0.128923E-01     0.148042E-01     0.121956E-01     0.136273E-01     0.123898E-01
  0.164455E-01     0.152423E-01     0.150253E-01     0.169689E-01     0.124097E-01
  0.142399E-01     0.153443E-01     0.133189E-01     0.972543E-02     0.128415E-01
  0.191856E-01     0.115923E-01     0.133922E-01     0.158198E-01     0.164667E-01
  0.116370E-01     0.136051E-01     0.183828E-01     0.131317E-01     0.107751E-01
  0.163646E-01     0.130879E-01     0.154098E-01     0.178434E-01     0.150319E-01
  0.159159E-01     0.145061E-01     0.138182E-01     0.123342E-01     0.185980E-01
  0.183534E-01     0.180306E-01     0.180011E-01     0.130019E-01     0.159344E-01
  0.139779E-01     0.184360E-01     0.125149E-01     0.126990E-01     0.153889E-01
  0.170657E-01     0.148483E-01     0.180265E-01     0.154549E-01     0.170475E-01
  0.119937E-01     0.147688E-01     0.114109E-01     0.130322E-01     0.141882E-01
  0.161075E-01     0.146436E-01     0.140018E-01     0.134808E-01     0.142154E-01
  0.157021E-01     0.160628E-01     0.164629E-01     0.146575E-01     0.152164E-01
  0.161993E-01     0.136374E-01     0.159119E-01     0.120177E-01     0.122500E-01
  0.115249E-01     0.170279E-01     0.109278E-01     0.124244E-01     0.194848E-01
  0.112371E-01     0.145004E-01     0.204042E-01     0.170292E-01     0.154861E-01
  0.157288E-01     0.120193E-01     0.170156E-01     0.116809E-01     0.135322E-01
  0.146596E-01     0.148139E-01     0.140134E-01     0.147157E-01     0.920329E-02
  0.111708E-01     0.137541E-01     0.119449E-01     0.103780E-01     0.133074E-01
  0.147725E-01     0.144361E-01     0.120462E-01     0.142464E-01     0.143734E-01
  0.126220E-01     0.133258E-01     0.137039E-01     0.125863E-01     0.150571E-01
  0.140087E-01     0.132205E-01     0.112548E-01     0.144154E-01     0.116656E-01
  0.118582E-01     0.131935E-01     0.134938E-01     0.134061E-01     0.140702E-01
  0.166051E-01     0.152156E-01     0.157726E-01     0.162200E-01     0.150527E-01
  0.153699E-01     0.136587E-01     0.126824E-01     0.163272E-01     0.136559E-01
  0.162047E-01     0.142340E-01     0.162817E-01     0.153305E-01     0.148484E-01
  0.171413E-01     0.189161E-01     0.166162E-01     0.151292E-01     0.168534E-01
  0.153708E-01     0.168842E-01     0.170874E-01     0.180428E-01     0.173144E-01
  0.135209E-01     0.167634E-01     0.166927E-01     0.158107E-01     0.168709E-01
  0.169505E-01     0.174633E-01     0.153394E-01     0.162630E-01     0.167518E-01
  0.184534E-01     0.186847E-01     0.179394E-01     0.151947E-01     0.173080E-01
  0.189391E-01     0.185531E-01     0.190396E-01     0.207761E-01     0.175578E-01
  0.189673E-01     0.199705E-01     0.181744E-01     0.200647E-01     0.184382E-01
  0.196427E-01     0.232540E-01     0.201204E-01     0.181520E-01     0.172453E-01
  0.198464E-01     0.204878E-01     0.189650E-01     0.166698E-01     0.190631E-01
  0.200763E-01     0.228818E-01     0.219186E-01     0.204790E-01     0.223699E-01
  0.214767E-01     0.198126E-01     0.232614E-01     0.204462E-01     0.202394E-01
  0.196585E-01     0.212515E-01     0.187005E-01     0.204916E-01     0.220338E-01
  0.248204E-01     0.209819E-01     0.207900E-01     0.176865E-01     0.214536E-01
  0.198486E-01     0.198906E-01     0.205379E-01     0.201041E-01     0.203838E-01
  0.170898E-01     0.222674E-01     0.227495E-01     0.221215E-01     0.230162E-01
  0.235916E-01     0.220344E-01     0.227437E-01     0.239886E-01     0.213669E-01
  0.242720E-01     0.209985E-01     0.228372E-01     0.223960E-01     0.219139E-01
  0.222430E-01     0.234685E-01     0.226348E-01     0.231957E-01     0.235497E-01
  0.241561E-01     0.225883E-01     0.222221E-01     0.216758E-01     0.290995E-01
  0.232071E-01     0.252174E-01     0.232337E-01     0.234349E-01     0.203591E-01
  0.250295E-01     0.229533E-01     0.264375E-01     0.253930E-01     0.242448E-01
  0.282195E-01     0.237669E-01     0.268470E-01     0.253384E-01     0.232944E-01
  0.229224E-01     0.210502E-01     0.247600E-01     0.252078E-01     0.252782E-01
  0.279941E-01     0.256576E-01     0.251434E-01     0.250794E-01     0.277266E-01
  0.283471E-01     0.258820E-01     0.249544E-01     0.284126E-01     0.275748E-01
  0.251406E-01     0.263687E-01     0.306669E-01     0.323098E-01     0.264775E-01
  0.309526E-01     0.280585E-01     0.304752E-01     0.246594E-01     0.267063E-01
  0.289839E-01     0.312685E-01     0.252573E-01     0.274674E-01     0.315388E-01
  0.283779E-01     0.295684E-01     0.288566E-01     0.292659E-01     0.282526E-01
  0.297477E-01     0.279412E-01     0.313060E-01     0.295272E-01     0.317820E-01
  0.323470E-01     0.286986E-01     0.300803E-01     0.293957E-01     0.348168E-01
  0.284538E-01     0.285544E-01     0.273511E-01     0.325465E-01     0.296098E-01
  0.315105E-01     0.317694E-01     0.306549E-01     0.296878E-01     0.269406E-01
  0.332846E-01     0.300712E-01     0.277236E-01     0.349088E-01     0.315224E-01
  0.306977E-01     0.340284E-01     0.336416E-01     0.256245E-01     0.295658E-01
  0.378488E-01     0.291818E-01     0.297997E-01     0.328424E-01     0.265464E-01
  0.323433E-01     0.293783E-01     0.331793E-01     0.330671E-01     0.295091E-01
  0.332691E-01     0.302186E-01     0.335086E-01     0.327870E-01     0.416826E-01
  0.358337E-01     0.316477E-01     0.274599E-01     0.366679E-01     0.265865E-01
  0.312956E-01     0.297678E-01     0.351083E-01     0.347083E-01     0.373756E-01
  0.372797E-01     0.347066E-01     0.341034E-01     0.367662E-01     0.377959E-01
  0.321277E-01     0.334899E-01     0.387198E-01     0.313678E-01     0.343238E-01
  0.442001E-01     0.375244E-01     0.343052E-01     0.295077E-01     0.326403E-01
  0.386875E-01     0.335421E-01     0.357504E-01     0.370700E-01     0.308125E-01
  0.358925E-01     0.323557E-01     0.363095E-01     0.360032E-01     0.319301E-01
  0.401999E-01     0.333155E-01     0.272743E-01     0.399160E-01     0.300664E-01
  0.427485E-01     0.312081E-01     0.310006E-01     0.380209E-01     0.383204E-01
  0.311867E-01     0.418327E-01     0.388672E-01     0.360389E-01     0.382791E-01
  0.352148E-01     0.483018E-01     0.346650E-01     0.412240E-01     0.330601E-01
  0.483925E-01     0.293267E-01     0.358519E-01     0.411550E-01     0.368966E-01
  0.376568E-01     0.412266E-01     0.408297E-01     0.406517E-01     0.408856E-01
  0.412003E-01     0.292837E-01     0.474489E-01     0.289601E-01     0.355433E-01
  0.453520E-01     0.442946E-01     0.413184E-01     0.392003E-01     0.374511E-01
  0.333025E-01     0.423602E-01     0.382366E-01     0.675050E-01     0.489546E-01
  0.448642E-01     0.577181E-01     0.535802E-01     0.341839E-01     0.473662E-01
  0.368966E-01     0.576655E-01     0.292065E-01     0.526415E-01     0.547496E-01
  0.465413E-01     0.412641E-01     0.322601E-01     0.300442E-01     0.289901E-01
  0.349313E-01     0.385680E-01     0.347199E-01     0.331174E-01     0.362110E-01
  0.513290E-01     0.409619E-01     0.383429E-01     0.330850E-01     0.385426E-01
  0.436156E-01     0.335858E-01     0.338352E-01     0.365884E-01     0.338553E-01
  0.436170E-01     0.414821E-01     0.444915E-01     0.427689E-01     0.387609E-01
  0.315975E-01     0.420546E-01     0.465679E-01     0.515202E-01     0.425180E-01
  0.597983E-01     0.446367E-01     0.495034E-01     0.424332E-01     0.545000E-01
  0.587667E-01     0.538115E-01     0.530619E-01     0.494499E-01     0.578800E-01
  0.557654E-01     0.620306E-01     0.577737E-01     0.543298E-01     0.670990E-01
  0.721024E-01     0.728063E-01     0.775677E-01     0.101119E+00     0.987383E-01
  0.134241E+00     0.121807E+00     0.180595E+00     0.186807E+00     0.189190E+00
  0.190173E+00     0.217353E+00     0.207807E+00     0.271099E+00     0.266193E+00
  0.284898E+00     0.411671E+00     0.283127E+00     0.332141E+00     0.323568E+00
  0.331949E+00     0.476921E+00     0.346429E+00     0.372743E+00     0.378610E+00
  0.505466E+00     0.383649E+00     0.494960E+00     0.408644E+00     0.380589E+00
  0.501168E+00     0.579585E+00     0.559838E+00     0.678589E+00     0.543062E+00
  0.563448E+00     0.540009E+00     0.488598E+00     0.577585E+00     0.468562E+00
  0.621877E+00     0.527381E+00     0.618901E+00     0.588155E+00     0.586122E+00
  0.567348E+00     0.631095E+00     0.516604E+00     0.568717E+00     0.664452E+00
  0.596823E+00     0.710780E+00     0.680738E+00     0.672154E+00     0.719597E+00
  0.680498E+00     0.697475E+00     0.832183E+00     0.593059E+00     0.770204E+00
  0.729142E+00     0.816653E+00     0.956626E+00
 eigen energies, in ev
    -46.463947       -46.308567       -46.141498       -45.701470       -45.648037
    -28.036891       -27.971347       -27.724162       -27.673782       -27.654585
    -27.614955       -27.606279       -27.586916       -27.544288       -27.500811
    -27.448225       -27.439681       -27.411038       -27.390083       -27.371681
    -27.366303       -27.340931       -27.329046       -27.275030       -27.272465
    -27.222562       -27.190195       -27.175814       -27.157266       -27.157068
    -27.152810       -27.136594       -27.119751       -27.115975       -27.091150
    -27.055866       -27.030485       -26.982451       -26.978398       -26.960082
    -26.949841       -26.933803       -26.910135       -26.878683       -26.869491
    -26.862400       -26.828438       -26.820330       -26.769622       -26.751818
    -26.724786       -26.706545       -26.698527       -26.673443       -26.663531
    -26.639686       -26.637435       -26.602388       -26.584340       -26.535735
    -26.534942       -26.457112       -26.422285       -26.411371       -26.401997
    -26.380362       -26.363492       -26.344924       -26.321841       -26.302551
    -26.292428       -26.272815       -26.220671       -26.213391       -26.211462
    -26.132465       -26.119667       -26.075735       -26.058203       -26.044779
    -26.024296       -26.019919       -26.003669       -25.990151       -25.954861
    -25.944837       -25.944598       -25.923057       -25.860473       -25.852506
    -25.797164       -25.796905       -25.790396       -25.782232       -25.777233
    -25.765204       -25.722212       -25.710641       -25.703043       -25.702309
    -25.686601       -25.657594       -25.649183       -25.627173       -25.604227
    -25.574420       -25.561269       -25.560174       -25.555116       -25.549900
    -25.510084       -25.495003       -25.489209       -25.456939       -25.456772
    -25.452887       -25.437773       -25.397384       -25.388214       -25.330356
    -25.324721       -25.312385       -25.297401       -25.282493       -25.266940
    -25.215191       -25.197704       -25.167436       -25.147399       -25.147237
    -25.136827       -25.127479       -25.118304       -25.088794       -25.065790
    -25.048626       -25.018818       -25.012512       -24.992560       -24.975703
    -24.970841       -24.948567       -24.926125       -24.872668       -24.840564
    -24.835676       -24.807432       -24.784530       -24.756751       -24.707223
    -24.593498       -24.567993       -24.506445       -24.369181       -24.292883
    -24.239016       -24.134581       -24.074819       -23.941099       -23.907336
    -23.903647       -23.889046       -23.845981       -23.830692       -23.801865
    -23.739283       -23.722841       -23.715917       -23.709151       -23.706448
    -23.685173       -23.681455       -23.675667       -23.666102       -23.606666
    -23.539378       -23.477528       -23.473360       -23.351180       -23.312836
    -23.241547       -23.193443       -23.141822       -23.118892       -23.003940
    -23.003487       -22.824745       -22.620364       -22.583689       -22.408136
    -20.306476       -19.799662       -19.485094       -19.463231       -19.298170
    -18.756723       -18.611373       -18.461804       -18.412830       -18.183352
    -18.091626       -18.090417       -18.069508       -17.917196       -17.834931
    -17.543717       -17.474486       -17.450425       -17.369272       -17.284648
    -17.105453       -17.020665       -16.825203       -16.819556       -16.779314
    -16.754636       -16.685024       -16.668424       -16.632526       -16.566478
    -16.510483       -16.451052       -16.344886       -16.277533       -16.267069
    -16.255875       -16.173129       -16.116015       -16.032129       -15.789675
    -15.066855       -14.982773       -14.829036       -14.798710       -14.768180
    -14.751923       -14.638487       -14.584364       -14.559050       -14.544565
    -14.529791       -14.506898       -14.418700       -14.351763       -14.306864
    -14.305773       -14.281139       -14.270110       -14.253324       -14.245643
    -14.222459       -14.198438       -14.135343       -14.123703       -14.116713
    -13.975955       -13.970208       -13.956136       -13.887253       -13.860829
    -13.843653       -13.789186       -13.687216       -13.646084       -13.642240
    -13.618952       -13.609119       -13.538752       -13.526107       -13.414262
    -13.399471       -13.397768       -13.380494       -13.215899       -13.186497
    -12.922123       -12.658728       -12.629709       -12.578718       -12.492520
    -12.472058       -12.408396       -12.367155       -12.316075       -12.280088
    -12.241127       -12.234652       -12.137281       -12.116678       -12.105572
    -12.084603       -12.069286       -12.051267       -12.040534       -11.988559
    -11.967461       -11.909969       -11.887415       -11.874898       -11.827128
    -11.816958       -11.799996       -11.795454       -11.783369       -11.772996
    -11.741040       -11.635884       -11.623386       -11.614865       -11.588565
    -11.496162       -11.491402       -11.402705       -11.396716       -11.386898
    -11.367060       -11.342133       -11.304402       -11.284179       -11.263816
    -11.258961       -11.255159       -11.244781       -11.227419       -11.174823
    -11.150425       -11.137308       -11.080779       -11.047019       -10.996770
    -10.980530       -10.934092       -10.916578       -10.805458       -10.782871
    -10.733203       -10.716576       -10.707201       -10.680251       -10.665785
    -10.656833       -10.618827       -10.594843       -10.576717       -10.563886
    -10.547044       -10.527017       -10.507601       -10.456495       -10.452256
    -10.442889       -10.424127       -10.408452       -10.395653       -10.381927
    -10.370710       -10.364684       -10.347344       -10.334726       -10.319322
    -10.287426       -10.277548       -10.262350       -10.250697       -10.247823
    -10.242284       -10.236024       -10.222233       -10.202890       -10.200194
    -10.168758       -10.159828       -10.156787       -10.127821       -10.118821
    -10.104023       -10.094892       -10.064161       -10.052428       -10.042854
    -10.034233       -10.025405       -10.008919        -9.994209        -9.991417
     -9.982906        -9.975767        -9.972817        -9.968974        -9.960716
     -9.955608        -9.942319        -9.930313        -9.920077        -9.918939
     -9.911555        -9.906215        -9.892201        -9.885724        -9.874506
     -9.869148        -9.846774        -9.844733        -9.823434        -9.813301
     -9.793088        -9.787430        -9.767506        -9.762949        -9.761163
     -9.753431        -9.735149        -9.719875        -9.694447        -9.687935
     -9.677442        -9.664931        -9.657009        -9.640436        -9.634240
     -9.631704        -9.618377        -9.607597        -9.601548        -9.587956
     -9.570176        -9.557601        -9.547147        -9.543836        -9.538005
     -9.529169        -9.521879        -9.519564        -9.506922        -9.483298
     -9.468734        -9.466228        -9.451304        -9.445619        -9.430254
     -9.427941        -9.417224        -9.410492        -9.400270        -9.384814
     -9.368159        -9.354288        -9.339933        -9.332849        -9.321594
     -9.296013        -9.287572        -9.271065        -9.253522        -9.246554
     -9.233510        -9.225808        -9.211273        -9.207819        -9.199288
     -9.189792        -9.173267        -9.157700        -9.156873        -9.144903
     -9.116284        -9.113167        -9.110240        -9.097892        -9.086790
     -9.081017        -9.067628        -9.056472        -9.052544        -9.044788
     -9.040249        -9.016336        -8.997127        -8.989710        -8.983849
     -8.980026        -8.966494        -8.962073        -8.948168        -8.940698
     -8.925764        -8.920977        -8.912203        -8.897192        -8.893100
     -8.887472        -8.884873        -8.882660        -8.875651        -8.866887
     -8.861986        -8.832167        -8.823119        -8.809796        -8.807784
     -8.795328        -8.782705        -8.777505        -8.770908        -8.755274
     -8.730082        -8.717810        -8.714241        -8.712752        -8.703282
     -8.700410        -8.680225        -8.666854        -8.652577        -8.632548
     -8.628236        -8.610207        -8.607621        -8.584311        -8.574088
     -8.565667        -8.558105        -8.542573        -8.533688        -8.518306
     -8.506535        -8.500213        -8.490245        -8.489480        -8.474437
     -8.451296        -8.440210        -8.431841        -8.413825        -8.408812
     -8.391688        -8.376098        -8.373843        -8.360554        -8.342952
     -8.309150        -8.288548        -8.276826        -8.271031        -8.252074
     -8.244257        -8.238054        -8.233316        -8.216356        -8.213470
     -8.200057        -8.181248        -8.176056        -8.158557        -8.123496
     -8.119251        -8.114112        -8.109113        -8.077400        -8.058760
     -8.024981        -8.015491        -8.013465        -8.006631        -7.996093
     -7.990032        -7.983610        -7.961359        -7.932975        -7.928211
     -7.910173        -7.903697        -7.899488        -7.874314        -7.856464
     -7.847879        -7.830389        -7.828156        -7.808182        -7.795953
     -7.775016        -7.737533        -7.732268        -7.706792        -7.695393
     -7.674111        -7.645806        -7.637631        -7.611665        -7.594991
     -7.577357        -7.558197        -7.548950        -7.514630        -7.512158
     -7.496451        -7.485312        -7.478359        -7.449517        -7.426263
     -7.350128        -7.341174        -7.331204        -7.316479        -7.280246
     -7.249813        -7.227994        -7.225390        -7.224017        -7.198092
     -7.187206        -7.169239        -7.160736        -7.144937        -7.141940
     -7.130478        -7.128934        -7.113003        -7.095834        -7.062638
     -7.054172        -7.044468        -7.041757        -7.012972        -6.984915
     -6.973160        -6.963839        -6.916599        -6.912924        -6.907023
     -6.883368        -6.871505        -6.867594        -6.855268        -6.840687
     -6.826050        -6.814575        -6.813152        -6.787793        -6.776504
     -6.752707        -6.737606        -6.711993        -6.702323        -6.671759
     -6.649855        -6.644192        -6.624666        -6.616635        -6.597681
     -6.580556        -6.575228        -6.569323        -6.550995        -6.548332
     -6.538607        -6.535711        -6.531778        -6.517398        -6.495657
     -6.490154        -6.477495        -6.472804        -6.455611        -6.434468
     -6.424963        -6.421897        -6.406354        -6.402899        -6.396233
     -6.382240        -6.375668        -6.360728        -6.350179        -6.342118
     -6.325089        -6.320216        -6.316557        -6.314226        -6.296968
     -6.286949        -6.278406        -6.270685        -6.266227        -6.251766
     -6.246492        -6.237155        -6.235168        -6.223350        -6.222448
     -6.216890        -6.195955        -6.188477        -6.176259        -6.167522
     -6.145733        -6.131603        -6.121134        -6.117241        -6.104453
     -6.095496        -6.091073        -6.076993        -6.073549        -6.057701
     -6.050890        -6.041062        -6.035880        -6.030972        -6.023397
     -6.022499        -6.012690        -6.005839        -6.004226        -5.992871
     -5.989293        -5.979328        -5.972203        -5.964071        -5.957420
     -5.952873        -5.948228        -5.932970        -5.927768        -5.923480
     -5.904218        -5.900019        -5.894607        -5.888414        -5.883909
     -5.880261        -5.877299        -5.865010        -5.855319        -5.849180
     -5.828045        -5.822982        -5.809060        -5.807531        -5.796170
     -5.794390        -5.784779        -5.779028        -5.773486        -5.769152
     -5.763107        -5.757624        -5.749267        -5.746131        -5.743154
     -5.730992        -5.729191        -5.719059        -5.710548        -5.703658
     -5.697729        -5.692811        -5.685832        -5.674656        -5.671809
     -5.671129        -5.662630        -5.657535        -5.651092        -5.648983
     -5.645380        -5.634076        -5.632380        -5.626926        -5.621928
     -5.614181        -5.611583        -5.607535        -5.588821        -5.586855
     -5.578128        -5.576861        -5.572968        -5.560196        -5.557676
     -5.546297        -5.541321        -5.539446        -5.534750        -5.528869
     -5.521578        -5.515422        -5.501779        -5.486491        -5.483209
     -5.477412        -5.469492        -5.465169        -5.452861        -5.451033
     -5.448330        -5.440171        -5.426647        -5.420521        -5.412689
     -5.406152        -5.398299        -5.397052        -5.395051        -5.386208
     -5.380989        -5.368072        -5.358782        -5.356416        -5.348498
     -5.345336        -5.343515        -5.339153        -5.332472        -5.330939
     -5.319958        -5.310212        -5.306222        -5.299877        -5.295537
     -5.292770        -5.285410        -5.281780        -5.277974        -5.269527
     -5.264777        -5.260531        -5.260017        -5.252927        -5.245408
     -5.242496        -5.230617        -5.225732        -5.222989        -5.212876
     -5.211529        -5.203500        -5.201844        -5.196294        -5.194673
     -5.188112        -5.182590        -5.175926        -5.172277        -5.171066
     -5.167483        -5.159733        -5.151921        -5.145891        -5.144561
     -5.138944        -5.137958        -5.132184        -5.127636        -5.113721
     -5.103694        -5.094528        -5.084598        -5.079902        -5.071252
     -5.063320        -5.058522        -5.049444        -5.047947        -5.034159
     -5.029832        -5.019629        -5.014259        -5.012683        -5.001724
     -4.996472        -4.979395        -4.971806        -4.968000        -4.951241
     -4.945281        -4.938477        -4.934860        -4.932903        -4.912257
     -4.903385        -4.884524        -4.878450        -4.871664        -4.869283
     -4.867276        -4.858936        -4.856645        -4.834879        -4.828356
     -4.818218        -4.809146        -4.807378        -4.799800        -4.792521
     -4.783581        -4.778181        -4.770002        -4.758784        -4.757591
     -4.755294        -4.745656        -4.732929        -4.725216        -4.704412
     -4.680144        -4.656880        -4.631781        -4.628816        -4.618975
     -4.609546        -4.596293        -4.578943        -4.549566        -4.534916
     -4.529545        -4.518157        -4.496557        -4.477650        -4.456794
     -4.437029        -4.414172        -4.397471        -4.370314        -4.368892
     -4.355640        -4.353451        -4.328217        -4.158716        -4.131456
     -4.128090        -4.126369        -4.102921        -4.030673        -4.018675
     -3.983642        -3.961353        -3.953427        -3.947251        -3.940214
     -3.922322        -3.908711        -3.884995        -3.879879        -3.877368
     -3.843522        -3.837034        -3.820220        -3.797293        -3.782338
     -3.694838        -3.670991        -3.631059        -3.620055        -3.583675
     -3.564488        -3.503083        -3.463892        -3.458754        -3.418391
     -3.386093        -3.374336        -3.350142        -3.344068        -3.320024
     -3.242007        -3.216742        -3.173754        -2.883676        -2.868289
      0.599715         0.900449         1.006823         1.035368         1.068064
      1.072593         1.138789         1.283059         1.381599         1.719422
      1.875097         2.233977         2.408230         2.516717         2.604272
      2.632151         2.736048         2.893988         2.903383         2.954400
      3.042297         3.100354         3.120601         3.162390         3.193412
      3.210266         3.218227         3.268542         3.314764         3.391875
      3.427764         3.448841         3.490504         3.522623         3.540815
      3.564875         3.596414         3.621856         3.652709         3.678871
      3.705886         3.718742         3.755164         3.771479         3.813054
      3.834652         3.859772         3.922050         3.942143         3.958757
      3.989914         4.016165         4.037573         4.115813         4.147181
      4.188581         4.209407         4.230662
 *********************************
 sum eigen(dbl occ, ryd)=  -1657.95615659113     
 *********************************
 Ef(eV)=  -1.62729558698603     
 ***************************************************
 iter=           7
 ---------------------------------------------------
 dvE, dvE(n)-dvE(n-1) = 0.0000E+00 0.0000E+00
 dv_ave, drho_tot     = 0.0000E+00 0.1229E+00
 err of ug            = 0.1239E-02
 ---------------------------------------------------
 Ewald        = -.42716155442192E+05
 Alpha        = 0.15207970391171E+04
 E_extV       = 0.00000000000000E+00    0.0000E+00
 E_NSC        = -.22909140765494E+05    -.2291E+05
 E[-rho*V_Hxc]= -.11843179202385E+06    -.6895E+05
 E_Hxc        = 0.49485510352950E+05    0.4949E+05
 -TS          = -.35505862134038E-26    -.3551E-26
 E_tot(eV)    = -.13305078083947E+06    -.1331E+06
 ---------------------------------------------------
 E_ion,E_coul,E_xc =   -219203.7245923   77711.4207893  -28225.9104364
Ewald+Hart+ion    -0.1842084592452E+06
 ave(vtot)=ave_(V_xc)=: v0= -0.292932368511373     
 Eigen energies are values after setting ave_vtot=0
 ----------------------------------
 One SCF use:    85.9172589778900       s
 *********************************
 ****** kpt=           1
 err of each states, eV
  0.407036E-01     0.416954E-01     0.401343E-01     0.400131E-01     0.388568E-01
  0.339751E-01     0.676259E-01     0.760405E-01     0.409496E-01     0.344961E-01
  0.399670E-01     0.707703E-01     0.408049E-01     0.593630E-01     0.540675E-01
  0.768104E-01     0.522982E-01     0.402455E-01     0.559463E-01     0.105588E+00
  0.500261E-01     0.782779E-01     0.752613E-01     0.108669E+00     0.341678E-01
  0.430007E-01     0.391237E-01     0.315805E-01     0.959477E-01     0.348742E-01
  0.380908E-01     0.352479E-01     0.539879E-01     0.357174E-01     0.483575E-01
  0.412881E-01     0.597986E-01     0.354719E-01     0.426049E-01     0.482413E-01
  0.694957E-01     0.775699E-01     0.133036E+00     0.587042E-01     0.788039E-01
  0.534395E-01     0.453481E-01     0.522045E-01     0.416896E-01     0.661666E-01
  0.935315E-01     0.407732E-01     0.463754E-01     0.690252E-01     0.114381E+00
  0.382136E-01     0.389212E-01     0.400426E-01     0.438019E-01     0.362550E-01
  0.749141E-01     0.777136E-01     0.137836E+00     0.378357E-01     0.400362E-01
  0.147130E+00     0.594334E-01     0.643199E-01     0.407323E-01     0.494993E-01
  0.434793E-01     0.367897E-01     0.445425E-01     0.436145E-01     0.336517E-01
  0.371118E-01     0.155741E+00     0.336901E-01     0.334028E-01     0.337336E-01
  0.368856E-01     0.438341E-01     0.375699E-01     0.564930E-01     0.515695E-01
  0.325389E-01     0.449653E-01     0.414484E-01     0.161830E+00     0.489572E-01
  0.378043E-01     0.351417E-01     0.407010E-01     0.453082E-01     0.164363E+00
  0.368952E-01     0.584069E-01     0.360793E-01     0.349999E-01     0.451670E-01
  0.191064E+00     0.334910E-01     0.399739E-01     0.360706E-01     0.350562E-01
  0.371509E-01     0.349543E-01     0.419389E-01     0.369942E-01     0.341075E-01
  0.169153E+00     0.394785E-01     0.374315E-01     0.373883E-01     0.163597E+00
  0.188890E+00     0.553946E-01     0.493409E-01     0.362080E-01     0.352572E-01
  0.464916E-01     0.338274E-01     0.359619E-01     0.561108E-01     0.194927E+00
  0.189578E+00     0.440853E-01     0.533431E-01     0.356165E-01     0.357415E-01
  0.434937E-01     0.189442E+00     0.343556E-01     0.332142E-01     0.465486E-01
  0.157576E+00     0.147340E+00     0.526941E-01     0.520571E-01     0.433825E-01
  0.458514E-01     0.173981E+00     0.377869E-01     0.409180E-01     0.390556E-01
  0.432586E-01     0.209432E+00     0.386196E-01     0.204964E+00     0.223491E+00
  0.188953E+00     0.230567E+00     0.177260E+00     0.150891E+00     0.245613E+00
  0.243031E+00     0.205991E+00     0.133129E+00     0.216032E+00     0.138342E+00
  0.141726E+00     0.264905E+00     0.170642E+00     0.136917E+00     0.139725E+00
  0.130228E+00     0.142258E+00     0.168626E+00     0.146223E+00     0.176747E+00
  0.154931E+00     0.175017E+00     0.185455E+00     0.140479E+00     0.192454E+00
  0.179040E+00     0.222506E+00     0.141267E+00     0.133475E+00     0.129819E+00
  0.138108E+00     0.224597E+00     0.138885E+00     0.221161E+00     0.223896E+00
  0.224733E+00     0.224096E+00     0.219113E+00     0.221821E+00     0.224618E+00
  0.224585E+00     0.208025E+00     0.212147E+00     0.214896E+00     0.220529E+00
  0.157714E+00     0.134222E+00     0.152189E+00     0.144606E+00     0.158803E+00
  0.143437E+00     0.134596E+00     0.134735E+00     0.170193E+00     0.180315E+00
  0.134033E+00     0.146972E+00     0.139938E+00     0.143332E+00     0.166750E+00
  0.142094E+00     0.168438E+00     0.141556E+00     0.175290E+00     0.151089E+00
  0.156416E+00     0.152327E+00     0.136971E+00     0.169342E+00     0.146078E+00
  0.155971E+00     0.150627E+00     0.132359E+00     0.174354E+00     0.144348E+00
  0.180288E+00     0.170355E+00     0.141933E+00     0.138153E+00     0.175185E+00
  0.111135E+00     0.114842E+00     0.138967E+00     0.354248E+00     0.111776E+00
  0.932111E-01     0.101153E+00     0.954639E-01     0.985270E-01     0.947481E-01
  0.100502E+00     0.987441E-01     0.100294E+00     0.974855E-01     0.348594E+00
  0.100400E+00     0.145564E+00     0.117212E+00     0.227930E+00     0.139001E+00
  0.320470E+00     0.140964E+00     0.381824E+00     0.145391E+00     0.410140E+00
  0.147788E+00     0.147373E+00     0.140290E+00     0.151664E+00     0.154301E+00
  0.151820E+00     0.138957E+00     0.139793E+00     0.148907E+00     0.160852E+00
  0.156124E+00     0.146978E+00     0.151390E+00     0.152954E+00     0.143521E+00
  0.149631E+00     0.146868E+00     0.140553E+00     0.153651E+00     0.150540E+00
  0.143601E+00     0.125407E+00     0.158734E+00     0.224430E+00     0.138004E+00
  0.154904E+00     0.160677E+00     0.147194E+00     0.153423E+00     0.143378E+00
  0.222432E+00     0.153687E+00     0.156968E+00     0.161377E+00     0.171466E+00
  0.183374E+00     0.154639E+00     0.152617E+00     0.173973E+00     0.155638E+00
  0.158246E+00     0.264197E+00     0.127439E+00     0.154467E+00     0.159664E+00
  0.163288E+00     0.159755E+00     0.180828E+00     0.171281E+00     0.142541E+00
  0.147434E+00     0.173161E+00     0.163779E+00     0.167951E+00     0.165208E+00
  0.144982E+00     0.293236E+00     0.175550E+00     0.163798E+00     0.160352E+00
  0.162893E+00     0.173177E+00     0.311889E+00     0.216461E+00     0.154550E+00
  0.259822E+00     0.164681E+00     0.200434E+00     0.218002E+00     0.160058E+00
  0.161594E+00     0.231114E+00     0.235928E+00     0.224402E+00     0.211101E+00
  0.223729E+00     0.225236E+00     0.179447E+00     0.187714E+00     0.240587E+00
  0.203765E+00     0.191748E+00     0.189736E+00     0.204478E+00     0.204446E+00
  0.198582E+00     0.209177E+00     0.184789E+00     0.225443E+00     0.200364E+00
  0.205194E+00     0.202986E+00     0.208322E+00     0.191306E+00     0.196321E+00
  0.211221E+00     0.197481E+00     0.221651E+00     0.200090E+00     0.194588E+00
  0.170018E+00     0.197740E+00     0.190983E+00     0.198233E+00     0.207664E+00
  0.197794E+00     0.248810E+00     0.207431E+00     0.178349E+00     0.199506E+00
  0.200990E+00     0.205310E+00     0.210625E+00     0.186041E+00     0.203576E+00
  0.203379E+00     0.227154E+00     0.196655E+00     0.196607E+00     0.198796E+00
  0.179227E+00     0.200937E+00     0.225269E+00     0.227347E+00     0.194815E+00
  0.237430E+00     0.197937E+00     0.191575E+00     0.169641E+00     0.191924E+00
  0.219188E+00     0.212464E+00     0.212107E+00     0.179169E+00     0.168823E+00
  0.200329E+00     0.270715E+00     0.158528E+00     0.203272E+00     0.163411E+00
  0.158582E+00     0.167665E+00     0.196554E+00     0.158886E+00     0.139225E+00
  0.210198E+00     0.165031E+00     0.212352E+00     0.224280E+00     0.166136E+00
  0.166834E+00     0.195480E+00     0.165253E+00     0.216307E+00     0.155975E+00
  0.177447E+00     0.174315E+00     0.162899E+00     0.199791E+00     0.223386E+00
  0.188504E+00     0.211622E+00     0.186655E+00     0.219930E+00     0.157957E+00
  0.173376E+00     0.149994E+00     0.137321E+00     0.253965E+00     0.131367E+00
  0.123839E+00     0.173861E+00     0.150528E+00     0.151581E+00     0.171991E+00
  0.153638E+00     0.156994E+00     0.176959E+00     0.209182E+00     0.173058E+00
  0.146286E+00     0.187271E+00     0.238009E+00     0.172027E+00     0.155177E+00
  0.236926E+00     0.189081E+00     0.152244E+00     0.155745E+00     0.156154E+00
  0.152803E+00     0.154273E+00     0.188252E+00     0.179343E+00     0.173834E+00
  0.183433E+00     0.137008E+00     0.149329E+00     0.148038E+00     0.168788E+00
  0.135279E+00     0.149820E+00     0.162478E+00     0.141666E+00     0.153175E+00
  0.165347E+00     0.168192E+00     0.175458E+00     0.156675E+00     0.146507E+00
  0.138344E+00     0.185290E+00     0.218224E+00     0.233642E+00     0.169434E+00
  0.166418E+00     0.168084E+00     0.159632E+00     0.159199E+00     0.176533E+00
  0.161685E+00     0.145409E+00     0.152738E+00     0.142980E+00     0.162922E+00
  0.143363E+00     0.175852E+00     0.148973E+00     0.189893E+00     0.168529E+00
  0.179259E+00     0.156880E+00     0.147270E+00     0.194993E+00     0.152223E+00
  0.200501E+00     0.141976E+00     0.142200E+00     0.148514E+00     0.131830E+00
  0.180597E+00     0.207130E+00     0.229173E+00     0.163560E+00     0.178099E+00
  0.300491E+00     0.164213E+00     0.147709E+00     0.186744E+00     0.195506E+00
  0.194619E+00     0.183677E+00     0.190144E+00     0.210131E+00     0.169966E+00
  0.203432E+00     0.228220E+00     0.213670E+00     0.164724E+00     0.163690E+00
  0.139893E+00     0.135110E+00     0.204207E+00     0.177953E+00     0.142587E+00
  0.175295E+00     0.165122E+00     0.194820E+00     0.173636E+00     0.140490E+00
  0.138546E+00     0.160074E+00     0.195837E+00     0.236837E+00     0.177963E+00
  0.189141E+00     0.153023E+00     0.157054E+00     0.193804E+00     0.191156E+00
  0.189181E+00     0.188506E+00     0.175106E+00     0.187603E+00     0.197902E+00
  0.217222E+00     0.188800E+00     0.157945E+00     0.217237E+00     0.188139E+00
  0.171179E+00     0.239885E+00     0.266192E+00     0.224800E+00     0.232086E+00
  0.153432E+00     0.235993E+00     0.211304E+00     0.193045E+00     0.178375E+00
  0.243542E+00     0.149940E+00     0.199027E+00     0.178533E+00     0.218092E+00
  0.123682E+00     0.220197E+00     0.179389E+00     0.246649E+00     0.179311E+00
  0.197538E+00     0.211965E+00     0.127311E+00     0.176010E+00     0.181584E+00
  0.205429E+00     0.218872E+00     0.203144E+00     0.199446E+00     0.196564E+00
  0.128073E+00     0.225723E+00     0.173732E+00     0.184684E+00     0.162247E+00
  0.199456E+00     0.203815E+00     0.129226E+00     0.144874E+00     0.201843E+00
  0.203471E+00     0.206578E+00     0.118966E+00     0.216000E+00     0.188931E+00
  0.216634E+00     0.211103E+00     0.200790E+00     0.196600E+00     0.182725E+00
  0.173094E+00     0.156825E+00     0.161707E+00     0.202402E+00     0.166188E+00
  0.114963E+00     0.124111E+00     0.196967E+00     0.215846E+00     0.159228E+00
  0.183627E+00     0.192573E+00     0.164753E+00     0.220331E+00     0.190235E+00
  0.191738E+00     0.197051E+00     0.196255E+00     0.125101E+00     0.138825E+00
  0.131498E+00     0.138161E+00     0.118647E+00     0.148384E+00     0.163664E+00
  0.143198E+00     0.149118E+00     0.151338E+00     0.153646E+00     0.178835E+00
  0.171595E+00     0.216336E+00     0.143163E+00     0.141820E+00     0.157377E+00
  0.131686E+00     0.183549E+00     0.164680E+00     0.141664E+00     0.164445E+00
  0.136389E+00     0.131096E+00     0.161077E+00     0.127155E+00     0.111534E+00
  0.169623E+00     0.124276E+00     0.164437E+00     0.190295E+00     0.154963E+00
  0.162471E+00     0.168403E+00     0.147128E+00     0.133404E+00     0.117585E+00
  0.154549E+00     0.128318E+00     0.177712E+00     0.141926E+00     0.159336E+00
  0.131323E+00     0.146127E+00     0.159970E+00     0.145006E+00     0.138915E+00
  0.120740E+00     0.278528E+00     0.217245E+00     0.142551E+00     0.114052E+00
  0.129151E+00     0.171663E+00     0.178211E+00     0.983486E-01     0.201080E+00
  0.139218E+00     0.121998E+00     0.135019E+00     0.103948E+00     0.184456E+00
  0.172251E+00     0.168035E+00     0.149078E+00     0.109717E+00     0.159004E+00
  0.181249E+00     0.174780E+00     0.177592E+00     0.175124E+00     0.130597E+00
  0.143280E+00     0.146737E+00     0.100010E+00     0.998299E-01     0.151967E+00
  0.154760E+00     0.115510E+00     0.134619E+00     0.193210E+00     0.115760E+00
  0.220575E+00     0.113498E+00     0.145395E+00     0.129536E+00     0.147581E+00
  0.117482E+00     0.141658E+00     0.100859E+00     0.931336E-01     0.743060E-01
  0.122332E+00     0.200589E+00     0.132548E+00     0.889771E-01     0.111480E+00
  0.106120E+00     0.159161E+00     0.100918E+00     0.969114E-01     0.164303E+00
  0.138130E+00     0.129255E+00     0.181466E+00     0.129312E+00     0.838733E-01
  0.139690E+00     0.205218E+00     0.104169E+00     0.147356E+00     0.126623E+00
  0.123246E+00     0.981260E-01     0.957722E-01     0.105019E+00     0.997673E-01
  0.756470E-01     0.196614E+00     0.109502E+00     0.163997E+00     0.138754E+00
  0.146745E+00     0.843297E-01     0.878822E-01     0.997465E-01     0.108398E+00
  0.986897E-01     0.115700E+00     0.942512E-01     0.890593E-01     0.915071E-01
  0.997691E-01     0.970815E-01     0.783876E-01     0.114567E+00     0.157140E+00
  0.132811E+00     0.824655E-01     0.137203E+00     0.161448E+00     0.176818E+00
  0.196676E+00     0.147691E+00     0.104637E+00     0.109835E+00     0.168169E+00
  0.236919E+00     0.138069E+00     0.141475E+00     0.112237E+00     0.124014E+00
  0.129458E+00     0.113461E+00     0.117471E+00     0.957410E-01     0.108766E+00
  0.867622E-01     0.105091E+00     0.227291E+00     0.129723E+00     0.156824E+00
  0.166971E+00     0.130078E+00     0.144213E+00     0.107831E+00     0.100242E+00
  0.127917E+00     0.123308E+00     0.126112E+00     0.113707E+00     0.107109E+00
  0.153606E+00     0.206198E+00     0.104105E+00     0.162828E+00     0.806284E-01
  0.159025E+00     0.189495E+00     0.162543E+00     0.139356E+00     0.155280E+00
  0.101458E+00     0.136536E+00     0.109893E+00     0.126225E+00     0.135392E+00
  0.909757E-01     0.105663E+00     0.175885E+00     0.136336E+00     0.145432E+00
  0.120735E+00     0.760680E-01     0.863402E-01     0.758204E-01     0.106539E+00
  0.872827E-01     0.122389E+00     0.159608E+00     0.815106E-01     0.884815E-01
  0.100049E+00     0.663511E-01     0.116096E+00     0.769591E-01     0.965941E-01
  0.839767E-01     0.885170E-01     0.155172E+00     0.127800E+00     0.966575E-01
  0.119969E+00     0.143789E+00     0.142294E+00     0.137824E+00     0.137717E+00
  0.140932E+00     0.182131E+00     0.107638E+00     0.104065E+00     0.186156E+00
  0.150736E+00     0.145557E+00     0.144438E+00     0.912350E-01     0.110514E+00
  0.149879E+00     0.103436E+00     0.169020E+00     0.112799E+00     0.123051E+00
  0.159099E+00     0.193485E+00     0.120874E+00     0.126987E+00     0.132584E+00
  0.109686E+00     0.100450E+00     0.190383E+00     0.101302E+00     0.166280E+00
  0.129553E+00     0.997154E-01     0.132476E+00     0.225521E+00     0.139601E+00
  0.211402E+00     0.147194E+00     0.223345E+00     0.138612E+00     0.221530E+00
  0.115077E+00     0.736922E-01     0.113716E+00     0.159029E+00     0.215549E+00
  0.161376E+00     0.131954E+00     0.106737E+00     0.152036E+00     0.121274E+00
  0.108800E+00     0.120718E+00     0.102359E+00     0.124308E+00     0.985178E-01
  0.121348E+00     0.109920E+00     0.113438E+00     0.150691E+00     0.981014E-01
  0.110526E+00     0.952377E-01     0.116516E+00     0.121108E+00     0.108381E+00
  0.179969E+00     0.140285E+00     0.134853E+00     0.139649E+00     0.241697E+00
  0.591145E-01     0.121284E+00     0.674562E-01     0.738310E-01     0.141005E+00
  0.117241E+00     0.103398E+00     0.145146E+00     0.259593E+00     0.926022E-01
  0.121504E+00     0.250829E+00     0.155807E+00     0.239324E+00     0.204001E+00
  0.111403E+00     0.275396E+00     0.129685E+00     0.195465E+00     0.205201E+00
  0.147053E+00     0.125855E+00     0.166290E+00     0.144551E+00     0.206569E+00
  0.162975E+00     0.225726E+00     0.145419E+00     0.132862E+00     0.177005E+00
  0.165229E+00     0.147316E+00     0.169138E+00     0.203862E+00     0.229201E+00
  0.104330E+00     0.109397E+00     0.210890E+00     0.149789E+00     0.130762E+00
  0.155879E+00     0.158186E+00     0.137120E+00     0.133412E+00     0.140961E+00
  0.228835E+00     0.257310E+00     0.192112E+00     0.136893E+00     0.141802E+00
  0.123182E+00     0.146113E+00     0.155699E+00     0.179318E+00     0.187911E+00
  0.193311E+00     0.184266E+00     0.203829E+00     0.172627E+00     0.158510E+00
  0.163893E+00     0.163208E+00     0.151562E+00     0.142408E+00     0.136768E+00
  0.141106E+00     0.255176E+00     0.179105E+00     0.129684E+00     0.173882E+00
  0.279445E+00     0.249089E+00     0.143070E+00     0.160911E+00     0.216025E+00
  0.844519E-01     0.104327E+00     0.124324E+00     0.107074E+00     0.113447E+00
  0.116103E+00     0.113217E+00     0.131828E+00     0.127694E+00     0.133353E+00
  0.326954E+00     0.460255E+00     0.281364E+00     0.423115E+00     0.310632E+00
  0.447800E+00     0.527362E+00     0.537171E+00     0.550035E+00     0.405994E+00
  0.354938E+00     0.458866E+00     0.412131E+00     0.419180E+00     0.450114E+00
  0.739381E+00     0.520342E+00     0.422285E+00     0.404316E+00     0.664843E+00
  0.591792E+00     0.497297E+00     0.514190E+00     0.627193E+00     0.699676E+00
  0.627505E+00     0.526856E+00     0.520775E+00     0.729160E+00     0.527387E+00
  0.578659E+00     0.579737E+00     0.561146E+00     0.618701E+00     0.782087E+00
  0.639809E+00     0.719724E+00     0.574454E+00     0.834394E+00     0.746639E+00
  0.787646E+00     0.735346E+00     0.837089E+00     0.755848E+00     0.820274E+00
  0.813349E+00     0.767396E+00     0.858381E+00
 eigen energies, in ev
    -46.507632       -46.362476       -46.234976       -45.852508       -45.686819
    -27.966560       -27.925268       -27.643766       -27.611356       -27.586280
    -27.577083       -27.519045       -27.495584       -27.441105       -27.433188
    -27.398494       -27.351638       -27.349095       -27.347293       -27.336755
    -27.325648       -27.320045       -27.297158       -27.293129       -27.287265
    -27.266481       -27.212288       -27.185683       -27.181188       -27.107120
    -27.081695       -27.070200       -27.056319       -27.029403       -27.012820
    -26.972171       -26.956718       -26.942353       -26.914258       -26.900557
    -26.857285       -26.846743       -26.794204       -26.785337       -26.772268
    -26.770649       -26.769130       -26.750320       -26.742358       -26.690665
    -26.674819       -26.652176       -26.639828       -26.627444       -26.620291
    -26.588814       -26.582011       -26.508378       -26.498893       -26.431907
    -26.426045       -26.336336       -26.335881       -26.324430       -26.313583
    -26.297693       -26.290630       -26.262321       -26.245666       -26.170239
    -26.167570       -26.057993       -26.024976       -25.982976       -25.917723
    -25.910157       -25.895274       -25.873419       -25.864392       -25.832999
    -25.825571       -25.773878       -25.772148       -25.741010       -25.714469
    -25.659777       -25.629294       -25.610127       -25.607255       -25.574807
    -25.573164       -25.556185       -25.544639       -25.515101       -25.514353
    -25.488681       -25.476834       -25.475492       -25.453904       -25.431955
    -25.378873       -25.361598       -25.359857       -25.326499       -25.311557
    -25.306469       -25.273437       -25.247943       -25.243562       -25.202196
    -25.201734       -25.143634       -25.133881       -25.126713       -25.122790
    -25.113374       -25.084878       -25.055607       -25.051796       -25.009116
    -24.974690       -24.973939       -24.946830       -24.944919       -24.931716
    -24.921534       -24.896815       -24.886945       -24.879202       -24.870486
    -24.861745       -24.860940       -24.857342       -24.853999       -24.850923
    -24.850822       -24.838337       -24.828543       -24.787853       -24.772247
    -24.752342       -24.719764       -24.670780       -24.624516       -24.610429
    -24.560982       -24.382121       -24.282834       -24.211219       -24.188658
    -24.110143       -23.969100       -23.788583       -23.746360       -23.545993
    -23.536727       -23.489821       -23.441945       -23.435272       -23.399737
    -23.374518       -23.373587       -23.326256       -23.251127       -23.196169
    -23.182641       -23.177970       -23.177801       -23.174966       -23.158198
    -23.117533       -23.054472       -23.039691       -23.005366       -22.959610
    -22.876641       -22.846114       -22.778940       -22.538936       -22.537920
    -22.460096       -22.452893       -22.320917       -22.254337       -22.151042
    -22.105540       -22.064604       -21.605540       -21.591399       -21.347021
    -19.630164       -19.242332       -18.915724       -18.866928       -18.744542
    -17.559371       -17.537519       -17.452027       -17.323275       -17.175992
    -17.032320       -17.027021       -16.972309       -16.821635       -16.592129
    -16.548173       -16.358614       -16.275060       -16.252340       -16.241877
    -16.232286       -16.201496       -16.169743       -16.165732       -16.143988
    -16.067232       -15.982881       -15.964326       -15.898309       -15.883536
    -15.834990       -15.828563       -15.790317       -15.772225       -15.715104
    -15.659109       -15.643464       -15.594282       -15.343195       -15.130599
    -14.884954       -14.755764       -14.628582       -14.598491       -14.511823
    -14.429343       -14.381080       -14.374911       -14.343944       -14.259265
    -14.198537       -14.168954       -14.085187       -14.019094       -14.000047
    -13.963415       -13.795916       -13.793149       -13.723765       -13.687474
    -13.668763       -13.629190       -13.624192       -13.572086       -13.540424
    -13.523911       -13.318305       -13.309897       -13.301529       -13.290238
    -13.282760       -13.245220       -13.240453       -13.215030       -13.186306
    -13.181050       -13.131216       -13.101359       -13.073829       -13.036708
    -13.007682       -12.943173       -12.887582       -12.846298       -12.709725
    -12.115551       -12.094832       -12.059920       -11.921780       -11.890737
    -11.857442       -11.790792       -11.774268       -11.767482       -11.745612
    -11.733541       -11.701910       -11.681042       -11.651711       -11.637050
    -11.625652       -11.615868       -11.602252       -11.581788       -11.565678
    -11.559897       -11.545050       -11.505415       -11.496323       -11.483512
    -11.473785       -11.430656       -11.419257       -11.388319       -11.300618
    -11.298393       -11.284719       -11.206172       -11.175853       -11.091793
    -11.082320       -11.080423       -11.013176       -10.995079       -10.982943
    -10.952418       -10.905121       -10.878990       -10.834759       -10.802481
    -10.776849       -10.727704       -10.608599       -10.551605       -10.491799
    -10.473494       -10.462161       -10.434999       -10.419195       -10.395807
    -10.353984       -10.333544       -10.310872       -10.299474       -10.253203
    -10.235922       -10.208421       -10.201985       -10.196233       -10.172665
    -10.156992       -10.124274       -10.116602       -10.099957       -10.089728
    -10.069835       -10.063256       -10.048106       -10.032545       -10.004817
    -10.003354       -10.001647        -9.977802        -9.956114        -9.951662
     -9.942722        -9.936077        -9.928053        -9.918564        -9.912149
     -9.906954        -9.905291        -9.865970        -9.856935        -9.850653
     -9.840871        -9.831970        -9.825035        -9.814248        -9.810613
     -9.803835        -9.791128        -9.773441        -9.769303        -9.760225
     -9.754323        -9.751884        -9.748457        -9.743261        -9.737276
     -9.720061        -9.699943        -9.695925        -9.658417        -9.653171
     -9.646464        -9.627537        -9.615692        -9.606513        -9.596771
     -9.588394        -9.580218        -9.562041        -9.546885        -9.533554
     -9.522395        -9.518620        -9.515481        -9.483357        -9.477334
     -9.472758        -9.467416        -9.456461        -9.447581        -9.439163
     -9.437494        -9.425479        -9.415754        -9.405872        -9.384683
     -9.374840        -9.372576        -9.360964        -9.355907        -9.354710
     -9.337747        -9.328245        -9.323284        -9.314281        -9.305175
     -9.300318        -9.287436        -9.285131        -9.277502        -9.259998
     -9.254544        -9.251306        -9.240600        -9.219845        -9.196213
     -9.176926        -9.164545        -9.158363        -9.146975        -9.127522
     -9.119248        -9.109847        -9.100029        -9.076409        -9.072921
     -9.061618        -9.049647        -9.029449        -9.024114        -8.995626
     -8.983587        -8.979140        -8.978439        -8.968433        -8.957880
     -8.942833        -8.926598        -8.912539        -8.908156        -8.895930
     -8.882555        -8.861813        -8.838840        -8.825952        -8.800883
     -8.797539        -8.788320        -8.772345        -8.766841        -8.756754
     -8.741785        -8.740218        -8.733065        -8.728748        -8.698454
     -8.690291        -8.682912        -8.674674        -8.669252        -8.652421
     -8.638578        -8.630284        -8.620742        -8.612597        -8.598531
     -8.588071        -8.586195        -8.574769        -8.565387        -8.556412
     -8.544574        -8.535399        -8.529307        -8.522241        -8.512996
     -8.496542        -8.474632        -8.447052        -8.428920        -8.418488
     -8.412952        -8.409210        -8.407493        -8.392258        -8.371761
     -8.367322        -8.339523        -8.322061        -8.319889        -8.296085
     -8.289317        -8.262550        -8.253458        -8.239804        -8.236125
     -8.230309        -8.225614        -8.171450        -8.134044        -8.122500
     -8.111177        -8.086186        -8.062859        -8.042605        -8.026363
     -8.017413        -8.005757        -7.999963        -7.975473        -7.971070
     -7.950475        -7.902642        -7.886382        -7.882287        -7.860355
     -7.842891        -7.824637        -7.814763        -7.796133        -7.785545
     -7.779467        -7.736084        -7.726341        -7.719122        -7.709210
     -7.694052        -7.648268        -7.635080        -7.622496        -7.607324
     -7.591444        -7.581585        -7.573145        -7.559472        -7.548074
     -7.526113        -7.510054        -7.507067        -7.495964        -7.476283
     -7.469413        -7.417178        -7.395264        -7.381994        -7.377246
     -7.337731        -7.325036        -7.306192        -7.302703        -7.278446
     -7.267202        -7.250259        -7.216311        -7.193158        -7.182363
     -7.166110        -7.137344        -7.107662        -7.098515        -7.077273
     -7.074280        -7.061215        -7.054895        -7.046414        -7.034256
     -7.016737        -6.994489        -6.975291        -6.963704        -6.954740
     -6.943622        -6.938635        -6.898090        -6.885300        -6.868710
     -6.857113        -6.836772        -6.813535        -6.806424        -6.776358
     -6.772117        -6.740488        -6.733098        -6.730042        -6.694078
     -6.682056        -6.679030        -6.667174        -6.662241        -6.634114
     -6.616022        -6.607470        -6.597204        -6.594953        -6.579415
     -6.563759        -6.555584        -6.534766        -6.516570        -6.504533
     -6.491582        -6.489318        -6.471873        -6.449440        -6.414131
     -6.391505        -6.386509        -6.377580        -6.374199        -6.364886
     -6.353818        -6.342589        -6.322621        -6.302929        -6.290017
     -6.277410        -6.271526        -6.263410        -6.252112        -6.249040
     -6.233669        -6.223488        -6.219548        -6.212465        -6.198523
     -6.192337        -6.174383        -6.162018        -6.158244        -6.147964
     -6.143869        -6.134599        -6.120197        -6.104191        -6.099518
     -6.095564        -6.092879        -6.086238        -6.072779        -6.068226
     -6.051681        -6.045467        -6.040093        -6.027368        -6.016468
     -6.012112        -6.002144        -5.995668        -5.981070        -5.970151
     -5.965517        -5.954871        -5.948121        -5.940908        -5.935329
     -5.928564        -5.927841        -5.920072        -5.899044        -5.881088
     -5.873471        -5.864316        -5.855702        -5.843514        -5.837655
     -5.832997        -5.825941        -5.821988        -5.813549        -5.802127
     -5.789630        -5.784738        -5.767684        -5.761669        -5.752829
     -5.744031        -5.737937        -5.735835        -5.725340        -5.723255
     -5.716008        -5.702585        -5.696365        -5.693529        -5.682505
     -5.677430        -5.674938        -5.655723        -5.642296        -5.639214
     -5.636767        -5.630488        -5.620831        -5.614342        -5.608797
     -5.600166        -5.598853        -5.587177        -5.580942        -5.577681
     -5.572725        -5.565875        -5.558917        -5.551921        -5.533554
     -5.528863        -5.521484        -5.506289        -5.505887        -5.494496
     -5.485490        -5.480283        -5.464620        -5.462420        -5.458805
     -5.457938        -5.441664        -5.426742        -5.424116        -5.414670
     -5.403536        -5.392105        -5.386956        -5.373134        -5.365708
     -5.354816        -5.353346        -5.345476        -5.341043        -5.334330
     -5.323957        -5.321941        -5.317546        -5.312489        -5.309957
     -5.297372        -5.281037        -5.278481        -5.274774        -5.269364
     -5.263981        -5.257218        -5.245256        -5.241264        -5.239861
     -5.236478        -5.218893        -5.212782        -5.205518        -5.198668
     -5.195906        -5.188118        -5.184178        -5.173412        -5.171080
     -5.164846        -5.157489        -5.152269        -5.143720        -5.137998
     -5.122806        -5.119266        -5.108528        -5.100084        -5.094691
     -5.092915        -5.086707        -5.084062        -5.070356        -5.064940
     -5.063467        -5.057748        -5.047990        -5.043573        -5.035854
     -5.032824        -5.031747        -5.018386        -5.000512        -4.994903
     -4.988195        -4.981551        -4.971799        -4.969018        -4.965278
     -4.958799        -4.957549        -4.951879        -4.948353        -4.941721
     -4.935686        -4.929690        -4.919900        -4.914413        -4.910436
     -4.899359        -4.894473        -4.888556        -4.884747        -4.871484
     -4.865724        -4.857563        -4.856663        -4.851090        -4.846518
     -4.843984        -4.837894        -4.834373        -4.827964        -4.820097
     -4.818859        -4.811084        -4.806686        -4.797171        -4.794487
     -4.786448        -4.783401        -4.770553        -4.753100        -4.748490
     -4.737087        -4.730795        -4.724603        -4.713436        -4.711900
     -4.704029        -4.700688        -4.689083        -4.680888        -4.676315
     -4.671917        -4.663512        -4.648601        -4.639235        -4.637203
     -4.635743        -4.630636        -4.624152        -4.621001        -4.613981
     -4.609696        -4.602112        -4.599517        -4.597577        -4.590677
     -4.581565        -4.576765        -4.568473        -4.564644        -4.554568
     -4.539263        -4.537877        -4.522973        -4.519438        -4.515208
     -4.510627        -4.498174        -4.488558        -4.483134        -4.471040
     -4.465248        -4.462620        -4.455937        -4.445608        -4.432790
     -4.428054        -4.420169        -4.414974        -4.406553        -4.401237
     -4.385275        -4.370039        -4.351852        -4.345784        -4.340796
     -4.322946        -4.314428        -4.308863        -4.302259        -4.287293
     -4.270346        -4.268324        -4.235757        -4.227517        -4.222136
     -4.212871        -4.195797        -4.190997        -4.181980        -4.159896
     -4.117663        -4.106890        -4.092006        -4.083618        -4.075740
     -4.029313        -4.010832        -3.982412        -3.979612        -3.961102
     -3.906859        -3.867254        -3.853166        -3.822496        -3.792148
     -3.765374        -3.762809        -3.722769        -3.715292        -3.711294
     -3.667133        -3.639774        -3.607411        -3.581655        -3.576509
     -3.527781        -3.523177        -3.519945        -3.499227        -3.493185
     -3.474485        -3.465093        -3.433115        -3.410837        -3.394097
     -3.393039        -3.388496        -3.355720        -3.331759        -3.313534
     -3.283861        -3.272767        -3.266992        -3.260571        -3.248792
     -3.224426        -3.212985        -3.210810        -3.154633        -3.128600
     -3.123970        -3.093120        -3.077040        -3.072557        -3.070497
     -3.048198        -3.013604        -2.962587        -2.937288        -2.899017
     -2.852589        -2.829379        -2.750910        -2.533711        -2.380642
      0.796165         1.124752         1.240689         1.275376         1.279882
      1.309137         1.374983         1.444027         1.642359         1.926372
      2.046261         2.330152         2.602135         2.708762         2.770825
      2.780239         2.815142         2.957323         3.035026         3.105601
      3.144551         3.216088         3.276790         3.282891         3.301562
      3.336989         3.383148         3.448005         3.460271         3.484880
      3.551794         3.585835         3.622567         3.645042         3.688248
      3.731594         3.768215         3.793614         3.821544         3.872250
      3.880908         3.893240         3.922663         3.942866         3.947693
      3.982401         4.013061         4.052059         4.071577         4.086972
      4.132849         4.156884         4.194348         4.234599         4.271752
      4.307691         4.335514         4.374779
 *********************************
 sum eigen(dbl occ, ryd)=  -1591.35946205356     
 *********************************
 Ef(eV)=  0.111027549871842     
 ***************************************************
 iter=           8
 ---------------------------------------------------
 dvE, dvE(n)-dvE(n-1) = 0.2904E-03 0.2904E-03
 dv_ave, drho_tot     = 0.1704E-01 0.7101E-01
 err of ug            = 0.1082E-01
 ---------------------------------------------------
 Ewald        = -.42716155442192E+05
 Alpha        = 0.15207970391171E+04
 E_extV       = 0.00000000000000E+00    0.0000E+00
 E_NSC        = -.22021114190359E+05    0.8880E+03
 E[-rho*V_Hxc]= -.11983944793589E+06    -.7830E+03
 E_Hxc        = 0.50110123025418E+05    0.6246E+03
 -TS          = -.17795908527695E-11    -.1780E-11
 E_tot(eV)    = -.13294579750390E+06    0.1050E+03
 ---------------------------------------------------
 E_ion,E_coul,E_xc =   -220699.5462182   78569.1174113  -28458.9943858
Ewald+Hart+ion    -0.1848465842491E+06
 ave(vtot)=ave_(V_xc)=: v0= -0.291729831012908     
 Eigen energies are values after setting ave_vtot=0
 ----------------------------------
 One SCF use:    85.9838421344757       s
 *********************************
 ****** kpt=           1
 err of each states, eV
  0.386674E-01     0.393429E-01     0.382494E-01     0.383826E-01     0.343499E-01
  0.391670E-01     0.260962E-01     0.421826E-01     0.335709E-01     0.398677E-01
  0.348447E-01     0.262201E-01     0.422734E-01     0.530622E-01     0.554437E-01
  0.312769E-01     0.680097E-01     0.345805E-01     0.425498E-01     0.270990E-01
  0.378047E-01     0.320688E-01     0.343916E-01     0.261625E-01     0.396418E-01
  0.446563E-01     0.281036E-01     0.299195E-01     0.253980E-01     0.262855E-01
  0.275044E-01     0.330116E-01     0.336463E-01     0.274691E-01     0.284081E-01
  0.309648E-01     0.336854E-01     0.273594E-01     0.267433E-01     0.465027E-01
  0.375892E-01     0.306894E-01     0.341502E-01     0.368791E-01     0.758944E-01
  0.433922E-01     0.292989E-01     0.554972E-01     0.659464E-01     0.390928E-01
  0.328176E-01     0.270499E-01     0.323792E-01     0.302265E-01     0.391948E-01
  0.310629E-01     0.267669E-01     0.426491E-01     0.778954E-01     0.357007E-01
  0.268547E-01     0.850154E-01     0.419766E-01     0.438248E-01     0.261100E-01
  0.352094E-01     0.290828E-01     0.354879E-01     0.262041E-01     0.271042E-01
  0.301586E-01     0.267820E-01     0.287690E-01     0.367877E-01     0.841147E-01
  0.308021E-01     0.262450E-01     0.337062E-01     0.421433E-01     0.306855E-01
  0.403088E-01     0.455569E-01     0.418953E-01     0.372213E-01     0.367265E-01
  0.303677E-01     0.294651E-01     0.494922E-01     0.500284E-01     0.393436E-01
  0.310432E-01     0.329270E-01     0.300885E-01     0.443907E-01     0.495038E-01
  0.440318E-01     0.423904E-01     0.346740E-01     0.380168E-01     0.305650E-01
  0.440011E-01     0.357784E-01     0.418938E-01     0.430555E-01     0.373500E-01
  0.400937E-01     0.385856E-01     0.516723E-01     0.715894E-01     0.555583E-01
  0.471309E-01     0.493509E-01     0.274063E-01     0.301116E-01     0.346249E-01
  0.590353E-01     0.297577E-01     0.330434E-01     0.289562E-01     0.371808E-01
  0.429629E-01     0.361257E-01     0.338424E-01     0.318330E-01     0.545964E-01
  0.368642E-01     0.256653E-01     0.365297E-01     0.288410E-01     0.319493E-01
  0.417938E-01     0.886357E-01     0.372241E-01     0.434932E-01     0.434221E-01
  0.571755E-01     0.368348E-01     0.447521E-01     0.465614E-01     0.615716E-01
  0.531372E-01     0.625614E-01     0.586838E-01     0.512911E-01     0.509930E-01
  0.909454E-01     0.625986E-01     0.409154E-01     0.887883E-01     0.991355E-01
  0.821123E-01     0.102658E+00     0.997528E-01     0.961678E-01     0.105062E+00
  0.117331E+00     0.872645E-01     0.575270E-01     0.877883E-01     0.903026E-01
  0.814133E-01     0.864202E-01     0.828183E-01     0.920078E-01     0.901789E-01
  0.917912E-01     0.639376E-01     0.568961E-01     0.905180E-01     0.597530E-01
  0.508271E-01     0.587157E-01     0.848591E-01     0.523966E-01     0.531396E-01
  0.942460E-01     0.485629E-01     0.570172E-01     0.837815E-01     0.851066E-01
  0.768667E-01     0.893164E-01     0.870561E-01     0.789469E-01     0.762647E-01
  0.777271E-01     0.802764E-01     0.690519E-01     0.697941E-01     0.735849E-01
  0.103219E+00     0.899025E-01     0.941060E-01     0.993383E-01     0.964728E-01
  0.940610E-01     0.959056E-01     0.104063E+00     0.917218E-01     0.967889E-01
  0.916927E-01     0.925364E-01     0.101330E+00     0.878594E-01     0.985315E-01
  0.105266E+00     0.967422E-01     0.109108E+00     0.984699E-01     0.101852E+00
  0.873543E-01     0.962918E-01     0.110988E+00     0.102675E+00     0.992605E-01
  0.947074E-01     0.966622E-01     0.101199E+00     0.112930E+00     0.100786E+00
  0.103398E+00     0.102406E+00     0.106359E+00     0.921152E-01     0.100468E+00
  0.999789E-01     0.993704E-01     0.199341E+00     0.108177E+00     0.108365E+00
  0.985102E-01     0.848143E-01     0.867573E-01     0.831198E-01     0.798917E-01
  0.817181E-01     0.798960E-01     0.828963E-01     0.106371E+00     0.805533E-01
  0.157772E+00     0.818017E-01     0.123447E+00     0.819505E-01     0.196652E+00
  0.801128E-01     0.813759E-01     0.201825E+00     0.226037E+00     0.898426E-01
  0.113291E+00     0.112930E+00     0.107053E+00     0.107454E+00     0.118160E+00
  0.124215E+00     0.121481E+00     0.122259E+00     0.121905E+00     0.114012E+00
  0.120389E+00     0.116590E+00     0.121296E+00     0.112289E+00     0.112840E+00
  0.100388E+00     0.115885E+00     0.109356E+00     0.100972E+00     0.945725E-01
  0.101360E+00     0.983971E-01     0.109652E+00     0.110376E+00     0.102013E+00
  0.979342E-01     0.125081E+00     0.109477E+00     0.102145E+00     0.120107E+00
  0.147245E+00     0.103825E+00     0.118739E+00     0.106044E+00     0.113743E+00
  0.150233E+00     0.128672E+00     0.112290E+00     0.119229E+00     0.111194E+00
  0.121865E+00     0.105583E+00     0.952890E-01     0.105445E+00     0.105331E+00
  0.127522E+00     0.126872E+00     0.100350E+00     0.126679E+00     0.114499E+00
  0.154591E+00     0.120807E+00     0.126499E+00     0.104543E+00     0.110533E+00
  0.146070E+00     0.117369E+00     0.136930E+00     0.127417E+00     0.146988E+00
  0.107018E+00     0.118508E+00     0.125140E+00     0.115583E+00     0.123786E+00
  0.109366E+00     0.100554E+00     0.117020E+00     0.123933E+00     0.103207E+00
  0.117113E+00     0.126969E+00     0.647878E-01     0.117313E+00     0.116111E+00
  0.121677E+00     0.123394E+00     0.113091E+00     0.137646E+00     0.123363E+00
  0.130749E+00     0.142365E+00     0.140432E+00     0.118034E+00     0.128403E+00
  0.121611E+00     0.111390E+00     0.106716E+00     0.106135E+00     0.121355E+00
  0.127518E+00     0.141073E+00     0.119963E+00     0.118915E+00     0.123799E+00
  0.118614E+00     0.108165E+00     0.125073E+00     0.998336E-01     0.112878E+00
  0.115570E+00     0.140340E+00     0.133758E+00     0.129123E+00     0.129105E+00
  0.131875E+00     0.122535E+00     0.124625E+00     0.126503E+00     0.119295E+00
  0.108860E+00     0.120749E+00     0.121219E+00     0.129462E+00     0.109211E+00
  0.109286E+00     0.117613E+00     0.120082E+00     0.110116E+00     0.122437E+00
  0.120803E+00     0.113793E+00     0.121639E+00     0.884307E-01     0.127539E+00
  0.116009E+00     0.121733E+00     0.136991E+00     0.871308E-01     0.842726E-01
  0.130146E+00     0.109689E+00     0.806902E-01     0.871453E-01     0.894662E-01
  0.911312E-01     0.100558E+00     0.774284E-01     0.870506E-01     0.856060E-01
  0.769027E-01     0.108913E+00     0.102587E+00     0.990072E-01     0.956267E-01
  0.105019E+00     0.117075E+00     0.104264E+00     0.899281E-01     0.880129E-01
  0.108146E+00     0.919548E-01     0.980922E-01     0.931977E-01     0.818257E-01
  0.117411E+00     0.781443E-01     0.878247E-01     0.868709E-01     0.889933E-01
  0.902886E-01     0.921054E-01     0.850865E-01     0.847061E-01     0.979575E-01
  0.908337E-01     0.851602E-01     0.747147E-01     0.865373E-01     0.808862E-01
  0.106543E+00     0.118658E+00     0.904130E-01     0.783982E-01     0.855271E-01
  0.144362E+00     0.856173E-01     0.117761E+00     0.111156E+00     0.907595E-01
  0.993206E-01     0.886708E-01     0.777070E-01     0.134590E+00     0.890892E-01
  0.947141E-01     0.961439E-01     0.958038E-01     0.861856E-01     0.112414E+00
  0.100999E+00     0.917434E-01     0.926610E-01     0.117903E+00     0.100073E+00
  0.127675E+00     0.854425E-01     0.986875E-01     0.105477E+00     0.100843E+00
  0.106212E+00     0.123968E+00     0.969781E-01     0.960797E-01     0.972902E-01
  0.101062E+00     0.811792E-01     0.117907E+00     0.118016E+00     0.127691E+00
  0.109001E+00     0.842780E-01     0.130153E+00     0.104921E+00     0.899394E-01
  0.903492E-01     0.120034E+00     0.979540E-01     0.121323E+00     0.915559E-01
  0.101257E+00     0.943499E-01     0.929552E-01     0.103982E+00     0.986886E-01
  0.835715E-01     0.938248E-01     0.837421E-01     0.891823E-01     0.855763E-01
  0.932100E-01     0.110788E+00     0.116393E+00     0.102174E+00     0.149353E+00
  0.111559E+00     0.990812E-01     0.109883E+00     0.121514E+00     0.120660E+00
  0.107716E+00     0.118329E+00     0.127532E+00     0.934721E-01     0.951815E-01
  0.122032E+00     0.110518E+00     0.128108E+00     0.101776E+00     0.119514E+00
  0.959377E-01     0.111008E+00     0.120342E+00     0.117188E+00     0.113259E+00
  0.776327E-01     0.756762E-01     0.996437E-01     0.111785E+00     0.879513E-01
  0.101447E+00     0.968140E-01     0.955855E-01     0.120042E+00     0.111827E+00
  0.112863E+00     0.102006E+00     0.115373E+00     0.126412E+00     0.103142E+00
  0.102779E+00     0.120058E+00     0.120997E+00     0.125469E+00     0.101553E+00
  0.107210E+00     0.105904E+00     0.105951E+00     0.112395E+00     0.114020E+00
  0.128620E+00     0.128192E+00     0.121838E+00     0.110570E+00     0.105431E+00
  0.110474E+00     0.118669E+00     0.131733E+00     0.124768E+00     0.917381E-01
  0.123952E+00     0.122314E+00     0.102851E+00     0.102222E+00     0.115571E+00
  0.111878E+00     0.111847E+00     0.804874E-01     0.961407E-01     0.919888E-01
  0.109429E+00     0.116630E+00     0.122066E+00     0.961932E-01     0.957823E-01
  0.861674E-01     0.118689E+00     0.938897E-01     0.977416E-01     0.114052E+00
  0.752489E-01     0.132195E+00     0.122389E+00     0.124360E+00     0.122398E+00
  0.892955E-01     0.101244E+00     0.105641E+00     0.107922E+00     0.110458E+00
  0.101107E+00     0.109341E+00     0.998934E-01     0.113786E+00     0.126801E+00
  0.104589E+00     0.110427E+00     0.107158E+00     0.132405E+00     0.914178E-01
  0.988405E-01     0.891888E-01     0.102147E+00     0.967868E-01     0.111701E+00
  0.105203E+00     0.992048E-01     0.103891E+00     0.113498E+00     0.870396E-01
  0.109765E+00     0.103595E+00     0.117888E+00     0.118556E+00     0.130383E+00
  0.123469E+00     0.100271E+00     0.114393E+00     0.791850E-01     0.105725E+00
  0.112795E+00     0.937288E-01     0.113537E+00     0.105936E+00     0.880787E-01
  0.829365E-01     0.107166E+00     0.946192E-01     0.971030E-01     0.964916E-01
  0.899534E-01     0.951872E-01     0.947784E-01     0.870277E-01     0.904760E-01
  0.961250E-01     0.100356E+00     0.887894E-01     0.100813E+00     0.965814E-01
  0.992452E-01     0.820098E-01     0.108234E+00     0.132927E+00     0.100477E+00
  0.931044E-01     0.101973E+00     0.937542E-01     0.852727E-01     0.994963E-01
  0.713089E-01     0.987454E-01     0.105885E+00     0.105552E+00     0.915925E-01
  0.920039E-01     0.963023E-01     0.933861E-01     0.927686E-01     0.108859E+00
  0.974393E-01     0.733420E-01     0.974470E-01     0.973833E-01     0.839340E-01
  0.106137E+00     0.101840E+00     0.935322E-01     0.869510E-01     0.101965E+00
  0.978733E-01     0.827518E-01     0.109665E+00     0.109762E+00     0.109521E+00
  0.101007E+00     0.907942E-01     0.992175E-01     0.117901E+00     0.865167E-01
  0.879558E-01     0.847270E-01     0.884180E-01     0.102695E+00     0.889606E-01
  0.900911E-01     0.761285E-01     0.882373E-01     0.774010E-01     0.108731E+00
  0.103831E+00     0.949309E-01     0.102710E+00     0.912616E-01     0.963686E-01
  0.907242E-01     0.948118E-01     0.883278E-01     0.823091E-01     0.107042E+00
  0.110061E+00     0.894610E-01     0.685727E-01     0.740505E-01     0.869921E-01
  0.801825E-01     0.786461E-01     0.634328E-01     0.878114E-01     0.740493E-01
  0.844416E-01     0.965932E-01     0.622717E-01     0.656553E-01     0.762512E-01
  0.719342E-01     0.786891E-01     0.676997E-01     0.739711E-01     0.844243E-01
  0.807448E-01     0.878049E-01     0.854604E-01     0.987995E-01     0.102769E+00
  0.917463E-01     0.937806E-01     0.940412E-01     0.890836E-01     0.902182E-01
  0.934249E-01     0.925227E-01     0.929103E-01     0.899707E-01     0.853511E-01
  0.781735E-01     0.753160E-01     0.989760E-01     0.687108E-01     0.984297E-01
  0.768339E-01     0.863630E-01     0.772326E-01     0.834222E-01     0.895061E-01
  0.866980E-01     0.946254E-01     0.806841E-01     0.935933E-01     0.778742E-01
  0.858961E-01     0.781936E-01     0.835438E-01     0.930817E-01     0.753228E-01
  0.895587E-01     0.903385E-01     0.805469E-01     0.783550E-01     0.876318E-01
  0.819397E-01     0.789938E-01     0.849910E-01     0.770687E-01     0.728650E-01
  0.761708E-01     0.689552E-01     0.739995E-01     0.785984E-01     0.799558E-01
  0.775295E-01     0.744086E-01     0.743713E-01     0.731192E-01     0.718309E-01
  0.663049E-01     0.996438E-01     0.661694E-01     0.728399E-01     0.100253E+00
  0.883590E-01     0.107965E+00     0.880360E-01     0.867209E-01     0.103383E+00
  0.828099E-01     0.880322E-01     0.642322E-01     0.951278E-01     0.743518E-01
  0.833428E-01     0.761013E-01     0.790852E-01     0.896509E-01     0.831054E-01
  0.853393E-01     0.894315E-01     0.839403E-01     0.782832E-01     0.869542E-01
  0.107594E+00     0.820438E-01     0.860366E-01     0.651088E-01     0.805070E-01
  0.813890E-01     0.808673E-01     0.695028E-01     0.807073E-01     0.733736E-01
  0.882690E-01     0.799421E-01     0.933344E-01     0.683498E-01     0.793951E-01
  0.949437E-01     0.823942E-01     0.647360E-01     0.831478E-01     0.823313E-01
  0.955570E-01     0.829767E-01     0.679087E-01     0.730672E-01     0.762848E-01
  0.684499E-01     0.816609E-01     0.835421E-01     0.907019E-01     0.840256E-01
  0.901301E-01     0.797196E-01     0.716543E-01     0.801273E-01     0.864584E-01
  0.698189E-01     0.797898E-01     0.758688E-01     0.772301E-01     0.754635E-01
  0.880512E-01     0.774319E-01     0.959839E-01     0.108997E+00     0.779198E-01
  0.751071E-01     0.903303E-01     0.940628E-01     0.971075E-01     0.103171E+00
  0.778899E-01     0.675253E-01     0.679352E-01     0.810040E-01     0.782186E-01
  0.106934E+00     0.103325E+00     0.895470E-01     0.717267E-01     0.660843E-01
  0.683986E-01     0.742690E-01     0.763010E-01     0.572624E-01     0.642195E-01
  0.654771E-01     0.905734E-01     0.101281E+00     0.835507E-01     0.616387E-01
  0.503427E-01     0.707061E-01     0.519185E-01     0.100354E+00     0.858236E-01
  0.876509E-01     0.775306E-01     0.882444E-01     0.781774E-01     0.769243E-01
  0.733933E-01     0.970970E-01     0.919792E-01     0.929532E-01     0.879445E-01
  0.813295E-01     0.670336E-01     0.614253E-01     0.842789E-01     0.658388E-01
  0.749483E-01     0.687125E-01     0.891923E-01     0.907884E-01     0.704656E-01
  0.705818E-01     0.837824E-01     0.635740E-01     0.965456E-01     0.899300E-01
  0.757317E-01     0.903570E-01     0.646507E-01     0.988809E-01     0.905477E-01
  0.855583E-01     0.788889E-01     0.656734E-01     0.746038E-01     0.837344E-01
  0.899669E-01     0.114007E+00     0.925232E-01     0.961466E-01     0.986552E-01
  0.101619E+00     0.100083E+00     0.865513E-01     0.999156E-01     0.965250E-01
  0.884646E-01     0.903718E-01     0.101641E+00     0.998633E-01     0.946270E-01
  0.105745E+00     0.106867E+00     0.975317E-01     0.898854E-01     0.100552E+00
  0.109195E+00     0.990702E-01     0.101796E+00     0.117195E+00     0.116578E+00
  0.109853E+00     0.102876E+00     0.963973E-01     0.109584E+00     0.120755E+00
  0.104768E+00     0.101638E+00     0.111846E+00     0.130051E+00     0.118153E+00
  0.978806E-01     0.136424E+00     0.116046E+00     0.979679E-01     0.109968E+00
  0.106560E+00     0.965788E-01     0.970051E-01     0.897936E-01     0.941187E-01
  0.853952E-01     0.985676E-01     0.124456E+00     0.122969E+00     0.116844E+00
  0.129872E+00     0.118912E+00     0.105957E+00     0.113120E+00     0.101422E+00
  0.943128E-01     0.109051E+00     0.919875E-01     0.133951E+00     0.120844E+00
  0.134788E+00     0.128488E+00     0.121037E+00     0.117000E+00     0.103443E+00
  0.117879E+00     0.117946E+00     0.117621E+00     0.134356E+00     0.155383E+00
  0.157316E+00     0.104816E+00     0.111271E+00     0.137130E+00     0.129349E+00
  0.156156E+00     0.122026E+00     0.136699E+00     0.138822E+00     0.151352E+00
  0.477037E-01     0.841631E-01     0.101317E+00     0.987418E-01     0.109303E+00
  0.731486E-01     0.689074E-01     0.868584E-01     0.186516E+00     0.284929E+00
  0.390463E+00     0.883164E-01     0.450501E+00     0.473682E+00     0.478382E+00
  0.600787E+00     0.349351E+00     0.335207E+00     0.552646E+00     0.645345E+00
  0.493069E+00     0.405800E+00     0.499791E+00     0.463934E+00     0.518235E+00
  0.439379E+00     0.592551E+00     0.697054E+00     0.725383E+00     0.580752E+00
  0.724298E+00     0.625903E+00     0.789149E+00     0.795404E+00     0.645053E+00
  0.763144E+00     0.848365E+00     0.847688E+00     0.970858E+00     0.821215E+00
  0.100177E+01     0.796902E+00     0.908451E+00     0.902027E+00     0.961364E+00
  0.816141E+00     0.908820E+00     0.813068E+00     0.699064E+00     0.893244E+00
  0.954985E+00     0.105275E+01     0.860014E+00     0.118418E+01     0.117021E+01
  0.113688E+01     0.128570E+01     0.145055E+01
 eigen energies, in ev
    -46.376935       -46.256903       -46.184268       -45.908114       -45.573606
    -28.024232       -27.997972       -27.781640       -27.646450       -27.632699
    -27.619520       -27.609332       -27.566299       -27.534739       -27.532759
    -27.511944       -27.476924       -27.450284       -27.427476       -27.401521
    -27.389185       -27.386621       -27.355066       -27.347993       -27.345595
    -27.320913       -27.315277       -27.287391       -27.217354       -27.182624
    -27.140426       -27.090588       -27.086464       -27.063387       -27.055635
    -27.043023       -27.032193       -26.985943       -26.976967       -26.905632
    -26.891612       -26.877372       -26.869314       -26.856085       -26.845560
    -26.838857       -26.836953       -26.826632       -26.790695       -26.775667
    -26.747674       -26.732891       -26.729464       -26.719195       -26.683434
    -26.636274       -26.622486       -26.489626       -26.482937       -26.480581
    -26.466253       -26.464825       -26.399235       -26.384785       -26.366114
    -26.337204       -26.318358       -26.303621       -26.241985       -26.239013
    -26.164968       -26.095891       -26.035544       -26.031250       -25.931239
    -25.890448       -25.886357       -25.871473       -25.864531       -25.822132
    -25.816529       -25.781857       -25.771405       -25.769645       -25.684572
    -25.646582       -25.630069       -25.598534       -25.588074       -25.537078
    -25.503144       -25.499050       -25.492969       -25.485919       -25.475199
    -25.466364       -25.449458       -25.426934       -25.370474       -25.330282
    -25.310342       -25.305920       -25.266652       -25.226023       -25.189779
    -25.161897       -25.141873       -25.128963       -25.105889       -25.101050
    -25.097762       -25.086700       -25.064249       -25.062345       -25.028121
    -24.998785       -24.997337       -24.961838       -24.924594       -24.908030
    -24.899858       -24.885794       -24.878956       -24.869417       -24.865708
    -24.860567       -24.851527       -24.848065       -24.841460       -24.786909
    -24.762762       -24.756177       -24.746333       -24.720574       -24.676212
    -24.647434       -24.630916       -24.577415       -24.544338       -24.543661
    -24.495243       -24.463861       -24.457054       -24.402496       -24.398776
    -24.318716       -24.293733       -24.165162       -24.117065       -24.065958
    -23.974816       -23.865110       -23.473894       -23.442158       -23.435946
    -23.293521       -23.291299       -23.249650       -23.181912       -23.176918
    -23.157695       -23.055162       -22.974234       -22.945237       -22.933601
    -22.922904       -22.844935       -22.827030       -22.753448       -22.672679
    -22.647616       -22.571476       -22.552981       -22.549407       -22.533251
    -22.505304       -22.406969       -22.387691       -22.349680       -22.262126
    -22.255172       -22.183533       -22.092619       -21.971668       -21.910750
    -21.819110       -21.781688       -21.412521       -21.384869       -21.117269
    -19.476077       -19.177122       -18.819827       -18.773842       -18.688144
    -16.599776       -16.549216       -16.521817       -16.370553       -16.267453
    -16.118709       -16.113523       -16.062506       -16.034003       -15.984128
    -15.937856       -15.931030       -15.822882       -15.795688       -15.784066
    -15.697149       -15.588349       -15.551968       -15.532058       -15.526415
    -15.519304       -15.484501       -15.410459       -15.398341       -15.261066
    -15.134546       -15.099187       -15.091093       -14.998973       -14.976335
    -14.827743       -14.722997       -14.712463       -14.689540       -14.621822
    -14.591985       -14.574367       -14.477263       -14.326012       -14.240748
    -14.233706       -14.224692       -14.178195       -14.128761       -14.112826
    -14.080222       -14.068917       -14.054427       -13.910129       -13.838459
    -13.827235       -13.811748       -13.698036       -13.652386       -13.612409
    -13.500901       -13.428189       -13.424588       -13.049275       -13.025892
    -13.011073       -12.966154       -12.937157       -12.899963       -12.854808
    -12.809494       -12.720808       -12.693074       -12.656257       -12.609509
    -12.579136       -12.548443       -12.499529       -12.372866       -12.281139
    -12.266587       -12.197582       -12.182565       -12.020602       -12.017584
    -11.982896       -11.964099       -11.806633       -11.770932       -11.745186
    -11.696384       -11.634404       -11.618555       -11.615406       -11.609730
    -11.566225       -11.512741       -11.469574       -11.462675       -11.450777
    -11.388521       -11.336799       -11.335362       -11.329669       -11.318536
    -11.289371       -11.272424       -11.192126       -11.145017       -11.126302
    -11.081576       -10.993417       -10.944652       -10.923860       -10.916109
    -10.909524       -10.895962       -10.859864       -10.857215       -10.855069
    -10.846848       -10.826358       -10.807605       -10.806935       -10.776418
    -10.682199       -10.667213       -10.638489       -10.592043       -10.568393
    -10.467121       -10.409120       -10.394464       -10.379520       -10.356694
    -10.271300       -10.208086       -10.170892       -10.161252       -10.129163
    -10.127141       -10.102570       -10.097743       -10.089299       -10.057711
    -10.038366       -10.012093        -9.977836        -9.957070        -9.924053
     -9.911621        -9.902075        -9.890641        -9.888891        -9.868106
     -9.859313        -9.849481        -9.838876        -9.831375        -9.828838
     -9.826349        -9.795612        -9.765110        -9.762540        -9.760653
     -9.755916        -9.741943        -9.735423        -9.731999        -9.725280
     -9.716534        -9.711230        -9.705879        -9.681629        -9.672378
     -9.660882        -9.660266        -9.652576        -9.638711        -9.637825
     -9.621965        -9.615222        -9.605467        -9.598206        -9.594897
     -9.570160        -9.549737        -9.537470        -9.527460        -9.506069
     -9.496514        -9.480443        -9.474526        -9.436507        -9.431932
     -9.418636        -9.415224        -9.404344        -9.401479        -9.380940
     -9.366965        -9.359797        -9.343151        -9.336490        -9.323043
     -9.301142        -9.290757        -9.281004        -9.276129        -9.260456
     -9.250644        -9.235764        -9.229599        -9.224765        -9.221446
     -9.212298        -9.183735        -9.180527        -9.176728        -9.165643
     -9.160262        -9.157765        -9.146894        -9.137990        -9.108168
     -9.098741        -9.097493        -9.077023        -9.069895        -9.063746
     -9.045867        -9.023577        -9.005139        -8.997103        -8.984806
     -8.975457        -8.957627        -8.943732        -8.938136        -8.913488
     -8.911915        -8.902292        -8.892862        -8.876218        -8.866450
     -8.863701        -8.845504        -8.841521        -8.834633        -8.824701
     -8.821496        -8.791896        -8.785049        -8.777134        -8.765324
     -8.746073        -8.735022        -8.718244        -8.705957        -8.695589
     -8.687853        -8.680267        -8.676493        -8.653721        -8.650816
     -8.641750        -8.623582        -8.618025        -8.604481        -8.591365
     -8.576679        -8.560185        -8.558816        -8.549874        -8.542520
     -8.527842        -8.520750        -8.512423        -8.501968        -8.469242
     -8.466623        -8.455111        -8.454269        -8.442629        -8.440105
     -8.429730        -8.418062        -8.403557        -8.401834        -8.389449
     -8.371613        -8.354289        -8.334771        -8.319933        -8.315039
     -8.303929        -8.301275        -8.283317        -8.279578        -8.272284
     -8.261304        -8.252383        -8.238537        -8.219802        -8.217589
     -8.201496        -8.174923        -8.137450        -8.101108        -8.085091
     -8.063987        -8.062723        -8.055624        -8.043560        -8.031893
     -7.978550        -7.949933        -7.926342        -7.924727        -7.918327
     -7.868717        -7.858614        -7.829850        -7.827559        -7.802362
     -7.787207        -7.775606        -7.765166        -7.739665        -7.728837
     -7.671816        -7.644369        -7.606332        -7.577482        -7.567627
     -7.539078        -7.532730        -7.524100        -7.515960        -7.494946
     -7.456520        -7.443973        -7.408855        -7.391407        -7.384797
     -7.370770        -7.359514        -7.353000        -7.341003        -7.247297
     -7.203328        -7.169071        -7.143605        -7.138321        -7.122368
     -7.114169        -7.091237        -7.086046        -7.056026        -7.034795
     -7.024509        -6.966794        -6.954463        -6.928614        -6.920560
     -6.902832        -6.893752        -6.882408        -6.867402        -6.850704
     -6.835275        -6.825133        -6.814014        -6.787833        -6.754918
     -6.724679        -6.692588        -6.686746        -6.676815        -6.646763
     -6.627919        -6.614529        -6.607768        -6.596542        -6.573494
     -6.558100        -6.537623        -6.516479        -6.498541        -6.477621
     -6.473616        -6.466692        -6.456033        -6.453269        -6.447813
     -6.440034        -6.428122        -6.413138        -6.408761        -6.399194
     -6.395585        -6.380892        -6.371776        -6.368809        -6.336110
     -6.330177        -6.314138        -6.309667        -6.288194        -6.264740
     -6.257080        -6.238209        -6.228775        -6.209426        -6.200938
     -6.178389        -6.171026        -6.163816        -6.146401        -6.144388
     -6.131097        -6.127047        -6.121525        -6.099539        -6.096004
     -6.086700        -6.077145        -6.070512        -6.059792        -6.051063
     -6.047345        -6.038380        -6.036542        -6.034008        -6.020852
     -6.014201        -6.005082        -5.989025        -5.982528        -5.974672
     -5.962977        -5.955667        -5.936003        -5.930094        -5.918254
     -5.911351        -5.902098        -5.893163        -5.878732        -5.874651
     -5.869019        -5.858187        -5.852481        -5.842401        -5.831139
     -5.828978        -5.818652        -5.814286        -5.807073        -5.799020
     -5.792312        -5.783187        -5.775496        -5.757122        -5.751007
     -5.740333        -5.732510        -5.725443        -5.720209        -5.716197
     -5.704817        -5.702893        -5.691116        -5.673133        -5.669656
     -5.661229        -5.655850        -5.651018        -5.642880        -5.627480
     -5.622575        -5.613023        -5.609282        -5.600056        -5.599655
     -5.584827        -5.581497        -5.571897        -5.567611        -5.558274
     -5.549672        -5.541108        -5.527035        -5.525199        -5.517576
     -5.514337        -5.510325        -5.496953        -5.494280        -5.490690
     -5.486006        -5.480587        -5.471887        -5.463190        -5.451568
     -5.440732        -5.438470        -5.433011        -5.427660        -5.414476
     -5.404639        -5.400175        -5.392770        -5.385287        -5.374900
     -5.370895        -5.362845        -5.360782        -5.350059        -5.340228
     -5.336223        -5.330434        -5.323790        -5.312921        -5.307692
     -5.295703        -5.276428        -5.275550        -5.270256        -5.260954
     -5.253003        -5.250818        -5.246042        -5.236352        -5.230104
     -5.224983        -5.214990        -5.207905        -5.201723        -5.197739
     -5.192279        -5.184594        -5.181733        -5.175205        -5.172893
     -5.166505        -5.162578        -5.153744        -5.149433        -5.147221
     -5.140280        -5.134996        -5.133251        -5.124240        -5.110534
     -5.107577        -5.103281        -5.095852        -5.091983        -5.083103
     -5.069224        -5.062334        -5.057832        -5.051592        -5.047215
     -5.034995        -5.033540        -5.024884        -5.009247        -5.001072
     -4.996139        -4.981080        -4.974520        -4.972695        -4.964129
     -4.952679        -4.949458        -4.943541        -4.938622        -4.929397
     -4.917233        -4.915191        -4.906678        -4.902518        -4.899556
     -4.888945        -4.886037        -4.879196        -4.877273        -4.866940
     -4.862308        -4.857155        -4.854617        -4.842789        -4.835324
     -4.829957        -4.826238        -4.821682        -4.812472        -4.807320
     -4.804121        -4.798773        -4.795068        -4.787800        -4.774876
     -4.770154        -4.764736        -4.763143        -4.758292        -4.756398
     -4.753560        -4.748634        -4.736523        -4.735463        -4.728407
     -4.724968        -4.716592        -4.713989        -4.705553        -4.698971
     -4.694979        -4.681789        -4.678632        -4.671254        -4.665084
     -4.659757        -4.655604        -4.649453        -4.645390        -4.634313
     -4.629836        -4.624487        -4.621068        -4.613342        -4.604164
     -4.580975        -4.577477        -4.575448        -4.567993        -4.556655
     -4.551198        -4.541584        -4.540338        -4.530177        -4.521011
     -4.518793        -4.497470        -4.493747        -4.483319        -4.476818
     -4.469714        -4.462719        -4.455726        -4.438269        -4.426716
     -4.421195        -4.419505        -4.409177        -4.405870        -4.389010
     -4.387323        -4.383899        -4.364092        -4.358154        -4.354016
     -4.343144        -4.334007        -4.327781        -4.319493        -4.309625
     -4.305974        -4.298275        -4.290056        -4.281198        -4.273721
     -4.269792        -4.258331        -4.254028        -4.244655        -4.224696
     -4.203555        -4.185132        -4.181002        -4.177465        -4.172257
     -4.163533        -4.139590        -4.122204        -4.101639        -4.086559
     -4.080131        -4.069245        -4.060092        -4.058630        -4.045805
     -4.032603        -4.025818        -4.017377        -4.015988        -4.002014
     -3.996606        -3.982720        -3.941315        -3.937323        -3.936535
     -3.926096        -3.879850        -3.872749        -3.856973        -3.844982
     -3.835341        -3.825423        -3.824104        -3.808132        -3.794410
     -3.767064        -3.748221        -3.721593        -3.687847        -3.670936
     -3.663745        -3.623906        -3.602797        -3.600904        -3.588402
     -3.562160        -3.530574        -3.510646        -3.506364        -3.459321
     -3.456853        -3.453085        -3.417759        -3.398096        -3.385857
     -3.363833        -3.348698        -3.278505        -3.266549        -3.254346
     -3.248767        -3.240126        -3.235532        -3.234488        -3.219515
     -3.205871        -3.187555        -3.125942        -3.099988        -3.097181
     -3.089301        -3.081030        -3.075622        -3.056371        -3.015646
     -2.997187        -2.990064        -2.979889        -2.943433        -2.936652
     -2.910564        -2.886230        -2.885425        -2.859551        -2.846520
     -2.825871        -2.810143        -2.804331        -2.793150        -2.787018
     -2.783850        -2.739930        -2.706206        -2.611936        -2.564590
     -2.536721        -2.469845        -2.365100        -2.247915        -2.031325
      1.143360         1.457165         1.548985         1.585155         1.661361
      1.685399         1.708130         1.740259         1.971986         1.994804
      2.190610         2.232108         2.598310         2.661346         2.791061
      2.803332         2.866321         3.019189         3.084518         3.130113
      3.216569         3.266583         3.334988         3.371486         3.400434
      3.424663         3.451742         3.503773         3.542797         3.606972
      3.615758         3.646312         3.708824         3.743767         3.777817
      3.803081         3.832980         3.845329         3.916133         3.954160
      3.985723         3.994158         4.029104         4.042598         4.069789
      4.101200         4.138600         4.150626         4.193220         4.211836
      4.232542         4.244803         4.298835         4.324486         4.387633
      4.398184         4.441590         4.482414
 *********************************
 sum eigen(dbl occ, ryd)=  -1552.39943639696     
 *********************************
 Ef(eV)=  -1.14219532815388     
 ***************************************************
 iter=           9
 ---------------------------------------------------
 dvE, dvE(n)-dvE(n-1) = 0.1819E-03 -.1084E-03
 dv_ave, drho_tot     = 0.1349E-01 0.3051E-01
 err of ug            = 0.6623E-02
 ---------------------------------------------------
 Ewald        = -.42716155442192E+05
 Alpha        = 0.15207970391171E+04
 E_extV       = 0.00000000000000E+00    0.0000E+00
 E_NSC        = -.21504600204322E+05    0.5165E+03
 E[-rho*V_Hxc]= -.12069235981497E+06    -.4847E+03
 E_Hxc        = 0.50478378568412E+05    0.3683E+03
 -TS          = -.80714337899395E-15    0.1779E-11
 E_tot(eV)    = -.13291393985396E+06    0.3186E+02
 ---------------------------------------------------
 E_ion,E_coul,E_xc =   -221382.4667072   79108.0555503  -28629.6769819
Ewald+Hart+ion    -0.1849905665991E+06
 ave(vtot)=ave_(V_xc)=: v0= -0.289777847938253     
 Eigen energies are values after setting ave_vtot=0
 ----------------------------------
 One SCF use:    85.9883141517639       s
 *********************************
 ****** kpt=           1
 err of each states, eV
  0.168580E-01     0.162639E-01     0.161566E-01     0.185318E-01     0.143270E-01
  0.149146E-01     0.129022E-01     0.145241E-01     0.249127E-01     0.139275E-01
  0.146113E-01     0.139506E-01     0.254805E-01     0.155935E-01     0.213619E-01
  0.220399E-01     0.153441E-01     0.154497E-01     0.157211E-01     0.161417E-01
  0.179866E-01     0.168578E-01     0.176952E-01     0.154802E-01     0.147766E-01
  0.223443E-01     0.146315E-01     0.147117E-01     0.136618E-01     0.155526E-01
  0.154227E-01     0.146814E-01     0.146150E-01     0.206868E-01     0.133111E-01
  0.163725E-01     0.143621E-01     0.167441E-01     0.157443E-01     0.190966E-01
  0.150619E-01     0.168821E-01     0.187394E-01     0.167196E-01     0.157951E-01
  0.267409E-01     0.281108E-01     0.146166E-01     0.232833E-01     0.159251E-01
  0.193437E-01     0.182067E-01     0.168660E-01     0.147283E-01     0.153781E-01
  0.186594E-01     0.146412E-01     0.275112E-01     0.307438E-01     0.167588E-01
  0.151604E-01     0.135985E-01     0.170102E-01     0.135351E-01     0.261924E-01
  0.163764E-01     0.161242E-01     0.129541E-01     0.148433E-01     0.156572E-01
  0.144352E-01     0.157393E-01     0.228230E-01     0.172236E-01     0.301918E-01
  0.229494E-01     0.156930E-01     0.276490E-01     0.295341E-01     0.148456E-01
  0.257495E-01     0.282261E-01     0.263378E-01     0.283965E-01     0.235361E-01
  0.212957E-01     0.161798E-01     0.287305E-01     0.271516E-01     0.181744E-01
  0.341135E-01     0.244562E-01     0.265946E-01     0.323983E-01     0.297516E-01
  0.283252E-01     0.323899E-01     0.294130E-01     0.255998E-01     0.216524E-01
  0.296989E-01     0.295618E-01     0.301470E-01     0.290192E-01     0.264032E-01
  0.281704E-01     0.281996E-01     0.263782E-01     0.202414E-01     0.177422E-01
  0.334005E-01     0.241055E-01     0.281627E-01     0.229355E-01     0.315872E-01
  0.280520E-01     0.190387E-01     0.323248E-01     0.246797E-01     0.258076E-01
  0.273368E-01     0.186746E-01     0.199930E-01     0.258047E-01     0.290509E-01
  0.219369E-01     0.244416E-01     0.290209E-01     0.295922E-01     0.291214E-01
  0.280336E-01     0.292578E-01     0.289473E-01     0.280526E-01     0.336448E-01
  0.294941E-01     0.301379E-01     0.356414E-01     0.292778E-01     0.315198E-01
  0.324261E-01     0.268723E-01     0.392557E-01     0.316103E-01     0.359810E-01
  0.363731E-01     0.313989E-01     0.293838E-01     0.318317E-01     0.334970E-01
  0.268217E-01     0.335048E-01     0.330083E-01     0.356413E-01     0.302666E-01
  0.273783E-01     0.387621E-01     0.281777E-01     0.254757E-01     0.237437E-01
  0.226640E-01     0.243487E-01     0.319802E-01     0.244498E-01     0.388036E-01
  0.250945E-01     0.275920E-01     0.240631E-01     0.372972E-01     0.320708E-01
  0.420373E-01     0.259457E-01     0.441756E-01     0.374100E-01     0.228962E-01
  0.319376E-01     0.416577E-01     0.384801E-01     0.393363E-01     0.273951E-01
  0.262814E-01     0.417260E-01     0.413011E-01     0.209698E-01     0.227766E-01
  0.245174E-01     0.221152E-01     0.224295E-01     0.229947E-01     0.223961E-01
  0.267631E-01     0.237615E-01     0.230228E-01     0.220752E-01     0.258588E-01
  0.224681E-01     0.223515E-01     0.246551E-01     0.287741E-01     0.298838E-01
  0.216597E-01     0.233850E-01     0.191607E-01     0.342618E-01     0.306076E-01
  0.211142E-01     0.216041E-01     0.250365E-01     0.200432E-01     0.230558E-01
  0.259212E-01     0.256558E-01     0.233686E-01     0.300884E-01     0.350955E-01
  0.323836E-01     0.318191E-01     0.198754E-01     0.330794E-01     0.294631E-01
  0.339037E-01     0.394659E-01     0.388346E-01     0.265533E-01     0.265971E-01
  0.223805E-01     0.301486E-01     0.339703E-01     0.292065E-01     0.214742E-01
  0.350166E-01     0.321954E-01     0.353809E-01     0.364426E-01     0.283359E-01
  0.375381E-01     0.277880E-01     0.340840E-01     0.345503E-01     0.346460E-01
  0.259824E-01     0.379214E-01     0.397630E-01     0.359948E-01     0.330335E-01
  0.377623E-01     0.420279E-01     0.339941E-01     0.344602E-01     0.308276E-01
  0.311470E-01     0.293417E-01     0.326075E-01     0.283933E-01     0.322606E-01
  0.329162E-01     0.321115E-01     0.335372E-01     0.289827E-01     0.283657E-01
  0.299352E-01     0.325171E-01     0.322813E-01     0.443016E-01     0.410299E-01
  0.300618E-01     0.305615E-01     0.307395E-01     0.291918E-01     0.317121E-01
  0.285294E-01     0.310773E-01     0.297526E-01     0.320018E-01     0.315537E-01
  0.322595E-01     0.314867E-01     0.316018E-01     0.316645E-01     0.317057E-01
  0.315178E-01     0.328847E-01     0.288332E-01     0.336721E-01     0.358585E-01
  0.331541E-01     0.370839E-01     0.338607E-01     0.332326E-01     0.285510E-01
  0.337270E-01     0.306884E-01     0.320031E-01     0.351355E-01     0.279909E-01
  0.279539E-01     0.267168E-01     0.213782E-01     0.321338E-01     0.293620E-01
  0.301927E-01     0.364797E-01     0.202153E-01     0.258567E-01     0.244088E-01
  0.286354E-01     0.272330E-01     0.191602E-01     0.250201E-01     0.305110E-01
  0.229159E-01     0.212401E-01     0.383578E-01     0.312156E-01     0.350140E-01
  0.329878E-01     0.235521E-01     0.294927E-01     0.319305E-01     0.274340E-01
  0.285989E-01     0.263243E-01     0.305454E-01     0.406785E-01     0.287677E-01
  0.307304E-01     0.209765E-01     0.264059E-01     0.317150E-01     0.376184E-01
  0.401248E-01     0.296250E-01     0.313757E-01     0.349266E-01     0.406542E-01
  0.289300E-01     0.250554E-01     0.268230E-01     0.230738E-01     0.239558E-01
  0.312630E-01     0.281076E-01     0.244005E-01     0.227647E-01     0.190428E-01
  0.217445E-01     0.247828E-01     0.285156E-01     0.280086E-01     0.338236E-01
  0.282348E-01     0.225151E-01     0.267644E-01     0.328531E-01     0.346174E-01
  0.235194E-01     0.259860E-01     0.251915E-01     0.219297E-01     0.282109E-01
  0.270912E-01     0.243802E-01     0.253316E-01     0.262625E-01     0.258513E-01
  0.201263E-01     0.316665E-01     0.176742E-01     0.285769E-01     0.182241E-01
  0.276350E-01     0.296979E-01     0.218056E-01     0.373107E-01     0.167336E-01
  0.245413E-01     0.241564E-01     0.205477E-01     0.443114E-01     0.225080E-01
  0.278805E-01     0.177678E-01     0.157210E-01     0.208032E-01     0.338314E-01
  0.277086E-01     0.262848E-01     0.312305E-01     0.204304E-01     0.207751E-01
  0.221551E-01     0.209855E-01     0.245746E-01     0.272972E-01     0.244540E-01
  0.225056E-01     0.404775E-01     0.230049E-01     0.206134E-01     0.321191E-01
  0.269443E-01     0.319816E-01     0.257500E-01     0.235753E-01     0.314460E-01
  0.304537E-01     0.200554E-01     0.343136E-01     0.299966E-01     0.348258E-01
  0.256842E-01     0.226038E-01     0.237360E-01     0.277023E-01     0.236924E-01
  0.360928E-01     0.391413E-01     0.250964E-01     0.322650E-01     0.192633E-01
  0.203110E-01     0.229585E-01     0.290408E-01     0.295605E-01     0.232222E-01
  0.251142E-01     0.278251E-01     0.294318E-01     0.218658E-01     0.221587E-01
  0.215507E-01     0.249066E-01     0.237996E-01     0.347820E-01     0.301873E-01
  0.263789E-01     0.221698E-01     0.290107E-01     0.252597E-01     0.230209E-01
  0.248033E-01     0.254101E-01     0.249220E-01     0.287604E-01     0.271482E-01
  0.264202E-01     0.210235E-01     0.235150E-01     0.252462E-01     0.297129E-01
  0.272736E-01     0.247370E-01     0.214271E-01     0.236471E-01     0.231905E-01
  0.174925E-01     0.246945E-01     0.173156E-01     0.265923E-01     0.244122E-01
  0.278851E-01     0.255451E-01     0.223623E-01     0.224372E-01     0.246467E-01
  0.249541E-01     0.216648E-01     0.239868E-01     0.245405E-01     0.223859E-01
  0.220618E-01     0.258646E-01     0.239671E-01     0.261800E-01     0.265188E-01
  0.239541E-01     0.261315E-01     0.262625E-01     0.271486E-01     0.238852E-01
  0.263190E-01     0.238100E-01     0.239385E-01     0.231604E-01     0.216314E-01
  0.195574E-01     0.233490E-01     0.237092E-01     0.272507E-01     0.248355E-01
  0.269242E-01     0.289270E-01     0.278629E-01     0.261112E-01     0.292882E-01
  0.304070E-01     0.267435E-01     0.280619E-01     0.259879E-01     0.358328E-01
  0.262579E-01     0.264262E-01     0.299979E-01     0.313996E-01     0.243511E-01
  0.285150E-01     0.251186E-01     0.317969E-01     0.284397E-01     0.275250E-01
  0.272590E-01     0.292223E-01     0.291498E-01     0.369702E-01     0.283323E-01
  0.292020E-01     0.225793E-01     0.259346E-01     0.306562E-01     0.347190E-01
  0.281622E-01     0.281229E-01     0.336882E-01     0.320425E-01     0.323357E-01
  0.274696E-01     0.292925E-01     0.282938E-01     0.340551E-01     0.260012E-01
  0.293491E-01     0.249525E-01     0.270984E-01     0.256513E-01     0.247804E-01
  0.218724E-01     0.249708E-01     0.195988E-01     0.325065E-01     0.238884E-01
  0.325613E-01     0.253278E-01     0.191027E-01     0.229361E-01     0.392303E-01
  0.412915E-01     0.434504E-01     0.299060E-01     0.206775E-01     0.327209E-01
  0.222177E-01     0.348857E-01     0.276541E-01     0.262205E-01     0.369638E-01
  0.277126E-01     0.267292E-01     0.301720E-01     0.386360E-01     0.239410E-01
  0.235519E-01     0.294354E-01     0.336012E-01     0.245018E-01     0.321856E-01
  0.287216E-01     0.320974E-01     0.336223E-01     0.255780E-01     0.296226E-01
  0.271137E-01     0.242678E-01     0.300143E-01     0.243598E-01     0.303118E-01
  0.325454E-01     0.269605E-01     0.292102E-01     0.276216E-01     0.328979E-01
  0.317627E-01     0.327823E-01     0.222590E-01     0.318616E-01     0.350420E-01
  0.396981E-01     0.313841E-01     0.323847E-01     0.331003E-01     0.425836E-01
  0.270823E-01     0.323820E-01     0.283039E-01     0.269522E-01     0.255815E-01
  0.248138E-01     0.314816E-01     0.285539E-01     0.276485E-01     0.295440E-01
  0.264665E-01     0.272430E-01     0.289599E-01     0.264051E-01     0.258829E-01
  0.230818E-01     0.238801E-01     0.252034E-01     0.235964E-01     0.274044E-01
  0.270560E-01     0.272229E-01     0.262541E-01     0.284389E-01     0.283189E-01
  0.293558E-01     0.278029E-01     0.268042E-01     0.276915E-01     0.258431E-01
  0.277497E-01     0.280766E-01     0.269109E-01     0.253120E-01     0.261635E-01
  0.279674E-01     0.259459E-01     0.260357E-01     0.286711E-01     0.276059E-01
  0.243566E-01     0.280066E-01     0.288071E-01     0.245882E-01     0.274484E-01
  0.276468E-01     0.260506E-01     0.305483E-01     0.260792E-01     0.237755E-01
  0.240700E-01     0.239474E-01     0.250994E-01     0.241622E-01     0.268929E-01
  0.265205E-01     0.279863E-01     0.287073E-01     0.265227E-01     0.262109E-01
  0.229806E-01     0.225900E-01     0.260588E-01     0.260172E-01     0.238447E-01
  0.258715E-01     0.221121E-01     0.248500E-01     0.248065E-01     0.273464E-01
  0.265005E-01     0.245339E-01     0.254384E-01     0.254109E-01     0.274930E-01
  0.274093E-01     0.246511E-01     0.246882E-01     0.259949E-01     0.264808E-01
  0.257339E-01     0.259560E-01     0.232111E-01     0.229840E-01     0.211362E-01
  0.252454E-01     0.227551E-01     0.224031E-01     0.241847E-01     0.236501E-01
  0.211079E-01     0.257725E-01     0.250586E-01     0.255223E-01     0.247175E-01
  0.272831E-01     0.252570E-01     0.267319E-01     0.250407E-01     0.295623E-01
  0.255554E-01     0.265741E-01     0.265604E-01     0.285812E-01     0.276995E-01
  0.249484E-01     0.289501E-01     0.298276E-01     0.257742E-01     0.266657E-01
  0.275605E-01     0.280904E-01     0.284601E-01     0.254284E-01     0.268815E-01
  0.251358E-01     0.275141E-01     0.275266E-01     0.252154E-01     0.256308E-01
  0.249590E-01     0.272817E-01     0.256878E-01     0.251573E-01     0.243656E-01
  0.258386E-01     0.254430E-01     0.244801E-01     0.235497E-01     0.226617E-01
  0.248670E-01     0.258895E-01     0.255861E-01     0.234553E-01     0.242559E-01
  0.263896E-01     0.258313E-01     0.243191E-01     0.239641E-01     0.267131E-01
  0.307270E-01     0.269658E-01     0.288589E-01     0.260631E-01     0.204848E-01
  0.297504E-01     0.305508E-01     0.293226E-01     0.305710E-01     0.277828E-01
  0.261226E-01     0.260516E-01     0.296620E-01     0.289249E-01     0.267272E-01
  0.285226E-01     0.258176E-01     0.284039E-01     0.272408E-01     0.273557E-01
  0.252442E-01     0.270818E-01     0.297046E-01     0.316453E-01     0.249556E-01
  0.286653E-01     0.317450E-01     0.267998E-01     0.308586E-01     0.284593E-01
  0.240243E-01     0.323502E-01     0.291052E-01     0.348431E-01     0.349653E-01
  0.257196E-01     0.302050E-01     0.280933E-01     0.285594E-01     0.286391E-01
  0.234993E-01     0.258689E-01     0.244251E-01     0.271363E-01     0.219384E-01
  0.264433E-01     0.253604E-01     0.240603E-01     0.284054E-01     0.253839E-01
  0.302965E-01     0.332068E-01     0.279027E-01     0.266667E-01     0.338723E-01
  0.288247E-01     0.231789E-01     0.262853E-01     0.245525E-01     0.275011E-01
  0.295893E-01     0.294780E-01     0.274580E-01     0.267832E-01     0.214901E-01
  0.262764E-01     0.222411E-01     0.250878E-01     0.241129E-01     0.261816E-01
  0.271627E-01     0.257327E-01     0.288693E-01     0.301867E-01     0.286520E-01
  0.257399E-01     0.294108E-01     0.267376E-01     0.303848E-01     0.323108E-01
  0.341901E-01     0.279872E-01     0.226904E-01     0.297350E-01     0.232247E-01
  0.324580E-01     0.307809E-01     0.302834E-01     0.295630E-01     0.307923E-01
  0.316990E-01     0.278858E-01     0.329168E-01     0.285668E-01     0.283072E-01
  0.279114E-01     0.325636E-01     0.302588E-01     0.288768E-01     0.269808E-01
  0.290224E-01     0.341388E-01     0.269947E-01     0.253942E-01     0.311493E-01
  0.296855E-01     0.244127E-01     0.262850E-01     0.298063E-01     0.252299E-01
  0.278035E-01     0.297740E-01     0.208711E-01     0.300284E-01     0.239554E-01
  0.252477E-01     0.242085E-01     0.282356E-01     0.278901E-01     0.272322E-01
  0.280421E-01     0.238399E-01     0.271706E-01     0.191763E-01     0.327930E-01
  0.225227E-01     0.294687E-01     0.240697E-01     0.296377E-01     0.291554E-01
  0.322793E-01     0.379681E-01     0.297651E-01     0.295462E-01     0.251915E-01
  0.238833E-01     0.278828E-01     0.286194E-01     0.283627E-01     0.242852E-01
  0.269179E-01     0.218023E-01     0.295570E-01     0.253049E-01     0.221234E-01
  0.280035E-01     0.263508E-01     0.291516E-01     0.391466E-01     0.292848E-01
  0.214325E-01     0.209676E-01     0.315766E-01     0.251653E-01     0.246347E-01
  0.224687E-01     0.380129E-01     0.238045E-01     0.273220E-01     0.393001E-01
  0.269282E-01     0.320476E-01     0.320326E-01     0.306872E-01     0.293040E-01
  0.265871E-01     0.257549E-01     0.268305E-01     0.266948E-01     0.247517E-01
  0.258098E-01     0.290989E-01     0.263709E-01     0.262220E-01     0.323407E-01
  0.331041E-01     0.253586E-01     0.341114E-01     0.316880E-01     0.355719E-01
  0.365971E-01     0.342772E-01     0.257309E-01     0.299416E-01     0.261852E-01
  0.316202E-01     0.347516E-01     0.369845E-01     0.352492E-01     0.289949E-01
  0.313621E-01     0.448384E-01     0.341292E-01     0.425559E-01     0.340440E-01
  0.258260E-01     0.242641E-01     0.286999E-01     0.292815E-01     0.353256E-01
  0.355729E-01     0.390206E-01     0.349070E-01     0.383611E-01     0.305164E-01
  0.252643E-01     0.371284E-01     0.481525E-01     0.327340E-01     0.428727E-01
  0.372982E-01     0.285332E-01     0.342483E-01     0.293434E-01     0.378069E-01
  0.360701E-01     0.304053E-01     0.284117E-01     0.412731E-01     0.416992E-01
  0.430296E-01     0.406949E-01     0.581724E-01     0.371799E-01     0.397365E-01
  0.284565E-01     0.353967E-01     0.471065E-01     0.464353E-01     0.460611E-01
  0.422394E-01     0.399705E-01     0.398041E-01     0.270722E-01     0.235075E-01
  0.493156E-01     0.483586E-01     0.501831E-01     0.458530E-01     0.490749E-01
  0.395162E-01     0.706044E-01     0.639281E-01     0.562368E-01     0.132111E+00
  0.123760E+00     0.505049E-01     0.521682E-01     0.521124E-01     0.152172E+00
  0.905294E-01     0.552067E-01     0.224706E+00     0.239940E+00     0.293438E+00
  0.240346E+00     0.271899E+00     0.323062E+00     0.247833E+00     0.232994E+00
  0.265909E+00     0.310464E+00     0.382316E+00     0.510952E+00     0.517498E+00
  0.341223E+00     0.363852E+00     0.469581E+00     0.227199E+00     0.398685E+00
  0.379810E+00     0.539436E+00     0.639670E+00     0.534389E+00     0.451876E+00
  0.435835E+00     0.336901E+00     0.541705E+00     0.331706E+00     0.357287E+00
  0.461697E+00     0.574297E+00     0.464065E+00     0.490515E+00     0.525249E+00
  0.524537E+00     0.396584E+00     0.650599E+00     0.514120E+00     0.538476E+00
  0.520377E+00     0.577678E+00     0.595003E+00     0.774508E+00     0.600927E+00
  0.564301E+00     0.757827E+00     0.805202E+00
 eigen energies, in ev
    -46.110734       -46.014543       -46.010784       -45.807006       -45.331219
    -28.142216       -28.061418       -27.908296       -27.774258       -27.719216
    -27.698723       -27.680784       -27.656718       -27.651825       -27.636268
    -27.604293       -27.582703       -27.539517       -27.518797       -27.470081
    -27.459739       -27.446042       -27.443327       -27.428806       -27.420314
    -27.396282       -27.395968       -27.364635       -27.301436       -27.291678
    -27.191596       -27.158423       -27.149235       -27.148594       -27.145769
    -27.131731       -27.122201       -27.050335       -27.029127       -26.990236
    -26.969100       -26.958245       -26.937909       -26.929484       -26.922417
    -26.920159       -26.909836       -26.908382       -26.902099       -26.864050
    -26.858357       -26.800294       -26.779996       -26.773316       -26.756955
    -26.704428       -26.668578       -26.602278       -26.590519       -26.586657
    -26.554266       -26.510671       -26.479038       -26.449557       -26.448479
    -26.427118       -26.391517       -26.345765       -26.318984       -26.264736
    -26.218401       -26.164913       -26.133334       -26.088945       -26.001437
    -25.954295       -25.947794       -25.933410       -25.922903       -25.907307
    -25.871515       -25.870936       -25.849988       -25.835593       -25.745331
    -25.736359       -25.690300       -25.659700       -25.657242       -25.609002
    -25.568884       -25.568673       -25.567328       -25.535310       -25.518041
    -25.509838       -25.509822       -25.496673       -25.405431       -25.396026
    -25.368652       -25.363294       -25.333830       -25.261481       -25.224487
    -25.198471       -25.176757       -25.167598       -25.150303       -25.137182
    -25.119908       -25.102761       -25.101278       -25.080788       -25.063758
    -25.016318       -24.993850       -24.969160       -24.951442       -24.944022
    -24.943858       -24.942462       -24.936759       -24.936513       -24.918516
    -24.913662       -24.876659       -24.788202       -24.780920       -24.770331
    -24.755289       -24.722871       -24.687863       -24.660504       -24.644533
    -24.629110       -24.590324       -24.554958       -24.522735       -24.353904
    -24.303867       -24.182053       -24.172091       -24.154434       -24.135487
    -24.131282       -24.089998       -24.080171       -24.079686       -24.004870
    -23.938018       -23.888414       -23.517933       -23.468295       -23.460782
    -23.357328       -23.341000       -23.236306       -23.220449       -23.118820
    -23.076923       -23.011530       -22.980051       -22.960878       -22.894239
    -22.892524       -22.766906       -22.534011       -22.527255       -22.512862
    -22.469127       -22.384127       -22.361955       -22.306124       -22.281383
    -22.260059       -22.242122       -22.225613       -22.214893       -22.174463
    -22.093069       -22.076740       -22.069630       -21.972648       -21.929221
    -21.840343       -21.722850       -21.453904       -21.422583       -21.162070
    -19.571109       -19.274592       -18.911803       -18.901736       -18.813331
    -16.090818       -16.057794       -15.986107       -15.954556       -15.893214
    -15.883021       -15.836583       -15.776949       -15.721889       -15.662937
    -15.642594       -15.638644       -15.602212       -15.539543       -15.474701
    -15.464245       -15.437706       -15.436376       -15.411728       -15.383585
    -15.376769       -15.303380       -15.244825       -15.140201       -14.863480
    -14.819653       -14.811141       -14.657374       -14.579691       -14.567198
    -14.540882       -14.519669       -14.456319       -14.433092       -14.303290
    -14.279112       -14.186064       -14.182309       -14.163364       -14.152459
    -14.143422       -14.109911       -14.102041       -14.053400       -14.035199
    -14.020673       -14.001790       -13.946751       -13.829195       -13.784354
    -13.765745       -13.750175       -13.735135       -13.635527       -13.549933
    -13.404962       -13.360837       -13.359817       -12.976619       -12.920932
    -12.906011       -12.849888       -12.842947       -12.817920       -12.791461
    -12.733773       -12.606399       -12.592629       -12.531008       -12.408041
    -12.105242       -12.082713       -12.072800       -12.027681       -11.989246
    -11.969416       -11.878262       -11.805054       -11.788289       -11.765905
    -11.760743       -11.756206       -11.670732       -11.667455       -11.639580
    -11.634086       -11.616766       -11.610759       -11.577765       -11.531493
    -11.518352       -11.478156       -11.451101       -11.433353       -11.375938
    -11.346249       -11.330114       -11.293375       -11.286028       -11.258529
    -11.209235       -11.184240       -11.147062       -11.127651       -11.121926
    -11.010537       -10.981250       -10.947621       -10.903888       -10.889202
    -10.847327       -10.841842       -10.809282       -10.797201       -10.787856
    -10.616655       -10.575217       -10.536353       -10.517792       -10.457592
    -10.430422       -10.386977       -10.381512       -10.374278       -10.360016
    -10.330424       -10.311073       -10.280153       -10.266223       -10.255088
    -10.193858       -10.178819       -10.153090       -10.142065       -10.096261
    -10.091479       -10.067047       -10.061376       -10.052466       -10.021324
     -9.991625        -9.975114        -9.949959        -9.939556        -9.932512
     -9.912069        -9.892517        -9.871956        -9.866739        -9.857951
     -9.848524        -9.834836        -9.826419        -9.814314        -9.787476
     -9.776393        -9.773477        -9.755891        -9.736166        -9.728744
     -9.722373        -9.721289        -9.717315        -9.714582        -9.704063
     -9.691317        -9.668348        -9.663263        -9.658278        -9.647575
     -9.643421        -9.596922        -9.592878        -9.583342        -9.575513
     -9.566131        -9.562995        -9.553388        -9.540910        -9.523504
     -9.520595        -9.478878        -9.474241        -9.460154        -9.428592
     -9.423554        -9.418253        -9.400821        -9.384883        -9.371873
     -9.368732        -9.351693        -9.326356        -9.322500        -9.311698
     -9.297315        -9.282217        -9.270240        -9.263491        -9.254110
     -9.241012        -9.233667        -9.223684        -9.214179        -9.183792
     -9.176560        -9.168013        -9.161969        -9.145255        -9.134332
     -9.133855        -9.119998        -9.114102        -9.107777        -9.098560
     -9.092497        -9.083702        -9.079869        -9.050467        -9.042222
     -9.041355        -9.031368        -9.013898        -9.008155        -8.988375
     -8.977616        -8.950891        -8.928513        -8.918006        -8.879871
     -8.874087        -8.866476        -8.863352        -8.843616        -8.832786
     -8.824078        -8.820776        -8.806154        -8.790173        -8.781525
     -8.766468        -8.764369        -8.738168        -8.719718        -8.702617
     -8.694277        -8.687812        -8.686474        -8.678510        -8.659716
     -8.646794        -8.642430        -8.631792        -8.628536        -8.613870
     -8.593523        -8.588499        -8.563140        -8.555629        -8.547980
     -8.541479        -8.530165        -8.525334        -8.498221        -8.489498
     -8.470828        -8.463592        -8.454083        -8.446070        -8.441479
     -8.426078        -8.417851        -8.404717        -8.397039        -8.390161
     -8.379906        -8.371930        -8.350819        -8.338099        -8.333530
     -8.328765        -8.320414        -8.313985        -8.305880        -8.294562
     -8.282990        -8.269261        -8.263800        -8.258218        -8.244562
     -8.228921        -8.212590        -8.205355        -8.190302        -8.168145
     -8.161662        -8.140906        -8.134725        -8.124159        -8.093323
     -8.085662        -8.057724        -8.035371        -8.002653        -7.966325
     -7.949286        -7.938547        -7.925415        -7.895688        -7.887598
     -7.878471        -7.870093        -7.864618        -7.844973        -7.800915
     -7.787203        -7.763318        -7.731130        -7.717857        -7.672154
     -7.620858        -7.602879        -7.554838        -7.535152        -7.524665
     -7.511725        -7.475829        -7.455934        -7.450230        -7.442416
     -7.403177        -7.397067        -7.374014        -7.367607        -7.358587
     -7.349548        -7.344815        -7.284753        -7.280801        -7.245219
     -7.202235        -7.192464        -7.173587        -7.157565        -7.135944
     -7.113074        -7.104112        -7.093942        -7.048425        -6.982108
     -6.971409        -6.970311        -6.931620        -6.900844        -6.882384
     -6.872752        -6.826851        -6.805832        -6.804007        -6.773900
     -6.769446        -6.758626        -6.752021        -6.727579        -6.690769
     -6.655271        -6.642946        -6.621167        -6.620727        -6.599038
     -6.581135        -6.560275        -6.539993        -6.517682        -6.516291
     -6.500996        -6.486441        -6.481396        -6.472067        -6.438783
     -6.430573        -6.426815        -6.416641        -6.408822        -6.392453
     -6.378003        -6.370788        -6.358187        -6.349797        -6.333807
     -6.322229        -6.279866        -6.270069        -6.265196        -6.232099
     -6.217446        -6.208287        -6.201020        -6.190195        -6.175389
     -6.166594        -6.151499        -6.147741        -6.141194        -6.139906
     -6.134687        -6.122372        -6.115271        -6.096872        -6.093144
     -6.079065        -6.065667        -6.058374        -6.046015        -6.034409
     -6.019660        -6.015005        -6.012955        -6.009775        -5.999006
     -5.988140        -5.975050        -5.968151        -5.948926        -5.945419
     -5.936962        -5.924872        -5.918111        -5.906441        -5.897418
     -5.886086        -5.880230        -5.864659        -5.859192        -5.854957
     -5.850257        -5.844761        -5.839255        -5.829601        -5.826997
     -5.811007        -5.804489        -5.803680        -5.789117        -5.765830
     -5.752311        -5.745808        -5.730597        -5.727337        -5.724421
     -5.719710        -5.711194        -5.703672        -5.696133        -5.690918
     -5.678265        -5.666644        -5.663354        -5.652451        -5.646635
     -5.642626        -5.634417        -5.630757        -5.626477        -5.615668
     -5.607274        -5.595223        -5.589709        -5.584418        -5.568479
     -5.566805        -5.556511        -5.549145        -5.543203        -5.540356
     -5.532048        -5.526140        -5.524237        -5.511808        -5.501601
     -5.494257        -5.491192        -5.486204        -5.483943        -5.478373
     -5.473726        -5.468810        -5.460379        -5.447396        -5.439765
     -5.429555        -5.428570        -5.416294        -5.408823        -5.404694
     -5.401688        -5.389441        -5.378019        -5.370673        -5.367116
     -5.363401        -5.350709        -5.347329        -5.341602        -5.335285
     -5.331828        -5.316045        -5.309014        -5.298380        -5.291476
     -5.288170        -5.284855        -5.270432        -5.268304        -5.257362
     -5.244753        -5.234100        -5.228543        -5.219355        -5.213702
     -5.207310        -5.202677        -5.195208        -5.191993        -5.189011
     -5.179095        -5.167483        -5.160122        -5.153925        -5.148508
     -5.141407        -5.133215        -5.125498        -5.117257        -5.108704
     -5.107660        -5.104959        -5.097968        -5.086123        -5.081834
     -5.079195        -5.067162        -5.061391        -5.056289        -5.050462
     -5.047193        -5.042929        -5.042028        -5.035937        -5.025905
     -5.020021        -5.019251        -5.006594        -5.000476        -4.994822
     -4.989918        -4.982929        -4.978778        -4.956520        -4.954480
     -4.953121        -4.944224        -4.940240        -4.933183        -4.929219
     -4.920637        -4.918400        -4.910715        -4.906351        -4.903194
     -4.897350        -4.895168        -4.891164        -4.883831        -4.875615
     -4.871461        -4.866528        -4.854893        -4.849670        -4.844130
     -4.839574        -4.831455        -4.825024        -4.822876        -4.820897
     -4.812925        -4.808304        -4.802611        -4.796223        -4.791797
     -4.786607        -4.785276        -4.770418        -4.765751        -4.763510
     -4.758205        -4.754153        -4.751366        -4.744123        -4.742812
     -4.729449        -4.724012        -4.713992        -4.711766        -4.708058
     -4.702204        -4.697440        -4.684907        -4.684509        -4.680009
     -4.668102        -4.661577        -4.649630        -4.648328        -4.646946
     -4.636553        -4.631173        -4.620934        -4.612049        -4.606030
     -4.601206        -4.590394        -4.577892        -4.570748        -4.566804
     -4.557871        -4.550767        -4.549328        -4.533309        -4.524252
     -4.523860        -4.516290        -4.512727        -4.507127        -4.498073
     -4.491110        -4.480760        -4.474454        -4.456626        -4.455233
     -4.447627        -4.443947        -4.431889        -4.425898        -4.424655
     -4.415262        -4.402311        -4.399453        -4.370973        -4.369665
     -4.366979        -4.362636        -4.352344        -4.351338        -4.334494
     -4.331594        -4.322312        -4.316289        -4.313366        -4.303872
     -4.283828        -4.274288        -4.264106        -4.253661        -4.245025
     -4.241195        -4.233488        -4.218889        -4.211240        -4.199599
     -4.184716        -4.174796        -4.166661        -4.162459        -4.151891
     -4.140718        -4.130649        -4.115780        -4.102348        -4.087273
     -4.085272        -4.079014        -4.063278        -4.040615        -4.027547
     -4.014747        -4.006099        -3.995778        -3.994239        -3.991000
     -3.970676        -3.949825        -3.909712        -3.877913        -3.864992
     -3.855027        -3.785666        -3.767604        -3.764619        -3.750157
     -3.748277        -3.733497        -3.702024        -3.682580        -3.677576
     -3.635561        -3.612513        -3.579101        -3.577818        -3.556539
     -3.550704        -3.535015        -3.526524        -3.510945        -3.503377
     -3.501253        -3.494113        -3.478191        -3.464652        -3.463622
     -3.449935        -3.449578        -3.419880        -3.414709        -3.376334
     -3.359664        -3.351467        -3.339020        -3.310682        -3.289046
     -3.272294        -3.265312        -3.249688        -3.219178        -3.203523
     -3.197944        -3.166641        -3.153509        -3.146047        -3.141343
     -3.130022        -3.121947        -3.085971        -3.053918        -3.039278
     -3.015610        -3.009550        -3.006051        -2.954479        -2.946315
     -2.929948        -2.926680        -2.915537        -2.892105        -2.877732
     -2.874303        -2.821112        -2.800398        -2.775567        -2.774527
     -2.763918        -2.748591        -2.727724        -2.722182        -2.720772
     -2.710685        -2.706364        -2.674055        -2.649123        -2.542178
     -2.536864        -2.443001        -2.257625        -2.173454        -1.931945
      1.479090         1.739762         1.846754         1.868572         1.907829
      1.965970         2.001001         2.015120         2.037274         2.133173
      2.309894         2.507888         2.592535         2.648910         2.716071
      2.795840         2.947844         3.076077         3.130471         3.156231
      3.252397         3.287000         3.328357         3.370801         3.420092
      3.484875         3.508203         3.515140         3.585174         3.627817
      3.663173         3.700593         3.712223         3.767339         3.832107
      3.868077         3.875451         3.881535         3.963869         3.993037
      4.014240         4.027446         4.056528         4.081457         4.104702
      4.126997         4.169569         4.186600         4.222062         4.264723
      4.278203         4.305645         4.323597         4.347978         4.403323
      4.443116         4.500912         4.520184
 *********************************
 sum eigen(dbl occ, ryd)=  -1540.42284692555     
 *********************************
 Ef(eV)=  0.726943437217735     
 ***************************************************
 iter=          10
 ---------------------------------------------------
 dvE, dvE(n)-dvE(n-1) = 0.4805E-04 -.1339E-03
 dv_ave, drho_tot     = 0.6932E-02 0.1051E-01
 err of ug            = 0.2025E-02
 ---------------------------------------------------
 Ewald        = -.42716155442192E+05
 Alpha        = 0.15207970391171E+04
 E_extV       = 0.00000000000000E+00    0.0000E+00
 E_NSC        = -.21350302059231E+05    0.1543E+03
 E[-rho*V_Hxc]= -.12094309288687E+06    -.1490E+03
 E_Hxc        = 0.50580080614767E+05    0.1017E+03
 -TS          = -.13348671833728E-12    -.1327E-12
 E_tot(eV)    = -.13290867273441E+06    0.5267E+01
 ---------------------------------------------------
 E_ion,E_coul,E_xc =   -221442.0046169   79278.7461085  -28698.6654937
Ewald+Hart+ion    -0.1848794139506E+06
 ave(vtot)=ave_(V_xc)=: v0= -0.287729165980897     
 Eigen energies are values after setting ave_vtot=0
 ----------------------------------
 One SCF use:    85.9465250968933       s
 *********************************
 ****** kpt=           1
 err of each states, eV
  0.385548E-02     0.214887E-02     0.313432E-02     0.498405E-02     0.716328E-02
  0.352346E-02     0.325474E-02     0.357825E-02     0.645642E-02     0.413043E-02
  0.355797E-02     0.311917E-02     0.363505E-02     0.729588E-02     0.653773E-02
  0.372392E-02     0.613855E-02     0.315588E-02     0.398702E-02     0.439571E-02
  0.410668E-02     0.398226E-02     0.365463E-02     0.430085E-02     0.317356E-02
  0.384636E-02     0.389964E-02     0.645372E-02     0.376060E-02     0.319630E-02
  0.304228E-02     0.372168E-02     0.352102E-02     0.344065E-02     0.414881E-02
  0.386155E-02     0.361622E-02     0.394837E-02     0.363881E-02     0.372802E-02
  0.390507E-02     0.418998E-02     0.453299E-02     0.327289E-02     0.690931E-02
  0.383331E-02     0.341442E-02     0.450897E-02     0.726959E-02     0.597496E-02
  0.363387E-02     0.409436E-02     0.394878E-02     0.348718E-02     0.282969E-02
  0.396845E-02     0.340638E-02     0.717232E-02     0.755114E-02     0.367616E-02
  0.335910E-02     0.282719E-02     0.306117E-02     0.332820E-02     0.331782E-02
  0.366665E-02     0.380430E-02     0.297294E-02     0.273506E-02     0.364284E-02
  0.367009E-02     0.340159E-02     0.468259E-02     0.343535E-02     0.711568E-02
  0.486387E-02     0.319126E-02     0.463084E-02     0.430296E-02     0.441131E-02
  0.345164E-02     0.415253E-02     0.359883E-02     0.327000E-02     0.466799E-02
  0.489465E-02     0.355306E-02     0.325473E-02     0.304228E-02     0.495131E-02
  0.509503E-02     0.533117E-02     0.504515E-02     0.492564E-02     0.329636E-02
  0.320696E-02     0.480529E-02     0.380629E-02     0.358368E-02     0.444893E-02
  0.386305E-02     0.453219E-02     0.367792E-02     0.332174E-02     0.324179E-02
  0.365150E-02     0.366616E-02     0.348296E-02     0.492487E-02     0.509107E-02
  0.426702E-02     0.444211E-02     0.295293E-02     0.478068E-02     0.726330E-02
  0.414546E-02     0.508673E-02     0.483618E-02     0.492898E-02     0.335956E-02
  0.468630E-02     0.419684E-02     0.496705E-02     0.308472E-02     0.445102E-02
  0.518973E-02     0.560512E-02     0.335210E-02     0.318192E-02     0.364512E-02
  0.776519E-02     0.319809E-02     0.332663E-02     0.482727E-02     0.345520E-02
  0.584323E-02     0.331125E-02     0.593150E-02     0.653549E-02     0.849416E-02
  0.362902E-02     0.588308E-02     0.801663E-02     0.850410E-02     0.792899E-02
  0.696190E-02     0.661287E-02     0.589657E-02     0.514741E-02     0.756521E-02
  0.586623E-02     0.921782E-02     0.743663E-02     0.605102E-02     0.843072E-02
  0.582907E-02     0.915853E-02     0.470044E-02     0.528401E-02     0.548956E-02
  0.476089E-02     0.467165E-02     0.636255E-02     0.392523E-02     0.505510E-02
  0.490812E-02     0.103569E-01     0.482943E-02     0.633468E-02     0.461501E-02
  0.102530E-01     0.101511E-01     0.463516E-02     0.578114E-02     0.437737E-02
  0.876416E-02     0.801606E-02     0.516885E-02     0.903078E-02     0.859029E-02
  0.896668E-02     0.565116E-02     0.875600E-02     0.930078E-02     0.624431E-02
  0.641396E-02     0.629362E-02     0.511553E-02     0.498924E-02     0.495213E-02
  0.803164E-02     0.597880E-02     0.622034E-02     0.626709E-02     0.719424E-02
  0.791655E-02     0.887801E-02     0.840444E-02     0.898211E-02     0.795099E-02
  0.859287E-02     0.881257E-02     0.840372E-02     0.864006E-02     0.830219E-02
  0.712927E-02     0.817446E-02     0.889502E-02     0.799921E-02     0.812123E-02
  0.819825E-02     0.759040E-02     0.740060E-02     0.787448E-02     0.803544E-02
  0.805170E-02     0.967319E-02     0.834693E-02     0.854038E-02     0.785186E-02
  0.766104E-02     0.764068E-02     0.772059E-02     0.618232E-02     0.758984E-02
  0.801873E-02     0.878359E-02     0.853684E-02     0.633107E-02     0.774158E-02
  0.631137E-02     0.746171E-02     0.626779E-02     0.812399E-02     0.757562E-02
  0.637519E-02     0.570086E-02     0.575378E-02     0.802931E-02     0.590678E-02
  0.877056E-02     0.723746E-02     0.792087E-02     0.596771E-02     0.599447E-02
  0.629643E-02     0.638817E-02     0.687757E-02     0.633207E-02     0.840204E-02
  0.686360E-02     0.713562E-02     0.583710E-02     0.624518E-02     0.604508E-02
  0.667684E-02     0.621896E-02     0.567861E-02     0.645259E-02     0.628939E-02
  0.614040E-02     0.620591E-02     0.520604E-02     0.552253E-02     0.571881E-02
  0.658095E-02     0.672437E-02     0.716188E-02     0.898082E-02     0.778100E-02
  0.810043E-02     0.758575E-02     0.518169E-02     0.817542E-02     0.809522E-02
  0.741397E-02     0.589927E-02     0.648721E-02     0.766473E-02     0.679172E-02
  0.701231E-02     0.524385E-02     0.572064E-02     0.690693E-02     0.668308E-02
  0.745911E-02     0.508252E-02     0.571619E-02     0.726933E-02     0.503197E-02
  0.548985E-02     0.627660E-02     0.465132E-02     0.561454E-02     0.568140E-02
  0.597175E-02     0.767252E-02     0.523618E-02     0.528023E-02     0.660694E-02
  0.629413E-02     0.458090E-02     0.682263E-02     0.586540E-02     0.516059E-02
  0.490183E-02     0.524458E-02     0.508967E-02     0.547804E-02     0.716355E-02
  0.486333E-02     0.480451E-02     0.700624E-02     0.582806E-02     0.798228E-02
  0.690691E-02     0.698667E-02     0.605540E-02     0.640128E-02     0.588155E-02
  0.827005E-02     0.696194E-02     0.616864E-02     0.663976E-02     0.690060E-02
  0.602601E-02     0.713257E-02     0.690100E-02     0.689611E-02     0.693671E-02
  0.715747E-02     0.722790E-02     0.684508E-02     0.694793E-02     0.661797E-02
  0.617891E-02     0.710880E-02     0.686469E-02     0.647680E-02     0.698291E-02
  0.673777E-02     0.690740E-02     0.662718E-02     0.636257E-02     0.630685E-02
  0.737425E-02     0.638155E-02     0.616203E-02     0.642299E-02     0.618826E-02
  0.688706E-02     0.743133E-02     0.660083E-02     0.645837E-02     0.681758E-02
  0.688914E-02     0.651359E-02     0.711001E-02     0.789861E-02     0.713630E-02
  0.620873E-02     0.642210E-02     0.638316E-02     0.610883E-02     0.626769E-02
  0.825270E-02     0.633618E-02     0.613759E-02     0.604535E-02     0.566857E-02
  0.563489E-02     0.639984E-02     0.550280E-02     0.600320E-02     0.764001E-02
  0.698167E-02     0.766897E-02     0.494915E-02     0.561899E-02     0.668307E-02
  0.701728E-02     0.654991E-02     0.703960E-02     0.109902E-01     0.700368E-02
  0.696416E-02     0.685827E-02     0.739401E-02     0.749240E-02     0.672640E-02
  0.566708E-02     0.913494E-02     0.825755E-02     0.793092E-02     0.704919E-02
  0.712591E-02     0.763462E-02     0.637471E-02     0.590755E-02     0.943122E-02
  0.710296E-02     0.566766E-02     0.585927E-02     0.589770E-02     0.617276E-02
  0.558640E-02     0.636958E-02     0.552915E-02     0.670088E-02     0.607327E-02
  0.630288E-02     0.692192E-02     0.102665E-01     0.651240E-02     0.924802E-02
  0.475352E-02     0.745541E-02     0.837947E-02     0.782674E-02     0.584085E-02
  0.112364E-01     0.923335E-02     0.684266E-02     0.658155E-02     0.755739E-02
  0.899682E-02     0.835112E-02     0.668182E-02     0.813531E-02     0.767833E-02
  0.775748E-02     0.726716E-02     0.628221E-02     0.740006E-02     0.697089E-02
  0.796530E-02     0.637498E-02     0.678247E-02     0.640700E-02     0.650286E-02
  0.606728E-02     0.789012E-02     0.771336E-02     0.749416E-02     0.623156E-02
  0.729164E-02     0.758089E-02     0.766328E-02     0.695806E-02     0.801084E-02
  0.754175E-02     0.872240E-02     0.906346E-02     0.886734E-02     0.754318E-02
  0.659949E-02     0.714471E-02     0.897570E-02     0.693532E-02     0.724610E-02
  0.761494E-02     0.790122E-02     0.657254E-02     0.811812E-02     0.735335E-02
  0.813946E-02     0.799868E-02     0.824537E-02     0.843908E-02     0.944693E-02
  0.753781E-02     0.710265E-02     0.762262E-02     0.845038E-02     0.797717E-02
  0.740029E-02     0.822255E-02     0.678018E-02     0.982397E-02     0.795773E-02
  0.795692E-02     0.110036E-01     0.800122E-02     0.129002E-01     0.883618E-02
  0.886066E-02     0.816036E-02     0.889175E-02     0.107901E-01     0.873544E-02
  0.798931E-02     0.772690E-02     0.755885E-02     0.796103E-02     0.916996E-02
  0.113057E-01     0.131648E-01     0.683736E-02     0.836438E-02     0.117493E-01
  0.844738E-02     0.718148E-02     0.835850E-02     0.689332E-02     0.744315E-02
  0.870670E-02     0.814663E-02     0.788601E-02     0.880911E-02     0.899257E-02
  0.112900E-01     0.120449E-01     0.119575E-01     0.758558E-02     0.108234E-01
  0.112306E-01     0.722817E-02     0.755502E-02     0.891683E-02     0.673905E-02
  0.745237E-02     0.689313E-02     0.829426E-02     0.868553E-02     0.832354E-02
  0.779109E-02     0.757861E-02     0.697983E-02     0.808055E-02     0.837982E-02
  0.717300E-02     0.764642E-02     0.818294E-02     0.891551E-02     0.760110E-02
  0.842787E-02     0.898784E-02     0.926536E-02     0.965321E-02     0.842128E-02
  0.868965E-02     0.789902E-02     0.966876E-02     0.854925E-02     0.813792E-02
  0.867428E-02     0.927764E-02     0.900362E-02     0.623374E-02     0.700994E-02
  0.858616E-02     0.945793E-02     0.776362E-02     0.965593E-02     0.729274E-02
  0.774385E-02     0.808854E-02     0.641291E-02     0.947107E-02     0.808666E-02
  0.777502E-02     0.695537E-02     0.721886E-02     0.715619E-02     0.800180E-02
  0.556634E-02     0.827824E-02     0.924415E-02     0.752504E-02     0.889330E-02
  0.570596E-02     0.751284E-02     0.814887E-02     0.812878E-02     0.714374E-02
  0.568793E-02     0.825460E-02     0.890384E-02     0.897695E-02     0.825337E-02
  0.897049E-02     0.810163E-02     0.820397E-02     0.919445E-02     0.820989E-02
  0.893160E-02     0.802749E-02     0.826653E-02     0.752536E-02     0.732600E-02
  0.572935E-02     0.611653E-02     0.644432E-02     0.723899E-02     0.763287E-02
  0.650048E-02     0.619580E-02     0.769032E-02     0.736064E-02     0.763503E-02
  0.692914E-02     0.710272E-02     0.672679E-02     0.762883E-02     0.716270E-02
  0.703177E-02     0.758785E-02     0.771392E-02     0.674377E-02     0.692377E-02
  0.752151E-02     0.673297E-02     0.777243E-02     0.628436E-02     0.562365E-02
  0.759498E-02     0.852642E-02     0.695578E-02     0.632470E-02     0.810653E-02
  0.805847E-02     0.935003E-02     0.925582E-02     0.691537E-02     0.880834E-02
  0.821736E-02     0.804901E-02     0.741889E-02     0.786531E-02     0.764685E-02
  0.893691E-02     0.792506E-02     0.727828E-02     0.692673E-02     0.781061E-02
  0.756012E-02     0.781450E-02     0.789879E-02     0.877564E-02     0.102738E-01
  0.759212E-02     0.793399E-02     0.749460E-02     0.770973E-02     0.683555E-02
  0.782093E-02     0.727422E-02     0.777754E-02     0.693877E-02     0.695727E-02
  0.809505E-02     0.771011E-02     0.739834E-02     0.848857E-02     0.635783E-02
  0.816420E-02     0.779922E-02     0.744055E-02     0.725197E-02     0.726912E-02
  0.885110E-02     0.748604E-02     0.809847E-02     0.721341E-02     0.732416E-02
  0.723963E-02     0.803595E-02     0.748568E-02     0.761499E-02     0.800511E-02
  0.598473E-02     0.681457E-02     0.788586E-02     0.858945E-02     0.742131E-02
  0.669195E-02     0.734154E-02     0.802564E-02     0.800289E-02     0.986027E-02
  0.898123E-02     0.836416E-02     0.839036E-02     0.745112E-02     0.802461E-02
  0.811658E-02     0.821716E-02     0.818243E-02     0.810763E-02     0.712404E-02
  0.795734E-02     0.742704E-02     0.829855E-02     0.838176E-02     0.725027E-02
  0.819756E-02     0.831605E-02     0.773684E-02     0.839821E-02     0.829035E-02
  0.755864E-02     0.760450E-02     0.803091E-02     0.773083E-02     0.838469E-02
  0.792126E-02     0.782324E-02     0.763210E-02     0.843004E-02     0.736097E-02
  0.751740E-02     0.844089E-02     0.738998E-02     0.731732E-02     0.678283E-02
  0.788118E-02     0.749787E-02     0.900942E-02     0.723015E-02     0.745940E-02
  0.751147E-02     0.682308E-02     0.713573E-02     0.749856E-02     0.722497E-02
  0.740850E-02     0.776901E-02     0.754222E-02     0.713026E-02     0.682709E-02
  0.695766E-02     0.764475E-02     0.774801E-02     0.793917E-02     0.751274E-02
  0.815461E-02     0.851567E-02     0.775860E-02     0.761221E-02     0.793763E-02
  0.746753E-02     0.777506E-02     0.809519E-02     0.697040E-02     0.693265E-02
  0.759194E-02     0.798067E-02     0.850007E-02     0.702608E-02     0.683418E-02
  0.931802E-02     0.775193E-02     0.807743E-02     0.719785E-02     0.835157E-02
  0.786077E-02     0.712180E-02     0.912208E-02     0.722284E-02     0.728108E-02
  0.814046E-02     0.745427E-02     0.759399E-02     0.779619E-02     0.697862E-02
  0.847757E-02     0.691838E-02     0.611482E-02     0.695414E-02     0.755167E-02
  0.770275E-02     0.742088E-02     0.738766E-02     0.706912E-02     0.757897E-02
  0.667109E-02     0.850651E-02     0.805938E-02     0.755692E-02     0.803114E-02
  0.652130E-02     0.707147E-02     0.762644E-02     0.862361E-02     0.691531E-02
  0.669901E-02     0.858757E-02     0.817306E-02     0.789528E-02     0.672524E-02
  0.759352E-02     0.755456E-02     0.702394E-02     0.767549E-02     0.779288E-02
  0.717697E-02     0.827836E-02     0.803277E-02     0.801990E-02     0.743669E-02
  0.825833E-02     0.756385E-02     0.650093E-02     0.757504E-02     0.780261E-02
  0.597812E-02     0.816693E-02     0.758089E-02     0.837593E-02     0.701719E-02
  0.695756E-02     0.813904E-02     0.807070E-02     0.841452E-02     0.830440E-02
  0.768959E-02     0.854410E-02     0.851000E-02     0.767062E-02     0.962453E-02
  0.749174E-02     0.791298E-02     0.100206E-01     0.740551E-02     0.922104E-02
  0.851696E-02     0.766700E-02     0.773471E-02     0.817254E-02     0.773554E-02
  0.908662E-02     0.828881E-02     0.645867E-02     0.642956E-02     0.748179E-02
  0.681245E-02     0.847982E-02     0.605120E-02     0.854037E-02     0.657555E-02
  0.808767E-02     0.610880E-02     0.737128E-02     0.768190E-02     0.651909E-02
  0.742306E-02     0.741504E-02     0.956678E-02     0.724639E-02     0.771563E-02
  0.764526E-02     0.110091E-01     0.718502E-02     0.696695E-02     0.722240E-02
  0.747683E-02     0.811216E-02     0.809849E-02     0.884169E-02     0.709439E-02
  0.788965E-02     0.769563E-02     0.735815E-02     0.707741E-02     0.815280E-02
  0.898883E-02     0.717370E-02     0.758503E-02     0.969639E-02     0.797547E-02
  0.958419E-02     0.881538E-02     0.670462E-02     0.928566E-02     0.871029E-02
  0.816416E-02     0.102279E-01     0.720777E-02     0.655969E-02     0.815388E-02
  0.955051E-02     0.967520E-02     0.774867E-02     0.950968E-02     0.977246E-02
  0.122042E-01     0.834686E-02     0.637005E-02     0.869192E-02     0.123760E-01
  0.839287E-02     0.802353E-02     0.105264E-01     0.183438E-01     0.121837E-01
  0.118259E-01     0.115946E-01     0.997089E-02     0.112294E-01     0.127038E-01
  0.125073E-01     0.886894E-02     0.121648E-01     0.117603E-01     0.104273E-01
  0.914225E-02     0.129472E-01     0.784379E-02     0.140567E-01     0.107619E-01
  0.105181E-01     0.122527E-01     0.123727E-01     0.112472E-01     0.115927E-01
  0.165367E-01     0.113680E-01     0.133314E-01     0.116355E-01     0.147131E-01
  0.109915E-01     0.135138E-01     0.124772E-01     0.103455E-01     0.140724E-01
  0.148615E-01     0.107558E-01     0.103432E-01     0.972719E-02     0.107017E-01
  0.997162E-02     0.958913E-02     0.111208E-01     0.104677E-01     0.136657E-01
  0.828674E-02     0.116610E-01     0.101549E-01     0.108292E-01     0.102211E-01
  0.936228E-02     0.124387E-01     0.120286E-01     0.101707E-01     0.864265E-02
  0.110342E-01     0.105535E-01     0.976508E-02     0.100912E-01     0.114316E-01
  0.144506E-01     0.111246E-01     0.120891E-01     0.118083E-01     0.131187E-01
  0.141220E-01     0.132144E-01     0.139686E-01     0.118991E-01     0.123954E-01
  0.923174E-02     0.109312E-01     0.108053E-01     0.138255E-01     0.121789E-01
  0.117049E-01     0.115974E-01     0.104100E-01     0.840008E-02     0.110369E-01
  0.250090E-01     0.391759E-01     0.444993E-01     0.348770E-01     0.361988E-01
  0.575112E-01     0.342096E-01     0.348848E-01     0.313978E-01     0.505552E-01
  0.619185E-01     0.424661E-01     0.912462E-01     0.829114E-01     0.996797E-01
  0.109007E+00     0.102809E+00     0.151260E+00     0.124173E+00     0.116003E+00
  0.107272E+00     0.152319E+00     0.231078E+00     0.179441E+00     0.231760E+00
  0.146703E+00     0.253005E+00     0.235562E+00     0.222981E+00     0.331550E+00
  0.329439E+00     0.259595E+00     0.240013E+00     0.228979E+00     0.237186E+00
  0.275956E+00     0.341744E+00     0.252547E+00     0.291642E+00     0.316876E+00
  0.409655E+00     0.420502E+00     0.434524E+00     0.316104E+00     0.412718E+00
  0.449862E+00     0.506688E+00     0.477003E+00     0.501392E+00     0.496834E+00
  0.524989E+00     0.478962E+00     0.505473E+00     0.605691E+00     0.581898E+00
  0.759274E+00     0.740970E+00     0.709876E+00
 eigen energies, in ev
    -45.870089       -45.840936       -45.784741       -45.649985       -45.109105
    -28.177299       -28.074039       -27.935165       -27.790602       -27.751544
    -27.709354       -27.704879       -27.695415       -27.658211       -27.631275
    -27.606333       -27.594663       -27.562343       -27.543884       -27.492756
    -27.481863       -27.476251       -27.453003       -27.445611       -27.427083
    -27.409288       -27.385358       -27.369834       -27.337701       -27.335242
    -27.188944       -27.188541       -27.178915       -27.169078       -27.167728
    -27.155408       -27.139678       -27.069299       -27.024788       -27.011734
    -26.993728       -26.981264       -26.960064       -26.944272       -26.938304
    -26.918510       -26.912301       -26.901987       -26.896681       -26.884352
    -26.873789       -26.817479       -26.802206       -26.769374       -26.745660
    -26.723326       -26.657671       -26.617596       -26.613621       -26.600803
    -26.572104       -26.517119       -26.495001       -26.474184       -26.459862
    -26.456644       -26.412235       -26.337678       -26.337008       -26.253077
    -26.220653       -26.182492       -26.165577       -26.084511       -25.990482
    -25.978568       -25.964101       -25.955376       -25.927515       -25.913514
    -25.895173       -25.886399       -25.878166       -25.856879       -25.787910
    -25.727490       -25.705200       -25.694004       -25.682353       -25.631255
    -25.581201       -25.580005       -25.575257       -25.564192       -25.542046
    -25.525583       -25.506440       -25.475684       -25.400385       -25.396543
    -25.389560       -25.371120       -25.354355       -25.268960       -25.223449
    -25.202291       -25.198158       -25.179623       -25.174478       -25.144318
    -25.107912       -25.101824       -25.091637       -25.047827       -25.030150
    -25.025174       -25.008279       -24.991413       -24.965189       -24.957934
    -24.956287       -24.955302       -24.945738       -24.939795       -24.928346
    -24.914083       -24.894326       -24.788574       -24.756939       -24.709043
    -24.697810       -24.672227       -24.644698       -24.643573       -24.603444
    -24.571457       -24.534106       -24.460782       -24.387267       -24.307182
    -24.176658       -24.114212       -24.101998       -24.050080       -23.977828
    -23.948757       -23.946160       -23.918459       -23.910627       -23.851576
    -23.847010       -23.840658       -23.495281       -23.475894       -23.436614
    -23.385248       -23.319938       -23.268596       -23.252137       -23.084945
    -23.035526       -23.005285       -23.004154       -22.973434       -22.874990
    -22.774107       -22.677352       -22.518472       -22.440308       -22.400785
    -22.362406       -22.261554       -22.258553       -22.222516       -22.176908
    -22.169962       -22.110347       -22.093723       -22.070776       -22.038649
    -22.037857       -21.921364       -21.892832       -21.877369       -21.870839
    -21.778284       -21.609617       -21.412885       -21.380398       -21.122709
    -19.556729       -19.242720       -18.910222       -18.887135       -18.805756
    -15.971699       -15.916559       -15.898290       -15.893714       -15.858026
    -15.813018       -15.739726       -15.733643       -15.664643       -15.612844
    -15.581313       -15.491643       -15.485455       -15.474399       -15.467975
    -15.458555       -15.422335       -15.397004       -15.379296       -15.373510
    -15.319960       -15.310536       -15.148804       -15.093530       -14.858891
    -14.791304       -14.704176       -14.630299       -14.533137       -14.491953
    -14.430026       -14.408995       -14.370102       -14.304626       -14.278953
    -14.205132       -14.199235       -14.166807       -14.157182       -14.096114
    -14.093267       -14.068255       -14.051839       -14.014523       -14.013366
    -13.966101       -13.933099       -13.865023       -13.832115       -13.799856
    -13.743582       -13.741744       -13.731572       -13.563586       -13.489180
    -13.425860       -13.387154       -13.373627       -12.996214       -12.926689
    -12.904474       -12.861959       -12.852925       -12.833711       -12.818624
    -12.752788       -12.626932       -12.592724       -12.536670       -12.409707
    -12.079523       -12.035119       -12.033664       -11.913691       -11.890381
    -11.841832       -11.800361       -11.779022       -11.750712       -11.690251
    -11.670837       -11.655788       -11.647144       -11.628063       -11.624403
    -11.619049       -11.566382       -11.551362       -11.503135       -11.492873
    -11.487360       -11.456340       -11.442039       -11.396945       -11.388641
    -11.351253       -11.317917       -11.302808       -11.252565       -11.201800
    -11.190032       -11.171373       -11.170172       -11.138280       -11.090567
    -10.999690       -10.973285       -10.970642       -10.916039       -10.867877
    -10.855183       -10.825875       -10.808684       -10.799961       -10.711378
    -10.625101       -10.582147       -10.421837       -10.392702       -10.384959
    -10.381242       -10.364662       -10.362354       -10.314074       -10.311573
    -10.284987       -10.214265       -10.197729       -10.193297       -10.188861
    -10.157051       -10.132200       -10.105144       -10.079654       -10.078092
    -10.073436       -10.048110       -10.044528       -10.003792        -9.970785
     -9.968894        -9.943530        -9.938862        -9.929956        -9.917860
     -9.911364        -9.906783        -9.882717        -9.873795        -9.865746
     -9.860780        -9.836761        -9.811065        -9.808979        -9.797852
     -9.774476        -9.757845        -9.747325        -9.743165        -9.740988
     -9.737390        -9.731412        -9.722901        -9.707179        -9.699404
     -9.683297        -9.678621        -9.672668        -9.659937        -9.651800
     -9.611830        -9.604113        -9.600179        -9.591810        -9.582663
     -9.572728        -9.566249        -9.541910        -9.540983        -9.521810
     -9.504452        -9.484690        -9.454116        -9.435315        -9.423434
     -9.417226        -9.402065        -9.388186        -9.370188        -9.353893
     -9.333628        -9.331109        -9.316581        -9.303450        -9.291176
     -9.275539        -9.265972        -9.260735        -9.255298        -9.252704
     -9.234593        -9.229691        -9.197249        -9.192397        -9.185692
     -9.180644        -9.161349        -9.127815        -9.124242        -9.122531
     -9.118967        -9.109430        -9.103457        -9.093429        -9.051836
     -9.043403        -9.025603        -9.014769        -9.011064        -9.000745
     -8.987652        -8.976341        -8.961211        -8.944474        -8.934820
     -8.930719        -8.913207        -8.888257        -8.882756        -8.867056
     -8.858590        -8.847616        -8.842358        -8.835973        -8.828831
     -8.812989        -8.793074        -8.787190        -8.765175        -8.731512
     -8.723517        -8.713763        -8.702939        -8.699895        -8.690257
     -8.688591        -8.682952        -8.654458        -8.646120        -8.641453
     -8.633737        -8.626831        -8.618279        -8.598171        -8.578951
     -8.560686        -8.554359        -8.546443        -8.543291        -8.531039
     -8.525222        -8.492660        -8.478518        -8.468002        -8.458011
     -8.449692        -8.438343        -8.421511        -8.416969        -8.411880
     -8.407803        -8.402448        -8.377928        -8.360045        -8.350620
     -8.348711        -8.342887        -8.317178        -8.315192        -8.299393
     -8.289185        -8.287467        -8.279787        -8.260473        -8.256771
     -8.245381        -8.237207        -8.217822        -8.190452        -8.184895
     -8.180236        -8.174192        -8.166987        -8.154878        -8.133060
     -8.119270        -8.108906        -8.097527        -8.059427        -8.016565
     -7.990634        -7.978186        -7.969129        -7.951800        -7.935004
     -7.928341        -7.917732        -7.904603        -7.881231        -7.871526
     -7.865082        -7.829189        -7.817147        -7.772099        -7.759207
     -7.717017        -7.710919        -7.706544        -7.675095        -7.607508
     -7.581488        -7.567126        -7.545603        -7.532096        -7.495595
     -7.464012        -7.450745        -7.440180        -7.430627        -7.398218
     -7.383631        -7.369127        -7.351210        -7.341979        -7.327200
     -7.274365        -7.225501        -7.220425        -7.214744        -7.187877
     -7.166243        -7.142279        -7.131158        -7.112890        -7.090951
     -7.051052        -7.034723        -6.992389        -6.982803        -6.973323
     -6.958495        -6.947876        -6.905099        -6.895018        -6.838213
     -6.824178        -6.799492        -6.774612        -6.768308        -6.764038
     -6.738113        -6.727904        -6.720890        -6.713109        -6.670760
     -6.633513        -6.599785        -6.590118        -6.576964        -6.548389
     -6.541160        -6.523139        -6.511532        -6.495782        -6.489368
     -6.478915        -6.457120        -6.454135        -6.435108        -6.420954
     -6.418054        -6.401609        -6.375507        -6.350520        -6.341573
     -6.338005        -6.320739        -6.302494        -6.287236        -6.277133
     -6.263434        -6.250303        -6.240746        -6.228358        -6.212897
     -6.202155        -6.195027        -6.193041        -6.174092        -6.151436
     -6.147843        -6.140016        -6.129223        -6.125774        -6.115475
     -6.105789        -6.101802        -6.093272        -6.085512        -6.074472
     -6.065194        -6.049041        -6.041663        -6.038097        -6.017447
     -6.011837        -5.998382        -5.988288        -5.973221        -5.963372
     -5.953901        -5.924973        -5.910901        -5.909831        -5.892296
     -5.884058        -5.874375        -5.871546        -5.868144        -5.863211
     -5.858444        -5.844904        -5.840739        -5.836312        -5.833878
     -5.827943        -5.823419        -5.819599        -5.806649        -5.791096
     -5.775393        -5.760024        -5.753143        -5.747751        -5.733144
     -5.724892        -5.719449        -5.712428        -5.709862        -5.695712
     -5.683117        -5.681538        -5.672043        -5.664040        -5.656960
     -5.649104        -5.641351        -5.637265        -5.631152        -5.617770
     -5.616965        -5.612939        -5.603013        -5.593088        -5.587718
     -5.575442        -5.566655        -5.560356        -5.555109        -5.548972
     -5.544796        -5.538244        -5.528953        -5.520116        -5.513325
     -5.507986        -5.498699        -5.492326        -5.490328        -5.479302
     -5.475878        -5.470998        -5.464625        -5.459391        -5.448527
     -5.441395        -5.439473        -5.430143        -5.424010        -5.418940
     -5.410476        -5.391895        -5.390373        -5.381717        -5.370827
     -5.360784        -5.353405        -5.342978        -5.340525        -5.337975
     -5.324841        -5.321456        -5.316276        -5.309174        -5.303243
     -5.293976        -5.291202        -5.281763        -5.269454        -5.264780
     -5.256780        -5.252617        -5.245297        -5.238582        -5.223885
     -5.221581        -5.219507        -5.205352        -5.203209        -5.199197
     -5.188933        -5.184537        -5.183346        -5.177098        -5.165969
     -5.159773        -5.151465        -5.142123        -5.133563        -5.121501
     -5.118278        -5.112080        -5.105700        -5.103566        -5.097248
     -5.089550        -5.078377        -5.076032        -5.071576        -5.064730
     -5.061776        -5.051206        -5.043594        -5.033643        -5.028431
     -5.019805        -5.017154        -5.009519        -5.006338        -4.991847
     -4.987926        -4.986254        -4.972149        -4.965866        -4.957481
     -4.954436        -4.944223        -4.941064        -4.938399        -4.930743
     -4.922998        -4.918479        -4.914564        -4.899918        -4.897747
     -4.894780        -4.890538        -4.885711        -4.879505        -4.875092
     -4.872351        -4.861928        -4.854959        -4.849402        -4.845691
     -4.837615        -4.835438        -4.827900        -4.825248        -4.822578
     -4.813346        -4.809096        -4.802483        -4.798410        -4.792151
     -4.783848        -4.781358        -4.775495        -4.770607        -4.769327
     -4.767364        -4.758898        -4.755350        -4.751394        -4.745878
     -4.741093        -4.736752        -4.727418        -4.721748        -4.713076
     -4.709413        -4.702101        -4.696744        -4.690826        -4.687484
     -4.679013        -4.668249        -4.663234        -4.660403        -4.656047
     -4.651891        -4.648859        -4.641276        -4.633904        -4.630385
     -4.625888        -4.607163        -4.601029        -4.594148        -4.576622
     -4.565306        -4.561784        -4.556289        -4.549720        -4.543715
     -4.538105        -4.522752        -4.522721        -4.518389        -4.506027
     -4.503171        -4.493397        -4.487476        -4.484553        -4.476203
     -4.468871        -4.454034        -4.447360        -4.435984        -4.430271
     -4.427913        -4.424384        -4.411798        -4.403248        -4.398945
     -4.390627        -4.376494        -4.375787        -4.365839        -4.361992
     -4.356447        -4.349680        -4.341946        -4.336935        -4.315639
     -4.314921        -4.300632        -4.278099        -4.269101        -4.264638
     -4.259132        -4.252047        -4.244778        -4.238063        -4.233456
     -4.218137        -4.198753        -4.193825        -4.182838        -4.178860
     -4.168917        -4.163737        -4.145528        -4.134890        -4.118440
     -4.097309        -4.070552        -4.060891        -4.055672        -4.045408
     -4.039409        -4.031427        -4.015397        -4.004843        -3.999560
     -3.979485        -3.968633        -3.965609        -3.950657        -3.941881
     -3.914172        -3.885712        -3.881874        -3.860826        -3.811599
     -3.800543        -3.777147        -3.752365        -3.690090        -3.686129
     -3.675932        -3.635528        -3.627900        -3.595703        -3.590382
     -3.558148        -3.556961        -3.526312        -3.520733        -3.505633
     -3.494582        -3.483691        -3.450037        -3.442651        -3.438589
     -3.428894        -3.403512        -3.396709        -3.385432        -3.359445
     -3.354351        -3.340394        -3.328979        -3.314415        -3.308425
     -3.305137        -3.278631        -3.273907        -3.257635        -3.229258
     -3.216207        -3.213788        -3.203646        -3.191306        -3.180675
     -3.174371        -3.149337        -3.128668        -3.118840        -3.109934
     -3.097103        -3.088801        -3.071257        -3.043763        -3.028122
     -3.011816        -3.003787        -2.985359        -2.963084        -2.949802
     -2.909471        -2.901217        -2.892577        -2.870501        -2.831509
     -2.813058        -2.788704        -2.780695        -2.776599        -2.765490
     -2.744652        -2.735312        -2.732320        -2.727018        -2.723334
     -2.704278        -2.703646        -2.680705        -2.637476        -2.549023
     -2.527219        -2.451418        -2.253180        -2.170385        -1.924091
      1.662490         1.850585         1.989651         2.008204         2.017863
      2.065502         2.148231         2.173782         2.188191         2.244316
      2.451708         2.645602         2.646365         2.688693         2.754507
      2.859341         3.010005         3.125934         3.185207         3.215795
      3.301833         3.325835         3.348951         3.404228         3.445651
      3.508205         3.530578         3.565569         3.618376         3.656993
      3.678579         3.712303         3.752182         3.818761         3.852937
      3.889688         3.900247         3.921095         3.978746         3.999339
      4.018147         4.039336         4.054478         4.094084         4.110586
      4.129651         4.155391         4.186103         4.220189         4.262155
      4.282153         4.300543         4.324048         4.336545         4.398063
      4.430262         4.483500         4.537692
 *********************************
 sum eigen(dbl occ, ryd)=  -1535.96616772470     
 *********************************
 Ef(eV)=  0.671097325697679     
 ***************************************************
 iter=          11
 ---------------------------------------------------
 dvE, dvE(n)-dvE(n-1) = 0.9145E-05 -.3890E-04
 dv_ave, drho_tot     = 0.3024E-02 0.5907E-02
 err of ug            = 0.5408E-03
 ---------------------------------------------------
 Ewald        = -.42716155442192E+05
 Alpha        = 0.15207970391171E+04
 E_extV       = 0.00000000000000E+00    0.0000E+00
 E_NSC        = -.21294894141170E+05    0.5541E+02
 E[-rho*V_Hxc]= -.12103986124189E+06    -.5474E+02
 E_Hxc        = 0.50622104332847E+05    0.4202E+02
 -TS          = -.11893257815060E-16    0.1335E-12
 E_tot(eV)    = -.13290800945329E+06    0.6633E+00
 ---------------------------------------------------
 E_ion,E_coul,E_xc =   -221485.1683716   79339.2561323  -28717.1517994
Ewald+Hart+ion    -0.1848620676815E+06
 ave(vtot)=ave_(V_xc)=: v0= -0.286645306800056     
 Eigen energies are values after setting ave_vtot=0
 ----------------------------------
 One SCF use:    85.9416630268097       s
 *********************************
 ****** kpt=           1
 err of each states, eV
  0.784341E-02     0.645193E-02     0.995648E-02     0.498992E-02     0.105910E-01
  0.394577E-02     0.372044E-02     0.393494E-02     0.425722E-02     0.343023E-02
  0.464301E-02     0.374288E-02     0.447767E-02     0.345200E-02     0.336366E-02
  0.228348E-02     0.299644E-02     0.326776E-02     0.320229E-02     0.485122E-02
  0.339286E-02     0.428791E-02     0.367229E-02     0.336172E-02     0.256949E-02
  0.365624E-02     0.452159E-02     0.457545E-02     0.452270E-02     0.346428E-02
  0.493538E-02     0.335131E-02     0.465318E-02     0.239873E-02     0.391137E-02
  0.357138E-02     0.343726E-02     0.337311E-02     0.331686E-02     0.328604E-02
  0.386471E-02     0.318975E-02     0.428441E-02     0.189421E-02     0.445383E-02
  0.364315E-02     0.331584E-02     0.312941E-02     0.286917E-02     0.300319E-02
  0.377473E-02     0.400644E-02     0.312695E-02     0.291340E-02     0.321562E-02
  0.325944E-02     0.447657E-02     0.341774E-02     0.286690E-02     0.294246E-02
  0.256339E-02     0.253854E-02     0.251734E-02     0.369774E-02     0.418185E-02
  0.205924E-02     0.302645E-02     0.320367E-02     0.366113E-02     0.334589E-02
  0.293314E-02     0.473894E-02     0.358418E-02     0.271544E-02     0.300231E-02
  0.238046E-02     0.344312E-02     0.247787E-02     0.269168E-02     0.266363E-02
  0.349583E-02     0.283554E-02     0.315016E-02     0.263681E-02     0.370792E-02
  0.273415E-02     0.276344E-02     0.197524E-02     0.287717E-02     0.274388E-02
  0.391076E-02     0.190077E-02     0.197253E-02     0.252671E-02     0.293017E-02
  0.257202E-02     0.317727E-02     0.295473E-02     0.237589E-02     0.193653E-02
  0.227358E-02     0.231674E-02     0.230912E-02     0.264378E-02     0.243884E-02
  0.284616E-02     0.239153E-02     0.258500E-02     0.267939E-02     0.146936E-02
  0.166879E-02     0.268759E-02     0.330786E-02     0.212783E-02     0.243222E-02
  0.277103E-02     0.157360E-02     0.233059E-02     0.171268E-02     0.233156E-02
  0.181052E-02     0.151870E-02     0.242552E-02     0.219944E-02     0.185428E-02
  0.387982E-02     0.164252E-02     0.226245E-02     0.351506E-02     0.262886E-02
  0.250991E-02     0.290735E-02     0.197200E-02     0.254478E-02     0.393897E-02
  0.267665E-02     0.301273E-02     0.391879E-02     0.369672E-02     0.336508E-02
  0.205255E-02     0.381074E-02     0.332655E-02     0.386404E-02     0.416280E-02
  0.407855E-02     0.433950E-02     0.452321E-02     0.351942E-02     0.421923E-02
  0.359147E-02     0.435143E-02     0.330613E-02     0.331426E-02     0.408761E-02
  0.341120E-02     0.280056E-02     0.325360E-02     0.314358E-02     0.305465E-02
  0.296471E-02     0.300717E-02     0.257915E-02     0.371533E-02     0.314056E-02
  0.377505E-02     0.358247E-02     0.403021E-02     0.330445E-02     0.334426E-02
  0.297142E-02     0.419007E-02     0.337453E-02     0.312159E-02     0.359250E-02
  0.526192E-02     0.532121E-02     0.466456E-02     0.508252E-02     0.357003E-02
  0.405175E-02     0.484977E-02     0.367977E-02     0.488415E-02     0.358280E-02
  0.531038E-02     0.387996E-02     0.262851E-02     0.304776E-02     0.292515E-02
  0.335103E-02     0.333489E-02     0.322893E-02     0.363090E-02     0.313291E-02
  0.264099E-02     0.296120E-02     0.317941E-02     0.337210E-02     0.405604E-02
  0.414350E-02     0.280994E-02     0.441475E-02     0.288734E-02     0.431280E-02
  0.270798E-02     0.273718E-02     0.289782E-02     0.253040E-02     0.239858E-02
  0.427248E-02     0.281789E-02     0.264989E-02     0.371778E-02     0.427704E-02
  0.351443E-02     0.287833E-02     0.533497E-02     0.345406E-02     0.248954E-02
  0.333764E-02     0.392674E-02     0.256413E-02     0.277867E-02     0.428679E-02
  0.231042E-02     0.426414E-02     0.285249E-02     0.456973E-02     0.398131E-02
  0.292918E-02     0.447047E-02     0.352257E-02     0.246434E-02     0.297780E-02
  0.324011E-02     0.301796E-02     0.436543E-02     0.357112E-02     0.468974E-02
  0.501693E-02     0.302261E-02     0.262452E-02     0.477854E-02     0.304606E-02
  0.374059E-02     0.415685E-02     0.384416E-02     0.306039E-02     0.332641E-02
  0.332942E-02     0.238220E-02     0.402678E-02     0.278779E-02     0.282373E-02
  0.291356E-02     0.307142E-02     0.262573E-02     0.226460E-02     0.280450E-02
  0.286408E-02     0.266708E-02     0.231752E-02     0.243353E-02     0.258007E-02
  0.328612E-02     0.279323E-02     0.333151E-02     0.326113E-02     0.365396E-02
  0.443170E-02     0.472424E-02     0.375298E-02     0.315874E-02     0.497924E-02
  0.390550E-02     0.387362E-02     0.334073E-02     0.373240E-02     0.327021E-02
  0.379390E-02     0.417578E-02     0.315248E-02     0.511013E-02     0.301786E-02
  0.444452E-02     0.284698E-02     0.282322E-02     0.298263E-02     0.328672E-02
  0.392295E-02     0.465459E-02     0.458018E-02     0.303750E-02     0.252880E-02
  0.364814E-02     0.346815E-02     0.384873E-02     0.421542E-02     0.308323E-02
  0.401170E-02     0.237419E-02     0.381406E-02     0.369939E-02     0.258466E-02
  0.239935E-02     0.275085E-02     0.292129E-02     0.283959E-02     0.284919E-02
  0.244760E-02     0.369074E-02     0.363731E-02     0.261607E-02     0.265036E-02
  0.488477E-02     0.374214E-02     0.399761E-02     0.422872E-02     0.429859E-02
  0.380406E-02     0.408403E-02     0.393519E-02     0.373923E-02     0.438877E-02
  0.429530E-02     0.440212E-02     0.476213E-02     0.438355E-02     0.454627E-02
  0.475022E-02     0.376441E-02     0.480268E-02     0.460287E-02     0.449324E-02
  0.398728E-02     0.345000E-02     0.401700E-02     0.417644E-02     0.429637E-02
  0.435959E-02     0.418608E-02     0.404548E-02     0.425113E-02     0.370197E-02
  0.411074E-02     0.351435E-02     0.468625E-02     0.430895E-02     0.410352E-02
  0.374405E-02     0.424132E-02     0.447871E-02     0.427664E-02     0.398653E-02
  0.407525E-02     0.440838E-02     0.466545E-02     0.459146E-02     0.393772E-02
  0.408023E-02     0.399523E-02     0.386351E-02     0.488971E-02     0.388480E-02
  0.370818E-02     0.439660E-02     0.381141E-02     0.437817E-02     0.386348E-02
  0.373944E-02     0.309810E-02     0.478244E-02     0.281493E-02     0.404886E-02
  0.442828E-02     0.572869E-02     0.545202E-02     0.383766E-02     0.401568E-02
  0.496495E-02     0.611640E-02     0.364551E-02     0.396192E-02     0.341727E-02
  0.384216E-02     0.464878E-02     0.440012E-02     0.448993E-02     0.609115E-02
  0.372769E-02     0.334423E-02     0.521847E-02     0.809287E-02     0.447568E-02
  0.380797E-02     0.533441E-02     0.427408E-02     0.479937E-02     0.383199E-02
  0.454094E-02     0.400216E-02     0.441896E-02     0.437724E-02     0.402963E-02
  0.406571E-02     0.507998E-02     0.464344E-02     0.500240E-02     0.461606E-02
  0.460212E-02     0.550325E-02     0.486658E-02     0.355042E-02     0.359320E-02
  0.473498E-02     0.417624E-02     0.386869E-02     0.442659E-02     0.361673E-02
  0.415225E-02     0.388314E-02     0.390318E-02     0.425423E-02     0.388166E-02
  0.431989E-02     0.415394E-02     0.384360E-02     0.485530E-02     0.540884E-02
  0.557581E-02     0.468254E-02     0.387125E-02     0.424326E-02     0.455488E-02
  0.402236E-02     0.560317E-02     0.582041E-02     0.473333E-02     0.475389E-02
  0.499036E-02     0.361147E-02     0.529709E-02     0.511569E-02     0.424530E-02
  0.478492E-02     0.633983E-02     0.462291E-02     0.387306E-02     0.377653E-02
  0.612075E-02     0.460937E-02     0.411657E-02     0.458550E-02     0.444379E-02
  0.453591E-02     0.476832E-02     0.449387E-02     0.433252E-02     0.451001E-02
  0.461989E-02     0.395134E-02     0.492089E-02     0.445569E-02     0.473532E-02
  0.681055E-02     0.461159E-02     0.431623E-02     0.445843E-02     0.439773E-02
  0.390334E-02     0.428933E-02     0.469073E-02     0.414021E-02     0.401765E-02
  0.450746E-02     0.411788E-02     0.381722E-02     0.376079E-02     0.372542E-02
  0.414664E-02     0.538879E-02     0.357239E-02     0.420111E-02     0.408384E-02
  0.455441E-02     0.563202E-02     0.749393E-02     0.509206E-02     0.504536E-02
  0.458163E-02     0.673826E-02     0.649727E-02     0.479398E-02     0.525609E-02
  0.371679E-02     0.417546E-02     0.346665E-02     0.372347E-02     0.376668E-02
  0.385002E-02     0.496021E-02     0.401746E-02     0.559944E-02     0.611792E-02
  0.758021E-02     0.417553E-02     0.594664E-02     0.704394E-02     0.373964E-02
  0.483592E-02     0.566004E-02     0.407358E-02     0.371398E-02     0.608619E-02
  0.650692E-02     0.785947E-02     0.867027E-02     0.380467E-02     0.361925E-02
  0.420167E-02     0.653459E-02     0.521949E-02     0.483966E-02     0.493243E-02
  0.507693E-02     0.386010E-02     0.382938E-02     0.412206E-02     0.427145E-02
  0.413458E-02     0.514270E-02     0.648651E-02     0.498836E-02     0.440856E-02
  0.420013E-02     0.462036E-02     0.395957E-02     0.468411E-02     0.436206E-02
  0.388850E-02     0.400171E-02     0.533791E-02     0.414761E-02     0.438576E-02
  0.371866E-02     0.388721E-02     0.416555E-02     0.455082E-02     0.397427E-02
  0.380014E-02     0.464389E-02     0.462424E-02     0.355373E-02     0.401238E-02
  0.359590E-02     0.444334E-02     0.397385E-02     0.468924E-02     0.591057E-02
  0.572007E-02     0.338356E-02     0.359329E-02     0.378843E-02     0.443906E-02
  0.336769E-02     0.436859E-02     0.373899E-02     0.434913E-02     0.370298E-02
  0.535322E-02     0.358024E-02     0.442026E-02     0.409310E-02     0.515093E-02
  0.593984E-02     0.391864E-02     0.394649E-02     0.409985E-02     0.614596E-02
  0.417859E-02     0.417752E-02     0.472500E-02     0.352807E-02     0.327274E-02
  0.328781E-02     0.420691E-02     0.354619E-02     0.525323E-02     0.337755E-02
  0.420426E-02     0.395263E-02     0.399690E-02     0.446248E-02     0.466242E-02
  0.445466E-02     0.404595E-02     0.416786E-02     0.380095E-02     0.418610E-02
  0.444309E-02     0.516915E-02     0.438100E-02     0.471173E-02     0.391586E-02
  0.374675E-02     0.393334E-02     0.401342E-02     0.455757E-02     0.433459E-02
  0.492008E-02     0.285867E-02     0.359176E-02     0.355996E-02     0.561748E-02
  0.323807E-02     0.353534E-02     0.324002E-02     0.402827E-02     0.443493E-02
  0.304078E-02     0.386875E-02     0.319558E-02     0.336499E-02     0.355384E-02
  0.343244E-02     0.338901E-02     0.364841E-02     0.414995E-02     0.394052E-02
  0.369050E-02     0.459237E-02     0.456033E-02     0.458652E-02     0.410257E-02
  0.562907E-02     0.518785E-02     0.518444E-02     0.305119E-02     0.461962E-02
  0.389254E-02     0.455162E-02     0.457711E-02     0.411273E-02     0.378020E-02
  0.364372E-02     0.441684E-02     0.343195E-02     0.395694E-02     0.511083E-02
  0.412815E-02     0.380231E-02     0.430104E-02     0.353972E-02     0.381544E-02
  0.351442E-02     0.352296E-02     0.401491E-02     0.374183E-02     0.532526E-02
  0.347686E-02     0.408905E-02     0.389162E-02     0.426281E-02     0.458036E-02
  0.389633E-02     0.361657E-02     0.449791E-02     0.367306E-02     0.415540E-02
  0.359386E-02     0.417620E-02     0.468142E-02     0.490188E-02     0.414808E-02
  0.401967E-02     0.408622E-02     0.407759E-02     0.366140E-02     0.382603E-02
  0.409191E-02     0.351212E-02     0.421131E-02     0.429239E-02     0.439394E-02
  0.399059E-02     0.416621E-02     0.427697E-02     0.441487E-02     0.418252E-02
  0.401209E-02     0.408210E-02     0.408891E-02     0.412027E-02     0.433668E-02
  0.443075E-02     0.381493E-02     0.449484E-02     0.468379E-02     0.399120E-02
  0.498055E-02     0.410420E-02     0.463053E-02     0.433304E-02     0.416550E-02
  0.394841E-02     0.426509E-02     0.400607E-02     0.388627E-02     0.373870E-02
  0.395837E-02     0.499994E-02     0.386962E-02     0.452134E-02     0.450095E-02
  0.384675E-02     0.420617E-02     0.414056E-02     0.429210E-02     0.383266E-02
  0.369125E-02     0.399317E-02     0.370094E-02     0.374745E-02     0.364202E-02
  0.450196E-02     0.418878E-02     0.366126E-02     0.366757E-02     0.410579E-02
  0.443221E-02     0.461415E-02     0.420541E-02     0.422259E-02     0.387776E-02
  0.430998E-02     0.413114E-02     0.420013E-02     0.430281E-02     0.369356E-02
  0.379774E-02     0.424268E-02     0.553624E-02     0.492634E-02     0.449258E-02
  0.387606E-02     0.438765E-02     0.451062E-02     0.401812E-02     0.486905E-02
  0.447491E-02     0.375956E-02     0.517979E-02     0.450354E-02     0.433109E-02
  0.423834E-02     0.359690E-02     0.443331E-02     0.434269E-02     0.460473E-02
  0.399670E-02     0.395778E-02     0.402099E-02     0.506610E-02     0.357639E-02
  0.431106E-02     0.506063E-02     0.371142E-02     0.408170E-02     0.328905E-02
  0.427167E-02     0.459781E-02     0.395020E-02     0.413355E-02     0.549641E-02
  0.492063E-02     0.461774E-02     0.403157E-02     0.450955E-02     0.476028E-02
  0.415799E-02     0.405038E-02     0.413399E-02     0.415638E-02     0.378588E-02
  0.436352E-02     0.458900E-02     0.426022E-02     0.445188E-02     0.441432E-02
  0.434454E-02     0.452439E-02     0.385622E-02     0.417307E-02     0.453531E-02
  0.431056E-02     0.429738E-02     0.394712E-02     0.392364E-02     0.442871E-02
  0.423936E-02     0.389933E-02     0.415472E-02     0.449567E-02     0.415377E-02
  0.422172E-02     0.473587E-02     0.432838E-02     0.450028E-02     0.415287E-02
  0.445350E-02     0.428391E-02     0.435795E-02     0.453962E-02     0.473999E-02
  0.469057E-02     0.406221E-02     0.398385E-02     0.410504E-02     0.390017E-02
  0.392509E-02     0.462439E-02     0.514390E-02     0.399957E-02     0.410372E-02
  0.477345E-02     0.505735E-02     0.496801E-02     0.531230E-02     0.458275E-02
  0.418004E-02     0.447381E-02     0.501658E-02     0.365016E-02     0.478927E-02
  0.513511E-02     0.379915E-02     0.430711E-02     0.441039E-02     0.475184E-02
  0.400785E-02     0.430293E-02     0.514983E-02     0.462885E-02     0.404408E-02
  0.423384E-02     0.406226E-02     0.442662E-02     0.476049E-02     0.429875E-02
  0.404194E-02     0.467799E-02     0.430281E-02     0.536772E-02     0.413855E-02
  0.473415E-02     0.473946E-02     0.461958E-02     0.432045E-02     0.471533E-02
  0.469281E-02     0.624943E-02     0.546111E-02     0.391258E-02     0.442808E-02
  0.464787E-02     0.410798E-02     0.535873E-02     0.523194E-02     0.493464E-02
  0.374803E-02     0.260458E-02     0.378250E-02     0.655176E-02     0.452715E-02
  0.469893E-02     0.541888E-02     0.531704E-02     0.621881E-02     0.577441E-02
  0.547486E-02     0.470758E-02     0.687229E-02     0.908662E-02     0.449337E-02
  0.428316E-02     0.618533E-02     0.402106E-02     0.539737E-02     0.606125E-02
  0.460132E-02     0.700852E-02     0.740508E-02     0.436104E-02     0.697191E-02
  0.443229E-02     0.585494E-02     0.657652E-02     0.426412E-02     0.636990E-02
  0.389116E-02     0.602177E-02     0.861627E-02     0.434114E-02     0.555254E-02
  0.774224E-02     0.478655E-02     0.663649E-02     0.612989E-02     0.596605E-02
  0.664479E-02     0.361303E-02     0.563863E-02     0.490467E-02     0.591286E-02
  0.510445E-02     0.656973E-02     0.511717E-02     0.525304E-02     0.571011E-02
  0.448849E-02     0.539777E-02     0.498099E-02     0.473086E-02     0.475676E-02
  0.751331E-02     0.663016E-02     0.608164E-02     0.517889E-02     0.711187E-02
  0.782305E-02     0.872639E-02     0.591766E-02     0.653645E-02     0.460727E-02
  0.591489E-02     0.754827E-02     0.801311E-02     0.610227E-02     0.522111E-02
  0.507439E-02     0.624814E-02     0.546138E-02     0.490490E-02     0.815156E-02
  0.523712E-02     0.507074E-02     0.502659E-02     0.549464E-02     0.681793E-02
  0.468932E-02     0.584253E-02     0.591474E-02     0.550198E-02     0.607519E-02
  0.430463E-02     0.339451E-02     0.496139E-02     0.461760E-02     0.494376E-02
  0.687776E-02     0.545391E-02     0.716886E-02     0.741273E-02     0.557121E-02
  0.439704E-02     0.423945E-02     0.371256E-02     0.637314E-02     0.479916E-02
  0.207165E-01     0.232888E-01     0.265022E-01     0.237162E-01     0.229266E-01
  0.288291E-01     0.235021E-01     0.225524E-01     0.254709E-01     0.302070E-01
  0.458954E-01     0.539566E-01     0.492035E-01     0.283845E-01     0.663621E-01
  0.100050E+00     0.775714E-01     0.106015E+00     0.993693E-01     0.943803E-01
  0.787301E-01     0.149169E+00     0.142174E+00     0.141570E+00     0.205324E+00
  0.139229E+00     0.175272E+00     0.148290E+00     0.238178E+00     0.178900E+00
  0.281271E+00     0.164157E+00     0.206737E+00     0.258059E+00     0.246314E+00
  0.246514E+00     0.392061E+00     0.225261E+00     0.233805E+00     0.267026E+00
  0.353248E+00     0.281407E+00     0.384751E+00     0.345749E+00     0.342036E+00
  0.437869E+00     0.450996E+00     0.394444E+00     0.472449E+00     0.469942E+00
  0.394988E+00     0.433992E+00     0.379657E+00     0.568872E+00     0.494496E+00
  0.462255E+00     0.601876E+00     0.579569E+00
 eigen energies, in ev
    -45.617984       -45.559084       -45.481618       -45.427172       -44.827308
    -28.224994       -28.095251       -27.969458       -27.808569       -27.770322
    -27.756986       -27.744623       -27.733673       -27.640844       -27.620745
    -27.610725       -27.599902       -27.585770       -27.571178       -27.531312
    -27.527243       -27.501038       -27.490285       -27.464751       -27.445532
    -27.437375       -27.412286       -27.405253       -27.394739       -27.294601
    -27.248774       -27.216673       -27.209392       -27.201531       -27.194225
    -27.190709       -27.169264       -27.111036       -27.045779       -27.033291
    -27.031859       -27.021546       -27.006552       -26.975797       -26.969123
    -26.933712       -26.929500       -26.920347       -26.895504       -26.857475
    -26.852980       -26.836596       -26.830011       -26.775435       -26.762213
    -26.746920       -26.656223       -26.625289       -26.616700       -26.608993
    -26.605701       -26.538284       -26.532886       -26.520673       -26.502012
    -26.481552       -26.449561       -26.387789       -26.338323       -26.253900
    -26.230106       -26.223418       -26.209733       -26.101099       -26.020404
    -26.015099       -25.974031       -25.972835       -25.959295       -25.949428
    -25.917694       -25.911582       -25.893107       -25.892897       -25.848526
    -25.749383       -25.743174       -25.723232       -25.721928       -25.668871
    -25.654506       -25.624076       -25.595950       -25.584048       -25.573500
    -25.555104       -25.517278       -25.456299       -25.428260       -25.417997
    -25.401631       -25.401496       -25.397756       -25.294626       -25.257045
    -25.233236       -25.217700       -25.215237       -25.199740       -25.168543
    -25.140203       -25.110939       -25.092430       -25.058875       -25.047947
    -25.042040       -25.035793       -25.015237       -24.994912       -24.991389
    -24.980108       -24.970520       -24.962228       -24.958657       -24.928818
    -24.922368       -24.921599       -24.799268       -24.755583       -24.711864
    -24.678280       -24.667412       -24.649559       -24.643578       -24.615924
    -24.571444       -24.351985       -24.268081       -24.246713       -24.224578
    -24.195780       -24.044384       -24.012520       -23.912980       -23.792018
    -23.791749       -23.770635       -23.759018       -23.747253       -23.741800
    -23.722532       -23.685001       -23.518970       -23.457683       -23.426052
    -23.401787       -23.313245       -23.302079       -23.300709       -23.111357
    -23.077196       -23.057552       -22.998234       -22.863450       -22.862456
    -22.802037       -22.548038       -22.452333       -22.438545       -22.336117
    -22.275697       -22.199394       -22.199280       -22.157669       -22.112087
    -22.060303       -21.978748       -21.912053       -21.907291       -21.877371
    -21.857990       -21.848772       -21.812802       -21.716619       -21.715477
    -21.691859       -21.486678       -21.379923       -21.348248       -21.100598
    -19.490424       -19.165508       -18.881885       -18.819414       -18.755780
    -15.991560       -15.963048       -15.915837       -15.784370       -15.711729
    -15.705325       -15.693897       -15.632674       -15.582925       -15.575720
    -15.512526       -15.512224       -15.508066       -15.463758       -15.451506
    -15.429713       -15.401257       -15.381580       -15.329855       -15.317774
    -15.193761       -15.185459       -15.156852       -14.934078       -14.880960
    -14.736052       -14.733535       -14.569498       -14.540557       -14.474968
    -14.367269       -14.291068       -14.264469       -14.245438       -14.230121
    -14.196486       -14.180766       -14.126807       -14.114734       -14.095575
    -14.078346       -14.053150       -14.017802       -14.008668       -13.890506
    -13.868038       -13.862436       -13.843515       -13.813061       -13.777332
    -13.711202       -13.696308       -13.665597       -13.593454       -13.471921
    -13.435970       -13.408243       -13.345829       -13.040596       -12.962997
    -12.914454       -12.903207       -12.885346       -12.874601       -12.869874
    -12.795882       -12.677556       -12.616024       -12.565506       -12.436660
    -12.078648       -12.064771       -12.028690       -11.834893       -11.815923
    -11.764636       -11.726151       -11.715741       -11.709455       -11.688118
    -11.669092       -11.649519       -11.616315       -11.586291       -11.583281
    -11.541291       -11.504562       -11.483780       -11.479977       -11.472822
    -11.433724       -11.416266       -11.398078       -11.339914       -11.338365
    -11.326675       -11.325096       -11.323592       -11.235563       -11.213573
    -11.192422       -11.176322       -11.173712       -11.042729       -11.024209
    -11.005437       -10.966043       -10.953427       -10.940691       -10.911623
    -10.887227       -10.860871       -10.835218       -10.829577       -10.651892
    -10.606097       -10.518330       -10.460247       -10.406506       -10.390053
    -10.384957       -10.325576       -10.281709       -10.247139       -10.234751
    -10.199914       -10.181533       -10.164436       -10.136145       -10.128944
    -10.125336       -10.113269       -10.069857       -10.053469       -10.042973
    -10.034462       -10.006544        -9.996085        -9.990468        -9.983915
     -9.964963        -9.938289        -9.936072        -9.927610        -9.912737
     -9.900300        -9.894684        -9.885907        -9.880006        -9.856113
     -9.846693        -9.835544        -9.817107        -9.806017        -9.790170
     -9.781197        -9.777841        -9.771447        -9.769190        -9.760056
     -9.753937        -9.739730        -9.727804        -9.716862        -9.712339
     -9.707018        -9.696286        -9.692313        -9.660488        -9.633100
     -9.630744        -9.623071        -9.618681        -9.608429        -9.600065
     -9.587655        -9.577944        -9.577044        -9.558463        -9.513365
     -9.494360        -9.487094        -9.469177        -9.460014        -9.452250
     -9.447466        -9.437111        -9.427961        -9.392783        -9.375681
     -9.365658        -9.348223        -9.334845        -9.314753        -9.312972
     -9.291233        -9.270910        -9.247891        -9.242065        -9.234264
     -9.223872        -9.213044        -9.206416        -9.175257        -9.166083
     -9.160834        -9.153124        -9.146476        -9.142624        -9.133875
     -9.120521        -9.110153        -9.069395        -9.060172        -9.055037
     -9.048601        -9.043398        -9.039547        -9.012297        -9.006764
     -8.964433        -8.958091        -8.937042        -8.930604        -8.925111
     -8.908284        -8.890615        -8.883139        -8.856487        -8.850315
     -8.843457        -8.834436        -8.824961        -8.814812        -8.761653
     -8.760770        -8.744997        -8.741086        -8.730364        -8.724088
     -8.715933        -8.714791        -8.703481        -8.692116        -8.686886
     -8.679095        -8.668374        -8.637972        -8.630592        -8.625084
     -8.619183        -8.599097        -8.587930        -8.578187        -8.569487
     -8.553851        -8.551181        -8.539297        -8.525634        -8.517691
     -8.492470        -8.485803        -8.462561        -8.458852        -8.451975
     -8.444306        -8.435542        -8.427109        -8.417383        -8.406627
     -8.382078        -8.377358        -8.373251        -8.361407        -8.357437
     -8.330550        -8.319472        -8.313884        -8.306514        -8.298314
     -8.276321        -8.268089        -8.264874        -8.226869        -8.218597
     -8.213265        -8.180627        -8.161353        -8.150529        -8.142008
     -8.121133        -8.114583        -8.091885        -8.074100        -8.054690
     -8.044752        -8.036423        -8.019217        -8.007011        -7.988200
     -7.970154        -7.948173        -7.937437        -7.927320        -7.917288
     -7.912246        -7.899844        -7.866899        -7.848269        -7.828763
     -7.812202        -7.788735        -7.768793        -7.749948        -7.729002
     -7.702968        -7.691643        -7.596335        -7.590660        -7.588642
     -7.558542        -7.556045        -7.526146        -7.501114        -7.478422
     -7.459164        -7.444570        -7.433959        -7.432307        -7.400517
     -7.363486        -7.327223        -7.309059        -7.288465        -7.261399
     -7.234130        -7.174974        -7.167686        -7.153942        -7.147160
     -7.108336        -7.073386        -7.068596        -7.063179        -7.045598
     -7.008571        -7.006905        -6.943419        -6.940199        -6.922810
     -6.911473        -6.887194        -6.860619        -6.840546        -6.810748
     -6.799255        -6.776927        -6.774296        -6.769130        -6.752506
     -6.732489        -6.698959        -6.659215        -6.643578        -6.639694
     -6.605724        -6.594896        -6.586560        -6.563632        -6.547036
     -6.527894        -6.520149        -6.502018        -6.492777        -6.475892
     -6.467223        -6.436816        -6.418022        -6.409031        -6.379221
     -6.361905        -6.347788        -6.338701        -6.329626        -6.304326
     -6.295320        -6.291187        -6.277125        -6.260984        -6.255131
     -6.249664        -6.245339        -6.241560        -6.227683        -6.204340
     -6.180750        -6.168956        -6.164658        -6.153113        -6.142640
     -6.140566        -6.131545        -6.123633        -6.116145        -6.103804
     -6.099063        -6.095163        -6.069148        -6.059518        -6.047402
     -6.046420        -6.035786        -6.029831        -6.015061        -6.009758
     -5.997585        -5.987688        -5.984431        -5.960724        -5.953111
     -5.948694        -5.932639        -5.915455        -5.914563        -5.910109
     -5.902684        -5.882662        -5.874575        -5.871633        -5.849445
     -5.842220        -5.835777        -5.824046        -5.813475        -5.792368
     -5.783844        -5.781804        -5.775753        -5.763144        -5.751776
     -5.746125        -5.731695        -5.729807        -5.721509        -5.710165
     -5.705120        -5.698535        -5.691693        -5.684378        -5.682665
     -5.675056        -5.654811        -5.653643        -5.645744        -5.636831
     -5.633406        -5.628552        -5.626092        -5.619813        -5.616637
     -5.606129        -5.590496        -5.581155        -5.580141        -5.579507
     -5.570761        -5.562108        -5.556167        -5.545314        -5.540045
     -5.538468        -5.530829        -5.523404        -5.513783        -5.506407
     -5.504217        -5.490087        -5.478856        -5.473902        -5.466762
     -5.463412        -5.455724        -5.441116        -5.436818        -5.428904
     -5.421729        -5.416107        -5.399326        -5.395132        -5.393001
     -5.386133        -5.381143        -5.366747        -5.359812        -5.354664
     -5.347455        -5.340484        -5.335492        -5.326293        -5.322202
     -5.315967        -5.309362        -5.307148        -5.290435        -5.280634
     -5.275208        -5.267485        -5.260827        -5.254541        -5.246036
     -5.243693        -5.232303        -5.229907        -5.222682        -5.215933
     -5.207786        -5.203074        -5.199730        -5.190936        -5.187284
     -5.185094        -5.175145        -5.165620        -5.161838        -5.157460
     -5.149155        -5.140759        -5.136805        -5.130184        -5.127562
     -5.120795        -5.117324        -5.105595        -5.101669        -5.095512
     -5.082962        -5.060501        -5.054093        -5.047750        -5.046120
     -5.039899        -5.028391        -5.020735        -5.010212        -5.004041
     -5.000157        -4.996608        -4.991190        -4.989285        -4.982258
     -4.974262        -4.969128        -4.965228        -4.954852        -4.948638
     -4.942899        -4.941999        -4.938176        -4.935674        -4.926473
     -4.915292        -4.912960        -4.910857        -4.902119        -4.897855
     -4.889990        -4.886066        -4.882287        -4.878503        -4.865674
     -4.863191        -4.857034        -4.851318        -4.844893        -4.837162
     -4.834136        -4.822356        -4.821513        -4.812139        -4.807717
     -4.804036        -4.797931        -4.793105        -4.787573        -4.785434
     -4.778156        -4.773082        -4.769350        -4.763485        -4.758983
     -4.753979        -4.749165        -4.745190        -4.740559        -4.730588
     -4.724654        -4.722647        -4.711818        -4.703288        -4.694816
     -4.689503        -4.682570        -4.676884        -4.664667        -4.660703
     -4.658820        -4.651175        -4.647464        -4.639838        -4.636116
     -4.630022        -4.620760        -4.613006        -4.607700        -4.598605
     -4.592346        -4.588120        -4.581172        -4.577560        -4.571020
     -4.563702        -4.552443        -4.543361        -4.536761        -4.533548
     -4.523569        -4.518536        -4.509859        -4.504009        -4.490494
     -4.483751        -4.477511        -4.472453        -4.467771        -4.465308
     -4.457331        -4.452042        -4.439603        -4.426422        -4.424908
     -4.421862        -4.414384        -4.408461        -4.406212        -4.401465
     -4.394058        -4.377693        -4.369658        -4.367931        -4.362464
     -4.340094        -4.331801        -4.328905        -4.302139        -4.297566
     -4.288044        -4.276017        -4.273100        -4.257692        -4.246021
     -4.241051        -4.233593        -4.222862        -4.217308        -4.214870
     -4.205748        -4.190883        -4.184929        -4.180652        -4.174756
     -4.158398        -4.152200        -4.101267        -4.099610        -4.085683
     -4.081757        -4.055564        -4.041605        -4.022917        -4.017254
     -4.014925        -4.006377        -4.003950        -3.981203        -3.961211
     -3.950534        -3.931363        -3.916977        -3.892498        -3.885080
     -3.842417        -3.827605        -3.823585        -3.799417        -3.775313
     -3.765392        -3.757700        -3.751936        -3.664726        -3.649959
     -3.630643        -3.626262        -3.591619        -3.561896        -3.521903
     -3.518613        -3.504731        -3.493211        -3.482721        -3.465520
     -3.450167        -3.425586        -3.425261        -3.397291        -3.391785
     -3.357862        -3.352258        -3.338562        -3.320853        -3.313000
     -3.276077        -3.250203        -3.243909        -3.236337        -3.229763
     -3.224007        -3.216823        -3.206237        -3.195054        -3.184638
     -3.171477        -3.169009        -3.146917        -3.136751        -3.130098
     -3.128809        -3.111264        -3.100572        -3.089088        -3.074272
     -3.067346        -3.051824        -3.042603        -3.040949        -2.996216
     -2.993022        -2.989128        -2.973901        -2.954113        -2.936567
     -2.934659        -2.910099        -2.883107        -2.861661        -2.855399
     -2.829596        -2.810098        -2.801180        -2.781235        -2.772410
     -2.761895        -2.754564        -2.737008        -2.724019        -2.709691
     -2.678954        -2.629239        -2.605037        -2.597126        -2.587442
     -2.503816        -2.488264        -2.275728        -2.190760        -1.941632
      1.859893         1.942587         2.132883         2.158563         2.169433
      2.188064         2.295673         2.326194         2.336324         2.390031
      2.591798         2.720678         2.756599         2.783978         2.826959
      2.952931         3.086758         3.191231         3.260318         3.280621
      3.353564         3.392491         3.399894         3.454714         3.492204
      3.536761         3.556789         3.635754         3.644297         3.719758
      3.724976         3.737435         3.817540         3.856735         3.881166
      3.905371         3.916556         3.964297         3.998959         4.015768
      4.029167         4.061675         4.069838         4.105385         4.122337
      4.128491         4.155792         4.187888         4.212993         4.259216
      4.288706         4.304828         4.336558         4.357275         4.400862
      4.433598         4.476840         4.563424
 *********************************
 sum eigen(dbl occ, ryd)=  -1532.85907952885     
 *********************************
 Ef(eV)=  0.550633188994618     
 ***************************************************
 iter=          12
 ---------------------------------------------------
 dvE, dvE(n)-dvE(n-1) = 0.1252E-04 0.3375E-05
 dv_ave, drho_tot     = 0.3538E-02 0.3675E-02
 err of ug            = 0.3070E-03
 ---------------------------------------------------
 Ewald        = -.42716155442192E+05
 Alpha        = 0.15207970391171E+04
 E_extV       = 0.00000000000000E+00    0.0000E+00
 E_NSC        = -.21259112898874E+05    0.3578E+02
 E[-rho*V_Hxc]= -.12110354411350E+06    -.3525E+02
 E_Hxc        = 0.50650538179998E+05    0.2843E+02
 -TS          = -.49034426809067E-22    0.1189E-16
 E_tot(eV)    = -.13290747723545E+06    0.5322E+00
 ---------------------------------------------------
 E_ion,E_coul,E_xc =   -221514.6465915   79377.5281640  -28726.9899840
Ewald+Hart+ion    -0.1848532738696E+06
 ave(vtot)=ave_(V_xc)=: v0= -0.285537493306535     
 Eigen energies are values after setting ave_vtot=0
 ----------------------------------
 One SCF use:    85.9751729965210       s
 *********************************
 ****** kpt=           1
 err of each states, eV
  0.102189E-01     0.974699E-02     0.746268E-02     0.101190E-01     0.970929E-02
  0.458784E-02     0.263046E-02     0.494661E-02     0.373754E-02     0.506493E-02
  0.241994E-02     0.347470E-02     0.243651E-02     0.221343E-02     0.386969E-02
  0.293421E-02     0.290146E-02     0.459963E-02     0.303130E-02     0.241458E-02
  0.255314E-02     0.338605E-02     0.196119E-02     0.191087E-02     0.387818E-02
  0.289543E-02     0.260558E-02     0.243706E-02     0.358696E-02     0.476176E-02
  0.235629E-02     0.347838E-02     0.780842E-03     0.242257E-02     0.237205E-02
  0.193444E-02     0.264917E-02     0.186164E-02     0.382813E-02     0.243016E-02
  0.371764E-02     0.336291E-02     0.360147E-02     0.174078E-02     0.271513E-02
  0.254407E-02     0.299070E-02     0.147310E-02     0.247679E-02     0.296645E-02
  0.328835E-02     0.108770E-02     0.205548E-02     0.160355E-02     0.117669E-02
  0.236667E-02     0.229036E-02     0.346124E-02     0.181235E-02     0.245095E-02
  0.243161E-02     0.181333E-02     0.243992E-02     0.110514E-02     0.322346E-02
  0.251836E-02     0.142737E-02     0.130368E-02     0.125324E-02     0.248767E-02
  0.116153E-02     0.343542E-02     0.104965E-02     0.116365E-02     0.208983E-02
  0.307406E-02     0.372469E-02     0.157138E-02     0.207608E-02     0.310223E-02
  0.243739E-02     0.171870E-02     0.352732E-02     0.182999E-02     0.136807E-02
  0.190941E-02     0.815772E-03     0.154716E-02     0.245561E-02     0.271076E-02
  0.176284E-02     0.123788E-02     0.106905E-02     0.139079E-02     0.144484E-02
  0.141497E-02     0.149330E-02     0.125327E-02     0.103438E-02     0.153216E-02
  0.153912E-02     0.202953E-02     0.126592E-02     0.129654E-02     0.128155E-02
  0.239596E-02     0.155375E-02     0.149184E-02     0.153703E-02     0.158161E-02
  0.151926E-02     0.115585E-02     0.127611E-02     0.121229E-02     0.110913E-02
  0.132454E-02     0.196426E-02     0.155625E-02     0.131512E-02     0.107496E-02
  0.195541E-02     0.125503E-02     0.155724E-02     0.114770E-02     0.162260E-02
  0.176899E-02     0.111133E-02     0.271577E-02     0.169742E-02     0.123824E-02
  0.970233E-03     0.919004E-03     0.134082E-02     0.130753E-02     0.722066E-03
  0.247408E-02     0.740391E-03     0.211758E-02     0.214661E-02     0.281913E-02
  0.186840E-02     0.224153E-02     0.227541E-02     0.249269E-02     0.207276E-02
  0.230872E-02     0.271719E-02     0.248373E-02     0.382188E-02     0.218821E-02
  0.235033E-02     0.210801E-02     0.197810E-02     0.347612E-02     0.215444E-02
  0.317815E-02     0.377716E-02     0.227986E-02     0.277227E-02     0.286985E-02
  0.280383E-02     0.364152E-02     0.369034E-02     0.319025E-02     0.381080E-02
  0.250606E-02     0.377042E-02     0.241589E-02     0.330733E-02     0.299201E-02
  0.256526E-02     0.238998E-02     0.270205E-02     0.194308E-02     0.215519E-02
  0.244380E-02     0.269742E-02     0.276914E-02     0.281953E-02     0.208911E-02
  0.232577E-02     0.201735E-02     0.333809E-02     0.253395E-02     0.277282E-02
  0.183800E-02     0.207990E-02     0.236574E-02     0.210722E-02     0.275711E-02
  0.354495E-02     0.370621E-02     0.328774E-02     0.365051E-02     0.326301E-02
  0.294945E-02     0.335865E-02     0.356668E-02     0.258857E-02     0.267711E-02
  0.333308E-02     0.349844E-02     0.358326E-02     0.296932E-02     0.278888E-02
  0.258453E-02     0.354122E-02     0.346683E-02     0.300320E-02     0.275183E-02
  0.400539E-02     0.336582E-02     0.331970E-02     0.328589E-02     0.359969E-02
  0.448242E-02     0.434656E-02     0.374813E-02     0.271333E-02     0.244537E-02
  0.378932E-02     0.441446E-02     0.264462E-02     0.328894E-02     0.289177E-02
  0.294963E-02     0.237943E-02     0.359988E-02     0.212945E-02     0.289359E-02
  0.209080E-02     0.253567E-02     0.251235E-02     0.349087E-02     0.457717E-02
  0.396129E-02     0.263352E-02     0.320810E-02     0.285363E-02     0.400971E-02
  0.479378E-02     0.371121E-02     0.247834E-02     0.459994E-02     0.467718E-02
  0.342529E-02     0.329847E-02     0.413865E-02     0.224673E-02     0.375735E-02
  0.343913E-02     0.325123E-02     0.367881E-02     0.274635E-02     0.234834E-02
  0.337688E-02     0.287831E-02     0.352741E-02     0.284143E-02     0.351224E-02
  0.324900E-02     0.321222E-02     0.243008E-02     0.300178E-02     0.356324E-02
  0.502988E-02     0.436350E-02     0.345616E-02     0.379950E-02     0.554387E-02
  0.353048E-02     0.475908E-02     0.367898E-02     0.445383E-02     0.405726E-02
  0.409214E-02     0.442479E-02     0.393770E-02     0.408907E-02     0.394733E-02
  0.403390E-02     0.386029E-02     0.406167E-02     0.324386E-02     0.441010E-02
  0.314377E-02     0.354958E-02     0.415199E-02     0.518725E-02     0.528716E-02
  0.502629E-02     0.446395E-02     0.452304E-02     0.429547E-02     0.495837E-02
  0.580147E-02     0.415644E-02     0.333635E-02     0.356671E-02     0.452372E-02
  0.359948E-02     0.384436E-02     0.375228E-02     0.344500E-02     0.350317E-02
  0.399987E-02     0.489646E-02     0.400909E-02     0.542505E-02     0.441090E-02
  0.422902E-02     0.522996E-02     0.405808E-02     0.844541E-02     0.508858E-02
  0.725519E-02     0.404094E-02     0.426302E-02     0.463063E-02     0.523747E-02
  0.593445E-02     0.526790E-02     0.738245E-02     0.410180E-02     0.472069E-02
  0.649338E-02     0.507801E-02     0.592575E-02     0.593360E-02     0.541702E-02
  0.490028E-02     0.449727E-02     0.697050E-02     0.410852E-02     0.469858E-02
  0.574770E-02     0.637139E-02     0.582938E-02     0.523339E-02     0.542990E-02
  0.446401E-02     0.470590E-02     0.457885E-02     0.520639E-02     0.485172E-02
  0.454826E-02     0.477731E-02     0.538777E-02     0.489376E-02     0.508837E-02
  0.562982E-02     0.528687E-02     0.575079E-02     0.495939E-02     0.599422E-02
  0.446298E-02     0.577064E-02     0.452472E-02     0.491137E-02     0.478125E-02
  0.476889E-02     0.644130E-02     0.506197E-02     0.497073E-02     0.468829E-02
  0.699623E-02     0.474486E-02     0.538290E-02     0.595212E-02     0.519289E-02
  0.545761E-02     0.453606E-02     0.454702E-02     0.522805E-02     0.521507E-02
  0.654108E-02     0.598824E-02     0.424348E-02     0.523440E-02     0.604492E-02
  0.493479E-02     0.599924E-02     0.477053E-02     0.448361E-02     0.522505E-02
  0.510894E-02     0.543197E-02     0.659152E-02     0.517228E-02     0.550949E-02
  0.507797E-02     0.449959E-02     0.824393E-02     0.441754E-02     0.409517E-02
  0.577538E-02     0.896859E-02     0.515553E-02     0.508355E-02     0.540679E-02
  0.552817E-02     0.502183E-02     0.559790E-02     0.488323E-02     0.543560E-02
  0.539842E-02     0.715713E-02     0.532249E-02     0.709591E-02     0.613385E-02
  0.649050E-02     0.543387E-02     0.575155E-02     0.632917E-02     0.665136E-02
  0.650222E-02     0.570535E-02     0.504446E-02     0.457212E-02     0.529224E-02
  0.544823E-02     0.494424E-02     0.596531E-02     0.499712E-02     0.536631E-02
  0.581098E-02     0.578397E-02     0.651972E-02     0.629925E-02     0.602573E-02
  0.488548E-02     0.624347E-02     0.591987E-02     0.553682E-02     0.713295E-02
  0.521012E-02     0.550146E-02     0.611174E-02     0.624156E-02     0.657714E-02
  0.610389E-02     0.687564E-02     0.491167E-02     0.526061E-02     0.596359E-02
  0.585272E-02     0.598922E-02     0.536922E-02     0.509413E-02     0.512543E-02
  0.533209E-02     0.590583E-02     0.456525E-02     0.498720E-02     0.474582E-02
  0.538233E-02     0.538175E-02     0.582154E-02     0.551790E-02     0.541627E-02
  0.717391E-02     0.535197E-02     0.548973E-02     0.679253E-02     0.572150E-02
  0.522967E-02     0.567660E-02     0.527920E-02     0.505376E-02     0.442715E-02
  0.490659E-02     0.652720E-02     0.468066E-02     0.612398E-02     0.540883E-02
  0.574986E-02     0.470148E-02     0.586062E-02     0.536828E-02     0.601143E-02
  0.603920E-02     0.558749E-02     0.615698E-02     0.503516E-02     0.629821E-02
  0.589502E-02     0.636546E-02     0.542453E-02     0.524553E-02     0.568413E-02
  0.551267E-02     0.594919E-02     0.560407E-02     0.596931E-02     0.534242E-02
  0.560373E-02     0.545457E-02     0.554526E-02     0.530314E-02     0.537889E-02
  0.565911E-02     0.515741E-02     0.492395E-02     0.571871E-02     0.535857E-02
  0.465183E-02     0.701044E-02     0.506165E-02     0.534360E-02     0.605189E-02
  0.412824E-02     0.532491E-02     0.448270E-02     0.586628E-02     0.521166E-02
  0.412166E-02     0.404849E-02     0.434383E-02     0.446128E-02     0.462079E-02
  0.455954E-02     0.515296E-02     0.530676E-02     0.473249E-02     0.390042E-02
  0.515676E-02     0.376175E-02     0.506036E-02     0.443495E-02     0.449816E-02
  0.452689E-02     0.562363E-02     0.740550E-02     0.440611E-02     0.537004E-02
  0.645907E-02     0.497829E-02     0.502680E-02     0.602740E-02     0.615790E-02
  0.590054E-02     0.726765E-02     0.581911E-02     0.613464E-02     0.610038E-02
  0.534923E-02     0.435939E-02     0.379770E-02     0.488360E-02     0.556371E-02
  0.672072E-02     0.436007E-02     0.651412E-02     0.651533E-02     0.425021E-02
  0.560721E-02     0.401758E-02     0.523170E-02     0.396920E-02     0.602281E-02
  0.412918E-02     0.558838E-02     0.541198E-02     0.511788E-02     0.730831E-02
  0.660739E-02     0.706171E-02     0.617820E-02     0.565765E-02     0.593614E-02
  0.621970E-02     0.591523E-02     0.463977E-02     0.405670E-02     0.564873E-02
  0.454567E-02     0.396289E-02     0.373433E-02     0.414341E-02     0.409426E-02
  0.482478E-02     0.611337E-02     0.430418E-02     0.651924E-02     0.446741E-02
  0.740692E-02     0.364531E-02     0.763102E-02     0.542953E-02     0.380111E-02
  0.401460E-02     0.533196E-02     0.501916E-02     0.534131E-02     0.494599E-02
  0.627150E-02     0.572409E-02     0.457456E-02     0.334597E-02     0.476045E-02
  0.390593E-02     0.501423E-02     0.430567E-02     0.478191E-02     0.434692E-02
  0.634765E-02     0.522136E-02     0.507535E-02     0.725812E-02     0.470010E-02
  0.556134E-02     0.535151E-02     0.621340E-02     0.818983E-02     0.479297E-02
  0.601896E-02     0.517383E-02     0.486999E-02     0.404942E-02     0.521681E-02
  0.505054E-02     0.498525E-02     0.539542E-02     0.512269E-02     0.454507E-02
  0.446297E-02     0.673335E-02     0.538457E-02     0.515523E-02     0.448025E-02
  0.375800E-02     0.456756E-02     0.327550E-02     0.525361E-02     0.459363E-02
  0.525035E-02     0.549070E-02     0.489018E-02     0.611555E-02     0.428731E-02
  0.444409E-02     0.379389E-02     0.363215E-02     0.355181E-02     0.447213E-02
  0.387287E-02     0.471735E-02     0.445262E-02     0.616825E-02     0.502770E-02
  0.452777E-02     0.461852E-02     0.446234E-02     0.446625E-02     0.494370E-02
  0.588005E-02     0.700207E-02     0.588371E-02     0.626999E-02     0.571424E-02
  0.586816E-02     0.671211E-02     0.608454E-02     0.442101E-02     0.643647E-02
  0.505678E-02     0.562646E-02     0.446789E-02     0.437106E-02     0.544079E-02
  0.573097E-02     0.519317E-02     0.676285E-02     0.531160E-02     0.602232E-02
  0.511026E-02     0.591124E-02     0.617976E-02     0.563015E-02     0.500159E-02
  0.646209E-02     0.718863E-02     0.586564E-02     0.510679E-02     0.617734E-02
  0.498848E-02     0.644536E-02     0.640027E-02     0.536764E-02     0.528914E-02
  0.505543E-02     0.480830E-02     0.460125E-02     0.521663E-02     0.505174E-02
  0.507110E-02     0.551725E-02     0.551547E-02     0.586646E-02     0.456750E-02
  0.488567E-02     0.543804E-02     0.511385E-02     0.567895E-02     0.665703E-02
  0.627866E-02     0.562831E-02     0.457843E-02     0.599368E-02     0.581718E-02
  0.516249E-02     0.488653E-02     0.475320E-02     0.500577E-02     0.491235E-02
  0.503112E-02     0.573874E-02     0.505531E-02     0.619383E-02     0.525413E-02
  0.646901E-02     0.577113E-02     0.628500E-02     0.564631E-02     0.582360E-02
  0.673642E-02     0.638625E-02     0.608995E-02     0.559529E-02     0.637432E-02
  0.644541E-02     0.483876E-02     0.681307E-02     0.589183E-02     0.545212E-02
  0.534814E-02     0.521709E-02     0.566538E-02     0.509118E-02     0.543362E-02
  0.408230E-02     0.526023E-02     0.454194E-02     0.527222E-02     0.444238E-02
  0.498214E-02     0.450338E-02     0.464233E-02     0.505169E-02     0.510636E-02
  0.548427E-02     0.542219E-02     0.749441E-02     0.532050E-02     0.505851E-02
  0.802756E-02     0.605097E-02     0.652298E-02     0.624478E-02     0.534021E-02
  0.541825E-02     0.592313E-02     0.556417E-02     0.713744E-02     0.549790E-02
  0.606321E-02     0.569622E-02     0.586506E-02     0.590604E-02     0.561209E-02
  0.646115E-02     0.579649E-02     0.634718E-02     0.626287E-02     0.594638E-02
  0.608424E-02     0.537314E-02     0.622910E-02     0.649494E-02     0.598452E-02
  0.492894E-02     0.582962E-02     0.563184E-02     0.546316E-02     0.665105E-02
  0.561607E-02     0.661089E-02     0.685867E-02     0.636264E-02     0.747840E-02
  0.536802E-02     0.632604E-02     0.542289E-02     0.648652E-02     0.601585E-02
  0.467973E-02     0.447505E-02     0.629139E-02     0.538615E-02     0.615113E-02
  0.495616E-02     0.676361E-02     0.646315E-02     0.616178E-02     0.569987E-02
  0.619136E-02     0.537681E-02     0.696664E-02     0.526908E-02     0.545681E-02
  0.556791E-02     0.656923E-02     0.663056E-02     0.643014E-02     0.634740E-02
  0.598583E-02     0.535674E-02     0.557856E-02     0.645138E-02     0.722548E-02
  0.595302E-02     0.589334E-02     0.621381E-02     0.473099E-02     0.393491E-02
  0.576195E-02     0.683622E-02     0.480839E-02     0.735289E-02     0.637581E-02
  0.624216E-02     0.669533E-02     0.621436E-02     0.720973E-02     0.614316E-02
  0.809834E-02     0.599599E-02     0.844858E-02     0.708611E-02     0.735669E-02
  0.442261E-02     0.777234E-02     0.724387E-02     0.700117E-02     0.706015E-02
  0.707485E-02     0.567380E-02     0.573844E-02     0.668243E-02     0.709380E-02
  0.692263E-02     0.357795E-02     0.668052E-02     0.546901E-02     0.660206E-02
  0.669699E-02     0.399200E-02     0.646144E-02     0.739548E-02     0.796718E-02
  0.642879E-02     0.625010E-02     0.745865E-02     0.563591E-02     0.622781E-02
  0.722003E-02     0.533951E-02     0.715645E-02     0.504219E-02     0.524453E-02
  0.793781E-02     0.601672E-02     0.305172E-02     0.645848E-02     0.709305E-02
  0.510001E-02     0.901191E-02     0.929689E-02     0.582707E-02     0.877090E-02
  0.857062E-02     0.574979E-02     0.803523E-02     0.895057E-02     0.981078E-02
  0.897809E-02     0.722080E-02     0.105824E-01     0.724313E-02     0.623202E-02
  0.111026E-01     0.525935E-02     0.100070E-01     0.963327E-02     0.819952E-02
  0.884665E-02     0.657166E-02     0.715055E-02     0.615247E-02     0.545619E-02
  0.612175E-02     0.552048E-02     0.834212E-02     0.635231E-02     0.646596E-02
  0.731785E-02     0.529473E-02     0.530983E-02     0.705479E-02     0.551783E-02
  0.658088E-02     0.764631E-02     0.753405E-02     0.700460E-02     0.733247E-02
  0.492743E-02     0.705983E-02     0.913536E-02     0.760311E-02     0.104651E-01
  0.665756E-02     0.580254E-02     0.870492E-02     0.734430E-02     0.495815E-02
  0.681192E-02     0.829191E-02     0.100346E-01     0.640780E-02     0.755338E-02
  0.771373E-02     0.731747E-02     0.679589E-02     0.804054E-02     0.718250E-02
  0.795310E-02     0.812497E-02     0.997510E-02     0.944025E-02     0.711828E-02
  0.137814E-01     0.768750E-02     0.791459E-02     0.820380E-02     0.920902E-02
  0.616471E-02     0.680245E-02     0.815498E-02     0.610693E-02     0.698911E-02
  0.509594E-02     0.608138E-02     0.585313E-02     0.583855E-02     0.658895E-02
  0.715492E-02     0.524393E-02     0.758359E-02     0.872024E-02     0.693521E-02
  0.598165E-02     0.935954E-02     0.573488E-02     0.950771E-02     0.522882E-02
  0.826770E-02     0.862319E-02     0.416182E-02     0.739704E-02     0.586723E-02
  0.306256E-01     0.263697E-01     0.389190E-01     0.276192E-01     0.246707E-01
  0.244093E-01     0.283891E-01     0.276690E-01     0.285162E-01     0.341856E-01
  0.586101E-01     0.451575E-01     0.444035E-01     0.650803E-01     0.348565E-01
  0.109662E+00     0.825416E-01     0.963631E-01     0.976927E-01     0.112051E+00
  0.832191E-01     0.973216E-01     0.117994E+00     0.132580E+00     0.167620E+00
  0.184188E+00     0.142998E+00     0.136346E+00     0.225686E+00     0.154564E+00
  0.171059E+00     0.218431E+00     0.258879E+00     0.260419E+00     0.236200E+00
  0.307032E+00     0.231025E+00     0.316294E+00     0.222565E+00     0.311906E+00
  0.371132E+00     0.349879E+00     0.359293E+00     0.299561E+00     0.228603E+00
  0.420841E+00     0.376892E+00     0.436904E+00     0.442996E+00     0.419256E+00
  0.502354E+00     0.476566E+00     0.548261E+00     0.510837E+00     0.596747E+00
  0.618049E+00     0.710538E+00     0.751653E+00
 eigen energies, in ev
    -45.355846       -45.199650       -45.155504       -45.123043       -44.512824
    -28.290825       -28.123402       -28.018760       -27.878928       -27.843089
    -27.803550       -27.776160       -27.748964       -27.685856       -27.660800
    -27.655192       -27.602431       -27.596297       -27.582041       -27.559422
    -27.546628       -27.543761       -27.518539       -27.510470       -27.505899
    -27.483471       -27.481160       -27.476643       -27.442565       -27.329597
    -27.280548       -27.272723       -27.257928       -27.252351       -27.213738
    -27.200602       -27.188806       -27.181431       -27.104579       -27.098177
    -27.096213       -27.079967       -27.064532       -27.054921       -27.034546
    -26.971655       -26.945491       -26.929205       -26.912372       -26.908165
    -26.893080       -26.841123       -26.803745       -26.783366       -26.766739
    -26.758617       -26.667934       -26.664759       -26.660743       -26.614184
    -26.597359       -26.594557       -26.594005       -26.576531       -26.573169
    -26.513703       -26.509764       -26.481749       -26.352340       -26.295958
    -26.273122       -26.268635       -26.252756       -26.145926       -26.088348
    -26.078355       -26.054814       -26.000396       -25.988773       -25.967905
    -25.945141       -25.944969       -25.931145       -25.921693       -25.907684
    -25.829231       -25.810585       -25.774395       -25.769697       -25.728087
    -25.726187       -25.695891       -25.651573       -25.635294       -25.601584
    -25.596785       -25.545562       -25.490064       -25.470972       -25.456849
    -25.454176       -25.434538       -25.408851       -25.342265       -25.338919
    -25.284798       -25.256875       -25.247738       -25.238388       -25.216023
    -25.206239       -25.133992       -25.133864       -25.117436       -25.109031
    -25.106675       -25.086518       -25.064271       -25.060074       -25.045546
    -25.025880       -25.024241       -25.014027       -24.995129       -24.985086
    -24.945621       -24.826247       -24.780910       -24.769714       -24.729763
    -24.728558       -24.713294       -24.679871       -24.678118       -24.638093
    -24.511418       -24.238660       -24.163801       -24.099840       -24.058633
    -24.043461       -23.973046       -23.962276       -23.717611       -23.688304
    -23.625170       -23.591063       -23.585068       -23.575288       -23.556155
    -23.543550       -23.520979       -23.509606       -23.479393       -23.417800
    -23.371594       -23.369161       -23.354326       -23.279630       -23.155822
    -23.141410       -23.137807       -23.034837       -22.853318       -22.849856
    -22.684007       -22.598431       -22.503996       -22.314457       -22.242492
    -22.218174       -22.177412       -22.148943       -22.066080       -22.019613
    -21.838560       -21.811371       -21.768837       -21.733041       -21.725206
    -21.685657       -21.664706       -21.648288       -21.631426       -21.532009
    -21.479817       -21.364662       -21.335048       -21.277691       -21.069890
    -19.402431       -19.066380       -18.846998       -18.739500       -18.695063
    -16.027011       -16.017913       -15.982355       -15.840119       -15.736432
    -15.588817       -15.579824       -15.569569       -15.560146       -15.536961
    -15.517515       -15.511849       -15.475682       -15.454984       -15.437020
    -15.428881       -15.386865       -15.237827       -15.217448       -15.164597
    -15.135183       -14.990436       -14.988319       -14.919593       -14.796834
    -14.757499       -14.658804       -14.609965       -14.604071       -14.451100
    -14.344479       -14.310933       -14.285023       -14.244550       -14.181542
    -14.155012       -14.110963       -14.103552       -14.100638       -14.045029
    -13.959249       -13.937973       -13.909401       -13.908846       -13.901916
    -13.833979       -13.831646       -13.829786       -13.700801       -13.673172
    -13.647739       -13.635800       -13.586536       -13.529173       -13.524143
    -13.473889       -13.451743       -13.184298       -13.098959       -13.017521
    -12.969148       -12.943807       -12.929975       -12.920887       -12.916474
    -12.852818       -12.749123       -12.652731       -12.607548       -12.479079
    -12.138359       -12.092166       -11.976805       -11.884124       -11.864574
    -11.793323       -11.769240       -11.745982       -11.707692       -11.610897
    -11.585806       -11.569196       -11.538490       -11.533295       -11.522139
    -11.515758       -11.504842       -11.497556       -11.466135       -11.441057
    -11.400521       -11.377786       -11.367996       -11.312501       -11.305532
    -11.276930       -11.273046       -11.233121       -11.220234       -11.187446
    -11.142786       -11.134287       -11.092076       -11.043744       -11.031725
    -10.986196       -10.959130       -10.937175       -10.921277       -10.899690
    -10.882689       -10.874965       -10.872082       -10.843118       -10.696756
    -10.646699       -10.522156       -10.443391       -10.438272       -10.421344
    -10.355993       -10.277307       -10.250788       -10.223467       -10.175976
    -10.170667       -10.167552       -10.166146       -10.158617       -10.109287
    -10.085365       -10.071405       -10.068713       -10.060610       -10.049177
    -10.034870       -10.029407       -10.010628        -9.998007        -9.990226
     -9.979766        -9.936819        -9.935193        -9.926974        -9.911818
     -9.890499        -9.873355        -9.865537        -9.856943        -9.853354
     -9.841559        -9.834912        -9.828633        -9.820320        -9.809165
     -9.804757        -9.801437        -9.778972        -9.774277        -9.764028
     -9.757923        -9.752523        -9.736501        -9.719649        -9.711863
     -9.703491        -9.695033        -9.682294        -9.668921        -9.655935
     -9.647813        -9.637837        -9.626263        -9.624166        -9.619452
     -9.606694        -9.584565        -9.570560        -9.550812        -9.531277
     -9.524774        -9.517326        -9.515268        -9.484757        -9.481200
     -9.476691        -9.449823        -9.426475        -9.421797        -9.404743
     -9.387300        -9.373512        -9.365311        -9.358170        -9.355513
     -9.323798        -9.317643        -9.309227        -9.299211        -9.281975
     -9.271759        -9.250417        -9.227330        -9.208042        -9.196759
     -9.187451        -9.177961        -9.149670        -9.145965        -9.106709
     -9.105271        -9.088952        -9.080390        -9.072982        -9.066634
     -9.043280        -9.014378        -9.001062        -8.994710        -8.989664
     -8.982641        -8.969587        -8.962694        -8.950755        -8.940763
     -8.925473        -8.899683        -8.897773        -8.885809        -8.868783
     -8.858464        -8.842804        -8.803689        -8.794833        -8.791109
     -8.767920        -8.752547        -8.745297        -8.738755        -8.729754
     -8.718909        -8.695160        -8.682314        -8.655339        -8.651656
     -8.642023        -8.632347        -8.613211        -8.607094        -8.592413
     -8.586334        -8.581444        -8.576546        -8.552375        -8.546862
     -8.538813        -8.523435        -8.516280        -8.507798        -8.503281
     -8.496301        -8.485685        -8.476801        -8.447901        -8.427486
     -8.421068        -8.412103        -8.407824        -8.403620        -8.392784
     -8.383940        -8.370127        -8.366055        -8.351761        -8.346978
     -8.334871        -8.315313        -8.306939        -8.290838        -8.261803
     -8.254319        -8.243999        -8.229804        -8.224852        -8.188729
     -8.174115        -8.148580        -8.138463        -8.112912        -8.067115
     -8.058579        -8.054827        -8.028550        -8.018013        -7.992257
     -7.986278        -7.968163        -7.951110        -7.948346        -7.937400
     -7.927572        -7.925595        -7.890117        -7.880450        -7.870111
     -7.857657        -7.848394        -7.831066        -7.820114        -7.784148
     -7.739277        -7.724693        -7.688357        -7.685568        -7.661470
     -7.649987        -7.636463        -7.616085        -7.609055        -7.558818
     -7.552091        -7.501832        -7.490454        -7.456174        -7.426502
     -7.415340        -7.401020        -7.396460        -7.376870        -7.360905
     -7.342674        -7.280736        -7.272053        -7.255099        -7.200960
     -7.175223        -7.168729        -7.133660        -7.123315        -7.074104
     -7.050995        -7.047232        -7.029956        -7.011863        -6.943851
     -6.935041        -6.923680        -6.913673        -6.909049        -6.857155
     -6.848600        -6.841781        -6.822698        -6.801270        -6.790116
     -6.787430        -6.740831        -6.732313        -6.726552        -6.702620
     -6.681197        -6.673113        -6.654844        -6.644168        -6.608815
     -6.586980        -6.572860        -6.552530        -6.535432        -6.517779
     -6.503803        -6.494020        -6.490818        -6.458719        -6.452175
     -6.440420        -6.415235        -6.396410        -6.383365        -6.364072
     -6.347522        -6.335859        -6.330660        -6.329019        -6.326301
     -6.301384        -6.288959        -6.281090        -6.277155        -6.248879
     -6.239109        -6.237529        -6.220807        -6.209481        -6.187538
     -6.178247        -6.176104        -6.167515        -6.157420        -6.154325
     -6.137655        -6.122994        -6.119935        -6.096629        -6.089570
     -6.079652        -6.075714        -6.053833        -6.041658        -6.037683
     -6.023093        -6.017990        -6.011022        -6.008479        -5.991361
     -5.989973        -5.969715        -5.967716        -5.956539        -5.955033
     -5.945864        -5.937452        -5.926406        -5.916146        -5.914761
     -5.894020        -5.886263        -5.872849        -5.866776        -5.855718
     -5.848130        -5.820266        -5.808681        -5.803629        -5.797738
     -5.792747        -5.786034        -5.784294        -5.769938        -5.766022
     -5.759520        -5.748176        -5.740239        -5.733742        -5.718413
     -5.717495        -5.714392        -5.690841        -5.687801        -5.682182
     -5.666411        -5.661038        -5.658243        -5.653637        -5.635833
     -5.631352        -5.622829        -5.613108        -5.606079        -5.589484
     -5.584965        -5.579956        -5.567515        -5.565233        -5.555793
     -5.553377        -5.549203        -5.543263        -5.538606        -5.518043
     -5.517866        -5.504965        -5.498353        -5.494573        -5.489180
     -5.485780        -5.474723        -5.463904        -5.461806        -5.456848
     -5.443233        -5.442294        -5.435921        -5.432327        -5.418461
     -5.414231        -5.408635        -5.398239        -5.397241        -5.389830
     -5.382601        -5.369585        -5.364233        -5.350177        -5.346719
     -5.339587        -5.329447        -5.324115        -5.315228        -5.313070
     -5.303702        -5.293623        -5.276858        -5.271473        -5.269520
     -5.262700        -5.259798        -5.251708        -5.246614        -5.242810
     -5.231253        -5.227385        -5.220280        -5.218274        -5.208232
     -5.206201        -5.200014        -5.192698        -5.189748        -5.179638
     -5.173922        -5.167586        -5.161584        -5.151409        -5.145823
     -5.140436        -5.134778        -5.129693        -5.122177        -5.116670
     -5.106809        -5.099071        -5.096808        -5.082673        -5.072043
     -5.067711        -5.059238        -5.057332        -5.047484        -5.041171
     -5.034093        -5.027835        -5.022156        -5.016271        -5.008357
     -5.003046        -4.997780        -4.989539        -4.985649        -4.979883
     -4.977901        -4.969256        -4.966158        -4.963085        -4.956179
     -4.937631        -4.935591        -4.928684        -4.926787        -4.917165
     -4.913462        -4.909447        -4.903669        -4.895360        -4.892863
     -4.891122        -4.888316        -4.881055        -4.877287        -4.871136
     -4.860582        -4.857145        -4.848083        -4.842622        -4.838719
     -4.833150        -4.825529        -4.824776        -4.823163        -4.811282
     -4.810100        -4.804032        -4.797931        -4.795389        -4.783326
     -4.775162        -4.767470        -4.763019        -4.759159        -4.756632
     -4.747437        -4.744972        -4.738077        -4.736846        -4.726859
     -4.716864        -4.712066        -4.704806        -4.696934        -4.691771
     -4.683142        -4.678584        -4.665678        -4.657146        -4.653169
     -4.643216        -4.641468        -4.635539        -4.624370        -4.616037
     -4.605671        -4.601171        -4.596766        -4.591600        -4.583010
     -4.571989        -4.570975        -4.565780        -4.564271        -4.552371
     -4.551594        -4.538234        -4.531103        -4.523672        -4.517014
     -4.509159        -4.501193        -4.494518        -4.489238        -4.470501
     -4.464999        -4.459384        -4.455578        -4.452531        -4.449902
     -4.432146        -4.426334        -4.421106        -4.410100        -4.403315
     -4.400346        -4.392180        -4.383781        -4.376232        -4.374015
     -4.370188        -4.363893        -4.355302        -4.345720        -4.341298
     -4.335514        -4.322192        -4.317865        -4.309243        -4.300678
     -4.289241        -4.281564        -4.263810        -4.257811        -4.250724
     -4.248083        -4.203092        -4.190587        -4.182026        -4.169926
     -4.163604        -4.136907        -4.134511        -4.132334        -4.121387
     -4.117892        -4.108952        -4.092440        -4.081669        -4.075648
     -4.052680        -4.045731        -4.040739        -4.025985        -4.015899
     -3.999439        -3.949996        -3.932870        -3.920126        -3.908802
     -3.906161        -3.895148        -3.882806        -3.868760        -3.829046
     -3.799360        -3.770983        -3.765596        -3.741759        -3.693145
     -3.679622        -3.675732        -3.634878        -3.632743        -3.606948
     -3.604812        -3.596195        -3.579432        -3.552581        -3.523502
     -3.519413        -3.502764        -3.494058        -3.479518        -3.461509
     -3.438793        -3.397787        -3.358097        -3.323012        -3.312018
     -3.289305        -3.280587        -3.269117        -3.266605        -3.261092
     -3.243942        -3.229253        -3.207579        -3.201364        -3.198139
     -3.191582        -3.183244        -3.180860        -3.162029        -3.159524
     -3.139753        -3.133290        -3.127206        -3.097183        -3.067210
     -3.054598        -3.041239        -3.033173        -3.012698        -2.998168
     -2.983456        -2.976322        -2.969641        -2.959549        -2.952391
     -2.925517        -2.921139        -2.910603        -2.904148        -2.899627
     -2.895915        -2.892520        -2.883423        -2.865230        -2.842459
     -2.827127        -2.824684        -2.806589        -2.793942        -2.777492
     -2.767674        -2.761592        -2.734888        -2.727473        -2.706841
     -2.669168        -2.591289        -2.543920        -2.538147        -2.469767
     -2.429945        -2.423116        -2.314090        -2.225098        -1.974964
      2.034957         2.090592         2.293027         2.325201         2.340512
      2.358201         2.459928         2.480964         2.501451         2.564492
      2.723584         2.811056         2.864176         2.918659         2.936743
      3.069504         3.169018         3.259517         3.344370         3.350008
      3.403325         3.445748         3.476516         3.514754         3.541934
      3.575403         3.598384         3.675403         3.711156         3.763301
      3.782055         3.788020         3.846550         3.860835         3.908070
      3.913935         3.942588         3.988696         4.017678         4.039691
      4.052531         4.079395         4.095999         4.109397         4.135373
      4.146767         4.173643         4.181674         4.218231         4.249682
      4.285747         4.314711         4.347365         4.385420         4.412464
      4.444739         4.479408         4.576779
 *********************************
 sum eigen(dbl occ, ryd)=  -1530.28836515234     
 *********************************
 Ef(eV)=  0.464943582395162     
 ***************************************************
 iter=          13
 ---------------------------------------------------
 dvE, dvE(n)-dvE(n-1) = 0.1791E-04 0.5391E-05
 dv_ave, drho_tot     = 0.4232E-02 0.2858E-02
 err of ug            = 0.3597E-03
 ---------------------------------------------------
 Ewald        = -.42716155442192E+05
 Alpha        = 0.15207970391171E+04
 E_extV       = 0.00000000000000E+00    0.0000E+00
 E_NSC        = -.21231392368344E+05    0.2772E+02
 E[-rho*V_Hxc]= -.12115278125060E+06    -.2719E+02
 E_Hxc        = 0.50672586072288E+05    0.2205E+02
 -TS          = -.54081027878314E-26    0.4903E-22
 E_tot(eV)    = -.13290694594973E+06    0.5313E+00
 ---------------------------------------------------
 E_ion,E_coul,E_xc =   -221547.1888158   79407.0054531  -28734.4193808
Ewald+Hart+ion    -0.1848563388049E+06
 ave(vtot)=ave_(V_xc)=: v0= -0.284426244866985     
 Eigen energies are values after setting ave_vtot=0
 ----------------------------------
 One SCF use:    86.0162081718445       s
 *********************************
 ****** kpt=           1
 err of each states, eV
  0.100014E-01     0.665956E-02     0.497433E-02     0.669588E-02     0.916560E-02
  0.293624E-02     0.142142E-02     0.342890E-02     0.170711E-02     0.280157E-02
  0.208232E-02     0.159027E-02     0.149825E-02     0.174769E-02     0.261758E-02
  0.182892E-02     0.188128E-02     0.167700E-02     0.161463E-02     0.163545E-02
  0.169542E-02     0.169713E-02     0.185340E-02     0.131433E-02     0.148371E-02
  0.167894E-02     0.200594E-02     0.171307E-02     0.138386E-02     0.311964E-02
  0.143726E-02     0.174324E-02     0.229262E-02     0.175574E-02     0.138671E-02
  0.186726E-02     0.211434E-02     0.181514E-02     0.191789E-02     0.176090E-02
  0.217364E-02     0.175155E-02     0.152276E-02     0.170348E-02     0.242047E-02
  0.181710E-02     0.151776E-02     0.176177E-02     0.161729E-02     0.190790E-02
  0.213668E-02     0.215887E-02     0.144285E-02     0.219956E-02     0.162126E-02
  0.133207E-02     0.223039E-02     0.131015E-02     0.158275E-02     0.201152E-02
  0.230288E-02     0.204920E-02     0.150812E-02     0.187025E-02     0.147233E-02
  0.175993E-02     0.175198E-02     0.180222E-02     0.141092E-02     0.153372E-02
  0.195708E-02     0.368330E-02     0.208114E-02     0.257796E-02     0.164738E-02
  0.251728E-02     0.205062E-02     0.111935E-02     0.221323E-02     0.228788E-02
  0.107066E-02     0.166745E-02     0.129019E-02     0.154143E-02     0.154875E-02
  0.159995E-02     0.340051E-02     0.137941E-02     0.117026E-02     0.214421E-02
  0.150272E-02     0.193065E-02     0.129335E-02     0.155378E-02     0.139134E-02
  0.200639E-02     0.163557E-02     0.177570E-02     0.156024E-02     0.131819E-02
  0.116892E-02     0.157759E-02     0.146509E-02     0.155044E-02     0.134518E-02
  0.134646E-02     0.123996E-02     0.178499E-02     0.133359E-02     0.125122E-02
  0.127876E-02     0.370339E-02     0.197352E-02     0.246504E-02     0.302387E-02
  0.106618E-02     0.150642E-02     0.131543E-02     0.231777E-02     0.134273E-02
  0.141442E-02     0.204374E-02     0.128325E-02     0.133486E-02     0.117821E-02
  0.124005E-02     0.164137E-02     0.247777E-02     0.199102E-02     0.168964E-02
  0.164760E-02     0.270316E-02     0.113375E-02     0.146719E-02     0.357948E-02
  0.311063E-02     0.305380E-02     0.260804E-02     0.208876E-02     0.301010E-02
  0.445593E-02     0.505071E-02     0.422027E-02     0.200961E-02     0.278291E-02
  0.209897E-02     0.310897E-02     0.290895E-02     0.339022E-02     0.511872E-02
  0.478521E-02     0.483487E-02     0.194872E-02     0.416350E-02     0.430979E-02
  0.461447E-02     0.414345E-02     0.310541E-02     0.343245E-02     0.205434E-02
  0.273380E-02     0.246915E-02     0.304973E-02     0.240738E-02     0.323938E-02
  0.328685E-02     0.288928E-02     0.354986E-02     0.349451E-02     0.299716E-02
  0.294176E-02     0.285043E-02     0.266120E-02     0.342498E-02     0.293425E-02
  0.277179E-02     0.348768E-02     0.452138E-02     0.339439E-02     0.338976E-02
  0.318102E-02     0.300960E-02     0.389279E-02     0.397483E-02     0.362832E-02
  0.270010E-02     0.221596E-02     0.367330E-02     0.316722E-02     0.175799E-02
  0.385428E-02     0.379890E-02     0.305162E-02     0.390617E-02     0.416194E-02
  0.191162E-02     0.200268E-02     0.197994E-02     0.141747E-02     0.147293E-02
  0.190443E-02     0.124417E-02     0.259937E-02     0.152291E-02     0.130674E-02
  0.205801E-02     0.174003E-02     0.137959E-02     0.332911E-02     0.175956E-02
  0.375704E-02     0.369768E-02     0.371466E-02     0.334861E-02     0.326652E-02
  0.262633E-02     0.360687E-02     0.282932E-02     0.461205E-02     0.298521E-02
  0.311083E-02     0.224951E-02     0.322727E-02     0.234184E-02     0.476426E-02
  0.231073E-02     0.208719E-02     0.202677E-02     0.289866E-02     0.177254E-02
  0.201467E-02     0.271957E-02     0.372009E-02     0.218312E-02     0.208896E-02
  0.451239E-02     0.224390E-02     0.435570E-02     0.439214E-02     0.480307E-02
  0.484621E-02     0.390733E-02     0.491952E-02     0.265792E-02     0.461846E-02
  0.243020E-02     0.499613E-02     0.321437E-02     0.510195E-02     0.226500E-02
  0.464090E-02     0.413049E-02     0.214262E-02     0.209036E-02     0.273134E-02
  0.442076E-02     0.189708E-02     0.278856E-02     0.170714E-02     0.246844E-02
  0.242836E-02     0.267777E-02     0.173754E-02     0.189744E-02     0.180216E-02
  0.416648E-02     0.402890E-02     0.306191E-02     0.465321E-02     0.354689E-02
  0.257699E-02     0.344849E-02     0.368972E-02     0.331118E-02     0.270570E-02
  0.338876E-02     0.259996E-02     0.364607E-02     0.319841E-02     0.305050E-02
  0.431099E-02     0.337631E-02     0.319159E-02     0.323389E-02     0.465757E-02
  0.352344E-02     0.443058E-02     0.328887E-02     0.411964E-02     0.344598E-02
  0.411012E-02     0.429940E-02     0.253415E-02     0.241094E-02     0.455730E-02
  0.435151E-02     0.282029E-02     0.352873E-02     0.205398E-02     0.204313E-02
  0.505340E-02     0.332333E-02     0.296841E-02     0.317538E-02     0.344710E-02
  0.538946E-02     0.414462E-02     0.551242E-02     0.265859E-02     0.293246E-02
  0.444337E-02     0.406483E-02     0.630803E-02     0.414875E-02     0.355519E-02
  0.557272E-02     0.371474E-02     0.313533E-02     0.673722E-02     0.352963E-02
  0.315363E-02     0.397676E-02     0.389920E-02     0.393113E-02     0.491905E-02
  0.505887E-02     0.518950E-02     0.494679E-02     0.484690E-02     0.470713E-02
  0.495898E-02     0.338809E-02     0.407832E-02     0.429642E-02     0.468734E-02
  0.400995E-02     0.374377E-02     0.320645E-02     0.438014E-02     0.362931E-02
  0.372287E-02     0.429886E-02     0.473448E-02     0.341555E-02     0.395397E-02
  0.328810E-02     0.339992E-02     0.364239E-02     0.336239E-02     0.372384E-02
  0.543705E-02     0.499823E-02     0.458701E-02     0.440706E-02     0.584245E-02
  0.354776E-02     0.381599E-02     0.440792E-02     0.420184E-02     0.483147E-02
  0.320709E-02     0.472472E-02     0.527225E-02     0.308390E-02     0.357801E-02
  0.471984E-02     0.380018E-02     0.402751E-02     0.518908E-02     0.465245E-02
  0.397057E-02     0.389662E-02     0.457699E-02     0.428127E-02     0.476482E-02
  0.629019E-02     0.635963E-02     0.356696E-02     0.471488E-02     0.413609E-02
  0.390282E-02     0.487579E-02     0.339870E-02     0.327145E-02     0.434568E-02
  0.550840E-02     0.770722E-02     0.395333E-02     0.392187E-02     0.430710E-02
  0.439214E-02     0.483842E-02     0.417315E-02     0.429798E-02     0.330931E-02
  0.421851E-02     0.415654E-02     0.513151E-02     0.404630E-02     0.593951E-02
  0.521260E-02     0.400511E-02     0.381655E-02     0.437832E-02     0.436362E-02
  0.373546E-02     0.569750E-02     0.434674E-02     0.359458E-02     0.455827E-02
  0.473249E-02     0.605447E-02     0.547240E-02     0.397828E-02     0.524118E-02
  0.406616E-02     0.489982E-02     0.485952E-02     0.391742E-02     0.364604E-02
  0.471878E-02     0.492046E-02     0.472507E-02     0.441514E-02     0.503783E-02
  0.566973E-02     0.503860E-02     0.627027E-02     0.362528E-02     0.516152E-02
  0.439205E-02     0.581918E-02     0.651495E-02     0.595861E-02     0.613866E-02
  0.451833E-02     0.541149E-02     0.479009E-02     0.553673E-02     0.388386E-02
  0.384772E-02     0.379484E-02     0.435365E-02     0.447230E-02     0.436629E-02
  0.498948E-02     0.491073E-02     0.519416E-02     0.496736E-02     0.458825E-02
  0.524863E-02     0.371460E-02     0.325241E-02     0.482148E-02     0.403820E-02
  0.418758E-02     0.521616E-02     0.538192E-02     0.455900E-02     0.475043E-02
  0.404346E-02     0.441540E-02     0.327160E-02     0.680657E-02     0.515625E-02
  0.322089E-02     0.443599E-02     0.610855E-02     0.537184E-02     0.377036E-02
  0.518459E-02     0.496787E-02     0.529393E-02     0.510880E-02     0.539572E-02
  0.477987E-02     0.502722E-02     0.504412E-02     0.556215E-02     0.522783E-02
  0.547299E-02     0.556108E-02     0.454186E-02     0.505267E-02     0.504912E-02
  0.417927E-02     0.445488E-02     0.383566E-02     0.502003E-02     0.470632E-02
  0.432365E-02     0.458031E-02     0.511928E-02     0.441470E-02     0.479344E-02
  0.710977E-02     0.508007E-02     0.572583E-02     0.415728E-02     0.497950E-02
  0.497970E-02     0.413673E-02     0.528707E-02     0.520022E-02     0.819711E-02
  0.623574E-02     0.548155E-02     0.638344E-02     0.634069E-02     0.505785E-02
  0.931948E-02     0.452577E-02     0.535353E-02     0.518169E-02     0.497474E-02
  0.639990E-02     0.427187E-02     0.560901E-02     0.462224E-02     0.443645E-02
  0.598325E-02     0.735684E-02     0.657185E-02     0.891670E-02     0.744010E-02
  0.715349E-02     0.598681E-02     0.503176E-02     0.805179E-02     0.897422E-02
  0.695504E-02     0.752090E-02     0.512667E-02     0.683295E-02     0.515600E-02
  0.472957E-02     0.495693E-02     0.592473E-02     0.556848E-02     0.629230E-02
  0.394423E-02     0.511979E-02     0.585927E-02     0.512733E-02     0.596523E-02
  0.512366E-02     0.436632E-02     0.510875E-02     0.586508E-02     0.527324E-02
  0.533700E-02     0.428139E-02     0.434355E-02     0.412998E-02     0.411049E-02
  0.441009E-02     0.526201E-02     0.558310E-02     0.528001E-02     0.486799E-02
  0.534344E-02     0.511693E-02     0.581870E-02     0.478681E-02     0.452825E-02
  0.519414E-02     0.518301E-02     0.385324E-02     0.517771E-02     0.428019E-02
  0.564760E-02     0.399542E-02     0.489684E-02     0.649467E-02     0.543020E-02
  0.519436E-02     0.561173E-02     0.437873E-02     0.491537E-02     0.393910E-02
  0.560672E-02     0.490837E-02     0.465663E-02     0.456714E-02     0.346050E-02
  0.510380E-02     0.548701E-02     0.464037E-02     0.438273E-02     0.416989E-02
  0.494246E-02     0.459378E-02     0.365440E-02     0.464539E-02     0.475705E-02
  0.419599E-02     0.484284E-02     0.466262E-02     0.521283E-02     0.388258E-02
  0.437973E-02     0.384786E-02     0.454838E-02     0.446159E-02     0.480165E-02
  0.457894E-02     0.501184E-02     0.658700E-02     0.486101E-02     0.489663E-02
  0.461941E-02     0.541288E-02     0.464604E-02     0.383561E-02     0.397557E-02
  0.425162E-02     0.588596E-02     0.570123E-02     0.546803E-02     0.431363E-02
  0.423177E-02     0.545506E-02     0.655587E-02     0.587174E-02     0.416772E-02
  0.461365E-02     0.426723E-02     0.573750E-02     0.536898E-02     0.432026E-02
  0.460704E-02     0.429126E-02     0.433482E-02     0.514933E-02     0.412294E-02
  0.402612E-02     0.393259E-02     0.580268E-02     0.467906E-02     0.515503E-02
  0.411281E-02     0.571060E-02     0.514953E-02     0.561290E-02     0.523993E-02
  0.566972E-02     0.521224E-02     0.484840E-02     0.435506E-02     0.545115E-02
  0.658634E-02     0.565460E-02     0.413898E-02     0.653783E-02     0.387675E-02
  0.526379E-02     0.443413E-02     0.523935E-02     0.401426E-02     0.519088E-02
  0.470480E-02     0.439002E-02     0.453137E-02     0.588167E-02     0.482019E-02
  0.548040E-02     0.483073E-02     0.550245E-02     0.583620E-02     0.490579E-02
  0.629100E-02     0.508988E-02     0.526259E-02     0.574907E-02     0.558136E-02
  0.698533E-02     0.997411E-02     0.701698E-02     0.570546E-02     0.572377E-02
  0.591534E-02     0.527156E-02     0.728685E-02     0.571670E-02     0.652684E-02
  0.621290E-02     0.490884E-02     0.545673E-02     0.553609E-02     0.549554E-02
  0.544671E-02     0.518987E-02     0.565864E-02     0.479216E-02     0.555306E-02
  0.501420E-02     0.540223E-02     0.487801E-02     0.457318E-02     0.703539E-02
  0.594814E-02     0.659100E-02     0.542463E-02     0.558170E-02     0.530452E-02
  0.585916E-02     0.558814E-02     0.578753E-02     0.638602E-02     0.563655E-02
  0.578668E-02     0.608395E-02     0.586357E-02     0.508596E-02     0.504201E-02
  0.550470E-02     0.482105E-02     0.502153E-02     0.462228E-02     0.550425E-02
  0.436471E-02     0.511968E-02     0.632486E-02     0.576495E-02     0.538925E-02
  0.494634E-02     0.531207E-02     0.519825E-02     0.592512E-02     0.593439E-02
  0.439964E-02     0.666010E-02     0.509113E-02     0.419757E-02     0.604139E-02
  0.457415E-02     0.607827E-02     0.511757E-02     0.516722E-02     0.540912E-02
  0.500338E-02     0.529385E-02     0.571609E-02     0.576028E-02     0.607720E-02
  0.588553E-02     0.610492E-02     0.622220E-02     0.607865E-02     0.711487E-02
  0.498584E-02     0.541625E-02     0.556127E-02     0.513752E-02     0.569232E-02
  0.572932E-02     0.563738E-02     0.433810E-02     0.552315E-02     0.611026E-02
  0.549519E-02     0.498871E-02     0.475197E-02     0.530894E-02     0.523918E-02
  0.563067E-02     0.601701E-02     0.630074E-02     0.669723E-02     0.590045E-02
  0.637800E-02     0.590148E-02     0.496527E-02     0.686375E-02     0.724137E-02
  0.531785E-02     0.534112E-02     0.517832E-02     0.604156E-02     0.445789E-02
  0.625985E-02     0.508101E-02     0.695749E-02     0.671664E-02     0.599038E-02
  0.721759E-02     0.555234E-02     0.677578E-02     0.653874E-02     0.562794E-02
  0.575391E-02     0.544461E-02     0.537752E-02     0.560598E-02     0.592687E-02
  0.555064E-02     0.635660E-02     0.521069E-02     0.542961E-02     0.653918E-02
  0.540275E-02     0.607316E-02     0.600306E-02     0.563073E-02     0.581856E-02
  0.586277E-02     0.392455E-02     0.504864E-02     0.509347E-02     0.538916E-02
  0.659060E-02     0.716090E-02     0.571220E-02     0.613746E-02     0.673232E-02
  0.722127E-02     0.675710E-02     0.821414E-02     0.761593E-02     0.641577E-02
  0.572820E-02     0.517613E-02     0.539518E-02     0.593179E-02     0.524423E-02
  0.637172E-02     0.574774E-02     0.531877E-02     0.527733E-02     0.545874E-02
  0.649189E-02     0.744398E-02     0.754649E-02     0.535552E-02     0.531126E-02
  0.557508E-02     0.355259E-02     0.682016E-02     0.549095E-02     0.599478E-02
  0.649179E-02     0.577789E-02     0.691805E-02     0.536856E-02     0.819698E-02
  0.670194E-02     0.860726E-02     0.779281E-02     0.817796E-02     0.889586E-02
  0.463988E-02     0.628149E-02     0.677154E-02     0.847638E-02     0.578585E-02
  0.703416E-02     0.431259E-02     0.622770E-02     0.574531E-02     0.602997E-02
  0.589914E-02     0.453218E-02     0.582320E-02     0.570254E-02     0.383994E-02
  0.455374E-02     0.438788E-02     0.405420E-02     0.580385E-02     0.957593E-02
  0.562198E-02     0.736465E-02     0.571090E-02     0.526843E-02     0.630112E-02
  0.523997E-02     0.912835E-02     0.677633E-02     0.821080E-02     0.806699E-02
  0.840122E-02     0.804143E-02     0.722654E-02     0.109182E-01     0.696737E-02
  0.623579E-02     0.741708E-02     0.759583E-02     0.775327E-02     0.849225E-02
  0.881560E-02     0.899049E-02     0.507082E-02     0.647584E-02     0.507137E-02
  0.808448E-02     0.768960E-02     0.775102E-02     0.741354E-02     0.895270E-02
  0.434596E-02     0.748168E-02     0.765168E-02     0.716025E-02     0.616293E-02
  0.568715E-02     0.599840E-02     0.798371E-02     0.682908E-02     0.754472E-02
  0.728137E-02     0.684759E-02     0.576698E-02     0.591967E-02     0.732814E-02
  0.527917E-02     0.726015E-02     0.520868E-02     0.587240E-02     0.826008E-02
  0.581496E-02     0.750178E-02     0.675253E-02     0.746404E-02     0.746503E-02
  0.735846E-02     0.913963E-02     0.742756E-02     0.101680E-01     0.649004E-02
  0.686976E-02     0.791974E-02     0.737467E-02     0.595147E-02     0.810210E-02
  0.850492E-02     0.831742E-02     0.138797E-01     0.771104E-02     0.665290E-02
  0.732316E-02     0.858429E-02     0.552714E-02     0.486775E-02     0.109628E-01
  0.615618E-02     0.858725E-02     0.473632E-02     0.625408E-02     0.767902E-02
  0.742287E-02     0.763703E-02     0.109869E-01     0.151922E-01     0.100846E-01
  0.107829E-01     0.929790E-02     0.792250E-02     0.672820E-02     0.791059E-02
  0.923185E-02     0.103967E-01     0.110545E-01     0.124622E-01     0.553453E-02
  0.426261E-02     0.891816E-02     0.109557E-01     0.868129E-02     0.528351E-02
  0.375837E-01     0.348655E-01     0.480472E-01     0.358124E-01     0.275066E-01
  0.284831E-01     0.379857E-01     0.333296E-01     0.329504E-01     0.395706E-01
  0.605099E-01     0.608789E-01     0.520587E-01     0.538157E-01     0.446963E-01
  0.106871E+00     0.945757E-01     0.821764E-01     0.995734E-01     0.120803E+00
  0.688046E-01     0.118534E+00     0.903074E-01     0.181276E+00     0.169606E+00
  0.182876E+00     0.162443E+00     0.155855E+00     0.166933E+00     0.185372E+00
  0.216960E+00     0.260078E+00     0.235588E+00     0.253799E+00     0.282872E+00
  0.264137E+00     0.211965E+00     0.314137E+00     0.315383E+00     0.300953E+00
  0.322069E+00     0.335602E+00     0.424679E+00     0.272192E+00     0.299847E+00
  0.367214E+00     0.413472E+00     0.407856E+00     0.396588E+00     0.388081E+00
  0.397112E+00     0.459343E+00     0.462086E+00     0.647232E+00     0.616138E+00
  0.514638E+00     0.592532E+00     0.675064E+00
 eigen energies, in ev
    -45.082235       -44.855763       -44.831009       -44.743749       -44.208465
    -28.362978       -28.148115       -28.075565       -27.972812       -27.947224
    -27.880525       -27.829447       -27.768120       -27.759116       -27.738718
    -27.675054       -27.668951       -27.661417       -27.649309       -27.620147
    -27.597065       -27.593937       -27.588997       -27.574806       -27.541951
    -27.530228       -27.464532       -27.460643       -27.427823       -27.427273
    -27.372608       -27.346182       -27.340041       -27.327070       -27.275495
    -27.271386       -27.215850       -27.213520       -27.201791       -27.191483
    -27.175346       -27.158958       -27.119932       -27.090124       -27.041961
    -27.024670       -27.017395       -26.974504       -26.972679       -26.947869
    -26.944008       -26.875535       -26.811101       -26.808721       -26.742436
    -26.734148       -26.715717       -26.694619       -26.685379       -26.685259
    -26.674586       -26.668841       -26.638794       -26.616578       -26.607339
    -26.601170       -26.564729       -26.538154       -26.401629       -26.380705
    -26.333383       -26.314856       -26.296478       -26.215952       -26.187625
    -26.153600       -26.146855       -26.038964       -26.031379       -26.025085
    -26.022665       -26.014206       -25.982311       -25.959128       -25.921902
    -25.918326       -25.914180       -25.880076       -25.837209       -25.806953
    -25.787087       -25.755708       -25.733087       -25.697514       -25.651468
    -25.648087       -25.587624       -25.578285       -25.572788       -25.527923
    -25.504126       -25.451452       -25.421640       -25.414353       -25.405446
    -25.385964       -25.303484       -25.303189       -25.299891       -25.298644
    -25.291692       -25.255587       -25.244709       -25.211818       -25.179676
    -25.168386       -25.151596       -25.149049       -25.128379       -25.107364
    -25.099418       -25.091092       -25.076209       -25.074644       -25.051553
    -24.988169       -24.886413       -24.822022       -24.806786       -24.801003
    -24.774152       -24.741732       -24.734944       -24.709804       -24.609130
    -24.389138       -24.315270       -24.056358       -23.907033       -23.895727
    -23.855812       -23.847149       -23.821891       -23.676337       -23.635808
    -23.552611       -23.505280       -23.467511       -23.457129       -23.450434
    -23.406437       -23.396272       -23.370987       -23.354100       -23.330728
    -23.330596       -23.308481       -23.294961       -23.263480       -23.258429
    -23.240899       -23.232793       -23.095924       -22.936590       -22.862892
    -22.690469       -22.616341       -22.483722       -22.398554       -22.328415
    -22.220541       -22.073114       -21.957546       -21.899901       -21.836387
    -21.756469       -21.672736       -21.603716       -21.562041       -21.546816
    -21.538677       -21.457726       -21.456143       -21.447963       -21.357068
    -21.313430       -21.293520       -21.265687       -21.140544       -21.046749
    -19.298391       -18.950486       -18.812932       -18.654340       -18.623557
    -16.104088       -16.064854       -16.050989       -15.914963       -15.803641
    -15.696942       -15.648817       -15.645498       -15.628186       -15.608494
    -15.583818       -15.570972       -15.500367       -15.330946       -15.316030
    -15.253821       -15.251894       -15.217716       -15.021307       -15.007576
    -14.988726       -14.976280       -14.869152       -14.853899       -14.799226
    -14.683784       -14.653951       -14.601857       -14.560248       -14.548636
    -14.445056       -14.386013       -14.309818       -14.263996       -14.232787
    -14.177746       -14.120642       -14.115826       -14.024056       -13.979492
    -13.950017       -13.920906       -13.873468       -13.773000       -13.761003
    -13.758368       -13.721254       -13.708683       -13.703708       -13.625681
    -13.602320       -13.572043       -13.569379       -13.508120       -13.502778
    -13.494560       -13.328628       -13.175624       -13.098892       -13.062377
    -13.056112       -13.019920       -13.007103       -12.985000       -12.929752
    -12.925002       -12.852042       -12.714556       -12.669263       -12.549310
    -12.207305       -12.128192       -11.949555       -11.928419       -11.915313
    -11.897835       -11.835443       -11.805396       -11.794869       -11.662607
    -11.591179       -11.583339       -11.572394       -11.566227       -11.535335
    -11.483068       -11.477668       -11.448950       -11.435510       -11.421838
    -11.375934       -11.356691       -11.351281       -11.333642       -11.311565
    -11.280332       -11.209773       -11.188602       -11.152977       -11.136836
    -11.132532       -11.086467       -11.043127       -11.010123       -11.006602
    -10.996769       -10.962862       -10.949551       -10.937084       -10.874994
    -10.865746       -10.853490       -10.791640       -10.773431       -10.715109
    -10.702133       -10.598917       -10.502788       -10.461343       -10.455557
    -10.417262       -10.301420       -10.245611       -10.226631       -10.204847
    -10.173400       -10.169458       -10.164388       -10.153018       -10.132505
    -10.127537       -10.119898       -10.109819       -10.093392       -10.081368
    -10.068142       -10.065424       -10.051974       -10.039487       -10.027573
    -10.011598       -10.001383        -9.951035        -9.947174        -9.937794
     -9.926073        -9.919587        -9.905749        -9.884464        -9.875442
     -9.869903        -9.867339        -9.858338        -9.842136        -9.837139
     -9.819629        -9.799042        -9.792557        -9.784307        -9.772778
     -9.769117        -9.752251        -9.740966        -9.739672        -9.732186
     -9.716551        -9.706965        -9.703054        -9.702339        -9.692434
     -9.668643        -9.645898        -9.639711        -9.631967        -9.611439
     -9.594336        -9.593153        -9.588563        -9.574099        -9.556204
     -9.540586        -9.531167        -9.519315        -9.506086        -9.501118
     -9.484142        -9.469965        -9.458072        -9.451770        -9.437157
     -9.427486        -9.419693        -9.393470        -9.389479        -9.382762
     -9.368107        -9.357581        -9.350534        -9.340457        -9.319199
     -9.283761        -9.276141        -9.265097        -9.259740        -9.250427
     -9.244619        -9.224606        -9.172795        -9.159477        -9.148226
     -9.142507        -9.132772        -9.112424        -9.105631        -9.091370
     -9.072876        -9.056064        -9.051070        -9.047260        -9.045722
     -9.035935        -9.010207        -8.982073        -8.962539        -8.941179
     -8.932784        -8.908026        -8.904017        -8.896637        -8.878500
     -8.865330        -8.859253        -8.842276        -8.835511        -8.808849
     -8.796509        -8.782025        -8.779629        -8.772666        -8.767426
     -8.746808        -8.726279        -8.711314        -8.701104        -8.670903
     -8.653946        -8.649565        -8.643935        -8.631575        -8.613308
     -8.605777        -8.600032        -8.587907        -8.579740        -8.572027
     -8.559818        -8.530918        -8.507955        -8.482450        -8.473150
     -8.466498        -8.459992        -8.455829        -8.454015        -8.450431
     -8.441134        -8.439494        -8.414002        -8.407350        -8.396013
     -8.378324        -8.362047        -8.327708        -8.314626        -8.297420
     -8.277155        -8.271687        -8.245471        -8.237457        -8.222413
     -8.199444        -8.188174        -8.163885        -8.151051        -8.147390
     -8.138407        -8.127530        -8.123905        -8.105576        -8.063544
     -8.052767        -8.045630        -8.039797        -8.025429        -8.018357
     -7.999914        -7.982062        -7.964656        -7.936989        -7.909370
     -7.843855        -7.838489        -7.833592        -7.801667        -7.796997
     -7.780811        -7.776506        -7.725940        -7.714564        -7.697381
     -7.686405        -7.676483        -7.666781        -7.653889        -7.639053
     -7.622772        -7.598537        -7.592966        -7.582676        -7.552272
     -7.537074        -7.462972        -7.459955        -7.416136        -7.390698
     -7.373105        -7.348508        -7.327810        -7.291715        -7.283161
     -7.250866        -7.248117        -7.224375        -7.208487        -7.204351
     -7.196045        -7.141609        -7.116079        -7.098854        -7.066114
     -7.002366        -6.997441        -6.964119        -6.948184        -6.932101
     -6.919789        -6.915783        -6.893492        -6.855491        -6.830257
     -6.827471        -6.806550        -6.796468        -6.785095        -6.770333
     -6.752800        -6.735204        -6.717466        -6.706269        -6.672812
     -6.665870        -6.647378        -6.600595        -6.590339        -6.579608
     -6.567676        -6.554354        -6.540225        -6.520999        -6.485013
     -6.476954        -6.470691        -6.456597        -6.431649        -6.429460
     -6.413967        -6.410724        -6.402409        -6.385442        -6.382588
     -6.374304        -6.362187        -6.357857        -6.340812        -6.330393
     -6.306445        -6.297748        -6.293727        -6.279773        -6.270880
     -6.256875        -6.250406        -6.238091        -6.227857        -6.215310
     -6.197826        -6.187805        -6.178072        -6.168538        -6.163092
     -6.159216        -6.150001        -6.120942        -6.109939        -6.102085
     -6.093314        -6.086555        -6.080026        -6.073873        -6.067881
     -6.056611        -6.046685        -6.038402        -6.030738        -6.028824
     -6.009674        -6.003299        -5.993047        -5.975159        -5.962287
     -5.939494        -5.921991        -5.915640        -5.912825        -5.907853
     -5.900470        -5.875892        -5.871988        -5.866151        -5.860452
     -5.858138        -5.843785        -5.826802        -5.823374        -5.820376
     -5.816215        -5.810067        -5.803820        -5.793232        -5.790728
     -5.781884        -5.777761        -5.768454        -5.765637        -5.761298
     -5.757871        -5.754104        -5.735281        -5.732731        -5.709019
     -5.701627        -5.687516        -5.681580        -5.673518        -5.664333
     -5.652360        -5.641318        -5.637515        -5.630147        -5.625534
     -5.614931        -5.599844        -5.591594        -5.585895        -5.570686
     -5.558910        -5.547848        -5.542890        -5.540374        -5.533910
     -5.529243        -5.521180        -5.513598        -5.507560        -5.502612
     -5.491595        -5.484672        -5.479128        -5.473029        -5.456909
     -5.446746        -5.442893        -5.441195        -5.427104        -5.424582
     -5.417144        -5.413602        -5.404865        -5.392948        -5.389302
     -5.385130        -5.367594        -5.360293        -5.347111        -5.340818
     -5.338494        -5.329542        -5.325266        -5.321751        -5.313553
     -5.307121        -5.298674        -5.293637        -5.287815        -5.282505
     -5.275325        -5.271846        -5.259501        -5.254394        -5.247953
     -5.243893        -5.242538        -5.233703        -5.229767        -5.220166
     -5.216657        -5.211217        -5.204112        -5.197267        -5.197045
     -5.190799        -5.177687        -5.169955        -5.167823        -5.159331
     -5.154885        -5.146083        -5.144211        -5.135781        -5.122174
     -5.121738        -5.109902        -5.104326        -5.091544        -5.081510
     -5.078645        -5.073269        -5.071194        -5.064069        -5.060820
     -5.057848        -5.046040        -5.042211        -5.031728        -5.030066
     -5.027475        -5.020442        -5.008967        -5.002228        -5.000873
     -4.996539        -4.992605        -4.986826        -4.974579        -4.968813
     -4.962983        -4.955675        -4.951672        -4.946139        -4.941646
     -4.931747        -4.928642        -4.922176        -4.919451        -4.905755
     -4.905223        -4.902420        -4.893710        -4.890340        -4.886662
     -4.884277        -4.878790        -4.874412        -4.870716        -4.855758
     -4.841051        -4.833297        -4.829971        -4.827863        -4.820438
     -4.815126        -4.813243        -4.802287        -4.796287        -4.791135
     -4.786702        -4.779239        -4.771153        -4.761216        -4.759999
     -4.756371        -4.750254        -4.746511        -4.740438        -4.737896
     -4.734530        -4.728052        -4.720632        -4.709419        -4.705540
     -4.701492        -4.686137        -4.683006        -4.674480        -4.665768
     -4.660719        -4.655988        -4.649821        -4.640520        -4.636184
     -4.627463        -4.614776        -4.608358        -4.606125        -4.591962
     -4.583909        -4.577157        -4.572519        -4.564701        -4.560489
     -4.552875        -4.546211        -4.538278        -4.535130        -4.533142
     -4.524950        -4.521030        -4.510319        -4.485262        -4.480366
     -4.471336        -4.467102        -4.464450        -4.457495        -4.449883
     -4.438566        -4.428719        -4.420158        -4.405396        -4.402222
     -4.395770        -4.389920        -4.384549        -4.378593        -4.365702
     -4.361475        -4.345139        -4.338961        -4.332825        -4.323348
     -4.313008        -4.281340        -4.272733        -4.265896        -4.259321
     -4.251798        -4.233123        -4.227070        -4.212045        -4.209573
     -4.201457        -4.196309        -4.179396        -4.168838        -4.165621
     -4.163108        -4.132593        -4.118944        -4.110834        -4.104043
     -4.100711        -4.093165        -4.081822        -4.072966        -4.036820
     -4.018158        -4.010507        -4.005806        -3.998449        -3.985190
     -3.980931        -3.963616        -3.908690        -3.903366        -3.854088
     -3.846807        -3.835932        -3.788141        -3.776600        -3.771627
     -3.763349        -3.742713        -3.735519        -3.725726        -3.670359
     -3.647967        -3.635887        -3.630565        -3.598806        -3.594113
     -3.590493        -3.560379        -3.551121        -3.538478        -3.505188
     -3.469709        -3.454668        -3.442462        -3.432626        -3.426819
     -3.411966        -3.407633        -3.364611        -3.351606        -3.342192
     -3.336582        -3.332156        -3.325980        -3.318763        -3.290294
     -3.255485        -3.246874        -3.239465        -3.228812        -3.171999
     -3.167620        -3.164463        -3.143799        -3.131419        -3.116388
     -3.098817        -3.080486        -3.067079        -3.051943        -3.040927
     -3.035063        -3.001275        -2.992348        -2.988713        -2.982180
     -2.978674        -2.963121        -2.941500        -2.930185        -2.920506
     -2.917906        -2.907186        -2.899614        -2.881699        -2.871903
     -2.857066        -2.830194        -2.824166        -2.815002        -2.801100
     -2.790213        -2.777447        -2.730360        -2.720797        -2.707709
     -2.701323        -2.693650        -2.691848        -2.636682        -2.615800
     -2.562673        -2.552763        -2.515519        -2.473129        -2.439532
     -2.385867        -2.293916        -2.255245        -2.233612        -2.039400
      2.142811         2.346543         2.453230         2.506981         2.542095
      2.550544         2.632854         2.633668         2.666414         2.752190
      2.822126         2.930919         3.011294         3.032959         3.091852
      3.204470         3.245308         3.316822         3.402580         3.432334
      3.457322         3.466369         3.546928         3.575056         3.596752
      3.613204         3.672007         3.698656         3.773813         3.779903
      3.798358         3.801501         3.836307         3.884228         3.908101
      3.923591         3.977619         3.997879         4.012529         4.032417
      4.060543         4.077132         4.091678         4.133110         4.152149
      4.159447         4.176842         4.197372         4.239630         4.253729
      4.297664         4.325270         4.352724         4.381468         4.418455
      4.453003         4.493000         4.559020
 *********************************
 sum eigen(dbl occ, ryd)=  -1529.82351462797     
 *********************************
 Ef(eV)=  0.800870471397908     
 ***************************************************
 iter=          14
 ---------------------------------------------------
 dvE, dvE(n)-dvE(n-1) = 0.3296E-04 0.1505E-04
 dv_ave, drho_tot     = 0.5741E-02 0.2246E-02
 err of ug            = 0.3420E-03
 ---------------------------------------------------
 Ewald        = -.42716155442192E+05
 Alpha        = 0.15207970391171E+04
 E_extV       = 0.00000000000000E+00    0.0000E+00
 E_NSC        = -.21232094643849E+05    -.7023E+00
 E[-rho*V_Hxc]= -.12115009091166E+06    0.1171E+01
 E_Hxc        = 0.50671066319626E+05    -.1520E+01
 -TS          = -.13095999227198E-22    -.1309E-22
 E_tot(eV)    = -.13290647763896E+06    0.4683E+00
 ---------------------------------------------------
 E_ion,E_coul,E_xc =   -221544.2739468   79405.9415669  -28734.8752473
Ewald+Hart+ion    -0.1848544878220E+06
 ave(vtot)=ave_(V_xc)=: v0= -0.283443994571113     
 Eigen energies are values after setting ave_vtot=0
 ----------------------------------
 One SCF use:    85.9700770378113       s
 *********************************
 ****** kpt=           1
 err of each states, eV
  0.840062E-02     0.325428E-02     0.701996E-02     0.700569E-02     0.601157E-02
  0.270107E-02     0.115651E-02     0.209917E-02     0.229710E-02     0.253322E-02
  0.119935E-02     0.896655E-03     0.130980E-02     0.160342E-02     0.277167E-02
  0.198944E-02     0.123425E-02     0.233541E-02     0.234343E-02     0.180709E-02
  0.182086E-02     0.171258E-02     0.116093E-02     0.854365E-03     0.164056E-02
  0.119278E-02     0.299297E-02     0.978241E-03     0.145172E-02     0.162514E-02
  0.219081E-02     0.155154E-02     0.130589E-02     0.118091E-02     0.171655E-02
  0.125893E-02     0.908371E-03     0.218985E-02     0.116769E-02     0.126801E-02
  0.211633E-02     0.128667E-02     0.872316E-03     0.116956E-02     0.117017E-02
  0.224090E-02     0.125183E-02     0.157441E-02     0.950782E-03     0.134759E-02
  0.178066E-02     0.135976E-02     0.199677E-02     0.205819E-02     0.257169E-02
  0.191268E-02     0.142461E-02     0.252786E-02     0.102742E-02     0.161561E-02
  0.121482E-02     0.150067E-02     0.130849E-02     0.135841E-02     0.163436E-02
  0.145098E-02     0.116719E-02     0.109205E-02     0.180207E-02     0.142705E-02
  0.237523E-02     0.130641E-02     0.224696E-02     0.131826E-02     0.177103E-02
  0.225720E-02     0.134859E-02     0.240130E-02     0.134037E-02     0.180678E-02
  0.129212E-02     0.274612E-02     0.201061E-02     0.231715E-02     0.138923E-02
  0.148272E-02     0.133063E-02     0.169513E-02     0.120482E-02     0.168123E-02
  0.176225E-02     0.166502E-02     0.121739E-02     0.110648E-02     0.100667E-02
  0.110991E-02     0.178355E-02     0.168816E-02     0.116342E-02     0.161594E-02
  0.264589E-02     0.127946E-02     0.105617E-02     0.171310E-02     0.122972E-02
  0.120815E-02     0.110722E-02     0.255312E-02     0.164814E-02     0.143060E-02
  0.146475E-02     0.168824E-02     0.181658E-02     0.186769E-02     0.114551E-02
  0.190461E-02     0.890000E-03     0.178555E-02     0.178156E-02     0.204588E-02
  0.920370E-03     0.118725E-02     0.115980E-02     0.114893E-02     0.108403E-02
  0.100304E-02     0.135635E-02     0.203890E-02     0.155486E-02     0.192569E-02
  0.161619E-02     0.110718E-02     0.113655E-02     0.111100E-02     0.194941E-02
  0.223875E-02     0.175970E-02     0.179229E-02     0.224618E-02     0.214584E-02
  0.320041E-02     0.174139E-02     0.250815E-02     0.229276E-02     0.239763E-02
  0.185767E-02     0.148840E-02     0.227531E-02     0.203949E-02     0.256268E-02
  0.293393E-02     0.149158E-02     0.253234E-02     0.119702E-02     0.210977E-02
  0.110065E-02     0.217557E-02     0.214579E-02     0.182184E-02     0.180113E-02
  0.254372E-02     0.288757E-02     0.166405E-02     0.243859E-02     0.170222E-02
  0.230129E-02     0.253249E-02     0.269876E-02     0.204761E-02     0.221875E-02
  0.194941E-02     0.219327E-02     0.267874E-02     0.225097E-02     0.259929E-02
  0.243789E-02     0.272469E-02     0.268911E-02     0.271219E-02     0.246207E-02
  0.328553E-02     0.178120E-02     0.267723E-02     0.189576E-02     0.251017E-02
  0.289813E-02     0.168365E-02     0.236238E-02     0.221397E-02     0.205871E-02
  0.226508E-02     0.320178E-02     0.205595E-02     0.328049E-02     0.305397E-02
  0.245412E-02     0.249154E-02     0.300163E-02     0.322659E-02     0.276367E-02
  0.392029E-02     0.191148E-02     0.219917E-02     0.266773E-02     0.255362E-02
  0.272785E-02     0.214851E-02     0.253011E-02     0.260807E-02     0.378781E-02
  0.340190E-02     0.383472E-02     0.391527E-02     0.226421E-02     0.208828E-02
  0.331581E-02     0.425668E-02     0.367158E-02     0.485302E-02     0.258038E-02
  0.208297E-02     0.221541E-02     0.292615E-02     0.320092E-02     0.318506E-02
  0.267091E-02     0.275737E-02     0.173631E-02     0.221358E-02     0.236038E-02
  0.287525E-02     0.209092E-02     0.222336E-02     0.183953E-02     0.261967E-02
  0.399471E-02     0.428897E-02     0.218399E-02     0.342388E-02     0.348976E-02
  0.446876E-02     0.353463E-02     0.422227E-02     0.396004E-02     0.328072E-02
  0.507449E-02     0.313748E-02     0.316372E-02     0.466993E-02     0.495537E-02
  0.381615E-02     0.294038E-02     0.388723E-02     0.271857E-02     0.345300E-02
  0.269963E-02     0.331966E-02     0.256805E-02     0.287839E-02     0.353983E-02
  0.365631E-02     0.234897E-02     0.231195E-02     0.227036E-02     0.226248E-02
  0.386919E-02     0.312866E-02     0.297479E-02     0.421174E-02     0.339294E-02
  0.298084E-02     0.418997E-02     0.371593E-02     0.293317E-02     0.430546E-02
  0.335992E-02     0.365914E-02     0.257202E-02     0.271416E-02     0.315417E-02
  0.382013E-02     0.248216E-02     0.297974E-02     0.306478E-02     0.346493E-02
  0.332932E-02     0.418906E-02     0.334871E-02     0.275107E-02     0.314346E-02
  0.345392E-02     0.576408E-02     0.381655E-02     0.361716E-02     0.332809E-02
  0.304957E-02     0.262276E-02     0.288146E-02     0.287156E-02     0.296367E-02
  0.312798E-02     0.338654E-02     0.332874E-02     0.242200E-02     0.300751E-02
  0.260508E-02     0.339456E-02     0.271980E-02     0.363849E-02     0.338731E-02
  0.378220E-02     0.439861E-02     0.552213E-02     0.325022E-02     0.414600E-02
  0.592684E-02     0.354511E-02     0.348920E-02     0.506045E-02     0.521666E-02
  0.474108E-02     0.367187E-02     0.381690E-02     0.581574E-02     0.456968E-02
  0.463344E-02     0.522698E-02     0.518513E-02     0.403440E-02     0.319898E-02
  0.466095E-02     0.462401E-02     0.437916E-02     0.471332E-02     0.383784E-02
  0.462516E-02     0.499447E-02     0.464439E-02     0.538659E-02     0.477763E-02
  0.514106E-02     0.587173E-02     0.380316E-02     0.532628E-02     0.383357E-02
  0.377860E-02     0.441769E-02     0.537573E-02     0.705741E-02     0.471365E-02
  0.395634E-02     0.350748E-02     0.387303E-02     0.476717E-02     0.389568E-02
  0.501870E-02     0.318640E-02     0.345477E-02     0.458005E-02     0.333755E-02
  0.541417E-02     0.501706E-02     0.372626E-02     0.537628E-02     0.513177E-02
  0.463378E-02     0.490352E-02     0.534061E-02     0.452769E-02     0.455800E-02
  0.456978E-02     0.284217E-02     0.734622E-02     0.441190E-02     0.376513E-02
  0.329721E-02     0.508373E-02     0.606171E-02     0.473695E-02     0.470416E-02
  0.569767E-02     0.484254E-02     0.597706E-02     0.522665E-02     0.800726E-02
  0.734063E-02     0.407366E-02     0.393822E-02     0.424599E-02     0.517631E-02
  0.691114E-02     0.450559E-02     0.390145E-02     0.414277E-02     0.377024E-02
  0.436718E-02     0.472310E-02     0.724891E-02     0.640416E-02     0.493913E-02
  0.464627E-02     0.454648E-02     0.388989E-02     0.490831E-02     0.621637E-02
  0.489520E-02     0.500715E-02     0.490215E-02     0.435155E-02     0.442149E-02
  0.450769E-02     0.541590E-02     0.503080E-02     0.580667E-02     0.422874E-02
  0.420732E-02     0.598394E-02     0.424953E-02     0.393859E-02     0.535185E-02
  0.580573E-02     0.642623E-02     0.594384E-02     0.594807E-02     0.444900E-02
  0.574491E-02     0.500875E-02     0.484470E-02     0.862079E-02     0.752259E-02
  0.523139E-02     0.503375E-02     0.682407E-02     0.671223E-02     0.569955E-02
  0.478436E-02     0.452034E-02     0.467797E-02     0.536047E-02     0.502361E-02
  0.676044E-02     0.510172E-02     0.558758E-02     0.516776E-02     0.502043E-02
  0.475262E-02     0.504001E-02     0.418251E-02     0.538301E-02     0.428901E-02
  0.635281E-02     0.443530E-02     0.491512E-02     0.536649E-02     0.567889E-02
  0.588155E-02     0.430518E-02     0.431227E-02     0.450870E-02     0.388592E-02
  0.535008E-02     0.600800E-02     0.888253E-02     0.477074E-02     0.458129E-02
  0.497063E-02     0.505344E-02     0.485654E-02     0.567716E-02     0.656584E-02
  0.515149E-02     0.551295E-02     0.607810E-02     0.552259E-02     0.479284E-02
  0.485388E-02     0.515971E-02     0.513698E-02     0.458614E-02     0.512006E-02
  0.492530E-02     0.458863E-02     0.499786E-02     0.499815E-02     0.504538E-02
  0.518272E-02     0.494986E-02     0.461422E-02     0.532529E-02     0.356344E-02
  0.533622E-02     0.462583E-02     0.438430E-02     0.512476E-02     0.515002E-02
  0.642809E-02     0.575683E-02     0.461201E-02     0.517147E-02     0.519670E-02
  0.481261E-02     0.518766E-02     0.399441E-02     0.486475E-02     0.527482E-02
  0.526975E-02     0.531509E-02     0.511466E-02     0.553607E-02     0.541312E-02
  0.762524E-02     0.668501E-02     0.527889E-02     0.601982E-02     0.522510E-02
  0.635290E-02     0.513157E-02     0.992035E-02     0.418953E-02     0.574798E-02
  0.513243E-02     0.760643E-02     0.751328E-02     0.555361E-02     0.688211E-02
  0.779332E-02     0.537906E-02     0.527330E-02     0.100513E-01     0.668144E-02
  0.603217E-02     0.922406E-02     0.633923E-02     0.736476E-02     0.573148E-02
  0.508429E-02     0.490951E-02     0.380378E-02     0.464333E-02     0.589507E-02
  0.725475E-02     0.604784E-02     0.654679E-02     0.651125E-02     0.554381E-02
  0.543487E-02     0.543408E-02     0.427294E-02     0.486916E-02     0.454199E-02
  0.361718E-02     0.497497E-02     0.480830E-02     0.516003E-02     0.469285E-02
  0.506927E-02     0.438016E-02     0.437279E-02     0.407774E-02     0.441163E-02
  0.464647E-02     0.401831E-02     0.355868E-02     0.473176E-02     0.502289E-02
  0.456855E-02     0.486183E-02     0.450947E-02     0.434983E-02     0.484961E-02
  0.497610E-02     0.493725E-02     0.448761E-02     0.537475E-02     0.587366E-02
  0.572775E-02     0.540968E-02     0.604332E-02     0.639738E-02     0.523483E-02
  0.553252E-02     0.572198E-02     0.441775E-02     0.535685E-02     0.500217E-02
  0.554821E-02     0.477943E-02     0.544842E-02     0.383411E-02     0.529591E-02
  0.415921E-02     0.529341E-02     0.529289E-02     0.517294E-02     0.425523E-02
  0.429931E-02     0.418286E-02     0.411234E-02     0.454541E-02     0.524774E-02
  0.456531E-02     0.476305E-02     0.470878E-02     0.459288E-02     0.442323E-02
  0.484362E-02     0.551248E-02     0.499976E-02     0.494243E-02     0.533053E-02
  0.478284E-02     0.510598E-02     0.617329E-02     0.501273E-02     0.528417E-02
  0.433506E-02     0.469690E-02     0.421036E-02     0.506776E-02     0.478711E-02
  0.568221E-02     0.504254E-02     0.452665E-02     0.478744E-02     0.450686E-02
  0.476510E-02     0.536572E-02     0.565023E-02     0.553787E-02     0.440000E-02
  0.397571E-02     0.536846E-02     0.434913E-02     0.537236E-02     0.523807E-02
  0.571560E-02     0.557846E-02     0.613010E-02     0.647034E-02     0.617327E-02
  0.639627E-02     0.530235E-02     0.579699E-02     0.547398E-02     0.590114E-02
  0.526110E-02     0.423467E-02     0.603401E-02     0.715137E-02     0.407804E-02
  0.433546E-02     0.689182E-02     0.552664E-02     0.528232E-02     0.568085E-02
  0.424541E-02     0.549359E-02     0.668631E-02     0.481370E-02     0.635331E-02
  0.634759E-02     0.541324E-02     0.579423E-02     0.701744E-02     0.632569E-02
  0.654557E-02     0.653429E-02     0.584442E-02     0.597508E-02     0.584918E-02
  0.583972E-02     0.489426E-02     0.717097E-02     0.652326E-02     0.708051E-02
  0.668057E-02     0.667561E-02     0.686769E-02     0.547353E-02     0.620980E-02
  0.591064E-02     0.599679E-02     0.617893E-02     0.558955E-02     0.581383E-02
  0.612259E-02     0.618652E-02     0.608947E-02     0.604880E-02     0.685394E-02
  0.635055E-02     0.641368E-02     0.566672E-02     0.528849E-02     0.535899E-02
  0.658899E-02     0.594343E-02     0.588161E-02     0.518220E-02     0.550652E-02
  0.606497E-02     0.511588E-02     0.579354E-02     0.498750E-02     0.568602E-02
  0.571283E-02     0.585942E-02     0.659886E-02     0.590583E-02     0.606208E-02
  0.564022E-02     0.559310E-02     0.570890E-02     0.563658E-02     0.545926E-02
  0.533240E-02     0.670590E-02     0.581951E-02     0.544921E-02     0.578560E-02
  0.546679E-02     0.595026E-02     0.574651E-02     0.664007E-02     0.420029E-02
  0.608551E-02     0.588187E-02     0.685111E-02     0.624201E-02     0.649119E-02
  0.613605E-02     0.610373E-02     0.653835E-02     0.626800E-02     0.568012E-02
  0.607063E-02     0.597488E-02     0.644726E-02     0.555922E-02     0.671052E-02
  0.672608E-02     0.677035E-02     0.513187E-02     0.502881E-02     0.596771E-02
  0.517705E-02     0.523291E-02     0.505328E-02     0.580627E-02     0.542428E-02
  0.562325E-02     0.595191E-02     0.617281E-02     0.511968E-02     0.599783E-02
  0.619003E-02     0.686538E-02     0.553021E-02     0.587719E-02     0.597017E-02
  0.545275E-02     0.617662E-02     0.601786E-02     0.553499E-02     0.591096E-02
  0.483125E-02     0.551777E-02     0.525254E-02     0.511182E-02     0.620226E-02
  0.595559E-02     0.548623E-02     0.659366E-02     0.589676E-02     0.539431E-02
  0.623913E-02     0.630295E-02     0.650663E-02     0.613386E-02     0.595297E-02
  0.570706E-02     0.536812E-02     0.643571E-02     0.602820E-02     0.587692E-02
  0.589464E-02     0.614926E-02     0.602785E-02     0.610308E-02     0.682288E-02
  0.659295E-02     0.608802E-02     0.736576E-02     0.595151E-02     0.662524E-02
  0.698504E-02     0.476782E-02     0.623233E-02     0.558379E-02     0.579927E-02
  0.606110E-02     0.709064E-02     0.769785E-02     0.673575E-02     0.634719E-02
  0.705574E-02     0.639555E-02     0.721297E-02     0.686524E-02     0.654997E-02
  0.467156E-02     0.733209E-02     0.586518E-02     0.595989E-02     0.572019E-02
  0.659043E-02     0.583713E-02     0.681778E-02     0.681489E-02     0.577608E-02
  0.519116E-02     0.730462E-02     0.561594E-02     0.728119E-02     0.781796E-02
  0.750136E-02     0.670058E-02     0.683445E-02     0.890624E-02     0.593186E-02
  0.560864E-02     0.642031E-02     0.637660E-02     0.591192E-02     0.760924E-02
  0.662921E-02     0.627078E-02     0.657156E-02     0.710374E-02     0.554238E-02
  0.594866E-02     0.662157E-02     0.643217E-02     0.558320E-02     0.704079E-02
  0.702771E-02     0.750018E-02     0.612234E-02     0.524636E-02     0.106988E-01
  0.470079E-02     0.375638E-02     0.642115E-02     0.763018E-02     0.750590E-02
  0.724438E-02     0.714783E-02     0.793922E-02     0.931185E-02     0.591484E-02
  0.609025E-02     0.667525E-02     0.692189E-02     0.102771E-01     0.738869E-02
  0.713867E-02     0.852656E-02     0.761426E-02     0.692050E-02     0.793225E-02
  0.713993E-02     0.678190E-02     0.682480E-02     0.112683E-01     0.867185E-02
  0.518498E-02     0.771208E-02     0.867217E-02     0.865837E-02     0.930344E-02
  0.830785E-02     0.891897E-02     0.110860E-01     0.817052E-02     0.952667E-02
  0.457096E-02     0.673476E-02     0.756507E-02     0.668700E-02     0.109827E-01
  0.756622E-02     0.547914E-02     0.106394E-01     0.863750E-02     0.117241E-01
  0.693015E-02     0.501711E-02     0.574367E-02     0.830803E-02     0.785320E-02
  0.822996E-02     0.907198E-02     0.758275E-02     0.855272E-02     0.590180E-02
  0.891990E-02     0.766863E-02     0.822785E-02     0.804997E-02     0.799791E-02
  0.825957E-02     0.701796E-02     0.733065E-02     0.765752E-02     0.790746E-02
  0.596594E-02     0.783344E-02     0.748162E-02     0.767241E-02     0.766099E-02
  0.792631E-02     0.761603E-02     0.658115E-02     0.681401E-02     0.759653E-02
  0.658596E-02     0.681516E-02     0.808903E-02     0.708604E-02     0.540770E-02
  0.745962E-02     0.792776E-02     0.623287E-02     0.953251E-02     0.897687E-02
  0.606066E-02     0.871726E-02     0.106794E-01     0.919354E-02     0.645331E-02
  0.690133E-02     0.871328E-02     0.863356E-02     0.918281E-02     0.798676E-02
  0.122113E-01     0.760659E-02     0.934381E-02     0.101664E-01     0.111737E-01
  0.170645E-01     0.783612E-02     0.983590E-02     0.790754E-02     0.117135E-01
  0.131067E-01     0.970339E-02     0.183978E-01     0.108052E-01     0.613822E-02
  0.872639E-02     0.784684E-02     0.104559E-01     0.108958E-01     0.993647E-02
  0.105071E-01     0.101624E-01     0.119851E-01     0.791820E-02     0.936448E-02
  0.416195E-01     0.407004E-01     0.475358E-01     0.380544E-01     0.318188E-01
  0.317689E-01     0.330502E-01     0.403998E-01     0.321563E-01     0.660491E-01
  0.470897E-01     0.666417E-01     0.635643E-01     0.513037E-01     0.560050E-01
  0.855927E-01     0.865337E-01     0.111508E+00     0.712121E-01     0.149683E+00
  0.573097E-01     0.155350E+00     0.159057E+00     0.178838E+00     0.208763E+00
  0.160907E+00     0.234456E+00     0.154869E+00     0.251026E+00     0.196849E+00
  0.257412E+00     0.235823E+00     0.223647E+00     0.308067E+00     0.281766E+00
  0.474913E+00     0.193069E+00     0.243704E+00     0.274589E+00     0.360848E+00
  0.410383E+00     0.279147E+00     0.292250E+00     0.356967E+00     0.331105E+00
  0.362443E+00     0.387587E+00     0.431030E+00     0.404839E+00     0.545479E+00
  0.460095E+00     0.530215E+00     0.540961E+00     0.449407E+00     0.545045E+00
  0.733028E+00     0.574583E+00     0.878238E+00
 eigen energies, in ev
    -44.847613       -44.581598       -44.525490       -44.417010       -43.979428
    -28.407031       -28.147403       -28.115560       -28.061551       -28.036009
    -27.952249       -27.876323       -27.874864       -27.811019       -27.802873
    -27.776996       -27.742933       -27.728116       -27.709557       -27.687652
    -27.652558       -27.630191       -27.597571       -27.585025       -27.583123
    -27.573456       -27.510587       -27.468679       -27.448066       -27.428209
    -27.401084       -27.391925       -27.369029       -27.347866       -27.337114
    -27.318035       -27.309727       -27.297156       -27.296607       -27.274092
    -27.219029       -27.216039       -27.203695       -27.124723       -27.106664
    -27.067023       -27.054016       -27.051688       -27.027605       -26.944771
    -26.862979       -26.861780       -26.835193       -26.809666       -26.800872
    -26.793891       -26.781261       -26.764968       -26.764459       -26.751939
    -26.705075       -26.701564       -26.692685       -26.682291       -26.561729
    -26.543793       -26.542773       -26.518913       -26.506300       -26.411776
    -26.368512       -26.366659       -26.345101       -26.293812       -26.283756
    -26.236294       -26.197480       -26.113762       -26.077301       -26.072945
    -26.064470       -26.061506       -26.057927       -26.036205       -26.016776
    -26.006826       -25.975755       -25.886703       -25.874026       -25.872092
    -25.864027       -25.823869       -25.758074       -25.721410       -25.698989
    -25.694538       -25.677213       -25.674791       -25.621400       -25.595836
    -25.548359       -25.538630       -25.489288       -25.468752       -25.416902
    -25.402902       -25.396175       -25.388915       -25.387754       -25.366754
    -25.362036       -25.358357       -25.338091       -25.314660       -25.255916
    -25.238721       -25.236655       -25.235480       -25.206967       -25.174293
    -25.167088       -25.160385       -25.120868       -25.109899       -25.108255
    -25.028798       -24.967826       -24.946364       -24.867431       -24.863292
    -24.851064       -24.826192       -24.795595       -24.749419       -24.410856
    -24.405298       -24.238883       -23.911518       -23.829220       -23.794838
    -23.783598       -23.690100       -23.669389       -23.614545       -23.569936
    -23.550297       -23.531280       -23.527115       -23.397165       -23.390753
    -23.334152       -23.310077       -23.297443       -23.266226       -23.251010
    -23.237473       -23.203842       -23.195454       -23.185437       -23.165384
    -23.148753       -23.142893       -23.122491       -23.030886       -22.864147
    -22.791150       -22.740568       -22.494715       -22.429580       -22.297102
    -22.258702       -21.907317       -21.806079       -21.679122       -21.673877
    -21.636833       -21.562944       -21.434211       -21.414592       -21.394919
    -21.371430       -21.300212       -21.268113       -21.265959       -21.231617
    -21.219080       -21.219048       -21.075699       -21.001792       -20.964204
    -19.149582       -18.799198       -18.746251       -18.542781       -18.515659
    -16.182047       -16.138841       -16.071161       -15.995201       -15.886062
    -15.815969       -15.780026       -15.724090       -15.719538       -15.708297
    -15.701818       -15.588948       -15.588208       -15.399545       -15.197209
    -15.131163       -15.083524       -15.077632       -15.073157       -14.929513
    -14.907055       -14.877079       -14.841933       -14.776182       -14.743432
    -14.682994       -14.675028       -14.648189       -14.545513       -14.495033
    -14.465198       -14.403008       -14.381608       -14.347491       -14.321050
    -14.236501       -14.129575       -14.120580       -14.059849       -14.021235
    -14.017121       -13.832000       -13.782461       -13.740348       -13.675246
    -13.654658       -13.633356       -13.624810       -13.609494       -13.592485
    -13.588929       -13.549214       -13.537427       -13.500308       -13.414403
    -13.394320       -13.252622       -13.203777       -13.194603       -13.163359
    -13.097494       -13.088196       -13.059411       -13.013247       -12.979421
    -12.959952       -12.928041       -12.795121       -12.738750       -12.637220
    -12.259087       -12.150898       -12.010209       -12.003746       -11.988956
    -11.922940       -11.899578       -11.888523       -11.746468       -11.720982
    -11.682686       -11.657903       -11.652021       -11.577218       -11.575859
    -11.564979       -11.522455       -11.492607       -11.436693       -11.415430
    -11.377834       -11.367614       -11.310656       -11.279365       -11.276984
    -11.271517       -11.221326       -11.211344       -11.191826       -11.147536
    -11.103578       -11.083234       -11.027345       -11.016913       -10.999273
    -10.985697       -10.906101       -10.904672       -10.853263       -10.834386
    -10.797874       -10.791624       -10.785426       -10.756343       -10.676267
    -10.659698       -10.622936       -10.549819       -10.476959       -10.467640
    -10.461130       -10.346529       -10.321534       -10.284859       -10.269326
    -10.258196       -10.244127       -10.231077       -10.208614       -10.187132
    -10.165426       -10.151167       -10.135490       -10.134494       -10.119276
    -10.094193       -10.091113       -10.080600       -10.075420       -10.072470
    -10.057064       -10.047989       -10.024522       -10.002958        -9.979742
     -9.973952        -9.956645        -9.952182        -9.942526        -9.933102
     -9.927225        -9.908338        -9.904298        -9.886174        -9.857421
     -9.852833        -9.841607        -9.816215        -9.807078        -9.798368
     -9.781852        -9.776136        -9.762592        -9.757343        -9.746332
     -9.744554        -9.732457        -9.726940        -9.713815        -9.708504
     -9.697506        -9.682659        -9.671612        -9.668237        -9.649505
     -9.642130        -9.631342        -9.600206        -9.591755        -9.571635
     -9.564507        -9.551078        -9.548089        -9.522290        -9.508292
     -9.497279        -9.485729        -9.480173        -9.476459        -9.471590
     -9.464090        -9.440296        -9.418958        -9.403560        -9.397723
     -9.383871        -9.366603        -9.350046        -9.336137        -9.332930
     -9.326505        -9.299991        -9.276309        -9.259497        -9.236205
     -9.229100        -9.220527        -9.205997        -9.195161        -9.193064
     -9.186732        -9.180167        -9.152105        -9.145817        -9.139500
     -9.119508        -9.103508        -9.100968        -9.073511        -9.059014
     -9.051261        -9.046319        -9.025051        -9.005483        -8.988412
     -8.949500        -8.931275        -8.926369        -8.922036        -8.912432
     -8.899713        -8.867118        -8.861443        -8.844874        -8.832847
     -8.822061        -8.815802        -8.804400        -8.802244        -8.786540
     -8.783156        -8.762144        -8.740981        -8.715822        -8.710962
     -8.702006        -8.692529        -8.688745        -8.684601        -8.675901
     -8.659941        -8.656948        -8.617976        -8.614801        -8.595346
     -8.575809        -8.555525        -8.542968        -8.530476        -8.521752
     -8.520560        -8.506486        -8.498428        -8.469673        -8.464644
     -8.459319        -8.429690        -8.404402        -8.364160        -8.358019
     -8.331302        -8.314346        -8.306347        -8.286251        -8.257863
     -8.242194        -8.228066        -8.203011        -8.175992        -8.160414
     -8.157896        -8.141599        -8.129161        -8.123434        -8.116674
     -8.106287        -8.092911        -8.082508        -8.068080        -8.061031
     -8.060277        -8.035611        -8.029928        -7.997394        -7.970555
     -7.959039        -7.954795        -7.935257        -7.915955        -7.901811
     -7.867134        -7.843716        -7.796138        -7.781537        -7.762745
     -7.756109        -7.738570        -7.712561        -7.671214        -7.652557
     -7.637787        -7.631965        -7.611196        -7.600671        -7.595075
     -7.573155        -7.567946        -7.505815        -7.466059        -7.463554
     -7.457453        -7.447612        -7.429128        -7.386420        -7.364654
     -7.342340        -7.299114        -7.292769        -7.261949        -7.235500
     -7.228780        -7.210228        -7.185123        -7.165323        -7.147950
     -7.095698        -7.076526        -7.057493        -7.040775        -7.034308
     -7.016132        -7.010812        -6.978118        -6.960307        -6.916083
     -6.912419        -6.899662        -6.858363        -6.854519        -6.846082
     -6.839044        -6.795101        -6.773240        -6.764734        -6.744899
     -6.728049        -6.705861        -6.682353        -6.672186        -6.625916
     -6.610338        -6.599510        -6.585762        -6.573775        -6.556990
     -6.549612        -6.526417        -6.499466        -6.497676        -6.482562
     -6.466305        -6.464966        -6.454068        -6.449326        -6.432985
     -6.426430        -6.417651        -6.409909        -6.394390        -6.368113
     -6.358320        -6.346910        -6.337044        -6.329097        -6.308465
     -6.298254        -6.298136        -6.289427        -6.276551        -6.275811
     -6.265588        -6.256749        -6.248216        -6.231745        -6.225164
     -6.214160        -6.208611        -6.206492        -6.201568        -6.186822
     -6.176348        -6.165926        -6.150866        -6.147175        -6.124306
     -6.108614        -6.104006        -6.094154        -6.089868        -6.083645
     -6.067444        -6.062793        -6.055559        -6.050982        -6.048317
     -6.022431        -6.013987        -5.993001        -5.987045        -5.976914
     -5.965872        -5.962509        -5.954594        -5.936067        -5.930589
     -5.930060        -5.922069        -5.908691        -5.899510        -5.895083
     -5.890843        -5.878989        -5.864128        -5.857018        -5.849803
     -5.847915        -5.839394        -5.838003        -5.820991        -5.810409
     -5.806482        -5.793621        -5.786078        -5.775086        -5.772108
     -5.765994        -5.756284        -5.747064        -5.745059        -5.729634
     -5.718596        -5.708035        -5.700129        -5.685792        -5.679532
     -5.668985        -5.664719        -5.660404        -5.655237        -5.646769
     -5.629568        -5.621895        -5.618326        -5.613684        -5.594260
     -5.584914        -5.579757        -5.576633        -5.565749        -5.562892
     -5.551989        -5.536950        -5.535795        -5.524060        -5.516947
     -5.508724        -5.502317        -5.491572        -5.487499        -5.479591
     -5.470471        -5.468914        -5.453638        -5.442250        -5.434936
     -5.425157        -5.421860        -5.412644        -5.403199        -5.400333
     -5.388189        -5.385307        -5.379243        -5.374155        -5.370261
     -5.362594        -5.360451        -5.355397        -5.351919        -5.348791
     -5.328200        -5.319632        -5.313536        -5.302743        -5.299919
     -5.294751        -5.285476        -5.280602        -5.268734        -5.267789
     -5.263301        -5.255564        -5.250919        -5.248333        -5.240503
     -5.232382        -5.229820        -5.224600        -5.216170        -5.206842
     -5.194054        -5.187345        -5.184571        -5.183064        -5.173326
     -5.165401        -5.157542        -5.154747        -5.152956        -5.148603
     -5.131991        -5.120743        -5.115189        -5.110413        -5.101999
     -5.096226        -5.088672        -5.084358        -5.082967        -5.077405
     -5.072157        -5.066241        -5.058819        -5.051987        -5.043783
     -5.037759        -5.031431        -5.029583        -5.026343        -5.015587
     -5.013984        -5.007437        -5.003164        -4.998431        -4.995217
     -4.994548        -4.981624        -4.976615        -4.972090        -4.966838
     -4.964278        -4.957115        -4.948543        -4.947063        -4.934703
     -4.933782        -4.927569        -4.922063        -4.912019        -4.908573
     -4.905590        -4.891896        -4.888993        -4.874132        -4.870957
     -4.860287        -4.858369        -4.852961        -4.846298        -4.834296
     -4.829418        -4.825583        -4.817981        -4.807230        -4.802971
     -4.800478        -4.795310        -4.783134        -4.781260        -4.777268
     -4.772312        -4.760253        -4.755568        -4.753053        -4.751053
     -4.742510        -4.734971        -4.726816        -4.721345        -4.708794
     -4.701963        -4.700690        -4.686411        -4.684066        -4.681878
     -4.677896        -4.672441        -4.666516        -4.654200        -4.651171
     -4.642460        -4.638779        -4.633323        -4.612243        -4.602210
     -4.599073        -4.590398        -4.585535        -4.580578        -4.574639
     -4.573125        -4.566773        -4.558526        -4.546133        -4.540643
     -4.531208        -4.517003        -4.511078        -4.502321        -4.496148
     -4.485298        -4.482083        -4.475962        -4.466008        -4.450268
     -4.447014        -4.440036        -4.428167        -4.418114        -4.413208
     -4.407921        -4.405170        -4.388216        -4.364697        -4.341685
     -4.339039        -4.328069        -4.324062        -4.305990        -4.301290
     -4.287689        -4.277018        -4.271737        -4.245950        -4.238869
     -4.217765        -4.210853        -4.200539        -4.176612        -4.175425
     -4.172763        -4.162549        -4.157081        -4.151353        -4.145590
     -4.135513        -4.126199        -4.115060        -4.100980        -4.082595
     -4.072501        -4.059871        -4.039516        -4.024835        -4.017196
     -3.998507        -3.962167        -3.946468        -3.931946        -3.905646
     -3.868179        -3.859955        -3.843750        -3.834863        -3.827557
     -3.800768        -3.794626        -3.761104        -3.744092        -3.735094
     -3.708976        -3.706361        -3.679414        -3.677760        -3.664848
     -3.656349        -3.645962        -3.608860        -3.599904        -3.585058
     -3.562429        -3.541071        -3.534332        -3.504073        -3.500176
     -3.462773        -3.440371        -3.435552        -3.421713        -3.403338
     -3.400017        -3.379363        -3.368023        -3.357695        -3.355650
     -3.339312        -3.335519        -3.329967        -3.326930        -3.313915
     -3.302026        -3.273071        -3.259044        -3.245651        -3.221362
     -3.210351        -3.200935        -3.186453        -3.125383        -3.111962
     -3.089093        -3.083525        -3.057066        -3.027537        -3.018360
     -3.008488        -2.997104        -2.992345        -2.989015        -2.982495
     -2.971369        -2.955774        -2.947839        -2.925565        -2.910776
     -2.898851        -2.895246        -2.888077        -2.847804        -2.847214
     -2.813253        -2.788719        -2.787422        -2.733791        -2.702267
     -2.681323        -2.648853        -2.616756        -2.615207        -2.600627
     -2.570453        -2.543962        -2.536848        -2.508134        -2.472990
     -2.438826        -2.413549        -2.402253        -2.401781        -2.370784
     -2.366865        -2.353290        -2.125266        -2.117602        -2.057641
      2.273194         2.576804         2.619771         2.657781         2.708917
      2.733076         2.759302         2.787620         2.800487         2.905729
      2.930496         3.055072         3.146385         3.170987         3.217862
      3.298454         3.345323         3.361190         3.404502         3.481384
      3.520983         3.532264         3.567775         3.629553         3.632335
      3.640131         3.684196         3.720943         3.735117         3.776584
      3.798039         3.817737         3.860083         3.894161         3.912706
      3.931603         3.974246         3.985720         4.007168         4.013589
      4.028462         4.075464         4.084239         4.130442         4.155210
      4.169742         4.182734         4.203915         4.241304         4.254049
      4.311971         4.326768         4.363305         4.396044         4.404610
      4.438790         4.494609         4.513493
 *********************************
 sum eigen(dbl occ, ryd)=  -1529.87951562966     
 *********************************
 Ef(eV)=   1.13506687446011     
 ***************************************************
 iter=          15
 ---------------------------------------------------
 dvE, dvE(n)-dvE(n-1) = 0.3969E-04 0.6726E-05
 dv_ave, drho_tot     = 0.6300E-02 0.1797E-02
 err of ug            = 0.3558E-03
 ---------------------------------------------------
 Ewald        = -.42716155442192E+05
 Alpha        = 0.15207970391171E+04
 E_extV       = 0.00000000000000E+00    0.0000E+00
 E_NSC        = -.21238359869413E+05    -.6265E+01
 E[-rho*V_Hxc]= -.12113716586488E+06    0.6577E+01
 E_Hxc        = 0.50664717930763E+05    -.6348E+01
 -TS          = -.38541860352036E-19    -.3853E-19
 E_tot(eV)    = -.13290616620661E+06    0.3114E+00
 ---------------------------------------------------
 E_ion,E_coul,E_xc =   -221543.9817919   79399.2797844  -28734.5618537
Ewald+Hart+ion    -0.1848608574496E+06
 ave(vtot)=ave_(V_xc)=: v0= -0.282793107696708     
 Eigen energies are values after setting ave_vtot=0
 ----------------------------------
 One SCF use:    85.9708750247955       s
 *********************************
 ****** kpt=           1
 err of each states, eV
  0.194085E-02     0.409730E-02     0.276333E-02     0.416341E-02     0.258791E-02
  0.230105E-02     0.152497E-02     0.102869E-02     0.221491E-02     0.165846E-02
  0.996451E-03     0.170724E-02     0.154715E-02     0.187636E-02     0.326121E-02
  0.136618E-02     0.124873E-02     0.247779E-02     0.204433E-02     0.168933E-02
  0.133938E-02     0.191542E-02     0.135903E-02     0.189954E-02     0.220331E-02
  0.170371E-02     0.135635E-02     0.164153E-02     0.119544E-02     0.148364E-02
  0.151172E-02     0.145752E-02     0.130353E-02     0.163425E-02     0.155791E-02
  0.214764E-02     0.144805E-02     0.110660E-02     0.170509E-02     0.172990E-02
  0.105514E-02     0.129522E-02     0.210272E-02     0.176416E-02     0.137491E-02
  0.117411E-02     0.141132E-02     0.156839E-02     0.956757E-03     0.142742E-02
  0.163151E-02     0.184573E-02     0.183343E-02     0.211261E-02     0.208663E-02
  0.264907E-02     0.244216E-02     0.164657E-02     0.114976E-02     0.180473E-02
  0.137506E-02     0.207545E-02     0.105790E-02     0.103056E-02     0.122296E-02
  0.100574E-02     0.158151E-02     0.922787E-03     0.151336E-02     0.129315E-02
  0.189155E-02     0.222566E-02     0.143817E-02     0.200806E-02     0.218320E-02
  0.155688E-02     0.994293E-03     0.125779E-02     0.166442E-02     0.220236E-02
  0.218049E-02     0.115590E-02     0.162285E-02     0.250398E-02     0.160256E-02
  0.183676E-02     0.126240E-02     0.168182E-02     0.177168E-02     0.184256E-02
  0.134648E-02     0.110922E-02     0.115503E-02     0.150997E-02     0.192331E-02
  0.163878E-02     0.102635E-02     0.118886E-02     0.177602E-02     0.168596E-02
  0.242654E-02     0.882341E-03     0.129728E-02     0.130932E-02     0.173191E-02
  0.186946E-02     0.146755E-02     0.161685E-02     0.141845E-02     0.134722E-02
  0.176111E-02     0.129890E-02     0.149579E-02     0.191998E-02     0.148183E-02
  0.150881E-02     0.139058E-02     0.179877E-02     0.183232E-02     0.137012E-02
  0.203375E-02     0.124940E-02     0.125570E-02     0.100237E-02     0.886485E-03
  0.122152E-02     0.177341E-02     0.160471E-02     0.179769E-02     0.153779E-02
  0.205534E-02     0.118964E-02     0.168224E-02     0.138861E-02     0.196202E-02
  0.223660E-02     0.128155E-02     0.258708E-02     0.180535E-02     0.105016E-02
  0.134981E-02     0.195866E-02     0.242738E-02     0.215559E-02     0.261928E-02
  0.909135E-03     0.226422E-02     0.223421E-02     0.183370E-02     0.287825E-02
  0.120566E-02     0.137698E-02     0.254083E-02     0.120510E-02     0.128056E-02
  0.126919E-02     0.214281E-02     0.200827E-02     0.216369E-02     0.207695E-02
  0.193216E-02     0.272486E-02     0.206001E-02     0.185160E-02     0.132391E-02
  0.125217E-02     0.170183E-02     0.221712E-02     0.119369E-02     0.122558E-02
  0.464067E-02     0.135908E-02     0.268396E-02     0.135704E-02     0.169040E-02
  0.181740E-02     0.189336E-02     0.183412E-02     0.134066E-02     0.189246E-02
  0.214122E-02     0.108894E-02     0.165355E-02     0.145318E-02     0.170098E-02
  0.164699E-02     0.222011E-02     0.128914E-02     0.125451E-02     0.160802E-02
  0.108376E-02     0.142137E-02     0.201438E-02     0.214837E-02     0.170340E-02
  0.143174E-02     0.176779E-02     0.176214E-02     0.145386E-02     0.120775E-02
  0.251914E-02     0.157827E-02     0.171197E-02     0.132081E-02     0.181951E-02
  0.109926E-02     0.991183E-03     0.145766E-02     0.122315E-02     0.102606E-02
  0.216323E-02     0.166429E-02     0.149222E-02     0.201708E-02     0.180383E-02
  0.178409E-02     0.193412E-02     0.156603E-02     0.211810E-02     0.173849E-02
  0.177701E-02     0.170859E-02     0.268455E-02     0.136131E-02     0.111960E-02
  0.159324E-02     0.147368E-02     0.146075E-02     0.145579E-02     0.184140E-02
  0.138918E-02     0.124952E-02     0.126404E-02     0.150340E-02     0.120911E-02
  0.155881E-02     0.131110E-02     0.162067E-02     0.176169E-02     0.228954E-02
  0.235088E-02     0.210461E-02     0.283190E-02     0.184858E-02     0.193143E-02
  0.183172E-02     0.206223E-02     0.181825E-02     0.186325E-02     0.222683E-02
  0.192660E-02     0.123151E-02     0.185272E-02     0.254384E-02     0.226701E-02
  0.154142E-02     0.192611E-02     0.182552E-02     0.208882E-02     0.198500E-02
  0.162852E-02     0.174866E-02     0.169884E-02     0.143886E-02     0.122150E-02
  0.224807E-02     0.262008E-02     0.258575E-02     0.213102E-02     0.224097E-02
  0.142474E-02     0.284183E-02     0.238339E-02     0.244545E-02     0.261189E-02
  0.232131E-02     0.212601E-02     0.195493E-02     0.193414E-02     0.185060E-02
  0.207262E-02     0.236099E-02     0.190797E-02     0.245229E-02     0.199251E-02
  0.242996E-02     0.226339E-02     0.203191E-02     0.314100E-02     0.291297E-02
  0.238992E-02     0.247687E-02     0.254242E-02     0.315068E-02     0.328447E-02
  0.241571E-02     0.237905E-02     0.218411E-02     0.215225E-02     0.343458E-02
  0.231177E-02     0.181842E-02     0.290621E-02     0.202808E-02     0.273755E-02
  0.243682E-02     0.200489E-02     0.313386E-02     0.397045E-02     0.341870E-02
  0.330233E-02     0.291576E-02     0.340612E-02     0.322857E-02     0.494045E-02
  0.377911E-02     0.223345E-02     0.329817E-02     0.354304E-02     0.396064E-02
  0.309711E-02     0.175656E-02     0.401184E-02     0.315047E-02     0.531817E-02
  0.333341E-02     0.340093E-02     0.361069E-02     0.314051E-02     0.362954E-02
  0.306880E-02     0.343255E-02     0.330585E-02     0.321594E-02     0.367873E-02
  0.365969E-02     0.376490E-02     0.378559E-02     0.316925E-02     0.374787E-02
  0.331308E-02     0.327527E-02     0.305932E-02     0.438634E-02     0.296711E-02
  0.320521E-02     0.339148E-02     0.295444E-02     0.337444E-02     0.442766E-02
  0.321920E-02     0.305366E-02     0.325384E-02     0.241805E-02     0.275148E-02
  0.319127E-02     0.369702E-02     0.383191E-02     0.287750E-02     0.319566E-02
  0.372362E-02     0.374115E-02     0.330802E-02     0.433678E-02     0.220180E-02
  0.399112E-02     0.464576E-02     0.287291E-02     0.312230E-02     0.371322E-02
  0.331756E-02     0.283401E-02     0.302337E-02     0.381103E-02     0.356786E-02
  0.436018E-02     0.235367E-02     0.382934E-02     0.336495E-02     0.272051E-02
  0.403605E-02     0.480904E-02     0.391184E-02     0.521201E-02     0.475583E-02
  0.355911E-02     0.385036E-02     0.350066E-02     0.354470E-02     0.313661E-02
  0.321222E-02     0.363303E-02     0.288102E-02     0.409101E-02     0.343674E-02
  0.332776E-02     0.348862E-02     0.357990E-02     0.333746E-02     0.333973E-02
  0.351622E-02     0.368733E-02     0.309454E-02     0.357143E-02     0.323729E-02
  0.354898E-02     0.346965E-02     0.360786E-02     0.333588E-02     0.381947E-02
  0.343359E-02     0.325879E-02     0.335503E-02     0.305713E-02     0.442406E-02
  0.326935E-02     0.397070E-02     0.382961E-02     0.365049E-02     0.367431E-02
  0.378793E-02     0.398158E-02     0.416498E-02     0.342801E-02     0.377444E-02
  0.371883E-02     0.322643E-02     0.362757E-02     0.624858E-02     0.450849E-02
  0.345515E-02     0.355881E-02     0.332170E-02     0.342552E-02     0.476529E-02
  0.341617E-02     0.537390E-02     0.366195E-02     0.374375E-02     0.375995E-02
  0.386819E-02     0.344512E-02     0.322844E-02     0.449186E-02     0.318201E-02
  0.311058E-02     0.363067E-02     0.424198E-02     0.322560E-02     0.350667E-02
  0.285246E-02     0.374698E-02     0.409789E-02     0.438747E-02     0.363953E-02
  0.361843E-02     0.381610E-02     0.328938E-02     0.336432E-02     0.301747E-02
  0.308572E-02     0.249788E-02     0.287353E-02     0.419337E-02     0.420406E-02
  0.439614E-02     0.385765E-02     0.353868E-02     0.329693E-02     0.345079E-02
  0.336977E-02     0.328797E-02     0.341038E-02     0.392557E-02     0.299689E-02
  0.378892E-02     0.313472E-02     0.324866E-02     0.377582E-02     0.411132E-02
  0.404705E-02     0.426519E-02     0.402335E-02     0.328033E-02     0.380464E-02
  0.395034E-02     0.331937E-02     0.406749E-02     0.323322E-02     0.364381E-02
  0.342763E-02     0.314442E-02     0.342679E-02     0.339959E-02     0.300191E-02
  0.347233E-02     0.315227E-02     0.342229E-02     0.319791E-02     0.284454E-02
  0.417398E-02     0.296350E-02     0.468809E-02     0.402154E-02     0.298343E-02
  0.290540E-02     0.322888E-02     0.328497E-02     0.348492E-02     0.448051E-02
  0.376289E-02     0.540513E-02     0.326040E-02     0.350374E-02     0.298550E-02
  0.391497E-02     0.420030E-02     0.368697E-02     0.343993E-02     0.463106E-02
  0.419381E-02     0.412492E-02     0.347337E-02     0.378395E-02     0.498507E-02
  0.523551E-02     0.368453E-02     0.387105E-02     0.387771E-02     0.375739E-02
  0.391724E-02     0.377253E-02     0.401569E-02     0.358050E-02     0.355259E-02
  0.317715E-02     0.316770E-02     0.413174E-02     0.289719E-02     0.500109E-02
  0.567116E-02     0.567134E-02     0.422967E-02     0.332526E-02     0.309615E-02
  0.317043E-02     0.334032E-02     0.298458E-02     0.291002E-02     0.359475E-02
  0.329365E-02     0.330120E-02     0.343729E-02     0.374189E-02     0.339947E-02
  0.320975E-02     0.348263E-02     0.319405E-02     0.347710E-02     0.368041E-02
  0.376202E-02     0.257336E-02     0.243693E-02     0.370788E-02     0.309839E-02
  0.303546E-02     0.274387E-02     0.322905E-02     0.382067E-02     0.436224E-02
  0.341397E-02     0.355233E-02     0.345747E-02     0.470335E-02     0.332792E-02
  0.382101E-02     0.368840E-02     0.359744E-02     0.364127E-02     0.411993E-02
  0.360726E-02     0.399334E-02     0.406651E-02     0.369321E-02     0.411473E-02
  0.317384E-02     0.323385E-02     0.338308E-02     0.318799E-02     0.358239E-02
  0.327196E-02     0.335041E-02     0.334156E-02     0.380416E-02     0.333325E-02
  0.353898E-02     0.315851E-02     0.336090E-02     0.329291E-02     0.436399E-02
  0.374795E-02     0.439596E-02     0.329373E-02     0.333179E-02     0.357363E-02
  0.366239E-02     0.402234E-02     0.346951E-02     0.356792E-02     0.359415E-02
  0.360359E-02     0.363903E-02     0.365487E-02     0.360005E-02     0.391392E-02
  0.376271E-02     0.350390E-02     0.337856E-02     0.359994E-02     0.421298E-02
  0.369662E-02     0.362008E-02     0.310977E-02     0.339904E-02     0.343722E-02
  0.369365E-02     0.348229E-02     0.311731E-02     0.345697E-02     0.386737E-02
  0.406980E-02     0.390057E-02     0.394563E-02     0.380468E-02     0.364490E-02
  0.385647E-02     0.348612E-02     0.367174E-02     0.361570E-02     0.400148E-02
  0.376969E-02     0.409817E-02     0.434836E-02     0.407863E-02     0.468092E-02
  0.329495E-02     0.360504E-02     0.369652E-02     0.382229E-02     0.335470E-02
  0.351577E-02     0.362345E-02     0.370954E-02     0.411731E-02     0.489800E-02
  0.412505E-02     0.447695E-02     0.435264E-02     0.396676E-02     0.416441E-02
  0.455647E-02     0.397257E-02     0.413677E-02     0.622250E-02     0.433608E-02
  0.406616E-02     0.414471E-02     0.365089E-02     0.415617E-02     0.421540E-02
  0.438376E-02     0.372009E-02     0.462947E-02     0.417932E-02     0.511743E-02
  0.459868E-02     0.518659E-02     0.450178E-02     0.360730E-02     0.399821E-02
  0.355602E-02     0.416105E-02     0.460962E-02     0.421774E-02     0.491258E-02
  0.417129E-02     0.409629E-02     0.370568E-02     0.418824E-02     0.487273E-02
  0.385924E-02     0.418397E-02     0.413084E-02     0.392962E-02     0.404973E-02
  0.409977E-02     0.414189E-02     0.457503E-02     0.440540E-02     0.477422E-02
  0.445832E-02     0.441007E-02     0.413324E-02     0.477196E-02     0.377186E-02
  0.432196E-02     0.502333E-02     0.405447E-02     0.493695E-02     0.389319E-02
  0.413142E-02     0.316244E-02     0.458861E-02     0.444579E-02     0.460907E-02
  0.481942E-02     0.450847E-02     0.425110E-02     0.393819E-02     0.433253E-02
  0.360072E-02     0.458255E-02     0.466432E-02     0.402369E-02     0.413785E-02
  0.437631E-02     0.456558E-02     0.460350E-02     0.492376E-02     0.500826E-02
  0.450890E-02     0.454896E-02     0.443435E-02     0.476527E-02     0.465842E-02
  0.404828E-02     0.409174E-02     0.510574E-02     0.402101E-02     0.412770E-02
  0.442269E-02     0.396569E-02     0.442677E-02     0.449557E-02     0.412207E-02
  0.399197E-02     0.458733E-02     0.424686E-02     0.484191E-02     0.448919E-02
  0.383871E-02     0.398720E-02     0.399030E-02     0.447128E-02     0.385815E-02
  0.391874E-02     0.430801E-02     0.466047E-02     0.472430E-02     0.454764E-02
  0.450775E-02     0.438264E-02     0.429024E-02     0.461096E-02     0.409634E-02
  0.398597E-02     0.439836E-02     0.426604E-02     0.398923E-02     0.377574E-02
  0.493848E-02     0.403465E-02     0.519791E-02     0.476305E-02     0.485350E-02
  0.462486E-02     0.450559E-02     0.465367E-02     0.452298E-02     0.442632E-02
  0.461242E-02     0.435665E-02     0.471279E-02     0.428395E-02     0.438257E-02
  0.417492E-02     0.477452E-02     0.507511E-02     0.535883E-02     0.502401E-02
  0.469063E-02     0.468828E-02     0.451697E-02     0.513318E-02     0.471657E-02
  0.518396E-02     0.562906E-02     0.495661E-02     0.469824E-02     0.484459E-02
  0.453850E-02     0.338163E-02     0.448525E-02     0.538764E-02     0.500265E-02
  0.529261E-02     0.452142E-02     0.425864E-02     0.495791E-02     0.545669E-02
  0.347015E-02     0.441751E-02     0.408575E-02     0.453472E-02     0.482409E-02
  0.524665E-02     0.479991E-02     0.547780E-02     0.435959E-02     0.388062E-02
  0.343620E-02     0.432375E-02     0.412054E-02     0.445793E-02     0.385946E-02
  0.528484E-02     0.464470E-02     0.467401E-02     0.421269E-02     0.510915E-02
  0.605104E-02     0.448379E-02     0.485810E-02     0.480971E-02     0.499933E-02
  0.474257E-02     0.552310E-02     0.461794E-02     0.418408E-02     0.447655E-02
  0.451543E-02     0.372908E-02     0.478174E-02     0.390342E-02     0.407636E-02
  0.503401E-02     0.474232E-02     0.299826E-02     0.436462E-02     0.475838E-02
  0.433770E-02     0.514924E-02     0.294630E-02     0.394406E-02     0.746168E-02
  0.390166E-02     0.518732E-02     0.566123E-02     0.473369E-02     0.529747E-02
  0.635664E-02     0.536433E-02     0.601622E-02     0.675294E-02     0.624695E-02
  0.546158E-02     0.620599E-02     0.488833E-02     0.573155E-02     0.542984E-02
  0.640231E-02     0.418890E-02     0.598536E-02     0.520595E-02     0.626950E-02
  0.733878E-02     0.546446E-02     0.498588E-02     0.458720E-02     0.343707E-02
  0.681501E-02     0.413121E-02     0.773702E-02     0.410647E-02     0.466667E-02
  0.454664E-02     0.646682E-02     0.632940E-02     0.689595E-02     0.457328E-02
  0.611820E-02     0.583982E-02     0.753175E-02     0.520966E-02     0.748185E-02
  0.710887E-02     0.607627E-02     0.648970E-02     0.624163E-02     0.503629E-02
  0.723701E-02     0.671010E-02     0.580303E-02     0.555696E-02     0.527076E-02
  0.708657E-02     0.491180E-02     0.586162E-02     0.598591E-02     0.507316E-02
  0.612766E-02     0.827159E-02     0.659710E-02     0.728331E-02     0.528137E-02
  0.610313E-02     0.710484E-02     0.596373E-02     0.585871E-02     0.639080E-02
  0.486462E-02     0.873274E-02     0.664742E-02     0.639687E-02     0.572526E-02
  0.673664E-02     0.345080E-02     0.672503E-02     0.362345E-02     0.432618E-02
  0.522968E-02     0.533136E-02     0.607866E-02     0.780024E-02     0.416150E-02
  0.452464E-02     0.728489E-02     0.391500E-02     0.692410E-02     0.535676E-02
  0.390067E-02     0.568937E-02     0.534404E-02     0.590202E-02     0.493299E-02
  0.660937E-02     0.686841E-02     0.595388E-02     0.636032E-02     0.946341E-02
  0.602546E-02     0.547148E-02     0.740121E-02     0.500356E-02     0.486896E-02
  0.507392E-02     0.864342E-02     0.467051E-02     0.863144E-02     0.669300E-02
  0.656603E-02     0.549377E-02     0.603115E-02     0.551022E-02     0.621236E-02
  0.513881E-02     0.772654E-02     0.416666E-02     0.411457E-02     0.359456E-02
  0.353504E-01     0.321343E-01     0.260880E-01     0.328932E-01     0.251798E-01
  0.248196E-01     0.283481E-01     0.270935E-01     0.235341E-01     0.612094E-01
  0.305881E-01     0.520490E-01     0.612691E-01     0.441427E-01     0.515220E-01
  0.615290E-01     0.490880E-01     0.737512E-01     0.853363E-01     0.153624E+00
  0.110557E+00     0.610349E-01     0.992554E-01     0.109984E+00     0.202689E+00
  0.129703E+00     0.185538E+00     0.168320E+00     0.166794E+00     0.189608E+00
  0.185248E+00     0.185007E+00     0.316329E+00     0.191284E+00     0.199908E+00
  0.184457E+00     0.184890E+00     0.221798E+00     0.256163E+00     0.240782E+00
  0.245920E+00     0.288669E+00     0.227129E+00     0.373041E+00     0.255093E+00
  0.260485E+00     0.232542E+00     0.334172E+00     0.362796E+00     0.341292E+00
  0.454922E+00     0.364523E+00     0.358218E+00     0.542085E+00     0.380572E+00
  0.423221E+00     0.502748E+00     0.421843E+00
 eigen energies, in ev
    -44.723402       -44.425606       -44.384907       -44.254873       -43.904921
    -28.407744       -28.135944       -28.116995       -28.114601       -28.083223
    -27.998514       -27.978546       -27.907467       -27.870149       -27.835969
    -27.825960       -27.812374       -27.795006       -27.741373       -27.730369
    -27.708960       -27.663086       -27.641784       -27.632771       -27.554145
    -27.546445       -27.543760       -27.501923       -27.477215       -27.468576
    -27.444024       -27.437013       -27.413754       -27.409146       -27.405253
    -27.359072       -27.358178       -27.339928       -27.267766       -27.258799
    -27.216554       -27.209740       -27.175350       -27.169385       -27.161597
    -27.160666       -27.119723       -27.074965       -27.074208       -26.927835
    -26.925375       -26.895763       -26.870033       -26.868962       -26.852028
    -26.836298       -26.816186       -26.783237       -26.770412       -26.747810
    -26.727073       -26.708262       -26.700038       -26.638742       -26.626158
    -26.517798       -26.464179       -26.460267       -26.445878       -26.430930
    -26.427754       -26.392762       -26.373432       -26.362915       -26.344608
    -26.278119       -26.224256       -26.174809       -26.155427       -26.148130
    -26.136695       -26.117596       -26.075624       -26.063054       -26.026438
    -26.025655       -25.990802       -25.975955       -25.910251       -25.907364
    -25.905057       -25.808865       -25.771664       -25.759086       -25.757154
    -25.750444       -25.712779       -25.698824       -25.660004       -25.649815
    -25.598716       -25.574625       -25.563560       -25.528313       -25.513833
    -25.511246       -25.485345       -25.427333       -25.422053       -25.413400
    -25.399746       -25.396566       -25.372467       -25.365828       -25.338342
    -25.336692       -25.307528       -25.293711       -25.255369       -25.247040
    -25.240959       -25.201365       -25.154019       -25.150323       -25.126190
    -25.072971       -25.060311       -25.045411       -24.976643       -24.921829
    -24.902173       -24.876724       -24.862143       -24.796779       -24.490931
    -24.260498       -24.112189       -23.866049       -23.778829       -23.757388
    -23.709087       -23.647781       -23.617545       -23.594086       -23.581656
    -23.573837       -23.479886       -23.440520       -23.432382       -23.390121
    -23.366023       -23.334016       -23.233076       -23.224944       -23.192897
    -23.183410       -23.156034       -23.129758       -23.113339       -23.108176
    -23.103957       -23.077709       -23.071030       -23.034118       -22.874476
    -22.854175       -22.843218       -22.579470       -22.522955       -22.359418
    -22.107531       -21.782290       -21.675846       -21.619662       -21.603856
    -21.507538       -21.480953       -21.348220       -21.342872       -21.334794
    -21.300427       -21.247532       -21.239495       -21.188641       -21.170087
    -21.152009       -21.122889       -20.991145       -20.963724       -20.846969
    -19.010154       -18.677566       -18.672836       -18.454604       -18.420307
    -16.224770       -16.163320       -16.060834       -16.049716       -15.954018
    -15.902201       -15.887108       -15.819261       -15.814833       -15.774771
    -15.749990       -15.673203       -15.584512       -15.461114       -15.150834
    -15.135016       -15.079998       -15.004493       -14.980608       -14.959648
    -14.853321       -14.841856       -14.759901       -14.757370       -14.757017
    -14.739005       -14.679488       -14.613690       -14.570348       -14.515006
    -14.445220       -14.439753       -14.410897       -14.391320       -14.280540
    -14.274321       -14.215966       -14.132966       -14.112379       -14.108302
    -13.971849       -13.835050       -13.763332       -13.702527       -13.659743
    -13.635208       -13.573563       -13.566720       -13.553738       -13.516596
    -13.503416       -13.487663       -13.482078       -13.455825       -13.373259
    -13.316396       -13.297754       -13.270790       -13.229865       -13.158651
    -13.146660       -13.125550       -13.112803       -13.069490       -13.061780
    -12.935075       -12.918702       -12.871084       -12.792000       -12.714481
    -12.270998       -12.147752       -12.078165       -12.044436       -12.029553
    -11.961771       -11.956827       -11.905329       -11.780087       -11.760047
    -11.716161       -11.710803       -11.665780       -11.644424       -11.597609
    -11.584756       -11.548384       -11.533211       -11.495454       -11.469451
    -11.416049       -11.384963       -11.377470       -11.280165       -11.270850
    -11.227221       -11.215330       -11.191637       -11.185995       -11.164426
    -11.144507       -11.082837       -11.054851       -11.029442       -10.952376
    -10.950321       -10.927305       -10.884339       -10.874167       -10.824877
    -10.772631       -10.763150       -10.732423       -10.675858       -10.667192
    -10.602376       -10.559401       -10.557980       -10.477401       -10.465332
    -10.457573       -10.375138       -10.357198       -10.353041       -10.325045
    -10.316439       -10.293001       -10.274098       -10.234787       -10.226083
    -10.220237       -10.193059       -10.176184       -10.167912       -10.164676
    -10.159429       -10.146126       -10.141589       -10.109537       -10.107343
    -10.067623       -10.060767       -10.048445       -10.026608       -10.016095
    -10.009732       -10.004591        -9.994635        -9.974307        -9.968262
     -9.966621        -9.941433        -9.930086        -9.927542        -9.907674
     -9.887928        -9.862127        -9.854494        -9.848227        -9.823373
     -9.812220        -9.796133        -9.793897        -9.784379        -9.782869
     -9.777087        -9.755000        -9.750885        -9.734740        -9.734049
     -9.728824        -9.717418        -9.683338        -9.677606        -9.668710
     -9.668312        -9.653422        -9.640730        -9.630744        -9.616922
     -9.608191        -9.583514        -9.570564        -9.563567        -9.553855
     -9.539779        -9.518844        -9.488878        -9.486868        -9.473203
     -9.467112        -9.458204        -9.420493        -9.416491        -9.411458
     -9.399852        -9.386564        -9.363287        -9.345694        -9.319594
     -9.314592        -9.297109        -9.290738        -9.284382        -9.277763
     -9.260824        -9.245940        -9.235905        -9.233704        -9.222852
     -9.213936        -9.207065        -9.152615        -9.150740        -9.136848
     -9.130465        -9.122716        -9.098564        -9.092367        -9.086568
     -9.066780        -9.044942        -9.035060        -9.005095        -8.994951
     -8.978063        -8.972893        -8.970609        -8.950220        -8.945186
     -8.938410        -8.915512        -8.898055        -8.883360        -8.873192
     -8.858537        -8.854647        -8.815157        -8.804755        -8.792049
     -8.770351        -8.766349        -8.763036        -8.750114        -8.745714
     -8.737762        -8.730370        -8.711989        -8.709439        -8.680148
     -8.675559        -8.659824        -8.639636        -8.630302        -8.623095
     -8.616996        -8.603665        -8.583193        -8.580641        -8.563591
     -8.555283        -8.545967        -8.529186        -8.512863        -8.466487
     -8.450049        -8.436829        -8.406834        -8.399863        -8.388267
     -8.327762        -8.308617        -8.305714        -8.281604        -8.262697
     -8.249738        -8.228602        -8.205648        -8.191345        -8.180141
     -8.173172        -8.154859        -8.140750        -8.126195        -8.100872
     -8.093600        -8.085130        -8.074735        -8.058397        -8.044968
     -8.010751        -7.989525        -7.982761        -7.969651        -7.945269
     -7.942290        -7.931594        -7.913486        -7.883755        -7.876944
     -7.867997        -7.843693        -7.831483        -7.814428        -7.791322
     -7.776458        -7.720813        -7.692098        -7.670449        -7.665119
     -7.601754        -7.586107        -7.576884        -7.550603        -7.545633
     -7.529164        -7.512348        -7.500119        -7.462722        -7.450955
     -7.430640        -7.414661        -7.365800        -7.351979        -7.347748
     -7.321420        -7.298027        -7.264639        -7.249380        -7.200715
     -7.187274        -7.181775        -7.163529        -7.153206        -7.109175
     -7.095116        -7.083637        -7.039585        -7.019994        -7.015155
     -7.001100        -6.992020        -6.979013        -6.954133        -6.923802
     -6.903142        -6.894552        -6.876703        -6.868183        -6.837711
     -6.810646        -6.761267        -6.744984        -6.738567        -6.703483
     -6.692379        -6.680398        -6.662491        -6.653950        -6.649889
     -6.647831        -6.634015        -6.592886        -6.556975        -6.546593
     -6.540956        -6.531169        -6.514782        -6.490295        -6.485064
     -6.469359        -6.463268        -6.438331        -6.429963        -6.413012
     -6.405944        -6.385149        -6.377722        -6.376752        -6.368678
     -6.350947        -6.345654        -6.343655        -6.332972        -6.325968
     -6.320694        -6.318457        -6.311983        -6.291847        -6.286914
     -6.275833        -6.263758        -6.259872        -6.241732        -6.236523
     -6.226057        -6.215982        -6.210284        -6.183379        -6.179942
     -6.174374        -6.165472        -6.160198        -6.156506        -6.141439
     -6.136995        -6.122731        -6.098321        -6.089036        -6.080139
     -6.077139        -6.070830        -6.055587        -6.051038        -6.047936
     -6.030309        -6.018024        -6.013414        -6.004889        -5.996050
     -5.993590        -5.987119        -5.984784        -5.962539        -5.957548
     -5.956139        -5.949925        -5.932338        -5.923151        -5.920444
     -5.911131        -5.910245        -5.905210        -5.885802        -5.871516
     -5.853514        -5.851799        -5.838256        -5.831772        -5.820462
     -5.819060        -5.812665        -5.792687        -5.788008        -5.777626
     -5.773276        -5.766550        -5.753503        -5.753110        -5.741533
     -5.733894        -5.730674        -5.715598        -5.711469        -5.703622
     -5.690076        -5.689477        -5.683537        -5.677722        -5.673070
     -5.660600        -5.645872        -5.639286        -5.634193        -5.624279
     -5.618892        -5.608777        -5.603764        -5.592199        -5.577714
     -5.560063        -5.555444        -5.537691        -5.535770        -5.528728
     -5.521031        -5.514191        -5.509180        -5.506469        -5.489384
     -5.481545        -5.476176        -5.466199        -5.455259        -5.452276
     -5.448863        -5.444253        -5.425268        -5.422936        -5.420411
     -5.416391        -5.410716        -5.407503        -5.404773        -5.393563
     -5.387397        -5.383334        -5.377191        -5.375657        -5.363801
     -5.359619        -5.350791        -5.344394        -5.339557        -5.337811
     -5.331238        -5.328085        -5.319994        -5.314268        -5.309152
     -5.291837        -5.282486        -5.272206        -5.267990        -5.262403
     -5.257585        -5.255906        -5.248983        -5.245302        -5.236096
     -5.232907        -5.224175        -5.211598        -5.201022        -5.190743
     -5.183021        -5.174027        -5.163516        -5.151881        -5.149841
     -5.138828        -5.133667        -5.129190        -5.123737        -5.122193
     -5.113152        -5.111723        -5.100545        -5.098377        -5.096486
     -5.089558        -5.086133        -5.076832        -5.071856        -5.064783
     -5.060582        -5.054954        -5.052731        -5.044251        -5.043098
     -5.040211        -5.034136        -5.029735        -5.020412        -5.016748
     -5.013129        -5.007488        -4.999835        -4.992339        -4.989500
     -4.988571        -4.982061        -4.975100        -4.967536        -4.966021
     -4.958550        -4.952096        -4.946249        -4.927436        -4.922053
     -4.911523        -4.901384        -4.896679        -4.894090        -4.887311
     -4.875579        -4.871113        -4.865250        -4.858707        -4.856558
     -4.851244        -4.846776        -4.833649        -4.826669        -4.825414
     -4.819228        -4.812035        -4.805552        -4.803546        -4.797286
     -4.791349        -4.790671        -4.778903        -4.775468        -4.768128
     -4.762316        -4.756309        -4.740637        -4.729538        -4.725071
     -4.721733        -4.716460        -4.713823        -4.706217        -4.702541
     -4.697995        -4.694815        -4.678072        -4.664760        -4.661439
     -4.656083        -4.646186        -4.638945        -4.633851        -4.628197
     -4.620829        -4.608467        -4.606113        -4.596776        -4.589421
     -4.581829        -4.573291        -4.569716        -4.566322        -4.561699
     -4.551290        -4.546401        -4.534543        -4.525527        -4.517383
     -4.502033        -4.485007        -4.477116        -4.474645        -4.464515
     -4.456978        -4.443150        -4.440301        -4.428420        -4.426604
     -4.406334        -4.394852        -4.390713        -4.384836        -4.369001
     -4.367284        -4.341794        -4.331943        -4.316903        -4.306035
     -4.301689        -4.272756        -4.269406        -4.247290        -4.240232
     -4.229238        -4.219735        -4.199652        -4.193584        -4.181950
     -4.178956        -4.169190        -4.160699        -4.156137        -4.115581
     -4.111936        -4.092638        -4.088769        -4.073664        -4.038026
     -4.030392        -4.028710        -4.008757        -3.979719        -3.962257
     -3.950808        -3.915044        -3.896608        -3.893195        -3.868755
     -3.852683        -3.844343        -3.813166        -3.788579        -3.783634
     -3.771245        -3.752982        -3.743881        -3.729983        -3.720626
     -3.713214        -3.695133        -3.673862        -3.656744        -3.651497
     -3.646128        -3.640452        -3.601736        -3.596146        -3.580693
     -3.574040        -3.548266        -3.526802        -3.499655        -3.486640
     -3.462833        -3.455270        -3.442934        -3.436628        -3.423748
     -3.415003        -3.392132        -3.386205        -3.380808        -3.373416
     -3.360254        -3.359746        -3.351989        -3.332920        -3.318993
     -3.313395        -3.299154        -3.296404        -3.274162        -3.223027
     -3.209115        -3.198120        -3.180928        -3.147315        -3.133137
     -3.099446        -3.091808        -3.085543        -3.073147        -3.056846
     -3.033449        -3.027984        -2.999458        -2.992312        -2.982836
     -2.971810        -2.958053        -2.943497        -2.919449        -2.902106
     -2.888674        -2.850282        -2.828900        -2.814869        -2.788068
     -2.782986        -2.774820        -2.738547        -2.682418        -2.639682
     -2.571357        -2.571098        -2.561492        -2.559324        -2.525902
     -2.520021        -2.515545        -2.489463        -2.454345        -2.424610
     -2.413913        -2.352048        -2.339543        -2.329458        -2.317248
     -2.300597        -2.282187        -2.191377        -2.077938        -1.976759
      2.390731         2.700188         2.713188         2.734301         2.788121
      2.814180         2.823685         2.847509         2.887604         2.990251
      3.013691         3.135428         3.237170         3.250303         3.265544
      3.334016         3.361506         3.416083         3.447721         3.477241
      3.540104         3.575013         3.576079         3.594964         3.621385
      3.656964         3.672444         3.693282         3.744227         3.762432
      3.793922         3.815204         3.843295         3.881648         3.892073
      3.915510         3.960608         3.970293         3.997723         4.005790
      4.012695         4.062144         4.098893         4.100651         4.137900
      4.152904         4.175131         4.190084         4.215049         4.228525
      4.265573         4.305670         4.330439         4.349732         4.398785
      4.442249         4.471526         4.515226
 *********************************
 sum eigen(dbl occ, ryd)=  -1530.94959454120     
 *********************************
 Ef(eV)=   1.31087714335249     
 ***************************************************
 iter=          16
 ---------------------------------------------------
 dvE, dvE(n)-dvE(n-1) = 0.1605E-04 -.2364E-04
 dv_ave, drho_tot     = 0.4007E-02 0.1382E-02
 err of ug            = 0.2557E-03
 ---------------------------------------------------
 Ewald        = -.42716155442192E+05
 Alpha        = 0.15207970391171E+04
 E_extV       = 0.00000000000000E+00    0.0000E+00
 E_NSC        = -.21254819392099E+05    -.1646E+02
 E[-rho*V_Hxc]= -.12110601851410E+06    0.1653E+02
 E_Hxc        = 0.50650102942165E+05    -.1461E+02
 -TS          = -.37619925817186E-18    -.3377E-18
 E_tot(eV)    = -.13290609336711E+06    0.7284E-01
 ---------------------------------------------------
 E_ion,E_coul,E_xc =   -221524.3436760   79381.8881952  -28731.7852531
Ewald+Hart+ion    -0.1848586109229E+06
 ave(vtot)=ave_(V_xc)=: v0= -0.283141056245281     
 Eigen energies are values after setting ave_vtot=0
 ----------------------------------
 One SCF use:    86.0195310115814       s
 *********************************
 ****** kpt=           1
 err of each states, eV
  0.326070E-02     0.213265E-02     0.268352E-02     0.279877E-02     0.297702E-02
  0.162775E-02     0.109173E-02     0.260980E-02     0.997971E-03     0.863331E-03
  0.190991E-02     0.805181E-03     0.181231E-02     0.128728E-02     0.122623E-02
  0.209086E-02     0.321561E-02     0.138179E-02     0.906751E-03     0.172812E-02
  0.121792E-02     0.188950E-02     0.165011E-02     0.166476E-02     0.164100E-02
  0.163965E-02     0.167741E-02     0.180644E-02     0.117769E-02     0.144066E-02
  0.151795E-02     0.117831E-02     0.142583E-02     0.955332E-03     0.169355E-02
  0.966919E-03     0.965906E-03     0.106175E-02     0.216106E-02     0.118455E-02
  0.254796E-02     0.865767E-03     0.227786E-02     0.178096E-02     0.121800E-02
  0.125610E-02     0.114452E-02     0.150341E-02     0.145260E-02     0.332841E-02
  0.164499E-02     0.158512E-02     0.216312E-02     0.135789E-02     0.226044E-02
  0.241135E-02     0.197030E-02     0.278170E-02     0.764898E-03     0.188387E-02
  0.207853E-02     0.135794E-02     0.984779E-03     0.944364E-03     0.123863E-02
  0.137615E-02     0.762866E-03     0.174069E-02     0.167895E-02     0.269260E-02
  0.130184E-02     0.972538E-03     0.217407E-02     0.107968E-02     0.151939E-02
  0.100746E-02     0.102169E-02     0.534106E-03     0.274667E-02     0.186437E-02
  0.112201E-02     0.764214E-03     0.178253E-02     0.106389E-02     0.152461E-02
  0.147751E-02     0.905708E-03     0.892301E-03     0.139338E-02     0.121776E-02
  0.894212E-03     0.111532E-02     0.161177E-02     0.101110E-02     0.146376E-02
  0.119415E-02     0.810320E-03     0.137963E-02     0.153442E-02     0.825412E-03
  0.801940E-03     0.198071E-02     0.136157E-02     0.248923E-02     0.918148E-03
  0.961029E-03     0.161556E-02     0.193077E-02     0.168369E-02     0.152974E-02
  0.148063E-02     0.152957E-02     0.145634E-02     0.176150E-02     0.108717E-02
  0.933927E-03     0.982305E-03     0.173778E-02     0.867074E-03     0.189009E-02
  0.160949E-02     0.112389E-02     0.115433E-02     0.749246E-03     0.156997E-02
  0.767697E-03     0.109312E-02     0.991129E-03     0.236409E-02     0.854471E-03
  0.123412E-02     0.117156E-02     0.131614E-02     0.134442E-02     0.265276E-02
  0.124496E-02     0.888271E-03     0.135759E-02     0.888171E-03     0.130093E-02
  0.767290E-03     0.104368E-02     0.849109E-03     0.219714E-02     0.237903E-02
  0.180021E-02     0.243460E-02     0.283718E-02     0.850464E-03     0.123262E-02
  0.206350E-02     0.129979E-02     0.319702E-02     0.162600E-02     0.130448E-02
  0.121240E-02     0.121267E-02     0.301453E-02     0.311693E-02     0.262479E-02
  0.326422E-02     0.140183E-02     0.253505E-02     0.200012E-02     0.106718E-02
  0.128402E-02     0.976815E-03     0.201645E-02     0.678265E-03     0.993316E-03
  0.193560E-02     0.126053E-02     0.915276E-03     0.166959E-02     0.220286E-02
  0.151817E-02     0.217109E-02     0.190690E-02     0.193076E-02     0.198530E-02
  0.215090E-02     0.168039E-02     0.213325E-02     0.186743E-02     0.203790E-02
  0.155663E-02     0.218847E-02     0.190965E-02     0.123612E-02     0.977668E-03
  0.114791E-02     0.122967E-02     0.136752E-02     0.150396E-02     0.121223E-02
  0.122748E-02     0.151129E-02     0.114465E-02     0.122547E-02     0.104858E-02
  0.129692E-02     0.164588E-02     0.113725E-02     0.117545E-02     0.123029E-02
  0.920176E-03     0.746373E-03     0.119387E-02     0.835602E-03     0.698445E-03
  0.177849E-02     0.139537E-02     0.163413E-02     0.151154E-02     0.153710E-02
  0.176185E-02     0.161997E-02     0.160944E-02     0.140793E-02     0.165676E-02
  0.187311E-02     0.127695E-02     0.173587E-02     0.110969E-02     0.152969E-02
  0.130088E-02     0.119835E-02     0.108595E-02     0.143450E-02     0.138425E-02
  0.954494E-03     0.822383E-03     0.108563E-02     0.174406E-02     0.860250E-03
  0.158708E-02     0.100995E-02     0.148318E-02     0.160925E-02     0.191028E-02
  0.191651E-02     0.126342E-02     0.164708E-02     0.197495E-02     0.168660E-02
  0.177677E-02     0.158040E-02     0.155577E-02     0.168636E-02     0.189328E-02
  0.143048E-02     0.106217E-02     0.213105E-02     0.161919E-02     0.184584E-02
  0.140975E-02     0.140015E-02     0.143357E-02     0.148777E-02     0.130709E-02
  0.125457E-02     0.151639E-02     0.131579E-02     0.113068E-02     0.964305E-03
  0.154882E-02     0.176406E-02     0.179600E-02     0.162949E-02     0.147501E-02
  0.211947E-02     0.125400E-02     0.163780E-02     0.191376E-02     0.200168E-02
  0.215019E-02     0.194200E-02     0.147953E-02     0.141214E-02     0.151890E-02
  0.149880E-02     0.157064E-02     0.155253E-02     0.148336E-02     0.145853E-02
  0.188331E-02     0.158349E-02     0.187672E-02     0.240396E-02     0.216542E-02
  0.233432E-02     0.168450E-02     0.198277E-02     0.197404E-02     0.246225E-02
  0.185566E-02     0.180369E-02     0.184980E-02     0.120236E-02     0.144301E-02
  0.135462E-02     0.205297E-02     0.152583E-02     0.161533E-02     0.210579E-02
  0.148805E-02     0.230855E-02     0.251411E-02     0.323603E-02     0.230933E-02
  0.212935E-02     0.257997E-02     0.211748E-02     0.224454E-02     0.309472E-02
  0.251949E-02     0.256121E-02     0.205200E-02     0.247065E-02     0.248630E-02
  0.260293E-02     0.292041E-02     0.182902E-02     0.455257E-02     0.230388E-02
  0.267576E-02     0.283391E-02     0.236742E-02     0.231096E-02     0.287453E-02
  0.253622E-02     0.274341E-02     0.307446E-02     0.245505E-02     0.301181E-02
  0.302048E-02     0.277044E-02     0.227034E-02     0.239939E-02     0.259108E-02
  0.265594E-02     0.351931E-02     0.182736E-02     0.264267E-02     0.265234E-02
  0.260453E-02     0.350590E-02     0.376834E-02     0.231679E-02     0.237948E-02
  0.203405E-02     0.228173E-02     0.215482E-02     0.288903E-02     0.258233E-02
  0.255922E-02     0.307052E-02     0.188546E-02     0.210549E-02     0.256990E-02
  0.278503E-02     0.195128E-02     0.169291E-02     0.287536E-02     0.311278E-02
  0.262070E-02     0.232572E-02     0.294419E-02     0.311684E-02     0.333394E-02
  0.354113E-02     0.191528E-02     0.217213E-02     0.201005E-02     0.243011E-02
  0.206886E-02     0.241410E-02     0.329433E-02     0.307140E-02     0.322044E-02
  0.352611E-02     0.413680E-02     0.311022E-02     0.355608E-02     0.223558E-02
  0.260990E-02     0.322958E-02     0.287040E-02     0.280018E-02     0.265739E-02
  0.311756E-02     0.298349E-02     0.272149E-02     0.265747E-02     0.260660E-02
  0.281235E-02     0.240525E-02     0.266368E-02     0.276082E-02     0.282166E-02
  0.300256E-02     0.285920E-02     0.278703E-02     0.335307E-02     0.240910E-02
  0.268975E-02     0.236545E-02     0.238984E-02     0.214040E-02     0.282001E-02
  0.291018E-02     0.241220E-02     0.305591E-02     0.290158E-02     0.325734E-02
  0.328732E-02     0.300576E-02     0.337958E-02     0.273398E-02     0.279534E-02
  0.275245E-02     0.314912E-02     0.315396E-02     0.307641E-02     0.294512E-02
  0.273358E-02     0.295972E-02     0.286107E-02     0.338428E-02     0.448166E-02
  0.240349E-02     0.260367E-02     0.296879E-02     0.246918E-02     0.291725E-02
  0.426173E-02     0.347224E-02     0.426449E-02     0.279185E-02     0.298314E-02
  0.285316E-02     0.315612E-02     0.267661E-02     0.327146E-02     0.211149E-02
  0.254520E-02     0.307928E-02     0.298317E-02     0.326725E-02     0.344976E-02
  0.336531E-02     0.312136E-02     0.293367E-02     0.294267E-02     0.240337E-02
  0.291360E-02     0.240437E-02     0.185169E-02     0.228003E-02     0.261004E-02
  0.273103E-02     0.205479E-02     0.355495E-02     0.328054E-02     0.326913E-02
  0.309798E-02     0.348821E-02     0.314230E-02     0.343199E-02     0.352014E-02
  0.323038E-02     0.324157E-02     0.364460E-02     0.288012E-02     0.224730E-02
  0.276201E-02     0.285536E-02     0.295520E-02     0.295064E-02     0.269808E-02
  0.286979E-02     0.292470E-02     0.302290E-02     0.253076E-02     0.272299E-02
  0.296475E-02     0.274182E-02     0.280520E-02     0.298831E-02     0.286168E-02
  0.263866E-02     0.244519E-02     0.274374E-02     0.296565E-02     0.222294E-02
  0.236062E-02     0.257603E-02     0.287634E-02     0.242358E-02     0.281241E-02
  0.314426E-02     0.221274E-02     0.238491E-02     0.293748E-02     0.315215E-02
  0.305708E-02     0.247878E-02     0.274345E-02     0.272789E-02     0.250268E-02
  0.324585E-02     0.369333E-02     0.320311E-02     0.345400E-02     0.271365E-02
  0.235929E-02     0.306481E-02     0.388876E-02     0.211341E-02     0.286042E-02
  0.259213E-02     0.264851E-02     0.266761E-02     0.292257E-02     0.337830E-02
  0.358297E-02     0.294794E-02     0.338099E-02     0.316816E-02     0.267061E-02
  0.299879E-02     0.241988E-02     0.356889E-02     0.326961E-02     0.304416E-02
  0.339746E-02     0.359797E-02     0.292562E-02     0.254238E-02     0.410081E-02
  0.275207E-02     0.245743E-02     0.419503E-02     0.251735E-02     0.225108E-02
  0.251128E-02     0.206710E-02     0.221209E-02     0.245478E-02     0.219218E-02
  0.244782E-02     0.264158E-02     0.254840E-02     0.241054E-02     0.266835E-02
  0.244527E-02     0.228936E-02     0.177948E-02     0.249732E-02     0.244183E-02
  0.221764E-02     0.277953E-02     0.230271E-02     0.227681E-02     0.347918E-02
  0.327800E-02     0.246314E-02     0.243385E-02     0.258613E-02     0.233330E-02
  0.265233E-02     0.266233E-02     0.246857E-02     0.227994E-02     0.272099E-02
  0.247271E-02     0.270400E-02     0.254106E-02     0.272768E-02     0.335380E-02
  0.257657E-02     0.283291E-02     0.291840E-02     0.251373E-02     0.239934E-02
  0.265152E-02     0.256523E-02     0.254010E-02     0.281988E-02     0.215474E-02
  0.236834E-02     0.271130E-02     0.231872E-02     0.254327E-02     0.279436E-02
  0.270730E-02     0.251673E-02     0.332706E-02     0.286200E-02     0.269301E-02
  0.277171E-02     0.297998E-02     0.262297E-02     0.247672E-02     0.288706E-02
  0.295073E-02     0.256143E-02     0.254206E-02     0.252181E-02     0.242809E-02
  0.313156E-02     0.254928E-02     0.251194E-02     0.283440E-02     0.249197E-02
  0.300107E-02     0.283600E-02     0.269771E-02     0.274861E-02     0.271203E-02
  0.294193E-02     0.288842E-02     0.257471E-02     0.278988E-02     0.265153E-02
  0.260494E-02     0.275386E-02     0.300411E-02     0.315116E-02     0.306250E-02
  0.230924E-02     0.284377E-02     0.300044E-02     0.299311E-02     0.293308E-02
  0.280694E-02     0.319489E-02     0.255666E-02     0.314867E-02     0.307318E-02
  0.287509E-02     0.297102E-02     0.289754E-02     0.290405E-02     0.286813E-02
  0.278514E-02     0.326401E-02     0.309767E-02     0.291160E-02     0.300351E-02
  0.338018E-02     0.309806E-02     0.430836E-02     0.332625E-02     0.236604E-02
  0.298352E-02     0.323092E-02     0.307683E-02     0.324702E-02     0.323137E-02
  0.272791E-02     0.428397E-02     0.367038E-02     0.302261E-02     0.308784E-02
  0.290800E-02     0.318835E-02     0.305562E-02     0.336833E-02     0.392343E-02
  0.345466E-02     0.316475E-02     0.380807E-02     0.289637E-02     0.294526E-02
  0.313265E-02     0.390753E-02     0.321925E-02     0.334878E-02     0.323622E-02
  0.271634E-02     0.336681E-02     0.367933E-02     0.342159E-02     0.291714E-02
  0.311008E-02     0.347693E-02     0.292561E-02     0.309872E-02     0.305929E-02
  0.357507E-02     0.332404E-02     0.311847E-02     0.329965E-02     0.374247E-02
  0.323250E-02     0.392353E-02     0.355809E-02     0.339750E-02     0.338595E-02
  0.348546E-02     0.351164E-02     0.300037E-02     0.366247E-02     0.301318E-02
  0.225137E-02     0.324753E-02     0.361076E-02     0.348842E-02     0.341851E-02
  0.293654E-02     0.326963E-02     0.335107E-02     0.388607E-02     0.298147E-02
  0.368892E-02     0.290193E-02     0.308989E-02     0.312264E-02     0.319851E-02
  0.347393E-02     0.325820E-02     0.328329E-02     0.328611E-02     0.315671E-02
  0.332059E-02     0.336082E-02     0.341669E-02     0.336789E-02     0.359348E-02
  0.371817E-02     0.328588E-02     0.357198E-02     0.327448E-02     0.402073E-02
  0.362833E-02     0.332165E-02     0.331846E-02     0.319034E-02     0.290720E-02
  0.334714E-02     0.353162E-02     0.342489E-02     0.337703E-02     0.245269E-02
  0.364146E-02     0.315111E-02     0.310632E-02     0.352800E-02     0.344960E-02
  0.303018E-02     0.335054E-02     0.394263E-02     0.313532E-02     0.332487E-02
  0.326786E-02     0.405742E-02     0.350662E-02     0.366633E-02     0.304612E-02
  0.347042E-02     0.370911E-02     0.350428E-02     0.297263E-02     0.372602E-02
  0.407402E-02     0.332775E-02     0.378052E-02     0.369400E-02     0.333556E-02
  0.343113E-02     0.362309E-02     0.336421E-02     0.352665E-02     0.351182E-02
  0.385242E-02     0.354539E-02     0.325679E-02     0.378069E-02     0.338289E-02
  0.323435E-02     0.349260E-02     0.358484E-02     0.313001E-02     0.366658E-02
  0.330073E-02     0.346877E-02     0.319494E-02     0.332335E-02     0.434057E-02
  0.410672E-02     0.392266E-02     0.331488E-02     0.362271E-02     0.348930E-02
  0.356937E-02     0.330297E-02     0.406174E-02     0.368293E-02     0.356522E-02
  0.327859E-02     0.342094E-02     0.381274E-02     0.398649E-02     0.309227E-02
  0.284692E-02     0.369299E-02     0.404388E-02     0.402411E-02     0.389849E-02
  0.216285E-02     0.364442E-02     0.335382E-02     0.387907E-02     0.355900E-02
  0.367376E-02     0.349571E-02     0.391121E-02     0.347631E-02     0.340900E-02
  0.400785E-02     0.387739E-02     0.343342E-02     0.357548E-02     0.355829E-02
  0.342063E-02     0.316674E-02     0.358765E-02     0.367120E-02     0.411678E-02
  0.317986E-02     0.376646E-02     0.372826E-02     0.332923E-02     0.349240E-02
  0.322945E-02     0.493853E-02     0.380427E-02     0.444996E-02     0.315759E-02
  0.295469E-02     0.368374E-02     0.359249E-02     0.273402E-02     0.326612E-02
  0.364368E-02     0.375630E-02     0.315152E-02     0.368493E-02     0.271559E-02
  0.300674E-02     0.392594E-02     0.375270E-02     0.392810E-02     0.381716E-02
  0.414807E-02     0.614089E-02     0.438339E-02     0.406106E-02     0.335363E-02
  0.430838E-02     0.524981E-02     0.530173E-02     0.413208E-02     0.396753E-02
  0.412118E-02     0.528972E-02     0.519120E-02     0.511271E-02     0.487750E-02
  0.441126E-02     0.490852E-02     0.540259E-02     0.370402E-02     0.456769E-02
  0.458742E-02     0.326272E-02     0.369670E-02     0.381409E-02     0.376470E-02
  0.328796E-02     0.342884E-02     0.513451E-02     0.444418E-02     0.503196E-02
  0.645156E-02     0.488589E-02     0.346037E-02     0.457433E-02     0.489170E-02
  0.440900E-02     0.535477E-02     0.518962E-02     0.559272E-02     0.618093E-02
  0.392878E-02     0.389133E-02     0.465075E-02     0.493277E-02     0.598892E-02
  0.534512E-02     0.569348E-02     0.341464E-02     0.491089E-02     0.473108E-02
  0.467312E-02     0.351353E-02     0.489776E-02     0.428092E-02     0.626630E-02
  0.568783E-02     0.420619E-02     0.592639E-02     0.425434E-02     0.419834E-02
  0.467518E-02     0.414074E-02     0.461980E-02     0.667384E-02     0.522763E-02
  0.400467E-02     0.515441E-02     0.568748E-02     0.319623E-02     0.351281E-02
  0.275374E-02     0.588717E-02     0.416775E-02     0.457100E-02     0.434778E-02
  0.392656E-02     0.309115E-02     0.396372E-02     0.320807E-02     0.390405E-02
  0.280027E-02     0.413391E-02     0.357384E-02     0.463597E-02     0.426528E-02
  0.353991E-02     0.343701E-02     0.375940E-02     0.446580E-02     0.400316E-02
  0.360736E-02     0.404850E-02     0.624190E-02     0.392932E-02     0.333295E-02
  0.501587E-02     0.471602E-02     0.418970E-02     0.454881E-02     0.562062E-02
  0.299022E-02     0.416655E-02     0.552030E-02     0.447614E-02     0.767637E-02
  0.549401E-02     0.409802E-02     0.324605E-02     0.356549E-02     0.458616E-02
  0.386210E-02     0.398731E-02     0.477842E-02     0.422525E-02     0.350191E-02
  0.279828E-01     0.167713E-01     0.229495E-01     0.231364E-01     0.195222E-01
  0.203933E-01     0.220159E-01     0.209257E-01     0.170760E-01     0.482122E-01
  0.231531E-01     0.398240E-01     0.437507E-01     0.524351E-01     0.444467E-01
  0.364058E-01     0.416564E-01     0.107165E+00     0.919639E-01     0.642118E-01
  0.921392E-01     0.109379E+00     0.106170E+00     0.114597E+00     0.114246E+00
  0.927299E-01     0.172453E+00     0.142271E+00     0.201966E+00     0.170331E+00
  0.158134E+00     0.205396E+00     0.168281E+00     0.176756E+00     0.195511E+00
  0.208534E+00     0.207203E+00     0.210529E+00     0.286093E+00     0.202770E+00
  0.207281E+00     0.222195E+00     0.296436E+00     0.264412E+00     0.272724E+00
  0.259549E+00     0.318330E+00     0.341365E+00     0.330586E+00     0.311736E+00
  0.340070E+00     0.418165E+00     0.298495E+00     0.418481E+00     0.417314E+00
  0.555093E+00     0.553377E+00     0.690870E+00
 eigen energies, in ev
    -44.643369       -44.333743       -44.308307       -44.168022       -43.883502
    -28.389274       -28.153017       -28.144219       -28.109380       -28.072427
    -28.063845       -28.025961       -27.934609       -27.926846       -27.871932
    -27.857541       -27.848681       -27.820476       -27.758918       -27.756350
    -27.733582       -27.702931       -27.675181       -27.645155       -27.606463
    -27.586327       -27.560671       -27.556926       -27.510323       -27.498469
    -27.488531       -27.462025       -27.430569       -27.424590       -27.389528
    -27.367898       -27.363422       -27.346206       -27.312761       -27.289520
    -27.260587       -27.214937       -27.213136       -27.190124       -27.175419
    -27.121125       -27.115156       -27.082939       -27.053262       -26.992520
    -26.985230       -26.944382       -26.922922       -26.899116       -26.857766
    -26.849147       -26.844661       -26.841014       -26.779588       -26.774509
    -26.712979       -26.700952       -26.666538       -26.614553       -26.601451
    -26.483912       -26.476262       -26.472860       -26.436835       -26.435332
    -26.399524       -26.392822       -26.378043       -26.372075       -26.338980
    -26.299109       -26.250777       -26.244413       -26.238383       -26.193138
    -26.175428       -26.140675       -26.070463       -26.064544       -26.062284
    -26.041672       -26.029473       -25.948680       -25.923391       -25.921876
    -25.904546       -25.847471       -25.818879       -25.810124       -25.805255
    -25.733927       -25.713787       -25.688565       -25.681138       -25.669202
    -25.642919       -25.625465       -25.615946       -25.608078       -25.571662
    -25.548747       -25.539964       -25.494676       -25.479465       -25.463745
    -25.422677       -25.414701       -25.410677       -25.378286       -25.373181
    -25.365162       -25.360505       -25.325745       -25.316266       -25.295789
    -25.279790       -25.229182       -25.182384       -25.166009       -25.152228
    -25.135089       -25.127114       -25.099430       -25.064644       -24.969033
    -24.948437       -24.913346       -24.910117       -24.837293       -24.555821
    -24.148815       -24.004724       -23.930597       -23.695629       -23.668991
    -23.661772       -23.637308       -23.603478       -23.582747       -23.559926
    -23.538898       -23.537497       -23.417905       -23.403529       -23.357657
    -23.342449       -23.288855       -23.215870       -23.164044       -23.157745
    -23.155306       -23.144318       -23.141697       -23.095613       -23.035591
    -23.029809       -23.020514       -22.995721       -22.966633       -22.937041
    -22.921922       -22.837475       -22.649796       -22.602842       -22.405326
    -21.989738       -21.670805       -21.560804       -21.555768       -21.545660
    -21.420360       -21.394388       -21.307543       -21.278284       -21.264017
    -21.243088       -21.206459       -21.205210       -21.169903       -21.093135
    -21.082127       -21.034907       -20.922429       -20.918561       -20.749856
    -18.901193       -18.625742       -18.579466       -18.390290       -18.345910
    -16.244198       -16.158303       -16.087711       -16.033555       -16.005801
    -15.967762       -15.962526       -15.902450       -15.890571       -15.810920
    -15.779077       -15.746892       -15.573438       -15.501633       -15.215140
    -15.093393       -15.046432       -14.977882       -14.935956       -14.913479
    -14.829840       -14.814969       -14.813174       -14.754692       -14.745831
    -14.663583       -14.659463       -14.656959       -14.540830       -14.518839
    -14.478760       -14.463501       -14.438070       -14.422258       -14.310214
    -14.283313       -14.194476       -14.187884       -14.166113       -14.089481
    -13.942607       -13.872861       -13.743044       -13.680853       -13.623188
    -13.602217       -13.542586       -13.538305       -13.492434       -13.479877
    -13.462405       -13.421721       -13.411011       -13.385578       -13.354783
    -13.328011       -13.326408       -13.270220       -13.251803       -13.191112
    -13.178289       -13.162226       -13.131998       -13.106989       -13.072240
    -12.936073       -12.920120       -12.902960       -12.830678       -12.777922
    -12.260421       -12.129090       -12.127386       -12.058386       -12.057918
    -11.991795       -11.987659       -11.897716       -11.854749       -11.784910
    -11.760293       -11.755244       -11.741328       -11.652191       -11.587604
    -11.580167       -11.541506       -11.536652       -11.513746       -11.506063
    -11.466746       -11.437133       -11.433393       -11.345732       -11.264500
    -11.213129       -11.203436       -11.194698       -11.183760       -11.135411
    -11.103800       -11.088531       -11.080728       -10.997131       -10.990268
    -10.943460       -10.915466       -10.899293       -10.875917       -10.769769
    -10.748005       -10.728994       -10.686872       -10.663799       -10.610701
    -10.588165       -10.545463       -10.475166       -10.465666       -10.447999
    -10.434490       -10.421272       -10.407135       -10.357605       -10.354497
    -10.330484       -10.322686       -10.321518       -10.265919       -10.247533
    -10.241567       -10.232717       -10.229076       -10.211462       -10.197003
    -10.178947       -10.174030       -10.165644       -10.145246       -10.130488
    -10.120293       -10.082713       -10.068994       -10.061727       -10.059274
    -10.055005       -10.029028       -10.007934        -9.993992        -9.991078
     -9.977026        -9.974278        -9.952969        -9.923737        -9.915601
     -9.910144        -9.896827        -9.881625        -9.875081        -9.861480
     -9.851818        -9.836361        -9.825661        -9.812977        -9.806424
     -9.792472        -9.789649        -9.760998        -9.756994        -9.741165
     -9.730535        -9.720309        -9.708683        -9.701671        -9.695248
     -9.692211        -9.681632        -9.639283        -9.631402        -9.620150
     -9.615151        -9.592452        -9.589277        -9.568494        -9.567506
     -9.557511        -9.540413        -9.528396        -9.516341        -9.500042
     -9.469901        -9.462091        -9.456169        -9.427248        -9.414446
     -9.387729        -9.360582        -9.357488        -9.348966        -9.339805
     -9.320424        -9.316022        -9.306993        -9.302074        -9.301518
     -9.275340        -9.270880        -9.260439        -9.248399        -9.221820
     -9.217010        -9.175778        -9.171250        -9.156087        -9.143942
     -9.122794        -9.115464        -9.106579        -9.096650        -9.075370
     -9.068729        -9.032762        -9.019481        -9.016733        -9.010542
     -9.002417        -8.990453        -8.986635        -8.970299        -8.962281
     -8.958329        -8.937968        -8.926315        -8.912439        -8.905629
     -8.883128        -8.875188        -8.835717        -8.818621        -8.807229
     -8.796778        -8.788938        -8.780040        -8.758474        -8.743411
     -8.737350        -8.735616        -8.717065        -8.711673        -8.699533
     -8.698978        -8.673281        -8.660635        -8.650703        -8.638932
     -8.629341        -8.616669        -8.606106        -8.593131        -8.591390
     -8.561513        -8.530878        -8.525243        -8.502559        -8.473537
     -8.441559        -8.430139        -8.417431        -8.392642        -8.374337
     -8.361025        -8.353852        -8.331349        -8.310918        -8.300824
     -8.267641        -8.246960        -8.218318        -8.204128        -8.189820
     -8.183677        -8.155848        -8.133169        -8.123054        -8.106433
     -8.088366        -8.052187        -8.047335        -8.018083        -8.008973
     -7.982396        -7.974309        -7.965714        -7.955185        -7.938345
     -7.917920        -7.913283        -7.898273        -7.877365        -7.862304
     -7.847496        -7.829783        -7.801403        -7.789640        -7.776371
     -7.757115        -7.748291        -7.697199        -7.633250        -7.609406
     -7.597687        -7.570218        -7.562552        -7.519522        -7.510385
     -7.500483        -7.474034        -7.463396        -7.456630        -7.438955
     -7.425852        -7.366407        -7.355902        -7.315183        -7.303196
     -7.287066        -7.271979        -7.254731        -7.231735        -7.173203
     -7.171911        -7.163834        -7.156257        -7.151602        -7.119932
     -7.106558        -7.098736        -7.046832        -6.988727        -6.983126
     -6.971450        -6.962013        -6.947010        -6.940847        -6.928103
     -6.914167        -6.891990        -6.877109        -6.858279        -6.793078
     -6.769936        -6.748586        -6.742516        -6.719295        -6.709198
     -6.708724        -6.697793        -6.685110        -6.662492        -6.637747
     -6.628160        -6.614385        -6.593314        -6.578915        -6.558170
     -6.546468        -6.532421        -6.505513        -6.499331        -6.487377
     -6.454390        -6.444558        -6.429549        -6.419595        -6.413692
     -6.397374        -6.388298        -6.378803        -6.373454        -6.371882
     -6.363254        -6.355228        -6.348019        -6.335235        -6.326063
     -6.318473        -6.314107        -6.306748        -6.289239        -6.279087
     -6.274137        -6.265042        -6.257633        -6.255657        -6.245929
     -6.239047        -6.228013        -6.217360        -6.209304        -6.193344
     -6.191003        -6.159934        -6.139472        -6.134886        -6.123288
     -6.122751        -6.114049        -6.105125        -6.087887        -6.084579
     -6.078490        -6.074667        -6.061300        -6.051338        -6.040807
     -6.040463        -6.025111        -6.018399        -6.013985        -6.011137
     -6.008081        -5.991050        -5.986148        -5.976636        -5.971499
     -5.961625        -5.951366        -5.942470        -5.940358        -5.937252
     -5.928652        -5.920917        -5.907098        -5.871997        -5.861643
     -5.857027        -5.852422        -5.847681        -5.828816        -5.821700
     -5.816519        -5.809086        -5.795089        -5.792509        -5.780909
     -5.775155        -5.773589        -5.767886        -5.757824        -5.754695
     -5.749724        -5.743565        -5.739014        -5.737697        -5.718798
     -5.714976        -5.704590        -5.696508        -5.689708        -5.681159
     -5.669830        -5.667595        -5.655884        -5.642887        -5.632871
     -5.616744        -5.606042        -5.593831        -5.584857        -5.579073
     -5.577896        -5.569343        -5.563495        -5.548259        -5.539457
     -5.538004        -5.526166        -5.519820        -5.515562        -5.500206
     -5.497921        -5.490535        -5.483472        -5.476173        -5.468132
     -5.466331        -5.461674        -5.454489        -5.442579        -5.440689
     -5.431335        -5.429956        -5.426073        -5.418241        -5.410685
     -5.404542        -5.399775        -5.390129        -5.386071        -5.384137
     -5.372793        -5.370227        -5.368448        -5.359045        -5.353828
     -5.345075        -5.339991        -5.336328        -5.325124        -5.314116
     -5.311803        -5.305012        -5.299422        -5.290538        -5.277088
     -5.275113        -5.271349        -5.261364        -5.251110        -5.247970
     -5.240039        -5.233584        -5.221742        -5.208961        -5.207671
     -5.191373        -5.189762        -5.180952        -5.174488        -5.168851
     -5.168343        -5.163757        -5.153833        -5.137627        -5.134217
     -5.131268        -5.126911        -5.122618        -5.117954        -5.114065
     -5.107378        -5.103298        -5.090892        -5.089209        -5.082364
     -5.077243        -5.074156        -5.064654        -5.062574        -5.059363
     -5.057175        -5.052895        -5.047173        -5.043857        -5.032333
     -5.027606        -5.025164        -5.021582        -5.010755        -5.003962
     -4.998647        -4.977649        -4.974024        -4.966503        -4.959212
     -4.957043        -4.952485        -4.944079        -4.934288        -4.926444
     -4.921129        -4.917850        -4.909436        -4.907550        -4.899712
     -4.894356        -4.889835        -4.882108        -4.874462        -4.861032
     -4.859268        -4.853705        -4.847969        -4.843098        -4.828996
     -4.826993        -4.817306        -4.812350        -4.805424        -4.801063
     -4.798011        -4.792761        -4.786752        -4.779057        -4.776985
     -4.769774        -4.767774        -4.755046        -4.748560        -4.744749
     -4.732544        -4.726558        -4.720689        -4.718465        -4.711457
     -4.708350        -4.704060        -4.692727        -4.679730        -4.672840
     -4.665435        -4.660197        -4.655544        -4.650240        -4.643531
     -4.621943        -4.615902        -4.610827        -4.599058        -4.586429
     -4.580208        -4.577217        -4.570931        -4.566714        -4.562392
     -4.553272        -4.542985        -4.540796        -4.534910        -4.517625
     -4.512356        -4.505901        -4.499956        -4.494746        -4.469938
     -4.458618        -4.449832        -4.440169        -4.426671        -4.421996
     -4.413740        -4.404268        -4.396281        -4.395299        -4.379477
     -4.378405        -4.356754        -4.340223        -4.331227        -4.310239
     -4.304536        -4.282809        -4.278823        -4.271546        -4.245103
     -4.234456        -4.230701        -4.202224        -4.189638        -4.186623
     -4.146505        -4.130705        -4.114241        -4.097192        -4.089541
     -4.073986        -4.058924        -4.035246        -4.019204        -4.005487
     -3.995648        -3.990106        -3.978770        -3.952052        -3.930715
     -3.922683        -3.870251        -3.861331        -3.850285        -3.844101
     -3.826206        -3.820425        -3.806084        -3.802082        -3.771562
     -3.742865        -3.737922        -3.732100        -3.724621        -3.714354
     -3.709186        -3.649259        -3.637258        -3.632025        -3.623433
     -3.613786        -3.611118        -3.605482        -3.585972        -3.573431
     -3.551466        -3.535985        -3.513664        -3.510669        -3.503795
     -3.494420        -3.486899        -3.449387        -3.435816        -3.426888
     -3.404141        -3.401944        -3.399610        -3.392774        -3.376645
     -3.365929        -3.353752        -3.349604        -3.339897        -3.333539
     -3.314705        -3.308388        -3.292652        -3.252169        -3.250489
     -3.236110        -3.197725        -3.181086        -3.158228        -3.144333
     -3.135729        -3.134385        -3.088972        -3.072718        -3.067909
     -3.062296        -3.049274        -3.030956        -3.009865        -2.983636
     -2.951318        -2.918895        -2.916263        -2.892011        -2.879887
     -2.842131        -2.789154        -2.770749        -2.763956        -2.749940
     -2.740655        -2.718911        -2.676402        -2.649377        -2.625846
     -2.569269        -2.543076        -2.508098        -2.503218        -2.478729
     -2.458618        -2.449985        -2.443153        -2.439879        -2.386837
     -2.353971        -2.300830        -2.286415        -2.252164        -2.249074
     -2.245997        -2.238422        -2.211485        -2.046382        -1.910226
      2.485439         2.728692         2.791053         2.812869         2.844987
      2.862165         2.880768         2.890812         2.968022         3.052535
      3.080854         3.192467         3.286172         3.294082         3.304761
      3.353719         3.398375         3.427593         3.460595         3.507625
      3.528062         3.540180         3.571424         3.615900         3.619507
      3.635994         3.670725         3.718630         3.725433         3.764138
      3.785598         3.803187         3.846778         3.877108         3.901080
      3.909887         3.939565         3.960803         3.983333         3.995049
      4.018103         4.039938         4.079870         4.109850         4.118641
      4.141216         4.162043         4.183752         4.199223         4.212271
      4.242324         4.271493         4.315480         4.326273         4.392660
      4.428656         4.457761         4.530932
 *********************************
 sum eigen(dbl occ, ryd)=  -1531.29823347690     
 *********************************
 Ef(eV)=   1.42896999773518     
 ***************************************************
 iter=          17
 ---------------------------------------------------
 dvE, dvE(n)-dvE(n-1) = 0.1276E-04 -.3290E-05
 dv_ave, drho_tot     = 0.3573E-02 0.1083E-02
 err of ug            = 0.2011E-03
 ---------------------------------------------------
 Ewald        = -.42716155442192E+05
 Alpha        = 0.15207970391171E+04
 E_extV       = 0.00000000000000E+00    0.0000E+00
 E_NSC        = -.21260866566538E+05    -.6047E+01
 E[-rho*V_Hxc]= -.12109374545594E+06    0.6076E+01
 E_Hxc        = 0.50643905649100E+05    -.6197E+01
 -TS          = -.93793522700210E-18    -.5617E-18
 E_tot(eV)    = -.13290606477645E+06    0.2859E-01
 ---------------------------------------------------
 E_ion,E_coul,E_xc =   -221517.5834351   79375.8824667  -28731.9768176
Ewald+Hart+ion    -0.1848578564106E+06
 ave(vtot)=ave_(V_xc)=: v0= -0.283452161708954     
 Eigen energies are values after setting ave_vtot=0
 ----------------------------------
 One SCF use:    85.9972290992737       s
 *********************************
 ****** kpt=           1
 err of each states, eV
  0.212475E-02     0.220218E-02     0.105948E-02     0.145192E-02     0.242869E-02
  0.863278E-03     0.682854E-03     0.880749E-03     0.107516E-02     0.687722E-03
  0.107351E-02     0.147375E-02     0.845329E-03     0.656961E-03     0.681339E-03
  0.971272E-03     0.182733E-02     0.729615E-03     0.579655E-03     0.950671E-03
  0.116260E-02     0.125870E-02     0.960161E-03     0.839714E-03     0.113444E-02
  0.742585E-03     0.644679E-03     0.945815E-03     0.102133E-02     0.773621E-03
  0.789451E-03     0.730849E-03     0.704101E-03     0.102943E-02     0.702501E-03
  0.677590E-03     0.129589E-02     0.216728E-02     0.128684E-02     0.636571E-03
  0.918395E-03     0.788932E-03     0.104039E-02     0.846892E-03     0.856726E-03
  0.797026E-03     0.654394E-03     0.541184E-03     0.202042E-02     0.606323E-03
  0.700320E-03     0.875845E-03     0.871649E-03     0.894150E-03     0.995861E-03
  0.165530E-02     0.117984E-02     0.753985E-03     0.751558E-03     0.648446E-03
  0.989701E-03     0.665830E-03     0.504954E-03     0.568979E-03     0.101822E-02
  0.553842E-03     0.640698E-03     0.966652E-03     0.719049E-03     0.141197E-02
  0.965070E-03     0.477315E-03     0.555107E-03     0.542588E-03     0.733764E-03
  0.706957E-03     0.144889E-02     0.799875E-03     0.105540E-02     0.757552E-03
  0.655194E-03     0.104937E-02     0.848222E-03     0.906422E-03     0.568802E-03
  0.959749E-03     0.104358E-02     0.584394E-03     0.738491E-03     0.217964E-02
  0.745665E-03     0.680232E-03     0.704456E-03     0.657687E-03     0.528427E-03
  0.545479E-03     0.653380E-03     0.737405E-03     0.569087E-03     0.675415E-03
  0.154602E-02     0.149768E-02     0.654551E-03     0.632128E-03     0.643134E-03
  0.498350E-03     0.786511E-03     0.651151E-03     0.789484E-03     0.772117E-03
  0.809275E-03     0.755207E-03     0.636019E-03     0.578023E-03     0.544797E-03
  0.570378E-03     0.578169E-03     0.627198E-03     0.976268E-03     0.665937E-03
  0.775736E-03     0.585302E-03     0.552115E-03     0.461923E-03     0.559812E-03
  0.462476E-03     0.725567E-03     0.541996E-03     0.960889E-03     0.541843E-03
  0.102480E-02     0.482588E-03     0.818317E-03     0.447639E-03     0.659003E-03
  0.140318E-02     0.728612E-03     0.903389E-03     0.774985E-03     0.156417E-02
  0.949093E-03     0.871741E-03     0.129872E-02     0.827369E-03     0.877094E-03
  0.944302E-03     0.109316E-02     0.108112E-02     0.118876E-02     0.798638E-03
  0.682997E-03     0.653979E-03     0.198833E-02     0.700371E-03     0.163417E-02
  0.121898E-02     0.115543E-02     0.140668E-02     0.147499E-02     0.129702E-02
  0.150944E-02     0.106547E-02     0.980410E-03     0.651921E-03     0.913884E-03
  0.892205E-03     0.698433E-03     0.876059E-03     0.837765E-03     0.979489E-03
  0.104871E-02     0.149560E-02     0.695854E-03     0.761232E-03     0.277797E-02
  0.798162E-03     0.103942E-02     0.767215E-03     0.109294E-02     0.101654E-02
  0.750734E-03     0.128839E-02     0.760766E-03     0.100220E-02     0.710047E-03
  0.216400E-02     0.830425E-03     0.905560E-03     0.167504E-02     0.427398E-02
  0.684328E-03     0.653514E-03     0.665796E-03     0.732044E-03     0.627146E-03
  0.121115E-02     0.115771E-02     0.102403E-02     0.111503E-02     0.106415E-02
  0.105020E-02     0.117052E-02     0.930005E-03     0.107708E-02     0.943793E-03
  0.767457E-03     0.103466E-02     0.103680E-02     0.799299E-03     0.832539E-03
  0.129988E-02     0.901465E-03     0.148247E-02     0.900732E-03     0.769926E-03
  0.897474E-03     0.108072E-02     0.901488E-03     0.868445E-03     0.118671E-02
  0.136799E-02     0.101648E-02     0.987727E-03     0.130771E-02     0.131731E-02
  0.109270E-02     0.100707E-02     0.946416E-03     0.838951E-03     0.978500E-03
  0.108526E-02     0.102347E-02     0.845379E-03     0.596183E-03     0.946387E-03
  0.958644E-03     0.859905E-03     0.115432E-02     0.109001E-02     0.116602E-02
  0.146625E-02     0.109836E-02     0.105217E-02     0.113613E-02     0.770746E-03
  0.824128E-03     0.108063E-02     0.813649E-03     0.110672E-02     0.112735E-02
  0.126366E-02     0.957264E-03     0.136345E-02     0.897068E-03     0.133372E-02
  0.110663E-02     0.107724E-02     0.838490E-03     0.989385E-03     0.784680E-03
  0.892665E-03     0.933799E-03     0.837507E-03     0.835344E-03     0.882719E-03
  0.140290E-02     0.115254E-02     0.130378E-02     0.970364E-03     0.120798E-02
  0.158586E-02     0.122719E-02     0.138933E-02     0.139859E-02     0.116212E-02
  0.118172E-02     0.151196E-02     0.145441E-02     0.123529E-02     0.806986E-03
  0.119464E-02     0.115192E-02     0.123392E-02     0.126412E-02     0.121686E-02
  0.109748E-02     0.102977E-02     0.134418E-02     0.220828E-02     0.165994E-02
  0.161332E-02     0.137898E-02     0.153978E-02     0.140124E-02     0.105880E-02
  0.133867E-02     0.158133E-02     0.102362E-02     0.146758E-02     0.130730E-02
  0.102042E-02     0.206058E-02     0.140269E-02     0.114485E-02     0.102008E-02
  0.130949E-02     0.131105E-02     0.154341E-02     0.189203E-02     0.122917E-02
  0.117114E-02     0.193225E-02     0.164925E-02     0.182651E-02     0.223085E-02
  0.217913E-02     0.198920E-02     0.125950E-02     0.176990E-02     0.183294E-02
  0.192479E-02     0.211297E-02     0.146683E-02     0.213273E-02     0.313812E-02
  0.233630E-02     0.141834E-02     0.167524E-02     0.204515E-02     0.227151E-02
  0.201976E-02     0.185760E-02     0.164252E-02     0.179415E-02     0.194525E-02
  0.221478E-02     0.166561E-02     0.173955E-02     0.174336E-02     0.232459E-02
  0.145245E-02     0.182625E-02     0.234169E-02     0.221175E-02     0.200305E-02
  0.180463E-02     0.252276E-02     0.187402E-02     0.157845E-02     0.221505E-02
  0.235665E-02     0.192402E-02     0.213670E-02     0.224095E-02     0.152695E-02
  0.183970E-02     0.182827E-02     0.196888E-02     0.181330E-02     0.180128E-02
  0.189556E-02     0.175827E-02     0.213950E-02     0.292828E-02     0.152329E-02
  0.131441E-02     0.204486E-02     0.189358E-02     0.159519E-02     0.147037E-02
  0.216733E-02     0.201068E-02     0.220595E-02     0.227422E-02     0.214205E-02
  0.194351E-02     0.184316E-02     0.223307E-02     0.216430E-02     0.231452E-02
  0.218379E-02     0.203778E-02     0.149783E-02     0.166528E-02     0.182833E-02
  0.176971E-02     0.190747E-02     0.173013E-02     0.171255E-02     0.164734E-02
  0.169631E-02     0.213150E-02     0.208640E-02     0.186485E-02     0.218947E-02
  0.199868E-02     0.202555E-02     0.185113E-02     0.162548E-02     0.199045E-02
  0.149628E-02     0.191881E-02     0.210909E-02     0.208040E-02     0.221224E-02
  0.186092E-02     0.190847E-02     0.159601E-02     0.132497E-02     0.174381E-02
  0.179855E-02     0.215305E-02     0.213787E-02     0.203970E-02     0.167787E-02
  0.209886E-02     0.235453E-02     0.303722E-02     0.176122E-02     0.199884E-02
  0.221453E-02     0.179242E-02     0.162925E-02     0.224078E-02     0.201308E-02
  0.168379E-02     0.170763E-02     0.220966E-02     0.284273E-02     0.193688E-02
  0.151903E-02     0.188301E-02     0.198312E-02     0.295970E-02     0.208621E-02
  0.208316E-02     0.237903E-02     0.198612E-02     0.248549E-02     0.279041E-02
  0.166820E-02     0.158669E-02     0.279213E-02     0.238409E-02     0.236784E-02
  0.213091E-02     0.240839E-02     0.207787E-02     0.192835E-02     0.207620E-02
  0.188622E-02     0.223612E-02     0.217550E-02     0.207643E-02     0.196749E-02
  0.149158E-02     0.150663E-02     0.171927E-02     0.172242E-02     0.179917E-02
  0.174425E-02     0.203490E-02     0.166222E-02     0.173564E-02     0.207493E-02
  0.217692E-02     0.157924E-02     0.211198E-02     0.186110E-02     0.278885E-02
  0.262634E-02     0.165420E-02     0.180187E-02     0.176981E-02     0.218494E-02
  0.180639E-02     0.194208E-02     0.194643E-02     0.162445E-02     0.172702E-02
  0.178012E-02     0.190257E-02     0.185906E-02     0.165142E-02     0.196914E-02
  0.179712E-02     0.183542E-02     0.197533E-02     0.209402E-02     0.210821E-02
  0.176784E-02     0.165879E-02     0.176782E-02     0.168187E-02     0.179370E-02
  0.170929E-02     0.145366E-02     0.151027E-02     0.158092E-02     0.166757E-02
  0.213323E-02     0.160046E-02     0.199387E-02     0.170031E-02     0.160134E-02
  0.159319E-02     0.181964E-02     0.178825E-02     0.206115E-02     0.189147E-02
  0.250206E-02     0.193822E-02     0.202008E-02     0.228315E-02     0.179776E-02
  0.178868E-02     0.243078E-02     0.197943E-02     0.159108E-02     0.172020E-02
  0.182354E-02     0.188211E-02     0.171775E-02     0.208738E-02     0.205069E-02
  0.202897E-02     0.206115E-02     0.196923E-02     0.222081E-02     0.202285E-02
  0.182964E-02     0.236135E-02     0.146883E-02     0.247724E-02     0.166489E-02
  0.184857E-02     0.270276E-02     0.250006E-02     0.160398E-02     0.142653E-02
  0.173066E-02     0.155170E-02     0.168858E-02     0.273718E-02     0.175155E-02
  0.169382E-02     0.144237E-02     0.147196E-02     0.176193E-02     0.163025E-02
  0.153498E-02     0.172237E-02     0.152690E-02     0.161572E-02     0.138303E-02
  0.136062E-02     0.145212E-02     0.150577E-02     0.148580E-02     0.144067E-02
  0.201569E-02     0.163951E-02     0.268292E-02     0.156735E-02     0.181562E-02
  0.166115E-02     0.171941E-02     0.194105E-02     0.166797E-02     0.176837E-02
  0.161799E-02     0.152521E-02     0.156777E-02     0.169338E-02     0.180041E-02
  0.211036E-02     0.158974E-02     0.172021E-02     0.176965E-02     0.189349E-02
  0.174929E-02     0.170801E-02     0.174750E-02     0.156472E-02     0.188456E-02
  0.203054E-02     0.174242E-02     0.150730E-02     0.167892E-02     0.170582E-02
  0.168473E-02     0.165870E-02     0.154095E-02     0.181693E-02     0.177011E-02
  0.168975E-02     0.228076E-02     0.194724E-02     0.189280E-02     0.178938E-02
  0.211594E-02     0.197962E-02     0.170397E-02     0.189787E-02     0.182883E-02
  0.214938E-02     0.175036E-02     0.179429E-02     0.188027E-02     0.199714E-02
  0.210681E-02     0.206080E-02     0.206197E-02     0.180669E-02     0.198662E-02
  0.183130E-02     0.226686E-02     0.174683E-02     0.185668E-02     0.190772E-02
  0.170157E-02     0.185210E-02     0.177129E-02     0.173470E-02     0.181411E-02
  0.193561E-02     0.194460E-02     0.196147E-02     0.200485E-02     0.191247E-02
  0.190087E-02     0.188938E-02     0.193827E-02     0.174055E-02     0.197693E-02
  0.190795E-02     0.191414E-02     0.193832E-02     0.207450E-02     0.195044E-02
  0.182547E-02     0.193471E-02     0.189371E-02     0.191098E-02     0.196384E-02
  0.199853E-02     0.196360E-02     0.178155E-02     0.169494E-02     0.254906E-02
  0.181807E-02     0.218359E-02     0.219381E-02     0.199578E-02     0.202760E-02
  0.175685E-02     0.184148E-02     0.202112E-02     0.207724E-02     0.196020E-02
  0.245256E-02     0.227753E-02     0.208318E-02     0.178485E-02     0.169723E-02
  0.213802E-02     0.168813E-02     0.206519E-02     0.207475E-02     0.195112E-02
  0.199774E-02     0.210518E-02     0.207585E-02     0.213928E-02     0.246117E-02
  0.181477E-02     0.222937E-02     0.207674E-02     0.206040E-02     0.228540E-02
  0.212901E-02     0.193373E-02     0.210973E-02     0.221404E-02     0.212997E-02
  0.211670E-02     0.192294E-02     0.190919E-02     0.214907E-02     0.229427E-02
  0.213459E-02     0.201536E-02     0.213419E-02     0.209517E-02     0.189875E-02
  0.232499E-02     0.187795E-02     0.219638E-02     0.224702E-02     0.254419E-02
  0.246268E-02     0.232252E-02     0.233050E-02     0.222982E-02     0.224973E-02
  0.233556E-02     0.239622E-02     0.182085E-02     0.195369E-02     0.220197E-02
  0.204955E-02     0.212203E-02     0.196709E-02     0.210012E-02     0.236403E-02
  0.218337E-02     0.186791E-02     0.190686E-02     0.205463E-02     0.205751E-02
  0.230725E-02     0.216274E-02     0.198982E-02     0.232095E-02     0.210174E-02
  0.250874E-02     0.214051E-02     0.237456E-02     0.234006E-02     0.254919E-02
  0.209203E-02     0.228992E-02     0.218781E-02     0.205582E-02     0.221329E-02
  0.223338E-02     0.193747E-02     0.203453E-02     0.218897E-02     0.202506E-02
  0.217195E-02     0.196306E-02     0.227073E-02     0.223558E-02     0.212996E-02
  0.228596E-02     0.223726E-02     0.246242E-02     0.288505E-02     0.186090E-02
  0.212289E-02     0.234558E-02     0.201273E-02     0.216607E-02     0.279346E-02
  0.257292E-02     0.228473E-02     0.212183E-02     0.242223E-02     0.238392E-02
  0.259696E-02     0.193935E-02     0.197910E-02     0.234812E-02     0.250337E-02
  0.226214E-02     0.252435E-02     0.225356E-02     0.230123E-02     0.247150E-02
  0.222639E-02     0.315533E-02     0.225110E-02     0.220572E-02     0.197262E-02
  0.234173E-02     0.210951E-02     0.233003E-02     0.200177E-02     0.199485E-02
  0.249574E-02     0.285934E-02     0.226652E-02     0.242006E-02     0.242135E-02
  0.227161E-02     0.234369E-02     0.240980E-02     0.232896E-02     0.238864E-02
  0.244475E-02     0.234320E-02     0.236883E-02     0.230168E-02     0.228395E-02
  0.232874E-02     0.200207E-02     0.234109E-02     0.217663E-02     0.203051E-02
  0.217932E-02     0.215085E-02     0.230085E-02     0.266414E-02     0.231897E-02
  0.170376E-02     0.244054E-02     0.264089E-02     0.245634E-02     0.259205E-02
  0.252962E-02     0.223905E-02     0.226111E-02     0.235023E-02     0.227474E-02
  0.222951E-02     0.202825E-02     0.227779E-02     0.209671E-02     0.213910E-02
  0.223925E-02     0.249954E-02     0.226884E-02     0.220307E-02     0.226900E-02
  0.270168E-02     0.284405E-02     0.202873E-02     0.256315E-02     0.223531E-02
  0.205816E-02     0.246296E-02     0.280930E-02     0.240571E-02     0.291780E-02
  0.236121E-02     0.226447E-02     0.254054E-02     0.265968E-02     0.259552E-02
  0.247201E-02     0.240515E-02     0.328096E-02     0.235945E-02     0.240245E-02
  0.206605E-02     0.202761E-02     0.179477E-02     0.194417E-02     0.234163E-02
  0.255184E-02     0.256258E-02     0.248311E-02     0.241267E-02     0.259442E-02
  0.304986E-02     0.314817E-02     0.351524E-02     0.257999E-02     0.278094E-02
  0.249569E-02     0.285829E-02     0.282473E-02     0.288769E-02     0.277137E-02
  0.289158E-02     0.305558E-02     0.290892E-02     0.314489E-02     0.266465E-02
  0.270337E-02     0.197583E-02     0.283157E-02     0.334300E-02     0.243806E-02
  0.316855E-02     0.263623E-02     0.336133E-02     0.207618E-02     0.226408E-02
  0.238444E-02     0.206947E-02     0.289497E-02     0.399260E-02     0.347697E-02
  0.235591E-02     0.282614E-02     0.278183E-02     0.360368E-02     0.416869E-02
  0.411363E-02     0.310333E-02     0.306142E-02     0.244508E-02     0.343266E-02
  0.263055E-02     0.411150E-02     0.336334E-02     0.370970E-02     0.342897E-02
  0.317664E-02     0.261656E-02     0.309418E-02     0.224423E-02     0.308777E-02
  0.395498E-02     0.301883E-02     0.334335E-02     0.425527E-02     0.341445E-02
  0.305192E-02     0.441066E-02     0.293096E-02     0.209789E-02     0.231949E-02
  0.324732E-02     0.350885E-02     0.391371E-02     0.384582E-02     0.311054E-02
  0.305180E-02     0.359236E-02     0.194900E-02     0.438518E-02     0.201543E-02
  0.229316E-02     0.313450E-02     0.248740E-02     0.311281E-02     0.216835E-02
  0.300833E-02     0.209097E-02     0.203437E-02     0.222817E-02     0.293981E-02
  0.315193E-02     0.169002E-02     0.165269E-02     0.228209E-02     0.248352E-02
  0.307879E-02     0.306395E-02     0.246740E-02     0.226891E-02     0.321546E-02
  0.228655E-02     0.314502E-02     0.222908E-02     0.197173E-02     0.226098E-02
  0.238537E-02     0.352413E-02     0.164572E-02     0.148447E-02     0.200652E-02
  0.299379E-02     0.246893E-02     0.309658E-02     0.244195E-02     0.278251E-02
  0.357498E-02     0.186266E-02     0.223781E-02     0.298028E-02     0.266564E-02
  0.255610E-02     0.277825E-02     0.237018E-02     0.147856E-02     0.213862E-02
  0.157415E-01     0.969867E-02     0.110126E-01     0.132254E-01     0.106121E-01
  0.148426E-01     0.136091E-01     0.124922E-01     0.122730E-01     0.278051E-01
  0.145209E-01     0.274169E-01     0.190195E-01     0.512130E-01     0.325904E-01
  0.309142E-01     0.824856E-01     0.384953E-01     0.527711E-01     0.903969E-01
  0.862205E-01     0.493444E-01     0.687668E-01     0.762370E-01     0.116324E+00
  0.584789E-01     0.132893E+00     0.152376E+00     0.122976E+00     0.111776E+00
  0.105199E+00     0.123605E+00     0.136170E+00     0.131170E+00     0.182100E+00
  0.155203E+00     0.161571E+00     0.112048E+00     0.197219E+00     0.162010E+00
  0.250115E+00     0.145807E+00     0.274935E+00     0.165344E+00     0.163238E+00
  0.272086E+00     0.271987E+00     0.306209E+00     0.239788E+00     0.253511E+00
  0.225574E+00     0.284722E+00     0.339827E+00     0.230321E+00     0.336026E+00
  0.390256E+00     0.408903E+00     0.368188E+00
 eigen energies, in ev
    -44.605104       -44.305181       -44.288432       -44.151648       -43.902328
    -28.358833       -28.165149       -28.150071       -28.121949       -28.116037
    -28.035531       -28.026481       -27.968062       -27.935465       -27.913882
    -27.894814       -27.842564       -27.801272       -27.794115       -27.765070
    -27.737571       -27.711600       -27.694859       -27.643850       -27.639552
    -27.635805       -27.599047       -27.575166       -27.548868       -27.532158
    -27.483966       -27.481166       -27.471274       -27.395173       -27.393708
    -27.341757       -27.335968       -27.325789       -27.321253       -27.312573
    -27.297128       -27.234180       -27.216990       -27.213915       -27.211288
    -27.146357       -27.083347       -27.063228       -27.052608       -27.036661
    -26.998588       -26.975998       -26.954445       -26.881638       -26.869038
    -26.857074       -26.845555       -26.844522       -26.786610       -26.782030
    -26.773603       -26.702893       -26.619002       -26.593856       -26.536995
    -26.531954       -26.493320       -26.478928       -26.474855       -26.431760
    -26.385472       -26.353485       -26.347116       -26.327216       -26.305669
    -26.302721       -26.299932       -26.290612       -26.257268       -26.225066
    -26.178320       -26.148298       -26.112354       -26.106842       -26.060723
    -26.018910       -26.012461       -25.917262       -25.913622       -25.908117
    -25.892719       -25.870699       -25.854434       -25.847033       -25.843434
    -25.709700       -25.707321       -25.705177       -25.695563       -25.687113
    -25.685535       -25.674098       -25.641393       -25.611443       -25.588140
    -25.572561       -25.553366       -25.550986       -25.518618       -25.485405
    -25.466895       -25.465802       -25.429361       -25.428992       -25.380236
    -25.367759       -25.359050       -25.334797       -25.334104       -25.333251
    -25.285708       -25.245810       -25.217131       -25.198772       -25.179205
    -25.173098       -25.142456       -25.134318       -25.122456       -25.008386
    -24.988654       -24.944382       -24.940170       -24.872217       -24.601921
    -24.090310       -23.967469       -23.937215       -23.678226       -23.657080
    -23.619776       -23.594239       -23.585664       -23.565941       -23.558459
    -23.539974       -23.515715       -23.421124       -23.417840       -23.314682
    -23.307035       -23.264049       -23.231612       -23.198008       -23.131565
    -23.131203       -23.120157       -23.114929       -23.097883       -23.028889
    -22.993117       -22.982454       -22.975320       -22.971064       -22.961804
    -22.940420       -22.818024       -22.699243       -22.662148       -22.434903
    -21.937625       -21.607193       -21.527438       -21.526585       -21.480250
    -21.383722       -21.360495       -21.311055       -21.255079       -21.250182
    -21.211694       -21.195289       -21.190503       -21.185257       -21.062461
    -21.041736       -20.998402       -20.899030       -20.893942       -20.706444
    -18.824324       -18.588149       -18.524239       -18.351951       -18.299766
    -16.241860       -16.131252       -16.107570       -16.037818       -16.014662
    -15.998282       -15.993021       -15.950846       -15.939018       -15.831575
    -15.802592       -15.789471       -15.561758       -15.519823       -15.260768
    -15.076186       -15.033339       -14.971858       -14.901736       -14.886369
    -14.852062       -14.825606       -14.792248       -14.766396       -14.720008
    -14.676502       -14.630605       -14.622739       -14.548353       -14.520102
    -14.499029       -14.478592       -14.462138       -14.423090       -14.326240
    -14.325881       -14.244507       -14.237229       -14.091489       -14.070120
    -13.929705       -13.894878       -13.737128       -13.650190       -13.594196
    -13.572873       -13.518817       -13.517344       -13.490199       -13.446402
    -13.426629       -13.392550       -13.363665       -13.361571       -13.346534
    -13.343512       -13.333151       -13.286057       -13.217275       -13.208749
    -13.193303       -13.187902       -13.172728       -13.128288       -13.043280
    -12.985041       -12.922989       -12.887848       -12.854012       -12.822688
    -12.234957       -12.150672       -12.103637       -12.072772       -12.055336
    -12.004838       -11.996016       -11.900921       -11.873056       -11.799035
    -11.792938       -11.786991       -11.782016       -11.693190       -11.585262
    -11.567669       -11.562162       -11.529277       -11.515665       -11.512250
    -11.472647       -11.460870       -11.432446       -11.385937       -11.305505
    -11.227365       -11.201650       -11.182825       -11.163224       -11.117869
    -11.105849       -11.100893       -11.039802       -11.035890       -10.996051
    -10.974713       -10.899238       -10.894668       -10.862425       -10.758829
    -10.732680       -10.703139       -10.655849       -10.637853       -10.608606
    -10.560121       -10.521646       -10.464141       -10.457137       -10.426832
    -10.414813       -10.404144       -10.396980       -10.377484       -10.372774
    -10.349869       -10.329806       -10.297069       -10.285809       -10.279559
    -10.275035       -10.258301       -10.230537       -10.225830       -10.225476
    -10.202688       -10.167885       -10.162095       -10.157123       -10.152051
    -10.109342       -10.102378       -10.097211       -10.094978       -10.086326
    -10.062667       -10.054656       -10.027335       -10.006018       -10.000602
     -9.991632        -9.980539        -9.952911        -9.949410        -9.936162
     -9.921325        -9.903542        -9.897628        -9.894890        -9.891702
     -9.867487        -9.857646        -9.839957        -9.816157        -9.806234
     -9.802033        -9.787167        -9.770574        -9.763668        -9.758544
     -9.749812        -9.737221        -9.730521        -9.695374        -9.686995
     -9.677910        -9.673187        -9.672196        -9.659629        -9.628154
     -9.605434        -9.582105        -9.578482        -9.576813        -9.568593
     -9.561658        -9.552941        -9.534499        -9.526486        -9.502738
     -9.488505        -9.483863        -9.446498        -9.425978        -9.415967
     -9.403068        -9.396048        -9.390459        -9.361061        -9.356930
     -9.344921        -9.327367        -9.322062        -9.307860        -9.290331
     -9.278592        -9.272062        -9.253515        -9.241306        -9.234620
     -9.203550        -9.194698        -9.165244        -9.154272        -9.149586
     -9.132632        -9.106254        -9.091624        -9.086106        -9.079334
     -9.063058        -9.043000        -9.034727        -9.030920        -9.019027
     -9.004908        -8.993187        -8.992158        -8.980065        -8.974415
     -8.967543        -8.954080        -8.939607        -8.924092        -8.900230
     -8.891665        -8.866149        -8.848441        -8.833160        -8.822279
     -8.808876        -8.799807        -8.779013        -8.773121        -8.769851
     -8.744692        -8.732073        -8.721782        -8.707815        -8.700765
     -8.687972        -8.676322        -8.669792        -8.664944        -8.657213
     -8.655621        -8.630849        -8.614898        -8.608561        -8.574908
     -8.556591        -8.550663        -8.513819        -8.469385        -8.445305
     -8.436531        -8.427466        -8.424487        -8.410164        -8.391408
     -8.376171        -8.361265        -8.345915        -8.332135        -8.314361
     -8.306728        -8.268628        -8.235136        -8.228135        -8.216867
     -8.200696        -8.171815        -8.161885        -8.125655        -8.079208
     -8.063608        -8.039081        -8.032514        -8.019992        -8.006666
     -7.988010        -7.982615        -7.979961        -7.966736        -7.944270
     -7.915221        -7.880708        -7.877280        -7.863340        -7.851501
     -7.842826        -7.823896        -7.798032        -7.776199        -7.758361
     -7.730634        -7.718196        -7.711663        -7.636283        -7.605372
     -7.582534        -7.578426        -7.557914        -7.511035        -7.493239
     -7.488889        -7.478270        -7.460774        -7.423838        -7.408745
     -7.397718        -7.367520        -7.337045        -7.300812        -7.290403
     -7.275162        -7.269471        -7.244121        -7.220384        -7.186214
     -7.181341        -7.169300        -7.164930        -7.149050        -7.118810
     -7.089366        -7.075174        -7.050317        -6.998997        -6.982587
     -6.976543        -6.933215        -6.924130        -6.913805        -6.904018
     -6.901668        -6.884925        -6.864381        -6.854728        -6.763425
     -6.759685        -6.752676        -6.749742        -6.728461        -6.718418
     -6.713736        -6.704724        -6.667790        -6.661253        -6.649119
     -6.635211        -6.594114        -6.584861        -6.582087        -6.575526
     -6.525930        -6.514167        -6.501342        -6.493004        -6.488805
     -6.480311        -6.451653        -6.437510        -6.432005        -6.419377
     -6.408416        -6.393204        -6.387004        -6.380582        -6.369964
     -6.365360        -6.352608        -6.346301        -6.340884        -6.324656
     -6.312168        -6.302339        -6.292037        -6.290784        -6.284610
     -6.283004        -6.273613        -6.258619        -6.252339        -6.247897
     -6.230482        -6.227961        -6.208243        -6.196895        -6.190047
     -6.170956        -6.154141        -6.138272        -6.127208        -6.124551
     -6.120688        -6.106902        -6.103775        -6.092855        -6.083498
     -6.073053        -6.071531        -6.065805        -6.063165        -6.050164
     -6.041083        -6.037275        -6.020631        -6.013261        -6.006077
     -5.998438        -5.994488        -5.990325        -5.986511        -5.970710
     -5.966205        -5.945930        -5.938158        -5.931717        -5.908100
     -5.904894        -5.902766        -5.894343        -5.892600        -5.887704
     -5.863100        -5.856038        -5.851386        -5.826999        -5.810684
     -5.805004        -5.801518        -5.799993        -5.796942        -5.789324
     -5.784172        -5.778304        -5.775610        -5.773099        -5.765025
     -5.760041        -5.754335        -5.745398        -5.735530        -5.717271
     -5.711961        -5.709822        -5.700144        -5.685860        -5.673663
     -5.664714        -5.663132        -5.653730        -5.649112        -5.635002
     -5.626928        -5.605050        -5.599465        -5.592435        -5.589680
     -5.582254        -5.576143        -5.562127        -5.559930        -5.552483
     -5.541420        -5.538854        -5.526303        -5.525226        -5.517037
     -5.510535        -5.503518        -5.494455        -5.488403        -5.475775
     -5.473285        -5.467557        -5.462575        -5.452809        -5.450463
     -5.444737        -5.441091        -5.439399        -5.431224        -5.419877
     -5.416173        -5.412164        -5.402785        -5.400400        -5.386550
     -5.379151        -5.372949        -5.369841        -5.366677        -5.362683
     -5.356359        -5.353626        -5.343385        -5.338407        -5.327126
     -5.317078        -5.310812        -5.302315        -5.295274        -5.288261
     -5.285490        -5.276827        -5.266525        -5.257786        -5.249194
     -5.242092        -5.236702        -5.224641        -5.220146        -5.217510
     -5.211277        -5.206917        -5.201055        -5.191708        -5.181506
     -5.173954        -5.170426        -5.165100        -5.163013        -5.152857
     -5.149082        -5.137795        -5.130470        -5.126296        -5.125991
     -5.120044        -5.108531        -5.102275        -5.097439        -5.093742
     -5.088814        -5.086321        -5.082469        -5.080996        -5.076838
     -5.070070        -5.058716        -5.055873        -5.046101        -5.043652
     -5.034964        -5.026409        -5.014642        -5.007229        -5.000092
     -4.994563        -4.986068        -4.978699        -4.974688        -4.970450
     -4.961029        -4.953737        -4.952599        -4.945724        -4.940689
     -4.937714        -4.931171        -4.923598        -4.915223        -4.913281
     -4.907025        -4.898511        -4.884590        -4.876955        -4.866209
     -4.864462        -4.859824        -4.853510        -4.845854        -4.843109
     -4.832850        -4.825206        -4.821243        -4.820027        -4.808095
     -4.804483        -4.800073        -4.788237        -4.786456        -4.779637
     -4.770073        -4.766276        -4.763672        -4.757665        -4.749851
     -4.745951        -4.737361        -4.734335        -4.728078        -4.712774
     -4.710405        -4.708638        -4.693268        -4.685074        -4.674773
     -4.670427        -4.661265        -4.657529        -4.653861        -4.653102
     -4.648405        -4.633594        -4.614708        -4.601664        -4.594951
     -4.582790        -4.579146        -4.576150        -4.570698        -4.566646
     -4.556997        -4.550749        -4.542825        -4.538366        -4.532199
     -4.522803        -4.512472        -4.502966        -4.499649        -4.480719
     -4.470105        -4.457403        -4.449999        -4.445842        -4.435234
     -4.420724        -4.418285        -4.408864        -4.394213        -4.391666
     -4.374579        -4.365375        -4.352993        -4.341412        -4.317096
     -4.313086        -4.291989        -4.282047        -4.274949        -4.258023
     -4.250955        -4.224909        -4.188502        -4.184103        -4.172005
     -4.131288        -4.105359        -4.100599        -4.077573        -4.064722
     -4.040139        -4.032444        -4.016142        -4.005684        -3.997951
     -3.982559        -3.968135        -3.953771        -3.938488        -3.916377
     -3.901409        -3.895030        -3.852077        -3.838984        -3.824251
     -3.812197        -3.807344        -3.792492        -3.781943        -3.766507
     -3.760744        -3.752262        -3.721158        -3.706010        -3.695902
     -3.692107        -3.651502        -3.638708        -3.623348        -3.617629
     -3.601394        -3.589715        -3.579859        -3.563948        -3.551131
     -3.545866        -3.539547        -3.524598        -3.519504        -3.509600
     -3.498265        -3.487598        -3.473346        -3.454744        -3.443002
     -3.425627        -3.397499        -3.394187        -3.384301        -3.378131
     -3.370881        -3.357814        -3.345520        -3.322554        -3.319659
     -3.314606        -3.292880        -3.280416        -3.276026        -3.264947
     -3.224525        -3.221547        -3.199759        -3.192146        -3.174942
     -3.139637        -3.137660        -3.103903        -3.099142        -3.089395
     -3.075136        -3.051589        -3.042480        -3.024616        -2.983840
     -2.934813        -2.899372        -2.885400        -2.881272        -2.865221
     -2.809290        -2.752054        -2.742517        -2.727905        -2.717101
     -2.698578        -2.685284        -2.679045        -2.652833        -2.646556
     -2.545918        -2.526537        -2.513089        -2.489493        -2.484114
     -2.446542        -2.434110        -2.412544        -2.410243        -2.367550
     -2.327497        -2.295372        -2.282811        -2.256879        -2.215294
     -2.210492        -2.209544        -2.170475        -2.050724        -1.887224
      2.548522         2.719782         2.823449         2.843866         2.866502
      2.884836         2.903596         2.914098         3.009032         3.089460
      3.115441         3.220712         3.287579         3.304575         3.332122
      3.367703         3.412366         3.435659         3.482322         3.495455
      3.523094         3.526989         3.566285         3.606913         3.619213
      3.661038         3.665084         3.698111         3.743375         3.770080
      3.782207         3.802096         3.850790         3.877283         3.888152
      3.911966         3.926664         3.966017         3.976005         3.988507
      4.014679         4.032078         4.064176         4.103870         4.109108
      4.122829         4.148740         4.171651         4.189789         4.210028
      4.236774         4.257940         4.293715         4.330933         4.371420
      4.412896         4.441996         4.518060
 *********************************
 sum eigen(dbl occ, ryd)=  -1531.61149274787     
 *********************************
 Ef(eV)=   1.53523393351598     
 ***************************************************
 iter=          18
 ---------------------------------------------------
 dvE, dvE(n)-dvE(n-1) = 0.8313E-05 -.4450E-05
 dv_ave, drho_tot     = 0.2883E-02 0.8148E-03
 err of ug            = 0.1326E-03
 ---------------------------------------------------
 Ewald        = -.42716155442192E+05
 Alpha        = 0.15207970391171E+04
 E_extV       = 0.00000000000000E+00    0.0000E+00
 E_NSC        = -.21265511038235E+05    -.4644E+01
 E[-rho*V_Hxc]= -.12108472559186E+06    0.4660E+01
 E_Hxc        = 0.50639545485462E+05    -.4360E+01
 -TS          = -.50664270358576E-17    -.4128E-17
 E_tot(eV)    = -.13290604954770E+06    0.1523E-01
 ---------------------------------------------------
 E_ion,E_coul,E_xc =   -221512.8065813   79371.0843116  -28731.5388261
Ewald+Hart+ion    -0.1848578777119E+06
 ave(vtot)=ave_(V_xc)=: v0= -0.283698241200494     
 Eigen energies are values after setting ave_vtot=0
 ----------------------------------
 One SCF use:    86.0106029510498       s
 *********************************
 ****** kpt=           1
 err of each states, eV
  0.295003E-02     0.217764E-02     0.826364E-02     0.364452E-02     0.476159E-02
  0.102540E-02     0.839682E-03     0.496149E-03     0.665828E-03     0.620314E-03
  0.222985E-02     0.109949E-02     0.119992E-02     0.573595E-03     0.651327E-03
  0.644031E-03     0.659809E-03     0.116735E-02     0.768516E-03     0.961536E-03
  0.633146E-03     0.667212E-03     0.974947E-03     0.503781E-03     0.595127E-03
  0.655446E-03     0.700386E-03     0.800121E-03     0.114811E-02     0.709160E-03
  0.475671E-03     0.624579E-03     0.701792E-03     0.711453E-03     0.740832E-03
  0.108466E-02     0.893788E-03     0.640031E-03     0.485485E-03     0.618101E-03
  0.672267E-03     0.696258E-03     0.595103E-03     0.677951E-03     0.718765E-03
  0.511937E-03     0.135041E-02     0.555215E-03     0.578680E-03     0.536706E-03
  0.840332E-03     0.611474E-03     0.704387E-03     0.102457E-02     0.823049E-03
  0.765094E-03     0.640537E-03     0.138504E-02     0.615466E-03     0.137471E-02
  0.746863E-03     0.103226E-02     0.529329E-03     0.507907E-03     0.509876E-03
  0.481905E-03     0.847259E-03     0.474042E-03     0.109545E-02     0.716109E-03
  0.260943E-02     0.119715E-02     0.146842E-02     0.785878E-03     0.680006E-03
  0.731224E-03     0.928309E-03     0.425868E-03     0.792658E-03     0.615879E-03
  0.701007E-03     0.900875E-03     0.152858E-02     0.494273E-03     0.747226E-03
  0.136214E-02     0.131743E-02     0.686506E-03     0.619901E-03     0.716927E-03
  0.158752E-02     0.682880E-03     0.715340E-03     0.681009E-03     0.569747E-03
  0.922238E-03     0.813112E-03     0.748391E-03     0.749668E-03     0.638540E-03
  0.794155E-03     0.540508E-03     0.712892E-03     0.599249E-03     0.601502E-03
  0.882012E-03     0.565891E-03     0.553527E-03     0.716144E-03     0.461952E-03
  0.829399E-03     0.700041E-03     0.833818E-03     0.555064E-03     0.457164E-03
  0.511622E-03     0.751762E-03     0.613596E-03     0.652333E-03     0.140714E-02
  0.685121E-03     0.118371E-02     0.687760E-03     0.536647E-03     0.485825E-03
  0.636191E-03     0.618910E-03     0.462866E-03     0.164257E-02     0.481639E-03
  0.649200E-03     0.628323E-03     0.855417E-03     0.538726E-03     0.131638E-02
  0.496899E-03     0.473710E-03     0.552006E-03     0.784978E-03     0.492426E-03
  0.628164E-03     0.102549E-02     0.467362E-03     0.106215E-02     0.730835E-03
  0.104028E-02     0.187572E-02     0.879763E-03     0.601618E-03     0.666844E-03
  0.504167E-03     0.247995E-02     0.562248E-03     0.986305E-03     0.248936E-02
  0.970442E-03     0.522981E-03     0.844416E-03     0.456927E-03     0.110847E-02
  0.743229E-03     0.664389E-03     0.180065E-02     0.453318E-03     0.656873E-03
  0.914564E-03     0.745362E-03     0.565121E-03     0.719301E-03     0.725578E-03
  0.594811E-03     0.609957E-03     0.978871E-03     0.535287E-03     0.816142E-03
  0.883338E-03     0.698487E-03     0.108906E-02     0.138698E-02     0.122185E-02
  0.701528E-03     0.148468E-02     0.464025E-03     0.561166E-03     0.723791E-03
  0.777394E-03     0.938033E-03     0.132686E-02     0.418192E-03     0.830827E-03
  0.715822E-03     0.529279E-03     0.562600E-03     0.586380E-03     0.399404E-03
  0.935036E-03     0.102140E-02     0.868682E-03     0.117740E-02     0.116206E-02
  0.117699E-02     0.868173E-03     0.116149E-02     0.902910E-03     0.129346E-02
  0.810778E-03     0.895517E-03     0.851722E-03     0.845826E-03     0.889565E-03
  0.133234E-02     0.103847E-02     0.927401E-03     0.106223E-02     0.826745E-03
  0.905190E-03     0.115333E-02     0.113546E-02     0.857151E-03     0.103266E-02
  0.945610E-03     0.633506E-03     0.789910E-03     0.895922E-03     0.964695E-03
  0.111510E-02     0.810049E-03     0.104362E-02     0.876410E-03     0.102104E-02
  0.105006E-02     0.103973E-02     0.950054E-03     0.670835E-03     0.784373E-03
  0.116107E-02     0.865378E-03     0.977666E-03     0.795282E-03     0.948808E-03
  0.107553E-02     0.108648E-02     0.100434E-02     0.107484E-02     0.570624E-03
  0.893335E-03     0.956361E-03     0.104006E-02     0.849835E-03     0.100107E-02
  0.722684E-03     0.972010E-03     0.114466E-02     0.104684E-02     0.105497E-02
  0.102191E-02     0.913122E-03     0.832065E-03     0.807938E-03     0.908907E-03
  0.720632E-03     0.922926E-03     0.949086E-03     0.896657E-03     0.870590E-03
  0.118433E-02     0.120048E-02     0.625486E-03     0.942330E-03     0.113379E-02
  0.106086E-02     0.102314E-02     0.110908E-02     0.116169E-02     0.144040E-02
  0.145841E-02     0.131027E-02     0.119440E-02     0.117002E-02     0.825171E-03
  0.828952E-03     0.107002E-02     0.106903E-02     0.103443E-02     0.123904E-02
  0.833339E-03     0.161787E-02     0.119504E-02     0.121595E-02     0.150201E-02
  0.130928E-02     0.128707E-02     0.166254E-02     0.150210E-02     0.105103E-02
  0.136532E-02     0.133871E-02     0.110415E-02     0.118157E-02     0.789056E-03
  0.986779E-03     0.673735E-03     0.115859E-02     0.933538E-03     0.795527E-03
  0.119082E-02     0.118616E-02     0.121637E-02     0.134096E-02     0.142492E-02
  0.987406E-03     0.180513E-02     0.193485E-02     0.158926E-02     0.152761E-02
  0.162019E-02     0.150528E-02     0.118770E-02     0.174602E-02     0.128317E-02
  0.122130E-02     0.150626E-02     0.191559E-02     0.144322E-02     0.198011E-02
  0.100120E-02     0.108185E-02     0.189778E-02     0.211307E-02     0.176496E-02
  0.141881E-02     0.200654E-02     0.128906E-02     0.136681E-02     0.141646E-02
  0.132502E-02     0.124404E-02     0.156154E-02     0.153639E-02     0.144001E-02
  0.232236E-02     0.159771E-02     0.186691E-02     0.170755E-02     0.213807E-02
  0.139956E-02     0.153838E-02     0.152088E-02     0.213059E-02     0.181619E-02
  0.182346E-02     0.136761E-02     0.168823E-02     0.139177E-02     0.163799E-02
  0.160000E-02     0.183789E-02     0.160311E-02     0.169373E-02     0.121332E-02
  0.143621E-02     0.129492E-02     0.172566E-02     0.174552E-02     0.135797E-02
  0.150987E-02     0.127341E-02     0.125857E-02     0.178870E-02     0.158457E-02
  0.135486E-02     0.187916E-02     0.119828E-02     0.220325E-02     0.164551E-02
  0.227117E-02     0.183981E-02     0.214744E-02     0.204865E-02     0.167277E-02
  0.151942E-02     0.126593E-02     0.168030E-02     0.178487E-02     0.169093E-02
  0.158273E-02     0.148787E-02     0.139810E-02     0.161815E-02     0.200986E-02
  0.162053E-02     0.138457E-02     0.190306E-02     0.158504E-02     0.189979E-02
  0.133724E-02     0.173230E-02     0.182967E-02     0.171697E-02     0.163575E-02
  0.171723E-02     0.145587E-02     0.215851E-02     0.170828E-02     0.164532E-02
  0.199215E-02     0.128559E-02     0.183648E-02     0.156186E-02     0.159312E-02
  0.206965E-02     0.169412E-02     0.186419E-02     0.187821E-02     0.190466E-02
  0.174329E-02     0.175149E-02     0.227279E-02     0.251067E-02     0.166619E-02
  0.201581E-02     0.201548E-02     0.187345E-02     0.168737E-02     0.203137E-02
  0.183920E-02     0.215018E-02     0.177871E-02     0.155104E-02     0.167180E-02
  0.141186E-02     0.200706E-02     0.220231E-02     0.183192E-02     0.238747E-02
  0.275223E-02     0.227754E-02     0.242723E-02     0.214501E-02     0.194407E-02
  0.216565E-02     0.204267E-02     0.232100E-02     0.182748E-02     0.208095E-02
  0.184938E-02     0.222047E-02     0.208250E-02     0.207067E-02     0.190410E-02
  0.201805E-02     0.109866E-02     0.190511E-02     0.156246E-02     0.180933E-02
  0.203172E-02     0.973037E-03     0.176406E-02     0.201207E-02     0.192179E-02
  0.161545E-02     0.178631E-02     0.204296E-02     0.143610E-02     0.169030E-02
  0.169701E-02     0.215005E-02     0.209976E-02     0.223134E-02     0.287465E-02
  0.222026E-02     0.158184E-02     0.144352E-02     0.175404E-02     0.160220E-02
  0.158959E-02     0.164432E-02     0.150539E-02     0.142821E-02     0.192782E-02
  0.159586E-02     0.146360E-02     0.152141E-02     0.164242E-02     0.182276E-02
  0.145251E-02     0.156259E-02     0.135901E-02     0.166210E-02     0.145062E-02
  0.209199E-02     0.200188E-02     0.134408E-02     0.124912E-02     0.124736E-02
  0.114481E-02     0.125920E-02     0.139578E-02     0.128974E-02     0.165277E-02
  0.146392E-02     0.163000E-02     0.110890E-02     0.136243E-02     0.144449E-02
  0.155905E-02     0.176604E-02     0.159363E-02     0.165599E-02     0.209589E-02
  0.155101E-02     0.194915E-02     0.192273E-02     0.130049E-02     0.174288E-02
  0.125151E-02     0.139960E-02     0.139206E-02     0.122305E-02     0.137688E-02
  0.110399E-02     0.209399E-02     0.146761E-02     0.161597E-02     0.180245E-02
  0.123946E-02     0.198029E-02     0.120672E-02     0.182065E-02     0.200947E-02
  0.178550E-02     0.182988E-02     0.188096E-02     0.146981E-02     0.154066E-02
  0.141855E-02     0.229948E-02     0.107511E-02     0.225295E-02     0.125039E-02
  0.128015E-02     0.135753E-02     0.168727E-02     0.182653E-02     0.164081E-02
  0.120831E-02     0.146074E-02     0.164253E-02     0.113907E-02     0.112611E-02
  0.132127E-02     0.131447E-02     0.145388E-02     0.123361E-02     0.132888E-02
  0.127105E-02     0.112532E-02     0.112128E-02     0.113951E-02     0.115122E-02
  0.117988E-02     0.270687E-02     0.199808E-02     0.145169E-02     0.140481E-02
  0.129850E-02     0.168062E-02     0.132573E-02     0.150212E-02     0.136350E-02
  0.135418E-02     0.135626E-02     0.154535E-02     0.168899E-02     0.192942E-02
  0.197420E-02     0.177135E-02     0.148485E-02     0.144560E-02     0.155616E-02
  0.136931E-02     0.137208E-02     0.162276E-02     0.156207E-02     0.149115E-02
  0.174550E-02     0.171030E-02     0.130365E-02     0.146306E-02     0.147709E-02
  0.103531E-02     0.147578E-02     0.153794E-02     0.137221E-02     0.182734E-02
  0.168205E-02     0.145759E-02     0.161638E-02     0.152455E-02     0.154082E-02
  0.159628E-02     0.155317E-02     0.172259E-02     0.152536E-02     0.159662E-02
  0.168072E-02     0.189579E-02     0.189452E-02     0.199087E-02     0.158854E-02
  0.163370E-02     0.160889E-02     0.133989E-02     0.194123E-02     0.196706E-02
  0.178097E-02     0.144591E-02     0.142134E-02     0.136929E-02     0.138009E-02
  0.148317E-02     0.137677E-02     0.229599E-02     0.184717E-02     0.146406E-02
  0.144147E-02     0.129593E-02     0.167377E-02     0.168615E-02     0.162836E-02
  0.204487E-02     0.143714E-02     0.157547E-02     0.182965E-02     0.163871E-02
  0.175129E-02     0.162487E-02     0.174483E-02     0.158958E-02     0.169989E-02
  0.177257E-02     0.193646E-02     0.172081E-02     0.172144E-02     0.171191E-02
  0.158900E-02     0.175924E-02     0.147009E-02     0.181651E-02     0.141069E-02
  0.164622E-02     0.168667E-02     0.161440E-02     0.161120E-02     0.184887E-02
  0.183400E-02     0.199566E-02     0.165419E-02     0.175700E-02     0.208745E-02
  0.185181E-02     0.176660E-02     0.160249E-02     0.149739E-02     0.178934E-02
  0.179546E-02     0.158736E-02     0.163548E-02     0.164190E-02     0.205082E-02
  0.193050E-02     0.200440E-02     0.182815E-02     0.200218E-02     0.180963E-02
  0.185663E-02     0.198980E-02     0.193782E-02     0.160279E-02     0.176398E-02
  0.167979E-02     0.198907E-02     0.194192E-02     0.202317E-02     0.186574E-02
  0.207622E-02     0.192487E-02     0.170725E-02     0.174515E-02     0.179668E-02
  0.173907E-02     0.174996E-02     0.181905E-02     0.184844E-02     0.197271E-02
  0.189012E-02     0.201032E-02     0.196999E-02     0.173321E-02     0.210635E-02
  0.203063E-02     0.185217E-02     0.193410E-02     0.211803E-02     0.188468E-02
  0.222836E-02     0.186177E-02     0.207750E-02     0.167019E-02     0.180122E-02
  0.193980E-02     0.182796E-02     0.166841E-02     0.176021E-02     0.190218E-02
  0.188316E-02     0.177362E-02     0.184209E-02     0.199556E-02     0.176907E-02
  0.167482E-02     0.195445E-02     0.190455E-02     0.177300E-02     0.208017E-02
  0.168271E-02     0.201932E-02     0.186061E-02     0.186270E-02     0.202574E-02
  0.201478E-02     0.183223E-02     0.182306E-02     0.190891E-02     0.190284E-02
  0.181031E-02     0.158856E-02     0.209993E-02     0.180120E-02     0.162815E-02
  0.157544E-02     0.203383E-02     0.214761E-02     0.183218E-02     0.167065E-02
  0.169000E-02     0.206281E-02     0.186918E-02     0.198204E-02     0.238173E-02
  0.186428E-02     0.248947E-02     0.221943E-02     0.191549E-02     0.201756E-02
  0.196232E-02     0.219966E-02     0.220078E-02     0.151357E-02     0.205149E-02
  0.195556E-02     0.188312E-02     0.215646E-02     0.167146E-02     0.172568E-02
  0.252163E-02     0.227072E-02     0.197663E-02     0.180286E-02     0.192926E-02
  0.195613E-02     0.200154E-02     0.215825E-02     0.209372E-02     0.202145E-02
  0.187676E-02     0.183588E-02     0.214157E-02     0.179651E-02     0.179247E-02
  0.207204E-02     0.196224E-02     0.214224E-02     0.194568E-02     0.191065E-02
  0.186782E-02     0.201527E-02     0.191422E-02     0.163693E-02     0.209197E-02
  0.191633E-02     0.199301E-02     0.187852E-02     0.173472E-02     0.193797E-02
  0.161181E-02     0.185545E-02     0.203045E-02     0.181628E-02     0.194975E-02
  0.192046E-02     0.180496E-02     0.217487E-02     0.243509E-02     0.198267E-02
  0.225613E-02     0.198790E-02     0.218712E-02     0.215295E-02     0.232548E-02
  0.193911E-02     0.170555E-02     0.181505E-02     0.166636E-02     0.188038E-02
  0.152190E-02     0.202381E-02     0.233067E-02     0.173888E-02     0.203231E-02
  0.182057E-02     0.203258E-02     0.184776E-02     0.220781E-02     0.244750E-02
  0.241650E-02     0.208740E-02     0.211614E-02     0.231011E-02     0.214939E-02
  0.216980E-02     0.234290E-02     0.225195E-02     0.181719E-02     0.184149E-02
  0.183252E-02     0.265740E-02     0.196859E-02     0.231891E-02     0.269582E-02
  0.267369E-02     0.230122E-02     0.231618E-02     0.178114E-02     0.201988E-02
  0.193084E-02     0.170692E-02     0.175729E-02     0.168436E-02     0.225557E-02
  0.217695E-02     0.203841E-02     0.180061E-02     0.233815E-02     0.209989E-02
  0.252025E-02     0.214453E-02     0.221557E-02     0.295123E-02     0.202378E-02
  0.191082E-02     0.227448E-02     0.248667E-02     0.267806E-02     0.151477E-02
  0.271296E-02     0.167521E-02     0.227130E-02     0.238971E-02     0.237518E-02
  0.244463E-02     0.225523E-02     0.307259E-02     0.250075E-02     0.233001E-02
  0.228790E-02     0.225055E-02     0.240811E-02     0.218993E-02     0.194318E-02
  0.207192E-02     0.278125E-02     0.236990E-02     0.396626E-02     0.217603E-02
  0.289244E-02     0.206284E-02     0.245865E-02     0.206643E-02     0.376826E-02
  0.278228E-02     0.341185E-02     0.334240E-02     0.280168E-02     0.300840E-02
  0.364026E-02     0.263633E-02     0.211442E-02     0.195344E-02     0.178664E-02
  0.228375E-02     0.177981E-02     0.278924E-02     0.230298E-02     0.193423E-02
  0.274902E-02     0.322550E-02     0.303254E-02     0.296090E-02     0.372667E-02
  0.275594E-02     0.270848E-02     0.210696E-02     0.196808E-02     0.238086E-02
  0.172369E-02     0.419029E-02     0.269115E-02     0.280618E-02     0.192554E-02
  0.239243E-02     0.237343E-02     0.371895E-02     0.273627E-02     0.342250E-02
  0.194266E-02     0.238683E-02     0.254493E-02     0.206761E-02     0.195833E-02
  0.295812E-02     0.252190E-02     0.179138E-02     0.199851E-02     0.257024E-02
  0.277672E-02     0.129574E-02     0.174323E-02     0.221930E-02     0.178571E-02
  0.228001E-02     0.216765E-02     0.298645E-02     0.231231E-02     0.164243E-02
  0.256137E-02     0.266871E-02     0.190645E-02     0.211691E-02     0.214601E-02
  0.180088E-02     0.186389E-02     0.268789E-02     0.226880E-02     0.153725E-02
  0.226449E-02     0.302183E-02     0.277552E-02     0.148518E-02     0.237882E-02
  0.272577E-02     0.284412E-02     0.223173E-02     0.227201E-02     0.245763E-02
  0.206196E-02     0.205850E-02     0.115657E-02     0.125609E-02     0.164698E-02
  0.149784E-01     0.750466E-02     0.867400E-02     0.106684E-01     0.940571E-02
  0.128123E-01     0.132511E-01     0.107409E-01     0.104149E-01     0.249472E-01
  0.135149E-01     0.292103E-01     0.203530E-01     0.531755E-01     0.390569E-01
  0.381303E-01     0.653503E-01     0.815108E-01     0.506283E-01     0.789598E-01
  0.529490E-01     0.408678E-01     0.969981E-01     0.918588E-01     0.631445E-01
  0.107016E+00     0.460120E-01     0.102243E+00     0.114472E+00     0.107720E+00
  0.128151E+00     0.119408E+00     0.156782E+00     0.182641E+00     0.127473E+00
  0.220052E+00     0.140908E+00     0.188317E+00     0.138527E+00     0.143055E+00
  0.194711E+00     0.175116E+00     0.250464E+00     0.244529E+00     0.188278E+00
  0.304241E+00     0.267788E+00     0.297270E+00     0.197328E+00     0.287758E+00
  0.220471E+00     0.258760E+00     0.311962E+00     0.294393E+00     0.432464E+00
  0.421506E+00     0.485521E+00     0.698871E+00
 eigen energies, in ev
    -44.561704       -44.288808       -44.266721       -44.145538       -43.921567
    -28.317130       -28.179520       -28.178905       -28.145297       -28.117744
    -28.037222       -27.993916       -27.971418       -27.957811       -27.938059
    -27.927853       -27.828433       -27.822030       -27.772030       -27.769184
    -27.765995       -27.708367       -27.699712       -27.684854       -27.673101
    -27.636479       -27.616919       -27.610575       -27.578571       -27.562982
    -27.541189       -27.474200       -27.444982       -27.389463       -27.380794
    -27.355931       -27.347657       -27.338607       -27.331506       -27.275095
    -27.252016       -27.246486       -27.229213       -27.226961       -27.220046
    -27.177613       -27.103500       -27.093423       -27.075589       -27.057155
    -27.016992       -26.981948       -26.914893       -26.901856       -26.853169
    -26.837055       -26.836197       -26.830333       -26.825390       -26.794744
    -26.780148       -26.702905       -26.584818       -26.577099       -26.574651
    -26.520309       -26.517973       -26.511165       -26.484978       -26.381537
    -26.376394       -26.358738       -26.321802       -26.312246       -26.309572
    -26.303306       -26.285659       -26.271194       -26.263427       -26.251995
    -26.177318       -26.162013       -26.149746       -26.144924       -26.061365
    -25.986262       -25.975883       -25.897951       -25.891188       -25.888022
    -25.886001       -25.884862       -25.878654       -25.866465       -25.856682
    -25.736392       -25.735541       -25.727344       -25.726931       -25.700845
    -25.690830       -25.684009       -25.622368       -25.610771       -25.605865
    -25.598500       -25.565083       -25.559549       -25.555583       -25.526511
    -25.510679       -25.497198       -25.490370       -25.427824       -25.421601
    -25.375779       -25.370349       -25.359621       -25.330948       -25.293319
    -25.287984       -25.281833       -25.253998       -25.236306       -25.212127
    -25.185807       -25.174954       -25.167500       -25.143087       -25.054282
    -25.033706       -24.972975       -24.966759       -24.909508       -24.646133
    -24.041219       -24.000146       -23.869230       -23.685884       -23.640028
    -23.621113       -23.585577       -23.554113       -23.519782       -23.518424
    -23.508874       -23.490568       -23.430904       -23.404367       -23.283467
    -23.271855       -23.248229       -23.240561       -23.227014       -23.113110
    -23.106991       -23.102114       -23.088743       -23.074310       -23.027301
    -23.015922       -23.009235       -22.956207       -22.945031       -22.927813
    -22.915674       -22.792618       -22.751115       -22.726224       -22.463033
    -21.892830       -21.541899       -21.506646       -21.494119       -21.402546
    -21.350263       -21.328323       -21.320043       -21.248466       -21.223866
    -21.201557       -21.178510       -21.175851       -21.170995       -21.030835
    -21.001013       -20.961505       -20.874912       -20.867200       -20.666643
    -18.748149       -18.552853       -18.477380       -18.317290       -18.259874
    -16.230152       -16.126152       -16.090904       -16.069594       -16.054494
    -16.018379       -15.993410       -15.985657       -15.953585       -15.864667
    -15.854388       -15.794280       -15.552103       -15.529599       -15.308957
    -15.060091       -15.018896       -14.958020       -14.888172       -14.867903
    -14.855035       -14.833760       -14.781084       -14.772934       -14.691013
    -14.682430       -14.592258       -14.584929       -14.547978       -14.541054
    -14.531888       -14.487100       -14.456504       -14.431890       -14.366313
    -14.338762       -14.300423       -14.284622       -14.047939       -14.016277
    -13.916026       -13.914314       -13.726750       -13.618424       -13.555722
    -13.545018       -13.504982       -13.495941       -13.483954       -13.407176
    -13.397138       -13.393418       -13.379222       -13.334907       -13.333079
    -13.318301       -13.304548       -13.298643       -13.224294       -13.212067
    -13.210408       -13.205662       -13.183333       -13.149356       -13.039130
    -13.013937       -12.933014       -12.883763       -12.871620       -12.862608
    -12.198903       -12.168994       -12.094833       -12.062315       -12.044302
    -12.014320       -11.996867       -11.943259       -11.852148       -11.837077
    -11.812147       -11.805657       -11.804052       -11.735813       -11.591345
    -11.584856       -11.566063       -11.559927       -11.519422       -11.505000
    -11.488937       -11.425037       -11.423221       -11.393111       -11.343374
    -11.251682       -11.202793       -11.167287       -11.145348       -11.133274
    -11.110481       -11.085084       -11.072090       -11.052075       -10.998223
    -10.954608       -10.909278       -10.880296       -10.831857       -10.766325
    -10.703753       -10.675768       -10.627913       -10.619386       -10.601599
    -10.527457       -10.491442       -10.484819       -10.449017       -10.423927
    -10.398477       -10.393619       -10.381532       -10.371510       -10.363365
    -10.348659       -10.330057       -10.319600       -10.315218       -10.286103
    -10.273593       -10.254592       -10.252521       -10.249308       -10.229100
    -10.215482       -10.184477       -10.171150       -10.152821       -10.135214
    -10.129330       -10.121576       -10.116759       -10.109873       -10.106770
    -10.071987       -10.053643       -10.031072       -10.024642       -10.011764
     -9.993866        -9.991675        -9.986667        -9.967649        -9.955201
     -9.942286        -9.935572        -9.932347        -9.917147        -9.885734
     -9.860151        -9.859476        -9.826548        -9.819675        -9.813038
     -9.808910        -9.800680        -9.798969        -9.793322        -9.769227
     -9.753304        -9.731384        -9.723542        -9.707498        -9.701022
     -9.679245        -9.658427        -9.653293        -9.636366        -9.626163
     -9.617742        -9.601791        -9.590110        -9.577893        -9.562968
     -9.554220        -9.549293        -9.530334        -9.521116        -9.507986
     -9.503945        -9.474744        -9.461432        -9.440729        -9.429340
     -9.425903        -9.404439        -9.395323        -9.381302        -9.377361
     -9.363378        -9.342363        -9.341272        -9.292582        -9.283763
     -9.278948        -9.264510        -9.253936        -9.241779        -9.224106
     -9.209988        -9.191225        -9.184247        -9.174276        -9.126257
     -9.117424        -9.112947        -9.094569        -9.084331        -9.075904
     -9.058987        -9.055087        -9.050480        -9.039779        -9.031599
     -9.018479        -9.007561        -8.989016        -8.970640        -8.961707
     -8.960938        -8.948781        -8.943850        -8.935566        -8.914870
     -8.894816        -8.883131        -8.855377        -8.843574        -8.818299
     -8.814896        -8.808809        -8.798528        -8.786751        -8.776027
     -8.744756        -8.739775        -8.726716        -8.717384        -8.703798
     -8.688249        -8.684615        -8.675661        -8.665618        -8.658449
     -8.637172        -8.624502        -8.619878        -8.605387        -8.602347
     -8.569571        -8.513775        -8.504148        -8.465193        -8.455990
     -8.443250        -8.430767        -8.419447        -8.410981        -8.390642
     -8.373761        -8.357209        -8.351814        -8.342921        -8.333177
     -8.323805        -8.291843        -8.281583        -8.269074        -8.213642
     -8.199876        -8.193804        -8.186689        -8.103943        -8.065229
     -8.053546        -8.044118        -8.034414        -8.026313        -8.015573
     -7.997545        -7.995259        -7.977063        -7.946863        -7.934465
     -7.904765        -7.903971        -7.893408        -7.842366        -7.825986
     -7.821152        -7.789270        -7.766270        -7.758706        -7.732934
     -7.715559        -7.695823        -7.689094        -7.678068        -7.594500
     -7.580194        -7.563699        -7.546145        -7.511754        -7.492789
     -7.468496        -7.458096        -7.451126        -7.390586        -7.390277
     -7.376916        -7.355377        -7.310840        -7.308459        -7.276350
     -7.263061        -7.252995        -7.247547        -7.226370        -7.209622
     -7.181674        -7.172580        -7.162039        -7.139421        -7.101068
     -7.090294        -7.065003        -7.008612        -6.998449        -6.991579
     -6.974070        -6.933206        -6.918412        -6.891426        -6.882003
     -6.874528        -6.853038        -6.833092        -6.826413        -6.817499
     -6.765966        -6.763739        -6.750486        -6.731355        -6.698950
     -6.695259        -6.686585        -6.673656        -6.673242        -6.650310
     -6.622352        -6.603096        -6.596551        -6.556775        -6.547057
     -6.541063        -6.521364        -6.511111        -6.490721        -6.472631
     -6.467627        -6.462023        -6.438278        -6.432384        -6.430154
     -6.425863        -6.410998        -6.401230        -6.387448        -6.372000
     -6.368960        -6.355080        -6.343961        -6.342153        -6.336095
     -6.319280        -6.311603        -6.302346        -6.299688        -6.283290
     -6.267723        -6.260406        -6.248819        -6.242120        -6.229103
     -6.206938        -6.201376        -6.190648        -6.180069        -6.168825
     -6.163809        -6.144529        -6.128152        -6.125990        -6.123538
     -6.118312        -6.115076        -6.104454        -6.098332        -6.087874
     -6.079207        -6.069251        -6.063911        -6.052867        -6.047310
     -6.036925        -6.031981        -6.025043        -6.020537        -6.015336
     -6.004107        -5.989971        -5.977499        -5.972688        -5.966075
     -5.948710        -5.945933        -5.935868        -5.928303        -5.908504
     -5.906860        -5.880147        -5.875885        -5.867092        -5.864223
     -5.857608        -5.851506        -5.847743        -5.840304        -5.838361
     -5.826772        -5.811450        -5.803182        -5.798129        -5.793117
     -5.784764        -5.782611        -5.779166        -5.763012        -5.760315
     -5.756670        -5.748659        -5.733400        -5.725324        -5.718795
     -5.703047        -5.701610        -5.695319        -5.689733        -5.673180
     -5.659356        -5.651805        -5.651144        -5.641032        -5.629632
     -5.621785        -5.612690        -5.609405        -5.600796        -5.591448
     -5.586277        -5.576475        -5.574856        -5.570739        -5.564532
     -5.561077        -5.556630        -5.544186        -5.527634        -5.523209
     -5.515003        -5.511743        -5.502664        -5.495259        -5.481038
     -5.479435        -5.473776        -5.471434        -5.466592        -5.458458
     -5.452140        -5.441688        -5.439792        -5.430614        -5.423101
     -5.418719        -5.413288        -5.412894        -5.407881        -5.394384
     -5.389753        -5.382680        -5.374230        -5.367519        -5.360616
     -5.358724        -5.354425        -5.338193        -5.333985        -5.326857
     -5.320587        -5.311994        -5.306206        -5.303576        -5.295882
     -5.294751        -5.284605        -5.281358        -5.263877        -5.262143
     -5.250328        -5.243938        -5.238152        -5.227978        -5.224571
     -5.220147        -5.214247        -5.203430        -5.194779        -5.193244
     -5.189064        -5.187104        -5.177667        -5.160941        -5.159164
     -5.150172        -5.145752        -5.143843        -5.136063        -5.133011
     -5.125914        -5.119390        -5.112106        -5.111249        -5.103977
     -5.097130        -5.091276        -5.090382        -5.083100        -5.077378
     -5.074599        -5.063008        -5.060591        -5.055337        -5.047346
     -5.030667        -5.021167        -5.019048        -5.010891        -4.998980
     -4.997127        -4.989944        -4.984079        -4.982449        -4.971661
     -4.969407        -4.965901        -4.957073        -4.954803        -4.951473
     -4.946921        -4.936483        -4.927446        -4.922603        -4.911416
     -4.906363        -4.904333        -4.895303        -4.886991        -4.885019
     -4.877227        -4.872830        -4.857074        -4.855564        -4.845844
     -4.838189        -4.830674        -4.824127        -4.813606        -4.811267
     -4.801868        -4.799027        -4.796826        -4.796302        -4.786675
     -4.781182        -4.774508        -4.767000        -4.759986        -4.755984
     -4.752246        -4.744827        -4.736405        -4.723554        -4.720735
     -4.712941        -4.703073        -4.700464        -4.691670        -4.687346
     -4.666243        -4.661727        -4.652821        -4.650744        -4.643771
     -4.637100        -4.631306        -4.624998        -4.613688        -4.608471
     -4.593799        -4.591124        -4.589187        -4.575979        -4.568796
     -4.565473        -4.562836        -4.552646        -4.540315        -4.539955
     -4.530623        -4.518906        -4.506038        -4.493534        -4.483432
     -4.476911        -4.466483        -4.454481        -4.449135        -4.439444
     -4.433793        -4.424984        -4.416307        -4.402850        -4.396979
     -4.387517        -4.376469        -4.345290        -4.330252        -4.322875
     -4.320352        -4.312332        -4.310433        -4.276132        -4.247512
     -4.226301        -4.208409        -4.187331        -4.172219        -4.144252
     -4.112777        -4.095459        -4.083433        -4.068050        -4.035442
     -4.025075        -4.006956        -4.000157        -3.984095        -3.974310
     -3.958564        -3.952802        -3.942922        -3.930745        -3.913641
     -3.893520        -3.868732        -3.847993        -3.839937        -3.815530
     -3.806040        -3.799957        -3.782241        -3.762963        -3.757520
     -3.750604        -3.715475        -3.707323        -3.690465        -3.680672
     -3.666148        -3.655427        -3.645400        -3.634699        -3.626460
     -3.593706        -3.574422        -3.567061        -3.557917        -3.549024
     -3.540275        -3.527777        -3.524616        -3.506581        -3.503281
     -3.501330        -3.475669        -3.473579        -3.464198        -3.443351
     -3.422858        -3.418682        -3.388175        -3.380584        -3.366882
     -3.355078        -3.347928        -3.341909        -3.332139        -3.302796
     -3.296407        -3.290564        -3.282850        -3.260789        -3.253927
     -3.246687        -3.244173        -3.219345        -3.208483        -3.203407
     -3.162386        -3.151427        -3.123552        -3.113033        -3.102447
     -3.075184        -3.053970        -3.047085        -3.012277        -2.981251
     -2.951700        -2.906117        -2.866084        -2.842083        -2.801475
     -2.774441        -2.737109        -2.729417        -2.720598        -2.691609
     -2.684173        -2.654187        -2.649268        -2.636799        -2.617654
     -2.554716        -2.525210        -2.520487        -2.487184        -2.462483
     -2.421805        -2.413489        -2.384140        -2.378148        -2.346108
     -2.340804        -2.294738        -2.261760        -2.227851        -2.190021
     -2.174233        -2.173283        -2.132238        -2.059710        -1.862394
      2.610437         2.708878         2.841268         2.871217         2.888019
      2.912237         2.928341         2.942169         3.050089         3.122258
      3.151014         3.243752         3.281461         3.309770         3.357176
      3.385792         3.404556         3.456550         3.472758         3.503766
      3.517695         3.529103         3.581462         3.600399         3.606654
      3.670167         3.691717         3.694440         3.759922         3.775536
      3.779036         3.809807         3.852948         3.872903         3.885036
      3.905435         3.925129         3.972849         3.983984         3.989896
      4.006433         4.033543         4.055285         4.095272         4.102340
      4.110171         4.142129         4.161120         4.194353         4.207588
      4.239228         4.264655         4.279495         4.331983         4.354856
      4.403361         4.430300         4.500943
 *********************************
 sum eigen(dbl occ, ryd)=  -1531.60244964808     
 *********************************
 Ef(eV)=   1.65004530899795     
 ***************************************************
 iter=          19
 ---------------------------------------------------
 dvE, dvE(n)-dvE(n-1) = 0.6592E-05 -.1721E-05
 dv_ave, drho_tot     = 0.2568E-02 0.6226E-03
 err of ug            = 0.1160E-03
 ---------------------------------------------------
 Ewald        = -.42716155442192E+05
 Alpha        = 0.15207970391171E+04
 E_extV       = 0.00000000000000E+00    0.0000E+00
 E_NSC        = -.21266030103551E+05    -.5191E+00
 E[-rho*V_Hxc]= -.12108328026231E+06    0.5370E+00
 E_Hxc        = 0.50638637172017E+05    -.9083E+00
 -TS          = -.40651965947066E-16    -.3559E-16
 E_tot(eV)    = -.13290603159691E+06    0.1795E-01
 ---------------------------------------------------
 E_ion,E_coul,E_xc =   -221513.3243573   79370.7165000  -28732.0793280
Ewald+Hart+ion    -0.1848587632995E+06
 ave(vtot)=ave_(V_xc)=: v0= -0.283809405605332     
 Eigen energies are values after setting ave_vtot=0
 ----------------------------------
 One SCF use:    85.9354779720306       s
 *********************************
 ****** kpt=           1
 err of each states, eV
  0.106233E-02     0.279124E-02     0.469512E-02     0.150189E-01     0.995644E-03
  0.463076E-03     0.117185E-02     0.565474E-03     0.679398E-03     0.412020E-03
  0.980570E-03     0.439868E-03     0.497089E-03     0.768011E-03     0.771810E-03
  0.528760E-03     0.980420E-03     0.959685E-03     0.954495E-03     0.530350E-03
  0.132957E-02     0.508059E-03     0.816819E-03     0.610223E-03     0.965064E-03
  0.974296E-03     0.450641E-03     0.891745E-03     0.512326E-03     0.511151E-03
  0.593310E-03     0.456943E-03     0.124363E-02     0.478933E-03     0.526577E-03
  0.791977E-03     0.105836E-02     0.496128E-03     0.464957E-03     0.739073E-03
  0.532440E-03     0.734218E-03     0.591160E-03     0.102368E-02     0.905326E-03
  0.552103E-03     0.835694E-03     0.127147E-02     0.630738E-03     0.754163E-03
  0.720151E-03     0.423940E-03     0.458066E-03     0.802900E-03     0.549514E-03
  0.666101E-03     0.522288E-03     0.505954E-03     0.818686E-03     0.477213E-03
  0.511577E-03     0.867253E-03     0.718343E-03     0.584680E-03     0.461471E-03
  0.948744E-03     0.482052E-03     0.758070E-03     0.831517E-03     0.905334E-03
  0.437425E-03     0.414376E-03     0.808760E-03     0.401964E-03     0.550213E-03
  0.472830E-03     0.506052E-03     0.800440E-03     0.339889E-03     0.503468E-03
  0.112784E-02     0.676358E-03     0.499800E-03     0.456757E-03     0.617786E-03
  0.655197E-03     0.458722E-03     0.589998E-03     0.486389E-03     0.789638E-03
  0.656885E-03     0.810615E-03     0.792314E-03     0.499218E-03     0.152071E-02
  0.104869E-02     0.452400E-03     0.511951E-03     0.858231E-03     0.733048E-03
  0.663777E-03     0.495410E-03     0.687508E-03     0.694046E-03     0.890225E-03
  0.621782E-03     0.100425E-02     0.404392E-03     0.417740E-03     0.594894E-03
  0.433043E-03     0.441632E-03     0.540812E-03     0.769356E-03     0.549177E-03
  0.951675E-03     0.591489E-03     0.562707E-03     0.830863E-03     0.198016E-02
  0.826106E-03     0.599136E-03     0.469743E-03     0.434524E-03     0.683803E-03
  0.415957E-03     0.873337E-03     0.510006E-03     0.528531E-03     0.753703E-03
  0.103820E-02     0.579510E-03     0.664306E-03     0.770016E-03     0.640714E-03
  0.780756E-03     0.467370E-03     0.494184E-03     0.855106E-03     0.944066E-03
  0.457840E-03     0.899780E-03     0.475534E-03     0.746528E-03     0.105079E-02
  0.103555E-02     0.551732E-03     0.767621E-03     0.102777E-02     0.873733E-03
  0.201644E-02     0.449063E-03     0.120969E-02     0.447217E-03     0.559739E-03
  0.101188E-02     0.463278E-03     0.709199E-03     0.520790E-03     0.851814E-03
  0.982358E-03     0.573687E-03     0.106817E-02     0.419734E-03     0.477978E-03
  0.605359E-03     0.888895E-03     0.863868E-03     0.101360E-02     0.851222E-03
  0.106504E-02     0.558257E-03     0.782825E-03     0.370904E-03     0.464853E-03
  0.468117E-03     0.436873E-03     0.423850E-03     0.932418E-03     0.468059E-03
  0.830980E-03     0.459072E-03     0.363528E-03     0.507083E-03     0.453160E-03
  0.383039E-03     0.570945E-03     0.631194E-03     0.414023E-03     0.387320E-03
  0.562045E-03     0.379840E-03     0.436440E-03     0.533559E-03     0.454858E-03
  0.738650E-03     0.813866E-03     0.913268E-03     0.694220E-03     0.114333E-02
  0.897196E-03     0.794384E-03     0.780119E-03     0.104847E-02     0.796591E-03
  0.634879E-03     0.595733E-03     0.730606E-03     0.855593E-03     0.572374E-03
  0.909706E-03     0.638726E-03     0.773064E-03     0.841683E-03     0.911976E-03
  0.939859E-03     0.896478E-03     0.103766E-02     0.870438E-03     0.112886E-02
  0.109929E-02     0.785466E-03     0.989654E-03     0.768120E-03     0.851778E-03
  0.668121E-03     0.600490E-03     0.724157E-03     0.884918E-03     0.825912E-03
  0.893083E-03     0.831821E-03     0.802288E-03     0.738067E-03     0.644721E-03
  0.820384E-03     0.525395E-03     0.819706E-03     0.109147E-02     0.126568E-02
  0.936085E-03     0.108441E-02     0.120690E-02     0.904609E-03     0.890214E-03
  0.123325E-02     0.554820E-03     0.560445E-03     0.731240E-03     0.131909E-02
  0.122929E-02     0.778619E-03     0.117868E-02     0.794017E-03     0.810650E-03
  0.718213E-03     0.819689E-03     0.787867E-03     0.622719E-03     0.777796E-03
  0.120032E-02     0.834352E-03     0.658481E-03     0.844034E-03     0.106168E-02
  0.101105E-02     0.144681E-02     0.700664E-03     0.111447E-02     0.119079E-02
  0.107414E-02     0.109202E-02     0.924513E-03     0.103364E-02     0.104133E-02
  0.122107E-02     0.115654E-02     0.155978E-02     0.128793E-02     0.106520E-02
  0.786719E-03     0.962487E-03     0.101064E-02     0.129258E-02     0.108427E-02
  0.106005E-02     0.965307E-03     0.124778E-02     0.132470E-02     0.926761E-03
  0.108938E-02     0.122523E-02     0.101592E-02     0.108439E-02     0.120745E-02
  0.115033E-02     0.112876E-02     0.131861E-02     0.796850E-03     0.643253E-03
  0.762889E-03     0.876465E-03     0.952424E-03     0.824835E-03     0.873491E-03
  0.831704E-03     0.108370E-02     0.984221E-03     0.931320E-03     0.136678E-02
  0.161660E-02     0.823841E-03     0.168441E-02     0.158101E-02     0.141923E-02
  0.151529E-02     0.148950E-02     0.145940E-02     0.136905E-02     0.160097E-02
  0.104760E-02     0.118087E-02     0.103080E-02     0.137255E-02     0.950057E-03
  0.123930E-02     0.119237E-02     0.186886E-02     0.131762E-02     0.130347E-02
  0.175620E-02     0.135262E-02     0.116996E-02     0.111172E-02     0.116976E-02
  0.119059E-02     0.138156E-02     0.127660E-02     0.133406E-02     0.137161E-02
  0.160127E-02     0.167954E-02     0.131969E-02     0.167410E-02     0.172106E-02
  0.188403E-02     0.171438E-02     0.145679E-02     0.142025E-02     0.141484E-02
  0.136168E-02     0.145089E-02     0.148965E-02     0.120246E-02     0.128883E-02
  0.155192E-02     0.157784E-02     0.168260E-02     0.145353E-02     0.136485E-02
  0.119572E-02     0.143148E-02     0.133957E-02     0.954431E-03     0.117040E-02
  0.129673E-02     0.136820E-02     0.144449E-02     0.144835E-02     0.158859E-02
  0.148835E-02     0.161259E-02     0.161568E-02     0.904634E-03     0.149145E-02
  0.174497E-02     0.196547E-02     0.185521E-02     0.164244E-02     0.120312E-02
  0.129559E-02     0.107334E-02     0.182521E-02     0.171964E-02     0.170601E-02
  0.175177E-02     0.932130E-03     0.191949E-02     0.164085E-02     0.139204E-02
  0.174685E-02     0.139582E-02     0.169701E-02     0.133797E-02     0.132036E-02
  0.148587E-02     0.172059E-02     0.147004E-02     0.122864E-02     0.153981E-02
  0.147695E-02     0.144954E-02     0.137940E-02     0.143516E-02     0.141729E-02
  0.128935E-02     0.124353E-02     0.199293E-02     0.206106E-02     0.211789E-02
  0.153953E-02     0.137942E-02     0.155619E-02     0.139166E-02     0.150267E-02
  0.158588E-02     0.155218E-02     0.138574E-02     0.205449E-02     0.158456E-02
  0.140587E-02     0.184048E-02     0.184232E-02     0.169756E-02     0.154722E-02
  0.173612E-02     0.216706E-02     0.165147E-02     0.167416E-02     0.152680E-02
  0.137397E-02     0.137696E-02     0.207613E-02     0.158307E-02     0.205938E-02
  0.201263E-02     0.206119E-02     0.264094E-02     0.202557E-02     0.225156E-02
  0.179923E-02     0.139941E-02     0.157017E-02     0.162608E-02     0.149100E-02
  0.162499E-02     0.160467E-02     0.175389E-02     0.140986E-02     0.190818E-02
  0.184504E-02     0.180261E-02     0.166187E-02     0.102016E-02     0.170201E-02
  0.175230E-02     0.178557E-02     0.169219E-02     0.101586E-02     0.164336E-02
  0.170738E-02     0.158397E-02     0.130703E-02     0.145162E-02     0.157418E-02
  0.191143E-02     0.177941E-02     0.245876E-02     0.156073E-02     0.161175E-02
  0.138828E-02     0.191026E-02     0.145638E-02     0.154898E-02     0.115949E-02
  0.154633E-02     0.135149E-02     0.164574E-02     0.147501E-02     0.155556E-02
  0.159148E-02     0.181170E-02     0.129097E-02     0.126279E-02     0.118908E-02
  0.115489E-02     0.128860E-02     0.135993E-02     0.172481E-02     0.140395E-02
  0.151014E-02     0.188257E-02     0.119174E-02     0.102958E-02     0.101792E-02
  0.104825E-02     0.134629E-02     0.134495E-02     0.131913E-02     0.118624E-02
  0.126904E-02     0.116249E-02     0.119077E-02     0.128286E-02     0.114038E-02
  0.196745E-02     0.146109E-02     0.135435E-02     0.112115E-02     0.157734E-02
  0.129822E-02     0.201173E-02     0.201555E-02     0.136659E-02     0.124047E-02
  0.111789E-02     0.119541E-02     0.114649E-02     0.126915E-02     0.119926E-02
  0.193862E-02     0.128048E-02     0.132469E-02     0.142646E-02     0.141826E-02
  0.194947E-02     0.154508E-02     0.225823E-02     0.138988E-02     0.161600E-02
  0.149603E-02     0.178977E-02     0.145295E-02     0.157221E-02     0.201793E-02
  0.143701E-02     0.891921E-03     0.152043E-02     0.161598E-02     0.193023E-02
  0.122583E-02     0.181790E-02     0.140447E-02     0.161294E-02     0.125675E-02
  0.131190E-02     0.109538E-02     0.158265E-02     0.114496E-02     0.112496E-02
  0.129435E-02     0.102817E-02     0.113059E-02     0.114576E-02     0.108658E-02
  0.115440E-02     0.958853E-03     0.109025E-02     0.113731E-02     0.238643E-02
  0.122208E-02     0.130429E-02     0.152176E-02     0.127991E-02     0.128808E-02
  0.135602E-02     0.124815E-02     0.125194E-02     0.121933E-02     0.154059E-02
  0.122469E-02     0.124952E-02     0.133767E-02     0.141059E-02     0.153262E-02
  0.163386E-02     0.171380E-02     0.142037E-02     0.150581E-02     0.933165E-03
  0.134431E-02     0.134169E-02     0.123727E-02     0.994765E-03     0.149784E-02
  0.154398E-02     0.124149E-02     0.152695E-02     0.162395E-02     0.111213E-02
  0.130867E-02     0.154888E-02     0.151511E-02     0.111411E-02     0.132969E-02
  0.138641E-02     0.127773E-02     0.120230E-02     0.149426E-02     0.146025E-02
  0.134797E-02     0.135235E-02     0.141405E-02     0.152107E-02     0.129594E-02
  0.146975E-02     0.178310E-02     0.149187E-02     0.155449E-02     0.149278E-02
  0.162217E-02     0.154853E-02     0.135055E-02     0.106560E-02     0.135662E-02
  0.133004E-02     0.146179E-02     0.136821E-02     0.120478E-02     0.194608E-02
  0.134060E-02     0.125057E-02     0.137465E-02     0.129002E-02     0.136357E-02
  0.150046E-02     0.130039E-02     0.149050E-02     0.146394E-02     0.167519E-02
  0.135000E-02     0.129777E-02     0.125136E-02     0.147648E-02     0.132541E-02
  0.159146E-02     0.140498E-02     0.113379E-02     0.142062E-02     0.171047E-02
  0.146761E-02     0.158418E-02     0.136728E-02     0.135000E-02     0.148843E-02
  0.152755E-02     0.144381E-02     0.155736E-02     0.137753E-02     0.129090E-02
  0.121058E-02     0.128283E-02     0.100167E-02     0.147135E-02     0.135820E-02
  0.161738E-02     0.145367E-02     0.138578E-02     0.178586E-02     0.142105E-02
  0.171865E-02     0.130146E-02     0.158588E-02     0.153283E-02     0.161257E-02
  0.162378E-02     0.138176E-02     0.177031E-02     0.183122E-02     0.133014E-02
  0.123399E-02     0.123361E-02     0.128368E-02     0.170069E-02     0.142394E-02
  0.124550E-02     0.167509E-02     0.182473E-02     0.165752E-02     0.171142E-02
  0.164208E-02     0.148565E-02     0.142949E-02     0.149497E-02     0.163454E-02
  0.164055E-02     0.176204E-02     0.155493E-02     0.164862E-02     0.182836E-02
  0.161089E-02     0.150091E-02     0.186374E-02     0.172627E-02     0.181474E-02
  0.165365E-02     0.166433E-02     0.146392E-02     0.168099E-02     0.186571E-02
  0.189480E-02     0.168805E-02     0.172730E-02     0.145033E-02     0.175793E-02
  0.184096E-02     0.179225E-02     0.190345E-02     0.152246E-02     0.153920E-02
  0.198073E-02     0.161918E-02     0.175118E-02     0.162804E-02     0.158167E-02
  0.166776E-02     0.178766E-02     0.156340E-02     0.166607E-02     0.152086E-02
  0.165431E-02     0.164170E-02     0.155096E-02     0.149691E-02     0.176408E-02
  0.156046E-02     0.146523E-02     0.147640E-02     0.167105E-02     0.171622E-02
  0.167171E-02     0.159897E-02     0.147584E-02     0.177062E-02     0.161472E-02
  0.157659E-02     0.165013E-02     0.152296E-02     0.164411E-02     0.152629E-02
  0.153636E-02     0.145067E-02     0.175860E-02     0.181736E-02     0.151118E-02
  0.195540E-02     0.178036E-02     0.156188E-02     0.165070E-02     0.189302E-02
  0.169857E-02     0.155034E-02     0.175835E-02     0.175439E-02     0.162201E-02
  0.157356E-02     0.179491E-02     0.180187E-02     0.180103E-02     0.155993E-02
  0.196136E-02     0.195812E-02     0.200326E-02     0.124410E-02     0.179539E-02
  0.172094E-02     0.169282E-02     0.150286E-02     0.178229E-02     0.168712E-02
  0.164778E-02     0.177430E-02     0.170632E-02     0.153670E-02     0.143941E-02
  0.195879E-02     0.171654E-02     0.157753E-02     0.165149E-02     0.154220E-02
  0.171946E-02     0.156099E-02     0.135630E-02     0.164166E-02     0.175407E-02
  0.167167E-02     0.158083E-02     0.169710E-02     0.152254E-02     0.183688E-02
  0.153687E-02     0.146618E-02     0.174850E-02     0.190634E-02     0.159074E-02
  0.183448E-02     0.173108E-02     0.176800E-02     0.176011E-02     0.181620E-02
  0.174785E-02     0.217223E-02     0.219961E-02     0.170276E-02     0.186254E-02
  0.180182E-02     0.165534E-02     0.178806E-02     0.180087E-02     0.188707E-02
  0.156184E-02     0.183897E-02     0.155277E-02     0.180651E-02     0.169448E-02
  0.154698E-02     0.154233E-02     0.166782E-02     0.210025E-02     0.190819E-02
  0.189535E-02     0.172028E-02     0.171494E-02     0.236675E-02     0.151123E-02
  0.179163E-02     0.182543E-02     0.187390E-02     0.169949E-02     0.220812E-02
  0.148280E-02     0.183902E-02     0.180606E-02     0.206665E-02     0.193424E-02
  0.202265E-02     0.263927E-02     0.205268E-02     0.215073E-02     0.176098E-02
  0.206079E-02     0.203179E-02     0.186194E-02     0.185677E-02     0.181178E-02
  0.168772E-02     0.164962E-02     0.138879E-02     0.138642E-02     0.171613E-02
  0.212610E-02     0.160111E-02     0.144874E-02     0.179924E-02     0.162700E-02
  0.166903E-02     0.220856E-02     0.200514E-02     0.205367E-02     0.175491E-02
  0.161257E-02     0.159488E-02     0.214853E-02     0.182443E-02     0.222861E-02
  0.129531E-02     0.242855E-02     0.176901E-02     0.177675E-02     0.216513E-02
  0.335698E-02     0.250806E-02     0.228527E-02     0.187547E-02     0.231184E-02
  0.204133E-02     0.197382E-02     0.204837E-02     0.191411E-02     0.214997E-02
  0.189753E-02     0.254404E-02     0.260937E-02     0.188881E-02     0.242974E-02
  0.223986E-02     0.201973E-02     0.219136E-02     0.250707E-02     0.187310E-02
  0.222018E-02     0.234041E-02     0.270136E-02     0.327520E-02     0.253774E-02
  0.274653E-02     0.249361E-02     0.282958E-02     0.169332E-02     0.206162E-02
  0.209755E-02     0.146276E-02     0.264537E-02     0.262312E-02     0.162511E-02
  0.137985E-02     0.259906E-02     0.270907E-02     0.303541E-02     0.237630E-02
  0.238532E-02     0.189125E-02     0.226074E-02     0.194127E-02     0.210711E-02
  0.202577E-02     0.305882E-02     0.173035E-02     0.242135E-02     0.225774E-02
  0.215737E-02     0.339480E-02     0.136683E-02     0.300262E-02     0.265413E-02
  0.233647E-02     0.226384E-02     0.156707E-02     0.214108E-02     0.303734E-02
  0.271259E-02     0.195366E-02     0.208936E-02     0.206298E-02     0.258726E-02
  0.242088E-02     0.168443E-02     0.110053E-02     0.161730E-02     0.246575E-02
  0.161758E-02     0.124128E-02     0.292730E-02     0.225904E-02     0.130188E-02
  0.179032E-02     0.154884E-02     0.177357E-02     0.189800E-02     0.167526E-02
  0.164290E-02     0.381541E-02     0.215595E-02     0.126485E-02     0.152439E-02
  0.235574E-02     0.211088E-02     0.190985E-02     0.199108E-02     0.132040E-02
  0.234414E-02     0.202018E-02     0.174323E-02     0.254263E-02     0.247624E-02
  0.201001E-02     0.171522E-02     0.105196E-02     0.146429E-02     0.244805E-02
  0.113414E-01     0.571143E-02     0.720116E-02     0.701654E-02     0.822606E-02
  0.861731E-02     0.107078E-01     0.841864E-02     0.822365E-02     0.181321E-01
  0.113886E-01     0.216178E-01     0.212031E-01     0.412297E-01     0.308897E-01
  0.367269E-01     0.471919E-01     0.632619E-01     0.629810E-01     0.356696E-01
  0.408078E-01     0.443307E-01     0.820335E-01     0.590276E-01     0.316450E-01
  0.938580E-01     0.757359E-01     0.420076E-01     0.882748E-01     0.135815E+00
  0.709756E-01     0.935858E-01     0.145126E+00     0.158380E+00     0.942887E-01
  0.127450E+00     0.137734E+00     0.137944E+00     0.126343E+00     0.127716E+00
  0.179979E+00     0.200812E+00     0.185352E+00     0.234630E+00     0.197539E+00
  0.186528E+00     0.194782E+00     0.266022E+00     0.182439E+00     0.240397E+00
  0.193007E+00     0.245646E+00     0.251772E+00     0.376942E+00     0.251632E+00
  0.342218E+00     0.343807E+00     0.327289E+00
 eigen energies, in ev
    -44.516800       -44.284898       -44.241591       -44.146610       -43.932786
    -28.271203       -28.225693       -28.192957       -28.124734       -28.115743
    -28.029265       -28.009781       -27.994162       -27.948952       -27.934774
    -27.915950       -27.855557       -27.802543       -27.787255       -27.755816
    -27.746724       -27.728255       -27.710678       -27.700466       -27.668436
    -27.661783       -27.644084       -27.596389       -27.590047       -27.589407
    -27.578787       -27.468921       -27.431225       -27.407542       -27.378527
    -27.363250       -27.342172       -27.315421       -27.309353       -27.282419
    -27.249462       -27.241309       -27.227329       -27.224638       -27.203112
    -27.162227       -27.149636       -27.136694       -27.112795       -27.061110
    -27.002063       -26.990403       -26.937170       -26.884030       -26.840343
    -26.836917       -26.816430       -26.804038       -26.796917       -26.792072
    -26.770146       -26.703539       -26.637122       -26.568038       -26.556965
    -26.547379       -26.546249       -26.520945       -26.452099       -26.402550
    -26.362124       -26.339648       -26.319494       -26.303044       -26.288705
    -26.284555       -26.278656       -26.268196       -26.254879       -26.220280
    -26.197459       -26.179138       -26.174844       -26.142539       -26.060530
    -25.951482       -25.929997       -25.925396       -25.908015       -25.901009
    -25.892217       -25.864976       -25.846733       -25.844606       -25.808325
    -25.786085       -25.767445       -25.757361       -25.738870       -25.696989
    -25.671840       -25.665183       -25.656781       -25.645380       -25.594386
    -25.584345       -25.581815       -25.568362       -25.551934       -25.550966
    -25.550604       -25.547260       -25.493332       -25.472199       -25.416875
    -25.397389       -25.364843       -25.361836       -25.336875       -25.314077
    -25.292644       -25.290382       -25.251219       -25.245731       -25.231226
    -25.214780       -25.202202       -25.170869       -25.149337       -25.101023
    -25.079244       -24.993322       -24.989775       -24.944410       -24.681874
    -24.021788       -24.010129       -23.810266       -23.688426       -23.659759
    -23.598581       -23.593624       -23.526201       -23.511398       -23.473343
    -23.467660       -23.442895       -23.425761       -23.376608       -23.275532
    -23.270490       -23.248428       -23.244792       -23.219999       -23.132179
    -23.095515       -23.079316       -23.046549       -23.045838       -23.045196
    -23.037704       -23.030067       -22.932985       -22.918648       -22.908998
    -22.904450       -22.798450       -22.786058       -22.764938       -22.484645
    -21.864806       -21.498699       -21.485949       -21.470759       -21.345210
    -21.341194       -21.333569       -21.305695       -21.258630       -21.223152
    -21.202812       -21.161699       -21.155128       -21.152833       -21.014917
    -20.972916       -20.938799       -20.864940       -20.845829       -20.641056
    -18.684194       -18.527569       -18.448094       -18.291776       -18.234949
    -16.209051       -16.140001       -16.096680       -16.078795       -16.042570
    -16.034661       -16.021965       -16.020886       -15.925909       -15.906642
    -15.877571       -15.789700       -15.550663       -15.525947       -15.354380
    -15.047728       -15.003183       -14.937806       -14.905866       -14.852236
    -14.842945       -14.841924       -14.795818       -14.761757       -14.700265
    -14.639731       -14.563448       -14.559365       -14.554670       -14.546705
    -14.538055       -14.505687       -14.451894       -14.445539       -14.396702
    -14.351565       -14.346123       -14.330094       -14.025322       -13.953430
    -13.929201       -13.899419       -13.710180       -13.593361       -13.526938
    -13.518786       -13.510129       -13.476426       -13.445496       -13.419626
    -13.385450       -13.379922       -13.369496       -13.325266       -13.317050
    -13.309395       -13.296235       -13.276639       -13.237939       -13.232980
    -13.228959       -13.211801       -13.168110       -13.158342       -13.090983
    -12.992139       -12.952288       -12.919571       -12.897370       -12.850188
    -12.181751       -12.158544       -12.108824       -12.027960       -12.025707
    -12.018426       -11.987803       -11.974116       -11.902925       -11.834514
    -11.824114       -11.808617       -11.790271       -11.774409       -11.612148
    -11.601132       -11.584576       -11.570012       -11.529803       -11.488172
    -11.468195       -11.450505       -11.404686       -11.370786       -11.335342
    -11.268181       -11.208559       -11.158476       -11.145419       -11.137967
    -11.130559       -11.110722       -11.103369       -11.049072       -10.970589
    -10.943334       -10.927378       -10.861737       -10.809450       -10.777993
    -10.683122       -10.656226       -10.634639       -10.608142       -10.559980
    -10.512323       -10.500796       -10.452067       -10.428480       -10.419386
    -10.414208       -10.410208       -10.384619       -10.373818       -10.347718
    -10.339955       -10.326467       -10.323667       -10.294675       -10.287277
    -10.272222       -10.270783       -10.265774       -10.245340       -10.214567
    -10.204838       -10.197182       -10.189662       -10.178729       -10.149603
    -10.134587       -10.129625       -10.110143       -10.106456       -10.096101
    -10.058769       -10.049740       -10.043110       -10.035750       -10.026098
    -10.006876        -9.997082        -9.985934        -9.981089        -9.976030
     -9.965972        -9.959430        -9.956986        -9.892657        -9.890611
     -9.869479        -9.850817        -9.847785        -9.832017        -9.824660
     -9.814951        -9.813101        -9.798979        -9.783326        -9.778618
     -9.765967        -9.736563        -9.732735        -9.689246        -9.673982
     -9.668043        -9.664313        -9.638486        -9.628134        -9.623424
     -9.617125        -9.608537        -9.595648        -9.579513        -9.564895
     -9.552775        -9.542419        -9.531322        -9.524084        -9.506988
     -9.495653        -9.481979        -9.476463        -9.456816        -9.454056
     -9.416197        -9.414138        -9.401083        -9.396014        -9.376040
     -9.363829        -9.353558        -9.344938        -9.303629        -9.283992
     -9.278184        -9.264351        -9.251942        -9.240886        -9.224794
     -9.221998        -9.200842        -9.187332        -9.171429        -9.148665
     -9.111247        -9.104993        -9.096364        -9.090290        -9.074625
     -9.070236        -9.069680        -9.043304        -9.038500        -9.037333
     -9.026691        -9.000669        -8.975524        -8.971477        -8.961446
     -8.953523        -8.945293        -8.940910        -8.924951        -8.920810
     -8.894477        -8.890907        -8.877817        -8.856743        -8.831276
     -8.819985        -8.808285        -8.801676        -8.794493        -8.775420
     -8.768977        -8.761732        -8.718983        -8.708881        -8.704632
     -8.701368        -8.683852        -8.672291        -8.660108        -8.638363
     -8.633967        -8.620908        -8.612362        -8.602992        -8.586888
     -8.558593        -8.511591        -8.492520        -8.487768        -8.467932
     -8.455047        -8.444979        -8.434092        -8.398763        -8.386996
     -8.380641        -8.354357        -8.349361        -8.343153        -8.339705
     -8.320557        -8.311735        -8.302875        -8.300511        -8.242247
     -8.218356        -8.179937        -8.173881        -8.097393        -8.093959
     -8.069189        -8.051376        -8.034489        -8.028524        -8.022315
     -7.993964        -7.984564        -7.983166        -7.961524        -7.924359
     -7.921578        -7.919520        -7.882067        -7.820067        -7.803281
     -7.801030        -7.769248        -7.758944        -7.747423        -7.720245
     -7.714011        -7.693292        -7.672947        -7.657628        -7.612506
     -7.574553        -7.558087        -7.531495        -7.514422        -7.488905
     -7.457904        -7.443437        -7.439181        -7.407354        -7.368285
     -7.354373        -7.319345        -7.312865        -7.291104        -7.285556
     -7.274391        -7.246565        -7.235759        -7.223808        -7.216088
     -7.194305        -7.177255        -7.149478        -7.130650        -7.116762
     -7.054936        -7.047100        -7.018047        -7.001454        -6.978312
     -6.951866        -6.934918        -6.931734        -6.874880        -6.868822
     -6.862260        -6.856816        -6.808056        -6.807107        -6.786422
     -6.776345        -6.765915        -6.758608        -6.731025        -6.729402
     -6.694461        -6.670168        -6.664538        -6.651378        -6.632787
     -6.630130        -6.599932        -6.592274        -6.563777        -6.534966
     -6.534238        -6.521262        -6.505193        -6.491010        -6.485725
     -6.480112        -6.473694        -6.451376        -6.441259        -6.428486
     -6.420516        -6.409630        -6.402639        -6.381020        -6.373987
     -6.371286        -6.362690        -6.359054        -6.347267        -6.340429
     -6.320776        -6.319946        -6.301018        -6.288272        -6.276648
     -6.261849        -6.248668        -6.233943        -6.228353        -6.216569
     -6.191780        -6.182150        -6.170685        -6.163955        -6.163241
     -6.150950        -6.135534        -6.130535        -6.124817        -6.122883
     -6.120074        -6.106382        -6.101684        -6.089785        -6.087283
     -6.074372        -6.062481        -6.061350        -6.056614        -6.047095
     -6.038995        -6.032107        -6.024391        -6.014961        -6.009742
     -5.996687        -5.984749        -5.982677        -5.961432        -5.957346
     -5.952883        -5.947885        -5.925364        -5.911624        -5.906962
     -5.901404        -5.891135        -5.886208        -5.873177        -5.854493
     -5.845434        -5.840032        -5.837945        -5.833837        -5.830584
     -5.817021        -5.811050        -5.801762        -5.800408        -5.798052
     -5.791040        -5.786111        -5.776891        -5.751390        -5.749932
     -5.738090        -5.733538        -5.729955        -5.723858        -5.713153
     -5.700325        -5.691573        -5.679924        -5.676179        -5.669366
     -5.656567        -5.651678        -5.643521        -5.638223        -5.634478
     -5.625586        -5.617838        -5.609112        -5.602994        -5.598785
     -5.592641        -5.588651        -5.583622        -5.573241        -5.570435
     -5.558982        -5.556081        -5.553068        -5.544347        -5.536678
     -5.531313        -5.510358        -5.503739        -5.494008        -5.489036
     -5.485640        -5.482586        -5.467638        -5.463271        -5.461001
     -5.453398        -5.448556        -5.444477        -5.438051        -5.432442
     -5.424830        -5.411093        -5.409043        -5.398785        -5.395473
     -5.388785        -5.376528        -5.367875        -5.360763        -5.355491
     -5.350304        -5.347573        -5.340513        -5.335329        -5.328872
     -5.327293        -5.321116        -5.309695        -5.303983        -5.302781
     -5.289865        -5.285440        -5.279164        -5.275061        -5.268045
     -5.261988        -5.258509        -5.247229        -5.241790        -5.233222
     -5.224129        -5.220426        -5.207992        -5.199567        -5.195357
     -5.190283        -5.185550        -5.177812        -5.170824        -5.159667
     -5.155429        -5.151031        -5.149565        -5.143349        -5.136579
     -5.126090        -5.122182        -5.118522        -5.110015        -5.104182
     -5.099534        -5.098118        -5.089949        -5.083616        -5.079795
     -5.075642        -5.070858        -5.054806        -5.052919        -5.048786
     -5.041012        -5.029377        -5.025480        -5.011549        -5.003285
     -5.001648        -4.996474        -4.991379        -4.980533        -4.978271
     -4.969160        -4.964807        -4.961333        -4.956518        -4.949720
     -4.943297        -4.935180        -4.929565        -4.923006        -4.917637
     -4.910185        -4.908457        -4.903598        -4.893519        -4.885302
     -4.880526        -4.876380        -4.872767        -4.854506        -4.854132
     -4.842869        -4.841780        -4.834069        -4.824178        -4.822158
     -4.812765        -4.803366        -4.799268        -4.794072        -4.790251
     -4.780291        -4.778978        -4.772378        -4.766712        -4.757489
     -4.748737        -4.744107        -4.735567        -4.729142        -4.723177
     -4.712891        -4.701265        -4.696353        -4.692493        -4.690084
     -4.662117        -4.661906        -4.655435        -4.653470        -4.642660
     -4.635305        -4.631667        -4.626052        -4.624891        -4.619370
     -4.612532        -4.605463        -4.597768        -4.582681        -4.577060
     -4.573592        -4.568295        -4.559340        -4.549607        -4.542242
     -4.528009        -4.515081        -4.507117        -4.496327        -4.484827
     -4.476608        -4.474281        -4.464810        -4.463066        -4.457495
     -4.424971        -4.422003        -4.414204        -4.412774        -4.392467
     -4.388656        -4.382587        -4.363491        -4.361349        -4.328286
     -4.317533        -4.311229        -4.301020        -4.258341        -4.242209
     -4.211423        -4.200417        -4.188957        -4.163140        -4.123042
     -4.111364        -4.092246        -4.071661        -4.049055        -4.040418
     -4.015731        -3.992423        -3.987391        -3.981581        -3.966883
     -3.947669        -3.936933        -3.932999        -3.920105        -3.893944
     -3.887160        -3.866409        -3.842419        -3.830522        -3.809936
     -3.797103        -3.784434        -3.763796        -3.746916        -3.738576
     -3.736311        -3.727768        -3.690350        -3.675282        -3.662334
     -3.657611        -3.647908        -3.645205        -3.627848        -3.622530
     -3.598150        -3.586033        -3.584097        -3.559896        -3.553747
     -3.550470        -3.531795        -3.527664        -3.498547        -3.487259
     -3.480033        -3.471620        -3.451130        -3.445037        -3.426647
     -3.415204        -3.413658        -3.387010        -3.370183        -3.363782
     -3.360008        -3.348010        -3.330863        -3.321379        -3.313784
     -3.305065        -3.287228        -3.283975        -3.268577        -3.250374
     -3.247527        -3.234401        -3.228396        -3.216452        -3.213794
     -3.199710        -3.178000        -3.121693        -3.109181        -3.103340
     -3.101852        -3.045550        -3.043166        -3.006694        -2.980110
     -2.957833        -2.924459        -2.846751        -2.819672        -2.794201
     -2.753842        -2.740386        -2.708691        -2.704508        -2.671373
     -2.662918        -2.657572        -2.633835        -2.614704        -2.574506
     -2.563624        -2.549591        -2.541671        -2.461814        -2.453231
     -2.417330        -2.393010        -2.383442        -2.367559        -2.356988
     -2.335133        -2.270573        -2.243372        -2.211748        -2.174719
     -2.150667        -2.149138        -2.108382        -2.081899        -1.849405
      2.663740         2.692350         2.839744         2.882344         2.904841
      2.927511         2.941653         2.963408         3.076855         3.144762
      3.175741         3.251111         3.266322         3.311613         3.367606
      3.396340         3.413272         3.433804         3.477878         3.510045
      3.533415         3.548904         3.565848         3.606081         3.631460
      3.668378         3.705545         3.713977         3.769375         3.774197
      3.786754         3.817095         3.851137         3.866599         3.890197
      3.897908         3.930759         3.977240         3.993862         3.998855
      4.006577         4.030778         4.055326         4.082572         4.094849
      4.110078         4.142548         4.158621         4.196364         4.211596
      4.243247         4.262116         4.280270         4.313864         4.355696
      4.397792         4.417802         4.477773
 *********************************
 sum eigen(dbl occ, ryd)=  -1531.48652370321     
 *********************************
 Ef(eV)=   1.74852604311583     
 ***************************************************
 iter=          20
 ---------------------------------------------------
 dvE, dvE(n)-dvE(n-1) = 0.5134E-05 -.1458E-05
 dv_ave, drho_tot     = 0.2266E-02 0.4615E-03
 err of ug            = 0.1025E-03
 ---------------------------------------------------
 Ewald        = -.42716155442192E+05
 Alpha        = 0.15207970391171E+04
 E_extV       = 0.00000000000000E+00    0.0000E+00
 E_NSC        = -.21264948285732E+05    0.1082E+01
 E[-rho*V_Hxc]= -.12108529928268E+06    -.1068E+01
 E_Hxc        = 0.50639587726473E+05    0.9506E+00
 -TS          = -.31275732090708E-15    -.2721E-15
 E_tot(eV)    = -.13290601824501E+06    0.1335E-01
 ---------------------------------------------------
 E_ion,E_coul,E_xc =   -221514.7688164   79371.8365058  -28732.2487793
Ewald+Hart+ion    -0.1848590877528E+06
 ave(vtot)=ave_(V_xc)=: v0= -0.283844353810084     
 Eigen energies are values after setting ave_vtot=0
 ----------------------------------
 One SCF use:    85.9667291641235       s
 *********************************
 ****** kpt=           1
 err of each states, eV
  0.314512E-02     0.117635E-02     0.296052E-02     0.303159E-02     0.911009E-03
  0.693431E-03     0.106975E-02     0.532340E-03     0.503157E-03     0.489606E-03
  0.877516E-03     0.395961E-03     0.556218E-03     0.934014E-03     0.740607E-03
  0.638787E-03     0.694731E-03     0.128454E-02     0.139772E-02     0.594261E-03
  0.479389E-03     0.721059E-03     0.522112E-03     0.412750E-03     0.776142E-03
  0.854565E-03     0.753360E-03     0.524202E-03     0.444623E-03     0.461113E-03
  0.478293E-03     0.405490E-03     0.160112E-02     0.159924E-02     0.881759E-03
  0.425887E-03     0.522248E-03     0.439869E-03     0.505067E-03     0.403100E-03
  0.539497E-03     0.832252E-03     0.123900E-02     0.690975E-03     0.400508E-03
  0.378414E-03     0.557765E-03     0.152933E-02     0.161502E-02     0.646449E-03
  0.763377E-03     0.312096E-03     0.652111E-03     0.680524E-03     0.606017E-03
  0.162780E-02     0.110720E-02     0.725562E-03     0.494536E-03     0.408977E-03
  0.488019E-03     0.902157E-03     0.827166E-03     0.540165E-03     0.999616E-03
  0.681925E-03     0.516284E-03     0.638378E-03     0.470490E-03     0.107556E-02
  0.682479E-03     0.378947E-03     0.334421E-03     0.424325E-03     0.908811E-03
  0.640696E-03     0.919740E-03     0.801626E-03     0.759466E-03     0.939538E-03
  0.435842E-03     0.136296E-02     0.387139E-03     0.390049E-03     0.742517E-03
  0.634541E-03     0.794048E-03     0.444321E-03     0.779028E-03     0.394532E-03
  0.438270E-03     0.213034E-02     0.383401E-03     0.362198E-02     0.100998E-02
  0.502124E-03     0.416743E-03     0.343163E-03     0.556626E-03     0.468468E-03
  0.598465E-03     0.557979E-03     0.605903E-03     0.399428E-03     0.771149E-03
  0.751048E-03     0.682757E-03     0.426528E-03     0.408002E-03     0.373321E-03
  0.845693E-03     0.375612E-03     0.486395E-03     0.331770E-03     0.867742E-03
  0.481414E-03     0.554041E-03     0.620334E-03     0.504887E-03     0.930334E-03
  0.366698E-02     0.618718E-03     0.837777E-03     0.397959E-03     0.707284E-03
  0.923358E-03     0.429422E-03     0.522859E-03     0.557894E-03     0.846446E-03
  0.907018E-03     0.503922E-03     0.102160E-02     0.875522E-03     0.865869E-03
  0.535856E-03     0.306886E-03     0.392809E-03     0.118558E-02     0.646957E-03
  0.498591E-03     0.418052E-03     0.458592E-03     0.104373E-02     0.912379E-03
  0.470369E-03     0.551775E-03     0.816036E-03     0.190337E-02     0.329166E-02
  0.145326E-02     0.667122E-03     0.314206E-03     0.360226E-03     0.112432E-02
  0.874497E-03     0.477684E-03     0.830922E-03     0.206230E-02     0.381001E-03
  0.321924E-03     0.305185E-03     0.103704E-02     0.395305E-03     0.557106E-03
  0.165811E-02     0.557562E-03     0.682163E-03     0.839259E-03     0.100016E-02
  0.100798E-02     0.636543E-03     0.425836E-03     0.417242E-03     0.713123E-03
  0.952445E-03     0.298973E-03     0.325891E-03     0.698907E-03     0.117271E-02
  0.435471E-03     0.347283E-03     0.425822E-03     0.357689E-03     0.466909E-03
  0.281502E-03     0.543806E-03     0.837849E-03     0.394461E-03     0.808172E-03
  0.104668E-02     0.203976E-02     0.429819E-03     0.391213E-03     0.529327E-03
  0.578415E-03     0.474250E-03     0.463015E-03     0.351955E-03     0.708169E-03
  0.580989E-03     0.366672E-03     0.682275E-03     0.799451E-03     0.419819E-03
  0.669100E-03     0.440105E-03     0.473798E-03     0.549481E-03     0.433904E-03
  0.669543E-03     0.382415E-03     0.502405E-03     0.581257E-03     0.532392E-03
  0.418655E-03     0.474506E-03     0.631550E-03     0.473138E-03     0.608093E-03
  0.610629E-03     0.461218E-03     0.352261E-03     0.459064E-03     0.458024E-03
  0.515596E-03     0.416017E-03     0.466662E-03     0.529994E-03     0.381092E-03
  0.652147E-03     0.442171E-03     0.466046E-03     0.519099E-03     0.471064E-03
  0.635906E-03     0.440822E-03     0.505488E-03     0.525217E-03     0.543285E-03
  0.686200E-03     0.472168E-03     0.583802E-03     0.614799E-03     0.529066E-03
  0.598326E-03     0.276412E-03     0.612535E-03     0.592228E-03     0.440795E-03
  0.490404E-03     0.382392E-03     0.543464E-03     0.455164E-03     0.445745E-03
  0.437410E-03     0.485645E-03     0.557857E-03     0.420716E-03     0.519130E-03
  0.469910E-03     0.433020E-03     0.446635E-03     0.511319E-03     0.620430E-03
  0.647167E-03     0.624687E-03     0.562682E-03     0.627744E-03     0.619000E-03
  0.560205E-03     0.520740E-03     0.634004E-03     0.607685E-03     0.619474E-03
  0.623558E-03     0.563760E-03     0.654514E-03     0.869605E-03     0.718858E-03
  0.470103E-03     0.567365E-03     0.630355E-03     0.844230E-03     0.538352E-03
  0.616424E-03     0.575380E-03     0.624689E-03     0.671441E-03     0.547835E-03
  0.494770E-03     0.784153E-03     0.805766E-03     0.613196E-03     0.584907E-03
  0.731667E-03     0.587825E-03     0.689103E-03     0.452604E-03     0.406325E-03
  0.688048E-03     0.549986E-03     0.409022E-03     0.578111E-03     0.646476E-03
  0.603278E-03     0.628767E-03     0.642781E-03     0.478976E-03     0.646487E-03
  0.100579E-02     0.476026E-03     0.851142E-03     0.921623E-03     0.823981E-03
  0.834387E-03     0.847380E-03     0.103949E-02     0.848641E-03     0.840921E-03
  0.805240E-03     0.862209E-03     0.776206E-03     0.850204E-03     0.629318E-03
  0.731771E-03     0.101050E-02     0.791515E-03     0.612348E-03     0.911883E-03
  0.804005E-03     0.665539E-03     0.710713E-03     0.759385E-03     0.602917E-03
  0.566077E-03     0.800894E-03     0.718592E-03     0.737604E-03     0.889731E-03
  0.848563E-03     0.786354E-03     0.993928E-03     0.105326E-02     0.990107E-03
  0.790515E-03     0.902543E-03     0.835540E-03     0.696195E-03     0.918051E-03
  0.745963E-03     0.761391E-03     0.867631E-03     0.775886E-03     0.857649E-03
  0.845293E-03     0.804677E-03     0.832997E-03     0.843948E-03     0.771937E-03
  0.738915E-03     0.788111E-03     0.766369E-03     0.725506E-03     0.723047E-03
  0.743146E-03     0.726448E-03     0.813030E-03     0.101378E-02     0.100534E-02
  0.873904E-03     0.882322E-03     0.899683E-03     0.794206E-03     0.907033E-03
  0.729369E-03     0.979475E-03     0.110898E-02     0.767998E-03     0.102570E-02
  0.867144E-03     0.749193E-03     0.776898E-03     0.942314E-03     0.115029E-02
  0.130257E-02     0.809700E-03     0.817065E-03     0.744154E-03     0.756322E-03
  0.847025E-03     0.895159E-03     0.100797E-02     0.861157E-03     0.969401E-03
  0.775585E-03     0.104851E-02     0.107286E-02     0.686957E-03     0.862560E-03
  0.909878E-03     0.108690E-02     0.959647E-03     0.810421E-03     0.713163E-03
  0.888715E-03     0.125462E-02     0.138453E-02     0.103410E-02     0.107755E-02
  0.841525E-03     0.797362E-03     0.821417E-03     0.106099E-02     0.876921E-03
  0.910447E-03     0.637467E-03     0.889914E-03     0.113351E-02     0.995604E-03
  0.838353E-03     0.103104E-02     0.128534E-02     0.960103E-03     0.923700E-03
  0.110199E-02     0.107248E-02     0.113839E-02     0.792731E-03     0.830886E-03
  0.925239E-03     0.127206E-02     0.787587E-03     0.100815E-02     0.108844E-02
  0.131896E-02     0.122544E-02     0.133565E-02     0.148468E-02     0.114153E-02
  0.110989E-02     0.794780E-03     0.106319E-02     0.745342E-03     0.922555E-03
  0.877888E-03     0.938639E-03     0.947607E-03     0.966888E-03     0.991994E-03
  0.984924E-03     0.103380E-02     0.848572E-03     0.705071E-03     0.102588E-02
  0.105378E-02     0.106824E-02     0.130903E-02     0.120639E-02     0.784116E-03
  0.915266E-03     0.983240E-03     0.721396E-03     0.974252E-03     0.943099E-03
  0.102183E-02     0.948534E-03     0.125202E-02     0.138778E-02     0.148107E-02
  0.840098E-03     0.845892E-03     0.893705E-03     0.832065E-03     0.600884E-03
  0.111084E-02     0.683356E-03     0.101018E-02     0.112819E-02     0.840964E-03
  0.113191E-02     0.123880E-02     0.748448E-03     0.646186E-03     0.846221E-03
  0.105810E-02     0.932961E-03     0.679841E-03     0.989964E-03     0.136120E-02
  0.103394E-02     0.669477E-03     0.745555E-03     0.566854E-03     0.600475E-03
  0.746718E-03     0.878009E-03     0.904488E-03     0.819097E-03     0.673025E-03
  0.645033E-03     0.779940E-03     0.777576E-03     0.737565E-03     0.720200E-03
  0.114525E-02     0.663897E-03     0.621088E-03     0.752699E-03     0.763280E-03
  0.733700E-03     0.101590E-02     0.988966E-03     0.795192E-03     0.621442E-03
  0.650746E-03     0.668046E-03     0.796110E-03     0.727589E-03     0.932776E-03
  0.825450E-03     0.761207E-03     0.781838E-03     0.802167E-03     0.783496E-03
  0.865169E-03     0.756546E-03     0.855910E-03     0.885036E-03     0.808632E-03
  0.886561E-03     0.741079E-03     0.839640E-03     0.748229E-03     0.776399E-03
  0.682147E-03     0.712400E-03     0.781111E-03     0.108923E-02     0.107459E-02
  0.677076E-03     0.667678E-03     0.931742E-03     0.822790E-03     0.586308E-03
  0.709295E-03     0.792436E-03     0.100925E-02     0.679677E-03     0.619284E-03
  0.701848E-03     0.735307E-03     0.545274E-03     0.731143E-03     0.762447E-03
  0.679873E-03     0.740727E-03     0.705947E-03     0.798028E-03     0.962978E-03
  0.677941E-03     0.769261E-03     0.691908E-03     0.936324E-03     0.724835E-03
  0.918518E-03     0.683795E-03     0.899794E-03     0.731635E-03     0.608663E-03
  0.697005E-03     0.869053E-03     0.911120E-03     0.907216E-03     0.867371E-03
  0.826929E-03     0.843732E-03     0.755665E-03     0.106384E-02     0.695585E-03
  0.775011E-03     0.827826E-03     0.760568E-03     0.668245E-03     0.837282E-03
  0.879169E-03     0.775529E-03     0.105994E-02     0.957496E-03     0.790858E-03
  0.880587E-03     0.801901E-03     0.826039E-03     0.788837E-03     0.905085E-03
  0.885675E-03     0.767342E-03     0.801441E-03     0.826713E-03     0.795503E-03
  0.950249E-03     0.855252E-03     0.850000E-03     0.110750E-02     0.795234E-03
  0.991850E-03     0.849600E-03     0.971029E-03     0.875701E-03     0.677400E-03
  0.843774E-03     0.777614E-03     0.746014E-03     0.792917E-03     0.845748E-03
  0.854137E-03     0.753619E-03     0.863286E-03     0.853696E-03     0.819364E-03
  0.825738E-03     0.106092E-02     0.749362E-03     0.912440E-03     0.893376E-03
  0.767426E-03     0.744462E-03     0.787244E-03     0.803623E-03     0.954027E-03
  0.822057E-03     0.971210E-03     0.856432E-03     0.697504E-03     0.755464E-03
  0.795218E-03     0.819547E-03     0.944250E-03     0.793295E-03     0.882869E-03
  0.792807E-03     0.796834E-03     0.831150E-03     0.811050E-03     0.745393E-03
  0.798515E-03     0.867924E-03     0.925644E-03     0.844286E-03     0.779198E-03
  0.853413E-03     0.718068E-03     0.108823E-02     0.819943E-03     0.963562E-03
  0.757626E-03     0.870594E-03     0.864059E-03     0.966688E-03     0.771681E-03
  0.795258E-03     0.839326E-03     0.972935E-03     0.976297E-03     0.827715E-03
  0.994285E-03     0.934024E-03     0.853197E-03     0.103326E-02     0.852047E-03
  0.862252E-03     0.773777E-03     0.824243E-03     0.783203E-03     0.776876E-03
  0.691529E-03     0.105939E-02     0.991621E-03     0.856493E-03     0.110203E-02
  0.955542E-03     0.108487E-02     0.989539E-03     0.951808E-03     0.938660E-03
  0.101017E-02     0.921103E-03     0.107814E-02     0.968439E-03     0.100966E-02
  0.987628E-03     0.942671E-03     0.988962E-03     0.104470E-02     0.107673E-02
  0.101738E-02     0.101503E-02     0.103124E-02     0.976854E-03     0.100070E-02
  0.105545E-02     0.113932E-02     0.106820E-02     0.114587E-02     0.885010E-03
  0.927386E-03     0.840658E-03     0.917827E-03     0.986974E-03     0.984209E-03
  0.996166E-03     0.991782E-03     0.971679E-03     0.852269E-03     0.940462E-03
  0.996000E-03     0.884029E-03     0.944013E-03     0.936378E-03     0.900631E-03
  0.967402E-03     0.972983E-03     0.945318E-03     0.101994E-02     0.948764E-03
  0.846223E-03     0.833012E-03     0.853179E-03     0.112284E-02     0.100432E-02
  0.953833E-03     0.884905E-03     0.965679E-03     0.965808E-03     0.931056E-03
  0.901076E-03     0.104253E-02     0.108170E-02     0.990667E-03     0.983986E-03
  0.944254E-03     0.837977E-03     0.116041E-02     0.944528E-03     0.893374E-03
  0.103656E-02     0.961593E-03     0.109000E-02     0.987200E-03     0.109306E-02
  0.103472E-02     0.911916E-03     0.873668E-03     0.100691E-02     0.889224E-03
  0.845351E-03     0.830206E-03     0.107455E-02     0.778291E-03     0.126207E-02
  0.115036E-02     0.922053E-03     0.116123E-02     0.898171E-03     0.102673E-02
  0.882071E-03     0.118127E-02     0.974693E-03     0.113305E-02     0.909860E-03
  0.100375E-02     0.100487E-02     0.109319E-02     0.835928E-03     0.813316E-03
  0.942778E-03     0.106092E-02     0.102021E-02     0.107368E-02     0.106028E-02
  0.102985E-02     0.941462E-03     0.102703E-02     0.107185E-02     0.102803E-02
  0.104382E-02     0.972814E-03     0.997656E-03     0.104713E-02     0.116867E-02
  0.100443E-02     0.105783E-02     0.102039E-02     0.111749E-02     0.984480E-03
  0.113808E-02     0.111811E-02     0.106461E-02     0.105019E-02     0.987617E-03
  0.104817E-02     0.119000E-02     0.116333E-02     0.105949E-02     0.109828E-02
  0.122150E-02     0.934637E-03     0.114469E-02     0.115109E-02     0.109049E-02
  0.112705E-02     0.105041E-02     0.905669E-03     0.101259E-02     0.109197E-02
  0.979469E-03     0.109229E-02     0.106027E-02     0.100171E-02     0.121463E-02
  0.112383E-02     0.118148E-02     0.115625E-02     0.101751E-02     0.118967E-02
  0.108509E-02     0.123116E-02     0.107645E-02     0.116010E-02     0.111122E-02
  0.123359E-02     0.886002E-03     0.129160E-02     0.119972E-02     0.114867E-02
  0.141495E-02     0.123881E-02     0.139742E-02     0.104702E-02     0.122556E-02
  0.126957E-02     0.114535E-02     0.129627E-02     0.113854E-02     0.125435E-02
  0.113376E-02     0.105173E-02     0.898335E-03     0.853358E-03     0.964161E-03
  0.996896E-03     0.141150E-02     0.867255E-03     0.119174E-02     0.122142E-02
  0.923626E-03     0.128614E-02     0.119078E-02     0.120959E-02     0.133259E-02
  0.108255E-02     0.908335E-03     0.143904E-02     0.100810E-02     0.137577E-02
  0.114555E-02     0.895003E-03     0.153094E-02     0.185947E-02     0.107650E-02
  0.157860E-02     0.140788E-02     0.137424E-02     0.116108E-02     0.159336E-02
  0.122295E-02     0.137203E-02     0.150517E-02     0.151259E-02     0.113570E-02
  0.119714E-02     0.114668E-02     0.132559E-02     0.112599E-02     0.138636E-02
  0.129346E-02     0.146018E-02     0.125813E-02     0.121573E-02     0.119651E-02
  0.140647E-02     0.125353E-02     0.204132E-02     0.164163E-02     0.150226E-02
  0.153936E-02     0.106797E-02     0.133098E-02     0.121016E-02     0.112889E-02
  0.117158E-02     0.122781E-02     0.959952E-03     0.140950E-02     0.130649E-02
  0.109571E-02     0.101775E-02     0.157233E-02     0.162319E-02     0.131110E-02
  0.138984E-02     0.138430E-02     0.129550E-02     0.133197E-02     0.114336E-02
  0.106997E-02     0.142975E-02     0.128135E-02     0.126463E-02     0.150890E-02
  0.136999E-02     0.199395E-02     0.100964E-02     0.154534E-02     0.150704E-02
  0.145710E-02     0.130019E-02     0.113876E-02     0.249705E-02     0.952204E-03
  0.970484E-03     0.126611E-02     0.930593E-03     0.125693E-02     0.165877E-02
  0.134280E-02     0.839749E-03     0.694561E-03     0.169667E-02     0.944414E-03
  0.877669E-03     0.773236E-03     0.186931E-02     0.124800E-02     0.770483E-03
  0.776936E-03     0.132626E-02     0.953903E-03     0.103561E-02     0.932115E-03
  0.281000E-02     0.109541E-02     0.655659E-03     0.753165E-03     0.804934E-03
  0.844734E-03     0.167372E-02     0.148351E-02     0.845802E-03     0.877557E-03
  0.841617E-03     0.140894E-02     0.817595E-03     0.142968E-02     0.126491E-02
  0.926303E-03     0.930650E-03     0.110765E-02     0.881966E-03     0.866862E-03
  0.446178E-02     0.767747E-02     0.508339E-02     0.554644E-02     0.620972E-02
  0.612142E-02     0.643880E-02     0.620221E-02     0.621609E-02     0.125310E-01
  0.847602E-02     0.113595E-01     0.233244E-01     0.280773E-01     0.313778E-01
  0.308598E-01     0.470186E-01     0.310115E-01     0.517361E-01     0.384657E-01
  0.434881E-01     0.486247E-01     0.357716E-01     0.362287E-01     0.276432E-01
  0.634326E-01     0.616665E-01     0.333039E-01     0.691159E-01     0.111690E+00
  0.661269E-01     0.822154E-01     0.137191E+00     0.136777E+00     0.890620E-01
  0.167322E+00     0.112046E+00     0.173534E+00     0.108004E+00     0.159446E+00
  0.962649E-01     0.181209E+00     0.155128E+00     0.246805E+00     0.177857E+00
  0.175922E+00     0.181909E+00     0.217087E+00     0.167276E+00     0.245444E+00
  0.228354E+00     0.247714E+00     0.224290E+00     0.355914E+00     0.257623E+00
  0.354805E+00     0.415839E+00     0.556055E+00
 eigen energies, in ev
    -44.484661       -44.281764       -44.217287       -44.147281       -43.932517
    -28.253024       -28.244730       -28.205043       -28.118405       -28.104784
    -28.019606       -28.019442       -28.014033       -27.958772       -27.929277
    -27.882762       -27.871653       -27.821456       -27.770657       -27.761998
    -27.745698       -27.711175       -27.708723       -27.699592       -27.697452
    -27.680348       -27.632580       -27.624436       -27.607102       -27.582845
    -27.572781       -27.462636       -27.458641       -27.385831       -27.382054
    -27.372585       -27.331055       -27.303665       -27.300499       -27.278039
    -27.251104       -27.245543       -27.227623       -27.215542       -27.198444
    -27.185283       -27.150511       -27.149531       -27.123972       -27.047883
    -27.014061       -26.984558       -26.948048       -26.909909       -26.828492
    -26.805223       -26.801243       -26.798173       -26.784240       -26.775827
    -26.754837       -26.703696       -26.670148       -26.601185       -26.561254
    -26.548282       -26.535775       -26.520663       -26.438636       -26.422942
    -26.348507       -26.342811       -26.307334       -26.298736       -26.284639
    -26.282214       -26.276180       -26.262060       -26.242912       -26.217133
    -26.200438       -26.195222       -26.178185       -26.133506       -26.056819
    -25.948551       -25.932073       -25.920154       -25.911544       -25.898516
    -25.891363       -25.840746       -25.827960       -25.817821       -25.812294
    -25.779295       -25.778640       -25.774618       -25.743262       -25.690747
    -25.680266       -25.658321       -25.656307       -25.656223       -25.619095
    -25.612947       -25.588614       -25.580724       -25.567530       -25.547038
    -25.546249       -25.537490       -25.507330       -25.483612       -25.411842
    -25.407194       -25.367641       -25.365614       -25.352996       -25.331001
    -25.300839       -25.292186       -25.251718       -25.231949       -25.226590
    -25.225498       -25.216623       -25.166222       -25.153326       -25.131852
    -25.108449       -25.002236       -25.001714       -24.966701       -24.701878
    -24.035105       -23.995540       -23.774302       -23.689063       -23.676483
    -23.599536       -23.591078       -23.514726       -23.505175       -23.457525
    -23.435696       -23.415850       -23.406172       -23.356966       -23.279127
    -23.270308       -23.251112       -23.240829       -23.209355       -23.151182
    -23.076162       -23.068565       -23.058646       -23.043933       -23.038391
    -23.034637       -23.017593       -22.918302       -22.904705       -22.899975
    -22.897468       -22.831094       -22.824514       -22.749006       -22.497471
    -21.850321       -21.492337       -21.461352       -21.451159       -21.363910
    -21.331772       -21.298666       -21.292758       -21.264390       -21.231317
    -21.185901       -21.149266       -21.142685       -21.141802       -21.007164
    -20.961943       -20.924072       -20.857806       -20.835187       -20.627520
    -18.647449       -18.517957       -18.436367       -18.278310       -18.225821
    -16.192630       -16.146672       -16.110994       -16.087493       -16.043932
    -16.038305       -16.033213       -16.011290       -15.964354       -15.894583
    -15.876584       -15.781438       -15.550510       -15.520991       -15.383922
    -15.037386       -14.988163       -14.922220       -14.916756       -14.859789
    -14.839221       -14.830633       -14.802924       -14.756485       -14.706756
    -14.612428       -14.572617       -14.563272       -14.547122       -14.527035
    -14.521495       -14.516584       -14.468675       -14.441009       -14.412073
    -14.380022       -14.359356       -14.350082       -14.012009       -13.937092
    -13.916946       -13.885098       -13.696627       -13.582345       -13.526801
    -13.516968       -13.484245       -13.464890       -13.429679       -13.419543
    -13.392325       -13.370408       -13.359728       -13.317546       -13.315524
    -13.309370       -13.290207       -13.265337       -13.249235       -13.238681
    -13.235708       -13.213488       -13.179754       -13.145243       -13.122463
    -12.983141       -12.971652       -12.948300       -12.909925       -12.840486
    -12.189826       -12.133452       -12.119534       -12.028688       -12.011307
    -11.998732       -11.989778       -11.975636       -11.933450       -11.846621
    -11.831188       -11.809452       -11.798327       -11.761767       -11.627914
    -11.619052       -11.578390       -11.577339       -11.544033       -11.467270
    -11.464925       -11.452689       -11.390146       -11.382590       -11.300618
    -11.274254       -11.213407       -11.170546       -11.152193       -11.149348
    -11.136551       -11.126301       -11.107832       -11.040530       -10.958437
    -10.938579       -10.936837       -10.846240       -10.809911       -10.776084
    -10.673962       -10.649446       -10.644341       -10.600157       -10.533624
    -10.525450       -10.488037       -10.434892       -10.430563       -10.421042
    -10.413165       -10.402905       -10.399965       -10.391887       -10.356769
    -10.318359       -10.312631       -10.307704       -10.305667       -10.292399
    -10.283698       -10.270844       -10.252794       -10.242113       -10.218187
    -10.210488       -10.200556       -10.193363       -10.179911       -10.156864
    -10.141029       -10.129722       -10.097246       -10.093631       -10.081161
    -10.067354       -10.062805       -10.049003       -10.042562       -10.030425
    -10.005020       -10.002909        -9.987073        -9.979547        -9.977637
     -9.969911        -9.963434        -9.961580        -9.892410        -9.881988
     -9.877087        -9.876577        -9.860858        -9.842154        -9.820013
     -9.814445        -9.810752        -9.799737        -9.793057        -9.772833
     -9.765275        -9.749089        -9.724301        -9.678886        -9.669736
     -9.663616        -9.646495        -9.641082        -9.633500        -9.623518
     -9.618208        -9.615362        -9.585531        -9.574948        -9.558603
     -9.554964        -9.544834        -9.536145        -9.523399        -9.505231
     -9.503242        -9.472820        -9.471136        -9.467960        -9.451724
     -9.424367        -9.413817        -9.403274        -9.394898        -9.377109
     -9.366440        -9.357846        -9.327637        -9.312212        -9.290840
     -9.281885        -9.263235        -9.250322        -9.243879        -9.241466
     -9.217523        -9.210712        -9.194892        -9.163890        -9.142732
     -9.127135        -9.105175        -9.093182        -9.083994        -9.083383
     -9.075971        -9.065696        -9.048072        -9.044933        -9.028911
     -9.017634        -8.999526        -8.989911        -8.969051        -8.959994
     -8.952822        -8.932764        -8.928914        -8.922516        -8.907326
     -8.897522        -8.894505        -8.882413        -8.874345        -8.843726
     -8.832561        -8.808022        -8.798811        -8.796018        -8.787268
     -8.780869        -8.746637        -8.723469        -8.715568        -8.701473
     -8.691394        -8.688029        -8.678562        -8.668326        -8.628204
     -8.616718        -8.606503        -8.603193        -8.592433        -8.577635
     -8.547841        -8.519226        -8.511702        -8.476322        -8.475727
     -8.462326        -8.457271        -8.429051        -8.404027        -8.389864
     -8.386134        -8.373008        -8.356261        -8.346055        -8.332057
     -8.320004        -8.315990        -8.309750        -8.272692        -8.253380
     -8.233868        -8.171375        -8.161123        -8.112413        -8.093942
     -8.083397        -8.063792        -8.042245        -8.016166        -8.011662
     -7.998199        -7.994809        -7.983504        -7.977172        -7.927453
     -7.915775        -7.906661        -7.874885        -7.810129        -7.795234
     -7.789287        -7.764946        -7.756660        -7.745966        -7.737563
     -7.702453        -7.681564        -7.655269        -7.634905        -7.621358
     -7.576490        -7.552532        -7.523059        -7.515635        -7.483051
     -7.456966        -7.433229        -7.431176        -7.417047        -7.359710
     -7.343074        -7.310761        -7.298725        -7.290621        -7.285285
     -7.279127        -7.241941        -7.229242        -7.226400        -7.208082
     -7.197175        -7.178128        -7.142904        -7.129395        -7.115860
     -7.041220        -7.035492        -7.031250        -7.000121        -6.982140
     -6.948406        -6.933932        -6.922628        -6.907781        -6.859803
     -6.846904        -6.845470        -6.795964        -6.786768        -6.783613
     -6.767967        -6.764535        -6.756070        -6.749424        -6.724252
     -6.706373        -6.669672        -6.657716        -6.647535        -6.622840
     -6.614560        -6.607582        -6.597510        -6.549030        -6.541498
     -6.522539        -6.518050        -6.511662        -6.504252        -6.494991
     -6.488086        -6.460087        -6.454975        -6.451867        -6.437722
     -6.421482        -6.409230        -6.403939        -6.378548        -6.369726
     -6.368279        -6.365332        -6.360469        -6.349002        -6.342322
     -6.329928        -6.305956        -6.294025        -6.277030        -6.272198
     -6.254711        -6.247660        -6.233688        -6.221162        -6.206875
     -6.187959        -6.181640        -6.166922        -6.157487        -6.152819
     -6.142992        -6.137403        -6.133517        -6.130974        -6.117119
     -6.114019        -6.105138        -6.091432        -6.090680        -6.081010
     -6.070297        -6.067494        -6.059032        -6.053735        -6.047630
     -6.039779        -6.027128        -6.023873        -6.012834        -6.008479
     -5.999056        -5.981258        -5.979741        -5.967526        -5.954226
     -5.947252        -5.938591        -5.934633        -5.921287        -5.902886
     -5.899303        -5.888744        -5.881987        -5.877044        -5.862383
     -5.846138        -5.844094        -5.837444        -5.823009        -5.822237
     -5.811165        -5.805798        -5.799565        -5.793605        -5.789063
     -5.784520        -5.773420        -5.771347        -5.751648        -5.746674
     -5.739591        -5.725743        -5.725020        -5.712352        -5.709623
     -5.694021        -5.688273        -5.674778        -5.669359        -5.663923
     -5.656138        -5.650901        -5.644345        -5.639359        -5.634832
     -5.624637        -5.620398        -5.612807        -5.608024        -5.606177
     -5.597623        -5.592756        -5.586521        -5.582494        -5.577545
     -5.563864        -5.556671        -5.548511        -5.542783        -5.536400
     -5.525072        -5.511418        -5.505063        -5.502370        -5.496282
     -5.494535        -5.479663        -5.474527        -5.468395        -5.459126
     -5.456671        -5.447341        -5.442006        -5.432656        -5.429356
     -5.423494        -5.409640        -5.409117        -5.401228        -5.389567
     -5.382295        -5.371773        -5.363969        -5.360847        -5.356311
     -5.351546        -5.343408        -5.341590        -5.341439        -5.331890
     -5.328076        -5.316120        -5.311014        -5.303003        -5.299798
     -5.287418        -5.284664        -5.282968        -5.275010        -5.267348
     -5.261217        -5.259551        -5.253452        -5.249104        -5.243542
     -5.229811        -5.220490        -5.210290        -5.203441        -5.194366
     -5.190516        -5.185676        -5.175501        -5.174666        -5.167210
     -5.158301        -5.152369        -5.150137        -5.144807        -5.136383
     -5.127707        -5.121815        -5.117714        -5.114737        -5.110272
     -5.104935        -5.092661        -5.090072        -5.082869        -5.079767
     -5.076526        -5.072283        -5.062256        -5.053510        -5.042768
     -5.035103        -5.026172        -5.025080        -5.018957        -5.014402
     -5.008882        -4.997973        -4.987503        -4.982558        -4.978212
     -4.969514        -4.960798        -4.957676        -4.954258        -4.951316
     -4.942499        -4.931356        -4.928556        -4.920845        -4.918023
     -4.913364        -4.912213        -4.902216        -4.896268        -4.893384
     -4.881005        -4.878173        -4.874302        -4.864178        -4.857710
     -4.852271        -4.843678        -4.841934        -4.833134        -4.828975
     -4.818577        -4.812022        -4.807504        -4.796895        -4.788045
     -4.782472        -4.773869        -4.765720        -4.765182        -4.759009
     -4.749670        -4.746043        -4.736961        -4.727791        -4.717950
     -4.707441        -4.701871        -4.689741        -4.689481        -4.684137
     -4.676100        -4.671134        -4.661501        -4.658479        -4.650808
     -4.641158        -4.634329        -4.633341        -4.626469        -4.619008
     -4.614918        -4.611897        -4.603041        -4.589288        -4.582262
     -4.574195        -4.566244        -4.554547        -4.548469        -4.543019
     -4.529030        -4.520426        -4.504727        -4.501038        -4.493683
     -4.485812        -4.481097        -4.467546        -4.465766        -4.448123
     -4.426886        -4.418696        -4.410245        -4.406360        -4.402948
     -4.390007        -4.387004        -4.382974        -4.361079        -4.332736
     -4.311508        -4.302664        -4.292587        -4.251457        -4.241315
     -4.215371        -4.202736        -4.177421        -4.158903        -4.121937
     -4.112724        -4.085399        -4.062386        -4.054409        -4.036269
     -4.022800        -4.000266        -3.977158        -3.972654        -3.955698
     -3.935110        -3.929942        -3.921780        -3.907334        -3.905134
     -3.881755        -3.848842        -3.833331        -3.818466        -3.807547
     -3.791438        -3.773863        -3.762582        -3.748705        -3.735245
     -3.726477        -3.712104        -3.686295        -3.669605        -3.656082
     -3.654305        -3.642069        -3.638385        -3.618921        -3.616657
     -3.609900        -3.597182        -3.580262        -3.573667        -3.567916
     -3.558776        -3.525044        -3.509097        -3.502878        -3.484459
     -3.464538        -3.456410        -3.453275        -3.436936        -3.413488
     -3.411455        -3.389448        -3.385257        -3.369658        -3.366444
     -3.359857        -3.349155        -3.342174        -3.332522        -3.308621
     -3.303972        -3.289698        -3.281673        -3.279146        -3.257310
     -3.244007        -3.232813        -3.230518        -3.227003        -3.202099
     -3.197023        -3.189017        -3.123854        -3.121235        -3.102784
     -3.098584        -3.042245        -3.039419        -3.004522        -2.979050
     -2.958806        -2.933257        -2.837219        -2.830590        -2.807679
     -2.744536        -2.706540        -2.696718        -2.692135        -2.665609
     -2.660092        -2.652903        -2.625216        -2.605815        -2.588722
     -2.566082        -2.550555        -2.528955        -2.451254        -2.448423
     -2.416716        -2.410779        -2.373160        -2.359651        -2.344888
     -2.326764        -2.253413        -2.226862        -2.206426        -2.167572
     -2.137110        -2.136243        -2.099545        -2.099113        -1.841386
      2.685563         2.694847         2.836827         2.889174         2.919163
      2.935753         2.948852         2.976559         3.092609         3.154470
      3.190890         3.237710         3.267957         3.313602         3.368116
      3.399524         3.414345         3.435725         3.469086         3.520088
      3.537235         3.555801         3.573472         3.613178         3.650167
      3.666323         3.713377         3.723364         3.771069         3.774568
      3.792317         3.819668         3.847307         3.862403         3.892026
      3.894385         3.934061         3.975914         3.997779         4.001276
      4.013036         4.027070         4.055753         4.071118         4.092263
      4.107396         4.141363         4.157593         4.196032         4.211006
      4.240552         4.258708         4.276699         4.293750         4.355777
      4.386021         4.401154         4.458574
 *********************************
 sum eigen(dbl occ, ryd)=  -1531.37399144846     
 *********************************
 Ef(eV)=   1.84035704944015     
 ***************************************************
 iter=          21
 ---------------------------------------------------
 dvE, dvE(n)-dvE(n-1) = 0.9484E-06 -.4186E-05
 dv_ave, drho_tot     = 0.9739E-03 0.3743E-03
 err of ug            = 0.6509E-04
 ---------------------------------------------------
 Ewald        = -.42716155442192E+05
 Alpha        = 0.15207970391171E+04
 E_extV       = 0.00000000000000E+00    0.0000E+00
 E_NSC        = -.21263585235577E+05    0.1363E+01
 E[-rho*V_Hxc]= -.12108791308153E+06    -.1356E+01
 E_Hxc        = 0.50640845342989E+05    0.1258E+01
 -TS          = -.61465937517202E-14    -.5834E-14
 E_tot(eV)    = -.13290601137719E+06    0.6868E-02
 ---------------------------------------------------
 E_ion,E_coul,E_xc =   -221515.9088644   79373.2379039  -28732.3925609
Ewald+Hart+ion    -0.1848588264027E+06
 ave(vtot)=ave_(V_xc)=: v0= -0.283816288198560     
 Eigen energies are values after setting ave_vtot=0
 ----------------------------------
 One SCF use:    85.9995410442352       s
 *********************************
 ****** kpt=           1
 err of each states, eV
  0.705287E-03     0.447439E-03     0.100662E-01     0.129340E-02     0.148732E-02
  0.468821E-03     0.666265E-03     0.620307E-03     0.408275E-03     0.809360E-03
  0.467992E-03     0.792456E-03     0.451135E-03     0.552155E-03     0.384151E-03
  0.428748E-03     0.109648E-02     0.127190E-02     0.699815E-03     0.448678E-03
  0.432119E-03     0.627022E-03     0.540341E-03     0.448670E-03     0.473278E-03
  0.728278E-03     0.124574E-02     0.366703E-03     0.121836E-02     0.424780E-03
  0.861653E-03     0.145642E-02     0.116777E-02     0.672762E-03     0.214027E-02
  0.961664E-03     0.446688E-03     0.487496E-03     0.141741E-02     0.630378E-03
  0.451372E-03     0.228871E-02     0.961413E-03     0.428212E-03     0.415902E-03
  0.427261E-03     0.169321E-02     0.793736E-03     0.481453E-03     0.805316E-03
  0.484975E-03     0.527344E-02     0.484463E-03     0.456631E-03     0.136225E-02
  0.643416E-03     0.387094E-03     0.493830E-03     0.331894E-03     0.505325E-03
  0.834562E-03     0.557774E-03     0.907099E-03     0.618579E-03     0.395098E-03
  0.398735E-03     0.523002E-03     0.383143E-03     0.644167E-03     0.482118E-03
  0.754498E-03     0.695261E-03     0.355152E-03     0.340673E-03     0.434739E-03
  0.391448E-03     0.449581E-03     0.331897E-03     0.319560E-03     0.610415E-03
  0.543242E-03     0.363872E-03     0.331452E-02     0.463107E-03     0.338357E-03
  0.413040E-03     0.381318E-03     0.409434E-03     0.149450E-02     0.365936E-03
  0.130698E-02     0.393876E-03     0.577737E-03     0.114826E-02     0.656558E-03
  0.541469E-03     0.350917E-03     0.908238E-03     0.434466E-03     0.352244E-03
  0.382151E-03     0.395970E-03     0.527717E-03     0.104885E-02     0.874763E-03
  0.665140E-03     0.515230E-03     0.314497E-03     0.392822E-03     0.461949E-03
  0.156430E-02     0.553617E-03     0.664271E-03     0.467090E-03     0.677231E-03
  0.114467E-02     0.602899E-03     0.770980E-03     0.456003E-03     0.426288E-03
  0.346398E-03     0.812844E-03     0.557655E-03     0.575820E-03     0.342133E-03
  0.483735E-03     0.197407E-02     0.595669E-03     0.413228E-03     0.315116E-03
  0.786188E-03     0.743626E-03     0.326634E-03     0.681552E-03     0.377481E-03
  0.546964E-03     0.314129E-03     0.328577E-03     0.464173E-03     0.628222E-03
  0.410640E-03     0.424206E-03     0.368224E-03     0.490755E-03     0.433470E-03
  0.750040E-03     0.468852E-03     0.345337E-03     0.279910E-02     0.572202E-02
  0.102543E-02     0.351492E-03     0.343723E-03     0.352873E-03     0.407878E-02
  0.832506E-03     0.341988E-03     0.254723E-02     0.104008E-02     0.434431E-03
  0.321050E-03     0.113194E-02     0.112688E-02     0.103250E-02     0.790087E-03
  0.350333E-03     0.800602E-03     0.613461E-03     0.325386E-03     0.956393E-03
  0.395451E-03     0.394215E-03     0.297939E-03     0.319400E-03     0.434771E-03
  0.500502E-03     0.102837E-02     0.231663E-02     0.352065E-03     0.399282E-03
  0.158341E-02     0.289480E-03     0.246688E-03     0.178324E-02     0.669269E-03
  0.277594E-03     0.598083E-02     0.423551E-03     0.264946E-03     0.484474E-03
  0.394876E-03     0.879097E-03     0.416192E-03     0.320399E-03     0.401525E-03
  0.447227E-03     0.411969E-03     0.388314E-03     0.425036E-03     0.425930E-03
  0.477361E-03     0.488855E-03     0.864215E-03     0.446626E-03     0.622238E-03
  0.441929E-03     0.407254E-03     0.498688E-03     0.466686E-03     0.505321E-03
  0.636355E-03     0.497655E-03     0.372489E-03     0.515660E-03     0.548339E-03
  0.372891E-03     0.555908E-03     0.473115E-03     0.475077E-03     0.406531E-03
  0.353097E-03     0.458725E-03     0.361213E-03     0.579738E-03     0.552045E-03
  0.559365E-03     0.387800E-03     0.660473E-03     0.503097E-03     0.476586E-03
  0.840346E-03     0.493056E-03     0.490601E-03     0.424891E-03     0.494432E-03
  0.391112E-03     0.508864E-03     0.522390E-03     0.536419E-03     0.450790E-03
  0.765979E-03     0.515388E-03     0.542929E-03     0.567286E-03     0.501468E-03
  0.383932E-03     0.327415E-03     0.382336E-03     0.494725E-03     0.388752E-03
  0.442805E-03     0.403901E-03     0.460013E-03     0.488909E-03     0.472918E-03
  0.463816E-03     0.433050E-03     0.613999E-03     0.580161E-03     0.413299E-03
  0.537907E-03     0.535140E-03     0.450274E-03     0.544164E-03     0.572857E-03
  0.467529E-03     0.720589E-03     0.584958E-03     0.540804E-03     0.556827E-03
  0.539812E-03     0.479178E-03     0.798277E-03     0.492973E-03     0.621609E-03
  0.573228E-03     0.646696E-03     0.509005E-03     0.604372E-03     0.629338E-03
  0.493559E-03     0.613064E-03     0.447590E-03     0.420534E-03     0.604715E-03
  0.509372E-03     0.489133E-03     0.511175E-03     0.492073E-03     0.649825E-03
  0.428581E-03     0.847376E-03     0.756097E-03     0.767287E-03     0.491071E-03
  0.593496E-03     0.590162E-03     0.573278E-03     0.475408E-03     0.481343E-03
  0.384975E-03     0.422525E-03     0.528146E-03     0.738028E-03     0.787790E-03
  0.556165E-03     0.532247E-03     0.554096E-03     0.472360E-03     0.937182E-03
  0.674143E-03     0.468857E-03     0.777387E-03     0.899329E-03     0.118415E-02
  0.708216E-03     0.607793E-03     0.750366E-03     0.732528E-03     0.786869E-03
  0.840429E-03     0.849015E-03     0.706883E-03     0.748492E-03     0.789739E-03
  0.713897E-03     0.897816E-03     0.837268E-03     0.897540E-03     0.630391E-03
  0.598537E-03     0.650247E-03     0.685296E-03     0.715554E-03     0.741699E-03
  0.778501E-03     0.695939E-03     0.771887E-03     0.741541E-03     0.589826E-03
  0.647866E-03     0.920268E-03     0.987881E-03     0.804491E-03     0.961996E-03
  0.792413E-03     0.567590E-03     0.632998E-03     0.816773E-03     0.786138E-03
  0.657641E-03     0.761980E-03     0.651055E-03     0.885397E-03     0.845897E-03
  0.786322E-03     0.774082E-03     0.632828E-03     0.906117E-03     0.783526E-03
  0.718037E-03     0.640941E-03     0.558664E-03     0.531708E-03     0.761999E-03
  0.648015E-03     0.695498E-03     0.935307E-03     0.101832E-02     0.102952E-02
  0.678712E-03     0.751191E-03     0.763256E-03     0.808849E-03     0.800115E-03
  0.709329E-03     0.596519E-03     0.108882E-02     0.663619E-03     0.758403E-03
  0.543447E-03     0.633259E-03     0.104465E-02     0.880554E-03     0.903449E-03
  0.768438E-03     0.822398E-03     0.550101E-03     0.793669E-03     0.758603E-03
  0.696432E-03     0.742712E-03     0.103794E-02     0.841813E-03     0.951665E-03
  0.915456E-03     0.806551E-03     0.682397E-03     0.100291E-02     0.100374E-02
  0.786141E-03     0.850675E-03     0.109911E-02     0.120632E-02     0.793532E-03
  0.832199E-03     0.151586E-02     0.620140E-03     0.781376E-03     0.826116E-03
  0.857699E-03     0.833507E-03     0.918522E-03     0.773812E-03     0.690581E-03
  0.845108E-03     0.734742E-03     0.911682E-03     0.897631E-03     0.115349E-02
  0.686909E-03     0.125331E-02     0.775338E-03     0.801184E-03     0.899464E-03
  0.777467E-03     0.965200E-03     0.793885E-03     0.882510E-03     0.888229E-03
  0.127315E-02     0.101362E-02     0.756601E-03     0.753219E-03     0.932171E-03
  0.122309E-02     0.121958E-02     0.106521E-02     0.105551E-02     0.111085E-02
  0.995500E-03     0.112965E-02     0.751015E-03     0.698205E-03     0.886962E-03
  0.100219E-02     0.862715E-03     0.875919E-03     0.829699E-03     0.815786E-03
  0.841851E-03     0.665532E-03     0.718842E-03     0.921664E-03     0.101754E-02
  0.108372E-02     0.147028E-02     0.869739E-03     0.124286E-02     0.867154E-03
  0.698943E-03     0.781103E-03     0.786356E-03     0.739401E-03     0.879388E-03
  0.749465E-03     0.105738E-02     0.182008E-02     0.979902E-03     0.994913E-03
  0.914520E-03     0.925379E-03     0.653713E-03     0.595511E-03     0.110520E-02
  0.713760E-03     0.523434E-03     0.829944E-03     0.954854E-03     0.125204E-02
  0.698807E-03     0.121298E-02     0.813798E-03     0.118790E-02     0.857109E-03
  0.537855E-03     0.745476E-03     0.591257E-03     0.104949E-02     0.138204E-02
  0.990981E-03     0.700047E-03     0.655826E-03     0.595568E-03     0.524010E-03
  0.713257E-03     0.826498E-03     0.754345E-03     0.868098E-03     0.521550E-03
  0.741803E-03     0.777941E-03     0.801909E-03     0.680802E-03     0.724177E-03
  0.932691E-03     0.647699E-03     0.586906E-03     0.702001E-03     0.660188E-03
  0.799452E-03     0.877461E-03     0.998612E-03     0.894783E-03     0.543701E-03
  0.608790E-03     0.702786E-03     0.826131E-03     0.798404E-03     0.638598E-03
  0.670796E-03     0.769999E-03     0.678977E-03     0.776422E-03     0.105608E-02
  0.589321E-03     0.693500E-03     0.612335E-03     0.592307E-03     0.732787E-03
  0.811862E-03     0.854678E-03     0.834455E-03     0.617032E-03     0.623275E-03
  0.830264E-03     0.121564E-02     0.734748E-03     0.597675E-03     0.990970E-03
  0.497581E-03     0.609462E-03     0.720393E-03     0.112568E-02     0.914612E-03
  0.627451E-03     0.682386E-03     0.531341E-03     0.605338E-03     0.651364E-03
  0.566640E-03     0.596846E-03     0.714243E-03     0.522631E-03     0.589620E-03
  0.608405E-03     0.847224E-03     0.629896E-03     0.804055E-03     0.827487E-03
  0.588711E-03     0.653389E-03     0.670810E-03     0.759631E-03     0.705211E-03
  0.920118E-03     0.713882E-03     0.723023E-03     0.630512E-03     0.663333E-03
  0.623657E-03     0.749812E-03     0.794124E-03     0.730018E-03     0.702149E-03
  0.719115E-03     0.743568E-03     0.828871E-03     0.635057E-03     0.848693E-03
  0.693004E-03     0.718367E-03     0.671963E-03     0.683016E-03     0.600687E-03
  0.770056E-03     0.771791E-03     0.983433E-03     0.855756E-03     0.787975E-03
  0.804710E-03     0.569826E-03     0.645463E-03     0.665646E-03     0.837549E-03
  0.711050E-03     0.737993E-03     0.729158E-03     0.748922E-03     0.859745E-03
  0.793196E-03     0.651295E-03     0.101916E-02     0.774547E-03     0.791630E-03
  0.700964E-03     0.804911E-03     0.759918E-03     0.654214E-03     0.692025E-03
  0.556228E-03     0.876213E-03     0.634874E-03     0.686394E-03     0.594322E-03
  0.819671E-03     0.707069E-03     0.684651E-03     0.100090E-02     0.721018E-03
  0.864692E-03     0.705383E-03     0.677314E-03     0.614820E-03     0.749841E-03
  0.716588E-03     0.815378E-03     0.720337E-03     0.874771E-03     0.714410E-03
  0.100080E-02     0.667004E-03     0.790612E-03     0.757896E-03     0.705558E-03
  0.679628E-03     0.677103E-03     0.722405E-03     0.806833E-03     0.672222E-03
  0.785927E-03     0.687099E-03     0.650916E-03     0.611615E-03     0.655139E-03
  0.682171E-03     0.816657E-03     0.780872E-03     0.758425E-03     0.982821E-03
  0.728909E-03     0.754929E-03     0.909136E-03     0.778406E-03     0.778346E-03
  0.756010E-03     0.775364E-03     0.783313E-03     0.741608E-03     0.763927E-03
  0.813710E-03     0.879828E-03     0.810512E-03     0.723212E-03     0.678363E-03
  0.857120E-03     0.827555E-03     0.888872E-03     0.864525E-03     0.843616E-03
  0.776442E-03     0.699243E-03     0.733847E-03     0.741897E-03     0.714618E-03
  0.797730E-03     0.100581E-02     0.101071E-02     0.842174E-03     0.719356E-03
  0.902729E-03     0.931563E-03     0.859308E-03     0.105993E-02     0.886471E-03
  0.903149E-03     0.909119E-03     0.966956E-03     0.900915E-03     0.824044E-03
  0.805258E-03     0.825211E-03     0.978929E-03     0.961124E-03     0.926322E-03
  0.937674E-03     0.869009E-03     0.923454E-03     0.979452E-03     0.915992E-03
  0.898790E-03     0.779831E-03     0.996417E-03     0.969560E-03     0.828191E-03
  0.880752E-03     0.770614E-03     0.924832E-03     0.812514E-03     0.836120E-03
  0.796761E-03     0.891474E-03     0.784845E-03     0.788728E-03     0.806658E-03
  0.778552E-03     0.796520E-03     0.885195E-03     0.822613E-03     0.800153E-03
  0.851122E-03     0.934234E-03     0.106415E-02     0.775503E-03     0.792569E-03
  0.862447E-03     0.107913E-02     0.788581E-03     0.818163E-03     0.996379E-03
  0.782759E-03     0.790570E-03     0.869616E-03     0.906252E-03     0.850846E-03
  0.857892E-03     0.869216E-03     0.946144E-03     0.949677E-03     0.884835E-03
  0.885497E-03     0.917277E-03     0.882779E-03     0.802483E-03     0.903184E-03
  0.792280E-03     0.833185E-03     0.884923E-03     0.982954E-03     0.101466E-02
  0.812346E-03     0.794508E-03     0.876078E-03     0.919473E-03     0.821918E-03
  0.799332E-03     0.675432E-03     0.951511E-03     0.995418E-03     0.877214E-03
  0.887385E-03     0.905914E-03     0.114824E-02     0.919795E-03     0.824212E-03
  0.875891E-03     0.106630E-02     0.107355E-02     0.956361E-03     0.885487E-03
  0.876276E-03     0.835367E-03     0.719531E-03     0.834984E-03     0.102500E-02
  0.957748E-03     0.102647E-02     0.910413E-03     0.969913E-03     0.113421E-02
  0.921034E-03     0.103868E-02     0.106704E-02     0.836619E-03     0.100097E-02
  0.105464E-02     0.995826E-03     0.898956E-03     0.985547E-03     0.101961E-02
  0.117484E-02     0.975832E-03     0.101156E-02     0.946328E-03     0.930395E-03
  0.909080E-03     0.948037E-03     0.936497E-03     0.998722E-03     0.941098E-03
  0.109132E-02     0.932098E-03     0.103323E-02     0.108067E-02     0.107523E-02
  0.939417E-03     0.106747E-02     0.110141E-02     0.101674E-02     0.907163E-03
  0.100905E-02     0.969937E-03     0.962339E-03     0.100588E-02     0.109799E-02
  0.107336E-02     0.976134E-03     0.924454E-03     0.104119E-02     0.912864E-03
  0.990139E-03     0.102897E-02     0.124086E-02     0.104592E-02     0.102405E-02
  0.101267E-02     0.101304E-02     0.100284E-02     0.107376E-02     0.129523E-02
  0.107853E-02     0.818613E-03     0.107057E-02     0.115301E-02     0.126556E-02
  0.123861E-02     0.119993E-02     0.118902E-02     0.130011E-02     0.103838E-02
  0.133512E-02     0.116945E-02     0.117016E-02     0.116444E-02     0.121343E-02
  0.103848E-02     0.987329E-03     0.816706E-03     0.934492E-03     0.869281E-03
  0.990201E-03     0.134372E-02     0.934459E-03     0.122735E-02     0.125417E-02
  0.879799E-03     0.124748E-02     0.132779E-02     0.130500E-02     0.114786E-02
  0.154245E-02     0.819282E-03     0.151510E-02     0.102472E-02     0.124758E-02
  0.124029E-02     0.156540E-02     0.840823E-03     0.149359E-02     0.106609E-02
  0.191297E-02     0.123661E-02     0.121722E-02     0.162514E-02     0.126588E-02
  0.109636E-02     0.148956E-02     0.145406E-02     0.148651E-02     0.121990E-02
  0.101378E-02     0.115000E-02     0.121091E-02     0.135427E-02     0.136338E-02
  0.953488E-03     0.147372E-02     0.122809E-02     0.125021E-02     0.135261E-02
  0.167545E-02     0.220047E-02     0.156634E-02     0.104126E-02     0.108620E-02
  0.108628E-02     0.856346E-03     0.127041E-02     0.107090E-02     0.127491E-02
  0.127473E-02     0.103517E-02     0.958940E-03     0.121373E-02     0.117959E-02
  0.915777E-03     0.146190E-02     0.122179E-02     0.129160E-02     0.138581E-02
  0.155783E-02     0.118206E-02     0.133023E-02     0.136506E-02     0.110111E-02
  0.112134E-02     0.145130E-02     0.146138E-02     0.122237E-02     0.119567E-02
  0.143191E-02     0.797151E-03     0.190101E-02     0.936005E-03     0.155495E-02
  0.934423E-03     0.171296E-02     0.266962E-02     0.645331E-03     0.646389E-03
  0.956374E-03     0.103783E-02     0.857863E-03     0.110876E-02     0.155880E-02
  0.116609E-02     0.992145E-03     0.186269E-02     0.752765E-03     0.875721E-03
  0.768301E-03     0.146641E-02     0.128480E-02     0.852616E-03     0.883954E-03
  0.827848E-03     0.147964E-02     0.112716E-02     0.115811E-02     0.128545E-02
  0.290794E-02     0.124670E-02     0.102671E-02     0.884394E-03     0.107394E-02
  0.172546E-02     0.754951E-03     0.906928E-03     0.141943E-02     0.105090E-02
  0.841050E-03     0.158089E-02     0.129546E-02     0.106209E-02     0.127145E-02
  0.947635E-03     0.121771E-02     0.142401E-02     0.111803E-02     0.665990E-03
  0.372727E-02     0.529957E-02     0.321201E-02     0.360450E-02     0.379519E-02
  0.421458E-02     0.417943E-02     0.435140E-02     0.428267E-02     0.891136E-02
  0.608667E-02     0.585803E-02     0.179618E-01     0.199810E-01     0.240288E-01
  0.274850E-01     0.325896E-01     0.243650E-01     0.367054E-01     0.318171E-01
  0.355577E-01     0.284558E-01     0.209125E-01     0.370247E-01     0.467670E-01
  0.275119E-01     0.540994E-01     0.293135E-01     0.673859E-01     0.930371E-01
  0.516252E-01     0.653474E-01     0.105613E+00     0.119667E+00     0.847134E-01
  0.859871E-01     0.104433E+00     0.157440E+00     0.968784E-01     0.131223E+00
  0.118466E+00     0.143912E+00     0.130070E+00     0.189882E+00     0.154819E+00
  0.153332E+00     0.146545E+00     0.212952E+00     0.154404E+00     0.236718E+00
  0.200342E+00     0.178132E+00     0.311404E+00     0.248720E+00     0.203368E+00
  0.284580E+00     0.299691E+00     0.239788E+00
 eigen energies, in ev
    -44.452935       -44.276984       -44.190991       -44.146799       -43.932554
    -28.277879       -28.222257       -28.218336       -28.125166       -28.077707
    -28.035305       -28.025203       -28.004916       -27.965463       -27.919959
    -27.887003       -27.850640       -27.841194       -27.790936       -27.737359
    -27.729128       -27.728818       -27.719420       -27.703146       -27.695669
    -27.673290       -27.667914       -27.626105       -27.605414       -27.591240
    -27.554388       -27.483271       -27.453271       -27.396911       -27.375009
    -27.365667       -27.316831       -27.311739       -27.290139       -27.259335
    -27.247233       -27.244558       -27.230509       -27.221830       -27.218279
    -27.191757       -27.170538       -27.156774       -27.083714       -27.030189
    -27.026270       -26.985073       -26.956294       -26.932642       -26.817613
    -26.798959       -26.784941       -26.773776       -26.763195       -26.762358
    -26.734312       -26.703195       -26.703133       -26.637778       -26.572459
    -26.540278       -26.530632       -26.515090       -26.437804       -26.429272
    -26.356423       -26.316861       -26.316270       -26.313126       -26.282617
    -26.282181       -26.250234       -26.247964       -26.234567       -26.233263
    -26.222387       -26.186130       -26.174276       -26.119458       -26.049093
    -25.973005       -25.931849       -25.921792       -25.912153       -25.886172
    -25.864683       -25.835543       -25.812674       -25.810390       -25.790664
    -25.786531       -25.785591       -25.750902       -25.745433       -25.700581
    -25.680410       -25.664104       -25.656848       -25.648790       -25.643248
    -25.629759       -25.626642       -25.587303       -25.583919       -25.546337
    -25.540381       -25.525362       -25.519556       -25.465615       -25.423681
    -25.396655       -25.395586       -25.374196       -25.367969       -25.341751
    -25.293238       -25.286318       -25.265297       -25.252758       -25.226823
    -25.207789       -25.201335       -25.163449       -25.158824       -25.157957
    -25.137748       -25.012600       -25.009373       -24.990519       -24.720761
    -24.047467       -23.984395       -23.737813       -23.695585       -23.686216
    -23.607944       -23.589368       -23.508783       -23.502010       -23.442602
    -23.404387       -23.398104       -23.372080       -23.336213       -23.287307
    -23.266800       -23.253167       -23.239895       -23.199932       -23.180083
    -23.068050       -23.060527       -23.055393       -23.053252       -23.042282
    -23.030275       -22.986646       -22.908118       -22.898235       -22.895670
    -22.893309       -22.867745       -22.864132       -22.734199       -22.510260
    -21.838836       -21.489479       -21.458217       -21.416362       -21.391883
    -21.326344       -21.284883       -21.275452       -21.264623       -21.239859
    -21.171811       -21.149992       -21.131870       -21.120875       -21.006569
    -20.958262       -20.913904       -20.855296       -20.827726       -20.617448
    -18.609549       -18.511132       -18.429049       -18.266035       -18.222319
    -16.173793       -16.151130       -16.122737       -16.091304       -16.053381
    -16.050277       -16.040125       -16.003519       -15.979902       -15.913181
    -15.846136       -15.767070       -15.549304       -15.516261       -15.416174
    -15.026301       -14.969418       -14.928256       -14.904093       -14.873246
    -14.835987       -14.824056       -14.808426       -14.754827       -14.714882
    -14.586556       -14.580573       -14.567685       -14.540345       -14.530020
    -14.513448       -14.492120       -14.489516       -14.440994       -14.424671
    -14.407944       -14.390542       -14.351136       -13.999804       -13.944542
    -13.880596       -13.867174       -13.680045       -13.576357       -13.534928
    -13.509647       -13.465931       -13.447322       -13.436207       -13.402839
    -13.392453       -13.366351       -13.353312       -13.328282       -13.304439
    -13.300869       -13.289512       -13.260285       -13.256198       -13.242521
    -13.239865       -13.213963       -13.191794       -13.153148       -13.133372
    -12.999016       -12.980450       -12.978657       -12.922241       -12.831084
    -12.198576       -12.131052       -12.108521       -12.036981       -12.000785
    -11.993574       -11.972018       -11.963119       -11.958830       -11.862400
    -11.835611       -11.817507       -11.807266       -11.733185       -11.644474
    -11.634150       -11.584666       -11.567835       -11.556748       -11.475584
    -11.442967       -11.439826       -11.391117       -11.371339       -11.276281
    -11.265087       -11.217933       -11.203619       -11.172367       -11.151388
    -11.146525       -11.123652       -11.103896       -11.036342       -10.951526
    -10.950195       -10.932366       -10.828908       -10.827673       -10.767481
    -10.670775       -10.662253       -10.644228       -10.595079       -10.539538
    -10.507842       -10.475728       -10.452070       -10.431532       -10.425067
    -10.408707       -10.402671       -10.395012       -10.388632       -10.359335
    -10.320220       -10.309860       -10.301135       -10.297379       -10.294972
    -10.289122       -10.270663       -10.247933       -10.244594       -10.228694
    -10.217517       -10.200309       -10.182182       -10.166777       -10.153946
    -10.143591       -10.128506       -10.091733       -10.081700       -10.078929
    -10.074976       -10.067043       -10.056524       -10.043836       -10.032043
    -10.018420        -9.992821        -9.984413        -9.978850        -9.975189
     -9.971946        -9.959432        -9.943097        -9.910341        -9.891299
     -9.884692        -9.874054        -9.869088        -9.851316        -9.829604
     -9.824699        -9.811723        -9.795957        -9.777672        -9.767451
     -9.764523        -9.751921        -9.718164        -9.683219        -9.674849
     -9.651473        -9.643878        -9.638000        -9.634069        -9.623499
     -9.616979        -9.607960        -9.586442        -9.571610        -9.569257
     -9.546391        -9.540366        -9.531810        -9.523189        -9.520316
     -9.488284        -9.481512        -9.460041        -9.457394        -9.445775
     -9.430036        -9.425402        -9.403888        -9.389058        -9.383959
     -9.363351        -9.352365        -9.325118        -9.309785        -9.300172
     -9.287484        -9.266954        -9.266613        -9.253994        -9.239294
     -9.227876        -9.224936        -9.191815        -9.149028        -9.143571
     -9.130260        -9.115224        -9.094855        -9.092228        -9.079023
     -9.068282        -9.058769        -9.052631        -9.050518        -9.031394
     -9.009735        -8.999489        -8.995125        -8.974349        -8.962554
     -8.941936        -8.932647        -8.918715        -8.916080        -8.909314
     -8.902631        -8.885092        -8.876661        -8.872496        -8.854740
     -8.852017        -8.820685        -8.812977        -8.798168        -8.784618
     -8.766803        -8.742105        -8.727329        -8.722706        -8.712087
     -8.691259        -8.680973        -8.669293        -8.665632        -8.628174
     -8.605617        -8.586740        -8.584272        -8.582876        -8.572822
     -8.535489        -8.531607        -8.518785        -8.496441        -8.473266
     -8.464709        -8.456217        -8.422569        -8.409810        -8.406424
     -8.388620        -8.385773        -8.365179        -8.360080        -8.329080
     -8.326243        -8.309130        -8.289520        -8.261681        -8.249753
     -8.239171        -8.167759        -8.145451        -8.126196        -8.104738
     -8.090423        -8.074216        -8.048675        -8.030757        -8.012436
     -8.009687        -7.990540        -7.977179        -7.973710        -7.931638
     -7.910826        -7.894635        -7.869327        -7.804827        -7.792242
     -7.780086        -7.773689        -7.767583        -7.754375        -7.727071
     -7.693465        -7.675654        -7.637937        -7.632289        -7.606649
     -7.580951        -7.549507        -7.529366        -7.507617        -7.480037
     -7.462091        -7.435012        -7.422479        -7.414939        -7.356403
     -7.336124        -7.310002        -7.301400        -7.288688        -7.277523
     -7.267801        -7.239870        -7.227077        -7.222751        -7.201798
     -7.195081        -7.176146        -7.141856        -7.133121        -7.100855
     -7.064897        -7.034017        -7.013150        -7.002061        -6.984866
     -6.963643        -6.943314        -6.939004        -6.893091        -6.852066
     -6.837205        -6.825191        -6.792433        -6.790349        -6.784924
     -6.771454        -6.770459        -6.748402        -6.723989        -6.719940
     -6.711887        -6.685923        -6.652641        -6.649720        -6.628988
     -6.596081        -6.595156        -6.582787        -6.554360        -6.544446
     -6.536238        -6.512486        -6.511494        -6.507849        -6.502022
     -6.486658        -6.476748        -6.464430        -6.437216        -6.425247
     -6.420804        -6.409680        -6.408570        -6.384759        -6.379249
     -6.371495        -6.368867        -6.357044        -6.343435        -6.334960
     -6.317443        -6.291305        -6.285815        -6.269863        -6.266455
     -6.249759        -6.245724        -6.238209        -6.215143        -6.198296
     -6.191419        -6.174241        -6.161302        -6.157393        -6.153118
     -6.143749        -6.141253        -6.133739        -6.125544        -6.113113
     -6.111000        -6.100204        -6.097920        -6.086614        -6.080454
     -6.073669        -6.064601        -6.060681        -6.049520        -6.037859
     -6.034413        -6.031590        -6.020550        -6.014222        -6.009150
     -5.994750        -5.990476        -5.972919        -5.965599        -5.960057
     -5.953409        -5.943353        -5.934158        -5.917393        -5.906902
     -5.891636        -5.888249        -5.881768        -5.869433        -5.863254
     -5.853942        -5.852725        -5.838753        -5.819927        -5.811145
     -5.809442        -5.801487        -5.791126        -5.788594        -5.777354
     -5.768938        -5.766777        -5.757537        -5.747862        -5.742210
     -5.736386        -5.719369        -5.711880        -5.708556        -5.707773
     -5.695559        -5.684021        -5.675040        -5.670222        -5.659238
     -5.652074        -5.647774        -5.639864        -5.635203        -5.632716
     -5.628960        -5.625707        -5.620233        -5.618948        -5.606727
     -5.600793        -5.599402        -5.589032        -5.585213        -5.575409
     -5.570061        -5.560429        -5.542217        -5.540962        -5.537245
     -5.526875        -5.515676        -5.504773        -5.503285        -5.499573
     -5.498337        -5.479768        -5.473441        -5.470111        -5.460509
     -5.453778        -5.447507        -5.442479        -5.432374        -5.427467
     -5.417718        -5.412461        -5.405109        -5.393572        -5.387039
     -5.382317        -5.372747        -5.365132        -5.363037        -5.357590
     -5.351983        -5.344509        -5.341671        -5.339893        -5.335731
     -5.325098        -5.319124        -5.308098        -5.296942        -5.295866
     -5.289833        -5.288198        -5.282975        -5.276251        -5.273493
     -5.262112        -5.258936        -5.252109        -5.247857        -5.234560
     -5.233534        -5.220783        -5.216408        -5.211605        -5.199957
     -5.196322        -5.183248        -5.177033        -5.176154        -5.163428
     -5.161781        -5.158417        -5.151906        -5.149366        -5.136262
     -5.129387        -5.126045        -5.123506        -5.113643        -5.108818
     -5.102249        -5.100298        -5.093262        -5.084274        -5.083446
     -5.072633        -5.069605        -5.056266        -5.044971        -5.039605
     -5.034604        -5.032057        -5.028381        -5.025814        -5.012738
     -5.006487        -4.995070        -4.988824        -4.981021        -4.977818
     -4.963005        -4.960767        -4.959114        -4.953210        -4.950462
     -4.940146        -4.937512        -4.929191        -4.921219        -4.919488
     -4.913405        -4.907176        -4.903404        -4.901079        -4.896431
     -4.889183        -4.879620        -4.875623        -4.869379        -4.864040
     -4.860829        -4.854864        -4.848301        -4.843962        -4.841183
     -4.824740        -4.815478        -4.809921        -4.793949        -4.786007
     -4.780911        -4.779070        -4.773273        -4.757488        -4.754223
     -4.753008        -4.740070        -4.729999        -4.724311        -4.717295
     -4.708076        -4.704571        -4.698464        -4.696323        -4.683922
     -4.678362        -4.676537        -4.674943        -4.663399        -4.649583
     -4.644877        -4.639758        -4.634807        -4.631489        -4.627465
     -4.618554        -4.614271        -4.604978        -4.594988        -4.590786
     -4.574494        -4.566557        -4.557790        -4.544706        -4.537050
     -4.528086        -4.523893        -4.522386        -4.507768        -4.502352
     -4.484556        -4.481448        -4.469337        -4.455098        -4.442216
     -4.439574        -4.431414        -4.412088        -4.405007        -4.402191
     -4.394197        -4.386954        -4.382078        -4.359364        -4.337230
     -4.306228        -4.297430        -4.284983        -4.250969        -4.246774
     -4.228567        -4.197755        -4.169088        -4.156945        -4.138167
     -4.106444        -4.081983        -4.071865        -4.057190        -4.042831
     -4.031564        -3.993099        -3.968687        -3.965986        -3.951739
     -3.932474        -3.923779        -3.912394        -3.904295        -3.893044
     -3.873933        -3.836434        -3.828139        -3.810774        -3.799784
     -3.781196        -3.770348        -3.767978        -3.756127        -3.733319
     -3.714738        -3.690764        -3.685549        -3.672848        -3.666296
     -3.646222        -3.637604        -3.630810        -3.622556        -3.610407
     -3.608792        -3.600784        -3.596155        -3.578639        -3.564130
     -3.561748        -3.524763        -3.520440        -3.491382        -3.474753
     -3.462640        -3.446255        -3.437529        -3.423055        -3.415786
     -3.403878        -3.386961        -3.379748        -3.374172        -3.371089
     -3.364769        -3.360999        -3.353222        -3.325421        -3.306286
     -3.301032        -3.292842        -3.289908        -3.283224        -3.277664
     -3.245638        -3.234714        -3.229910        -3.204635        -3.203077
     -3.198316        -3.179438        -3.139779        -3.122836        -3.101813
     -3.095317        -3.043178        -3.031450        -3.004447        -2.977955
     -2.959379        -2.943544        -2.867840        -2.830144        -2.798339
     -2.741313        -2.686402        -2.682774        -2.675039        -2.666002
     -2.658525        -2.647819        -2.621514        -2.611299        -2.599404
     -2.582387        -2.560227        -2.493891        -2.450211        -2.443728
     -2.439734        -2.420419        -2.354472        -2.350752        -2.337567
     -2.319125        -2.238441        -2.212309        -2.203985        -2.163365
     -2.127229        -2.125982        -2.123757        -2.095198        -1.837599
      2.680504         2.724802         2.830294         2.895081         2.932358
      2.940156         2.956244         2.989134         3.105529         3.160411
      3.204321         3.212517         3.272101         3.315912         3.363515
      3.399447         3.413294         3.445129         3.463238         3.522362
      3.533895         3.567959         3.591672         3.623316         3.664458
      3.668103         3.719634         3.729313         3.769332         3.777270
      3.797466         3.820077         3.843580         3.857239         3.888234
      3.897376         3.936549         3.970822         4.000753         4.004082
      4.019281         4.027128         4.056418         4.063685         4.090549
      4.105460         4.140431         4.155592         4.196702         4.208501
      4.240019         4.256054         4.264865         4.284796         4.355111
      4.375273         4.388686         4.440931
 *********************************
 sum eigen(dbl occ, ryd)=  -1531.30055530737     
 *********************************
 Ef(eV)=   1.93283598517143     
 ***************************************************
 iter=          22
 ---------------------------------------------------
 dvE, dvE(n)-dvE(n-1) = 0.1015E-05 0.6677E-07
 dv_ave, drho_tot     = 0.1008E-02 0.2993E-03
 err of ug            = 0.6240E-04
 ---------------------------------------------------
 Ewald        = -.42716155442192E+05
 Alpha        = 0.15207970391171E+04
 E_extV       = 0.00000000000000E+00    0.0000E+00
 E_NSC        = -.21262719187981E+05    0.8660E+00
 E[-rho*V_Hxc]= -.12108970926219E+06    -.8603E+00
 E_Hxc        = 0.50641781253209E+05    0.9359E+00
 -TS          = -.18780310664572E-12    -.1817E-12
 E_tot(eV)    = -.13290600560004E+06    0.5777E-02
 ---------------------------------------------------
 E_ion,E_coul,E_xc =   -221516.3776565   79374.0637339  -28732.2824807
Ewald+Hart+ion    -0.1848584693648E+06
 ave(vtot)=ave_(V_xc)=: v0= -0.283804121204524     
 Eigen energies are values after setting ave_vtot=0
 ----------------------------------
 One SCF use:    86.0230801105499       s
 *********************************
 ****** kpt=           1
 err of each states, eV
  0.573044E-03     0.575340E-03     0.156388E-01     0.252188E-01     0.663645E-03
  0.418248E-03     0.467494E-03     0.134983E-02     0.391855E-03     0.435029E-03
  0.509678E-03     0.355850E-03     0.658377E-03     0.374625E-03     0.610675E-03
  0.333955E-03     0.605970E-03     0.357130E-03     0.414489E-03     0.450565E-03
  0.758670E-03     0.419402E-03     0.883967E-03     0.377752E-03     0.506351E-03
  0.117551E-02     0.352868E-03     0.382355E-03     0.391908E-03     0.403808E-03
  0.518959E-03     0.105203E-02     0.481358E-03     0.357594E-03     0.942693E-03
  0.462188E-03     0.448470E-03     0.188688E-02     0.466850E-03     0.409120E-03
  0.351679E-03     0.363400E-03     0.506865E-03     0.386741E-03     0.809372E-03
  0.583829E-03     0.469366E-03     0.349770E-03     0.703383E-03     0.449089E-03
  0.447470E-03     0.150269E-02     0.384241E-03     0.522475E-03     0.400109E-03
  0.448928E-03     0.194604E-02     0.445498E-03     0.419291E-03     0.986026E-03
  0.705597E-03     0.333310E-03     0.339341E-03     0.491558E-03     0.216497E-02
  0.403037E-03     0.512901E-03     0.832768E-03     0.405449E-03     0.353929E-03
  0.302699E-03     0.346952E-03     0.365799E-03     0.105094E-02     0.565838E-03
  0.344847E-03     0.393379E-03     0.361757E-03     0.349737E-03     0.435350E-03
  0.364205E-03     0.296584E-03     0.930606E-03     0.445161E-03     0.190184E-02
  0.350228E-03     0.392462E-03     0.443321E-03     0.383057E-03     0.618153E-03
  0.387205E-02     0.264011E-03     0.364304E-03     0.411246E-03     0.663913E-03
  0.504162E-03     0.183292E-02     0.115710E-02     0.442992E-03     0.512247E-03
  0.391186E-03     0.360343E-03     0.347939E-03     0.105531E-02     0.328549E-03
  0.390062E-03     0.360574E-03     0.341883E-03     0.341243E-03     0.305007E-03
  0.713307E-03     0.589076E-03     0.311734E-03     0.263283E-02     0.386077E-03
  0.304379E-03     0.493668E-03     0.684847E-03     0.311431E-03     0.504341E-03
  0.264524E-03     0.480677E-03     0.397214E-03     0.305144E-03     0.313946E-03
  0.925468E-03     0.418909E-03     0.425382E-03     0.152768E-02     0.726426E-03
  0.403829E-03     0.720327E-03     0.640731E-03     0.375873E-03     0.275596E-02
  0.462851E-03     0.580956E-03     0.340314E-03     0.798505E-03     0.383347E-03
  0.367480E-03     0.636405E-03     0.374858E-03     0.548474E-03     0.568270E-03
  0.111140E-02     0.854687E-03     0.339066E-03     0.130239E-02     0.335524E-02
  0.777969E-03     0.577790E-03     0.361370E-03     0.306864E-02     0.300168E-03
  0.718011E-03     0.186220E-02     0.349904E-03     0.362335E-03     0.421020E-03
  0.480254E-03     0.329597E-03     0.220694E-02     0.118787E-02     0.617904E-03
  0.580447E-03     0.599272E-03     0.300923E-03     0.152836E-02     0.548417E-03
  0.162594E-02     0.517078E-03     0.346953E-03     0.574050E-03     0.315661E-03
  0.387790E-03     0.691012E-03     0.600541E-03     0.321109E-03     0.575145E-03
  0.467356E-03     0.305061E-03     0.275873E-03     0.651967E-03     0.404598E-03
  0.353448E-03     0.189883E-02     0.465838E-03     0.327822E-03     0.346757E-03
  0.332468E-03     0.754448E-03     0.380885E-03     0.286956E-03     0.510702E-03
  0.475065E-03     0.376187E-03     0.378584E-03     0.395758E-03     0.380374E-03
  0.399022E-03     0.478145E-03     0.108497E-02     0.457812E-03     0.670136E-03
  0.338074E-03     0.354980E-03     0.428919E-03     0.410352E-03     0.576293E-03
  0.441257E-03     0.472878E-03     0.315383E-03     0.479237E-03     0.749061E-03
  0.550757E-03     0.610822E-03     0.649835E-03     0.550172E-03     0.301367E-03
  0.442111E-03     0.437167E-03     0.404181E-03     0.587437E-03     0.525911E-03
  0.808545E-03     0.337698E-03     0.332396E-03     0.590703E-03     0.464159E-03
  0.491999E-03     0.414702E-03     0.444391E-03     0.321606E-03     0.473315E-03
  0.304492E-03     0.403502E-03     0.386718E-03     0.532296E-03     0.411535E-03
  0.703930E-03     0.410457E-03     0.393336E-03     0.420117E-03     0.402728E-03
  0.323454E-03     0.309587E-03     0.435976E-03     0.404941E-03     0.387741E-03
  0.357152E-03     0.404904E-03     0.462800E-03     0.511697E-03     0.387047E-03
  0.472794E-03     0.364443E-03     0.574055E-03     0.630150E-03     0.292285E-03
  0.520796E-03     0.702385E-03     0.358766E-03     0.652067E-03     0.394327E-03
  0.360769E-03     0.672931E-03     0.437080E-03     0.489908E-03     0.456777E-03
  0.725490E-03     0.448392E-03     0.378372E-03     0.542764E-03     0.603375E-03
  0.455447E-03     0.515920E-03     0.546996E-03     0.665572E-03     0.615229E-03
  0.445225E-03     0.430473E-03     0.474417E-03     0.473811E-03     0.511418E-03
  0.416017E-03     0.439403E-03     0.399521E-03     0.505814E-03     0.528080E-03
  0.332956E-03     0.854031E-03     0.539388E-03     0.699041E-03     0.429426E-03
  0.678358E-03     0.478664E-03     0.445049E-03     0.424717E-03     0.804985E-03
  0.385018E-03     0.562417E-03     0.719470E-03     0.634530E-03     0.525380E-03
  0.856771E-03     0.836397E-03     0.678049E-03     0.512992E-03     0.576539E-03
  0.505379E-03     0.374787E-03     0.798828E-03     0.743454E-03     0.766586E-03
  0.598942E-03     0.611028E-03     0.625524E-03     0.621604E-03     0.621421E-03
  0.895038E-03     0.656414E-03     0.466687E-03     0.700360E-03     0.743748E-03
  0.588155E-03     0.679356E-03     0.777943E-03     0.477469E-03     0.596586E-03
  0.529551E-03     0.414451E-03     0.593198E-03     0.617506E-03     0.716239E-03
  0.672863E-03     0.671484E-03     0.652087E-03     0.649905E-03     0.695858E-03
  0.605917E-03     0.635311E-03     0.612263E-03     0.783105E-03     0.677490E-03
  0.608189E-03     0.668530E-03     0.730125E-03     0.528996E-03     0.575986E-03
  0.613015E-03     0.648000E-03     0.617934E-03     0.567686E-03     0.580024E-03
  0.575704E-03     0.601580E-03     0.502516E-03     0.688963E-03     0.597144E-03
  0.548789E-03     0.478248E-03     0.604924E-03     0.662811E-03     0.575995E-03
  0.535826E-03     0.618811E-03     0.655213E-03     0.795544E-03     0.580068E-03
  0.656423E-03     0.707029E-03     0.702197E-03     0.611745E-03     0.616048E-03
  0.518099E-03     0.593227E-03     0.607187E-03     0.666345E-03     0.621196E-03
  0.104747E-02     0.505598E-03     0.602457E-03     0.627304E-03     0.488080E-03
  0.667430E-03     0.617342E-03     0.760604E-03     0.406780E-03     0.646694E-03
  0.602485E-03     0.622000E-03     0.738342E-03     0.705281E-03     0.773733E-03
  0.581273E-03     0.616784E-03     0.585206E-03     0.691677E-03     0.711494E-03
  0.617978E-03     0.635746E-03     0.897185E-03     0.942948E-03     0.739206E-03
  0.114177E-02     0.671048E-03     0.628629E-03     0.646568E-03     0.783156E-03
  0.731656E-03     0.732488E-03     0.610432E-03     0.717097E-03     0.778113E-03
  0.768849E-03     0.754701E-03     0.758233E-03     0.663875E-03     0.106004E-02
  0.634868E-03     0.107474E-02     0.556232E-03     0.666902E-03     0.595048E-03
  0.700350E-03     0.798317E-03     0.699126E-03     0.639515E-03     0.852819E-03
  0.712004E-03     0.751995E-03     0.855180E-03     0.718755E-03     0.803248E-03
  0.575572E-03     0.950933E-03     0.752486E-03     0.956908E-03     0.791360E-03
  0.918089E-03     0.647999E-03     0.968912E-03     0.840258E-03     0.984398E-03
  0.850184E-03     0.771562E-03     0.674803E-03     0.644545E-03     0.626040E-03
  0.659626E-03     0.661201E-03     0.765472E-03     0.651600E-03     0.751776E-03
  0.998929E-03     0.796404E-03     0.832698E-03     0.696437E-03     0.665107E-03
  0.724540E-03     0.723883E-03     0.714372E-03     0.737590E-03     0.585805E-03
  0.104917E-02     0.765050E-03     0.107668E-02     0.735573E-03     0.872985E-03
  0.822610E-03     0.783554E-03     0.636407E-03     0.532128E-03     0.856861E-03
  0.484703E-03     0.477635E-03     0.850648E-03     0.833997E-03     0.102697E-02
  0.612556E-03     0.790041E-03     0.116789E-02     0.770654E-03     0.750509E-03
  0.542682E-03     0.694665E-03     0.547060E-03     0.624260E-03     0.973934E-03
  0.543913E-03     0.526360E-03     0.498814E-03     0.524882E-03     0.615910E-03
  0.564781E-03     0.556872E-03     0.578070E-03     0.609073E-03     0.544750E-03
  0.736493E-03     0.572027E-03     0.684713E-03     0.482571E-03     0.666121E-03
  0.679034E-03     0.460760E-03     0.555983E-03     0.538743E-03     0.547701E-03
  0.698507E-03     0.717986E-03     0.814686E-03     0.640976E-03     0.458095E-03
  0.557821E-03     0.566665E-03     0.717531E-03     0.624797E-03     0.609451E-03
  0.563996E-03     0.764011E-03     0.754605E-03     0.693752E-03     0.907478E-03
  0.629208E-03     0.649590E-03     0.449558E-03     0.526710E-03     0.644109E-03
  0.631733E-03     0.738991E-03     0.527706E-03     0.617139E-03     0.569442E-03
  0.890702E-03     0.114051E-02     0.731946E-03     0.380911E-03     0.797836E-03
  0.414755E-03     0.964895E-03     0.514664E-03     0.524483E-03     0.629707E-03
  0.461447E-03     0.688938E-03     0.552101E-03     0.534614E-03     0.593485E-03
  0.457642E-03     0.385755E-03     0.635516E-03     0.439725E-03     0.494118E-03
  0.805978E-03     0.458055E-03     0.653691E-03     0.493159E-03     0.658032E-03
  0.468055E-03     0.683571E-03     0.602923E-03     0.530950E-03     0.588747E-03
  0.608326E-03     0.733972E-03     0.665565E-03     0.569166E-03     0.594372E-03
  0.467058E-03     0.623845E-03     0.555463E-03     0.533431E-03     0.596250E-03
  0.630230E-03     0.693026E-03     0.653734E-03     0.649673E-03     0.495748E-03
  0.483688E-03     0.531984E-03     0.522012E-03     0.543696E-03     0.517100E-03
  0.505615E-03     0.625118E-03     0.658617E-03     0.641354E-03     0.639684E-03
  0.640662E-03     0.478175E-03     0.525186E-03     0.622591E-03     0.584729E-03
  0.616039E-03     0.553749E-03     0.582678E-03     0.523924E-03     0.673362E-03
  0.758179E-03     0.612667E-03     0.520665E-03     0.603629E-03     0.621382E-03
  0.610433E-03     0.614774E-03     0.652990E-03     0.591331E-03     0.659996E-03
  0.608086E-03     0.544001E-03     0.526869E-03     0.592796E-03     0.715784E-03
  0.512080E-03     0.782400E-03     0.754386E-03     0.621056E-03     0.613213E-03
  0.564896E-03     0.598709E-03     0.552708E-03     0.600252E-03     0.530242E-03
  0.790407E-03     0.537580E-03     0.535935E-03     0.677497E-03     0.661598E-03
  0.559526E-03     0.556765E-03     0.702448E-03     0.644714E-03     0.707742E-03
  0.544675E-03     0.687202E-03     0.613537E-03     0.658125E-03     0.640060E-03
  0.503495E-03     0.600090E-03     0.521246E-03     0.622192E-03     0.559521E-03
  0.673781E-03     0.803954E-03     0.658118E-03     0.614323E-03     0.625313E-03
  0.621374E-03     0.605501E-03     0.683759E-03     0.725403E-03     0.668239E-03
  0.648232E-03     0.570093E-03     0.647558E-03     0.732623E-03     0.681366E-03
  0.660162E-03     0.694862E-03     0.671267E-03     0.634629E-03     0.677879E-03
  0.656116E-03     0.687798E-03     0.647325E-03     0.628606E-03     0.567836E-03
  0.711325E-03     0.778413E-03     0.640296E-03     0.640310E-03     0.580514E-03
  0.624214E-03     0.728311E-03     0.820373E-03     0.710326E-03     0.642040E-03
  0.692814E-03     0.740586E-03     0.688445E-03     0.790217E-03     0.692298E-03
  0.783059E-03     0.780312E-03     0.654551E-03     0.680713E-03     0.736513E-03
  0.690749E-03     0.693837E-03     0.769014E-03     0.992010E-03     0.747440E-03
  0.719129E-03     0.754889E-03     0.670411E-03     0.760622E-03     0.729626E-03
  0.756763E-03     0.765993E-03     0.649576E-03     0.755683E-03     0.682112E-03
  0.827467E-03     0.654379E-03     0.673649E-03     0.755701E-03     0.703159E-03
  0.699340E-03     0.758166E-03     0.680883E-03     0.620718E-03     0.684343E-03
  0.671693E-03     0.736397E-03     0.621876E-03     0.711368E-03     0.789851E-03
  0.848015E-03     0.728545E-03     0.707697E-03     0.642208E-03     0.767095E-03
  0.702406E-03     0.796775E-03     0.784333E-03     0.768844E-03     0.859730E-03
  0.618665E-03     0.750770E-03     0.648314E-03     0.727990E-03     0.687846E-03
  0.665832E-03     0.780386E-03     0.687515E-03     0.807256E-03     0.716704E-03
  0.783948E-03     0.728563E-03     0.716290E-03     0.713711E-03     0.728902E-03
  0.657239E-03     0.733650E-03     0.675039E-03     0.839333E-03     0.682655E-03
  0.662711E-03     0.671101E-03     0.742716E-03     0.697642E-03     0.709479E-03
  0.622688E-03     0.772135E-03     0.671279E-03     0.842551E-03     0.701179E-03
  0.948486E-03     0.741136E-03     0.758285E-03     0.851595E-03     0.699525E-03
  0.847885E-03     0.710327E-03     0.939441E-03     0.738510E-03     0.790462E-03
  0.875800E-03     0.684720E-03     0.909166E-03     0.693192E-03     0.883904E-03
  0.741207E-03     0.878077E-03     0.749884E-03     0.854543E-03     0.840905E-03
  0.895027E-03     0.936119E-03     0.695406E-03     0.703632E-03     0.775006E-03
  0.885010E-03     0.861284E-03     0.703727E-03     0.870555E-03     0.783238E-03
  0.979304E-03     0.860230E-03     0.757586E-03     0.782233E-03     0.752144E-03
  0.693174E-03     0.795925E-03     0.869175E-03     0.819630E-03     0.966485E-03
  0.811097E-03     0.813901E-03     0.766426E-03     0.781986E-03     0.841369E-03
  0.851535E-03     0.969158E-03     0.776680E-03     0.739478E-03     0.817865E-03
  0.761823E-03     0.813185E-03     0.931322E-03     0.924915E-03     0.752014E-03
  0.922151E-03     0.771055E-03     0.720655E-03     0.550133E-03     0.775340E-03
  0.818742E-03     0.852440E-03     0.836972E-03     0.896883E-03     0.865042E-03
  0.897487E-03     0.817960E-03     0.783227E-03     0.831052E-03     0.903443E-03
  0.794240E-03     0.754674E-03     0.807901E-03     0.114539E-02     0.952681E-03
  0.108817E-02     0.790217E-03     0.944005E-03     0.858386E-03     0.794600E-03
  0.112866E-02     0.921129E-03     0.103235E-02     0.999672E-03     0.924091E-03
  0.811455E-03     0.810485E-03     0.642866E-03     0.817941E-03     0.716577E-03
  0.813916E-03     0.100653E-02     0.939841E-03     0.919867E-03     0.152972E-02
  0.922077E-03     0.157303E-02     0.105239E-02     0.117562E-02     0.881155E-03
  0.118924E-02     0.705347E-03     0.147537E-02     0.809259E-03     0.909053E-03
  0.850668E-03     0.102460E-02     0.692089E-03     0.105562E-02     0.110481E-02
  0.169540E-02     0.128677E-02     0.982090E-03     0.131307E-02     0.944123E-03
  0.118793E-02     0.127559E-02     0.102261E-02     0.122277E-02     0.113205E-02
  0.968733E-03     0.117484E-02     0.115931E-02     0.112660E-02     0.111428E-02
  0.122264E-02     0.826678E-03     0.139945E-02     0.182450E-02     0.104443E-02
  0.121431E-02     0.934078E-03     0.938806E-03     0.814174E-03     0.754528E-03
  0.962080E-03     0.111452E-02     0.751754E-03     0.990881E-03     0.118760E-02
  0.963509E-03     0.100376E-02     0.925775E-03     0.101682E-02     0.986872E-03
  0.105633E-02     0.921731E-03     0.981323E-03     0.978413E-03     0.129381E-02
  0.108895E-02     0.116774E-02     0.721487E-03     0.912682E-03     0.119655E-02
  0.878052E-03     0.124207E-02     0.841300E-03     0.821418E-03     0.961297E-03
  0.112183E-02     0.683421E-03     0.124000E-02     0.146021E-02     0.812200E-03
  0.808937E-03     0.119479E-02     0.214202E-02     0.606138E-03     0.554533E-03
  0.713365E-03     0.641307E-03     0.866130E-03     0.791608E-03     0.995552E-03
  0.852888E-03     0.102325E-02     0.150780E-02     0.672670E-03     0.734454E-03
  0.761036E-03     0.762421E-03     0.140393E-02     0.897077E-03     0.879312E-03
  0.963160E-03     0.560430E-03     0.106371E-02     0.101614E-02     0.111947E-02
  0.243925E-02     0.141441E-02     0.803156E-03     0.163239E-02     0.854891E-03
  0.646024E-03     0.868231E-03     0.752456E-03     0.970220E-03     0.107998E-02
  0.663854E-03     0.146759E-02     0.105975E-02     0.606383E-03     0.994823E-03
  0.125074E-02     0.718068E-03     0.858759E-03     0.111716E-02     0.733766E-03
  0.293171E-02     0.499785E-02     0.229936E-02     0.291895E-02     0.301987E-02
  0.446755E-02     0.445179E-02     0.392183E-02     0.385205E-02     0.752437E-02
  0.501297E-02     0.574373E-02     0.148809E-01     0.150539E-01     0.206752E-01
  0.218117E-01     0.228225E-01     0.244551E-01     0.270819E-01     0.272624E-01
  0.272278E-01     0.210772E-01     0.167511E-01     0.311186E-01     0.341714E-01
  0.191336E-01     0.442453E-01     0.234552E-01     0.584093E-01     0.674156E-01
  0.453379E-01     0.593912E-01     0.919635E-01     0.997836E-01     0.878767E-01
  0.109086E+00     0.801503E-01     0.165817E+00     0.942105E-01     0.111049E+00
  0.105561E+00     0.114051E+00     0.117250E+00     0.174711E+00     0.151041E+00
  0.126080E+00     0.143270E+00     0.181610E+00     0.150883E+00     0.256564E+00
  0.169174E+00     0.250998E+00     0.228989E+00     0.169303E+00     0.246484E+00
  0.317194E+00     0.340473E+00     0.445281E+00
 eigen energies, in ev
    -44.431017       -44.269185       -44.172568       -44.143548       -43.933911
    -28.295364       -28.227956       -28.210868       -28.134649       -28.053981
    -28.045493       -28.032330       -27.990264       -27.967148       -27.910110
    -27.896976       -27.856300       -27.829782       -27.801761       -27.749665
    -27.727617       -27.724018       -27.710198       -27.704902       -27.704005
    -27.696066       -27.645777       -27.640317       -27.602399       -27.595285
    -27.543013       -27.496446       -27.444423       -27.406798       -27.381755
    -27.354125       -27.325498       -27.291563       -27.279400       -27.269044
    -27.246516       -27.244755       -27.231639       -27.223582       -27.220079
    -27.214014       -27.156139       -27.152132       -27.057005       -27.034914
    -27.013331       -26.994220       -26.959525       -26.943751       -26.809789
    -26.799339       -26.775236       -26.758060       -26.750161       -26.745790
    -26.723311       -26.723294       -26.700664       -26.665120       -26.577043
    -26.537072       -26.527978       -26.513264       -26.441888       -26.427101
    -26.362612       -26.327810       -26.324366       -26.294418       -26.288331
    -26.284471       -26.245983       -26.244564       -26.237010       -26.231916
    -26.227681       -26.196446       -26.163799       -26.104892       -26.039594
    -25.991056       -25.939646       -25.924879       -25.903625       -25.878984
    -25.848359       -25.839750       -25.801341       -25.799479       -25.793009
    -25.784193       -25.765197       -25.744481       -25.733369       -25.709005
    -25.683559       -25.671214       -25.666608       -25.650585       -25.645633
    -25.637592       -25.631248       -25.600225       -25.592634       -25.576712
    -25.534311       -25.513290       -25.502184       -25.445598       -25.428228
    -25.411594       -25.407593       -25.390087       -25.368449       -25.333546
    -25.291751       -25.278089       -25.277129       -25.264973       -25.227190
    -25.194380       -25.187399       -25.184023       -25.161362       -25.155050
    -25.150354       -25.017867       -25.011161       -25.007066       -24.731619
    -24.056574       -23.978639       -23.712199       -23.710311       -23.681024
    -23.618370       -23.593536       -23.510049       -23.498619       -23.430004
    -23.387085       -23.378670       -23.351103       -23.323973       -23.288668
    -23.260826       -23.251048       -23.244593       -23.204408       -23.194545
    -23.070819       -23.063564       -23.057279       -23.040830       -23.034017
    -23.029863       -22.965422       -22.902459       -22.899788       -22.896191
    -22.894819       -22.891676       -22.886372       -22.726862       -22.518522
    -21.831160       -21.486312       -21.460816       -21.415323       -21.391068
    -21.318566       -21.285654       -21.279475       -21.243469       -21.241662
    -21.166987       -21.149174       -21.125535       -21.099311       -21.009075
    -20.961085       -20.907213       -20.853255       -20.824515       -20.610721
    -18.585184       -18.511241       -18.429012       -18.259492       -18.226294
    -16.160669       -16.152374       -16.128557       -16.090049       -16.061384
    -16.054126       -16.040492       -16.029588       -15.960849       -15.927026
    -15.825903       -15.751651       -15.548019       -15.513909       -15.440962
    -15.016440       -14.951570       -14.937451       -14.890543       -14.885680
    -14.832111       -14.823419       -14.809869       -14.755726       -14.722775
    -14.584907       -14.574429       -14.563355       -14.540184       -14.537776
    -14.522876       -14.486051       -14.472359       -14.443448       -14.432440
    -14.424688       -14.412581       -14.349280       -13.992975       -13.949809
    -13.857309       -13.849925       -13.667022       -13.575415       -13.539418
    -13.504620       -13.459511       -13.438250       -13.430975       -13.412047
    -13.376382       -13.368721       -13.352150       -13.338144       -13.301253
    -13.290831       -13.287756       -13.260748       -13.256960       -13.244143
    -13.241531       -13.213832       -13.199929       -13.172250       -13.126912
    -13.023467       -13.004927       -12.979404       -12.930976       -12.825574
    -12.206235       -12.139269       -12.093769       -12.045861       -12.005226
    -11.981779       -11.979561       -11.953624       -11.942613       -11.878109
    -11.836122       -11.825170       -11.803541       -11.714907       -11.656389
    -11.642426       -11.589984       -11.568562       -11.553193       -11.477607
    -11.436590       -11.423086       -11.392150       -11.358129       -11.274265
    -11.242493       -11.226934       -11.219471       -11.195238       -11.150078
    -11.147637       -11.119079       -11.101111       -11.038195       -10.960431
    -10.948432       -10.927607       -10.845945       -10.812548       -10.762342
    -10.675207       -10.672879       -10.645055       -10.595169       -10.550346
    -10.492794       -10.469089       -10.464880       -10.442506       -10.437207
    -10.411743       -10.395730       -10.383152       -10.379677       -10.352558
    -10.330767       -10.316596       -10.308162       -10.300579       -10.285584
    -10.275889       -10.273449       -10.266706       -10.237414       -10.232205
    -10.214060       -10.185060       -10.182699       -10.161353       -10.148215
    -10.138278       -10.122987       -10.102020       -10.091861       -10.079155
    -10.065298       -10.061567       -10.057579       -10.045487       -10.028131
    -10.016107        -9.997296        -9.982924        -9.975462        -9.968302
     -9.964094        -9.956641        -9.931229        -9.925224        -9.892711
     -9.888589        -9.879080        -9.868448        -9.857103        -9.841305
     -9.827311        -9.807545        -9.792189        -9.777139        -9.772951
     -9.754859        -9.740999        -9.718613        -9.690159        -9.677669
     -9.657815        -9.643783        -9.642438        -9.624845        -9.617363
     -9.614944        -9.601225        -9.595395        -9.568105        -9.561820
     -9.542717        -9.539957        -9.534291        -9.523082        -9.511826
     -9.490740        -9.469478        -9.459185        -9.454409        -9.438330
     -9.432770        -9.427517        -9.411954        -9.383757        -9.379456
     -9.363542        -9.343808        -9.334580        -9.309336        -9.298703
     -9.294150        -9.280283        -9.272080        -9.259938        -9.251729
     -9.235165        -9.222140        -9.184299        -9.156537        -9.135799
     -9.127101        -9.119400        -9.098422        -9.095197        -9.075606
     -9.064943        -9.057490        -9.053413        -9.046926        -9.039409
     -9.005659        -9.000884        -8.992494        -8.975566        -8.969264
     -8.954208        -8.921524        -8.916926        -8.908466        -8.904024
     -8.902843        -8.886712        -8.875830        -8.864298        -8.861611
     -8.849543        -8.830719        -8.818202        -8.802875        -8.781777
     -8.759066        -8.745774        -8.733400        -8.731870        -8.704008
     -8.689115        -8.677983        -8.661775        -8.657603        -8.628395
     -8.605611        -8.580326        -8.573954        -8.572701        -8.564990
     -8.540482        -8.525771        -8.523794        -8.503801        -8.477858
     -8.462239        -8.452851        -8.432383        -8.416171        -8.401219
     -8.389469        -8.387709        -8.379607        -8.360043        -8.331796
     -8.323279        -8.304948        -8.272328        -8.261479        -8.255177
     -8.218633        -8.169003        -8.135337        -8.131006        -8.115795
     -8.092228        -8.078092        -8.060591        -8.042012        -8.024742
     -8.002873        -7.977827        -7.972205        -7.969166        -7.933659
     -7.908688        -7.887766        -7.864857        -7.803926        -7.794661
     -7.793646        -7.774298        -7.772655        -7.750901        -7.718574
     -7.687541        -7.671239        -7.644829        -7.617070        -7.594398
     -7.583065        -7.547183        -7.536074        -7.503650        -7.484842
     -7.463228        -7.440469        -7.416435        -7.405092        -7.358239
     -7.334311        -7.316156        -7.299711        -7.282793        -7.275263
     -7.254701        -7.236495        -7.225136        -7.217623        -7.197193
     -7.190164        -7.171670        -7.147549        -7.127814        -7.089417
     -7.084979        -7.032896        -7.009055        -7.002593        -6.982686
     -6.975102        -6.968023        -6.946125        -6.873903        -6.848472
     -6.832622        -6.811822        -6.806685        -6.791361        -6.782755
     -6.776235        -6.769069        -6.734683        -6.729019        -6.712417
     -6.697309        -6.694502        -6.673076        -6.650164        -6.615450
     -6.590064        -6.581381        -6.574029        -6.568487        -6.550293
     -6.534619        -6.523219        -6.511150        -6.508429        -6.499963
     -6.482702        -6.477794        -6.471933        -6.425766        -6.419825
     -6.414977        -6.410500        -6.403428        -6.392057        -6.383898
     -6.375115        -6.368323        -6.357249        -6.343512        -6.325456
     -6.303353        -6.282885        -6.280008        -6.266782        -6.263556
     -6.247796        -6.243272        -6.239272        -6.214045        -6.196748
     -6.190256        -6.171384        -6.166496        -6.156942        -6.151639
     -6.145039        -6.140245        -6.134699        -6.124636        -6.114158
     -6.112161        -6.100596        -6.093988        -6.088240        -6.083833
     -6.074636        -6.069294        -6.055184        -6.046458        -6.041578
     -6.037918        -6.023721        -6.019030        -6.014314        -6.006636
     -6.001709        -5.989732        -5.978228        -5.971560        -5.964010
     -5.955318        -5.940597        -5.933168        -5.912901        -5.908185
     -5.894794        -5.887794        -5.877636        -5.874097        -5.859539
     -5.857498        -5.848410        -5.840247        -5.821975        -5.810863
     -5.804060        -5.796154        -5.789469        -5.780738        -5.768589
     -5.766991        -5.759236        -5.747982        -5.741586        -5.734494
     -5.728690        -5.719137        -5.710324        -5.708957        -5.702969
     -5.690675        -5.682403        -5.675501        -5.671496        -5.656392
     -5.652534        -5.647500        -5.643974        -5.638251        -5.636428
     -5.631059        -5.626320        -5.619239        -5.614899        -5.604536
     -5.602595        -5.597818        -5.587998        -5.581829        -5.573255
     -5.571175        -5.568949        -5.551558        -5.537564        -5.534486
     -5.525687        -5.518682        -5.509231        -5.502811        -5.500897
     -5.487093        -5.479824        -5.473166        -5.468223        -5.460051
     -5.451964        -5.446596        -5.442790        -5.435186        -5.430778
     -5.411102        -5.409187        -5.402214        -5.390297        -5.387196
     -5.382608        -5.375254        -5.370743        -5.367051        -5.360448
     -5.348294        -5.340745        -5.339386        -5.336572        -5.331277
     -5.324861        -5.322606        -5.305901        -5.303822        -5.299506
     -5.292002        -5.287996        -5.282725        -5.271302        -5.268102
     -5.265066        -5.257520        -5.253582        -5.244715        -5.232667
     -5.228142        -5.223560        -5.214738        -5.211164        -5.205267
     -5.196473        -5.188427        -5.181768        -5.177622        -5.170894
     -5.163695        -5.154125        -5.152231        -5.150068        -5.136943
     -5.131316        -5.127034        -5.123870        -5.117369        -5.110559
     -5.104079        -5.100128        -5.090426        -5.085624        -5.078860
     -5.071044        -5.061748        -5.052737        -5.047165        -5.042286
     -5.035522        -5.034984        -5.024167        -5.020947        -5.009261
     -5.002265        -4.995593        -4.986098        -4.981515        -4.969977
     -4.967925        -4.960907        -4.955954        -4.953318        -4.946161
     -4.943852        -4.937793        -4.931555        -4.923445        -4.917237
     -4.914460        -4.910485        -4.907396        -4.904603        -4.893689
     -4.889935        -4.882085        -4.876461        -4.875723        -4.868285
     -4.863819        -4.858844        -4.856414        -4.846701        -4.843596
     -4.830174        -4.813809        -4.806518        -4.791199        -4.789910
     -4.784673        -4.780029        -4.776997        -4.753790        -4.752588
     -4.747682        -4.736332        -4.733366        -4.722705        -4.719400
     -4.716566        -4.711159        -4.704284        -4.696506        -4.684282
     -4.679873        -4.673403        -4.670611        -4.664351        -4.650555
     -4.649565        -4.641632        -4.637223        -4.635143        -4.631571
     -4.623955        -4.611848        -4.606456        -4.599327        -4.596014
     -4.573217        -4.566880        -4.564801        -4.542587        -4.539135
     -4.532322        -4.530766        -4.519541        -4.503949        -4.502885
     -4.482904        -4.479104        -4.467318        -4.458668        -4.447598
     -4.445354        -4.434935        -4.411458        -4.406111        -4.399342
     -4.390538        -4.383849        -4.379440        -4.359701        -4.338368
     -4.306540        -4.295385        -4.279585        -4.259631        -4.250242
     -4.232831        -4.195471        -4.167407        -4.154388        -4.151803
     -4.104786        -4.088578        -4.078515        -4.074052        -4.037095
     -4.031586        -3.988873        -3.964592        -3.963251        -3.952134
     -3.931272        -3.924764        -3.897115        -3.891136        -3.885534
     -3.870001        -3.831667        -3.823720        -3.807419        -3.792485
     -3.780069        -3.770134        -3.765164        -3.753049        -3.736927
     -3.704076        -3.696886        -3.682923        -3.677143        -3.664776
     -3.646703        -3.634804        -3.630779        -3.621608        -3.614895
     -3.605632        -3.602273        -3.586674        -3.582226        -3.567548
     -3.553376        -3.534216        -3.527097        -3.484205        -3.474027
     -3.458026        -3.432586        -3.427084        -3.422676        -3.413982
     -3.404530        -3.397947        -3.391802        -3.376799        -3.374473
     -3.368229        -3.362861        -3.343369        -3.318349        -3.312893
     -3.307628        -3.305219        -3.292105        -3.283551        -3.273220
     -3.243791        -3.233317        -3.227576        -3.206078        -3.203001
     -3.186747        -3.170233        -3.151206        -3.119360        -3.101343
     -3.094721        -3.044519        -3.023353        -3.003229        -2.977066
     -2.960183        -2.948019        -2.892307        -2.827318        -2.792644
     -2.743559        -2.685435        -2.679299        -2.668587        -2.658471
     -2.647578        -2.645700        -2.632741        -2.617533        -2.597459
     -2.592976        -2.563443        -2.471091        -2.463144        -2.450128
     -2.441660        -2.422510        -2.348483        -2.337866        -2.326786
     -2.313070        -2.227059        -2.214148        -2.189588        -2.162489
     -2.144279        -2.120596        -2.119397        -2.097546        -1.834855
      2.680301         2.743710         2.825165         2.902249         2.936039
      2.943548         2.966531         2.999724         3.113342         3.160792
      3.189771         3.213561         3.275183         3.318079         3.359257
      3.398596         3.414224         3.447251         3.465042         3.521774
      3.531160         3.579230         3.603670         3.632532         3.663469
      3.678713         3.722447         3.730491         3.767381         3.778924
      3.800432         3.818372         3.840216         3.852151         3.885463
      3.898335         3.937320         3.964436         3.999554         4.007313
      4.019064         4.030138         4.055420         4.059954         4.088605
      4.103701         4.137411         4.151125         4.194788         4.202915
      4.240139         4.244581         4.258769         4.278731         4.349743
      4.362699         4.377381         4.426097
 *********************************
 sum eigen(dbl occ, ryd)=  -1531.24635236899     
 *********************************
 Ef(eV)=   2.00496837149905     
 ***************************************************
 iter=          23
 ---------------------------------------------------
 dvE, dvE(n)-dvE(n-1) = 0.6686E-06 -.3466E-06
 dv_ave, drho_tot     = 0.8176E-03 0.2445E-03
 err of ug            = 0.5471E-04
 ---------------------------------------------------
 Ewald        = -.42716155442192E+05
 Alpha        = 0.15207970391171E+04
 E_extV       = 0.00000000000000E+00    0.0000E+00
 E_NSC        = -.21261961811763E+05    0.7574E+00
 E[-rho*V_Hxc]= -.12109120149073E+06    -.7542E+00
 E_Hxc        = 0.50642519310205E+05    0.7381E+00
 -TS          = -.28323604379280E-11    -.2645E-11
 E_tot(eV)    = -.13290600239536E+06    0.3205E-02
 ---------------------------------------------------
 E_ion,E_coul,E_xc =   -221517.1577460   79374.8255500  -28732.3062398
Ewald+Hart+ion    -0.1848584876382E+06
 ave(vtot)=ave_(V_xc)=: v0= -0.283807641427709     
 Eigen energies are values after setting ave_vtot=0
 ----------------------------------
--E_kin+E_nonloc(from Etotcalc)--  0.7916399444E+05
 TEST fatom (local and nlocal)         460
 0.509637E+02 -0.310466E+02 -0.584446E+00   -0.512873E+02  0.316941E+02  0.879363E+00
 0.960708E+01  0.501763E+02 -0.374905E+02   -0.974187E+01 -0.500449E+02  0.379424E+02
-0.526521E+00 -0.581186E+02 -0.891306E+00    0.760635E+00  0.586893E+02  0.130757E+01
 0.213268E+02  0.138497E+02 -0.528608E+02   -0.211785E+02 -0.137249E+02  0.527284E+02
 0.928328E+01 -0.560827E+02  0.316239E+02   -0.960080E+01  0.566005E+02 -0.313852E+02
 0.277870E+02  0.368295E+02  0.262923E+02   -0.288520E+02 -0.382971E+02 -0.273835E+02
-0.102430E+02  0.637922E+02 -0.151865E+02    0.103389E+02 -0.630383E+02  0.149118E+02
-0.220696E+02 -0.274742E+02 -0.373758E+02    0.227547E+02  0.287176E+02  0.387256E+02
 0.973241E+01  0.293752E+02  0.392858E+02   -0.104656E+02 -0.307613E+02 -0.411388E+02
 0.537609E+02 -0.231393E+02 -0.538581E+01   -0.559744E+02  0.235502E+02  0.540707E+01
-0.476645E+01 -0.357217E+02  0.438252E+02    0.501033E+01  0.364371E+02 -0.450346E+02
-0.549436E+01 -0.295137E+02 -0.425743E+02    0.611487E+01  0.308052E+02  0.446081E+02
 0.557620E+02  0.376707E+02 -0.179701E+02   -0.546039E+02 -0.364567E+02  0.182586E+02
 0.186967E+01 -0.292500E+02 -0.360187E+02   -0.277922E+01  0.306555E+02  0.374991E+02
-0.124487E+02  0.177591E+02 -0.594108E+02    0.125247E+02 -0.176157E+02  0.600249E+02
-0.491915E+02 -0.272707E+02  0.186097E+02    0.501800E+02  0.278622E+02 -0.189036E+02
 0.230068E+02  0.228158E+02 -0.493150E+02   -0.231627E+02 -0.232609E+02  0.500239E+02
 0.199600E+02  0.305308E+02  0.412554E+02   -0.206753E+02 -0.313060E+02 -0.425551E+02
-0.147028E+02  0.504556E+02 -0.245579E+02    0.151735E+02 -0.503231E+02  0.250312E+02
-0.313159E+02 -0.885221E+00  0.527120E+02    0.310625E+02  0.528680E+00 -0.531455E+02
 0.626285E+02  0.665599E+00  0.116056E+02   -0.626233E+02 -0.717768E+00 -0.114118E+02
-0.304928E+02 -0.214297E+02  0.483961E+02    0.311470E+02  0.211767E+02 -0.488165E+02
-0.985179E+01 -0.553797E+02  0.191635E+02    0.103209E+02  0.563654E+02 -0.192024E+02
-0.514179E+02  0.153722E+02 -0.138797E+02    0.534052E+02 -0.155736E+02  0.144514E+02
-0.397704E+01  0.606504E+02  0.103677E+01    0.393665E+01 -0.615904E+02 -0.873423E+00
-0.122506E+02 -0.153974E+02 -0.536240E+02    0.125576E+02  0.158519E+02  0.546026E+02
 0.238084E+01 -0.533249E+02 -0.182398E+02   -0.146320E+01  0.536529E+02  0.186449E+02
 0.126695E+02  0.222087E+01  0.585209E+02   -0.129028E+02 -0.253839E+01 -0.583460E+02
 0.615259E+01  0.249490E+02  0.492511E+02   -0.653124E+01 -0.254921E+02 -0.501189E+02
-0.604633E+02  0.127865E+02 -0.216213E+02    0.608024E+02 -0.131169E+02  0.217025E+02
 0.471053E+02 -0.591026E+01  0.313043E+02   -0.485051E+02  0.643081E+01 -0.318880E+02
 0.138360E+02 -0.254847E+02 -0.545396E+02   -0.137807E+02  0.255557E+02  0.544386E+02
-0.344460E+02 -0.384071E+01  0.488908E+02    0.340754E+02  0.418710E+01 -0.492398E+02
-0.398529E+02 -0.156571E+01 -0.579208E+02    0.391911E+02  0.131691E+01  0.570662E+02
-0.546708E+02 -0.114252E+02 -0.183970E+01    0.560218E+02  0.116488E+02  0.208946E+01
 0.420990E+01  0.527887E+02 -0.295161E+02   -0.425960E+01 -0.522640E+02  0.296305E+02
-0.338566E+02 -0.409789E+02 -0.421669E+01    0.357286E+02  0.420302E+02  0.461943E+01
 0.354659E+02 -0.195303E+01 -0.453733E+02   -0.368902E+02  0.169598E+01  0.473339E+02
 0.546592E+02  0.111370E+02 -0.418954E+01   -0.562088E+02 -0.119848E+02  0.493112E+01
-0.241434E+02  0.506786E+02  0.364878E+02    0.236716E+02 -0.502127E+02 -0.367040E+02
 0.228592E+02 -0.215808E+02 -0.526723E+02   -0.228615E+02  0.217435E+02  0.534652E+02
-0.187441E+02 -0.468266E+02  0.310005E+02    0.189744E+02  0.477415E+02 -0.318547E+02
 0.535817E+02 -0.253925E+02  0.274508E+01   -0.534819E+02  0.252261E+02 -0.295659E+01
-0.153089E+02  0.323104E+01  0.635839E+02    0.148726E+02 -0.247534E+01 -0.623770E+02
-0.347620E+02 -0.236756E+02 -0.369890E+02    0.360474E+02  0.243765E+02  0.371526E+02
-0.389672E+02  0.151924E+01  0.462680E+02    0.396966E+02 -0.117166E+01 -0.461427E+02
 0.309647E+02  0.448009E+02  0.378882E+02   -0.294766E+02 -0.438316E+02 -0.361584E+02
 0.366136E+02 -0.810927E+01 -0.495370E+02   -0.365851E+02  0.806247E+01  0.488520E+02
-0.456179E+01 -0.163223E+02  0.568695E+02    0.415048E+01  0.165876E+02 -0.577485E+02
-0.314160E+02 -0.387931E+02 -0.330125E+02    0.319655E+02  0.395162E+02  0.338296E+02
-0.523712E+02 -0.413331E+01  0.165924E+02    0.535226E+02  0.432968E+01 -0.174181E+02
 0.361123E+01  0.368581E+02 -0.450400E+02   -0.413762E+01 -0.377381E+02  0.454339E+02
 0.182760E+02 -0.555614E+02  0.155104E+02   -0.183075E+02  0.569505E+02 -0.158334E+02
 0.669943E+01  0.426404E+01 -0.568794E+02   -0.653711E+01 -0.430001E+01  0.582869E+02
-0.255065E+02  0.538491E+02  0.720464E+01    0.255758E+02 -0.533967E+02 -0.672976E+01
-0.173657E+02 -0.342935E+02  0.494940E+02    0.178786E+02  0.345975E+02 -0.490554E+02
-0.218552E+02  0.357351E+02  0.404195E+02    0.224403E+02 -0.374050E+02 -0.417164E+02
 0.356455E+02  0.333930E+02 -0.240289E+02   -0.367918E+02 -0.347914E+02  0.247035E+02
 0.504606E+02  0.436880E+01  0.165853E+02   -0.522906E+02 -0.437701E+01 -0.169008E+02
 0.355656E+01 -0.442808E+02 -0.432359E+02   -0.352380E+01  0.443430E+02  0.428347E+02
-0.374591E+02  0.502476E+02 -0.230992E+02    0.368611E+02 -0.500807E+02  0.229855E+02
 0.289153E+02 -0.179952E+02 -0.469743E+02   -0.294971E+02  0.178657E+02  0.477511E+02
-0.611877E+02 -0.214974E+02 -0.293834E+02    0.587449E+02  0.206615E+02  0.286844E+02
 0.310935E+02 -0.480304E+02  0.165340E+02   -0.316835E+02  0.484094E+02 -0.165230E+02
-0.731345E+01  0.172518E+02  0.523923E+02    0.702112E+01 -0.177962E+02 -0.534171E+02
 0.218247E+02  0.473629E+02 -0.279089E+02   -0.222653E+02 -0.482233E+02  0.284290E+02
 0.493239E+02  0.174540E+02  0.322657E+02   -0.491224E+02 -0.175482E+02 -0.325526E+02
 0.196272E+02 -0.165160E+02 -0.534906E+02   -0.196088E+02  0.170510E+02  0.539328E+02
-0.387738E+02  0.480645E+02 -0.701143E+00    0.393953E+02 -0.482952E+02  0.958509E+00
 0.794134E+01 -0.957962E+01 -0.514699E+02   -0.782002E+01  0.993323E+01  0.533948E+02
 0.339311E+02 -0.438967E+02 -0.140638E+02   -0.347083E+02  0.450074E+02  0.142968E+02
 0.375651E+00 -0.300646E+00  0.617172E+02   -0.574538E+00  0.416320E+00 -0.624242E+02
 0.221868E+02 -0.172031E+02 -0.466168E+02   -0.232258E+02  0.175430E+02  0.474479E+02
-0.340912E+01  0.658857E+02 -0.616111E+01    0.339561E+01 -0.655416E+02  0.618583E+01
-0.257044E+02  0.399558E+02  0.366741E+02    0.258456E+02 -0.404219E+02 -0.366361E+02
-0.118041E+02 -0.521899E+02  0.200900E+02    0.118799E+02  0.527466E+02 -0.197158E+02
 0.419915E+02  0.328326E+02 -0.408735E+01   -0.435858E+02 -0.341737E+02  0.453375E+01
-0.171047E+02  0.726328E+01  0.499747E+02    0.177496E+02 -0.743468E+01 -0.518138E+02
-0.620664E+02 -0.897548E+01  0.990938E+01    0.616336E+02  0.949937E+01 -0.963883E+01
 0.114170E+02  0.550186E+02 -0.323387E+02   -0.117304E+02 -0.544086E+02  0.321819E+02
-0.524849E+02  0.134241E+02  0.646694E+00    0.541467E+02 -0.145514E+02 -0.102956E+01
 0.187277E+02  0.510487E+02  0.865296E+01   -0.188366E+02 -0.523757E+02 -0.890253E+01
-0.138822E+02  0.227628E+02  0.463065E+02    0.144470E+02 -0.234890E+02 -0.475717E+02
 0.525562E+02  0.807291E+00  0.270339E+01   -0.542025E+02 -0.926454E+00 -0.273769E+01
-0.196206E+02  0.430072E+02 -0.407562E+02    0.194242E+02 -0.429205E+02  0.404221E+02
 0.654025E+02  0.391188E+01  0.138604E+01   -0.643098E+02 -0.416622E+01 -0.119144E+01
 0.270584E+02 -0.277859E+02  0.464381E+02   -0.273361E+02  0.282289E+02 -0.475234E+02
-0.589559E+02  0.148332E+00  0.152755E+02    0.595537E+02 -0.476615E+00 -0.159163E+02
-0.772267E+01 -0.515664E+02  0.187625E+02    0.839352E+01  0.529448E+02 -0.193472E+02
 0.291122E+02  0.288358E+02  0.474420E+02   -0.296297E+02 -0.291805E+02 -0.483018E+02
 0.798144E+01  0.527269E+02  0.185305E+02   -0.755912E+01 -0.526800E+02 -0.185133E+02
-0.934968E+01  0.810789E+01 -0.604774E+02    0.914096E+01 -0.849000E+01  0.604560E+02
-0.194226E+02  0.146054E+02  0.526021E+02    0.198603E+02 -0.151964E+02 -0.538948E+02
 0.116164E+01  0.509866E+02 -0.305467E+02   -0.131962E+01 -0.518023E+02  0.307643E+02
 0.375429E+02  0.154146E+02 -0.446643E+02   -0.380551E+02 -0.157531E+02  0.453484E+02
 0.263486E+02  0.162180E+02  0.585369E+02   -0.255211E+02 -0.154627E+02 -0.572917E+02
-0.535022E+02 -0.253388E+02 -0.589028E+01    0.535138E+02  0.250874E+02  0.577540E+01
 0.397595E+02 -0.240968E+02 -0.490204E+02   -0.393754E+02  0.240307E+02  0.484736E+02
 0.478612E+02  0.139211E+02 -0.484923E+00   -0.489494E+02 -0.140334E+02  0.512597E+00
-0.185001E+02  0.325849E+02  0.433769E+02    0.184825E+02 -0.331361E+02 -0.442780E+02
 0.114895E+02 -0.559661E+02 -0.835669E+01   -0.117643E+02  0.569868E+02  0.896157E+01
 0.599728E+02  0.279945E+02  0.126404E+02   -0.593390E+02 -0.275149E+02 -0.122813E+02
-0.514218E+02 -0.371754E+02 -0.172672E+02    0.502046E+02  0.367632E+02  0.169710E+02
-0.158529E+02  0.575236E+02  0.339855E+01    0.159739E+02 -0.581386E+02 -0.356637E+01
 0.470334E+01  0.545670E+02  0.316032E+02   -0.425736E+01 -0.547786E+02 -0.316576E+02
-0.526571E+02 -0.175330E+02  0.190190E+02    0.541792E+02  0.175072E+02 -0.196914E+02
 0.422600E+02  0.352333E+02 -0.279475E+02   -0.421797E+02 -0.350417E+02  0.280398E+02
-0.493398E+02  0.307448E+02 -0.441154E+00    0.499399E+02 -0.310259E+02  0.160530E+00
 0.475119E+02  0.322225E+02  0.112291E+02   -0.484825E+02 -0.333696E+02 -0.115305E+02
-0.130637E+02 -0.272089E+02  0.498047E+02    0.137779E+02  0.277452E+02 -0.512409E+02
-0.573121E+02 -0.662779E+01 -0.126533E+02    0.590118E+02  0.690897E+01  0.133633E+02
 0.195891E+02  0.517586E+01 -0.536338E+02   -0.195634E+02 -0.478730E+01  0.553385E+02
 0.247682E+02 -0.807850E+01  0.500347E+02   -0.254542E+02  0.825487E+01 -0.515089E+02
-0.378276E+02 -0.476679E+02 -0.100809E+02    0.381642E+02  0.479724E+02  0.101422E+02
 0.314865E+02  0.384482E+02 -0.245180E+02   -0.323829E+02 -0.391141E+02  0.248780E+02
-0.134241E+02  0.261125E+02  0.511087E+02    0.132299E+02 -0.267047E+02 -0.517797E+02
 0.525828E+02  0.379279E+02  0.189551E+02   -0.523562E+02 -0.372424E+02 -0.190882E+02
 0.192585E+02 -0.512494E+02 -0.462063E+01   -0.197302E+02  0.526438E+02  0.468621E+01
-0.283152E+02  0.549511E+02 -0.591189E+01    0.279878E+02 -0.554570E+02  0.570482E+01
 0.180235E+02 -0.163080E+02 -0.560586E+02   -0.181665E+02  0.163537E+02  0.567709E+02
 0.232456E+02 -0.430685E+02  0.246740E+02   -0.236687E+02  0.430558E+02 -0.249630E+02
 0.165687E+02 -0.201413E+01  0.433209E+02   -0.167550E+02  0.176076E+01 -0.441803E+02
-0.758574E+01  0.407294E+02  0.137476E+02    0.740557E+01 -0.420330E+02 -0.141349E+02
 0.928632E+01 -0.398686E+02 -0.255191E+02   -0.896365E+01  0.407549E+02  0.260785E+02
-0.207381E+02 -0.463937E+02 -0.111172E+02    0.206954E+02  0.466259E+02  0.112535E+02
 0.649684E+01  0.383239E+02  0.254187E+02   -0.729868E+01 -0.388348E+02 -0.258202E+02
 0.381193E+02 -0.706745E+01  0.227742E+02   -0.397042E+02  0.728659E+01 -0.233344E+02
 0.447349E+02 -0.147664E+02  0.584097E+01   -0.452523E+02  0.148249E+02 -0.595943E+01
-0.137771E+02 -0.667647E+01  0.457073E+02    0.142865E+02  0.697430E+01 -0.463466E+02
 0.365432E+01  0.127412E+02 -0.504781E+02   -0.384483E+01 -0.126909E+02  0.512970E+02
-0.183926E+02  0.523894E+02  0.288736E+02    0.185915E+02 -0.504122E+02 -0.268495E+02
 0.231563E+01  0.607864E+02  0.120269E+02   -0.115536E+00 -0.606477E+02 -0.126952E+02
 0.371930E+02 -0.374212E+02 -0.267352E+02   -0.367719E+02  0.370887E+02  0.260826E+02
-0.196359E+02  0.450106E+02 -0.405404E+02    0.181499E+02 -0.443714E+02  0.407829E+02
 0.577140E+02 -0.188596E+02  0.150038E+02   -0.584577E+02  0.183803E+02 -0.135145E+02
-0.158073E+02  0.570968E+01 -0.577339E+02    0.146950E+02 -0.663339E+01  0.572494E+02
 0.476531E+02 -0.182305E+02  0.296499E+02   -0.468448E+02  0.178002E+02 -0.298676E+02
-0.553916E+02  0.216631E+02  0.124104E+02    0.562159E+02 -0.212825E+02 -0.128698E+02
-0.531640E+02  0.649405E+00  0.331660E+02    0.523268E+02  0.623869E+00 -0.337273E+02
 0.291860E+02  0.169982E+02 -0.547156E+02   -0.290863E+02 -0.166251E+02  0.543022E+02
-0.252486E+02 -0.191140E+02 -0.529395E+02    0.253423E+02  0.193090E+02  0.521385E+02
-0.388851E+00 -0.477941E+02  0.414117E+02   -0.156563E+00  0.471935E+02 -0.418015E+02
-0.255073E+02 -0.465483E+02 -0.338031E+02    0.253008E+02  0.449405E+02  0.349974E+02
-0.223534E+01 -0.591585E+02  0.220976E+02    0.279725E+01  0.587806E+02 -0.217715E+02
-0.891928E+00 -0.483441E+02 -0.366435E+02    0.198077E+01  0.479063E+02  0.384462E+02
 0.469363E+02 -0.200420E+02  0.238998E+02   -0.465758E+02  0.208326E+02 -0.226933E+02
-0.512244E+02  0.130655E+02 -0.223945E+02    0.509517E+02 -0.124312E+02  0.227010E+02
-0.234571E+01  0.470671E+02  0.343939E+02    0.234252E+01 -0.480947E+02 -0.349548E+02
 0.648771E+00 -0.494913E+02 -0.288451E+02   -0.140946E+01  0.480749E+02  0.282094E+02
 0.222057E+02 -0.314799E+02  0.413225E+02   -0.233374E+02  0.311949E+02 -0.434654E+02
-0.251245E+02  0.362442E+02 -0.368212E+02    0.250806E+02 -0.369345E+02  0.365204E+02
-0.401509E+02  0.331122E+02  0.294786E+02    0.409766E+02 -0.339670E+02 -0.306671E+02
 0.298172E+02 -0.359662E+02 -0.326403E+02   -0.283391E+02  0.359883E+02  0.328000E+02
 0.272289E+02 -0.449450E+02 -0.169768E+02   -0.254977E+02  0.462884E+02  0.169290E+02
-0.300401E+02  0.480787E+02  0.192723E+02    0.293295E+02 -0.469777E+02 -0.190419E+02
-0.511460E+02  0.252162E+02 -0.117030E+02    0.524218E+02 -0.260013E+02  0.132462E+02
 0.491608E+02 -0.272630E+02 -0.180396E+01   -0.490093E+02  0.280544E+02  0.254639E+01
 0.495748E+01  0.331324E+02 -0.446021E+02   -0.593564E+01 -0.334912E+02  0.467355E+02
-0.102616E+02 -0.339839E+02  0.438923E+02    0.110185E+02  0.346100E+02 -0.443160E+02
 0.342538E+02  0.342187E+02 -0.278185E+02   -0.353477E+02 -0.355027E+02  0.290512E+02
-0.410418E+02 -0.373713E+02  0.212505E+02    0.413309E+02  0.381579E+02 -0.207952E+02
-0.451537E+02  0.356105E+02 -0.581293E+01    0.471643E+02 -0.359403E+02  0.573718E+01
 0.419629E+02 -0.370519E+02  0.999805E+01   -0.412324E+02  0.379079E+02 -0.102433E+02
 0.415770E+02 -0.151592E+02  0.350389E+02   -0.426452E+02  0.147408E+02 -0.366610E+02
-0.392803E+02  0.244142E+02 -0.349837E+02    0.390981E+02 -0.243793E+02  0.349242E+02
 0.456066E+02  0.192399E+02 -0.389479E+02   -0.461926E+02 -0.197249E+02  0.387902E+02
-0.483745E+02 -0.178091E+02 -0.219119E+02    0.491707E+02  0.182687E+02  0.224022E+02
-0.470364E+02 -0.324930E+02 -0.447356E+01    0.477837E+02  0.331698E+02  0.461529E+01
-0.443774E+01  0.634743E+02 -0.384857E+01    0.433975E+01 -0.630671E+02  0.342195E+01
-0.562236E+02 -0.245527E+02 -0.209437E+02    0.566509E+02  0.248565E+02  0.211872E+02
 0.513276E+02  0.129463E+02 -0.374099E+02   -0.508290E+02 -0.132478E+02  0.365652E+02
 0.546609E+00 -0.158431E+02  0.537034E+02   -0.877043E+00  0.160934E+02 -0.553023E+02
 0.419623E+02  0.349942E+02 -0.150399E+02   -0.437660E+02 -0.363022E+02  0.151941E+02
 0.273071E+02  0.149049E+02 -0.555694E+02   -0.269089E+02 -0.148131E+02  0.560269E+02
-0.487639E+02  0.356805E+02  0.184081E+02    0.492219E+02 -0.358710E+02 -0.182180E+02
 0.480759E+02 -0.271586E+02  0.144799E+02   -0.484166E+02  0.267763E+02 -0.153486E+02
-0.582675E+02 -0.273158E+02  0.123904E+02    0.570361E+02  0.269824E+02 -0.120237E+02
-0.279414E+02 -0.546815E+02  0.331027E+01    0.275000E+02  0.536296E+02 -0.278531E+01
-0.219245E+02  0.488709E+02  0.192028E+02    0.226525E+02 -0.501380E+02 -0.197111E+02
 0.184238E+01  0.313958E+02 -0.536491E+02   -0.198114E+01 -0.318950E+02  0.539078E+02
-0.310598E+02 -0.526750E+02  0.638692E+01    0.314665E+02  0.540570E+02 -0.630855E+01
 0.924712E+01  0.570324E+02 -0.459379E+01   -0.959671E+01 -0.589596E+02  0.498625E+01
 0.460201E+02 -0.375533E+02 -0.639632E+01   -0.460414E+02  0.376509E+02  0.655291E+01
-0.614337E+02 -0.790592E+01  0.967192E+01    0.621250E+02  0.831955E+01 -0.943062E+01
 0.327745E+02 -0.515946E+02  0.382189E+01   -0.327594E+02  0.520969E+02 -0.361955E+01
-0.156307E+02 -0.536772E+01  0.894924E+01    0.143524E+02  0.362251E+01 -0.977865E+01
 0.114812E+02 -0.104950E+02  0.283834E+01   -0.971747E+01  0.925604E+01 -0.324752E+01
-0.135650E+02  0.660597E+01  0.317566E+01    0.112456E+02 -0.760948E+01 -0.508992E+01
-0.128464E+02  0.526944E+01 -0.133468E+02    0.144818E+02 -0.411032E+01  0.134134E+02
 0.488769E+01 -0.106264E+02  0.173685E+02   -0.542907E+01  0.841803E+01 -0.193336E+02
-0.152072E+02  0.436565E+00 -0.948450E+01    0.167079E+02  0.141999E+01  0.109472E+02
 0.111473E+02 -0.117812E+02 -0.157475E+01   -0.979612E+01  0.129440E+02  0.263181E+01
-0.111336E+02  0.113208E+02 -0.254333E+00    0.828864E+01 -0.130527E+02 -0.155024E+00
-0.150027E+02  0.168038E+01  0.126173E+02    0.153130E+02 -0.456305E+01 -0.139922E+02
 0.147179E+02  0.563132E+01  0.113809E+02   -0.145357E+02 -0.648017E+01 -0.111038E+02
-0.113007E+02 -0.148848E+02  0.225649E+01    0.111738E+02  0.165958E+02 -0.173528E+01
 0.108339E+01  0.101381E+02  0.115178E+02   -0.961486E+00 -0.108231E+02 -0.117712E+02
-0.359609E+00 -0.102773E+02 -0.893171E+01   -0.244786E+00  0.109073E+02  0.803357E+01
-0.847552E+01  0.312275E+01 -0.176304E+02    0.735613E+01 -0.357291E+01  0.164551E+02
 0.160308E+02  0.710762E+01 -0.572554E+01   -0.175709E+02 -0.811096E+01  0.616920E+01
 0.402305E+01 -0.123851E+02  0.120498E+02   -0.488494E+01  0.112173E+02 -0.133131E+02
-0.689902E+01 -0.945728E+01  0.803127E+01    0.723752E+01  0.113828E+02 -0.756731E+01
 0.655983E+01  0.103498E+02 -0.890889E+01   -0.485365E+01 -0.106811E+02  0.859475E+01
 0.139894E+02 -0.121662E+02 -0.620069E+01   -0.126195E+02  0.144444E+02  0.692406E+01
-0.162271E+02  0.119469E+02  0.286458E+01    0.161879E+02 -0.142126E+02 -0.291589E+01
 0.193177E+02  0.149489E+01  0.202925E+01   -0.162400E+02 -0.608516E+00  0.270473E+00
-0.310696E+01 -0.114344E+01 -0.145146E+02    0.243856E+01  0.155144E+01  0.141228E+02
 0.742100E+01 -0.258001E+01  0.137773E+02   -0.867816E+01  0.266641E+01 -0.139980E+02
-0.854678E+00  0.134891E+02  0.135250E+02    0.151963E+00 -0.147704E+02 -0.154295E+02
-0.799280E+01 -0.172191E+02 -0.465432E+01    0.935593E+01  0.167080E+02  0.355602E+01
-0.507964E+00  0.176845E+02  0.496479E+01   -0.134870E+01 -0.176759E+02 -0.618371E+01
-0.432956E+01 -0.103668E+02  0.102524E+02    0.568045E+01  0.107377E+02 -0.100452E+02
-0.107076E+01  0.115357E+02 -0.907470E+01    0.173716E+01 -0.119277E+02  0.934649E+01
 0.171327E+02  0.717747E+01 -0.199159E+01   -0.189564E+02 -0.888198E+01  0.224780E+01
-0.198772E+02 -0.606626E+01  0.123089E+01    0.188987E+02  0.557388E+01 -0.214665E+01
 0.111569E+02  0.134878E+02 -0.642575E+01   -0.110036E+02 -0.139276E+02  0.664459E+01
-0.797409E+01 -0.614798E+01 -0.105058E+02    0.807900E+01  0.735904E+01  0.111038E+02
 0.108090E+02  0.288775E+01  0.118493E+02   -0.106991E+02 -0.322964E+01 -0.126513E+02
-0.443444E+01  0.144318E+02  0.120865E+02    0.381013E+01 -0.159649E+02 -0.135609E+02
 0.130771E+02 -0.467757E+01 -0.137322E+02   -0.131752E+02  0.535999E+01  0.144994E+02
-0.454918E+01 -0.174477E+02 -0.453137E+01    0.484020E+01  0.177866E+02  0.434036E+01
 0.126564E+02  0.542034E+01 -0.624708E+01   -0.121387E+02 -0.368618E+01  0.798111E+01
-0.107023E+02 -0.258825E+01  0.133019E+02    0.125250E+02  0.287454E+01 -0.126146E+02
-0.115095E+01 -0.811952E+01  0.179010E+02    0.314443E+01  0.977117E+01 -0.176342E+02
 0.556519E+01  0.175436E+02  0.711678E+01   -0.301830E+01 -0.167765E+02 -0.585476E+01
-0.119267E+01 -0.157837E+02 -0.624147E+01    0.208131E+01  0.179229E+02  0.714089E+01
 0.698140E+01  0.891813E+01 -0.933579E+01   -0.769224E+01 -0.100754E+02  0.844601E+01
-0.909826E+01 -0.107407E+02  0.658872E+01    0.947050E+01  0.870033E+01 -0.665455E+01
 0.294926E+01 -0.135952E+02  0.138226E+02   -0.390070E+01  0.129010E+02 -0.161139E+02
-0.123275E+02  0.936140E+01 -0.120382E+02    0.130610E+02 -0.987802E+01  0.123071E+02
-0.460909E+01 -0.106461E+02  0.129522E+02    0.235375E+01  0.998043E+01 -0.156097E+02
 0.366082E+01 -0.507715E+01  0.130690E+02   -0.278160E+01  0.409375E+01 -0.134224E+02
-0.300606E+01  0.120751E+01 -0.165674E+02    0.133027E+01 -0.227721E+01  0.145952E+02
-0.331317E+01 -0.149778E+02 -0.120710E+02    0.623639E+01  0.168407E+02  0.158109E+02
 0.144367E+02 -0.146509E+02  0.135577E+01   -0.128505E+02  0.136718E+02 -0.105389E+01
 0.992798E+01 -0.154372E+02 -0.277378E+01   -0.103332E+02  0.174188E+02  0.354853E+01
 0.117893E+01  0.137857E+02  0.712491E+01   -0.169414E+01 -0.143882E+02 -0.781706E+01
-0.693864E+01 -0.131631E+02 -0.245509E+01    0.852401E+01  0.157144E+02  0.468336E+01
-0.119394E+02 -0.152537E+02  0.497219E+01    0.106896E+02  0.154000E+02 -0.487842E+01
 0.819526E+01  0.370165E+01 -0.165599E+02   -0.839256E+01 -0.403736E+01  0.182709E+02
-0.620638E+01  0.513403E+01 -0.161305E+02    0.421813E+01 -0.633813E+01  0.159657E+02
-0.100541E+02  0.665811E+01 -0.596509E+01    0.111188E+02 -0.553640E+01  0.837811E+01
 0.100906E+02 -0.112558E+02  0.493393E+01   -0.942993E+01  0.116524E+02 -0.520977E+01
 0.226387E+01 -0.183057E+02 -0.671104E+01   -0.169312E+00  0.201595E+02  0.859215E+01
-0.143715E+02 -0.138809E+02 -0.228189E+01    0.140261E+02  0.141568E+02  0.141724E+01
 0.428140E+01  0.115861E+02  0.141563E+02   -0.514444E+01 -0.105125E+02 -0.125468E+02
 0.758889E+01 -0.160907E+01  0.130612E+02   -0.815922E+01  0.159141E+01 -0.132391E+02
-0.630949E+01 -0.490323E+00 -0.136487E+02    0.820292E+01  0.241930E+01  0.136708E+02
-0.188915E+02  0.672970E+01  0.649663E+00    0.177846E+02 -0.806728E+01 -0.291253E+01
 0.194659E+02 -0.625295E+01 -0.131509E+01   -0.187006E+02  0.666587E+01  0.221907E+01
 0.948440E+01 -0.832679E+01 -0.118735E+02   -0.109539E+02  0.794355E+01  0.106766E+02
 0.243001E+01  0.140373E+02  0.620689E+01   -0.203998E+01 -0.132994E+02 -0.465947E+01
-0.147170E+01 -0.141160E+02 -0.450776E+01    0.637030E+00  0.132493E+02  0.325681E+01
-0.924725E+01 -0.272866E+01 -0.163463E+02    0.867592E+01  0.306726E+01  0.171069E+02
 0.783447E+01 -0.571812E+01  0.154134E+02   -0.965469E+01  0.572607E+01 -0.172527E+02
 0.382375E+01  0.149431E+02 -0.110296E+02   -0.301592E+01 -0.143222E+02  0.114876E+02
 0.511688E+01  0.223959E+01  0.128769E+02   -0.647497E+01 -0.338282E+01 -0.134840E+02
-0.113782E+02 -0.729337E+01 -0.102082E+02    0.112753E+02  0.752533E+01  0.916705E+01
-0.182811E+02  0.328439E+01 -0.586903E+01    0.171428E+02 -0.554779E+01  0.546565E+01
-0.643502E+00 -0.107775E+02  0.161908E+02    0.223985E+01  0.125870E+02 -0.159775E+02
 0.140040E+01 -0.550965E+00  0.295450E+01   -0.147573E+01  0.265214E+00 -0.306478E+01
-0.117765E+02 -0.505661E+00  0.889125E+01    0.113002E+02 -0.951858E+00 -0.101817E+02
 0.440650E+01 -0.193607E+01 -0.100000E+02   -0.483272E+01 -0.167520E+00  0.945936E+01
 0.236047E+01 -0.152837E+01 -0.301594E+01   -0.249972E+01  0.228749E+01  0.218494E+01
-0.559339E+00  0.337455E+01  0.257708E+01   -0.333318E+00 -0.579222E+01 -0.515854E+01
-0.121806E+02 -0.548869E+01 -0.227323E+01    0.128743E+02  0.721460E+01  0.457991E+01
 0.884580E+01  0.314708E+01 -0.211011E+01   -0.835258E+01 -0.627924E+00  0.317175E+01
 0.322610E+01  0.106980E+01 -0.103860E+01   -0.271771E+01 -0.996309E+00  0.162156E+01
 0.291285E+01  0.297854E+00  0.130029E+01   -0.460230E+01 -0.217130E+00 -0.987118E+00
 0.192678E+01  0.130094E+02 -0.898271E+00   -0.360317E+00 -0.139381E+02  0.707377E+00
-0.453364E+01 -0.768518E+01 -0.978818E+00    0.459354E+01  0.798007E+01  0.399138E+01
-0.176384E+01 -0.431848E+01 -0.449952E-02    0.467088E+01  0.633289E+01  0.110160E+01
-0.140272E+01  0.327580E+01  0.865711E+00    0.300310E+01 -0.252130E+01 -0.139386E+00
 0.137930E+02 -0.297128E+00  0.420240E+01   -0.133032E+02  0.794014E+00 -0.345568E+01
-0.873256E+01 -0.337511E+01 -0.532938E+01    0.610901E+01  0.334906E+01  0.558625E+01
-0.300471E+01  0.121562E-01 -0.413736E+00    0.363478E+01 -0.172569E+00 -0.139432E+00
-0.150876E+00 -0.288626E+01 -0.137348E+01   -0.126644E-01  0.240309E+01  0.276913E+01
-0.137895E+02 -0.905644E+00  0.279207E+01    0.143435E+02  0.434670E+01 -0.843675E+00
 0.870746E+01  0.422814E+01 -0.280541E+01   -0.105238E+02 -0.674408E+01  0.232192E+01
 0.415138E+01  0.709044E-01 -0.395100E+00   -0.442041E+01 -0.235669E+01  0.295810E+00
-0.199240E+01  0.212242E+01  0.726256E+00    0.296848E+01 -0.801427E+00 -0.673297E+00
 0.108627E+02  0.889330E+01 -0.867254E+00   -0.106732E+02 -0.898394E+01  0.745395E+00
-0.500504E+01 -0.978917E+01 -0.764319E+00    0.434388E+01  0.901299E+01 -0.478675E+00
-0.274257E+01 -0.292824E+01  0.439225E+00    0.302871E+01  0.246378E+01 -0.145721E+01
-0.112517E+00 -0.148764E+00 -0.243965E+01    0.190494E+01  0.154522E+01  0.344851E+01
 0.875819E+01 -0.101621E+02  0.270222E+01   -0.994480E+01  0.946310E+01 -0.255046E+01
-0.958044E+01  0.399171E+01 -0.290299E+00    0.930876E+01 -0.409011E+01 -0.140315E+01
-0.212738E+01  0.247979E+01 -0.199079E+01    0.182337E+01 -0.262772E+01  0.203640E+01
 0.964962E-02  0.162388E+01 -0.109111E+01    0.131409E+01 -0.172389E+01  0.100397E+01
-0.115081E+02  0.470584E+01  0.653461E+01    0.131483E+02 -0.441689E+01 -0.575786E+01
 0.519043E+01 -0.764383E+01 -0.372301E+01   -0.606318E+01  0.839554E+01  0.222057E+01
 0.186770E+01  0.198510E+00 -0.254142E+01   -0.849847E+00 -0.771151E+00  0.331066E+01
-0.248125E+01  0.289919E+01 -0.120504E+01    0.514574E+01 -0.245846E+01  0.359988E+01
 0.119014E+02  0.630046E+01 -0.223397E+01   -0.138374E+02 -0.695411E+01  0.126010E+01
-0.687624E+01 -0.785286E+01  0.718482E+00    0.494190E+01  0.712117E+01 -0.742601E+00
-0.270923E+01 -0.277027E+01 -0.497013E+00    0.269459E+01  0.248804E+01  0.130199E+00
-0.432900E+00 -0.401761E+00  0.225791E+01    0.124690E+00 -0.188183E+00 -0.344343E+01
-0.126298E+02  0.302931E+01  0.328648E+01    0.131378E+02 -0.215609E+01 -0.290429E+01
 0.762684E+01 -0.234380E+00 -0.699172E+01   -0.682107E+01  0.131595E+01  0.857142E+01
 0.341946E+01 -0.171068E+01 -0.782698E+00   -0.330670E+01  0.110654E+01  0.141712E+00
-0.908976E-02 -0.886658E+00  0.128761E+01    0.520468E+00  0.166151E+01 -0.883317E+00
 0.126702E+01 -0.421027E+00 -0.105564E+01   -0.883563E+00  0.743881E+00  0.157948E+01
-0.176801E+01  0.439085E+00  0.259967E+00    0.196536E+01 -0.694306E+00  0.278385E-03
-0.920595E+00 -0.685329E+00  0.224703E+01    0.112279E+01  0.546179E+00 -0.184224E+01
-0.621996E-01 -0.111005E+01  0.112286E+01   -0.691498E+00  0.761491E+00 -0.166676E+01
-0.286363E+00 -0.194566E+01 -0.200199E+01   -0.566925E-01  0.124511E+01  0.181438E+01
-0.210240E+01  0.101106E+01  0.109028E-01    0.176594E+01 -0.127436E+01 -0.204113E+00
-0.335057E-01  0.107605E+01  0.604991E+00   -0.455639E+00 -0.149617E+01 -0.118921E+01
-0.248148E+00  0.191025E+01 -0.241758E+00    0.419356E+00 -0.195953E+01  0.443711E+00
-0.633960E+00 -0.248937E+00  0.187197E+01    0.856082E+00  0.563534E+00 -0.180789E+01
-0.241533E+00 -0.525427E+00 -0.229383E+00    0.294883E+00  0.101148E+01  0.149099E+01
 0.103592E+01  0.283727E+00 -0.106797E+01   -0.104503E+01  0.149762E+00  0.173921E+01
 0.171079E+00 -0.313528E+01 -0.511055E+00   -0.546228E+00  0.217748E+01 -0.475235E-01
 0.331804E+00  0.681512E+00  0.238602E+01   -0.878458E-01 -0.479152E+00 -0.201786E+01
 0.134693E+00 -0.256255E+01  0.120683E+00   -0.489863E+00  0.208745E+01 -0.473236E+00
-0.474653E+00  0.296022E+01  0.472073E-01    0.690395E+00 -0.211354E+01  0.457269E+00
-0.105145E+01  0.138942E+01 -0.933678E+00    0.134335E+01 -0.135999E+01  0.681984E+00
 0.112935E+01 -0.529796E+00 -0.175454E+01   -0.176389E+01 -0.656022E-01  0.107999E+01
 0.322752E+00 -0.148618E+00  0.634530E+00   -0.102931E+01  0.199407E-01 -0.162010E+01
 0.297455E+00 -0.153661E+01  0.996004E+00    0.612050E+00  0.172733E+01 -0.901722E+00
 0.179332E+01 -0.131791E+01  0.941759E+00   -0.129546E+01  0.156725E+01 -0.446256E+00
-0.697253E+00  0.562553E+00  0.155783E+01    0.971434E+00 -0.706488E+00 -0.164634E+01
 0.575754E+00  0.171205E+01 -0.793429E+00   -0.512477E+00 -0.198698E+01  0.507354E+00
-0.242481E+01  0.580446E+00 -0.933277E+00    0.183519E+01 -0.107913E+01  0.472805E+00
-0.332979E+01 -0.384243E+00 -0.839337E-01    0.215722E+01 -0.458813E-01 -0.573768E+00
 0.157013E+00  0.356466E+00 -0.181719E+01   -0.549289E+00 -0.677873E+00  0.185213E+01
 0.177725E+01  0.178273E+01  0.121105E+01   -0.113591E+01 -0.162865E+01 -0.101923E+01
 0.977528E+00 -0.359596E+00 -0.374394E+00   -0.190389E+01 -0.368921E+00  0.156339E-01
 0.358494E+00  0.158595E+00  0.428586E+00   -0.150249E+01 -0.412205E+00 -0.960891E+00
 0.739295E+00 -0.144450E+01 -0.223378E+01   -0.701355E+00  0.940285E+00  0.181360E+01
-0.169532E+01 -0.222901E+01  0.962505E+00    0.115486E+01  0.163377E+01 -0.105298E+01
-0.380732E-01  0.763768E+00  0.838647E+00    0.283284E+00 -0.103155E+01 -0.163851E+01
 0.219936E+01  0.138457E+01  0.740194E+00   -0.183783E+01 -0.101576E+01 -0.537926E+00
 0.377021E+00 -0.510864E+00 -0.150341E+01   -0.216779E+00  0.693634E+00  0.185856E+01
-0.945199E+00 -0.186894E+01  0.109293E+01    0.114523E+01  0.172336E+01 -0.686531E+00
-0.152546E+01 -0.352101E+00 -0.504280E+00    0.187597E+01  0.386197E+00  0.734702E+00
-0.697112E+00  0.115059E+01  0.214664E+01    0.934076E+00 -0.998440E+00 -0.163875E+01
 0.501879E+00 -0.110139E+01  0.509786E+00    0.208585E+00  0.189159E+01 -0.249751E+00
 0.843778E+00 -0.280366E+01 -0.246305E+00   -0.982256E+00  0.208778E+01  0.103491E+00
 0.659921E+00 -0.935039E+00 -0.492084E+00   -0.498306E+00  0.146657E+01  0.119382E+01
-0.167148E+01  0.939638E+00  0.208432E+01    0.175974E+01 -0.405702E+00 -0.120774E+01
 0.135701E+01  0.463114E+00  0.547431E+00   -0.178337E+01 -0.594313E+00 -0.756519E+00
-0.574912E+00 -0.197644E+01 -0.460088E+00    0.590696E+00  0.189555E+01  0.798585E+00
 0.222849E+00 -0.185921E+01 -0.262385E+01   -0.614143E+00  0.868234E+00  0.199644E+01
-0.696346E-01  0.105728E+01 -0.575653E+00   -0.402560E+00 -0.184692E+01  0.125281E-01
-0.126556E+01 -0.860840E+00 -0.195249E+01    0.807866E+00  0.780152E+00  0.183543E+01
-0.187547E+01 -0.204183E+01 -0.137559E+01    0.145342E+01  0.148774E+01  0.987752E+00
-0.496013E+00 -0.264545E+01 -0.450590E+00    0.102417E+00  0.220049E+01 -0.214080E+00
 0.301510E+01  0.148492E+01  0.268583E+00   -0.202360E+01 -0.103926E+01 -0.424450E-01
-0.709627E+00  0.260838E+00  0.527394E+00    0.922922E+00 -0.567539E+00 -0.153100E+01
-0.111236E+01  0.130355E+00  0.161809E+01    0.148465E+01 -0.270914E+00 -0.144948E+01
 0.138435E+01 -0.924287E-01 -0.108758E+01   -0.143117E+01  0.242659E+00  0.149521E+01
 0.137226E+01  0.541100E+00 -0.602690E+00   -0.180331E+01 -0.616811E+00  0.274551E+00
-0.970770E+00  0.141010E+01 -0.110311E-02    0.121703E+01 -0.156838E+01  0.375051E+00
 0.190598E+00 -0.402994E+00 -0.124675E+00   -0.220754E+00  0.119536E+01  0.137683E+01
 0.851726E+00 -0.154626E+01  0.108699E+01   -0.636964E+00  0.188372E+01 -0.739539E+00
 0.144644E+01  0.186825E+01  0.318431E+00   -0.974020E+00 -0.186977E+01 -0.349128E+00
-0.108072E+01 -0.518756E-01  0.147846E+01    0.124783E+01  0.377330E+00 -0.154700E+01
-0.714434E-01  0.337744E+00 -0.569659E+00    0.778795E+00 -0.368081E+00  0.165412E+01
-0.123981E+01 -0.150685E+01  0.823569E+00    0.125366E+01  0.148033E+01 -0.896394E+00
-0.149383E+01 -0.548075E+00  0.102440E+01    0.148038E+01  0.811503E+00 -0.984928E+00
 0.138143E+01 -0.128900E+01 -0.652660E-01   -0.118286E+01  0.153045E+01  0.236040E+00
 0.887553E+00  0.130795E+01  0.899911E+00   -0.808111E+00 -0.140422E+01 -0.113660E+01
-0.105894E+01 -0.934285E+00 -0.330023E+00    0.108206E+01  0.140153E+01  0.712813E+00
-0.109069E+01  0.226388E+01 -0.961176E-01    0.121209E+01 -0.171169E+01  0.177272E+00
-0.271430E+00  0.146266E+00 -0.116528E+01    0.330034E+00  0.752615E-01  0.186503E+01
 0.163063E+01  0.109059E+01  0.735616E-01   -0.929970E+00 -0.162774E+01 -0.388167E+00
 0.760644E+00 -0.105098E+01  0.747558E+00   -0.887758E+00  0.166423E+01 -0.375517E+00
 0.747330E+00  0.381713E+00  0.390302E+01   -0.117236E+00  0.131683E+00 -0.228070E+01
 0.244003E+00  0.261127E+01 -0.841411E+00    0.316934E+00 -0.186801E+01  0.914742E+00
-0.166590E+01 -0.773034E+00 -0.286888E+00    0.169333E+01  0.740419E+00  0.243393E+00
 0.114094E+00 -0.175655E+01  0.761879E+00    0.875685E-01  0.182794E+01 -0.875830E+00
-0.710089E+00 -0.341446E+00 -0.362799E+01    0.197396E+00  0.234815E+00  0.226300E+01
 0.208919E+00 -0.406017E-01  0.101818E+01   -0.726340E+00 -0.113357E+00 -0.166437E+01
 0.132160E+01 -0.779866E+00 -0.109991E+01   -0.134606E+01  0.967334E+00  0.111200E+01
-0.425019E+00  0.133878E+01 -0.515416E+00    0.847037E-01 -0.181103E+01  0.596033E+00
-0.757195E-01 -0.478078E+00  0.154514E+01    0.131434E+00  0.796637E+00 -0.173550E+01
 0.166544E+01 -0.109027E+01 -0.152033E+01   -0.182562E+01  0.577676E+00  0.720941E+00
 0.494121E+00  0.302989E+01  0.646490E+00   -0.223981E+00 -0.209506E+01 -0.147414E+00
-0.127680E+01  0.959602E+00  0.992003E+00    0.152830E+01 -0.837923E+00 -0.974939E+00
-0.645738E-02  0.446005E+00 -0.109944E+01    0.116268E+00 -0.602874E+00  0.180761E+01
 0.113996E+01 -0.109410E+01 -0.881365E+00   -0.167766E+01  0.608731E+00  0.681697E+00
-0.174404E+00 -0.927804E-01  0.103531E+01   -0.697724E-01  0.575329E+00 -0.177504E+01
-0.372341E+01 -0.158654E+01 -0.255946E+01    0.196348E+01  0.532536E+00  0.129252E+01
-0.462577E-01  0.118799E+01 -0.143466E+01   -0.168115E+00 -0.148760E+01  0.123964E+01
-0.168475E+01  0.137114E+00  0.117437E+01    0.105849E+01 -0.790273E+00 -0.146049E+01
 0.339737E+00 -0.466764E+00 -0.227471E+00   -0.141606E+01 -0.154451E+00 -0.798294E+00
 0.684836E+00 -0.284067E+00 -0.129345E+01   -0.128177E+01  0.383724E+00  0.140895E+01
 0.787612E-01 -0.137673E+01  0.124532E+01   -0.261294E+00  0.133224E+01 -0.143651E+01
-0.702900E+00 -0.480749E+00  0.132611E+01    0.108723E+01  0.855636E+00 -0.132257E+01
-0.970542E+00  0.140104E+01 -0.204854E+00    0.346134E+00 -0.188390E+01 -0.213983E-01
 0.153060E+00  0.218855E+00 -0.226652E+00    0.351001E+00  0.864404E+00  0.143280E+01
 0.449799E+00 -0.970750E+00  0.349808E+00   -0.118628E+01  0.110641E+01 -0.901055E+00
-0.124912E+01 -0.375702E+00  0.343293E+00    0.176440E+01  0.988468E-01 -0.615110E+00
-0.148021E-01 -0.109759E+01 -0.352926E+01   -0.117599E+00  0.133474E+00  0.220560E+01
-0.131009E+01  0.120148E+01 -0.112812E+01    0.946068E+00 -0.149991E+01  0.932423E+00
-0.238668E-01 -0.809249E-01  0.597749E+00    0.128019E+00 -0.600923E+00 -0.158460E+01
 0.904462E+00 -0.885591E+00  0.625208E+00   -0.751000E+00  0.159782E+01 -0.731969E+00
 0.426629E-01 -0.516765E+00 -0.284200E+01   -0.385239E+00  0.502113E-01  0.202406E+01
 0.220105E+01  0.396783E+01  0.139093E+01   -0.923327E+00 -0.215658E+01 -0.307750E+00
-0.253818E+01  0.715946E+00 -0.113641E+01    0.191236E+01 -0.669399E+00  0.547295E+00
-0.849253E-02 -0.136247E+00  0.192384E+01    0.392539E-01 -0.123201E+00 -0.194725E+01
 0.352598E+00  0.314257E+00 -0.215164E+00   -0.106572E+01 -0.130841E+01  0.387797E+00
 0.108570E+01  0.379665E+00 -0.109575E+01   -0.722353E+00 -0.334994E-01  0.182984E+01
 0.452681E+00 -0.102926E+01 -0.780939E-01   -0.117546E+01  0.405586E+00 -0.125653E+01
-0.411417E+00  0.841643E+00 -0.172088E+00    0.704129E+00  0.793125E-01  0.154745E+01
 0.512861E+00 -0.106786E+01  0.714186E+00   -0.424216E+00  0.183937E+01  0.479898E-01
-0.128574E+01  0.123819E+00  0.723924E+00    0.111714E+01 -0.556567E+00 -0.146014E+01
 0.805424E-01  0.972131E+00 -0.860092E-01   -0.301346E+00 -0.169053E+01 -0.298847E+00
 0.645498E+00 -0.798699E+00 -0.141532E+00   -0.160276E+01  0.588397E+00 -0.491972E+00
-0.343385E+00 -0.457278E+00 -0.267127E+01    0.502377E+00  0.185087E+00  0.205387E+01
 0.222607E+00 -0.753180E+00  0.274873E+00    0.884050E+00  0.151500E+01  0.428868E+00
 0.288702E-01 -0.129408E+00  0.135165E+01   -0.659493E+00 -0.121673E+00 -0.180824E+01
-0.444319E+00 -0.320988E+00  0.249772E+00    0.134838E+01  0.996588E+00  0.526132E+00
-0.606482E+00  0.661174E+00  0.687226E+00    0.506481E+00 -0.136153E+01 -0.116264E+01
 0.597113E+00  0.930890E+00 -0.146549E+01   -0.685028E+00 -0.824595E+00  0.167457E+01
-0.110386E+01  0.137056E+01  0.144916E+01    0.126308E+01 -0.103920E+01 -0.115460E+01
-0.215845E+00  0.237776E+00  0.191143E+00   -0.154097E+01 -0.590162E+00 -0.415827E-04
-0.691833E+00  0.162247E+00 -0.215515E+01    0.833005E+00 -0.868849E-01  0.182542E+01
 0.228641E+00 -0.334348E-02  0.129575E+01   -0.227850E+00  0.202022E+00 -0.188824E+01
-0.253684E+01 -0.178421E+01 -0.103325E+01    0.185276E+01  0.112148E+01  0.497829E+00
-0.867233E+00 -0.216974E+01 -0.169630E+01    0.553409E+00  0.144027E+01  0.141520E+01
 0.120918E+01  0.171061E+01 -0.787569E+00   -0.859882E+00 -0.141676E+01  0.118779E+01
 0.732119E+00 -0.167069E+00  0.389440E+00   -0.110993E+01  0.795478E+00 -0.112575E+01
-0.328531E+01  0.162043E+00 -0.363176E+01    0.160639E+01 -0.560111E+00  0.169473E+01
-0.595724E+00  0.100334E+01  0.153487E+01    0.701013E+00 -0.906201E+00 -0.158865E+01
 0.117885E+01  0.810757E+00 -0.273372E+00   -0.150569E+01 -0.938639E+00  0.541574E+00
 0.884812E+00 -0.106868E+01 -0.167927E+01   -0.883769E+00  0.103364E+01  0.152586E+01
 0.157170E+01 -0.726788E-01  0.236973E+01   -0.131067E+01  0.302346E+00 -0.171676E+01
 0.243245E+00 -0.987347E+00  0.351870E+00    0.162823E+00  0.186561E+01  0.515063E-01
-0.944992E+00  0.441081E+00  0.119427E+01    0.984426E+00 -0.756180E+00 -0.144103E+01
-0.807615E+00  0.603920E+00 -0.136682E+01    0.842276E+00 -0.499117E+00  0.165845E+01
-0.159391E+01  0.441493E+00  0.916433E+00    0.181856E+01 -0.413692E+00 -0.662961E+00
 0.234709E+00 -0.201149E+01  0.292954E+00   -0.289065E+00  0.191473E+01 -0.164790E+00
 0.119870E+01  0.107212E+01  0.883621E+00   -0.141212E+01 -0.802036E+00 -0.108153E+01
-0.867358E+00 -0.102083E+01 -0.645894E+00    0.128065E+01  0.797411E+00  0.122073E+01
-0.363997E+00  0.194281E+01 -0.231530E+00    0.373018E+00 -0.193454E+01  0.296854E+00
 0.272020E+00  0.438521E+00 -0.354774E+00   -0.112933E+01 -0.130946E+01  0.412108E+00
 0.915325E+00 -0.973448E+00  0.139527E+01   -0.735167E+00  0.125750E+01 -0.135440E+01
 0.158582E+00 -0.369988E+00 -0.124103E+01    0.336796E+00  0.110880E+01  0.143134E+01
 0.357148E+02  0.151422E+02  0.742724E+01   -0.371601E+02 -0.145300E+02 -0.690438E+01
-0.303679E+02 -0.120067E+02  0.227403E+02    0.306304E+02  0.121750E+02 -0.227820E+02
 0.359283E+02  0.746599E+01 -0.112410E+02   -0.358225E+02 -0.782331E+01  0.111171E+02
 0.149641E+02  0.376211E+02 -0.826448E+01   -0.164830E+02 -0.385540E+02  0.965802E+01
-0.229433E+02  0.272387E+02 -0.597099E+01    0.219280E+02 -0.275869E+02  0.563602E+01
-0.285949E+01  0.109809E+02 -0.116514E+02    0.311612E+01 -0.102148E+02  0.119881E+02
-0.105021E+02  0.543181E+01 -0.125113E+02    0.108523E+02 -0.746059E+01  0.123725E+02
 0.472847E+01 -0.104312E+02 -0.130309E+02   -0.464045E+01  0.117246E+02  0.148882E+02
 0.421110E-01  0.120640E+02  0.795647E+01    0.835335E+00 -0.118781E+02 -0.743252E+01
-0.135426E+01  0.165342E+02 -0.338168E+01    0.692008E+00 -0.171021E+02  0.338771E+01
-0.710176E+01 -0.131338E+02 -0.356799E+01    0.890663E+01  0.150884E+02  0.359027E+01
-0.129538E+02 -0.883140E+00 -0.620509E+01    0.154491E+02  0.349398E+01  0.540896E+01
-0.135241E+02  0.555777E+00 -0.724711E+01    0.141653E+02 -0.108459E+01  0.693628E+01
 0.803874E+01 -0.220067E+01 -0.160307E+02   -0.841591E+01  0.258068E+01  0.151120E+02
-0.336548E+01 -0.135125E+02  0.119481E+02    0.424684E+01  0.140716E+02 -0.122021E+02
 0.905456E+00 -0.600931E+00  0.964395E+00   -0.754273E+00  0.552980E+00 -0.100542E+01
-0.110647E+01  0.270837E-01  0.118213E+01    0.900468E+00 -0.438470E+00 -0.143336E+01
 0.455076E+00 -0.948280E-01  0.450131E+00   -0.813370E+00 -0.308885E-01 -0.289327E+00
 0.184926E+00  0.398537E+00 -0.129437E+01   -0.513824E-01 -0.582827E+00  0.107226E+01
 0.325020E+00  0.590166E+00  0.621172E-01   -0.573390E-01 -0.233326E+00  0.475862E+00
 ***force output before remove total force (eV/A) ****
    9  -.323640E+00 0.647521E+00 0.294917E+00
    9  -.134786E+00 0.131360E+00 0.451971E+00
    9  0.234114E+00 0.570705E+00 0.416265E+00
    9  0.148261E+00 0.124775E+00 -.132451E+00
    9  -.317522E+00 0.517796E+00 0.238607E+00
    9  -.106500E+01 -.146764E+01 -.109119E+01
    9  0.958941E-01 0.753852E+00 -.274759E+00
    9  0.685163E+00 0.124339E+01 0.134972E+01
    9  -.733180E+00 -.138610E+01 -.185302E+01
    9  -.221352E+01 0.410913E+00 0.212644E-01
    9  0.243880E+00 0.715416E+00 -.120941E+01
    9  0.620515E+00 0.129152E+01 0.203379E+01
    9  0.115806E+01 0.121396E+01 0.288571E+00
    9  -.909553E+00 0.140547E+01 0.148043E+01
    9  0.760120E-01 0.143388E+00 0.614163E+00
    9  0.988539E+00 0.591558E+00 -.293893E+00
    9  -.155921E+00 -.445165E+00 0.708941E+00
    9  -.715257E+00 -.775140E+00 -.129965E+01
    9  0.470676E+00 0.132496E+00 0.473384E+00
    9  -.253385E+00 -.356541E+00 -.433492E+00
    9  0.516467E-02 -.521691E-01 0.193803E+00
    9  0.654213E+00 -.253061E+00 -.420391E+00
    9  0.469153E+00 0.985763E+00 -.389436E-01
    9  0.198726E+01 -.201355E+00 0.571687E+00
    9  -.403935E-01 -.940009E+00 0.163351E+00
    9  0.306972E+00 0.454523E+00 0.978565E+00
    9  0.917632E+00 0.328018E+00 0.405112E+00
    9  -.233226E+00 -.317516E+00 0.174925E+00
    9  -.378651E+00 -.543087E+00 -.867739E+00
    9  0.339091E+00 -.330425E+00 0.812714E-01
    9  -.139983E+01 0.520547E+00 -.583676E+00
    9  0.553022E-01 0.709859E-01 -.101048E+00
    9  -.370655E+00 0.346384E+00 -.349007E+00
    9  -.661819E+00 -.248801E+00 -.854596E+00
    9  0.135097E+01 0.223571E+00 0.249769E+00
    9  -.497091E-01 0.524696E+00 0.114441E+00
    9  0.187203E+01 0.105127E+01 0.402736E+00
    9  -.142438E+01 -.257055E+00 0.196057E+01
    9  -.154961E+01 -.847814E+00 0.741580E+00
    9  -.471780E+00 0.465844E+00 -.216123E+00
    9  -.225265E-02 0.162690E+00 0.792941E+00
    9  0.230214E+00 0.914933E+00 -.854154E+00
    9  0.997741E-01 -.166418E+00 -.211511E+00
    9  -.436327E+00 0.755702E+00 0.120691E+01
    9  0.128538E+01 0.700821E+00 0.163557E+00
    9  0.729446E+00 0.347583E+00 0.125297E+00
    9  0.148803E+01 0.969238E+00 0.172973E+01
    9  0.284574E-01 -.468002E-01 -.685037E+00
    9  -.411319E+00 0.265240E+00 -.879005E+00
    9  0.549484E+00 0.723139E+00 0.817162E+00
    9  0.115135E+01 0.196367E+00 -.825711E+00
    9  -.526394E+00 -.879959E+00 0.393879E+00
    9  -.314227E-01 0.138911E+01 -.322991E+00
    9  0.162322E+00 -.359683E-01 0.140754E+01
    9  0.693204E-01 0.452354E+00 0.474877E+00
    9  0.512852E+00 0.303939E+00 0.438656E+00
    9  0.585178E+00 -.166982E+01 -.129691E+01
    9  -.114626E+01 -.139837E+01 0.674581E+00
    9  -.183002E+01 -.820997E-02 -.315515E+00
    9  0.327618E-01 0.622557E-01 -.401130E+00
    9  -.598015E+00 0.166873E+00 -.113705E+00
    9  -.581806E+00 -.129496E+00 0.776808E+00
    9  -.244283E+01 -.835952E+00 -.698991E+00
    9  -.590011E+00 0.379023E+00 0.109700E-01
    9  -.292324E+00 -.544449E+00 -.102487E+01
    9  -.440542E+00 -.860383E+00 0.520193E+00
    9  0.201582E+00 -.941645E-01 -.286952E+00
    9  0.183840E-01 0.535070E+00 0.442222E+00
    9  0.621502E+00 -.230694E+00 0.257366E+00
    9  0.121326E+00 0.353606E+00 0.192496E+01
    9  -.777234E+00 0.111074E+01 0.233049E+00
    9  -.198888E+00 0.115675E+00 -.706938E+00
    9  -.103901E+01 0.339884E+00 0.831145E+00
    9  -.135079E-01 0.344046E+00 0.247146E-01
    9  0.141177E+00 -.466095E+00 0.380659E-01
    9  0.758255E-01 0.556687E+00 0.374201E+00
    9  -.159432E+01 -.134116E+01 0.446392E+00
    9  0.644947E+00 -.171399E+00 -.183910E+01
    9  -.432723E+00 0.523891E+00 0.270542E+00
    9  -.313349E+00 0.610002E+00 -.156837E+00
    9  0.166178E+01 -.112727E+01 -.382863E+00
    9  -.108896E+00 -.132703E+01 -.249565E+00
    9  0.564787E+00 -.726195E+00 -.126518E+01
    9  -.164626E+01 -.119164E+00 -.342922E-01
    9  -.196344E+00 0.866919E-01 -.334081E+00
    9  0.109269E+01 -.254341E+00 0.194597E+00
    9  -.277781E+00 0.442998E+00 -.108524E+01
    9  0.597704E+00 -.328283E+00 -.640790E+00
    9  0.670845E+00 0.137834E+01 -.584694E+00
    9  -.517413E+00 -.344713E+00 -.859853E+00
    9  0.422311E+00 0.469251E-01 0.171335E-01
    9  -.208726E+00 -.382110E+00 -.214620E-01
    9  0.437694E+00 -.590988E+00 -.129270E+01
    9  -.157985E+00 -.815721E+00 0.217627E+00
    9  -.512239E+00 -.338486E+00 0.684051E+00
    9  0.827460E+00 0.755299E+00 0.124518E+01
    9  0.115772E-01 -.251331E+00 -.114878E+00
    9  0.384051E+00 -.660914E-01 -.546803E+00
    9  -.108825E+01 -.112280E+00 0.276733E-01
    9  -.175687E-01 -.551203E+00 -.901040E+00
    9  -.274818E+00 0.102067E+01 0.604880E+00
    9  0.633849E+00 0.479579E+00 0.359089E+00
    9  -.121725E+01 -.412182E+00 -.296217E+00
    9  0.120969E+00 -.614906E+00 -.167819E+00
    9  0.445972E+00 -.211691E+00 -.544553E-01
    9  0.152213E+01 -.258467E-01 -.672420E+00
    9  0.803272E-01 0.191610E+00 0.923234E-01
    9  0.600087E+00 -.281053E+00 -.280623E+00
    9  -.970655E+00 -.114710E+01 -.301446E+00
    9  0.714266E+00 0.536309E+00 -.143620E+01
    9  0.169973E+01 0.281183E+00 0.710040E+00
    9  0.257628E-01 0.388552E+00 0.170474E+01
    9  -.686008E+00 0.176369E+00 -.147416E+01
    9  0.336518E+00 0.304456E+00 0.613728E-01
    9  -.896357E+00 -.665917E+00 0.359930E+00
    9  -.194181E+00 -.592121E+00 -.670949E+00
    9  0.226666E+00 0.685466E+00 -.133105E+00
    9  -.471715E+00 0.139433E+01 0.655837E-01
    9  -.327446E+00 -.505911E+00 -.207065E+00
    9  -.143021E+00 0.457353E-01 0.712301E+00
    9  -.423118E+00 -.126738E-01 -.289007E+00
    9  -.186289E+00 -.253367E+00 -.859410E+00
    9  -.180166E+00 -.130359E+01 -.387301E+00
    9  0.322667E+00 0.886285E+00 0.559410E+00
    9  -.427160E-01 0.232297E+00 0.136328E+00
    9  -.801839E+00 -.510928E+00 -.401505E+00
    9  -.158491E+01 0.219138E+00 -.560232E+00
    9  -.517321E+00 0.584699E-01 -.118464E+00
    9  0.509394E+00 0.297826E+00 -.639299E+00
    9  -.190503E+00 0.503472E-01 0.818930E+00
    8  0.198885E+00 0.197723E+01 0.202416E+01
    8  0.220009E+01 0.138698E+00 -.668255E+00
    8  0.421118E+00 -.332546E+00 -.652602E+00
    8  -.148599E+01 0.639226E+00 0.242472E+00
    8  -.743736E+00 -.479278E+00 0.148923E+01
    8  -.111228E+01 -.923711E+00 -.484516E+00
    8  0.808205E+00 -.430275E+00 -.217666E+00
    8  0.824249E+00 0.380595E+00 -.459469E+00
    8  -.837169E+00 0.127327E+01 -.561264E+00
    8  0.997063E-01 0.373117E+00 -.413411E+00
    8  0.936907E-01 0.195005E+00 -.800936E+00
    8  -.545414E+00 -.600565E+00 -.389747E+00
    8  -.206586E+00 -.160774E+01 0.119426E+01
    8  0.561911E+00 -.377916E+00 0.326137E+00
    8  0.108884E+01 -.437766E+00 0.180270E+01
    8  0.360460E+00 0.790612E+00 0.120646E+01
    8  -.272674E+00 0.634354E+00 0.306534E+00
    8  -.319067E-02 -.102760E+01 -.560903E+00
    8  -.760689E+00 -.141641E+01 -.635674E+00
    8  -.113174E+01 -.284992E+00 -.214291E+01
    8  -.438273E-01 -.690324E+00 -.300755E+00
    8  0.825732E+00 -.854862E+00 -.118851E+01
    8  0.147816E+01 0.220256E-01 0.159653E+00
    8  0.173121E+01 0.134335E+01 -.477772E-01
    8  -.710572E+00 0.110092E+01 0.230491E+00
    8  0.127578E+01 -.785147E+00 0.154323E+01
    8  0.151454E+00 0.791405E+00 0.742423E+00
    8  -.978159E+00 -.358789E+00 0.213342E+01
    8  0.756900E+00 0.626055E+00 -.423607E+00
    8  -.109388E+01 -.128398E+01 0.123271E+01
    8  0.289182E+00 0.786650E+00 0.455324E+00
    8  0.201063E+01 -.329801E+00 -.757489E-01
    8  0.730538E+00 0.856064E+00 -.245287E+00
    8  -.106817E+01 -.418493E+00 -.162212E+01
    8  -.182146E+00 0.348797E-01 -.595353E-01
    8  -.585974E+00 -.484988E+00 -.157661E+00
    8  0.796252E+00 0.459657E+00 0.490326E+00
    8  0.747312E+00 0.676780E+00 0.141735E+00
    8  -.979887E-01 0.407263E+00 -.426619E+00
    8  0.427312E+00 0.303885E+00 0.243559E+00
    8  0.498545E+00 -.301531E+00 -.844697E+00
    8  -.330434E+00 0.250287E+00 -.159884E+01
    8  -.180375E+01 -.130796E+01 0.154205E+00
    8  0.398137E+00 0.918518E-01 0.457541E+00
    8  0.458009E+00 -.190458E+00 0.190081E+00
    8  -.340690E+00 -.382335E+00 -.868779E+00
    8  -.123144E+01 -.333400E+00 0.366658E+00
    8  -.441357E+00 -.105187E+01 0.524964E+00
    8  0.728070E+00 -.126708E+01 -.508293E+00
    8  -.138760E+00 -.499204E+00 0.258713E+00
    8  0.406748E+00 0.138200E+01 0.783687E-01
    8  -.349593E+00 -.192715E+01 0.392461E+00
    8  -.213255E-01 0.976198E-01 0.156584E+00
    8  0.691248E+00 0.413625E+00 0.241293E+00
    8  0.150302E-01 0.502300E+00 0.202338E+00
    6  -.127825E+01 -.174522E+01 -.829408E+00
    6  0.176371E+01 -.123896E+01 -.409177E+00
    6  -.231935E+01 -.100352E+01 -.191426E+01
    6  0.163538E+01 0.115912E+01 0.665783E-01
    6  -.541379E+00 -.220839E+01 -.196508E+01
    6  0.150069E+01 0.185655E+01 0.146273E+01
    6  0.135123E+01 0.116287E+01 0.105706E+01
    6  -.284496E+01 -.173188E+01 -.409358E+00
    6  0.310247E+00 -.288267E+01 -.137489E+01
    6  0.182182E+00 -.848851E+00 0.277099E+00
    6  -.126868E+00 0.171097E+01 0.521211E+00
    6  0.121908E+00 -.685081E+00 -.253450E+00
    6  -.604394E+00 0.630048E+00 -.898143E+00
    6  -.111939E+01 -.450154E+00 -.117532E+01
    6  -.154007E+01 -.100334E+01 0.443666E+00
    6  -.861887E+00 -.116780E+01 -.126335E+01
    6  0.338493E+00 0.192552E+01 0.463956E+00
    6  0.170617E+01 -.331275E+00 -.314147E+00
    6  0.136987E+01 0.227815E+01 0.723372E+00
    6  -.392033E-01 -.226571E+01 -.513105E-01
    6  0.307771E+01 0.886377E+00 0.229972E+01
    6  -.668405E+00 0.408004E+00 -.391850E+00
    6  -.125717E+01 0.863988E-01 -.220688E+00
    6  -.702714E+00 -.128131E+01 -.190443E+01
    6  0.136313E+01 -.511090E+00 -.109830E+01
    6  -.185667E+01 0.860332E-02 -.121891E+01
    6  0.135089E+01 0.370823E+00 0.207131E+00
    6  0.666395E+00 -.391948E+00 0.271784E+00
    6  -.182364E+01 -.170451E+01 0.256208E+00
    6  -.978497E+00 -.492384E+00 -.915752E+00
    6  0.153321E+00 -.439792E+00 0.218845E+00
    6  0.104909E+00 0.121106E+01 0.598036E+00
    6  0.109853E+00 -.341890E+00 -.802000E+00
    6  -.624310E+00 -.153312E+01 -.147447E+01
    6  -.981176E-01 0.682426E+00 0.767233E+00
    6  0.291022E+00 0.338909E+00 -.191009E+00
    6  0.517695E+00 0.173416E+01 0.173403E+01
    6  0.182269E+01 0.286287E+00 0.687315E+00
    6  0.199348E+01 0.165164E+01 0.266868E+00
    6  0.254689E+01 0.767097E+00 0.126202E+01
    6  0.888638E+00 0.213916E+01 0.899412E+00
    6  -.710849E+00 -.115730E+01 -.889778E+00
    6  0.372241E+00 -.204037E+01 -.658373E-01
    6  -.951440E+00 -.694255E+00 -.229131E+01
    6  0.733491E+00 -.516622E+00 0.268839E+00
    6  -.225535E+01 -.665676E+00 -.265745E+01
    6  0.879226E+00 -.983408E+00 -.353387E+00
    6  -.167579E+01 -.106970E+01 -.197217E+01
    6  0.292322E+01 0.186292E+01 0.373987E+01
    6  0.158617E+01 -.979091E+00 0.301879E+00
    6  -.405175E+00 0.198168E+01 0.774757E+00
    6  -.515211E+00 -.602515E+00 -.692149E+00
    6  0.158537E+01 0.255125E+01 0.222828E+01
    6  -.124982E+01 0.146395E+00 0.937676E-01
    6  -.197305E+00 -.335709E+00 0.171101E+01
    6  -.198825E+01 -.120410E+01 -.164741E+00
    6  0.106474E+01 0.112171E+01 0.241302E+01
    6  0.660678E+00 0.396554E+00 -.275843E+00
    6  0.209456E+01 0.185383E+01 0.188112E+01
    6  -.345377E+00 0.275930E+00 -.864648E+00
    6  -.863049E+00 0.107366E+01 0.160949E+01
    6  -.570328E+00 -.176513E-01 -.177940E+00
    6  0.189344E+01 0.192897E+01 0.221093E-01
    6  -.110691E+01 -.133758E+01 -.226287E+01
    6  0.765233E+00 0.412918E+00 0.903980E+00
    6  -.146954E+01 -.383237E+00 -.119690E+01
    6  0.390030E+00 0.737902E+00 0.154742E+01
    6  -.834672E+00 -.866746E+00 -.125095E+01
    6  -.571330E+00 0.338597E+00 0.760638E+00
    6  -.182022E+01 0.794679E-02 -.183926E+01
    6  0.807825E+00 0.620980E+00 0.458051E+00
    6  -.135808E+01 -.114322E+01 -.607055E+00
    6  -.102900E+00 0.231954E+00 -.104116E+01
    6  -.113834E+01 -.226341E+01 -.403380E+00
    6  0.159634E+01 0.180947E+01 0.213281E+00
    6  -.753311E-01 -.285751E+00 -.110272E+00
    6  -.476306E+00 -.145752E+01 -.129042E+01
    6  -.426217E+00 -.210359E+01 -.540664E+00
    6  -.139250E+00 0.759121E+00 -.830993E+00
    6  -.892657E+00 -.241768E+01 -.258146E+01
    6  0.693741E+00 0.172591E+01 0.230667E+01
    6  0.493215E+00 0.251916E+01 0.106164E+01
    6  0.508389E+00 0.734873E-01 0.582962E+00
    6  -.168945E+01 0.807243E-01 0.313174E+00
    6  0.156646E+01 -.928642E+00 -.190894E+00
    6  0.599035E-01 0.294895E+00 0.301256E+01
    6  0.290704E+01 0.201441E+01 0.109710E+01
    6  0.160038E+01 0.754501E+00 0.726325E+00
    6  0.489835E+00 0.496886E+00 0.746722E+00
    6  -.262354E+01 -.260550E-01 0.256865E+00
    6  0.630066E+00 -.160412E+00 -.553168E+00
    6  -.163541E+00 -.483163E+00 0.139565E+01
    6  0.553979E+00 0.344105E+01 0.194839E+01
    6  -.181634E+01 -.251594E+01 -.483497E+00
    6  -.269033E+00 -.228579E+01 -.992900E-01
    6  0.976077E+00 0.132100E+01 0.529595E-01
    6  0.189483E+00 -.906468E-01 -.121859E+00
    6  -.661160E+00 -.776180E+00 -.124299E+01
    6  0.286144E+00 -.464453E+00 -.101799E+01
    6  0.179242E+01 0.139645E+01 0.100887E+01
    6  -.118661E+01 -.698960E+00 0.151754E+00
    6  -.271684E+00 -.983912E-01 -.169344E+01
    6  -.304014E+00 -.147932E+00 0.456153E-01
    6  0.132374E+01 -.100013E+00 -.871351E-01
    6  0.164019E+01 0.288959E+00 0.776750E+00
    6  -.872753E+00 0.751703E+00 -.150244E+01
    6  0.101785E+01 -.572641E+00 0.769242E+00
    6  0.266449E+01 0.440729E+00 0.239483E+01
    6  -.193601E+01 -.653655E+00 -.973873E+00
    6  -.193433E+01 -.731685E+00 -.241188E-01
    6  -.146421E-01 -.282231E+00 -.366814E+00
    6  -.308209E+00 -.589944E+00 -.118552E+01
    6  0.507968E+00 0.873215E+00 0.382193E+00
    6  0.805764E+00 0.108157E+01 0.157970E+01
    6  0.112756E+00 -.604140E+00 -.640987E+00
    1  0.511379E+00 0.774856E+00 0.404293E+00
    1  0.383458E+00 0.322855E+00 0.523846E+00
    1  0.197349E+00 -.255221E+00 0.260246E+00
    1  0.202196E+00 -.139150E+00 0.404786E+00
    1  -.753697E+00 -.348557E+00 -.543901E+00
    1  -.343056E+00 -.700556E+00 -.187606E+00
    1  -.336463E+00 -.263298E+00 -.193210E+00
    1  -.489144E+00 -.420116E+00 -.584223E+00
    1  0.171208E+00 -.492765E-01 0.201953E+00
    1  0.222122E+00 0.314597E+00 0.640816E-01
    1  0.533500E-01 0.486050E+00 0.126161E+01
    1  -.910264E-02 0.433488E+00 0.671240E+00
    1  -.375149E+00 -.957800E+00 -.558579E+00
    1  0.243958E+00 0.202360E+00 0.368159E+00
    1  -.355170E+00 -.475101E+00 -.352552E+00
    1  0.215742E+00 0.846685E+00 0.504476E+00
    1  0.291904E+00 0.294294E-01 -.251694E+00
    1  -.634542E+00 -.595398E+00 -.674549E+00
    1  -.706555E+00 -.128677E+00 -.985567E+00
    1  0.909505E+00 0.190720E+00 0.942818E-01
    1  0.497869E+00 0.249340E+00 0.495503E+00
    1  0.274181E+00 -.143936E+00 -.885124E-01
    1  0.632777E-01 -.274933E+00 -.286074E+00
    1  -.589621E+00 -.498685E+00 -.460473E+00
    1  -.117257E+01 -.430124E+00 -.657702E+00
    1  -.392276E+00 -.321407E+00 0.349427E-01
    1  0.641340E+00 0.154080E+00 0.191822E+00
    1  -.926363E+00 -.728517E+00 -.358760E+00
    1  -.114399E+01 -.253610E+00 -.532305E+00
    1  0.379400E-01 -.504217E+00 -.420178E+00
    1  -.540457E+00 -.595244E+00 -.904762E-01
    1  0.245211E+00 -.267779E+00 -.799859E+00
    1  0.361534E+00 0.368811E+00 0.202267E+00
    1  0.160242E+00 0.182770E+00 0.355158E+00
    1  0.200028E+00 -.145583E+00 0.406401E+00
    1  0.350506E+00 0.340958E-01 0.230422E+00
    1  0.236964E+00 0.152150E+00 0.507891E+00
    1  0.710464E+00 0.790202E+00 0.260035E+00
    1  -.138478E+00 -.715878E+00 -.142814E+00
    1  0.161615E+00 0.531534E+00 0.701734E+00
    1  0.882580E-01 0.533936E+00 0.876580E+00
    1  -.426360E+00 -.131199E+00 -.209088E+00
    1  0.157832E-01 -.808994E-01 0.338497E+00
    1  -.391294E+00 -.990979E+00 -.627411E+00
    1  -.472194E+00 -.789639E+00 -.563125E+00
    1  -.457691E+00 -.806883E-01 -.117059E+00
    1  -.422053E+00 -.554082E+00 -.387833E+00
    1  -.393596E+00 -.444960E+00 -.664670E+00
    1  0.991501E+00 0.445662E+00 0.226138E+00
    1  0.213294E+00 -.306701E+00 -.100361E+01
    1  0.372285E+00 -.140559E+00 0.168609E+00
    1  -.468253E-01 0.150230E+00 0.407634E+00
    1  -.431051E+00 -.757112E-01 -.328139E+00
    1  0.246260E+00 -.158283E+00 0.373948E+00
    1  -.301562E-01 0.792365E+00 0.125215E+01
    1  0.214762E+00 0.337456E+00 0.347451E+00
    1  0.472416E+00 -.152265E-02 -.306972E-01
    1  0.167107E+00 0.325454E+00 -.685338E-01
    1  0.707352E+00 -.303369E-01 0.108446E+01
    1  0.138538E-01 -.265232E-01 -.728248E-01
    1  -.134488E-01 0.263428E+00 0.394722E-01
    1  0.198570E+00 0.241449E+00 0.170774E+00
    1  0.794417E-01 -.962719E-01 -.236687E+00
    1  0.231204E-01 0.467244E+00 0.382791E+00
    1  0.121402E+00 0.552189E+00 0.811542E-01
    1  0.586038E-01 0.221527E+00 0.699744E+00
    1  0.700660E+00 -.537153E+00 -.314605E+00
    1  -.127115E+00 0.613252E+00 0.372041E+00
    1  0.630094E+00 0.513397E+00 0.162232E+01
    1  0.560937E+00 0.743256E+00 0.733314E-01
    1  0.274256E-01 -.326147E-01 -.434952E-01
    1  0.201663E+00 0.713947E-01 -.113951E+00
    1  -.512693E+00 -.106631E+00 -.136499E+01
    1  -.517421E+00 -.153958E+00 -.646187E+00
    1  -.244580E-01 0.187467E+00 0.120906E-01
    1  -.340315E+00 -.472252E+00 0.806173E-01
    1  0.557148E-01 0.318559E+00 -.190364E+00
    1  -.160178E+00 -.512595E+00 -.799392E+00
    1  0.270140E+00 0.934828E+00 0.499075E+00
    1  0.251502E+00 0.121679E+00 0.170648E-01
    1  0.109811E+00 -.156869E+00 0.708164E+00
    1  -.537704E+00 -.485365E+00 -.199668E+00
    1  -.244176E+00 0.482549E+00 -.739728E+00
    1  -.175993E+01 -.105400E+01 -.126693E+01
    1  -.214373E+00 -.299603E+00 -.195023E+00
    1  -.626259E+00 -.653159E+00 -.286125E+00
    1  -.107632E+01 -.621215E+00 -.102577E+01
    1  -.596936E+00 0.996570E-01 0.115505E+00
    1  -.182533E+00 -.444928E-01 -.191188E+00
    1  0.384332E+00 0.374887E+00 0.354623E-02
    1  -.624408E+00 -.482858E+00 -.226252E+00
    1  0.504060E+00 0.108326E+01 0.120615E+01
    1  -.736479E+00 0.135660E+00 -.551247E+00
    1  0.515282E+00 -.276855E+00 -.271816E+00
    1  -.132402E+00 -.964116E+00 -.132365E+01
    1  -.364018E+00 -.298435E+00 -.195697E+00
    1  0.104152E+00 -.681848E+00 -.986854E+00
    1  0.153462E+00 0.712233E+00 -.106761E+00
    1  -.342577E+00 -.466554E+00 -.817940E+00
    1  0.127773E+01 0.181124E+01 0.108318E+01
    1  -.625819E+00 0.465465E-01 -.589119E+00
    1  0.307614E-01 -.259448E+00 -.234089E-01
    1  -.713125E+00 -.994151E+00 0.172633E+00
    1  0.363350E+00 0.346166E+00 0.734084E+00
    1  -.722779E+00 -.623676E+00 -.133463E+01
    1  0.292712E+00 0.920955E+00 0.137537E+01
    1  0.886457E-01 0.771513E+00 0.762176E+00
    1  -.168606E+00 -.432748E+00 -.736216E+00
    1  -.220803E+00 -.718402E+00 -.384856E+00
    1  -.957257E+00 -.210302E+00 -.633504E+00
    1  0.158992E+00 -.272190E+00 -.617407E+00
    1  0.110666E+01 0.761816E+00 0.703742E+00
    1  -.630623E+00 -.251080E+00 -.456587E+00
    1  0.904063E+00 0.675599E+00 0.775904E+00
    1  -.100001E+00 -.700358E+00 -.475411E+00
    1  -.879158E-01 0.106295E+00 0.209079E+00
    1  0.159213E+00 0.331352E+00 0.294560E+00
    1  -.175681E+01 -.352386E+00 0.191101E+00
    1  0.141172E+00 0.753626E-01 -.329733E+00
    1  0.790161E-03 0.198679E+00 -.592489E+00
    1  -.684078E+00 -.662731E+00 -.535423E+00
    1  -.313824E+00 -.729478E+00 -.281092E+00
    1  0.349293E+00 0.293858E+00 0.400226E+00
    1  -.377807E+00 0.628409E+00 -.736313E+00
    1  -.167893E+01 -.398067E+00 -.193703E+01
    1  0.105289E+00 0.971417E-01 -.537720E-01
    1  -.326840E+00 -.127883E+00 0.268202E+00
    1  0.104280E-02 -.350409E-01 -.153410E+00
    1  0.261035E+00 0.229667E+00 0.652972E+00
    1  0.406068E+00 0.878261E+00 0.403377E+00
    1  0.394343E-01 -.315099E+00 -.246759E+00
    1  0.346603E-01 0.104803E+00 0.291623E+00
    1  0.224646E+00 0.278016E-01 0.253472E+00
    1  -.543554E-01 -.967665E-01 0.128164E+00
    1  -.213412E+00 0.270079E+00 -.197907E+00
    1  0.413289E+00 -.223416E+00 0.574840E+00
    1  0.902133E-02 0.827441E-02 0.653246E-01
    1  -.857313E+00 -.870941E+00 0.573342E-01
    1  0.180158E+00 0.284051E+00 0.408751E-01
    1  0.495378E+00 0.738809E+00 0.190305E+00
    7  -.144532E+01 0.612177E+00 0.522865E+00
    7  0.262554E+00 0.168261E+00 -.417538E-01
    7  0.105818E+00 -.357313E+00 -.123890E+00
    7  -.151891E+01 -.932920E+00 0.139354E+01
    7  -.101532E+01 -.348211E+00 -.334979E+00
   16  0.256629E+00 0.766169E+00 0.336643E+00
   16  0.350142E+00 -.202878E+01 -.138799E+00
   16  0.880229E-01 0.129347E+01 0.185732E+01
   16  0.877446E+00 0.185921E+00 0.523948E+00
   16  -.662253E+00 -.567876E+00 0.603044E-02
   16  0.180488E+01 0.195456E+01 0.222734E-01
   16  0.249525E+01 0.261084E+01 -.796124E+00
   16  0.641199E+00 -.528818E+00 -.310834E+00
   16  -.377165E+00 0.380002E+00 -.918711E+00
   16  0.881366E+00 0.559079E+00 -.254025E+00
    3  0.151184E+00 -.479518E-01 -.410291E-01
    3  -.206006E+00 -.411386E+00 -.251238E+00
    3  -.358293E+00 -.125717E+00 0.160804E+00
    3  0.133544E+00 -.184290E+00 -.222108E+00
    3  0.267681E+00 0.356839E+00 0.537979E+00
 ***** total force *******
    0  0.786371E+00 0.109687E+00 -.130134E+01
 total computation time (sec)=   1996.87783908844     
