 
 20220410 d32bba55103a90623bd565d5741925e61270efe5
 
 ******************************************************************************
 *                                PWmat                                       *
 *                       VERSION   :   2.0.0                                  *
 *                       LICENCE TO:                                          *
 *                                  Sa Bai Sheng                               *
 *                                Fu Zhou University                           *
 *                                     By support@pwmat.com, LongXun, Beijing *
 ******************************************************************************
 *Please cite one or both following papers:                                   *
 *Jia, W., Fu, J., Cao, Z., Wang, L., Chi, X., Gao, W., & Wang, L. W. (2013). *
 *Fast plane wave density functional theory molecular dynamics calculations on*
 *multi-GPU machines. JCP, 251, 102-115.                                      *
 *Jia, W., Cao, Z., Wang, L., Fu, J., Chi, X., Gao, W., & Wang, L. W. (2013). *
 *The analysis of a plane wave pseudopotential density functional theory code *
 *on a GPU machine. CPC, 184(1), 9-18.                                        *
 ******************************************************************************
 
 read etot.input 
 
 velocity read in from atom.config         
 symmetry infos:
  pointgroup_number=1
  n_operations=1
  pointgroup_symbol=1
  hall_symbol=P 1
  hall_number=1
 generate kpoints with spatial symmetry and time symmetry
 input kpts in primary cell unit
  ===================================== 
           1 ranks per GPU
  ===================================== 
 number of nonlocal atom=         460
 n1,n2,n3=         120         120         120
 n1L,n2L,n3L=         120         120         120
 SPIN=           1
 AL1,AL2,AL3 in (x,y,z) components and A
 each line is one supercell edge vector
   18.0550000     0.0000000     0.0000000
    0.0000000    18.0820000     0.0000000
    0.0000000     0.0000000    18.0730000
 
 done read etot.input 
 
 Initialize GPU processes
 Assigning device 0  to process on node mstation rank 0, OK
 Assigning device 1  to process on node mstation rank 1, OK
 Assigning device 2  to process on node mstation rank 2, OK
 Assigning device 3  to process on node mstation rank 3, OK
 cuSparse Solver is init successfully 
 cuSparse Solver is init successfully 
 cuSparse Solver is init successfully 
 cuSparse Solver is init successfully 
 
 fft prepare 
 
  load balancing info for potential sphere
 pe.  g's. cols. 
           1      110503        1410
           2      110503        1410
           3      110504        1411
           4      110502        1411
 minimum possible value of (pot) mgz2_12 =           60
 optimal (and used) value of (pot) mgz2_12=           60
  load balancing info for potential sphere
 pe.  g's. cols. 
           1      217861        1830
           2      217800        1830
           3      217800        1830
           4      217800        1830
 minimum possible value of (pot) mgz2F_12 =           61
 optimal (and used) value of (pot) mgz2F_12=           61
 
 done fft prepare 
 
 
 init wave functions 
 
  load balancing of the first kpt
 kpt, pe.  g's. cols. 
           1       78148        1394
           2       78148        1394
           3       78231        1395
           4       78146        1394
 
 minimum possible value of mgz_12 =           43
 optimal (and used) value of mgz_12 =           43
 
 done init wave functions 
 
 
 JOB begin ...
 
  ------------Precision----------
  ---  SINGLE precision  --------
  ------------Precision----------
 input charge sum2(ido_rho,s)=           1   1932.21695701884     
 correct that to totNel   1940.00000000000     
 scf loop
 *********************************
 ****** kpt=           1
 err of each states, eV
  0.137788E+03     0.143904E+03     0.143605E+03     0.141579E+03     0.140043E+03
  0.142840E+03     0.144662E+03     0.141573E+03     0.141470E+03     0.143220E+03
  0.140951E+03     0.143722E+03     0.143684E+03     0.142052E+03     0.142261E+03
  0.143050E+03     0.144774E+03     0.140435E+03     0.148580E+03     0.142249E+03
  0.140106E+03     0.143448E+03     0.140026E+03     0.140401E+03     0.139218E+03
  0.144619E+03     0.144713E+03     0.137905E+03     0.145775E+03     0.141873E+03
  0.139920E+03     0.142646E+03     0.141188E+03     0.146059E+03     0.143847E+03
  0.142053E+03     0.146261E+03     0.143900E+03     0.141995E+03     0.144806E+03
  0.138889E+03     0.142075E+03     0.140872E+03     0.145332E+03     0.141376E+03
  0.142268E+03     0.141348E+03     0.142722E+03     0.144403E+03     0.144351E+03
  0.143246E+03     0.145469E+03     0.144961E+03     0.139301E+03     0.144088E+03
  0.143819E+03     0.145982E+03     0.143004E+03     0.145917E+03     0.145017E+03
  0.141835E+03     0.145305E+03     0.146050E+03     0.145739E+03     0.143982E+03
  0.142130E+03     0.139381E+03     0.143387E+03     0.140524E+03     0.146126E+03
  0.143372E+03     0.140163E+03     0.144679E+03     0.144406E+03     0.141198E+03
  0.145561E+03     0.143986E+03     0.145010E+03     0.148305E+03     0.142356E+03
  0.147424E+03     0.143658E+03     0.139505E+03     0.146449E+03     0.143082E+03
  0.142475E+03     0.144900E+03     0.144272E+03     0.142394E+03     0.144816E+03
  0.148065E+03     0.144667E+03     0.143751E+03     0.145556E+03     0.149682E+03
  0.147022E+03     0.143812E+03     0.142965E+03     0.139475E+03     0.143820E+03
  0.143378E+03     0.145470E+03     0.143643E+03     0.142059E+03     0.142186E+03
  0.144871E+03     0.145274E+03     0.145200E+03     0.144010E+03     0.144029E+03
  0.143607E+03     0.145129E+03     0.144803E+03     0.145315E+03     0.146086E+03
  0.147103E+03     0.143115E+03     0.141946E+03     0.144196E+03     0.146656E+03
  0.143189E+03     0.146718E+03     0.147259E+03     0.143920E+03     0.146504E+03
  0.146579E+03     0.146202E+03     0.145218E+03     0.146478E+03     0.147125E+03
  0.146028E+03     0.145970E+03     0.144280E+03     0.145165E+03     0.144037E+03
  0.145009E+03     0.144947E+03     0.145915E+03     0.145889E+03     0.145025E+03
  0.146263E+03     0.144661E+03     0.149501E+03     0.145073E+03     0.147785E+03
  0.148607E+03     0.145983E+03     0.145037E+03     0.144232E+03     0.147625E+03
  0.142755E+03     0.146779E+03     0.146352E+03     0.149828E+03     0.144847E+03
  0.145991E+03     0.147204E+03     0.142257E+03     0.141761E+03     0.148920E+03
  0.144386E+03     0.149641E+03     0.147785E+03     0.146492E+03     0.146460E+03
  0.147132E+03     0.142594E+03     0.147965E+03     0.149415E+03     0.146488E+03
  0.145529E+03     0.149853E+03     0.147607E+03     0.144548E+03     0.146584E+03
  0.149876E+03     0.147165E+03     0.146713E+03     0.146538E+03     0.150441E+03
  0.147930E+03     0.145250E+03     0.147207E+03     0.143635E+03     0.148922E+03
  0.148842E+03     0.148997E+03     0.150025E+03     0.150231E+03     0.147960E+03
  0.148466E+03     0.148317E+03     0.148397E+03     0.149302E+03     0.148767E+03
  0.146758E+03     0.147345E+03     0.145798E+03     0.146887E+03     0.146067E+03
  0.152413E+03     0.146847E+03     0.148369E+03     0.150249E+03     0.149037E+03
  0.148392E+03     0.146089E+03     0.150117E+03     0.146905E+03     0.144808E+03
  0.147300E+03     0.150639E+03     0.149067E+03     0.145040E+03     0.147108E+03
  0.148281E+03     0.149167E+03     0.147887E+03     0.148617E+03     0.149253E+03
  0.148127E+03     0.147956E+03     0.149093E+03     0.146736E+03     0.152445E+03
  0.151536E+03     0.149946E+03     0.149286E+03     0.144124E+03     0.152029E+03
  0.152034E+03     0.149871E+03     0.148471E+03     0.150634E+03     0.151209E+03
  0.151720E+03     0.148438E+03     0.149015E+03     0.146959E+03     0.149433E+03
  0.148534E+03     0.146909E+03     0.152204E+03     0.152320E+03     0.152597E+03
  0.150755E+03     0.150879E+03     0.149052E+03     0.149246E+03     0.151679E+03
  0.149118E+03     0.151756E+03     0.149773E+03     0.153656E+03     0.151804E+03
  0.150480E+03     0.148630E+03     0.149593E+03     0.148172E+03     0.149435E+03
  0.151973E+03     0.150279E+03     0.151469E+03     0.150122E+03     0.152268E+03
  0.150319E+03     0.153275E+03     0.151039E+03     0.150734E+03     0.149996E+03
  0.150188E+03     0.147967E+03     0.146407E+03     0.150151E+03     0.151496E+03
  0.150835E+03     0.148984E+03     0.150884E+03     0.149449E+03     0.150924E+03
  0.152546E+03     0.154572E+03     0.150557E+03     0.149405E+03     0.151281E+03
  0.150666E+03     0.150156E+03     0.151899E+03     0.147653E+03     0.151001E+03
  0.152107E+03     0.153163E+03     0.152147E+03     0.154196E+03     0.152603E+03
  0.154239E+03     0.153413E+03     0.149793E+03     0.148330E+03     0.150246E+03
  0.151510E+03     0.151403E+03     0.152607E+03     0.150171E+03     0.152187E+03
  0.150355E+03     0.151662E+03     0.148528E+03     0.154887E+03     0.152118E+03
  0.156184E+03     0.149067E+03     0.152629E+03     0.150528E+03     0.151211E+03
  0.152850E+03     0.149010E+03     0.152484E+03     0.152648E+03     0.150509E+03
  0.153367E+03     0.153459E+03     0.152867E+03     0.155219E+03     0.151173E+03
  0.151048E+03     0.151901E+03     0.148982E+03     0.155167E+03     0.153050E+03
  0.151549E+03     0.155019E+03     0.154434E+03     0.152654E+03     0.152861E+03
  0.149648E+03     0.150882E+03     0.155660E+03     0.153986E+03     0.151757E+03
  0.154754E+03     0.155285E+03     0.154523E+03     0.155489E+03     0.157544E+03
  0.154249E+03     0.151262E+03     0.155409E+03     0.152585E+03     0.152338E+03
  0.150201E+03     0.153175E+03     0.153118E+03     0.158275E+03     0.156999E+03
  0.152588E+03     0.153357E+03     0.154252E+03     0.154915E+03     0.152204E+03
  0.154044E+03     0.158044E+03     0.152857E+03     0.155297E+03     0.154848E+03
  0.152316E+03     0.155088E+03     0.153874E+03     0.152904E+03     0.152962E+03
  0.156578E+03     0.154225E+03     0.156625E+03     0.155280E+03     0.153710E+03
  0.152008E+03     0.155268E+03     0.159595E+03     0.156337E+03     0.153317E+03
  0.150667E+03     0.158597E+03     0.157823E+03     0.155107E+03     0.154833E+03
  0.157107E+03     0.156575E+03     0.154132E+03     0.157715E+03     0.158394E+03
  0.159196E+03     0.158226E+03     0.156824E+03     0.155080E+03     0.158339E+03
  0.153296E+03     0.158117E+03     0.158337E+03     0.155818E+03     0.157395E+03
  0.155356E+03     0.156638E+03     0.157129E+03     0.156989E+03     0.153960E+03
  0.153814E+03     0.159593E+03     0.155874E+03     0.156583E+03     0.155235E+03
  0.154724E+03     0.158150E+03     0.153378E+03     0.156867E+03     0.154276E+03
  0.158174E+03     0.153303E+03     0.158526E+03     0.159823E+03     0.158556E+03
  0.156410E+03     0.158163E+03     0.154644E+03     0.159845E+03     0.158536E+03
  0.157817E+03     0.156455E+03     0.156385E+03     0.159112E+03     0.154648E+03
  0.158010E+03     0.158337E+03     0.157342E+03     0.159710E+03     0.158708E+03
  0.155050E+03     0.156167E+03     0.158013E+03     0.157839E+03     0.159697E+03
  0.154739E+03     0.160870E+03     0.156925E+03     0.154140E+03     0.158352E+03
  0.160020E+03     0.157425E+03     0.160097E+03     0.157429E+03     0.157182E+03
  0.160594E+03     0.162690E+03     0.162597E+03     0.159901E+03     0.160404E+03
  0.160389E+03     0.160747E+03     0.155977E+03     0.160172E+03     0.158314E+03
  0.158530E+03     0.161219E+03     0.158439E+03     0.161987E+03     0.157924E+03
  0.159422E+03     0.162466E+03     0.155961E+03     0.162368E+03     0.162330E+03
  0.160927E+03     0.158519E+03     0.161695E+03     0.157453E+03     0.161011E+03
  0.157982E+03     0.157262E+03     0.158659E+03     0.160646E+03     0.157376E+03
  0.159656E+03     0.158537E+03     0.163117E+03     0.160765E+03     0.161965E+03
  0.155978E+03     0.157839E+03     0.161091E+03     0.160071E+03     0.160027E+03
  0.157314E+03     0.165375E+03     0.160254E+03     0.157182E+03     0.159478E+03
  0.160641E+03     0.161286E+03     0.159318E+03     0.162528E+03     0.160850E+03
  0.163841E+03     0.160237E+03     0.162674E+03     0.159872E+03     0.163105E+03
  0.164629E+03     0.156397E+03     0.157899E+03     0.158468E+03     0.157339E+03
  0.159447E+03     0.158264E+03     0.158224E+03     0.160720E+03     0.164887E+03
  0.161345E+03     0.157586E+03     0.164324E+03     0.161552E+03     0.162412E+03
  0.162847E+03     0.163220E+03     0.163794E+03     0.163894E+03     0.163982E+03
  0.164269E+03     0.165184E+03     0.161950E+03     0.161216E+03     0.165552E+03
  0.161051E+03     0.163332E+03     0.159625E+03     0.161786E+03     0.163177E+03
  0.165249E+03     0.162560E+03     0.164316E+03     0.162259E+03     0.159992E+03
  0.162854E+03     0.158766E+03     0.162864E+03     0.160333E+03     0.164619E+03
  0.164678E+03     0.162172E+03     0.163424E+03     0.164429E+03     0.159114E+03
  0.158828E+03     0.159525E+03     0.160480E+03     0.163841E+03     0.161123E+03
  0.162169E+03     0.168106E+03     0.168404E+03     0.165171E+03     0.163023E+03
  0.164674E+03     0.166618E+03     0.165909E+03     0.163021E+03     0.163772E+03
  0.163715E+03     0.163166E+03     0.162384E+03     0.164465E+03     0.164861E+03
  0.162503E+03     0.162496E+03     0.165446E+03     0.163194E+03     0.164160E+03
  0.163861E+03     0.163406E+03     0.166590E+03     0.161209E+03     0.166359E+03
  0.162632E+03     0.166912E+03     0.164505E+03     0.162571E+03     0.161137E+03
  0.163728E+03     0.169529E+03     0.163772E+03     0.167163E+03     0.163915E+03
  0.165462E+03     0.163738E+03     0.167359E+03     0.164049E+03     0.161673E+03
  0.162733E+03     0.168549E+03     0.163783E+03     0.163214E+03     0.162929E+03
  0.166679E+03     0.165820E+03     0.166562E+03     0.164177E+03     0.164622E+03
  0.164213E+03     0.164627E+03     0.166277E+03     0.167472E+03     0.167037E+03
  0.166514E+03     0.162636E+03     0.162298E+03     0.169721E+03     0.167135E+03
  0.167421E+03     0.165087E+03     0.164678E+03     0.166914E+03     0.166319E+03
  0.166303E+03     0.167318E+03     0.169989E+03     0.164668E+03     0.166520E+03
  0.166446E+03     0.170047E+03     0.168052E+03     0.167902E+03     0.165925E+03
  0.167222E+03     0.166996E+03     0.170206E+03     0.172285E+03     0.168221E+03
  0.161162E+03     0.166838E+03     0.164055E+03     0.165447E+03     0.170291E+03
  0.169101E+03     0.168247E+03     0.169206E+03     0.171058E+03     0.169089E+03
  0.165866E+03     0.170103E+03     0.167246E+03     0.171187E+03     0.169763E+03
  0.163549E+03     0.167214E+03     0.167680E+03     0.168290E+03     0.167440E+03
  0.172224E+03     0.169035E+03     0.169923E+03     0.170265E+03     0.165121E+03
  0.166947E+03     0.168249E+03     0.166046E+03     0.172594E+03     0.164699E+03
  0.167517E+03     0.171378E+03     0.173187E+03     0.169730E+03     0.169563E+03
  0.169092E+03     0.168685E+03     0.170839E+03     0.165949E+03     0.168556E+03
  0.175130E+03     0.169747E+03     0.167366E+03     0.170542E+03     0.167877E+03
  0.164909E+03     0.171214E+03     0.171123E+03     0.168654E+03     0.169351E+03
  0.172807E+03     0.170615E+03     0.168036E+03     0.168241E+03     0.172028E+03
  0.172657E+03     0.170048E+03     0.169513E+03     0.169036E+03     0.167736E+03
  0.169623E+03     0.171103E+03     0.168598E+03     0.170790E+03     0.172206E+03
  0.174026E+03     0.172206E+03     0.173690E+03     0.170137E+03     0.171139E+03
  0.172150E+03     0.171257E+03     0.170049E+03     0.171491E+03     0.172547E+03
  0.169385E+03     0.167382E+03     0.168213E+03     0.169901E+03     0.172875E+03
  0.171697E+03     0.172207E+03     0.169793E+03     0.173210E+03     0.169522E+03
  0.174375E+03     0.170343E+03     0.173471E+03     0.175735E+03     0.174389E+03
  0.170200E+03     0.168897E+03     0.170854E+03     0.175205E+03     0.171071E+03
  0.173184E+03     0.169742E+03     0.174835E+03     0.167358E+03     0.170602E+03
  0.172393E+03     0.170482E+03     0.173858E+03     0.176047E+03     0.169717E+03
  0.175108E+03     0.169442E+03     0.170532E+03     0.171552E+03     0.168936E+03
  0.172713E+03     0.173557E+03     0.168190E+03     0.177041E+03     0.172610E+03
  0.168569E+03     0.173601E+03     0.179723E+03     0.173613E+03     0.173434E+03
  0.176545E+03     0.172506E+03     0.172709E+03     0.173701E+03     0.172947E+03
  0.176776E+03     0.172393E+03     0.169647E+03     0.178377E+03     0.170609E+03
  0.174997E+03     0.176144E+03     0.177174E+03     0.175945E+03     0.175387E+03
  0.173998E+03     0.176305E+03     0.175640E+03     0.176586E+03     0.176361E+03
  0.173840E+03     0.172718E+03     0.173460E+03     0.174445E+03     0.176321E+03
  0.174765E+03     0.173914E+03     0.176585E+03     0.174955E+03     0.171795E+03
  0.177746E+03     0.175142E+03     0.176423E+03     0.176213E+03     0.172925E+03
  0.173803E+03     0.173695E+03     0.175225E+03     0.176425E+03     0.177754E+03
  0.175597E+03     0.176107E+03     0.175853E+03     0.174418E+03     0.174962E+03
  0.176960E+03     0.173390E+03     0.177667E+03     0.174826E+03     0.176557E+03
  0.174319E+03     0.177754E+03     0.172719E+03     0.176420E+03     0.175900E+03
  0.176206E+03     0.178016E+03     0.169784E+03     0.170155E+03     0.175269E+03
  0.177554E+03     0.174535E+03     0.175871E+03     0.177499E+03     0.176262E+03
  0.178262E+03     0.176118E+03     0.179268E+03     0.176800E+03     0.179200E+03
  0.174296E+03     0.178473E+03     0.177460E+03     0.172264E+03     0.175745E+03
  0.181074E+03     0.174955E+03     0.172760E+03     0.175449E+03     0.181684E+03
  0.178391E+03     0.175555E+03     0.176776E+03     0.176993E+03     0.174612E+03
  0.171319E+03     0.180257E+03     0.178168E+03     0.176779E+03     0.180314E+03
  0.178544E+03     0.179099E+03     0.178719E+03     0.177908E+03     0.179890E+03
  0.178784E+03     0.176054E+03     0.178392E+03     0.178861E+03     0.180894E+03
  0.177802E+03     0.176752E+03     0.176530E+03     0.178922E+03     0.179171E+03
  0.178717E+03     0.177828E+03     0.176010E+03     0.177464E+03     0.178231E+03
  0.181232E+03     0.179174E+03     0.180234E+03     0.176399E+03     0.181570E+03
  0.175177E+03     0.177144E+03     0.177323E+03     0.186256E+03     0.180409E+03
  0.180581E+03     0.184650E+03     0.182132E+03     0.179171E+03     0.179852E+03
  0.178005E+03     0.179296E+03     0.181271E+03     0.187105E+03     0.178957E+03
  0.180075E+03     0.179150E+03     0.181510E+03     0.179671E+03     0.180026E+03
  0.183416E+03     0.180607E+03     0.178158E+03     0.181458E+03     0.178134E+03
  0.178532E+03     0.178588E+03     0.181074E+03     0.183014E+03     0.177690E+03
  0.178736E+03     0.180807E+03     0.181362E+03     0.175875E+03     0.183483E+03
  0.181956E+03     0.182302E+03     0.184047E+03     0.180107E+03     0.179337E+03
  0.178106E+03     0.180873E+03     0.178119E+03     0.179282E+03     0.183787E+03
  0.181051E+03     0.183140E+03     0.182366E+03     0.183596E+03     0.181764E+03
  0.184731E+03     0.181930E+03     0.181118E+03     0.185819E+03     0.181203E+03
  0.180369E+03     0.181501E+03     0.181144E+03     0.182781E+03     0.183328E+03
  0.182392E+03     0.181370E+03     0.181145E+03     0.186278E+03     0.181254E+03
  0.180260E+03     0.179652E+03     0.178595E+03     0.184123E+03     0.184216E+03
  0.182314E+03     0.182946E+03     0.185124E+03     0.185809E+03     0.185320E+03
  0.181782E+03     0.183363E+03     0.186694E+03     0.183622E+03     0.186031E+03
  0.184260E+03     0.186225E+03     0.186241E+03     0.181500E+03     0.182964E+03
  0.183385E+03     0.183922E+03     0.184741E+03     0.186793E+03     0.182369E+03
  0.181576E+03     0.183823E+03     0.184248E+03     0.183625E+03     0.178615E+03
  0.184427E+03     0.186649E+03     0.186457E+03     0.184766E+03     0.181838E+03
  0.187001E+03     0.185710E+03     0.181805E+03     0.184278E+03     0.187822E+03
  0.182249E+03     0.186515E+03     0.187756E+03     0.186554E+03     0.186740E+03
  0.183553E+03     0.187536E+03     0.186659E+03     0.182953E+03     0.183769E+03
  0.186538E+03     0.184778E+03     0.187917E+03     0.185482E+03     0.186575E+03
  0.184323E+03     0.185261E+03     0.186290E+03     0.185734E+03     0.187264E+03
  0.183780E+03     0.183232E+03     0.187017E+03     0.184484E+03     0.190050E+03
  0.191416E+03     0.186910E+03     0.187218E+03     0.185364E+03     0.187438E+03
  0.188414E+03     0.191587E+03     0.185245E+03     0.188600E+03     0.186123E+03
  0.187000E+03     0.191000E+03     0.187524E+03     0.187665E+03     0.184602E+03
  0.186578E+03     0.187009E+03     0.185678E+03     0.188585E+03     0.188600E+03
  0.185397E+03     0.186767E+03     0.182300E+03     0.188337E+03     0.185568E+03
  0.190498E+03     0.192928E+03     0.186178E+03
 eigen energies, in ev
      0.465420         0.756503         0.950954         1.085060         1.422700
      1.493158         1.741639         1.817660         1.964761         2.174305
      2.307906         2.373138         2.497906         2.572514         2.749391
      2.866219         2.964116         3.020717         3.167364         3.202099
      3.300428         3.517113         3.598387         3.731468         3.792489
      3.887347         3.979139         4.115424         4.236568         4.288971
      4.360943         4.504261         4.543444         4.640353         4.744349
      4.858018         4.920156         4.995870         5.094849         5.202080
      5.259534         5.362858         5.490144         5.680214         5.714968
      5.780044         5.917035         5.969505         6.017548         6.160717
      6.229069         6.292611         6.378305         6.454543         6.569630
      6.671163         6.724858         6.845419         6.938149         7.022217
      7.078597         7.172784         7.221592         7.272439         7.392289
      7.407552         7.512399         7.598759         7.676119         7.797636
      7.826327         7.899140         7.985817         8.033568         8.124521
      8.295817         8.333914         8.395347         8.428947         8.578784
      8.638759         8.687942         8.722801         8.778355         8.848946
      8.946186         9.039608         9.139298         9.190628         9.287208
      9.351670         9.464560         9.532733         9.555369         9.622169
      9.658304         9.738354         9.836145         9.913865        10.040686
     10.072741        10.121272        10.156210        10.244181        10.321218
     10.362680        10.474283        10.535704        10.623899        10.698954
     10.747732        10.790121        10.846201        10.906979        10.975914
     11.067437        11.100783        11.165330        11.214785        11.286674
     11.342605        11.436331        11.517844        11.533938        11.587273
     11.661178        11.734981        11.832113        11.892429        11.961041
     12.060573        12.097231        12.122637        12.208801        12.276355
     12.293126        12.361455        12.466309        12.492507        12.530548
     12.580477        12.634827        12.722501        12.800454        12.864177
     12.949709        12.986623        13.048941        13.123276        13.214590
     13.249777        13.286825        13.320731        13.359463        13.471500
     13.532359        13.569990        13.649314        13.678879        13.745207
     13.807945        13.882606        13.893913        13.990620        14.064802
     14.112349        14.204958        14.251978        14.313340        14.379854
     14.434053        14.456077        14.592684        14.645617        14.703659
     14.775380        14.795104        14.876710        14.933791        14.988068
     15.064713        15.136152        15.193446        15.223225        15.259212
     15.301206        15.376621        15.443070        15.495458        15.608174
     15.643102        15.694233        15.774140        15.795127        15.860167
     15.919721        15.974279        16.011447        16.095109        16.138437
     16.174681        16.227546        16.343953        16.420058        16.470431
     16.485642        16.527636        16.595953        16.686603        16.703201
     16.756215        16.814533        16.930021        16.936234        17.062886
     17.107911        17.133922        17.158353        17.264799        17.351697
     17.369334        17.417149        17.490060        17.529152        17.576192
     17.636497        17.728697        17.776708        17.874476        17.895686
     17.939903        18.013262        18.051784        18.132595        18.162173
     18.217894        18.308755        18.355553        18.381681        18.507762
     18.603449        18.636162        18.672930        18.703578        18.790090
     18.875496        18.907742        18.967533        19.003586        19.063462
     19.161521        19.204271        19.246493        19.300080        19.382658
     19.418961        19.503055        19.582496        19.655026        19.757321
     19.798360        19.870198        19.932488        19.969150        20.012976
     20.050581        20.078657        20.247066        20.307077        20.389967
     20.457236        20.505828        20.545969        20.579102        20.664471
     20.751275        20.798059        20.881580        20.940841        21.009381
     21.060772        21.120943        21.232899        21.304309        21.341875
     21.395542        21.467816        21.505922        21.561437        21.690021
     21.729054        21.796140        21.900159        21.969349        22.017262
     22.094503        22.184671        22.267110        22.287696        22.363433
     22.490652        22.510711        22.633441        22.666214        22.725247
     22.827799        22.856873        22.911232        23.010185        23.048854
     23.209896        23.285690        23.320350        23.354455        23.501514
     23.566864        23.630552        23.694142        23.769823        23.809286
     23.864623        23.930340        24.010566        24.173001        24.201890
     24.324914        24.384800        24.444161        24.479031        24.612216
     24.677362        24.749947        24.794947        24.969358        25.026788
     25.084673        25.186492        25.259108        25.309719        25.379796
     25.445176        25.527039        25.581586        25.659359        25.784557
     25.836677        25.898292        25.955406        26.063600        26.155233
     26.203213        26.384361        26.467950        26.547625        26.573067
     26.707084        26.774325        26.821375        26.870026        26.990906
     27.024743        27.109393        27.198084        27.310924        27.348547
     27.439694        27.498690        27.622887        27.674051        27.762588
     27.869617        27.943716        28.022416        28.088879        28.182884
     28.271490        28.344833        28.368483        28.477041        28.591827
     28.640856        28.773040        28.915818        28.972655        29.077817
     29.192982        29.246922        29.298157        29.357230        29.423104
     29.607197        29.653477        29.751350        29.839477        29.911701
     29.981276        30.087205        30.193391        30.297320        30.356518
     30.505278        30.591919        30.641270        30.732419        30.812714
     30.929612        30.981362        31.066828        31.180341        31.233784
     31.382056        31.500014        31.557148        31.610641        31.734205
     31.897665        31.935841        31.980700        32.129861        32.180585
     32.265914        32.395250        32.546210        32.611071        32.658059
     32.728424        32.827953        32.937497        33.067943        33.127774
     33.276657        33.357564        33.416072        33.434641        33.537685
     33.796889        33.811437        33.933848        34.027108        34.111521
     34.153020        34.345802        34.417802        34.527105        34.622509
     34.713850        34.786237        34.857227        34.938467        35.079247
     35.193872        35.227356        35.413713        35.481195        35.534919
     35.697656        35.755260        35.876350        35.984848        36.112290
     36.175852        36.245270        36.392094        36.560868        36.647408
     36.706918        36.820561        36.974223        37.066383        37.177814
     37.268954        37.339480        37.412225        37.623031        37.710871
     37.769419        37.881547        38.043189        38.107198        38.276166
     38.343298        38.405825        38.591897        38.628017        38.701546
     38.842510        38.959040        39.085514        39.264970        39.316785
     39.420210        39.604416        39.757168        39.871316        39.989093
     40.103200        40.127468        40.278294        40.392455        40.471377
     40.538516        40.574246        40.762972        40.859403        41.011774
     41.113406        41.233991        41.310266        41.395677        41.474254
     41.660331        41.806642        41.927602        42.062288        42.174705
     42.245201        42.338744        42.492565        42.627949        42.755297
     42.916229        43.023711        43.081059        43.152476        43.394597
     43.406183        43.530385        43.646276        43.796434        43.921994
     44.028710        44.086615        44.258696        44.345869        44.413907
     44.540909        44.664562        44.782902        44.953785        44.990711
     45.165720        45.252358        45.408696        45.491180        45.591364
     45.752333        45.867135        45.961415        46.104103        46.208941
     46.273004        46.433552        46.630815        46.741743        46.849254
     46.991093        47.111574        47.166604        47.398108        47.577218
     47.637347        47.794103        47.896701        48.104232        48.159904
     48.282455        48.377294        48.472101        48.642138        48.807975
     48.912970        48.950426        49.067300        49.257427        49.343008
     49.534723        49.598134        49.794145        49.861313        49.940847
     50.160489        50.234426        50.411056        50.467736        50.570156
     50.726345        50.837980        51.028159        51.207618        51.284810
     51.368967        51.445469        51.663357        51.737489        51.968669
     52.118563        52.251489        52.358665        52.535275        52.713303
     52.818730        53.036006        53.209500        53.289521        53.477009
     53.538402        53.625749        53.767736        53.855862        53.984598
     54.138367        54.281334        54.319676        54.555739        54.717702
     54.930914        55.056240        55.141334        55.240891        55.493720
     55.570368        55.639523        55.817618        55.953600        56.123422
     56.284115        56.346582        56.590445        56.694375        56.886280
     56.994880        57.052904        57.298136        57.380673        57.422146
     57.552996        57.624571        57.890238        58.017442        58.185909
     58.386408        58.543586        58.683512        58.827772        59.020161
     59.220309        59.266577        59.519953        59.624930        59.747018
     59.792007        59.912138        59.997188        60.165720        60.427020
     60.555472        60.667901        60.827328        61.054402        61.238622
     61.399846        61.511165        61.631167        61.811475        61.932511
     62.054984        62.288460        62.369806        62.565686        62.802953
     62.871261        62.973354        63.148784        63.340284        63.424789
     63.614691        63.742590        63.985091        64.151626        64.229444
     64.415396        64.551168        64.768056        64.881111        64.900469
     65.122738        65.260696        65.464632        65.517242        65.679357
     65.768104        66.042480        66.217383        66.452467        66.493745
     66.885768        67.024197        67.083501        67.257732        67.559040
     67.744178        67.757321        67.961289        68.093689        68.297468
     68.556641        68.668171        68.785817        68.973674        69.165032
     69.246431        69.384399        69.609234        69.857794        69.898491
     70.020072        70.124523        70.410054        70.614558        70.791205
     70.866476        70.992588        71.237017        71.276363        71.535920
     71.705818        71.843631        71.994029        72.213159        72.392884
     72.545398        72.660511        72.785393        73.028640        73.126384
     73.235958        73.594745        73.704062        73.796129        73.924446
     74.066193        74.238299        74.486810        74.605919        74.918362
     74.995810        75.155924        75.386592        75.508217        75.733273
     75.960504        76.105699        76.317881        76.485168        76.570471
     76.819708        76.964012        77.054784        77.281168        77.405609
     77.654558        77.792693        77.893073        78.147672        78.394923
     78.624086        78.808592        78.952179        79.062745        79.240920
     79.459925        79.572630        79.963365        80.058121        80.286744
     80.513124        80.628530        80.870935        81.051598        81.243093
     81.377258        81.736346        81.784973        82.108464        82.267398
     82.381409        82.500017        82.670258        82.942886        83.050371
     83.212755        83.456466        83.580763        83.854644        84.022763
     84.301935        84.523031        84.618321        84.827430        85.086371
     85.232198        85.409650        85.610957        85.915225        85.996378
     86.223118        86.498912        86.743584        86.847477        87.001647
     87.290350        87.459570        87.882109        87.987009        88.332704
     88.487888        88.758620        88.942132        89.079351        89.292262
     89.488751        89.621024        90.002609        90.086105        90.383900
     90.545054        90.681225        90.897248        91.090797        91.281772
     91.382293        91.526292        91.746902        91.867196        92.050386
     92.414845        92.472143        92.586846        93.005365        93.344715
     93.662521        93.796013        93.901353        94.100572        94.197273
     94.703247        94.746804        95.008988        95.250178        95.459876
     95.651276        96.018619        96.265876        96.536480        96.673709
     96.761438        97.023048        97.386669        97.427341        97.782048
     98.003467        98.172273        98.319843        98.643895        98.813100
     98.992940        99.095027        99.339127        99.795592       100.033282
    100.106842       100.331580       100.520367       100.730615       100.944865
    101.255650       101.618000       101.774312       101.979218       102.189115
    102.489881       102.770787       102.949109       103.245263       103.462962
    103.776875       103.967609       104.131781       104.330869       104.530145
    104.930580       105.228041       105.472632       105.730578       105.947153
    106.108233       106.595999       106.730476       106.913404       107.345872
    107.505288       107.650028       107.992912       108.441537       108.574790
    108.878197       108.955963       109.186466       109.281644       109.731690
    109.940304       110.093718       110.437546       110.895980       110.975694
    111.274078       111.610751       111.905439       112.099425       112.443209
    112.597772       112.892136       112.989703       113.278771       113.645248
    113.833446       114.070231       114.319266       114.583820       115.002866
    115.196856       115.547240       115.881384       116.187635       116.401580
    116.939386       117.178802       117.398111       117.932554       118.199230
    118.354493       118.597018       118.939579       119.257257       119.394872
    119.840725       120.112641       120.658957       120.998620       121.193932
    121.278051       121.531297       121.848389       122.286197       122.470599
    122.824914       123.309760       123.733870       123.902064       124.033942
    124.247464       124.826530       125.061379       125.233361       125.676412
    125.928464       126.238987       126.652131       127.255631       127.460288
    127.754202       128.054310       128.397120       128.599001       129.180714
    129.522543       129.668676       129.997200       130.310792       131.165155
    131.269777       131.418839       132.126627       132.484187       132.839770
    133.071862       133.403167       133.946803       134.593850       134.832325
    134.925965       135.622034       135.787377       136.201297       136.465610
    136.707169       137.301822       137.620167       138.073349       138.691536
    139.092432       139.473796       140.036184       140.227574       140.951854
    141.489788       142.228012       142.833291       143.431113       143.702787
    144.410001       144.985897       145.398557       146.000594       146.494178
    147.093272       147.698381       148.483171       148.995630       149.907290
    150.517955       150.957021       151.944143       152.173247       154.307305
    155.202395       156.970324       157.454751
 *********************************
 sum eigen(dbl occ, ryd)=   7949.56498536012     
 *********************************
 One SCF use:    81.6565411090851       s
 *********************************
 ****** kpt=           1
 err of each states, eV
  0.411810E+02     0.403722E+02     0.407867E+02     0.412300E+02     0.415446E+02
  0.423912E+02     0.426873E+02     0.418036E+02     0.418955E+02     0.422881E+02
  0.425994E+02     0.425688E+02     0.431992E+02     0.431254E+02     0.432035E+02
  0.427740E+02     0.438910E+02     0.437252E+02     0.434651E+02     0.431338E+02
  0.443845E+02     0.443702E+02     0.446433E+02     0.444361E+02     0.449320E+02
  0.433930E+02     0.459357E+02     0.450346E+02     0.454567E+02     0.448077E+02
  0.451551E+02     0.452688E+02     0.448363E+02     0.453745E+02     0.449118E+02
  0.450538E+02     0.456129E+02     0.441614E+02     0.460086E+02     0.456091E+02
  0.458692E+02     0.452342E+02     0.456908E+02     0.460350E+02     0.467307E+02
  0.457145E+02     0.467622E+02     0.457265E+02     0.457985E+02     0.461765E+02
  0.466693E+02     0.464069E+02     0.469795E+02     0.457319E+02     0.477141E+02
  0.475440E+02     0.475261E+02     0.467280E+02     0.470758E+02     0.476630E+02
  0.491960E+02     0.477260E+02     0.475645E+02     0.480613E+02     0.478571E+02
  0.472698E+02     0.472099E+02     0.472397E+02     0.477342E+02     0.474948E+02
  0.480190E+02     0.486855E+02     0.479097E+02     0.479278E+02     0.477213E+02
  0.476850E+02     0.473239E+02     0.491460E+02     0.482089E+02     0.475240E+02
  0.480838E+02     0.476282E+02     0.481834E+02     0.481476E+02     0.481687E+02
  0.496627E+02     0.479788E+02     0.487430E+02     0.480560E+02     0.479758E+02
  0.496844E+02     0.490041E+02     0.492623E+02     0.495636E+02     0.497168E+02
  0.487298E+02     0.484721E+02     0.476902E+02     0.494325E+02     0.501135E+02
  0.493380E+02     0.488839E+02     0.494401E+02     0.489772E+02     0.497859E+02
  0.493944E+02     0.500618E+02     0.502775E+02     0.485841E+02     0.499114E+02
  0.484051E+02     0.488578E+02     0.491675E+02     0.495666E+02     0.505928E+02
  0.486343E+02     0.496021E+02     0.492503E+02     0.488489E+02     0.499278E+02
  0.479183E+02     0.503992E+02     0.500143E+02     0.501083E+02     0.490320E+02
  0.494063E+02     0.485083E+02     0.495156E+02     0.487319E+02     0.495804E+02
  0.493830E+02     0.489591E+02     0.493235E+02     0.497608E+02     0.497310E+02
  0.494289E+02     0.493765E+02     0.503841E+02     0.496333E+02     0.482459E+02
  0.495451E+02     0.489412E+02     0.490534E+02     0.488637E+02     0.494142E+02
  0.495187E+02     0.500213E+02     0.498079E+02     0.503103E+02     0.484725E+02
  0.485563E+02     0.500625E+02     0.500724E+02     0.500219E+02     0.504553E+02
  0.489624E+02     0.489416E+02     0.500695E+02     0.491253E+02     0.500988E+02
  0.498223E+02     0.492156E+02     0.492921E+02     0.494312E+02     0.500684E+02
  0.486085E+02     0.493123E+02     0.485543E+02     0.489455E+02     0.485637E+02
  0.486731E+02     0.498641E+02     0.491485E+02     0.485224E+02     0.492104E+02
  0.482706E+02     0.491635E+02     0.485115E+02     0.491115E+02     0.490496E+02
  0.485904E+02     0.485236E+02     0.489350E+02     0.491924E+02     0.480060E+02
  0.488593E+02     0.482795E+02     0.475878E+02     0.491719E+02     0.478548E+02
  0.474611E+02     0.485388E+02     0.475352E+02     0.487728E+02     0.492967E+02
  0.497601E+02     0.482848E+02     0.481025E+02     0.478144E+02     0.481425E+02
  0.498364E+02     0.494211E+02     0.477339E+02     0.476864E+02     0.486195E+02
  0.493482E+02     0.487675E+02     0.470325E+02     0.486199E+02     0.482875E+02
  0.482059E+02     0.495419E+02     0.475019E+02     0.477695E+02     0.483444E+02
  0.479065E+02     0.481131E+02     0.478231E+02     0.490720E+02     0.488840E+02
  0.478215E+02     0.469180E+02     0.485320E+02     0.481577E+02     0.478975E+02
  0.486539E+02     0.472939E+02     0.482047E+02     0.476539E+02     0.483136E+02
  0.485745E+02     0.472995E+02     0.477383E+02     0.474981E+02     0.477299E+02
  0.473918E+02     0.472448E+02     0.474667E+02     0.471739E+02     0.482870E+02
  0.473042E+02     0.472046E+02     0.483598E+02     0.476368E+02     0.476346E+02
  0.473859E+02     0.479410E+02     0.469709E+02     0.475468E+02     0.466714E+02
  0.465703E+02     0.473742E+02     0.478984E+02     0.484698E+02     0.472399E+02
  0.472644E+02     0.474581E+02     0.471953E+02     0.478878E+02     0.480979E+02
  0.472071E+02     0.481797E+02     0.466288E+02     0.479989E+02     0.484145E+02
  0.477118E+02     0.460431E+02     0.466686E+02     0.472365E+02     0.465118E+02
  0.474894E+02     0.475598E+02     0.465253E+02     0.460480E+02     0.483044E+02
  0.462082E+02     0.462829E+02     0.467211E+02     0.461895E+02     0.478638E+02
  0.466221E+02     0.458125E+02     0.464854E+02     0.468949E+02     0.468087E+02
  0.469449E+02     0.473089E+02     0.477542E+02     0.465468E+02     0.468260E+02
  0.464250E+02     0.467976E+02     0.460213E+02     0.463387E+02     0.466119E+02
  0.456461E+02     0.468648E+02     0.457611E+02     0.471280E+02     0.458819E+02
  0.466200E+02     0.463155E+02     0.468097E+02     0.465822E+02     0.469193E+02
  0.469493E+02     0.477110E+02     0.472369E+02     0.464699E+02     0.475156E+02
  0.460041E+02     0.459771E+02     0.467411E+02     0.466505E+02     0.461978E+02
  0.459422E+02     0.468131E+02     0.464060E+02     0.455902E+02     0.473222E+02
  0.465158E+02     0.458198E+02     0.458776E+02     0.464969E+02     0.464858E+02
  0.454999E+02     0.465437E+02     0.462270E+02     0.459377E+02     0.456789E+02
  0.459767E+02     0.456923E+02     0.460008E+02     0.463409E+02     0.458713E+02
  0.453219E+02     0.466710E+02     0.456477E+02     0.457056E+02     0.455133E+02
  0.452805E+02     0.460094E+02     0.460563E+02     0.466536E+02     0.467182E+02
  0.460529E+02     0.455084E+02     0.466766E+02     0.450504E+02     0.459996E+02
  0.464095E+02     0.444164E+02     0.472058E+02     0.454389E+02     0.452081E+02
  0.455511E+02     0.460714E+02     0.455965E+02     0.457598E+02     0.454451E+02
  0.454366E+02     0.451010E+02     0.458146E+02     0.448096E+02     0.455868E+02
  0.463784E+02     0.460199E+02     0.450819E+02     0.454325E+02     0.460624E+02
  0.451540E+02     0.446103E+02     0.455673E+02     0.458718E+02     0.451661E+02
  0.452654E+02     0.452636E+02     0.451623E+02     0.444309E+02     0.464567E+02
  0.450796E+02     0.451638E+02     0.454416E+02     0.460033E+02     0.459725E+02
  0.453986E+02     0.456643E+02     0.458081E+02     0.449928E+02     0.450821E+02
  0.451330E+02     0.449920E+02     0.446497E+02     0.450868E+02     0.458786E+02
  0.459776E+02     0.448878E+02     0.450884E+02     0.447263E+02     0.447443E+02
  0.448250E+02     0.450259E+02     0.450591E+02     0.439887E+02     0.451705E+02
  0.449610E+02     0.442802E+02     0.444249E+02     0.450008E+02     0.451306E+02
  0.461566E+02     0.456781E+02     0.448790E+02     0.440933E+02     0.453520E+02
  0.448226E+02     0.455411E+02     0.446004E+02     0.459483E+02     0.458828E+02
  0.450227E+02     0.448344E+02     0.444229E+02     0.449015E+02     0.453323E+02
  0.447552E+02     0.450718E+02     0.457297E+02     0.447543E+02     0.447482E+02
  0.459307E+02     0.442211E+02     0.445252E+02     0.438936E+02     0.444725E+02
  0.444702E+02     0.442664E+02     0.448719E+02     0.445823E+02     0.440429E+02
  0.446411E+02     0.453175E+02     0.453538E+02     0.431695E+02     0.456837E+02
  0.443526E+02     0.447853E+02     0.453663E+02     0.444646E+02     0.443019E+02
  0.446067E+02     0.437622E+02     0.450609E+02     0.448140E+02     0.450004E+02
  0.456461E+02     0.444299E+02     0.436400E+02     0.446665E+02     0.445987E+02
  0.451865E+02     0.443680E+02     0.444592E+02     0.447148E+02     0.445190E+02
  0.450212E+02     0.452073E+02     0.446993E+02     0.445333E+02     0.452100E+02
  0.451366E+02     0.449747E+02     0.443454E+02     0.440747E+02     0.447160E+02
  0.444116E+02     0.445746E+02     0.439030E+02     0.441577E+02     0.439966E+02
  0.442413E+02     0.442587E+02     0.439010E+02     0.447156E+02     0.443395E+02
  0.442393E+02     0.446949E+02     0.442877E+02     0.439742E+02     0.442204E+02
  0.446767E+02     0.449518E+02     0.443591E+02     0.440404E+02     0.444368E+02
  0.448155E+02     0.454153E+02     0.444774E+02     0.442254E+02     0.448024E+02
  0.440259E+02     0.440410E+02     0.448067E+02     0.439541E+02     0.436331E+02
  0.444219E+02     0.441622E+02     0.442720E+02     0.443708E+02     0.447716E+02
  0.442205E+02     0.440401E+02     0.448956E+02     0.438756E+02     0.449776E+02
  0.442881E+02     0.446699E+02     0.430849E+02     0.453294E+02     0.442097E+02
  0.441384E+02     0.442071E+02     0.437691E+02     0.438671E+02     0.437078E+02
  0.447249E+02     0.436893E+02     0.446784E+02     0.442325E+02     0.438569E+02
  0.440303E+02     0.436119E+02     0.439021E+02     0.435346E+02     0.436381E+02
  0.437551E+02     0.441498E+02     0.447347E+02     0.445667E+02     0.434109E+02
  0.443237E+02     0.440954E+02     0.446780E+02     0.433724E+02     0.450805E+02
  0.439631E+02     0.436480E+02     0.433844E+02     0.455237E+02     0.439925E+02
  0.444687E+02     0.446576E+02     0.430742E+02     0.433689E+02     0.438362E+02
  0.430820E+02     0.439651E+02     0.440869E+02     0.451596E+02     0.436652E+02
  0.435267E+02     0.436741E+02     0.437572E+02     0.447018E+02     0.440629E+02
  0.433768E+02     0.435546E+02     0.439421E+02     0.448316E+02     0.434719E+02
  0.438444E+02     0.429516E+02     0.436633E+02     0.448408E+02     0.436693E+02
  0.438031E+02     0.436896E+02     0.437070E+02     0.437946E+02     0.433786E+02
  0.425236E+02     0.428189E+02     0.438682E+02     0.442176E+02     0.434830E+02
  0.443090E+02     0.437869E+02     0.444604E+02     0.438411E+02     0.440387E+02
  0.436148E+02     0.440715E+02     0.438876E+02     0.447790E+02     0.431812E+02
  0.431358E+02     0.438779E+02     0.433380E+02     0.443508E+02     0.431667E+02
  0.435953E+02     0.434296E+02     0.432650E+02     0.438356E+02     0.440613E+02
  0.435123E+02     0.437329E+02     0.439594E+02     0.431229E+02     0.435293E+02
  0.446192E+02     0.431744E+02     0.433523E+02     0.432146E+02     0.441029E+02
  0.439371E+02     0.437879E+02     0.436344E+02     0.433397E+02     0.438640E+02
  0.434120E+02     0.434565E+02     0.436438E+02     0.438259E+02     0.434554E+02
  0.424401E+02     0.437320E+02     0.427105E+02     0.436179E+02     0.440350E+02
  0.428495E+02     0.438564E+02     0.435785E+02     0.433790E+02     0.436193E+02
  0.435021E+02     0.428565E+02     0.442450E+02     0.434343E+02     0.443221E+02
  0.430925E+02     0.433361E+02     0.445998E+02     0.435683E+02     0.433046E+02
  0.432575E+02     0.438177E+02     0.433218E+02     0.426401E+02     0.440077E+02
  0.427715E+02     0.427605E+02     0.424309E+02     0.435488E+02     0.427032E+02
  0.437122E+02     0.431115E+02     0.427696E+02     0.429810E+02     0.433901E+02
  0.438994E+02     0.428516E+02     0.437132E+02     0.439958E+02     0.438096E+02
  0.434085E+02     0.431474E+02     0.431035E+02     0.439534E+02     0.423594E+02
  0.428396E+02     0.433135E+02     0.431983E+02     0.435841E+02     0.435479E+02
  0.420297E+02     0.434866E+02     0.438659E+02     0.432288E+02     0.436714E+02
  0.435729E+02     0.438802E+02     0.423202E+02     0.425580E+02     0.432900E+02
  0.425232E+02     0.430043E+02     0.429396E+02     0.433239E+02     0.432019E+02
  0.436124E+02     0.437212E+02     0.423002E+02     0.433726E+02     0.437638E+02
  0.426989E+02     0.430948E+02     0.416308E+02     0.428799E+02     0.421525E+02
  0.431049E+02     0.422674E+02     0.443248E+02     0.434605E+02     0.426500E+02
  0.429111E+02     0.423453E+02     0.426695E+02     0.422377E+02     0.406981E+02
  0.432404E+02     0.426993E+02     0.433051E+02     0.426660E+02     0.419537E+02
  0.427085E+02     0.424009E+02     0.413719E+02     0.429815E+02     0.435235E+02
  0.425016E+02     0.428860E+02     0.427313E+02     0.430224E+02     0.418240E+02
  0.424669E+02     0.416302E+02     0.427951E+02     0.421864E+02     0.430301E+02
  0.431674E+02     0.416372E+02     0.428363E+02     0.418469E+02     0.426308E+02
  0.423452E+02     0.427949E+02     0.416185E+02     0.416595E+02     0.422418E+02
  0.422566E+02     0.424750E+02     0.416753E+02     0.415056E+02     0.416792E+02
  0.429020E+02     0.424711E+02     0.424373E+02     0.428565E+02     0.414689E+02
  0.413906E+02     0.426803E+02     0.416410E+02     0.419937E+02     0.428126E+02
  0.420773E+02     0.418834E+02     0.418247E+02     0.417372E+02     0.421646E+02
  0.424983E+02     0.418743E+02     0.424198E+02     0.429847E+02     0.429893E+02
  0.417537E+02     0.422435E+02     0.421387E+02     0.417595E+02     0.416352E+02
  0.432344E+02     0.415343E+02     0.416330E+02     0.411790E+02     0.421600E+02
  0.411991E+02     0.429020E+02     0.428188E+02     0.415095E+02     0.422637E+02
  0.417102E+02     0.416857E+02     0.432641E+02     0.416010E+02     0.410379E+02
  0.399948E+02     0.429789E+02     0.420306E+02     0.426030E+02     0.422895E+02
  0.407534E+02     0.417569E+02     0.412031E+02     0.413565E+02     0.413124E+02
  0.414062E+02     0.417633E+02     0.411664E+02     0.409494E+02     0.424843E+02
  0.401872E+02     0.417225E+02     0.414737E+02     0.422637E+02     0.416847E+02
  0.399163E+02     0.422442E+02     0.415190E+02     0.414584E+02     0.414939E+02
  0.415766E+02     0.410792E+02     0.412135E+02     0.428579E+02     0.413969E+02
  0.416393E+02     0.397837E+02     0.426482E+02     0.399355E+02     0.409658E+02
  0.413164E+02     0.409558E+02     0.405395E+02     0.400762E+02     0.408767E+02
  0.413585E+02     0.409615E+02     0.412858E+02     0.401563E+02     0.405264E+02
  0.415472E+02     0.398436E+02     0.413704E+02     0.408132E+02     0.407779E+02
  0.401672E+02     0.404775E+02     0.401378E+02     0.417001E+02     0.410466E+02
  0.402170E+02     0.403452E+02     0.409490E+02     0.391441E+02     0.393076E+02
  0.404835E+02     0.409526E+02     0.387304E+02     0.413561E+02     0.403818E+02
  0.399637E+02     0.406526E+02     0.399919E+02     0.396377E+02     0.386824E+02
  0.404309E+02     0.405398E+02     0.409438E+02     0.409077E+02     0.389566E+02
  0.405953E+02     0.401652E+02     0.397451E+02     0.404213E+02     0.400805E+02
  0.392030E+02     0.397978E+02     0.392123E+02     0.400303E+02     0.393779E+02
  0.407036E+02     0.389198E+02     0.404820E+02     0.384791E+02     0.403536E+02
  0.392504E+02     0.398672E+02     0.394670E+02     0.400888E+02     0.397036E+02
  0.407415E+02     0.392448E+02     0.401117E+02     0.407022E+02     0.400712E+02
  0.401562E+02     0.405051E+02     0.392658E+02     0.397015E+02     0.394630E+02
  0.388584E+02     0.385643E+02     0.393969E+02     0.389396E+02     0.389569E+02
  0.395723E+02     0.390611E+02     0.395123E+02     0.382547E+02     0.382933E+02
  0.389643E+02     0.392235E+02     0.390756E+02     0.404718E+02     0.389782E+02
  0.396627E+02     0.395519E+02     0.392765E+02     0.389073E+02     0.388350E+02
  0.403210E+02     0.384172E+02     0.401172E+02     0.383277E+02     0.399932E+02
  0.402651E+02     0.393610E+02     0.399513E+02     0.394962E+02     0.388475E+02
  0.379737E+02     0.387775E+02     0.375619E+02     0.385101E+02     0.392994E+02
  0.387275E+02     0.390285E+02     0.378524E+02     0.390552E+02     0.382352E+02
  0.380581E+02     0.385773E+02     0.386023E+02     0.392794E+02     0.392745E+02
  0.386845E+02     0.384088E+02     0.389207E+02     0.376797E+02     0.371489E+02
  0.378692E+02     0.383047E+02     0.383095E+02     0.381016E+02     0.374163E+02
  0.387427E+02     0.381850E+02     0.384848E+02     0.373378E+02     0.382481E+02
  0.386793E+02     0.379033E+02     0.382266E+02     0.367331E+02     0.387651E+02
  0.386268E+02     0.381351E+02     0.377902E+02     0.381131E+02     0.383534E+02
  0.383360E+02     0.390716E+02     0.379042E+02     0.367765E+02     0.377130E+02
  0.377689E+02     0.381933E+02     0.377100E+02     0.383109E+02     0.379329E+02
  0.376002E+02     0.374301E+02     0.376604E+02     0.373776E+02     0.369759E+02
  0.367790E+02     0.370625E+02     0.371194E+02     0.370913E+02     0.377832E+02
  0.382625E+02     0.374124E+02     0.371105E+02     0.370576E+02     0.367697E+02
  0.373983E+02     0.379246E+02     0.379034E+02     0.375440E+02     0.375975E+02
  0.369908E+02     0.371695E+02     0.371728E+02     0.365413E+02     0.369621E+02
  0.371011E+02     0.370063E+02     0.367897E+02     0.368367E+02     0.373315E+02
  0.368103E+02     0.369534E+02     0.376708E+02     0.374370E+02     0.373637E+02
  0.373492E+02     0.369918E+02     0.371075E+02     0.362512E+02     0.369201E+02
  0.368035E+02     0.368687E+02     0.373854E+02     0.382033E+02     0.378699E+02
  0.375679E+02     0.367310E+02     0.373940E+02     0.374691E+02     0.378419E+02
  0.385046E+02     0.370503E+02     0.366044E+02     0.369670E+02     0.368574E+02
  0.377310E+02     0.387508E+02     0.387102E+02
 eigen energies, in ev
    -29.516348       -29.295743       -29.004943       -28.565677       -28.125108
    -24.358692       -24.308547       -24.225728       -24.129494       -24.035818
    -23.962514       -23.906457       -23.882119       -23.825860       -23.794348
    -23.739035       -23.694301       -23.663649       -23.625665       -23.578367
    -23.559091       -23.489697       -23.474164       -23.440179       -23.392415
    -23.367601       -23.324137       -23.290316       -23.250687       -23.226708
    -23.211769       -23.150341       -23.121809       -23.082616       -23.055510
    -23.033996       -23.024207       -22.972120       -22.929970       -22.891818
    -22.872009       -22.846064       -22.816436       -22.766257       -22.729024
    -22.693472       -22.664186       -22.631198       -22.610131       -22.586278
    -22.556917       -22.528702       -22.496007       -22.455456       -22.439674
    -22.397775       -22.384238       -22.339523       -22.308957       -22.272142
    -22.243522       -22.192942       -22.171381       -22.146105       -22.125304
    -22.102782       -22.066126       -22.035575       -22.022274       -21.975402
    -21.948249       -21.907283       -21.871245       -21.828855       -21.807190
    -21.771578       -21.738509       -21.712109       -21.658655       -21.631559
    -21.598400       -21.576376       -21.550858       -21.510689       -21.476496
    -21.435946       -21.389315       -21.382518       -21.359039       -21.324063
    -21.295406       -21.268915       -21.245180       -21.202660       -21.169764
    -21.139518       -21.105877       -21.067437       -21.043089       -21.001726
    -20.984262       -20.943209       -20.928792       -20.899052       -20.869940
    -20.835570       -20.806895       -20.782302       -20.759249       -20.729893
    -20.701292       -20.689386       -20.676932       -20.639895       -20.605980
    -20.593251       -20.559817       -20.536862       -20.512702       -20.487162
    -20.461242       -20.438176       -20.408126       -20.370237       -20.354213
    -20.326111       -20.298347       -20.279825       -20.246468       -20.229886
    -20.199951       -20.183660       -20.159042       -20.124926       -20.081472
    -20.042752       -20.028195       -20.000599       -19.966772       -19.945182
    -19.918339       -19.867541       -19.838834       -19.817921       -19.812624
    -19.770527       -19.750750       -19.709033       -19.670388       -19.655163
    -19.614394       -19.585955       -19.568313       -19.533543       -19.500172
    -19.458875       -19.423543       -19.397780       -19.356175       -19.306391
    -19.296563       -19.243385       -19.237998       -19.174966       -19.139309
    -19.090899       -19.076462       -19.020218       -18.987762       -18.913463
    -18.886215       -18.832957       -18.786977       -18.746943       -18.735363
    -18.665813       -18.610094       -18.595287       -18.518406       -18.457767
    -18.415460       -18.357246       -18.297863       -18.242693       -18.181784
    -18.105082       -18.042821       -17.940246       -17.868795       -17.714063
    -17.077339       -16.616278       -16.361449       -16.068416       -15.914055
    -15.662519       -15.367893       -15.227966       -15.161073       -15.022605
    -14.975684       -14.905982       -14.814855       -14.746091       -14.528860
    -14.452418       -14.240663       -14.164458       -14.075586       -14.029553
    -13.882182       -13.851204       -13.676910       -13.612648       -13.538698
    -13.175078       -13.072293       -12.934388       -12.787293       -12.724561
    -12.680370       -12.553063       -12.533403       -12.373280       -12.246416
    -12.213367       -12.166280       -12.052950       -11.796226       -11.508139
    -10.914171       -10.808593       -10.734461       -10.664007       -10.626390
    -10.554700       -10.494452       -10.408691       -10.375731       -10.307793
    -10.223313       -10.186172       -10.116139       -10.074559       -10.041619
     -9.998668        -9.944007        -9.896206        -9.821547        -9.751864
     -9.728822        -9.649746        -9.628061        -9.513488        -9.482129
     -9.368274        -9.325446        -9.253075        -9.221998        -9.152892
     -9.111713        -9.023400        -8.992438        -8.903930        -8.870504
     -8.851997        -8.838453        -8.768248        -8.712682        -8.626774
     -8.512229        -8.443253        -8.325462        -8.228951        -7.977357
     -7.558826        -7.341842        -7.204270        -7.064603        -7.022695
     -6.943398        -6.916156        -6.810461        -6.728433        -6.611387
     -6.504571        -6.488883        -6.363643        -6.329759        -6.275968
     -6.249576        -6.182565        -6.156367        -6.129446        -6.080695
     -6.038959        -5.986307        -5.947134        -5.924616        -5.888336
     -5.848643        -5.820492        -5.768380        -5.731291        -5.708848
     -5.666531        -5.634377        -5.606385        -5.556364        -5.519278
     -5.484358        -5.469272        -5.443224        -5.397652        -5.368337
     -5.333234        -5.308537        -5.254258        -5.201450        -5.185469
     -5.145548        -5.110683        -5.083077        -5.060783        -5.027377
     -5.011750        -4.946750        -4.919265        -4.884049        -4.810571
     -4.774575        -4.737411        -4.711382        -4.675155        -4.618559
     -4.583554        -4.562944        -4.501713        -4.462767        -4.433150
     -4.401769        -4.361841        -4.316094        -4.301873        -4.275104
     -4.254878        -4.210891        -4.160272        -4.147752        -4.090085
     -4.058501        -4.049073        -4.025838        -3.986299        -3.947190
     -3.907458        -3.894583        -3.841400        -3.832315        -3.803560
     -3.761851        -3.723372        -3.716344        -3.675218        -3.660047
     -3.623405        -3.604698        -3.565482        -3.555276        -3.498041
     -3.481548        -3.449201        -3.425643        -3.415374        -3.368082
     -3.346007        -3.321703        -3.283132        -3.257804        -3.216845
     -3.204080        -3.158220        -3.136146        -3.108263        -3.068838
     -3.029476        -3.003086        -2.973641        -2.944898        -2.922173
     -2.896188        -2.880606        -2.832095        -2.814015        -2.801018
     -2.759686        -2.744297        -2.714272        -2.688254        -2.652262
     -2.626678        -2.579921        -2.547520        -2.525811        -2.500214
     -2.472664        -2.459714        -2.415696        -2.384514        -2.363951
     -2.326705        -2.298393        -2.276842        -2.248250        -2.201863
     -2.177830        -2.161779        -2.139529        -2.092658        -2.060285
     -2.010751        -1.985947        -1.952269        -1.926607        -1.898797
     -1.863093        -1.850934        -1.805864        -1.780820        -1.732515
     -1.712858        -1.664843        -1.633405        -1.604100        -1.573970
     -1.546878        -1.519506        -1.488646        -1.456693        -1.400569
     -1.396091        -1.383084        -1.347357        -1.316178        -1.311313
     -1.285481        -1.261423        -1.224969        -1.185470        -1.162856
     -1.147763        -1.107528        -1.089348        -1.041778        -1.015513
     -0.992690        -0.947675        -0.922398        -0.893517        -0.864460
     -0.838924        -0.800837        -0.781704        -0.749656        -0.730161
     -0.704029        -0.688801        -0.645307        -0.622398        -0.587497
     -0.563619        -0.538577        -0.509509        -0.485697        -0.457948
     -0.431673        -0.412491        -0.389975        -0.353535        -0.328497
     -0.296433        -0.243685        -0.224526        -0.196058        -0.158139
     -0.133313        -0.093737        -0.066076        -0.051202        -0.016529
     -0.000178         0.042172         0.062685         0.097781         0.121063
      0.131759         0.156611         0.214957         0.229862         0.251392
      0.307228         0.330020         0.365947         0.392048         0.415797
      0.435762         0.479796         0.502911         0.549323         0.587847
      0.626659         0.651279         0.682871         0.719267         0.736501
      0.760147         0.812576         0.840838         0.859368         0.902191
      0.946122         0.978432         1.013719         1.039965         1.073020
      1.101903         1.128027         1.148490         1.179988         1.207058
      1.233324         1.275533         1.277835         1.334716         1.394174
      1.407157         1.434356         1.489648         1.561431         1.589229
      1.604154         1.629701         1.646239         1.682469         1.700577
      1.729269         1.784197         1.826429         1.901397         1.922308
      1.953997         1.983887         2.012840         2.067826         2.090096
      2.120759         2.153897         2.215229         2.226425         2.266200
      2.289760         2.338637         2.358479         2.375070         2.420193
      2.453751         2.479337         2.523163         2.538432         2.609066
      2.625030         2.660541         2.671602         2.705268         2.751946
      2.766628         2.804679         2.863731         2.894768         2.922934
      2.963786         2.980028         3.010076         3.044022         3.080081
      3.127142         3.159953         3.188717         3.215539         3.250188
      3.269726         3.299799         3.309721         3.365540         3.401195
      3.434775         3.484061         3.504433         3.528652         3.571870
      3.593040         3.605363         3.657986         3.676714         3.690675
      3.708968         3.780462         3.811328         3.827334         3.879549
      3.907137         3.924830         3.970447         3.996643         4.046037
      4.068390         4.105115         4.125392         4.151986         4.194447
      4.202459         4.257715         4.277470         4.293067         4.327463
      4.353775         4.379909         4.391773         4.417097         4.470330
      4.514671         4.528882         4.554250         4.578870         4.600279
      4.644720         4.680056         4.702210         4.728725         4.770833
      4.779091         4.789982         4.816474         4.859544         4.882731
      4.919677         4.943250         4.999354         5.010267         5.047319
      5.086035         5.103538         5.132141         5.167448         5.190380
      5.210031         5.219884         5.256038         5.309632         5.343732
      5.359448         5.393175         5.407456         5.420186         5.456966
      5.481459         5.522235         5.554727         5.582496         5.598398
      5.638588         5.667283         5.709814         5.730189         5.736146
      5.776280         5.801466         5.831223         5.860214         5.887313
      5.914573         5.938761         5.973557         5.992277         6.023001
      6.056524         6.076888         6.103515         6.127121         6.170591
      6.198580         6.210546         6.247888         6.267818         6.310580
      6.319558         6.369803         6.403695         6.446424         6.466496
      6.497567         6.510672         6.556159         6.572938         6.593265
      6.612937         6.627466         6.675039         6.707487         6.748387
      6.763055         6.801496         6.818199         6.838438         6.876530
      6.921233         6.931776         6.958329         6.988448         7.014587
      7.035364         7.083034         7.111159         7.136910         7.159686
      7.182957         7.208901         7.240465         7.263387         7.280807
      7.308117         7.356768         7.369660         7.398218         7.422070
      7.469979         7.507282         7.541474         7.569104         7.588123
      7.616246         7.657442         7.669779         7.718949         7.742320
      7.768963         7.803646         7.824703         7.859139         7.898809
      7.913410         7.937604         7.966827         7.988339         8.027935
      8.049391         8.092630         8.109729         8.147770         8.178702
      8.205249         8.233926         8.255766         8.284573         8.318265
      8.367545         8.372672         8.419234         8.463426         8.489111
      8.524959         8.565675         8.587779         8.639737         8.674555
      8.693581         8.733943         8.774237         8.785300         8.805175
      8.848435         8.877905         8.925647         8.936318         8.977606
      9.013371         9.024490         9.061092         9.107805         9.148435
      9.181219         9.192295         9.212193         9.248204         9.279234
      9.302496         9.336256         9.382149         9.417193         9.439567
      9.483695         9.526718         9.544237         9.563297         9.602519
      9.622241         9.670292         9.697135         9.735263         9.779279
      9.789817         9.820711         9.858641         9.876224         9.893908
      9.924282         9.982365         9.991663        10.052024        10.078000
     10.106738        10.124028        10.167154        10.202885        10.243950
     10.285257        10.305732        10.344397        10.393821        10.408229
     10.427332        10.446657        10.490860        10.533988        10.571564
     10.603138        10.666274        10.701907        10.728409        10.761260
     10.784900        10.836388        10.857912        10.876627        10.907406
     10.937535        10.996001        11.027601        11.053449        11.097450
     11.151161        11.178395        11.207998        11.274906        11.321940
     11.332344        11.375840        11.415505        11.440227        11.483235
     11.509787        11.533390        11.562866        11.587281        11.655319
     11.670779        11.718355        11.741897        11.800313        11.824312
     11.862354        11.872944        11.929666        11.976943        11.997784
     12.071411        12.102428        12.129309        12.163971        12.189370
     12.247661        12.262986        12.314765        12.369000        12.388941
     12.402101        12.460394        12.519985        12.546883        12.589182
     12.660747        12.682484        12.712360        12.736054        12.812956
     12.859284        12.886303        12.915757        12.934812        12.977449
     13.030405        13.077480        13.120229        13.132361        13.170655
     13.213742        13.245134        13.310144        13.334352        13.375221
     13.430354        13.468680        13.516385        13.565503        13.626378
     13.688637        13.721261        13.758387        13.794705        13.820699
     13.876579        13.930717        13.982970        13.992023        14.029765
     14.116121        14.152673        14.192265        14.261327        14.302284
     14.374951        14.406085        14.452600        14.501009        14.556816
     14.614746        14.701676        14.716491        14.797243        14.828079
     14.885293        14.944201        15.031231        15.093055        15.119949
     15.182699        15.210524        15.285352        15.331474        15.373891
     15.456979        15.465335        15.556180        15.643641        15.739233
     15.768433        15.843617        15.897270        15.947535        16.042564
     16.144094        16.172880        16.247957        16.296735        16.351483
     16.399040        16.496883        16.549113        16.637763        16.661250
     16.776064        16.849448        16.923644        17.008330        17.091517
     17.132603        17.262717        17.400472        17.422466        17.546172
     17.616521        17.671760        17.749382        17.917967        18.019444
     18.142435        18.174515        18.255029        18.352003        18.543260
     18.694116        18.749746        18.908933        19.015538        19.080375
     19.243508        19.438271        19.629648        19.749148        19.892845
     20.056901        20.210462        20.374302        20.457205        20.693697
     20.803774        21.035958        21.134213        21.176895        21.494088
     21.687787        22.069546        22.189551        22.298987        22.548020
     22.694881        22.968986        23.218140        23.626827        23.975604
     24.356288        24.658366        24.816746        25.636592        26.036821
     26.519736        26.644263        27.220805
 *********************************
 sum eigen(dbl occ, ryd)=  -135.383589625913     
 *********************************
 One SCF use:    81.1310420036316       s
 *********************************
 ****** kpt=           1
 err of each states, eV
  0.161231E+02     0.159546E+02     0.160112E+02     0.163607E+02     0.164781E+02
  0.535894E+01     0.518434E+01     0.515994E+01     0.541352E+01     0.509065E+01
  0.505348E+01     0.500971E+01     0.505157E+01     0.499001E+01     0.513840E+01
  0.522557E+01     0.501638E+01     0.516600E+01     0.505848E+01     0.510940E+01
  0.515853E+01     0.521932E+01     0.515394E+01     0.510190E+01     0.517904E+01
  0.525267E+01     0.522019E+01     0.521647E+01     0.522707E+01     0.529636E+01
  0.523572E+01     0.526995E+01     0.537809E+01     0.520612E+01     0.529085E+01
  0.534886E+01     0.535121E+01     0.536735E+01     0.528418E+01     0.526124E+01
  0.544744E+01     0.545750E+01     0.540399E+01     0.515489E+01     0.523432E+01
  0.531558E+01     0.536768E+01     0.531405E+01     0.530761E+01     0.516441E+01
  0.537596E+01     0.548611E+01     0.556244E+01     0.544909E+01     0.539775E+01
  0.543685E+01     0.535683E+01     0.539440E+01     0.555771E+01     0.534631E+01
  0.547474E+01     0.539294E+01     0.559313E+01     0.562187E+01     0.545310E+01
  0.535567E+01     0.555299E+01     0.564235E+01     0.521871E+01     0.531308E+01
  0.543855E+01     0.534855E+01     0.542880E+01     0.550373E+01     0.531175E+01
  0.539753E+01     0.544802E+01     0.546147E+01     0.517565E+01     0.538986E+01
  0.524396E+01     0.540570E+01     0.516840E+01     0.521479E+01     0.530996E+01
  0.514326E+01     0.507046E+01     0.548589E+01     0.540632E+01     0.510546E+01
  0.514548E+01     0.504410E+01     0.502175E+01     0.516371E+01     0.559421E+01
  0.494344E+01     0.504589E+01     0.521167E+01     0.494547E+01     0.496274E+01
  0.519693E+01     0.486783E+01     0.486699E+01     0.496084E+01     0.515520E+01
  0.526784E+01     0.511157E+01     0.503634E+01     0.494455E+01     0.510484E+01
  0.520654E+01     0.499751E+01     0.497737E+01     0.516929E+01     0.506444E+01
  0.516403E+01     0.500295E+01     0.517811E+01     0.517696E+01     0.514423E+01
  0.497500E+01     0.524498E+01     0.518551E+01     0.508261E+01     0.525079E+01
  0.507867E+01     0.520205E+01     0.518230E+01     0.533841E+01     0.529244E+01
  0.517229E+01     0.545596E+01     0.521067E+01     0.504225E+01     0.530033E+01
  0.515685E+01     0.529853E+01     0.526600E+01     0.529766E+01     0.525917E+01
  0.542721E+01     0.531414E+01     0.530113E+01     0.523583E+01     0.542614E+01
  0.529913E+01     0.533247E+01     0.551972E+01     0.573535E+01     0.516215E+01
  0.556594E+01     0.555014E+01     0.557862E+01     0.567871E+01     0.569991E+01
  0.575159E+01     0.554959E+01     0.585642E+01     0.568315E+01     0.555878E+01
  0.574382E+01     0.590157E+01     0.558703E+01     0.578153E+01     0.593922E+01
  0.571995E+01     0.582898E+01     0.581279E+01     0.561449E+01     0.567289E+01
  0.583755E+01     0.573871E+01     0.574909E+01     0.615945E+01     0.572883E+01
  0.592245E+01     0.605361E+01     0.586934E+01     0.557586E+01     0.564214E+01
  0.571746E+01     0.587807E+01     0.593626E+01     0.575637E+01     0.589957E+01
  0.590287E+01     0.578352E+01     0.585889E+01     0.570977E+01     0.561016E+01
  0.516926E+01     0.489858E+01     0.489843E+01     0.473111E+01     0.483450E+01
  0.569062E+01     0.536880E+01     0.514381E+01     0.511254E+01     0.525302E+01
  0.550073E+01     0.538611E+01     0.548723E+01     0.540295E+01     0.528992E+01
  0.518820E+01     0.494532E+01     0.501790E+01     0.504860E+01     0.490197E+01
  0.512346E+01     0.518185E+01     0.493181E+01     0.502616E+01     0.511453E+01
  0.592292E+01     0.583225E+01     0.587639E+01     0.619625E+01     0.607368E+01
  0.590091E+01     0.604175E+01     0.604373E+01     0.614651E+01     0.615150E+01
  0.614505E+01     0.595841E+01     0.626548E+01     0.632149E+01     0.634919E+01
  0.678351E+01     0.639462E+01     0.659588E+01     0.641934E+01     0.647847E+01
  0.633061E+01     0.641722E+01     0.621432E+01     0.640330E+01     0.635730E+01
  0.638294E+01     0.655406E+01     0.639772E+01     0.641578E+01     0.627653E+01
  0.658319E+01     0.652121E+01     0.674085E+01     0.654366E+01     0.677205E+01
  0.654263E+01     0.671322E+01     0.692253E+01     0.673259E+01     0.683566E+01
  0.678840E+01     0.679869E+01     0.695592E+01     0.695848E+01     0.701589E+01
  0.705303E+01     0.688338E+01     0.727562E+01     0.695184E+01     0.692693E+01
  0.732422E+01     0.693425E+01     0.700805E+01     0.706483E+01     0.732343E+01
  0.708646E+01     0.748841E+01     0.789224E+01     0.802738E+01     0.747135E+01
  0.860730E+01     0.838504E+01     0.855117E+01     0.854943E+01     0.846304E+01
  0.849538E+01     0.867122E+01     0.834923E+01     0.866260E+01     0.885091E+01
  0.878152E+01     0.886823E+01     0.867311E+01     0.883768E+01     0.875115E+01
  0.884147E+01     0.886540E+01     0.876002E+01     0.884770E+01     0.869612E+01
  0.909704E+01     0.878184E+01     0.880634E+01     0.871337E+01     0.884492E+01
  0.878280E+01     0.897320E+01     0.891179E+01     0.890642E+01     0.860495E+01
  0.896277E+01     0.912598E+01     0.895634E+01     0.913195E+01     0.903730E+01
  0.915826E+01     0.910323E+01     0.912552E+01     0.896250E+01     0.916453E+01
  0.919832E+01     0.925126E+01     0.912858E+01     0.912492E+01     0.918229E+01
  0.915245E+01     0.936890E+01     0.924412E+01     0.914018E+01     0.915866E+01
  0.922505E+01     0.937571E+01     0.909136E+01     0.912515E+01     0.911366E+01
  0.929280E+01     0.945072E+01     0.894566E+01     0.938850E+01     0.937048E+01
  0.929226E+01     0.938244E+01     0.933490E+01     0.973161E+01     0.938405E+01
  0.950502E+01     0.921911E+01     0.938336E+01     0.963665E+01     0.932209E+01
  0.953883E+01     0.969408E+01     0.966723E+01     0.949846E+01     0.946213E+01
  0.935370E+01     0.939293E+01     0.968447E+01     0.946690E+01     0.976562E+01
  0.947642E+01     0.964579E+01     0.976947E+01     0.100358E+02     0.966003E+01
  0.973884E+01     0.995542E+01     0.991769E+01     0.100314E+02     0.995993E+01
  0.101409E+02     0.962633E+01     0.994264E+01     0.101289E+02     0.101731E+02
  0.987326E+01     0.101478E+02     0.989124E+01     0.988145E+01     0.101918E+02
  0.101869E+02     0.980352E+01     0.100622E+02     0.100140E+02     0.103468E+02
  0.101723E+02     0.100390E+02     0.101561E+02     0.101579E+02     0.103246E+02
  0.102339E+02     0.102377E+02     0.101406E+02     0.103172E+02     0.106892E+02
  0.101440E+02     0.103742E+02     0.101708E+02     0.103251E+02     0.104659E+02
  0.105360E+02     0.104322E+02     0.106889E+02     0.103610E+02     0.105553E+02
  0.104820E+02     0.109097E+02     0.109308E+02     0.107711E+02     0.108112E+02
  0.107259E+02     0.105853E+02     0.108560E+02     0.107651E+02     0.109697E+02
  0.108510E+02     0.110333E+02     0.108835E+02     0.110664E+02     0.112140E+02
  0.108748E+02     0.111295E+02     0.111624E+02     0.108394E+02     0.111018E+02
  0.111063E+02     0.112480E+02     0.111197E+02     0.114056E+02     0.113515E+02
  0.112336E+02     0.111349E+02     0.109204E+02     0.117498E+02     0.116609E+02
  0.116495E+02     0.114367E+02     0.116759E+02     0.120221E+02     0.117212E+02
  0.116972E+02     0.113742E+02     0.117097E+02     0.120108E+02     0.118695E+02
  0.115454E+02     0.117227E+02     0.120396E+02     0.118719E+02     0.118718E+02
  0.120564E+02     0.120100E+02     0.121592E+02     0.122274E+02     0.123378E+02
  0.122370E+02     0.122305E+02     0.121482E+02     0.123402E+02     0.126247E+02
  0.126121E+02     0.123161E+02     0.120165E+02     0.123879E+02     0.123488E+02
  0.125605E+02     0.125233E+02     0.128468E+02     0.122928E+02     0.127304E+02
  0.127459E+02     0.126951E+02     0.129597E+02     0.126603E+02     0.130640E+02
  0.133129E+02     0.131168E+02     0.128496E+02     0.129472E+02     0.129801E+02
  0.132999E+02     0.130422E+02     0.128336E+02     0.132042E+02     0.129683E+02
  0.130966E+02     0.131141E+02     0.133921E+02     0.134347E+02     0.134162E+02
  0.136400E+02     0.137385E+02     0.134028E+02     0.130129E+02     0.133865E+02
  0.139230E+02     0.139231E+02     0.134015E+02     0.135746E+02     0.137658E+02
  0.137527E+02     0.139337E+02     0.138648E+02     0.138203E+02     0.138852E+02
  0.142776E+02     0.137504E+02     0.138099E+02     0.140706E+02     0.140762E+02
  0.140460E+02     0.142838E+02     0.146659E+02     0.144384E+02     0.145108E+02
  0.143420E+02     0.144971E+02     0.147902E+02     0.148093E+02     0.148175E+02
  0.143318E+02     0.144449E+02     0.151468E+02     0.146936E+02     0.144643E+02
  0.150135E+02     0.150910E+02     0.149582E+02     0.153079E+02     0.153125E+02
  0.152331E+02     0.153570E+02     0.151500E+02     0.149791E+02     0.153453E+02
  0.152326E+02     0.155385E+02     0.153195E+02     0.158118E+02     0.156843E+02
  0.155245E+02     0.154873E+02     0.157408E+02     0.157603E+02     0.160718E+02
  0.155433E+02     0.158354E+02     0.160170E+02     0.159538E+02     0.158707E+02
  0.156195E+02     0.158483E+02     0.161012E+02     0.159698E+02     0.164395E+02
  0.167328E+02     0.163621E+02     0.162993E+02     0.166806E+02     0.165645E+02
  0.163992E+02     0.165353E+02     0.167582E+02     0.167948E+02     0.165824E+02
  0.166097E+02     0.166599E+02     0.168426E+02     0.166555E+02     0.169594E+02
  0.170160E+02     0.170555E+02     0.170358E+02     0.170524E+02     0.173851E+02
  0.170349E+02     0.177414E+02     0.172619E+02     0.179250E+02     0.174712E+02
  0.171019E+02     0.179131E+02     0.171632E+02     0.175493E+02     0.177187E+02
  0.175855E+02     0.181604E+02     0.177768E+02     0.175043E+02     0.186183E+02
  0.181886E+02     0.182184E+02     0.181602E+02     0.181880E+02     0.183644E+02
  0.185989E+02     0.184821E+02     0.183662E+02     0.184713E+02     0.178890E+02
  0.184261E+02     0.185522E+02     0.191518E+02     0.185226E+02     0.189052E+02
  0.193600E+02     0.187670E+02     0.186934E+02     0.187256E+02     0.191385E+02
  0.188714E+02     0.192275E+02     0.191578E+02     0.187113E+02     0.192049E+02
  0.192577E+02     0.196707E+02     0.194535E+02     0.197653E+02     0.193914E+02
  0.193650E+02     0.190919E+02     0.198320E+02     0.195654E+02     0.194881E+02
  0.195612E+02     0.196109E+02     0.197716E+02     0.198514E+02     0.195574E+02
  0.193876E+02     0.192350E+02     0.201380E+02     0.200134E+02     0.196444E+02
  0.199995E+02     0.197507E+02     0.195342E+02     0.197270E+02     0.198434E+02
  0.196615E+02     0.200195E+02     0.198437E+02     0.200635E+02     0.199896E+02
  0.207099E+02     0.202784E+02     0.205427E+02     0.204136E+02     0.200084E+02
  0.202274E+02     0.201860E+02     0.203367E+02     0.206159E+02     0.204996E+02
  0.200568E+02     0.204164E+02     0.201015E+02     0.206468E+02     0.210597E+02
  0.205180E+02     0.203883E+02     0.201473E+02     0.210895E+02     0.208667E+02
  0.208270E+02     0.207655E+02     0.210813E+02     0.206749E+02     0.209044E+02
  0.210301E+02     0.206656E+02     0.210701E+02     0.208755E+02     0.208563E+02
  0.207308E+02     0.212801E+02     0.209162E+02     0.204674E+02     0.211787E+02
  0.211782E+02     0.211611E+02     0.213073E+02     0.211050E+02     0.210651E+02
  0.211811E+02     0.212893E+02     0.213945E+02     0.213905E+02     0.211210E+02
  0.215416E+02     0.214916E+02     0.212613E+02     0.223941E+02     0.216802E+02
  0.219570E+02     0.212416E+02     0.218380E+02     0.211387E+02     0.215799E+02
  0.215124E+02     0.216931E+02     0.214835E+02     0.219266E+02     0.222785E+02
  0.219198E+02     0.211978E+02     0.216670E+02     0.216757E+02     0.220716E+02
  0.220550E+02     0.218310E+02     0.217274E+02     0.217563E+02     0.222603E+02
  0.214301E+02     0.217379E+02     0.214879E+02     0.224482E+02     0.221089E+02
  0.219913E+02     0.220429E+02     0.216506E+02     0.217932E+02     0.224474E+02
  0.222867E+02     0.221493E+02     0.224929E+02     0.215303E+02     0.222527E+02
  0.221862E+02     0.222288E+02     0.221014E+02     0.219710E+02     0.215926E+02
  0.217617E+02     0.222282E+02     0.221875E+02     0.223616E+02     0.221521E+02
  0.223077E+02     0.223387E+02     0.224940E+02     0.225382E+02     0.223157E+02
  0.221510E+02     0.222423E+02     0.229360E+02     0.221190E+02     0.221549E+02
  0.225462E+02     0.221240E+02     0.226866E+02     0.222689E+02     0.229780E+02
  0.230365E+02     0.225892E+02     0.223448E+02     0.224410E+02     0.226648E+02
  0.220638E+02     0.231634E+02     0.225706E+02     0.226284E+02     0.221480E+02
  0.226433E+02     0.218176E+02     0.224503E+02     0.228281E+02     0.227286E+02
  0.222150E+02     0.223698E+02     0.226678E+02     0.219329E+02     0.226041E+02
  0.227958E+02     0.223992E+02     0.226654E+02     0.226315E+02     0.232541E+02
  0.227885E+02     0.223331E+02     0.221622E+02     0.224590E+02     0.220720E+02
  0.223920E+02     0.225594E+02     0.227742E+02     0.227236E+02     0.226711E+02
  0.225268E+02     0.226625E+02     0.234599E+02     0.224103E+02     0.225884E+02
  0.225322E+02     0.223904E+02     0.222926E+02     0.223137E+02     0.222705E+02
  0.228087E+02     0.224736E+02     0.224838E+02     0.226030E+02     0.224223E+02
  0.224300E+02     0.223589E+02     0.223865E+02     0.226961E+02     0.229254E+02
  0.226621E+02     0.223778E+02     0.221258E+02     0.222343E+02     0.219498E+02
  0.224753E+02     0.220149E+02     0.224330E+02     0.221670E+02     0.215940E+02
  0.218454E+02     0.219872E+02     0.217119E+02     0.217316E+02     0.216197E+02
  0.220946E+02     0.222061E+02     0.222560E+02     0.219870E+02     0.211298E+02
  0.215427E+02     0.221177E+02     0.219723E+02     0.219727E+02     0.223444E+02
  0.221792E+02     0.218261E+02     0.213874E+02     0.221250E+02     0.219178E+02
  0.218994E+02     0.218695E+02     0.221345E+02     0.212758E+02     0.221268E+02
  0.218215E+02     0.213555E+02     0.218141E+02     0.218063E+02     0.214220E+02
  0.219942E+02     0.212063E+02     0.209187E+02     0.210214E+02     0.212405E+02
  0.217424E+02     0.219531E+02     0.212893E+02     0.214639E+02     0.212980E+02
  0.217561E+02     0.216275E+02     0.214076E+02     0.210967E+02     0.212535E+02
  0.207373E+02     0.214260E+02     0.211482E+02     0.215949E+02     0.216419E+02
  0.211588E+02     0.213785E+02     0.209519E+02     0.211499E+02     0.210575E+02
  0.208169E+02     0.215126E+02     0.207529E+02     0.207142E+02     0.216856E+02
  0.211539E+02     0.208001E+02     0.211109E+02     0.208479E+02     0.197913E+02
  0.216323E+02     0.204741E+02     0.200895E+02     0.202235E+02     0.207735E+02
  0.205841E+02     0.204116E+02     0.196908E+02     0.208897E+02     0.212550E+02
  0.203094E+02     0.197033E+02     0.204391E+02     0.208237E+02     0.208206E+02
  0.195975E+02     0.203885E+02     0.197495E+02     0.201539E+02     0.204079E+02
  0.198238E+02     0.201270E+02     0.200258E+02     0.205292E+02     0.201311E+02
  0.198977E+02     0.199583E+02     0.195801E+02     0.206328E+02     0.197234E+02
  0.199148E+02     0.189647E+02     0.193243E+02     0.196607E+02     0.195421E+02
  0.192859E+02     0.199649E+02     0.195340E+02     0.193946E+02     0.199047E+02
  0.201423E+02     0.197826E+02     0.195597E+02     0.197074E+02     0.196143E+02
  0.193068E+02     0.185817E+02     0.195122E+02     0.186325E+02     0.197363E+02
  0.187778E+02     0.190185E+02     0.191268E+02     0.191437E+02     0.183207E+02
  0.188875E+02     0.191394E+02     0.186198E+02     0.195812E+02     0.191924E+02
  0.196507E+02     0.185907E+02     0.188172E+02     0.190735E+02     0.190466E+02
  0.183929E+02     0.181551E+02     0.182912E+02     0.182513E+02     0.183093E+02
  0.183433E+02     0.184450E+02     0.181503E+02     0.182753E+02     0.186787E+02
  0.189380E+02     0.179375E+02     0.182027E+02     0.181226E+02     0.180854E+02
  0.191745E+02     0.179685E+02     0.171897E+02     0.180576E+02     0.181855E+02
  0.182748E+02     0.179056E+02     0.180158E+02     0.178401E+02     0.177245E+02
  0.184706E+02     0.174418E+02     0.177647E+02     0.176601E+02     0.177814E+02
  0.173507E+02     0.183823E+02     0.180314E+02     0.176636E+02     0.171323E+02
  0.177129E+02     0.174358E+02     0.170776E+02     0.172400E+02     0.180059E+02
  0.171493E+02     0.181830E+02     0.178634E+02     0.169422E+02     0.182576E+02
  0.175932E+02     0.179227E+02     0.173276E+02     0.173864E+02     0.170403E+02
  0.170549E+02     0.172766E+02     0.173580E+02     0.170141E+02     0.169693E+02
  0.172048E+02     0.167933E+02     0.166312E+02     0.166312E+02     0.172595E+02
  0.172818E+02     0.165883E+02     0.162913E+02     0.170683E+02     0.161854E+02
  0.165760E+02     0.160418E+02     0.167942E+02     0.171296E+02     0.164104E+02
  0.162679E+02     0.164027E+02     0.164177E+02     0.162576E+02     0.166107E+02
  0.165251E+02     0.166034E+02     0.161503E+02     0.159031E+02     0.164370E+02
  0.164442E+02     0.159399E+02     0.160922E+02
 eigen energies, in ev
    -45.722834       -45.550183       -45.299547       -44.819952       -44.730873
    -28.520575       -28.370011       -28.289824       -28.242277       -27.947052
    -27.907807       -27.897726       -27.880511       -27.870736       -27.848986
    -27.816181       -27.792343       -27.783301       -27.759726       -27.751979
    -27.709329       -27.689691       -27.676385       -27.662660       -27.625593
    -27.607575       -27.575331       -27.568133       -27.535479       -27.512344
    -27.433703       -27.421932       -27.412002       -27.377313       -27.369801
    -27.352725       -27.348378       -27.339814       -27.314111       -27.290589
    -27.204117       -27.198297       -27.186172       -27.169029       -27.163764
    -27.133347       -27.099586       -27.074832       -27.060069       -27.045021
    -27.032860       -27.015569       -27.005914       -26.995365       -26.974603
    -26.914276       -26.862036       -26.847000       -26.820984       -26.808457
    -26.792015       -26.777329       -26.772046       -26.757863       -26.755826
    -26.740630       -26.723808       -26.711568       -26.661908       -26.650660
    -26.550232       -26.544976       -26.527250       -26.510243       -26.473105
    -26.468376       -26.322616       -26.316541       -26.308955       -26.290668
    -26.271346       -26.217351       -26.174649       -26.151477       -26.143964
    -26.112844       -26.109761       -26.103787       -26.095003       -26.074510
    -26.066997       -26.061050       -26.047991       -26.016181       -25.996717
    -25.981892       -25.926564       -25.911739       -25.875724       -25.864490
    -25.816594       -25.805749       -25.801002       -25.799705       -25.792455
    -25.779342       -25.771318       -25.756706       -25.750239       -25.743155
    -25.734548       -25.732871       -25.721200       -25.652200       -25.633393
    -25.622381       -25.616762       -25.609048       -25.594333       -25.582685
    -25.576058       -25.561758       -25.531474       -25.520516       -25.510177
    -25.508428       -25.456240       -25.452975       -25.399259       -25.392354
    -25.344833       -25.325781       -25.319496       -25.317914       -25.296100
    -25.264419       -25.258994       -25.246180       -25.238592       -25.222893
    -25.174511       -25.131194       -25.128642       -25.083976       -25.060513
    -25.010898       -24.966019       -24.957115       -24.815508       -24.802378
    -24.786917       -24.531693       -24.527874       -24.340598       -24.318183
    -24.240689       -24.158658       -24.102406       -24.077773       -23.968185
    -23.958177       -23.936909       -23.870208       -23.855806       -23.756696
    -23.708706       -23.491357       -23.433423       -23.430410       -23.417818
    -23.378192       -23.367002       -23.186991       -23.125967       -23.008440
    -22.977082       -22.957512       -22.855624       -22.820161       -22.770079
    -22.754467       -22.642853       -22.619078       -22.500501       -22.490944
    -22.477679       -22.459440       -22.356088       -22.277305       -22.115332
    -20.600799       -19.899554       -19.634818       -19.274695       -19.240160
    -18.940239       -18.421482       -18.126502       -18.054005       -17.949011
    -17.936665       -17.905258       -17.900843       -17.707309       -17.637061
    -17.555564       -17.281587       -17.134067       -17.096295       -17.021584
    -16.987488       -16.916052       -16.829145       -16.798419       -16.789358
    -16.721880       -16.508010       -16.422547       -16.385577       -16.251849
    -16.243416       -16.224000       -16.110388       -16.090592       -16.052397
    -15.974507       -15.942420       -15.801658       -15.470581       -15.174774
    -14.911348       -14.740070       -14.669467       -14.590795       -14.558713
    -14.540040       -14.505713       -14.328902       -14.311076       -14.286648
    -14.269198       -14.245871       -14.219398       -14.163587       -14.143390
    -14.111700       -14.080404       -14.051052       -13.994406       -13.971740
    -13.952664       -13.940822       -13.892452       -13.849966       -13.833524
    -13.823236       -13.816775       -13.724876       -13.712280       -13.633555
    -13.530540       -13.503356       -13.486497       -13.481046       -13.462478
    -13.392010       -13.298344       -13.276202       -13.229650       -13.217015
    -13.163924       -13.087386       -12.989159       -12.961883       -12.898678
    -12.809918       -12.269843       -12.246139       -12.211151       -12.172267
    -12.148917       -12.059404       -12.017643       -11.986585       -11.973003
    -11.907121       -11.837290       -11.801655       -11.776899       -11.761425
    -11.681743       -11.534531       -11.521511       -11.507076       -11.495360
    -11.477574       -11.447042       -11.388443       -11.383434       -11.366945
    -11.356618       -11.329694       -11.323024       -11.295659       -11.276370
    -11.229408       -11.219804       -11.154347       -11.118139       -11.091127
    -11.079933       -11.073035       -11.033811       -11.000662       -10.984548
    -10.941708       -10.906106       -10.893583       -10.884284       -10.866507
    -10.839348       -10.824202       -10.812680       -10.789795       -10.775517
    -10.751142       -10.739453       -10.722621       -10.704571       -10.666660
    -10.599631       -10.591691       -10.565857       -10.489611       -10.450229
    -10.393981       -10.357676       -10.316235       -10.288841       -10.277982
    -10.237998       -10.233043       -10.202379       -10.190854       -10.174562
    -10.165311       -10.149934       -10.138969       -10.110981       -10.104407
    -10.089739       -10.079931       -10.069300       -10.063748       -10.051273
    -10.036201       -10.018027       -10.005795        -9.986971        -9.967317
     -9.937682        -9.920983        -9.908994        -9.890202        -9.880145
     -9.868403        -9.856216        -9.835765        -9.828806        -9.816155
     -9.810326        -9.800161        -9.783581        -9.767773        -9.766134
     -9.750220        -9.738153        -9.722313        -9.711996        -9.697455
     -9.682849        -9.675231        -9.662347        -9.642234        -9.633770
     -9.620363        -9.612619        -9.596250        -9.586661        -9.567360
     -9.548773        -9.540994        -9.531265        -9.524629        -9.518364
     -9.502957        -9.480934        -9.472577        -9.469449        -9.451020
     -9.434777        -9.429649        -9.420027        -9.402978        -9.392164
     -9.383102        -9.365235        -9.359846        -9.351373        -9.334416
     -9.313834        -9.296440        -9.291407        -9.275568        -9.254102
     -9.241388        -9.233048        -9.221360        -9.190717        -9.184344
     -9.162662        -9.156334        -9.139267        -9.132327        -9.115639
     -9.101077        -9.087716        -9.080369        -9.072173        -9.055860
     -9.041343        -9.033289        -9.023883        -9.012601        -8.996991
     -8.989964        -8.978915        -8.968283        -8.954124        -8.941637
     -8.911848        -8.898358        -8.896282        -8.881531        -8.863563
     -8.854196        -8.833005        -8.827674        -8.821677        -8.808152
     -8.800641        -8.781100        -8.773152        -8.761204        -8.745930
     -8.736340        -8.723953        -8.710568        -8.690281        -8.680137
     -8.660315        -8.656455        -8.646047        -8.629937        -8.614931
     -8.605642        -8.592287        -8.586091        -8.563286        -8.547297
     -8.535512        -8.515759        -8.507996        -8.495742        -8.482104
     -8.469978        -8.449376        -8.432159        -8.422941        -8.412853
     -8.389405        -8.373494        -8.364125        -8.340624        -8.333631
     -8.319809        -8.306341        -8.298797        -8.291915        -8.282706
     -8.268648        -8.255813        -8.232834        -8.228821        -8.218176
     -8.191862        -8.182454        -8.165286        -8.147532        -8.141783
     -8.132068        -8.114922        -8.089628        -8.080614        -8.068539
     -8.058259        -8.039232        -8.022631        -8.013944        -7.993554
     -7.979104        -7.957211        -7.940061        -7.928012        -7.915673
     -7.886188        -7.876522        -7.869981        -7.859277        -7.842959
     -7.825382        -7.820647        -7.806180        -7.787824        -7.769400
     -7.762769        -7.755511        -7.727068        -7.718432        -7.701417
     -7.692489        -7.666726        -7.653976        -7.646071        -7.635690
     -7.612940        -7.595391        -7.591028        -7.573138        -7.556674
     -7.538378        -7.524243        -7.499519        -7.480093        -7.466756
     -7.447359        -7.439472        -7.435108        -7.419045        -7.401801
     -7.389745        -7.373763        -7.360718        -7.349754        -7.325342
     -7.309770        -7.301021        -7.279413        -7.260215        -7.247333
     -7.237800        -7.212861        -7.201928        -7.190066        -7.173542
     -7.153368        -7.148664        -7.126873        -7.112985        -7.089467
     -7.078052        -7.065784        -7.033097        -7.017517        -7.007542
     -6.985328        -6.973428        -6.951156        -6.938439        -6.914411
     -6.890572        -6.874763        -6.853696        -6.821215        -6.813578
     -6.797637        -6.764099        -6.746098        -6.734752        -6.703538
     -6.669038        -6.650884        -6.643800        -6.625669        -6.616344
     -6.595291        -6.561599        -6.534946        -6.513268        -6.501931
     -6.474059        -6.464069        -6.438146        -6.409529        -6.402292
     -6.394487        -6.372440        -6.342585        -6.320823        -6.307552
     -6.296867        -6.275243        -6.224327        -6.212293        -6.189132
     -6.170522        -6.158713        -6.135215        -6.113220        -6.105680
     -6.074156        -6.053751        -6.033882        -6.007770        -5.990115
     -5.981965        -5.958210        -5.937869        -5.919903        -5.889803
     -5.872979        -5.847102        -5.840350        -5.819628        -5.797711
     -5.777875        -5.755874        -5.728363        -5.705254        -5.693056
     -5.666256        -5.639205        -5.622212        -5.605139        -5.596245
     -5.578307        -5.568556        -5.528528        -5.522899        -5.498394
     -5.483391        -5.468249        -5.463243        -5.435798        -5.416108
     -5.400123        -5.385774        -5.371299        -5.360243        -5.336087
     -5.324503        -5.303730        -5.284287        -5.275875        -5.252184
     -5.237068        -5.213392        -5.201818        -5.181493        -5.164015
     -5.152709        -5.139398        -5.123560        -5.099444        -5.089886
     -5.069623        -5.057636        -5.043895        -5.030874        -5.020776
     -4.999194        -4.986564        -4.965127        -4.949463        -4.924561
     -4.917595        -4.902603        -4.874063        -4.862520        -4.846275
     -4.828636        -4.824093        -4.811524        -4.804123        -4.790011
     -4.767044        -4.750344        -4.732378        -4.709699        -4.702259
     -4.686606        -4.662584        -4.649667        -4.628278        -4.613873
     -4.602102        -4.595629        -4.586514        -4.566189        -4.543243
     -4.539594        -4.522017        -4.502834        -4.482984        -4.472500
     -4.458118        -4.433951        -4.429052        -4.412751        -4.392370
     -4.378145        -4.358057        -4.344442        -4.325142        -4.310866
     -4.299287        -4.287474        -4.276160        -4.261286        -4.249515
     -4.235940        -4.219685        -4.203643        -4.187893        -4.177227
     -4.169023        -4.136275        -4.123238        -4.108857        -4.094730
     -4.074543        -4.067523        -4.053321        -4.042624        -4.017385
     -4.003161        -3.983980        -3.975326        -3.951830        -3.923871
     -3.914898        -3.907833        -3.884881        -3.863693        -3.839669
     -3.832022        -3.813947        -3.796374        -3.784861        -3.768693
     -3.742172        -3.737372        -3.726952        -3.706446        -3.690453
     -3.684982        -3.653235        -3.647534        -3.630132        -3.603584
     -3.598379        -3.573544        -3.555456        -3.542104        -3.527995
     -3.520656        -3.509060        -3.484535        -3.466452        -3.440638
     -3.435302        -3.421243        -3.408440        -3.382247        -3.366379
     -3.345327        -3.335207        -3.316379        -3.296719        -3.275668
     -3.262853        -3.247220        -3.210226        -3.200375        -3.179694
     -3.171852        -3.143798        -3.124377        -3.102869        -3.092446
     -3.060534        -3.046887        -3.018994        -2.999414        -2.983712
     -2.972399        -2.956274        -2.932018        -2.914320        -2.892535
     -2.877391        -2.843879        -2.819188        -2.809859        -2.797835
     -2.753788        -2.737076        -2.711635        -2.692466        -2.660192
     -2.648875        -2.624834        -2.600301        -2.580569        -2.559830
     -2.548433        -2.508888        -2.483418        -2.466308        -2.433069
     -2.429246        -2.405375        -2.395212        -2.368035        -2.346938
     -2.317976        -2.296813        -2.273040        -2.260324        -2.226567
     -2.203293        -2.191261        -2.158184        -2.145876        -2.120526
     -2.095270        -2.044592        -2.028424        -1.997805        -1.981653
     -1.943196        -1.912888        -1.892294        -1.873038        -1.850210
     -1.816340        -1.804361        -1.761994        -1.748904        -1.705414
     -1.689250        -1.665303        -1.643362        -1.619735        -1.554749
     -1.531171        -1.510716        -1.494063        -1.441257        -1.419639
     -1.384391        -1.363518        -1.326045        -1.316098        -1.271329
     -1.212131        -1.197600        -1.165596        -1.104365        -1.084126
     -1.034235        -0.975271        -0.961002        -0.932163        -0.906852
     -0.860108        -0.842331        -0.772719        -0.735412        -0.704363
     -0.664801        -0.607638        -0.555646        -0.484824        -0.430315
     -0.369971        -0.350926        -0.291670        -0.243430        -0.227525
     -0.165186        -0.134706        -0.085145         0.008113         0.040488
      0.062938         0.100280         0.160759         0.281346         0.334110
      0.387367         0.462329         0.499283         0.606382         0.649016
      0.693276         0.755769         0.869964         0.944728         1.018007
      1.145033         1.218968         1.294562         1.384959         1.446212
      1.504437         1.621568         1.717257         1.747583         1.916571
      1.993618         2.118135         2.133899         2.257126         2.300910
      2.441466         2.543899         2.597761         2.730561         2.780112
      2.923473         3.044631         3.169617         3.219835         3.267358
      3.386590         3.497173         3.638224         3.737553         3.841511
      3.909843         4.025004         4.144526         4.190810         4.318697
      4.388217         4.540059         4.607029         4.674806         4.733627
      4.788333         4.895142         5.042259         5.097218         5.128568
      5.197364         5.271571         5.305156         5.482346         5.567057
      5.603831         5.726208         5.765541         5.811944         5.887371
      5.992277         6.038884         6.090257         6.159512         6.246077
      6.292428         6.371385         6.418938         6.454073         6.503044
      6.591362         6.654595         6.696919         6.747152         6.784909
      6.841772         6.874320         6.915180         6.978334         7.038856
      7.136869         7.186908         7.258858         7.293696         7.314918
      7.412918         7.461734         7.487598         7.547731         7.647795
      7.672751         7.716422         7.828561         7.902296         7.928835
      7.965013         7.989840         8.077383         8.133661         8.235742
      8.329953         8.347432         8.396169         8.467071         8.580205
      8.618728         8.670187         8.756851         8.831747         8.972827
      9.000758         9.154115         9.308472
 *********************************
 sum eigen(dbl occ, ryd)=  -1437.22129144913     
 *********************************
 One SCF use:    81.1434879302979       s
 *********************************
 ****** kpt=           1
 err of each states, eV
  0.300663E+01     0.301066E+01     0.301967E+01     0.299920E+01     0.314647E+01
  0.140138E+01     0.121018E+01     0.120080E+01     0.118124E+01     0.120760E+01
  0.111758E+01     0.120368E+01     0.121682E+01     0.116611E+01     0.123217E+01
  0.114656E+01     0.117479E+01     0.119842E+01     0.120514E+01     0.113041E+01
  0.115861E+01     0.121048E+01     0.121477E+01     0.119184E+01     0.102688E+01
  0.113404E+01     0.118261E+01     0.116718E+01     0.110813E+01     0.119765E+01
  0.125534E+01     0.114325E+01     0.125102E+01     0.116662E+01     0.113880E+01
  0.111445E+01     0.108859E+01     0.109299E+01     0.113326E+01     0.102531E+01
  0.106855E+01     0.107659E+01     0.114500E+01     0.112278E+01     0.117265E+01
  0.114027E+01     0.106510E+01     0.105000E+01     0.111530E+01     0.106757E+01
  0.103302E+01     0.106721E+01     0.111926E+01     0.112908E+01     0.101237E+01
  0.105181E+01     0.105784E+01     0.109745E+01     0.101895E+01     0.101383E+01
  0.106183E+01     0.117170E+01     0.106017E+01     0.101642E+01     0.102876E+01
  0.100136E+01     0.105840E+01     0.121090E+01     0.116043E+01     0.104650E+01
  0.969308E+00     0.900089E+00     0.103870E+01     0.108503E+01     0.931515E+00
  0.946066E+00     0.929014E+00     0.891072E+00     0.115868E+01     0.101624E+01
  0.874290E+00     0.119160E+01     0.855728E+00     0.113687E+01     0.105307E+01
  0.104569E+01     0.812470E+00     0.891619E+00     0.100932E+01     0.895455E+00
  0.918220E+00     0.877712E+00     0.853690E+00     0.872026E+00     0.113686E+01
  0.808978E+00     0.882758E+00     0.859917E+00     0.780792E+00     0.893469E+00
  0.845720E+00     0.959617E+00     0.815489E+00     0.107416E+01     0.853112E+00
  0.813417E+00     0.899135E+00     0.109869E+01     0.931306E+00     0.956765E+00
  0.939919E+00     0.946365E+00     0.953469E+00     0.827430E+00     0.873030E+00
  0.105730E+01     0.112723E+01     0.843709E+00     0.825691E+00     0.994918E+00
  0.954349E+00     0.842268E+00     0.784741E+00     0.789108E+00     0.828035E+00
  0.816497E+00     0.799697E+00     0.783536E+00     0.832022E+00     0.929025E+00
  0.769066E+00     0.753393E+00     0.811112E+00     0.826221E+00     0.745531E+00
  0.991125E+00     0.954011E+00     0.110655E+01     0.830244E+00     0.857680E+00
  0.804332E+00     0.776830E+00     0.747598E+00     0.742702E+00     0.753807E+00
  0.767269E+00     0.115479E+01     0.890756E+00     0.717503E+00     0.735619E+00
  0.111398E+01     0.113840E+01     0.114750E+01     0.953606E+00     0.116433E+01
  0.117225E+01     0.114529E+01     0.100714E+01     0.982174E+00     0.952754E+00
  0.924582E+00     0.978169E+00     0.114070E+01     0.120660E+01     0.121807E+01
  0.797631E+00     0.912219E+00     0.765724E+00     0.749766E+00     0.779867E+00
  0.827597E+00     0.110538E+01     0.853425E+00     0.763291E+00     0.764969E+00
  0.797160E+00     0.111679E+01     0.770570E+00     0.114732E+01     0.118043E+01
  0.781007E+00     0.700405E+00     0.735083E+00     0.839780E+00     0.946759E+00
  0.766186E+00     0.710967E+00     0.749644E+00     0.109564E+01     0.111012E+01
  0.873515E+00     0.757297E+00     0.800573E+00     0.816962E+00     0.767337E+00
  0.139081E+01     0.124320E+01     0.127307E+01     0.126067E+01     0.124115E+01
  0.112480E+01     0.116802E+01     0.134372E+01     0.112332E+01     0.894493E+00
  0.136373E+01     0.674812E+00     0.645001E+00     0.612911E+00     0.643141E+00
  0.652064E+00     0.631263E+00     0.653467E+00     0.136915E+01     0.896272E+00
  0.143074E+01     0.642595E+00     0.144137E+01     0.153632E+01     0.145691E+01
  0.149941E+01     0.158412E+01     0.173083E+01     0.163976E+01     0.167201E+01
  0.158830E+01     0.147214E+01     0.159494E+01     0.170825E+01     0.173093E+01
  0.194269E+01     0.181000E+01     0.191172E+01     0.183531E+01     0.190258E+01
  0.178150E+01     0.185844E+01     0.185853E+01     0.202557E+01     0.192582E+01
  0.196230E+01     0.204920E+01     0.200991E+01     0.188784E+01     0.198302E+01
  0.186049E+01     0.173057E+01     0.175798E+01     0.172229E+01     0.183281E+01
  0.185842E+01     0.199510E+01     0.195109E+01     0.182956E+01     0.194502E+01
  0.176000E+01     0.181331E+01     0.188599E+01     0.168821E+01     0.172818E+01
  0.180447E+01     0.201427E+01     0.170259E+01     0.178911E+01     0.204425E+01
  0.194276E+01     0.174159E+01     0.185419E+01     0.192539E+01     0.178369E+01
  0.179092E+01     0.184895E+01     0.182541E+01     0.190686E+01     0.178301E+01
  0.209714E+01     0.162682E+01     0.165832E+01     0.181800E+01     0.180072E+01
  0.189770E+01     0.166922E+01     0.182143E+01     0.185442E+01     0.228359E+01
  0.228846E+01     0.222880E+01     0.238311E+01     0.200122E+01     0.215810E+01
  0.222830E+01     0.186989E+01     0.214278E+01     0.214165E+01     0.220975E+01
  0.227301E+01     0.235840E+01     0.215073E+01     0.217681E+01     0.226667E+01
  0.223292E+01     0.226192E+01     0.227145E+01     0.236874E+01     0.236259E+01
  0.227347E+01     0.225703E+01     0.221884E+01     0.219470E+01     0.220593E+01
  0.215177E+01     0.224222E+01     0.209794E+01     0.173499E+01     0.203866E+01
  0.198233E+01     0.215236E+01     0.217011E+01     0.223982E+01     0.193820E+01
  0.199048E+01     0.209660E+01     0.202245E+01     0.211852E+01     0.213282E+01
  0.209705E+01     0.218946E+01     0.209925E+01     0.215094E+01     0.221374E+01
  0.208863E+01     0.209659E+01     0.202276E+01     0.207584E+01     0.214451E+01
  0.213098E+01     0.211985E+01     0.184302E+01     0.150525E+01     0.170464E+01
  0.185776E+01     0.204313E+01     0.196196E+01     0.214315E+01     0.208668E+01
  0.200375E+01     0.184262E+01     0.212818E+01     0.198504E+01     0.185539E+01
  0.179627E+01     0.178425E+01     0.193805E+01     0.192061E+01     0.181097E+01
  0.188162E+01     0.188825E+01     0.195101E+01     0.200279E+01     0.216444E+01
  0.188347E+01     0.200287E+01     0.205871E+01     0.220522E+01     0.206604E+01
  0.219140E+01     0.211181E+01     0.182742E+01     0.218457E+01     0.200747E+01
  0.190128E+01     0.211956E+01     0.192629E+01     0.212053E+01     0.194895E+01
  0.212556E+01     0.195772E+01     0.216233E+01     0.197831E+01     0.204788E+01
  0.207070E+01     0.201711E+01     0.209409E+01     0.206364E+01     0.209516E+01
  0.210409E+01     0.213476E+01     0.225423E+01     0.213619E+01     0.218494E+01
  0.227368E+01     0.227404E+01     0.223387E+01     0.225078E+01     0.225771E+01
  0.233383E+01     0.232916E+01     0.227082E+01     0.234098E+01     0.224286E+01
  0.233764E+01     0.228589E+01     0.219939E+01     0.220576E+01     0.219649E+01
  0.234747E+01     0.235707E+01     0.238818E+01     0.231814E+01     0.238472E+01
  0.238015E+01     0.225455E+01     0.227859E+01     0.232929E+01     0.219023E+01
  0.231521E+01     0.236272E+01     0.221412E+01     0.226659E+01     0.230700E+01
  0.214527E+01     0.238798E+01     0.241326E+01     0.219290E+01     0.216971E+01
  0.198379E+01     0.224242E+01     0.220665E+01     0.227797E+01     0.229926E+01
  0.218900E+01     0.204158E+01     0.207202E+01     0.206114E+01     0.215115E+01
  0.219135E+01     0.216247E+01     0.229675E+01     0.215192E+01     0.211526E+01
  0.226804E+01     0.213455E+01     0.225129E+01     0.221535E+01     0.223879E+01
  0.213507E+01     0.217049E+01     0.206704E+01     0.223399E+01     0.236851E+01
  0.231408E+01     0.222091E+01     0.210700E+01     0.225275E+01     0.232932E+01
  0.213950E+01     0.208364E+01     0.236513E+01     0.224781E+01     0.235218E+01
  0.220310E+01     0.233354E+01     0.234741E+01     0.216766E+01     0.225957E+01
  0.218879E+01     0.230569E+01     0.234831E+01     0.243801E+01     0.228462E+01
  0.225944E+01     0.234541E+01     0.232609E+01     0.222055E+01     0.235630E+01
  0.232930E+01     0.224711E+01     0.242880E+01     0.237794E+01     0.228177E+01
  0.232647E+01     0.227006E+01     0.243432E+01     0.232300E+01     0.231374E+01
  0.222615E+01     0.236680E+01     0.242936E+01     0.235129E+01     0.237832E+01
  0.221327E+01     0.222626E+01     0.217142E+01     0.201767E+01     0.219612E+01
  0.215387E+01     0.236958E+01     0.240691E+01     0.217842E+01     0.206756E+01
  0.229122E+01     0.208228E+01     0.236155E+01     0.232478E+01     0.217564E+01
  0.237294E+01     0.202328E+01     0.231852E+01     0.242216E+01     0.222415E+01
  0.228930E+01     0.238895E+01     0.244903E+01     0.233203E+01     0.241998E+01
  0.242629E+01     0.229566E+01     0.231959E+01     0.236213E+01     0.212683E+01
  0.235879E+01     0.242420E+01     0.231545E+01     0.242463E+01     0.234139E+01
  0.245830E+01     0.240577E+01     0.250871E+01     0.238126E+01     0.248203E+01
  0.239169E+01     0.245796E+01     0.257574E+01     0.252298E+01     0.229712E+01
  0.241372E+01     0.260333E+01     0.259416E+01     0.237210E+01     0.258298E+01
  0.227777E+01     0.252449E+01     0.234108E+01     0.257735E+01     0.254108E+01
  0.250964E+01     0.239880E+01     0.251733E+01     0.246796E+01     0.258392E+01
  0.256270E+01     0.240634E+01     0.260967E+01     0.272062E+01     0.243670E+01
  0.266307E+01     0.265108E+01     0.247875E+01     0.229838E+01     0.253879E+01
  0.241215E+01     0.251828E+01     0.260125E+01     0.254791E+01     0.262649E+01
  0.272440E+01     0.246423E+01     0.254980E+01     0.264224E+01     0.259589E+01
  0.282297E+01     0.270293E+01     0.253103E+01     0.239993E+01     0.259502E+01
  0.257018E+01     0.254820E+01     0.270997E+01     0.253762E+01     0.264646E+01
  0.275385E+01     0.261932E+01     0.258353E+01     0.259573E+01     0.271834E+01
  0.263576E+01     0.265492E+01     0.249957E+01     0.269225E+01     0.240238E+01
  0.261503E+01     0.273491E+01     0.257045E+01     0.252761E+01     0.246897E+01
  0.250270E+01     0.246941E+01     0.238506E+01     0.251624E+01     0.211132E+01
  0.249263E+01     0.238586E+01     0.248694E+01     0.242914E+01     0.223457E+01
  0.254793E+01     0.250174E+01     0.237352E+01     0.237282E+01     0.224891E+01
  0.233976E+01     0.233632E+01     0.237002E+01     0.236198E+01     0.230595E+01
  0.230668E+01     0.220982E+01     0.250101E+01     0.222201E+01     0.219071E+01
  0.237608E+01     0.226768E+01     0.236020E+01     0.247310E+01     0.222436E+01
  0.234702E+01     0.231812E+01     0.235607E+01     0.227967E+01     0.234047E+01
  0.227748E+01     0.211466E+01     0.221098E+01     0.226831E+01     0.233744E+01
  0.235564E+01     0.239011E+01     0.227518E+01     0.222601E+01     0.221748E+01
  0.223834E+01     0.229418E+01     0.233134E+01     0.235925E+01     0.228476E+01
  0.229139E+01     0.224215E+01     0.226862E+01     0.221779E+01     0.224221E+01
  0.236521E+01     0.223664E+01     0.230179E+01     0.220084E+01     0.235151E+01
  0.239618E+01     0.236987E+01     0.227898E+01     0.226339E+01     0.233339E+01
  0.230159E+01     0.232000E+01     0.237551E+01     0.228883E+01     0.228874E+01
  0.224524E+01     0.222979E+01     0.227616E+01     0.222395E+01     0.228767E+01
  0.227356E+01     0.223276E+01     0.239071E+01     0.233265E+01     0.230102E+01
  0.226800E+01     0.228581E+01     0.232571E+01     0.240165E+01     0.223074E+01
  0.227834E+01     0.221022E+01     0.232337E+01     0.236403E+01     0.233322E+01
  0.231521E+01     0.226927E+01     0.234055E+01     0.225538E+01     0.230362E+01
  0.237072E+01     0.228689E+01     0.235415E+01     0.235316E+01     0.232282E+01
  0.234739E+01     0.229918E+01     0.239894E+01     0.235958E+01     0.222510E+01
  0.238435E+01     0.237289E+01     0.239405E+01     0.226718E+01     0.232843E+01
  0.234173E+01     0.235201E+01     0.233664E+01     0.243194E+01     0.230411E+01
  0.229392E+01     0.236462E+01     0.233607E+01     0.246163E+01     0.241890E+01
  0.240633E+01     0.240440E+01     0.241132E+01     0.251972E+01     0.237424E+01
  0.227006E+01     0.242330E+01     0.246527E+01     0.245607E+01     0.242246E+01
  0.251711E+01     0.246346E+01     0.250074E+01     0.251247E+01     0.254890E+01
  0.245554E+01     0.245328E+01     0.249871E+01     0.251184E+01     0.251063E+01
  0.245194E+01     0.245056E+01     0.249628E+01     0.262488E+01     0.244849E+01
  0.253471E+01     0.258182E+01     0.251627E+01     0.262839E+01     0.256893E+01
  0.271166E+01     0.254139E+01     0.266868E+01     0.262568E+01     0.251738E+01
  0.262280E+01     0.267352E+01     0.260902E+01     0.256542E+01     0.273497E+01
  0.272552E+01     0.265974E+01     0.266881E+01     0.268234E+01     0.284916E+01
  0.270421E+01     0.277040E+01     0.266293E+01     0.262547E+01     0.271356E+01
  0.264250E+01     0.268715E+01     0.276590E+01     0.278869E+01     0.280312E+01
  0.273145E+01     0.280452E+01     0.283019E+01     0.280418E+01     0.273284E+01
  0.287467E+01     0.276030E+01     0.282299E+01     0.275210E+01     0.284407E+01
  0.292750E+01     0.299763E+01     0.285396E+01     0.287747E+01     0.281950E+01
  0.289699E+01     0.288092E+01     0.291754E+01     0.294613E+01     0.292885E+01
  0.300654E+01     0.299449E+01     0.301769E+01     0.304842E+01     0.300949E+01
  0.309022E+01     0.304473E+01     0.312447E+01     0.310577E+01     0.300317E+01
  0.311227E+01     0.310881E+01     0.314622E+01     0.312417E+01     0.317430E+01
  0.325278E+01     0.317253E+01     0.302187E+01     0.330450E+01     0.318269E+01
  0.334815E+01     0.324178E+01     0.326326E+01     0.335427E+01     0.320150E+01
  0.324767E+01     0.332886E+01     0.336629E+01     0.332241E+01     0.324550E+01
  0.333156E+01     0.338895E+01     0.340233E+01     0.334823E+01     0.337376E+01
  0.343954E+01     0.344881E+01     0.344287E+01     0.354606E+01     0.351964E+01
  0.342031E+01     0.338851E+01     0.357506E+01     0.352161E+01     0.345990E+01
  0.354093E+01     0.353929E+01     0.357843E+01     0.347873E+01     0.359536E+01
  0.356864E+01     0.362258E+01     0.365691E+01     0.363276E+01     0.361576E+01
  0.368501E+01     0.370709E+01     0.369027E+01     0.357855E+01     0.375846E+01
  0.374204E+01     0.370407E+01     0.366560E+01     0.371625E+01     0.372407E+01
  0.375576E+01     0.375324E+01     0.381547E+01     0.377965E+01     0.378806E+01
  0.372511E+01     0.400163E+01     0.387018E+01     0.398802E+01     0.386486E+01
  0.388533E+01     0.395185E+01     0.392296E+01     0.395644E+01     0.392309E+01
  0.401535E+01     0.408492E+01     0.402995E+01     0.418118E+01     0.408562E+01
  0.421005E+01     0.409692E+01     0.422467E+01     0.420363E+01     0.427772E+01
  0.432016E+01     0.426983E+01     0.430740E+01     0.434206E+01     0.430911E+01
  0.444354E+01     0.444293E+01     0.447906E+01     0.452877E+01     0.443110E+01
  0.454852E+01     0.464458E+01     0.461136E+01     0.462288E+01     0.466616E+01
  0.461827E+01     0.467227E+01     0.481210E+01     0.495785E+01     0.492268E+01
  0.476413E+01     0.487967E+01     0.496770E+01     0.497993E+01     0.522422E+01
  0.508869E+01     0.509965E+01     0.507322E+01     0.537778E+01     0.528845E+01
  0.531873E+01     0.558513E+01     0.549513E+01     0.574092E+01     0.579554E+01
  0.576835E+01     0.600405E+01     0.611008E+01     0.617277E+01     0.632538E+01
  0.633875E+01     0.642595E+01     0.653990E+01     0.673946E+01     0.689735E+01
  0.680730E+01     0.690042E+01     0.697374E+01     0.714577E+01     0.762733E+01
  0.774322E+01     0.789652E+01     0.762711E+01     0.817782E+01     0.816708E+01
  0.818620E+01     0.816983E+01     0.880016E+01     0.862036E+01     0.883018E+01
  0.897942E+01     0.936388E+01     0.932280E+01     0.923013E+01     0.952802E+01
  0.927548E+01     0.939228E+01     0.947011E+01     0.990083E+01     0.100223E+02
  0.101697E+02     0.100460E+02     0.105416E+02     0.106422E+02     0.105662E+02
  0.105611E+02     0.105901E+02     0.101139E+02     0.104387E+02     0.108846E+02
  0.103041E+02     0.100305E+02     0.954400E+01     0.103370E+02     0.996224E+01
  0.912917E+01     0.107638E+02     0.104753E+02     0.911328E+01     0.906922E+01
  0.101950E+02     0.868908E+01     0.886272E+01     0.804600E+01     0.893446E+01
  0.835565E+01     0.896672E+01     0.779910E+01     0.926383E+01     0.766321E+01
  0.850372E+01     0.855492E+01     0.837211E+01     0.727660E+01     0.941725E+01
  0.767232E+01     0.773569E+01     0.781965E+01     0.827615E+01     0.740774E+01
  0.767814E+01     0.710823E+01     0.730383E+01     0.732535E+01     0.756938E+01
  0.719602E+01     0.700389E+01     0.691251E+01     0.696196E+01     0.670515E+01
  0.690823E+01     0.742110E+01     0.689583E+01     0.731308E+01     0.729676E+01
  0.596681E+01     0.662339E+01     0.590619E+01     0.731541E+01     0.702326E+01
  0.635803E+01     0.633156E+01     0.638540E+01     0.688734E+01     0.637927E+01
  0.656182E+01     0.753229E+01     0.703792E+01     0.685132E+01     0.648371E+01
  0.619027E+01     0.645489E+01     0.634862E+01     0.639846E+01     0.642816E+01
  0.694209E+01     0.668217E+01     0.660236E+01
 eigen energies, in ev
    -46.536954       -46.372073       -46.121913       -45.652354       -45.609769
    -28.713768       -28.541469       -28.455134       -28.411963       -28.112548
    -28.059111       -28.052794       -28.041491       -28.028574       -28.015563
    -27.972443       -27.951725       -27.944719       -27.916187       -27.901558
    -27.866099       -27.858959       -27.834235       -27.825186       -27.760370
    -27.757867       -27.734255       -27.727233       -27.679681       -27.678120
    -27.601125       -27.579591       -27.563617       -27.531235       -27.526353
    -27.505701       -27.494298       -27.493815       -27.461051       -27.428640
    -27.346749       -27.345210       -27.343764       -27.337889       -27.313529
    -27.291672       -27.241320       -27.218060       -27.215677       -27.194571
    -27.172652       -27.161633       -27.150872       -27.147240       -27.108161
    -27.048405       -27.007170       -26.994399       -26.954323       -26.943479
    -26.940415       -26.930520       -26.912449       -26.897576       -26.894491
    -26.868244       -26.864887       -26.860016       -26.809444       -26.788428
    -26.681261       -26.667796       -26.660324       -26.654653       -26.609665
    -26.580305       -26.493252       -26.430936       -26.427704       -26.425757
    -26.397726       -26.384036       -26.301120       -26.288031       -26.283711
    -26.276100       -26.219358       -26.213071       -26.210333       -26.192824
    -26.185656       -26.174540       -26.172929       -26.157572       -26.129032
    -26.085171       -26.039856       -26.020226       -25.980369       -25.977156
    -25.974363       -25.933998       -25.922798       -25.921091       -25.914638
    -25.903262       -25.899945       -25.879902       -25.876863       -25.861079
    -25.845849       -25.839590       -25.838482       -25.783694       -25.779894
    -25.757304       -25.745867       -25.739369       -25.712436       -25.698798
    -25.689235       -25.664080       -25.634956       -25.623666       -25.621248
    -25.614368       -25.564124       -25.556976       -25.539011       -25.508374
    -25.444283       -25.430080       -25.427845       -25.426684       -25.426365
    -25.418318       -25.395975       -25.361302       -25.343597       -25.336140
    -25.282902       -25.234380       -25.230212       -25.183897       -25.162687
    -25.131898       -25.112465       -25.069282       -24.942925       -24.918500
    -24.901607       -24.695682       -24.691891       -24.503625       -24.489578
    -24.419913       -24.332708       -24.275074       -24.246539       -24.131672
    -24.115206       -24.103929       -24.046809       -24.032285       -23.938594
    -23.854257       -23.652277       -23.569597       -23.568102       -23.562809
    -23.544283       -23.517504       -23.336687       -23.269524       -23.154592
    -23.136211       -23.119792       -22.997106       -22.994278       -22.959696
    -22.893614       -22.772933       -22.756729       -22.666712       -22.630352
    -22.617355       -22.594725       -22.496021       -22.452066       -22.286455
    -20.735892       -20.014083       -19.751823       -19.392291       -19.352696
    -19.146861       -18.597533       -18.305445       -18.236572       -18.121439
    -18.095680       -18.089934       -18.067175       -17.860883       -17.775113
    -17.753573       -17.395644       -17.245126       -17.199846       -17.129532
    -17.097965       -17.024216       -17.012174       -16.939073       -16.938178
    -16.901332       -16.633693       -16.621429       -16.611953       -16.470658
    -16.465566       -16.447409       -16.385366       -16.345510       -16.307186
    -16.204426       -16.157242       -16.046274       -15.739329       -15.446570
    -15.243858       -15.041928       -14.986852       -14.917614       -14.884379
    -14.833104       -14.810348       -14.708048       -14.631083       -14.612580
    -14.608293       -14.603858       -14.572802       -14.487672       -14.484708
    -14.427846       -14.362763       -14.332101       -14.306564       -14.292004
    -14.286507       -14.281688       -14.238180       -14.203510       -14.169844
    -14.116596       -14.066032       -14.059076       -13.967225       -13.937030
    -13.855995       -13.848675       -13.826911       -13.801366       -13.747488
    -13.744083       -13.617286       -13.600171       -13.586053       -13.531987
    -13.483661       -13.428410       -13.401625       -13.317419       -13.223157
    -13.219417       -12.704341       -12.589215       -12.580801       -12.562370
    -12.521427       -12.486873       -12.466425       -12.382314       -12.375821
    -12.361235       -12.325158       -12.319908       -12.296746       -12.199904
    -12.130921       -12.063994       -12.052360       -12.016761       -12.007318
    -11.995241       -11.915474       -11.895162       -11.891444       -11.885144
    -11.876814       -11.865553       -11.853393       -11.828931       -11.825114
    -11.789422       -11.751823       -11.670334       -11.646629       -11.637039
    -11.601049       -11.596418       -11.576958       -11.571285       -11.451534
    -11.444967       -11.422779       -11.407112       -11.405248       -11.379395
    -11.336722       -11.328492       -11.317060       -11.312913       -11.283212
    -11.273691       -11.258698       -11.244337       -11.234434       -11.216569
    -11.177910       -11.124367       -11.070983       -11.061899       -11.026505
    -10.997598       -10.866141       -10.818489       -10.798058       -10.782934
    -10.764788       -10.711136       -10.696238       -10.683213       -10.649123
    -10.636148       -10.615304       -10.593062       -10.580669       -10.557376
    -10.546967       -10.534696       -10.515040       -10.507706       -10.496859
    -10.483132       -10.478062       -10.470908       -10.449603       -10.442180
    -10.425527       -10.406169       -10.395408       -10.376783       -10.373488
    -10.358037       -10.341213       -10.325068       -10.307428       -10.298531
    -10.295290       -10.279270       -10.268722       -10.259699       -10.254934
    -10.242033       -10.238301       -10.234329       -10.216337       -10.211046
    -10.205205       -10.199474       -10.188597       -10.173246       -10.168578
    -10.165669       -10.162332       -10.156794       -10.146347       -10.120531
    -10.116667       -10.100478       -10.098306       -10.087845       -10.082149
    -10.067919       -10.060225       -10.054260       -10.044520       -10.041950
    -10.040443       -10.035575       -10.027568       -10.022849       -10.012959
    -10.007407       -10.005396        -9.996045        -9.978564        -9.968459
     -9.962290        -9.940885        -9.910260        -9.900015        -9.849104
     -9.830944        -9.829289        -9.820875        -9.812499        -9.810356
     -9.774937        -9.758659        -9.749083        -9.739481        -9.724945
     -9.719841        -9.711346        -9.696244        -9.682746        -9.661019
     -9.644428        -9.630741        -9.619713        -9.608075        -9.597516
     -9.589264        -9.581254        -9.573295        -9.565988        -9.539337
     -9.536109        -9.519523        -9.505474        -9.488440        -9.472623
     -9.458638        -9.453873        -9.442188        -9.427053        -9.419753
     -9.411542        -9.403662        -9.398258        -9.392051        -9.375844
     -9.367545        -9.355432        -9.348847        -9.339164        -9.324176
     -9.274722        -9.265595        -9.260507        -9.259556        -9.249117
     -9.245667        -9.237906        -9.231960        -9.223941        -9.216856
     -9.207011        -9.192668        -9.183463        -9.181993        -9.174745
     -9.165079        -9.163265        -9.149619        -9.143998        -9.127424
     -9.118993        -9.114472        -9.109522        -9.102323        -9.097674
     -9.070307        -9.061508        -9.057221        -9.042335        -9.037617
     -9.032902        -9.020116        -9.009844        -9.001279        -8.994237
     -8.981223        -8.961406        -8.943414        -8.929061        -8.915267
     -8.910622        -8.900350        -8.883551        -8.878302        -8.876366
     -8.830839        -8.810048        -8.803567        -8.794590        -8.786317
     -8.781883        -8.756915        -8.745051        -8.732631        -8.725255
     -8.713014        -8.698339        -8.686668        -8.675698        -8.659527
     -8.654905        -8.645270        -8.632129        -8.619380        -8.605371
     -8.590453        -8.582364        -8.572219        -8.565988        -8.554553
     -8.545786        -8.541839        -8.520497        -8.513067        -8.503185
     -8.492679        -8.486281        -8.479891        -8.461541        -8.445708
     -8.442744        -8.426921        -8.409912        -8.400153        -8.396689
     -8.380838        -8.374691        -8.364090        -8.358383        -8.333565
     -8.316788        -8.309656        -8.294371        -8.280353        -8.262247
     -8.254477        -8.251485        -8.223060        -8.200448        -8.169658
     -8.148085        -8.134394        -8.131667        -8.085682        -8.059782
     -8.045383        -8.037714        -8.025914        -8.013869        -7.997723
     -7.965637        -7.954945        -7.915732        -7.906641        -7.899860
     -7.895801        -7.882211        -7.845957        -7.831123        -7.812184
     -7.784587        -7.780522        -7.763619        -7.747222        -7.732450
     -7.694092        -7.659919        -7.650642        -7.625311        -7.622018
     -7.605206        -7.597835        -7.587401        -7.582836        -7.573531
     -7.550181        -7.535295        -7.511749        -7.490432        -7.466927
     -7.458830        -7.420158        -7.385029        -7.379159        -7.371113
     -7.337957        -7.325378        -7.318076        -7.308891        -7.263852
     -7.226967        -7.216614        -7.183691        -7.180294        -7.168914
     -7.123832        -7.113473        -7.107294        -7.096762        -7.065298
     -7.059111        -7.038634        -7.021663        -7.017878        -7.007919
     -7.003164        -6.982257        -6.967879        -6.954362        -6.948521
     -6.904767        -6.893665        -6.873328        -6.861635        -6.858672
     -6.852738        -6.842192        -6.835971        -6.812199        -6.802622
     -6.787845        -6.773832        -6.763485        -6.757969        -6.737387
     -6.719958        -6.710697        -6.696822        -6.693738        -6.675390
     -6.670669        -6.666025        -6.663567        -6.653713        -6.640122
     -6.634425        -6.626492        -6.608705        -6.605367        -6.592682
     -6.586959        -6.580251        -6.572028        -6.557731        -6.548841
     -6.542922        -6.532460        -6.507253        -6.493912        -6.477979
     -6.468697        -6.456900        -6.452620        -6.447601        -6.439761
     -6.431731        -6.426663        -6.416820        -6.397967        -6.388441
     -6.380114        -6.369558        -6.360918        -6.339869        -6.337046
     -6.330771        -6.320655        -6.318737        -6.307798        -6.299851
     -6.278787        -6.270228        -6.259561        -6.240143        -6.237978
     -6.230085        -6.223875        -6.215150        -6.206593        -6.192010
     -6.179796        -6.165524        -6.146942        -6.131154        -6.124793
     -6.110087        -6.097252        -6.089740        -6.068566        -6.054206
     -6.036847        -6.035974        -6.016549        -6.007714        -6.004962
     -5.998512        -5.993093        -5.986542        -5.980780        -5.972631
     -5.964824        -5.959926        -5.944762        -5.942562        -5.931798
     -5.927125        -5.921740        -5.911466        -5.908238        -5.900122
     -5.893316        -5.882574        -5.881386        -5.868126        -5.858600
     -5.842637        -5.830147        -5.823476        -5.814814        -5.810607
     -5.802329        -5.796585        -5.790398        -5.779682        -5.771540
     -5.765959        -5.760356        -5.752516        -5.740810        -5.734530
     -5.729610        -5.721302        -5.713349        -5.712409        -5.707175
     -5.699677        -5.687854        -5.681188        -5.678370        -5.670218
     -5.661183        -5.655563        -5.647619        -5.646021        -5.635769
     -5.628735        -5.624505        -5.613734        -5.611919        -5.601382
     -5.595637        -5.589192        -5.585491        -5.578026        -5.565944
     -5.561333        -5.557131        -5.545257        -5.534773        -5.529285
     -5.515704        -5.509077        -5.504198        -5.498850        -5.494535
     -5.489829        -5.480972        -5.474505        -5.469051        -5.456681
     -5.452812        -5.448969        -5.444398        -5.439257        -5.434603
     -5.424655        -5.417748        -5.409066        -5.400637        -5.392485
     -5.385226        -5.379148        -5.367695        -5.364129        -5.352946
     -5.349729        -5.345684        -5.334410        -5.327224        -5.323403
     -5.317992        -5.312079        -5.296737        -5.293059        -5.285522
     -5.278920        -5.276287        -5.264392        -5.261232        -5.253931
     -5.245186        -5.242397        -5.233599        -5.229338        -5.217938
     -5.212840        -5.199019        -5.192318        -5.187406        -5.175135
     -5.168080        -5.161231        -5.154147        -5.138078        -5.131387
     -5.118451        -5.113256        -5.109962        -5.098176        -5.092156
     -5.080577        -5.072725        -5.069923        -5.058811        -5.047411
     -5.041215        -5.033319        -5.022143        -5.007897        -5.004292
     -4.987693        -4.978194        -4.972879        -4.954886        -4.952114
     -4.938165        -4.928330        -4.914804        -4.904425        -4.902142
     -4.887296        -4.883469        -4.879645        -4.869441        -4.864184
     -4.855807        -4.848158        -4.833641        -4.828737        -4.815987
     -4.811623        -4.797173        -4.783131        -4.763710        -4.756807
     -4.752551        -4.735782        -4.719848        -4.704930        -4.689517
     -4.682153        -4.659425        -4.644067        -4.635864        -4.620441
     -4.614161        -4.598761        -4.575391        -4.566476        -4.552120
     -4.531279        -4.517335        -4.497607        -4.465029        -4.456659
     -4.454002        -4.426160        -4.399259        -4.371717        -4.343820
     -4.321345        -4.286528        -4.266021        -4.251062        -4.228370
     -4.205508        -4.177413        -4.147887        -4.131015        -4.113989
     -4.090982        -4.061748        -4.047674        -4.004163        -3.972386
     -3.953031        -3.942260        -3.892308        -3.869726        -3.846962
     -3.806495        -3.787328        -3.775748        -3.752802        -3.725738
     -3.689541        -3.675755        -3.647652        -3.639285        -3.603708
     -3.577597        -3.562760        -3.541919        -3.504092        -3.472761
     -3.450424        -3.404008        -3.396179        -3.372145        -3.343554
     -3.273146        -3.237251        -3.208017        -3.156284        -3.114979
     -3.073948        -3.024708        -2.970490        -2.919039        -2.874921
     -2.845721        -2.797151        -2.691860        -2.626490        -2.540841
     -2.483179        -2.445088        -2.310302        -2.211050        -2.143995
     -2.010903        -1.904402        -1.839907        -1.766546        -1.610182
     -1.541287        -1.189878        -1.054344        -0.720967        -0.417870
      1.312325         1.852731         2.062631         2.295691         2.382913
      2.499050         2.701896         2.912826         3.008198         3.139053
      3.244966         3.486517         3.657297         3.730866         3.806250
      3.909498         3.929584         4.011263         4.069004         4.087763
      4.143229         4.210166         4.244301         4.287802         4.325056
      4.342956         4.415741         4.453923         4.482264         4.491967
      4.539437         4.570672         4.602645         4.645213         4.665762
      4.683798         4.722443         4.789975         4.844870         4.851791
      4.900976         4.908925         4.939204         4.956890         5.013455
      5.058148         5.093890         5.107994         5.143287         5.176261
      5.218754         5.267755         5.316118         5.328881         5.403287
      5.425678         5.472229         5.518830
 *********************************
 sum eigen(dbl occ, ryd)=  -1651.87799735393     
 *********************************
 One SCF use:    81.0958788394928       s
 *********************************
 ****** kpt=           1
 err of each states, eV
  0.413844E+00     0.424055E+00     0.414733E+00     0.415055E+00     0.425212E+00
  0.203656E+00     0.217913E+00     0.219925E+00     0.207059E+00     0.205682E+00
  0.194420E+00     0.207006E+00     0.193768E+00     0.209174E+00     0.206570E+00
  0.188003E+00     0.201874E+00     0.213764E+00     0.209724E+00     0.204761E+00
  0.209186E+00     0.207816E+00     0.198886E+00     0.199322E+00     0.180625E+00
  0.200506E+00     0.209158E+00     0.208404E+00     0.188112E+00     0.208093E+00
  0.187251E+00     0.181068E+00     0.204918E+00     0.196270E+00     0.198941E+00
  0.195636E+00     0.173997E+00     0.182840E+00     0.208144E+00     0.169323E+00
  0.176274E+00     0.177418E+00     0.178131E+00     0.198890E+00     0.197161E+00
  0.190233E+00     0.176349E+00     0.172215E+00     0.179348E+00     0.180725E+00
  0.170130E+00     0.171587E+00     0.204665E+00     0.182211E+00     0.168086E+00
  0.189774E+00     0.176223E+00     0.187731E+00     0.173689E+00     0.180259E+00
  0.173519E+00     0.171658E+00     0.168601E+00     0.176140E+00     0.169504E+00
  0.168939E+00     0.176934E+00     0.174832E+00     0.176134E+00     0.176618E+00
  0.175464E+00     0.173663E+00     0.181293E+00     0.164889E+00     0.181934E+00
  0.162383E+00     0.173561E+00     0.176165E+00     0.171368E+00     0.163037E+00
  0.165268E+00     0.172132E+00     0.164143E+00     0.173780E+00     0.184776E+00
  0.170645E+00     0.184948E+00     0.160090E+00     0.171273E+00     0.177168E+00
  0.179419E+00     0.176270E+00     0.167326E+00     0.166768E+00     0.174254E+00
  0.157866E+00     0.185955E+00     0.169819E+00     0.177309E+00     0.157901E+00
  0.170806E+00     0.173238E+00     0.173312E+00     0.178341E+00     0.172290E+00
  0.171554E+00     0.159427E+00     0.164080E+00     0.155251E+00     0.182369E+00
  0.161436E+00     0.157226E+00     0.166369E+00     0.161400E+00     0.159921E+00
  0.165609E+00     0.164620E+00     0.166596E+00     0.158812E+00     0.158134E+00
  0.171120E+00     0.153630E+00     0.154231E+00     0.154733E+00     0.168515E+00
  0.161148E+00     0.170228E+00     0.153227E+00     0.132685E+00     0.171334E+00
  0.163359E+00     0.165443E+00     0.165354E+00     0.149619E+00     0.164563E+00
  0.157808E+00     0.153150E+00     0.152610E+00     0.154739E+00     0.169450E+00
  0.163506E+00     0.161070E+00     0.156712E+00     0.147942E+00     0.158049E+00
  0.153631E+00     0.159657E+00     0.164634E+00     0.147553E+00     0.147342E+00
  0.152719E+00     0.142929E+00     0.149835E+00     0.132712E+00     0.146402E+00
  0.147774E+00     0.153473E+00     0.145629E+00     0.135233E+00     0.140420E+00
  0.131090E+00     0.141371E+00     0.143373E+00     0.144956E+00     0.152573E+00
  0.116783E+00     0.142845E+00     0.128140E+00     0.123678E+00     0.126301E+00
  0.139886E+00     0.129490E+00     0.121647E+00     0.121273E+00     0.132762E+00
  0.136318E+00     0.138783E+00     0.137786E+00     0.133624E+00     0.146653E+00
  0.126600E+00     0.115863E+00     0.122968E+00     0.147717E+00     0.112211E+00
  0.115448E+00     0.121175E+00     0.126389E+00     0.130564E+00     0.135034E+00
  0.125649E+00     0.118534E+00     0.124742E+00     0.113832E+00     0.116359E+00
  0.232846E+00     0.217805E+00     0.206625E+00     0.212629E+00     0.206098E+00
  0.216251E+00     0.195443E+00     0.205280E+00     0.193943E+00     0.177211E+00
  0.208895E+00     0.125624E+00     0.115496E+00     0.114767E+00     0.119224E+00
  0.115132E+00     0.122088E+00     0.241273E+00     0.146750E+00     0.191899E+00
  0.110057E+00     0.206430E+00     0.204369E+00     0.120702E+00     0.219067E+00
  0.195462E+00     0.214664E+00     0.219321E+00     0.216185E+00     0.216061E+00
  0.208253E+00     0.207337E+00     0.214202E+00     0.224862E+00     0.216372E+00
  0.244231E+00     0.227490E+00     0.244296E+00     0.278314E+00     0.239427E+00
  0.221976E+00     0.238362E+00     0.251008E+00     0.246718E+00     0.230214E+00
  0.227744E+00     0.241110E+00     0.235997E+00     0.240295E+00     0.239536E+00
  0.251151E+00     0.237487E+00     0.254806E+00     0.248140E+00     0.234771E+00
  0.250996E+00     0.250115E+00     0.244903E+00     0.239414E+00     0.262972E+00
  0.242604E+00     0.220531E+00     0.239769E+00     0.231304E+00     0.234450E+00
  0.239286E+00     0.244451E+00     0.259107E+00     0.248575E+00     0.246768E+00
  0.231477E+00     0.244462E+00     0.235545E+00     0.246998E+00     0.244062E+00
  0.245749E+00     0.247652E+00     0.228714E+00     0.242425E+00     0.258866E+00
  0.233915E+00     0.313893E+00     0.218241E+00     0.270835E+00     0.217851E+00
  0.213568E+00     0.257238E+00     0.292280E+00     0.222899E+00     0.300527E+00
  0.278174E+00     0.236762E+00     0.241511E+00     0.237555E+00     0.282970E+00
  0.223335E+00     0.292254E+00     0.277979E+00     0.274754E+00     0.272647E+00
  0.277060E+00     0.284226E+00     0.276214E+00     0.276590E+00     0.288719E+00
  0.274057E+00     0.284428E+00     0.206336E+00     0.273264E+00     0.270430E+00
  0.281449E+00     0.282769E+00     0.304464E+00     0.293493E+00     0.280090E+00
  0.294243E+00     0.299751E+00     0.323445E+00     0.284761E+00     0.302207E+00
  0.285422E+00     0.281095E+00     0.258792E+00     0.244303E+00     0.305182E+00
  0.287221E+00     0.288879E+00     0.262366E+00     0.248564E+00     0.272621E+00
  0.288353E+00     0.287188E+00     0.285355E+00     0.239215E+00     0.269342E+00
  0.278862E+00     0.323109E+00     0.285290E+00     0.261857E+00     0.272820E+00
  0.378593E+00     0.347392E+00     0.382141E+00     0.377115E+00     0.298231E+00
  0.347269E+00     0.256378E+00     0.275277E+00     0.296282E+00     0.303230E+00
  0.222457E+00     0.252770E+00     0.252932E+00     0.264259E+00     0.253064E+00
  0.345540E+00     0.366074E+00     0.304367E+00     0.339444E+00     0.240344E+00
  0.249052E+00     0.212933E+00     0.244411E+00     0.361675E+00     0.365882E+00
  0.350117E+00     0.357577E+00     0.280422E+00     0.191077E+00     0.188008E+00
  0.337094E+00     0.286185E+00     0.309194E+00     0.295161E+00     0.379496E+00
  0.364266E+00     0.318882E+00     0.281208E+00     0.295830E+00     0.309966E+00
  0.290317E+00     0.284500E+00     0.279121E+00     0.319112E+00     0.396257E+00
  0.312702E+00     0.286522E+00     0.335887E+00     0.327479E+00     0.331263E+00
  0.304614E+00     0.331952E+00     0.314019E+00     0.339515E+00     0.319712E+00
  0.372482E+00     0.320827E+00     0.318874E+00     0.251987E+00     0.327017E+00
  0.334671E+00     0.346518E+00     0.337604E+00     0.342486E+00     0.338933E+00
  0.360672E+00     0.348466E+00     0.345997E+00     0.352694E+00     0.381712E+00
  0.312451E+00     0.315897E+00     0.325527E+00     0.276651E+00     0.407868E+00
  0.363858E+00     0.323784E+00     0.398585E+00     0.381727E+00     0.375739E+00
  0.307077E+00     0.329528E+00     0.356960E+00     0.348775E+00     0.310939E+00
  0.310149E+00     0.359596E+00     0.370223E+00     0.366054E+00     0.326973E+00
  0.373201E+00     0.343979E+00     0.389608E+00     0.325819E+00     0.383927E+00
  0.400441E+00     0.296639E+00     0.360728E+00     0.361844E+00     0.340161E+00
  0.377275E+00     0.340405E+00     0.383911E+00     0.376057E+00     0.439103E+00
  0.452826E+00     0.434742E+00     0.436877E+00     0.353715E+00     0.399476E+00
  0.374249E+00     0.358583E+00     0.392602E+00     0.362409E+00     0.308058E+00
  0.348039E+00     0.403353E+00     0.402957E+00     0.364308E+00     0.248609E+00
  0.420589E+00     0.355301E+00     0.385619E+00     0.354276E+00     0.325422E+00
  0.341321E+00     0.347628E+00     0.352832E+00     0.334392E+00     0.372834E+00
  0.375022E+00     0.418839E+00     0.401600E+00     0.403778E+00     0.370998E+00
  0.451299E+00     0.417862E+00     0.416262E+00     0.403912E+00     0.375391E+00
  0.378408E+00     0.356479E+00     0.343049E+00     0.385655E+00     0.367798E+00
  0.430865E+00     0.389188E+00     0.347753E+00     0.356843E+00     0.396464E+00
  0.431697E+00     0.428391E+00     0.419567E+00     0.454363E+00     0.375673E+00
  0.385688E+00     0.377847E+00     0.439240E+00     0.391436E+00     0.428480E+00
  0.452563E+00     0.439656E+00     0.435946E+00     0.364395E+00     0.278902E+00
  0.309259E+00     0.331168E+00     0.415459E+00     0.306496E+00     0.272084E+00
  0.441370E+00     0.491453E+00     0.450122E+00     0.391829E+00     0.506296E+00
  0.488788E+00     0.480031E+00     0.465648E+00     0.480754E+00     0.488703E+00
  0.479936E+00     0.439718E+00     0.401277E+00     0.424004E+00     0.335043E+00
  0.408852E+00     0.267871E+00     0.335957E+00     0.450267E+00     0.291446E+00
  0.461464E+00     0.408373E+00     0.324684E+00     0.376136E+00     0.420594E+00
  0.411910E+00     0.415801E+00     0.430083E+00     0.474934E+00     0.301576E+00
  0.376005E+00     0.442255E+00     0.485287E+00     0.391252E+00     0.387653E+00
  0.601644E+00     0.347500E+00     0.477117E+00     0.436550E+00     0.408042E+00
  0.399613E+00     0.364368E+00     0.336191E+00     0.375330E+00     0.364867E+00
  0.335469E+00     0.462336E+00     0.498749E+00     0.374024E+00     0.423106E+00
  0.347218E+00     0.401495E+00     0.475836E+00     0.307255E+00     0.463738E+00
  0.292782E+00     0.280283E+00     0.242965E+00     0.374885E+00     0.292712E+00
  0.300506E+00     0.369601E+00     0.303210E+00     0.311973E+00     0.313355E+00
  0.317676E+00     0.279962E+00     0.328186E+00     0.371880E+00     0.371056E+00
  0.329816E+00     0.321911E+00     0.277525E+00     0.339646E+00     0.371576E+00
  0.262476E+00     0.290743E+00     0.345976E+00     0.279319E+00     0.341458E+00
  0.424568E+00     0.362472E+00     0.298949E+00     0.305695E+00     0.328779E+00
  0.346853E+00     0.357905E+00     0.366650E+00     0.393980E+00     0.329877E+00
  0.330174E+00     0.323255E+00     0.300457E+00     0.351842E+00     0.277013E+00
  0.324392E+00     0.310903E+00     0.397594E+00     0.365182E+00     0.367585E+00
  0.340959E+00     0.357292E+00     0.329258E+00     0.323269E+00     0.334505E+00
  0.321046E+00     0.385235E+00     0.341243E+00     0.335839E+00     0.372763E+00
  0.305091E+00     0.324607E+00     0.339988E+00     0.332087E+00     0.340658E+00
  0.342854E+00     0.347466E+00     0.312864E+00     0.326235E+00     0.304596E+00
  0.350391E+00     0.391709E+00     0.243592E+00     0.327006E+00     0.328977E+00
  0.339018E+00     0.352199E+00     0.342576E+00     0.347581E+00     0.347977E+00
  0.351191E+00     0.338066E+00     0.366011E+00     0.346077E+00     0.326948E+00
  0.354108E+00     0.361703E+00     0.368999E+00     0.376644E+00     0.375937E+00
  0.359819E+00     0.373734E+00     0.398485E+00     0.392726E+00     0.340854E+00
  0.363946E+00     0.341206E+00     0.362934E+00     0.377004E+00     0.407257E+00
  0.399703E+00     0.375950E+00     0.372806E+00     0.403567E+00     0.388299E+00
  0.386021E+00     0.409803E+00     0.406397E+00     0.407943E+00     0.414606E+00
  0.417424E+00     0.441683E+00     0.401155E+00     0.398945E+00     0.400986E+00
  0.374254E+00     0.384254E+00     0.374390E+00     0.405818E+00     0.365131E+00
  0.416323E+00     0.371331E+00     0.372364E+00     0.400152E+00     0.415167E+00
  0.432873E+00     0.388518E+00     0.437744E+00     0.369055E+00     0.395080E+00
  0.377157E+00     0.381708E+00     0.387469E+00     0.425669E+00     0.445783E+00
  0.412867E+00     0.407843E+00     0.418213E+00     0.380814E+00     0.376848E+00
  0.420653E+00     0.412236E+00     0.425676E+00     0.428901E+00     0.440014E+00
  0.427746E+00     0.405433E+00     0.442826E+00     0.431549E+00     0.428136E+00
  0.402409E+00     0.418558E+00     0.441752E+00     0.363898E+00     0.425675E+00
  0.426314E+00     0.431746E+00     0.414588E+00     0.418259E+00     0.409961E+00
  0.420465E+00     0.437731E+00     0.397096E+00     0.421288E+00     0.386677E+00
  0.451530E+00     0.428508E+00     0.393503E+00     0.464993E+00     0.398680E+00
  0.455454E+00     0.434839E+00     0.434154E+00     0.429397E+00     0.422094E+00
  0.429434E+00     0.440087E+00     0.443227E+00     0.425460E+00     0.427247E+00
  0.485035E+00     0.440650E+00     0.424588E+00     0.411505E+00     0.416326E+00
  0.425485E+00     0.451080E+00     0.426661E+00     0.436910E+00     0.461287E+00
  0.424785E+00     0.450928E+00     0.433603E+00     0.424222E+00     0.463571E+00
  0.415993E+00     0.439455E+00     0.420401E+00     0.435856E+00     0.465816E+00
  0.480505E+00     0.424861E+00     0.456162E+00     0.432714E+00     0.468233E+00
  0.443144E+00     0.424262E+00     0.416807E+00     0.441412E+00     0.448466E+00
  0.425914E+00     0.451844E+00     0.510121E+00     0.465955E+00     0.484310E+00
  0.463734E+00     0.452316E+00     0.491708E+00     0.478244E+00     0.449007E+00
  0.533301E+00     0.493772E+00     0.469239E+00     0.454107E+00     0.431024E+00
  0.480624E+00     0.475741E+00     0.464998E+00     0.485114E+00     0.475037E+00
  0.490968E+00     0.460002E+00     0.478664E+00     0.480718E+00     0.531551E+00
  0.521510E+00     0.526651E+00     0.524194E+00     0.517455E+00     0.496981E+00
  0.498705E+00     0.513722E+00     0.510372E+00     0.535601E+00     0.535609E+00
  0.522960E+00     0.522061E+00     0.541255E+00     0.529786E+00     0.553046E+00
  0.514326E+00     0.535710E+00     0.509678E+00     0.513027E+00     0.563017E+00
  0.526110E+00     0.529354E+00     0.560311E+00     0.527342E+00     0.541432E+00
  0.511917E+00     0.471915E+00     0.558608E+00     0.537597E+00     0.556464E+00
  0.511403E+00     0.555436E+00     0.550541E+00     0.524802E+00     0.561239E+00
  0.541265E+00     0.572926E+00     0.532964E+00     0.555892E+00     0.572960E+00
  0.529655E+00     0.586897E+00     0.612019E+00     0.560753E+00     0.579374E+00
  0.515858E+00     0.591522E+00     0.571543E+00     0.600141E+00     0.600868E+00
  0.627336E+00     0.605317E+00     0.651239E+00     0.620900E+00     0.576081E+00
  0.676327E+00     0.594923E+00     0.599398E+00     0.636562E+00     0.637015E+00
  0.635832E+00     0.640449E+00     0.618646E+00     0.607293E+00     0.636397E+00
  0.639934E+00     0.625986E+00     0.677453E+00     0.681036E+00     0.665845E+00
  0.662426E+00     0.666848E+00     0.602808E+00     0.656747E+00     0.632175E+00
  0.663489E+00     0.703171E+00     0.702842E+00     0.623956E+00     0.692874E+00
  0.702059E+00     0.719593E+00     0.675773E+00     0.696266E+00     0.658233E+00
  0.682212E+00     0.710654E+00     0.749142E+00     0.720553E+00     0.743885E+00
  0.765869E+00     0.853841E+00     0.835400E+00     0.739669E+00     0.782662E+00
  0.840757E+00     0.864472E+00     0.862365E+00     0.855446E+00     0.867035E+00
  0.906244E+00     0.874482E+00     0.936637E+00     0.866815E+00     0.899776E+00
  0.926487E+00     0.882174E+00     0.991831E+00     0.964549E+00     0.102343E+01
  0.109668E+01     0.895990E+00     0.983355E+00     0.106193E+01     0.995007E+00
  0.111907E+01     0.932558E+00     0.114344E+01     0.109708E+01     0.101451E+01
  0.101803E+01     0.110893E+01     0.116886E+01     0.115636E+01     0.111463E+01
  0.111627E+01     0.107475E+01     0.115646E+01     0.107288E+01     0.104604E+01
  0.113270E+01     0.103298E+01     0.114469E+01     0.113959E+01     0.994458E+00
  0.114375E+01     0.114858E+01     0.111315E+01     0.103796E+01     0.117533E+01
  0.120436E+01     0.100774E+01     0.109892E+01     0.113760E+01     0.116566E+01
  0.109061E+01     0.109911E+01     0.121633E+01     0.113400E+01     0.130778E+01
  0.117994E+01     0.136076E+01     0.144342E+01     0.136369E+01     0.137906E+01
  0.131790E+01     0.157832E+01     0.148327E+01     0.156818E+01     0.153261E+01
  0.155860E+01     0.152314E+01     0.157376E+01     0.182234E+01     0.193021E+01
  0.196229E+01     0.189756E+01     0.209392E+01     0.213207E+01     0.213303E+01
  0.223578E+01     0.226092E+01     0.234638E+01     0.248370E+01     0.254336E+01
  0.246923E+01     0.286991E+01     0.285410E+01     0.343585E+01     0.377774E+01
  0.209812E+01     0.203774E+01     0.192805E+01     0.192222E+01     0.203211E+01
  0.183896E+01     0.231671E+01     0.260540E+01     0.291936E+01     0.305822E+01
  0.248625E+01     0.182718E+01     0.152267E+01     0.189468E+01     0.153099E+01
  0.149131E+01     0.150470E+01     0.175260E+01     0.157883E+01     0.162315E+01
  0.149243E+01     0.172729E+01     0.161127E+01     0.153770E+01     0.158294E+01
  0.171310E+01     0.172604E+01     0.162428E+01     0.169786E+01     0.174353E+01
  0.167210E+01     0.167128E+01     0.152897E+01     0.170985E+01     0.186535E+01
  0.185767E+01     0.164957E+01     0.181290E+01     0.185836E+01     0.164542E+01
  0.216848E+01     0.199671E+01     0.192466E+01     0.197850E+01     0.175015E+01
  0.193021E+01     0.193677E+01     0.203171E+01     0.213075E+01     0.218482E+01
  0.207192E+01     0.238288E+01     0.228906E+01     0.236783E+01     0.261310E+01
  0.249762E+01     0.255639E+01     0.279057E+01
 eigen energies, in ev
    -46.551621       -46.387219       -46.136770       -45.667178       -45.625704
    -28.719604       -28.546857       -28.460585       -28.416939       -28.117625
    -28.064003       -28.057707       -28.046102       -28.033579       -28.020902
    -27.976718       -27.956611       -27.949980       -27.921264       -27.906346
    -27.871303       -27.864106       -27.838949       -27.830060       -27.764127
    -27.762389       -27.739396       -27.732231       -27.683901       -27.683227
    -27.606045       -27.584064       -27.568390       -27.535754       -27.531036
    -27.510098       -27.498042       -27.497734       -27.465847       -27.432043
    -27.350914       -27.349024       -27.347585       -27.342613       -27.318197
    -27.296060       -27.245037       -27.221761       -27.219574       -27.198557
    -27.176191       -27.165714       -27.155649       -27.151220       -27.111538
    -27.052529       -27.010999       -26.998502       -26.957889       -26.947451
    -26.943950       -26.934703       -26.915866       -26.901258       -26.898148
    -26.872203       -26.868706       -26.863376       -26.813661       -26.792099
    -26.684790       -26.671506       -26.663875       -26.658450       -26.613390
    -26.583324       -26.497419       -26.434435       -26.430980       -26.429076
    -26.401882       -26.387234       -26.304993       -26.291295       -26.287704
    -26.280090       -26.223252       -26.215867       -26.213530       -26.196230
    -26.189280       -26.177688       -26.176893       -26.160741       -26.132324
    -26.087978       -26.043438       -26.023425       -25.983831       -25.979905
    -25.978481       -25.938483       -25.925916       -25.925500       -25.917980
    -25.906369       -25.902815       -25.882804       -25.879839       -25.864562
    -25.848943       -25.842602       -25.841658       -25.787242       -25.784063
    -25.760438       -25.749566       -25.742461       -25.715412       -25.701597
    -25.692470       -25.666767       -25.637775       -25.626420       -25.624324
    -25.617209       -25.567351       -25.559555       -25.541850       -25.511502
    -25.447155       -25.434059       -25.430871       -25.429439       -25.429175
    -25.422259       -25.398521       -25.364148       -25.346325       -25.339187
    -25.285778       -25.237155       -25.232798       -25.186335       -25.165389
    -25.135797       -25.115175       -25.072321       -24.946705       -24.920935
    -24.904162       -24.699405       -24.695729       -24.506775       -24.493422
    -24.424096       -24.336931       -24.278784       -24.249930       -24.135086
    -24.118219       -24.107332       -24.050765       -24.036165       -23.942689
    -23.856585       -23.655631       -23.571880       -23.570306       -23.565153
    -23.547993       -23.520035       -23.339336       -23.271769       -23.156975
    -23.139837       -23.122447       -23.000794       -22.996666       -22.963928
    -22.895982       -22.774895       -22.758883       -22.670379       -22.632563
    -22.619443       -22.596837       -22.498373       -22.455603       -22.290121
    -20.738432       -20.016160       -19.754072       -19.394492       -19.354778
    -19.153234       -18.603214       -18.310928       -18.242128       -18.126638
    -18.101722       -18.094663       -18.072155       -17.865400       -17.778758
    -17.759632       -17.397746       -17.247002       -17.201586       -17.131397
    -17.099841       -17.026382       -17.019024       -16.945160       -16.940710
    -16.903976       -16.640194       -16.628556       -16.613907       -16.478181
    -16.471974       -16.454454       -16.393665       -16.353283       -16.315151
    -16.211518       -16.164016       -16.053865       -15.748289       -15.455245
    -15.255353       -15.052324       -14.997973       -14.929115       -14.895865
    -14.843039       -14.821401       -14.717250       -14.640110       -14.622909
    -14.618213       -14.614896       -14.583868       -14.498922       -14.495844
    -14.437713       -14.372006       -14.341949       -14.318620       -14.302648
    -14.296411       -14.293571       -14.250650       -14.211819       -14.181333
    -14.125901       -14.074086       -14.070548       -13.975952       -13.947049
    -13.864565       -13.859359       -13.836438       -13.812444       -13.758647
    -13.753034       -13.628502       -13.611057       -13.598044       -13.542954
    -13.494646       -13.441212       -13.413132       -13.329327       -13.237653
    -13.229949       -12.722873       -12.600077       -12.593680       -12.571483
    -12.531543       -12.499549       -12.480889       -12.396187       -12.389921
    -12.375386       -12.337453       -12.331783       -12.308492       -12.215339
    -12.142947       -12.081454       -12.068191       -12.031651       -12.022511
    -12.011066       -11.932427       -11.911869       -11.907437       -11.902053
    -11.891753       -11.882181       -11.863093       -11.845720       -11.840227
    -11.806221       -11.769636       -11.689397       -11.665790       -11.653641
    -11.621040       -11.615711       -11.601146       -11.588405       -11.471977
    -11.463657       -11.440446       -11.424907       -11.422714       -11.400981
    -11.354317       -11.349085       -11.333622       -11.329960       -11.300393
    -11.293423       -11.276820       -11.263102       -11.252208       -11.236074
    -11.198287       -11.147743       -11.090837       -11.082169       -11.045817
    -11.025678       -10.890656       -10.846867       -10.826506       -10.802442
    -10.788516       -10.730355       -10.715080       -10.702179       -10.671531
    -10.649203       -10.631862       -10.612333       -10.596791       -10.575522
    -10.569168       -10.558113       -10.538132       -10.530131       -10.514275
    -10.500338       -10.493284       -10.486607       -10.473656       -10.469275
    -10.449738       -10.432488       -10.415707       -10.389822       -10.386281
    -10.381338       -10.360603       -10.346579       -10.328274       -10.325784
    -10.320663       -10.302071       -10.289098       -10.281830       -10.275931
    -10.264318       -10.258427       -10.256401       -10.244748       -10.240172
    -10.229351       -10.219497       -10.214131       -10.199297       -10.194136
    -10.192748       -10.186952       -10.178632       -10.174151       -10.149986
    -10.142855       -10.125935       -10.122064       -10.110453       -10.105942
    -10.095173       -10.086530       -10.081744       -10.071495       -10.070594
    -10.067985       -10.062464       -10.055273       -10.048722       -10.044089
    -10.033685       -10.026620       -10.019752       -10.001730        -9.999887
     -9.990788        -9.966342        -9.944685        -9.930637        -9.879927
     -9.857183        -9.856308        -9.847413        -9.840739        -9.835313
     -9.800043        -9.787631        -9.780979        -9.777589        -9.751718
     -9.748557        -9.740158        -9.730516        -9.711164        -9.699223
     -9.682330        -9.657595        -9.650269        -9.638397        -9.630628
     -9.619327        -9.611925        -9.609260        -9.595801        -9.581781
     -9.575049        -9.557463        -9.548135        -9.522879        -9.507482
     -9.495734        -9.483777        -9.477334        -9.459170        -9.448453
     -9.442525        -9.440398        -9.433371        -9.420147        -9.405790
     -9.393192        -9.390855        -9.384756        -9.365417        -9.351549
     -9.309702        -9.303952        -9.302929        -9.289897        -9.285507
     -9.279919        -9.279013        -9.268685        -9.266095        -9.253845
     -9.251487        -9.234829        -9.225935        -9.218220        -9.209515
     -9.197843        -9.194547        -9.188003        -9.175810        -9.166407
     -9.162011        -9.149280        -9.148514        -9.135886        -9.124993
     -9.111121        -9.107421        -9.102828        -9.092444        -9.073806
     -9.068474        -9.061569        -9.055262        -9.042286        -9.034942
     -9.031621        -9.004610        -8.993029        -8.972773        -8.942044
     -8.939684        -8.931142        -8.924837        -8.902593        -8.899852
     -8.881515        -8.869849        -8.858004        -8.849258        -8.838137
     -8.822171        -8.808719        -8.796103        -8.791784        -8.783571
     -8.767629        -8.747128        -8.732645        -8.724676        -8.695005
     -8.688549        -8.672280        -8.668419        -8.667307        -8.646547
     -8.629187        -8.626051        -8.609861        -8.600927        -8.593692
     -8.587996        -8.586137        -8.576145        -8.564823        -8.542947
     -8.542197        -8.531108        -8.523401        -8.520083        -8.497840
     -8.479333        -8.465820        -8.457921        -8.446609        -8.444856
     -8.433295        -8.398754        -8.396575        -8.394350        -8.369759
     -8.361671        -8.351675        -8.346135        -8.323779        -8.312336
     -8.295126        -8.287170        -8.273030        -8.226709        -8.222659
     -8.176445        -8.163359        -8.154207        -8.125351        -8.087608
     -8.078811        -8.071774        -8.057793        -8.047754        -8.028303
     -8.003067        -7.985263        -7.951932        -7.944906        -7.940955
     -7.928175        -7.913759        -7.881358        -7.868682        -7.849729
     -7.815993        -7.809753        -7.798350        -7.780790        -7.772252
     -7.745769        -7.702736        -7.684751        -7.669605        -7.650222
     -7.644440        -7.642649        -7.634837        -7.617636        -7.611317
     -7.587894        -7.575019        -7.545971        -7.529319        -7.500863
     -7.492307        -7.460751        -7.430761        -7.426167        -7.419732
     -7.379085        -7.370186        -7.354855        -7.342802        -7.305616
     -7.270814        -7.254507        -7.227735        -7.217659        -7.210731
     -7.161550        -7.150258        -7.142257        -7.138531        -7.105115
     -7.095922        -7.084728        -7.053616        -7.051150        -7.042448
     -7.038879        -7.029028        -6.995360        -6.991442        -6.983049
     -6.948832        -6.939046        -6.919410        -6.907553        -6.902807
     -6.894312        -6.886506        -6.879361        -6.857062        -6.846116
     -6.833452        -6.818240        -6.814706        -6.804364        -6.781943
     -6.767895        -6.762682        -6.752692        -6.744468        -6.726944
     -6.719670        -6.708266        -6.703120        -6.698807        -6.690675
     -6.682778        -6.677585        -6.668029        -6.655938        -6.645496
     -6.644555        -6.634568        -6.630694        -6.625177        -6.605972
     -6.599981        -6.594506        -6.569023        -6.553194        -6.544863
     -6.518820        -6.510671        -6.506416        -6.497088        -6.489792
     -6.487291        -6.476579        -6.471271        -6.462866        -6.449777
     -6.441764        -6.425501        -6.421014        -6.406665        -6.393940
     -6.386939        -6.383534        -6.379748        -6.369587        -6.367774
     -6.348544        -6.332421        -6.320585        -6.306824        -6.295844
     -6.291456        -6.286355        -6.276208        -6.270732        -6.264418
     -6.242530        -6.225321        -6.217009        -6.213355        -6.179373
     -6.168975        -6.161149        -6.155882        -6.136031        -6.131804
     -6.117525        -6.103921        -6.084395        -6.082077        -6.081084
     -6.077439        -6.071475        -6.059926        -6.050435        -6.036447
     -6.035758        -6.028225        -6.016163        -6.013621        -6.005887
     -6.004137        -5.989722        -5.980907        -5.973200        -5.968296
     -5.965456        -5.951683        -5.948030        -5.945776        -5.938747
     -5.924592        -5.915047        -5.908247        -5.903217        -5.891496
     -5.879247        -5.869565        -5.868755        -5.855886        -5.851394
     -5.845368        -5.839206        -5.830827        -5.828716        -5.824764
     -5.812224        -5.805139        -5.799398        -5.794693        -5.786617
     -5.779796        -5.772375        -5.763484        -5.758570        -5.752609
     -5.744253        -5.742266        -5.734695        -5.728429        -5.722477
     -5.714653        -5.712250        -5.703685        -5.697988        -5.696262
     -5.685244        -5.681616        -5.679969        -5.676031        -5.668505
     -5.656551        -5.651407        -5.638756        -5.628765        -5.618330
     -5.615165        -5.608670        -5.604593        -5.600831        -5.592339
     -5.589371        -5.584852        -5.576531        -5.572885        -5.571523
     -5.559421        -5.554868        -5.550164        -5.547395        -5.542260
     -5.532897        -5.529642        -5.526739        -5.518042        -5.508976
     -5.501803        -5.496652        -5.492351        -5.488821        -5.486295
     -5.476674        -5.474775        -5.456208        -5.451102        -5.439144
     -5.437113        -5.431592        -5.429174        -5.420819        -5.407152
     -5.398298        -5.391013        -5.380405        -5.375936        -5.370297
     -5.365337        -5.363296        -5.357235        -5.353534        -5.342552
     -5.334394        -5.331631        -5.327647        -5.323592        -5.320507
     -5.312677        -5.304542        -5.291940        -5.282767        -5.279684
     -5.273930        -5.261887        -5.253507        -5.245248        -5.243121
     -5.232366        -5.226791        -5.220264        -5.214689        -5.208303
     -5.205443        -5.198095        -5.186606        -5.184856        -5.181809
     -5.178339        -5.171893        -5.168371        -5.158390        -5.151959
     -5.147836        -5.143599        -5.131823        -5.127094        -5.119232
     -5.112740        -5.105177        -5.080678        -5.076621        -5.069783
     -5.061478        -5.056017        -5.046145        -5.039609        -5.036948
     -5.030690        -5.024367        -5.018106        -5.017478        -5.011333
     -4.991678        -4.988322        -4.969369        -4.957502        -4.955264
     -4.937451        -4.934780        -4.931647        -4.924778        -4.923701
     -4.913463        -4.911099        -4.898250        -4.875322        -4.871197
     -4.864692        -4.833536        -4.831393        -4.819227        -4.816444
     -4.805403        -4.791721        -4.781728        -4.775615        -4.758234
     -4.749424        -4.717980        -4.715550        -4.692315        -4.684325
     -4.667755        -4.654109        -4.642993        -4.638508        -4.626458
     -4.608989        -4.599587        -4.580823        -4.558855        -4.538605
     -4.523265        -4.515581        -4.512357        -4.441438        -4.410956
     -4.382343        -4.320184        -4.303937        -4.235660        -4.223813
     -4.128068        -4.081589        -4.042248        -4.022661        -3.988884
     -3.980503        -3.942305        -3.907397        -3.903141        -3.899398
     -3.872530        -3.869501        -3.856046        -3.823817        -3.817414
     -3.797106        -3.784091        -3.752017        -3.738633        -3.731679
     -3.705420        -3.684442        -3.626420        -3.592829        -3.573890
     -3.551330        -3.527602        -3.517234        -3.513538        -3.483954
     -3.459700        -3.421029        -3.328630        -3.314171        -3.301811
     -3.274830        -3.253211        -3.175170        -3.126145        -3.085884
     -2.981518        -2.973676        -2.935651        -2.789294        -2.427841
      0.147832         0.686008         0.859097         1.156329         1.181594
      1.364815         1.400664         1.484473         1.614038         1.703612
      2.135430         2.445974         2.636703         2.690119         2.815890
      3.008314         3.032393         3.089411         3.190225         3.234792
      3.291287         3.365346         3.393467         3.434080         3.492035
      3.543203         3.555805         3.603235         3.666960         3.713701
      3.771715         3.798413         3.831440         3.848962         3.884349
      3.910648         3.933146         3.974114         3.991603         4.050254
      4.123357         4.135001         4.143326         4.173938         4.226880
      4.249124         4.303214         4.338784         4.373119         4.388429
      4.411005         4.431586         4.483499         4.529975         4.565053
      4.602570         4.657721         4.729533
 *********************************
 sum eigen(dbl occ, ryd)=  -1673.66952748390     
 *********************************
 One SCF use:    81.1282491683960       s
 *********************************
 ****** kpt=           1
 err of each states, eV
  0.640934E-01     0.649026E-01     0.636812E-01     0.621116E-01     0.654755E-01
  0.304479E-01     0.352318E-01     0.340157E-01     0.343869E-01     0.341193E-01
  0.305931E-01     0.321330E-01     0.318873E-01     0.333960E-01     0.322664E-01
  0.332056E-01     0.314538E-01     0.342590E-01     0.342974E-01     0.329362E-01
  0.330720E-01     0.327548E-01     0.315977E-01     0.322149E-01     0.309397E-01
  0.326044E-01     0.323288E-01     0.330122E-01     0.313137E-01     0.332476E-01
  0.292568E-01     0.282242E-01     0.343419E-01     0.331225E-01     0.329403E-01
  0.342334E-01     0.300522E-01     0.341113E-01     0.322702E-01     0.300748E-01
  0.313186E-01     0.321284E-01     0.322679E-01     0.312001E-01     0.297058E-01
  0.307079E-01     0.318844E-01     0.314422E-01     0.322233E-01     0.316714E-01
  0.307897E-01     0.257035E-01     0.313937E-01     0.324852E-01     0.296252E-01
  0.300162E-01     0.316089E-01     0.330974E-01     0.309593E-01     0.323821E-01
  0.315828E-01     0.271758E-01     0.316948E-01     0.314661E-01     0.293521E-01
  0.293443E-01     0.312211E-01     0.358753E-01     0.292537E-01     0.323037E-01
  0.288010E-01     0.307916E-01     0.351673E-01     0.265219E-01     0.304226E-01
  0.324922E-01     0.283499E-01     0.349067E-01     0.331500E-01     0.299556E-01
  0.280951E-01     0.324963E-01     0.274206E-01     0.328521E-01     0.310429E-01
  0.260305E-01     0.349320E-01     0.311104E-01     0.335959E-01     0.342704E-01
  0.347803E-01     0.327903E-01     0.277136E-01     0.317077E-01     0.325322E-01
  0.303670E-01     0.352687E-01     0.328345E-01     0.338547E-01     0.292925E-01
  0.270996E-01     0.252686E-01     0.331790E-01     0.281532E-01     0.349273E-01
  0.326958E-01     0.313418E-01     0.312476E-01     0.314536E-01     0.340344E-01
  0.323289E-01     0.312957E-01     0.325861E-01     0.271862E-01     0.233651E-01
  0.319252E-01     0.264554E-01     0.325678E-01     0.318762E-01     0.301414E-01
  0.335362E-01     0.298698E-01     0.289015E-01     0.298468E-01     0.313388E-01
  0.307075E-01     0.320348E-01     0.295709E-01     0.230955E-01     0.322394E-01
  0.310247E-01     0.277107E-01     0.312718E-01     0.315149E-01     0.280133E-01
  0.221970E-01     0.281029E-01     0.320631E-01     0.291383E-01     0.318852E-01
  0.308118E-01     0.300671E-01     0.292168E-01     0.278974E-01     0.286256E-01
  0.238182E-01     0.295943E-01     0.326232E-01     0.225477E-01     0.275217E-01
  0.285554E-01     0.236321E-01     0.244213E-01     0.232733E-01     0.236395E-01
  0.223511E-01     0.245633E-01     0.254410E-01     0.234645E-01     0.241836E-01
  0.219475E-01     0.237646E-01     0.227351E-01     0.247014E-01     0.268452E-01
  0.193173E-01     0.239437E-01     0.221668E-01     0.221314E-01     0.221773E-01
  0.216083E-01     0.235814E-01     0.225456E-01     0.210227E-01     0.237920E-01
  0.221826E-01     0.242700E-01     0.226563E-01     0.234636E-01     0.219809E-01
  0.227149E-01     0.196963E-01     0.210084E-01     0.232616E-01     0.209839E-01
  0.203789E-01     0.212772E-01     0.215766E-01     0.213065E-01     0.215527E-01
  0.232227E-01     0.218864E-01     0.236073E-01     0.200164E-01     0.220941E-01
  0.470986E-01     0.424454E-01     0.399840E-01     0.405434E-01     0.398422E-01
  0.420931E-01     0.369113E-01     0.387947E-01     0.365874E-01     0.325156E-01
  0.407126E-01     0.209137E-01     0.190894E-01     0.198099E-01     0.197974E-01
  0.190282E-01     0.226961E-01     0.371314E-01     0.384598E-01     0.232076E-01
  0.218501E-01     0.390350E-01     0.386765E-01     0.197489E-01     0.415261E-01
  0.379959E-01     0.430025E-01     0.438981E-01     0.419524E-01     0.425491E-01
  0.410816E-01     0.377837E-01     0.409812E-01     0.424599E-01     0.418606E-01
  0.462982E-01     0.410857E-01     0.457861E-01     0.552082E-01     0.440590E-01
  0.404324E-01     0.423386E-01     0.518910E-01     0.510776E-01     0.435077E-01
  0.458816E-01     0.446547E-01     0.441181E-01     0.444053E-01     0.433543E-01
  0.490968E-01     0.459883E-01     0.504044E-01     0.444892E-01     0.407770E-01
  0.460679E-01     0.451432E-01     0.434277E-01     0.483023E-01     0.435636E-01
  0.474238E-01     0.445885E-01     0.400342E-01     0.442852E-01     0.398672E-01
  0.483350E-01     0.438335E-01     0.506452E-01     0.427515E-01     0.473188E-01
  0.463242E-01     0.416065E-01     0.414557E-01     0.429044E-01     0.425492E-01
  0.433018E-01     0.405506E-01     0.403970E-01     0.433096E-01     0.440546E-01
  0.403541E-01     0.559667E-01     0.458627E-01     0.448007E-01     0.410718E-01
  0.390708E-01     0.482487E-01     0.504468E-01     0.545116E-01     0.391739E-01
  0.487277E-01     0.501264E-01     0.410335E-01     0.420277E-01     0.500735E-01
  0.413958E-01     0.508593E-01     0.482329E-01     0.448015E-01     0.481810E-01
  0.496665E-01     0.492184E-01     0.476879E-01     0.482863E-01     0.507291E-01
  0.482335E-01     0.506951E-01     0.376404E-01     0.484058E-01     0.473936E-01
  0.466777E-01     0.481421E-01     0.502451E-01     0.501841E-01     0.486787E-01
  0.541742E-01     0.499282E-01     0.557753E-01     0.481475E-01     0.537943E-01
  0.484608E-01     0.468684E-01     0.386721E-01     0.482698E-01     0.516991E-01
  0.473581E-01     0.556931E-01     0.474114E-01     0.411006E-01     0.457175E-01
  0.503864E-01     0.458113E-01     0.475319E-01     0.452758E-01     0.495620E-01
  0.494508E-01     0.564918E-01     0.509404E-01     0.464618E-01     0.509443E-01
  0.671667E-01     0.588968E-01     0.656948E-01     0.596559E-01     0.526127E-01
  0.579680E-01     0.526798E-01     0.492489E-01     0.530472E-01     0.564476E-01
  0.390149E-01     0.543786E-01     0.492109E-01     0.458246E-01     0.535050E-01
  0.527976E-01     0.585247E-01     0.580228E-01     0.572855E-01     0.445132E-01
  0.558408E-01     0.499364E-01     0.438328E-01     0.565761E-01     0.621057E-01
  0.618629E-01     0.598299E-01     0.609189E-01     0.384891E-01     0.392937E-01
  0.572316E-01     0.538756E-01     0.602331E-01     0.631108E-01     0.557639E-01
  0.636161E-01     0.619395E-01     0.584415E-01     0.541692E-01     0.535366E-01
  0.674811E-01     0.489133E-01     0.610439E-01     0.731227E-01     0.573468E-01
  0.641947E-01     0.538221E-01     0.562643E-01     0.630331E-01     0.621024E-01
  0.715576E-01     0.527059E-01     0.527545E-01     0.647352E-01     0.713318E-01
  0.589731E-01     0.644230E-01     0.593250E-01     0.641657E-01     0.467094E-01
  0.667655E-01     0.597950E-01     0.642915E-01     0.646243E-01     0.675323E-01
  0.666704E-01     0.637051E-01     0.668788E-01     0.572511E-01     0.691136E-01
  0.653139E-01     0.525355E-01     0.540718E-01     0.646156E-01     0.621245E-01
  0.582854E-01     0.581301E-01     0.711665E-01     0.662418E-01     0.667508E-01
  0.734377E-01     0.633190E-01     0.571354E-01     0.635335E-01     0.608009E-01
  0.572514E-01     0.674785E-01     0.670423E-01     0.783387E-01     0.710499E-01
  0.562677E-01     0.615115E-01     0.667026E-01     0.591824E-01     0.737038E-01
  0.739832E-01     0.715266E-01     0.667907E-01     0.626406E-01     0.732870E-01
  0.532605E-01     0.727558E-01     0.617037E-01     0.641059E-01     0.814301E-01
  0.689637E-01     0.711542E-01     0.776225E-01     0.770772E-01     0.695817E-01
  0.747332E-01     0.629171E-01     0.750524E-01     0.662521E-01     0.743113E-01
  0.668470E-01     0.587516E-01     0.704186E-01     0.581242E-01     0.732740E-01
  0.509626E-01     0.694944E-01     0.753182E-01     0.501458E-01     0.643903E-01
  0.878760E-01     0.704728E-01     0.897635E-01     0.669276E-01     0.763174E-01
  0.655526E-01     0.663877E-01     0.606035E-01     0.772691E-01     0.735311E-01
  0.745191E-01     0.805779E-01     0.685824E-01     0.630567E-01     0.672621E-01
  0.584113E-01     0.760576E-01     0.711821E-01     0.581680E-01     0.760043E-01
  0.729546E-01     0.666500E-01     0.684986E-01     0.627458E-01     0.508558E-01
  0.705495E-01     0.820702E-01     0.807698E-01     0.824283E-01     0.744218E-01
  0.702374E-01     0.744404E-01     0.786341E-01     0.697903E-01     0.683199E-01
  0.664864E-01     0.690037E-01     0.858832E-01     0.845841E-01     0.527417E-01
  0.665270E-01     0.746762E-01     0.521969E-01     0.540673E-01     0.513989E-01
  0.808129E-01     0.803092E-01     0.802527E-01     0.864624E-01     0.803559E-01
  0.521522E-01     0.765076E-01     0.818683E-01     0.865102E-01     0.858871E-01
  0.767930E-01     0.791965E-01     0.789784E-01     0.823771E-01     0.670811E-01
  0.602798E-01     0.700771E-01     0.859105E-01     0.584909E-01     0.772191E-01
  0.670117E-01     0.547766E-01     0.761389E-01     0.675912E-01     0.660004E-01
  0.691556E-01     0.716217E-01     0.826662E-01     0.775858E-01     0.901896E-01
  0.823320E-01     0.918189E-01     0.532377E-01     0.613641E-01     0.614504E-01
  0.597176E-01     0.838209E-01     0.611093E-01     0.803680E-01     0.682395E-01
  0.923309E-01     0.463042E-01     0.523529E-01     0.665411E-01     0.615614E-01
  0.733810E-01     0.740938E-01     0.592008E-01     0.827927E-01     0.761758E-01
  0.619807E-01     0.642367E-01     0.680199E-01     0.499584E-01     0.742737E-01
  0.542021E-01     0.517968E-01     0.452109E-01     0.668657E-01     0.592376E-01
  0.693605E-01     0.539648E-01     0.547757E-01     0.613180E-01     0.587524E-01
  0.622022E-01     0.607359E-01     0.728425E-01     0.594115E-01     0.647426E-01
  0.571031E-01     0.511003E-01     0.673912E-01     0.601906E-01     0.517479E-01
  0.602510E-01     0.545092E-01     0.551099E-01     0.600093E-01     0.631574E-01
  0.748796E-01     0.744630E-01     0.575955E-01     0.775491E-01     0.439676E-01
  0.775292E-01     0.762402E-01     0.716138E-01     0.488331E-01     0.582601E-01
  0.583850E-01     0.624078E-01     0.551335E-01     0.670417E-01     0.584223E-01
  0.574694E-01     0.667857E-01     0.743820E-01     0.667110E-01     0.698530E-01
  0.664947E-01     0.733256E-01     0.641857E-01     0.586987E-01     0.669516E-01
  0.807675E-01     0.579165E-01     0.803093E-01     0.634474E-01     0.630613E-01
  0.644537E-01     0.653226E-01     0.663161E-01     0.661884E-01     0.677785E-01
  0.647854E-01     0.690654E-01     0.636855E-01     0.583139E-01     0.686936E-01
  0.557862E-01     0.768848E-01     0.583047E-01     0.602359E-01     0.631901E-01
  0.787313E-01     0.766342E-01     0.753431E-01     0.740239E-01     0.709252E-01
  0.712468E-01     0.712364E-01     0.731534E-01     0.719182E-01     0.771654E-01
  0.684327E-01     0.684507E-01     0.734625E-01     0.727152E-01     0.753657E-01
  0.756062E-01     0.774196E-01     0.861621E-01     0.784424E-01     0.781800E-01
  0.795418E-01     0.757653E-01     0.736576E-01     0.690720E-01     0.725133E-01
  0.762650E-01     0.753815E-01     0.805568E-01     0.751564E-01     0.807990E-01
  0.857348E-01     0.996308E-01     0.836917E-01     0.791234E-01     0.846353E-01
  0.789253E-01     0.858615E-01     0.839988E-01     0.903182E-01     0.864214E-01
  0.795694E-01     0.856796E-01     0.851751E-01     0.771999E-01     0.757047E-01
  0.872310E-01     0.854427E-01     0.896638E-01     0.784379E-01     0.803569E-01
  0.810177E-01     0.916544E-01     0.827633E-01     0.101959E+00     0.875725E-01
  0.902635E-01     0.881175E-01     0.870918E-01     0.759299E-01     0.895440E-01
  0.979142E-01     0.841723E-01     0.938761E-01     0.941941E-01     0.921257E-01
  0.904282E-01     0.753242E-01     0.802359E-01     0.818504E-01     0.882474E-01
  0.923960E-01     0.905037E-01     0.100425E+00     0.994058E-01     0.851354E-01
  0.903848E-01     0.103827E+00     0.929195E-01     0.118779E+00     0.107504E+00
  0.988716E-01     0.918567E-01     0.113593E+00     0.103544E+00     0.108920E+00
  0.108894E+00     0.104659E+00     0.103374E+00     0.108058E+00     0.772887E-01
  0.916643E-01     0.881010E-01     0.103448E+00     0.968132E-01     0.950748E-01
  0.106962E+00     0.862296E-01     0.943420E-01     0.894604E-01     0.102788E+00
  0.114166E+00     0.972303E-01     0.876656E-01     0.946188E-01     0.123942E+00
  0.964412E-01     0.116137E+00     0.108846E+00     0.110151E+00     0.113938E+00
  0.108233E+00     0.104938E+00     0.976532E-01     0.991278E-01     0.114758E+00
  0.915342E-01     0.111433E+00     0.984207E-01     0.117072E+00     0.111909E+00
  0.103123E+00     0.124050E+00     0.119356E+00     0.945903E-01     0.107905E+00
  0.870973E-01     0.104652E+00     0.115843E+00     0.108216E+00     0.113184E+00
  0.110320E+00     0.124541E+00     0.121465E+00     0.113752E+00     0.125850E+00
  0.115314E+00     0.124226E+00     0.966419E-01     0.108843E+00     0.115876E+00
  0.100956E+00     0.110472E+00     0.108043E+00     0.109823E+00     0.134741E+00
  0.123212E+00     0.986007E-01     0.942107E-01     0.123754E+00     0.137523E+00
  0.141847E+00     0.132430E+00     0.116010E+00     0.121002E+00     0.125898E+00
  0.128819E+00     0.151604E+00     0.142231E+00     0.123626E+00     0.112266E+00
  0.128730E+00     0.118068E+00     0.130545E+00     0.123177E+00     0.123072E+00
  0.131900E+00     0.133718E+00     0.141301E+00     0.140522E+00     0.115836E+00
  0.149304E+00     0.121664E+00     0.120803E+00     0.124649E+00     0.142362E+00
  0.149100E+00     0.153797E+00     0.135244E+00     0.135461E+00     0.125964E+00
  0.131185E+00     0.128035E+00     0.146022E+00     0.137461E+00     0.136818E+00
  0.162746E+00     0.118955E+00     0.143056E+00     0.157329E+00     0.134737E+00
  0.135219E+00     0.143422E+00     0.135583E+00     0.155780E+00     0.140039E+00
  0.123473E+00     0.117955E+00     0.144897E+00     0.172270E+00     0.135014E+00
  0.105549E+00     0.157608E+00     0.122177E+00     0.125902E+00     0.137005E+00
  0.119881E+00     0.131079E+00     0.174185E+00     0.140510E+00     0.162571E+00
  0.165377E+00     0.157207E+00     0.178414E+00     0.169006E+00     0.170573E+00
  0.167573E+00     0.166051E+00     0.145044E+00     0.133784E+00     0.143630E+00
  0.196218E+00     0.175031E+00     0.184391E+00     0.151892E+00     0.147800E+00
  0.168675E+00     0.217770E+00     0.155868E+00     0.169307E+00     0.168983E+00
  0.169642E+00     0.187828E+00     0.220576E+00     0.137262E+00     0.170688E+00
  0.178224E+00     0.168599E+00     0.190884E+00     0.194956E+00     0.178545E+00
  0.203106E+00     0.179595E+00     0.190793E+00     0.228533E+00     0.226830E+00
  0.222339E+00     0.159217E+00     0.170875E+00     0.168217E+00     0.178394E+00
  0.164208E+00     0.177240E+00     0.213109E+00     0.143026E+00     0.199046E+00
  0.162295E+00     0.120827E+00     0.213631E+00     0.226077E+00     0.197812E+00
  0.202801E+00     0.187578E+00     0.150841E+00     0.166513E+00     0.181409E+00
  0.222071E+00     0.117535E+00     0.182905E+00     0.249221E+00     0.174187E+00
  0.212827E+00     0.197765E+00     0.186341E+00     0.251748E+00     0.221858E+00
  0.218558E+00     0.206571E+00     0.129033E+00     0.211795E+00     0.251098E+00
  0.234547E+00     0.179321E+00     0.270771E+00     0.189480E+00     0.193225E+00
  0.207844E+00     0.195314E+00     0.239998E+00     0.272183E+00     0.229186E+00
  0.154158E+00     0.167235E+00     0.185700E+00     0.139004E+00     0.171309E+00
  0.185528E+00     0.217582E+00     0.156438E+00     0.175086E+00     0.216532E+00
  0.233600E+00     0.237343E+00     0.166234E+00     0.188785E+00     0.210025E+00
  0.147673E+00     0.191774E+00     0.222704E+00     0.188578E+00     0.208167E+00
  0.189998E+00     0.208161E+00     0.197497E+00     0.223495E+00     0.212581E+00
  0.236245E+00     0.185744E+00     0.301480E+00     0.207489E+00     0.235804E+00
  0.238155E+00     0.224789E+00     0.260318E+00     0.234395E+00     0.266310E+00
  0.259774E+00     0.246336E+00     0.265314E+00     0.264983E+00     0.279117E+00
  0.281139E+00     0.225174E+00     0.277508E+00     0.343941E+00     0.269510E+00
  0.315516E+00     0.336218E+00     0.305388E+00     0.313652E+00     0.344731E+00
  0.415128E+00     0.474461E+00     0.400509E+00     0.472998E+00     0.477721E+00
  0.471934E+00     0.629343E+00     0.839700E+00     0.573281E+00     0.729128E+00
  0.535207E+00     0.465462E+00     0.662929E+00     0.628301E+00     0.523205E+00
  0.842412E+00     0.644538E+00     0.588331E+00     0.630482E+00     0.903530E+00
  0.607519E+00     0.674190E+00     0.850206E+00     0.827820E+00     0.805484E+00
  0.813306E+00     0.972018E+00     0.937347E+00     0.906801E+00     0.105447E+01
  0.914052E+00     0.866071E+00     0.103129E+01     0.896006E+00     0.874557E+00
  0.937388E+00     0.101749E+01     0.113557E+01     0.118713E+01     0.130576E+01
  0.118172E+01     0.114641E+01     0.120879E+01     0.139223E+01     0.113132E+01
  0.120752E+01     0.137588E+01     0.122062E+01     0.145523E+01     0.109189E+01
  0.129065E+01     0.124110E+01     0.119694E+01     0.127910E+01     0.128306E+01
  0.143286E+01     0.126146E+01     0.133008E+01
 eigen energies, in ev
    -46.551914       -46.387527       -46.137061       -45.667476       -45.626031
    -28.719709       -28.546988       -28.460717       -28.417061       -28.117742
    -28.064103       -28.057817       -28.046202       -28.033697       -28.021014
    -27.976817       -27.956719       -27.950106       -27.921384       -27.906459
    -27.871424       -27.864218       -27.839052       -27.830166       -27.764220
    -27.762500       -27.739513       -27.732347       -27.683994       -27.683341
    -27.606137       -27.584147       -27.568516       -27.535862       -27.531142
    -27.510207       -27.498125       -27.497834       -27.465960       -27.432120
    -27.351001       -27.349111       -27.347670       -27.342716       -27.318297
    -27.296156       -27.245122       -27.221848       -27.219666       -27.198648
    -27.176276       -27.165788       -27.155760       -27.151317       -27.111617
    -27.052620       -27.011089       -26.998604       -26.957978       -26.947540
    -26.944037       -26.934776       -26.915946       -26.901352       -26.898229
    -26.872280       -26.868792       -26.863483       -26.813741       -26.792189
    -26.684875       -26.671589       -26.663982       -26.658516       -26.613483
    -26.583415       -26.497501       -26.434537       -26.431072       -26.429154
    -26.401955       -26.387326       -26.305061       -26.291394       -26.287799
    -26.280166       -26.223366       -26.215948       -26.213626       -26.196329
    -26.189387       -26.177785       -26.176966       -26.160829       -26.132417
    -26.088059       -26.043550       -26.023518       -25.983933       -25.979982
    -25.978559       -25.938553       -25.926013       -25.925588       -25.918080
    -25.906463       -25.902896       -25.882889       -25.879926       -25.864667
    -25.849032       -25.842687       -25.841748       -25.787312       -25.784124
    -25.760527       -25.749633       -25.742555       -25.715503       -25.701677
    -25.692568       -25.666846       -25.637848       -25.626495       -25.624409
    -25.617292       -25.567447       -25.559628       -25.541905       -25.511593
    -25.447240       -25.434133       -25.430959       -25.429524       -25.429249
    -25.422318       -25.398592       -25.364233       -25.346402       -25.339281
    -25.285862       -25.237233       -25.232873       -25.186407       -25.165469
    -25.135857       -25.115256       -25.072417       -24.946763       -24.921010
    -24.904239       -24.699466       -24.695795       -24.506831       -24.493484
    -24.424156       -24.336999       -24.278852       -24.249985       -24.135147
    -24.118271       -24.107393       -24.050823       -24.036223       -23.942756
    -23.856631       -23.655697       -23.571928       -23.570356       -23.565204
    -23.548041       -23.520088       -23.339386       -23.271814       -23.157030
    -23.139888       -23.122508       -23.000851       -22.996721       -22.963983
    -22.896032       -22.774935       -22.758934       -22.670436       -22.632606
    -22.619482       -22.596881       -22.498422       -22.455650       -22.290173
    -20.738475       -20.016196       -19.754119       -19.394528       -19.354815
    -19.153411       -18.603362       -18.311069       -18.242270       -18.126769
    -18.101877       -18.094782       -18.072285       -17.865515       -17.778855
    -17.759777       -17.397791       -17.247041       -17.201625       -17.131439
    -17.099877       -17.026436       -17.019178       -16.945314       -16.940752
    -16.904020       -16.640343       -16.628705       -16.613949       -16.478357
    -16.472110       -16.454622       -16.393849       -16.353453       -16.315331
    -16.211678       -16.164173       -16.054034       -15.748487       -15.455431
    -15.255593       -15.052527       -14.998206       -14.929413       -14.896096
    -14.843236       -14.821637       -14.717457       -14.640325       -14.623133
    -14.618413       -14.615138       -14.584093       -14.499162       -14.496073
    -14.437952       -14.372229       -14.342205       -14.318881       -14.302871
    -14.296649       -14.293820       -14.250900       -14.212013       -14.181630
    -14.126126       -14.074286       -14.070776       -13.976170       -13.947271
    -13.864756       -13.859596       -13.836671       -13.812703       -13.758909
    -13.753243       -13.628739       -13.611284       -13.598296       -13.543196
    -13.494904       -13.441475       -13.413345       -13.329574       -13.237966
    -13.230169       -12.723300       -12.600333       -12.593926       -12.571675
    -12.531742       -12.499833       -12.481210       -12.396587       -12.390146
    -12.375717       -12.337763       -12.332011       -12.308741       -12.215699
    -12.143187       -12.081873       -12.068552       -12.031990       -12.022846
    -12.011410       -11.932829       -11.912262       -11.907812       -11.902434
    -11.892113       -11.882540       -11.863288       -11.846086       -11.840584
    -11.806578       -11.770044       -11.689846       -11.666224       -11.654012
    -11.621506       -11.616168       -11.601705       -11.588804       -11.472436
    -11.464073       -11.440860       -11.425231       -11.423089       -11.401413
    -11.354747       -11.349579       -11.333995       -11.330288       -11.300793
    -11.293889       -11.277239       -11.263537       -11.252600       -11.236488
    -11.198768       -11.148314       -11.091299       -11.082577       -11.046243
    -11.026482       -10.891327       -10.847648       -10.827218       -10.802910
    -10.789145       -10.730848       -10.715531       -10.702656       -10.672092
    -10.649465       -10.632348       -10.612808       -10.597188       -10.576011
    -10.569740       -10.558764       -10.538758       -10.530787       -10.514678
    -10.500875       -10.493714       -10.486957       -10.474357       -10.470027
    -10.450451       -10.433257       -10.416307       -10.390099       -10.386557
    -10.381998       -10.361129       -10.347207       -10.329011       -10.326413
    -10.321387       -10.302732       -10.289654       -10.282399       -10.276477
    -10.265012       -10.258901       -10.257045       -10.245633       -10.240938
    -10.230084       -10.220034       -10.214748       -10.200092       -10.194943
    -10.193591       -10.187622       -10.179194       -10.174919       -10.151002
    -10.143508       -10.126693       -10.122691       -10.111257       -10.106391
    -10.096041       -10.087206       -10.082546       -10.072272       -10.071388
    -10.068779       -10.063223       -10.056101       -10.049410       -10.044982
    -10.034427       -10.027174       -10.020355       -10.002621       -10.000531
     -9.991542        -9.967030        -9.945712        -9.931535        -9.880811
     -9.858084        -9.857039        -9.848081        -9.841549        -9.836006
     -9.800727        -9.788574        -9.781951        -9.778759        -9.752627
     -9.749248        -9.740951        -9.731470        -9.711852        -9.700295
     -9.683539        -9.658525        -9.651194        -9.639270        -9.631716
     -9.620038        -9.613211        -9.610060        -9.596637        -9.583099
     -9.576107        -9.558561        -9.549582        -9.524065        -9.508499
     -9.496989        -9.484586        -9.478469        -9.460076        -9.449626
     -9.443512        -9.441168        -9.434354        -9.420930        -9.407008
     -9.393763        -9.391794        -9.385857        -9.366044        -9.352436
     -9.311405        -9.305142        -9.304477        -9.290829        -9.286783
     -9.280949        -9.280002        -9.269594        -9.267375        -9.254972
     -9.252590        -9.236278        -9.227022        -9.219176        -9.210611
     -9.198590        -9.195766        -9.189057        -9.176604        -9.167590
     -9.163212        -9.150550        -9.149625        -9.136790        -9.125671
     -9.112357        -9.109054        -9.104207        -9.093969        -9.075061
     -9.069602        -9.062785        -9.056764        -9.043465        -9.036041
     -9.032723        -9.005884        -8.994754        -8.974494        -8.942742
     -8.940647        -8.932365        -8.925490        -8.903295        -8.900485
     -8.883099        -8.871553        -8.859690        -8.851091        -8.839741
     -8.822954        -8.810111        -8.797767        -8.793661        -8.785361
     -8.769045        -8.748678        -8.734256        -8.726386        -8.696114
     -8.689377        -8.673354        -8.670190        -8.668114        -8.648039
     -8.630347        -8.626870        -8.611314        -8.601888        -8.594731
     -8.589268        -8.587404        -8.577937        -8.566216        -8.544671
     -8.544108        -8.533265        -8.524178        -8.521153        -8.498893
     -8.480259        -8.467400        -8.458900        -8.448048        -8.446124
     -8.435016        -8.399392        -8.397389        -8.395430        -8.370767
     -8.363005        -8.353224        -8.346997        -8.325288        -8.313704
     -8.296263        -8.288189        -8.274219        -8.227294        -8.224264
     -8.177188        -8.164015        -8.154685        -8.126426        -8.088315
     -8.079895        -8.072488        -8.058587        -8.048591        -8.029068
     -8.004048        -7.985999        -7.953105        -7.945792        -7.942049
     -7.928989        -7.914507        -7.882470        -7.869593        -7.850498
     -7.816832        -7.810404        -7.799156        -7.781692        -7.773432
     -7.747311        -7.704065        -7.685579        -7.671055        -7.650876
     -7.645896        -7.643994        -7.636149        -7.618457        -7.612189
     -7.588858        -7.576195        -7.546880        -7.530422        -7.501867
     -7.493030        -7.461950        -7.432157        -7.427395        -7.421136
     -7.380277        -7.371618        -7.355866        -7.343655        -7.306777
     -7.272405        -7.255388        -7.229268        -7.218690        -7.211770
     -7.162707        -7.151405        -7.143242        -7.139900        -7.106305
     -7.096988        -7.086000        -7.054501        -7.052139        -7.043774
     -7.039745        -7.030743        -6.996274        -6.992336        -6.984067
     -6.950571        -6.940610        -6.921077        -6.909360        -6.904335
     -6.895635        -6.888040        -6.880659        -6.858629        -6.847730
     -6.834961        -6.819684        -6.816146        -6.805791        -6.783374
     -6.769603        -6.764552        -6.755004        -6.746373        -6.729049
     -6.721190        -6.710075        -6.704588        -6.700142        -6.692181
     -6.684744        -6.679444        -6.669999        -6.657542        -6.647495
     -6.646932        -6.638201        -6.632765        -6.626716        -6.607816
     -6.602011        -6.596523        -6.571200        -6.555632        -6.547339
     -6.520722        -6.512674        -6.508627        -6.498963        -6.491687
     -6.489650        -6.478988        -6.473775        -6.464513        -6.451647
     -6.443784        -6.428144        -6.423366        -6.410039        -6.396850
     -6.389628        -6.385799        -6.382198        -6.371741        -6.370488
     -6.351403        -6.334664        -6.323089        -6.309994        -6.298337
     -6.293892        -6.288124        -6.278336        -6.272964        -6.267362
     -6.245078        -6.228314        -6.220433        -6.216532        -6.181562
     -6.171526        -6.165153        -6.158540        -6.141498        -6.135759
     -6.120593        -6.106886        -6.088583        -6.085769        -6.084982
     -6.081057        -6.075153        -6.063391        -6.054632        -6.039657
     -6.038016        -6.030901        -6.020012        -6.016799        -6.009021
     -6.008008        -5.992007        -5.983892        -5.975683        -5.972059
     -5.970174        -5.954875        -5.950707        -5.948907        -5.944245
     -5.928187        -5.920038        -5.912414        -5.907357        -5.895743
     -5.883109        -5.873668        -5.872234        -5.859989        -5.855636
     -5.848567        -5.842990        -5.834916        -5.833274        -5.828953
     -5.815989        -5.810364        -5.804027        -5.797422        -5.790684
     -5.782250        -5.776889        -5.768119        -5.762274        -5.757281
     -5.749153        -5.747815        -5.740763        -5.732914        -5.727832
     -5.718813        -5.716899        -5.706920        -5.702430        -5.700553
     -5.688921        -5.685999        -5.683670        -5.680515        -5.674693
     -5.661898        -5.654483        -5.642121        -5.633824        -5.626637
     -5.620552        -5.614375        -5.609216        -5.605828        -5.598608
     -5.595768        -5.591505        -5.582857        -5.577984        -5.575420
     -5.565895        -5.560198        -5.556197        -5.551627        -5.546808
     -5.539938        -5.536064        -5.533892        -5.524804        -5.513783
     -5.508817        -5.502142        -5.497427        -5.494228        -5.491818
     -5.484547        -5.483221        -5.462368        -5.456846        -5.444519
     -5.442604        -5.436914        -5.436245        -5.426820        -5.413493
     -5.407407        -5.395928        -5.388337        -5.383698        -5.376759
     -5.373328        -5.369108        -5.364333        -5.360933        -5.349210
     -5.339754        -5.336099        -5.334471        -5.331027        -5.326187
     -5.315883        -5.312313        -5.296479        -5.288480        -5.286099
     -5.279000        -5.269135        -5.265770        -5.253930        -5.251923
     -5.242491        -5.235739        -5.230605        -5.224771        -5.220484
     -5.214508        -5.207228        -5.194188        -5.192287        -5.189337
     -5.187453        -5.182521        -5.177698        -5.167356        -5.162518
     -5.157984        -5.156811        -5.140301        -5.134959        -5.128851
     -5.124525        -5.116751        -5.100900        -5.083204        -5.080061
     -5.073077        -5.068606        -5.063502        -5.052835        -5.049351
     -5.041741        -5.036266        -5.028987        -5.027650        -5.023046
     -5.006370        -4.997146        -4.978696        -4.967210        -4.962919
     -4.947774        -4.945639        -4.944450        -4.934095        -4.929291
     -4.922831        -4.914657        -4.909961        -4.891950        -4.883050
     -4.876216        -4.843661        -4.838378        -4.827099        -4.824441
     -4.819072        -4.796673        -4.793503        -4.789902        -4.767350
     -4.760999        -4.730989        -4.723939        -4.709039        -4.697868
     -4.682731        -4.665760        -4.651951        -4.647914        -4.642712
     -4.624006        -4.609144        -4.603506        -4.568052        -4.550188
     -4.538472        -4.526545        -4.525615        -4.460841        -4.425200
     -4.389271        -4.329180        -4.312781        -4.243110        -4.232807
     -4.137502        -4.093190        -4.050814        -4.031777        -4.003564
     -3.994580        -3.957012        -3.916457        -3.913982        -3.911909
     -3.881426        -3.879386        -3.868471        -3.835606        -3.830999
     -3.807989        -3.796877        -3.762905        -3.752979        -3.744353
     -3.721789        -3.695794        -3.652175        -3.606946        -3.590339
     -3.568336        -3.542658        -3.538347        -3.528677        -3.505010
     -3.480017        -3.439530        -3.352775        -3.335531        -3.326772
     -3.298585        -3.273092        -3.205845        -3.160690        -3.112323
     -3.020049        -3.013904        -2.977830        -2.840533        -2.512818
      0.087314         0.619468         0.808224         1.087920         1.121949
      1.293550         1.301205         1.312675         1.491547         1.567439
      2.033251         2.376134         2.541392         2.610790         2.750407
      2.870099         2.947231         3.014887         3.079496         3.105567
      3.207062         3.235499         3.273505         3.292371         3.368980
      3.383132         3.446870         3.459244         3.511949         3.558742
      3.608908         3.649638         3.672251         3.694230         3.714033
      3.738567         3.773396         3.791957         3.810568         3.844394
      3.885761         3.919904         3.968447         3.996963         4.020868
      4.043860         4.062828         4.109430         4.145662         4.183474
      4.212539         4.246367         4.288550         4.302989         4.351372
      4.385952         4.429865         4.496114
 *********************************
 sum eigen(dbl occ, ryd)=  -1675.39104884809     
 *********************************
 total steps run non-scf:            6
 One SCF use:    81.1295921802521       s
 *********************************
 ****** kpt=           1
 err of each states, eV
  0.109495E-01     0.112878E-01     0.112033E-01     0.109225E-01     0.112596E-01
  0.690346E-02     0.645396E-02     0.622665E-02     0.638408E-02     0.621780E-02
  0.634644E-02     0.594846E-02     0.605652E-02     0.612578E-02     0.593467E-02
  0.606909E-02     0.572668E-02     0.627075E-02     0.625246E-02     0.621866E-02
  0.613451E-02     0.600892E-02     0.577820E-02     0.582985E-02     0.579661E-02
  0.601977E-02     0.597517E-02     0.625769E-02     0.582222E-02     0.609098E-02
  0.655681E-02     0.635939E-02     0.633079E-02     0.611092E-02     0.610014E-02
  0.644552E-02     0.539330E-02     0.603255E-02     0.598414E-02     0.533960E-02
  0.545872E-02     0.555123E-02     0.564827E-02     0.570920E-02     0.558960E-02
  0.566702E-02     0.568219E-02     0.551005E-02     0.569832E-02     0.565659E-02
  0.544211E-02     0.580421E-02     0.582013E-02     0.574919E-02     0.534939E-02
  0.558315E-02     0.552873E-02     0.603475E-02     0.550929E-02     0.585345E-02
  0.557070E-02     0.584543E-02     0.546730E-02     0.562317E-02     0.533890E-02
  0.646903E-02     0.556947E-02     0.639997E-02     0.662127E-02     0.577196E-02
  0.533602E-02     0.541815E-02     0.651241E-02     0.599465E-02     0.582083E-02
  0.571344E-02     0.509243E-02     0.649771E-02     0.608107E-02     0.518382E-02
  0.484633E-02     0.610631E-02     0.614031E-02     0.625636E-02     0.568638E-02
  0.484025E-02     0.661041E-02     0.565995E-02     0.622624E-02     0.646732E-02
  0.635089E-02     0.652482E-02     0.488212E-02     0.581437E-02     0.616092E-02
  0.552805E-02     0.697379E-02     0.607561E-02     0.627848E-02     0.554428E-02
  0.496650E-02     0.487438E-02     0.642157E-02     0.503878E-02     0.645674E-02
  0.622575E-02     0.551559E-02     0.592559E-02     0.535685E-02     0.679600E-02
  0.569257E-02     0.548274E-02     0.595304E-02     0.479974E-02     0.459030E-02
  0.570970E-02     0.473505E-02     0.600942E-02     0.557787E-02     0.552453E-02
  0.616730E-02     0.536003E-02     0.516882E-02     0.528648E-02     0.581767E-02
  0.568011E-02     0.595684E-02     0.551021E-02     0.400971E-02     0.625119E-02
  0.576455E-02     0.476500E-02     0.584660E-02     0.562321E-02     0.509586E-02
  0.445680E-02     0.533660E-02     0.544137E-02     0.534050E-02     0.609393E-02
  0.579075E-02     0.562678E-02     0.553047E-02     0.509968E-02     0.544904E-02
  0.486094E-02     0.563766E-02     0.592088E-02     0.443030E-02     0.507392E-02
  0.526643E-02     0.455877E-02     0.491328E-02     0.383441E-02     0.472256E-02
  0.435186E-02     0.503800E-02     0.453447E-02     0.403949E-02     0.420632E-02
  0.385983E-02     0.411883E-02     0.438276E-02     0.486688E-02     0.549677E-02
  0.328806E-02     0.453869E-02     0.381211E-02     0.365971E-02     0.378619E-02
  0.412072E-02     0.394469E-02     0.362995E-02     0.361067E-02     0.405855E-02
  0.412556E-02     0.425724E-02     0.443469E-02     0.399902E-02     0.430147E-02
  0.378563E-02     0.338715E-02     0.363726E-02     0.472906E-02     0.336674E-02
  0.345158E-02     0.357981E-02     0.380982E-02     0.402043E-02     0.423244E-02
  0.427217E-02     0.368027E-02     0.421475E-02     0.333548E-02     0.369876E-02
  0.794883E-02     0.725896E-02     0.663466E-02     0.681352E-02     0.656353E-02
  0.693697E-02     0.613502E-02     0.661074E-02     0.602240E-02     0.580339E-02
  0.644372E-02     0.357218E-02     0.316391E-02     0.336338E-02     0.335469E-02
  0.314081E-02     0.377181E-02     0.656954E-02     0.618437E-02     0.310655E-02
  0.279828E-02     0.586906E-02     0.553201E-02     0.327453E-02     0.626883E-02
  0.568152E-02     0.624521E-02     0.640599E-02     0.611913E-02     0.631128E-02
  0.578051E-02     0.578908E-02     0.620682E-02     0.651329E-02     0.626380E-02
  0.704113E-02     0.623555E-02     0.692605E-02     0.894387E-02     0.677753E-02
  0.622115E-02     0.679520E-02     0.759818E-02     0.763882E-02     0.691401E-02
  0.650676E-02     0.698910E-02     0.664390E-02     0.686718E-02     0.664589E-02
  0.748810E-02     0.713562E-02     0.792977E-02     0.709749E-02     0.650262E-02
  0.738970E-02     0.692826E-02     0.678254E-02     0.714444E-02     0.767695E-02
  0.729570E-02     0.663728E-02     0.643362E-02     0.694011E-02     0.640715E-02
  0.691135E-02     0.702834E-02     0.760093E-02     0.702684E-02     0.749451E-02
  0.640485E-02     0.664618E-02     0.626043E-02     0.669258E-02     0.655757E-02
  0.708578E-02     0.650822E-02     0.578293E-02     0.642621E-02     0.752677E-02
  0.605148E-02     0.882924E-02     0.675803E-02     0.690269E-02     0.589305E-02
  0.567122E-02     0.718081E-02     0.787690E-02     0.783737E-02     0.632166E-02
  0.773565E-02     0.664814E-02     0.635402E-02     0.635429E-02     0.761182E-02
  0.599250E-02     0.806446E-02     0.757474E-02     0.727360E-02     0.712963E-02
  0.742038E-02     0.784164E-02     0.786800E-02     0.767599E-02     0.784199E-02
  0.758195E-02     0.752431E-02     0.542837E-02     0.729311E-02     0.750857E-02
  0.714677E-02     0.779126E-02     0.819788E-02     0.805504E-02     0.738866E-02
  0.830583E-02     0.831137E-02     0.930604E-02     0.781212E-02     0.829416E-02
  0.761203E-02     0.785250E-02     0.710443E-02     0.612407E-02     0.778747E-02
  0.795935E-02     0.861624E-02     0.692444E-02     0.693560E-02     0.756940E-02
  0.830010E-02     0.789214E-02     0.787224E-02     0.702875E-02     0.751361E-02
  0.824033E-02     0.944055E-02     0.827478E-02     0.751631E-02     0.776291E-02
  0.119029E-01     0.109903E-01     0.116731E-01     0.112906E-01     0.875754E-02
  0.107675E-01     0.844502E-02     0.803668E-02     0.862359E-02     0.911066E-02
  0.614990E-02     0.835112E-02     0.822192E-02     0.803594E-02     0.838623E-02
  0.104613E-01     0.116545E-01     0.964676E-02     0.108282E-01     0.764113E-02
  0.897108E-02     0.731804E-02     0.769503E-02     0.118588E-01     0.116330E-01
  0.116874E-01     0.117499E-01     0.914996E-02     0.597197E-02     0.620836E-02
  0.110230E-01     0.929866E-02     0.104894E-01     0.116099E-01     0.107906E-01
  0.118482E-01     0.104928E-01     0.878560E-02     0.976858E-02     0.970029E-02
  0.928609E-02     0.903513E-02     0.957307E-02     0.113750E-01     0.117955E-01
  0.104420E-01     0.927625E-02     0.102389E-01     0.111963E-01     0.113490E-01
  0.108663E-01     0.106841E-01     0.101230E-01     0.110837E-01     0.128518E-01
  0.103642E-01     0.108688E-01     0.101735E-01     0.105058E-01     0.853260E-02
  0.120829E-01     0.109678E-01     0.113777E-01     0.115542E-01     0.115108E-01
  0.114180E-01     0.115793E-01     0.117914E-01     0.110466E-01     0.124092E-01
  0.106030E-01     0.100839E-01     0.101843E-01     0.128416E-01     0.991671E-02
  0.117235E-01     0.107195E-01     0.133809E-01     0.129695E-01     0.125744E-01
  0.112677E-01     0.109286E-01     0.112140E-01     0.115754E-01     0.106607E-01
  0.103236E-01     0.125956E-01     0.126644E-01     0.128443E-01     0.121359E-01
  0.108391E-01     0.117139E-01     0.128159E-01     0.100658E-01     0.128018E-01
  0.138798E-01     0.113051E-01     0.126198E-01     0.120742E-01     0.125909E-01
  0.111499E-01     0.140767E-01     0.116273E-01     0.123145E-01     0.153042E-01
  0.143089E-01     0.144019E-01     0.154170E-01     0.133312E-01     0.128907E-01
  0.138506E-01     0.115362E-01     0.131925E-01     0.120382E-01     0.132528E-01
  0.126505E-01     0.112380E-01     0.131038E-01     0.118735E-01     0.144357E-01
  0.102468E-01     0.116652E-01     0.127043E-01     0.106031E-01     0.120006E-01
  0.153062E-01     0.139763E-01     0.141083E-01     0.122288E-01     0.140340E-01
  0.127927E-01     0.128079E-01     0.121756E-01     0.142351E-01     0.136912E-01
  0.136892E-01     0.153793E-01     0.133774E-01     0.128238E-01     0.130350E-01
  0.112608E-01     0.138224E-01     0.125661E-01     0.114778E-01     0.137425E-01
  0.134434E-01     0.140907E-01     0.131278E-01     0.124274E-01     0.107781E-01
  0.145424E-01     0.160278E-01     0.147731E-01     0.155623E-01     0.142559E-01
  0.137147E-01     0.139422E-01     0.150884E-01     0.136732E-01     0.134262E-01
  0.133861E-01     0.142041E-01     0.163876E-01     0.154833E-01     0.100561E-01
  0.115572E-01     0.135547E-01     0.102195E-01     0.104419E-01     0.998775E-02
  0.158458E-01     0.161512E-01     0.161345E-01     0.167683E-01     0.166246E-01
  0.118180E-01     0.154723E-01     0.169242E-01     0.171115E-01     0.173506E-01
  0.149103E-01     0.154885E-01     0.152338E-01     0.160804E-01     0.133333E-01
  0.118528E-01     0.131092E-01     0.157759E-01     0.115865E-01     0.150372E-01
  0.132738E-01     0.113391E-01     0.149903E-01     0.124879E-01     0.130703E-01
  0.145324E-01     0.140095E-01     0.167780E-01     0.150926E-01     0.157993E-01
  0.170629E-01     0.191427E-01     0.115536E-01     0.134615E-01     0.132011E-01
  0.129519E-01     0.169522E-01     0.126704E-01     0.150162E-01     0.143016E-01
  0.159770E-01     0.106057E-01     0.112562E-01     0.129174E-01     0.126645E-01
  0.147940E-01     0.163947E-01     0.115377E-01     0.150735E-01     0.143471E-01
  0.133163E-01     0.131525E-01     0.139894E-01     0.967846E-02     0.164131E-01
  0.106822E-01     0.952548E-02     0.837608E-02     0.134623E-01     0.104762E-01
  0.130532E-01     0.108294E-01     0.114242E-01     0.110245E-01     0.106781E-01
  0.121415E-01     0.100707E-01     0.132847E-01     0.121760E-01     0.132938E-01
  0.115973E-01     0.111349E-01     0.128488E-01     0.113277E-01     0.114963E-01
  0.109967E-01     0.995275E-02     0.114087E-01     0.115474E-01     0.131427E-01
  0.155999E-01     0.144478E-01     0.111697E-01     0.140347E-01     0.103210E-01
  0.144592E-01     0.143069E-01     0.140361E-01     0.115522E-01     0.116173E-01
  0.119171E-01     0.131062E-01     0.114337E-01     0.133268E-01     0.125290E-01
  0.102300E-01     0.131870E-01     0.146172E-01     0.133871E-01     0.143512E-01
  0.130295E-01     0.139269E-01     0.124812E-01     0.116419E-01     0.126384E-01
  0.148282E-01     0.121436E-01     0.140741E-01     0.124938E-01     0.128286E-01
  0.126455E-01     0.131146E-01     0.122462E-01     0.142636E-01     0.132969E-01
  0.128666E-01     0.131847E-01     0.114493E-01     0.121951E-01     0.136316E-01
  0.118525E-01     0.157823E-01     0.116549E-01     0.114664E-01     0.126857E-01
  0.157019E-01     0.152025E-01     0.149187E-01     0.161711E-01     0.145249E-01
  0.138470E-01     0.146433E-01     0.139270E-01     0.148170E-01     0.147516E-01
  0.143678E-01     0.145539E-01     0.141192E-01     0.141940E-01     0.147172E-01
  0.156042E-01     0.159201E-01     0.178310E-01     0.163876E-01     0.169933E-01
  0.144597E-01     0.158499E-01     0.145929E-01     0.141394E-01     0.145793E-01
  0.165651E-01     0.154686E-01     0.169053E-01     0.156465E-01     0.171527E-01
  0.181447E-01     0.214156E-01     0.169720E-01     0.152277E-01     0.165359E-01
  0.171017E-01     0.171194E-01     0.175103E-01     0.185607E-01     0.184794E-01
  0.164639E-01     0.170235E-01     0.177562E-01     0.169799E-01     0.165493E-01
  0.176786E-01     0.183646E-01     0.179347E-01     0.155340E-01     0.167749E-01
  0.170940E-01     0.191307E-01     0.177384E-01     0.218052E-01     0.196343E-01
  0.193776E-01     0.179105E-01     0.183306E-01     0.171471E-01     0.196122E-01
  0.203957E-01     0.177132E-01     0.189552E-01     0.209678E-01     0.196971E-01
  0.189670E-01     0.159963E-01     0.180440E-01     0.172276E-01     0.198982E-01
  0.190915E-01     0.202691E-01     0.215051E-01     0.211671E-01     0.184538E-01
  0.193380E-01     0.222768E-01     0.194744E-01     0.264953E-01     0.231620E-01
  0.204980E-01     0.205322E-01     0.246054E-01     0.224555E-01     0.222534E-01
  0.227466E-01     0.228901E-01     0.221043E-01     0.245653E-01     0.227984E-01
  0.169066E-01     0.199837E-01     0.234742E-01     0.215329E-01     0.218505E-01
  0.223736E-01     0.181203E-01     0.212834E-01     0.186417E-01     0.231655E-01
  0.239698E-01     0.224885E-01     0.216258E-01     0.205281E-01     0.280000E-01
  0.240407E-01     0.250883E-01     0.242614E-01     0.248348E-01     0.247322E-01
  0.250382E-01     0.236559E-01     0.220015E-01     0.234910E-01     0.249348E-01
  0.216983E-01     0.228874E-01     0.241435E-01     0.250004E-01     0.235171E-01
  0.233180E-01     0.278507E-01     0.256853E-01     0.209444E-01     0.238448E-01
  0.194868E-01     0.244082E-01     0.275425E-01     0.240796E-01     0.262798E-01
  0.256709E-01     0.279672E-01     0.292979E-01     0.253844E-01     0.280241E-01
  0.255637E-01     0.256803E-01     0.232314E-01     0.257590E-01     0.245616E-01
  0.236518E-01     0.237836E-01     0.238160E-01     0.254816E-01     0.295228E-01
  0.284153E-01     0.211099E-01     0.219627E-01     0.276828E-01     0.365749E-01
  0.278082E-01     0.280128E-01     0.269485E-01     0.261369E-01     0.300953E-01
  0.340236E-01     0.296654E-01     0.304781E-01     0.273097E-01     0.233279E-01
  0.299282E-01     0.291384E-01     0.276381E-01     0.256941E-01     0.259993E-01
  0.322391E-01     0.320913E-01     0.296941E-01     0.306305E-01     0.263808E-01
  0.323360E-01     0.286607E-01     0.254081E-01     0.278987E-01     0.280987E-01
  0.371285E-01     0.301342E-01     0.317454E-01     0.292808E-01     0.274290E-01
  0.274014E-01     0.300677E-01     0.304978E-01     0.320870E-01     0.317464E-01
  0.348666E-01     0.272193E-01     0.390239E-01     0.320948E-01     0.320520E-01
  0.306609E-01     0.283646E-01     0.299253E-01     0.340786E-01     0.304360E-01
  0.290012E-01     0.257996E-01     0.306529E-01     0.266753E-01     0.274668E-01
  0.219900E-01     0.314799E-01     0.253938E-01     0.288818E-01     0.302825E-01
  0.278071E-01     0.361379E-01     0.405377E-01     0.397768E-01     0.316453E-01
  0.379934E-01     0.325740E-01     0.378171E-01     0.386333E-01     0.428341E-01
  0.334738E-01     0.348586E-01     0.349721E-01     0.364840E-01     0.334011E-01
  0.255006E-01     0.387970E-01     0.310894E-01     0.384858E-01     0.427179E-01
  0.333554E-01     0.307995E-01     0.321532E-01     0.315659E-01     0.374446E-01
  0.387976E-01     0.380488E-01     0.547802E-01     0.284853E-01     0.390459E-01
  0.402132E-01     0.518241E-01     0.388973E-01     0.460847E-01     0.338266E-01
  0.332191E-01     0.336390E-01     0.334196E-01     0.333198E-01     0.313186E-01
  0.441470E-01     0.331898E-01     0.311157E-01     0.346354E-01     0.310416E-01
  0.451176E-01     0.341272E-01     0.358364E-01     0.331192E-01     0.210992E-01
  0.344988E-01     0.242201E-01     0.330991E-01     0.468005E-01     0.385875E-01
  0.340068E-01     0.334353E-01     0.288275E-01     0.314251E-01     0.312854E-01
  0.384132E-01     0.291299E-01     0.381538E-01     0.346317E-01     0.334058E-01
  0.362837E-01     0.407646E-01     0.302017E-01     0.434969E-01     0.388993E-01
  0.422981E-01     0.376128E-01     0.376855E-01     0.261507E-01     0.426534E-01
  0.396384E-01     0.314947E-01     0.486926E-01     0.327059E-01     0.367460E-01
  0.449634E-01     0.350128E-01     0.337851E-01     0.450808E-01     0.381170E-01
  0.275833E-01     0.309181E-01     0.292964E-01     0.295773E-01     0.295834E-01
  0.303618E-01     0.344976E-01     0.299583E-01     0.326885E-01     0.428628E-01
  0.379510E-01     0.408058E-01     0.307901E-01     0.336061E-01     0.356220E-01
  0.313752E-01     0.329814E-01     0.365528E-01     0.366668E-01     0.398375E-01
  0.361138E-01     0.368009E-01     0.355627E-01     0.403218E-01     0.385057E-01
  0.410893E-01     0.368266E-01     0.531250E-01     0.407159E-01     0.429958E-01
  0.445543E-01     0.435415E-01     0.516127E-01     0.400050E-01     0.474826E-01
  0.497880E-01     0.473096E-01     0.554851E-01     0.526559E-01     0.537161E-01
  0.547329E-01     0.505241E-01     0.612036E-01     0.722005E-01     0.584375E-01
  0.773237E-01     0.726592E-01     0.746117E-01     0.832221E-01     0.105611E+00
  0.993342E-01     0.121359E+00     0.107045E+00     0.151619E+00     0.138235E+00
  0.178285E+00     0.211827E+00     0.183420E+00     0.206989E+00     0.218630E+00
  0.218393E+00     0.215313E+00     0.265553E+00     0.210887E+00     0.190312E+00
  0.355525E+00     0.308766E+00     0.291372E+00     0.477636E+00     0.344960E+00
  0.486785E+00     0.373297E+00     0.377524E+00     0.447253E+00     0.379951E+00
  0.399056E+00     0.385511E+00     0.328851E+00     0.490051E+00     0.408906E+00
  0.492520E+00     0.531829E+00     0.595685E+00     0.626462E+00     0.443209E+00
  0.466859E+00     0.591374E+00     0.496423E+00     0.648306E+00     0.523278E+00
  0.514063E+00     0.551578E+00     0.608846E+00     0.554384E+00     0.628778E+00
  0.578139E+00     0.630776E+00     0.677687E+00     0.598612E+00     0.654866E+00
  0.748866E+00     0.534105E+00     0.770604E+00     0.626442E+00     0.787210E+00
  0.679320E+00     0.838566E+00     0.794114E+00
 eigen energies, in ev
    -46.551923       -46.387537       -46.137071       -45.667483       -45.626038
    -28.719713       -28.546991       -28.460721       -28.417065       -28.117747
    -28.064105       -28.057824       -28.046207       -28.033704       -28.021019
    -27.976825       -27.956720       -27.950110       -27.921392       -27.906464
    -27.871429       -27.864225       -27.839057       -27.830169       -27.764221
    -27.762502       -27.739519       -27.732352       -27.683999       -27.683347
    -27.606137       -27.584151       -27.568518       -27.535865       -27.531146
    -27.510213       -27.498131       -27.497837       -27.465964       -27.432124
    -27.351006       -27.349115       -27.347675       -27.342720       -27.318301
    -27.296159       -27.245128       -27.221847       -27.219672       -27.198655
    -27.176278       -27.165790       -27.155761       -27.151324       -27.111622
    -27.052623       -27.011096       -26.998611       -26.957980       -26.947545
    -26.944042       -26.934782       -26.915954       -26.901348       -26.898229
    -26.872281       -26.868798       -26.863486       -26.813747       -26.792194
    -26.684873       -26.671594       -26.663987       -26.658522       -26.613484
    -26.583420       -26.497501       -26.434543       -26.431075       -26.429153
    -26.401957       -26.387330       -26.305063       -26.291395       -26.287802
    -26.280168       -26.223373       -26.215952       -26.213631       -26.196331
    -26.189392       -26.177788       -26.176968       -26.160835       -26.132422
    -26.088064       -26.043553       -26.023524       -25.983936       -25.979986
    -25.978561       -25.938556       -25.926017       -25.925587       -25.918086
    -25.906466       -25.902902       -25.882894       -25.879925       -25.864671
    -25.849038       -25.842689       -25.841749       -25.787315       -25.784128
    -25.760530       -25.749639       -25.742556       -25.715503       -25.701683
    -25.692574       -25.666852       -25.637852       -25.626500       -25.624414
    -25.617295       -25.567451       -25.559634       -25.541904       -25.511597
    -25.447245       -25.434138       -25.430964       -25.429529       -25.429249
    -25.422319       -25.398595       -25.364237       -25.346408       -25.339282
    -25.285867       -25.237238       -25.232876       -25.186409       -25.165469
    -25.135859       -25.115256       -25.072417       -24.946763       -24.921010
    -24.904239       -24.699467       -24.695800       -24.506831       -24.493487
    -24.424155       -24.336999       -24.278854       -24.249985       -24.135149
    -24.118271       -24.107392       -24.050821       -24.036226       -23.942759
    -23.856629       -23.655701       -23.571928       -23.570358       -23.565201
    -23.548042       -23.520091       -23.339388       -23.271816       -23.157033
    -23.139886       -23.122511       -23.000851       -22.996722       -22.963986
    -22.896031       -22.774935       -22.758935       -22.670436       -22.632604
    -22.619487       -22.596883       -22.498424       -22.455651       -22.290177
    -20.738477       -20.016197       -19.754118       -19.394528       -19.354817
    -19.153414       -18.603368       -18.311072       -18.242275       -18.126774
    -18.101883       -18.094785       -18.072291       -17.865520       -17.778859
    -17.759778       -17.397795       -17.247044       -17.201626       -17.131442
    -17.099879       -17.026437       -17.019182       -16.945318       -16.940756
    -16.904020       -16.640349       -16.628709       -16.613950       -16.478361
    -16.472114       -16.454627       -16.393853       -16.353457       -16.315333
    -16.211681       -16.164176       -16.054040       -15.748490       -15.455436
    -15.255600       -15.052532       -14.998212       -14.929422       -14.896102
    -14.843241       -14.821643       -14.717464       -14.640331       -14.623138
    -14.618419       -14.615143       -14.584098       -14.499166       -14.496079
    -14.437959       -14.372236       -14.342212       -14.318888       -14.302877
    -14.296657       -14.293827       -14.250907       -14.212019       -14.181639
    -14.126135       -14.074295       -14.070781       -13.976176       -13.947276
    -13.864761       -13.859603       -13.836677       -13.812710       -13.758916
    -13.753250       -13.628744       -13.611289       -13.598302       -13.543203
    -13.494911       -13.441482       -13.413349       -13.329583       -13.237973
    -13.230174       -12.723314       -12.600341       -12.593934       -12.571680
    -12.531747       -12.499841       -12.481217       -12.396597       -12.390151
    -12.375726       -12.337772       -12.332015       -12.308749       -12.215709
    -12.143193       -12.081884       -12.068561       -12.031997       -12.022856
    -12.011420       -11.932839       -11.912272       -11.907821       -11.902445
    -11.892122       -11.882548       -11.863293       -11.846096       -11.840595
    -11.806586       -11.770054       -11.689858       -11.666236       -11.654023
    -11.621518       -11.616181       -11.601721       -11.588814       -11.472447
    -11.464084       -11.440871       -11.425238       -11.423098       -11.401424
    -11.354759       -11.349592       -11.334004       -11.330297       -11.300802
    -11.293902       -11.277250       -11.263548       -11.252609       -11.236500
    -11.198779       -11.148331       -11.091312       -11.082586       -11.046254
    -11.026506       -10.891347       -10.847671       -10.827238       -10.802925
    -10.789163       -10.730862       -10.715543       -10.702668       -10.672107
    -10.649472       -10.632362       -10.612821       -10.597201       -10.576025
    -10.569757       -10.558786       -10.538776       -10.530806       -10.514687
    -10.500890       -10.493725       -10.486968       -10.474378       -10.470049
    -10.450474       -10.433277       -10.416324       -10.390105       -10.386563
    -10.382018       -10.361145       -10.347226       -10.329034       -10.326431
    -10.321411       -10.302751       -10.289670       -10.282415       -10.276493
    -10.265033       -10.258915       -10.257065       -10.245658       -10.240959
    -10.230106       -10.220050       -10.214766       -10.200114       -10.194965
    -10.193616       -10.187640       -10.179212       -10.174942       -10.151032
    -10.143527       -10.126715       -10.122709       -10.111279       -10.106404
    -10.096066       -10.087226       -10.082570       -10.072295       -10.071412
    -10.068804       -10.063247       -10.056125       -10.049431       -10.045009
    -10.034449       -10.027190       -10.020371       -10.002648       -10.000550
     -9.991563        -9.967049        -9.945742        -9.931563        -9.880837
     -9.858111        -9.857062        -9.848102        -9.841573        -9.836026
     -9.800746        -9.788601        -9.781978        -9.778791        -9.752655
     -9.749268        -9.740974        -9.731497        -9.711871        -9.700326
     -9.683574        -9.658551        -9.651222        -9.639294        -9.631745
     -9.620057        -9.613246        -9.610083        -9.596662        -9.583139
     -9.576140        -9.558595        -9.549620        -9.524100        -9.508529
     -9.497023        -9.484610        -9.478502        -9.460102        -9.449659
     -9.443540        -9.441189        -9.434384        -9.420952        -9.407043
     -9.393780        -9.391819        -9.385888        -9.366062        -9.352462
     -9.311451        -9.305182        -9.304512        -9.290856        -9.286817
     -9.280976        -9.280030        -9.269618        -9.267412        -9.255004
     -9.252624        -9.236319        -9.227052        -9.219203        -9.210639
     -9.198610        -9.195802        -9.189087        -9.176625        -9.167624
     -9.163244        -9.150583        -9.149654        -9.136815        -9.125690
     -9.112389        -9.109097        -9.104247        -9.094011        -9.075095
     -9.069634        -9.062820        -9.056803        -9.043497        -9.036071
     -9.032752        -9.005915        -8.994801        -8.974537        -8.942760
     -8.940672        -8.932398        -8.925508        -8.903314        -8.900502
     -8.883143        -8.871595        -8.859734        -8.851139        -8.839785
     -8.822975        -8.810151        -8.797813        -8.793709        -8.785410
     -8.769084        -8.748718        -8.734296        -8.726429        -8.696144
     -8.689400        -8.673385        -8.670235        -8.668135        -8.648077
     -8.630377        -8.626890        -8.611352        -8.601915        -8.594760
     -8.589302        -8.587437        -8.577983        -8.566253        -8.544719
     -8.544156        -8.533323        -8.524198        -8.521180        -8.498921
     -8.480285        -8.467446        -8.458925        -8.448087        -8.446155
     -8.435064        -8.399410        -8.397409        -8.395459        -8.370793
     -8.363041        -8.353265        -8.347021        -8.325330        -8.313740
     -8.296291        -8.288218        -8.274251        -8.227311        -8.224306
     -8.177207        -8.164031        -8.154698        -8.126454        -8.088335
     -8.079924        -8.072508        -8.058609        -8.048613        -8.029089
     -8.004072        -7.986017        -7.953138        -7.945816        -7.942078
     -7.929011        -7.914526        -7.882499        -7.869616        -7.850517
     -7.816854        -7.810422        -7.799177        -7.781716        -7.773461
     -7.747350        -7.704100        -7.685599        -7.671091        -7.650892
     -7.645933        -7.644029        -7.636182        -7.618476        -7.612210
     -7.588880        -7.576224        -7.546902        -7.530451        -7.501892
     -7.493049        -7.461980        -7.432193        -7.427425        -7.421172
     -7.380308        -7.371652        -7.355894        -7.343679        -7.306807
     -7.272444        -7.255410        -7.229305        -7.218717        -7.211798
     -7.162736        -7.151435        -7.143269        -7.139934        -7.106334
     -7.097015        -7.086031        -7.054526        -7.052163        -7.043807
     -7.039767        -7.030784        -6.996298        -6.992360        -6.984095
     -6.950616        -6.940651        -6.921116        -6.909400        -6.904370
     -6.895670        -6.888077        -6.880695        -6.858666        -6.847769
     -6.834996        -6.819720        -6.816181        -6.805826        -6.783413
     -6.769645        -6.764597        -6.755059        -6.746420        -6.729098
     -6.721229        -6.710120        -6.704625        -6.700175        -6.692219
     -6.684789        -6.679486        -6.670045        -6.657583        -6.647546
     -6.646989        -6.638281        -6.632813        -6.626757        -6.607865
     -6.602061        -6.596574        -6.571253        -6.555693        -6.547397
     -6.520768        -6.512726        -6.508682        -6.499009        -6.491736
     -6.489704        -6.479046        -6.473835        -6.464554        -6.451694
     -6.443833        -6.428208        -6.423419        -6.410122        -6.396915
     -6.389695        -6.385857        -6.382256        -6.371790        -6.370551
     -6.351476        -6.334717        -6.323153        -6.310069        -6.298402
     -6.293951        -6.288166        -6.278390        -6.273015        -6.267429
     -6.245143        -6.228385        -6.220516        -6.216607        -6.181619
     -6.171588        -6.165247        -6.158605        -6.141628        -6.135855
     -6.120671        -6.106960        -6.088693        -6.085860        -6.085071
     -6.081145        -6.075241        -6.063472        -6.054735        -6.039740
     -6.038061        -6.030969        -6.020107        -6.016876        -6.009100
     -6.008093        -5.992064        -5.983977        -5.975746        -5.972158
     -5.970271        -5.954960        -5.950787        -5.948975        -5.944371
     -5.928278        -5.920142        -5.912518        -5.907459        -5.895849
     -5.883213        -5.873763        -5.872318        -5.860084        -5.855743
     -5.848646        -5.843085        -5.835026        -5.833370        -5.829046
     -5.816083        -5.810495        -5.804146        -5.797492        -5.790783
     -5.782313        -5.776996        -5.768246        -5.762376        -5.757400
     -5.749261        -5.747949        -5.740906        -5.733024        -5.727968
     -5.718922        -5.717013        -5.707007        -5.702549        -5.700654
     -5.689015        -5.686098        -5.683771        -5.680626        -5.674841
     -5.662032        -5.654561        -5.642201        -5.633956        -5.626854
     -5.620694        -5.614513        -5.609347        -5.605948        -5.598764
     -5.595956        -5.591671        -5.583022        -5.578108        -5.575514
     -5.566050        -5.560349        -5.556331        -5.551738        -5.546927
     -5.540117        -5.536250        -5.534042        -5.524970        -5.513901
     -5.509010        -5.502289        -5.497544        -5.494360        -5.491952
     -5.484770        -5.483383        -5.462533        -5.457003        -5.444652
     -5.442746        -5.437065        -5.436414        -5.426988        -5.413667
     -5.407635        -5.396056        -5.388586        -5.383876        -5.376951
     -5.373501        -5.369254        -5.364485        -5.361127        -5.349387
     -5.339903        -5.336221        -5.334664        -5.331167        -5.326323
     -5.315964        -5.312487        -5.296594        -5.288627        -5.286253
     -5.279132        -5.269363        -5.266045        -5.254201        -5.252101
     -5.242729        -5.235964        -5.230853        -5.225022        -5.220816
     -5.214712        -5.207443        -5.194410        -5.192541        -5.189553
     -5.187571        -5.182778        -5.177881        -5.167608        -5.162853
     -5.158188        -5.156997        -5.140490        -5.135154        -5.129093
     -5.124791        -5.117034        -5.101465        -5.083350        -5.080320
     -5.073364        -5.069096        -5.063784        -5.053185        -5.049584
     -5.041970        -5.036515        -5.029198        -5.027862        -5.023249
     -5.006720        -4.997342        -4.978896        -4.967446        -4.963086
     -4.948157        -4.945874        -4.944671        -4.934306        -4.929382
     -4.923047        -4.914769        -4.910180        -4.892352        -4.883348
     -4.876449        -4.843894        -4.838529        -4.827306        -4.824634
     -4.819392        -4.796850        -4.793799        -4.790117        -4.767560
     -4.761270        -4.731308        -4.724121        -4.709456        -4.698192
     -4.683087        -4.666035        -4.652230        -4.648066        -4.643050
     -4.624328        -4.609373        -4.603956        -4.568255        -4.550438
     -4.538875        -4.526788        -4.525846        -4.461274        -4.425490
     -4.389417        -4.329366        -4.312968        -4.243276        -4.232972
     -4.137706        -4.093457        -4.050987        -4.031984        -4.003930
     -3.994883        -3.957372        -3.916652        -3.914219        -3.912180
     -3.881600        -3.879613        -3.868734        -3.835880        -3.831265
     -3.808236        -3.797152        -3.763161        -3.753305        -3.744633
     -3.722120        -3.696034        -3.652730        -3.607241        -3.590719
     -3.568721        -3.543032        -3.538789        -3.528968        -3.505439
     -3.480458        -3.439923        -3.353278        -3.336004        -3.327275
     -3.299075        -3.273457        -3.206413        -3.161483        -3.112836
     -3.020852        -3.014701        -2.978572        -2.841386        -2.514076
      0.085228         0.616500         0.805983         1.083642         1.118421
      1.286490         1.291855         1.307034         1.484127         1.558746
      2.023731         2.366861         2.526053         2.598804         2.741554
      2.842857         2.923735         2.998170         3.033793         3.079931
      3.158460         3.206433         3.237412         3.265558         3.338085
      3.345429         3.412347         3.431063         3.467585         3.509651
      3.553377         3.566853         3.595898         3.622967         3.663591
      3.683541         3.711376         3.737549         3.741997         3.783420
      3.813820         3.837520         3.884197         3.918309         3.933654
      3.964846         3.990424         4.008443         4.054708         4.087613
      4.108864         4.167887         4.177693         4.215181         4.242048
      4.289672         4.314931         4.378987
 *********************************
 sum eigen(dbl occ, ryd)=  -1675.82940317722     
 *********************************
 Ef(eV)=  -1.16945630663452     
 ***************************************************
 iter=           7
 ---------------------------------------------------
 dvE, dvE(n)-dvE(n-1) = 0.0000E+00 0.0000E+00
 dv_ave, drho_tot     = 0.0000E+00 0.1220E+00
 err of ug            = 0.1190E-02
 ---------------------------------------------------
 Ewald        = -.41116881944013E+05
 Alpha        = 0.15207970391171E+04
 E_extV       = 0.00000000000000E+00    0.0000E+00
 E_NSC        = -.23163210206346E+05    -.2316E+05
 E[-rho*V_Hxc]= -.12107396356426E+06    -.7029E+05
 E_Hxc        = 0.50788270379184E+05    0.5079E+05
 -TS          = -.40130204410474E-21    -.4013E-21
 E_tot(eV)    = -.13304498829632E+06    -.1330E+06
 ---------------------------------------------------
 E_ion,E_coul,E_xc =   -222243.8255453   79068.0140324  -28279.7436532
Ewald+Hart+ion    -0.1842926934570E+06
 ave(vtot)=ave_(V_xc)=: v0= -0.292154433717878     
 Eigen energies are values after setting ave_vtot=0
 ----------------------------------
 One SCF use:    86.0142679214478       s
 *********************************
 ****** kpt=           1
 err of each states, eV
  0.405783E-01     0.404577E-01     0.413938E-01     0.395390E-01     0.390321E-01
  0.108078E+00     0.322796E-01     0.371078E-01     0.472340E-01     0.109573E+00
  0.652940E-01     0.675346E-01     0.422077E-01     0.692540E-01     0.528614E-01
  0.407162E-01     0.628531E-01     0.463149E-01     0.356718E-01     0.427406E-01
  0.331477E-01     0.601883E-01     0.874338E-01     0.333107E-01     0.870874E-01
  0.140316E+00     0.429994E-01     0.675815E-01     0.373763E-01     0.508994E-01
  0.440144E-01     0.312558E-01     0.674375E-01     0.394653E-01     0.382892E-01
  0.397199E-01     0.716707E-01     0.335996E-01     0.403543E-01     0.433282E-01
  0.109225E+00     0.807236E-01     0.660052E-01     0.373487E-01     0.411301E-01
  0.415185E-01     0.614043E-01     0.706572E-01     0.635940E-01     0.337370E-01
  0.380344E-01     0.394693E-01     0.340272E-01     0.926164E-01     0.130835E+00
  0.332216E-01     0.543196E-01     0.129736E+00     0.344917E-01     0.659725E-01
  0.384560E-01     0.456377E-01     0.318511E-01     0.436314E-01     0.326082E-01
  0.522407E-01     0.432055E-01     0.336642E-01     0.139788E+00     0.419207E-01
  0.353275E-01     0.344689E-01     0.165629E+00     0.359941E-01     0.367739E-01
  0.489401E-01     0.145942E+00     0.389945E-01     0.655493E-01     0.319315E-01
  0.347905E-01     0.378698E-01     0.480427E-01     0.487253E-01     0.540208E-01
  0.395139E-01     0.424314E-01     0.405189E-01     0.346157E-01     0.356597E-01
  0.412430E-01     0.324007E-01     0.394278E-01     0.392504E-01     0.353695E-01
  0.467097E-01     0.407687E-01     0.469383E-01     0.377300E-01     0.388763E-01
  0.378084E-01     0.411738E-01     0.437770E-01     0.851234E-01     0.148703E+00
  0.606590E-01     0.135874E+00     0.155897E+00     0.433423E-01     0.319471E-01
  0.321904E-01     0.337957E-01     0.388652E-01     0.498601E-01     0.348812E-01
  0.343417E-01     0.368293E-01     0.685603E-01     0.446138E-01     0.688514E-01
  0.170633E+00     0.457468E-01     0.129493E+00     0.412375E-01     0.221423E+00
  0.480969E-01     0.505749E-01     0.412058E-01     0.131029E+00     0.380058E-01
  0.210844E+00     0.565219E-01     0.357044E-01     0.386595E-01     0.541330E-01
  0.417456E-01     0.162794E+00     0.191679E+00     0.368311E-01     0.410832E-01
  0.466406E-01     0.368601E-01     0.411558E-01     0.215597E+00     0.186070E+00
  0.381556E-01     0.448023E-01     0.165433E+00     0.395690E-01     0.226826E+00
  0.205832E+00     0.223209E+00     0.229298E+00     0.238773E+00     0.188158E+00
  0.267086E+00     0.200714E+00     0.161368E+00     0.204848E+00     0.217058E+00
  0.275594E+00     0.229180E+00     0.200124E+00     0.199077E+00     0.227843E+00
  0.124366E+00     0.109980E+00     0.163800E+00     0.135327E+00     0.133093E+00
  0.227268E+00     0.170707E+00     0.135099E+00     0.116317E+00     0.124986E+00
  0.125327E+00     0.227136E+00     0.129814E+00     0.122785E+00     0.132931E+00
  0.118916E+00     0.224866E+00     0.124881E+00     0.128306E+00     0.128959E+00
  0.227960E+00     0.224375E+00     0.223982E+00     0.226312E+00     0.230304E+00
  0.221968E+00     0.221714E+00     0.221499E+00     0.218119E+00     0.217493E+00
  0.174299E+00     0.138928E+00     0.137968E+00     0.138906E+00     0.152185E+00
  0.152835E+00     0.160641E+00     0.154149E+00     0.130795E+00     0.148306E+00
  0.166038E+00     0.134879E+00     0.132849E+00     0.134130E+00     0.164057E+00
  0.153284E+00     0.155982E+00     0.147326E+00     0.150435E+00     0.171329E+00
  0.161737E+00     0.140511E+00     0.139769E+00     0.162531E+00     0.156601E+00
  0.159868E+00     0.147819E+00     0.157614E+00     0.165762E+00     0.166750E+00
  0.137606E+00     0.138640E+00     0.161813E+00     0.149650E+00     0.111941E+00
  0.127725E+00     0.971694E-01     0.967012E-01     0.110005E+00     0.116279E+00
  0.930751E-01     0.169596E+00     0.348170E+00     0.100963E+00     0.984921E-01
  0.355827E+00     0.101401E+00     0.126394E+00     0.973840E-01     0.105285E+00
  0.125270E+00     0.139057E+00     0.161862E+00     0.100430E+00     0.996339E-01
  0.399257E+00     0.233476E+00     0.294069E+00     0.403179E+00     0.149288E+00
  0.159528E+00     0.157863E+00     0.146627E+00     0.154420E+00     0.150150E+00
  0.151146E+00     0.139507E+00     0.128194E+00     0.131654E+00     0.150416E+00
  0.153975E+00     0.149617E+00     0.157689E+00     0.126205E+00     0.154047E+00
  0.135249E+00     0.140106E+00     0.124214E+00     0.130905E+00     0.153825E+00
  0.203042E+00     0.231750E+00     0.130302E+00     0.134390E+00     0.130693E+00
  0.242673E+00     0.150164E+00     0.135327E+00     0.149950E+00     0.138863E+00
  0.138122E+00     0.149964E+00     0.172373E+00     0.166203E+00     0.145109E+00
  0.142547E+00     0.177663E+00     0.168242E+00     0.148700E+00     0.139811E+00
  0.151563E+00     0.148271E+00     0.148828E+00     0.161139E+00     0.149600E+00
  0.134468E+00     0.147380E+00     0.138690E+00     0.218671E+00     0.179661E+00
  0.144479E+00     0.130977E+00     0.145761E+00     0.295524E+00     0.148948E+00
  0.134050E+00     0.172423E+00     0.158080E+00     0.154484E+00     0.141027E+00
  0.146748E+00     0.287941E+00     0.150097E+00     0.153422E+00     0.154112E+00
  0.154183E+00     0.220704E+00     0.179341E+00     0.920524E-01     0.248132E+00
  0.130827E+00     0.137934E+00     0.157809E+00     0.198788E+00     0.152718E+00
  0.213458E+00     0.238987E+00     0.178331E+00     0.229076E+00     0.193686E+00
  0.200191E+00     0.245454E+00     0.174143E+00     0.192743E+00     0.211829E+00
  0.198026E+00     0.201874E+00     0.196352E+00     0.204112E+00     0.229053E+00
  0.241145E+00     0.197116E+00     0.236185E+00     0.190577E+00     0.166489E+00
  0.195851E+00     0.201003E+00     0.201123E+00     0.168569E+00     0.191316E+00
  0.171183E+00     0.158277E+00     0.167970E+00     0.187790E+00     0.235436E+00
  0.224243E+00     0.179033E+00     0.176024E+00     0.167703E+00     0.237903E+00
  0.197912E+00     0.192225E+00     0.151342E+00     0.145177E+00     0.174693E+00
  0.136216E+00     0.132806E+00     0.163859E+00     0.210087E+00     0.171922E+00
  0.167866E+00     0.155892E+00     0.142533E+00     0.150526E+00     0.156475E+00
  0.138744E+00     0.157931E+00     0.135877E+00     0.147191E+00     0.158741E+00
  0.162205E+00     0.163694E+00     0.164082E+00     0.173445E+00     0.167984E+00
  0.193474E+00     0.244347E+00     0.177067E+00     0.177469E+00     0.233942E+00
  0.164855E+00     0.181827E+00     0.212067E+00     0.183333E+00     0.214301E+00
  0.173953E+00     0.181966E+00     0.170087E+00     0.154213E+00     0.159403E+00
  0.193448E+00     0.221056E+00     0.169992E+00     0.207136E+00     0.161323E+00
  0.220439E+00     0.195411E+00     0.237618E+00     0.203569E+00     0.147954E+00
  0.196632E+00     0.206659E+00     0.189065E+00     0.171910E+00     0.163249E+00
  0.235060E+00     0.194257E+00     0.173163E+00     0.208080E+00     0.222725E+00
  0.172518E+00     0.190297E+00     0.175256E+00     0.180425E+00     0.244557E+00
  0.238410E+00     0.153275E+00     0.153176E+00     0.206467E+00     0.202924E+00
  0.197600E+00     0.179034E+00     0.126256E+00     0.219575E+00     0.144286E+00
  0.153253E+00     0.159310E+00     0.168853E+00     0.162554E+00     0.170982E+00
  0.133146E+00     0.137607E+00     0.138732E+00     0.150992E+00     0.130840E+00
  0.114165E+00     0.138087E+00     0.118289E+00     0.108157E+00     0.129830E+00
  0.141720E+00     0.147725E+00     0.141729E+00     0.159550E+00     0.123118E+00
  0.146642E+00     0.140059E+00     0.165381E+00     0.146222E+00     0.146377E+00
  0.127425E+00     0.143578E+00     0.142559E+00     0.143913E+00     0.127211E+00
  0.135985E+00     0.135944E+00     0.136838E+00     0.131896E+00     0.135298E+00
  0.204674E+00     0.147463E+00     0.182227E+00     0.210959E+00     0.207104E+00
  0.165315E+00     0.213570E+00     0.122247E+00     0.122213E+00     0.143298E+00
  0.134269E+00     0.138451E+00     0.135739E+00     0.160946E+00     0.125223E+00
  0.146119E+00     0.117835E+00     0.144234E+00     0.153693E+00     0.217528E+00
  0.175944E+00     0.185579E+00     0.129308E+00     0.208013E+00     0.149132E+00
  0.150768E+00     0.149509E+00     0.181952E+00     0.141801E+00     0.201357E+00
  0.293473E+00     0.201191E+00     0.155391E+00     0.133708E+00     0.176909E+00
  0.181494E+00     0.181795E+00     0.175823E+00     0.147724E+00     0.145588E+00
  0.257444E+00     0.158998E+00     0.154966E+00     0.171327E+00     0.146915E+00
  0.226593E+00     0.181111E+00     0.153878E+00     0.192941E+00     0.146672E+00
  0.139941E+00     0.151585E+00     0.233174E+00     0.181077E+00     0.164437E+00
  0.214712E+00     0.187819E+00     0.206481E+00     0.173848E+00     0.174573E+00
  0.178993E+00     0.161231E+00     0.175589E+00     0.224689E+00     0.239677E+00
  0.129756E+00     0.203982E+00     0.215086E+00     0.200615E+00     0.198003E+00
  0.175012E+00     0.180936E+00     0.239042E+00     0.234107E+00     0.224706E+00
  0.217772E+00     0.176425E+00     0.146325E+00     0.215987E+00     0.234272E+00
  0.221491E+00     0.211945E+00     0.236468E+00     0.241183E+00     0.194132E+00
  0.115329E+00     0.262560E+00     0.152753E+00     0.200054E+00     0.203305E+00
  0.190568E+00     0.199893E+00     0.145628E+00     0.190910E+00     0.214734E+00
  0.187120E+00     0.175855E+00     0.195078E+00     0.158631E+00     0.167248E+00
  0.172429E+00     0.155294E+00     0.176656E+00     0.173142E+00     0.155666E+00
  0.153643E+00     0.129542E+00     0.175121E+00     0.256285E+00     0.248972E+00
  0.195617E+00     0.245408E+00     0.197125E+00     0.152749E+00     0.176675E+00
  0.193814E+00     0.137542E+00     0.196869E+00     0.188080E+00     0.201315E+00
  0.177418E+00     0.148806E+00     0.192864E+00     0.170855E+00     0.159618E+00
  0.153057E+00     0.121143E+00     0.143967E+00     0.126589E+00     0.115473E+00
  0.154146E+00     0.204376E+00     0.173346E+00     0.157684E+00     0.178023E+00
  0.168392E+00     0.176729E+00     0.160591E+00     0.217833E+00     0.173229E+00
  0.187184E+00     0.138306E+00     0.171658E+00     0.118773E+00     0.140807E+00
  0.147673E+00     0.177827E+00     0.120429E+00     0.135256E+00     0.131892E+00
  0.171902E+00     0.149565E+00     0.164209E+00     0.151043E+00     0.128903E+00
  0.183628E+00     0.154047E+00     0.146852E+00     0.132003E+00     0.139575E+00
  0.150092E+00     0.140206E+00     0.142216E+00     0.141375E+00     0.177782E+00
  0.125194E+00     0.211028E+00     0.181362E+00     0.166672E+00     0.146541E+00
  0.168874E+00     0.154011E+00     0.166133E+00     0.124410E+00     0.117646E+00
  0.179814E+00     0.108702E+00     0.125379E+00     0.138364E+00     0.164154E+00
  0.126848E+00     0.140677E+00     0.154286E+00     0.152157E+00     0.133581E+00
  0.154293E+00     0.202158E+00     0.139497E+00     0.163759E+00     0.151420E+00
  0.172967E+00     0.137801E+00     0.163498E+00     0.130985E+00     0.142298E+00
  0.997206E-01     0.114083E+00     0.126948E+00     0.149329E+00     0.108240E+00
  0.108477E+00     0.101445E+00     0.207924E+00     0.181584E+00     0.169328E+00
  0.109961E+00     0.128923E+00     0.231421E+00     0.179442E+00     0.174713E+00
  0.229676E+00     0.129633E+00     0.175733E+00     0.132103E+00     0.168852E+00
  0.115057E+00     0.118077E+00     0.120852E+00     0.143560E+00     0.976508E-01
  0.121302E+00     0.151659E+00     0.870699E-01     0.904615E-01     0.181006E+00
  0.980773E-01     0.120091E+00     0.179996E+00     0.153135E+00     0.148273E+00
  0.101339E+00     0.117052E+00     0.123288E+00     0.148268E+00     0.149522E+00
  0.124376E+00     0.146952E+00     0.132514E+00     0.182616E+00     0.837201E-01
  0.144537E+00     0.155020E+00     0.139422E+00     0.124632E+00     0.107419E+00
  0.108603E+00     0.146385E+00     0.186610E+00     0.161042E+00     0.207867E+00
  0.169133E+00     0.109986E+00     0.889240E-01     0.128973E+00     0.120236E+00
  0.888719E-01     0.920785E-01     0.952071E-01     0.141658E+00     0.109390E+00
  0.111834E+00     0.107476E+00     0.103900E+00     0.881814E-01     0.163225E+00
  0.117510E+00     0.235650E+00     0.151338E+00     0.165704E+00     0.915243E-01
  0.112411E+00     0.884016E-01     0.900072E-01     0.105308E+00     0.942833E-01
  0.968043E-01     0.115580E+00     0.111191E+00     0.107098E+00     0.148340E+00
  0.857934E-01     0.143891E+00     0.106014E+00     0.697397E-01     0.863751E-01
  0.110281E+00     0.911558E-01     0.910711E-01     0.825093E-01     0.210721E+00
  0.133965E+00     0.103286E+00     0.133681E+00     0.133136E+00     0.107884E+00
  0.128749E+00     0.123679E+00     0.163379E+00     0.182048E+00     0.115579E+00
  0.129537E+00     0.114418E+00     0.115439E+00     0.123219E+00     0.709312E-01
  0.120035E+00     0.108690E+00     0.891373E-01     0.213111E+00     0.143582E+00
  0.141558E+00     0.105668E+00     0.119056E+00     0.173727E+00     0.146546E+00
  0.139176E+00     0.138770E+00     0.148778E+00     0.153541E+00     0.949712E-01
  0.151372E+00     0.129023E+00     0.150706E+00     0.129563E+00     0.173811E+00
  0.184829E+00     0.180448E+00     0.149388E+00     0.109533E+00     0.173999E+00
  0.219552E+00     0.187081E+00     0.153668E+00     0.197451E+00     0.162354E+00
  0.147455E+00     0.118818E+00     0.104981E+00     0.177036E+00     0.925293E-01
  0.110310E+00     0.865076E-01     0.836691E-01     0.938385E-01     0.879686E-01
  0.682876E-01     0.741704E-01     0.907497E-01     0.724663E-01     0.900509E-01
  0.113963E+00     0.153060E+00     0.744452E-01     0.111867E+00     0.157548E+00
  0.144816E+00     0.881509E-01     0.130276E+00     0.171729E+00     0.968220E-01
  0.144046E+00     0.227840E+00     0.166770E+00     0.131167E+00     0.135784E+00
  0.181847E+00     0.141840E+00     0.192275E+00     0.739016E-01     0.126812E+00
  0.163668E+00     0.173502E+00     0.122567E+00     0.134739E+00     0.170734E+00
  0.137710E+00     0.114805E+00     0.134012E+00     0.102074E+00     0.179583E+00
  0.224989E+00     0.173504E+00     0.128214E+00     0.235138E+00     0.182314E+00
  0.211391E+00     0.160756E+00     0.123901E+00     0.143133E+00     0.162216E+00
  0.123261E+00     0.176431E+00     0.690462E-01     0.782280E-01     0.122488E+00
  0.197543E+00     0.174522E+00     0.170619E+00     0.126350E+00     0.107088E+00
  0.163203E+00     0.157530E+00     0.744500E-01     0.177682E+00     0.152188E+00
  0.111442E+00     0.130459E+00     0.161802E+00     0.100035E+00     0.847133E-01
  0.736504E-01     0.122313E+00     0.103795E+00     0.115922E+00     0.122151E+00
  0.157142E+00     0.129375E+00     0.132419E+00     0.156866E+00     0.146777E+00
  0.231941E+00     0.163735E+00     0.125463E+00     0.155787E+00     0.210292E+00
  0.247884E+00     0.258824E+00     0.187715E+00     0.212776E+00     0.171517E+00
  0.177087E+00     0.149365E+00     0.161521E+00     0.135421E+00     0.103623E+00
  0.145137E+00     0.258062E+00     0.130226E+00     0.203727E+00     0.126323E+00
  0.132959E+00     0.225393E+00     0.276731E+00     0.160480E+00     0.282560E+00
  0.939164E-01     0.145967E+00     0.203637E+00     0.181316E+00     0.251568E+00
  0.196875E+00     0.141020E+00     0.123265E+00     0.137721E+00     0.169359E+00
  0.157318E+00     0.171454E+00     0.134636E+00     0.237147E+00     0.133644E+00
  0.248800E+00     0.196541E+00     0.160455E+00     0.117800E+00     0.120610E+00
  0.161402E+00     0.159049E+00     0.150684E+00     0.138276E+00     0.137516E+00
  0.132667E+00     0.140765E+00     0.159087E+00     0.178027E+00     0.287038E+00
  0.198577E+00     0.135835E+00     0.121738E+00     0.175593E+00     0.140201E+00
  0.170237E+00     0.133241E+00     0.168870E+00     0.186268E+00     0.269568E+00
  0.176448E+00     0.136544E+00     0.151012E+00     0.239835E+00     0.163093E+00
  0.155409E+00     0.156014E+00     0.170736E+00     0.145332E+00     0.104621E+00
  0.748509E-01     0.114880E+00     0.110360E+00     0.117288E+00     0.806363E-01
  0.115454E+00     0.122213E+00     0.960750E-01     0.108238E+00     0.113377E+00
  0.254845E+00     0.344418E+00     0.380141E+00     0.269994E+00     0.326214E+00
  0.434512E+00     0.444200E+00     0.308453E+00     0.336561E+00     0.306346E+00
  0.407221E+00     0.305378E+00     0.412619E+00     0.520057E+00     0.362772E+00
  0.683388E+00     0.515515E+00     0.428899E+00     0.441975E+00     0.452619E+00
  0.836585E+00     0.568649E+00     0.507158E+00     0.491739E+00     0.708898E+00
  0.487291E+00     0.458230E+00     0.551594E+00     0.540210E+00     0.609144E+00
  0.619545E+00     0.553020E+00     0.672220E+00     0.612054E+00     0.546823E+00
  0.642248E+00     0.540566E+00     0.640336E+00     0.700847E+00     0.676391E+00
  0.673916E+00     0.667039E+00     0.724417E+00     0.848490E+00     0.646092E+00
  0.660649E+00     0.794042E+00     0.761101E+00
 eigen energies, in ev
    -46.671100       -46.571156       -46.223580       -45.845954       -45.700443
    -29.118504       -28.558198       -28.385114       -28.343900       -28.260110
    -28.067802       -28.063644       -28.052400       -28.001149       -27.951202
    -27.894696       -27.885965       -27.874154       -27.834535       -27.830943
    -27.822003       -27.792758       -27.790016       -27.748269       -27.736931
    -27.702809       -27.683975       -27.675072       -27.664273       -27.662221
    -27.661020       -27.654652       -27.566257       -27.522842       -27.498442
    -27.462133       -27.419409       -27.371125       -27.353431       -27.323579
    -27.295078       -27.288602       -27.256435       -27.255116       -27.241369
    -27.233595       -27.159628       -27.156863       -27.133911       -27.115055
    -27.114656       -27.093195       -27.041286       -27.034644       -27.021652
    -26.997082       -26.949554       -26.948991       -26.926481       -26.888039
    -26.884291       -26.878118       -26.851647       -26.847540       -26.795687
    -26.791101       -26.780093       -26.767227       -26.731005       -26.666429
    -26.626449       -26.579728       -26.565127       -26.524267       -26.496570
    -26.428220       -26.399625       -26.386249       -26.380450       -26.260402
    -26.196590       -26.156758       -26.141930       -26.134306       -26.090302
    -26.074092       -26.029595       -26.009096       -25.968347       -25.955689
    -25.921504       -25.867224       -25.848176       -25.845634       -25.830125
    -25.779631       -25.778776       -25.769108       -25.750176       -25.746500
    -25.740059       -25.738184       -25.720457       -25.719292       -25.713436
    -25.674550       -25.667303       -25.641754       -25.630357       -25.582467
    -25.580701       -25.556647       -25.532117       -25.519313       -25.511382
    -25.469170       -25.447224       -25.444080       -25.438640       -25.409426
    -25.402199       -25.369293       -25.320674       -25.308138       -25.303687
    -25.265395       -25.259398       -25.250035       -25.246710       -25.242799
    -25.231549       -25.213662       -25.208909       -25.151478       -25.148310
    -25.086038       -25.053831       -25.040251       -24.997887       -24.995508
    -24.936629       -24.904396       -24.900064       -24.833881       -24.811969
    -24.795561       -24.749602       -24.636208       -24.610249       -24.531347
    -24.322791       -24.078471       -24.014938       -23.886898       -23.710813
    -23.437811       -23.419511       -23.381465       -23.350435       -23.341756
    -23.322451       -23.292218       -23.260709       -23.221013       -23.186323
    -23.101932       -23.047630       -23.017175       -22.906464       -22.874638
    -22.865443       -22.709021       -22.690652       -22.647540       -22.600936
    -22.459579       -22.458620       -22.293684       -22.257920       -22.214260
    -22.124885       -22.100559       -22.028482       -22.004697       -21.962708
    -21.940208       -21.855175       -21.686253       -21.355200       -21.189165
    -19.996458       -19.335843       -19.034765       -18.835689       -18.716472
    -18.201792       -17.532661       -17.310105       -17.255080       -17.147822
    -17.128475       -17.048944       -17.038013       -16.914188       -16.828038
    -16.576947       -16.490293       -16.460247       -16.186607       -16.183993
    -16.051733       -16.004961       -15.984051       -15.980036       -15.971562
    -15.947999       -15.926118       -15.913848       -15.897024       -15.869027
    -15.864777       -15.835221       -15.820318       -15.715217       -15.702760
    -15.662461       -15.592933       -15.453047       -15.290721       -15.087938
    -15.082013       -14.880339       -14.727230       -14.699290       -14.579835
    -14.519654       -14.443454       -14.407699       -14.396989       -14.386984
    -14.380261       -14.301506       -14.283802       -14.139636       -14.024138
    -13.996245       -13.974296       -13.970354       -13.916177       -13.914894
    -13.873114       -13.688564       -13.662548       -13.657054       -13.578068
    -13.548442       -13.502044       -13.428457       -13.386041       -13.382536
    -13.381968       -13.337936       -13.283808       -13.280857       -13.261459
    -13.162992       -13.132404       -13.113737       -13.075874       -13.020094
    -13.017878       -12.956861       -12.903878       -12.824668       -12.811846
    -12.347923       -12.267547       -12.203159       -12.117591       -12.112217
    -12.075901       -11.900333       -11.862479       -11.851598       -11.844185
    -11.814364       -11.747536       -11.701349       -11.683504       -11.670298
    -11.666777       -11.655621       -11.637550       -11.631062       -11.620699
    -11.619025       -11.607860       -11.603527       -11.580766       -11.567506
    -11.537261       -11.476161       -11.459330       -11.434054       -11.413540
    -11.388374       -11.378048       -11.358125       -11.336107       -11.284672
    -11.228446       -11.227021       -11.168026       -11.107703       -11.063846
    -11.060157       -11.040414       -11.002456       -10.993876       -10.971388
    -10.967694       -10.957096       -10.918839       -10.835574       -10.807822
    -10.700405       -10.662448       -10.595773       -10.589167       -10.506114
    -10.488532       -10.474887       -10.450684       -10.443895       -10.390580
    -10.374785       -10.360502       -10.324393       -10.313014       -10.301417
    -10.277312       -10.272215       -10.266688       -10.257633       -10.236863
    -10.233431       -10.221353       -10.212005       -10.199192       -10.194141
    -10.186471       -10.173519       -10.160510       -10.144989       -10.136939
    -10.122014       -10.109034       -10.103576       -10.099950       -10.093640
    -10.086779       -10.070038       -10.057776       -10.047766       -10.042218
    -10.036115       -10.017069       -10.007418        -9.998724        -9.984136
     -9.980159        -9.970914        -9.966508        -9.957082        -9.936650
     -9.921597        -9.908502        -9.890851        -9.882752        -9.868562
     -9.860834        -9.856257        -9.842561        -9.840370        -9.833718
     -9.823839        -9.812879        -9.803882        -9.801664        -9.795106
     -9.790858        -9.775909        -9.774362        -9.759088        -9.755890
     -9.735237        -9.731303        -9.713521        -9.692139        -9.683620
     -9.648181        -9.639694        -9.635381        -9.614327        -9.612248
     -9.600908        -9.598909        -9.588759        -9.572448        -9.559354
     -9.555984        -9.550275        -9.545916        -9.529796        -9.521070
     -9.517318        -9.511200        -9.497997        -9.461899        -9.457352
     -9.443453        -9.426170        -9.422001        -9.410267        -9.404936
     -9.397576        -9.390164        -9.385850        -9.379640        -9.379153
     -9.373966        -9.355709        -9.345363        -9.340235        -9.338023
     -9.328783        -9.327265        -9.312294        -9.303929        -9.284286
     -9.254718        -9.239208        -9.225477        -9.218262        -9.211878
     -9.196156        -9.190441        -9.179782        -9.173024        -9.143657
     -9.138361        -9.122512        -9.117155        -9.101938        -9.095822
     -9.074143        -9.064498        -9.041046        -9.037045        -9.027047
     -9.016231        -8.989173        -8.980830        -8.971164        -8.962113
     -8.941024        -8.935542        -8.927573        -8.917826        -8.907983
     -8.902067        -8.891147        -8.886310        -8.871013        -8.858722
     -8.844834        -8.818344        -8.810380        -8.794202        -8.775367
     -8.772666        -8.764312        -8.714256        -8.684425        -8.667058
     -8.655870        -8.646819        -8.631465        -8.628019        -8.615229
     -8.603493        -8.586401        -8.558867        -8.551835        -8.539703
     -8.531742        -8.523176        -8.507261        -8.505243        -8.474441
     -8.447051        -8.441675        -8.435367        -8.421820        -8.420920
     -8.410340        -8.382832        -8.364952        -8.359750        -8.334561
     -8.329949        -8.317978        -8.304600        -8.297438        -8.289235
     -8.269315        -8.247090        -8.241343        -8.238244        -8.221820
     -8.216199        -8.186843        -8.179829        -8.170640        -8.154175
     -8.135685        -8.125970        -8.107580        -8.094046        -8.066364
     -8.040435        -8.039017        -8.007707        -7.991398        -7.961269
     -7.950651        -7.914806        -7.850626        -7.832579        -7.819027
     -7.788415        -7.786899        -7.757747        -7.742038        -7.715718
     -7.705161        -7.695707        -7.686222        -7.656107        -7.613145
     -7.592104        -7.562206        -7.547387        -7.537567        -7.533709
     -7.502983        -7.490666        -7.447498        -7.425359        -7.374060
     -7.355654        -7.349483        -7.314288        -7.309920        -7.285891
     -7.278317        -7.272853        -7.244579        -7.233425        -7.221700
     -7.208928        -7.189038        -7.177352        -7.164365        -7.154780
     -7.141865        -7.135193        -7.130300        -7.113432        -7.104529
     -7.097153        -7.084827        -7.083048        -7.063036        -7.048064
     -7.032114        -7.010430        -6.971310        -6.933350        -6.918712
     -6.914938        -6.905674        -6.901998        -6.886856        -6.871252
     -6.858390        -6.830074        -6.822447        -6.803292        -6.789844
     -6.770061        -6.744609        -6.721491        -6.702390        -6.691203
     -6.685830        -6.673252        -6.669250        -6.666060        -6.651562
     -6.648202        -6.641877        -6.629727        -6.596516        -6.585757
     -6.572400        -6.550467        -6.548571        -6.541722        -6.535586
     -6.526795        -6.518246        -6.505054        -6.503387        -6.493812
     -6.489249        -6.469445        -6.458638        -6.453094        -6.445219
     -6.432166        -6.419871        -6.403647        -6.395466        -6.388208
     -6.380741        -6.366227        -6.359435        -6.354218        -6.340053
     -6.327527        -6.324620        -6.314977        -6.302620        -6.290953
     -6.285256        -6.280537        -6.262935        -6.238154        -6.234324
     -6.228728        -6.214706        -6.201913        -6.195731        -6.192825
     -6.185351        -6.179351        -6.170402        -6.150841        -6.135010
     -6.125829        -6.119257        -6.104261        -6.095201        -6.080760
     -6.076232        -6.067275        -6.060552        -6.048494        -6.045702
     -6.014844        -6.012153        -6.006274        -5.997692        -5.982702
     -5.981258        -5.976634        -5.975612        -5.967816        -5.950138
     -5.937688        -5.932932        -5.918680        -5.912957        -5.906520
     -5.897795        -5.877256        -5.867036        -5.856716        -5.850817
     -5.838887        -5.833977        -5.827969        -5.826482        -5.814316
     -5.810523        -5.809330        -5.788484        -5.785624        -5.782371
     -5.778544        -5.774161        -5.767267        -5.744391        -5.735289
     -5.723209        -5.720444        -5.714333        -5.711096        -5.706754
     -5.703124        -5.696532        -5.688284        -5.680592        -5.668095
     -5.667059        -5.656250        -5.644916        -5.639985        -5.629424
     -5.624487        -5.620188        -5.617738        -5.612114        -5.597446
     -5.586848        -5.571907        -5.552908        -5.546956        -5.542055
     -5.535929        -5.535024        -5.526978        -5.525165        -5.521349
     -5.519409        -5.510611        -5.499091        -5.496298        -5.491621
     -5.486865        -5.475882        -5.460072        -5.448603        -5.441502
     -5.435215        -5.424284        -5.422120        -5.418881        -5.402887
     -5.390773        -5.383763        -5.376344        -5.373308        -5.363557
     -5.357321        -5.353469        -5.339640        -5.332107        -5.324879
     -5.319580        -5.308147        -5.299675        -5.296005        -5.290285
     -5.280340        -5.274313        -5.266974        -5.263149        -5.259602
     -5.256370        -5.250732        -5.246520        -5.242026        -5.223772
     -5.220549        -5.209904        -5.205205        -5.197964        -5.186096
     -5.183573        -5.174941        -5.171390        -5.162145        -5.157594
     -5.152204        -5.142841        -5.140267        -5.137966        -5.126365
     -5.119235        -5.112428        -5.111117        -5.100796        -5.092672
     -5.089200        -5.083903        -5.080768        -5.077995        -5.071470
     -5.060808        -5.058438        -5.042806        -5.030226        -5.023349
     -5.016055        -5.012721        -5.002097        -4.988347        -4.976942
     -4.968739        -4.960839        -4.951211        -4.950488        -4.934426
     -4.929579        -4.922894        -4.921449        -4.917055        -4.905820
     -4.895481        -4.893355        -4.892562        -4.880753        -4.863668
     -4.858676        -4.854754        -4.844026        -4.838545        -4.834593
     -4.829843        -4.828488        -4.820452        -4.815809        -4.808875
     -4.801578        -4.790563        -4.781485        -4.773374        -4.757385
     -4.746731        -4.735847        -4.730426        -4.727300        -4.720776
     -4.707342        -4.701933        -4.697400        -4.688093        -4.686924
     -4.680407        -4.674617        -4.667872        -4.665597        -4.661758
     -4.653684        -4.650190        -4.635376        -4.634253        -4.626387
     -4.624437        -4.610154        -4.588704        -4.577156        -4.567718
     -4.554273        -4.540373        -4.529033        -4.521065        -4.513966
     -4.509836        -4.506953        -4.498956        -4.496415        -4.491847
     -4.476689        -4.465591        -4.453746        -4.446958        -4.445695
     -4.421124        -4.403350        -4.392825        -4.364157        -4.351452
     -4.335658        -4.335196        -4.324212        -4.313777        -4.271120
     -4.261693        -4.253599        -4.252702        -4.240730        -4.234654
     -4.230601        -4.208638        -4.200746        -4.189069        -4.177775
     -4.173143        -4.164588        -4.133330        -4.122741        -4.119239
     -4.099083        -4.093431        -4.064033        -4.025213        -3.994568
     -3.978955        -3.964322        -3.935974        -3.923056        -3.852967
     -3.844165        -3.839030        -3.830851        -3.732891        -3.715064
     -3.630068        -3.588004        -3.577737        -3.575971        -3.572533
     -3.546573        -3.524011        -3.493149        -3.480496        -3.454050
     -3.420271        -3.366418        -3.363270        -3.356769        -3.332944
     -3.317707        -3.303676        -3.269136        -3.211521        -3.204590
     -3.198257        -3.195442        -3.177082        -3.131370        -3.120533
     -3.096133        -3.087886        -3.078156        -3.073069        -3.068153
     -3.041630        -2.990781        -2.971632        -2.967946        -2.958335
     -2.951831        -2.946090        -2.897158        -2.879815        -2.874403
     -2.823211        -2.804303        -2.742239        -2.731490        -2.689180
     -2.665026        -2.602036        -2.561470        -2.532030        -2.201709
      0.338041         0.834795         1.023408         1.270570         1.341495
      1.579650         1.597178         1.619544         1.756161         1.843926
      2.287038         2.583238         2.700164         2.807692         2.965965
      3.019631         3.090680         3.207365         3.219227         3.289674
      3.379798         3.413413         3.418109         3.442765         3.517987
      3.530415         3.580420         3.598381         3.618077         3.636689
      3.652178         3.721537         3.762802         3.782760         3.817128
      3.867117         3.894038         3.909232         3.932330         3.952484
      3.977436         4.018396         4.034331         4.088044         4.113722
      4.124429         4.162955         4.184807         4.208848         4.242315
      4.281948         4.326510         4.343193         4.369631         4.428795
      4.467135         4.489104         4.532947
 *********************************
 sum eigen(dbl occ, ryd)=  -1607.91908105098     
 *********************************
 Ef(eV)=  -1.26153783130059     
 ***************************************************
 iter=           8
 ---------------------------------------------------
 dvE, dvE(n)-dvE(n-1) = 0.2926E-03 0.2926E-03
 dv_ave, drho_tot     = 0.1710E-01 0.7043E-01
 err of ug            = 0.1069E-01
 ---------------------------------------------------
 Ewald        = -.41116881944013E+05
 Alpha        = 0.15207970391171E+04
 E_extV       = 0.00000000000000E+00    0.0000E+00
 E_NSC        = -.22261248702523E+05    0.9020E+03
 E[-rho*V_Hxc]= -.12251011881028E+06    -.7982E+03
 E_Hxc        = 0.51426201152383E+05    0.6379E+03
 -TS          = -.40720735057247E-26    0.4013E-21
 E_tot(eV)    = -.13294125126532E+06    0.1037E+03
 ---------------------------------------------------
 E_ion,E_coul,E_xc =   -223782.6291376   79941.8093403  -28515.6081879
Ewald+Hart+ion    -0.1849577017413E+06
 ave(vtot)=ave_(V_xc)=: v0= -0.291076453396376     
 Eigen energies are values after setting ave_vtot=0
 ----------------------------------
 One SCF use:    85.9743349552155       s
 *********************************
 ****** kpt=           1
 err of each states, eV
  0.402797E-01     0.408993E-01     0.403351E-01     0.388663E-01     0.352973E-01
  0.742683E-01     0.254572E-01     0.673285E-01     0.278425E-01     0.275076E-01
  0.383663E-01     0.393877E-01     0.387787E-01     0.399705E-01     0.248819E-01
  0.318046E-01     0.716947E-01     0.266768E-01     0.369210E-01     0.820867E-01
  0.295928E-01     0.284614E-01     0.376529E-01     0.264925E-01     0.266821E-01
  0.328931E-01     0.327661E-01     0.295628E-01     0.244004E-01     0.356914E-01
  0.323544E-01     0.261270E-01     0.258224E-01     0.324437E-01     0.242511E-01
  0.358595E-01     0.382268E-01     0.686280E-01     0.452054E-01     0.289793E-01
  0.296757E-01     0.366832E-01     0.335667E-01     0.299193E-01     0.284633E-01
  0.289644E-01     0.339036E-01     0.410557E-01     0.488791E-01     0.344166E-01
  0.752070E-01     0.300024E-01     0.256207E-01     0.801111E-01     0.284920E-01
  0.270422E-01     0.372149E-01     0.247039E-01     0.362318E-01     0.288518E-01
  0.280767E-01     0.259653E-01     0.263002E-01     0.288676E-01     0.840264E-01
  0.402965E-01     0.303157E-01     0.311135E-01     0.323783E-01     0.304088E-01
  0.288725E-01     0.247527E-01     0.257665E-01     0.844018E-01     0.283149E-01
  0.374866E-01     0.451396E-01     0.458243E-01     0.259696E-01     0.278827E-01
  0.298744E-01     0.313327E-01     0.306780E-01     0.400857E-01     0.766055E-01
  0.427264E-01     0.434516E-01     0.494685E-01     0.462924E-01     0.420740E-01
  0.249280E-01     0.413053E-01     0.388781E-01     0.331687E-01     0.436584E-01
  0.473350E-01     0.435309E-01     0.367525E-01     0.466762E-01     0.480505E-01
  0.485549E-01     0.476965E-01     0.442154E-01     0.442944E-01     0.303122E-01
  0.379098E-01     0.491568E-01     0.316524E-01     0.345500E-01     0.408487E-01
  0.500062E-01     0.536656E-01     0.403826E-01     0.384437E-01     0.397826E-01
  0.349296E-01     0.516633E-01     0.296001E-01     0.270273E-01     0.545125E-01
  0.418662E-01     0.525961E-01     0.279013E-01     0.278186E-01     0.494795E-01
  0.700735E-01     0.290093E-01     0.593408E-01     0.514137E-01     0.110745E+00
  0.459018E-01     0.106596E+00     0.432165E-01     0.637895E-01     0.342695E-01
  0.510184E-01     0.646441E-01     0.409230E-01     0.616459E-01     0.395672E-01
  0.425056E-01     0.396829E-01     0.462991E-01     0.108581E+00     0.597565E-01
  0.518253E-01     0.435238E-01     0.101930E+00     0.708429E-01     0.858759E-01
  0.573636E-01     0.104878E+00     0.100411E+00     0.105607E+00     0.119394E+00
  0.118705E+00     0.617141E-01     0.870722E-01     0.721453E-01     0.814122E-01
  0.759169E-01     0.639280E-01     0.612585E-01     0.922136E-01     0.490171E-01
  0.476678E-01     0.617382E-01     0.895504E-01     0.890124E-01     0.834653E-01
  0.477536E-01     0.882912E-01     0.897433E-01     0.879328E-01     0.864213E-01
  0.529878E-01     0.797410E-01     0.840978E-01     0.851584E-01     0.843111E-01
  0.787292E-01     0.767720E-01     0.832655E-01     0.862071E-01     0.790402E-01
  0.894292E-01     0.767146E-01     0.772264E-01     0.754561E-01     0.753146E-01
  0.115445E+00     0.101380E+00     0.106978E+00     0.949389E-01     0.100435E+00
  0.104388E+00     0.862501E-01     0.890927E-01     0.833616E-01     0.950244E-01
  0.911219E-01     0.815585E-01     0.957758E-01     0.958400E-01     0.992370E-01
  0.980414E-01     0.944367E-01     0.968643E-01     0.103026E+00     0.103328E+00
  0.110375E+00     0.100809E+00     0.959909E-01     0.983003E-01     0.106239E+00
  0.109074E+00     0.105893E+00     0.101187E+00     0.944359E-01     0.101155E+00
  0.895890E-01     0.971055E-01     0.980521E-01     0.968863E-01     0.989577E-01
  0.963944E-01     0.951219E-01     0.923057E-01     0.885397E-01     0.101131E+00
  0.107890E+00     0.826743E-01     0.204233E+00     0.935897E-01     0.116676E+00
  0.201066E+00     0.108504E+00     0.820092E-01     0.791690E-01     0.788630E-01
  0.854687E-01     0.805631E-01     0.889967E-01     0.777176E-01     0.223782E+00
  0.135944E+00     0.148738E+00     0.215775E+00     0.824312E-01     0.121296E+00
  0.101493E+00     0.897788E-01     0.122011E+00     0.121510E+00     0.120128E+00
  0.117272E+00     0.113806E+00     0.110574E+00     0.112140E+00     0.124592E+00
  0.121762E+00     0.109480E+00     0.965440E-01     0.102508E+00     0.102164E+00
  0.118816E+00     0.104603E+00     0.959950E-01     0.112587E+00     0.109556E+00
  0.925322E-01     0.145085E+00     0.105364E+00     0.107391E+00     0.137706E+00
  0.962114E-01     0.984034E-01     0.104687E+00     0.979900E-01     0.886442E-01
  0.116696E+00     0.104906E+00     0.101292E+00     0.106485E+00     0.107711E+00
  0.109060E+00     0.106604E+00     0.119174E+00     0.988756E-01     0.105317E+00
  0.134182E+00     0.106673E+00     0.117609E+00     0.106995E+00     0.111614E+00
  0.169551E+00     0.114536E+00     0.108837E+00     0.106771E+00     0.988457E-01
  0.118043E+00     0.146376E+00     0.106835E+00     0.109974E+00     0.127958E+00
  0.118322E+00     0.120065E+00     0.115166E+00     0.109931E+00     0.110133E+00
  0.112769E+00     0.111896E+00     0.935730E-01     0.106797E+00     0.103721E+00
  0.966412E-01     0.105521E+00     0.112652E+00     0.122537E+00     0.114445E+00
  0.564486E-01     0.139401E+00     0.887254E-01     0.737388E-01     0.101195E+00
  0.997679E-01     0.128911E+00     0.143396E+00     0.745899E-01     0.128948E+00
  0.111144E+00     0.113581E+00     0.107447E+00     0.114221E+00     0.112632E+00
  0.112529E+00     0.111364E+00     0.128709E+00     0.123374E+00     0.108178E+00
  0.129352E+00     0.127818E+00     0.123052E+00     0.128090E+00     0.108088E+00
  0.107576E+00     0.122232E+00     0.733046E-01     0.120236E+00     0.122120E+00
  0.116217E+00     0.126460E+00     0.129319E+00     0.117654E+00     0.950922E-01
  0.100763E+00     0.958284E-01     0.102610E+00     0.116791E+00     0.118833E+00
  0.104491E+00     0.118529E+00     0.109442E+00     0.106141E+00     0.934812E-01
  0.102305E+00     0.965960E-01     0.971415E-01     0.937470E-01     0.101461E+00
  0.102330E+00     0.103799E+00     0.918959E-01     0.838475E-01     0.834358E-01
  0.936751E-01     0.849479E-01     0.990597E-01     0.980090E-01     0.997808E-01
  0.103948E+00     0.105330E+00     0.816940E-01     0.874762E-01     0.860830E-01
  0.898194E-01     0.116328E+00     0.123839E+00     0.124219E+00     0.115533E+00
  0.128466E+00     0.127736E+00     0.901149E-01     0.799728E-01     0.117090E+00
  0.890056E-01     0.112689E+00     0.956518E-01     0.851349E-01     0.973177E-01
  0.915649E-01     0.903837E-01     0.110736E+00     0.962720E-01     0.101700E+00
  0.129163E+00     0.110396E+00     0.100713E+00     0.927706E-01     0.973410E-01
  0.134127E+00     0.878558E-01     0.768744E-01     0.107490E+00     0.740626E-01
  0.724986E-01     0.592199E-01     0.105342E+00     0.901944E-01     0.926459E-01
  0.954246E-01     0.106124E+00     0.872655E-01     0.918133E-01     0.102168E+00
  0.827938E-01     0.960602E-01     0.768146E-01     0.861150E-01     0.961874E-01
  0.741242E-01     0.807021E-01     0.868554E-01     0.792888E-01     0.750906E-01
  0.889739E-01     0.799120E-01     0.738771E-01     0.837603E-01     0.754096E-01
  0.726281E-01     0.823823E-01     0.741464E-01     0.780109E-01     0.830949E-01
  0.806134E-01     0.929697E-01     0.941235E-01     0.965820E-01     0.884805E-01
  0.917736E-01     0.876204E-01     0.891348E-01     0.930175E-01     0.823665E-01
  0.931600E-01     0.905781E-01     0.109237E+00     0.123325E+00     0.106992E+00
  0.125251E+00     0.115561E+00     0.996108E-01     0.949285E-01     0.765268E-01
  0.103782E+00     0.128644E+00     0.103165E+00     0.107645E+00     0.116202E+00
  0.127716E+00     0.126115E+00     0.139846E+00     0.124441E+00     0.111309E+00
  0.106547E+00     0.122716E+00     0.107206E+00     0.909084E-01     0.116160E+00
  0.105427E+00     0.750979E-01     0.854814E-01     0.735863E-01     0.673332E-01
  0.814639E-01     0.716730E-01     0.100257E+00     0.751823E-01     0.941951E-01
  0.100615E+00     0.954768E-01     0.978174E-01     0.102175E+00     0.899625E-01
  0.106207E+00     0.913336E-01     0.908683E-01     0.126112E+00     0.967502E-01
  0.877669E-01     0.964864E-01     0.144963E+00     0.101543E+00     0.977354E-01
  0.123180E+00     0.120073E+00     0.126204E+00     0.856539E-01     0.818138E-01
  0.106184E+00     0.951394E-01     0.115453E+00     0.945866E-01     0.980988E-01
  0.962059E-01     0.890783E-01     0.125225E+00     0.104092E+00     0.118808E+00
  0.105779E+00     0.105489E+00     0.996456E-01     0.102837E+00     0.112325E+00
  0.104864E+00     0.108765E+00     0.108972E+00     0.127426E+00     0.992681E-01
  0.107989E+00     0.101710E+00     0.122586E+00     0.108044E+00     0.117050E+00
  0.969741E-01     0.111099E+00     0.128203E+00     0.991898E-01     0.945723E-01
  0.112853E+00     0.793268E-01     0.121709E+00     0.116844E+00     0.121136E+00
  0.797876E-01     0.867089E-01     0.121211E+00     0.127132E+00     0.116445E+00
  0.110355E+00     0.744785E-01     0.660547E-01     0.909100E-01     0.929952E-01
  0.124925E+00     0.101100E+00     0.118143E+00     0.106736E+00     0.122577E+00
  0.867255E-01     0.129155E+00     0.886638E-01     0.102577E+00     0.111604E+00
  0.126437E+00     0.107327E+00     0.138713E+00     0.127200E+00     0.883328E-01
  0.956274E-01     0.908314E-01     0.106272E+00     0.854448E-01     0.824074E-01
  0.939672E-01     0.134984E+00     0.117562E+00     0.109799E+00     0.112472E+00
  0.873824E-01     0.121592E+00     0.683142E-01     0.970655E-01     0.757564E-01
  0.777706E-01     0.833305E-01     0.783894E-01     0.862268E-01     0.106139E+00
  0.837842E-01     0.111467E+00     0.108735E+00     0.106781E+00     0.119361E+00
  0.110095E+00     0.108227E+00     0.883649E-01     0.881661E-01     0.894565E-01
  0.954265E-01     0.917505E-01     0.917807E-01     0.901727E-01     0.103541E+00
  0.997688E-01     0.975498E-01     0.110927E+00     0.111309E+00     0.101409E+00
  0.119226E+00     0.730027E-01     0.793164E-01     0.969748E-01     0.764606E-01
  0.836835E-01     0.802439E-01     0.810471E-01     0.853916E-01     0.785749E-01
  0.873561E-01     0.936565E-01     0.935450E-01     0.880071E-01     0.858562E-01
  0.893552E-01     0.121663E+00     0.105561E+00     0.105981E+00     0.116121E+00
  0.845269E-01     0.968576E-01     0.901648E-01     0.943591E-01     0.954293E-01
  0.880357E-01     0.114727E+00     0.111571E+00     0.113781E+00     0.916959E-01
  0.102133E+00     0.103370E+00     0.105182E+00     0.884057E-01     0.104446E+00
  0.115458E+00     0.115339E+00     0.104279E+00     0.999151E-01     0.674701E-01
  0.929415E-01     0.884633E-01     0.978907E-01     0.783767E-01     0.857421E-01
  0.915751E-01     0.850879E-01     0.869003E-01     0.106041E+00     0.107508E+00
  0.102124E+00     0.100063E+00     0.855571E-01     0.877155E-01     0.852242E-01
  0.115451E+00     0.721694E-01     0.753477E-01     0.898474E-01     0.816952E-01
  0.737027E-01     0.719817E-01     0.723515E-01     0.737300E-01     0.970555E-01
  0.769288E-01     0.803321E-01     0.798605E-01     0.116389E+00     0.882180E-01
  0.113645E+00     0.853079E-01     0.925938E-01     0.795713E-01     0.101091E+00
  0.102470E+00     0.101260E+00     0.996635E-01     0.105036E+00     0.987528E-01
  0.105236E+00     0.933460E-01     0.775773E-01     0.704135E-01     0.702621E-01
  0.663292E-01     0.787286E-01     0.783044E-01     0.753350E-01     0.814940E-01
  0.605712E-01     0.652027E-01     0.815021E-01     0.742629E-01     0.751937E-01
  0.880635E-01     0.943050E-01     0.100403E+00     0.786388E-01     0.740244E-01
  0.954678E-01     0.874142E-01     0.836137E-01     0.652117E-01     0.112615E+00
  0.781538E-01     0.897688E-01     0.721408E-01     0.681139E-01     0.981723E-01
  0.673446E-01     0.922294E-01     0.909058E-01     0.822433E-01     0.656585E-01
  0.752209E-01     0.738738E-01     0.697897E-01     0.870060E-01     0.112650E+00
  0.734342E-01     0.826432E-01     0.773413E-01     0.952960E-01     0.958763E-01
  0.894284E-01     0.810899E-01     0.729782E-01     0.784875E-01     0.699667E-01
  0.782115E-01     0.696553E-01     0.718532E-01     0.655380E-01     0.843226E-01
  0.866766E-01     0.686933E-01     0.697792E-01     0.763212E-01     0.100337E+00
  0.102053E+00     0.778360E-01     0.759912E-01     0.728394E-01     0.775152E-01
  0.706575E-01     0.676084E-01     0.893132E-01     0.904427E-01     0.848637E-01
  0.803183E-01     0.831687E-01     0.804907E-01     0.981645E-01     0.818143E-01
  0.820634E-01     0.954342E-01     0.740183E-01     0.732038E-01     0.964477E-01
  0.868984E-01     0.869711E-01     0.736195E-01     0.757458E-01     0.760044E-01
  0.862236E-01     0.825392E-01     0.804946E-01     0.828466E-01     0.790595E-01
  0.826626E-01     0.899766E-01     0.893452E-01     0.985844E-01     0.995072E-01
  0.891831E-01     0.890163E-01     0.925338E-01     0.969334E-01     0.860885E-01
  0.883767E-01     0.901894E-01     0.878718E-01     0.898690E-01     0.898165E-01
  0.109489E+00     0.935764E-01     0.864376E-01     0.765014E-01     0.903852E-01
  0.772837E-01     0.731150E-01     0.926202E-01     0.113241E+00     0.707250E-01
  0.906038E-01     0.634475E-01     0.866990E-01     0.690729E-01     0.735790E-01
  0.714305E-01     0.790938E-01     0.678846E-01     0.118274E+00     0.926806E-01
  0.106386E+00     0.718921E-01     0.721821E-01     0.902510E-01     0.921995E-01
  0.100455E+00     0.885737E-01     0.885191E-01     0.947146E-01     0.876516E-01
  0.806849E-01     0.118500E+00     0.736922E-01     0.945260E-01     0.705964E-01
  0.603043E-01     0.882589E-01     0.709453E-01     0.701062E-01     0.784904E-01
  0.953126E-01     0.112612E+00     0.980060E-01     0.102799E+00     0.110256E+00
  0.598159E-01     0.106302E+00     0.838091E-01     0.620188E-01     0.593703E-01
  0.628115E-01     0.686584E-01     0.639701E-01     0.943805E-01     0.737149E-01
  0.966267E-01     0.110830E+00     0.645349E-01     0.879375E-01     0.104656E+00
  0.968726E-01     0.882236E-01     0.947016E-01     0.725131E-01     0.643154E-01
  0.733266E-01     0.890465E-01     0.871900E-01     0.674498E-01     0.959573E-01
  0.975393E-01     0.102894E+00     0.761136E-01     0.107792E+00     0.105412E+00
  0.109883E+00     0.593704E-01     0.767588E-01     0.998086E-01     0.985471E-01
  0.653860E-01     0.786715E-01     0.979263E-01     0.863284E-01     0.615792E-01
  0.970367E-01     0.109348E+00     0.107578E+00     0.101263E+00     0.105371E+00
  0.994359E-01     0.905151E-01     0.108817E+00     0.109843E+00     0.109402E+00
  0.996996E-01     0.110663E+00     0.985264E-01     0.944166E-01     0.966078E-01
  0.103591E+00     0.998842E-01     0.107804E+00     0.996648E-01     0.979995E-01
  0.104867E+00     0.102232E+00     0.102874E+00     0.989117E-01     0.101435E+00
  0.954508E-01     0.100711E+00     0.998549E-01     0.970188E-01     0.115974E+00
  0.107540E+00     0.963926E-01     0.949775E-01     0.999382E-01     0.105438E+00
  0.102245E+00     0.114238E+00     0.101762E+00     0.874195E-01     0.999245E-01
  0.112089E+00     0.140688E+00     0.109855E+00     0.946242E-01     0.954140E-01
  0.884458E-01     0.895848E-01     0.127144E+00     0.115437E+00     0.876797E-01
  0.117348E+00     0.954232E-01     0.111696E+00     0.138926E+00     0.108672E+00
  0.117198E+00     0.106284E+00     0.127914E+00     0.836876E-01     0.892628E-01
  0.854451E-01     0.111239E+00     0.957315E-01     0.121817E+00     0.128573E+00
  0.135108E+00     0.129765E+00     0.114834E+00     0.114589E+00     0.105837E+00
  0.137052E+00     0.114408E+00     0.111723E+00     0.121151E+00     0.123431E+00
  0.979776E-01     0.146986E+00     0.146839E+00     0.121598E+00     0.143638E+00
  0.140313E+00     0.120917E+00     0.110982E+00     0.122705E+00     0.140242E+00
  0.128130E+00     0.125760E+00     0.141418E+00     0.140397E+00     0.839715E-01
  0.465996E-01     0.910255E-01     0.940273E-01     0.879174E-01     0.701833E-01
  0.107839E+00     0.108839E+00     0.711551E-01     0.814528E-01     0.744113E-01
  0.303087E+00     0.485274E+00     0.291003E+00     0.508019E+00     0.529110E+00
  0.279521E+00     0.413259E+00     0.611917E+00     0.400536E+00     0.482069E+00
  0.338336E+00     0.539381E+00     0.356035E+00     0.450464E+00     0.500538E+00
  0.584548E+00     0.698496E+00     0.585841E+00     0.673808E+00     0.587303E+00
  0.580156E+00     0.786146E+00     0.649197E+00     0.634796E+00     0.734507E+00
  0.594785E+00     0.937479E+00     0.105452E+01     0.818003E+00     0.761007E+00
  0.728984E+00     0.876267E+00     0.913548E+00     0.662877E+00     0.110817E+01
  0.743364E+00     0.934562E+00     0.894787E+00     0.122722E+01     0.104532E+01
  0.867124E+00     0.852516E+00     0.133941E+01     0.103036E+01     0.116168E+01
  0.118824E+01     0.128582E+01     0.125251E+01
 eigen energies, in ev
    -46.636426       -46.623407       -46.146222       -45.933071       -45.621512
    -29.470493       -28.639288       -28.531772       -28.398732       -28.369848
    -28.243862       -28.231654       -28.179725       -28.078592       -28.048790
    -27.988272       -27.953124       -27.907821       -27.874658       -27.874265
    -27.870716       -27.854308       -27.814694       -27.808193       -27.786666
    -27.773698       -27.743197       -27.734442       -27.729656       -27.709106
    -27.705047       -27.692376       -27.632558       -27.565935       -27.564098
    -27.499735       -27.477139       -27.446963       -27.428039       -27.362493
    -27.351947       -27.327931       -27.319764       -27.290670       -27.255994
    -27.232712       -27.227090       -27.218670       -27.218329       -27.205353
    -27.201299       -27.155528       -27.127203       -27.110572       -27.075273
    -27.026955       -27.010712       -26.998358       -26.987051       -26.927915
    -26.926342       -26.878759       -26.862230       -26.846433       -26.833288
    -26.831229       -26.782332       -26.780731       -26.768302       -26.695680
    -26.640086       -26.590858       -26.573642       -26.564775       -26.540036
    -26.457639       -26.454240       -26.304159       -26.290247       -26.251752
    -26.229410       -26.183308       -26.156857       -26.135142       -26.076684
    -26.030847       -26.010821       -25.945352       -25.886461       -25.879581
    -25.865515       -25.863939       -25.835230       -25.804614       -25.778641
    -25.763445       -25.761761       -25.760249       -25.752485       -25.734792
    -25.730193       -25.721341       -25.677191       -25.668349       -25.657573
    -25.587534       -25.578169       -25.554639       -25.550128       -25.518347
    -25.467533       -25.459604       -25.452667       -25.445190       -25.410994
    -25.406870       -25.377821       -25.358756       -25.336274       -25.298519
    -25.284233       -25.208252       -25.205982       -25.201384       -25.187575
    -25.187402       -25.131640       -25.115445       -25.114526       -25.093664
    -25.057299       -25.056627       -24.981710       -24.960225       -24.958837
    -24.950165       -24.920724       -24.881165       -24.856016       -24.785950
    -24.759765       -24.731906       -24.681753       -24.610914       -24.533372
    -24.496799       -24.482503       -24.389389       -24.219097       -24.183525
    -24.134948       -23.943652       -23.872733       -23.732765       -23.312938
    -23.178150       -23.068613       -22.919297       -22.905432       -22.894866
    -22.807377       -22.801826       -22.775351       -22.765081       -22.722127
    -22.671124       -22.667184       -22.594229       -22.578484       -22.455782
    -22.441384       -22.427938       -22.424561       -22.360988       -22.235177
    -22.163159       -22.163084       -22.031458       -22.014375       -21.965914
    -21.901600       -21.876825       -21.792118       -21.756434       -21.660555
    -21.657921       -21.534452       -21.466555       -21.073800       -20.889244
    -19.736173       -19.165044       -18.808197       -18.767773       -18.599973
    -17.345425       -16.609109       -16.423963       -16.406996       -16.289595
    -16.274438       -16.160704       -16.154698       -16.093987       -16.073917
    -16.066232       -15.912884       -15.810264       -15.589456       -15.585215
    -15.581405       -15.552783       -15.549701       -15.518378       -15.505735
    -15.480448       -15.451499       -15.238538       -15.233389       -15.092399
    -14.973941       -14.950370       -14.943707       -14.867436       -14.851723
    -14.847151       -14.822586       -14.803189       -14.722324       -14.633621
    -14.620884       -14.564193       -14.499525       -14.469761       -14.431837
    -14.396690       -14.291853       -14.237706       -14.206048       -14.202928
    -14.193903       -14.132141       -14.097168       -13.998245       -13.898793
    -13.822196       -13.815901       -13.736578       -13.694957       -13.691692
    -13.686961       -13.676898       -13.250307       -13.206041       -13.068458
    -13.066262       -13.012335       -13.001238       -12.979901       -12.953659
    -12.840988       -12.763167       -12.728951       -12.688446       -12.652117
    -12.626981       -12.619857       -12.547821       -12.506057       -12.448692
    -12.427826       -12.414937       -12.202134       -12.181415       -12.156725
    -12.080054       -12.071798       -12.040730       -11.977548       -11.941884
    -11.806560       -11.751093       -11.724847       -11.723870       -11.707940
    -11.551865       -11.549205       -11.545646       -11.532496       -11.510381
    -11.507646       -11.484029       -11.480199       -11.466596       -11.457277
    -11.353517       -11.290410       -11.256125       -11.214994       -11.212143
    -11.176286       -11.164246       -11.120196       -11.114252       -11.081762
    -11.051711       -10.959121       -10.926170       -10.888802       -10.880682
    -10.860202       -10.824338       -10.822533       -10.813078       -10.804183
    -10.795378       -10.787183       -10.768627       -10.764599       -10.752783
    -10.717942       -10.636565       -10.623146       -10.576981       -10.554073
    -10.461811       -10.418567       -10.411448       -10.343188       -10.319105
    -10.251708       -10.246151       -10.244811       -10.222117       -10.215152
    -10.210338       -10.206836       -10.177241       -10.168007       -10.160488
    -10.152105       -10.145969       -10.142783       -10.126706       -10.113832
    -10.107538       -10.093500       -10.038840       -10.024419       -10.014538
    -10.001233        -9.993111        -9.989891        -9.975397        -9.966214
     -9.959530        -9.938076        -9.932716        -9.899708        -9.890539
     -9.885568        -9.882020        -9.861538        -9.859212        -9.842146
     -9.833162        -9.809932        -9.802297        -9.790210        -9.786765
     -9.772632        -9.771575        -9.759496        -9.747679        -9.734987
     -9.730092        -9.723523        -9.713201        -9.703728        -9.690135
     -9.667003        -9.663736        -9.651779        -9.643934        -9.635906
     -9.626156        -9.587782        -9.581363        -9.578497        -9.575452
     -9.537735        -9.518766        -9.508856        -9.501555        -9.485497
     -9.463777        -9.446843        -9.440951        -9.429510        -9.416320
     -9.405456        -9.397143        -9.377289        -9.370245        -9.363755
     -9.358261        -9.351325        -9.339170        -9.333017        -9.290254
     -9.286621        -9.279005        -9.249962        -9.247551        -9.240255
     -9.232937        -9.229118        -9.215262        -9.187833        -9.178459
     -9.166939        -9.154438        -9.146803        -9.144814        -9.135818
     -9.128515        -9.116895        -9.096548        -9.082395        -9.081506
     -9.071817        -9.058815        -9.044754        -9.040243        -9.039066
     -9.031256        -9.022777        -9.017041        -9.008639        -9.006095
     -8.978902        -8.974301        -8.968558        -8.957376        -8.951789
     -8.943967        -8.923924        -8.909646        -8.907061        -8.895244
     -8.878046        -8.851136        -8.833693        -8.822781        -8.820250
     -8.809840        -8.796368        -8.785982        -8.781558        -8.769188
     -8.753673        -8.747117        -8.698982        -8.693259        -8.690346
     -8.686464        -8.683450        -8.664577        -8.648785        -8.642595
     -8.636543        -8.627677        -8.620200        -8.608918        -8.597187
     -8.592352        -8.587216        -8.564902        -8.558408        -8.545462
     -8.535751        -8.527344        -8.518292        -8.480855        -8.471442
     -8.457976        -8.433195        -8.424803        -8.404007        -8.382494
     -8.377028        -8.370022        -8.367715        -8.359908        -8.329984
     -8.320217        -8.303489        -8.277072        -8.245825        -8.223184
     -8.210061        -8.197824        -8.192543        -8.173830        -8.153309
     -8.138643        -8.135017        -8.120653        -8.106695        -8.092514
     -8.064159        -8.060568        -8.039477        -8.027902        -8.006172
     -7.991617        -7.968886        -7.965945        -7.955808        -7.832910
     -7.827201        -7.794240        -7.769968        -7.694211        -7.691615
     -7.686357        -7.679664        -7.668724        -7.652464        -7.608144
     -7.586170        -7.571588        -7.510897        -7.501637        -7.493204
     -7.486326        -7.463409        -7.450490        -7.425678        -7.364712
     -7.317490        -7.309087        -7.257491        -7.245595        -7.231252
     -7.210177        -7.181707        -7.176449        -7.132009        -7.110846
     -7.098477        -7.047174        -7.034186        -7.015017        -7.003872
     -6.995139        -6.971946        -6.938194        -6.920875        -6.908330
     -6.871338        -6.850773        -6.826309        -6.819786        -6.810546
     -6.804690        -6.777537        -6.770611        -6.754592        -6.722252
     -6.715362        -6.705669        -6.691611        -6.686533        -6.669928
     -6.652027        -6.641396        -6.633399        -6.615698        -6.605455
     -6.595938        -6.577777        -6.570681        -6.555031        -6.531192
     -6.526404        -6.512743        -6.498236        -6.494358        -6.492595
     -6.478799        -6.468355        -6.454683        -6.442500        -6.440169
     -6.420754        -6.412143        -6.406215        -6.385674        -6.382828
     -6.373039        -6.366912        -6.358720        -6.354734        -6.342534
     -6.334511        -6.327633        -6.319606        -6.304264        -6.295064
     -6.280602        -6.271014        -6.265367        -6.261112        -6.247327
     -6.243549        -6.235138        -6.225925        -6.209667        -6.200744
     -6.187686        -6.179811        -6.175214        -6.166671        -6.161300
     -6.151722        -6.138685        -6.119686        -6.108874        -6.106313
     -6.092484        -6.087159        -6.082904        -6.080239        -6.078072
     -6.061675        -6.050780        -6.033920        -6.022972        -6.006657
     -5.981443        -5.979717        -5.970158        -5.965437        -5.961938
     -5.947123        -5.938978        -5.934561        -5.921912        -5.908735
     -5.902026        -5.899157        -5.883038        -5.879146        -5.872492
     -5.863133        -5.855425        -5.838950        -5.829836        -5.818626
     -5.809036        -5.800576        -5.784238        -5.774383        -5.761601
     -5.758678        -5.740819        -5.735512        -5.726848        -5.719282
     -5.710105        -5.705412        -5.698432        -5.683276        -5.682406
     -5.671673        -5.662177        -5.654604        -5.650329        -5.645042
     -5.636287        -5.631823        -5.625460        -5.609735        -5.608579
     -5.603516        -5.600094        -5.596909        -5.584992        -5.579166
     -5.574462        -5.567603        -5.552084        -5.539506        -5.527292
     -5.521568        -5.515808        -5.505107        -5.494355        -5.492502
     -5.482836        -5.474270        -5.472979        -5.463692        -5.456486
     -5.452667        -5.446474        -5.444625        -5.429542        -5.426573
     -5.419903        -5.415737        -5.392724        -5.387290        -5.385273
     -5.372767        -5.370109        -5.364988        -5.348077        -5.346628
     -5.341695        -5.334448        -5.328446        -5.319589        -5.311769
     -5.301422        -5.296030        -5.292806        -5.291671        -5.280843
     -5.269233        -5.267367        -5.262888        -5.248297        -5.235640
     -5.231778        -5.230377        -5.220785        -5.218883        -5.209803
     -5.203390        -5.193656        -5.190098        -5.184171        -5.182197
     -5.169086        -5.165003        -5.153665        -5.143881        -5.140423
     -5.134316        -5.127364        -5.120513        -5.111738        -5.106511
     -5.097274        -5.083783        -5.082711        -5.075120        -5.062788
     -5.057034        -5.053968        -5.049534        -5.044962        -5.037975
     -5.031245        -5.026622        -5.017348        -5.008957        -5.004974
     -4.995363        -4.992613        -4.983595        -4.975641        -4.970174
     -4.963166        -4.959017        -4.952929        -4.944892        -4.940827
     -4.938237        -4.935878        -4.928727        -4.925537        -4.910122
     -4.905115        -4.899236        -4.892665        -4.886579        -4.881006
     -4.874046        -4.870224        -4.862457        -4.843658        -4.837403
     -4.832481        -4.826965        -4.817555        -4.809243        -4.807157
     -4.796003        -4.789956        -4.788629        -4.780881        -4.775550
     -4.765086        -4.760287        -4.758384        -4.752434        -4.748781
     -4.740168        -4.736440        -4.732294        -4.729035        -4.725013
     -4.716556        -4.696648        -4.689558        -4.681297        -4.677293
     -4.668246        -4.651196        -4.641601        -4.639174        -4.630939
     -4.625703        -4.624159        -4.613591        -4.611730        -4.598313
     -4.593119        -4.591854        -4.589713        -4.574558        -4.563414
     -4.559342        -4.558378        -4.547733        -4.543515        -4.541172
     -4.530560        -4.527244        -4.513338        -4.511451        -4.497112
     -4.481933        -4.479719        -4.460247        -4.438531        -4.418944
     -4.410241        -4.388087        -4.370200        -4.363536        -4.359893
     -4.345993        -4.336886        -4.332547        -4.324390        -4.311236
     -4.301574        -4.292404        -4.280741        -4.259801        -4.236729
     -4.231864        -4.218406        -4.197288        -4.195078        -4.192153
     -4.167483        -4.156191        -4.141862        -4.135983        -4.118350
     -4.104816        -4.100360        -4.098291        -4.076910        -4.027598
     -4.018600        -4.014824        -4.010706        -3.978300        -3.961798
     -3.943004        -3.912573        -3.897870        -3.884466        -3.873776
     -3.859874        -3.849854        -3.812167        -3.790465        -3.785884
     -3.773067        -3.768957        -3.746442        -3.739810        -3.727627
     -3.701949        -3.698621        -3.691344        -3.659140        -3.654685
     -3.625204        -3.621613        -3.609378        -3.585379        -3.552748
     -3.512591        -3.502639        -3.496149        -3.488623        -3.485974
     -3.481510        -3.455311        -3.429576        -3.425133        -3.359482
     -3.325077        -3.323943        -3.289142        -3.257605        -3.235669
     -3.207112        -3.193123        -3.191182        -3.173655        -3.155858
     -3.140168        -3.057105        -3.054744        -3.037822        -3.017340
     -2.971884        -2.934375        -2.913501        -2.904004        -2.898616
     -2.879106        -2.856900        -2.840688        -2.834852        -2.805910
     -2.790257        -2.765285        -2.737247        -2.703547        -2.688040
     -2.667152        -2.661250        -2.658129        -2.653143        -2.571245
     -2.546019        -2.536306        -2.531466        -2.485080        -2.466460
     -2.442618        -2.411196        -2.378890        -2.344830        -2.317968
     -2.296455        -2.239654        -2.228297        -2.151090        -1.921492
      0.706987         1.148264         1.351678         1.573764         1.654762
      1.967345         1.976139         1.994953         2.130990         2.210545
      2.403041         2.546629         2.827323         2.889798         3.021874
      3.154843         3.233163         3.281719         3.320502         3.351364
      3.445657         3.510526         3.539761         3.572767         3.583913
      3.625968         3.633765         3.650250         3.703595         3.750983
      3.778169         3.829982         3.871892         3.883992         3.916861
      3.936082         3.971612         3.979253         4.035478         4.054365
      4.092645         4.110866         4.149022         4.198438         4.218165
      4.262448         4.275678         4.286832         4.317269         4.366274
      4.394678         4.451478         4.482018         4.517553         4.556574
      4.615513         4.658548         4.702582
 *********************************
 sum eigen(dbl occ, ryd)=  -1567.03702910857     
 *********************************
 Ef(eV)= -0.874253364619969     
 ***************************************************
 iter=           9
 ---------------------------------------------------
 dvE, dvE(n)-dvE(n-1) = 0.1846E-03 -.1080E-03
 dv_ave, drho_tot     = 0.1359E-01 0.3039E-01
 err of ug            = 0.6545E-02
 ---------------------------------------------------
 Ewald        = -.41116881944013E+05
 Alpha        = 0.15207970391171E+04
 E_extV       = 0.00000000000000E+00    0.0000E+00
 E_NSC        = -.21721979022306E+05    0.5393E+03
 E[-rho*V_Hxc]= -.12340534633020E+06    -.5075E+03
 E_Hxc        = 0.51813937036811E+05    0.3877E+03
 -TS          = -.46244250130874E-26    -.5524E-27
 E_tot(eV)    = -.13290947322059E+06    0.3178E+02
 ---------------------------------------------------
 E_ion,E_coul,E_xc =   -224521.1805894   80505.2022837  -28691.2652469
Ewald+Hart+ion    -0.1851328602498E+06
 ave(vtot)=ave_(V_xc)=: v0= -0.289176768621893     
 Eigen energies are values after setting ave_vtot=0
 ----------------------------------
 One SCF use:    85.9836502075195       s
 *********************************
 ****** kpt=           1
 err of each states, eV
  0.187391E-01     0.178250E-01     0.175016E-01     0.195036E-01     0.192511E-01
  0.253589E-01     0.150052E-01     0.262732E-01     0.149074E-01     0.149469E-01
  0.159573E-01     0.146557E-01     0.152094E-01     0.153357E-01     0.134292E-01
  0.158283E-01     0.269229E-01     0.158601E-01     0.165649E-01     0.145064E-01
  0.286242E-01     0.138177E-01     0.162813E-01     0.146575E-01     0.165785E-01
  0.157875E-01     0.167495E-01     0.154021E-01     0.164595E-01     0.181093E-01
  0.140236E-01     0.164880E-01     0.133714E-01     0.142787E-01     0.192382E-01
  0.124332E-01     0.154020E-01     0.256385E-01     0.207418E-01     0.131681E-01
  0.153015E-01     0.174883E-01     0.183035E-01     0.230014E-01     0.223887E-01
  0.132136E-01     0.137928E-01     0.257044E-01     0.156771E-01     0.134416E-01
  0.137287E-01     0.150101E-01     0.292987E-01     0.150594E-01     0.151469E-01
  0.136724E-01     0.159465E-01     0.158806E-01     0.140212E-01     0.168749E-01
  0.199993E-01     0.151915E-01     0.288066E-01     0.285959E-01     0.154141E-01
  0.154881E-01     0.154477E-01     0.187174E-01     0.150770E-01     0.147775E-01
  0.231584E-01     0.293705E-01     0.176467E-01     0.163358E-01     0.168871E-01
  0.173375E-01     0.274133E-01     0.208350E-01     0.170901E-01     0.265420E-01
  0.226586E-01     0.299367E-01     0.153502E-01     0.313900E-01     0.288556E-01
  0.269250E-01     0.181181E-01     0.303338E-01     0.263175E-01     0.309305E-01
  0.285605E-01     0.273584E-01     0.254535E-01     0.331831E-01     0.325371E-01
  0.264978E-01     0.308574E-01     0.292883E-01     0.330522E-01     0.321860E-01
  0.309595E-01     0.382396E-01     0.290921E-01     0.213548E-01     0.321728E-01
  0.331182E-01     0.285610E-01     0.241096E-01     0.302347E-01     0.279109E-01
  0.304782E-01     0.292815E-01     0.324670E-01     0.215456E-01     0.207971E-01
  0.298145E-01     0.234391E-01     0.234073E-01     0.296700E-01     0.300486E-01
  0.282675E-01     0.246352E-01     0.186206E-01     0.296946E-01     0.299733E-01
  0.314787E-01     0.284023E-01     0.246161E-01     0.332737E-01     0.324773E-01
  0.365802E-01     0.277698E-01     0.320396E-01     0.329263E-01     0.375800E-01
  0.271129E-01     0.325913E-01     0.281559E-01     0.295873E-01     0.300374E-01
  0.389178E-01     0.312044E-01     0.316625E-01     0.365020E-01     0.295828E-01
  0.350628E-01     0.312349E-01     0.353543E-01     0.317169E-01     0.355937E-01
  0.477750E-01     0.324631E-01     0.315413E-01     0.364696E-01     0.405831E-01
  0.394062E-01     0.284599E-01     0.244141E-01     0.301750E-01     0.478031E-01
  0.270069E-01     0.321652E-01     0.315068E-01     0.401515E-01     0.440247E-01
  0.318366E-01     0.308659E-01     0.394540E-01     0.409622E-01     0.319097E-01
  0.420841E-01     0.241056E-01     0.434887E-01     0.337264E-01     0.230743E-01
  0.375256E-01     0.273169E-01     0.316598E-01     0.239452E-01     0.242180E-01
  0.190420E-01     0.368881E-01     0.266734E-01     0.286533E-01     0.251778E-01
  0.320090E-01     0.246703E-01     0.213353E-01     0.236868E-01     0.241313E-01
  0.299305E-01     0.273562E-01     0.277621E-01     0.249369E-01     0.235240E-01
  0.243854E-01     0.201177E-01     0.192819E-01     0.209031E-01     0.307422E-01
  0.344427E-01     0.208207E-01     0.213452E-01     0.218034E-01     0.205759E-01
  0.292723E-01     0.198073E-01     0.279283E-01     0.278166E-01     0.217653E-01
  0.278513E-01     0.335060E-01     0.261006E-01     0.285259E-01     0.282466E-01
  0.277560E-01     0.277733E-01     0.327457E-01     0.283243E-01     0.353908E-01
  0.256911E-01     0.262306E-01     0.362400E-01     0.408863E-01     0.357190E-01
  0.345774E-01     0.438639E-01     0.302470E-01     0.296200E-01     0.264942E-01
  0.260815E-01     0.263497E-01     0.300191E-01     0.408923E-01     0.319399E-01
  0.342407E-01     0.321333E-01     0.336973E-01     0.358623E-01     0.342036E-01
  0.344853E-01     0.345805E-01     0.309755E-01     0.381914E-01     0.416356E-01
  0.284841E-01     0.413051E-01     0.329887E-01     0.318469E-01     0.321485E-01
  0.324128E-01     0.370026E-01     0.348608E-01     0.302645E-01     0.342479E-01
  0.364333E-01     0.319675E-01     0.333733E-01     0.364965E-01     0.325913E-01
  0.381013E-01     0.413307E-01     0.302270E-01     0.275441E-01     0.307412E-01
  0.306765E-01     0.375088E-01     0.353792E-01     0.335837E-01     0.346250E-01
  0.330377E-01     0.310031E-01     0.278772E-01     0.358980E-01     0.329900E-01
  0.307914E-01     0.320623E-01     0.287821E-01     0.265083E-01     0.282631E-01
  0.308267E-01     0.286267E-01     0.414764E-01     0.288380E-01     0.292383E-01
  0.330319E-01     0.323530E-01     0.286875E-01     0.297602E-01     0.306950E-01
  0.294688E-01     0.254077E-01     0.287783E-01     0.322789E-01     0.309966E-01
  0.289338E-01     0.271381E-01     0.219684E-01     0.264498E-01     0.203227E-01
  0.272478E-01     0.235956E-01     0.299203E-01     0.239458E-01     0.229501E-01
  0.315645E-01     0.215302E-01     0.225738E-01     0.204780E-01     0.202312E-01
  0.242688E-01     0.321001E-01     0.298322E-01     0.237747E-01     0.274716E-01
  0.164026E-01     0.283440E-01     0.410651E-01     0.402764E-01     0.336871E-01
  0.339369E-01     0.327221E-01     0.281151E-01     0.350952E-01     0.338886E-01
  0.386374E-01     0.196498E-01     0.354964E-01     0.284199E-01     0.343825E-01
  0.299048E-01     0.330213E-01     0.346248E-01     0.287154E-01     0.272823E-01
  0.247413E-01     0.299303E-01     0.320046E-01     0.265200E-01     0.301376E-01
  0.348912E-01     0.401955E-01     0.232224E-01     0.251968E-01     0.195619E-01
  0.330070E-01     0.261177E-01     0.277726E-01     0.322780E-01     0.238606E-01
  0.317611E-01     0.307607E-01     0.230313E-01     0.301292E-01     0.281330E-01
  0.280721E-01     0.296895E-01     0.192684E-01     0.215354E-01     0.183198E-01
  0.330828E-01     0.240505E-01     0.284293E-01     0.309427E-01     0.222446E-01
  0.285143E-01     0.270670E-01     0.231915E-01     0.254933E-01     0.287277E-01
  0.227649E-01     0.260004E-01     0.244707E-01     0.264613E-01     0.225220E-01
  0.215533E-01     0.261995E-01     0.220869E-01     0.231806E-01     0.295291E-01
  0.284332E-01     0.257564E-01     0.194517E-01     0.189663E-01     0.225198E-01
  0.240070E-01     0.226118E-01     0.313159E-01     0.206895E-01     0.300228E-01
  0.236514E-01     0.325753E-01     0.276578E-01     0.319720E-01     0.268868E-01
  0.309697E-01     0.311293E-01     0.410127E-01     0.247609E-01     0.272577E-01
  0.213173E-01     0.258831E-01     0.369439E-01     0.272026E-01     0.271213E-01
  0.305273E-01     0.209507E-01     0.310907E-01     0.271588E-01     0.238314E-01
  0.247539E-01     0.249808E-01     0.242777E-01     0.267596E-01     0.472910E-01
  0.213052E-01     0.254380E-01     0.404085E-01     0.345188E-01     0.366687E-01
  0.247511E-01     0.303971E-01     0.370094E-01     0.249734E-01     0.323437E-01
  0.266889E-01     0.249084E-01     0.262411E-01     0.251384E-01     0.258889E-01
  0.267200E-01     0.305167E-01     0.336714E-01     0.302988E-01     0.344069E-01
  0.300267E-01     0.362600E-01     0.305170E-01     0.353612E-01     0.287426E-01
  0.331214E-01     0.275997E-01     0.267934E-01     0.285233E-01     0.281844E-01
  0.278119E-01     0.279963E-01     0.272936E-01     0.310237E-01     0.280715E-01
  0.258984E-01     0.304494E-01     0.301250E-01     0.243094E-01     0.232781E-01
  0.263107E-01     0.234592E-01     0.265377E-01     0.252421E-01     0.254637E-01
  0.297411E-01     0.311377E-01     0.300087E-01     0.317327E-01     0.347324E-01
  0.332668E-01     0.337024E-01     0.302190E-01     0.289057E-01     0.299650E-01
  0.294153E-01     0.263700E-01     0.285687E-01     0.277486E-01     0.291529E-01
  0.286644E-01     0.293648E-01     0.282426E-01     0.288787E-01     0.273017E-01
  0.230824E-01     0.281885E-01     0.272624E-01     0.317036E-01     0.270154E-01
  0.280206E-01     0.332000E-01     0.313473E-01     0.299004E-01     0.289321E-01
  0.277899E-01     0.270770E-01     0.277712E-01     0.298489E-01     0.313944E-01
  0.327454E-01     0.357368E-01     0.285590E-01     0.299156E-01     0.290998E-01
  0.306638E-01     0.405889E-01     0.280013E-01     0.275949E-01     0.293605E-01
  0.246726E-01     0.267678E-01     0.283310E-01     0.255532E-01     0.268891E-01
  0.273977E-01     0.277631E-01     0.272999E-01     0.293599E-01     0.303448E-01
  0.326614E-01     0.260736E-01     0.183732E-01     0.262308E-01     0.280926E-01
  0.302243E-01     0.326788E-01     0.277894E-01     0.330909E-01     0.347084E-01
  0.208979E-01     0.305420E-01     0.242680E-01     0.288108E-01     0.361400E-01
  0.399205E-01     0.284956E-01     0.291624E-01     0.321775E-01     0.271168E-01
  0.330604E-01     0.312680E-01     0.310667E-01     0.273259E-01     0.293800E-01
  0.320694E-01     0.372963E-01     0.263220E-01     0.302913E-01     0.225419E-01
  0.246730E-01     0.237943E-01     0.273561E-01     0.276716E-01     0.268128E-01
  0.235936E-01     0.324377E-01     0.309048E-01     0.306934E-01     0.258451E-01
  0.282778E-01     0.231427E-01     0.316439E-01     0.282539E-01     0.230700E-01
  0.289981E-01     0.383869E-01     0.392420E-01     0.343132E-01     0.259173E-01
  0.296921E-01     0.317673E-01     0.292437E-01     0.275767E-01     0.324206E-01
  0.304406E-01     0.320286E-01     0.310803E-01     0.364902E-01     0.300925E-01
  0.251039E-01     0.253213E-01     0.272391E-01     0.304982E-01     0.277967E-01
  0.286705E-01     0.299148E-01     0.270185E-01     0.315754E-01     0.307458E-01
  0.302751E-01     0.295112E-01     0.361334E-01     0.287307E-01     0.299657E-01
  0.346683E-01     0.266936E-01     0.297102E-01     0.249837E-01     0.278162E-01
  0.288829E-01     0.275919E-01     0.312158E-01     0.312206E-01     0.310444E-01
  0.279897E-01     0.261139E-01     0.225709E-01     0.203869E-01     0.192536E-01
  0.246391E-01     0.312206E-01     0.267826E-01     0.290631E-01     0.298142E-01
  0.282793E-01     0.263819E-01     0.282740E-01     0.375308E-01     0.368138E-01
  0.224714E-01     0.234646E-01     0.247771E-01     0.187312E-01     0.338115E-01
  0.292501E-01     0.237654E-01     0.249491E-01     0.281513E-01     0.298343E-01
  0.261768E-01     0.242709E-01     0.267016E-01     0.329065E-01     0.277243E-01
  0.228100E-01     0.277823E-01     0.244521E-01     0.306175E-01     0.299039E-01
  0.210776E-01     0.284758E-01     0.300675E-01     0.229812E-01     0.302826E-01
  0.306356E-01     0.267496E-01     0.240646E-01     0.302280E-01     0.261426E-01
  0.266712E-01     0.303977E-01     0.325831E-01     0.304991E-01     0.267892E-01
  0.220056E-01     0.247516E-01     0.267803E-01     0.243038E-01     0.278765E-01
  0.220636E-01     0.247893E-01     0.278732E-01     0.296361E-01     0.291255E-01
  0.271627E-01     0.247943E-01     0.268841E-01     0.213113E-01     0.231672E-01
  0.255376E-01     0.249887E-01     0.258824E-01     0.250088E-01     0.262439E-01
  0.249537E-01     0.261816E-01     0.252157E-01     0.281619E-01     0.272103E-01
  0.233828E-01     0.260587E-01     0.260609E-01     0.278633E-01     0.271524E-01
  0.273608E-01     0.266922E-01     0.211157E-01     0.259310E-01     0.294950E-01
  0.232449E-01     0.229964E-01     0.190607E-01     0.243069E-01     0.251133E-01
  0.247782E-01     0.240565E-01     0.295112E-01     0.252302E-01     0.233881E-01
  0.282558E-01     0.247458E-01     0.249130E-01     0.251778E-01     0.244634E-01
  0.243158E-01     0.287716E-01     0.268680E-01     0.299905E-01     0.255277E-01
  0.250850E-01     0.229417E-01     0.256560E-01     0.228178E-01     0.247045E-01
  0.273297E-01     0.229934E-01     0.221010E-01     0.285810E-01     0.251167E-01
  0.291905E-01     0.286575E-01     0.239128E-01     0.259490E-01     0.256052E-01
  0.253667E-01     0.251477E-01     0.235486E-01     0.289295E-01     0.249251E-01
  0.251774E-01     0.279940E-01     0.239569E-01     0.253608E-01     0.232944E-01
  0.214441E-01     0.238092E-01     0.246640E-01     0.240450E-01     0.275736E-01
  0.282164E-01     0.260470E-01     0.306333E-01     0.306044E-01     0.266570E-01
  0.268734E-01     0.280326E-01     0.245337E-01     0.287064E-01     0.290687E-01
  0.244898E-01     0.273610E-01     0.279312E-01     0.278901E-01     0.256050E-01
  0.293983E-01     0.264717E-01     0.282820E-01     0.252272E-01     0.264244E-01
  0.319153E-01     0.269139E-01     0.316284E-01     0.279572E-01     0.314274E-01
  0.307613E-01     0.299583E-01     0.277302E-01     0.283795E-01     0.255831E-01
  0.267177E-01     0.325136E-01     0.301081E-01     0.304832E-01     0.278397E-01
  0.270956E-01     0.290302E-01     0.287129E-01     0.269809E-01     0.293089E-01
  0.275324E-01     0.349645E-01     0.313607E-01     0.307526E-01     0.287176E-01
  0.275375E-01     0.278172E-01     0.303455E-01     0.251935E-01     0.335351E-01
  0.288751E-01     0.255070E-01     0.274925E-01     0.257263E-01     0.307777E-01
  0.314092E-01     0.265847E-01     0.241796E-01     0.222646E-01     0.236346E-01
  0.255475E-01     0.253665E-01     0.296802E-01     0.305274E-01     0.333909E-01
  0.279438E-01     0.236555E-01     0.243137E-01     0.235059E-01     0.257404E-01
  0.244165E-01     0.209938E-01     0.338595E-01     0.213885E-01     0.336329E-01
  0.301735E-01     0.325418E-01     0.292326E-01     0.280028E-01     0.302363E-01
  0.266185E-01     0.310841E-01     0.309393E-01     0.343491E-01     0.211828E-01
  0.284629E-01     0.242629E-01     0.277194E-01     0.190638E-01     0.299939E-01
  0.272359E-01     0.293813E-01     0.273192E-01     0.343854E-01     0.303200E-01
  0.282461E-01     0.255890E-01     0.253052E-01     0.211131E-01     0.254826E-01
  0.260365E-01     0.319644E-01     0.271237E-01     0.310571E-01     0.292671E-01
  0.307647E-01     0.310683E-01     0.268190E-01     0.291075E-01     0.251821E-01
  0.242172E-01     0.283935E-01     0.294262E-01     0.285974E-01     0.302909E-01
  0.334281E-01     0.300062E-01     0.281732E-01     0.377038E-01     0.323700E-01
  0.321981E-01     0.302188E-01     0.311491E-01     0.313385E-01     0.302777E-01
  0.298608E-01     0.273581E-01     0.295781E-01     0.265937E-01     0.222472E-01
  0.227600E-01     0.188169E-01     0.359477E-01     0.337158E-01     0.322701E-01
  0.411529E-01     0.266752E-01     0.272246E-01     0.318434E-01     0.275080E-01
  0.258186E-01     0.259157E-01     0.261673E-01     0.411032E-01     0.287037E-01
  0.300727E-01     0.299681E-01     0.221987E-01     0.326388E-01     0.287761E-01
  0.289228E-01     0.276876E-01     0.352930E-01     0.273747E-01     0.264909E-01
  0.307334E-01     0.228476E-01     0.371222E-01     0.365702E-01     0.290581E-01
  0.337367E-01     0.344952E-01     0.474091E-01     0.325370E-01     0.318525E-01
  0.266425E-01     0.320841E-01     0.234816E-01     0.234278E-01     0.232529E-01
  0.243482E-01     0.394944E-01     0.305376E-01     0.214266E-01     0.414203E-01
  0.336709E-01     0.237463E-01     0.243780E-01     0.217020E-01     0.327260E-01
  0.432656E-01     0.319401E-01     0.319149E-01     0.333632E-01     0.276068E-01
  0.257829E-01     0.344562E-01     0.267100E-01     0.334883E-01     0.352919E-01
  0.337666E-01     0.368584E-01     0.225979E-01     0.279860E-01     0.260148E-01
  0.375673E-01     0.326272E-01     0.276934E-01     0.224246E-01     0.233023E-01
  0.452115E-01     0.425446E-01     0.291840E-01     0.302560E-01     0.360710E-01
  0.398985E-01     0.454480E-01     0.492611E-01     0.440250E-01     0.402016E-01
  0.416384E-01     0.293331E-01     0.477095E-01     0.454944E-01     0.267612E-01
  0.434305E-01     0.433909E-01     0.354507E-01     0.532060E-01     0.408894E-01
  0.360894E-01     0.455734E-01     0.255477E-01     0.336740E-01     0.507681E-01
  0.486770E-01     0.541393E-01     0.479912E-01     0.441253E-01     0.528185E-01
  0.435500E-01     0.509670E-01     0.491067E-01     0.553598E-01     0.405497E-01
  0.338172E-01     0.542997E-01     0.470202E-01     0.432546E-01     0.468402E-01
  0.779149E-01     0.745299E-01     0.663980E-01     0.201592E+00     0.707227E-01
  0.216075E+00     0.596593E-01     0.290907E+00     0.269137E+00     0.219381E+00
  0.236533E+00     0.270515E+00     0.310168E+00     0.215747E+00     0.200464E+00
  0.234315E+00     0.311416E+00     0.536195E+00     0.614590E+00     0.434425E+00
  0.379617E+00     0.417383E+00     0.288710E+00     0.410406E+00     0.297438E+00
  0.311364E+00     0.291488E+00     0.461530E+00     0.401035E+00     0.340637E+00
  0.470433E+00     0.365963E+00     0.331874E+00     0.646120E+00     0.517034E+00
  0.512836E+00     0.429271E+00     0.386019E+00     0.419822E+00     0.381946E+00
  0.419700E+00     0.512444E+00     0.612363E+00     0.493378E+00     0.536402E+00
  0.526759E+00     0.529639E+00     0.652417E+00     0.548834E+00     0.602029E+00
  0.609803E+00     0.768795E+00     0.782503E+00
 eigen energies, in ev
    -46.500853       -46.440597       -45.929391       -45.855638       -45.397156
    -29.631665       -28.714685       -28.688169       -28.462752       -28.426786
    -28.396175       -28.392360       -28.321712       -28.253459       -28.077512
    -28.064536       -28.061325       -27.970395       -27.970194       -27.947767
    -27.944775       -27.919242       -27.902703       -27.851733       -27.846401
    -27.845184       -27.822951       -27.810353       -27.802743       -27.793920
    -27.775945       -27.738852       -27.658874       -27.638793       -27.629634
    -27.569130       -27.561061       -27.555488       -27.546704       -27.463364
    -27.433680       -27.388818       -27.362692       -27.338486       -27.336703
    -27.335959       -27.331884       -27.307045       -27.296965       -27.294240
    -27.286813       -27.258220       -27.220377       -27.182942       -27.123197
    -27.092620       -27.081020       -27.055462       -27.049342       -26.992512
    -26.955668       -26.947072       -26.917053       -26.897985       -26.897500
    -26.895570       -26.845233       -26.842640       -26.818944       -26.803302
    -26.736579       -26.684975       -26.647246       -26.646570       -26.599979
    -26.549011       -26.503009       -26.467226       -26.415736       -26.313407
    -26.311833       -26.277264       -26.223366       -26.171864       -26.125190
    -26.073267       -25.992769       -25.968807       -25.941901       -25.919895
    -25.904299       -25.899001       -25.872169       -25.845409       -25.835359
    -25.801074       -25.796156       -25.786039       -25.780550       -25.773863
    -25.773737       -25.758671       -25.733367       -25.732391       -25.713563
    -25.640882       -25.632885       -25.632375       -25.604175       -25.549217
    -25.530978       -25.503189       -25.496235       -25.495502       -25.491681
    -25.486977       -25.486193       -25.451060       -25.409274       -25.338974
    -25.333307       -25.301733       -25.272766       -25.228574       -25.147062
    -25.093895       -25.073077       -25.058153       -25.056502       -25.003420
    -25.002827       -24.984114       -24.886687       -24.857788       -24.842227
    -24.786902       -24.784786       -24.770750       -24.765944       -24.702174
    -24.677146       -24.616917       -24.586510       -24.537105       -24.490956
    -24.377499       -24.204717       -24.193041       -24.132167       -23.943857
    -23.887099       -23.877624       -23.800441       -23.716057       -23.337216
    -23.165496       -22.970721       -22.841456       -22.822811       -22.708327
    -22.668810       -22.599258       -22.598007       -22.579442       -22.506420
    -22.506073       -22.449062       -22.427183       -22.376939       -22.358759
    -22.342212       -22.331350       -22.295060       -22.256334       -22.144519
    -22.090943       -22.039080       -22.007583       -21.976397       -21.906854
    -21.901260       -21.829432       -21.801419       -21.747126       -21.656867
    -21.634812       -21.506321       -21.470955       -21.095674       -20.867806
    -19.756434       -19.234831       -18.885123       -18.842522       -18.714481
    -16.872757       -16.128260       -15.973726       -15.957512       -15.930921
    -15.920762       -15.856322       -15.793509       -15.734020       -15.679232
    -15.674457       -15.585115       -15.465468       -15.454459       -15.427428
    -15.421445       -15.411337       -15.404417       -15.386085       -15.372911
    -15.324699       -15.094402       -15.060366       -14.938053       -14.923003
    -14.825036       -14.699962       -14.674948       -14.582585       -14.552397
    -14.475854       -14.472415       -14.452485       -14.383059       -14.351474
    -14.313534       -14.306900       -14.302685       -14.163736       -14.158735
    -14.143356       -14.109532       -14.106835       -14.098127       -14.078993
    -14.063129       -14.022859       -13.952306       -13.928051       -13.923928
    -13.886444       -13.827593       -13.727380       -13.607278       -13.598460
    -13.589512       -13.572069       -13.123970       -13.118675       -12.949281
    -12.903964       -12.901895       -12.848223       -12.844680       -12.735059
    -12.616935       -12.581032       -12.554716       -12.515965       -12.500749
    -12.484679       -12.381666       -12.272473       -12.258896       -12.236646
    -12.096604       -12.084158       -12.061041       -11.998082       -11.992836
    -11.956711       -11.881685       -11.752922       -11.732498       -11.729536
    -11.704872       -11.700719       -11.684033       -11.597735       -11.587978
    -11.565849       -11.551955       -11.534851       -11.528954       -11.517727
    -11.492830       -11.477803       -11.463814       -11.441881       -11.401477
    -11.257635       -11.241573       -11.224829       -11.188723       -11.177077
    -11.165327       -11.151566       -11.118916       -11.101088       -11.068868
    -11.029562       -10.965540       -10.872449       -10.855064       -10.796017
    -10.772317       -10.754378       -10.720799       -10.716599       -10.709539
    -10.566843       -10.530070       -10.507141       -10.473851       -10.432001
    -10.414100       -10.392452       -10.374172       -10.362250       -10.355332
    -10.345612       -10.331068       -10.316492       -10.287936       -10.279618
    -10.252762       -10.243588       -10.236904       -10.220907       -10.207070
    -10.184122       -10.164734       -10.157746       -10.143253       -10.138883
    -10.136126       -10.131135       -10.118334       -10.103661       -10.066182
    -10.029084       -10.024002       -10.020263        -9.987180        -9.983785
     -9.976363        -9.964856        -9.953727        -9.949804        -9.940924
     -9.917261        -9.912872        -9.894301        -9.885987        -9.882616
     -9.867391        -9.843514        -9.830165        -9.824214        -9.822161
     -9.798500        -9.783111        -9.773313        -9.758175        -9.753672
     -9.731290        -9.730239        -9.724879        -9.715071        -9.705044
     -9.691911        -9.675815        -9.669689        -9.661616        -9.648242
     -9.640575        -9.624436        -9.612540        -9.605351        -9.600578
     -9.591388        -9.539082        -9.532084        -9.509342        -9.494875
     -9.451633        -9.447049        -9.422569        -9.403394        -9.399478
     -9.393799        -9.375477        -9.373238        -9.358048        -9.351965
     -9.331077        -9.324688        -9.313875        -9.295436        -9.287809
     -9.262603        -9.241102        -9.225314        -9.219839        -9.204772
     -9.202579        -9.181854        -9.172980        -9.161114        -9.148204
     -9.143654        -9.123373        -9.122176        -9.108904        -9.098724
     -9.089745        -9.082646        -9.078259        -9.070834        -9.050941
     -9.034525        -9.030496        -9.026012        -9.019569        -9.010256
     -9.002640        -8.985752        -8.955340        -8.945622        -8.939590
     -8.926514        -8.912491        -8.905488        -8.898054        -8.894682
     -8.883970        -8.875389        -8.868846        -8.858612        -8.840182
     -8.832684        -8.822313        -8.808096        -8.801826        -8.793290
     -8.765546        -8.751097        -8.746854        -8.729615        -8.715579
     -8.705471        -8.693986        -8.679023        -8.670198        -8.648644
     -8.620490        -8.618879        -8.605513        -8.595644        -8.588726
     -8.586361        -8.573250        -8.552261        -8.526195        -8.517794
     -8.512609        -8.503410        -8.501912        -8.475990        -8.453064
     -8.417735        -8.411442        -8.394783        -8.387413        -8.385290
     -8.375026        -8.371428        -8.353604        -8.331368        -8.322798
     -8.313258        -8.298051        -8.290719        -8.284782        -8.271835
     -8.264034        -8.251286        -8.244189        -8.237057        -8.216495
     -8.210013        -8.203670        -8.189734        -8.175972        -8.159242
     -8.143773        -8.109349        -8.091739        -8.087106        -8.073264
     -8.050654        -8.045195        -8.042700        -8.027263        -8.026399
     -8.017319        -7.980968        -7.969038        -7.929914        -7.911499
     -7.902763        -7.891752        -7.873831        -7.854272        -7.800762
     -7.750944        -7.707282        -7.673673        -7.586512        -7.571433
     -7.543397        -7.537055        -7.516723        -7.489410        -7.446183
     -7.426163        -7.322830        -7.285402        -7.272922        -7.263648
     -7.252468        -7.243662        -7.209118        -7.199628        -7.178081
     -7.172555        -7.169124        -7.152704        -7.142644        -7.074733
     -7.065285        -7.049672        -7.041394        -7.040532        -7.000097
     -6.968521        -6.962800        -6.893106        -6.888410        -6.875243
     -6.864687        -6.806305        -6.796715        -6.762881        -6.754189
     -6.740909        -6.720683        -6.708348        -6.703069        -6.690657
     -6.670637        -6.663631        -6.650297        -6.623704        -6.613100
     -6.600443        -6.586572        -6.580650        -6.564966        -6.548636
     -6.545569        -6.540036        -6.530581        -6.520355        -6.497795
     -6.491402        -6.485978        -6.467024        -6.460822        -6.440389
     -6.436263        -6.422092        -6.413624        -6.405126        -6.401322
     -6.389024        -6.382890        -6.373418        -6.367341        -6.358647
     -6.348128        -6.335562        -6.317408        -6.313792        -6.299061
     -6.289926        -6.285230        -6.274745        -6.261298        -6.259307
     -6.253052        -6.246923        -6.235594        -6.227389        -6.213107
     -6.194174        -6.187102        -6.175368        -6.165975        -6.158858
     -6.152398        -6.135398        -6.119488        -6.107754        -6.103889
     -6.099769        -6.091075        -6.081887        -6.072291        -6.058114
     -6.044975        -6.025069        -6.012997        -5.997992        -5.984143
     -5.969627        -5.953587        -5.935654        -5.933174        -5.929052
     -5.924090        -5.917086        -5.909876        -5.899395        -5.892669
     -5.878026        -5.872485        -5.860185        -5.852565        -5.836328
     -5.832224        -5.807943        -5.794639        -5.790705        -5.790102
     -5.774811        -5.767000        -5.758232        -5.750266        -5.749133
     -5.740807        -5.732455        -5.725827        -5.723398        -5.711087
     -5.707826        -5.698290        -5.691008        -5.677974        -5.674282
     -5.666362        -5.658515        -5.653137        -5.645637        -5.641520
     -5.636720        -5.625868        -5.617909        -5.614622        -5.611306
     -5.600683        -5.588163        -5.574773        -5.573680        -5.564829
     -5.552030        -5.544353        -5.531229        -5.524326        -5.513009
     -5.504054        -5.501752        -5.491447        -5.488369        -5.482031
     -5.478469        -5.470435        -5.467871        -5.463793        -5.459848
     -5.452906        -5.441623        -5.431848        -5.426653        -5.414430
     -5.409773        -5.408583        -5.397756        -5.395425        -5.374288
     -5.367923        -5.353095        -5.348135        -5.344932        -5.340535
     -5.332345        -5.328077        -5.311958        -5.301295        -5.294161
     -5.293314        -5.291374        -5.281000        -5.278326        -5.273315
     -5.265151        -5.254950        -5.250091        -5.245682        -5.239801
     -5.232667        -5.222941        -5.219626        -5.210502        -5.204891
     -5.194603        -5.192829        -5.180879        -5.171710        -5.163982
     -5.156538        -5.153203        -5.141422        -5.134349        -5.128891
     -5.127449        -5.108136        -5.100108        -5.093970        -5.088398
     -5.085395        -5.077933        -5.072047        -5.065055        -5.057493
     -5.054523        -5.047939        -5.047062        -5.044252        -5.040904
     -5.017716        -5.012368        -5.004573        -4.999138        -4.990705
     -4.986012        -4.980582        -4.974313        -4.969560        -4.962972
     -4.950369        -4.945561        -4.941537        -4.933477        -4.929285
     -4.918894        -4.910439        -4.907028        -4.898808        -4.891377
     -4.881668        -4.875153        -4.863566        -4.852562        -4.848789
     -4.837993        -4.829178        -4.827016        -4.814067        -4.809580
     -4.803377        -4.796095        -4.789566        -4.784699        -4.778893
     -4.777776        -4.771070        -4.770146        -4.766925        -4.762972
     -4.754207        -4.745607        -4.739767        -4.731924        -4.729250
     -4.719661        -4.708347        -4.702080        -4.697073        -4.695713
     -4.691112        -4.684331        -4.681033        -4.673433        -4.657655
     -4.650849        -4.641926        -4.630814        -4.628094        -4.625474
     -4.617002        -4.614574        -4.608236        -4.593826        -4.590038
     -4.581893        -4.576414        -4.571755        -4.563602        -4.555928
     -4.552593        -4.550487        -4.545382        -4.538292        -4.533759
     -4.528615        -4.519397        -4.514656        -4.505120        -4.500103
     -4.492934        -4.488710        -4.476326        -4.475318        -4.461927
     -4.452325        -4.434909        -4.431712        -4.424711        -4.406632
     -4.398582        -4.380384        -4.377011        -4.355514        -4.343694
     -4.336234        -4.327247        -4.309578        -4.302175        -4.296062
     -4.288257        -4.273709        -4.270568        -4.261946        -4.257469
     -4.253503        -4.236581        -4.204238        -4.190011        -4.180292
     -4.167381        -4.165224        -4.127495        -4.104847        -4.103002
     -4.090846        -4.052200        -4.027770        -4.010960        -3.996823
     -3.990112        -3.974010        -3.939911        -3.933400        -3.905337
     -3.897230        -3.871850        -3.871323        -3.844770        -3.790448
     -3.750628        -3.743388        -3.731982        -3.708698        -3.700887
     -3.679313        -3.666770        -3.642059        -3.631384        -3.623934
     -3.615145        -3.580810        -3.564497        -3.555766        -3.543504
     -3.517192        -3.510842        -3.495556        -3.479164        -3.465156
     -3.455045        -3.448418        -3.446088        -3.412739        -3.399573
     -3.390554        -3.387728        -3.337926        -3.290493        -3.274037
     -3.260327        -3.256099        -3.209073        -3.205135        -3.197430
     -3.194017        -3.166404        -3.155826        -3.131864        -3.119626
     -3.108943        -3.098005        -3.073473        -3.058168        -3.033550
     -3.023633        -3.015568        -2.969215        -2.934640        -2.927731
     -2.917696        -2.870619        -2.832523        -2.826274        -2.806907
     -2.789681        -2.775281        -2.768336        -2.752941        -2.732917
     -2.728039        -2.689439        -2.671730        -2.655093        -2.648955
     -2.595084        -2.581309        -2.568112        -2.550655        -2.536649
     -2.454337        -2.435704        -2.398394        -2.385179        -2.380066
     -2.361737        -2.358588        -2.340643        -2.297340        -2.220624
     -2.197882        -2.123142        -2.116628        -1.991610        -1.798689
      1.026686         1.437784         1.657509         1.852896         1.926408
      2.274246         2.283294         2.288443         2.410283         2.450729
      2.470661         2.512127         2.873491         2.945916         3.104400
      3.250306         3.289836         3.338821         3.363206         3.439018
      3.483746         3.521288         3.542673         3.559603         3.627423
      3.658303         3.679433         3.738745         3.766718         3.817298
      3.853543         3.886365         3.897886         3.947886         3.976118
      3.985398         4.004970         4.035824         4.056947         4.105942
      4.131704         4.179435         4.204326         4.245985         4.276354
      4.287942         4.302630         4.319866         4.364065         4.406270
      4.445356         4.496211         4.541234         4.585219         4.613898
      4.663155         4.708398         4.773575
 *********************************
 sum eigen(dbl occ, ryd)=  -1554.15885292654     
 *********************************
 Ef(eV)= -0.801533379565718     
 ***************************************************
 iter=          10
 ---------------------------------------------------
 dvE, dvE(n)-dvE(n-1) = 0.4811E-04 -.1365E-03
 dv_ave, drho_tot     = 0.6936E-02 0.1057E-01
 err of ug            = 0.2088E-02
 ---------------------------------------------------
 Ewald        = -.41116881944013E+05
 Alpha        = 0.15207970391171E+04
 E_extV       = 0.00000000000000E+00    0.0000E+00
 E_NSC        = -.21557183827730E+05    0.1648E+03
 E[-rho*V_Hxc]= -.12367490283977E+06    -.1594E+03
 E_Hxc        = 0.51924046551145E+05    0.1101E+03
 -TS          = -.35506454359453E-26    0.1074E-26
 E_tot(eV)    = -.13290412502125E+06    0.5348E+01
 ---------------------------------------------------
 E_ion,E_coul,E_xc =   -224602.0877854   80687.2671015  -28763.2205503
Ewald+Hart+ion    -0.1850317026279E+06
 ave(vtot)=ave_(V_xc)=: v0= -0.287089495082980     
 Eigen energies are values after setting ave_vtot=0
 ----------------------------------
 One SCF use:    85.9946188926697       s
 *********************************
 ****** kpt=           1
 err of each states, eV
  0.697199E-02     0.420233E-02     0.377320E-02     0.633837E-02     0.694549E-02
  0.764011E-02     0.402620E-02     0.715777E-02     0.364145E-02     0.415060E-02
  0.358750E-02     0.361825E-02     0.443726E-02     0.393478E-02     0.362170E-02
  0.719323E-02     0.398484E-02     0.466682E-02     0.374099E-02     0.383603E-02
  0.360968E-02     0.733944E-02     0.368536E-02     0.399210E-02     0.480016E-02
  0.404790E-02     0.422339E-02     0.480379E-02     0.361317E-02     0.333811E-02
  0.377782E-02     0.324866E-02     0.311319E-02     0.263745E-02     0.417989E-02
  0.400765E-02     0.300698E-02     0.687274E-02     0.464709E-02     0.343714E-02
  0.400333E-02     0.412989E-02     0.434264E-02     0.327416E-02     0.301593E-02
  0.617258E-02     0.478149E-02     0.694227E-02     0.295478E-02     0.405473E-02
  0.466176E-02     0.345185E-02     0.750913E-02     0.327801E-02     0.368298E-02
  0.406127E-02     0.289519E-02     0.273146E-02     0.351792E-02     0.377673E-02
  0.369100E-02     0.456269E-02     0.357065E-02     0.505764E-02     0.673954E-02
  0.406218E-02     0.392971E-02     0.433666E-02     0.436616E-02     0.418511E-02
  0.723846E-02     0.713212E-02     0.284159E-02     0.434820E-02     0.429830E-02
  0.439708E-02     0.639240E-02     0.413168E-02     0.537036E-02     0.624197E-02
  0.307630E-02     0.462519E-02     0.378125E-02     0.447387E-02     0.465077E-02
  0.361668E-02     0.525701E-02     0.314033E-02     0.440598E-02     0.568759E-02
  0.357714E-02     0.276408E-02     0.452900E-02     0.448689E-02     0.311912E-02
  0.471767E-02     0.408534E-02     0.301048E-02     0.400859E-02     0.386600E-02
  0.476360E-02     0.328696E-02     0.431124E-02     0.398285E-02     0.459138E-02
  0.472606E-02     0.456535E-02     0.451661E-02     0.328503E-02     0.615773E-02
  0.601525E-02     0.411462E-02     0.391355E-02     0.313762E-02     0.521348E-02
  0.364371E-02     0.378903E-02     0.539220E-02     0.313388E-02     0.409002E-02
  0.459573E-02     0.480728E-02     0.511793E-02     0.329385E-02     0.404595E-02
  0.539506E-02     0.394070E-02     0.351562E-02     0.334795E-02     0.880275E-02
  0.423771E-02     0.107539E-01     0.419612E-02     0.335140E-02     0.383818E-02
  0.406246E-02     0.606074E-02     0.300472E-02     0.579381E-02     0.566524E-02
  0.564271E-02     0.338717E-02     0.470766E-02     0.776023E-02     0.888265E-02
  0.922509E-02     0.787550E-02     0.717348E-02     0.604164E-02     0.954734E-02
  0.838358E-02     0.920119E-02     0.867968E-02     0.584035E-02     0.943718E-02
  0.927115E-02     0.386239E-02     0.429807E-02     0.707766E-02     0.405386E-02
  0.423018E-02     0.812020E-02     0.403346E-02     0.880602E-02     0.415298E-02
  0.812205E-02     0.439860E-02     0.833990E-02     0.457820E-02     0.964827E-02
  0.710937E-02     0.803113E-02     0.841040E-02     0.101573E-01     0.680252E-02
  0.356325E-02     0.462020E-02     0.409310E-02     0.885211E-02     0.344852E-02
  0.581664E-02     0.477316E-02     0.402176E-02     0.808968E-02     0.413496E-02
  0.667185E-02     0.611636E-02     0.571119E-02     0.518383E-02     0.582744E-02
  0.980928E-02     0.841729E-02     0.688550E-02     0.749267E-02     0.622574E-02
  0.100055E-01     0.846249E-02     0.671639E-02     0.694392E-02     0.830763E-02
  0.864739E-02     0.824272E-02     0.761966E-02     0.904565E-02     0.840049E-02
  0.910479E-02     0.701898E-02     0.672247E-02     0.785672E-02     0.698861E-02
  0.733610E-02     0.662276E-02     0.646196E-02     0.706681E-02     0.677621E-02
  0.821011E-02     0.727642E-02     0.694130E-02     0.615448E-02     0.776590E-02
  0.897765E-02     0.624546E-02     0.693898E-02     0.796363E-02     0.730242E-02
  0.847050E-02     0.586402E-02     0.737714E-02     0.882313E-02     0.806309E-02
  0.813032E-02     0.645377E-02     0.801651E-02     0.787818E-02     0.625325E-02
  0.738217E-02     0.603136E-02     0.598447E-02     0.621757E-02     0.621493E-02
  0.644371E-02     0.735859E-02     0.835942E-02     0.732547E-02     0.683502E-02
  0.665779E-02     0.616232E-02     0.910689E-02     0.617570E-02     0.542734E-02
  0.547753E-02     0.606709E-02     0.598710E-02     0.538743E-02     0.666300E-02
  0.600037E-02     0.605845E-02     0.553199E-02     0.526594E-02     0.597598E-02
  0.536429E-02     0.492369E-02     0.512969E-02     0.733375E-02     0.605292E-02
  0.825951E-02     0.567165E-02     0.564241E-02     0.635599E-02     0.716557E-02
  0.662320E-02     0.692274E-02     0.606417E-02     0.788564E-02     0.538166E-02
  0.797150E-02     0.876163E-02     0.440854E-02     0.575826E-02     0.506292E-02
  0.531174E-02     0.621827E-02     0.661033E-02     0.488662E-02     0.499631E-02
  0.590018E-02     0.493788E-02     0.683312E-02     0.801169E-02     0.461353E-02
  0.587852E-02     0.461308E-02     0.812737E-02     0.586560E-02     0.701018E-02
  0.579350E-02     0.554873E-02     0.617624E-02     0.454946E-02     0.526900E-02
  0.450535E-02     0.644784E-02     0.468094E-02     0.472940E-02     0.503616E-02
  0.435332E-02     0.550866E-02     0.555530E-02     0.687631E-02     0.513990E-02
  0.543739E-02     0.482878E-02     0.459651E-02     0.741995E-02     0.563632E-02
  0.567321E-02     0.573186E-02     0.945530E-02     0.736964E-02     0.828268E-02
  0.769861E-02     0.833140E-02     0.782889E-02     0.663885E-02     0.999088E-02
  0.567245E-02     0.957083E-02     0.653021E-02     0.536327E-02     0.668879E-02
  0.751474E-02     0.594449E-02     0.813068E-02     0.783795E-02     0.569007E-02
  0.571040E-02     0.735467E-02     0.764888E-02     0.689728E-02     0.736587E-02
  0.648022E-02     0.740870E-02     0.968688E-02     0.103390E-01     0.793674E-02
  0.746390E-02     0.734794E-02     0.644475E-02     0.689151E-02     0.747040E-02
  0.729506E-02     0.731469E-02     0.678341E-02     0.647194E-02     0.666262E-02
  0.765714E-02     0.822062E-02     0.692855E-02     0.741447E-02     0.717281E-02
  0.666233E-02     0.657700E-02     0.658672E-02     0.791920E-02     0.633229E-02
  0.619268E-02     0.590624E-02     0.626527E-02     0.594047E-02     0.619439E-02
  0.553017E-02     0.577320E-02     0.686321E-02     0.758245E-02     0.649176E-02
  0.585989E-02     0.694036E-02     0.740912E-02     0.699432E-02     0.636713E-02
  0.586687E-02     0.835452E-02     0.604575E-02     0.558340E-02     0.741176E-02
  0.787309E-02     0.726982E-02     0.626725E-02     0.704641E-02     0.529841E-02
  0.697535E-02     0.711423E-02     0.679500E-02     0.583627E-02     0.670766E-02
  0.624026E-02     0.606556E-02     0.100489E-01     0.703301E-02     0.692038E-02
  0.749836E-02     0.673225E-02     0.600020E-02     0.681613E-02     0.559181E-02
  0.575297E-02     0.576756E-02     0.746394E-02     0.985506E-02     0.721569E-02
  0.714932E-02     0.958098E-02     0.655915E-02     0.606289E-02     0.618755E-02
  0.566764E-02     0.612880E-02     0.587622E-02     0.515402E-02     0.732024E-02
  0.610286E-02     0.633597E-02     0.572162E-02     0.563808E-02     0.551525E-02
  0.601886E-02     0.625437E-02     0.865093E-02     0.808345E-02     0.739921E-02
  0.650078E-02     0.812795E-02     0.895886E-02     0.876849E-02     0.734843E-02
  0.810520E-02     0.773581E-02     0.588230E-02     0.769868E-02     0.838729E-02
  0.905933E-02     0.698864E-02     0.698256E-02     0.708584E-02     0.819691E-02
  0.806919E-02     0.820209E-02     0.870951E-02     0.786629E-02     0.106874E-01
  0.733028E-02     0.725804E-02     0.841849E-02     0.916481E-02     0.847586E-02
  0.668322E-02     0.837941E-02     0.760521E-02     0.602067E-02     0.742868E-02
  0.733616E-02     0.813192E-02     0.760449E-02     0.812974E-02     0.797183E-02
  0.728668E-02     0.716746E-02     0.722272E-02     0.794450E-02     0.795875E-02
  0.843442E-02     0.791164E-02     0.881130E-02     0.100980E-01     0.889179E-02
  0.784153E-02     0.792948E-02     0.708268E-02     0.747592E-02     0.785777E-02
  0.783836E-02     0.882623E-02     0.807494E-02     0.883236E-02     0.788214E-02
  0.892483E-02     0.834103E-02     0.735363E-02     0.702902E-02     0.837653E-02
  0.907518E-02     0.900146E-02     0.105236E-01     0.102411E-01     0.110299E-01
  0.968363E-02     0.974511E-02     0.103215E-01     0.105171E-01     0.912835E-02
  0.102067E-01     0.109419E-01     0.114761E-01     0.911458E-02     0.879267E-02
  0.907491E-02     0.107226E-01     0.102775E-01     0.913099E-02     0.108820E-01
  0.837832E-02     0.877031E-02     0.861924E-02     0.808372E-02     0.844290E-02
  0.746767E-02     0.767546E-02     0.794217E-02     0.902867E-02     0.862512E-02
  0.747977E-02     0.112058E-01     0.881746E-02     0.886895E-02     0.103357E-01
  0.104464E-01     0.108753E-01     0.563293E-02     0.598876E-02     0.877592E-02
  0.955185E-02     0.827769E-02     0.803634E-02     0.117147E-01     0.901045E-02
  0.838476E-02     0.714813E-02     0.975777E-02     0.825335E-02     0.758425E-02
  0.787967E-02     0.913950E-02     0.868810E-02     0.101326E-01     0.846640E-02
  0.832768E-02     0.924268E-02     0.840258E-02     0.925676E-02     0.821358E-02
  0.777125E-02     0.964260E-02     0.807847E-02     0.977946E-02     0.113190E-01
  0.923412E-02     0.931047E-02     0.684711E-02     0.971308E-02     0.909970E-02
  0.772825E-02     0.882266E-02     0.860917E-02     0.637201E-02     0.737816E-02
  0.851094E-02     0.751885E-02     0.828185E-02     0.694615E-02     0.901265E-02
  0.701614E-02     0.757409E-02     0.804731E-02     0.705059E-02     0.660049E-02
  0.687535E-02     0.854024E-02     0.806583E-02     0.857477E-02     0.833961E-02
  0.734158E-02     0.763254E-02     0.700957E-02     0.802192E-02     0.708171E-02
  0.740448E-02     0.651312E-02     0.695976E-02     0.629249E-02     0.671335E-02
  0.885828E-02     0.762034E-02     0.771782E-02     0.687928E-02     0.702360E-02
  0.837434E-02     0.731342E-02     0.628959E-02     0.697401E-02     0.774137E-02
  0.691082E-02     0.603183E-02     0.833362E-02     0.655130E-02     0.768735E-02
  0.770085E-02     0.648919E-02     0.774613E-02     0.744457E-02     0.988117E-02
  0.681529E-02     0.820224E-02     0.791642E-02     0.692753E-02     0.676441E-02
  0.721600E-02     0.682466E-02     0.626486E-02     0.662590E-02     0.731130E-02
  0.633166E-02     0.687476E-02     0.622573E-02     0.894512E-02     0.855865E-02
  0.632416E-02     0.976113E-02     0.802665E-02     0.730067E-02     0.784081E-02
  0.625725E-02     0.739872E-02     0.937284E-02     0.618842E-02     0.920305E-02
  0.996052E-02     0.952041E-02     0.863293E-02     0.688011E-02     0.104398E-01
  0.100875E-01     0.103081E-01     0.742245E-02     0.753567E-02     0.625630E-02
  0.119679E-01     0.618397E-02     0.825862E-02     0.103142E-01     0.893858E-02
  0.697547E-02     0.686194E-02     0.787168E-02     0.679630E-02     0.674197E-02
  0.789610E-02     0.794636E-02     0.761660E-02     0.781059E-02     0.767170E-02
  0.753669E-02     0.722307E-02     0.730782E-02     0.690165E-02     0.728864E-02
  0.806592E-02     0.677947E-02     0.780391E-02     0.695172E-02     0.880360E-02
  0.814437E-02     0.802327E-02     0.809489E-02     0.709461E-02     0.750641E-02
  0.750741E-02     0.906703E-02     0.734621E-02     0.674974E-02     0.658648E-02
  0.751196E-02     0.582846E-02     0.832902E-02     0.732953E-02     0.777198E-02
  0.657113E-02     0.668003E-02     0.702700E-02     0.636975E-02     0.762534E-02
  0.747008E-02     0.858555E-02     0.818361E-02     0.706257E-02     0.703774E-02
  0.696829E-02     0.926057E-02     0.805653E-02     0.846743E-02     0.798384E-02
  0.851306E-02     0.759176E-02     0.882552E-02     0.636702E-02     0.775714E-02
  0.729411E-02     0.719051E-02     0.688387E-02     0.728066E-02     0.675061E-02
  0.741973E-02     0.100742E-01     0.811174E-02     0.758807E-02     0.744522E-02
  0.777803E-02     0.748855E-02     0.798781E-02     0.708049E-02     0.678306E-02
  0.724309E-02     0.691749E-02     0.712147E-02     0.787625E-02     0.720572E-02
  0.738289E-02     0.656840E-02     0.781664E-02     0.718510E-02     0.708879E-02
  0.797397E-02     0.677672E-02     0.823471E-02     0.757181E-02     0.841316E-02
  0.776985E-02     0.657412E-02     0.699841E-02     0.804995E-02     0.728961E-02
  0.727517E-02     0.675641E-02     0.642966E-02     0.673751E-02     0.871263E-02
  0.722588E-02     0.684008E-02     0.723530E-02     0.802039E-02     0.913778E-02
  0.837260E-02     0.793364E-02     0.770733E-02     0.666150E-02     0.730011E-02
  0.776109E-02     0.729060E-02     0.655357E-02     0.779571E-02     0.813962E-02
  0.853688E-02     0.743557E-02     0.824682E-02     0.722500E-02     0.827341E-02
  0.842753E-02     0.739770E-02     0.873111E-02     0.722085E-02     0.804665E-02
  0.668191E-02     0.780926E-02     0.791483E-02     0.808666E-02     0.882963E-02
  0.773430E-02     0.782578E-02     0.846963E-02     0.688440E-02     0.685814E-02
  0.594552E-02     0.783341E-02     0.818971E-02     0.733576E-02     0.727371E-02
  0.811685E-02     0.707376E-02     0.689924E-02     0.824022E-02     0.692546E-02
  0.863116E-02     0.755791E-02     0.772811E-02     0.804998E-02     0.688004E-02
  0.694632E-02     0.603326E-02     0.963228E-02     0.752815E-02     0.782543E-02
  0.900666E-02     0.724877E-02     0.809614E-02     0.711665E-02     0.777546E-02
  0.953731E-02     0.625426E-02     0.796412E-02     0.838072E-02     0.760994E-02
  0.810739E-02     0.803944E-02     0.673434E-02     0.784665E-02     0.767306E-02
  0.676176E-02     0.679881E-02     0.716322E-02     0.757496E-02     0.662685E-02
  0.743088E-02     0.878203E-02     0.832472E-02     0.760743E-02     0.802391E-02
  0.975792E-02     0.920031E-02     0.595885E-02     0.102344E-01     0.861094E-02
  0.859855E-02     0.761015E-02     0.870868E-02     0.968577E-02     0.716055E-02
  0.101923E-01     0.618785E-02     0.781053E-02     0.976586E-02     0.903621E-02
  0.885486E-02     0.704227E-02     0.817567E-02     0.879591E-02     0.835618E-02
  0.965341E-02     0.107295E-01     0.832854E-02     0.709852E-02     0.717686E-02
  0.849610E-02     0.918597E-02     0.741415E-02     0.688508E-02     0.744070E-02
  0.748045E-02     0.967620E-02     0.978465E-02     0.649953E-02     0.629651E-02
  0.797309E-02     0.595006E-02     0.890188E-02     0.650003E-02     0.940628E-02
  0.941421E-02     0.940402E-02     0.666066E-02     0.853816E-02     0.959353E-02
  0.568904E-02     0.117387E-01     0.799010E-02     0.721372E-02     0.731485E-02
  0.916477E-02     0.922139E-02     0.896896E-02     0.120507E-01     0.981490E-02
  0.959556E-02     0.930907E-02     0.824629E-02     0.923379E-02     0.798380E-02
  0.936280E-02     0.120145E-01     0.993928E-02     0.107843E-01     0.105631E-01
  0.114320E-01     0.904701E-02     0.990512E-02     0.100853E-01     0.103150E-01
  0.903980E-02     0.110485E-01     0.100326E-01     0.883187E-02     0.112640E-01
  0.126937E-01     0.109740E-01     0.982207E-02     0.144046E-01     0.114822E-01
  0.113923E-01     0.163501E-01     0.132541E-01     0.149538E-01     0.149493E-01
  0.148467E-01     0.142309E-01     0.144406E-01     0.120858E-01     0.136501E-01
  0.141193E-01     0.117531E-01     0.120674E-01     0.146648E-01     0.132630E-01
  0.113266E-01     0.131987E-01     0.950283E-02     0.124379E-01     0.950982E-02
  0.103017E-01     0.110525E-01     0.124684E-01     0.110635E-01     0.134107E-01
  0.137964E-01     0.118121E-01     0.131392E-01     0.980519E-02     0.991503E-02
  0.157356E-01     0.843401E-02     0.122507E-01     0.126777E-01     0.128227E-01
  0.101303E-01     0.118353E-01     0.119851E-01     0.110836E-01     0.110454E-01
  0.119977E-01     0.129663E-01     0.148111E-01     0.137258E-01     0.141889E-01
  0.110054E-01     0.103694E-01     0.105607E-01     0.135321E-01     0.122440E-01
  0.938165E-02     0.126627E-01     0.127386E-01     0.124542E-01     0.126698E-01
  0.154162E-01     0.153184E-01     0.133435E-01     0.983368E-02     0.136653E-01
  0.105889E-01     0.121863E-01     0.133149E-01     0.147691E-01     0.117306E-01
  0.193756E-01     0.263462E-01     0.239710E-01     0.248769E-01     0.286759E-01
  0.500177E-01     0.433985E-01     0.387678E-01     0.532195E-01     0.694778E-01
  0.404068E-01     0.370450E-01     0.959425E-01     0.107069E+00     0.895692E-01
  0.955031E-01     0.131887E+00     0.124270E+00     0.970623E-01     0.966212E-01
  0.331364E+00     0.116173E+00     0.163996E+00     0.163793E+00     0.137654E+00
  0.168245E+00     0.174361E+00     0.168003E+00     0.168746E+00     0.228117E+00
  0.175310E+00     0.282169E+00     0.344902E+00     0.281766E+00     0.207992E+00
  0.219967E+00     0.372326E+00     0.276203E+00     0.267615E+00     0.228130E+00
  0.384509E+00     0.291728E+00     0.264469E+00     0.439068E+00     0.442757E+00
  0.439039E+00     0.376875E+00     0.357116E+00     0.348253E+00     0.523781E+00
  0.387873E+00     0.518557E+00     0.579751E+00     0.580310E+00     0.800559E+00
  0.638025E+00     0.629548E+00     0.764279E+00
 eigen energies, in ev
    -46.326317       -46.231666       -45.723520       -45.709126       -45.179545
    -29.647854       -28.735278       -28.713629       -28.493866       -28.457613
    -28.443577       -28.429764       -28.356838       -28.316819       -28.106389
    -28.052610       -28.051970       -28.003558       -27.997911       -27.987739
    -27.927373       -27.915796       -27.903497       -27.883236       -27.882440
    -27.851479       -27.843146       -27.820599       -27.817122       -27.808982
    -27.796968       -27.750387       -27.665216       -27.654114       -27.645091
    -27.597384       -27.590389       -27.560029       -27.549384       -27.505018
    -27.460435       -27.400755       -27.386141       -27.365897       -27.365645
    -27.346031       -27.335447       -27.316110       -27.312589       -27.308484
    -27.306037       -27.293251       -27.222817       -27.199226       -27.150887
    -27.101940       -27.086848       -27.062277       -27.050203       -27.004840
    -26.971835       -26.962862       -26.918762       -26.914499       -26.913983
    -26.901517       -26.868792       -26.865932       -26.849950       -26.837616
    -26.793820       -26.707351       -26.664211       -26.634682       -26.612191
    -26.569905       -26.533967       -26.523469       -26.472419       -26.342950
    -26.304957       -26.287485       -26.242712       -26.191403       -26.159476
    -26.097160       -26.031798       -25.972515       -25.950548       -25.940727
    -25.937978       -25.908601       -25.905868       -25.868930       -25.837700
    -25.830087       -25.824286       -25.796960       -25.794946       -25.776418
    -25.766772       -25.760304       -25.744976       -25.724130       -25.656282
    -25.643820       -25.640486       -25.606624       -25.592614       -25.577681
    -25.535659       -25.524482       -25.524182       -25.523247       -25.507386
    -25.502488       -25.498013       -25.475447       -25.427272       -25.360242
    -25.353748       -25.326176       -25.271422       -25.245853       -25.139998
    -25.081599       -25.073848       -25.064302       -25.020108       -24.987742
    -24.966949       -24.894205       -24.832877       -24.802314       -24.765251
    -24.741177       -24.725070       -24.709554       -24.661196       -24.624196
    -24.519737       -24.480115       -24.443674       -24.440067       -24.439853
    -24.313361       -24.148907       -24.010019       -23.950434       -23.881879
    -23.826295       -23.688887       -23.658618       -23.624935       -23.302474
    -23.111422       -22.998674       -22.832586       -22.743632       -22.614611
    -22.608558       -22.530441       -22.526876       -22.509281       -22.461519
    -22.396511       -22.339170       -22.333640       -22.260010       -22.248318
    -22.209153       -22.178183       -22.165756       -22.094184       -22.062450
    -22.040462       -21.993861       -21.976491       -21.904770       -21.893796
    -21.843124       -21.803109       -21.735109       -21.648512       -21.613823
    -21.583798       -21.429770       -21.412535       -21.041116       -20.794253
    -19.715163       -19.207657       -18.871114       -18.802632       -18.710328
    -16.709143       -15.966439       -15.948572       -15.918524       -15.834090
    -15.809272       -15.722732       -15.683852       -15.626838       -15.578005
    -15.522954       -15.483636       -15.463656       -15.427009       -15.415233
    -15.410478       -15.400155       -15.397075       -15.378148       -15.331394
    -15.277644       -15.085465       -15.052702       -14.958428       -14.822397
    -14.774035       -14.704084       -14.701525       -14.545341       -14.491706
    -14.426801       -14.392324       -14.390449       -14.321387       -14.235203
    -14.174104       -14.171966       -14.168358       -14.164399       -14.152905
    -14.143835       -14.098113       -14.095480       -14.087612       -14.038827
    -13.975536       -13.960948       -13.917902       -13.906771       -13.876618
    -13.813964       -13.732566       -13.725183       -13.625357       -13.609014
    -13.595149       -13.575048       -13.140907       -13.126652       -12.940801
    -12.920724       -12.916672       -12.855042       -12.846338       -12.751965
    -12.617649       -12.570377       -12.521950       -12.491815       -12.474725
    -12.413439       -12.386958       -12.262948       -12.159023       -12.104935
    -12.094266       -12.061693       -12.005801       -11.953382       -11.934432
    -11.849920       -11.817071       -11.768111       -11.749564       -11.746222
    -11.700686       -11.616967       -11.591962       -11.575112       -11.556989
    -11.546088       -11.539770       -11.522439       -11.513792       -11.497033
    -11.494451       -11.454181       -11.429797       -11.369939       -11.354024
    -11.253676       -11.237242       -11.218297       -11.201007       -11.173728
    -11.167781       -11.150954       -11.131727       -11.116545       -11.096069
    -10.989755       -10.892595       -10.867343       -10.844759       -10.806900
    -10.782399       -10.778750       -10.729592       -10.720092       -10.695638
    -10.567622       -10.558072       -10.444970       -10.435663       -10.396110
    -10.362872       -10.352862       -10.343840       -10.328237       -10.299595
    -10.283076       -10.277575       -10.254126       -10.244835       -10.236539
    -10.225682       -10.209159       -10.189624       -10.174561       -10.162176
    -10.158300       -10.154002       -10.140975       -10.135463       -10.132229
    -10.123216       -10.120334       -10.099915       -10.073350       -10.054321
    -10.018782       -10.007168        -9.999634        -9.998269        -9.985557
     -9.978295        -9.961623        -9.958033        -9.919754        -9.915401
     -9.910128        -9.905487        -9.890369        -9.880789        -9.864734
     -9.859900        -9.856301        -9.848195        -9.825413        -9.823361
     -9.796956        -9.782902        -9.767589        -9.752680        -9.740705
     -9.739015        -9.719166        -9.714784        -9.699450        -9.690534
     -9.684618        -9.673599        -9.667720        -9.650667        -9.647767
     -9.630097        -9.624673        -9.612732        -9.597797        -9.571641
     -9.565950        -9.546248        -9.528950        -9.513663        -9.472280
     -9.435969        -9.420969        -9.413316        -9.404229        -9.387363
     -9.365343        -9.363381        -9.349821        -9.344262        -9.338167
     -9.327251        -9.314571        -9.280451        -9.265803        -9.260684
     -9.240313        -9.234216        -9.226756        -9.210912        -9.208148
     -9.196142        -9.189071        -9.179565        -9.157010        -9.139046
     -9.138747        -9.106552        -9.100344        -9.098102        -9.086243
     -9.064699        -9.055230        -9.046520        -9.044041        -9.038302
     -9.026072        -9.010076        -8.992293        -8.985376        -8.966288
     -8.959109        -8.956303        -8.944789        -8.930356        -8.916197
     -8.906681        -8.901021        -8.888229        -8.869872        -8.857082
     -8.849046        -8.840083        -8.824061        -8.810998        -8.785541
     -8.774497        -8.769377        -8.765051        -8.761048        -8.725940
     -8.718912        -8.702383        -8.695033        -8.681520        -8.667345
     -8.656308        -8.651533        -8.638871        -8.622673        -8.610990
     -8.609403        -8.589559        -8.582914        -8.557663        -8.550060
     -8.546028        -8.535102        -8.513736        -8.497102        -8.487231
     -8.475349        -8.461604        -8.434428        -8.430351        -8.415773
     -8.406973        -8.392168        -8.384368        -8.374146        -8.370638
     -8.355851        -8.340841        -8.328871        -8.302646        -8.296344
     -8.283599        -8.281503        -8.258833        -8.249578        -8.227463
     -8.219002        -8.186990        -8.152931        -8.147916        -8.136910
     -8.133322        -8.116027        -8.111808        -8.099334        -8.092430
     -8.081957        -8.072263        -8.061100        -8.047765        -8.038451
     -8.025655        -8.005095        -7.988018        -7.980103        -7.950565
     -7.946808        -7.934038        -7.926944        -7.911565        -7.898244
     -7.887997        -7.886074        -7.857462        -7.790044        -7.759877
     -7.713625        -7.677936        -7.590583        -7.570774        -7.547764
     -7.534117        -7.513504        -7.479303        -7.464686        -7.448402
     -7.429993        -7.284698        -7.248383        -7.209027        -7.202062
     -7.188583        -7.176670        -7.161903        -7.156812        -7.148558
     -7.143244        -7.122513        -7.097739        -7.078539        -7.028371
     -7.015745        -6.991062        -6.983004        -6.947231        -6.941362
     -6.903306        -6.899254        -6.896056        -6.833803        -6.802245
     -6.779537        -6.760957        -6.741974        -6.731073        -6.722532
     -6.699001        -6.689068        -6.685944        -6.676968        -6.660667
     -6.655443        -6.649868        -6.646510        -6.619585        -6.613613
     -6.607409        -6.589442        -6.569732        -6.541776        -6.536744
     -6.524564        -6.506866        -6.503087        -6.494778        -6.484857
     -6.480784        -6.453825        -6.437542        -6.430264        -6.423910
     -6.409372        -6.407160        -6.392992        -6.391557        -6.384639
     -6.365912        -6.361361        -6.356292        -6.344858        -6.342002
     -6.315458        -6.309576        -6.293424        -6.292694        -6.278677
     -6.273539        -6.268776        -6.262285        -6.250147        -6.243954
     -6.234419        -6.221808        -6.214766        -6.203129        -6.197057
     -6.185773        -6.184486        -6.159529        -6.144609        -6.141841
     -6.134032        -6.132462        -6.119455        -6.107450        -6.103951
     -6.094347        -6.076632        -6.048192        -6.041716        -6.000577
     -5.994292        -5.972731        -5.968596        -5.960559        -5.947605
     -5.944960        -5.939040        -5.931919        -5.911861        -5.909398
     -5.885574        -5.875048        -5.866051        -5.863228        -5.852282
     -5.840374        -5.839075        -5.830066        -5.810520        -5.807017
     -5.799268        -5.794830        -5.784046        -5.779291        -5.766353
     -5.756744        -5.746020        -5.742778        -5.732291        -5.723203
     -5.711237        -5.706071        -5.700913        -5.700147        -5.688622
     -5.687232        -5.679849        -5.671961        -5.657879        -5.653715
     -5.645968        -5.642934        -5.638293        -5.631903        -5.624054
     -5.616210        -5.603564        -5.594060        -5.580472        -5.570909
     -5.569292        -5.563248        -5.550079        -5.547009        -5.529138
     -5.524592        -5.517060        -5.515006        -5.504622        -5.498785
     -5.495192        -5.489687        -5.474583        -5.471082        -5.465442
     -5.461654        -5.457101        -5.444137        -5.433459        -5.419737
     -5.413164        -5.407080        -5.400495        -5.392168        -5.384112
     -5.383272        -5.381918        -5.364794        -5.362728        -5.355728
     -5.344973        -5.338915        -5.335556        -5.331180        -5.322232
     -5.321769        -5.314527        -5.310429        -5.299539        -5.287859
     -5.285427        -5.275400        -5.267877        -5.256376        -5.255453
     -5.251170        -5.243184        -5.237504        -5.231994        -5.229863
     -5.218483        -5.216278        -5.204759        -5.192285        -5.175395
     -5.167724        -5.161168        -5.157089        -5.152408        -5.143089
     -5.130900        -5.116934        -5.107916        -5.099058        -5.097137
     -5.094181        -5.089260        -5.083874        -5.079497        -5.070443
     -5.066897        -5.060049        -5.055332        -5.045111        -5.035150
     -5.027189        -5.020400        -5.019191        -5.010891        -5.001957
     -4.996961        -4.993163        -4.989551        -4.985998        -4.981188
     -4.968297        -4.965784        -4.958359        -4.946152        -4.933819
     -4.930051        -4.924604        -4.918213        -4.904686        -4.900532
     -4.897269        -4.889856        -4.882303        -4.879829        -4.867454
     -4.861390        -4.851793        -4.840225        -4.831080        -4.825284
     -4.815743        -4.812989        -4.797676        -4.792806        -4.790578
     -4.783431        -4.781706        -4.774557        -4.772482        -4.769785
     -4.765132        -4.755938        -4.752987        -4.739378        -4.736387
     -4.731911        -4.714166        -4.708172        -4.700222        -4.696032
     -4.690161        -4.683370        -4.682230        -4.674970        -4.669638
     -4.663973        -4.636242        -4.633211        -4.627795        -4.618236
     -4.608741        -4.604468        -4.600670        -4.592275        -4.588004
     -4.582416        -4.579011        -4.570836        -4.569472        -4.562916
     -4.553465        -4.548794        -4.541781        -4.537328        -4.528857
     -4.524979        -4.518246        -4.510588        -4.508538        -4.502298
     -4.496215        -4.480812        -4.480016        -4.459764        -4.452858
     -4.445883        -4.444377        -4.421233        -4.412951        -4.398086
     -4.392288        -4.382996        -4.375033        -4.362864        -4.351384
     -4.341769        -4.340300        -4.318100        -4.313873        -4.308769
     -4.298340        -4.295694        -4.294086        -4.289281        -4.280990
     -4.266423        -4.245948        -4.229098        -4.201584        -4.193863
     -4.178669        -4.178050        -4.162862        -4.136796        -4.125558
     -4.121951        -4.098581        -4.090526        -4.086025        -4.078870
     -4.050411        -4.024392        -4.008222        -3.993765        -3.978009
     -3.972239        -3.928669        -3.925753        -3.879898        -3.875032
     -3.860126        -3.849959        -3.836888        -3.774361        -3.741970
     -3.725785        -3.664399        -3.654891        -3.650285        -3.638766
     -3.629107        -3.619536        -3.606353        -3.580442        -3.559145
     -3.551288        -3.546316        -3.522368        -3.513730        -3.476716
     -3.458425        -3.445753        -3.445011        -3.392401        -3.381594
     -3.379646        -3.357673        -3.320160        -3.301868        -3.289377
     -3.279087        -3.264518        -3.253351        -3.235341        -3.226698
     -3.200460        -3.179842        -3.161101        -3.158076        -3.150359
     -3.121254        -3.102013        -3.089164        -3.086112        -3.057861
     -3.034812        -2.996985        -2.991709        -2.983055        -2.966715
     -2.955703        -2.912093        -2.895184        -2.874072        -2.870163
     -2.857741        -2.841604        -2.833866        -2.794677        -2.788779
     -2.769448        -2.764856        -2.757334        -2.746483        -2.731628
     -2.726087        -2.683875        -2.653457        -2.631106        -2.622639
     -2.598719        -2.571627        -2.568954        -2.542336        -2.533402
     -2.458877        -2.423029        -2.371904        -2.366075        -2.358184
     -2.354697        -2.338858        -2.305471        -2.291812        -2.221913
     -2.192609        -2.118467        -2.111220        -1.962702        -1.794778
      1.189014         1.588917         1.816892         1.991482         2.057207
      2.402482         2.418494         2.436890         2.475448         2.510932
      2.608785         2.656556         2.930826         3.019395         3.172092
      3.311028         3.345827         3.398090         3.425173         3.493888
      3.497466         3.571167         3.584552         3.608406         3.662762
      3.699037         3.724264         3.788730         3.802806         3.855422
      3.895153         3.908653         3.926910         3.977656         4.006073
      4.013581         4.025089         4.070228         4.102071         4.133423
      4.139547         4.210412         4.226279         4.256504         4.288910
      4.299646         4.320565         4.325625         4.383310         4.411667
      4.470101         4.490809         4.525745         4.567783         4.607428
      4.677118         4.706211         4.771622
 *********************************
 sum eigen(dbl occ, ryd)=  -1549.67276759895     
 *********************************
 Ef(eV)= -0.766559201585746     
 ***************************************************
 iter=          11
 ---------------------------------------------------
 dvE, dvE(n)-dvE(n-1) = 0.9088E-05 -.3902E-04
 dv_ave, drho_tot     = 0.3015E-02 0.5998E-02
 err of ug            = 0.5488E-03
 ---------------------------------------------------
 Ewald        = -.41116881944013E+05
 Alpha        = 0.15207970391171E+04
 E_extV       = 0.00000000000000E+00    0.0000E+00
 E_NSC        = -.21501936239905E+05    0.5525E+02
 E[-rho*V_Hxc]= -.12377115148895E+06    -.5458E+02
 E_Hxc        = 0.51965710783641E+05    0.4166E+02
 -TS          = -.35505865766336E-26    0.5886E-31
 E_tot(eV)    = -.13290346185011E+06    0.6632E+00
 ---------------------------------------------------
 E_ion,E_coul,E_xc =   -224644.0096113   80747.7078408  -28781.9970572
Ewald+Hart+ion    -0.1850131837145E+06
 ave(vtot)=ave_(V_xc)=: v0= -0.285972518889000     
 Eigen energies are values after setting ave_vtot=0
 ----------------------------------
 One SCF use:    86.0355091094971       s
 *********************************
 ****** kpt=           1
 err of each states, eV
  0.586010E-02     0.870637E-02     0.459938E-02     0.846909E-02     0.990897E-02
  0.449458E-02     0.498375E-02     0.365866E-02     0.442431E-02     0.269263E-02
  0.440538E-02     0.552926E-02     0.406780E-02     0.290552E-02     0.356529E-02
  0.351997E-02     0.489266E-02     0.480805E-02     0.400723E-02     0.302609E-02
  0.334631E-02     0.355169E-02     0.403087E-02     0.464173E-02     0.398077E-02
  0.298779E-02     0.459396E-02     0.323690E-02     0.434388E-02     0.469412E-02
  0.446293E-02     0.443925E-02     0.432342E-02     0.366381E-02     0.386760E-02
  0.358722E-02     0.335242E-02     0.411504E-02     0.492258E-02     0.303661E-02
  0.309964E-02     0.387162E-02     0.439603E-02     0.464911E-02     0.476244E-02
  0.369237E-02     0.444059E-02     0.387190E-02     0.258105E-02     0.324413E-02
  0.421072E-02     0.330803E-02     0.435323E-02     0.313501E-02     0.330040E-02
  0.330374E-02     0.486495E-02     0.477134E-02     0.368734E-02     0.450382E-02
  0.499797E-02     0.306792E-02     0.388281E-02     0.397803E-02     0.423079E-02
  0.444958E-02     0.448877E-02     0.408815E-02     0.280143E-02     0.352760E-02
  0.274483E-02     0.292057E-02     0.478538E-02     0.297989E-02     0.299725E-02
  0.346831E-02     0.333812E-02     0.278603E-02     0.414841E-02     0.336523E-02
  0.335960E-02     0.275641E-02     0.389453E-02     0.239866E-02     0.307963E-02
  0.228609E-02     0.388145E-02     0.379080E-02     0.317794E-02     0.203739E-02
  0.240776E-02     0.296730E-02     0.278321E-02     0.305780E-02     0.307112E-02
  0.332384E-02     0.223553E-02     0.307955E-02     0.262424E-02     0.235570E-02
  0.314388E-02     0.227633E-02     0.299602E-02     0.294406E-02     0.387709E-02
  0.290086E-02     0.297025E-02     0.313650E-02     0.231318E-02     0.310317E-02
  0.262953E-02     0.201544E-02     0.201812E-02     0.296720E-02     0.262731E-02
  0.273121E-02     0.259008E-02     0.282498E-02     0.245422E-02     0.299432E-02
  0.340399E-02     0.241359E-02     0.280569E-02     0.157369E-02     0.248191E-02
  0.295026E-02     0.250231E-02     0.269092E-02     0.257191E-02     0.196430E-02
  0.392856E-02     0.262668E-02     0.283747E-02     0.208997E-02     0.501090E-02
  0.246565E-02     0.248234E-02     0.372469E-02     0.286297E-02     0.386106E-02
  0.339010E-02     0.407137E-02     0.448884E-02     0.366426E-02     0.419202E-02
  0.381699E-02     0.380257E-02     0.419453E-02     0.411394E-02     0.346460E-02
  0.324998E-02     0.348416E-02     0.409338E-02     0.380405E-02     0.342328E-02
  0.369147E-02     0.229720E-02     0.263863E-02     0.266908E-02     0.273498E-02
  0.354654E-02     0.220339E-02     0.332821E-02     0.463761E-02     0.300562E-02
  0.478642E-02     0.318030E-02     0.542262E-02     0.547160E-02     0.417884E-02
  0.342489E-02     0.238347E-02     0.517793E-02     0.365528E-02     0.257261E-02
  0.429728E-02     0.378440E-02     0.174050E-02     0.553283E-02     0.318949E-02
  0.354102E-02     0.319328E-02     0.407894E-02     0.296367E-02     0.378715E-02
  0.477792E-02     0.335212E-02     0.321129E-02     0.321597E-02     0.387461E-02
  0.412605E-02     0.339139E-02     0.290644E-02     0.335731E-02     0.309411E-02
  0.459878E-02     0.266839E-02     0.219384E-02     0.364588E-02     0.219605E-02
  0.382254E-02     0.394678E-02     0.354266E-02     0.270619E-02     0.193283E-02
  0.219675E-02     0.379936E-02     0.305571E-02     0.249910E-02     0.257156E-02
  0.303238E-02     0.303898E-02     0.282421E-02     0.419456E-02     0.428257E-02
  0.415521E-02     0.278204E-02     0.219412E-02     0.269529E-02     0.274935E-02
  0.298592E-02     0.275946E-02     0.452812E-02     0.322601E-02     0.438552E-02
  0.256634E-02     0.424904E-02     0.384717E-02     0.340155E-02     0.317818E-02
  0.311354E-02     0.400972E-02     0.202925E-02     0.226618E-02     0.316321E-02
  0.434734E-02     0.287193E-02     0.432927E-02     0.312914E-02     0.425373E-02
  0.416296E-02     0.460290E-02     0.447138E-02     0.332647E-02     0.335814E-02
  0.303691E-02     0.415030E-02     0.286732E-02     0.244479E-02     0.251909E-02
  0.258954E-02     0.408025E-02     0.265067E-02     0.245499E-02     0.235729E-02
  0.265336E-02     0.304989E-02     0.194657E-02     0.170972E-02     0.216926E-02
  0.226392E-02     0.206214E-02     0.207203E-02     0.234461E-02     0.520197E-02
  0.251018E-02     0.416749E-02     0.404620E-02     0.393767E-02     0.308833E-02
  0.289448E-02     0.350726E-02     0.450080E-02     0.502088E-02     0.442223E-02
  0.318984E-02     0.320007E-02     0.354153E-02     0.374104E-02     0.384118E-02
  0.295175E-02     0.449935E-02     0.288941E-02     0.254670E-02     0.309509E-02
  0.284247E-02     0.314727E-02     0.280363E-02     0.354073E-02     0.207659E-02
  0.532145E-02     0.415168E-02     0.349560E-02     0.436211E-02     0.418768E-02
  0.368663E-02     0.280694E-02     0.353247E-02     0.306026E-02     0.313686E-02
  0.304112E-02     0.282815E-02     0.187172E-02     0.355929E-02     0.482644E-02
  0.268663E-02     0.286869E-02     0.260083E-02     0.244029E-02     0.294010E-02
  0.277906E-02     0.268378E-02     0.255255E-02     0.525755E-02     0.398334E-02
  0.566477E-02     0.275545E-02     0.499572E-02     0.403573E-02     0.453550E-02
  0.362383E-02     0.379254E-02     0.414655E-02     0.442138E-02     0.582915E-02
  0.431411E-02     0.423176E-02     0.399159E-02     0.417943E-02     0.382956E-02
  0.447574E-02     0.464127E-02     0.379761E-02     0.750172E-02     0.277975E-02
  0.464376E-02     0.541467E-02     0.437964E-02     0.436552E-02     0.454234E-02
  0.362042E-02     0.420795E-02     0.397673E-02     0.516932E-02     0.451298E-02
  0.445405E-02     0.457544E-02     0.399354E-02     0.415730E-02     0.403191E-02
  0.407016E-02     0.414461E-02     0.391510E-02     0.370710E-02     0.457845E-02
  0.396639E-02     0.460913E-02     0.413008E-02     0.408070E-02     0.450792E-02
  0.347943E-02     0.405350E-02     0.344212E-02     0.264889E-02     0.388960E-02
  0.427942E-02     0.506699E-02     0.439567E-02     0.427731E-02     0.328018E-02
  0.381616E-02     0.508813E-02     0.358419E-02     0.382525E-02     0.376956E-02
  0.349190E-02     0.409753E-02     0.452286E-02     0.426814E-02     0.406538E-02
  0.405794E-02     0.333973E-02     0.364361E-02     0.345766E-02     0.342729E-02
  0.469897E-02     0.474069E-02     0.456427E-02     0.444133E-02     0.463172E-02
  0.294834E-02     0.292671E-02     0.394389E-02     0.466917E-02     0.312439E-02
  0.300078E-02     0.335667E-02     0.303190E-02     0.444719E-02     0.382322E-02
  0.280661E-02     0.361501E-02     0.325780E-02     0.358211E-02     0.471892E-02
  0.363220E-02     0.410232E-02     0.469551E-02     0.518761E-02     0.462287E-02
  0.360701E-02     0.408451E-02     0.396968E-02     0.392612E-02     0.423255E-02
  0.488088E-02     0.471603E-02     0.547086E-02     0.517421E-02     0.246241E-02
  0.345896E-02     0.412332E-02     0.359115E-02     0.436393E-02     0.456825E-02
  0.443649E-02     0.477304E-02     0.486806E-02     0.435908E-02     0.401592E-02
  0.397751E-02     0.463722E-02     0.401595E-02     0.347919E-02     0.426148E-02
  0.460389E-02     0.455283E-02     0.356738E-02     0.369764E-02     0.290140E-02
  0.415890E-02     0.324239E-02     0.249508E-02     0.502208E-02     0.563223E-02
  0.429641E-02     0.348074E-02     0.433493E-02     0.406771E-02     0.378265E-02
  0.339271E-02     0.402890E-02     0.429005E-02     0.485823E-02     0.439647E-02
  0.453209E-02     0.483233E-02     0.411804E-02     0.417790E-02     0.483216E-02
  0.468920E-02     0.403305E-02     0.410843E-02     0.417693E-02     0.422479E-02
  0.454383E-02     0.470402E-02     0.443838E-02     0.413899E-02     0.467009E-02
  0.310432E-02     0.368817E-02     0.376529E-02     0.396692E-02     0.400328E-02
  0.465564E-02     0.392045E-02     0.424299E-02     0.420649E-02     0.468358E-02
  0.456409E-02     0.490899E-02     0.522060E-02     0.460899E-02     0.413576E-02
  0.574280E-02     0.524264E-02     0.513055E-02     0.507572E-02     0.501159E-02
  0.503608E-02     0.499286E-02     0.340621E-02     0.446038E-02     0.407057E-02
  0.398308E-02     0.435556E-02     0.485209E-02     0.731102E-02     0.460059E-02
  0.502005E-02     0.454068E-02     0.576836E-02     0.478913E-02     0.703466E-02
  0.611019E-02     0.662713E-02     0.669489E-02     0.666542E-02     0.660642E-02
  0.637462E-02     0.565478E-02     0.485295E-02     0.724412E-02     0.604867E-02
  0.431692E-02     0.456847E-02     0.771437E-02     0.333260E-02     0.740006E-02
  0.450060E-02     0.375922E-02     0.372641E-02     0.384827E-02     0.608733E-02
  0.762673E-02     0.494188E-02     0.676548E-02     0.269446E-02     0.447870E-02
  0.679691E-02     0.417026E-02     0.414914E-02     0.502979E-02     0.585237E-02
  0.479213E-02     0.502654E-02     0.479232E-02     0.356571E-02     0.424712E-02
  0.537644E-02     0.407200E-02     0.400843E-02     0.404809E-02     0.577446E-02
  0.528082E-02     0.450753E-02     0.491017E-02     0.354737E-02     0.763582E-02
  0.603380E-02     0.541173E-02     0.415810E-02     0.567323E-02     0.421481E-02
  0.449699E-02     0.448847E-02     0.498508E-02     0.390712E-02     0.443115E-02
  0.440383E-02     0.450130E-02     0.534234E-02     0.435147E-02     0.444060E-02
  0.377612E-02     0.645714E-02     0.564797E-02     0.518036E-02     0.402979E-02
  0.432033E-02     0.463357E-02     0.462001E-02     0.387072E-02     0.386584E-02
  0.383908E-02     0.398272E-02     0.390554E-02     0.453811E-02     0.499644E-02
  0.503645E-02     0.454646E-02     0.307743E-02     0.428101E-02     0.365965E-02
  0.464380E-02     0.474410E-02     0.459780E-02     0.445763E-02     0.536737E-02
  0.427694E-02     0.378233E-02     0.391310E-02     0.444699E-02     0.376713E-02
  0.383934E-02     0.412926E-02     0.355913E-02     0.360712E-02     0.506532E-02
  0.423521E-02     0.372780E-02     0.373820E-02     0.393556E-02     0.398364E-02
  0.442498E-02     0.419511E-02     0.390894E-02     0.373778E-02     0.462051E-02
  0.431084E-02     0.378212E-02     0.325279E-02     0.337304E-02     0.505650E-02
  0.714522E-02     0.682406E-02     0.467097E-02     0.382207E-02     0.447872E-02
  0.373933E-02     0.478936E-02     0.468120E-02     0.386829E-02     0.358841E-02
  0.356417E-02     0.418368E-02     0.440733E-02     0.354485E-02     0.390015E-02
  0.271353E-02     0.381180E-02     0.367602E-02     0.307251E-02     0.524440E-02
  0.391749E-02     0.577322E-02     0.384262E-02     0.355442E-02     0.367505E-02
  0.452167E-02     0.381412E-02     0.493787E-02     0.624825E-02     0.383332E-02
  0.600880E-02     0.527949E-02     0.373239E-02     0.394990E-02     0.433187E-02
  0.538002E-02     0.511794E-02     0.415917E-02     0.578170E-02     0.401093E-02
  0.388823E-02     0.341552E-02     0.475387E-02     0.460234E-02     0.400821E-02
  0.512811E-02     0.462076E-02     0.404639E-02     0.500706E-02     0.489313E-02
  0.483738E-02     0.504557E-02     0.403381E-02     0.481258E-02     0.445264E-02
  0.373980E-02     0.373512E-02     0.520952E-02     0.448395E-02     0.427018E-02
  0.436579E-02     0.411545E-02     0.397821E-02     0.379032E-02     0.511456E-02
  0.476658E-02     0.484841E-02     0.370064E-02     0.361937E-02     0.391866E-02
  0.410182E-02     0.427414E-02     0.449019E-02     0.466991E-02     0.516427E-02
  0.390542E-02     0.392614E-02     0.449383E-02     0.431240E-02     0.382873E-02
  0.363423E-02     0.333874E-02     0.428143E-02     0.356454E-02     0.331436E-02
  0.400291E-02     0.433984E-02     0.383891E-02     0.408497E-02     0.386644E-02
  0.493145E-02     0.431969E-02     0.469490E-02     0.444605E-02     0.435931E-02
  0.452635E-02     0.427321E-02     0.372671E-02     0.378198E-02     0.381655E-02
  0.420404E-02     0.444992E-02     0.411321E-02     0.427220E-02     0.418531E-02
  0.411338E-02     0.441426E-02     0.476395E-02     0.519261E-02     0.441217E-02
  0.446775E-02     0.443722E-02     0.383222E-02     0.380729E-02     0.386553E-02
  0.396992E-02     0.467617E-02     0.425582E-02     0.325179E-02     0.439623E-02
  0.362185E-02     0.396271E-02     0.363259E-02     0.402801E-02     0.404445E-02
  0.445287E-02     0.384699E-02     0.473541E-02     0.373036E-02     0.403856E-02
  0.420570E-02     0.474859E-02     0.412271E-02     0.431638E-02     0.421309E-02
  0.417940E-02     0.412547E-02     0.398253E-02     0.373854E-02     0.447507E-02
  0.443956E-02     0.496476E-02     0.502185E-02     0.500744E-02     0.417475E-02
  0.499837E-02     0.561136E-02     0.364039E-02     0.550601E-02     0.439169E-02
  0.476545E-02     0.394391E-02     0.491782E-02     0.466740E-02     0.357466E-02
  0.529073E-02     0.461541E-02     0.438914E-02     0.480099E-02     0.426722E-02
  0.443885E-02     0.439853E-02     0.411398E-02     0.422822E-02     0.373629E-02
  0.400807E-02     0.388422E-02     0.464670E-02     0.478370E-02     0.368711E-02
  0.354875E-02     0.464074E-02     0.395469E-02     0.384221E-02     0.451781E-02
  0.487967E-02     0.419978E-02     0.432105E-02     0.448981E-02     0.523512E-02
  0.415574E-02     0.394075E-02     0.472290E-02     0.430583E-02     0.541911E-02
  0.362197E-02     0.408462E-02     0.321596E-02     0.328588E-02     0.380908E-02
  0.679248E-02     0.423625E-02     0.380631E-02     0.417557E-02     0.363279E-02
  0.422296E-02     0.383155E-02     0.446011E-02     0.517323E-02     0.494146E-02
  0.431409E-02     0.473964E-02     0.472315E-02     0.620071E-02     0.419470E-02
  0.375959E-02     0.476427E-02     0.511262E-02     0.541035E-02     0.496890E-02
  0.465645E-02     0.567563E-02     0.544071E-02     0.539935E-02     0.446385E-02
  0.280392E-02     0.425923E-02     0.394984E-02     0.414327E-02     0.415596E-02
  0.423275E-02     0.686893E-02     0.491624E-02     0.512422E-02     0.504198E-02
  0.534814E-02     0.524035E-02     0.465321E-02     0.594502E-02     0.452564E-02
  0.460903E-02     0.413896E-02     0.412248E-02     0.441127E-02     0.573355E-02
  0.484586E-02     0.597588E-02     0.552957E-02     0.317296E-02     0.444592E-02
  0.449356E-02     0.227250E-02     0.660854E-02     0.510629E-02     0.586521E-02
  0.639548E-02     0.520412E-02     0.573516E-02     0.433842E-02     0.330466E-02
  0.541507E-02     0.699075E-02     0.435635E-02     0.464679E-02     0.454659E-02
  0.521628E-02     0.533237E-02     0.581295E-02     0.633412E-02     0.651870E-02
  0.495182E-02     0.563801E-02     0.477589E-02     0.479654E-02     0.501302E-02
  0.693800E-02     0.460580E-02     0.560665E-02     0.855406E-02     0.438711E-02
  0.486719E-02     0.447563E-02     0.451505E-02     0.398429E-02     0.526868E-02
  0.731418E-02     0.732246E-02     0.629051E-02     0.693225E-02     0.593711E-02
  0.630459E-02     0.271750E-02     0.577369E-02     0.641405E-02     0.621046E-02
  0.494920E-02     0.558415E-02     0.508575E-02     0.493518E-02     0.724750E-02
  0.711101E-02     0.710381E-02     0.690727E-02     0.556844E-02     0.671606E-02
  0.662852E-02     0.691777E-02     0.708189E-02     0.723178E-02     0.587065E-02
  0.610339E-02     0.620569E-02     0.597916E-02     0.738708E-02     0.635996E-02
  0.739994E-02     0.606702E-02     0.663755E-02     0.632741E-02     0.834595E-02
  0.521225E-02     0.739180E-02     0.597304E-02     0.474930E-02     0.654071E-02
  0.451530E-02     0.434798E-02     0.661059E-02     0.556099E-02     0.796773E-02
  0.579994E-02     0.569772E-02     0.512443E-02     0.491661E-02     0.598305E-02
  0.440754E-02     0.586933E-02     0.628911E-02     0.566747E-02     0.567568E-02
  0.784074E-02     0.489787E-02     0.607606E-02     0.707661E-02     0.562941E-02
  0.527948E-02     0.497758E-02     0.626464E-02     0.462264E-02     0.714558E-02
  0.334918E-02     0.272699E-02     0.443333E-02     0.537079E-02     0.599976E-02
  0.711287E-02     0.479988E-02     0.458422E-02     0.431629E-02     0.928061E-02
  0.418145E-02     0.378379E-02     0.313032E-02     0.590186E-02     0.646204E-02
  0.146122E-01     0.169795E-01     0.153465E-01     0.204394E-01     0.191444E-01
  0.337172E-01     0.287728E-01     0.424227E-01     0.262015E-01     0.309065E-01
  0.266052E-01     0.274714E-01     0.687898E-01     0.772151E-01     0.762410E-01
  0.719732E-01     0.102328E+00     0.102200E+00     0.952362E-01     0.189318E+00
  0.105824E+00     0.104886E+00     0.121553E+00     0.135904E+00     0.122888E+00
  0.137935E+00     0.162638E+00     0.165199E+00     0.154485E+00     0.183454E+00
  0.191463E+00     0.234945E+00     0.183382E+00     0.192044E+00     0.245189E+00
  0.227917E+00     0.201929E+00     0.251502E+00     0.249229E+00     0.278382E+00
  0.292763E+00     0.246876E+00     0.276091E+00     0.336317E+00     0.316741E+00
  0.293773E+00     0.431629E+00     0.306170E+00     0.374175E+00     0.347740E+00
  0.407371E+00     0.357873E+00     0.477638E+00     0.528126E+00     0.499781E+00
  0.458863E+00     0.676784E+00     0.579002E+00
 eigen energies, in ev
    -46.070494       -45.946581       -45.494250       -45.450735       -44.896177
    -29.606286       -28.762456       -28.705519       -28.547364       -28.522932
    -28.507018       -28.456898       -28.402462       -28.400576       -28.148411
    -28.054289       -28.046037       -28.045097       -28.038146       -28.003019
    -27.943634       -27.933870       -27.931682       -27.908789       -27.907039
    -27.862055       -27.857134       -27.845377       -27.840589       -27.823899
    -27.817935       -27.782279       -27.712431       -27.677059       -27.653667
    -27.647073       -27.621052       -27.563023       -27.552732       -27.527144
    -27.501720       -27.431259       -27.430150       -27.415710       -27.408630
    -27.384171       -27.342028       -27.338774       -27.322593       -27.312112
    -27.302367       -27.294046       -27.237214       -27.192285       -27.189521
    -27.135546       -27.092759       -27.092413       -27.052155       -27.033335
    -27.019279       -26.990336       -26.964562       -26.937507       -26.923154
    -26.913943       -26.913154       -26.903660       -26.878679       -26.871903
    -26.865722       -26.706015       -26.702160       -26.636605       -26.634853
    -26.620283       -26.602861       -26.561149       -26.542918       -26.379872
    -26.310238       -26.302066       -26.276486       -26.236012       -26.210678
    -26.135765       -26.082753       -25.993433       -25.986568       -25.977384
    -25.967010       -25.955671       -25.933987       -25.925907       -25.900454
    -25.873723       -25.839579       -25.823435       -25.818360       -25.802957
    -25.785320       -25.772162       -25.763469       -25.755375       -25.694864
    -25.666981       -25.655117       -25.653768       -25.628993       -25.589520
    -25.578457       -25.569074       -25.535598       -25.531735       -25.529056
    -25.526440       -25.510871       -25.468181       -25.407912       -25.391828
    -25.380153       -25.362061       -25.283756       -25.279554       -25.151385
    -25.114529       -25.070257       -25.068193       -25.052429       -24.965479
    -24.900332       -24.834404       -24.831606       -24.785611       -24.750116
    -24.738858       -24.734515       -24.546082       -24.486461       -24.467305
    -24.455041       -24.360740       -24.315884       -24.287979       -24.250180
    -24.232779       -24.082085       -23.830605       -23.808506       -23.766225
    -23.763061       -23.592386       -23.482995       -23.447231       -23.270170
    -23.057815       -23.047065       -22.860130       -22.649675       -22.640945
    -22.632852       -22.572376       -22.498339       -22.367808       -22.330154
    -22.312585       -22.285612       -22.214391       -22.172392       -22.074631
    -22.065385       -22.062660       -22.001664       -22.001173       -21.995296
    -21.990236       -21.977041       -21.905665       -21.896662       -21.827498
    -21.782582       -21.744833       -21.720943       -21.608428       -21.513540
    -21.470026       -21.360341       -21.358509       -21.003912       -20.737466
    -19.612091       -19.126834       -18.812868       -18.715777       -18.668829
    -16.529957       -15.999919       -15.936540       -15.788677       -15.750369
    -15.686780       -15.652771       -15.562485       -15.539478       -15.498001
    -15.453136       -15.450800       -15.436540       -15.433113       -15.432422
    -15.409421       -15.402988       -15.367522       -15.353283       -15.247177
    -15.117500       -15.099736       -15.074236       -15.023328       -14.846473
    -14.765931       -14.733144       -14.598776       -14.503122       -14.478756
    -14.426769       -14.340877       -14.229980       -14.215794       -14.214673
    -14.213738       -14.167987       -14.140349       -14.132141       -14.115230
    -14.082999       -14.078639       -14.029845       -14.018373       -13.991907
    -13.989321       -13.857098       -13.817124       -13.795429       -13.772981
    -13.764918       -13.748978       -13.678861       -13.642442       -13.627462
    -13.607701       -13.543215       -13.192075       -13.153423       -12.966751
    -12.958528       -12.946131       -12.894594       -12.870767       -12.799990
    -12.645189       -12.609502       -12.554961       -12.489181       -12.431452
    -12.418381       -12.258950       -12.218599       -12.197056       -12.105616
    -12.055255       -12.004812       -11.968226       -11.910826       -11.813172
    -11.800714       -11.797982       -11.785672       -11.744522       -11.669120
    -11.662310       -11.645997       -11.612311       -11.607423       -11.576031
    -11.562965       -11.536414       -11.534846       -11.526699       -11.482146
    -11.380638       -11.347222       -11.323693       -11.291885       -11.276501
    -11.243418       -11.231339       -11.214827       -11.203584       -11.180745
    -11.167610       -11.160218       -11.149416       -11.119677       -11.097240
    -11.029570       -10.936157       -10.899976       -10.839638       -10.834589
    -10.803678       -10.758695       -10.754141       -10.656637       -10.629454
    -10.606577       -10.580434       -10.492051       -10.488936       -10.468779
    -10.374712       -10.320702       -10.312076       -10.311443       -10.292812
    -10.273187       -10.269828       -10.244181       -10.230235       -10.221673
    -10.203561       -10.191549       -10.184168       -10.174202       -10.161746
    -10.138243       -10.130362       -10.127015       -10.107944       -10.097803
    -10.088552       -10.076071       -10.038399       -10.028762       -10.016647
    -10.008768       -10.001528        -9.998973        -9.984883        -9.975809
     -9.963180        -9.954103        -9.949045        -9.940566        -9.924561
     -9.918697        -9.903500        -9.900705        -9.893789        -9.885181
     -9.870045        -9.838674        -9.833641        -9.828203        -9.803649
     -9.794307        -9.789791        -9.780470        -9.755710        -9.742612
     -9.740862        -9.732279        -9.723503        -9.719884        -9.714755
     -9.700050        -9.691292        -9.664755        -9.659884        -9.656890
     -9.649526        -9.642343        -9.615695        -9.577930        -9.575473
     -9.557193        -9.533064        -9.523052        -9.474833        -9.469886
     -9.431264        -9.428190        -9.420561        -9.408364        -9.396787
     -9.389637        -9.376158        -9.372890        -9.344719        -9.340080
     -9.317770        -9.301232        -9.275843        -9.272606        -9.264680
     -9.263869        -9.237224        -9.236459        -9.232462        -9.214509
     -9.206389        -9.191887        -9.176430        -9.171218        -9.149411
     -9.128118        -9.121765        -9.120901        -9.109835        -9.092040
     -9.084125        -9.079615        -9.076071        -9.061643        -9.040647
     -9.029573        -9.018805        -9.012083        -8.999925        -8.987783
     -8.974629        -8.953444        -8.936557        -8.923887        -8.916299
     -8.903040        -8.898664        -8.862226        -8.856077        -8.826523
     -8.821996        -8.801351        -8.793346        -8.772551        -8.763805
     -8.753186        -8.736986        -8.723460        -8.707093        -8.699220
     -8.681150        -8.664153        -8.651569        -8.635976        -8.634708
     -8.619173        -8.598643        -8.595350        -8.575095        -8.569630
     -8.555220        -8.542471        -8.536943        -8.526077        -8.521038
     -8.508924        -8.504134        -8.491608        -8.472357        -8.466987
     -8.439922        -8.434678        -8.427707        -8.405545        -8.402364
     -8.388783        -8.383487        -8.369562        -8.351308        -8.336382
     -8.326343        -8.317725        -8.293626        -8.281671        -8.277614
     -8.255533        -8.233875        -8.220762        -8.214696        -8.207814
     -8.189042        -8.141246        -8.132233        -8.122356        -8.099358
     -8.094708        -8.088183        -8.081376        -8.070800        -8.035147
     -8.005386        -7.995195        -7.985098        -7.979786        -7.966163
     -7.957892        -7.951025        -7.947160        -7.921213        -7.913498
     -7.910465        -7.908045        -7.883971        -7.869133        -7.857287
     -7.796648        -7.785097        -7.780785        -7.744051        -7.719213
     -7.688991        -7.618078        -7.594919        -7.554274        -7.547410
     -7.517794        -7.469714        -7.450426        -7.442011        -7.434865
     -7.385174        -7.259008        -7.247005        -7.237677        -7.193879
     -7.190478        -7.162909        -7.157310        -7.132865        -7.085944
     -7.083602        -7.032112        -7.023657        -7.008986        -6.970326
     -6.959121        -6.938392        -6.916784        -6.897998        -6.861162
     -6.818064        -6.816513        -6.800855        -6.793911        -6.776885
     -6.766769        -6.735225        -6.730448        -6.721444        -6.713497
     -6.691544        -6.677878        -6.677179        -6.666338        -6.651850
     -6.642024        -6.636088        -6.629627        -6.621211        -6.606259
     -6.575731        -6.554648        -6.536447        -6.528330        -6.514385
     -6.507416        -6.503308        -6.491229        -6.479332        -6.476833
     -6.470967        -6.447291        -6.431021        -6.428389        -6.420895
     -6.411886        -6.403251        -6.400330        -6.378943        -6.366962
     -6.359332        -6.348845        -6.338340        -6.326291        -6.315231
     -6.310113        -6.306380        -6.299315        -6.292295        -6.279225
     -6.269439        -6.258013        -6.251797        -6.244972        -6.236202
     -6.230042        -6.218056        -6.200917        -6.194456        -6.180627
     -6.178876        -6.166340        -6.164640        -6.148147        -6.140446
     -6.125014        -6.110422        -6.102306        -6.086098        -6.065843
     -6.063641        -6.052379        -6.042556        -6.024699        -6.015672
     -6.010171        -6.001480        -5.982262        -5.970190        -5.969005
     -5.942459        -5.909052        -5.904982        -5.899863        -5.882403
     -5.877336        -5.871733        -5.853343        -5.846585        -5.835781
     -5.817832        -5.802778        -5.795019        -5.790142        -5.781368
     -5.777750        -5.768951        -5.766011        -5.756064        -5.753571
     -5.746592        -5.738432        -5.732217        -5.728219        -5.720952
     -5.711410        -5.700053        -5.698009        -5.688659        -5.683901
     -5.675169        -5.667259        -5.661705        -5.658105        -5.649725
     -5.638749        -5.627904        -5.615456        -5.612674        -5.598507
     -5.594824        -5.573839        -5.569126        -5.559624        -5.557291
     -5.551250        -5.549328        -5.545527        -5.544394        -5.530495
     -5.526346        -5.518398        -5.509112        -5.505061        -5.493918
     -5.489237        -5.482126        -5.479092        -5.466677        -5.456691
     -5.450491        -5.438599        -5.431357        -5.430137        -5.416204
     -5.401229        -5.396809        -5.392980        -5.389171        -5.386664
     -5.376716        -5.370984        -5.358304        -5.354859        -5.347431
     -5.344161        -5.331529        -5.328815        -5.322035        -5.309909
     -5.303405        -5.296688        -5.289315        -5.286976        -5.279934
     -5.275570        -5.269427        -5.263682        -5.254661        -5.249222
     -5.243913        -5.240365        -5.234206        -5.231404        -5.223924
     -5.192579        -5.190276        -5.182893        -5.179900        -5.170863
     -5.164137        -5.157378        -5.150830        -5.130666        -5.125426
     -5.121398        -5.114530        -5.112514        -5.103557        -5.097918
     -5.091468        -5.085140        -5.082485        -5.072358        -5.065409
     -5.060233        -5.059005        -5.044960        -5.037494        -5.031390
     -5.027925        -5.026118        -5.013111        -5.011579        -5.005564
     -4.992267        -4.984117        -4.973583        -4.959506        -4.955197
     -4.952602        -4.945415        -4.938551        -4.925537        -4.920802
     -4.915203        -4.912699        -4.900065        -4.895475        -4.891151
     -4.889983        -4.881004        -4.868826        -4.862248        -4.853048
     -4.851959        -4.843093        -4.833387        -4.829656        -4.814927
     -4.812293        -4.808141        -4.801318        -4.794423        -4.793721
     -4.786047        -4.777569        -4.773914        -4.768510        -4.749650
     -4.749200        -4.743708        -4.737646        -4.731858        -4.719848
     -4.715399        -4.703427        -4.692972        -4.689526        -4.675804
     -4.674480        -4.661690        -4.658426        -4.644907        -4.634627
     -4.631441        -4.628030        -4.623750        -4.619690        -4.610052
     -4.606247        -4.599941        -4.591749        -4.585797        -4.583972
     -4.581927        -4.578666        -4.567543        -4.562462        -4.554343
     -4.536914        -4.529086        -4.519342        -4.514712        -4.507821
     -4.500936        -4.491835        -4.484452        -4.476048        -4.468444
     -4.454373        -4.428483        -4.417838        -4.406446        -4.392364
     -4.386313        -4.370305        -4.362582        -4.360448        -4.356891
     -4.353120        -4.347028        -4.339738        -4.336167        -4.318836
     -4.311901        -4.303763        -4.298554        -4.289104        -4.273130
     -4.263923        -4.246384        -4.242587        -4.228734        -4.222757
     -4.206112        -4.202334        -4.173837        -4.165616        -4.152338
     -4.149074        -4.137932        -4.108972        -4.085956        -4.069775
     -4.064586        -4.042411        -4.028478        -4.020274        -4.008928
     -4.004666        -3.991690        -3.979602        -3.954595        -3.938170
     -3.928431        -3.923506        -3.890423        -3.871003        -3.860429
     -3.856977        -3.819197        -3.811056        -3.801111        -3.748771
     -3.716267        -3.657193        -3.653058        -3.642742        -3.610131
     -3.600244        -3.590695        -3.572735        -3.547695        -3.509877
     -3.493490        -3.470161        -3.466502        -3.437142        -3.418971
     -3.403521        -3.392563        -3.366561        -3.360018        -3.349275
     -3.283423        -3.273860        -3.240138        -3.233462        -3.225574
     -3.184996        -3.181137        -3.180551        -3.157907        -3.149671
     -3.130514        -3.122704        -3.121010        -3.102649        -3.079212
     -3.064865        -3.050773        -3.031331        -3.003543        -2.983459
     -2.968512        -2.960896        -2.946487        -2.933530        -2.921748
     -2.896314        -2.883512        -2.875062        -2.827718        -2.822948
     -2.820409        -2.807027        -2.798817        -2.794212        -2.775467
     -2.762888        -2.753542        -2.725035        -2.709067        -2.705397
     -2.688422        -2.640722        -2.617566        -2.596798        -2.592751
     -2.584790        -2.579825        -2.573600        -2.562985        -2.542095
     -2.494798        -2.442360        -2.399092        -2.392949        -2.360587
     -2.338990        -2.333020        -2.317096        -2.254986        -2.241048
     -2.215944        -2.147495        -2.138406        -1.960032        -1.825238
      1.363219         1.745404         1.987125         2.129122         2.190899
      2.496016         2.541549         2.580186         2.587193         2.631219
      2.772262         2.803395         3.015768         3.112607         3.261059
      3.385011         3.422031         3.469842         3.502780         3.542454
      3.567518         3.622960         3.637845         3.692330         3.700058
      3.754766         3.778467         3.821629         3.875956         3.908676
      3.931728         3.957605         3.988454         4.019988         4.022538
      4.048489         4.074584         4.116511         4.148782         4.160889
      4.179217         4.241274         4.252716         4.283633         4.309546
      4.326810         4.331432         4.355097         4.402898         4.418612
      4.483413         4.505827         4.531337         4.564848         4.622264
      4.696676         4.716627         4.781214
 *********************************
 sum eigen(dbl occ, ryd)=  -1546.44822080083     
 *********************************
 Ef(eV)= -0.743036854651850     
 ***************************************************
 iter=          12
 ---------------------------------------------------
 dvE, dvE(n)-dvE(n-1) = 0.1243E-04 0.3340E-05
 dv_ave, drho_tot     = 0.3525E-02 0.3654E-02
 err of ug            = 0.3130E-03
 ---------------------------------------------------
 Ewald        = -.41116881944013E+05
 Alpha        = 0.15207970391171E+04
 E_extV       = 0.00000000000000E+00    0.0000E+00
 E_NSC        = -.21465244457238E+05    0.3669E+02
 E[-rho*V_Hxc]= -.12383646884346E+06    -.3617E+02
 E_Hxc        = 0.51994858903350E+05    0.2915E+02
 -TS          = -.35505862142729E-26    0.3624E-33
 E_tot(eV)    = -.13290293930224E+06    0.5225E+00
 ---------------------------------------------------
 E_ion,E_coul,E_xc =   -224674.4535238   80786.9943557  -28792.1354524
Ewald+Hart+ion    -0.1850043411121E+06
 ave(vtot)=ave_(V_xc)=: v0= -0.284820211036412     
 Eigen energies are values after setting ave_vtot=0
 ----------------------------------
 One SCF use:    85.9998009204865       s
 *********************************
 ****** kpt=           1
 err of each states, eV
  0.106765E-01     0.709331E-02     0.737653E-02     0.990700E-02     0.965668E-02
  0.317741E-02     0.426398E-02     0.253888E-02     0.439662E-02     0.382513E-02
  0.391434E-02     0.515568E-02     0.491981E-02     0.502027E-02     0.371125E-02
  0.432093E-02     0.435607E-02     0.523850E-02     0.383513E-02     0.434750E-02
  0.401226E-02     0.471730E-02     0.232919E-02     0.185799E-02     0.241296E-02
  0.209108E-02     0.361185E-02     0.244166E-02     0.262530E-02     0.250153E-02
  0.259721E-02     0.417746E-02     0.209564E-02     0.211141E-02     0.499304E-02
  0.362641E-02     0.111920E-02     0.344875E-02     0.452413E-02     0.290136E-02
  0.248991E-02     0.425196E-02     0.201103E-02     0.310806E-02     0.209832E-02
  0.441224E-02     0.197733E-02     0.236744E-02     0.213773E-02     0.306742E-02
  0.255789E-02     0.213164E-02     0.299808E-02     0.362177E-02     0.260734E-02
  0.255550E-02     0.214588E-02     0.194316E-02     0.363613E-02     0.303807E-02
  0.145184E-02     0.120126E-02     0.158423E-02     0.337772E-02     0.223004E-02
  0.300971E-02     0.296354E-02     0.284804E-02     0.303859E-02     0.138514E-02
  0.194317E-02     0.242628E-02     0.406422E-02     0.282535E-02     0.121973E-02
  0.121667E-02     0.242111E-02     0.399564E-02     0.194263E-02     0.301371E-02
  0.262007E-02     0.153913E-02     0.194182E-02     0.107037E-02     0.301661E-02
  0.208111E-02     0.433151E-02     0.291763E-02     0.153216E-02     0.127238E-02
  0.304340E-02     0.207325E-02     0.183035E-02     0.131970E-02     0.163238E-02
  0.238700E-02     0.187726E-02     0.226878E-02     0.963130E-03     0.144557E-02
  0.163592E-02     0.151918E-02     0.237201E-02     0.149859E-02     0.134417E-02
  0.292708E-02     0.181909E-02     0.209586E-02     0.130070E-02     0.419202E-02
  0.213496E-02     0.194292E-02     0.206068E-02     0.149291E-02     0.121112E-02
  0.169694E-02     0.205857E-02     0.100229E-02     0.149275E-02     0.293040E-02
  0.965756E-03     0.157857E-02     0.131196E-02     0.177365E-02     0.217970E-02
  0.244854E-02     0.982431E-03     0.102210E-02     0.858964E-03     0.112461E-02
  0.998182E-03     0.132220E-02     0.837949E-03     0.276492E-02     0.120966E-02
  0.100420E-02     0.339837E-02     0.123842E-02     0.264920E-02     0.216381E-02
  0.256260E-02     0.230246E-02     0.252728E-02     0.212123E-02     0.266592E-02
  0.227350E-02     0.209820E-02     0.240019E-02     0.193303E-02     0.247935E-02
  0.200751E-02     0.249148E-02     0.199777E-02     0.247455E-02     0.219563E-02
  0.365246E-02     0.223234E-02     0.300955E-02     0.343162E-02     0.320420E-02
  0.331778E-02     0.255391E-02     0.278755E-02     0.279510E-02     0.311445E-02
  0.317834E-02     0.312296E-02     0.249230E-02     0.262845E-02     0.301763E-02
  0.217711E-02     0.223551E-02     0.388542E-02     0.228928E-02     0.218303E-02
  0.349195E-02     0.193819E-02     0.183583E-02     0.209037E-02     0.304664E-02
  0.240962E-02     0.226477E-02     0.285914E-02     0.200448E-02     0.280730E-02
  0.260294E-02     0.200803E-02     0.255606E-02     0.243833E-02     0.219130E-02
  0.402788E-02     0.332344E-02     0.287908E-02     0.288510E-02     0.371314E-02
  0.438524E-02     0.342080E-02     0.322663E-02     0.271686E-02     0.302295E-02
  0.343046E-02     0.378618E-02     0.381856E-02     0.372932E-02     0.276613E-02
  0.367086E-02     0.319279E-02     0.263871E-02     0.314940E-02     0.321910E-02
  0.409926E-02     0.473575E-02     0.318207E-02     0.341727E-02     0.314535E-02
  0.314771E-02     0.238871E-02     0.319860E-02     0.324114E-02     0.286240E-02
  0.269938E-02     0.286484E-02     0.290813E-02     0.232865E-02     0.407265E-02
  0.465354E-02     0.243742E-02     0.302339E-02     0.327941E-02     0.482561E-02
  0.233124E-02     0.223396E-02     0.260784E-02     0.354741E-02     0.249371E-02
  0.336547E-02     0.341546E-02     0.358706E-02     0.365443E-02     0.355648E-02
  0.429520E-02     0.235735E-02     0.430542E-02     0.373420E-02     0.400560E-02
  0.451045E-02     0.194203E-02     0.210069E-02     0.353245E-02     0.386115E-02
  0.410232E-02     0.409409E-02     0.371576E-02     0.356702E-02     0.385988E-02
  0.339116E-02     0.358361E-02     0.366743E-02     0.319845E-02     0.330021E-02
  0.240123E-02     0.294826E-02     0.279722E-02     0.416036E-02     0.297448E-02
  0.503353E-02     0.504573E-02     0.413744E-02     0.362817E-02     0.339524E-02
  0.401741E-02     0.511863E-02     0.386726E-02     0.353282E-02     0.443887E-02
  0.441675E-02     0.404725E-02     0.449843E-02     0.408904E-02     0.269689E-02
  0.504062E-02     0.408457E-02     0.279119E-02     0.324739E-02     0.357853E-02
  0.476562E-02     0.333087E-02     0.491958E-02     0.401777E-02     0.344943E-02
  0.392930E-02     0.306606E-02     0.494464E-02     0.462299E-02     0.344498E-02
  0.376087E-02     0.402748E-02     0.338771E-02     0.365598E-02     0.493646E-02
  0.317839E-02     0.559195E-02     0.443188E-02     0.436543E-02     0.422405E-02
  0.433799E-02     0.478245E-02     0.363452E-02     0.524320E-02     0.346920E-02
  0.371536E-02     0.373054E-02     0.350280E-02     0.652768E-02     0.396632E-02
  0.534939E-02     0.377167E-02     0.404034E-02     0.553571E-02     0.367042E-02
  0.411310E-02     0.359995E-02     0.526431E-02     0.456042E-02     0.723950E-02
  0.444553E-02     0.457671E-02     0.534295E-02     0.481752E-02     0.380601E-02
  0.544270E-02     0.424287E-02     0.407232E-02     0.388112E-02     0.439912E-02
  0.602589E-02     0.579680E-02     0.525296E-02     0.594839E-02     0.548425E-02
  0.623959E-02     0.545711E-02     0.449870E-02     0.296677E-02     0.631960E-02
  0.416023E-02     0.651341E-02     0.503534E-02     0.490116E-02     0.530310E-02
  0.459931E-02     0.492949E-02     0.468645E-02     0.568631E-02     0.411896E-02
  0.429543E-02     0.332795E-02     0.422658E-02     0.354748E-02     0.441781E-02
  0.422616E-02     0.457405E-02     0.481450E-02     0.458220E-02     0.419228E-02
  0.409439E-02     0.405871E-02     0.468672E-02     0.458648E-02     0.490287E-02
  0.484550E-02     0.449239E-02     0.456776E-02     0.444365E-02     0.519039E-02
  0.500831E-02     0.468715E-02     0.570803E-02     0.423404E-02     0.517271E-02
  0.518560E-02     0.551865E-02     0.431752E-02     0.526458E-02     0.474371E-02
  0.588018E-02     0.536634E-02     0.464399E-02     0.376963E-02     0.459210E-02
  0.460216E-02     0.445543E-02     0.360825E-02     0.420502E-02     0.422864E-02
  0.415230E-02     0.394777E-02     0.316206E-02     0.480317E-02     0.477806E-02
  0.462763E-02     0.532756E-02     0.488811E-02     0.542286E-02     0.516786E-02
  0.460658E-02     0.525931E-02     0.477279E-02     0.500931E-02     0.492899E-02
  0.480109E-02     0.502850E-02     0.721150E-02     0.464982E-02     0.490842E-02
  0.448182E-02     0.356881E-02     0.540666E-02     0.484893E-02     0.531058E-02
  0.395933E-02     0.552860E-02     0.525191E-02     0.548288E-02     0.479653E-02
  0.698382E-02     0.484510E-02     0.619931E-02     0.621467E-02     0.454361E-02
  0.446456E-02     0.501280E-02     0.537696E-02     0.582201E-02     0.568287E-02
  0.505298E-02     0.471675E-02     0.538434E-02     0.311242E-02     0.477381E-02
  0.321672E-02     0.516568E-02     0.441078E-02     0.514729E-02     0.465533E-02
  0.520352E-02     0.420652E-02     0.374369E-02     0.468233E-02     0.517671E-02
  0.546627E-02     0.500011E-02     0.529623E-02     0.461681E-02     0.558389E-02
  0.505154E-02     0.571157E-02     0.488393E-02     0.480330E-02     0.469235E-02
  0.468874E-02     0.472006E-02     0.453702E-02     0.428703E-02     0.454661E-02
  0.472236E-02     0.505146E-02     0.529536E-02     0.498766E-02     0.520017E-02
  0.477156E-02     0.451649E-02     0.526641E-02     0.467973E-02     0.492165E-02
  0.493977E-02     0.463662E-02     0.517458E-02     0.577480E-02     0.526917E-02
  0.572356E-02     0.544938E-02     0.549041E-02     0.504278E-02     0.544156E-02
  0.539687E-02     0.539939E-02     0.501995E-02     0.375462E-02     0.492702E-02
  0.527657E-02     0.566410E-02     0.586953E-02     0.588979E-02     0.521268E-02
  0.576030E-02     0.567924E-02     0.560684E-02     0.529243E-02     0.539873E-02
  0.504592E-02     0.463936E-02     0.466646E-02     0.526375E-02     0.315941E-02
  0.585889E-02     0.727143E-02     0.430347E-02     0.484092E-02     0.552386E-02
  0.481033E-02     0.566403E-02     0.471455E-02     0.433448E-02     0.415603E-02
  0.460618E-02     0.466067E-02     0.569494E-02     0.627102E-02     0.535728E-02
  0.576260E-02     0.715047E-02     0.427518E-02     0.538063E-02     0.526594E-02
  0.641732E-02     0.589200E-02     0.849519E-02     0.388141E-02     0.394366E-02
  0.341915E-02     0.437760E-02     0.483587E-02     0.496895E-02     0.539178E-02
  0.569555E-02     0.397981E-02     0.627995E-02     0.381042E-02     0.430516E-02
  0.415852E-02     0.435741E-02     0.467410E-02     0.549173E-02     0.501263E-02
  0.510996E-02     0.611667E-02     0.489106E-02     0.508831E-02     0.447052E-02
  0.555334E-02     0.598691E-02     0.552531E-02     0.668028E-02     0.660071E-02
  0.666487E-02     0.525012E-02     0.569884E-02     0.511740E-02     0.491928E-02
  0.463955E-02     0.605534E-02     0.645291E-02     0.686950E-02     0.551712E-02
  0.567191E-02     0.543285E-02     0.534411E-02     0.552805E-02     0.453612E-02
  0.546744E-02     0.504972E-02     0.504836E-02     0.711818E-02     0.480479E-02
  0.576496E-02     0.472989E-02     0.445876E-02     0.409753E-02     0.534786E-02
  0.624015E-02     0.604806E-02     0.477744E-02     0.451120E-02     0.522036E-02
  0.422156E-02     0.614219E-02     0.541582E-02     0.500403E-02     0.602628E-02
  0.602949E-02     0.558409E-02     0.521895E-02     0.507819E-02     0.505839E-02
  0.530311E-02     0.550632E-02     0.481514E-02     0.468420E-02     0.456548E-02
  0.608956E-02     0.551503E-02     0.508027E-02     0.507598E-02     0.582023E-02
  0.385383E-02     0.519688E-02     0.445573E-02     0.482051E-02     0.491343E-02
  0.426563E-02     0.501931E-02     0.618780E-02     0.724687E-02     0.535735E-02
  0.417085E-02     0.433131E-02     0.598020E-02     0.432386E-02     0.589463E-02
  0.435634E-02     0.523812E-02     0.553711E-02     0.442650E-02     0.699055E-02
  0.513782E-02     0.524136E-02     0.574841E-02     0.461023E-02     0.440687E-02
  0.907722E-02     0.528039E-02     0.470332E-02     0.493176E-02     0.521450E-02
  0.508749E-02     0.509512E-02     0.849140E-02     0.499007E-02     0.432820E-02
  0.492804E-02     0.358905E-02     0.393436E-02     0.533529E-02     0.360116E-02
  0.371565E-02     0.493209E-02     0.464526E-02     0.494711E-02     0.428891E-02
  0.473263E-02     0.547062E-02     0.564878E-02     0.520978E-02     0.373263E-02
  0.377918E-02     0.427207E-02     0.525448E-02     0.425295E-02     0.479116E-02
  0.471783E-02     0.460296E-02     0.589745E-02     0.702449E-02     0.451021E-02
  0.370795E-02     0.438347E-02     0.560657E-02     0.674717E-02     0.804439E-02
  0.400500E-02     0.425340E-02     0.506156E-02     0.439430E-02     0.510949E-02
  0.458120E-02     0.502816E-02     0.562665E-02     0.529880E-02     0.625315E-02
  0.529330E-02     0.558327E-02     0.588590E-02     0.592562E-02     0.556068E-02
  0.504196E-02     0.477294E-02     0.565020E-02     0.739980E-02     0.491604E-02
  0.630275E-02     0.553429E-02     0.470347E-02     0.458478E-02     0.648508E-02
  0.570415E-02     0.582120E-02     0.517903E-02     0.554079E-02     0.611644E-02
  0.530963E-02     0.533576E-02     0.484481E-02     0.457840E-02     0.477713E-02
  0.477055E-02     0.565879E-02     0.592888E-02     0.465276E-02     0.553548E-02
  0.518059E-02     0.488326E-02     0.470382E-02     0.557451E-02     0.513817E-02
  0.494795E-02     0.578357E-02     0.489182E-02     0.492415E-02     0.524220E-02
  0.503855E-02     0.444483E-02     0.569583E-02     0.592775E-02     0.711142E-02
  0.670696E-02     0.565811E-02     0.549125E-02     0.653112E-02     0.654786E-02
  0.673442E-02     0.615558E-02     0.540506E-02     0.730774E-02     0.531180E-02
  0.520343E-02     0.535785E-02     0.638203E-02     0.639466E-02     0.598898E-02
  0.773852E-02     0.626084E-02     0.433267E-02     0.539243E-02     0.569066E-02
  0.573938E-02     0.552225E-02     0.606944E-02     0.724125E-02     0.588552E-02
  0.574180E-02     0.670550E-02     0.555484E-02     0.657819E-02     0.622720E-02
  0.593001E-02     0.622502E-02     0.473192E-02     0.564169E-02     0.694827E-02
  0.511142E-02     0.620353E-02     0.521467E-02     0.468944E-02     0.566039E-02
  0.679973E-02     0.621545E-02     0.523140E-02     0.598438E-02     0.582458E-02
  0.680198E-02     0.689330E-02     0.575454E-02     0.603723E-02     0.651600E-02
  0.546958E-02     0.391691E-02     0.621860E-02     0.625554E-02     0.484741E-02
  0.521029E-02     0.756708E-02     0.470924E-02     0.517664E-02     0.791978E-02
  0.653200E-02     0.432526E-02     0.603467E-02     0.595811E-02     0.623446E-02
  0.751154E-02     0.581163E-02     0.608346E-02     0.603860E-02     0.541729E-02
  0.522275E-02     0.680889E-02     0.512178E-02     0.448421E-02     0.542826E-02
  0.558604E-02     0.500308E-02     0.531074E-02     0.621187E-02     0.605232E-02
  0.598780E-02     0.550827E-02     0.672673E-02     0.788666E-02     0.741421E-02
  0.621289E-02     0.665893E-02     0.547955E-02     0.724868E-02     0.572688E-02
  0.604191E-02     0.628644E-02     0.525957E-02     0.530963E-02     0.590648E-02
  0.705114E-02     0.820704E-02     0.669789E-02     0.696084E-02     0.658934E-02
  0.742509E-02     0.774511E-02     0.660012E-02     0.780393E-02     0.587909E-02
  0.873722E-02     0.725132E-02     0.496723E-02     0.552565E-02     0.584614E-02
  0.425064E-02     0.642802E-02     0.646600E-02     0.559175E-02     0.590893E-02
  0.790867E-02     0.525743E-02     0.482606E-02     0.580528E-02     0.563723E-02
  0.643592E-02     0.652872E-02     0.787390E-02     0.857068E-02     0.750545E-02
  0.360788E-02     0.759492E-02     0.768845E-02     0.895402E-02     0.780752E-02
  0.718234E-02     0.447073E-02     0.834243E-02     0.766243E-02     0.639056E-02
  0.636574E-02     0.556633E-02     0.784237E-02     0.483846E-02     0.711329E-02
  0.575936E-02     0.830444E-02     0.784648E-02     0.849228E-02     0.888552E-02
  0.737009E-02     0.581095E-02     0.819086E-02     0.840842E-02     0.771875E-02
  0.833300E-02     0.786583E-02     0.802046E-02     0.816032E-02     0.736679E-02
  0.729236E-02     0.705049E-02     0.744260E-02     0.669469E-02     0.961550E-02
  0.641745E-02     0.623948E-02     0.626641E-02     0.868116E-02     0.622093E-02
  0.786481E-02     0.753954E-02     0.861878E-02     0.675472E-02     0.748618E-02
  0.707151E-02     0.813216E-02     0.681782E-02     0.890058E-02     0.786262E-02
  0.766328E-02     0.113011E-01     0.736481E-02     0.690277E-02     0.727452E-02
  0.784265E-02     0.689441E-02     0.804123E-02     0.605531E-02     0.789333E-02
  0.844146E-02     0.645940E-02     0.956209E-02     0.833053E-02     0.901490E-02
  0.793810E-02     0.845039E-02     0.871500E-02     0.860563E-02     0.849274E-02
  0.721725E-02     0.830906E-02     0.698284E-02     0.695430E-02     0.764218E-02
  0.867717E-02     0.779339E-02     0.769899E-02     0.784910E-02     0.806671E-02
  0.103341E-01     0.676880E-02     0.693175E-02     0.783994E-02     0.676600E-02
  0.711008E-02     0.881176E-02     0.916664E-02     0.789228E-02     0.782111E-02
  0.816046E-02     0.693820E-02     0.634057E-02     0.834736E-02     0.728287E-02
  0.656331E-02     0.768171E-02     0.780191E-02     0.751439E-02     0.521114E-02
  0.726061E-02     0.880069E-02     0.795967E-02     0.797037E-02     0.945611E-02
  0.602799E-02     0.527172E-02     0.617079E-02     0.941383E-02     0.866621E-02
  0.459646E-02     0.104044E-01     0.405823E-02     0.446075E-02     0.457889E-02
  0.538594E-02     0.406850E-02     0.108081E-01     0.749986E-02     0.594166E-02
  0.187906E-01     0.178664E-01     0.170463E-01     0.243056E-01     0.240708E-01
  0.358647E-01     0.421434E-01     0.360346E-01     0.289722E-01     0.331512E-01
  0.315197E-01     0.330649E-01     0.688763E-01     0.762705E-01     0.985747E-01
  0.764095E-01     0.114433E+00     0.106140E+00     0.113379E+00     0.111838E+00
  0.130825E+00     0.773539E-01     0.131302E+00     0.119478E+00     0.147538E+00
  0.164259E+00     0.155084E+00     0.133123E+00     0.162460E+00     0.182717E+00
  0.175576E+00     0.159435E+00     0.211658E+00     0.207914E+00     0.204520E+00
  0.211722E+00     0.187151E+00     0.298072E+00     0.242954E+00     0.271308E+00
  0.299676E+00     0.242207E+00     0.264367E+00     0.263587E+00     0.343977E+00
  0.389012E+00     0.298617E+00     0.360133E+00     0.309306E+00     0.415731E+00
  0.526333E+00     0.391873E+00     0.513493E+00     0.584888E+00     0.444429E+00
  0.582989E+00     0.520573E+00     0.800011E+00
 eigen energies, in ev
    -45.762363       -45.622575       -45.243139       -45.144786       -44.590762
    -29.526844       -28.793291       -28.681854       -28.623576       -28.613272
    -28.582886       -28.516662       -28.496668       -28.459993       -28.208187
    -28.130520       -28.113889       -28.103758       -28.044523       -28.020808
    -28.002532       -27.994686       -27.974000       -27.936552       -27.916650
    -27.907078       -27.906916       -27.873607       -27.847451       -27.840948
    -27.838150       -27.783341       -27.753744       -27.727940       -27.717730
    -27.667532       -27.656113       -27.626550       -27.568071       -27.566025
    -27.500272       -27.486908       -27.485519       -27.483301       -27.475822
    -27.464109       -27.374017       -27.361221       -27.358455       -27.318638
    -27.302950       -27.261532       -27.256889       -27.253020       -27.190857
    -27.144113       -27.143914       -27.113437       -27.088397       -27.079857
    -27.065349       -27.044613       -27.036646       -26.989739       -26.983058
    -26.972606       -26.961321       -26.960181       -26.959051       -26.927270
    -26.838566       -26.767057       -26.734743       -26.706281       -26.672771
    -26.659008       -26.656671       -26.628446       -26.608548       -26.427302
    -26.345943       -26.327240       -26.305332       -26.302224       -26.282615
    -26.191393       -26.149352       -26.070860       -26.039502       -26.033433
    -26.026098       -26.011920       -25.993465       -25.986622       -25.951748
    -25.940409       -25.908116       -25.858795       -25.848223       -25.827168
    -25.810526       -25.809787       -25.792500       -25.790381       -25.762374
    -25.726656       -25.707251       -25.681115       -25.670973       -25.661698
    -25.647385       -25.636194       -25.582541       -25.582317       -25.572926
    -25.557303       -25.553933       -25.533516       -25.481054       -25.454500
    -25.417189       -25.346490       -25.307344       -25.189778       -25.169629
    -25.164303       -25.100694       -25.091536       -25.076623       -24.970860
    -24.887524       -24.859713       -24.825043       -24.792058       -24.787591
    -24.753762       -24.574228       -24.510250       -24.359085       -24.281085
    -24.261704       -24.196216       -24.167829       -24.132113       -24.129507
    -24.047202       -23.999440       -23.719739       -23.699221       -23.633475
    -23.570802       -23.508617       -23.263283       -23.252492       -23.233843
    -23.115331       -23.001850       -22.905853       -22.702247       -22.692061
    -22.637962       -22.556911       -22.498236       -22.331346       -22.331118
    -22.173391       -22.102158       -22.094261       -22.029802       -22.026609
    -22.023345       -21.997790       -21.927627       -21.896628       -21.889823
    -21.873397       -21.871873       -21.819273       -21.770019       -21.767521
    -21.699233       -21.685318       -21.608949       -21.526952       -21.422120
    -21.297633       -21.283233       -21.267189       -20.958542       -20.675335
    -19.480743       -19.029902       -18.744288       -18.624016       -18.616572
    -16.327909       -16.061950       -15.952057       -15.824764       -15.616551
    -15.590560       -15.542265       -15.523957       -15.499156       -15.495081
    -15.485678       -15.483376       -15.476120       -15.417998       -15.414668
    -15.404265       -15.252860       -15.224628       -15.177222       -15.121027
    -15.110833       -15.108152       -15.053230       -14.948206       -14.887912
    -14.843309       -14.783416       -14.522495       -14.472990       -14.400178
    -14.393686       -14.269088       -14.267457       -14.257867       -14.230903
    -14.193789       -14.180748       -14.142093       -14.126883       -14.080028
    -14.037271       -14.029577       -13.940188       -13.881330       -13.821041
    -13.816260       -13.815438       -13.790553       -13.738299       -13.729143
    -13.698219       -13.695393       -13.677418       -13.653282       -13.629083
    -13.566366       -13.361586       -13.257098       -13.186054       -13.022082
    -13.012542       -12.956254       -12.944666       -12.906902       -12.865496
    -12.685655       -12.665821       -12.603995       -12.506795       -12.466495
    -12.351187       -12.256663       -12.198916       -12.158153       -12.105407
    -12.088404       -12.026542       -11.869387       -11.846836       -11.834196
    -11.807621       -11.748072       -11.742231       -11.721444       -11.681792
    -11.667555       -11.652659       -11.623839       -11.601203       -11.589662
    -11.571057       -11.533678       -11.516419       -11.480290       -11.458105
    -11.362643       -11.290797       -11.263486       -11.258105       -11.234850
    -11.210789       -11.209399       -11.197867       -11.194586       -11.191860
    -11.168011       -11.158323       -11.100128       -11.088108       -11.023368
    -10.995442       -10.977578       -10.951509       -10.900534       -10.891385
    -10.843360       -10.803539       -10.765770       -10.670860       -10.594915
    -10.590128       -10.571351       -10.558275       -10.556260       -10.435204
    -10.420242       -10.397756       -10.375713       -10.363522       -10.298690
    -10.294309       -10.260547       -10.255401       -10.241194       -10.235193
    -10.225931       -10.211652       -10.201383       -10.180404       -10.177034
    -10.168070       -10.150377       -10.144629       -10.103056       -10.090714
    -10.073340       -10.066018       -10.048216       -10.023971       -10.009657
    -10.005590       -10.002401        -9.984886        -9.981462        -9.978894
     -9.973023        -9.969326        -9.948510        -9.933320        -9.921856
     -9.908630        -9.889438        -9.880453        -9.865827        -9.857149
     -9.853171        -9.835739        -9.830732        -9.821449        -9.810873
     -9.781822        -9.779649        -9.770922        -9.761871        -9.753750
     -9.745174        -9.736001        -9.718342        -9.713797        -9.700135
     -9.698202        -9.691454        -9.684594        -9.668326        -9.659111
     -9.647885        -9.632997        -9.625355        -9.592480        -9.589589
     -9.573738        -9.524600        -9.477671        -9.476103        -9.463995
     -9.460109        -9.451739        -9.448901        -9.435979        -9.428461
     -9.426545        -9.418713        -9.376038        -9.363853        -9.343549
     -9.337880        -9.324285        -9.318721        -9.290680        -9.285030
     -9.254749        -9.251557        -9.239879        -9.237462        -9.225447
     -9.214620        -9.212520        -9.184303        -9.171321        -9.165691
     -9.152456        -9.151236        -9.137385        -9.131032        -9.122100
     -9.118059        -9.096554        -9.095174        -9.088149        -9.071580
     -9.069195        -9.039094        -9.031499        -9.007852        -8.991720
     -8.978634        -8.966510        -8.954372        -8.947936        -8.930588
     -8.917121        -8.910002        -8.887370        -8.859311        -8.847198
     -8.840208        -8.821538        -8.789007        -8.784250        -8.736492
     -8.727036        -8.725171        -8.698936        -8.688967        -8.680624
     -8.657181        -8.644583        -8.631832        -8.618626        -8.585338
     -8.577484        -8.573273        -8.557178        -8.549759        -8.522094
     -8.518885        -8.510849        -8.483194        -8.478339        -8.474860
     -8.471630        -8.446901        -8.437474        -8.434443        -8.420067
     -8.411897        -8.396996        -8.389938        -8.376961        -8.375246
     -8.353697        -8.345196        -8.326051        -8.321914        -8.317613
     -8.306489        -8.287515        -8.257002        -8.248062        -8.232382
     -8.216462        -8.196475        -8.184731        -8.175715        -8.152161
     -8.138117        -8.125705        -8.114769        -8.089255        -8.062764
     -8.053373        -8.039129        -8.031686        -8.017534        -8.015146
     -8.011671        -7.993290        -7.978093        -7.972130        -7.940168
     -7.874024        -7.858455        -7.845865        -7.810902        -7.804851
     -7.798076        -7.794370        -7.793034        -7.776014        -7.770651
     -7.755291        -7.703846        -7.669635        -7.644635        -7.634140
     -7.607483        -7.598974        -7.576964        -7.539970        -7.510485
     -7.498567        -7.441893        -7.418612        -7.412779        -7.384418
     -7.327581        -7.240095        -7.234173        -7.229813        -7.201994
     -7.189144        -7.170442        -7.141292        -7.100586        -7.074102
     -7.054733        -7.006283        -6.998193        -6.963591        -6.896479
     -6.854107        -6.844890        -6.830313        -6.822710        -6.819982
     -6.800771        -6.785788        -6.770020        -6.764355        -6.746664
     -6.742778        -6.728960        -6.719525        -6.699204        -6.690164
     -6.686364        -6.671859        -6.663343        -6.654231        -6.647487
     -6.626869        -6.613122        -6.602479        -6.586008        -6.567190
     -6.562404        -6.550962        -6.541536        -6.532774        -6.515724
     -6.508190        -6.491755        -6.483064        -6.475427        -6.463989
     -6.456552        -6.450110        -6.442944        -6.425961        -6.416501
     -6.405814        -6.388086        -6.371367        -6.362173        -6.357354
     -6.345390        -6.338263        -6.330117        -6.323873        -6.310962
     -6.306372        -6.302082        -6.296931        -6.283890        -6.282782
     -6.268590        -6.261917        -6.256534        -6.255845        -6.247453
     -6.234117        -6.228222        -6.210258        -6.202409        -6.199924
     -6.191081        -6.164469        -6.155344        -6.138528        -6.110346
     -6.109605        -6.102413        -6.086721        -6.082790        -6.073066
     -6.051437        -6.039604        -6.026590        -6.021616        -5.998444
     -5.995744        -5.990467        -5.977256        -5.962284        -5.957325
     -5.946654        -5.931310        -5.924245        -5.915475        -5.905190
     -5.897355        -5.895162        -5.881579        -5.861166        -5.844958
     -5.830028        -5.817035        -5.808744        -5.797738        -5.791664
     -5.782585        -5.777871        -5.768040        -5.764426        -5.757098
     -5.751364        -5.746518        -5.733567        -5.723816        -5.721734
     -5.715752        -5.704904        -5.684496        -5.676679        -5.665923
     -5.661614        -5.652582        -5.648255        -5.641509        -5.630296
     -5.622260        -5.610850        -5.606556        -5.589751        -5.583677
     -5.574510        -5.561016        -5.559033        -5.552198        -5.549588
     -5.546865        -5.542321        -5.525520        -5.518974        -5.515138
     -5.513571        -5.503517        -5.494343        -5.487046        -5.481547
     -5.475074        -5.469598        -5.465563        -5.458611        -5.454369
     -5.451548        -5.444552        -5.442425        -5.430758        -5.427600
     -5.422164        -5.418853        -5.416661        -5.406860        -5.397529
     -5.392152        -5.376195        -5.372779        -5.351682        -5.345361
     -5.339041        -5.335448        -5.328725        -5.321494        -5.314381
     -5.307128        -5.299871        -5.292839        -5.287543        -5.279857
     -5.271848        -5.260188        -5.252261        -5.251396        -5.233600
     -5.228309        -5.224419        -5.206697        -5.204039        -5.192069
     -5.185193        -5.182518        -5.175171        -5.163946        -5.159414
     -5.153474        -5.150084        -5.146816        -5.141597        -5.137033
     -5.127538        -5.123507        -5.118014        -5.107627        -5.100575
     -5.093484        -5.091292        -5.083238        -5.077108        -5.070706
     -5.059518        -5.055602        -5.048545        -5.039782        -5.031481
     -5.028193        -5.019420        -5.017149        -5.003482        -4.992127
     -4.988212        -4.986386        -4.976547        -4.965194        -4.957407
     -4.951493        -4.949998        -4.939983        -4.927601        -4.923798
     -4.915493        -4.908926        -4.906067        -4.891505        -4.878467
     -4.872548        -4.868307        -4.864525        -4.859612        -4.855386
     -4.853575        -4.844847        -4.842429        -4.834722        -4.825208
     -4.817872        -4.801766        -4.797107        -4.788838        -4.780642
     -4.768433        -4.760254        -4.754681        -4.749211        -4.743113
     -4.723634        -4.716870        -4.714407        -4.711156        -4.708740
     -4.703467        -4.697040        -4.693545        -4.679707        -4.673813
     -4.665328        -4.660978        -4.660718        -4.654556        -4.650758
     -4.643470        -4.639477        -4.632515        -4.621055        -4.615822
     -4.597804        -4.595376        -4.585890        -4.580549        -4.572073
     -4.551409        -4.537707        -4.532634        -4.529337        -4.519431
     -4.504964        -4.501308        -4.497276        -4.484924        -4.475769
     -4.465670        -4.448884        -4.446151        -4.440792        -4.436419
     -4.411809        -4.407537        -4.399419        -4.389778        -4.388735
     -4.372003        -4.358736        -4.350408        -4.345955        -4.339476
     -4.320293        -4.313383        -4.278597        -4.273315        -4.272664
     -4.255106        -4.249065        -4.240651        -4.230391        -4.228173
     -4.214968        -4.191329        -4.186756        -4.165867        -4.149647
     -4.129178        -4.122472        -4.105523        -4.101013        -4.087017
     -4.085937        -4.074947        -4.052900        -4.045215        -4.021300
     -4.015821        -3.990876        -3.987437        -3.971517        -3.949728
     -3.932053        -3.926265        -3.920547        -3.908123        -3.885033
     -3.863140        -3.848246        -3.823606        -3.807719        -3.806867
     -3.788971        -3.783768        -3.767131        -3.754746        -3.733221
     -3.696131        -3.692190        -3.682514        -3.678553        -3.609299
     -3.606001        -3.559196        -3.512359        -3.508152        -3.495531
     -3.478130        -3.425502        -3.384596        -3.366054        -3.341956
     -3.332195        -3.311461        -3.278006        -3.261931        -3.253520
     -3.243896        -3.240276        -3.233372        -3.223488        -3.192853
     -3.161683        -3.157478        -3.118172        -3.090980        -3.081356
     -3.067228        -3.031789        -3.027738        -2.995419        -2.984600
     -2.967810        -2.961896        -2.955125        -2.933510        -2.930293
     -2.914466        -2.902742        -2.895477        -2.892454        -2.882075
     -2.857708        -2.842223        -2.821503        -2.817291        -2.815541
     -2.809794        -2.797592        -2.790776        -2.776717        -2.753367
     -2.722964        -2.709875        -2.696909        -2.674521        -2.629619
     -2.616122        -2.609745        -2.605112        -2.600857        -2.554952
     -2.518352        -2.507004        -2.502309        -2.497853        -2.492646
     -2.472945        -2.451330        -2.438912        -2.394922        -2.373878
     -2.363172        -2.328292        -2.307401        -2.282210        -2.253426
     -2.198181        -2.181594        -2.155569        -1.964561        -1.876837
      1.559697         1.915673         2.175503         2.275036         2.337025
      2.577722         2.647003         2.702783         2.746868         2.809014
      2.946931         2.959636         3.113732         3.212165         3.362282
      3.458374         3.501289         3.537441         3.587553         3.608109
      3.633198         3.673808         3.695595         3.740590         3.772358
      3.784796         3.849391         3.875038         3.935301         3.961905
      3.987888         4.023736         4.028079         4.054349         4.072693
      4.084883         4.120343         4.149394         4.185937         4.201293
      4.215118         4.258996         4.276632         4.312359         4.338836
      4.349787         4.366484         4.371500         4.428685         4.432588
      4.477451         4.518005         4.537995         4.594727         4.654827
      4.724202         4.736039         4.779358
 *********************************
 sum eigen(dbl occ, ryd)=  -1543.76892710479     
 *********************************
 Ef(eV)= -0.696424110085443     
 ***************************************************
 iter=          13
 ---------------------------------------------------
 dvE, dvE(n)-dvE(n-1) = 0.1596E-04 0.3530E-05
 dv_ave, drho_tot     = 0.3995E-02 0.2837E-02
 err of ug            = 0.3569E-03
 ---------------------------------------------------
 Ewald        = -.41116881944013E+05
 Alpha        = 0.15207970391171E+04
 E_extV       = 0.00000000000000E+00    0.0000E+00
 E_NSC        = -.21436522097593E+05    0.2872E+02
 E[-rho*V_Hxc]= -.12388768295590E+06    -.2823E+02
 E_Hxc        = 0.52017844677705E+05    0.2299E+02
 -TS          = -.35505862133990E-26    0.8739E-36
 E_tot(eV)    = -.13290244528068E+06    0.4940E+00
 ---------------------------------------------------
 E_ion,E_coul,E_xc =   -224709.1663762   80817.5647062  -28799.7200285
Ewald+Hart+ion    -0.1850084836141E+06
 ave(vtot)=ave_(V_xc)=: v0= -0.283730222165357     
 Eigen energies are values after setting ave_vtot=0
 ----------------------------------
 One SCF use:    85.9912190437317       s
 *********************************
 ****** kpt=           1
 err of each states, eV
  0.106696E-01     0.554141E-02     0.727063E-02     0.819278E-02     0.974180E-02
  0.272263E-02     0.190017E-02     0.143921E-02     0.256362E-02     0.191568E-02
  0.254341E-02     0.237487E-02     0.184352E-02     0.228348E-02     0.194604E-02
  0.170459E-02     0.192332E-02     0.270012E-02     0.158030E-02     0.188677E-02
  0.219484E-02     0.178480E-02     0.161024E-02     0.173869E-02     0.233761E-02
  0.204911E-02     0.166798E-02     0.183804E-02     0.141044E-02     0.143686E-02
  0.154102E-02     0.154538E-02     0.178864E-02     0.120852E-02     0.178900E-02
  0.334325E-02     0.262397E-02     0.170605E-02     0.289692E-02     0.201633E-02
  0.147670E-02     0.168629E-02     0.212892E-02     0.119064E-02     0.175533E-02
  0.166930E-02     0.155248E-02     0.257050E-02     0.161948E-02     0.175279E-02
  0.231903E-02     0.198826E-02     0.180204E-02     0.148365E-02     0.161971E-02
  0.189618E-02     0.160714E-02     0.144837E-02     0.142470E-02     0.137123E-02
  0.272461E-02     0.153179E-02     0.145787E-02     0.217711E-02     0.232077E-02
  0.193284E-02     0.162047E-02     0.123648E-02     0.182211E-02     0.210893E-02
  0.278355E-02     0.191051E-02     0.166146E-02     0.165065E-02     0.143376E-02
  0.253623E-02     0.149851E-02     0.203025E-02     0.143892E-02     0.215083E-02
  0.136091E-02     0.176672E-02     0.136780E-02     0.212593E-02     0.159024E-02
  0.162299E-02     0.234966E-02     0.200739E-02     0.223677E-02     0.196873E-02
  0.181001E-02     0.129892E-02     0.112903E-02     0.182778E-02     0.213730E-02
  0.162839E-02     0.137492E-02     0.228823E-02     0.155804E-02     0.173965E-02
  0.328627E-02     0.159161E-02     0.195124E-02     0.141800E-02     0.200817E-02
  0.198130E-02     0.163538E-02     0.194793E-02     0.186166E-02     0.142734E-02
  0.177952E-02     0.167425E-02     0.144021E-02     0.125384E-02     0.216010E-02
  0.164526E-02     0.164227E-02     0.173799E-02     0.145236E-02     0.193457E-02
  0.202478E-02     0.183363E-02     0.129232E-02     0.473738E-02     0.181292E-02
  0.143527E-02     0.153576E-02     0.277143E-02     0.136508E-02     0.142373E-02
  0.399225E-02     0.376669E-02     0.217047E-02     0.232294E-02     0.210996E-02
  0.319749E-02     0.191315E-02     0.408111E-02     0.414711E-02     0.446588E-02
  0.477358E-02     0.454441E-02     0.285995E-02     0.343598E-02     0.376820E-02
  0.271721E-02     0.367452E-02     0.229413E-02     0.284096E-02     0.442532E-02
  0.241320E-02     0.411974E-02     0.316092E-02     0.355528E-02     0.427147E-02
  0.324413E-02     0.306696E-02     0.264074E-02     0.370736E-02     0.295209E-02
  0.345821E-02     0.333076E-02     0.341049E-02     0.292702E-02     0.307430E-02
  0.270010E-02     0.405528E-02     0.264521E-02     0.266742E-02     0.301466E-02
  0.350232E-02     0.333492E-02     0.260157E-02     0.316995E-02     0.337631E-02
  0.276678E-02     0.372729E-02     0.291606E-02     0.224512E-02     0.387535E-02
  0.289361E-02     0.422190E-02     0.482969E-02     0.285158E-02     0.298062E-02
  0.246276E-02     0.249444E-02     0.331161E-02     0.306302E-02     0.319468E-02
  0.471010E-02     0.384939E-02     0.370343E-02     0.277674E-02     0.424075E-02
  0.211690E-02     0.405442E-02     0.219016E-02     0.140137E-02     0.204195E-02
  0.246770E-02     0.221628E-02     0.184294E-02     0.155160E-02     0.161726E-02
  0.183296E-02     0.188141E-02     0.288601E-02     0.370772E-02     0.427655E-02
  0.357553E-02     0.318872E-02     0.145945E-02     0.191015E-02     0.450693E-02
  0.319328E-02     0.296897E-02     0.113553E-02     0.218917E-02     0.356339E-02
  0.158757E-02     0.381512E-02     0.268958E-02     0.179006E-02     0.184801E-02
  0.206615E-02     0.286093E-02     0.271365E-02     0.493635E-02     0.200504E-02
  0.522867E-02     0.321799E-02     0.206159E-02     0.266219E-02     0.591122E-02
  0.517152E-02     0.136819E-02     0.386819E-02     0.281818E-02     0.482018E-02
  0.436903E-02     0.424293E-02     0.194530E-02     0.360808E-02     0.420693E-02
  0.414342E-02     0.402887E-02     0.302008E-02     0.562335E-02     0.481234E-02
  0.583871E-02     0.252091E-02     0.278952E-02     0.391610E-02     0.280754E-02
  0.270986E-02     0.177514E-02     0.176438E-02     0.207526E-02     0.231026E-02
  0.189021E-02     0.192274E-02     0.155961E-02     0.171063E-02     0.197465E-02
  0.509915E-02     0.339127E-02     0.567430E-02     0.292275E-02     0.247447E-02
  0.554862E-02     0.319676E-02     0.350344E-02     0.384882E-02     0.497486E-02
  0.351267E-02     0.256339E-02     0.436487E-02     0.325899E-02     0.202321E-02
  0.436194E-02     0.283902E-02     0.298895E-02     0.274115E-02     0.223757E-02
  0.381208E-02     0.422158E-02     0.332250E-02     0.531208E-02     0.287275E-02
  0.375272E-02     0.344120E-02     0.322805E-02     0.260886E-02     0.408600E-02
  0.230040E-02     0.346442E-02     0.279464E-02     0.295192E-02     0.429499E-02
  0.622693E-02     0.301510E-02     0.386041E-02     0.263216E-02     0.493649E-02
  0.404326E-02     0.281316E-02     0.385214E-02     0.618172E-02     0.226186E-02
  0.232740E-02     0.388215E-02     0.298369E-02     0.566096E-02     0.299308E-02
  0.345121E-02     0.554785E-02     0.289292E-02     0.298219E-02     0.346668E-02
  0.408637E-02     0.359752E-02     0.469237E-02     0.476821E-02     0.316193E-02
  0.412308E-02     0.389092E-02     0.344918E-02     0.294104E-02     0.337573E-02
  0.463914E-02     0.460311E-02     0.449063E-02     0.466911E-02     0.503732E-02
  0.499003E-02     0.457624E-02     0.504813E-02     0.558560E-02     0.478896E-02
  0.436002E-02     0.400618E-02     0.378293E-02     0.398289E-02     0.370475E-02
  0.322011E-02     0.539993E-02     0.390630E-02     0.435375E-02     0.467009E-02
  0.376958E-02     0.321380E-02     0.346252E-02     0.397172E-02     0.316344E-02
  0.293660E-02     0.361189E-02     0.412455E-02     0.388084E-02     0.367907E-02
  0.362913E-02     0.298933E-02     0.489160E-02     0.347880E-02     0.644603E-02
  0.425381E-02     0.490656E-02     0.479634E-02     0.341882E-02     0.353499E-02
  0.426784E-02     0.377402E-02     0.409514E-02     0.353699E-02     0.311706E-02
  0.389459E-02     0.397040E-02     0.375373E-02     0.458448E-02     0.420930E-02
  0.434603E-02     0.555189E-02     0.492582E-02     0.358502E-02     0.272660E-02
  0.494215E-02     0.379203E-02     0.384827E-02     0.317950E-02     0.430873E-02
  0.450570E-02     0.433028E-02     0.372019E-02     0.320756E-02     0.340342E-02
  0.355895E-02     0.478041E-02     0.434450E-02     0.361965E-02     0.414041E-02
  0.509872E-02     0.391387E-02     0.524814E-02     0.406356E-02     0.410698E-02
  0.505337E-02     0.418128E-02     0.361910E-02     0.466663E-02     0.601582E-02
  0.458744E-02     0.370007E-02     0.444722E-02     0.389883E-02     0.404608E-02
  0.442829E-02     0.481186E-02     0.344007E-02     0.534903E-02     0.583104E-02
  0.493873E-02     0.672361E-02     0.462390E-02     0.532235E-02     0.430796E-02
  0.483334E-02     0.330400E-02     0.497730E-02     0.413502E-02     0.497676E-02
  0.438963E-02     0.479483E-02     0.423518E-02     0.415097E-02     0.575655E-02
  0.348389E-02     0.385756E-02     0.597069E-02     0.457002E-02     0.432467E-02
  0.435594E-02     0.452733E-02     0.463355E-02     0.455476E-02     0.413894E-02
  0.390130E-02     0.377601E-02     0.333028E-02     0.488344E-02     0.507571E-02
  0.461365E-02     0.478758E-02     0.443989E-02     0.396055E-02     0.472025E-02
  0.424199E-02     0.359220E-02     0.397188E-02     0.338026E-02     0.371652E-02
  0.323484E-02     0.403811E-02     0.440821E-02     0.414899E-02     0.443514E-02
  0.422525E-02     0.473884E-02     0.544291E-02     0.428193E-02     0.433161E-02
  0.620238E-02     0.564815E-02     0.494469E-02     0.475620E-02     0.469894E-02
  0.529694E-02     0.545514E-02     0.406037E-02     0.358375E-02     0.539579E-02
  0.469744E-02     0.558481E-02     0.412193E-02     0.541003E-02     0.541959E-02
  0.584557E-02     0.500627E-02     0.603105E-02     0.451955E-02     0.577022E-02
  0.469959E-02     0.492866E-02     0.401420E-02     0.599550E-02     0.546378E-02
  0.405793E-02     0.379042E-02     0.559390E-02     0.370469E-02     0.511312E-02
  0.519163E-02     0.313404E-02     0.560541E-02     0.614502E-02     0.365597E-02
  0.456811E-02     0.582020E-02     0.864050E-02     0.535570E-02     0.490310E-02
  0.473623E-02     0.489348E-02     0.974131E-02     0.589288E-02     0.607702E-02
  0.672522E-02     0.809653E-02     0.548846E-02     0.535784E-02     0.538951E-02
  0.548163E-02     0.767713E-02     0.604601E-02     0.751046E-02     0.338594E-02
  0.977507E-02     0.741806E-02     0.397419E-02     0.731001E-02     0.636247E-02
  0.442033E-02     0.505985E-02     0.585908E-02     0.476245E-02     0.624619E-02
  0.424676E-02     0.737145E-02     0.714523E-02     0.390546E-02     0.640956E-02
  0.551114E-02     0.347470E-02     0.382358E-02     0.369263E-02     0.349535E-02
  0.512961E-02     0.640573E-02     0.435780E-02     0.527889E-02     0.598900E-02
  0.377659E-02     0.409381E-02     0.411358E-02     0.384965E-02     0.423711E-02
  0.415805E-02     0.428956E-02     0.368187E-02     0.432990E-02     0.539599E-02
  0.515570E-02     0.499497E-02     0.527394E-02     0.716358E-02     0.655418E-02
  0.516439E-02     0.453550E-02     0.556703E-02     0.476977E-02     0.480851E-02
  0.406227E-02     0.399806E-02     0.498794E-02     0.508456E-02     0.426069E-02
  0.417937E-02     0.502882E-02     0.443386E-02     0.498181E-02     0.508575E-02
  0.601119E-02     0.424468E-02     0.434229E-02     0.487594E-02     0.464194E-02
  0.495182E-02     0.439372E-02     0.458131E-02     0.520050E-02     0.432503E-02
  0.469283E-02     0.394572E-02     0.401184E-02     0.438955E-02     0.404125E-02
  0.349528E-02     0.473326E-02     0.441601E-02     0.526159E-02     0.363227E-02
  0.413060E-02     0.494705E-02     0.475891E-02     0.428163E-02     0.531112E-02
  0.531806E-02     0.502358E-02     0.405327E-02     0.509590E-02     0.522774E-02
  0.514877E-02     0.545388E-02     0.537011E-02     0.429511E-02     0.436637E-02
  0.400738E-02     0.539527E-02     0.448427E-02     0.517353E-02     0.484705E-02
  0.556296E-02     0.363705E-02     0.401588E-02     0.372273E-02     0.374985E-02
  0.400185E-02     0.518908E-02     0.473776E-02     0.425054E-02     0.368703E-02
  0.437228E-02     0.575440E-02     0.644366E-02     0.425379E-02     0.393806E-02
  0.403106E-02     0.380368E-02     0.515166E-02     0.640716E-02     0.485518E-02
  0.370184E-02     0.540322E-02     0.560154E-02     0.560468E-02     0.457861E-02
  0.647009E-02     0.415239E-02     0.458837E-02     0.519322E-02     0.486091E-02
  0.562397E-02     0.555480E-02     0.499291E-02     0.542950E-02     0.462550E-02
  0.530633E-02     0.470181E-02     0.622753E-02     0.444253E-02     0.537844E-02
  0.512605E-02     0.509034E-02     0.601049E-02     0.595884E-02     0.437104E-02
  0.409433E-02     0.395398E-02     0.591826E-02     0.533252E-02     0.462176E-02
  0.468377E-02     0.471373E-02     0.541127E-02     0.456293E-02     0.420975E-02
  0.558155E-02     0.521963E-02     0.503528E-02     0.561939E-02     0.496994E-02
  0.550864E-02     0.560250E-02     0.610838E-02     0.404041E-02     0.482398E-02
  0.603683E-02     0.705413E-02     0.529481E-02     0.561509E-02     0.472197E-02
  0.524393E-02     0.517646E-02     0.619967E-02     0.504143E-02     0.439470E-02
  0.511968E-02     0.461058E-02     0.438625E-02     0.519246E-02     0.527277E-02
  0.544764E-02     0.518514E-02     0.492913E-02     0.923678E-02     0.544876E-02
  0.454710E-02     0.786262E-02     0.618373E-02     0.456989E-02     0.452754E-02
  0.574641E-02     0.539735E-02     0.560821E-02     0.444797E-02     0.569168E-02
  0.545622E-02     0.691230E-02     0.628114E-02     0.534200E-02     0.514151E-02
  0.646424E-02     0.503367E-02     0.519372E-02     0.512723E-02     0.530815E-02
  0.573430E-02     0.483052E-02     0.593266E-02     0.505295E-02     0.508046E-02
  0.440759E-02     0.495088E-02     0.527690E-02     0.563931E-02     0.581604E-02
  0.539410E-02     0.497898E-02     0.605947E-02     0.529141E-02     0.565858E-02
  0.495137E-02     0.493077E-02     0.560548E-02     0.619799E-02     0.642554E-02
  0.579733E-02     0.496161E-02     0.617058E-02     0.568297E-02     0.607303E-02
  0.589886E-02     0.611965E-02     0.563957E-02     0.812276E-02     0.545285E-02
  0.717393E-02     0.633231E-02     0.566401E-02     0.512271E-02     0.590884E-02
  0.514924E-02     0.558063E-02     0.558452E-02     0.496670E-02     0.631615E-02
  0.550005E-02     0.601291E-02     0.458577E-02     0.601118E-02     0.543463E-02
  0.461386E-02     0.574156E-02     0.503717E-02     0.618480E-02     0.589783E-02
  0.618446E-02     0.661779E-02     0.448791E-02     0.637493E-02     0.729369E-02
  0.630031E-02     0.423156E-02     0.425929E-02     0.590555E-02     0.487840E-02
  0.573920E-02     0.541055E-02     0.639898E-02     0.487576E-02     0.594425E-02
  0.605715E-02     0.711484E-02     0.427458E-02     0.513316E-02     0.419858E-02
  0.446756E-02     0.620939E-02     0.581122E-02     0.460747E-02     0.652710E-02
  0.652836E-02     0.617043E-02     0.656157E-02     0.373566E-02     0.742601E-02
  0.748059E-02     0.519001E-02     0.548512E-02     0.445567E-02     0.693487E-02
  0.647502E-02     0.555971E-02     0.543095E-02     0.650585E-02     0.522142E-02
  0.582130E-02     0.650178E-02     0.613345E-02     0.604006E-02     0.684651E-02
  0.568229E-02     0.494142E-02     0.726935E-02     0.518889E-02     0.693641E-02
  0.481386E-02     0.457486E-02     0.645707E-02     0.709757E-02     0.450271E-02
  0.660887E-02     0.627665E-02     0.645591E-02     0.754464E-02     0.610092E-02
  0.446231E-02     0.504186E-02     0.492707E-02     0.662282E-02     0.504062E-02
  0.494062E-02     0.547111E-02     0.290852E-02     0.691782E-02     0.704300E-02
  0.785274E-02     0.764045E-02     0.432587E-02     0.472361E-02     0.554320E-02
  0.526138E-02     0.367808E-02     0.365716E-02     0.558221E-02     0.687645E-02
  0.689490E-02     0.695500E-02     0.709720E-02     0.688137E-02     0.746992E-02
  0.681667E-02     0.743596E-02     0.716516E-02     0.688788E-02     0.423168E-02
  0.829692E-02     0.988122E-02     0.825800E-02     0.604338E-02     0.848560E-02
  0.595819E-02     0.895227E-02     0.745584E-02     0.713810E-02     0.556483E-02
  0.588271E-02     0.592321E-02     0.627948E-02     0.649592E-02     0.801622E-02
  0.566801E-02     0.106651E-01     0.647914E-02     0.898300E-02     0.958268E-02
  0.734749E-02     0.793286E-02     0.785397E-02     0.793246E-02     0.715686E-02
  0.864647E-02     0.661363E-02     0.685422E-02     0.808007E-02     0.645671E-02
  0.101453E-01     0.780431E-02     0.109912E-01     0.740093E-02     0.736035E-02
  0.826750E-02     0.545068E-02     0.766993E-02     0.780924E-02     0.767555E-02
  0.753708E-02     0.718407E-02     0.694861E-02     0.816121E-02     0.737287E-02
  0.776929E-02     0.745309E-02     0.744082E-02     0.768643E-02     0.539351E-02
  0.761436E-02     0.870162E-02     0.739628E-02     0.725190E-02     0.798294E-02
  0.749312E-02     0.828809E-02     0.718798E-02     0.500135E-02     0.562970E-02
  0.695359E-02     0.705610E-02     0.654784E-02     0.859648E-02     0.719030E-02
  0.730311E-02     0.982195E-02     0.928316E-02     0.706055E-02     0.766794E-02
  0.992754E-02     0.115511E-01     0.691898E-02     0.527351E-02     0.774667E-02
  0.407616E-02     0.663866E-02     0.769759E-02     0.673566E-02     0.119667E-01
  0.657247E-02     0.728432E-02     0.979891E-02     0.800262E-02     0.621908E-02
  0.819927E-02     0.606296E-02     0.102193E-01     0.721855E-02     0.715736E-02
  0.113484E-01     0.608214E-02     0.375471E-02     0.817296E-02     0.726039E-02
  0.968674E-02     0.498232E-02     0.453842E-02     0.393479E-02     0.651787E-02
  0.865638E-02     0.888859E-02     0.157977E-01     0.629526E-02     0.648210E-02
  0.256291E-01     0.213637E-01     0.253807E-01     0.316565E-01     0.325511E-01
  0.389187E-01     0.558319E-01     0.418444E-01     0.340828E-01     0.426574E-01
  0.440897E-01     0.393588E-01     0.748466E-01     0.842741E-01     0.134573E+00
  0.772036E-01     0.136575E+00     0.950465E-01     0.141970E+00     0.125697E+00
  0.768303E-01     0.794822E-01     0.149277E+00     0.171644E+00     0.115381E+00
  0.123747E+00     0.137221E+00     0.169426E+00     0.162305E+00     0.188180E+00
  0.219891E+00     0.215397E+00     0.189790E+00     0.209353E+00     0.190783E+00
  0.270485E+00     0.287198E+00     0.202344E+00     0.249144E+00     0.319090E+00
  0.246335E+00     0.242472E+00     0.246047E+00     0.237720E+00     0.310248E+00
  0.378712E+00     0.410629E+00     0.349722E+00     0.311839E+00     0.331128E+00
  0.420024E+00     0.345417E+00     0.409172E+00     0.480637E+00     0.529079E+00
  0.644747E+00     0.500187E+00     0.644087E+00
 eigen energies, in ev
    -45.395606       -45.263787       -44.954712       -44.810597       -44.276529
    -29.381156       -28.811393       -28.720230       -28.715632       -28.673653
    -28.655509       -28.618537       -28.546344       -28.525377       -28.288610
    -28.236148       -28.198923       -28.175232       -28.157421       -28.095296
    -28.088151       -28.048579       -28.022000       -28.008378       -27.970353
    -27.936421       -27.919843       -27.908799       -27.888271       -27.881037
    -27.877930       -27.810569       -27.807149       -27.798574       -27.728927
    -27.702349       -27.663636       -27.654979       -27.626514       -27.619417
    -27.589723       -27.579930       -27.573325       -27.566615       -27.534075
    -27.420903       -27.419615       -27.398524       -27.397402       -27.392964
    -27.337165       -27.331704       -27.273487       -27.219793       -27.201827
    -27.174323       -27.164255       -27.156456       -27.142924       -27.140235
    -27.130156       -27.090105       -27.080814       -27.079033       -27.073297
    -27.065515       -27.062502       -27.040038       -27.011877       -26.970668
    -26.875122       -26.865395       -26.787900       -26.739442       -26.733532
    -26.719756       -26.705999       -26.703764       -26.664755       -26.478445
    -26.402787       -26.401614       -26.392567       -26.378813       -26.300414
    -26.271403       -26.225011       -26.179616       -26.172289       -26.137166
    -26.118780       -26.105597       -26.056946       -26.029069       -26.021869
    -26.006036       -25.992881       -25.932480       -25.893406       -25.891980
    -25.863111       -25.855544       -25.840756       -25.833859       -25.818981
    -25.810656       -25.774369       -25.757218       -25.733269       -25.729957
    -25.729597       -25.711848       -25.663382       -25.652993       -25.652317
    -25.629431       -25.602828       -25.593306       -25.581465       -25.548256
    -25.500668       -25.443433       -25.358116       -25.265198       -25.251659
    -25.173835       -25.132872       -25.106752       -24.986270       -24.974295
    -24.926563       -24.920774       -24.895472       -24.876397       -24.800096
    -24.660643       -24.566979       -24.362533       -24.159305       -24.109397
    -24.043691       -24.022538       -24.011097       -23.988854       -23.957390
    -23.898059       -23.822525       -23.627741       -23.613050       -23.432882
    -23.405359       -23.371944       -23.219855       -23.201133       -23.077508
    -22.996767       -22.993468       -22.950934       -22.801215       -22.786986
    -22.746418       -22.663103       -22.422400       -22.357787       -22.350089
    -22.179418       -22.105133       -22.088413       -21.978094       -21.961963
    -21.954376       -21.865761       -21.826844       -21.825701       -21.819046
    -21.748146       -21.712330       -21.705266       -21.639798       -21.629276
    -21.603559       -21.541228       -21.471627       -21.330250       -21.328475
    -21.239222       -21.165628       -21.098024       -20.923146       -20.627432
    -19.327044       -18.913843       -18.656382       -18.579011       -18.513342
    -16.144507       -16.120439       -15.967061       -15.938273       -15.716212
    -15.604513       -15.571200       -15.571115       -15.568862       -15.548493
    -15.484874       -15.437435       -15.393633       -15.376408       -15.348628
    -15.260449       -15.192224       -15.171649       -15.158195       -15.072384
    -15.046658       -15.013841       -14.961510       -14.942223       -14.891598
    -14.866129       -14.796854       -14.542986       -14.530116       -14.359689
    -14.344900       -14.314935       -14.282980       -14.282629       -14.242449
    -14.204289       -14.191573       -14.177015       -14.158311       -14.082071
    -13.910081       -13.888802       -13.860979       -13.823355       -13.816151
    -13.778368       -13.767786       -13.749555       -13.703608       -13.677799
    -13.666336       -13.658311       -13.653595       -13.587918       -13.523489
    -13.409767       -13.348912       -13.254720       -13.180401       -13.094120
    -13.090147       -13.032384       -12.968442       -12.964917       -12.962445
    -12.759472       -12.746787       -12.684270       -12.555645       -12.534414
    -12.363881       -12.243515       -12.188910       -12.187909       -12.172790
    -12.082242       -11.945069       -11.914229       -11.903399       -11.846260
    -11.793496       -11.789983       -11.753725       -11.727984       -11.688925
    -11.675250       -11.674992       -11.664507       -11.661513       -11.606443
    -11.557920       -11.516820       -11.433770       -11.398834       -11.369741
    -11.367349       -11.341475       -11.331446       -11.314664       -11.286993
    -11.265920       -11.247284       -11.212728       -11.176841       -11.106756
    -11.095423       -11.082551       -11.065673       -11.032844       -11.007090
    -10.986401       -10.971040       -10.945142       -10.917745       -10.910117
    -10.874081       -10.849435       -10.770528       -10.731272       -10.697920
    -10.651489       -10.646501       -10.598686       -10.526816       -10.497479
    -10.489631       -10.450733       -10.430971       -10.391888       -10.367236
    -10.328738       -10.324021       -10.301744       -10.291139       -10.273895
    -10.235766       -10.218828       -10.211974       -10.203252       -10.170052
    -10.165963       -10.154340       -10.145501       -10.144212       -10.135279
    -10.131258       -10.120473       -10.110633       -10.107215       -10.100139
    -10.056652       -10.053097       -10.049437       -10.041233       -10.033878
    -10.014828        -9.979876        -9.973911        -9.968847        -9.966182
     -9.957490        -9.935480        -9.880865        -9.861459        -9.856651
     -9.854822        -9.846750        -9.830771        -9.819475        -9.797014
     -9.792680        -9.786313        -9.781311        -9.765181        -9.762298
     -9.752661        -9.737615        -9.728791        -9.710660        -9.709042
     -9.698060        -9.679196        -9.667858        -9.662449        -9.637943
     -9.634667        -9.573653        -9.563535        -9.558446        -9.552390
     -9.536859        -9.528995        -9.526778        -9.520438        -9.517580
     -9.504410        -9.501676        -9.497785        -9.463927        -9.459696
     -9.421390        -9.416348        -9.411102        -9.396321        -9.395920
     -9.385705        -9.358905        -9.352330        -9.328007        -9.320496
     -9.314627        -9.303173        -9.298626        -9.284294        -9.264666
     -9.249706        -9.240115        -9.223079        -9.219802        -9.216091
     -9.206905        -9.202975        -9.175793        -9.163460        -9.157773
     -9.129818        -9.108012        -9.105235        -9.090945        -9.082868
     -9.075439        -9.061290        -9.048497        -9.036727        -9.025354
     -8.995196        -8.978936        -8.968328        -8.946804        -8.939577
     -8.937140        -8.924102        -8.891043        -8.883748        -8.873705
     -8.866301        -8.841548        -8.820239        -8.794841        -8.782481
     -8.773566        -8.759056        -8.743991        -8.736917        -8.718347
     -8.700564        -8.686167        -8.637877        -8.628698        -8.624469
     -8.582515        -8.553824        -8.546825        -8.543680        -8.538676
     -8.521493        -8.502993        -8.481583        -8.470827        -8.464561
     -8.458282        -8.443484        -8.424736        -8.405160        -8.397710
     -8.390732        -8.375167        -8.365625        -8.344049        -8.331515
     -8.289944        -8.275821        -8.270716        -8.256566        -8.249701
     -8.237513        -8.235104        -8.214290        -8.199434        -8.166894
     -8.160049        -8.146066        -8.139026        -8.126572        -8.109025
     -8.105262        -8.092773        -8.086015        -8.073792        -8.058667
     -8.043189        -8.036017        -8.014933        -7.998729        -7.987275
     -7.972505        -7.923417        -7.899242        -7.882504        -7.874795
     -7.832338        -7.800128        -7.796428        -7.764055        -7.740916
     -7.711488        -7.699681        -7.681863        -7.672805        -7.657095
     -7.650305        -7.631178        -7.608797        -7.590205        -7.583883
     -7.572979        -7.543815        -7.499529        -7.459738        -7.433562
     -7.421297        -7.393404        -7.388212        -7.382891        -7.338927
     -7.301991        -7.281508        -7.244039        -7.209355        -7.202272
     -7.180561        -7.133390        -7.101911        -7.093981        -7.039501
     -6.994513        -6.977083        -6.941921        -6.939852        -6.906576
     -6.902159        -6.891188        -6.862221        -6.836810        -6.823519
     -6.813291        -6.784501        -6.768042        -6.757106        -6.754821
     -6.720274        -6.714393        -6.687065        -6.682916        -6.663970
     -6.662806        -6.657985        -6.630884        -6.628659        -6.618149
     -6.616178        -6.604664        -6.595490        -6.575598        -6.567342
     -6.560351        -6.553547        -6.548091        -6.535295        -6.531244
     -6.521419        -6.510437        -6.492023        -6.489349        -6.484215
     -6.470368        -6.461357        -6.452930        -6.422154        -6.416065
     -6.404220        -6.392079        -6.380849        -6.367783        -6.367307
     -6.358271        -6.355702        -6.343291        -6.337251        -6.330986
     -6.330486        -6.317055        -6.313945        -6.300744        -6.287971
     -6.282236        -6.269209        -6.264458        -6.254197        -6.245593
     -6.235008        -6.230341        -6.213870        -6.201903        -6.193203
     -6.178739        -6.159075        -6.146305        -6.141216        -6.136318
     -6.126458        -6.118626        -6.099825        -6.093580        -6.085319
     -6.073436        -6.068850        -6.044819        -6.041020        -6.035285
     -6.023849        -6.021617        -6.014221        -5.998232        -5.978203
     -5.975588        -5.969450        -5.961522        -5.928433        -5.919220
     -5.897997        -5.894873        -5.884400        -5.876250        -5.866366
     -5.857166        -5.846793        -5.833876        -5.828125        -5.821833
     -5.809639        -5.798205        -5.793933        -5.789817        -5.786493
     -5.779403        -5.774596        -5.760372        -5.753658        -5.736944
     -5.730919        -5.723774        -5.719947        -5.716364        -5.710020
     -5.703146        -5.687795        -5.683055        -5.672700        -5.646542
     -5.636518        -5.629706        -5.622892        -5.603538        -5.597284
     -5.591899        -5.589029        -5.579179        -5.570275        -5.563826
     -5.553655        -5.550236        -5.537278        -5.534101        -5.529712
     -5.526800        -5.523990        -5.522254        -5.516999        -5.507243
     -5.502139        -5.495622        -5.484279        -5.478239        -5.460561
     -5.458690        -5.450315        -5.441370        -5.432858        -5.415735
     -5.414043        -5.406830        -5.402564        -5.394286        -5.389754
     -5.379409        -5.375939        -5.369711        -5.363682        -5.360067
     -5.350672        -5.346718        -5.337396        -5.324793        -5.312888
     -5.310972        -5.309398        -5.307325        -5.290244        -5.280521
     -5.272671        -5.271380        -5.262995        -5.254040        -5.248467
     -5.244242        -5.238648        -5.230510        -5.226688        -5.219986
     -5.212222        -5.207945        -5.205895        -5.197256        -5.190089
     -5.183827        -5.174021        -5.164995        -5.157144        -5.152378
     -5.142832        -5.140190        -5.128559        -5.118607        -5.115852
     -5.107858        -5.105137        -5.097595        -5.077180        -5.072695
     -5.065493        -5.061735        -5.056082        -5.044544        -5.040860
     -5.032229        -5.029842        -5.020986        -5.017177        -5.011400
     -5.002112        -4.995170        -4.992661        -4.986739        -4.983398
     -4.976958        -4.970998        -4.965634        -4.952092        -4.939769
     -4.935681        -4.934226        -4.929833        -4.921759        -4.914061
     -4.907942        -4.901278        -4.894831        -4.882899        -4.874839
     -4.872338        -4.862161        -4.857025        -4.845951        -4.828182
     -4.820772        -4.815894        -4.812486        -4.795228        -4.790415
     -4.781824        -4.777369        -4.767986        -4.759850        -4.758173
     -4.755777        -4.750817        -4.738204        -4.736371        -4.726838
     -4.717862        -4.711929        -4.708067        -4.705760        -4.697540
     -4.686509        -4.685357        -4.672690        -4.656506        -4.655273
     -4.641260        -4.628024        -4.613293        -4.605408        -4.593714
     -4.586924        -4.582545        -4.575119        -4.566479        -4.556499
     -4.546401        -4.543718        -4.531241        -4.511607        -4.499839
     -4.490672        -4.484028        -4.480771        -4.473629        -4.470703
     -4.460835        -4.447508        -4.427232        -4.423334        -4.412685
     -4.406002        -4.397861        -4.383444        -4.382642        -4.372399
     -4.365284        -4.356515        -4.349300        -4.338403        -4.328916
     -4.315016        -4.306201        -4.294123        -4.274163        -4.259923
     -4.225461        -4.208862        -4.197444        -4.176091        -4.158462
     -4.150278        -4.143917        -4.118037        -4.108023        -4.099333
     -4.092310        -4.076905        -4.066653        -4.062500        -4.059491
     -4.052385        -4.034053        -4.029127        -4.019815        -4.000554
     -3.986892        -3.951787        -3.942441        -3.933824        -3.891277
     -3.880459        -3.867944        -3.846830        -3.830855        -3.788024
     -3.782984        -3.781239        -3.772593        -3.760751        -3.753176
     -3.741861        -3.732765        -3.704248        -3.690357        -3.678798
     -3.653922        -3.644777        -3.635302        -3.595311        -3.589427
     -3.579008        -3.545404        -3.525069        -3.505346        -3.493743
     -3.424810        -3.411083        -3.356377        -3.345110        -3.322067
     -3.316094        -3.305001        -3.260121        -3.256407        -3.222202
     -3.219984        -3.216232        -3.162799        -3.139240        -3.120043
     -3.116382        -3.106939        -3.087990        -3.060033        -3.036477
     -3.020429        -3.008213        -3.001607        -2.994843        -2.987277
     -2.965515        -2.952680        -2.931549        -2.909499        -2.901683
     -2.894199        -2.887538        -2.878238        -2.866617        -2.852692
     -2.812492        -2.790661        -2.779463        -2.770800        -2.749326
     -2.728446        -2.727150        -2.706512        -2.695941        -2.694285
     -2.671085        -2.669271        -2.656009        -2.643792        -2.641744
     -2.637333        -2.596199        -2.591872        -2.583000        -2.553731
     -2.552475        -2.527471        -2.459509        -2.438843        -2.433002
     -2.417029        -2.406069        -2.399535        -2.398298        -2.339413
     -2.338012        -2.325537        -2.284182        -2.266383        -2.253803
     -2.231623        -2.204116        -2.080807        -1.995894        -1.956092
      1.787178         2.101444         2.389548         2.431902         2.499886
      2.676359         2.758140         2.840463         2.913969         3.006318
      3.116391         3.133408         3.222614         3.319608         3.472047
      3.515620         3.567884         3.587929         3.666269         3.678089
      3.700220         3.735153         3.748730         3.770579         3.802770
      3.863387         3.920352         3.938578         3.975417         4.009143
      4.051315         4.058769         4.084460         4.101594         4.119837
      4.125595         4.151680         4.178373         4.208297         4.217663
      4.249463         4.271544         4.293152         4.327604         4.340844
      4.372225         4.379330         4.413932         4.459584         4.474475
      4.497329         4.537595         4.547534         4.607519         4.691307
      4.724275         4.765302         4.777836
 *********************************
 sum eigen(dbl occ, ryd)=  -1543.02742972085     
 *********************************
 Ef(eV)= -0.650345184446711     
 ***************************************************
 iter=          14
 ---------------------------------------------------
 dvE, dvE(n)-dvE(n-1) = 0.2985E-04 0.1389E-04
 dv_ave, drho_tot     = 0.5463E-02 0.2246E-02
 err of ug            = 0.3364E-03
 ---------------------------------------------------
 Ewald        = -.41116881944013E+05
 Alpha        = 0.15207970391171E+04
 E_extV       = 0.00000000000000E+00    0.0000E+00
 E_NSC        = -.21434313178512E+05    0.2209E+01
 E[-rho*V_Hxc]= -.12389061514854E+06    -.1758E+01
 E_Hxc        = 0.52019019164673E+05    0.1174E+01
 -TS          = -.35505862133968E-26    0.2182E-38
 E_tot(eV)    = -.13290199406728E+06    0.4512E+00
 ---------------------------------------------------
 E_ion,E_coul,E_xc =   -224709.9545950   80819.5371893  -28800.5180246
Ewald+Hart+ion    -0.1850072993497E+06
 ave(vtot)=ave_(V_xc)=: v0= -0.282740511883572     
 Eigen energies are values after setting ave_vtot=0
 ----------------------------------
 One SCF use:    86.0320081710815       s
 *********************************
 ****** kpt=           1
 err of each states, eV
  0.745912E-02     0.589133E-02     0.292563E-02     0.491910E-02     0.724423E-02
  0.218494E-02     0.173786E-02     0.116841E-02     0.290086E-02     0.280036E-02
  0.223783E-02     0.135801E-02     0.154060E-02     0.177915E-02     0.203609E-02
  0.114047E-02     0.112880E-02     0.223055E-02     0.328636E-02     0.292224E-02
  0.121184E-02     0.989797E-03     0.164203E-02     0.155439E-02     0.141966E-02
  0.139848E-02     0.121067E-02     0.163382E-02     0.176492E-02     0.137433E-02
  0.138255E-02     0.121899E-02     0.111923E-02     0.134244E-02     0.100106E-02
  0.364206E-02     0.267633E-02     0.187618E-02     0.266364E-02     0.128383E-02
  0.129612E-02     0.103712E-02     0.226633E-02     0.207475E-02     0.859899E-03
  0.177874E-02     0.139856E-02     0.133145E-02     0.115828E-02     0.129927E-02
  0.109060E-02     0.172821E-02     0.202700E-02     0.133819E-02     0.202489E-02
  0.186644E-02     0.713192E-03     0.131352E-02     0.124971E-02     0.156347E-02
  0.116536E-02     0.151576E-02     0.252463E-02     0.858918E-03     0.150264E-02
  0.121942E-02     0.150948E-02     0.167418E-02     0.263426E-02     0.105968E-02
  0.179716E-02     0.152291E-02     0.127250E-02     0.164310E-02     0.332462E-02
  0.101375E-02     0.180238E-02     0.186343E-02     0.130149E-02     0.159492E-02
  0.113413E-02     0.174810E-02     0.193346E-02     0.131023E-02     0.175729E-02
  0.115937E-02     0.104800E-02     0.110247E-02     0.246267E-02     0.163828E-02
  0.205852E-02     0.181655E-02     0.143553E-02     0.160441E-02     0.258766E-02
  0.127195E-02     0.209909E-02     0.113233E-02     0.120870E-02     0.172007E-02
  0.166588E-02     0.104745E-02     0.174785E-02     0.153146E-02     0.100291E-02
  0.137602E-02     0.133436E-02     0.113886E-02     0.113943E-02     0.220222E-02
  0.117084E-02     0.136783E-02     0.173791E-02     0.197215E-02     0.130826E-02
  0.176223E-02     0.963836E-03     0.103546E-02     0.790574E-03     0.191364E-02
  0.117859E-02     0.157848E-02     0.143596E-02     0.103639E-02     0.114539E-02
  0.161706E-02     0.987085E-03     0.112178E-02     0.128445E-02     0.191071E-02
  0.123572E-02     0.197155E-02     0.213270E-02     0.140424E-02     0.263481E-02
  0.154711E-02     0.222730E-02     0.186028E-02     0.181518E-02     0.170496E-02
  0.219634E-02     0.247819E-02     0.182093E-02     0.208362E-02     0.214707E-02
  0.198090E-02     0.253508E-02     0.191798E-02     0.207292E-02     0.271442E-02
  0.222249E-02     0.269532E-02     0.138072E-02     0.248832E-02     0.213668E-02
  0.183764E-02     0.274135E-02     0.274276E-02     0.309101E-02     0.213745E-02
  0.251577E-02     0.339881E-02     0.206889E-02     0.170448E-02     0.191330E-02
  0.315936E-02     0.240328E-02     0.131230E-02     0.213657E-02     0.191880E-02
  0.231271E-02     0.216487E-02     0.243672E-02     0.290005E-02     0.280251E-02
  0.319546E-02     0.293740E-02     0.242250E-02     0.248425E-02     0.252182E-02
  0.197929E-02     0.277708E-02     0.261806E-02     0.276300E-02     0.183637E-02
  0.261212E-02     0.267663E-02     0.226073E-02     0.291078E-02     0.302400E-02
  0.290229E-02     0.228329E-02     0.292374E-02     0.214250E-02     0.399342E-02
  0.206380E-02     0.217659E-02     0.316959E-02     0.415114E-02     0.273843E-02
  0.206869E-02     0.236173E-02     0.260827E-02     0.215094E-02     0.212545E-02
  0.286398E-02     0.190494E-02     0.273737E-02     0.401423E-02     0.260538E-02
  0.360706E-02     0.379503E-02     0.307308E-02     0.316288E-02     0.264097E-02
  0.235107E-02     0.234336E-02     0.445658E-02     0.278286E-02     0.364584E-02
  0.346964E-02     0.387349E-02     0.229620E-02     0.223163E-02     0.212867E-02
  0.196246E-02     0.186687E-02     0.193840E-02     0.175283E-02     0.220699E-02
  0.286643E-02     0.258942E-02     0.322572E-02     0.452513E-02     0.210002E-02
  0.303467E-02     0.297832E-02     0.234999E-02     0.290175E-02     0.424277E-02
  0.490541E-02     0.519615E-02     0.350432E-02     0.294261E-02     0.302248E-02
  0.450649E-02     0.366067E-02     0.349815E-02     0.340551E-02     0.337978E-02
  0.423294E-02     0.324230E-02     0.484475E-02     0.290904E-02     0.227476E-02
  0.238075E-02     0.255758E-02     0.383606E-02     0.235539E-02     0.304391E-02
  0.203372E-02     0.229111E-02     0.242214E-02     0.252409E-02     0.258017E-02
  0.479474E-02     0.322473E-02     0.255049E-02     0.262079E-02     0.344217E-02
  0.337816E-02     0.292920E-02     0.432963E-02     0.328135E-02     0.337797E-02
  0.375979E-02     0.310156E-02     0.392077E-02     0.302733E-02     0.345202E-02
  0.346853E-02     0.332750E-02     0.337160E-02     0.399791E-02     0.387076E-02
  0.298888E-02     0.217123E-02     0.301446E-02     0.272688E-02     0.310944E-02
  0.284956E-02     0.325162E-02     0.320562E-02     0.356157E-02     0.425540E-02
  0.389873E-02     0.384152E-02     0.363339E-02     0.274046E-02     0.450581E-02
  0.306175E-02     0.284601E-02     0.360297E-02     0.286149E-02     0.243864E-02
  0.533173E-02     0.454076E-02     0.367142E-02     0.538959E-02     0.375566E-02
  0.413993E-02     0.371464E-02     0.326857E-02     0.356240E-02     0.413930E-02
  0.425119E-02     0.577150E-02     0.363767E-02     0.283901E-02     0.398663E-02
  0.363906E-02     0.426607E-02     0.430299E-02     0.412873E-02     0.417818E-02
  0.430892E-02     0.456816E-02     0.437526E-02     0.264257E-02     0.359435E-02
  0.441712E-02     0.513167E-02     0.454468E-02     0.392817E-02     0.394928E-02
  0.451297E-02     0.369960E-02     0.462725E-02     0.540663E-02     0.610858E-02
  0.589970E-02     0.381339E-02     0.461361E-02     0.414366E-02     0.451203E-02
  0.444321E-02     0.482010E-02     0.423408E-02     0.449933E-02     0.434246E-02
  0.301723E-02     0.593957E-02     0.400266E-02     0.490357E-02     0.462743E-02
  0.439622E-02     0.432371E-02     0.380925E-02     0.418065E-02     0.340825E-02
  0.404167E-02     0.635501E-02     0.468223E-02     0.420266E-02     0.525527E-02
  0.472879E-02     0.490614E-02     0.450356E-02     0.502389E-02     0.341372E-02
  0.383577E-02     0.423736E-02     0.437415E-02     0.327933E-02     0.529248E-02
  0.408975E-02     0.375395E-02     0.404462E-02     0.463730E-02     0.282066E-02
  0.399472E-02     0.394682E-02     0.471666E-02     0.490531E-02     0.418983E-02
  0.312836E-02     0.490390E-02     0.561976E-02     0.516393E-02     0.388122E-02
  0.392669E-02     0.408196E-02     0.440276E-02     0.566361E-02     0.476083E-02
  0.477357E-02     0.456471E-02     0.533163E-02     0.472638E-02     0.407284E-02
  0.458419E-02     0.449724E-02     0.509775E-02     0.450138E-02     0.426944E-02
  0.560743E-02     0.634276E-02     0.537338E-02     0.482806E-02     0.352450E-02
  0.526302E-02     0.559833E-02     0.550720E-02     0.591034E-02     0.454391E-02
  0.592671E-02     0.657671E-02     0.654762E-02     0.501423E-02     0.550307E-02
  0.486637E-02     0.622856E-02     0.562403E-02     0.583284E-02     0.643731E-02
  0.606324E-02     0.423040E-02     0.593330E-02     0.552915E-02     0.425320E-02
  0.509727E-02     0.506365E-02     0.533813E-02     0.581256E-02     0.541778E-02
  0.513479E-02     0.532249E-02     0.489027E-02     0.371321E-02     0.400229E-02
  0.600971E-02     0.467607E-02     0.536615E-02     0.504599E-02     0.372921E-02
  0.497256E-02     0.462260E-02     0.483392E-02     0.607756E-02     0.582732E-02
  0.481156E-02     0.589469E-02     0.422286E-02     0.436641E-02     0.436627E-02
  0.536640E-02     0.475493E-02     0.426694E-02     0.451303E-02     0.474643E-02
  0.444507E-02     0.486192E-02     0.469085E-02     0.522014E-02     0.513729E-02
  0.468055E-02     0.560080E-02     0.612391E-02     0.676339E-02     0.565773E-02
  0.463493E-02     0.421821E-02     0.301523E-02     0.409614E-02     0.520020E-02
  0.490968E-02     0.591869E-02     0.442994E-02     0.559085E-02     0.445601E-02
  0.544543E-02     0.406591E-02     0.519799E-02     0.495669E-02     0.343812E-02
  0.549344E-02     0.563425E-02     0.634240E-02     0.492620E-02     0.517597E-02
  0.496052E-02     0.465379E-02     0.474219E-02     0.496807E-02     0.408345E-02
  0.610104E-02     0.435059E-02     0.690349E-02     0.587202E-02     0.574381E-02
  0.606184E-02     0.447685E-02     0.524873E-02     0.455822E-02     0.313797E-02
  0.486028E-02     0.633633E-02     0.464561E-02     0.685228E-02     0.399950E-02
  0.546046E-02     0.561027E-02     0.544212E-02     0.480724E-02     0.814521E-02
  0.600214E-02     0.715739E-02     0.484768E-02     0.855469E-02     0.713854E-02
  0.541123E-02     0.625504E-02     0.589082E-02     0.430778E-02     0.532747E-02
  0.533795E-02     0.428204E-02     0.426243E-02     0.532297E-02     0.917054E-02
  0.489848E-02     0.652845E-02     0.510424E-02     0.663473E-02     0.804566E-02
  0.467618E-02     0.516530E-02     0.624074E-02     0.546828E-02     0.703246E-02
  0.394161E-02     0.397083E-02     0.639082E-02     0.435450E-02     0.579049E-02
  0.565628E-02     0.448759E-02     0.509528E-02     0.428525E-02     0.421392E-02
  0.523807E-02     0.451368E-02     0.494552E-02     0.420527E-02     0.499215E-02
  0.371211E-02     0.462132E-02     0.417383E-02     0.460757E-02     0.485503E-02
  0.611169E-02     0.580399E-02     0.489893E-02     0.422051E-02     0.512108E-02
  0.476343E-02     0.471989E-02     0.474676E-02     0.445894E-02     0.366364E-02
  0.711673E-02     0.548694E-02     0.431621E-02     0.514788E-02     0.472585E-02
  0.544582E-02     0.439197E-02     0.466886E-02     0.563196E-02     0.424884E-02
  0.475170E-02     0.416696E-02     0.565552E-02     0.449924E-02     0.454644E-02
  0.442121E-02     0.470185E-02     0.508837E-02     0.460542E-02     0.516576E-02
  0.466307E-02     0.524794E-02     0.548846E-02     0.499299E-02     0.531519E-02
  0.590835E-02     0.492643E-02     0.503398E-02     0.480271E-02     0.495008E-02
  0.440097E-02     0.547403E-02     0.478232E-02     0.487852E-02     0.490635E-02
  0.510266E-02     0.368691E-02     0.494243E-02     0.514259E-02     0.510650E-02
  0.485652E-02     0.483614E-02     0.473689E-02     0.475984E-02     0.400574E-02
  0.410708E-02     0.512234E-02     0.505066E-02     0.587073E-02     0.441220E-02
  0.477857E-02     0.615668E-02     0.374055E-02     0.616668E-02     0.571001E-02
  0.436673E-02     0.463778E-02     0.395970E-02     0.522301E-02     0.545555E-02
  0.539706E-02     0.617490E-02     0.437735E-02     0.459338E-02     0.703789E-02
  0.460922E-02     0.446548E-02     0.611289E-02     0.466449E-02     0.557642E-02
  0.701995E-02     0.407122E-02     0.664461E-02     0.568321E-02     0.514964E-02
  0.566774E-02     0.573113E-02     0.482761E-02     0.484591E-02     0.509057E-02
  0.545023E-02     0.442748E-02     0.627096E-02     0.407146E-02     0.517457E-02
  0.578500E-02     0.550999E-02     0.566586E-02     0.531908E-02     0.675402E-02
  0.439011E-02     0.554026E-02     0.444706E-02     0.597985E-02     0.652866E-02
  0.548597E-02     0.694202E-02     0.742684E-02     0.511628E-02     0.473882E-02
  0.578726E-02     0.488025E-02     0.513444E-02     0.440404E-02     0.502090E-02
  0.543558E-02     0.538899E-02     0.614562E-02     0.592157E-02     0.549364E-02
  0.529066E-02     0.623741E-02     0.477321E-02     0.707196E-02     0.501318E-02
  0.484906E-02     0.521095E-02     0.493156E-02     0.552197E-02     0.499033E-02
  0.692664E-02     0.451062E-02     0.611949E-02     0.664397E-02     0.534259E-02
  0.532531E-02     0.488348E-02     0.465526E-02     0.690152E-02     0.548886E-02
  0.537934E-02     0.687491E-02     0.523660E-02     0.583174E-02     0.593276E-02
  0.501141E-02     0.547338E-02     0.522824E-02     0.575484E-02     0.557315E-02
  0.510998E-02     0.564375E-02     0.482797E-02     0.741753E-02     0.584695E-02
  0.730458E-02     0.724907E-02     0.540106E-02     0.651801E-02     0.550467E-02
  0.498536E-02     0.627262E-02     0.578416E-02     0.803382E-02     0.593523E-02
  0.597571E-02     0.489503E-02     0.626682E-02     0.624220E-02     0.619331E-02
  0.770776E-02     0.708749E-02     0.762190E-02     0.697344E-02     0.641342E-02
  0.599901E-02     0.593310E-02     0.686862E-02     0.573048E-02     0.562295E-02
  0.850892E-02     0.522932E-02     0.618353E-02     0.623663E-02     0.643461E-02
  0.553792E-02     0.593895E-02     0.575015E-02     0.521304E-02     0.583151E-02
  0.494553E-02     0.603629E-02     0.594234E-02     0.609880E-02     0.478040E-02
  0.545933E-02     0.603564E-02     0.708237E-02     0.589887E-02     0.611811E-02
  0.530087E-02     0.549637E-02     0.594862E-02     0.518415E-02     0.577061E-02
  0.648547E-02     0.618039E-02     0.596042E-02     0.548220E-02     0.482564E-02
  0.531259E-02     0.666705E-02     0.607856E-02     0.563788E-02     0.738001E-02
  0.600096E-02     0.561392E-02     0.575472E-02     0.644298E-02     0.579348E-02
  0.504097E-02     0.572020E-02     0.583987E-02     0.665143E-02     0.596273E-02
  0.549628E-02     0.495711E-02     0.558416E-02     0.473014E-02     0.614468E-02
  0.592944E-02     0.574541E-02     0.562575E-02     0.476413E-02     0.511673E-02
  0.605214E-02     0.685961E-02     0.534995E-02     0.710710E-02     0.558471E-02
  0.518086E-02     0.592721E-02     0.573803E-02     0.652838E-02     0.718821E-02
  0.513679E-02     0.566812E-02     0.699101E-02     0.706723E-02     0.681240E-02
  0.739904E-02     0.745175E-02     0.747859E-02     0.574965E-02     0.558399E-02
  0.785902E-02     0.650924E-02     0.725920E-02     0.670628E-02     0.713783E-02
  0.671539E-02     0.493909E-02     0.627213E-02     0.554071E-02     0.580643E-02
  0.449545E-02     0.538726E-02     0.488951E-02     0.622234E-02     0.497458E-02
  0.586000E-02     0.636827E-02     0.617161E-02     0.698516E-02     0.816017E-02
  0.625383E-02     0.776420E-02     0.798400E-02     0.558083E-02     0.564806E-02
  0.665759E-02     0.693903E-02     0.724946E-02     0.606343E-02     0.742746E-02
  0.595503E-02     0.388996E-02     0.659808E-02     0.927854E-02     0.670472E-02
  0.736288E-02     0.769739E-02     0.791023E-02     0.826423E-02     0.826105E-02
  0.644318E-02     0.697614E-02     0.722590E-02     0.749209E-02     0.605635E-02
  0.697726E-02     0.648985E-02     0.637082E-02     0.619662E-02     0.837937E-02
  0.819086E-02     0.754142E-02     0.777158E-02     0.634881E-02     0.898067E-02
  0.798314E-02     0.741938E-02     0.752898E-02     0.104619E-01     0.107118E-01
  0.962016E-02     0.905627E-02     0.816077E-02     0.450231E-02     0.103998E-01
  0.696287E-02     0.797501E-02     0.627236E-02     0.798095E-02     0.109150E-01
  0.914757E-02     0.107017E-01     0.933502E-02     0.843179E-02     0.111963E-01
  0.816919E-02     0.828651E-02     0.850191E-02     0.690606E-02     0.106153E-01
  0.956812E-02     0.132802E-01     0.601754E-02     0.850752E-02     0.675171E-02
  0.656619E-02     0.100335E-01     0.666583E-02     0.671977E-02     0.842982E-02
  0.910523E-02     0.866585E-02     0.665677E-02     0.615450E-02     0.957083E-02
  0.874229E-02     0.748134E-02     0.801881E-02     0.100035E-01     0.749045E-02
  0.722158E-02     0.489823E-02     0.714107E-02     0.736694E-02     0.561026E-02
  0.639381E-02     0.828902E-02     0.911910E-02     0.743376E-02     0.592044E-02
  0.866826E-02     0.606657E-02     0.736307E-02     0.916832E-02     0.749946E-02
  0.854215E-02     0.505529E-02     0.486967E-02     0.692891E-02     0.481947E-02
  0.573398E-02     0.705029E-02     0.836334E-02     0.103021E-01     0.889714E-02
  0.103653E-01     0.954874E-02     0.109040E-01     0.113225E-01     0.106099E-01
  0.965834E-02     0.784293E-02     0.661129E-02     0.770724E-02     0.584441E-02
  0.506094E-02     0.791849E-02     0.119088E-01     0.132609E-01     0.107895E-01
  0.694366E-02     0.683207E-02     0.581246E-02     0.560504E-02     0.137014E-01
  0.919749E-02     0.845466E-02     0.102742E-01     0.848680E-02     0.740743E-02
  0.531385E-02     0.116260E-01     0.117144E-01     0.650799E-02     0.169023E-01
  0.272591E-01     0.223740E-01     0.361905E-01     0.285279E-01     0.351008E-01
  0.442725E-01     0.628424E-01     0.491906E-01     0.345376E-01     0.439192E-01
  0.501464E-01     0.494281E-01     0.714448E-01     0.975794E-01     0.980574E-01
  0.130501E+00     0.106765E+00     0.164046E+00     0.129055E+00     0.149086E+00
  0.122744E+00     0.111618E+00     0.546584E-01     0.145136E+00     0.121024E+00
  0.156614E+00     0.162001E+00     0.182345E+00     0.197583E+00     0.272621E+00
  0.244018E+00     0.213854E+00     0.257437E+00     0.316691E+00     0.264770E+00
  0.269297E+00     0.257161E+00     0.274433E+00     0.231299E+00     0.317771E+00
  0.307819E+00     0.243035E+00     0.232354E+00     0.375061E+00     0.298895E+00
  0.362770E+00     0.345640E+00     0.343782E+00     0.373919E+00     0.378139E+00
  0.323482E+00     0.469862E+00     0.542395E+00     0.608413E+00     0.465790E+00
  0.696380E+00     0.742468E+00     0.804814E+00
 eigen energies, in ev
    -45.042039       -44.942493       -44.683950       -44.513750       -44.026039
    -29.182006       -28.812826       -28.797468       -28.786823       -28.782126
    -28.740036       -28.586386       -28.570715       -28.524718       -28.363451
    -28.347430       -28.311158       -28.273290       -28.222488       -28.180842
    -28.176402       -28.125504       -28.069900       -28.052919       -28.026844
    -28.008550       -27.978783       -27.946760       -27.934721       -27.926170
    -27.913762       -27.892558       -27.871752       -27.779026       -27.765894
    -27.759197       -27.754251       -27.674227       -27.665007       -27.663511
    -27.662992       -27.633460       -27.593065       -27.565141       -27.520832
    -27.474614       -27.467660       -27.459585       -27.441949       -27.401351
    -27.362462       -27.334945       -27.299421       -27.275180       -27.266428
    -27.253392       -27.235183       -27.205606       -27.203798       -27.185131
    -27.169516       -27.168378       -27.153806       -27.135160       -27.111583
    -27.107177       -27.081265       -27.044345       -27.004582       -26.978025
    -26.959899       -26.946595       -26.830839       -26.804944       -26.775520
    -26.759976       -26.721726       -26.703139       -26.693521       -26.507213
    -26.496524       -26.484426       -26.468774       -26.427383       -26.348120
    -26.327345       -26.293034       -26.278874       -26.278538       -26.250159
    -26.228428       -26.201573       -26.110528       -26.107459       -26.087513
    -26.048292       -26.029532       -25.996610       -25.985023       -25.977620
    -25.927551       -25.905913       -25.878680       -25.861681       -25.858204
    -25.846217       -25.843672       -25.837379       -25.826418       -25.805189
    -25.786806       -25.749559       -25.747440       -25.735780       -25.726089
    -25.718337       -25.684367       -25.652937       -25.647199       -25.609830
    -25.594001       -25.553292       -25.407184       -25.362625       -25.336297
    -25.252691       -25.175440       -25.144119       -25.074782       -25.019551
    -24.996988       -24.985222       -24.974901       -24.861327       -24.685623
    -24.643890       -24.498196       -24.121321       -23.986126       -23.977668
    -23.868169       -23.852312       -23.847865       -23.800567       -23.791758
    -23.762951       -23.613922       -23.534986       -23.478723       -23.317425
    -23.272505       -23.254658       -23.201841       -23.154354       -23.094100
    -22.924897       -22.912139       -22.893434       -22.884788       -22.861281
    -22.784732       -22.744220       -22.531092       -22.380747       -22.261861
    -22.197632       -22.169905       -22.152182       -22.066872       -22.026381
    -21.895023       -21.707444       -21.670856       -21.657375       -21.655415
    -21.648830       -21.580728       -21.571188       -21.489006       -21.465931
    -21.451322       -21.322795       -21.282493       -21.205612       -21.160469
    -21.156295       -21.031057       -20.943472       -20.870762       -20.571289
    -19.129960       -18.752267       -18.526343       -18.503291       -18.384588
    -16.227200       -16.077325       -15.979225       -15.929385       -15.826072
    -15.679816       -15.674364       -15.657555       -15.651620       -15.638769
    -15.560707       -15.453806       -15.271544       -15.268808       -15.262023
    -15.257462       -15.229743       -15.197122       -15.147968       -15.056873
    -15.041340       -14.971311       -14.935653       -14.906255       -14.888572
    -14.765191       -14.695883       -14.581880       -14.554802       -14.465029
    -14.432683       -14.374994       -14.369413       -14.316267       -14.249393
    -14.238435       -14.215406       -14.136285       -14.047993       -13.974765
    -13.906634       -13.891964       -13.879693       -13.850517       -13.815535
    -13.738314       -13.720719       -13.686691       -13.678628       -13.595112
    -13.580112       -13.554644       -13.544891       -13.464039       -13.448455
    -13.439924       -13.300729       -13.299476       -13.177876       -13.164493
    -13.128847       -13.084147       -13.068607       -13.045636       -12.974435
    -12.862875       -12.835668       -12.784003       -12.656484       -12.582247
    -12.423227       -12.357333       -12.236540       -12.212174       -12.035306
    -11.997854       -11.976739       -11.975611       -11.949794       -11.913807
    -11.856859       -11.794202       -11.761102       -11.753078       -11.752400
    -11.732934       -11.720862       -11.694526       -11.679760       -11.575786
    -11.522409       -11.464265       -11.451066       -11.420317       -11.411580
    -11.408670       -11.395358       -11.346636       -11.338054       -11.310525
    -11.255028       -11.240889       -11.234795       -11.168731       -11.135096
    -11.129771       -11.074616       -11.065848       -11.023259       -11.005111
    -10.971404       -10.966515       -10.963573       -10.885165       -10.880398
    -10.822499       -10.777475       -10.766630       -10.751412       -10.736226
    -10.733669       -10.704954       -10.634157       -10.591200       -10.571723
    -10.524923       -10.493294       -10.489973       -10.434119       -10.418916
    -10.398226       -10.379735       -10.367969       -10.355148       -10.339207
    -10.282872       -10.280438       -10.276025       -10.230971       -10.225733
    -10.219964       -10.210340       -10.200548       -10.174641       -10.167159
    -10.164777       -10.135056       -10.127496       -10.120973       -10.118639
    -10.103161       -10.096663       -10.091586       -10.068648       -10.057157
    -10.050103       -10.045884       -10.025572       -10.017544       -10.010072
    -10.000852        -9.969069        -9.955947        -9.938160        -9.927137
     -9.920701        -9.882949        -9.870031        -9.864117        -9.852781
     -9.831911        -9.829152        -9.821469        -9.812985        -9.809739
     -9.791256        -9.776099        -9.772708        -9.743699        -9.714275
     -9.657998        -9.651448        -9.640376        -9.625832        -9.623679
     -9.614496        -9.605414        -9.597221        -9.578710        -9.573556
     -9.567276        -9.557916        -9.539710        -9.531434        -9.511624
     -9.501449        -9.494653        -9.482044        -9.481340        -9.475020
     -9.461591        -9.444686        -9.438161        -9.417476        -9.414711
     -9.408541        -9.392273        -9.388656        -9.376662        -9.363926
     -9.358526        -9.348187        -9.339350        -9.311627        -9.296988
     -9.288307        -9.275128        -9.264347        -9.255202        -9.244361
     -9.236160        -9.204680        -9.198988        -9.186732        -9.177781
     -9.164809        -9.159197        -9.149926        -9.142484        -9.137899
     -9.091282        -9.073228        -9.047361        -9.043189        -9.034148
     -9.019109        -8.986813        -8.971563        -8.951368        -8.942048
     -8.939428        -8.928262        -8.897773        -8.868156        -8.867202
     -8.855549        -8.851644        -8.840338        -8.835157        -8.807861
     -8.800418        -8.785169        -8.762352        -8.751908        -8.715782
     -8.703186        -8.693757        -8.684803        -8.664701        -8.645105
     -8.637912        -8.618825        -8.614419        -8.605824        -8.557945
     -8.556605        -8.548080        -8.525043        -8.519159        -8.493855
     -8.488783        -8.476155        -8.461191        -8.451219        -8.423963
     -8.405121        -8.370222        -8.353810        -8.329642        -8.274357
     -8.250107        -8.232848        -8.225765        -8.210017        -8.204407
     -8.192616        -8.177715        -8.170681        -8.144036        -8.112415
     -8.107369        -8.095141        -8.087695        -8.075748        -8.065976
     -8.043589        -8.035881        -8.017506        -8.005078        -7.983528
     -7.974329        -7.959171        -7.945794        -7.927572        -7.922439
     -7.914819        -7.905770        -7.863085        -7.832542        -7.806502
     -7.773870        -7.760095        -7.734101        -7.712440        -7.691602
     -7.678394        -7.658758        -7.640616        -7.611590        -7.601376
     -7.590292        -7.561126        -7.556140        -7.522797        -7.508539
     -7.427177        -7.425014        -7.420179        -7.398146        -7.383251
     -7.369117        -7.343485        -7.339185        -7.311873        -7.276306
     -7.272201        -7.247836        -7.221298        -7.215064        -7.196735
     -7.094497        -7.084279        -7.061389        -7.057328        -7.019546
     -7.008338        -7.007343        -6.970650        -6.918239        -6.904285
     -6.877561        -6.876121        -6.871889        -6.867489        -6.849181
     -6.821796        -6.819667        -6.812414        -6.792440        -6.772683
     -6.765690        -6.755090        -6.732430        -6.685748        -6.674767
     -6.661610        -6.657643        -6.655518        -6.640382        -6.627169
     -6.612861        -6.594214        -6.591812        -6.569181        -6.558871
     -6.553920        -6.546103        -6.536013        -6.529865        -6.504441
     -6.502732        -6.496076        -6.492488        -6.482692        -6.480724
     -6.467057        -6.459578        -6.451097        -6.436907        -6.421196
     -6.410944        -6.404313        -6.402391        -6.399423        -6.394456
     -6.392152        -6.375857        -6.371107        -6.357416        -6.347304
     -6.342216        -6.335566        -6.324984        -6.321912        -6.300174
     -6.286884        -6.273860        -6.262879        -6.245116        -6.230677
     -6.226378        -6.216389        -6.206756        -6.197314        -6.188659
     -6.174920        -6.169258        -6.163424        -6.152051        -6.149539
     -6.147666        -6.141710        -6.124247        -6.102783        -6.090510
     -6.085606        -6.070611        -6.067287        -6.048488        -6.034692
     -6.032953        -6.027572        -6.024286        -6.018532        -6.000734
     -5.999741        -5.989450        -5.982286        -5.972621        -5.955350
     -5.930657        -5.927673        -5.919654        -5.911965        -5.900688
     -5.884680        -5.878023        -5.868164        -5.851551        -5.842309
     -5.833476        -5.827470        -5.819142        -5.817826        -5.812187
     -5.799279        -5.795741        -5.781709        -5.765691        -5.760339
     -5.745919        -5.735557        -5.729036        -5.721238        -5.709869
     -5.702321        -5.699714        -5.698204        -5.690912        -5.675292
     -5.673287        -5.660175        -5.654976        -5.639239        -5.634050
     -5.630404        -5.621126        -5.616415        -5.611152        -5.608216
     -5.602866        -5.597140        -5.592102        -5.584833        -5.577769
     -5.574012        -5.558158        -5.554074        -5.537897        -5.526932
     -5.522338        -5.514991        -5.508021        -5.503015        -5.488253
     -5.484942        -5.475152        -5.474915        -5.466069        -5.454175
     -5.445620        -5.436636        -5.430627        -5.409693        -5.408050
     -5.399927        -5.381580        -5.373228        -5.368652        -5.363892
     -5.351179        -5.348383        -5.344360        -5.337393        -5.329373
     -5.326202        -5.320246        -5.313049        -5.304775        -5.285477
     -5.280942        -5.280210        -5.267892        -5.263327        -5.262187
     -5.252435        -5.250338        -5.242565        -5.234801        -5.231017
     -5.213654        -5.208393        -5.206409        -5.200505        -5.197248
     -5.186703        -5.181779        -5.180460        -5.178133        -5.153609
     -5.145503        -5.143282        -5.136154        -5.127514        -5.121420
     -5.115047        -5.101398        -5.100022        -5.096393        -5.092025
     -5.076579        -5.073889        -5.072410        -5.067647        -5.064122
     -5.057211        -5.047387        -5.042893        -5.034918        -5.031343
     -5.022737        -5.021788        -5.014120        -5.010129        -5.003040
     -4.985164        -4.978652        -4.970518        -4.965089        -4.958852
     -4.956418        -4.954191        -4.945839        -4.939626        -4.938564
     -4.928555        -4.925022        -4.911990        -4.905668        -4.900509
     -4.887593        -4.884222        -4.876265        -4.870180        -4.868477
     -4.855014        -4.850780        -4.846769        -4.842361        -4.830516
     -4.822030        -4.814388        -4.812101        -4.804160        -4.794558
     -4.793285        -4.786824        -4.773349        -4.751274        -4.741639
     -4.737080        -4.731163        -4.721446        -4.719510        -4.708146
     -4.697228        -4.689830        -4.674834        -4.662230        -4.658450
     -4.644442        -4.632593        -4.609482        -4.604652        -4.592779
     -4.585924        -4.581172        -4.574659        -4.560967        -4.546664
     -4.545369        -4.543483        -4.527400        -4.518901        -4.513561
     -4.506474        -4.480737        -4.466731        -4.459966        -4.456622
     -4.454908        -4.438718        -4.435475        -4.423269        -4.417142
     -4.398077        -4.396544        -4.386566        -4.379108        -4.371458
     -4.362421        -4.352443        -4.311015        -4.301883        -4.292656
     -4.284004        -4.271027        -4.260063        -4.223066        -4.217663
     -4.211377        -4.201782        -4.200706        -4.160978        -4.149851
     -4.133980        -4.117553        -4.108708        -4.107232        -4.093855
     -4.086770        -4.083838        -4.071973        -4.065451        -4.015882
     -4.007322        -3.989767        -3.968116        -3.963907        -3.948609
     -3.925396        -3.903519        -3.880931        -3.876755        -3.859130
     -3.826389        -3.822529        -3.807257        -3.767691        -3.757994
     -3.747148        -3.713577        -3.694331        -3.688830        -3.667734
     -3.651075        -3.640843        -3.631377        -3.609702        -3.597798
     -3.575420        -3.561633        -3.544377        -3.533645        -3.529779
     -3.504357        -3.500815        -3.470792        -3.440227        -3.413909
     -3.398695        -3.390535        -3.379023        -3.363826        -3.324250
     -3.299883        -3.289295        -3.271452        -3.249632        -3.243256
     -3.207826        -3.177728        -3.165733        -3.137343        -3.123544
     -3.118077        -3.056765        -3.053609        -3.048405        -3.024534
     -3.015392        -2.996246        -2.988351        -2.980500        -2.978401
     -2.970113        -2.930848        -2.889332        -2.880294        -2.869218
     -2.863047        -2.848770        -2.834689        -2.830124        -2.814156
     -2.802576        -2.789005        -2.756808        -2.749530        -2.739357
     -2.706519        -2.701495        -2.685896        -2.672772        -2.633745
     -2.622818        -2.615674        -2.604752        -2.595505        -2.569359
     -2.565788        -2.556399        -2.544154        -2.540571        -2.506568
     -2.486644        -2.476117        -2.468002        -2.441117        -2.437792
     -2.420566        -2.405728        -2.389851        -2.360263        -2.311270
     -2.290032        -2.286970        -2.192959        -2.185943        -2.176578
     -2.079821        -2.072767        -2.058335        -2.011599        -1.979468
      2.007997         2.269198         2.565607         2.588497         2.650886
      2.800125         2.883223         2.949872         3.056338         3.178137
      3.245509         3.275750         3.321816         3.421735         3.521624
      3.543656         3.586985         3.635950         3.703638         3.720636
      3.757262         3.797726         3.819320         3.821002         3.868504
      3.922903         3.945474         3.978498         4.012255         4.029049
      4.071989         4.084384         4.099268         4.103458         4.145176
      4.170778         4.179575         4.190834         4.229873         4.236282
      4.253291         4.298894         4.324575         4.336612         4.358319
      4.369007         4.399469         4.442092         4.478280         4.501552
      4.533816         4.540827         4.575164         4.605472         4.676780
      4.708892         4.750697         4.794734
 *********************************
 sum eigen(dbl occ, ryd)=  -1542.83690134442     
 *********************************
 Ef(eV)= -0.516587548949269     
 ***************************************************
 iter=          15
 ---------------------------------------------------
 dvE, dvE(n)-dvE(n-1) = 0.3864E-04 0.8790E-05
 dv_ave, drho_tot     = 0.6216E-02 0.1796E-02
 err of ug            = 0.3481E-03
 ---------------------------------------------------
 Ewald        = -.41116881944013E+05
 Alpha        = 0.15207970391171E+04
 E_extV       = 0.00000000000000E+00    0.0000E+00
 E_NSC        = -.21438043775484E+05    -.3731E+01
 E[-rho*V_Hxc]= -.12388260510106E+06    0.4046E+01
 E_Hxc        = 0.52015055511793E+05    -.3964E+01
 -TS          = -.35505862133968E-26    0.1830E-41
 E_tot(eV)    = -.13290167826965E+06    0.3158E+00
 ---------------------------------------------------
 E_ion,E_coul,E_xc =   -224712.0703460   80815.4710265  -28800.4155147
Ewald+Hart+ion    -0.1850134812635E+06
 ave(vtot)=ave_(V_xc)=: v0= -0.282054728632497     
 Eigen energies are values after setting ave_vtot=0
 ----------------------------------
 One SCF use:    85.9066381454468       s
 *********************************
 ****** kpt=           1
 err of each states, eV
  0.637150E-02     0.228102E-02     0.314593E-02     0.337725E-02     0.197620E-02
  0.305591E-02     0.216826E-02     0.153053E-02     0.186226E-02     0.112890E-02
  0.231815E-02     0.183819E-02     0.104811E-02     0.174054E-02     0.168302E-02
  0.161671E-02     0.202143E-02     0.177591E-02     0.103650E-02     0.228571E-02
  0.288371E-02     0.211518E-02     0.157860E-02     0.198753E-02     0.189539E-02
  0.948469E-03     0.945442E-03     0.211274E-02     0.227635E-02     0.111658E-02
  0.115480E-02     0.118348E-02     0.135170E-02     0.181812E-02     0.271760E-02
  0.123515E-02     0.332266E-02     0.197460E-02     0.177339E-02     0.276936E-02
  0.152225E-02     0.166330E-02     0.105694E-02     0.180949E-02     0.923850E-03
  0.129012E-02     0.116722E-02     0.142967E-02     0.111139E-02     0.104626E-02
  0.229254E-02     0.230183E-02     0.174115E-02     0.119612E-02     0.144954E-02
  0.203050E-02     0.173100E-02     0.179213E-02     0.148128E-02     0.208814E-02
  0.183489E-02     0.784096E-03     0.173979E-02     0.162640E-02     0.118264E-02
  0.184867E-02     0.180403E-02     0.151968E-02     0.124267E-02     0.123270E-02
  0.164722E-02     0.176086E-02     0.177554E-02     0.115743E-02     0.202165E-02
  0.223445E-02     0.180153E-02     0.109114E-02     0.131107E-02     0.119333E-02
  0.201839E-02     0.175912E-02     0.133609E-02     0.132365E-02     0.197953E-02
  0.149437E-02     0.683322E-03     0.195358E-02     0.186399E-02     0.183892E-02
  0.165174E-02     0.100050E-02     0.136876E-02     0.199553E-02     0.203135E-02
  0.188835E-02     0.164701E-02     0.215603E-02     0.131734E-02     0.106351E-02
  0.170347E-02     0.185071E-02     0.945334E-03     0.118585E-02     0.125203E-02
  0.841138E-03     0.184468E-02     0.143228E-02     0.113702E-02     0.205529E-02
  0.159782E-02     0.166256E-02     0.172793E-02     0.246509E-02     0.160529E-02
  0.100162E-02     0.119044E-02     0.135424E-02     0.181811E-02     0.143383E-02
  0.195039E-02     0.143636E-02     0.183890E-02     0.167863E-02     0.106701E-02
  0.182681E-02     0.101660E-02     0.132881E-02     0.166107E-02     0.245403E-02
  0.201338E-02     0.239116E-02     0.121822E-02     0.167988E-02     0.187224E-02
  0.275868E-02     0.179479E-02     0.207406E-02     0.253808E-02     0.183113E-02
  0.227500E-02     0.275632E-02     0.203350E-02     0.213086E-02     0.234232E-02
  0.165032E-02     0.239005E-02     0.131287E-02     0.170675E-02     0.343906E-02
  0.203666E-02     0.236001E-02     0.147416E-02     0.179497E-02     0.166236E-02
  0.172447E-02     0.338926E-02     0.183827E-02     0.197785E-02     0.197307E-02
  0.150562E-02     0.138934E-02     0.211314E-02     0.168243E-02     0.204849E-02
  0.228841E-02     0.851969E-03     0.173060E-02     0.235551E-02     0.145917E-02
  0.222099E-02     0.212364E-02     0.196550E-02     0.254395E-02     0.204605E-02
  0.167718E-02     0.207194E-02     0.419039E-02     0.220343E-02     0.189026E-02
  0.184943E-02     0.195673E-02     0.149191E-02     0.189056E-02     0.142560E-02
  0.118289E-02     0.184965E-02     0.141322E-02     0.160583E-02     0.189610E-02
  0.210860E-02     0.105682E-02     0.156575E-02     0.164050E-02     0.326375E-02
  0.223947E-02     0.180198E-02     0.166740E-02     0.110679E-02     0.189137E-02
  0.141222E-02     0.232382E-02     0.165611E-02     0.115551E-02     0.157030E-02
  0.142779E-02     0.144488E-02     0.105485E-02     0.263510E-02     0.161778E-02
  0.134624E-02     0.153692E-02     0.129153E-02     0.176577E-02     0.128484E-02
  0.195794E-02     0.127714E-02     0.170882E-02     0.126733E-02     0.214199E-02
  0.127720E-02     0.139997E-02     0.136961E-02     0.136885E-02     0.133815E-02
  0.194604E-02     0.151081E-02     0.186531E-02     0.144656E-02     0.161566E-02
  0.216821E-02     0.132233E-02     0.145595E-02     0.186949E-02     0.134829E-02
  0.219061E-02     0.127558E-02     0.300096E-02     0.208894E-02     0.219686E-02
  0.205882E-02     0.172544E-02     0.181193E-02     0.180432E-02     0.164836E-02
  0.126227E-02     0.146129E-02     0.226884E-02     0.254034E-02     0.155313E-02
  0.260926E-02     0.224020E-02     0.215214E-02     0.212173E-02     0.189788E-02
  0.209026E-02     0.219029E-02     0.161499E-02     0.152167E-02     0.234157E-02
  0.164608E-02     0.143652E-02     0.201207E-02     0.189532E-02     0.134120E-02
  0.246354E-02     0.220682E-02     0.197329E-02     0.213681E-02     0.249396E-02
  0.215605E-02     0.219801E-02     0.267352E-02     0.304992E-02     0.303124E-02
  0.248003E-02     0.269532E-02     0.219311E-02     0.220866E-02     0.224703E-02
  0.235275E-02     0.316889E-02     0.257975E-02     0.337756E-02     0.177394E-02
  0.177060E-02     0.256122E-02     0.196768E-02     0.216188E-02     0.197834E-02
  0.304050E-02     0.198963E-02     0.225068E-02     0.233306E-02     0.217406E-02
  0.299734E-02     0.309089E-02     0.205723E-02     0.255263E-02     0.280110E-02
  0.292038E-02     0.460021E-02     0.190354E-02     0.301346E-02     0.210746E-02
  0.348677E-02     0.261881E-02     0.395028E-02     0.361191E-02     0.407600E-02
  0.322214E-02     0.271600E-02     0.223738E-02     0.361656E-02     0.403636E-02
  0.363889E-02     0.299321E-02     0.294782E-02     0.323016E-02     0.301936E-02
  0.355084E-02     0.248633E-02     0.279913E-02     0.399863E-02     0.306584E-02
  0.297074E-02     0.201647E-02     0.459314E-02     0.309386E-02     0.287053E-02
  0.308174E-02     0.278311E-02     0.473913E-02     0.378971E-02     0.429289E-02
  0.353108E-02     0.346014E-02     0.261227E-02     0.246085E-02     0.597703E-02
  0.385985E-02     0.363786E-02     0.331076E-02     0.343128E-02     0.374253E-02
  0.411040E-02     0.366646E-02     0.325606E-02     0.435565E-02     0.350849E-02
  0.341357E-02     0.326630E-02     0.366749E-02     0.347178E-02     0.373560E-02
  0.228030E-02     0.484633E-02     0.434179E-02     0.400767E-02     0.383657E-02
  0.408269E-02     0.316276E-02     0.307086E-02     0.340439E-02     0.368010E-02
  0.283709E-02     0.285412E-02     0.355859E-02     0.298913E-02     0.250106E-02
  0.264442E-02     0.340190E-02     0.385196E-02     0.338796E-02     0.251903E-02
  0.321828E-02     0.309393E-02     0.284731E-02     0.307698E-02     0.281300E-02
  0.287838E-02     0.198102E-02     0.348886E-02     0.338132E-02     0.317908E-02
  0.316260E-02     0.372305E-02     0.399078E-02     0.374428E-02     0.384592E-02
  0.394900E-02     0.387981E-02     0.362579E-02     0.322256E-02     0.364885E-02
  0.390064E-02     0.349189E-02     0.368764E-02     0.349306E-02     0.317076E-02
  0.317539E-02     0.338388E-02     0.247134E-02     0.330475E-02     0.354457E-02
  0.489954E-02     0.321836E-02     0.337549E-02     0.389071E-02     0.370152E-02
  0.409772E-02     0.381262E-02     0.334324E-02     0.337887E-02     0.338684E-02
  0.294501E-02     0.502055E-02     0.465802E-02     0.514563E-02     0.428381E-02
  0.561015E-02     0.514485E-02     0.378616E-02     0.351960E-02     0.331352E-02
  0.305137E-02     0.445993E-02     0.376674E-02     0.335588E-02     0.450784E-02
  0.390469E-02     0.360533E-02     0.407587E-02     0.418842E-02     0.465984E-02
  0.430777E-02     0.423966E-02     0.306812E-02     0.356061E-02     0.367052E-02
  0.412053E-02     0.409446E-02     0.444772E-02     0.367987E-02     0.319463E-02
  0.391002E-02     0.399502E-02     0.283403E-02     0.277032E-02     0.313867E-02
  0.305640E-02     0.381739E-02     0.375502E-02     0.298623E-02     0.292756E-02
  0.287345E-02     0.310237E-02     0.323665E-02     0.442720E-02     0.346817E-02
  0.399021E-02     0.373908E-02     0.336320E-02     0.346300E-02     0.297985E-02
  0.354922E-02     0.357158E-02     0.386913E-02     0.296463E-02     0.397298E-02
  0.346440E-02     0.356004E-02     0.342356E-02     0.311259E-02     0.223028E-02
  0.306531E-02     0.192937E-02     0.332024E-02     0.256433E-02     0.289884E-02
  0.421041E-02     0.362133E-02     0.286455E-02     0.347968E-02     0.323886E-02
  0.344030E-02     0.302321E-02     0.330010E-02     0.309852E-02     0.296401E-02
  0.289927E-02     0.337612E-02     0.401360E-02     0.376149E-02     0.318682E-02
  0.350627E-02     0.389846E-02     0.452555E-02     0.354527E-02     0.460682E-02
  0.365100E-02     0.415105E-02     0.406873E-02     0.270200E-02     0.279013E-02
  0.265126E-02     0.357508E-02     0.438341E-02     0.254409E-02     0.312401E-02
  0.404055E-02     0.449069E-02     0.443887E-02     0.428937E-02     0.381411E-02
  0.365854E-02     0.462455E-02     0.358117E-02     0.380434E-02     0.490104E-02
  0.331381E-02     0.344498E-02     0.337601E-02     0.335212E-02     0.399974E-02
  0.372758E-02     0.444203E-02     0.374683E-02     0.388303E-02     0.493150E-02
  0.490122E-02     0.336176E-02     0.306931E-02     0.436400E-02     0.357165E-02
  0.361852E-02     0.349875E-02     0.410014E-02     0.333459E-02     0.306969E-02
  0.360321E-02     0.295736E-02     0.296983E-02     0.353725E-02     0.269884E-02
  0.296438E-02     0.392409E-02     0.407328E-02     0.326499E-02     0.363572E-02
  0.289171E-02     0.450846E-02     0.397512E-02     0.339951E-02     0.288500E-02
  0.317746E-02     0.253548E-02     0.245222E-02     0.351186E-02     0.333132E-02
  0.423626E-02     0.465588E-02     0.406802E-02     0.327688E-02     0.356510E-02
  0.322391E-02     0.380891E-02     0.280430E-02     0.285243E-02     0.322181E-02
  0.335477E-02     0.307982E-02     0.314823E-02     0.335665E-02     0.376646E-02
  0.314150E-02     0.625743E-02     0.367450E-02     0.310613E-02     0.297297E-02
  0.303168E-02     0.332689E-02     0.353917E-02     0.346300E-02     0.349895E-02
  0.355961E-02     0.322439E-02     0.363279E-02     0.379447E-02     0.383792E-02
  0.398933E-02     0.353687E-02     0.365237E-02     0.349018E-02     0.327660E-02
  0.302902E-02     0.407508E-02     0.375971E-02     0.402381E-02     0.396323E-02
  0.356620E-02     0.391222E-02     0.412519E-02     0.390764E-02     0.403680E-02
  0.324459E-02     0.362782E-02     0.319142E-02     0.333669E-02     0.353283E-02
  0.378382E-02     0.369235E-02     0.383532E-02     0.339400E-02     0.412842E-02
  0.369573E-02     0.365247E-02     0.323266E-02     0.451202E-02     0.346753E-02
  0.352235E-02     0.387677E-02     0.383654E-02     0.375073E-02     0.347685E-02
  0.359660E-02     0.384020E-02     0.403826E-02     0.367150E-02     0.346570E-02
  0.357486E-02     0.428208E-02     0.334398E-02     0.462854E-02     0.317465E-02
  0.379892E-02     0.413322E-02     0.513501E-02     0.310591E-02     0.388605E-02
  0.415002E-02     0.444698E-02     0.376743E-02     0.410750E-02     0.369411E-02
  0.419399E-02     0.397843E-02     0.394605E-02     0.369048E-02     0.364546E-02
  0.377582E-02     0.401149E-02     0.356898E-02     0.404665E-02     0.376879E-02
  0.396133E-02     0.364573E-02     0.283534E-02     0.333056E-02     0.410693E-02
  0.379085E-02     0.363949E-02     0.393041E-02     0.460203E-02     0.359229E-02
  0.402450E-02     0.489744E-02     0.378141E-02     0.499510E-02     0.453899E-02
  0.465508E-02     0.397202E-02     0.516740E-02     0.461908E-02     0.359183E-02
  0.440906E-02     0.382702E-02     0.361955E-02     0.373696E-02     0.429156E-02
  0.359804E-02     0.379700E-02     0.431686E-02     0.395180E-02     0.396699E-02
  0.404683E-02     0.374157E-02     0.364676E-02     0.364305E-02     0.356698E-02
  0.460375E-02     0.323467E-02     0.441122E-02     0.431233E-02     0.399295E-02
  0.531546E-02     0.367469E-02     0.365729E-02     0.387979E-02     0.409119E-02
  0.387315E-02     0.369741E-02     0.399109E-02     0.373618E-02     0.327883E-02
  0.440294E-02     0.477473E-02     0.412065E-02     0.421066E-02     0.363099E-02
  0.524872E-02     0.458650E-02     0.540025E-02     0.327817E-02     0.427347E-02
  0.425234E-02     0.424204E-02     0.420567E-02     0.499137E-02     0.455032E-02
  0.439480E-02     0.469778E-02     0.435625E-02     0.399783E-02     0.520051E-02
  0.401181E-02     0.498387E-02     0.478280E-02     0.482638E-02     0.512670E-02
  0.473570E-02     0.472037E-02     0.438337E-02     0.495391E-02     0.388035E-02
  0.389001E-02     0.465053E-02     0.396378E-02     0.422410E-02     0.437120E-02
  0.356300E-02     0.437293E-02     0.404017E-02     0.434236E-02     0.522748E-02
  0.490494E-02     0.493986E-02     0.455663E-02     0.463873E-02     0.510114E-02
  0.514285E-02     0.437183E-02     0.455272E-02     0.471996E-02     0.469366E-02
  0.407286E-02     0.420089E-02     0.416037E-02     0.376884E-02     0.434616E-02
  0.367683E-02     0.365012E-02     0.452823E-02     0.390954E-02     0.464909E-02
  0.463863E-02     0.378027E-02     0.436932E-02     0.471141E-02     0.430916E-02
  0.494693E-02     0.439909E-02     0.387853E-02     0.537214E-02     0.306606E-02
  0.454696E-02     0.531910E-02     0.462575E-02     0.438680E-02     0.455632E-02
  0.498760E-02     0.461979E-02     0.448429E-02     0.408872E-02     0.464239E-02
  0.467701E-02     0.500398E-02     0.453765E-02     0.583548E-02     0.516253E-02
  0.403457E-02     0.426475E-02     0.470365E-02     0.493432E-02     0.439660E-02
  0.445472E-02     0.439763E-02     0.423756E-02     0.443279E-02     0.347595E-02
  0.505756E-02     0.345114E-02     0.538122E-02     0.543205E-02     0.491606E-02
  0.396295E-02     0.471558E-02     0.558535E-02     0.498437E-02     0.633291E-02
  0.637514E-02     0.628843E-02     0.475582E-02     0.514141E-02     0.559941E-02
  0.458873E-02     0.559712E-02     0.471542E-02     0.460362E-02     0.489983E-02
  0.359572E-02     0.616809E-02     0.511664E-02     0.410195E-02     0.330409E-02
  0.385879E-02     0.505045E-02     0.464167E-02     0.503383E-02     0.507168E-02
  0.358203E-02     0.452653E-02     0.489445E-02     0.616423E-02     0.477360E-02
  0.534915E-02     0.555739E-02     0.527000E-02     0.492807E-02     0.537704E-02
  0.374354E-02     0.443494E-02     0.483507E-02     0.507060E-02     0.516972E-02
  0.501733E-02     0.451722E-02     0.517073E-02     0.469117E-02     0.454990E-02
  0.526407E-02     0.606594E-02     0.572279E-02     0.666433E-02     0.581573E-02
  0.565842E-02     0.833307E-02     0.614666E-02     0.477142E-02     0.534672E-02
  0.425829E-02     0.405283E-02     0.627269E-02     0.689130E-02     0.543648E-02
  0.529219E-02     0.676985E-02     0.629921E-02     0.638824E-02     0.624016E-02
  0.369907E-02     0.278502E-02     0.469264E-02     0.651783E-02     0.659029E-02
  0.501994E-02     0.627369E-02     0.572776E-02     0.575172E-02     0.688166E-02
  0.656471E-02     0.606571E-02     0.564126E-02     0.618397E-02     0.547774E-02
  0.615509E-02     0.581288E-02     0.644699E-02     0.464782E-02     0.564722E-02
  0.582170E-02     0.750260E-02     0.578814E-02     0.410938E-02     0.440301E-02
  0.601917E-02     0.685875E-02     0.730966E-02     0.441141E-02     0.516156E-02
  0.713416E-02     0.690289E-02     0.772401E-02     0.627090E-02     0.552468E-02
  0.545300E-02     0.575786E-02     0.568931E-02     0.583551E-02     0.625746E-02
  0.913523E-02     0.434784E-02     0.651853E-02     0.447833E-02     0.542398E-02
  0.620660E-02     0.612254E-02     0.612910E-02     0.503604E-02     0.410398E-02
  0.676468E-02     0.517036E-02     0.553624E-02     0.480695E-02     0.673433E-02
  0.418624E-02     0.369072E-02     0.822733E-02     0.464857E-02     0.504532E-02
  0.582890E-02     0.606822E-02     0.799394E-02     0.794240E-02     0.465697E-02
  0.619485E-02     0.675196E-02     0.549502E-02     0.548825E-02     0.415659E-02
  0.584475E-02     0.560100E-02     0.485341E-02     0.593551E-02     0.591411E-02
  0.637323E-02     0.520378E-02     0.588493E-02     0.727868E-02     0.623504E-02
  0.595997E-02     0.648694E-02     0.534171E-02     0.594675E-02     0.572845E-02
  0.742634E-02     0.548465E-02     0.789804E-02     0.553040E-02     0.513412E-02
  0.887967E-02     0.745329E-02     0.395040E-02     0.518689E-02     0.653507E-02
  0.351250E-02     0.400341E-02     0.441762E-02     0.773941E-02     0.138006E-01
  0.183989E-01     0.158892E-01     0.258782E-01     0.242592E-01     0.220865E-01
  0.370562E-01     0.306681E-01     0.569613E-01     0.268285E-01     0.312723E-01
  0.376262E-01     0.379627E-01     0.488756E-01     0.741285E-01     0.768282E-01
  0.879582E-01     0.882705E-01     0.942103E-01     0.971976E-01     0.106353E+00
  0.843131E-01     0.102422E+00     0.666163E-01     0.987685E-01     0.796590E-01
  0.862380E-01     0.127875E+00     0.160888E+00     0.225332E+00     0.154487E+00
  0.172062E+00     0.127395E+00     0.170449E+00     0.184279E+00     0.203720E+00
  0.219167E+00     0.241078E+00     0.193921E+00     0.230853E+00     0.229889E+00
  0.175252E+00     0.204704E+00     0.215801E+00     0.291142E+00     0.228249E+00
  0.217195E+00     0.290647E+00     0.339060E+00     0.248515E+00     0.293675E+00
  0.400820E+00     0.334561E+00     0.301747E+00     0.372517E+00     0.453315E+00
  0.587142E+00     0.583028E+00     0.415755E+00
 eigen energies, in ev
    -44.832785       -44.773752       -44.530391       -44.356955       -43.937231
    -28.984554       -28.867712       -28.862801       -28.818295       -28.759111
    -28.753489       -28.611633       -28.587205       -28.440392       -28.437584
    -28.406837       -28.406656       -28.309217       -28.244001       -28.236667
    -28.229931       -28.223929       -28.104893       -28.085002       -28.070422
    -28.063392       -28.063008       -27.982384       -27.972170       -27.961814
    -27.951316       -27.930464       -27.898165       -27.854113       -27.840361
    -27.809811       -27.771420       -27.753493       -27.729810       -27.712807
    -27.626599       -27.617228       -27.595521       -27.556030       -27.517810
    -27.514305       -27.486312       -27.475638       -27.454913       -27.433140
    -27.362198       -27.344195       -27.342330       -27.340293       -27.313892
    -27.312671       -27.267830       -27.262994       -27.258626       -27.249842
    -27.233309       -27.222607       -27.187393       -27.185154       -27.156694
    -27.127785       -27.087067       -27.079896       -26.966445       -26.916443
    -26.911427       -26.900807       -26.871598       -26.840478       -26.824615
    -26.775286       -26.708784       -26.668733       -26.660730       -26.562195
    -26.551591       -26.521221       -26.511874       -26.461486       -26.448367
    -26.394878       -26.384907       -26.350775       -26.311177       -26.295641
    -26.248711       -26.241983       -26.195146       -26.157043       -26.113803
    -26.090211       -26.062322       -26.050535       -26.043414       -26.025121
    -25.954775       -25.942146       -25.908266       -25.905513       -25.904870
    -25.895501       -25.891221       -25.881483       -25.855752       -25.840622
    -25.839089       -25.834463       -25.820026       -25.819518       -25.776888
    -25.762057       -25.732917       -25.719497       -25.703360       -25.673643
    -25.650460       -25.613140       -25.471306       -25.451343       -25.412023
    -25.319096       -25.212009       -25.184563       -25.164217       -25.126845
    -25.087376       -25.042477       -25.006254       -24.932667       -24.725670
    -24.553076       -24.363744       -23.950682       -23.941493       -23.911096
    -23.803994       -23.768395       -23.721895       -23.707151       -23.646940
    -23.644601       -23.503068       -23.459721       -23.368428       -23.364909
    -23.178685       -23.177800       -23.154364       -23.130426       -23.117516
    -23.001072       -22.945337       -22.943638       -22.888119       -22.877888
    -22.855613       -22.629599       -22.605141       -22.388987       -22.322532
    -22.282555       -22.200135       -22.160624       -22.046637       -22.034957
    -21.948514       -21.691221       -21.589204       -21.584085       -21.565846
    -21.543966       -21.524346       -21.443624       -21.371010       -21.351965
    -21.340337       -21.210903       -21.209725       -21.113940       -21.093952
    -21.090340       -20.921622       -20.897982       -20.837535       -20.543396
    -18.958224       -18.605026       -18.433502       -18.410171       -18.283133
    -16.267982       -16.192813       -15.957988       -15.901999       -15.818872
    -15.760837       -15.736800       -15.721569       -15.716599       -15.705375
    -15.607934       -15.459965       -15.345395       -15.300607       -15.257082
    -15.221726       -15.197944       -15.142517       -15.134282       -15.108555
    -15.098058       -15.068053       -14.874610       -14.836401       -14.827746
    -14.700747       -14.663640       -14.603825       -14.553837       -14.551043
    -14.499824       -14.449634       -14.400909       -14.381192       -14.294401
    -14.285908       -14.242313       -14.048378       -14.001666       -13.976169
    -13.950513       -13.924644       -13.922834       -13.782238       -13.740750
    -13.730988       -13.675125       -13.668660       -13.583818       -13.524159
    -13.522652       -13.493610       -13.482605       -13.459592       -13.413815
    -13.361194       -13.332508       -13.252970       -13.242635       -13.205606
    -13.199357       -13.181901       -13.112011       -13.013422       -12.974030
    -12.951856       -12.914782       -12.869851       -12.751572       -12.615953
    -12.442553       -12.431906       -12.271128       -12.216518       -12.057463
    -12.044648       -12.004594       -11.972878       -11.887136       -11.858876
    -11.844468       -11.841509       -11.796896       -11.792205       -11.790608
    -11.780243       -11.741352       -11.733738       -11.611717       -11.585348
    -11.557382       -11.526214       -11.493611       -11.484425       -11.475311
    -11.410454       -11.398947       -11.364445       -11.355174       -11.340230
    -11.285888       -11.259034       -11.230240       -11.216268       -11.162105
    -11.125207       -11.104052       -11.095367       -11.050079       -11.034371
    -10.956862       -10.944965       -10.887595       -10.869049       -10.863770
    -10.845368       -10.785132       -10.751770       -10.724907       -10.718190
    -10.713591       -10.703180       -10.635621       -10.605995       -10.572015
    -10.568827       -10.563648       -10.521781       -10.519563       -10.470201
    -10.448305       -10.424349       -10.401820       -10.357770       -10.347226
    -10.330852       -10.320859       -10.306969       -10.293542       -10.271265
    -10.256907       -10.245991       -10.240249       -10.209600       -10.188444
    -10.182285       -10.176787       -10.175290       -10.168070       -10.154521
    -10.142999       -10.137875       -10.133609       -10.106988       -10.093179
    -10.085643       -10.082927       -10.063223       -10.039994       -10.030807
    -10.005011       -10.001197        -9.968062        -9.959224        -9.918517
     -9.915915        -9.907963        -9.903815        -9.891833        -9.888161
     -9.884677        -9.871633        -9.861408        -9.849642        -9.842879
     -9.840583        -9.838359        -9.824305        -9.777221        -9.744793
     -9.742348        -9.740262        -9.708295        -9.701484        -9.690550
     -9.680394        -9.660500        -9.647471        -9.587747        -9.585672
     -9.570147        -9.555835        -9.544518        -9.537895        -9.528316
     -9.519074        -9.504143        -9.501702        -9.486598        -9.477099
     -9.467315        -9.458366        -9.452407        -9.446339        -9.437325
     -9.430774        -9.425261        -9.412855        -9.392540        -9.388833
     -9.374503        -9.369449        -9.355686        -9.342004        -9.332803
     -9.324431        -9.317099        -9.300476        -9.284412        -9.268281
     -9.258332        -9.224918        -9.217437        -9.200980        -9.183230
     -9.155054        -9.151610        -9.147613        -9.136334        -9.129986
     -9.124456        -9.100557        -9.088213        -9.050126        -9.037711
     -9.012603        -8.993487        -8.972395        -8.953428        -8.949981
     -8.942464        -8.930280        -8.920290        -8.910343        -8.889407
     -8.881390        -8.878369        -8.859237        -8.826209        -8.815752
     -8.784391        -8.777113        -8.755715        -8.742354        -8.735005
     -8.724284        -8.716272        -8.708096        -8.688979        -8.684263
     -8.671735        -8.642745        -8.635443        -8.612789        -8.586132
     -8.580117        -8.565907        -8.547083        -8.544698        -8.536360
     -8.521956        -8.507063        -8.497817        -8.473114        -8.466526
     -8.458479        -8.435158        -8.426749        -8.393641        -8.326927
     -8.303184        -8.247072        -8.222364        -8.181402        -8.166166
     -8.148749        -8.142779        -8.136292        -8.119892        -8.105105
     -8.088579        -8.073655        -8.063200        -8.052318        -8.042794
     -8.005250        -7.999984        -7.966976        -7.964441        -7.932006
     -7.901752        -7.900842        -7.892487        -7.886056        -7.884918
     -7.869000        -7.842066        -7.823748        -7.820097        -7.817326
     -7.788888        -7.765711        -7.730240        -7.705434        -7.646923
     -7.627128        -7.595382        -7.589098        -7.575706        -7.568554
     -7.537084        -7.531366        -7.479391        -7.476749        -7.451502
     -7.430678        -7.392122        -7.386777        -7.359121        -7.342392
     -7.336431        -7.327268        -7.307708        -7.279042        -7.249925
     -7.217945        -7.209963        -7.205339        -7.140254        -7.118696
     -7.105942        -7.100366        -7.092832        -7.048027        -7.042047
     -6.992880        -6.959344        -6.954843        -6.948615        -6.931674
     -6.898212        -6.891869        -6.891038        -6.872249        -6.861406
     -6.847299        -6.837819        -6.828634        -6.813355        -6.771242
     -6.757877        -6.736176        -6.731411        -6.716383        -6.696291
     -6.694914        -6.681291        -6.678455        -6.651836        -6.645659
     -6.626287        -6.608207        -6.597268        -6.590013        -6.583516
     -6.574743        -6.565494        -6.560434        -6.553034        -6.547818
     -6.530888        -6.512129        -6.490140        -6.485867        -6.475061
     -6.463624        -6.459620        -6.446802        -6.442646        -6.440364
     -6.429998        -6.423771        -6.418760        -6.408236        -6.403555
     -6.397908        -6.387122        -6.375752        -6.352799        -6.349937
     -6.323805        -6.315504        -6.298222        -6.293395        -6.285192
     -6.277981        -6.268191        -6.264415        -6.261105        -6.256697
     -6.243535        -6.240845        -6.227352        -6.222255        -6.219467
     -6.214823        -6.195736        -6.175207        -6.154614        -6.149421
     -6.141202        -6.129438        -6.123941        -6.121507        -6.111007
     -6.098952        -6.093202        -6.081165        -6.068375        -6.050366
     -6.034764        -6.029889        -6.028185        -6.013327        -6.000829
     -5.996815        -5.987191        -5.980753        -5.969936        -5.961457
     -5.952268        -5.947677        -5.931323        -5.914061        -5.902218
     -5.896879        -5.885581        -5.883138        -5.875518        -5.859852
     -5.857973        -5.852323        -5.847997        -5.836915        -5.832975
     -5.816472        -5.807323        -5.795948        -5.786684        -5.782179
     -5.768636        -5.761760        -5.752158        -5.749925        -5.743142
     -5.738921        -5.726318        -5.724860        -5.711996        -5.699002
     -5.682714        -5.679392        -5.673702        -5.665782        -5.661718
     -5.649811        -5.645034        -5.641223        -5.634228        -5.628279
     -5.625815        -5.609956        -5.607169        -5.595124        -5.586981
     -5.584182        -5.573863        -5.567446        -5.561286        -5.558770
     -5.554518        -5.541211        -5.539386        -5.530246        -5.527890
     -5.524275        -5.504396        -5.493486        -5.485027        -5.474837
     -5.474272        -5.466926        -5.461193        -5.447320        -5.444113
     -5.422482        -5.419372        -5.416399        -5.413197        -5.405182
     -5.396674        -5.383197        -5.377138        -5.371815        -5.363201
     -5.356788        -5.343054        -5.328640        -5.326988        -5.320270
     -5.311089        -5.297200        -5.290869        -5.275521        -5.267502
     -5.264564        -5.262114        -5.256611        -5.251489        -5.244761
     -5.238712        -5.229372        -5.223177        -5.211972        -5.208966
     -5.199470        -5.184845        -5.181604        -5.167361        -5.160878
     -5.152741        -5.150326        -5.141528        -5.136492        -5.128197
     -5.123110        -5.122535        -5.116673        -5.110021        -5.104638
     -5.103947        -5.097741        -5.086102        -5.083596        -5.074312
     -5.065608        -5.062080        -5.056856        -5.052269        -5.038149
     -5.036764        -5.030246        -5.025009        -5.013538        -5.004620
     -5.002318        -4.998935        -4.996560        -4.990112        -4.980048
     -4.972314        -4.971959        -4.965963        -4.962439        -4.960583
     -4.955886        -4.945347        -4.939844        -4.932291        -4.924953
     -4.916486        -4.910690        -4.906429        -4.899999        -4.891575
     -4.885724        -4.879001        -4.864518        -4.858313        -4.847274
     -4.839742        -4.833302        -4.829672        -4.823933        -4.816203
     -4.807681        -4.794655        -4.791729        -4.776058        -4.771664
     -4.767665        -4.754811        -4.742894        -4.741041        -4.725823
     -4.714727        -4.711764        -4.707414        -4.692239        -4.678748
     -4.658878        -4.639816        -4.635633        -4.628809        -4.616381
     -4.612053        -4.602996        -4.589674        -4.584524        -4.570153
     -4.554342        -4.547094        -4.543646        -4.541673        -4.531611
     -4.518591        -4.513736        -4.506492        -4.493843        -4.488321
     -4.480814        -4.471488        -4.458544        -4.442458        -4.415775
     -4.391131        -4.389418        -4.371748        -4.354919        -4.340110
     -4.332918        -4.322025        -4.309088        -4.294755        -4.282966
     -4.274666        -4.265292        -4.249782        -4.216330        -4.214364
     -4.193199        -4.182832        -4.175511        -4.166301        -4.164106
     -4.160178        -4.155177        -4.135771        -4.125307        -4.108095
     -4.080367        -4.074821        -4.062541        -4.019021        -4.008454
     -4.004915        -3.976163        -3.956141        -3.936733        -3.921951
     -3.916675        -3.889147        -3.859507        -3.853968        -3.836302
     -3.785541        -3.780570        -3.754724        -3.731126        -3.715930
     -3.712239        -3.703257        -3.660014        -3.651663        -3.638286
     -3.626469        -3.592636        -3.576396        -3.555548        -3.530763
     -3.514416        -3.505451        -3.491820        -3.480641        -3.471167
     -3.458540        -3.451350        -3.446664        -3.434898        -3.422516
     -3.407537        -3.396445        -3.391120        -3.334644        -3.321680
     -3.278084        -3.260112        -3.249040        -3.243704        -3.229586
     -3.225985        -3.223350        -3.212096        -3.182132        -3.150535
     -3.096442        -3.086871        -3.076394        -3.073652        -3.058068
     -3.027239        -3.021001        -3.020169        -2.957836        -2.936395
     -2.905118        -2.881819        -2.878585        -2.870726        -2.863688
     -2.857947        -2.841298        -2.812383        -2.805897        -2.798274
     -2.792696        -2.790072        -2.777909        -2.772410        -2.747678
     -2.736483        -2.713470        -2.699452        -2.680680        -2.644850
     -2.594289        -2.580813        -2.567464        -2.557941        -2.541407
     -2.534660        -2.516187        -2.512431        -2.507263        -2.505431
     -2.490757        -2.484918        -2.453454        -2.446972        -2.438540
     -2.423735        -2.399898        -2.349714        -2.336585        -2.257503
     -2.198182        -2.189026        -2.179450        -2.145860        -2.126478
     -2.118099        -2.043681        -2.002922        -1.995211        -1.908481
      2.141129         2.357413         2.625033         2.687221         2.738729
      2.907680         2.943087         3.014790         3.125087         3.259674
      3.286975         3.323063         3.376829         3.458238         3.504091
      3.564993         3.587982         3.647386         3.675926         3.726938
      3.799896         3.815253         3.863118         3.897304         3.907497
      3.928596         3.952055         3.980472         3.989100         4.025952
      4.048887         4.073212         4.087923         4.098306         4.134386
      4.153750         4.184041         4.206396         4.211410         4.251276
      4.271361         4.292291         4.327778         4.344957         4.374267
      4.385359         4.395602         4.437185         4.471961         4.496810
      4.510943         4.530521         4.592364         4.607613         4.651706
      4.666897         4.719008         4.774608
 *********************************
 sum eigen(dbl occ, ryd)=  -1543.78930007290     
 *********************************
 Ef(eV)= -0.446238382015169     
 ***************************************************
 iter=          16
 ---------------------------------------------------
 dvE, dvE(n)-dvE(n-1) = 0.1825E-04 -.2039E-04
 dv_ave, drho_tot     = 0.4272E-02 0.1368E-02
 err of ug            = 0.2580E-03
 ---------------------------------------------------
 Ewald        = -.41116881944013E+05
 Alpha        = 0.15207970391171E+04
 E_extV       = 0.00000000000000E+00    0.0000E+00
 E_NSC        = -.21453147938877E+05    -.1510E+02
 E[-rho*V_Hxc]= -.12385422234775E+06    0.1519E+02
 E_Hxc        = 0.52001860644173E+05    -.1319E+02
 -TS          = -.35505862133968E-26    0.0000E+00
 E_tot(eV)    = -.13290159454735E+06    0.8372E-01
 ---------------------------------------------------
 E_ion,E_coul,E_xc =   -224693.4022232   80799.3874856  -28797.5268415
Ewald+Hart+ion    -0.1850108966815E+06
 ave(vtot)=ave_(V_xc)=: v0= -0.282333164220783     
 Eigen energies are values after setting ave_vtot=0
 ----------------------------------
 One SCF use:    85.9598801136017       s
 *********************************
 ****** kpt=           1
 err of each states, eV
  0.370240E-02     0.244345E-02     0.187838E-02     0.449375E-02     0.236048E-02
  0.253421E-02     0.931902E-03     0.121627E-02     0.110341E-02     0.175550E-02
  0.799749E-03     0.138250E-02     0.726934E-03     0.269493E-02     0.167057E-02
  0.172938E-02     0.962705E-03     0.129901E-02     0.102752E-02     0.115109E-02
  0.249133E-02     0.202839E-02     0.222172E-02     0.135117E-02     0.110014E-02
  0.118334E-02     0.833610E-03     0.203067E-02     0.683432E-03     0.225410E-02
  0.131074E-02     0.800898E-03     0.147536E-02     0.300751E-02     0.105417E-02
  0.790421E-03     0.189310E-02     0.136181E-02     0.204733E-02     0.242659E-02
  0.220756E-02     0.958615E-03     0.129427E-02     0.834046E-03     0.136332E-02
  0.989300E-03     0.115405E-02     0.101045E-02     0.773776E-03     0.202447E-02
  0.168708E-02     0.229298E-02     0.251232E-02     0.191408E-02     0.137786E-02
  0.174609E-02     0.179328E-02     0.152815E-02     0.112186E-02     0.220152E-02
  0.787216E-03     0.223178E-02     0.142430E-02     0.935029E-03     0.191988E-02
  0.163714E-02     0.143888E-02     0.106145E-02     0.178894E-02     0.192961E-02
  0.124868E-02     0.208051E-02     0.109401E-02     0.139183E-02     0.156924E-02
  0.116510E-02     0.118833E-02     0.942658E-03     0.131781E-02     0.178162E-02
  0.752976E-03     0.216431E-02     0.128339E-02     0.769343E-03     0.765240E-03
  0.105599E-02     0.152223E-02     0.886274E-03     0.239028E-02     0.996788E-03
  0.128372E-02     0.128203E-02     0.108273E-02     0.761136E-03     0.180957E-02
  0.132531E-02     0.112277E-02     0.145825E-02     0.831931E-03     0.960031E-03
  0.144095E-02     0.890510E-03     0.760705E-03     0.105300E-02     0.650654E-03
  0.889178E-03     0.115552E-02     0.843417E-03     0.108972E-02     0.198095E-02
  0.106123E-02     0.168924E-02     0.617482E-03     0.104003E-02     0.131055E-02
  0.684760E-03     0.767091E-03     0.132344E-02     0.963189E-03     0.112100E-02
  0.959527E-03     0.930798E-03     0.153045E-02     0.164744E-02     0.784662E-03
  0.104269E-02     0.150224E-02     0.765236E-03     0.959903E-03     0.296326E-02
  0.243431E-02     0.222606E-02     0.125485E-02     0.181338E-02     0.216387E-02
  0.274435E-02     0.118892E-02     0.136368E-02     0.223614E-02     0.112726E-02
  0.236882E-02     0.201855E-02     0.188057E-02     0.987184E-03     0.102700E-02
  0.908201E-03     0.287541E-02     0.112387E-02     0.334201E-02     0.123073E-02
  0.176199E-02     0.343546E-02     0.146154E-02     0.277991E-02     0.920782E-03
  0.133378E-02     0.240101E-02     0.266317E-02     0.111456E-02     0.234014E-02
  0.189736E-02     0.123706E-02     0.227746E-02     0.124006E-02     0.151457E-02
  0.180950E-02     0.165341E-02     0.800070E-03     0.166409E-02     0.100561E-02
  0.152245E-02     0.907735E-03     0.167644E-02     0.252717E-02     0.280662E-02
  0.245150E-02     0.978994E-03     0.181154E-02     0.302826E-02     0.118554E-02
  0.105233E-02     0.270989E-02     0.298798E-02     0.113041E-02     0.178796E-02
  0.123987E-02     0.188184E-02     0.108872E-02     0.134694E-02     0.162409E-02
  0.222826E-02     0.115917E-02     0.122100E-02     0.110647E-02     0.231680E-02
  0.151279E-02     0.111723E-02     0.106046E-02     0.139765E-02     0.954363E-03
  0.132288E-02     0.110469E-02     0.128509E-02     0.138407E-02     0.144338E-02
  0.106397E-02     0.875126E-03     0.858862E-03     0.176325E-02     0.152519E-02
  0.103559E-02     0.133022E-02     0.128682E-02     0.795551E-03     0.137375E-02
  0.154626E-02     0.176464E-02     0.162348E-02     0.142742E-02     0.204399E-02
  0.118205E-02     0.163656E-02     0.107323E-02     0.937152E-03     0.152477E-02
  0.966855E-03     0.107803E-02     0.127552E-02     0.131861E-02     0.920614E-03
  0.158946E-02     0.106759E-02     0.142240E-02     0.106100E-02     0.868112E-03
  0.212407E-02     0.195057E-02     0.163594E-02     0.155519E-02     0.156391E-02
  0.147447E-02     0.152027E-02     0.277535E-02     0.110011E-02     0.167919E-02
  0.174796E-02     0.120562E-02     0.206209E-02     0.128018E-02     0.173535E-02
  0.152538E-02     0.223343E-02     0.155917E-02     0.140164E-02     0.132355E-02
  0.170061E-02     0.167204E-02     0.120389E-02     0.138438E-02     0.124121E-02
  0.125775E-02     0.142754E-02     0.136623E-02     0.146265E-02     0.931257E-03
  0.118032E-02     0.203762E-02     0.146797E-02     0.153035E-02     0.153806E-02
  0.190943E-02     0.135690E-02     0.174347E-02     0.226666E-02     0.206706E-02
  0.197430E-02     0.177247E-02     0.166816E-02     0.163998E-02     0.224802E-02
  0.162307E-02     0.226805E-02     0.217567E-02     0.141095E-02     0.132516E-02
  0.186634E-02     0.184365E-02     0.179944E-02     0.148412E-02     0.141296E-02
  0.240795E-02     0.180356E-02     0.200526E-02     0.138613E-02     0.139363E-02
  0.205058E-02     0.206063E-02     0.199513E-02     0.166035E-02     0.211526E-02
  0.164455E-02     0.338547E-02     0.181756E-02     0.227679E-02     0.258759E-02
  0.226136E-02     0.208064E-02     0.303192E-02     0.316515E-02     0.175320E-02
  0.248796E-02     0.288852E-02     0.220275E-02     0.146664E-02     0.369826E-02
  0.241298E-02     0.218339E-02     0.205447E-02     0.301928E-02     0.247035E-02
  0.177830E-02     0.254601E-02     0.251945E-02     0.235168E-02     0.218493E-02
  0.176340E-02     0.221933E-02     0.289482E-02     0.261278E-02     0.234609E-02
  0.238645E-02     0.226265E-02     0.377349E-02     0.300431E-02     0.211632E-02
  0.303956E-02     0.203780E-02     0.222328E-02     0.237097E-02     0.265603E-02
  0.320353E-02     0.356851E-02     0.296362E-02     0.265088E-02     0.252030E-02
  0.286705E-02     0.285237E-02     0.271227E-02     0.279413E-02     0.276808E-02
  0.287217E-02     0.351354E-02     0.241274E-02     0.176487E-02     0.237164E-02
  0.265124E-02     0.387261E-02     0.310486E-02     0.201613E-02     0.339682E-02
  0.299754E-02     0.304216E-02     0.293250E-02     0.274352E-02     0.216176E-02
  0.300580E-02     0.194678E-02     0.225779E-02     0.287573E-02     0.224053E-02
  0.231768E-02     0.219811E-02     0.265040E-02     0.206338E-02     0.193469E-02
  0.199604E-02     0.206615E-02     0.245807E-02     0.197459E-02     0.190961E-02
  0.224476E-02     0.257089E-02     0.258429E-02     0.227638E-02     0.235329E-02
  0.298578E-02     0.346359E-02     0.313584E-02     0.293424E-02     0.244404E-02
  0.263061E-02     0.283317E-02     0.286667E-02     0.280649E-02     0.210210E-02
  0.286527E-02     0.227670E-02     0.237705E-02     0.287886E-02     0.305623E-02
  0.240231E-02     0.260633E-02     0.273983E-02     0.297708E-02     0.271625E-02
  0.303188E-02     0.349573E-02     0.262071E-02     0.235948E-02     0.257774E-02
  0.221694E-02     0.275866E-02     0.230025E-02     0.228426E-02     0.226336E-02
  0.247545E-02     0.342057E-02     0.256207E-02     0.336886E-02     0.317459E-02
  0.331087E-02     0.328481E-02     0.258370E-02     0.455170E-02     0.370982E-02
  0.399536E-02     0.325028E-02     0.273972E-02     0.305839E-02     0.401013E-02
  0.270509E-02     0.277363E-02     0.274073E-02     0.286402E-02     0.364913E-02
  0.335609E-02     0.303805E-02     0.306653E-02     0.251385E-02     0.312640E-02
  0.279654E-02     0.281335E-02     0.273628E-02     0.234760E-02     0.201550E-02
  0.234079E-02     0.333366E-02     0.290300E-02     0.271795E-02     0.225861E-02
  0.229002E-02     0.236396E-02     0.235818E-02     0.248608E-02     0.312456E-02
  0.303341E-02     0.238136E-02     0.267942E-02     0.199211E-02     0.320122E-02
  0.302695E-02     0.279949E-02     0.213159E-02     0.265072E-02     0.208714E-02
  0.253847E-02     0.291216E-02     0.281228E-02     0.256960E-02     0.271935E-02
  0.251454E-02     0.319242E-02     0.284490E-02     0.192287E-02     0.226181E-02
  0.326038E-02     0.163549E-02     0.223077E-02     0.219706E-02     0.231125E-02
  0.251077E-02     0.306327E-02     0.224266E-02     0.285971E-02     0.319364E-02
  0.234665E-02     0.235782E-02     0.284445E-02     0.281670E-02     0.240230E-02
  0.301966E-02     0.326635E-02     0.207920E-02     0.299719E-02     0.284864E-02
  0.283027E-02     0.195473E-02     0.278219E-02     0.218251E-02     0.259923E-02
  0.300144E-02     0.259344E-02     0.263362E-02     0.267203E-02     0.216780E-02
  0.285407E-02     0.309661E-02     0.221172E-02     0.230179E-02     0.292404E-02
  0.271149E-02     0.327997E-02     0.235987E-02     0.311078E-02     0.275540E-02
  0.288064E-02     0.326640E-02     0.306211E-02     0.311492E-02     0.293912E-02
  0.293890E-02     0.282296E-02     0.324502E-02     0.259720E-02     0.221984E-02
  0.288098E-02     0.299296E-02     0.352753E-02     0.398452E-02     0.346130E-02
  0.341762E-02     0.217503E-02     0.274322E-02     0.282561E-02     0.238624E-02
  0.290769E-02     0.238838E-02     0.243681E-02     0.227151E-02     0.304591E-02
  0.258123E-02     0.290998E-02     0.235175E-02     0.284744E-02     0.221259E-02
  0.246727E-02     0.250391E-02     0.237330E-02     0.254698E-02     0.261235E-02
  0.256244E-02     0.293446E-02     0.356816E-02     0.269820E-02     0.274814E-02
  0.212555E-02     0.269573E-02     0.252905E-02     0.216840E-02     0.329104E-02
  0.228624E-02     0.268903E-02     0.215906E-02     0.190472E-02     0.269320E-02
  0.195643E-02     0.216337E-02     0.239494E-02     0.208478E-02     0.226333E-02
  0.227327E-02     0.237433E-02     0.234207E-02     0.261225E-02     0.233887E-02
  0.249550E-02     0.232927E-02     0.251674E-02     0.260707E-02     0.305954E-02
  0.320441E-02     0.301015E-02     0.268616E-02     0.321791E-02     0.310681E-02
  0.324774E-02     0.274405E-02     0.228961E-02     0.255139E-02     0.251374E-02
  0.219359E-02     0.278673E-02     0.262447E-02     0.253157E-02     0.262477E-02
  0.260333E-02     0.281359E-02     0.259424E-02     0.246461E-02     0.250787E-02
  0.273574E-02     0.242049E-02     0.316828E-02     0.251688E-02     0.267809E-02
  0.269199E-02     0.264568E-02     0.258593E-02     0.277882E-02     0.280697E-02
  0.269875E-02     0.234546E-02     0.297777E-02     0.305523E-02     0.267179E-02
  0.260244E-02     0.298181E-02     0.295214E-02     0.293024E-02     0.271436E-02
  0.256759E-02     0.238758E-02     0.256509E-02     0.242973E-02     0.268469E-02
  0.260949E-02     0.231522E-02     0.248966E-02     0.301764E-02     0.240535E-02
  0.261869E-02     0.295787E-02     0.271351E-02     0.281251E-02     0.314276E-02
  0.234616E-02     0.339995E-02     0.292052E-02     0.357560E-02     0.276809E-02
  0.324008E-02     0.329266E-02     0.333534E-02     0.304853E-02     0.336730E-02
  0.305094E-02     0.269925E-02     0.280510E-02     0.295671E-02     0.290118E-02
  0.274243E-02     0.279435E-02     0.226317E-02     0.227797E-02     0.268999E-02
  0.299500E-02     0.295691E-02     0.228731E-02     0.278166E-02     0.267801E-02
  0.276012E-02     0.294929E-02     0.315238E-02     0.318241E-02     0.343969E-02
  0.322619E-02     0.321054E-02     0.328882E-02     0.362776E-02     0.333016E-02
  0.458305E-02     0.297195E-02     0.250450E-02     0.293078E-02     0.317873E-02
  0.300272E-02     0.292071E-02     0.258340E-02     0.275226E-02     0.306107E-02
  0.304689E-02     0.290110E-02     0.255577E-02     0.354134E-02     0.274786E-02
  0.323176E-02     0.267511E-02     0.239940E-02     0.322938E-02     0.287138E-02
  0.383338E-02     0.293109E-02     0.215752E-02     0.346945E-02     0.267809E-02
  0.267294E-02     0.273862E-02     0.354677E-02     0.341331E-02     0.288265E-02
  0.315801E-02     0.363857E-02     0.362638E-02     0.345949E-02     0.300620E-02
  0.332840E-02     0.356018E-02     0.308038E-02     0.306513E-02     0.339209E-02
  0.391554E-02     0.311033E-02     0.322929E-02     0.290545E-02     0.328729E-02
  0.290921E-02     0.336654E-02     0.254899E-02     0.337751E-02     0.349685E-02
  0.321698E-02     0.290418E-02     0.362184E-02     0.385641E-02     0.362415E-02
  0.373454E-02     0.322604E-02     0.305649E-02     0.323054E-02     0.337172E-02
  0.320300E-02     0.323054E-02     0.336357E-02     0.366451E-02     0.320745E-02
  0.369658E-02     0.329888E-02     0.447710E-02     0.365702E-02     0.342846E-02
  0.375843E-02     0.310319E-02     0.370341E-02     0.285640E-02     0.375225E-02
  0.307471E-02     0.306195E-02     0.329629E-02     0.355822E-02     0.287867E-02
  0.304679E-02     0.328284E-02     0.313424E-02     0.314988E-02     0.358311E-02
  0.327685E-02     0.379314E-02     0.337071E-02     0.350938E-02     0.327523E-02
  0.309597E-02     0.351210E-02     0.343121E-02     0.321153E-02     0.447451E-02
  0.332939E-02     0.323661E-02     0.297359E-02     0.323130E-02     0.320825E-02
  0.308228E-02     0.306691E-02     0.374806E-02     0.419602E-02     0.378440E-02
  0.427874E-02     0.346730E-02     0.348214E-02     0.327336E-02     0.355381E-02
  0.307007E-02     0.308181E-02     0.330742E-02     0.322729E-02     0.319445E-02
  0.339863E-02     0.324359E-02     0.336166E-02     0.387091E-02     0.404282E-02
  0.412932E-02     0.345053E-02     0.369485E-02     0.300975E-02     0.342483E-02
  0.257997E-02     0.309650E-02     0.335159E-02     0.320578E-02     0.276890E-02
  0.260258E-02     0.316685E-02     0.348603E-02     0.387189E-02     0.325053E-02
  0.388400E-02     0.382533E-02     0.399611E-02     0.398185E-02     0.335453E-02
  0.344771E-02     0.304888E-02     0.323002E-02     0.328719E-02     0.326025E-02
  0.458376E-02     0.352125E-02     0.355937E-02     0.395088E-02     0.336922E-02
  0.268068E-02     0.484722E-02     0.419299E-02     0.253755E-02     0.349383E-02
  0.327322E-02     0.398160E-02     0.319065E-02     0.341544E-02     0.409332E-02
  0.353336E-02     0.420411E-02     0.438393E-02     0.419245E-02     0.464030E-02
  0.225738E-02     0.368371E-02     0.350603E-02     0.340856E-02     0.395436E-02
  0.333847E-02     0.333160E-02     0.366113E-02     0.411735E-02     0.382690E-02
  0.434461E-02     0.419347E-02     0.383225E-02     0.380610E-02     0.404550E-02
  0.411815E-02     0.457590E-02     0.491700E-02     0.454899E-02     0.481471E-02
  0.328045E-02     0.468493E-02     0.574683E-02     0.538347E-02     0.262499E-02
  0.361616E-02     0.349454E-02     0.409395E-02     0.430203E-02     0.384413E-02
  0.467852E-02     0.387994E-02     0.429763E-02     0.459485E-02     0.506771E-02
  0.350277E-02     0.482190E-02     0.511381E-02     0.514731E-02     0.389079E-02
  0.328972E-02     0.438535E-02     0.396624E-02     0.537025E-02     0.587833E-02
  0.457234E-02     0.401159E-02     0.371069E-02     0.372765E-02     0.349195E-02
  0.391448E-02     0.431856E-02     0.456371E-02     0.438036E-02     0.472361E-02
  0.513288E-02     0.520058E-02     0.645654E-02     0.479976E-02     0.325190E-02
  0.335861E-02     0.396846E-02     0.386256E-02     0.339777E-02     0.457902E-02
  0.354497E-02     0.388526E-02     0.448498E-02     0.523447E-02     0.615344E-02
  0.377406E-02     0.395960E-02     0.551738E-02     0.360335E-02     0.350498E-02
  0.643950E-02     0.462916E-02     0.588651E-02     0.511414E-02     0.312329E-02
  0.510609E-02     0.394028E-02     0.326093E-02     0.519580E-02     0.419496E-02
  0.360999E-02     0.207554E-02     0.379858E-02     0.416850E-02     0.655802E-02
  0.612228E-02     0.546537E-02     0.386463E-02     0.434454E-02     0.344642E-02
  0.429291E-02     0.343530E-02     0.333879E-02     0.311738E-02     0.435378E-02
  0.393411E-02     0.390088E-02     0.341542E-02     0.354857E-02     0.315397E-02
  0.363130E-02     0.376062E-02     0.457387E-02     0.461211E-02     0.352479E-02
  0.424543E-02     0.488742E-02     0.427679E-02     0.471099E-02     0.381063E-02
  0.429393E-02     0.277689E-02     0.456422E-02     0.463829E-02     0.511541E-02
  0.381110E-02     0.448176E-02     0.672802E-02     0.337822E-02     0.391416E-02
  0.431183E-02     0.332059E-02     0.365715E-02     0.426129E-02     0.294935E-02
  0.321537E-02     0.341776E-02     0.592820E-02     0.556368E-02     0.964733E-02
  0.129832E-01     0.120529E-01     0.201322E-01     0.200475E-01     0.155053E-01
  0.172093E-01     0.283470E-01     0.395171E-01     0.196691E-01     0.268465E-01
  0.257918E-01     0.345326E-01     0.381001E-01     0.468049E-01     0.451714E-01
  0.645406E-01     0.658549E-01     0.481745E-01     0.729937E-01     0.806063E-01
  0.842982E-01     0.514208E-01     0.755589E-01     0.637961E-01     0.970378E-01
  0.150688E+00     0.118217E+00     0.985898E-01     0.113912E+00     0.164484E+00
  0.130496E+00     0.156416E+00     0.135650E+00     0.143517E+00     0.182860E+00
  0.146736E+00     0.227342E+00     0.166711E+00     0.160075E+00     0.170624E+00
  0.248036E+00     0.202248E+00     0.229891E+00     0.213864E+00     0.230469E+00
  0.232042E+00     0.205849E+00     0.312812E+00     0.304447E+00     0.336544E+00
  0.368957E+00     0.345335E+00     0.384397E+00     0.453902E+00     0.421859E+00
  0.347502E+00     0.552072E+00     0.788864E+00
 eigen energies, in ev
    -44.712141       -44.677886       -44.446939       -44.263388       -43.914771
    -28.921234       -28.892706       -28.848964       -28.833850       -28.737589
    -28.713719       -28.622914       -28.594993       -28.533804       -28.508553
    -28.433195       -28.334242       -28.310704       -28.301108       -28.299798
    -28.254015       -28.228583       -28.138563       -28.129209       -28.127279
    -28.089711       -28.088511       -28.023185       -28.009062       -28.006409
    -27.971943       -27.961030       -27.930311       -27.887649       -27.872831
    -27.833367       -27.829919       -27.762206       -27.760716       -27.736040
    -27.710524       -27.620712       -27.551505       -27.550701       -27.545789
    -27.523498       -27.515504       -27.477670       -27.471220       -27.424625
    -27.410330       -27.407830       -27.403415       -27.340190       -27.328632
    -27.326244       -27.317752       -27.295931       -27.288292       -27.283326
    -27.255663       -27.253675       -27.245911       -27.194935       -27.159955
    -27.141376       -27.135233       -27.079094       -26.979668       -26.926946
    -26.879801       -26.876693       -26.850969       -26.831580       -26.755110
    -26.749323       -26.695784       -26.656944       -26.622428       -26.604284
    -26.593831       -26.559979       -26.546826       -26.512122       -26.458005
    -26.455430       -26.429345       -26.421325       -26.355679       -26.299335
    -26.271969       -26.255016       -26.198317       -26.195941       -26.176504
    -26.116973       -26.116417       -26.058153       -26.034414       -26.020800
    -25.989840       -25.962130       -25.959275       -25.942025       -25.933581
    -25.922163       -25.919399       -25.909462       -25.900477       -25.877244
    -25.874583       -25.865762       -25.861709       -25.835204       -25.824331
    -25.808335       -25.807526       -25.740969       -25.731348       -25.726128
    -25.701907       -25.612386       -25.564601       -25.483857       -25.478874
    -25.370818       -25.235360       -25.231848       -25.214129       -25.211102
    -25.168301       -25.084360       -25.006202       -24.986146       -24.791891
    -24.455044       -24.253554       -23.947519       -23.861855       -23.806469
    -23.756581       -23.712820       -23.662565       -23.589378       -23.549211
    -23.538134       -23.420027       -23.399326       -23.376856       -23.277996
    -23.242672       -23.116040       -23.082697       -23.073986       -23.065469
    -23.055208       -22.996772       -22.974283       -22.964132       -22.854254
    -22.822036       -22.710866       -22.498064       -22.383176       -22.359681
    -22.343460       -22.233687       -22.231320       -22.042784       -21.983581
    -21.919548       -21.700414       -21.535745       -21.535190       -21.519556
    -21.498929       -21.392188       -21.322303       -21.307665       -21.249011
    -21.222953       -21.152574       -21.123180       -21.036661       -21.032386
    -21.030916       -20.872517       -20.820973       -20.798639       -20.509506
    -18.839344       -18.493985       -18.384457       -18.320187       -18.216233
    -16.276103       -16.275579       -15.948820       -15.926166       -15.821347
    -15.778338       -15.772544       -15.759541       -15.741780       -15.730162
    -15.629536       -15.455215       -15.409941       -15.302171       -15.263595
    -15.233764       -15.206914       -15.174412       -15.150355       -15.125496
    -15.068289       -15.055185       -14.837001       -14.786709       -14.785347
    -14.652675       -14.651497       -14.619204       -14.604523       -14.542651
    -14.538043       -14.502317       -14.428605       -14.412870       -14.331140
    -14.306659       -14.257011       -14.100606       -14.054181       -13.988671
    -13.935823       -13.883441       -13.876516       -13.752995       -13.746524
    -13.643826       -13.632240       -13.626019       -13.566868       -13.510743
    -13.467414       -13.444962       -13.429192       -13.404895       -13.372430
    -13.343509       -13.292941       -13.286844       -13.260955       -13.252642
    -13.228834       -13.204009       -13.158570       -13.016861       -12.979161
    -12.975889       -12.964144       -12.933468       -12.828384       -12.635423
    -12.484961       -12.429705       -12.286956       -12.207965       -12.113587
    -12.063979       -12.048840       -11.980986       -11.900863       -11.890744
    -11.839231       -11.836205       -11.825548       -11.790226       -11.768959
    -11.740449       -11.720718       -11.716417       -11.629063       -11.623177
    -11.556943       -11.552928       -11.550306       -11.522546       -11.498168
    -11.456517       -11.401951       -11.362952       -11.354553       -11.327228
    -11.297079       -11.281004       -11.271615       -11.263630       -11.226885
    -11.169984       -11.112721       -11.090721       -11.038770       -10.985374
    -10.979954       -10.891533       -10.880989       -10.860641       -10.832639
    -10.812650       -10.792342       -10.760153       -10.743575       -10.708121
    -10.681460       -10.671423       -10.623183       -10.618986       -10.594355
    -10.585192       -10.557720       -10.531025       -10.521295       -10.496975
    -10.474444       -10.455894       -10.413790       -10.401609       -10.389902
    -10.387888       -10.355931       -10.335654       -10.302177       -10.297594
    -10.290710       -10.282545       -10.256061       -10.222745       -10.213111
    -10.197107       -10.193965       -10.190342       -10.187117       -10.176946
    -10.170124       -10.151043       -10.139815       -10.122372       -10.114364
    -10.106875       -10.103651       -10.095014       -10.066788       -10.049494
    -10.044611       -10.005071        -9.987429        -9.982872        -9.959207
     -9.940327        -9.938390        -9.928756        -9.924514        -9.907039
     -9.900937        -9.887156        -9.886144        -9.881368        -9.859192
     -9.847579        -9.828201        -9.819905        -9.810117        -9.798887
     -9.777558        -9.776040        -9.757454        -9.756167        -9.738678
     -9.720540        -9.700234        -9.696796        -9.645027        -9.624170
     -9.615565        -9.563991        -9.555045        -9.550373        -9.539101
     -9.526725        -9.513943        -9.512054        -9.505459        -9.499677
     -9.496988        -9.469797        -9.466567        -9.462835        -9.450801
     -9.445316        -9.431033        -9.407097        -9.394825        -9.376481
     -9.369100        -9.366274        -9.355991        -9.348137        -9.340632
     -9.334716        -9.330587        -9.308781        -9.294905        -9.288425
     -9.255600        -9.236002        -9.230917        -9.213714        -9.205157
     -9.195194        -9.185307        -9.173053        -9.136146        -9.117320
     -9.097872        -9.087414        -9.049804        -9.038255        -9.015801
     -9.002814        -8.992999        -8.990820        -8.989021        -8.966822
     -8.945684        -8.916180        -8.908973        -8.898843        -8.893413
     -8.885200        -8.882473        -8.847781        -8.841416        -8.821009
     -8.803261        -8.797479        -8.784821        -8.773638        -8.749202
     -8.721558        -8.711980        -8.709103        -8.707839        -8.691886
     -8.679673        -8.644380        -8.640082        -8.633500        -8.611535
     -8.602872        -8.567268        -8.556121        -8.552072        -8.538407
     -8.528470        -8.520746        -8.518686        -8.499146        -8.496447
     -8.475196        -8.442394        -8.415957        -8.386623        -8.360059
     -8.343842        -8.288469        -8.237693        -8.232801        -8.183399
     -8.172740        -8.157659        -8.136373        -8.079968        -8.075115
     -8.055861        -8.048030        -8.044280        -8.010351        -7.972882
     -7.955375        -7.946958        -7.941606        -7.917552        -7.905466
     -7.893835        -7.883397        -7.871828        -7.865136        -7.852824
     -7.843197        -7.830720        -7.818323        -7.770149        -7.750744
     -7.742238        -7.733361        -7.690513        -7.675182        -7.671522
     -7.576443        -7.561225        -7.537825        -7.532239        -7.513899
     -7.486328        -7.474251        -7.471941        -7.450010        -7.423971
     -7.388149        -7.376483        -7.361032        -7.329997        -7.308203
     -7.301285        -7.277367        -7.272014        -7.262726        -7.223983
     -7.194948        -7.181324        -7.165027        -7.156705        -7.152758
     -7.121134        -7.084022        -7.059802        -7.019003        -6.992974
     -6.988129        -6.980782        -6.944170        -6.927042        -6.918090
     -6.909679        -6.904544        -6.897267        -6.884923        -6.881432
     -6.867391        -6.861328        -6.847410        -6.834937        -6.821492
     -6.803029        -6.729272        -6.725688        -6.701939        -6.698378
     -6.692964        -6.672634        -6.662791        -6.655048        -6.635859
     -6.629006        -6.627436        -6.617997        -6.612457        -6.606168
     -6.599891        -6.585399        -6.576847        -6.563518        -6.559458
     -6.549659        -6.544287        -6.527824        -6.494677        -6.491564
     -6.487627        -6.484949        -6.475366        -6.458437        -6.457516
     -6.436806        -6.433054        -6.424838        -6.411481        -6.407121
     -6.399153        -6.369181        -6.354272        -6.342230        -6.335685
     -6.327048        -6.322709        -6.314122        -6.306395        -6.288350
     -6.285739        -6.269147        -6.259763        -6.251182        -6.245095
     -6.236690        -6.232466        -6.227148        -6.217997        -6.210720
     -6.203199        -6.187716        -6.173451        -6.164235        -6.162226
     -6.153655        -6.141182        -6.138537        -6.115398        -6.109987
     -6.106619        -6.078525        -6.069043        -6.062664        -6.053523
     -6.043486        -6.029402        -6.023147        -6.017794        -6.007876
     -6.000711        -5.990474        -5.986603        -5.956062        -5.955094
     -5.945876        -5.939409        -5.931771        -5.919673        -5.916001
     -5.909204        -5.903700        -5.891090        -5.884605        -5.874655
     -5.865975        -5.857338        -5.847023        -5.839589        -5.827846
     -5.815517        -5.803967        -5.802292        -5.795886        -5.792183
     -5.787896        -5.787363        -5.776357        -5.763417        -5.758234
     -5.749200        -5.733659        -5.717745        -5.715176        -5.708852
     -5.704042        -5.688996        -5.685433        -5.683049        -5.675844
     -5.658589        -5.654833        -5.649264        -5.645403        -5.641489
     -5.635473        -5.625514        -5.619562        -5.612925        -5.594796
     -5.589152        -5.585522        -5.583628        -5.575652        -5.570281
     -5.567411        -5.560806        -5.555985        -5.550762        -5.536851
     -5.528840        -5.521908        -5.510921        -5.501870        -5.493807
     -5.481981        -5.480151        -5.473540        -5.469485        -5.463729
     -5.456153        -5.451962        -5.444653        -5.440746        -5.432476
     -5.407930        -5.395631        -5.384333        -5.378500        -5.373250
     -5.362825        -5.354405        -5.349624        -5.339468        -5.325280
     -5.321004        -5.314543        -5.305748        -5.297453        -5.288502
     -5.285863        -5.279121        -5.269020        -5.261235        -5.252016
     -5.245674        -5.239047        -5.232753        -5.225834        -5.218247
     -5.207898        -5.193506        -5.189704        -5.184968        -5.179299
     -5.175884        -5.170106        -5.167085        -5.164627        -5.150266
     -5.148300        -5.145484        -5.136868        -5.118391        -5.110475
     -5.102429        -5.094350        -5.090036        -5.081413        -5.072963
     -5.070773        -5.061436        -5.057869        -5.053146        -5.049102
     -5.044455        -5.042381        -5.040522        -5.032849        -5.026149
     -5.018728        -5.015397        -5.014095        -5.007357        -5.004790
     -4.990414        -4.983906        -4.981650        -4.979603        -4.968996
     -4.966358        -4.961068        -4.944883        -4.933820        -4.927078
     -4.912831        -4.907307        -4.896015        -4.893539        -4.888737
     -4.886365        -4.877279        -4.869226        -4.867541        -4.854843
     -4.839621        -4.831235        -4.829281        -4.825694        -4.818665
     -4.816643        -4.814021        -4.802158        -4.792252        -4.785800
     -4.773778        -4.767262        -4.760791        -4.753674        -4.734624
     -4.729557        -4.713202        -4.701350        -4.696039        -4.686597
     -4.678359        -4.652518        -4.646447        -4.640136        -4.632903
     -4.623660        -4.616978        -4.604317        -4.601283        -4.593177
     -4.588556        -4.576913        -4.569761        -4.565886        -4.555245
     -4.550445        -4.544817        -4.514439        -4.513603        -4.476032
     -4.460591        -4.457086        -4.452727        -4.443065        -4.433587
     -4.385824        -4.368232        -4.367341        -4.360560        -4.343766
     -4.321451        -4.308018        -4.293260        -4.283608        -4.258562
     -4.239557        -4.235380        -4.231457        -4.213512        -4.202783
     -4.190839        -4.185527        -4.181565        -4.170803        -4.159842
     -4.148572        -4.141580        -4.121657        -4.113874        -4.098152
     -4.091341        -4.058371        -4.054265        -4.012754        -4.007566
     -3.990599        -3.974629        -3.934944        -3.892931        -3.869049
     -3.855561        -3.851224        -3.846365        -3.837719        -3.826594
     -3.798473        -3.714901        -3.703372        -3.689299        -3.675247
     -3.669858        -3.663811        -3.643495        -3.624652        -3.598700
     -3.589757        -3.563256        -3.536467        -3.513274        -3.501109
     -3.494682        -3.465869        -3.459775        -3.457929        -3.452330
     -3.449536        -3.446464        -3.417029        -3.415600        -3.379832
     -3.370384        -3.354054        -3.342872        -3.320793        -3.313842
     -3.296996        -3.279404        -3.270507        -3.259621        -3.252751
     -3.219683        -3.217468        -3.171803        -3.135420        -3.131767
     -3.123104        -3.105491        -3.092379        -3.080782        -3.056227
     -3.042388        -3.029181        -2.977191        -2.942890        -2.936594
     -2.928668        -2.911230        -2.906850        -2.871071        -2.854412
     -2.846729        -2.837434        -2.831267        -2.820254        -2.792063
     -2.787294        -2.765465        -2.754973        -2.721562        -2.716351
     -2.708440        -2.703843        -2.676828        -2.665965        -2.651615
     -2.643852        -2.585328        -2.563924        -2.547359        -2.526608
     -2.509929        -2.503848        -2.490091        -2.478788        -2.465557
     -2.456898        -2.454177        -2.432682        -2.425479        -2.425136
     -2.357908        -2.340163        -2.281602        -2.256981        -2.253985
     -2.216240        -2.134687        -2.117290        -2.105326        -2.083027
     -2.061465        -2.059423        -1.953617        -1.947133        -1.849782
      2.238730         2.425276         2.665903         2.748173         2.812777
      2.942744         2.994772         3.082155         3.179129         3.304380
      3.313513         3.348518         3.410092         3.454442         3.505989
      3.584187         3.593702         3.635901         3.670051         3.733060
      3.807101         3.824891         3.877932         3.904742         3.920414
      3.937142         3.950774         3.984929         3.994309         4.018321
      4.055767         4.058255         4.087922         4.106626         4.124489
      4.139824         4.178752         4.188887         4.222164         4.253433
      4.260894         4.301309         4.332505         4.359306         4.366321
      4.381865         4.416534         4.419427         4.450876         4.481562
      4.508277         4.559623         4.586986         4.601825         4.629886
      4.661387         4.708788         4.745466
 *********************************
 sum eigen(dbl occ, ryd)=  -1544.01991175030     
 *********************************
 Ef(eV)= -0.387336544828611     
 ***************************************************
 iter=          17
 ---------------------------------------------------
 dvE, dvE(n)-dvE(n-1) = 0.1320E-04 -.5054E-05
 dv_ave, drho_tot     = 0.3633E-02 0.1057E-02
 err of ug            = 0.1963E-03
 ---------------------------------------------------
 Ewald        = -.41116881944013E+05
 Alpha        = 0.15207970391171E+04
 E_extV       = 0.00000000000000E+00    0.0000E+00
 E_NSC        = -.21457566928096E+05    -.4419E+01
 E[-rho*V_Hxc]= -.12384512722752E+06    0.4451E+01
 E_Hxc        = 0.51997216195378E+05    -.4644E+01
 -TS          = -.35505862133968E-26    0.0000E+00
 E_tot(eV)    = -.13290156286513E+06    0.3168E-01
 ---------------------------------------------------
 E_ion,E_coul,E_xc =   -224688.2741994   80795.0389780  -28797.8227826
Ewald+Hart+ion    -0.1850101171654E+06
 ave(vtot)=ave_(V_xc)=: v0= -0.282608251863505     
 Eigen energies are values after setting ave_vtot=0
 ----------------------------------
 One SCF use:    85.9773550033569       s
 *********************************
 ****** kpt=           1
 err of each states, eV
  0.858182E-03     0.564593E-02     0.217224E-02     0.291281E-02     0.260486E-02
  0.191561E-02     0.677398E-03     0.889965E-03     0.142842E-02     0.959988E-03
  0.179979E-02     0.779415E-03     0.535912E-03     0.183572E-02     0.113002E-02
  0.809402E-03     0.742366E-03     0.116847E-02     0.108403E-02     0.983779E-03
  0.149199E-02     0.121543E-02     0.907551E-03     0.117613E-02     0.870510E-03
  0.741034E-03     0.152555E-02     0.100813E-02     0.938445E-03     0.150294E-02
  0.764117E-03     0.101045E-02     0.159171E-02     0.138838E-02     0.136639E-02
  0.109110E-02     0.752579E-03     0.844174E-03     0.794328E-03     0.174512E-02
  0.824966E-03     0.152838E-02     0.856932E-03     0.761980E-03     0.981834E-03
  0.676714E-03     0.197265E-02     0.101046E-02     0.121116E-02     0.106165E-02
  0.110418E-02     0.120547E-02     0.114718E-02     0.108779E-02     0.834754E-03
  0.540866E-03     0.121413E-02     0.659596E-03     0.124654E-02     0.933286E-03
  0.657695E-03     0.895092E-03     0.787509E-03     0.649849E-03     0.177479E-02
  0.877297E-03     0.664895E-03     0.644330E-03     0.123508E-02     0.931801E-03
  0.101151E-02     0.619448E-03     0.203086E-02     0.464127E-03     0.110409E-02
  0.645143E-03     0.724313E-03     0.564402E-03     0.530352E-03     0.146686E-02
  0.746963E-03     0.922007E-03     0.802983E-03     0.607656E-03     0.587960E-03
  0.652849E-03     0.569490E-03     0.814612E-03     0.127812E-02     0.700528E-03
  0.585011E-03     0.616081E-03     0.907040E-03     0.376031E-03     0.171669E-02
  0.684177E-03     0.725239E-03     0.551066E-03     0.127732E-02     0.686305E-03
  0.578443E-03     0.642337E-03     0.606470E-03     0.483537E-03     0.605651E-03
  0.747278E-03     0.724411E-03     0.408078E-03     0.100505E-02     0.181561E-02
  0.457220E-03     0.925726E-03     0.475640E-03     0.950446E-03     0.132642E-02
  0.934968E-03     0.751941E-03     0.567558E-03     0.763140E-03     0.575158E-03
  0.638176E-03     0.910277E-03     0.967303E-03     0.550205E-03     0.114705E-02
  0.826475E-03     0.653160E-03     0.222258E-02     0.126656E-02     0.631310E-03
  0.145268E-02     0.702767E-03     0.109153E-02     0.564523E-03     0.970170E-03
  0.830475E-03     0.999383E-03     0.115056E-02     0.209003E-02     0.112976E-02
  0.107860E-02     0.102140E-02     0.111632E-02     0.193252E-02     0.179140E-02
  0.151954E-02     0.143824E-02     0.620883E-03     0.162354E-02     0.998839E-03
  0.870014E-03     0.799045E-03     0.147695E-02     0.672502E-03     0.169845E-02
  0.203239E-02     0.741286E-03     0.122537E-02     0.829290E-03     0.100535E-02
  0.832566E-03     0.907873E-03     0.681590E-03     0.794833E-03     0.828953E-03
  0.555880E-03     0.109059E-02     0.855836E-03     0.110711E-02     0.688177E-03
  0.221125E-02     0.611015E-03     0.871780E-03     0.942348E-03     0.129458E-02
  0.606496E-03     0.753456E-03     0.133505E-02     0.212445E-02     0.969291E-03
  0.118376E-02     0.124767E-02     0.101970E-02     0.882606E-03     0.809620E-03
  0.830358E-03     0.585280E-03     0.158642E-02     0.221628E-02     0.892453E-03
  0.696336E-03     0.508772E-03     0.721241E-03     0.728212E-03     0.130444E-02
  0.805915E-03     0.909860E-03     0.132340E-02     0.849935E-03     0.693118E-03
  0.109186E-02     0.953798E-03     0.999861E-03     0.119853E-02     0.758862E-03
  0.945583E-03     0.821331E-03     0.862012E-03     0.126334E-02     0.109801E-02
  0.150791E-02     0.110396E-02     0.995085E-03     0.119836E-02     0.920565E-03
  0.847236E-03     0.958567E-03     0.106842E-02     0.123388E-02     0.883590E-03
  0.910381E-03     0.885649E-03     0.136889E-02     0.689859E-03     0.124890E-02
  0.905758E-03     0.113771E-02     0.118978E-02     0.107357E-02     0.790872E-03
  0.131905E-02     0.114366E-02     0.127960E-02     0.104167E-02     0.105004E-02
  0.107867E-02     0.992803E-03     0.645763E-03     0.984444E-03     0.919440E-03
  0.994652E-03     0.107252E-02     0.919118E-03     0.816509E-03     0.104468E-02
  0.102253E-02     0.100873E-02     0.899215E-03     0.132568E-02     0.955626E-03
  0.820573E-03     0.762346E-03     0.724933E-03     0.770286E-03     0.112202E-02
  0.121543E-02     0.120182E-02     0.952562E-03     0.106681E-02     0.961180E-03
  0.982445E-03     0.117023E-02     0.794153E-03     0.116794E-02     0.760213E-03
  0.896487E-03     0.146391E-02     0.103792E-02     0.113616E-02     0.102190E-02
  0.926613E-03     0.149608E-02     0.109621E-02     0.124986E-02     0.178312E-02
  0.121071E-02     0.146097E-02     0.143739E-02     0.106008E-02     0.114055E-02
  0.138388E-02     0.120515E-02     0.128010E-02     0.117267E-02     0.834053E-03
  0.160501E-02     0.149147E-02     0.117555E-02     0.115757E-02     0.136298E-02
  0.160073E-02     0.154698E-02     0.111097E-02     0.162799E-02     0.141269E-02
  0.114964E-02     0.144222E-02     0.151766E-02     0.150027E-02     0.145357E-02
  0.159108E-02     0.126791E-02     0.211065E-02     0.158202E-02     0.120121E-02
  0.124491E-02     0.191977E-02     0.113189E-02     0.208702E-02     0.132305E-02
  0.140936E-02     0.206210E-02     0.133036E-02     0.163459E-02     0.266476E-02
  0.173880E-02     0.165226E-02     0.115192E-02     0.181828E-02     0.226281E-02
  0.176841E-02     0.178511E-02     0.139014E-02     0.169129E-02     0.154181E-02
  0.105008E-02     0.155761E-02     0.149496E-02     0.170867E-02     0.166223E-02
  0.230159E-02     0.277685E-02     0.259722E-02     0.167534E-02     0.150708E-02
  0.173779E-02     0.190620E-02     0.160689E-02     0.158532E-02     0.233770E-02
  0.240593E-02     0.203141E-02     0.193213E-02     0.222777E-02     0.217733E-02
  0.238754E-02     0.161184E-02     0.185690E-02     0.230004E-02     0.157176E-02
  0.152204E-02     0.228031E-02     0.157367E-02     0.236981E-02     0.176352E-02
  0.143660E-02     0.144278E-02     0.268388E-02     0.248483E-02     0.262465E-02
  0.167314E-02     0.171745E-02     0.170382E-02     0.191640E-02     0.187835E-02
  0.152363E-02     0.183103E-02     0.185689E-02     0.167143E-02     0.149710E-02
  0.179302E-02     0.183335E-02     0.148427E-02     0.179418E-02     0.137356E-02
  0.178221E-02     0.160514E-02     0.143589E-02     0.150343E-02     0.126597E-02
  0.146817E-02     0.999809E-03     0.153670E-02     0.193314E-02     0.258974E-02
  0.154765E-02     0.236875E-02     0.186596E-02     0.209712E-02     0.214486E-02
  0.178521E-02     0.180765E-02     0.177876E-02     0.167857E-02     0.164786E-02
  0.172462E-02     0.168724E-02     0.154249E-02     0.205138E-02     0.140649E-02
  0.137809E-02     0.208292E-02     0.164340E-02     0.126659E-02     0.118677E-02
  0.194923E-02     0.171973E-02     0.176116E-02     0.218199E-02     0.163524E-02
  0.144242E-02     0.212522E-02     0.169518E-02     0.157871E-02     0.152413E-02
  0.149948E-02     0.209390E-02     0.189907E-02     0.193755E-02     0.152804E-02
  0.197781E-02     0.199398E-02     0.176048E-02     0.273591E-02     0.258387E-02
  0.274598E-02     0.190973E-02     0.258514E-02     0.221314E-02     0.180821E-02
  0.160780E-02     0.207614E-02     0.271237E-02     0.170158E-02     0.172952E-02
  0.186790E-02     0.174424E-02     0.199931E-02     0.154381E-02     0.173614E-02
  0.165679E-02     0.228391E-02     0.174419E-02     0.219072E-02     0.171889E-02
  0.163855E-02     0.174243E-02     0.187979E-02     0.170585E-02     0.175397E-02
  0.175801E-02     0.144757E-02     0.188584E-02     0.188985E-02     0.180786E-02
  0.160825E-02     0.182853E-02     0.166008E-02     0.170526E-02     0.178821E-02
  0.166152E-02     0.200729E-02     0.207217E-02     0.175782E-02     0.204552E-02
  0.198025E-02     0.147393E-02     0.154075E-02     0.138512E-02     0.172646E-02
  0.145344E-02     0.204965E-02     0.145554E-02     0.147376E-02     0.143034E-02
  0.138775E-02     0.124922E-02     0.121197E-02     0.183455E-02     0.177415E-02
  0.138412E-02     0.116016E-02     0.147892E-02     0.106911E-02     0.160912E-02
  0.253222E-02     0.194037E-02     0.161157E-02     0.208985E-02     0.190558E-02
  0.243614E-02     0.163130E-02     0.129216E-02     0.189588E-02     0.160697E-02
  0.156672E-02     0.196928E-02     0.155745E-02     0.151011E-02     0.157179E-02
  0.168151E-02     0.164556E-02     0.147977E-02     0.175882E-02     0.143069E-02
  0.141397E-02     0.185763E-02     0.142114E-02     0.121597E-02     0.199058E-02
  0.112212E-02     0.216636E-02     0.124106E-02     0.162570E-02     0.170815E-02
  0.172615E-02     0.184695E-02     0.188687E-02     0.201122E-02     0.161715E-02
  0.171700E-02     0.176836E-02     0.171282E-02     0.215435E-02     0.218333E-02
  0.170641E-02     0.188350E-02     0.185241E-02     0.226819E-02     0.214239E-02
  0.155182E-02     0.164183E-02     0.167436E-02     0.139718E-02     0.177856E-02
  0.163407E-02     0.165230E-02     0.167883E-02     0.153220E-02     0.262304E-02
  0.166388E-02     0.148965E-02     0.163524E-02     0.188420E-02     0.188218E-02
  0.213506E-02     0.151402E-02     0.149800E-02     0.189022E-02     0.165563E-02
  0.178186E-02     0.183457E-02     0.177374E-02     0.192817E-02     0.179213E-02
  0.186262E-02     0.158029E-02     0.145774E-02     0.116071E-02     0.185533E-02
  0.146586E-02     0.148812E-02     0.159305E-02     0.153999E-02     0.138131E-02
  0.147110E-02     0.139492E-02     0.151733E-02     0.153910E-02     0.143841E-02
  0.133492E-02     0.187731E-02     0.147962E-02     0.142089E-02     0.151813E-02
  0.152499E-02     0.179413E-02     0.142313E-02     0.165954E-02     0.155794E-02
  0.159853E-02     0.164528E-02     0.156839E-02     0.178943E-02     0.197587E-02
  0.213709E-02     0.224699E-02     0.188685E-02     0.179296E-02     0.162355E-02
  0.144785E-02     0.176484E-02     0.162375E-02     0.158501E-02     0.166890E-02
  0.171138E-02     0.173874E-02     0.175201E-02     0.167099E-02     0.183009E-02
  0.151492E-02     0.162920E-02     0.158323E-02     0.199092E-02     0.175598E-02
  0.145635E-02     0.178175E-02     0.190213E-02     0.179361E-02     0.165852E-02
  0.174734E-02     0.151846E-02     0.169803E-02     0.214399E-02     0.155374E-02
  0.144815E-02     0.166148E-02     0.176276E-02     0.155487E-02     0.169502E-02
  0.179103E-02     0.185026E-02     0.174668E-02     0.169211E-02     0.173226E-02
  0.168566E-02     0.203306E-02     0.174775E-02     0.152223E-02     0.189895E-02
  0.152087E-02     0.191630E-02     0.186187E-02     0.180249E-02     0.160468E-02
  0.147313E-02     0.189677E-02     0.215438E-02     0.221737E-02     0.198869E-02
  0.175886E-02     0.193988E-02     0.232507E-02     0.238902E-02     0.191033E-02
  0.180692E-02     0.224202E-02     0.172730E-02     0.173206E-02     0.186624E-02
  0.176039E-02     0.122178E-02     0.173245E-02     0.189489E-02     0.213538E-02
  0.176820E-02     0.178278E-02     0.188249E-02     0.207187E-02     0.186796E-02
  0.169518E-02     0.178431E-02     0.178024E-02     0.146298E-02     0.244058E-02
  0.188296E-02     0.189879E-02     0.182920E-02     0.197490E-02     0.208767E-02
  0.205513E-02     0.226554E-02     0.182406E-02     0.277120E-02     0.229730E-02
  0.184176E-02     0.158372E-02     0.186525E-02     0.192551E-02     0.150922E-02
  0.207501E-02     0.161742E-02     0.194801E-02     0.204034E-02     0.175918E-02
  0.166604E-02     0.206339E-02     0.198558E-02     0.155796E-02     0.173591E-02
  0.171216E-02     0.198551E-02     0.216443E-02     0.186997E-02     0.211679E-02
  0.225567E-02     0.197218E-02     0.205985E-02     0.199634E-02     0.183996E-02
  0.178881E-02     0.249621E-02     0.218044E-02     0.253327E-02     0.212103E-02
  0.202858E-02     0.185556E-02     0.178580E-02     0.242728E-02     0.160401E-02
  0.186141E-02     0.208765E-02     0.205310E-02     0.220497E-02     0.234192E-02
  0.158833E-02     0.217379E-02     0.212890E-02     0.190740E-02     0.195354E-02
  0.210363E-02     0.183986E-02     0.229202E-02     0.221716E-02     0.182901E-02
  0.202997E-02     0.194586E-02     0.230616E-02     0.222141E-02     0.211946E-02
  0.214643E-02     0.189307E-02     0.199431E-02     0.216909E-02     0.231503E-02
  0.254315E-02     0.203236E-02     0.208344E-02     0.238542E-02     0.222544E-02
  0.209458E-02     0.192479E-02     0.261896E-02     0.223906E-02     0.195561E-02
  0.196051E-02     0.181542E-02     0.180804E-02     0.193391E-02     0.191357E-02
  0.192231E-02     0.199658E-02     0.194574E-02     0.189316E-02     0.206429E-02
  0.185175E-02     0.207640E-02     0.194118E-02     0.237735E-02     0.223611E-02
  0.234755E-02     0.200259E-02     0.204975E-02     0.213702E-02     0.226269E-02
  0.202497E-02     0.193468E-02     0.198148E-02     0.273542E-02     0.260292E-02
  0.241601E-02     0.201527E-02     0.189466E-02     0.250586E-02     0.224384E-02
  0.226924E-02     0.185461E-02     0.218279E-02     0.252214E-02     0.244179E-02
  0.214060E-02     0.201421E-02     0.214506E-02     0.190182E-02     0.198822E-02
  0.217692E-02     0.204727E-02     0.193941E-02     0.206158E-02     0.190324E-02
  0.207722E-02     0.217626E-02     0.221729E-02     0.269062E-02     0.190223E-02
  0.233235E-02     0.190989E-02     0.203964E-02     0.221814E-02     0.229202E-02
  0.239622E-02     0.199671E-02     0.209136E-02     0.204391E-02     0.207602E-02
  0.216865E-02     0.234510E-02     0.201261E-02     0.208914E-02     0.220350E-02
  0.179737E-02     0.204061E-02     0.192867E-02     0.226372E-02     0.210853E-02
  0.202934E-02     0.264733E-02     0.230217E-02     0.348508E-02     0.239894E-02
  0.279122E-02     0.237889E-02     0.271343E-02     0.245060E-02     0.170387E-02
  0.207869E-02     0.246355E-02     0.264438E-02     0.239613E-02     0.284601E-02
  0.312139E-02     0.267661E-02     0.180921E-02     0.225454E-02     0.284626E-02
  0.201905E-02     0.215821E-02     0.227271E-02     0.213969E-02     0.249780E-02
  0.257346E-02     0.253182E-02     0.303158E-02     0.283133E-02     0.296885E-02
  0.227825E-02     0.266769E-02     0.231806E-02     0.278190E-02     0.277724E-02
  0.249695E-02     0.282786E-02     0.204158E-02     0.263775E-02     0.268148E-02
  0.265518E-02     0.252286E-02     0.393118E-02     0.195802E-02     0.353686E-02
  0.203654E-02     0.261589E-02     0.313173E-02     0.171219E-02     0.258731E-02
  0.361852E-02     0.260030E-02     0.252945E-02     0.259303E-02     0.315684E-02
  0.217979E-02     0.336340E-02     0.301400E-02     0.195454E-02     0.289191E-02
  0.293079E-02     0.280594E-02     0.205230E-02     0.179976E-02     0.247837E-02
  0.311602E-02     0.264314E-02     0.250444E-02     0.240512E-02     0.227924E-02
  0.268861E-02     0.297487E-02     0.252301E-02     0.286570E-02     0.351052E-02
  0.416979E-02     0.351600E-02     0.355472E-02     0.235966E-02     0.278702E-02
  0.219735E-02     0.235529E-02     0.251733E-02     0.269209E-02     0.183229E-02
  0.268353E-02     0.291892E-02     0.267824E-02     0.280636E-02     0.373145E-02
  0.326666E-02     0.237182E-02     0.187356E-02     0.177489E-02     0.296416E-02
  0.231320E-02     0.598052E-02     0.353361E-02     0.212233E-02     0.250783E-02
  0.340439E-02     0.189086E-02     0.212901E-02     0.254071E-02     0.185959E-02
  0.227749E-02     0.264702E-02     0.298777E-02     0.274115E-02     0.365067E-02
  0.456550E-02     0.252259E-02     0.220781E-02     0.222670E-02     0.269423E-02
  0.234241E-02     0.166927E-02     0.253572E-02     0.274129E-02     0.230255E-02
  0.253524E-02     0.178388E-02     0.207984E-02     0.209449E-02     0.201719E-02
  0.252499E-02     0.315616E-02     0.294225E-02     0.209650E-02     0.252568E-02
  0.183146E-02     0.186292E-02     0.252374E-02     0.241201E-02     0.301561E-02
  0.190756E-02     0.349559E-02     0.262303E-02     0.339640E-02     0.245551E-02
  0.223511E-02     0.297767E-02     0.346598E-02     0.272022E-02     0.278041E-02
  0.256634E-02     0.161147E-02     0.358069E-02     0.300113E-02     0.299626E-02
  0.285706E-02     0.249093E-02     0.285212E-02     0.261168E-02     0.516641E-02
  0.690344E-02     0.771999E-02     0.124679E-01     0.131096E-01     0.105480E-01
  0.113557E-01     0.179713E-01     0.191269E-01     0.122491E-01     0.144896E-01
  0.163259E-01     0.246751E-01     0.219849E-01     0.235016E-01     0.305826E-01
  0.440503E-01     0.458462E-01     0.335272E-01     0.427555E-01     0.552215E-01
  0.465262E-01     0.540794E-01     0.495293E-01     0.109902E+00     0.793177E-01
  0.760581E-01     0.669871E-01     0.121316E+00     0.948898E-01     0.111496E+00
  0.871269E-01     0.937770E-01     0.110285E+00     0.107390E+00     0.118169E+00
  0.117260E+00     0.133147E+00     0.147981E+00     0.113123E+00     0.179037E+00
  0.176973E+00     0.173449E+00     0.231553E+00     0.145236E+00     0.179627E+00
  0.195555E+00     0.201943E+00     0.232126E+00     0.261749E+00     0.207916E+00
  0.304693E+00     0.284322E+00     0.302818E+00     0.262528E+00     0.344128E+00
  0.316045E+00     0.391366E+00     0.365220E+00
 eigen energies, in ev
    -44.672413       -44.645410       -44.425968       -44.226551       -43.942066
    -28.943153       -28.899655       -28.829252       -28.763554       -28.704191
    -28.671846       -28.621618       -28.593681       -28.587721       -28.552111
    -28.443444       -28.362699       -28.336803       -28.313889       -28.254482
    -28.239193       -28.217719       -28.171419       -28.166091       -28.140068
    -28.107562       -28.104065       -28.055095       -28.042905       -28.027890
    -27.995506       -27.985181       -27.963986       -27.899609       -27.886802
    -27.848508       -27.843280       -27.777030       -27.766061       -27.737169
    -27.734701       -27.609268       -27.565893       -27.565388       -27.549703
    -27.546407       -27.512605       -27.490336       -27.482522       -27.468115
    -27.445055       -27.423726       -27.395446       -27.380301       -27.361044
    -27.335856       -27.323041       -27.318783       -27.303894       -27.281727
    -27.264314       -27.260640       -27.214578       -27.201550       -27.190175
    -27.164160       -27.137368       -27.031744       -27.028833       -26.968365
    -26.915538       -26.817317       -26.808079       -26.774192       -26.720936
    -26.681666       -26.672713       -26.643159       -26.642891       -26.619193
    -26.595695       -26.595306       -26.547697       -26.507929       -26.501746
    -26.479975       -26.452638       -26.430155       -26.366976       -26.292247
    -26.291749       -26.272115       -26.233959       -26.229122       -26.153951
    -26.146679       -26.104871       -26.056376       -26.023836       -26.011415
    -25.997730       -25.997103       -25.990409       -25.978224       -25.955965
    -25.949578       -25.933198       -25.916537       -25.909832       -25.901993
    -25.897521       -25.888317       -25.863544       -25.862278       -25.857957
    -25.825714       -25.819315       -25.778045       -25.770049       -25.761571
    -25.679179       -25.634841       -25.615411       -25.529567       -25.502286
    -25.409277       -25.284782       -25.271455       -25.240741       -25.236211
    -25.226120       -25.106624       -25.023779       -25.008078       -24.841380
    -24.412768       -24.186851       -23.972868       -23.845618       -23.744572
    -23.736465       -23.699580       -23.638264       -23.516678       -23.492237
    -23.483399       -23.385591       -23.368431       -23.360273       -23.281860
    -23.225389       -23.103079       -23.094145       -23.065031       -23.053315
    -23.020857       -23.011681       -22.995494       -22.975193       -22.868111
    -22.805459       -22.770844       -22.455507       -22.381118       -22.376695
    -22.370304       -22.284285       -22.254612       -22.024369       -22.001923
    -21.854541       -21.702097       -21.563001       -21.522893       -21.498406
    -21.483156       -21.327351       -21.290874       -21.250914       -21.192472
    -21.167862       -21.138904       -21.089863       -21.012085       -21.009896
    -20.986379       -20.887111       -20.782781       -20.763880       -20.496878
    -18.765459       -18.418072       -18.352706       -18.263043       -18.175514
    -16.323094       -16.259511       -15.967698       -15.891540       -15.854435
    -15.807697       -15.804013       -15.774942       -15.754107       -15.689143
    -15.630211       -15.454021       -15.445734       -15.287297       -15.282949
    -15.247240       -15.237774       -15.208360       -15.183573       -15.110521
    -15.052711       -15.022189       -14.828246       -14.767875       -14.764722
    -14.672439       -14.653796       -14.626601       -14.590241       -14.564158
    -14.536225       -14.517934       -14.455969       -14.412024       -14.351471
    -14.315527       -14.263244       -14.132217       -14.111122       -14.034606
    -13.913316       -13.839098       -13.813056       -13.772131       -13.738900
    -13.613684       -13.608099       -13.585540       -13.557308       -13.473637
    -13.431446       -13.417154       -13.415376       -13.399880       -13.345359
    -13.314290       -13.311528       -13.294686       -13.290583       -13.252061
    -13.223709       -13.199382       -13.185697       -13.056290       -13.017583
    -12.974544       -12.968056       -12.951081       -12.883494       -12.644911
    -12.502312       -12.405202       -12.286149       -12.189686       -12.157383
    -12.070415       -12.048526       -11.978597       -11.920654       -11.901913
    -11.871083       -11.862226       -11.838065       -11.782023       -11.727293
    -11.717153       -11.682334       -11.672339       -11.650796       -11.643006
    -11.609261       -11.585530       -11.552567       -11.521039       -11.487711
    -11.482970       -11.430010       -11.381165       -11.350547       -11.328432
    -11.308943       -11.288813       -11.282901       -11.277475       -11.264028
    -11.224844       -11.129977       -11.098026       -11.001997       -10.974701
    -10.952763       -10.872174       -10.858978       -10.841601       -10.834674
    -10.818294       -10.782682       -10.759029       -10.744189       -10.682723
    -10.666416       -10.660330       -10.632268       -10.615285       -10.601970
    -10.596893       -10.547792       -10.530424       -10.505380       -10.499343
    -10.457853       -10.436882       -10.434286       -10.427257       -10.422701
    -10.408732       -10.355779       -10.346442       -10.334274       -10.314760
    -10.291714       -10.289042       -10.262370       -10.245770       -10.231067
    -10.220589       -10.203120       -10.196251       -10.195322       -10.190346
    -10.182025       -10.155459       -10.135289       -10.124947       -10.123142
    -10.106164       -10.101837       -10.092288       -10.083854       -10.047527
    -10.040375       -10.027088       -10.005114        -9.994110        -9.979690
     -9.966338        -9.955609        -9.949309        -9.939186        -9.929615
     -9.907158        -9.903715        -9.886975        -9.880702        -9.869429
     -9.864732        -9.862560        -9.849384        -9.847871        -9.826299
     -9.811646        -9.795556        -9.781369        -9.754141        -9.743694
     -9.730130        -9.719813        -9.690731        -9.666494        -9.660724
     -9.654965        -9.585271        -9.569043        -9.564684        -9.544344
     -9.535642        -9.525906        -9.522509        -9.515001        -9.510606
     -9.500422        -9.498063        -9.476242        -9.459734        -9.451734
     -9.445964        -9.436779        -9.415787        -9.397331        -9.387566
     -9.386684        -9.373870        -9.365014        -9.349508        -9.335251
     -9.328153        -9.319691        -9.310926        -9.292545        -9.282211
     -9.270610        -9.258121        -9.244203        -9.231587        -9.198245
     -9.189639        -9.188908        -9.164697        -9.136141        -9.112121
     -9.098045        -9.073567        -9.052049        -9.032979        -9.019430
     -9.013927        -8.999339        -8.977427        -8.962631        -8.954008
     -8.943985        -8.929565        -8.916615        -8.914472        -8.889849
     -8.887029        -8.877360        -8.854923        -8.851954        -8.828132
     -8.816602        -8.809717        -8.797655        -8.787134        -8.759480
     -8.737301        -8.728553        -8.715427        -8.707309        -8.689895
     -8.676078        -8.663940        -8.650557        -8.642373        -8.610294
     -8.602228        -8.583301        -8.576721        -8.573426        -8.566010
     -8.537321        -8.519735        -8.511461        -8.501276        -8.496774
     -8.470988        -8.429107        -8.399833        -8.394840        -8.368679
     -8.329521        -8.309101        -8.268316        -8.248937        -8.216172
     -8.208578        -8.181353        -8.174545        -8.072814        -8.071530
     -8.045136        -8.022310        -8.005924        -7.988488        -7.986576
     -7.983043        -7.967202        -7.926669        -7.913008        -7.895383
     -7.884394        -7.868578        -7.852767        -7.847579        -7.828971
     -7.812488        -7.806483        -7.793752        -7.736636        -7.722251
     -7.710186        -7.708653        -7.696798        -7.673293        -7.636094
     -7.600613        -7.532416        -7.520022        -7.510065        -7.480245
     -7.469330        -7.453750        -7.448024        -7.427674        -7.411725
     -7.378497        -7.349843        -7.327590        -7.305670        -7.302658
     -7.292862        -7.282402        -7.255177        -7.229194        -7.212358
     -7.193106        -7.158754        -7.155996        -7.148763        -7.147520
     -7.137812        -7.087414        -7.057868        -7.024382        -7.002618
     -6.954994        -6.947187        -6.939500        -6.931451        -6.930270
     -6.923567        -6.906176        -6.898304        -6.888726        -6.882821
     -6.864932        -6.858842        -6.847332        -6.841029        -6.837428
     -6.812916        -6.746785        -6.743580        -6.707531        -6.704627
     -6.693484        -6.689170        -6.667897        -6.664677        -6.659783
     -6.640127        -6.637279        -6.621029        -6.615521        -6.606391
     -6.599898        -6.578414        -6.574451        -6.566190        -6.556268
     -6.549179        -6.546128        -6.525185        -6.517564        -6.513127
     -6.501688        -6.485794        -6.482982        -6.477360        -6.458371
     -6.447173        -6.441542        -6.436053        -6.416698        -6.410300
     -6.395932        -6.366526        -6.354078        -6.349432        -6.344172
     -6.337159        -6.324453        -6.311481        -6.301208        -6.298973
     -6.287376        -6.276240        -6.261171        -6.253126        -6.242659
     -6.237589        -6.224391        -6.214066        -6.205490        -6.199544
     -6.187033        -6.177136        -6.173800        -6.164144        -6.153396
     -6.143034        -6.130540        -6.126775        -6.115385        -6.108359
     -6.093841        -6.089239        -6.087984        -6.077263        -6.047456
     -6.043874        -6.028030        -6.015651        -6.003404        -5.995851
     -5.989536        -5.979746        -5.975532        -5.961970        -5.960137
     -5.954039        -5.938603        -5.934170        -5.921369        -5.914570
     -5.905188        -5.894843        -5.885672        -5.882831        -5.872553
     -5.865020        -5.857325        -5.853657        -5.842388        -5.838886
     -5.834877        -5.827874        -5.818843        -5.807522        -5.805825
     -5.799224        -5.786799        -5.777754        -5.754760        -5.749885
     -5.743342        -5.737135        -5.724693        -5.721270        -5.710869
     -5.698424        -5.691827        -5.687008        -5.679173        -5.672257
     -5.669115        -5.663496        -5.647211        -5.644573        -5.642905
     -5.634815        -5.632063        -5.620885        -5.615175        -5.607236
     -5.598896        -5.595935        -5.588799        -5.584885        -5.580973
     -5.573264        -5.567300        -5.560253        -5.555769        -5.551475
     -5.543545        -5.536146        -5.525446        -5.517792        -5.512223
     -5.503680        -5.496925        -5.485803        -5.481031        -5.476878
     -5.470316        -5.453026        -5.444957        -5.439529        -5.421428
     -5.409845        -5.401878        -5.392959        -5.391978        -5.374469
     -5.369756        -5.363833        -5.350533        -5.343132        -5.336161
     -5.325828        -5.318908        -5.307832        -5.303494        -5.298614
     -5.289887        -5.283146        -5.269343        -5.264624        -5.260224
     -5.252964        -5.247004        -5.240921        -5.235762        -5.230146
     -5.227232        -5.220190        -5.211124        -5.200676        -5.196225
     -5.189187        -5.186467        -5.165989        -5.163382        -5.154303
     -5.152794        -5.149036        -5.145030        -5.140215        -5.125337
     -5.114130        -5.108773        -5.099567        -5.094078        -5.088027
     -5.084344        -5.079708        -5.075204        -5.069696        -5.067821
     -5.064564        -5.055502        -5.047775        -5.042156        -5.037194
     -5.030378        -5.028775        -5.018220        -5.009374        -5.007776
     -5.002731        -4.999881        -4.989002        -4.988052        -4.979427
     -4.965048        -4.957745        -4.942367        -4.931567        -4.927437
     -4.922757        -4.910721        -4.900780        -4.892613        -4.884306
     -4.875766        -4.864572        -4.861606        -4.856306        -4.853307
     -4.849193        -4.842143        -4.839132        -4.828324        -4.823762
     -4.816980        -4.815790        -4.809793        -4.805650        -4.801668
     -4.786559        -4.780398        -4.772394        -4.749835        -4.749319
     -4.730760        -4.724293        -4.715178        -4.693020        -4.686042
     -4.680014        -4.675446        -4.665633        -4.655383        -4.648980
     -4.640640        -4.629992        -4.625901        -4.615152        -4.610933
     -4.600561        -4.593570        -4.585159        -4.579697        -4.555970
     -4.547243        -4.531254        -4.521651        -4.508475        -4.497029
     -4.489902        -4.478122        -4.441124        -4.428595        -4.415048
     -4.394994        -4.392664        -4.359676        -4.354092        -4.342151
     -4.324434        -4.302125        -4.287697        -4.282253        -4.272856
     -4.241654        -4.226031        -4.219608        -4.207199        -4.200310
     -4.196589        -4.189449        -4.173544        -4.161756        -4.157016
     -4.140261        -4.127273        -4.118877        -4.107064        -4.096557
     -4.079487        -4.072279        -4.052299        -4.034214        -4.032330
     -3.955864        -3.943549        -3.902471        -3.896663        -3.868801
     -3.847842        -3.833938        -3.826156        -3.813095        -3.801744
     -3.781917        -3.709804        -3.692473        -3.676325        -3.675919
     -3.649982        -3.634033        -3.617697        -3.610257        -3.601006
     -3.586748        -3.540842        -3.515839        -3.508845        -3.505022
     -3.486407        -3.459179        -3.454824        -3.448205        -3.439791
     -3.427554        -3.422142        -3.414216        -3.408568        -3.381766
     -3.346597        -3.342891        -3.326097        -3.318351        -3.307362
     -3.285016        -3.270792        -3.266185        -3.257434        -3.238319
     -3.218039        -3.207844        -3.177392        -3.151967        -3.147278
     -3.134457        -3.112686        -3.082669        -3.059055        -3.051717
     -3.034491        -3.006219        -2.998875        -2.964938        -2.961544
     -2.958830        -2.909946        -2.891983        -2.887413        -2.876275
     -2.868674        -2.864126        -2.850843        -2.835428        -2.787680
     -2.768050        -2.754165        -2.746568        -2.711365        -2.708095
     -2.691156        -2.682424        -2.662418        -2.652935        -2.639202
     -2.636361        -2.613273        -2.594229        -2.563838        -2.536819
     -2.517507        -2.491543        -2.477127        -2.463592        -2.450057
     -2.446651        -2.434588        -2.421613        -2.406454        -2.367252
     -2.342024        -2.307550        -2.287905        -2.259080        -2.222462
     -2.213231        -2.131339        -2.096573        -2.069650        -2.059526
     -2.058303        -2.038280        -1.946673        -1.934552        -1.817171
      2.284877         2.458903         2.679132         2.771627         2.848146
      2.922770         3.044179         3.122102         3.205489         3.294057
      3.330705         3.357933         3.413731         3.452890         3.511494
      3.579936         3.614115         3.620198         3.682251         3.737575
      3.802753         3.822451         3.871708         3.895345         3.913479
      3.941656         3.948576         3.979575         3.991329         4.027503
      4.060145         4.071346         4.099186         4.106519         4.122720
      4.140628         4.167228         4.183398         4.229516         4.241392
      4.258609         4.293323         4.326925         4.357433         4.369783
      4.378486         4.409839         4.414602         4.438692         4.474584
      4.498586         4.560046         4.583149         4.600643         4.628183
      4.654075         4.695289         4.711905
 *********************************
 sum eigen(dbl occ, ryd)=  -1544.28865299738     
 *********************************
 Ef(eV)= -0.362289758964052     
 ***************************************************
 iter=          18
 ---------------------------------------------------
 dvE, dvE(n)-dvE(n-1) = 0.8000E-05 -.5196E-05
 dv_ave, drho_tot     = 0.2828E-02 0.7857E-03
 err of ug            = 0.1276E-03
 ---------------------------------------------------
 Ewald        = -.41116881944013E+05
 Alpha        = 0.15207970391171E+04
 E_extV       = 0.00000000000000E+00    0.0000E+00
 E_NSC        = -.21461522762150E+05    -.3956E+01
 E[-rho*V_Hxc]= -.12383753490762E+06    0.3972E+01
 E_Hxc        = 0.51993596304583E+05    -.3620E+01
 -TS          = -.35505862133968E-26    0.0000E+00
 E_tot(eV)    = -.13290154627008E+06    0.1660E-01
 ---------------------------------------------------
 E_ion,E_coul,E_xc =   -224684.3417591   80790.9038925  -28797.3075880
Ewald+Hart+ion    -0.1850103198106E+06
 ave(vtot)=ave_(V_xc)=: v0= -0.282852220664907     
 Eigen energies are values after setting ave_vtot=0
 ----------------------------------
 One SCF use:    85.9799208641052       s
 *********************************
 ****** kpt=           1
 err of each states, eV
  0.314504E-02     0.127904E-01     0.400619E-02     0.314345E-02     0.399400E-02
  0.116594E-02     0.766209E-03     0.103458E-02     0.757602E-03     0.694650E-03
  0.143144E-02     0.949661E-03     0.698953E-03     0.909778E-03     0.464993E-03
  0.661704E-03     0.104430E-02     0.760881E-03     0.114267E-02     0.631286E-03
  0.126525E-02     0.685263E-03     0.676701E-03     0.604961E-03     0.693394E-03
  0.689802E-03     0.149161E-02     0.652139E-03     0.568588E-03     0.773472E-03
  0.553811E-03     0.735151E-03     0.621382E-03     0.106513E-02     0.754265E-03
  0.515815E-03     0.729214E-03     0.770907E-03     0.146149E-02     0.617939E-03
  0.763842E-03     0.727426E-03     0.586420E-03     0.121456E-02     0.699670E-03
  0.528557E-03     0.134336E-02     0.143848E-02     0.540278E-03     0.565404E-03
  0.766258E-03     0.135370E-02     0.719715E-03     0.663183E-03     0.585721E-03
  0.580667E-03     0.574427E-03     0.730685E-03     0.164507E-02     0.846098E-03
  0.626386E-03     0.814183E-03     0.986900E-03     0.135175E-02     0.736915E-03
  0.594264E-03     0.131398E-02     0.822390E-03     0.668143E-03     0.654537E-03
  0.727158E-03     0.629825E-03     0.686914E-03     0.505369E-03     0.748082E-03
  0.695059E-03     0.101556E-02     0.861081E-03     0.428458E-03     0.104641E-02
  0.151851E-02     0.636460E-03     0.732343E-03     0.798490E-03     0.609046E-03
  0.528477E-03     0.625845E-03     0.420404E-03     0.761268E-03     0.643209E-03
  0.796021E-03     0.524245E-03     0.494462E-03     0.640877E-03     0.659463E-03
  0.154743E-02     0.118955E-02     0.479545E-03     0.738846E-03     0.670216E-03
  0.670049E-03     0.471351E-03     0.108290E-02     0.942763E-03     0.730078E-03
  0.830799E-03     0.495435E-03     0.521650E-03     0.450058E-03     0.444009E-03
  0.728438E-03     0.703885E-03     0.121261E-02     0.663426E-03     0.591428E-03
  0.861627E-03     0.857720E-03     0.845331E-03     0.996734E-03     0.633975E-03
  0.114516E-02     0.641712E-03     0.692314E-03     0.438388E-03     0.860993E-03
  0.358070E-03     0.450107E-03     0.102139E-02     0.490011E-03     0.636226E-03
  0.775899E-03     0.565501E-03     0.755474E-03     0.476079E-03     0.504175E-03
  0.174625E-02     0.449188E-03     0.175838E-02     0.231073E-02     0.168067E-02
  0.167955E-02     0.446005E-03     0.760793E-03     0.626213E-03     0.551162E-03
  0.536595E-03     0.889479E-03     0.538354E-03     0.780362E-03     0.649156E-03
  0.446179E-03     0.627264E-03     0.203432E-02     0.684642E-03     0.425641E-03
  0.119773E-02     0.198678E-02     0.607044E-03     0.453351E-03     0.938950E-03
  0.754108E-03     0.727075E-03     0.859803E-03     0.990018E-03     0.103600E-02
  0.778667E-03     0.607374E-03     0.100334E-02     0.474385E-03     0.136065E-02
  0.694801E-03     0.592230E-03     0.863959E-03     0.121043E-02     0.125819E-02
  0.102488E-02     0.141020E-02     0.478876E-03     0.563391E-03     0.487964E-03
  0.102925E-02     0.840828E-03     0.182364E-02     0.112730E-02     0.521996E-03
  0.409207E-03     0.119108E-02     0.486653E-03     0.671558E-03     0.535157E-03
  0.554911E-03     0.498227E-03     0.513432E-03     0.543269E-03     0.825881E-03
  0.977157E-03     0.830756E-03     0.112903E-02     0.864833E-03     0.947715E-03
  0.105024E-02     0.772100E-03     0.110701E-02     0.887716E-03     0.991730E-03
  0.999298E-03     0.104710E-02     0.747332E-03     0.142345E-02     0.161483E-02
  0.117670E-02     0.901194E-03     0.896651E-03     0.976991E-03     0.882582E-03
  0.806357E-03     0.815735E-03     0.137034E-02     0.124258E-02     0.853861E-03
  0.104743E-02     0.800912E-03     0.120242E-02     0.812025E-03     0.738288E-03
  0.734160E-03     0.665969E-03     0.988905E-03     0.683868E-03     0.497332E-03
  0.773214E-03     0.734361E-03     0.107754E-02     0.103743E-02     0.965819E-03
  0.885422E-03     0.759837E-03     0.953743E-03     0.716437E-03     0.897195E-03
  0.996993E-03     0.767740E-03     0.983248E-03     0.959925E-03     0.828807E-03
  0.766628E-03     0.827517E-03     0.889533E-03     0.998246E-03     0.683773E-03
  0.939170E-03     0.735755E-03     0.908856E-03     0.518856E-03     0.109853E-02
  0.112452E-02     0.105875E-02     0.102346E-02     0.110791E-02     0.101605E-02
  0.998722E-03     0.116916E-02     0.114985E-02     0.855432E-03     0.808839E-03
  0.685234E-03     0.100072E-02     0.902292E-03     0.911363E-03     0.935392E-03
  0.732211E-03     0.130172E-02     0.756621E-03     0.941975E-03     0.111048E-02
  0.992669E-03     0.131128E-02     0.112455E-02     0.105029E-02     0.103682E-02
  0.105818E-02     0.101534E-02     0.983506E-03     0.142674E-02     0.102630E-02
  0.992386E-03     0.113183E-02     0.103331E-02     0.132636E-02     0.127163E-02
  0.106046E-02     0.127736E-02     0.734634E-03     0.134128E-02     0.132016E-02
  0.137445E-02     0.132130E-02     0.128761E-02     0.130599E-02     0.136675E-02
  0.129400E-02     0.104990E-02     0.186503E-02     0.128114E-02     0.101119E-02
  0.117823E-02     0.184230E-02     0.140422E-02     0.930018E-03     0.199398E-02
  0.153977E-02     0.126830E-02     0.138956E-02     0.138675E-02     0.146159E-02
  0.150345E-02     0.187998E-02     0.912989E-03     0.167114E-02     0.119673E-02
  0.210459E-02     0.114917E-02     0.109248E-02     0.126158E-02     0.143703E-02
  0.117214E-02     0.139065E-02     0.132240E-02     0.146308E-02     0.109359E-02
  0.922967E-03     0.129698E-02     0.208658E-02     0.124958E-02     0.131647E-02
  0.163130E-02     0.989875E-03     0.159167E-02     0.220538E-02     0.192702E-02
  0.155411E-02     0.124324E-02     0.128518E-02     0.166770E-02     0.174063E-02
  0.176268E-02     0.134894E-02     0.156748E-02     0.964417E-03     0.185995E-02
  0.167050E-02     0.125207E-02     0.139297E-02     0.207089E-02     0.141215E-02
  0.148448E-02     0.161618E-02     0.121810E-02     0.105103E-02     0.151082E-02
  0.165822E-02     0.113581E-02     0.155742E-02     0.110942E-02     0.162783E-02
  0.194835E-02     0.136715E-02     0.122403E-02     0.148353E-02     0.134722E-02
  0.137672E-02     0.109525E-02     0.134337E-02     0.137351E-02     0.138444E-02
  0.153073E-02     0.129060E-02     0.124729E-02     0.110226E-02     0.160131E-02
  0.123510E-02     0.162832E-02     0.934138E-03     0.916206E-03     0.114969E-02
  0.156830E-02     0.173957E-02     0.182141E-02     0.218988E-02     0.133785E-02
  0.150551E-02     0.160020E-02     0.164945E-02     0.167591E-02     0.162488E-02
  0.166708E-02     0.143117E-02     0.153123E-02     0.138722E-02     0.126211E-02
  0.156078E-02     0.150791E-02     0.167173E-02     0.122954E-02     0.157252E-02
  0.158017E-02     0.161542E-02     0.127771E-02     0.134359E-02     0.171923E-02
  0.171153E-02     0.174269E-02     0.154528E-02     0.187479E-02     0.164303E-02
  0.160739E-02     0.154355E-02     0.119942E-02     0.119288E-02     0.164734E-02
  0.147298E-02     0.169515E-02     0.293273E-02     0.146163E-02     0.241938E-02
  0.218459E-02     0.219594E-02     0.193127E-02     0.173738E-02     0.179947E-02
  0.156909E-02     0.142372E-02     0.235854E-02     0.183378E-02     0.164261E-02
  0.160396E-02     0.142839E-02     0.190489E-02     0.132147E-02     0.143278E-02
  0.165106E-02     0.168774E-02     0.153024E-02     0.189387E-02     0.190444E-02
  0.171210E-02     0.168967E-02     0.188173E-02     0.213783E-02     0.898381E-03
  0.151737E-02     0.165545E-02     0.143882E-02     0.171179E-02     0.123639E-02
  0.166203E-02     0.159176E-02     0.145654E-02     0.118570E-02     0.179827E-02
  0.212525E-02     0.130329E-02     0.231608E-02     0.120152E-02     0.189194E-02
  0.115426E-02     0.120482E-02     0.153583E-02     0.176854E-02     0.167025E-02
  0.129879E-02     0.163138E-02     0.146202E-02     0.112643E-02     0.105678E-02
  0.120520E-02     0.157389E-02     0.130755E-02     0.155306E-02     0.160995E-02
  0.161862E-02     0.152291E-02     0.106529E-02     0.105901E-02     0.125679E-02
  0.182716E-02     0.221814E-02     0.188049E-02     0.182844E-02     0.154853E-02
  0.131858E-02     0.137563E-02     0.138676E-02     0.244216E-02     0.117604E-02
  0.150101E-02     0.993394E-03     0.127010E-02     0.974194E-03     0.107597E-02
  0.121968E-02     0.127956E-02     0.126371E-02     0.107682E-02     0.135020E-02
  0.122423E-02     0.130115E-02     0.124699E-02     0.970391E-03     0.925080E-03
  0.138947E-02     0.126205E-02     0.940915E-03     0.168473E-02     0.154853E-02
  0.145935E-02     0.160191E-02     0.143486E-02     0.125043E-02     0.136836E-02
  0.137133E-02     0.167712E-02     0.159937E-02     0.138709E-02     0.110287E-02
  0.157309E-02     0.112789E-02     0.140847E-02     0.108520E-02     0.160469E-02
  0.140995E-02     0.107627E-02     0.105787E-02     0.120612E-02     0.114460E-02
  0.119543E-02     0.137044E-02     0.158410E-02     0.234545E-02     0.149546E-02
  0.159771E-02     0.148987E-02     0.115815E-02     0.149500E-02     0.193825E-02
  0.123609E-02     0.114651E-02     0.135928E-02     0.149978E-02     0.117039E-02
  0.125082E-02     0.205700E-02     0.136694E-02     0.140578E-02     0.113416E-02
  0.144417E-02     0.110758E-02     0.136925E-02     0.120356E-02     0.128969E-02
  0.100085E-02     0.126981E-02     0.179900E-02     0.113290E-02     0.136624E-02
  0.140571E-02     0.136166E-02     0.142419E-02     0.138971E-02     0.133404E-02
  0.190198E-02     0.146489E-02     0.131329E-02     0.143595E-02     0.144002E-02
  0.156375E-02     0.129282E-02     0.137696E-02     0.143438E-02     0.136539E-02
  0.124393E-02     0.134234E-02     0.140382E-02     0.137546E-02     0.109900E-02
  0.151705E-02     0.199315E-02     0.153752E-02     0.180652E-02     0.130261E-02
  0.121818E-02     0.136529E-02     0.122022E-02     0.134118E-02     0.145640E-02
  0.148657E-02     0.128637E-02     0.135705E-02     0.128373E-02     0.125105E-02
  0.145742E-02     0.154705E-02     0.121019E-02     0.136367E-02     0.154226E-02
  0.146582E-02     0.135386E-02     0.154069E-02     0.159207E-02     0.110310E-02
  0.125853E-02     0.124892E-02     0.142660E-02     0.142079E-02     0.147312E-02
  0.144547E-02     0.135726E-02     0.123361E-02     0.132016E-02     0.132800E-02
  0.121024E-02     0.133006E-02     0.146212E-02     0.131895E-02     0.137316E-02
  0.163430E-02     0.153282E-02     0.152467E-02     0.140545E-02     0.155925E-02
  0.144850E-02     0.134920E-02     0.139813E-02     0.146788E-02     0.168481E-02
  0.141531E-02     0.160839E-02     0.146254E-02     0.142226E-02     0.139119E-02
  0.174979E-02     0.178696E-02     0.127049E-02     0.189120E-02     0.183353E-02
  0.193883E-02     0.193079E-02     0.119587E-02     0.157357E-02     0.144213E-02
  0.135555E-02     0.172480E-02     0.146404E-02     0.190251E-02     0.152018E-02
  0.150327E-02     0.148215E-02     0.153227E-02     0.143572E-02     0.118480E-02
  0.139814E-02     0.185026E-02     0.158986E-02     0.150319E-02     0.168739E-02
  0.169249E-02     0.171993E-02     0.155241E-02     0.146630E-02     0.153824E-02
  0.173035E-02     0.167057E-02     0.142174E-02     0.165863E-02     0.162651E-02
  0.176333E-02     0.133405E-02     0.201828E-02     0.180178E-02     0.164821E-02
  0.157202E-02     0.143163E-02     0.174404E-02     0.146332E-02     0.159043E-02
  0.157201E-02     0.146427E-02     0.188286E-02     0.186359E-02     0.157975E-02
  0.166249E-02     0.171369E-02     0.204553E-02     0.155342E-02     0.179276E-02
  0.151815E-02     0.197328E-02     0.204993E-02     0.183399E-02     0.168451E-02
  0.158940E-02     0.220438E-02     0.175499E-02     0.157002E-02     0.149865E-02
  0.143871E-02     0.164269E-02     0.176535E-02     0.199375E-02     0.168683E-02
  0.165327E-02     0.184649E-02     0.137254E-02     0.157483E-02     0.163168E-02
  0.141743E-02     0.156070E-02     0.196223E-02     0.172671E-02     0.178288E-02
  0.164237E-02     0.172108E-02     0.151905E-02     0.172885E-02     0.159625E-02
  0.178615E-02     0.185663E-02     0.163205E-02     0.162002E-02     0.156304E-02
  0.175353E-02     0.205262E-02     0.170927E-02     0.168956E-02     0.193800E-02
  0.212993E-02     0.178700E-02     0.166934E-02     0.190398E-02     0.180854E-02
  0.207438E-02     0.223817E-02     0.184583E-02     0.188567E-02     0.180851E-02
  0.170766E-02     0.169913E-02     0.214063E-02     0.180614E-02     0.151203E-02
  0.171885E-02     0.165504E-02     0.144804E-02     0.152418E-02     0.166019E-02
  0.161040E-02     0.173629E-02     0.187151E-02     0.161003E-02     0.172561E-02
  0.166356E-02     0.198754E-02     0.192220E-02     0.201356E-02     0.214530E-02
  0.215589E-02     0.179331E-02     0.177840E-02     0.214388E-02     0.188986E-02
  0.177716E-02     0.204863E-02     0.156058E-02     0.152887E-02     0.165560E-02
  0.178986E-02     0.197466E-02     0.191004E-02     0.195537E-02     0.148276E-02
  0.173493E-02     0.176398E-02     0.161200E-02     0.167652E-02     0.166334E-02
  0.170545E-02     0.167068E-02     0.195377E-02     0.153200E-02     0.149986E-02
  0.173862E-02     0.169237E-02     0.145730E-02     0.155912E-02     0.153965E-02
  0.245227E-02     0.194103E-02     0.209676E-02     0.236849E-02     0.168869E-02
  0.165815E-02     0.159554E-02     0.183453E-02     0.191506E-02     0.174227E-02
  0.159576E-02     0.188715E-02     0.131128E-02     0.169611E-02     0.149030E-02
  0.161883E-02     0.186369E-02     0.124663E-02     0.208117E-02     0.185641E-02
  0.201721E-02     0.218753E-02     0.291114E-02     0.211207E-02     0.182721E-02
  0.212967E-02     0.147867E-02     0.239318E-02     0.183681E-02     0.211264E-02
  0.229068E-02     0.218231E-02     0.310162E-02     0.203707E-02     0.199915E-02
  0.179930E-02     0.173296E-02     0.251336E-02     0.188303E-02     0.240358E-02
  0.188690E-02     0.183911E-02     0.199844E-02     0.171472E-02     0.198371E-02
  0.244720E-02     0.254511E-02     0.242835E-02     0.252896E-02     0.221338E-02
  0.235200E-02     0.219038E-02     0.191665E-02     0.238569E-02     0.212246E-02
  0.196369E-02     0.247611E-02     0.295337E-02     0.228606E-02     0.223943E-02
  0.244883E-02     0.299841E-02     0.222841E-02     0.233513E-02     0.276962E-02
  0.154030E-02     0.176387E-02     0.174992E-02     0.243697E-02     0.264388E-02
  0.209339E-02     0.179688E-02     0.203835E-02     0.180246E-02     0.165596E-02
  0.219820E-02     0.313542E-02     0.151851E-02     0.270641E-02     0.239910E-02
  0.213210E-02     0.206058E-02     0.230075E-02     0.204208E-02     0.239382E-02
  0.141898E-02     0.226114E-02     0.216489E-02     0.169362E-02     0.156227E-02
  0.210518E-02     0.202370E-02     0.222042E-02     0.250751E-02     0.241448E-02
  0.322720E-02     0.302643E-02     0.242773E-02     0.239386E-02     0.166683E-02
  0.198877E-02     0.194168E-02     0.212015E-02     0.254613E-02     0.219612E-02
  0.269626E-02     0.175305E-02     0.205718E-02     0.203868E-02     0.186369E-02
  0.261685E-02     0.147150E-02     0.222616E-02     0.187490E-02     0.162915E-02
  0.525182E-02     0.257636E-02     0.172166E-02     0.228645E-02     0.154181E-02
  0.257720E-02     0.158625E-02     0.154662E-02     0.211109E-02     0.206625E-02
  0.150354E-02     0.222876E-02     0.358231E-02     0.467218E-02     0.218090E-02
  0.201041E-02     0.202898E-02     0.190647E-02     0.174478E-02     0.181323E-02
  0.206385E-02     0.150685E-02     0.208146E-02     0.195592E-02     0.202045E-02
  0.231464E-02     0.220877E-02     0.181724E-02     0.342360E-02     0.164422E-02
  0.206544E-02     0.179070E-02     0.190285E-02     0.147492E-02     0.163936E-02
  0.191356E-02     0.172895E-02     0.136670E-02     0.241532E-02     0.212466E-02
  0.222142E-02     0.259089E-02     0.262881E-02     0.307133E-02     0.270221E-02
  0.161731E-02     0.210091E-02     0.221348E-02     0.238506E-02     0.264670E-02
  0.193228E-02     0.133566E-02     0.293424E-02     0.230133E-02     0.205672E-02
  0.197615E-02     0.175256E-02     0.287901E-02     0.279691E-02     0.339372E-02
  0.400133E-02     0.578602E-02     0.818172E-02     0.102402E-01     0.797042E-02
  0.108387E-01     0.137471E-01     0.172387E-01     0.106833E-01     0.137264E-01
  0.125420E-01     0.275216E-01     0.225453E-01     0.217573E-01     0.319239E-01
  0.459946E-01     0.342702E-01     0.396906E-01     0.445115E-01     0.559598E-01
  0.452403E-01     0.517443E-01     0.544304E-01     0.985008E-01     0.718262E-01
  0.797505E-01     0.645846E-01     0.103849E+00     0.761976E-01     0.996005E-01
  0.839484E-01     0.105942E+00     0.759495E-01     0.845646E-01     0.114933E+00
  0.100009E+00     0.129186E+00     0.132830E+00     0.121834E+00     0.158613E+00
  0.137542E+00     0.144182E+00     0.182582E+00     0.226688E+00     0.168803E+00
  0.248341E+00     0.220830E+00     0.195543E+00     0.167992E+00     0.216993E+00
  0.294293E+00     0.280535E+00     0.352096E+00     0.361452E+00     0.240100E+00
  0.252223E+00     0.536160E+00     0.555837E+00
 eigen energies, in ev
    -44.649686       -44.615658       -44.418872       -44.189673       -43.975871
    -28.953308       -28.896985       -28.809925       -28.697893       -28.659192
    -28.630572       -28.628530       -28.609398       -28.587878       -28.587383
    -28.452203       -28.408831       -28.370857       -28.288835       -28.243120
    -28.211171       -28.204569       -28.185078       -28.173306       -28.145598
    -28.125142       -28.118971       -28.088620       -28.075217       -28.043098
    -28.039475       -28.012801       -27.964298       -27.944271       -27.898226
    -27.864669       -27.822177       -27.806588       -27.779004       -27.722130
    -27.708226       -27.615300       -27.590998       -27.576060       -27.574944
    -27.545964       -27.534963       -27.506913       -27.481126       -27.475502
    -27.453502       -27.442468       -27.440901       -27.434850       -27.391083
    -27.336054       -27.318846       -27.312931       -27.308489       -27.269294
    -27.265741       -27.263081       -27.226262       -27.183719       -27.175383
    -27.158737       -27.134818       -27.077768       -27.009984       -27.001673
    -26.951712       -26.763099       -26.762250       -26.727495       -26.685744
    -26.676957       -26.667518       -26.641520       -26.632114       -26.625557
    -26.579027       -26.573316       -26.537879       -26.537261       -26.524309
    -26.500983       -26.441310       -26.436042       -26.363773       -26.324806
    -26.285263       -26.281750       -26.260828       -26.257770       -26.165531
    -26.106463       -26.088465       -26.049722       -26.037045       -26.030822
    -26.026581       -26.024503       -26.005973       -25.976064       -25.974509
    -25.960226       -25.935665       -25.933951       -25.919885       -25.918884
    -25.914520       -25.900559       -25.893080       -25.890301       -25.858252
    -25.836918       -25.823402       -25.808137       -25.789717       -25.778865
    -25.702728       -25.648080       -25.623099       -25.582220       -25.512482
    -25.451881       -25.332773       -25.324369       -25.284706       -25.256916
    -25.242164       -25.119731       -25.055612       -25.008436       -24.889542
    -24.377013       -24.124016       -24.003986       -23.829553       -23.734186
    -23.690283       -23.678354       -23.617421       -23.450793       -23.442815
    -23.435976       -23.356263       -23.344130       -23.328429       -23.315143
    -23.178772       -23.135612       -23.068589       -23.053759       -23.048801
    -23.034915       -23.029968       -22.963485       -22.941570       -22.889697
    -22.832973       -22.787139       -22.418383       -22.410411       -22.387692
    -22.350136       -22.334983       -22.279923       -22.015506       -21.994751
    -21.792377       -21.701082       -21.594208       -21.510184       -21.473082
    -21.469979       -21.275733       -21.272595       -21.182036       -21.141508
    -21.126083       -21.115317       -21.058651       -20.989095       -20.987594
    -20.943632       -20.908857       -20.766305       -20.710754       -20.479577
    -18.703154       -18.347777       -18.327614       -18.214796       -18.141072
    -16.362187       -16.229312       -15.976627       -15.881693       -15.849555
    -15.835777       -15.832742       -15.783842       -15.764687       -15.651943
    -15.621221       -15.496479       -15.432380       -15.316471       -15.281161
    -15.269362       -15.251147       -15.237899       -15.189485       -15.091945
    -15.041469       -14.992142       -14.823663       -14.750725       -14.743698
    -14.706512       -14.677732       -14.601446       -14.580757       -14.568210
    -14.557864       -14.496417       -14.477068       -14.403245       -14.370269
    -14.321956       -14.266034       -14.167698       -14.157715       -14.080083
    -13.882514       -13.804758       -13.800615       -13.746893       -13.723587
    -13.596177       -13.588032       -13.573545       -13.501195       -13.449567
    -13.429588       -13.399657       -13.388307       -13.370774       -13.340614
    -13.335220       -13.330302       -13.315818       -13.263836       -13.222577
    -13.213270       -13.208340       -13.191905       -13.090317       -13.058326
    -13.011308       -12.955141       -12.939469       -12.935396       -12.652222
    -12.508882       -12.371820       -12.278524       -12.195384       -12.164205
    -12.089917       -12.020727       -11.972295       -11.946638       -11.902217
    -11.899082       -11.881355       -11.849018       -11.769624       -11.721864
    -11.700634       -11.684752       -11.677896       -11.661802       -11.622837
    -11.609018       -11.582602       -11.580125       -11.504871       -11.492118
    -11.477402       -11.453660       -11.410407       -11.364711       -11.340284
    -11.308434       -11.302539       -11.287291       -11.278156       -11.274328
    -11.271964       -11.168279       -11.071091       -11.003400       -10.933043
    -10.924008       -10.859923       -10.838732       -10.836500       -10.815865
    -10.813382       -10.790349       -10.772634       -10.721126       -10.685818
    -10.649523       -10.648120       -10.625682       -10.595452       -10.589400
    -10.580093       -10.550472       -10.535210       -10.517260       -10.488505
    -10.459629       -10.456837       -10.453351       -10.415291       -10.404023
    -10.385703       -10.372183       -10.361849       -10.339404       -10.336652
    -10.291532       -10.286987       -10.279180       -10.247196       -10.236628
    -10.230509       -10.218251       -10.215620       -10.197849       -10.188873
    -10.181038       -10.178922       -10.151304       -10.141771       -10.134263
    -10.122031       -10.098109       -10.081111       -10.055446       -10.051872
    -10.045024       -10.028030       -10.009288       -10.003880        -9.989593
     -9.976945        -9.969614        -9.960244        -9.956364        -9.942665
     -9.933392        -9.924511        -9.915246        -9.908224        -9.885266
     -9.880152        -9.872874        -9.862193        -9.846413        -9.841947
     -9.833620        -9.826063        -9.812700        -9.787852        -9.758330
     -9.725240        -9.708002        -9.697609        -9.692384        -9.679811
     -9.633521        -9.602006        -9.594403        -9.577115        -9.572515
     -9.542443        -9.535801        -9.531006        -9.520382        -9.519784
     -9.507003        -9.490237        -9.481556        -9.466641        -9.453330
     -9.447223        -9.436442        -9.424784        -9.421989        -9.399498
     -9.396262        -9.381600        -9.349794        -9.340027        -9.332297
     -9.314918        -9.312453        -9.305673        -9.297507        -9.287850
     -9.282729        -9.274874        -9.244774        -9.221436        -9.218851
     -9.180782        -9.171296        -9.151738        -9.117111        -9.095868
     -9.083292        -9.078261        -9.054361        -9.053784        -9.013547
     -9.003254        -8.990228        -8.982649        -8.963013        -8.952442
     -8.941466        -8.932145        -8.926845        -8.911710        -8.901673
     -8.898287        -8.864080        -8.856778        -8.851977        -8.842920
     -8.836101        -8.820300        -8.806455        -8.779362        -8.761503
     -8.741040        -8.740836        -8.724617        -8.713221        -8.706350
     -8.692215        -8.680724        -8.670538        -8.646826        -8.626814
     -8.606703        -8.594934        -8.589930        -8.585669        -8.569725
     -8.541365        -8.516455        -8.504234        -8.480105        -8.468158
     -8.458624        -8.436585        -8.425045        -8.360190        -8.326081
     -8.323942        -8.314102        -8.299157        -8.263508        -8.247309
     -8.231374        -8.212399        -8.205416        -8.099244        -8.061987
     -8.029922        -8.016925        -8.014607        -7.995674        -7.975135
     -7.971443        -7.965628        -7.960573        -7.944972        -7.875929
     -7.852311        -7.835702        -7.825348        -7.809254        -7.796699
     -7.791484        -7.771412        -7.770204        -7.723755        -7.706500
     -7.699096        -7.674175        -7.667893        -7.658696        -7.627583
     -7.603382        -7.517501        -7.509722        -7.492164        -7.448873
     -7.444622        -7.433086        -7.415388        -7.401476        -7.391937
     -7.375610        -7.334137        -7.324541        -7.299184        -7.278076
     -7.265515        -7.252400        -7.228053        -7.218612        -7.199527
     -7.192984        -7.162691        -7.142273        -7.133040        -7.127152
     -7.118884        -7.097956        -7.074674        -7.018467        -6.988632
     -6.974313        -6.961660        -6.949111        -6.942015        -6.925089
     -6.920916        -6.903190        -6.889903        -6.883533        -6.875725
     -6.870503        -6.845961        -6.831943        -6.826784        -6.816541
     -6.787140        -6.768374        -6.752213        -6.737708        -6.720805
     -6.712885        -6.696725        -6.693682        -6.690526        -6.670455
     -6.660624        -6.646902        -6.640168        -6.623929        -6.607836
     -6.596747        -6.579334        -6.560400        -6.555830        -6.544994
     -6.542331        -6.534602        -6.527788        -6.526455        -6.512674
     -6.508974        -6.495703        -6.480383        -6.478945        -6.470911
     -6.458078        -6.453209        -6.431499        -6.411727        -6.393020
     -6.373042        -6.372614        -6.367894        -6.360361        -6.353717
     -6.347136        -6.337043        -6.322962        -6.305885        -6.298588
     -6.281531        -6.276941        -6.260784        -6.247667        -6.231780
     -6.226861        -6.215091        -6.207414        -6.202448        -6.188395
     -6.184231        -6.172711        -6.166375        -6.154374        -6.146147
     -6.142575        -6.123702        -6.113844        -6.108073        -6.104445
     -6.090608        -6.079811        -6.070491        -6.058564        -6.050273
     -6.045006        -6.024553        -6.003613        -5.993637        -5.983768
     -5.980531        -5.971833        -5.966313        -5.961814        -5.955221
     -5.952863        -5.938240        -5.933553        -5.917156        -5.912798
     -5.899117        -5.898069        -5.896145        -5.888738        -5.875552
     -5.865603        -5.860566        -5.858397        -5.842228        -5.837368
     -5.833243        -5.825536        -5.817104        -5.811274        -5.809525
     -5.793711        -5.784857        -5.771183        -5.761223        -5.749122
     -5.742179        -5.734272        -5.731228        -5.724171        -5.711574
     -5.707075        -5.699821        -5.682236        -5.681025        -5.678917
     -5.666764        -5.654557        -5.648845        -5.642205        -5.637501
     -5.634026        -5.632036        -5.617889        -5.616230        -5.613556
     -5.605226        -5.603923        -5.598648        -5.592224        -5.588770
     -5.573897        -5.571262        -5.564277        -5.557428        -5.551906
     -5.542624        -5.538667        -5.526537        -5.524974        -5.516993
     -5.514085        -5.507558        -5.490436        -5.487954        -5.474465
     -5.471002        -5.459561        -5.442332        -5.429764        -5.428211
     -5.422735        -5.413744        -5.408364        -5.395111        -5.388988
     -5.384452        -5.364358        -5.345271        -5.336605        -5.328921
     -5.323462        -5.317593        -5.314130        -5.307440        -5.303570
     -5.293960        -5.286720        -5.278372        -5.269163        -5.258909
     -5.257682        -5.251762        -5.246320        -5.244521        -5.231455
     -5.224671        -5.221321        -5.216941        -5.209454        -5.206378
     -5.198842        -5.192590        -5.183152        -5.175481        -5.170381
     -5.157339        -5.146691        -5.145964        -5.141165        -5.137029
     -5.129256        -5.125802        -5.120894        -5.113464        -5.107280
     -5.103396        -5.096620        -5.093416        -5.088494        -5.083139
     -5.077992        -5.073678        -5.057669        -5.047203        -5.045074
     -5.043331        -5.033953        -5.029681        -5.020763        -5.010430
     -5.003935        -4.997489        -4.989796        -4.978383        -4.974932
     -4.958078        -4.953269        -4.933133        -4.926628        -4.922949
     -4.915957        -4.913236        -4.904444        -4.901970        -4.889721
     -4.880979        -4.873232        -4.869348        -4.863560        -4.854392
     -4.850028        -4.844965        -4.834654        -4.832028        -4.827694
     -4.823049        -4.817109        -4.808244        -4.797642        -4.794541
     -4.782917        -4.777968        -4.768889        -4.762486        -4.748706
     -4.735007        -4.726679        -4.719975        -4.714833        -4.700591
     -4.689011        -4.684503        -4.676575        -4.672859        -4.668707
     -4.663974        -4.658035        -4.644058        -4.633637        -4.615730
     -4.593099        -4.576399        -4.573688        -4.560271        -4.549925
     -4.542880        -4.537833        -4.529427        -4.517426        -4.505013
     -4.483646        -4.470642        -4.448090        -4.428734        -4.408684
     -4.403253        -4.388539        -4.370911        -4.356329        -4.338816
     -4.327907        -4.300483        -4.286301        -4.274134        -4.259593
     -4.238810        -4.225613        -4.219630        -4.206059        -4.199973
     -4.194936        -4.182245        -4.176846        -4.165568        -4.149514
     -4.143696        -4.117017        -4.108612        -4.083964        -4.079739
     -4.066541        -4.062389        -4.055421        -4.041116        -4.016112
     -3.942728        -3.935538        -3.905555        -3.870825        -3.843698
     -3.834312        -3.815443        -3.800565        -3.783499        -3.765419
     -3.763577        -3.702951        -3.688137        -3.683636        -3.662634
     -3.639590        -3.634197        -3.617118        -3.586772        -3.580090
     -3.549217        -3.532598        -3.524822        -3.518433        -3.482067
     -3.463319        -3.453206        -3.448824        -3.442823        -3.439353
     -3.426024        -3.413383        -3.391271        -3.386618        -3.367475
     -3.351848        -3.343183        -3.330644        -3.300168        -3.288768
     -3.270826        -3.253011        -3.227307        -3.226709        -3.217992
     -3.210292        -3.203082        -3.190234        -3.176986        -3.160994
     -3.111274        -3.099651        -3.093473        -3.074147        -3.037912
     -3.021519        -3.012238        -3.007205        -2.989987        -2.983745
     -2.947857        -2.931790        -2.916758        -2.883582        -2.878023
     -2.869619        -2.866386        -2.859109        -2.850926        -2.820805
     -2.763672        -2.751929        -2.716493        -2.708495        -2.707276
     -2.691527        -2.676797        -2.660868        -2.643266        -2.630390
     -2.614271        -2.602889        -2.598578        -2.559225        -2.533439
     -2.515636        -2.477105        -2.470929        -2.468722        -2.464994
     -2.423492        -2.411749        -2.396653        -2.363341        -2.350874
     -2.326298        -2.301625        -2.256471        -2.224534        -2.214527
     -2.190058        -2.151735        -2.075517        -2.061655        -2.037295
     -2.026169        -2.004448        -1.941652        -1.915662        -1.785620
      2.325090         2.493908         2.693268         2.790948         2.878528
      2.900284         3.085977         3.158027         3.234019         3.277000
      3.344599         3.369910         3.411482         3.463117         3.519578
      3.578777         3.610825         3.639435         3.701320         3.746017
      3.799562         3.815494         3.868334         3.878241         3.917051
      3.934646         3.959621         3.966684         3.999521         4.020994
      4.063305         4.099891         4.103637         4.115491         4.133903
      4.150039         4.164364         4.187432         4.228001         4.241932
      4.260060         4.292430         4.321202         4.351983         4.365456
      4.373739         4.400760         4.425598         4.448868         4.475616
      4.496938         4.554413         4.575815         4.596132         4.649532
      4.654436         4.668296         4.708652
 *********************************
 sum eigen(dbl occ, ryd)=  -1544.22753356166     
 *********************************
 Ef(eV)= -0.330007980109597     
 ***************************************************
 iter=          19
 ---------------------------------------------------
 dvE, dvE(n)-dvE(n-1) = 0.5769E-05 -.2231E-05
 dv_ave, drho_tot     = 0.2402E-02 0.5972E-03
 err of ug            = 0.1079E-03
 ---------------------------------------------------
 Ewald        = -.41116881944013E+05
 Alpha        = 0.15207970391171E+04
 E_extV       = 0.00000000000000E+00    0.0000E+00
 E_NSC        = -.21461266114894E+05    0.2566E+00
 E[-rho*V_Hxc]= -.12383764378943E+06    -.2393E+00
 E_Hxc        = 0.51993465850123E+05    -.1305E+00
 -TS          = -.35505862133968E-26    0.0000E+00
 E_tot(eV)    = -.13290152895910E+06    0.1731E-01
 ---------------------------------------------------
 E_ion,E_coul,E_xc =   -224685.5809209   80791.3120688  -28797.8462187
Ewald+Hart+ion    -0.1850111507961E+06
 ave(vtot)=ave_(V_xc)=: v0= -0.282968443231006     
 Eigen energies are values after setting ave_vtot=0
 ----------------------------------
 One SCF use:    86.0358610153198       s
 *********************************
 ****** kpt=           1
 err of each states, eV
  0.899059E-02     0.297753E-02     0.188051E-02     0.420913E-02     0.743820E-03
  0.120040E-02     0.858461E-03     0.485996E-03     0.137455E-02     0.890761E-03
  0.423361E-03     0.126710E-02     0.602998E-03     0.497980E-03     0.621359E-03
  0.489021E-03     0.114147E-02     0.112827E-02     0.458699E-03     0.620598E-03
  0.478280E-03     0.539981E-03     0.811305E-03     0.650763E-03     0.995206E-03
  0.906007E-03     0.806141E-03     0.661213E-03     0.103369E-02     0.119096E-02
  0.739018E-03     0.875527E-03     0.827607E-03     0.464665E-03     0.435724E-03
  0.485448E-03     0.708945E-03     0.399467E-03     0.564824E-03     0.454834E-03
  0.464843E-03     0.109197E-02     0.558104E-03     0.994313E-03     0.626770E-03
  0.471576E-03     0.844409E-03     0.726914E-03     0.927689E-03     0.529417E-03
  0.591832E-03     0.444400E-03     0.617024E-03     0.744689E-03     0.434365E-03
  0.102929E-02     0.977543E-03     0.621007E-03     0.617004E-03     0.501854E-03
  0.180974E-02     0.426225E-03     0.409033E-03     0.448806E-03     0.466089E-03
  0.518711E-03     0.501292E-03     0.118013E-02     0.765509E-03     0.568994E-03
  0.640860E-03     0.102177E-02     0.351205E-03     0.711104E-03     0.808189E-03
  0.407506E-03     0.453420E-03     0.647635E-03     0.507450E-03     0.357272E-03
  0.517412E-03     0.456348E-03     0.585775E-03     0.529468E-03     0.530428E-03
  0.935768E-03     0.626590E-03     0.439432E-03     0.557812E-03     0.453769E-03
  0.655209E-03     0.684080E-03     0.498717E-03     0.441551E-03     0.409808E-03
  0.632323E-03     0.483809E-03     0.477460E-03     0.506352E-03     0.966164E-03
  0.665372E-03     0.529933E-03     0.486992E-03     0.407612E-03     0.540321E-03
  0.109006E-02     0.561319E-03     0.111553E-02     0.653846E-03     0.412323E-03
  0.817042E-03     0.576324E-03     0.910682E-03     0.885667E-03     0.763433E-03
  0.476166E-03     0.529303E-03     0.534373E-03     0.553949E-03     0.459565E-03
  0.578876E-03     0.610515E-03     0.799760E-03     0.403059E-03     0.759879E-03
  0.488823E-03     0.818276E-03     0.784356E-03     0.589661E-03     0.461970E-03
  0.328503E-03     0.488779E-03     0.161061E-02     0.485712E-03     0.724940E-03
  0.155926E-02     0.461304E-03     0.169040E-02     0.143750E-02     0.178890E-02
  0.102675E-02     0.109624E-02     0.531717E-03     0.423346E-03     0.527693E-03
  0.458308E-03     0.642613E-03     0.569293E-03     0.592457E-03     0.113135E-02
  0.498245E-03     0.407223E-03     0.622263E-03     0.191438E-02     0.568875E-03
  0.967005E-03     0.154588E-02     0.845524E-03     0.955334E-03     0.418284E-03
  0.112264E-02     0.690859E-03     0.104590E-02     0.518962E-03     0.883211E-03
  0.750382E-03     0.920520E-03     0.669572E-03     0.528020E-03     0.472555E-03
  0.497155E-03     0.794737E-03     0.894875E-03     0.710535E-03     0.844034E-03
  0.768133E-03     0.817209E-03     0.915333E-03     0.373295E-03     0.344132E-03
  0.647689E-03     0.421261E-03     0.837846E-03     0.389690E-03     0.470256E-03
  0.413306E-03     0.383604E-03     0.482867E-03     0.413326E-03     0.461883E-03
  0.387201E-03     0.430291E-03     0.487125E-03     0.591652E-03     0.488740E-03
  0.641712E-03     0.930524E-03     0.698948E-03     0.700627E-03     0.482391E-03
  0.657635E-03     0.765601E-03     0.787155E-03     0.974941E-03     0.891156E-03
  0.592870E-03     0.507392E-03     0.813010E-03     0.115025E-02     0.964066E-03
  0.913389E-03     0.696074E-03     0.111515E-02     0.680738E-03     0.921412E-03
  0.801862E-03     0.749611E-03     0.964920E-03     0.858921E-03     0.811218E-03
  0.103837E-02     0.749244E-03     0.950046E-03     0.110687E-02     0.952730E-03
  0.866406E-03     0.613753E-03     0.677789E-03     0.540324E-03     0.689515E-03
  0.795654E-03     0.673564E-03     0.891426E-03     0.800508E-03     0.834605E-03
  0.121252E-02     0.115959E-02     0.103899E-02     0.117344E-02     0.677532E-03
  0.617777E-03     0.123371E-02     0.888264E-03     0.924882E-03     0.723991E-03
  0.710226E-03     0.109003E-02     0.915318E-03     0.111467E-02     0.711930E-03
  0.109253E-02     0.890429E-03     0.789834E-03     0.837864E-03     0.619191E-03
  0.980627E-03     0.640584E-03     0.110826E-02     0.941134E-03     0.700109E-03
  0.861120E-03     0.863271E-03     0.654622E-03     0.956998E-03     0.904812E-03
  0.103739E-02     0.137053E-02     0.104790E-02     0.826898E-03     0.109024E-02
  0.797120E-03     0.131479E-02     0.100825E-02     0.860540E-03     0.782497E-03
  0.987554E-03     0.987849E-03     0.113625E-02     0.746196E-03     0.106381E-02
  0.126020E-02     0.796424E-03     0.100872E-02     0.110609E-02     0.799900E-03
  0.941138E-03     0.804000E-03     0.707423E-03     0.107174E-02     0.101636E-02
  0.719563E-03     0.964666E-03     0.975774E-03     0.114730E-02     0.109233E-02
  0.121299E-02     0.120888E-02     0.148208E-02     0.104406E-02     0.114672E-02
  0.129137E-02     0.898469E-03     0.164493E-02     0.128794E-02     0.806090E-03
  0.911110E-03     0.999184E-03     0.106949E-02     0.740196E-03     0.787961E-03
  0.229556E-02     0.134043E-02     0.132732E-02     0.131548E-02     0.727813E-03
  0.114172E-02     0.960965E-03     0.165709E-02     0.156804E-02     0.112634E-02
  0.140027E-02     0.111151E-02     0.128733E-02     0.100072E-02     0.114269E-02
  0.125144E-02     0.129760E-02     0.138805E-02     0.130497E-02     0.113957E-02
  0.984236E-03     0.122576E-02     0.105811E-02     0.779476E-03     0.117017E-02
  0.122743E-02     0.117051E-02     0.105617E-02     0.169056E-02     0.125766E-02
  0.145630E-02     0.139369E-02     0.155285E-02     0.131835E-02     0.142702E-02
  0.142501E-02     0.118650E-02     0.116748E-02     0.129818E-02     0.126375E-02
  0.161741E-02     0.135831E-02     0.125231E-02     0.112704E-02     0.100817E-02
  0.121050E-02     0.128125E-02     0.154215E-02     0.987721E-03     0.126032E-02
  0.150575E-02     0.972647E-03     0.998432E-03     0.998723E-03     0.144969E-02
  0.121829E-02     0.149513E-02     0.145813E-02     0.117558E-02     0.128536E-02
  0.159343E-02     0.138629E-02     0.101530E-02     0.100457E-02     0.129906E-02
  0.109445E-02     0.135560E-02     0.108406E-02     0.858283E-03     0.130002E-02
  0.122424E-02     0.128758E-02     0.146180E-02     0.737943E-03     0.102552E-02
  0.146528E-02     0.152215E-02     0.115905E-02     0.138810E-02     0.180711E-02
  0.139071E-02     0.133934E-02     0.130613E-02     0.133498E-02     0.123740E-02
  0.115195E-02     0.126171E-02     0.145668E-02     0.137774E-02     0.144104E-02
  0.126979E-02     0.134781E-02     0.116565E-02     0.115978E-02     0.124820E-02
  0.159863E-02     0.155510E-02     0.158862E-02     0.110939E-02     0.162721E-02
  0.107927E-02     0.158853E-02     0.150263E-02     0.105213E-02     0.122393E-02
  0.162243E-02     0.157375E-02     0.160571E-02     0.132193E-02     0.129337E-02
  0.168887E-02     0.240109E-02     0.159014E-02     0.187160E-02     0.177560E-02
  0.105812E-02     0.187384E-02     0.166796E-02     0.143320E-02     0.182640E-02
  0.154585E-02     0.153467E-02     0.157780E-02     0.128036E-02     0.133504E-02
  0.125989E-02     0.126144E-02     0.160573E-02     0.136361E-02     0.142766E-02
  0.101781E-02     0.134048E-02     0.109093E-02     0.152750E-02     0.141957E-02
  0.157207E-02     0.147184E-02     0.146054E-02     0.172078E-02     0.177020E-02
  0.159621E-02     0.116871E-02     0.914194E-03     0.157727E-02     0.128633E-02
  0.135840E-02     0.120749E-02     0.908355E-03     0.143372E-02     0.162933E-02
  0.140814E-02     0.207519E-02     0.105776E-02     0.176909E-02     0.102954E-02
  0.105727E-02     0.171591E-02     0.146915E-02     0.141677E-02     0.136220E-02
  0.154992E-02     0.109417E-02     0.945366E-03     0.125194E-02     0.137813E-02
  0.112497E-02     0.144080E-02     0.903799E-03     0.170012E-02     0.172765E-02
  0.999873E-03     0.158703E-02     0.162373E-02     0.108990E-02     0.149134E-02
  0.119563E-02     0.222518E-02     0.111557E-02     0.116835E-02     0.139078E-02
  0.136451E-02     0.182106E-02     0.121251E-02     0.115258E-02     0.893349E-03
  0.994169E-03     0.119938E-02     0.989934E-03     0.946988E-03     0.960530E-03
  0.974351E-03     0.122830E-02     0.901289E-03     0.981325E-03     0.140872E-02
  0.122120E-02     0.119886E-02     0.181496E-02     0.142015E-02     0.130225E-02
  0.122818E-02     0.103017E-02     0.113269E-02     0.123714E-02     0.155514E-02
  0.145656E-02     0.155092E-02     0.133906E-02     0.191096E-02     0.118086E-02
  0.112574E-02     0.127039E-02     0.186034E-02     0.844817E-03     0.126030E-02
  0.114782E-02     0.102202E-02     0.103028E-02     0.105532E-02     0.117755E-02
  0.102809E-02     0.166201E-02     0.141933E-02     0.835042E-03     0.132782E-02
  0.150489E-02     0.132941E-02     0.164287E-02     0.195036E-02     0.117223E-02
  0.164748E-02     0.118697E-02     0.114316E-02     0.125351E-02     0.100174E-02
  0.179649E-02     0.112588E-02     0.104071E-02     0.113921E-02     0.123727E-02
  0.122336E-02     0.133704E-02     0.163157E-02     0.145999E-02     0.102032E-02
  0.116494E-02     0.108239E-02     0.115424E-02     0.118727E-02     0.118643E-02
  0.104506E-02     0.101057E-02     0.108649E-02     0.103198E-02     0.156906E-02
  0.124072E-02     0.128268E-02     0.126555E-02     0.146881E-02     0.120233E-02
  0.129088E-02     0.136244E-02     0.132614E-02     0.135535E-02     0.137956E-02
  0.122686E-02     0.158634E-02     0.124649E-02     0.103426E-02     0.126021E-02
  0.107930E-02     0.120071E-02     0.106292E-02     0.113241E-02     0.111568E-02
  0.147871E-02     0.779905E-03     0.118865E-02     0.125733E-02     0.118238E-02
  0.115060E-02     0.119473E-02     0.122693E-02     0.110416E-02     0.130730E-02
  0.105016E-02     0.104571E-02     0.111008E-02     0.103298E-02     0.113699E-02
  0.118981E-02     0.134877E-02     0.126210E-02     0.124299E-02     0.129362E-02
  0.121045E-02     0.121447E-02     0.133251E-02     0.121963E-02     0.132708E-02
  0.132695E-02     0.136761E-02     0.104069E-02     0.118444E-02     0.105237E-02
  0.996618E-03     0.137157E-02     0.120098E-02     0.114576E-02     0.113313E-02
  0.926077E-03     0.999091E-03     0.131238E-02     0.123374E-02     0.965196E-03
  0.131906E-02     0.117715E-02     0.142303E-02     0.156520E-02     0.114402E-02
  0.140620E-02     0.119127E-02     0.143254E-02     0.112531E-02     0.119989E-02
  0.122342E-02     0.115894E-02     0.114924E-02     0.125527E-02     0.127762E-02
  0.126334E-02     0.131106E-02     0.147043E-02     0.949668E-03     0.146003E-02
  0.144768E-02     0.147079E-02     0.147179E-02     0.162126E-02     0.147735E-02
  0.138356E-02     0.130491E-02     0.124047E-02     0.147338E-02     0.139302E-02
  0.115941E-02     0.129657E-02     0.122793E-02     0.124140E-02     0.141920E-02
  0.125742E-02     0.160099E-02     0.120178E-02     0.156289E-02     0.148667E-02
  0.121989E-02     0.132982E-02     0.150158E-02     0.119354E-02     0.121397E-02
  0.131712E-02     0.130894E-02     0.131979E-02     0.136623E-02     0.138100E-02
  0.139111E-02     0.131464E-02     0.120690E-02     0.131528E-02     0.121996E-02
  0.179446E-02     0.179515E-02     0.142199E-02     0.175787E-02     0.150974E-02
  0.139933E-02     0.154336E-02     0.172185E-02     0.157958E-02     0.149144E-02
  0.165752E-02     0.133406E-02     0.133516E-02     0.151007E-02     0.164763E-02
  0.132483E-02     0.179131E-02     0.162917E-02     0.147923E-02     0.150122E-02
  0.169703E-02     0.154257E-02     0.142846E-02     0.148251E-02     0.136263E-02
  0.137390E-02     0.137658E-02     0.148366E-02     0.154950E-02     0.159854E-02
  0.156656E-02     0.156948E-02     0.138800E-02     0.153528E-02     0.139429E-02
  0.154043E-02     0.141873E-02     0.158262E-02     0.147623E-02     0.141924E-02
  0.143181E-02     0.135769E-02     0.146780E-02     0.148287E-02     0.135340E-02
  0.165629E-02     0.139267E-02     0.138995E-02     0.157911E-02     0.130123E-02
  0.153095E-02     0.161509E-02     0.166793E-02     0.161930E-02     0.182769E-02
  0.166241E-02     0.141543E-02     0.142512E-02     0.182131E-02     0.146493E-02
  0.153676E-02     0.169145E-02     0.168845E-02     0.159725E-02     0.171621E-02
  0.173922E-02     0.151544E-02     0.161790E-02     0.140244E-02     0.166496E-02
  0.195651E-02     0.194589E-02     0.173007E-02     0.188199E-02     0.147436E-02
  0.145698E-02     0.176882E-02     0.169416E-02     0.164574E-02     0.149025E-02
  0.131681E-02     0.180571E-02     0.198489E-02     0.155177E-02     0.186147E-02
  0.195031E-02     0.138560E-02     0.195521E-02     0.175671E-02     0.137942E-02
  0.135532E-02     0.137313E-02     0.151888E-02     0.160782E-02     0.168045E-02
  0.191484E-02     0.185181E-02     0.131353E-02     0.134090E-02     0.129925E-02
  0.148009E-02     0.185683E-02     0.156766E-02     0.145838E-02     0.152080E-02
  0.156530E-02     0.158896E-02     0.143338E-02     0.161447E-02     0.140159E-02
  0.142826E-02     0.188647E-02     0.176260E-02     0.193613E-02     0.145292E-02
  0.144215E-02     0.143525E-02     0.153300E-02     0.161971E-02     0.202921E-02
  0.164730E-02     0.121239E-02     0.145327E-02     0.147537E-02     0.132109E-02
  0.119295E-02     0.148970E-02     0.140410E-02     0.129717E-02     0.141221E-02
  0.155632E-02     0.167349E-02     0.163979E-02     0.164709E-02     0.198022E-02
  0.150981E-02     0.167398E-02     0.162762E-02     0.142222E-02     0.199761E-02
  0.186841E-02     0.158536E-02     0.174400E-02     0.199353E-02     0.188693E-02
  0.223518E-02     0.187647E-02     0.176278E-02     0.150547E-02     0.174571E-02
  0.160560E-02     0.161952E-02     0.212060E-02     0.144994E-02     0.174912E-02
  0.195198E-02     0.172894E-02     0.181800E-02     0.218964E-02     0.216638E-02
  0.169567E-02     0.169093E-02     0.184619E-02     0.172039E-02     0.199274E-02
  0.223632E-02     0.216955E-02     0.170068E-02     0.164046E-02     0.173832E-02
  0.188206E-02     0.307440E-02     0.130856E-02     0.188600E-02     0.207933E-02
  0.197825E-02     0.216938E-02     0.196368E-02     0.235760E-02     0.211074E-02
  0.160681E-02     0.161492E-02     0.128281E-02     0.183637E-02     0.198030E-02
  0.155806E-02     0.167428E-02     0.165514E-02     0.178349E-02     0.125485E-02
  0.188635E-02     0.143961E-02     0.217674E-02     0.188102E-02     0.196701E-02
  0.229017E-02     0.221211E-02     0.197156E-02     0.169004E-02     0.166295E-02
  0.247063E-02     0.146762E-02     0.214160E-02     0.144611E-02     0.231678E-02
  0.133646E-02     0.176745E-02     0.201311E-02     0.260107E-02     0.236447E-02
  0.227616E-02     0.296629E-02     0.181751E-02     0.213044E-02     0.194987E-02
  0.141296E-02     0.183408E-02     0.154692E-02     0.213788E-02     0.209658E-02
  0.207595E-02     0.181401E-02     0.185508E-02     0.134811E-02     0.217651E-02
  0.136737E-02     0.187591E-02     0.181544E-02     0.145234E-02     0.143710E-02
  0.238623E-02     0.459616E-02     0.170556E-02     0.178697E-02     0.149227E-02
  0.199799E-02     0.165440E-02     0.165263E-02     0.183594E-02     0.196737E-02
  0.146941E-02     0.334465E-02     0.240050E-02     0.119520E-02     0.373223E-02
  0.166459E-02     0.191428E-02     0.206273E-02     0.161799E-02     0.155985E-02
  0.195176E-02     0.202565E-02     0.177884E-02     0.139833E-02     0.189767E-02
  0.250385E-02     0.292132E-02     0.254887E-02     0.151385E-02     0.203983E-02
  0.128541E-02     0.152761E-02     0.239186E-02     0.102238E-02     0.116561E-02
  0.163036E-02     0.162197E-02     0.210425E-02     0.206953E-02     0.173437E-02
  0.169149E-02     0.185237E-02     0.272350E-02     0.204477E-02     0.175516E-02
  0.144991E-02     0.148862E-02     0.127603E-02     0.321242E-02     0.140517E-02
  0.221923E-02     0.195732E-02     0.276001E-02     0.124725E-02     0.105354E-02
  0.239959E-02     0.153745E-02     0.233445E-02     0.159359E-02     0.183163E-02
  0.346767E-02     0.464963E-02     0.459630E-02     0.856412E-02     0.115980E-01
  0.624448E-02     0.991984E-02     0.124298E-01     0.842911E-02     0.881017E-02
  0.934828E-02     0.215179E-01     0.196432E-01     0.160031E-01     0.227604E-01
  0.324666E-01     0.264891E-01     0.320558E-01     0.451714E-01     0.411615E-01
  0.320453E-01     0.438291E-01     0.568175E-01     0.566112E-01     0.668184E-01
  0.571749E-01     0.644178E-01     0.456155E-01     0.848898E-01     0.599330E-01
  0.683518E-01     0.829915E-01     0.860595E-01     0.570050E-01     0.722817E-01
  0.661009E-01     0.989735E-01     0.950663E-01     0.103353E+00     0.119299E+00
  0.112902E+00     0.113675E+00     0.143550E+00     0.216301E+00     0.163831E+00
  0.187891E+00     0.158841E+00     0.143417E+00     0.145863E+00     0.164008E+00
  0.231496E+00     0.245888E+00     0.313181E+00     0.259954E+00     0.239193E+00
  0.317275E+00     0.211317E+00     0.255323E+00
 eigen energies, in ev
    -44.642522       -44.588062       -44.421742       -44.153163       -44.008401
    -28.945884       -28.883799       -28.778477       -28.656989       -28.651983
    -28.611730       -28.609158       -28.602423       -28.577783       -28.575169
    -28.459877       -28.442495       -28.396805       -28.254436       -28.248427
    -28.219392       -28.193075       -28.189298       -28.141522       -28.141351
    -28.131739       -28.122128       -28.112957       -28.100905       -28.087927
    -28.049946       -28.019903       -27.996221       -27.964340       -27.882175
    -27.879054       -27.863738       -27.780350       -27.765662       -27.695987
    -27.677120       -27.659439       -27.599717       -27.577161       -27.572580
    -27.567109       -27.545688       -27.520164       -27.508297       -27.495498
    -27.494826       -27.460303       -27.434085       -27.413129       -27.402713
    -27.344681       -27.338315       -27.323456       -27.308772       -27.290229
    -27.251109       -27.213936       -27.187294       -27.178384       -27.169345
    -27.127946       -27.126044       -27.119472       -27.044539       -26.992442
    -26.984531       -26.730058       -26.722594       -26.722046       -26.699001
    -26.693120       -26.628108       -26.621472       -26.604196       -26.586854
    -26.559102       -26.556146       -26.554827       -26.548294       -26.514391
    -26.490351       -26.439621       -26.424193       -26.353102       -26.341657
    -26.322251       -26.288859       -26.271200       -26.233356       -26.170416
    -26.089780       -26.072666       -26.061998       -26.060746       -26.049153
    -26.036667       -26.033283       -26.000809       -25.988441       -25.982000
    -25.970721       -25.955821       -25.949331       -25.923800       -25.921418
    -25.918019       -25.901373       -25.899404       -25.886535       -25.873191
    -25.853728       -25.830913       -25.828031       -25.787548       -25.765690
    -25.762215       -25.636073       -25.631264       -25.611322       -25.511085
    -25.496668       -25.372315       -25.365665       -25.338966       -25.275708
    -25.235182       -25.121644       -25.082299       -25.008277       -24.929605
    -24.359078       -24.071153       -24.043181       -23.817586       -23.733075
    -23.693351       -23.639619       -23.609953       -23.415310       -23.408514
    -23.386411       -23.342339       -23.335188       -23.330901       -23.282182
    -23.157370       -23.145423       -23.083047       -23.049342       -23.037002
    -23.031682       -23.014949       -22.938994       -22.927967       -22.903497
    -22.889392       -22.769561       -22.424797       -22.400921       -22.391161
    -22.379926       -22.323295       -22.307256       -22.022247       -21.954444
    -21.740449       -21.696223       -21.634552       -21.508029       -21.472295
    -21.453887       -21.276128       -21.235545       -21.127849       -21.107927
    -21.106762       -21.088950       -21.042998       -20.977568       -20.974265
    -20.947337       -20.910884       -20.754069       -20.673610       -20.462213
    -18.662541       -18.313625       -18.290427       -18.181573       -18.116300
    -16.388810       -16.189454       -15.972547       -15.897885       -15.865319
    -15.852989       -15.809096       -15.787997       -15.771856       -15.629207
    -15.603826       -15.535225       -15.418698       -15.349317       -15.323225
    -15.303883       -15.237354       -15.213749       -15.186172       -15.079769
    -15.036923       -14.975217       -14.826927       -14.737219       -14.735656
    -14.726346       -14.709572       -14.593585       -14.582496       -14.579125
    -14.533531       -14.490949       -14.471465       -14.388892       -14.387979
    -14.327921       -14.266869       -14.219111       -14.175194       -14.123057
    -13.844629       -13.828244       -13.781146       -13.710531       -13.690904
    -13.594538       -13.571305       -13.535210       -13.467252       -13.463843
    -13.425817       -13.378909       -13.365869       -13.364378       -13.356267
    -13.347243       -13.333663       -13.320038       -13.230707       -13.221917
    -13.217616       -13.191973       -13.185296       -13.116057       -13.096094
    -13.039887       -12.990544       -12.940804       -12.919111       -12.657970
    -12.500556       -12.333574       -12.264615       -12.221688       -12.138431
    -12.105540       -11.984382       -11.966667       -11.963471       -11.919547
    -11.902043       -11.892244       -11.858913       -11.768774       -11.753033
    -11.710572       -11.693638       -11.669803       -11.655168       -11.627329
    -11.612460       -11.567225       -11.537818       -11.516359       -11.479730
    -11.473219       -11.462288       -11.440775       -11.389857       -11.348916
    -11.340069       -11.328538       -11.291740       -11.270406       -11.269496
    -11.267397       -11.204454       -11.035241       -10.993847       -10.907710
    -10.903804       -10.850093       -10.843855       -10.826615       -10.811668
    -10.804650       -10.784515       -10.768929       -10.725399       -10.676844
    -10.632918       -10.626627       -10.610953       -10.582419       -10.570490
    -10.556539       -10.553381       -10.522528       -10.511977       -10.484735
    -10.475851       -10.471903       -10.451447       -10.424887       -10.399370
    -10.365082       -10.362100       -10.361033       -10.334995       -10.323045
    -10.318212       -10.290197       -10.278424       -10.257372       -10.238041
    -10.234743       -10.226830       -10.205944       -10.197585       -10.195866
    -10.188018       -10.169187       -10.162326       -10.159779       -10.150899
    -10.135799       -10.115788       -10.069323       -10.057174       -10.041392
    -10.034277       -10.031729       -10.019008        -9.998719        -9.995911
     -9.993904        -9.975416        -9.972136        -9.969126        -9.954879
     -9.952206        -9.932502        -9.924811        -9.920956        -9.913937
     -9.897264        -9.892763        -9.870107        -9.854432        -9.837805
     -9.831385        -9.826717        -9.817755        -9.809517        -9.778903
     -9.755194        -9.751254        -9.705860        -9.674116        -9.665266
     -9.616666        -9.612855        -9.608003        -9.592477        -9.586423
     -9.563655        -9.549541        -9.542271        -9.525359        -9.520490
     -9.503440        -9.501267        -9.491832        -9.470563        -9.460960
     -9.453089        -9.426418        -9.424347        -9.418083        -9.401868
     -9.390544        -9.385633        -9.355258        -9.342766        -9.333635
     -9.325908        -9.314392        -9.305450        -9.291934        -9.289251
     -9.272887        -9.268716        -9.237227        -9.209369        -9.205427
     -9.168025        -9.161747        -9.153345        -9.099447        -9.091479
     -9.085001        -9.069079        -9.047756        -9.029618        -9.020886
     -8.998374        -8.989139        -8.984228        -8.978739        -8.969971
     -8.961829        -8.959080        -8.951109        -8.904205        -8.889864
     -8.880975        -8.865455        -8.858414        -8.846698        -8.840410
     -8.831114        -8.820223        -8.811129        -8.798844        -8.774846
     -8.759237        -8.748366        -8.725361        -8.717981        -8.713560
     -8.702558        -8.693521        -8.672970        -8.671230        -8.661959
     -8.621789        -8.607397        -8.592002        -8.587391        -8.567599
     -8.539043        -8.506457        -8.490326        -8.479321        -8.457441
     -8.445959        -8.421470        -8.399039        -8.334795        -8.330599
     -8.326511        -8.304803        -8.296626        -8.285960        -8.261331
     -8.245509        -8.241029        -8.236682        -8.132836        -8.076874
     -8.052655        -8.039578        -8.008473        -7.998397        -7.984089
     -7.976053        -7.966206        -7.951890        -7.946566        -7.865461
     -7.837340        -7.815136        -7.810743        -7.787487        -7.779643
     -7.763873        -7.758583        -7.738148        -7.721207        -7.708819
     -7.674679        -7.662897        -7.655898        -7.643710        -7.631893
     -7.576630        -7.511105        -7.506317        -7.463162        -7.441606
     -7.425927        -7.403729        -7.401425        -7.396601        -7.374776
     -7.355509        -7.351896        -7.318699        -7.267441        -7.257201
     -7.242653        -7.231902        -7.217515        -7.203044        -7.187832
     -7.184684        -7.168091        -7.141888        -7.118703        -7.116659
     -7.107437        -7.087952        -7.065347        -7.028202        -7.002020
     -6.986954        -6.980298        -6.957986        -6.945394        -6.937726
     -6.924678        -6.888602        -6.888218        -6.869842        -6.852091
     -6.849626        -6.834034        -6.810575        -6.802853        -6.795185
     -6.789064        -6.778138        -6.757998        -6.750590        -6.747747
     -6.724574        -6.718802        -6.709002        -6.700244        -6.687922
     -6.683940        -6.653944        -6.637491        -6.630629        -6.612288
     -6.597318        -6.589979        -6.570432        -6.566408        -6.548732
     -6.546226        -6.541998        -6.532852        -6.512063        -6.498754
     -6.496283        -6.481367        -6.474038        -6.468943        -6.462338
     -6.457714        -6.446394        -6.433032        -6.400043        -6.396351
     -6.386703        -6.383428        -6.373570        -6.358877        -6.354371
     -6.349085        -6.333097        -6.319718        -6.315006        -6.290095
     -6.271763        -6.258167        -6.246665        -6.243821        -6.238316
     -6.231903        -6.220064        -6.206064        -6.202237        -6.192678
     -6.185369        -6.164324        -6.156461        -6.147825        -6.144824
     -6.131757        -6.121216        -6.113405        -6.096677        -6.087093
     -6.072538        -6.066294        -6.048152        -6.041493        -6.037146
     -6.028698        -6.020418        -6.016779        -5.996577        -5.981259
     -5.974320        -5.967567        -5.960022        -5.956926        -5.950884
     -5.945930        -5.939893        -5.927475        -5.926043        -5.913153
     -5.912320        -5.900782        -5.893737        -5.887469        -5.870334
     -5.866785        -5.858104        -5.845196        -5.834601        -5.824623
     -5.822011        -5.814697        -5.810451        -5.806108        -5.800564
     -5.793459        -5.784865        -5.777778        -5.758829        -5.754433
     -5.748612        -5.737794        -5.725821        -5.719158        -5.715297
     -5.712736        -5.696560        -5.690220        -5.683284        -5.682424
     -5.675796        -5.667518        -5.649901        -5.643975        -5.640971
     -5.632171        -5.626676        -5.622525        -5.615164        -5.612769
     -5.608930        -5.598015        -5.596453        -5.586608        -5.584554
     -5.573027        -5.569866        -5.562548        -5.556651        -5.547044
     -5.543683        -5.538982        -5.529361        -5.524819        -5.508541
     -5.500054        -5.495302        -5.487888        -5.482300        -5.469258
     -5.468311        -5.465293        -5.460570        -5.452661        -5.439314
     -5.432214        -5.412658        -5.401617        -5.396412        -5.387296
     -5.383090        -5.377602        -5.358446        -5.349724        -5.337512
     -5.326381        -5.325089        -5.313719        -5.303435        -5.295887
     -5.290016        -5.281864        -5.280339        -5.277430        -5.271833
     -5.256854        -5.250856        -5.241780        -5.239940        -5.235048
     -5.228525        -5.219509        -5.217413        -5.212251        -5.207393
     -5.201038        -5.193443        -5.183793        -5.180660        -5.174591
     -5.164683        -5.159314        -5.156848        -5.153779        -5.149148
     -5.145035        -5.137109        -5.136386        -5.121375        -5.116237
     -5.113818        -5.106996        -5.104672        -5.097914        -5.095116
     -5.087782        -5.078099        -5.068564        -5.066377        -5.061307
     -5.058201        -5.039443        -5.029853        -5.020106        -5.006886
     -4.996445        -4.991167        -4.985261        -4.974217        -4.963618
     -4.958131        -4.944872        -4.939660        -4.933471        -4.927254
     -4.925087        -4.918081        -4.912501        -4.900006        -4.892129
     -4.885554        -4.879113        -4.876976        -4.869911        -4.860559
     -4.856373        -4.849744        -4.840727        -4.836836        -4.827312
     -4.821318        -4.819226        -4.808122        -4.796773        -4.781588
     -4.778684        -4.770173        -4.769164        -4.753429        -4.748077
     -4.741320        -4.737897        -4.732450        -4.724737        -4.720351
     -4.707429        -4.704419        -4.691841        -4.686517        -4.679917
     -4.667683        -4.656469        -4.645936        -4.633813        -4.606862
     -4.579795        -4.571830        -4.566292        -4.560978        -4.553055
     -4.542657        -4.530678        -4.524467        -4.521275        -4.495685
     -4.473752        -4.469314        -4.453514        -4.438457        -4.420401
     -4.393292        -4.392722        -4.370540        -4.365153        -4.361846
     -4.326071        -4.292912        -4.285224        -4.258381        -4.254359
     -4.240255        -4.236340        -4.235674        -4.213928        -4.202290
     -4.196846        -4.182467        -4.172776        -4.163572        -4.135414
     -4.121547        -4.112737        -4.099459        -4.088888        -4.074456
     -4.065444        -4.052973        -4.040469        -4.014504        -3.995127
     -3.983325        -3.917744        -3.880861        -3.849636        -3.831949
     -3.810183        -3.804559        -3.787178        -3.764814        -3.755198
     -3.726593        -3.707312        -3.694253        -3.682348        -3.666647
     -3.649617        -3.626807        -3.601841        -3.579111        -3.576975
     -3.550145        -3.523128        -3.517254        -3.495677        -3.480234
     -3.468153        -3.454831        -3.449174        -3.429559        -3.426342
     -3.425129        -3.415388        -3.392363        -3.372439        -3.351586
     -3.338637        -3.312456        -3.307521        -3.289354        -3.277065
     -3.273043        -3.259684        -3.232284        -3.221897        -3.205052
     -3.195755        -3.178790        -3.171968        -3.161426        -3.147340
     -3.133646        -3.105501        -3.080161        -3.075205        -3.069373
     -3.055777        -3.017048        -3.014508        -2.987172        -2.975823
     -2.959457        -2.936870        -2.925553        -2.910981        -2.889139
     -2.874096        -2.860492        -2.851982        -2.844579        -2.833535
     -2.762422        -2.758184        -2.757140        -2.705119        -2.700760
     -2.682797        -2.672595        -2.657442        -2.642546        -2.640577
     -2.609054        -2.594223        -2.561313        -2.549475        -2.530601
     -2.506539        -2.498466        -2.471355        -2.469596        -2.454336
     -2.413383        -2.402875        -2.381640        -2.375320        -2.331416
     -2.316241        -2.251609        -2.247876        -2.227318        -2.195071
     -2.186077        -2.172410        -2.077917        -2.037595        -2.024577
     -2.009552        -1.978912        -1.943293        -1.899779        -1.762161
      2.346249         2.518745         2.699079         2.794982         2.863315
      2.901871         3.115018         3.185549         3.245081         3.254096
      3.346830         3.380028         3.411948         3.474052         3.527176
      3.578939         3.613657         3.661376         3.720879         3.755427
      3.796919         3.811205         3.862953         3.877431         3.909103
      3.933659         3.954859         3.972812         4.008899         4.015625
      4.067822         4.101794         4.112581         4.128236         4.146437
      4.164505         4.172984         4.197868         4.225343         4.242867
      4.264788         4.297850         4.320260         4.338066         4.362552
      4.368897         4.404294         4.438921         4.454669         4.483554
      4.497781         4.552131         4.568471         4.589573         4.639624
      4.653642         4.675376         4.702034
 *********************************
 sum eigen(dbl occ, ryd)=  -1544.09828026171     
 *********************************
 Ef(eV)= -0.297482853245920     
 ***************************************************
 iter=          20
 ---------------------------------------------------
 dvE, dvE(n)-dvE(n-1) = 0.5381E-05 -.3876E-06
 dv_ave, drho_tot     = 0.2320E-02 0.4511E-03
 err of ug            = 0.9413E-04
 ---------------------------------------------------
 Ewald        = -.41116881944013E+05
 Alpha        = 0.15207970391171E+04
 E_extV       = 0.00000000000000E+00    0.0000E+00
 E_NSC        = -.21459948539367E+05    0.1318E+01
 E[-rho*V_Hxc]= -.12384017341004E+06    -.1305E+01
 E_Hxc        = 0.51994690188831E+05    0.1224E+01
 -TS          = -.35505862133968E-26    0.0000E+00
 E_tot(eV)    = -.13290151666547E+06    0.1229E-01
 ---------------------------------------------------
 E_ion,E_coul,E_xc =   -224687.1579344   80792.6521510  -28797.9619622
Ewald+Hart+ion    -0.1850113877274E+06
 ave(vtot)=ave_(V_xc)=: v0= -0.283041494306159     
 Eigen energies are values after setting ave_vtot=0
 ----------------------------------
 One SCF use:    86.0426981449127       s
 *********************************
 ****** kpt=           1
 err of each states, eV
  0.161752E-02     0.134427E-02     0.775361E-02     0.764787E-03     0.149976E-02
  0.619112E-03     0.596673E-03     0.481501E-03     0.132263E-02     0.885636E-03
  0.893358E-03     0.437784E-03     0.163554E-02     0.473828E-03     0.482635E-03
  0.462905E-03     0.117769E-02     0.681981E-03     0.749031E-03     0.473169E-03
  0.459364E-03     0.597811E-03     0.577842E-03     0.109338E-02     0.720337E-03
  0.108412E-02     0.471564E-03     0.982045E-03     0.785258E-03     0.645079E-03
  0.478626E-03     0.478814E-03     0.787590E-03     0.408793E-03     0.392820E-03
  0.811125E-03     0.410852E-03     0.426171E-03     0.956370E-03     0.105964E-02
  0.863249E-03     0.420233E-03     0.485707E-03     0.544857E-03     0.462557E-03
  0.525097E-03     0.447729E-03     0.838992E-03     0.819151E-03     0.697009E-03
  0.813605E-03     0.426588E-03     0.615383E-03     0.611062E-03     0.471685E-03
  0.102023E-02     0.125988E-02     0.182736E-02     0.466239E-03     0.434209E-03
  0.547208E-02     0.140201E-02     0.381743E-03     0.845337E-03     0.342344E-03
  0.982584E-03     0.474233E-03     0.554815E-03     0.863506E-03     0.684028E-03
  0.478018E-03     0.139856E-02     0.705494E-03     0.152548E-02     0.273023E-02
  0.941679E-03     0.359436E-03     0.217579E-02     0.673614E-03     0.580024E-03
  0.684856E-03     0.724133E-03     0.615838E-03     0.134360E-02     0.458885E-03
  0.631584E-03     0.711563E-03     0.329609E-03     0.554281E-03     0.528966E-03
  0.467879E-03     0.802167E-03     0.453474E-03     0.237346E-02     0.368304E-03
  0.745852E-03     0.390350E-03     0.546342E-03     0.768072E-03     0.420014E-03
  0.590502E-03     0.530646E-03     0.377626E-03     0.378365E-03     0.299307E-03
  0.432388E-03     0.538861E-03     0.941990E-03     0.735099E-03     0.769085E-03
  0.988454E-03     0.100590E-02     0.671480E-03     0.335223E-03     0.486580E-03
  0.360617E-03     0.658362E-03     0.710799E-03     0.228022E-02     0.469114E-03
  0.675610E-03     0.842868E-03     0.115037E-02     0.116206E-02     0.574402E-03
  0.748974E-03     0.742799E-03     0.616700E-03     0.768002E-03     0.446962E-03
  0.528171E-03     0.427143E-03     0.166278E-02     0.578114E-03     0.662083E-03
  0.174742E-02     0.956776E-03     0.381972E-03     0.120716E-02     0.247720E-02
  0.112114E-02     0.573294E-03     0.744990E-03     0.440649E-03     0.388058E-03
  0.866371E-03     0.425670E-03     0.422009E-03     0.680105E-03     0.757509E-03
  0.635496E-03     0.354836E-03     0.592955E-03     0.107523E-02     0.344155E-03
  0.614098E-03     0.156080E-02     0.154090E-02     0.122150E-02     0.147955E-02
  0.652367E-03     0.370377E-03     0.549613E-03     0.112188E-02     0.377331E-03
  0.513572E-03     0.475047E-03     0.548340E-03     0.341563E-03     0.171450E-02
  0.357891E-03     0.447244E-03     0.130432E-02     0.770142E-03     0.747617E-03
  0.408096E-03     0.104794E-02     0.589042E-03     0.348677E-03     0.481846E-03
  0.353652E-03     0.312090E-03     0.440841E-03     0.335059E-03     0.755067E-03
  0.372034E-03     0.295970E-03     0.278576E-03     0.995691E-03     0.496628E-03
  0.139533E-02     0.882420E-03     0.549008E-03     0.840658E-03     0.387708E-03
  0.411886E-03     0.579089E-03     0.565204E-03     0.544087E-03     0.364377E-03
  0.380109E-03     0.445136E-03     0.473232E-03     0.553748E-03     0.554776E-03
  0.422375E-03     0.339937E-03     0.441283E-03     0.954766E-03     0.827103E-03
  0.496515E-03     0.504122E-03     0.455726E-03     0.547719E-03     0.543986E-03
  0.644007E-03     0.455904E-03     0.561524E-03     0.420872E-03     0.412891E-03
  0.538426E-03     0.390386E-03     0.530632E-03     0.603692E-03     0.507787E-03
  0.403023E-03     0.383177E-03     0.532850E-03     0.564004E-03     0.473723E-03
  0.432384E-03     0.525218E-03     0.704920E-03     0.519174E-03     0.445863E-03
  0.600358E-03     0.496888E-03     0.567143E-03     0.640793E-03     0.658020E-03
  0.463176E-03     0.577590E-03     0.395825E-03     0.410494E-03     0.855051E-03
  0.400574E-03     0.528001E-03     0.498619E-03     0.502538E-03     0.566051E-03
  0.599258E-03     0.577396E-03     0.477606E-03     0.414875E-03     0.510659E-03
  0.298130E-03     0.491568E-03     0.436833E-03     0.469615E-03     0.486774E-03
  0.536204E-03     0.575624E-03     0.384882E-03     0.664389E-03     0.550508E-03
  0.731503E-03     0.660715E-03     0.845569E-03     0.570569E-03     0.538916E-03
  0.608686E-03     0.794728E-03     0.548098E-03     0.621965E-03     0.531371E-03
  0.565501E-03     0.579147E-03     0.519990E-03     0.528674E-03     0.680364E-03
  0.734230E-03     0.634986E-03     0.546014E-03     0.554822E-03     0.558984E-03
  0.596222E-03     0.496057E-03     0.560443E-03     0.550263E-03     0.830657E-03
  0.655870E-03     0.653453E-03     0.535233E-03     0.672898E-03     0.600389E-03
  0.748927E-03     0.730587E-03     0.741471E-03     0.765958E-03     0.742094E-03
  0.587006E-03     0.630966E-03     0.707226E-03     0.707263E-03     0.566437E-03
  0.469669E-03     0.660541E-03     0.637466E-03     0.531910E-03     0.540672E-03
  0.138023E-02     0.916896E-03     0.720316E-03     0.953172E-03     0.465381E-03
  0.620449E-03     0.613252E-03     0.842253E-03     0.933562E-03     0.881972E-03
  0.906329E-03     0.678564E-03     0.792894E-03     0.678381E-03     0.704387E-03
  0.103265E-02     0.115557E-02     0.779426E-03     0.816834E-03     0.729357E-03
  0.778909E-03     0.660144E-03     0.697041E-03     0.694592E-03     0.869550E-03
  0.653087E-03     0.636985E-03     0.645302E-03     0.854465E-03     0.901623E-03
  0.881470E-03     0.909864E-03     0.776586E-03     0.735064E-03     0.797350E-03
  0.852821E-03     0.757390E-03     0.869532E-03     0.918191E-03     0.519965E-03
  0.825565E-03     0.893760E-03     0.660507E-03     0.752254E-03     0.786254E-03
  0.770950E-03     0.100576E-02     0.863066E-03     0.828903E-03     0.755822E-03
  0.657098E-03     0.685042E-03     0.681186E-03     0.688481E-03     0.725548E-03
  0.843995E-03     0.881964E-03     0.867076E-03     0.852403E-03     0.764933E-03
  0.999450E-03     0.772673E-03     0.704925E-03     0.743359E-03     0.686529E-03
  0.850516E-03     0.768596E-03     0.855988E-03     0.630778E-03     0.750084E-03
  0.731655E-03     0.806191E-03     0.109974E-02     0.643736E-03     0.639489E-03
  0.589111E-03     0.106407E-02     0.854672E-03     0.118524E-02     0.921434E-03
  0.969263E-03     0.892171E-03     0.873093E-03     0.781560E-03     0.871256E-03
  0.799581E-03     0.871473E-03     0.897453E-03     0.886146E-03     0.912728E-03
  0.958470E-03     0.824705E-03     0.925006E-03     0.853100E-03     0.104454E-02
  0.794766E-03     0.110844E-02     0.956757E-03     0.102440E-02     0.808162E-03
  0.907093E-03     0.658787E-03     0.679782E-03     0.953557E-03     0.764652E-03
  0.983587E-03     0.971786E-03     0.109332E-02     0.106980E-02     0.726207E-03
  0.133111E-02     0.103489E-02     0.113166E-02     0.110494E-02     0.105822E-02
  0.115788E-02     0.782973E-03     0.104256E-02     0.909877E-03     0.106917E-02
  0.914990E-03     0.907709E-03     0.899786E-03     0.882799E-03     0.939127E-03
  0.872178E-03     0.959669E-03     0.901019E-03     0.910564E-03     0.908362E-03
  0.971109E-03     0.686549E-03     0.793903E-03     0.962507E-03     0.974772E-03
  0.650741E-03     0.706860E-03     0.106132E-02     0.107908E-02     0.923450E-03
  0.134740E-02     0.742250E-03     0.719588E-03     0.970757E-03     0.921980E-03
  0.905324E-03     0.558228E-03     0.120675E-02     0.807120E-03     0.517886E-03
  0.768213E-03     0.133211E-02     0.798714E-03     0.114605E-02     0.648660E-03
  0.109081E-02     0.772872E-03     0.933448E-03     0.103995E-02     0.906607E-03
  0.987038E-03     0.673446E-03     0.570157E-03     0.120666E-02     0.792189E-03
  0.575750E-03     0.101240E-02     0.891919E-03     0.562360E-03     0.110818E-02
  0.810693E-03     0.112049E-02     0.789975E-03     0.730088E-03     0.106191E-02
  0.127237E-02     0.886477E-03     0.666489E-03     0.761839E-03     0.632761E-03
  0.108183E-02     0.637886E-03     0.658154E-03     0.619902E-03     0.605407E-03
  0.556431E-03     0.717036E-03     0.558204E-03     0.583986E-03     0.632255E-03
  0.646934E-03     0.603492E-03     0.722844E-03     0.730595E-03     0.686950E-03
  0.102204E-02     0.594688E-03     0.622932E-03     0.810437E-03     0.674290E-03
  0.661968E-03     0.503332E-03     0.769913E-03     0.755643E-03     0.612034E-03
  0.887823E-03     0.930892E-03     0.116707E-02     0.786334E-03     0.685002E-03
  0.599270E-03     0.678426E-03     0.103143E-02     0.541823E-03     0.736772E-03
  0.743516E-03     0.574480E-03     0.686448E-03     0.673645E-03     0.634061E-03
  0.853458E-03     0.671107E-03     0.735211E-03     0.882913E-03     0.555240E-03
  0.682982E-03     0.116933E-02     0.854799E-03     0.113737E-02     0.999400E-03
  0.106023E-02     0.756300E-03     0.693352E-03     0.720416E-03     0.925362E-03
  0.622896E-03     0.744718E-03     0.646972E-03     0.738057E-03     0.744274E-03
  0.671804E-03     0.699640E-03     0.739735E-03     0.753846E-03     0.805650E-03
  0.688496E-03     0.793621E-03     0.751079E-03     0.747576E-03     0.857458E-03
  0.693147E-03     0.778455E-03     0.670313E-03     0.729958E-03     0.776493E-03
  0.116325E-02     0.814578E-03     0.881625E-03     0.867570E-03     0.730192E-03
  0.784583E-03     0.798086E-03     0.987539E-03     0.950188E-03     0.890487E-03
  0.100527E-02     0.102572E-02     0.819853E-03     0.667427E-03     0.949724E-03
  0.735786E-03     0.640256E-03     0.723981E-03     0.672669E-03     0.796035E-03
  0.695247E-03     0.770936E-03     0.811450E-03     0.571884E-03     0.662537E-03
  0.752772E-03     0.834985E-03     0.804875E-03     0.695247E-03     0.737924E-03
  0.818533E-03     0.810967E-03     0.695652E-03     0.623777E-03     0.736218E-03
  0.715158E-03     0.875442E-03     0.782879E-03     0.806728E-03     0.858290E-03
  0.762969E-03     0.802240E-03     0.837245E-03     0.940946E-03     0.827275E-03
  0.795586E-03     0.825464E-03     0.801502E-03     0.857080E-03     0.691814E-03
  0.780829E-03     0.705465E-03     0.726217E-03     0.701686E-03     0.680188E-03
  0.690329E-03     0.598207E-03     0.890902E-03     0.828483E-03     0.923477E-03
  0.715612E-03     0.757090E-03     0.772721E-03     0.785825E-03     0.844583E-03
  0.662805E-03     0.872577E-03     0.832758E-03     0.818097E-03     0.862699E-03
  0.724996E-03     0.774860E-03     0.756755E-03     0.654270E-03     0.730376E-03
  0.797003E-03     0.744071E-03     0.755436E-03     0.875984E-03     0.836401E-03
  0.885275E-03     0.836376E-03     0.884155E-03     0.879050E-03     0.922743E-03
  0.813763E-03     0.916102E-03     0.793407E-03     0.941798E-03     0.938113E-03
  0.717238E-03     0.976834E-03     0.711844E-03     0.830859E-03     0.798815E-03
  0.945368E-03     0.981516E-03     0.910263E-03     0.829184E-03     0.904581E-03
  0.902750E-03     0.847524E-03     0.872810E-03     0.936083E-03     0.765325E-03
  0.907575E-03     0.836527E-03     0.888335E-03     0.874020E-03     0.857516E-03
  0.846798E-03     0.895387E-03     0.803804E-03     0.825839E-03     0.113094E-02
  0.847594E-03     0.936282E-03     0.114729E-02     0.101374E-02     0.101048E-02
  0.940987E-03     0.938838E-03     0.960881E-03     0.102061E-02     0.950944E-03
  0.891578E-03     0.918457E-03     0.929063E-03     0.909554E-03     0.112149E-02
  0.978445E-03     0.985854E-03     0.901703E-03     0.118549E-02     0.931663E-03
  0.105419E-02     0.114826E-02     0.103742E-02     0.910546E-03     0.993056E-03
  0.918101E-03     0.954039E-03     0.876465E-03     0.886885E-03     0.108517E-02
  0.103731E-02     0.959778E-03     0.951129E-03     0.104138E-02     0.985857E-03
  0.991274E-03     0.999653E-03     0.933801E-03     0.904112E-03     0.964365E-03
  0.894747E-03     0.896873E-03     0.106497E-02     0.109354E-02     0.906867E-03
  0.969176E-03     0.980666E-03     0.911759E-03     0.983158E-03     0.974345E-03
  0.918554E-03     0.815499E-03     0.100833E-02     0.103951E-02     0.940275E-03
  0.115222E-02     0.955214E-03     0.887276E-03     0.103093E-02     0.105198E-02
  0.830157E-03     0.110221E-02     0.953672E-03     0.102889E-02     0.941906E-03
  0.113613E-02     0.110398E-02     0.942783E-03     0.107294E-02     0.100572E-02
  0.104972E-02     0.127924E-02     0.124744E-02     0.121548E-02     0.103403E-02
  0.970720E-03     0.121399E-02     0.105017E-02     0.126188E-02     0.943004E-03
  0.974161E-03     0.115702E-02     0.923023E-03     0.140535E-02     0.111574E-02
  0.887183E-03     0.125681E-02     0.108035E-02     0.108364E-02     0.913214E-03
  0.100558E-02     0.877490E-03     0.106385E-02     0.979207E-03     0.112851E-02
  0.115692E-02     0.973355E-03     0.106965E-02     0.930240E-03     0.851523E-03
  0.147751E-02     0.830619E-03     0.957064E-03     0.937836E-03     0.998754E-03
  0.976764E-03     0.949674E-03     0.100319E-02     0.986472E-03     0.100337E-02
  0.113677E-02     0.988608E-03     0.106294E-02     0.878405E-03     0.118081E-02
  0.969939E-03     0.900546E-03     0.842631E-03     0.824919E-03     0.973355E-03
  0.920875E-03     0.946462E-03     0.937561E-03     0.978770E-03     0.108982E-02
  0.984099E-03     0.897841E-03     0.873847E-03     0.104004E-02     0.855681E-03
  0.849827E-03     0.927109E-03     0.999126E-03     0.913228E-03     0.107037E-02
  0.122536E-02     0.112291E-02     0.931292E-03     0.108588E-02     0.119568E-02
  0.113773E-02     0.110088E-02     0.122832E-02     0.124867E-02     0.127285E-02
  0.107662E-02     0.116570E-02     0.114040E-02     0.112866E-02     0.108838E-02
  0.106108E-02     0.945927E-03     0.980745E-03     0.115419E-02     0.108899E-02
  0.109392E-02     0.125331E-02     0.128935E-02     0.125849E-02     0.123097E-02
  0.150819E-02     0.121830E-02     0.903684E-03     0.112040E-02     0.104088E-02
  0.137262E-02     0.153145E-02     0.108978E-02     0.110530E-02     0.127843E-02
  0.884383E-03     0.150856E-02     0.112097E-02     0.110888E-02     0.129162E-02
  0.114380E-02     0.110399E-02     0.110843E-02     0.128761E-02     0.130881E-02
  0.116075E-02     0.851148E-03     0.809919E-03     0.126602E-02     0.985797E-03
  0.139825E-02     0.103972E-02     0.110285E-02     0.989714E-03     0.104676E-02
  0.104691E-02     0.114976E-02     0.110796E-02     0.128446E-02     0.125028E-02
  0.152836E-02     0.129608E-02     0.121809E-02     0.122979E-02     0.134763E-02
  0.177356E-02     0.984158E-03     0.116877E-02     0.166934E-02     0.100242E-02
  0.153642E-02     0.196051E-02     0.133989E-02     0.140476E-02     0.178550E-02
  0.165381E-02     0.166099E-02     0.147701E-02     0.109332E-02     0.124161E-02
  0.962537E-03     0.132465E-02     0.135511E-02     0.116931E-02     0.113787E-02
  0.128884E-02     0.125313E-02     0.117134E-02     0.155138E-02     0.857504E-03
  0.830095E-03     0.140045E-02     0.132202E-02     0.128442E-02     0.974242E-03
  0.710456E-03     0.160607E-02     0.189523E-02     0.141278E-02     0.905545E-03
  0.789492E-03     0.119463E-02     0.948342E-03     0.107382E-02     0.104601E-02
  0.160730E-02     0.165943E-02     0.178840E-02     0.143321E-02     0.123007E-02
  0.124275E-02     0.100888E-02     0.149976E-02     0.902428E-03     0.890663E-03
  0.116893E-02     0.193639E-02     0.178709E-02     0.100370E-02     0.153231E-02
  0.182398E-02     0.190148E-02     0.168792E-02     0.170615E-02     0.772708E-03
  0.103939E-02     0.102590E-02     0.136892E-02     0.949872E-03     0.760279E-03
  0.648939E-03     0.124585E-02     0.139936E-02     0.100429E-02     0.995458E-03
  0.147642E-02     0.957763E-03     0.104070E-02     0.119866E-02     0.111799E-02
  0.823103E-03     0.692347E-03     0.153514E-02     0.712597E-03     0.162688E-02
  0.103591E-02     0.865665E-03     0.174887E-02     0.589029E-03     0.836688E-03
  0.116120E-02     0.920471E-03     0.990959E-03     0.143811E-02     0.915227E-03
  0.226734E-02     0.305449E-02     0.346537E-02     0.637221E-02     0.930123E-02
  0.418653E-02     0.679505E-02     0.938103E-02     0.606345E-02     0.582390E-02
  0.716813E-02     0.189465E-01     0.185981E-01     0.116742E-01     0.200813E-01
  0.226961E-01     0.232692E-01     0.255697E-01     0.407890E-01     0.331140E-01
  0.294221E-01     0.434932E-01     0.404144E-01     0.397132E-01     0.578348E-01
  0.475245E-01     0.536073E-01     0.434029E-01     0.602614E-01     0.595428E-01
  0.566274E-01     0.686306E-01     0.856008E-01     0.463917E-01     0.848219E-01
  0.637811E-01     0.725811E-01     0.101902E+00     0.794125E-01     0.105921E+00
  0.809928E-01     0.114439E+00     0.123502E+00     0.211262E+00     0.172622E+00
  0.113838E+00     0.132410E+00     0.143902E+00     0.141678E+00     0.174989E+00
  0.208728E+00     0.249215E+00     0.254104E+00     0.294483E+00     0.294483E+00
  0.302945E+00     0.260556E+00     0.506706E+00
 eigen energies, in ev
    -44.635872       -44.562121       -44.421036       -44.122855       -44.024341
    -28.935232       -28.874588       -28.752625       -28.669147       -28.630306
    -28.619145       -28.587833       -28.583214       -28.566210       -28.552400
    -28.468482       -28.460983       -28.413632       -28.274754       -28.227460
    -28.202407       -28.191648       -28.183946       -28.150584       -28.148846
    -28.141147       -28.135284       -28.121209       -28.117387       -28.074701
    -28.051464       -28.030208       -28.020574       -27.963542       -27.898209
    -27.887906       -27.859630       -27.781832       -27.738199       -27.692276
    -27.674730       -27.655621       -27.615100       -27.600660       -27.567475
    -27.549614       -27.545504       -27.543666       -27.532918       -27.529901
    -27.505720       -27.446938       -27.435334       -27.421284       -27.374082
    -27.352768       -27.346272       -27.334392       -27.323993       -27.282862
    -27.242512       -27.180553       -27.179293       -27.160932       -27.159666
    -27.147496       -27.116429       -27.110831       -27.065371       -27.006607
    -26.996941       -26.764083       -26.713841       -26.703819       -26.696800
    -26.675547       -26.615987       -26.598564       -26.576465       -26.573211
    -26.569954       -26.568555       -26.544357       -26.522363       -26.495309
    -26.482744       -26.444316       -26.409780       -26.372302       -26.342809
    -26.319109       -26.309000       -26.269091       -26.213043       -26.166989
    -26.123477       -26.085278       -26.066535       -26.066324       -26.034077
    -26.030457       -26.025231       -26.014612       -26.008545       -25.999618
    -25.973268       -25.963928       -25.957234       -25.938125       -25.924945
    -25.900292       -25.894629       -25.893092       -25.887701       -25.886148
    -25.850025       -25.847279       -25.827032       -25.800252       -25.789543
    -25.746498       -25.668400       -25.645322       -25.585939       -25.531141
    -25.505821       -25.397002       -25.388720       -25.375851       -25.288381
    -25.225290       -25.118877       -25.099783       -25.006656       -24.953203
    -24.346139       -24.065229       -24.035688       -23.800864       -23.729721
    -23.694010       -23.618353       -23.606827       -23.399406       -23.392080
    -23.351687       -23.344619       -23.338320       -23.323776       -23.249105
    -23.170175       -23.128173       -23.099045       -23.032134       -23.031139
    -23.022331       -23.001938       -22.957702       -22.928660       -22.921188
    -22.885173       -22.757542       -22.429252       -22.412158       -22.394571
    -22.388114       -22.329871       -22.304680       -22.026996       -21.926117
    -21.705096       -21.692408       -21.656829       -21.503852       -21.472428
    -21.436498       -21.278433       -21.213989       -21.098007       -21.093116
    -21.085706       -21.069693       -21.032318       -20.977130       -20.976788
    -20.961292       -20.891629       -20.747556       -20.655800       -20.449979
    -18.643993       -18.309549       -18.253677       -18.164343       -18.102108
    -16.401915       -16.159615       -15.963629       -15.905168       -15.889370
    -15.861338       -15.790307       -15.781955       -15.777465       -15.614737
    -15.589734       -15.561000       -15.408821       -15.370050       -15.359155
    -15.314049       -15.235997       -15.187495       -15.177641       -15.072977
    -15.033086       -14.967535       -14.829400       -14.754885       -14.734675
    -14.724432       -14.709771       -14.602094       -14.588765       -14.569629
    -14.510944       -14.495643       -14.453711       -14.403292       -14.375245
    -14.333240       -14.265986       -14.251988       -14.184017       -14.152308
    -13.845509       -13.816620       -13.766384       -13.701644       -13.655764
    -13.587486       -13.563987       -13.508894       -13.492562       -13.445665
    -13.422243       -13.382483       -13.371404       -13.370375       -13.350217
    -13.342869       -13.333422       -13.307381       -13.228272       -13.220474
    -13.212503       -13.182203       -13.177883       -13.131700       -13.120756
    -13.055389       -13.023874       -12.926907       -12.907050       -12.660976
    -12.488813       -12.307767       -12.253590       -12.235451       -12.135808
    -12.101847       -11.978500       -11.957711       -11.957083       -11.929367
    -11.905124       -11.896260       -11.866704       -11.801584       -11.743284
    -11.739058       -11.704161       -11.649821       -11.637302       -11.632726
    -11.628950       -11.535268       -11.520916       -11.516680       -11.484730
    -11.470314       -11.459958       -11.450791       -11.403277       -11.381992
    -11.350736       -11.334972       -11.297008       -11.261413       -11.259880
    -11.257857       -11.229547       -11.008901       -10.981339       -10.901660
    -10.889353       -10.855057       -10.839907       -10.826143       -10.824972
    -10.796080       -10.779308       -10.752157       -10.725727       -10.665206
    -10.624297       -10.619928       -10.585829       -10.584918       -10.572559
    -10.544069       -10.532417       -10.510982       -10.499862       -10.494386
    -10.478545       -10.476946       -10.437390       -10.431285       -10.413448
    -10.380036       -10.364785       -10.338843       -10.335955       -10.314132
    -10.300815       -10.299071       -10.272360       -10.265517       -10.255758
    -10.242772       -10.233597       -10.203722       -10.197056       -10.190329
    -10.188769       -10.180649       -10.172810       -10.158565       -10.148048
    -10.137116       -10.109997       -10.078586       -10.066197       -10.060625
    -10.035883       -10.029389       -10.017331       -10.015813       -10.000018
     -9.994486        -9.980774        -9.974411        -9.966203        -9.962638
     -9.950080        -9.944157        -9.941493        -9.925476        -9.913835
     -9.905588        -9.888841        -9.881075        -9.866779        -9.844843
     -9.829461        -9.822319        -9.809776        -9.800460        -9.788917
     -9.784055        -9.771381        -9.715395        -9.663145        -9.655176
     -9.630730        -9.625533        -9.612862        -9.593081        -9.581186
     -9.569406        -9.559275        -9.550327        -9.533964        -9.530024
     -9.525055        -9.513271        -9.478311        -9.461938        -9.457318
     -9.448555        -9.426682        -9.421349        -9.406642        -9.402655
     -9.398301        -9.378891        -9.353919        -9.350154        -9.336623
     -9.325239        -9.316843        -9.294140        -9.287224        -9.277208
     -9.266220        -9.255729        -9.249877        -9.194337        -9.183212
     -9.164157        -9.156693        -9.148969        -9.107533        -9.090736
     -9.072615        -9.064540        -9.034118        -9.021595        -9.017188
     -9.012143        -9.001468        -8.993879        -8.989319        -8.978700
     -8.969493        -8.961115        -8.950833        -8.919698        -8.889897
     -8.877989        -8.869487        -8.850580        -8.841171        -8.831915
     -8.826391        -8.820567        -8.807507        -8.792996        -8.784633
     -8.782745        -8.749924        -8.736939        -8.727476        -8.712711
     -8.711469        -8.703751        -8.687304        -8.664413        -8.659467
     -8.631865        -8.617366        -8.604663        -8.594869        -8.576612
     -8.526089        -8.508604        -8.478306        -8.471443        -8.459311
     -8.431003        -8.394214        -8.374294        -8.350986        -8.324833
     -8.316619        -8.300217        -8.297645        -8.280386        -8.269226
     -8.257088        -8.253339        -8.249100        -8.153959        -8.110190
     -8.052748        -8.045435        -8.033558        -7.998930        -7.990062
     -7.973645        -7.961184        -7.945026        -7.936871        -7.860475
     -7.827995        -7.805532        -7.797855        -7.785278        -7.765093
     -7.752118        -7.747257        -7.725009        -7.715202        -7.708260
     -7.672254        -7.657769        -7.653168        -7.625107        -7.614190
     -7.557868        -7.510489        -7.495998        -7.455005        -7.443351
     -7.405551        -7.402488        -7.391226        -7.376188        -7.365626
     -7.357692        -7.336864        -7.312020        -7.261678        -7.242366
     -7.235217        -7.213488        -7.205807        -7.199506        -7.185769
     -7.177937        -7.152141        -7.142255        -7.124394        -7.109218
     -7.098973        -7.073762        -7.055167        -7.035941        -7.025690
     -6.995561        -6.989733        -6.975980        -6.949782        -6.926814
     -6.916464        -6.889443        -6.876479        -6.858646        -6.841871
     -6.835383        -6.820802        -6.815262        -6.807967        -6.794851
     -6.784750        -6.769872        -6.768591        -6.745988        -6.742242
     -6.737713        -6.729621        -6.722388        -6.705967        -6.704219
     -6.683253        -6.663214        -6.642558        -6.625421        -6.615157
     -6.607747        -6.590966        -6.584910        -6.578503        -6.552479
     -6.550535        -6.545274        -6.536472        -6.507564        -6.498708
     -6.475643        -6.468921        -6.467842        -6.463069        -6.460232
     -6.443880        -6.437785        -6.428487        -6.427002        -6.404144
     -6.390637        -6.380920        -6.375778        -6.360551        -6.354790
     -6.345378        -6.325855        -6.315285        -6.298207        -6.285447
     -6.269052        -6.259819        -6.247347        -6.239998        -6.236564
     -6.227881        -6.225210        -6.219781        -6.201662        -6.190374
     -6.177912        -6.164774        -6.157130        -6.153441        -6.138974
     -6.121933        -6.111439        -6.103497        -6.089757        -6.073188
     -6.056574        -6.055184        -6.045201        -6.031997        -6.027456
     -6.026502        -6.015611        -6.010029        -6.003182        -5.982542
     -5.978355        -5.973927        -5.964562        -5.955575        -5.954335
     -5.951211        -5.930168        -5.923222        -5.917787        -5.912923
     -5.909597        -5.897862        -5.894867        -5.884859        -5.865159
     -5.860016        -5.845699        -5.844609        -5.833822        -5.827551
     -5.819119        -5.809976        -5.805407        -5.796648        -5.793451
     -5.785757        -5.782289        -5.775701        -5.762381        -5.753280
     -5.750138        -5.745598        -5.731744        -5.723704        -5.719152
     -5.708595        -5.704709        -5.695602        -5.692402        -5.681485
     -5.674123        -5.659540        -5.654728        -5.645930        -5.639136
     -5.636235        -5.627014        -5.618802        -5.615474        -5.609814
     -5.604252        -5.600756        -5.596603        -5.586485        -5.583042
     -5.571642        -5.567683        -5.563543        -5.549696        -5.539579
     -5.538913        -5.528943        -5.524759        -5.517523        -5.506146
     -5.504338        -5.493635        -5.489233        -5.479807        -5.473762
     -5.470238        -5.463288        -5.453390        -5.448840        -5.444910
     -5.436329        -5.417428        -5.408620        -5.397650        -5.391245
     -5.379442        -5.374942        -5.363059        -5.354501        -5.345851
     -5.335069        -5.324237        -5.317171        -5.312736        -5.310067
     -5.293075        -5.283843        -5.275082        -5.268447        -5.266461
     -5.264753        -5.256678        -5.251150        -5.234712        -5.233051
     -5.226002        -5.223010        -5.212226        -5.210028        -5.204779
     -5.198393        -5.192840        -5.190752        -5.183416        -5.179163
     -5.174272        -5.169694        -5.164221        -5.162783        -5.152384
     -5.150273        -5.145487        -5.137856        -5.130086        -5.117359
     -5.114855        -5.110466        -5.104606        -5.099169        -5.094913
     -5.089047        -5.081176        -5.078367        -5.076226        -5.065374
     -5.059155        -5.042341        -5.038161        -5.021603        -5.000727
     -4.990278        -4.988833        -4.982144        -4.972179        -4.965072
     -4.959654        -4.947232        -4.944255        -4.938189        -4.935424
     -4.926284        -4.925761        -4.917220        -4.906436        -4.899178
     -4.894830        -4.876573        -4.871508        -4.870439        -4.868456
     -4.853943        -4.843208        -4.839973        -4.832455        -4.824362
     -4.818328        -4.816756        -4.812603        -4.804445        -4.799453
     -4.788922        -4.775454        -4.766240        -4.756899        -4.752761
     -4.747229        -4.734397        -4.732103        -4.722550        -4.719766
     -4.717880        -4.713382        -4.707641        -4.702294        -4.664663
     -4.656233        -4.646263        -4.644575        -4.622451        -4.601716
     -4.599011        -4.574079        -4.560799        -4.553244        -4.549575
     -4.531808        -4.527338        -4.523601        -4.509873        -4.492316
     -4.481807        -4.473896        -4.452188        -4.439290        -4.430464
     -4.394755        -4.383940        -4.380440        -4.373863        -4.362585
     -4.318452        -4.293499        -4.284686        -4.270931        -4.261419
     -4.258314        -4.242674        -4.228337        -4.212968        -4.197578
     -4.189043        -4.171130        -4.170865        -4.157539        -4.128474
     -4.119839        -4.115618        -4.105797        -4.075392        -4.070228
     -4.057749        -4.045212        -4.025777        -4.011962        -3.997514
     -3.980947        -3.903666        -3.867278        -3.847537        -3.814187
     -3.803195        -3.790298        -3.784318        -3.760589        -3.744197
     -3.717043        -3.704064        -3.684790        -3.681283        -3.676324
     -3.643721        -3.619251        -3.592115        -3.576959        -3.573197
     -3.561991        -3.520371        -3.507798        -3.495830        -3.471295
     -3.460607        -3.454025        -3.450432        -3.444947        -3.414876
     -3.413949        -3.406235        -3.383413        -3.376557        -3.326316
     -3.323766        -3.299470        -3.288568        -3.285463        -3.283028
     -3.271283        -3.264045        -3.236458        -3.223741        -3.204758
     -3.180829        -3.163832        -3.162891        -3.155878        -3.136192
     -3.120506        -3.110035        -3.099779        -3.087509        -3.072322
     -3.060256        -3.038870        -3.022401        -2.974514        -2.969678
     -2.965530        -2.955147        -2.940527        -2.894979        -2.890847
     -2.883920        -2.874457        -2.845108        -2.830724        -2.818088
     -2.795347        -2.770182        -2.755544        -2.701453        -2.698496
     -2.684843        -2.679411        -2.651037        -2.645074        -2.630872
     -2.603367        -2.583283        -2.579384        -2.531261        -2.516619
     -2.514168        -2.490448        -2.468424        -2.464406        -2.442027
     -2.409453        -2.407750        -2.390223        -2.359529        -2.314213
     -2.307573        -2.249355        -2.242216        -2.213870        -2.207452
     -2.181161        -2.161456        -2.078419        -2.023783        -2.019745
     -1.997253        -1.968912        -1.939550        -1.880948        -1.748162
      2.359485         2.536565         2.704659         2.793676         2.846527
      2.911531         3.129228         3.196579         3.223010         3.268753
      3.348018         3.387360         3.417265         3.485706         3.532111
      3.580050         3.618465         3.674589         3.732810         3.760735
      3.794208         3.813700         3.861858         3.877895         3.899312
      3.936585         3.953747         3.974755         4.007567         4.021123
      4.071935         4.103263         4.109827         4.140994         4.153511
      4.172648         4.182460         4.206377         4.224464         4.238642
      4.269768         4.301015         4.321972         4.329424         4.357970
      4.369188         4.407434         4.445937         4.455608         4.488312
      4.498066         4.544722         4.564778         4.580543         4.625140
      4.650320         4.678569         4.689920
 *********************************
 sum eigen(dbl occ, ryd)=  -1543.96004636298     
 *********************************
 Ef(eV)= -0.280871740690068     
 ***************************************************
 iter=          21
 ---------------------------------------------------
 dvE, dvE(n)-dvE(n-1) = 0.1124E-05 -.4257E-05
 dv_ave, drho_tot     = 0.1060E-02 0.3744E-03
 err of ug            = 0.6444E-04
 ---------------------------------------------------
 Ewald        = -.41116881944013E+05
 Alpha        = 0.15207970391171E+04
 E_extV       = 0.00000000000000E+00    0.0000E+00
 E_NSC        = -.21458307767517E+05    0.1641E+01
 E[-rho*V_Hxc]= -.12384332173428E+06    -.1633E+01
 E_Hxc        = 0.51996205085593E+05    0.1515E+01
 -TS          = -.35505862133968E-26    0.0000E+00
 E_tot(eV)    = -.13290150932110E+06    0.7344E-02
 ---------------------------------------------------
 E_ion,E_coul,E_xc =   -224688.5917242   80794.3400388  -28798.1349532
Ewald+Hart+ion    -0.1850111336294E+06
 ave(vtot)=ave_(V_xc)=: v0= -0.283034148445333     
 Eigen energies are values after setting ave_vtot=0
 ----------------------------------
 One SCF use:    86.0263080596924       s
 *********************************
 ****** kpt=           1
 err of each states, eV
  0.172338E-02     0.151799E-02     0.183880E-02     0.284000E-02     0.109521E-02
  0.454670E-03     0.692367E-03     0.193193E-02     0.704510E-03     0.630016E-03
  0.482163E-03     0.348608E-03     0.621981E-03     0.383582E-03     0.111450E-02
  0.430924E-03     0.106144E-02     0.661689E-03     0.439122E-03     0.415226E-03
  0.277906E-02     0.455168E-03     0.796056E-03     0.645263E-03     0.607030E-03
  0.792969E-03     0.107260E-02     0.634115E-03     0.396306E-03     0.670198E-03
  0.563531E-03     0.132990E-02     0.482771E-03     0.644493E-03     0.471794E-03
  0.845467E-03     0.103201E-02     0.142043E-02     0.838753E-03     0.110426E-02
  0.125416E-02     0.103630E-02     0.740806E-03     0.110859E-02     0.396774E-03
  0.409802E-03     0.421014E-03     0.509910E-03     0.554286E-03     0.163946E-02
  0.611742E-03     0.457802E-03     0.106641E-02     0.121211E-02     0.766723E-03
  0.211470E-02     0.803691E-03     0.494451E-03     0.115495E-02     0.340422E-03
  0.147401E-02     0.592516E-03     0.744620E-03     0.549914E-03     0.847160E-03
  0.772742E-03     0.320289E-03     0.648471E-03     0.738596E-03     0.401851E-03
  0.791382E-03     0.116713E-02     0.387988E-03     0.361075E-03     0.818300E-03
  0.439812E-03     0.392913E-03     0.573849E-03     0.609675E-03     0.124790E-02
  0.492140E-03     0.168742E-02     0.284975E-02     0.923077E-03     0.525463E-03
  0.317371E-03     0.610146E-03     0.385796E-03     0.709297E-03     0.342429E-03
  0.655497E-03     0.902176E-03     0.738314E-03     0.541868E-03     0.450401E-03
  0.526205E-03     0.359303E-03     0.559456E-03     0.377180E-03     0.475462E-03
  0.328122E-03     0.712423E-03     0.448923E-03     0.707682E-03     0.428184E-03
  0.388495E-03     0.467240E-03     0.639800E-03     0.646416E-03     0.700223E-03
  0.390755E-03     0.281482E-03     0.466628E-03     0.504760E-03     0.107792E-02
  0.482485E-03     0.330178E-03     0.686148E-03     0.525951E-03     0.460634E-03
  0.164397E-02     0.676690E-03     0.834752E-03     0.454586E-03     0.897205E-03
  0.799986E-03     0.411040E-03     0.538152E-03     0.431006E-03     0.389883E-03
  0.708036E-03     0.121573E-02     0.110470E-02     0.418338E-03     0.335304E-03
  0.348153E-02     0.103200E-02     0.356586E-03     0.430714E-03     0.225097E-02
  0.346373E-02     0.734974E-03     0.352753E-03     0.395850E-03     0.371721E-03
  0.458844E-03     0.416536E-03     0.102202E-02     0.394382E-03     0.128742E-02
  0.793140E-03     0.441195E-03     0.995750E-03     0.646199E-03     0.379917E-02
  0.382931E-03     0.133621E-02     0.384098E-03     0.942201E-03     0.796706E-03
  0.401295E-03     0.320914E-03     0.109335E-02     0.403601E-03     0.432959E-03
  0.510147E-03     0.557624E-03     0.832242E-03     0.562600E-03     0.350947E-03
  0.495589E-03     0.157577E-02     0.321142E-03     0.647028E-03     0.368289E-03
  0.110991E-02     0.694963E-03     0.362278E-03     0.394990E-03     0.491806E-03
  0.331864E-03     0.297292E-03     0.925688E-03     0.580726E-03     0.353137E-03
  0.110134E-02     0.134494E-02     0.898971E-03     0.521684E-03     0.317763E-03
  0.409164E-03     0.506267E-03     0.322072E-03     0.346410E-03     0.316877E-03
  0.500548E-03     0.343959E-03     0.586224E-03     0.477950E-03     0.661718E-03
  0.411215E-03     0.423485E-03     0.385695E-03     0.422263E-03     0.416212E-03
  0.465774E-03     0.491644E-03     0.960863E-03     0.455418E-03     0.728039E-03
  0.464850E-03     0.508532E-03     0.527500E-03     0.405110E-03     0.606299E-03
  0.577642E-03     0.584104E-03     0.442306E-03     0.529551E-03     0.508548E-03
  0.621591E-03     0.383045E-03     0.423916E-03     0.570724E-03     0.464271E-03
  0.409658E-03     0.416179E-03     0.569810E-03     0.658847E-03     0.508719E-03
  0.500359E-03     0.813894E-03     0.586102E-03     0.489081E-03     0.517267E-03
  0.404745E-03     0.463761E-03     0.366906E-03     0.555881E-03     0.424079E-03
  0.474261E-03     0.565728E-03     0.437251E-03     0.406476E-03     0.405872E-03
  0.436229E-03     0.615141E-03     0.572912E-03     0.514384E-03     0.693854E-03
  0.469489E-03     0.521092E-03     0.503566E-03     0.511048E-03     0.476357E-03
  0.374190E-03     0.373193E-03     0.552618E-03     0.472144E-03     0.456115E-03
  0.500544E-03     0.704005E-03     0.553216E-03     0.688004E-03     0.485372E-03
  0.456695E-03     0.496444E-03     0.579189E-03     0.572814E-03     0.705924E-03
  0.610666E-03     0.858385E-03     0.553585E-03     0.616837E-03     0.913256E-03
  0.532967E-03     0.512969E-03     0.461567E-03     0.599278E-03     0.838774E-03
  0.646710E-03     0.832023E-03     0.601927E-03     0.698791E-03     0.517059E-03
  0.597415E-03     0.702959E-03     0.422119E-03     0.621536E-03     0.930790E-03
  0.528950E-03     0.665913E-03     0.486204E-03     0.889151E-03     0.640443E-03
  0.607790E-03     0.696658E-03     0.637564E-03     0.705635E-03     0.778443E-03
  0.819615E-03     0.457779E-03     0.554860E-03     0.515678E-03     0.652029E-03
  0.488618E-03     0.664128E-03     0.542456E-03     0.736492E-03     0.718774E-03
  0.973046E-03     0.105202E-02     0.664843E-03     0.988988E-03     0.524277E-03
  0.661355E-03     0.674012E-03     0.884260E-03     0.772184E-03     0.864502E-03
  0.868193E-03     0.761701E-03     0.687467E-03     0.101033E-02     0.134702E-02
  0.109786E-02     0.927937E-03     0.934394E-03     0.860077E-03     0.817116E-03
  0.928293E-03     0.868310E-03     0.898687E-03     0.689369E-03     0.670975E-03
  0.100927E-02     0.106969E-02     0.817461E-03     0.593731E-03     0.652017E-03
  0.987049E-03     0.979420E-03     0.962425E-03     0.867659E-03     0.621491E-03
  0.708385E-03     0.646048E-03     0.640980E-03     0.822132E-03     0.754703E-03
  0.326756E-03     0.856715E-03     0.939516E-03     0.749970E-03     0.104810E-02
  0.950088E-03     0.104294E-02     0.779288E-03     0.802993E-03     0.946075E-03
  0.671861E-03     0.828069E-03     0.718196E-03     0.753663E-03     0.102310E-02
  0.832732E-03     0.639678E-03     0.646257E-03     0.908713E-03     0.844885E-03
  0.991896E-03     0.842357E-03     0.766336E-03     0.748716E-03     0.753395E-03
  0.894020E-03     0.699183E-03     0.913383E-03     0.688474E-03     0.924472E-03
  0.719396E-03     0.585966E-03     0.130049E-02     0.656842E-03     0.548031E-03
  0.604174E-03     0.115693E-02     0.738553E-03     0.106977E-02     0.102579E-02
  0.956690E-03     0.897243E-03     0.892088E-03     0.833523E-03     0.803481E-03
  0.815564E-03     0.886035E-03     0.770704E-03     0.856914E-03     0.890665E-03
  0.103157E-02     0.119021E-02     0.106896E-02     0.885698E-03     0.800124E-03
  0.649112E-03     0.113468E-02     0.105014E-02     0.800643E-03     0.924169E-03
  0.776968E-03     0.737911E-03     0.564383E-03     0.941599E-03     0.106016E-02
  0.103965E-02     0.799651E-03     0.712501E-03     0.951506E-03     0.105756E-02
  0.750561E-03     0.132695E-02     0.852426E-03     0.101929E-02     0.975610E-03
  0.128357E-02     0.643808E-03     0.116963E-02     0.110463E-02     0.104880E-02
  0.116459E-02     0.826709E-03     0.921463E-03     0.694520E-03     0.109322E-02
  0.927169E-03     0.832643E-03     0.860858E-03     0.824154E-03     0.119399E-02
  0.936248E-03     0.968785E-03     0.910400E-03     0.754109E-03     0.996652E-03
  0.110362E-02     0.132497E-02     0.123175E-02     0.976369E-03     0.668558E-03
  0.801831E-03     0.736723E-03     0.863985E-03     0.105573E-02     0.108030E-02
  0.106311E-02     0.101964E-02     0.454183E-03     0.809083E-03     0.505271E-03
  0.782193E-03     0.117192E-02     0.904337E-03     0.957371E-03     0.721213E-03
  0.115829E-02     0.131548E-02     0.653221E-03     0.822327E-03     0.829476E-03
  0.798201E-03     0.100216E-02     0.593479E-03     0.537937E-03     0.878487E-03
  0.116528E-02     0.789613E-03     0.906962E-03     0.127812E-02     0.821244E-03
  0.875064E-03     0.102869E-02     0.715027E-03     0.774590E-03     0.127883E-02
  0.100305E-02     0.766811E-03     0.852536E-03     0.715758E-03     0.624524E-03
  0.883770E-03     0.657241E-03     0.596064E-03     0.629601E-03     0.780842E-03
  0.433256E-03     0.719084E-03     0.605393E-03     0.550506E-03     0.637184E-03
  0.708437E-03     0.473175E-03     0.644272E-03     0.668818E-03     0.642726E-03
  0.665999E-03     0.596691E-03     0.526521E-03     0.608272E-03     0.587227E-03
  0.575788E-03     0.449301E-03     0.707699E-03     0.686127E-03     0.570261E-03
  0.846506E-03     0.105289E-02     0.654649E-03     0.827659E-03     0.619191E-03
  0.548217E-03     0.742754E-03     0.849049E-03     0.630447E-03     0.773940E-03
  0.911117E-03     0.747427E-03     0.561031E-03     0.561775E-03     0.835735E-03
  0.650542E-03     0.632776E-03     0.105226E-02     0.900534E-03     0.509106E-03
  0.845771E-03     0.949769E-03     0.110016E-02     0.110752E-02     0.825990E-03
  0.710355E-03     0.943499E-03     0.832562E-03     0.672686E-03     0.660048E-03
  0.571553E-03     0.745889E-03     0.624796E-03     0.732406E-03     0.866215E-03
  0.698031E-03     0.725079E-03     0.662043E-03     0.745780E-03     0.835144E-03
  0.631774E-03     0.713465E-03     0.690665E-03     0.819572E-03     0.841367E-03
  0.926813E-03     0.908834E-03     0.859530E-03     0.679305E-03     0.796592E-03
  0.104411E-02     0.768703E-03     0.808755E-03     0.748522E-03     0.722871E-03
  0.704155E-03     0.777000E-03     0.997586E-03     0.770529E-03     0.765496E-03
  0.943961E-03     0.900058E-03     0.771174E-03     0.688110E-03     0.835985E-03
  0.763812E-03     0.741720E-03     0.810298E-03     0.640479E-03     0.615593E-03
  0.664043E-03     0.766902E-03     0.506472E-03     0.526517E-03     0.683732E-03
  0.727988E-03     0.754819E-03     0.828051E-03     0.691952E-03     0.697169E-03
  0.768505E-03     0.745346E-03     0.656991E-03     0.804258E-03     0.664937E-03
  0.839277E-03     0.733415E-03     0.727630E-03     0.869486E-03     0.787416E-03
  0.739814E-03     0.797444E-03     0.753875E-03     0.816372E-03     0.800938E-03
  0.781665E-03     0.696519E-03     0.820806E-03     0.793084E-03     0.737573E-03
  0.764943E-03     0.658565E-03     0.598056E-03     0.667002E-03     0.668053E-03
  0.849387E-03     0.100577E-02     0.763209E-03     0.878502E-03     0.875067E-03
  0.790680E-03     0.635530E-03     0.706894E-03     0.601750E-03     0.589888E-03
  0.867463E-03     0.776510E-03     0.804618E-03     0.770786E-03     0.665762E-03
  0.671884E-03     0.709974E-03     0.706520E-03     0.756150E-03     0.681256E-03
  0.691107E-03     0.660403E-03     0.726561E-03     0.745121E-03     0.650442E-03
  0.812774E-03     0.845332E-03     0.877278E-03     0.853843E-03     0.825044E-03
  0.817085E-03     0.789651E-03     0.848392E-03     0.943875E-03     0.822450E-03
  0.861908E-03     0.877346E-03     0.779295E-03     0.674287E-03     0.941014E-03
  0.816031E-03     0.760422E-03     0.943855E-03     0.734823E-03     0.793557E-03
  0.879047E-03     0.967014E-03     0.100081E-02     0.750300E-03     0.701666E-03
  0.958304E-03     0.904454E-03     0.929565E-03     0.787192E-03     0.895555E-03
  0.741791E-03     0.877938E-03     0.981649E-03     0.918313E-03     0.100002E-02
  0.919522E-03     0.100385E-02     0.102183E-02     0.818388E-03     0.859098E-03
  0.969644E-03     0.925937E-03     0.789675E-03     0.964303E-03     0.872972E-03
  0.934703E-03     0.998325E-03     0.850817E-03     0.868267E-03     0.863997E-03
  0.902298E-03     0.864155E-03     0.896457E-03     0.942192E-03     0.126874E-02
  0.921641E-03     0.888715E-03     0.110460E-02     0.103753E-02     0.914556E-03
  0.111505E-02     0.781273E-03     0.887773E-03     0.959962E-03     0.851112E-03
  0.111557E-02     0.101305E-02     0.908298E-03     0.115624E-02     0.966084E-03
  0.103454E-02     0.100677E-02     0.100865E-02     0.982037E-03     0.920012E-03
  0.974200E-03     0.996958E-03     0.115239E-02     0.100669E-02     0.104960E-02
  0.100819E-02     0.111349E-02     0.100397E-02     0.765922E-03     0.820383E-03
  0.889232E-03     0.887696E-03     0.930379E-03     0.964487E-03     0.792358E-03
  0.922120E-03     0.991892E-03     0.962478E-03     0.102730E-02     0.103245E-02
  0.924382E-03     0.968486E-03     0.102883E-02     0.107511E-02     0.112288E-02
  0.110183E-02     0.857547E-03     0.102162E-02     0.105487E-02     0.147205E-02
  0.109418E-02     0.109477E-02     0.120972E-02     0.123709E-02     0.112489E-02
  0.121073E-02     0.103847E-02     0.105616E-02     0.121052E-02     0.867126E-03
  0.112410E-02     0.104180E-02     0.103494E-02     0.149025E-02     0.905072E-03
  0.971683E-03     0.970826E-03     0.121985E-02     0.115396E-02     0.998805E-03
  0.881551E-03     0.101325E-02     0.129233E-02     0.114313E-02     0.120818E-02
  0.108177E-02     0.115338E-02     0.118922E-02     0.103131E-02     0.928130E-03
  0.111386E-02     0.116885E-02     0.112989E-02     0.972175E-03     0.996762E-03
  0.895247E-03     0.889699E-03     0.994909E-03     0.877574E-03     0.937512E-03
  0.982047E-03     0.984691E-03     0.122916E-02     0.970713E-03     0.913799E-03
  0.891127E-03     0.106564E-02     0.105750E-02     0.116317E-02     0.909578E-03
  0.994196E-03     0.853786E-03     0.999384E-03     0.957671E-03     0.123084E-02
  0.939479E-03     0.798141E-03     0.976061E-03     0.877336E-03     0.818896E-03
  0.838813E-03     0.850970E-03     0.781158E-03     0.103168E-02     0.873643E-03
  0.138910E-02     0.108844E-02     0.100421E-02     0.102806E-02     0.116590E-02
  0.112509E-02     0.119917E-02     0.107552E-02     0.112160E-02     0.126650E-02
  0.126179E-02     0.113298E-02     0.123511E-02     0.107152E-02     0.126068E-02
  0.107177E-02     0.118215E-02     0.116303E-02     0.889440E-03     0.113930E-02
  0.114055E-02     0.150904E-02     0.144929E-02     0.133634E-02     0.151658E-02
  0.143413E-02     0.124392E-02     0.102720E-02     0.956752E-03     0.935168E-03
  0.113666E-02     0.969961E-03     0.111341E-02     0.130424E-02     0.115075E-02
  0.136780E-02     0.111275E-02     0.114740E-02     0.148524E-02     0.101709E-02
  0.104149E-02     0.135768E-02     0.101023E-02     0.957355E-03     0.983664E-03
  0.112255E-02     0.771714E-03     0.103197E-02     0.109792E-02     0.179834E-02
  0.124287E-02     0.133976E-02     0.105367E-02     0.114974E-02     0.947025E-03
  0.125170E-02     0.123599E-02     0.128304E-02     0.116671E-02     0.100310E-02
  0.144497E-02     0.123104E-02     0.147336E-02     0.133614E-02     0.205527E-02
  0.139844E-02     0.135948E-02     0.181157E-02     0.104950E-02     0.302193E-02
  0.125543E-02     0.147881E-02     0.129865E-02     0.108966E-02     0.175357E-02
  0.162579E-02     0.145940E-02     0.169854E-02     0.100215E-02     0.149756E-02
  0.107477E-02     0.126027E-02     0.113793E-02     0.136210E-02     0.118009E-02
  0.100631E-02     0.134027E-02     0.164439E-02     0.124232E-02     0.221682E-02
  0.880163E-03     0.730436E-03     0.108701E-02     0.106196E-02     0.122290E-02
  0.173129E-02     0.104898E-02     0.134764E-02     0.777362E-03     0.102579E-02
  0.131375E-02     0.731224E-03     0.116407E-02     0.180052E-02     0.167082E-02
  0.159974E-02     0.110040E-02     0.123495E-02     0.139009E-02     0.136199E-02
  0.672963E-03     0.896914E-03     0.139385E-02     0.143030E-02     0.878436E-03
  0.853648E-03     0.234790E-02     0.210291E-02     0.137735E-02     0.170987E-02
  0.115887E-02     0.208196E-02     0.152812E-02     0.159471E-02     0.754963E-03
  0.137308E-02     0.116400E-02     0.926833E-03     0.999254E-03     0.905235E-03
  0.136816E-02     0.991291E-03     0.112092E-02     0.110535E-02     0.106513E-02
  0.145350E-02     0.970337E-03     0.114719E-02     0.128552E-02     0.994040E-03
  0.106605E-02     0.116969E-02     0.731870E-03     0.172213E-02     0.119414E-02
  0.111676E-02     0.113075E-02     0.175420E-02     0.131852E-02     0.912332E-03
  0.764539E-03     0.926048E-03     0.904767E-03     0.141608E-02     0.115393E-02
  0.224882E-02     0.327094E-02     0.315733E-02     0.513167E-02     0.826956E-02
  0.359273E-02     0.502795E-02     0.521515E-02     0.876739E-02     0.389720E-02
  0.535391E-02     0.121997E-01     0.136740E-01     0.101609E-01     0.146711E-01
  0.201721E-01     0.203099E-01     0.210642E-01     0.372627E-01     0.267122E-01
  0.241013E-01     0.273115E-01     0.306807E-01     0.347270E-01     0.410759E-01
  0.421674E-01     0.380740E-01     0.358602E-01     0.397104E-01     0.539252E-01
  0.530555E-01     0.723685E-01     0.395614E-01     0.372619E-01     0.499100E-01
  0.625780E-01     0.566084E-01     0.885523E-01     0.734079E-01     0.774518E-01
  0.734548E-01     0.125954E+00     0.142700E+00     0.109693E+00     0.130414E+00
  0.965215E-01     0.113564E+00     0.139518E+00     0.118090E+00     0.170252E+00
  0.148234E+00     0.238115E+00     0.226749E+00     0.192789E+00     0.258028E+00
  0.187299E+00     0.162112E+00     0.172144E+00
 eigen energies, in ev
    -44.627777       -44.532836       -44.416073       -44.088569       -44.041692
    -28.915719       -28.863204       -28.720542       -28.676552       -28.623680
    -28.612688       -28.568455       -28.555164       -28.553674       -28.526276
    -28.480489       -28.475910       -28.428916       -28.304222       -28.195444
    -28.194445       -28.188207       -28.183844       -28.166140       -28.157848
    -28.152711       -28.151457       -28.133243       -28.124927       -28.063254
    -28.050143       -28.032303       -28.016864       -27.961555       -27.917978
    -27.909151       -27.832623       -27.784518       -27.727350       -27.710082
    -27.648022       -27.635108       -27.630773       -27.622750       -27.585514
    -27.572426       -27.557671       -27.541021       -27.539079       -27.529399
    -27.514460       -27.449606       -27.431616       -27.413518       -27.367322
    -27.358710       -27.344033       -27.343084       -27.321382       -27.279687
    -27.231142       -27.185895       -27.177398       -27.146957       -27.140834
    -27.132736       -27.101568       -27.094008       -27.085099       -27.031418
    -27.009179       -26.805065       -26.723643       -26.690850       -26.670971
    -26.660821       -26.610633       -26.586231       -26.572040       -26.568972
    -26.559515       -26.543513       -26.534150       -26.490083       -26.471329
    -26.471100       -26.450895       -26.392280       -26.390390       -26.361026
    -26.331716       -26.288520       -26.271069       -26.187932       -26.156347
    -26.156120       -26.112518       -26.083499       -26.064405       -26.050677
    -26.031787       -26.026030       -26.012644       -26.010964       -25.999449
    -25.993524       -25.965480       -25.956657       -25.943309       -25.927405
    -25.921249       -25.891177       -25.881787       -25.872055       -25.867235
    -25.865259       -25.845182       -25.835806       -25.827346       -25.788618
    -25.727528       -25.709398       -25.656982       -25.572846       -25.559141
    -25.495484       -25.424172       -25.422304       -25.404446       -25.302663
    -25.210099       -25.119847       -25.112337       -25.003592       -24.976086
    -24.335091       -24.088089       -23.997364       -23.778837       -23.728200
    -23.699587       -23.611722       -23.600991       -23.386269       -23.381625
    -23.349448       -23.343981       -23.322210       -23.315301       -23.214029
    -23.181967       -23.115603       -23.112835       -23.027476       -23.014019
    -23.004775       -22.999558       -22.989992       -22.972282       -22.902216
    -22.873890       -22.745379       -22.450229       -22.429160       -22.401360
    -22.376787       -22.358482       -22.285873       -22.033784       -21.895011
    -21.687033       -21.679071       -21.667381       -21.501222       -21.477440
    -21.418369       -21.287753       -21.196147       -21.086828       -21.070482
    -21.066888       -21.045029       -21.024905       -21.018243       -20.984356
    -20.949682       -20.875705       -20.743299       -20.645629       -20.437748
    -18.628917       -18.309682       -18.214498       -18.152250       -18.087539
    -16.411410       -16.126149       -15.947389       -15.918760       -15.909360
    -15.866223       -15.794171       -15.785736       -15.753390       -15.602045
    -15.593100       -15.570059       -15.400832       -15.397951       -15.389772
    -15.319896       -15.233363       -15.167043       -15.154376       -15.070967
    -15.031386       -14.967608       -14.836386       -14.783412       -14.759507
    -14.711149       -14.690043       -14.612060       -14.596890       -14.559554
    -14.500996       -14.481307       -14.434585       -14.420737       -14.359053
    -14.340609       -14.285636       -14.262864       -14.198429       -14.177053
    -13.863813       -13.785132       -13.753331       -13.694052       -13.619276
    -13.573412       -13.562458       -13.529686       -13.480962       -13.431739
    -13.423124       -13.402416       -13.383525       -13.368451       -13.350591
    -13.338839       -13.321443       -13.292130       -13.231124       -13.226703
    -13.202056       -13.182048       -13.164070       -13.155560       -13.138934
    -13.068095       -13.058161       -12.907873       -12.893628       -12.663454
    -12.468685       -12.280117       -12.246077       -12.239815       -12.150469
    -12.080289       -11.989465       -11.951302       -11.936569       -11.925786
    -11.908672       -11.898487       -11.876162       -11.837175       -11.775294
    -11.723079       -11.713660       -11.662247       -11.628537       -11.621217
    -11.614066       -11.520865       -11.507851       -11.496837       -11.488563
    -11.481063       -11.470115       -11.436672       -11.420546       -11.413045
    -11.359242       -11.337747       -11.303132       -11.257605       -11.253801
    -11.252313       -11.242467       -10.979255       -10.960405       -10.904327
    -10.879399       -10.867304       -10.861859       -10.830284       -10.818224
    -10.785308       -10.778871       -10.731996       -10.714370       -10.652477
    -10.614831       -10.610608       -10.600899       -10.561896       -10.556437
    -10.532228       -10.512973       -10.507578       -10.496705       -10.480872
    -10.477745       -10.469782       -10.442979       -10.426188       -10.416364
    -10.397255       -10.370492       -10.357669       -10.312547       -10.307877
    -10.300632       -10.280847       -10.273701       -10.265415       -10.262433
    -10.250717       -10.241706       -10.227437       -10.215704       -10.201207
    -10.190473       -10.169565       -10.152717       -10.146101       -10.138893
    -10.129622       -10.103767       -10.101821       -10.083315       -10.065349
    -10.058987       -10.045388       -10.036373       -10.011388       -10.000784
     -9.994763        -9.985562        -9.975590        -9.973137        -9.954055
     -9.949811        -9.945464        -9.942549        -9.928178        -9.916667
     -9.911460        -9.888276        -9.881061        -9.867433        -9.863397
     -9.830974        -9.818459        -9.805547        -9.803662        -9.789973
     -9.786164        -9.781638        -9.723119        -9.657680        -9.652797
     -9.650976        -9.634838        -9.610867        -9.597399        -9.594344
     -9.574712        -9.563297        -9.561882        -9.550544        -9.535711
     -9.529818        -9.527589        -9.465939        -9.455344        -9.448717
     -9.435262        -9.429113        -9.427220        -9.422549        -9.392160
     -9.387632        -9.375574        -9.356073        -9.337698        -9.330918
     -9.325829        -9.309674        -9.300086        -9.270060        -9.263639
     -9.262556        -9.261650        -9.239961        -9.179288        -9.166365
     -9.157096        -9.149254        -9.142147        -9.115415        -9.089329
     -9.067294        -9.051370        -9.045543        -9.037976        -9.034947
     -9.010799        -9.007911        -8.997400        -8.996587        -8.983161
     -8.972177        -8.965973        -8.935354        -8.931158        -8.898161
     -8.883453        -8.873491        -8.853226        -8.843919        -8.835697
     -8.820442        -8.807547        -8.802438        -8.799237        -8.789552
     -8.771728        -8.756075        -8.750883        -8.738930        -8.721175
     -8.718887        -8.702886        -8.690108        -8.659748        -8.649521
     -8.641369        -8.625760        -8.624408        -8.601330        -8.584721
     -8.544550        -8.493521        -8.478088        -8.463316        -8.439527
     -8.410933        -8.372692        -8.365131        -8.348178        -8.317868
     -8.310341        -8.302811        -8.291641        -8.278981        -8.273027
     -8.268225        -8.258697        -8.250851        -8.177251        -8.145448
     -8.066367        -8.061463        -8.037352        -8.022252        -7.988248
     -7.980236        -7.952284        -7.937909        -7.927367        -7.860218
     -7.819477        -7.799788        -7.794504        -7.779116        -7.755215
     -7.747087        -7.738088        -7.731273        -7.713393        -7.688659
     -7.676228        -7.652514        -7.638691        -7.608917        -7.596253
     -7.537314        -7.514406        -7.487139        -7.476906        -7.424184
     -7.399831        -7.384406        -7.381012        -7.372795        -7.348867
     -7.342337        -7.324569        -7.302852        -7.258773        -7.240507
     -7.230485        -7.219644        -7.190053        -7.178986        -7.172513
     -7.164806        -7.148041        -7.135736        -7.127776        -7.099615
     -7.095859        -7.086526        -7.051451        -7.034291        -7.027208
     -7.014695        -6.999259        -6.991486        -6.949778        -6.931353
     -6.892368        -6.882112        -6.864500        -6.849659        -6.847104
     -6.837473        -6.829516        -6.816452        -6.803259        -6.791804
     -6.783309        -6.769274        -6.763225        -6.752555        -6.742849
     -6.742689        -6.734374        -6.724757        -6.709476        -6.696859
     -6.677640        -6.674699        -6.656306        -6.634207        -6.621751
     -6.614518        -6.606039        -6.588868        -6.571518        -6.558337
     -6.551084        -6.545646        -6.537541        -6.504116        -6.497634
     -6.474885        -6.470489        -6.467018        -6.460638        -6.450337
     -6.436978        -6.434653        -6.419766        -6.411317        -6.409513
     -6.394433        -6.386655        -6.374018        -6.365847        -6.355584
     -6.338211        -6.321219        -6.299344        -6.284308        -6.283394
     -6.274258        -6.265123        -6.257132        -6.250094        -6.233827
     -6.226019        -6.214916        -6.208366        -6.203067        -6.195927
     -6.176292        -6.168449        -6.156237        -6.144027        -6.135625
     -6.122954        -6.098820        -6.081655        -6.075798        -6.060823
     -6.052213        -6.045509        -6.040408        -6.035443        -6.028997
     -6.020327        -6.010977        -6.007019        -6.004039        -5.987157
     -5.980997        -5.976155        -5.963390        -5.958915        -5.954728
     -5.947056        -5.936218        -5.919697        -5.910066        -5.906725
     -5.904121        -5.892009        -5.887300        -5.872805        -5.862731
     -5.860269        -5.848616        -5.837866        -5.834656        -5.828060
     -5.819533        -5.807554        -5.794033        -5.789902        -5.785793
     -5.777207        -5.776048        -5.767176        -5.760954        -5.759330
     -5.757263        -5.746274        -5.743191        -5.735899        -5.728614
     -5.709432        -5.695984        -5.694857        -5.687736        -5.681169
     -5.675793        -5.661657        -5.650461        -5.647536        -5.643467
     -5.638671        -5.626524        -5.620985        -5.612118        -5.608125
     -5.606108        -5.592725        -5.589969        -5.587292        -5.581218
     -5.576591        -5.567688        -5.560904        -5.536613        -5.534478
     -5.531312        -5.526407        -5.520393        -5.514735        -5.509567
     -5.502744        -5.500493        -5.495522        -5.476043        -5.471987
     -5.465115        -5.456888        -5.452638        -5.447936        -5.442090
     -5.437332        -5.420467        -5.407047        -5.399659        -5.393377
     -5.382373        -5.368038        -5.362029        -5.360863        -5.353648
     -5.344295        -5.331071        -5.328400        -5.320157        -5.315556
     -5.303593        -5.291029        -5.284230        -5.276605        -5.267644
     -5.264471        -5.257647        -5.249039        -5.239060        -5.236366
     -5.226555        -5.218379        -5.213201        -5.209583        -5.206477
     -5.203046        -5.195643        -5.194028        -5.187958        -5.185342
     -5.179022        -5.176515        -5.168552        -5.161139        -5.160356
     -5.155369        -5.144788        -5.136992        -5.125184        -5.121412
     -5.115993        -5.112728        -5.101488        -5.096183        -5.091459
     -5.089493        -5.086169        -5.081330        -5.076849        -5.067632
     -5.056620        -5.050388        -5.043468        -5.018019        -5.000661
     -4.996365        -4.987691        -4.986376        -4.978372        -4.971993
     -4.965545        -4.952763        -4.949155        -4.945813        -4.941451
     -4.930360        -4.923605        -4.919159        -4.914535        -4.898824
     -4.894740        -4.883611        -4.877815        -4.868586        -4.866801
     -4.851850        -4.845315        -4.839617        -4.835462        -4.823986
     -4.819977        -4.818248        -4.813008        -4.809590        -4.804409
     -4.797784        -4.790564        -4.777469        -4.768392        -4.760189
     -4.755184        -4.750845        -4.747124        -4.735998        -4.721161
     -4.711129        -4.700649        -4.691797        -4.687089        -4.653874
     -4.646759        -4.642835        -4.632383        -4.625189        -4.608864
     -4.595661        -4.579417        -4.553392        -4.549110        -4.546122
     -4.531202        -4.518653        -4.516537        -4.503477        -4.502865
     -4.499307        -4.466382        -4.462723        -4.443282        -4.429143
     -4.406328        -4.398271        -4.382876        -4.363282        -4.358078
     -4.315569        -4.313228        -4.299580        -4.282054        -4.274998
     -4.258995        -4.243573        -4.222673        -4.212291        -4.190952
     -4.182073        -4.169593        -4.159404        -4.148145        -4.139524
     -4.127416        -4.115951        -4.095852        -4.072595        -4.063352
     -4.050447        -4.043573        -4.037878        -4.011134        -3.982743
     -3.968228        -3.888029        -3.857224        -3.850082        -3.809820
     -3.798172        -3.789896        -3.777271        -3.764554        -3.727926
     -3.720446        -3.702918        -3.690444        -3.673287        -3.659046
     -3.637253        -3.612610        -3.589926        -3.578080        -3.574306
     -3.569904        -3.515713        -3.509532        -3.496263        -3.484595
     -3.465264        -3.451490        -3.446776        -3.427090        -3.403088
     -3.398692        -3.393761        -3.392324        -3.362544        -3.319360
     -3.312225        -3.303785        -3.290231        -3.284540        -3.265431
     -3.259922        -3.251954        -3.242281        -3.236693        -3.195682
     -3.189556        -3.168116        -3.149013        -3.145480        -3.141300
     -3.120334        -3.105806        -3.103503        -3.090277        -3.075769
     -3.063946        -3.049508        -3.030144        -2.991091        -2.986961
     -2.964854        -2.950734        -2.928072        -2.911614        -2.899686
     -2.878354        -2.872018        -2.838262        -2.837331        -2.817140
     -2.799884        -2.777869        -2.758148        -2.704628        -2.701201
     -2.698879        -2.686743        -2.640394        -2.635853        -2.621128
     -2.602800        -2.600349        -2.575067        -2.562215        -2.504956
     -2.485191        -2.479516        -2.463671        -2.459795        -2.427769
     -2.422229        -2.404991        -2.394292        -2.344837        -2.301869
     -2.297738        -2.273086        -2.252035        -2.229743        -2.180382
     -2.171891        -2.151077        -2.078309        -2.018436        -2.009445
     -1.986389        -1.969199        -1.934352        -1.856845        -1.734029
      2.372015         2.554029         2.710105         2.785476         2.829586
      2.918060         3.138175         3.172867         3.223122         3.282552
      3.345821         3.393732         3.425699         3.500347         3.538063
      3.581676         3.624172         3.686330         3.743294         3.765553
      3.789976         3.819224         3.863366         3.869315         3.896165
      3.938985         3.953833         3.974557         4.001770         4.031086
      4.076170         4.103037         4.106084         4.150787         4.160234
      4.179408         4.191554         4.214602         4.224443         4.231777
      4.275551         4.300064         4.320114         4.335082         4.353789
      4.371064         4.409762         4.450242         4.456998         4.491592
      4.501950         4.538814         4.563946         4.573207         4.613870
      4.648416         4.676368         4.684444
 *********************************
 sum eigen(dbl occ, ryd)=  -1543.85392886852     
 *********************************
 Ef(eV)= -0.287719585295215     
 ***************************************************
 iter=          22
 ---------------------------------------------------
 dvE, dvE(n)-dvE(n-1) = 0.1165E-05 0.4130E-07
 dv_ave, drho_tot     = 0.1080E-02 0.3049E-03
 err of ug            = 0.6409E-04
 ---------------------------------------------------
 Ewald        = -.41116881944013E+05
 Alpha        = 0.15207970391171E+04
 E_extV       = 0.00000000000000E+00    0.0000E+00
 E_NSC        = -.21457067245809E+05    0.1241E+01
 E[-rho*V_Hxc]= -.12384584302433E+06    -.1234E+01
 E_Hxc        = 0.51997492510174E+05    0.1287E+01
 -TS          = -.35505862133968E-26    0.0000E+00
 E_tot(eV)    = -.13290150266486E+06    0.6656E-02
 ---------------------------------------------------
 E_ion,E_coul,E_xc =   -224689.4888996   80795.5498230  -28798.0573128
Ewald+Hart+ion    -0.1850108210206E+06
 ave(vtot)=ave_(V_xc)=: v0= -0.283035278843799     
 Eigen energies are values after setting ave_vtot=0
 ----------------------------------
 One SCF use:    85.9981839656830       s
 *********************************
 ****** kpt=           1
 err of each states, eV
  0.294827E-02     0.681723E-02     0.217182E-02     0.555267E-03     0.620559E-03
  0.117433E-02     0.133902E-02     0.420133E-03     0.464124E-03     0.464987E-03
  0.461084E-03     0.762873E-03     0.911027E-03     0.454278E-03     0.409402E-03
  0.422348E-03     0.559727E-03     0.597287E-03     0.379082E-03     0.633361E-03
  0.364599E-03     0.433445E-03     0.507694E-03     0.785895E-03     0.436477E-03
  0.513844E-03     0.421833E-03     0.421096E-03     0.186010E-02     0.534466E-03
  0.100592E-02     0.817968E-03     0.487006E-03     0.111909E-02     0.392242E-03
  0.521533E-03     0.715566E-03     0.345834E-03     0.533004E-03     0.532155E-03
  0.929121E-03     0.596735E-03     0.618665E-03     0.763362E-03     0.432189E-03
  0.352716E-03     0.319625E-03     0.223084E-02     0.202929E-02     0.418026E-03
  0.372587E-03     0.421051E-03     0.792304E-03     0.512767E-03     0.487505E-03
  0.910145E-03     0.267236E-02     0.357389E-03     0.559494E-03     0.372402E-03
  0.152398E-02     0.460740E-03     0.409864E-03     0.763058E-03     0.579783E-03
  0.469892E-03     0.471429E-03     0.578593E-03     0.547041E-03     0.395389E-03
  0.644933E-03     0.841686E-03     0.956661E-03     0.450588E-03     0.532899E-03
  0.445718E-03     0.428194E-03     0.310133E-03     0.392347E-03     0.583242E-03
  0.477871E-03     0.567564E-03     0.461466E-03     0.501840E-03     0.506402E-03
  0.350391E-03     0.404468E-03     0.336909E-03     0.420371E-03     0.340687E-03
  0.299954E-03     0.417550E-03     0.126676E-02     0.178794E-02     0.147641E-02
  0.904186E-03     0.386364E-03     0.344550E-03     0.342151E-03     0.340970E-03
  0.129404E-02     0.894112E-03     0.634767E-03     0.354895E-03     0.313811E-03
  0.288673E-03     0.370229E-03     0.364156E-03     0.449377E-03     0.345546E-03
  0.182562E-02     0.313514E-03     0.433378E-03     0.902109E-03     0.616279E-03
  0.132763E-02     0.595137E-03     0.393500E-03     0.288414E-03     0.266383E-02
  0.432983E-03     0.162662E-02     0.410464E-03     0.517632E-03     0.207851E-02
  0.156852E-02     0.313255E-03     0.349150E-03     0.117900E-02     0.461870E-03
  0.484466E-03     0.549982E-03     0.416751E-03     0.314520E-03     0.433841E-03
  0.179941E-02     0.436296E-03     0.126310E-02     0.874096E-03     0.720871E-03
  0.193166E-02     0.677244E-03     0.333908E-03     0.364093E-03     0.365162E-03
  0.388725E-03     0.403058E-03     0.614461E-03     0.357363E-03     0.555959E-03
  0.619051E-03     0.813012E-03     0.306818E-03     0.116676E-02     0.402542E-03
  0.616968E-03     0.172588E-02     0.246806E-02     0.337802E-03     0.262863E-02
  0.529255E-03     0.298156E-03     0.683600E-03     0.591158E-03     0.321893E-03
  0.633531E-03     0.383756E-03     0.449727E-03     0.878967E-03     0.171103E-02
  0.904081E-03     0.773143E-03     0.300311E-03     0.471631E-03     0.299674E-02
  0.486772E-03     0.675390E-03     0.332917E-03     0.405110E-03     0.317301E-03
  0.577040E-03     0.337683E-03     0.347085E-03     0.388986E-03     0.409955E-03
  0.400577E-03     0.676660E-03     0.343015E-03     0.405541E-03     0.301570E-03
  0.345178E-03     0.552249E-03     0.543040E-03     0.867194E-03     0.291394E-03
  0.510355E-03     0.359461E-03     0.556458E-03     0.343403E-03     0.561618E-03
  0.442374E-03     0.320915E-03     0.295483E-03     0.320005E-03     0.529300E-03
  0.760814E-03     0.465656E-03     0.933429E-03     0.814778E-03     0.365192E-03
  0.366981E-03     0.369818E-03     0.391840E-03     0.339776E-03     0.551673E-03
  0.605243E-03     0.744749E-03     0.639396E-03     0.502822E-03     0.452372E-03
  0.445040E-03     0.475302E-03     0.353202E-03     0.612865E-03     0.470015E-03
  0.499236E-03     0.355794E-03     0.575203E-03     0.275901E-03     0.351283E-03
  0.407473E-03     0.542510E-03     0.362492E-03     0.509222E-03     0.377666E-03
  0.339972E-03     0.343117E-03     0.490827E-03     0.407060E-03     0.316507E-03
  0.571752E-03     0.503474E-03     0.519663E-03     0.317406E-03     0.406878E-03
  0.458719E-03     0.608970E-03     0.536540E-03     0.457731E-03     0.703781E-03
  0.398697E-03     0.595618E-03     0.434943E-03     0.352352E-03     0.492600E-03
  0.347151E-03     0.471073E-03     0.694652E-03     0.548777E-03     0.340458E-03
  0.592371E-03     0.460819E-03     0.391018E-03     0.387742E-03     0.493858E-03
  0.499066E-03     0.342585E-03     0.426536E-03     0.797568E-03     0.687473E-03
  0.467064E-03     0.670754E-03     0.412837E-03     0.492676E-03     0.431885E-03
  0.607620E-03     0.429733E-03     0.488519E-03     0.521778E-03     0.943953E-03
  0.631534E-03     0.666380E-03     0.611466E-03     0.623888E-03     0.495023E-03
  0.425709E-03     0.588407E-03     0.506561E-03     0.792167E-03     0.721877E-03
  0.596113E-03     0.673289E-03     0.960548E-03     0.537763E-03     0.548274E-03
  0.524188E-03     0.656406E-03     0.425672E-03     0.498102E-03     0.577856E-03
  0.720524E-03     0.669563E-03     0.484850E-03     0.476963E-03     0.879227E-03
  0.540540E-03     0.504616E-03     0.493570E-03     0.641314E-03     0.438968E-03
  0.104494E-02     0.107710E-02     0.497665E-03     0.508072E-03     0.447577E-03
  0.775270E-03     0.628989E-03     0.688931E-03     0.619798E-03     0.573076E-03
  0.711659E-03     0.576716E-03     0.750319E-03     0.850911E-03     0.106659E-02
  0.649468E-03     0.595943E-03     0.788474E-03     0.684161E-03     0.724345E-03
  0.616111E-03     0.555378E-03     0.784358E-03     0.886729E-03     0.759440E-03
  0.503703E-03     0.540043E-03     0.578666E-03     0.604562E-03     0.627773E-03
  0.706752E-03     0.742075E-03     0.331736E-03     0.804008E-03     0.554708E-03
  0.506842E-03     0.638262E-03     0.585097E-03     0.565603E-03     0.700266E-03
  0.575399E-03     0.372596E-03     0.847403E-03     0.788611E-03     0.757144E-03
  0.730874E-03     0.684721E-03     0.531518E-03     0.652605E-03     0.668973E-03
  0.640798E-03     0.697560E-03     0.706561E-03     0.780192E-03     0.757191E-03
  0.684042E-03     0.481582E-03     0.548360E-03     0.704521E-03     0.691290E-03
  0.720435E-03     0.671280E-03     0.607723E-03     0.712648E-03     0.568665E-03
  0.806680E-03     0.633905E-03     0.847677E-03     0.716136E-03     0.447330E-03
  0.414684E-03     0.559847E-03     0.114422E-02     0.521225E-03     0.547545E-03
  0.667882E-03     0.781677E-03     0.661391E-03     0.733997E-03     0.852306E-03
  0.782540E-03     0.753418E-03     0.796826E-03     0.627770E-03     0.757031E-03
  0.551475E-03     0.636003E-03     0.665007E-03     0.858464E-03     0.782155E-03
  0.870986E-03     0.707055E-03     0.631619E-03     0.777260E-03     0.693940E-03
  0.994351E-03     0.497346E-03     0.890385E-03     0.637376E-03     0.703452E-03
  0.662369E-03     0.536378E-03     0.674099E-03     0.101840E-02     0.722922E-03
  0.704665E-03     0.712015E-03     0.600558E-03     0.639097E-03     0.745922E-03
  0.114184E-02     0.656304E-03     0.711532E-03     0.776904E-03     0.743659E-03
  0.727172E-03     0.758571E-03     0.111354E-02     0.927851E-03     0.685895E-03
  0.956254E-03     0.774409E-03     0.797080E-03     0.910215E-03     0.657924E-03
  0.639328E-03     0.691236E-03     0.743507E-03     0.665578E-03     0.111429E-02
  0.105038E-02     0.852830E-03     0.724320E-03     0.864908E-03     0.101227E-02
  0.782891E-03     0.125889E-02     0.634579E-03     0.676279E-03     0.577750E-03
  0.475208E-03     0.107222E-02     0.928149E-03     0.718337E-03     0.938968E-03
  0.874302E-03     0.879096E-03     0.542923E-03     0.660996E-03     0.861906E-03
  0.520096E-03     0.769436E-03     0.845102E-03     0.611337E-03     0.643530E-03
  0.954852E-03     0.114313E-02     0.487853E-03     0.729681E-03     0.670244E-03
  0.616843E-03     0.624897E-03     0.486948E-03     0.499592E-03     0.881362E-03
  0.747963E-03     0.787679E-03     0.934863E-03     0.828665E-03     0.786815E-03
  0.888042E-03     0.614677E-03     0.619774E-03     0.636388E-03     0.113460E-02
  0.718918E-03     0.775034E-03     0.541584E-03     0.644104E-03     0.490348E-03
  0.622353E-03     0.502699E-03     0.473865E-03     0.577399E-03     0.462039E-03
  0.354983E-03     0.498345E-03     0.556086E-03     0.490545E-03     0.587429E-03
  0.615236E-03     0.438013E-03     0.478310E-03     0.563894E-03     0.589735E-03
  0.567828E-03     0.556570E-03     0.464203E-03     0.604988E-03     0.525660E-03
  0.526379E-03     0.507838E-03     0.581642E-03     0.634569E-03     0.530639E-03
  0.803926E-03     0.901462E-03     0.865606E-03     0.582554E-03     0.587277E-03
  0.454700E-03     0.720281E-03     0.631626E-03     0.617130E-03     0.803146E-03
  0.663772E-03     0.627527E-03     0.404954E-03     0.696631E-03     0.528477E-03
  0.387019E-03     0.515349E-03     0.766165E-03     0.692452E-03     0.859220E-03
  0.663374E-03     0.455175E-03     0.804425E-03     0.718759E-03     0.821768E-03
  0.629823E-03     0.706415E-03     0.789877E-03     0.546926E-03     0.487153E-03
  0.726159E-03     0.561591E-03     0.662347E-03     0.674425E-03     0.607071E-03
  0.619414E-03     0.621948E-03     0.698795E-03     0.663111E-03     0.593911E-03
  0.632489E-03     0.568130E-03     0.733508E-03     0.543959E-03     0.103665E-02
  0.712088E-03     0.688391E-03     0.658414E-03     0.646132E-03     0.494182E-03
  0.561704E-03     0.808689E-03     0.729111E-03     0.594196E-03     0.665628E-03
  0.496210E-03     0.663728E-03     0.765724E-03     0.628271E-03     0.692147E-03
  0.710372E-03     0.692692E-03     0.634427E-03     0.750855E-03     0.649226E-03
  0.673107E-03     0.568017E-03     0.597317E-03     0.512906E-03     0.503301E-03
  0.654402E-03     0.446500E-03     0.598830E-03     0.433660E-03     0.561527E-03
  0.584942E-03     0.618535E-03     0.580343E-03     0.643116E-03     0.539302E-03
  0.667447E-03     0.590327E-03     0.678260E-03     0.746816E-03     0.652512E-03
  0.624488E-03     0.720024E-03     0.575716E-03     0.545110E-03     0.630875E-03
  0.623487E-03     0.765406E-03     0.675232E-03     0.618723E-03     0.600861E-03
  0.596236E-03     0.612711E-03     0.619896E-03     0.622784E-03     0.566371E-03
  0.641112E-03     0.502483E-03     0.571280E-03     0.627775E-03     0.900808E-03
  0.590327E-03     0.750898E-03     0.712642E-03     0.598081E-03     0.590792E-03
  0.753404E-03     0.701850E-03     0.709410E-03     0.513835E-03     0.495349E-03
  0.736163E-03     0.592701E-03     0.603742E-03     0.609138E-03     0.564872E-03
  0.594803E-03     0.604428E-03     0.527599E-03     0.590251E-03     0.591922E-03
  0.564576E-03     0.587961E-03     0.569817E-03     0.589506E-03     0.671192E-03
  0.616859E-03     0.679511E-03     0.667854E-03     0.659467E-03     0.750263E-03
  0.713442E-03     0.703043E-03     0.893652E-03     0.744816E-03     0.696933E-03
  0.695485E-03     0.687964E-03     0.717543E-03     0.725418E-03     0.617856E-03
  0.610116E-03     0.608359E-03     0.599031E-03     0.614333E-03     0.700300E-03
  0.708729E-03     0.892910E-03     0.715275E-03     0.875146E-03     0.683702E-03
  0.586299E-03     0.716727E-03     0.927298E-03     0.717233E-03     0.688446E-03
  0.701189E-03     0.691876E-03     0.758986E-03     0.774870E-03     0.778276E-03
  0.780690E-03     0.718729E-03     0.844200E-03     0.778943E-03     0.764638E-03
  0.661878E-03     0.739243E-03     0.681498E-03     0.809418E-03     0.791041E-03
  0.651638E-03     0.784310E-03     0.755584E-03     0.721233E-03     0.866744E-03
  0.621415E-03     0.671909E-03     0.689225E-03     0.793947E-03     0.707359E-03
  0.761168E-03     0.755835E-03     0.781967E-03     0.777909E-03     0.766591E-03
  0.793789E-03     0.790609E-03     0.790802E-03     0.660150E-03     0.741594E-03
  0.914573E-03     0.885181E-03     0.929089E-03     0.734552E-03     0.825753E-03
  0.917419E-03     0.866771E-03     0.822195E-03     0.849842E-03     0.860898E-03
  0.850377E-03     0.844284E-03     0.912314E-03     0.986699E-03     0.946368E-03
  0.889749E-03     0.847488E-03     0.808479E-03     0.778280E-03     0.742157E-03
  0.737915E-03     0.816867E-03     0.774109E-03     0.810665E-03     0.810069E-03
  0.741766E-03     0.796029E-03     0.926769E-03     0.800509E-03     0.842685E-03
  0.747342E-03     0.834293E-03     0.767011E-03     0.933842E-03     0.950881E-03
  0.920397E-03     0.742405E-03     0.101680E-02     0.111644E-02     0.872069E-03
  0.107161E-02     0.905714E-03     0.942032E-03     0.109553E-02     0.942539E-03
  0.811227E-03     0.840269E-03     0.103755E-02     0.884856E-03     0.767674E-03
  0.773941E-03     0.869926E-03     0.841339E-03     0.112406E-02     0.867801E-03
  0.908442E-03     0.973502E-03     0.101925E-02     0.975949E-03     0.790813E-03
  0.798401E-03     0.116642E-02     0.113807E-02     0.990034E-03     0.789246E-03
  0.103250E-02     0.828989E-03     0.106421E-02     0.795313E-03     0.672225E-03
  0.954990E-03     0.882746E-03     0.978398E-03     0.856792E-03     0.872720E-03
  0.870797E-03     0.898338E-03     0.780204E-03     0.691301E-03     0.840134E-03
  0.109618E-02     0.879268E-03     0.785012E-03     0.718051E-03     0.817529E-03
  0.808026E-03     0.693699E-03     0.907090E-03     0.769511E-03     0.106300E-02
  0.879975E-03     0.820068E-03     0.661341E-03     0.721256E-03     0.102438E-02
  0.700733E-03     0.646320E-03     0.710909E-03     0.770721E-03     0.592998E-03
  0.785276E-03     0.644072E-03     0.711216E-03     0.522915E-03     0.786898E-03
  0.116120E-02     0.921940E-03     0.964060E-03     0.798177E-03     0.887128E-03
  0.887345E-03     0.113305E-02     0.940181E-03     0.802969E-03     0.853241E-03
  0.104029E-02     0.866977E-03     0.897048E-03     0.872442E-03     0.111954E-02
  0.882827E-03     0.992719E-03     0.883121E-03     0.700863E-03     0.100875E-02
  0.146903E-02     0.138772E-02     0.977158E-03     0.112483E-02     0.113942E-02
  0.106057E-02     0.976832E-03     0.805203E-03     0.618152E-03     0.804196E-03
  0.793089E-03     0.738673E-03     0.612840E-03     0.756205E-03     0.861038E-03
  0.837335E-03     0.931675E-03     0.103851E-02     0.114654E-02     0.113440E-02
  0.827413E-03     0.770749E-03     0.782529E-03     0.821217E-03     0.795519E-03
  0.105500E-02     0.768562E-03     0.858028E-03     0.706654E-03     0.134559E-02
  0.152527E-02     0.973964E-03     0.764013E-03     0.826515E-03     0.997251E-03
  0.124447E-02     0.825915E-03     0.980102E-03     0.920503E-03     0.814259E-03
  0.971980E-03     0.100092E-02     0.160916E-02     0.154518E-02     0.112395E-02
  0.998652E-03     0.166089E-02     0.150425E-02     0.151238E-02     0.104349E-02
  0.111058E-02     0.126505E-02     0.116549E-02     0.859197E-03     0.131359E-02
  0.982324E-03     0.106696E-02     0.905334E-03     0.821703E-03     0.121878E-02
  0.103496E-02     0.903564E-03     0.989701E-03     0.101444E-02     0.139389E-02
  0.148889E-02     0.110304E-02     0.116224E-02     0.983808E-03     0.205879E-02
  0.805606E-03     0.132977E-02     0.696342E-03     0.170622E-02     0.836148E-03
  0.918341E-03     0.881389E-03     0.107787E-02     0.863695E-03     0.887944E-03
  0.671494E-03     0.634765E-03     0.130075E-02     0.153996E-02     0.152765E-02
  0.121036E-02     0.773276E-03     0.115061E-02     0.826037E-03     0.783195E-03
  0.101566E-02     0.913348E-03     0.101764E-02     0.103117E-02     0.699761E-03
  0.885102E-03     0.194158E-02     0.128783E-02     0.113351E-02     0.122498E-02
  0.917663E-03     0.159020E-02     0.105439E-02     0.113787E-02     0.106034E-02
  0.815399E-03     0.111398E-02     0.978052E-03     0.966415E-03     0.974849E-03
  0.118796E-02     0.838401E-03     0.897609E-03     0.723041E-03     0.125859E-02
  0.949131E-03     0.922914E-03     0.974156E-03     0.104088E-02     0.106916E-02
  0.719335E-03     0.114346E-02     0.765461E-03     0.129311E-02     0.113107E-02
  0.125949E-02     0.112263E-02     0.152177E-02     0.124457E-02     0.459197E-03
  0.858404E-03     0.859703E-03     0.101969E-02     0.120337E-02     0.653443E-03
  0.169783E-02     0.314944E-02     0.270273E-02     0.402081E-02     0.631072E-02
  0.299859E-02     0.482913E-02     0.413157E-02     0.941895E-02     0.320007E-02
  0.410409E-02     0.108915E-01     0.104940E-01     0.107831E-01     0.115326E-01
  0.170655E-01     0.181180E-01     0.187948E-01     0.323276E-01     0.231368E-01
  0.225836E-01     0.222142E-01     0.296044E-01     0.254355E-01     0.300234E-01
  0.337839E-01     0.325393E-01     0.326943E-01     0.312107E-01     0.486797E-01
  0.455834E-01     0.683610E-01     0.409112E-01     0.371271E-01     0.503743E-01
  0.544061E-01     0.448349E-01     0.106048E+00     0.601203E-01     0.442735E-01
  0.561997E-01     0.133737E+00     0.111492E+00     0.857545E-01     0.120840E+00
  0.785355E-01     0.109156E+00     0.153270E+00     0.115463E+00     0.171945E+00
  0.124663E+00     0.182599E+00     0.208704E+00     0.205385E+00     0.242115E+00
  0.239036E+00     0.227294E+00     0.564260E+00
 eigen energies, in ev
    -44.619932       -44.511814       -44.406099       -44.062637       -44.054241
    -28.896231       -28.858296       -28.696605       -28.678121       -28.622254
    -28.604638       -28.552099       -28.542613       -28.539378       -28.510008
    -28.491261       -28.481996       -28.436108       -28.326457       -28.213552
    -28.203093       -28.181026       -28.174158       -28.169119       -28.160402
    -28.158936       -28.151285       -28.137631       -28.115334       -28.082280
    -28.047471       -28.011077       -28.003333       -27.959321       -27.933630
    -27.919537       -27.810543       -27.788887       -27.753205       -27.693592
    -27.640765       -27.638812       -27.628504       -27.623121       -27.615143
    -27.595664       -27.549457       -27.548255       -27.532841       -27.519008
    -27.515477       -27.462256       -27.421946       -27.404930       -27.377271
    -27.371756       -27.336732       -27.324057       -27.317652       -27.282733
    -27.226613       -27.199095       -27.196951       -27.127162       -27.121633
    -27.114527       -27.096450       -27.086329       -27.084398       -27.050176
    -27.023834       -26.837610       -26.726267       -26.689486       -26.656183
    -26.653961       -26.609180       -26.590470       -26.569429       -26.559928
    -26.552408       -26.528700       -26.518434       -26.465387       -26.461147
    -26.459501       -26.449523       -26.406086       -26.374307       -26.369865
    -26.348879       -26.277038       -26.264135       -26.174760       -26.170274
    -26.144422       -26.133354       -26.094673       -26.082734       -26.067455
    -26.030951       -26.028422       -26.023461       -26.008254       -26.000094
    -25.978909       -25.974593       -25.963214       -25.943232       -25.929239
    -25.913707       -25.900593       -25.878806       -25.872029       -25.861947
    -25.856394       -25.851481       -25.840823       -25.830546       -25.786008
    -25.740086       -25.716363       -25.664859       -25.605967       -25.543125
    -25.484463       -25.458629       -25.440353       -25.415979       -25.312488
    -25.194919       -25.135677       -25.104739       -24.998860       -24.989876
    -24.323906       -24.100418       -23.969275       -23.757609       -23.725462
    -23.704639       -23.619884       -23.591068       -23.380945       -23.376899
    -23.354610       -23.347495       -23.321230       -23.294359       -23.193255
    -23.189427       -23.119737       -23.111503       -23.034934       -23.026908
    -23.003091       -22.998986       -22.986926       -22.980881       -22.892129
    -22.872065       -22.737108       -22.480265       -22.425100       -22.410595
    -22.380901       -22.364796       -22.275029       -22.041340       -21.873906
    -21.690026       -21.681202       -21.639309       -21.497419       -21.481277
    -21.403163       -21.298591       -21.184671       -21.088892       -21.056852
    -21.053018       -21.046857       -21.027911       -21.017188       -20.994668
    -20.940634       -20.867960       -20.741847       -20.644309       -20.429122
    -18.623918       -18.314847       -18.188944       -18.150139       -18.078564
    -16.414652       -16.103625       -15.940837       -15.930950       -15.910900
    -15.866235       -15.799669       -15.794415       -15.734512       -15.615505
    -15.591942       -15.558812       -15.426485       -15.404830       -15.390221
    -15.319671       -15.229630       -15.153418       -15.134955       -15.073238
    -15.030355       -14.973878       -14.843764       -14.815087       -14.768912
    -14.699902       -14.672783       -14.620612       -14.601660       -14.553943
    -14.500580       -14.462581       -14.433840       -14.422162       -14.347497
    -14.346958       -14.306339       -14.259148       -14.221105       -14.180851
    -13.873951       -13.763703       -13.743301       -13.688259       -13.595415
    -13.569171       -13.560871       -13.556450       -13.462781       -13.427760
    -13.425919       -13.417781       -13.388868       -13.371516       -13.355203
    -13.332394       -13.314096       -13.280196       -13.234697       -13.229872
    -13.200703       -13.185644       -13.177714       -13.155422       -13.145905
    -13.080328       -13.073488       -12.888172       -12.884265       -12.664032
    -12.449496       -12.262845       -12.250644       -12.231236       -12.164064
    -12.063194       -11.996383       -11.949462       -11.939680       -11.910341
    -11.904422       -11.899764       -11.884264       -11.860249       -11.797262
    -11.717826       -11.710102       -11.680966       -11.620973       -11.605010
    -11.601410       -11.518212       -11.499271       -11.495376       -11.493959
    -11.475850       -11.468200       -11.445836       -11.427915       -11.413886
    -11.361962       -11.337294       -11.309652       -11.278515       -11.252013
    -11.246369       -11.227375       -10.958097       -10.941514       -10.912918
    -10.892321       -10.880730       -10.865666       -10.837678       -10.809174
    -10.780673       -10.777480       -10.718655       -10.700297       -10.644439
    -10.618909       -10.605555       -10.596192       -10.554243       -10.538669
    -10.523318       -10.512834       -10.501724       -10.488342       -10.480045
    -10.465714       -10.456657       -10.449443       -10.431742       -10.422267
    -10.393243       -10.377924       -10.372375       -10.316227       -10.303627
    -10.291045       -10.288028       -10.278754       -10.259100       -10.255863
    -10.250822       -10.245763       -10.240740       -10.228322       -10.205924
    -10.191417       -10.165372       -10.142279       -10.134863       -10.131851
    -10.124503       -10.113349       -10.096129       -10.092160       -10.084733
    -10.062899       -10.057436       -10.043656       -10.033716        -9.997720
     -9.993223        -9.986308        -9.976343        -9.971808        -9.959485
     -9.950362        -9.944451        -9.928024        -9.926753        -9.917510
     -9.912120        -9.893623        -9.880317        -9.872275        -9.858730
     -9.843178        -9.828210        -9.809992        -9.799562        -9.788959
     -9.774872        -9.768608        -9.726763        -9.677438        -9.651751
     -9.645111        -9.640080        -9.611652        -9.602892        -9.600557
     -9.586850        -9.576980        -9.569182        -9.557740        -9.541349
     -9.533163        -9.520414        -9.468542        -9.449690        -9.446589
     -9.433933        -9.429622        -9.421196        -9.420267        -9.386514
     -9.385025        -9.371806        -9.347890        -9.329663        -9.329547
     -9.314321        -9.307214        -9.302215        -9.273046        -9.265496
     -9.256340        -9.249340        -9.228892        -9.168587        -9.167143
     -9.151961        -9.141264        -9.129327        -9.120149        -9.089090
     -9.069912        -9.065384        -9.056360        -9.046782        -9.039116
     -9.028760        -9.012213        -9.000414        -8.991828        -8.982654
     -8.968507        -8.963108        -8.938243        -8.920633        -8.910282
     -8.893919        -8.876020        -8.855862        -8.847672        -8.836250
     -8.823790        -8.813721        -8.802057        -8.796332        -8.787665
     -8.765956        -8.760399        -8.742560        -8.736384        -8.725691
     -8.722180        -8.706040        -8.682901        -8.657943        -8.650322
     -8.644640        -8.633541        -8.627945        -8.606435        -8.593125
     -8.555196        -8.509516        -8.460066        -8.452398        -8.425782
     -8.396094        -8.387233        -8.346224        -8.331088        -8.313751
     -8.310713        -8.295998        -8.287034        -8.280011        -8.277507
     -8.265977        -8.255938        -8.247604        -8.191726        -8.168559
     -8.084133        -8.074458        -8.043481        -8.031420        -7.991002
     -7.986729        -7.948328        -7.933484        -7.917370        -7.863686
     -7.813808        -7.804719        -7.791785        -7.776616        -7.751250
     -7.743460        -7.737775        -7.728687        -7.714174        -7.679801
     -7.666030        -7.648273        -7.630053        -7.597285        -7.584479
     -7.522998        -7.518260        -7.515370        -7.460815        -7.412358
     -7.399680        -7.380010        -7.373887        -7.360077        -7.334866
     -7.331256        -7.317573        -7.292883        -7.258950        -7.248496
     -7.240015        -7.204033        -7.186351        -7.166932        -7.166249
     -7.151030        -7.147427        -7.130261        -7.122000        -7.108527
     -7.095884        -7.092625        -7.051885        -7.044584        -7.033983
     -7.013274        -7.002419        -6.989781        -6.949330        -6.936809
     -6.877288        -6.876351        -6.866561        -6.863421        -6.845425
     -6.843760        -6.826394        -6.810657        -6.804005        -6.791244
     -6.780514        -6.773955        -6.765651        -6.757008        -6.747157
     -6.739940        -6.730892        -6.722213        -6.694887        -6.688342
     -6.683284        -6.672131        -6.666073        -6.650996        -6.631529
     -6.618762        -6.604204        -6.592311        -6.567950        -6.560801
     -6.549004        -6.543797        -6.536233        -6.509149        -6.494985
     -6.484735        -6.479215        -6.474803        -6.451673        -6.449575
     -6.431809        -6.418795        -6.412914        -6.407723        -6.398314
     -6.396910        -6.391936        -6.371286        -6.369229        -6.355398
     -6.339539        -6.312636        -6.300039        -6.289950        -6.287108
     -6.276560        -6.265021        -6.253273        -6.252080        -6.227824
     -6.226846        -6.217418        -6.208075        -6.203932        -6.185765
     -6.174428        -6.169738        -6.153978        -6.148298        -6.123424
     -6.116152        -6.092753        -6.067726        -6.066001        -6.056588
     -6.054327        -6.048812        -6.039180        -6.035016        -6.027305
     -6.019712        -6.018409        -6.004812        -5.994647        -5.985521
     -5.980724        -5.970128        -5.964256        -5.961989        -5.958551
     -5.948096        -5.938085        -5.916712        -5.906539        -5.899577
     -5.898605        -5.886857        -5.884335        -5.869800        -5.867347
     -5.858063        -5.848307        -5.839608        -5.829767        -5.825873
     -5.813001        -5.809680        -5.792808        -5.784571        -5.781904
     -5.780394        -5.776758        -5.770823        -5.765475        -5.761512
     -5.749622        -5.742993        -5.737315        -5.734787        -5.729920
     -5.712802        -5.697511        -5.690632        -5.689349        -5.678619
     -5.675099        -5.662229        -5.656027        -5.644891        -5.642948
     -5.637594        -5.627366        -5.621963        -5.610793        -5.608372
     -5.605636        -5.590024        -5.588958        -5.585097        -5.580107
     -5.569772        -5.567534        -5.558199        -5.543979        -5.533223
     -5.532032        -5.526318        -5.516058        -5.513428        -5.507459
     -5.505545        -5.500810        -5.489475        -5.481735        -5.473309
     -5.465286        -5.458763        -5.452805        -5.443258        -5.437898
     -5.428285        -5.414728        -5.404763        -5.400489        -5.394784
     -5.384600        -5.373064        -5.366216        -5.358234        -5.354703
     -5.350684        -5.338616        -5.332657        -5.325287        -5.317838
     -5.310312        -5.300992        -5.290932        -5.284386        -5.275619
     -5.269054        -5.252871        -5.251296        -5.243825        -5.236997
     -5.235808        -5.228401        -5.220791        -5.212726        -5.207112
     -5.203136        -5.195687        -5.189721        -5.187288        -5.184714
     -5.180104        -5.174657        -5.166762        -5.165131        -5.158686
     -5.155009        -5.142118        -5.131786        -5.126261        -5.120224
     -5.116842        -5.107643        -5.102468        -5.094045        -5.090852
     -5.087624        -5.084656        -5.081505        -5.070533        -5.064435
     -5.060417        -5.049288        -5.042453        -5.015167        -5.009884
     -5.005352        -4.995938        -4.993155        -4.982946        -4.978145
     -4.961342        -4.960141        -4.958361        -4.949728        -4.941899
     -4.931627        -4.924235        -4.918310        -4.910775        -4.896019
     -4.890626        -4.888256        -4.881413        -4.872639        -4.867776
     -4.865711        -4.849689        -4.843609        -4.836450        -4.826455
     -4.824215        -4.818817        -4.812650        -4.807811        -4.801988
     -4.796706        -4.796050        -4.786960        -4.784837        -4.775931
     -4.761287        -4.755586        -4.744681        -4.732881        -4.727360
     -4.705321        -4.691806        -4.677599        -4.668716        -4.655993
     -4.651761        -4.638959        -4.631385        -4.615200        -4.601673
     -4.595590        -4.580389        -4.553378        -4.546140        -4.542488
     -4.532395        -4.527260        -4.511288        -4.510574        -4.506968
     -4.495994        -4.476874        -4.458295        -4.439628        -4.435793
     -4.412704        -4.402811        -4.388944        -4.353788        -4.352262
     -4.334606        -4.320793        -4.314963        -4.280018        -4.278794
     -4.258069        -4.244164        -4.224389        -4.210519        -4.187238
     -4.176711        -4.167345        -4.157701        -4.155835        -4.134070
     -4.125329        -4.114594        -4.091585        -4.075020        -4.069849
     -4.058145        -4.043483        -4.031004        -4.000976        -3.975989
     -3.959256        -3.875835        -3.859341        -3.845881        -3.828646
     -3.801349        -3.784773        -3.771263        -3.759238        -3.727444
     -3.718493        -3.701314        -3.693946        -3.663025        -3.640507
     -3.631331        -3.608298        -3.594634        -3.582714        -3.579117
     -3.564761        -3.522646        -3.506326        -3.501458        -3.485543
     -3.468317        -3.453084        -3.440363        -3.409642        -3.396650
     -3.393045        -3.388071        -3.383177        -3.354573        -3.341381
     -3.306909        -3.298900        -3.289463        -3.277814        -3.262120
     -3.257429        -3.249629        -3.237280        -3.228458        -3.218325
     -3.179465        -3.174527        -3.161870        -3.150690        -3.134453
     -3.126414        -3.107739        -3.090574        -3.084119        -3.075085
     -3.066942        -3.039708        -3.034816        -3.008087        -2.992727
     -2.967117        -2.944878        -2.930078        -2.913665        -2.907352
     -2.874123        -2.869856        -2.862300        -2.832046        -2.807865
     -2.784655        -2.782061        -2.761977        -2.723885        -2.703973
     -2.699338        -2.688838        -2.633565        -2.632257        -2.622489
     -2.612568        -2.600182        -2.581126        -2.571326        -2.501414
     -2.481476        -2.462789        -2.457447        -2.451221        -2.429081
     -2.415625        -2.401626        -2.399595        -2.335383        -2.303068
     -2.295800        -2.288890        -2.254591        -2.244433        -2.169027
     -2.164031        -2.138637        -2.077282        -2.020700        -2.000466
     -1.979504        -1.971864        -1.932704        -1.833618        -1.724695
      2.383612         2.566776         2.715496         2.775873         2.820625
      2.920767         3.133254         3.147488         3.229534         3.291505
      3.342791         3.397137         3.432251         3.511427         3.545559
      3.582973         3.628285         3.693120         3.747556         3.769482
      3.785759         3.823144         3.857634         3.865622         3.898900
      3.939148         3.953234         3.974026         3.996187         4.038002
      4.078738         4.098692         4.104475         4.153864         4.164719
      4.182288         4.195858         4.214772         4.224229         4.230404
      4.279058         4.295874         4.319713         4.342405         4.350489
      4.372163         4.409246         4.448198         4.459177         4.491463
      4.504890         4.534429         4.558869         4.568432         4.604292
      4.643195         4.662355         4.676961
 *********************************
 sum eigen(dbl occ, ryd)=  -1543.80010187444     
 *********************************
 Ef(eV)= -0.306357248394328     
 ***************************************************
 iter=          23
 ---------------------------------------------------
 dvE, dvE(n)-dvE(n-1) = 0.7912E-06 -.3741E-06
 dv_ave, drho_tot     = 0.8895E-03 0.2453E-03
 err of ug            = 0.5502E-04
 ---------------------------------------------------
 Ewald        = -.41116881944013E+05
 Alpha        = 0.15207970391171E+04
 E_extV       = 0.00000000000000E+00    0.0000E+00
 E_NSC        = -.21456343081919E+05    0.7242E+00
 E[-rho*V_Hxc]= -.12384729490070E+06    -.7206E+00
 E_Hxc        = 0.51998223819946E+05    0.7313E+00
 -TS          = -.35505862133968E-26    0.0000E+00
 E_tot(eV)    = -.13290149906757E+06    0.3597E-02
 ---------------------------------------------------
 E_ion,E_coul,E_xc =   -224690.1792988   80796.2655786  -28798.0417587
Ewald+Hart+ion    -0.1850107956642E+06
 ave(vtot)=ave_(V_xc)=: v0= -0.283040181702438     
 Eigen energies are values after setting ave_vtot=0
 ----------------------------------
--E_kin+E_nonloc(from Etotcalc)--  0.7938654132E+05
 TEST fatom (local and nlocal)         460
 0.511598E+02 -0.281739E+02 -0.862492E+00   -0.507935E+02  0.281574E+02  0.136913E+01
 0.117833E+02  0.505095E+02 -0.356945E+02   -0.118306E+02 -0.492782E+02  0.354906E+02
 0.593124E+01 -0.607411E+02  0.557502E+01   -0.616945E+01  0.611971E+02 -0.548467E+01
 0.264522E+02  0.153133E+02 -0.533899E+02   -0.263862E+02 -0.152077E+02  0.531053E+02
 0.563952E+01 -0.540014E+02  0.294802E+02   -0.524419E+01  0.543427E+02 -0.291016E+02
 0.274632E+02  0.465202E+02  0.317642E+02   -0.266839E+02 -0.470495E+02 -0.323781E+02
-0.108734E+02  0.558435E+02 -0.954179E+01    0.114317E+02 -0.567571E+02  0.941941E+01
-0.307610E+02 -0.380059E+02 -0.512858E+02    0.291970E+02  0.368863E+02  0.494703E+02
 0.502333E+01  0.409272E+02  0.618746E+02   -0.393415E+01 -0.379769E+02 -0.590012E+02
 0.555293E+02 -0.328954E+02 -0.111116E+02   -0.546538E+02  0.322732E+02  0.112771E+02
 0.992560E+00 -0.391419E+02  0.504336E+02   -0.149644E+01  0.385976E+02 -0.499331E+02
-0.155711E+01 -0.386389E+02 -0.577830E+02    0.199538E+01  0.377814E+02  0.562953E+02
 0.445303E+02  0.376912E+02 -0.107661E+02   -0.447662E+02 -0.375179E+02  0.108196E+02
-0.604482E+01 -0.407282E+02 -0.566638E+02    0.640830E+01  0.379414E+02  0.540650E+02
-0.116996E+02  0.240806E+02 -0.570951E+02    0.116617E+02 -0.243706E+02  0.566640E+02
-0.553761E+02 -0.258283E+02  0.230393E+02    0.546076E+02  0.249978E+02 -0.229268E+02
 0.203682E+02  0.192132E+02 -0.546775E+02   -0.193070E+02 -0.184366E+02  0.539698E+02
 0.261640E+02  0.349848E+02  0.542143E+02   -0.256845E+02 -0.331806E+02 -0.529074E+02
-0.123539E+02  0.542991E+02 -0.263632E+02    0.128883E+02 -0.540287E+02  0.271029E+02
-0.295732E+02 -0.534381E+01  0.556429E+02    0.292556E+02  0.570896E+01 -0.554437E+02
 0.608581E+02 -0.334535E+01  0.102146E+02   -0.612532E+02  0.341016E+01 -0.101492E+02
-0.296351E+02 -0.217981E+02  0.490152E+02    0.299818E+02  0.215276E+02 -0.487976E+02
-0.133081E+01 -0.627468E+02  0.221142E+02    0.904622E+00  0.618697E+02 -0.218890E+02
-0.590613E+02  0.201857E+02 -0.229727E+02    0.582588E+02 -0.201531E+02  0.232148E+02
 0.313370E+01  0.603611E+02  0.377767E+01   -0.418252E+01 -0.584434E+02 -0.409391E+01
-0.139396E+02 -0.163891E+02 -0.677381E+02    0.133827E+02  0.155400E+02  0.659358E+02
 0.228332E+01 -0.547460E+02 -0.169038E+02   -0.202987E+01  0.558059E+02  0.174469E+02
 0.116907E+02  0.296057E+01  0.588923E+02   -0.120991E+02 -0.320709E+01 -0.592870E+02
 0.832652E+01  0.252709E+02  0.639133E+02   -0.852079E+01 -0.244532E+02 -0.629357E+02
-0.502751E+02  0.210587E+01 -0.184203E+02    0.521038E+02 -0.133434E+01  0.192332E+02
 0.537885E+02  0.369484E+00  0.329807E+02   -0.531116E+02 -0.123937E+01 -0.321132E+02
 0.158731E+02 -0.233687E+02 -0.573204E+02   -0.161919E+02  0.234545E+02  0.568406E+02
-0.412308E+02 -0.110800E+02  0.461407E+02    0.407248E+02  0.122528E+02 -0.449188E+02
-0.349657E+02 -0.231860E+01 -0.415683E+02    0.359040E+02  0.240449E+01  0.419323E+02
-0.646095E+02 -0.107290E+02  0.141746E+01    0.637750E+02  0.100154E+02 -0.155823E+01
 0.426038E+01  0.558640E+02 -0.256674E+02   -0.393825E+01 -0.554515E+02  0.252090E+02
-0.427870E+02 -0.566797E+02 -0.142110E+00    0.407520E+02  0.546394E+02 -0.679439E+00
 0.428276E+02  0.105766E+01 -0.509041E+02   -0.414880E+02 -0.172387E+01  0.491693E+02
 0.675998E+02  0.170390E+02 -0.171917E+01   -0.647098E+02 -0.163675E+02  0.149492E+01
-0.237626E+02  0.434080E+02  0.317036E+02    0.235427E+02 -0.442003E+02 -0.324013E+02
 0.272182E+02 -0.211081E+02 -0.506675E+02   -0.271091E+02  0.212949E+02  0.504306E+02
-0.195447E+02 -0.545926E+02  0.346221E+02    0.186238E+02  0.528089E+02 -0.336282E+02
 0.554451E+02 -0.201409E+02  0.204282E+01   -0.567241E+02  0.196301E+02 -0.227258E+01
-0.105632E+02  0.928732E+01  0.605708E+02    0.102552E+02 -0.961621E+01 -0.613013E+02
-0.387343E+02 -0.214728E+02 -0.491742E+02    0.379212E+02  0.199361E+02  0.485109E+02
-0.319048E+02  0.880783E+01  0.510485E+02    0.318646E+02 -0.899063E+01 -0.514912E+02
 0.302913E+02  0.377760E+02  0.281527E+02   -0.317683E+02 -0.390167E+02 -0.284326E+02
 0.389115E+02 -0.714307E+01 -0.499078E+02   -0.388173E+02  0.710084E+01  0.488704E+02
-0.688638E+01 -0.215893E+02  0.571212E+02    0.660411E+01  0.220162E+02 -0.557159E+02
-0.362671E+02 -0.446100E+02 -0.328688E+02    0.354949E+02  0.437522E+02  0.314811E+02
-0.609525E+02 -0.199476E+01  0.225676E+02    0.586578E+02  0.934158E+00 -0.232464E+02
 0.257863E+01  0.438795E+02 -0.487215E+02   -0.264907E+01 -0.437941E+02  0.466953E+02
 0.169687E+02 -0.622480E+02  0.156635E+02   -0.166732E+02  0.606245E+02 -0.157273E+02
 0.606459E+01  0.992845E+01 -0.623392E+02   -0.553095E+01 -0.993161E+01  0.613563E+02
-0.215870E+02  0.587757E+02  0.130483E+02    0.216480E+02 -0.587062E+02 -0.133693E+02
-0.123821E+02 -0.341450E+02  0.525787E+02    0.125777E+02  0.340852E+02 -0.517061E+02
-0.303172E+02  0.374751E+02  0.431389E+02    0.302820E+02 -0.375258E+02 -0.422327E+02
 0.411587E+02  0.417837E+02 -0.330671E+02   -0.390061E+02 -0.408191E+02  0.326254E+02
 0.650055E+02  0.691070E+01  0.219913E+02   -0.636594E+02 -0.655432E+01 -0.218296E+02
-0.457124E+01 -0.414442E+02 -0.389094E+02    0.537080E+01  0.418178E+02  0.384152E+02
-0.450621E+02  0.403944E+02 -0.231053E+02    0.454039E+02 -0.394953E+02  0.230308E+02
 0.227226E+02 -0.233192E+02 -0.452178E+02   -0.226100E+02  0.241811E+02  0.457917E+02
-0.481738E+02 -0.169144E+02 -0.214985E+02    0.496368E+02  0.179259E+02  0.223553E+02
 0.269647E+02 -0.577327E+02  0.147633E+02   -0.266654E+02  0.577890E+02 -0.142276E+02
-0.136862E+02  0.108159E+02  0.594606E+02    0.136455E+02 -0.986090E+01 -0.591391E+02
 0.248640E+02  0.492222E+02 -0.355857E+02   -0.246123E+02 -0.482841E+02  0.360370E+02
 0.459859E+02  0.173976E+02  0.240922E+02   -0.475153E+02 -0.179909E+02 -0.241820E+02
 0.249291E+02 -0.152296E+02 -0.594689E+02   -0.247970E+02  0.152315E+02  0.581708E+02
-0.388261E+02  0.475970E+02  0.216125E+01    0.387318E+02 -0.474982E+02 -0.213918E+01
 0.146987E+02 -0.112432E+02 -0.608985E+02   -0.147904E+02  0.110508E+02  0.603428E+02
 0.416859E+02 -0.495474E+02 -0.144925E+02   -0.410709E+02  0.485805E+02  0.136510E+02
 0.563371E+01  0.488260E+01  0.654875E+02   -0.624923E+01 -0.488944E+01 -0.637085E+02
 0.294458E+02 -0.234710E+02 -0.573139E+02   -0.287595E+02  0.230325E+02  0.547315E+02
-0.481646E+01  0.567668E+02 -0.226810E+01    0.506402E+01 -0.572794E+02  0.192465E+01
-0.216221E+02  0.387986E+02  0.380055E+02    0.215974E+02 -0.392461E+02 -0.380959E+02
-0.690879E+01 -0.588302E+02  0.253001E+02    0.620554E+01  0.579285E+02 -0.244487E+02
 0.535812E+02  0.481388E+02 -0.121433E+02   -0.505913E+02 -0.459900E+02  0.120207E+02
-0.296865E+02  0.809931E+01  0.579410E+02    0.292963E+02 -0.747644E+01 -0.555049E+02
-0.568071E+02 -0.818218E+01  0.742403E+01    0.583265E+02  0.877186E+01 -0.757214E+01
 0.101109E+02  0.505185E+02 -0.364614E+02   -0.105020E+02 -0.510187E+02  0.371763E+02
-0.628007E+02  0.106636E+02 -0.198851E+01    0.602466E+02 -0.107076E+02  0.137933E+01
 0.239779E+02  0.635899E+02  0.630526E+01   -0.224615E+02 -0.614626E+02 -0.539121E+01
-0.283142E+02  0.257978E+02  0.559920E+02    0.289070E+02 -0.243732E+02 -0.541520E+02
 0.676134E+02 -0.678734E+01 -0.680662E+01   -0.661966E+02  0.755478E+01  0.765313E+01
-0.124918E+02  0.433877E+02 -0.441918E+02    0.116179E+02 -0.435064E+02  0.443588E+02
 0.548051E+02  0.304170E+01 -0.333917E+01   -0.561047E+02 -0.382035E+01  0.394896E+01
 0.327601E+02 -0.317716E+02  0.467365E+02   -0.325848E+02  0.313608E+02 -0.459038E+02
-0.588977E+02 -0.197496E+01  0.888634E+01    0.589903E+02  0.238694E+01 -0.822440E+01
-0.337695E+01 -0.632795E+02  0.232345E+02    0.276521E+01  0.610225E+02 -0.227436E+02
 0.380539E+02  0.294843E+02  0.424998E+02   -0.375703E+02 -0.279923E+02 -0.393654E+02
 0.831522E+01  0.570812E+02  0.205990E+02   -0.804766E+01 -0.567150E+02 -0.204677E+02
-0.108443E+02  0.655841E+01 -0.603976E+02    0.103882E+02 -0.677557E+01  0.600674E+02
-0.288862E+02  0.159895E+02  0.602392E+02    0.287598E+02 -0.156856E+02 -0.584828E+02
-0.281450E+01  0.503534E+02 -0.367533E+02    0.327124E+01 -0.499474E+02  0.366579E+02
 0.482901E+02  0.183576E+02 -0.382010E+02   -0.486428E+02 -0.181241E+02  0.372911E+02
 0.254369E+02  0.159654E+02  0.500455E+02   -0.263582E+02 -0.171975E+02 -0.504088E+02
-0.509666E+02 -0.282549E+02 -0.829792E+01    0.508803E+02  0.286162E+02  0.823621E+01
 0.364234E+02 -0.227182E+02 -0.424550E+02   -0.364839E+02  0.230402E+02  0.419432E+02
 0.605543E+02  0.157801E+02 -0.594240E+01   -0.598930E+02 -0.158720E+02  0.682396E+01
-0.278864E+02  0.342881E+02  0.480111E+02    0.280670E+02 -0.338181E+02 -0.471461E+02
 0.157158E+02 -0.676953E+02 -0.336308E+01   -0.155367E+02  0.664606E+02  0.265719E+01
 0.443333E+02  0.222334E+02  0.144081E+02   -0.459873E+02 -0.230406E+02 -0.153025E+02
-0.439689E+02 -0.339833E+02 -0.179343E+02    0.446455E+02  0.348116E+02  0.183558E+02
-0.178262E+02  0.605508E+02 -0.464464E+01    0.175497E+02 -0.606611E+02  0.534330E+01
 0.900915E+01  0.508227E+02  0.302553E+02   -0.888103E+01 -0.497772E+02 -0.297693E+02
-0.622014E+02 -0.202913E+02  0.257638E+02    0.610434E+02  0.193578E+02 -0.260733E+02
 0.385565E+02  0.349389E+02 -0.242335E+02   -0.385151E+02 -0.354329E+02  0.243680E+02
-0.520584E+02  0.371357E+02  0.382357E+01    0.508624E+02 -0.367376E+02 -0.438923E+01
 0.547500E+02  0.266387E+02 -0.249076E+00   -0.553541E+02 -0.259602E+02  0.137907E+01
-0.125214E+02 -0.372958E+02  0.482793E+02    0.128546E+02  0.383480E+02 -0.476950E+02
-0.703937E+02 -0.801585E+01 -0.128581E+02    0.683168E+02  0.750155E+01  0.128609E+02
 0.274869E+02  0.680966E+01 -0.589006E+02   -0.268584E+02 -0.625015E+01  0.584314E+02
 0.246773E+02 -0.147023E+02  0.585086E+02   -0.238057E+02  0.152931E+02 -0.576726E+02
-0.400358E+02 -0.466243E+02 -0.873491E+01    0.389948E+02  0.447808E+02  0.801182E+01
 0.383725E+02  0.454352E+02 -0.271130E+02   -0.373548E+02 -0.441318E+02  0.262855E+02
-0.137459E+02  0.252871E+02  0.517451E+02    0.133303E+02 -0.261090E+02 -0.522630E+02
 0.457411E+02  0.364795E+02  0.153437E+02   -0.456645E+02 -0.365077E+02 -0.152678E+02
 0.245443E+02 -0.576167E+02 -0.831347E+01   -0.247289E+02  0.574693E+02  0.867053E+01
-0.398977E+02  0.494246E+02 -0.407769E+01    0.408406E+02 -0.496670E+02  0.357042E+01
 0.144701E+02 -0.243039E+02 -0.531203E+02   -0.142762E+02  0.255656E+02  0.537638E+02
 0.209088E+02 -0.415608E+02  0.208069E+02   -0.214459E+02  0.423913E+02 -0.210253E+02
 0.165776E+02 -0.324256E+01  0.474685E+02   -0.166043E+02  0.304263E+01 -0.476968E+02
-0.778154E+01  0.483650E+02  0.149451E+02    0.694517E+01 -0.481897E+02 -0.149106E+02
 0.989822E+01 -0.472504E+02 -0.303768E+02   -0.938719E+01  0.467943E+02  0.298733E+02
-0.202928E+02 -0.473421E+02 -0.983196E+01    0.200189E+02  0.474275E+02  0.981925E+01
 0.709325E+01  0.423344E+02  0.279262E+02   -0.769365E+01 -0.421930E+02 -0.278059E+02
 0.527019E+02 -0.864358E+01  0.345695E+02   -0.505970E+02  0.818564E+01 -0.325588E+02
 0.506229E+02 -0.166820E+02  0.394037E+01   -0.500558E+02  0.167059E+02 -0.339909E+01
-0.129417E+02 -0.677364E+01  0.543982E+02    0.124459E+02  0.664710E+01 -0.534505E+02
 0.413574E+01  0.148062E+02 -0.536472E+02   -0.436743E+01 -0.147829E+02  0.534127E+02
-0.209790E+02  0.493884E+02  0.257677E+02    0.210933E+02 -0.508376E+02 -0.265018E+02
-0.810869E+01  0.521023E+02  0.185974E+02    0.736342E+01 -0.518261E+02 -0.193589E+02
 0.303735E+02 -0.410368E+02 -0.264065E+02   -0.310020E+02  0.423108E+02  0.269017E+02
-0.121060E+02  0.464244E+02 -0.403803E+02    0.137349E+02 -0.470855E+02  0.411848E+02
 0.524165E+02 -0.234078E+02  0.209404E+02   -0.530661E+02  0.235681E+02 -0.218568E+02
-0.186479E+02  0.102310E+02 -0.586252E+02    0.208773E+02 -0.864904E+01  0.603489E+02
 0.512069E+02 -0.160425E+02  0.337221E+02   -0.522503E+02  0.173203E+02 -0.339652E+02
-0.593854E+02  0.121189E+02  0.939429E+01    0.589179E+02 -0.114843E+02 -0.865651E+01
-0.508344E+02 -0.314418E+01  0.327893E+02    0.515519E+02  0.190627E+01 -0.328421E+02
 0.274705E+02  0.189596E+02 -0.511627E+02   -0.279708E+02 -0.191199E+02  0.516496E+02
-0.162694E+02 -0.332175E+02 -0.510532E+02    0.155827E+02  0.331493E+02  0.509647E+02
 0.392743E+01 -0.538415E+02  0.326198E+02   -0.333045E+01  0.546102E+02 -0.330896E+02
-0.378563E+02 -0.372377E+02 -0.349122E+02    0.393191E+02  0.391227E+02  0.342321E+02
-0.368981E+01 -0.529634E+02  0.222200E+02    0.418506E+01  0.528946E+02 -0.228397E+02
-0.434588E+01 -0.421361E+02 -0.447089E+02    0.298317E+01  0.418910E+02  0.435236E+02
 0.534229E+02 -0.485292E+01  0.190259E+02   -0.546191E+02  0.395755E+01 -0.212828E+02
-0.440144E+02  0.281138E+02 -0.270935E+02    0.429403E+02 -0.289587E+02  0.281064E+02
 0.554600E+01  0.444780E+02  0.329987E+02   -0.307767E+01 -0.426356E+02 -0.324420E+02
-0.628458E+01 -0.449068E+02 -0.323415E+02    0.611286E+01  0.438970E+02  0.320100E+02
 0.281257E+02 -0.316943E+02  0.388492E+02   -0.267974E+02  0.323805E+02 -0.367155E+02
-0.218450E+02  0.294089E+02 -0.468370E+02    0.202728E+02 -0.279376E+02  0.455845E+02
-0.382056E+02  0.287475E+02  0.308875E+02    0.389491E+02 -0.284351E+02 -0.311946E+02
 0.345492E+02 -0.362624E+02 -0.272274E+02   -0.338271E+02  0.363752E+02  0.270645E+02
 0.222760E+02 -0.517124E+02 -0.189147E+02   -0.227279E+02  0.498760E+02  0.187273E+02
-0.240254E+02  0.501084E+02  0.210297E+02    0.233032E+02 -0.492319E+02 -0.209289E+02
-0.516582E+02  0.238579E+02 -0.151176E+01    0.525589E+02 -0.232947E+02  0.888736E+00
 0.497497E+02 -0.267399E+02  0.795646E+01   -0.475281E+02  0.266580E+02 -0.800772E+01
 0.679141E+01  0.393159E+02 -0.435260E+02   -0.741910E+01 -0.399752E+02  0.426298E+02
-0.542808E+01 -0.275582E+02  0.523361E+02    0.536143E+01  0.259916E+02 -0.503647E+02
 0.368344E+02  0.345944E+02 -0.286776E+02   -0.364559E+02 -0.352989E+02  0.284668E+02
-0.321065E+02 -0.369285E+02  0.335599E+02    0.318469E+02  0.379071E+02 -0.343724E+02
-0.530713E+02  0.261560E+02 -0.341956E+01    0.506968E+02 -0.281248E+02  0.354530E+01
 0.404275E+02 -0.365632E+02  0.129723E+02   -0.382366E+02  0.363878E+02 -0.129891E+02
 0.392306E+02 -0.274723E+02  0.341686E+02   -0.391700E+02  0.284362E+02 -0.350994E+02
-0.381645E+02  0.138827E+02 -0.392950E+02    0.388393E+02 -0.131436E+02  0.407187E+02
 0.453436E+02  0.194978E+02 -0.413385E+02   -0.452779E+02 -0.196321E+02  0.412761E+02
-0.467849E+02 -0.186063E+02 -0.261734E+02    0.471797E+02  0.191353E+02  0.270943E+02
-0.490300E+02 -0.328092E+02 -0.495722E+01    0.480260E+02  0.320415E+02  0.488669E+01
-0.607425E+01  0.613605E+02 -0.414599E+01    0.621156E+01 -0.624234E+02  0.389120E+01
-0.527293E+02 -0.260773E+02 -0.227182E+02    0.532101E+02  0.267079E+02  0.234126E+02
 0.487114E+02  0.961026E+01 -0.369940E+02   -0.492851E+02 -0.991962E+01  0.368202E+02
 0.558705E+00 -0.193874E+02  0.552600E+02   -0.111685E+01  0.193111E+02 -0.546189E+02
 0.481263E+02  0.379921E+02 -0.169193E+02   -0.469674E+02 -0.364759E+02  0.164488E+02
 0.264123E+02  0.167189E+02 -0.561141E+02   -0.258451E+02 -0.168520E+02  0.564387E+02
-0.475708E+02  0.374451E+02  0.190468E+02    0.476181E+02 -0.376881E+02 -0.187605E+02
 0.457488E+02 -0.322770E+02  0.135144E+02   -0.453570E+02  0.321545E+02 -0.141224E+02
-0.528638E+02 -0.278983E+02  0.113131E+02    0.542454E+02  0.292425E+02 -0.115156E+02
-0.265187E+02 -0.515930E+02  0.910363E+00    0.272888E+02  0.524533E+02 -0.281681E+00
-0.249977E+02  0.474961E+02  0.220934E+02    0.246584E+02 -0.464726E+02 -0.218574E+02
 0.162569E+01  0.295510E+02 -0.566805E+02   -0.180421E+01 -0.287320E+02  0.560778E+02
-0.322480E+02 -0.558034E+02  0.278733E+01    0.317147E+02  0.556965E+02 -0.212717E+01
 0.120434E+02  0.616732E+02 -0.202936E+01   -0.115887E+02 -0.597758E+02  0.167663E+01
 0.458011E+02 -0.398895E+02 -0.717757E+01   -0.455098E+02  0.395939E+02  0.701639E+01
-0.603025E+02 -0.863766E+01  0.114612E+02    0.603355E+02  0.910209E+01 -0.113825E+02
 0.329300E+02 -0.528689E+02  0.699441E+01   -0.322033E+02  0.526977E+02 -0.704253E+01
-0.170854E+02 -0.604059E+01  0.589513E+01    0.186883E+02  0.802816E+01 -0.409650E+01
 0.106827E+02 -0.857865E+01  0.148447E+01   -0.126338E+02  0.713005E+01 -0.183534E+01
-0.147977E+02  0.832128E+01  0.443814E+01    0.163977E+02 -0.722473E+01 -0.290285E+01
-0.152048E+02  0.270245E+01 -0.140308E+02    0.138675E+02 -0.320986E+01  0.130479E+02
 0.617398E+01 -0.634481E+01  0.195596E+02   -0.511118E+01  0.781551E+01 -0.174532E+02
-0.144749E+02 -0.824154E+00 -0.124759E+02    0.113235E+02 -0.172112E+01  0.974583E+01
 0.125089E+02 -0.808174E+01 -0.921460E+00   -0.139648E+02  0.474486E+01 -0.237406E+00
-0.897612E+01  0.136675E+02  0.126552E+01    0.112695E+02 -0.117450E+02  0.203725E+00
-0.130353E+02  0.345603E+01  0.167991E+02    0.127494E+02 -0.366710E+00 -0.146533E+02
 0.155953E+02  0.622373E+01  0.115099E+02   -0.149438E+02 -0.411277E+01 -0.105007E+02
-0.120715E+02 -0.163853E+02 -0.136814E+00    0.109862E+02  0.138280E+02 -0.184040E+01
 0.243138E+01  0.968819E+01  0.109779E+02   -0.419948E+01 -0.931262E+01 -0.109382E+02
-0.198225E+01 -0.134838E+02 -0.102890E+02    0.282473E+01  0.128730E+02  0.103145E+02
-0.907311E+01  0.535782E+01 -0.174711E+02    0.869887E+01 -0.660525E+01  0.168673E+02
 0.176563E+02  0.959387E+01 -0.383156E+01   -0.144330E+02 -0.846678E+01  0.333157E+01
 0.510620E+01 -0.923511E+01  0.152070E+02   -0.329003E+01  0.107517E+02 -0.130027E+02
-0.712629E+01 -0.848303E+01  0.930762E+01    0.676995E+01  0.674233E+01 -0.947251E+01
 0.740472E+01  0.104333E+02 -0.100190E+02   -0.845619E+01 -0.109759E+02  0.962991E+01
 0.109281E+02 -0.129390E+02 -0.115828E+02   -0.128185E+02  0.999756E+01  0.933577E+01
-0.155078E+02  0.121951E+02  0.459803E+01    0.151439E+02 -0.109443E+02 -0.486095E+01
 0.183132E+02  0.900144E+00 -0.123791E+01   -0.211122E+02 -0.268432E+01  0.926056E-01
-0.476149E+01 -0.222333E+00 -0.130177E+02    0.517552E+01  0.857578E+00  0.135676E+02
 0.883140E+01 -0.270765E+01  0.139251E+02   -0.783237E+01  0.242632E+01 -0.129481E+02
 0.226004E+01  0.136412E+02  0.157004E+02    0.114950E-01 -0.114109E+02 -0.132998E+02
-0.871529E+01 -0.179192E+02 -0.355405E+01    0.701227E+01  0.177969E+02  0.380344E+01
-0.997022E+00  0.170558E+02  0.502684E+01    0.186164E+01 -0.166921E+02 -0.504803E+01
-0.277907E+01 -0.949483E+01  0.100933E+02    0.880120E+00  0.948831E+01 -0.102878E+02
-0.157884E+01  0.128891E+02 -0.985053E+01    0.232205E+01 -0.115580E+02  0.981065E+01
 0.192472E+02  0.865844E+01 -0.183343E+01   -0.171176E+02 -0.660723E+01  0.304979E+01
-0.182864E+02 -0.711395E+01  0.248207E+01    0.187107E+02  0.762460E+01 -0.228672E+01
 0.110774E+02  0.148142E+02 -0.661070E+01   -0.106730E+02 -0.141481E+02  0.685448E+01
-0.657083E+01 -0.804440E+01 -0.110202E+02    0.631017E+01  0.607986E+01  0.943273E+01
 0.110564E+02  0.403510E+01  0.139788E+02   -0.102950E+02 -0.367194E+01 -0.124526E+02
-0.336006E+01  0.151978E+02  0.141110E+02    0.321036E+01 -0.136711E+02 -0.136327E+02
 0.107972E+02 -0.768377E+01 -0.164537E+02   -0.812278E+01  0.728653E+01  0.168773E+02
-0.461422E+01 -0.174262E+02 -0.333599E+01    0.271014E+01  0.162567E+02  0.310393E+01
 0.120283E+02  0.483547E+01 -0.682547E+01   -0.986242E+01 -0.552030E+01  0.708036E+01
-0.125167E+02 -0.347452E+01  0.107991E+02    0.105611E+02  0.260331E+01 -0.119324E+02
 0.119855E+01 -0.760409E+01  0.193592E+02   -0.329627E+01  0.513149E+01 -0.206749E+02
 0.355104E+01  0.181436E+02  0.470457E+01   -0.583138E+01 -0.180685E+02 -0.481353E+01
-0.386679E+01 -0.182831E+02 -0.807307E+01    0.252814E+01  0.157268E+02  0.711904E+01
 0.621258E+01  0.917985E+01 -0.872146E+01   -0.540848E+01 -0.886201E+01  0.857027E+01
-0.980308E+01 -0.114878E+02  0.819367E+01    0.955182E+01  0.130172E+02 -0.826400E+01
 0.470734E+01 -0.123983E+02  0.168389E+02   -0.336178E+01  0.124306E+02 -0.155462E+02
-0.137597E+02  0.816975E+01 -0.109897E+02    0.136536E+02 -0.667149E+01  0.109788E+02
-0.541094E+01 -0.937586E+01  0.173858E+02    0.680150E+01  0.109106E+02 -0.146554E+02
 0.678587E+01 -0.310686E+01  0.121262E+02   -0.773194E+01  0.246039E+01 -0.116990E+02
-0.201438E+01  0.297419E+01 -0.150455E+02    0.401239E+01 -0.212792E+01  0.163341E+02
-0.627857E+01 -0.172859E+02 -0.131021E+02    0.228995E+01  0.143171E+02  0.103708E+02
 0.139760E+02 -0.136719E+02  0.311274E+01   -0.145228E+02  0.129279E+02 -0.513233E+01
 0.852675E+01 -0.169808E+02 -0.235956E+01   -0.848945E+01  0.145237E+02  0.126343E+01
 0.387634E-01  0.130360E+02  0.457207E+01    0.277303E+01 -0.114158E+02 -0.331163E+01
-0.850477E+01 -0.143073E+02 -0.603825E+01    0.574381E+01  0.116703E+02  0.315364E+01
-0.113401E+02 -0.138222E+02  0.854093E+01    0.129724E+02  0.140388E+02 -0.839296E+01
 0.787792E+01  0.557980E+01 -0.190681E+02   -0.826986E+01 -0.593869E+01  0.173450E+02
-0.443401E+01  0.901236E+01 -0.155916E+02    0.667143E+01 -0.775941E+01  0.152853E+02
-0.117803E+02  0.832230E+01 -0.409556E+01    0.100267E+02 -0.852147E+01  0.324337E+00
 0.109416E+02 -0.111618E+02  0.486888E+01   -0.113686E+02  0.112412E+02 -0.447825E+01
 0.304920E+01 -0.182399E+02 -0.776706E+01   -0.465943E+01  0.169618E+02  0.518663E+01
-0.144959E+02 -0.114199E+02 -0.288737E+01    0.152233E+02  0.115622E+02  0.415485E+01
 0.506188E+01  0.119307E+02  0.121666E+02   -0.490905E+01 -0.125553E+02 -0.136422E+02
 0.634321E+01  0.148695E+01  0.126877E+02   -0.706289E+01 -0.159931E+01 -0.105008E+02
-0.929244E+01 -0.160858E+01 -0.140064E+02    0.806335E+01  0.717244E-01  0.135042E+02
-0.166243E+02  0.106668E+02  0.328553E+01    0.177760E+02 -0.792233E+01 -0.345530E+00
 0.189883E+02 -0.784791E+01  0.693023E+00   -0.193403E+02  0.665870E+01 -0.295989E+01
 0.116662E+02 -0.606006E+01 -0.120657E+02   -0.893977E+01  0.659647E+01  0.130814E+02
 0.377201E+01  0.118826E+02  0.578182E+01   -0.438010E+01 -0.119495E+02 -0.800401E+01
-0.743492E+00 -0.152778E+02 -0.602555E+01    0.179855E+01  0.161622E+02  0.702080E+01
-0.112935E+02 -0.300279E+01 -0.177871E+02    0.112693E+02  0.772349E-01  0.150735E+02
 0.963928E+01 -0.506605E+01  0.159452E+02   -0.748926E+01  0.526843E+01 -0.135720E+02
 0.112741E+01  0.140516E+02 -0.119484E+02   -0.248042E+01 -0.148423E+02  0.112088E+02
 0.539479E+01  0.102072E+01  0.142918E+02   -0.394514E+01  0.740185E+00 -0.121511E+02
-0.111202E+02 -0.626982E+01 -0.975251E+01    0.116349E+02  0.603046E+01  0.974765E+01
-0.175896E+02  0.681811E+01 -0.534858E+01    0.183013E+02 -0.541690E+01  0.419870E+01
 0.382879E+00 -0.113200E+02  0.166072E+02   -0.200719E+01  0.949968E+01 -0.158768E+02
 0.139835E+01 -0.565310E+00  0.207827E+01   -0.931445E+00  0.136509E+01 -0.156399E+01
-0.110996E+02  0.525830E+00  0.803521E+01    0.107979E+02  0.655279E+00 -0.756990E+01
 0.615077E+01  0.114115E+01 -0.913619E+01   -0.378801E+01  0.793855E+00  0.985604E+01
 0.161328E+01  0.171404E+00 -0.286155E+01   -0.117005E+00 -0.782437E+00  0.320124E+01
-0.141570E+01  0.149715E+01  0.143824E+01    0.346177E+01  0.175964E-01 -0.362829E+00
-0.148419E+02 -0.676231E+01 -0.151917E+01    0.134876E+02  0.411824E+01  0.441317E+00
 0.102629E+02  0.126002E+01 -0.376295E+01   -0.112824E+02 -0.867970E+00  0.296445E+01
 0.485795E+01  0.145544E+01 -0.837681E+00   -0.568573E+01 -0.777300E+00  0.136397E+01
 0.247007E+01  0.293403E+00  0.140091E+01   -0.153651E+01 -0.163363E+01 -0.142641E+01
 0.147791E+01  0.156755E+02 -0.908451E-01   -0.252757E+01 -0.146376E+02 -0.109674E+01
-0.414716E+01 -0.780763E+01 -0.450400E+01    0.515809E+01  0.679321E+01  0.420452E+01
-0.368441E+00 -0.275184E+01  0.276419E+00   -0.580318E+00  0.761734E+00 -0.224955E+00
-0.512817E+00  0.352954E+01  0.101180E+01   -0.405448E+00 -0.468376E+01 -0.123494E+01
 0.139446E+02  0.332904E+00  0.290629E+01   -0.138481E+02 -0.200103E+01 -0.430429E+01
-0.746414E+01 -0.123473E+01 -0.602032E+01    0.841203E+01  0.239656E+01  0.724315E+01
-0.271827E+01  0.277545E+00 -0.182679E+01    0.994621E+00 -0.193741E+01  0.418695E+00
-0.236717E-01 -0.238117E+01 -0.626402E+00   -0.737197E+00  0.178874E+01  0.817582E+00
-0.143991E+02  0.346847E+00  0.411296E+01    0.132025E+02 -0.199090E+01 -0.447029E+01
 0.911104E+01  0.640597E+01 -0.585577E+00   -0.659877E+01 -0.512265E+01  0.792696E+00
 0.405938E+01  0.250418E+00 -0.193275E+01   -0.454550E+01 -0.114697E+01  0.247075E+01
-0.142913E+01  0.298241E+01  0.168797E+01    0.156540E+01 -0.325653E+01 -0.209069E+01
 0.118489E+02  0.718754E+01  0.231540E+01   -0.111221E+02 -0.881801E+01 -0.313500E+01
-0.617909E+01 -0.911787E+01  0.204975E+01    0.529769E+01  0.105420E+02 -0.384220E-02
-0.139268E+01 -0.334666E+01  0.248436E+00   -0.397740E+00  0.326092E+01 -0.699431E+00
 0.750345E+00  0.866916E+00 -0.111360E+01   -0.828388E+00 -0.269299E+01  0.394455E+00
 0.111895E+02 -0.946845E+01  0.446982E+01   -0.963138E+01  0.843526E+01 -0.312653E+01
-0.936898E+01  0.434951E+01  0.873760E+00    0.905629E+01 -0.216646E+01 -0.192993E+01
-0.591629E+00  0.195758E+01 -0.160685E+01   -0.121106E+01 -0.216314E+01  0.202001E+01
-0.104239E+00  0.181889E+01 -0.905642E+00    0.122510E+01 -0.637710E+00  0.109945E+01
-0.120494E+02  0.490377E+01  0.724662E+01    0.101045E+02 -0.580761E+01 -0.738663E+01
 0.538466E+01 -0.883231E+01 -0.186395E+01   -0.445473E+01  0.789911E+01  0.256384E+01
 0.164843E+01 -0.379733E+00 -0.238728E+01   -0.121339E+01  0.660423E+00  0.239742E+01
-0.705715E+00  0.267593E+01 -0.572084E+00    0.107838E+00 -0.394640E+01 -0.675729E+00
 0.144990E+02  0.787362E+01 -0.161761E+01   -0.109202E+02 -0.567187E+01  0.198620E+01
-0.973160E+01 -0.760502E+01  0.958443E+00    0.922799E+01  0.100689E+02 -0.954267E+00
-0.276939E+01 -0.263792E+01 -0.821279E+00    0.117641E+01  0.294700E+00  0.101192E+01
-0.247399E+00 -0.445177E+00  0.140337E+01    0.522307E+00  0.136753E+01  0.419319E+00
-0.137259E+02  0.311127E+01  0.405093E+01    0.122659E+02 -0.345674E+01 -0.505775E+01
 0.668507E+01 -0.202899E+01 -0.847636E+01   -0.735544E+01  0.405287E+00  0.733027E+01
 0.190661E+01 -0.272494E+01 -0.126542E+01   -0.237924E+00  0.347307E+01  0.969621E+00
-0.654883E+00 -0.153597E+01  0.309107E+00    0.236284E+00  0.129133E+01 -0.139557E+01
 0.516392E+00 -0.842124E+00 -0.129884E+01   -0.111732E+01  0.666277E+00  0.150447E+01
-0.204204E+01  0.386859E+00 -0.150483E+00    0.202068E+01 -0.540056E+00 -0.202228E+00
-0.943022E+00 -0.481151E+00  0.185867E+01    0.688847E+00  0.378712E+00 -0.198228E+01
 0.721685E+00 -0.347555E+00  0.121744E+01   -0.197558E+00  0.144718E+01 -0.121768E+01
 0.105388E+00 -0.415275E+00 -0.967016E+00    0.146614E+00  0.105040E+01  0.148868E+01
-0.137078E+01  0.146221E+01  0.705774E+00    0.186456E+01 -0.896583E+00 -0.948164E-02
 0.511362E+00  0.103198E+01  0.868862E+00   -0.330555E+00 -0.161320E+01 -0.111949E+01
-0.507160E+00  0.123095E+01 -0.344525E+00    0.291083E+00 -0.184811E+01  0.431632E+00
-0.912559E+00 -0.336450E+00  0.124850E+01    0.708532E+00  0.295808E+00 -0.183446E+01
-0.289254E+00 -0.572952E+00 -0.860437E+00    0.439699E+00  0.117021E+01  0.146453E+01
 0.761097E+00 -0.278995E+00 -0.132787E+01   -0.130665E+01 -0.275816E+00  0.142796E+01
 0.669076E+00 -0.154146E+01  0.170941E+00   -0.836108E-01  0.190276E+01  0.412803E+00
 0.630074E-01  0.533515E-01  0.155279E+01   -0.246490E+00 -0.420570E+00 -0.192651E+01
 0.440714E+00 -0.139924E+01  0.314079E+00   -0.278990E-01  0.198291E+01  0.140681E-01
-0.807927E+00  0.181686E+01 -0.569696E+00    0.360581E+00 -0.204825E+01 -0.114119E+00
-0.114775E+01  0.106971E+01 -0.663063E+00    0.113429E+01 -0.148400E+01  0.757828E+00
 0.136447E+01  0.315939E+00 -0.394321E+00   -0.117683E+01  0.443874E+00  0.143306E+01
 0.992775E+00  0.255325E+00  0.119607E+01   -0.958346E+00  0.251401E+00 -0.168452E+01
-0.666114E+00 -0.171767E+01  0.950246E+00    0.757059E-01  0.178503E+01 -0.110579E+01
 0.887092E+00 -0.160232E+01  0.192314E+00   -0.154811E+01  0.101032E+01 -0.753044E+00
-0.760621E+00  0.406775E+00  0.102024E+01    0.833818E+00 -0.747398E+00 -0.157647E+01
 0.646534E+00  0.187832E+01 -0.279372E+00   -0.637291E+00 -0.180393E+01  0.786499E+00
-0.120593E+01  0.968381E+00 -0.184018E+00    0.183938E+01 -0.515846E+00  0.623407E+00
-0.120601E+01  0.301195E+00  0.574457E+00    0.182288E+01  0.385543E+00  0.146658E+00
 0.501846E+00  0.531590E+00 -0.117145E+01   -0.393338E+00 -0.416780E+00  0.182679E+01
 0.118015E+01  0.162708E+01  0.948826E+00   -0.138952E+01 -0.117985E+01 -0.107440E+01
 0.141907E+01  0.469315E+00  0.275249E+00   -0.184552E+01  0.142488E+00  0.529816E+00
 0.117986E+01  0.328457E+00  0.547962E+00   -0.160113E+01 -0.376417E+00 -0.100641E+01
 0.784797E+00 -0.406920E+00 -0.122061E+01   -0.401028E+00  0.104631E+01  0.158364E+01
-0.107050E+01 -0.154998E+01  0.112461E+01    0.114742E+01  0.164453E+01 -0.690504E+00
-0.246411E+00  0.601690E+00  0.119044E+01    0.323268E+00 -0.116924E+01 -0.158247E+01
 0.134385E+01  0.824518E+00  0.335857E+00   -0.159418E+01 -0.833396E+00 -0.739158E+00
 0.204755E+00 -0.381912E+00 -0.121616E+01   -0.432738E+00  0.582880E+00  0.180434E+01
-0.956935E+00 -0.164382E+01  0.795232E+00    0.940142E+00  0.164645E+01 -0.942970E+00
-0.147805E+01 -0.272362E+00 -0.484071E+00    0.187944E+01  0.426914E+00  0.625610E+00
-0.871294E+00  0.721141E+00  0.120550E+01    0.503529E+00 -0.994723E+00 -0.163481E+01
-0.371222E+00 -0.139067E+01  0.245499E-01   -0.169683E+00  0.182611E+01 -0.538364E+00
 0.731572E+00 -0.131313E+01 -0.106528E+00   -0.485875E+00  0.191605E+01  0.212501E+00
 0.221867E+00 -0.113552E+01 -0.104550E+01   -0.747390E+00  0.160401E+01  0.934937E+00
-0.137345E+01  0.285838E+00  0.830866E+00    0.977871E+00 -0.639259E+00 -0.152559E+01
 0.122390E+01  0.424997E+00  0.255814E+00   -0.164670E+01 -0.583666E+00 -0.573270E+00
-0.348830E+00 -0.187272E+01 -0.553670E+00    0.746487E+00  0.188905E+01  0.599364E+00
 0.610489E+00 -0.548369E+00 -0.165703E+01   -0.399678E-01  0.111726E+01  0.171551E+01
 0.323203E+00  0.104140E+01  0.127247E+00   -0.184125E+00 -0.182557E+01  0.516673E+00
-0.346814E+00 -0.604493E+00 -0.136693E+01    0.100356E+01  0.607324E+00  0.144846E+01
-0.650549E+00 -0.822076E+00 -0.533872E+00    0.118911E+01  0.122913E+01  0.878717E+00
-0.290478E-01 -0.168725E+01  0.376027E+00    0.355598E+00  0.195929E+01  0.406827E+00
 0.118320E+01  0.568459E+00  0.418900E-01   -0.174131E+01 -0.878167E+00 -0.242715E+00
-0.880859E-01  0.240708E+00  0.109813E+01    0.112493E+01 -0.589588E+00 -0.134213E+01
-0.116188E+01  0.360859E+00  0.136612E+01    0.117140E+01 -0.294538E+00 -0.168296E+01
 0.102799E+01 -0.407380E+00 -0.133812E+01   -0.155948E+01  0.151447E+00  0.132686E+01
 0.133351E+01  0.413504E+00 -0.149114E+00   -0.180942E+01 -0.473532E+00  0.515448E+00
-0.813256E+00  0.912996E+00 -0.417960E+00    0.993435E+00 -0.163717E+01  0.193723E+00
-0.350815E+00 -0.789607E+00 -0.108914E+01   -0.415896E+00  0.133517E+01  0.131205E+01
 0.344667E+00 -0.146489E+01  0.561150E+00   -0.903656E+00  0.145546E+01 -0.983793E+00
 0.826696E+00  0.156529E+01  0.397881E+00   -0.120445E+01 -0.149871E+01 -0.291691E+00
-0.597643E+00 -0.247519E+00  0.143368E+01    0.117984E+01  0.908959E-01 -0.156774E+01
-0.815362E+00  0.227335E+00 -0.962891E+00    0.529852E+00 -0.617035E+00  0.178486E+01
-0.982374E+00 -0.114057E+01  0.820231E+00    0.110354E+01  0.150739E+01 -0.802592E+00
-0.120071E+01 -0.526873E+00  0.989482E+00    0.144854E+01  0.557516E+00 -0.114335E+01
 0.980233E+00 -0.133803E+01 -0.234022E+00   -0.148075E+01  0.118924E+01 -0.249898E+00
 0.448443E+00  0.995053E+00  0.747130E+00   -0.695653E+00 -0.157534E+01 -0.710096E+00
-0.832998E+00 -0.911933E+00 -0.673768E+00    0.149534E+01  0.102628E+01  0.656286E+00
-0.942124E+00  0.116470E+01 -0.166381E-01    0.504063E+00 -0.182596E+01 -0.175669E+00
-0.243346E+00 -0.137463E+00 -0.152213E+01    0.232775E+00 -0.260356E+00  0.193258E+01
 0.281129E+00  0.107739E+01  0.498709E+00   -0.126781E+01 -0.120842E+01 -0.442946E+00
 0.410154E+00 -0.122507E+01 -0.100141E+00   -0.980096E+00  0.144532E+01 -0.517139E+00
-0.189761E+00 -0.320867E+00  0.121411E+01   -0.645548E+00 -0.372737E+00 -0.163626E+01
-0.499316E+00  0.123517E+01 -0.876858E+00   -0.273392E+00 -0.175167E+01  0.509739E+00
-0.156838E+01 -0.455997E+00 -0.211530E-01    0.182681E+01  0.746417E+00  0.808934E-01
-0.189854E+00 -0.151450E+01  0.576605E+00    0.418647E-01  0.179903E+01 -0.665751E+00
 0.254706E-01 -0.496492E-01 -0.145063E+01    0.541923E+00  0.278677E+00  0.175536E+01
 0.414497E+00  0.208350E+00  0.105851E+01   -0.887897E+00 -0.277728E+00 -0.163516E+01
 0.116723E+01 -0.102772E+01 -0.112413E+01   -0.125725E+01  0.809483E+00  0.136649E+01
-0.187303E+00  0.143708E+01 -0.295365E+00    0.534569E+00 -0.161853E+01  0.774479E+00
-0.370301E-01 -0.823903E+00  0.116589E+01   -0.283662E+00  0.795986E+00 -0.167677E+01
 0.168011E+01 -0.145822E+00 -0.250868E+00   -0.104813E+01  0.864509E+00  0.123637E+01
 0.112683E+00  0.115269E+01 -0.363814E+00   -0.474058E+00 -0.176455E+01 -0.398964E+00
-0.172245E+01  0.845881E+00  0.701262E+00    0.155616E+01 -0.999461E+00 -0.790187E+00
-0.249907E+00  0.519490E+00 -0.105080E+01   -0.174654E+00 -0.602643E+00  0.176479E+01
 0.147504E+01 -0.387821E+00 -0.395427E+00   -0.140029E+01  0.927105E+00  0.865062E+00
 0.191836E+00 -0.332313E+00  0.118732E+01    0.224507E+00  0.664244E+00 -0.173282E+01
-0.130328E+01 -0.945716E-01 -0.753469E+00    0.140807E+01  0.772165E+00  0.992637E+00
 0.208367E+00  0.131586E+01 -0.108255E+01    0.420467E-01 -0.132650E+01  0.143710E+01
-0.803726E+00  0.803799E+00  0.139473E+01    0.155952E+01 -0.314958E+00 -0.108722E+01
 0.576770E+00  0.330653E+00  0.486373E+00   -0.158736E+01  0.203301E+00 -0.835135E+00
 0.100914E+01 -0.237043E+00 -0.966203E+00   -0.937941E+00  0.503845E+00  0.158836E+01
 0.193689E+00 -0.995446E+00  0.111683E+01   -0.225243E+00  0.144284E+01 -0.124799E+01
-0.894035E+00 -0.726315E+00  0.856512E+00    0.714396E+00  0.937870E+00 -0.141479E+01
-0.473554E+00  0.172669E+01  0.176583E+00    0.124025E+01 -0.146181E+01  0.309059E+00
-0.397471E+00 -0.614007E+00 -0.522843E+00    0.806580E-01  0.945257E+00  0.152877E+01
 0.933977E+00 -0.340758E+00  0.808439E+00   -0.774791E+00  0.140200E+01 -0.864383E+00
-0.116600E+01  0.204391E+00  0.437909E+00    0.174181E+01  0.229451E+00 -0.431289E+00
 0.350824E+00  0.354188E+00 -0.111385E+01    0.642805E-01  0.696934E+00  0.165379E+01
-0.566035E+00  0.110500E+01 -0.501388E+00    0.121764E+01 -0.988914E+00  0.109972E+01
 0.247526E-01  0.342288E+00  0.637341E+00    0.245254E+00 -0.387696E+00 -0.176624E+01
-0.105480E+00 -0.115507E+01  0.801034E-01   -0.101365E+01  0.140529E+01 -0.529117E+00
 0.460444E+00  0.291941E+00 -0.110512E+01    0.162549E+00  0.760115E-01  0.184170E+01
 0.296999E+00  0.156236E+01 -0.172173E-01   -0.106124E+01 -0.133657E+01 -0.830698E+00
-0.144149E+01  0.515669E+00 -0.444458E+00    0.165342E+01 -0.378967E+00  0.863076E+00
-0.183214E+00  0.179863E+00  0.145299E+01    0.156752E+00 -0.117438E+00 -0.191991E+01
 0.527709E+00  0.680121E+00  0.641323E-01   -0.113574E+01 -0.124269E+01  0.653092E+00
 0.254909E+00 -0.159899E+00 -0.140278E+01   -0.867928E+00 -0.449485E+00  0.162033E+01
 0.999315E+00  0.142449E+00  0.982504E+00   -0.114474E+01  0.125989E+01 -0.673503E+00
-0.524664E+00 -0.561114E+00 -0.988269E+00    0.961972E+00 -0.469693E+00  0.145175E+01
 0.133481E+00 -0.178821E+01 -0.410867E+00   -0.709372E+00  0.181704E+01 -0.407932E+00
-0.488324E+00  0.583833E+00  0.989361E+00    0.125465E+01 -0.290775E+00 -0.131251E+01
 0.456977E+00  0.148319E+01  0.185024E+00   -0.177652E+00 -0.189596E+01  0.256802E+00
 0.116431E+01 -0.723610E-01  0.477694E+00   -0.144177E+01  0.104273E+01 -0.370626E+00
-0.328714E+00 -0.136675E+00 -0.119435E+01    0.325604E+00  0.697006E+00  0.164842E+01
-0.634144E+00 -0.581977E+00 -0.625680E+00    0.299503E+00  0.177359E+01  0.180614E+00
 0.752842E+00  0.304288E+00  0.145276E+01   -0.197152E+00  0.880166E-01 -0.190827E+01
-0.685997E+00 -0.535413E+00 -0.382366E+00    0.143580E+01  0.104159E+01  0.270397E+00
-0.325261E+00  0.967964E+00  0.886516E+00    0.651298E+00 -0.116924E+01 -0.129488E+01
 0.465847E+00  0.879892E+00 -0.154272E+01   -0.531985E+00 -0.997147E+00  0.166725E+01
-0.893610E+00  0.496273E+00  0.614770E+00    0.107812E+01 -0.105508E+01 -0.108190E+01
 0.608132E+00  0.158700E+00  0.227826E+00   -0.151030E+01 -0.811557E+00 -0.186678E+00
-0.625543E+00  0.937567E-01 -0.150734E+01    0.425846E+00 -0.261757E+00  0.185386E+01
 0.160590E+00 -0.144776E+00  0.147765E+01   -0.108866E+00  0.267232E+00 -0.192627E+01
-0.590864E+00 -0.342181E-01  0.133236E+00    0.138144E+01  0.916873E+00  0.576493E+00
-0.303166E-01 -0.524650E+00 -0.604628E+00    0.261492E+00  0.154435E+01  0.958415E+00
 0.326283E+00  0.587543E+00 -0.999608E+00   -0.900670E+00 -0.139981E+01  0.813865E+00
 0.653434E+00 -0.480856E+00  0.106869E+01   -0.122124E+01  0.345514E+00 -0.131062E+01
-0.622160E+00  0.733168E+00 -0.577697E+00    0.104388E+01  0.321312E+00  0.138679E+01
-0.935988E+00  0.825728E+00  0.114315E+01    0.823989E+00 -0.107254E+01 -0.141594E+01
 0.119806E+01  0.579130E+00 -0.460745E+00   -0.155490E+01 -0.934679E+00  0.610451E+00
 0.104913E+01 -0.739057E+00 -0.119514E+01   -0.110501E+01  0.810514E+00  0.138406E+01
 0.147448E+01 -0.210301E+00  0.173505E+01   -0.109677E+01 -0.886538E-01 -0.169266E+01
-0.571913E+00 -0.115376E+01 -0.154157E+00   -0.362450E+00  0.181667E+01 -0.107194E+00
-0.828320E+00  0.493505E+00  0.130275E+01    0.112869E+01 -0.361842E+00 -0.149051E+01
-0.939278E+00  0.339567E+00 -0.152120E+01    0.991450E+00 -0.502706E+00  0.163858E+01
-0.137477E+01  0.240130E+00  0.399022E+00    0.160150E+01 -0.516841E+00 -0.877804E+00
 0.450656E+00 -0.173879E+01  0.370696E+00   -0.353936E+00  0.184714E+01 -0.504260E+00
 0.114618E+01  0.603076E+00  0.865848E+00   -0.120965E+01 -0.112899E+01 -0.829464E+00
-0.945955E+00 -0.598504E+00 -0.981536E+00    0.121410E+01  0.120871E+01  0.836252E+00
-0.442728E+00  0.138153E+01 -0.405616E+00    0.525134E+00 -0.182566E+01  0.453484E+00
 0.640515E+00  0.808495E+00 -0.119977E+00   -0.115581E+01 -0.128335E+01  0.407678E+00
 0.388656E+00 -0.791921E+00  0.755924E+00   -0.839659E+00  0.115821E+01 -0.122633E+01
-0.427659E+00 -0.802266E+00 -0.120069E+01    0.148174E+00  0.784476E+00  0.174816E+01
 0.366243E+02  0.140476E+02  0.535164E+01   -0.365466E+02 -0.152794E+02 -0.683153E+01
-0.265565E+02 -0.103893E+02  0.237322E+02    0.268047E+02  0.982878E+01 -0.223986E+02
 0.344295E+02  0.616692E+01 -0.111151E+02   -0.339603E+02 -0.653337E+01  0.114758E+02
 0.118499E+02  0.356189E+02 -0.128672E+02   -0.114600E+02 -0.359312E+02  0.111840E+02
-0.208802E+02  0.290620E+02 -0.744107E+01    0.213299E+02 -0.285322E+02  0.836118E+01
-0.292911E+01  0.979138E+01 -0.143538E+02    0.266603E+01 -0.905697E+01  0.153188E+02
-0.103396E+02  0.382052E+01 -0.137425E+02    0.106575E+02 -0.242340E+01  0.139176E+02
 0.702768E+01 -0.128691E+02 -0.123591E+02   -0.517972E+01  0.128853E+02  0.114770E+02
 0.503852E+01  0.129800E+02  0.928146E+01   -0.734670E+01 -0.137492E+02 -0.950831E+01
-0.167104E+01  0.177209E+02 -0.344040E+01    0.124774E+01 -0.180231E+02  0.395280E+01
-0.615663E+01 -0.147869E+02 -0.432477E+01    0.442552E+01  0.144036E+02  0.342319E+01
-0.147111E+02  0.215558E+00 -0.102054E+02    0.115763E+02 -0.177980E+01  0.873676E+01
-0.155350E+02 -0.348207E+01 -0.117851E+02    0.156361E+02  0.354044E+01  0.114828E+02
 0.115604E+02  0.233496E+00 -0.155256E+02   -0.132214E+02 -0.324410E+01  0.131713E+02
-0.233076E+01 -0.129652E+02  0.140663E+02    0.272522E+01  0.136899E+02 -0.133840E+02
 0.920211E+00 -0.565420E+00  0.504994E+00   -0.457383E+00  0.456642E+00 -0.329907E+00
-0.904227E+00 -0.108130E+00  0.153560E+01    0.684546E+00 -0.717008E-01 -0.147106E+01
 0.128082E+01  0.484838E-01  0.399455E+00   -0.146485E+01 -0.145619E+00 -0.143955E+00
 0.361356E+00  0.322385E+00 -0.116574E+01   -0.100764E+00 -0.412827E+00  0.591810E+00
 0.262275E+00  0.248316E+00  0.627580E-01   -0.777604E-02 -0.610870E-01  0.552392E+00
 ***force output before remove total force (eV/A) ****
    9  0.366395E+00 -.164196E-01 0.506639E+00
    9  -.472778E-01 0.123134E+01 -.203860E+00
    9  -.238210E+00 0.456000E+00 0.903506E-01
    9  0.660548E-01 0.105613E+00 -.284661E+00
    9  0.395333E+00 0.341317E+00 0.378589E+00
    9  0.779325E+00 -.529306E+00 -.613967E+00
    9  0.558303E+00 -.913614E+00 -.122380E+00
    9  -.156408E+01 -.111957E+01 -.181556E+01
    9  0.108917E+01 0.295025E+01 0.287344E+01
    9  0.875469E+00 -.622213E+00 0.165484E+00
    9  -.503882E+00 -.544333E+00 0.500555E+00
    9  0.438270E+00 -.857504E+00 -.148763E+01
    9  -.235905E+00 0.173316E+00 0.534973E-01
    9  0.363476E+00 -.278686E+01 -.259874E+01
    9  -.378550E-01 -.290048E+00 -.431051E+00
    9  -.768524E+00 -.830538E+00 0.112475E+00
    9  0.106127E+01 0.776645E+00 -.707714E+00
    9  0.479520E+00 0.180420E+01 0.130687E+01
    9  0.534403E+00 0.270388E+00 0.739702E+00
    9  -.317528E+00 0.365156E+00 0.199177E+00
    9  -.395133E+00 0.648142E-01 0.654157E-01
    9  0.346640E+00 -.270529E+00 0.217586E+00
    9  -.426193E+00 -.877142E+00 0.225269E+00
    9  -.802460E+00 0.326645E-01 0.242132E+00
    9  -.104882E+01 0.191763E+01 -.316238E+00
    9  -.556932E+00 -.849097E+00 -.180232E+01
    9  0.253453E+00 0.105989E+01 0.543086E+00
    9  -.408393E+00 -.246518E+00 -.394763E+00
    9  -.194271E+00 0.817691E+00 0.977623E+00
    9  0.182867E+01 0.771534E+00 0.812928E+00
    9  0.676873E+00 -.869881E+00 0.867453E+00
    9  -.318831E+00 0.857293E-01 -.479746E+00
    9  -.506026E+00 0.117281E+01 0.122182E+01
    9  0.938239E+00 0.858866E-01 0.364046E+00
    9  -.834471E+00 -.713583E+00 -.140774E+00
    9  0.322132E+00 0.412489E+00 -.458448E+00
    9  -.203501E+01 -.204024E+01 -.821549E+00
    9  0.133960E+01 -.666217E+00 -.173482E+01
    9  0.289003E+01 0.671470E+00 -.224251E+00
    9  -.219891E+00 -.792260E+00 -.697684E+00
    9  0.109096E+00 0.186808E+00 -.236909E+00
    9  -.920928E+00 -.178360E+01 0.993906E+00
    9  -.127901E+01 -.510771E+00 -.229764E+00
    9  -.308021E+00 -.328890E+00 -.730459E+00
    9  -.813148E+00 -.153667E+01 -.663276E+00
    9  -.402118E-01 -.182801E+00 -.442785E+00
    9  -.147698E+01 -.124072E+01 -.279862E+00
    9  0.942355E-01 -.422292E-01 -.103748E+01
    9  -.282268E+00 0.426858E+00 0.140522E+01
    9  -.772186E+00 -.857753E+00 -.138765E+01
    9  -.229466E+01 -.106061E+01 -.678804E+00
    9  -.704460E-01 0.853397E-01 -.202621E+01
    9  0.295506E+00 -.162352E+01 -.637748E-01
    9  0.533639E+00 -.315662E-02 -.982872E+00
    9  0.610555E-01 0.694638E-01 -.321030E+00
    9  0.195597E+00 -.598058E-01 0.872574E+00
    9  -.351610E-01 -.506239E-01 0.906251E+00
    9  0.215253E+01 0.964605E+00 -.441697E+00
    9  0.134613E+01 0.356378E+00 0.161740E+00
    9  0.799552E+00 0.373582E+00 -.494186E+00
    9  0.341843E+00 0.899083E+00 -.745063E-01
    9  0.112672E+00 0.861940E+00 0.573972E+00
    9  0.146302E+01 0.101156E+01 0.856803E+00
    9  0.299386E+00 0.562603E-01 0.535711E+00
    9  -.406782E-01 0.954974E+00 0.321508E+00
    9  0.251635E+00 0.938085E+00 0.451256E+00
    9  -.152939E+01 -.593286E+00 -.897517E-01
    9  0.132040E+00 0.191315E-02 -.129812E+01
    9  -.943167E-01 0.987799E-01 0.220746E-01
    9  -.917787E-01 -.192331E+00 -.555703E+00
    9  0.615054E+00 -.966890E+00 -.841469E+00
    9  -.615518E+00 -.683831E-02 0.177906E+01
    9  0.686297E+00 -.438506E+00 -.258238E+01
    9  0.247563E+00 -.512652E+00 -.343455E+00
    9  -.246799E-01 -.447442E+00 -.904037E-01
    9  -.703250E+00 -.901730E+00 0.851483E+00
    9  0.298989E+01 0.214879E+01 -.122578E+00
    9  -.390187E+00 0.622868E+00 0.243610E+01
    9  0.151935E+01 0.589675E+00 -.148112E+00
    9  -.391095E+00 -.500232E+00 0.714946E+00
    9  -.255410E+01 -.439524E-01 -.609176E+00
    9  0.151640E+01 0.212727E+01 0.914055E+00
    9  0.592873E+00 0.142458E+01 0.184004E+01
    9  0.141676E+01 0.767442E+00 0.846510E+00
    9  -.873851E+00 -.118719E+00 0.166959E+00
    9  -.129963E+01 -.778652E+00 0.609794E+00
    9  0.175310E+00 -.410813E+00 0.832691E+00
    9  0.925609E-01 0.411983E+00 0.661939E+00
    9  -.611737E+00 -.225695E+01 0.490945E+00
    9  0.483581E+00 0.149205E+01 0.313442E+01
    9  0.267553E+00 0.366214E+00 0.131332E+00
    9  -.456103E+00 -.217154E+00 -.330165E+00
    9  -.126403E+00 0.303892E+00 0.175642E+01
    9  0.456734E+00 0.406012E+00 -.954522E-01
    9  -.352752E+00 0.233482E+00 -.909851E+00
    9  -.921264E+00 -.123211E+01 -.363297E+00
    9  -.862800E-01 0.361276E+00 -.617101E-01
    9  -.605079E-01 0.322011E+00 -.511815E+00
    9  0.661321E+00 -.918941E-01 0.881564E+00
    9  0.180606E+00 0.470019E+00 0.865029E+00
    9  0.179138E+00 -.123465E+01 -.705885E+00
    9  -.165403E+01 -.807165E+00 -.894377E+00
    9  0.676609E+00 0.828311E+00 0.421511E+00
    9  -.276551E+00 -.110248E+00 0.698662E+00
    9  0.128112E+00 0.104556E+01 0.486049E+00
    9  -.115806E+01 -.933455E+00 -.309574E+00
    9  0.413696E-01 -.494052E+00 0.134461E+00
    9  -.119599E+01 0.398123E+00 -.565657E+00
    9  -.604095E+00 0.678516E+00 0.112999E+01
    9  0.333288E+00 0.105222E+01 0.584330E+00
    9  -.207690E+01 -.514299E+00 0.280411E-02
    9  0.628554E+00 0.559514E+00 -.469212E+00
    9  0.871660E+00 0.590795E+00 0.836033E+00
    9  -.104098E+01 -.184354E+01 -.723090E+00
    9  0.101772E+01 0.130340E+01 -.827477E+00
    9  -.415588E+00 -.821856E+00 -.517927E+00
    9  0.765416E-01 -.282037E-01 0.759528E-01
    9  -.184547E+00 -.147409E+00 0.357064E+00
    9  0.942943E+00 -.242370E+00 -.507267E+00
    9  0.193962E+00 0.126167E+01 0.643490E+00
    9  -.537062E+00 0.830425E+00 -.218440E+00
    9  -.267730E-01 -.199926E+00 -.228327E+00
    9  -.836373E+00 0.175317E+00 0.345510E-01
    9  0.511029E+00 -.456039E+00 -.503514E+00
    9  -.273816E+00 0.854261E-01 -.127062E-01
    9  -.600400E+00 0.141399E+00 0.120258E+00
    9  0.210489E+01 -.457942E+00 0.201073E+01
    9  0.567088E+00 0.239232E-01 0.541282E+00
    9  -.495774E+00 -.126543E+00 0.947690E+00
    9  -.231689E+00 0.232648E-01 -.234474E+00
    8  0.114359E+00 -.144922E+01 -.734149E+00
    8  -.745263E+00 0.276140E+00 -.761564E+00
    8  -.628461E+00 0.127406E+01 0.495225E+00
    8  0.162889E+01 -.661060E+00 0.804508E+00
    8  -.649513E+00 0.160325E+00 -.916458E+00
    8  0.222934E+01 0.158199E+01 0.172370E+01
    8  -.104337E+01 0.127773E+01 -.243080E+00
    8  -.467537E+00 0.634655E+00 0.737777E+00
    8  0.717477E+00 -.123791E+01 -.527706E-01
    8  -.500250E+00 -.160302E+00 0.486883E+00
    8  -.686724E+00 -.681188E-01 -.885122E-01
    8  0.596974E+00 0.768622E+00 -.469819E+00
    8  0.146286E+01 0.188502E+01 -.680098E+00
    8  0.495246E+00 -.688063E-01 -.619744E+00
    8  -.136271E+01 -.245101E+00 -.118528E+01
    8  -.119615E+01 -.895371E+00 -.225690E+01
    8  -.107412E+01 -.844940E+00 0.101287E+01
    8  0.246833E+01 0.184247E+01 0.556677E+00
    8  -.171713E+00 -.100978E+01 -.331558E+00
    8  0.132835E+01 0.686192E+00 0.213375E+01
    8  -.157216E+01 0.147132E+01 -.125255E+01
    8  0.743509E+00 0.312375E+00 -.307007E+00
    8  0.722115E+00 0.112793E+00 -.162899E+00
    8  -.451871E+00 -.183646E+01 -.187309E+00
    8  -.722165E+00 0.876480E+00 0.100849E+00
    8  0.900683E+00 0.563281E+00 -.623024E+00
    8  0.222165E+01 -.819416E-01 -.512563E-01
    8  -.627689E+00 -.659342E+00 -.896164E+00
    8  -.666441E-01 -.156654E+01 0.197143E+01
    8  0.378508E+00 -.704569E+00 -.210812E+00
    8  -.259653E+00 0.978588E+00 -.812496E+00
    8  -.237451E+01 -.196887E+01 0.125741E+00
    8  0.219086E+01 -.175436E+00 -.167458E-01
    8  0.605263E-01 0.963940E+00 -.930814E+00
    8  0.674831E+00 0.739057E+00 0.142370E+01
    8  0.657148E-01 -.134367E+00 -.624091E-01
    8  0.394828E+00 0.528992E+00 0.920930E+00
    8  -.100404E+01 -.767687E+00 -.705306E-01
    8  0.137307E+00 -.106289E+01 -.254794E+00
    8  0.480822E+00 0.630610E+00 0.694439E+00
    8  -.573688E+00 -.309359E+00 -.173798E+00
    8  -.558148E+00 -.762918E-01 0.641107E+00
    8  0.115897E+01 0.151617E+01 -.470496E+00
    8  0.567238E+00 -.133101E+00 0.324544E+00
    8  0.473045E-01 -.242988E+00 0.286335E+00
    8  0.391828E+00 -.122489E+00 -.607976E+00
    8  0.138158E+01 0.134421E+01 -.202411E+00
    8  0.770108E+00 0.860295E+00 0.628681E+00
    8  -.339312E+00 0.102353E+01 0.235969E+00
    8  -.178523E+00 0.819068E+00 -.602680E+00
    8  -.533280E+00 -.106932E+00 0.660154E+00
    8  0.454679E+00 0.189739E+01 -.352728E+00
    8  0.291298E+00 -.295591E+00 -.161184E+00
    8  0.329553E-01 0.464435E+00 0.787475E-01
    8  0.726764E+00 -.171263E+00 -.481115E-01
    6  0.160295E+01 0.198757E+01 0.179863E+01
    6  -.195107E+01 -.144860E+01 -.350865E+00
    6  0.159993E+01 0.109655E+01 0.153529E+01
    6  -.133733E+01 -.507414E+00 -.982958E+00
    6  0.106281E+01 0.147070E+01 0.210637E+01
    6  -.315144E+01 -.254527E+01 -.273010E+01
    6  -.145585E+01 -.333688E+01 -.115887E+01
    6  0.229340E+01 0.192252E+01 0.146924E+01
    6  -.285953E+00 0.308932E+01 0.214578E+01
    6  0.651469E+00 0.211097E+01 0.100921E+01
    6  -.108531E+01 -.255725E+01 -.197721E+01
    6  -.176809E+01 0.375578E+00 0.397605E-01
    6  0.842474E+00 -.610772E+00 0.255012E-01
    6  -.374244E+00 -.124743E+01 -.603842E+00
    6  0.322331E+01 0.112710E+01 -.499984E+00
    6  0.181617E+01 0.151660E+01 0.220432E+01
    6  -.356340E+00 -.174070E+01 -.164887E+00
    6  -.105147E+01 -.542604E+00 -.389100E+00
    6  -.189038E+01 -.294145E+01 -.224703E+01
    6  -.363864E+00 0.125077E+01 -.262920E+00
    6  -.279900E+01 -.178417E+01 -.114530E+01
    6  0.414035E+00 0.635244E+00 0.549946E+00
    6  0.999028E+00 -.281333E+00 0.977049E+00
    6  0.227153E+01 0.223030E+01 0.240064E+01
    6  -.170303E+01 -.122290E+00 0.249389E+00
    6  0.864622E+00 0.363647E+00 -.211877E-01
    6  -.189895E+01 -.652357E-02 -.194520E+00
    6  0.743211E+00 0.133113E+01 -.398800E-01
    6  0.212957E+01 0.205121E+01 0.121636E+01
    6  0.424313E+00 0.510656E+00 0.195349E+00
    6  0.404353E+00 0.666100E+00 0.243774E+00
    6  -.260661E+00 -.196453E+01 -.158748E+01
    6  0.761374E+00 0.363161E+00 0.152616E+01
    6  -.149701E+00 0.152669E+01 0.478250E+00
    6  0.267447E+01 -.397237E+00 0.423645E+00
    6  -.190408E+01 -.116953E+01 -.232056E+00
    6  0.216585E+01 -.684833E+00 0.254889E+00
    6  -.195553E+01 -.871212E+00 -.113338E+01
    6  -.209772E+01 -.247261E+01 -.131567E+01
    6  -.228034E+01 0.751091E-01 -.108965E+00
    6  -.133865E+01 -.255626E+01 -.954029E+00
    6  0.804100E+00 0.317835E+00 -.151196E+00
    6  -.251262E+00 0.152940E+01 -.703300E-01
    6  0.134556E+01 0.323840E-01 0.129271E+01
    6  -.106125E+00 0.149826E+01 -.109634E-01
    6  0.139056E+01 0.153473E+01 0.273049E+01
    6  -.946064E+00 -.646461E+00 0.427162E+00
    6  0.199802E+01 0.846276E+00 0.128858E+01
    6  -.398861E+01 -.296885E+01 -.273129E+01
    6  -.546790E+00 -.743959E+00 -.201958E+01
    6  0.372995E-01 -.245704E+01 -.109614E+01
    6  0.281179E+01 0.162020E+01 0.126044E+01
    6  -.276097E+01 -.263696E+01 -.288461E+01
    6  0.163235E+01 0.216561E+00 0.147972E+00
    6  -.391937E+00 -.358892E+00 -.172312E+01
    6  0.223742E+01 0.125295E+01 -.306231E+00
    6  -.175359E+01 -.199176E+00 -.377122E+01
    6  -.426981E+00 0.794684E-01 0.390628E+00
    6  -.161023E+01 -.127803E+01 -.258043E+01
    6  0.727401E+00 0.142309E+00 0.126749E+01
    6  0.152823E+00 -.624619E+00 -.147562E+01
    6  -.719682E+00 -.112367E+00 0.218690E+01
    6  -.122909E+01 -.153685E+01 -.502242E+00
    6  0.115167E+01 0.274446E+01 0.294000E+01
    6  -.352068E+00 -.118921E+01 -.226687E+01
    6  0.272638E+01 0.536408E+00 0.101577E+01
    6  -.608090E+00 -.669805E-01 -.222218E+01
    6  0.105506E+01 0.884438E+00 0.995249E+00
    6  -.241302E-01 -.292555E+01 -.271351E+01
    6  0.215002E+01 0.202386E+00 0.237315E+01
    6  -.135301E+01 -.790708E+00 -.739613E+00
    6  0.144965E+01 0.176090E+01 0.214073E+01
    6  0.514737E+00 -.239367E+00 -.486224E-02
    6  0.711665E+00 0.140121E+01 -.114988E+01
    6  -.162432E+01 -.182029E+01 0.730419E+00
    6  0.466906E+00 0.799785E+00 0.514286E+00
    6  -.301760E+00 0.118111E+01 0.465311E+00
    6  0.236276E+01 0.193501E+01 0.719849E+00
    6  0.149628E+01 -.611033E+00 0.339689E+00
    6  0.204607E+01 0.151474E+01 0.107541E+01
    6  -.135422E+01 -.264407E+01 -.107786E+01
    6  -.101946E+01 0.392053E+00 -.798503E+00
    6  -.827777E+00 0.678141E+00 0.526286E+00
    6  0.933554E+00 -.134023E+01 -.254984E-01
    6  -.104966E+01 0.103784E+01 -.118759E+01
    6  0.101093E+01 -.101442E+01 -.299482E+00
    6  -.948759E+00 -.199011E+01 0.514643E-01
    6  -.918265E+00 -.115421E+01 -.223142E+00
    6  0.965094E-01 -.166812E+01 -.139800E+01
    6  0.947895E+00 0.116183E+01 0.122282E+01
    6  -.172365E+01 -.165986E+01 -.140809E+01
    6  -.760869E+00 -.592429E+00 0.191179E+00
    6  -.119656E+01 -.164405E+01 -.357327E+00
    6  0.251227E+01 0.128332E+01 0.207119E+00
    6  -.486123E+00 -.896549E+00 0.538003E+00
    6  0.136267E+00 -.274118E+00 -.402723E+00
    6  0.726758E+00 -.163047E+01 -.819594E+00
    6  -.881394E+00 0.142411E+01 0.204590E+01
    6  -.179042E+01 -.857372E-01 -.450995E+00
    6  -.780429E-01 -.182607E+01 -.719147E+00
    6  0.155813E+01 -.103319E+01 0.134329E+01
    6  -.312684E+00 0.218305E+01 -.105617E+01
    6  -.180269E+01 -.205560E+00 0.413166E+00
    6  0.112086E+01 0.118118E+01 0.193808E+00
    6  -.194493E+01 -.903832E+00 -.140013E+00
    6  0.929922E+00 -.933195E+00 0.699885E+00
    6  0.435046E+00 0.280690E+00 0.101451E-01
    6  -.597877E+00 -.127048E+01 -.124781E+01
    6  0.357878E+01 0.220175E+01 0.368585E+00
    6  -.503618E+00 0.246392E+01 0.417640E-02
    6  -.159298E+01 -.234322E+01 0.190643E+00
    6  0.274908E+00 0.922355E+00 0.182269E+01
    6  -.146007E+01 -.345469E+00 -.100682E+01
    6  -.670372E+00 -.162370E+01 -.114610E+01
    6  0.166869E+01 0.748125E+00 -.295795E+00
    1  -.418599E+00 -.244641E+00 -.108646E+01
    1  -.600926E+00 -.175847E+00 0.205630E+00
    1  -.213572E-01 -.153197E+00 -.352712E+00
    1  -.254175E+00 -.102439E+00 -.123614E+00
    1  0.524127E+00 0.109963E+01 -.238822E-03
    1  0.252002E+00 0.635123E+00 0.521665E+00
    1  0.493771E+00 0.565629E+00 0.696292E+00
    1  0.180807E+00 -.581222E+00 -.250630E+00
    1  -.216078E+00 -.617162E+00 0.871063E-01
    1  -.204027E+00 -.406427E-01 -.585958E+00
    1  0.150445E+00 0.597254E+00 0.604097E+00
    1  -.545552E+00 -.554811E+00 0.100089E+00
    1  0.585466E+00 0.361297E+00 0.583744E+00
    1  -.183483E+00 -.367219E+00 -.373723E+00
    1  0.412815E+00 0.583671E+00 0.328147E+00
    1  -.447346E+00 -.231395E+00 -.683815E+00
    1  -.134616E-01 -.414290E+00 0.947656E-01
    1  0.187634E+00 0.759813E+00 0.103874E+01
    1  0.344284E-01 0.506726E+00 -.488449E+00
    1  -.590408E+00 0.673540E-01 -.155545E+00
    1  -.661017E+00 -.591998E+00 -.560730E+00
    1  0.731968E-01 -.340623E+00 -.556234E+00
    1  0.924308E-02 0.743941E-01 0.507127E+00
    1  0.633450E+00 0.452535E+00 0.439390E+00
    1  0.616878E+00 0.686737E+00 0.721115E+00
    1  0.108508E+00 0.114811E+00 0.655333E+00
    1  -.209370E+00 0.447230E+00 -.125576E+00
    1  -.426443E+00 0.611803E+00 0.805065E+00
    1  -.421274E+00 -.479608E-01 -.458443E+00
    1  0.383769E+00 0.639387E+00 0.363034E+00
    1  0.769178E-01 0.945490E-01 0.434108E+00
    1  0.768577E-01 -.567551E+00 -.392031E+00
    1  -.250335E+00 -.887717E-02 -.403301E+00
    1  -.227984E+00 0.200968E+00 0.588182E+00
    1  -.167934E-01 0.262351E-02 -.147738E+00
    1  0.401390E+00 0.154552E+00 0.141540E+00
    1  -.367765E+00 -.273583E+00 -.429305E+00
    1  -.540905E+00 0.435439E+00 -.513814E+00
    1  0.245698E+00 0.602914E+00 0.105973E+00
    1  -.525523E+00 0.468494E+00 -.110567E+00
    1  -.395574E+00 -.353421E+00 -.694722E+00
    1  -.422791E+00 -.158669E+00 -.317456E+00
    1  0.397657E+00 0.163327E-01 0.456938E-01
    1  0.570521E+00 0.568895E+00 0.584799E-01
    1  0.139078E+00 -.784176E+00 0.643920E+00
    1  0.656744E+00 0.283140E-02 0.815353E-01
    1  0.538557E+00 0.407055E+00 0.344845E+00
    1  0.326551E+00 0.272043E+00 0.782855E+00
    1  -.558105E+00 -.309707E+00 -.200825E+00
    1  0.103684E+01 -.348880E+00 -.244004E+00
    1  0.951516E-02 0.663215E-01 -.316841E+00
    1  -.531492E+00 -.255933E+00 -.112636E-01
    1  -.475906E+00 -.600276E-01 0.366334E+00
    1  0.180179E+00 -.724173E+00 -.224237E+00
    1  -.766712E+00 0.545563E+00 0.222912E+00
    1  -.558988E+00 -.943436E-02 -.422643E+00
    1  -.377755E+00 0.665736E-01 0.106190E+00
    1  0.582192E+00 -.156623E+00 -.134052E+00
    1  -.285511E+00 -.389700E+00 0.821972E+00
    1  0.121162E+00 0.366815E+00 0.176392E-01
    1  0.247829E+00 0.306436E-01 -.153872E+00
    1  -.500515E+00 -.148786E+00 -.483920E+00
    1  -.247209E+00 -.580289E+00 0.370341E-01
    1  0.662339E+00 0.114350E+00 -.174824E-01
    1  -.438062E+00 -.661254E+00 -.192307E+00
    1  -.105712E-01 -.397819E+00 0.410444E+00
    1  -.986678E+00 -.131024E+00 0.557625E-01
    1  -.569942E+00 0.220253E+00 -.617280E+00
    1  -.835309E+00 -.693604E+00 -.422141E+00
    1  -.772708E+00 -.516506E+00 -.367119E+00
    1  0.258432E+00 0.290420E+00 0.597404E-01
    1  -.147989E+00 0.284534E+00 -.891461E-01
    1  0.567394E+00 0.229028E+00 0.304731E+00
    1  -.473401E+00 -.693773E-01 -.576646E+00
    1  -.900167E-01 -.218238E+00 0.242359E+00
    1  0.347266E+00 -.181451E+00 0.479114E+00
    1  -.320692E+00 -.279168E-01 -.510878E+00
    1  0.631975E+00 0.718687E+00 0.985497E+00
    1  -.361374E+00 -.611853E+00 -.762778E+00
    1  -.166294E+00 -.153581E+00 -.889248E-01
    1  -.424561E+00 -.831528E-01 0.713987E+00
    1  0.747452E-01 0.539285E+00 0.469636E+00
    1  0.416344E+00 0.331932E+00 -.545505E+00
    1  0.104787E+00 0.677594E+00 0.239168E+00
    1  0.250413E+00 -.106367E-01 0.354556E+00
    1  0.755797E+00 0.488840E+00 0.307506E+00
    1  -.101059E+01 0.533954E+00 -.348762E+00
    1  0.712010E-01 0.266801E+00 0.622161E+00
    1  -.315544E-01 0.447398E+00 -.131156E+00
    1  -.179639E+00 0.211556E+00 -.558280E+00
    1  0.766693E+00 0.264879E+00 0.485642E+00
    1  -.316813E+00 0.331250E+00 0.100593E+01
    1  0.159187E+00 0.106124E+01 -.559435E-01
    1  0.575814E+00 0.433841E+00 0.661971E-02
    1  0.415105E+00 0.105112E+01 0.539942E+00
    1  0.651606E+00 0.116086E+00 0.598330E+00
    1  0.270007E+00 -.454079E-01 -.112890E+01
    1  -.111913E+01 0.250219E+00 -.449014E+00
    1  0.622993E+00 0.367952E+00 0.736575E+00
    1  -.764246E+00 0.225788E+00 -.847915E+00
    1  0.211931E+00 0.136702E+00 0.418617E+00
    1  -.264621E-01 0.624253E-01 -.466921E+00
    1  -.608030E+00 -.562573E+00 0.717224E+00
    1  -.613019E+00 -.609384E+00 0.217558E+00
    1  -.145429E+00 0.140234E+01 0.309001E+00
    1  0.437308E+00 -.103081E+01 0.463485E+00
    1  -.575891E+00 0.288281E-01 -.818799E+00
    1  0.766324E+00 0.293057E+00 -.323145E+00
    1  0.279325E+00 -.412779E+00 0.441825E+00
    1  -.277463E+00 0.970370E+00 0.107068E+00
    1  -.311003E-02 0.560331E+00 0.454065E+00
    1  -.334640E+00 0.119161E+01 -.445066E+00
    1  0.555690E+00 0.392305E+00 -.455514E+00
    1  0.749807E+00 0.506179E+00 -.111969E+00
    1  0.326036E+00 -.201273E+00 -.408360E+00
    1  -.661373E-01 -.117255E+00 0.124530E+00
    1  0.184505E+00 -.558810E+00 -.467127E+00
    1  -.902169E+00 -.652857E+00 0.411478E-01
    1  -.199697E+00 -.168001E+00 0.346526E+00
    1  0.517234E-01 0.122456E+00 -.448625E+00
    1  0.790581E+00 0.882655E+00 0.709729E+00
    1  0.231175E+00 0.101970E+01 0.353787E+00
    1  -.574388E+00 -.812267E+00 -.185743E+00
    1  -.567808E+00 -.135342E+00 -.241933E+00
    1  0.421723E+00 0.105448E+01 0.809095E+00
    1  -.111999E+00 -.246813E+00 -.272792E+00
    1  -.356837E+00 -.355548E+00 0.149706E+00
    1  -.558789E-01 0.714576E-01 0.188919E+00
    1  0.377712E+00 -.298954E+00 0.423867E-01
    1  -.934363E+00 0.662910E+00 -.261351E+00
    1  0.300368E+00 0.131663E+00 -.187757E+00
    1  0.521719E-01 -.163138E+00 0.117379E+00
    1  0.226728E+00 -.276712E+00 -.478782E+00
    1  0.967192E-01 0.108354E+00 -.133563E+00
    1  -.634659E-01 -.525916E+00 0.363837E-01
    1  0.268142E+00 0.610203E+00 -.145284E+00
    1  0.824060E-01 -.444131E+00 0.478682E-01
    1  -.515296E+00 -.474858E+00 0.287702E+00
    1  -.451003E+00 0.366289E+00 -.470406E+00
    1  -.279485E+00 -.177903E-01 0.547470E+00
    7  0.777390E-01 -.123174E+01 -.147990E+01
    7  0.248254E+00 -.560562E+00 0.133356E+01
    7  0.469245E+00 -.366444E+00 0.360627E+00
    7  0.389920E+00 -.312313E+00 -.168326E+01
    7  0.449668E+00 0.529771E+00 0.920115E+00
   16  -.263075E+00 0.734413E+00 0.965014E+00
   16  0.317888E+00 0.139711E+01 0.175097E+00
   16  0.184796E+01 0.162047E-01 -.882075E+00
   16  -.230818E+01 -.769166E+00 -.226855E+00
   16  -.423295E+00 -.302165E+00 0.512402E+00
   16  -.173110E+01 -.383251E+00 -.901573E+00
   16  -.313482E+01 -.156424E+01 -.146865E+01
   16  0.101090E+00 0.583637E-01 -.302297E+00
   16  -.166098E+01 -.301061E+01 -.235433E+01
   16  0.394467E+00 0.724753E+00 0.682222E+00
    3  0.462829E+00 -.108778E+00 0.175088E+00
    3  -.219681E+00 -.179830E+00 0.645387E-01
    3  -.184031E+00 -.971352E-01 0.255500E+00
    3  0.260592E+00 -.904416E-01 -.573927E+00
    3  0.254499E+00 0.187229E+00 0.615150E+00
 ***** total force *******
    0  -.131194E+00 0.449959E+00 -.699304E+00
 total computation time (sec)=   1997.04650998116     
