 
 20220410 d32bba55103a90623bd565d5741925e61270efe5
 
 ******************************************************************************
 *                                PWmat                                       *
 *                       VERSION   :   2.0.0                                  *
 *                       LICENCE TO:                                          *
 *                                  Sa Bai Sheng                               *
 *                                Fu Zhou University                           *
 *                                     By support@pwmat.com, LongXun, Beijing *
 ******************************************************************************
 *Please cite one or both following papers:                                   *
 *Jia, W., Fu, J., Cao, Z., Wang, L., Chi, X., Gao, W., & Wang, L. W. (2013). *
 *Fast plane wave density functional theory molecular dynamics calculations on*
 *multi-GPU machines. JCP, 251, 102-115.                                      *
 *Jia, W., Cao, Z., Wang, L., Fu, J., Chi, X., Gao, W., & Wang, L. W. (2013). *
 *The analysis of a plane wave pseudopotential density functional theory code *
 *on a GPU machine. CPC, 184(1), 9-18.                                        *
 ******************************************************************************
 
 read etot.input 
 
 velocity read in from atom.config         
 symmetry infos:
  pointgroup_number=1
  n_operations=1
  pointgroup_symbol=1
  hall_symbol=P 1
  hall_number=1
 generate kpoints with spatial symmetry and time symmetry
 input kpts in primary cell unit
  ===================================== 
           1 ranks per GPU
  ===================================== 
 number of nonlocal atom=         460
 n1,n2,n3=         120         120         120
 n1L,n2L,n3L=         120         120         120
 SPIN=           1
 AL1,AL2,AL3 in (x,y,z) components and A
 each line is one supercell edge vector
   18.0550000     0.0000000     0.0000000
    0.0000000    18.0820000     0.0000000
    0.0000000     0.0000000    18.0730000
 
 done read etot.input 
 
 Initialize GPU processes
 Assigning device 0  to process on node mstation rank 0, OK
 Assigning device 1  to process on node mstation rank 1, OK
 Assigning device 2  to process on node mstation rank 2, OK
 Assigning device 3  to process on node mstation rank 3, OK
 cuSparse Solver is init successfully 
 cuSparse Solver is init successfully 
 cuSparse Solver is init successfully 
 cuSparse Solver is init successfully 
 
 fft prepare 
 
  load balancing info for potential sphere
 pe.  g's. cols. 
           1      110503        1410
           2      110503        1410
           3      110504        1411
           4      110502        1411
 minimum possible value of (pot) mgz2_12 =           60
 optimal (and used) value of (pot) mgz2_12=           60
  load balancing info for potential sphere
 pe.  g's. cols. 
           1      217861        1830
           2      217800        1830
           3      217800        1830
           4      217800        1830
 minimum possible value of (pot) mgz2F_12 =           61
 optimal (and used) value of (pot) mgz2F_12=           61
 
 done fft prepare 
 
 
 init wave functions 
 
  load balancing of the first kpt
 kpt, pe.  g's. cols. 
           1       78148        1394
           2       78148        1394
           3       78231        1395
           4       78146        1394
 
 minimum possible value of mgz_12 =           43
 optimal (and used) value of mgz_12 =           43
 
 done init wave functions 
 
 
 JOB begin ...
 
  ------------Precision----------
  ---  SINGLE precision  --------
  ------------Precision----------
 input charge sum2(ido_rho,s)=           1   1932.21695701883     
 correct that to totNel   1940.00000000000     
 scf loop
 *********************************
 ****** kpt=           1
 err of each states, eV
  0.137741E+03     0.143922E+03     0.143665E+03     0.141568E+03     0.140058E+03
  0.142871E+03     0.144604E+03     0.141542E+03     0.141420E+03     0.143219E+03
  0.141006E+03     0.143708E+03     0.143632E+03     0.142090E+03     0.142535E+03
  0.142911E+03     0.144698E+03     0.140467E+03     0.148755E+03     0.141953E+03
  0.140033E+03     0.143628E+03     0.140292E+03     0.140219E+03     0.139098E+03
  0.144507E+03     0.144821E+03     0.137798E+03     0.145737E+03     0.141873E+03
  0.139939E+03     0.142832E+03     0.141048E+03     0.146042E+03     0.143689E+03
  0.142076E+03     0.146323E+03     0.143912E+03     0.142068E+03     0.144779E+03
  0.138979E+03     0.142284E+03     0.140584E+03     0.144497E+03     0.142213E+03
  0.142622E+03     0.141557E+03     0.142655E+03     0.144368E+03     0.144371E+03
  0.143019E+03     0.145486E+03     0.144820E+03     0.139434E+03     0.143860E+03
  0.144203E+03     0.145641E+03     0.143057E+03     0.146069E+03     0.144897E+03
  0.141929E+03     0.145038E+03     0.146239E+03     0.145523E+03     0.144032E+03
  0.142132E+03     0.138831E+03     0.144084E+03     0.140568E+03     0.146135E+03
  0.143431E+03     0.140029E+03     0.144696E+03     0.144512E+03     0.141433E+03
  0.145402E+03     0.143861E+03     0.146142E+03     0.147540E+03     0.142319E+03
  0.147391E+03     0.143571E+03     0.139466E+03     0.146522E+03     0.142973E+03
  0.142563E+03     0.144730E+03     0.144692E+03     0.142320E+03     0.144886E+03
  0.148209E+03     0.144501E+03     0.143781E+03     0.145482E+03     0.149922E+03
  0.146752E+03     0.143674E+03     0.142835E+03     0.139475E+03     0.143661E+03
  0.143579E+03     0.145359E+03     0.143707E+03     0.142076E+03     0.142340E+03
  0.144885E+03     0.145411E+03     0.145010E+03     0.143706E+03     0.144608E+03
  0.143848E+03     0.145103E+03     0.144769E+03     0.145345E+03     0.145952E+03
  0.147143E+03     0.143330E+03     0.141781E+03     0.143828E+03     0.146028E+03
  0.143846E+03     0.147117E+03     0.147153E+03     0.143934E+03     0.146638E+03
  0.146323E+03     0.146552E+03     0.145211E+03     0.146065E+03     0.147657E+03
  0.145839E+03     0.145947E+03     0.144120E+03     0.145393E+03     0.144254E+03
  0.144742E+03     0.145122E+03     0.145608E+03     0.145653E+03     0.145169E+03
  0.146251E+03     0.144183E+03     0.149888E+03     0.144725E+03     0.147924E+03
  0.148494E+03     0.146034E+03     0.145100E+03     0.144093E+03     0.147278E+03
  0.142779E+03     0.146871E+03     0.146473E+03     0.150046E+03     0.144355E+03
  0.146348E+03     0.147334E+03     0.142000E+03     0.142100E+03     0.149006E+03
  0.144713E+03     0.149495E+03     0.147897E+03     0.146093E+03     0.146303E+03
  0.147096E+03     0.142225E+03     0.147972E+03     0.149913E+03     0.146361E+03
  0.145307E+03     0.149892E+03     0.147641E+03     0.144213E+03     0.146760E+03
  0.149444E+03     0.147775E+03     0.146731E+03     0.146817E+03     0.150248E+03
  0.147999E+03     0.145423E+03     0.146631E+03     0.143940E+03     0.148844E+03
  0.148810E+03     0.149084E+03     0.150072E+03     0.150234E+03     0.148290E+03
  0.148854E+03     0.147969E+03     0.148308E+03     0.149114E+03     0.148751E+03
  0.146673E+03     0.147612E+03     0.146138E+03     0.146580E+03     0.146190E+03
  0.152097E+03     0.146673E+03     0.148506E+03     0.150326E+03     0.148995E+03
  0.148524E+03     0.146151E+03     0.150106E+03     0.146858E+03     0.144694E+03
  0.147449E+03     0.151122E+03     0.148692E+03     0.144724E+03     0.147101E+03
  0.148310E+03     0.149235E+03     0.147763E+03     0.149236E+03     0.149078E+03
  0.147847E+03     0.148396E+03     0.148497E+03     0.145835E+03     0.152653E+03
  0.151536E+03     0.150307E+03     0.149055E+03     0.144394E+03     0.152001E+03
  0.151998E+03     0.150214E+03     0.148588E+03     0.150214E+03     0.153286E+03
  0.150263E+03     0.148579E+03     0.149265E+03     0.146895E+03     0.149276E+03
  0.148630E+03     0.146674E+03     0.151905E+03     0.152195E+03     0.152740E+03
  0.151013E+03     0.150533E+03     0.149502E+03     0.148888E+03     0.151500E+03
  0.148816E+03     0.152029E+03     0.149821E+03     0.153720E+03     0.152118E+03
  0.149831E+03     0.148759E+03     0.149182E+03     0.149189E+03     0.148908E+03
  0.152796E+03     0.149688E+03     0.151467E+03     0.149956E+03     0.152563E+03
  0.150189E+03     0.153450E+03     0.151427E+03     0.150281E+03     0.149601E+03
  0.148851E+03     0.149156E+03     0.146801E+03     0.150073E+03     0.151620E+03
  0.150750E+03     0.148954E+03     0.150905E+03     0.149132E+03     0.150912E+03
  0.152772E+03     0.154256E+03     0.150550E+03     0.149521E+03     0.151381E+03
  0.150561E+03     0.150426E+03     0.151752E+03     0.147614E+03     0.150958E+03
  0.152017E+03     0.153090E+03     0.152529E+03     0.153895E+03     0.152741E+03
  0.154200E+03     0.153268E+03     0.149800E+03     0.148400E+03     0.150398E+03
  0.151427E+03     0.151151E+03     0.152740E+03     0.150217E+03     0.152583E+03
  0.150212E+03     0.151519E+03     0.148740E+03     0.154628E+03     0.152407E+03
  0.156202E+03     0.149493E+03     0.152199E+03     0.150517E+03     0.151127E+03
  0.152589E+03     0.148822E+03     0.152506E+03     0.153114E+03     0.150559E+03
  0.153543E+03     0.154032E+03     0.152191E+03     0.155047E+03     0.150930E+03
  0.151526E+03     0.151873E+03     0.148957E+03     0.155205E+03     0.152938E+03
  0.151197E+03     0.155827E+03     0.154467E+03     0.152181E+03     0.152792E+03
  0.149652E+03     0.151345E+03     0.155143E+03     0.153814E+03     0.152141E+03
  0.154910E+03     0.154734E+03     0.154154E+03     0.155345E+03     0.158285E+03
  0.154014E+03     0.151223E+03     0.155794E+03     0.152662E+03     0.152084E+03
  0.149753E+03     0.154350E+03     0.152866E+03     0.157887E+03     0.157234E+03
  0.152118E+03     0.153772E+03     0.154381E+03     0.154982E+03     0.151865E+03
  0.153711E+03     0.158272E+03     0.152813E+03     0.155707E+03     0.154625E+03
  0.152241E+03     0.155273E+03     0.153943E+03     0.152668E+03     0.153516E+03
  0.156409E+03     0.153686E+03     0.156515E+03     0.154876E+03     0.154439E+03
  0.152658E+03     0.154761E+03     0.159613E+03     0.156317E+03     0.153635E+03
  0.150539E+03     0.158746E+03     0.158155E+03     0.154900E+03     0.154487E+03
  0.157172E+03     0.156711E+03     0.154604E+03     0.157392E+03     0.158220E+03
  0.159087E+03     0.156754E+03     0.157662E+03     0.155173E+03     0.158642E+03
  0.153230E+03     0.158065E+03     0.158566E+03     0.155762E+03     0.157060E+03
  0.155429E+03     0.156592E+03     0.157072E+03     0.157075E+03     0.154005E+03
  0.153818E+03     0.159408E+03     0.156164E+03     0.156377E+03     0.155191E+03
  0.154894E+03     0.158375E+03     0.153621E+03     0.156648E+03     0.154073E+03
  0.158276E+03     0.153301E+03     0.158397E+03     0.159609E+03     0.159205E+03
  0.156361E+03     0.158024E+03     0.154637E+03     0.159449E+03     0.158611E+03
  0.157451E+03     0.157017E+03     0.155886E+03     0.159437E+03     0.154561E+03
  0.158493E+03     0.158254E+03     0.157159E+03     0.159383E+03     0.159051E+03
  0.154838E+03     0.156149E+03     0.158386E+03     0.157432E+03     0.159752E+03
  0.154072E+03     0.160953E+03     0.157707E+03     0.154071E+03     0.158402E+03
  0.160154E+03     0.157213E+03     0.160031E+03     0.157435E+03     0.157210E+03
  0.160893E+03     0.162534E+03     0.162525E+03     0.159304E+03     0.160574E+03
  0.160855E+03     0.160831E+03     0.155757E+03     0.160244E+03     0.158072E+03
  0.158521E+03     0.161426E+03     0.158385E+03     0.161988E+03     0.157986E+03
  0.159257E+03     0.162736E+03     0.156136E+03     0.162584E+03     0.161962E+03
  0.160722E+03     0.158948E+03     0.161234E+03     0.157474E+03     0.160772E+03
  0.158052E+03     0.157246E+03     0.158495E+03     0.160585E+03     0.158071E+03
  0.158969E+03     0.158926E+03     0.163042E+03     0.160660E+03     0.161906E+03
  0.155950E+03     0.157737E+03     0.161367E+03     0.159294E+03     0.160346E+03
  0.160237E+03     0.162857E+03     0.160519E+03     0.156974E+03     0.159818E+03
  0.160261E+03     0.161334E+03     0.159194E+03     0.162765E+03     0.160579E+03
  0.164050E+03     0.160478E+03     0.162241E+03     0.160192E+03     0.163075E+03
  0.164649E+03     0.156093E+03     0.157465E+03     0.158478E+03     0.157554E+03
  0.159661E+03     0.157978E+03     0.158188E+03     0.160892E+03     0.165324E+03
  0.161007E+03     0.157971E+03     0.164181E+03     0.161218E+03     0.162449E+03
  0.162647E+03     0.163205E+03     0.163979E+03     0.163834E+03     0.164052E+03
  0.164242E+03     0.165583E+03     0.161407E+03     0.161105E+03     0.165982E+03
  0.161071E+03     0.163508E+03     0.159343E+03     0.161075E+03     0.164288E+03
  0.164709E+03     0.162474E+03     0.164239E+03     0.162033E+03     0.159920E+03
  0.162695E+03     0.159368E+03     0.163112E+03     0.160801E+03     0.164623E+03
  0.164553E+03     0.161495E+03     0.163276E+03     0.164075E+03     0.159504E+03
  0.159068E+03     0.159125E+03     0.160549E+03     0.163817E+03     0.161806E+03
  0.162763E+03     0.167918E+03     0.168892E+03     0.164417E+03     0.163095E+03
  0.164456E+03     0.166506E+03     0.166193E+03     0.163514E+03     0.162847E+03
  0.163542E+03     0.163040E+03     0.162398E+03     0.164873E+03     0.164779E+03
  0.162672E+03     0.162166E+03     0.165280E+03     0.163385E+03     0.163548E+03
  0.164157E+03     0.163803E+03     0.166676E+03     0.161387E+03     0.166405E+03
  0.162249E+03     0.166521E+03     0.165144E+03     0.162598E+03     0.161091E+03
  0.163762E+03     0.169518E+03     0.163778E+03     0.167321E+03     0.163831E+03
  0.165475E+03     0.163895E+03     0.167087E+03     0.163882E+03     0.161555E+03
  0.163146E+03     0.168187E+03     0.163909E+03     0.163157E+03     0.162750E+03
  0.166613E+03     0.165687E+03     0.166528E+03     0.163795E+03     0.164978E+03
  0.164232E+03     0.164549E+03     0.166173E+03     0.167630E+03     0.167060E+03
  0.166591E+03     0.162635E+03     0.162154E+03     0.169941E+03     0.167112E+03
  0.167348E+03     0.165202E+03     0.164549E+03     0.167355E+03     0.166328E+03
  0.166465E+03     0.167158E+03     0.169838E+03     0.164387E+03     0.166792E+03
  0.166797E+03     0.169930E+03     0.167544E+03     0.167807E+03     0.166134E+03
  0.167230E+03     0.167047E+03     0.169801E+03     0.172308E+03     0.168200E+03
  0.161505E+03     0.166604E+03     0.164180E+03     0.165069E+03     0.170094E+03
  0.170365E+03     0.167581E+03     0.169589E+03     0.170625E+03     0.169253E+03
  0.165716E+03     0.169906E+03     0.166979E+03     0.170979E+03     0.170625E+03
  0.163656E+03     0.167479E+03     0.167605E+03     0.168391E+03     0.167274E+03
  0.172202E+03     0.168873E+03     0.169991E+03     0.170155E+03     0.165039E+03
  0.167277E+03     0.167897E+03     0.166435E+03     0.172285E+03     0.165055E+03
  0.167143E+03     0.171681E+03     0.173146E+03     0.169469E+03     0.169545E+03
  0.168852E+03     0.169042E+03     0.170945E+03     0.165946E+03     0.169002E+03
  0.174417E+03     0.170464E+03     0.167019E+03     0.170446E+03     0.167959E+03
  0.164502E+03     0.171132E+03     0.171451E+03     0.168709E+03     0.169120E+03
  0.172881E+03     0.170304E+03     0.168261E+03     0.168361E+03     0.172078E+03
  0.172633E+03     0.169893E+03     0.169027E+03     0.168953E+03     0.168141E+03
  0.168682E+03     0.172746E+03     0.168601E+03     0.170708E+03     0.171985E+03
  0.173937E+03     0.171437E+03     0.174137E+03     0.169833E+03     0.171443E+03
  0.172054E+03     0.171088E+03     0.170528E+03     0.170741E+03     0.173169E+03
  0.169381E+03     0.167318E+03     0.167980E+03     0.169960E+03     0.172752E+03
  0.171727E+03     0.172317E+03     0.169911E+03     0.173194E+03     0.170349E+03
  0.173498E+03     0.170035E+03     0.173672E+03     0.175601E+03     0.174425E+03
  0.170235E+03     0.169724E+03     0.169798E+03     0.175503E+03     0.171116E+03
  0.173148E+03     0.169882E+03     0.174777E+03     0.167270E+03     0.171665E+03
  0.171970E+03     0.170563E+03     0.173611E+03     0.175629E+03     0.169830E+03
  0.174921E+03     0.170347E+03     0.170340E+03     0.171839E+03     0.168637E+03
  0.172614E+03     0.173448E+03     0.168430E+03     0.177251E+03     0.172205E+03
  0.168649E+03     0.173739E+03     0.179241E+03     0.173873E+03     0.173439E+03
  0.176680E+03     0.172737E+03     0.172551E+03     0.174310E+03     0.172055E+03
  0.176994E+03     0.172353E+03     0.169365E+03     0.178237E+03     0.170445E+03
  0.175187E+03     0.175807E+03     0.177439E+03     0.175548E+03     0.175554E+03
  0.174186E+03     0.176731E+03     0.175557E+03     0.176559E+03     0.175817E+03
  0.174798E+03     0.172493E+03     0.173380E+03     0.174121E+03     0.176385E+03
  0.174924E+03     0.174243E+03     0.176289E+03     0.174521E+03     0.172066E+03
  0.177843E+03     0.175215E+03     0.176260E+03     0.176390E+03     0.172642E+03
  0.174055E+03     0.173442E+03     0.175154E+03     0.176175E+03     0.177476E+03
  0.176097E+03     0.176166E+03     0.175833E+03     0.174298E+03     0.175531E+03
  0.176423E+03     0.173778E+03     0.177086E+03     0.174918E+03     0.176533E+03
  0.174152E+03     0.177629E+03     0.172736E+03     0.176605E+03     0.175876E+03
  0.175513E+03     0.178433E+03     0.169939E+03     0.170357E+03     0.175647E+03
  0.177060E+03     0.174399E+03     0.176024E+03     0.177300E+03     0.176521E+03
  0.176434E+03     0.177664E+03     0.179346E+03     0.177041E+03     0.179111E+03
  0.173909E+03     0.178556E+03     0.177423E+03     0.172201E+03     0.175298E+03
  0.181459E+03     0.175499E+03     0.172509E+03     0.175660E+03     0.181167E+03
  0.178375E+03     0.175790E+03     0.176816E+03     0.177104E+03     0.174773E+03
  0.170915E+03     0.180692E+03     0.177744E+03     0.176986E+03     0.180400E+03
  0.178258E+03     0.178955E+03     0.178441E+03     0.178367E+03     0.180234E+03
  0.178802E+03     0.176121E+03     0.178568E+03     0.178891E+03     0.180664E+03
  0.177367E+03     0.177161E+03     0.176515E+03     0.178965E+03     0.179245E+03
  0.178497E+03     0.177639E+03     0.176268E+03     0.177510E+03     0.178881E+03
  0.180700E+03     0.179395E+03     0.179854E+03     0.176475E+03     0.181294E+03
  0.175388E+03     0.177460E+03     0.177343E+03     0.186196E+03     0.180412E+03
  0.180743E+03     0.184421E+03     0.181708E+03     0.179321E+03     0.179773E+03
  0.178330E+03     0.179060E+03     0.181030E+03     0.187111E+03     0.178959E+03
  0.180247E+03     0.179315E+03     0.181430E+03     0.179811E+03     0.179434E+03
  0.183481E+03     0.181170E+03     0.178096E+03     0.181509E+03     0.178117E+03
  0.178518E+03     0.178170E+03     0.180909E+03     0.183592E+03     0.176905E+03
  0.179728E+03     0.180902E+03     0.181494E+03     0.175660E+03     0.183610E+03
  0.181663E+03     0.182384E+03     0.184067E+03     0.180138E+03     0.179442E+03
  0.177962E+03     0.181104E+03     0.177979E+03     0.179154E+03     0.183835E+03
  0.180831E+03     0.183818E+03     0.182163E+03     0.183005E+03     0.181406E+03
  0.184957E+03     0.182023E+03     0.181438E+03     0.185495E+03     0.181233E+03
  0.180252E+03     0.181719E+03     0.181049E+03     0.182923E+03     0.183397E+03
  0.182326E+03     0.181406E+03     0.181471E+03     0.186027E+03     0.181156E+03
  0.180142E+03     0.179767E+03     0.178439E+03     0.183703E+03     0.184418E+03
  0.182267E+03     0.183084E+03     0.185363E+03     0.185810E+03     0.185114E+03
  0.181961E+03     0.183130E+03     0.186789E+03     0.183504E+03     0.185579E+03
  0.184295E+03     0.186579E+03     0.186716E+03     0.181515E+03     0.182864E+03
  0.183149E+03     0.184264E+03     0.184431E+03     0.187012E+03     0.182521E+03
  0.181742E+03     0.183647E+03     0.184261E+03     0.183697E+03     0.178982E+03
  0.184043E+03     0.186672E+03     0.185948E+03     0.185176E+03     0.181740E+03
  0.186930E+03     0.185439E+03     0.182010E+03     0.184388E+03     0.187873E+03
  0.182270E+03     0.186521E+03     0.187977E+03     0.186404E+03     0.186733E+03
  0.183576E+03     0.187929E+03     0.186431E+03     0.182852E+03     0.183663E+03
  0.186404E+03     0.184854E+03     0.188079E+03     0.185443E+03     0.186582E+03
  0.184329E+03     0.185233E+03     0.186378E+03     0.185748E+03     0.187033E+03
  0.183790E+03     0.183317E+03     0.187257E+03     0.184158E+03     0.190021E+03
  0.191682E+03     0.186516E+03     0.187204E+03     0.185630E+03     0.187199E+03
  0.188661E+03     0.191571E+03     0.185317E+03     0.188501E+03     0.186034E+03
  0.186996E+03     0.191060E+03     0.187538E+03     0.187576E+03     0.184681E+03
  0.186666E+03     0.186933E+03     0.185766E+03     0.188406E+03     0.188665E+03
  0.185425E+03     0.186822E+03     0.182274E+03     0.188306E+03     0.185516E+03
  0.190502E+03     0.192924E+03     0.186205E+03
 eigen energies, in ev
      0.536811         0.822138         1.001645         1.151712         1.465250
      1.534690         1.799308         1.845024         2.023269         2.190514
      2.361619         2.403476         2.569257         2.611097         2.818276
      2.906714         3.006850         3.037328         3.200931         3.240474
      3.311113         3.560211         3.627019         3.753676         3.836736
      3.889829         3.992532         4.137093         4.269422         4.325167
      4.375583         4.516675         4.570809         4.660128         4.764553
      4.889513         4.941628         5.029354         5.130420         5.266151
      5.283315         5.401534         5.516495         5.675195         5.728435
      5.794680         5.933193         5.984092         6.060393         6.179010
      6.219986         6.311846         6.383770         6.447562         6.617153
      6.672507         6.736387         6.827682         6.969174         7.036424
      7.113347         7.174528         7.243499         7.296791         7.401499
      7.419925         7.513920         7.581944         7.690510         7.800913
      7.833502         7.906358         7.990604         8.036897         8.143728
      8.285099         8.321924         8.402155         8.450373         8.554042
      8.633401         8.712435         8.728965         8.779243         8.875188
      8.947480         9.052267         9.136154         9.191603         9.283862
      9.352277         9.462542         9.536081         9.556941         9.620788
      9.678196         9.770759         9.827354         9.899558        10.005249
     10.058994        10.142851        10.161469        10.253502        10.301188
     10.358763        10.475410        10.516127        10.622130        10.702196
     10.734432        10.784270        10.841809        10.907995        10.993126
     11.052105        11.101583        11.164565        11.223112        11.284182
     11.368970        11.459787        11.495916        11.531466        11.574634
     11.654685        11.743258        11.816973        11.885057        11.962915
     12.041629        12.093994        12.123701        12.191438        12.240163
     12.270976        12.367494        12.450875        12.475785        12.565195
     12.598434        12.623820        12.737665        12.819699        12.862485
     12.935752        12.981843        13.044866        13.120274        13.177119
     13.219257        13.283871        13.301429        13.370992        13.482764
     13.530356        13.551794        13.652908        13.676781        13.744440
     13.804035        13.878821        13.897095        13.994503        14.057179
     14.106682        14.210557        14.254115        14.325389        14.388317
     14.433715        14.453590        14.585820        14.629461        14.691539
     14.764767        14.786946        14.869120        14.931937        14.980895
     15.078249        15.122272        15.184936        15.217387        15.250332
     15.300909        15.377503        15.447417        15.506712        15.611117
     15.643091        15.702725        15.748139        15.786602        15.850829
     15.908673        15.967636        16.029384        16.076012        16.127359
     16.192941        16.215342        16.336077        16.388148        16.455365
     16.481680        16.531642        16.605693        16.671635        16.703715
     16.766319        16.818280        16.891323        16.942823        17.056149
     17.100807        17.137094        17.174786        17.267810        17.341682
     17.367616        17.402495        17.488097        17.540005        17.570801
     17.628740        17.711464        17.757932        17.864413        17.886401
     17.933006        18.013184        18.046099        18.120176        18.142720
     18.216993        18.294194        18.354702        18.382384        18.514439
     18.579501        18.649725        18.683423        18.687667        18.785560
     18.871315        18.908528        18.961472        19.005470        19.068470
     19.166402        19.189630        19.234240        19.299576        19.359339
     19.406024        19.481892        19.596132        19.654893        19.756238
     19.784606        19.873349        19.921424        19.958479        20.022459
     20.061983        20.099852        20.246205        20.294277        20.387734
     20.448041        20.474548        20.550566        20.558767        20.689734
     20.739544        20.808027        20.871153        20.949100        21.015201
     21.070491        21.123834        21.211965        21.293391        21.335000
     21.396808        21.488215        21.502157        21.581692        21.677949
     21.738586        21.777711        21.882979        21.967846        22.015838
     22.088980        22.170098        22.250011        22.298414        22.361423
     22.476438        22.513478        22.619240        22.661919        22.736120
     22.810035        22.854169        22.930293        22.987828        23.066814
     23.213805        23.285671        23.316193        23.371639        23.498607
     23.549718        23.626616        23.690356        23.725900        23.791133
     23.871779        23.922845        23.990503        24.144471        24.203591
     24.312870        24.359214        24.436721        24.475463        24.604134
     24.657659        24.757877        24.835153        24.956218        25.032417
     25.094991        25.166663        25.231889        25.302553        25.370226
     25.460827        25.515110        25.559963        25.647752        25.765747
     25.851773        25.895640        25.955124        26.042170        26.161859
     26.210721        26.363642        26.465885        26.518697        26.563561
     26.710244        26.768054        26.802492        26.881976        26.998688
     27.024763        27.089775        27.190733        27.312592        27.361336
     27.410174        27.498230        27.620418        27.687122        27.735349
     27.859324        27.921415        28.035959        28.065252        28.197240
     28.280416        28.323497        28.369139        28.485404        28.603447
     28.647266        28.781654        28.900863        28.993804        29.070836
     29.218831        29.244746        29.311987        29.358351        29.419950
     29.592720        29.656659        29.714147        29.830764        29.937412
     29.995453        30.068535        30.200256        30.283133        30.350451
     30.509435        30.584075        30.635487        30.733503        30.822524
     30.915056        31.008859        31.051891        31.175176        31.241504
     31.367573        31.488606        31.536887        31.593692        31.722510
     31.904197        31.940913        31.969118        32.116124        32.178439
     32.284664        32.404768        32.528349        32.595930        32.655611
     32.717081        32.832962        32.904248        33.053025        33.150779
     33.261931        33.368997        33.405098        33.432121        33.545041
     33.778073        33.814199        33.925725        34.030793        34.094985
     34.176007        34.338576        34.397769        34.492294        34.640928
     34.687367        34.796587        34.857865        34.923688        35.059937
     35.174017        35.249767        35.403911        35.485881        35.553500
     35.702004        35.746172        35.884153        36.002717        36.082107
     36.187971        36.228321        36.391136        36.558158        36.620230
     36.681180        36.801529        36.969004        37.081736        37.164293
     37.259526        37.350903        37.402887        37.592605        37.708780
     37.758704        37.892481        38.072390        38.093633        38.255649
     38.339182        38.407780        38.551000        38.612125        38.681366
     38.853832        38.954111        39.072683        39.247734        39.293279
     39.421654        39.614446        39.726287        39.896581        40.014816
     40.108774        40.129765        40.285353        40.376494        40.449993
     40.480126        40.571813        40.785398        40.888284        41.016758
     41.069574        41.232790        41.321705        41.427946        41.465174
     41.685302        41.792496        41.923686        42.058115        42.160670
     42.252956        42.327229        42.474554        42.634543        42.789721
     42.895889        43.048089        43.095779        43.147020        43.405164
     43.426880        43.517323        43.680114        43.781620        43.937478
     43.992770        44.051505        44.269350        44.323012        44.407979
     44.537327        44.657736        44.781863        44.946381        44.996952
     45.162063        45.223094        45.351995        45.506934        45.586393
     45.735797        45.882534        45.978904        46.069802        46.190147
     46.242691        46.429171        46.632731        46.736276        46.830235
     46.974061        47.124989        47.187393        47.404139        47.550143
     47.612579        47.814808        47.883983        48.083789        48.155145
     48.308071        48.404118        48.470082        48.619009        48.794496
     48.867453        48.942828        49.086349        49.261515        49.314937
     49.542183        49.624708        49.792651        49.853359        49.931710
     50.143805        50.265903        50.389841        50.472411        50.541782
     50.735405        50.825937        50.976846        51.197706        51.287313
     51.372563        51.467797        51.680990        51.747684        51.980342
     52.121547        52.255995        52.338469        52.543412        52.729876
     52.840325        53.022635        53.194933        53.271976        53.469130
     53.546691        53.614665        53.758614        53.833523        53.974462
     54.155690        54.299820        54.353208        54.529511        54.746063
     54.906549        55.082856        55.166747        55.272768        55.470399
     55.557439        55.649318        55.842165        55.956507        56.139443
     56.261964        56.367037        56.588097        56.704525        56.912603
     56.966453        57.072061        57.299682        57.351814        57.426776
     57.547358        57.621266        57.892125        58.013867        58.157434
     58.355115        58.549434        58.680299        58.858222        59.018518
     59.197518        59.265114        59.526707        59.642999        59.752509
     59.795774        59.900695        59.994586        60.155814        60.450610
     60.561446        60.675107        60.841128        61.056529        61.236846
     61.411900        61.517190        61.629787        61.825993        61.961758
     62.063523        62.275287        62.345230        62.560804        62.768545
     62.868421        62.968664        63.139141        63.356963        63.412597
     63.620483        63.744317        63.996614        64.127927        64.229212
     64.395292        64.585413        64.761237        64.870233        64.903161
     65.110493        65.269823        65.441190        65.537855        65.671759
     65.761047        66.021951        66.239491        66.463665        66.481987
     66.879722        67.031312        67.056742        67.227202        67.517977
     67.727167        67.779902        67.952772        68.105731        68.333061
     68.531761        68.661143        68.790487        68.957548        69.129623
     69.258758        69.369029        69.625011        69.824989        69.911123
     70.032316        70.168827        70.415305        70.619537        70.796928
     70.867214        71.011291        71.220957        71.305898        71.542275
     71.707506        71.896109        71.984434        72.221637        72.414952
     72.544272        72.630632        72.761038        73.070313        73.117209
     73.269974        73.601742        73.687426        73.831542        73.899077
     74.060448        74.231516        74.500009        74.619138        74.911625
     75.006505        75.141512        75.424790        75.514145        75.734940
     75.944657        76.149485        76.325358        76.514141        76.570653
     76.815406        76.959445        77.108118        77.240849        77.401571
     77.673176        77.799244        77.879824        78.178366        78.352995
     78.618851        78.790916        78.932866        79.063008        79.250550
     79.471836        79.543297        79.944832        80.069446        80.276889
     80.510661        80.609913        80.835694        81.042639        81.229909
     81.378876        81.684803        81.769505        82.095056        82.273049
     82.346605        82.458406        82.676251        82.951030        83.060111
     83.228141        83.483887        83.540814        83.882338        84.029664
     84.315762        84.543251        84.612251        84.845214        85.113058
     85.266986        85.385363        85.641933        85.888221        85.997588
     86.238916        86.502237        86.707954        86.854873        87.034687
     87.299726        87.487241        87.856253        87.973174        88.333366
     88.414903        88.774986        88.933386        89.030025        89.293837
     89.473087        89.615440        90.017262        90.113943        90.420957
     90.554157        90.716385        90.919135        91.084862        91.258775
     91.384542        91.514189        91.734208        91.874370        92.051631
     92.428687        92.466773        92.586095        93.018445        93.339519
     93.679881        93.779617        93.922165        94.102361        94.209397
     94.666762        94.732908        95.010131        95.317970        95.434841
     95.631319        96.013388        96.272214        96.545417        96.654541
     96.746401        97.049040        97.362197        97.429736        97.732787
     97.957957        98.203039        98.375407        98.595643        98.770517
     99.002735        99.077499        99.364441        99.781494       100.038155
    100.096232       100.357817       100.493133       100.754412       100.891299
    101.230962       101.612222       101.753042       101.988775       102.211711
    102.494980       102.799591       102.939387       103.254427       103.407890
    103.769714       103.950108       104.109273       104.319179       104.532515
    104.941184       105.254962       105.472981       105.720128       105.946391
    106.103174       106.562758       106.725940       106.850884       107.328949
    107.451758       107.659735       107.979865       108.450253       108.559800
    108.827481       108.937091       109.167656       109.342575       109.693702
    109.916803       110.082018       110.458719       110.924827       110.952157
    111.216269       111.618760       111.896518       112.108458       112.407413
    112.648504       112.913275       112.960228       113.249989       113.630320
    113.823644       114.044278       114.317956       114.569201       114.991281
    115.227685       115.567381       115.891159       116.244935       116.381248
    116.964806       117.210715       117.397169       117.944780       118.177060
    118.345776       118.587290       118.995183       119.216010       119.435099
    119.873236       120.086252       120.665758       120.991033       121.178385
    121.323151       121.604008       121.798902       122.256702       122.502137
    122.807348       123.245626       123.769037       123.884519       124.042777
    124.225107       124.746546       125.037482       125.214499       125.664013
    125.960511       126.279451       126.651368       127.233422       127.427317
    127.729409       127.990737       128.319266       128.598993       129.214606
    129.472746       129.694709       130.010604       130.300392       131.129251
    131.263320       131.453499       132.164500       132.470511       132.832411
    133.078161       133.452977       133.953678       134.521699       134.811887
    134.930501       135.644039       135.793976       136.165696       136.514665
    136.728283       137.248017       137.637396       138.097867       138.697269
    139.086432       139.419411       139.997255       140.257706       140.905395
    141.463106       142.239921       142.807930       143.489585       143.694546
    144.413025       144.964170       145.400351       146.022595       146.504606
    147.062315       147.696973       148.479173       148.981557       149.934703
    150.425590       150.936906       151.951238       152.166521       154.288497
    155.184437       156.957514       157.462979
 *********************************
 sum eigen(dbl occ, ryd)=   7949.43750207805     
 *********************************
 One SCF use:    81.6333999633789       s
 *********************************
 ****** kpt=           1
 err of each states, eV
  0.408420E+02     0.399911E+02     0.404683E+02     0.409182E+02     0.408379E+02
  0.424439E+02     0.424713E+02     0.415055E+02     0.415489E+02     0.417982E+02
  0.421166E+02     0.426375E+02     0.426520E+02     0.431201E+02     0.431500E+02
  0.418151E+02     0.436925E+02     0.435253E+02     0.434881E+02     0.428907E+02
  0.439869E+02     0.442347E+02     0.442535E+02     0.441799E+02     0.447606E+02
  0.426960E+02     0.457696E+02     0.446713E+02     0.454768E+02     0.445878E+02
  0.450945E+02     0.453147E+02     0.443840E+02     0.454170E+02     0.444495E+02
  0.451501E+02     0.446218E+02     0.443081E+02     0.453530E+02     0.455025E+02
  0.455034E+02     0.448919E+02     0.454781E+02     0.458770E+02     0.467338E+02
  0.450369E+02     0.464349E+02     0.452584E+02     0.459089E+02     0.461167E+02
  0.465743E+02     0.457057E+02     0.470382E+02     0.454928E+02     0.472604E+02
  0.477302E+02     0.469487E+02     0.469053E+02     0.468132E+02     0.473458E+02
  0.484418E+02     0.474012E+02     0.473832E+02     0.477554E+02     0.473443E+02
  0.477354E+02     0.469111E+02     0.471678E+02     0.474237E+02     0.475760E+02
  0.472975E+02     0.480676E+02     0.479561E+02     0.474180E+02     0.475432E+02
  0.477189E+02     0.475059E+02     0.488411E+02     0.477564E+02     0.472662E+02
  0.483383E+02     0.478543E+02     0.475407E+02     0.477770E+02     0.475514E+02
  0.492502E+02     0.479922E+02     0.484716E+02     0.481064E+02     0.476934E+02
  0.493495E+02     0.497055E+02     0.486628E+02     0.492649E+02     0.485558E+02
  0.483979E+02     0.478779E+02     0.490205E+02     0.494209E+02     0.497331E+02
  0.492564E+02     0.488505E+02     0.494532E+02     0.489064E+02     0.496390E+02
  0.489051E+02     0.499092E+02     0.497297E+02     0.478459E+02     0.503417E+02
  0.480401E+02     0.489022E+02     0.492256E+02     0.495432E+02     0.505641E+02
  0.485408E+02     0.489040E+02     0.486823E+02     0.489902E+02     0.499661E+02
  0.476475E+02     0.501036E+02     0.490041E+02     0.507261E+02     0.489452E+02
  0.498456E+02     0.484130E+02     0.494292E+02     0.489301E+02     0.490913E+02
  0.496061E+02     0.489685E+02     0.489317E+02     0.497713E+02     0.498441E+02
  0.485661E+02     0.493519E+02     0.501027E+02     0.503025E+02     0.484455E+02
  0.497162E+02     0.487611E+02     0.484697E+02     0.490042E+02     0.494948E+02
  0.492358E+02     0.495307E+02     0.496841E+02     0.505001E+02     0.482136E+02
  0.480531E+02     0.507688E+02     0.493557E+02     0.497993E+02     0.503220E+02
  0.490531E+02     0.487885E+02     0.494533E+02     0.495821E+02     0.502503E+02
  0.501870E+02     0.492218E+02     0.489347E+02     0.497341E+02     0.498975E+02
  0.490136E+02     0.487344E+02     0.483208E+02     0.490039E+02     0.484167E+02
  0.480023E+02     0.498739E+02     0.496593E+02     0.482912E+02     0.494607E+02
  0.480146E+02     0.490617E+02     0.480202E+02     0.495490E+02     0.486706E+02
  0.486815E+02     0.489122E+02     0.486590E+02     0.487263E+02     0.488394E+02
  0.483067E+02     0.486991E+02     0.474434E+02     0.493952E+02     0.480040E+02
  0.471884E+02     0.485951E+02     0.479194E+02     0.483568E+02     0.492090E+02
  0.497289E+02     0.482186E+02     0.480057E+02     0.481107E+02     0.481926E+02
  0.493308E+02     0.497942E+02     0.476191E+02     0.477273E+02     0.485548E+02
  0.489544E+02     0.486104E+02     0.473750E+02     0.487225E+02     0.477121E+02
  0.489671E+02     0.488523E+02     0.468621E+02     0.482311E+02     0.487258E+02
  0.480473E+02     0.479251E+02     0.476780E+02     0.488834E+02     0.489409E+02
  0.473836E+02     0.477563E+02     0.485843E+02     0.477455E+02     0.478605E+02
  0.485675E+02     0.473321E+02     0.484125E+02     0.474372E+02     0.481647E+02
  0.483041E+02     0.473636E+02     0.478269E+02     0.480473E+02     0.473714E+02
  0.473515E+02     0.470446E+02     0.474911E+02     0.473496E+02     0.485966E+02
  0.476151E+02     0.471626E+02     0.471902E+02     0.482904E+02     0.475955E+02
  0.471558E+02     0.481380E+02     0.470833E+02     0.474391E+02     0.466449E+02
  0.468046E+02     0.481063E+02     0.470950E+02     0.478952E+02     0.478423E+02
  0.471737E+02     0.478068E+02     0.474737E+02     0.477912E+02     0.475734E+02
  0.468968E+02     0.480455E+02     0.479073E+02     0.477314E+02     0.478045E+02
  0.480151E+02     0.461900E+02     0.462376E+02     0.471243E+02     0.469857E+02
  0.472349E+02     0.476530E+02     0.462304E+02     0.467165E+02     0.482311E+02
  0.465129E+02     0.459642E+02     0.471489E+02     0.460977E+02     0.479797E+02
  0.461665E+02     0.463810E+02     0.463188E+02     0.471342E+02     0.470520E+02
  0.466176E+02     0.474290E+02     0.470097E+02     0.469069E+02     0.462125E+02
  0.466605E+02     0.467633E+02     0.457968E+02     0.470867E+02     0.466168E+02
  0.455048E+02     0.467995E+02     0.465013E+02     0.466753E+02     0.457246E+02
  0.463153E+02     0.467618E+02     0.467056E+02     0.463849E+02     0.466839E+02
  0.472489E+02     0.474431E+02     0.472788E+02     0.465198E+02     0.474987E+02
  0.460483E+02     0.469943E+02     0.459012E+02     0.464739E+02     0.459923E+02
  0.460359E+02     0.466114E+02     0.458474E+02     0.457021E+02     0.470437E+02
  0.466914E+02     0.457483E+02     0.457254E+02     0.467829E+02     0.462216E+02
  0.457787E+02     0.460136E+02     0.465763E+02     0.462798E+02     0.458174E+02
  0.460158E+02     0.453325E+02     0.461861E+02     0.462725E+02     0.463754E+02
  0.452934E+02     0.463223E+02     0.456134E+02     0.460166E+02     0.454380E+02
  0.453899E+02     0.461904E+02     0.459978E+02     0.464772E+02     0.470747E+02
  0.461467E+02     0.456699E+02     0.461379E+02     0.449518E+02     0.461671E+02
  0.465796E+02     0.444659E+02     0.468295E+02     0.456288E+02     0.453254E+02
  0.454896E+02     0.458281E+02     0.458149E+02     0.459642E+02     0.458794E+02
  0.451965E+02     0.452385E+02     0.456822E+02     0.451214E+02     0.451019E+02
  0.462131E+02     0.457139E+02     0.448926E+02     0.454961E+02     0.461779E+02
  0.449790E+02     0.449466E+02     0.454208E+02     0.457829E+02     0.450684E+02
  0.453127E+02     0.447855E+02     0.452965E+02     0.445715E+02     0.458355E+02
  0.460559E+02     0.453436E+02     0.455069E+02     0.459717E+02     0.461410E+02
  0.451554E+02     0.458305E+02     0.458295E+02     0.447592E+02     0.449089E+02
  0.450367E+02     0.452768E+02     0.446985E+02     0.448231E+02     0.457300E+02
  0.463788E+02     0.449984E+02     0.452689E+02     0.445676E+02     0.446470E+02
  0.447153E+02     0.447894E+02     0.454341E+02     0.439222E+02     0.448421E+02
  0.453175E+02     0.444038E+02     0.441233E+02     0.448289E+02     0.451191E+02
  0.461974E+02     0.454711E+02     0.453614E+02     0.439786E+02     0.454327E+02
  0.449347E+02     0.448065E+02     0.452476E+02     0.459693E+02     0.456722E+02
  0.448589E+02     0.451956E+02     0.443461E+02     0.449214E+02     0.452451E+02
  0.444314E+02     0.450674E+02     0.457043E+02     0.450524E+02     0.448601E+02
  0.458706E+02     0.442590E+02     0.437857E+02     0.444867E+02     0.448768E+02
  0.450102E+02     0.439174E+02     0.444671E+02     0.447221E+02     0.441793E+02
  0.444128E+02     0.454076E+02     0.454135E+02     0.433623E+02     0.453115E+02
  0.449852E+02     0.444608E+02     0.452796E+02     0.443015E+02     0.441548E+02
  0.446745E+02     0.440747E+02     0.450076E+02     0.445899E+02     0.447434E+02
  0.458582E+02     0.444066E+02     0.435803E+02     0.447485E+02     0.445188E+02
  0.453928E+02     0.439111E+02     0.444901E+02     0.446876E+02     0.447467E+02
  0.450372E+02     0.451710E+02     0.444214E+02     0.444871E+02     0.454047E+02
  0.448790E+02     0.451956E+02     0.446416E+02     0.442027E+02     0.442544E+02
  0.447707E+02     0.442589E+02     0.439327E+02     0.439352E+02     0.444295E+02
  0.440082E+02     0.444661E+02     0.439840E+02     0.446551E+02     0.442973E+02
  0.443369E+02     0.446591E+02     0.439844E+02     0.442290E+02     0.440118E+02
  0.449095E+02     0.449074E+02     0.446308E+02     0.439291E+02     0.438495E+02
  0.453448E+02     0.451253E+02     0.443703E+02     0.442440E+02     0.448280E+02
  0.441225E+02     0.437476E+02     0.450142E+02     0.437634E+02     0.434277E+02
  0.443198E+02     0.447403E+02     0.442236E+02     0.443399E+02     0.446853E+02
  0.439612E+02     0.441504E+02     0.450036E+02     0.437918E+02     0.450213E+02
  0.437888E+02     0.446851E+02     0.430941E+02     0.452821E+02     0.441499E+02
  0.444469E+02     0.440775E+02     0.438222E+02     0.437271E+02     0.446681E+02
  0.438005E+02     0.437722E+02     0.445756E+02     0.439293E+02     0.438138E+02
  0.435029E+02     0.444732E+02     0.440285E+02     0.434536E+02     0.437644E+02
  0.436026E+02     0.442863E+02     0.445136E+02     0.444581E+02     0.436074E+02
  0.443312E+02     0.439497E+02     0.449661E+02     0.436385E+02     0.443212E+02
  0.441327E+02     0.440152E+02     0.433789E+02     0.451695E+02     0.446924E+02
  0.439722E+02     0.447740E+02     0.430689E+02     0.432240E+02     0.435613E+02
  0.431909E+02     0.442533E+02     0.436574E+02     0.452900E+02     0.438806E+02
  0.433623E+02     0.442136E+02     0.436188E+02     0.442580E+02     0.441201E+02
  0.432911E+02     0.440408E+02     0.440436E+02     0.443669E+02     0.433290E+02
  0.437088E+02     0.431220E+02     0.435009E+02     0.449015E+02     0.440100E+02
  0.439900E+02     0.432895E+02     0.437221E+02     0.437422E+02     0.435467E+02
  0.426924E+02     0.427917E+02     0.437374E+02     0.439895E+02     0.438938E+02
  0.443799E+02     0.440166E+02     0.443883E+02     0.440423E+02     0.439224E+02
  0.434583E+02     0.439657E+02     0.441945E+02     0.440795E+02     0.434228E+02
  0.428749E+02     0.441310E+02     0.433334E+02     0.442444E+02     0.429805E+02
  0.438149E+02     0.433519E+02     0.429782E+02     0.440934E+02     0.440411E+02
  0.434185E+02     0.438959E+02     0.437981E+02     0.434248E+02     0.435530E+02
  0.445216E+02     0.436452E+02     0.430817E+02     0.430879E+02     0.439001E+02
  0.441115E+02     0.439228E+02     0.432683E+02     0.436142E+02     0.436151E+02
  0.436740E+02     0.432053E+02     0.439115E+02     0.433350E+02     0.435304E+02
  0.427626E+02     0.434542E+02     0.430961E+02     0.435717E+02     0.435228E+02
  0.431810E+02     0.438970E+02     0.436917E+02     0.436098E+02     0.434747E+02
  0.426479E+02     0.429279E+02     0.441602E+02     0.435516E+02     0.442985E+02
  0.434688E+02     0.433324E+02     0.447661E+02     0.434354E+02     0.433453E+02
  0.433480E+02     0.434425E+02     0.435267E+02     0.429182E+02     0.431520E+02
  0.433802E+02     0.426257E+02     0.425373E+02     0.432807E+02     0.429486E+02
  0.439017E+02     0.425615E+02     0.430115E+02     0.429611E+02     0.433355E+02
  0.440266E+02     0.427158E+02     0.433054E+02     0.440300E+02     0.442590E+02
  0.429663E+02     0.433145E+02     0.432439E+02     0.439849E+02     0.423099E+02
  0.425837E+02     0.435220E+02     0.431470E+02     0.435101E+02     0.436344E+02
  0.418224E+02     0.438369E+02     0.436944E+02     0.433746E+02     0.433200E+02
  0.431471E+02     0.441833E+02     0.422743E+02     0.426501E+02     0.435030E+02
  0.426340E+02     0.428613E+02     0.432518E+02     0.432853E+02     0.429073E+02
  0.434570E+02     0.435467E+02     0.420996E+02     0.435455E+02     0.435909E+02
  0.423645E+02     0.429987E+02     0.422159E+02     0.426953E+02     0.420693E+02
  0.426716E+02     0.424903E+02     0.443003E+02     0.436378E+02     0.429330E+02
  0.424319E+02     0.423029E+02     0.425996E+02     0.423128E+02     0.410079E+02
  0.430604E+02     0.428027E+02     0.432626E+02     0.427663E+02     0.417160E+02
  0.426937E+02     0.423771E+02     0.410863E+02     0.431106E+02     0.428239E+02
  0.432298E+02     0.429395E+02     0.414436E+02     0.442823E+02     0.415236E+02
  0.425552E+02     0.416685E+02     0.431738E+02     0.422463E+02     0.433387E+02
  0.429599E+02     0.420644E+02     0.425916E+02     0.412574E+02     0.430866E+02
  0.425595E+02     0.428007E+02     0.416947E+02     0.413490E+02     0.422780E+02
  0.421975E+02     0.422944E+02     0.414281E+02     0.418036E+02     0.417545E+02
  0.424722E+02     0.426176E+02     0.418457E+02     0.432468E+02     0.418487E+02
  0.413074E+02     0.424054E+02     0.417617E+02     0.421260E+02     0.429348E+02
  0.416777E+02     0.421652E+02     0.421145E+02     0.414964E+02     0.420131E+02
  0.423912E+02     0.424111E+02     0.426386E+02     0.425222E+02     0.428207E+02
  0.416654E+02     0.419617E+02     0.422439E+02     0.418736E+02     0.419432E+02
  0.429030E+02     0.413114E+02     0.412943E+02     0.413056E+02     0.423085E+02
  0.415964E+02     0.427764E+02     0.427004E+02     0.413940E+02     0.422200E+02
  0.419051E+02     0.421122E+02     0.432611E+02     0.415907E+02     0.407650E+02
  0.405519E+02     0.425781E+02     0.423860E+02     0.420776E+02     0.423062E+02
  0.412309E+02     0.414233E+02     0.415261E+02     0.415708E+02     0.409841E+02
  0.413819E+02     0.419398E+02     0.410359E+02     0.410906E+02     0.422329E+02
  0.402976E+02     0.416188E+02     0.413734E+02     0.423783E+02     0.417631E+02
  0.399355E+02     0.424354E+02     0.413747E+02     0.414582E+02     0.414466E+02
  0.416603E+02     0.412292E+02     0.412772E+02     0.425512E+02     0.418567E+02
  0.411854E+02     0.401766E+02     0.425932E+02     0.403982E+02     0.406776E+02
  0.414466E+02     0.408922E+02     0.398885E+02     0.404589E+02     0.411699E+02
  0.413687E+02     0.409299E+02     0.408508E+02     0.407150E+02     0.406770E+02
  0.417802E+02     0.399021E+02     0.409547E+02     0.403553E+02     0.411155E+02
  0.398536E+02     0.405372E+02     0.404097E+02     0.418114E+02     0.407285E+02
  0.399408E+02     0.407201E+02     0.406496E+02     0.399398E+02     0.392353E+02
  0.410955E+02     0.402960E+02     0.389189E+02     0.411819E+02     0.404243E+02
  0.400744E+02     0.407647E+02     0.399869E+02     0.393252E+02     0.395363E+02
  0.399077E+02     0.406001E+02     0.403507E+02     0.416025E+02     0.389003E+02
  0.405195E+02     0.403456E+02     0.397375E+02     0.404757E+02     0.401240E+02
  0.393438E+02     0.397595E+02     0.391139E+02     0.401048E+02     0.393762E+02
  0.406748E+02     0.387562E+02     0.398681E+02     0.386677E+02     0.407090E+02
  0.393409E+02     0.396705E+02     0.396791E+02     0.398979E+02     0.398565E+02
  0.408349E+02     0.391580E+02     0.401505E+02     0.401411E+02     0.404204E+02
  0.403667E+02     0.405551E+02     0.391293E+02     0.397682E+02     0.394177E+02
  0.387215E+02     0.386597E+02     0.393413E+02     0.390360E+02     0.391614E+02
  0.394798E+02     0.390404E+02     0.393303E+02     0.385155E+02     0.381198E+02
  0.388349E+02     0.396534E+02     0.393167E+02     0.404483E+02     0.386687E+02
  0.395978E+02     0.396272E+02     0.393183E+02     0.393347E+02     0.386268E+02
  0.402386E+02     0.385201E+02     0.403296E+02     0.388468E+02     0.390660E+02
  0.401197E+02     0.395397E+02     0.400118E+02     0.396800E+02     0.389250E+02
  0.380355E+02     0.384870E+02     0.375903E+02     0.386394E+02     0.393216E+02
  0.391386E+02     0.389175E+02     0.378038E+02     0.389720E+02     0.384080E+02
  0.381290E+02     0.385952E+02     0.388185E+02     0.391392E+02     0.392863E+02
  0.387768E+02     0.384440E+02     0.389254E+02     0.378074E+02     0.377586E+02
  0.374651E+02     0.383255E+02     0.383507E+02     0.379796E+02     0.373439E+02
  0.384499E+02     0.382897E+02     0.385354E+02     0.377030E+02     0.383017E+02
  0.382999E+02     0.377415E+02     0.383294E+02     0.366202E+02     0.388022E+02
  0.386838E+02     0.382332E+02     0.380228E+02     0.380176E+02     0.381199E+02
  0.383319E+02     0.391578E+02     0.378602E+02     0.367754E+02     0.377634E+02
  0.378055E+02     0.379325E+02     0.378349E+02     0.385456E+02     0.380963E+02
  0.374901E+02     0.373610E+02     0.373851E+02     0.375823E+02     0.369609E+02
  0.367049E+02     0.369385E+02     0.372591E+02     0.371961E+02     0.377716E+02
  0.382849E+02     0.375555E+02     0.369768E+02     0.370379E+02     0.364672E+02
  0.376501E+02     0.379206E+02     0.379586E+02     0.376050E+02     0.373438E+02
  0.371960E+02     0.371377E+02     0.370373E+02     0.366381E+02     0.371044E+02
  0.372296E+02     0.371242E+02     0.367860E+02     0.367424E+02     0.372617E+02
  0.367306E+02     0.369469E+02     0.378988E+02     0.373477E+02     0.373187E+02
  0.373744E+02     0.369047E+02     0.371743E+02     0.364183E+02     0.369003E+02
  0.366594E+02     0.368848E+02     0.373373E+02     0.381643E+02     0.379097E+02
  0.376428E+02     0.366693E+02     0.375086E+02     0.373802E+02     0.378927E+02
  0.384417E+02     0.371261E+02     0.367116E+02     0.368333E+02     0.368824E+02
  0.377155E+02     0.386616E+02     0.388233E+02
 eigen energies, in ev
    -29.499460       -29.312264       -29.041831       -28.607730       -28.158408
    -24.081822       -23.943504       -23.913662       -23.788429       -23.722579
    -23.652966       -23.632492       -23.575653       -23.518200       -23.482604
    -23.446511       -23.398883       -23.376266       -23.323568       -23.282255
    -23.265371       -23.209094       -23.180866       -23.142097       -23.105264
    -23.080099       -23.056209       -22.996017       -22.974257       -22.956578
    -22.923920       -22.878278       -22.831621       -22.801752       -22.769336
    -22.746780       -22.726395       -22.701229       -22.674886       -22.644862
    -22.602873       -22.565884       -22.538987       -22.525150       -22.468453
    -22.456554       -22.420048       -22.400082       -22.368444       -22.354742
    -22.306450       -22.288612       -22.263119       -22.216844       -22.208665
    -22.180640       -22.165983       -22.127554       -22.109553       -22.066358
    -22.037719       -22.000479       -21.950944       -21.947158       -21.934322
    -21.872910       -21.835573       -21.811121       -21.801044       -21.764385
    -21.730748       -21.714100       -21.677639       -21.626142       -21.590449
    -21.581540       -21.533907       -21.492052       -21.464294       -21.433588
    -21.403860       -21.370688       -21.306791       -21.292950       -21.276330
    -21.242593       -21.208109       -21.200052       -21.152561       -21.135091
    -21.099337       -21.080387       -21.059883       -21.014672       -20.982399
    -20.952107       -20.903434       -20.884692       -20.862338       -20.841703
    -20.795532       -20.781520       -20.747087       -20.722175       -20.705278
    -20.680202       -20.651894       -20.629709       -20.587268       -20.564374
    -20.547812       -20.520250       -20.498790       -20.470363       -20.450954
    -20.433830       -20.417643       -20.396452       -20.374593       -20.345127
    -20.323769       -20.306855       -20.284994       -20.239286       -20.225643
    -20.197481       -20.179392       -20.136947       -20.117374       -20.087930
    -20.074028       -20.047951       -20.008311       -19.979310       -19.962857
    -19.945980       -19.927109       -19.879237       -19.863175       -19.815208
    -19.800421       -19.751318       -19.724841       -19.718087       -19.701202
    -19.658095       -19.653619       -19.614998       -19.592967       -19.548006
    -19.522103       -19.503923       -19.476482       -19.445001       -19.413796
    -19.365149       -19.354506       -19.307419       -19.296549       -19.236728
    -19.211099       -19.184052       -19.154781       -19.121991       -19.101486
    -19.038842       -19.026531       -18.975611       -18.945648       -18.876468
    -18.856804       -18.834695       -18.817024       -18.741964       -18.707249
    -18.669730       -18.623535       -18.582834       -18.562648       -18.508486
    -18.474915       -18.442681       -18.383113       -18.304807       -18.285832
    -18.197082       -18.057549       -17.997891       -17.888276       -17.783318
    -16.738854       -16.588171       -16.266613       -16.073587       -15.839645
    -15.788481       -15.599365       -15.540904       -15.478741       -15.419470
    -15.357952       -15.250653       -15.176368       -15.027027       -14.941158
    -14.728000       -14.647575       -14.598711       -14.476928       -14.416013
    -14.339899       -14.230579       -14.174423       -14.084535       -13.932062
    -13.483473       -13.238229       -13.151147       -13.075688       -12.998727
    -12.952898       -12.886023       -12.803064       -12.771423       -12.646572
    -12.615268       -12.450155       -12.418746       -12.271673       -11.965820
    -11.180023       -11.070834       -10.999658       -10.924459       -10.890132
    -10.826472       -10.784096       -10.710422       -10.682173       -10.576782
    -10.496352       -10.451753       -10.394348       -10.317574       -10.276462
    -10.201559       -10.177504       -10.116236       -10.040264        -9.981570
     -9.905477        -9.852151        -9.759346        -9.711573        -9.652499
     -9.548922        -9.524391        -9.446578        -9.394712        -9.327597
     -9.259296        -9.197926        -9.170075        -9.111438        -9.067535
     -9.014885        -8.960314        -8.917106        -8.866232        -8.810966
     -8.651233        -8.581244        -8.465658        -8.296257        -8.192844
     -7.626782        -7.391878        -7.276844        -7.190995        -7.113624
     -7.058869        -7.008440        -6.959113        -6.874647        -6.798468
     -6.671282        -6.602141        -6.535173        -6.466074        -6.453605
     -6.397984        -6.342598        -6.308908        -6.265087        -6.197187
     -6.146582        -6.134061        -6.114340        -6.075132        -6.037709
     -6.010548        -5.962046        -5.937120        -5.887860        -5.869898
     -5.834779        -5.805941        -5.777524        -5.743893        -5.666947
     -5.653455        -5.620736        -5.603544        -5.581194        -5.552976
     -5.497006        -5.470865        -5.452469        -5.404597        -5.372177
     -5.314013        -5.269628        -5.251964        -5.215649        -5.196212
     -5.180642        -5.155115        -5.114750        -5.057424        -5.003932
     -4.972578        -4.955073        -4.912112        -4.880812        -4.840294
     -4.772274        -4.727443        -4.692180        -4.660208        -4.636974
     -4.624745        -4.595632        -4.536526        -4.510055        -4.450735
     -4.416806        -4.396409        -4.367354        -4.353737        -4.315189
     -4.277599        -4.248436        -4.198546        -4.179727        -4.134352
     -4.079885        -4.059448        -4.018056        -3.976141        -3.957302
     -3.952441        -3.915896        -3.874988        -3.843932        -3.825349
     -3.790452        -3.755835        -3.734992        -3.700312        -3.666723
     -3.638513        -3.615319        -3.589241        -3.572988        -3.534939
     -3.498563        -3.472637        -3.439657        -3.387345        -3.366627
     -3.337022        -3.302057        -3.254630        -3.226842        -3.192389
     -3.174932        -3.151169        -3.126508        -3.084900        -3.074720
     -3.039726        -3.011153        -2.962474        -2.944906        -2.921978
     -2.878901        -2.851535        -2.815259        -2.779630        -2.761280
     -2.727099        -2.685288        -2.669092        -2.635871        -2.605136
     -2.579267        -2.556663        -2.535945        -2.504067        -2.470667
     -2.447549        -2.402757        -2.349253        -2.321740        -2.314028
     -2.280286        -2.236606        -2.208128        -2.188830        -2.156963
     -2.104631        -2.045165        -2.020562        -2.009993        -1.981116
     -1.942256        -1.923103        -1.872631        -1.836423        -1.818847
     -1.787527        -1.758238        -1.731417        -1.672385        -1.661570
     -1.629013        -1.609845        -1.582473        -1.536283        -1.502431
     -1.483249        -1.427025        -1.408045        -1.396983        -1.346668
     -1.333215        -1.292284        -1.259496        -1.235374        -1.217640
     -1.187024        -1.152994        -1.132093        -1.097338        -1.057941
     -1.005442        -0.996083        -0.953050        -0.933545        -0.912999
     -0.884748        -0.848828        -0.831714        -0.795406        -0.766864
     -0.723084        -0.705849        -0.676752        -0.625776        -0.605280
     -0.589392        -0.557585        -0.513636        -0.492685        -0.467396
     -0.436097        -0.398054        -0.389635        -0.358721        -0.332646
     -0.277867        -0.237222        -0.228894        -0.171340        -0.162618
     -0.141161        -0.095752        -0.061830        -0.026916        -0.017218
      0.014816         0.038562         0.055266         0.092823         0.119915
      0.143029         0.172531         0.197804         0.214625         0.262376
      0.290672         0.326374         0.377471         0.400196         0.429509
      0.471900         0.481525         0.519862         0.537812         0.591275
      0.634675         0.652481         0.674964         0.725382         0.744131
      0.767235         0.800516         0.827575         0.851162         0.894586
      0.938894         0.972268         1.006323         1.038944         1.079649
      1.106058         1.134733         1.152003         1.179375         1.214517
      1.245928         1.279991         1.324235         1.355155         1.390655
      1.418028         1.431603         1.464953         1.540020         1.583703
      1.611747         1.634629         1.671583         1.692454         1.702295
      1.723924         1.802207         1.847111         1.870175         1.915361
      1.968607         1.977026         2.008412         2.046751         2.097708
      2.140838         2.164332         2.215199         2.238435         2.269863
      2.307418         2.330089         2.372391         2.386802         2.439735
      2.471829         2.486753         2.531045         2.553567         2.614975
      2.635509         2.669835         2.700857         2.710929         2.788015
      2.801233         2.844729         2.862069         2.906295         2.923264
      2.956163         2.970162         3.028108         3.066538         3.086352
      3.115986         3.143103         3.171866         3.228220         3.236932
      3.274086         3.304862         3.329971         3.361407         3.389936
      3.439328         3.472176         3.513373         3.522481         3.563835
      3.582291         3.610900         3.674142         3.688400         3.716243
      3.740927         3.799007         3.814266         3.841668         3.884931
      3.899960         3.943491         3.958081         3.996614         4.033940
      4.065850         4.089591         4.122199         4.159336         4.182729
      4.233402         4.256396         4.267295         4.303336         4.335986
      4.357719         4.364068         4.394498         4.440390         4.453884
      4.492049         4.527985         4.565508         4.580269         4.591208
      4.640296         4.678640         4.708648         4.719983         4.745072
      4.766208         4.797885         4.809809         4.845393         4.888032
      4.919831         4.959621         4.987386         5.029864         5.047502
      5.082154         5.107412         5.138690         5.161484         5.191571
      5.214990         5.236911         5.271455         5.320338         5.330049
      5.360511         5.372136         5.398619         5.416291         5.463865
      5.506727         5.538681         5.573385         5.587995         5.602325
      5.630549         5.676412         5.687084         5.716101         5.740556
      5.769850         5.799195         5.843576         5.852338         5.905078
      5.911489         5.954417         5.975300         6.009529         6.018189
      6.042148         6.077301         6.095264         6.123152         6.172233
      6.189793         6.224179         6.237257         6.283517         6.316592
      6.342833         6.361359         6.397298         6.426420         6.458563
      6.485814         6.518955         6.542234         6.564462         6.588852
      6.614876         6.638524         6.670459         6.704997         6.738001
      6.752756         6.788327         6.806270         6.821782         6.863896
      6.894638         6.929856         6.937565         6.993914         7.014188
      7.035600         7.069032         7.103249         7.128520         7.170555
      7.188203         7.213428         7.223591         7.262261         7.285138
      7.319954         7.339007         7.371871         7.430374         7.438623
      7.460083         7.492133         7.503681         7.559782         7.583070
      7.619411         7.645981         7.668750         7.724974         7.734793
      7.768059         7.811124         7.823133         7.845154         7.866181
      7.890896         7.918524         7.972046         7.997922         8.015564
      8.064175         8.086322         8.111556         8.150314         8.157321
      8.206060         8.223035         8.257127         8.297027         8.316772
      8.356381         8.374411         8.407210         8.456829         8.490095
      8.524489         8.549100         8.570170         8.629635         8.652457
      8.685383         8.719432         8.755827         8.771428         8.819600
      8.845166         8.887130         8.895785         8.921142         8.931418
      8.980970         9.012014         9.045324         9.103052         9.131303
      9.162303         9.180373         9.209475         9.244937         9.270674
      9.317906         9.329548         9.374579         9.404664         9.436186
      9.472290         9.487504         9.558141         9.582353         9.601697
      9.619090         9.655097         9.694923         9.737997         9.771232
      9.786453         9.824355         9.853340         9.877886         9.894765
      9.963506         9.979081         9.998613        10.049423        10.088006
     10.122032        10.136903        10.162625        10.195075        10.240900
     10.270051        10.301633        10.347207        10.361642        10.389354
     10.423371        10.461173        10.483287        10.563121        10.576660
     10.615555        10.632769        10.725457        10.734408        10.744429
     10.787670        10.820442        10.840536        10.875831        10.936021
     10.979763        10.990882        10.994064        11.068545        11.109940
     11.136929        11.174423        11.195726        11.250907        11.290397
     11.327343        11.346978        11.405641        11.429142        11.484010
     11.496987        11.549672        11.574986        11.609210        11.632647
     11.676209        11.711030        11.734573        11.791697        11.825866
     11.860887        11.915002        11.928593        11.968414        12.004006
     12.076704        12.106771        12.115670        12.131795        12.204353
     12.267131        12.282295        12.316869        12.365079        12.419620
     12.440697        12.455871        12.498942        12.527792        12.565767
     12.625482        12.690014        12.699965        12.751649        12.798428
     12.852785        12.884221        12.913005        12.970374        12.980023
     13.027690        13.060329        13.102737        13.145965        13.161727
     13.222365        13.256235        13.310285        13.348113        13.399095
     13.458124        13.485264        13.514460        13.562948        13.616674
     13.678010        13.687177        13.721235        13.768573        13.795824
     13.854914        13.888810        13.949287        13.981161        14.047561
     14.114257        14.155786        14.208061        14.244874        14.299540
     14.345809        14.415710        14.453294        14.505115        14.533453
     14.624107        14.669207        14.717856        14.811712        14.845088
     14.884457        14.949065        14.970033        15.061511        15.120957
     15.156275        15.192029        15.244273        15.323021        15.375031
     15.406027        15.480914        15.519613        15.605013        15.710658
     15.759738        15.829813        15.865026        15.926645        16.017284
     16.111096        16.159868        16.206341        16.289099        16.330130
     16.359801        16.511498        16.553908        16.585248        16.663044
     16.803704        16.827238        16.903215        16.956392        17.064205
     17.106531        17.244987        17.313376        17.408601        17.501010
     17.596263        17.639663        17.740201        17.830999        17.947626
     18.118068        18.169182        18.227293        18.285054        18.517080
     18.660922        18.734995        18.855216        18.990843        19.060896
     19.224859        19.388111        19.633373        19.704107        19.857488
     20.034644        20.082964        20.326639        20.408977        20.706860
     20.846895        20.980401        21.072737        21.119674        21.415461
     21.692369        21.936174        22.101694        22.208575        22.471326
     22.568868        22.860978        23.290014        23.456772        23.840483
     24.263491        24.464170        24.740925        25.545892        25.935774
     26.338004        26.542606        27.179481
 *********************************
 sum eigen(dbl occ, ryd)=  -138.277562384713     
 *********************************
 One SCF use:    81.0988841056824       s
 *********************************
 ****** kpt=           1
 err of each states, eV
  0.161260E+02     0.159479E+02     0.160077E+02     0.163910E+02     0.164755E+02
  0.516401E+01     0.497585E+01     0.510430E+01     0.524497E+01     0.526218E+01
  0.490608E+01     0.496111E+01     0.487571E+01     0.474818E+01     0.483068E+01
  0.501056E+01     0.506487E+01     0.486038E+01     0.503036E+01     0.494989E+01
  0.514536E+01     0.498123E+01     0.493221E+01     0.504450E+01     0.512406E+01
  0.495075E+01     0.508035E+01     0.501327E+01     0.501919E+01     0.494324E+01
  0.513951E+01     0.508740E+01     0.521625E+01     0.509215E+01     0.509647E+01
  0.522745E+01     0.501477E+01     0.517476E+01     0.538736E+01     0.529273E+01
  0.525143E+01     0.522342E+01     0.533862E+01     0.541831E+01     0.503646E+01
  0.519608E+01     0.504019E+01     0.540734E+01     0.520798E+01     0.536238E+01
  0.526197E+01     0.544136E+01     0.538518E+01     0.513980E+01     0.562902E+01
  0.521374E+01     0.537081E+01     0.536412E+01     0.533846E+01     0.522334E+01
  0.546934E+01     0.536899E+01     0.517134E+01     0.533021E+01     0.540574E+01
  0.536311E+01     0.533437E+01     0.523049E+01     0.526259E+01     0.529051E+01
  0.556114E+01     0.519684E+01     0.538451E+01     0.546885E+01     0.525449E+01
  0.509701E+01     0.529809E+01     0.518361E+01     0.517849E+01     0.545171E+01
  0.541405E+01     0.517553E+01     0.510896E+01     0.487158E+01     0.524146E+01
  0.491143E+01     0.539208E+01     0.517166E+01     0.491655E+01     0.489507E+01
  0.512748E+01     0.507887E+01     0.498138E+01     0.497011E+01     0.504729E+01
  0.507795E+01     0.504719E+01     0.508574E+01     0.494894E+01     0.476801E+01
  0.486156E+01     0.482891E+01     0.503632E+01     0.498694E+01     0.476358E+01
  0.514861E+01     0.499061E+01     0.494098E+01     0.503636E+01     0.502889E+01
  0.491506E+01     0.504345E+01     0.500094E+01     0.500020E+01     0.504779E+01
  0.504349E+01     0.510806E+01     0.498556E+01     0.502458E+01     0.502516E+01
  0.511995E+01     0.522205E+01     0.495549E+01     0.499977E+01     0.494924E+01
  0.507472E+01     0.515455E+01     0.512083E+01     0.503545E+01     0.538902E+01
  0.518381E+01     0.523577E+01     0.507612E+01     0.520350E+01     0.512353E+01
  0.526500E+01     0.526075E+01     0.519227E+01     0.519521E+01     0.543741E+01
  0.517790E+01     0.539713E+01     0.521355E+01     0.534660E+01     0.558783E+01
  0.530771E+01     0.528136E+01     0.529709E+01     0.542675E+01     0.551378E+01
  0.556357E+01     0.547143E+01     0.536993E+01     0.560513E+01     0.558731E+01
  0.560770E+01     0.553272E+01     0.560704E+01     0.542339E+01     0.562700E+01
  0.550354E+01     0.553792E+01     0.572206E+01     0.577026E+01     0.569087E+01
  0.579611E+01     0.563897E+01     0.572298E+01     0.555220E+01     0.572893E+01
  0.551847E+01     0.586950E+01     0.571349E+01     0.567588E+01     0.570533E+01
  0.574607E+01     0.591807E+01     0.582085E+01     0.595680E+01     0.607524E+01
  0.578798E+01     0.594166E+01     0.578512E+01     0.606310E+01     0.578105E+01
  0.602187E+01     0.583925E+01     0.588383E+01     0.569414E+01     0.571609E+01
  0.496273E+01     0.489615E+01     0.485275E+01     0.477614E+01     0.500576E+01
  0.508750E+01     0.521149E+01     0.517503E+01     0.523841E+01     0.530680E+01
  0.537258E+01     0.521840E+01     0.531529E+01     0.528030E+01     0.530178E+01
  0.506387E+01     0.504597E+01     0.498461E+01     0.491043E+01     0.503730E+01
  0.497544E+01     0.481933E+01     0.508870E+01     0.506696E+01     0.517058E+01
  0.591743E+01     0.577628E+01     0.598960E+01     0.594330E+01     0.589628E+01
  0.581820E+01     0.598202E+01     0.599569E+01     0.601224E+01     0.601076E+01
  0.606709E+01     0.603382E+01     0.604552E+01     0.621521E+01     0.619212E+01
  0.610617E+01     0.621697E+01     0.599647E+01     0.602917E+01     0.612535E+01
  0.628179E+01     0.620340E+01     0.619513E+01     0.600481E+01     0.618094E+01
  0.628974E+01     0.628052E+01     0.618300E+01     0.636462E+01     0.626921E+01
  0.634107E+01     0.653353E+01     0.648112E+01     0.650829E+01     0.659808E+01
  0.652049E+01     0.664955E+01     0.672746E+01     0.655878E+01     0.655420E+01
  0.654426E+01     0.668012E+01     0.658446E+01     0.669402E+01     0.677683E+01
  0.666431E+01     0.672838E+01     0.683429E+01     0.676731E+01     0.664325E+01
  0.672285E+01     0.698615E+01     0.700321E+01     0.717134E+01     0.671563E+01
  0.746524E+01     0.760120E+01     0.759246E+01     0.793307E+01     0.788968E+01
  0.838648E+01     0.837278E+01     0.831355E+01     0.849556E+01     0.820647E+01
  0.844339E+01     0.852056E+01     0.833001E+01     0.851510E+01     0.865947E+01
  0.849487E+01     0.857060E+01     0.840315E+01     0.840435E+01     0.879155E+01
  0.869014E+01     0.852377E+01     0.836286E+01     0.850288E+01     0.869161E+01
  0.873998E+01     0.867844E+01     0.853943E+01     0.849217E+01     0.862786E+01
  0.850944E+01     0.895879E+01     0.859040E+01     0.857555E+01     0.861971E+01
  0.872499E+01     0.871668E+01     0.877249E+01     0.889544E+01     0.869837E+01
  0.906204E+01     0.894364E+01     0.865508E+01     0.873204E+01     0.899950E+01
  0.918763E+01     0.889968E+01     0.901323E+01     0.905489E+01     0.865254E+01
  0.904381E+01     0.888806E+01     0.889007E+01     0.899586E+01     0.894871E+01
  0.896841E+01     0.906885E+01     0.876756E+01     0.905141E+01     0.916671E+01
  0.900350E+01     0.925392E+01     0.909616E+01     0.905404E+01     0.909075E+01
  0.909751E+01     0.946688E+01     0.914525E+01     0.909211E+01     0.918762E+01
  0.904080E+01     0.923328E+01     0.922700E+01     0.916765E+01     0.929887E+01
  0.921335E+01     0.928751E+01     0.939401E+01     0.910691E+01     0.941321E+01
  0.930208E+01     0.914671E+01     0.926733E+01     0.935084E+01     0.944202E+01
  0.943342E+01     0.928829E+01     0.926649E+01     0.950922E+01     0.962643E+01
  0.951294E+01     0.952194E+01     0.920583E+01     0.955153E+01     0.955961E+01
  0.966567E+01     0.968984E+01     0.954116E+01     0.987309E+01     0.959864E+01
  0.990752E+01     0.962733E+01     0.952533E+01     0.949481E+01     0.988409E+01
  0.964531E+01     0.991405E+01     0.992184E+01     0.984424E+01     0.983343E+01
  0.100168E+02     0.101880E+02     0.997120E+01     0.962394E+01     0.103611E+02
  0.968184E+01     0.998466E+01     0.998512E+01     0.985609E+01     0.103550E+02
  0.101557E+02     0.989347E+01     0.101820E+02     0.102528E+02     0.100974E+02
  0.104849E+02     0.104381E+02     0.104371E+02     0.105405E+02     0.102697E+02
  0.103683E+02     0.105801E+02     0.106606E+02     0.105772E+02     0.103440E+02
  0.107496E+02     0.108050E+02     0.106748E+02     0.106531E+02     0.106532E+02
  0.106018E+02     0.106825E+02     0.105505E+02     0.108399E+02     0.109747E+02
  0.111603E+02     0.109773E+02     0.110022E+02     0.107999E+02     0.108754E+02
  0.105821E+02     0.108552E+02     0.114301E+02     0.110173E+02     0.111261E+02
  0.111768E+02     0.111555E+02     0.112816E+02     0.112521E+02     0.112088E+02
  0.113528E+02     0.112608E+02     0.114727E+02     0.115579E+02     0.114257E+02
  0.112949E+02     0.116327E+02     0.120401E+02     0.115602E+02     0.116654E+02
  0.118354E+02     0.118166E+02     0.116873E+02     0.120170E+02     0.118989E+02
  0.118445E+02     0.120015E+02     0.118871E+02     0.120637E+02     0.120281E+02
  0.122543E+02     0.122903E+02     0.120982E+02     0.121686E+02     0.125186E+02
  0.123578E+02     0.124544E+02     0.121208E+02     0.120399E+02     0.123029E+02
  0.126206E+02     0.121812E+02     0.125621E+02     0.124997E+02     0.125345E+02
  0.125631E+02     0.129558E+02     0.127234E+02     0.126389E+02     0.131360E+02
  0.128872E+02     0.133341E+02     0.127478E+02     0.128061E+02     0.129847E+02
  0.128847E+02     0.126641E+02     0.130283E+02     0.127401E+02     0.129761E+02
  0.129154E+02     0.131631E+02     0.130073E+02     0.136265E+02     0.132864E+02
  0.135686E+02     0.134110E+02     0.133269E+02     0.130249E+02     0.131647E+02
  0.134239E+02     0.131912E+02     0.137436E+02     0.134454E+02     0.137791E+02
  0.136779E+02     0.139195E+02     0.138701E+02     0.135771E+02     0.141005E+02
  0.137182E+02     0.135096E+02     0.136227E+02     0.136117E+02     0.138422E+02
  0.140147E+02     0.141230E+02     0.141914E+02     0.144673E+02     0.143829E+02
  0.142574E+02     0.144694E+02     0.145270E+02     0.143116E+02     0.146538E+02
  0.145823E+02     0.143830E+02     0.145941E+02     0.144151E+02     0.148442E+02
  0.149885E+02     0.151231E+02     0.146587E+02     0.149088E+02     0.149180E+02
  0.153721E+02     0.149867E+02     0.149825E+02     0.152149E+02     0.147832E+02
  0.151106E+02     0.152050E+02     0.153870E+02     0.153856E+02     0.154368E+02
  0.151906E+02     0.153974E+02     0.154851E+02     0.159569E+02     0.156897E+02
  0.155803E+02     0.154722E+02     0.156722E+02     0.157663E+02     0.160285E+02
  0.160048E+02     0.157007E+02     0.158029E+02     0.160265E+02     0.164952E+02
  0.161433E+02     0.160286E+02     0.161224E+02     0.164577E+02     0.167894E+02
  0.160437E+02     0.164983E+02     0.166318E+02     0.167873E+02     0.162176E+02
  0.161881E+02     0.162868E+02     0.167006E+02     0.165674E+02     0.168289E+02
  0.167132E+02     0.169850E+02     0.171273E+02     0.168765E+02     0.169087E+02
  0.172083E+02     0.175277E+02     0.175779E+02     0.172925E+02     0.173296E+02
  0.171409E+02     0.176494E+02     0.173986E+02     0.175597E+02     0.172391E+02
  0.177366E+02     0.177712E+02     0.179843E+02     0.179835E+02     0.177115E+02
  0.179306E+02     0.178973E+02     0.181952E+02     0.180949E+02     0.182297E+02
  0.183931E+02     0.186277E+02     0.181199E+02     0.180240E+02     0.185299E+02
  0.183774E+02     0.179400E+02     0.188999E+02     0.185173E+02     0.185973E+02
  0.189685E+02     0.184398E+02     0.188900E+02     0.181633E+02     0.190677E+02
  0.188957E+02     0.192040E+02     0.186073E+02     0.189446E+02     0.191594E+02
  0.191965E+02     0.192503E+02     0.197380E+02     0.192883E+02     0.190782E+02
  0.190404E+02     0.193154E+02     0.194536E+02     0.190668E+02     0.194001E+02
  0.196436E+02     0.197346E+02     0.197033E+02     0.194850E+02     0.199369E+02
  0.195770E+02     0.194299E+02     0.194281E+02     0.199995E+02     0.193078E+02
  0.197228E+02     0.194051E+02     0.192925E+02     0.196913E+02     0.201068E+02
  0.193293E+02     0.197616E+02     0.203000E+02     0.195987E+02     0.201811E+02
  0.199867E+02     0.204191E+02     0.203952E+02     0.201081E+02     0.200235E+02
  0.197476E+02     0.201469E+02     0.203467E+02     0.203225E+02     0.201525E+02
  0.201197E+02     0.206603E+02     0.205318E+02     0.203972E+02     0.204769E+02
  0.204452E+02     0.203086E+02     0.202928E+02     0.205872E+02     0.210780E+02
  0.206588E+02     0.206536E+02     0.206538E+02     0.208748E+02     0.202555E+02
  0.207945E+02     0.206837E+02     0.204888E+02     0.206915E+02     0.206432E+02
  0.213381E+02     0.209082E+02     0.204783E+02     0.205493E+02     0.209356E+02
  0.214048E+02     0.208675E+02     0.212238E+02     0.210121E+02     0.209522E+02
  0.211205E+02     0.213322E+02     0.210173E+02     0.216430E+02     0.209259E+02
  0.207859E+02     0.217097E+02     0.214860E+02     0.218238E+02     0.217317E+02
  0.213797E+02     0.215276E+02     0.216591E+02     0.213659E+02     0.214232E+02
  0.216411E+02     0.216711E+02     0.215544E+02     0.217764E+02     0.218478E+02
  0.222734E+02     0.213082E+02     0.215107E+02     0.215515E+02     0.217177E+02
  0.219682E+02     0.219527E+02     0.212667E+02     0.217542E+02     0.220956E+02
  0.217537E+02     0.219787E+02     0.219274E+02     0.214854E+02     0.215875E+02
  0.212309E+02     0.219868E+02     0.218717E+02     0.219406E+02     0.218718E+02
  0.217801E+02     0.217085E+02     0.219582E+02     0.222829E+02     0.222965E+02
  0.218559E+02     0.222458E+02     0.221877E+02     0.220303E+02     0.218649E+02
  0.219048E+02     0.217862E+02     0.222625E+02     0.222688E+02     0.225073E+02
  0.222062E+02     0.224265E+02     0.224044E+02     0.222721E+02     0.220823E+02
  0.220963E+02     0.220119E+02     0.223583E+02     0.222970E+02     0.221517E+02
  0.223819E+02     0.228561E+02     0.223844E+02     0.228323E+02     0.227331E+02
  0.221037E+02     0.225172E+02     0.220686E+02     0.225522E+02     0.221877E+02
  0.223532E+02     0.227706E+02     0.227350E+02     0.227127E+02     0.223162E+02
  0.222039E+02     0.220153E+02     0.226201E+02     0.222477E+02     0.224106E+02
  0.219891E+02     0.221702E+02     0.224100E+02     0.223439E+02     0.227381E+02
  0.225325E+02     0.226026E+02     0.223584E+02     0.223597E+02     0.225331E+02
  0.226156E+02     0.227181E+02     0.223898E+02     0.225343E+02     0.225866E+02
  0.225056E+02     0.221873E+02     0.222866E+02     0.227477E+02     0.221449E+02
  0.226382E+02     0.228675E+02     0.228304E+02     0.224580E+02     0.229508E+02
  0.224565E+02     0.218991E+02     0.221197E+02     0.226531E+02     0.226442E+02
  0.221192E+02     0.225038E+02     0.224420E+02     0.223100E+02     0.227806E+02
  0.228380E+02     0.223383E+02     0.224381E+02     0.220827E+02     0.227503E+02
  0.223986E+02     0.227490E+02     0.221621E+02     0.221707E+02     0.221828E+02
  0.218813E+02     0.217019E+02     0.216522E+02     0.216430E+02     0.222843E+02
  0.220284E+02     0.220615E+02     0.222320E+02     0.219739E+02     0.218095E+02
  0.218804E+02     0.216367E+02     0.223232E+02     0.223261E+02     0.217591E+02
  0.220047E+02     0.212949E+02     0.215486E+02     0.224200E+02     0.218215E+02
  0.218930E+02     0.217976E+02     0.214569E+02     0.218104E+02     0.215115E+02
  0.224832E+02     0.214049E+02     0.216734E+02     0.218783E+02     0.211588E+02
  0.219789E+02     0.214196E+02     0.216483E+02     0.219333E+02     0.215561E+02
  0.214484E+02     0.208493E+02     0.215741E+02     0.214904E+02     0.209606E+02
  0.215513E+02     0.216455E+02     0.212341E+02     0.214124E+02     0.210292E+02
  0.209088E+02     0.214366E+02     0.208920E+02     0.214769E+02     0.219831E+02
  0.205953E+02     0.211487E+02     0.208994E+02     0.217554E+02     0.214364E+02
  0.204895E+02     0.210317E+02     0.213545E+02     0.211385E+02     0.215485E+02
  0.208752E+02     0.213898E+02     0.208652E+02     0.211157E+02     0.206112E+02
  0.211127E+02     0.208046E+02     0.208128E+02     0.207188E+02     0.203295E+02
  0.203549E+02     0.204916E+02     0.207438E+02     0.203190E+02     0.201369E+02
  0.208143E+02     0.200841E+02     0.204529E+02     0.204340E+02     0.206657E+02
  0.198862E+02     0.200881E+02     0.202219E+02     0.208464E+02     0.203663E+02
  0.198031E+02     0.192848E+02     0.200277E+02     0.200401E+02     0.197955E+02
  0.198854E+02     0.196724E+02     0.201092E+02     0.202605E+02     0.198001E+02
  0.202326E+02     0.202642E+02     0.197451E+02     0.200286E+02     0.195181E+02
  0.196776E+02     0.185006E+02     0.193809E+02     0.197665E+02     0.193704E+02
  0.188404E+02     0.196491E+02     0.200028E+02     0.192944E+02     0.195877E+02
  0.202379E+02     0.198803E+02     0.193021E+02     0.196045E+02     0.190833E+02
  0.193765E+02     0.186636E+02     0.187652E+02     0.191104E+02     0.197208E+02
  0.187891E+02     0.183365E+02     0.193166E+02     0.200083E+02     0.183874E+02
  0.183966E+02     0.187698E+02     0.189501E+02     0.190978E+02     0.194030E+02
  0.192259E+02     0.188071E+02     0.185952E+02     0.185825E+02     0.191941E+02
  0.181272E+02     0.180533E+02     0.184535E+02     0.184185E+02     0.186272E+02
  0.175902E+02     0.181881E+02     0.186285E+02     0.182938E+02     0.184520E+02
  0.184747E+02     0.181253E+02     0.179519E+02     0.181559E+02     0.177617E+02
  0.177776E+02     0.191864E+02     0.181105E+02     0.178478E+02     0.182350E+02
  0.177512E+02     0.178167E+02     0.179069E+02     0.178328E+02     0.173598E+02
  0.184768E+02     0.176312E+02     0.173915E+02     0.177573E+02     0.173534E+02
  0.174541E+02     0.179857E+02     0.172457E+02     0.176124E+02     0.173656E+02
  0.172654E+02     0.176264E+02     0.177357E+02     0.168641E+02     0.177332E+02
  0.173107E+02     0.175473E+02     0.179690E+02     0.170687E+02     0.181011E+02
  0.174445E+02     0.177733E+02     0.170804E+02     0.167224E+02     0.174736E+02
  0.169693E+02     0.170501E+02     0.174236E+02     0.167858E+02     0.168390E+02
  0.174051E+02     0.166260E+02     0.167399E+02     0.167288E+02     0.167957E+02
  0.168812E+02     0.165142E+02     0.163067E+02     0.171906E+02     0.161936E+02
  0.163632E+02     0.162339E+02     0.165845E+02     0.170781E+02     0.161530E+02
  0.162625E+02     0.164933E+02     0.161610E+02     0.165784E+02     0.164716E+02
  0.163370E+02     0.165726E+02     0.160652E+02     0.159138E+02     0.162292E+02
  0.162933E+02     0.159782E+02     0.159813E+02
 eigen energies, in ev
    -45.710967       -45.531386       -45.323475       -44.842586       -44.758953
    -28.100878       -27.943866       -27.891080       -27.840045       -27.638714
    -27.564142       -27.524884       -27.507562       -27.435353       -27.414407
    -27.400213       -27.384363       -27.355414       -27.335997       -27.306296
    -27.290275       -27.280631       -27.273503       -27.270626       -27.249762
    -27.215399       -27.189380       -27.177611       -27.159984       -27.089667
    -27.066909       -27.051765       -27.044185       -27.012899       -27.002092
    -26.994850       -26.981994       -26.954846       -26.947299       -26.930410
    -26.924736       -26.917549       -26.894813       -26.876624       -26.859399
    -26.813008       -26.800230       -26.797160       -26.788098       -26.772465
    -26.762892       -26.755411       -26.724308       -26.713254       -26.678925
    -26.646311       -26.612169       -26.604844       -26.582251       -26.575414
    -26.563502       -26.552372       -26.542201       -26.520628       -26.519806
    -26.490199       -26.480062       -26.416097       -26.404375       -26.379863
    -26.353011       -26.274179       -26.265724       -26.209299       -26.165288
    -26.144134       -26.118827       -26.107709       -26.081289       -26.034820
    -25.961778       -25.912286       -25.897612       -25.887008       -25.878238
    -25.864722       -25.857084       -25.841061       -25.835682       -25.782710
    -25.779595       -25.757219       -25.701319       -25.678848       -25.671571
    -25.660466       -25.644940       -25.641000       -25.638654       -25.631141
    -25.630654       -25.623715       -25.618792       -25.615125       -25.608552
    -25.604676       -25.598439       -25.582381       -25.570578       -25.549842
    -25.530996       -25.516022       -25.492779       -25.479236       -25.470428
    -25.463976       -25.455803       -25.438860       -25.428365       -25.409493
    -25.392937       -25.379801       -25.360745       -25.341660       -25.290812
    -25.283486       -25.279514       -25.276196       -25.269645       -25.253821
    -25.245482       -25.224642       -25.206116       -25.202121       -25.190377
    -25.178684       -25.169603       -25.118228       -25.050800       -25.003423
    -24.980585       -24.951567       -24.908793       -24.897431       -24.886527
    -24.879128       -24.840090       -24.823315       -24.775381       -24.747188
    -24.680345       -24.488243       -24.370664       -24.351524       -24.119501
    -24.088352       -23.951156       -23.911156       -23.872223       -23.842904
    -23.826663       -23.813251       -23.796548       -23.739173       -23.734629
    -23.692684       -23.497755       -23.448981       -23.433414       -23.302226
    -23.289050       -23.228654       -23.184582       -23.177831       -23.156391
    -23.125838       -23.102495       -23.068209       -23.065288       -23.042350
    -23.036674       -23.021121       -22.837827       -22.760579       -22.736888
    -22.699699       -22.673452       -22.610326       -22.285964       -22.194307
    -20.073537       -19.895339       -19.487870       -19.298901       -19.006971
    -18.909364       -18.575835       -18.496565       -18.386892       -18.361957
    -18.343691       -18.215251       -18.108417       -18.065378       -17.879431
    -17.858183       -17.682628       -17.598148       -17.543498       -17.517603
    -17.397929       -17.368751       -17.236436       -17.176984       -17.109942
    -17.054433       -16.706390       -16.602674       -16.593271       -16.525187
    -16.456921       -16.444217       -16.393949       -16.377157       -16.355099
    -16.274542       -16.225887       -16.117623       -15.961365       -15.641819
    -14.994989       -14.776695       -14.769264       -14.623527       -14.593673
    -14.561833       -14.500012       -14.483877       -14.472463       -14.396792
    -14.361856       -14.332546       -14.285140       -14.271879       -14.255721
    -14.239320       -14.220895       -14.209629       -14.206967       -14.101580
    -14.073166       -14.046433       -14.006305       -13.985267       -13.954289
    -13.940332       -13.911292       -13.891076       -13.841922       -13.818793
    -13.728699       -13.694519       -13.585645       -13.502442       -13.477904
    -13.437479       -13.402452       -13.380278       -13.362889       -13.346482
    -13.307060       -13.227530       -13.201722       -13.139834       -13.103462
    -12.988616       -12.376571       -12.350383       -12.309590       -12.285134
    -12.251718       -12.165179       -12.127839       -12.040542       -12.019717
    -11.950546       -11.862689       -11.820998       -11.795669       -11.738182
    -11.722133       -11.643066       -11.553491       -11.527187       -11.511774
    -11.491177       -11.465274       -11.459781       -11.435917       -11.389210
    -11.381984       -11.346919       -11.335841       -11.327030       -11.280780
    -11.262609       -11.218578       -11.205268       -11.177193       -11.096452
    -11.084381       -11.054027       -11.027202       -11.012185       -10.986498
    -10.968358       -10.946859       -10.909710       -10.904512       -10.895918
    -10.881466       -10.870799       -10.859535       -10.831464       -10.816286
    -10.801280       -10.773777       -10.766011       -10.740520       -10.702175
    -10.678747       -10.612105       -10.548605       -10.518304       -10.508151
    -10.455718       -10.440513       -10.421415       -10.392727       -10.371385
    -10.339214       -10.299109       -10.264339       -10.244239       -10.213196
    -10.194215       -10.159797       -10.152447       -10.141179       -10.128190
    -10.105134       -10.097684       -10.077827       -10.060616       -10.046422
    -10.030206       -10.023052       -10.015454        -9.983320        -9.974043
     -9.964219        -9.944130        -9.934919        -9.916771        -9.893401
     -9.883728        -9.876213        -9.864140        -9.846185        -9.834171
     -9.823803        -9.805340        -9.793375        -9.770745        -9.748080
     -9.737638        -9.726396        -9.715579        -9.711880        -9.697942
     -9.679878        -9.671701        -9.655319        -9.640420        -9.632849
     -9.615469        -9.605589        -9.590696        -9.583358        -9.576416
     -9.564805        -9.550719        -9.544592        -9.531023        -9.518222
     -9.506012        -9.485707        -9.469801        -9.460775        -9.456386
     -9.443277        -9.425139        -9.410436        -9.400720        -9.391395
     -9.385344        -9.379241        -9.360449        -9.355646        -9.351098
     -9.342129        -9.336489        -9.310725        -9.303444        -9.285087
     -9.280123        -9.273381        -9.262009        -9.253649        -9.229721
     -9.219200        -9.207186        -9.198572        -9.181824        -9.163441
     -9.148263        -9.130094        -9.126627        -9.105321        -9.098661
     -9.072739        -9.064356        -9.058957        -9.044879        -9.022414
     -9.014705        -8.996502        -8.981437        -8.972987        -8.959805
     -8.934670        -8.925138        -8.914632        -8.896553        -8.886971
     -8.878961        -8.863729        -8.851631        -8.837119        -8.824739
     -8.803993        -8.790705        -8.768072        -8.762156        -8.735469
     -8.717175        -8.710779        -8.702572        -8.694135        -8.680775
     -8.660121        -8.654813        -8.639341        -8.634878        -8.619163
     -8.610027        -8.593397        -8.587157        -8.578291        -8.561629
     -8.550115        -8.541760        -8.525519        -8.518266        -8.503828
     -8.487376        -8.469780        -8.465575        -8.452826        -8.448191
     -8.434659        -8.420113        -8.416428        -8.406151        -8.395508
     -8.377318        -8.371948        -8.364943        -8.351516        -8.325278
     -8.317075        -8.307925        -8.297731        -8.291176        -8.274137
     -8.256499        -8.236899        -8.226928        -8.210372        -8.193595
     -8.177756        -8.168191        -8.159586        -8.132358        -8.118114
     -8.099297        -8.094569        -8.071665        -8.051204        -8.022873
     -8.006355        -8.001401        -7.987348        -7.981366        -7.957444
     -7.950840        -7.939021        -7.923554        -7.911352        -7.899392
     -7.891473        -7.877151        -7.859998        -7.851928        -7.841580
     -7.827781        -7.806560        -7.802398        -7.782955        -7.771768
     -7.758465        -7.751127        -7.736563        -7.729356        -7.713244
     -7.700259        -7.682563        -7.653017        -7.644914        -7.629861
     -7.613048        -7.605892        -7.591986        -7.565041        -7.556115
     -7.539144        -7.517409        -7.508756        -7.491801        -7.481995
     -7.453178        -7.438955        -7.420045        -7.407133        -7.388983
     -7.370820        -7.355548        -7.349403        -7.323599        -7.299623
     -7.285486        -7.261293        -7.249885        -7.238382        -7.230104
     -7.196155        -7.186977        -7.164215        -7.158368        -7.144676
     -7.128303        -7.098165        -7.070989        -7.056292        -7.035835
     -7.021465        -6.985704        -6.981713        -6.969348        -6.945403
     -6.930627        -6.921663        -6.890621        -6.887165        -6.875597
     -6.864483        -6.841447        -6.809834        -6.796922        -6.776150
     -6.766949        -6.749255        -6.718932        -6.707774        -6.675156
     -6.654201        -6.634873        -6.627904        -6.605933        -6.591890
     -6.568369        -6.537153        -6.509047        -6.486316        -6.461962
     -6.443837        -6.429118        -6.408197        -6.386313        -6.335636
     -6.313531        -6.307788        -6.280655        -6.262117        -6.234724
     -6.221092        -6.180476        -6.163865        -6.142512        -6.113672
     -6.086033        -6.067944        -6.026880        -6.011325        -5.981805
     -5.976632        -5.940834        -5.924755        -5.903168        -5.876829
     -5.867896        -5.850897        -5.835261        -5.807105        -5.775698
     -5.759801        -5.735854        -5.722773        -5.712571        -5.688139
     -5.656648        -5.649341        -5.618741        -5.578672        -5.569732
     -5.558962        -5.530991        -5.504319        -5.491211        -5.465586
     -5.453317        -5.442522        -5.422643        -5.409472        -5.392310
     -5.379882        -5.369173        -5.342488        -5.323454        -5.299133
     -5.292165        -5.270510        -5.259434        -5.238419        -5.217256
     -5.191099        -5.182728        -5.169029        -5.149015        -5.128309
     -5.117720        -5.094451        -5.084034        -5.065324        -5.049551
     -5.025756        -5.013523        -5.006135        -5.000878        -4.976902
     -4.968753        -4.945047        -4.934872        -4.913560        -4.897066
     -4.880597        -4.869435        -4.849903        -4.835047        -4.821803
     -4.810425        -4.790197        -4.786179        -4.760501        -4.750241
     -4.740342        -4.720013        -4.707393        -4.683878        -4.673796
     -4.662725        -4.647631        -4.628070        -4.617153        -4.598361
     -4.590372        -4.579475        -4.563311        -4.555472        -4.548825
     -4.528302        -4.513997        -4.509157        -4.473937        -4.466124
     -4.455865        -4.444948        -4.425107        -4.411101        -4.397805
     -4.379861        -4.361523        -4.343104        -4.331868        -4.314139
     -4.304527        -4.293283        -4.281801        -4.265288        -4.254198
     -4.234970        -4.229706        -4.213478        -4.201989        -4.179187
     -4.163419        -4.146975        -4.134837        -4.131273        -4.109579
     -4.101549        -4.080856        -4.069360        -4.063997        -4.029861
     -4.021702        -4.002682        -3.980761        -3.970799        -3.956141
     -3.937967        -3.920732        -3.898439        -3.883773        -3.861463
     -3.848962        -3.842490        -3.815141        -3.805766        -3.794420
     -3.778464        -3.762234        -3.746999        -3.726580        -3.717533
     -3.701442        -3.672701        -3.662828        -3.644542        -3.635241
     -3.617735        -3.606865        -3.582034        -3.572346        -3.558141
     -3.531884        -3.522160        -3.503113        -3.497093        -3.482534
     -3.453263        -3.435788        -3.424375        -3.416618        -3.396405
     -3.374405        -3.363675        -3.349285        -3.326196        -3.310882
     -3.294474        -3.264696        -3.248865        -3.223991        -3.206832
     -3.181788        -3.172635        -3.161756        -3.133641        -3.117087
     -3.103292        -3.093291        -3.075451        -3.029672        -3.005472
     -2.989095        -2.966239        -2.944807        -2.919356        -2.909960
     -2.889318        -2.861741        -2.844884        -2.837631        -2.814151
     -2.780962        -2.761283        -2.755186        -2.706300        -2.693428
     -2.677310        -2.650691        -2.629254        -2.607517        -2.585170
     -2.560615        -2.543744        -2.504403        -2.488589        -2.477159
     -2.460864        -2.437157        -2.415900        -2.395312        -2.388779
     -2.343132        -2.336299        -2.314900        -2.287092        -2.270363
     -2.245158        -2.224313        -2.194471        -2.171470        -2.150798
     -2.113701        -2.087087        -2.068435        -2.037880        -2.018977
     -1.968209        -1.956420        -1.931587        -1.907757        -1.878272
     -1.865267        -1.830823        -1.805833        -1.795421        -1.758060
     -1.737258        -1.700596        -1.676210        -1.645935        -1.612980
     -1.590652        -1.545271        -1.530315        -1.510179        -1.481828
     -1.428980        -1.400187        -1.360534        -1.332280        -1.320474
     -1.274220        -1.230528        -1.203076        -1.176354        -1.145243
     -1.117534        -1.050331        -1.025818        -0.980505        -0.938751
     -0.918696        -0.883021        -0.812418        -0.790263        -0.781102
     -0.722435        -0.631990        -0.595364        -0.578715        -0.505220
     -0.420244        -0.399216        -0.352061        -0.293386        -0.256904
     -0.215127        -0.173942        -0.141785        -0.096212        -0.032501
      0.017118         0.063732         0.114679         0.204991         0.269227
      0.339273         0.376946         0.460817         0.487031         0.591957
      0.657079         0.695316         0.808724         0.907743         0.942664
      1.073425         1.142123         1.233849         1.320820         1.386400
      1.460922         1.527476         1.648393         1.708972         1.904401
      1.975405         2.025457         2.075859         2.110249         2.258333
      2.425937         2.500734         2.551756         2.750885         2.771416
      2.915876         3.027642         3.124400         3.168964         3.249814
      3.332445         3.430102         3.600238         3.696980         3.779042
      3.874647         4.034089         4.144535         4.244203         4.287401
      4.416705         4.541035         4.618858         4.647341         4.741558
      4.796655         4.932209         4.979285         5.094479         5.188339
      5.211361         5.323740         5.370288         5.490934         5.556128
      5.611151         5.666957         5.754261         5.801583         5.902874
      6.007485         6.082093         6.158759         6.175548         6.270417
      6.305933         6.349781         6.422940         6.433470         6.528679
      6.576977         6.693881         6.717232         6.751302         6.801435
      6.864307         6.900090         6.914616         6.994174         7.054113
      7.148797         7.232005         7.289931         7.331585         7.364779
      7.412256         7.493397         7.511470         7.590639         7.637189
      7.704499         7.746043         7.828532         7.898044         7.942642
      7.964385         8.009059         8.124830         8.173163         8.212030
      8.310713         8.353801         8.432454         8.517467         8.547817
      8.601217         8.700045         8.737438         8.818338         8.915497
      9.006610         9.128368         9.293709
 *********************************
 sum eigen(dbl occ, ryd)=  -1436.80892426629     
 *********************************
 One SCF use:    81.1088290214539       s
 *********************************
 ****** kpt=           1
 err of each states, eV
  0.298595E+01     0.300165E+01     0.300150E+01     0.297957E+01     0.312565E+01
  0.117262E+01     0.121217E+01     0.128247E+01     0.115370E+01     0.128154E+01
  0.111220E+01     0.102503E+01     0.108863E+01     0.105352E+01     0.116521E+01
  0.117417E+01     0.115133E+01     0.110513E+01     0.105331E+01     0.111131E+01
  0.113042E+01     0.112949E+01     0.117380E+01     0.112866E+01     0.110758E+01
  0.109848E+01     0.101672E+01     0.108258E+01     0.111574E+01     0.108304E+01
  0.107277E+01     0.102731E+01     0.111183E+01     0.113988E+01     0.114415E+01
  0.114024E+01     0.102354E+01     0.108625E+01     0.109887E+01     0.114349E+01
  0.105972E+01     0.109457E+01     0.112650E+01     0.103601E+01     0.106244E+01
  0.101280E+01     0.109799E+01     0.102366E+01     0.104949E+01     0.108883E+01
  0.105284E+01     0.112459E+01     0.105589E+01     0.101668E+01     0.110170E+01
  0.109368E+01     0.983031E+00     0.102223E+01     0.102368E+01     0.102576E+01
  0.104300E+01     0.983189E+00     0.107286E+01     0.102943E+01     0.103945E+01
  0.107098E+01     0.117061E+01     0.974249E+00     0.850753E+00     0.994853E+00
  0.102834E+01     0.963581E+00     0.881888E+00     0.100832E+01     0.982938E+00
  0.983751E+00     0.108693E+01     0.115043E+01     0.803300E+00     0.102887E+01
  0.116843E+01     0.118654E+01     0.900098E+00     0.110241E+01     0.847481E+00
  0.111965E+01     0.819564E+00     0.815522E+00     0.795967E+00     0.101077E+01
  0.963524E+00     0.860245E+00     0.793975E+00     0.107235E+01     0.855846E+00
  0.778879E+00     0.987723E+00     0.790995E+00     0.822010E+00     0.923396E+00
  0.800103E+00     0.822820E+00     0.844511E+00     0.881108E+00     0.902983E+00
  0.973461E+00     0.913744E+00     0.877018E+00     0.108191E+01     0.818556E+00
  0.808813E+00     0.803352E+00     0.783749E+00     0.803549E+00     0.105110E+01
  0.807622E+00     0.908915E+00     0.762348E+00     0.832866E+00     0.754214E+00
  0.753615E+00     0.782485E+00     0.808284E+00     0.797884E+00     0.741359E+00
  0.758101E+00     0.741792E+00     0.746285E+00     0.755081E+00     0.759665E+00
  0.793138E+00     0.789471E+00     0.747837E+00     0.773898E+00     0.771557E+00
  0.789130E+00     0.762173E+00     0.777536E+00     0.768310E+00     0.112942E+01
  0.781942E+00     0.733190E+00     0.744606E+00     0.729452E+00     0.802715E+00
  0.799606E+00     0.760078E+00     0.120596E+01     0.731256E+00     0.111735E+01
  0.111061E+01     0.111698E+01     0.108524E+01     0.113911E+01     0.121749E+01
  0.113507E+01     0.877946E+00     0.929713E+00     0.119700E+01     0.825466E+00
  0.868601E+00     0.891933E+00     0.119207E+01     0.840669E+00     0.819686E+00
  0.931175E+00     0.748512E+00     0.920012E+00     0.755989E+00     0.107573E+01
  0.107561E+01     0.760741E+00     0.771282E+00     0.772780E+00     0.783117E+00
  0.786897E+00     0.779350E+00     0.795472E+00     0.792333E+00     0.104431E+01
  0.888675E+00     0.771965E+00     0.719475E+00     0.714929E+00     0.110320E+01
  0.108681E+01     0.117450E+01     0.783320E+00     0.112341E+01     0.108131E+01
  0.840722E+00     0.763543E+00     0.793596E+00     0.774805E+00     0.809604E+00
  0.123361E+01     0.111499E+01     0.105511E+01     0.111268E+01     0.101883E+01
  0.115399E+01     0.118111E+01     0.120281E+01     0.118497E+01     0.104667E+01
  0.775952E+00     0.634043E+00     0.621517E+00     0.605101E+00     0.629917E+00
  0.635338E+00     0.621168E+00     0.635948E+00     0.597979E+00     0.609352E+00
  0.151190E+01     0.145518E+01     0.154883E+01     0.159757E+01     0.159846E+01
  0.143423E+01     0.151189E+01     0.147888E+01     0.156152E+01     0.157032E+01
  0.151223E+01     0.154950E+01     0.145421E+01     0.163520E+01     0.164721E+01
  0.180533E+01     0.177784E+01     0.187864E+01     0.164340E+01     0.179161E+01
  0.187721E+01     0.184564E+01     0.187104E+01     0.175108E+01     0.149021E+01
  0.185560E+01     0.154144E+01     0.180513E+01     0.164701E+01     0.184967E+01
  0.201313E+01     0.160379E+01     0.165434E+01     0.180287E+01     0.186701E+01
  0.167733E+01     0.207260E+01     0.189531E+01     0.189457E+01     0.157436E+01
  0.179745E+01     0.191001E+01     0.190330E+01     0.191784E+01     0.172363E+01
  0.196510E+01     0.169477E+01     0.182252E+01     0.194696E+01     0.188757E+01
  0.182693E+01     0.172837E+01     0.200105E+01     0.176438E+01     0.186447E+01
  0.174708E+01     0.183109E+01     0.183205E+01     0.184937E+01     0.180579E+01
  0.181747E+01     0.171181E+01     0.173797E+01     0.173173E+01     0.173296E+01
  0.172305E+01     0.174669E+01     0.169659E+01     0.210735E+01     0.201811E+01
  0.191665E+01     0.244427E+01     0.225542E+01     0.217816E+01     0.218560E+01
  0.225092E+01     0.170077E+01     0.221031E+01     0.213261E+01     0.215104E+01
  0.221585E+01     0.215714E+01     0.218221E+01     0.219028E+01     0.225860E+01
  0.222806E+01     0.212286E+01     0.213374E+01     0.219794E+01     0.214769E+01
  0.220510E+01     0.221443E+01     0.212351E+01     0.222333E+01     0.207259E+01
  0.207169E+01     0.201840E+01     0.181190E+01     0.206607E+01     0.193454E+01
  0.201551E+01     0.192161E+01     0.206128E+01     0.208043E+01     0.208453E+01
  0.205683E+01     0.215680E+01     0.212905E+01     0.211635E+01     0.204166E+01
  0.198485E+01     0.187649E+01     0.205087E+01     0.196655E+01     0.177381E+01
  0.207579E+01     0.216453E+01     0.191238E+01     0.155947E+01     0.201486E+01
  0.191033E+01     0.182241E+01     0.156975E+01     0.142345E+01     0.150883E+01
  0.178980E+01     0.171335E+01     0.192538E+01     0.202219E+01     0.164768E+01
  0.181924E+01     0.210729E+01     0.205038E+01     0.188893E+01     0.177363E+01
  0.172495E+01     0.173534E+01     0.190863E+01     0.204314E+01     0.176504E+01
  0.192025E+01     0.173252E+01     0.177829E+01     0.171824E+01     0.200175E+01
  0.207672E+01     0.199137E+01     0.203344E+01     0.192726E+01     0.183273E+01
  0.186257E+01     0.188981E+01     0.205547E+01     0.212976E+01     0.209173E+01
  0.204573E+01     0.209115E+01     0.204748E+01     0.185171E+01     0.200655E+01
  0.212833E+01     0.175492E+01     0.190862E+01     0.184894E+01     0.201559E+01
  0.184263E+01     0.203150E+01     0.195141E+01     0.201792E+01     0.209055E+01
  0.206122E+01     0.205034E+01     0.186255E+01     0.196856E+01     0.175512E+01
  0.177257E+01     0.193791E+01     0.196711E+01     0.211953E+01     0.198456E+01
  0.203715E+01     0.201432E+01     0.212375E+01     0.201313E+01     0.194841E+01
  0.195379E+01     0.201611E+01     0.200618E+01     0.204343E+01     0.201962E+01
  0.206486E+01     0.204987E+01     0.208379E+01     0.203824E+01     0.209152E+01
  0.189999E+01     0.203363E+01     0.221348E+01     0.211951E+01     0.229628E+01
  0.208693E+01     0.212386E+01     0.216791E+01     0.211464E+01     0.225521E+01
  0.224506E+01     0.221574E+01     0.223485E+01     0.233890E+01     0.221166E+01
  0.205894E+01     0.225199E+01     0.219179E+01     0.200038E+01     0.213555E+01
  0.223373E+01     0.206912E+01     0.213795E+01     0.228748E+01     0.228103E+01
  0.225630E+01     0.225845E+01     0.225688E+01     0.241378E+01     0.222147E+01
  0.208183E+01     0.206077E+01     0.205353E+01     0.210177E+01     0.213272E+01
  0.210619E+01     0.208007E+01     0.204471E+01     0.218429E+01     0.211653E+01
  0.221611E+01     0.213278E+01     0.223439E+01     0.196357E+01     0.219320E+01
  0.215084E+01     0.202211E+01     0.208083E+01     0.220413E+01     0.212694E+01
  0.213877E+01     0.196935E+01     0.211983E+01     0.205055E+01     0.209647E+01
  0.204686E+01     0.209205E+01     0.209850E+01     0.211687E+01     0.215876E+01
  0.213660E+01     0.202075E+01     0.219494E+01     0.220125E+01     0.212372E+01
  0.223743E+01     0.230483E+01     0.212007E+01     0.219329E+01     0.205346E+01
  0.221865E+01     0.222267E+01     0.214751E+01     0.229837E+01     0.224627E+01
  0.227136E+01     0.226814E+01     0.215653E+01     0.221956E+01     0.232961E+01
  0.235737E+01     0.241058E+01     0.225740E+01     0.219561E+01     0.228060E+01
  0.234859E+01     0.245980E+01     0.221376E+01     0.245465E+01     0.251948E+01
  0.245513E+01     0.248811E+01     0.242087E+01     0.242907E+01     0.237420E+01
  0.244934E+01     0.245392E+01     0.239287E+01     0.193670E+01     0.222146E+01
  0.233525E+01     0.216071E+01     0.239138E+01     0.232419E+01     0.241279E+01
  0.196939E+01     0.195722E+01     0.218130E+01     0.217207E+01     0.230312E+01
  0.241458E+01     0.227995E+01     0.228912E+01     0.235345E+01     0.220895E+01
  0.212996E+01     0.221521E+01     0.221109E+01     0.237866E+01     0.217281E+01
  0.236855E+01     0.231992E+01     0.226462E+01     0.241506E+01     0.242451E+01
  0.206559E+01     0.243999E+01     0.254271E+01     0.247204E+01     0.235574E+01
  0.255541E+01     0.236118E+01     0.250738E+01     0.259249E+01     0.264501E+01
  0.250417E+01     0.247494E+01     0.256180E+01     0.260455E+01     0.259550E+01
  0.235904E+01     0.262078E+01     0.253012E+01     0.252564E+01     0.239934E+01
  0.251413E+01     0.264675E+01     0.257620E+01     0.257103E+01     0.262709E+01
  0.265253E+01     0.248335E+01     0.275644E+01     0.274065E+01     0.266752E+01
  0.272638E+01     0.262362E+01     0.253653E+01     0.267957E+01     0.272843E+01
  0.268351E+01     0.275023E+01     0.263919E+01     0.259360E+01     0.271464E+01
  0.274782E+01     0.273594E+01     0.239012E+01     0.254513E+01     0.259095E+01
  0.255565E+01     0.245004E+01     0.258945E+01     0.248305E+01     0.267288E+01
  0.264573E+01     0.256211E+01     0.252551E+01     0.271071E+01     0.279905E+01
  0.262779E+01     0.276301E+01     0.261298E+01     0.260566E+01     0.271058E+01
  0.252747E+01     0.281189E+01     0.278344E+01     0.290532E+01     0.280534E+01
  0.260272E+01     0.269191E+01     0.271805E+01     0.257138E+01     0.268065E+01
  0.254511E+01     0.268511E+01     0.251910E+01     0.246126E+01     0.269511E+01
  0.253531E+01     0.263344E+01     0.258015E+01     0.270429E+01     0.246273E+01
  0.251378E+01     0.248554E+01     0.256162E+01     0.252897E+01     0.231343E+01
  0.242701E+01     0.239004E+01     0.226282E+01     0.238053E+01     0.225728E+01
  0.228029E+01     0.240036E+01     0.233400E+01     0.235513E+01     0.229554E+01
  0.228564E+01     0.232249E+01     0.227333E+01     0.220843E+01     0.232801E+01
  0.225998E+01     0.228111E+01     0.216960E+01     0.235074E+01     0.224223E+01
  0.228624E+01     0.228862E+01     0.232037E+01     0.232777E+01     0.221565E+01
  0.235294E+01     0.226054E+01     0.237516E+01     0.230167E+01     0.227470E+01
  0.216984E+01     0.233303E+01     0.230941E+01     0.237124E+01     0.231645E+01
  0.237387E+01     0.218757E+01     0.220943E+01     0.218751E+01     0.226694E+01
  0.221293E+01     0.231541E+01     0.217676E+01     0.217579E+01     0.225347E+01
  0.213271E+01     0.211030E+01     0.226368E+01     0.219235E+01     0.214196E+01
  0.210432E+01     0.215113E+01     0.227554E+01     0.233223E+01     0.222077E+01
  0.212743E+01     0.222722E+01     0.216396E+01     0.221764E+01     0.210903E+01
  0.217213E+01     0.217755E+01     0.225164E+01     0.227026E+01     0.220336E+01
  0.221779E+01     0.220296E+01     0.219242E+01     0.215176E+01     0.222976E+01
  0.227209E+01     0.223949E+01     0.236355E+01     0.224203E+01     0.226044E+01
  0.220119E+01     0.224661E+01     0.226077E+01     0.231135E+01     0.230779E+01
  0.228970E+01     0.228666E+01     0.219504E+01     0.233785E+01     0.227702E+01
  0.215562E+01     0.218329E+01     0.232958E+01     0.231194E+01     0.231562E+01
  0.219908E+01     0.222815E+01     0.228833E+01     0.225543E+01     0.220045E+01
  0.227523E+01     0.240267E+01     0.235315E+01     0.234412E+01     0.236068E+01
  0.224005E+01     0.233553E+01     0.237267E+01     0.237865E+01     0.243190E+01
  0.236611E+01     0.236312E+01     0.239333E+01     0.245170E+01     0.245602E+01
  0.246849E+01     0.240758E+01     0.231779E+01     0.240849E+01     0.234913E+01
  0.244570E+01     0.242046E+01     0.246258E+01     0.251981E+01     0.246090E+01
  0.249170E+01     0.253973E+01     0.255606E+01     0.260611E+01     0.252012E+01
  0.249228E+01     0.260449E+01     0.261629E+01     0.257871E+01     0.244969E+01
  0.257642E+01     0.249243E+01     0.255619E+01     0.256688E+01     0.266286E+01
  0.264550E+01     0.266415E+01     0.259050E+01     0.275615E+01     0.265693E+01
  0.258984E+01     0.269879E+01     0.260058E+01     0.271388E+01     0.257871E+01
  0.268836E+01     0.269813E+01     0.271049E+01     0.276109E+01     0.273636E+01
  0.264197E+01     0.280324E+01     0.268215E+01     0.270920E+01     0.273456E+01
  0.271105E+01     0.278695E+01     0.274923E+01     0.275418E+01     0.285075E+01
  0.284641E+01     0.285926E+01     0.284144E+01     0.276917E+01     0.285816E+01
  0.286297E+01     0.283291E+01     0.292332E+01     0.287732E+01     0.290418E+01
  0.286456E+01     0.299640E+01     0.294324E+01     0.294708E+01     0.301288E+01
  0.291307E+01     0.308905E+01     0.300841E+01     0.300860E+01     0.302765E+01
  0.303027E+01     0.305043E+01     0.298915E+01     0.306414E+01     0.308562E+01
  0.317767E+01     0.305736E+01     0.320452E+01     0.311001E+01     0.328869E+01
  0.307614E+01     0.325120E+01     0.321807E+01     0.315731E+01     0.325382E+01
  0.330354E+01     0.331432E+01     0.334253E+01     0.320184E+01     0.333339E+01
  0.325684E+01     0.328440E+01     0.332483E+01     0.326191E+01     0.331680E+01
  0.339832E+01     0.329034E+01     0.347973E+01     0.334736E+01     0.335128E+01
  0.340890E+01     0.337422E+01     0.345658E+01     0.342756E+01     0.353288E+01
  0.337835E+01     0.337259E+01     0.341723E+01     0.355415E+01     0.346897E+01
  0.353529E+01     0.344423E+01     0.359976E+01     0.356869E+01     0.354976E+01
  0.363563E+01     0.359679E+01     0.355410E+01     0.353012E+01     0.360043E+01
  0.369064E+01     0.367194E+01     0.359067E+01     0.369294E+01     0.373699E+01
  0.366583E+01     0.369864E+01     0.375195E+01     0.379882E+01     0.354670E+01
  0.374839E+01     0.380491E+01     0.387485E+01     0.373867E+01     0.388148E+01
  0.384330E+01     0.383575E+01     0.385626E+01     0.389141E+01     0.377846E+01
  0.386129E+01     0.400027E+01     0.402050E+01     0.388456E+01     0.395518E+01
  0.398773E+01     0.409264E+01     0.416085E+01     0.402895E+01     0.419592E+01
  0.415747E+01     0.413347E+01     0.413581E+01     0.415109E+01     0.432670E+01
  0.431711E+01     0.428162E+01     0.439911E+01     0.443866E+01     0.433098E+01
  0.441422E+01     0.449004E+01     0.437429E+01     0.453167E+01     0.446003E+01
  0.463632E+01     0.474049E+01     0.473170E+01     0.490355E+01     0.477740E+01
  0.466081E+01     0.467616E+01     0.483623E+01     0.471699E+01     0.497242E+01
  0.503862E+01     0.488372E+01     0.517501E+01     0.521079E+01     0.512476E+01
  0.522918E+01     0.527103E+01     0.536362E+01     0.566874E+01     0.563630E+01
  0.556712E+01     0.569229E+01     0.571141E+01     0.608040E+01     0.598586E+01
  0.627297E+01     0.629464E+01     0.627716E+01     0.660060E+01     0.684014E+01
  0.663238E+01     0.677823E+01     0.693973E+01     0.693976E+01     0.751461E+01
  0.746806E+01     0.761776E+01     0.779793E+01     0.770948E+01     0.768176E+01
  0.839028E+01     0.819339E+01     0.867907E+01     0.857981E+01     0.852213E+01
  0.886087E+01     0.918508E+01     0.926831E+01     0.887614E+01     0.921381E+01
  0.928743E+01     0.941511E+01     0.925141E+01     0.944923E+01     0.101189E+02
  0.102256E+02     0.104841E+02     0.102626E+02     0.105735E+02     0.107869E+02
  0.103748E+02     0.105334E+02     0.104454E+02     0.103336E+02     0.104609E+02
  0.105171E+02     0.104079E+02     0.100766E+02     0.972025E+01     0.905385E+01
  0.967545E+01     0.107973E+02     0.103238E+02     0.101173E+02     0.901217E+01
  0.954180E+01     0.839326E+01     0.898756E+01     0.813354E+01     0.853895E+01
  0.794290E+01     0.850893E+01     0.924270E+01     0.762490E+01     0.819319E+01
  0.776381E+01     0.740016E+01     0.840390E+01     0.879399E+01     0.833516E+01
  0.802661E+01     0.753194E+01     0.811015E+01     0.815804E+01     0.757922E+01
  0.704267E+01     0.752688E+01     0.721686E+01     0.694558E+01     0.830512E+01
  0.614679E+01     0.719898E+01     0.794412E+01     0.658026E+01     0.663682E+01
  0.620215E+01     0.787912E+01     0.720767E+01     0.679034E+01     0.659991E+01
  0.590162E+01     0.726778E+01     0.569985E+01     0.619140E+01     0.688699E+01
  0.736031E+01     0.676619E+01     0.676710E+01     0.687765E+01     0.637205E+01
  0.704188E+01     0.697517E+01     0.695948E+01     0.660076E+01     0.675835E+01
  0.712212E+01     0.659434E+01     0.646433E+01     0.642492E+01     0.699122E+01
  0.670282E+01     0.663229E+01     0.649353E+01
 eigen energies, in ev
    -46.519450       -46.350367       -46.138681       -45.667181       -45.629360
    -28.266424       -28.104194       -28.064147       -27.997902       -27.804212
    -27.712612       -27.666720       -27.654870       -27.570580       -27.570044
    -27.546994       -27.534316       -27.503438       -27.477295       -27.451155
    -27.441695       -27.430918       -27.425196       -27.409599       -27.405553
    -27.361091       -27.325517       -27.318611       -27.308401       -27.233632
    -27.204049       -27.193186       -27.190589       -27.182937       -27.154114
    -27.145052       -27.114650       -27.095919       -27.093468       -27.088506
    -27.067206       -27.059771       -27.042781       -27.012933       -27.012456
    -26.944410       -26.944214       -26.936508       -26.927126       -26.914898
    -26.905736       -26.904515       -26.870777       -26.853176       -26.821427
    -26.788677       -26.744554       -26.738990       -26.716546       -26.713413
    -26.705627       -26.693176       -26.665439       -26.656686       -26.654712
    -26.632694       -26.630624       -26.547835       -26.513137       -26.511244
    -26.488250       -26.403762       -26.379464       -26.339429       -26.295730
    -26.272046       -26.264583       -26.257580       -26.186323       -26.171344
    -26.135059       -26.088979       -26.066212       -26.039734       -26.002428
    -25.978158       -25.958984       -25.948904       -25.944748       -25.936745
    -25.885796       -25.866658       -25.830513       -25.824409       -25.806826
    -25.781572       -25.770328       -25.767715       -25.752328       -25.737031
    -25.736503       -25.733342       -25.732405       -25.725075       -25.721114
    -25.706608       -25.703645       -25.699859       -25.686617       -25.656195
    -25.637295       -25.625217       -25.621931       -25.594091       -25.584692
    -25.564980       -25.561017       -25.536774       -25.535498       -25.508139
    -25.491676       -25.481687       -25.466522       -25.447235       -25.389588
    -25.382810       -25.378499       -25.374365       -25.371641       -25.353899
    -25.345868       -25.325659       -25.304533       -25.302993       -25.290341
    -25.283140       -25.268428       -25.219851       -25.187429       -25.145862
    -25.083443       -25.051002       -25.022244       -25.006737       -24.996833
    -24.987124       -24.980798       -24.944290       -24.902183       -24.873913
    -24.830921       -24.644814       -24.530394       -24.513353       -24.294903
    -24.258963       -24.100674       -24.069508       -24.048090       -23.984245
    -23.979500       -23.969924       -23.964733       -23.888021       -23.877673
    -23.852149       -23.631803       -23.610676       -23.566433       -23.468437
    -23.454052       -23.364483       -23.322254       -23.320809       -23.296630
    -23.269716       -23.243933       -23.221585       -23.216794       -23.200953
    -23.177771       -23.157524       -22.977432       -22.914424       -22.899064
    -22.876869       -22.862608       -22.753686       -22.461391       -22.367476
    -20.199287       -20.010725       -19.603219       -19.412568       -19.123863
    -19.083313       -18.730438       -18.647680       -18.541658       -18.504191
    -18.503095       -18.378005       -18.271612       -18.228120       -18.021733
    -17.980573       -17.792667       -17.702675       -17.648292       -17.625628
    -17.505042       -17.473356       -17.338387       -17.281691       -17.268448
    -17.217459       -16.926146       -16.845412       -16.818543       -16.760701
    -16.674293       -16.662982       -16.617494       -16.595787       -16.593170
    -16.489098       -16.457272       -16.328881       -16.214601       -15.897675
    -15.279732       -15.103124       -15.042786       -14.892502       -14.872587
    -14.860294       -14.818184       -14.796419       -14.744563       -14.663183
    -14.616259       -14.612952       -14.593824       -14.572883       -14.565755
    -14.529284       -14.501875       -14.452233       -14.442222       -14.428822
    -14.418375       -14.332271       -14.313074       -14.294973       -14.251492
    -14.240050       -14.224174       -14.183625       -14.164829       -14.102573
    -14.081769       -13.979736       -13.901800       -13.840851       -13.808711
    -13.748021       -13.737465       -13.690522       -13.676427       -13.657783
    -13.611323       -13.560553       -13.523348       -13.462677       -13.422046
    -13.380579       -12.712801       -12.695705       -12.647774       -12.635229
    -12.603267       -12.521046       -12.506040       -12.498419       -12.463815
    -12.408104       -12.378519       -12.310000       -12.287333       -12.227291
    -12.193345       -12.074118       -12.022661       -11.994805       -11.978144
    -11.973329       -11.948720       -11.945833       -11.922108       -11.896771
    -11.892675       -11.848452       -11.824384       -11.798274       -11.765860
    -11.754944       -11.723993       -11.699064       -11.668874       -11.580584
    -11.563948       -11.544672       -11.533071       -11.531773       -11.468801
    -11.410258       -11.401257       -11.397804       -11.388455       -11.382111
    -11.354401       -11.348814       -11.330731       -11.328972       -11.318477
    -11.289571       -11.286073       -11.273962       -11.240724       -11.211446
    -11.169684       -11.070739       -11.066680       -11.004208       -10.991780
    -10.921933       -10.865799       -10.774827       -10.765572       -10.746592
    -10.717370       -10.712790       -10.697941       -10.679207       -10.677952
    -10.635777       -10.617731       -10.608700       -10.602081       -10.566997
    -10.541124       -10.537777       -10.527103       -10.509538       -10.497922
    -10.487148       -10.484296       -10.430281       -10.419245       -10.413828
    -10.402706       -10.391407       -10.387334       -10.371438       -10.356804
    -10.347112       -10.340523       -10.335599       -10.322606       -10.316414
    -10.287724       -10.265052       -10.249515       -10.235802       -10.211541
    -10.201391       -10.188134       -10.170233       -10.157890       -10.142980
    -10.139097       -10.137425       -10.129341       -10.124568       -10.108953
    -10.102847       -10.095765       -10.093233       -10.072462       -10.058156
    -10.057424       -10.053832       -10.038201       -10.035686       -10.026754
    -10.022772        -9.995582        -9.991877        -9.983316        -9.971777
     -9.954571        -9.952003        -9.924391        -9.918989        -9.903695
     -9.895999        -9.888065        -9.882138        -9.854578        -9.848212
     -9.843443        -9.840038        -9.826693        -9.821946        -9.815234
     -9.805408        -9.798653        -9.792226        -9.782805        -9.776192
     -9.766385        -9.754103        -9.729590        -9.721005        -9.707431
     -9.701079        -9.698596        -9.695701        -9.684521        -9.674732
     -9.659411        -9.657410        -9.623687        -9.609929        -9.601121
     -9.594996        -9.586240        -9.580467        -9.538499        -9.529290
     -9.521728        -9.510333        -9.498598        -9.478645        -9.464483
     -9.432454        -9.419922        -9.415826        -9.401693        -9.392043
     -9.371906        -9.370628        -9.364341        -9.354904        -9.336484
     -9.330360        -9.316849        -9.296553        -9.289256        -9.271852
     -9.262718        -9.245448        -9.237542        -9.214630        -9.209853
     -9.201552        -9.196519        -9.190968        -9.180695        -9.174262
     -9.164307        -9.154871        -9.143271        -9.142257        -9.137040
     -9.114793        -9.113702        -9.105881        -9.094878        -9.080303
     -9.067298        -9.064089        -9.057765        -9.049910        -9.046822
     -9.040345        -9.037869        -9.035066        -9.026971        -9.015428
     -9.006801        -8.996005        -8.991804        -8.987891        -8.981012
     -8.963837        -8.948040        -8.935655        -8.927243        -8.926346
     -8.917934        -8.909813        -8.904835        -8.881181        -8.868904
     -8.861451        -8.858296        -8.846250        -8.838271        -8.819797
     -8.816126        -8.806111        -8.782152        -8.778471        -8.765247
     -8.761442        -8.736505        -8.720251        -8.702600        -8.695174
     -8.684933        -8.675877        -8.666373        -8.655616        -8.647871
     -8.600421        -8.591937        -8.579455        -8.567255        -8.554166
     -8.539578        -8.532445        -8.516227        -8.514329        -8.499050
     -8.489300        -8.478288        -8.467241        -8.450601        -8.446671
     -8.439817        -8.426744        -8.413677        -8.407746        -8.401370
     -8.397909        -8.392896        -8.378487        -8.370171        -8.357213
     -8.339067        -8.328881        -8.315118        -8.303977        -8.296750
     -8.293187        -8.288730        -8.276896        -8.262979        -8.255202
     -8.245081        -8.231548        -8.227817        -8.222775        -8.206436
     -8.194932        -8.189180        -8.176590        -8.161186        -8.127877
     -8.115093        -8.112104        -8.103929        -8.092861        -8.085781
     -8.068122        -8.050774        -8.038852        -8.015312        -7.995582
     -7.981622        -7.965557        -7.936991        -7.898767        -7.847159
     -7.826533        -7.823504        -7.792629        -7.762834        -7.754339
     -7.746910        -7.738206        -7.725019        -7.704102        -7.679403
     -7.619157        -7.605964        -7.593523        -7.579976        -7.556504
     -7.529508        -7.509681        -7.489760        -7.484728        -7.439441
     -7.402148        -7.400121        -7.388054        -7.380593        -7.360894
     -7.312523        -7.301261        -7.276592        -7.253315        -7.241794
     -7.227106        -7.202206        -7.178171        -7.172736        -7.121470
     -7.115830        -7.112365        -7.096556        -7.088449        -7.081068
     -7.059669        -7.040891        -7.008661        -6.992795        -6.936628
     -6.923284        -6.905926        -6.899540        -6.880175        -6.859975
     -6.826915        -6.817970        -6.807483        -6.788704        -6.783076
     -6.777911        -6.762516        -6.746699        -6.732176        -6.724541
     -6.710077        -6.702404        -6.697665        -6.682343        -6.664220
     -6.656941        -6.639080        -6.613785        -6.605633        -6.600400
     -6.584337        -6.553557        -6.543729        -6.529596        -6.508676
     -6.501490        -6.491637        -6.489606        -6.475658        -6.473425
     -6.468597        -6.459479        -6.453783        -6.439134        -6.427874
     -6.410070        -6.389593        -6.380570        -6.371445        -6.362803
     -6.354664        -6.330151        -6.315225        -6.306554        -6.300167
     -6.286566        -6.279351        -6.275105        -6.271524        -6.260396
     -6.246552        -6.224678        -6.217707        -6.206601        -6.203210
     -6.186192        -6.176313        -6.170212        -6.167009        -6.159983
     -6.147848        -6.128469        -6.122804        -6.109431        -6.098432
     -6.089272        -6.078215        -6.071876        -6.054367        -6.047333
     -6.042704        -6.036435        -6.021352        -6.012407        -5.998692
     -5.989583        -5.985481        -5.979043        -5.971868        -5.964953
     -5.961830        -5.956073        -5.947409        -5.938319        -5.932058
     -5.921718        -5.914186        -5.905076        -5.894163        -5.890546
     -5.882819        -5.873388        -5.858986        -5.855720        -5.842055
     -5.837229        -5.827818        -5.819496        -5.801241        -5.795640
     -5.788319        -5.784049        -5.781037        -5.766556        -5.756322
     -5.750374        -5.749335        -5.740247        -5.737129        -5.731027
     -5.726413        -5.717872        -5.712096        -5.705192        -5.695886
     -5.689733        -5.684416        -5.672888        -5.669571        -5.655131
     -5.652036        -5.644102        -5.641213        -5.636744        -5.627083
     -5.623022        -5.615566        -5.608780        -5.599109        -5.594011
     -5.588448        -5.581462        -5.577487        -5.570365        -5.566464
     -5.556384        -5.552497        -5.547914        -5.535119        -5.531251
     -5.523575        -5.517294        -5.505742        -5.504107        -5.491484
     -5.487371        -5.481210        -5.475626        -5.467079        -5.460707
     -5.456174        -5.448176        -5.441772        -5.438754        -5.430313
     -5.425220        -5.420567        -5.416037        -5.410473        -5.400748
     -5.393847        -5.387847        -5.379106        -5.373772        -5.368403
     -5.361655        -5.355244        -5.351372        -5.341760        -5.336832
     -5.324115        -5.317765        -5.314030        -5.307109        -5.301682
     -5.291511        -5.285990        -5.280652        -5.277842        -5.269336
     -5.263548        -5.257911        -5.250769        -5.241549        -5.236518
     -5.231614        -5.223124        -5.218932        -5.212723        -5.203256
     -5.198016        -5.189786        -5.182985        -5.179867        -5.174072
     -5.169635        -5.162840        -5.152376        -5.142741        -5.130886
     -5.120891        -5.111227        -5.110267        -5.097014        -5.089891
     -5.085181        -5.071839        -5.064062        -5.058500        -5.052328
     -5.044353        -5.040695        -5.031913        -5.018492        -5.009104
     -5.006283        -4.999455        -4.991417        -4.983659        -4.974546
     -4.959762        -4.955053        -4.948598        -4.944393        -4.935941
     -4.926725        -4.918507        -4.906388        -4.898927        -4.890755
     -4.874090        -4.863717        -4.848726        -4.836123        -4.822116
     -4.809498        -4.801147        -4.789526        -4.777892        -4.765198
     -4.757441        -4.749304        -4.731918        -4.720457        -4.707297
     -4.695790        -4.678947        -4.667632        -4.657023        -4.649554
     -4.634362        -4.601728        -4.589999        -4.574975        -4.565632
     -4.548550        -4.532997        -4.519053        -4.495588        -4.474235
     -4.465094        -4.443396        -4.419992        -4.403612        -4.379463
     -4.366806        -4.330056        -4.305322        -4.284190        -4.273493
     -4.251998        -4.233209        -4.215653        -4.201333        -4.173196
     -4.153356        -4.131667        -4.101938        -4.074802        -4.043770
     -4.029806        -3.992771        -3.981862        -3.952799        -3.912072
     -3.898133        -3.860853        -3.832506        -3.823604        -3.802188
     -3.766449        -3.757944        -3.747277        -3.723241        -3.712139
     -3.689899        -3.655860        -3.615829        -3.598983        -3.571006
     -3.537630        -3.517491        -3.472291        -3.457343        -3.423772
     -3.381617        -3.367079        -3.312340        -3.293600        -3.261707
     -3.193363        -3.129241        -3.093384        -3.045909        -3.007905
     -2.924042        -2.904351        -2.787899        -2.764853        -2.648602
     -2.603598        -2.516866        -2.434634        -2.293230        -2.179630
     -2.080531        -2.052644        -1.895657        -1.827187        -1.748002
     -1.644610        -1.318807        -1.118662        -0.908490        -0.486015
      1.502889         2.128122         2.245248         2.358526         2.458584
      2.545319         2.640560         2.857214         2.918870         3.146454
      3.311690         3.470900         3.620698         3.715627         3.801592
      3.915699         3.968911         4.010075         4.074002         4.094741
      4.153638         4.210289         4.224019         4.266637         4.324624
      4.347824         4.388990         4.446513         4.474435         4.512769
      4.536251         4.575050         4.610744         4.635664         4.653646
      4.683939         4.716415         4.788476         4.796335         4.843600
      4.857517         4.921320         4.927827         4.988864         5.024043
      5.049160         5.085292         5.112814         5.119666         5.158252
      5.201343         5.240126         5.296154         5.341844         5.382828
      5.453760         5.475111         5.548396
 *********************************
 sum eigen(dbl occ, ryd)=  -1648.68233578255     
 *********************************
 One SCF use:    81.0394270420074       s
 *********************************
 ****** kpt=           1
 err of each states, eV
  0.409600E+00     0.423444E+00     0.412131E+00     0.414131E+00     0.423218E+00
  0.221031E+00     0.193422E+00     0.203450E+00     0.209408E+00     0.186208E+00
  0.194287E+00     0.203315E+00     0.178102E+00     0.192258E+00     0.206393E+00
  0.197470E+00     0.191905E+00     0.199598E+00     0.178869E+00     0.204327E+00
  0.194276E+00     0.191309E+00     0.201861E+00     0.202354E+00     0.203838E+00
  0.201567E+00     0.173736E+00     0.207217E+00     0.202751E+00     0.196846E+00
  0.193215E+00     0.182973E+00     0.199172E+00     0.187694E+00     0.203034E+00
  0.198239E+00     0.169224E+00     0.191727E+00     0.194748E+00     0.180233E+00
  0.195542E+00     0.166887E+00     0.206817E+00     0.173718E+00     0.176463E+00
  0.167921E+00     0.171836E+00     0.176794E+00     0.171746E+00     0.183520E+00
  0.182929E+00     0.165419E+00     0.173780E+00     0.180110E+00     0.171856E+00
  0.198341E+00     0.166886E+00     0.172712E+00     0.173377E+00     0.172896E+00
  0.179165E+00     0.176743E+00     0.168044E+00     0.168397E+00     0.168131E+00
  0.172612E+00     0.173161E+00     0.171954E+00     0.171873E+00     0.163732E+00
  0.162575E+00     0.172367E+00     0.174555E+00     0.168780E+00     0.172865E+00
  0.168526E+00     0.165342E+00     0.163222E+00     0.159576E+00     0.179259E+00
  0.166444E+00     0.168041E+00     0.171325E+00     0.167846E+00     0.158514E+00
  0.167965E+00     0.157379E+00     0.166210E+00     0.160177E+00     0.168824E+00
  0.163915E+00     0.168296E+00     0.161693E+00     0.177611E+00     0.161892E+00
  0.170840E+00     0.171043E+00     0.153800E+00     0.147761E+00     0.148555E+00
  0.160946E+00     0.164398E+00     0.160804E+00     0.151710E+00     0.164194E+00
  0.157530E+00     0.157248E+00     0.163094E+00     0.171895E+00     0.164840E+00
  0.162505E+00     0.163137E+00     0.165660E+00     0.157594E+00     0.165669E+00
  0.153715E+00     0.158646E+00     0.152762E+00     0.164416E+00     0.150821E+00
  0.150906E+00     0.162910E+00     0.165828E+00     0.162494E+00     0.167587E+00
  0.155019E+00     0.153902E+00     0.152629E+00     0.144824E+00     0.157730E+00
  0.165217E+00     0.164066E+00     0.156388E+00     0.163014E+00     0.157100E+00
  0.162541E+00     0.153626E+00     0.158749E+00     0.160984E+00     0.157393E+00
  0.165458E+00     0.153703E+00     0.120413E+00     0.154554E+00     0.145716E+00
  0.150022E+00     0.153563E+00     0.158862E+00     0.148392E+00     0.148296E+00
  0.147276E+00     0.148414E+00     0.139303E+00     0.145463E+00     0.155504E+00
  0.143068E+00     0.130502E+00     0.137440E+00     0.154799E+00     0.115115E+00
  0.131714E+00     0.145961E+00     0.126872E+00     0.128997E+00     0.126060E+00
  0.131633E+00     0.117633E+00     0.144848E+00     0.119734E+00     0.134478E+00
  0.134043E+00     0.124657E+00     0.120985E+00     0.124472E+00     0.136700E+00
  0.127534E+00     0.127124E+00     0.144055E+00     0.120441E+00     0.117478E+00
  0.126621E+00     0.119792E+00     0.116599E+00     0.135755E+00     0.116874E+00
  0.136192E+00     0.142330E+00     0.128418E+00     0.135538E+00     0.129257E+00
  0.120997E+00     0.120017E+00     0.123234E+00     0.116968E+00     0.118436E+00
  0.211354E+00     0.205243E+00     0.196380E+00     0.203244E+00     0.184788E+00
  0.200541E+00     0.199594E+00     0.197770E+00     0.196574E+00     0.183849E+00
  0.154625E+00     0.117408E+00     0.118904E+00     0.110504E+00     0.115008E+00
  0.121729E+00     0.118558E+00     0.124077E+00     0.111386E+00     0.216164E+00
  0.111785E+00     0.211798E+00     0.226938E+00     0.202242E+00     0.218872E+00
  0.202502E+00     0.195055E+00     0.221054E+00     0.207384E+00     0.220711E+00
  0.207028E+00     0.214412E+00     0.205111E+00     0.222997E+00     0.213959E+00
  0.235101E+00     0.253121E+00     0.241478E+00     0.224793E+00     0.226119E+00
  0.244056E+00     0.241485E+00     0.235042E+00     0.232760E+00     0.234955E+00
  0.251315E+00     0.214006E+00     0.232535E+00     0.239298E+00     0.226459E+00
  0.251427E+00     0.224794E+00     0.232313E+00     0.237849E+00     0.248084E+00
  0.221430E+00     0.242604E+00     0.229960E+00     0.241089E+00     0.236626E+00
  0.247817E+00     0.244455E+00     0.206532E+00     0.230395E+00     0.219412E+00
  0.241055E+00     0.233860E+00     0.236879E+00     0.235326E+00     0.248190E+00
  0.242819E+00     0.264181E+00     0.231153E+00     0.237453E+00     0.231958E+00
  0.229582E+00     0.254013E+00     0.245434E+00     0.235475E+00     0.227747E+00
  0.217824E+00     0.229018E+00     0.219460E+00     0.216154E+00     0.223650E+00
  0.231428E+00     0.303008E+00     0.287151E+00     0.247418E+00     0.216767E+00
  0.294338E+00     0.276241E+00     0.272154E+00     0.237912E+00     0.290625E+00
  0.277221E+00     0.284134E+00     0.289214E+00     0.263492E+00     0.274889E+00
  0.201533E+00     0.270950E+00     0.260172E+00     0.259565E+00     0.277451E+00
  0.289341E+00     0.267474E+00     0.269520E+00     0.266546E+00     0.278236E+00
  0.281036E+00     0.299930E+00     0.281012E+00     0.270411E+00     0.318130E+00
  0.301109E+00     0.282934E+00     0.293758E+00     0.303040E+00     0.297907E+00
  0.290082E+00     0.220608E+00     0.270747E+00     0.281806E+00     0.287265E+00
  0.254561E+00     0.266943E+00     0.285872E+00     0.296567E+00     0.275680E+00
  0.285954E+00     0.272432E+00     0.283922E+00     0.259414E+00     0.265811E+00
  0.278713E+00     0.284027E+00     0.321751E+00     0.326468E+00     0.287182E+00
  0.279875E+00     0.275826E+00     0.373482E+00     0.309522E+00     0.223995E+00
  0.348163E+00     0.230061E+00     0.193387E+00     0.298342E+00     0.250657E+00
  0.237497E+00     0.236643E+00     0.264382E+00     0.236060E+00     0.285890E+00
  0.278401E+00     0.322441E+00     0.301144E+00     0.291118E+00     0.215856E+00
  0.275117E+00     0.356394E+00     0.245280E+00     0.357778E+00     0.350816E+00
  0.239670E+00     0.255815E+00     0.303707E+00     0.318936E+00     0.254323E+00
  0.301103E+00     0.257713E+00     0.239511E+00     0.326203E+00     0.289856E+00
  0.253260E+00     0.281222E+00     0.329724E+00     0.319826E+00     0.351757E+00
  0.319180E+00     0.335422E+00     0.304300E+00     0.311978E+00     0.274931E+00
  0.295908E+00     0.312219E+00     0.302675E+00     0.303565E+00     0.348544E+00
  0.297745E+00     0.257174E+00     0.256990E+00     0.323701E+00     0.355197E+00
  0.352193E+00     0.347766E+00     0.282422E+00     0.282478E+00     0.286775E+00
  0.343069E+00     0.303182E+00     0.341862E+00     0.303046E+00     0.258801E+00
  0.316272E+00     0.286824E+00     0.278221E+00     0.315543E+00     0.459956E+00
  0.357117E+00     0.340709E+00     0.372367E+00     0.302381E+00     0.308914E+00
  0.289569E+00     0.315950E+00     0.241320E+00     0.346034E+00     0.299239E+00
  0.306089E+00     0.333121E+00     0.313765E+00     0.311169E+00     0.342428E+00
  0.318847E+00     0.256714E+00     0.302438E+00     0.371783E+00     0.311225E+00
  0.311310E+00     0.309687E+00     0.378514E+00     0.262128E+00     0.238731E+00
  0.364586E+00     0.297885E+00     0.322950E+00     0.314863E+00     0.345860E+00
  0.315390E+00     0.333705E+00     0.308510E+00     0.374347E+00     0.364824E+00
  0.340085E+00     0.367945E+00     0.360383E+00     0.388141E+00     0.343837E+00
  0.274293E+00     0.370643E+00     0.316801E+00     0.317125E+00     0.316418E+00
  0.392055E+00     0.370990E+00     0.402119E+00     0.384527E+00     0.374412E+00
  0.371970E+00     0.419958E+00     0.432576E+00     0.346893E+00     0.382928E+00
  0.304931E+00     0.326289E+00     0.340128E+00     0.344187E+00     0.305234E+00
  0.288915E+00     0.361909E+00     0.395804E+00     0.403857E+00     0.360515E+00
  0.414436E+00     0.414826E+00     0.341611E+00     0.381177E+00     0.403931E+00
  0.398129E+00     0.410669E+00     0.362769E+00     0.368743E+00     0.368193E+00
  0.401851E+00     0.389175E+00     0.429510E+00     0.407468E+00     0.398086E+00
  0.404178E+00     0.404163E+00     0.373593E+00     0.358656E+00     0.330319E+00
  0.372915E+00     0.375263E+00     0.383103E+00     0.391447E+00     0.433074E+00
  0.401428E+00     0.353829E+00     0.342345E+00     0.412621E+00     0.391685E+00
  0.388451E+00     0.347594E+00     0.319957E+00     0.511188E+00     0.382065E+00
  0.301757E+00     0.321748E+00     0.489314E+00     0.378637E+00     0.276071E+00
  0.345959E+00     0.430493E+00     0.308417E+00     0.433313E+00     0.549357E+00
  0.505049E+00     0.402177E+00     0.441070E+00     0.414333E+00     0.440449E+00
  0.426185E+00     0.300143E+00     0.369610E+00     0.418771E+00     0.452635E+00
  0.354231E+00     0.318488E+00     0.411600E+00     0.415315E+00     0.415629E+00
  0.431683E+00     0.456448E+00     0.416655E+00     0.462700E+00     0.506388E+00
  0.413280E+00     0.351784E+00     0.399662E+00     0.378450E+00     0.394601E+00
  0.424773E+00     0.425717E+00     0.426587E+00     0.494240E+00     0.394110E+00
  0.446200E+00     0.445139E+00     0.442346E+00     0.517085E+00     0.465685E+00
  0.414998E+00     0.442879E+00     0.460444E+00     0.444994E+00     0.424280E+00
  0.330517E+00     0.250058E+00     0.391638E+00     0.330108E+00     0.450928E+00
  0.383743E+00     0.486060E+00     0.319555E+00     0.412087E+00     0.486141E+00
  0.464986E+00     0.451817E+00     0.504729E+00     0.313458E+00     0.363606E+00
  0.385269E+00     0.404388E+00     0.382237E+00     0.463426E+00     0.425423E+00
  0.434414E+00     0.470741E+00     0.313426E+00     0.272645E+00     0.411131E+00
  0.523843E+00     0.466288E+00     0.338316E+00     0.299265E+00     0.266472E+00
  0.311837E+00     0.269468E+00     0.319321E+00     0.397741E+00     0.419888E+00
  0.433139E+00     0.455695E+00     0.460736E+00     0.329794E+00     0.319692E+00
  0.276579E+00     0.519761E+00     0.274052E+00     0.478755E+00     0.388787E+00
  0.287251E+00     0.312465E+00     0.272698E+00     0.353377E+00     0.353664E+00
  0.279104E+00     0.240606E+00     0.294798E+00     0.274745E+00     0.310583E+00
  0.327515E+00     0.326426E+00     0.386133E+00     0.371756E+00     0.328406E+00
  0.351213E+00     0.266863E+00     0.320991E+00     0.338328E+00     0.361146E+00
  0.305497E+00     0.363892E+00     0.333414E+00     0.336945E+00     0.363171E+00
  0.372554E+00     0.400196E+00     0.411680E+00     0.389635E+00     0.326790E+00
  0.370850E+00     0.333251E+00     0.390454E+00     0.367785E+00     0.371112E+00
  0.379663E+00     0.327625E+00     0.380412E+00     0.368382E+00     0.370831E+00
  0.397388E+00     0.425571E+00     0.394831E+00     0.359966E+00     0.371183E+00
  0.358752E+00     0.355356E+00     0.371542E+00     0.374196E+00     0.375231E+00
  0.362299E+00     0.385417E+00     0.374255E+00     0.389631E+00     0.374828E+00
  0.399327E+00     0.416881E+00     0.412376E+00     0.393503E+00     0.364470E+00
  0.370228E+00     0.388775E+00     0.415294E+00     0.396340E+00     0.414950E+00
  0.406984E+00     0.391768E+00     0.404128E+00     0.446754E+00     0.425110E+00
  0.410780E+00     0.422890E+00     0.421057E+00     0.420100E+00     0.393367E+00
  0.433719E+00     0.429917E+00     0.392529E+00     0.407495E+00     0.373866E+00
  0.424312E+00     0.432211E+00     0.438979E+00     0.398936E+00     0.411064E+00
  0.423757E+00     0.398289E+00     0.381199E+00     0.381180E+00     0.404371E+00
  0.413261E+00     0.410958E+00     0.406670E+00     0.404842E+00     0.404551E+00
  0.422582E+00     0.411561E+00     0.401101E+00     0.410594E+00     0.406218E+00
  0.410784E+00     0.439267E+00     0.433574E+00     0.389428E+00     0.357551E+00
  0.407408E+00     0.429153E+00     0.406961E+00     0.424333E+00     0.391157E+00
  0.450451E+00     0.418759E+00     0.396270E+00     0.408152E+00     0.397173E+00
  0.407717E+00     0.385620E+00     0.370602E+00     0.387804E+00     0.391973E+00
  0.397731E+00     0.450903E+00     0.455237E+00     0.485504E+00     0.410072E+00
  0.462485E+00     0.434442E+00     0.430259E+00     0.445925E+00     0.437576E+00
  0.432573E+00     0.416437E+00     0.412930E+00     0.417215E+00     0.417201E+00
  0.384692E+00     0.442260E+00     0.421925E+00     0.438488E+00     0.439318E+00
  0.439844E+00     0.448795E+00     0.447922E+00     0.414100E+00     0.419403E+00
  0.448474E+00     0.437215E+00     0.438599E+00     0.436944E+00     0.452737E+00
  0.423303E+00     0.424638E+00     0.442739E+00     0.439005E+00     0.414274E+00
  0.444956E+00     0.420938E+00     0.426899E+00     0.432230E+00     0.434216E+00
  0.462447E+00     0.463508E+00     0.463290E+00     0.461929E+00     0.478532E+00
  0.477145E+00     0.451441E+00     0.443426E+00     0.450111E+00     0.463156E+00
  0.471332E+00     0.491511E+00     0.485560E+00     0.484741E+00     0.460553E+00
  0.474850E+00     0.505911E+00     0.480181E+00     0.473485E+00     0.508931E+00
  0.490676E+00     0.503934E+00     0.486729E+00     0.489941E+00     0.520275E+00
  0.549664E+00     0.493527E+00     0.494958E+00     0.502203E+00     0.503611E+00
  0.472028E+00     0.480240E+00     0.504413E+00     0.511481E+00     0.533829E+00
  0.472624E+00     0.509790E+00     0.461729E+00     0.514144E+00     0.539772E+00
  0.483703E+00     0.509035E+00     0.520138E+00     0.561107E+00     0.525579E+00
  0.500552E+00     0.533614E+00     0.484787E+00     0.551975E+00     0.503269E+00
  0.523664E+00     0.495388E+00     0.520213E+00     0.509419E+00     0.527169E+00
  0.487433E+00     0.502698E+00     0.551063E+00     0.502108E+00     0.491103E+00
  0.564871E+00     0.515066E+00     0.562272E+00     0.552506E+00     0.551088E+00
  0.542837E+00     0.537685E+00     0.521007E+00     0.532728E+00     0.577997E+00
  0.550922E+00     0.568182E+00     0.566843E+00     0.555547E+00     0.565565E+00
  0.534967E+00     0.551818E+00     0.581921E+00     0.573505E+00     0.574561E+00
  0.559092E+00     0.596056E+00     0.577124E+00     0.616500E+00     0.589566E+00
  0.596945E+00     0.603323E+00     0.600921E+00     0.627777E+00     0.614815E+00
  0.627734E+00     0.628352E+00     0.597526E+00     0.588498E+00     0.607921E+00
  0.677660E+00     0.626345E+00     0.648516E+00     0.636532E+00     0.681477E+00
  0.671335E+00     0.680425E+00     0.681139E+00     0.704295E+00     0.704663E+00
  0.705726E+00     0.677551E+00     0.696222E+00     0.685313E+00     0.718290E+00
  0.748690E+00     0.714791E+00     0.707856E+00     0.719535E+00     0.783800E+00
  0.710297E+00     0.749628E+00     0.731854E+00     0.771611E+00     0.751487E+00
  0.728488E+00     0.758420E+00     0.821985E+00     0.769978E+00     0.818108E+00
  0.805559E+00     0.789756E+00     0.827867E+00     0.925506E+00     0.826971E+00
  0.883207E+00     0.833880E+00     0.887511E+00     0.979823E+00     0.828348E+00
  0.915884E+00     0.910224E+00     0.926791E+00     0.962788E+00     0.906807E+00
  0.927865E+00     0.100527E+01     0.902898E+00     0.924029E+00     0.104998E+01
  0.975484E+00     0.999688E+00     0.102925E+01     0.109345E+01     0.975982E+00
  0.104281E+01     0.962525E+00     0.110149E+01     0.100423E+01     0.102947E+01
  0.107788E+01     0.107185E+01     0.106125E+01     0.102641E+01     0.936366E+00
  0.106851E+01     0.114901E+01     0.107925E+01     0.109177E+01     0.992774E+00
  0.953239E+00     0.104368E+01     0.102724E+01     0.972580E+00     0.112571E+01
  0.112150E+01     0.106297E+01     0.114879E+01     0.106183E+01     0.121224E+01
  0.108955E+01     0.109124E+01     0.126713E+01     0.132423E+01     0.108516E+01
  0.115727E+01     0.122475E+01     0.128978E+01     0.130114E+01     0.129721E+01
  0.150589E+01     0.143300E+01     0.146489E+01     0.151812E+01     0.158591E+01
  0.144830E+01     0.156494E+01     0.149605E+01     0.185475E+01     0.181912E+01
  0.186184E+01     0.215585E+01     0.190700E+01     0.214717E+01     0.217451E+01
  0.221664E+01     0.215917E+01     0.244611E+01     0.238693E+01     0.247137E+01
  0.252620E+01     0.259775E+01     0.289456E+01     0.318573E+01     0.393451E+01
  0.206897E+01     0.167951E+01     0.188388E+01     0.197443E+01     0.209061E+01
  0.205781E+01     0.249931E+01     0.271140E+01     0.289443E+01     0.239209E+01
  0.295110E+01     0.186568E+01     0.153328E+01     0.219845E+01     0.151129E+01
  0.166210E+01     0.162301E+01     0.162219E+01     0.176637E+01     0.153986E+01
  0.165772E+01     0.163932E+01     0.178603E+01     0.183312E+01     0.165946E+01
  0.176306E+01     0.182450E+01     0.172915E+01     0.192070E+01     0.191504E+01
  0.191740E+01     0.172366E+01     0.171926E+01     0.181051E+01     0.168684E+01
  0.174511E+01     0.182249E+01     0.214597E+01     0.203475E+01     0.183415E+01
  0.191827E+01     0.219785E+01     0.197209E+01     0.243954E+01     0.192922E+01
  0.174280E+01     0.194383E+01     0.210067E+01     0.241578E+01     0.228661E+01
  0.230765E+01     0.210872E+01     0.248560E+01     0.229850E+01     0.263254E+01
  0.230784E+01     0.256163E+01     0.300842E+01
 eigen energies, in ev
    -46.533890       -46.365445       -46.153373       -45.681923       -45.645141
    -28.271817       -28.109167       -28.069421       -28.002993       -27.809171
    -27.717050       -27.671306       -27.658599       -27.575195       -27.574885
    -27.551624       -27.538799       -27.508215       -27.481099       -27.455987
    -27.446277       -27.435708       -27.430094       -27.414143       -27.410164
    -27.365683       -27.329055       -27.323341       -27.312993       -27.238228
    -27.208393       -27.197647       -27.195184       -27.186836       -27.158887
    -27.149772       -27.118162       -27.100189       -27.097924       -27.092968
    -27.071518       -27.063312       -27.047569       -27.016651       -27.016142
    -26.948409       -26.947733       -26.940182       -26.930756       -26.919010
    -26.910116       -26.907997       -26.874467       -26.857040       -26.825028
    -26.793204       -26.747928       -26.742495       -26.720082       -26.716990
    -26.709784       -26.697037       -26.668702       -26.660138       -26.658113
    -26.636562       -26.634448       -26.551383       -26.516526       -26.514214
    -26.491538       -26.407197       -26.382729       -26.342760       -26.299294
    -26.275359       -26.268392       -26.261448       -26.189081       -26.175114
    -26.139260       -26.093230       -26.070448       -26.043748       -26.005347
    -25.981086       -25.961712       -25.952712       -25.947518       -25.939561
    -25.888894       -25.869635       -25.834562       -25.828783       -25.809754
    -25.785389       -25.774410       -25.770501       -25.754861       -25.739742
    -25.739196       -25.736160       -25.735301       -25.727774       -25.724071
    -25.709354       -25.706493       -25.703043       -25.689733       -25.659038
    -25.640159       -25.629350       -25.624862       -25.596920       -25.587601
    -25.567634       -25.563862       -25.539399       -25.538472       -25.510824
    -25.494216       -25.484481       -25.469461       -25.450203       -25.392469
    -25.385374       -25.381091       -25.376993       -25.374068       -25.356572
    -25.348785       -25.328564       -25.307143       -25.305785       -25.293067
    -25.285950       -25.271027       -25.222627       -25.191183       -25.148547
    -25.086243       -25.053475       -25.024661       -25.009289       -24.999262
    -24.991034       -24.983392       -24.946956       -24.905979       -24.876383
    -24.834642       -24.648581       -24.534094       -24.517008       -24.299113
    -24.262911       -24.103561       -24.072709       -24.052141       -23.986625
    -23.982310       -23.973776       -23.967615       -23.890763       -23.880090
    -23.855293       -23.633913       -23.614096       -23.568575       -23.471922
    -23.457523       -23.366832       -23.324499       -23.323168       -23.299262
    -23.272079       -23.246270       -23.225366       -23.219315       -23.203111
    -23.180269       -23.159695       -22.979499       -22.917947       -22.901168
    -22.880373       -22.866690       -22.756169       -22.465089       -22.370937
    -20.201661       -20.012841       -19.605415       -19.414670       -19.126124
    -19.088653       -18.735290       -18.652003       -18.546348       -18.508409
    -18.507892       -18.382874       -18.276428       -18.232943       -18.025833
    -17.983347       -17.794518       -17.704446       -17.649932       -17.627416
    -17.506835       -17.475154       -17.340326       -17.283341       -17.275190
    -17.219129       -16.933073       -16.853080       -16.825302       -16.768209
    -16.681154       -16.669206       -16.624906       -16.602868       -16.600347
    -16.495722       -16.464346       -16.335425       -16.222777       -15.905559
    -15.289477       -15.115020       -15.051801       -14.902591       -14.880691
    -14.871201       -14.829351       -14.806504       -14.752822       -14.673544
    -14.625244       -14.619779       -14.604471       -14.583200       -14.573352
    -14.540123       -14.509699       -14.460466       -14.451062       -14.439912
    -14.426411       -14.343157       -14.321772       -14.304383       -14.262201
    -14.251781       -14.235888       -14.190789       -14.175837       -14.111484
    -14.090026       -13.989518       -13.912013       -13.849277       -13.819446
    -13.758783       -13.747321       -13.700143       -13.687438       -13.667713
    -13.621481       -13.572409       -13.534910       -13.473584       -13.432155
    -13.391111       -12.722684       -12.705495       -12.657517       -12.644804
    -12.614186       -12.537252       -12.522441       -12.508970       -12.473282
    -12.424293       -12.393133       -12.324673       -12.299435       -12.241757
    -12.208259       -12.090283       -12.037998       -12.009269       -11.992332
    -11.981782       -11.963460       -11.959377       -11.935988       -11.912443
    -11.909003       -11.863549       -11.838314       -11.811967       -11.782023
    -11.772011       -11.741664       -11.714822       -11.683520       -11.603723
    -11.582377       -11.560566       -11.554573       -11.548387       -11.488260
    -11.428924       -11.417150       -11.414610       -11.405197       -11.399327
    -11.369832       -11.364729       -11.350756       -11.346072       -11.333696
    -11.309001       -11.304127       -11.293786       -11.259986       -11.228714
    -11.187053       -11.094620       -11.084222       -11.025019       -11.008936
    -10.945753       -10.882430       -10.801934       -10.787464       -10.758594
    -10.740339       -10.727058       -10.710064       -10.699738       -10.688119
    -10.650971       -10.632706       -10.626921       -10.617604       -10.586576
    -10.559156       -10.556585       -10.546512       -10.530963       -10.511630
    -10.508072       -10.503894       -10.449444       -10.442423       -10.436702
    -10.417665       -10.410414       -10.404011       -10.391021       -10.373982
    -10.366463       -10.356514       -10.351154       -10.344012       -10.334026
    -10.306841       -10.283445       -10.272620       -10.256756       -10.237541
    -10.223950       -10.208070       -10.192113       -10.179889       -10.163283
    -10.158826       -10.156760       -10.150256       -10.144857       -10.133437
    -10.123594       -10.113703       -10.110015       -10.098729       -10.083474
    -10.082644       -10.077545       -10.061923       -10.055155       -10.046164
    -10.045694       -10.018121       -10.015186       -10.004921        -9.991901
     -9.977623        -9.973458        -9.950458        -9.945230        -9.939641
     -9.924553        -9.912086        -9.908104        -9.876067        -9.870986
     -9.864298        -9.860363        -9.848075        -9.843330        -9.835984
     -9.826289        -9.822787        -9.816164        -9.804298        -9.800486
     -9.788771        -9.772179        -9.758005        -9.749483        -9.730776
     -9.728679        -9.722789        -9.715522        -9.703549        -9.692571
     -9.687643        -9.678377        -9.651137        -9.632912        -9.630400
     -9.619067        -9.610717        -9.602761        -9.574664        -9.558279
     -9.548199        -9.539247        -9.527081        -9.512131        -9.492208
     -9.453279        -9.450955        -9.440642        -9.426440        -9.416336
     -9.404625        -9.403219        -9.396947        -9.385462        -9.367271
     -9.361719        -9.351488        -9.335433        -9.319048        -9.304372
     -9.286043        -9.273267        -9.264778        -9.244348        -9.237829
     -9.228984        -9.227560        -9.220849        -9.215545        -9.205448
     -9.201250        -9.192467        -9.179362        -9.175357        -9.169628
     -9.154547        -9.149557        -9.137161        -9.127306        -9.118012
     -9.110789        -9.102597        -9.099482        -9.087213        -9.084801
     -9.079069        -9.073926        -9.065422        -9.056229        -9.042958
     -9.042670        -9.030837        -9.029508        -9.024141        -9.017774
     -9.002456        -8.985294        -8.972114        -8.967102        -8.955654
     -8.953070        -8.948320        -8.939902        -8.927670        -8.921392
     -8.894561        -8.888359        -8.881430        -8.872466        -8.860232
     -8.854302        -8.841108        -8.835864        -8.821796        -8.808923
     -8.799796        -8.777544        -8.768032        -8.745942        -8.741680
     -8.729005        -8.708622        -8.705048        -8.700548        -8.681925
     -8.636848        -8.625975        -8.619380        -8.611482        -8.597863
     -8.589797        -8.587737        -8.565377        -8.563230        -8.556760
     -8.531571        -8.517879        -8.509565        -8.498392        -8.492870
     -8.481019        -8.470640        -8.465267        -8.456801        -8.453517
     -8.448363        -8.434571        -8.426914        -8.420838        -8.410249
     -8.390687        -8.381157        -8.367441        -8.358293        -8.333819
     -8.324068        -8.321149        -8.309036        -8.307933        -8.296114
     -8.291486        -8.282108        -8.272185        -8.257832        -8.256557
     -8.248252        -8.231696        -8.226373        -8.188859        -8.169110
     -8.163184        -8.150636        -8.148810        -8.137400        -8.130214
     -8.111074        -8.099786        -8.072163        -8.047689        -8.045570
     -8.034114        -8.017375        -7.968971        -7.929493        -7.876928
     -7.865937        -7.850660        -7.832854        -7.813148        -7.799718
     -7.796848        -7.790597        -7.783609        -7.736513        -7.718382
     -7.677564        -7.649741        -7.636941        -7.623914        -7.599870
     -7.560161        -7.548778        -7.527254        -7.514538        -7.480095
     -7.435265        -7.428083        -7.425485        -7.412058        -7.398901
     -7.352589        -7.343873        -7.320504        -7.300397        -7.286255
     -7.265778        -7.232536        -7.221720        -7.211635        -7.160963
     -7.156684        -7.151476        -7.142119        -7.128984        -7.121949
     -7.100218        -7.087013        -7.058861        -7.044319        -6.975837
     -6.962964        -6.942463        -6.942071        -6.921716        -6.900810
     -6.876953        -6.860569        -6.849490        -6.835847        -6.827684
     -6.824385        -6.820607        -6.800409        -6.780412        -6.775558
     -6.749943        -6.746707        -6.736032        -6.725802        -6.709759
     -6.705182        -6.689000        -6.662635        -6.660576        -6.643977
     -6.632432        -6.610942        -6.588672        -6.584387        -6.559748
     -6.558481        -6.553339        -6.538324        -6.536385        -6.532256
     -6.528259        -6.517698        -6.510637        -6.497392        -6.489958
     -6.470314        -6.449522        -6.440924        -6.439877        -6.431656
     -6.411122        -6.404132        -6.384228        -6.371294        -6.353671
     -6.347462        -6.343832        -6.332318        -6.328708        -6.320268
     -6.315141        -6.279838        -6.269020        -6.267796        -6.258024
     -6.244084        -6.237005        -6.228936        -6.221592        -6.219296
     -6.216096        -6.200869        -6.178700        -6.163363        -6.160084
     -6.152944        -6.143183        -6.141560        -6.115258        -6.108639
     -6.101607        -6.095137        -6.088596        -6.080908        -6.071032
     -6.055424        -6.046270        -6.040749        -6.029371        -6.026955
     -6.024107        -6.015949        -6.007858        -6.000593        -5.996130
     -5.993702        -5.990268        -5.982121        -5.974010        -5.966457
     -5.950811        -5.938433        -5.927855        -5.926684        -5.921867
     -5.911975        -5.895816        -5.882718        -5.879848        -5.870258
     -5.862450        -5.856277        -5.851885        -5.846886        -5.836397
     -5.827472        -5.817572        -5.816080        -5.801796        -5.800448
     -5.793887        -5.789161        -5.787450        -5.772427        -5.770493
     -5.765554        -5.759899        -5.753932        -5.740458        -5.731920
     -5.728635        -5.721597        -5.717680        -5.713909        -5.706869
     -5.703273        -5.698615        -5.691270        -5.682202        -5.676319
     -5.672492        -5.670716        -5.660248        -5.655051        -5.649396
     -5.641312        -5.639880        -5.633775        -5.626313        -5.625807
     -5.617061        -5.613924        -5.600765        -5.596441        -5.589935
     -5.581776        -5.571167        -5.570723        -5.563798        -5.559466
     -5.553283        -5.547609        -5.541894        -5.534689        -5.528445
     -5.526812        -5.520701        -5.519266        -5.509298        -5.507889
     -5.498003        -5.496189        -5.489907        -5.481408        -5.479556
     -5.475902        -5.468710        -5.457582        -5.451443        -5.443855
     -5.441530        -5.437102        -5.426573        -5.424954        -5.415831
     -5.408465        -5.405371        -5.389091        -5.384779        -5.378772
     -5.371103        -5.360374        -5.358604        -5.354648        -5.349587
     -5.344399        -5.340545        -5.337871        -5.325025        -5.321901
     -5.318460        -5.316541        -5.307474        -5.301333        -5.297486
     -5.284658        -5.280242        -5.279015        -5.276968        -5.256691
     -5.248024        -5.245657        -5.243272        -5.232128        -5.220386
     -5.218279        -5.209206        -5.208157        -5.195892        -5.189074
     -5.184085        -5.174865        -5.166820        -5.161497        -5.159592
     -5.154105        -5.150548        -5.146021        -5.141656        -5.137203
     -5.125912        -5.119057        -5.115548        -5.109876        -5.105470
     -5.099280        -5.093256        -5.088734        -5.082236        -5.073949
     -5.064073        -5.060163        -5.057966        -5.053702        -5.045534
     -5.041482        -5.032837        -5.025926        -5.019810        -5.018259
     -5.009799        -5.005957        -4.997249        -4.989028        -4.976067
     -4.969957        -4.959845        -4.952223        -4.938845        -4.923007
     -4.914145        -4.902186        -4.888970        -4.881944        -4.874442
     -4.852808        -4.850146        -4.834945        -4.823453        -4.816887
     -4.804259        -4.796367        -4.789718        -4.781583        -4.775451
     -4.768542        -4.739457        -4.729626        -4.720287        -4.692206
     -4.671465        -4.663736        -4.658478        -4.646397        -4.633013
     -4.629334        -4.617284        -4.603138        -4.590038        -4.562824
     -4.534463        -4.507618        -4.498903        -4.488453        -4.483649
     -4.451259        -4.418483        -4.371880        -4.299728        -4.293627
     -4.283356        -4.218964        -4.167804        -4.120295        -4.083417
     -4.060262        -4.042199        -4.022210        -4.010823        -4.006276
     -4.001036        -3.986122        -3.980022        -3.952506        -3.946963
     -3.921736        -3.907307        -3.880638        -3.848993        -3.838146
     -3.768374        -3.761504        -3.755480        -3.734175        -3.729719
     -3.721506        -3.675932        -3.665447        -3.609256        -3.581276
     -3.574029        -3.559640        -3.525934        -3.489219        -3.422116
     -3.398456        -3.385406        -3.343676        -3.271925        -3.222690
     -3.176408        -3.164449        -3.115032        -3.046177        -3.002607
      0.320359         1.024343         1.089156         1.140631         1.175286
      1.330289         1.448353         1.471823         1.606074         1.665046
      2.090644         2.421197         2.614461         2.701392         2.804335
      2.936843         3.056222         3.088546         3.157803         3.219874
      3.261319         3.318367         3.377836         3.414515         3.456030
      3.501862         3.561741         3.616519         3.670894         3.701839
      3.718191         3.777112         3.797159         3.853753         3.873672
      3.901131         3.910785         3.945978         3.982017         4.020372
      4.059165         4.074931         4.115354         4.162184         4.192086
      4.222708         4.256977         4.272495         4.322551         4.358025
      4.385901         4.436646         4.459583         4.510699         4.592261
      4.612512         4.645512         4.741991
 *********************************
 sum eigen(dbl occ, ryd)=  -1670.37402079661     
 *********************************
 One SCF use:    81.1423170566559       s
 *********************************
 ****** kpt=           1
 err of each states, eV
  0.634776E-01     0.650271E-01     0.634789E-01     0.619722E-01     0.650165E-01
  0.348390E-01     0.285696E-01     0.340229E-01     0.321512E-01     0.301295E-01
  0.310258E-01     0.325530E-01     0.320456E-01     0.313327E-01     0.311368E-01
  0.314425E-01     0.310966E-01     0.308782E-01     0.320713E-01     0.319184E-01
  0.305857E-01     0.297332E-01     0.319755E-01     0.334328E-01     0.319843E-01
  0.323277E-01     0.298198E-01     0.323954E-01     0.322574E-01     0.306096E-01
  0.302067E-01     0.313732E-01     0.318546E-01     0.305393E-01     0.311558E-01
  0.335116E-01     0.306775E-01     0.311122E-01     0.309812E-01     0.266141E-01
  0.300589E-01     0.318038E-01     0.322387E-01     0.312408E-01     0.334142E-01
  0.255815E-01     0.323107E-01     0.308751E-01     0.311332E-01     0.294953E-01
  0.280773E-01     0.309354E-01     0.311700E-01     0.304751E-01     0.286461E-01
  0.322704E-01     0.307156E-01     0.306988E-01     0.315120E-01     0.315091E-01
  0.279653E-01     0.318685E-01     0.346695E-01     0.311510E-01     0.309945E-01
  0.288424E-01     0.320825E-01     0.303349E-01     0.304308E-01     0.323927E-01
  0.296626E-01     0.302558E-01     0.333988E-01     0.297768E-01     0.304786E-01
  0.304881E-01     0.278887E-01     0.276552E-01     0.303315E-01     0.306904E-01
  0.277203E-01     0.288027E-01     0.283685E-01     0.272966E-01     0.316214E-01
  0.319424E-01     0.302759E-01     0.267488E-01     0.300191E-01     0.308209E-01
  0.320711E-01     0.319496E-01     0.227312E-01     0.279501E-01     0.310578E-01
  0.279286E-01     0.271649E-01     0.303299E-01     0.289760E-01     0.298952E-01
  0.300857E-01     0.308545E-01     0.313625E-01     0.297082E-01     0.325959E-01
  0.303165E-01     0.314400E-01     0.318017E-01     0.336353E-01     0.307946E-01
  0.306158E-01     0.232991E-01     0.305275E-01     0.300907E-01     0.306278E-01
  0.305224E-01     0.320140E-01     0.290671E-01     0.314860E-01     0.282495E-01
  0.280886E-01     0.294444E-01     0.305959E-01     0.309640E-01     0.300407E-01
  0.287499E-01     0.279206E-01     0.290859E-01     0.276960E-01     0.290253E-01
  0.311091E-01     0.312327E-01     0.291895E-01     0.307977E-01     0.286318E-01
  0.300135E-01     0.284008E-01     0.299456E-01     0.277482E-01     0.307725E-01
  0.306607E-01     0.282033E-01     0.206635E-01     0.288957E-01     0.268581E-01
  0.246673E-01     0.282963E-01     0.290568E-01     0.226966E-01     0.279040E-01
  0.230334E-01     0.244244E-01     0.214947E-01     0.241778E-01     0.265068E-01
  0.220739E-01     0.228067E-01     0.240976E-01     0.268049E-01     0.196651E-01
  0.235290E-01     0.253979E-01     0.213023E-01     0.219747E-01     0.222536E-01
  0.233390E-01     0.204576E-01     0.253198E-01     0.212523E-01     0.217788E-01
  0.216193E-01     0.211731E-01     0.210549E-01     0.215610E-01     0.236756E-01
  0.230143E-01     0.220647E-01     0.225808E-01     0.225254E-01     0.213660E-01
  0.241539E-01     0.208828E-01     0.191627E-01     0.225049E-01     0.199135E-01
  0.239249E-01     0.216718E-01     0.222448E-01     0.219850E-01     0.214284E-01
  0.215259E-01     0.221876E-01     0.231379E-01     0.223782E-01     0.218651E-01
  0.421061E-01     0.392697E-01     0.358658E-01     0.376234E-01     0.340265E-01
  0.384213E-01     0.381155E-01     0.388260E-01     0.371632E-01     0.344038E-01
  0.282282E-01     0.197056E-01     0.203507E-01     0.182490E-01     0.186822E-01
  0.208890E-01     0.198829E-01     0.204054E-01     0.182556E-01     0.433071E-01
  0.186099E-01     0.401601E-01     0.446466E-01     0.409765E-01     0.437756E-01
  0.389356E-01     0.385594E-01     0.423635E-01     0.414337E-01     0.436916E-01
  0.414086E-01     0.421119E-01     0.384560E-01     0.437749E-01     0.420928E-01
  0.448084E-01     0.460520E-01     0.516059E-01     0.409499E-01     0.455366E-01
  0.457899E-01     0.451518E-01     0.439282E-01     0.463839E-01     0.429655E-01
  0.516697E-01     0.412295E-01     0.415532E-01     0.436165E-01     0.419482E-01
  0.447173E-01     0.446990E-01     0.475693E-01     0.481522E-01     0.446041E-01
  0.437778E-01     0.456151E-01     0.437102E-01     0.453668E-01     0.419503E-01
  0.438497E-01     0.436815E-01     0.419429E-01     0.405296E-01     0.387907E-01
  0.475573E-01     0.409367E-01     0.428464E-01     0.469755E-01     0.471313E-01
  0.425354E-01     0.515336E-01     0.412411E-01     0.425089E-01     0.419291E-01
  0.402958E-01     0.437547E-01     0.417798E-01     0.423623E-01     0.400872E-01
  0.392620E-01     0.421973E-01     0.413310E-01     0.415647E-01     0.430034E-01
  0.450240E-01     0.514144E-01     0.559452E-01     0.433756E-01     0.398940E-01
  0.534035E-01     0.512787E-01     0.478571E-01     0.439802E-01     0.490620E-01
  0.499172E-01     0.499772E-01     0.508212E-01     0.474166E-01     0.478911E-01
  0.358842E-01     0.470574E-01     0.450329E-01     0.464084E-01     0.483459E-01
  0.509858E-01     0.454581E-01     0.472314E-01     0.460486E-01     0.471296E-01
  0.466032E-01     0.516269E-01     0.483318E-01     0.484626E-01     0.580450E-01
  0.498144E-01     0.487634E-01     0.558074E-01     0.459221E-01     0.549631E-01
  0.519958E-01     0.528657E-01     0.399707E-01     0.475098E-01     0.483363E-01
  0.447871E-01     0.446940E-01     0.521265E-01     0.451192E-01     0.452366E-01
  0.492725E-01     0.485446E-01     0.518646E-01     0.474804E-01     0.501219E-01
  0.464852E-01     0.673040E-01     0.363755E-01     0.602369E-01     0.490583E-01
  0.468586E-01     0.487110E-01     0.591757E-01     0.601873E-01     0.397659E-01
  0.574272E-01     0.426146E-01     0.466764E-01     0.548858E-01     0.299495E-01
  0.459307E-01     0.462662E-01     0.492949E-01     0.442669E-01     0.594324E-01
  0.568844E-01     0.444752E-01     0.503989E-01     0.590531E-01     0.468203E-01
  0.577433E-01     0.492794E-01     0.629402E-01     0.535729E-01     0.552589E-01
  0.485783E-01     0.629516E-01     0.468441E-01     0.550912E-01     0.564147E-01
  0.550055E-01     0.481387E-01     0.507345E-01     0.528412E-01     0.461581E-01
  0.474225E-01     0.581245E-01     0.610333E-01     0.520647E-01     0.621785E-01
  0.677951E-01     0.452651E-01     0.589376E-01     0.601209E-01     0.639649E-01
  0.526413E-01     0.553051E-01     0.563933E-01     0.528620E-01     0.587377E-01
  0.546576E-01     0.486671E-01     0.481908E-01     0.619338E-01     0.615334E-01
  0.625683E-01     0.597939E-01     0.507240E-01     0.575220E-01     0.570965E-01
  0.521293E-01     0.640677E-01     0.616627E-01     0.549054E-01     0.474226E-01
  0.614270E-01     0.539400E-01     0.816671E-01     0.584890E-01     0.602222E-01
  0.690560E-01     0.636471E-01     0.567151E-01     0.647298E-01     0.674784E-01
  0.673500E-01     0.487631E-01     0.636125E-01     0.474386E-01     0.558180E-01
  0.553174E-01     0.594483E-01     0.587489E-01     0.542798E-01     0.601369E-01
  0.582928E-01     0.549809E-01     0.795700E-01     0.579865E-01     0.685115E-01
  0.664955E-01     0.600429E-01     0.452859E-01     0.559629E-01     0.430508E-01
  0.674756E-01     0.562379E-01     0.684761E-01     0.631654E-01     0.619277E-01
  0.544149E-01     0.576542E-01     0.556670E-01     0.760011E-01     0.659946E-01
  0.629258E-01     0.682046E-01     0.652558E-01     0.704007E-01     0.680595E-01
  0.591072E-01     0.669991E-01     0.629511E-01     0.649408E-01     0.609417E-01
  0.741373E-01     0.717283E-01     0.721545E-01     0.672997E-01     0.707121E-01
  0.774245E-01     0.659236E-01     0.770112E-01     0.645569E-01     0.685072E-01
  0.587994E-01     0.705962E-01     0.651683E-01     0.720620E-01     0.745568E-01
  0.665930E-01     0.764085E-01     0.651637E-01     0.615278E-01     0.730376E-01
  0.750919E-01     0.688428E-01     0.803198E-01     0.732253E-01     0.604826E-01
  0.795975E-01     0.726262E-01     0.740257E-01     0.689046E-01     0.944064E-01
  0.693288E-01     0.794631E-01     0.728193E-01     0.794269E-01     0.731288E-01
  0.745899E-01     0.704471E-01     0.626692E-01     0.650296E-01     0.568267E-01
  0.763968E-01     0.766704E-01     0.695270E-01     0.680911E-01     0.594497E-01
  0.757768E-01     0.809696E-01     0.789547E-01     0.764655E-01     0.781407E-01
  0.520135E-01     0.772577E-01     0.804987E-01     0.459896E-01     0.999857E-01
  0.629197E-01     0.700539E-01     0.623384E-01     0.648078E-01     0.762127E-01
  0.106229E+00     0.506073E-01     0.507470E-01     0.769712E-01     0.717415E-01
  0.468288E-01     0.784790E-01     0.854474E-01     0.778759E-01     0.777790E-01
  0.745895E-01     0.789332E-01     0.822956E-01     0.544827E-01     0.473827E-01
  0.805268E-01     0.833511E-01     0.691938E-01     0.667602E-01     0.806082E-01
  0.895403E-01     0.875268E-01     0.941255E-01     0.865418E-01     0.730727E-01
  0.726133E-01     0.917025E-01     0.800852E-01     0.817313E-01     0.851170E-01
  0.789190E-01     0.711027E-01     0.799901E-01     0.902753E-01     0.836997E-01
  0.634753E-01     0.810072E-01     0.699049E-01     0.706914E-01     0.753105E-01
  0.102688E+00     0.727091E-01     0.815343E-01     0.765118E-01     0.769999E-01
  0.683191E-01     0.772084E-01     0.740283E-01     0.479846E-01     0.880503E-01
  0.704396E-01     0.720409E-01     0.788703E-01     0.562812E-01     0.562299E-01
  0.724672E-01     0.605424E-01     0.659498E-01     0.555200E-01     0.735414E-01
  0.831132E-01     0.757623E-01     0.804922E-01     0.605224E-01     0.689400E-01
  0.706818E-01     0.644637E-01     0.584141E-01     0.816312E-01     0.743359E-01
  0.554154E-01     0.757246E-01     0.606145E-01     0.544824E-01     0.590323E-01
  0.666061E-01     0.468507E-01     0.701337E-01     0.757643E-01     0.807855E-01
  0.711140E-01     0.752825E-01     0.864496E-01     0.574166E-01     0.639012E-01
  0.994065E-01     0.548470E-01     0.777244E-01     0.557088E-01     0.692399E-01
  0.560804E-01     0.643141E-01     0.777229E-01     0.438445E-01     0.739914E-01
  0.640421E-01     0.521070E-01     0.557228E-01     0.539220E-01     0.595894E-01
  0.668829E-01     0.698020E-01     0.743129E-01     0.787012E-01     0.711885E-01
  0.628228E-01     0.595461E-01     0.718713E-01     0.665034E-01     0.700907E-01
  0.770077E-01     0.660002E-01     0.724287E-01     0.629745E-01     0.760446E-01
  0.698777E-01     0.798189E-01     0.870047E-01     0.791771E-01     0.714062E-01
  0.754848E-01     0.704848E-01     0.676671E-01     0.760570E-01     0.757669E-01
  0.827864E-01     0.729976E-01     0.696308E-01     0.791104E-01     0.852096E-01
  0.751852E-01     0.829800E-01     0.786493E-01     0.756237E-01     0.850765E-01
  0.692300E-01     0.689319E-01     0.696225E-01     0.694501E-01     0.764601E-01
  0.751374E-01     0.769289E-01     0.795896E-01     0.777103E-01     0.787162E-01
  0.818804E-01     0.869228E-01     0.776668E-01     0.829386E-01     0.989955E-01
  0.878191E-01     0.911007E-01     0.896317E-01     0.826818E-01     0.854788E-01
  0.855888E-01     0.928644E-01     0.912436E-01     0.790947E-01     0.850299E-01
  0.954786E-01     0.898265E-01     0.956412E-01     0.954447E-01     0.895586E-01
  0.827276E-01     0.104856E+00     0.108729E+00     0.102105E+00     0.890611E-01
  0.858143E-01     0.955126E-01     0.801715E-01     0.852743E-01     0.932067E-01
  0.929299E-01     0.872451E-01     0.816294E-01     0.916113E-01     0.957474E-01
  0.839948E-01     0.923562E-01     0.911862E-01     0.828126E-01     0.895335E-01
  0.969521E-01     0.104535E+00     0.826035E-01     0.821045E-01     0.980883E-01
  0.848507E-01     0.106588E+00     0.101632E+00     0.926307E-01     0.907487E-01
  0.106215E+00     0.904691E-01     0.780203E-01     0.101833E+00     0.109420E+00
  0.877042E-01     0.100131E+00     0.111239E+00     0.989850E-01     0.960991E-01
  0.957680E-01     0.113986E+00     0.937538E-01     0.933248E-01     0.102502E+00
  0.110843E+00     0.889756E-01     0.984083E-01     0.106357E+00     0.101437E+00
  0.929268E-01     0.943554E-01     0.100269E+00     0.111618E+00     0.990790E-01
  0.100424E+00     0.108141E+00     0.101782E+00     0.111489E+00     0.104599E+00
  0.102127E+00     0.100568E+00     0.109702E+00     0.108702E+00     0.102662E+00
  0.951151E-01     0.100541E+00     0.110349E+00     0.104908E+00     0.112323E+00
  0.100872E+00     0.106283E+00     0.967634E-01     0.110874E+00     0.110862E+00
  0.115262E+00     0.109567E+00     0.119054E+00     0.106238E+00     0.123213E+00
  0.108096E+00     0.119744E+00     0.106315E+00     0.118391E+00     0.105060E+00
  0.122197E+00     0.119884E+00     0.105114E+00     0.113218E+00     0.119747E+00
  0.112903E+00     0.113523E+00     0.114897E+00     0.115678E+00     0.114143E+00
  0.104551E+00     0.124323E+00     0.120070E+00     0.121690E+00     0.131101E+00
  0.119970E+00     0.109557E+00     0.127946E+00     0.130360E+00     0.117966E+00
  0.123951E+00     0.144231E+00     0.131440E+00     0.121101E+00     0.131476E+00
  0.127665E+00     0.103317E+00     0.126926E+00     0.135780E+00     0.152823E+00
  0.131634E+00     0.141878E+00     0.125565E+00     0.130213E+00     0.122495E+00
  0.133346E+00     0.129366E+00     0.137677E+00     0.138047E+00     0.134324E+00
  0.142754E+00     0.125260E+00     0.145711E+00     0.128902E+00     0.131908E+00
  0.135793E+00     0.150951E+00     0.122507E+00     0.127363E+00     0.146099E+00
  0.134790E+00     0.137128E+00     0.121222E+00     0.139617E+00     0.134051E+00
  0.129006E+00     0.158841E+00     0.127142E+00     0.129541E+00     0.145621E+00
  0.155716E+00     0.124916E+00     0.139146E+00     0.152001E+00     0.122361E+00
  0.110348E+00     0.132577E+00     0.147790E+00     0.138188E+00     0.124518E+00
  0.131339E+00     0.154371E+00     0.127476E+00     0.153599E+00     0.148480E+00
  0.152445E+00     0.138324E+00     0.137378E+00     0.161196E+00     0.117679E+00
  0.139368E+00     0.142860E+00     0.137536E+00     0.144158E+00     0.168663E+00
  0.177433E+00     0.138820E+00     0.154308E+00     0.129481E+00     0.116912E+00
  0.148995E+00     0.180529E+00     0.192300E+00     0.171397E+00     0.168746E+00
  0.156518E+00     0.152928E+00     0.164378E+00     0.168093E+00     0.162367E+00
  0.181114E+00     0.180305E+00     0.172090E+00     0.152039E+00     0.182548E+00
  0.126750E+00     0.163252E+00     0.164935E+00     0.145662E+00     0.165908E+00
  0.157727E+00     0.209361E+00     0.215968E+00     0.218265E+00     0.176382E+00
  0.187444E+00     0.239237E+00     0.195361E+00     0.231842E+00     0.226873E+00
  0.183545E+00     0.164208E+00     0.208709E+00     0.223470E+00     0.210254E+00
  0.181712E+00     0.197061E+00     0.182355E+00     0.176798E+00     0.240213E+00
  0.192032E+00     0.209157E+00     0.189218E+00     0.210390E+00     0.251391E+00
  0.238275E+00     0.231953E+00     0.261846E+00     0.256176E+00     0.130164E+00
  0.210605E+00     0.193375E+00     0.241325E+00     0.271689E+00     0.231216E+00
  0.224702E+00     0.227925E+00     0.234862E+00     0.142993E+00     0.257213E+00
  0.268040E+00     0.202954E+00     0.234795E+00     0.286879E+00     0.275005E+00
  0.167750E+00     0.160092E+00     0.300984E+00     0.191986E+00     0.222138E+00
  0.304882E+00     0.293579E+00     0.167565E+00     0.189129E+00     0.138546E+00
  0.170743E+00     0.252150E+00     0.191599E+00     0.219504E+00     0.187160E+00
  0.274555E+00     0.196342E+00     0.212132E+00     0.214328E+00     0.221348E+00
  0.201816E+00     0.189887E+00     0.222606E+00     0.220971E+00     0.242549E+00
  0.206203E+00     0.164708E+00     0.244369E+00     0.226644E+00     0.246905E+00
  0.237724E+00     0.203055E+00     0.225909E+00     0.250181E+00     0.224439E+00
  0.296895E+00     0.212444E+00     0.314119E+00     0.271791E+00     0.272073E+00
  0.225795E+00     0.265542E+00     0.254002E+00     0.249836E+00     0.279327E+00
  0.276114E+00     0.255314E+00     0.349810E+00     0.286937E+00     0.280037E+00
  0.294706E+00     0.352983E+00     0.299784E+00     0.372241E+00     0.335024E+00
  0.464190E+00     0.441572E+00     0.559663E+00     0.676413E+00     0.566067E+00
  0.540950E+00     0.584998E+00     0.652010E+00     0.665715E+00     0.950236E+00
  0.603276E+00     0.497067E+00     0.657423E+00     0.670199E+00     0.693047E+00
  0.934391E+00     0.718121E+00     0.664067E+00     0.927949E+00     0.929389E+00
  0.843458E+00     0.856823E+00     0.756411E+00     0.919151E+00     0.109101E+01
  0.862686E+00     0.894125E+00     0.866481E+00     0.103666E+01     0.975002E+00
  0.984653E+00     0.118305E+01     0.999778E+00     0.121909E+01     0.112757E+01
  0.963947E+00     0.108427E+01     0.100217E+01     0.111577E+01     0.113778E+01
  0.124245E+01     0.119613E+01     0.123681E+01     0.129626E+01     0.115595E+01
  0.113521E+01     0.119283E+01     0.143907E+01     0.133456E+01     0.138775E+01
  0.136869E+01     0.121753E+01     0.146117E+01     0.138816E+01     0.150056E+01
  0.149600E+01     0.136818E+01     0.132323E+01
 eigen energies, in ev
    -46.534176       -46.365751       -46.153670       -45.682215       -45.645461
    -28.271951       -28.109262       -28.069535       -28.003110       -27.809265
    -27.717150       -27.671418       -27.658692       -27.575306       -27.574985
    -27.551725       -27.538904       -27.508319       -27.481200       -27.456092
    -27.446376       -27.435801       -27.430199       -27.414257       -27.410275
    -27.365791       -27.329142       -27.323455       -27.313107       -27.238333
    -27.208496       -27.197745       -27.195291       -27.186938       -27.158993
    -27.149886       -27.118247       -27.100289       -27.098025       -27.093043
    -27.071624       -27.063402       -27.047683       -27.016738       -27.016237
    -26.948480       -26.947825       -26.940268       -26.930838       -26.919103
    -26.910195       -26.908077       -26.874552       -26.857125       -26.825108
    -26.793311       -26.748008       -26.742583       -26.720173       -26.717075
    -26.709857       -26.697121       -26.668804       -26.660222       -26.658192
    -26.636639       -26.634538       -26.551462       -26.516610       -26.514303
    -26.491614       -26.407278       -26.382822       -26.342843       -26.299378
    -26.275444       -26.268462       -26.261514       -26.189159       -26.175208
    -26.139336       -26.093310       -26.070530       -26.043823       -26.005432
    -25.981181       -25.961791       -25.952779       -25.947596       -25.939645
    -25.888977       -25.869723       -25.834624       -25.828866       -25.809836
    -25.785463       -25.774483       -25.770584       -25.754932       -25.739822
    -25.739274       -25.736245       -25.735386       -25.727851       -25.724164
    -25.709432       -25.706574       -25.703134       -25.689832       -25.659123
    -25.640244       -25.629414       -25.624948       -25.596999       -25.587688
    -25.567712       -25.563946       -25.539471       -25.538554       -25.510900
    -25.494286       -25.484562       -25.469549       -25.450289       -25.392556
    -25.385451       -25.381166       -25.377065       -25.374140       -25.356656
    -25.348872       -25.328656       -25.307225       -25.305872       -25.293141
    -25.286033       -25.271105       -25.222707       -25.191256       -25.148626
    -25.086330       -25.053550       -25.024708       -25.009362       -24.999328
    -24.991098       -24.983470       -24.947035       -24.906041       -24.876457
    -24.834700       -24.648642       -24.534147       -24.517070       -24.299183
    -24.262967       -24.103616       -24.072766       -24.052210       -23.986667
    -23.982365       -23.973837       -23.967662       -23.890816       -23.880141
    -23.855346       -23.633955       -23.614163       -23.568619       -23.471972
    -23.457574       -23.366880       -23.324546       -23.323217       -23.299321
    -23.272129       -23.246323       -23.225419       -23.219362       -23.203159
    -23.180323       -23.159738       -22.979537       -22.918001       -22.901213
    -22.880430       -22.866746       -22.756222       -22.465144       -22.370985
    -20.201701       -20.012882       -19.605456       -19.414709       -19.126163
    -19.088796       -18.735422       -18.652122       -18.546476       -18.508518
    -18.508024       -18.383000       -18.276553       -18.233069       -18.025937
    -17.983419       -17.794559       -17.704487       -17.649967       -17.627452
    -17.506878       -17.475196       -17.340369       -17.283376       -17.275355
    -17.219165       -16.933230       -16.853267       -16.825455       -16.768385
    -16.681300       -16.669344       -16.625085       -16.603028       -16.600523
    -16.495877       -16.464515       -16.335576       -16.222966       -15.905737
    -15.289690       -15.115276       -15.052036       -14.902796       -14.880881
    -14.871451       -14.829592       -14.806721       -14.753025       -14.673769
    -14.625464       -14.619951       -14.604683       -14.583431       -14.573542
    -14.540365       -14.509890       -14.460683       -14.451274       -14.440161
    -14.426599       -14.343400       -14.321993       -14.304620       -14.262432
    -14.252038       -14.236131       -14.190961       -14.176057       -14.111674
    -14.090223       -13.989740       -13.912237       -13.849461       -13.819690
    -13.759022       -13.747564       -13.700363       -13.687668       -13.667933
    -13.621696       -13.572678       -13.535151       -13.473815       -13.432370
    -13.391302       -12.722899       -12.705702       -12.657721       -12.645009
    -12.614429       -12.537654       -12.522845       -12.509215       -12.473488
    -12.424650       -12.393463       -12.325009       -12.299700       -12.242123
    -12.208605       -12.090684       -12.038344       -12.009607       -11.992694
    -11.981957       -11.963804       -11.959691       -11.936327       -11.912826
    -11.909387       -11.863882       -11.838665       -11.812298       -11.782405
    -11.772387       -11.742096       -11.715171       -11.683872       -11.604282
    -11.582836       -11.560949       -11.555094       -11.548744       -11.488739
    -11.429356       -11.417573       -11.414891       -11.405596       -11.399736
    -11.370169       -11.365090       -11.351189       -11.346453       -11.334059
    -11.309467       -11.304555       -11.294254       -11.260407       -11.229138
    -11.187454       -11.095331       -11.084600       -11.025627       -11.009326
    -10.946224       -10.882825       -10.802665       -10.788061       -10.758896
    -10.740952       -10.727370       -10.710399       -10.700243       -10.688357
    -10.651346       -10.633083       -10.627356       -10.617942       -10.587188
    -10.559712       -10.557061       -10.547031       -10.531573       -10.511993
    -10.508710       -10.504349       -10.450126       -10.442961       -10.437306
    -10.418077       -10.410998       -10.404479       -10.391551       -10.374497
    -10.366986       -10.356931       -10.351636       -10.344544       -10.334463
    -10.307302       -10.284025       -10.273294       -10.257308       -10.238311
    -10.224684       -10.208563       -10.192726       -10.180571       -10.163956
    -10.159360       -10.157294       -10.150842       -10.145428       -10.134128
    -10.124182       -10.114137       -10.110454       -10.099476       -10.084203
    -10.083353       -10.078214       -10.062520       -10.055759       -10.046776
    -10.046174       -10.018819       -10.015917       -10.005506        -9.992374
     -9.978329        -9.974030        -9.951742        -9.945840        -9.940356
     -9.925441        -9.912814        -9.908745        -9.876764        -9.871746
     -9.865071        -9.860876        -9.848835        -9.843776        -9.836550
     -9.826875        -9.823474        -9.816817        -9.804856        -9.801207
     -9.789416        -9.772663        -9.759213        -9.750120        -9.731640
     -9.729475        -9.723478        -9.716008        -9.704075        -9.692962
     -9.688497        -9.679007        -9.652021        -9.633648        -9.631192
     -9.619711        -9.611386        -9.603325        -9.575802        -9.559145
     -9.548931        -9.540148        -9.527937        -9.513223        -9.493058
     -9.453920        -9.451816        -9.441350        -9.427241        -9.417054
     -9.405697        -9.404233        -9.397910        -9.386357        -9.368323
     -9.362865        -9.352473        -9.336680        -9.319932        -9.305348
     -9.286703        -9.274159        -9.265603        -9.245370        -9.238878
     -9.229815        -9.228686        -9.221713        -9.216426        -9.206476
     -9.202498        -9.193551        -9.180605        -9.176493        -9.170424
     -9.155913        -9.150662        -9.138349        -9.128255        -9.119806
     -9.111741        -9.103943        -9.100590        -9.088675        -9.085862
     -9.080192        -9.074978        -9.066286        -9.057054        -9.043920
     -9.043696        -9.032068        -9.030615        -9.025143        -9.018636
     -9.003763        -8.986603        -8.973373        -8.968363        -8.957003
     -8.953901        -8.949510        -8.941468        -8.928285        -8.923491
     -8.895546        -8.889537        -8.882333        -8.873418        -8.861514
     -8.857092        -8.841752        -8.836605        -8.823191        -8.810267
     -8.800368        -8.778904        -8.769550        -8.747397        -8.743036
     -8.730253        -8.709977        -8.706686        -8.701240        -8.682595
     -8.638109        -8.627460        -8.620561        -8.612584        -8.599335
     -8.591624        -8.589340        -8.567575        -8.564831        -8.558147
     -8.532978        -8.519669        -8.510968        -8.499954        -8.494519
     -8.482676        -8.471862        -8.466625        -8.458703        -8.455157
     -8.449419        -8.436179        -8.428260        -8.422046        -8.411724
     -8.393331        -8.382427        -8.368972        -8.359693        -8.335234
     -8.325100        -8.322518        -8.310413        -8.308458        -8.297868
     -8.292559        -8.283261        -8.273707        -8.258766        -8.257409
     -8.249664        -8.232738        -8.227679        -8.189701        -8.170444
     -8.164618        -8.151991        -8.150303        -8.138465        -8.131402
     -8.112370        -8.100850        -8.073059        -8.049343        -8.046769
     -8.034925        -8.018757        -7.969821        -7.930259        -7.877654
     -7.867003        -7.851247        -7.834103        -7.814630        -7.801342
     -7.797979        -7.792116        -7.785483        -7.737301        -7.719370
     -7.679929        -7.650449        -7.638602        -7.624551        -7.601232
     -7.560888        -7.549851        -7.528495        -7.515115        -7.481443
     -7.436384        -7.428705        -7.426298        -7.412770        -7.399805
     -7.353741        -7.345047        -7.321785        -7.301829        -7.287620
     -7.266857        -7.233323        -7.223184        -7.212642        -7.162128
     -7.158053        -7.152452        -7.143585        -7.130204        -7.123141
     -7.101396        -7.088367        -7.060523        -7.045975        -6.977053
     -6.964190        -6.943797        -6.943218        -6.923085        -6.902175
     -6.878723        -6.862090        -6.850734        -6.837565        -6.829552
     -6.825635        -6.822573        -6.802134        -6.781990        -6.777577
     -6.751012        -6.748137        -6.737193        -6.727019        -6.711179
     -6.706885        -6.690657        -6.664500        -6.662200        -6.645474
     -6.634185        -6.613154        -6.590307        -6.586192        -6.562550
     -6.560820        -6.556019        -6.540146        -6.538388        -6.534449
     -6.530401        -6.520296        -6.512934        -6.499145        -6.492179
     -6.473159        -6.451743        -6.443994        -6.442524        -6.433904
     -6.413097        -6.407558        -6.388224        -6.374238        -6.355847
     -6.349445        -6.346702        -6.334126        -6.330966        -6.322726
     -6.318375        -6.281883        -6.271132        -6.270322        -6.260328
     -6.246315        -6.239314        -6.231428        -6.223712        -6.221841
     -6.218792        -6.204643        -6.180556        -6.165394        -6.163713
     -6.154987        -6.146911        -6.144221        -6.118050        -6.111385
     -6.105216        -6.097493        -6.090387        -6.084423        -6.074854
     -6.057762        -6.049341        -6.043808        -6.032552        -6.029925
     -6.026993        -6.019587        -6.010592        -6.003535        -5.999220
     -5.997505        -5.992495        -5.984906        -5.977956        -5.969765
     -5.953363        -5.941007        -5.931197        -5.930382        -5.924844
     -5.915070        -5.899486        -5.886486        -5.883613        -5.874266
     -5.865929        -5.859436        -5.856280        -5.850127        -5.839681
     -5.830195        -5.820878        -5.820151        -5.804729        -5.804605
     -5.797196        -5.792698        -5.790236        -5.776388        -5.773823
     -5.770019        -5.763654        -5.758357        -5.744454        -5.736617
     -5.732427        -5.726074        -5.721153        -5.718582        -5.711069
     -5.707858        -5.703240        -5.694524        -5.686398        -5.680719
     -5.676899        -5.674381        -5.664121        -5.659318        -5.653872
     -5.645285        -5.644709        -5.638413        -5.630964        -5.630795
     -5.621304        -5.617613        -5.605738        -5.600955        -5.594490
     -5.586438        -5.576674        -5.576046        -5.568070        -5.564507
     -5.557260        -5.551164        -5.547724        -5.539871        -5.537352
     -5.532501        -5.527821        -5.524222        -5.515361        -5.512097
     -5.503859        -5.501419        -5.496969        -5.488068        -5.485480
     -5.481591        -5.473247        -5.464898        -5.456467        -5.449645
     -5.446987        -5.443884        -5.432006        -5.429307        -5.422468
     -5.413991        -5.411214        -5.394799        -5.390635        -5.384181
     -5.376096        -5.367715        -5.362798        -5.359241        -5.355667
     -5.351011        -5.346597        -5.343318        -5.332333        -5.326166
     -5.322293        -5.321439        -5.313502        -5.306653        -5.302273
     -5.290422        -5.286915        -5.283724        -5.283245        -5.262776
     -5.255418        -5.252092        -5.248125        -5.239955        -5.226339
     -5.222648        -5.215817        -5.213570        -5.202446        -5.199690
     -5.193214        -5.180759        -5.174283        -5.168044        -5.164728
     -5.163264        -5.160086        -5.156914        -5.149522        -5.143637
     -5.132949        -5.126656        -5.124849        -5.119495        -5.112760
     -5.109762        -5.103528        -5.097381        -5.089610        -5.084286
     -5.069638        -5.067217        -5.066335        -5.060636        -5.053524
     -5.050752        -5.046986        -5.039885        -5.033385        -5.028467
     -5.023438        -5.017267        -5.006733        -5.002233        -4.989664
     -4.978192        -4.968748        -4.963300        -4.951968        -4.934093
     -4.922803        -4.914078        -4.898122        -4.892790        -4.890006
     -4.865165        -4.861787        -4.848432        -4.843048        -4.832542
     -4.822826        -4.808652        -4.804819        -4.795744        -4.780303
     -4.778311        -4.748433        -4.744984        -4.739304        -4.704543
     -4.684665        -4.677003        -4.673973        -4.654256        -4.651234
     -4.643064        -4.626812        -4.618232        -4.612132        -4.582792
     -4.541428        -4.520364        -4.515065        -4.497316        -4.496161
     -4.473403        -4.440346        -4.379836        -4.310840        -4.299380
     -4.291079        -4.233162        -4.177403        -4.132072        -4.092848
     -4.081465        -4.051390        -4.032901        -4.022416        -4.018935
     -4.012202        -3.995947        -3.993068        -3.967367        -3.959396
     -3.933634        -3.916628        -3.894484        -3.862470        -3.853708
     -3.782532        -3.773157        -3.770087        -3.750734        -3.745868
     -3.741743        -3.689674        -3.688066        -3.629586        -3.601140
     -3.588247        -3.578090        -3.544492        -3.506800        -3.441701
     -3.421641        -3.407268        -3.377926        -3.300031        -3.253680
     -3.210060        -3.203910        -3.150852        -3.094165        -3.052234
      0.255642         0.972326         1.008943         1.038143         1.083462
      1.256518         1.350722         1.365523         1.445464         1.497701
      1.986243         2.336985         2.510074         2.610517         2.693231
      2.799480         2.932106         2.969694         3.023577         3.061638
      3.117599         3.205906         3.228113         3.266611         3.288741
      3.376037         3.424732         3.456911         3.490720         3.523459
      3.554920         3.581156         3.602965         3.611158         3.680031
      3.701827         3.760875         3.774753         3.798434         3.822030
      3.855005         3.879072         3.923009         3.929585         3.997069
      4.026403         4.040209         4.067144         4.105008         4.131034
      4.167453         4.178762         4.246871         4.280634         4.330605
      4.353542         4.419323         4.516305
 *********************************
 sum eigen(dbl occ, ryd)=  -1672.20300985063     
 *********************************
 total steps run non-scf:            6
 One SCF use:    81.0968430042267       s
 *********************************
 ****** kpt=           1
 err of each states, eV
  0.108885E-01     0.113806E-01     0.112310E-01     0.109526E-01     0.111850E-01
  0.645149E-02     0.618620E-02     0.661465E-02     0.591953E-02     0.645390E-02
  0.566344E-02     0.616056E-02     0.579347E-02     0.586407E-02     0.569406E-02
  0.571810E-02     0.562033E-02     0.568192E-02     0.576506E-02     0.584095E-02
  0.563690E-02     0.657877E-02     0.582116E-02     0.626450E-02     0.600575E-02
  0.596945E-02     0.539033E-02     0.606401E-02     0.597608E-02     0.565367E-02
  0.558711E-02     0.553392E-02     0.579238E-02     0.570893E-02     0.590217E-02
  0.617678E-02     0.544040E-02     0.571241E-02     0.562166E-02     0.575360E-02
  0.563241E-02     0.547601E-02     0.607183E-02     0.564981E-02     0.568095E-02
  0.577151E-02     0.529163E-02     0.561050E-02     0.543563E-02     0.523909E-02
  0.635058E-02     0.523818E-02     0.551613E-02     0.555921E-02     0.518293E-02
  0.586921E-02     0.531586E-02     0.551676E-02     0.572064E-02     0.562924E-02
  0.629211E-02     0.580586E-02     0.602477E-02     0.536645E-02     0.547237E-02
  0.648259E-02     0.541296E-02     0.541551E-02     0.553687E-02     0.579482E-02
  0.511619E-02     0.555734E-02     0.624378E-02     0.533814E-02     0.545349E-02
  0.545234E-02     0.608422E-02     0.615631E-02     0.565391E-02     0.554135E-02
  0.494910E-02     0.503773E-02     0.500328E-02     0.478883E-02     0.560982E-02
  0.622482E-02     0.559283E-02     0.485829E-02     0.567091E-02     0.617266E-02
  0.582853E-02     0.616086E-02     0.456591E-02     0.502453E-02     0.566899E-02
  0.503555E-02     0.487616E-02     0.533703E-02     0.510587E-02     0.523690E-02
  0.585252E-02     0.597416E-02     0.572835E-02     0.528445E-02     0.613807E-02
  0.576249E-02     0.575158E-02     0.578217E-02     0.642782E-02     0.597865E-02
  0.570937E-02     0.460200E-02     0.599170E-02     0.548446E-02     0.595548E-02
  0.552154E-02     0.573858E-02     0.537631E-02     0.575776E-02     0.501761E-02
  0.520704E-02     0.580501E-02     0.592240E-02     0.566645E-02     0.587735E-02
  0.547183E-02     0.528325E-02     0.521868E-02     0.490053E-02     0.552147E-02
  0.588931E-02     0.586246E-02     0.558521E-02     0.589476E-02     0.538917E-02
  0.561342E-02     0.537790E-02     0.549370E-02     0.478547E-02     0.571615E-02
  0.605547E-02     0.535257E-02     0.348828E-02     0.543919E-02     0.493760E-02
  0.489725E-02     0.540134E-02     0.559495E-02     0.438663E-02     0.511520E-02
  0.452023E-02     0.492199E-02     0.415118E-02     0.482058E-02     0.546832E-02
  0.423992E-02     0.391650E-02     0.417307E-02     0.549043E-02     0.337816E-02
  0.384903E-02     0.495637E-02     0.367167E-02     0.376650E-02     0.378104E-02
  0.395754E-02     0.344763E-02     0.468395E-02     0.357083E-02     0.411140E-02
  0.417122E-02     0.379650E-02     0.360567E-02     0.360383E-02     0.414687E-02
  0.385666E-02     0.381280E-02     0.439766E-02     0.355927E-02     0.356267E-02
  0.389311E-02     0.355166E-02     0.337562E-02     0.424698E-02     0.340431E-02
  0.455063E-02     0.418395E-02     0.391797E-02     0.427111E-02     0.404554E-02
  0.385679E-02     0.372113E-02     0.408336E-02     0.373934E-02     0.349521E-02
  0.722632E-02     0.693252E-02     0.644304E-02     0.663751E-02     0.584468E-02
  0.656370E-02     0.638500E-02     0.632189E-02     0.623875E-02     0.563032E-02
  0.508000E-02     0.337250E-02     0.355743E-02     0.310693E-02     0.315058E-02
  0.372971E-02     0.347855E-02     0.348823E-02     0.307182E-02     0.660302E-02
  0.312386E-02     0.604253E-02     0.674412E-02     0.581226E-02     0.646331E-02
  0.548422E-02     0.573411E-02     0.637125E-02     0.584392E-02     0.646232E-02
  0.609662E-02     0.624194E-02     0.573410E-02     0.652397E-02     0.627102E-02
  0.679037E-02     0.733744E-02     0.788015E-02     0.621319E-02     0.681351E-02
  0.721822E-02     0.705699E-02     0.670574E-02     0.703705E-02     0.668657E-02
  0.791173E-02     0.656509E-02     0.640058E-02     0.687585E-02     0.688229E-02
  0.714285E-02     0.672206E-02     0.734578E-02     0.736180E-02     0.704863E-02
  0.675565E-02     0.700221E-02     0.699494E-02     0.736334E-02     0.670192E-02
  0.686109E-02     0.662577E-02     0.610941E-02     0.626167E-02     0.594001E-02
  0.714451E-02     0.645648E-02     0.672889E-02     0.669542E-02     0.716439E-02
  0.666951E-02     0.772867E-02     0.645530E-02     0.645778E-02     0.627142E-02
  0.600752E-02     0.714953E-02     0.642604E-02     0.620415E-02     0.611439E-02
  0.564588E-02     0.624360E-02     0.603000E-02     0.601780E-02     0.615618E-02
  0.645275E-02     0.869029E-02     0.850312E-02     0.675389E-02     0.595070E-02
  0.782357E-02     0.778020E-02     0.755330E-02     0.673732E-02     0.824311E-02
  0.757536E-02     0.798556E-02     0.784726E-02     0.728589E-02     0.806787E-02
  0.522125E-02     0.743198E-02     0.690892E-02     0.728230E-02     0.784880E-02
  0.804213E-02     0.699173E-02     0.775269E-02     0.752115E-02     0.776885E-02
  0.760943E-02     0.836641E-02     0.725977E-02     0.748021E-02     0.940698E-02
  0.862805E-02     0.806881E-02     0.932907E-02     0.735194E-02     0.885978E-02
  0.813430E-02     0.734256E-02     0.659280E-02     0.776777E-02     0.808719E-02
  0.686136E-02     0.730647E-02     0.796526E-02     0.755118E-02     0.754034E-02
  0.824648E-02     0.778563E-02     0.829403E-02     0.741584E-02     0.806013E-02
  0.772452E-02     0.936943E-02     0.778129E-02     0.103023E-01     0.787827E-02
  0.793593E-02     0.791017E-02     0.114254E-01     0.968062E-02     0.705360E-02
  0.108025E-01     0.682791E-02     0.636911E-02     0.919433E-02     0.656522E-02
  0.739909E-02     0.745156E-02     0.799622E-02     0.681687E-02     0.958839E-02
  0.942939E-02     0.934712E-02     0.952437E-02     0.948410E-02     0.718858E-02
  0.109539E-01     0.877380E-02     0.102565E-01     0.101764E-01     0.109446E-01
  0.815187E-02     0.891355E-02     0.956776E-02     0.102235E-01     0.870792E-02
  0.938210E-02     0.833564E-02     0.857397E-02     0.982669E-02     0.908003E-02
  0.817305E-02     0.992693E-02     0.108723E-01     0.101493E-01     0.116888E-01
  0.111347E-01     0.100659E-01     0.993284E-02     0.107799E-01     0.100921E-01
  0.965258E-02     0.101545E-01     0.983250E-02     0.100356E-01     0.113847E-01
  0.100081E-01     0.829740E-02     0.844323E-02     0.102777E-01     0.116458E-01
  0.114059E-01     0.113266E-01     0.942522E-02     0.963930E-02     0.103670E-01
  0.899500E-02     0.106693E-01     0.118695E-01     0.990045E-02     0.844845E-02
  0.108227E-01     0.966367E-02     0.150349E-01     0.963992E-02     0.116630E-01
  0.123938E-01     0.114901E-01     0.111709E-01     0.103437E-01     0.108208E-01
  0.112722E-01     0.982522E-02     0.114984E-01     0.850886E-02     0.100150E-01
  0.103590E-01     0.113041E-01     0.105339E-01     0.982706E-02     0.117172E-01
  0.108132E-01     0.867054E-02     0.135594E-01     0.109183E-01     0.123864E-01
  0.117721E-01     0.107681E-01     0.972450E-02     0.901434E-02     0.764952E-02
  0.122024E-01     0.108433E-01     0.118486E-01     0.110654E-01     0.115853E-01
  0.106553E-01     0.108748E-01     0.973987E-02     0.136399E-01     0.121835E-01
  0.112649E-01     0.128316E-01     0.125170E-01     0.139118E-01     0.120156E-01
  0.993097E-02     0.123214E-01     0.107897E-01     0.116224E-01     0.113293E-01
  0.141072E-01     0.135002E-01     0.135919E-01     0.128802E-01     0.144566E-01
  0.138450E-01     0.140400E-01     0.152108E-01     0.121396E-01     0.131868E-01
  0.106073E-01     0.117625E-01     0.118904E-01     0.128508E-01     0.124425E-01
  0.117720E-01     0.134789E-01     0.127686E-01     0.125033E-01     0.137463E-01
  0.147882E-01     0.137207E-01     0.143751E-01     0.140608E-01     0.119053E-01
  0.150616E-01     0.143396E-01     0.147294E-01     0.130608E-01     0.163495E-01
  0.133265E-01     0.151174E-01     0.138738E-01     0.159246E-01     0.136386E-01
  0.141444E-01     0.135681E-01     0.126907E-01     0.122277E-01     0.134459E-01
  0.122618E-01     0.144993E-01     0.136671E-01     0.129480E-01     0.124267E-01
  0.149067E-01     0.147471E-01     0.143507E-01     0.148244E-01     0.143701E-01
  0.123095E-01     0.132075E-01     0.166063E-01     0.101511E-01     0.172596E-01
  0.129769E-01     0.141160E-01     0.123391E-01     0.125855E-01     0.141279E-01
  0.202211E-01     0.103994E-01     0.114920E-01     0.156808E-01     0.151697E-01
  0.102853E-01     0.149511E-01     0.160017E-01     0.156378E-01     0.150702E-01
  0.145172E-01     0.148470E-01     0.163771E-01     0.104835E-01     0.106955E-01
  0.133616E-01     0.151541E-01     0.141343E-01     0.134428E-01     0.154443E-01
  0.168722E-01     0.162804E-01     0.191152E-01     0.168176E-01     0.152260E-01
  0.150884E-01     0.163525E-01     0.152673E-01     0.162585E-01     0.161805E-01
  0.166561E-01     0.145104E-01     0.157512E-01     0.175595E-01     0.165159E-01
  0.134255E-01     0.164559E-01     0.153557E-01     0.148908E-01     0.160725E-01
  0.198569E-01     0.149748E-01     0.159923E-01     0.157230E-01     0.154477E-01
  0.133560E-01     0.145069E-01     0.153517E-01     0.928770E-02     0.165810E-01
  0.135675E-01     0.143826E-01     0.156647E-01     0.124016E-01     0.119137E-01
  0.155463E-01     0.137852E-01     0.160591E-01     0.118221E-01     0.143272E-01
  0.155318E-01     0.155710E-01     0.151242E-01     0.139636E-01     0.144110E-01
  0.153546E-01     0.134855E-01     0.115606E-01     0.170298E-01     0.138884E-01
  0.123781E-01     0.160028E-01     0.118679E-01     0.109730E-01     0.103533E-01
  0.128382E-01     0.934107E-02     0.136659E-01     0.157609E-01     0.167926E-01
  0.143909E-01     0.161290E-01     0.171897E-01     0.120445E-01     0.122802E-01
  0.200489E-01     0.107237E-01     0.168375E-01     0.101907E-01     0.144851E-01
  0.110228E-01     0.128294E-01     0.135471E-01     0.100453E-01     0.150993E-01
  0.134263E-01     0.975096E-02     0.111694E-01     0.106414E-01     0.118540E-01
  0.131395E-01     0.130035E-01     0.150041E-01     0.145396E-01     0.144423E-01
  0.130213E-01     0.110665E-01     0.149821E-01     0.130520E-01     0.142015E-01
  0.141999E-01     0.122325E-01     0.148350E-01     0.137671E-01     0.134416E-01
  0.141095E-01     0.150828E-01     0.161915E-01     0.159853E-01     0.137513E-01
  0.140048E-01     0.147568E-01     0.138455E-01     0.149711E-01     0.149804E-01
  0.164639E-01     0.151165E-01     0.143732E-01     0.163774E-01     0.163469E-01
  0.142380E-01     0.166858E-01     0.159901E-01     0.155481E-01     0.169189E-01
  0.134130E-01     0.146840E-01     0.138964E-01     0.137314E-01     0.150720E-01
  0.154003E-01     0.155856E-01     0.169605E-01     0.159884E-01     0.154237E-01
  0.165916E-01     0.183582E-01     0.163473E-01     0.160787E-01     0.201330E-01
  0.181311E-01     0.204946E-01     0.165607E-01     0.172003E-01     0.177662E-01
  0.181086E-01     0.203574E-01     0.184288E-01     0.159373E-01     0.178114E-01
  0.197419E-01     0.179429E-01     0.204643E-01     0.200300E-01     0.180056E-01
  0.176548E-01     0.219784E-01     0.225322E-01     0.213867E-01     0.182289E-01
  0.169273E-01     0.213731E-01     0.170310E-01     0.175210E-01     0.201249E-01
  0.210131E-01     0.182487E-01     0.188124E-01     0.186958E-01     0.190400E-01
  0.189329E-01     0.185224E-01     0.193311E-01     0.187607E-01     0.193349E-01
  0.197698E-01     0.226380E-01     0.172442E-01     0.183613E-01     0.218515E-01
  0.174528E-01     0.240375E-01     0.207722E-01     0.198864E-01     0.202913E-01
  0.226919E-01     0.194461E-01     0.175626E-01     0.230630E-01     0.243842E-01
  0.186981E-01     0.220286E-01     0.209348E-01     0.232994E-01     0.213299E-01
  0.199553E-01     0.228839E-01     0.211126E-01     0.220443E-01     0.210945E-01
  0.243658E-01     0.183535E-01     0.206950E-01     0.241432E-01     0.220562E-01
  0.206194E-01     0.197159E-01     0.240930E-01     0.226422E-01     0.210466E-01
  0.210872E-01     0.239747E-01     0.235244E-01     0.235082E-01     0.241291E-01
  0.228984E-01     0.226494E-01     0.269302E-01     0.222797E-01     0.223247E-01
  0.211791E-01     0.231484E-01     0.240791E-01     0.239369E-01     0.240586E-01
  0.230272E-01     0.236536E-01     0.216253E-01     0.252629E-01     0.239492E-01
  0.253908E-01     0.244285E-01     0.270084E-01     0.246461E-01     0.282948E-01
  0.235461E-01     0.261883E-01     0.226935E-01     0.270872E-01     0.281690E-01
  0.254935E-01     0.262872E-01     0.222656E-01     0.261124E-01     0.272663E-01
  0.264046E-01     0.228765E-01     0.238170E-01     0.255604E-01     0.268626E-01
  0.272664E-01     0.250489E-01     0.278261E-01     0.268814E-01     0.263039E-01
  0.268193E-01     0.237892E-01     0.287981E-01     0.280633E-01     0.263441E-01
  0.268273E-01     0.310730E-01     0.290836E-01     0.272226E-01     0.271343E-01
  0.249587E-01     0.244465E-01     0.307716E-01     0.307648E-01     0.363298E-01
  0.282724E-01     0.320186E-01     0.285372E-01     0.321176E-01     0.271320E-01
  0.292507E-01     0.277558E-01     0.316274E-01     0.328697E-01     0.282062E-01
  0.291193E-01     0.276370E-01     0.331341E-01     0.279420E-01     0.298812E-01
  0.291779E-01     0.327081E-01     0.298831E-01     0.280871E-01     0.328893E-01
  0.274074E-01     0.291014E-01     0.316477E-01     0.319494E-01     0.269813E-01
  0.301202E-01     0.352247E-01     0.278320E-01     0.270173E-01     0.298970E-01
  0.338076E-01     0.286850E-01     0.290053E-01     0.353996E-01     0.267214E-01
  0.275398E-01     0.246470E-01     0.307696E-01     0.282348E-01     0.285043E-01
  0.316372E-01     0.299016E-01     0.285874E-01     0.303494E-01     0.320599E-01
  0.336858E-01     0.314951E-01     0.266356E-01     0.342675E-01     0.325681E-01
  0.244871E-01     0.329220E-01     0.297729E-01     0.357359E-01     0.411399E-01
  0.375761E-01     0.309177E-01     0.326616E-01     0.358541E-01     0.290326E-01
  0.389249E-01     0.291706E-01     0.419002E-01     0.327475E-01     0.274645E-01
  0.342185E-01     0.360890E-01     0.331681E-01     0.369546E-01     0.350329E-01
  0.391274E-01     0.411878E-01     0.357647E-01     0.334616E-01     0.408071E-01
  0.326218E-01     0.252679E-01     0.365716E-01     0.338447E-01     0.352963E-01
  0.437119E-01     0.342056E-01     0.464381E-01     0.412917E-01     0.460654E-01
  0.424548E-01     0.333963E-01     0.356137E-01     0.370395E-01     0.459394E-01
  0.347337E-01     0.364046E-01     0.361286E-01     0.408984E-01     0.400378E-01
  0.367271E-01     0.412170E-01     0.371591E-01     0.452223E-01     0.357722E-01
  0.462198E-01     0.362913E-01     0.583952E-01     0.378887E-01     0.396899E-01
  0.418722E-01     0.393825E-01     0.378207E-01     0.402922E-01     0.305290E-01
  0.256874E-01     0.340820E-01     0.459663E-01     0.460931E-01     0.388331E-01
  0.408770E-01     0.387299E-01     0.420110E-01     0.501664E-01     0.354725E-01
  0.331586E-01     0.339540E-01     0.392059E-01     0.504953E-01     0.518062E-01
  0.281535E-01     0.485870E-01     0.312105E-01     0.337734E-01     0.337958E-01
  0.511773E-01     0.488855E-01     0.286494E-01     0.386000E-01     0.232733E-01
  0.259351E-01     0.391085E-01     0.331603E-01     0.359561E-01     0.326596E-01
  0.527427E-01     0.333155E-01     0.353307E-01     0.382445E-01     0.408844E-01
  0.339765E-01     0.382397E-01     0.359080E-01     0.438280E-01     0.357108E-01
  0.367266E-01     0.337932E-01     0.384702E-01     0.408315E-01     0.414730E-01
  0.439130E-01     0.329514E-01     0.420724E-01     0.461402E-01     0.497462E-01
  0.436781E-01     0.504350E-01     0.444553E-01     0.530713E-01     0.520194E-01
  0.464118E-01     0.459064E-01     0.487411E-01     0.485635E-01     0.556768E-01
  0.539906E-01     0.507062E-01     0.728716E-01     0.624822E-01     0.645590E-01
  0.715314E-01     0.760656E-01     0.719098E-01     0.884443E-01     0.871148E-01
  0.107910E+00     0.128414E+00     0.178628E+00     0.182048E+00     0.175394E+00
  0.178672E+00     0.211137E+00     0.185304E+00     0.267748E+00     0.246900E+00
  0.231155E+00     0.245547E+00     0.258054E+00     0.262554E+00     0.294034E+00
  0.331603E+00     0.406568E+00     0.399470E+00     0.350611E+00     0.427465E+00
  0.457414E+00     0.442786E+00     0.393973E+00     0.366824E+00     0.485111E+00
  0.384401E+00     0.403074E+00     0.505333E+00     0.654425E+00     0.627505E+00
  0.555900E+00     0.564919E+00     0.574659E+00     0.549478E+00     0.596315E+00
  0.554657E+00     0.533154E+00     0.519673E+00     0.513484E+00     0.600994E+00
  0.602943E+00     0.579724E+00     0.595982E+00     0.746566E+00     0.546244E+00
  0.673977E+00     0.612402E+00     0.583094E+00     0.544917E+00     0.557055E+00
  0.615590E+00     0.728078E+00     0.704256E+00     0.743639E+00     0.950077E+00
  0.790376E+00     0.817360E+00     0.825626E+00
 eigen energies, in ev
    -46.534188       -46.365759       -46.153680       -45.682224       -45.645466
    -28.271959       -28.109261       -28.069540       -28.003116       -27.809264
    -27.717155       -27.671423       -27.658691       -27.575310       -27.574990
    -27.551734       -27.538904       -27.508326       -27.481202       -27.456099
    -27.446379       -27.435801       -27.430206       -27.414263       -27.410280
    -27.365795       -27.329141       -27.323458       -27.313109       -27.238336
    -27.208493       -27.197746       -27.195294       -27.186938       -27.158999
    -27.149892       -27.118254       -27.100293       -27.098030       -27.093049
    -27.071623       -27.063404       -27.047688       -27.016743       -27.016238
    -26.948483       -26.947824       -26.940272       -26.930843       -26.919105
    -26.910200       -26.908083       -26.874556       -26.857129       -26.825110
    -26.793315       -26.748013       -26.742585       -26.720175       -26.717081
    -26.709860       -26.697129       -26.668808       -26.660226       -26.658196
    -26.636645       -26.634542       -26.551464       -26.516614       -26.514309
    -26.491619       -26.407284       -26.382828       -26.342844       -26.299383
    -26.275444       -26.268466       -26.261519       -26.189163       -26.175208
    -26.139338       -26.093314       -26.070529       -26.043825       -26.005436
    -25.981181       -25.961796       -25.952785       -25.947601       -25.939651
    -25.888986       -25.869729       -25.834626       -25.828865       -25.809842
    -25.785464       -25.774487       -25.770584       -25.754936       -25.739821
    -25.739280       -25.736249       -25.735391       -25.727858       -25.724166
    -25.709437       -25.706581       -25.703136       -25.689836       -25.659128
    -25.640247       -25.629414       -25.624954       -25.597002       -25.587690
    -25.567717       -25.563951       -25.539473       -25.538559       -25.510898
    -25.494291       -25.484566       -25.469551       -25.450294       -25.392560
    -25.385450       -25.381167       -25.377071       -25.374141       -25.356655
    -25.348875       -25.328657       -25.307225       -25.305875       -25.293147
    -25.286036       -25.271105       -25.222711       -25.191260       -25.148630
    -25.086336       -25.053551       -25.024709       -25.009368       -24.999332
    -24.991098       -24.983469       -24.947040       -24.906039       -24.876457
    -24.834700       -24.648643       -24.534150       -24.517072       -24.299187
    -24.262968       -24.103616       -24.072769       -24.052212       -23.986669
    -23.982367       -23.973840       -23.967663       -23.890816       -23.880144
    -23.855347       -23.633958       -23.614168       -23.568620       -23.471972
    -23.457573       -23.366883       -23.324547       -23.323220       -23.299323
    -23.272131       -23.246323       -23.225420       -23.219363       -23.203160
    -23.180325       -23.159738       -22.979541       -22.918000       -22.901211
    -22.880430       -22.866750       -22.756221       -22.465145       -22.370986
    -20.201703       -20.012883       -19.605459       -19.414711       -19.126164
    -19.088805       -18.735425       -18.652126       -18.546481       -18.508521
    -18.508029       -18.383004       -18.276556       -18.233071       -18.025939
    -17.983424       -17.794560       -17.704491       -17.649968       -17.627451
    -17.506880       -17.475197       -17.340371       -17.283377       -17.275360
    -17.219166       -16.933232       -16.853272       -16.825458       -16.768389
    -16.681305       -16.669348       -16.625089       -16.603033       -16.600527
    -16.495880       -16.464519       -16.335582       -16.222972       -15.905741
    -15.289694       -15.115284       -15.052044       -14.902801       -14.880886
    -14.871459       -14.829599       -14.806727       -14.753030       -14.673775
    -14.625471       -14.619956       -14.604688       -14.583435       -14.573547
    -14.540372       -14.509895       -14.460691       -14.451280       -14.440169
    -14.426605       -14.343405       -14.321999       -14.304626       -14.262436
    -14.252045       -14.236138       -14.190967       -14.176061       -14.111678
    -14.090229       -13.989745       -13.912244       -13.849467       -13.819699
    -13.759029       -13.747571       -13.700369       -13.687675       -13.667940
    -13.621702       -13.572686       -13.535159       -13.473820       -13.432375
    -13.391308       -12.722905       -12.705709       -12.657727       -12.645015
    -12.614436       -12.537665       -12.522857       -12.509222       -12.473495
    -12.424661       -12.393470       -12.325020       -12.299709       -12.242133
    -12.208616       -12.090695       -12.038354       -12.009618       -11.992703
    -11.981962       -11.963813       -11.959698       -11.936335       -11.912835
    -11.909399       -11.863889       -11.838676       -11.812306       -11.782415
    -11.772397       -11.742107       -11.715180       -11.683882       -11.604298
    -11.582848       -11.560960       -11.555109       -11.548753       -11.488754
    -11.429369       -11.417583       -11.414900       -11.405607       -11.399748
    -11.370177       -11.365100       -11.351201       -11.346461       -11.334068
    -11.309480       -11.304565       -11.294266       -11.260418       -11.229149
    -11.187465       -11.095350       -11.084609       -11.025647       -11.009338
    -10.946235       -10.882837       -10.802685       -10.788079       -10.758904
    -10.740970       -10.727379       -10.710408       -10.700258       -10.688362
    -10.651356       -10.633092       -10.627368       -10.617951       -10.587206
    -10.559729       -10.557075       -10.547046       -10.531590       -10.512004
    -10.508729       -10.504363       -10.450147       -10.442977       -10.437324
    -10.418089       -10.411015       -10.404494       -10.391568       -10.374512
    -10.367002       -10.356944       -10.351650       -10.344560       -10.334477
    -10.307315       -10.284044       -10.273314       -10.257325       -10.238333
    -10.224708       -10.208576       -10.192745       -10.180591       -10.163975
    -10.159376       -10.157311       -10.150859       -10.145446       -10.134149
    -10.124200       -10.114150       -10.110466       -10.099496       -10.084226
    -10.083374       -10.078235       -10.062535       -10.055776       -10.046795
    -10.046188       -10.018841       -10.015939       -10.005523        -9.992388
     -9.978350        -9.974047        -9.951782        -9.945857        -9.940378
     -9.925469        -9.912837        -9.908766        -9.876785        -9.871770
     -9.865095        -9.860890        -9.848857        -9.843789        -9.836568
     -9.826894        -9.823496        -9.816837        -9.804874        -9.801230
     -9.789435        -9.772678        -9.759248        -9.750141        -9.731667
     -9.729499        -9.723499        -9.716023        -9.704091        -9.692973
     -9.688524        -9.679026        -9.652047        -9.633670        -9.631214
     -9.619729        -9.611407        -9.603343        -9.575837        -9.559171
     -9.548954        -9.540176        -9.527963        -9.513254        -9.493084
     -9.453938        -9.451843        -9.441372        -9.427265        -9.417076
     -9.405733        -9.404265        -9.397941        -9.386386        -9.368357
     -9.362901        -9.352503        -9.336717        -9.319958        -9.305379
     -9.286723        -9.274186        -9.265628        -9.245400        -9.238909
     -9.229839        -9.228721        -9.221740        -9.216450        -9.206509
     -9.202535        -9.193581        -9.180643        -9.176527        -9.170447
     -9.155953        -9.150695        -9.138387        -9.128284        -9.119858
     -9.111770        -9.103984        -9.100624        -9.088717        -9.085893
     -9.080226        -9.075009        -9.066312        -9.057079        -9.043954
     -9.043721        -9.032103        -9.030647        -9.025173        -9.018660
     -9.003799        -8.986641        -8.973410        -8.968400        -8.957039
     -8.953923        -8.949544        -8.941512        -8.928302        -8.923550
     -8.895573        -8.889571        -8.882358        -8.873444        -8.861550
     -8.857163        -8.841769        -8.836623        -8.823232        -8.810303
     -8.800385        -8.778944        -8.769594        -8.747437        -8.743075
     -8.730290        -8.710015        -8.706731        -8.701259        -8.682612
     -8.638146        -8.627502        -8.620594        -8.612614        -8.599377
     -8.591676        -8.589387        -8.567635        -8.564880        -8.558182
     -8.533015        -8.519721        -8.511009        -8.499997        -8.494566
     -8.482722        -8.471898        -8.466666        -8.458758        -8.455202
     -8.449446        -8.436225        -8.428296        -8.422081        -8.411764
     -8.393400        -8.382462        -8.369015        -8.359732        -8.335274
     -8.325131        -8.322555        -8.310449        -8.308473        -8.297917
     -8.292591        -8.283295        -8.273747        -8.258789        -8.257432
     -8.249701        -8.232766        -8.227714        -8.189723        -8.170479
     -8.164660        -8.152030        -8.150344        -8.138495        -8.131436
     -8.112407        -8.100879        -8.073081        -8.049390        -8.046800
     -8.034947        -8.018796        -7.969845        -7.930279        -7.877674
     -7.867032        -7.851261        -7.834135        -7.814670        -7.801387
     -7.798012        -7.792158        -7.785532        -7.737324        -7.719396
     -7.679995        -7.650469        -7.638645        -7.624569        -7.601267
     -7.560909        -7.549878        -7.528530        -7.515129        -7.481480
     -7.436414        -7.428723        -7.426319        -7.412789        -7.399828
     -7.353771        -7.345078        -7.321823        -7.301866        -7.287655
     -7.266886        -7.233345        -7.223220        -7.212670        -7.162160
     -7.158090        -7.152480        -7.143621        -7.130235        -7.123173
     -7.101429        -7.088406        -7.060571        -7.046018        -6.977086
     -6.964226        -6.943834        -6.943250        -6.923124        -6.902213
     -6.878770        -6.862127        -6.850768        -6.837611        -6.829601
     -6.825670        -6.822622        -6.802177        -6.782030        -6.777629
     -6.751043        -6.748172        -6.737227        -6.727052        -6.711218
     -6.706926        -6.690701        -6.664547        -6.662242        -6.645515
     -6.634232        -6.613211        -6.590352        -6.586237        -6.562624
     -6.560878        -6.556087        -6.540201        -6.538436        -6.534503
     -6.530457        -6.520366        -6.512992        -6.499190        -6.492232
     -6.473229        -6.451800        -6.444072        -6.442587        -6.433963
     -6.413149        -6.407644        -6.388319        -6.374315        -6.355906
     -6.349498        -6.346775        -6.334174        -6.331021        -6.322793
     -6.318448        -6.281938        -6.271192        -6.270381        -6.260393
     -6.246374        -6.239377        -6.231491        -6.223773        -6.221904
     -6.218858        -6.204732        -6.180607        -6.165448        -6.163795
     -6.155042        -6.147012        -6.144293        -6.118121        -6.111457
     -6.105309        -6.097557        -6.090438        -6.084516        -6.074953
     -6.057824        -6.049426        -6.043893        -6.032646        -6.030003
     -6.027058        -6.019686        -6.010668        -6.003612        -5.999299
     -5.997603        -5.992552        -5.984979        -5.978059        -5.969846
     -5.953432        -5.941077        -5.931294        -5.930472        -5.924920
     -5.915149        -5.899585        -5.886583        -5.883711        -5.874363
     -5.866019        -5.859522        -5.856395        -5.850216        -5.839767
     -5.830272        -5.820966        -5.820253        -5.804836        -5.804700
     -5.797285        -5.792793        -5.790314        -5.776500        -5.773925
     -5.770135        -5.763749        -5.758481        -5.744558        -5.736756
     -5.732525        -5.726197        -5.721242        -5.718706        -5.711203
     -5.707974        -5.703355        -5.694610        -5.686517        -5.680839
     -5.677020        -5.674474        -5.664223        -5.659433        -5.653990
     -5.645417        -5.644810        -5.638550        -5.631090        -5.630920
     -5.621427        -5.617707        -5.605875        -5.601093        -5.594614
     -5.586561        -5.576845        -5.576191        -5.568196        -5.564642
     -5.557381        -5.551266        -5.547885        -5.540039        -5.537586
     -5.532637        -5.527997        -5.524354        -5.515531        -5.512218
     -5.504011        -5.501556        -5.497155        -5.488249        -5.485621
     -5.481742        -5.473384        -5.465099        -5.456604        -5.449796
     -5.447144        -5.444063        -5.432165        -5.429434        -5.422652
     -5.414122        -5.411366        -5.394982        -5.390793        -5.384312
     -5.376241        -5.367937        -5.362925        -5.359379        -5.355830
     -5.351217        -5.346764        -5.343451        -5.332545        -5.326281
     -5.322426        -5.321551        -5.313670        -5.306798        -5.302411
     -5.290613        -5.287073        -5.283866        -5.283412        -5.262967
     -5.255619        -5.252269        -5.248252        -5.240163        -5.226525
     -5.222751        -5.216005        -5.213725        -5.202649        -5.199997
     -5.193452        -5.180939        -5.174480        -5.168275        -5.164881
     -5.163552        -5.160236        -5.157204        -5.149738        -5.143796
     -5.133159        -5.126895        -5.125060        -5.119731        -5.112970
     -5.110041        -5.103803        -5.097615        -5.089816        -5.084574
     -5.069835        -5.067342        -5.066578        -5.060836        -5.053769
     -5.051100        -5.047192        -5.040287        -5.033697        -5.028838
     -5.023787        -5.017491        -5.007000        -5.002532        -4.990043
     -4.978427        -4.968987        -4.963578        -4.952297        -4.934409
     -4.923058        -4.914387        -4.898399        -4.893208        -4.890247
     -4.865598        -4.862060        -4.849161        -4.843322        -4.832845
     -4.823248        -4.808966        -4.805100        -4.796071        -4.780490
     -4.778467        -4.748674        -4.745387        -4.739760        -4.704875
     -4.684993        -4.677328        -4.674350        -4.654736        -4.651469
     -4.643357        -4.627072        -4.618600        -4.612624        -4.583307
     -4.541601        -4.520905        -4.515251        -4.497550        -4.496429
     -4.473937        -4.440855        -4.380007        -4.311125        -4.299486
     -4.291238        -4.233515        -4.177631        -4.132357        -4.093074
     -4.082035        -4.051620        -4.033180        -4.022709        -4.019268
     -4.012449        -3.996219        -3.993341        -3.967761        -3.959670
     -3.933903        -3.916834        -3.894812        -3.862821        -3.854059
     -3.782916        -3.773385        -3.770429        -3.751161        -3.746347
     -3.742094        -3.690212        -3.688414        -3.630066        -3.601648
     -3.588583        -3.578491        -3.544906        -3.507220        -3.442210
     -3.422138        -3.407705        -3.378746        -3.300626        -3.254264
     -3.210770        -3.204757        -3.151517        -3.095246        -3.053145
      0.253039         0.968997         1.002595         1.031890         1.077951
      1.251001         1.342366         1.358291         1.432051         1.487557
      1.975706         2.325417         2.495080         2.594399         2.673358
      2.776646         2.898997         2.932396         2.996129         3.025205
      3.074563         3.161062         3.198914         3.233750         3.245357
      3.338093         3.371589         3.387620         3.414990         3.450961
      3.487431         3.512197         3.542959         3.555194         3.605692
      3.638579         3.699678         3.713097         3.728657         3.749835
      3.772039         3.812918         3.832644         3.861043         3.912795
      3.929960         3.952196         3.979700         4.023687         4.047283
      4.065341         4.081966         4.141016         4.161070         4.195242
      4.229210         4.294502         4.391367
 *********************************
 sum eigen(dbl occ, ryd)=  -1672.68709343976     
 *********************************
 Ef(eV)=  -1.91793253352821     
 ***************************************************
 iter=           7
 ---------------------------------------------------
 dvE, dvE(n)-dvE(n-1) = 0.0000E+00 0.0000E+00
 dv_ave, drho_tot     = 0.0000E+00 0.1244E+00
 err of ug            = 0.1209E-02
 ---------------------------------------------------
 Ewald        = -.41876607880374E+05
 Alpha        = 0.15207970391171E+04
 E_extV       = 0.00000000000000E+00    0.0000E+00
 E_NSC        = -.23117453620783E+05    -.2312E+05
 E[-rho*V_Hxc]= -.11969255623573E+06    -.6959E+05
 E_Hxc        = 0.50103208782392E+05    0.5010E+05
 -TS          = -.35505862134626E-26    -.3551E-26
 E_tot(eV)    = -.13306261191538E+06    -.1331E+06
 ---------------------------------------------------
 E_ion,E_coul,E_xc =   -220735.4096186   78366.2609865  -28263.0522041
Ewald+Hart+ion    -0.1842457565125E+06
 ave(vtot)=ave_(V_xc)=: v0= -0.292157587123077     
 Eigen energies are values after setting ave_vtot=0
 ----------------------------------
 One SCF use:    85.9207131862640       s
 *********************************
 ****** kpt=           1
 err of each states, eV
  0.405732E-01     0.412074E-01     0.409476E-01     0.398820E-01     0.389265E-01
  0.101858E+00     0.337350E-01     0.705864E-01     0.101742E+00     0.429637E-01
  0.743168E-01     0.100543E+00     0.462964E-01     0.400560E-01     0.585931E-01
  0.676593E-01     0.610063E-01     0.609103E-01     0.608845E-01     0.688340E-01
  0.386910E-01     0.510608E-01     0.412424E-01     0.403568E-01     0.382192E-01
  0.582682E-01     0.110527E+00     0.355467E-01     0.400723E-01     0.353756E-01
  0.644564E-01     0.393232E-01     0.391683E-01     0.849650E-01     0.407967E-01
  0.478192E-01     0.655209E-01     0.473512E-01     0.382463E-01     0.401402E-01
  0.107284E+00     0.453787E-01     0.428030E-01     0.338090E-01     0.516252E-01
  0.540555E-01     0.444382E-01     0.711228E-01     0.496873E-01     0.645376E-01
  0.439467E-01     0.778374E-01     0.454804E-01     0.125026E+00     0.131997E+00
  0.394809E-01     0.637087E-01     0.548588E-01     0.381482E-01     0.435230E-01
  0.354981E-01     0.354192E-01     0.454072E-01     0.379696E-01     0.406248E-01
  0.465810E-01     0.350338E-01     0.708569E-01     0.372101E-01     0.343220E-01
  0.143163E+00     0.456720E-01     0.178882E+00     0.389573E-01     0.340916E-01
  0.152361E+00     0.449262E-01     0.410997E-01     0.507166E-01     0.423391E-01
  0.464574E-01     0.562192E-01     0.332030E-01     0.410584E-01     0.435800E-01
  0.534642E-01     0.474281E-01     0.447056E-01     0.490502E-01     0.330720E-01
  0.451242E-01     0.358926E-01     0.385840E-01     0.396248E-01     0.421708E-01
  0.350551E-01     0.484584E-01     0.450137E-01     0.425555E-01     0.388107E-01
  0.397086E-01     0.458022E-01     0.425985E-01     0.135006E+00     0.407939E-01
  0.939229E-01     0.549990E-01     0.447312E-01     0.356258E-01     0.574555E-01
  0.414402E-01     0.393337E-01     0.533500E-01     0.151899E+00     0.171864E+00
  0.335953E-01     0.172268E+00     0.418450E-01     0.200750E+00     0.469902E-01
  0.470324E-01     0.343086E-01     0.360227E-01     0.183828E+00     0.570449E-01
  0.402578E-01     0.510339E-01     0.470926E-01     0.334985E-01     0.434824E-01
  0.419537E-01     0.372090E-01     0.208052E+00     0.172819E+00     0.402627E-01
  0.171058E+00     0.345588E-01     0.471271E-01     0.155130E+00     0.530967E-01
  0.364269E-01     0.475800E-01     0.381431E-01     0.408161E-01     0.410594E-01
  0.542502E-01     0.162635E+00     0.164047E+00     0.213562E+00     0.204038E+00
  0.201469E+00     0.218250E+00     0.220247E+00     0.228133E+00     0.166761E+00
  0.175948E+00     0.266085E+00     0.131264E+00     0.221966E+00     0.269869E+00
  0.163032E+00     0.200327E+00     0.183809E+00     0.206993E+00     0.123548E+00
  0.227269E+00     0.206583E+00     0.172314E+00     0.132714E+00     0.124014E+00
  0.132562E+00     0.137674E+00     0.130882E+00     0.136782E+00     0.131129E+00
  0.128497E+00     0.134751E+00     0.144597E+00     0.170399E+00     0.132744E+00
  0.226657E+00     0.128091E+00     0.131376E+00     0.225726E+00     0.225490E+00
  0.225822E+00     0.222592E+00     0.222083E+00     0.226970E+00     0.224635E+00
  0.220984E+00     0.223275E+00     0.216705E+00     0.216498E+00     0.217525E+00
  0.173807E+00     0.153448E+00     0.150443E+00     0.164813E+00     0.172165E+00
  0.145286E+00     0.141898E+00     0.157398E+00     0.152734E+00     0.158005E+00
  0.143400E+00     0.165288E+00     0.129608E+00     0.166260E+00     0.168325E+00
  0.179688E+00     0.140694E+00     0.171915E+00     0.156827E+00     0.158675E+00
  0.160002E+00     0.170572E+00     0.168668E+00     0.137316E+00     0.148776E+00
  0.176741E+00     0.155315E+00     0.146469E+00     0.150645E+00     0.164935E+00
  0.145415E+00     0.171265E+00     0.137062E+00     0.153867E+00     0.148641E+00
  0.118017E+00     0.101100E+00     0.103107E+00     0.100002E+00     0.100850E+00
  0.950670E-01     0.101579E+00     0.352048E+00     0.164939E+00     0.103572E+00
  0.108331E+00     0.101941E+00     0.112488E+00     0.355595E+00     0.104022E+00
  0.105000E+00     0.149128E+00     0.103564E+00     0.132425E+00     0.135018E+00
  0.150228E+00     0.393562E+00     0.141709E+00     0.157647E+00     0.402487E+00
  0.156835E+00     0.331656E+00     0.162122E+00     0.158112E+00     0.147490E+00
  0.152887E+00     0.156614E+00     0.141942E+00     0.150104E+00     0.136444E+00
  0.137231E+00     0.145279E+00     0.151531E+00     0.155583E+00     0.152497E+00
  0.148558E+00     0.135092E+00     0.138534E+00     0.138115E+00     0.148479E+00
  0.166450E+00     0.122187E+00     0.148601E+00     0.243760E+00     0.256402E+00
  0.139439E+00     0.153288E+00     0.162520E+00     0.143927E+00     0.155964E+00
  0.155569E+00     0.152878E+00     0.152382E+00     0.150239E+00     0.148866E+00
  0.153365E+00     0.153344E+00     0.150057E+00     0.152718E+00     0.182646E+00
  0.154161E+00     0.149487E+00     0.147524E+00     0.144516E+00     0.230110E+00
  0.143064E+00     0.169708E+00     0.145811E+00     0.152870E+00     0.159937E+00
  0.135158E+00     0.240907E+00     0.133562E+00     0.148793E+00     0.148724E+00
  0.303695E+00     0.155032E+00     0.168825E+00     0.162587E+00     0.153171E+00
  0.147618E+00     0.156025E+00     0.160426E+00     0.158171E+00     0.295493E+00
  0.149958E+00     0.230758E+00     0.142248E+00     0.194726E+00     0.239426E+00
  0.133712E+00     0.236269E+00     0.207759E+00     0.199210E+00     0.158990E+00
  0.205700E+00     0.215893E+00     0.182455E+00     0.185353E+00     0.226007E+00
  0.265966E+00     0.238450E+00     0.234153E+00     0.256220E+00     0.147049E+00
  0.224175E+00     0.216263E+00     0.205665E+00     0.207656E+00     0.240304E+00
  0.198917E+00     0.194393E+00     0.197954E+00     0.210232E+00     0.211626E+00
  0.214693E+00     0.186588E+00     0.212759E+00     0.202486E+00     0.227137E+00
  0.197329E+00     0.224054E+00     0.184363E+00     0.241698E+00     0.199368E+00
  0.222893E+00     0.236309E+00     0.185884E+00     0.157826E+00     0.164433E+00
  0.182555E+00     0.173615E+00     0.173318E+00     0.170111E+00     0.186213E+00
  0.167999E+00     0.166824E+00     0.182538E+00     0.175460E+00     0.165167E+00
  0.156397E+00     0.197055E+00     0.162068E+00     0.201001E+00     0.197399E+00
  0.185425E+00     0.191476E+00     0.172100E+00     0.154588E+00     0.164480E+00
  0.170665E+00     0.181261E+00     0.191672E+00     0.157189E+00     0.152256E+00
  0.173739E+00     0.168418E+00     0.205531E+00     0.164137E+00     0.160705E+00
  0.181088E+00     0.184807E+00     0.230215E+00     0.245249E+00     0.204746E+00
  0.177581E+00     0.162552E+00     0.168474E+00     0.207810E+00     0.211927E+00
  0.185378E+00     0.221960E+00     0.185884E+00     0.218369E+00     0.279125E+00
  0.252974E+00     0.243321E+00     0.165230E+00     0.168824E+00     0.226587E+00
  0.189259E+00     0.182862E+00     0.190491E+00     0.259623E+00     0.248989E+00
  0.191940E+00     0.231827E+00     0.187618E+00     0.192714E+00     0.177794E+00
  0.147590E+00     0.232550E+00     0.171573E+00     0.206869E+00     0.194421E+00
  0.256600E+00     0.133245E+00     0.163177E+00     0.146736E+00     0.141215E+00
  0.177737E+00     0.222344E+00     0.155123E+00     0.148815E+00     0.209438E+00
  0.186328E+00     0.139171E+00     0.139548E+00     0.154247E+00     0.138931E+00
  0.154426E+00     0.132744E+00     0.133545E+00     0.132029E+00     0.130627E+00
  0.128689E+00     0.125954E+00     0.133077E+00     0.127151E+00     0.133992E+00
  0.129740E+00     0.112433E+00     0.123198E+00     0.139518E+00     0.135429E+00
  0.145455E+00     0.138280E+00     0.152261E+00     0.168418E+00     0.139960E+00
  0.154247E+00     0.131867E+00     0.174147E+00     0.174299E+00     0.218173E+00
  0.186466E+00     0.173313E+00     0.173603E+00     0.146142E+00     0.177191E+00
  0.176590E+00     0.160803E+00     0.204522E+00     0.141795E+00     0.126652E+00
  0.194601E+00     0.174490E+00     0.149010E+00     0.133285E+00     0.181354E+00
  0.170244E+00     0.127784E+00     0.201790E+00     0.148020E+00     0.177613E+00
  0.140669E+00     0.143980E+00     0.179973E+00     0.156421E+00     0.187091E+00
  0.143827E+00     0.208657E+00     0.135757E+00     0.169133E+00     0.182023E+00
  0.226927E+00     0.126780E+00     0.160311E+00     0.214791E+00     0.168688E+00
  0.190200E+00     0.176541E+00     0.231204E+00     0.161255E+00     0.177526E+00
  0.180169E+00     0.195064E+00     0.182991E+00     0.214702E+00     0.169117E+00
  0.204058E+00     0.169458E+00     0.143852E+00     0.157538E+00     0.156402E+00
  0.202155E+00     0.140099E+00     0.184035E+00     0.156471E+00     0.179559E+00
  0.187279E+00     0.199262E+00     0.158447E+00     0.191828E+00     0.181693E+00
  0.170269E+00     0.164025E+00     0.155382E+00     0.233092E+00     0.220036E+00
  0.174091E+00     0.204034E+00     0.192988E+00     0.157915E+00     0.197565E+00
  0.176209E+00     0.218982E+00     0.186360E+00     0.207313E+00     0.160859E+00
  0.216502E+00     0.183536E+00     0.129039E+00     0.221135E+00     0.171268E+00
  0.222088E+00     0.201961E+00     0.159283E+00     0.232003E+00     0.220396E+00
  0.229670E+00     0.208827E+00     0.215595E+00     0.241748E+00     0.230940E+00
  0.225501E+00     0.161623E+00     0.244812E+00     0.203528E+00     0.214227E+00
  0.211772E+00     0.220855E+00     0.121293E+00     0.234936E+00     0.113074E+00
  0.197927E+00     0.194547E+00     0.206056E+00     0.103053E+00     0.136162E+00
  0.131539E+00     0.195604E+00     0.216940E+00     0.218610E+00     0.199713E+00
  0.239922E+00     0.177996E+00     0.183717E+00     0.223873E+00     0.226684E+00
  0.177037E+00     0.200518E+00     0.216494E+00     0.189814E+00     0.185572E+00
  0.202111E+00     0.191753E+00     0.191931E+00     0.167126E+00     0.217126E+00
  0.217444E+00     0.208654E+00     0.213703E+00     0.223069E+00     0.235812E+00
  0.209444E+00     0.193684E+00     0.177586E+00     0.159423E+00     0.169212E+00
  0.176547E+00     0.182409E+00     0.937689E-01     0.118297E+00     0.105228E+00
  0.142512E+00     0.120405E+00     0.259404E+00     0.192638E+00     0.217594E+00
  0.176311E+00     0.130422E+00     0.141412E+00     0.172500E+00     0.175046E+00
  0.150825E+00     0.156855E+00     0.151281E+00     0.168632E+00     0.206920E+00
  0.108834E+00     0.138598E+00     0.124374E+00     0.140559E+00     0.150998E+00
  0.108125E+00     0.121466E+00     0.132582E+00     0.231983E+00     0.172407E+00
  0.959991E-01     0.167359E+00     0.163052E+00     0.162033E+00     0.127848E+00
  0.128761E+00     0.163150E+00     0.130142E+00     0.156339E+00     0.179267E+00
  0.162318E+00     0.164391E+00     0.113754E+00     0.117520E+00     0.148828E+00
  0.134998E+00     0.157463E+00     0.125822E+00     0.139060E+00     0.150397E+00
  0.111656E+00     0.150536E+00     0.110411E+00     0.159104E+00     0.187974E+00
  0.134518E+00     0.177738E+00     0.166957E+00     0.204215E+00     0.256289E+00
  0.234912E+00     0.121318E+00     0.161097E+00     0.155578E+00     0.222158E+00
  0.117456E+00     0.108624E+00     0.147812E+00     0.102291E+00     0.126981E+00
  0.165152E+00     0.111126E+00     0.106599E+00     0.122684E+00     0.179520E+00
  0.119935E+00     0.118033E+00     0.126223E+00     0.232825E+00     0.136079E+00
  0.155747E+00     0.200499E+00     0.171593E+00     0.182288E+00     0.136984E+00
  0.105556E+00     0.117249E+00     0.104096E+00     0.115918E+00     0.180972E+00
  0.106488E+00     0.107181E+00     0.125150E+00     0.136572E+00     0.102553E+00
  0.112937E+00     0.116171E+00     0.142957E+00     0.181686E+00     0.101426E+00
  0.144199E+00     0.133135E+00     0.202875E+00     0.724414E-01     0.136524E+00
  0.101909E+00     0.867729E-01     0.124518E+00     0.119445E+00     0.159192E+00
  0.255379E+00     0.209443E+00     0.126873E+00     0.116971E+00     0.923896E-01
  0.108258E+00     0.118416E+00     0.955175E-01     0.103456E+00     0.138617E+00
  0.154777E+00     0.130357E+00     0.127825E+00     0.164966E+00     0.115540E+00
  0.143733E+00     0.105802E+00     0.111050E+00     0.115236E+00     0.125850E+00
  0.108037E+00     0.118580E+00     0.874086E-01     0.620145E-01     0.100147E+00
  0.917879E-01     0.890565E-01     0.861881E-01     0.125900E+00     0.130974E+00
  0.106895E+00     0.155577E+00     0.138264E+00     0.100117E+00     0.820157E-01
  0.172612E+00     0.146199E+00     0.138873E+00     0.913898E-01     0.108667E+00
  0.875410E-01     0.121254E+00     0.800609E-01     0.119231E+00     0.184959E+00
  0.144972E+00     0.144246E+00     0.152290E+00     0.139389E+00     0.135991E+00
  0.172548E+00     0.715806E-01     0.130070E+00     0.134243E+00     0.144791E+00
  0.798523E-01     0.113502E+00     0.970475E-01     0.810631E-01     0.121003E+00
  0.101568E+00     0.136160E+00     0.113273E+00     0.119434E+00     0.202512E+00
  0.170588E+00     0.113597E+00     0.181530E+00     0.188602E+00     0.102647E+00
  0.142973E+00     0.987067E-01     0.117351E+00     0.136147E+00     0.144947E+00
  0.747495E-01     0.124988E+00     0.142898E+00     0.120703E+00     0.128749E+00
  0.146394E+00     0.117132E+00     0.225880E+00     0.139228E+00     0.176639E+00
  0.157065E+00     0.209637E+00     0.137348E+00     0.127011E+00     0.131550E+00
  0.828620E-01     0.103976E+00     0.137280E+00     0.970758E-01     0.123935E+00
  0.249950E+00     0.132662E+00     0.878436E-01     0.114548E+00     0.846316E-01
  0.101670E+00     0.102403E+00     0.754677E-01     0.111926E+00     0.846376E-01
  0.173011E+00     0.106082E+00     0.855893E-01     0.921270E-01     0.100169E+00
  0.128933E+00     0.933480E-01     0.826745E-01     0.143907E+00     0.111451E+00
  0.142298E+00     0.101241E+00     0.102793E+00     0.137987E+00     0.193918E+00
  0.204854E+00     0.113487E+00     0.119298E+00     0.134971E+00     0.897632E-01
  0.132424E+00     0.760656E-01     0.154974E+00     0.989316E-01     0.943342E-01
  0.151462E+00     0.112262E+00     0.165124E+00     0.123655E+00     0.163208E+00
  0.116653E+00     0.108493E+00     0.156101E+00     0.126003E+00     0.177167E+00
  0.138712E+00     0.138673E+00     0.193018E+00     0.165552E+00     0.148428E+00
  0.874565E-01     0.158633E+00     0.136387E+00     0.126190E+00     0.106656E+00
  0.142213E+00     0.189892E+00     0.216467E+00     0.232657E+00     0.176482E+00
  0.148556E+00     0.126592E+00     0.106547E+00     0.769510E-01     0.129195E+00
  0.153223E+00     0.181496E+00     0.120110E+00     0.179201E+00     0.178330E+00
  0.128612E+00     0.156514E+00     0.643263E-01     0.149511E+00     0.893669E-01
  0.152995E+00     0.110751E+00     0.123704E+00     0.984140E-01     0.710169E-01
  0.949359E-01     0.166810E+00     0.167625E+00     0.119351E+00     0.106069E+00
  0.102838E+00     0.654459E-01     0.126615E+00     0.196876E+00     0.986914E-01
  0.209190E+00     0.200025E+00     0.191038E+00     0.103734E+00     0.185940E+00
  0.185469E+00     0.112601E+00     0.254423E+00     0.156145E+00     0.298127E+00
  0.851695E-01     0.115625E+00     0.262398E+00     0.175762E+00     0.166229E+00
  0.281584E+00     0.226372E+00     0.133058E+00     0.146306E+00     0.163871E+00
  0.121412E+00     0.157483E+00     0.150862E+00     0.144937E+00     0.159367E+00
  0.141579E+00     0.126809E+00     0.247449E+00     0.181063E+00     0.170167E+00
  0.126233E+00     0.969428E-01     0.234297E+00     0.276128E+00     0.120774E+00
  0.124293E+00     0.220518E+00     0.221377E+00     0.163694E+00     0.151540E+00
  0.154790E+00     0.142849E+00     0.206363E+00     0.189298E+00     0.154374E+00
  0.138178E+00     0.144487E+00     0.150980E+00     0.152441E+00     0.161560E+00
  0.132952E+00     0.153223E+00     0.130628E+00     0.225532E+00     0.127565E+00
  0.147508E+00     0.251472E+00     0.184100E+00     0.170720E+00     0.139655E+00
  0.163759E+00     0.201899E+00     0.197396E+00     0.163982E+00     0.126217E+00
  0.138983E+00     0.235099E+00     0.275287E+00     0.166990E+00     0.153140E+00
  0.802382E-01     0.102867E+00     0.100630E+00     0.114488E+00     0.112495E+00
  0.866911E-01     0.115576E+00     0.101930E+00     0.122002E+00     0.123072E+00
  0.287038E+00     0.361804E+00     0.322105E+00     0.328090E+00     0.420336E+00
  0.290192E+00     0.508913E+00     0.344569E+00     0.346163E+00     0.325567E+00
  0.439209E+00     0.459629E+00     0.435001E+00     0.502915E+00     0.475620E+00
  0.495106E+00     0.645084E+00     0.667261E+00     0.504771E+00     0.583221E+00
  0.542846E+00     0.462575E+00     0.455626E+00     0.561107E+00     0.656712E+00
  0.642202E+00     0.599135E+00     0.621833E+00     0.520700E+00     0.665478E+00
  0.680336E+00     0.504801E+00     0.548596E+00     0.679476E+00     0.686917E+00
  0.640555E+00     0.724146E+00     0.687963E+00     0.588016E+00     0.766808E+00
  0.704019E+00     0.744208E+00     0.857362E+00     0.758800E+00     0.679129E+00
  0.891153E+00     0.782449E+00     0.937678E+00
 eigen energies, in ev
    -46.633834       -46.502767       -46.234576       -45.858662       -45.682201
    -28.403024       -28.242440       -28.064961       -28.024855       -27.912313
    -27.668385       -27.628659       -27.606798       -27.602692       -27.568133
    -27.492837       -27.483554       -27.477017       -27.475062       -27.418897
    -27.391357       -27.380796       -27.371929       -27.371212       -27.300621
    -27.275264       -27.268490       -27.246985       -27.225242       -27.195226
    -27.188736       -27.122303       -27.112623       -27.101176       -27.089454
    -27.084420       -27.056246       -27.053899       -27.024174       -27.022733
    -27.021533       -27.001859       -26.979041       -26.959849       -26.951864
    -26.946750       -26.858761       -26.854641       -26.852440       -26.850215
    -26.793524       -26.789065       -26.767541       -26.753245       -26.751932
    -26.740353       -26.727174       -26.670684       -26.665870       -26.625686
    -26.605220       -26.604836       -26.588925       -26.567893       -26.535664
    -26.529407       -26.469057       -26.433944       -26.414820       -26.388194
    -26.356941       -26.336234       -26.312876       -26.253460       -26.209722
    -26.206110       -26.197187       -26.141428       -26.053863       -26.040911
    -25.903361       -25.845005       -25.797015       -25.771540       -25.758635
    -25.725194       -25.678567       -25.668839       -25.618054       -25.610863
    -25.600989       -25.586545       -25.577106       -25.573296       -25.563287
    -25.548794       -25.547759       -25.526403       -25.512326       -25.493065
    -25.492936       -25.474515       -25.414944       -25.397222       -25.392121
    -25.376952       -25.368984       -25.368747       -25.358364       -25.355054
    -25.353972       -25.344450       -25.340100       -25.317638       -25.308922
    -25.295403       -25.290531       -25.281197       -25.280296       -25.248983
    -25.241206       -25.225282       -25.216376       -25.210771       -25.198101
    -25.189719       -25.161559       -25.147023       -25.143997       -25.141652
    -25.110765       -25.106148       -25.074977       -25.058537       -25.042945
    -25.039484       -25.026656       -24.965943       -24.962097       -24.903807
    -24.852104       -24.841848       -24.799674       -24.740510       -24.717292
    -24.686360       -24.482279       -24.456764       -24.415212       -24.301313
    -24.252365       -24.009223       -23.894641       -23.750724       -23.495333
    -23.470123       -23.443462       -23.407645       -23.389099       -23.375668
    -23.303073       -23.300445       -23.259118       -23.226539       -23.146435
    -23.145414       -23.041073       -23.005978       -22.981013       -22.859882
    -22.839909       -22.825152       -22.813145       -22.806213       -22.774876
    -22.664077       -22.642536       -22.636263       -22.623162       -22.452009
    -22.412114       -22.381174       -22.322959       -22.304391       -22.167943
    -21.909177       -21.839546       -21.794990       -21.408389       -21.297076
    -19.549595       -19.329052       -18.950612       -18.803957       -18.604290
    -18.049986       -17.579751       -17.488977       -17.444236       -17.429767
    -17.324649       -17.316031       -17.243603       -17.220140       -16.927518
    -16.698204       -16.688705       -16.479814       -16.476725       -16.382654
    -16.359881       -16.345541       -16.284466       -16.257021       -16.248237
    -16.234765       -16.211509       -16.190640       -16.155472       -16.126613
    -16.085286       -16.068474       -16.040787       -16.031669       -16.022922
    -15.964743       -15.917677       -15.824994       -15.707763       -15.464743
    -14.907026       -14.904231       -14.715978       -14.655317       -14.615304
    -14.591091       -14.451127       -14.431095       -14.389069       -14.370266
    -14.332447       -14.242345       -14.156813       -14.130725       -14.068967
    -14.046758       -14.006666       -13.965011       -13.964004       -13.925877
    -13.836575       -13.827872       -13.769073       -13.764189       -13.650853
    -13.590943       -13.564150       -13.550009       -13.534467       -13.504086
    -13.470705       -13.447060       -13.406160       -13.395979       -13.361263
    -13.337603       -13.284899       -13.254171       -13.252382       -13.248523
    -13.213033       -13.182667       -13.153659       -13.132892       -13.010411
    -12.374796       -12.271864       -12.114073       -12.039844       -12.028271
    -11.991473       -11.904659       -11.877973       -11.853677       -11.830739
    -11.782714       -11.775301       -11.742669       -11.734100       -11.727453
    -11.722147       -11.704171       -11.675334       -11.660778       -11.654092
    -11.643270       -11.628909       -11.619793       -11.590815       -11.581367
    -11.566012       -11.498038       -11.474220       -11.469862       -11.466404
    -11.406290       -11.352262       -11.318404       -11.314291       -11.234290
    -11.204521       -11.129596       -11.122245       -11.109585       -11.060717
    -11.035492       -11.018419       -11.010566       -10.983171       -10.982050
    -10.890927       -10.881696       -10.825480       -10.809083       -10.726641
    -10.620766       -10.541569       -10.506941       -10.481980       -10.471633
    -10.447073       -10.422223       -10.406641       -10.370074       -10.365556
    -10.325148       -10.299060       -10.293244       -10.288362       -10.247110
    -10.221829       -10.218621       -10.204828       -10.198429       -10.190217
    -10.179737       -10.157422       -10.125086       -10.120938       -10.107952
    -10.097595       -10.089042       -10.075488       -10.064628       -10.054726
    -10.042633       -10.030353       -10.026451       -10.008612        -9.997802
     -9.989943        -9.982233        -9.968466        -9.940502        -9.934313
     -9.929741        -9.905476        -9.895799        -9.892644        -9.882975
     -9.861844        -9.858715        -9.856477        -9.854032        -9.842959
     -9.835625        -9.834368        -9.833001        -9.827913        -9.821843
     -9.799817        -9.791386        -9.780272        -9.774427        -9.771340
     -9.766158        -9.732977        -9.731855        -9.705204        -9.698208
     -9.685998        -9.680523        -9.673286        -9.663863        -9.652367
     -9.645248        -9.640385        -9.633715        -9.623884        -9.609437
     -9.594547        -9.593305        -9.583139        -9.575602        -9.562734
     -9.558789        -9.549484        -9.537242        -9.531719        -9.521092
     -9.515734        -9.497519        -9.479026        -9.475312        -9.463348
     -9.435320        -9.421883        -9.414759        -9.408936        -9.406748
     -9.392381        -9.377191        -9.370217        -9.360132        -9.356504
     -9.348028        -9.341780        -9.327333        -9.308951        -9.292789
     -9.278771        -9.268952        -9.245735        -9.227820        -9.214647
     -9.211980        -9.202507        -9.191220        -9.180272        -9.163938
     -9.145049        -9.139690        -9.126284        -9.117864        -9.092213
     -9.075093        -9.062736        -9.048403        -9.038310        -9.024069
     -9.010569        -9.008771        -8.997819        -8.985612        -8.974613
     -8.962879        -8.950023        -8.948892        -8.937354        -8.935196
     -8.925285        -8.914499        -8.894474        -8.881149        -8.869078
     -8.866004        -8.856847        -8.850179        -8.843136        -8.839501
     -8.830313        -8.825022        -8.816592        -8.807505        -8.800022
     -8.791614        -8.777210        -8.771455        -8.758077        -8.732684
     -8.730348        -8.722420        -8.703243        -8.685663        -8.680007
     -8.644658        -8.633559        -8.624746        -8.605854        -8.595639
     -8.587547        -8.579962        -8.575703        -8.570750        -8.563914
     -8.534825        -8.522765        -8.490015        -8.478103        -8.463353
     -8.451949        -8.424223        -8.413242        -8.403258        -8.382149
     -8.375495        -8.361854        -8.356897        -8.333970        -8.329919
     -8.301108        -8.293391        -8.284438        -8.259276        -8.251296
     -8.241247        -8.230407        -8.208716        -8.204478        -8.194729
     -8.183587        -8.168337        -8.161750        -8.148101        -8.145482
     -8.129984        -8.095134        -8.065612        -8.063994        -8.048324
     -8.037910        -8.019099        -8.013148        -8.004134        -7.983708
     -7.968745        -7.937915        -7.927280        -7.912379        -7.885012
     -7.865068        -7.851621        -7.827573        -7.807573        -7.784522
     -7.774152        -7.751302        -7.742014        -7.734863        -7.712172
     -7.706167        -7.687390        -7.668418        -7.666078        -7.642563
     -7.636867        -7.629314        -7.622068        -7.594685        -7.585352
     -7.557946        -7.506191        -7.496788        -7.479408        -7.452377
     -7.432617        -7.429393        -7.342031        -7.331624        -7.312977
     -7.301740        -7.290120        -7.273636        -7.253124        -7.249246
     -7.243256        -7.229128        -7.225707        -7.222713        -7.204629
     -7.198458        -7.180425        -7.163631        -7.151696        -7.146300
     -7.133470        -7.126610        -7.122104        -7.105594        -7.104740
     -7.076722        -7.044108        -7.018150        -7.008610        -6.976870
     -6.968311        -6.936912        -6.935626        -6.917887        -6.877651
     -6.862094        -6.830090        -6.806080        -6.788265        -6.773331
     -6.761105        -6.749536        -6.717614        -6.700199        -6.682323
     -6.679051        -6.664398        -6.656551        -6.633085        -6.630163
     -6.592959        -6.565230        -6.549058        -6.547597        -6.536856
     -6.521490        -6.487806        -6.469716        -6.452684        -6.441891
     -6.426076        -6.418314        -6.405126        -6.403194        -6.394460
     -6.381922        -6.373568        -6.364040        -6.358874        -6.352386
     -6.334499        -6.329320        -6.323367        -6.311159        -6.299140
     -6.294998        -6.290149        -6.277355        -6.271620        -6.264766
     -6.260829        -6.248391        -6.226281        -6.220537        -6.218309
     -6.212845        -6.203709        -6.190006        -6.177969        -6.165887
     -6.146055        -6.139319        -6.132356        -6.129329        -6.117147
     -6.112077        -6.099594        -6.094445        -6.091469        -6.084236
     -6.062911        -6.037234        -6.033524        -6.023385        -6.013753
     -5.983391        -5.971318        -5.968767        -5.963201        -5.958668
     -5.949116        -5.941962        -5.936032        -5.930538        -5.926646
     -5.906598        -5.897162        -5.893412        -5.883830        -5.870168
     -5.862535        -5.856359        -5.853433        -5.843284        -5.830724
     -5.820546        -5.813173        -5.807909        -5.806420        -5.796731
     -5.785077        -5.775598        -5.768855        -5.763324        -5.754262
     -5.748285        -5.745858        -5.743741        -5.736271        -5.718896
     -5.700726        -5.699655        -5.691017        -5.677328        -5.670600
     -5.661483        -5.657286        -5.654214        -5.649870        -5.644640
     -5.632404        -5.624341        -5.595423        -5.586207        -5.575365
     -5.574039        -5.563702        -5.555681        -5.550622        -5.544764
     -5.537389        -5.526695        -5.522511        -5.519895        -5.507024
     -5.500063        -5.493059        -5.488445        -5.481701        -5.477650
     -5.467322        -5.450887        -5.441990        -5.437121        -5.432972
     -5.422842        -5.416364        -5.410317        -5.404839        -5.397233
     -5.382565        -5.381541        -5.363893        -5.346578        -5.344522
     -5.340035        -5.338088        -5.328600        -5.316787        -5.312353
     -5.309801        -5.305406        -5.297993        -5.294265        -5.289517
     -5.282944        -5.271467        -5.265833        -5.261180        -5.257453
     -5.249294        -5.242952        -5.237709        -5.226629        -5.226373
     -5.211843        -5.209780        -5.199684        -5.196185        -5.194140
     -5.189886        -5.184871        -5.181026        -5.177583        -5.173382
     -5.165430        -5.159202        -5.155456        -5.139981        -5.131329
     -5.127336        -5.115968        -5.110324        -5.102703        -5.099952
     -5.090776        -5.087264        -5.086454        -5.076764        -5.069932
     -5.065563        -5.059516        -5.056718        -5.043852        -5.033262
     -5.025486        -5.018109        -5.004795        -5.001572        -4.997455
     -4.990171        -4.986806        -4.985012        -4.983313        -4.978423
     -4.967580        -4.943294        -4.931482        -4.926434        -4.912720
     -4.907372        -4.902992        -4.889271        -4.888688        -4.881819
     -4.875142        -4.865763        -4.855752        -4.851358        -4.847549
     -4.836161        -4.822055        -4.811909        -4.811093        -4.808117
     -4.801788        -4.796967        -4.788860        -4.779723        -4.775424
     -4.769608        -4.763286        -4.757144        -4.756900        -4.750583
     -4.739724        -4.736447        -4.732616        -4.729211        -4.722026
     -4.720345        -4.713002        -4.707559        -4.705348        -4.700423
     -4.693704        -4.678993        -4.675960        -4.667413        -4.666624
     -4.659811        -4.653085        -4.649117        -4.640678        -4.633375
     -4.626492        -4.623732        -4.622380        -4.616743        -4.610419
     -4.604196        -4.603482        -4.598025        -4.585297        -4.570535
     -4.562727        -4.545427        -4.536321        -4.533695        -4.528171
     -4.525714        -4.521334        -4.516617        -4.502073        -4.496541
     -4.494732        -4.483674        -4.469160        -4.467568        -4.429692
     -4.418059        -4.405619        -4.395398        -4.388051        -4.361757
     -4.344554        -4.342921        -4.338025        -4.321355        -4.301564
     -4.276443        -4.268270        -4.264057        -4.257059        -4.251603
     -4.246930        -4.239250        -4.214622        -4.201899        -4.191577
     -4.153640        -4.151821        -4.135091        -4.122863        -4.114312
     -4.033012        -4.023532        -4.019834        -3.903368        -3.876079
     -3.859822        -3.853557        -3.813805        -3.749655        -3.737659
     -3.683419        -3.678383        -3.656840        -3.652942        -3.622179
     -3.606911        -3.603984        -3.596377        -3.589688        -3.566327
     -3.536993        -3.534005        -3.517414        -3.497325        -3.444304
     -3.442906        -3.439330        -3.412542        -3.386080        -3.378406
     -3.377186        -3.369047        -3.357209        -3.334539        -3.321854
     -3.304723        -3.294108        -3.277548        -3.274108        -3.260106
     -3.216277        -3.184772        -3.158594        -3.135260        -3.123785
     -3.122145        -3.091218        -3.055977        -3.045709        -2.990340
     -2.942408        -2.917994        -2.915298        -2.896491        -2.827309
     -2.800457        -2.795241        -2.794132        -2.750983        -2.704854
      0.505524         1.199251         1.254853         1.260300         1.263631
      1.462768         1.595747         1.614111         1.732821         1.741388
      2.216643         2.534005         2.677525         2.787847         2.873537
      2.976484         3.051702         3.185777         3.201036         3.260874
      3.276440         3.328084         3.354665         3.375637         3.401440
      3.435821         3.462686         3.524639         3.554749         3.575737
      3.632569         3.663274         3.711763         3.730028         3.759202
      3.793504         3.836970         3.881045         3.895955         3.917943
      3.942633         3.983083         4.004668         4.012102         4.064424
      4.080604         4.105869         4.148978         4.183523         4.202030
      4.226974         4.266571         4.290632         4.329406         4.352290
      4.388712         4.414487         4.496804
 *********************************
 sum eigen(dbl occ, ryd)=  -1604.36275831618     
 *********************************
 Ef(eV)= -0.159697389473845     
 ***************************************************
 iter=           8
 ---------------------------------------------------
 dvE, dvE(n)-dvE(n-1) = 0.3030E-03 0.3030E-03
 dv_ave, drho_tot     = 0.1741E-01 0.7190E-01
 err of ug            = 0.1081E-01
 ---------------------------------------------------
 Ewald        = -.41876607880374E+05
 Alpha        = 0.15207970391171E+04
 E_extV       = 0.00000000000000E+00    0.0000E+00
 E_NSC        = -.22208470696881E+05    0.9090E+03
 E[-rho*V_Hxc]= -.12112937743618E+06    -.7993E+03
 E_Hxc        = 0.50740745333267E+05    0.6375E+03
 -TS          = -.38365659164173E-11    -.3837E-11
 E_tot(eV)    = -.13295291364106E+06    0.1097E+03
 ---------------------------------------------------
 E_ion,E_coul,E_xc =   -222288.7725478   79241.7673309  -28501.0219976
Ewald+Hart+ion    -0.1849236130973E+06
 ave(vtot)=ave_(V_xc)=: v0= -0.291023528764566     
 Eigen energies are values after setting ave_vtot=0
 ----------------------------------
 One SCF use:    85.9070880413055       s
 *********************************
 ****** kpt=           1
 err of each states, eV
  0.403108E-01     0.408029E-01     0.397285E-01     0.393094E-01     0.347451E-01
  0.683636E-01     0.273662E-01     0.669570E-01     0.412031E-01     0.266456E-01
  0.669256E-01     0.412373E-01     0.398652E-01     0.299214E-01     0.273662E-01
  0.387194E-01     0.392817E-01     0.374713E-01     0.387531E-01     0.367866E-01
  0.696721E-01     0.353223E-01     0.288403E-01     0.270716E-01     0.274074E-01
  0.266692E-01     0.569259E-01     0.358246E-01     0.389792E-01     0.290848E-01
  0.285883E-01     0.285028E-01     0.359526E-01     0.354024E-01     0.673975E-01
  0.274403E-01     0.278637E-01     0.308212E-01     0.312929E-01     0.260224E-01
  0.266305E-01     0.325614E-01     0.362776E-01     0.285962E-01     0.311445E-01
  0.290968E-01     0.405570E-01     0.364532E-01     0.743961E-01     0.327655E-01
  0.759139E-01     0.466424E-01     0.311600E-01     0.276205E-01     0.291447E-01
  0.259995E-01     0.372840E-01     0.371818E-01     0.295460E-01     0.288144E-01
  0.272404E-01     0.280415E-01     0.278993E-01     0.326329E-01     0.413535E-01
  0.321597E-01     0.856342E-01     0.358803E-01     0.289901E-01     0.495134E-01
  0.292024E-01     0.289766E-01     0.873392E-01     0.471899E-01     0.262870E-01
  0.301887E-01     0.288007E-01     0.294768E-01     0.314422E-01     0.287090E-01
  0.312791E-01     0.378551E-01     0.728611E-01     0.323181E-01     0.482468E-01
  0.481381E-01     0.329011E-01     0.295274E-01     0.413866E-01     0.339008E-01
  0.519640E-01     0.507439E-01     0.340516E-01     0.485835E-01     0.379999E-01
  0.554925E-01     0.370878E-01     0.486581E-01     0.520793E-01     0.539023E-01
  0.431040E-01     0.315492E-01     0.404095E-01     0.462978E-01     0.421350E-01
  0.419396E-01     0.356995E-01     0.459724E-01     0.384404E-01     0.418199E-01
  0.427040E-01     0.536066E-01     0.500418E-01     0.431671E-01     0.428297E-01
  0.326283E-01     0.476042E-01     0.336104E-01     0.452976E-01     0.546359E-01
  0.305410E-01     0.356393E-01     0.474071E-01     0.101122E+00     0.499179E-01
  0.448387E-01     0.538881E-01     0.368628E-01     0.349249E-01     0.461849E-01
  0.302471E-01     0.100486E+00     0.608231E-01     0.642421E-01     0.578980E-01
  0.464282E-01     0.643157E-01     0.414870E-01     0.475793E-01     0.295242E-01
  0.640769E-01     0.479380E-01     0.496209E-01     0.731962E-01     0.602071E-01
  0.508730E-01     0.935945E-01     0.942581E-01     0.873707E-01     0.572092E-01
  0.645471E-01     0.977420E-01     0.957271E-01     0.986647E-01     0.114454E+00
  0.120371E+00     0.921367E-01     0.888635E-01     0.581870E-01     0.616464E-01
  0.865526E-01     0.540284E-01     0.889855E-01     0.916869E-01     0.870037E-01
  0.629629E-01     0.641846E-01     0.603579E-01     0.907621E-01     0.915827E-01
  0.933275E-01     0.912868E-01     0.898918E-01     0.573521E-01     0.906471E-01
  0.480832E-01     0.899286E-01     0.938320E-01     0.939040E-01     0.794433E-01
  0.853465E-01     0.859915E-01     0.517994E-01     0.834050E-01     0.782134E-01
  0.765912E-01     0.789194E-01     0.748382E-01     0.735580E-01     0.747094E-01
  0.107667E+00     0.102694E+00     0.101041E+00     0.100361E+00     0.931243E-01
  0.109070E+00     0.100351E+00     0.994041E-01     0.105934E+00     0.107236E+00
  0.972069E-01     0.101502E+00     0.100767E+00     0.100424E+00     0.105978E+00
  0.988851E-01     0.103512E+00     0.103070E+00     0.108931E+00     0.112305E+00
  0.117136E+00     0.102403E+00     0.106049E+00     0.106763E+00     0.111065E+00
  0.107331E+00     0.105569E+00     0.115501E+00     0.105222E+00     0.107766E+00
  0.107484E+00     0.111918E+00     0.110196E+00     0.103989E+00     0.106794E+00
  0.109011E+00     0.110779E+00     0.109852E+00     0.106932E+00     0.110550E+00
  0.821077E-01     0.955485E-01     0.104721E+00     0.180632E+00     0.114687E+00
  0.885442E-01     0.851715E-01     0.924420E-01     0.870509E-01     0.191662E+00
  0.955467E-01     0.119683E+00     0.839901E-01     0.876158E-01     0.904004E-01
  0.218743E+00     0.829226E-01     0.869858E-01     0.223929E+00     0.182488E+00
  0.121022E+00     0.113011E+00     0.122270E+00     0.126337E+00     0.125285E+00
  0.125722E+00     0.119690E+00     0.124945E+00     0.119951E+00     0.122818E+00
  0.120368E+00     0.130099E+00     0.119335E+00     0.127855E+00     0.115881E+00
  0.104916E+00     0.109716E+00     0.118054E+00     0.103520E+00     0.104509E+00
  0.107163E+00     0.109740E+00     0.106358E+00     0.115448E+00     0.991186E-01
  0.124909E+00     0.151012E+00     0.113118E+00     0.113553E+00     0.106496E+00
  0.111680E+00     0.119117E+00     0.118544E+00     0.118506E+00     0.119907E+00
  0.107292E+00     0.130442E+00     0.119678E+00     0.125864E+00     0.128976E+00
  0.116491E+00     0.112822E+00     0.107990E+00     0.108411E+00     0.120052E+00
  0.117559E+00     0.124945E+00     0.106219E+00     0.168396E+00     0.102397E+00
  0.114492E+00     0.139269E+00     0.117588E+00     0.111706E+00     0.139641E+00
  0.129688E+00     0.130303E+00     0.130331E+00     0.105038E+00     0.105110E+00
  0.124090E+00     0.105354E+00     0.116844E+00     0.127755E+00     0.117719E+00
  0.107020E+00     0.118819E+00     0.122597E+00     0.990821E-01     0.121664E+00
  0.718694E-01     0.978838E-01     0.131518E+00     0.128315E+00     0.831392E-01
  0.100606E+00     0.107153E+00     0.135677E+00     0.119252E+00     0.125665E+00
  0.108152E+00     0.117319E+00     0.133669E+00     0.131008E+00     0.141423E+00
  0.134746E+00     0.134920E+00     0.134749E+00     0.137465E+00     0.117754E+00
  0.123108E+00     0.140386E+00     0.119950E+00     0.118351E+00     0.125863E+00
  0.127692E+00     0.126962E+00     0.147006E+00     0.136176E+00     0.116046E+00
  0.134529E+00     0.130237E+00     0.119569E+00     0.135770E+00     0.128609E+00
  0.121847E+00     0.111160E+00     0.137173E+00     0.111715E+00     0.119093E+00
  0.115505E+00     0.947492E-01     0.105334E+00     0.110247E+00     0.114969E+00
  0.845742E-01     0.108714E+00     0.103060E+00     0.121284E+00     0.114927E+00
  0.118936E+00     0.102233E+00     0.116770E+00     0.970001E-01     0.970526E-01
  0.102615E+00     0.127757E+00     0.110476E+00     0.108956E+00     0.112797E+00
  0.117184E+00     0.100707E+00     0.121278E+00     0.840638E-01     0.111843E+00
  0.106186E+00     0.101501E+00     0.104502E+00     0.954650E-01     0.101533E+00
  0.125033E+00     0.121319E+00     0.957178E-01     0.936498E-01     0.913987E-01
  0.105504E+00     0.137199E+00     0.121811E+00     0.103192E+00     0.124621E+00
  0.904170E-01     0.107120E+00     0.900062E-01     0.135474E+00     0.973911E-01
  0.108516E+00     0.124646E+00     0.861352E-01     0.824581E-01     0.842823E-01
  0.923818E-01     0.874758E-01     0.104035E+00     0.873931E-01     0.958554E-01
  0.990377E-01     0.115430E+00     0.102070E+00     0.885917E-01     0.990532E-01
  0.119085E+00     0.975687E-01     0.104754E+00     0.118314E+00     0.908858E-01
  0.901753E-01     0.108595E+00     0.748816E-01     0.725933E-01     0.770706E-01
  0.817003E-01     0.803564E-01     0.798264E-01     0.764795E-01     0.785421E-01
  0.815473E-01     0.760812E-01     0.739945E-01     0.100617E+00     0.806653E-01
  0.120898E+00     0.899106E-01     0.839913E-01     0.919671E-01     0.888928E-01
  0.975134E-01     0.768273E-01     0.736623E-01     0.656298E-01     0.796344E-01
  0.120013E+00     0.137994E+00     0.837111E-01     0.105489E+00     0.116080E+00
  0.121069E+00     0.109499E+00     0.122103E+00     0.914986E-01     0.108071E+00
  0.110951E+00     0.139218E+00     0.102173E+00     0.962919E-01     0.113447E+00
  0.103234E+00     0.135300E+00     0.121683E+00     0.105925E+00     0.133902E+00
  0.121037E+00     0.157900E+00     0.113185E+00     0.108719E+00     0.118586E+00
  0.100828E+00     0.104299E+00     0.111129E+00     0.127055E+00     0.781427E-01
  0.993007E-01     0.851223E-01     0.826860E-01     0.988799E-01     0.993613E-01
  0.123017E+00     0.766451E-01     0.809998E-01     0.125968E+00     0.136933E+00
  0.856924E-01     0.938541E-01     0.996104E-01     0.105018E+00     0.987438E-01
  0.809789E-01     0.109667E+00     0.116337E+00     0.134481E+00     0.100244E+00
  0.102709E+00     0.129403E+00     0.834205E-01     0.939018E-01     0.110617E+00
  0.904428E-01     0.100320E+00     0.120155E+00     0.939300E-01     0.116102E+00
  0.117370E+00     0.110734E+00     0.979478E-01     0.120738E+00     0.121841E+00
  0.110988E+00     0.931386E-01     0.117442E+00     0.106351E+00     0.116313E+00
  0.118351E+00     0.112375E+00     0.111896E+00     0.119751E+00     0.112341E+00
  0.117981E+00     0.122512E+00     0.118005E+00     0.115795E+00     0.116849E+00
  0.117014E+00     0.119424E+00     0.137547E+00     0.117159E+00     0.114212E+00
  0.115205E+00     0.124761E+00     0.121687E+00     0.119567E+00     0.121965E+00
  0.846929E-01     0.125897E+00     0.111781E+00     0.855656E-01     0.870621E-01
  0.124553E+00     0.134019E+00     0.982853E-01     0.122120E+00     0.124602E+00
  0.133994E+00     0.125041E+00     0.130647E+00     0.914400E-01     0.101656E+00
  0.113685E+00     0.885178E-01     0.131958E+00     0.114669E+00     0.920502E-01
  0.125655E+00     0.117831E+00     0.999486E-01     0.138394E+00     0.115573E+00
  0.119831E+00     0.120719E+00     0.102216E+00     0.113310E+00     0.963497E-01
  0.104919E+00     0.128846E+00     0.133859E+00     0.116128E+00     0.106978E+00
  0.122589E+00     0.984413E-01     0.130578E+00     0.129841E+00     0.931957E-01
  0.142255E+00     0.123261E+00     0.132399E+00     0.114069E+00     0.111758E+00
  0.104551E+00     0.110979E+00     0.112944E+00     0.120404E+00     0.123503E+00
  0.961802E-01     0.100428E+00     0.105965E+00     0.124461E+00     0.937650E-01
  0.106736E+00     0.107274E+00     0.109718E+00     0.107482E+00     0.916607E-01
  0.997038E-01     0.110146E+00     0.116278E+00     0.115679E+00     0.113679E+00
  0.105842E+00     0.781234E-01     0.958215E-01     0.999629E-01     0.819926E-01
  0.858351E-01     0.918819E-01     0.871499E-01     0.100626E+00     0.105171E+00
  0.965907E-01     0.979451E-01     0.948993E-01     0.101912E+00     0.103192E+00
  0.104294E+00     0.104489E+00     0.919579E-01     0.114868E+00     0.105908E+00
  0.962065E-01     0.117981E+00     0.105399E+00     0.136181E+00     0.109384E+00
  0.108010E+00     0.117708E+00     0.111074E+00     0.101985E+00     0.111276E+00
  0.114082E+00     0.971851E-01     0.968110E-01     0.117108E+00     0.822140E-01
  0.112613E+00     0.115534E+00     0.120390E+00     0.102885E+00     0.984986E-01
  0.945674E-01     0.101312E+00     0.109615E+00     0.846738E-01     0.989775E-01
  0.995362E-01     0.104858E+00     0.849848E-01     0.106960E+00     0.851738E-01
  0.819331E-01     0.103280E+00     0.988777E-01     0.103167E+00     0.109699E+00
  0.122298E+00     0.954561E-01     0.102776E+00     0.765326E-01     0.813440E-01
  0.843978E-01     0.831668E-01     0.824362E-01     0.847280E-01     0.898130E-01
  0.894399E-01     0.882979E-01     0.785801E-01     0.814920E-01     0.783453E-01
  0.774796E-01     0.800729E-01     0.114179E+00     0.103223E+00     0.107266E+00
  0.815794E-01     0.110680E+00     0.764261E-01     0.758894E-01     0.763779E-01
  0.859692E-01     0.837533E-01     0.849176E-01     0.103483E+00     0.789466E-01
  0.101091E+00     0.799343E-01     0.778946E-01     0.915281E-01     0.657250E-01
  0.984281E-01     0.113558E+00     0.100891E+00     0.920911E-01     0.705854E-01
  0.110939E+00     0.900618E-01     0.902794E-01     0.735156E-01     0.945555E-01
  0.891120E-01     0.798349E-01     0.955065E-01     0.766699E-01     0.821814E-01
  0.104130E+00     0.754089E-01     0.880296E-01     0.822041E-01     0.103711E+00
  0.101658E+00     0.106017E+00     0.802654E-01     0.792632E-01     0.859869E-01
  0.740608E-01     0.844906E-01     0.644141E-01     0.694012E-01     0.853103E-01
  0.716299E-01     0.917764E-01     0.806850E-01     0.716123E-01     0.757042E-01
  0.745853E-01     0.755841E-01     0.971624E-01     0.843554E-01     0.939887E-01
  0.919173E-01     0.632925E-01     0.815760E-01     0.618104E-01     0.801431E-01
  0.730108E-01     0.817270E-01     0.952097E-01     0.929520E-01     0.957232E-01
  0.987842E-01     0.101767E+00     0.860114E-01     0.909221E-01     0.796267E-01
  0.945581E-01     0.756947E-01     0.101666E+00     0.856680E-01     0.667614E-01
  0.784750E-01     0.851780E-01     0.694257E-01     0.718403E-01     0.931861E-01
  0.851795E-01     0.694129E-01     0.980418E-01     0.710443E-01     0.752463E-01
  0.841249E-01     0.862065E-01     0.786831E-01     0.896007E-01     0.724726E-01
  0.787924E-01     0.824507E-01     0.847068E-01     0.952880E-01     0.815828E-01
  0.121422E+00     0.790969E-01     0.773958E-01     0.848936E-01     0.861602E-01
  0.633523E-01     0.830482E-01     0.942353E-01     0.896302E-01     0.961566E-01
  0.977894E-01     0.842795E-01     0.590558E-01     0.107070E+00     0.103315E+00
  0.926003E-01     0.104895E+00     0.820998E-01     0.949759E-01     0.882173E-01
  0.804786E-01     0.923313E-01     0.100714E+00     0.111170E+00     0.881255E-01
  0.934818E-01     0.896414E-01     0.817333E-01     0.913034E-01     0.951154E-01
  0.975456E-01     0.100782E+00     0.630259E-01     0.735277E-01     0.824129E-01
  0.807565E-01     0.799849E-01     0.729261E-01     0.875370E-01     0.588699E-01
  0.707456E-01     0.864034E-01     0.957777E-01     0.800099E-01     0.813779E-01
  0.675400E-01     0.538222E-01     0.614938E-01     0.730652E-01     0.692565E-01
  0.672430E-01     0.573079E-01     0.774640E-01     0.798430E-01     0.895664E-01
  0.100130E+00     0.661877E-01     0.743271E-01     0.887577E-01     0.840224E-01
  0.730265E-01     0.114407E+00     0.115515E+00     0.960147E-01     0.984076E-01
  0.740073E-01     0.620034E-01     0.508199E-01     0.832368E-01     0.700761E-01
  0.669842E-01     0.814803E-01     0.970775E-01     0.100443E+00     0.932005E-01
  0.823787E-01     0.609147E-01     0.770544E-01     0.101416E+00     0.878798E-01
  0.603462E-01     0.782254E-01     0.738983E-01     0.756151E-01     0.981222E-01
  0.680980E-01     0.838213E-01     0.663306E-01     0.846550E-01     0.614570E-01
  0.888010E-01     0.894593E-01     0.830017E-01     0.623004E-01     0.799921E-01
  0.984995E-01     0.112392E+00     0.810067E-01     0.109458E+00     0.845570E-01
  0.913236E-01     0.894497E-01     0.833799E-01     0.898713E-01     0.867525E-01
  0.926555E-01     0.897791E-01     0.723911E-01     0.895564E-01     0.631940E-01
  0.105212E+00     0.808480E-01     0.899190E-01     0.100029E+00     0.926110E-01
  0.106250E+00     0.103193E+00     0.109567E+00     0.105311E+00     0.104745E+00
  0.103838E+00     0.914245E-01     0.955318E-01     0.107702E+00     0.112131E+00
  0.115372E+00     0.107443E+00     0.989529E-01     0.103604E+00     0.985996E-01
  0.101676E+00     0.104390E+00     0.902027E-01     0.109353E+00     0.901421E-01
  0.958278E-01     0.102393E+00     0.108953E+00     0.114959E+00     0.105852E+00
  0.972994E-01     0.104674E+00     0.101080E+00     0.980815E-01     0.116919E+00
  0.111288E+00     0.950887E-01     0.945607E-01     0.130618E+00     0.115158E+00
  0.102926E+00     0.128599E+00     0.135737E+00     0.937834E-01     0.763987E-01
  0.794794E-01     0.117508E+00     0.108595E+00     0.999483E-01     0.982421E-01
  0.123292E+00     0.125775E+00     0.119214E+00     0.104585E+00     0.121626E+00
  0.106035E+00     0.107507E+00     0.111888E+00     0.137355E+00     0.139472E+00
  0.134169E+00     0.127086E+00     0.141197E+00     0.123398E+00     0.152306E+00
  0.120615E+00     0.111639E+00     0.101251E+00     0.116068E+00     0.116776E+00
  0.132227E+00     0.981818E-01     0.132060E+00     0.142868E+00     0.127626E+00
  0.149875E+00     0.130630E+00     0.131595E+00     0.116495E+00     0.101041E+00
  0.127556E+00     0.137726E+00     0.139813E+00     0.123079E+00     0.135739E+00
  0.524895E-01     0.829879E-01     0.891979E-01     0.728282E-01     0.902647E-01
  0.672286E-01     0.706757E-01     0.697719E-01     0.787019E-01     0.107847E+00
  0.319994E+00     0.473324E+00     0.417975E+00     0.496682E+00     0.421881E+00
  0.363511E+00     0.385145E+00     0.690030E+00     0.564351E+00     0.540436E+00
  0.344490E+00     0.406627E+00     0.694281E+00     0.676294E+00     0.515292E+00
  0.589700E+00     0.683856E+00     0.503095E+00     0.630058E+00     0.589188E+00
  0.798955E+00     0.894178E+00     0.600875E+00     0.613545E+00     0.705565E+00
  0.714246E+00     0.998740E+00     0.100355E+01     0.845456E+00     0.915033E+00
  0.809968E+00     0.854408E+00     0.831733E+00     0.115426E+01     0.779557E+00
  0.100461E+01     0.858022E+00     0.944014E+00     0.991398E+00     0.937584E+00
  0.974644E+00     0.106261E+01     0.147997E+01     0.123383E+01     0.116541E+01
  0.127983E+01     0.127919E+01     0.149098E+01
 eigen energies, in ev
    -46.574072       -46.499308       -46.158409       -45.948938       -45.562339
    -28.708296       -28.293899       -28.281993       -28.195522       -27.938061
    -27.823046       -27.767461       -27.717044       -27.635296       -27.607179
    -27.595109       -27.589384       -27.541800       -27.534242       -27.532027
    -27.470575       -27.444265       -27.427228       -27.406991       -27.402543
    -27.332153       -27.311559       -27.285097       -27.276167       -27.259742
    -27.252214       -27.189116       -27.174872       -27.148599       -27.141988
    -27.128602       -27.109652       -27.094848       -27.094677       -27.067511
    -27.041388       -27.013142       -27.005773       -26.992149       -26.967919
    -26.967635       -26.932813       -26.925701       -26.913332       -26.905311
    -26.891530       -26.890309       -26.877542       -26.825282       -26.800506
    -26.754304       -26.739907       -26.717944       -26.694425       -26.675424
    -26.650763       -26.583595       -26.576160       -26.562997       -26.548788
    -26.538834       -26.528556       -26.504900       -26.498652       -26.373981
    -26.361544       -26.358630       -26.246200       -26.232534       -26.230958
    -26.184475       -26.129951       -26.115107       -26.038198       -26.006875
    -25.878788       -25.775458       -25.775333       -25.767970       -25.734054
    -25.732301       -25.729129       -25.702659       -25.626682       -25.617095
    -25.604557       -25.568495       -25.555428       -25.548108       -25.540838
    -25.516037       -25.506738       -25.504669       -25.462831       -25.456691
    -25.450916       -25.434709       -25.419327       -25.382954       -25.342159
    -25.336956       -25.334499       -25.333074       -25.316464       -25.311612
    -25.304540       -25.299582       -25.256428       -25.250601       -25.225362
    -25.215131       -25.211570       -25.187944       -25.184612       -25.172526
    -25.138025       -25.132872       -25.126292       -25.118312       -25.081410
    -25.040813       -25.030098       -24.976178       -24.970784       -24.940188
    -24.921865       -24.919672       -24.878917       -24.864578       -24.848553
    -24.824065       -24.794131       -24.789794       -24.732387       -24.703205
    -24.685078       -24.645412       -24.641238       -24.573784       -24.546604
    -24.425865       -24.319546       -24.143096       -24.134831       -23.988358
    -23.928890       -23.897667       -23.802287       -23.628634       -23.312274
    -23.271859       -23.183280       -23.013219       -22.952667       -22.917991
    -22.904740       -22.772853       -22.771948       -22.703263       -22.696590
    -22.694020       -22.682416       -22.678023       -22.633028       -22.578360
    -22.575455       -22.564418       -22.552511       -22.448416       -22.432404
    -22.415891       -22.397237       -22.367458       -22.210774       -22.153298
    -22.140596       -22.103917       -22.101678       -21.967115       -21.892762
    -21.717965       -21.589441       -21.514999       -21.140718       -21.047845
    -19.378942       -19.162373       -18.787398       -18.707339       -18.575571
    -17.114317       -16.551420       -16.464038       -16.462237       -16.449751
    -16.360948       -16.356918       -16.310780       -16.262261       -16.231878
    -16.112467       -15.946964       -15.924209       -15.866641       -15.861727
    -15.769038       -15.733571       -15.726844       -15.652779       -15.649367
    -15.592337       -15.560519       -15.508666       -15.398844       -15.314863
    -15.280788       -15.199571       -15.192056       -15.123488       -15.119468
    -15.066531       -14.997089       -14.947667       -14.910669       -14.756463
    -14.729160       -14.599811       -14.552550       -14.507979       -14.493400
    -14.445781       -14.327451       -14.243673       -14.226076       -14.187851
    -14.158095       -14.144669       -14.086447       -13.942829       -13.897480
    -13.863847       -13.820404       -13.761836       -13.739667       -13.734409
    -13.671224       -13.649603       -13.446481       -13.246828       -13.155602
    -13.115851       -13.074182       -13.057002       -13.005328       -12.966422
    -12.918215       -12.893455       -12.863991       -12.862286       -12.830498
    -12.799091       -12.786365       -12.665502       -12.501500       -12.481584
    -12.474121       -12.392396       -12.298790       -12.199397       -12.147284
    -12.131209       -12.100742       -12.084819       -11.984718       -11.857937
    -11.727225       -11.682422       -11.662138       -11.655374       -11.607479
    -11.581677       -11.554831       -11.528496       -11.522468       -11.504010
    -11.498531       -11.447476       -11.438682       -11.422719       -11.321009
    -11.293092       -11.272124       -11.225579       -11.210342       -11.180516
    -11.150297       -11.103922       -11.039558       -11.037893       -11.009027
    -10.968704       -10.964438       -10.961173       -10.943960       -10.940478
    -10.900705       -10.868964       -10.858155       -10.840318       -10.833172
    -10.832462       -10.800840       -10.756394       -10.737625       -10.702540
    -10.692112       -10.663718       -10.614181       -10.526852       -10.507099
    -10.344284       -10.329745       -10.293715       -10.289326       -10.273535
    -10.144757       -10.140444       -10.130500       -10.115482       -10.111052
    -10.105395       -10.099024       -10.073708       -10.047164       -10.030053
    -10.019995        -9.989389        -9.982815        -9.964382        -9.949969
     -9.946600        -9.909354        -9.905199        -9.902075        -9.888706
     -9.888366        -9.873317        -9.845978        -9.837016        -9.829255
     -9.822633        -9.816252        -9.805262        -9.794509        -9.793631
     -9.789858        -9.771578        -9.753174        -9.747517        -9.746218
     -9.740491        -9.739593        -9.714853        -9.692752        -9.672340
     -9.659583        -9.656371        -9.643118        -9.640909        -9.628964
     -9.622201        -9.612082        -9.602876        -9.590872        -9.582333
     -9.568804        -9.561270        -9.550494        -9.540583        -9.534827
     -9.517806        -9.513723        -9.503254        -9.499066        -9.492797
     -9.468046        -9.466220        -9.415197        -9.410405        -9.406505
     -9.404951        -9.390752        -9.372682        -9.358843        -9.353648
     -9.316227        -9.307328        -9.296494        -9.289209        -9.282100
     -9.262243        -9.254684        -9.231138        -9.230294        -9.205562
     -9.203453        -9.196639        -9.184125        -9.176726        -9.173899
     -9.168589        -9.154672        -9.144215        -9.121181        -9.113634
     -9.110228        -9.095516        -9.091419        -9.076856        -9.058771
     -9.046142        -9.033789        -9.023210        -9.001791        -8.995894
     -8.978806        -8.968684        -8.961603        -8.930394        -8.930147
     -8.924835        -8.908486        -8.906100        -8.896576        -8.888295
     -8.883124        -8.875965        -8.858037        -8.851534        -8.831035
     -8.825789        -8.815790        -8.811671        -8.800406        -8.790044
     -8.778806        -8.769542        -8.755015        -8.753774        -8.752772
     -8.738890        -8.728270        -8.720355        -8.692520        -8.680511
     -8.677401        -8.675084        -8.660691        -8.645159        -8.628715
     -8.607763        -8.606371        -8.595422        -8.578385        -8.569940
     -8.561267        -8.557902        -8.544084        -8.533742        -8.531441
     -8.527593        -8.518333        -8.504262        -8.493153        -8.480925
     -8.470157        -8.463354        -8.438753        -8.437325        -8.419179
     -8.415275        -8.380353        -8.341260        -8.331224        -8.316017
     -8.263258        -8.254803        -8.249857        -8.248015        -8.232274
     -8.226886        -8.219579        -8.214707        -8.203582        -8.186906
     -8.142938        -8.126536        -8.105894        -8.091226        -8.072008
     -8.062666        -8.052608        -8.043376        -8.014802        -8.010575
     -7.996106        -7.984993        -7.955548        -7.951757        -7.926150
     -7.903900        -7.893076        -7.889027        -7.865448        -7.863912
     -7.835030        -7.797283        -7.774926        -7.764483        -7.762970
     -7.727918        -7.699940        -7.683749        -7.672172        -7.667821
     -7.660562        -7.637522        -7.617329        -7.588039        -7.551900
     -7.545775        -7.528264        -7.467284        -7.431747        -7.391614
     -7.381118        -7.362892        -7.351144        -7.312329        -7.305252
     -7.257433        -7.230510        -7.204215        -7.180255        -7.154180
     -7.151488        -7.119036        -7.058628        -7.035435        -7.015517
     -7.011692        -6.976705        -6.964724        -6.898406        -6.892629
     -6.887715        -6.864695        -6.853030        -6.842694        -6.836172
     -6.830918        -6.823201        -6.804809        -6.787688        -6.779917
     -6.775637        -6.764607        -6.745513        -6.713630        -6.705656
     -6.663639        -6.654857        -6.647365        -6.644186        -6.620222
     -6.614461        -6.602473        -6.593553        -6.568176        -6.548360
     -6.524701        -6.510002        -6.505781        -6.495652        -6.475878
     -6.465677        -6.441764        -6.426216        -6.415825        -6.390548
     -6.383326        -6.371561        -6.358756        -6.353250        -6.332040
     -6.330218        -6.324117        -6.311348        -6.302002        -6.296290
     -6.272178        -6.265205        -6.243394        -6.237822        -6.228530
     -6.223477        -6.216933        -6.209296        -6.199313        -6.190525
     -6.185403        -6.168152        -6.155593        -6.154131        -6.151957
     -6.136249        -6.132984        -6.126946        -6.124933        -6.114020
     -6.111420        -6.101332        -6.099895        -6.095541        -6.075682
     -6.068849        -6.064410        -6.059538        -6.054919        -6.045250
     -6.031608        -6.021722        -6.015295        -6.012597        -5.996880
     -5.993716        -5.988386        -5.969398        -5.942483        -5.936074
     -5.931487        -5.903764        -5.895824        -5.881495        -5.878072
     -5.860889        -5.857637        -5.835257        -5.834368        -5.817876
     -5.811049        -5.804031        -5.799066        -5.796842        -5.791529
     -5.787811        -5.785482        -5.762748        -5.751163        -5.734681
     -5.728420        -5.724077        -5.717013        -5.711643        -5.707504
     -5.695804        -5.686393        -5.681318        -5.668063        -5.663946
     -5.653106        -5.648848        -5.639129        -5.630554        -5.630118
     -5.622168        -5.617613        -5.610071        -5.603019        -5.598778
     -5.591546        -5.587599        -5.580339        -5.557985        -5.538782
     -5.533968        -5.526569        -5.518747        -5.517899        -5.500925
     -5.487166        -5.479898        -5.474315        -5.464530        -5.457477
     -5.455933        -5.452181        -5.449579        -5.446290        -5.434961
     -5.430237        -5.415998        -5.414478        -5.402316        -5.400012
     -5.396136        -5.381914        -5.378104        -5.371116        -5.367122
     -5.349826        -5.344497        -5.334544        -5.326319        -5.325025
     -5.316155        -5.310818        -5.303604        -5.298795        -5.288751
     -5.286333        -5.281141        -5.275202        -5.268199        -5.253671
     -5.248144        -5.241437        -5.236306        -5.225776        -5.220387
     -5.205422        -5.197759        -5.189985        -5.183560        -5.182336
     -5.175735        -5.172148        -5.168232        -5.159228        -5.155176
     -5.152523        -5.148295        -5.138574        -5.129244        -5.121089
     -5.120416        -5.115144        -5.112545        -5.108347        -5.098731
     -5.087253        -5.084573        -5.075872        -5.075422        -5.064765
     -5.049957        -5.044427        -5.042670        -5.034279        -5.028867
     -5.020139        -5.016740        -5.014542        -5.010858        -5.006075
     -5.001407        -4.993515        -4.980161        -4.974674        -4.969400
     -4.966527        -4.956825        -4.949669        -4.947726        -4.937407
     -4.928521        -4.921877        -4.920168        -4.912776        -4.902666
     -4.898686        -4.893128        -4.889813        -4.889658        -4.880559
     -4.872903        -4.870097        -4.868092        -4.858624        -4.851457
     -4.836028        -4.828440        -4.826055        -4.822233        -4.814401
     -4.808779        -4.805066        -4.799549        -4.792608        -4.783339
     -4.778069        -4.774163        -4.760132        -4.746256        -4.740606
     -4.735505        -4.729170        -4.706293        -4.704815        -4.691122
     -4.687584        -4.687042        -4.678949        -4.673962        -4.670430
     -4.660057        -4.648089        -4.638904        -4.631113        -4.627248
     -4.620148        -4.612921        -4.603582        -4.593649        -4.587401
     -4.583457        -4.578036        -4.573876        -4.571420        -4.563393
     -4.558692        -4.556318        -4.549322        -4.542648        -4.536350
     -4.531213        -4.519719        -4.510907        -4.505038        -4.494418
     -4.483712        -4.469704        -4.467461        -4.458578        -4.445346
     -4.439959        -4.429901        -4.416451        -4.407215        -4.397725
     -4.382839        -4.369194        -4.365517        -4.355974        -4.346893
     -4.342148        -4.329932        -4.315296        -4.309405        -4.303728
     -4.298960        -4.294935        -4.287489        -4.268880        -4.230522
     -4.225172        -4.224325        -4.217834        -4.182746        -4.157448
     -4.155695        -4.149455        -4.141978        -4.126821        -4.124067
     -4.115455        -4.109526        -4.065700        -4.057213        -4.051044
     -4.044828        -4.041464        -4.036889        -4.023129        -4.000379
     -3.991386        -3.983272        -3.946930        -3.923175        -3.911673
     -3.904552        -3.902957        -3.895304        -3.888570        -3.883280
     -3.822566        -3.810504        -3.795630        -3.785243        -3.749577
     -3.737647        -3.733064        -3.701780        -3.691816        -3.666742
     -3.610249        -3.602463        -3.600429        -3.548164        -3.525552
     -3.503744        -3.496225        -3.492322        -3.474868        -3.435681
     -3.428393        -3.397993        -3.371059        -3.357477        -3.343953
     -3.312678        -3.300033        -3.298552        -3.275004        -3.238423
     -3.231739        -3.226920        -3.197793        -3.189139        -3.148186
     -3.130773        -3.117216        -3.106949        -3.065148        -3.059565
     -3.050753        -3.032089        -3.014104        -2.970536        -2.960049
     -2.953895        -2.950549        -2.948916        -2.936758        -2.914662
     -2.903061        -2.880516        -2.843401        -2.832159        -2.829842
     -2.825332        -2.731219        -2.713475        -2.694952        -2.647186
     -2.636415        -2.619500        -2.584984        -2.549047        -2.526421
     -2.519171        -2.443741        -2.436821        -2.415887        -2.394224
      0.887022         1.546745         1.577887         1.626606         1.630787
      1.793426         1.973188         1.976704         2.087356         2.145325
      2.285145         2.517978         2.774053         2.795816         2.965170
      3.101741         3.120088         3.151720         3.232034         3.276227
      3.337471         3.353663         3.423528         3.444503         3.512049
      3.546193         3.564942         3.598903         3.617106         3.672133
      3.708870         3.725328         3.817990         3.853420         3.865892
      3.889597         3.904476         3.922014         3.986353         4.020260
      4.050013         4.078851         4.114271         4.143454         4.155710
      4.192726         4.208710         4.248332         4.281690         4.304995
      4.346036         4.369832         4.409376         4.445143         4.491128
      4.523376         4.569032         4.607793
 *********************************
 sum eigen(dbl occ, ryd)=  -1562.31843313598     
 *********************************
 Ef(eV)=  -1.07415586756503     
 ***************************************************
 iter=           9
 ---------------------------------------------------
 dvE, dvE(n)-dvE(n-1) = 0.1971E-03 -.1059E-03
 dv_ave, drho_tot     = 0.1404E-01 0.3044E-01
 err of ug            = 0.6821E-02
 ---------------------------------------------------
 Ewald        = -.41876607880374E+05
 Alpha        = 0.15207970391171E+04
 E_extV       = 0.00000000000000E+00    0.0000E+00
 E_NSC        = -.21651965337463E+05    0.5565E+03
 E[-rho*V_Hxc]= -.12204979424198E+06    -.5221E+03
 E_Hxc        = 0.51139038717549E+05    0.3983E+03
 -TS          = -.35505865036836E-26    0.3837E-11
 E_tot(eV)    = -.13291853170315E+06    0.3438E+02
 ---------------------------------------------------
 E_ion,E_coul,E_xc =   -223058.2877083   79821.6891518  -28682.6504342
Ewald+Hart+ion    -0.1851132064369E+06
 ave(vtot)=ave_(V_xc)=: v0= -0.289018654996395     
 Eigen energies are values after setting ave_vtot=0
 ----------------------------------
 One SCF use:    85.8520801067352       s
 *********************************
 ****** kpt=           1
 err of each states, eV
  0.166491E-01     0.172649E-01     0.171400E-01     0.190292E-01     0.140661E-01
  0.248896E-01     0.256547E-01     0.145837E-01     0.150012E-01     0.135328E-01
  0.257215E-01     0.138050E-01     0.162163E-01     0.158140E-01     0.145245E-01
  0.157528E-01     0.137190E-01     0.148184E-01     0.156000E-01     0.160476E-01
  0.255109E-01     0.152062E-01     0.163050E-01     0.141114E-01     0.152520E-01
  0.232350E-01     0.153524E-01     0.152507E-01     0.131573E-01     0.144279E-01
  0.158198E-01     0.161373E-01     0.253599E-01     0.170280E-01     0.160347E-01
  0.151607E-01     0.154306E-01     0.152708E-01     0.154496E-01     0.159448E-01
  0.135961E-01     0.136399E-01     0.127600E-01     0.194004E-01     0.151050E-01
  0.154758E-01     0.261210E-01     0.151670E-01     0.136738E-01     0.164707E-01
  0.276287E-01     0.156506E-01     0.133302E-01     0.152417E-01     0.133213E-01
  0.140688E-01     0.161918E-01     0.146263E-01     0.162493E-01     0.157766E-01
  0.139905E-01     0.291661E-01     0.167618E-01     0.152118E-01     0.159256E-01
  0.273830E-01     0.140855E-01     0.145563E-01     0.147647E-01     0.182598E-01
  0.259393E-01     0.163799E-01     0.298769E-01     0.149158E-01     0.263377E-01
  0.185839E-01     0.140427E-01     0.150491E-01     0.237394E-01     0.146551E-01
  0.172074E-01     0.226232E-01     0.192441E-01     0.212961E-01     0.295154E-01
  0.292842E-01     0.268982E-01     0.237891E-01     0.285480E-01     0.295546E-01
  0.298333E-01     0.290151E-01     0.245592E-01     0.305096E-01     0.297274E-01
  0.281178E-01     0.238196E-01     0.315368E-01     0.302968E-01     0.256243E-01
  0.297918E-01     0.252287E-01     0.292420E-01     0.372491E-01     0.246273E-01
  0.236415E-01     0.307831E-01     0.298659E-01     0.331314E-01     0.266673E-01
  0.277797E-01     0.302892E-01     0.258382E-01     0.245047E-01     0.300964E-01
  0.327593E-01     0.273079E-01     0.292486E-01     0.295589E-01     0.223721E-01
  0.291829E-01     0.279607E-01     0.273121E-01     0.284975E-01     0.318194E-01
  0.228911E-01     0.279926E-01     0.298391E-01     0.246214E-01     0.302854E-01
  0.283731E-01     0.314885E-01     0.308230E-01     0.320160E-01     0.209970E-01
  0.307875E-01     0.298160E-01     0.290302E-01     0.384988E-01     0.350499E-01
  0.316602E-01     0.350135E-01     0.334381E-01     0.348288E-01     0.376758E-01
  0.346841E-01     0.294275E-01     0.314034E-01     0.294903E-01     0.328308E-01
  0.310080E-01     0.308374E-01     0.341344E-01     0.442375E-01     0.378418E-01
  0.401243E-01     0.257769E-01     0.263337E-01     0.288377E-01     0.259859E-01
  0.248467E-01     0.289895E-01     0.272299E-01     0.395022E-01     0.292212E-01
  0.282463E-01     0.283007E-01     0.406382E-01     0.267738E-01     0.380323E-01
  0.315520E-01     0.241543E-01     0.439770E-01     0.287226E-01     0.464942E-01
  0.413241E-01     0.288048E-01     0.230479E-01     0.193244E-01     0.393028E-01
  0.272947E-01     0.385182E-01     0.242154E-01     0.233846E-01     0.369475E-01
  0.254536E-01     0.212488E-01     0.244362E-01     0.238119E-01     0.231361E-01
  0.280023E-01     0.277881E-01     0.236713E-01     0.235063E-01     0.270593E-01
  0.229339E-01     0.288420E-01     0.208895E-01     0.328953E-01     0.214493E-01
  0.216325E-01     0.236290E-01     0.209402E-01     0.231251E-01     0.222788E-01
  0.307595E-01     0.325346E-01     0.306181E-01     0.225227E-01     0.333390E-01
  0.282899E-01     0.285539E-01     0.284160E-01     0.307488E-01     0.216764E-01
  0.296457E-01     0.297498E-01     0.351387E-01     0.294173E-01     0.268246E-01
  0.279611E-01     0.304458E-01     0.327493E-01     0.273215E-01     0.284281E-01
  0.250543E-01     0.387805E-01     0.302339E-01     0.333660E-01     0.255597E-01
  0.305331E-01     0.332389E-01     0.332570E-01     0.296317E-01     0.324481E-01
  0.411759E-01     0.361354E-01     0.287909E-01     0.347224E-01     0.369264E-01
  0.368334E-01     0.375559E-01     0.329516E-01     0.399192E-01     0.359680E-01
  0.367361E-01     0.412923E-01     0.335207E-01     0.319777E-01     0.330843E-01
  0.333936E-01     0.366661E-01     0.345375E-01     0.324214E-01     0.366645E-01
  0.333517E-01     0.341671E-01     0.370284E-01     0.463296E-01     0.318906E-01
  0.345971E-01     0.340457E-01     0.348108E-01     0.408865E-01     0.286744E-01
  0.352397E-01     0.343866E-01     0.333417E-01     0.291048E-01     0.327694E-01
  0.266200E-01     0.326854E-01     0.323656E-01     0.320815E-01     0.316844E-01
  0.346430E-01     0.324271E-01     0.259503E-01     0.298130E-01     0.331775E-01
  0.418185E-01     0.238853E-01     0.310686E-01     0.331002E-01     0.297074E-01
  0.344855E-01     0.328739E-01     0.346715E-01     0.322579E-01     0.349144E-01
  0.305761E-01     0.337194E-01     0.313306E-01     0.219246E-01     0.296394E-01
  0.270595E-01     0.255420E-01     0.297562E-01     0.296217E-01     0.314384E-01
  0.232986E-01     0.293780E-01     0.309452E-01     0.232928E-01     0.261405E-01
  0.251542E-01     0.213288E-01     0.245865E-01     0.234004E-01     0.216755E-01
  0.235847E-01     0.243224E-01     0.187893E-01     0.357770E-01     0.334669E-01
  0.380206E-01     0.404611E-01     0.385164E-01     0.368135E-01     0.256278E-01
  0.391238E-01     0.350874E-01     0.464034E-01     0.313275E-01     0.353399E-01
  0.318841E-01     0.332088E-01     0.267403E-01     0.311129E-01     0.412455E-01
  0.251018E-01     0.313558E-01     0.263542E-01     0.306182E-01     0.315655E-01
  0.379075E-01     0.324153E-01     0.317491E-01     0.252826E-01     0.249427E-01
  0.224098E-01     0.279189E-01     0.293603E-01     0.275861E-01     0.257410E-01
  0.286587E-01     0.313438E-01     0.255077E-01     0.374628E-01     0.280189E-01
  0.285038E-01     0.251325E-01     0.351386E-01     0.252001E-01     0.311154E-01
  0.201921E-01     0.206688E-01     0.240634E-01     0.227670E-01     0.248095E-01
  0.241739E-01     0.182572E-01     0.223153E-01     0.166573E-01     0.251467E-01
  0.263664E-01     0.234990E-01     0.233492E-01     0.226803E-01     0.278048E-01
  0.236995E-01     0.213424E-01     0.265810E-01     0.158118E-01     0.283974E-01
  0.208327E-01     0.269356E-01     0.205469E-01     0.193684E-01     0.226177E-01
  0.266198E-01     0.205951E-01     0.233947E-01     0.206402E-01     0.209623E-01
  0.244115E-01     0.229053E-01     0.470200E-01     0.389077E-01     0.217230E-01
  0.367402E-01     0.222768E-01     0.314861E-01     0.189847E-01     0.219977E-01
  0.326270E-01     0.196821E-01     0.316185E-01     0.242086E-01     0.157452E-01
  0.307397E-01     0.276024E-01     0.360394E-01     0.312514E-01     0.222353E-01
  0.254440E-01     0.232308E-01     0.295151E-01     0.396752E-01     0.339522E-01
  0.242529E-01     0.401542E-01     0.369404E-01     0.351080E-01     0.216509E-01
  0.235650E-01     0.250053E-01     0.271676E-01     0.339817E-01     0.300607E-01
  0.302922E-01     0.325657E-01     0.255721E-01     0.271367E-01     0.238063E-01
  0.287267E-01     0.246003E-01     0.261207E-01     0.287305E-01     0.298523E-01
  0.240482E-01     0.278847E-01     0.282779E-01     0.241310E-01     0.240385E-01
  0.278724E-01     0.254328E-01     0.274402E-01     0.263296E-01     0.238522E-01
  0.259326E-01     0.258127E-01     0.307400E-01     0.248036E-01     0.260286E-01
  0.293701E-01     0.246302E-01     0.262102E-01     0.258079E-01     0.276916E-01
  0.237043E-01     0.256593E-01     0.251700E-01     0.236209E-01     0.347932E-01
  0.281305E-01     0.279745E-01     0.239610E-01     0.333281E-01     0.261234E-01
  0.253048E-01     0.278800E-01     0.277407E-01     0.298580E-01     0.259335E-01
  0.251976E-01     0.262795E-01     0.236186E-01     0.279053E-01     0.281259E-01
  0.253313E-01     0.288190E-01     0.291959E-01     0.269317E-01     0.268413E-01
  0.283716E-01     0.269244E-01     0.284923E-01     0.243834E-01     0.271261E-01
  0.253965E-01     0.270065E-01     0.321476E-01     0.319645E-01     0.289479E-01
  0.289854E-01     0.284614E-01     0.244349E-01     0.285718E-01     0.295764E-01
  0.332468E-01     0.253391E-01     0.290883E-01     0.306950E-01     0.310862E-01
  0.271508E-01     0.335126E-01     0.223596E-01     0.332593E-01     0.291830E-01
  0.279236E-01     0.287616E-01     0.266025E-01     0.199423E-01     0.283345E-01
  0.285106E-01     0.256300E-01     0.311172E-01     0.382539E-01     0.223954E-01
  0.237911E-01     0.248550E-01     0.235023E-01     0.242782E-01     0.283729E-01
  0.268114E-01     0.269524E-01     0.259301E-01     0.283021E-01     0.344208E-01
  0.326573E-01     0.257210E-01     0.374073E-01     0.426163E-01     0.343634E-01
  0.226022E-01     0.351705E-01     0.241106E-01     0.289362E-01     0.326152E-01
  0.256185E-01     0.251954E-01     0.281944E-01     0.271229E-01     0.294053E-01
  0.242005E-01     0.252763E-01     0.243562E-01     0.308198E-01     0.316552E-01
  0.362831E-01     0.245903E-01     0.446746E-01     0.340791E-01     0.444436E-01
  0.370341E-01     0.241177E-01     0.295441E-01     0.225345E-01     0.254192E-01
  0.274222E-01     0.299698E-01     0.303380E-01     0.315252E-01     0.293237E-01
  0.355805E-01     0.375115E-01     0.246818E-01     0.354153E-01     0.440416E-01
  0.274691E-01     0.377739E-01     0.336255E-01     0.402711E-01     0.333184E-01
  0.340964E-01     0.383421E-01     0.311078E-01     0.441476E-01     0.441864E-01
  0.323462E-01     0.285679E-01     0.308541E-01     0.313696E-01     0.324470E-01
  0.349694E-01     0.350937E-01     0.300583E-01     0.286549E-01     0.314229E-01
  0.321881E-01     0.235882E-01     0.219435E-01     0.287571E-01     0.486542E-01
  0.246082E-01     0.354299E-01     0.319685E-01     0.357727E-01     0.234991E-01
  0.299870E-01     0.272821E-01     0.247063E-01     0.315612E-01     0.292651E-01
  0.296151E-01     0.287216E-01     0.292625E-01     0.258883E-01     0.404114E-01
  0.223344E-01     0.290107E-01     0.298517E-01     0.304806E-01     0.309099E-01
  0.284819E-01     0.314533E-01     0.319419E-01     0.290549E-01     0.267441E-01
  0.282629E-01     0.304683E-01     0.230173E-01     0.287392E-01     0.285454E-01
  0.284522E-01     0.289986E-01     0.283287E-01     0.264517E-01     0.295872E-01
  0.296475E-01     0.282011E-01     0.290843E-01     0.282968E-01     0.251995E-01
  0.253935E-01     0.221611E-01     0.238370E-01     0.276606E-01     0.230072E-01
  0.264560E-01     0.274438E-01     0.283627E-01     0.248418E-01     0.235885E-01
  0.272739E-01     0.283099E-01     0.220821E-01     0.281551E-01     0.282839E-01
  0.280627E-01     0.245706E-01     0.291107E-01     0.275008E-01     0.247454E-01
  0.284000E-01     0.244728E-01     0.273714E-01     0.232812E-01     0.271804E-01
  0.273118E-01     0.227402E-01     0.246483E-01     0.226750E-01     0.216471E-01
  0.245358E-01     0.273216E-01     0.274886E-01     0.294818E-01     0.229342E-01
  0.256723E-01     0.281047E-01     0.258271E-01     0.293913E-01     0.221062E-01
  0.266075E-01     0.290802E-01     0.235769E-01     0.275361E-01     0.252618E-01
  0.222890E-01     0.273697E-01     0.270945E-01     0.268431E-01     0.258056E-01
  0.261400E-01     0.247404E-01     0.259569E-01     0.262938E-01     0.233380E-01
  0.252919E-01     0.272985E-01     0.269765E-01     0.266785E-01     0.270688E-01
  0.296059E-01     0.307414E-01     0.221925E-01     0.273210E-01     0.286628E-01
  0.269033E-01     0.245015E-01     0.273872E-01     0.262769E-01     0.284273E-01
  0.277273E-01     0.257831E-01     0.261269E-01     0.257307E-01     0.296257E-01
  0.240064E-01     0.247344E-01     0.284072E-01     0.265269E-01     0.288813E-01
  0.257117E-01     0.260318E-01     0.259715E-01     0.259247E-01     0.247801E-01
  0.255858E-01     0.283202E-01     0.252235E-01     0.238127E-01     0.265823E-01
  0.283415E-01     0.296462E-01     0.252200E-01     0.264873E-01     0.274725E-01
  0.260535E-01     0.258975E-01     0.267599E-01     0.265517E-01     0.232577E-01
  0.245244E-01     0.261139E-01     0.289898E-01     0.309545E-01     0.258904E-01
  0.262334E-01     0.239676E-01     0.263690E-01     0.238864E-01     0.267064E-01
  0.253342E-01     0.277675E-01     0.249703E-01     0.267844E-01     0.278793E-01
  0.244354E-01     0.289905E-01     0.329382E-01     0.255752E-01     0.302129E-01
  0.282876E-01     0.268190E-01     0.265772E-01     0.270951E-01     0.291028E-01
  0.269639E-01     0.315256E-01     0.276776E-01     0.315348E-01     0.302592E-01
  0.307696E-01     0.297160E-01     0.278207E-01     0.309005E-01     0.310858E-01
  0.275469E-01     0.292152E-01     0.315192E-01     0.290691E-01     0.302745E-01
  0.290935E-01     0.280990E-01     0.289302E-01     0.302621E-01     0.285489E-01
  0.285774E-01     0.291577E-01     0.275388E-01     0.258170E-01     0.253432E-01
  0.257817E-01     0.293450E-01     0.317830E-01     0.292334E-01     0.257902E-01
  0.259040E-01     0.323953E-01     0.243704E-01     0.263107E-01     0.288621E-01
  0.277362E-01     0.307498E-01     0.253877E-01     0.259073E-01     0.252916E-01
  0.311441E-01     0.262051E-01     0.256400E-01     0.357830E-01     0.279303E-01
  0.277134E-01     0.296310E-01     0.284311E-01     0.271137E-01     0.317724E-01
  0.279874E-01     0.303921E-01     0.272482E-01     0.312986E-01     0.287920E-01
  0.274344E-01     0.221472E-01     0.248093E-01     0.295261E-01     0.255941E-01
  0.241933E-01     0.216649E-01     0.238516E-01     0.283062E-01     0.276258E-01
  0.308928E-01     0.237492E-01     0.274269E-01     0.260831E-01     0.295490E-01
  0.263846E-01     0.319746E-01     0.296160E-01     0.221226E-01     0.265950E-01
  0.244717E-01     0.226994E-01     0.253790E-01     0.256780E-01     0.271698E-01
  0.254674E-01     0.275877E-01     0.274549E-01     0.282028E-01     0.309585E-01
  0.299050E-01     0.345223E-01     0.320322E-01     0.302735E-01     0.321199E-01
  0.256076E-01     0.261834E-01     0.249003E-01     0.321823E-01     0.303216E-01
  0.308370E-01     0.292940E-01     0.290263E-01     0.263807E-01     0.327762E-01
  0.260954E-01     0.284437E-01     0.271769E-01     0.259472E-01     0.288632E-01
  0.326845E-01     0.285014E-01     0.323156E-01     0.314209E-01     0.291170E-01
  0.261108E-01     0.303578E-01     0.228035E-01     0.277652E-01     0.268116E-01
  0.263757E-01     0.258265E-01     0.284385E-01     0.225827E-01     0.291015E-01
  0.287435E-01     0.222467E-01     0.262154E-01     0.212560E-01     0.342931E-01
  0.308790E-01     0.341471E-01     0.323814E-01     0.334869E-01     0.267079E-01
  0.257150E-01     0.245100E-01     0.293933E-01     0.256070E-01     0.328671E-01
  0.295160E-01     0.260961E-01     0.224912E-01     0.305917E-01     0.313775E-01
  0.297756E-01     0.262600E-01     0.250148E-01     0.212287E-01     0.269887E-01
  0.373504E-01     0.277471E-01     0.351690E-01     0.214228E-01     0.390164E-01
  0.284480E-01     0.272085E-01     0.262727E-01     0.349247E-01     0.289248E-01
  0.220581E-01     0.259545E-01     0.249564E-01     0.292746E-01     0.212383E-01
  0.203439E-01     0.296670E-01     0.365939E-01     0.338060E-01     0.285165E-01
  0.283887E-01     0.436246E-01     0.309081E-01     0.299394E-01     0.416183E-01
  0.306540E-01     0.295141E-01     0.295889E-01     0.275198E-01     0.458429E-01
  0.423255E-01     0.327283E-01     0.317095E-01     0.281114E-01     0.286812E-01
  0.374968E-01     0.272639E-01     0.251903E-01     0.325857E-01     0.325625E-01
  0.222219E-01     0.242399E-01     0.373348E-01     0.344462E-01     0.364303E-01
  0.364052E-01     0.438037E-01     0.390624E-01     0.336423E-01     0.361275E-01
  0.422840E-01     0.331730E-01     0.463715E-01     0.504060E-01     0.464905E-01
  0.466696E-01     0.395859E-01     0.432219E-01     0.408739E-01     0.360343E-01
  0.456674E-01     0.390576E-01     0.338217E-01     0.482752E-01     0.258070E-01
  0.489310E-01     0.534095E-01     0.314245E-01     0.427514E-01     0.250512E-01
  0.416098E-01     0.456895E-01     0.474107E-01     0.491861E-01     0.490791E-01
  0.360472E-01     0.425524E-01     0.482823E-01     0.481744E-01     0.592889E-01
  0.435192E-01     0.138179E+00     0.142661E+00     0.662113E-01     0.518083E-01
  0.256689E+00     0.992979E-01     0.290102E+00     0.241081E+00     0.273737E+00
  0.279952E+00     0.204399E+00     0.234971E+00     0.286777E+00     0.325665E+00
  0.384280E+00     0.315834E+00     0.365918E+00     0.331244E+00     0.773910E+00
  0.320488E+00     0.243605E+00     0.368154E+00     0.364112E+00     0.443413E+00
  0.283413E+00     0.307740E+00     0.371865E+00     0.443572E+00     0.467753E+00
  0.357332E+00     0.400610E+00     0.429363E+00     0.627389E+00     0.430233E+00
  0.477556E+00     0.431931E+00     0.426685E+00     0.425594E+00     0.499871E+00
  0.536928E+00     0.361145E+00     0.495918E+00     0.477843E+00     0.497523E+00
  0.571542E+00     0.537527E+00     0.600463E+00     0.676756E+00     0.704206E+00
  0.813776E+00     0.693291E+00     0.790167E+00
 eigen energies, in ev
    -46.363535       -46.336743       -45.956581       -45.875670       -45.316949
    -28.849271       -28.435641       -28.349211       -28.328826       -28.001173
    -27.944978       -27.865629       -27.848346       -27.715609       -27.706397
    -27.687265       -27.648751       -27.640612       -27.620010       -27.605611
    -27.561402       -27.537138       -27.485547       -27.463380       -27.442349
    -27.441502       -27.384378       -27.376122       -27.348691       -27.343443
    -27.278827       -27.272787       -27.237300       -27.232614       -27.228584
    -27.187668       -27.161040       -27.149979       -27.127859       -27.126788
    -27.115419       -27.093207       -27.054434       -27.050469       -27.034320
    -27.020220       -27.018462       -27.014290       -27.010827       -27.001967
    -26.999467       -26.993394       -26.950908       -26.893454       -26.879561
    -26.808213       -26.797546       -26.797381       -26.755512       -26.754093
    -26.722347       -26.651191       -26.615430       -26.609555       -26.607256
    -26.605905       -26.597466       -26.565896       -26.551909       -26.411983
    -26.393633       -26.378426       -26.313525       -26.293475       -26.288845
    -26.243563       -26.239761       -26.177930       -26.149277       -26.099373
    -25.973638       -25.874240       -25.842591       -25.839291       -25.823736
    -25.804453       -25.798400       -25.682835       -25.681751       -25.667096
    -25.637341       -25.619412       -25.596706       -25.592617       -25.573581
    -25.551118       -25.535236       -25.530943       -25.524449       -25.517589
    -25.480409       -25.461776       -25.448053       -25.437488       -25.410244
    -25.393749       -25.384073       -25.378417       -25.359824       -25.353354
    -25.348084       -25.340683       -25.313593       -25.308235       -25.293407
    -25.275688       -25.269777       -25.229535       -25.200436       -25.197598
    -25.193711       -25.184922       -25.144889       -25.126527       -25.079586
    -25.076615       -25.057988       -25.047459       -25.015145       -24.985723
    -24.969422       -24.905837       -24.877168       -24.808030       -24.792495
    -24.768773       -24.677991       -24.667687       -24.579865       -24.532921
    -24.530683       -24.448368       -24.336476       -24.332099       -24.232596
    -24.218175       -24.159586       -24.094759       -24.062278       -23.917917
    -23.825056       -23.657472       -23.637943       -23.596616       -23.322360
    -23.309504       -23.208809       -22.952456       -22.911793       -22.738243
    -22.731353       -22.721372       -22.674771       -22.613006       -22.600589
    -22.575165       -22.572522       -22.571511       -22.569926       -22.450392
    -22.447801       -22.419899       -22.391801       -22.373875       -22.347337
    -22.314099       -22.222593       -22.156806       -22.137922       -22.117412
    -22.117037       -22.055198       -21.906849       -21.901673       -21.770874
    -21.763244       -21.601747       -21.518209       -21.144616       -21.085811
    -19.434877       -19.241910       -18.852561       -18.837860       -18.704931
    -16.621007       -16.084602       -16.034905       -15.969460       -15.961365
    -15.959166       -15.942608       -15.913692       -15.859752       -15.846322
    -15.777976       -15.746870       -15.735197       -15.717620       -15.616929
    -15.597354       -15.567574       -15.534890       -15.510406       -15.447916
    -15.440515       -15.412049       -15.236109       -15.186750       -14.995451
    -14.943340       -14.722877       -14.699808       -14.666944       -14.630609
    -14.603999       -14.591781       -14.498886       -14.492980       -14.482032
    -14.432189       -14.426211       -14.418592       -14.384988       -14.349137
    -14.233552       -14.215777       -14.212978       -14.166868       -14.150918
    -14.084456       -14.080273       -14.037906       -13.911484       -13.880036
    -13.842690       -13.838458       -13.827753       -13.734439       -13.675376
    -13.566505       -13.560752       -13.331420       -13.154396       -13.012404
    -12.997530       -12.968886       -12.961916       -12.867602       -12.824941
    -12.784144       -12.747293       -12.723124       -12.691511       -12.548063
    -12.471857       -12.332145       -12.282789       -12.225992       -12.205925
    -12.067766       -12.016879       -11.991482       -11.978321       -11.963788
    -11.890636       -11.858532       -11.739877       -11.727375       -11.700564
    -11.679135       -11.656359       -11.642875       -11.637803       -11.613683
    -11.597524       -11.576681       -11.525377       -11.514745       -11.483350
    -11.433058       -11.419312       -11.408835       -11.312563       -11.277226
    -11.246774       -11.222034       -11.188515       -11.163532       -11.146113
    -11.126723       -11.105450       -11.081063       -11.011197       -10.959674
    -10.933214       -10.896304       -10.838700       -10.830197       -10.804163
    -10.718210       -10.670403       -10.655645       -10.612350       -10.597587
    -10.580505       -10.550672       -10.497305       -10.479163       -10.475726
    -10.432216       -10.392646       -10.379560       -10.364449       -10.317182
    -10.294689       -10.264886       -10.253805       -10.220106       -10.208459
    -10.160389       -10.134318       -10.124337       -10.113433       -10.105143
    -10.062492       -10.053866       -10.052417       -10.038089       -10.027293
     -9.998734        -9.968969        -9.957819        -9.934507        -9.927248
     -9.919339        -9.919207        -9.889102        -9.881734        -9.881148
     -9.866910        -9.828229        -9.818238        -9.809737        -9.804087
     -9.788767        -9.786426        -9.772098        -9.766283        -9.764920
     -9.754188        -9.751771        -9.746816        -9.738762        -9.721819
     -9.708153        -9.695077        -9.687877        -9.652835        -9.637615
     -9.629559        -9.615988        -9.603420        -9.586578        -9.582136
     -9.573981        -9.553046        -9.531857        -9.527766        -9.517451
     -9.510787        -9.493900        -9.488040        -9.478216        -9.477453
     -9.459410        -9.453296        -9.420970        -9.402717        -9.365415
     -9.357785        -9.350042        -9.340605        -9.336189        -9.325805
     -9.312373        -9.304554        -9.297434        -9.255502        -9.237458
     -9.217513        -9.205593        -9.192294        -9.190470        -9.183825
     -9.182018        -9.175202        -9.168607        -9.158890        -9.157110
     -9.143160        -9.128281        -9.121751        -9.111306        -9.081081
     -9.056443        -9.047498        -9.026042        -9.000536        -8.983155
     -8.975113        -8.969551        -8.955782        -8.947323        -8.943383
     -8.929331        -8.917946        -8.903839        -8.898129        -8.890887
     -8.877038        -8.867621        -8.861457        -8.857403        -8.853086
     -8.836951        -8.831742        -8.830196        -8.821132        -8.817127
     -8.810623        -8.804035        -8.799589        -8.776511        -8.772028
     -8.764733        -8.749762        -8.738400        -8.733004        -8.721496
     -8.696072        -8.684796        -8.680626        -8.660786        -8.643994
     -8.639959        -8.632655        -8.620285        -8.614239        -8.599261
     -8.584666        -8.577727        -8.550992        -8.533329        -8.516664
     -8.514290        -8.480368        -8.478054        -8.475162        -8.460347
     -8.448971        -8.440691        -8.437803        -8.424331        -8.413966
     -8.399871        -8.381038        -8.364182        -8.355266        -8.342112
     -8.312473        -8.287278        -8.260751        -8.256363        -8.254172
     -8.247022        -8.243273        -8.231009        -8.218372        -8.204712
     -8.184846        -8.171047        -8.158122        -8.148677        -8.138454
     -8.128892        -8.116480        -8.105322        -8.101914        -8.084606
     -8.062198        -8.051821        -8.050122        -8.030479        -8.022119
     -7.987442        -7.960929        -7.933025        -7.912548        -7.908168
     -7.890005        -7.850295        -7.834785        -7.821731        -7.814516
     -7.795082        -7.789507        -7.756803        -7.749832        -7.719352
     -7.702392        -7.697063        -7.668642        -7.650500        -7.601932
     -7.574147        -7.525248        -7.518276        -7.496293        -7.465352
     -7.435677        -7.434682        -7.378707        -7.374210        -7.317817
     -7.291405        -7.270547        -7.259242        -7.254349        -7.246182
     -7.229441        -7.206594        -7.197060        -7.176741        -7.173335
     -7.166653        -7.079881        -7.049644        -7.013121        -6.993076
     -6.984224        -6.975668        -6.935595        -6.891519        -6.887272
     -6.871856        -6.862143        -6.796203        -6.762622        -6.753219
     -6.739431        -6.717101        -6.712008        -6.708123        -6.691647
     -6.672365        -6.665372        -6.662041        -6.655104        -6.648210
     -6.628717        -6.576595        -6.564173        -6.552122        -6.545934
     -6.530240        -6.518139        -6.510203        -6.506907        -6.470401
     -6.451007        -6.434229        -6.416990        -6.398803        -6.386638
     -6.380272        -6.361894        -6.357776        -6.353323        -6.339694
     -6.322665        -6.286274        -6.278207        -6.271606        -6.251012
     -6.249936        -6.246388        -6.243138        -6.238735        -6.221774
     -6.215790        -6.209435        -6.201246        -6.190303        -6.179962
     -6.169345        -6.157867        -6.150287        -6.144569        -6.142457
     -6.134349        -6.133107        -6.124802        -6.115897        -6.100259
     -6.086194        -6.069531        -6.066563        -6.043685        -6.039132
     -6.032268        -6.013159        -6.010536        -5.997579        -5.988562
     -5.977436        -5.962912        -5.950911        -5.932422        -5.919064
     -5.904915        -5.890650        -5.882097        -5.871252        -5.870365
     -5.856529        -5.844590        -5.844146        -5.837056        -5.828868
     -5.814802        -5.813940        -5.807463        -5.800807        -5.794251
     -5.788737        -5.773478        -5.767945        -5.761819        -5.760717
     -5.752340        -5.737505        -5.727126        -5.720231        -5.713398
     -5.706700        -5.694486        -5.693112        -5.684900        -5.683718
     -5.678055        -5.669471        -5.661939        -5.651339        -5.645908
     -5.643770        -5.632091        -5.627825        -5.615556        -5.611215
     -5.609030        -5.597695        -5.588991        -5.581325        -5.573252
     -5.568808        -5.562605        -5.558006        -5.546857        -5.539459
     -5.531466        -5.525228        -5.519372        -5.514768        -5.493106
     -5.481697        -5.471347        -5.466791        -5.457428        -5.454799
     -5.451894        -5.450178        -5.441812        -5.435574        -5.429075
     -5.425040        -5.417120        -5.408906        -5.404404        -5.400449
     -5.392027        -5.386597        -5.373335        -5.366308        -5.353028
     -5.347449        -5.341743        -5.336878        -5.334068        -5.321932
     -5.320056        -5.311247        -5.299605        -5.285292        -5.283581
     -5.274803        -5.270825        -5.263179        -5.250415        -5.243360
     -5.236335        -5.231023        -5.225778        -5.219951        -5.211570
     -5.202847        -5.201771        -5.193224        -5.190091        -5.182805
     -5.173084        -5.166032        -5.155605        -5.150127        -5.144030
     -5.137849        -5.133039        -5.126592        -5.117476        -5.105419
     -5.098913        -5.092826        -5.083333        -5.078065        -5.072578
     -5.069553        -5.066096        -5.057438        -5.054955        -5.046817
     -5.042467        -5.037035        -5.029779        -5.023882        -5.021271
     -5.016507        -5.008033        -5.002374        -4.995153        -4.991044
     -4.985956        -4.979363        -4.970315        -4.963257        -4.961603
     -4.953931        -4.946614        -4.936954        -4.929165        -4.924029
     -4.917551        -4.913230        -4.906473        -4.903058        -4.901769
     -4.896812        -4.891569        -4.883272        -4.878711        -4.873124
     -4.864115        -4.855493        -4.854498        -4.847870        -4.840425
     -4.839298        -4.833367        -4.828808        -4.813915        -4.804252
     -4.796998        -4.793180        -4.788957        -4.786426        -4.781017
     -4.772921        -4.763348        -4.756622        -4.750464        -4.745085
     -4.741022        -4.731690        -4.726079        -4.713940        -4.711176
     -4.699932        -4.696624        -4.688789        -4.686207        -4.673932
     -4.664403        -4.659494        -4.654304        -4.643170        -4.640044
     -4.638060        -4.626910        -4.613645        -4.609988        -4.604164
     -4.597981        -4.592926        -4.588503        -4.584811        -4.579929
     -4.573245        -4.564675        -4.559626        -4.557088        -4.555475
     -4.543472        -4.540335        -4.532331        -4.529338        -4.516262
     -4.512163        -4.507967        -4.503635        -4.498715        -4.496755
     -4.476446        -4.464755        -4.457815        -4.446367        -4.442561
     -4.435587        -4.431221        -4.424885        -4.419417        -4.407911
     -4.398041        -4.386726        -4.381947        -4.369807        -4.352333
     -4.342043        -4.338100        -4.327225        -4.318752        -4.300388
     -4.291319        -4.285331        -4.280867        -4.272646        -4.260954
     -4.230400        -4.222559        -4.219832        -4.215092        -4.202952
     -4.196774        -4.157009        -4.141669        -4.104127        -4.093408
     -4.084351        -4.067957        -4.050177        -4.044262        -4.019147
     -4.007853        -4.005271        -3.974820        -3.960072        -3.934485
     -3.906676        -3.892625        -3.852986        -3.820819        -3.810454
     -3.808157        -3.790510        -3.784717        -3.780677        -3.726947
     -3.721122        -3.703444        -3.697747        -3.675076        -3.671049
     -3.644644        -3.634732        -3.598708        -3.579657        -3.574640
     -3.551862        -3.536049        -3.518967        -3.508819        -3.496695
     -3.488575        -3.468354        -3.452557        -3.446374        -3.385487
     -3.379591        -3.366168        -3.337491        -3.328390        -3.313296
     -3.299871        -3.288117        -3.278513        -3.264457        -3.245734
     -3.240233        -3.237155        -3.229280        -3.202805        -3.199144
     -3.154629        -3.136876        -3.120500        -3.116899        -3.114855
     -3.081759        -3.074499        -3.042447        -3.027492        -2.984388
     -2.970138        -2.967321        -2.940364        -2.922606        -2.904425
     -2.884492        -2.868135        -2.860368        -2.856326        -2.848147
     -2.846873        -2.831946        -2.792228        -2.769867        -2.754952
     -2.744631        -2.736949        -2.650591        -2.625845        -2.612726
     -2.559494        -2.552159        -2.542104        -2.518111        -2.491050
     -2.476025        -2.440334        -2.367669        -2.361039        -2.306258
      1.217003         1.849901         1.880029         1.951883         1.960078
      2.089338         2.259927         2.279659         2.306143         2.395965
      2.443511         2.472395         2.749965         2.864428         3.007769
      3.122962         3.172503         3.229349         3.238541         3.298736
      3.359974         3.381234         3.405597         3.435469         3.465650
      3.578748         3.641122         3.659160         3.699098         3.717903
      3.761631         3.798287         3.836683         3.877211         3.907785
      3.947150         3.959995         3.976855         4.004349         4.052866
      4.077329         4.116924         4.168514         4.183276         4.195502
      4.212847         4.266654         4.287466         4.332170         4.352587
      4.385282         4.426671         4.441523         4.472689         4.513493
      4.542006         4.589528         4.648994
 *********************************
 sum eigen(dbl occ, ryd)=  -1549.42879569285     
 *********************************
 Ef(eV)=  -1.00589765004979     
 ***************************************************
 iter=          10
 ---------------------------------------------------
 dvE, dvE(n)-dvE(n-1) = 0.4799E-04 -.1491E-03
 dv_ave, drho_tot     = 0.6928E-02 0.1083E-01
 err of ug            = 0.2073E-02
 ---------------------------------------------------
 Ewald        = -.41876607880374E+05
 Alpha        = 0.15207970391171E+04
 E_extV       = 0.00000000000000E+00    0.0000E+00
 E_NSC        = -.21485993152187E+05    0.1660E+03
 E[-rho*V_Hxc]= -.12232198219767E+06    -.1606E+03
 E_Hxc        = 0.51250624414867E+05    0.1116E+03
 -TS          = -.35505862134050E-26    0.2903E-33
 E_tot(eV)    = -.13291316177624E+06    0.5370E+01
 ---------------------------------------------------
 E_ion,E_coul,E_xc =   -223145.7032227   80004.7596664  -28754.1352515
Ewald+Hart+ion    -0.1850175514368E+06
 ave(vtot)=ave_(V_xc)=: v0= -0.286924341809768     
 Eigen energies are values after setting ave_vtot=0
 ----------------------------------
 One SCF use:    85.8792040348053       s
 *********************************
 ****** kpt=           1
 err of each states, eV
  0.320877E-02     0.481257E-02     0.232010E-02     0.635251E-02     0.825059E-02
  0.727809E-02     0.710487E-02     0.378398E-02     0.415368E-02     0.339535E-02
  0.706586E-02     0.405233E-02     0.337327E-02     0.433960E-02     0.356937E-02
  0.355302E-02     0.376841E-02     0.295466E-02     0.439583E-02     0.429561E-02
  0.407343E-02     0.683575E-02     0.379678E-02     0.311629E-02     0.648918E-02
  0.336463E-02     0.391624E-02     0.315984E-02     0.349185E-02     0.366018E-02
  0.390692E-02     0.351301E-02     0.395255E-02     0.372764E-02     0.686583E-02
  0.331727E-02     0.416131E-02     0.340033E-02     0.283240E-02     0.331002E-02
  0.395068E-02     0.284183E-02     0.299306E-02     0.356296E-02     0.453803E-02
  0.476806E-02     0.373481E-02     0.671992E-02     0.380028E-02     0.374824E-02
  0.378373E-02     0.724736E-02     0.310283E-02     0.328182E-02     0.338863E-02
  0.332621E-02     0.406673E-02     0.376061E-02     0.386390E-02     0.355890E-02
  0.337827E-02     0.702952E-02     0.455872E-02     0.402319E-02     0.534058E-02
  0.404805E-02     0.285676E-02     0.371683E-02     0.334847E-02     0.436458E-02
  0.315904E-02     0.403026E-02     0.341259E-02     0.342640E-02     0.731415E-02
  0.539689E-02     0.338974E-02     0.634050E-02     0.403491E-02     0.374673E-02
  0.530800E-02     0.572646E-02     0.610875E-02     0.539437E-02     0.456940E-02
  0.311152E-02     0.412668E-02     0.339625E-02     0.447907E-02     0.403181E-02
  0.466375E-02     0.542600E-02     0.399030E-02     0.386742E-02     0.449495E-02
  0.292526E-02     0.492419E-02     0.425735E-02     0.313475E-02     0.476552E-02
  0.324844E-02     0.404528E-02     0.372656E-02     0.510827E-02     0.458428E-02
  0.421186E-02     0.398037E-02     0.304020E-02     0.319952E-02     0.361207E-02
  0.470071E-02     0.411946E-02     0.462188E-02     0.419976E-02     0.404032E-02
  0.359570E-02     0.699126E-02     0.363462E-02     0.298449E-02     0.437577E-02
  0.428547E-02     0.382795E-02     0.335752E-02     0.381116E-02     0.569955E-02
  0.500855E-02     0.291436E-02     0.448045E-02     0.950905E-02     0.402226E-02
  0.351628E-02     0.322422E-02     0.879630E-02     0.341789E-02     0.538146E-02
  0.430255E-02     0.273305E-02     0.285754E-02     0.575526E-02     0.571768E-02
  0.642441E-02     0.895067E-02     0.681359E-02     0.676482E-02     0.809472E-02
  0.702327E-02     0.666523E-02     0.862028E-02     0.833193E-02     0.818984E-02
  0.824459E-02     0.813936E-02     0.622403E-02     0.987075E-02     0.940324E-02
  0.900255E-02     0.474237E-02     0.516374E-02     0.750210E-02     0.462109E-02
  0.435521E-02     0.474683E-02     0.687789E-02     0.501996E-02     0.432082E-02
  0.558855E-02     0.496872E-02     0.496804E-02     0.481216E-02     0.823396E-02
  0.442115E-02     0.962380E-02     0.880436E-02     0.470000E-02     0.904863E-02
  0.857610E-02     0.381740E-02     0.528852E-02     0.101278E-01     0.684237E-02
  0.991678E-02     0.101544E-01     0.632856E-02     0.675600E-02     0.630042E-02
  0.935354E-02     0.558467E-02     0.577182E-02     0.552908E-02     0.524475E-02
  0.830076E-02     0.846055E-02     0.612414E-02     0.686058E-02     0.683536E-02
  0.100879E-01     0.691194E-02     0.815239E-02     0.877023E-02     0.887421E-02
  0.927353E-02     0.879682E-02     0.802656E-02     0.100392E-01     0.791001E-02
  0.854686E-02     0.962340E-02     0.895473E-02     0.755747E-02     0.777942E-02
  0.797596E-02     0.736111E-02     0.806980E-02     0.841287E-02     0.715145E-02
  0.848437E-02     0.923798E-02     0.773240E-02     0.844339E-02     0.773393E-02
  0.822603E-02     0.700553E-02     0.862512E-02     0.766715E-02     0.770529E-02
  0.680152E-02     0.711613E-02     0.844535E-02     0.899090E-02     0.734572E-02
  0.730164E-02     0.780375E-02     0.881443E-02     0.920474E-02     0.814501E-02
  0.661320E-02     0.684511E-02     0.809278E-02     0.653611E-02     0.582716E-02
  0.590383E-02     0.674280E-02     0.731417E-02     0.595558E-02     0.692354E-02
  0.634726E-02     0.690812E-02     0.723481E-02     0.600530E-02     0.588891E-02
  0.641389E-02     0.632679E-02     0.598622E-02     0.656974E-02     0.596987E-02
  0.716503E-02     0.646389E-02     0.606642E-02     0.586589E-02     0.592070E-02
  0.660442E-02     0.574477E-02     0.613291E-02     0.595692E-02     0.601058E-02
  0.948682E-02     0.611672E-02     0.733707E-02     0.825852E-02     0.862914E-02
  0.691738E-02     0.577878E-02     0.635397E-02     0.883420E-02     0.865676E-02
  0.889138E-02     0.545216E-02     0.835342E-02     0.630601E-02     0.677688E-02
  0.654420E-02     0.585099E-02     0.590885E-02     0.582859E-02     0.541792E-02
  0.827598E-02     0.521717E-02     0.807352E-02     0.651160E-02     0.708449E-02
  0.593222E-02     0.546784E-02     0.567070E-02     0.479316E-02     0.611635E-02
  0.620262E-02     0.610818E-02     0.525832E-02     0.491665E-02     0.530162E-02
  0.664229E-02     0.671667E-02     0.560917E-02     0.463444E-02     0.475716E-02
  0.512247E-02     0.629004E-02     0.519234E-02     0.518989E-02     0.589402E-02
  0.495102E-02     0.485454E-02     0.698267E-02     0.685365E-02     0.655826E-02
  0.647740E-02     0.847123E-02     0.722642E-02     0.889850E-02     0.764468E-02
  0.874480E-02     0.788356E-02     0.733788E-02     0.705749E-02     0.735388E-02
  0.693385E-02     0.863599E-02     0.823903E-02     0.718560E-02     0.676260E-02
  0.837024E-02     0.559691E-02     0.677516E-02     0.656999E-02     0.841129E-02
  0.777888E-02     0.754660E-02     0.668298E-02     0.781558E-02     0.943881E-02
  0.766293E-02     0.906261E-02     0.707745E-02     0.688859E-02     0.730053E-02
  0.732774E-02     0.723879E-02     0.688952E-02     0.643790E-02     0.737526E-02
  0.837050E-02     0.804526E-02     0.664134E-02     0.793534E-02     0.721507E-02
  0.701550E-02     0.696796E-02     0.650470E-02     0.633434E-02     0.731658E-02
  0.606565E-02     0.551185E-02     0.821455E-02     0.797739E-02     0.778251E-02
  0.816568E-02     0.752909E-02     0.628305E-02     0.670445E-02     0.800132E-02
  0.676456E-02     0.678425E-02     0.601354E-02     0.718125E-02     0.632105E-02
  0.722938E-02     0.696928E-02     0.600575E-02     0.657771E-02     0.659893E-02
  0.616710E-02     0.612224E-02     0.605556E-02     0.741618E-02     0.643356E-02
  0.649152E-02     0.804590E-02     0.538467E-02     0.642274E-02     0.615261E-02
  0.651508E-02     0.728623E-02     0.581681E-02     0.903404E-02     0.759832E-02
  0.803883E-02     0.809350E-02     0.636398E-02     0.907044E-02     0.819126E-02
  0.814242E-02     0.552431E-02     0.607979E-02     0.618076E-02     0.634301E-02
  0.638915E-02     0.622933E-02     0.624128E-02     0.587210E-02     0.584512E-02
  0.758459E-02     0.643260E-02     0.585510E-02     0.569388E-02     0.105415E-01
  0.619056E-02     0.635864E-02     0.102748E-01     0.573797E-02     0.866628E-02
  0.918819E-02     0.107559E-01     0.586006E-02     0.745869E-02     0.691419E-02
  0.584700E-02     0.681380E-02     0.578491E-02     0.594567E-02     0.579462E-02
  0.682491E-02     0.804056E-02     0.620847E-02     0.560498E-02     0.594809E-02
  0.689807E-02     0.970135E-02     0.795857E-02     0.610006E-02     0.715022E-02
  0.699876E-02     0.698161E-02     0.941861E-02     0.888623E-02     0.826883E-02
  0.789285E-02     0.790477E-02     0.934591E-02     0.612860E-02     0.854259E-02
  0.794942E-02     0.790940E-02     0.940752E-02     0.923123E-02     0.803074E-02
  0.793899E-02     0.895264E-02     0.902306E-02     0.788019E-02     0.670629E-02
  0.933603E-02     0.902084E-02     0.780837E-02     0.882867E-02     0.908413E-02
  0.800456E-02     0.760382E-02     0.832864E-02     0.690627E-02     0.786352E-02
  0.681602E-02     0.799004E-02     0.753860E-02     0.701442E-02     0.106169E-01
  0.706179E-02     0.823134E-02     0.831647E-02     0.799095E-02     0.862999E-02
  0.772532E-02     0.630051E-02     0.966087E-02     0.702377E-02     0.830655E-02
  0.847838E-02     0.828544E-02     0.916839E-02     0.775641E-02     0.815857E-02
  0.887589E-02     0.102763E-01     0.104391E-01     0.115390E-01     0.128314E-01
  0.137035E-01     0.939554E-02     0.880043E-02     0.875636E-02     0.935411E-02
  0.128073E-01     0.966166E-02     0.103411E-01     0.111779E-01     0.119747E-01
  0.119587E-01     0.123181E-01     0.100644E-01     0.108039E-01     0.812777E-02
  0.984654E-02     0.796806E-02     0.749778E-02     0.807316E-02     0.720623E-02
  0.815105E-02     0.763726E-02     0.835962E-02     0.118832E-01     0.946868E-02
  0.891598E-02     0.969878E-02     0.871028E-02     0.775821E-02     0.126399E-01
  0.822997E-02     0.637173E-02     0.797144E-02     0.925559E-02     0.901493E-02
  0.894795E-02     0.956535E-02     0.638784E-02     0.913440E-02     0.102861E-01
  0.895649E-02     0.831633E-02     0.952121E-02     0.932411E-02     0.106917E-01
  0.927152E-02     0.107388E-01     0.855693E-02     0.963529E-02     0.961766E-02
  0.111986E-01     0.832059E-02     0.736402E-02     0.724011E-02     0.737341E-02
  0.102743E-01     0.635784E-02     0.102848E-01     0.996736E-02     0.101301E-01
  0.908227E-02     0.942422E-02     0.942667E-02     0.897733E-02     0.968425E-02
  0.823996E-02     0.947936E-02     0.781122E-02     0.794776E-02     0.911713E-02
  0.947997E-02     0.896563E-02     0.929778E-02     0.886669E-02     0.100126E-01
  0.714009E-02     0.747593E-02     0.686349E-02     0.751625E-02     0.761764E-02
  0.835686E-02     0.912306E-02     0.931992E-02     0.705225E-02     0.640146E-02
  0.900697E-02     0.970111E-02     0.645101E-02     0.822819E-02     0.612757E-02
  0.794078E-02     0.695468E-02     0.635847E-02     0.840946E-02     0.682062E-02
  0.619685E-02     0.590060E-02     0.768237E-02     0.875005E-02     0.675726E-02
  0.788279E-02     0.702164E-02     0.775196E-02     0.812449E-02     0.793419E-02
  0.758088E-02     0.638789E-02     0.680807E-02     0.752159E-02     0.646576E-02
  0.744412E-02     0.626106E-02     0.583243E-02     0.740979E-02     0.769575E-02
  0.774858E-02     0.708557E-02     0.971751E-02     0.780222E-02     0.749057E-02
  0.648076E-02     0.644361E-02     0.682256E-02     0.105393E-01     0.687691E-02
  0.795182E-02     0.104949E-01     0.916555E-02     0.877663E-02     0.962822E-02
  0.971846E-02     0.889464E-02     0.841669E-02     0.696405E-02     0.845817E-02
  0.663131E-02     0.792217E-02     0.873392E-02     0.741648E-02     0.849155E-02
  0.821572E-02     0.786932E-02     0.798366E-02     0.665443E-02     0.836880E-02
  0.961397E-02     0.959948E-02     0.661613E-02     0.613657E-02     0.669086E-02
  0.688399E-02     0.752441E-02     0.689823E-02     0.866684E-02     0.848389E-02
  0.898616E-02     0.760773E-02     0.704973E-02     0.795253E-02     0.856771E-02
  0.720921E-02     0.859163E-02     0.790657E-02     0.854432E-02     0.700428E-02
  0.761343E-02     0.794913E-02     0.817276E-02     0.709799E-02     0.707125E-02
  0.734113E-02     0.825524E-02     0.868642E-02     0.891255E-02     0.916967E-02
  0.777943E-02     0.692723E-02     0.887326E-02     0.931259E-02     0.784663E-02
  0.786053E-02     0.784900E-02     0.989633E-02     0.965371E-02     0.851579E-02
  0.785631E-02     0.815683E-02     0.659281E-02     0.868044E-02     0.825676E-02
  0.877414E-02     0.872823E-02     0.840017E-02     0.908510E-02     0.758386E-02
  0.729090E-02     0.820243E-02     0.831293E-02     0.863335E-02     0.830538E-02
  0.892065E-02     0.793195E-02     0.813925E-02     0.894508E-02     0.758554E-02
  0.808918E-02     0.708673E-02     0.763305E-02     0.861911E-02     0.836057E-02
  0.765509E-02     0.809326E-02     0.722819E-02     0.752514E-02     0.819179E-02
  0.776322E-02     0.765616E-02     0.691333E-02     0.654172E-02     0.644155E-02
  0.676007E-02     0.684027E-02     0.740576E-02     0.701194E-02     0.671817E-02
  0.680110E-02     0.758866E-02     0.725545E-02     0.799750E-02     0.771773E-02
  0.812939E-02     0.748256E-02     0.688075E-02     0.770480E-02     0.646023E-02
  0.732833E-02     0.788648E-02     0.694335E-02     0.742906E-02     0.782532E-02
  0.745223E-02     0.786389E-02     0.801611E-02     0.716092E-02     0.728684E-02
  0.682147E-02     0.779695E-02     0.770022E-02     0.736921E-02     0.845045E-02
  0.859961E-02     0.759771E-02     0.798169E-02     0.941793E-02     0.798298E-02
  0.730296E-02     0.810698E-02     0.673669E-02     0.848884E-02     0.748871E-02
  0.657702E-02     0.805681E-02     0.803593E-02     0.787254E-02     0.770792E-02
  0.680363E-02     0.800196E-02     0.663124E-02     0.677919E-02     0.781194E-02
  0.723407E-02     0.773435E-02     0.838007E-02     0.686694E-02     0.837296E-02
  0.797842E-02     0.786148E-02     0.722074E-02     0.699448E-02     0.825419E-02
  0.824100E-02     0.794663E-02     0.773030E-02     0.770094E-02     0.730697E-02
  0.738458E-02     0.804212E-02     0.735564E-02     0.722132E-02     0.760545E-02
  0.764291E-02     0.703705E-02     0.689213E-02     0.734747E-02     0.825149E-02
  0.727304E-02     0.595103E-02     0.869457E-02     0.802392E-02     0.822577E-02
  0.835339E-02     0.724240E-02     0.822697E-02     0.738752E-02     0.710270E-02
  0.760505E-02     0.780769E-02     0.573318E-02     0.601641E-02     0.745407E-02
  0.693851E-02     0.735941E-02     0.767177E-02     0.677167E-02     0.779546E-02
  0.834764E-02     0.713214E-02     0.708770E-02     0.717142E-02     0.674659E-02
  0.767054E-02     0.939148E-02     0.724815E-02     0.678175E-02     0.807788E-02
  0.719578E-02     0.737994E-02     0.792099E-02     0.717342E-02     0.622580E-02
  0.748736E-02     0.689836E-02     0.799818E-02     0.766616E-02     0.896913E-02
  0.866634E-02     0.745814E-02     0.790708E-02     0.895215E-02     0.852973E-02
  0.745630E-02     0.943403E-02     0.802775E-02     0.681472E-02     0.659834E-02
  0.797594E-02     0.720815E-02     0.847470E-02     0.763276E-02     0.784920E-02
  0.828816E-02     0.740845E-02     0.763997E-02     0.735827E-02     0.712379E-02
  0.812354E-02     0.798940E-02     0.770439E-02     0.921564E-02     0.658261E-02
  0.724757E-02     0.680461E-02     0.686103E-02     0.656433E-02     0.626113E-02
  0.547391E-02     0.713382E-02     0.106780E-01     0.124015E-01     0.786928E-02
  0.810382E-02     0.901450E-02     0.115361E-01     0.671022E-02     0.907699E-02
  0.930877E-02     0.774722E-02     0.648605E-02     0.707783E-02     0.102112E-01
  0.814187E-02     0.843408E-02     0.811130E-02     0.779731E-02     0.677936E-02
  0.119088E-01     0.100454E-01     0.105922E-01     0.964881E-02     0.933701E-02
  0.901329E-02     0.887950E-02     0.976341E-02     0.108073E-01     0.994160E-02
  0.104808E-01     0.104863E-01     0.101157E-01     0.639253E-02     0.926693E-02
  0.912277E-02     0.123709E-01     0.865776E-02     0.906778E-02     0.106520E-01
  0.100825E-01     0.108648E-01     0.935709E-02     0.105541E-01     0.109518E-01
  0.126279E-01     0.128023E-01     0.116834E-01     0.124350E-01     0.124634E-01
  0.111181E-01     0.129589E-01     0.110542E-01     0.119085E-01     0.148290E-01
  0.139629E-01     0.138485E-01     0.143544E-01     0.105269E-01     0.130359E-01
  0.128553E-01     0.131653E-01     0.106231E-01     0.128824E-01     0.142300E-01
  0.106013E-01     0.970393E-02     0.150659E-01     0.716845E-02     0.150581E-01
  0.105316E-01     0.111912E-01     0.931922E-02     0.106745E-01     0.117673E-01
  0.993528E-02     0.116240E-01     0.138271E-01     0.117830E-01     0.107524E-01
  0.106516E-01     0.114127E-01     0.123696E-01     0.106475E-01     0.122877E-01
  0.101702E-01     0.110353E-01     0.126079E-01     0.105989E-01     0.127644E-01
  0.140172E-01     0.135665E-01     0.115301E-01     0.117459E-01     0.114364E-01
  0.924226E-02     0.132671E-01     0.905226E-02     0.107730E-01     0.127814E-01
  0.120940E-01     0.146885E-01     0.996448E-02     0.141809E-01     0.967120E-02
  0.114255E-01     0.116978E-01     0.102026E-01     0.974520E-02     0.112495E-01
  0.209626E-01     0.266108E-01     0.278725E-01     0.297795E-01     0.360418E-01
  0.292812E-01     0.657755E-01     0.270538E-01     0.762842E-01     0.400968E-01
  0.368146E-01     0.568804E-01     0.888832E-01     0.980784E-01     0.113992E+00
  0.125622E+00     0.104429E+00     0.118245E+00     0.113358E+00     0.154648E+00
  0.140986E+00     0.179544E+00     0.310607E+00     0.156147E+00     0.230225E+00
  0.126036E+00     0.200758E+00     0.190927E+00     0.236116E+00     0.255582E+00
  0.198214E+00     0.309767E+00     0.211564E+00     0.229973E+00     0.274988E+00
  0.224909E+00     0.244588E+00     0.439015E+00     0.301734E+00     0.276333E+00
  0.362809E+00     0.306313E+00     0.385938E+00     0.369986E+00     0.440103E+00
  0.436530E+00     0.426256E+00     0.388916E+00     0.383983E+00     0.513482E+00
  0.394102E+00     0.611852E+00     0.637409E+00     0.603521E+00     0.717264E+00
  0.629836E+00     0.764407E+00     0.719476E+00
 eigen energies, in ev
    -46.144947       -46.140634       -45.762045       -45.731608       -45.087656
    -28.859634       -28.460693       -28.371375       -28.358397       -28.024747
    -27.943269       -27.891016       -27.882837       -27.759896       -27.741580
    -27.693629       -27.667277       -27.649961       -27.629781       -27.619284
    -27.558439       -27.542354       -27.493975       -27.480055       -27.451443
    -27.438179       -27.399829       -27.397774       -27.379651       -27.345445
    -27.298609       -27.273610       -27.258482       -27.243009       -27.239624
    -27.219914       -27.178195       -27.158468       -27.144659       -27.138535
    -27.128238       -27.100886       -27.073303       -27.053490       -27.046734
    -27.042947       -27.034985       -27.029379       -27.028302       -27.019975
    -27.011395       -27.007625       -26.973719       -26.915898       -26.904959
    -26.822459       -26.814385       -26.798206       -26.784670       -26.770520
    -26.751792       -26.678452       -26.631240       -26.619666       -26.613651
    -26.603414       -26.593763       -26.590735       -26.546480       -26.427367
    -26.394239       -26.370880       -26.315265       -26.312713       -26.299634
    -26.285061       -26.256252       -26.197246       -26.184277       -26.110231
    -25.991717       -25.899601       -25.886824       -25.875952       -25.838524
    -25.833098       -25.827371       -25.715844       -25.682250       -25.670380
    -25.669004       -25.646370       -25.606646       -25.598012       -25.595802
    -25.567189       -25.555652       -25.553160       -25.544321       -25.519862
    -25.489775       -25.463267       -25.461965       -25.432753       -25.403232
    -25.394215       -25.392134       -25.368172       -25.360674       -25.358984
    -25.343525       -25.339672       -25.329429       -25.322033       -25.284921
    -25.273404       -25.234973       -25.222904       -25.203674       -25.199773
    -25.198582       -25.191542       -25.143332       -25.135301       -25.097388
    -25.063788       -25.046100       -25.022812       -24.981514       -24.977123
    -24.973954       -24.886208       -24.836606       -24.810390       -24.807406
    -24.771760       -24.692145       -24.667002       -24.412726       -24.358903
    -24.344296       -24.279930       -24.250993       -24.139070       -24.112989
    -24.040990       -24.027282       -23.995777       -23.879199       -23.852302
    -23.785424       -23.593695       -23.470691       -23.390744       -23.283035
    -23.279207       -23.235892       -22.925131       -22.826148       -22.756538
    -22.742089       -22.700651       -22.633385       -22.616687       -22.579891
    -22.578867       -22.554364       -22.454827       -22.433404       -22.415502
    -22.375670       -22.370084       -22.271397       -22.219657       -22.208587
    -22.132983       -22.132243       -22.125422       -22.110453       -22.080515
    -21.924378       -21.853016       -21.844893       -21.779819       -21.704519
    -21.578252       -21.543691       -21.455388       -21.085565       -21.040548
    -19.397249       -19.217554       -18.840657       -18.819702       -18.695924
    -16.439755       -16.100788       -15.963572       -15.858849       -15.800553
    -15.791384       -15.780784       -15.777064       -15.766030       -15.748565
    -15.745428       -15.691579       -15.678790       -15.628082       -15.608950
    -15.556606       -15.548865       -15.536965       -15.518125       -15.443622
    -15.409784       -15.282170       -15.233798       -15.192095       -14.993842
    -14.763751       -14.719628       -14.584320       -14.549169       -14.540675
    -14.503220       -14.500069       -14.474926       -14.450308       -14.415500
    -14.407425       -14.316177       -14.264183       -14.240250       -14.222299
    -14.213033       -14.189279       -14.176442       -14.147158       -14.100752
    -14.097298       -14.062305       -14.044943       -13.892561       -13.868552
    -13.835084       -13.829147       -13.826942       -13.738236       -13.678972
    -13.591291       -13.566423       -13.342414       -13.175687       -13.017138
    -12.990281       -12.982757       -12.981030       -12.877711       -12.840858
    -12.803800       -12.756836       -12.721412       -12.694158       -12.552134
    -12.299190       -12.221253       -12.197429       -12.175061       -12.111402
    -12.065063       -12.041486       -11.891565       -11.835804       -11.815468
    -11.802138       -11.741345       -11.730466       -11.721816       -11.683732
    -11.635860       -11.605204       -11.602474       -11.596101       -11.560937
    -11.549927       -11.530801       -11.494187       -11.490045       -11.486342
    -11.452996       -11.429180       -11.422416       -11.331631       -11.261496
    -11.229540       -11.215670       -11.195072       -11.171624       -11.148908
    -11.134972       -11.090016       -11.023237       -10.985281       -10.931325
    -10.921003       -10.894207       -10.851930       -10.845331       -10.819013
    -10.725049       -10.677879       -10.653671       -10.618660       -10.551477
    -10.501064       -10.423298       -10.391997       -10.384058       -10.356947
    -10.322454       -10.302854       -10.294731       -10.268351       -10.237227
    -10.228597       -10.225231       -10.211996       -10.177967       -10.147883
    -10.134772       -10.125656       -10.105536       -10.077053       -10.072817
    -10.062781       -10.055478       -10.040022       -10.020825       -10.019823
     -9.990264        -9.985735        -9.973772        -9.941026        -9.930543
     -9.923974        -9.916664        -9.899016        -9.876671        -9.872188
     -9.848774        -9.828995        -9.821065        -9.806734        -9.792244
     -9.788399        -9.786758        -9.777376        -9.770664        -9.762557
     -9.757368        -9.755559        -9.716435        -9.710492        -9.706192
     -9.697885        -9.687418        -9.661090        -9.649618        -9.645603
     -9.636433        -9.626768        -9.616479        -9.600012        -9.588597
     -9.557878        -9.543050        -9.537400        -9.524210        -9.519360
     -9.505958        -9.496155        -9.491748        -9.489090        -9.469494
     -9.463265        -9.438644        -9.376319        -9.346651        -9.345395
     -9.344745        -9.333665        -9.326291        -9.292998        -9.277440
     -9.258748        -9.253899        -9.247035        -9.233696        -9.226793
     -9.219931        -9.215709        -9.200082        -9.195474        -9.191310
     -9.184537        -9.180218        -9.162983        -9.141963        -9.101969
     -9.082381        -9.081381        -9.063853        -9.038992        -9.006967
     -9.001434        -8.998230        -8.987270        -8.978570        -8.957700
     -8.951807        -8.947994        -8.946754        -8.940724        -8.934390
     -8.928360        -8.914428        -8.890299        -8.880630        -8.871272
     -8.870287        -8.855182        -8.850618        -8.841334        -8.834406
     -8.827208        -8.811443        -8.799976        -8.798602        -8.786432
     -8.777646        -8.772108        -8.752418        -8.745414        -8.723185
     -8.715690        -8.712875        -8.708863        -8.691777        -8.675569
     -8.665780        -8.639256        -8.616816        -8.602004        -8.594815
     -8.581572        -8.563601        -8.551730        -8.540702        -8.531457
     -8.510279        -8.506383        -8.500293        -8.497560        -8.487501
     -8.483702        -8.478136        -8.468802        -8.461563        -8.447713
     -8.442773        -8.430278        -8.427749        -8.419902        -8.399810
     -8.374257        -8.360678        -8.337164        -8.328318        -8.320595
     -8.283212        -8.254172        -8.252751        -8.243355        -8.220439
     -8.179438        -8.174889        -8.163663        -8.149395        -8.144630
     -8.132417        -8.118435        -8.113706        -8.105748        -8.094782
     -8.080834        -8.059682        -8.052258        -8.040208        -8.012246
     -8.002857        -7.978771        -7.969247        -7.951254        -7.947318
     -7.934594        -7.926446        -7.901532        -7.900208        -7.893916
     -7.864168        -7.854483        -7.814360        -7.793599        -7.775558
     -7.767437        -7.755159        -7.719318        -7.707328        -7.696658
     -7.672506        -7.657104        -7.642204        -7.609927        -7.549304
     -7.532372        -7.478538        -7.464388        -7.432499        -7.430955
     -7.423476        -7.358487        -7.331948        -7.275251        -7.249758
     -7.230200        -7.221305        -7.209884        -7.198075        -7.190422
     -7.160189        -7.148196        -7.131820        -7.112697        -7.092918
     -7.066487        -7.039996        -7.003255        -6.989847        -6.939132
     -6.913086        -6.887750        -6.864464        -6.856846        -6.853205
     -6.819241        -6.795710        -6.746713        -6.734182        -6.723816
     -6.707588        -6.704414        -6.697308        -6.689081        -6.669427
     -6.663129        -6.655462        -6.647133        -6.619362        -6.601274
     -6.576990        -6.540730        -6.534307        -6.532254        -6.525906
     -6.519659        -6.504380        -6.493291        -6.448141        -6.440736
     -6.428947        -6.403209        -6.385571        -6.375453        -6.365817
     -6.349694        -6.321636        -6.288484        -6.283790        -6.270498
     -6.267190        -6.260575        -6.255602        -6.251201        -6.244566
     -6.235758        -6.233491        -6.223974        -6.214396        -6.205385
     -6.197579        -6.186444        -6.181699        -6.173050        -6.164159
     -6.162555        -6.155200        -6.151798        -6.143472        -6.136961
     -6.124292        -6.116826        -6.105720        -6.072337        -6.066239
     -6.064839        -6.033343        -6.009387        -6.003060        -5.985841
     -5.969083        -5.961886        -5.946549        -5.931708        -5.919705
     -5.915552        -5.898885        -5.887706        -5.876039        -5.872885
     -5.865064        -5.860408        -5.856413        -5.844358        -5.840807
     -5.831101        -5.822607        -5.818859        -5.814790        -5.805628
     -5.802473        -5.798044        -5.772481        -5.772220        -5.765370
     -5.749531        -5.744559        -5.739505        -5.735758        -5.730663
     -5.720682        -5.705498        -5.696711        -5.693907        -5.685495
     -5.684477        -5.680915        -5.673063        -5.666338        -5.659237
     -5.651144        -5.635919        -5.628344        -5.624389        -5.622823
     -5.619877        -5.616001        -5.604029        -5.582596        -5.577124
     -5.562927        -5.560823        -5.558072        -5.544847        -5.537729
     -5.526224        -5.506557        -5.498202        -5.494171        -5.483724
     -5.477733        -5.475261        -5.467275        -5.458467        -5.452161
     -5.443368        -5.438980        -5.433589        -5.426614        -5.422903
     -5.416840        -5.410539        -5.406030        -5.404680        -5.399665
     -5.395881        -5.382539        -5.378905        -5.371130        -5.359137
     -5.356593        -5.350048        -5.347754        -5.344078        -5.339064
     -5.327695        -5.326447        -5.318272        -5.315911        -5.308343
     -5.301788        -5.298271        -5.285857        -5.279079        -5.274638
     -5.271392        -5.267770        -5.256458        -5.242108        -5.235204
     -5.227342        -5.222989        -5.215930        -5.203519        -5.200334
     -5.185526        -5.181008        -5.173927        -5.170916        -5.155533
     -5.148071        -5.145608        -5.125729        -5.118945        -5.114016
     -5.106977        -5.106083        -5.098898        -5.092249        -5.088343
     -5.078706        -5.069639        -5.064801        -5.059562        -5.056258
     -5.048794        -5.039324        -5.028948        -5.024562        -5.019169
     -5.016848        -5.011204        -5.005461        -5.001528        -4.998628
     -4.996544        -4.991737        -4.981361        -4.969946        -4.966964
     -4.954471        -4.949954        -4.946232        -4.940358        -4.931393
     -4.926557        -4.920302        -4.913526        -4.910093        -4.906405
     -4.904159        -4.897146        -4.887986        -4.886784        -4.873938
     -4.870726        -4.867148        -4.857974        -4.856408        -4.847354
     -4.845642        -4.843907        -4.833984        -4.829646        -4.825025
     -4.814445        -4.810178        -4.796861        -4.794299        -4.783241
     -4.772546        -4.764866        -4.761660        -4.755715        -4.744420
     -4.735155        -4.725603        -4.721328        -4.713571        -4.699984
     -4.696604        -4.696426        -4.693528        -4.687689        -4.682487
     -4.678521        -4.671752        -4.666449        -4.664617        -4.649020
     -4.640261        -4.633370        -4.628276        -4.624856        -4.618645
     -4.609942        -4.605088        -4.604923        -4.597800        -4.586692
     -4.583102        -4.571237        -4.568931        -4.555033        -4.553521
     -4.546565        -4.542336        -4.535257        -4.532864        -4.525939
     -4.516459        -4.499300        -4.491705        -4.485969        -4.483007
     -4.476286        -4.467464        -4.463054        -4.455323        -4.444822
     -4.436151        -4.433369        -4.429924        -4.420533        -4.410923
     -4.402550        -4.400024        -4.392848        -4.387502        -4.363647
     -4.361648        -4.359249        -4.347888        -4.340865        -4.326756
     -4.320303        -4.312464        -4.301562        -4.293909        -4.288268
     -4.275718        -4.264460        -4.245565        -4.236083        -4.222710
     -4.220989        -4.217437        -4.205218        -4.173398        -4.154016
     -4.145294        -4.142320        -4.110345        -4.096209        -4.078906
     -4.068918        -4.056255        -4.049438        -4.034131        -4.022306
     -3.955531        -3.948734        -3.936969        -3.919090        -3.890458
     -3.889144        -3.821001        -3.801441        -3.791682        -3.746256
     -3.738628        -3.725177        -3.713116        -3.676381        -3.665606
     -3.653387        -3.650170        -3.625985        -3.620485        -3.571375
     -3.556908        -3.525255        -3.516817        -3.487630        -3.478921
     -3.466261        -3.438499        -3.434117        -3.404555        -3.396979
     -3.385644        -3.367494        -3.350217        -3.340528        -3.338788
     -3.312491        -3.309137        -3.301361        -3.274190        -3.257857
     -3.247352        -3.240864        -3.238601        -3.226604        -3.225312
     -3.209104        -3.200324        -3.188762        -3.151250        -3.098541
     -3.094755        -3.090270        -3.070770        -3.041601        -3.031743
     -3.028349        -3.022915        -3.012197        -2.981233        -2.973180
     -2.952949        -2.936376        -2.921553        -2.894277        -2.886677
     -2.872422        -2.867458        -2.854439        -2.852126        -2.850009
     -2.836093        -2.828727        -2.800246        -2.766025        -2.748827
     -2.741473        -2.728547        -2.654451        -2.639613        -2.597164
     -2.562972        -2.547854        -2.510593        -2.497894        -2.476291
     -2.469737        -2.430191        -2.372230        -2.365298        -2.305703
      1.395963         2.001845         2.046138         2.121602         2.135767
      2.239147         2.311237         2.422724         2.472355         2.475621
      2.554770         2.637914         2.809650         2.927852         3.060436
      3.179383         3.238812         3.294810         3.300436         3.360666
      3.403708         3.413233         3.423429         3.480409         3.499891
      3.614819         3.678269         3.698418         3.738746         3.757495
      3.805353         3.833190         3.880641         3.900082         3.935842
      3.969477         3.985135         3.996909         4.043608         4.086181
      4.100335         4.141746         4.170236         4.190200         4.204283
      4.220223         4.272936         4.315129         4.349543         4.359913
      4.391733         4.415824         4.437528         4.456822         4.491759
      4.543175         4.565407         4.660536
 *********************************
 sum eigen(dbl occ, ryd)=  -1544.60001125539     
 *********************************
 Ef(eV)=  0.859314313365227     
 ***************************************************
 iter=          11
 ---------------------------------------------------
 dvE, dvE(n)-dvE(n-1) = 0.9917E-05 -.3807E-04
 dv_ave, drho_tot     = 0.3149E-02 0.6004E-02
 err of ug            = 0.5522E-03
 ---------------------------------------------------
 Ewald        = -.41876607880374E+05
 Alpha        = 0.15207970391171E+04
 E_extV       = 0.00000000000000E+00    0.0000E+00
 E_NSC        = -.21426192158860E+05    0.5980E+02
 E[-rho*V_Hxc]= -.12242656923839E+06    -.5911E+02
 E_Hxc        = 0.51296104547366E+05    0.4548E+02
 -TS          = -.53450845417032E-09    -.5345E-09
 E_tot(eV)    = -.13291246769114E+06    0.6941E+00
 ---------------------------------------------------
 E_ion,E_coul,E_xc =   -223191.8500970   80070.0427007  -28773.9381533
Ewald+Hart+ion    -0.1849984152767E+06
 ave(vtot)=ave_(V_xc)=: v0= -0.285752402112366     
 Eigen energies are values after setting ave_vtot=0
 ----------------------------------
 One SCF use:    85.9515841007233       s
 *********************************
 ****** kpt=           1
 err of each states, eV
  0.727397E-02     0.746614E-02     0.435882E-02     0.946845E-02     0.107967E-01
  0.406607E-02     0.356294E-02     0.406643E-02     0.466849E-02     0.465151E-02
  0.300037E-02     0.319299E-02     0.304779E-02     0.347706E-02     0.473948E-02
  0.362898E-02     0.312415E-02     0.311460E-02     0.476781E-02     0.323241E-02
  0.421113E-02     0.449531E-02     0.375863E-02     0.321107E-02     0.313935E-02
  0.273448E-02     0.384487E-02     0.465299E-02     0.319207E-02     0.221759E-02
  0.336612E-02     0.383132E-02     0.360505E-02     0.444635E-02     0.477380E-02
  0.483075E-02     0.330403E-02     0.311977E-02     0.361077E-02     0.302064E-02
  0.395037E-02     0.441308E-02     0.342836E-02     0.473158E-02     0.441819E-02
  0.376063E-02     0.316996E-02     0.322241E-02     0.350931E-02     0.347202E-02
  0.304053E-02     0.378888E-02     0.325917E-02     0.455516E-02     0.436957E-02
  0.384915E-02     0.452197E-02     0.447005E-02     0.252260E-02     0.414310E-02
  0.367277E-02     0.289224E-02     0.325661E-02     0.343286E-02     0.381707E-02
  0.335806E-02     0.483619E-02     0.442470E-02     0.502230E-02     0.355459E-02
  0.253571E-02     0.354748E-02     0.488487E-02     0.270605E-02     0.342291E-02
  0.320768E-02     0.280424E-02     0.301220E-02     0.279827E-02     0.376955E-02
  0.287755E-02     0.298428E-02     0.276905E-02     0.377802E-02     0.286525E-02
  0.245531E-02     0.263678E-02     0.358750E-02     0.304849E-02     0.287811E-02
  0.218647E-02     0.317972E-02     0.251265E-02     0.299837E-02     0.200644E-02
  0.239079E-02     0.284430E-02     0.298157E-02     0.272368E-02     0.276696E-02
  0.240094E-02     0.298160E-02     0.272587E-02     0.294534E-02     0.386587E-02
  0.280828E-02     0.249476E-02     0.184874E-02     0.230052E-02     0.235254E-02
  0.217688E-02     0.292989E-02     0.259873E-02     0.299228E-02     0.264324E-02
  0.293335E-02     0.192611E-02     0.277756E-02     0.277971E-02     0.205117E-02
  0.290708E-02     0.269565E-02     0.221608E-02     0.279263E-02     0.290225E-02
  0.341692E-02     0.253870E-02     0.356442E-02     0.216735E-02     0.245071E-02
  0.246505E-02     0.454966E-02     0.318803E-02     0.170395E-02     0.267437E-02
  0.401226E-02     0.288370E-02     0.285013E-02     0.401695E-02     0.378766E-02
  0.361331E-02     0.383001E-02     0.391733E-02     0.377379E-02     0.407677E-02
  0.408812E-02     0.342452E-02     0.436312E-02     0.460758E-02     0.348814E-02
  0.310227E-02     0.320286E-02     0.382333E-02     0.286116E-02     0.335647E-02
  0.342508E-02     0.431559E-02     0.318142E-02     0.263617E-02     0.294339E-02
  0.344464E-02     0.412803E-02     0.347625E-02     0.284756E-02     0.381129E-02
  0.325926E-02     0.340179E-02     0.325882E-02     0.286369E-02     0.338243E-02
  0.331484E-02     0.456195E-02     0.520726E-02     0.302919E-02     0.198506E-02
  0.416017E-02     0.553021E-02     0.308245E-02     0.539086E-02     0.530764E-02
  0.340745E-02     0.480358E-02     0.436249E-02     0.342623E-02     0.362684E-02
  0.333434E-02     0.277008E-02     0.446928E-02     0.323365E-02     0.287132E-02
  0.361446E-02     0.344495E-02     0.330837E-02     0.343388E-02     0.301814E-02
  0.466642E-02     0.275169E-02     0.236266E-02     0.273411E-02     0.242718E-02
  0.264573E-02     0.411360E-02     0.214760E-02     0.238181E-02     0.444997E-02
  0.418796E-02     0.390855E-02     0.305380E-02     0.529544E-02     0.312779E-02
  0.318971E-02     0.451879E-02     0.362644E-02     0.246163E-02     0.290844E-02
  0.422556E-02     0.238906E-02     0.267662E-02     0.451499E-02     0.265910E-02
  0.241258E-02     0.332325E-02     0.428402E-02     0.270584E-02     0.474480E-02
  0.278865E-02     0.318539E-02     0.387629E-02     0.388637E-02     0.454291E-02
  0.460142E-02     0.228786E-02     0.301341E-02     0.335302E-02     0.395948E-02
  0.284579E-02     0.328547E-02     0.293322E-02     0.479304E-02     0.433565E-02
  0.450099E-02     0.430651E-02     0.272205E-02     0.436196E-02     0.306354E-02
  0.387301E-02     0.380862E-02     0.443312E-02     0.263640E-02     0.249700E-02
  0.281686E-02     0.236102E-02     0.248625E-02     0.265056E-02     0.246041E-02
  0.218145E-02     0.230145E-02     0.311456E-02     0.229087E-02     0.228708E-02
  0.261732E-02     0.236407E-02     0.207238E-02     0.228549E-02     0.220244E-02
  0.385834E-02     0.372971E-02     0.349320E-02     0.373900E-02     0.387928E-02
  0.476617E-02     0.393458E-02     0.455417E-02     0.319278E-02     0.384313E-02
  0.326961E-02     0.473628E-02     0.306267E-02     0.515708E-02     0.322248E-02
  0.327124E-02     0.434485E-02     0.355818E-02     0.285364E-02     0.374730E-02
  0.451617E-02     0.320260E-02     0.333289E-02     0.305194E-02     0.259744E-02
  0.410113E-02     0.474547E-02     0.339443E-02     0.489804E-02     0.430887E-02
  0.339560E-02     0.349346E-02     0.263468E-02     0.278639E-02     0.414656E-02
  0.396962E-02     0.238123E-02     0.411851E-02     0.300205E-02     0.273218E-02
  0.283253E-02     0.275249E-02     0.267732E-02     0.253333E-02     0.255879E-02
  0.363224E-02     0.251749E-02     0.314711E-02     0.321152E-02     0.277643E-02
  0.451601E-02     0.469057E-02     0.412616E-02     0.385201E-02     0.414607E-02
  0.423644E-02     0.438104E-02     0.410670E-02     0.419385E-02     0.428016E-02
  0.456972E-02     0.453635E-02     0.385003E-02     0.403954E-02     0.446506E-02
  0.425832E-02     0.522890E-02     0.397815E-02     0.431856E-02     0.372440E-02
  0.463484E-02     0.390694E-02     0.423296E-02     0.440720E-02     0.433455E-02
  0.385538E-02     0.383112E-02     0.474493E-02     0.496647E-02     0.455516E-02
  0.473241E-02     0.433710E-02     0.379829E-02     0.429411E-02     0.372047E-02
  0.387738E-02     0.392782E-02     0.401824E-02     0.368544E-02     0.367187E-02
  0.440267E-02     0.434552E-02     0.396980E-02     0.423355E-02     0.429791E-02
  0.430431E-02     0.539385E-02     0.406845E-02     0.448690E-02     0.422436E-02
  0.405105E-02     0.393957E-02     0.387163E-02     0.370772E-02     0.394796E-02
  0.446771E-02     0.459682E-02     0.480757E-02     0.480064E-02     0.428202E-02
  0.454897E-02     0.410595E-02     0.418896E-02     0.406491E-02     0.394766E-02
  0.449802E-02     0.454614E-02     0.417267E-02     0.400943E-02     0.385506E-02
  0.372120E-02     0.418241E-02     0.403113E-02     0.447322E-02     0.349340E-02
  0.340240E-02     0.293089E-02     0.509557E-02     0.326682E-02     0.344338E-02
  0.389166E-02     0.471405E-02     0.469907E-02     0.389137E-02     0.359267E-02
  0.409221E-02     0.391173E-02     0.389057E-02     0.449833E-02     0.489570E-02
  0.387846E-02     0.577128E-02     0.457758E-02     0.418280E-02     0.370127E-02
  0.417489E-02     0.451069E-02     0.421375E-02     0.418135E-02     0.568425E-02
  0.472671E-02     0.386930E-02     0.296694E-02     0.422144E-02     0.525229E-02
  0.480459E-02     0.494643E-02     0.454897E-02     0.373683E-02     0.421497E-02
  0.497017E-02     0.597803E-02     0.397229E-02     0.378276E-02     0.357575E-02
  0.354999E-02     0.484878E-02     0.440294E-02     0.384132E-02     0.424713E-02
  0.454680E-02     0.401877E-02     0.412277E-02     0.443708E-02     0.284061E-02
  0.620858E-02     0.452724E-02     0.394841E-02     0.430443E-02     0.407417E-02
  0.547844E-02     0.352726E-02     0.483058E-02     0.460657E-02     0.433723E-02
  0.375129E-02     0.375060E-02     0.480935E-02     0.449043E-02     0.555102E-02
  0.480419E-02     0.459489E-02     0.377760E-02     0.436771E-02     0.475948E-02
  0.416209E-02     0.457396E-02     0.475783E-02     0.384512E-02     0.435589E-02
  0.432835E-02     0.475256E-02     0.501771E-02     0.480805E-02     0.395779E-02
  0.415529E-02     0.388001E-02     0.411213E-02     0.386257E-02     0.444263E-02
  0.514941E-02     0.418947E-02     0.419602E-02     0.427175E-02     0.452600E-02
  0.427527E-02     0.439829E-02     0.381486E-02     0.495382E-02     0.380707E-02
  0.443820E-02     0.511546E-02     0.509806E-02     0.745759E-02     0.348267E-02
  0.611126E-02     0.433517E-02     0.419060E-02     0.301522E-02     0.532251E-02
  0.451597E-02     0.432536E-02     0.473338E-02     0.623909E-02     0.483854E-02
  0.673628E-02     0.677664E-02     0.603271E-02     0.555018E-02     0.458371E-02
  0.566837E-02     0.628064E-02     0.491809E-02     0.659555E-02     0.425813E-02
  0.737567E-02     0.657188E-02     0.677565E-02     0.806108E-02     0.659031E-02
  0.495031E-02     0.512028E-02     0.508006E-02     0.552670E-02     0.551135E-02
  0.498220E-02     0.447609E-02     0.348477E-02     0.692680E-02     0.374155E-02
  0.459575E-02     0.431365E-02     0.299858E-02     0.892833E-02     0.708621E-02
  0.357453E-02     0.386531E-02     0.358522E-02     0.491250E-02     0.454067E-02
  0.370803E-02     0.429671E-02     0.519986E-02     0.560315E-02     0.372545E-02
  0.557902E-02     0.407795E-02     0.408052E-02     0.355861E-02     0.550928E-02
  0.409429E-02     0.625071E-02     0.479911E-02     0.465855E-02     0.491990E-02
  0.383903E-02     0.428412E-02     0.558589E-02     0.388344E-02     0.530713E-02
  0.506164E-02     0.372868E-02     0.501108E-02     0.450014E-02     0.521331E-02
  0.485494E-02     0.405168E-02     0.380669E-02     0.471492E-02     0.658091E-02
  0.398284E-02     0.503087E-02     0.403615E-02     0.350638E-02     0.382424E-02
  0.335571E-02     0.617541E-02     0.311965E-02     0.599559E-02     0.532412E-02
  0.342535E-02     0.445145E-02     0.456274E-02     0.506061E-02     0.402815E-02
  0.440548E-02     0.500096E-02     0.507599E-02     0.501418E-02     0.495930E-02
  0.406225E-02     0.341499E-02     0.310422E-02     0.394175E-02     0.326787E-02
  0.361289E-02     0.398063E-02     0.372157E-02     0.378045E-02     0.415255E-02
  0.332584E-02     0.384396E-02     0.396212E-02     0.365405E-02     0.314007E-02
  0.289993E-02     0.330711E-02     0.324698E-02     0.342890E-02     0.440419E-02
  0.462322E-02     0.490462E-02     0.430169E-02     0.526002E-02     0.463796E-02
  0.350808E-02     0.413887E-02     0.641498E-02     0.382682E-02     0.427083E-02
  0.386972E-02     0.374196E-02     0.402153E-02     0.502106E-02     0.439154E-02
  0.425115E-02     0.375128E-02     0.317701E-02     0.356417E-02     0.374856E-02
  0.383106E-02     0.336601E-02     0.392826E-02     0.371078E-02     0.394169E-02
  0.368174E-02     0.376694E-02     0.333761E-02     0.445235E-02     0.432840E-02
  0.347122E-02     0.458230E-02     0.421267E-02     0.344244E-02     0.405941E-02
  0.472415E-02     0.435828E-02     0.419375E-02     0.417895E-02     0.423203E-02
  0.447682E-02     0.380301E-02     0.413865E-02     0.361814E-02     0.373026E-02
  0.319383E-02     0.343790E-02     0.348578E-02     0.383043E-02     0.377370E-02
  0.504552E-02     0.545937E-02     0.430089E-02     0.388992E-02     0.364335E-02
  0.417124E-02     0.323513E-02     0.406955E-02     0.409983E-02     0.553265E-02
  0.462906E-02     0.394847E-02     0.402733E-02     0.356095E-02     0.582014E-02
  0.512175E-02     0.356012E-02     0.388408E-02     0.367521E-02     0.433544E-02
  0.432670E-02     0.509436E-02     0.409825E-02     0.526083E-02     0.367577E-02
  0.411467E-02     0.446378E-02     0.358635E-02     0.336568E-02     0.412521E-02
  0.403431E-02     0.470454E-02     0.338575E-02     0.416577E-02     0.482374E-02
  0.403886E-02     0.359976E-02     0.451160E-02     0.424461E-02     0.368283E-02
  0.350580E-02     0.431655E-02     0.429499E-02     0.471452E-02     0.362547E-02
  0.422578E-02     0.423098E-02     0.450825E-02     0.374487E-02     0.345124E-02
  0.360178E-02     0.499024E-02     0.384000E-02     0.470120E-02     0.335735E-02
  0.443066E-02     0.396906E-02     0.357885E-02     0.361820E-02     0.458945E-02
  0.422101E-02     0.427209E-02     0.392869E-02     0.424117E-02     0.368620E-02
  0.378172E-02     0.367554E-02     0.383118E-02     0.364982E-02     0.375556E-02
  0.381975E-02     0.380332E-02     0.386741E-02     0.390248E-02     0.416692E-02
  0.357784E-02     0.329237E-02     0.392018E-02     0.371501E-02     0.371723E-02
  0.417504E-02     0.370550E-02     0.341421E-02     0.411074E-02     0.383887E-02
  0.374341E-02     0.405911E-02     0.376195E-02     0.436543E-02     0.352336E-02
  0.403157E-02     0.365285E-02     0.412753E-02     0.421672E-02     0.385490E-02
  0.429044E-02     0.419990E-02     0.414720E-02     0.376051E-02     0.405110E-02
  0.414232E-02     0.412868E-02     0.397833E-02     0.434222E-02     0.377921E-02
  0.504091E-02     0.364713E-02     0.390102E-02     0.395895E-02     0.460919E-02
  0.416045E-02     0.439156E-02     0.420012E-02     0.422847E-02     0.493091E-02
  0.373820E-02     0.527512E-02     0.370373E-02     0.376122E-02     0.413921E-02
  0.440214E-02     0.423280E-02     0.349817E-02     0.400073E-02     0.384362E-02
  0.348252E-02     0.348116E-02     0.382397E-02     0.428293E-02     0.558641E-02
  0.531209E-02     0.402859E-02     0.417454E-02     0.463884E-02     0.438286E-02
  0.421800E-02     0.265809E-02     0.415522E-02     0.405731E-02     0.465300E-02
  0.377208E-02     0.344554E-02     0.322075E-02     0.348461E-02     0.315117E-02
  0.342489E-02     0.494530E-02     0.369650E-02     0.375040E-02     0.383425E-02
  0.378278E-02     0.561078E-02     0.389956E-02     0.450076E-02     0.522744E-02
  0.415158E-02     0.410635E-02     0.390860E-02     0.444754E-02     0.416241E-02
  0.517303E-02     0.471180E-02     0.526202E-02     0.491742E-02     0.413049E-02
  0.474722E-02     0.337179E-02     0.339559E-02     0.391723E-02     0.371704E-02
  0.486581E-02     0.426904E-02     0.438984E-02     0.472567E-02     0.444138E-02
  0.349874E-02     0.340504E-02     0.330358E-02     0.430861E-02     0.457134E-02
  0.359041E-02     0.411528E-02     0.416440E-02     0.500755E-02     0.328855E-02
  0.413636E-02     0.384670E-02     0.490904E-02     0.433070E-02     0.426799E-02
  0.552042E-02     0.497071E-02     0.469718E-02     0.476814E-02     0.472167E-02
  0.427637E-02     0.391565E-02     0.412334E-02     0.435521E-02     0.394348E-02
  0.341602E-02     0.415402E-02     0.212422E-02     0.335950E-02     0.372968E-02
  0.488927E-02     0.249273E-02     0.487913E-02     0.460376E-02     0.287940E-02
  0.458576E-02     0.501704E-02     0.349229E-02     0.428561E-02     0.455102E-02
  0.416273E-02     0.540113E-02     0.497424E-02     0.567400E-02     0.552559E-02
  0.470156E-02     0.486496E-02     0.780873E-02     0.688664E-02     0.617115E-02
  0.542820E-02     0.567053E-02     0.819762E-02     0.625153E-02     0.667628E-02
  0.610796E-02     0.380322E-02     0.394796E-02     0.428793E-02     0.512929E-02
  0.434022E-02     0.388171E-02     0.273427E-02     0.891078E-02     0.431592E-02
  0.685888E-02     0.591465E-02     0.456424E-02     0.482917E-02     0.705297E-02
  0.433642E-02     0.541010E-02     0.536031E-02     0.542799E-02     0.579440E-02
  0.461651E-02     0.489661E-02     0.557956E-02     0.562059E-02     0.466442E-02
  0.462179E-02     0.500395E-02     0.508032E-02     0.561945E-02     0.519362E-02
  0.534559E-02     0.624285E-02     0.461992E-02     0.467444E-02     0.543174E-02
  0.795499E-02     0.837686E-02     0.609738E-02     0.595579E-02     0.590354E-02
  0.571319E-02     0.664052E-02     0.594635E-02     0.737896E-02     0.638106E-02
  0.631603E-02     0.610128E-02     0.584809E-02     0.482102E-02     0.530630E-02
  0.672616E-02     0.424717E-02     0.661781E-02     0.561728E-02     0.460039E-02
  0.493623E-02     0.782072E-02     0.439178E-02     0.406086E-02     0.431459E-02
  0.556128E-02     0.467870E-02     0.593246E-02     0.434199E-02     0.519694E-02
  0.376905E-02     0.604034E-02     0.342688E-02     0.486074E-02     0.643275E-02
  0.432610E-02     0.406166E-02     0.526392E-02     0.512472E-02     0.407709E-02
  0.449539E-02     0.698991E-02     0.435634E-02     0.475585E-02     0.482318E-02
  0.480269E-02     0.877711E-02     0.414689E-02     0.364049E-02     0.317269E-02
  0.154789E-01     0.206578E-01     0.154003E-01     0.196516E-01     0.200116E-01
  0.246266E-01     0.327723E-01     0.443219E-01     0.248781E-01     0.253534E-01
  0.269167E-01     0.293499E-01     0.651459E-01     0.752381E-01     0.719074E-01
  0.768399E-01     0.778924E-01     0.946913E-01     0.890483E-01     0.118623E+00
  0.157720E+00     0.212780E+00     0.110652E+00     0.112803E+00     0.153578E+00
  0.117534E+00     0.144474E+00     0.160283E+00     0.195557E+00     0.199216E+00
  0.184419E+00     0.182378E+00     0.200957E+00     0.202311E+00     0.199792E+00
  0.245427E+00     0.215824E+00     0.300508E+00     0.356210E+00     0.276380E+00
  0.298980E+00     0.254193E+00     0.297577E+00     0.327148E+00     0.365396E+00
  0.308235E+00     0.339304E+00     0.364819E+00     0.367892E+00     0.431893E+00
  0.387325E+00     0.430175E+00     0.354903E+00     0.591555E+00     0.516611E+00
  0.597853E+00     0.465009E+00     0.688706E+00
 eigen energies, in ev
    -45.872538       -45.858267       -45.524775       -45.513136       -44.802755
    -28.814769       -28.451937       -28.425682       -28.374808       -28.064218
    -27.950556       -27.907232       -27.901867       -27.823258       -27.789995
    -27.714523       -27.703571       -27.671842       -27.659897       -27.620806
    -27.588593       -27.524012       -27.514944       -27.484419       -27.441962
    -27.436679       -27.431491       -27.419432       -27.419154       -27.357152
    -27.340484       -27.312528       -27.280348       -27.274965       -27.268315
    -27.221385       -27.209050       -27.204510       -27.185830       -27.147497
    -27.139805       -27.121307       -27.104111       -27.101853       -27.078875
    -27.070841       -27.058651       -27.048711       -27.040005       -27.026171
    -27.012199       -27.006457       -26.983997       -26.959292       -26.948291
    -26.853879       -26.844767       -26.830572       -26.807318       -26.806008
    -26.800318       -26.682397       -26.661692       -26.647374       -26.637915
    -26.628646       -26.609699       -26.600318       -26.557690       -26.465587
    -26.401260       -26.374404       -26.357965       -26.350998       -26.337890
    -26.288178       -26.262265       -26.262196       -26.200944       -26.131207
    -26.014753       -25.949129       -25.937720       -25.925162       -25.889306
    -25.880843       -25.862134       -25.763744       -25.725706       -25.690697
    -25.688803       -25.687144       -25.649966       -25.636464       -25.612088
    -25.609778       -25.595184       -25.585933       -25.585854       -25.529134
    -25.523022       -25.477309       -25.473862       -25.470504       -25.446526
    -25.425360       -25.403934       -25.401226       -25.398414       -25.389735
    -25.386326       -25.378474       -25.360884       -25.340128       -25.308943
    -25.287767       -25.237497       -25.234587       -25.226236       -25.211385
    -25.197215       -25.177043       -25.137620       -25.129138       -25.094964
    -25.059035       -25.034165       -25.024704       -25.001206       -24.985848
    -24.906640       -24.855418       -24.843310       -24.834959       -24.793271
    -24.749032       -24.723362       -24.679500       -24.250480       -24.213101
    -24.187577       -24.153702       -24.055730       -24.052508       -23.947147
    -23.879635       -23.870402       -23.824743       -23.800169       -23.739988
    -23.672489       -23.544072       -23.288587       -23.281359       -23.259122
    -23.235617       -23.177808       -22.959959       -22.797503       -22.784183
    -22.745861       -22.680424       -22.649746       -22.615650       -22.600645
    -22.545916       -22.525587       -22.479893       -22.463653       -22.398872
    -22.231487       -22.219930       -22.176812       -22.155366       -22.141584
    -22.098867       -22.044228       -22.009968       -21.927239       -21.912998
    -21.785541       -21.748918       -21.661185       -21.651277       -21.643924
    -21.490568       -21.400883       -21.395214       -21.041011       -21.011926
    -19.306352       -19.141779       -18.807603       -18.742352       -18.645292
    -16.248062       -16.149916       -15.979179       -15.830649       -15.808832
    -15.791270       -15.674999       -15.672391       -15.653561       -15.640247
    -15.617734       -15.598907       -15.591501       -15.585925       -15.572509
    -15.549839       -15.531427       -15.495543       -15.480512       -15.431957
    -15.353051       -15.261060       -15.227851       -15.115293       -15.021511
    -14.772972       -14.587217       -14.577021       -14.530651       -14.505972
    -14.459802       -14.444300       -14.376373       -14.351086       -14.332486
    -14.286173       -14.250675       -14.232037       -14.187664       -14.165864
    -14.159253       -14.136487       -14.102778       -14.099392       -14.082531
    -14.080355       -14.025999       -13.937465       -13.889148       -13.870831
    -13.795061       -13.791783       -13.782457       -13.769540       -13.711751
    -13.642050       -13.594311       -13.379589       -13.225157       -13.052839
    -13.032264       -13.019042       -12.997163       -12.916462       -12.887370
    -12.854753       -12.795481       -12.743671       -12.724746       -12.582754
    -12.198593       -12.157497       -12.136981       -12.082266       -12.067016
    -12.005588       -11.943833       -11.905306       -11.805299       -11.776378
    -11.736662       -11.673935       -11.667121       -11.654636       -11.638667
    -11.635844       -11.609764       -11.601729       -11.561709       -11.542622
    -11.525510       -11.517307       -11.507341       -11.465604       -11.456291
    -11.375392       -11.373409       -11.366987       -11.322228       -11.237329
    -11.223775       -11.215221       -11.198042       -11.182695       -11.167920
    -11.108511       -11.054510       -11.045629       -11.029318       -10.969411
    -10.943551       -10.889460       -10.880998       -10.858133       -10.751934
    -10.711689       -10.705310       -10.665603       -10.648100       -10.514303
    -10.493863       -10.425816       -10.370647       -10.338548       -10.280524
    -10.248234       -10.224696       -10.211331       -10.208963       -10.184984
    -10.173388       -10.153789       -10.146733       -10.141083       -10.113620
    -10.107211       -10.099078       -10.085716       -10.082329       -10.051616
    -10.047045       -10.042695       -10.039795       -10.036694       -10.018111
     -9.984992        -9.976859        -9.953763        -9.952354        -9.935229
     -9.931762        -9.899606        -9.896120        -9.869026        -9.864565
     -9.855800        -9.839607        -9.838095        -9.824928        -9.820704
     -9.813244        -9.805843        -9.797750        -9.792448        -9.784284
     -9.778533        -9.759439        -9.736322        -9.709361        -9.700501
     -9.691015        -9.680110        -9.670999        -9.664134        -9.651864
     -9.631944        -9.622461        -9.586042        -9.584827        -9.575221
     -9.573860        -9.565461        -9.558554        -9.548985        -9.537454
     -9.532391        -9.527042        -9.517890        -9.498788        -9.490087
     -9.451413        -9.412872        -9.380799        -9.376786        -9.372352
     -9.364267        -9.353364        -9.325084        -9.307388        -9.277325
     -9.264399        -9.253296        -9.243412        -9.234308        -9.230710
     -9.217844        -9.209224        -9.204154        -9.198614        -9.189823
     -9.172111        -9.157941        -9.142721        -9.117254        -9.113029
     -9.075562        -9.067322        -9.065493        -9.039453        -9.033274
     -9.022363        -9.016105        -8.995771        -8.981750        -8.972173
     -8.964622        -8.951984        -8.949307        -8.932947        -8.922103
     -8.914164        -8.903140        -8.891291        -8.880919        -8.874902
     -8.868004        -8.855751        -8.839335        -8.834705        -8.828925
     -8.825663        -8.812037        -8.796925        -8.787440        -8.781226
     -8.754138        -8.747854        -8.741881        -8.730968        -8.720233
     -8.704524        -8.692659        -8.634621        -8.629180        -8.621433
     -8.600097        -8.596011        -8.582024        -8.571812        -8.555113
     -8.544879        -8.530615        -8.514976        -8.509193        -8.507117
     -8.499504        -8.487345        -8.485881        -8.474309        -8.465501
     -8.460059        -8.446382        -8.443090        -8.437300        -8.414379
     -8.394151        -8.371445        -8.369151        -8.356069        -8.349792
     -8.334101        -8.316730        -8.312783        -8.304959        -8.285867
     -8.281854        -8.272748        -8.226875        -8.217902        -8.207546
     -8.174268        -8.166244        -8.158607        -8.151752        -8.144421
     -8.112976        -8.094445        -8.090282        -8.078244        -8.073074
     -8.008864        -7.999508        -7.986226        -7.966215        -7.951211
     -7.945884        -7.931600        -7.923638        -7.908354        -7.894485
     -7.883300        -7.878311        -7.835440        -7.825894        -7.822821
     -7.816882        -7.788334        -7.780868        -7.769661        -7.764162
     -7.753663        -7.738324        -7.728068        -7.701927        -7.684849
     -7.658708        -7.637737        -7.568077        -7.563243        -7.485894
     -7.473130        -7.464903        -7.459289        -7.397769        -7.393807
     -7.305291        -7.293011        -7.253890        -7.244985        -7.220666
     -7.206492        -7.202362        -7.190922        -7.182166        -7.167546
     -7.130514        -7.068460        -7.047622        -7.010978        -6.987341
     -6.975285        -6.958450        -6.934599        -6.927498        -6.903435
     -6.890063        -6.860270        -6.802225        -6.782548        -6.763821
     -6.758587        -6.749606        -6.747707        -6.735641        -6.727392
     -6.705532        -6.695932        -6.694478        -6.686482        -6.656158
     -6.653431        -6.622903        -6.608008        -6.589586        -6.579354
     -6.567290        -6.556440        -6.546766        -6.523479        -6.484011
     -6.480915        -6.469184        -6.431551        -6.421579        -6.410653
     -6.384781        -6.376387        -6.366749        -6.349027        -6.326750
     -6.325829        -6.309912        -6.295970        -6.283898        -6.281660
     -6.273898        -6.260353        -6.258083        -6.253112        -6.243966
     -6.231555        -6.227097        -6.216854        -6.214231        -6.197616
     -6.194800        -6.186247        -6.178809        -6.170542        -6.161962
     -6.152991        -6.140745        -6.122213        -6.114713        -6.107960
     -6.090383        -6.080554        -6.061609        -6.053961        -6.050465
     -6.034925        -6.019772        -6.006716        -5.999218        -5.958652
     -5.942191        -5.936952        -5.926918        -5.917618        -5.898652
     -5.889225        -5.880213        -5.869043        -5.862022        -5.859535
     -5.852676        -5.839089        -5.836048        -5.827116        -5.813443
     -5.803043        -5.795551        -5.794953        -5.788526        -5.780876
     -5.770521        -5.766639        -5.765505        -5.762314        -5.749134
     -5.744781        -5.734618        -5.731751        -5.724168        -5.708867
     -5.704276        -5.701674        -5.699394        -5.684453        -5.681580
     -5.666912        -5.664148        -5.654250        -5.647368        -5.643120
     -5.639790        -5.624875        -5.615480        -5.606307        -5.602024
     -5.588041        -5.584787        -5.582916        -5.566749        -5.558144
     -5.547505        -5.544713        -5.530549        -5.525162        -5.508961
     -5.495959        -5.488808        -5.485286        -5.476512        -5.473701
     -5.471061        -5.456886        -5.456487        -5.448965        -5.442253
     -5.428994        -5.418566        -5.410352        -5.401408        -5.398763
     -5.393810        -5.387587        -5.383138        -5.375881        -5.374297
     -5.367051        -5.359097        -5.357754        -5.349648        -5.346074
     -5.338724        -5.333220        -5.329513        -5.320762        -5.319990
     -5.310596        -5.308411        -5.299741        -5.295853        -5.290578
     -5.285629        -5.282154        -5.272919        -5.272707        -5.265913
     -5.263539        -5.258649        -5.250909        -5.240371        -5.233664
     -5.221739        -5.215675        -5.211688        -5.207350        -5.193952
     -5.182287        -5.172713        -5.165962        -5.156844        -5.148995
     -5.143465        -5.130215        -5.116215        -5.111895        -5.105956
     -5.101147        -5.098260        -5.093068        -5.090497        -5.085429
     -5.071371        -5.065696        -5.056758        -5.053151        -5.045010
     -5.033095        -5.029938        -5.024763        -5.018270        -5.015853
     -5.013957        -5.008419        -5.004308        -5.001290        -4.996894
     -4.984737        -4.976732        -4.973613        -4.970181        -4.966797
     -4.957761        -4.947998        -4.945208        -4.938115        -4.931683
     -4.927594        -4.914935        -4.912511        -4.906380        -4.900557
     -4.891928        -4.889227        -4.878479        -4.870000        -4.867385
     -4.853743        -4.852081        -4.850034        -4.840122        -4.835488
     -4.827620        -4.823869        -4.813284        -4.810979        -4.800113
     -4.796029        -4.791344        -4.780015        -4.776015        -4.767893
     -4.762483        -4.755635        -4.745625        -4.737302        -4.735570
     -4.726515        -4.719358        -4.715609        -4.707587        -4.695423
     -4.683834        -4.680195        -4.677231        -4.664509        -4.663458
     -4.654510        -4.645688        -4.641119        -4.629757        -4.624878
     -4.623549        -4.622217        -4.619624        -4.615428        -4.608041
     -4.601357        -4.594296        -4.591678        -4.591255        -4.581530
     -4.573237        -4.566185        -4.555395        -4.549464        -4.542937
     -4.536551        -4.527747        -4.522183        -4.512676        -4.503878
     -4.493490        -4.482240        -4.478242        -4.466257        -4.459504
     -4.455728        -4.436467        -4.435685        -4.435082        -4.429913
     -4.412176        -4.406588        -4.392650        -4.389769        -4.386786
     -4.376021        -4.371787        -4.363534        -4.354409        -4.352898
     -4.343718        -4.331880        -4.330395        -4.322789        -4.316914
     -4.310115        -4.294129        -4.289151        -4.280453        -4.272472
     -4.268114        -4.237887        -4.212846        -4.207656        -4.197708
     -4.183776        -4.157806        -4.144770        -4.131203        -4.104664
     -4.089097        -4.079124        -4.076739        -4.068846        -4.066873
     -4.046854        -4.042683        -4.030955        -4.019207        -3.984376
     -3.962712        -3.936224        -3.888118        -3.880779        -3.865348
     -3.843391        -3.820098        -3.791391        -3.764020        -3.754465
     -3.724482        -3.718247        -3.705826        -3.681808        -3.608605
     -3.574789        -3.562851        -3.550189        -3.526244        -3.515778
     -3.471661        -3.449618        -3.441176        -3.429484        -3.401215
     -3.395394        -3.377779        -3.377428        -3.358091        -3.348252
     -3.343231        -3.297750        -3.292727        -3.284467        -3.278375
     -3.265612        -3.244733        -3.240836        -3.238346        -3.231947
     -3.212147        -3.190961        -3.176612        -3.173002        -3.152551
     -3.141355        -3.117987        -3.103143        -3.077084        -3.074192
     -3.063615        -3.041737        -3.034159        -3.012101        -2.994413
     -2.984139        -2.981849        -2.972583        -2.968000        -2.959160
     -2.933994        -2.918860        -2.912485        -2.908816        -2.902280
     -2.894553        -2.889182        -2.877485        -2.839379        -2.831124
     -2.800226        -2.786574        -2.777741        -2.766925        -2.740982
     -2.689842        -2.687581        -2.681996        -2.666331        -2.602588
     -2.572313        -2.553187        -2.532465        -2.512774        -2.445564
     -2.442082        -2.436179        -2.403555        -2.396351        -2.333649
      1.582643         2.144463         2.215447         2.287853         2.310669
      2.379266         2.392234         2.530296         2.563090         2.639743
      2.707879         2.797268         2.900028         3.008757         3.134497
      3.262891         3.315497         3.370905         3.384919         3.436397
      3.450793         3.460061         3.500032         3.535309         3.563652
      3.648038         3.720081         3.736809         3.771364         3.829364
      3.858748         3.884026         3.924805         3.944647         3.983549
      3.989606         4.023374         4.031319         4.072856         4.124538
      4.137320         4.169593         4.181642         4.207315         4.218655
      4.246702         4.282524         4.339500         4.351857         4.364204
      4.401738         4.424783         4.439471         4.458878         4.480974
      4.544243         4.590749         4.665701
 *********************************
 sum eigen(dbl occ, ryd)=  -1541.25618452274     
 *********************************
 Ef(eV)=  0.679452718419896     
 ***************************************************
 iter=          12
 ---------------------------------------------------
 dvE, dvE(n)-dvE(n-1) = 0.1281E-04 0.2889E-05
 dv_ave, drho_tot     = 0.3579E-02 0.3733E-02
 err of ug            = 0.3039E-03
 ---------------------------------------------------
 Ewald        = -.41876607880374E+05
 Alpha        = 0.15207970391171E+04
 E_extV       = 0.00000000000000E+00    0.0000E+00
 E_NSC        = -.21387705625637E+05    0.3849E+02
 E[-rho*V_Hxc]= -.12249531502568E+06    -.3796E+02
 E_Hxc        = 0.51326894065142E+05    0.3079E+02
 -TS          = -.37989435570449E-15    0.5345E-09
 E_tot(eV)    = -.13291193742744E+06    0.5303E+00
 ---------------------------------------------------
 E_ion,E_coul,E_xc =   -223223.3168722   80111.1795034  -28784.2854383
Ewald+Hart+ion    -0.1849887452492E+06
 ave(vtot)=ave_(V_xc)=: v0= -0.284580026577324     
 Eigen energies are values after setting ave_vtot=0
 ----------------------------------
 One SCF use:    85.9563570022583       s
 *********************************
 ****** kpt=           1
 err of each states, eV
  0.983327E-02     0.658747E-02     0.907602E-02     0.999897E-02     0.989286E-02
  0.305932E-02     0.527794E-02     0.268017E-02     0.402104E-02     0.352388E-02
  0.384881E-02     0.460361E-02     0.411912E-02     0.471152E-02     0.188889E-02
  0.426227E-02     0.218929E-02     0.338557E-02     0.285364E-02     0.338027E-02
  0.334569E-02     0.308340E-02     0.256023E-02     0.352193E-02     0.207541E-02
  0.357829E-02     0.204992E-02     0.260536E-02     0.233976E-02     0.305738E-02
  0.251470E-02     0.230745E-02     0.303577E-02     0.306322E-02     0.344938E-02
  0.158463E-02     0.231730E-02     0.171667E-02     0.278100E-02     0.398667E-02
  0.243322E-02     0.264358E-02     0.234891E-02     0.215935E-02     0.110797E-02
  0.401995E-02     0.221583E-02     0.368774E-02     0.146048E-02     0.230814E-02
  0.241735E-02     0.260931E-02     0.309262E-02     0.300913E-02     0.223952E-02
  0.299975E-02     0.175883E-02     0.158236E-02     0.309122E-02     0.171804E-02
  0.152192E-02     0.295857E-02     0.153163E-02     0.150255E-02     0.293274E-02
  0.263033E-02     0.146302E-02     0.176106E-02     0.249166E-02     0.114669E-02
  0.246966E-02     0.108317E-02     0.333657E-02     0.235320E-02     0.146849E-02
  0.321756E-02     0.143673E-02     0.123767E-02     0.177187E-02     0.131421E-02
  0.231834E-02     0.346114E-02     0.276728E-02     0.405891E-02     0.124639E-02
  0.163934E-02     0.249596E-02     0.298699E-02     0.207421E-02     0.222560E-02
  0.112085E-02     0.195827E-02     0.126672E-02     0.101578E-02     0.157194E-02
  0.147646E-02     0.219033E-02     0.100349E-02     0.277788E-02     0.207306E-02
  0.165116E-02     0.253465E-02     0.136483E-02     0.130678E-02     0.147705E-02
  0.156622E-02     0.105160E-02     0.929722E-03     0.149126E-02     0.131533E-02
  0.124972E-02     0.161186E-02     0.245069E-02     0.195081E-02     0.168907E-02
  0.141687E-02     0.118650E-02     0.957166E-03     0.135672E-02     0.157050E-02
  0.106590E-02     0.140057E-02     0.283479E-02     0.296809E-02     0.132009E-02
  0.136887E-02     0.134968E-02     0.949188E-03     0.179910E-02     0.102034E-02
  0.132827E-02     0.209098E-02     0.128448E-02     0.216330E-02     0.128191E-02
  0.123279E-02     0.295886E-02     0.270357E-02     0.215993E-02     0.241881E-02
  0.229673E-02     0.210427E-02     0.268159E-02     0.200767E-02     0.260494E-02
  0.239533E-02     0.250933E-02     0.224286E-02     0.232476E-02     0.262828E-02
  0.213260E-02     0.196084E-02     0.383345E-02     0.228855E-02     0.223461E-02
  0.204128E-02     0.362198E-02     0.245460E-02     0.313539E-02     0.365781E-02
  0.305172E-02     0.352645E-02     0.324545E-02     0.307856E-02     0.308222E-02
  0.284624E-02     0.304019E-02     0.297037E-02     0.318630E-02     0.286832E-02
  0.298804E-02     0.337795E-02     0.440907E-02     0.241831E-02     0.230477E-02
  0.187937E-02     0.232227E-02     0.239284E-02     0.274293E-02     0.231880E-02
  0.262691E-02     0.255756E-02     0.237989E-02     0.224161E-02     0.188951E-02
  0.280132E-02     0.233150E-02     0.203818E-02     0.230420E-02     0.262733E-02
  0.371836E-02     0.347886E-02     0.315144E-02     0.381661E-02     0.298727E-02
  0.359658E-02     0.412777E-02     0.380656E-02     0.297262E-02     0.272988E-02
  0.294439E-02     0.377090E-02     0.346431E-02     0.306859E-02     0.332503E-02
  0.342863E-02     0.316009E-02     0.321222E-02     0.381501E-02     0.383807E-02
  0.409266E-02     0.389477E-02     0.455179E-02     0.395276E-02     0.257762E-02
  0.414388E-02     0.298137E-02     0.341401E-02     0.301666E-02     0.358365E-02
  0.320702E-02     0.256460E-02     0.268948E-02     0.319566E-02     0.291696E-02
  0.455509E-02     0.412508E-02     0.266053E-02     0.219744E-02     0.260364E-02
  0.246686E-02     0.345573E-02     0.376755E-02     0.268857E-02     0.396308E-02
  0.385303E-02     0.473191E-02     0.451480E-02     0.256552E-02     0.422748E-02
  0.224555E-02     0.381282E-02     0.461918E-02     0.417522E-02     0.220189E-02
  0.203937E-02     0.434329E-02     0.428519E-02     0.401235E-02     0.360706E-02
  0.465241E-02     0.394593E-02     0.291673E-02     0.319089E-02     0.317674E-02
  0.373719E-02     0.274462E-02     0.364774E-02     0.312909E-02     0.310816E-02
  0.313058E-02     0.239129E-02     0.306020E-02     0.231003E-02     0.258572E-02
  0.546778E-02     0.399449E-02     0.405433E-02     0.388355E-02     0.365607E-02
  0.491529E-02     0.427779E-02     0.454458E-02     0.531804E-02     0.444187E-02
  0.442597E-02     0.456169E-02     0.342320E-02     0.449736E-02     0.463692E-02
  0.439387E-02     0.326028E-02     0.367937E-02     0.383819E-02     0.449943E-02
  0.474276E-02     0.380468E-02     0.526720E-02     0.452410E-02     0.444472E-02
  0.464909E-02     0.419838E-02     0.330817E-02     0.454355E-02     0.496311E-02
  0.495539E-02     0.410632E-02     0.457053E-02     0.533095E-02     0.348361E-02
  0.462884E-02     0.402732E-02     0.363077E-02     0.404869E-02     0.434012E-02
  0.487558E-02     0.357091E-02     0.455660E-02     0.383105E-02     0.392216E-02
  0.392970E-02     0.615819E-02     0.412702E-02     0.423721E-02     0.688075E-02
  0.435553E-02     0.596939E-02     0.527680E-02     0.500415E-02     0.485739E-02
  0.487207E-02     0.657026E-02     0.407557E-02     0.341914E-02     0.468871E-02
  0.482639E-02     0.442118E-02     0.522284E-02     0.753938E-02     0.583710E-02
  0.615111E-02     0.663475E-02     0.510651E-02     0.589477E-02     0.575621E-02
  0.443697E-02     0.570008E-02     0.694682E-02     0.555470E-02     0.508282E-02
  0.513678E-02     0.523328E-02     0.505842E-02     0.512140E-02     0.480138E-02
  0.534918E-02     0.504912E-02     0.551543E-02     0.464122E-02     0.469464E-02
  0.534421E-02     0.455039E-02     0.432304E-02     0.437603E-02     0.465951E-02
  0.529110E-02     0.535534E-02     0.597421E-02     0.530383E-02     0.448835E-02
  0.469646E-02     0.466012E-02     0.576827E-02     0.532357E-02     0.552864E-02
  0.502299E-02     0.661509E-02     0.541933E-02     0.548858E-02     0.600299E-02
  0.451647E-02     0.431472E-02     0.503202E-02     0.526383E-02     0.498141E-02
  0.434913E-02     0.572573E-02     0.517933E-02     0.598423E-02     0.555219E-02
  0.459324E-02     0.446940E-02     0.626704E-02     0.597761E-02     0.608018E-02
  0.446203E-02     0.507854E-02     0.513216E-02     0.639360E-02     0.459761E-02
  0.428171E-02     0.495861E-02     0.627253E-02     0.482036E-02     0.527423E-02
  0.482282E-02     0.500191E-02     0.515410E-02     0.513312E-02     0.583395E-02
  0.669777E-02     0.662871E-02     0.392476E-02     0.503610E-02     0.549843E-02
  0.526241E-02     0.474932E-02     0.436091E-02     0.549077E-02     0.473263E-02
  0.798145E-02     0.521881E-02     0.445373E-02     0.604326E-02     0.589813E-02
  0.567093E-02     0.602126E-02     0.624654E-02     0.514144E-02     0.562884E-02
  0.570279E-02     0.511933E-02     0.520140E-02     0.629441E-02     0.581786E-02
  0.508373E-02     0.453148E-02     0.509690E-02     0.579397E-02     0.539612E-02
  0.507097E-02     0.470531E-02     0.515736E-02     0.545963E-02     0.439655E-02
  0.451002E-02     0.486931E-02     0.549239E-02     0.462589E-02     0.461073E-02
  0.584484E-02     0.525118E-02     0.659522E-02     0.517439E-02     0.593621E-02
  0.398089E-02     0.530847E-02     0.417893E-02     0.531448E-02     0.538735E-02
  0.561164E-02     0.590876E-02     0.583066E-02     0.416528E-02     0.491840E-02
  0.446240E-02     0.559032E-02     0.550814E-02     0.504533E-02     0.500211E-02
  0.484742E-02     0.471534E-02     0.486078E-02     0.580198E-02     0.501382E-02
  0.578078E-02     0.610379E-02     0.477208E-02     0.518204E-02     0.497268E-02
  0.633774E-02     0.602876E-02     0.569426E-02     0.555183E-02     0.508684E-02
  0.530494E-02     0.565835E-02     0.513551E-02     0.516368E-02     0.596318E-02
  0.550900E-02     0.570019E-02     0.593732E-02     0.558928E-02     0.851176E-02
  0.529799E-02     0.542660E-02     0.411874E-02     0.597309E-02     0.542638E-02
  0.563996E-02     0.529651E-02     0.595226E-02     0.533703E-02     0.534317E-02
  0.496757E-02     0.433891E-02     0.566244E-02     0.506627E-02     0.625190E-02
  0.600327E-02     0.588550E-02     0.606518E-02     0.554586E-02     0.504221E-02
  0.524047E-02     0.499996E-02     0.457699E-02     0.542604E-02     0.648689E-02
  0.489604E-02     0.480289E-02     0.524822E-02     0.613465E-02     0.444171E-02
  0.536594E-02     0.505791E-02     0.574294E-02     0.582985E-02     0.716753E-02
  0.588201E-02     0.519739E-02     0.527661E-02     0.518992E-02     0.484593E-02
  0.449292E-02     0.500623E-02     0.936475E-02     0.404281E-02     0.602356E-02
  0.502764E-02     0.540580E-02     0.379017E-02     0.522844E-02     0.500338E-02
  0.528062E-02     0.594930E-02     0.624262E-02     0.597656E-02     0.514593E-02
  0.507269E-02     0.503980E-02     0.693025E-02     0.447338E-02     0.579486E-02
  0.720580E-02     0.734097E-02     0.471860E-02     0.500161E-02     0.451507E-02
  0.422183E-02     0.562583E-02     0.720360E-02     0.605756E-02     0.632177E-02
  0.508277E-02     0.414771E-02     0.547845E-02     0.632789E-02     0.660898E-02
  0.589141E-02     0.564519E-02     0.409673E-02     0.530121E-02     0.431072E-02
  0.633135E-02     0.684714E-02     0.383664E-02     0.788583E-02     0.570022E-02
  0.664221E-02     0.652352E-02     0.658976E-02     0.487749E-02     0.507817E-02
  0.517533E-02     0.667760E-02     0.658162E-02     0.458965E-02     0.765975E-02
  0.523263E-02     0.547481E-02     0.434092E-02     0.463404E-02     0.523702E-02
  0.410957E-02     0.579982E-02     0.468421E-02     0.477404E-02     0.552444E-02
  0.482518E-02     0.446999E-02     0.587753E-02     0.478626E-02     0.590016E-02
  0.415162E-02     0.478717E-02     0.456333E-02     0.586551E-02     0.570405E-02
  0.478099E-02     0.598387E-02     0.449397E-02     0.498485E-02     0.681943E-02
  0.334540E-02     0.576188E-02     0.658329E-02     0.573396E-02     0.430406E-02
  0.454627E-02     0.659587E-02     0.502862E-02     0.519051E-02     0.530433E-02
  0.729415E-02     0.483645E-02     0.648819E-02     0.569784E-02     0.393164E-02
  0.512792E-02     0.554517E-02     0.436512E-02     0.478495E-02     0.591377E-02
  0.614589E-02     0.390007E-02     0.572348E-02     0.694926E-02     0.450815E-02
  0.460102E-02     0.420839E-02     0.653353E-02     0.380565E-02     0.413435E-02
  0.425588E-02     0.350974E-02     0.529485E-02     0.450925E-02     0.365296E-02
  0.427856E-02     0.395168E-02     0.435417E-02     0.435362E-02     0.394145E-02
  0.382746E-02     0.432382E-02     0.464837E-02     0.450244E-02     0.451461E-02
  0.565753E-02     0.569501E-02     0.488032E-02     0.573866E-02     0.514593E-02
  0.580836E-02     0.531714E-02     0.640235E-02     0.714055E-02     0.629976E-02
  0.488777E-02     0.450957E-02     0.649099E-02     0.490301E-02     0.523882E-02
  0.519085E-02     0.690769E-02     0.585787E-02     0.513952E-02     0.446995E-02
  0.557405E-02     0.679629E-02     0.421480E-02     0.634808E-02     0.461463E-02
  0.493442E-02     0.647141E-02     0.612096E-02     0.539069E-02     0.645242E-02
  0.598201E-02     0.486549E-02     0.475581E-02     0.540084E-02     0.525846E-02
  0.523981E-02     0.629688E-02     0.556116E-02     0.516114E-02     0.475855E-02
  0.463681E-02     0.581364E-02     0.481464E-02     0.569991E-02     0.491092E-02
  0.419409E-02     0.464243E-02     0.471570E-02     0.673798E-02     0.450720E-02
  0.483291E-02     0.540531E-02     0.617665E-02     0.480056E-02     0.565647E-02
  0.586743E-02     0.491012E-02     0.525071E-02     0.525659E-02     0.737126E-02
  0.512026E-02     0.458162E-02     0.570392E-02     0.575032E-02     0.525611E-02
  0.502207E-02     0.431574E-02     0.756719E-02     0.545062E-02     0.648811E-02
  0.593473E-02     0.579888E-02     0.628600E-02     0.565275E-02     0.593643E-02
  0.607793E-02     0.570375E-02     0.528217E-02     0.566107E-02     0.661967E-02
  0.497927E-02     0.468854E-02     0.517416E-02     0.546049E-02     0.667608E-02
  0.562577E-02     0.604407E-02     0.509003E-02     0.480599E-02     0.635005E-02
  0.550494E-02     0.558092E-02     0.565616E-02     0.571881E-02     0.595148E-02
  0.553367E-02     0.567232E-02     0.683753E-02     0.506887E-02     0.607897E-02
  0.562916E-02     0.535811E-02     0.551705E-02     0.549182E-02     0.487352E-02
  0.536201E-02     0.531513E-02     0.632197E-02     0.557693E-02     0.481930E-02
  0.487342E-02     0.562759E-02     0.761516E-02     0.789575E-02     0.721045E-02
  0.590344E-02     0.492348E-02     0.683038E-02     0.548239E-02     0.544912E-02
  0.662430E-02     0.570359E-02     0.545323E-02     0.585289E-02     0.484837E-02
  0.458976E-02     0.449383E-02     0.587420E-02     0.550475E-02     0.574472E-02
  0.582705E-02     0.520139E-02     0.612811E-02     0.632602E-02     0.753352E-02
  0.480375E-02     0.475259E-02     0.552417E-02     0.527672E-02     0.446348E-02
  0.563320E-02     0.589572E-02     0.643306E-02     0.582054E-02     0.646712E-02
  0.573694E-02     0.674101E-02     0.593301E-02     0.436632E-02     0.481077E-02
  0.533298E-02     0.550364E-02     0.618054E-02     0.596665E-02     0.583691E-02
  0.521428E-02     0.703900E-02     0.437645E-02     0.478700E-02     0.667625E-02
  0.715638E-02     0.540047E-02     0.779114E-02     0.517116E-02     0.677695E-02
  0.513753E-02     0.547371E-02     0.519819E-02     0.684956E-02     0.726535E-02
  0.540805E-02     0.596665E-02     0.651569E-02     0.534110E-02     0.584400E-02
  0.694420E-02     0.678571E-02     0.677032E-02     0.581959E-02     0.691547E-02
  0.569992E-02     0.786123E-02     0.737703E-02     0.658242E-02     0.786708E-02
  0.633214E-02     0.748782E-02     0.496312E-02     0.497911E-02     0.421393E-02
  0.742325E-02     0.529973E-02     0.615806E-02     0.500980E-02     0.514274E-02
  0.486977E-02     0.619143E-02     0.544028E-02     0.641402E-02     0.578830E-02
  0.724449E-02     0.324943E-02     0.441145E-02     0.504920E-02     0.309772E-02
  0.895364E-02     0.383561E-02     0.812428E-02     0.746382E-02     0.727340E-02
  0.781163E-02     0.596341E-02     0.753868E-02     0.788688E-02     0.801101E-02
  0.817344E-02     0.663587E-02     0.589242E-02     0.382532E-02     0.381359E-02
  0.669047E-02     0.601262E-02     0.699736E-02     0.881878E-02     0.734876E-02
  0.690568E-02     0.889272E-02     0.809762E-02     0.764027E-02     0.543430E-02
  0.933574E-02     0.761883E-02     0.612690E-02     0.777676E-02     0.766802E-02
  0.585551E-02     0.520524E-02     0.721896E-02     0.905504E-02     0.571448E-02
  0.106826E-01     0.813510E-02     0.918144E-02     0.839946E-02     0.921139E-02
  0.724805E-02     0.608848E-02     0.658210E-02     0.706286E-02     0.748423E-02
  0.570320E-02     0.788027E-02     0.812279E-02     0.619753E-02     0.867702E-02
  0.728191E-02     0.716866E-02     0.625539E-02     0.726236E-02     0.719316E-02
  0.717859E-02     0.677468E-02     0.685899E-02     0.804641E-02     0.660417E-02
  0.585009E-02     0.665869E-02     0.707709E-02     0.748410E-02     0.900775E-02
  0.586224E-02     0.691798E-02     0.806835E-02     0.874755E-02     0.747916E-02
  0.806583E-02     0.850800E-02     0.623669E-02     0.746666E-02     0.651039E-02
  0.868893E-02     0.673094E-02     0.709920E-02     0.766535E-02     0.722952E-02
  0.632075E-02     0.665187E-02     0.685176E-02     0.784132E-02     0.668949E-02
  0.848938E-02     0.726446E-02     0.813002E-02     0.775957E-02     0.764979E-02
  0.111430E-01     0.738838E-02     0.695254E-02     0.636126E-02     0.790235E-02
  0.730812E-02     0.873130E-02     0.678924E-02     0.562949E-02     0.984160E-02
  0.508567E-02     0.730216E-02     0.798559E-02     0.676927E-02     0.467632E-02
  0.406756E-02     0.808041E-02     0.885932E-02     0.657019E-02     0.432379E-02
  0.536771E-02     0.379391E-02     0.479151E-02     0.329562E-02     0.107467E-01
  0.205022E-01     0.250269E-01     0.200027E-01     0.276043E-01     0.321995E-01
  0.241839E-01     0.259162E-01     0.398540E-01     0.295004E-01     0.306172E-01
  0.313921E-01     0.481749E-01     0.587431E-01     0.748122E-01     0.682187E-01
  0.787824E-01     0.906740E-01     0.104342E+00     0.822854E-01     0.111711E+00
  0.116074E+00     0.141086E+00     0.153217E+00     0.117620E+00     0.148789E+00
  0.145915E+00     0.147940E+00     0.140622E+00     0.155138E+00     0.186722E+00
  0.217575E+00     0.211200E+00     0.253680E+00     0.196295E+00     0.243346E+00
  0.212471E+00     0.270942E+00     0.263387E+00     0.300451E+00     0.298239E+00
  0.281274E+00     0.357766E+00     0.273464E+00     0.347119E+00     0.336561E+00
  0.355752E+00     0.308274E+00     0.410383E+00     0.393924E+00     0.352727E+00
  0.441546E+00     0.461206E+00     0.527403E+00     0.445919E+00     0.529785E+00
  0.543149E+00     0.559485E+00     0.771264E+00
 eigen energies, in ev
    -45.537827       -45.516816       -45.266869       -45.219356       -44.480847
    -28.732651       -28.499302       -28.425108       -28.397610       -28.121356
    -28.039703       -27.950019       -27.919301       -27.860011       -27.835353
    -27.765013       -27.754294       -27.744117       -27.673469       -27.644929
    -27.619335       -27.588504       -27.562007       -27.498266       -27.492621
    -27.472589       -27.455271       -27.424332       -27.403237       -27.389543
    -27.388466       -27.368646       -27.356377       -27.316419       -27.313735
    -27.304817       -27.263437       -27.257167       -27.196775       -27.176271
    -27.160827       -27.157631       -27.154435       -27.150002       -27.141749
    -27.123004       -27.103728       -27.098115       -27.054586       -27.049600
    -27.036787       -27.034358       -27.016773       -26.987904       -26.948516
    -26.920038       -26.909802       -26.894872       -26.865730       -26.851342
    -26.833004       -26.717236       -26.714195       -26.699539       -26.687760
    -26.648046       -26.633769       -26.624412       -26.594810       -26.537283
    -26.433185       -26.411576       -26.409610       -26.401989       -26.395607
    -26.356884       -26.344959       -26.235026       -26.216653       -26.167832
    -26.052513       -26.042029       -25.998936       -25.995912       -25.971226
    -25.952237       -25.911135       -25.825715       -25.806269       -25.764972
    -25.728015       -25.722499       -25.706360       -25.705457       -25.695610
    -25.646524       -25.642080       -25.637047       -25.631385       -25.594444
    -25.541190       -25.534924       -25.525131       -25.508282       -25.499744
    -25.484180       -25.479014       -25.472657       -25.469003       -25.441589
    -25.432625       -25.419026       -25.413082       -25.353994       -25.344055
    -25.323925       -25.305561       -25.281374       -25.255688       -25.240764
    -25.234664       -25.222120       -25.180796       -25.156031       -25.145346
    -25.090950       -25.060345       -25.049612       -25.020432       -24.942044
    -24.910352       -24.885332       -24.846565       -24.780926       -24.779216
    -24.708607       -24.693769       -24.633721       -24.121948       -24.074650
    -24.007842       -23.974026       -23.948938       -23.832950       -23.739003
    -23.735208       -23.721947       -23.687150       -23.677095       -23.596852
    -23.479293       -23.460305       -23.348346       -23.230967       -23.185320
    -23.092478       -23.017651       -22.930351       -22.861610       -22.849209
    -22.817281       -22.702383       -22.674967       -22.646286       -22.544921
    -22.526594       -22.509515       -22.494866       -22.438645       -22.388248
    -22.253381       -22.209933       -22.161900       -21.997432       -21.963605
    -21.906524       -21.905488       -21.858266       -21.705516       -21.699616
    -21.695773       -21.575178       -21.556905       -21.478228       -21.445604
    -21.425089       -21.328568       -21.195979       -20.989121       -20.975627
    -19.188889       -19.045985       -18.769291       -18.649783       -18.583976
    -16.212099       -16.029038       -15.987841       -15.914915       -15.857154
    -15.847045       -15.733324       -15.705029       -15.660272       -15.622596
    -15.567349       -15.539086       -15.463918       -15.458078       -15.448652
    -15.435103       -15.410075       -15.382475       -15.363527       -15.302262
    -15.286774       -15.284232       -15.143179       -15.068128       -14.929130
    -14.843247       -14.663803       -14.566405       -14.512935       -14.455005
    -14.424693       -14.355641       -14.313256       -14.296865       -14.230737
    -14.219596       -14.202984       -14.199854       -14.167380       -14.157954
    -14.154688       -14.097161       -14.017415       -13.995636       -13.943788
    -13.926474       -13.909184       -13.888890       -13.832565       -13.821101
    -13.765386       -13.755562       -13.722600       -13.710997       -13.702760
    -13.699803       -13.627242       -13.428070       -13.290880       -13.105968
    -13.097895       -13.067389       -13.005024       -12.971622       -12.953809
    -12.927185       -12.854354       -12.775196       -12.770765       -12.630255
    -12.183518       -12.151626       -12.130471       -12.020904       -11.988723
    -11.889505       -11.877846       -11.842104       -11.821868       -11.789749
    -11.732010       -11.696637       -11.687066       -11.666218       -11.635967
    -11.600748       -11.584485       -11.560382       -11.519590       -11.514791
    -11.510630       -11.491103       -11.484888       -11.418393       -11.404536
    -11.369527       -11.343690       -11.280819       -11.242611       -11.240963
    -11.223092       -11.172800       -11.126275       -11.120157       -11.103742
    -11.089522       -11.073081       -11.065563       -11.037852       -10.969647
    -10.967909       -10.948139       -10.932416       -10.920511       -10.797016
    -10.751482       -10.728456       -10.684754       -10.531968       -10.498041
    -10.454559       -10.431704       -10.397596       -10.389860       -10.314225
    -10.277475       -10.219362       -10.209274       -10.200795       -10.181734
    -10.152163       -10.148516       -10.131642       -10.114685       -10.109604
    -10.099423       -10.089179       -10.063766       -10.048728       -10.041341
    -10.020688       -10.005512        -9.998850        -9.995493        -9.974050
     -9.957445        -9.945334        -9.941466        -9.940120        -9.929907
     -9.918204        -9.906761        -9.902310        -9.893393        -9.889948
     -9.881313        -9.879510        -9.870497        -9.868574        -9.852451
     -9.837269        -9.811903        -9.800483        -9.788197        -9.762753
     -9.751039        -9.740151        -9.730323        -9.719877        -9.716764
     -9.708266        -9.693093        -9.682701        -9.668324        -9.651712
     -9.639721        -9.636644        -9.627750        -9.626106        -9.620309
     -9.606571        -9.598289        -9.581362        -9.575778        -9.559519
     -9.549753        -9.532641        -9.474094        -9.456062        -9.451133
     -9.433951        -9.421548        -9.419392        -9.389557        -9.378792
     -9.371126        -9.370342        -9.342736        -9.326971        -9.325650
     -9.309294        -9.304162        -9.294545        -9.285165        -9.270164
     -9.254783        -9.247355        -9.236318        -9.220256        -9.198316
     -9.179157        -9.154263        -9.132960        -9.115048        -9.099177
     -9.092819        -9.078960        -9.066624        -9.045603        -9.042041
     -9.033349        -9.025955        -9.016737        -9.010804        -9.006432
     -8.994421        -8.968041        -8.955343        -8.953990        -8.950676
     -8.936360        -8.929248        -8.923798        -8.912327        -8.907032
     -8.903426        -8.886940        -8.881012        -8.856377        -8.845682
     -8.839828        -8.832996        -8.806410        -8.776760        -8.771308
     -8.752084        -8.747005        -8.730484        -8.665002        -8.643507
     -8.636871        -8.616610        -8.603150        -8.587100        -8.584107
     -8.577545        -8.566459        -8.563293        -8.554290        -8.550329
     -8.540805        -8.537549        -8.532207        -8.516071        -8.503212
     -8.496391        -8.490646        -8.482340        -8.465001        -8.453747
     -8.451742        -8.406160        -8.398442        -8.371444        -8.357836
     -8.335892        -8.322498        -8.300109        -8.295936        -8.278215
     -8.264395        -8.255808        -8.234897        -8.225776        -8.211027
     -8.206018        -8.203946        -8.189473        -8.186272        -8.174818
     -8.171823        -8.156591        -8.142959        -8.122177        -8.118795
     -8.103097        -8.080303        -8.057774        -8.043711        -8.037671
     -8.026039        -8.000603        -7.991248        -7.940251        -7.919550
     -7.905691        -7.885471        -7.878498        -7.869368        -7.868475
     -7.812162        -7.803402        -7.793273        -7.789881        -7.766312
     -7.754969        -7.749870        -7.712000        -7.699689        -7.689823
     -7.681944        -7.677596        -7.638194        -7.627368        -7.622868
     -7.584765        -7.566420        -7.528071        -7.524892        -7.497601
     -7.435255        -7.405450        -7.355662        -7.321728        -7.285423
     -7.277186        -7.264636        -7.243990        -7.203291        -7.200121
     -7.176302        -7.144494        -7.120993        -7.106971        -7.103327
     -7.042265        -7.021205        -7.004659        -6.958997        -6.903526
     -6.889957        -6.876951        -6.855340        -6.851263        -6.842710
     -6.826097        -6.816914        -6.800196        -6.799433        -6.770335
     -6.752539        -6.745904        -6.727914        -6.701228        -6.691700
     -6.670199        -6.649275        -6.647715        -6.644387        -6.626019
     -6.613279        -6.602141        -6.587872        -6.584464        -6.567649
     -6.557391        -6.538253        -6.486964        -6.467710        -6.463652
     -6.452464        -6.436467        -6.416253        -6.392035        -6.373586
     -6.359952        -6.348574        -6.344204        -6.332864        -6.320085
     -6.317697        -6.307302        -6.301971        -6.296241        -6.288492
     -6.283937        -6.272875        -6.269524        -6.258507        -6.252479
     -6.247485        -6.240153        -6.232081        -6.218852        -6.216544
     -6.205452        -6.200863        -6.171857        -6.167637        -6.160519
     -6.141808        -6.123191        -6.097011        -6.086346        -6.075041
     -6.070967        -6.061895        -6.042679        -6.026020        -6.014464
     -6.013764        -6.003442        -5.990741        -5.977224        -5.956895
     -5.946367        -5.930707        -5.919900        -5.918180        -5.910806
     -5.899210        -5.896628        -5.893041        -5.886173        -5.881939
     -5.863615        -5.853617        -5.846108        -5.840302        -5.831304
     -5.822569        -5.820672        -5.802340        -5.793452        -5.786738
     -5.780239        -5.772536        -5.768219        -5.762180        -5.755349
     -5.748497        -5.743533        -5.730304        -5.709400        -5.703107
     -5.695035        -5.683150        -5.672221        -5.657842        -5.654571
     -5.645286        -5.635308        -5.631617        -5.630172        -5.623681
     -5.612453        -5.606090        -5.602764        -5.591838        -5.587825
     -5.578688        -5.572444        -5.556322        -5.552888        -5.537550
     -5.527470        -5.519163        -5.508880        -5.501165        -5.498833
     -5.488663        -5.481080        -5.474287        -5.466265        -5.461991
     -5.449156        -5.443407        -5.437209        -5.432231        -5.429588
     -5.427658        -5.422617        -5.419791        -5.415215        -5.406357
     -5.395566        -5.393316        -5.381465        -5.378034        -5.367743
     -5.363842        -5.361178        -5.354373        -5.348145        -5.344330
     -5.334818        -5.327248        -5.323129        -5.317892        -5.311222
     -5.308175        -5.301956        -5.291126        -5.290392        -5.288584
     -5.278878        -5.272235        -5.261193        -5.257616        -5.250801
     -5.237855        -5.234852        -5.225123        -5.218140        -5.206052
     -5.204431        -5.194873        -5.186558        -5.177116        -5.167435
     -5.166465        -5.162754        -5.153666        -5.148426        -5.140974
     -5.137666        -5.131989        -5.122882        -5.119734        -5.116607
     -5.107417        -5.101108        -5.095833        -5.089724        -5.080464
     -5.071846        -5.068918        -5.065988        -5.054023        -5.042622
     -5.036583        -5.031197        -5.027684        -5.022534        -5.018436
     -5.014032        -5.009354        -5.007364        -5.002609        -4.990112
     -4.980142        -4.977375        -4.974766        -4.969127        -4.962758
     -4.954500        -4.946256        -4.945453        -4.936652        -4.934428
     -4.924217        -4.915350        -4.909521        -4.905541        -4.893728
     -4.891178        -4.888713        -4.879420        -4.872276        -4.866598
     -4.856086        -4.853664        -4.852313        -4.850787        -4.846964
     -4.839933        -4.834930        -4.819439        -4.816130        -4.813490
     -4.793501        -4.782638        -4.764577        -4.756955        -4.751700
     -4.750870        -4.738816        -4.733489        -4.730809        -4.719945
     -4.715891        -4.710282        -4.705135        -4.703423        -4.691705
     -4.688485        -4.679693        -4.678946        -4.667069        -4.661870
     -4.651432        -4.647199        -4.638939        -4.632123        -4.626918
     -4.608661        -4.596530        -4.590601        -4.585788        -4.582183
     -4.577678        -4.571265        -4.560165        -4.550001        -4.544098
     -4.541463        -4.529207        -4.522614        -4.514566        -4.512953
     -4.508883        -4.506240        -4.499954        -4.488581        -4.488082
     -4.480455        -4.480034        -4.469485        -4.466085        -4.456943
     -4.453296        -4.441839        -4.431943        -4.422790        -4.414375
     -4.404214        -4.390984        -4.384297        -4.382864        -4.375462
     -4.366592        -4.357209        -4.352111        -4.349557        -4.342971
     -4.324656        -4.317530        -4.311691        -4.294275        -4.280020
     -4.258753        -4.254143        -4.241820        -4.218619        -4.208475
     -4.205222        -4.196156        -4.176228        -4.167105        -4.153395
     -4.149981        -4.141332        -4.129124        -4.105682        -4.089737
     -4.036358        -4.029710        -4.016134        -3.996488        -3.993136
     -3.967890        -3.942843        -3.935065        -3.927949        -3.915726
     -3.872881        -3.861244        -3.856727        -3.840947        -3.833486
     -3.816422        -3.805386        -3.798228        -3.762402        -3.754303
     -3.738529        -3.711207        -3.659721        -3.607435        -3.605651
     -3.585084        -3.521929        -3.473251        -3.464512        -3.429035
     -3.423211        -3.411280        -3.393707        -3.386107        -3.377872
     -3.361390        -3.336624        -3.330277        -3.320596        -3.313592
     -3.288286        -3.283289        -3.281974        -3.257507        -3.229791
     -3.218652        -3.205466        -3.170262        -3.135967        -3.132034
     -3.121702        -3.094953        -3.086277        -3.083854        -3.058032
     -3.049556        -3.046438        -3.039812        -3.032411        -3.031354
     -3.018649        -3.008915        -3.003218        -2.985100        -2.980168
     -2.969225        -2.958893        -2.954444        -2.945697        -2.944172
     -2.935336        -2.902114        -2.900042        -2.897473        -2.889150
     -2.852898        -2.849033        -2.841031        -2.834172        -2.805881
     -2.774369        -2.766452        -2.757117        -2.745694        -2.718754
     -2.667414        -2.609514        -2.599720        -2.585523        -2.577073
     -2.574512        -2.546740        -2.494357        -2.475220        -2.468662
     -2.455293        -2.445030        -2.398988        -2.379724        -2.354716
      1.803542         2.302023         2.404072         2.471723         2.492374
      2.504277         2.550242         2.604669         2.713154         2.820077
      2.876177         2.964472         3.020187         3.099241         3.229675
      3.363697         3.395458         3.449332         3.471731         3.498203
      3.519945         3.540049         3.580736         3.605065         3.632629
      3.689623         3.753348         3.766923         3.829451         3.903555
      3.906394         3.922150         3.977427         3.991621         4.012118
      4.035497         4.071726         4.085179         4.093280         4.137346
      4.173542         4.184681         4.208147         4.220500         4.241347
      4.280765         4.305324         4.331523         4.358716         4.385053
      4.413551         4.435831         4.450219         4.476385         4.493214
      4.576611         4.626265         4.677224
 *********************************
 sum eigen(dbl occ, ryd)=  -1538.42538216195     
 *********************************
 Ef(eV)=  0.585606557966069     
 ***************************************************
 iter=          13
 ---------------------------------------------------
 dvE, dvE(n)-dvE(n-1) = 0.1855E-04 0.5739E-05
 dv_ave, drho_tot     = 0.4306E-02 0.2893E-02
 err of ug            = 0.3580E-03
 ---------------------------------------------------
 Ewald        = -.41876607880374E+05
 Alpha        = 0.15207970391171E+04
 E_extV       = 0.00000000000000E+00    0.0000E+00
 E_NSC        = -.21357198042758E+05    0.3051E+02
 E[-rho*V_Hxc]= -.12254979477781E+06    -.2997E+02
 E_Hxc        = 0.51351403651402E+05    0.2451E+02
 -TS          = -.16941645530987E-20    0.3799E-15
 E_tot(eV)    = -.13291140001042E+06    0.5374E+00
 ---------------------------------------------------
 E_ion,E_coul,E_xc =   -223258.8331698   80143.5814795  -28792.1778281
Ewald+Hart+ion    -0.1849918595708E+06
 ave(vtot)=ave_(V_xc)=: v0= -0.283396127539461     
 Eigen energies are values after setting ave_vtot=0
 ----------------------------------
 One SCF use:    85.9612040519714       s
 *********************************
 ****** kpt=           1
 err of each states, eV
  0.861176E-02     0.534620E-02     0.719938E-02     0.743545E-02     0.947709E-02
  0.212557E-02     0.273966E-02     0.139735E-02     0.216557E-02     0.150303E-02
  0.179739E-02     0.204413E-02     0.210174E-02     0.224612E-02     0.175302E-02
  0.250766E-02     0.136540E-02     0.150113E-02     0.196455E-02     0.142605E-02
  0.149177E-02     0.209024E-02     0.124139E-02     0.160052E-02     0.173829E-02
  0.155172E-02     0.244056E-02     0.157494E-02     0.196004E-02     0.146786E-02
  0.157276E-02     0.193615E-02     0.121045E-02     0.152190E-02     0.142670E-02
  0.135455E-02     0.223598E-02     0.166600E-02     0.199317E-02     0.223820E-02
  0.166297E-02     0.159239E-02     0.150121E-02     0.191175E-02     0.199115E-02
  0.203498E-02     0.163938E-02     0.151274E-02     0.152562E-02     0.173711E-02
  0.190819E-02     0.185612E-02     0.191230E-02     0.156667E-02     0.149846E-02
  0.154491E-02     0.174141E-02     0.122886E-02     0.198571E-02     0.191324E-02
  0.155319E-02     0.143501E-02     0.180567E-02     0.170000E-02     0.146598E-02
  0.191444E-02     0.148188E-02     0.272247E-02     0.153313E-02     0.381363E-02
  0.139050E-02     0.176939E-02     0.221599E-02     0.136716E-02     0.160677E-02
  0.158359E-02     0.162740E-02     0.152324E-02     0.133332E-02     0.162871E-02
  0.212588E-02     0.152000E-02     0.126007E-02     0.207806E-02     0.191731E-02
  0.141010E-02     0.168456E-02     0.196555E-02     0.197285E-02     0.175109E-02
  0.172905E-02     0.152300E-02     0.140881E-02     0.134233E-02     0.142102E-02
  0.153240E-02     0.131775E-02     0.141131E-02     0.164001E-02     0.139516E-02
  0.309984E-02     0.143249E-02     0.152667E-02     0.186793E-02     0.142516E-02
  0.174984E-02     0.138716E-02     0.140567E-02     0.132991E-02     0.115641E-02
  0.147902E-02     0.128771E-02     0.142259E-02     0.160626E-02     0.193814E-02
  0.162809E-02     0.272661E-02     0.172930E-02     0.144898E-02     0.146787E-02
  0.129894E-02     0.133770E-02     0.230047E-02     0.140312E-02     0.140715E-02
  0.216246E-02     0.138642E-02     0.130458E-02     0.358750E-02     0.276610E-02
  0.138148E-02     0.122998E-02     0.405139E-02     0.180293E-02     0.138405E-02
  0.353294E-02     0.378548E-02     0.368462E-02     0.261146E-02     0.448032E-02
  0.281791E-02     0.450097E-02     0.466732E-02     0.274048E-02     0.222140E-02
  0.520023E-02     0.346998E-02     0.499779E-02     0.432844E-02     0.280199E-02
  0.214860E-02     0.464751E-02     0.433981E-02     0.344050E-02     0.259778E-02
  0.322716E-02     0.284671E-02     0.324780E-02     0.306421E-02     0.433928E-02
  0.362733E-02     0.294933E-02     0.409379E-02     0.325850E-02     0.347762E-02
  0.261192E-02     0.263408E-02     0.336191E-02     0.284153E-02     0.285549E-02
  0.339401E-02     0.299597E-02     0.256224E-02     0.289960E-02     0.361489E-02
  0.369683E-02     0.273647E-02     0.337873E-02     0.303556E-02     0.295231E-02
  0.430110E-02     0.341941E-02     0.392415E-02     0.275147E-02     0.299734E-02
  0.244654E-02     0.295228E-02     0.339165E-02     0.294915E-02     0.219737E-02
  0.451336E-02     0.395930E-02     0.300939E-02     0.396716E-02     0.376169E-02
  0.192426E-02     0.154530E-02     0.209688E-02     0.162618E-02     0.148748E-02
  0.205249E-02     0.417689E-02     0.214493E-02     0.184904E-02     0.153890E-02
  0.138210E-02     0.180109E-02     0.166271E-02     0.124449E-02     0.135931E-02
  0.403831E-02     0.367220E-02     0.313107E-02     0.324983E-02     0.468027E-02
  0.468025E-02     0.163428E-02     0.341520E-02     0.326537E-02     0.304158E-02
  0.355632E-02     0.258797E-02     0.182692E-02     0.270465E-02     0.251374E-02
  0.194372E-02     0.192327E-02     0.239119E-02     0.512485E-02     0.283771E-02
  0.201930E-02     0.271569E-02     0.514193E-02     0.231189E-02     0.478060E-02
  0.516229E-02     0.151159E-02     0.359065E-02     0.440006E-02     0.170123E-02
  0.471329E-02     0.357012E-02     0.477223E-02     0.337519E-02     0.388935E-02
  0.553909E-02     0.463797E-02     0.374397E-02     0.322693E-02     0.350579E-02
  0.464805E-02     0.457742E-02     0.242201E-02     0.250592E-02     0.272366E-02
  0.266728E-02     0.206974E-02     0.208359E-02     0.195582E-02     0.232047E-02
  0.229130E-02     0.172314E-02     0.179980E-02     0.156783E-02     0.162699E-02
  0.459482E-02     0.298038E-02     0.405956E-02     0.251316E-02     0.379599E-02
  0.484667E-02     0.447854E-02     0.376805E-02     0.342781E-02     0.246154E-02
  0.321940E-02     0.389473E-02     0.270295E-02     0.389483E-02     0.380088E-02
  0.405204E-02     0.305619E-02     0.279194E-02     0.239830E-02     0.364040E-02
  0.337512E-02     0.325463E-02     0.422353E-02     0.511750E-02     0.217913E-02
  0.283092E-02     0.358484E-02     0.462635E-02     0.430427E-02     0.434679E-02
  0.295659E-02     0.216642E-02     0.263368E-02     0.321079E-02     0.249316E-02
  0.300331E-02     0.317176E-02     0.419342E-02     0.233983E-02     0.352166E-02
  0.598152E-02     0.500102E-02     0.364932E-02     0.583827E-02     0.237174E-02
  0.225703E-02     0.434634E-02     0.318185E-02     0.525160E-02     0.261693E-02
  0.518061E-02     0.347344E-02     0.309836E-02     0.407469E-02     0.414342E-02
  0.404503E-02     0.291902E-02     0.391918E-02     0.394285E-02     0.346723E-02
  0.456983E-02     0.411596E-02     0.375720E-02     0.554855E-02     0.504963E-02
  0.370397E-02     0.474824E-02     0.326176E-02     0.488906E-02     0.427207E-02
  0.565965E-02     0.381242E-02     0.386947E-02     0.408603E-02     0.352597E-02
  0.368115E-02     0.361333E-02     0.438643E-02     0.381435E-02     0.311028E-02
  0.355490E-02     0.345680E-02     0.438405E-02     0.599082E-02     0.538224E-02
  0.344664E-02     0.426598E-02     0.411922E-02     0.406536E-02     0.595984E-02
  0.410300E-02     0.337954E-02     0.362550E-02     0.408125E-02     0.437874E-02
  0.375036E-02     0.372415E-02     0.451398E-02     0.390750E-02     0.380586E-02
  0.401481E-02     0.446184E-02     0.536546E-02     0.332529E-02     0.328484E-02
  0.401399E-02     0.484085E-02     0.551269E-02     0.341854E-02     0.461958E-02
  0.311500E-02     0.411858E-02     0.337550E-02     0.633306E-02     0.454583E-02
  0.445935E-02     0.429857E-02     0.325353E-02     0.354351E-02     0.332229E-02
  0.430458E-02     0.447370E-02     0.470208E-02     0.303468E-02     0.409524E-02
  0.364673E-02     0.341180E-02     0.468824E-02     0.370927E-02     0.560947E-02
  0.524275E-02     0.499071E-02     0.569569E-02     0.503950E-02     0.391686E-02
  0.464757E-02     0.387894E-02     0.432849E-02     0.314771E-02     0.407873E-02
  0.419883E-02     0.436833E-02     0.378444E-02     0.563158E-02     0.408547E-02
  0.550448E-02     0.526949E-02     0.535885E-02     0.435768E-02     0.394262E-02
  0.391895E-02     0.518557E-02     0.500450E-02     0.368378E-02     0.436931E-02
  0.450154E-02     0.388250E-02     0.370888E-02     0.437509E-02     0.551883E-02
  0.492021E-02     0.569259E-02     0.469767E-02     0.394729E-02     0.362500E-02
  0.366584E-02     0.442274E-02     0.478306E-02     0.473518E-02     0.443965E-02
  0.604660E-02     0.420668E-02     0.429058E-02     0.415261E-02     0.645411E-02
  0.477366E-02     0.376267E-02     0.514933E-02     0.485642E-02     0.366234E-02
  0.475442E-02     0.491823E-02     0.470965E-02     0.519444E-02     0.450096E-02
  0.448005E-02     0.419007E-02     0.342012E-02     0.503291E-02     0.483179E-02
  0.494424E-02     0.454522E-02     0.272932E-02     0.434716E-02     0.476855E-02
  0.340302E-02     0.455918E-02     0.422180E-02     0.436979E-02     0.487392E-02
  0.465914E-02     0.430781E-02     0.550853E-02     0.498828E-02     0.578655E-02
  0.551194E-02     0.507705E-02     0.429420E-02     0.567443E-02     0.488016E-02
  0.753528E-02     0.487801E-02     0.631374E-02     0.487797E-02     0.328411E-02
  0.503331E-02     0.582517E-02     0.461688E-02     0.584258E-02     0.389567E-02
  0.400318E-02     0.438009E-02     0.481025E-02     0.448355E-02     0.690230E-02
  0.483907E-02     0.503480E-02     0.706707E-02     0.440691E-02     0.499113E-02
  0.443447E-02     0.445437E-02     0.550892E-02     0.396327E-02     0.434244E-02
  0.605986E-02     0.363383E-02     0.335031E-02     0.532068E-02     0.495622E-02
  0.516331E-02     0.366689E-02     0.668032E-02     0.446476E-02     0.506431E-02
  0.315850E-02     0.842776E-02     0.835315E-02     0.551813E-02     0.691106E-02
  0.378103E-02     0.423488E-02     0.103994E-01     0.665175E-02     0.742340E-02
  0.698823E-02     0.677805E-02     0.641531E-02     0.399766E-02     0.437768E-02
  0.953047E-02     0.765016E-02     0.680625E-02     0.693999E-02     0.874019E-02
  0.696852E-02     0.412064E-02     0.674704E-02     0.703212E-02     0.639821E-02
  0.401214E-02     0.494682E-02     0.740393E-02     0.479102E-02     0.430305E-02
  0.395580E-02     0.385080E-02     0.599270E-02     0.458833E-02     0.380326E-02
  0.425228E-02     0.475777E-02     0.425821E-02     0.416152E-02     0.440782E-02
  0.373764E-02     0.521292E-02     0.617379E-02     0.441327E-02     0.553162E-02
  0.429793E-02     0.458722E-02     0.719991E-02     0.519711E-02     0.510714E-02
  0.365248E-02     0.422377E-02     0.595220E-02     0.547058E-02     0.541411E-02
  0.566644E-02     0.489647E-02     0.462512E-02     0.457469E-02     0.481258E-02
  0.568212E-02     0.387562E-02     0.560348E-02     0.508635E-02     0.543944E-02
  0.600964E-02     0.434026E-02     0.405248E-02     0.497365E-02     0.396592E-02
  0.453499E-02     0.454644E-02     0.482419E-02     0.504704E-02     0.533083E-02
  0.458951E-02     0.342349E-02     0.361923E-02     0.430452E-02     0.447157E-02
  0.470648E-02     0.449877E-02     0.532730E-02     0.439800E-02     0.610947E-02
  0.432946E-02     0.569552E-02     0.465505E-02     0.500702E-02     0.377738E-02
  0.525246E-02     0.448874E-02     0.522494E-02     0.404632E-02     0.593177E-02
  0.422267E-02     0.516098E-02     0.443232E-02     0.576530E-02     0.514213E-02
  0.492769E-02     0.544114E-02     0.468814E-02     0.450504E-02     0.423181E-02
  0.380840E-02     0.551018E-02     0.536557E-02     0.395320E-02     0.453199E-02
  0.407375E-02     0.493354E-02     0.549114E-02     0.349386E-02     0.378558E-02
  0.490654E-02     0.462089E-02     0.409198E-02     0.514566E-02     0.485627E-02
  0.469124E-02     0.550874E-02     0.539612E-02     0.403779E-02     0.561089E-02
  0.343527E-02     0.455858E-02     0.423347E-02     0.419298E-02     0.468637E-02
  0.398814E-02     0.454454E-02     0.554736E-02     0.573519E-02     0.484174E-02
  0.415230E-02     0.459729E-02     0.405991E-02     0.543541E-02     0.393956E-02
  0.388645E-02     0.504898E-02     0.479578E-02     0.580771E-02     0.414605E-02
  0.751598E-02     0.609095E-02     0.471473E-02     0.506911E-02     0.459270E-02
  0.530656E-02     0.372835E-02     0.492541E-02     0.452785E-02     0.473887E-02
  0.481581E-02     0.482731E-02     0.509439E-02     0.542708E-02     0.498846E-02
  0.539395E-02     0.567417E-02     0.565828E-02     0.589470E-02     0.509570E-02
  0.577435E-02     0.455381E-02     0.627276E-02     0.508301E-02     0.572193E-02
  0.513586E-02     0.663476E-02     0.530949E-02     0.438218E-02     0.523054E-02
  0.506817E-02     0.517367E-02     0.507674E-02     0.464554E-02     0.540126E-02
  0.459661E-02     0.471443E-02     0.644994E-02     0.523258E-02     0.581103E-02
  0.490859E-02     0.523278E-02     0.594020E-02     0.419152E-02     0.773974E-02
  0.509389E-02     0.524244E-02     0.502364E-02     0.507071E-02     0.505857E-02
  0.460276E-02     0.486463E-02     0.551384E-02     0.583839E-02     0.544965E-02
  0.559115E-02     0.597670E-02     0.522620E-02     0.596942E-02     0.503610E-02
  0.549261E-02     0.534299E-02     0.514130E-02     0.442151E-02     0.569251E-02
  0.587390E-02     0.489019E-02     0.561174E-02     0.560470E-02     0.464901E-02
  0.482710E-02     0.565966E-02     0.552648E-02     0.543049E-02     0.660318E-02
  0.562174E-02     0.551678E-02     0.597497E-02     0.606076E-02     0.576866E-02
  0.513037E-02     0.527883E-02     0.640738E-02     0.552960E-02     0.588053E-02
  0.554875E-02     0.659296E-02     0.558857E-02     0.724551E-02     0.711979E-02
  0.553668E-02     0.533797E-02     0.565647E-02     0.568884E-02     0.658076E-02
  0.583306E-02     0.568804E-02     0.545225E-02     0.546799E-02     0.520919E-02
  0.474431E-02     0.544924E-02     0.561750E-02     0.530931E-02     0.593600E-02
  0.464893E-02     0.562825E-02     0.550655E-02     0.680070E-02     0.541880E-02
  0.532324E-02     0.546222E-02     0.431365E-02     0.500201E-02     0.553373E-02
  0.544024E-02     0.563896E-02     0.561257E-02     0.590891E-02     0.683878E-02
  0.531472E-02     0.516179E-02     0.611588E-02     0.596925E-02     0.592419E-02
  0.664514E-02     0.559603E-02     0.605780E-02     0.512958E-02     0.588901E-02
  0.572187E-02     0.467600E-02     0.677327E-02     0.452624E-02     0.693605E-02
  0.569177E-02     0.701779E-02     0.574070E-02     0.657258E-02     0.619998E-02
  0.568377E-02     0.609339E-02     0.742902E-02     0.647015E-02     0.601930E-02
  0.567897E-02     0.646791E-02     0.555599E-02     0.643270E-02     0.609288E-02
  0.629133E-02     0.477048E-02     0.649114E-02     0.487539E-02     0.473590E-02
  0.546589E-02     0.521182E-02     0.551526E-02     0.404794E-02     0.503704E-02
  0.498969E-02     0.560518E-02     0.574161E-02     0.577424E-02     0.539931E-02
  0.457163E-02     0.596716E-02     0.409085E-02     0.637565E-02     0.566896E-02
  0.579688E-02     0.455064E-02     0.566741E-02     0.483310E-02     0.471054E-02
  0.664381E-02     0.549196E-02     0.580279E-02     0.649696E-02     0.539846E-02
  0.494790E-02     0.666232E-02     0.552173E-02     0.678024E-02     0.567850E-02
  0.524555E-02     0.344172E-02     0.528619E-02     0.327773E-02     0.483197E-02
  0.620583E-02     0.620231E-02     0.436185E-02     0.508135E-02     0.669275E-02
  0.811586E-02     0.630754E-02     0.446439E-02     0.571919E-02     0.701919E-02
  0.627737E-02     0.550686E-02     0.605074E-02     0.574641E-02     0.589641E-02
  0.536902E-02     0.782720E-02     0.670377E-02     0.498101E-02     0.411935E-02
  0.654421E-02     0.588848E-02     0.105746E-01     0.800008E-02     0.852131E-02
  0.555517E-02     0.616511E-02     0.660913E-02     0.453713E-02     0.603439E-02
  0.608548E-02     0.687184E-02     0.705216E-02     0.783167E-02     0.545728E-02
  0.661937E-02     0.418658E-02     0.694286E-02     0.698526E-02     0.727642E-02
  0.675599E-02     0.762090E-02     0.903084E-02     0.885154E-02     0.666137E-02
  0.903541E-02     0.957517E-02     0.827134E-02     0.101344E-01     0.645338E-02
  0.695929E-02     0.721637E-02     0.765157E-02     0.113018E-01     0.674433E-02
  0.640610E-02     0.809212E-02     0.668108E-02     0.690263E-02     0.608264E-02
  0.744170E-02     0.558645E-02     0.781729E-02     0.481518E-02     0.796759E-02
  0.703349E-02     0.683071E-02     0.641925E-02     0.808179E-02     0.689832E-02
  0.662630E-02     0.676131E-02     0.755401E-02     0.681585E-02     0.675517E-02
  0.654371E-02     0.705694E-02     0.626047E-02     0.654799E-02     0.623585E-02
  0.579975E-02     0.612466E-02     0.777273E-02     0.574017E-02     0.681189E-02
  0.618776E-02     0.606362E-02     0.580423E-02     0.641975E-02     0.627633E-02
  0.821604E-02     0.618129E-02     0.650759E-02     0.610521E-02     0.819289E-02
  0.814157E-02     0.636822E-02     0.968522E-02     0.719078E-02     0.931461E-02
  0.620296E-02     0.946225E-02     0.934602E-02     0.926878E-02     0.657943E-02
  0.729585E-02     0.904268E-02     0.455209E-02     0.574619E-02     0.100646E-01
  0.531494E-02     0.114386E-01     0.105497E-01     0.120284E-01     0.731350E-02
  0.478718E-02     0.484652E-02     0.526551E-02     0.378492E-02     0.111850E-01
  0.869672E-02     0.736085E-02     0.817503E-02     0.130219E-01     0.956063E-02
  0.273753E-01     0.326940E-01     0.410404E-01     0.346054E-01     0.352324E-01
  0.300208E-01     0.322007E-01     0.345326E-01     0.344637E-01     0.380946E-01
  0.414684E-01     0.698116E-01     0.576352E-01     0.692312E-01     0.828813E-01
  0.115095E+00     0.701764E-01     0.858603E-01     0.121866E+00     0.111751E+00
  0.881907E-01     0.134669E+00     0.163858E+00     0.136808E+00     0.151559E+00
  0.161631E+00     0.189169E+00     0.148231E+00     0.178309E+00     0.151428E+00
  0.229434E+00     0.311301E+00     0.192731E+00     0.188205E+00     0.256273E+00
  0.255089E+00     0.257970E+00     0.331011E+00     0.277243E+00     0.200340E+00
  0.263246E+00     0.291051E+00     0.334014E+00     0.326216E+00     0.314282E+00
  0.388328E+00     0.357597E+00     0.325792E+00     0.411047E+00     0.347886E+00
  0.402956E+00     0.371330E+00     0.464360E+00     0.381131E+00     0.492610E+00
  0.450440E+00     0.622134E+00     0.724075E+00
 eigen energies, in ev
    -45.170428       -45.160098       -44.982040       -44.916378       -44.170432
    -28.606737       -28.565236       -28.409323       -28.369513       -28.186953
    -28.145943       -28.039981       -28.003815       -27.940190       -27.846481
    -27.842736       -27.805577       -27.736792       -27.698893       -27.680843
    -27.670394       -27.627378       -27.621047       -27.578607       -27.575757
    -27.552774       -27.528833       -27.478180       -27.476372       -27.464774
    -27.441246       -27.433129       -27.389145       -27.353711       -27.345856
    -27.345708       -27.296686       -27.279534       -27.277515       -27.264386
    -27.247178       -27.223277       -27.209766       -27.196916       -27.176161
    -27.169477       -27.161958       -27.143006       -27.114444       -27.105536
    -27.070170       -27.063425       -27.038189       -27.036984       -27.014014
    -26.987497       -26.925436       -26.920448       -26.900879       -26.894152
    -26.878289       -26.816280       -26.799256       -26.780626       -26.693359
    -26.676220       -26.665322       -26.659760       -26.653345       -26.641409
    -26.541259       -26.483742       -26.472546       -26.460174       -26.445269
    -26.422935       -26.418496       -26.293040       -26.224508       -26.168003
    -26.158425       -26.100980       -26.079765       -26.079193       -26.077824
    -26.044162       -25.971352       -25.902992       -25.896056       -25.871038
    -25.839626       -25.833804       -25.778426       -25.767526       -25.732327
    -25.710123       -25.694331       -25.691706       -25.685052       -25.683444
    -25.635287       -25.622860       -25.591651       -25.590194       -25.586794
    -25.568182       -25.566087       -25.545913       -25.544940       -25.509401
    -25.497026       -25.487452       -25.444699       -25.398660       -25.389192
    -25.388669       -25.383089       -25.359414       -25.324490       -25.301206
    -25.291278       -25.273508       -25.250877       -25.242779       -25.158403
    -25.145433       -25.124149       -25.105528       -25.085695       -25.016452
    -24.998835       -24.961164       -24.937762       -24.868020       -24.765245
    -24.530179       -24.508285       -24.487100       -24.009573       -23.894612
    -23.885293       -23.838772       -23.746624       -23.630611       -23.628829
    -23.598462       -23.579069       -23.528674       -23.479338       -23.446193
    -23.403119       -23.373446       -23.247292       -23.206443       -23.139095
    -23.114349       -22.961356       -22.954198       -22.931877       -22.900618
    -22.793023       -22.770532       -22.733727       -22.666490       -22.613877
    -22.582849       -22.566060       -22.515066       -22.303715       -22.300374
    -22.292616       -22.243847       -22.208359       -21.791020       -21.764965
    -21.755614       -21.707490       -21.674184       -21.623444       -21.499361
    -21.494818       -21.461718       -21.382038       -21.367081       -21.308799
    -21.249865       -21.233830       -21.004728       -20.950835       -20.949760
    -19.057037       -18.936466       -18.732247       -18.557271       -18.508266
    -16.291417       -16.035292       -16.010608       -15.933360       -15.922988
    -15.821645       -15.800564       -15.776649       -15.744644       -15.706250
    -15.628293       -15.581776       -15.509553       -15.374329       -15.371309
    -15.286273       -15.284429       -15.253410       -15.238219       -15.229791
    -15.205294       -15.143834       -15.101757       -14.965236       -14.914882
    -14.776939       -14.753894       -14.610885       -14.579928       -14.470800
    -14.406409       -14.363679       -14.320236       -14.318079       -14.272136
    -14.267564       -14.246575       -14.156313       -14.071237       -14.054674
    -14.031108       -14.003280       -13.970235       -13.943447       -13.895361
    -13.875160       -13.846816       -13.829296       -13.786257       -13.733673
    -13.730693       -13.709706       -13.682475       -13.656511       -13.641501
    -13.598898       -13.571702       -13.489027       -13.377317       -13.182057
    -13.179913       -13.136342       -13.056580       -13.043156       -13.030816
    -13.013590       -12.942184       -12.841610       -12.824330       -12.706024
    -12.246680       -12.168647       -12.079224       -12.061896       -11.966144
    -11.912794       -11.886701       -11.858450       -11.786562       -11.756680
    -11.727138       -11.703004       -11.693033       -11.687617       -11.656059
    -11.640920       -11.623955       -11.592436       -11.586053       -11.544838
    -11.493447       -11.448965       -11.409544       -11.383493       -11.354079
    -11.336919       -11.317513       -11.301855       -11.250563       -11.249467
    -11.208811       -11.175038       -11.138195       -11.122402       -11.041789
    -11.022322       -11.016881       -11.012687       -11.005569       -11.002339
    -10.981344       -10.957201       -10.941988       -10.871782       -10.864709
    -10.821905       -10.806608       -10.682391       -10.557343       -10.546335
    -10.495430       -10.465419       -10.408440       -10.354956       -10.319741
    -10.316101       -10.290526       -10.241104       -10.226636       -10.210920
    -10.199854       -10.196431       -10.187132       -10.177081       -10.173160
    -10.165067       -10.127522       -10.094770       -10.084138       -10.068351
    -10.056934       -10.010006       -10.008410        -9.998191        -9.993996
     -9.989538        -9.983269        -9.965631        -9.959749        -9.950409
     -9.945304        -9.941298        -9.916887        -9.900595        -9.899412
     -9.869738        -9.863534        -9.841173        -9.830593        -9.823734
     -9.803386        -9.793103        -9.781252        -9.773810        -9.768637
     -9.766113        -9.762735        -9.754479        -9.748727        -9.746455
     -9.735704        -9.722127        -9.712047        -9.709789        -9.704671
     -9.687905        -9.680733        -9.671058        -9.659077        -9.636673
     -9.629172        -9.612870        -9.592860        -9.563217        -9.558161
     -9.538343        -9.511470        -9.497702        -9.482782        -9.469836
     -9.467542        -9.423471        -9.419828        -9.418149        -9.411352
     -9.407289        -9.391833        -9.383965        -9.371257        -9.364820
     -9.353942        -9.321223        -9.312619        -9.308237        -9.285810
     -9.282908        -9.267338        -9.255532        -9.215509        -9.207510
     -9.201686        -9.186418        -9.170203        -9.163783        -9.155641
     -9.150408        -9.146688        -9.129857        -9.117116        -9.106914
     -9.100368        -9.084340        -9.068838        -9.042418        -9.020023
     -9.013408        -9.006780        -9.003523        -8.996095        -8.981997
     -8.977241        -8.964007        -8.959465        -8.955627        -8.916223
     -8.912415        -8.905166        -8.897308        -8.883794        -8.878395
     -8.862162        -8.839737        -8.830589        -8.812779        -8.792019
     -8.763509        -8.708739        -8.693475        -8.689378        -8.677662
     -8.660732        -8.657186        -8.644531        -8.636121        -8.632269
     -8.630650        -8.617925        -8.610085        -8.592176        -8.584126
     -8.576182        -8.535411        -8.515101        -8.502860        -8.479594
     -8.468884        -8.442653        -8.416613        -8.399428        -8.388353
     -8.382792        -8.377817        -8.371574        -8.358433        -8.356003
     -8.331531        -8.319999        -8.291559        -8.281981        -8.256451
     -8.248518        -8.232882        -8.214192        -8.197751        -8.190519
     -8.188191        -8.175272        -8.128847        -8.113271        -8.111481
     -8.093558        -8.080253        -8.070616        -8.055939        -8.053982
     -8.043751        -8.033334        -8.026013        -8.021942        -8.004616
     -7.998653        -7.983246        -7.951054        -7.933180        -7.921543
     -7.901248        -7.887922        -7.876898        -7.873181        -7.835483
     -7.821495        -7.799297        -7.790294        -7.767874        -7.732216
     -7.709108        -7.668758        -7.648888        -7.638140        -7.629940
     -7.600788        -7.566592        -7.557953        -7.535673        -7.514130
     -7.497589        -7.485098        -7.451372        -7.412505        -7.403511
     -7.382253        -7.380167        -7.315058        -7.301672        -7.283927
     -7.278584        -7.253112        -7.211408        -7.148057        -7.137443
     -7.085619        -7.071685        -7.057165        -7.037735        -7.023131
     -7.011327        -7.003998        -6.983262        -6.940988        -6.935658
     -6.891946        -6.874699        -6.843127        -6.840139        -6.823648
     -6.818625        -6.808910        -6.800368        -6.775348        -6.737297
     -6.734209        -6.717318        -6.709389        -6.704667        -6.697657
     -6.664897        -6.659698        -6.649505        -6.609963        -6.592556
     -6.576862        -6.562979        -6.545493        -6.517671        -6.507853
     -6.498358        -6.483585        -6.475384        -6.471169        -6.457404
     -6.434758        -6.416494        -6.414839        -6.406316        -6.390136
     -6.379183        -6.376841        -6.369706        -6.360944        -6.352919
     -6.341502        -6.332087        -6.324328        -6.316863        -6.305765
     -6.286949        -6.281469        -6.265218        -6.255696        -6.251765
     -6.248470        -6.244039        -6.237324        -6.230440        -6.215762
     -6.214385        -6.194652        -6.175687        -6.148132        -6.145252
     -6.133822        -6.130586        -6.105859        -6.087913        -6.082596
     -6.076198        -6.069556        -6.060340        -6.049027        -6.028615
     -6.015497        -6.005073        -5.996320        -5.994902        -5.977120
     -5.966059        -5.952980        -5.949040        -5.936592        -5.930746
     -5.926413        -5.923009        -5.916491        -5.910356        -5.908445
     -5.906138        -5.896516        -5.890522        -5.879342        -5.873571
     -5.861871        -5.845844        -5.844923        -5.834930        -5.829560
     -5.823873        -5.816894        -5.806160        -5.801496        -5.792138
     -5.783336        -5.777590        -5.772299        -5.753524        -5.734298
     -5.716931        -5.694722        -5.691552        -5.689595        -5.686044
     -5.678835        -5.666292        -5.652101        -5.646121        -5.637356
     -5.624797        -5.618092        -5.609733        -5.592163        -5.585904
     -5.581180        -5.568317        -5.567447        -5.550073        -5.544369
     -5.530449        -5.526909        -5.522646        -5.507544        -5.504780
     -5.498925        -5.491640        -5.486369        -5.484018        -5.477273
     -5.467320        -5.466440        -5.456267        -5.453387        -5.445853
     -5.436345        -5.432123        -5.431137        -5.423937        -5.415791
     -5.414157        -5.399467        -5.395331        -5.389582        -5.380680
     -5.374801        -5.365024        -5.356356        -5.348435        -5.339955
     -5.339657        -5.332924        -5.328288        -5.320480        -5.316276
     -5.310023        -5.302205        -5.297714        -5.294728        -5.281905
     -5.278513        -5.277723        -5.271606        -5.249969        -5.243146
     -5.242860        -5.235591        -5.231487        -5.225448        -5.222081
     -5.212993        -5.205576        -5.194774        -5.194624        -5.185867
     -5.181482        -5.177898        -5.169489        -5.165241        -5.165033
     -5.153918        -5.144125        -5.139866        -5.134380        -5.125850
     -5.123939        -5.113594        -5.104878        -5.101402        -5.094634
     -5.091621        -5.088641        -5.076334        -5.073689        -5.070749
     -5.064699        -5.057824        -5.053366        -5.046587        -5.040028
     -5.031582        -5.027263        -5.021479        -5.009975        -5.002511
     -4.997168        -4.993277        -4.988045        -4.977837        -4.971733
     -4.965682        -4.961819        -4.959201        -4.954891        -4.950767
     -4.945762        -4.941903        -4.935108        -4.928074        -4.923928
     -4.918161        -4.905183        -4.893338        -4.888893        -4.882446
     -4.871184        -4.865847        -4.859758        -4.854654        -4.849011
     -4.841625        -4.834303        -4.826782        -4.821884        -4.810764
     -4.806918        -4.798960        -4.795920        -4.789627        -4.789407
     -4.780643        -4.774961        -4.757787        -4.748189        -4.741643
     -4.735586        -4.726960        -4.720894        -4.712688        -4.704485
     -4.698811        -4.697112        -4.681209        -4.669193        -4.662475
     -4.657845        -4.653818        -4.647690        -4.645737        -4.627545
     -4.616221        -4.611308        -4.603228        -4.593541        -4.584974
     -4.583590        -4.574334        -4.562127        -4.561376        -4.554836
     -4.551100        -4.542323        -4.539174        -4.533908        -4.523710
     -4.512430        -4.505157        -4.497131        -4.490597        -4.481157
     -4.478370        -4.472263        -4.458291        -4.451550        -4.446381
     -4.444509        -4.433463        -4.424897        -4.421682        -4.409185
     -4.402838        -4.383561        -4.367992        -4.358483        -4.353197
     -4.345673        -4.339705        -4.333553        -4.326569        -4.322025
     -4.310480        -4.298208        -4.288342        -4.279473        -4.277424
     -4.254696        -4.244722        -4.219235        -4.201107        -4.193739
     -4.182321        -4.166918        -4.162718        -4.143116        -4.125232
     -4.116036        -4.096681        -4.057502        -4.028833        -4.012399
     -4.005911        -3.985119        -3.957163        -3.925928        -3.906839
     -3.895719        -3.891180        -3.885589        -3.868826        -3.855505
     -3.844369        -3.840237        -3.818571        -3.800653        -3.798312
     -3.793037        -3.783526        -3.749436        -3.716305        -3.681351
     -3.667737        -3.665052        -3.650472        -3.543987        -3.534050
     -3.515777        -3.510928        -3.501236        -3.491451        -3.463235
     -3.445623        -3.432630        -3.412036        -3.403629        -3.397839
     -3.381038        -3.367481        -3.321311        -3.289556        -3.285795
     -3.272186        -3.209031        -3.203827        -3.189944        -3.172788
     -3.161298        -3.149549        -3.132457        -3.125206        -3.105229
     -3.097734        -3.084073        -3.076997        -3.073367        -3.060456
     -3.059129        -3.052418        -3.045203        -3.031204        -3.023001
     -2.998901        -2.993257        -2.970960        -2.965379        -2.949603
     -2.943344        -2.935210        -2.929225        -2.914669        -2.907736
     -2.896788        -2.885324        -2.872273        -2.852833        -2.835810
     -2.828914        -2.799694        -2.798384        -2.771692        -2.762288
     -2.737011        -2.728991        -2.677940        -2.671799        -2.662222
     -2.645785        -2.639494        -2.575467        -2.552867        -2.537274
     -2.525128        -2.513996        -2.509261        -2.460063        -2.425356
     -2.402002        -2.372865        -2.356369        -2.281576        -2.278455
      2.047138         2.465102         2.561393         2.652237         2.672363
      2.675906         2.723273         2.729582         2.855971         2.999094
      3.044097         3.103940         3.173939         3.194257         3.348773
      3.449634         3.481427         3.504588         3.520654         3.552393
      3.602020         3.606810         3.664477         3.680051         3.704400
      3.722998         3.784294         3.845210         3.870379         3.909587
      3.933152         3.967931         4.017305         4.025706         4.052551
      4.066392         4.089762         4.110721         4.128828         4.165934
      4.188342         4.194927         4.220983         4.235896         4.262719
      4.276783         4.323989         4.342832         4.361889         4.404970
      4.419892         4.463354         4.480623         4.498363         4.510708
      4.611048         4.637817         4.701328
 *********************************
 sum eigen(dbl occ, ryd)=  -1537.74247989864     
 *********************************
 Ef(eV)=  0.672345127601889     
 ***************************************************
 iter=          14
 ---------------------------------------------------
 dvE, dvE(n)-dvE(n-1) = 0.3364E-04 0.1509E-04
 dv_ave, drho_tot     = 0.5800E-02 0.2292E-02
 err of ug            = 0.3325E-03
 ---------------------------------------------------
 Ewald        = -.41876607880374E+05
 Alpha        = 0.15207970391171E+04
 E_extV       = 0.00000000000000E+00    0.0000E+00
 E_NSC        = -.21355733567981E+05    0.1464E+01
 E[-rho*V_Hxc]= -.12255124728125E+06    -.9873E+00
 E_Hxc        = 0.51351868813969E+05    0.4652E+00
 -TS          = -.36065652109249E-23    0.1691E-20
 E_tot(eV)    = -.13291092287652E+06    0.4771E+00
 ---------------------------------------------------
 E_ion,E_coul,E_xc =   -223258.5599011   80144.7536818  -28792.8848678
Ewald+Hart+ion    -0.1849904140996E+06
 ave(vtot)=ave_(V_xc)=: v0= -0.282357093271395     
 Eigen energies are values after setting ave_vtot=0
 ----------------------------------
 One SCF use:    85.9159979820251       s
 *********************************
 ****** kpt=           1
 err of each states, eV
  0.621161E-02     0.589700E-02     0.328088E-02     0.241490E-02     0.696066E-02
  0.297638E-02     0.197359E-02     0.114319E-02     0.165897E-02     0.257998E-02
  0.143107E-02     0.238418E-02     0.163776E-02     0.261486E-02     0.116223E-02
  0.223120E-02     0.124353E-02     0.222066E-02     0.129821E-02     0.144980E-02
  0.130673E-02     0.104266E-02     0.149044E-02     0.128262E-02     0.124772E-02
  0.128162E-02     0.179365E-02     0.350387E-02     0.107562E-02     0.245747E-02
  0.136371E-02     0.158260E-02     0.136637E-02     0.973569E-03     0.124796E-02
  0.126513E-02     0.100144E-02     0.120685E-02     0.222354E-02     0.147765E-02
  0.916605E-03     0.161185E-02     0.105586E-02     0.107755E-02     0.109062E-02
  0.143787E-02     0.244338E-02     0.159670E-02     0.174057E-02     0.161381E-02
  0.186557E-02     0.154366E-02     0.195720E-02     0.170022E-02     0.201167E-02
  0.120698E-02     0.145132E-02     0.169882E-02     0.217454E-02     0.184810E-02
  0.115390E-02     0.177271E-02     0.165846E-02     0.197691E-02     0.162338E-02
  0.775472E-03     0.126009E-02     0.131681E-02     0.133330E-02     0.114506E-02
  0.132521E-02     0.174365E-02     0.188061E-02     0.301100E-02     0.187433E-02
  0.159153E-02     0.109601E-02     0.149680E-02     0.145544E-02     0.208367E-02
  0.189420E-02     0.115529E-02     0.218807E-02     0.137317E-02     0.131380E-02
  0.174037E-02     0.116601E-02     0.140615E-02     0.254702E-02     0.922831E-03
  0.199816E-02     0.171608E-02     0.142430E-02     0.145259E-02     0.157768E-02
  0.208870E-02     0.174011E-02     0.118627E-02     0.165674E-02     0.134495E-02
  0.135350E-02     0.205673E-02     0.203537E-02     0.107732E-02     0.112436E-02
  0.150455E-02     0.118865E-02     0.160163E-02     0.122125E-02     0.127176E-02
  0.149648E-02     0.117531E-02     0.116175E-02     0.171663E-02     0.120559E-02
  0.114749E-02     0.121643E-02     0.134755E-02     0.106992E-02     0.983331E-03
  0.105176E-02     0.158517E-02     0.118455E-02     0.114939E-02     0.123154E-02
  0.236057E-02     0.116026E-02     0.132278E-02     0.115671E-02     0.131238E-02
  0.131834E-02     0.176398E-02     0.150479E-02     0.189759E-02     0.116321E-02
  0.203582E-02     0.187836E-02     0.234413E-02     0.222135E-02     0.208857E-02
  0.205439E-02     0.173147E-02     0.141750E-02     0.211143E-02     0.228351E-02
  0.221766E-02     0.201378E-02     0.209730E-02     0.269380E-02     0.250203E-02
  0.173166E-02     0.203084E-02     0.283531E-02     0.253656E-02     0.244638E-02
  0.176034E-02     0.299998E-02     0.274244E-02     0.153271E-02     0.239034E-02
  0.242927E-02     0.298574E-02     0.191581E-02     0.227957E-02     0.149044E-02
  0.328523E-02     0.175498E-02     0.217926E-02     0.315305E-02     0.265262E-02
  0.200502E-02     0.231036E-02     0.205838E-02     0.294382E-02     0.308564E-02
  0.262315E-02     0.208228E-02     0.282783E-02     0.269562E-02     0.274601E-02
  0.223268E-02     0.241232E-02     0.297453E-02     0.210255E-02     0.266633E-02
  0.222248E-02     0.163535E-02     0.254435E-02     0.277414E-02     0.222075E-02
  0.287661E-02     0.239551E-02     0.224933E-02     0.379169E-02     0.316484E-02
  0.222263E-02     0.265827E-02     0.288527E-02     0.289100E-02     0.296154E-02
  0.289975E-02     0.223281E-02     0.298004E-02     0.284897E-02     0.216019E-02
  0.441224E-02     0.212123E-02     0.320468E-02     0.293127E-02     0.281758E-02
  0.249571E-02     0.356301E-02     0.437507E-02     0.453653E-02     0.375352E-02
  0.367785E-02     0.524707E-02     0.245757E-02     0.287948E-02     0.264010E-02
  0.328325E-02     0.314337E-02     0.367952E-02     0.213270E-02     0.203936E-02
  0.232859E-02     0.154899E-02     0.220117E-02     0.262743E-02     0.270741E-02
  0.284888E-02     0.309591E-02     0.226948E-02     0.233150E-02     0.204796E-02
  0.479979E-02     0.359767E-02     0.472802E-02     0.394177E-02     0.338497E-02
  0.346957E-02     0.358540E-02     0.535482E-02     0.310960E-02     0.324291E-02
  0.319371E-02     0.505973E-02     0.393319E-02     0.358475E-02     0.457171E-02
  0.415418E-02     0.359105E-02     0.442898E-02     0.351224E-02     0.315407E-02
  0.253090E-02     0.274984E-02     0.271809E-02     0.293655E-02     0.243953E-02
  0.257566E-02     0.289362E-02     0.243612E-02     0.266630E-02     0.256969E-02
  0.473088E-02     0.281600E-02     0.281373E-02     0.299679E-02     0.336606E-02
  0.356264E-02     0.382855E-02     0.407305E-02     0.383087E-02     0.389330E-02
  0.328407E-02     0.299801E-02     0.293788E-02     0.339071E-02     0.266556E-02
  0.330396E-02     0.444287E-02     0.350000E-02     0.347574E-02     0.413427E-02
  0.334972E-02     0.259225E-02     0.332013E-02     0.329494E-02     0.240900E-02
  0.315621E-02     0.309655E-02     0.423133E-02     0.452654E-02     0.316951E-02
  0.291327E-02     0.265583E-02     0.278130E-02     0.581375E-02     0.300807E-02
  0.331750E-02     0.373284E-02     0.404031E-02     0.294613E-02     0.311801E-02
  0.263065E-02     0.428263E-02     0.319219E-02     0.406953E-02     0.322630E-02
  0.414355E-02     0.383528E-02     0.403561E-02     0.597328E-02     0.323436E-02
  0.577302E-02     0.286832E-02     0.437679E-02     0.460918E-02     0.537138E-02
  0.362984E-02     0.455242E-02     0.431995E-02     0.421553E-02     0.405679E-02
  0.454621E-02     0.455644E-02     0.430990E-02     0.505171E-02     0.557955E-02
  0.541911E-02     0.414796E-02     0.499900E-02     0.447234E-02     0.440697E-02
  0.320954E-02     0.367137E-02     0.525247E-02     0.516406E-02     0.537567E-02
  0.480721E-02     0.433524E-02     0.517809E-02     0.495153E-02     0.452745E-02
  0.483395E-02     0.448167E-02     0.451834E-02     0.489110E-02     0.639032E-02
  0.446925E-02     0.424843E-02     0.401470E-02     0.415194E-02     0.454854E-02
  0.485786E-02     0.512093E-02     0.490681E-02     0.480741E-02     0.484707E-02
  0.572038E-02     0.502001E-02     0.396026E-02     0.503703E-02     0.431204E-02
  0.456517E-02     0.574622E-02     0.536404E-02     0.461636E-02     0.511071E-02
  0.443088E-02     0.453191E-02     0.498088E-02     0.488964E-02     0.512952E-02
  0.480429E-02     0.475485E-02     0.442875E-02     0.453725E-02     0.399936E-02
  0.360589E-02     0.473316E-02     0.578781E-02     0.537459E-02     0.390697E-02
  0.466919E-02     0.414391E-02     0.452937E-02     0.440385E-02     0.382413E-02
  0.601440E-02     0.607473E-02     0.671490E-02     0.633150E-02     0.561351E-02
  0.540971E-02     0.489057E-02     0.441287E-02     0.651389E-02     0.401919E-02
  0.537437E-02     0.534832E-02     0.508929E-02     0.527093E-02     0.466250E-02
  0.557304E-02     0.600494E-02     0.747181E-02     0.439226E-02     0.607974E-02
  0.623569E-02     0.557643E-02     0.694848E-02     0.571178E-02     0.448638E-02
  0.482649E-02     0.456558E-02     0.475156E-02     0.494286E-02     0.610525E-02
  0.558916E-02     0.621119E-02     0.577366E-02     0.597855E-02     0.552733E-02
  0.589573E-02     0.480545E-02     0.502812E-02     0.469437E-02     0.625885E-02
  0.498965E-02     0.494218E-02     0.551031E-02     0.449021E-02     0.526753E-02
  0.660683E-02     0.432536E-02     0.414557E-02     0.474641E-02     0.569016E-02
  0.565892E-02     0.425143E-02     0.616876E-02     0.596003E-02     0.614419E-02
  0.813449E-02     0.509244E-02     0.471745E-02     0.419548E-02     0.639462E-02
  0.725620E-02     0.504698E-02     0.607524E-02     0.635455E-02     0.631145E-02
  0.391465E-02     0.636989E-02     0.460310E-02     0.499975E-02     0.522498E-02
  0.363061E-02     0.504277E-02     0.536009E-02     0.433428E-02     0.663976E-02
  0.425160E-02     0.686952E-02     0.637887E-02     0.667899E-02     0.701215E-02
  0.645234E-02     0.505232E-02     0.486855E-02     0.533294E-02     0.428291E-02
  0.480069E-02     0.493790E-02     0.531046E-02     0.533056E-02     0.494878E-02
  0.552329E-02     0.518860E-02     0.536998E-02     0.506497E-02     0.578649E-02
  0.538367E-02     0.543070E-02     0.560598E-02     0.641513E-02     0.541589E-02
  0.523931E-02     0.488718E-02     0.571105E-02     0.585700E-02     0.565550E-02
  0.500035E-02     0.477396E-02     0.475431E-02     0.486531E-02     0.506957E-02
  0.551932E-02     0.507219E-02     0.507316E-02     0.854489E-02     0.524900E-02
  0.499477E-02     0.508618E-02     0.555008E-02     0.505328E-02     0.433549E-02
  0.625713E-02     0.605933E-02     0.453765E-02     0.711198E-02     0.884525E-02
  0.532643E-02     0.668609E-02     0.522567E-02     0.644966E-02     0.104491E-01
  0.424446E-02     0.674129E-02     0.621348E-02     0.593301E-02     0.800784E-02
  0.590235E-02     0.648405E-02     0.671728E-02     0.808688E-02     0.987805E-02
  0.692303E-02     0.756334E-02     0.570335E-02     0.690874E-02     0.482829E-02
  0.576204E-02     0.435644E-02     0.568248E-02     0.572991E-02     0.695065E-02
  0.512394E-02     0.483335E-02     0.556055E-02     0.716017E-02     0.503531E-02
  0.487927E-02     0.498552E-02     0.554952E-02     0.500961E-02     0.532805E-02
  0.391147E-02     0.435224E-02     0.512086E-02     0.577834E-02     0.580566E-02
  0.678124E-02     0.534621E-02     0.522505E-02     0.523987E-02     0.505064E-02
  0.488950E-02     0.447801E-02     0.423132E-02     0.409140E-02     0.505606E-02
  0.388320E-02     0.452507E-02     0.424404E-02     0.570231E-02     0.620465E-02
  0.508175E-02     0.462174E-02     0.514338E-02     0.553838E-02     0.577944E-02
  0.522973E-02     0.538385E-02     0.516682E-02     0.517853E-02     0.662043E-02
  0.522088E-02     0.498946E-02     0.488935E-02     0.551431E-02     0.551044E-02
  0.561725E-02     0.489564E-02     0.592634E-02     0.513355E-02     0.393628E-02
  0.452470E-02     0.490586E-02     0.556533E-02     0.657292E-02     0.425415E-02
  0.441698E-02     0.505926E-02     0.552462E-02     0.539203E-02     0.572606E-02
  0.470199E-02     0.451516E-02     0.545396E-02     0.577039E-02     0.474985E-02
  0.574334E-02     0.496427E-02     0.535938E-02     0.677756E-02     0.487217E-02
  0.408325E-02     0.548402E-02     0.456314E-02     0.571522E-02     0.486007E-02
  0.584766E-02     0.521427E-02     0.488000E-02     0.616509E-02     0.466149E-02
  0.559317E-02     0.552174E-02     0.469075E-02     0.510637E-02     0.554921E-02
  0.515960E-02     0.510947E-02     0.635862E-02     0.506535E-02     0.516261E-02
  0.500179E-02     0.469031E-02     0.513284E-02     0.506204E-02     0.609191E-02
  0.553208E-02     0.628075E-02     0.577209E-02     0.627436E-02     0.456981E-02
  0.738103E-02     0.563014E-02     0.553979E-02     0.533474E-02     0.577659E-02
  0.666276E-02     0.535977E-02     0.544646E-02     0.517624E-02     0.538715E-02
  0.596806E-02     0.599585E-02     0.604363E-02     0.524691E-02     0.374885E-02
  0.437227E-02     0.465214E-02     0.545937E-02     0.483065E-02     0.527032E-02
  0.576012E-02     0.626514E-02     0.528568E-02     0.479089E-02     0.455649E-02
  0.633565E-02     0.712139E-02     0.675878E-02     0.833192E-02     0.616377E-02
  0.570742E-02     0.466145E-02     0.627927E-02     0.594807E-02     0.494292E-02
  0.588360E-02     0.590069E-02     0.596086E-02     0.627789E-02     0.573352E-02
  0.523480E-02     0.440530E-02     0.475619E-02     0.541295E-02     0.620078E-02
  0.528006E-02     0.458384E-02     0.630430E-02     0.541395E-02     0.458691E-02
  0.445769E-02     0.627535E-02     0.570846E-02     0.559786E-02     0.558309E-02
  0.547603E-02     0.623415E-02     0.538487E-02     0.624863E-02     0.726315E-02
  0.554953E-02     0.603883E-02     0.615178E-02     0.630430E-02     0.619512E-02
  0.607105E-02     0.513439E-02     0.556696E-02     0.522910E-02     0.549817E-02
  0.672163E-02     0.501868E-02     0.716959E-02     0.524930E-02     0.687484E-02
  0.607893E-02     0.535536E-02     0.644015E-02     0.639880E-02     0.570198E-02
  0.536948E-02     0.578625E-02     0.519641E-02     0.677941E-02     0.638428E-02
  0.629647E-02     0.677465E-02     0.670268E-02     0.567456E-02     0.635927E-02
  0.626074E-02     0.637525E-02     0.575471E-02     0.602084E-02     0.653765E-02
  0.555426E-02     0.543536E-02     0.593804E-02     0.575204E-02     0.589831E-02
  0.582074E-02     0.707985E-02     0.522820E-02     0.637643E-02     0.629446E-02
  0.691443E-02     0.670395E-02     0.632007E-02     0.586584E-02     0.667270E-02
  0.628455E-02     0.604417E-02     0.639741E-02     0.578149E-02     0.696835E-02
  0.605292E-02     0.725781E-02     0.604157E-02     0.954172E-02     0.592340E-02
  0.625618E-02     0.531737E-02     0.631209E-02     0.680654E-02     0.628918E-02
  0.654886E-02     0.512278E-02     0.646582E-02     0.666694E-02     0.682140E-02
  0.695236E-02     0.641029E-02     0.490322E-02     0.616781E-02     0.715237E-02
  0.643969E-02     0.592768E-02     0.556624E-02     0.627508E-02     0.489729E-02
  0.550704E-02     0.781142E-02     0.636791E-02     0.661417E-02     0.601604E-02
  0.438464E-02     0.625974E-02     0.700622E-02     0.561435E-02     0.615689E-02
  0.615111E-02     0.645709E-02     0.655893E-02     0.552137E-02     0.765511E-02
  0.870857E-02     0.572535E-02     0.407933E-02     0.637921E-02     0.864743E-02
  0.581325E-02     0.584670E-02     0.540252E-02     0.630513E-02     0.700016E-02
  0.522197E-02     0.603105E-02     0.664238E-02     0.590193E-02     0.639234E-02
  0.655215E-02     0.733044E-02     0.643047E-02     0.626614E-02     0.738114E-02
  0.676338E-02     0.552799E-02     0.687290E-02     0.614338E-02     0.842337E-02
  0.622836E-02     0.566435E-02     0.644388E-02     0.565922E-02     0.583271E-02
  0.501293E-02     0.623264E-02     0.688244E-02     0.527238E-02     0.751462E-02
  0.827032E-02     0.569327E-02     0.449773E-02     0.545018E-02     0.458997E-02
  0.455379E-02     0.703148E-02     0.693178E-02     0.599157E-02     0.654698E-02
  0.765990E-02     0.576343E-02     0.682354E-02     0.823181E-02     0.654433E-02
  0.703756E-02     0.707513E-02     0.668318E-02     0.500185E-02     0.677121E-02
  0.732242E-02     0.678244E-02     0.675370E-02     0.640333E-02     0.577930E-02
  0.644237E-02     0.717497E-02     0.594591E-02     0.626451E-02     0.980984E-02
  0.798799E-02     0.661135E-02     0.104892E-01     0.840788E-02     0.653331E-02
  0.768071E-02     0.886277E-02     0.728811E-02     0.745367E-02     0.710473E-02
  0.741644E-02     0.419308E-02     0.831259E-02     0.103530E-01     0.130137E-01
  0.104189E-01     0.111373E-01     0.547673E-02     0.855350E-02     0.845199E-02
  0.924776E-02     0.101153E-01     0.858426E-02     0.707945E-02     0.815602E-02
  0.757430E-02     0.809406E-02     0.955192E-02     0.858712E-02     0.773090E-02
  0.100270E-01     0.862397E-02     0.855872E-02     0.113546E-01     0.912056E-02
  0.736503E-02     0.809737E-02     0.847493E-02     0.668998E-02     0.783350E-02
  0.722888E-02     0.822655E-02     0.844673E-02     0.965005E-02     0.100980E-01
  0.462579E-02     0.741410E-02     0.732151E-02     0.850857E-02     0.994845E-02
  0.131845E-01     0.105276E-01     0.762984E-02     0.858867E-02     0.745587E-02
  0.642166E-02     0.610007E-02     0.767968E-02     0.772576E-02     0.937316E-02
  0.763265E-02     0.837023E-02     0.578759E-02     0.700147E-02     0.802268E-02
  0.697744E-02     0.755417E-02     0.778952E-02     0.613277E-02     0.113705E-01
  0.802487E-02     0.784723E-02     0.561965E-02     0.561463E-02     0.634246E-02
  0.675452E-02     0.843338E-02     0.724842E-02     0.689672E-02     0.722580E-02
  0.747153E-02     0.838711E-02     0.494626E-02     0.669890E-02     0.618296E-02
  0.738865E-02     0.596678E-02     0.925673E-02     0.544546E-02     0.590927E-02
  0.138104E-01     0.986348E-02     0.102583E-01     0.603957E-02     0.122798E-01
  0.877967E-02     0.681594E-02     0.737799E-02     0.112163E-01     0.112014E-01
  0.107308E-01     0.100849E-01     0.143059E-01     0.158123E-01     0.975224E-02
  0.639663E-02     0.111290E-01     0.111058E-01     0.149693E-01     0.864178E-02
  0.305161E-01     0.386690E-01     0.523756E-01     0.493725E-01     0.266420E-01
  0.335756E-01     0.375045E-01     0.322594E-01     0.360619E-01     0.445356E-01
  0.490239E-01     0.767502E-01     0.781841E-01     0.524346E-01     0.829592E-01
  0.107147E+00     0.130452E+00     0.144108E+00     0.106533E+00     0.692807E-01
  0.118337E+00     0.213599E+00     0.693172E-01     0.174274E+00     0.196616E+00
  0.175628E+00     0.154022E+00     0.271457E+00     0.185748E+00     0.221785E+00
  0.192640E+00     0.237134E+00     0.215979E+00     0.214161E+00     0.324901E+00
  0.227032E+00     0.285242E+00     0.295642E+00     0.317326E+00     0.356116E+00
  0.305585E+00     0.344146E+00     0.344787E+00     0.378007E+00     0.293437E+00
  0.407932E+00     0.453868E+00     0.454518E+00     0.461130E+00     0.441252E+00
  0.334793E+00     0.543033E+00     0.431547E+00     0.522571E+00     0.562766E+00
  0.612913E+00     0.625432E+00     0.731276E+00
 eigen energies, in ev
    -44.834861       -44.815625       -44.702748       -44.640301       -43.918333
    -28.627455       -28.401085       -28.393391       -28.281681       -28.245074
    -28.233199       -28.161284       -28.047876       -28.004681       -27.961126
    -27.912146       -27.854121       -27.746016       -27.745162       -27.702723
    -27.679125       -27.665335       -27.665137       -27.658898       -27.629930
    -27.577510       -27.571273       -27.567907       -27.565198       -27.556750
    -27.503831       -27.485851       -27.473256       -27.460624       -27.441319
    -27.395525       -27.378993       -27.374892       -27.341284       -27.292429
    -27.271175       -27.256772       -27.241394       -27.239412       -27.224932
    -27.219794       -27.192656       -27.167460       -27.162734       -27.147848
    -27.145251       -27.133096       -27.069945       -27.062373       -27.021682
    -26.990497       -26.954515       -26.928842       -26.926865       -26.924513
    -26.890944       -26.877485       -26.845146       -26.809708       -26.767928
    -26.743606       -26.724895       -26.711507       -26.682158       -26.666891
    -26.626973       -26.577459       -26.550295       -26.527920       -26.501116
    -26.476865       -26.404852       -26.365122       -26.288210       -26.271375
    -26.194198       -26.148520       -26.146105       -26.135606       -26.134202
    -26.104086       -26.021454       -25.994229       -25.990729       -25.987977
    -25.954626       -25.951351       -25.867265       -25.807782       -25.777020
    -25.765014       -25.758902       -25.743558       -25.739431       -25.736373
    -25.724453       -25.716718       -25.712120       -25.711880       -25.709126
    -25.651980       -25.602809       -25.597907       -25.581955       -25.575117
    -25.559716       -25.559291       -25.500545       -25.470914       -25.454157
    -25.452897       -25.432945       -25.427007       -25.418318       -25.363768
    -25.347809       -25.341257       -25.318445       -25.314443       -25.208214
    -25.205362       -25.170605       -25.164887       -25.159594       -25.144505
    -25.065766       -25.054212       -25.040074       -24.972866       -24.839007
    -24.351993       -24.270346       -24.253752       -23.854502       -23.765765
    -23.726261       -23.703796       -23.568266       -23.546138       -23.537827
    -23.504071       -23.401730       -23.373553       -23.341205       -23.295798
    -23.288582       -23.226707       -23.172733       -23.162969       -23.077405
    -23.068353       -23.063850       -23.062116       -23.057086       -22.893068
    -22.873975       -22.835536       -22.733170       -22.718057       -22.655616
    -22.601101       -22.581842       -22.414551       -22.401348       -22.344775
    -22.251036       -22.070934       -22.046504       -21.627987       -21.569736
    -21.541118       -21.516703       -21.506061       -21.497134       -21.373863
    -21.311246       -21.281682       -21.252129       -21.237295       -21.154529
    -21.095049       -21.042851       -20.903761       -20.897875       -20.835661
    -18.877953       -18.776642       -18.659638       -18.434186       -18.389490
    -16.372538       -16.183373       -16.025218       -16.015873       -16.009940
    -15.928537       -15.861103       -15.841251       -15.810733       -15.740939
    -15.603982       -15.595854       -15.563042       -15.491534       -15.464101
    -15.246508       -15.163397       -15.156918       -15.141808       -15.103372
    -15.077651       -15.068075       -14.988866       -14.955232       -14.858798
    -14.812994       -14.656753       -14.656174       -14.640571       -14.517455
    -14.478111       -14.445149       -14.415418       -14.343272       -14.332141
    -14.316042       -14.172127       -14.165624       -14.095395       -13.991993
    -13.982404       -13.952077       -13.932151       -13.930577       -13.845066
    -13.804752       -13.801481       -13.778989       -13.714089       -13.701748
    -13.634572       -13.619798       -13.613223       -13.590265       -13.531059
    -13.517771       -13.482429       -13.475971       -13.468898       -13.271013
    -13.265299       -13.222732       -13.165974       -13.156895       -13.135430
    -13.053085       -13.023166       -12.933670       -12.883862       -12.805066
    -12.298309       -12.186951       -12.134789       -12.119904       -11.953933
    -11.940695       -11.920175       -11.851473       -11.838761       -11.819825
    -11.773371       -11.726689       -11.718849       -11.712974       -11.679312
    -11.668260       -11.644763       -11.578710       -11.574284       -11.518708
    -11.516540       -11.447331       -11.426371       -11.404109       -11.402294
    -11.318025       -11.313374       -11.297706       -11.259427       -11.252207
    -11.233000       -11.181590       -11.151164       -11.137195       -11.125305
    -11.091318       -11.049280       -10.976923       -10.957728       -10.935681
    -10.917107       -10.884381       -10.869023       -10.862514       -10.848775
    -10.833878       -10.739064       -10.658252       -10.601284       -10.564843
    -10.551853       -10.525174       -10.512465       -10.423978       -10.409431
    -10.383868       -10.318821       -10.317548       -10.290058       -10.275324
    -10.268724       -10.265284       -10.236743       -10.219161       -10.217309
    -10.180173       -10.132951       -10.124250       -10.117074       -10.113071
    -10.089165       -10.087791       -10.058300       -10.054029       -10.044149
    -10.038751       -10.037016       -10.005105        -9.999604        -9.997544
     -9.973887        -9.963934        -9.954346        -9.931861        -9.925275
     -9.894830        -9.884399        -9.879479        -9.872707        -9.868668
     -9.847950        -9.847390        -9.823790        -9.819266        -9.812674
     -9.810646        -9.804425        -9.799178        -9.777733        -9.759912
     -9.726202        -9.720599        -9.718635        -9.702933        -9.699011
     -9.669700        -9.661621        -9.653493        -9.649875        -9.643731
     -9.633088        -9.602819        -9.592201        -9.580852        -9.577449
     -9.570207        -9.542661        -9.523028        -9.516761        -9.500446
     -9.495836        -9.488275        -9.487323        -9.474969        -9.463479
     -9.441678        -9.424578        -9.398463        -9.382718        -9.367135
     -9.356029        -9.345931        -9.329196        -9.321023        -9.313862
     -9.311945        -9.278706        -9.274712        -9.263749        -9.252498
     -9.245423        -9.231266        -9.220891        -9.213456        -9.207103
     -9.201067        -9.195374        -9.161368        -9.145067        -9.122220
     -9.115509        -9.099231        -9.094170        -9.087873        -9.072691
     -9.060446        -9.035214        -9.032259        -9.026277        -9.016219
     -9.009514        -9.000027        -8.994069        -8.985884        -8.971332
     -8.959125        -8.925455        -8.906308        -8.897628        -8.881172
     -8.858662        -8.843195        -8.804024        -8.794598        -8.777400
     -8.775534        -8.763990        -8.749567        -8.742293        -8.734412
     -8.732712        -8.709252        -8.705453        -8.689219        -8.684962
     -8.674820        -8.668424        -8.654848        -8.619769        -8.599684
     -8.561731        -8.536040        -8.525574        -8.512585        -8.504486
     -8.498338        -8.469782        -8.463601        -8.459893        -8.395918
     -8.392740        -8.380237        -8.338933        -8.330547        -8.324059
     -8.282726        -8.279659        -8.272778        -8.253779        -8.209092
     -8.207530        -8.198738        -8.189095        -8.184396        -8.174678
     -8.164764        -8.156415        -8.142417        -8.111557        -8.100412
     -8.090663        -8.084504        -8.045963        -8.014089        -7.996907
     -7.986655        -7.979395        -7.972196        -7.955671        -7.950628
     -7.938458        -7.907989        -7.903294        -7.894247        -7.878542
     -7.860014        -7.853232        -7.837364        -7.832076        -7.828185
     -7.808305        -7.735087        -7.732194        -7.696967        -7.693241
     -7.653918        -7.649310        -7.605278        -7.570900        -7.527422
     -7.522678        -7.512168        -7.496770        -7.491083        -7.467939
     -7.386662        -7.377119        -7.373690        -7.356652        -7.308549
     -7.295430        -7.283795        -7.242784        -7.233835        -7.226525
     -7.210200        -7.205391        -7.190345        -7.143847        -7.111871
     -7.101179        -7.063610        -7.047177        -7.033503        -7.020771
     -6.981254        -6.963208        -6.944148        -6.931946        -6.927311
     -6.903860        -6.890187        -6.887677        -6.869636        -6.828048
     -6.824250        -6.779956        -6.766529        -6.765296        -6.751356
     -6.735094        -6.712177        -6.682733        -6.681084        -6.663466
     -6.610290        -6.604804        -6.591167        -6.588699        -6.580380
     -6.546317        -6.537921        -6.514875        -6.505635        -6.496368
     -6.482740        -6.476448        -6.470249        -6.463181        -6.451602
     -6.435727        -6.421117        -6.418232        -6.409346        -6.407507
     -6.400265        -6.395959        -6.376326        -6.373613        -6.360246
     -6.351153        -6.347788        -6.336460        -6.322737        -6.308013
     -6.307070        -6.295811        -6.278973        -6.266915        -6.239451
     -6.226971        -6.219590        -6.211317        -6.204863        -6.199814
     -6.189324        -6.185769        -6.179478        -6.161440        -6.143823
     -6.134839        -6.122050        -6.106485        -6.102825        -6.093916
     -6.087810        -6.079916        -6.074346        -6.066101        -6.064127
     -6.050468        -6.043442        -6.011771        -6.010659        -6.005640
     -5.994172        -5.990452        -5.984041        -5.972643        -5.970682
     -5.961544        -5.958125        -5.956354        -5.951538        -5.942911
     -5.927994        -5.926277        -5.918006        -5.899192        -5.896508
     -5.888204        -5.879176        -5.874150        -5.870235        -5.860069
     -5.852218        -5.843545        -5.827685        -5.823955        -5.806396
     -5.796704        -5.794101        -5.778054        -5.773857        -5.765168
     -5.761611        -5.752459        -5.748968        -5.737969        -5.726879
     -5.706388        -5.703450        -5.690210        -5.678301        -5.675511
     -5.668054        -5.657050        -5.644771        -5.636772        -5.619049
     -5.609959        -5.600251        -5.598774        -5.591689        -5.576271
     -5.566077        -5.557463        -5.550002        -5.544315        -5.533668
     -5.531366        -5.526887        -5.516023        -5.512140        -5.506957
     -5.501078        -5.498035        -5.486460        -5.481683        -5.478695
     -5.465288        -5.455679        -5.451208        -5.443930        -5.439438
     -5.435981        -5.431992        -5.421247        -5.409050        -5.395477
     -5.394868        -5.387585        -5.376274        -5.373303        -5.361526
     -5.354725        -5.347813        -5.338350        -5.327279        -5.326363
     -5.323462        -5.317526        -5.311376        -5.303519        -5.293024
     -5.277420        -5.274165        -5.265124        -5.260339        -5.255434
     -5.249758        -5.245575        -5.240642        -5.236194        -5.230290
     -5.220070        -5.215107        -5.207321        -5.196261        -5.190870
     -5.186783        -5.182841        -5.176944        -5.172315        -5.168057
     -5.165235        -5.159555        -5.157937        -5.153746        -5.147333
     -5.145083        -5.137611        -5.130805        -5.130095        -5.125602
     -5.118696        -5.106142        -5.100564        -5.097836        -5.090881
     -5.084971        -5.078013        -5.070050        -5.060339        -5.053864
     -5.047914        -5.045676        -5.040830        -5.030561        -5.026447
     -5.022675        -5.015811        -5.007088        -5.000525        -4.996190
     -4.992746        -4.986135        -4.977535        -4.973182        -4.968785
     -4.965188        -4.955853        -4.944584        -4.942688        -4.931088
     -4.920027        -4.916713        -4.911383        -4.906832        -4.897518
     -4.891692        -4.887361        -4.882360        -4.875882        -4.870269
     -4.862616        -4.855792        -4.853476        -4.844976        -4.834815
     -4.829278        -4.818327        -4.815108        -4.807626        -4.802436
     -4.787972        -4.783611        -4.774264        -4.766758        -4.758477
     -4.753982        -4.739642        -4.735798        -4.728280        -4.717928
     -4.706460        -4.703577        -4.697555        -4.691676        -4.683429
     -4.677118        -4.669037        -4.665984        -4.653226        -4.651595
     -4.638405        -4.631360        -4.622499        -4.618709        -4.611187
     -4.607300        -4.602809        -4.600092        -4.594974        -4.588419
     -4.572691        -4.567471        -4.556535        -4.549909        -4.546354
     -4.531609        -4.520412        -4.517190        -4.506507        -4.503318
     -4.482656        -4.472221        -4.458785        -4.445427        -4.441221
     -4.435293        -4.427691        -4.418342        -4.410718        -4.408281
     -4.399763        -4.393323        -4.391568        -4.363568        -4.334162
     -4.324434        -4.316593        -4.312280        -4.289902        -4.288270
     -4.275576        -4.270973        -4.248453        -4.237020        -4.227731
     -4.209916        -4.199479        -4.184811        -4.179347        -4.149713
     -4.139056        -4.133647        -4.117140        -4.089840        -4.067460
     -4.060736        -4.035908        -4.024503        -3.972412        -3.967356
     -3.961469        -3.939345        -3.931065        -3.912678        -3.900604
     -3.880884        -3.875551        -3.841885        -3.795060        -3.793092
     -3.784641        -3.769903        -3.767418        -3.725301        -3.694567
     -3.672856        -3.660123        -3.655210        -3.632786        -3.620732
     -3.602537        -3.584121        -3.577300        -3.554930        -3.551611
     -3.541978        -3.519597        -3.511885        -3.487131        -3.475660
     -3.468967        -3.450007        -3.433996        -3.413577        -3.390937
     -3.370389        -3.346253        -3.306373        -3.285820        -3.271484
     -3.253538        -3.242355        -3.231714        -3.207816        -3.179004
     -3.162937        -3.159229        -3.152715        -3.151883        -3.139995
     -3.137112        -3.131862        -3.095773        -3.090179        -3.063184
     -3.034403        -3.019799        -3.013328        -3.011806        -2.994842
     -2.988700        -2.974393        -2.943875        -2.930860        -2.922065
     -2.915270        -2.909192        -2.897059        -2.876324        -2.869718
     -2.857259        -2.813908        -2.798940        -2.791501        -2.772625
     -2.770149        -2.745561        -2.741438        -2.733690        -2.683500
     -2.653257        -2.642053        -2.628939        -2.620536        -2.599965
     -2.576540        -2.566065        -2.551677        -2.536677        -2.522534
     -2.460167        -2.399211        -2.398206        -2.387149        -2.310919
     -2.308665        -2.224851        -2.200286        -2.172035        -2.099177
      2.287479         2.613716         2.704819         2.788577         2.850655
      2.864610         2.883783         2.904585         2.972392         3.150314
      3.186298         3.223693         3.274353         3.342609         3.469845
      3.477625         3.500387         3.545141         3.590370         3.607141
      3.636068         3.672299         3.704872         3.759472         3.770220
      3.784668         3.852505         3.864273         3.889797         3.915561
      3.935424         3.989608         4.029914         4.044699         4.056861
      4.081605         4.091487         4.119446         4.148007         4.162973
      4.201131         4.216353         4.238553         4.245560         4.276271
      4.289968         4.328117         4.347808         4.366322         4.409244
      4.432234         4.459927         4.497582         4.507903         4.553941
      4.608898         4.673432         4.701190
 *********************************
 sum eigen(dbl occ, ryd)=  -1537.63775446479     
 *********************************
 Ef(eV)=  0.967637350236958     
 ***************************************************
 iter=          15
 ---------------------------------------------------
 dvE, dvE(n)-dvE(n-1) = 0.4343E-04 0.9797E-05
 dv_ave, drho_tot     = 0.6590E-02 0.1837E-02
 err of ug            = 0.3606E-03
 ---------------------------------------------------
 Ewald        = -.41876607880374E+05
 Alpha        = 0.15207970391171E+04
 E_extV       = 0.00000000000000E+00    0.0000E+00
 E_NSC        = -.21360832423719E+05    -.5099E+01
 E[-rho*V_Hxc]= -.12254049653384E+06    0.5439E+01
 E_Hxc        = 0.51346556841281E+05    -.5312E+01
 -TS          = -.31160109209623E-22    -.2755E-22
 E_tot(eV)    = -.13291058295753E+06    0.3399E+00
 ---------------------------------------------------
 E_ion,E_coul,E_xc =   -223259.7597119   80139.2749926  -28792.7181513
Ewald+Hart+ion    -0.1849970925997E+06
 ave(vtot)=ave_(V_xc)=: v0= -0.281622230135822     
 Eigen energies are values after setting ave_vtot=0
 ----------------------------------
 One SCF use:    85.8765950202942       s
 *********************************
 ****** kpt=           1
 err of each states, eV
  0.245189E-02     0.406630E-02     0.427643E-02     0.258951E-02     0.239096E-02
  0.326841E-02     0.111260E-02     0.243919E-02     0.145097E-02     0.311634E-02
  0.252027E-02     0.156765E-02     0.176923E-02     0.178465E-02     0.224564E-02
  0.271155E-02     0.134173E-02     0.187898E-02     0.221454E-02     0.113107E-02
  0.180787E-02     0.155617E-02     0.103458E-02     0.176286E-02     0.285946E-02
  0.151685E-02     0.105768E-02     0.133941E-02     0.322100E-02     0.131862E-02
  0.182308E-02     0.137070E-02     0.178722E-02     0.106401E-02     0.167732E-02
  0.160878E-02     0.149304E-02     0.108423E-02     0.160808E-02     0.169662E-02
  0.172124E-02     0.129168E-02     0.153452E-02     0.169306E-02     0.152477E-02
  0.234077E-02     0.246054E-02     0.118057E-02     0.175599E-02     0.149410E-02
  0.197106E-02     0.142371E-02     0.133451E-02     0.145925E-02     0.178813E-02
  0.133633E-02     0.162110E-02     0.148195E-02     0.195878E-02     0.205331E-02
  0.146811E-02     0.173356E-02     0.958464E-03     0.176948E-02     0.162583E-02
  0.176904E-02     0.156222E-02     0.126515E-02     0.135268E-02     0.116065E-02
  0.172751E-02     0.952302E-03     0.159437E-02     0.185670E-02     0.219809E-02
  0.182606E-02     0.175463E-02     0.996375E-03     0.170830E-02     0.157226E-02
  0.162806E-02     0.129252E-02     0.114921E-02     0.191217E-02     0.132477E-02
  0.122873E-02     0.105135E-02     0.122967E-02     0.135438E-02     0.113045E-02
  0.208908E-02     0.154734E-02     0.157429E-02     0.161446E-02     0.175217E-02
  0.196746E-02     0.183743E-02     0.211221E-02     0.111345E-02     0.167259E-02
  0.810285E-03     0.136464E-02     0.187495E-02     0.124011E-02     0.122547E-02
  0.161800E-02     0.131612E-02     0.145048E-02     0.145392E-02     0.165481E-02
  0.118381E-02     0.107288E-02     0.115411E-02     0.234698E-02     0.157062E-02
  0.151287E-02     0.187880E-02     0.125255E-02     0.139743E-02     0.131005E-02
  0.149837E-02     0.162323E-02     0.148336E-02     0.102746E-02     0.226056E-02
  0.145032E-02     0.132364E-02     0.162617E-02     0.160446E-02     0.198808E-02
  0.117822E-02     0.168486E-02     0.145472E-02     0.208061E-02     0.155726E-02
  0.150328E-02     0.286150E-02     0.193336E-02     0.249490E-02     0.196556E-02
  0.147307E-02     0.237489E-02     0.310677E-02     0.178236E-02     0.117998E-02
  0.161253E-02     0.132742E-02     0.207076E-02     0.226098E-02     0.210581E-02
  0.124405E-02     0.213189E-02     0.195518E-02     0.156240E-02     0.305652E-02
  0.133879E-02     0.274970E-02     0.165157E-02     0.175958E-02     0.148224E-02
  0.223799E-02     0.206077E-02     0.113769E-02     0.955802E-03     0.201171E-02
  0.236134E-02     0.121887E-02     0.165699E-02     0.175203E-02     0.218325E-02
  0.214115E-02     0.134306E-02     0.325433E-02     0.423201E-02     0.218360E-02
  0.198964E-02     0.163527E-02     0.196203E-02     0.180982E-02     0.196216E-02
  0.120611E-02     0.146682E-02     0.141569E-02     0.207058E-02     0.171890E-02
  0.175507E-02     0.116534E-02     0.140032E-02     0.188321E-02     0.131915E-02
  0.204695E-02     0.108300E-02     0.153457E-02     0.292035E-02     0.178960E-02
  0.207950E-02     0.189091E-02     0.124555E-02     0.149078E-02     0.181742E-02
  0.184837E-02     0.236670E-02     0.119999E-02     0.133941E-02     0.177179E-02
  0.140880E-02     0.149433E-02     0.144163E-02     0.106142E-02     0.188378E-02
  0.107263E-02     0.167047E-02     0.218754E-02     0.170480E-02     0.225388E-02
  0.244128E-02     0.180621E-02     0.178174E-02     0.118413E-02     0.157789E-02
  0.149118E-02     0.209402E-02     0.164294E-02     0.152517E-02     0.153268E-02
  0.154947E-02     0.165800E-02     0.135440E-02     0.140691E-02     0.242672E-02
  0.161170E-02     0.151194E-02     0.152332E-02     0.111065E-02     0.155743E-02
  0.145091E-02     0.229249E-02     0.229061E-02     0.179881E-02     0.266515E-02
  0.199294E-02     0.238293E-02     0.191632E-02     0.190656E-02     0.211864E-02
  0.183915E-02     0.229039E-02     0.176506E-02     0.123982E-02     0.178594E-02
  0.168121E-02     0.167429E-02     0.277147E-02     0.250160E-02     0.231491E-02
  0.226094E-02     0.198992E-02     0.215747E-02     0.206873E-02     0.169589E-02
  0.195303E-02     0.204499E-02     0.147186E-02     0.149635E-02     0.180368E-02
  0.309853E-02     0.165978E-02     0.242501E-02     0.215349E-02     0.238083E-02
  0.256350E-02     0.244995E-02     0.318687E-02     0.223262E-02     0.258234E-02
  0.232677E-02     0.240461E-02     0.217567E-02     0.265027E-02     0.221827E-02
  0.295090E-02     0.239691E-02     0.263526E-02     0.184355E-02     0.196996E-02
  0.221247E-02     0.243062E-02     0.229294E-02     0.299390E-02     0.239487E-02
  0.237871E-02     0.247223E-02     0.253088E-02     0.190164E-02     0.268715E-02
  0.256956E-02     0.265793E-02     0.304703E-02     0.231597E-02     0.258813E-02
  0.354174E-02     0.280556E-02     0.197402E-02     0.200063E-02     0.463365E-02
  0.279950E-02     0.269830E-02     0.220141E-02     0.265325E-02     0.325202E-02
  0.405838E-02     0.373057E-02     0.430398E-02     0.276732E-02     0.308713E-02
  0.353415E-02     0.408461E-02     0.365538E-02     0.289629E-02     0.289517E-02
  0.469470E-02     0.323405E-02     0.222298E-02     0.231689E-02     0.442254E-02
  0.335822E-02     0.411106E-02     0.424601E-02     0.553495E-02     0.393855E-02
  0.280458E-02     0.308586E-02     0.259702E-02     0.322839E-02     0.393789E-02
  0.349892E-02     0.454653E-02     0.353653E-02     0.371925E-02     0.369047E-02
  0.405001E-02     0.435333E-02     0.340587E-02     0.411891E-02     0.409769E-02
  0.320144E-02     0.313891E-02     0.303759E-02     0.564227E-02     0.341290E-02
  0.349447E-02     0.401468E-02     0.372677E-02     0.376332E-02     0.275323E-02
  0.266730E-02     0.447091E-02     0.352051E-02     0.345181E-02     0.346639E-02
  0.389838E-02     0.387252E-02     0.243414E-02     0.494378E-02     0.453147E-02
  0.364327E-02     0.347734E-02     0.423574E-02     0.419290E-02     0.409505E-02
  0.350599E-02     0.301358E-02     0.319186E-02     0.326446E-02     0.318411E-02
  0.244906E-02     0.424143E-02     0.364691E-02     0.398608E-02     0.249263E-02
  0.348248E-02     0.325128E-02     0.349117E-02     0.323130E-02     0.355092E-02
  0.386974E-02     0.382061E-02     0.409935E-02     0.369581E-02     0.382546E-02
  0.365672E-02     0.390873E-02     0.442414E-02     0.424818E-02     0.457349E-02
  0.334015E-02     0.368934E-02     0.343039E-02     0.364266E-02     0.318302E-02
  0.419667E-02     0.479966E-02     0.302016E-02     0.312691E-02     0.389795E-02
  0.337667E-02     0.309087E-02     0.359434E-02     0.640953E-02     0.424650E-02
  0.366931E-02     0.303939E-02     0.337625E-02     0.304250E-02     0.381647E-02
  0.392392E-02     0.385306E-02     0.349398E-02     0.392919E-02     0.324626E-02
  0.325476E-02     0.361165E-02     0.350056E-02     0.492816E-02     0.449057E-02
  0.411087E-02     0.510067E-02     0.402561E-02     0.361011E-02     0.341572E-02
  0.376823E-02     0.443927E-02     0.480988E-02     0.363576E-02     0.430751E-02
  0.401064E-02     0.321749E-02     0.305564E-02     0.512217E-02     0.467837E-02
  0.368845E-02     0.342784E-02     0.367855E-02     0.497092E-02     0.564560E-02
  0.421066E-02     0.434003E-02     0.346788E-02     0.324196E-02     0.435688E-02
  0.463783E-02     0.373889E-02     0.369066E-02     0.312423E-02     0.459383E-02
  0.333545E-02     0.438986E-02     0.387904E-02     0.322787E-02     0.430566E-02
  0.256258E-02     0.285403E-02     0.337307E-02     0.418776E-02     0.443576E-02
  0.393790E-02     0.355060E-02     0.346643E-02     0.339721E-02     0.356613E-02
  0.418715E-02     0.331088E-02     0.272177E-02     0.374997E-02     0.265153E-02
  0.405876E-02     0.320274E-02     0.318318E-02     0.344700E-02     0.458862E-02
  0.332143E-02     0.362866E-02     0.387553E-02     0.345767E-02     0.396058E-02
  0.383602E-02     0.366278E-02     0.360821E-02     0.369010E-02     0.381712E-02
  0.414429E-02     0.416735E-02     0.506945E-02     0.475782E-02     0.399995E-02
  0.392771E-02     0.383453E-02     0.451120E-02     0.362644E-02     0.382620E-02
  0.318802E-02     0.321534E-02     0.304278E-02     0.322900E-02     0.371387E-02
  0.372675E-02     0.293518E-02     0.386786E-02     0.274339E-02     0.261563E-02
  0.575891E-02     0.405477E-02     0.413402E-02     0.441318E-02     0.479347E-02
  0.393111E-02     0.399829E-02     0.416726E-02     0.531166E-02     0.556212E-02
  0.344385E-02     0.371719E-02     0.410254E-02     0.452119E-02     0.434769E-02
  0.362175E-02     0.526802E-02     0.397888E-02     0.377825E-02     0.419218E-02
  0.380221E-02     0.389350E-02     0.358877E-02     0.348605E-02     0.458507E-02
  0.327299E-02     0.518392E-02     0.386141E-02     0.399471E-02     0.353299E-02
  0.356349E-02     0.391136E-02     0.373269E-02     0.383228E-02     0.352588E-02
  0.301808E-02     0.291922E-02     0.344773E-02     0.364020E-02     0.429598E-02
  0.475387E-02     0.306756E-02     0.371510E-02     0.411596E-02     0.392858E-02
  0.366643E-02     0.339403E-02     0.319249E-02     0.312203E-02     0.335990E-02
  0.324249E-02     0.343943E-02     0.352604E-02     0.386151E-02     0.382140E-02
  0.318318E-02     0.400255E-02     0.408654E-02     0.402209E-02     0.284772E-02
  0.425680E-02     0.316193E-02     0.321478E-02     0.324594E-02     0.378196E-02
  0.393993E-02     0.478031E-02     0.398623E-02     0.379750E-02     0.365928E-02
  0.343358E-02     0.317015E-02     0.444337E-02     0.403292E-02     0.397551E-02
  0.377390E-02     0.458249E-02     0.498460E-02     0.403762E-02     0.338857E-02
  0.357537E-02     0.404152E-02     0.357109E-02     0.355348E-02     0.359071E-02
  0.350006E-02     0.329200E-02     0.350551E-02     0.375751E-02     0.353584E-02
  0.389579E-02     0.383660E-02     0.338363E-02     0.353678E-02     0.412331E-02
  0.452942E-02     0.352313E-02     0.411980E-02     0.331419E-02     0.388740E-02
  0.418529E-02     0.376079E-02     0.397605E-02     0.375533E-02     0.350483E-02
  0.352643E-02     0.364610E-02     0.343244E-02     0.365586E-02     0.340587E-02
  0.393082E-02     0.371199E-02     0.391452E-02     0.394427E-02     0.391341E-02
  0.401887E-02     0.428785E-02     0.395503E-02     0.361165E-02     0.436116E-02
  0.379815E-02     0.389148E-02     0.386286E-02     0.391850E-02     0.382946E-02
  0.454338E-02     0.472033E-02     0.358416E-02     0.434959E-02     0.487121E-02
  0.436135E-02     0.401253E-02     0.388942E-02     0.403252E-02     0.466431E-02
  0.395210E-02     0.446402E-02     0.430238E-02     0.413959E-02     0.399829E-02
  0.409237E-02     0.439792E-02     0.370672E-02     0.411196E-02     0.432560E-02
  0.368780E-02     0.402359E-02     0.385906E-02     0.467183E-02     0.369891E-02
  0.514135E-02     0.373174E-02     0.371859E-02     0.401069E-02     0.489822E-02
  0.555952E-02     0.386499E-02     0.465342E-02     0.445829E-02     0.374567E-02
  0.364912E-02     0.453852E-02     0.356392E-02     0.391151E-02     0.411533E-02
  0.389982E-02     0.435642E-02     0.373119E-02     0.547435E-02     0.496640E-02
  0.410699E-02     0.394922E-02     0.395458E-02     0.380553E-02     0.429288E-02
  0.390063E-02     0.333244E-02     0.308329E-02     0.432263E-02     0.469613E-02
  0.394386E-02     0.499852E-02     0.468959E-02     0.444413E-02     0.478249E-02
  0.405860E-02     0.437348E-02     0.448031E-02     0.486725E-02     0.433552E-02
  0.370022E-02     0.415555E-02     0.441239E-02     0.402521E-02     0.414991E-02
  0.416457E-02     0.337180E-02     0.492899E-02     0.466725E-02     0.379963E-02
  0.456208E-02     0.482686E-02     0.433629E-02     0.423017E-02     0.352016E-02
  0.334636E-02     0.466602E-02     0.398247E-02     0.453697E-02     0.392450E-02
  0.433723E-02     0.486848E-02     0.430897E-02     0.424168E-02     0.533942E-02
  0.518321E-02     0.420176E-02     0.427333E-02     0.411543E-02     0.526689E-02
  0.536979E-02     0.462980E-02     0.490588E-02     0.435874E-02     0.442032E-02
  0.473938E-02     0.440204E-02     0.496586E-02     0.576863E-02     0.513911E-02
  0.448423E-02     0.484136E-02     0.460167E-02     0.408396E-02     0.407244E-02
  0.498283E-02     0.509526E-02     0.417988E-02     0.440082E-02     0.465306E-02
  0.474665E-02     0.457499E-02     0.404408E-02     0.451862E-02     0.399641E-02
  0.465567E-02     0.488440E-02     0.537460E-02     0.537266E-02     0.480554E-02
  0.516367E-02     0.496664E-02     0.510656E-02     0.493261E-02     0.480968E-02
  0.482450E-02     0.480996E-02     0.467010E-02     0.458559E-02     0.428707E-02
  0.487339E-02     0.481320E-02     0.419035E-02     0.496179E-02     0.411385E-02
  0.503357E-02     0.471299E-02     0.549689E-02     0.486254E-02     0.427572E-02
  0.413787E-02     0.501989E-02     0.505226E-02     0.420221E-02     0.492949E-02
  0.505328E-02     0.472054E-02     0.444190E-02     0.417137E-02     0.373430E-02
  0.439759E-02     0.525319E-02     0.457645E-02     0.456526E-02     0.497888E-02
  0.540197E-02     0.445337E-02     0.609569E-02     0.479645E-02     0.539525E-02
  0.497636E-02     0.526459E-02     0.544480E-02     0.478908E-02     0.530799E-02
  0.534150E-02     0.456896E-02     0.486182E-02     0.546396E-02     0.524024E-02
  0.645915E-02     0.571430E-02     0.315040E-02     0.464771E-02     0.485462E-02
  0.535862E-02     0.347225E-02     0.470140E-02     0.445312E-02     0.433657E-02
  0.568263E-02     0.437532E-02     0.491834E-02     0.481778E-02     0.487429E-02
  0.580371E-02     0.637890E-02     0.433437E-02     0.333194E-02     0.483569E-02
  0.444071E-02     0.407533E-02     0.438640E-02     0.385243E-02     0.642573E-02
  0.473221E-02     0.474945E-02     0.470686E-02     0.517007E-02     0.515667E-02
  0.515067E-02     0.501897E-02     0.508404E-02     0.491788E-02     0.405906E-02
  0.554372E-02     0.536718E-02     0.498236E-02     0.487072E-02     0.559395E-02
  0.506434E-02     0.602545E-02     0.485530E-02     0.539579E-02     0.470555E-02
  0.499423E-02     0.485144E-02     0.512539E-02     0.373151E-02     0.494830E-02
  0.451959E-02     0.446526E-02     0.657048E-02     0.398450E-02     0.792207E-02
  0.730679E-02     0.355677E-02     0.544067E-02     0.774638E-02     0.568134E-02
  0.652886E-02     0.549361E-02     0.620007E-02     0.694687E-02     0.837247E-02
  0.673475E-02     0.341471E-02     0.887680E-02     0.514439E-02     0.705239E-02
  0.591828E-02     0.570237E-02     0.571574E-02     0.468996E-02     0.623925E-02
  0.628226E-02     0.641495E-02     0.702596E-02     0.609635E-02     0.549731E-02
  0.532224E-02     0.456621E-02     0.556260E-02     0.567931E-02     0.671476E-02
  0.694410E-02     0.583107E-02     0.563231E-02     0.523692E-02     0.711367E-02
  0.713742E-02     0.544312E-02     0.414197E-02     0.811142E-02     0.710326E-02
  0.594927E-02     0.706428E-02     0.547819E-02     0.673241E-02     0.572577E-02
  0.670129E-02     0.740016E-02     0.383081E-02     0.379633E-02     0.663313E-02
  0.824678E-02     0.730778E-02     0.688536E-02     0.590842E-02     0.874583E-02
  0.583731E-02     0.891210E-02     0.824378E-02     0.575604E-02     0.617513E-02
  0.558935E-02     0.547194E-02     0.481431E-02     0.372471E-02     0.455028E-02
  0.608946E-02     0.775578E-02     0.442645E-02     0.540552E-02     0.557879E-02
  0.406945E-02     0.558175E-02     0.505534E-02     0.532737E-02     0.523714E-02
  0.484807E-02     0.613838E-02     0.606323E-02     0.621846E-02     0.392232E-02
  0.451780E-02     0.731087E-02     0.536596E-02     0.528697E-02     0.798715E-02
  0.488664E-02     0.317547E-02     0.525636E-02     0.467224E-02     0.530027E-02
  0.792366E-02     0.811042E-02     0.570383E-02     0.611346E-02     0.771439E-02
  0.649473E-02     0.545933E-02     0.998904E-02     0.954726E-02     0.687326E-02
  0.808437E-02     0.431160E-02     0.479439E-02     0.109323E-01     0.318830E-02
  0.229037E-01     0.312271E-01     0.457207E-01     0.435058E-01     0.202310E-01
  0.287743E-01     0.250442E-01     0.285038E-01     0.251178E-01     0.323185E-01
  0.373340E-01     0.564636E-01     0.687239E-01     0.431418E-01     0.643185E-01
  0.106616E+00     0.127809E+00     0.560418E-01     0.129973E+00     0.129849E+00
  0.681630E-01     0.883755E-01     0.113224E+00     0.177080E+00     0.125591E+00
  0.143365E+00     0.157467E+00     0.121822E+00     0.119537E+00     0.137915E+00
  0.189116E+00     0.202730E+00     0.220098E+00     0.212202E+00     0.173877E+00
  0.278155E+00     0.208763E+00     0.258266E+00     0.244299E+00     0.284112E+00
  0.307261E+00     0.263724E+00     0.310916E+00     0.225024E+00     0.256730E+00
  0.258601E+00     0.359830E+00     0.374673E+00     0.326407E+00     0.230372E+00
  0.382897E+00     0.313860E+00     0.440494E+00     0.364269E+00     0.433741E+00
  0.592931E+00     0.370705E+00     0.497784E+00
 eigen energies, in ev
    -44.669676       -44.616825       -44.538820       -44.494907       -43.832147
    -28.624471       -28.355696       -28.305127       -28.271014       -28.243989
    -28.214723       -28.146239       -28.076225       -28.058996       -28.032857
    -27.951929       -27.889357       -27.831045       -27.786943       -27.765480
    -27.737201       -27.726228       -27.719030       -27.645188       -27.638681
    -27.634100       -27.627600       -27.597150       -27.569606       -27.555797
    -27.550587       -27.549669       -27.525578       -27.499950       -27.495493
    -27.466677       -27.440020       -27.438299       -27.388539       -27.380830
    -27.339954       -27.294838       -27.290737       -27.288754       -27.288293
    -27.249442       -27.244159       -27.241285       -27.195986       -27.193404
    -27.132122       -27.048799       -27.043423       -27.036891       -27.019282
    -27.006518       -27.006233       -26.973796       -26.961856       -26.961396
    -26.940877       -26.886006       -26.841351       -26.838548       -26.777863
    -26.776001       -26.762488       -26.748577       -26.713397       -26.653197
    -26.648887       -26.642607       -26.582597       -26.531284       -26.523402
    -26.505095       -26.434896       -26.369194       -26.348680       -26.344369
    -26.270518       -26.194798       -26.187999       -26.176685       -26.159372
    -26.129520       -26.087224       -26.049809       -26.043879       -26.042689
    -26.037349       -25.977798       -25.939455       -25.888527       -25.844742
    -25.831544       -25.821407       -25.804570       -25.801842       -25.782942
    -25.776067       -25.768747       -25.761867       -25.743342       -25.735356
    -25.717395       -25.651660       -25.636838       -25.623659       -25.618433
    -25.603494       -25.598468       -25.590483       -25.555028       -25.535317
    -25.526890       -25.466484       -25.455848       -25.449337       -25.446527
    -25.403760       -25.380714       -25.376751       -25.371937       -25.268577
    -25.267597       -25.266904       -25.261054       -25.218149       -25.176016
    -25.168628       -25.133074       -25.113166       -25.061837       -24.914281
    -24.216388       -24.111888       -24.100782       -23.713882       -23.676466
    -23.664285       -23.651977       -23.578366       -23.499575       -23.472208
    -23.395096       -23.320186       -23.280454       -23.261085       -23.257171
    -23.197816       -23.194711       -23.167038       -23.144067       -23.132007
    -23.122542       -23.090234       -23.027184       -22.973949       -22.970218
    -22.949419       -22.922861       -22.811971       -22.706525       -22.676517
    -22.667271       -22.582906       -22.509942       -22.371257       -22.265635
    -22.258374       -21.934747       -21.881425       -21.490448       -21.489053
    -21.427984       -21.423995       -21.420790       -21.418826       -21.272167
    -21.243307       -21.216400       -21.208955       -21.162908       -21.060972
    -20.970498       -20.961549       -20.869577       -20.861006       -20.781103
    -18.723808       -18.629904       -18.588497       -18.337040       -18.283202
    -16.407832       -16.302670       -16.101130       -16.074307       -16.007300
    -15.988251       -15.924227       -15.907829       -15.890973       -15.830964
    -15.602903       -15.597203       -15.593439       -15.548035       -15.485346
    -15.341339       -15.135703       -15.103858       -15.074747       -15.039998
    -15.009310       -15.005922       -14.971271       -14.924421       -14.888476
    -14.740904       -14.691746       -14.655106       -14.619260       -14.603042
    -14.516052       -14.483417       -14.469895       -14.393911       -14.390493
    -14.347863       -14.232697       -14.172865       -14.073682       -14.035198
    -14.031738       -13.883785       -13.881454       -13.870330       -13.859632
    -13.777090       -13.722529       -13.701172       -13.689412       -13.616514
    -13.594729       -13.574217       -13.566578       -13.537882       -13.525881
    -13.482136       -13.440002       -13.420439       -13.383302       -13.336410
    -13.314273       -13.294725       -13.257152       -13.253931       -13.204409
    -13.143823       -13.019105       -13.015012       -12.927903       -12.893575
    -12.308263       -12.190038       -12.187025       -12.175177       -12.005375
    -11.966752       -11.931505       -11.892908       -11.886072       -11.806981
    -11.797213       -11.782633       -11.760760       -11.754577       -11.708561
    -11.630190       -11.621290       -11.581048       -11.571063       -11.544352
    -11.513938       -11.509883       -11.473181       -11.435179       -11.406196
    -11.344342       -11.330184       -11.310732       -11.305574       -11.271703
    -11.246281       -11.217837       -11.182654       -11.150620       -11.117887
    -11.091988       -11.088576       -11.042470       -10.998619       -10.909707
    -10.885230       -10.860762       -10.820356       -10.812590       -10.808885
    -10.760727       -10.628806       -10.616497       -10.605515       -10.600255
    -10.586416       -10.556429       -10.509934       -10.498912       -10.444718
    -10.427873       -10.414591       -10.392251       -10.347117       -10.334757
    -10.324766       -10.319024       -10.275065       -10.271562       -10.260709
    -10.210462       -10.183896       -10.177029       -10.172169       -10.141426
    -10.127268       -10.104727       -10.094167       -10.091873       -10.081194
    -10.065513       -10.055628       -10.048373       -10.011873       -10.009676
    -10.005349        -9.978290        -9.974411        -9.952491        -9.937745
     -9.928078        -9.912901        -9.911190        -9.905773        -9.900313
     -9.893924        -9.883542        -9.878194        -9.860864        -9.853297
     -9.847770        -9.846969        -9.808808        -9.796459        -9.787471
     -9.771614        -9.755237        -9.742739        -9.734707        -9.724610
     -9.720525        -9.712274        -9.709652        -9.675961        -9.659216
     -9.645385        -9.613997        -9.606830        -9.588059        -9.586377
     -9.579611        -9.566350        -9.556476        -9.540560        -9.531349
     -9.528575        -9.515541        -9.507285        -9.477568        -9.454380
     -9.437380        -9.436149        -9.417242        -9.411987        -9.409976
     -9.396312        -9.391384        -9.370507        -9.345104        -9.339744
     -9.332603        -9.323669        -9.311642        -9.304714        -9.302296
     -9.290637        -9.283006        -9.265392        -9.240974        -9.219048
     -9.214908        -9.195560        -9.180349        -9.173243        -9.153020
     -9.149926        -9.140956        -9.113423        -9.108903        -9.089722
     -9.087911        -9.080953        -9.056389        -9.052383        -9.038820
     -9.029179        -9.002174        -8.991436        -8.987664        -8.974903
     -8.943061        -8.932177        -8.918794        -8.910418        -8.876253
     -8.872564        -8.865951        -8.849587        -8.812344        -8.802262
     -8.795691        -8.791848        -8.779378        -8.775094        -8.758880
     -8.737558        -8.726926        -8.721869        -8.719239        -8.703564
     -8.701497        -8.662293        -8.641394        -8.639281        -8.616170
     -8.604214        -8.593740        -8.588433        -8.565149        -8.547246
     -8.510699        -8.491256        -8.480334        -8.438421        -8.429548
     -8.411424        -8.402565        -8.382052        -8.369267        -8.358616
     -8.344997        -8.329006        -8.309207        -8.267525        -8.255466
     -8.235041        -8.208998        -8.179606        -8.160048        -8.136848
     -8.133089        -8.110340        -8.091509        -8.077704        -8.071279
     -8.064019        -8.061556        -8.058554        -8.040605        -8.004366
     -7.990475        -7.976780        -7.962745        -7.943256        -7.942338
     -7.916730        -7.902516        -7.876276        -7.870363        -7.855531
     -7.820424        -7.818245        -7.792549        -7.784980        -7.761177
     -7.734498        -7.730485        -7.712552        -7.681487        -7.672631
     -7.620181        -7.584697        -7.577620        -7.533826        -7.505467
     -7.471660        -7.461561        -7.457903        -7.447372        -7.385962
     -7.381904        -7.350068        -7.294163        -7.288944        -7.282093
     -7.268138        -7.240907        -7.209599        -7.191758        -7.186973
     -7.179785        -7.163272        -7.150534        -7.139597        -7.122552
     -7.100938        -7.068748        -7.051172        -7.050311        -7.047663
     -7.025020        -6.982472        -6.975077        -6.964169        -6.930393
     -6.886167        -6.879617        -6.851682        -6.829906        -6.798847
     -6.794877        -6.778444        -6.767457        -6.759891        -6.752236
     -6.723804        -6.716131        -6.699658        -6.691576        -6.637491
     -6.596329        -6.585607        -6.573657        -6.568735        -6.564899
     -6.561714        -6.546570        -6.533464        -6.523895        -6.503889
     -6.495065        -6.472466        -6.465679        -6.453542        -6.444389
     -6.437543        -6.435544        -6.420787        -6.417563        -6.408382
     -6.404802        -6.398539        -6.382226        -6.372885        -6.360070
     -6.350172        -6.339393        -6.322266        -6.316951        -6.301262
     -6.290779        -6.279351        -6.274426        -6.268363        -6.257742
     -6.245323        -6.234185        -6.231406        -6.207555        -6.203929
     -6.184945        -6.181680        -6.174865        -6.154527        -6.152324
     -6.138786        -6.136890        -6.134661        -6.127904        -6.120674
     -6.111896        -6.102329        -6.092951        -6.087875        -6.080330
     -6.070457        -6.064512        -6.049931        -6.034400        -6.029026
     -6.019829        -6.009432        -6.002554        -5.995521        -5.989283
     -5.981424        -5.978867        -5.963404        -5.962543        -5.951136
     -5.944154        -5.935440        -5.930328        -5.917306        -5.913261
     -5.907233        -5.905073        -5.900639        -5.888561        -5.873421
     -5.855734        -5.854742        -5.846997        -5.834160        -5.831910
     -5.829084        -5.818351        -5.802588        -5.786708        -5.782476
     -5.770995        -5.758600        -5.751815        -5.740335        -5.738828
     -5.734130        -5.724227        -5.709813        -5.696599        -5.690216
     -5.684706        -5.681140        -5.670254        -5.659771        -5.652471
     -5.646786        -5.636424        -5.622602        -5.614514        -5.598300
     -5.596604        -5.592438        -5.583068        -5.579857        -5.571002
     -5.569164        -5.562208        -5.554872        -5.542791        -5.537976
     -5.528954        -5.520158        -5.518173        -5.510992        -5.509259
     -5.503686        -5.500781        -5.490650        -5.489786        -5.484751
     -5.469743        -5.467841        -5.443807        -5.442224        -5.422276
     -5.417674        -5.412734        -5.407817        -5.406060        -5.384182
     -5.382310        -5.380061        -5.367416        -5.358057        -5.356636
     -5.343250        -5.337217        -5.324976        -5.323234        -5.321031
     -5.314470        -5.302809        -5.293948        -5.288278        -5.283833
     -5.278126        -5.266436        -5.264243        -5.260836        -5.251745
     -5.248003        -5.244583        -5.234012        -5.225690        -5.223645
     -5.219422        -5.214001        -5.209614        -5.198446        -5.195817
     -5.191386        -5.188835        -5.173824        -5.173505        -5.159029
     -5.151043        -5.147419        -5.141307        -5.138292        -5.125142
     -5.121475        -5.112749        -5.103719        -5.097379        -5.096667
     -5.090716        -5.089055        -5.086345        -5.080937        -5.077541
     -5.068673        -5.066646        -5.057071        -5.053253        -5.050640
     -5.030750        -5.023278        -5.022340        -5.015486        -5.012487
     -5.007790        -5.003096        -5.000896        -4.993932        -4.989008
     -4.984179        -4.979165        -4.967211        -4.960173        -4.945843
     -4.943270        -4.937117        -4.935570        -4.926398        -4.918885
     -4.915039        -4.908279        -4.905900        -4.895688        -4.882203
     -4.878791        -4.873869        -4.864708        -4.859403        -4.857758
     -4.845611        -4.838417        -4.831812        -4.822682        -4.813229
     -4.806613        -4.798440        -4.789483        -4.782050        -4.775140
     -4.768020        -4.762791        -4.756200        -4.752032        -4.746546
     -4.738362        -4.737293        -4.731243        -4.717178        -4.716281
     -4.713129        -4.697760        -4.695109        -4.685425        -4.682453
     -4.673362        -4.664552        -4.658016        -4.651020        -4.648285
     -4.644201        -4.618846        -4.618108        -4.601566        -4.597540
     -4.592885        -4.584868        -4.576456        -4.563957        -4.556676
     -4.547579        -4.545585        -4.536656        -4.531773        -4.518247
     -4.508489        -4.506941        -4.499526        -4.479606        -4.470929
     -4.459818        -4.438020        -4.418470        -4.414129        -4.403457
     -4.389836        -4.386502        -4.383209        -4.367489        -4.360321
     -4.349408        -4.336587        -4.309759        -4.302312        -4.287464
     -4.262390        -4.245007        -4.232128        -4.231067        -4.198590
     -4.182521        -4.173322        -4.135020        -4.133067        -4.128481
     -4.121276        -4.082463        -4.063508        -4.060239        -4.056136
     -4.035467        -4.029401        -3.987234        -3.975013        -3.967308
     -3.960874        -3.939632        -3.898910        -3.863935        -3.852765
     -3.822671        -3.816435        -3.803831        -3.777315        -3.772219
     -3.757618        -3.747253        -3.742221        -3.662218        -3.649386
     -3.630240        -3.615315        -3.602482        -3.596498        -3.581464
     -3.577134        -3.571857        -3.557679        -3.546726        -3.537284
     -3.522599        -3.511584        -3.503802        -3.500630        -3.491807
     -3.479845        -3.470696        -3.445992        -3.416549        -3.390009
     -3.370434        -3.362669        -3.325213        -3.313742        -3.310150
     -3.302874        -3.288112        -3.251545        -3.245358        -3.224896
     -3.214213        -3.209645        -3.198623        -3.166238        -3.161463
     -3.157012        -3.101050        -3.099507        -3.087423        -3.085375
     -3.077227        -3.067308        -3.036852        -3.026006        -3.007530
     -2.992769        -2.986303        -2.916087        -2.896014        -2.883532
     -2.881379        -2.873158        -2.870423        -2.845006        -2.842531
     -2.832092        -2.810400        -2.780151        -2.775396        -2.740840
     -2.707576        -2.704093        -2.694598        -2.687906        -2.672636
     -2.649957        -2.642012        -2.596348        -2.589926        -2.580295
     -2.526038        -2.515114        -2.482190        -2.466575        -2.442636
     -2.390772        -2.342001        -2.314681        -2.298728        -2.255967
     -2.216987        -2.157099        -2.145349        -2.091356        -2.019911
      2.427081         2.682418         2.818535         2.888473         2.943029
      2.945854         2.979100         2.992358         3.016306         3.208062
      3.239808         3.283196         3.333878         3.416670         3.451007
      3.486643         3.517057         3.575075         3.594968         3.622566
      3.668597         3.705728         3.764084         3.777232         3.798976
      3.817658         3.837347         3.860661         3.909506         3.918345
      3.934118         3.993678         3.999719         4.009728         4.047450
      4.052967         4.083945         4.110762         4.132881         4.157468
      4.189604         4.206924         4.226615         4.251942         4.268463
      4.296988         4.320472         4.337162         4.349101         4.398039
      4.411256         4.448346         4.474113         4.498913         4.543883
      4.584498         4.668983         4.714841
 *********************************
 sum eigen(dbl occ, ryd)=  -1538.73960856293     
 *********************************
 Ef(eV)=   1.03722272638495     
 ***************************************************
 iter=          16
 ---------------------------------------------------
 dvE, dvE(n)-dvE(n-1) = 0.1917E-04 -.2426E-04
 dv_ave, drho_tot     = 0.4379E-02 0.1401E-02
 err of ug            = 0.2658E-03
 ---------------------------------------------------
 Ewald        = -.41876607880374E+05
 Alpha        = 0.15207970391171E+04
 E_extV       = 0.00000000000000E+00    0.0000E+00
 E_NSC        = -.21378004894821E+05    -.1717E+02
 E[-rho*V_Hxc]= -.12250804876209E+06    0.1725E+02
 E_Hxc        = 0.51331359595342E+05    -.1520E+02
 -TS          = -.19974692132933E-23    0.2916E-22
 E_tot(eV)    = -.13291050490283E+06    0.7805E-01
 ---------------------------------------------------
 E_ion,E_coul,E_xc =   -223239.0225862   80121.1038316  -28789.7442362
Ewald+Hart+ion    -0.1849945266350E+06
 ave(vtot)=ave_(V_xc)=: v0= -0.281973827678075     
 Eigen energies are values after setting ave_vtot=0
 ----------------------------------
 One SCF use:    85.9809670448303       s
 *********************************
 ****** kpt=           1
 err of each states, eV
  0.235476E-02     0.124131E-02     0.203289E-02     0.321219E-02     0.260815E-02
  0.235620E-02     0.206633E-02     0.780702E-03     0.265150E-02     0.162026E-02
  0.182212E-02     0.126838E-02     0.221203E-02     0.201699E-02     0.128607E-02
  0.250470E-02     0.278643E-02     0.124987E-02     0.225426E-02     0.211842E-02
  0.883064E-03     0.921534E-03     0.127340E-02     0.145878E-02     0.120040E-02
  0.325416E-02     0.169201E-02     0.202749E-02     0.180962E-02     0.158277E-02
  0.274909E-02     0.852655E-03     0.110914E-02     0.207577E-02     0.143725E-02
  0.818077E-03     0.244274E-02     0.175142E-02     0.963055E-03     0.145545E-02
  0.102242E-02     0.178811E-02     0.166488E-02     0.158857E-02     0.230762E-02
  0.141035E-02     0.229918E-02     0.732118E-03     0.145521E-02     0.134896E-02
  0.246668E-02     0.198917E-02     0.137326E-02     0.145758E-02     0.178433E-02
  0.115247E-02     0.130711E-02     0.208385E-02     0.263190E-02     0.170176E-02
  0.106403E-02     0.189776E-02     0.125221E-02     0.221580E-02     0.181860E-02
  0.205276E-02     0.105907E-02     0.185558E-02     0.725234E-03     0.122212E-02
  0.101922E-02     0.106118E-02     0.215121E-02     0.979468E-03     0.156417E-02
  0.209365E-02     0.119405E-02     0.147566E-02     0.155652E-02     0.778188E-03
  0.212213E-02     0.212257E-02     0.100155E-02     0.889270E-03     0.103948E-02
  0.104762E-02     0.940501E-03     0.157791E-02     0.117465E-02     0.809771E-03
  0.131149E-02     0.141894E-02     0.105258E-02     0.184590E-02     0.198951E-02
  0.946108E-03     0.191872E-02     0.919102E-03     0.134253E-02     0.682870E-03
  0.967968E-03     0.112669E-02     0.117064E-02     0.141327E-02     0.808362E-03
  0.899397E-03     0.115764E-02     0.143434E-02     0.126446E-02     0.982929E-03
  0.118817E-02     0.138657E-02     0.986599E-03     0.679288E-03     0.154891E-02
  0.108018E-02     0.716883E-03     0.124749E-02     0.934743E-03     0.128621E-02
  0.911513E-03     0.128508E-02     0.647718E-03     0.138345E-02     0.159349E-02
  0.139574E-02     0.845397E-03     0.195876E-02     0.328445E-02     0.140030E-02
  0.131842E-02     0.118563E-02     0.110425E-02     0.132438E-02     0.160824E-02
  0.914175E-03     0.323091E-02     0.985701E-03     0.215995E-02     0.239890E-02
  0.157256E-02     0.205766E-02     0.108996E-02     0.258201E-02     0.103650E-02
  0.106414E-02     0.120033E-02     0.135779E-02     0.326536E-02     0.119567E-02
  0.186432E-02     0.401550E-02     0.279167E-02     0.226749E-02     0.139718E-02
  0.145204E-02     0.309262E-02     0.885456E-03     0.179381E-02     0.163779E-02
  0.156083E-02     0.226979E-02     0.909398E-03     0.922336E-03     0.129583E-02
  0.322035E-02     0.176422E-02     0.997867E-03     0.112863E-02     0.119022E-02
  0.230519E-02     0.148128E-02     0.122804E-02     0.235899E-02     0.194418E-02
  0.262592E-02     0.196466E-02     0.133059E-02     0.228133E-02     0.174928E-02
  0.215149E-02     0.133036E-02     0.112902E-02     0.243000E-02     0.120938E-02
  0.169822E-02     0.138567E-02     0.128605E-02     0.128951E-02     0.202384E-02
  0.195738E-02     0.128901E-02     0.110158E-02     0.197838E-02     0.116016E-02
  0.158144E-02     0.120181E-02     0.109852E-02     0.118446E-02     0.137959E-02
  0.127217E-02     0.136690E-02     0.972438E-03     0.109719E-02     0.142540E-02
  0.127728E-02     0.108190E-02     0.954907E-03     0.965636E-03     0.801993E-03
  0.166253E-02     0.166028E-02     0.162706E-02     0.162955E-02     0.184329E-02
  0.188715E-02     0.208536E-02     0.123005E-02     0.201548E-02     0.150447E-02
  0.143744E-02     0.157829E-02     0.106397E-02     0.119495E-02     0.146496E-02
  0.123212E-02     0.131159E-02     0.890418E-03     0.949623E-03     0.155041E-02
  0.131500E-02     0.106260E-02     0.136255E-02     0.861614E-03     0.108323E-02
  0.204680E-02     0.202607E-02     0.187412E-02     0.175893E-02     0.180791E-02
  0.179817E-02     0.152555E-02     0.205221E-02     0.159048E-02     0.168815E-02
  0.126272E-02     0.186631E-02     0.144373E-02     0.179329E-02     0.154191E-02
  0.195252E-02     0.147819E-02     0.149447E-02     0.159650E-02     0.191389E-02
  0.172115E-02     0.150376E-02     0.181786E-02     0.170550E-02     0.133374E-02
  0.139781E-02     0.123482E-02     0.144404E-02     0.147603E-02     0.122761E-02
  0.190684E-02     0.133605E-02     0.158977E-02     0.171962E-02     0.151804E-02
  0.175147E-02     0.181245E-02     0.173853E-02     0.227550E-02     0.221831E-02
  0.162923E-02     0.169292E-02     0.194617E-02     0.200548E-02     0.168356E-02
  0.166846E-02     0.169069E-02     0.149667E-02     0.162499E-02     0.189402E-02
  0.146907E-02     0.180000E-02     0.231356E-02     0.181880E-02     0.197820E-02
  0.183204E-02     0.162096E-02     0.191051E-02     0.151063E-02     0.195033E-02
  0.210011E-02     0.193915E-02     0.174139E-02     0.193538E-02     0.174725E-02
  0.257976E-02     0.167575E-02     0.167525E-02     0.280139E-02     0.359197E-02
  0.242688E-02     0.163668E-02     0.243925E-02     0.207878E-02     0.231748E-02
  0.276578E-02     0.205128E-02     0.186307E-02     0.332945E-02     0.254300E-02
  0.245368E-02     0.268670E-02     0.261977E-02     0.264306E-02     0.223830E-02
  0.217435E-02     0.204979E-02     0.333898E-02     0.191388E-02     0.290631E-02
  0.253403E-02     0.299676E-02     0.307677E-02     0.414576E-02     0.232374E-02
  0.254415E-02     0.239431E-02     0.260762E-02     0.245288E-02     0.247678E-02
  0.308472E-02     0.356647E-02     0.205655E-02     0.283173E-02     0.299213E-02
  0.224110E-02     0.213635E-02     0.292312E-02     0.202278E-02     0.300753E-02
  0.265722E-02     0.306032E-02     0.260764E-02     0.219909E-02     0.275476E-02
  0.374213E-02     0.243124E-02     0.249562E-02     0.220993E-02     0.307721E-02
  0.252512E-02     0.268897E-02     0.252317E-02     0.315018E-02     0.287318E-02
  0.271244E-02     0.343410E-02     0.301252E-02     0.345419E-02     0.247981E-02
  0.238791E-02     0.233936E-02     0.223696E-02     0.262868E-02     0.257486E-02
  0.295791E-02     0.238499E-02     0.288425E-02     0.288055E-02     0.199670E-02
  0.309273E-02     0.377977E-02     0.197033E-02     0.274999E-02     0.311442E-02
  0.317331E-02     0.233701E-02     0.319378E-02     0.253092E-02     0.325719E-02
  0.254402E-02     0.249450E-02     0.264122E-02     0.260356E-02     0.224313E-02
  0.297077E-02     0.333142E-02     0.292846E-02     0.325428E-02     0.262817E-02
  0.315522E-02     0.349481E-02     0.252916E-02     0.231230E-02     0.318611E-02
  0.268761E-02     0.306856E-02     0.202695E-02     0.322718E-02     0.305718E-02
  0.331524E-02     0.250712E-02     0.231185E-02     0.307693E-02     0.259895E-02
  0.398211E-02     0.323773E-02     0.278823E-02     0.250291E-02     0.322937E-02
  0.299929E-02     0.280105E-02     0.340843E-02     0.329870E-02     0.311398E-02
  0.292049E-02     0.280391E-02     0.305026E-02     0.300335E-02     0.290678E-02
  0.304474E-02     0.347780E-02     0.241574E-02     0.255741E-02     0.303339E-02
  0.348497E-02     0.363204E-02     0.351587E-02     0.299688E-02     0.357834E-02
  0.304248E-02     0.260752E-02     0.294947E-02     0.447218E-02     0.313595E-02
  0.318949E-02     0.379626E-02     0.404783E-02     0.299862E-02     0.312915E-02
  0.320847E-02     0.383881E-02     0.318136E-02     0.273169E-02     0.289753E-02
  0.238034E-02     0.282818E-02     0.253830E-02     0.247872E-02     0.233712E-02
  0.317087E-02     0.251856E-02     0.400449E-02     0.273146E-02     0.242722E-02
  0.297703E-02     0.273932E-02     0.327563E-02     0.322485E-02     0.294463E-02
  0.298848E-02     0.303116E-02     0.304930E-02     0.292193E-02     0.194560E-02
  0.330392E-02     0.290779E-02     0.334818E-02     0.211110E-02     0.265484E-02
  0.255479E-02     0.200830E-02     0.255431E-02     0.302132E-02     0.316307E-02
  0.355706E-02     0.317965E-02     0.300189E-02     0.269993E-02     0.280355E-02
  0.289542E-02     0.301886E-02     0.308805E-02     0.316145E-02     0.308358E-02
  0.215870E-02     0.402188E-02     0.310873E-02     0.299228E-02     0.285477E-02
  0.243151E-02     0.253645E-02     0.197898E-02     0.279338E-02     0.262821E-02
  0.278383E-02     0.281549E-02     0.275948E-02     0.318841E-02     0.254743E-02
  0.266838E-02     0.246141E-02     0.258731E-02     0.306905E-02     0.292493E-02
  0.266803E-02     0.261767E-02     0.337680E-02     0.302415E-02     0.350837E-02
  0.369164E-02     0.344832E-02     0.403213E-02     0.325184E-02     0.327295E-02
  0.208495E-02     0.251122E-02     0.375762E-02     0.285080E-02     0.308542E-02
  0.320601E-02     0.348501E-02     0.334196E-02     0.346958E-02     0.300414E-02
  0.364167E-02     0.298987E-02     0.326658E-02     0.304920E-02     0.317789E-02
  0.291347E-02     0.285190E-02     0.363626E-02     0.320400E-02     0.344967E-02
  0.246202E-02     0.233082E-02     0.259358E-02     0.276521E-02     0.299179E-02
  0.241995E-02     0.289173E-02     0.272208E-02     0.277907E-02     0.414675E-02
  0.267368E-02     0.262541E-02     0.208300E-02     0.264324E-02     0.276927E-02
  0.253318E-02     0.208645E-02     0.222582E-02     0.231332E-02     0.266464E-02
  0.238755E-02     0.239142E-02     0.281288E-02     0.266677E-02     0.277917E-02
  0.250419E-02     0.276216E-02     0.219488E-02     0.294629E-02     0.261070E-02
  0.280868E-02     0.277680E-02     0.245851E-02     0.298035E-02     0.350078E-02
  0.364904E-02     0.249469E-02     0.289443E-02     0.260379E-02     0.260377E-02
  0.275499E-02     0.237495E-02     0.252477E-02     0.255428E-02     0.224906E-02
  0.258387E-02     0.332036E-02     0.284432E-02     0.331267E-02     0.314602E-02
  0.269199E-02     0.251544E-02     0.258553E-02     0.230189E-02     0.250086E-02
  0.279315E-02     0.280697E-02     0.285635E-02     0.242706E-02     0.276717E-02
  0.275363E-02     0.259100E-02     0.271482E-02     0.303206E-02     0.298332E-02
  0.287444E-02     0.253023E-02     0.255737E-02     0.248372E-02     0.295654E-02
  0.285688E-02     0.270553E-02     0.277005E-02     0.254395E-02     0.285433E-02
  0.261944E-02     0.255691E-02     0.266244E-02     0.270886E-02     0.276190E-02
  0.340503E-02     0.303851E-02     0.309178E-02     0.237065E-02     0.298842E-02
  0.316377E-02     0.321953E-02     0.307654E-02     0.341337E-02     0.286693E-02
  0.297612E-02     0.302959E-02     0.284233E-02     0.299313E-02     0.296240E-02
  0.306313E-02     0.298051E-02     0.296926E-02     0.300199E-02     0.307931E-02
  0.304657E-02     0.322035E-02     0.325038E-02     0.311782E-02     0.324718E-02
  0.367867E-02     0.394450E-02     0.311648E-02     0.309256E-02     0.316666E-02
  0.315205E-02     0.352444E-02     0.356291E-02     0.297183E-02     0.274959E-02
  0.290167E-02     0.338330E-02     0.362311E-02     0.310882E-02     0.342630E-02
  0.296860E-02     0.279077E-02     0.331368E-02     0.303835E-02     0.280147E-02
  0.276212E-02     0.405667E-02     0.389900E-02     0.357609E-02     0.272906E-02
  0.386593E-02     0.305040E-02     0.307108E-02     0.252770E-02     0.264798E-02
  0.312657E-02     0.329036E-02     0.335812E-02     0.300526E-02     0.308482E-02
  0.292762E-02     0.312391E-02     0.343048E-02     0.320123E-02     0.319868E-02
  0.269529E-02     0.346007E-02     0.349317E-02     0.353000E-02     0.328414E-02
  0.279456E-02     0.363750E-02     0.337894E-02     0.332633E-02     0.343415E-02
  0.263610E-02     0.342022E-02     0.303106E-02     0.314160E-02     0.326072E-02
  0.218186E-02     0.299566E-02     0.279772E-02     0.374498E-02     0.367503E-02
  0.296737E-02     0.336422E-02     0.275047E-02     0.285037E-02     0.324551E-02
  0.279993E-02     0.361628E-02     0.288471E-02     0.312222E-02     0.368643E-02
  0.362940E-02     0.318605E-02     0.360021E-02     0.365785E-02     0.385506E-02
  0.305801E-02     0.350638E-02     0.328478E-02     0.369311E-02     0.302381E-02
  0.333920E-02     0.336736E-02     0.347531E-02     0.378995E-02     0.291735E-02
  0.352658E-02     0.399985E-02     0.364071E-02     0.334752E-02     0.372644E-02
  0.361053E-02     0.320102E-02     0.424479E-02     0.344857E-02     0.348882E-02
  0.332397E-02     0.316590E-02     0.311298E-02     0.363232E-02     0.325567E-02
  0.313157E-02     0.335945E-02     0.370243E-02     0.355843E-02     0.341647E-02
  0.329336E-02     0.379133E-02     0.378613E-02     0.356318E-02     0.405521E-02
  0.377859E-02     0.457954E-02     0.386245E-02     0.410784E-02     0.397504E-02
  0.396668E-02     0.353109E-02     0.346456E-02     0.299348E-02     0.365910E-02
  0.370017E-02     0.413144E-02     0.315599E-02     0.311463E-02     0.332233E-02
  0.397942E-02     0.351865E-02     0.353582E-02     0.373086E-02     0.332962E-02
  0.382683E-02     0.372245E-02     0.372434E-02     0.365294E-02     0.331185E-02
  0.329104E-02     0.334675E-02     0.323827E-02     0.316379E-02     0.338885E-02
  0.347856E-02     0.374630E-02     0.337150E-02     0.396051E-02     0.382812E-02
  0.372430E-02     0.344030E-02     0.368995E-02     0.332420E-02     0.375328E-02
  0.394707E-02     0.384027E-02     0.394940E-02     0.373073E-02     0.349954E-02
  0.341143E-02     0.378909E-02     0.316048E-02     0.353524E-02     0.380240E-02
  0.332429E-02     0.422380E-02     0.435888E-02     0.355256E-02     0.350811E-02
  0.310767E-02     0.441556E-02     0.358323E-02     0.479881E-02     0.347790E-02
  0.352092E-02     0.433817E-02     0.342489E-02     0.368719E-02     0.422593E-02
  0.321558E-02     0.354753E-02     0.377632E-02     0.364340E-02     0.331013E-02
  0.348134E-02     0.357820E-02     0.340006E-02     0.384120E-02     0.338754E-02
  0.451400E-02     0.430256E-02     0.399338E-02     0.401408E-02     0.352603E-02
  0.310738E-02     0.430589E-02     0.442644E-02     0.340513E-02     0.380402E-02
  0.394850E-02     0.388324E-02     0.398312E-02     0.352683E-02     0.349465E-02
  0.355484E-02     0.410710E-02     0.521996E-02     0.439371E-02     0.405499E-02
  0.486080E-02     0.392776E-02     0.352489E-02     0.337058E-02     0.388022E-02
  0.399888E-02     0.344835E-02     0.399114E-02     0.362892E-02     0.244900E-02
  0.374374E-02     0.370522E-02     0.471280E-02     0.477442E-02     0.562150E-02
  0.387937E-02     0.419143E-02     0.521332E-02     0.386558E-02     0.503332E-02
  0.452992E-02     0.527304E-02     0.637498E-02     0.614892E-02     0.423444E-02
  0.781721E-02     0.525813E-02     0.470733E-02     0.460394E-02     0.372043E-02
  0.351434E-02     0.604753E-02     0.430318E-02     0.419453E-02     0.316707E-02
  0.431569E-02     0.405306E-02     0.603418E-02     0.518791E-02     0.496332E-02
  0.411257E-02     0.523945E-02     0.517781E-02     0.495846E-02     0.563457E-02
  0.359128E-02     0.463476E-02     0.485803E-02     0.428029E-02     0.420579E-02
  0.487228E-02     0.302019E-02     0.476133E-02     0.456689E-02     0.408781E-02
  0.623254E-02     0.558933E-02     0.509331E-02     0.456805E-02     0.296900E-02
  0.284843E-02     0.485396E-02     0.348007E-02     0.689331E-02     0.423061E-02
  0.402928E-02     0.436371E-02     0.541822E-02     0.707776E-02     0.374290E-02
  0.632441E-02     0.538525E-02     0.500711E-02     0.359192E-02     0.319502E-02
  0.366130E-02     0.587735E-02     0.321807E-02     0.413408E-02     0.431544E-02
  0.478256E-02     0.396113E-02     0.426839E-02     0.334452E-02     0.361903E-02
  0.479300E-02     0.366039E-02     0.324492E-02     0.443053E-02     0.377708E-02
  0.357471E-02     0.387059E-02     0.291297E-02     0.430958E-02     0.389080E-02
  0.386476E-02     0.413667E-02     0.310830E-02     0.325986E-02     0.357943E-02
  0.378037E-02     0.354210E-02     0.466087E-02     0.332354E-02     0.346624E-02
  0.477439E-02     0.547824E-02     0.467443E-02     0.408184E-02     0.569010E-02
  0.445615E-02     0.470294E-02     0.360247E-02     0.745313E-02     0.296116E-02
  0.426246E-02     0.377352E-02     0.518352E-02     0.800210E-02     0.314686E-02
  0.168200E-01     0.249474E-01     0.329790E-01     0.280393E-01     0.305846E-01
  0.165398E-01     0.197530E-01     0.244218E-01     0.197661E-01     0.227779E-01
  0.264877E-01     0.424510E-01     0.490339E-01     0.532813E-01     0.599975E-01
  0.549643E-01     0.853655E-01     0.988206E-01     0.574132E-01     0.668843E-01
  0.929308E-01     0.119096E+00     0.100381E+00     0.112017E+00     0.789778E-01
  0.917871E-01     0.133946E+00     0.100778E+00     0.140957E+00     0.960388E-01
  0.182084E+00     0.176470E+00     0.169513E+00     0.174153E+00     0.196620E+00
  0.174511E+00     0.183488E+00     0.201697E+00     0.218233E+00     0.257254E+00
  0.247423E+00     0.254986E+00     0.252723E+00     0.248853E+00     0.245807E+00
  0.296105E+00     0.218777E+00     0.251860E+00     0.264789E+00     0.401193E+00
  0.251604E+00     0.276578E+00     0.419150E+00     0.438168E+00     0.451510E+00
  0.418053E+00     0.470505E+00     0.847442E+00
 eigen energies, in ev
    -44.580239       -44.509789       -44.447272       -44.408144       -43.810755
    -28.601562       -28.340880       -28.307247       -28.298061       -28.267319
    -28.134791       -28.098500       -28.087579       -28.057745       -28.043749
    -27.969780       -27.923103       -27.906929       -27.795575       -27.783867
    -27.770308       -27.763405       -27.756044       -27.690659       -27.688707
    -27.685701       -27.620541       -27.615054       -27.594716       -27.591186
    -27.585139       -27.580185       -27.565949       -27.551423       -27.542329
    -27.502650       -27.479428       -27.473944       -27.398321       -27.370599
    -27.340838       -27.338392       -27.331339       -27.328756       -27.320521
    -27.306446       -27.268381       -27.247650       -27.220150       -27.200659
    -27.169874       -27.083233       -27.077893       -27.043876       -27.024402
    -27.013404       -26.993771       -26.982870       -26.976908       -26.966359
    -26.950965       -26.920117       -26.910592       -26.863138       -26.815630
    -26.796120       -26.770076       -26.728431       -26.681327       -26.676316
    -26.648744       -26.632401       -26.575763       -26.531889       -26.499335
    -26.492048       -26.487459       -26.399286       -26.390958       -26.322514
    -26.311425       -26.226434       -26.219617       -26.205817       -26.189551
    -26.179665       -26.164024       -26.108694       -26.057276       -26.045800
    -26.014096       -25.986834       -25.982533       -25.980815       -25.919768
    -25.868438       -25.865725       -25.851788       -25.846565       -25.824327
    -25.783645       -25.776510       -25.764820       -25.759039       -25.747109
    -25.713611       -25.684323       -25.666298       -25.664472       -25.654220
    -25.653430       -25.626436       -25.625514       -25.601970       -25.600005
    -25.595252       -25.524099       -25.505791       -25.473852       -25.446533
    -25.427614       -25.421093       -25.415648       -25.403911       -25.351715
    -25.350029       -25.310957       -25.305942       -25.270051       -25.264038
    -25.196200       -25.176547       -25.166020       -25.124641       -24.975074
    -24.106847       -24.009676       -23.975700       -23.671071       -23.595874
    -23.593656       -23.584219       -23.583080       -23.452626       -23.411861
    -23.388844       -23.304850       -23.244223       -23.201001       -23.196964
    -23.192290       -23.169570       -23.165960       -23.124118       -23.112632
    -23.081471       -23.037083       -23.026412       -22.995642       -22.987331
    -22.976775       -22.912577       -22.889871       -22.739354       -22.712110
    -22.645622       -22.583568       -22.572825       -22.384356       -22.258392
    -22.153587       -21.820644       -21.753102       -21.423713       -21.368518
    -21.357604       -21.354389       -21.344237       -21.332191       -21.198769
    -21.192765       -21.180390       -21.154805       -21.100608       -20.972976
    -20.898616       -20.887839       -20.828474       -20.803340       -20.748344
    -18.615910       -18.536732       -18.519156       -18.273894       -18.199817
    -16.409537       -16.387451       -16.158171       -16.101995       -16.056324
    -15.969151       -15.954213       -15.948280       -15.943305       -15.893754
    -15.671512       -15.624792       -15.613112       -15.590771       -15.419242
    -15.402374       -15.141314       -15.062451       -15.024597       -15.007923
    -14.993641       -14.971952       -14.958305       -14.895044       -14.843632
    -14.708405       -14.691294       -14.679310       -14.647066       -14.592124
    -14.566583       -14.526911       -14.452798       -14.435472       -14.418575
    -14.364611       -14.279336       -14.229361       -14.139518       -14.105051
    -13.928251       -13.854880       -13.842465       -13.825447       -13.810694
    -13.787242       -13.682636       -13.668034       -13.630011       -13.609148
    -13.575376       -13.553202       -13.527043       -13.514119       -13.463156
    -13.433597       -13.427079       -13.381223       -13.347734       -13.338156
    -13.333889       -13.328208       -13.317019       -13.313872       -13.251296
    -13.210520       -13.079256       -13.004986       -12.971008       -12.948968
    -12.295569       -12.234944       -12.199665       -12.167519       -12.046593
    -12.002962       -11.965295       -11.919811       -11.915081       -11.834413
    -11.818216       -11.809930       -11.797816       -11.716401       -11.703354
    -11.640095       -11.610966       -11.604959       -11.601727       -11.584681
    -11.522524       -11.482894       -11.472911       -11.470395       -11.382427
    -11.375456       -11.351424       -11.323580       -11.322764       -11.303659
    -11.298256       -11.258090       -11.188146       -11.117477       -11.112071
    -11.110319       -11.070757       -11.062692       -11.056076       -10.908699
    -10.827713       -10.812021       -10.798988       -10.795065       -10.771010
    -10.698043       -10.641607       -10.629512       -10.596356       -10.570468
    -10.557581       -10.551476       -10.509006       -10.484186       -10.476594
    -10.470498       -10.443035       -10.415868       -10.388884       -10.373159
    -10.360963       -10.349217       -10.324508       -10.293471       -10.281617
    -10.265225       -10.243937       -10.230033       -10.218472       -10.181336
    -10.165701       -10.141622       -10.116255       -10.105831       -10.079919
    -10.067409       -10.052004       -10.048297       -10.038903       -10.021527
    -10.013445        -9.999626        -9.990149        -9.973077        -9.969201
     -9.965880        -9.956961        -9.950607        -9.948561        -9.924007
     -9.914918        -9.903733        -9.899978        -9.890265        -9.864305
     -9.861527        -9.844642        -9.813101        -9.796303        -9.792676
     -9.778504        -9.773693        -9.758713        -9.753827        -9.745644
     -9.742153        -9.738663        -9.713295        -9.701407        -9.690856
     -9.683887        -9.670093        -9.654934        -9.644912        -9.620343
     -9.583679        -9.577227        -9.555823        -9.545815        -9.541793
     -9.525313        -9.515020        -9.492841        -9.489842        -9.480054
     -9.461409        -9.454634        -9.446706        -9.419058        -9.405073
     -9.397346        -9.390870        -9.386932        -9.376003        -9.366558
     -9.363491        -9.358092        -9.330453        -9.325620        -9.316690
     -9.306017        -9.269745        -9.269590        -9.255855        -9.241326
     -9.225886        -9.217363        -9.206861        -9.199313        -9.170065
     -9.158112        -9.150311        -9.129542        -9.120532        -9.112484
     -9.098130        -9.083179        -9.059908        -9.057735        -9.047025
     -9.043431        -8.996010        -8.994559        -8.969245        -8.964632
     -8.951828        -8.938671        -8.936818        -8.924913        -8.906382
     -8.904870        -8.864120        -8.856586        -8.853226        -8.842708
     -8.823002        -8.802169        -8.775230        -8.770551        -8.759464
     -8.741779        -8.727661        -8.706532        -8.703893        -8.692487
     -8.682258        -8.674770        -8.655052        -8.652138        -8.633736
     -8.621737        -8.617957        -8.593940        -8.561254        -8.558372
     -8.501845        -8.487036        -8.477506        -8.469213        -8.459387
     -8.441372        -8.438432        -8.431294        -8.420703        -8.382769
     -8.371464        -8.344194        -8.312765        -8.289789        -8.275036
     -8.248775        -8.236521        -8.225445        -8.152300        -8.138780
     -8.122464        -8.115938        -8.087240        -8.067035        -8.049708
     -8.039102        -8.021058        -8.002036        -7.999423        -7.991810
     -7.978093        -7.948113        -7.942412        -7.936069        -7.911585
     -7.884084        -7.874299        -7.865160        -7.860270        -7.842911
     -7.807307        -7.795861        -7.766378        -7.762127        -7.730327
     -7.711493        -7.657998        -7.644794        -7.637355        -7.622924
     -7.617617        -7.559948        -7.552971        -7.536985        -7.469229
     -7.446279        -7.425891        -7.404293        -7.380823        -7.377363
     -7.319221        -7.300207        -7.297297        -7.271287        -7.255397
     -7.243612        -7.231139        -7.208964        -7.200674        -7.171588
     -7.158195        -7.153679        -7.121980        -7.116238        -7.105087
     -7.097322        -7.087268        -7.053112        -7.049240        -7.014369
     -7.004504        -6.997391        -6.984455        -6.933137        -6.910746
     -6.900655        -6.872733        -6.859648        -6.824218        -6.808870
     -6.803493        -6.780198        -6.769455        -6.745534        -6.731833
     -6.706174        -6.697851        -6.688868        -6.682257        -6.633144
     -6.632669        -6.624986        -6.571808        -6.562883        -6.553965
     -6.547797        -6.542665        -6.531219        -6.512026        -6.506983
     -6.493875        -6.488950        -6.483141        -6.468934        -6.461424
     -6.439907        -6.438328        -6.431330        -6.428798        -6.405371
     -6.394245        -6.376322        -6.370705        -6.360397        -6.347715
     -6.339615        -6.330692        -6.316453        -6.303490        -6.302105
     -6.291846        -6.284211        -6.282719        -6.259156        -6.254536
     -6.235619        -6.232852        -6.227191        -6.218626        -6.207484
     -6.200507        -6.195568        -6.185934        -6.180614        -6.171832
     -6.163123        -6.154927        -6.141448        -6.136807        -6.128680
     -6.117202        -6.104302        -6.097960        -6.095444        -6.085394
     -6.080948        -6.068603        -6.062671        -6.058431        -6.048204
     -6.033811        -6.023028        -6.005227        -6.002282        -5.997825
     -5.988735        -5.982214        -5.975937        -5.969516        -5.961377
     -5.949387        -5.938893        -5.929980        -5.925387        -5.908926
     -5.905523        -5.896354        -5.894850        -5.885633        -5.883851
     -5.870489        -5.864747        -5.859258        -5.852056        -5.835454
     -5.827453        -5.812670        -5.800505        -5.790707        -5.784564
     -5.777271        -5.769976        -5.763557        -5.750098        -5.741493
     -5.735243        -5.729517        -5.717931        -5.704057        -5.698399
     -5.687113        -5.685290        -5.675998        -5.670630        -5.657029
     -5.652528        -5.647137        -5.640738        -5.635352        -5.628388
     -5.613592        -5.603591        -5.598706        -5.596429        -5.589638
     -5.581847        -5.579300        -5.568466        -5.560537        -5.551116
     -5.543722        -5.539922        -5.537876        -5.534954        -5.525853
     -5.523807        -5.516317        -5.510028        -5.501681        -5.492257
     -5.484385        -5.478301        -5.470216        -5.461619        -5.450224
     -5.443917        -5.434524        -5.432713        -5.424086        -5.422230
     -5.412454        -5.407727        -5.389104        -5.380978        -5.370789
     -5.367351        -5.359591        -5.354424        -5.345320        -5.342253
     -5.337215        -5.330485        -5.323551        -5.317744        -5.310242
     -5.304011        -5.297222        -5.294276        -5.284655        -5.272712
     -5.266810        -5.259225        -5.255021        -5.249265        -5.245302
     -5.239270        -5.230813        -5.219051        -5.207605        -5.202579
     -5.198841        -5.182232        -5.176304        -5.172158        -5.163592
     -5.155198        -5.153191        -5.146205        -5.140576        -5.140109
     -5.134287        -5.129214        -5.122451        -5.120673        -5.117674
     -5.109383        -5.106609        -5.104851        -5.095604        -5.092131
     -5.079240        -5.072038        -5.061680        -5.056505        -5.050488
     -5.042148        -5.040894        -5.034628        -5.025829        -5.022465
     -5.015262        -5.008708        -5.002878        -5.000492        -4.994522
     -4.983823        -4.980970        -4.977378        -4.974538        -4.962006
     -4.953401        -4.945448        -4.938150        -4.933947        -4.927213
     -4.925097        -4.918967        -4.912056        -4.910159        -4.901304
     -4.884950        -4.877667        -4.868699        -4.867667        -4.864933
     -4.851840        -4.847888        -4.845724        -4.830503        -4.824409
     -4.815142        -4.812091        -4.811377        -4.801534        -4.789676
     -4.785860        -4.776864        -4.772949        -4.761947        -4.754396
     -4.751142        -4.742813        -4.738012        -4.731526        -4.727867
     -4.719136        -4.715199        -4.704839        -4.703271        -4.691445
     -4.683123        -4.678018        -4.677243        -4.673296        -4.663847
     -4.652817        -4.648863        -4.637754        -4.630396        -4.614593
     -4.605226        -4.594933        -4.584906        -4.581235        -4.567043
     -4.562876        -4.561445        -4.556214        -4.549377        -4.538552
     -4.518450        -4.504916        -4.501872        -4.486974        -4.478291
     -4.467384        -4.446982        -4.429612        -4.420839        -4.411897
     -4.401650        -4.391709        -4.369579        -4.359590        -4.355518
     -4.341046        -4.325298        -4.310651        -4.299995        -4.257551
     -4.248436        -4.237332        -4.201572        -4.198088        -4.184899
     -4.167548        -4.132657        -4.126796        -4.124429        -4.105456
     -4.084927        -4.078965        -4.035603        -4.006689        -4.002734
     -4.000122        -3.991630        -3.984765        -3.952473        -3.950370
     -3.920092        -3.912086        -3.849246        -3.841566        -3.813075
     -3.795656        -3.779770        -3.758701        -3.747960        -3.730415
     -3.717285        -3.710983        -3.691636        -3.680845        -3.660577
     -3.633780        -3.612123        -3.604754        -3.573170        -3.568487
     -3.557523        -3.540763        -3.530102        -3.517699        -3.511763
     -3.507253        -3.501066        -3.494193        -3.481757        -3.475165
     -3.449300        -3.437211        -3.433247        -3.421040        -3.403926
     -3.400644        -3.364048        -3.351718        -3.334757        -3.324226
     -3.317006        -3.288672        -3.272034        -3.251466        -3.241833
     -3.230414        -3.223414        -3.211060        -3.201310        -3.195375
     -3.168179        -3.158642        -3.125521        -3.117609        -3.094997
     -3.079006        -3.059250        -3.033449        -3.016093        -2.997554
     -2.990769        -2.983295        -2.956761        -2.906926        -2.883857
     -2.859198        -2.847483        -2.816917        -2.812581        -2.800373
     -2.772514        -2.757202        -2.752858        -2.733042        -2.722735
     -2.721694        -2.713131        -2.701584        -2.662260        -2.632353
     -2.619228        -2.568281        -2.541179        -2.533903        -2.516313
     -2.460715        -2.455540        -2.432032        -2.378833        -2.366456
     -2.345849        -2.299216        -2.255676        -2.235141        -2.208427
     -2.138494        -2.113187        -2.106218        -2.028097        -1.957358
      2.525383         2.731792         2.899253         2.958734         2.968540
      3.012612         3.046813         3.054575         3.071360         3.244208
      3.269533         3.312151         3.366918         3.436836         3.463598
      3.489989         3.509344         3.558788         3.605704         3.646615
      3.707413         3.731457         3.752646         3.778915         3.818101
      3.834623         3.849334         3.872261         3.914072         3.932045
      3.941557         3.970227         3.991617         3.997536         4.028952
      4.040339         4.080135         4.104397         4.116694         4.143091
      4.178047         4.208630         4.237177         4.248955         4.256818
      4.274273         4.312165         4.341121         4.357223         4.371744
      4.416629         4.440446         4.448076         4.496130         4.530385
      4.567059         4.658061         4.710545
 *********************************
 sum eigen(dbl occ, ryd)=  -1539.09354817243     
 *********************************
 Ef(eV)=   1.22442357868119     
 ***************************************************
 iter=          17
 ---------------------------------------------------
 dvE, dvE(n)-dvE(n-1) = 0.1440E-04 -.4775E-05
 dv_ave, drho_tot     = 0.3795E-02 0.1087E-02
 err of ug            = 0.2049E-03
 ---------------------------------------------------
 Ewald        = -.41876607880374E+05
 Alpha        = 0.15207970391171E+04
 E_extV       = 0.00000000000000E+00    0.0000E+00
 E_NSC        = -.21384097613069E+05    -.6093E+01
 E[-rho*V_Hxc]= -.12249569560718E+06    0.6119E+01
 E_Hxc        = 0.51325125023925E+05    -.6235E+01
 -TS          = -.65384435037586E-22    -.6339E-22
 E_tot(eV)    = -.13291047903758E+06    0.2587E-01
 ---------------------------------------------------
 E_ion,E_coul,E_xc =   -223231.9045318   80115.0527100  -28789.9276861
Ewald+Hart+ion    -0.1849934597022E+06
 ave(vtot)=ave_(V_xc)=: v0= -0.282309442948136     
 Eigen energies are values after setting ave_vtot=0
 ----------------------------------
 One SCF use:    85.9755179882050       s
 *********************************
 ****** kpt=           1
 err of each states, eV
  0.829834E-03     0.818352E-03     0.216231E-02     0.271407E-02     0.243063E-02
  0.133153E-02     0.119808E-02     0.197274E-02     0.137484E-02     0.797551E-03
  0.124976E-02     0.714603E-03     0.712810E-03     0.125420E-02     0.616997E-03
  0.160910E-02     0.132091E-02     0.647167E-03     0.128203E-02     0.590383E-03
  0.954351E-03     0.783591E-03     0.753043E-03     0.119075E-02     0.886759E-03
  0.131348E-02     0.837775E-03     0.125176E-02     0.153507E-02     0.103922E-02
  0.111358E-02     0.768206E-03     0.730179E-03     0.133066E-02     0.262299E-02
  0.171125E-02     0.978054E-03     0.779853E-03     0.174589E-02     0.668340E-03
  0.895570E-03     0.727611E-03     0.931357E-03     0.781858E-03     0.693009E-03
  0.840132E-03     0.575881E-03     0.105951E-02     0.996999E-03     0.886903E-03
  0.109703E-02     0.914749E-03     0.738837E-03     0.761994E-03     0.952758E-03
  0.127992E-02     0.748022E-03     0.937236E-03     0.836608E-03     0.915695E-03
  0.115781E-02     0.690482E-03     0.527350E-03     0.582924E-03     0.808769E-03
  0.102334E-02     0.754868E-03     0.674894E-03     0.648055E-03     0.565217E-03
  0.129424E-02     0.604617E-03     0.534273E-03     0.801517E-03     0.193086E-02
  0.926653E-03     0.732176E-03     0.649089E-03     0.885117E-03     0.112439E-02
  0.119497E-02     0.196677E-02     0.873931E-03     0.621609E-03     0.554729E-03
  0.461536E-03     0.700920E-03     0.648233E-03     0.741059E-03     0.801340E-03
  0.869293E-03     0.630990E-03     0.699415E-03     0.110687E-02     0.701329E-03
  0.898819E-03     0.149597E-02     0.849066E-03     0.590648E-03     0.863781E-03
  0.606676E-03     0.581926E-03     0.110571E-02     0.688487E-03     0.541594E-03
  0.549700E-03     0.166263E-02     0.694422E-03     0.667520E-03     0.498602E-03
  0.728279E-03     0.401493E-03     0.698248E-03     0.641906E-03     0.793396E-03
  0.151105E-02     0.480765E-03     0.649807E-03     0.950373E-03     0.460334E-03
  0.506633E-03     0.536429E-03     0.571842E-03     0.505646E-03     0.587845E-03
  0.659056E-03     0.697267E-03     0.215105E-02     0.613905E-03     0.450594E-03
  0.529533E-03     0.933239E-03     0.654579E-03     0.645672E-03     0.540122E-03
  0.133247E-02     0.108959E-02     0.140135E-02     0.129831E-02     0.114527E-02
  0.976146E-03     0.110033E-02     0.290722E-02     0.174144E-02     0.990578E-03
  0.100296E-02     0.726024E-03     0.214200E-02     0.119504E-02     0.138403E-02
  0.800574E-03     0.957415E-03     0.982899E-03     0.102018E-02     0.167758E-02
  0.770099E-03     0.977258E-03     0.140279E-02     0.690444E-03     0.875662E-03
  0.997097E-03     0.698136E-03     0.961663E-03     0.705601E-03     0.792215E-03
  0.158315E-02     0.112310E-02     0.714569E-03     0.760780E-03     0.124773E-02
  0.793433E-03     0.214277E-02     0.187914E-02     0.140345E-02     0.109803E-02
  0.831471E-03     0.855568E-03     0.452416E-02     0.463082E-02     0.981607E-03
  0.126240E-02     0.207490E-02     0.803465E-03     0.755235E-03     0.226567E-02
  0.986482E-03     0.112238E-02     0.170634E-02     0.884718E-03     0.688485E-03
  0.682470E-03     0.731347E-03     0.617163E-03     0.106804E-02     0.687388E-03
  0.929955E-03     0.108905E-02     0.107769E-02     0.103462E-02     0.108362E-02
  0.105634E-02     0.802859E-03     0.115866E-02     0.132111E-02     0.951329E-03
  0.110981E-02     0.713758E-03     0.107630E-02     0.898303E-03     0.858320E-03
  0.786228E-03     0.957824E-03     0.964789E-03     0.116790E-02     0.122678E-02
  0.123622E-02     0.104692E-02     0.129176E-02     0.992298E-03     0.103193E-02
  0.101625E-02     0.127995E-02     0.123746E-02     0.922211E-03     0.913739E-03
  0.128322E-02     0.113705E-02     0.800601E-03     0.114789E-02     0.129853E-02
  0.123244E-02     0.927288E-03     0.126295E-02     0.100311E-02     0.105412E-02
  0.803301E-03     0.966098E-03     0.113032E-02     0.113244E-02     0.115780E-02
  0.105068E-02     0.107614E-02     0.135110E-02     0.114868E-02     0.997130E-03
  0.129399E-02     0.135496E-02     0.997306E-03     0.867077E-03     0.101087E-02
  0.106103E-02     0.107141E-02     0.909724E-03     0.117644E-02     0.838990E-03
  0.120670E-02     0.116994E-02     0.744954E-03     0.105654E-02     0.847605E-03
  0.102173E-02     0.974386E-03     0.112489E-02     0.879996E-03     0.871295E-03
  0.143033E-02     0.103663E-02     0.104102E-02     0.124580E-02     0.108021E-02
  0.109372E-02     0.147182E-02     0.140498E-02     0.179696E-02     0.151479E-02
  0.133644E-02     0.135160E-02     0.104278E-02     0.117486E-02     0.120678E-02
  0.110847E-02     0.128235E-02     0.136086E-02     0.953209E-03     0.142065E-02
  0.116532E-02     0.179109E-02     0.137486E-02     0.101438E-02     0.139608E-02
  0.145209E-02     0.137762E-02     0.131425E-02     0.133019E-02     0.143460E-02
  0.200416E-02     0.153225E-02     0.159227E-02     0.153921E-02     0.118118E-02
  0.137072E-02     0.175248E-02     0.124950E-02     0.131960E-02     0.216248E-02
  0.948503E-03     0.124577E-02     0.128152E-02     0.128594E-02     0.133360E-02
  0.168192E-02     0.172382E-02     0.153614E-02     0.183069E-02     0.235011E-02
  0.164774E-02     0.155286E-02     0.206844E-02     0.149368E-02     0.160341E-02
  0.173051E-02     0.185347E-02     0.206924E-02     0.206741E-02     0.214402E-02
  0.191067E-02     0.217395E-02     0.225906E-02     0.178000E-02     0.306118E-02
  0.192530E-02     0.206745E-02     0.183874E-02     0.170450E-02     0.147426E-02
  0.274578E-02     0.273947E-02     0.255947E-02     0.156004E-02     0.201410E-02
  0.193902E-02     0.192121E-02     0.143770E-02     0.175303E-02     0.142228E-02
  0.199981E-02     0.192506E-02     0.193311E-02     0.175954E-02     0.183864E-02
  0.193928E-02     0.215559E-02     0.157011E-02     0.173752E-02     0.146259E-02
  0.171975E-02     0.165124E-02     0.211755E-02     0.218368E-02     0.218775E-02
  0.244624E-02     0.214693E-02     0.232062E-02     0.208762E-02     0.220390E-02
  0.214824E-02     0.188676E-02     0.174503E-02     0.172871E-02     0.166330E-02
  0.109640E-02     0.133798E-02     0.220458E-02     0.214156E-02     0.170831E-02
  0.195832E-02     0.210987E-02     0.209529E-02     0.182941E-02     0.191820E-02
  0.236181E-02     0.169723E-02     0.153876E-02     0.195426E-02     0.186573E-02
  0.175364E-02     0.179706E-02     0.162772E-02     0.203306E-02     0.201223E-02
  0.221063E-02     0.195267E-02     0.232910E-02     0.194659E-02     0.203499E-02
  0.192432E-02     0.171702E-02     0.212736E-02     0.168223E-02     0.204924E-02
  0.186044E-02     0.132549E-02     0.151499E-02     0.216407E-02     0.144820E-02
  0.213614E-02     0.185882E-02     0.174047E-02     0.131035E-02     0.146695E-02
  0.178894E-02     0.179109E-02     0.171755E-02     0.200910E-02     0.227545E-02
  0.159685E-02     0.211801E-02     0.200500E-02     0.202170E-02     0.193154E-02
  0.177648E-02     0.234186E-02     0.196553E-02     0.211771E-02     0.167798E-02
  0.158307E-02     0.210151E-02     0.213512E-02     0.206289E-02     0.232310E-02
  0.206895E-02     0.224301E-02     0.218268E-02     0.186756E-02     0.174456E-02
  0.178958E-02     0.203579E-02     0.227985E-02     0.271339E-02     0.215702E-02
  0.235459E-02     0.177546E-02     0.159470E-02     0.251123E-02     0.220945E-02
  0.197700E-02     0.218439E-02     0.261431E-02     0.192577E-02     0.228056E-02
  0.228246E-02     0.158221E-02     0.215330E-02     0.182781E-02     0.170018E-02
  0.161438E-02     0.235119E-02     0.217560E-02     0.152766E-02     0.158019E-02
  0.179501E-02     0.189983E-02     0.167543E-02     0.194162E-02     0.171523E-02
  0.151153E-02     0.172182E-02     0.146737E-02     0.153560E-02     0.221666E-02
  0.232418E-02     0.190954E-02     0.168613E-02     0.152504E-02     0.154979E-02
  0.167836E-02     0.162364E-02     0.121030E-02     0.155099E-02     0.231216E-02
  0.187217E-02     0.236972E-02     0.195506E-02     0.200100E-02     0.251331E-02
  0.165539E-02     0.153143E-02     0.201599E-02     0.166473E-02     0.214580E-02
  0.202364E-02     0.226514E-02     0.218334E-02     0.196531E-02     0.229459E-02
  0.168919E-02     0.185873E-02     0.160745E-02     0.157541E-02     0.140724E-02
  0.161110E-02     0.164828E-02     0.154492E-02     0.149802E-02     0.148916E-02
  0.166691E-02     0.142761E-02     0.158907E-02     0.171055E-02     0.171031E-02
  0.148024E-02     0.230466E-02     0.144721E-02     0.203849E-02     0.175475E-02
  0.243022E-02     0.228485E-02     0.187309E-02     0.234528E-02     0.240581E-02
  0.163033E-02     0.178308E-02     0.270314E-02     0.242038E-02     0.221496E-02
  0.180272E-02     0.179601E-02     0.197671E-02     0.244486E-02     0.234354E-02
  0.226474E-02     0.197311E-02     0.211051E-02     0.207396E-02     0.243893E-02
  0.160001E-02     0.185239E-02     0.206954E-02     0.265598E-02     0.209669E-02
  0.177904E-02     0.189449E-02     0.150280E-02     0.192375E-02     0.176880E-02
  0.155209E-02     0.157798E-02     0.175975E-02     0.156004E-02     0.144819E-02
  0.163235E-02     0.262015E-02     0.150234E-02     0.147894E-02     0.147590E-02
  0.173647E-02     0.160573E-02     0.146130E-02     0.139004E-02     0.142119E-02
  0.138144E-02     0.160053E-02     0.159388E-02     0.160279E-02     0.164311E-02
  0.162246E-02     0.178749E-02     0.158843E-02     0.178622E-02     0.178097E-02
  0.199978E-02     0.186014E-02     0.162875E-02     0.140092E-02     0.184890E-02
  0.187185E-02     0.208877E-02     0.164406E-02     0.152469E-02     0.169309E-02
  0.182054E-02     0.159808E-02     0.167138E-02     0.166489E-02     0.164415E-02
  0.168808E-02     0.179849E-02     0.163190E-02     0.168431E-02     0.174971E-02
  0.223540E-02     0.184781E-02     0.167000E-02     0.155513E-02     0.197427E-02
  0.179901E-02     0.174064E-02     0.186515E-02     0.174407E-02     0.160106E-02
  0.185621E-02     0.176752E-02     0.191227E-02     0.183681E-02     0.197205E-02
  0.181940E-02     0.185381E-02     0.207048E-02     0.183127E-02     0.188756E-02
  0.166942E-02     0.162868E-02     0.173491E-02     0.196306E-02     0.158815E-02
  0.161599E-02     0.171964E-02     0.172105E-02     0.174672E-02     0.145299E-02
  0.187658E-02     0.176887E-02     0.187301E-02     0.207768E-02     0.183496E-02
  0.205916E-02     0.185539E-02     0.190912E-02     0.207351E-02     0.173235E-02
  0.208110E-02     0.176406E-02     0.172347E-02     0.194116E-02     0.179733E-02
  0.198434E-02     0.181489E-02     0.189176E-02     0.186540E-02     0.197334E-02
  0.183424E-02     0.194714E-02     0.207382E-02     0.207097E-02     0.191471E-02
  0.246207E-02     0.185241E-02     0.204620E-02     0.212812E-02     0.185941E-02
  0.246221E-02     0.189954E-02     0.234224E-02     0.178923E-02     0.181023E-02
  0.160438E-02     0.176766E-02     0.184420E-02     0.192255E-02     0.223125E-02
  0.190906E-02     0.209040E-02     0.165071E-02     0.166491E-02     0.182379E-02
  0.178864E-02     0.181907E-02     0.168385E-02     0.179719E-02     0.330770E-02
  0.270333E-02     0.206662E-02     0.181977E-02     0.199154E-02     0.186502E-02
  0.178575E-02     0.192683E-02     0.205552E-02     0.181490E-02     0.237584E-02
  0.207259E-02     0.171686E-02     0.154676E-02     0.206440E-02     0.214742E-02
  0.204419E-02     0.201851E-02     0.207372E-02     0.214603E-02     0.186459E-02
  0.195851E-02     0.203316E-02     0.227266E-02     0.191908E-02     0.197443E-02
  0.184613E-02     0.196378E-02     0.176046E-02     0.196482E-02     0.215112E-02
  0.204562E-02     0.188621E-02     0.206152E-02     0.165322E-02     0.171682E-02
  0.176248E-02     0.181219E-02     0.194334E-02     0.179363E-02     0.199044E-02
  0.247751E-02     0.190129E-02     0.231247E-02     0.191782E-02     0.208095E-02
  0.184617E-02     0.223467E-02     0.235448E-02     0.241368E-02     0.199903E-02
  0.215072E-02     0.211724E-02     0.245541E-02     0.222939E-02     0.199193E-02
  0.199810E-02     0.193818E-02     0.186701E-02     0.189179E-02     0.212120E-02
  0.186826E-02     0.199423E-02     0.227360E-02     0.188568E-02     0.212747E-02
  0.213004E-02     0.206391E-02     0.212929E-02     0.193957E-02     0.237658E-02
  0.217281E-02     0.221030E-02     0.214769E-02     0.221364E-02     0.259992E-02
  0.220762E-02     0.239660E-02     0.237814E-02     0.217001E-02     0.236989E-02
  0.225987E-02     0.226561E-02     0.223036E-02     0.220496E-02     0.231889E-02
  0.219492E-02     0.240710E-02     0.258269E-02     0.231633E-02     0.226350E-02
  0.266785E-02     0.236550E-02     0.241398E-02     0.233586E-02     0.194918E-02
  0.202708E-02     0.226641E-02     0.247326E-02     0.217009E-02     0.239207E-02
  0.213078E-02     0.205257E-02     0.220144E-02     0.230942E-02     0.211801E-02
  0.229791E-02     0.218011E-02     0.244592E-02     0.235587E-02     0.235996E-02
  0.237243E-02     0.219937E-02     0.198252E-02     0.220790E-02     0.252799E-02
  0.239523E-02     0.253485E-02     0.237324E-02     0.264911E-02     0.225535E-02
  0.205828E-02     0.194425E-02     0.195404E-02     0.198461E-02     0.212887E-02
  0.209737E-02     0.203326E-02     0.203768E-02     0.223693E-02     0.172579E-02
  0.208770E-02     0.243506E-02     0.196466E-02     0.207707E-02     0.204138E-02
  0.222050E-02     0.185726E-02     0.155394E-02     0.237982E-02     0.218501E-02
  0.270661E-02     0.229053E-02     0.182041E-02     0.328223E-02     0.242648E-02
  0.300122E-02     0.271520E-02     0.200270E-02     0.251678E-02     0.227146E-02
  0.213869E-02     0.253832E-02     0.216318E-02     0.192435E-02     0.240475E-02
  0.229874E-02     0.232595E-02     0.246296E-02     0.290939E-02     0.290145E-02
  0.240526E-02     0.195005E-02     0.256728E-02     0.266287E-02     0.242931E-02
  0.242721E-02     0.243831E-02     0.246264E-02     0.245634E-02     0.272824E-02
  0.209329E-02     0.214439E-02     0.233198E-02     0.290044E-02     0.225226E-02
  0.282861E-02     0.282850E-02     0.234832E-02     0.240685E-02     0.205750E-02
  0.261248E-02     0.242473E-02     0.239324E-02     0.316439E-02     0.286001E-02
  0.243010E-02     0.180898E-02     0.263085E-02     0.223120E-02     0.246808E-02
  0.264960E-02     0.254073E-02     0.254873E-02     0.264784E-02     0.291895E-02
  0.267539E-02     0.312806E-02     0.298509E-02     0.254248E-02     0.301161E-02
  0.249861E-02     0.253640E-02     0.330689E-02     0.352760E-02     0.400591E-02
  0.276067E-02     0.218269E-02     0.203874E-02     0.301293E-02     0.252914E-02
  0.264143E-02     0.236231E-02     0.215303E-02     0.231401E-02     0.206903E-02
  0.235656E-02     0.273773E-02     0.369103E-02     0.314282E-02     0.314679E-02
  0.283431E-02     0.250224E-02     0.325301E-02     0.427572E-02     0.370577E-02
  0.284107E-02     0.238954E-02     0.342049E-02     0.331294E-02     0.269405E-02
  0.333037E-02     0.253054E-02     0.317732E-02     0.451299E-02     0.302243E-02
  0.248547E-02     0.232097E-02     0.213121E-02     0.185296E-02     0.245997E-02
  0.297033E-02     0.518288E-02     0.257361E-02     0.240167E-02     0.436886E-02
  0.308559E-02     0.294081E-02     0.394796E-02     0.341811E-02     0.274262E-02
  0.228313E-02     0.315612E-02     0.252597E-02     0.274719E-02     0.373761E-02
  0.374188E-02     0.279452E-02     0.302011E-02     0.279055E-02     0.203386E-02
  0.264928E-02     0.212989E-02     0.252107E-02     0.242377E-02     0.236704E-02
  0.273100E-02     0.167179E-02     0.226166E-02     0.181259E-02     0.173135E-02
  0.209669E-02     0.181035E-02     0.227422E-02     0.254275E-02     0.194719E-02
  0.245211E-02     0.211410E-02     0.200671E-02     0.314323E-02     0.194369E-02
  0.338342E-02     0.221941E-02     0.350294E-02     0.184502E-02     0.187354E-02
  0.216774E-02     0.170452E-02     0.358217E-02     0.280951E-02     0.298591E-02
  0.379092E-02     0.246601E-02     0.308986E-02     0.400697E-02     0.306397E-02
  0.167983E-02     0.223181E-02     0.247157E-02     0.408985E-02     0.246141E-02
  0.940675E-02     0.146892E-01     0.119887E-01     0.181028E-01     0.195634E-01
  0.114551E-01     0.153258E-01     0.153586E-01     0.141621E-01     0.152291E-01
  0.139581E-01     0.273773E-01     0.269046E-01     0.283583E-01     0.622070E-01
  0.617867E-01     0.272135E-01     0.540176E-01     0.469612E-01     0.474667E-01
  0.913874E-01     0.523352E-01     0.600859E-01     0.753711E-01     0.844794E-01
  0.897949E-01     0.842481E-01     0.944395E-01     0.934569E-01     0.158070E+00
  0.106284E+00     0.127226E+00     0.117036E+00     0.144485E+00     0.148596E+00
  0.119347E+00     0.129282E+00     0.142686E+00     0.191237E+00     0.233305E+00
  0.180936E+00     0.188022E+00     0.249902E+00     0.177102E+00     0.156320E+00
  0.179597E+00     0.208865E+00     0.313480E+00     0.295565E+00     0.189171E+00
  0.211165E+00     0.266608E+00     0.328999E+00     0.328318E+00     0.397055E+00
  0.496509E+00     0.358676E+00     0.487035E+00
 eigen energies, in ev
    -44.553017       -44.482054       -44.419855       -44.372442       -43.833884
    -28.567737       -28.349758       -28.320003       -28.266587       -28.250679
    -28.180570       -28.113913       -28.041699       -28.009697       -27.988705
    -27.976291       -27.967749       -27.912053       -27.805345       -27.789621
    -27.785716       -27.770520       -27.765839       -27.723983       -27.710322
    -27.700263       -27.663309       -27.662282       -27.643479       -27.640930
    -27.612776       -27.595622       -27.542955       -27.537846       -27.537598
    -27.527332       -27.499967       -27.495842       -27.400131       -27.391742
    -27.372277       -27.368351       -27.360569       -27.357562       -27.311541
    -27.269673       -27.257455       -27.244581       -27.219979       -27.196111
    -27.185977       -27.121246       -27.095362       -27.094017       -27.062441
    -27.037348       -26.995733       -26.988862       -26.981878       -26.979313
    -26.960962       -26.919588       -26.919483       -26.846365       -26.844180
    -26.818773       -26.783369       -26.727996       -26.692703       -26.623220
    -26.609990       -26.608861       -26.601205       -26.533482       -26.490912
    -26.465695       -26.460221       -26.427726       -26.421275       -26.321493
    -26.282538       -26.279954       -26.218466       -26.209544       -26.204233
    -26.194001       -26.188084       -26.145736       -26.060823       -26.044138
    -26.037970       -26.007041       -25.991005       -25.978515       -25.975326
    -25.898277       -25.884058       -25.867986       -25.852541       -25.848179
    -25.787690       -25.774613       -25.758732       -25.757131       -25.747577
    -25.704835       -25.697684       -25.694901       -25.688836       -25.680474
    -25.679657       -25.667099       -25.646816       -25.632527       -25.631834
    -25.602656       -25.576207       -25.536090       -25.487609       -25.478406
    -25.449141       -25.448791       -25.413213       -25.412405       -25.411891
    -25.402517       -25.341528       -25.332872       -25.323025       -25.298243
    -25.245355       -25.224231       -25.167737       -25.166912       -25.019384
    -24.042980       -23.971079       -23.912936       -23.693655       -23.578183
    -23.562911       -23.536917       -23.521412       -23.440984       -23.429115
    -23.378063       -23.288721       -23.255288       -23.213391       -23.180690
    -23.168322       -23.160626       -23.134281       -23.098579       -23.062257
    -23.058726       -23.058051       -23.030861       -23.022819       -23.016540
    -22.952363       -22.945063       -22.891469       -22.760124       -22.734889
    -22.654711       -22.632749       -22.557245       -22.388553       -22.238153
    -22.116141       -21.758876       -21.694397       -21.402001       -21.340894
    -21.330126       -21.305485       -21.301007       -21.292146       -21.223435
    -21.181290       -21.135278       -21.125217       -21.090813       -20.925249
    -20.878643       -20.863639       -20.809425       -20.770475       -20.758239
    -18.551250       -18.502250       -18.445059       -18.236639       -18.149931
    -16.433067       -16.387108       -16.190671       -16.104191       -16.076604
    -15.995849       -15.971103       -15.963678       -15.926935       -15.916067
    -15.717981       -15.655223       -15.635395       -15.580469       -15.474321
    -15.362938       -15.160622       -15.043655       -15.006014       -14.986922
    -14.974427       -14.965188       -14.961774       -14.855793       -14.824446
    -14.720581       -14.708096       -14.668944       -14.628051       -14.597233
    -14.595090       -14.548439       -14.458760       -14.435042       -14.430401
    -14.370855       -14.305263       -14.263079       -14.184903       -14.156268
    -13.862708       -13.829050       -13.819679       -13.817673       -13.785656
    -13.774929       -13.657372       -13.640709       -13.625779       -13.588702
    -13.563757       -13.551434       -13.493922       -13.481275       -13.447396
    -13.433156       -13.406102       -13.388335       -13.376972       -13.368275
    -13.346181       -13.329505       -13.287344       -13.281022       -13.276779
    -13.249322       -13.121800       -13.018693       -12.989549       -12.963299
    -12.270140       -12.250507       -12.199816       -12.146537       -12.077486
    -12.036001       -11.945185       -11.935172       -11.921281       -11.864190
    -11.852656       -11.822584       -11.811803       -11.693521       -11.652932
    -11.647619       -11.635130       -11.634002       -11.622123       -11.582243
    -11.552866       -11.507431       -11.465916       -11.414207       -11.410770
    -11.374290       -11.367176       -11.345597       -11.344435       -11.335109
    -11.285805       -11.266058       -11.202374       -11.163358       -11.131929
    -11.107375       -11.082434       -11.046046       -11.024696       -10.887168
    -10.821737       -10.801053       -10.794563       -10.765451       -10.750106
    -10.670854       -10.649789       -10.633022       -10.585449       -10.569573
    -10.531176       -10.529297       -10.509395       -10.499778       -10.473048
    -10.450406       -10.433187       -10.399836       -10.397816       -10.386655
    -10.382508       -10.349577       -10.348633       -10.318552       -10.297504
    -10.283512       -10.271892       -10.249413       -10.238171       -10.205980
    -10.177238       -10.157081       -10.140819       -10.133464       -10.094017
    -10.083658       -10.079989       -10.051234       -10.040549       -10.024438
    -10.010071       -10.000466       -10.000111        -9.985232        -9.979721
     -9.976855        -9.966612        -9.960898        -9.947975        -9.938895
     -9.932405        -9.926352        -9.891242        -9.884174        -9.878009
     -9.870285        -9.863069        -9.845664        -9.823887        -9.798233
     -9.793203        -9.771059        -9.768722        -9.759015        -9.753950
     -9.738869        -9.719302        -9.710847        -9.704781        -9.703794
     -9.701502        -9.688210        -9.678115        -9.651462        -9.645548
     -9.627200        -9.590480        -9.565490        -9.557221        -9.553643
     -9.533605        -9.527706        -9.501225        -9.492053        -9.480968
     -9.475964        -9.470161        -9.458866        -9.426544        -9.418981
     -9.416840        -9.410934        -9.399993        -9.397412        -9.372836
     -9.365881        -9.343125        -9.330048        -9.319237        -9.315595
     -9.309527        -9.295732        -9.274625        -9.261842        -9.232336
     -9.221816        -9.221060        -9.215650        -9.208957        -9.197028
     -9.180677        -9.154054        -9.121707        -9.119635        -9.112458
     -9.105553        -9.082809        -9.073553        -9.065900        -9.052361
     -9.009255        -8.998199        -8.980660        -8.978245        -8.976817
     -8.955108        -8.949489        -8.945785        -8.925688        -8.911844
     -8.908273        -8.903831        -8.869690        -8.861856        -8.847406
     -8.807942        -8.806925        -8.797167        -8.783046        -8.756245
     -8.744929        -8.727104        -8.724570        -8.716160        -8.699774
     -8.696480        -8.679855        -8.651933        -8.643384        -8.624401
     -8.621848        -8.610954        -8.587076        -8.557295        -8.526780
     -8.516950        -8.508362        -8.505864        -8.475965        -8.468696
     -8.467062        -8.457915        -8.431190        -8.426219        -8.400260
     -8.389177        -8.381639        -8.311169        -8.303932        -8.295631
     -8.280330        -8.256329        -8.198674        -8.175976        -8.172440
     -8.147798        -8.142856        -8.106884        -8.053023        -8.032562
     -8.016753        -8.012967        -7.995319        -7.984965        -7.970813
     -7.940310        -7.933469        -7.928227        -7.922596        -7.914586
     -7.888820        -7.874917        -7.864694        -7.836555        -7.835512
     -7.821807        -7.775038        -7.749358        -7.738696        -7.704969
     -7.689908        -7.649134        -7.627006        -7.623461        -7.619669
     -7.585360        -7.555834        -7.545278        -7.507818        -7.490531
     -7.427383        -7.410960        -7.404271        -7.335728        -7.330854
     -7.321211        -7.300661        -7.277871        -7.273466        -7.255894
     -7.225262        -7.222551        -7.187812        -7.174732        -7.172720
     -7.151317        -7.139280        -7.133965        -7.128319        -7.117554
     -7.092279        -7.089000        -7.038566        -7.029422        -7.017253
     -6.996801        -6.977778        -6.959484        -6.950782        -6.907552
     -6.868730        -6.860855        -6.842651        -6.821184        -6.813689
     -6.809033        -6.807638        -6.783627        -6.747599        -6.734404
     -6.708796        -6.682624        -6.672655        -6.669886        -6.657815
     -6.621246        -6.593653        -6.578127        -6.564144        -6.555992
     -6.549711        -6.539105        -6.536178        -6.532264        -6.516975
     -6.508844        -6.501171        -6.474299        -6.460295        -6.446480
     -6.442883        -6.438468        -6.432317        -6.417204        -6.409463
     -6.396584        -6.372428        -6.369265        -6.364074        -6.354818
     -6.349124        -6.329863        -6.317642        -6.302139        -6.292414
     -6.288177        -6.280295        -6.273223        -6.265380        -6.256669
     -6.234384        -6.231637        -6.229864        -6.216902        -6.209317
     -6.206751        -6.199246        -6.192858        -6.183916        -6.176180
     -6.166499        -6.159995        -6.147088        -6.144483        -6.128364
     -6.120973        -6.113752        -6.107606        -6.102275        -6.097667
     -6.078675        -6.071042        -6.056965        -6.041845        -6.032064
     -6.027161        -6.018375        -6.015207        -6.008894        -6.001068
     -5.993579        -5.987715        -5.981542        -5.976675        -5.971984
     -5.953097        -5.942152        -5.936808        -5.921395        -5.916739
     -5.914549        -5.896596        -5.895015        -5.885645        -5.879986
     -5.877449        -5.855740        -5.855175        -5.833425        -5.822551
     -5.818937        -5.810036        -5.805482        -5.791610        -5.787618
     -5.779050        -5.767446        -5.757959        -5.753455        -5.747116
     -5.737275        -5.724914        -5.721285        -5.710575        -5.701463
     -5.694714        -5.685025        -5.673719        -5.668671        -5.664792
     -5.658156        -5.654593        -5.641590        -5.634910        -5.630061
     -5.621377        -5.615634        -5.612755        -5.605584        -5.597957
     -5.596014        -5.587411        -5.579621        -5.566161        -5.558575
     -5.548567        -5.547559        -5.542660        -5.535122        -5.529903
     -5.522162        -5.515482        -5.504758        -5.502349        -5.495535
     -5.486072        -5.480589        -5.480306        -5.471003        -5.465112
     -5.462724        -5.456002        -5.448758        -5.438364        -5.433791
     -5.429883        -5.416078        -5.408824        -5.397748        -5.395700
     -5.382750        -5.378115        -5.368744        -5.366930        -5.360276
     -5.350869        -5.341087        -5.338461        -5.326124        -5.313767
     -5.310983        -5.303000        -5.298150        -5.292442        -5.287152
     -5.281591        -5.272906        -5.270281        -5.262694        -5.256162
     -5.247341        -5.231225        -5.225493        -5.222304        -5.210106
     -5.204734        -5.194836        -5.184619        -5.181970        -5.174147
     -5.169527        -5.162289        -5.158545        -5.155131        -5.148896
     -5.145879        -5.142867        -5.135071        -5.131245        -5.126247
     -5.123327        -5.119196        -5.107877        -5.101359        -5.096728
     -5.087695        -5.070599        -5.067929        -5.066222        -5.056794
     -5.054697        -5.049885        -5.042664        -5.036247        -5.026617
     -5.019273        -5.013298        -5.007124        -5.001390        -4.993095
     -4.986416        -4.980447        -4.979216        -4.973143        -4.968465
     -4.960222        -4.957466        -4.951658        -4.946262        -4.941271
     -4.928274        -4.922835        -4.914187        -4.912764        -4.907694
     -4.901913        -4.894861        -4.888786        -4.877620        -4.870015
     -4.857513        -4.856546        -4.851581        -4.845326        -4.837692
     -4.828283        -4.820667        -4.815611        -4.806416        -4.795941
     -4.789442        -4.779153        -4.775817        -4.771993        -4.764764
     -4.761930        -4.756742        -4.752694        -4.749205        -4.741530
     -4.734959        -4.721581        -4.719161        -4.699872        -4.695985
     -4.693038        -4.687222        -4.679117        -4.673596        -4.669671
     -4.662176        -4.655264        -4.651046        -4.640806        -4.625905
     -4.620463        -4.607886        -4.603104        -4.591629        -4.581341
     -4.573830        -4.565048        -4.561785        -4.547411        -4.544832
     -4.537592        -4.515655        -4.511749        -4.502090        -4.481773
     -4.476002        -4.449756        -4.433686        -4.427563        -4.419991
     -4.404708        -4.398180        -4.386666        -4.365441        -4.332231
     -4.327540        -4.319341        -4.288473        -4.284844        -4.253608
     -4.236120        -4.233404        -4.231121        -4.180517        -4.173096
     -4.155287        -4.147469        -4.116370        -4.110484        -4.100328
     -4.074325        -4.055020        -4.027911        -4.020497        -3.980930
     -3.979919        -3.962248        -3.961083        -3.939645        -3.931893
     -3.894865        -3.885596        -3.842325        -3.839114        -3.791254
     -3.779543        -3.770447        -3.762316        -3.738335        -3.713362
     -3.703699        -3.686871        -3.679029        -3.672269        -3.643053
     -3.640494        -3.618079        -3.585567        -3.563192        -3.559959
     -3.548367        -3.544769        -3.541143        -3.527435        -3.516000
     -3.496096        -3.491390        -3.483948        -3.471809        -3.458086
     -3.452995        -3.450255        -3.418036        -3.393788        -3.380646
     -3.376305        -3.369704        -3.366617        -3.356244        -3.354001
     -3.353275        -3.282882        -3.280657        -3.262133        -3.243531
     -3.232122        -3.229214        -3.212644        -3.205246        -3.199640
     -3.179353        -3.168387        -3.147003        -3.143515        -3.113576
     -3.107221        -3.070738        -3.050650        -3.033256        -3.005454
     -2.989279        -2.961250        -2.957750        -2.934897        -2.872596
     -2.844251        -2.835124        -2.826341        -2.796291        -2.789328
     -2.784269        -2.766769        -2.760129        -2.708088        -2.700524
     -2.688710        -2.686223        -2.678239        -2.669769        -2.610507
     -2.589354        -2.543114        -2.527032        -2.487848        -2.473263
     -2.466624        -2.431568        -2.386151        -2.345157        -2.341264
     -2.329036        -2.294404        -2.225587        -2.219255        -2.181997
     -2.122913        -2.094501        -2.092697        -1.993929        -1.938211
      2.566880         2.750046         2.931170         2.961222         3.006530
      3.045362         3.065681         3.076636         3.106872         3.253764
      3.268136         3.321186         3.376634         3.445261         3.454680
      3.497147         3.511371         3.550950         3.624208         3.665222
      3.693324         3.742514         3.753058         3.799000         3.806578
      3.840901         3.860096         3.872517         3.916600         3.929351
      3.943955         3.968685         3.995615         3.998131         4.018857
      4.041766         4.079217         4.093913         4.108312         4.134522
      4.170234         4.197734         4.229287         4.245932         4.259671
      4.267762         4.302667         4.325006         4.352708         4.374519
      4.415464         4.427410         4.439326         4.476314         4.513578
      4.552443         4.640173         4.663874
 *********************************
 sum eigen(dbl occ, ryd)=  -1539.41817278529     
 *********************************
 Ef(eV)=   1.40639407246950     
 ***************************************************
 iter=          18
 ---------------------------------------------------
 dvE, dvE(n)-dvE(n-1) = 0.8426E-05 -.5974E-05
 dv_ave, drho_tot     = 0.2903E-02 0.8088E-03
 err of ug            = 0.1317E-03
 ---------------------------------------------------
 Ewald        = -.41876607880374E+05
 Alpha        = 0.15207970391171E+04
 E_extV       = 0.00000000000000E+00    0.0000E+00
 E_NSC        = -.21388711020585E+05    -.4613E+01
 E[-rho*V_Hxc]= -.12248680834304E+06    0.4627E+01
 E_Hxc        = 0.51320865142652E+05    -.4260E+01
 -TS          = -.16080292851297E-19    -.1601E-19
 E_tot(eV)    = -.13291046506223E+06    0.1398E-01
 ---------------------------------------------------
 E_ion,E_coul,E_xc =   -223227.3117696   80110.2556872  -28789.3905445
Ewald+Hart+ion    -0.1849936639628E+06
 ave(vtot)=ave_(V_xc)=: v0= -0.282570384984729     
 Eigen energies are values after setting ave_vtot=0
 ----------------------------------
 One SCF use:    85.9383859634399       s
 *********************************
 ****** kpt=           1
 err of each states, eV
  0.352572E-02     0.394248E-02     0.205184E-02     0.346130E-02     0.388931E-02
  0.721542E-03     0.803421E-03     0.100285E-02     0.875893E-03     0.111259E-02
  0.616990E-03     0.466559E-03     0.592830E-03     0.114326E-02     0.903888E-03
  0.114677E-02     0.751016E-03     0.632054E-03     0.783593E-03     0.575035E-03
  0.648053E-03     0.558452E-03     0.574180E-03     0.904214E-03     0.117970E-02
  0.726264E-03     0.727192E-03     0.736977E-03     0.116100E-02     0.894559E-03
  0.542190E-03     0.709200E-03     0.836751E-03     0.625097E-03     0.516315E-03
  0.866493E-03     0.552170E-03     0.547362E-03     0.529528E-03     0.599672E-03
  0.125337E-02     0.591680E-03     0.679480E-03     0.470895E-03     0.873565E-03
  0.732405E-03     0.549608E-03     0.134850E-02     0.628230E-03     0.778913E-03
  0.918983E-03     0.663309E-03     0.551470E-03     0.675983E-03     0.749895E-03
  0.120403E-02     0.102928E-02     0.534778E-03     0.586082E-03     0.499224E-03
  0.567570E-03     0.947979E-03     0.602128E-03     0.737923E-03     0.448930E-03
  0.491562E-03     0.121011E-02     0.532238E-03     0.711578E-03     0.482740E-03
  0.469009E-03     0.514252E-03     0.550699E-03     0.512901E-03     0.740656E-03
  0.667946E-03     0.694301E-03     0.757949E-03     0.551554E-03     0.910843E-03
  0.722930E-03     0.733728E-03     0.143015E-02     0.427574E-03     0.190673E-02
  0.725380E-03     0.534190E-03     0.617033E-03     0.740123E-03     0.112218E-02
  0.595032E-03     0.615866E-03     0.629656E-03     0.151954E-02     0.580372E-03
  0.585075E-03     0.590677E-03     0.652937E-03     0.103257E-02     0.770696E-03
  0.574352E-03     0.599532E-03     0.996525E-03     0.593905E-03     0.674719E-03
  0.130428E-02     0.712063E-03     0.699386E-03     0.604016E-03     0.502983E-03
  0.685152E-03     0.424416E-03     0.693441E-03     0.593374E-03     0.689675E-03
  0.450614E-03     0.617100E-03     0.865976E-03     0.698097E-03     0.664176E-03
  0.401098E-03     0.750828E-03     0.830934E-03     0.633050E-03     0.535017E-03
  0.124863E-02     0.554317E-03     0.735491E-03     0.539739E-03     0.567731E-03
  0.464424E-03     0.432205E-03     0.508229E-03     0.482877E-03     0.733002E-03
  0.518801E-03     0.140750E-02     0.757115E-03     0.128943E-02     0.133728E-02
  0.703601E-03     0.593922E-03     0.789630E-03     0.642432E-03     0.227583E-02
  0.537147E-03     0.587518E-03     0.596219E-03     0.662354E-03     0.506215E-03
  0.208241E-02     0.485721E-03     0.149408E-02     0.658663E-03     0.770483E-03
  0.101291E-02     0.470632E-03     0.108176E-02     0.193340E-02     0.630379E-03
  0.644034E-03     0.537633E-03     0.162157E-02     0.913878E-03     0.435605E-03
  0.562691E-03     0.181112E-02     0.676919E-03     0.657884E-03     0.148482E-02
  0.167622E-02     0.878816E-03     0.109980E-02     0.128038E-02     0.125805E-02
  0.719182E-03     0.469687E-03     0.104060E-02     0.669539E-03     0.188656E-02
  0.920427E-03     0.926295E-03     0.561449E-03     0.789387E-03     0.922557E-03
  0.117646E-02     0.549714E-03     0.936639E-03     0.116260E-02     0.516539E-03
  0.520839E-03     0.550072E-03     0.617378E-03     0.728126E-03     0.386251E-03
  0.876350E-03     0.835971E-03     0.147224E-02     0.996424E-03     0.111739E-02
  0.799022E-03     0.833743E-03     0.950124E-03     0.105510E-02     0.948028E-03
  0.116410E-02     0.954564E-03     0.885488E-03     0.809645E-03     0.128146E-02
  0.885977E-03     0.125569E-02     0.834489E-03     0.886672E-03     0.124053E-02
  0.119424E-02     0.850629E-03     0.982963E-03     0.812474E-03     0.878806E-03
  0.983021E-03     0.771806E-03     0.112888E-02     0.111226E-02     0.812158E-03
  0.674005E-03     0.763988E-03     0.615603E-03     0.813671E-03     0.674242E-03
  0.815983E-03     0.792467E-03     0.111546E-02     0.976557E-03     0.113966E-02
  0.103959E-02     0.947604E-03     0.943874E-03     0.860864E-03     0.842415E-03
  0.783981E-03     0.962689E-03     0.103891E-02     0.103827E-02     0.105130E-02
  0.110548E-02     0.880021E-03     0.854737E-03     0.888417E-03     0.851972E-03
  0.116871E-02     0.873249E-03     0.918429E-03     0.983687E-03     0.110055E-02
  0.949179E-03     0.846924E-03     0.980614E-03     0.927191E-03     0.105433E-02
  0.540772E-03     0.103652E-02     0.113011E-02     0.816064E-03     0.785442E-03
  0.835530E-03     0.107776E-02     0.952005E-03     0.906232E-03     0.953831E-03
  0.740170E-03     0.121600E-02     0.121559E-02     0.137033E-02     0.149319E-02
  0.924696E-03     0.953811E-03     0.857484E-03     0.102984E-02     0.140260E-02
  0.106213E-02     0.830405E-03     0.111017E-02     0.101436E-02     0.115901E-02
  0.103222E-02     0.134266E-02     0.114864E-02     0.109966E-02     0.129208E-02
  0.144330E-02     0.134228E-02     0.758734E-03     0.916095E-03     0.117747E-02
  0.133627E-02     0.122676E-02     0.124130E-02     0.131583E-02     0.112435E-02
  0.128368E-02     0.204153E-02     0.101710E-02     0.103667E-02     0.168885E-02
  0.861593E-03     0.129799E-02     0.104535E-02     0.112270E-02     0.119111E-02
  0.159225E-02     0.143066E-02     0.173225E-02     0.137333E-02     0.142527E-02
  0.135473E-02     0.147375E-02     0.185540E-02     0.123101E-02     0.201582E-02
  0.119107E-02     0.185700E-02     0.151990E-02     0.121196E-02     0.212168E-02
  0.218881E-02     0.168483E-02     0.118638E-02     0.130875E-02     0.163454E-02
  0.173402E-02     0.190898E-02     0.140411E-02     0.129748E-02     0.151983E-02
  0.160747E-02     0.175184E-02     0.214409E-02     0.116142E-02     0.133788E-02
  0.139823E-02     0.123671E-02     0.126931E-02     0.145545E-02     0.155150E-02
  0.145358E-02     0.130449E-02     0.150275E-02     0.103603E-02     0.156436E-02
  0.154903E-02     0.149960E-02     0.150208E-02     0.148068E-02     0.152789E-02
  0.148182E-02     0.145323E-02     0.179355E-02     0.138707E-02     0.153606E-02
  0.144522E-02     0.136303E-02     0.176811E-02     0.172976E-02     0.183962E-02
  0.171549E-02     0.176452E-02     0.161105E-02     0.136839E-02     0.110950E-02
  0.131752E-02     0.158359E-02     0.158250E-02     0.117043E-02     0.132745E-02
  0.185344E-02     0.129820E-02     0.172353E-02     0.198422E-02     0.161622E-02
  0.163495E-02     0.147982E-02     0.120901E-02     0.108651E-02     0.142692E-02
  0.155069E-02     0.149148E-02     0.152903E-02     0.149688E-02     0.183657E-02
  0.140278E-02     0.190055E-02     0.165553E-02     0.186573E-02     0.152785E-02
  0.149158E-02     0.161882E-02     0.188384E-02     0.196631E-02     0.173143E-02
  0.131021E-02     0.172109E-02     0.187045E-02     0.171163E-02     0.185428E-02
  0.172296E-02     0.140372E-02     0.137617E-02     0.149899E-02     0.196384E-02
  0.154514E-02     0.133810E-02     0.134322E-02     0.147264E-02     0.199899E-02
  0.142070E-02     0.187801E-02     0.191284E-02     0.201736E-02     0.208151E-02
  0.206428E-02     0.150466E-02     0.202766E-02     0.164999E-02     0.135804E-02
  0.217503E-02     0.218199E-02     0.170718E-02     0.220166E-02     0.196053E-02
  0.164914E-02     0.184488E-02     0.211276E-02     0.160638E-02     0.165591E-02
  0.224506E-02     0.121824E-02     0.197570E-02     0.220090E-02     0.240295E-02
  0.145533E-02     0.226325E-02     0.219582E-02     0.203895E-02     0.174604E-02
  0.155682E-02     0.160976E-02     0.195319E-02     0.162330E-02     0.172418E-02
  0.228836E-02     0.221164E-02     0.201608E-02     0.229556E-02     0.166221E-02
  0.134018E-02     0.135365E-02     0.137542E-02     0.170935E-02     0.159642E-02
  0.143780E-02     0.164557E-02     0.159828E-02     0.104376E-02     0.138349E-02
  0.143244E-02     0.172487E-02     0.177011E-02     0.166218E-02     0.299503E-02
  0.195572E-02     0.121350E-02     0.139390E-02     0.145849E-02     0.141185E-02
  0.138875E-02     0.167290E-02     0.207918E-02     0.110681E-02     0.185719E-02
  0.106182E-02     0.276643E-02     0.200075E-02     0.222015E-02     0.127986E-02
  0.142019E-02     0.144572E-02     0.143610E-02     0.119085E-02     0.161365E-02
  0.186264E-02     0.149194E-02     0.160725E-02     0.136999E-02     0.191612E-02
  0.175120E-02     0.171737E-02     0.143233E-02     0.111913E-02     0.116265E-02
  0.119226E-02     0.114807E-02     0.135025E-02     0.127686E-02     0.110724E-02
  0.120233E-02     0.127369E-02     0.147238E-02     0.149125E-02     0.113078E-02
  0.119685E-02     0.186552E-02     0.104411E-02     0.119300E-02     0.101255E-02
  0.160089E-02     0.153367E-02     0.162269E-02     0.209094E-02     0.289814E-02
  0.154009E-02     0.167280E-02     0.111843E-02     0.135506E-02     0.128673E-02
  0.155860E-02     0.201605E-02     0.170375E-02     0.151005E-02     0.156681E-02
  0.155490E-02     0.128400E-02     0.166933E-02     0.208096E-02     0.178712E-02
  0.110790E-02     0.167400E-02     0.197965E-02     0.191791E-02     0.127744E-02
  0.148704E-02     0.125706E-02     0.153748E-02     0.132748E-02     0.148042E-02
  0.120832E-02     0.132295E-02     0.105980E-02     0.105558E-02     0.129788E-02
  0.213829E-02     0.133844E-02     0.120713E-02     0.127513E-02     0.115853E-02
  0.120974E-02     0.128494E-02     0.134415E-02     0.129110E-02     0.113421E-02
  0.151182E-02     0.110407E-02     0.137790E-02     0.141267E-02     0.141454E-02
  0.131263E-02     0.152548E-02     0.160843E-02     0.205622E-02     0.124173E-02
  0.130006E-02     0.132076E-02     0.148339E-02     0.157243E-02     0.162860E-02
  0.151852E-02     0.167022E-02     0.148587E-02     0.104400E-02     0.147994E-02
  0.150725E-02     0.144821E-02     0.146020E-02     0.140090E-02     0.136733E-02
  0.138040E-02     0.134076E-02     0.145832E-02     0.143689E-02     0.134544E-02
  0.158715E-02     0.168753E-02     0.178199E-02     0.152297E-02     0.148196E-02
  0.146005E-02     0.155955E-02     0.151459E-02     0.124062E-02     0.126954E-02
  0.162150E-02     0.146579E-02     0.157247E-02     0.121622E-02     0.154515E-02
  0.146636E-02     0.141763E-02     0.143938E-02     0.146594E-02     0.164087E-02
  0.144576E-02     0.171846E-02     0.140395E-02     0.164087E-02     0.116937E-02
  0.145534E-02     0.124209E-02     0.130095E-02     0.140560E-02     0.156123E-02
  0.156080E-02     0.172131E-02     0.164948E-02     0.159667E-02     0.186418E-02
  0.152732E-02     0.168806E-02     0.141704E-02     0.143459E-02     0.151438E-02
  0.147090E-02     0.188137E-02     0.153109E-02     0.180920E-02     0.184436E-02
  0.169344E-02     0.134235E-02     0.138607E-02     0.150562E-02     0.176775E-02
  0.147920E-02     0.154192E-02     0.164280E-02     0.180075E-02     0.169955E-02
  0.173860E-02     0.200191E-02     0.160146E-02     0.160109E-02     0.189838E-02
  0.178563E-02     0.192273E-02     0.169857E-02     0.157022E-02     0.173904E-02
  0.136816E-02     0.165948E-02     0.171919E-02     0.168698E-02     0.165240E-02
  0.144908E-02     0.158914E-02     0.151611E-02     0.165322E-02     0.167533E-02
  0.153227E-02     0.138064E-02     0.158242E-02     0.206343E-02     0.174099E-02
  0.192204E-02     0.153905E-02     0.163429E-02     0.207888E-02     0.186391E-02
  0.131992E-02     0.202612E-02     0.209011E-02     0.154984E-02     0.177506E-02
  0.168949E-02     0.164301E-02     0.164010E-02     0.151550E-02     0.199794E-02
  0.153337E-02     0.176918E-02     0.142804E-02     0.174055E-02     0.164361E-02
  0.167385E-02     0.176811E-02     0.208043E-02     0.179065E-02     0.194347E-02
  0.174380E-02     0.154178E-02     0.156604E-02     0.179709E-02     0.148787E-02
  0.159780E-02     0.175551E-02     0.154779E-02     0.176167E-02     0.168608E-02
  0.164582E-02     0.167462E-02     0.169197E-02     0.175181E-02     0.158206E-02
  0.167203E-02     0.201021E-02     0.192110E-02     0.197756E-02     0.166196E-02
  0.158457E-02     0.156659E-02     0.181748E-02     0.180770E-02     0.209673E-02
  0.174527E-02     0.185610E-02     0.191597E-02     0.196765E-02     0.180862E-02
  0.149472E-02     0.156402E-02     0.166171E-02     0.203475E-02     0.167889E-02
  0.169794E-02     0.156443E-02     0.178165E-02     0.169199E-02     0.161710E-02
  0.191041E-02     0.176190E-02     0.164100E-02     0.213637E-02     0.212224E-02
  0.208345E-02     0.218586E-02     0.184184E-02     0.183440E-02     0.211599E-02
  0.185786E-02     0.174947E-02     0.171609E-02     0.154129E-02     0.183734E-02
  0.166069E-02     0.186022E-02     0.186706E-02     0.202877E-02     0.172679E-02
  0.178317E-02     0.225410E-02     0.182366E-02     0.200711E-02     0.188878E-02
  0.181834E-02     0.204705E-02     0.167042E-02     0.173430E-02     0.173504E-02
  0.169973E-02     0.172503E-02     0.151278E-02     0.176390E-02     0.179906E-02
  0.157346E-02     0.173027E-02     0.208195E-02     0.207002E-02     0.193173E-02
  0.172672E-02     0.170785E-02     0.177638E-02     0.180635E-02     0.251435E-02
  0.197456E-02     0.226481E-02     0.210320E-02     0.191671E-02     0.219701E-02
  0.197045E-02     0.223516E-02     0.201539E-02     0.173988E-02     0.203439E-02
  0.170796E-02     0.152660E-02     0.171663E-02     0.173509E-02     0.199430E-02
  0.138481E-02     0.160748E-02     0.155589E-02     0.160763E-02     0.271157E-02
  0.167446E-02     0.163814E-02     0.173205E-02     0.181712E-02     0.167151E-02
  0.150873E-02     0.138116E-02     0.208850E-02     0.206227E-02     0.209794E-02
  0.167834E-02     0.196543E-02     0.193497E-02     0.228635E-02     0.178394E-02
  0.294344E-02     0.241531E-02     0.272157E-02     0.165545E-02     0.184867E-02
  0.188841E-02     0.202758E-02     0.222372E-02     0.179952E-02     0.191973E-02
  0.224744E-02     0.242283E-02     0.204410E-02     0.198206E-02     0.190397E-02
  0.196268E-02     0.271383E-02     0.204077E-02     0.241499E-02     0.209732E-02
  0.213232E-02     0.219287E-02     0.178083E-02     0.248702E-02     0.202436E-02
  0.222639E-02     0.236590E-02     0.229678E-02     0.210135E-02     0.205120E-02
  0.187040E-02     0.185513E-02     0.192548E-02     0.226519E-02     0.206302E-02
  0.185709E-02     0.195554E-02     0.197694E-02     0.153748E-02     0.315804E-02
  0.176069E-02     0.192849E-02     0.223193E-02     0.181148E-02     0.185286E-02
  0.183005E-02     0.121975E-02     0.195236E-02     0.242450E-02     0.239987E-02
  0.221005E-02     0.203768E-02     0.275794E-02     0.183633E-02     0.252576E-02
  0.192195E-02     0.262733E-02     0.196936E-02     0.318760E-02     0.227216E-02
  0.269633E-02     0.295320E-02     0.270393E-02     0.257969E-02     0.198362E-02
  0.215641E-02     0.165184E-02     0.197504E-02     0.228707E-02     0.209710E-02
  0.221677E-02     0.184118E-02     0.198229E-02     0.264901E-02     0.277264E-02
  0.252051E-02     0.308433E-02     0.277316E-02     0.264317E-02     0.280363E-02
  0.245749E-02     0.242488E-02     0.218451E-02     0.243038E-02     0.230237E-02
  0.239178E-02     0.250455E-02     0.301816E-02     0.331652E-02     0.282401E-02
  0.182174E-02     0.179985E-02     0.256308E-02     0.241020E-02     0.151575E-02
  0.179567E-02     0.200523E-02     0.452614E-02     0.216522E-02     0.245674E-02
  0.291190E-02     0.453109E-02     0.238515E-02     0.193627E-02     0.227255E-02
  0.229458E-02     0.225200E-02     0.279024E-02     0.369190E-02     0.242702E-02
  0.270460E-02     0.292607E-02     0.201615E-02     0.208958E-02     0.217684E-02
  0.174094E-02     0.243686E-02     0.162916E-02     0.198136E-02     0.212413E-02
  0.192954E-02     0.180605E-02     0.230785E-02     0.247790E-02     0.163866E-02
  0.176878E-02     0.154492E-02     0.144491E-02     0.178318E-02     0.263878E-02
  0.208893E-02     0.196964E-02     0.137659E-02     0.169326E-02     0.146301E-02
  0.202955E-02     0.263237E-02     0.148687E-02     0.262289E-02     0.139829E-02
  0.183590E-02     0.209772E-02     0.254878E-02     0.244953E-02     0.202625E-02
  0.299236E-02     0.272544E-02     0.251634E-02     0.259366E-02     0.194182E-02
  0.135629E-02     0.279999E-02     0.127139E-02     0.287395E-02     0.184531E-02
  0.474155E-02     0.101282E-01     0.796740E-02     0.167929E-01     0.127233E-01
  0.958155E-02     0.122802E-01     0.134903E-01     0.120137E-01     0.157100E-01
  0.142735E-01     0.283018E-01     0.302530E-01     0.546606E-01     0.379675E-01
  0.506486E-01     0.244183E-01     0.402395E-01     0.490033E-01     0.662765E-01
  0.500911E-01     0.590566E-01     0.527624E-01     0.862529E-01     0.838161E-01
  0.101509E+00     0.983922E-01     0.726119E-01     0.144365E+00     0.113513E+00
  0.896733E-01     0.103456E+00     0.123603E+00     0.119358E+00     0.119050E+00
  0.929470E-01     0.134399E+00     0.137766E+00     0.177651E+00     0.203904E+00
  0.169238E+00     0.236518E+00     0.223118E+00     0.194962E+00     0.205249E+00
  0.155791E+00     0.244539E+00     0.271510E+00     0.225359E+00     0.256967E+00
  0.246203E+00     0.264131E+00     0.307925E+00     0.367586E+00     0.364196E+00
  0.338348E+00     0.452203E+00     0.794853E+00
 eigen energies, in ev
    -44.527007       -44.468202       -44.405178       -44.334252       -43.861502
    -28.521642       -28.347649       -28.330329       -28.221381       -28.219485
    -28.218215       -28.130582       -28.035714       -28.020387       -27.952451
    -27.945174       -27.920030       -27.909007       -27.817168       -27.812448
    -27.786697       -27.756438       -27.756259       -27.752628       -27.723059
    -27.712003       -27.704861       -27.702397       -27.695580       -27.687643
    -27.650435       -27.631117       -27.590315       -27.523801       -27.513449
    -27.497202       -27.487656       -27.482165       -27.422036       -27.403301
    -27.399688       -27.395476       -27.384541       -27.384311       -27.309356
    -27.260290       -27.235797       -27.209936       -27.192948       -27.188010
    -27.185195       -27.155284       -27.145661       -27.106805       -27.097512
    -27.092953       -27.044529       -26.996359       -26.986805       -26.974875
    -26.973958       -26.942975       -26.879373       -26.870841       -26.841537
    -26.836993       -26.793854       -26.698372       -26.692774       -26.644959
    -26.587511       -26.576018       -26.574948       -26.559303       -26.471245
    -26.443912       -26.435077       -26.422625       -26.417320       -26.328797
    -26.318210       -26.247413       -26.229659       -26.212414       -26.199980
    -26.187266       -26.181864       -26.178477       -26.100390       -26.060572
    -26.027121       -26.024449       -26.019205       -25.973136       -25.971321
    -25.923286       -25.895118       -25.877002       -25.869897       -25.838850
    -25.783640       -25.781212       -25.742776       -25.742141       -25.737167
    -25.734775       -25.732760       -25.727258       -25.721780       -25.691129
    -25.688955       -25.676365       -25.665629       -25.655097       -25.630579
    -25.628864       -25.598451       -25.563553       -25.509106       -25.503356
    -25.479795       -25.475570       -25.471123       -25.470502       -25.414758
    -25.391818       -25.369980       -25.368973       -25.332291       -25.332021
    -25.299918       -25.275337       -25.214033       -25.168912       -25.064903
    -23.979868       -23.937070       -23.857788       -23.720335       -23.560964
    -23.525855       -23.494284       -23.464047       -23.447974       -23.424509
    -23.348603       -23.329497       -23.225735       -23.210213       -23.157809
    -23.156149       -23.129197       -23.099103       -23.087588       -23.073240
    -23.053742       -23.034415       -23.031210       -23.026479       -23.013540
    -23.004463       -22.925775       -22.868266       -22.783939       -22.753866
    -22.683479       -22.670063       -22.534663       -22.390543       -22.207226
    -22.083385       -21.695726       -21.641605       -21.375166       -21.321026
    -21.305830       -21.265568       -21.260214       -21.249940       -21.222701
    -21.162188       -21.099940       -21.096586       -21.074695       -20.877233
    -20.855849       -20.840679       -20.787412       -20.773748       -20.735021
    -18.494305       -18.471110       -18.372349       -18.204239       -18.106004
    -16.472411       -16.351034       -16.219418       -16.096618       -16.091252
    -16.025073       -15.991998       -15.972033       -15.955721       -15.872566
    -15.760923       -15.698401       -15.644199       -15.567527       -15.533156
    -15.330157       -15.185503       -15.026933       -14.996978       -14.966205
    -14.963810       -14.948685       -14.943851       -14.822169       -14.803236
    -14.758354       -14.699157       -14.652715       -14.615997       -14.611010
    -14.598472       -14.566459       -14.481089       -14.440913       -14.410335
    -14.373412       -14.327487       -14.292634       -14.231654       -14.208944
    -13.840189       -13.814075       -13.801021       -13.769663       -13.763948
    -13.744459       -13.632554       -13.615649       -13.606174       -13.595053
    -13.554890       -13.523617       -13.464127       -13.454287       -13.446867
    -13.433342       -13.429154       -13.405275       -13.402295       -13.374296
    -13.358830       -13.306428       -13.299451       -13.286551       -13.248336
    -13.241773       -13.166243       -13.071127       -12.977245       -12.968203
    -12.259492       -12.231220       -12.191872       -12.121140       -12.108449
    -12.060075       -11.949408       -11.925268       -11.910883       -11.890326
    -11.882882       -11.844912       -11.810411       -11.699573       -11.685769
    -11.672492       -11.634856       -11.621956       -11.586496       -11.583330
    -11.549285       -11.539084       -11.452300       -11.436147       -11.409122
    -11.395802       -11.374215       -11.370593       -11.348263       -11.320909
    -11.278882       -11.263670       -11.217183       -11.205334       -11.151902
    -11.145461       -11.067604       -11.021222       -10.986017       -10.852638
    -10.836852       -10.810735       -10.767776       -10.734367       -10.728684
    -10.669807       -10.642185       -10.627410       -10.594934       -10.544316
    -10.525152       -10.512416       -10.495572       -10.484820       -10.473524
    -10.432212       -10.421930       -10.413020       -10.401894       -10.370970
    -10.369908       -10.352187       -10.340311       -10.331233       -10.313625
    -10.306783       -10.289237       -10.266932       -10.230866       -10.224201
    -10.185499       -10.177954       -10.163814       -10.152083       -10.128817
    -10.119663       -10.088495       -10.073907       -10.037499       -10.036572
    -10.029277       -10.015261       -10.007195       -10.002175        -9.986727
     -9.980448        -9.960681        -9.948660        -9.944527        -9.940409
     -9.933544        -9.923852        -9.909042        -9.887126        -9.879284
     -9.874018        -9.863425        -9.847703        -9.840932        -9.836921
     -9.813474        -9.780569        -9.778504        -9.770118        -9.754236
     -9.748450        -9.731480        -9.720323        -9.710986        -9.692251
     -9.684768        -9.680204        -9.672803        -9.668474        -9.651860
     -9.625466        -9.609497        -9.586313        -9.582734        -9.562572
     -9.554123        -9.523787        -9.518297        -9.513781        -9.497134
     -9.491137        -9.459015        -9.451314        -9.445979        -9.437645
     -9.436682        -9.427631        -9.417278        -9.393365        -9.373960
     -9.349855        -9.344434        -9.339834        -9.305891        -9.303087
     -9.296052        -9.292016        -9.286797        -9.276392        -9.257069
     -9.235998        -9.233323        -9.223545        -9.203697        -9.183017
     -9.169050        -9.144154        -9.133046        -9.119011        -9.108451
     -9.101621        -9.084621        -9.079063        -9.060637        -9.046993
     -9.007463        -9.000549        -8.996584        -8.987119        -8.971406
     -8.967824        -8.953326        -8.949034        -8.925348        -8.911906
     -8.896535        -8.883426        -8.881964        -8.866486        -8.860913
     -8.834003        -8.815847        -8.798363        -8.783480        -8.761873
     -8.756932        -8.748261        -8.741677        -8.722491        -8.710880
     -8.704813        -8.690711        -8.665100        -8.632895        -8.602795
     -8.597904        -8.584364        -8.577634        -8.568642        -8.545273
     -8.540614        -8.511042        -8.505483        -8.494285        -8.491238
     -8.479767        -8.444697        -8.440849        -8.421180        -8.415819
     -8.392578        -8.355290        -8.341947        -8.317528        -8.313363
     -8.291125        -8.271376        -8.208188        -8.200711        -8.170869
     -8.164468        -8.163391        -8.139905        -8.073875        -8.016019
     -8.003274        -7.987489        -7.985076        -7.972933        -7.966735
     -7.941277        -7.923747        -7.911742        -7.903002        -7.892061
     -7.880652        -7.875997        -7.852205        -7.847638        -7.800574
     -7.793790        -7.743878        -7.735528        -7.713519        -7.681053
     -7.669350        -7.654501        -7.625978        -7.596657        -7.589454
     -7.554467        -7.549550        -7.538099        -7.514805        -7.474256
     -7.451015        -7.386880        -7.374318        -7.361601        -7.296867
     -7.290064        -7.289076        -7.277308        -7.266344        -7.228543
     -7.220719        -7.208028        -7.190512        -7.166303        -7.154085
     -7.143226        -7.141470        -7.117274        -7.111173        -7.103674
     -7.085358        -7.071088        -7.045471        -7.035956        -7.023959
     -6.995309        -6.977915        -6.924723        -6.910850        -6.889859
     -6.872663        -6.847419        -6.845468        -6.827921        -6.813539
     -6.803600        -6.793026        -6.772153        -6.769005        -6.728004
     -6.720037        -6.687988        -6.669988        -6.655474        -6.645378
     -6.626928        -6.593371        -6.575826        -6.569049        -6.558326
     -6.555173        -6.547574        -6.539980        -6.524951        -6.512227
     -6.505822        -6.503271        -6.474303        -6.456880        -6.447634
     -6.438743        -6.434814        -6.419896        -6.408487        -6.401563
     -6.391745        -6.382647        -6.375768        -6.361058        -6.349929
     -6.346646        -6.338941        -6.336747        -6.296682        -6.293299
     -6.287643        -6.282167        -6.271151        -6.268721        -6.256598
     -6.247493        -6.238742        -6.225898        -6.214648        -6.211975
     -6.199612        -6.195184        -6.191703        -6.182226        -6.169480
     -6.166520        -6.157650        -6.150811        -6.147178        -6.130608
     -6.123600        -6.109987        -6.098021        -6.091537        -6.084956
     -6.070816        -6.063948        -6.054693        -6.045239        -6.039360
     -6.025756        -6.017569        -6.007807        -6.003569        -5.996130
     -5.991948        -5.989799        -5.983755        -5.970165        -5.957939
     -5.952912        -5.950684        -5.944592        -5.932308        -5.922594
     -5.919285        -5.906733        -5.889470        -5.881513        -5.876855
     -5.854773        -5.851758        -5.842823        -5.830513        -5.818835
     -5.815984        -5.797643        -5.792217        -5.787274        -5.774138
     -5.772969        -5.766174        -5.758342        -5.748388        -5.747046
     -5.735764        -5.732574        -5.722096        -5.718870        -5.716210
     -5.700235        -5.683401        -5.675111        -5.671508        -5.656111
     -5.652767        -5.646213        -5.643033        -5.634220        -5.633221
     -5.625038        -5.616155        -5.612369        -5.608987        -5.595312
     -5.589928        -5.585332        -5.575327        -5.572513        -5.567922
     -5.556211        -5.548238        -5.542677        -5.531766        -5.525969
     -5.523829        -5.518501        -5.517535        -5.513288        -5.503489
     -5.491023        -5.487004        -5.480703        -5.470216        -5.467910
     -5.462891        -5.457364        -5.449935        -5.444103        -5.435797
     -5.434388        -5.430440        -5.419956        -5.415730        -5.412179
     -5.405107        -5.403609        -5.392528        -5.377672        -5.365204
     -5.350337        -5.338699        -5.333748        -5.328204        -5.325198
     -5.320182        -5.311057        -5.302794        -5.297019        -5.293879
     -5.276282        -5.274640        -5.270491        -5.265076        -5.261021
     -5.257711        -5.243023        -5.238254        -5.229636        -5.221837
     -5.212870        -5.204940        -5.199671        -5.197860        -5.195797
     -5.193098        -5.187828        -5.175042        -5.166010        -5.162193
     -5.154810        -5.146071        -5.140147        -5.129490        -5.123059
     -5.117507        -5.112316        -5.110972        -5.106509        -5.097396
     -5.095182        -5.085818        -5.078649        -5.071849        -5.066310
     -5.059515        -5.052096        -5.048169        -5.037504        -5.029949
     -5.029283        -5.019126        -5.012928        -5.002256        -5.000393
     -4.994725        -4.983872        -4.980696        -4.979162        -4.964447
     -4.960991        -4.959060        -4.951493        -4.947447        -4.938144
     -4.932233        -4.926898        -4.918349        -4.917444        -4.913302
     -4.905779        -4.894446        -4.892883        -4.886681        -4.884796
     -4.875099        -4.870772        -4.858524        -4.848120        -4.845213
     -4.841335        -4.834344        -4.831119        -4.815054        -4.805432
     -4.797175        -4.794976        -4.784047        -4.781060        -4.776795
     -4.771567        -4.764103        -4.755682        -4.751756        -4.743427
     -4.737067        -4.727753        -4.723399        -4.718266        -4.712961
     -4.700209        -4.693408        -4.691076        -4.684202        -4.674072
     -4.664814        -4.654799        -4.654555        -4.628807        -4.620868
     -4.620686        -4.605103        -4.601651        -4.592206        -4.586324
     -4.581489        -4.578732        -4.573115        -4.558734        -4.552515
     -4.542122        -4.535610        -4.529626        -4.508280        -4.477464
     -4.460074        -4.458246        -4.449977        -4.437666        -4.434906
     -4.429508        -4.380682        -4.365195        -4.350754        -4.316201
     -4.311287        -4.304695        -4.296804        -4.264680        -4.259199
     -4.237161        -4.217482        -4.206622        -4.192218        -4.176508
     -4.150860        -4.127049        -4.102823        -4.091996        -4.079908
     -4.060817        -4.051563        -4.029757        -4.008127        -3.963531
     -3.955684        -3.938466        -3.932414        -3.920291        -3.914732
     -3.873901        -3.842288        -3.834109        -3.827855        -3.786029
     -3.782406        -3.777443        -3.740784        -3.725918        -3.707249
     -3.691854        -3.685173        -3.668600        -3.657957        -3.639231
     -3.595018        -3.590838        -3.584715        -3.557581        -3.551827
     -3.548810        -3.540095        -3.537333        -3.526285        -3.515934
     -3.507796        -3.485782        -3.476362        -3.467534        -3.441889
     -3.430292        -3.427201        -3.418852        -3.417264        -3.411185
     -3.383772        -3.376979        -3.367537        -3.347226        -3.321263
     -3.302701        -3.294464        -3.286798        -3.281212        -3.255247
     -3.242424        -3.240501        -3.239054        -3.207424        -3.182942
     -3.182624        -3.176209        -3.152720        -3.143920        -3.134562
     -3.094450        -3.091699        -3.066667        -3.045688        -3.034839
     -3.003062        -2.972494        -2.931696        -2.919871        -2.876946
     -2.843368        -2.838886        -2.825001        -2.819695        -2.787432
     -2.775208        -2.755371        -2.742787        -2.684734        -2.679978
     -2.678806        -2.662518        -2.652057        -2.612132        -2.589223
     -2.572342        -2.540381        -2.490402        -2.481750        -2.458701
     -2.418940        -2.384388        -2.345771        -2.339394        -2.304622
     -2.290597        -2.288461        -2.214946        -2.188319        -2.157406
     -2.135877        -2.074391        -2.050504        -1.960829        -1.915582
      2.603065         2.770085         2.918475         2.996320         3.037422
      3.078671         3.088212         3.099029         3.143579         3.252086
      3.276833         3.326595         3.385479         3.445146         3.461038
      3.482690         3.537093         3.562511         3.638410         3.670839
      3.692956         3.746851         3.767206         3.791997         3.819020
      3.839135         3.858409         3.882243         3.913933         3.926326
      3.954760         3.979260         4.000540         4.014426         4.019650
      4.049510         4.076758         4.097508         4.102892         4.135127
      4.168083         4.185516         4.222356         4.237928         4.257536
      4.280196         4.289429         4.313555         4.362646         4.383855
      4.412464         4.419412         4.433970         4.463592         4.511614
      4.543137         4.617284         4.629683
 *********************************
 sum eigen(dbl occ, ryd)=  -1539.39374442553     
 *********************************
 Ef(eV)=   1.66100266180657     
 ***************************************************
 iter=          19
 ---------------------------------------------------
 dvE, dvE(n)-dvE(n-1) = 0.6619E-05 -.1807E-05
 dv_ave, drho_tot     = 0.2573E-02 0.6165E-03
 err of ug            = 0.1106E-03
 ---------------------------------------------------
 Ewald        = -.41876607880374E+05
 Alpha        = 0.15207970391171E+04
 E_extV       = 0.00000000000000E+00    0.0000E+00
 E_NSC        = -.21388867386230E+05    -.1564E+00
 E[-rho*V_Hxc]= -.12248607977731E+06    0.1733E+00
 E_Hxc        = 0.51320309886295E+05    -.5553E+00
 -TS          = -.81369103562038E-16    -.8135E-16
 E_tot(eV)    = -.13291044811850E+06    0.1694E-01
 ---------------------------------------------------
 E_ion,E_coul,E_xc =   -223228.3854041   80110.2572667  -28789.9473804
Ewald+Hart+ion    -0.1849947360178E+06
 ave(vtot)=ave_(V_xc)=: v0= -0.282699886185449     
 Eigen energies are values after setting ave_vtot=0
 ----------------------------------
 One SCF use:    85.9686951637268       s
 *********************************
 ****** kpt=           1
 err of each states, eV
  0.396582E-02     0.478751E-02     0.329280E-02     0.157543E-02     0.497926E-03
  0.769384E-03     0.603567E-03     0.910583E-03     0.138928E-02     0.514886E-03
  0.761258E-03     0.467882E-03     0.129566E-02     0.451168E-03     0.824413E-03
  0.698656E-03     0.942775E-03     0.663803E-03     0.478785E-03     0.690639E-03
  0.938061E-03     0.740749E-03     0.870694E-03     0.955065E-03     0.444987E-03
  0.948965E-03     0.816487E-03     0.696888E-03     0.552829E-03     0.122390E-02
  0.494660E-03     0.106610E-02     0.869412E-03     0.614056E-03     0.458445E-03
  0.464725E-03     0.812377E-03     0.434725E-03     0.112695E-02     0.802125E-03
  0.819125E-03     0.975925E-03     0.477745E-03     0.517811E-03     0.979228E-03
  0.516603E-03     0.448252E-03     0.472263E-03     0.112335E-02     0.712001E-03
  0.724882E-03     0.457586E-03     0.130715E-02     0.594559E-03     0.546583E-03
  0.745580E-03     0.755099E-03     0.861337E-03     0.101723E-02     0.918933E-03
  0.710732E-03     0.477680E-03     0.820020E-03     0.115796E-02     0.649756E-03
  0.596527E-03     0.348357E-03     0.548036E-03     0.619199E-03     0.498174E-03
  0.746167E-03     0.426661E-03     0.377680E-03     0.458920E-03     0.875344E-03
  0.477040E-03     0.627761E-03     0.548255E-03     0.818135E-03     0.440800E-03
  0.483241E-03     0.955067E-03     0.526827E-03     0.547263E-03     0.517201E-03
  0.523269E-03     0.833376E-03     0.404850E-03     0.763675E-03     0.658437E-03
  0.482561E-03     0.477605E-03     0.497436E-03     0.603550E-03     0.698615E-03
  0.101898E-02     0.755192E-03     0.475394E-03     0.546935E-03     0.500074E-03
  0.602018E-03     0.543769E-03     0.461245E-03     0.458334E-03     0.946319E-03
  0.723243E-03     0.526057E-03     0.444225E-03     0.585251E-03     0.459530E-03
  0.450621E-03     0.599745E-03     0.676887E-03     0.759288E-03     0.369010E-03
  0.465212E-03     0.473382E-03     0.736787E-03     0.101739E-02     0.994176E-03
  0.445582E-03     0.767208E-03     0.780749E-03     0.597755E-03     0.107254E-02
  0.642814E-03     0.442602E-03     0.709455E-03     0.593344E-03     0.448522E-03
  0.388756E-03     0.832396E-03     0.676235E-03     0.753747E-03     0.907672E-03
  0.110193E-02     0.896574E-03     0.845840E-03     0.127001E-02     0.142119E-02
  0.807663E-03     0.186181E-02     0.471516E-03     0.134138E-02     0.701464E-03
  0.766915E-03     0.553884E-03     0.700838E-03     0.489598E-03     0.173423E-02
  0.924365E-03     0.536047E-03     0.601430E-03     0.785099E-03     0.111546E-02
  0.552787E-03     0.113132E-02     0.968539E-03     0.159376E-02     0.473198E-03
  0.429969E-03     0.704011E-03     0.804525E-03     0.751450E-03     0.574340E-03
  0.895137E-03     0.132936E-02     0.978732E-03     0.810187E-03     0.510427E-03
  0.111180E-02     0.615833E-03     0.134736E-02     0.766114E-03     0.593970E-03
  0.491746E-03     0.751855E-03     0.911565E-03     0.379579E-03     0.696522E-03
  0.601572E-03     0.766666E-03     0.404577E-03     0.407045E-03     0.464659E-03
  0.429915E-03     0.475395E-03     0.388697E-03     0.399857E-03     0.589005E-03
  0.383960E-03     0.410437E-03     0.574326E-03     0.513627E-03     0.424010E-03
  0.694926E-03     0.923667E-03     0.110633E-02     0.791297E-03     0.655363E-03
  0.543121E-03     0.680551E-03     0.107647E-02     0.647858E-03     0.798733E-03
  0.867233E-03     0.464786E-03     0.723799E-03     0.100690E-02     0.865909E-03
  0.957391E-03     0.110619E-02     0.925060E-03     0.769641E-03     0.109325E-02
  0.980131E-03     0.996247E-03     0.119418E-02     0.826932E-03     0.862729E-03
  0.822275E-03     0.799903E-03     0.744180E-03     0.775100E-03     0.954244E-03
  0.789692E-03     0.866370E-03     0.550302E-03     0.861901E-03     0.680799E-03
  0.697245E-03     0.953666E-03     0.917775E-03     0.766714E-03     0.890195E-03
  0.109208E-02     0.122175E-02     0.110262E-02     0.123115E-02     0.111340E-02
  0.813841E-03     0.852374E-03     0.710527E-03     0.128345E-02     0.872330E-03
  0.957022E-03     0.109618E-02     0.921244E-03     0.823592E-03     0.105032E-02
  0.100895E-02     0.787438E-03     0.924931E-03     0.817086E-03     0.878996E-03
  0.103341E-02     0.912446E-03     0.897694E-03     0.717113E-03     0.650744E-03
  0.586126E-03     0.656251E-03     0.914627E-03     0.891238E-03     0.102938E-02
  0.112610E-02     0.142876E-02     0.114633E-02     0.870969E-03     0.896560E-03
  0.959999E-03     0.109448E-02     0.108568E-02     0.109495E-02     0.884072E-03
  0.146719E-02     0.113059E-02     0.967594E-03     0.868885E-03     0.132885E-02
  0.112335E-02     0.827601E-03     0.110128E-02     0.105185E-02     0.943247E-03
  0.100848E-02     0.920875E-03     0.940011E-03     0.788430E-03     0.969121E-03
  0.130160E-02     0.966400E-03     0.128438E-02     0.827255E-03     0.882824E-03
  0.108339E-02     0.119722E-02     0.993487E-03     0.119749E-02     0.101089E-02
  0.131000E-02     0.120164E-02     0.864364E-03     0.853947E-03     0.723875E-03
  0.108245E-02     0.149358E-02     0.765149E-03     0.926620E-03     0.842544E-03
  0.140673E-02     0.150519E-02     0.202221E-02     0.846806E-03     0.111940E-02
  0.114421E-02     0.132227E-02     0.237367E-02     0.193670E-02     0.135031E-02
  0.150107E-02     0.142700E-02     0.127188E-02     0.161745E-02     0.154414E-02
  0.115495E-02     0.132138E-02     0.181820E-02     0.130248E-02     0.116338E-02
  0.125362E-02     0.146844E-02     0.106611E-02     0.118911E-02     0.124037E-02
  0.120421E-02     0.126252E-02     0.186849E-02     0.140428E-02     0.129434E-02
  0.125293E-02     0.126811E-02     0.149437E-02     0.112841E-02     0.139947E-02
  0.123521E-02     0.130998E-02     0.140918E-02     0.137055E-02     0.108766E-02
  0.140153E-02     0.125911E-02     0.119834E-02     0.139815E-02     0.157380E-02
  0.137486E-02     0.115821E-02     0.120408E-02     0.175033E-02     0.149318E-02
  0.137792E-02     0.138066E-02     0.968163E-03     0.127888E-02     0.120587E-02
  0.126658E-02     0.171455E-02     0.145320E-02     0.958760E-03     0.154472E-02
  0.138069E-02     0.146104E-02     0.157177E-02     0.186540E-02     0.881002E-03
  0.161871E-02     0.132414E-02     0.162888E-02     0.912193E-03     0.110890E-02
  0.128865E-02     0.144433E-02     0.948654E-03     0.150786E-02     0.125283E-02
  0.123427E-02     0.134092E-02     0.139008E-02     0.153590E-02     0.128664E-02
  0.131884E-02     0.170953E-02     0.128004E-02     0.164023E-02     0.133093E-02
  0.166304E-02     0.143121E-02     0.137462E-02     0.111605E-02     0.167415E-02
  0.148503E-02     0.138457E-02     0.177254E-02     0.155420E-02     0.180608E-02
  0.118733E-02     0.161456E-02     0.146183E-02     0.169479E-02     0.135084E-02
  0.136656E-02     0.142229E-02     0.129779E-02     0.140430E-02     0.184590E-02
  0.176066E-02     0.192053E-02     0.137023E-02     0.164407E-02     0.202019E-02
  0.201171E-02     0.190511E-02     0.155248E-02     0.190530E-02     0.161848E-02
  0.148567E-02     0.203326E-02     0.203225E-02     0.216368E-02     0.204047E-02
  0.191868E-02     0.173633E-02     0.175839E-02     0.163584E-02     0.160691E-02
  0.159421E-02     0.184235E-02     0.148192E-02     0.131789E-02     0.187047E-02
  0.149030E-02     0.175530E-02     0.171154E-02     0.197362E-02     0.195683E-02
  0.213328E-02     0.160215E-02     0.154553E-02     0.986342E-03     0.183204E-02
  0.186008E-02     0.170979E-02     0.185103E-02     0.167713E-02     0.137567E-02
  0.158405E-02     0.999286E-03     0.154948E-02     0.148012E-02     0.881631E-03
  0.144349E-02     0.146439E-02     0.134977E-02     0.133087E-02     0.142343E-02
  0.126852E-02     0.154718E-02     0.240446E-02     0.154567E-02     0.178061E-02
  0.176161E-02     0.125089E-02     0.156344E-02     0.127903E-02     0.153261E-02
  0.111888E-02     0.151736E-02     0.199976E-02     0.163538E-02     0.142188E-02
  0.204395E-02     0.193972E-02     0.109366E-02     0.231929E-02     0.163871E-02
  0.133836E-02     0.121077E-02     0.142542E-02     0.100506E-02     0.123697E-02
  0.129323E-02     0.124923E-02     0.139298E-02     0.124494E-02     0.124176E-02
  0.142135E-02     0.169848E-02     0.134296E-02     0.113706E-02     0.111861E-02
  0.106934E-02     0.115952E-02     0.122221E-02     0.142782E-02     0.109327E-02
  0.105761E-02     0.132334E-02     0.123089E-02     0.131919E-02     0.119817E-02
  0.137738E-02     0.200421E-02     0.179775E-02     0.180128E-02     0.133004E-02
  0.112683E-02     0.160389E-02     0.217339E-02     0.133263E-02     0.124711E-02
  0.277951E-02     0.973979E-03     0.122045E-02     0.124007E-02     0.190905E-02
  0.138097E-02     0.124893E-02     0.134248E-02     0.115808E-02     0.134461E-02
  0.155315E-02     0.144664E-02     0.111502E-02     0.167557E-02     0.165454E-02
  0.174289E-02     0.172053E-02     0.171418E-02     0.181697E-02     0.924044E-03
  0.121218E-02     0.158148E-02     0.180209E-02     0.171606E-02     0.106928E-02
  0.115210E-02     0.123529E-02     0.106235E-02     0.109494E-02     0.138646E-02
  0.137866E-02     0.185065E-02     0.120567E-02     0.124675E-02     0.132083E-02
  0.119059E-02     0.125833E-02     0.124934E-02     0.116235E-02     0.116395E-02
  0.116073E-02     0.126553E-02     0.133736E-02     0.124542E-02     0.117877E-02
  0.109258E-02     0.177496E-02     0.109102E-02     0.121949E-02     0.147651E-02
  0.125003E-02     0.141226E-02     0.117686E-02     0.123915E-02     0.152869E-02
  0.143931E-02     0.116951E-02     0.127327E-02     0.123166E-02     0.121940E-02
  0.116728E-02     0.772790E-03     0.127231E-02     0.126208E-02     0.136619E-02
  0.127294E-02     0.127513E-02     0.147600E-02     0.127715E-02     0.143536E-02
  0.130671E-02     0.128319E-02     0.120080E-02     0.166991E-02     0.132712E-02
  0.137082E-02     0.146471E-02     0.138909E-02     0.140969E-02     0.145770E-02
  0.128120E-02     0.132174E-02     0.142965E-02     0.119662E-02     0.139947E-02
  0.106582E-02     0.134203E-02     0.136140E-02     0.117536E-02     0.115516E-02
  0.119586E-02     0.117783E-02     0.134837E-02     0.150297E-02     0.134177E-02
  0.119861E-02     0.120810E-02     0.128280E-02     0.152964E-02     0.148094E-02
  0.155304E-02     0.123142E-02     0.120909E-02     0.147785E-02     0.120793E-02
  0.138046E-02     0.133685E-02     0.153478E-02     0.127791E-02     0.154146E-02
  0.153072E-02     0.130792E-02     0.140654E-02     0.131739E-02     0.126761E-02
  0.129951E-02     0.154329E-02     0.150185E-02     0.134307E-02     0.134517E-02
  0.136965E-02     0.153984E-02     0.119599E-02     0.134949E-02     0.126499E-02
  0.134342E-02     0.137680E-02     0.164761E-02     0.144755E-02     0.141489E-02
  0.156275E-02     0.179605E-02     0.182442E-02     0.126160E-02     0.133263E-02
  0.161438E-02     0.168458E-02     0.150317E-02     0.115987E-02     0.149573E-02
  0.143930E-02     0.142496E-02     0.172288E-02     0.152736E-02     0.159052E-02
  0.158586E-02     0.144989E-02     0.156494E-02     0.143813E-02     0.140834E-02
  0.138389E-02     0.126278E-02     0.142240E-02     0.146745E-02     0.165432E-02
  0.159807E-02     0.155903E-02     0.126736E-02     0.146350E-02     0.136036E-02
  0.129393E-02     0.210216E-02     0.165055E-02     0.173718E-02     0.197842E-02
  0.162568E-02     0.154731E-02     0.144531E-02     0.143121E-02     0.136587E-02
  0.112654E-02     0.152813E-02     0.164237E-02     0.137663E-02     0.167688E-02
  0.174839E-02     0.153681E-02     0.160272E-02     0.152964E-02     0.152029E-02
  0.182637E-02     0.154616E-02     0.154244E-02     0.142171E-02     0.145056E-02
  0.149954E-02     0.167002E-02     0.141506E-02     0.144583E-02     0.167964E-02
  0.172670E-02     0.152317E-02     0.150025E-02     0.170819E-02     0.164236E-02
  0.160817E-02     0.157780E-02     0.146368E-02     0.196532E-02     0.177280E-02
  0.132747E-02     0.148831E-02     0.145975E-02     0.147366E-02     0.142720E-02
  0.146811E-02     0.162324E-02     0.151461E-02     0.188002E-02     0.173245E-02
  0.171160E-02     0.165682E-02     0.153611E-02     0.163929E-02     0.177959E-02
  0.215152E-02     0.155632E-02     0.159446E-02     0.162402E-02     0.170144E-02
  0.186751E-02     0.163477E-02     0.163211E-02     0.176826E-02     0.173678E-02
  0.167895E-02     0.176482E-02     0.182146E-02     0.160111E-02     0.163622E-02
  0.179076E-02     0.196149E-02     0.176101E-02     0.156400E-02     0.152021E-02
  0.186608E-02     0.169659E-02     0.153181E-02     0.181979E-02     0.170957E-02
  0.170556E-02     0.164146E-02     0.146483E-02     0.170874E-02     0.147968E-02
  0.154414E-02     0.162346E-02     0.156338E-02     0.147007E-02     0.136692E-02
  0.163311E-02     0.160993E-02     0.142113E-02     0.156546E-02     0.190387E-02
  0.175791E-02     0.199910E-02     0.147484E-02     0.176580E-02     0.195909E-02
  0.160202E-02     0.223526E-02     0.161904E-02     0.164250E-02     0.168796E-02
  0.162959E-02     0.153565E-02     0.162484E-02     0.170035E-02     0.168916E-02
  0.168286E-02     0.165851E-02     0.143120E-02     0.158541E-02     0.136557E-02
  0.157710E-02     0.157781E-02     0.155501E-02     0.151574E-02     0.142649E-02
  0.223004E-02     0.150029E-02     0.166165E-02     0.154290E-02     0.176992E-02
  0.174835E-02     0.191405E-02     0.185612E-02     0.183789E-02     0.157023E-02
  0.186875E-02     0.177869E-02     0.155970E-02     0.162227E-02     0.181993E-02
  0.228232E-02     0.228251E-02     0.174038E-02     0.215263E-02     0.165854E-02
  0.188722E-02     0.190961E-02     0.172316E-02     0.167118E-02     0.152672E-02
  0.159895E-02     0.224650E-02     0.157519E-02     0.219341E-02     0.168184E-02
  0.201723E-02     0.194079E-02     0.174337E-02     0.212619E-02     0.182255E-02
  0.189479E-02     0.169584E-02     0.257072E-02     0.186584E-02     0.150296E-02
  0.202437E-02     0.188117E-02     0.177369E-02     0.172968E-02     0.171974E-02
  0.169420E-02     0.129532E-02     0.183486E-02     0.211208E-02     0.167136E-02
  0.150212E-02     0.154373E-02     0.144267E-02     0.181817E-02     0.276239E-02
  0.150650E-02     0.149777E-02     0.199730E-02     0.187486E-02     0.168286E-02
  0.151936E-02     0.161223E-02     0.170011E-02     0.174939E-02     0.186473E-02
  0.231501E-02     0.158125E-02     0.209893E-02     0.183092E-02     0.247462E-02
  0.187368E-02     0.193220E-02     0.246071E-02     0.187159E-02     0.186028E-02
  0.188690E-02     0.281848E-02     0.236820E-02     0.249412E-02     0.252796E-02
  0.154832E-02     0.218842E-02     0.163767E-02     0.224498E-02     0.204524E-02
  0.208631E-02     0.192157E-02     0.231299E-02     0.216800E-02     0.277220E-02
  0.210122E-02     0.218881E-02     0.248545E-02     0.252451E-02     0.210553E-02
  0.237475E-02     0.197655E-02     0.247381E-02     0.260413E-02     0.237991E-02
  0.361134E-02     0.219110E-02     0.195432E-02     0.213191E-02     0.185373E-02
  0.167947E-02     0.212194E-02     0.241941E-02     0.218914E-02     0.191820E-02
  0.161375E-02     0.210389E-02     0.365257E-02     0.199323E-02     0.227496E-02
  0.219813E-02     0.242873E-02     0.118191E-02     0.402646E-02     0.280304E-02
  0.359720E-02     0.211138E-02     0.263025E-02     0.246660E-02     0.285767E-02
  0.122812E-02     0.252813E-02     0.254719E-02     0.238646E-02     0.203358E-02
  0.228111E-02     0.225320E-02     0.213480E-02     0.194488E-02     0.156418E-02
  0.203321E-02     0.294603E-02     0.159186E-02     0.248930E-02     0.146112E-02
  0.163770E-02     0.157314E-02     0.163585E-02     0.282367E-02     0.173403E-02
  0.140025E-02     0.178970E-02     0.115285E-02     0.252560E-02     0.106822E-02
  0.112156E-02     0.156889E-02     0.158042E-02     0.160768E-02     0.124395E-02
  0.192312E-02     0.176020E-02     0.152836E-02     0.213424E-02     0.394058E-02
  0.212064E-02     0.193460E-02     0.175138E-02     0.150721E-02     0.136857E-02
  0.109898E-02     0.170880E-02     0.911859E-03     0.179931E-02     0.257188E-02
  0.414715E-02     0.643352E-02     0.901424E-02     0.124659E-01     0.841468E-02
  0.922851E-02     0.760451E-02     0.121897E-01     0.949019E-02     0.104704E-01
  0.139642E-01     0.221551E-01     0.259467E-01     0.443773E-01     0.223247E-01
  0.294345E-01     0.167677E-01     0.327942E-01     0.385528E-01     0.422158E-01
  0.398080E-01     0.489812E-01     0.587754E-01     0.633466E-01     0.941525E-01
  0.693581E-01     0.554493E-01     0.877484E-01     0.112151E+00     0.779344E-01
  0.747588E-01     0.813097E-01     0.908765E-01     0.109024E+00     0.771356E-01
  0.776752E-01     0.819746E-01     0.147423E+00     0.108592E+00     0.193222E+00
  0.154007E+00     0.136266E+00     0.197421E+00     0.169234E+00     0.161427E+00
  0.247326E+00     0.168789E+00     0.170700E+00     0.196176E+00     0.223574E+00
  0.219609E+00     0.221927E+00     0.314971E+00     0.259257E+00     0.294249E+00
  0.439591E+00     0.378586E+00     0.347665E+00
 eigen energies, in ev
    -44.497708       -44.465158       -44.402488       -44.293871       -43.886202
    -28.468282       -28.332510       -28.322254       -28.244377       -28.180688
    -28.171714       -28.149678       -28.049468       -28.029363       -27.922480
    -27.901165       -27.897203       -27.854380       -27.830338       -27.816982
    -27.791452       -27.778874       -27.761175       -27.744212       -27.740807
    -27.735038       -27.730515       -27.726514       -27.712937       -27.703248
    -27.685620       -27.652248       -27.618006       -27.524102       -27.517685
    -27.463739       -27.455006       -27.449593       -27.438195       -27.428863
    -27.418426       -27.408478       -27.399555       -27.393458       -27.298610
    -27.237467       -27.220847       -27.194676       -27.193469       -27.190085
    -27.180281       -27.167011       -27.138253       -27.126953       -27.126249
    -27.109104       -27.102574       -27.023252       -26.991941       -26.989906
    -26.982969       -26.899662       -26.898763       -26.894375       -26.847655
    -26.846756       -26.758996       -26.685314       -26.681352       -26.673509
    -26.612689       -26.571271       -26.536623       -26.525988       -26.519695
    -26.428310       -26.400697       -26.377509       -26.365561       -26.358584
    -26.296015       -26.270410       -26.231837       -26.204235       -26.179292
    -26.174449       -26.166402       -26.158570       -26.145062       -26.066140
    -26.058558       -26.019554       -26.005519       -25.970431       -25.954713
    -25.937423       -25.901622       -25.895672       -25.862443       -25.816665
    -25.791951       -25.776544       -25.770764       -25.768578       -25.752428
    -25.733474       -25.731659       -25.731304       -25.722031       -25.705155
    -25.692812       -25.687694       -25.681475       -25.673580       -25.618998
    -25.615873       -25.594068       -25.587776       -25.538490       -25.535677
    -25.522358       -25.520539       -25.508076       -25.483822       -25.438630
    -25.406631       -25.394513       -25.365855       -25.354749       -25.330481
    -25.330110       -25.327187       -25.264478       -25.171360       -25.104706
    -23.934718       -23.912222       -23.819070       -23.755122       -23.554744
    -23.486280       -23.474506       -23.462374       -23.411532       -23.382746
    -23.357741       -23.330133       -23.221420       -23.179686       -23.137790
    -23.131517       -23.109690       -23.106261       -23.077084       -23.071259
    -23.063207       -23.062426       -23.038183       -23.035015       -23.015203
    -22.976842       -22.904036       -22.855176       -22.810819       -22.765679
    -22.731331       -22.704084       -22.505618       -22.388605       -22.164847
    -22.071066       -21.640184       -21.604191       -21.355059       -21.313370
    -21.297634       -21.284561       -21.237390       -21.233896       -21.163546
    -21.141609       -21.100429       -21.078323       -21.053571       -20.843298
    -20.842222       -20.820784       -20.808021       -20.768387       -20.709715
    -18.455381       -18.449554       -18.309118       -18.180071       -18.075271
    -16.499307       -16.303901       -16.239272       -16.099585       -16.077974
    -16.057058       -16.004635       -15.976857       -15.969378       -15.828201
    -15.793142       -15.740124       -15.650991       -15.591357       -15.555268
    -15.311986       -15.213604       -15.016917       -14.986659       -14.970858
    -14.951978       -14.932228       -14.901826       -14.800635       -14.788006
    -14.783039       -14.681818       -14.653861       -14.638961       -14.617720
    -14.582053       -14.563107       -14.502706       -14.449006       -14.385546
    -14.372787       -14.343965       -14.314873       -14.277140       -14.259483
    -13.864100       -13.790982       -13.758911       -13.743373       -13.725866
    -13.711056       -13.614129       -13.590908       -13.585623       -13.578636
    -13.563893       -13.496533       -13.472343       -13.453910       -13.440541
    -13.433354       -13.430264       -13.422919       -13.415037       -13.394089
    -13.348033       -13.317166       -13.314169       -13.275897       -13.223195
    -13.211249       -13.209658       -13.122343       -12.983709       -12.950507
    -12.250299       -12.189078       -12.175226       -12.139242       -12.094262
    -12.070806       -11.960693       -11.929287       -11.909355       -11.904604
    -11.867400       -11.863227       -11.806155       -11.746180       -11.734975
    -11.651454       -11.640278       -11.615100       -11.593017       -11.565179
    -11.543288       -11.501897       -11.455138       -11.444213       -11.435822
    -11.409859       -11.398357       -11.398058       -11.316554       -11.306946
    -11.285304       -11.271709       -11.246062       -11.200831       -11.194917
    -11.156471       -11.057162       -11.000091       -10.956498       -10.861751
    -10.826338       -10.808071       -10.750443       -10.715254       -10.711178
    -10.670051       -10.641860       -10.612019       -10.581771       -10.546558
    -10.522055       -10.484673       -10.462566       -10.456281       -10.444061
    -10.441455       -10.436345       -10.420600       -10.387461       -10.371615
    -10.366051       -10.344904       -10.333881       -10.321256       -10.307319
    -10.291286       -10.279055       -10.277507       -10.254547       -10.212529
    -10.201095       -10.190414       -10.173969       -10.167898       -10.155995
    -10.147411       -10.133492       -10.079318       -10.065794       -10.052057
    -10.037702       -10.022443       -10.013160        -9.997640        -9.993178
     -9.979289        -9.954782        -9.948366        -9.945680        -9.931418
     -9.925901        -9.916229        -9.910346        -9.903213        -9.896057
     -9.889887        -9.873763        -9.850185        -9.839461        -9.818428
     -9.802670        -9.801752        -9.790139        -9.787546        -9.777490
     -9.738350        -9.733972        -9.728864        -9.718933        -9.701045
     -9.692970        -9.664579        -9.659732        -9.648740        -9.640558
     -9.623065        -9.609116        -9.604703        -9.597246        -9.589148
     -9.552885        -9.548143        -9.541146        -9.512877        -9.506635
     -9.498667        -9.484830        -9.461966        -9.452097        -9.446879
     -9.441058        -9.436250        -9.415829        -9.407780        -9.375277
     -9.345567        -9.339583        -9.326867        -9.314618        -9.297207
     -9.288139        -9.287254        -9.278930        -9.276497        -9.257208
     -9.245648        -9.243272        -9.223967        -9.218954        -9.167950
     -9.152913        -9.144888        -9.138871        -9.112440        -9.091370
     -9.085714        -9.082150        -9.067740        -9.048866        -9.040023
     -9.027207        -9.020162        -9.011508        -8.999929        -8.994580
     -8.981469        -8.948147        -8.937154        -8.906728        -8.897483
     -8.883155        -8.879760        -8.871436        -8.858396        -8.854880
     -8.853475        -8.829071        -8.818300        -8.802070        -8.786616
     -8.783068        -8.758538        -8.751316        -8.731462        -8.706361
     -8.699264        -8.689618        -8.651010        -8.641597        -8.621439
     -8.602719        -8.584579        -8.578890        -8.572048        -8.551724
     -8.543284        -8.538272        -8.531306        -8.508663        -8.473719
     -8.454673        -8.443718        -8.439537        -8.413090        -8.410995
     -8.374285        -8.355783        -8.350286        -8.327696        -8.325042
     -8.311727        -8.262681        -8.235303        -8.229872        -8.187381
     -8.178338        -8.163993        -8.148635        -8.102144        -8.041813
     -8.013284        -7.999942        -7.977523        -7.961732        -7.950979
     -7.918798        -7.917709        -7.908900        -7.904275        -7.896003
     -7.890183        -7.846800        -7.836183        -7.812728        -7.780907
     -7.765845        -7.734459        -7.721746        -7.696082        -7.667246
     -7.660588        -7.644161        -7.626955        -7.574005        -7.565991
     -7.552135        -7.543858        -7.535026        -7.525963        -7.481005
     -7.449183        -7.384359        -7.371003        -7.345525        -7.312113
     -7.307637        -7.262054        -7.258010        -7.234277        -7.230236
     -7.200199        -7.190790        -7.182693        -7.167960        -7.160001
     -7.118859        -7.110762        -7.098499        -7.096020        -7.092343
     -7.088628        -7.070090        -7.049259        -7.044341        -7.009969
     -6.996132        -6.952775        -6.911907        -6.895437        -6.874507
     -6.868644        -6.854885        -6.851383        -6.835988        -6.800169
     -6.796782        -6.789310        -6.763660        -6.755993        -6.729602
     -6.713722        -6.679257        -6.671403        -6.662789        -6.633969
     -6.620079        -6.613793        -6.591478        -6.580578        -6.567705
     -6.553714        -6.540550        -6.538796        -6.516596        -6.505418
     -6.495576        -6.489005        -6.475498        -6.456346        -6.445658
     -6.438989        -6.431197        -6.418665        -6.414488        -6.404134
     -6.401516        -6.376213        -6.355077        -6.353662        -6.351060
     -6.342457        -6.328500        -6.320829        -6.316134        -6.304288
     -6.294678        -6.288927        -6.285579        -6.275302        -6.266927
     -6.247913        -6.237004        -6.230939        -6.215863        -6.214411
     -6.200667        -6.193033        -6.185299        -6.173172        -6.164323
     -6.159163        -6.150904        -6.148251        -6.126860        -6.119950
     -6.115725        -6.100741        -6.093879        -6.084158        -6.074874
     -6.070428        -6.063959        -6.060108        -6.034426        -6.026349
     -6.022262        -6.017433        -6.009972        -5.993951        -5.990278
     -5.985334        -5.977434        -5.976282        -5.967821        -5.960968
     -5.957971        -5.952919        -5.942050        -5.927238        -5.923358
     -5.902193        -5.898570        -5.890957        -5.882160        -5.870389
     -5.851298        -5.843996        -5.834354        -5.821548        -5.814343
     -5.812660        -5.802880        -5.793247        -5.788012        -5.769265
     -5.764718        -5.761210        -5.748268        -5.745569        -5.734688
     -5.731531        -5.730339        -5.720270        -5.716118        -5.708508
     -5.696272        -5.694172        -5.681171        -5.673111        -5.659154
     -5.649977        -5.648522        -5.640837        -5.639938        -5.624561
     -5.612979        -5.609270        -5.607790        -5.593582        -5.586276
     -5.584088        -5.580499        -5.578370        -5.567389        -5.562361
     -5.560820        -5.553055        -5.550253        -5.539951        -5.533474
     -5.529739        -5.521984        -5.507519        -5.502203        -5.498678
     -5.491065        -5.485815        -5.481767        -5.475789        -5.470401
     -5.462899        -5.461047        -5.457821        -5.455443        -5.446622
     -5.441525        -5.432553        -5.425766        -5.419244        -5.413323
     -5.403954        -5.396997        -5.391204        -5.373634        -5.367884
     -5.356622        -5.348363        -5.339371        -5.331057        -5.329383
     -5.326850        -5.311107        -5.307595        -5.301080        -5.294548
     -5.284914        -5.277691        -5.269409        -5.261236        -5.259809
     -5.249664        -5.245785        -5.239439        -5.236107        -5.231522
     -5.229244        -5.224885        -5.217267        -5.214295        -5.205134
     -5.203279        -5.191920        -5.182072        -5.177898        -5.169223
     -5.161975        -5.154837        -5.146353        -5.137725        -5.130402
     -5.115618        -5.114905        -5.110353        -5.107347        -5.097077
     -5.093915        -5.088120        -5.081173        -5.068893        -5.065701
     -5.064622        -5.054489        -5.051299        -5.045631        -5.038511
     -5.029239        -5.025439        -5.023628        -5.014924        -5.006206
     -4.998969        -4.994670        -4.985758        -4.978785        -4.974125
     -4.968619        -4.966093        -4.950155        -4.943014        -4.932687
     -4.928149        -4.926807        -4.920051        -4.913168        -4.912531
     -4.902388        -4.899515        -4.893981        -4.889914        -4.879065
     -4.878532        -4.875871        -4.866987        -4.861883        -4.857301
     -4.848949        -4.845951        -4.831577        -4.827479        -4.817983
     -4.816773        -4.815426        -4.803339        -4.799015        -4.794273
     -4.786178        -4.777842        -4.761227        -4.759096        -4.753799
     -4.742879        -4.734855        -4.729533        -4.719395        -4.711815
     -4.700477        -4.697649        -4.692393        -4.686433        -4.675539
     -4.662733        -4.652752        -4.641970        -4.637326        -4.629577
     -4.622187        -4.607090        -4.602471        -4.599848        -4.592289
     -4.588406        -4.582714        -4.571236        -4.562555        -4.561953
     -4.554289        -4.536754        -4.520170        -4.497214        -4.489161
     -4.480689        -4.460725        -4.454150        -4.440649        -4.439064
     -4.432639        -4.376931        -4.364803        -4.330130        -4.328909
     -4.301880        -4.287900        -4.278385        -4.259407        -4.256277
     -4.237720        -4.233689        -4.197698        -4.183412        -4.162899
     -4.133023        -4.105061        -4.096419        -4.080067        -4.076069
     -4.066447        -4.053499        -4.013101        -3.993051        -3.959211
     -3.942189        -3.920765        -3.908355        -3.902530        -3.887728
     -3.868375        -3.845766        -3.815099        -3.807202        -3.793031
     -3.784281        -3.766477        -3.754886        -3.712398        -3.693391
     -3.689713        -3.675526        -3.661123        -3.638837        -3.628433
     -3.613315        -3.569088        -3.561897        -3.560011        -3.551865
     -3.537934        -3.527418        -3.520461        -3.514532        -3.506633
     -3.503979        -3.494043        -3.461984        -3.455707        -3.453273
     -3.436720        -3.430744        -3.417777        -3.408850        -3.406109
     -3.399788        -3.379807        -3.358975        -3.324982        -3.319101
     -3.292999        -3.291535        -3.288218        -3.278367        -3.268082
     -3.258212        -3.251423        -3.244236        -3.236191        -3.209075
     -3.170178        -3.164088        -3.148824        -3.139060        -3.130966
     -3.106306        -3.092202        -3.064387        -3.058053        -3.044189
     -3.036775        -2.970631        -2.929562        -2.917801        -2.903368
     -2.867888        -2.857507        -2.818848        -2.799488        -2.775510
     -2.757882        -2.749321        -2.727934        -2.687307        -2.672098
     -2.658384        -2.649075        -2.628251        -2.588602        -2.576899
     -2.552793        -2.531541        -2.517629        -2.449423        -2.441031
     -2.402495        -2.350653        -2.326353        -2.313522        -2.293398
     -2.280708        -2.260463        -2.219466        -2.174719        -2.164570
     -2.131777        -2.055588        -2.020721        -1.936623        -1.901434
      2.619274         2.780404         2.890604         3.028497         3.046162
      3.092936         3.105049         3.120970         3.167089         3.227658
      3.291450         3.328012         3.396406         3.439726         3.472192
      3.478036         3.554148         3.582613         3.634855         3.678503
      3.712487         3.749195         3.769208         3.793755         3.826204
      3.841196         3.854176         3.892105         3.911607         3.933824
      3.966546         3.997223         4.004503         4.019443         4.035178
      4.058543         4.077445         4.101484         4.108548         4.143472
      4.167910         4.182065         4.216290         4.233581         4.256747
      4.268488         4.295134         4.315402         4.370909         4.386715
      4.406351         4.418146         4.428550         4.466626         4.512853
      4.533867         4.586273         4.605842
 *********************************
 sum eigen(dbl occ, ryd)=  -1539.26828960074     
 *********************************
 Ef(eV)=   1.86400864234427     
 ***************************************************
 iter=          20
 ---------------------------------------------------
 dvE, dvE(n)-dvE(n-1) = 0.5658E-05 -.9608E-06
 dv_ave, drho_tot     = 0.2379E-02 0.4628E-03
 err of ug            = 0.9999E-04
 ---------------------------------------------------
 Ewald        = -.41876607880374E+05
 Alpha        = 0.15207970391171E+04
 E_extV       = 0.00000000000000E+00    0.0000E+00
 E_NSC        = -.21387576749844E+05    0.1291E+01
 E[-rho*V_Hxc]= -.12248851781872E+06    -.1277E+01
 E_Hxc        = 0.51321471127261E+05    0.1161E+01
 -TS          = -.11852530146378E-12    -.1184E-12
 E_tot(eV)    = -.13291043428256E+06    0.1384E-01
 ---------------------------------------------------
 E_ion,E_coul,E_xc =   -223229.9645940   80111.5846308  -28790.1135036
Ewald+Hart+ion    -0.1849949878435E+06
 ave(vtot)=ave_(V_xc)=: v0= -0.282759128078695     
 Eigen energies are values after setting ave_vtot=0
 ----------------------------------
 One SCF use:    85.9235060214996       s
 *********************************
 ****** kpt=           1
 err of each states, eV
  0.402489E-02     0.399608E-02     0.949786E-03     0.821322E-02     0.154715E-02
  0.222130E-02     0.146940E-02     0.541776E-03     0.118757E-02     0.428747E-03
  0.411756E-03     0.384485E-03     0.147578E-02     0.650891E-03     0.109020E-02
  0.119048E-02     0.493506E-03     0.433180E-03     0.422950E-02     0.575558E-03
  0.614367E-03     0.925900E-03     0.864006E-03     0.111748E-02     0.106395E-02
  0.724653E-03     0.944183E-03     0.419076E-03     0.397142E-03     0.448759E-03
  0.104930E-02     0.405671E-03     0.539694E-03     0.582626E-03     0.375496E-03
  0.759656E-03     0.556573E-03     0.369817E-03     0.104077E-02     0.683788E-03
  0.437399E-03     0.376104E-03     0.439434E-03     0.526423E-03     0.102808E-02
  0.926122E-03     0.408714E-03     0.432465E-03     0.766004E-03     0.465931E-03
  0.628032E-03     0.137500E-02     0.459221E-03     0.825618E-03     0.797885E-03
  0.585929E-03     0.826397E-03     0.123988E-02     0.142329E-02     0.991238E-03
  0.632754E-03     0.108195E-02     0.113823E-02     0.877012E-03     0.686294E-03
  0.895013E-03     0.103252E-02     0.694006E-03     0.408998E-03     0.299413E-02
  0.858024E-03     0.745112E-03     0.145160E-02     0.151237E-02     0.144714E-02
  0.346211E-03     0.146748E-02     0.383671E-03     0.451076E-03     0.221511E-02
  0.657177E-03     0.437576E-03     0.444200E-03     0.560229E-03     0.485394E-03
  0.702282E-03     0.343040E-03     0.451771E-02     0.188058E-02     0.510103E-03
  0.553198E-03     0.374757E-03     0.451457E-03     0.427556E-03     0.506840E-03
  0.100243E-02     0.343337E-03     0.945613E-03     0.482731E-03     0.334504E-03
  0.375850E-03     0.368520E-03     0.716001E-03     0.478376E-03     0.312406E-03
  0.679091E-03     0.437032E-03     0.540408E-03     0.430483E-03     0.425656E-03
  0.578329E-03     0.668830E-03     0.558733E-03     0.396251E-03     0.307859E-03
  0.528115E-03     0.349856E-03     0.408553E-03     0.365558E-02     0.102991E-02
  0.869098E-03     0.114509E-02     0.725180E-03     0.464069E-03     0.947879E-03
  0.360688E-03     0.536869E-03     0.697178E-03     0.860532E-03     0.800417E-03
  0.409157E-03     0.706007E-03     0.969091E-03     0.952367E-03     0.118480E-02
  0.926538E-03     0.555086E-03     0.512948E-03     0.106189E-02     0.132445E-02
  0.404333E-03     0.323163E-03     0.192632E-02     0.156797E-02     0.802622E-03
  0.418577E-03     0.360575E-03     0.559482E-03     0.331979E-03     0.622003E-03
  0.139203E-02     0.277530E-02     0.748453E-03     0.397600E-03     0.612255E-03
  0.880141E-03     0.772203E-03     0.401408E-03     0.132469E-02     0.419881E-03
  0.568802E-03     0.346668E-03     0.849745E-03     0.661396E-03     0.339264E-03
  0.967564E-03     0.112337E-02     0.682190E-03     0.489670E-03     0.250882E-02
  0.124008E-02     0.370788E-03     0.840147E-03     0.474824E-03     0.827588E-03
  0.622366E-03     0.440758E-03     0.562773E-03     0.357317E-03     0.403391E-03
  0.348930E-03     0.860360E-03     0.334751E-03     0.275312E-03     0.863973E-03
  0.416291E-03     0.364793E-03     0.420420E-03     0.324661E-03     0.374329E-03
  0.398394E-03     0.983439E-03     0.913775E-03     0.367432E-03     0.382268E-03
  0.417360E-03     0.696331E-03     0.518673E-03     0.469168E-03     0.394956E-03
  0.439393E-03     0.495639E-03     0.551589E-03     0.447892E-03     0.491472E-03
  0.563781E-03     0.339259E-03     0.466347E-03     0.768165E-03     0.436400E-03
  0.489830E-03     0.866835E-03     0.556102E-03     0.564733E-03     0.557502E-03
  0.592809E-03     0.506650E-03     0.605984E-03     0.411065E-03     0.476930E-03
  0.449193E-03     0.538234E-03     0.398202E-03     0.378215E-03     0.449544E-03
  0.427349E-03     0.370508E-03     0.461375E-03     0.431071E-03     0.500297E-03
  0.498475E-03     0.566464E-03     0.480068E-03     0.480283E-03     0.633600E-03
  0.529547E-03     0.619766E-03     0.554653E-03     0.490640E-03     0.581052E-03
  0.821670E-03     0.482324E-03     0.440537E-03     0.642602E-03     0.554003E-03
  0.462826E-03     0.497490E-03     0.531690E-03     0.537618E-03     0.480268E-03
  0.540846E-03     0.538204E-03     0.499648E-03     0.484683E-03     0.478742E-03
  0.477151E-03     0.545129E-03     0.562873E-03     0.578340E-03     0.426528E-03
  0.434970E-03     0.246271E-03     0.609919E-03     0.476829E-03     0.600324E-03
  0.843051E-03     0.717790E-03     0.742653E-03     0.561113E-03     0.564381E-03
  0.634023E-03     0.597894E-03     0.630867E-03     0.612571E-03     0.576229E-03
  0.848491E-03     0.723021E-03     0.536597E-03     0.604964E-03     0.706137E-03
  0.560395E-03     0.681750E-03     0.685594E-03     0.557435E-03     0.613117E-03
  0.596405E-03     0.561746E-03     0.577379E-03     0.542961E-03     0.586671E-03
  0.692954E-03     0.676861E-03     0.751213E-03     0.773582E-03     0.761798E-03
  0.603665E-03     0.618666E-03     0.464323E-03     0.637603E-03     0.734513E-03
  0.727458E-03     0.546343E-03     0.735460E-03     0.375455E-03     0.544776E-03
  0.626756E-03     0.736206E-03     0.508123E-03     0.567424E-03     0.613520E-03
  0.855752E-03     0.943055E-03     0.124404E-02     0.541058E-03     0.620710E-03
  0.749486E-03     0.743984E-03     0.902061E-03     0.133262E-02     0.808843E-03
  0.100812E-02     0.783996E-03     0.799087E-03     0.917669E-03     0.776216E-03
  0.912185E-03     0.905077E-03     0.727225E-03     0.701474E-03     0.724495E-03
  0.756359E-03     0.128668E-02     0.840841E-03     0.822955E-03     0.772657E-03
  0.719466E-03     0.713017E-03     0.816698E-03     0.842489E-03     0.783425E-03
  0.806561E-03     0.861188E-03     0.663642E-03     0.891836E-03     0.912679E-03
  0.869782E-03     0.731664E-03     0.837081E-03     0.803690E-03     0.775957E-03
  0.891676E-03     0.791561E-03     0.761045E-03     0.744517E-03     0.794130E-03
  0.705794E-03     0.796689E-03     0.889908E-03     0.706701E-03     0.953741E-03
  0.884375E-03     0.886387E-03     0.824574E-03     0.728259E-03     0.765172E-03
  0.829543E-03     0.746256E-03     0.633287E-03     0.814096E-03     0.874730E-03
  0.108521E-02     0.917016E-03     0.821231E-03     0.829066E-03     0.100027E-02
  0.669696E-03     0.774088E-03     0.781987E-03     0.906100E-03     0.612977E-03
  0.699453E-03     0.873854E-03     0.909603E-03     0.554649E-03     0.932845E-03
  0.930627E-03     0.941965E-03     0.791200E-03     0.814822E-03     0.839615E-03
  0.109325E-02     0.639745E-03     0.869339E-03     0.115921E-02     0.102871E-02
  0.952858E-03     0.105732E-02     0.922930E-03     0.604290E-03     0.953341E-03
  0.836989E-03     0.121770E-02     0.940941E-03     0.843988E-03     0.104149E-02
  0.790166E-03     0.106591E-02     0.866082E-03     0.906642E-03     0.670969E-03
  0.102786E-02     0.977701E-03     0.742739E-03     0.866336E-03     0.106581E-02
  0.133997E-02     0.113086E-02     0.842101E-03     0.910033E-03     0.860079E-03
  0.121630E-02     0.102813E-02     0.110447E-02     0.120267E-02     0.105356E-02
  0.132888E-02     0.105784E-02     0.129133E-02     0.134452E-02     0.133566E-02
  0.101786E-02     0.990101E-03     0.105275E-02     0.102510E-02     0.898464E-03
  0.115762E-02     0.106045E-02     0.104673E-02     0.100503E-02     0.516760E-03
  0.827631E-03     0.903019E-03     0.104573E-02     0.131659E-02     0.134803E-02
  0.111636E-02     0.105507E-02     0.843278E-03     0.105731E-02     0.866775E-03
  0.922375E-03     0.890758E-03     0.104202E-02     0.100216E-02     0.127261E-02
  0.113145E-02     0.894047E-03     0.874594E-03     0.910171E-03     0.812867E-03
  0.106234E-02     0.458271E-03     0.758199E-03     0.798027E-03     0.805640E-03
  0.108239E-02     0.147789E-02     0.880582E-03     0.117563E-02     0.113929E-02
  0.865058E-03     0.130888E-02     0.115710E-02     0.648546E-03     0.775318E-03
  0.785816E-03     0.755125E-03     0.109964E-02     0.973058E-03     0.905628E-03
  0.108088E-02     0.117582E-02     0.731841E-03     0.137469E-02     0.116972E-02
  0.807394E-03     0.703532E-03     0.836881E-03     0.608899E-03     0.833127E-03
  0.760366E-03     0.787400E-03     0.779871E-03     0.736606E-03     0.717641E-03
  0.828344E-03     0.669266E-03     0.904262E-03     0.717930E-03     0.600011E-03
  0.686104E-03     0.733946E-03     0.588730E-03     0.641631E-03     0.682635E-03
  0.580822E-03     0.699442E-03     0.723534E-03     0.834094E-03     0.634422E-03
  0.768831E-03     0.853979E-03     0.100763E-02     0.886309E-03     0.754062E-03
  0.687211E-03     0.833873E-03     0.108461E-02     0.876016E-03     0.889470E-03
  0.141441E-02     0.637348E-03     0.785133E-03     0.114635E-02     0.717528E-03
  0.831863E-03     0.767643E-03     0.804014E-03     0.731511E-03     0.787908E-03
  0.789778E-03     0.872548E-03     0.848469E-03     0.770677E-03     0.100067E-02
  0.835120E-03     0.942372E-03     0.957520E-03     0.782422E-03     0.575707E-03
  0.799500E-03     0.747066E-03     0.720959E-03     0.129095E-02     0.752860E-03
  0.699873E-03     0.498169E-03     0.684526E-03     0.686916E-03     0.721539E-03
  0.727124E-03     0.901423E-03     0.682671E-03     0.748993E-03     0.723311E-03
  0.685328E-03     0.749388E-03     0.759272E-03     0.766484E-03     0.849034E-03
  0.802154E-03     0.816199E-03     0.745951E-03     0.692274E-03     0.735419E-03
  0.962482E-03     0.711303E-03     0.624985E-03     0.698725E-03     0.821471E-03
  0.806406E-03     0.953967E-03     0.778069E-03     0.852631E-03     0.896316E-03
  0.898799E-03     0.878938E-03     0.740543E-03     0.712992E-03     0.718395E-03
  0.776359E-03     0.539024E-03     0.786837E-03     0.833566E-03     0.843481E-03
  0.771153E-03     0.758144E-03     0.668858E-03     0.810566E-03     0.821144E-03
  0.733876E-03     0.929379E-03     0.106901E-02     0.978355E-03     0.887121E-03
  0.874098E-03     0.834502E-03     0.872094E-03     0.893320E-03     0.861438E-03
  0.763469E-03     0.881995E-03     0.933540E-03     0.852578E-03     0.848853E-03
  0.748199E-03     0.841107E-03     0.712401E-03     0.762050E-03     0.729624E-03
  0.814142E-03     0.738397E-03     0.657529E-03     0.722429E-03     0.885082E-03
  0.788060E-03     0.781660E-03     0.809136E-03     0.926808E-03     0.904229E-03
  0.788359E-03     0.798739E-03     0.756430E-03     0.962476E-03     0.960202E-03
  0.794115E-03     0.834921E-03     0.859180E-03     0.806017E-03     0.834175E-03
  0.760417E-03     0.812135E-03     0.866112E-03     0.732836E-03     0.733698E-03
  0.935774E-03     0.781485E-03     0.803616E-03     0.747577E-03     0.851216E-03
  0.778670E-03     0.863116E-03     0.873292E-03     0.839296E-03     0.735379E-03
  0.828577E-03     0.813912E-03     0.740897E-03     0.898627E-03     0.791942E-03
  0.100611E-02     0.102498E-02     0.967197E-03     0.864565E-03     0.104977E-02
  0.851382E-03     0.102094E-02     0.936939E-03     0.730392E-03     0.873936E-03
  0.795447E-03     0.964046E-03     0.885885E-03     0.840287E-03     0.104163E-02
  0.107233E-02     0.913386E-03     0.889263E-03     0.837442E-03     0.902276E-03
  0.914902E-03     0.867672E-03     0.942526E-03     0.102785E-02     0.776199E-03
  0.905585E-03     0.926948E-03     0.874547E-03     0.894349E-03     0.989679E-03
  0.960227E-03     0.104403E-02     0.988914E-03     0.118168E-02     0.100436E-02
  0.958402E-03     0.815738E-03     0.991331E-03     0.107621E-02     0.102424E-02
  0.901564E-03     0.101002E-02     0.101520E-02     0.914914E-03     0.857698E-03
  0.903498E-03     0.824462E-03     0.834697E-03     0.106163E-02     0.107125E-02
  0.113572E-02     0.100688E-02     0.952756E-03     0.951233E-03     0.881664E-03
  0.101183E-02     0.113006E-02     0.969203E-03     0.847489E-03     0.109459E-02
  0.101021E-02     0.107025E-02     0.109263E-02     0.952845E-03     0.102478E-02
  0.941390E-03     0.110093E-02     0.899405E-03     0.970580E-03     0.101725E-02
  0.999887E-03     0.106370E-02     0.963354E-03     0.988976E-03     0.823897E-03
  0.883835E-03     0.846243E-03     0.998193E-03     0.110511E-02     0.109925E-02
  0.114878E-02     0.103988E-02     0.102277E-02     0.101592E-02     0.949771E-03
  0.153018E-02     0.103436E-02     0.971094E-03     0.107034E-02     0.975664E-03
  0.916713E-03     0.114822E-02     0.102988E-02     0.978713E-03     0.114210E-02
  0.114459E-02     0.114076E-02     0.923281E-03     0.923628E-03     0.108558E-02
  0.106075E-02     0.100284E-02     0.101062E-02     0.995603E-03     0.100451E-02
  0.978937E-03     0.106393E-02     0.119943E-02     0.117279E-02     0.114852E-02
  0.968554E-03     0.963850E-03     0.916259E-03     0.983444E-03     0.917881E-03
  0.981521E-03     0.848821E-03     0.919794E-03     0.963160E-03     0.102860E-02
  0.993938E-03     0.976611E-03     0.112829E-02     0.107499E-02     0.972572E-03
  0.114715E-02     0.111780E-02     0.103585E-02     0.100793E-02     0.110046E-02
  0.116785E-02     0.107540E-02     0.100406E-02     0.987965E-03     0.949274E-03
  0.960862E-03     0.106396E-02     0.106516E-02     0.109437E-02     0.103299E-02
  0.103067E-02     0.109084E-02     0.100951E-02     0.101033E-02     0.104472E-02
  0.105188E-02     0.890045E-03     0.999466E-03     0.945172E-03     0.953537E-03
  0.122314E-02     0.110791E-02     0.114524E-02     0.114508E-02     0.977911E-03
  0.109944E-02     0.119043E-02     0.110168E-02     0.128661E-02     0.979406E-03
  0.112522E-02     0.903096E-03     0.102799E-02     0.101287E-02     0.118138E-02
  0.106217E-02     0.113912E-02     0.115126E-02     0.136787E-02     0.115977E-02
  0.100568E-02     0.112174E-02     0.104520E-02     0.104002E-02     0.108541E-02
  0.147530E-02     0.954347E-03     0.116471E-02     0.118793E-02     0.843129E-03
  0.101138E-02     0.100335E-02     0.107185E-02     0.144179E-02     0.981955E-03
  0.141985E-02     0.124809E-02     0.137194E-02     0.112046E-02     0.782635E-03
  0.120629E-02     0.124964E-02     0.118223E-02     0.945489E-03     0.113574E-02
  0.103736E-02     0.102142E-02     0.974633E-03     0.113873E-02     0.110336E-02
  0.978282E-03     0.890603E-03     0.809327E-03     0.110953E-02     0.181374E-02
  0.948226E-03     0.102715E-02     0.999958E-03     0.127163E-02     0.122197E-02
  0.902053E-03     0.997208E-03     0.100435E-02     0.101892E-02     0.107406E-02
  0.148027E-02     0.101191E-02     0.123741E-02     0.105204E-02     0.119536E-02
  0.130904E-02     0.125460E-02     0.107826E-02     0.146061E-02     0.136794E-02
  0.133010E-02     0.144707E-02     0.123017E-02     0.163619E-02     0.138468E-02
  0.970782E-03     0.140480E-02     0.131949E-02     0.122265E-02     0.168135E-02
  0.133673E-02     0.146784E-02     0.130786E-02     0.150084E-02     0.127492E-02
  0.118987E-02     0.168226E-02     0.135335E-02     0.154832E-02     0.128267E-02
  0.141412E-02     0.223359E-02     0.103224E-02     0.137973E-02     0.183272E-02
  0.146604E-02     0.139519E-02     0.133740E-02     0.101650E-02     0.121943E-02
  0.111586E-02     0.135458E-02     0.137924E-02     0.131852E-02     0.113366E-02
  0.125396E-02     0.105755E-02     0.126265E-02     0.166450E-02     0.150366E-02
  0.996420E-03     0.118369E-02     0.182555E-02     0.196762E-02     0.611495E-03
  0.242226E-02     0.123824E-02     0.153151E-02     0.114297E-02     0.167017E-02
  0.169356E-02     0.795012E-03     0.115961E-02     0.153365E-02     0.154308E-02
  0.130820E-02     0.143574E-02     0.153168E-02     0.104575E-02     0.142599E-02
  0.961675E-03     0.237140E-02     0.100845E-02     0.164185E-02     0.100598E-02
  0.103118E-02     0.925127E-03     0.902867E-03     0.156099E-02     0.938457E-03
  0.805799E-03     0.151488E-02     0.680220E-03     0.135303E-02     0.674678E-03
  0.839156E-03     0.748739E-03     0.755224E-03     0.859695E-03     0.861793E-03
  0.983159E-03     0.844884E-03     0.210802E-02     0.135886E-02     0.685947E-03
  0.884616E-03     0.120068E-02     0.904550E-03     0.908027E-03     0.712890E-03
  0.741828E-03     0.163686E-02     0.587489E-03     0.104492E-02     0.101913E-02
  0.275997E-02     0.485903E-02     0.701818E-02     0.651916E-02     0.903419E-02
  0.758230E-02     0.623933E-02     0.935394E-02     0.724342E-02     0.824495E-02
  0.140307E-01     0.201758E-01     0.194143E-01     0.311117E-01     0.183181E-01
  0.222387E-01     0.148548E-01     0.316660E-01     0.370256E-01     0.308473E-01
  0.384694E-01     0.465024E-01     0.522162E-01     0.463830E-01     0.757879E-01
  0.618421E-01     0.373186E-01     0.821197E-01     0.688424E-01     0.725382E-01
  0.584264E-01     0.786661E-01     0.713258E-01     0.101426E+00     0.784964E-01
  0.924224E-01     0.897944E-01     0.137932E+00     0.101713E+00     0.156167E+00
  0.162712E+00     0.144985E+00     0.161294E+00     0.162712E+00     0.211581E+00
  0.153333E+00     0.163243E+00     0.141837E+00     0.222060E+00     0.247417E+00
  0.198649E+00     0.225007E+00     0.209498E+00     0.288192E+00     0.285445E+00
  0.257094E+00     0.528367E+00     0.588886E+00
 eigen energies, in ev
    -44.473898       -44.461261       -44.398608       -44.260738       -43.895082
    -28.438100       -28.321329       -28.310252       -28.254941       -28.166252
    -28.151128       -28.143795       -28.061898       -28.031188       -27.899613
    -27.885016       -27.882133       -27.842997       -27.814621       -27.811846
    -27.799780       -27.791884       -27.783977       -27.766726       -27.757237
    -27.754708       -27.740196       -27.731767       -27.729730       -27.683876
    -27.672697       -27.667457       -27.620039       -27.527627       -27.516591
    -27.477237       -27.452227       -27.443974       -27.429261       -27.422416
    -27.420081       -27.407860       -27.404391       -27.399866       -27.287366
    -27.224576       -27.218868       -27.209746       -27.202204       -27.188856
    -27.177261       -27.162313       -27.153406       -27.151594       -27.129829
    -27.106830       -27.091135       -27.051158       -27.004323       -26.987468
    -26.976121       -26.938224       -26.907667       -26.871989       -26.850567
    -26.829256       -26.746772       -26.703989       -26.677751       -26.667381
    -26.633132       -26.565601       -26.554941       -26.520150       -26.509719
    -26.418712       -26.374851       -26.370824       -26.346247       -26.336131
    -26.279522       -26.273575       -26.248583       -26.219885       -26.175187
    -26.169602       -26.147888       -26.139425       -26.135246       -26.085455
    -26.059687       -26.014580       -25.992315       -25.973480       -25.945967
    -25.943827       -25.908819       -25.901564       -25.859425       -25.825948
    -25.798686       -25.793868       -25.769653       -25.767556       -25.758330
    -25.752702       -25.734083       -25.728478       -25.722792       -25.707029
    -25.700189       -25.685236       -25.683081       -25.676851       -25.606746
    -25.600227       -25.595522       -25.586009       -25.573004       -25.556705
    -25.552561       -25.531434       -25.527525       -25.488000       -25.462903
    -25.409820       -25.397769       -25.396448       -25.383823       -25.363529
    -25.325293       -25.304646       -25.300213       -25.171980       -25.126731
    -23.921554       -23.880020       -23.798383       -23.772353       -23.548963
    -23.495691       -23.447024       -23.440470       -23.392945       -23.372306
    -23.344659       -23.325078       -23.211914       -23.167602       -23.123296
    -23.120830       -23.112873       -23.101624       -23.093655       -23.077360
    -23.063515       -23.058603       -23.043650       -23.039826       -23.004631
    -22.960402       -22.891393       -22.844697       -22.832652       -22.773375
    -22.764770       -22.729921       -22.487024       -22.387075       -22.137134
    -22.062162       -21.604845       -21.581898       -21.337118       -21.306377
    -21.305033       -21.289703       -21.222141       -21.216632       -21.134280
    -21.111674       -21.103984       -21.072935       -21.043916       -20.833534
    -20.832841       -20.826610       -20.808612       -20.757995       -20.695893
    -18.441447       -18.438287       -18.270637       -18.166667       -18.061009
    -16.511420       -16.271489       -16.246968       -16.104157       -16.080379
    -16.062413       -16.009490       -15.988739       -15.961784       -15.808376
    -15.800349       -15.767441       -15.654590       -15.628424       -15.547692
    -15.302222       -15.229700       -15.011082       -14.977416       -14.975985
    -14.940942       -14.922160       -14.873191       -14.803066       -14.786612
    -14.769454       -14.668115       -14.663393       -14.657498       -14.612547
    -14.592519       -14.539331       -14.517515       -14.455466       -14.375675
    -14.367240       -14.351117       -14.328463       -14.303864       -14.290622
    -13.879211       -13.780752       -13.733840       -13.729298       -13.715164
    -13.675353       -13.600954       -13.582777       -13.574244       -13.572376
    -13.554006       -13.500570       -13.478585       -13.467796       -13.445658
    -13.441613       -13.425551       -13.420718       -13.403886       -13.400460
    -13.347292       -13.326856       -13.325948       -13.260794       -13.238775
    -13.209140       -13.197224       -13.154393       -12.987716       -12.937931
    -12.238015       -12.163406       -12.161175       -12.152802       -12.102198
    -12.054831       -11.968794       -11.935161       -11.918677       -11.913917
    -11.873822       -11.838156       -11.802272       -11.777872       -11.766090
    -11.641939       -11.637017       -11.635228       -11.574853       -11.572032
    -11.523218       -11.469434       -11.464716       -11.447378       -11.440836
    -11.420564       -11.414864       -11.408275       -11.311911       -11.307753
    -11.295657       -11.281558       -11.232000       -11.223579       -11.195543
    -11.160656       -11.048442       -10.986979       -10.943447       -10.881909
    -10.837296       -10.778372       -10.744435       -10.706672       -10.702563
    -10.673685       -10.633878       -10.599811       -10.570439       -10.552250
    -10.512289       -10.460205       -10.459612       -10.450966       -10.449924
    -10.430581       -10.420007       -10.412942       -10.393290       -10.375412
    -10.355259       -10.349066       -10.337099       -10.298343       -10.296152
    -10.290533       -10.284231       -10.271345       -10.244048       -10.228411
    -10.204698       -10.197662       -10.184416       -10.180059       -10.170893
    -10.164447       -10.146199       -10.087207       -10.076448       -10.073587
    -10.041073       -10.031293       -10.021621        -9.992997        -9.985058
     -9.970830        -9.960442        -9.951614        -9.941478        -9.935601
     -9.931805        -9.926406        -9.926309        -9.903227        -9.899518
     -9.875046        -9.872169        -9.853268        -9.837029        -9.836706
     -9.803677        -9.802594        -9.793321        -9.781783        -9.766939
     -9.747544        -9.735841        -9.726761        -9.721180        -9.706268
     -9.693591        -9.656722        -9.647483        -9.645458        -9.638077
     -9.631115        -9.610863        -9.605471        -9.593199        -9.586280
     -9.562295        -9.556285        -9.552919        -9.519294        -9.507087
     -9.498259        -9.491942        -9.473290        -9.462379        -9.451768
     -9.445969        -9.444873        -9.422456        -9.392924        -9.363628
     -9.359802        -9.346338        -9.332098        -9.308001        -9.287476
     -9.285465        -9.280045        -9.270218        -9.267445        -9.253400
     -9.244581        -9.242976        -9.225514        -9.213812        -9.186548
     -9.153355        -9.134279        -9.123826        -9.107319        -9.086039
     -9.076677        -9.066431        -9.057782        -9.050603        -9.048503
     -9.036389        -9.024088        -9.022063        -9.008342        -9.003318
     -8.987837        -8.947000        -8.925009        -8.910149        -8.897291
     -8.876756        -8.873287        -8.866909        -8.856030        -8.851910
     -8.840759        -8.832721        -8.825375        -8.822426        -8.808000
     -8.789378        -8.775024        -8.752653        -8.727733        -8.716344
     -8.697244        -8.677790        -8.656050        -8.647122        -8.622732
     -8.617837        -8.594629        -8.585216        -8.582195        -8.569274
     -8.557340        -8.534255        -8.514406        -8.497776        -8.470648
     -8.462468        -8.446937        -8.418764        -8.400777        -8.389522
     -8.388584        -8.375032        -8.345356        -8.329475        -8.311471
     -8.307786        -8.255571        -8.248970        -8.244752        -8.194618
     -8.186897        -8.175016        -8.139562        -8.117987        -8.076246
     -8.025391        -7.993792        -7.975860        -7.956596        -7.944147
     -7.941544        -7.915727        -7.904298        -7.898734        -7.884557
     -7.881926        -7.830089        -7.817646        -7.793914        -7.773197
     -7.746822        -7.736621        -7.710098        -7.684068        -7.663433
     -7.648137        -7.634291        -7.622159        -7.563669        -7.557142
     -7.554694        -7.545443        -7.523881        -7.515441        -7.502335
     -7.436827        -7.392717        -7.362891        -7.333507        -7.331292
     -7.312174        -7.253399        -7.244136        -7.240402        -7.220054
     -7.190700        -7.177683        -7.172158        -7.165765        -7.141743
     -7.135428        -7.101047        -7.096335        -7.095266        -7.081766
     -7.077562        -7.060526        -7.048520        -7.021536        -7.000865
     -6.993350        -6.940456        -6.924603        -6.894578        -6.879352
     -6.871576        -6.847366        -6.836455        -6.830191        -6.802855
     -6.799302        -6.791443        -6.775417        -6.740202        -6.705469
     -6.699611        -6.688575        -6.684774        -6.660199        -6.639849
     -6.624611        -6.600982        -6.595396        -6.586267        -6.580324
     -6.549814        -6.545986        -6.530206        -6.511410        -6.505084
     -6.498982        -6.489751        -6.477896        -6.450532        -6.447341
     -6.438662        -6.432657        -6.424868        -6.413895        -6.400373
     -6.397180        -6.362456        -6.354683        -6.354399        -6.348349
     -6.341015        -6.332276        -6.322773        -6.312793        -6.306055
     -6.297822        -6.285741        -6.281742        -6.279657        -6.268120
     -6.264904        -6.246909        -6.231613        -6.217551        -6.216040
     -6.203929        -6.188682        -6.183623        -6.163305        -6.157377
     -6.154480        -6.153264        -6.138713        -6.130412        -6.112717
     -6.104921        -6.100905        -6.094437        -6.081357        -6.071836
     -6.063027        -6.053727        -6.047799        -6.037902        -6.030182
     -6.018792        -6.012595        -6.003686        -5.995234        -5.985232
     -5.982539        -5.973925        -5.970960        -5.965431        -5.961262
     -5.951897        -5.947244        -5.939239        -5.923314        -5.915503
     -5.907235        -5.895605        -5.878158        -5.870637        -5.863130
     -5.851326        -5.845231        -5.841759        -5.830727        -5.820921
     -5.807676        -5.799099        -5.792415        -5.783621        -5.769681
     -5.761508        -5.750876        -5.748048        -5.742968        -5.734528
     -5.731269        -5.721545        -5.714837        -5.710144        -5.703405
     -5.695156        -5.692582        -5.680905        -5.667844        -5.662782
     -5.652986        -5.648375        -5.644086        -5.636359        -5.629579
     -5.609858        -5.602718        -5.596368        -5.595037        -5.590748
     -5.586811        -5.580491        -5.575739        -5.570336        -5.563428
     -5.556434        -5.549609        -5.542882        -5.537695        -5.530653
     -5.520765        -5.518227        -5.513615        -5.503381        -5.498807
     -5.492901        -5.490965        -5.484205        -5.481197        -5.474060
     -5.469204        -5.462236        -5.459810        -5.450464        -5.448855
     -5.433860        -5.431456        -5.420101        -5.414502        -5.409185
     -5.403506        -5.392253        -5.388239        -5.371499        -5.367421
     -5.359806        -5.357696        -5.348038        -5.340650        -5.330502
     -5.329382        -5.312274        -5.310472        -5.304027        -5.294807
     -5.284683        -5.283469        -5.278972        -5.265973        -5.258534
     -5.251813        -5.246559        -5.242876        -5.240837        -5.229365
     -5.225613        -5.223740        -5.218548        -5.218427        -5.207972
     -5.203368        -5.194381        -5.190625        -5.182057        -5.175145
     -5.164849        -5.162308        -5.151909        -5.147972        -5.135395
     -5.123605        -5.113554        -5.109484        -5.099735        -5.097004
     -5.090486        -5.087997        -5.080076        -5.073779        -5.072207
     -5.066121        -5.058073        -5.051151        -5.046842        -5.039067
     -5.035201        -5.028789        -5.025596        -5.013247        -5.009060
     -5.004533        -4.996070        -4.993903        -4.985232        -4.976431
     -4.973582        -4.966804        -4.953714        -4.942981        -4.937257
     -4.933931        -4.925285        -4.913917        -4.912610        -4.908768
     -4.904068        -4.900617        -4.896357        -4.885486        -4.882324
     -4.877642        -4.874921        -4.865876        -4.858679        -4.857475
     -4.852539        -4.849951        -4.842430        -4.839238        -4.834277
     -4.827634        -4.822939        -4.808164        -4.805712        -4.804042
     -4.796332        -4.785204        -4.775885        -4.762332        -4.757619
     -4.747999        -4.739161        -4.734023        -4.721183        -4.718041
     -4.711265        -4.693831        -4.688413        -4.677316        -4.669864
     -4.660190        -4.655399        -4.651954        -4.640863        -4.628543
     -4.625342        -4.618778        -4.614068        -4.603894        -4.598966
     -4.589401        -4.578902        -4.564723        -4.559567        -4.553695
     -4.546868        -4.527792        -4.510975        -4.508464        -4.504548
     -4.478100        -4.471614        -4.458942        -4.445277        -4.425810
     -4.423245        -4.398491        -4.375542        -4.319277        -4.311149
     -4.296221        -4.279773        -4.276160        -4.266851        -4.262569
     -4.254250        -4.225239        -4.186824        -4.171480        -4.148796
     -4.124340        -4.105882        -4.091316        -4.077916        -4.073088
     -4.058861        -4.049007        -4.001118        -3.980152        -3.958578
     -3.936686        -3.910807        -3.901849        -3.889453        -3.870497
     -3.864636        -3.846309        -3.822573        -3.802698        -3.792813
     -3.769450        -3.761260        -3.748165        -3.715349        -3.689213
     -3.680818        -3.663306        -3.655631        -3.644338        -3.625991
     -3.597503        -3.571921        -3.565853        -3.559819        -3.547822
     -3.532732        -3.526133        -3.517175        -3.510220        -3.493560
     -3.487846        -3.482621        -3.463860        -3.451822        -3.450378
     -3.440271        -3.434151        -3.410162        -3.407498        -3.400797
     -3.393052        -3.379125        -3.341873        -3.340338        -3.315781
     -3.303416        -3.295814        -3.291879        -3.285637        -3.278427
     -3.268311        -3.258430        -3.238193        -3.230499        -3.210830
     -3.176021        -3.155109        -3.150168        -3.134293        -3.127030
     -3.123782        -3.092275        -3.064424        -3.060586        -3.043033
     -3.031856        -2.973699        -2.963574        -2.909403        -2.897617
     -2.892757        -2.870705        -2.808243        -2.784677        -2.767578
     -2.744883        -2.741230        -2.719506        -2.690053        -2.659439
     -2.646528        -2.641882        -2.616426        -2.600734        -2.568927
     -2.545600        -2.520372        -2.515844        -2.435614        -2.429972
     -2.392519        -2.355618        -2.297614        -2.296313        -2.290052
     -2.265858        -2.243376        -2.221882        -2.198437        -2.151501
     -2.123908        -2.035103        -2.006598        -1.923404        -1.890516
      2.628532         2.788032         2.876163         3.040284         3.051115
      3.091102         3.119416         3.139796         3.180230         3.208785
      3.307297         3.329863         3.404982         3.437164         3.470692
      3.485390         3.565671         3.596247         3.629983         3.685106
      3.723253         3.750432         3.763539         3.802155         3.824090
      3.841637         3.860795         3.891408         3.915804         3.939408
      3.973585         4.006656         4.009327         4.024013         4.043140
      4.063268         4.083044         4.101418         4.114887         4.148443
      4.166201         4.183501         4.210936         4.229928         4.246453
      4.268333         4.294905         4.317560         4.368212         4.385409
      4.401716         4.414003         4.431068         4.465025         4.505012
      4.525526         4.551679         4.579977
 *********************************
 sum eigen(dbl occ, ryd)=  -1539.14545454189     
 *********************************
 Ef(eV)=   1.99327947056681     
 ***************************************************
 iter=          21
 ---------------------------------------------------
 dvE, dvE(n)-dvE(n-1) = 0.1026E-05 -.4632E-05
 dv_ave, drho_tot     = 0.1013E-02 0.3800E-03
 err of ug            = 0.6662E-04
 ---------------------------------------------------
 Ewald        = -.41876607880374E+05
 Alpha        = 0.15207970391171E+04
 E_extV       = 0.00000000000000E+00    0.0000E+00
 E_NSC        = -.21386063739869E+05    0.1513E+01
 E[-rho*V_Hxc]= -.12249142526059E+06    -.1506E+01
 E_Hxc        = 0.51322872874441E+05    0.1402E+01
 -TS          = -.12195759498753E-10    -.1208E-10
 E_tot(eV)    = -.13291042696728E+06    0.7315E-02
 ---------------------------------------------------
 E_ion,E_coul,E_xc =   -223231.1500199   80113.1380209  -28790.2651464
Ewald+Hart+ion    -0.1849946198794E+06
 ave(vtot)=ave_(V_xc)=: v0= -0.282738972807479     
 Eigen energies are values after setting ave_vtot=0
 ----------------------------------
 One SCF use:    85.9390249252319       s
 *********************************
 ****** kpt=           1
 err of each states, eV
  0.189551E-02     0.327285E-02     0.490400E-03     0.208858E-02     0.966039E-03
  0.931657E-03     0.537788E-03     0.460286E-03     0.886100E-03     0.407557E-03
  0.900419E-03     0.843000E-03     0.704627E-03     0.519113E-03     0.460387E-03
  0.473874E-03     0.297694E-02     0.431791E-03     0.800376E-03     0.688470E-03
  0.527309E-03     0.529981E-03     0.723457E-03     0.586101E-03     0.477998E-03
  0.928975E-03     0.145011E-02     0.122208E-02     0.720177E-03     0.843551E-03
  0.256041E-02     0.159983E-02     0.419368E-03     0.377477E-03     0.533652E-03
  0.529332E-03     0.662341E-03     0.609645E-03     0.434665E-03     0.142841E-02
  0.498660E-03     0.395290E-03     0.148239E-02     0.137068E-02     0.431651E-03
  0.802998E-03     0.486898E-03     0.121769E-02     0.581719E-03     0.132907E-02
  0.399439E-03     0.663041E-03     0.160500E-02     0.524796E-03     0.106249E-02
  0.958419E-03     0.123342E-02     0.350141E-03     0.126408E-02     0.558584E-03
  0.834663E-03     0.726720E-03     0.570998E-03     0.631409E-03     0.193916E-02
  0.427486E-03     0.438924E-03     0.490847E-03     0.131425E-02     0.753052E-03
  0.706984E-03     0.120958E-02     0.627932E-03     0.391557E-03     0.481985E-03
  0.412541E-03     0.334836E-03     0.102685E-02     0.439668E-03     0.117843E-02
  0.628073E-03     0.363062E-03     0.825250E-03     0.432377E-03     0.427845E-03
  0.717463E-03     0.571101E-03     0.466568E-03     0.919063E-03     0.344871E-03
  0.595687E-03     0.478519E-03     0.314996E-03     0.506435E-03     0.534172E-03
  0.142124E-02     0.442068E-03     0.393837E-03     0.437953E-03     0.397734E-03
  0.339665E-03     0.643900E-03     0.729560E-03     0.523631E-03     0.512513E-03
  0.197480E-02     0.617255E-03     0.307464E-03     0.397237E-03     0.421502E-03
  0.355880E-03     0.417730E-03     0.477541E-03     0.101580E-02     0.357915E-03
  0.454931E-02     0.429842E-03     0.133417E-02     0.663134E-03     0.823362E-03
  0.961863E-03     0.498046E-03     0.944988E-03     0.308444E-03     0.406125E-03
  0.376366E-03     0.334935E-03     0.661686E-03     0.691092E-03     0.382313E-03
  0.532079E-03     0.165446E-02     0.143512E-02     0.580853E-03     0.612392E-03
  0.476066E-03     0.334588E-03     0.532421E-03     0.299872E-03     0.117055E-02
  0.477371E-03     0.350633E-03     0.919135E-03     0.987189E-03     0.589645E-03
  0.471115E-03     0.602024E-03     0.343182E-03     0.328925E-03     0.579436E-03
  0.883564E-03     0.179185E-02     0.116467E-02     0.364786E-03     0.367713E-03
  0.609160E-03     0.732225E-03     0.407026E-03     0.505740E-03     0.574332E-03
  0.340712E-03     0.303963E-03     0.526743E-03     0.423693E-03     0.140036E-02
  0.590383E-03     0.602587E-03     0.397063E-03     0.388476E-03     0.200778E-02
  0.623458E-03     0.312110E-03     0.333072E-03     0.410153E-03     0.301225E-02
  0.455794E-03     0.633103E-03     0.149991E-02     0.160891E-02     0.339712E-02
  0.928769E-03     0.333900E-03     0.318623E-03     0.262190E-03     0.520497E-03
  0.773045E-03     0.259061E-03     0.268468E-03     0.152164E-02     0.337207E-03
  0.397904E-03     0.736258E-03     0.319748E-03     0.327186E-03     0.426309E-03
  0.565460E-03     0.402716E-03     0.439014E-03     0.478978E-03     0.412851E-03
  0.492689E-03     0.628002E-03     0.456684E-03     0.481179E-03     0.477215E-03
  0.485990E-03     0.407197E-03     0.867751E-03     0.513048E-03     0.449091E-03
  0.359083E-03     0.516464E-03     0.554144E-03     0.440148E-03     0.619525E-03
  0.634785E-03     0.633635E-03     0.424870E-03     0.524902E-03     0.620386E-03
  0.455061E-03     0.570312E-03     0.368920E-03     0.458391E-03     0.499467E-03
  0.392870E-03     0.608466E-03     0.383100E-03     0.503736E-03     0.588749E-03
  0.559258E-03     0.515131E-03     0.538966E-03     0.773660E-03     0.551211E-03
  0.413171E-03     0.560046E-03     0.571803E-03     0.395164E-03     0.501954E-03
  0.404186E-03     0.529911E-03     0.578312E-03     0.467907E-03     0.726273E-03
  0.438717E-03     0.412110E-03     0.662178E-03     0.505536E-03     0.514727E-03
  0.509098E-03     0.484332E-03     0.373641E-03     0.479400E-03     0.496531E-03
  0.459969E-03     0.522196E-03     0.558440E-03     0.527039E-03     0.400500E-03
  0.558326E-03     0.332026E-03     0.668038E-03     0.465206E-03     0.682942E-03
  0.426387E-03     0.614304E-03     0.611020E-03     0.538200E-03     0.667433E-03
  0.515125E-03     0.521681E-03     0.531880E-03     0.554027E-03     0.572962E-03
  0.920180E-03     0.633745E-03     0.673853E-03     0.658682E-03     0.562826E-03
  0.607593E-03     0.664065E-03     0.605643E-03     0.677643E-03     0.503033E-03
  0.512811E-03     0.631101E-03     0.661424E-03     0.598947E-03     0.461426E-03
  0.557521E-03     0.492040E-03     0.536917E-03     0.707004E-03     0.955417E-03
  0.491828E-03     0.444422E-03     0.678508E-03     0.484696E-03     0.695091E-03
  0.622065E-03     0.641859E-03     0.791489E-03     0.428401E-03     0.684082E-03
  0.404200E-03     0.681705E-03     0.618188E-03     0.598472E-03     0.593717E-03
  0.107006E-02     0.878024E-03     0.100788E-02     0.599008E-03     0.650423E-03
  0.562859E-03     0.867951E-03     0.765556E-03     0.874042E-03     0.514988E-03
  0.671611E-03     0.727604E-03     0.889190E-03     0.712583E-03     0.806317E-03
  0.826756E-03     0.116981E-02     0.639982E-03     0.933660E-03     0.101491E-02
  0.166347E-02     0.617900E-03     0.688377E-03     0.944246E-03     0.861368E-03
  0.881589E-03     0.584413E-03     0.613372E-03     0.986985E-03     0.777299E-03
  0.789384E-03     0.674057E-03     0.836828E-03     0.112937E-02     0.919675E-03
  0.841812E-03     0.782245E-03     0.707746E-03     0.676136E-03     0.795072E-03
  0.770982E-03     0.875098E-03     0.711822E-03     0.775630E-03     0.777268E-03
  0.786701E-03     0.726219E-03     0.447348E-03     0.804461E-03     0.625723E-03
  0.859754E-03     0.752991E-03     0.917862E-03     0.629742E-03     0.475482E-03
  0.815636E-03     0.680548E-03     0.958029E-03     0.104079E-02     0.845136E-03
  0.784907E-03     0.799516E-03     0.878019E-03     0.793365E-03     0.666176E-03
  0.566217E-03     0.700632E-03     0.794944E-03     0.101526E-02     0.575663E-03
  0.884699E-03     0.756186E-03     0.818410E-03     0.860188E-03     0.856881E-03
  0.899497E-03     0.945389E-03     0.752170E-03     0.711431E-03     0.773158E-03
  0.999556E-03     0.101191E-02     0.699670E-03     0.118717E-02     0.108709E-02
  0.976832E-03     0.847194E-03     0.802938E-03     0.716409E-03     0.728365E-03
  0.109250E-02     0.729487E-03     0.696983E-03     0.713284E-03     0.825619E-03
  0.856632E-03     0.942636E-03     0.959673E-03     0.728274E-03     0.720473E-03
  0.817308E-03     0.865458E-03     0.788096E-03     0.999908E-03     0.844918E-03
  0.142573E-02     0.888060E-03     0.100360E-02     0.919502E-03     0.832793E-03
  0.906188E-03     0.146710E-02     0.104101E-02     0.104524E-02     0.131949E-02
  0.114307E-02     0.126845E-02     0.141694E-02     0.939547E-03     0.105927E-02
  0.803562E-03     0.933686E-03     0.112229E-02     0.955412E-03     0.900878E-03
  0.100267E-02     0.965251E-03     0.106105E-02     0.900452E-03     0.116762E-02
  0.106358E-02     0.112576E-02     0.105559E-02     0.962903E-03     0.757796E-03
  0.962445E-03     0.967654E-03     0.787186E-03     0.101972E-02     0.643105E-03
  0.784705E-03     0.101291E-02     0.706145E-03     0.165747E-02     0.128312E-02
  0.954148E-03     0.839016E-03     0.107354E-02     0.803848E-03     0.674389E-03
  0.103505E-02     0.496413E-03     0.691583E-03     0.793348E-03     0.921643E-03
  0.122073E-02     0.884290E-03     0.113712E-02     0.156399E-02     0.905476E-03
  0.896671E-03     0.111559E-02     0.569572E-03     0.601972E-03     0.795282E-03
  0.761894E-03     0.903616E-03     0.105159E-02     0.963722E-03     0.110502E-02
  0.764132E-03     0.115805E-02     0.129296E-02     0.104146E-02     0.126568E-02
  0.779757E-03     0.602777E-03     0.840906E-03     0.766402E-03     0.570421E-03
  0.687800E-03     0.712793E-03     0.743118E-03     0.696859E-03     0.705885E-03
  0.685341E-03     0.717258E-03     0.750607E-03     0.659727E-03     0.659436E-03
  0.775898E-03     0.648498E-03     0.563335E-03     0.603977E-03     0.857236E-03
  0.628801E-03     0.698388E-03     0.674920E-03     0.823491E-03     0.524396E-03
  0.701353E-03     0.899036E-03     0.706539E-03     0.838924E-03     0.733272E-03
  0.688598E-03     0.825417E-03     0.775472E-03     0.106321E-02     0.133022E-02
  0.815253E-03     0.106732E-02     0.650046E-03     0.567956E-03     0.718277E-03
  0.892229E-03     0.107886E-02     0.849847E-03     0.632822E-03     0.780946E-03
  0.652835E-03     0.596235E-03     0.942073E-03     0.104978E-02     0.814032E-03
  0.813972E-03     0.742925E-03     0.769010E-03     0.512392E-03     0.736878E-03
  0.644824E-03     0.742544E-03     0.761898E-03     0.845381E-03     0.108496E-02
  0.774856E-03     0.696084E-03     0.518345E-03     0.963960E-03     0.625280E-03
  0.737939E-03     0.782344E-03     0.518477E-03     0.664233E-03     0.753658E-03
  0.637727E-03     0.728944E-03     0.729571E-03     0.759608E-03     0.730458E-03
  0.750554E-03     0.849440E-03     0.740325E-03     0.634542E-03     0.604037E-03
  0.761092E-03     0.716514E-03     0.639381E-03     0.589568E-03     0.832629E-03
  0.713522E-03     0.790209E-03     0.747190E-03     0.657396E-03     0.692009E-03
  0.914244E-03     0.775059E-03     0.681182E-03     0.711027E-03     0.776062E-03
  0.697302E-03     0.805190E-03     0.643406E-03     0.769776E-03     0.583474E-03
  0.687654E-03     0.721691E-03     0.687818E-03     0.659954E-03     0.695987E-03
  0.911393E-03     0.834609E-03     0.117892E-02     0.743948E-03     0.618496E-03
  0.741348E-03     0.767429E-03     0.755643E-03     0.680847E-03     0.645525E-03
  0.787039E-03     0.834942E-03     0.741759E-03     0.706655E-03     0.664642E-03
  0.646626E-03     0.736354E-03     0.760963E-03     0.687848E-03     0.548911E-03
  0.698219E-03     0.794352E-03     0.624054E-03     0.585197E-03     0.673012E-03
  0.829142E-03     0.772816E-03     0.733653E-03     0.745016E-03     0.715648E-03
  0.854953E-03     0.780166E-03     0.781184E-03     0.659760E-03     0.101287E-02
  0.657636E-03     0.971421E-03     0.691201E-03     0.769868E-03     0.701032E-03
  0.715504E-03     0.735710E-03     0.730983E-03     0.743636E-03     0.735424E-03
  0.689332E-03     0.665570E-03     0.741468E-03     0.742656E-03     0.807976E-03
  0.736762E-03     0.699756E-03     0.643424E-03     0.713931E-03     0.750276E-03
  0.809759E-03     0.807651E-03     0.750066E-03     0.638650E-03     0.770389E-03
  0.879805E-03     0.915938E-03     0.821265E-03     0.106282E-02     0.886026E-03
  0.776273E-03     0.789233E-03     0.696490E-03     0.802389E-03     0.802771E-03
  0.730583E-03     0.758908E-03     0.820999E-03     0.888652E-03     0.933249E-03
  0.101389E-02     0.688224E-03     0.912864E-03     0.915619E-03     0.816114E-03
  0.862913E-03     0.857009E-03     0.996254E-03     0.902430E-03     0.764872E-03
  0.874995E-03     0.888937E-03     0.821824E-03     0.879863E-03     0.102151E-02
  0.978852E-03     0.103282E-02     0.973755E-03     0.860910E-03     0.833229E-03
  0.108918E-02     0.961084E-03     0.918201E-03     0.926251E-03     0.859781E-03
  0.898154E-03     0.794594E-03     0.988739E-03     0.101483E-02     0.869765E-03
  0.949748E-03     0.726842E-03     0.902186E-03     0.785415E-03     0.762291E-03
  0.950607E-03     0.881308E-03     0.921484E-03     0.915935E-03     0.845800E-03
  0.102089E-02     0.977443E-03     0.949843E-03     0.909237E-03     0.103036E-02
  0.949487E-03     0.913020E-03     0.944565E-03     0.104179E-02     0.852271E-03
  0.882199E-03     0.853241E-03     0.853981E-03     0.100011E-02     0.970860E-03
  0.878766E-03     0.916419E-03     0.108073E-02     0.888721E-03     0.821622E-03
  0.102903E-02     0.942774E-03     0.829575E-03     0.799536E-03     0.981313E-03
  0.847613E-03     0.102529E-02     0.973453E-03     0.111308E-02     0.103209E-02
  0.101222E-02     0.130166E-02     0.110200E-02     0.102146E-02     0.877706E-03
  0.938211E-03     0.900734E-03     0.852389E-03     0.100966E-02     0.106007E-02
  0.109975E-02     0.103385E-02     0.901588E-03     0.994250E-03     0.993490E-03
  0.983851E-03     0.972138E-03     0.943564E-03     0.920603E-03     0.120275E-02
  0.940989E-03     0.978197E-03     0.101405E-02     0.107172E-02     0.105193E-02
  0.109410E-02     0.850161E-03     0.872689E-03     0.942918E-03     0.945975E-03
  0.102934E-02     0.816258E-03     0.965281E-03     0.977184E-03     0.107661E-02
  0.106761E-02     0.871348E-03     0.981696E-03     0.884717E-03     0.104116E-02
  0.106336E-02     0.977583E-03     0.954197E-03     0.982258E-03     0.107255E-02
  0.102153E-02     0.101676E-02     0.928082E-03     0.101026E-02     0.994166E-03
  0.101945E-02     0.980798E-03     0.106428E-02     0.937060E-03     0.102150E-02
  0.105811E-02     0.105064E-02     0.103615E-02     0.908119E-03     0.922398E-03
  0.853291E-03     0.918632E-03     0.908486E-03     0.986087E-03     0.912108E-03
  0.123683E-02     0.110052E-02     0.122302E-02     0.954449E-03     0.990801E-03
  0.104998E-02     0.118364E-02     0.108127E-02     0.975851E-03     0.100897E-02
  0.115116E-02     0.111479E-02     0.113476E-02     0.109688E-02     0.929077E-03
  0.903292E-03     0.129880E-02     0.111481E-02     0.130231E-02     0.122595E-02
  0.144279E-02     0.110575E-02     0.104960E-02     0.110093E-02     0.126123E-02
  0.989712E-03     0.901073E-03     0.112956E-02     0.106623E-02     0.816840E-03
  0.958124E-03     0.114491E-02     0.112089E-02     0.128857E-02     0.102620E-02
  0.126208E-02     0.137858E-02     0.120731E-02     0.121901E-02     0.133777E-02
  0.105435E-02     0.778477E-03     0.121867E-02     0.138101E-02     0.984821E-03
  0.118624E-02     0.107012E-02     0.117000E-02     0.979491E-03     0.733925E-03
  0.832841E-03     0.867971E-03     0.752232E-03     0.102181E-02     0.142428E-02
  0.108585E-02     0.123555E-02     0.105527E-02     0.138204E-02     0.118371E-02
  0.993991E-03     0.909211E-03     0.100220E-02     0.879819E-03     0.953901E-03
  0.148219E-02     0.143163E-02     0.105366E-02     0.119213E-02     0.112837E-02
  0.111088E-02     0.118425E-02     0.123692E-02     0.186294E-02     0.146399E-02
  0.139111E-02     0.124670E-02     0.190305E-02     0.117532E-02     0.142544E-02
  0.101069E-02     0.152964E-02     0.140962E-02     0.100033E-02     0.155571E-02
  0.142007E-02     0.162530E-02     0.121247E-02     0.149881E-02     0.119444E-02
  0.136380E-02     0.162860E-02     0.200757E-02     0.246915E-02     0.165236E-02
  0.133650E-02     0.134278E-02     0.152724E-02     0.118879E-02     0.117833E-02
  0.101017E-02     0.127956E-02     0.116142E-02     0.129653E-02     0.115352E-02
  0.107360E-02     0.129461E-02     0.130624E-02     0.122050E-02     0.152527E-02
  0.148003E-02     0.114676E-02     0.124330E-02     0.159801E-02     0.130720E-02
  0.144592E-02     0.139920E-02     0.188588E-02     0.133124E-02     0.125543E-02
  0.207112E-02     0.164510E-02     0.176252E-02     0.111999E-02     0.862901E-03
  0.163062E-02     0.122939E-02     0.868372E-03     0.162708E-02     0.153720E-02
  0.958554E-03     0.167421E-02     0.126218E-02     0.149162E-02     0.135870E-02
  0.170004E-02     0.204983E-02     0.959587E-03     0.141981E-02     0.102687E-02
  0.108339E-02     0.981635E-03     0.885924E-03     0.143104E-02     0.104612E-02
  0.168340E-02     0.821523E-03     0.124302E-02     0.718693E-03     0.107110E-02
  0.727864E-03     0.102219E-02     0.924156E-03     0.934780E-03     0.900657E-03
  0.118697E-02     0.717692E-03     0.184725E-02     0.127452E-02     0.110683E-02
  0.111460E-02     0.996789E-03     0.113810E-02     0.122621E-02     0.912831E-03
  0.112908E-02     0.149568E-02     0.876738E-03     0.124854E-02     0.778814E-03
  0.261302E-02     0.307860E-02     0.639188E-02     0.391583E-02     0.651266E-02
  0.484973E-02     0.417462E-02     0.714318E-02     0.438773E-02     0.678465E-02
  0.114832E-01     0.996604E-02     0.180114E-01     0.231765E-01     0.173395E-01
  0.164339E-01     0.101321E-01     0.240506E-01     0.226586E-01     0.298600E-01
  0.400950E-01     0.360920E-01     0.375314E-01     0.360411E-01     0.679285E-01
  0.467546E-01     0.359808E-01     0.640093E-01     0.473730E-01     0.584828E-01
  0.531837E-01     0.532408E-01     0.703834E-01     0.666095E-01     0.619815E-01
  0.710044E-01     0.445237E-01     0.119155E+00     0.962061E-01     0.138219E+00
  0.148466E+00     0.978369E-01     0.141817E+00     0.139208E+00     0.164651E+00
  0.149980E+00     0.157719E+00     0.107423E+00     0.215052E+00     0.190427E+00
  0.168323E+00     0.180975E+00     0.188167E+00     0.234817E+00     0.322387E+00
  0.294981E+00     0.350145E+00     0.285613E+00
 eigen energies, in ev
    -44.458103       -44.448178       -44.392408       -44.226545       -43.905387
    -28.409157       -28.308262       -28.289725       -28.260007       -28.185698
    -28.117147       -28.116786       -28.069448       -28.037959       -27.872448
    -27.867587       -27.866522       -27.856693       -27.822445       -27.812426
    -27.802848       -27.788922       -27.782362       -27.781531       -27.778693
    -27.775701       -27.771124       -27.736285       -27.716239       -27.692389
    -27.650210       -27.641480       -27.614791       -27.529512       -27.516324
    -27.501214       -27.470323       -27.437147       -27.434304       -27.424692
    -27.414793       -27.407311       -27.396605       -27.378159       -27.270998
    -27.256836       -27.219672       -27.196350       -27.195909       -27.187438
    -27.185225       -27.182736       -27.166540       -27.146769       -27.137874
    -27.100855       -27.077447       -27.055129       -27.017610       -26.984810
    -26.982979       -26.965147       -26.920013       -26.850582       -26.844622
    -26.811849       -26.741213       -26.728739       -26.678945       -26.655327
    -26.651575       -26.595578       -26.561207       -26.508880       -26.496124
    -26.401044       -26.376966       -26.349720       -26.311955       -26.307010
    -26.282385       -26.267533       -26.243508       -26.235887       -26.188507
    -26.179993       -26.116979       -26.108478       -26.107573       -26.099864
    -26.062970       -26.005342       -25.982459       -25.976162       -25.948124
    -25.937779       -25.922551       -25.896978       -25.859825       -25.859272
    -25.820869       -25.786193       -25.777138       -25.773022       -25.766823
    -25.756601       -25.741336       -25.732512       -25.714769       -25.710918
    -25.691518       -25.689214       -25.674156       -25.660729       -25.610330
    -25.608963       -25.590909       -25.589616       -25.581164       -25.577691
    -25.562996       -25.547097       -25.542606       -25.489196       -25.484694
    -25.439446       -25.425463       -25.408042       -25.403315       -25.385882
    -25.341732       -25.317382       -25.277893       -25.171843       -25.146934
    -23.914466       -23.843196       -23.790503       -23.780872       -23.546710
    -23.500108       -23.436420       -23.405452       -23.383689       -23.370261
    -23.326254       -23.308387       -23.194218       -23.162347       -23.143320
    -23.136083       -23.104357       -23.092202       -23.083290       -23.077965
    -23.062602       -23.053588       -23.052645       -23.050189       -22.996979
    -22.950593       -22.880019       -22.858482       -22.836853       -22.803015
    -22.782101       -22.767156       -22.468645       -22.383722       -22.107297
    -22.056087       -21.574975       -21.556544       -21.321693       -21.320131
    -21.302948       -21.293262       -21.212491       -21.203400       -21.114223
    -21.107700       -21.077425       -21.074586       -21.042243       -20.870279
    -20.825040       -20.817575       -20.798077       -20.750045       -20.684666
    -18.436926       -18.424836       -18.230096       -18.153290       -18.052582
    -16.519178       -16.250164       -16.236723       -16.109505       -16.106485
    -16.043639       -16.011955       -16.000606       -15.947478       -15.818270
    -15.797360       -15.772404       -15.669195       -15.654228       -15.539907
    -15.294918       -15.246479       -15.007969       -14.988677       -14.961454
    -14.929501       -14.913785       -14.842843       -14.815350       -14.777924
    -14.753811       -14.697882       -14.662688       -14.649074       -14.608380
    -14.604762       -14.536411       -14.510751       -14.463612       -14.373195
    -14.366978       -14.351603       -14.345465       -14.323729       -14.317054
    -13.894918       -13.772716       -13.727461       -13.707549       -13.698001
    -13.637955       -13.585507       -13.584858       -13.568758       -13.564345
    -13.530802       -13.527244       -13.485500       -13.472835       -13.455070
    -13.451809       -13.422233       -13.416271       -13.403811       -13.384970
    -13.351216       -13.335280       -13.334330       -13.269502       -13.248914
    -13.196221       -13.189207       -13.186416       -12.990689       -12.924738
    -12.217796       -12.163712       -12.146627       -12.134603       -12.116127
    -12.031150       -11.977879       -11.943956       -11.925676       -11.919324
    -11.883788       -11.812876       -11.806408       -11.798723       -11.794320
    -11.659903       -11.639905       -11.618810       -11.578823       -11.548305
    -11.504184       -11.475802       -11.451965       -11.445408       -11.435576
    -11.428891       -11.427208       -11.416609       -11.343349       -11.315335
    -11.285945       -11.273075       -11.254517       -11.216977       -11.188680
    -11.161323       -11.038965       -10.977423       -10.935119       -10.910268
    -10.852775       -10.747407       -10.741701       -10.702958       -10.699003
    -10.677478       -10.616131       -10.585121       -10.558281       -10.554145
    -10.495327       -10.479308       -10.461591       -10.436868       -10.434366
    -10.421809       -10.401274       -10.397918       -10.388135       -10.368692
    -10.359548       -10.351686       -10.321295       -10.307233       -10.292531
    -10.286566       -10.273115       -10.265864       -10.248657       -10.216456
    -10.212691       -10.208115       -10.206949       -10.194318       -10.183025
    -10.179212       -10.130285       -10.108132       -10.096434       -10.071784
    -10.045876       -10.039740       -10.031961        -9.986387        -9.977521
     -9.976527        -9.962496        -9.960543        -9.956044        -9.948105
     -9.937207        -9.928004        -9.915230        -9.907565        -9.884830
     -9.881645        -9.873894        -9.857531        -9.842280        -9.826802
     -9.811628        -9.797741        -9.791341        -9.776629        -9.772555
     -9.741604        -9.735570        -9.721962        -9.708713        -9.705172
     -9.688292        -9.675454        -9.663920        -9.634709        -9.627869
     -9.617158        -9.615989        -9.612592        -9.584745        -9.578318
     -9.570026        -9.557217        -9.555520        -9.524451        -9.513676
     -9.507514        -9.487857        -9.477109        -9.473686        -9.470347
     -9.449324        -9.448600        -9.421474        -9.386092        -9.375745
     -9.371739        -9.347731        -9.314919        -9.294578        -9.283037
     -9.279518        -9.272790        -9.267257        -9.261224        -9.259003
     -9.243684        -9.232921        -9.212192        -9.205204        -9.200589
     -9.160101        -9.119473        -9.114626        -9.105742        -9.082200
     -9.075584        -9.065091        -9.061804        -9.054368        -9.043535
     -9.041114        -9.032413        -9.019690        -9.008964        -9.000161
     -8.991552        -8.948255        -8.936025        -8.902437        -8.900278
     -8.877816        -8.868537        -8.865780        -8.861999        -8.846008
     -8.842998        -8.839353        -8.837231        -8.818918        -8.802005
     -8.792934        -8.785788        -8.754030        -8.740553        -8.711125
     -8.692364        -8.687297        -8.667736        -8.656033        -8.639579
     -8.615223        -8.605583        -8.590865        -8.585993        -8.579504
     -8.565263        -8.520861        -8.516909        -8.482482        -8.466920
     -8.459172        -8.445051        -8.422129        -8.402923        -8.395636
     -8.375693        -8.367095        -8.357544        -8.304819        -8.299379
     -8.294923        -8.263107        -8.257479        -8.248015        -8.200601
     -8.193723        -8.184101        -8.136288        -8.128831        -8.109935
     -8.044419        -7.991444        -7.976783        -7.972467        -7.954517
     -7.935878        -7.928886        -7.896413        -7.889772        -7.876681
     -7.868889        -7.823912        -7.791915        -7.779965        -7.769667
     -7.750166        -7.721663        -7.701921        -7.674212        -7.661509
     -7.634993        -7.627456        -7.608663        -7.577827        -7.565849
     -7.548858        -7.525836        -7.522081        -7.510108        -7.505473
     -7.428409        -7.398002        -7.362410        -7.354458        -7.330436
     -7.309550        -7.249816        -7.244342        -7.234640        -7.201095
     -7.192757        -7.177665        -7.175208        -7.158321        -7.137693
     -7.118214        -7.104561        -7.084810        -7.082787        -7.070668
     -7.067919        -7.055009        -7.049335        -6.995655        -6.987551
     -6.983958        -6.956499        -6.928629        -6.896883        -6.885609
     -6.878466        -6.834731        -6.826797        -6.821423        -6.808985
     -6.806026        -6.796031        -6.764775        -6.723861        -6.714747
     -6.698188        -6.692747        -6.666667        -6.662900        -6.646171
     -6.616487        -6.603876        -6.594804        -6.593368        -6.572815
     -6.560407        -6.539024        -6.527198        -6.520348        -6.507420
     -6.499242        -6.494058        -6.478422        -6.466402        -6.452481
     -6.437532        -6.430048        -6.415237        -6.398355        -6.394183
     -6.390517        -6.380145        -6.358426        -6.354657        -6.343676
     -6.339214        -6.322298        -6.320980        -6.317568        -6.308360
     -6.292282        -6.291109        -6.288524        -6.275063        -6.266025
     -6.260161        -6.251442        -6.244093        -6.222349        -6.214839
     -6.207457        -6.188687        -6.170486        -6.164609        -6.157719
     -6.153583        -6.148320        -6.144137        -6.130281        -6.121277
     -6.095762        -6.091373        -6.079577        -6.073810        -6.060700
     -6.055097        -6.054113        -6.040541        -6.030556        -6.026673
     -6.020103        -6.015078        -5.999796        -5.998293        -5.984894
     -5.982026        -5.978752        -5.959645        -5.952615        -5.950177
     -5.940899        -5.939194        -5.929847        -5.921121        -5.908527
     -5.905663        -5.888932        -5.873503        -5.870616        -5.859664
     -5.855145        -5.844473        -5.834167        -5.832325        -5.826089
     -5.809288        -5.802571        -5.791801        -5.777249        -5.770295
     -5.760399        -5.751907        -5.740671        -5.737495        -5.734318
     -5.731393        -5.719493        -5.707770        -5.702691        -5.698855
     -5.691962        -5.684533        -5.680519        -5.664153        -5.660872
     -5.655257        -5.647513        -5.643680        -5.636780        -5.626891
     -5.617559        -5.604155        -5.598571        -5.597057        -5.589554
     -5.584142        -5.573616        -5.573331        -5.570020        -5.561310
     -5.554197        -5.543593        -5.541227        -5.536263        -5.535229
     -5.521275        -5.516265        -5.509994        -5.504208        -5.499729
     -5.496654        -5.492901        -5.491406        -5.480684        -5.475838
     -5.466526        -5.461965        -5.456276        -5.444602        -5.437510
     -5.426656        -5.422108        -5.415126        -5.412153        -5.409117
     -5.397484        -5.396175        -5.383868        -5.376348        -5.373813
     -5.369800        -5.359240        -5.351967        -5.345126        -5.333534
     -5.329169        -5.322915        -5.318635        -5.307765        -5.296001
     -5.287637        -5.283752        -5.277746        -5.269386        -5.264117
     -5.253577        -5.246659        -5.245371        -5.243788        -5.233952
     -5.230497        -5.221323        -5.215706        -5.210234        -5.208038
     -5.202662        -5.199703        -5.192935        -5.179599        -5.176317
     -5.166269        -5.164084        -5.162278        -5.152759        -5.136491
     -5.130992        -5.121871        -5.107093        -5.103654        -5.100425
     -5.093023        -5.089666        -5.082509        -5.079049        -5.069870
     -5.065351        -5.061780        -5.052250        -5.047482        -5.042305
     -5.035652        -5.028764        -5.021299        -5.019490        -5.014991
     -5.007254        -5.001490        -4.993102        -4.992554        -4.977984
     -4.971122        -4.966972        -4.958181        -4.957149        -4.942875
     -4.931941        -4.927899        -4.918214        -4.914622        -4.911795
     -4.903884        -4.903005        -4.900581        -4.886739        -4.880844
     -4.875910        -4.871046        -4.866906        -4.863625        -4.862012
     -4.858485        -4.851063        -4.847504        -4.845744        -4.836895
     -4.833488        -4.826458        -4.822133        -4.814574        -4.804341
     -4.801846        -4.791455        -4.784015        -4.775092        -4.762582
     -4.753673        -4.744105        -4.739212        -4.735719        -4.725112
     -4.701585        -4.693367        -4.690710        -4.686155        -4.677817
     -4.669440        -4.659313        -4.644437        -4.641812        -4.635831
     -4.629200        -4.627375        -4.616717        -4.608431        -4.597693
     -4.588057        -4.568380        -4.562889        -4.553748        -4.544585
     -4.535814        -4.528800        -4.517876        -4.513897        -4.501068
     -4.483329        -4.478882        -4.458996        -4.451297        -4.430181
     -4.415696        -4.412200        -4.378321        -4.314618        -4.311697
     -4.298855        -4.295963        -4.281124        -4.267698        -4.265957
     -4.248321        -4.216123        -4.179867        -4.162802        -4.135700
     -4.120140        -4.116649        -4.083686        -4.072411        -4.067689
     -4.054331        -4.045382        -3.989111        -3.965406        -3.962362
     -3.935957        -3.906751        -3.897978        -3.879446        -3.878972
     -3.851935        -3.844969        -3.830313        -3.796946        -3.788622
     -3.780399        -3.747007        -3.728327        -3.720239        -3.688197
     -3.676395        -3.665783        -3.650569        -3.633194        -3.615777
     -3.585780        -3.583509        -3.569950        -3.566899        -3.539684
     -3.533223        -3.528577        -3.519520        -3.507103        -3.499154
     -3.476525        -3.459812        -3.454487        -3.450671        -3.447395
     -3.431661        -3.423261        -3.409227        -3.407670        -3.396230
     -3.381921        -3.372678        -3.365433        -3.334980        -3.320447
     -3.318101        -3.305724        -3.294412        -3.292045        -3.289354
     -3.263086        -3.257669        -3.252160        -3.240791        -3.180834
     -3.178518        -3.165953        -3.161913        -3.145087        -3.123129
     -3.111372        -3.086466        -3.082008        -3.057864        -3.041962
     -3.008519        -3.001181        -2.976805        -2.929954        -2.903781
     -2.884403        -2.881186        -2.801633        -2.771520        -2.761093
     -2.743014        -2.723500        -2.714389        -2.690881        -2.645729
     -2.641019        -2.636308        -2.616817        -2.608924        -2.574822
     -2.564283        -2.518294        -2.478459        -2.428296        -2.423198
     -2.386582        -2.365838        -2.307662        -2.282208        -2.258583
     -2.251863        -2.233113        -2.231284        -2.223205        -2.138303
     -2.118512        -2.010733        -1.998112        -1.910688        -1.881812
      2.635990         2.794032         2.862277         3.036425         3.061369
      3.078122         3.132749         3.158978         3.179631         3.193825
      3.320565         3.337537         3.414229         3.436086         3.469867
      3.493203         3.575031         3.609304         3.626700         3.686674
      3.729385         3.750142         3.761096         3.811207         3.820078
      3.842455         3.869217         3.890752         3.919745         3.945708
      3.979678         4.010905         4.017578         4.031173         4.050517
      4.065365         4.090849         4.102902         4.120530         4.154265
      4.163494         4.186977         4.205249         4.228659         4.237681
      4.267774         4.292755         4.320542         4.363703         4.386372
      4.401971         4.410406         4.435154         4.461558         4.489629
      4.522157         4.527309         4.551880
 *********************************
 sum eigen(dbl occ, ryd)=  -1539.05507670105     
 *********************************
 Ef(eV)=   2.06071594213061     
 ***************************************************
 iter=          22
 ---------------------------------------------------
 dvE, dvE(n)-dvE(n-1) = 0.1110E-05 0.8425E-07
 dv_ave, drho_tot     = 0.1054E-02 0.3091E-03
 err of ug            = 0.6350E-04
 ---------------------------------------------------
 Ewald        = -.41876607880374E+05
 Alpha        = 0.15207970391171E+04
 E_extV       = 0.00000000000000E+00    0.0000E+00
 E_NSC        = -.21384949722543E+05    0.1114E+01
 E[-rho*V_Hxc]= -.12249370845139E+06    -.1107E+01
 E_Hxc        = 0.51324048665562E+05    0.1176E+01
 -TS          = -.12215337980855E-09    -.1100E-09
 E_tot(eV)    = -.13291042034963E+06    0.6618E-02
 ---------------------------------------------------
 E_ion,E_coul,E_xc =   -223231.8905388   80114.2142871  -28790.1656215
Ewald+Hart+ion    -0.1849942841321E+06
 ave(vtot)=ave_(V_xc)=: v0= -0.282732326751516     
 Eigen energies are values after setting ave_vtot=0
 ----------------------------------
 One SCF use:    85.9652240276337       s
 *********************************
 ****** kpt=           1
 err of each states, eV
  0.869119E-02     0.148699E-02     0.407255E-03     0.138738E-02     0.621260E-03
  0.400057E-03     0.281675E-02     0.113258E-02     0.692098E-03     0.393252E-03
  0.374151E-03     0.682290E-03     0.501744E-03     0.349293E-03     0.368667E-03
  0.104913E-02     0.234406E-02     0.550296E-03     0.744153E-03     0.632802E-03
  0.554871E-03     0.427518E-03     0.501678E-03     0.617762E-03     0.467992E-03
  0.462230E-03     0.382636E-03     0.620147E-03     0.107824E-02     0.457206E-03
  0.677732E-03     0.782581E-03     0.204090E-02     0.383739E-03     0.971793E-03
  0.366492E-03     0.407712E-03     0.590911E-03     0.428595E-03     0.407950E-03
  0.406316E-03     0.378199E-03     0.687289E-03     0.479473E-03     0.487972E-03
  0.589805E-03     0.652515E-03     0.422745E-03     0.513537E-03     0.536719E-03
  0.206884E-02     0.409024E-03     0.700111E-03     0.460523E-03     0.208114E-02
  0.235880E-02     0.588159E-03     0.479133E-03     0.690630E-03     0.536075E-03
  0.176802E-02     0.164680E-02     0.566578E-03     0.116000E-02     0.512739E-03
  0.508164E-03     0.373924E-03     0.589304E-03     0.480947E-03     0.490527E-03
  0.580521E-03     0.726226E-03     0.590758E-03     0.394211E-03     0.516786E-03
  0.127848E-02     0.894140E-03     0.380903E-03     0.483851E-03     0.335143E-03
  0.360096E-03     0.365087E-03     0.303674E-03     0.154669E-02     0.356681E-03
  0.346668E-03     0.355054E-03     0.444355E-03     0.361194E-02     0.473603E-03
  0.332725E-03     0.342453E-03     0.275936E-03     0.464855E-03     0.349261E-03
  0.458160E-03     0.430283E-03     0.191713E-02     0.446600E-03     0.319113E-03
  0.364958E-03     0.434748E-03     0.386638E-03     0.365677E-03     0.316665E-03
  0.123768E-02     0.320228E-03     0.293142E-03     0.400141E-03     0.534413E-03
  0.354089E-03     0.804175E-03     0.595191E-03     0.376282E-03     0.101565E-02
  0.122090E-02     0.398286E-03     0.381993E-03     0.358247E-03     0.312661E-03
  0.353209E-03     0.539753E-03     0.323319E-03     0.172112E-02     0.245819E-02
  0.308549E-03     0.521828E-03     0.420994E-03     0.340761E-03     0.888472E-03
  0.455829E-03     0.487854E-03     0.423404E-03     0.324065E-03     0.333382E-03
  0.406167E-03     0.668075E-03     0.445239E-03     0.606491E-03     0.720917E-03
  0.364665E-03     0.159192E-02     0.685331E-03     0.964551E-03     0.104960E-02
  0.566499E-03     0.304573E-03     0.154518E-02     0.666198E-03     0.334315E-03
  0.603676E-03     0.104938E-02     0.460477E-03     0.441643E-03     0.384901E-03
  0.554315E-03     0.343067E-03     0.568066E-03     0.408482E-03     0.348929E-03
  0.417367E-03     0.595701E-03     0.279132E-03     0.105093E-02     0.364426E-03
  0.597830E-03     0.303067E-03     0.135357E-02     0.700667E-03     0.869538E-03
  0.532398E-03     0.971554E-03     0.372932E-03     0.443497E-03     0.142391E-02
  0.409958E-03     0.622112E-03     0.761083E-03     0.573450E-03     0.396024E-02
  0.442494E-03     0.339392E-03     0.272084E-03     0.436529E-03     0.516502E-03
  0.407266E-03     0.422499E-03     0.274718E-03     0.466168E-03     0.255075E-03
  0.463910E-03     0.372369E-03     0.664792E-03     0.264083E-03     0.567715E-03
  0.531836E-03     0.415267E-03     0.426394E-03     0.541644E-03     0.332023E-03
  0.459272E-03     0.468072E-03     0.376075E-03     0.362920E-03     0.421975E-03
  0.402120E-03     0.293989E-03     0.974242E-03     0.366501E-03     0.378012E-03
  0.674512E-03     0.719349E-03     0.547640E-03     0.600098E-03     0.448477E-03
  0.434334E-03     0.453883E-03     0.339943E-03     0.395165E-03     0.637451E-03
  0.432748E-03     0.529397E-03     0.456562E-03     0.400142E-03     0.355094E-03
  0.426362E-03     0.573863E-03     0.320361E-03     0.327694E-03     0.451004E-03
  0.490224E-03     0.458686E-03     0.604712E-03     0.340031E-03     0.364768E-03
  0.361280E-03     0.391198E-03     0.577479E-03     0.416999E-03     0.346894E-03
  0.301454E-03     0.359305E-03     0.514671E-03     0.555371E-03     0.554586E-03
  0.428474E-03     0.309901E-03     0.581726E-03     0.424762E-03     0.399291E-03
  0.458484E-03     0.435439E-03     0.377681E-03     0.447010E-03     0.414481E-03
  0.443769E-03     0.544859E-03     0.532750E-03     0.559049E-03     0.371918E-03
  0.655177E-03     0.333398E-03     0.402732E-03     0.439537E-03     0.398146E-03
  0.507027E-03     0.496575E-03     0.577708E-03     0.585931E-03     0.463345E-03
  0.400510E-03     0.374514E-03     0.469732E-03     0.463686E-03     0.451154E-03
  0.625333E-03     0.614385E-03     0.901266E-03     0.474748E-03     0.753335E-03
  0.628269E-03     0.572860E-03     0.526074E-03     0.578714E-03     0.405569E-03
  0.462964E-03     0.550546E-03     0.584383E-03     0.786370E-03     0.782683E-03
  0.452787E-03     0.428083E-03     0.341172E-03     0.986773E-03     0.632009E-03
  0.463043E-03     0.576916E-03     0.455784E-03     0.635571E-03     0.620506E-03
  0.634967E-03     0.374443E-03     0.542047E-03     0.403862E-03     0.388702E-03
  0.705965E-03     0.556434E-03     0.591344E-03     0.822871E-03     0.621892E-03
  0.664167E-03     0.589174E-03     0.852264E-03     0.590223E-03     0.469694E-03
  0.891464E-03     0.586214E-03     0.718376E-03     0.695824E-03     0.579252E-03
  0.545674E-03     0.527052E-03     0.585087E-03     0.640740E-03     0.657169E-03
  0.608160E-03     0.701120E-03     0.684850E-03     0.592226E-03     0.595910E-03
  0.109197E-02     0.684397E-03     0.597965E-03     0.636524E-03     0.757880E-03
  0.831366E-03     0.614414E-03     0.716100E-03     0.761389E-03     0.607194E-03
  0.485025E-03     0.744410E-03     0.662142E-03     0.735756E-03     0.722313E-03
  0.575881E-03     0.683044E-03     0.688996E-03     0.686609E-03     0.619636E-03
  0.709409E-03     0.544546E-03     0.604360E-03     0.655512E-03     0.760323E-03
  0.676514E-03     0.566636E-03     0.780226E-03     0.567759E-03     0.470328E-03
  0.691806E-03     0.638898E-03     0.606212E-03     0.445739E-03     0.590771E-03
  0.641153E-03     0.779490E-03     0.853399E-03     0.850189E-03     0.439142E-03
  0.650374E-03     0.638888E-03     0.586836E-03     0.661634E-03     0.548934E-03
  0.737265E-03     0.454662E-03     0.676902E-03     0.774491E-03     0.551922E-03
  0.647069E-03     0.653884E-03     0.612027E-03     0.822538E-03     0.615319E-03
  0.581582E-03     0.478123E-03     0.630741E-03     0.693659E-03     0.652877E-03
  0.830948E-03     0.892209E-03     0.938032E-03     0.956215E-03     0.495207E-03
  0.767242E-03     0.662025E-03     0.705016E-03     0.558725E-03     0.921228E-03
  0.685737E-03     0.700931E-03     0.667538E-03     0.685679E-03     0.567733E-03
  0.761467E-03     0.639045E-03     0.591321E-03     0.673380E-03     0.737930E-03
  0.670977E-03     0.788074E-03     0.914744E-03     0.690698E-03     0.772704E-03
  0.122448E-02     0.722772E-03     0.701765E-03     0.693755E-03     0.749941E-03
  0.128836E-02     0.769332E-03     0.108434E-02     0.916222E-03     0.963337E-03
  0.110018E-02     0.103138E-02     0.942919E-03     0.674554E-03     0.702748E-03
  0.659503E-03     0.885577E-03     0.868951E-03     0.738873E-03     0.842901E-03
  0.785153E-03     0.967339E-03     0.973535E-03     0.104979E-02     0.117809E-02
  0.839109E-03     0.694106E-03     0.686124E-03     0.830871E-03     0.848281E-03
  0.805600E-03     0.539795E-03     0.778598E-03     0.763328E-03     0.956836E-03
  0.735038E-03     0.628759E-03     0.140843E-02     0.738146E-03     0.742861E-03
  0.670385E-03     0.770827E-03     0.942138E-03     0.596044E-03     0.838087E-03
  0.855254E-03     0.752628E-03     0.581087E-03     0.636823E-03     0.111181E-02
  0.842417E-03     0.550666E-03     0.761607E-03     0.125584E-02     0.863423E-03
  0.801543E-03     0.712745E-03     0.441968E-03     0.700759E-03     0.545073E-03
  0.559018E-03     0.791808E-03     0.787151E-03     0.808347E-03     0.856350E-03
  0.755098E-03     0.891281E-03     0.114290E-02     0.113712E-02     0.578569E-03
  0.589438E-03     0.770697E-03     0.519370E-03     0.684848E-03     0.523984E-03
  0.510305E-03     0.559681E-03     0.615908E-03     0.572377E-03     0.507856E-03
  0.541751E-03     0.588871E-03     0.576904E-03     0.557163E-03     0.630761E-03
  0.619552E-03     0.504762E-03     0.506475E-03     0.498237E-03     0.565058E-03
  0.569258E-03     0.583112E-03     0.544634E-03     0.721244E-03     0.549821E-03
  0.583846E-03     0.743432E-03     0.554029E-03     0.625742E-03     0.572885E-03
  0.594253E-03     0.803746E-03     0.630707E-03     0.894157E-03     0.913862E-03
  0.551906E-03     0.841760E-03     0.588697E-03     0.442156E-03     0.114441E-02
  0.887352E-03     0.653582E-03     0.799776E-03     0.535601E-03     0.656004E-03
  0.399616E-03     0.485588E-03     0.746230E-03     0.844578E-03     0.684561E-03
  0.555220E-03     0.609409E-03     0.654415E-03     0.474148E-03     0.698525E-03
  0.646777E-03     0.430224E-03     0.594163E-03     0.824922E-03     0.691454E-03
  0.591657E-03     0.809926E-03     0.547037E-03     0.618301E-03     0.707317E-03
  0.482239E-03     0.663634E-03     0.457489E-03     0.699123E-03     0.531894E-03
  0.421574E-03     0.587436E-03     0.624787E-03     0.512210E-03     0.571105E-03
  0.576070E-03     0.712023E-03     0.687485E-03     0.556666E-03     0.626572E-03
  0.489777E-03     0.648858E-03     0.548128E-03     0.516207E-03     0.614343E-03
  0.635037E-03     0.592516E-03     0.568106E-03     0.638959E-03     0.624006E-03
  0.786955E-03     0.627738E-03     0.561012E-03     0.790856E-03     0.517755E-03
  0.585622E-03     0.535936E-03     0.538124E-03     0.595481E-03     0.620844E-03
  0.478125E-03     0.668288E-03     0.617241E-03     0.646937E-03     0.522250E-03
  0.761007E-03     0.869688E-03     0.654851E-03     0.586942E-03     0.611387E-03
  0.516436E-03     0.596781E-03     0.676355E-03     0.510096E-03     0.584834E-03
  0.643908E-03     0.637227E-03     0.628977E-03     0.593025E-03     0.602126E-03
  0.608853E-03     0.561595E-03     0.581798E-03     0.610846E-03     0.444842E-03
  0.714725E-03     0.560849E-03     0.547570E-03     0.698547E-03     0.497573E-03
  0.540911E-03     0.620881E-03     0.688171E-03     0.645081E-03     0.710563E-03
  0.621679E-03     0.619979E-03     0.596132E-03     0.529905E-03     0.595786E-03
  0.944877E-03     0.782132E-03     0.631664E-03     0.601646E-03     0.504021E-03
  0.571694E-03     0.556273E-03     0.595210E-03     0.580378E-03     0.589535E-03
  0.590381E-03     0.678947E-03     0.599798E-03     0.640641E-03     0.623687E-03
  0.687760E-03     0.546181E-03     0.606225E-03     0.645710E-03     0.446065E-03
  0.650386E-03     0.699515E-03     0.575759E-03     0.651124E-03     0.498013E-03
  0.649586E-03     0.708171E-03     0.669580E-03     0.772315E-03     0.810169E-03
  0.662754E-03     0.602129E-03     0.600101E-03     0.679677E-03     0.575448E-03
  0.667652E-03     0.699132E-03     0.565456E-03     0.712839E-03     0.637057E-03
  0.711768E-03     0.668300E-03     0.733250E-03     0.705373E-03     0.672755E-03
  0.690257E-03     0.746700E-03     0.731217E-03     0.687751E-03     0.777613E-03
  0.577102E-03     0.842088E-03     0.698045E-03     0.636945E-03     0.560562E-03
  0.860956E-03     0.924962E-03     0.803507E-03     0.789940E-03     0.705257E-03
  0.682061E-03     0.659946E-03     0.803689E-03     0.669366E-03     0.694088E-03
  0.730870E-03     0.830658E-03     0.855842E-03     0.765706E-03     0.684908E-03
  0.745056E-03     0.668254E-03     0.628206E-03     0.751889E-03     0.703768E-03
  0.558909E-03     0.825394E-03     0.774810E-03     0.679058E-03     0.768233E-03
  0.778438E-03     0.755932E-03     0.748052E-03     0.659669E-03     0.848084E-03
  0.823754E-03     0.730731E-03     0.669644E-03     0.745964E-03     0.774072E-03
  0.707990E-03     0.725466E-03     0.767676E-03     0.808517E-03     0.675108E-03
  0.901497E-03     0.747149E-03     0.734834E-03     0.740799E-03     0.759810E-03
  0.818946E-03     0.721801E-03     0.864551E-03     0.788290E-03     0.770242E-03
  0.733378E-03     0.853594E-03     0.803999E-03     0.940776E-03     0.823593E-03
  0.899126E-03     0.936757E-03     0.916679E-03     0.921381E-03     0.907094E-03
  0.932308E-03     0.710843E-03     0.707721E-03     0.857093E-03     0.837387E-03
  0.101408E-02     0.817251E-03     0.978422E-03     0.856692E-03     0.876133E-03
  0.840134E-03     0.783334E-03     0.828936E-03     0.109579E-02     0.842512E-03
  0.686162E-03     0.823765E-03     0.785595E-03     0.986770E-03     0.786170E-03
  0.108578E-02     0.851494E-03     0.799356E-03     0.805410E-03     0.777059E-03
  0.707970E-03     0.870866E-03     0.781541E-03     0.823345E-03     0.994367E-03
  0.829217E-03     0.713944E-03     0.775520E-03     0.673548E-03     0.893015E-03
  0.829874E-03     0.804799E-03     0.845780E-03     0.843932E-03     0.897756E-03
  0.767613E-03     0.770323E-03     0.802605E-03     0.825651E-03     0.841478E-03
  0.896287E-03     0.875036E-03     0.824874E-03     0.916907E-03     0.775367E-03
  0.895622E-03     0.832248E-03     0.809862E-03     0.862874E-03     0.786175E-03
  0.672574E-03     0.779594E-03     0.876024E-03     0.103188E-02     0.757976E-03
  0.879998E-03     0.833130E-03     0.907284E-03     0.105464E-02     0.879716E-03
  0.847377E-03     0.104063E-02     0.779554E-03     0.728025E-03     0.813048E-03
  0.103667E-02     0.827616E-03     0.875376E-03     0.103264E-02     0.863241E-03
  0.767039E-03     0.117292E-02     0.815629E-03     0.105528E-02     0.850954E-03
  0.966819E-03     0.107461E-02     0.110421E-02     0.984961E-03     0.727760E-03
  0.882493E-03     0.883125E-03     0.799503E-03     0.865997E-03     0.899768E-03
  0.100575E-02     0.813685E-03     0.822333E-03     0.107223E-02     0.856762E-03
  0.911408E-03     0.959936E-03     0.118172E-02     0.106566E-02     0.119360E-02
  0.807886E-03     0.680940E-03     0.917449E-03     0.130043E-02     0.102221E-02
  0.681114E-03     0.749062E-03     0.859951E-03     0.837359E-03     0.724576E-03
  0.683250E-03     0.738158E-03     0.624831E-03     0.773801E-03     0.952879E-03
  0.818109E-03     0.853056E-03     0.871650E-03     0.104535E-02     0.781666E-03
  0.840746E-03     0.740624E-03     0.772075E-03     0.830014E-03     0.694917E-03
  0.116922E-02     0.116731E-02     0.786863E-03     0.114287E-02     0.750835E-03
  0.112912E-02     0.895934E-03     0.971085E-03     0.168618E-02     0.129986E-02
  0.986083E-03     0.120095E-02     0.125791E-02     0.111627E-02     0.122499E-02
  0.809357E-03     0.123756E-02     0.155272E-02     0.851856E-03     0.145985E-02
  0.143713E-02     0.856133E-03     0.122291E-02     0.992792E-03     0.111967E-02
  0.172315E-02     0.103162E-02     0.108069E-02     0.137664E-02     0.904606E-03
  0.105280E-02     0.974837E-03     0.100064E-02     0.101085E-02     0.914821E-03
  0.146549E-02     0.116303E-02     0.813864E-03     0.945037E-03     0.106205E-02
  0.100695E-02     0.913808E-03     0.107845E-02     0.110990E-02     0.135787E-02
  0.889048E-03     0.107856E-02     0.142428E-02     0.949199E-03     0.132284E-02
  0.201328E-02     0.124916E-02     0.814403E-03     0.902277E-03     0.145271E-02
  0.159497E-02     0.129388E-02     0.672956E-03     0.825141E-03     0.691209E-03
  0.974680E-03     0.100484E-02     0.825610E-03     0.101291E-02     0.140395E-02
  0.144056E-02     0.671518E-03     0.744255E-03     0.129340E-02     0.186181E-02
  0.154332E-02     0.726161E-03     0.101507E-02     0.107498E-02     0.823689E-03
  0.103135E-02     0.104438E-02     0.782810E-03     0.102917E-02     0.104684E-02
  0.894461E-03     0.100963E-02     0.972948E-03     0.744841E-03     0.106138E-02
  0.619063E-03     0.843993E-03     0.608151E-03     0.929748E-03     0.918811E-03
  0.106819E-02     0.741022E-03     0.128975E-02     0.104955E-02     0.118834E-02
  0.125537E-02     0.111383E-02     0.108038E-02     0.109558E-02     0.468135E-03
  0.108849E-02     0.969945E-03     0.120251E-02     0.735914E-03     0.780403E-03
  0.203988E-02     0.261848E-02     0.489017E-02     0.309798E-02     0.430807E-02
  0.555182E-02     0.396642E-02     0.454827E-02     0.731897E-02     0.575947E-02
  0.103143E-01     0.761726E-02     0.145466E-01     0.180087E-01     0.152031E-01
  0.150495E-01     0.930888E-02     0.224543E-01     0.212857E-01     0.290690E-01
  0.350736E-01     0.312300E-01     0.256524E-01     0.352283E-01     0.517600E-01
  0.403935E-01     0.371092E-01     0.450211E-01     0.328509E-01     0.496920E-01
  0.452628E-01     0.436695E-01     0.692764E-01     0.604786E-01     0.628222E-01
  0.853853E-01     0.483658E-01     0.107462E+00     0.900020E-01     0.119097E+00
  0.135670E+00     0.981611E-01     0.120258E+00     0.110755E+00     0.137894E+00
  0.161872E+00     0.129872E+00     0.104114E+00     0.203460E+00     0.170029E+00
  0.143665E+00     0.172613E+00     0.179711E+00     0.334571E+00     0.313303E+00
  0.307006E+00     0.200417E+00     0.562522E+00
 eigen energies, in ev
    -44.454602       -44.428179       -44.382272       -44.200107       -43.913446
    -28.393870       -28.300772       -28.269072       -28.258651       -28.200852
    -28.099907       -28.091601       -28.070570       -28.048022       -27.867534
    -27.860377       -27.853047       -27.850863       -27.840253       -27.819053
    -27.814339       -27.805912       -27.801589       -27.792126       -27.785822
    -27.770426       -27.741530       -27.741310       -27.704990       -27.702495
    -27.625070       -27.618596       -27.606947       -27.532605       -27.516299
    -27.515657       -27.482953       -27.441252       -27.440204       -27.428708
    -27.413505       -27.413290       -27.381027       -27.359220       -27.279857
    -27.254893       -27.232523       -27.206577       -27.195249       -27.191466
    -27.184411       -27.178279       -27.158413       -27.155936       -27.127685
    -27.093687       -27.092626       -27.032213       -27.026373       -27.018936
    -26.980975       -26.955580       -26.926843       -26.847969       -26.828139
    -26.802011       -26.747579       -26.745363       -26.685770       -26.661780
    -26.648409       -26.627347       -26.561131       -26.508445       -26.491835
    -26.385960       -26.372297       -26.333329       -26.294422       -26.282527
    -26.281872       -26.278939       -26.246912       -26.218198       -26.196842
    -26.188205       -26.104738       -26.097068       -26.089199       -26.084594
    -26.068141       -25.996423       -25.993448       -25.964402       -25.949288
    -25.933489       -25.933089       -25.889002       -25.878376       -25.864583
    -25.841301       -25.797942       -25.795721       -25.788272       -25.761615
    -25.748353       -25.728636       -25.725602       -25.723957       -25.699923
    -25.693518       -25.680304       -25.664535       -25.650782       -25.629964
    -25.614556       -25.598228       -25.593762       -25.588845       -25.573492
    -25.563587       -25.549402       -25.545454       -25.497450       -25.487109
    -25.473912       -25.436189       -25.432293       -25.425846       -25.375783
    -25.373582       -25.309506       -25.261782       -25.169651       -25.158621
    -23.906726       -23.816505       -23.799569       -23.769651       -23.544148
    -23.498687       -23.433951       -23.388863       -23.385464       -23.347872
    -23.332590       -23.285209       -23.175095       -23.172955       -23.164506
    -23.144646       -23.090388       -23.080839       -23.077835       -23.073099
    -23.068445       -23.063581       -23.058247       -23.049362       -22.993926
    -22.949618       -22.878488       -22.872065       -22.833696       -22.830849
    -22.799076       -22.790506       -22.458082       -22.378811       -22.086914
    -22.048323       -21.560812       -21.530979       -21.329149       -21.306153
    -21.299381       -21.298793       -21.207706       -21.197704       -21.121343
    -21.083984       -21.081085       -21.053907       -21.047316       -20.901593
    -20.818768       -20.816373       -20.791093       -20.746344       -20.676354
    -18.438833       -18.420817       -18.203074       -18.145039       -18.053115
    -16.521004       -16.248310       -16.214026       -16.126039       -16.115900
    -16.030339       -16.013204       -16.009598       -15.931972       -15.821745
    -15.819586       -15.753758       -15.694681       -15.654095       -15.534507
    -15.288663       -15.256456       -15.006726       -14.999311       -14.950440
    -14.920342       -14.906543       -14.823486       -14.820359       -14.778581
    -14.737438       -14.728856       -14.662533       -14.636404       -14.615337
    -14.606419       -14.548784       -14.492232       -14.470902       -14.384425
    -14.369021       -14.364010       -14.343464       -14.338436       -14.318431
    -13.903992       -13.767635       -13.726278       -13.701025       -13.677278
    -13.612807       -13.596474       -13.572958       -13.559657       -13.556528
    -13.554128       -13.509777       -13.497793       -13.472925       -13.459864
    -13.457520       -13.422424       -13.416747       -13.401897       -13.367618
    -13.355607       -13.341920       -13.339429       -13.291842       -13.244731
    -13.207318       -13.190856       -13.187234       -12.991394       -12.916082
    -12.198022       -12.169260       -12.135857       -12.125987       -12.117641
    -12.014102       -11.985512       -11.953620       -11.928785       -11.919881
    -11.890676       -11.838305       -11.819775       -11.788921       -11.784379
    -11.676895       -11.637608       -11.605204       -11.575817       -11.531655
    -11.493001       -11.482575       -11.450731       -11.447095       -11.445782
    -11.434351       -11.420777       -11.403712       -11.366988       -11.318089
    -11.279999       -11.277857       -11.267512       -11.204767       -11.183323
    -11.157343       -11.029642       -10.973904       -10.934874       -10.934368
    -10.865561       -10.745256       -10.726583       -10.706419       -10.696506
    -10.677931       -10.598006       -10.574917       -10.552739       -10.549646
    -10.494791       -10.477515       -10.470990       -10.427769       -10.422730
    -10.418236       -10.403445       -10.382992       -10.372073       -10.363826
    -10.353625       -10.348826       -10.321499       -10.313349       -10.298839
    -10.288023       -10.267071       -10.260121       -10.247169       -10.236534
    -10.224264       -10.217837       -10.205025       -10.189442       -10.184893
    -10.182435       -10.123759       -10.117737       -10.108776       -10.067357
    -10.050042       -10.045154       -10.038498        -9.997892        -9.982878
     -9.981707        -9.969824        -9.959414        -9.955673        -9.951397
     -9.938153        -9.926026        -9.906102        -9.904707        -9.896741
     -9.888897        -9.872172        -9.853992        -9.827163        -9.822720
     -9.812572        -9.796941        -9.795516        -9.787423        -9.763887
     -9.744677        -9.725830        -9.714769        -9.699907        -9.691377
     -9.688702        -9.682866        -9.673525        -9.641407        -9.627072
     -9.618549        -9.609985        -9.600047        -9.587078        -9.576718
     -9.574420        -9.558939        -9.543700        -9.527253        -9.516996
     -9.510368        -9.500517        -9.481654        -9.478985        -9.463239
     -9.450108        -9.449191        -9.423440        -9.405946        -9.388801
     -9.359603        -9.334781        -9.298251        -9.290127        -9.283395
     -9.278319        -9.275405        -9.267701        -9.257317        -9.253350
     -9.240259        -9.225044        -9.213937        -9.197650        -9.188555
     -9.163262        -9.125089        -9.110012        -9.106624        -9.096904
     -9.076621        -9.071172        -9.055829        -9.051266        -9.044967
     -9.037416        -9.030893        -9.018850        -9.002468        -8.997113
     -8.988976        -8.956239        -8.947338        -8.906477        -8.897096
     -8.886172        -8.874162        -8.868727        -8.859173        -8.857674
     -8.842115        -8.840407        -8.833322        -8.817275        -8.802682
     -8.785547        -8.776550        -8.759193        -8.743824        -8.710432
     -8.702874        -8.686911        -8.674396        -8.666322        -8.639304
     -8.635925        -8.615211        -8.595228        -8.584815        -8.567323
     -8.563830        -8.516856        -8.511851        -8.487885        -8.464646
     -8.448126        -8.439508        -8.431632        -8.421338        -8.392082
     -8.377726        -8.363538        -8.333816        -8.292640        -8.287104
     -8.283264        -8.267505        -8.262276        -8.242316        -8.205633
     -8.197679        -8.188038        -8.143609        -8.131178        -8.123570
     -8.060497        -7.994416        -7.990800        -7.976494        -7.957815
     -7.938503        -7.931056        -7.894251        -7.884446        -7.872425
     -7.856708        -7.821878        -7.778506        -7.774715        -7.769836
     -7.755828        -7.707413        -7.696354        -7.668129        -7.662958
     -7.625677        -7.616825        -7.595221        -7.587751        -7.573318
     -7.546837        -7.540632        -7.505293        -7.498487        -7.494060
     -7.425881        -7.398577        -7.386826        -7.349884        -7.334346
     -7.305687        -7.250735        -7.241893        -7.233365        -7.206611
     -7.192481        -7.180802        -7.175973        -7.148157        -7.122161
     -7.112196        -7.098433        -7.077508        -7.075175        -7.068735
     -7.063084        -7.053938        -7.043059        -6.988177        -6.983862
     -6.975981        -6.960095        -6.925089        -6.913308        -6.884649
     -6.874460        -6.841894        -6.832640        -6.817389        -6.813217
     -6.793864        -6.787120        -6.759217        -6.737293        -6.710117
     -6.706523        -6.685170        -6.673949        -6.646749        -6.638510
     -6.612143        -6.609186        -6.598493        -6.595200        -6.568911
     -6.558524        -6.537794        -6.535078        -6.521084        -6.514565
     -6.500778        -6.498003        -6.488639        -6.466433        -6.452013
     -6.431297        -6.425893        -6.414381        -6.409247        -6.388187
     -6.383817        -6.380843        -6.357897        -6.352173        -6.343827
     -6.334679        -6.328392        -6.320568        -6.318287        -6.307414
     -6.302980        -6.293538        -6.284471        -6.269008        -6.258406
     -6.254915        -6.251062        -6.247574        -6.228204        -6.223088
     -6.201628        -6.190420        -6.176810        -6.169431        -6.158501
     -6.154539        -6.146130        -6.143995        -6.133964        -6.108604
     -6.093938        -6.087811        -6.069122        -6.062685        -6.061528
     -6.053640        -6.052149        -6.031888        -6.031524        -6.024044
     -6.019784        -6.016348        -6.003288        -5.995271        -5.984308
     -5.979243        -5.978541        -5.953424        -5.949774        -5.938477
     -5.932112        -5.926257        -5.923438        -5.917503        -5.905476
     -5.899180        -5.889704        -5.883875        -5.867716        -5.857027
     -5.847739        -5.840993        -5.834763        -5.831899        -5.818066
     -5.811984        -5.810621        -5.797600        -5.777313        -5.764044
     -5.758780        -5.753425        -5.741352        -5.736518        -5.733031
     -5.726069        -5.719004        -5.707606        -5.703133        -5.695065
     -5.690312        -5.677029        -5.673631        -5.667328        -5.654221
     -5.653298        -5.651215        -5.641549        -5.632505        -5.622287
     -5.618709        -5.608720        -5.604301        -5.599202        -5.588103
     -5.581012        -5.575863        -5.571660        -5.567161        -5.558802
     -5.558076        -5.549382        -5.539305        -5.534175        -5.530118
     -5.528619        -5.514686        -5.509508        -5.505257        -5.501316
     -5.495486        -5.491615        -5.483516        -5.481365        -5.472430
     -5.465604        -5.459559        -5.455547        -5.437448        -5.429885
     -5.423153        -5.419450        -5.417457        -5.412353        -5.406489
     -5.400344        -5.393897        -5.383055        -5.378651        -5.377727
     -5.371501        -5.367788        -5.354215        -5.341185        -5.337416
     -5.333410        -5.329055        -5.320608        -5.305504        -5.299179
     -5.286162        -5.283732        -5.279704        -5.268479        -5.265553
     -5.259049        -5.248700        -5.242303        -5.240989        -5.238669
     -5.231506        -5.219299        -5.218101        -5.213630        -5.204077
     -5.200772        -5.195503        -5.192415        -5.185101        -5.177401
     -5.168859        -5.160584        -5.157207        -5.151174        -5.145437
     -5.135443        -5.121265        -5.109230        -5.106219        -5.104153
     -5.099382        -5.092807        -5.086431        -5.079236        -5.074400
     -5.060538        -5.056362        -5.051824        -5.047580        -5.041304
     -5.038739        -5.031904        -5.025256        -5.018408        -5.014384
     -5.008945        -5.002929        -4.994936        -4.988157        -4.985307
     -4.974555        -4.967896        -4.959261        -4.952067        -4.950272
     -4.938293        -4.930837        -4.924401        -4.919328        -4.910941
     -4.904606        -4.901303        -4.899929        -4.891629        -4.885046
     -4.881021        -4.875609        -4.872888        -4.865754        -4.861525
     -4.857165        -4.851481        -4.846575        -4.844868        -4.840712
     -4.834060        -4.827171        -4.819730        -4.816200        -4.813724
     -4.801249        -4.794432        -4.787196        -4.777471        -4.767428
     -4.764440        -4.754682        -4.747432        -4.730146        -4.722616
     -4.718535        -4.705854        -4.693558        -4.683690        -4.677691
     -4.669831        -4.662827        -4.651007        -4.642125        -4.635050
     -4.629788        -4.627684        -4.621098        -4.608901        -4.590890
     -4.584119        -4.562498        -4.561579        -4.545232        -4.543344
     -4.536150        -4.526591        -4.523411        -4.514540        -4.496160
     -4.483142        -4.479379        -4.464079        -4.461257        -4.441154
     -4.411785        -4.404116        -4.382556        -4.336272        -4.321746
     -4.310234        -4.299861        -4.277514        -4.265946        -4.259912
     -4.243321        -4.210646        -4.178214        -4.158950        -4.142059
     -4.117106        -4.110715        -4.081197        -4.066362        -4.062315
     -4.051383        -4.040034        -3.978328        -3.966117        -3.951475
     -3.940537        -3.910043        -3.892362        -3.886596        -3.873531
     -3.858137        -3.850168        -3.815002        -3.797518        -3.791648
     -3.774539        -3.744619        -3.731060        -3.703981        -3.699272
     -3.674390        -3.655384        -3.645324        -3.623738        -3.610034
     -3.595978        -3.586109        -3.568922        -3.563498        -3.545472
     -3.533866        -3.529648        -3.523122        -3.512306        -3.488949
     -3.469148        -3.462472        -3.453482        -3.445086        -3.435509
     -3.424153        -3.416694        -3.407398        -3.400168        -3.392815
     -3.385637        -3.370388        -3.366727        -3.359602        -3.330381
     -3.307922        -3.306946        -3.297293        -3.294477        -3.294287
     -3.271835        -3.260715        -3.248440        -3.243502        -3.182725
     -3.178339        -3.173165        -3.162492        -3.146719        -3.118044
     -3.102909        -3.099923        -3.076856        -3.054788        -3.042172
     -3.023419        -2.990880        -2.982424        -2.953959        -2.901850
     -2.885533        -2.876302        -2.799469        -2.765209        -2.758319
     -2.740532        -2.711188        -2.709784        -2.686851        -2.643891
     -2.632970        -2.630425        -2.628244        -2.606733        -2.595563
     -2.561120        -2.521052        -2.453090        -2.426920        -2.421639
     -2.382117        -2.374218        -2.317887        -2.274614        -2.259228
     -2.249780        -2.241393        -2.228126        -2.210212        -2.129833
     -2.117940        -1.998017        -1.987022        -1.902574        -1.874640
      2.644347         2.799225         2.856402         3.030566         3.058934
      3.067938         3.141758         3.161928         3.171813         3.196961
      3.322087         3.354736         3.420911         3.436805         3.470953
      3.498416         3.581021         3.616161         3.626884         3.682097
      3.729833         3.749506         3.760690         3.813534         3.819545
      3.842861         3.873497         3.891693         3.921573         3.949913
      3.982639         4.013615         4.021167         4.036573         4.055119
      4.064194         4.096656         4.104319         4.123279         4.156425
      4.160059         4.189369         4.199780         4.229305         4.232044
      4.261724         4.291171         4.322035         4.359118         4.385196
      4.399850         4.407874         4.434077         4.447713         4.473766
      4.506384         4.521951         4.526098
 *********************************
 sum eigen(dbl occ, ryd)=  -1539.00554784672     
 *********************************
 Ef(eV)=   2.11477751238026     
 ***************************************************
 iter=          23
 ---------------------------------------------------
 dvE, dvE(n)-dvE(n-1) = 0.7654E-06 -.3449E-06
 dv_ave, drho_tot     = 0.8749E-03 0.2484E-03
 err of ug            = 0.5405E-04
 ---------------------------------------------------
 Ewald        = -.41876607880374E+05
 Alpha        = 0.15207970391171E+04
 E_extV       = 0.00000000000000E+00    0.0000E+00
 E_NSC        = -.21384225202820E+05    0.7245E+00
 E[-rho*V_Hxc]= -.12249516293557E+06    -.7210E+00
 E_Hxc        = 0.51324782109062E+05    0.7334E+00
 -TS          = -.70256132600897E-09    -.5804E-09
 E_tot(eV)    = -.13291041687059E+06    0.3479E-02
 ---------------------------------------------------
 E_ion,E_coul,E_xc =   -223232.6030397   80114.9296289  -28790.1475198
Ewald+Hart+ion    -0.1849942812912E+06
 ave(vtot)=ave_(V_xc)=: v0= -0.282737826894514     
 Eigen energies are values after setting ave_vtot=0
 ----------------------------------
--E_kin+E_nonloc(from Etotcalc)--  0.7935321490E+05
 TEST fatom (local and nlocal)         460
 0.511670E+02 -0.276217E+02 -0.200297E+00   -0.513598E+02  0.278035E+02  0.496882E+00
 0.113609E+02  0.492473E+02 -0.343745E+02   -0.115711E+02 -0.488397E+02  0.345722E+02
 0.345083E+01 -0.594623E+02  0.323354E+01   -0.354108E+01  0.601670E+02 -0.307378E+01
 0.250517E+02  0.148453E+02 -0.535606E+02   -0.250653E+02 -0.147487E+02  0.533238E+02
 0.688974E+01 -0.549701E+02  0.291215E+02   -0.689397E+01  0.557156E+02 -0.287770E+02
 0.270118E+02  0.429923E+02  0.292606E+02   -0.268332E+02 -0.442427E+02 -0.301603E+02
-0.116320E+02  0.587275E+02 -0.126054E+02    0.120971E+02 -0.590671E+02  0.123910E+02
-0.250761E+02 -0.311525E+02 -0.426308E+02    0.251069E+02  0.318144E+02  0.434267E+02
 0.707448E+01  0.350440E+02  0.516335E+02   -0.673278E+01 -0.344414E+02 -0.516699E+02
 0.548695E+02 -0.284421E+02 -0.786354E+01   -0.556530E+02  0.285145E+02  0.791840E+01
-0.436573E+00 -0.370245E+02  0.466685E+02    0.794137E-01  0.372234E+02 -0.472019E+02
-0.311300E+01 -0.341979E+02 -0.492491E+02    0.356452E+01  0.347665E+02  0.500403E+02
 0.491191E+02  0.364678E+02 -0.132049E+02   -0.493660E+02 -0.359292E+02  0.134699E+02
-0.341597E+00 -0.365520E+02 -0.481001E+02   -0.134685E+00  0.361782E+02  0.479064E+02
-0.122500E+02  0.215563E+02 -0.595349E+02    0.122023E+02 -0.214925E+02  0.594587E+02
-0.523373E+02 -0.264580E+02  0.214256E+02    0.523181E+02  0.262618E+02 -0.215727E+02
 0.192319E+02  0.208913E+02 -0.523001E+02   -0.185309E+02 -0.207857E+02  0.524360E+02
 0.229890E+02  0.352369E+02  0.500614E+02   -0.227649E+02 -0.344447E+02 -0.497293E+02
-0.134232E+02  0.520946E+02 -0.259796E+02    0.139928E+02 -0.517722E+02  0.267000E+02
-0.301696E+02 -0.383830E+01  0.550675E+02    0.298785E+02  0.393515E+01 -0.552021E+02
 0.614296E+02 -0.237612E+01  0.101167E+02   -0.613443E+02  0.245248E+01 -0.970634E+01
-0.303172E+02 -0.218465E+02  0.489761E+02    0.307882E+02  0.215190E+02 -0.491457E+02
-0.485599E+01 -0.572196E+02  0.210853E+02    0.475549E+01  0.577204E+02 -0.213244E+02
-0.565624E+02  0.177217E+02 -0.175167E+02    0.575127E+02 -0.179198E+02  0.178165E+02
 0.156937E+01  0.585212E+02  0.257040E+01   -0.227664E+01 -0.582046E+02 -0.267858E+01
-0.125553E+02 -0.154766E+02 -0.641469E+02    0.121829E+02  0.150296E+02  0.634931E+02
 0.196703E+01 -0.518810E+02 -0.172317E+02   -0.148408E+01  0.531952E+02  0.179372E+02
 0.129802E+02  0.261605E+01  0.587569E+02   -0.134579E+02 -0.296108E+01 -0.590012E+02
 0.682373E+01  0.256757E+02  0.583614E+02   -0.709675E+01 -0.256598E+02 -0.586699E+02
-0.518751E+02  0.480354E+01 -0.186883E+02    0.538076E+02 -0.450368E+01  0.195061E+02
 0.508824E+02 -0.319660E+01  0.314956E+02   -0.516485E+02  0.316113E+01 -0.314673E+02
 0.146805E+02 -0.240244E+02 -0.542094E+02   -0.149643E+02  0.242999E+02  0.543299E+02
-0.400027E+02 -0.102235E+02  0.477662E+02    0.394223E+02  0.113199E+02 -0.469739E+02
-0.356541E+02 -0.316618E+01 -0.452821E+02    0.366127E+02  0.323693E+01  0.459640E+02
-0.596543E+02 -0.920841E+01  0.687115E+00    0.599516E+02  0.865373E+01 -0.804569E+00
 0.334757E+01  0.541146E+02 -0.261674E+02   -0.309850E+01 -0.537928E+02  0.260006E+02
-0.366869E+02 -0.483482E+02 -0.315861E+01    0.369482E+02  0.487727E+02  0.294927E+01
 0.371204E+02 -0.162645E+01 -0.466613E+02   -0.375700E+02  0.127260E+01  0.473078E+02
 0.588347E+02  0.148632E+02 -0.315823E+01   -0.589960E+02 -0.154303E+02  0.354899E+01
-0.225713E+02  0.465192E+02  0.333960E+02    0.222440E+02 -0.469877E+02 -0.341550E+02
 0.245806E+02 -0.215976E+02 -0.505853E+02   -0.245205E+02  0.219143E+02  0.510399E+02
-0.186148E+02 -0.504329E+02  0.321841E+02    0.182943E+02  0.501625E+02 -0.321260E+02
 0.533565E+02 -0.197813E+02  0.349359E+01   -0.545542E+02  0.193662E+02 -0.386961E+01
-0.104058E+02  0.758756E+01  0.608841E+02    0.993567E+01 -0.763884E+01 -0.612912E+02
-0.400328E+02 -0.233532E+02 -0.465029E+02    0.398773E+02  0.224123E+02  0.457571E+02
-0.333529E+02  0.675605E+01  0.482361E+02    0.335935E+02 -0.697869E+01 -0.484648E+02
 0.307723E+02  0.402064E+02  0.309963E+02   -0.315126E+02 -0.409184E+02 -0.307237E+02
 0.392443E+02 -0.747134E+01 -0.505855E+02   -0.389429E+02  0.734532E+01  0.493252E+02
-0.642177E+01 -0.206643E+02  0.538078E+02    0.619602E+01  0.214338E+02 -0.540243E+02
-0.324120E+02 -0.409741E+02 -0.295707E+02    0.327329E+02  0.415990E+02  0.296144E+02
-0.591048E+02 -0.992259E+00  0.223364E+02    0.576266E+02  0.243565E+00 -0.231944E+02
 0.392253E+01  0.414907E+02 -0.444419E+02   -0.431251E+01 -0.421076E+02  0.434083E+02
 0.186080E+02 -0.591695E+02  0.155033E+02   -0.187271E+02  0.591721E+02 -0.157054E+02
 0.682183E+01  0.712968E+01 -0.587935E+02   -0.652494E+01 -0.725752E+01  0.592040E+02
-0.227522E+02  0.558297E+02  0.106438E+02    0.229725E+02 -0.559628E+02 -0.107522E+02
-0.152717E+02 -0.340458E+02  0.520726E+02    0.157556E+02  0.340947E+02 -0.512221E+02
-0.272222E+02  0.379125E+02  0.418112E+02    0.276062E+02 -0.387653E+02 -0.418677E+02
 0.367715E+02  0.368274E+02 -0.289154E+02   -0.363948E+02 -0.373597E+02  0.294543E+02
 0.583755E+02  0.484991E+01  0.190688E+02   -0.588765E+02 -0.462590E+01 -0.192641E+02
-0.143729E+01 -0.416055E+02 -0.391478E+02    0.187870E+01  0.422443E+02  0.391902E+02
-0.423961E+02  0.428350E+02 -0.237637E+02    0.427175E+02 -0.425192E+02  0.238707E+02
 0.234425E+02 -0.206227E+02 -0.452976E+02   -0.239004E+02  0.212304E+02  0.466305E+02
-0.499012E+02 -0.194717E+02 -0.230134E+02    0.508511E+02  0.203318E+02  0.237056E+02
 0.261381E+02 -0.522627E+02  0.145144E+02   -0.263902E+02  0.531910E+02 -0.144311E+02
-0.118552E+02  0.133309E+02  0.563262E+02    0.119101E+02 -0.130213E+02 -0.567706E+02
 0.227592E+02  0.485703E+02 -0.332013E+02   -0.228452E+02 -0.486301E+02  0.339317E+02
 0.476652E+02  0.162016E+02  0.262951E+02   -0.489686E+02 -0.166877E+02 -0.266473E+02
 0.222847E+02 -0.165934E+02 -0.540680E+02   -0.223500E+02  0.171131E+02  0.538654E+02
-0.380705E+02  0.471610E+02 -0.989235E-01    0.385115E+02 -0.475002E+02  0.322264E+00
 0.106396E+02 -0.978671E+01 -0.542604E+02   -0.107511E+02  0.999971E+01  0.555245E+02
 0.383677E+02 -0.446146E+02 -0.116606E+02   -0.391662E+02  0.451718E+02  0.112149E+02
 0.537419E+01  0.233555E+01  0.607813E+02   -0.609064E+01 -0.237753E+01 -0.607775E+02
 0.275816E+02 -0.191852E+02 -0.531134E+02   -0.279493E+02  0.190986E+02  0.522906E+02
-0.303862E+01  0.565342E+02 -0.365252E+01    0.312131E+01 -0.576386E+02  0.353235E+01
-0.240363E+02  0.387985E+02  0.361108E+02    0.242235E+02 -0.392594E+02 -0.360319E+02
-0.991247E+01 -0.563176E+02  0.225739E+02    0.954712E+01  0.559763E+02 -0.218500E+02
 0.486174E+02  0.419396E+02 -0.854763E+01   -0.481510E+02 -0.417142E+02  0.882391E+01
-0.244760E+02  0.848551E+01  0.543505E+02    0.248849E+02 -0.843243E+01 -0.540304E+02
-0.571536E+02 -0.906464E+01  0.873437E+01    0.583752E+02  0.971393E+01 -0.890209E+01
 0.118299E+02  0.545133E+02 -0.365575E+02   -0.122712E+02 -0.538821E+02  0.364826E+02
-0.537923E+02  0.128362E+02 -0.110416E+01    0.538057E+02 -0.136671E+02  0.646589E+00
 0.184816E+02  0.579125E+02  0.598729E+01   -0.176128E+02 -0.580568E+02 -0.552876E+01
-0.237428E+02  0.248335E+02  0.527930E+02    0.245762E+02 -0.242640E+02 -0.522385E+02
 0.625373E+02 -0.395907E+01 -0.341509E+01   -0.625052E+02  0.448474E+01  0.404293E+01
-0.149940E+02  0.450869E+02 -0.430318E+02    0.142499E+02 -0.452900E+02  0.430220E+02
 0.572189E+02  0.415780E+01 -0.983769E+00   -0.579028E+02 -0.488920E+01  0.124387E+01
 0.291360E+02 -0.301377E+02  0.462501E+02   -0.293914E+02  0.303083E+02 -0.467383E+02
-0.563230E+02 -0.181208E+01  0.109113E+02    0.574145E+02  0.199601E+01 -0.109489E+02
-0.501209E+01 -0.561347E+02  0.227047E+02    0.495010E+01  0.559734E+02 -0.231434E+02
 0.336496E+02  0.278851E+02  0.447083E+02   -0.337707E+02 -0.272148E+02 -0.434867E+02
 0.974784E+01  0.542827E+02  0.196093E+02   -0.957680E+01 -0.540163E+02 -0.194819E+02
-0.870410E+01  0.776032E+01 -0.623954E+02    0.796712E+01 -0.797437E+01  0.614959E+02
-0.242261E+02  0.154930E+02  0.569163E+02    0.245187E+02 -0.158599E+02 -0.570655E+02
-0.878051E+00  0.513826E+02 -0.347293E+02    0.100685E+01 -0.512736E+02  0.347349E+02
 0.450722E+02  0.194778E+02 -0.413213E+02   -0.456379E+02 -0.198751E+02  0.410707E+02
 0.239201E+02  0.165736E+02  0.505828E+02   -0.244812E+02 -0.176186E+02 -0.512065E+02
-0.500314E+02 -0.268633E+02 -0.730537E+01    0.502852E+02  0.272841E+02  0.726884E+01
 0.379606E+02 -0.244787E+02 -0.456343E+02   -0.377835E+02  0.246996E+02  0.450770E+02
 0.531713E+02  0.150171E+02 -0.386060E+01   -0.537177E+02 -0.153339E+02  0.457634E+01
-0.237524E+02  0.345206E+02  0.458639E+02    0.239730E+02 -0.346663E+02 -0.457359E+02
 0.156247E+02 -0.632028E+02 -0.648039E+01   -0.159791E+02  0.634549E+02  0.658927E+01
 0.473842E+02  0.229137E+02  0.126614E+02   -0.490164E+02 -0.236751E+02 -0.131840E+02
-0.446888E+02 -0.337297E+02 -0.160735E+02    0.456179E+02  0.346220E+02  0.161679E+02
-0.178074E+02  0.600855E+02 -0.148775E+01    0.175958E+02 -0.603635E+02  0.187141E+01
 0.595725E+01  0.502354E+02  0.296891E+02   -0.567575E+01 -0.501190E+02 -0.296944E+02
-0.574091E+02 -0.167693E+02  0.232302E+02    0.579490E+02  0.162015E+02 -0.240027E+02
 0.402031E+02  0.351646E+02 -0.262174E+02   -0.401331E+02 -0.353762E+02  0.263707E+02
-0.511818E+02  0.342348E+02  0.198204E+01    0.506316E+02 -0.340542E+02 -0.249450E+01
 0.515591E+02  0.285798E+02  0.431249E+01   -0.527936E+02 -0.288220E+02 -0.376586E+01
-0.129462E+02 -0.333492E+02  0.487655E+02    0.135926E+02  0.343992E+02 -0.493590E+02
-0.644144E+02 -0.654956E+01 -0.133776E+02    0.643656E+02  0.637125E+01  0.138048E+02
 0.223741E+02  0.643177E+01 -0.550181E+02   -0.221963E+02 -0.611963E+01  0.561051E+02
 0.256623E+02 -0.134932E+02  0.549221E+02   -0.256472E+02  0.142128E+02 -0.551944E+02
-0.370108E+02 -0.462244E+02 -0.965155E+01    0.365805E+02  0.454650E+02  0.940249E+01
 0.343101E+02  0.418292E+02 -0.247063E+02   -0.344267E+02 -0.416621E+02  0.244760E+02
-0.121628E+02  0.253410E+02  0.489668E+02    0.118839E+02 -0.263851E+02 -0.500223E+02
 0.463700E+02  0.359261E+02  0.176575E+02   -0.464171E+02 -0.360054E+02 -0.179605E+02
 0.226962E+02 -0.552700E+02 -0.432918E+01   -0.233961E+02  0.564437E+02  0.416055E+01
-0.344591E+02  0.517112E+02 -0.439509E+01    0.350716E+02 -0.525212E+02  0.400496E+01
 0.158756E+02 -0.208937E+02 -0.539301E+02   -0.159566E+02  0.218502E+02  0.549753E+02
 0.224018E+02 -0.417884E+02  0.223341E+02   -0.229965E+02  0.423372E+02 -0.226404E+02
 0.167531E+02 -0.273064E+01  0.447007E+02   -0.169371E+02  0.252893E+01 -0.452809E+02
-0.667506E+01  0.436184E+02  0.143173E+02    0.604472E+01 -0.443184E+02 -0.145575E+02
 0.979871E+01 -0.444907E+02 -0.288557E+02   -0.935958E+01  0.445985E+02  0.288413E+02
-0.201585E+02 -0.470508E+02 -0.106633E+02    0.199464E+02  0.471751E+02  0.107415E+02
 0.757574E+01  0.405213E+02  0.267710E+02   -0.833456E+01 -0.407574E+02 -0.269266E+02
 0.480499E+02 -0.802660E+01  0.297697E+02   -0.476256E+02  0.788949E+01 -0.287574E+02
 0.486250E+02 -0.155385E+02  0.473349E+01   -0.485066E+02  0.155162E+02 -0.443746E+01
-0.140250E+02 -0.727810E+01  0.521959E+02    0.139528E+02  0.734654E+01 -0.516975E+02
 0.448664E+01  0.141898E+02 -0.529629E+02   -0.474436E+01 -0.141187E+02  0.531182E+02
-0.203133E+02  0.507310E+02  0.262566E+02    0.206120E+02 -0.511395E+02 -0.257114E+02
-0.342121E+01  0.551071E+02  0.162585E+02    0.349309E+01 -0.550224E+02 -0.168016E+02
 0.335050E+02 -0.393359E+02 -0.257049E+02   -0.339811E+02  0.401339E+02  0.259656E+02
-0.152588E+02  0.458747E+02 -0.407877E+02    0.157728E+02 -0.463794E+02  0.415661E+02
 0.555346E+02 -0.230034E+02  0.167076E+02   -0.563242E+02  0.222031E+02 -0.179829E+02
-0.178259E+02  0.767075E+01 -0.594870E+02    0.191223E+02 -0.627814E+01  0.605279E+02
 0.504153E+02 -0.183945E+02  0.322774E+02   -0.504789E+02  0.175374E+02 -0.335519E+02
-0.587505E+02  0.166743E+02  0.101930E+02    0.588565E+02 -0.157712E+02 -0.101982E+02
-0.530488E+02 -0.460923E+00  0.323330E+02    0.529550E+02  0.740406E+00 -0.328005E+02
 0.298479E+02  0.178653E+02 -0.524105E+02   -0.291209E+02 -0.177996E+02  0.530656E+02
-0.200453E+02 -0.285593E+02 -0.517829E+02    0.196449E+02  0.287573E+02  0.514339E+02
 0.138856E+01 -0.520623E+02  0.363951E+02   -0.162938E+01  0.522763E+02 -0.364937E+02
-0.324698E+02 -0.426403E+02 -0.347747E+02    0.334847E+02  0.433938E+02  0.355945E+02
-0.412904E+01 -0.544142E+02  0.238329E+02    0.507442E+01  0.545039E+02 -0.238563E+02
-0.203408E+01 -0.448886E+02 -0.416667E+02    0.197217E+01  0.437560E+02  0.419482E+02
 0.509698E+02 -0.113564E+02  0.216265E+02   -0.517414E+02  0.114678E+02 -0.224245E+02
-0.475818E+02  0.222695E+02 -0.261187E+02    0.467563E+02 -0.224394E+02  0.268762E+02
 0.196990E+01  0.454165E+02  0.329927E+02    0.136706E+00 -0.441175E+02 -0.325211E+02
-0.523853E+01 -0.452555E+02 -0.301994E+02    0.510992E+01  0.448580E+02  0.302493E+02
 0.262808E+02 -0.300441E+02  0.415659E+02   -0.253319E+02  0.309854E+02 -0.408714E+02
-0.218966E+02  0.329948E+02 -0.416040E+02    0.213714E+02 -0.331776E+02  0.415345E+02
-0.377754E+02  0.297874E+02  0.309612E+02    0.385578E+02 -0.300421E+02 -0.316674E+02
 0.328033E+02 -0.358387E+02 -0.277191E+02   -0.325613E+02  0.365339E+02  0.280656E+02
 0.239771E+02 -0.491310E+02 -0.179367E+02   -0.229578E+02  0.488695E+02  0.177561E+02
-0.272937E+02  0.486066E+02  0.212529E+02    0.266717E+02 -0.473918E+02 -0.211839E+02
-0.504232E+02  0.265331E+02 -0.498539E+01    0.522034E+02 -0.256725E+02  0.517885E+01
 0.494373E+02 -0.280420E+02  0.427955E+01   -0.477261E+02  0.283730E+02 -0.403552E+01
 0.503742E+01  0.373324E+02 -0.423428E+02   -0.756835E+01 -0.372783E+02  0.429137E+02
-0.551555E+01 -0.312349E+02  0.469885E+02    0.572617E+01  0.315895E+02 -0.473690E+02
 0.355773E+02  0.316132E+02 -0.287087E+02   -0.357808E+02 -0.333869E+02  0.291601E+02
-0.383848E+02 -0.383106E+02  0.288067E+02    0.376819E+02  0.384012E+02 -0.284223E+02
-0.502980E+02  0.294467E+02 -0.336442E+01    0.499331E+02 -0.305584E+02  0.334649E+01
 0.407593E+02 -0.378740E+02  0.124697E+02   -0.382692E+02  0.376266E+02 -0.125011E+02
 0.408909E+02 -0.219038E+02  0.326227E+02   -0.411974E+02  0.222179E+02 -0.344412E+02
-0.407948E+02  0.179509E+02 -0.392839E+02    0.399727E+02 -0.167499E+02  0.391149E+02
 0.445859E+02  0.192496E+02 -0.386904E+02   -0.456193E+02 -0.198559E+02  0.392307E+02
-0.468826E+02 -0.185293E+02 -0.256047E+02    0.475105E+02  0.190590E+02  0.264737E+02
-0.480560E+02 -0.331537E+02 -0.436529E+01    0.477010E+02  0.329587E+02  0.434184E+01
-0.520452E+01  0.629768E+02 -0.392918E+01    0.509898E+01 -0.629103E+02  0.358234E+01
-0.546291E+02 -0.256439E+02 -0.219522E+02    0.549072E+02  0.260903E+02  0.223409E+02
 0.503481E+02  0.117182E+02 -0.362403E+02   -0.505404E+02 -0.121139E+02  0.356686E+02
 0.972213E+00 -0.174716E+02  0.538331E+02   -0.147451E+01  0.177952E+02 -0.549203E+02
 0.447791E+02  0.357697E+02 -0.160286E+02   -0.458812E+02 -0.362655E+02  0.161684E+02
 0.260555E+02  0.153710E+02 -0.551351E+02   -0.258953E+02 -0.156019E+02  0.563169E+02
-0.487424E+02  0.373076E+02  0.186871E+02    0.485408E+02 -0.372222E+02 -0.182148E+02
 0.453727E+02 -0.290447E+02  0.130842E+02   -0.463554E+02  0.294096E+02 -0.143234E+02
-0.547492E+02 -0.283103E+02  0.116393E+02    0.552162E+02  0.290894E+02 -0.115800E+02
-0.274698E+02 -0.529735E+02  0.991647E+00    0.277391E+02  0.528958E+02 -0.360079E+00
-0.236465E+02  0.479328E+02  0.204805E+02    0.238519E+02 -0.480622E+02 -0.205571E+02
 0.212253E+01  0.306419E+02 -0.548119E+02   -0.235693E+01 -0.305361E+02  0.548046E+02
-0.319248E+02 -0.552121E+02  0.410608E+01    0.314460E+02  0.552694E+02 -0.361004E+01
 0.104694E+02  0.598576E+02 -0.336298E+01   -0.102859E+02 -0.595781E+02  0.340368E+01
 0.454994E+02 -0.391200E+02 -0.697247E+01   -0.452401E+02  0.389778E+02  0.693553E+01
-0.610115E+02 -0.877986E+01  0.109388E+02    0.609358E+02  0.928342E+01 -0.107346E+02
 0.324055E+02 -0.517553E+02  0.575253E+01   -0.323522E+02  0.524054E+02 -0.576436E+01
-0.168361E+02 -0.541522E+01  0.665099E+01    0.182364E+02  0.748148E+01 -0.510853E+01
 0.110435E+02 -0.944929E+01  0.183755E+01   -0.121200E+02  0.874384E+01 -0.322032E+01
-0.136817E+02  0.734860E+01  0.414983E+01    0.142631E+02 -0.716154E+01 -0.351996E+01
-0.146426E+02  0.401565E+01 -0.139383E+02    0.151653E+02 -0.403397E+01  0.129541E+02
 0.527445E+01 -0.833105E+01  0.183935E+02   -0.567703E+01  0.787809E+01 -0.196224E+02
-0.150943E+02 -0.210500E+00 -0.105721E+02    0.141219E+02  0.304162E-01  0.111248E+02
 0.116487E+02 -0.100631E+02 -0.150647E+01   -0.123617E+02  0.101275E+02  0.432848E+00
-0.994282E+01  0.126957E+02  0.261127E+00    0.111230E+02 -0.129425E+02 -0.256909E-01
-0.136138E+02  0.263749E+01  0.146567E+02    0.149591E+02 -0.289282E+01 -0.145809E+02
 0.148998E+02  0.602085E+01  0.119715E+02   -0.146353E+02 -0.649622E+01 -0.116271E+02
-0.115984E+02 -0.158173E+02  0.492064E+00    0.100289E+02  0.160199E+02 -0.192142E+01
 0.200040E+01  0.100264E+02  0.108144E+02   -0.260904E+01 -0.113297E+02 -0.113022E+02
-0.993299E+00 -0.124588E+02 -0.989999E+01    0.149701E+01  0.121419E+02  0.939516E+01
-0.821196E+01  0.415473E+01 -0.180847E+02    0.825518E+01 -0.434526E+01  0.185405E+02
 0.175902E+02  0.813383E+01 -0.412388E+01   -0.173084E+02 -0.844072E+01  0.589326E+01
 0.488449E+01 -0.962270E+01  0.141546E+02   -0.317230E+01  0.110664E+02 -0.135643E+02
-0.697935E+01 -0.894812E+01  0.931131E+01    0.667871E+01  0.891832E+01 -0.965413E+01
 0.702666E+01  0.100662E+02 -0.978427E+01   -0.696388E+01 -0.107386E+02  0.909562E+01
 0.112162E+02 -0.128181E+02 -0.979019E+01   -0.130166E+02  0.126183E+02  0.893176E+01
-0.157217E+02  0.119157E+02  0.337209E+01    0.158775E+02 -0.128440E+02 -0.398624E+01
 0.182977E+02  0.154211E+01 -0.322976E+00   -0.194003E+02 -0.304944E+01 -0.250521E+00
-0.357676E+01 -0.618961E+00 -0.140176E+02    0.330853E+01  0.131616E+01  0.155645E+02
 0.776759E+01 -0.223949E+01  0.135847E+02   -0.829841E+01  0.292425E+01 -0.124603E+02
 0.177592E+01  0.126663E+02  0.147949E+02   -0.132243E+01 -0.134475E+02 -0.167164E+02
-0.819173E+01 -0.173663E+02 -0.395603E+01    0.885069E+01  0.184850E+02  0.332674E+01
-0.695219E+00  0.170043E+02  0.525855E+01    0.469768E+00 -0.176556E+02 -0.562229E+01
-0.272126E+01 -0.979595E+01  0.105766E+02    0.193616E+01  0.945111E+01 -0.118983E+02
-0.879928E+00  0.127126E+02 -0.939603E+01    0.223060E+01 -0.117888E+02  0.997754E+01
 0.181771E+02  0.929231E+01 -0.992373E+00   -0.174588E+02 -0.855513E+01  0.297636E+01
-0.189196E+02 -0.650725E+01  0.181546E+01    0.192673E+02  0.644228E+01 -0.158005E+01
 0.104703E+02  0.131552E+02 -0.631830E+01   -0.112683E+02 -0.151014E+02  0.708935E+01
-0.736215E+01 -0.697221E+01 -0.104591E+02    0.704945E+01  0.730955E+01  0.108875E+02
 0.113146E+02  0.434632E+01  0.131043E+02   -0.104336E+02 -0.241271E+01 -0.118465E+02
-0.302521E+01  0.148606E+02  0.127773E+02    0.341569E+01 -0.147589E+02 -0.137175E+02
 0.115557E+02 -0.634540E+01 -0.163467E+02   -0.118112E+02  0.655853E+01  0.166512E+02
-0.411426E+01 -0.171482E+02 -0.427306E+01    0.345954E+01  0.173361E+02  0.326138E+01
 0.128731E+02  0.499844E+01 -0.678440E+01   -0.124619E+02 -0.436853E+01  0.715117E+01
-0.110030E+02 -0.322097E+01  0.109729E+02    0.113580E+02  0.222217E+01 -0.117028E+02
 0.391711E+00 -0.705544E+01  0.187706E+02   -0.111123E+01  0.646780E+01 -0.198096E+02
 0.369063E+01  0.170523E+02  0.628917E+01   -0.483272E+01 -0.192362E+02 -0.682755E+01
-0.246951E+01 -0.173865E+02 -0.705010E+01    0.113994E+01  0.168925E+02  0.668618E+01
 0.680547E+01  0.906599E+01 -0.945072E+01   -0.699881E+01 -0.893336E+01  0.101012E+02
-0.908609E+01 -0.111887E+02  0.687936E+01    0.959638E+01  0.102245E+02 -0.734890E+01
 0.409358E+01 -0.132106E+02  0.150724E+02   -0.335751E+01  0.133977E+02 -0.163403E+02
-0.131940E+02  0.861644E+01 -0.106660E+02    0.155365E+02 -0.784583E+01  0.121735E+02
-0.537920E+01 -0.923028E+01  0.153997E+02    0.685104E+01  0.109488E+02 -0.149864E+02
 0.534699E+01 -0.418441E+01  0.126324E+02   -0.572604E+01  0.439860E+01 -0.134611E+02
-0.298915E+01  0.252705E+01 -0.157055E+02    0.215748E+01 -0.232050E+01  0.152044E+02
-0.479236E+01 -0.163079E+02 -0.128409E+02    0.305074E+01  0.168826E+02  0.122856E+02
 0.143670E+02 -0.145828E+02  0.299521E+01   -0.141591E+02  0.137151E+02 -0.249965E+01
 0.791728E+01 -0.163633E+02 -0.249452E+01   -0.968478E+01  0.173985E+02  0.102500E+01
 0.483257E+00  0.129389E+02  0.623870E+01    0.730355E+00 -0.132178E+02 -0.603371E+01
-0.802938E+01 -0.137866E+02 -0.483974E+01    0.679796E+01  0.131698E+02  0.389440E+01
-0.109739E+02 -0.149255E+02  0.709734E+01    0.122096E+02  0.157654E+02 -0.595322E+01
 0.761170E+01  0.506501E+01 -0.180298E+02   -0.847864E+01 -0.556876E+01  0.184053E+02
-0.487949E+01  0.770709E+01 -0.154672E+02    0.523402E+01 -0.768777E+01  0.169900E+02
-0.106631E+02  0.765316E+01 -0.550156E+01    0.104268E+02 -0.920418E+01  0.463650E+01
 0.113565E+02 -0.111004E+02  0.525806E+01   -0.977600E+01  0.113591E+02 -0.472694E+01
 0.248975E+01 -0.182071E+02 -0.770865E+01   -0.176003E+01  0.184734E+02  0.744058E+01
-0.153842E+02 -0.115108E+02 -0.185305E+01    0.149831E+02  0.130428E+02  0.323891E+01
 0.447954E+01  0.116251E+02  0.129061E+02   -0.490002E+01 -0.122122E+02 -0.132721E+02
 0.695681E+01  0.858585E+00  0.130007E+02   -0.708085E+01 -0.207780E+01 -0.136106E+02
-0.806480E+01 -0.107595E+01 -0.141912E+02    0.820152E+01  0.120110E+01  0.134976E+02
-0.167391E+02  0.998822E+01  0.201777E+01    0.185272E+02 -0.842301E+01 -0.204688E+01
 0.193214E+02 -0.724482E+01  0.409744E+00   -0.202714E+02  0.635537E+01 -0.433412E+00
 0.104982E+02 -0.631305E+01 -0.118649E+02   -0.105188E+02  0.760960E+01  0.128463E+02
 0.277025E+01  0.128891E+02  0.520036E+01   -0.359873E+01 -0.147259E+02 -0.541142E+01
-0.811791E+00 -0.148187E+02 -0.495700E+01    0.108937E+01  0.146166E+02  0.490765E+01
-0.972756E+01 -0.345263E+01 -0.175485E+02    0.942930E+01  0.293281E+01  0.175852E+02
 0.897078E+01 -0.545969E+01  0.155761E+02   -0.910012E+01  0.658962E+01 -0.159437E+02
 0.213721E+01  0.141078E+02 -0.124865E+02   -0.171281E+01 -0.158507E+02  0.112936E+02
 0.557101E+01  0.193752E+01  0.142063E+02   -0.560160E+01 -0.991342E+00 -0.136716E+02
-0.113615E+02 -0.590009E+01 -0.980214E+01    0.117556E+02  0.705515E+01  0.953313E+01
-0.178178E+02  0.673926E+01 -0.497030E+01    0.183429E+02 -0.682237E+01  0.722979E+01
-0.311498E+00 -0.112760E+02  0.162498E+02    0.493993E+00  0.116878E+02 -0.160970E+02
 0.166456E+01 -0.741594E+00  0.233525E+01   -0.170755E+01  0.116561E+01 -0.240507E+01
-0.115101E+02 -0.499767E+00  0.837024E+01    0.117436E+02  0.867346E+00 -0.877544E+01
 0.530760E+01 -0.890943E+00 -0.989389E+01   -0.414957E+01  0.615708E+00  0.101025E+02
 0.230889E+01 -0.102634E+01 -0.297635E+01   -0.289403E+01  0.182101E+01  0.346582E+01
-0.115034E+01  0.241753E+01  0.188276E+01    0.125625E+01 -0.233538E+01 -0.173620E+01
-0.138976E+02 -0.670567E+01 -0.205096E+01    0.136331E+02  0.585661E+01  0.185315E+01
 0.997759E+01  0.188190E+01 -0.325059E+01   -0.113037E+02 -0.194019E+01  0.245969E+01
 0.468105E+01  0.188260E+01 -0.659333E+00   -0.575947E+01 -0.271561E+01  0.630474E+00
 0.268602E+01  0.969967E-01  0.176679E+01   -0.333478E+01 -0.631255E+00 -0.237858E+01
 0.142504E+01  0.151210E+02  0.135737E-01   -0.836065E+00 -0.151290E+02  0.649969E+00
-0.466811E+01 -0.740015E+01 -0.332428E+01    0.473260E+01  0.802940E+01  0.341700E+01
-0.982191E+00 -0.346718E+01  0.417496E+00    0.596320E+00  0.361133E+01 -0.188976E+01
-0.402846E+00  0.357279E+01  0.132641E+01   -0.833267E+00 -0.444689E+01 -0.251426E+01
 0.134413E+02 -0.985803E-01  0.260935E+01   -0.148878E+02  0.417923E+00 -0.278420E+01
-0.831731E+01 -0.187282E+01 -0.508497E+01    0.921345E+01  0.236007E+01  0.651074E+01
-0.292772E+01 -0.976192E-01 -0.185838E+01    0.249374E+01  0.756775E-01  0.207637E+01
 0.126534E-01 -0.265644E+01 -0.841355E+00   -0.770940E-01  0.430427E+01  0.827260E+00
-0.143252E+02 -0.413858E+00  0.387336E+01    0.142975E+02 -0.138589E+01 -0.517439E+01
 0.887158E+01  0.544371E+01 -0.107252E+01   -0.824418E+01 -0.602059E+01  0.137020E+01
 0.471875E+01 -0.263803E+00 -0.916343E+00   -0.643231E+01  0.723725E+00  0.100583E+01
-0.143395E+01  0.297063E+01  0.147975E+01    0.106466E+01 -0.392843E+01 -0.140550E+01
 0.113590E+02  0.774793E+01  0.176624E+01   -0.126710E+02 -0.856301E+01 -0.229016E+01
-0.574454E+01 -0.929577E+01  0.102051E+01    0.486997E+01  0.977563E+01 -0.896784E-01
-0.190714E+01 -0.328816E+01  0.281802E+00    0.228428E+01  0.293655E+01 -0.118552E+01
 0.703357E+00  0.558260E+00 -0.125273E+01   -0.133048E+01 -0.127425E+01  0.887673E+00
 0.945115E+01 -0.990938E+01  0.405622E+01   -0.858563E+01  0.112072E+02 -0.336088E+01
-0.907652E+01  0.405161E+01  0.133313E+00    0.110302E+02 -0.475862E+01 -0.131540E+00
-0.186978E+01  0.220918E+01 -0.195603E+01    0.127672E+01 -0.137353E+01  0.179557E+01
 0.475648E+00  0.213328E+01 -0.868772E+00   -0.420779E+00 -0.273141E+01  0.103083E+01
-0.113121E+02  0.433084E+01  0.674845E+01    0.117252E+02 -0.476769E+01 -0.741027E+01
 0.554967E+01 -0.732169E+01 -0.353333E+01   -0.491149E+01  0.911340E+01  0.204206E+01
 0.214879E+01 -0.181511E+00 -0.291418E+01   -0.320789E+01  0.580691E+00  0.362872E+01
-0.124186E+01  0.311950E+01 -0.130218E+01    0.104434E+01 -0.367385E+01  0.135096E+01
 0.129549E+02  0.702112E+01 -0.217474E+01   -0.120557E+02 -0.678437E+01  0.305722E+01
-0.932847E+01 -0.732296E+01  0.109982E+01    0.772727E+01  0.946541E+01 -0.101563E+01
-0.261002E+01 -0.292864E+01 -0.560611E+00    0.175308E+01  0.213764E+01  0.345666E+00
-0.270514E+00 -0.148954E+00  0.186017E+01    0.539261E+00 -0.102433E+00 -0.185800E+01
-0.129148E+02  0.319657E+01  0.366033E+01    0.132796E+02 -0.269377E+01 -0.416356E+01
 0.753298E+01 -0.178553E+01 -0.702722E+01   -0.638179E+01  0.140315E+00  0.876757E+01
 0.284634E+01 -0.224013E+01 -0.112482E+01   -0.322513E+01  0.265906E+01  0.128868E+01
-0.837694E+00 -0.240800E+01  0.148390E+01    0.248885E+00  0.161215E+01 -0.143207E+01
 0.112682E+01 -0.103328E+01 -0.182523E+01   -0.110075E+01  0.684142E+00  0.164851E+01
-0.272044E+01  0.514067E+00  0.121568E+00    0.209042E+01 -0.755781E+00 -0.860521E-01
-0.105838E+01 -0.804958E+00  0.234963E+01    0.912179E+00  0.366629E+00 -0.202219E+01
 0.623810E+00 -0.171005E+01  0.201380E+01   -0.495268E+00  0.135148E+01 -0.164338E+01
-0.142425E+00 -0.194116E+01 -0.212635E+01    0.143133E+00  0.931241E+00  0.193722E+01
-0.219394E+01  0.155821E+01  0.199045E+00    0.194918E+01 -0.107081E+01 -0.215709E+00
 0.546833E+00  0.240782E+01  0.163783E+01   -0.496684E+00 -0.168244E+01 -0.140214E+01
-0.475764E+00  0.254955E+01 -0.586352E+00    0.427346E+00 -0.205322E+01  0.508638E+00
-0.109954E+01 -0.458280E+00  0.204909E+01    0.776327E+00  0.433823E+00 -0.193194E+01
-0.921244E+00 -0.197582E+01 -0.245876E+01    0.287812E+00  0.127053E+01  0.187076E+01
 0.170373E+01  0.245349E-01 -0.256536E+01   -0.153567E+01 -0.106648E+00  0.165540E+01
 0.555457E+00 -0.248750E+01 -0.224538E+00   -0.222413E+00  0.211514E+01  0.254366E+00
 0.198835E+00  0.421248E+00  0.250730E+01   -0.226938E+00 -0.519957E+00 -0.205543E+01
 0.371614E+00 -0.282670E+01  0.356094E+00   -0.177707E+00  0.223122E+01 -0.936937E-01
-0.534667E+00  0.247624E+01 -0.185446E+00    0.581668E+00 -0.212015E+01  0.206629E+00
-0.144919E+01  0.184688E+01 -0.866050E+00    0.137621E+01 -0.141773E+01  0.804630E+00
 0.214187E+01 -0.199487E+00 -0.157965E+01   -0.156643E+01  0.298474E+00  0.149791E+01
 0.170365E+01 -0.217766E-01  0.261918E+01   -0.120527E+01  0.356976E+00 -0.190579E+01
-0.177878E+00 -0.229898E+01  0.131973E+01    0.425263E+00  0.184848E+01 -0.114474E+01
 0.149657E+01 -0.197508E+01  0.685239E+00   -0.165879E+01  0.120240E+01 -0.616686E+00
-0.123894E+01  0.943045E+00  0.216243E+01    0.993339E+00 -0.788326E+00 -0.175279E+01
 0.867600E+00  0.248190E+01 -0.879258E+00   -0.580136E+00 -0.206602E+01  0.572809E+00
-0.234685E+01  0.122035E+01 -0.644645E+00    0.199972E+01 -0.697619E+00  0.629281E+00
-0.264609E+01 -0.325654E+00  0.395634E+00    0.213243E+01  0.992195E-01 -0.933786E-01
 0.846289E+00  0.882670E+00 -0.245768E+01   -0.331361E+00 -0.518751E+00  0.205573E+01
 0.158283E+01  0.177875E+01  0.115890E+01   -0.135067E+01 -0.137974E+01 -0.106482E+01
 0.300427E+01  0.205332E+00 -0.164894E+00   -0.217370E+01 -0.935379E-01  0.534488E+00
 0.236437E+01  0.578148E+00  0.150853E+01   -0.182989E+01 -0.479562E+00 -0.108144E+01
 0.701298E+00 -0.119327E+01 -0.195755E+01   -0.563218E+00  0.934558E+00  0.179834E+01
-0.136226E+01 -0.196201E+01  0.863342E+00    0.116436E+01  0.158259E+01 -0.953702E+00
-0.425215E+00  0.162562E+01  0.229518E+01    0.398221E+00 -0.111035E+01 -0.192402E+01
 0.214248E+01  0.115511E+01  0.687622E+00   -0.171065E+01 -0.998162E+00 -0.736595E+00
 0.537050E+00 -0.933690E+00 -0.254980E+01   -0.368715E+00  0.654401E+00  0.205297E+01
-0.111372E+01 -0.200738E+01  0.111352E+01    0.108982E+01  0.176374E+01 -0.777265E+00
-0.241060E+01 -0.618565E+00 -0.877002E+00    0.208084E+01  0.417184E+00  0.648110E+00
-0.102319E+01  0.104254E+01  0.184742E+01    0.602570E+00 -0.110160E+01 -0.169375E+01
-0.183721E+00 -0.274226E+01  0.549632E+00   -0.861364E-01  0.211653E+01 -0.458372E+00
 0.999259E+00 -0.281032E+01 -0.806635E-01   -0.757150E+00  0.211259E+01  0.319768E+00
 0.676471E+00 -0.217605E+01 -0.155946E+01   -0.832245E+00  0.172089E+01  0.109178E+01
-0.162847E+01  0.728884E+00  0.165030E+01    0.138677E+01 -0.571463E+00 -0.149403E+01
 0.241150E+01  0.814560E+00  0.991986E+00   -0.193584E+01 -0.640764E+00 -0.592429E+00
-0.631152E+00 -0.245570E+01 -0.870048E+00    0.736221E+00  0.202772E+01  0.592719E+00
 0.425822E+00 -0.126239E+01 -0.215754E+01   -0.209511E+00  0.100440E+01  0.194019E+01
 0.432854E+00  0.278716E+01 -0.587474E+00   -0.368318E+00 -0.216370E+01  0.261791E+00
-0.125269E+01 -0.774226E+00 -0.245788E+01    0.960381E+00  0.961176E+00  0.166476E+01
-0.190971E+01 -0.188210E+01 -0.117290E+01    0.125293E+01  0.149843E+01  0.109671E+01
 0.122295E+00 -0.243851E+01  0.363359E-01    0.574670E+00  0.207235E+01  0.147664E+00
 0.223183E+01  0.117957E+01  0.251340E+00   -0.194521E+01 -0.955140E+00 -0.776238E-01
-0.159989E+01  0.106830E+01  0.238505E+01    0.126363E+01 -0.513829E+00 -0.173422E+01
-0.158602E+01  0.147356E+00  0.219319E+01    0.140508E+01 -0.506235E+00 -0.163413E+01
 0.170731E+01 -0.546878E+00 -0.204495E+01   -0.177043E+01  0.896534E-01  0.133478E+01
 0.239893E+01  0.923007E+00 -0.825889E+00   -0.206895E+01 -0.411111E+00  0.265583E+00
-0.130501E+01  0.217434E+01 -0.334289E+00    0.134366E+01 -0.166973E+01  0.337301E+00
 0.400603E+00 -0.239071E+01 -0.236540E+01   -0.378642E+00  0.148267E+01  0.171761E+01
 0.964469E+00 -0.221562E+01  0.115380E+01   -0.854527E+00  0.178736E+01 -0.966902E+00
 0.135738E+01  0.218869E+01  0.617847E+00   -0.118464E+01 -0.175299E+01 -0.289145E+00
-0.137756E+01 -0.483144E-01  0.208131E+01    0.125736E+01  0.366444E+00 -0.165973E+01
-0.109410E+01  0.621112E+00 -0.292570E+01    0.896352E+00 -0.909093E+00  0.188749E+01
-0.164364E+01 -0.188260E+01  0.108794E+01    0.119654E+01  0.161232E+01 -0.942417E+00
-0.179097E+01 -0.988960E+00  0.127323E+01    0.154693E+01  0.574851E+00 -0.117253E+01
 0.155560E+01 -0.176692E+01 -0.102654E-01   -0.149009E+01  0.139519E+01 -0.936984E-02
 0.110468E+01  0.190257E+01  0.107445E+01   -0.682470E+00 -0.164703E+01 -0.985870E+00
-0.171288E+01 -0.175511E+01 -0.938338E+00    0.147382E+01  0.125918E+01  0.835468E+00
-0.997160E+00  0.227733E+01 -0.513526E-01    0.884167E+00 -0.187680E+01 -0.123436E+00
-0.363289E+00  0.144199E+00 -0.235261E+01    0.320793E+00 -0.163702E+00  0.205776E+01
 0.158556E+01  0.172620E+01  0.429406E+00   -0.102407E+01 -0.159713E+01 -0.622754E+00
 0.149439E+01 -0.247008E+01  0.748926E+00   -0.110121E+01  0.175625E+01 -0.511319E+00
 0.582544E+00  0.297063E+00  0.202324E+01   -0.313527E+00 -0.117180E+00 -0.197414E+01
 0.171940E+00  0.206595E+01 -0.765609E+00    0.144269E+00 -0.186836E+01  0.709656E+00
-0.211420E+01 -0.109951E+01 -0.357313E+00    0.190223E+01  0.636783E+00  0.506472E-01
-0.110525E+00 -0.215586E+01  0.886856E+00    0.622703E-01  0.189691E+01 -0.795791E+00
-0.498016E+00 -0.191699E+00 -0.228992E+01    0.359180E+00  0.317721E+00  0.198420E+01
 0.107988E+01  0.425142E+00  0.243565E+01   -0.938727E+00 -0.163545E+00 -0.187410E+01
 0.139407E+01 -0.100576E+01 -0.132615E+01   -0.126427E+01  0.974644E+00  0.129709E+01
-0.433857E+00  0.262002E+01 -0.848012E+00    0.528451E+00 -0.183385E+01  0.855319E+00
 0.118427E+00 -0.109387E+01  0.227550E+01   -0.112035E+00  0.911637E+00 -0.184725E+01
 0.176885E+01 -0.109343E+01 -0.125462E+01   -0.150755E+01  0.688690E+00  0.115550E+01
 0.122292E+00  0.226682E+01  0.277271E+00   -0.583979E+00 -0.191629E+01 -0.227567E+00
-0.166992E+01  0.962724E+00  0.105468E+01    0.163893E+01 -0.915581E+00 -0.819967E+00
-0.889321E-01  0.717687E+00 -0.273560E+01   -0.181557E+00 -0.904350E+00  0.192575E+01
 0.185362E+01 -0.958416E+00 -0.925452E+00   -0.159976E+01  0.809978E+00  0.882523E+00
-0.132284E+00 -0.818970E+00  0.269489E+01    0.967183E-01  0.798777E+00 -0.197095E+01
-0.158835E+01 -0.655269E+00 -0.985382E+00    0.152285E+01  0.561770E+00  0.115690E+01
 0.159278E+00  0.154918E+01 -0.136765E+01   -0.289472E-01 -0.137200E+01  0.145761E+01
-0.152683E+01  0.570936E+00  0.147245E+01    0.144732E+01 -0.558535E+00 -0.131084E+01
 0.256506E+01  0.884755E-02  0.129680E+01   -0.183200E+01  0.124447E+00 -0.101881E+01
 0.198562E+01 -0.624873E+00 -0.222703E+01   -0.984068E+00  0.585708E+00  0.186127E+01
 0.295864E+00 -0.205091E+01  0.185356E+01   -0.203219E+00  0.146088E+01 -0.153116E+01
-0.113487E+01 -0.117086E+01  0.189019E+01    0.991562E+00  0.997556E+00 -0.143881E+01
-0.779361E+00  0.195353E+01 -0.205322E+00    0.101639E+01 -0.173674E+01  0.114947E+00
-0.735772E+00 -0.173112E+01 -0.308641E+01    0.528618E-01  0.129115E+01  0.179938E+01
 0.167459E+01 -0.184749E+01  0.149131E+01   -0.105348E+01  0.152015E+01 -0.103326E+01
-0.261752E+01 -0.271536E+00  0.741368E+00    0.194952E+01  0.180874E-01 -0.623693E+00
 0.108158E+00 -0.406923E+00 -0.222343E+01    0.105006E-01  0.441771E+00  0.197791E+01
-0.158449E+01  0.191725E+01 -0.150310E+01    0.129754E+01 -0.120738E+01  0.122977E+01
-0.195055E+00  0.943365E+00  0.317387E+01    0.348980E+00 -0.530535E+00 -0.211264E+01
 0.129115E+01 -0.228687E+01  0.874944E+00   -0.967028E+00  0.177815E+01 -0.683418E+00
 0.211815E+00 -0.138849E+00 -0.264228E+01    0.517467E-01 -0.227470E-01  0.205450E+01
 0.947659E+00  0.173782E+01  0.659484E+00   -0.904564E+00 -0.175053E+01 -0.490184E+00
-0.212234E+01  0.638132E+00 -0.759310E+00    0.179322E+01 -0.427464E+00  0.833580E+00
-0.271505E+00  0.930997E-01  0.224281E+01    0.590232E-01 -0.175158E+00 -0.202607E+01
 0.186015E+01  0.219930E+01 -0.823515E+00   -0.133154E+01 -0.149015E+01  0.696110E+00
 0.100643E+01  0.937273E-01 -0.261741E+01   -0.931660E+00 -0.449183E+00  0.187872E+01
 0.196693E+01 -0.137162E+01  0.171811E+01   -0.142827E+01  0.121737E+01 -0.108133E+01
-0.136137E+01  0.211963E+00 -0.231179E+01    0.991281E+00 -0.264955E+00  0.178460E+01
 0.413222E+00 -0.224820E+01  0.182099E+00   -0.736164E+00  0.194025E+01 -0.123358E+00
-0.188958E+01  0.670735E+00  0.226162E+01    0.141688E+01 -0.485153E+00 -0.153186E+01
 0.357530E+00  0.241227E+01  0.195911E+00   -0.286101E+00 -0.201202E+01  0.100640E+00
 0.253635E+01 -0.129829E+01  0.599707E+00   -0.175490E+01  0.100766E+01 -0.522787E+00
-0.277890E+00 -0.566692E+00 -0.232910E+01    0.539850E+00  0.578196E+00  0.185904E+01
-0.872831E+00 -0.262667E+01 -0.417362E+00    0.693596E+00  0.199140E+01  0.519871E+00
 0.682527E+00 -0.289230E+00  0.234489E+01   -0.407100E+00 -0.242054E+00 -0.202723E+01
-0.214962E+01 -0.159637E+01 -0.577125E+00    0.166040E+01  0.117698E+01  0.428442E+00
-0.828997E+00  0.164551E+01  0.168260E+01    0.646312E+00 -0.139033E+01 -0.133831E+01
 0.698836E+00  0.102809E+01 -0.187938E+01   -0.585652E+00 -0.102254E+01  0.169017E+01
-0.155677E+01  0.143203E+01  0.145176E+01    0.121539E+01 -0.109325E+01 -0.124047E+01
 0.260976E+01  0.135569E+01  0.259420E+00   -0.193848E+01 -0.772809E+00 -0.175612E+00
-0.752998E+00  0.180790E+00 -0.206692E+01    0.624873E+00 -0.143005E+00  0.190786E+01
 0.202584E+00 -0.932790E-01  0.272958E+01   -0.255199E+00  0.426235E+00 -0.207291E+01
-0.251761E+01 -0.153986E+01 -0.822897E+00    0.175102E+01  0.109382E+01  0.691676E+00
-0.452251E+00 -0.219620E+01 -0.160458E+01    0.501546E+00  0.162095E+01  0.125754E+01
 0.123294E+01  0.192812E+01 -0.133709E+01   -0.951311E+00 -0.155614E+01  0.108157E+01
 0.202982E+01 -0.102595E+01  0.187894E+01   -0.117530E+01  0.589134E+00 -0.159254E+01
-0.128033E+01  0.934141E-01 -0.184855E+01    0.139974E+01 -0.476050E-01  0.146122E+01
-0.909566E+00  0.961154E+00  0.191844E+01    0.827130E+00 -0.116504E+01 -0.141999E+01
 0.208217E+01  0.121114E+01 -0.944571E+00   -0.170552E+01 -0.102828E+01  0.542380E+00
 0.123419E+01 -0.843216E+00 -0.184771E+01   -0.104309E+01  0.107816E+01  0.139144E+01
 0.122303E+01  0.733617E-01  0.157234E+01   -0.113023E+01  0.161243E+00 -0.163528E+01
-0.123580E+00 -0.279743E+01  0.145409E-01   -0.228964E+00  0.211363E+01 -0.786846E-01
-0.129582E+01  0.786477E+00  0.196769E+01    0.120159E+01 -0.496266E+00 -0.155937E+01
-0.122401E+01  0.551592E+00 -0.203517E+01    0.968915E+00 -0.554359E+00  0.172196E+01
-0.222818E+01  0.602781E+00  0.108632E+01    0.185000E+01 -0.487677E+00 -0.799416E+00
 0.430285E+00 -0.211384E+01  0.499551E+00   -0.321110E+00  0.193562E+01 -0.292976E+00
 0.165854E+01  0.118418E+01  0.136994E+01   -0.144994E+01 -0.108567E+01 -0.900121E+00
-0.171096E+01 -0.139346E+01 -0.149909E+01    0.139445E+01  0.115561E+01  0.109891E+01
-0.777618E+00  0.241563E+01 -0.458960E+00    0.329961E+00 -0.202018E+01  0.440957E+00
 0.174396E+01  0.208454E+01 -0.673613E+00   -0.132030E+01 -0.151869E+01  0.480923E+00
 0.961658E+00 -0.153759E+01  0.168402E+01   -0.868517E+00  0.126702E+01 -0.140982E+01
-0.336322E+00 -0.137560E+01 -0.232050E+01    0.348103E+00  0.982774E+00  0.181345E+01
 0.369490E+02  0.141098E+02  0.601841E+01   -0.378204E+02 -0.148933E+02 -0.697998E+01
-0.277969E+02 -0.111303E+02  0.236352E+02    0.283417E+02  0.105461E+02 -0.224293E+02
 0.352501E+02  0.659141E+01 -0.113051E+02   -0.349867E+02 -0.689498E+01  0.114300E+02
 0.138866E+02  0.366213E+02 -0.113010E+02   -0.144996E+02 -0.376085E+02  0.109769E+02
-0.218161E+02  0.281915E+02 -0.748574E+01    0.213743E+02 -0.284066E+02  0.762309E+01
-0.313742E+01  0.102268E+02 -0.125704E+02    0.413266E+01 -0.886900E+01  0.129177E+02
-0.976709E+01  0.475809E+01 -0.131208E+02    0.105878E+02 -0.530615E+01  0.133211E+02
 0.631547E+01 -0.116576E+02 -0.122070E+02   -0.487239E+01  0.127924E+02  0.126175E+02
 0.310701E+01  0.126717E+02  0.830077E+01   -0.333959E+01 -0.123301E+02 -0.805762E+01
-0.217847E+01  0.173133E+02 -0.315181E+01    0.246320E+01 -0.178547E+02  0.242609E+01
-0.701769E+01 -0.135776E+02 -0.457081E+01    0.774163E+01  0.135555E+02  0.450378E+01
-0.140319E+02 -0.459205E-01 -0.945741E+01    0.135840E+02  0.678719E+00  0.783131E+01
-0.145939E+02 -0.196613E+01 -0.990916E+01    0.153389E+02  0.274424E+01  0.949635E+01
 0.961228E+01 -0.921563E+00 -0.161445E+02   -0.108416E+02 -0.675480E+00  0.141410E+02
-0.300358E+01 -0.135473E+02  0.132546E+02    0.464366E+01  0.139540E+02 -0.126748E+02
 0.846982E+00 -0.646091E+00  0.712985E+00   -0.472030E+00  0.557763E+00 -0.531508E+00
-0.109389E+01  0.123943E+00  0.145289E+01    0.808180E+00 -0.364593E+00 -0.157184E+01
 0.853257E+00 -0.228711E-01  0.391575E+00   -0.125015E+01 -0.114698E+00 -0.134521E+00
 0.287759E+00  0.255129E+00 -0.130960E+01   -0.213965E+00 -0.398749E+00  0.797211E+00
 0.203150E+00  0.258889E+00  0.242257E-01    0.778584E-01 -0.630266E-01  0.711211E+00
 ***force output before remove total force (eV/A) ****
    9  -.192817E+00 0.181835E+00 0.296585E+00
    9  -.210159E+00 0.407597E+00 0.197677E+00
    9  -.902499E-01 0.704706E+00 0.159753E+00
    9  -.135798E-01 0.966503E-01 -.236769E+00
    9  -.422998E-02 0.745433E+00 0.344502E+00
    9  0.178641E+00 -.125041E+01 -.899655E+00
    9  0.465095E+00 -.339683E+00 -.214434E+00
    9  0.307678E-01 0.661877E+00 0.795908E+00
    9  0.341696E+00 0.602536E+00 -.363766E-01
    9  -.783471E+00 0.724108E-01 0.548630E-01
    9  -.357160E+00 0.198949E+00 -.533372E+00
    9  0.451522E+00 0.568627E+00 0.791214E+00
    9  -.246877E+00 0.538571E+00 0.264940E+00
    9  -.476282E+00 -.373836E+00 -.193624E+00
    9  -.477789E-01 0.637662E-01 -.761946E-01
    9  -.192043E-01 -.196255E+00 -.147034E+00
    9  0.700993E+00 0.105577E+00 0.135943E+00
    9  0.224130E+00 0.792235E+00 0.332097E+00
    9  0.569639E+00 0.322367E+00 0.720381E+00
    9  -.291141E+00 0.968579E-01 -.134628E+00
    9  0.853400E-01 0.763560E-01 0.410358E+00
    9  0.470980E+00 -.327485E+00 -.169580E+00
    9  -.100507E+00 0.500800E+00 -.239151E+00
    9  0.950275E+00 -.198029E+00 0.299778E+00
    9  -.707272E+00 0.316606E+00 -.108178E+00
    9  -.372450E+00 -.447065E+00 -.653870E+00
    9  0.482946E+00 0.131424E+01 0.705530E+00
    9  -.477702E+00 -.345031E+00 -.244288E+00
    9  -.273027E+00 0.158628E-01 -.308465E+00
    9  0.193251E+01 0.299853E+00 0.817786E+00
    9  -.766187E+00 -.354652E-01 0.282877E-01
    9  -.283790E+00 0.275486E+00 0.120485E+00
    9  -.580411E+00 0.109638E+01 0.792314E+00
    9  0.958653E+00 0.707525E-01 0.681910E+00
    9  0.297367E+00 -.554675E+00 -.117454E+00
    9  0.249066E+00 0.321771E+00 -.166752E+00
    9  0.261314E+00 0.424437E+00 -.209342E+00
    9  -.449638E+00 -.353854E+00 0.646423E+00
    9  -.161274E+00 -.567165E+00 0.390754E+00
    9  -.327306E+00 -.468418E+00 -.758963E+00
    9  0.600343E-01 0.316696E+00 0.454544E+00
    9  -.320487E+00 -.270382E+00 0.580697E-01
    9  -.119777E+01 -.415152E+00 -.376025E+00
    9  -.470114E+00 -.512809E-01 -.407076E+00
    9  -.155520E+00 -.940823E+00 -.745769E+00
    9  0.240549E+00 -.222637E+00 -.228667E+00
    9  -.740215E+00 -.711943E+00 0.272635E+00
    9  0.301418E+00 -.126021E+00 -.126024E+01
    9  -.225752E+00 0.769517E+00 -.216538E+00
    9  0.320900E+00 0.624913E+00 0.436800E-01
    9  -.147823E+01 -.748694E+00 -.857915E+00
    9  -.389972E+00 -.616873E+00 -.103360E+01
    9  -.119115E+00 0.267330E-02 -.202125E+00
    9  0.296899E+00 -.127839E+00 0.410491E+00
    9  0.220286E+00 -.133152E+00 -.108387E+00
    9  0.483907E+00 0.488819E-01 0.850515E+00
    9  0.383974E+00 -.852742E+00 -.565203E-01
    9  0.376735E+00 -.532392E+00 0.538941E+00
    9  -.500963E+00 0.224010E+00 -.195397E+00
    9  0.441414E+00 0.638816E+00 0.424070E-01
    9  0.321455E+00 0.315805E+00 0.107043E+00
    9  -.457871E+00 0.607679E+00 0.133294E+01
    9  0.949931E+00 0.860039E+00 0.692188E+00
    9  -.252083E+00 0.928292E+00 0.833645E-01
    9  0.548959E-01 0.309634E+00 -.444408E+00
    9  -.860387E-01 -.597359E-01 0.730393E+00
    9  -.130347E+01 -.486108E+00 -.352209E+00
    9  -.652530E-01 0.519688E+00 -.202598E+00
    9  0.440919E+00 -.339253E+00 0.223341E+00
    9  -.111520E+00 0.213001E+00 0.126412E+01
    9  -.798560E+00 0.557127E+00 -.445673E+00
    9  -.716451E+00 -.419771E-01 0.376135E-02
    9  -.367731E+00 -.865788E-01 -.822819E+00
    9  0.826850E-01 -.110436E+01 -.120170E+00
    9  0.187248E+00 -.460868E+00 0.789445E-01
    9  -.365356E+00 -.341269E+00 0.723880E+00
    9  0.466370E+00 0.225356E+00 0.276278E+00
    9  0.408955E+00 0.530728E-01 0.320135E+00
    9  0.122158E+01 0.649286E+00 -.167718E+00
    9  -.441230E+00 0.631212E+00 -.748777E-01
    9  0.134003E-01 -.830918E+00 -.457572E+00
    9  0.868798E+00 -.144302E+00 0.458530E+00
    9  0.833460E+00 0.569443E+00 0.554546E+00
    9  0.320887E-01 0.525674E+00 0.627840E+00
    9  -.744146E+00 -.203060E+00 -.973981E-02
    9  -.683947E+00 -.731393E+00 0.260104E+00
    9  -.255427E+00 0.170551E+00 -.488196E+00
    9  0.109154E+01 0.183928E+00 -.375474E-01
    9  -.619927E-01 -.161347E+00 -.438692E+00
    9  -.121141E+00 0.670223E+00 0.122165E+01
    9  0.171037E+00 0.266430E+00 0.127466E+00
    9  -.736978E+00 -.214052E+00 -.899483E+00
    9  0.292647E+00 -.366829E+00 -.149150E+00
    9  0.128804E+00 0.109009E+00 0.564367E-02
    9  -.565758E+00 -.397272E+00 -.250583E+00
    9  -.561079E+00 -.104504E+01 -.623771E+00
    9  0.253837E+00 0.420792E+00 -.365360E-01
    9  0.177163E+00 0.220929E+00 -.557318E+00
    9  -.546411E+00 -.316785E+00 0.715735E+00
    9  0.220635E+00 -.145618E+00 0.127984E+00
    9  -.354472E+00 0.252142E+00 0.108883E+00
    9  -.163220E+01 -.761367E+00 -.522593E+00
    9  0.929059E+00 0.892273E+00 0.943636E-01
    9  -.211623E+00 -.278093E+00 0.383665E+00
    9  0.281502E+00 0.116453E+00 -.532248E-02
    9  0.539908E+00 -.567753E+00 -.772553E+00
    9  0.699641E-01 -.211555E+00 0.153234E+00
    9  -.550221E+00 0.180677E+00 -.512468E+00
    9  -.123450E+01 -.242258E+00 0.546635E+00
    9  0.646388E+00 0.104998E+01 -.593494E+00
    9  -.487544E-01 -.178309E+00 0.427218E+00
    9  0.177864E+00 0.312131E+00 0.108698E+01
    9  0.151771E-01 0.719652E+00 -.272349E+00
    9  -.430336E+00 -.759340E+00 -.249068E+00
    9  -.116619E+00 0.167039E+00 -.230272E+00
    9  -.278901E+00 -.104407E+01 -.105544E+01
    9  -.471491E-01 -.792469E-01 -.303005E+00
    9  -.699952E+00 0.117375E+01 -.168629E+00
    9  0.612466E+00 -.810007E+00 -.390132E+00
    9  -.809824E-01 0.956482E+00 0.104517E+01
    9  -.594757E+00 0.548768E+00 -.306344E+00
    9  -.184050E+00 -.201708E+00 -.580225E+00
    9  -.630337E+00 -.699969E+00 -.240273E+00
    9  0.439130E+00 0.107784E+00 -.143920E-01
    9  -.212097E+00 0.124233E+00 0.781756E-01
    9  -.758824E+00 -.236095E+00 -.155623E+00
    9  0.424331E+00 -.137113E+00 0.101237E+01
    9  0.118361E+00 -.222970E-01 0.296023E+00
    9  -.721861E-01 0.684318E-01 0.498354E+00
    9  -.257720E+00 0.711086E-01 0.155306E+00
    8  0.298718E+00 -.408526E+00 0.545210E+00
    8  0.718827E-01 0.847213E-01 -.543078E+00
    8  -.476110E+00 0.798063E+00 0.260689E+00
    8  0.514022E+00 -.504735E+00 0.778391E+00
    8  -.789540E+00 -.800317E+00 -.127532E+01
    8  0.129644E+01 0.139261E+01 0.104090E+01
    8  -.635170E-01 -.857165E+00 -.127450E+01
    8  0.105962E+00 0.903113E+00 -.522547E-02
    8  -.937702E-01 0.279483E+00 -.467517E+00
    8  0.726987E+00 0.657184E-01 0.655131E+00
    8  -.400389E+00 0.197972E+00 -.348985E+00
    8  -.240816E+00 0.213968E+00 -.986446E-01
    8  0.101492E+01 0.753517E+00 0.819722E+00
    8  0.945378E+00 0.897528E-01 -.233556E-01
    8  -.619126E-01 -.113260E+01 0.281587E+00
    8  -.771597E+00 0.111416E+00 -.797959E+00
    8  -.825435E+00 -.169953E+00 0.757477E+00
    8  0.210660E+01 0.129902E+01 0.471602E+00
    8  -.128614E+00 -.397511E+00 0.498739E-01
    8  0.948947E+00 0.941313E+00 0.694475E+00
    8  -.525119E+00 -.182818E+00 -.695782E-01
    8  0.782376E+00 -.254731E+00 -.706126E+00
    8  0.242017E+00 0.695182E+00 0.346573E+00
    8  0.101926E+01 -.261514E+00 -.180589E+00
    8  -.622016E+00 0.121480E+01 0.690083E-01
    8  0.178021E+01 0.860550E+00 0.193466E+00
    8  0.171125E+01 0.330960E+00 0.244036E+00
    8  -.253094E+01 0.540834E-01 0.570849E+00
    8  0.210623E+00 0.354556E+00 -.380466E+00
    8  -.203571E+00 -.177366E+01 0.451424E+00
    8  -.702918E+00 0.906826E-01 0.384425E+00
    8  -.364990E+00 -.111166E+01 -.179345E-01
    8  0.249011E+01 -.247444E+00 -.314270E-01
    8  -.306535E+00 0.314016E+00 -.181846E+01
    8  -.822108E+00 0.120096E+01 -.169044E+00
    8  -.103337E+01 -.606313E+00 0.540285E+00
    8  0.627874E+00 0.529710E+00 0.868972E+00
    8  -.355032E+00 -.195018E+00 -.234569E-01
    8  -.105539E+00 0.664855E-01 -.346833E+00
    8  0.278131E+00 0.446449E+00 0.388615E+00
    8  -.192291E+00 -.395777E+00 -.571705E+00
    8  -.502292E+00 0.323601E+00 -.108727E+01
    8  -.110206E+01 -.495726E+00 0.139771E+00
    8  0.160164E+00 -.230845E+00 0.118185E+01
    8  -.201537E+00 0.854008E-01 0.472231E+00
    8  -.982739E+00 0.364976E+00 -.123919E+01
    8  0.466984E+00 0.779092E+00 0.592257E-01
    8  0.269318E+00 -.776744E-01 0.631568E+00
    8  0.205346E+00 -.129460E+00 -.766646E-01
    8  -.234401E+00 0.105767E+00 -.730453E-02
    8  -.478743E+00 0.573164E-01 0.496046E+00
    8  0.183522E+00 0.279431E+00 0.406938E-01
    8  0.259272E+00 -.142243E+00 -.369444E-01
    8  -.757180E-01 0.503562E+00 0.204160E+00
    8  0.533119E-01 0.650081E+00 -.118295E-01
    6  0.140034E+01 0.206626E+01 0.154247E+01
    6  -.107654E+01 -.705455E+00 -.138277E+01
    6  0.581371E+00 0.187062E+00 0.629868E+00
    6  0.522613E+00 -.183167E-01 -.984219E+00
    6  -.402581E+00 -.452968E+00 -.122891E+01
    6  -.972328E+00 -.180084E+00 0.552702E+00
    6  -.713086E+00 0.643619E-01 -.107362E+01
    6  0.118014E+01 -.246796E+00 0.235436E+00
    6  0.134531E+01 -.255329E+00 0.757498E-01
    6  0.264513E+00 -.475371E+00 0.344355E+00
    6  -.156947E+01 0.202634E+00 -.142936E+01
    6  -.608639E+00 -.130331E+01 -.487792E+00
    6  0.503713E+00 -.316912E+00 -.504835E+00
    6  0.432156E-01 -.190535E+00 0.455831E+00
    6  0.281732E+00 -.306893E+00 0.176938E+01
    6  0.171218E+01 0.144373E+01 0.590239E+00
    6  -.300639E+00 -.297991E-01 -.342814E+00
    6  0.627867E-01 -.672416E+00 -.688650E+00
    6  -.180038E+01 -.199806E+00 -.858437E+00
    6  0.155824E+00 -.928330E+00 -.614149E+00
    6  -.110257E+01 -.150732E+01 -.573497E+00
    6  -.268233E+00 0.697204E+00 0.154688E+01
    6  -.530823E+00 0.684759E+00 0.112440E+01
    6  0.453490E+00 -.781229E+00 -.192141E+01
    6  0.658961E+00 0.111879E+01 -.629297E+00
    6  -.225451E+00 -.651358E+00 -.363749E+00
    6  -.785095E+00 -.344836E+00 -.132171E+01
    6  0.135068E+01 0.923876E+00 0.581506E+00
    6  0.718238E+00 0.737173E+00 0.198399E+01
    6  0.347664E+00 -.649748E-01 0.235411E+00
    6  -.798060E+00 -.194616E+01 0.771055E+00
    6  -.312701E+00 0.337340E+00 0.428344E+00
    6  0.880954E+00 0.193361E+01 0.125774E+01
    6  0.390480E+00 0.101687E+00 -.940223E+00
    6  -.255531E+00 0.213133E+00 0.304570E+00
    6  -.654714E+00 0.187949E+00 -.101167E+01
    6  0.411238E+00 0.629918E+00 0.366774E+00
    6  0.355008E+00 -.998807E+00 -.729831E+00
    6  -.719515E+00 -.587633E+00 -.103905E+01
    6  -.114209E+01 -.218383E+01 -.538379E+00
    6  -.132957E+01 -.493967E+00 -.363921E+00
    6  -.193341E+00 0.132632E+00 0.650457E+00
    6  0.510292E+00 -.964212E+00 -.469549E+00
    6  0.736068E+00 0.187066E+00 -.126788E+01
    6  0.234244E+01 0.770611E+00 0.150750E+01
    6  0.147184E+01 0.171856E+01 0.413340E+00
    6  -.379056E+00 0.214194E+00 -.828689E+00
    6  -.831671E+00 0.206548E+00 -.501101E+00
    6  -.174162E+01 0.574717E+00 -.555318E+00
    6  0.207877E+00 -.867708E+00 0.495559E+00
    6  -.176749E+01 0.103516E+01 -.146952E+01
    6  0.121361E+01 -.278931E+00 0.204991E+00
    6  -.123142E+01 -.616805E+00 -.945339E+00
    6  0.123569E+01 0.839898E+00 0.114412E+01
    6  -.866941E+00 -.503750E+00 0.375545E+00
    6  0.354534E+00 0.193207E-01 0.152282E+01
    6  -.236350E+00 -.155103E+01 -.865059E+00
    6  0.158048E+01 0.258786E+00 0.531119E+00
    6  0.729721E+00 0.266316E+00 -.268065E+00
    6  -.401087E+00 0.153192E+01 0.138586E+01
    6  -.420478E+00 -.587148E+00 -.366019E+00
    6  -.124043E+00 -.121922E+01 -.609983E+00
    6  0.136717E+00 0.125143E+00 -.693578E+00
    6  0.178804E+01 0.156521E+01 -.291136E-01
    6  -.950055E+00 -.889449E+00 -.236678E-01
    6  -.205676E-01 0.129655E+01 0.981394E+00
    6  -.828480E+00 -.183682E+01 -.211054E+00
    6  0.277584E+00 -.202090E+00 -.493438E-01
    6  -.298262E+00 -.519825E+00 0.366867E-01
    6  -.129337E+00 0.112993E+01 -.367608E+00
    6  0.424396E+00 -.174288E+01 -.119300E+01
    6  -.305887E-01 0.946174E+00 0.534687E+00
    6  0.394050E+00 0.115506E+01 -.269007E+00
    6  0.525103E+00 -.831137E-01 0.225949E+01
    6  0.182495E+00 0.411782E+00 0.152770E+00
    6  -.429807E-01 0.424015E+00 -.698212E-01
    6  0.233485E+00 0.367580E+00 -.405202E+00
    6  0.115803E+01 -.275235E+00 0.208645E+00
    6  -.585138E+00 0.794665E+00 0.489475E+00
    6  0.105913E+00 0.821436E-01 0.146556E+00
    6  -.264561E+00 -.849058E+00 -.197806E+00
    6  -.132607E+01 -.582893E-01 -.790891E+00
    6  -.107842E+01 -.833006E+00 -.288588E-01
    6  -.648766E+00 -.534258E+00 -.611790E+00
    6  0.588972E+00 -.801368E-02 0.663542E+00
    6  0.644894E-01 0.629256E+00 0.927206E-01
    6  -.385870E+00 0.144148E+00 -.147226E+01
    6  -.123611E+01 -.874100E+00 -.118785E+01
    6  -.144648E+01 0.319343E+00 -.174850E+00
    6  0.896137E+00 0.487252E+00 0.142576E+01
    6  -.433975E+00 -.219418E-01 0.217993E+00
    6  -.644406E-01 0.164782E+01 -.140948E-01
    6  -.276879E-01 -.179975E+01 -.130103E+01
    6  0.627405E+00 -.576876E+00 0.297678E+00
    6  -.171356E+01 0.459921E+00 0.894862E-01
    6  -.369286E+00 -.957801E+00 0.742441E-01
    6  -.131198E+01 -.815078E+00 -.523917E+00
    6  -.874573E+00 0.479865E+00 0.930828E+00
    6  0.377132E+00 -.351604E+00 -.903717E+00
    6  -.627127E+00 -.715987E+00 -.365057E+00
    6  0.865523E+00 0.129786E+01 0.695336E+00
    6  0.195370E+01 -.707011E+00 0.177264E-02
    6  -.593062E+00 0.835643E+00 -.160461E+00
    6  0.548693E-01 -.598135E+00 0.162054E+00
    6  0.413160E+00 -.436846E+00 -.661821E+00
    6  0.638187E+00 0.179171E+01 -.149127E+01
    6  -.105910E+01 0.399180E+00 0.714533E+00
    6  -.197526E+00 -.554349E+00 0.487798E-01
    6  0.899233E+00 0.236750E+00 0.882475E+00
    6  -.160121E+01 0.214245E+01 0.841902E-01
    6  -.856941E+00 -.790994E+00 -.214944E+00
    6  0.268747E+00 -.251387E+00 0.217057E-02
    6  0.364804E+00 0.502798E+00 -.503226E+00
    6  0.115119E+01 -.164522E+01 0.174035E+01
    6  -.378788E+00 0.418925E+00 0.163860E+00
    1  -.588809E+00 -.795848E+00 0.518289E-01
    1  0.260723E-01 -.349137E+00 -.176724E+00
    1  -.630019E+00 -.241714E+00 0.355159E-01
    1  -.146203E+00 -.438329E+00 0.327435E+00
    1  0.128542E+00 -.358570E+00 0.370422E+00
    1  0.708094E-03 -.100992E+01 -.189131E+00
    1  -.244755E+00 0.487397E+00 -.166640E-01
    1  0.501493E-01 0.725383E+00 0.235687E+00
    1  -.484178E-01 0.496328E+00 -.777142E-01
    1  -.323212E+00 -.244579E-01 0.117152E+00
    1  -.633431E+00 -.705283E+00 -.588003E+00
    1  0.168060E+00 -.821134E-01 -.909967E+00
    1  0.333044E+00 -.372363E+00 0.298276E-01
    1  -.281039E-01 -.987099E-01 0.451868E+00
    1  0.193906E+00 -.595479E+00 0.262401E+00
    1  0.470012E-01 0.356093E+00 0.211826E-01
    1  -.729751E-01 0.429147E+00 -.614210E-01
    1  0.575441E+00 0.989874E-01 -.817317E-01
    1  0.498377E+00 0.335200E+00 0.713392E+00
    1  0.247386E+00 -.450502E+00 0.174997E+00
    1  -.162221E+00 -.772681E+00 0.685533E-01
    1  -.245597E+00 0.154719E+00 0.409637E+00
    1  0.287464E+00 0.415879E+00 -.306449E+00
    1  -.347130E+00 0.522733E+00 -.153643E-01
    1  -.513660E+00 -.226434E+00 0.302255E+00
    1  0.514928E+00 0.363919E+00 -.401947E+00
    1  0.232153E+00 0.399016E+00 0.940776E-01
    1  0.830571E+00 0.111794E+00 0.369594E+00
    1  0.534488E+00 0.985864E-01 0.427094E+00
    1  0.138080E+00 -.258716E+00 -.159201E+00
    1  -.197907E+00 -.379420E+00 -.903598E-01
    1  -.269945E-01 0.515267E+00 0.371169E+00
    1  0.431833E+00 0.156949E+00 -.489731E-01
    1  0.168335E+00 -.279290E+00 -.496830E+00
    1  -.238934E-01 -.243644E+00 0.336256E+00
    1  -.329754E+00 -.201381E+00 -.228892E+00
    1  -.420621E+00 -.590608E-01 0.153672E+00
    1  -.269857E+00 -.625738E+00 0.912605E-01
    1  0.242109E+00 -.697729E+00 0.239104E+00
    1  -.155775E+00 -.455165E+00 -.467687E+00
    1  -.241701E+00 0.157420E+00 0.156273E+00
    1  0.475652E+00 0.173796E+00 0.399556E+00
    1  0.105070E+00 -.427978E+00 -.277329E+00
    1  0.216310E+00 -.257998E+00 -.217353E+00
    1  0.645363E-01 0.623457E+00 -.325683E+00
    1  -.292309E+00 0.186950E+00 -.793115E+00
    1  -.656783E+00 -.383665E+00 -.761886E-01
    1  0.696964E+00 -.366167E+00 0.184000E+00
    1  0.286623E+00 0.224432E+00 0.173716E+00
    1  -.336260E+00 0.554472E+00 0.650826E+00
    1  -.180939E+00 -.358878E+00 0.559058E+00
    1  -.631178E-01 -.457225E+00 -.710170E+00
    1  0.329979E+00 0.511896E+00 -.560307E+00
    1  0.386484E-01 0.504608E+00 0.301191E-02
    1  0.219614E-01 -.908031E+00 -.647792E+00
    1  0.109942E+00 -.428258E+00 0.186896E+00
    1  0.172748E+00 0.435704E+00 0.328703E+00
    1  -.120201E+00 0.318130E+00 0.421588E+00
    1  -.197744E+00 -.287981E+00 -.103821E+01
    1  -.447093E+00 -.270273E+00 0.145526E+00
    1  -.244032E+00 -.414109E+00 0.100706E+00
    1  0.655165E-01 -.371735E+00 -.196353E-01
    1  0.422207E+00 0.255536E+00 0.885838E-01
    1  -.239057E+00 -.495926E+00 -.102871E+00
    1  -.112993E+00 0.400525E+00 -.174788E+00
    1  -.424961E-01 -.195031E-01 -.294852E+00
    1  0.561484E+00 0.129063E+00 -.193348E+00
    1  0.393181E+00 -.713824E+00 0.237607E+00
    1  0.269018E+00 0.179883E+00 0.491052E-01
    1  0.316210E+00 0.197587E+00 -.559537E-01
    1  -.211969E+00 -.462726E+00 -.306666E+00
    1  -.482544E-01 -.258949E+00 0.910653E-01
    1  -.138836E+00 0.126022E+00 -.305725E+00
    1  0.141153E+00 0.261597E+00 0.561551E+00
    1  0.129802E+00 -.311183E-01 -.290621E-01
    1  0.945945E-01 0.786167E+00 0.730702E-02
    1  0.639278E-02 -.182234E+00 0.428247E+00
    1  0.261297E+00 -.404737E+00 -.991267E-01
    1  -.461686E+00 0.350531E+00 0.497043E-01
    1  -.309907E-01 0.471424E-01 0.234717E+00
    1  -.270490E+00 -.186662E+00 -.809849E+00
    1  0.253857E+00 -.148439E+00 -.429293E-01
    1  -.355660E-01 -.201929E-01 0.723942E+00
    1  -.654974E-01 -.934984E-01 0.171516E+00
    1  0.130331E+00 0.177187E+00 0.899571E-01
    1  -.795105E-01 0.124014E-01 0.161612E+00
    1  0.733060E+00 0.133295E+00 0.277991E+00
    1  0.100155E+01 -.391647E-01 -.365754E+00
    1  0.926449E-01 -.590032E+00 0.322402E+00
    1  -.143308E+00 -.173301E+00 0.451378E+00
    1  0.237031E+00 0.216786E+00 -.903747E-01
    1  -.682910E+00 -.439972E+00 -.128703E+01
    1  0.621109E+00 -.327343E+00 0.458053E+00
    1  -.668004E+00 -.253448E+00 0.117675E+00
    1  0.118659E+00 0.348480E-01 -.245517E+00
    1  -.286951E+00 0.709874E+00 -.273327E+00
    1  0.153925E+00 0.412830E+00 0.106123E+01
    1  0.324122E+00 -.508721E+00 0.191526E+00
    1  0.263561E+00 -.161596E+00 -.587781E+00
    1  0.430948E-01 -.127111E-01 0.169301E+00
    1  -.329122E+00 0.210668E+00 0.742703E-01
    1  -.212482E+00 -.820587E-01 0.216745E+00
    1  0.528606E+00 0.709147E+00 -.127405E+00
    1  0.747661E-01 -.355455E+00 -.738692E+00
    1  0.538652E+00 -.154252E+00 0.636781E+00
    1  -.370085E+00 -.529920E-01 -.527191E+00
    1  -.322942E+00 -.307952E+00 0.587415E-01
    1  -.472694E+00 0.185581E+00 0.729754E+00
    1  0.714289E-01 0.400251E+00 0.296551E+00
    1  0.781448E+00 -.290632E+00 0.769197E-01
    1  0.261960E+00 0.115044E-01 -.470062E+00
    1  -.179235E+00 -.635271E+00 0.102509E+00
    1  0.275427E+00 -.531284E+00 0.317660E+00
    1  -.489217E+00 -.419390E+00 -.148682E+00
    1  -.182685E+00 0.255179E+00 0.344288E+00
    1  0.113184E+00 0.554642E-02 -.189210E+00
    1  -.341378E+00 0.338781E+00 0.211295E+00
    1  0.671284E+00 0.582876E+00 0.838077E-01
    1  -.128125E+00 0.377849E-01 -.159068E+00
    1  -.526143E-01 0.332956E+00 0.656668E+00
    1  -.766596E+00 -.446047E+00 -.131221E+00
    1  0.492948E-01 -.575256E+00 -.347038E+00
    1  0.281633E+00 0.371989E+00 -.255525E+00
    1  0.854522E+00 -.436812E+00 0.286394E+00
    1  0.119415E+00 0.458091E-01 -.387324E+00
    1  -.824360E-01 -.203885E+00 0.498448E+00
    1  0.376656E+00 0.182863E+00 -.402191E+00
    1  0.191102E+00 0.234943E+00 -.456269E+00
    1  0.928031E-01 0.234604E+00 -.629459E-01
    1  -.352544E+00 -.683797E+00 -.641437E-01
    1  -.942337E-01 0.290211E+00 0.408321E+00
    1  -.255100E+00 -.276694E-02 -.313214E+00
    1  -.378173E+00 0.115103E+00 0.286901E+00
    1  0.109175E+00 -.178226E+00 0.206575E+00
    1  0.208601E+00 0.985136E-01 0.469818E+00
    1  -.316518E+00 -.237851E+00 -.400177E+00
    1  -.447657E+00 0.395447E+00 -.180032E-01
    1  0.423654E+00 0.565849E+00 -.192691E+00
    1  0.931409E-01 -.270568E+00 0.274207E+00
    1  0.117816E-01 -.392823E+00 -.507052E+00
    7  -.871408E+00 -.783554E+00 -.961567E+00
    7  0.544739E+00 -.584242E+00 0.120585E+01
    7  0.263362E+00 -.303572E+00 0.124937E+00
    7  -.612927E+00 -.987247E+00 -.324164E+00
    7  -.441801E+00 -.215108E+00 0.137351E+00
   16  0.995244E+00 0.135779E+01 0.347317E+00
   16  0.820699E+00 -.548060E+00 0.200363E+00
   16  0.144308E+01 0.113480E+01 0.410566E+00
   16  -.232581E+00 0.341628E+00 0.243153E+00
   16  0.284736E+00 -.541429E+00 -.725714E+00
   16  0.723944E+00 -.221097E-01 -.670296E-01
   16  -.447887E+00 0.632799E+00 -.162610E+01
   16  0.745045E+00 0.778108E+00 -.412812E+00
   16  -.122936E+01 -.159704E+01 -.200355E+01
   16  0.164007E+01 0.406682E+00 0.579782E+00
    3  0.374952E+00 -.883278E-01 0.181476E+00
    3  -.285714E+00 -.240650E+00 -.118947E+00
    3  -.396894E+00 -.137569E+00 0.257053E+00
    3  0.737937E-01 -.143620E+00 -.512386E+00
    3  0.281008E+00 0.195863E+00 0.735437E+00
 ***** total force *******
    0  -.274588E+00 0.264156E-01 -.871809E+00
 total computation time (sec)=   1995.76615905762     
