 
 20220410 d32bba55103a90623bd565d5741925e61270efe5
 
 ******************************************************************************
 *                                PWmat                                       *
 *                       VERSION   :   2.0.0                                  *
 *                       LICENCE TO:                                          *
 *                                  Sa Bai Sheng                               *
 *                                Fu Zhou University                           *
 *                                     By support@pwmat.com, LongXun, Beijing *
 ******************************************************************************
 *Please cite one or both following papers:                                   *
 *Jia, W., Fu, J., Cao, Z., Wang, L., Chi, X., Gao, W., & Wang, L. W. (2013). *
 *Fast plane wave density functional theory molecular dynamics calculations on*
 *multi-GPU machines. JCP, 251, 102-115.                                      *
 *Jia, W., Cao, Z., Wang, L., Fu, J., Chi, X., Gao, W., & Wang, L. W. (2013). *
 *The analysis of a plane wave pseudopotential density functional theory code *
 *on a GPU machine. CPC, 184(1), 9-18.                                        *
 ******************************************************************************
 
 read etot.input 
 
 velocity read in from atom.config         
 symmetry infos:
  pointgroup_number=1
  n_operations=1
  pointgroup_symbol=1
  hall_symbol=P 1
  hall_number=1
 generate kpoints with spatial symmetry and time symmetry
 input kpts in primary cell unit
  ===================================== 
           1 ranks per GPU
  ===================================== 
 number of nonlocal atom=         460
 n1,n2,n3=         120         120         120
 n1L,n2L,n3L=         120         120         120
 SPIN=           1
 AL1,AL2,AL3 in (x,y,z) components and A
 each line is one supercell edge vector
   18.0550000     0.0000000     0.0000000
    0.0000000    18.0820000     0.0000000
    0.0000000     0.0000000    18.0730000
 
 done read etot.input 
 
 Initialize GPU processes
 Assigning device 0  to process on node mstation rank 0, OK
 Assigning device 1  to process on node mstation rank 1, OK
 Assigning device 2  to process on node mstation rank 2, OK
 Assigning device 3  to process on node mstation rank 3, OK
 cuSparse Solver is init successfully 
 cuSparse Solver is init successfully 
 cuSparse Solver is init successfully 
 cuSparse Solver is init successfully 
 
 fft prepare 
 
  load balancing info for potential sphere
 pe.  g's. cols. 
           1      110503        1410
           2      110503        1410
           3      110504        1411
           4      110502        1411
 minimum possible value of (pot) mgz2_12 =           60
 optimal (and used) value of (pot) mgz2_12=           60
  load balancing info for potential sphere
 pe.  g's. cols. 
           1      217861        1830
           2      217800        1830
           3      217800        1830
           4      217800        1830
 minimum possible value of (pot) mgz2F_12 =           61
 optimal (and used) value of (pot) mgz2F_12=           61
 
 done fft prepare 
 
 
 init wave functions 
 
  load balancing of the first kpt
 kpt, pe.  g's. cols. 
           1       78148        1394
           2       78148        1394
           3       78231        1395
           4       78146        1394
 
 minimum possible value of mgz_12 =           43
 optimal (and used) value of mgz_12 =           43
 
 done init wave functions 
 
 
 JOB begin ...
 
  ------------Precision----------
  ---  SINGLE precision  --------
  ------------Precision----------
 input charge sum2(ido_rho,s)=           1   1932.21695701884     
 correct that to totNel   1940.00000000000     
 scf loop
 *********************************
 ****** kpt=           1
 err of each states, eV
  0.137781E+03     0.143926E+03     0.143560E+03     0.141578E+03     0.140055E+03
  0.142779E+03     0.144776E+03     0.141580E+03     0.141517E+03     0.143106E+03
  0.140999E+03     0.143792E+03     0.143674E+03     0.142017E+03     0.142231E+03
  0.143106E+03     0.144771E+03     0.140506E+03     0.148702E+03     0.142013E+03
  0.140207E+03     0.143390E+03     0.139885E+03     0.140512E+03     0.139341E+03
  0.144597E+03     0.144606E+03     0.137982E+03     0.145712E+03     0.142079E+03
  0.140096E+03     0.142564E+03     0.141067E+03     0.146298E+03     0.143937E+03
  0.141958E+03     0.146057E+03     0.144128E+03     0.141967E+03     0.144970E+03
  0.138829E+03     0.141870E+03     0.141204E+03     0.145451E+03     0.141305E+03
  0.142263E+03     0.141168E+03     0.142672E+03     0.144625E+03     0.144371E+03
  0.143147E+03     0.145528E+03     0.144687E+03     0.139345E+03     0.144202E+03
  0.143676E+03     0.146040E+03     0.143087E+03     0.145893E+03     0.145010E+03
  0.141713E+03     0.145568E+03     0.145992E+03     0.145870E+03     0.143983E+03
  0.141989E+03     0.140316E+03     0.142436E+03     0.140394E+03     0.146161E+03
  0.143455E+03     0.140273E+03     0.144677E+03     0.144362E+03     0.140914E+03
  0.145657E+03     0.144232E+03     0.144605E+03     0.148335E+03     0.142632E+03
  0.147294E+03     0.143576E+03     0.139551E+03     0.146678E+03     0.142904E+03
  0.142535E+03     0.145307E+03     0.143842E+03     0.142477E+03     0.144823E+03
  0.147863E+03     0.144600E+03     0.143883E+03     0.145625E+03     0.149694E+03
  0.147066E+03     0.144000E+03     0.143054E+03     0.139334E+03     0.143852E+03
  0.143318E+03     0.145403E+03     0.143606E+03     0.142016E+03     0.142242E+03
  0.144861E+03     0.145171E+03     0.145769E+03     0.143757E+03     0.143894E+03
  0.143593E+03     0.145244E+03     0.144794E+03     0.145502E+03     0.145887E+03
  0.146889E+03     0.141991E+03     0.143344E+03     0.144306E+03     0.147443E+03
  0.142586E+03     0.146366E+03     0.147169E+03     0.143684E+03     0.146773E+03
  0.146231E+03     0.146550E+03     0.145293E+03     0.146803E+03     0.146765E+03
  0.146040E+03     0.146210E+03     0.144201E+03     0.145130E+03     0.144069E+03
  0.145252E+03     0.144590E+03     0.146165E+03     0.145890E+03     0.144943E+03
  0.146469E+03     0.144742E+03     0.149405E+03     0.145348E+03     0.147845E+03
  0.148558E+03     0.145850E+03     0.145147E+03     0.144203E+03     0.147836E+03
  0.142619E+03     0.146705E+03     0.146391E+03     0.149505E+03     0.145312E+03
  0.145775E+03     0.147035E+03     0.142763E+03     0.141375E+03     0.148798E+03
  0.144135E+03     0.149571E+03     0.147833E+03     0.146806E+03     0.146436E+03
  0.146845E+03     0.143438E+03     0.148175E+03     0.148941E+03     0.146251E+03
  0.146154E+03     0.149674E+03     0.147484E+03     0.145225E+03     0.145890E+03
  0.149953E+03     0.147205E+03     0.146736E+03     0.146480E+03     0.150660E+03
  0.147774E+03     0.144926E+03     0.147482E+03     0.143567E+03     0.149171E+03
  0.148675E+03     0.149281E+03     0.149979E+03     0.150221E+03     0.147868E+03
  0.148005E+03     0.148603E+03     0.148264E+03     0.150093E+03     0.148585E+03
  0.146834E+03     0.147252E+03     0.145393E+03     0.147007E+03     0.145924E+03
  0.152493E+03     0.146948E+03     0.148344E+03     0.150230E+03     0.149048E+03
  0.148447E+03     0.145748E+03     0.149987E+03     0.147148E+03     0.144769E+03
  0.146955E+03     0.150453E+03     0.149791E+03     0.144855E+03     0.147335E+03
  0.148206E+03     0.148923E+03     0.147899E+03     0.148220E+03     0.149613E+03
  0.148238E+03     0.147968E+03     0.149515E+03     0.147160E+03     0.152164E+03
  0.151152E+03     0.150188E+03     0.149009E+03     0.144371E+03     0.151778E+03
  0.152389E+03     0.149779E+03     0.148473E+03     0.150548E+03     0.150420E+03
  0.152351E+03     0.148618E+03     0.148705E+03     0.146924E+03     0.149649E+03
  0.148349E+03     0.147293E+03     0.151623E+03     0.152779E+03     0.152410E+03
  0.151054E+03     0.151113E+03     0.148887E+03     0.149335E+03     0.151549E+03
  0.149457E+03     0.151635E+03     0.149808E+03     0.153610E+03     0.151596E+03
  0.150658E+03     0.148840E+03     0.149722E+03     0.147603E+03     0.149774E+03
  0.151735E+03     0.150305E+03     0.151216E+03     0.150298E+03     0.151767E+03
  0.150694E+03     0.153286E+03     0.151057E+03     0.150790E+03     0.150113E+03
  0.151363E+03     0.146632E+03     0.146510E+03     0.150057E+03     0.151736E+03
  0.151008E+03     0.149095E+03     0.150834E+03     0.149333E+03     0.151013E+03
  0.152516E+03     0.154537E+03     0.150170E+03     0.149783E+03     0.151378E+03
  0.150748E+03     0.150050E+03     0.151751E+03     0.147795E+03     0.150794E+03
  0.152243E+03     0.153166E+03     0.151992E+03     0.154411E+03     0.152685E+03
  0.154260E+03     0.153476E+03     0.149831E+03     0.148080E+03     0.150607E+03
  0.151523E+03     0.151436E+03     0.152723E+03     0.150452E+03     0.151816E+03
  0.150123E+03     0.151396E+03     0.148584E+03     0.155353E+03     0.152046E+03
  0.156068E+03     0.149371E+03     0.152846E+03     0.150171E+03     0.151361E+03
  0.152744E+03     0.149178E+03     0.152407E+03     0.152444E+03     0.150592E+03
  0.153133E+03     0.153292E+03     0.153346E+03     0.154955E+03     0.151545E+03
  0.150723E+03     0.152054E+03     0.148942E+03     0.155149E+03     0.153035E+03
  0.151728E+03     0.154806E+03     0.154201E+03     0.152549E+03     0.153133E+03
  0.149525E+03     0.150585E+03     0.156302E+03     0.154095E+03     0.151577E+03
  0.155234E+03     0.155277E+03     0.154459E+03     0.155246E+03     0.157322E+03
  0.154495E+03     0.151486E+03     0.155067E+03     0.152697E+03     0.152267E+03
  0.150469E+03     0.153073E+03     0.153202E+03     0.158494E+03     0.156738E+03
  0.152914E+03     0.153781E+03     0.153358E+03     0.154590E+03     0.152618E+03
  0.154480E+03     0.157588E+03     0.152971E+03     0.155751E+03     0.154262E+03
  0.152445E+03     0.154885E+03     0.154109E+03     0.152659E+03     0.153501E+03
  0.156087E+03     0.154518E+03     0.156768E+03     0.155125E+03     0.153953E+03
  0.151760E+03     0.155543E+03     0.159538E+03     0.156325E+03     0.153110E+03
  0.150636E+03     0.158014E+03     0.157823E+03     0.155462E+03     0.154762E+03
  0.157319E+03     0.156657E+03     0.153761E+03     0.157689E+03     0.158781E+03
  0.159266E+03     0.158751E+03     0.156202E+03     0.155521E+03     0.158068E+03
  0.152887E+03     0.158673E+03     0.158312E+03     0.155969E+03     0.157043E+03
  0.155591E+03     0.156516E+03     0.157682E+03     0.156872E+03     0.154181E+03
  0.153774E+03     0.159252E+03     0.155681E+03     0.157042E+03     0.155280E+03
  0.154548E+03     0.158233E+03     0.153155E+03     0.156903E+03     0.154295E+03
  0.158110E+03     0.153546E+03     0.158384E+03     0.159988E+03     0.158520E+03
  0.156096E+03     0.158425E+03     0.154385E+03     0.159757E+03     0.158895E+03
  0.158047E+03     0.155954E+03     0.157021E+03     0.158797E+03     0.154461E+03
  0.157817E+03     0.158367E+03     0.157224E+03     0.160127E+03     0.158980E+03
  0.154709E+03     0.156388E+03     0.157890E+03     0.157838E+03     0.159602E+03
  0.155218E+03     0.161066E+03     0.157119E+03     0.153671E+03     0.158644E+03
  0.160064E+03     0.157671E+03     0.159904E+03     0.157550E+03     0.157175E+03
  0.160506E+03     0.162581E+03     0.162656E+03     0.160267E+03     0.160168E+03
  0.160553E+03     0.160091E+03     0.156080E+03     0.160111E+03     0.158228E+03
  0.158662E+03     0.161157E+03     0.160332E+03     0.159937E+03     0.157947E+03
  0.159443E+03     0.162270E+03     0.155852E+03     0.162376E+03     0.162738E+03
  0.160891E+03     0.158124E+03     0.162008E+03     0.157266E+03     0.160999E+03
  0.158222E+03     0.157371E+03     0.158823E+03     0.160391E+03     0.157399E+03
  0.159970E+03     0.158111E+03     0.163143E+03     0.160999E+03     0.162012E+03
  0.155939E+03     0.158006E+03     0.161014E+03     0.160406E+03     0.159933E+03
  0.157778E+03     0.164752E+03     0.160290E+03     0.157269E+03     0.159246E+03
  0.160601E+03     0.160418E+03     0.160063E+03     0.162503E+03     0.161221E+03
  0.163948E+03     0.160300E+03     0.162387E+03     0.159974E+03     0.162873E+03
  0.164603E+03     0.157154E+03     0.157999E+03     0.158113E+03     0.157117E+03
  0.160099E+03     0.157799E+03     0.158311E+03     0.160541E+03     0.164679E+03
  0.161626E+03     0.156951E+03     0.164710E+03     0.161584E+03     0.162413E+03
  0.162830E+03     0.163098E+03     0.164167E+03     0.164029E+03     0.163947E+03
  0.164311E+03     0.164806E+03     0.162220E+03     0.161380E+03     0.165256E+03
  0.161268E+03     0.163718E+03     0.159114E+03     0.161785E+03     0.163134E+03
  0.165489E+03     0.162514E+03     0.164544E+03     0.162302E+03     0.160244E+03
  0.162480E+03     0.158925E+03     0.162569E+03     0.159468E+03     0.165032E+03
  0.164995E+03     0.162009E+03     0.163672E+03     0.164228E+03     0.159011E+03
  0.159136E+03     0.159091E+03     0.161171E+03     0.163766E+03     0.160528E+03
  0.162054E+03     0.168399E+03     0.167603E+03     0.165621E+03     0.163119E+03
  0.164894E+03     0.166661E+03     0.165734E+03     0.163391E+03     0.163366E+03
  0.163791E+03     0.163222E+03     0.162444E+03     0.165065E+03     0.163500E+03
  0.162906E+03     0.162817E+03     0.166018E+03     0.162645E+03     0.164493E+03
  0.163650E+03     0.163311E+03     0.166654E+03     0.161264E+03     0.166318E+03
  0.162629E+03     0.167130E+03     0.164121E+03     0.162803E+03     0.161019E+03
  0.163829E+03     0.169484E+03     0.163868E+03     0.166983E+03     0.163816E+03
  0.165393E+03     0.163958E+03     0.167502E+03     0.164330E+03     0.161185E+03
  0.162617E+03     0.168825E+03     0.163846E+03     0.163264E+03     0.162941E+03
  0.166847E+03     0.165703E+03     0.166487E+03     0.164471E+03     0.164759E+03
  0.163777E+03     0.165091E+03     0.166078E+03     0.168071E+03     0.166411E+03
  0.166775E+03     0.162782E+03     0.161900E+03     0.169569E+03     0.167278E+03
  0.167484E+03     0.165153E+03     0.164550E+03     0.166420E+03     0.166281E+03
  0.166354E+03     0.167564E+03     0.169328E+03     0.165267E+03     0.166577E+03
  0.166609E+03     0.169951E+03     0.168022E+03     0.168089E+03     0.165693E+03
  0.167506E+03     0.166990E+03     0.170132E+03     0.172244E+03     0.168519E+03
  0.161149E+03     0.166917E+03     0.163848E+03     0.166076E+03     0.169975E+03
  0.168700E+03     0.168699E+03     0.168927E+03     0.171165E+03     0.168957E+03
  0.166031E+03     0.170300E+03     0.167089E+03     0.171019E+03     0.169923E+03
  0.163492E+03     0.167377E+03     0.167604E+03     0.168232E+03     0.167433E+03
  0.171897E+03     0.168817E+03     0.170347E+03     0.170450E+03     0.165082E+03
  0.166611E+03     0.168957E+03     0.165776E+03     0.172980E+03     0.164161E+03
  0.167627E+03     0.171139E+03     0.173135E+03     0.169959E+03     0.169748E+03
  0.169111E+03     0.168724E+03     0.170295E+03     0.165602E+03     0.168612E+03
  0.175782E+03     0.169287E+03     0.167252E+03     0.170363E+03     0.168046E+03
  0.165435E+03     0.171074E+03     0.170815E+03     0.168656E+03     0.169364E+03
  0.172600E+03     0.171470E+03     0.167311E+03     0.167980E+03     0.171898E+03
  0.172964E+03     0.170331E+03     0.170216E+03     0.168779E+03     0.167404E+03
  0.169418E+03     0.171307E+03     0.168465E+03     0.170948E+03     0.172168E+03
  0.174006E+03     0.172494E+03     0.173606E+03     0.170113E+03     0.171482E+03
  0.172259E+03     0.171422E+03     0.169869E+03     0.171745E+03     0.172187E+03
  0.169355E+03     0.167565E+03     0.168388E+03     0.169785E+03     0.173035E+03
  0.171533E+03     0.172193E+03     0.169824E+03     0.173029E+03     0.169037E+03
  0.174768E+03     0.170706E+03     0.173484E+03     0.175564E+03     0.174033E+03
  0.170548E+03     0.168553E+03     0.171110E+03     0.175170E+03     0.171352E+03
  0.172776E+03     0.169822E+03     0.174828E+03     0.167478E+03     0.170133E+03
  0.173213E+03     0.170330E+03     0.173817E+03     0.176101E+03     0.169279E+03
  0.175433E+03     0.169222E+03     0.170640E+03     0.171421E+03     0.168905E+03
  0.172751E+03     0.173476E+03     0.168079E+03     0.176866E+03     0.172886E+03
  0.168723E+03     0.173369E+03     0.179729E+03     0.173973E+03     0.173625E+03
  0.176391E+03     0.172492E+03     0.173072E+03     0.173051E+03     0.173640E+03
  0.176622E+03     0.172771E+03     0.169533E+03     0.177994E+03     0.170885E+03
  0.174961E+03     0.176487E+03     0.176617E+03     0.176081E+03     0.175222E+03
  0.174428E+03     0.176301E+03     0.175061E+03     0.176631E+03     0.176439E+03
  0.174001E+03     0.172693E+03     0.173558E+03     0.174827E+03     0.176282E+03
  0.174649E+03     0.174113E+03     0.176269E+03     0.175182E+03     0.171847E+03
  0.177498E+03     0.175070E+03     0.176663E+03     0.176027E+03     0.173001E+03
  0.174008E+03     0.173396E+03     0.175348E+03     0.176266E+03     0.177567E+03
  0.175883E+03     0.175787E+03     0.176013E+03     0.174763E+03     0.174861E+03
  0.177050E+03     0.173387E+03     0.177687E+03     0.174452E+03     0.176759E+03
  0.174458E+03     0.177861E+03     0.172644E+03     0.176165E+03     0.175942E+03
  0.176241E+03     0.178038E+03     0.169718E+03     0.170363E+03     0.176630E+03
  0.175875E+03     0.174560E+03     0.176067E+03     0.177580E+03     0.176400E+03
  0.177567E+03     0.176836E+03     0.178956E+03     0.176702E+03     0.178966E+03
  0.174865E+03     0.178283E+03     0.177236E+03     0.172532E+03     0.174646E+03
  0.182231E+03     0.174264E+03     0.173474E+03     0.175672E+03     0.181792E+03
  0.178318E+03     0.175545E+03     0.176567E+03     0.177026E+03     0.174614E+03
  0.171655E+03     0.179847E+03     0.178492E+03     0.176368E+03     0.180460E+03
  0.178480E+03     0.179180E+03     0.178760E+03     0.177850E+03     0.179667E+03
  0.179034E+03     0.176164E+03     0.178176E+03     0.178857E+03     0.180817E+03
  0.178293E+03     0.176453E+03     0.176706E+03     0.178662E+03     0.179057E+03
  0.178337E+03     0.178251E+03     0.175999E+03     0.177540E+03     0.177982E+03
  0.181676E+03     0.179201E+03     0.179938E+03     0.176594E+03     0.181355E+03
  0.175307E+03     0.177423E+03     0.177229E+03     0.186081E+03     0.180274E+03
  0.180647E+03     0.184271E+03     0.182767E+03     0.179182E+03     0.179950E+03
  0.177876E+03     0.179515E+03     0.181473E+03     0.186851E+03     0.179031E+03
  0.179861E+03     0.178903E+03     0.181689E+03     0.179703E+03     0.180306E+03
  0.183494E+03     0.180271E+03     0.178293E+03     0.181126E+03     0.178321E+03
  0.178490E+03     0.178692E+03     0.181231E+03     0.182940E+03     0.178339E+03
  0.178081E+03     0.180648E+03     0.181304E+03     0.176440E+03     0.183049E+03
  0.182446E+03     0.182186E+03     0.183767E+03     0.180087E+03     0.179188E+03
  0.178154E+03     0.180716E+03     0.178007E+03     0.179596E+03     0.183825E+03
  0.181445E+03     0.181962E+03     0.182514E+03     0.184161E+03     0.181659E+03
  0.184813E+03     0.182086E+03     0.181004E+03     0.185916E+03     0.181259E+03
  0.180143E+03     0.181385E+03     0.181242E+03     0.182889E+03     0.183184E+03
  0.182704E+03     0.181227E+03     0.180765E+03     0.186519E+03     0.181390E+03
  0.180169E+03     0.179646E+03     0.178677E+03     0.184400E+03     0.184156E+03
  0.182564E+03     0.182586E+03     0.184891E+03     0.185675E+03     0.185646E+03
  0.181787E+03     0.183671E+03     0.186512E+03     0.183812E+03     0.186420E+03
  0.183935E+03     0.186179E+03     0.185693E+03     0.181781E+03     0.183293E+03
  0.183343E+03     0.183813E+03     0.184795E+03     0.186725E+03     0.182129E+03
  0.181668E+03     0.183928E+03     0.184147E+03     0.183733E+03     0.178438E+03
  0.184395E+03     0.186604E+03     0.186650E+03     0.184668E+03     0.181867E+03
  0.187132E+03     0.185639E+03     0.181848E+03     0.184408E+03     0.187847E+03
  0.182117E+03     0.186431E+03     0.187686E+03     0.186754E+03     0.186721E+03
  0.183597E+03     0.187456E+03     0.186613E+03     0.183088E+03     0.183868E+03
  0.186493E+03     0.184833E+03     0.187735E+03     0.185663E+03     0.186437E+03
  0.184469E+03     0.185348E+03     0.186326E+03     0.185798E+03     0.187149E+03
  0.183802E+03     0.183158E+03     0.186956E+03     0.184686E+03     0.189930E+03
  0.191500E+03     0.187017E+03     0.187206E+03     0.185459E+03     0.187551E+03
  0.188375E+03     0.191412E+03     0.185187E+03     0.188671E+03     0.186135E+03
  0.186977E+03     0.191075E+03     0.187546E+03     0.187679E+03     0.184481E+03
  0.186581E+03     0.186986E+03     0.185688E+03     0.188679E+03     0.188503E+03
  0.185343E+03     0.186627E+03     0.182412E+03     0.188412E+03     0.185615E+03
  0.190494E+03     0.192921E+03     0.186192E+03
 eigen energies, in ev
      0.401904         0.681040         0.898620         1.016128         1.363181
      1.432969         1.666013         1.753543         1.912017         2.102190
      2.241045         2.342466         2.435432         2.528340         2.676705
      2.787126         2.914528         2.986843         3.128721         3.153210
      3.266889         3.434488         3.568033         3.693727         3.739250
      3.861800         3.970403         4.065321         4.172490         4.239737
      4.324945         4.468071         4.501916         4.591341         4.714193
      4.794833         4.891398         4.947073         5.068555         5.157793
      5.219723         5.325822         5.454415         5.624185         5.698492
      5.725323         5.865927         5.909093         5.959445         6.124465
      6.204097         6.255751         6.367720         6.435927         6.511990
      6.664849         6.688003         6.835063         6.905395         6.980811
      7.040500         7.142444         7.185485         7.243898         7.354500
      7.399987         7.470107         7.586498         7.682703         7.769957
      7.799167         7.885257         7.963721         8.025870         8.098137
      8.292906         8.319760         8.399217         8.426672         8.529530
      8.616002         8.656673         8.715821         8.758406         8.822266
      8.907251         9.014778         9.141249         9.185426         9.276320
      9.360525         9.435060         9.515263         9.540679         9.612436
      9.652895         9.718444         9.832918         9.888913        10.018323
     10.049781        10.080494        10.157420        10.222142        10.316179
     10.362382        10.438000        10.538930        10.629534        10.696395
     10.739857        10.791281        10.828311        10.881982        10.952196
     11.068397        11.101848        11.175632        11.220946        11.285450
     11.347111        11.422519        11.506287        11.539665        11.614261
     11.653624        11.748680        11.843099        11.915894        11.959719
     12.061599        12.093250        12.129786        12.222547        12.292246
     12.311963        12.361812        12.455808        12.506474        12.520304
     12.564793        12.639351        12.721355        12.798857        12.863394
     12.947691        12.989907        13.037153        13.111397        13.224140
     13.246602        13.280676        13.323885        13.373718        13.473177
     13.569585        13.594187        13.638178        13.672307        13.759200
     13.809400        13.882714        13.899079        14.010995        14.062035
     14.143420        14.200195        14.267810        14.313311        14.370508
     14.448495        14.474928        14.592425        14.647680        14.735091
     14.788478        14.799473        14.884878        14.945043        15.012099
     15.076521        15.143716        15.214718        15.242229        15.273418
     15.312948        15.428250        15.465980        15.506714        15.616780
     15.664608        15.686892        15.788461        15.815539        15.877549
     15.925926        15.983871        16.015747        16.082715        16.173105
     16.177086        16.243440        16.347733        16.445025        16.478298
     16.491852        16.542147        16.608870        16.696413        16.721218
     16.785415        16.855189        16.937049        16.964270        17.089325
     17.122866        17.137956        17.183229        17.285663        17.373420
     17.398486        17.446496        17.507288        17.548316        17.606964
     17.664577        17.754739        17.786932        17.898048        17.909946
     17.962180        18.031241        18.072550        18.146076        18.194578
     18.229494        18.317189        18.372011        18.394081        18.525214
     18.611692        18.649206        18.700240        18.727272        18.795724
     18.890105        18.939260        18.984073        19.033350        19.076438
     19.177137        19.221705        19.271152        19.327278        19.401540
     19.442006        19.530885        19.603820        19.662407        19.764299
     19.821344        19.882555        19.952258        19.986943        20.024105
     20.087110        20.106197        20.258925        20.299903        20.401215
     20.480881        20.539332        20.567303        20.607305        20.690168
     20.779089        20.835037        20.912642        20.988634        21.019897
     21.077495        21.141604        21.235503        21.317565        21.361097
     21.424733        21.465635        21.501133        21.563007        21.702040
     21.734533        21.831357        21.907233        21.976830        22.051919
     22.132363        22.236266        22.281304        22.325258        22.393081
     22.506545        22.532968        22.640950        22.691965        22.731972
     22.854228        22.880425        22.925587        23.043167        23.083399
     23.225655        23.289655        23.347022        23.377620        23.501603
     23.590638        23.639327        23.699659        23.808934        23.838693
     23.887073        23.947080        24.025858        24.185853        24.233111
     24.323623        24.397343        24.475422        24.510636        24.622662
     24.682492        24.746584        24.826123        24.997031        25.042966
     25.105982        25.204899        25.253320        25.360921        25.406292
     25.448056        25.546947        25.626804        25.692898        25.811777
     25.863188        25.937179        25.984286        26.096643        26.186123
     26.237771        26.417083        26.468254        26.549662        26.595673
     26.725735        26.800436        26.828992        26.900553        27.019186
     27.041635        27.136186        27.233815        27.311094        27.364476
     27.464460        27.521196        27.644240        27.685827        27.785148
     27.897470        27.975291        28.048150        28.121636        28.188527
     28.271754        28.351900        28.372861        28.479279        28.619909
     28.658927        28.779339        28.942197        28.998481        29.084143
     29.196682        29.279920        29.317849        29.364053        29.437006
     29.623607        29.672903        29.774238        29.884270        29.914178
     29.996051        30.115295        30.222837        30.302233        30.370702
     30.518609        30.606586        30.652572        30.737566        30.826807
     30.952129        31.003804        31.097263        31.201925        31.245276
     31.409401        31.505577        31.585921        31.621398        31.776754
     31.902376        31.949070        32.009054        32.149480        32.184819
     32.283063        32.426986        32.561688        32.633952        32.661419
     32.736099        32.845090        32.958773        33.092026        33.170176
     33.293757        33.390415        33.434352        33.460013        33.561563
     33.813356        33.861873        33.959529        34.034863        34.118265
     34.166950        34.358897        34.458216        34.549254        34.609559
     34.746475        34.797764        34.883902        34.973931        35.099662
     35.192253        35.260861        35.457382        35.487993        35.543341
     35.725262        35.763506        35.891804        36.021773        36.136456
     36.175062        36.274354        36.436874        36.588171        36.674011
     36.748533        36.846648        36.961003        37.075995        37.217851
     37.298540        37.357649        37.425976        37.670663        37.738575
     37.797734        37.879365        38.068172        38.138770        38.302862
     38.367528        38.428688        38.606498        38.668137        38.726418
     38.848249        38.992421        39.111150        39.293871        39.344856
     39.462598        39.639522        39.783283        39.862328        39.985832
     40.103193        40.173442        40.303456        40.424116        40.491680
     40.577842        40.593235        40.786343        40.848768        41.025024
     41.134792        41.259789        41.318234        41.399270        41.524942
     41.670875        41.838821        41.939764        42.083496        42.209326
     42.266034        42.361894        42.520485        42.670825        42.743072
     42.935217        43.035820        43.081891        43.185899        43.379592
     43.422011        43.560519        43.643450        43.854989        43.918733
     44.067345        44.137079        44.250907        44.377183        44.440211
     44.540607        44.698255        44.798665        44.992496        45.026544
     45.166895        45.273302        45.443129        45.499799        45.588958
     45.772538        45.881592        45.956483        46.153294        46.237063
     46.305355        46.480192        46.624986        46.783093        46.852362
     47.019922        47.112064        47.181451        47.412295        47.581372
     47.672695        47.804948        47.911327        48.122634        48.182188
     48.282790        48.374808        48.495972        48.686286        48.844176
     48.933306        49.004478        49.097911        49.297518        49.396750
     49.544180        49.619965        49.818110        49.882929        49.974941
     50.188049        50.260112        50.410670        50.491782        50.598042
     50.747724        50.856451        51.062758        51.246762        51.309776
     51.401564        51.459196        51.654291        51.773461        51.991816
     52.149677        52.281562        52.401382        52.579863        52.704481
     52.839744        53.053641        53.199267        53.320746        53.504786
     53.562665        53.657078        53.760595        53.877497        54.009123
     54.140183        54.294429        54.312987        54.585849        54.735493
     54.961415        55.083578        55.154044        55.242096        55.480186
     55.571412        55.665890        55.835891        55.955261        56.138299
     56.282576        56.361888        56.593763        56.691215        56.887732
     57.008103        57.074669        57.312538        57.398126        57.449290
     57.586322        57.666645        57.950508        58.056000        58.222390
     58.426621        58.557743        58.704768        58.859608        59.059936
     59.250571        59.329409        59.535695        59.601720        59.733929
     59.802529        59.923825        60.043645        60.180666        60.430994
     60.598645        60.721370        60.843529        61.066097        61.251720
     61.399645        61.531219        61.653170        61.818900        61.947072
     62.066100        62.283481        62.370309        62.612468        62.833840
     62.885285        63.011786        63.196703        63.381349        63.471248
     63.621799        63.770658        63.988600        64.186694        64.239273
     64.417622        64.554989        64.776187        64.915138        64.951986
     65.167763        65.296809        65.468810        65.545197        65.688521
     65.809792        66.095021        66.261179        66.476125        66.526326
     66.916468        67.030712        67.099035        67.282102        67.608865
     67.761594        67.818843        67.983060        68.128976        68.351321
     68.606604        68.717669        68.841378        68.986093        69.185326
     69.264512        69.449948        69.643201        69.895494        69.941891
     70.037539        70.119382        70.428008        70.648194        70.820083
     70.877118        71.031666        71.240914        71.280973        71.564777
     71.731497        71.843869        72.030359        72.231857        72.428396
     72.578506        72.716437        72.807573        73.046040        73.153852
     73.244464        73.619368        73.704783        73.801969        73.932449
     74.108131        74.267178        74.516595        74.631756        74.959582
     75.014587        75.216008        75.396937        75.540189        75.779736
     75.970953        76.127898        76.335201        76.488355        76.575825
     76.825400        77.002552        77.070915        77.299192        77.440725
     77.661711        77.809839        77.902008        78.154009        78.457412
     78.644670        78.854488        78.974296        79.094608        79.231033
     79.462854        79.609861        79.954144        80.084463        80.349144
     80.537654        80.693507        80.902863        81.102971        81.300149
     81.424804        81.767216        81.846554        82.133203        82.294808
     82.425360        82.537565        82.701668        82.942129        83.109686
     83.237281        83.493980        83.627365        83.888550        84.096080
     84.339028        84.538903        84.671768        84.833402        85.088486
     85.274289        85.465231        85.620674        85.943371        86.026275
     86.243822        86.501208        86.819848        86.868947        87.012975
     87.290806        87.487202        87.898668        87.971277        88.331086
     88.505753        88.758931        88.962468        89.146429        89.341279
     89.508191        89.644769        90.004501        90.090918        90.396978
     90.550674        90.677965        90.904901        91.097258        91.368550
     91.407304        91.576561        91.813902        91.866284        92.089087
     92.408883        92.493826        92.645599        93.043204        93.365922
     93.712680        93.843100        93.938833        94.131680        94.213438
     94.755204        94.804051        95.053944        95.239295        95.497041
     95.686497        96.054792        96.292325        96.575953        96.700259
     96.778389        97.074797        97.385335        97.452546        97.791023
     98.017269        98.198966        98.335570        98.711516        98.855182
     99.017586        99.101513        99.377605        99.848318       100.065437
    100.166740       100.367242       100.538048       100.780255       100.990318
    101.289544       101.632106       101.790458       102.014793       102.231355
    102.515728       102.790803       102.990358       103.260613       103.517280
    103.778231       103.992161       104.149866       104.371849       104.609001
    104.958871       105.278466       105.488117       105.785796       105.964018
    106.120003       106.623986       106.776361       106.953590       107.326476
    107.551128       107.677150       108.021681       108.465642       108.638775
    108.907716       108.960074       109.196648       109.240587       109.761928
    109.977813       110.091286       110.428212       110.923238       111.054711
    111.337497       111.631202       111.964849       112.100280       112.484808
    112.654182       112.881429       113.019792       113.313854       113.685577
    113.846994       114.079211       114.383587       114.635487       115.060961
    115.234010       115.570019       115.884544       116.189964       116.429593
    116.936647       117.194278       117.438984       117.987330       118.222033
    118.381036       118.581500       118.953443       119.288288       119.382186
    119.880420       120.164124       120.683721       121.031562       121.242957
    121.312764       121.500929       121.896768       122.337779       122.494425
    122.840755       123.327429       123.768458       123.920082       124.078127
    124.309239       124.893832       125.093285       125.280182       125.682225
    125.942337       126.287100       126.674875       127.253506       127.482406
    127.798479       128.085659       128.405638       128.642164       129.223710
    129.578467       129.719447       129.990261       130.370550       131.212257
    131.293590       131.433073       132.140856       132.531115       132.882125
    133.135653       133.437319       133.977582       134.640446       134.872421
    134.963159       135.690289       135.844578       136.251232       136.451550
    136.723351       137.365726       137.701830       138.067956       138.703274
    139.144340       139.492177       140.113303       140.244882       141.016452
    141.527944       142.218732       142.906069       143.469100       143.696149
    144.456390       145.012620       145.416857       146.041815       146.509341
    147.176385       147.717066       148.512303       149.008871       149.910545
    150.595880       150.966276       151.952206       152.224274       154.324885
    155.251142       157.007721       157.489586
 *********************************
 sum eigen(dbl occ, ryd)=   7952.04909398030     
 *********************************
 One SCF use:    81.6806139945984       s
 *********************************
 ****** kpt=           1
 err of each states, eV
  0.413212E+02     0.404329E+02     0.409421E+02     0.413732E+02     0.420902E+02
  0.421428E+02     0.424838E+02     0.419654E+02     0.422270E+02     0.422388E+02
  0.426566E+02     0.429640E+02     0.430976E+02     0.432507E+02     0.430517E+02
  0.431039E+02     0.437717E+02     0.440849E+02     0.434473E+02     0.436275E+02
  0.443190E+02     0.443162E+02     0.446910E+02     0.452040E+02     0.444773E+02
  0.433209E+02     0.465152E+02     0.451523E+02     0.452869E+02     0.448323E+02
  0.453672E+02     0.449930E+02     0.455180E+02     0.451420E+02     0.450220E+02
  0.449817E+02     0.459071E+02     0.443544E+02     0.458925E+02     0.458298E+02
  0.460926E+02     0.454853E+02     0.457915E+02     0.461221E+02     0.465339E+02
  0.459543E+02     0.467889E+02     0.460727E+02     0.459222E+02     0.466238E+02
  0.465534E+02     0.469892E+02     0.467751E+02     0.454962E+02     0.476939E+02
  0.476049E+02     0.483854E+02     0.468999E+02     0.471909E+02     0.479778E+02
  0.486796E+02     0.481602E+02     0.473491E+02     0.483261E+02     0.476941E+02
  0.476461E+02     0.474323E+02     0.473460E+02     0.475442E+02     0.482409E+02
  0.481634E+02     0.485749E+02     0.482649E+02     0.482985E+02     0.477610E+02
  0.476191E+02     0.478946E+02     0.488717E+02     0.488250E+02     0.472825E+02
  0.483970E+02     0.469944E+02     0.486669E+02     0.491128E+02     0.478613E+02
  0.496270E+02     0.477610E+02     0.493676E+02     0.482165E+02     0.484003E+02
  0.496596E+02     0.490175E+02     0.491646E+02     0.497093E+02     0.501986E+02
  0.490282E+02     0.486849E+02     0.475614E+02     0.498455E+02     0.498605E+02
  0.498366E+02     0.495954E+02     0.492112E+02     0.492754E+02     0.494630E+02
  0.499870E+02     0.500801E+02     0.504331E+02     0.488584E+02     0.500786E+02
  0.487704E+02     0.488261E+02     0.495756E+02     0.494939E+02     0.504169E+02
  0.488927E+02     0.499114E+02     0.499266E+02     0.485183E+02     0.494600E+02
  0.492878E+02     0.504697E+02     0.511552E+02     0.498015E+02     0.493458E+02
  0.490893E+02     0.487470E+02     0.497041E+02     0.488706E+02     0.499355E+02
  0.493107E+02     0.496954E+02     0.492527E+02     0.498440E+02     0.497821E+02
  0.497433E+02     0.494158E+02     0.502184E+02     0.489733E+02     0.498301E+02
  0.495072E+02     0.491313E+02     0.489690E+02     0.493713E+02     0.496210E+02
  0.496769E+02     0.501345E+02     0.498934E+02     0.506149E+02     0.484094E+02
  0.498171E+02     0.506566E+02     0.500404E+02     0.496865E+02     0.507309E+02
  0.490858E+02     0.492090E+02     0.502678E+02     0.489089E+02     0.497592E+02
  0.506836E+02     0.488996E+02     0.502600E+02     0.494497E+02     0.498299E+02
  0.486693E+02     0.496688E+02     0.494520E+02     0.490237E+02     0.488360E+02
  0.487558E+02     0.496829E+02     0.493549E+02     0.486174E+02     0.494572E+02
  0.486352E+02     0.493344E+02     0.489666E+02     0.490116E+02     0.495278E+02
  0.486809E+02     0.484374E+02     0.489838E+02     0.495679E+02     0.491069E+02
  0.492321E+02     0.478769E+02     0.482199E+02     0.491841E+02     0.478194E+02
  0.477373E+02     0.493630E+02     0.483860E+02     0.478999E+02     0.491734E+02
  0.497053E+02     0.486482E+02     0.481750E+02     0.482604E+02     0.486256E+02
  0.497576E+02     0.495495E+02     0.479579E+02     0.484681E+02     0.499005E+02
  0.486366E+02     0.494055E+02     0.473439E+02     0.478980E+02     0.484581E+02
  0.484474E+02     0.495664E+02     0.489028E+02     0.470960E+02     0.481541E+02
  0.483773E+02     0.483705E+02     0.479113E+02     0.494230E+02     0.486894E+02
  0.482185E+02     0.472537E+02     0.484968E+02     0.490169E+02     0.481662E+02
  0.481609E+02     0.478670E+02     0.482328E+02     0.479099E+02     0.481773E+02
  0.487853E+02     0.475871E+02     0.477272E+02     0.478469E+02     0.479139E+02
  0.477948E+02     0.474646E+02     0.476553E+02     0.473830E+02     0.478723E+02
  0.472745E+02     0.480683E+02     0.479506E+02     0.481166E+02     0.481934E+02
  0.476303E+02     0.480840E+02     0.470734E+02     0.474046E+02     0.467276E+02
  0.471576E+02     0.475106E+02     0.485888E+02     0.486058E+02     0.473367E+02
  0.475167E+02     0.473323E+02     0.474694E+02     0.482224E+02     0.481710E+02
  0.473130E+02     0.484421E+02     0.470962E+02     0.480510E+02     0.480113E+02
  0.477121E+02     0.464682E+02     0.481418E+02     0.467176E+02     0.464940E+02
  0.480710E+02     0.471712E+02     0.467492E+02     0.467439E+02     0.479909E+02
  0.466894E+02     0.462186E+02     0.469076E+02     0.464630E+02     0.480197E+02
  0.466113E+02     0.462396E+02     0.467617E+02     0.471397E+02     0.466935E+02
  0.474166E+02     0.479534E+02     0.475183E+02     0.466991E+02     0.477028E+02
  0.461452E+02     0.469566E+02     0.462947E+02     0.465084E+02     0.468169E+02
  0.456424E+02     0.468263E+02     0.458644E+02     0.474489E+02     0.461687E+02
  0.472555E+02     0.461610E+02     0.468648E+02     0.462976E+02     0.476343E+02
  0.477362E+02     0.478164E+02     0.471032E+02     0.467112E+02     0.475415E+02
  0.464696E+02     0.455865E+02     0.469726E+02     0.474244E+02     0.465483E+02
  0.460269E+02     0.471424E+02     0.465590E+02     0.453356E+02     0.475031E+02
  0.468654E+02     0.461216E+02     0.462278E+02     0.467369E+02     0.468967E+02
  0.457644E+02     0.468000E+02     0.462938E+02     0.460682E+02     0.459401E+02
  0.463941E+02     0.460396E+02     0.460131E+02     0.464796E+02     0.461324E+02
  0.454944E+02     0.468293E+02     0.463504E+02     0.453143E+02     0.460188E+02
  0.454030E+02     0.464284E+02     0.459986E+02     0.471511E+02     0.465749E+02
  0.461861E+02     0.458530E+02     0.468557E+02     0.451192E+02     0.461289E+02
  0.467918E+02     0.448567E+02     0.466028E+02     0.457451E+02     0.460088E+02
  0.462466E+02     0.458224E+02     0.459083E+02     0.457985E+02     0.457785E+02
  0.453717E+02     0.452051E+02     0.457986E+02     0.451385E+02     0.456923E+02
  0.467296E+02     0.460819E+02     0.450600E+02     0.456664E+02     0.461886E+02
  0.453195E+02     0.446845E+02     0.459245E+02     0.461474E+02     0.454536E+02
  0.450747E+02     0.458534E+02     0.451737E+02     0.448382E+02     0.465187E+02
  0.450080E+02     0.456029E+02     0.455508E+02     0.460805E+02     0.459137E+02
  0.456793E+02     0.457634E+02     0.461675E+02     0.450004E+02     0.453766E+02
  0.454310E+02     0.448036E+02     0.452376E+02     0.450371E+02     0.458153E+02
  0.463509E+02     0.453307E+02     0.449768E+02     0.451398E+02     0.448404E+02
  0.452212E+02     0.447588E+02     0.453607E+02     0.443653E+02     0.454641E+02
  0.450597E+02     0.442003E+02     0.448512E+02     0.456320E+02     0.447152E+02
  0.465277E+02     0.458005E+02     0.450997E+02     0.443495E+02     0.456320E+02
  0.448392E+02     0.457357E+02     0.448984E+02     0.461892E+02     0.457463E+02
  0.454595E+02     0.447897E+02     0.447053E+02     0.453549E+02     0.451618E+02
  0.451166E+02     0.451311E+02     0.462167E+02     0.450968E+02     0.447578E+02
  0.460171E+02     0.447269E+02     0.453264E+02     0.435827E+02     0.444148E+02
  0.442161E+02     0.449134E+02     0.452318E+02     0.450468E+02     0.441303E+02
  0.448697E+02     0.453840E+02     0.454726E+02     0.434275E+02     0.455270E+02
  0.443460E+02     0.454191E+02     0.454368E+02     0.445917E+02     0.447284E+02
  0.448960E+02     0.439327E+02     0.455442E+02     0.450127E+02     0.454230E+02
  0.452835E+02     0.451760E+02     0.436430E+02     0.449061E+02     0.449799E+02
  0.452964E+02     0.448606E+02     0.446263E+02     0.447532E+02     0.445422E+02
  0.451304E+02     0.454208E+02     0.448845E+02     0.448638E+02     0.456230E+02
  0.451545E+02     0.453308E+02     0.444433E+02     0.442730E+02     0.448998E+02
  0.442207E+02     0.449703E+02     0.440396E+02     0.443778E+02     0.443077E+02
  0.444399E+02     0.445966E+02     0.443256E+02     0.446897E+02     0.444055E+02
  0.444092E+02     0.448244E+02     0.443907E+02     0.443634E+02     0.444139E+02
  0.446387E+02     0.450191E+02     0.447436E+02     0.444338E+02     0.446520E+02
  0.449095E+02     0.457495E+02     0.447121E+02     0.445674E+02     0.448705E+02
  0.442187E+02     0.444267E+02     0.448160E+02     0.443462E+02     0.438022E+02
  0.448139E+02     0.437432E+02     0.444993E+02     0.447178E+02     0.449457E+02
  0.446405E+02     0.441100E+02     0.449147E+02     0.440339E+02     0.452334E+02
  0.449497E+02     0.449379E+02     0.434867E+02     0.455070E+02     0.443412E+02
  0.439452E+02     0.447399E+02     0.439317E+02     0.441187E+02     0.438204E+02
  0.448329E+02     0.439394E+02     0.450006E+02     0.444824E+02     0.439038E+02
  0.442547E+02     0.435241E+02     0.438554E+02     0.441332E+02     0.435335E+02
  0.442363E+02     0.442822E+02     0.450318E+02     0.442993E+02     0.440020E+02
  0.445656E+02     0.443912E+02     0.452589E+02     0.430934E+02     0.453765E+02
  0.441655E+02     0.439083E+02     0.434468E+02     0.452587E+02     0.441073E+02
  0.446709E+02     0.448870E+02     0.437156E+02     0.436079E+02     0.440915E+02
  0.433840E+02     0.442580E+02     0.442757E+02     0.450698E+02     0.440172E+02
  0.436580E+02     0.434556E+02     0.441276E+02     0.452744E+02     0.440634E+02
  0.439398E+02     0.435480E+02     0.441486E+02     0.448937E+02     0.438441E+02
  0.439778E+02     0.432910E+02     0.438371E+02     0.449256E+02     0.438134E+02
  0.438856E+02     0.440748E+02     0.435511E+02     0.444061E+02     0.436049E+02
  0.429458E+02     0.429287E+02     0.441008E+02     0.446265E+02     0.435048E+02
  0.445384E+02     0.439998E+02     0.446157E+02     0.444225E+02     0.436327E+02
  0.445155E+02     0.436438E+02     0.441658E+02     0.450154E+02     0.431423E+02
  0.433696E+02     0.442335E+02     0.432677E+02     0.445307E+02     0.437573E+02
  0.435916E+02     0.435118E+02     0.437441E+02     0.439046E+02     0.440984E+02
  0.437870E+02     0.438475E+02     0.442920E+02     0.432818E+02     0.440832E+02
  0.447170E+02     0.430951E+02     0.438443E+02     0.434733E+02     0.445162E+02
  0.439197E+02     0.441253E+02     0.438555E+02     0.435072E+02     0.440507E+02
  0.435172E+02     0.434261E+02     0.437870E+02     0.442706E+02     0.434767E+02
  0.427844E+02     0.439983E+02     0.427433E+02     0.440380E+02     0.443334E+02
  0.432186E+02     0.435407E+02     0.436440E+02     0.433687E+02     0.437870E+02
  0.442849E+02     0.430179E+02     0.442900E+02     0.437570E+02     0.447595E+02
  0.433036E+02     0.435076E+02     0.446139E+02     0.438613E+02     0.436036E+02
  0.436590E+02     0.440290E+02     0.433609E+02     0.427431E+02     0.439247E+02
  0.434499E+02     0.429680E+02     0.424879E+02     0.437144E+02     0.426710E+02
  0.440922E+02     0.436810E+02     0.430033E+02     0.432174E+02     0.436645E+02
  0.439206E+02     0.434346E+02     0.438758E+02     0.444891E+02     0.434556E+02
  0.437836E+02     0.436335E+02     0.427607E+02     0.439852E+02     0.423787E+02
  0.435935E+02     0.434092E+02     0.433803E+02     0.438734E+02     0.434296E+02
  0.427224E+02     0.434551E+02     0.444139E+02     0.433707E+02     0.438447E+02
  0.438690E+02     0.439520E+02     0.424150E+02     0.441303E+02     0.422445E+02
  0.424487E+02     0.428139E+02     0.433392E+02     0.433237E+02     0.435249E+02
  0.441730E+02     0.438301E+02     0.426582E+02     0.434131E+02     0.440630E+02
  0.428965E+02     0.432484E+02     0.419736E+02     0.431949E+02     0.424716E+02
  0.425881E+02     0.434801E+02     0.442163E+02     0.436275E+02     0.428543E+02
  0.433325E+02     0.423622E+02     0.427668E+02     0.424828E+02     0.411280E+02
  0.433930E+02     0.427679E+02     0.433949E+02     0.428849E+02     0.422191E+02
  0.428032E+02     0.429212E+02     0.415820E+02     0.435653E+02     0.438238E+02
  0.425215E+02     0.429673E+02     0.439208E+02     0.422073E+02     0.418022E+02
  0.423058E+02     0.422670E+02     0.425343E+02     0.424842E+02     0.430380E+02
  0.435118E+02     0.419134E+02     0.431757E+02     0.422080E+02     0.425995E+02
  0.426378E+02     0.432024E+02     0.420103E+02     0.416064E+02     0.423379E+02
  0.426765E+02     0.424533E+02     0.418444E+02     0.415433E+02     0.421573E+02
  0.431086E+02     0.424114E+02     0.421918E+02     0.434862E+02     0.417273E+02
  0.418205E+02     0.425958E+02     0.419001E+02     0.429667E+02     0.427730E+02
  0.420402E+02     0.421161E+02     0.417625E+02     0.418996E+02     0.422942E+02
  0.423008E+02     0.422292E+02     0.425782E+02     0.432132E+02     0.434634E+02
  0.419542E+02     0.423563E+02     0.426550E+02     0.419028E+02     0.417891E+02
  0.434763E+02     0.417511E+02     0.418248E+02     0.416738E+02     0.422736E+02
  0.412632E+02     0.428027E+02     0.431138E+02     0.417734E+02     0.424521E+02
  0.415226E+02     0.423964E+02     0.426210E+02     0.419223E+02     0.411842E+02
  0.408992E+02     0.426907E+02     0.419944E+02     0.426613E+02     0.426331E+02
  0.408258E+02     0.419504E+02     0.413339E+02     0.418056E+02     0.414699E+02
  0.417089E+02     0.418484E+02     0.414011E+02     0.412636E+02     0.425330E+02
  0.407194E+02     0.419439E+02     0.416221E+02     0.423395E+02     0.419926E+02
  0.401413E+02     0.423942E+02     0.419490E+02     0.416446E+02     0.415096E+02
  0.419582E+02     0.412151E+02     0.411925E+02     0.431831E+02     0.418728E+02
  0.420273E+02     0.401371E+02     0.428697E+02     0.400575E+02     0.411996E+02
  0.414719E+02     0.411071E+02     0.410262E+02     0.397518E+02     0.410589E+02
  0.417022E+02     0.410436E+02     0.414150E+02     0.401008E+02     0.413050E+02
  0.414750E+02     0.400316E+02     0.412637E+02     0.410778E+02     0.410392E+02
  0.408523E+02     0.402883E+02     0.403677E+02     0.417550E+02     0.413464E+02
  0.407860E+02     0.401872E+02     0.413495E+02     0.391557E+02     0.397977E+02
  0.413288E+02     0.404092E+02     0.386832E+02     0.415521E+02     0.405663E+02
  0.401616E+02     0.408094E+02     0.402001E+02     0.398486E+02     0.383515E+02
  0.411282E+02     0.407172E+02     0.412813E+02     0.409887E+02     0.392753E+02
  0.405433E+02     0.404089E+02     0.397873E+02     0.409248E+02     0.400418E+02
  0.393589E+02     0.401071E+02     0.394227E+02     0.399045E+02     0.398338E+02
  0.400777E+02     0.396740E+02     0.404708E+02     0.388193E+02     0.403862E+02
  0.393523E+02     0.402189E+02     0.395769E+02     0.406597E+02     0.397169E+02
  0.410233E+02     0.393507E+02     0.402398E+02     0.409464E+02     0.401640E+02
  0.404635E+02     0.405929E+02     0.396341E+02     0.394322E+02     0.396900E+02
  0.389848E+02     0.386184E+02     0.393850E+02     0.391139E+02     0.393009E+02
  0.396192E+02     0.393368E+02     0.401077E+02     0.382453E+02     0.384077E+02
  0.390871E+02     0.392252E+02     0.389425E+02     0.405164E+02     0.393305E+02
  0.400391E+02     0.397029E+02     0.390632E+02     0.393916E+02     0.389774E+02
  0.403697E+02     0.388078E+02     0.403051E+02     0.390349E+02     0.394957E+02
  0.406163E+02     0.394228E+02     0.401619E+02     0.393467E+02     0.391636E+02
  0.380867E+02     0.390079E+02     0.377977E+02     0.386084E+02     0.392830E+02
  0.388077E+02     0.392572E+02     0.380545E+02     0.391646E+02     0.386964E+02
  0.380986E+02     0.386645E+02     0.387726E+02     0.393129E+02     0.395609E+02
  0.387677E+02     0.385978E+02     0.391814E+02     0.377417E+02     0.374192E+02
  0.380287E+02     0.385340E+02     0.385148E+02     0.382258E+02     0.378016E+02
  0.386627E+02     0.384706E+02     0.385852E+02     0.375986E+02     0.383955E+02
  0.386185E+02     0.380021E+02     0.384191E+02     0.369842E+02     0.388938E+02
  0.388153E+02     0.383508E+02     0.379542E+02     0.382594E+02     0.384996E+02
  0.386575E+02     0.391633E+02     0.380313E+02     0.370311E+02     0.378058E+02
  0.379223E+02     0.383807E+02     0.378485E+02     0.384146E+02     0.378539E+02
  0.376984E+02     0.377412E+02     0.377014E+02     0.377710E+02     0.371240E+02
  0.371384E+02     0.371277E+02     0.371533E+02     0.371058E+02     0.380581E+02
  0.381454E+02     0.375621E+02     0.374838E+02     0.372410E+02     0.371128E+02
  0.373739E+02     0.382858E+02     0.378383E+02     0.375745E+02     0.377883E+02
  0.373499E+02     0.374103E+02     0.372609E+02     0.367073E+02     0.370388E+02
  0.372020E+02     0.371565E+02     0.369295E+02     0.370828E+02     0.374122E+02
  0.370805E+02     0.371071E+02     0.378335E+02     0.375141E+02     0.375263E+02
  0.375495E+02     0.371584E+02     0.370824E+02     0.363770E+02     0.370065E+02
  0.369696E+02     0.370728E+02     0.375952E+02     0.383670E+02     0.379279E+02
  0.376046E+02     0.370278E+02     0.375652E+02     0.375803E+02     0.379813E+02
  0.386286E+02     0.372059E+02     0.366661E+02     0.372078E+02     0.369517E+02
  0.378697E+02     0.389506E+02     0.388311E+02
 eigen energies, in ev
    -29.491977       -29.303518       -28.953484       -28.551321       -28.103074
    -24.504171       -24.432152       -24.406554       -24.284037       -24.236945
    -24.204014       -24.113081       -24.091834       -24.006564       -23.975433
    -23.903906       -23.861016       -23.818249       -23.804322       -23.783843
    -23.723416       -23.694597       -23.626680       -23.578033       -23.556950
    -23.525504       -23.490417       -23.446057       -23.418021       -23.399153
    -23.345839       -23.316983       -23.273369       -23.236337       -23.208233
    -23.182424       -23.165701       -23.110579       -23.087440       -23.050562
    -23.031456       -22.991992       -22.946717       -22.914950       -22.872543
    -22.843945       -22.812545       -22.773559       -22.736193       -22.711599
    -22.692509       -22.654284       -22.625389       -22.605254       -22.569023
    -22.533932       -22.507885       -22.484815       -22.457522       -22.402140
    -22.391302       -22.330317       -22.314925       -22.276276       -22.255858
    -22.233177       -22.194474       -22.176857       -22.140422       -22.098154
    -22.059716       -22.037331       -22.008334       -21.963013       -21.936493
    -21.884687       -21.858488       -21.815130       -21.779425       -21.753401
    -21.706341       -21.679851       -21.665341       -21.653951       -21.582387
    -21.540919       -21.503780       -21.477476       -21.449356       -21.414831
    -21.402657       -21.384638       -21.328521       -21.321496       -21.270681
    -21.234452       -21.190480       -21.166842       -21.128221       -21.114899
    -21.093444       -21.039234       -21.006232       -20.990911       -20.975371
    -20.939035       -20.888966       -20.879155       -20.843638       -20.803915
    -20.784242       -20.764506       -20.748387       -20.729952       -20.708237
    -20.674080       -20.646231       -20.634712       -20.615387       -20.581731
    -20.554710       -20.542585       -20.506117       -20.480612       -20.443208
    -20.433271       -20.393792       -20.358764       -20.343630       -20.314993
    -20.295865       -20.279651       -20.229393       -20.200914       -20.159569
    -20.130823       -20.116249       -20.087884       -20.061521       -20.029470
    -19.984400       -19.975970       -19.946363       -19.926162       -19.907129
    -19.842954       -19.825720       -19.793715       -19.743644       -19.718435
    -19.690309       -19.674510       -19.662031       -19.628957       -19.596458
    -19.528295       -19.508833       -19.470091       -19.434232       -19.382718
    -19.360682       -19.327194       -19.297137       -19.231040       -19.224546
    -19.155413       -19.132491       -19.086562       -19.037160       -19.001216
    -18.950128       -18.894712       -18.879710       -18.798147       -18.771086
    -18.740659       -18.665132       -18.604064       -18.540027       -18.509370
    -18.450930       -18.388843       -18.345541       -18.272183       -18.212275
    -18.110243       -18.040464       -17.999561       -17.883958       -17.683859
    -17.354655       -16.817880       -16.545965       -16.291189       -15.947227
    -15.755472       -15.517554       -15.467674       -15.363863       -15.274974
    -15.189565       -15.145863       -15.056105       -14.947873       -14.734564
    -14.641519       -14.519955       -14.423886       -14.328242       -14.231424
    -14.132253       -14.072860       -13.952416       -13.837992       -13.531260
    -13.269873       -13.201473       -12.887106       -12.840233       -12.713815
    -12.555881       -12.476661       -12.425485       -12.310410       -12.213941
    -12.091114       -12.014591       -11.947921       -11.762489       -11.597155
    -11.152702       -11.081261       -11.010890       -10.906589       -10.851161
    -10.804062       -10.777725       -10.719760       -10.689247       -10.565374
    -10.467702       -10.451172       -10.308799       -10.286391       -10.241111
    -10.155912       -10.088349       -10.040993        -9.994124        -9.976323
     -9.905410        -9.807290        -9.776641        -9.652870        -9.615835
     -9.519229        -9.480929        -9.429914        -9.377369        -9.286622
     -9.231198        -9.154264        -9.128731        -9.040991        -9.012955
     -8.945484        -8.926679        -8.862373        -8.815648        -8.742761
     -8.605633        -8.566740        -8.445207        -8.266589        -8.047967
     -7.629838        -7.511238        -7.324540        -7.224685        -7.100538
     -7.093107        -7.012227        -6.981428        -6.923991        -6.755844
     -6.662490        -6.614901        -6.531616        -6.453973        -6.382820
     -6.352303        -6.272967        -6.246898        -6.217717        -6.179281
     -6.146454        -6.093861        -6.047464        -6.026497        -5.971032
     -5.924756        -5.891156        -5.864920        -5.828779        -5.811621
     -5.789270        -5.742869        -5.710260        -5.661306        -5.641470
     -5.602783        -5.560409        -5.532512        -5.483823        -5.443052
     -5.410542        -5.401940        -5.378537        -5.301311        -5.285957
     -5.222323        -5.201635        -5.184809        -5.171787        -5.115121
     -5.093078        -5.046614        -5.008862        -4.956891        -4.936927
     -4.868969        -4.847013        -4.819528        -4.761858        -4.711687
     -4.688369        -4.658461        -4.615703        -4.544418        -4.528652
     -4.498121        -4.459641        -4.430886        -4.402107        -4.378190
     -4.352173        -4.304003        -4.262113        -4.236106        -4.183539
     -4.165352        -4.122320        -4.111180        -4.066260        -4.037732
     -4.027223        -3.965987        -3.934458        -3.899335        -3.883223
     -3.862843        -3.844424        -3.811921        -3.778081        -3.756412
     -3.739153        -3.719088        -3.666137        -3.644851        -3.594628
     -3.569735        -3.561271        -3.520827        -3.487743        -3.439111
     -3.427504        -3.408074        -3.384428        -3.369827        -3.317377
     -3.281202        -3.245679        -3.219465        -3.177553        -3.160620
     -3.126834        -3.108242        -3.062503        -3.041946        -3.020089
     -3.005895        -2.974428        -2.907672        -2.895597        -2.880820
     -2.844120        -2.817007        -2.794958        -2.780917        -2.746730
     -2.711091        -2.689157        -2.655065        -2.614554        -2.596639
     -2.559246        -2.529970        -2.496148        -2.458767        -2.429850
     -2.414087        -2.385190        -2.348779        -2.317039        -2.270983
     -2.256639        -2.220912        -2.191742        -2.160198        -2.116961
     -2.078654        -2.046023        -2.030107        -1.993767        -1.962575
     -1.932062        -1.904177        -1.876562        -1.863609        -1.815283
     -1.764792        -1.746852        -1.695230        -1.657536        -1.640385
     -1.614899        -1.585011        -1.545588        -1.515362        -1.480529
     -1.444027        -1.433269        -1.377147        -1.347269        -1.340297
     -1.322902        -1.296008        -1.263769        -1.224319        -1.207289
     -1.187450        -1.145876        -1.113329        -1.067199        -1.061042
     -1.020154        -0.983786        -0.953459        -0.921519        -0.890105
     -0.868279        -0.831823        -0.820919        -0.784966        -0.771401
     -0.724498        -0.708129        -0.660860        -0.640882        -0.607229
     -0.587192        -0.566131        -0.549219        -0.505738        -0.482134
     -0.477140        -0.437742        -0.408561        -0.377979        -0.364179
     -0.328550        -0.273345        -0.253090        -0.237150        -0.192890
     -0.164902        -0.127971        -0.112660        -0.078599        -0.023188
     -0.006401         0.023875         0.058110         0.071592         0.097677
      0.134301         0.148797         0.191292         0.196354         0.231937
      0.287983         0.313873         0.332308         0.357749         0.379036
      0.400059         0.448173         0.474517         0.524789         0.563119
      0.582536         0.614578         0.651446         0.681504         0.704779
      0.741586         0.787821         0.816270         0.826448         0.885158
      0.923055         0.951311         0.979573         1.011213         1.044034
      1.057819         1.099905         1.123080         1.162652         1.184041
      1.196081         1.251824         1.280992         1.333083         1.365489
      1.388794         1.424240         1.502795         1.539443         1.583354
      1.612438         1.622098         1.656375         1.678434         1.691649
      1.713968         1.773799         1.796432         1.896312         1.926902
      1.967149         1.982658         2.006138         2.051002         2.091699
      2.112977         2.148162         2.224537         2.232864         2.276225
      2.290929         2.332448         2.348777         2.381591         2.400007
      2.459055         2.486384         2.521635         2.542000         2.608842
      2.621004         2.648712         2.692198         2.718336         2.742766
      2.786901         2.809381         2.869017         2.898347         2.928666
      2.953717         2.989787         3.018903         3.028230         3.107188
      3.139146         3.180004         3.209541         3.226817         3.258221
      3.288946         3.310472         3.335843         3.398904         3.420266
      3.462225         3.487152         3.523190         3.550377         3.567930
      3.609597         3.637691         3.669068         3.697104         3.724538
      3.758123         3.791065         3.828879         3.841867         3.896168
      3.932596         3.943590         3.997962         4.027080         4.061399
      4.081334         4.122926         4.154250         4.180195         4.215242
      4.242865         4.285749         4.316556         4.334148         4.352867
      4.375419         4.382853         4.421223         4.466534         4.520802
      4.548482         4.574822         4.589805         4.609135         4.634464
      4.687488         4.708821         4.738397         4.768165         4.792801
      4.823636         4.838466         4.850809         4.903834         4.921073
      4.940700         4.968942         5.020967         5.053056         5.082603
      5.114293         5.149629         5.173902         5.204917         5.228399
      5.254367         5.262122         5.313071         5.321357         5.375649
      5.397794         5.434284         5.452898         5.471833         5.506681
      5.529566         5.560222         5.570837         5.626361         5.647266
      5.692828         5.718880         5.765375         5.774011         5.803959
      5.826150         5.854351         5.885957         5.908838         5.918246
      5.953330         5.977446         6.016034         6.029230         6.085852
      6.099403         6.121271         6.169839         6.199260         6.230543
      6.245825         6.281359         6.312844         6.329495         6.345406
      6.376718         6.420570         6.449583         6.507381         6.521873
      6.562282         6.581208         6.601718         6.610553         6.641809
      6.670159         6.706715         6.732266         6.769491         6.799931
      6.803131         6.854576         6.872713         6.891224         6.959202
      6.971351         7.006392         7.026299         7.049080         7.085721
      7.102565         7.145387         7.158161         7.173022         7.213858
      7.224266         7.274500         7.306306         7.328899         7.364640
      7.395794         7.420311         7.433164         7.458560         7.508303
      7.533537         7.573026         7.592197         7.616529         7.661798
      7.682633         7.720586         7.748513         7.786286         7.816646
      7.831445         7.861730         7.897798         7.926589         7.970774
      7.981557         8.017408         8.033610         8.048590         8.097245
      8.131030         8.155515         8.170846         8.234453         8.254594
      8.272829         8.295827         8.314447         8.366016         8.393314
      8.410781         8.439753         8.480102         8.532103         8.562215
      8.606578         8.640982         8.676727         8.710827         8.755539
      8.788934         8.812697         8.843386         8.877241         8.900938
      8.931260         8.974251         8.988562         9.030367         9.034813
      9.062609         9.106883         9.137372         9.175083         9.213155
      9.251082         9.272834         9.285148         9.338704         9.365833
      9.383621         9.421162         9.468259         9.499625         9.521461
      9.549863         9.623521         9.644938         9.672809         9.691325
      9.715919         9.736193         9.784011         9.808752         9.836512
      9.873564         9.891811         9.941721         9.956332         9.972576
     10.015187        10.058383        10.085085        10.122180        10.153940
     10.185468        10.198867        10.246091        10.294492        10.341949
     10.376410        10.394259        10.432988        10.459887        10.497499
     10.505756        10.534108        10.568462        10.604486        10.645199
     10.676215        10.738689        10.759558        10.798621        10.830220
     10.874413        10.908156        10.935084        10.968117        10.981154
     11.044189        11.101509        11.113819        11.152473        11.176014
     11.229444        11.264793        11.297913        11.375980        11.392068
     11.439361        11.453966        11.476813        11.536817        11.567139
     11.607101        11.626663        11.660713        11.677197        11.729416
     11.756726        11.816694        11.839683        11.888707        11.912511
     11.925535        11.964164        12.021056        12.035211        12.078548
     12.136821        12.197005        12.216662        12.239379        12.278751
     12.325102        12.381205        12.421847        12.444543        12.486629
     12.507570        12.560179        12.614203        12.643680        12.700086
     12.749143        12.791648        12.823060        12.847069        12.886799
     12.921496        13.000682        13.028098        13.042823        13.069093
     13.121062        13.156823        13.204076        13.229544        13.260274
     13.311295        13.354910        13.392254        13.438607        13.464202
     13.496786        13.559012        13.605169        13.656488        13.707990
     13.773125        13.820845        13.866565        13.918348        13.969283
     13.988198        14.031585        14.077900        14.100128        14.161350
     14.185874        14.260449        14.322115        14.370299        14.415512
     14.442655        14.515806        14.538384        14.619688        14.673939
     14.733123        14.799722        14.840619        14.874524        14.940982
     14.958105        15.053500        15.156574        15.202455        15.237962
     15.280234        15.325187        15.400046        15.465328        15.484532
     15.542996        15.563561        15.679431        15.779172        15.815563
     15.871065        15.965233        16.029347        16.037706        16.146033
     16.239565        16.292330        16.339398        16.400918        16.480525
     16.558194        16.588855        16.660237        16.746556        16.818190
     16.911750        17.008854        17.068587        17.106149        17.213676
     17.295197        17.412050        17.530564        17.572705        17.669296
     17.773081        17.854291        17.889955        18.084449        18.190629
     18.284904        18.301658        18.419936        18.499351        18.723284
     18.804290        18.908763        19.078128        19.181506        19.277082
     19.432478        19.636335        19.784422        19.924211        20.107621
     20.309602        20.414927        20.581499        20.664279        20.856056
     21.010511        21.250629        21.320961        21.439402        21.705496
     21.827264        22.205633        22.385270        22.547751        22.735688
     22.971166        23.255441        23.464494        23.918988        24.258205
     24.696031        24.875043        25.258479        25.915913        26.358366
     26.782458        26.922568        27.415811
 *********************************
 sum eigen(dbl occ, ryd)=  -137.138163488439     
 *********************************
 One SCF use:    81.2207050323486       s
 *********************************
 ****** kpt=           1
 err of each states, eV
  0.161430E+02     0.159904E+02     0.160694E+02     0.163671E+02     0.165014E+02
  0.511688E+01     0.527115E+01     0.527432E+01     0.532412E+01     0.536869E+01
  0.535301E+01     0.518869E+01     0.522128E+01     0.531601E+01     0.511054E+01
  0.512219E+01     0.535269E+01     0.513222E+01     0.512418E+01     0.543270E+01
  0.520854E+01     0.531513E+01     0.516695E+01     0.511346E+01     0.510529E+01
  0.542948E+01     0.546614E+01     0.528492E+01     0.540606E+01     0.533732E+01
  0.536002E+01     0.529910E+01     0.567829E+01     0.541149E+01     0.538836E+01
  0.541030E+01     0.527174E+01     0.550578E+01     0.537668E+01     0.560831E+01
  0.524956E+01     0.533714E+01     0.543368E+01     0.526590E+01     0.557654E+01
  0.533298E+01     0.535242E+01     0.539310E+01     0.526298E+01     0.540412E+01
  0.550097E+01     0.539993E+01     0.552366E+01     0.547073E+01     0.556440E+01
  0.577307E+01     0.560494E+01     0.545706E+01     0.559015E+01     0.532821E+01
  0.540579E+01     0.546550E+01     0.561823E+01     0.556231E+01     0.549677E+01
  0.560249E+01     0.556466E+01     0.574981E+01     0.539597E+01     0.534425E+01
  0.555335E+01     0.554695E+01     0.560140E+01     0.537707E+01     0.572889E+01
  0.542815E+01     0.554497E+01     0.561254E+01     0.533758E+01     0.543060E+01
  0.531742E+01     0.547846E+01     0.526980E+01     0.536959E+01     0.529702E+01
  0.520557E+01     0.550625E+01     0.532539E+01     0.516945E+01     0.511022E+01
  0.519881E+01     0.529940E+01     0.519789E+01     0.513357E+01     0.522785E+01
  0.504507E+01     0.501013E+01     0.535617E+01     0.506394E+01     0.482281E+01
  0.514644E+01     0.491863E+01     0.512795E+01     0.515979E+01     0.503631E+01
  0.527899E+01     0.507750E+01     0.513527E+01     0.515395E+01     0.526366E+01
  0.499360E+01     0.509692E+01     0.521474E+01     0.512581E+01     0.507335E+01
  0.523844E+01     0.510700E+01     0.533381E+01     0.535009E+01     0.526117E+01
  0.518950E+01     0.516834E+01     0.505882E+01     0.519817E+01     0.505819E+01
  0.535745E+01     0.516830E+01     0.540974E+01     0.523779E+01     0.520463E+01
  0.528393E+01     0.533654E+01     0.543431E+01     0.520036E+01     0.525051E+01
  0.530428E+01     0.530485E+01     0.525267E+01     0.539027E+01     0.557693E+01
  0.534518E+01     0.543555E+01     0.532272E+01     0.545322E+01     0.530515E+01
  0.531499E+01     0.543542E+01     0.561802E+01     0.533162E+01     0.578483E+01
  0.552024E+01     0.543383E+01     0.590814E+01     0.566348E+01     0.579065E+01
  0.581261E+01     0.562582E+01     0.582302E+01     0.592926E+01     0.603660E+01
  0.561368E+01     0.589928E+01     0.592243E+01     0.584740E+01     0.597797E+01
  0.583553E+01     0.577928E+01     0.566964E+01     0.590231E+01     0.582213E+01
  0.584085E+01     0.591274E+01     0.610314E+01     0.580283E+01     0.619086E+01
  0.591151E+01     0.613510E+01     0.560238E+01     0.574436E+01     0.585722E+01
  0.560004E+01     0.586625E+01     0.592753E+01     0.572926E+01     0.598026E+01
  0.588923E+01     0.579424E+01     0.586933E+01     0.579487E+01     0.560509E+01
  0.525837E+01     0.503451E+01     0.496625E+01     0.484768E+01     0.480365E+01
  0.550542E+01     0.523706E+01     0.518126E+01     0.524995E+01     0.540112E+01
  0.535576E+01     0.542416E+01     0.542431E+01     0.530202E+01     0.525203E+01
  0.524361E+01     0.499984E+01     0.491341E+01     0.503773E+01     0.498050E+01
  0.507781E+01     0.511723E+01     0.522930E+01     0.517459E+01     0.491103E+01
  0.582701E+01     0.592153E+01     0.581299E+01     0.609540E+01     0.614510E+01
  0.593721E+01     0.599470E+01     0.604469E+01     0.606774E+01     0.606255E+01
  0.647922E+01     0.616891E+01     0.600560E+01     0.632222E+01     0.627444E+01
  0.594848E+01     0.631047E+01     0.623081E+01     0.632507E+01     0.645035E+01
  0.643037E+01     0.631983E+01     0.649569E+01     0.636011E+01     0.630918E+01
  0.633483E+01     0.655594E+01     0.662180E+01     0.650816E+01     0.665734E+01
  0.645069E+01     0.669368E+01     0.670324E+01     0.662823E+01     0.656933E+01
  0.679485E+01     0.676138E+01     0.683632E+01     0.670116E+01     0.685368E+01
  0.677496E+01     0.685254E+01     0.688993E+01     0.693223E+01     0.714982E+01
  0.705666E+01     0.696662E+01     0.717566E+01     0.671038E+01     0.758617E+01
  0.700993E+01     0.727918E+01     0.682954E+01     0.712989E+01     0.720567E+01
  0.724914E+01     0.757587E+01     0.787117E+01     0.813966E+01     0.753226E+01
  0.850524E+01     0.852062E+01     0.841083E+01     0.861793E+01     0.858272E+01
  0.855207E+01     0.864410E+01     0.853459E+01     0.868014E+01     0.860466E+01
  0.881687E+01     0.869904E+01     0.870927E+01     0.887137E+01     0.874285E+01
  0.875811E+01     0.872457E+01     0.901852E+01     0.875576E+01     0.896217E+01
  0.882998E+01     0.885710E+01     0.884201E+01     0.858675E+01     0.902498E+01
  0.886017E+01     0.878367E+01     0.896062E+01     0.887679E+01     0.891946E+01
  0.898062E+01     0.892803E+01     0.895008E+01     0.916611E+01     0.889034E+01
  0.893290E+01     0.907400E+01     0.921243E+01     0.912726E+01     0.906936E+01
  0.928581E+01     0.916937E+01     0.926749E+01     0.916964E+01     0.915007E+01
  0.926844E+01     0.919017E+01     0.919805E+01     0.918959E+01     0.931952E+01
  0.929195E+01     0.928386E+01     0.922397E+01     0.914407E+01     0.925268E+01
  0.909320E+01     0.927808E+01     0.926195E+01     0.945090E+01     0.975886E+01
  0.939079E+01     0.970255E+01     0.926857E+01     0.934000E+01     0.966060E+01
  0.946515E+01     0.920118E+01     0.962128E+01     0.966246E+01     0.955357E+01
  0.922634E+01     0.969675E+01     0.964134E+01     0.983360E+01     0.929218E+01
  0.942133E+01     0.957267E+01     0.987767E+01     0.961290E+01     0.968700E+01
  0.967392E+01     0.952735E+01     0.980392E+01     0.978451E+01     0.989343E+01
  0.989069E+01     0.992635E+01     0.977328E+01     0.101294E+02     0.100453E+02
  0.981828E+01     0.100558E+02     0.100796E+02     0.992860E+01     0.102962E+02
  0.967650E+01     0.103827E+02     0.996413E+01     0.100770E+02     0.100055E+02
  0.101408E+02     0.995835E+01     0.102680E+02     0.100340E+02     0.104532E+02
  0.104249E+02     0.102320E+02     0.103888E+02     0.101018E+02     0.101311E+02
  0.101952E+02     0.101840E+02     0.101190E+02     0.106315E+02     0.101027E+02
  0.105240E+02     0.104399E+02     0.102087E+02     0.101547E+02     0.104744E+02
  0.107056E+02     0.104525E+02     0.105087E+02     0.107713E+02     0.107516E+02
  0.105918E+02     0.106722E+02     0.107156E+02     0.107790E+02     0.108801E+02
  0.106423E+02     0.110970E+02     0.108426E+02     0.108332E+02     0.108693E+02
  0.109216E+02     0.107835E+02     0.112846E+02     0.108663E+02     0.111762E+02
  0.111633E+02     0.112691E+02     0.112415E+02     0.109109E+02     0.111827E+02
  0.111181E+02     0.113603E+02     0.111328E+02     0.112484E+02     0.116618E+02
  0.111961E+02     0.113352E+02     0.113238E+02     0.111457E+02     0.116433E+02
  0.118155E+02     0.119104E+02     0.117305E+02     0.115601E+02     0.116923E+02
  0.117117E+02     0.118131E+02     0.116798E+02     0.121376E+02     0.114582E+02
  0.118543E+02     0.120396E+02     0.121167E+02     0.120203E+02     0.121023E+02
  0.121561E+02     0.122501E+02     0.123853E+02     0.123147E+02     0.124073E+02
  0.125332E+02     0.122575E+02     0.123502E+02     0.121942E+02     0.124103E+02
  0.127207E+02     0.123167E+02     0.125397E+02     0.125166E+02     0.125213E+02
  0.126018E+02     0.128071E+02     0.127265E+02     0.126870E+02     0.125547E+02
  0.129443E+02     0.129197E+02     0.128623E+02     0.129190E+02     0.132178E+02
  0.133251E+02     0.129160E+02     0.130546E+02     0.131432E+02     0.131007E+02
  0.132243E+02     0.132637E+02     0.131305E+02     0.132613E+02     0.133804E+02
  0.131166E+02     0.132033E+02     0.136700E+02     0.134359E+02     0.135316E+02
  0.135449E+02     0.138445E+02     0.134711E+02     0.134701E+02     0.140949E+02
  0.136576E+02     0.139220E+02     0.135801E+02     0.136829E+02     0.142320E+02
  0.139271E+02     0.139367E+02     0.137505E+02     0.138846E+02     0.140198E+02
  0.143080E+02     0.139990E+02     0.140784E+02     0.140524E+02     0.145332E+02
  0.144834E+02     0.144458E+02     0.144197E+02     0.148061E+02     0.144036E+02
  0.148523E+02     0.147332E+02     0.147726E+02     0.151130E+02     0.145992E+02
  0.145777E+02     0.144736E+02     0.151016E+02     0.151128E+02     0.149620E+02
  0.150698E+02     0.151519E+02     0.152160E+02     0.156987E+02     0.155375E+02
  0.154970E+02     0.153048E+02     0.151542E+02     0.156178E+02     0.150605E+02
  0.154964E+02     0.156979E+02     0.155647E+02     0.158797E+02     0.155596E+02
  0.162186E+02     0.156793E+02     0.160163E+02     0.160171E+02     0.160080E+02
  0.158354E+02     0.164515E+02     0.161102E+02     0.162202E+02     0.159720E+02
  0.159497E+02     0.162953E+02     0.160670E+02     0.161571E+02     0.167196E+02
  0.166283E+02     0.166656E+02     0.164510E+02     0.168200E+02     0.167777E+02
  0.167155E+02     0.168500E+02     0.175398E+02     0.166016E+02     0.165634E+02
  0.171375E+02     0.171562E+02     0.170396E+02     0.166660E+02     0.173026E+02
  0.171427E+02     0.171809E+02     0.174348E+02     0.171056E+02     0.174577E+02
  0.170514E+02     0.174223E+02     0.178623E+02     0.180896E+02     0.175863E+02
  0.177080E+02     0.180636E+02     0.177624E+02     0.177731E+02     0.178232E+02
  0.176718E+02     0.181767E+02     0.180601E+02     0.178874E+02     0.185745E+02
  0.184983E+02     0.183911E+02     0.183664E+02     0.184867E+02     0.187033E+02
  0.183631E+02     0.186140E+02     0.188893E+02     0.183143E+02     0.188790E+02
  0.185846E+02     0.191624E+02     0.188204E+02     0.192783E+02     0.188364E+02
  0.192642E+02     0.190553E+02     0.189491E+02     0.194993E+02     0.192798E+02
  0.191628E+02     0.194862E+02     0.193747E+02     0.188938E+02     0.194415E+02
  0.197157E+02     0.198075E+02     0.200691E+02     0.196517E+02     0.199358E+02
  0.197187E+02     0.194638E+02     0.195553E+02     0.195649E+02     0.198064E+02
  0.199935E+02     0.199167E+02     0.198747E+02     0.202416E+02     0.199683E+02
  0.196117E+02     0.199565E+02     0.198064E+02     0.207087E+02     0.198898E+02
  0.199916E+02     0.201325E+02     0.197146E+02     0.202572E+02     0.202883E+02
  0.202488E+02     0.200981E+02     0.204338E+02     0.203267E+02     0.201159E+02
  0.208015E+02     0.203378E+02     0.208735E+02     0.207480E+02     0.205911E+02
  0.203911E+02     0.208025E+02     0.204762E+02     0.207327E+02     0.203765E+02
  0.203365E+02     0.206651E+02     0.208614E+02     0.210111E+02     0.212233E+02
  0.207058E+02     0.206671E+02     0.207625E+02     0.209292E+02     0.211970E+02
  0.208615E+02     0.212157E+02     0.213004E+02     0.211309E+02     0.211226E+02
  0.213609E+02     0.212385E+02     0.212296E+02     0.211199E+02     0.211310E+02
  0.213468E+02     0.210851E+02     0.216638E+02     0.208320E+02     0.212994E+02
  0.215137E+02     0.213625E+02     0.211460E+02     0.212275E+02     0.218496E+02
  0.219149E+02     0.213810E+02     0.219757E+02     0.212837E+02     0.217179E+02
  0.217463E+02     0.219299E+02     0.221400E+02     0.217129E+02     0.216564E+02
  0.217349E+02     0.221641E+02     0.215234E+02     0.217407E+02     0.222689E+02
  0.218339E+02     0.218570E+02     0.217795E+02     0.218874E+02     0.221971E+02
  0.220657E+02     0.213983E+02     0.217944E+02     0.218010E+02     0.224777E+02
  0.221717E+02     0.222567E+02     0.223059E+02     0.221456E+02     0.223231E+02
  0.219404E+02     0.221880E+02     0.223267E+02     0.220560E+02     0.222777E+02
  0.228192E+02     0.221977E+02     0.221833E+02     0.221309E+02     0.223527E+02
  0.224761E+02     0.223406E+02     0.227504E+02     0.223743E+02     0.219249E+02
  0.223572E+02     0.227393E+02     0.223971E+02     0.221813E+02     0.218724E+02
  0.226996E+02     0.224137E+02     0.221222E+02     0.223028E+02     0.225898E+02
  0.226398E+02     0.223830E+02     0.223500E+02     0.224421E+02     0.226558E+02
  0.222714E+02     0.232680E+02     0.227665E+02     0.227476E+02     0.225547E+02
  0.226451E+02     0.228242E+02     0.224238E+02     0.226300E+02     0.231452E+02
  0.226646E+02     0.227657E+02     0.226413E+02     0.227728E+02     0.228370E+02
  0.229175E+02     0.229420E+02     0.227735E+02     0.225430E+02     0.227304E+02
  0.227064E+02     0.223627E+02     0.223662E+02     0.231622E+02     0.225866E+02
  0.228129E+02     0.227397E+02     0.226500E+02     0.225257E+02     0.231667E+02
  0.225432E+02     0.230033E+02     0.225181E+02     0.226592E+02     0.231921E+02
  0.231990E+02     0.227835E+02     0.226418E+02     0.224653E+02     0.225361E+02
  0.224717E+02     0.228625E+02     0.224672E+02     0.226584E+02     0.230716E+02
  0.232082E+02     0.228543E+02     0.234661E+02     0.225903E+02     0.230384E+02
  0.226242E+02     0.230981E+02     0.229146E+02     0.223167E+02     0.223642E+02
  0.229030E+02     0.220661E+02     0.230078E+02     0.227460E+02     0.225152E+02
  0.227568E+02     0.227678E+02     0.226389E+02     0.230026E+02     0.225139E+02
  0.230617E+02     0.232271E+02     0.227328E+02     0.219711E+02     0.225844E+02
  0.225233E+02     0.223359E+02     0.224621E+02     0.219886E+02     0.221197E+02
  0.216375E+02     0.217993E+02     0.218062E+02     0.222716E+02     0.222288E+02
  0.222181E+02     0.220751E+02     0.225482E+02     0.219669E+02     0.219706E+02
  0.210552E+02     0.220959E+02     0.222307E+02     0.219433E+02     0.224626E+02
  0.224650E+02     0.222186E+02     0.221964E+02     0.220173E+02     0.222599E+02
  0.218055E+02     0.220237E+02     0.218980E+02     0.225504E+02     0.218351E+02
  0.218708E+02     0.211087E+02     0.221861E+02     0.215148E+02     0.219750E+02
  0.216782E+02     0.212455E+02     0.212231E+02     0.215770E+02     0.212279E+02
  0.220671E+02     0.220706E+02     0.218142E+02     0.217647E+02     0.218234E+02
  0.215806E+02     0.218164E+02     0.218338E+02     0.217978E+02     0.214365E+02
  0.213304E+02     0.212438E+02     0.213134E+02     0.208191E+02     0.215564E+02
  0.220129E+02     0.209984E+02     0.209734E+02     0.213137E+02     0.213205E+02
  0.214999E+02     0.211116E+02     0.208186E+02     0.212668E+02     0.214127E+02
  0.208062E+02     0.216136E+02     0.208818E+02     0.204944E+02     0.203072E+02
  0.217315E+02     0.207325E+02     0.205870E+02     0.201130E+02     0.208932E+02
  0.207928E+02     0.203770E+02     0.206384E+02     0.205223E+02     0.209329E+02
  0.200409E+02     0.207272E+02     0.205610E+02     0.205562E+02     0.205379E+02
  0.202982E+02     0.197653E+02     0.205531E+02     0.201204E+02     0.203614E+02
  0.200144E+02     0.201742E+02     0.199389E+02     0.206103E+02     0.197518E+02
  0.202669E+02     0.203850E+02     0.200862E+02     0.211738E+02     0.199082E+02
  0.202283E+02     0.193405E+02     0.192262E+02     0.197721E+02     0.198681E+02
  0.191496E+02     0.198232E+02     0.197909E+02     0.199983E+02     0.197263E+02
  0.192905E+02     0.198957E+02     0.202673E+02     0.197482E+02     0.194607E+02
  0.189261E+02     0.190798E+02     0.190512E+02     0.190498E+02     0.192768E+02
  0.189202E+02     0.187509E+02     0.200344E+02     0.190178E+02     0.186475E+02
  0.187912E+02     0.190680E+02     0.193638E+02     0.199656E+02     0.185227E+02
  0.196471E+02     0.189802E+02     0.190876E+02     0.188216E+02     0.192532E+02
  0.180477E+02     0.185793E+02     0.190033E+02     0.182797E+02     0.173950E+02
  0.190317E+02     0.187974E+02     0.183578E+02     0.185201E+02     0.185391E+02
  0.189392E+02     0.179027E+02     0.180691E+02     0.184212E+02     0.181201E+02
  0.184888E+02     0.185258E+02     0.178252E+02     0.185143E+02     0.182481E+02
  0.179306E+02     0.186537E+02     0.172031E+02     0.176453E+02     0.182851E+02
  0.183090E+02     0.177503E+02     0.179610E+02     0.180024E+02     0.172746E+02
  0.173491E+02     0.181865E+02     0.187463E+02     0.171465E+02     0.174961E+02
  0.173447E+02     0.174885E+02     0.174792E+02     0.171206E+02     0.182557E+02
  0.168007E+02     0.184129E+02     0.173014E+02     0.173941E+02     0.182423E+02
  0.178354E+02     0.179437E+02     0.172165E+02     0.171627E+02     0.176827E+02
  0.171794E+02     0.173198E+02     0.172100E+02     0.171460E+02     0.172093E+02
  0.172459E+02     0.169260E+02     0.168308E+02     0.167449E+02     0.172476E+02
  0.172637E+02     0.164410E+02     0.166945E+02     0.168455E+02     0.161777E+02
  0.167229E+02     0.162400E+02     0.166143E+02     0.173493E+02     0.164916E+02
  0.166076E+02     0.161542E+02     0.166992E+02     0.159752E+02     0.168184E+02
  0.167610E+02     0.162483E+02     0.164759E+02     0.160719E+02     0.164238E+02
  0.165788E+02     0.160464E+02     0.162089E+02
 eigen energies, in ev
    -45.690459       -45.532810       -45.263307       -44.797012       -44.707282
    -28.622015       -28.559893       -28.509067       -28.381425       -28.283670
    -28.266361       -28.262006       -28.251149       -28.135392       -28.052312
    -27.999226       -27.988766       -27.952901       -27.926504       -27.896162
    -27.882484       -27.876521       -27.855318       -27.817328       -27.800908
    -27.795035       -27.781356       -27.728756       -27.636476       -27.629255
    -27.611097       -27.608602       -27.590194       -27.579320       -27.563412
    -27.510049       -27.480677       -27.469781       -27.418478       -27.412696
    -27.400698       -27.390913       -27.355136       -27.341150       -27.328288
    -27.314167       -27.276456       -27.266420       -27.247842       -27.235158
    -27.204800       -27.147756       -27.131918       -27.092081       -27.033619
    -27.015858       -27.002260       -26.993936       -26.983683       -26.973930
    -26.957506       -26.926314       -26.915444       -26.908205       -26.892106
    -26.873729       -26.860902       -26.824910       -26.814305       -26.697782
    -26.671125       -26.664958       -26.642624       -26.613608       -26.607857
    -26.593807       -26.577201       -26.534821       -26.512971       -26.506988
    -26.429370       -26.356888       -26.312021       -26.308231       -26.293197
    -26.261453       -26.255601       -26.247931       -26.219079       -26.202095
    -26.186713       -26.158021       -26.139443       -26.073112       -26.063830
    -26.044761       -26.033167       -26.005739       -26.000700       -25.984040
    -25.982185       -25.971092       -25.912552       -25.896435       -25.894657
    -25.874697       -25.872077       -25.796228       -25.787178       -25.784611
    -25.782038       -25.776062       -25.773910       -25.765894       -25.763717
    -25.761235       -25.755269       -25.753324       -25.745084       -25.735431
    -25.699312       -25.678095       -25.656865       -25.635135       -25.633510
    -25.615865       -25.600904       -25.593783       -25.515563       -25.511957
    -25.502965       -25.498555       -25.490223       -25.475525       -25.455637
    -25.428167       -25.422534       -25.405302       -25.359524       -25.352772
    -25.348618       -25.316789       -25.271459       -25.261933       -25.198111
    -25.129205       -25.111952       -25.096352       -25.043146       -24.904654
    -24.831092       -24.776107       -24.621757       -24.572040       -24.361238
    -24.284499       -24.178004       -24.169698       -24.132696       -24.096892
    -24.030869       -24.016738       -23.949495       -23.864517       -23.794776
    -23.778296       -23.748300       -23.626616       -23.557470       -23.410920
    -23.357088       -23.309470       -23.211406       -23.166810       -23.147099
    -23.052363       -23.027311       -22.754403       -22.706353       -22.650502
    -22.634759       -22.610920       -22.603480       -22.593813       -22.539561
    -22.535699       -22.490278       -22.418374       -22.316170       -22.031914
    -20.974275       -20.163020       -19.862019       -19.618095       -19.191112
    -18.958029       -18.511166       -18.381218       -18.306759       -18.274363
    -18.261584       -18.134853       -18.082218       -17.857606       -17.815613
    -17.750436       -17.675989       -17.429839       -17.326786       -17.272803
    -17.185276       -17.160334       -17.138082       -17.050114       -16.987441
    -16.834961       -16.489698       -16.395727       -16.385353       -16.319079
    -16.035932       -16.025435       -16.011558       -15.998391       -15.985032
    -15.939056       -15.934066       -15.689588       -15.445822       -15.245635
    -14.996406       -14.969397       -14.839593       -14.765186       -14.758352
    -14.699254       -14.673183       -14.656599       -14.620581       -14.609548
    -14.599349       -14.578337       -14.507795       -14.481814       -14.427009
    -14.387829       -14.369013       -14.360566       -14.342228       -14.210714
    -14.196318       -14.155951       -14.146396       -14.117494       -14.104215
    -14.067957       -14.045920       -13.950846       -13.815346       -13.786897
    -13.731723       -13.709249       -13.701404       -13.645290       -13.488343
    -13.474543       -13.469893       -13.455267       -13.444540       -13.406432
    -13.372241       -13.250631       -13.207176       -13.016305       -12.989607
    -12.896165       -12.800456       -12.611910       -12.438505       -12.322500
    -12.290243       -12.181531       -12.153270       -12.131063       -12.102115
    -12.095217       -11.986921       -11.963026       -11.922922       -11.872363
    -11.858764       -11.762301       -11.741779       -11.699844       -11.682452
    -11.632440       -11.584997       -11.537693       -11.527616       -11.525020
    -11.493851       -11.478363       -11.455888       -11.440626       -11.415055
    -11.398608       -11.383602       -11.371625       -11.339843       -11.305362
    -11.184861       -11.165175       -11.149813       -11.115911       -11.093881
    -11.076937       -11.061109       -11.049786       -11.029327       -11.004145
    -10.963051       -10.953360       -10.938472       -10.911323       -10.904559
    -10.893142       -10.876932       -10.858850       -10.816871       -10.757733
    -10.750181       -10.688648       -10.665955       -10.629134       -10.561508
    -10.527823       -10.485207       -10.480314       -10.454418       -10.440185
    -10.409412       -10.391439       -10.368455       -10.340723       -10.317112
    -10.305098       -10.292755       -10.284809       -10.276395       -10.247545
    -10.243862       -10.220770       -10.206597       -10.200615       -10.175359
    -10.156702       -10.153061       -10.124832       -10.122437       -10.115535
    -10.100593       -10.095453       -10.079125       -10.058836       -10.048236
    -10.036942       -10.027157       -10.004366        -9.996625        -9.988139
     -9.971522        -9.954841        -9.948332        -9.939062        -9.921956
     -9.915077        -9.901072        -9.882360        -9.875894        -9.857167
     -9.847573        -9.836927        -9.824707        -9.812365        -9.788955
     -9.781602        -9.774788        -9.757809        -9.744759        -9.728964
     -9.716509        -9.703376        -9.693458        -9.689941        -9.681333
     -9.654689        -9.646504        -9.629710        -9.625745        -9.603945
     -9.597501        -9.583663        -9.572322        -9.553495        -9.549359
     -9.535460        -9.520207        -9.509763        -9.502102        -9.490039
     -9.475721        -9.457163        -9.441436        -9.432605        -9.427463
     -9.411653        -9.402084        -9.373111        -9.362588        -9.349676
     -9.328860        -9.321134        -9.312720        -9.295756        -9.286520
     -9.278487        -9.261670        -9.240324        -9.225824        -9.214828
     -9.198715        -9.189952        -9.186732        -9.164854        -9.154159
     -9.136062        -9.125939        -9.118733        -9.096348        -9.086431
     -9.078043        -9.071449        -9.055943        -9.042976        -9.033976
     -9.025937        -9.015645        -9.003120        -8.980523        -8.975254
     -8.964883        -8.946516        -8.931832        -8.916497        -8.907732
     -8.891546        -8.878792        -8.866945        -8.860755        -8.843599
     -8.829183        -8.815079        -8.806247        -8.795273        -8.782511
     -8.765669        -8.755440        -8.734292        -8.725152        -8.708569
     -8.695133        -8.671139        -8.664690        -8.653850        -8.627688
     -8.620536        -8.611430        -8.586150        -8.577918        -8.561174
     -8.543096        -8.529317        -8.520192        -8.505320        -8.499646
     -8.483878        -8.471732        -8.460097        -8.449344        -8.438072
     -8.408067        -8.400239        -8.393343        -8.378131        -8.366518
     -8.354826        -8.330457        -8.323701        -8.306833        -8.283473
     -8.274001        -8.256140        -8.248502        -8.216005        -8.200327
     -8.191711        -8.181133        -8.162448        -8.149656        -8.125939
     -8.111237        -8.098499        -8.076982        -8.059670        -8.056416
     -8.024496        -8.007397        -7.995372        -7.986947        -7.972282
     -7.957187        -7.943470        -7.937690        -7.919556        -7.895928
     -7.884392        -7.869632        -7.860294        -7.848835        -7.839028
     -7.825078        -7.816253        -7.809702        -7.799718        -7.785646
     -7.775801        -7.768305        -7.742099        -7.721552        -7.707410
     -7.692100        -7.682601        -7.665342        -7.654386        -7.636201
     -7.616334        -7.609043        -7.598377        -7.585586        -7.553671
     -7.542166        -7.535947        -7.530501        -7.514685        -7.492496
     -7.470184        -7.457374        -7.447455        -7.431102        -7.411236
     -7.385452        -7.362677        -7.347124        -7.326448        -7.314046
     -7.279958        -7.268292        -7.258292        -7.238407        -7.223568
     -7.208345        -7.197626        -7.192546        -7.161625        -7.141601
     -7.119394        -7.104177        -7.091134        -7.070992        -7.050946
     -7.006783        -6.996327        -6.977869        -6.959989        -6.932564
     -6.916146        -6.892011        -6.874625        -6.866591        -6.843769
     -6.798543        -6.787884        -6.763239        -6.743374        -6.727301
     -6.706989        -6.681691        -6.652976        -6.629660        -6.617399
     -6.595633        -6.582868        -6.572979        -6.537046        -6.530408
     -6.514027        -6.493151        -6.467976        -6.427256        -6.410220
     -6.390328        -6.346561        -6.334095        -6.320272        -6.304776
     -6.283778        -6.249917        -6.210836        -6.193905        -6.163949
     -6.133787        -6.126324        -6.103984        -6.081138        -6.073619
     -6.042151        -6.033146        -6.010306        -5.991632        -5.962225
     -5.942917        -5.918440        -5.899353        -5.888794        -5.870597
     -5.839534        -5.817518        -5.789094        -5.780161        -5.750557
     -5.730143        -5.706467        -5.696842        -5.666173        -5.635225
     -5.628983        -5.614331        -5.594015        -5.579648        -5.557268
     -5.532233        -5.521539        -5.491348        -5.486694        -5.465127
     -5.453573        -5.441444        -5.417489        -5.412847        -5.398648
     -5.378244        -5.360287        -5.350389        -5.329998        -5.301144
     -5.292623        -5.269349        -5.245390        -5.226846        -5.212830
     -5.195438        -5.183081        -5.173192        -5.158901        -5.142060
     -5.128673        -5.124205        -5.089094        -5.070506        -5.052791
     -5.046609        -5.032551        -5.014368        -4.995199        -4.974913
     -4.960039        -4.946310        -4.917378        -4.900100        -4.888970
     -4.875412        -4.866601        -4.853176        -4.837856        -4.824978
     -4.816221        -4.785852        -4.776362        -4.756589        -4.744922
     -4.725508        -4.711117        -4.697807        -4.678266        -4.652720
     -4.644621        -4.623769        -4.613662        -4.603061        -4.593495
     -4.572415        -4.562653        -4.533559        -4.526852        -4.506316
     -4.499388        -4.466698        -4.454509        -4.438269        -4.416091
     -4.406087        -4.390989        -4.371360        -4.356796        -4.327940
     -4.317793        -4.310964        -4.297128        -4.285346        -4.274321
     -4.259044        -4.253940        -4.228599        -4.220108        -4.208496
     -4.187723        -4.157776        -4.155644        -4.135870        -4.116378
     -4.100405        -4.093467        -4.072064        -4.053415        -4.037873
     -4.026279        -4.022481        -3.994221        -3.980548        -3.957794
     -3.941297        -3.924293        -3.915613        -3.899771        -3.880278
     -3.850915        -3.839991        -3.815309        -3.806086        -3.785266
     -3.766097        -3.749177        -3.738683        -3.732350        -3.720813
     -3.701074        -3.688866        -3.664411        -3.656029        -3.634470
     -3.610686        -3.590089        -3.584962        -3.569321        -3.551572
     -3.541729        -3.532778        -3.487636        -3.479765        -3.472704
     -3.454888        -3.438537        -3.418082        -3.392545        -3.378953
     -3.375095        -3.349844        -3.319992        -3.314548        -3.299661
     -3.266203        -3.246778        -3.228226        -3.217677        -3.201470
     -3.183048        -3.158458        -3.143646        -3.118569        -3.102246
     -3.067992        -3.049655        -3.023354        -3.002314        -2.995190
     -2.986840        -2.969445        -2.959387        -2.937613        -2.917130
     -2.889767        -2.847620        -2.838194        -2.823732        -2.794954
     -2.772873        -2.740141        -2.721621        -2.702156        -2.667804
     -2.656938        -2.632676        -2.618377        -2.589708        -2.575351
     -2.549430        -2.523249        -2.506462        -2.474916        -2.446282
     -2.430837        -2.423524        -2.394922        -2.366557        -2.354334
     -2.324033        -2.312411        -2.279385        -2.268677        -2.232691
     -2.203446        -2.184743        -2.173620        -2.151727        -2.126819
     -2.095295        -2.061876        -2.024313        -2.001520        -1.983882
     -1.950707        -1.934660        -1.918639        -1.874772        -1.851127
     -1.815564        -1.795431        -1.765561        -1.743376        -1.720266
     -1.681538        -1.672376        -1.641988        -1.612552        -1.578835
     -1.555572        -1.518939        -1.496687        -1.453426        -1.436653
     -1.393920        -1.376031        -1.341898        -1.310076        -1.274407
     -1.228687        -1.213404        -1.179616        -1.097921        -1.092044
     -1.039241        -0.996022        -0.970587        -0.943100        -0.907236
     -0.870641        -0.846386        -0.783344        -0.730539        -0.702961
     -0.635033        -0.619671        -0.558376        -0.489123        -0.443725
     -0.370385        -0.343775        -0.306445        -0.283383        -0.230326
     -0.178402        -0.144508        -0.092607        -0.009392         0.013545
      0.064177         0.133071         0.151772         0.247331         0.304569
      0.371942         0.485767         0.531161         0.579114         0.624959
      0.716145         0.777648         0.840522         0.970740         0.999667
      1.133457         1.225278         1.324265         1.364962         1.446197
      1.500334         1.597986         1.675253         1.726413         1.913574
      1.999149         2.100275         2.207972         2.262147         2.333120
      2.516669         2.570131         2.667319         2.766848         2.855396
      2.975673         3.018916         3.185222         3.261884         3.315316
      3.414415         3.553276         3.632630         3.763718         3.834662
      3.908463         4.058356         4.173383         4.254628         4.336341
      4.423402         4.582524         4.631043         4.678242         4.726484
      4.857927         4.935974         5.090280         5.134448         5.185725
      5.224916         5.323158         5.366945         5.507460         5.616934
      5.691176         5.786840         5.830416         5.879464         5.959849
      6.005045         6.092093         6.156182         6.227129         6.342419
      6.362201         6.445957         6.502247         6.537957         6.596978
      6.667883         6.715774         6.762456         6.830716         6.859122
      6.920805         6.940149         6.992343         7.059336         7.113313
      7.183231         7.261498         7.281152         7.350665         7.389001
      7.498234         7.550577         7.567285         7.622215         7.696518
      7.747546         7.810710         7.877482         7.966004         8.008774
      8.061442         8.142891         8.182652         8.237703         8.340028
      8.363388         8.432459         8.474015         8.581542         8.652094
      8.738566         8.799042         8.840572         8.977785         9.066304
      9.133136         9.198233         9.350929
 *********************************
 sum eigen(dbl occ, ryd)=  -1450.68362931957     
 *********************************
 One SCF use:    81.1474809646606       s
 *********************************
 ****** kpt=           1
 err of each states, eV
  0.302765E+01     0.303261E+01     0.303645E+01     0.302709E+01     0.316018E+01
  0.122432E+01     0.139767E+01     0.124964E+01     0.122075E+01     0.122216E+01
  0.125052E+01     0.121762E+01     0.124840E+01     0.122781E+01     0.114511E+01
  0.116981E+01     0.111274E+01     0.120896E+01     0.113873E+01     0.120560E+01
  0.121218E+01     0.119941E+01     0.121419E+01     0.119512E+01     0.127177E+01
  0.131086E+01     0.133354E+01     0.120339E+01     0.107423E+01     0.108669E+01
  0.118164E+01     0.118037E+01     0.117602E+01     0.122808E+01     0.119298E+01
  0.112086E+01     0.115532E+01     0.122499E+01     0.110044E+01     0.106556E+01
  0.107509E+01     0.114652E+01     0.113920E+01     0.108950E+01     0.108913E+01
  0.112880E+01     0.112073E+01     0.105001E+01     0.107506E+01     0.108350E+01
  0.117286E+01     0.107548E+01     0.107143E+01     0.110551E+01     0.103352E+01
  0.107408E+01     0.114012E+01     0.108483E+01     0.110787E+01     0.109210E+01
  0.121597E+01     0.101710E+01     0.105788E+01     0.106215E+01     0.112708E+01
  0.106935E+01     0.108826E+01     0.108473E+01     0.123090E+01     0.118230E+01
  0.906477E+00     0.107435E+01     0.103001E+01     0.935647E+00     0.110596E+01
  0.106643E+01     0.937648E+00     0.882713E+00     0.957246E+00     0.968527E+00
  0.814378E+00     0.101139E+01     0.980762E+00     0.929069E+00     0.945490E+00
  0.108489E+01     0.100619E+01     0.996399E+00     0.926583E+00     0.119405E+01
  0.980001E+00     0.113294E+01     0.953738E+00     0.811716E+00     0.792858E+00
  0.116657E+01     0.894354E+00     0.876874E+00     0.920293E+00     0.102332E+01
  0.938461E+00     0.904481E+00     0.894611E+00     0.104036E+01     0.960839E+00
  0.858785E+00     0.882729E+00     0.800422E+00     0.786593E+00     0.813906E+00
  0.876705E+00     0.842706E+00     0.822418E+00     0.954590E+00     0.869989E+00
  0.928964E+00     0.864806E+00     0.883311E+00     0.927407E+00     0.856911E+00
  0.813738E+00     0.113315E+01     0.120264E+01     0.907938E+00     0.117661E+01
  0.846765E+00     0.114889E+01     0.902032E+00     0.821656E+00     0.814487E+00
  0.870262E+00     0.867424E+00     0.113207E+01     0.888987E+00     0.853690E+00
  0.783709E+00     0.799845E+00     0.755919E+00     0.764929E+00     0.768642E+00
  0.792902E+00     0.956143E+00     0.768151E+00     0.837127E+00     0.768116E+00
  0.765339E+00     0.813481E+00     0.120364E+01     0.821500E+00     0.744008E+00
  0.117108E+01     0.113437E+01     0.114742E+01     0.106469E+01     0.117142E+01
  0.120270E+01     0.945344E+00     0.116222E+01     0.116561E+01     0.101946E+01
  0.965412E+00     0.102755E+01     0.120974E+01     0.880479E+00     0.963440E+00
  0.814493E+00     0.123106E+01     0.924991E+00     0.772401E+00     0.115319E+01
  0.804987E+00     0.768236E+00     0.759829E+00     0.786304E+00     0.113572E+01
  0.757743E+00     0.801677E+00     0.113673E+01     0.119291E+01     0.699796E+00
  0.749480E+00     0.768503E+00     0.859802E+00     0.992959E+00     0.723611E+00
  0.755372E+00     0.728015E+00     0.748780E+00     0.110582E+01     0.111418E+01
  0.859250E+00     0.773989E+00     0.828585E+00     0.810669E+00     0.766228E+00
  0.138628E+01     0.126315E+01     0.125643E+01     0.125639E+01     0.135443E+01
  0.113341E+01     0.108971E+01     0.108296E+01     0.120025E+01     0.933534E+00
  0.124551E+01     0.756675E+00     0.734719E+00     0.665889E+00     0.622655E+00
  0.648896E+00     0.640535E+00     0.737548E+00     0.681299E+00     0.139928E+01
  0.148487E+01     0.735946E+00     0.146897E+01     0.153914E+01     0.147137E+01
  0.162372E+01     0.161575E+01     0.171248E+01     0.153100E+01     0.177571E+01
  0.163959E+01     0.158224E+01     0.154946E+01     0.169412E+01     0.169206E+01
  0.184876E+01     0.192747E+01     0.178479E+01     0.166536E+01     0.169980E+01
  0.167127E+01     0.185636E+01     0.203999E+01     0.173719E+01     0.179335E+01
  0.181595E+01     0.178067E+01     0.157685E+01     0.187786E+01     0.192950E+01
  0.180903E+01     0.195491E+01     0.202945E+01     0.193669E+01     0.192562E+01
  0.157497E+01     0.171343E+01     0.187968E+01     0.191112E+01     0.191514E+01
  0.183022E+01     0.168533E+01     0.199595E+01     0.182171E+01     0.195542E+01
  0.204411E+01     0.177911E+01     0.177281E+01     0.185109E+01     0.180672E+01
  0.191650E+01     0.177691E+01     0.175275E+01     0.178822E+01     0.191369E+01
  0.199893E+01     0.184152E+01     0.184452E+01     0.169766E+01     0.175606E+01
  0.206884E+01     0.185638E+01     0.163443E+01     0.165405E+01     0.163975E+01
  0.176999E+01     0.177688E+01     0.179042E+01     0.214280E+01     0.170151E+01
  0.203197E+01     0.221827E+01     0.182966E+01     0.221801E+01     0.228129E+01
  0.241718E+01     0.222492E+01     0.220165E+01     0.224408E+01     0.228219E+01
  0.207842E+01     0.215506E+01     0.219412E+01     0.222833E+01     0.222979E+01
  0.218727E+01     0.228619E+01     0.228285E+01     0.230440E+01     0.228350E+01
  0.229168E+01     0.234527E+01     0.223400E+01     0.221168E+01     0.225489E+01
  0.222834E+01     0.212209E+01     0.216957E+01     0.208541E+01     0.204587E+01
  0.203825E+01     0.200742E+01     0.184985E+01     0.202047E+01     0.173943E+01
  0.195122E+01     0.192013E+01     0.204521E+01     0.218528E+01     0.211842E+01
  0.211767E+01     0.197401E+01     0.206309E+01     0.219728E+01     0.186437E+01
  0.194728E+01     0.202861E+01     0.197656E+01     0.221802E+01     0.174534E+01
  0.208920E+01     0.160461E+01     0.145681E+01     0.165973E+01     0.158256E+01
  0.192911E+01     0.196818E+01     0.204398E+01     0.163459E+01     0.217729E+01
  0.185160E+01     0.186333E+01     0.189056E+01     0.195200E+01     0.206658E+01
  0.199848E+01     0.213390E+01     0.198847E+01     0.202430E+01     0.204682E+01
  0.200228E+01     0.206339E+01     0.191767E+01     0.206205E+01     0.196278E+01
  0.193775E+01     0.201916E+01     0.194975E+01     0.196795E+01     0.195216E+01
  0.201986E+01     0.206720E+01     0.191356E+01     0.196818E+01     0.205727E+01
  0.198465E+01     0.193524E+01     0.191818E+01     0.203541E+01     0.198953E+01
  0.203210E+01     0.217238E+01     0.216587E+01     0.209828E+01     0.216689E+01
  0.218738E+01     0.210222E+01     0.212180E+01     0.223290E+01     0.218826E+01
  0.215211E+01     0.215261E+01     0.217789E+01     0.202196E+01     0.208599E+01
  0.205640E+01     0.211223E+01     0.196331E+01     0.219286E+01     0.222938E+01
  0.213229E+01     0.218049E+01     0.202849E+01     0.218222E+01     0.205776E+01
  0.226696E+01     0.228135E+01     0.237064E+01     0.228523E+01     0.214633E+01
  0.233891E+01     0.244500E+01     0.236298E+01     0.240724E+01     0.240747E+01
  0.241364E+01     0.234209E+01     0.237276E+01     0.238138E+01     0.227920E+01
  0.235034E+01     0.223482E+01     0.213740E+01     0.222690E+01     0.236555E+01
  0.208599E+01     0.227543E+01     0.229529E+01     0.216994E+01     0.235672E+01
  0.219571E+01     0.243801E+01     0.229034E+01     0.225437E+01     0.244203E+01
  0.225737E+01     0.222566E+01     0.224475E+01     0.229833E+01     0.207133E+01
  0.236849E+01     0.216503E+01     0.216547E+01     0.228042E+01     0.232590E+01
  0.227379E+01     0.213282E+01     0.231568E+01     0.236368E+01     0.229422E+01
  0.235547E+01     0.206002E+01     0.210442E+01     0.241123E+01     0.219359E+01
  0.230483E+01     0.219370E+01     0.211248E+01     0.234472E+01     0.220065E+01
  0.228818E+01     0.225789E+01     0.200678E+01     0.226004E+01     0.223481E+01
  0.222920E+01     0.227960E+01     0.224854E+01     0.232043E+01     0.206966E+01
  0.246641E+01     0.234295E+01     0.233983E+01     0.239300E+01     0.225411E+01
  0.222344E+01     0.230177E+01     0.230692E+01     0.242879E+01     0.220723E+01
  0.235438E+01     0.234660E+01     0.239301E+01     0.219876E+01     0.234408E+01
  0.225204E+01     0.226732E+01     0.226830E+01     0.231960E+01     0.252645E+01
  0.228487E+01     0.199573E+01     0.196792E+01     0.232145E+01     0.213221E+01
  0.202153E+01     0.225859E+01     0.222317E+01     0.235144E+01     0.225704E+01
  0.215758E+01     0.233364E+01     0.235736E+01     0.243078E+01     0.217887E+01
  0.237220E+01     0.252604E+01     0.231346E+01     0.232495E+01     0.248041E+01
  0.254865E+01     0.237177E+01     0.245984E+01     0.250558E+01     0.239118E+01
  0.221666E+01     0.254703E+01     0.248370E+01     0.233745E+01     0.241882E+01
  0.226607E+01     0.235565E+01     0.220615E+01     0.241809E+01     0.232426E+01
  0.237557E+01     0.240877E+01     0.250865E+01     0.217748E+01     0.235909E+01
  0.247735E+01     0.234977E+01     0.239742E+01     0.237347E+01     0.233718E+01
  0.236963E+01     0.243146E+01     0.237746E+01     0.241256E+01     0.221279E+01
  0.229262E+01     0.237980E+01     0.222579E+01     0.248875E+01     0.241808E+01
  0.253168E+01     0.252990E+01     0.242242E+01     0.251142E+01     0.233729E+01
  0.249822E+01     0.266672E+01     0.248941E+01     0.262448E+01     0.245986E+01
  0.259415E+01     0.270514E+01     0.249366E+01     0.262394E+01     0.244427E+01
  0.259989E+01     0.279411E+01     0.273408E+01     0.264039E+01     0.275781E+01
  0.256525E+01     0.259868E+01     0.293990E+01     0.262600E+01     0.270675E+01
  0.283211E+01     0.258508E+01     0.267469E+01     0.263138E+01     0.274007E+01
  0.262790E+01     0.273830E+01     0.279380E+01     0.279565E+01     0.276895E+01
  0.267291E+01     0.269514E+01     0.259040E+01     0.277043E+01     0.259666E+01
  0.276150E+01     0.272746E+01     0.291647E+01     0.254434E+01     0.269724E+01
  0.270004E+01     0.270156E+01     0.256797E+01     0.277710E+01     0.256914E+01
  0.284951E+01     0.274169E+01     0.283813E+01     0.271053E+01     0.264990E+01
  0.256528E+01     0.228410E+01     0.251911E+01     0.242075E+01     0.223359E+01
  0.255487E+01     0.235311E+01     0.250735E+01     0.252630E+01     0.259027E+01
  0.230659E+01     0.237771E+01     0.256651E+01     0.238917E+01     0.237910E+01
  0.241433E+01     0.251859E+01     0.230361E+01     0.254860E+01     0.244052E+01
  0.233928E+01     0.245029E+01     0.243834E+01     0.264342E+01     0.234269E+01
  0.234585E+01     0.234298E+01     0.223957E+01     0.229390E+01     0.239689E+01
  0.234698E+01     0.231808E+01     0.236649E+01     0.225848E+01     0.235180E+01
  0.228831E+01     0.239896E+01     0.228061E+01     0.234780E+01     0.226552E+01
  0.245573E+01     0.232323E+01     0.236347E+01     0.227763E+01     0.239785E+01
  0.228857E+01     0.242444E+01     0.228988E+01     0.221771E+01     0.241921E+01
  0.226291E+01     0.231908E+01     0.233660E+01     0.229037E+01     0.226832E+01
  0.227034E+01     0.229329E+01     0.236960E+01     0.230017E+01     0.237343E+01
  0.235307E+01     0.232634E+01     0.240464E+01     0.227554E+01     0.237164E+01
  0.241754E+01     0.239917E+01     0.234128E+01     0.233883E+01     0.225483E+01
  0.223110E+01     0.230321E+01     0.222942E+01     0.230138E+01     0.232366E+01
  0.241660E+01     0.232236E+01     0.237622E+01     0.224684E+01     0.238177E+01
  0.240020E+01     0.225285E+01     0.234836E+01     0.239150E+01     0.227092E+01
  0.219081E+01     0.229877E+01     0.234833E+01     0.237058E+01     0.232823E+01
  0.231870E+01     0.231883E+01     0.243421E+01     0.232719E+01     0.230163E+01
  0.237583E+01     0.236662E+01     0.233481E+01     0.242005E+01     0.238965E+01
  0.242012E+01     0.238764E+01     0.241776E+01     0.238742E+01     0.235563E+01
  0.234027E+01     0.236345E+01     0.244403E+01     0.227754E+01     0.241014E+01
  0.235217E+01     0.245384E+01     0.237933E+01     0.251464E+01     0.234793E+01
  0.237530E+01     0.247977E+01     0.240638E+01     0.238436E+01     0.243847E+01
  0.245048E+01     0.251260E+01     0.239235E+01     0.257177E+01     0.230640E+01
  0.249153E+01     0.250471E+01     0.247386E+01     0.247533E+01     0.250168E+01
  0.248323E+01     0.257527E+01     0.257764E+01     0.243358E+01     0.244025E+01
  0.249567E+01     0.249700E+01     0.258061E+01     0.250260E+01     0.259110E+01
  0.256398E+01     0.259956E+01     0.254471E+01     0.244266E+01     0.257064E+01
  0.244801E+01     0.260297E+01     0.257433E+01     0.262736E+01     0.266958E+01
  0.261287E+01     0.272851E+01     0.259793E+01     0.266264E+01     0.262815E+01
  0.265804E+01     0.261347E+01     0.257404E+01     0.263194E+01     0.275142E+01
  0.267638E+01     0.264679E+01     0.268304E+01     0.271622E+01     0.282298E+01
  0.284939E+01     0.274467E+01     0.282021E+01     0.273913E+01     0.279444E+01
  0.272392E+01     0.263091E+01     0.286524E+01     0.277241E+01     0.279399E+01
  0.278513E+01     0.279983E+01     0.283473E+01     0.290173E+01     0.283176E+01
  0.278561E+01     0.282209E+01     0.293931E+01     0.284559E+01     0.289309E+01
  0.289165E+01     0.295900E+01     0.297587E+01     0.294591E+01     0.286653E+01
  0.289962E+01     0.297076E+01     0.299965E+01     0.296067E+01     0.295313E+01
  0.299815E+01     0.298030E+01     0.297162E+01     0.308719E+01     0.303627E+01
  0.303402E+01     0.312097E+01     0.315352E+01     0.308359E+01     0.310813E+01
  0.306948E+01     0.314918E+01     0.324995E+01     0.319912E+01     0.311936E+01
  0.326837E+01     0.318143E+01     0.328275E+01     0.322735E+01     0.325819E+01
  0.330602E+01     0.331535E+01     0.323448E+01     0.326071E+01     0.328125E+01
  0.333631E+01     0.333167E+01     0.337737E+01     0.338573E+01     0.333944E+01
  0.331424E+01     0.328713E+01     0.335626E+01     0.347608E+01     0.334656E+01
  0.346842E+01     0.342646E+01     0.358829E+01     0.353262E+01     0.365383E+01
  0.349975E+01     0.349421E+01     0.350299E+01     0.361716E+01     0.342660E+01
  0.357752E+01     0.353425E+01     0.354819E+01     0.361518E+01     0.357116E+01
  0.364127E+01     0.366428E+01     0.367231E+01     0.372759E+01     0.361419E+01
  0.376093E+01     0.360306E+01     0.379962E+01     0.380327E+01     0.368855E+01
  0.360235E+01     0.374066E+01     0.374034E+01     0.361777E+01     0.373560E+01
  0.378618E+01     0.375155E+01     0.387982E+01     0.390506E+01     0.384561E+01
  0.390881E+01     0.379218E+01     0.407884E+01     0.392881E+01     0.401407E+01
  0.391369E+01     0.395504E+01     0.391348E+01     0.395161E+01     0.401285E+01
  0.411726E+01     0.404911E+01     0.415757E+01     0.413243E+01     0.413345E+01
  0.418784E+01     0.422351E+01     0.418943E+01     0.419374E+01     0.435719E+01
  0.439751E+01     0.433267E+01     0.431529E+01     0.425389E+01     0.431856E+01
  0.437815E+01     0.461537E+01     0.445134E+01     0.460142E+01     0.446430E+01
  0.449138E+01     0.459720E+01     0.455508E+01     0.475669E+01     0.467235E+01
  0.464076E+01     0.471520E+01     0.488014E+01     0.482002E+01     0.472887E+01
  0.494178E+01     0.507067E+01     0.494178E+01     0.511264E+01     0.497609E+01
  0.529734E+01     0.517236E+01     0.513642E+01     0.524841E+01     0.531446E+01
  0.550320E+01     0.552790E+01     0.559602E+01     0.570210E+01     0.564220E+01
  0.584580E+01     0.608328E+01     0.612794E+01     0.611160E+01     0.644551E+01
  0.635218E+01     0.646378E+01     0.661179E+01     0.646264E+01     0.709381E+01
  0.684763E+01     0.700302E+01     0.710284E+01     0.705190E+01     0.742682E+01
  0.769841E+01     0.794013E+01     0.802294E+01     0.805882E+01     0.828423E+01
  0.840694E+01     0.842889E+01     0.886717E+01     0.874087E+01     0.900292E+01
  0.935858E+01     0.904928E+01     0.920557E+01     0.953320E+01     0.966323E+01
  0.909908E+01     0.972578E+01     0.972612E+01     0.100838E+02     0.100676E+02
  0.100309E+02     0.101014E+02     0.104999E+02     0.107110E+02     0.105459E+02
  0.105635E+02     0.106853E+02     0.102661E+02     0.106116E+02     0.108010E+02
  0.101831E+02     0.103052E+02     0.100252E+02     0.103388E+02     0.100183E+02
  0.931152E+01     0.109224E+02     0.104344E+02     0.989448E+01     0.986393E+01
  0.911169E+01     0.882699E+01     0.849110E+01     0.837143E+01     0.858254E+01
  0.875276E+01     0.901843E+01     0.847341E+01     0.901918E+01     0.799142E+01
  0.820772E+01     0.864987E+01     0.758916E+01     0.783103E+01     0.884276E+01
  0.701067E+01     0.804567E+01     0.798386E+01     0.925780E+01     0.696108E+01
  0.838008E+01     0.730853E+01     0.731807E+01     0.795313E+01     0.656498E+01
  0.680518E+01     0.704523E+01     0.703803E+01     0.679876E+01     0.742062E+01
  0.753059E+01     0.751691E+01     0.691191E+01     0.635551E+01     0.743822E+01
  0.592048E+01     0.612287E+01     0.636004E+01     0.709699E+01     0.643944E+01
  0.667856E+01     0.674376E+01     0.652019E+01     0.713050E+01     0.656702E+01
  0.696328E+01     0.668733E+01     0.706232E+01     0.632077E+01     0.682562E+01
  0.702431E+01     0.618713E+01     0.668646E+01     0.660124E+01     0.585750E+01
  0.723017E+01     0.658766E+01     0.643793E+01
 eigen energies, in ev
    -46.512383       -46.361827       -46.091809       -45.641981       -45.590754
    -28.799109       -28.752903       -28.682364       -28.554976       -28.448246
    -28.440240       -28.434613       -28.420443       -28.307844       -28.205673
    -28.153726       -28.143032       -28.119173       -28.080302       -28.066598
    -28.042197       -28.037894       -28.020460       -27.989587       -27.978355
    -27.962464       -27.958280       -27.883638       -27.788046       -27.769284
    -27.766267       -27.762950       -27.749683       -27.748077       -27.730021
    -27.656528       -27.639533       -27.633906       -27.571179       -27.549981
    -27.549754       -27.544042       -27.510315       -27.491615       -27.482067
    -27.465486       -27.429398       -27.405450       -27.392917       -27.381577
    -27.363901       -27.295734       -27.275258       -27.240604       -27.174648
    -27.171484       -27.155083       -27.145861       -27.131821       -27.119688
    -27.117398       -27.059044       -27.053880       -27.050948       -27.039846
    -27.018666       -27.009153       -26.975736       -26.968639       -26.850318
    -26.813021       -26.784997       -26.784549       -26.779439       -26.732897
    -26.727310       -26.697846       -26.649650       -26.639542       -26.630910
    -26.538419       -26.493288       -26.455425       -26.449237       -26.419974
    -26.415172       -26.393496       -26.370225       -26.368322       -26.334758
    -26.322689       -26.300498       -26.258585       -26.226300       -26.180436
    -26.169145       -26.142531       -26.141180       -26.119925       -26.119259
    -26.101304       -26.088731       -26.055497       -26.026191       -26.013358
    -25.986666       -25.985306       -25.931208       -25.900463       -25.888115
    -25.885313       -25.883543       -25.881110       -25.880256       -25.875208
    -25.871628       -25.867936       -25.865590       -25.859185       -25.854391
    -25.850858       -25.847041       -25.818563       -25.805475       -25.759568
    -25.747273       -25.726959       -25.715200       -25.655300       -25.620865
    -25.618023       -25.617420       -25.612415       -25.586739       -25.568058
    -25.531591       -25.528786       -25.507874       -25.472861       -25.464385
    -25.459721       -25.453024       -25.374730       -25.372355       -25.301090
    -25.263866       -25.231685       -25.221763       -25.158142       -25.007982
    -24.999522       -24.936603       -24.788751       -24.756042       -24.534875
    -24.470126       -24.349855       -24.339565       -24.314768       -24.270835
    -24.197543       -24.196086       -24.126885       -24.023030       -23.960912
    -23.937576       -23.925824       -23.787668       -23.696618       -23.589336
    -23.507904       -23.451226       -23.357102       -23.329198       -23.311238
    -23.196401       -23.173968       -22.929794       -22.895579       -22.778331
    -22.776790       -22.773208       -22.743945       -22.740981       -22.675675
    -22.674943       -22.625058       -22.559581       -22.492660       -22.201956
    -21.111696       -20.282824       -19.983395       -19.737916       -19.303682
    -19.160487       -18.687542       -18.558758       -18.489975       -18.471701
    -18.414125       -18.283023       -18.232222       -18.020483       -17.956125
    -17.928126       -17.792846       -17.542622       -17.433457       -17.378126
    -17.294767       -17.268581       -17.252306       -17.197116       -17.165517
    -17.045293       -16.621482       -16.615175       -16.598722       -16.533660
    -16.280832       -16.266949       -16.263258       -16.259253       -16.222434
    -16.190329       -16.171592       -15.916795       -15.711194       -15.507500
    -15.298977       -15.290802       -15.139609       -15.064157       -15.054183
    -15.028332       -14.981263       -14.933836       -14.921615       -14.895607
    -14.887489       -14.859311       -14.792613       -14.755709       -14.748601
    -14.743704       -14.708849       -14.681458       -14.670755       -14.553529
    -14.478785       -14.458752       -14.437704       -14.421951       -14.421174
    -14.390871       -14.331503       -14.320904       -14.126845       -14.120243
    -14.088887       -14.021970       -14.018850       -13.976336       -13.827673
    -13.793987       -13.792115       -13.762959       -13.755284       -13.752854
    -13.743774       -13.588994       -13.542596       -13.375225       -13.320139
    -13.300500       -13.188982       -12.919003       -12.772751       -12.680588
    -12.641333       -12.622366       -12.607091       -12.557718       -12.503883
    -12.499115       -12.451394       -12.427947       -12.419287       -12.398645
    -12.305506       -12.283658       -12.249296       -12.236472       -12.223857
    -12.125080       -12.100819       -12.080760       -12.048485       -12.041554
    -12.030108       -12.027740       -11.994888       -11.960264       -11.950748
    -11.927302       -11.906561       -11.887526       -11.853410       -11.845789
    -11.727212       -11.682429       -11.670721       -11.646095       -11.596399
    -11.583620       -11.579403       -11.521943       -11.515196       -11.499105
    -11.477452       -11.444974       -11.428180       -11.413453       -11.409667
    -11.403660       -11.377409       -11.308803       -11.306117       -11.264374
    -11.243341       -11.232617       -11.218436       -11.144441       -11.092352
    -11.063643       -11.006388       -10.901987       -10.852726       -10.851071
    -10.846887       -10.835608       -10.812362       -10.802624       -10.771829
    -10.764853       -10.757049       -10.747908       -10.738425       -10.731260
    -10.727292       -10.714144       -10.693991       -10.677863       -10.668642
    -10.654141       -10.639066       -10.638185       -10.606309       -10.591964
    -10.579279       -10.564825       -10.548980       -10.535862       -10.532056
    -10.520103       -10.511159       -10.494058       -10.491711       -10.473930
    -10.470129       -10.462559       -10.444375       -10.430158       -10.418945
    -10.415784       -10.413491       -10.409858       -10.394609       -10.373047
    -10.364085       -10.357646       -10.351503       -10.335603       -10.334051
    -10.325663       -10.320018       -10.302273       -10.293675       -10.289520
    -10.275044       -10.258704       -10.242668       -10.234614       -10.231312
    -10.225690       -10.216935       -10.212802       -10.208420       -10.196244
    -10.190105       -10.187375       -10.161200       -10.157653       -10.149058
    -10.140610       -10.127195       -10.124214       -10.096381       -10.073086
    -10.067661       -10.051288       -10.048494       -10.032148       -10.021509
    -10.017277       -10.007399        -9.992750        -9.989454        -9.973344
     -9.922208        -9.899169        -9.893793        -9.888594        -9.870300
     -9.864301        -9.854911        -9.846215        -9.838476        -9.833401
     -9.822314        -9.816157        -9.805209        -9.803671        -9.791519
     -9.769806        -9.748254        -9.734274        -9.731887        -9.721909
     -9.707863        -9.700665        -9.696488        -9.689449        -9.681297
     -9.652884        -9.627513        -9.610094        -9.605076        -9.595971
     -9.591081        -9.575361        -9.556265        -9.546252        -9.540735
     -9.517787        -9.503877        -9.481508        -9.471488        -9.463327
     -9.445696        -9.439987        -9.434722        -9.423434        -9.418314
     -9.408109        -9.398626        -9.389578        -9.369864        -9.356989
     -9.344310        -9.336591        -9.331115        -9.328559        -9.317499
     -9.303627        -9.297988        -9.289843        -9.277290        -9.270492
     -9.263688        -9.258780        -9.251334        -9.238674        -9.234349
     -9.225820        -9.218347        -9.215459        -9.209452        -9.182753
     -9.173319        -9.165894        -9.155071        -9.138759        -9.135393
     -9.116938        -9.106067        -9.090035        -9.066267        -9.062641
     -9.051622        -9.045962        -9.042047        -9.030852        -8.997073
     -8.982971        -8.979682        -8.978660        -8.966437        -8.951377
     -8.942590        -8.940131        -8.912636        -8.906191        -8.894277
     -8.877953        -8.866921        -8.858796        -8.853795        -8.845111
     -8.840599        -8.820790        -8.805355        -8.794624        -8.790279
     -8.769758        -8.758210        -8.754617        -8.752180        -8.744794
     -8.718554        -8.710738        -8.702159        -8.695544        -8.687537
     -8.676348        -8.668813        -8.654954        -8.623611        -8.609771
     -8.601919        -8.587452        -8.577886        -8.566386        -8.561129
     -8.533278        -8.522313        -8.503296        -8.490823        -8.467469
     -8.455919        -8.452665        -8.415221        -8.408021        -8.393307
     -8.380926        -8.379085        -8.368711        -8.365429        -8.327164
     -8.317265        -8.277788        -8.271237        -8.270809        -8.261371
     -8.245564        -8.233744        -8.218686        -8.203285        -8.196152
     -8.156117        -8.122142        -8.101775        -8.084315        -8.076898
     -8.051755        -8.036610        -8.017614        -8.002112        -7.981890
     -7.975389        -7.968958        -7.951253        -7.930306        -7.906985
     -7.854134        -7.852176        -7.839642        -7.831338        -7.813382
     -7.801176        -7.788798        -7.751035        -7.746183        -7.737518
     -7.715054        -7.675159        -7.671590        -7.621749        -7.602921
     -7.600055        -7.559184        -7.524030        -7.501739        -7.476066
     -7.460151        -7.414164        -7.381609        -7.365864        -7.330433
     -7.320751        -7.308103        -7.293642        -7.284138        -7.268097
     -7.250561        -7.233604        -7.227667        -7.193984        -7.189644
     -7.184578        -7.177054        -7.166499        -7.153937        -7.134360
     -7.107248        -7.092987        -7.077504        -7.069192        -7.042762
     -7.015993        -7.002761        -6.985486        -6.981491        -6.970810
     -6.946811        -6.937723        -6.926395        -6.923743        -6.920633
     -6.890839        -6.877336        -6.857408        -6.846430        -6.835828
     -6.823289        -6.811418        -6.800504        -6.788120        -6.778916
     -6.774352        -6.760939        -6.756061        -6.744073        -6.734655
     -6.710964        -6.701384        -6.693844        -6.683330        -6.672801
     -6.655108        -6.651586        -6.645128        -6.632079        -6.620222
     -6.617671        -6.592793        -6.574666        -6.558789        -6.548993
     -6.545062        -6.538486        -6.528025        -6.517942        -6.509186
     -6.500931        -6.495499        -6.489062        -6.478095        -6.469360
     -6.461238        -6.445423        -6.414698        -6.406821        -6.403936
     -6.396067        -6.388787        -6.386462        -6.374354        -6.357280
     -6.347997        -6.339598        -6.327350        -6.317836        -6.306333
     -6.301641        -6.293280        -6.282381        -6.276705        -6.254334
     -6.247617        -6.235605        -6.225599        -6.207744        -6.184822
     -6.177005        -6.171558        -6.167744        -6.148480        -6.138663
     -6.121514        -6.101379        -6.097309        -6.087690        -6.077289
     -6.069323        -6.056302        -6.045106        -6.035733        -6.034878
     -6.027561        -6.021281        -6.015706        -6.007106        -5.999290
     -5.994411        -5.988851        -5.975919        -5.969662        -5.960709
     -5.944550        -5.937702        -5.928408        -5.920253        -5.909383
     -5.901860        -5.891831        -5.884231        -5.873547        -5.865771
     -5.859202        -5.851418        -5.839740        -5.833300        -5.822049
     -5.814511        -5.813212        -5.799909        -5.794280        -5.788726
     -5.784782        -5.773443        -5.765425        -5.758212        -5.750794
     -5.743454        -5.741890        -5.735352        -5.725820        -5.721871
     -5.717707        -5.710544        -5.705818        -5.697831        -5.692581
     -5.686864        -5.682819        -5.673634        -5.666963        -5.663818
     -5.655150        -5.646838        -5.643525        -5.633828        -5.625808
     -5.617439        -5.611452        -5.598450        -5.586504        -5.581767
     -5.575626        -5.565068        -5.560401        -5.546463        -5.539952
     -5.535193        -5.528662        -5.517879        -5.515826        -5.509722
     -5.500492        -5.499005        -5.489857        -5.486646        -5.479743
     -5.473367        -5.463190        -5.459467        -5.448532        -5.444261
     -5.432386        -5.429304        -5.427124        -5.415048        -5.410518
     -5.402953        -5.394040        -5.387905        -5.380514        -5.372685
     -5.363836        -5.363326        -5.352363        -5.342334        -5.333929
     -5.322066        -5.318791        -5.309878        -5.304120        -5.295601
     -5.290577        -5.280868        -5.271667        -5.262640        -5.255073
     -5.248950        -5.240041        -5.231353        -5.222975        -5.216202
     -5.213895        -5.203534        -5.199204        -5.195015        -5.184944
     -5.179179        -5.168296        -5.162714        -5.155049        -5.148245
     -5.138982        -5.127428        -5.119915        -5.108655        -5.098017
     -5.088719        -5.082335        -5.075371        -5.067580        -5.054318
     -5.039959        -5.024438        -5.017235        -5.009088        -4.996448
     -4.991325        -4.988542        -4.978992        -4.964433        -4.949352
     -4.940252        -4.931168        -4.924052        -4.914961        -4.907820
     -4.894326        -4.886937        -4.872749        -4.865347        -4.849563
     -4.842328        -4.829628        -4.823597        -4.810675        -4.787586
     -4.780707        -4.762417        -4.748671        -4.741494        -4.730392
     -4.713173        -4.700083        -4.674793        -4.670337        -4.662554
     -4.660074        -4.647030        -4.642510        -4.614819        -4.595341
     -4.559262        -4.552075        -4.519666        -4.509455        -4.491156
     -4.477403        -4.454551        -4.423624        -4.402542        -4.384051
     -4.372721        -4.314446        -4.305491        -4.283084        -4.262181
     -4.247682        -4.200797        -4.180095        -4.170922        -4.135977
     -4.114764        -4.095752        -4.071496        -4.042866        -4.017073
     -4.002452        -3.972789        -3.954064        -3.925078        -3.898157
     -3.862941        -3.850978        -3.819857        -3.780780        -3.763231
     -3.730749        -3.694652        -3.666446        -3.653239        -3.618866
     -3.604256        -3.560104        -3.546401        -3.520835        -3.492479
     -3.462131        -3.449289        -3.408882        -3.387244        -3.339599
     -3.299428        -3.287180        -3.205385        -3.177503        -3.139884
     -3.098806        -3.069112        -3.019034        -2.970901        -2.890749
     -2.868596        -2.831528        -2.700729        -2.646833        -2.553170
     -2.513299        -2.441409        -2.330223        -2.250145        -2.179300
     -2.051365        -1.957419        -1.829582        -1.708297        -1.593224
     -1.554063        -1.227770        -1.015117        -0.876233        -0.352368
      1.408513         1.659823         2.110743         2.163818         2.422211
      2.528272         2.840565         2.910462         3.049393         3.272573
      3.326293         3.587158         3.747766         3.809708         3.836958
      3.936018         3.969182         4.029374         4.073552         4.137469
      4.169372         4.190457         4.289008         4.307239         4.343376
      4.379281         4.433645         4.484894         4.512394         4.538512
      4.579419         4.609830         4.646145         4.669032         4.734824
      4.744152         4.785067         4.836211         4.868781         4.887576
      4.931552         4.978573         4.991673         5.035470         5.046795
      5.094126         5.137201         5.150329         5.182538         5.248552
      5.260409         5.327524         5.351784         5.424186         5.438464
      5.471891         5.525213         5.591698
 *********************************
 sum eigen(dbl occ, ryd)=  -1667.77696378174     
 *********************************
 One SCF use:    81.0489439964294       s
 *********************************
 ****** kpt=           1
 err of each states, eV
  0.416084E+00     0.427286E+00     0.415705E+00     0.418048E+00     0.425501E+00
  0.211334E+00     0.205273E+00     0.222057E+00     0.221274E+00     0.218786E+00
  0.213779E+00     0.201860E+00     0.214061E+00     0.217405E+00     0.210043E+00
  0.213070E+00     0.184435E+00     0.202715E+00     0.207005E+00     0.214919E+00
  0.210377E+00     0.208765E+00     0.203890E+00     0.189224E+00     0.212899E+00
  0.205716E+00     0.186867E+00     0.195823E+00     0.203188E+00     0.202048E+00
  0.204082E+00     0.176025E+00     0.205947E+00     0.201112E+00     0.196605E+00
  0.210568E+00     0.182493E+00     0.190513E+00     0.203023E+00     0.164846E+00
  0.169692E+00     0.204862E+00     0.210952E+00     0.185706E+00     0.181133E+00
  0.187817E+00     0.174411E+00     0.175304E+00     0.173333E+00     0.188683E+00
  0.172875E+00     0.173518E+00     0.178786E+00     0.191825E+00     0.192335E+00
  0.175004E+00     0.171428E+00     0.183057E+00     0.168463E+00     0.171520E+00
  0.180570E+00     0.175261E+00     0.184953E+00     0.179964E+00     0.192195E+00
  0.179876E+00     0.177923E+00     0.172803E+00     0.168102E+00     0.178521E+00
  0.181860E+00     0.173396E+00     0.182650E+00     0.173402E+00     0.177624E+00
  0.171297E+00     0.184135E+00     0.178317E+00     0.188234E+00     0.185578E+00
  0.163709E+00     0.164492E+00     0.180818E+00     0.195603E+00     0.173903E+00
  0.183150E+00     0.170651E+00     0.178794E+00     0.172409E+00     0.189115E+00
  0.172717E+00     0.177775E+00     0.189379E+00     0.169782E+00     0.164862E+00
  0.166877E+00     0.161206E+00     0.165337E+00     0.180084E+00     0.180412E+00
  0.181019E+00     0.185753E+00     0.163009E+00     0.175970E+00     0.179625E+00
  0.176403E+00     0.163030E+00     0.168856E+00     0.161286E+00     0.170439E+00
  0.155416E+00     0.156474E+00     0.162187E+00     0.167108E+00     0.168250E+00
  0.168421E+00     0.168039E+00     0.169195E+00     0.167200E+00     0.165920E+00
  0.165123E+00     0.169025E+00     0.170075E+00     0.163482E+00     0.153404E+00
  0.176057E+00     0.174452E+00     0.177311E+00     0.161879E+00     0.166725E+00
  0.163444E+00     0.171492E+00     0.174348E+00     0.169428E+00     0.171104E+00
  0.159592E+00     0.162431E+00     0.152184E+00     0.130183E+00     0.158070E+00
  0.164749E+00     0.157753E+00     0.168081E+00     0.157560E+00     0.155318E+00
  0.148495E+00     0.157963E+00     0.165552E+00     0.169866E+00     0.153345E+00
  0.146408E+00     0.146042E+00     0.150416E+00     0.144754E+00     0.145204E+00
  0.148744E+00     0.159101E+00     0.133355E+00     0.148178E+00     0.145006E+00
  0.137140E+00     0.151095E+00     0.145031E+00     0.127822E+00     0.149892E+00
  0.155440E+00     0.120672E+00     0.130532E+00     0.128509E+00     0.139301E+00
  0.140698E+00     0.134116E+00     0.127872E+00     0.136465E+00     0.134610E+00
  0.122854E+00     0.140964E+00     0.137786E+00     0.147872E+00     0.118613E+00
  0.149924E+00     0.133322E+00     0.118078E+00     0.116596E+00     0.123850E+00
  0.131254E+00     0.125342E+00     0.132308E+00     0.132694E+00     0.136764E+00
  0.129520E+00     0.121496E+00     0.127814E+00     0.116645E+00     0.118430E+00
  0.228922E+00     0.216664E+00     0.210029E+00     0.214787E+00     0.226537E+00
  0.194005E+00     0.193332E+00     0.199372E+00     0.199833E+00     0.179561E+00
  0.209683E+00     0.137237E+00     0.145540E+00     0.131479E+00     0.113674E+00
  0.120828E+00     0.122579E+00     0.135995E+00     0.206944E+00     0.119802E+00
  0.208712E+00     0.211244E+00     0.213549E+00     0.135960E+00     0.199155E+00
  0.222424E+00     0.220991E+00     0.216788E+00     0.214541E+00     0.207638E+00
  0.212850E+00     0.211178E+00     0.210383E+00     0.223587E+00     0.215197E+00
  0.238753E+00     0.236871E+00     0.225896E+00     0.248954E+00     0.244370E+00
  0.279196E+00     0.216182E+00     0.240232E+00     0.209648E+00     0.218788E+00
  0.230653E+00     0.244708E+00     0.233425E+00     0.239731E+00     0.229597E+00
  0.246559E+00     0.236994E+00     0.218151E+00     0.232123E+00     0.240405E+00
  0.246443E+00     0.239251E+00     0.247489E+00     0.224066E+00     0.228330E+00
  0.245905E+00     0.248998E+00     0.230643E+00     0.245302E+00     0.239176E+00
  0.248067E+00     0.240308E+00     0.235596E+00     0.250457E+00     0.244335E+00
  0.240025E+00     0.240019E+00     0.246659E+00     0.233872E+00     0.261152E+00
  0.250217E+00     0.245073E+00     0.236303E+00     0.222727E+00     0.231100E+00
  0.268406E+00     0.263255E+00     0.222872E+00     0.229205E+00     0.285482E+00
  0.223777E+00     0.274869E+00     0.286602E+00     0.276011E+00     0.249412E+00
  0.218165E+00     0.195770E+00     0.290843E+00     0.279189E+00     0.292958E+00
  0.282960E+00     0.202387E+00     0.267022E+00     0.270044E+00     0.285655E+00
  0.284614E+00     0.278609E+00     0.287106E+00     0.279434E+00     0.266406E+00
  0.286467E+00     0.292410E+00     0.279198E+00     0.294235E+00     0.279499E+00
  0.271948E+00     0.289477E+00     0.274687E+00     0.279147E+00     0.293235E+00
  0.287628E+00     0.275400E+00     0.299515E+00     0.265182E+00     0.279935E+00
  0.284153E+00     0.313737E+00     0.302039E+00     0.286948E+00     0.279309E+00
  0.287803E+00     0.273499E+00     0.296877E+00     0.295462E+00     0.289310E+00
  0.294502E+00     0.221181E+00     0.261845E+00     0.227364E+00     0.267170E+00
  0.286907E+00     0.303212E+00     0.240709E+00     0.351332E+00     0.277080E+00
  0.247293E+00     0.277071E+00     0.360029E+00     0.346029E+00     0.337591E+00
  0.243525E+00     0.330616E+00     0.359925E+00     0.266742E+00     0.272370E+00
  0.229681E+00     0.260130E+00     0.301020E+00     0.351504E+00     0.277321E+00
  0.333727E+00     0.319472E+00     0.347630E+00     0.280375E+00     0.240418E+00
  0.251447E+00     0.204629E+00     0.261290E+00     0.323552E+00     0.202223E+00
  0.311577E+00     0.369930E+00     0.374019E+00     0.326986E+00     0.296176E+00
  0.268266E+00     0.269421E+00     0.288553E+00     0.283705E+00     0.299266E+00
  0.329878E+00     0.311741E+00     0.285518E+00     0.306045E+00     0.288082E+00
  0.237001E+00     0.304646E+00     0.291262E+00     0.377376E+00     0.261945E+00
  0.298764E+00     0.327563E+00     0.346071E+00     0.361260E+00     0.298224E+00
  0.372920E+00     0.357792E+00     0.330707E+00     0.358335E+00     0.364041E+00
  0.316339E+00     0.353588E+00     0.291610E+00     0.294688E+00     0.324087E+00
  0.366782E+00     0.272314E+00     0.328097E+00     0.308482E+00     0.317691E+00
  0.371702E+00     0.385163E+00     0.381319E+00     0.299829E+00     0.307451E+00
  0.345353E+00     0.350343E+00     0.367323E+00     0.378413E+00     0.369691E+00
  0.388933E+00     0.287859E+00     0.321191E+00     0.293050E+00     0.361707E+00
  0.373141E+00     0.278065E+00     0.429324E+00     0.380950E+00     0.412082E+00
  0.280797E+00     0.371620E+00     0.364821E+00     0.398628E+00     0.294086E+00
  0.388089E+00     0.372945E+00     0.282565E+00     0.314423E+00     0.375625E+00
  0.389754E+00     0.364577E+00     0.374526E+00     0.421402E+00     0.361516E+00
  0.233535E+00     0.248720E+00     0.400724E+00     0.382064E+00     0.431873E+00
  0.313132E+00     0.338797E+00     0.299120E+00     0.395645E+00     0.326968E+00
  0.353633E+00     0.400649E+00     0.321349E+00     0.341176E+00     0.404822E+00
  0.379857E+00     0.388608E+00     0.388836E+00     0.436005E+00     0.361982E+00
  0.409613E+00     0.411950E+00     0.399954E+00     0.314425E+00     0.336595E+00
  0.381409E+00     0.395902E+00     0.347042E+00     0.376807E+00     0.388905E+00
  0.409956E+00     0.366785E+00     0.315389E+00     0.347968E+00     0.360204E+00
  0.277730E+00     0.342195E+00     0.394514E+00     0.324631E+00     0.454062E+00
  0.423317E+00     0.409382E+00     0.451045E+00     0.400851E+00     0.349931E+00
  0.414006E+00     0.422572E+00     0.405189E+00     0.364667E+00     0.337127E+00
  0.389523E+00     0.348915E+00     0.398831E+00     0.321391E+00     0.439719E+00
  0.360908E+00     0.409401E+00     0.461883E+00     0.395131E+00     0.468784E+00
  0.415401E+00     0.451633E+00     0.513391E+00     0.382573E+00     0.442942E+00
  0.474746E+00     0.466408E+00     0.476728E+00     0.319450E+00     0.390740E+00
  0.344573E+00     0.386754E+00     0.375090E+00     0.459526E+00     0.371236E+00
  0.489206E+00     0.414241E+00     0.415008E+00     0.469682E+00     0.460768E+00
  0.444313E+00     0.288245E+00     0.423114E+00     0.437319E+00     0.365513E+00
  0.308854E+00     0.394578E+00     0.446347E+00     0.458800E+00     0.370173E+00
  0.408601E+00     0.431522E+00     0.366994E+00     0.355186E+00     0.406673E+00
  0.498416E+00     0.515188E+00     0.433790E+00     0.438622E+00     0.530977E+00
  0.529503E+00     0.466637E+00     0.571203E+00     0.498029E+00     0.472162E+00
  0.360875E+00     0.363516E+00     0.356679E+00     0.439078E+00     0.435840E+00
  0.424317E+00     0.403290E+00     0.406771E+00     0.336497E+00     0.387862E+00
  0.461269E+00     0.374152E+00     0.480755E+00     0.462819E+00     0.313981E+00
  0.301463E+00     0.323280E+00     0.293563E+00     0.325871E+00     0.426857E+00
  0.264019E+00     0.365983E+00     0.383171E+00     0.343933E+00     0.364266E+00
  0.301406E+00     0.324625E+00     0.290449E+00     0.293804E+00     0.221710E+00
  0.446725E+00     0.314193E+00     0.398331E+00     0.297109E+00     0.295537E+00
  0.309616E+00     0.264888E+00     0.266010E+00     0.402110E+00     0.250991E+00
  0.323792E+00     0.330962E+00     0.373911E+00     0.297231E+00     0.309854E+00
  0.349677E+00     0.375909E+00     0.416775E+00     0.375987E+00     0.303919E+00
  0.331584E+00     0.319174E+00     0.411576E+00     0.369925E+00     0.307503E+00
  0.298512E+00     0.308407E+00     0.314024E+00     0.311054E+00     0.262449E+00
  0.333698E+00     0.409363E+00     0.392193E+00     0.310781E+00     0.335750E+00
  0.369191E+00     0.330650E+00     0.319748E+00     0.361394E+00     0.286009E+00
  0.314812E+00     0.339942E+00     0.316588E+00     0.331389E+00     0.250823E+00
  0.329698E+00     0.336515E+00     0.365254E+00     0.416364E+00     0.362544E+00
  0.336861E+00     0.398713E+00     0.314612E+00     0.340929E+00     0.340142E+00
  0.363616E+00     0.333554E+00     0.220155E+00     0.352767E+00     0.320566E+00
  0.352806E+00     0.349659E+00     0.360266E+00     0.335730E+00     0.334810E+00
  0.361167E+00     0.348717E+00     0.373679E+00     0.343432E+00     0.335485E+00
  0.366472E+00     0.378894E+00     0.389971E+00     0.371713E+00     0.367835E+00
  0.365905E+00     0.381259E+00     0.386302E+00     0.350918E+00     0.366444E+00
  0.367328E+00     0.382594E+00     0.404276E+00     0.408862E+00     0.412695E+00
  0.401069E+00     0.376702E+00     0.401177E+00     0.386275E+00     0.405683E+00
  0.404559E+00     0.422884E+00     0.414103E+00     0.413323E+00     0.391601E+00
  0.409927E+00     0.394929E+00     0.397727E+00     0.390164E+00     0.387113E+00
  0.383955E+00     0.404199E+00     0.409589E+00     0.399761E+00     0.405648E+00
  0.377195E+00     0.396097E+00     0.415150E+00     0.401642E+00     0.398436E+00
  0.399242E+00     0.358963E+00     0.372838E+00     0.398439E+00     0.382380E+00
  0.396554E+00     0.413380E+00     0.405752E+00     0.441755E+00     0.389409E+00
  0.398208E+00     0.378544E+00     0.422978E+00     0.445893E+00     0.394813E+00
  0.397492E+00     0.463200E+00     0.436487E+00     0.419506E+00     0.393139E+00
  0.382229E+00     0.419925E+00     0.435114E+00     0.421420E+00     0.396855E+00
  0.425254E+00     0.367080E+00     0.403473E+00     0.387698E+00     0.418293E+00
  0.397521E+00     0.447778E+00     0.410661E+00     0.377618E+00     0.409340E+00
  0.396259E+00     0.410601E+00     0.403943E+00     0.406735E+00     0.409706E+00
  0.452671E+00     0.420645E+00     0.414665E+00     0.407841E+00     0.415841E+00
  0.459204E+00     0.432037E+00     0.420720E+00     0.444617E+00     0.453089E+00
  0.468845E+00     0.460488E+00     0.412797E+00     0.432340E+00     0.437497E+00
  0.433441E+00     0.427285E+00     0.433137E+00     0.421364E+00     0.442855E+00
  0.444009E+00     0.474605E+00     0.440432E+00     0.446584E+00     0.450758E+00
  0.456616E+00     0.469382E+00     0.433757E+00     0.472910E+00     0.443392E+00
  0.443464E+00     0.460089E+00     0.420258E+00     0.406485E+00     0.444756E+00
  0.423880E+00     0.418554E+00     0.435200E+00     0.425104E+00     0.471724E+00
  0.427117E+00     0.444465E+00     0.461549E+00     0.471813E+00     0.448956E+00
  0.433457E+00     0.447781E+00     0.475627E+00     0.467412E+00     0.478019E+00
  0.493826E+00     0.494081E+00     0.489395E+00     0.499672E+00     0.462071E+00
  0.473575E+00     0.450262E+00     0.428825E+00     0.485254E+00     0.486302E+00
  0.470940E+00     0.479588E+00     0.484715E+00     0.496581E+00     0.497548E+00
  0.489644E+00     0.462844E+00     0.494549E+00     0.520165E+00     0.522519E+00
  0.490866E+00     0.485419E+00     0.537489E+00     0.494081E+00     0.492163E+00
  0.491833E+00     0.469148E+00     0.496278E+00     0.520919E+00     0.517124E+00
  0.525262E+00     0.520751E+00     0.534603E+00     0.512412E+00     0.511275E+00
  0.503465E+00     0.527864E+00     0.548006E+00     0.500474E+00     0.532269E+00
  0.516966E+00     0.627040E+00     0.559450E+00     0.523554E+00     0.531255E+00
  0.528362E+00     0.536719E+00     0.539875E+00     0.536999E+00     0.534130E+00
  0.536041E+00     0.531818E+00     0.534346E+00     0.505576E+00     0.533742E+00
  0.566001E+00     0.538308E+00     0.538536E+00     0.541364E+00     0.545555E+00
  0.546112E+00     0.601447E+00     0.546802E+00     0.569062E+00     0.569923E+00
  0.517744E+00     0.558104E+00     0.513803E+00     0.578959E+00     0.586939E+00
  0.572045E+00     0.589875E+00     0.597369E+00     0.612161E+00     0.611971E+00
  0.616911E+00     0.603768E+00     0.661195E+00     0.599305E+00     0.627134E+00
  0.637292E+00     0.621557E+00     0.584099E+00     0.634027E+00     0.607146E+00
  0.652532E+00     0.670848E+00     0.593535E+00     0.604755E+00     0.710864E+00
  0.733393E+00     0.669638E+00     0.647768E+00     0.682592E+00     0.707109E+00
  0.673580E+00     0.669635E+00     0.675465E+00     0.722915E+00     0.696325E+00
  0.700522E+00     0.703318E+00     0.696275E+00     0.630886E+00     0.731205E+00
  0.716179E+00     0.721861E+00     0.799021E+00     0.726013E+00     0.660478E+00
  0.812071E+00     0.776418E+00     0.782148E+00     0.826956E+00     0.859305E+00
  0.821261E+00     0.846718E+00     0.814566E+00     0.872632E+00     0.908154E+00
  0.870521E+00     0.909498E+00     0.892277E+00     0.972107E+00     0.922288E+00
  0.878355E+00     0.900816E+00     0.101101E+01     0.984122E+00     0.104920E+01
  0.108921E+01     0.939552E+00     0.980423E+00     0.105862E+01     0.108434E+01
  0.105485E+01     0.101330E+01     0.107471E+01     0.100445E+01     0.112031E+01
  0.110665E+01     0.986712E+00     0.114664E+01     0.110096E+01     0.102220E+01
  0.109126E+01     0.982065E+00     0.118243E+01     0.102878E+01     0.118062E+01
  0.114326E+01     0.106017E+01     0.113902E+01     0.106626E+01     0.116011E+01
  0.127046E+01     0.117318E+01     0.127393E+01     0.120866E+01     0.980534E+00
  0.112296E+01     0.105369E+01     0.110939E+01     0.104615E+01     0.105514E+01
  0.101060E+01     0.117339E+01     0.107405E+01     0.132632E+01     0.124763E+01
  0.126309E+01     0.128538E+01     0.148040E+01     0.134252E+01     0.132034E+01
  0.136198E+01     0.157655E+01     0.139004E+01     0.161223E+01     0.165178E+01
  0.161267E+01     0.150416E+01     0.177001E+01     0.178784E+01     0.173112E+01
  0.195586E+01     0.190516E+01     0.212304E+01     0.205637E+01     0.214031E+01
  0.226761E+01     0.218718E+01     0.236387E+01     0.239449E+01     0.248091E+01
  0.244728E+01     0.281827E+01     0.292817E+01     0.313127E+01     0.394996E+01
  0.192244E+01     0.219619E+01     0.169613E+01     0.193076E+01     0.197648E+01
  0.204358E+01     0.243417E+01     0.277692E+01     0.313452E+01     0.268119E+01
  0.240188E+01     0.193523E+01     0.157341E+01     0.160642E+01     0.177429E+01
  0.158055E+01     0.152197E+01     0.160575E+01     0.159207E+01     0.158115E+01
  0.157883E+01     0.177725E+01     0.163899E+01     0.161299E+01     0.158444E+01
  0.157590E+01     0.169169E+01     0.155163E+01     0.164760E+01     0.167553E+01
  0.169688E+01     0.176132E+01     0.169247E+01     0.166076E+01     0.162321E+01
  0.176407E+01     0.169351E+01     0.160403E+01     0.176135E+01     0.182152E+01
  0.190043E+01     0.201539E+01     0.178070E+01     0.195583E+01     0.178714E+01
  0.199369E+01     0.184454E+01     0.223215E+01     0.200147E+01     0.190106E+01
  0.241539E+01     0.238659E+01     0.211157E+01     0.238607E+01     0.245907E+01
  0.243888E+01     0.271795E+01     0.264588E+01
 eigen energies, in ev
    -46.527249       -46.377188       -46.106757       -45.657059       -45.606755
    -28.804366       -28.758751       -28.687987       -28.560396       -28.453854
    -28.445459       -28.439635       -28.425616       -28.313276       -28.210630
    -28.158842       -28.147230       -28.124191       -28.085088       -28.072035
    -28.047534       -28.042865       -28.025408       -27.994559       -27.983722
    -27.967976       -27.963177       -27.888256       -27.792785       -27.774167
    -27.771053       -27.766540       -27.754748       -27.752801       -27.734753
    -27.661283       -27.643780       -27.638666       -27.575905       -27.553690
    -27.553192       -27.548754       -27.515390       -27.495754       -27.485976
    -27.469602       -27.433182       -27.409063       -27.396596       -27.385608
    -27.368181       -27.299400       -27.279043       -27.244807       -27.178738
    -27.175532       -27.158711       -27.149910       -27.135795       -27.123861
    -27.121400       -27.062646       -27.057898       -27.054800       -27.044028
    -27.022470       -27.012909       -26.979858       -26.972340       -26.854726
    -26.817036       -26.788551       -26.788211       -26.783499       -26.736440
    -26.730854       -26.701440       -26.653150       -26.643528       -26.634650
    -26.541364       -26.496633       -26.459930       -26.453563       -26.423240
    -26.418769       -26.397860       -26.373852       -26.371859       -26.338549
    -26.326547       -26.304278       -26.262354       -26.230554       -26.183398
    -26.172040       -26.145998       -26.144345       -26.123239       -26.122897
    -26.104801       -26.092261       -26.059091       -26.029599       -26.017055
    -25.990229       -25.988392       -25.935518       -25.903399       -25.891188
    -25.888197       -25.886452       -25.884131       -25.883328       -25.878342
    -25.874757       -25.871167       -25.868803       -25.862248       -25.858385
    -25.855012       -25.850327       -25.822852       -25.808376       -25.763526
    -25.750603       -25.730132       -25.718673       -25.659490       -25.623914
    -25.621175       -25.620525       -25.615656       -25.589902       -25.571360
    -25.534558       -25.531566       -25.510489       -25.475762       -25.467070
    -25.462644       -25.455684       -25.377854       -25.375079       -25.303666
    -25.267769       -25.234362       -25.224745       -25.161188       -25.010620
    -25.003347       -24.940351       -24.792666       -24.759893       -24.538732
    -24.474456       -24.354277       -24.342726       -24.318958       -24.274524
    -24.200850       -24.199923       -24.130810       -24.025931       -23.964537
    -23.941753       -23.928245       -23.790726       -23.698942       -23.593154
    -23.510457       -23.453588       -23.359427       -23.332940       -23.313719
    -23.198646       -23.176693       -22.933466       -22.899852       -22.780713
    -22.780218       -22.775542       -22.746118       -22.743257       -22.677793
    -22.677319       -22.627255       -22.561972       -22.496272       -22.205682
    -21.114249       -20.284977       -19.985755       -19.740121       -19.305805
    -19.166863       -18.693357       -18.564180       -18.495672       -18.478086
    -18.418764       -18.287401       -18.236747       -18.025376       -17.959947
    -17.933694       -17.795305       -17.545212       -17.435583       -17.379838
    -17.296660       -17.270504       -17.254765       -17.203469       -17.167534
    -17.051950       -16.628727       -16.622392       -16.601209       -16.540125
    -16.289313       -16.275358       -16.270811       -16.266644       -16.229547
    -16.198108       -16.178908       -15.924209       -15.720159       -15.515906
    -15.310291       -15.300946       -15.149976       -15.073733       -15.062723
    -15.039893       -14.988546       -14.944774       -14.929920       -14.904805
    -14.897817       -14.868693       -14.803011       -14.766594       -14.756712
    -14.752128       -14.719517       -14.691000       -14.681391       -14.564809
    -14.490766       -14.469808       -14.448746       -14.430157       -14.429546
    -14.402003       -14.340898       -14.328730       -14.136303       -14.131596
    -14.097595       -14.032515       -14.029365       -13.987330       -13.836392
    -13.804788       -13.803052       -13.774128       -13.765774       -13.765296
    -13.755418       -13.600945       -13.554373       -13.385964       -13.329958
    -13.314875       -13.201618       -12.927873       -12.782851       -12.695921
    -12.651178       -12.637456       -12.621816       -12.572147       -12.515827
    -12.508869       -12.461661       -12.443697       -12.434776       -12.414169
    -12.321194       -12.292995       -12.263664       -12.252150       -12.240307
    -12.141955       -12.116679       -12.098321       -12.064463       -12.056297
    -12.047959       -12.044932       -12.012056       -11.977226       -11.968407
    -11.943534       -11.924199       -11.903800       -11.870365       -11.864209
    -11.745521       -11.699775       -11.690365       -11.662122       -11.614617
    -11.601582       -11.600780       -11.544947       -11.532020       -11.517662
    -11.496393       -11.462895       -11.446871       -11.433229       -11.428360
    -11.424506       -11.392654       -11.324489       -11.322480       -11.283181
    -11.263075       -11.252808       -11.235412       -11.169172       -11.111092
    -11.083360       -11.024279       -10.927080       -10.877444       -10.875109
    -10.860752       -10.855971       -10.837425       -10.817919       -10.789597
    -10.777582       -10.774465       -10.765784       -10.762810       -10.751948
    -10.744727       -10.734865       -10.722102       -10.696137       -10.682929
    -10.671470       -10.660010       -10.652359       -10.628486       -10.605870
    -10.600113       -10.591152       -10.575450       -10.557714       -10.552174
    -10.538884       -10.529222       -10.515797       -10.511449       -10.501863
    -10.490232       -10.484291       -10.465253       -10.454367       -10.440053
    -10.436044       -10.431288       -10.428972       -10.423381       -10.392504
    -10.386412       -10.379085       -10.377197       -10.364026       -10.358024
    -10.353736       -10.345688       -10.327935       -10.324094       -10.320413
    -10.299189       -10.289020       -10.265853       -10.260077       -10.255229
    -10.251868       -10.239506       -10.235700       -10.234335       -10.223994
    -10.217827       -10.214816       -10.191303       -10.178448       -10.174455
    -10.167074       -10.153516       -10.152317       -10.126197       -10.103219
    -10.100151       -10.072878       -10.071654       -10.056653       -10.051020
    -10.047820       -10.032473       -10.025769       -10.019616       -10.006636
     -9.943787        -9.928168        -9.924371        -9.922779        -9.901020
     -9.893414        -9.885621        -9.875017        -9.865131        -9.861689
     -9.852939        -9.846277        -9.840464        -9.837201        -9.822076
     -9.788559        -9.773139        -9.768920        -9.763875        -9.758651
     -9.736736        -9.734200        -9.728651        -9.714069        -9.707998
     -9.682690        -9.665786        -9.637650        -9.635470        -9.629473
     -9.623701        -9.610283        -9.589884        -9.588905        -9.569915
     -9.557500        -9.543865        -9.525218        -9.499116        -9.490417
     -9.484928        -9.478883        -9.467371        -9.454171        -9.452888
     -9.446596        -9.432778        -9.419621        -9.405215        -9.398161
     -9.374883        -9.370380        -9.368825        -9.360275        -9.354863
     -9.345415        -9.339102        -9.333675        -9.320347        -9.310973
     -9.306158        -9.299910        -9.288045        -9.279167        -9.268701
     -9.254181        -9.251035        -9.246257        -9.234128        -9.231322
     -9.217822        -9.205991        -9.200476        -9.186872        -9.176457
     -9.167929        -9.154288        -9.144982        -9.123662        -9.118967
     -9.106640        -9.094685        -9.079357        -9.059391        -9.051375
     -9.043144        -9.023516        -9.008556        -9.002624        -8.992415
     -8.985025        -8.975919        -8.969088        -8.946498        -8.939769
     -8.926289        -8.909932        -8.903049        -8.885977        -8.877961
     -8.866587        -8.862529        -8.855012        -8.853234        -8.825890
     -8.816398        -8.811557        -8.798765        -8.785342        -8.780016
     -8.769721        -8.764039        -8.761025        -8.753288        -8.743541
     -8.741518        -8.728560        -8.709386        -8.685035        -8.670923
     -8.645568        -8.628370        -8.616351        -8.603160        -8.586672
     -8.577157        -8.566540        -8.545631        -8.522121        -8.517254
     -8.505517        -8.486814        -8.476119        -8.460009        -8.426980
     -8.412027        -8.406210        -8.397483        -8.391690        -8.375353
     -8.341060        -8.325812        -8.309696        -8.304977        -8.299424
     -8.274301        -8.263767        -8.245277        -8.232084        -8.217349
     -8.211043        -8.158894        -8.144789        -8.113993        -8.104673
     -8.082240        -8.064024        -8.049782        -8.045473        -8.016067
     -8.008593        -8.001375        -7.990821        -7.962699        -7.945260
     -7.898199        -7.896620        -7.888700        -7.875395        -7.848408
     -7.836577        -7.826149        -7.805622        -7.782466        -7.773599
     -7.750443        -7.712271        -7.710161        -7.658127        -7.641108
     -7.632372        -7.608652        -7.568831        -7.537305        -7.526403
     -7.504452        -7.455926        -7.418892        -7.410178        -7.365139
     -7.356897        -7.344859        -7.329829        -7.323809        -7.295369
     -7.284378        -7.270697        -7.268712        -7.249166        -7.229317
     -7.228328        -7.221037        -7.201082        -7.192083        -7.176449
     -7.151038        -7.132330        -7.118075        -7.100693        -7.085495
     -7.058651        -7.046443        -7.032672        -7.021840        -7.007985
     -6.991367        -6.985943        -6.980851        -6.966018        -6.953801
     -6.939546        -6.932011        -6.911791        -6.894344        -6.884337
     -6.868214        -6.866271        -6.857443        -6.836155        -6.828424
     -6.816874        -6.809165        -6.805805        -6.799893        -6.786258
     -6.765080        -6.748268        -6.743626        -6.740786        -6.734412
     -6.726454        -6.715277        -6.705570        -6.688210        -6.670229
     -6.666354        -6.649850        -6.633635        -6.613468        -6.609517
     -6.605167        -6.596249        -6.591524        -6.575088        -6.569324
     -6.560819        -6.550139        -6.538184        -6.535657        -6.524432
     -6.515317        -6.494544        -6.475562        -6.470817        -6.458152
     -6.453361        -6.448113        -6.447447        -6.445482        -6.421180
     -6.409010        -6.402298        -6.393080        -6.384930        -6.374899
     -6.362993        -6.360607        -6.356975        -6.338217        -6.310643
     -6.302505        -6.293277        -6.289313        -6.269308        -6.255867
     -6.236065        -6.230827        -6.216447        -6.205213        -6.198317
     -6.188513        -6.173078        -6.165482        -6.159030        -6.149587
     -6.139220        -6.131619        -6.116017        -6.101205        -6.099559
     -6.095444        -6.089938        -6.089523        -6.082263        -6.075585
     -6.073464        -6.059172        -6.047616        -6.043560        -6.036244
     -6.032457        -6.021656        -6.010564        -5.994570        -5.986026
     -5.972070        -5.967649        -5.964986        -5.960643        -5.954345
     -5.944371        -5.938275        -5.932216        -5.922320        -5.912868
     -5.910543        -5.906341        -5.890513        -5.880085        -5.871808
     -5.863145        -5.855864        -5.848635        -5.840657        -5.833410
     -5.830315        -5.818012        -5.814242        -5.810351        -5.799871
     -5.790975        -5.789434        -5.785502        -5.781732        -5.778590
     -5.773207        -5.770645        -5.766528        -5.761953        -5.755327
     -5.749344        -5.746400        -5.740248        -5.733271        -5.719076
     -5.713891        -5.709795        -5.696820        -5.686983        -5.681684
     -5.677063        -5.673885        -5.671122        -5.657619        -5.653171
     -5.644265        -5.638993        -5.631915        -5.627655        -5.623854
     -5.620562        -5.615692        -5.608392        -5.603825        -5.590557
     -5.578779        -5.572647        -5.568298        -5.557644        -5.549235
     -5.545053        -5.539692        -5.536319        -5.531972        -5.529861
     -5.518291        -5.511748        -5.499660        -5.495687        -5.491392
     -5.482529        -5.469336        -5.463920        -5.461061        -5.454823
     -5.446514        -5.442542        -5.437051        -5.434192        -5.428566
     -5.417271        -5.413557        -5.406492        -5.390912        -5.388920
     -5.380733        -5.371845        -5.371606        -5.358886        -5.350976
     -5.348852        -5.338730        -5.324849        -5.317119        -5.314373
     -5.311282        -5.309965        -5.305098        -5.289251        -5.277605
     -5.269909        -5.267621        -5.260694        -5.255134        -5.249712
     -5.247412        -5.242793        -5.240361        -5.234128        -5.233435
     -5.224667        -5.221200        -5.219086        -5.211541        -5.200756
     -5.194868        -5.190856        -5.180771        -5.174088        -5.167700
     -5.160174        -5.153883        -5.146383        -5.136796        -5.125793
     -5.117840        -5.097519        -5.096477        -5.092733        -5.090575
     -5.083394        -5.080622        -5.076484        -5.062927        -5.045965
     -5.042002        -5.034849        -5.031364        -5.023664        -5.018767
     -5.002924        -4.996320        -4.984245        -4.976932        -4.955974
     -4.951249        -4.944216        -4.929653        -4.924098        -4.918486
     -4.899740        -4.895997        -4.890169        -4.866488        -4.852302
     -4.847065        -4.840027        -4.820568        -4.807589        -4.798569
     -4.794284        -4.769754        -4.754026        -4.743822        -4.739821
     -4.734027        -4.729381        -4.717120        -4.707395        -4.687192
     -4.667408        -4.636026        -4.586927        -4.574364        -4.557897
     -4.539591        -4.519377        -4.495719        -4.467749        -4.445434
     -4.371491        -4.335217        -4.323177        -4.243007        -4.212423
     -4.198547        -4.149332        -4.130285        -4.079676        -4.060621
     -4.037694        -3.990890        -3.962318        -3.948656        -3.881322
     -3.875272        -3.864911        -3.842044        -3.803687        -3.798501
     -3.792832        -3.771053        -3.755370        -3.747305        -3.726282
     -3.692871        -3.675964        -3.667522        -3.663366        -3.635358
     -3.633713        -3.576916        -3.550575        -3.530053        -3.514108
     -3.508168        -3.481045        -3.361189        -3.327109        -3.305730
     -3.248485        -3.156061        -3.130690        -3.088939        -3.051171
     -3.022859        -2.990755        -2.910934        -2.877765        -2.662224
      0.252309         0.451644         0.915947         1.000119         1.227501
      1.269208         1.418528         1.528903         1.556305         1.900579
      2.203844         2.527902         2.720333         2.757153         2.844555
      3.035790         3.082235         3.122902         3.217624         3.267133
      3.297704         3.363555         3.428420         3.486396         3.502190
      3.565595         3.616683         3.629326         3.704796         3.764868
      3.786177         3.814960         3.877798         3.897500         3.951305
      3.970807         4.008676         4.040561         4.083486         4.101117
      4.159802         4.181047         4.220558         4.251020         4.265053
      4.289869         4.362614         4.387438         4.426090         4.456556
      4.471828         4.523388         4.530693         4.585928         4.615929
      4.671660         4.709483         4.804972
 *********************************
 sum eigen(dbl occ, ryd)=  -1689.63919043297     
 *********************************
 One SCF use:    81.1784510612488       s
 *********************************
 ****** kpt=           1
 err of each states, eV
  0.644106E-01     0.656162E-01     0.640418E-01     0.625893E-01     0.656065E-01
  0.356353E-01     0.305186E-01     0.351109E-01     0.346509E-01     0.352737E-01
  0.348060E-01     0.328669E-01     0.345730E-01     0.354641E-01     0.331853E-01
  0.325563E-01     0.327045E-01     0.328480E-01     0.320255E-01     0.344623E-01
  0.322509E-01     0.338790E-01     0.337823E-01     0.288291E-01     0.332495E-01
  0.354573E-01     0.297037E-01     0.320043E-01     0.321906E-01     0.328421E-01
  0.322355E-01     0.324077E-01     0.341000E-01     0.328936E-01     0.321572E-01
  0.335972E-01     0.345027E-01     0.290157E-01     0.306432E-01     0.313045E-01
  0.315330E-01     0.324457E-01     0.314764E-01     0.331249E-01     0.333543E-01
  0.324698E-01     0.322108E-01     0.316391E-01     0.314480E-01     0.321513E-01
  0.268563E-01     0.315037E-01     0.315698E-01     0.338037E-01     0.324520E-01
  0.300508E-01     0.318553E-01     0.328012E-01     0.271324E-01     0.275114E-01
  0.327723E-01     0.322634E-01     0.332197E-01     0.328360E-01     0.292580E-01
  0.323451E-01     0.319283E-01     0.296149E-01     0.297079E-01     0.296928E-01
  0.320532E-01     0.299685E-01     0.356273E-01     0.275962E-01     0.348902E-01
  0.292198E-01     0.355383E-01     0.341043E-01     0.362090E-01     0.360703E-01
  0.305856E-01     0.303880E-01     0.283299E-01     0.305496E-01     0.348592E-01
  0.351272E-01     0.287019E-01     0.349824E-01     0.341960E-01     0.357300E-01
  0.301660E-01     0.385887E-01     0.368680E-01     0.273765E-01     0.314291E-01
  0.308818E-01     0.261635E-01     0.326520E-01     0.346680E-01     0.344159E-01
  0.348465E-01     0.344590E-01     0.267163E-01     0.340545E-01     0.357453E-01
  0.341594E-01     0.310742E-01     0.224247E-01     0.315829E-01     0.321157E-01
  0.299201E-01     0.309227E-01     0.332818E-01     0.322183E-01     0.322907E-01
  0.333832E-01     0.332513E-01     0.331015E-01     0.330181E-01     0.283422E-01
  0.288008E-01     0.327457E-01     0.289913E-01     0.308262E-01     0.225056E-01
  0.338197E-01     0.324864E-01     0.339281E-01     0.236321E-01     0.323091E-01
  0.337048E-01     0.301881E-01     0.333189E-01     0.332334E-01     0.331828E-01
  0.301459E-01     0.306948E-01     0.283615E-01     0.213029E-01     0.297110E-01
  0.298101E-01     0.290012E-01     0.316474E-01     0.292523E-01     0.293773E-01
  0.239642E-01     0.299850E-01     0.313380E-01     0.313959E-01     0.285006E-01
  0.238379E-01     0.225327E-01     0.245070E-01     0.258431E-01     0.233118E-01
  0.227165E-01     0.246898E-01     0.222443E-01     0.222942E-01     0.249190E-01
  0.243352E-01     0.254946E-01     0.247124E-01     0.213046E-01     0.244212E-01
  0.269693E-01     0.201611E-01     0.240009E-01     0.225402E-01     0.223153E-01
  0.250421E-01     0.238317E-01     0.224745E-01     0.220091E-01     0.239518E-01
  0.214198E-01     0.245181E-01     0.227150E-01     0.223438E-01     0.222901E-01
  0.219163E-01     0.232199E-01     0.211850E-01     0.218866E-01     0.217194E-01
  0.233194E-01     0.221191E-01     0.227864E-01     0.215552E-01     0.219333E-01
  0.246736E-01     0.229345E-01     0.244419E-01     0.215196E-01     0.223915E-01
  0.465761E-01     0.421046E-01     0.404746E-01     0.408361E-01     0.423895E-01
  0.382015E-01     0.362047E-01     0.364277E-01     0.386607E-01     0.333811E-01
  0.388838E-01     0.249167E-01     0.254059E-01     0.229078E-01     0.197423E-01
  0.196334E-01     0.206630E-01     0.226745E-01     0.389207E-01     0.203967E-01
  0.408194E-01     0.408936E-01     0.402561E-01     0.229821E-01     0.393063E-01
  0.435705E-01     0.450337E-01     0.428623E-01     0.421862E-01     0.395672E-01
  0.410185E-01     0.408172E-01     0.378835E-01     0.419486E-01     0.417486E-01
  0.452302E-01     0.443598E-01     0.406186E-01     0.471630E-01     0.516079E-01
  0.540616E-01     0.434785E-01     0.438891E-01     0.429833E-01     0.409224E-01
  0.413653E-01     0.492545E-01     0.424263E-01     0.452246E-01     0.462605E-01
  0.491218E-01     0.440172E-01     0.403772E-01     0.438625E-01     0.436046E-01
  0.433522E-01     0.429387E-01     0.428442E-01     0.435399E-01     0.457731E-01
  0.444042E-01     0.465266E-01     0.469595E-01     0.466824E-01     0.425402E-01
  0.500815E-01     0.414553E-01     0.401078E-01     0.452964E-01     0.486501E-01
  0.418079E-01     0.424589E-01     0.450260E-01     0.436275E-01     0.443565E-01
  0.467152E-01     0.420034E-01     0.421886E-01     0.400726E-01     0.397254E-01
  0.457757E-01     0.448530E-01     0.420887E-01     0.417477E-01     0.526413E-01
  0.424621E-01     0.493949E-01     0.481928E-01     0.507510E-01     0.460165E-01
  0.395661E-01     0.362152E-01     0.502676E-01     0.514714E-01     0.528823E-01
  0.480364E-01     0.389470E-01     0.452695E-01     0.483271E-01     0.491075E-01
  0.492943E-01     0.470061E-01     0.494856E-01     0.490251E-01     0.467729E-01
  0.507857E-01     0.496469E-01     0.489035E-01     0.515259E-01     0.494732E-01
  0.462395E-01     0.509264E-01     0.468170E-01     0.481151E-01     0.496152E-01
  0.501688E-01     0.495986E-01     0.517205E-01     0.437773E-01     0.490411E-01
  0.542082E-01     0.465233E-01     0.550473E-01     0.471535E-01     0.505034E-01
  0.485357E-01     0.461452E-01     0.491949E-01     0.548837E-01     0.469937E-01
  0.506533E-01     0.389491E-01     0.444624E-01     0.384594E-01     0.491429E-01
  0.497375E-01     0.522447E-01     0.439621E-01     0.608775E-01     0.499424E-01
  0.449679E-01     0.491532E-01     0.574474E-01     0.602144E-01     0.654726E-01
  0.534882E-01     0.567496E-01     0.553886E-01     0.464498E-01     0.522093E-01
  0.478862E-01     0.531477E-01     0.500634E-01     0.596692E-01     0.638409E-01
  0.367869E-01     0.565914E-01     0.610275E-01     0.536942E-01     0.415275E-01
  0.471535E-01     0.505015E-01     0.376566E-01     0.563557E-01     0.452501E-01
  0.512260E-01     0.628940E-01     0.631672E-01     0.694269E-01     0.432534E-01
  0.531232E-01     0.509714E-01     0.598423E-01     0.490910E-01     0.706614E-01
  0.503926E-01     0.553887E-01     0.522829E-01     0.671519E-01     0.550125E-01
  0.672483E-01     0.447168E-01     0.482884E-01     0.640019E-01     0.594970E-01
  0.593285E-01     0.519998E-01     0.625002E-01     0.641883E-01     0.731872E-01
  0.515064E-01     0.631188E-01     0.622616E-01     0.664031E-01     0.661076E-01
  0.603738E-01     0.704358E-01     0.571261E-01     0.688463E-01     0.703437E-01
  0.480915E-01     0.639355E-01     0.548827E-01     0.582511E-01     0.718198E-01
  0.650422E-01     0.448075E-01     0.689290E-01     0.575383E-01     0.596654E-01
  0.624521E-01     0.685458E-01     0.603767E-01     0.658363E-01     0.677248E-01
  0.711866E-01     0.606240E-01     0.554425E-01     0.586829E-01     0.688454E-01
  0.681099E-01     0.763424E-01     0.518428E-01     0.614634E-01     0.675316E-01
  0.620024E-01     0.673048E-01     0.690184E-01     0.677342E-01     0.745303E-01
  0.609218E-01     0.704663E-01     0.749550E-01     0.638946E-01     0.646140E-01
  0.532245E-01     0.665419E-01     0.709530E-01     0.709159E-01     0.587052E-01
  0.420421E-01     0.737789E-01     0.721342E-01     0.630114E-01     0.585280E-01
  0.713025E-01     0.701707E-01     0.690955E-01     0.396958E-01     0.586576E-01
  0.663615E-01     0.721606E-01     0.651737E-01     0.734604E-01     0.687800E-01
  0.633621E-01     0.670846E-01     0.717171E-01     0.682926E-01     0.608696E-01
  0.754159E-01     0.720785E-01     0.814853E-01     0.658437E-01     0.570266E-01
  0.746411E-01     0.753944E-01     0.715604E-01     0.709426E-01     0.561344E-01
  0.693430E-01     0.698196E-01     0.687649E-01     0.730581E-01     0.824438E-01
  0.767326E-01     0.697745E-01     0.604093E-01     0.750779E-01     0.630913E-01
  0.671781E-01     0.756256E-01     0.654576E-01     0.753786E-01     0.768679E-01
  0.726503E-01     0.779714E-01     0.674221E-01     0.783260E-01     0.673889E-01
  0.453569E-01     0.636621E-01     0.533299E-01     0.547218E-01     0.820256E-01
  0.827686E-01     0.789390E-01     0.705459E-01     0.751667E-01     0.701191E-01
  0.884245E-01     0.748852E-01     0.653587E-01     0.953076E-01     0.867405E-01
  0.806543E-01     0.759607E-01     0.559647E-01     0.606527E-01     0.835984E-01
  0.997682E-01     0.939226E-01     0.529333E-01     0.470204E-01     0.451463E-01
  0.768244E-01     0.596862E-01     0.794005E-01     0.718124E-01     0.639705E-01
  0.737584E-01     0.791818E-01     0.774285E-01     0.431201E-01     0.642919E-01
  0.598458E-01     0.759771E-01     0.844687E-01     0.868109E-01     0.759965E-01
  0.702834E-01     0.826646E-01     0.817004E-01     0.812073E-01     0.697348E-01
  0.538102E-01     0.852395E-01     0.653884E-01     0.902581E-01     0.828764E-01
  0.818141E-01     0.737490E-01     0.602460E-01     0.843210E-01     0.939104E-01
  0.104224E+00     0.432951E-01     0.535292E-01     0.488045E-01     0.471646E-01
  0.710796E-01     0.712258E-01     0.704312E-01     0.680805E-01     0.833941E-01
  0.675164E-01     0.519054E-01     0.852975E-01     0.758029E-01     0.589076E-01
  0.620301E-01     0.490772E-01     0.571453E-01     0.418977E-01     0.729198E-01
  0.511018E-01     0.752713E-01     0.699120E-01     0.589571E-01     0.508216E-01
  0.607908E-01     0.530050E-01     0.516915E-01     0.518302E-01     0.435463E-01
  0.776208E-01     0.674376E-01     0.625956E-01     0.566203E-01     0.432607E-01
  0.531474E-01     0.489607E-01     0.710992E-01     0.554987E-01     0.684426E-01
  0.495369E-01     0.494022E-01     0.618487E-01     0.536614E-01     0.598569E-01
  0.762804E-01     0.614248E-01     0.735364E-01     0.737015E-01     0.571789E-01
  0.613037E-01     0.625013E-01     0.809452E-01     0.480902E-01     0.564974E-01
  0.575055E-01     0.586913E-01     0.599123E-01     0.613936E-01     0.629823E-01
  0.485494E-01     0.734220E-01     0.665031E-01     0.628783E-01     0.746735E-01
  0.656126E-01     0.650421E-01     0.644837E-01     0.731940E-01     0.645159E-01
  0.628706E-01     0.613807E-01     0.622669E-01     0.628632E-01     0.502347E-01
  0.615780E-01     0.644944E-01     0.695764E-01     0.801202E-01     0.773968E-01
  0.748577E-01     0.619784E-01     0.624669E-01     0.665272E-01     0.653483E-01
  0.720898E-01     0.609530E-01     0.719350E-01     0.438446E-01     0.696527E-01
  0.697966E-01     0.703543E-01     0.762139E-01     0.657261E-01     0.627162E-01
  0.749043E-01     0.759485E-01     0.761575E-01     0.704777E-01     0.617263E-01
  0.776769E-01     0.817301E-01     0.801509E-01     0.806955E-01     0.780217E-01
  0.742725E-01     0.778443E-01     0.799753E-01     0.764137E-01     0.731295E-01
  0.676342E-01     0.753022E-01     0.743492E-01     0.812917E-01     0.774508E-01
  0.810273E-01     0.801640E-01     0.716191E-01     0.799560E-01     0.103480E+00
  0.794911E-01     0.831605E-01     0.785081E-01     0.806112E-01     0.720724E-01
  0.822131E-01     0.830858E-01     0.801326E-01     0.883611E-01     0.878597E-01
  0.931438E-01     0.804233E-01     0.792345E-01     0.902143E-01     0.832465E-01
  0.845407E-01     0.819220E-01     0.690291E-01     0.819220E-01     0.804232E-01
  0.782205E-01     0.773533E-01     0.916607E-01     0.886354E-01     0.856002E-01
  0.895037E-01     0.802983E-01     0.843692E-01     0.890571E-01     0.105337E+00
  0.896303E-01     0.974133E-01     0.881038E-01     0.747578E-01     0.896098E-01
  0.941277E-01     0.963519E-01     0.854676E-01     0.751981E-01     0.853621E-01
  0.824481E-01     0.740276E-01     0.891433E-01     0.897360E-01     0.106408E+00
  0.837493E-01     0.942673E-01     0.910644E-01     0.804076E-01     0.832008E-01
  0.107237E+00     0.949039E-01     0.101320E+00     0.130483E+00     0.102907E+00
  0.906464E-01     0.971028E-01     0.944291E-01     0.945579E-01     0.104771E+00
  0.889716E-01     0.107119E+00     0.968373E-01     0.103352E+00     0.828145E-01
  0.976311E-01     0.962267E-01     0.973884E-01     0.941701E-01     0.100385E+00
  0.958501E-01     0.114611E+00     0.113038E+00     0.114073E+00     0.947302E-01
  0.108664E+00     0.110083E+00     0.103675E+00     0.113493E+00     0.108659E+00
  0.106722E+00     0.117188E+00     0.109237E+00     0.105204E+00     0.111009E+00
  0.124275E+00     0.130750E+00     0.108107E+00     0.109323E+00     0.105656E+00
  0.113403E+00     0.124193E+00     0.894438E-01     0.126475E+00     0.120978E+00
  0.108864E+00     0.104825E+00     0.104507E+00     0.124802E+00     0.100069E+00
  0.987109E-01     0.109262E+00     0.117996E+00     0.110220E+00     0.905862E-01
  0.107264E+00     0.971921E-01     0.112322E+00     0.113967E+00     0.105266E+00
  0.107061E+00     0.110779E+00     0.110526E+00     0.102885E+00     0.121312E+00
  0.139338E+00     0.119530E+00     0.118894E+00     0.109612E+00     0.127910E+00
  0.137589E+00     0.118160E+00     0.130889E+00     0.141369E+00     0.111773E+00
  0.147385E+00     0.142340E+00     0.136164E+00     0.136882E+00     0.110509E+00
  0.125285E+00     0.149050E+00     0.127571E+00     0.138801E+00     0.128205E+00
  0.138056E+00     0.134595E+00     0.132687E+00     0.119572E+00     0.114159E+00
  0.150821E+00     0.127724E+00     0.102878E+00     0.125276E+00     0.132703E+00
  0.122034E+00     0.117923E+00     0.114480E+00     0.129259E+00     0.123195E+00
  0.104968E+00     0.121341E+00     0.105548E+00     0.131992E+00     0.141259E+00
  0.135288E+00     0.126392E+00     0.150548E+00     0.148130E+00     0.173067E+00
  0.148637E+00     0.148918E+00     0.143349E+00     0.126068E+00     0.138965E+00
  0.150763E+00     0.141565E+00     0.122087E+00     0.141112E+00     0.120029E+00
  0.172794E+00     0.135952E+00     0.111839E+00     0.150033E+00     0.153719E+00
  0.143202E+00     0.154434E+00     0.139306E+00     0.155983E+00     0.128583E+00
  0.982367E-01     0.138818E+00     0.157638E+00     0.153901E+00     0.151144E+00
  0.168103E+00     0.137783E+00     0.139091E+00     0.168935E+00     0.132461E+00
  0.145961E+00     0.148375E+00     0.197634E+00     0.192575E+00     0.165430E+00
  0.182727E+00     0.197144E+00     0.196680E+00     0.180325E+00     0.166743E+00
  0.164770E+00     0.132642E+00     0.170974E+00     0.176810E+00     0.136234E+00
  0.176724E+00     0.191891E+00     0.166004E+00     0.183443E+00     0.156518E+00
  0.199062E+00     0.170427E+00     0.200503E+00     0.196436E+00     0.158677E+00
  0.208802E+00     0.228048E+00     0.173660E+00     0.216447E+00     0.219408E+00
  0.175757E+00     0.227229E+00     0.196082E+00     0.224418E+00     0.200783E+00
  0.102380E+00     0.187669E+00     0.214649E+00     0.210281E+00     0.176373E+00
  0.194365E+00     0.152052E+00     0.196980E+00     0.164594E+00     0.196069E+00
  0.203554E+00     0.194806E+00     0.199501E+00     0.197842E+00     0.134399E+00
  0.214224E+00     0.197866E+00     0.180401E+00     0.242665E+00     0.180824E+00
  0.179779E+00     0.187263E+00     0.233765E+00     0.258253E+00     0.259874E+00
  0.214238E+00     0.175385E+00     0.247217E+00     0.224879E+00     0.185546E+00
  0.199933E+00     0.183878E+00     0.180149E+00     0.186123E+00     0.235635E+00
  0.146899E+00     0.181609E+00     0.180558E+00     0.192885E+00     0.112127E+00
  0.197492E+00     0.195616E+00     0.144373E+00     0.159000E+00     0.172351E+00
  0.214833E+00     0.210529E+00     0.177289E+00     0.246606E+00     0.195111E+00
  0.223202E+00     0.186671E+00     0.143699E+00     0.205487E+00     0.185622E+00
  0.215465E+00     0.223653E+00     0.197038E+00     0.268937E+00     0.203555E+00
  0.227100E+00     0.210870E+00     0.208895E+00     0.232685E+00     0.231972E+00
  0.256837E+00     0.236982E+00     0.235312E+00     0.212790E+00     0.253693E+00
  0.254570E+00     0.245360E+00     0.228076E+00     0.238930E+00     0.282654E+00
  0.255085E+00     0.286754E+00     0.302487E+00     0.303743E+00     0.343316E+00
  0.270431E+00     0.340030E+00     0.304442E+00     0.317891E+00     0.336136E+00
  0.436788E+00     0.410811E+00     0.402083E+00     0.445141E+00     0.576718E+00
  0.504751E+00     0.715253E+00     0.570062E+00     0.639562E+00     0.742437E+00
  0.557329E+00     0.448069E+00     0.557421E+00     0.666381E+00     0.521231E+00
  0.744134E+00     0.574965E+00     0.811497E+00     0.633184E+00     0.806841E+00
  0.605127E+00     0.721936E+00     0.729292E+00     0.973298E+00     0.638761E+00
  0.917357E+00     0.807866E+00     0.887837E+00     0.107864E+01     0.955823E+00
  0.904906E+00     0.867527E+00     0.908048E+00     0.113322E+01     0.960511E+00
  0.950458E+00     0.925412E+00     0.125478E+01     0.108416E+01     0.862217E+00
  0.911910E+00     0.117084E+01     0.103477E+01     0.132879E+01     0.946998E+00
  0.110331E+01     0.114087E+01     0.140789E+01     0.121329E+01     0.118970E+01
  0.127879E+01     0.132336E+01     0.124239E+01     0.131164E+01     0.152227E+01
  0.126747E+01     0.132750E+01     0.142563E+01
 eigen energies, in ev
    -46.527558       -46.377501       -46.107058       -45.657361       -45.607075
    -28.804493       -28.758858       -28.688121       -28.560525       -28.453983
    -28.445580       -28.439741       -28.425744       -28.313405       -28.210749
    -28.158957       -28.147331       -28.124300       -28.085205       -28.072163
    -28.047653       -28.042981       -28.025522       -27.994650       -27.983843
    -27.968101       -27.963267       -27.888360       -27.792893       -27.774278
    -27.771161       -27.766631       -27.754866       -27.752911       -27.734856
    -27.661402       -27.643881       -27.638753       -27.576006       -27.553771
    -27.553277       -27.548864       -27.515504       -27.495853       -27.486074
    -27.469701       -27.433270       -27.409156       -27.396677       -27.385707
    -27.368254       -27.299484       -27.279135       -27.244912       -27.178843
    -27.175614       -27.158792       -27.150003       -27.135869       -27.123935
    -27.121500       -27.062738       -27.057998       -27.054893       -27.044125
    -27.022559       -27.013003       -26.979937       -26.972425       -26.854812
    -26.817130       -26.788646       -26.788318       -26.783572       -26.736542
    -26.730933       -26.701546       -26.653253       -26.643644       -26.634761
    -26.541449       -26.496717       -26.460007       -26.453671       -26.423344
    -26.418881       -26.397936       -26.373955       -26.371961       -26.338664
    -26.326626       -26.304390       -26.262470       -26.230629       -26.183485
    -26.172124       -26.146062       -26.144438       -26.123343       -26.123001
    -26.104907       -26.092370       -26.059160       -26.029701       -26.017165
    -25.990335       -25.988478       -25.935579       -25.903483       -25.891277
    -25.888272       -25.886534       -25.884220       -25.883418       -25.878430
    -25.874851       -25.871262       -25.868897       -25.862338       -25.858465
    -25.855092       -25.850419       -25.822935       -25.808457       -25.763587
    -25.750700       -25.730226       -25.718774       -25.659554       -25.623999
    -25.621268       -25.620613       -25.615753       -25.589998       -25.571457
    -25.534639       -25.531650       -25.510563       -25.475810       -25.467148
    -25.462728       -25.455760       -25.377939       -25.375163       -25.303741
    -25.267828       -25.234438       -25.224834       -25.161276       -25.010693
    -25.003409       -24.940407       -24.792731       -24.759955       -24.538789
    -24.474514       -24.354345       -24.342776       -24.319018       -24.274588
    -24.200908       -24.199992       -24.130871       -24.025981       -23.964604
    -23.941821       -23.928290       -23.790779       -23.698998       -23.593210
    -23.510519       -23.453645       -23.359477       -23.332990       -23.313776
    -23.198691       -23.176754       -22.933521       -22.899915       -22.780775
    -22.780258       -22.775594       -22.746164       -22.743304       -22.677842
    -22.677373       -22.627307       -22.562025       -22.496319       -22.205737
    -21.114297       -20.285019       -19.985802       -19.740161       -19.305844
    -19.167034       -18.693507       -18.564321       -18.495817       -18.478251
    -18.418885       -18.287516       -18.236868       -18.025503       -17.960049
    -17.933832       -17.795361       -17.545276       -17.435634       -17.379879
    -17.296698       -17.270547       -17.254816       -17.203613       -17.167577
    -17.052101       -16.628884       -16.622559       -16.601262       -16.540266
    -16.289501       -16.275544       -16.270982       -16.266810       -16.229705
    -16.198274       -16.179073       -15.924376       -15.720351       -15.516087
    -15.310523       -15.301159       -15.150176       -15.073958       -15.062921
    -15.040180       -14.988719       -14.945004       -14.930087       -14.904997
    -14.898032       -14.868923       -14.803228       -14.766827       -14.756915
    -14.752336       -14.719736       -14.691192       -14.681614       -14.565048
    -14.491013       -14.470041       -14.449011       -14.430356       -14.429746
    -14.402238       -14.341129       -14.328908       -14.136529       -14.131832
    -14.097802       -14.032740       -14.029593       -13.987577       -13.836587
    -13.805015       -13.803285       -13.774382       -13.766038       -13.765563
    -13.755672       -13.601188       -13.554614       -13.386168       -13.330173
    -13.315193       -13.201886       -12.928072       -12.783065       -12.696275
    -12.651403       -12.637797       -12.622150       -12.572460       -12.516100
    -12.509070       -12.461836       -12.444061       -12.435133       -12.414511
    -12.321548       -12.293186       -12.263983       -12.252489       -12.240689
    -12.142337       -12.117073       -12.098726       -12.064815       -12.056636
    -12.048368       -12.045299       -12.012425       -11.977591       -11.968804
    -11.943875       -11.924620       -11.904170       -11.870775       -11.864604
    -11.745931       -11.700165       -11.690822       -11.662463       -11.615057
    -11.602084       -11.601186       -11.545453       -11.532414       -11.518103
    -11.496823       -11.463278       -11.447248       -11.433716       -11.428770
    -11.424979       -11.392929       -11.324831       -11.322772       -11.283603
    -11.263527       -11.253297       -11.235798       -11.169846       -11.111498
    -11.083727       -11.024680       -10.927748       -10.878106       -10.875842
    -10.861209       -10.856479       -10.838058       -10.818308       -10.790058
    -10.777963       -10.774904       -10.766279       -10.763459       -10.752582
    -10.745091       -10.735498       -10.722781       -10.696655       -10.683233
    -10.671885       -10.660465       -10.652611       -10.629058       -10.606240
    -10.600657       -10.591933       -10.576241       -10.558476       -10.552631
    -10.539352       -10.529682       -10.516428       -10.511922       -10.502846
    -10.490702       -10.484891       -10.465774       -10.455153       -10.440591
    -10.436704       -10.431671       -10.429416       -10.424135       -10.393122
    -10.387028       -10.379616       -10.377915       -10.364767       -10.358963
    -10.354265       -10.346443       -10.328668       -10.324957       -10.321263
    -10.299857       -10.289913       -10.266498       -10.260933       -10.256102
    -10.252333       -10.240197       -10.236264       -10.234974       -10.224920
    -10.218666       -10.215388       -10.192176       -10.179048       -10.175109
    -10.167794       -10.154320       -10.153087       -10.127041       -10.104129
    -10.101112       -10.073582       -10.072216       -10.057374       -10.051903
    -10.048677       -10.033569       -10.026341       -10.020460       -10.007560
     -9.944500        -9.929105        -9.925364        -9.923624        -9.902071
     -9.894126        -9.886556        -9.876105        -9.865919        -9.862477
     -9.853541        -9.847184        -9.841497        -9.838168        -9.822911
     -9.788933        -9.774298        -9.769835        -9.764712        -9.759537
     -9.737866        -9.735050        -9.729534        -9.714504        -9.708668
     -9.683594        -9.666911        -9.638537        -9.636516        -9.630457
     -9.624610        -9.611376        -9.590947        -9.589955        -9.570806
     -9.558705        -9.545042        -9.526724        -9.499981        -9.491106
     -9.486106        -9.480020        -9.468421        -9.455253        -9.453612
     -9.447657        -9.433748        -9.420595        -9.406343        -9.399532
     -9.376178        -9.371327        -9.369621        -9.361539        -9.355724
     -9.346491        -9.340468        -9.334739        -9.321763        -9.312531
     -9.307322        -9.301143        -9.289092        -9.280478        -9.269696
     -9.254740        -9.251945        -9.247021        -9.234855        -9.232842
     -9.219322        -9.207260        -9.201770        -9.188296        -9.177653
     -9.169752        -9.155656        -9.146121        -9.125736        -9.120637
     -9.108320        -9.096100        -9.080204        -9.060267        -9.052940
     -9.045532        -9.025392        -9.009364        -9.003243        -8.993098
     -8.986468        -8.976820        -8.970566        -8.947836        -8.940794
     -8.927674        -8.911558        -8.904352        -8.886488        -8.878984
     -8.867374        -8.863926        -8.856752        -8.855060        -8.827219
     -8.817683        -8.813271        -8.800116        -8.786947        -8.781347
     -8.770686        -8.766092        -8.762132        -8.755249        -8.745461
     -8.743332        -8.729911        -8.710425        -8.686885        -8.672726
     -8.647734        -8.629025        -8.617175        -8.603916        -8.587386
     -8.578325        -8.567854        -8.546857        -8.523203        -8.518858
     -8.506699        -8.487623        -8.477906        -8.461475        -8.427811
     -8.412861        -8.406799        -8.398279        -8.392183        -8.376645
     -8.341625        -8.327291        -8.310803        -8.306040        -8.300114
     -8.275043        -8.264454        -8.245855        -8.232685        -8.217814
     -8.212661        -8.159980        -8.145915        -8.114719        -8.105223
     -8.082990        -8.064686        -8.051121        -8.046158        -8.017116
     -8.009176        -8.001977        -7.991752        -7.963518        -7.946219
     -7.899612        -7.897778        -7.890102        -7.876652        -7.849236
     -7.837513        -7.827099        -7.807200        -7.783264        -7.774544
     -7.751393        -7.713123        -7.711142        -7.659034        -7.642271
     -7.632950        -7.610097        -7.570022        -7.538331        -7.527995
     -7.505665        -7.457034        -7.420013        -7.411611        -7.366311
     -7.357772        -7.345859        -7.331024        -7.324830        -7.295994
     -7.285257        -7.271765        -7.269925        -7.250994        -7.231137
     -7.229654        -7.222069        -7.202058        -7.193178        -7.177723
     -7.152308        -7.133413        -7.119429        -7.101183        -7.086996
     -7.059975        -7.048043        -7.034215        -7.023128        -7.009002
     -6.992909        -6.987705        -6.982724        -6.967313        -6.954759
     -6.941208        -6.934012        -6.913634        -6.896155        -6.885845
     -6.870095        -6.868065        -6.859413        -6.838254        -6.830120
     -6.818193        -6.811073        -6.807331        -6.801669        -6.787866
     -6.766954        -6.750296        -6.745173        -6.742796        -6.738057
     -6.728308        -6.717750        -6.707428        -6.690118        -6.671686
     -6.667958        -6.651832        -6.635527        -6.615611        -6.612095
     -6.607658        -6.598373        -6.593376        -6.577565        -6.571262
     -6.563136        -6.552287        -6.539454        -6.537378        -6.526681
     -6.517183        -6.496583        -6.478525        -6.473209        -6.460620
     -6.456131        -6.450270        -6.449423        -6.448070        -6.424615
     -6.411703        -6.405853        -6.395444        -6.386869        -6.377762
     -6.366140        -6.363273        -6.359200        -6.340163        -6.312585
     -6.304817        -6.295119        -6.291592        -6.271919        -6.259723
     -6.238350        -6.233697        -6.219348        -6.207070        -6.200690
     -6.192778        -6.175977        -6.169421        -6.164442        -6.152954
     -6.142277        -6.134340        -6.119064        -6.104366        -6.103759
     -6.098272        -6.093928        -6.092668        -6.086086        -6.078614
     -6.076372        -6.062147        -6.050688        -6.046447        -6.039721
     -6.035702        -6.026840        -6.015032        -5.998667        -5.989209
     -5.977180        -5.972525        -5.969495        -5.964727        -5.958985
     -5.948268        -5.942759        -5.936014        -5.926558        -5.917561
     -5.916187        -5.912181        -5.894223        -5.883855        -5.875304
     -5.866954        -5.861361        -5.851628        -5.845746        -5.838633
     -5.834810        -5.822087        -5.819031        -5.815606        -5.803273
     -5.794724        -5.794537        -5.789936        -5.785637        -5.781210
     -5.777365        -5.774062        -5.770985        -5.766063        -5.759157
     -5.753588        -5.750737        -5.744577        -5.736858        -5.724842
     -5.720906        -5.714510        -5.702260        -5.691329        -5.687837
     -5.683969        -5.679780        -5.676148        -5.664443        -5.658412
     -5.652602        -5.645318        -5.638709        -5.633915        -5.628831
     -5.625511        -5.623616        -5.614768        -5.610160        -5.595393
     -5.585502        -5.579255        -5.574407        -5.563007        -5.554696
     -5.553334        -5.544954        -5.540775        -5.537057        -5.535630
     -5.523044        -5.516617        -5.504699        -5.501491        -5.495869
     -5.486087        -5.474541        -5.468408        -5.466199        -5.461507
     -5.453125        -5.449027        -5.444770        -5.442795        -5.438270
     -5.424327        -5.419743        -5.413811        -5.396354        -5.394930
     -5.388518        -5.378668        -5.376336        -5.366004        -5.359183
     -5.355020        -5.344576        -5.329754        -5.327048        -5.322721
     -5.319420        -5.316271        -5.311503        -5.297152        -5.283884
     -5.275597        -5.273120        -5.269108        -5.264492        -5.259470
     -5.257136        -5.248894        -5.246085        -5.243510        -5.238491
     -5.232986        -5.232066        -5.226549        -5.222493        -5.210252
     -5.206601        -5.202579        -5.196061        -5.186184        -5.177167
     -5.171501        -5.159039        -5.155598        -5.149487        -5.132550
     -5.129481        -5.110314        -5.106672        -5.103168        -5.100167
     -5.098079        -5.089866        -5.088097        -5.082469        -5.067115
     -5.050359        -5.047868        -5.040017        -5.039261        -5.029179
     -5.012277        -5.011048        -4.996924        -4.989636        -4.967076
     -4.955086        -4.954173        -4.946019        -4.936237        -4.925996
     -4.912330        -4.904649        -4.897915        -4.875178        -4.862060
     -4.859269        -4.850498        -4.832341        -4.818886        -4.809656
     -4.801321        -4.780656        -4.766201        -4.759818        -4.750384
     -4.745971        -4.736672        -4.732659        -4.724703        -4.707215
     -4.680556        -4.643972        -4.607262        -4.589771        -4.567072
     -4.550639        -4.529313        -4.505443        -4.477291        -4.460095
     -4.378223        -4.343828        -4.333264        -4.254057        -4.217805
     -4.208898        -4.159315        -4.137846        -4.088419        -4.069450
     -4.050159        -4.004244        -3.971375        -3.964768        -3.892969
     -3.888791        -3.875364        -3.850745        -3.814829        -3.810991
     -3.805304        -3.786027        -3.768914        -3.767342        -3.738410
     -3.706631        -3.689448        -3.680929        -3.677552        -3.653439
     -3.650735        -3.592570        -3.569306        -3.545623        -3.533402
     -3.526590        -3.499313        -3.379817        -3.347116        -3.333873
     -3.275158        -3.188918        -3.162259        -3.120098        -3.088915
     -3.054037        -3.031194        -2.955689        -2.924611        -2.727611
      0.191793         0.392814         0.866226         0.950152         1.125779
      1.206011         1.285959         1.407459         1.428654         1.763393
      2.103316         2.457315         2.634682         2.676374         2.783202
      2.911061         2.997281         3.029064         3.127974         3.147438
      3.201346         3.246133         3.305593         3.351553         3.391027
      3.436524         3.475497         3.515068         3.539319         3.608871
      3.649755         3.698760         3.733423         3.758456         3.793788
      3.815679         3.847284         3.863590         3.909247         3.937621
      3.953730         4.027386         4.047346         4.067492         4.078649
      4.110810         4.140004         4.170221         4.203769         4.259249
      4.269718         4.293948         4.318361         4.351662         4.396597
      4.439687         4.521208         4.565490
 *********************************
 sum eigen(dbl occ, ryd)=  -1691.30215714820     
 *********************************
 total steps run non-scf:            6
 One SCF use:    81.0876550674438       s
 *********************************
 ****** kpt=           1
 err of each states, eV
  0.110253E-01     0.114076E-01     0.112425E-01     0.109273E-01     0.112692E-01
  0.657262E-02     0.696327E-02     0.645681E-02     0.649410E-02     0.653142E-02
  0.640504E-02     0.598199E-02     0.635335E-02     0.673009E-02     0.629091E-02
  0.608664E-02     0.591263E-02     0.602897E-02     0.592223E-02     0.639325E-02
  0.588957E-02     0.626156E-02     0.613407E-02     0.649773E-02     0.609128E-02
  0.625131E-02     0.646620E-02     0.577243E-02     0.612893E-02     0.599764E-02
  0.587510E-02     0.583083E-02     0.626198E-02     0.615161E-02     0.590637E-02
  0.642861E-02     0.594463E-02     0.679366E-02     0.578904E-02     0.536005E-02
  0.531590E-02     0.602478E-02     0.593532E-02     0.590794E-02     0.597336E-02
  0.595301E-02     0.556067E-02     0.573187E-02     0.554248E-02     0.595541E-02
  0.599338E-02     0.557922E-02     0.566373E-02     0.634605E-02     0.613582E-02
  0.533367E-02     0.554124E-02     0.587517E-02     0.615139E-02     0.606410E-02
  0.571976E-02     0.568901E-02     0.599553E-02     0.589078E-02     0.545830E-02
  0.584777E-02     0.570651E-02     0.659990E-02     0.527215E-02     0.675160E-02
  0.571971E-02     0.589344E-02     0.593303E-02     0.507258E-02     0.632114E-02
  0.530613E-02     0.673494E-02     0.629254E-02     0.678788E-02     0.674892E-02
  0.561130E-02     0.524289E-02     0.520024E-02     0.578193E-02     0.656561E-02
  0.671613E-02     0.503117E-02     0.645366E-02     0.617640E-02     0.692038E-02
  0.634738E-02     0.662608E-02     0.703818E-02     0.495007E-02     0.584152E-02
  0.589478E-02     0.472325E-02     0.572074E-02     0.681558E-02     0.643340E-02
  0.662833E-02     0.695220E-02     0.482966E-02     0.640836E-02     0.642294E-02
  0.623521E-02     0.561879E-02     0.457899E-02     0.569304E-02     0.620865E-02
  0.533195E-02     0.544236E-02     0.594567E-02     0.587721E-02     0.598551E-02
  0.617925E-02     0.596572E-02     0.594287E-02     0.599843E-02     0.494580E-02
  0.496347E-02     0.579532E-02     0.503457E-02     0.575449E-02     0.434432E-02
  0.637464E-02     0.628618E-02     0.629838E-02     0.471348E-02     0.579836E-02
  0.602644E-02     0.566412E-02     0.643993E-02     0.602077E-02     0.603005E-02
  0.541375E-02     0.577657E-02     0.514165E-02     0.382109E-02     0.569096E-02
  0.573999E-02     0.555742E-02     0.591861E-02     0.547106E-02     0.554309E-02
  0.480643E-02     0.563787E-02     0.593560E-02     0.609115E-02     0.519154E-02
  0.465437E-02     0.433527E-02     0.494631E-02     0.436795E-02     0.460786E-02
  0.451147E-02     0.517577E-02     0.395806E-02     0.431841E-02     0.432085E-02
  0.424304E-02     0.447246E-02     0.483130E-02     0.373362E-02     0.457340E-02
  0.548677E-02     0.342248E-02     0.389125E-02     0.386780E-02     0.417605E-02
  0.440680E-02     0.407171E-02     0.384798E-02     0.406068E-02     0.406972E-02
  0.366953E-02     0.428817E-02     0.442050E-02     0.440863E-02     0.458880E-02
  0.371284E-02     0.399718E-02     0.352414E-02     0.357019E-02     0.374655E-02
  0.392719E-02     0.373949E-02     0.404044E-02     0.403143E-02     0.431842E-02
  0.458771E-02     0.386593E-02     0.442283E-02     0.357219E-02     0.375219E-02
  0.771899E-02     0.712680E-02     0.681261E-02     0.680657E-02     0.719259E-02
  0.622709E-02     0.602047E-02     0.635793E-02     0.636065E-02     0.580140E-02
  0.652452E-02     0.408305E-02     0.436493E-02     0.399115E-02     0.328627E-02
  0.333464E-02     0.356719E-02     0.386680E-02     0.587733E-02     0.339049E-02
  0.591380E-02     0.596668E-02     0.607399E-02     0.374935E-02     0.583186E-02
  0.651406E-02     0.648388E-02     0.634153E-02     0.607440E-02     0.598130E-02
  0.595130E-02     0.615990E-02     0.599729E-02     0.641974E-02     0.617880E-02
  0.689531E-02     0.683451E-02     0.620100E-02     0.740400E-02     0.759123E-02
  0.874441E-02     0.648056E-02     0.698517E-02     0.598359E-02     0.628612E-02
  0.670294E-02     0.752315E-02     0.668264E-02     0.703072E-02     0.722494E-02
  0.758636E-02     0.662876E-02     0.597347E-02     0.669697E-02     0.681790E-02
  0.691196E-02     0.682107E-02     0.742026E-02     0.668293E-02     0.668149E-02
  0.692000E-02     0.747846E-02     0.688366E-02     0.714467E-02     0.666819E-02
  0.734323E-02     0.664983E-02     0.653003E-02     0.724074E-02     0.699718E-02
  0.642865E-02     0.654065E-02     0.704172E-02     0.704003E-02     0.731886E-02
  0.706638E-02     0.658552E-02     0.644285E-02     0.573878E-02     0.614045E-02
  0.775221E-02     0.690955E-02     0.617099E-02     0.627878E-02     0.805585E-02
  0.613407E-02     0.756424E-02     0.789808E-02     0.756600E-02     0.700351E-02
  0.582914E-02     0.516887E-02     0.778475E-02     0.788890E-02     0.785511E-02
  0.762278E-02     0.543960E-02     0.706943E-02     0.719768E-02     0.780530E-02
  0.762865E-02     0.789339E-02     0.781214E-02     0.748647E-02     0.722983E-02
  0.787428E-02     0.760169E-02     0.727252E-02     0.772867E-02     0.753216E-02
  0.690560E-02     0.795059E-02     0.752653E-02     0.783547E-02     0.765390E-02
  0.791929E-02     0.752484E-02     0.828568E-02     0.694539E-02     0.792774E-02
  0.891430E-02     0.767942E-02     0.858861E-02     0.762972E-02     0.811446E-02
  0.776681E-02     0.718423E-02     0.743055E-02     0.872378E-02     0.782765E-02
  0.819212E-02     0.594650E-02     0.676979E-02     0.634239E-02     0.744821E-02
  0.813041E-02     0.878251E-02     0.738970E-02     0.106073E-01     0.792597E-02
  0.680351E-02     0.770299E-02     0.110386E-01     0.110615E-01     0.107304E-01
  0.894139E-02     0.925947E-02     0.104846E-01     0.812833E-02     0.848984E-02
  0.747589E-02     0.793890E-02     0.959538E-02     0.107157E-01     0.951681E-02
  0.794552E-02     0.104427E-01     0.100550E-01     0.903473E-02     0.700514E-02
  0.787080E-02     0.761600E-02     0.586191E-02     0.994738E-02     0.718812E-02
  0.959694E-02     0.120037E-01     0.123273E-01     0.109396E-01     0.930732E-02
  0.834319E-02     0.876983E-02     0.943929E-02     0.874617E-02     0.121036E-01
  0.910940E-02     0.102418E-01     0.894163E-02     0.104204E-01     0.944497E-02
  0.944549E-02     0.791472E-02     0.887206E-02     0.117403E-01     0.969133E-02
  0.955958E-02     0.100540E-01     0.113269E-01     0.113387E-01     0.125338E-01
  0.953987E-02     0.115396E-01     0.109619E-01     0.116261E-01     0.115733E-01
  0.101981E-01     0.118517E-01     0.101160E-01     0.113816E-01     0.119193E-01
  0.920031E-02     0.100234E-01     0.972711E-02     0.964741E-02     0.120773E-01
  0.119614E-01     0.100243E-01     0.125537E-01     0.990779E-02     0.985650E-02
  0.110253E-01     0.117850E-01     0.117997E-01     0.126647E-01     0.127271E-01
  0.127716E-01     0.103286E-01     0.951950E-02     0.104501E-01     0.123224E-01
  0.120240E-01     0.131190E-01     0.101285E-01     0.124894E-01     0.132089E-01
  0.104956E-01     0.131239E-01     0.132217E-01     0.118408E-01     0.129139E-01
  0.109142E-01     0.125834E-01     0.125762E-01     0.114098E-01     0.111760E-01
  0.103614E-01     0.125531E-01     0.134258E-01     0.122182E-01     0.116609E-01
  0.698751E-02     0.132748E-01     0.120731E-01     0.120031E-01     0.127037E-01
  0.129885E-01     0.112135E-01     0.109732E-01     0.861343E-02     0.102210E-01
  0.119782E-01     0.132076E-01     0.115802E-01     0.126347E-01     0.129274E-01
  0.124161E-01     0.132282E-01     0.132327E-01     0.132336E-01     0.123365E-01
  0.138342E-01     0.134297E-01     0.148845E-01     0.110862E-01     0.108378E-01
  0.134098E-01     0.131786E-01     0.128564E-01     0.134346E-01     0.110375E-01
  0.131134E-01     0.125008E-01     0.119613E-01     0.127906E-01     0.135163E-01
  0.138854E-01     0.118245E-01     0.108331E-01     0.147895E-01     0.117224E-01
  0.131396E-01     0.148304E-01     0.132788E-01     0.144478E-01     0.147844E-01
  0.134443E-01     0.137545E-01     0.135163E-01     0.137761E-01     0.125995E-01
  0.100464E-01     0.121015E-01     0.111735E-01     0.113320E-01     0.154509E-01
  0.150011E-01     0.141213E-01     0.143896E-01     0.155763E-01     0.138697E-01
  0.167128E-01     0.151816E-01     0.134634E-01     0.170143E-01     0.156905E-01
  0.157406E-01     0.150562E-01     0.120152E-01     0.113144E-01     0.147870E-01
  0.177732E-01     0.162406E-01     0.113285E-01     0.106165E-01     0.101037E-01
  0.153116E-01     0.123379E-01     0.153719E-01     0.149304E-01     0.132990E-01
  0.143539E-01     0.157082E-01     0.140400E-01     0.910004E-02     0.129091E-01
  0.112020E-01     0.149485E-01     0.163105E-01     0.162605E-01     0.144664E-01
  0.144756E-01     0.161045E-01     0.143866E-01     0.161639E-01     0.152490E-01
  0.123988E-01     0.178983E-01     0.133144E-01     0.179430E-01     0.179061E-01
  0.164865E-01     0.150841E-01     0.135120E-01     0.167713E-01     0.168406E-01
  0.170476E-01     0.104476E-01     0.115160E-01     0.113069E-01     0.115378E-01
  0.138447E-01     0.142783E-01     0.140968E-01     0.129333E-01     0.150520E-01
  0.137736E-01     0.113113E-01     0.159971E-01     0.157409E-01     0.114144E-01
  0.110520E-01     0.963932E-02     0.109752E-01     0.894802E-02     0.140638E-01
  0.924844E-02     0.146789E-01     0.122793E-01     0.128881E-01     0.105708E-01
  0.104737E-01     0.105538E-01     0.943878E-02     0.926124E-02     0.844034E-02
  0.161293E-01     0.124349E-01     0.137125E-01     0.105066E-01     0.946926E-02
  0.108817E-01     0.962557E-02     0.145161E-01     0.990928E-02     0.120179E-01
  0.931764E-02     0.963528E-02     0.124556E-01     0.109567E-01     0.115309E-01
  0.141529E-01     0.130905E-01     0.148431E-01     0.139178E-01     0.111147E-01
  0.124600E-01     0.122020E-01     0.152021E-01     0.111663E-01     0.117344E-01
  0.118976E-01     0.111875E-01     0.117190E-01     0.117218E-01     0.129422E-01
  0.923110E-02     0.147403E-01     0.136962E-01     0.123681E-01     0.147696E-01
  0.133637E-01     0.126020E-01     0.129159E-01     0.141548E-01     0.128932E-01
  0.109855E-01     0.124997E-01     0.125767E-01     0.120785E-01     0.939436E-02
  0.115861E-01     0.129162E-01     0.137582E-01     0.159635E-01     0.156763E-01
  0.140008E-01     0.129122E-01     0.116146E-01     0.128637E-01     0.139933E-01
  0.131197E-01     0.127690E-01     0.137817E-01     0.849551E-02     0.149534E-01
  0.135687E-01     0.143449E-01     0.149785E-01     0.135561E-01     0.124092E-01
  0.150347E-01     0.160758E-01     0.156286E-01     0.132648E-01     0.124939E-01
  0.149914E-01     0.162613E-01     0.154070E-01     0.161619E-01     0.148532E-01
  0.159435E-01     0.162547E-01     0.158841E-01     0.165836E-01     0.151876E-01
  0.140068E-01     0.160095E-01     0.149687E-01     0.157197E-01     0.154218E-01
  0.164036E-01     0.171855E-01     0.147163E-01     0.167499E-01     0.211963E-01
  0.155570E-01     0.184791E-01     0.165118E-01     0.164165E-01     0.142801E-01
  0.153579E-01     0.171795E-01     0.164963E-01     0.173697E-01     0.188895E-01
  0.190716E-01     0.172987E-01     0.159396E-01     0.187614E-01     0.168303E-01
  0.169906E-01     0.171377E-01     0.138334E-01     0.157395E-01     0.171468E-01
  0.165291E-01     0.168267E-01     0.201158E-01     0.182069E-01     0.192081E-01
  0.193743E-01     0.176459E-01     0.168950E-01     0.180383E-01     0.220942E-01
  0.195409E-01     0.212407E-01     0.187000E-01     0.171486E-01     0.196044E-01
  0.214729E-01     0.183168E-01     0.173800E-01     0.165607E-01     0.175300E-01
  0.178934E-01     0.165044E-01     0.183721E-01     0.188864E-01     0.216205E-01
  0.186659E-01     0.202767E-01     0.197405E-01     0.165447E-01     0.184845E-01
  0.236741E-01     0.204092E-01     0.223214E-01     0.262848E-01     0.228035E-01
  0.206415E-01     0.202141E-01     0.204871E-01     0.207688E-01     0.248036E-01
  0.200251E-01     0.231861E-01     0.208894E-01     0.233195E-01     0.211898E-01
  0.180760E-01     0.211019E-01     0.208304E-01     0.212791E-01     0.217871E-01
  0.213346E-01     0.251636E-01     0.243228E-01     0.242622E-01     0.223120E-01
  0.263991E-01     0.255763E-01     0.273916E-01     0.219752E-01     0.232238E-01
  0.249751E-01     0.248068E-01     0.233590E-01     0.232698E-01     0.259197E-01
  0.266993E-01     0.289762E-01     0.229924E-01     0.244594E-01     0.233714E-01
  0.245174E-01     0.271889E-01     0.216270E-01     0.263476E-01     0.277309E-01
  0.236672E-01     0.245813E-01     0.243654E-01     0.274677E-01     0.227411E-01
  0.248102E-01     0.253964E-01     0.250743E-01     0.232885E-01     0.206972E-01
  0.245222E-01     0.229891E-01     0.256405E-01     0.243599E-01     0.228436E-01
  0.244049E-01     0.240675E-01     0.244965E-01     0.232812E-01     0.310442E-01
  0.288833E-01     0.265472E-01     0.295435E-01     0.263571E-01     0.297584E-01
  0.337771E-01     0.298125E-01     0.247078E-01     0.317024E-01     0.255165E-01
  0.357075E-01     0.314538E-01     0.301823E-01     0.288428E-01     0.259985E-01
  0.259842E-01     0.330173E-01     0.312625E-01     0.253413E-01     0.270104E-01
  0.319235E-01     0.305689E-01     0.288392E-01     0.293277E-01     0.330619E-01
  0.250256E-01     0.280943E-01     0.256400E-01     0.257709E-01     0.269753E-01
  0.273775E-01     0.254850E-01     0.273767E-01     0.280146E-01     0.257184E-01
  0.235806E-01     0.280501E-01     0.286408E-01     0.247258E-01     0.309845E-01
  0.318304E-01     0.300889E-01     0.319031E-01     0.326419E-01     0.386204E-01
  0.322587E-01     0.297713E-01     0.303141E-01     0.296193E-01     0.294345E-01
  0.311978E-01     0.288812E-01     0.257221E-01     0.314498E-01     0.368460E-01
  0.261538E-01     0.298002E-01     0.324406E-01     0.344017E-01     0.320722E-01
  0.322581E-01     0.310535E-01     0.298338E-01     0.322559E-01     0.289651E-01
  0.346729E-01     0.216319E-01     0.363607E-01     0.385191E-01     0.367615E-01
  0.356561E-01     0.327785E-01     0.272697E-01     0.357565E-01     0.254171E-01
  0.373119E-01     0.363467E-01     0.251194E-01     0.366382E-01     0.345532E-01
  0.364108E-01     0.392989E-01     0.399854E-01     0.383237E-01     0.348837E-01
  0.387452E-01     0.271594E-01     0.359148E-01     0.389063E-01     0.320613E-01
  0.361676E-01     0.425459E-01     0.351526E-01     0.382072E-01     0.514041E-01
  0.333445E-01     0.397982E-01     0.352477E-01     0.500291E-01     0.466805E-01
  0.270516E-01     0.349648E-01     0.391420E-01     0.341254E-01     0.325385E-01
  0.378037E-01     0.397113E-01     0.399619E-01     0.348188E-01     0.371613E-01
  0.311721E-01     0.302899E-01     0.445807E-01     0.398517E-01     0.280042E-01
  0.386687E-01     0.349041E-01     0.209776E-01     0.323440E-01     0.360058E-01
  0.351415E-01     0.354055E-01     0.368709E-01     0.371873E-01     0.397477E-01
  0.203550E-01     0.363854E-01     0.422788E-01     0.361067E-01     0.441668E-01
  0.367226E-01     0.215717E-01     0.408448E-01     0.439094E-01     0.420559E-01
  0.397984E-01     0.287099E-01     0.484519E-01     0.403871E-01     0.297516E-01
  0.339666E-01     0.328804E-01     0.331261E-01     0.306324E-01     0.383489E-01
  0.268070E-01     0.296941E-01     0.328910E-01     0.360490E-01     0.215988E-01
  0.328106E-01     0.326487E-01     0.284904E-01     0.296301E-01     0.315596E-01
  0.341158E-01     0.387848E-01     0.311780E-01     0.427728E-01     0.413003E-01
  0.326341E-01     0.338167E-01     0.310723E-01     0.358486E-01     0.375904E-01
  0.363768E-01     0.414681E-01     0.462901E-01     0.381989E-01     0.374963E-01
  0.379860E-01     0.409291E-01     0.396722E-01     0.382374E-01     0.449236E-01
  0.405236E-01     0.411043E-01     0.456964E-01     0.412869E-01     0.480075E-01
  0.434719E-01     0.458378E-01     0.476756E-01     0.509601E-01     0.591335E-01
  0.559525E-01     0.685352E-01     0.623951E-01     0.660175E-01     0.705560E-01
  0.640903E-01     0.755031E-01     0.780917E-01     0.801324E-01     0.961848E-01
  0.101700E+00     0.104818E+00     0.106262E+00     0.114583E+00     0.177490E+00
  0.136089E+00     0.178291E+00     0.183812E+00     0.208830E+00     0.231999E+00
  0.218468E+00     0.204458E+00     0.287782E+00     0.188864E+00     0.185705E+00
  0.385437E+00     0.290360E+00     0.262846E+00     0.349279E+00     0.405921E+00
  0.516286E+00     0.283677E+00     0.377595E+00     0.310934E+00     0.462926E+00
  0.318060E+00     0.429549E+00     0.341425E+00     0.404870E+00     0.446201E+00
  0.413519E+00     0.477419E+00     0.540507E+00     0.411155E+00     0.463334E+00
  0.474331E+00     0.476359E+00     0.574876E+00     0.511367E+00     0.626963E+00
  0.559982E+00     0.527572E+00     0.617075E+00     0.501789E+00     0.556355E+00
  0.585807E+00     0.665462E+00     0.796716E+00     0.552778E+00     0.652153E+00
  0.649987E+00     0.798299E+00     0.718410E+00     0.631653E+00     0.699797E+00
  0.708917E+00     0.624523E+00     0.897415E+00
 eigen energies, in ev
    -46.527560       -46.377510       -46.107061       -45.657370       -45.607081
    -28.804495       -28.758855       -28.688128       -28.560530       -28.453989
    -28.445584       -28.439746       -28.425751       -28.313409       -28.210751
    -28.158961       -28.147335       -28.124307       -28.085209       -28.072166
    -28.047654       -28.042988       -28.025525       -27.994650       -27.983848
    -27.968103       -27.963265       -27.888364       -27.792897       -27.774280
    -27.771167       -27.766638       -27.754872       -27.752915       -27.734863
    -27.661408       -27.643884       -27.638755       -27.576014       -27.553775
    -27.553283       -27.548867       -27.515508       -27.495858       -27.486080
    -27.469708       -27.433269       -27.409156       -27.396682       -27.385711
    -27.368258       -27.299488       -27.279138       -27.244916       -27.178846
    -27.175620       -27.158800       -27.150010       -27.135872       -27.123938
    -27.121501       -27.062742       -27.058004       -27.054898       -27.044123
    -27.022564       -27.013006       -26.979940       -26.972425       -26.854810
    -26.817133       -26.788645       -26.788322       -26.783576       -26.736548
    -26.730936       -26.701551       -26.653259       -26.643648       -26.634766
    -26.541453       -26.496717       -26.460014       -26.453667       -26.423347
    -26.418883       -26.397942       -26.373958       -26.371965       -26.338671
    -26.326630       -26.304395       -26.262473       -26.230632       -26.183490
    -26.172130       -26.146065       -26.144439       -26.123347       -26.123008
    -26.104910       -26.092375       -26.059162       -26.029706       -26.017166
    -25.990337       -25.988480       -25.935580       -25.903489       -25.891284
    -25.888278       -25.886538       -25.884223       -25.883419       -25.878437
    -25.874858       -25.871269       -25.868901       -25.862341       -25.858467
    -25.855097       -25.850424       -25.822938       -25.808461       -25.763586
    -25.750704       -25.730232       -25.718777       -25.659555       -25.624004
    -25.621272       -25.620616       -25.615760       -25.590000       -25.571460
    -25.534645       -25.531656       -25.510563       -25.475812       -25.467153
    -25.462733       -25.455764       -25.377943       -25.375161       -25.303743
    -25.267830       -25.234444       -25.224841       -25.161280       -25.010697
    -25.003410       -24.940409       -24.792733       -24.759955       -24.538789
    -24.474514       -24.354350       -24.342779       -24.319017       -24.274590
    -24.200914       -24.199996       -24.130874       -24.025981       -23.964608
    -23.941824       -23.928292       -23.790785       -23.698999       -23.593210
    -23.510523       -23.453645       -23.359477       -23.332992       -23.313779
    -23.198690       -23.176758       -22.933521       -22.899915       -22.780774
    -22.780259       -22.775596       -22.746166       -22.743303       -22.677842
    -22.677375       -22.627307       -22.562029       -22.496322       -22.205738
    -21.114300       -20.285020       -19.985806       -19.740162       -19.305846
    -19.167038       -18.693508       -18.564326       -18.495824       -18.478255
    -18.418889       -18.287517       -18.236871       -18.025505       -17.960052
    -17.933836       -17.795365       -17.545280       -17.435636       -17.379879
    -17.296700       -17.270548       -17.254819       -17.203619       -17.167577
    -17.052105       -16.628888       -16.622564       -16.601265       -16.540271
    -16.289506       -16.275548       -16.270986       -16.266814       -16.229710
    -16.198280       -16.179077       -15.924379       -15.720355       -15.516092
    -15.310529       -15.301163       -15.150180       -15.073966       -15.062927
    -15.040187       -14.988723       -14.945010       -14.930093       -14.905002
    -14.898038       -14.868930       -14.803233       -14.766832       -14.756921
    -14.752343       -14.719739       -14.691195       -14.681620       -14.565052
    -14.491016       -14.470046       -14.449019       -14.430359       -14.429750
    -14.402243       -14.341135       -14.328912       -14.136537       -14.131838
    -14.097807       -14.032745       -14.029598       -13.987584       -13.836592
    -13.805021       -13.803290       -13.774389       -13.766043       -13.765571
    -13.755678       -13.601194       -13.554620       -13.386172       -13.330179
    -13.315201       -13.201892       -12.928076       -12.783070       -12.696285
    -12.651411       -12.637808       -12.622159       -12.572470       -12.516108
    -12.509074       -12.461841       -12.444072       -12.435144       -12.414520
    -12.321559       -12.293190       -12.263992       -12.252496       -12.240699
    -12.142348       -12.117084       -12.098736       -12.064824       -12.056645
    -12.048379       -12.045308       -12.012434       -11.977601       -11.968815
    -11.943884       -11.924632       -11.904180       -11.870785       -11.864614
    -11.745943       -11.700176       -11.690834       -11.662473       -11.615069
    -11.602099       -11.601196       -11.545467       -11.532424       -11.518113
    -11.496834       -11.463288       -11.447257       -11.433729       -11.428780
    -11.424991       -11.392935       -11.324839       -11.322779       -11.283614
    -11.263539       -11.253311       -11.235808       -11.169865       -11.111508
    -11.083735       -11.024691       -10.927767       -10.878126       -10.875866
    -10.861223       -10.856496       -10.838076       -10.818319       -10.790070
    -10.777973       -10.774915       -10.766294       -10.763478       -10.752600
    -10.745101       -10.735516       -10.722802       -10.696671       -10.683243
    -10.671897       -10.660475       -10.652617       -10.629075       -10.606251
    -10.600673       -10.591957       -10.576265       -10.558499       -10.552643
    -10.539365       -10.529696       -10.516446       -10.511936       -10.502874
    -10.490716       -10.484909       -10.465788       -10.455175       -10.440607
    -10.436724       -10.431681       -10.429429       -10.424158       -10.393139
    -10.387045       -10.379632       -10.377936       -10.364789       -10.358992
    -10.354281       -10.346464       -10.328690       -10.324982       -10.321287
    -10.299876       -10.289938       -10.266517       -10.260957       -10.256128
    -10.252347       -10.240217       -10.236281       -10.234991       -10.224948
    -10.218690       -10.215402       -10.192204       -10.179066       -10.175126
    -10.167815       -10.154345       -10.153109       -10.127068       -10.104156
    -10.101141       -10.073602       -10.072233       -10.057394       -10.051930
    -10.048703       -10.033601       -10.026358       -10.020485       -10.007589
     -9.944522        -9.929133        -9.925394        -9.923649        -9.902102
     -9.894148        -9.886584        -9.876136        -9.865942        -9.862499
     -9.853557        -9.847211        -9.841528        -9.838195        -9.822933
     -9.788942        -9.774332        -9.769864        -9.764736        -9.759561
     -9.737895        -9.735075        -9.729559        -9.714515        -9.708687
     -9.683620        -9.666944        -9.638562        -9.636546        -9.630486
     -9.624636        -9.611404        -9.590977        -9.589983        -9.570829
     -9.558739        -9.545074        -9.526764        -9.500005        -9.491126
     -9.486141        -9.480052        -9.468450        -9.455284        -9.453633
     -9.447688        -9.433777        -9.420622        -9.406374        -9.399569
     -9.376214        -9.371353        -9.369642        -9.361574        -9.355748
     -9.346521        -9.340504        -9.334767        -9.321801        -9.312568
     -9.307354        -9.301178        -9.289122        -9.280514        -9.269724
     -9.254755        -9.251970        -9.247041        -9.234877        -9.232881
     -9.219364        -9.207297        -9.201803        -9.188335        -9.177685
     -9.169801        -9.155693        -9.146149        -9.125790        -9.120682
     -9.108362        -9.096137        -9.080225        -9.060290        -9.052981
     -9.045590        -9.025442        -9.009384        -9.003259        -8.993113
     -8.986506        -8.976846        -8.970605        -8.947871        -8.940822
     -8.927710        -8.911599        -8.904389        -8.886501        -8.879011
     -8.867397        -8.863963        -8.856797        -8.855106        -8.827256
     -8.817716        -8.813316        -8.800155        -8.786989        -8.781382
     -8.770708        -8.766145        -8.762160        -8.755301        -8.745512
     -8.743376        -8.729947        -8.710452        -8.686932        -8.672777
     -8.647791        -8.629039        -8.617196        -8.603935        -8.587404
     -8.578358        -8.567888        -8.546891        -8.523234        -8.518898
     -8.506731        -8.487642        -8.477950        -8.461514        -8.427833
     -8.412884        -8.406814        -8.398301        -8.392196        -8.376680
     -8.341641        -8.327327        -8.310833        -8.306066        -8.300133
     -8.275064        -8.264473        -8.245872        -8.232701        -8.217826
     -8.212702        -8.160009        -8.145945        -8.114739        -8.105237
     -8.083009        -8.064703        -8.051156        -8.046176        -8.017144
     -8.009191        -8.001991        -7.991777        -7.963538        -7.946241
     -7.899647        -7.897806        -7.890139        -7.876684        -7.849256
     -7.837539        -7.827125        -7.807240        -7.783282        -7.774567
     -7.751417        -7.713144        -7.711165        -7.659058        -7.642298
     -7.632965        -7.610133        -7.570052        -7.538359        -7.528031
     -7.505695        -7.457062        -7.420041        -7.411646        -7.366339
     -7.357795        -7.345886        -7.331053        -7.324855        -7.296010
     -7.285281        -7.271794        -7.269958        -7.251038        -7.231179
     -7.229689        -7.222096        -7.202083        -7.193207        -7.177755
     -7.152340        -7.133440        -7.119463        -7.101196        -7.087033
     -7.060006        -7.048079        -7.034253        -7.023159        -7.009029
     -6.992949        -6.987748        -6.982766        -6.967345        -6.954785
     -6.941249        -6.934059        -6.913679        -6.896200        -6.885883
     -6.870137        -6.868108        -6.859457        -6.838299        -6.830159
     -6.818226        -6.811116        -6.807369        -6.801713        -6.787906
     -6.767000        -6.750347        -6.745213        -6.742843        -6.738136
     -6.728352        -6.717805        -6.707474        -6.690166        -6.671723
     -6.668001        -6.651882        -6.635573        -6.615666        -6.612156
     -6.607722        -6.598424        -6.593419        -6.577625        -6.571312
     -6.563189        -6.552337        -6.539487        -6.537420        -6.526731
     -6.517227        -6.496630        -6.478595        -6.473268        -6.460680
     -6.456193        -6.450324        -6.449473        -6.448125        -6.424701
     -6.411768        -6.405930        -6.395504        -6.386915        -6.377826
     -6.366219        -6.363335        -6.359254        -6.340207        -6.312636
     -6.304872        -6.295163        -6.291648        -6.271980        -6.259810
     -6.238406        -6.233769        -6.219420        -6.207116        -6.200747
     -6.192877        -6.176049        -6.169511        -6.164567        -6.153041
     -6.142347        -6.134412        -6.119137        -6.104447        -6.103857
     -6.098340        -6.094020        -6.092742        -6.086176        -6.078691
     -6.076429        -6.062222        -6.050763        -6.046521        -6.039807
     -6.035780        -6.026954        -6.015138        -5.998773        -5.989290
     -5.977300        -5.972635        -5.969618        -5.964810        -5.959079
     -5.948372        -5.942866        -5.936107        -5.926652        -5.917681
     -5.916306        -5.912325        -5.894314        -5.883954        -5.875398
     -5.867060        -5.861489        -5.851704        -5.845870        -5.838766
     -5.834910        -5.822187        -5.819128        -5.815735        -5.803358
     -5.794830        -5.794642        -5.790044        -5.785727        -5.781279
     -5.777463        -5.774151        -5.771091        -5.766162        -5.759248
     -5.753692        -5.750840        -5.744679        -5.736948        -5.725010
     -5.721043        -5.714633        -5.702399        -5.691452        -5.687986
     -5.684157        -5.679939        -5.676250        -5.664612        -5.658523
     -5.652829        -5.645486        -5.638870        -5.634054        -5.628949
     -5.625627        -5.623807        -5.614933        -5.610282        -5.595521
     -5.585682        -5.579421        -5.574555        -5.563146        -5.554899
     -5.553439        -5.545104        -5.540888        -5.537165        -5.535756
     -5.523163        -5.516728        -5.504820        -5.501625        -5.495983
     -5.486179        -5.474674        -5.468550        -5.466313        -5.461682
     -5.453300        -5.449190        -5.444949        -5.442984        -5.438532
     -5.424511        -5.419901        -5.413980        -5.396504        -5.395073
     -5.388701        -5.378820        -5.376451        -5.366178        -5.359430
     -5.355138        -5.344732        -5.329937        -5.327256        -5.322896
     -5.319600        -5.316426        -5.311649        -5.297342        -5.284032
     -5.275798        -5.273208        -5.269321        -5.264736        -5.259705
     -5.257363        -5.249078        -5.246218        -5.243747        -5.238616
     -5.233222        -5.232316        -5.226678        -5.222754        -5.210474
     -5.206848        -5.202859        -5.196372        -5.186443        -5.177377
     -5.171760        -5.159174        -5.155822        -5.149764        -5.132735
     -5.129723        -5.110643        -5.106921        -5.103422        -5.100687
     -5.098272        -5.090135        -5.088343        -5.082941        -5.067479
     -5.050497        -5.048114        -5.040299        -5.039461        -5.029387
     -5.012564        -5.011339        -4.997217        -4.989872        -4.967348
     -4.955268        -4.954337        -4.946382        -4.936530        -4.926156
     -4.912636        -4.904890        -4.898019        -4.875368        -4.862314
     -4.859539        -4.850736        -4.832592        -4.819161        -4.809965
     -4.801410        -4.780911        -4.766545        -4.760093        -4.750724
     -4.746226        -4.736795        -4.733000        -4.725075        -4.707585
     -4.680852        -4.644142        -4.607717        -4.590086        -4.567253
     -4.550869        -4.529518        -4.505653        -4.477484        -4.460413
     -4.378358        -4.344014        -4.333472        -4.254308        -4.217891
     -4.209125        -4.159550        -4.137994        -4.088591        -4.069649
     -4.050415        -4.004560        -3.971569        -3.965138        -3.893302
     -3.889044        -3.875582        -3.850909        -3.815108        -3.811259
     -3.805568        -3.786377        -3.769305        -3.767646        -3.738683
     -3.706916        -3.689774        -3.681216        -3.677833        -3.653856
     -3.651044        -3.592907        -3.569707        -3.545931        -3.533801
     -3.526942        -3.499687        -3.380191        -3.347528        -3.334422
     -3.275625        -3.189631        -3.162881        -3.120745        -3.089690
     -3.054625        -3.032013        -2.956487        -2.925438        -2.728699
      0.189570         0.390745         0.863956         0.947625         1.119513
      1.202093         1.279294         1.401186         1.421053         1.753549
      2.093643         2.449342         2.618486         2.665946         2.775256
      2.880233         2.979324         3.012389         3.099619         3.115200
      3.154403         3.228892         3.277618         3.325158         3.350385
      3.411506         3.439010         3.482318         3.505759         3.558545
      3.611957         3.635153         3.679131         3.713786         3.743698
      3.756080         3.787449         3.798274         3.840917         3.856358
      3.888859         3.951518         3.972408         3.990993         4.017861
      4.033340         4.057485         4.069768         4.121914         4.153665
      4.178396         4.196823         4.224664         4.253754         4.302674
      4.344000         4.420806         4.445216
 *********************************
 sum eigen(dbl occ, ryd)=  -1691.71516309047     
 *********************************
 Ef(eV)=  -1.04930832668894     
 ***************************************************
 iter=           7
 ---------------------------------------------------
 dvE, dvE(n)-dvE(n-1) = 0.0000E+00 0.0000E+00
 dv_ave, drho_tot     = 0.0000E+00 0.1236E+00
 err of ug            = 0.1179E-02
 ---------------------------------------------------
 Ewald        = -.40302743199754E+05
 Alpha        = 0.15207970391171E+04
 E_extV       = 0.00000000000000E+00    0.0000E+00
 E_NSC        = -.23385034289232E+05    -.2339E+05
 E[-rho*V_Hxc]= -.12224429540742E+06    -.7088E+05
 E_Hxc        = 0.51361423668723E+05    0.5136E+05
 -TS          = -.74594197632625E-21    -.7459E-21
 E_tot(eV)    = -.13304985218856E+06    -.1330E+06
 ---------------------------------------------------
 E_ion,E_coul,E_xc =   -223695.0742151   79676.3890907  -28314.9654220
Ewald+Hart+ion    -0.1843214283242E+06
 ave(vtot)=ave_(V_xc)=: v0= -0.291436634739238     
 Eigen energies are values after setting ave_vtot=0
 ----------------------------------
 One SCF use:    85.9554889202118       s
 *********************************
 ****** kpt=           1
 err of each states, eV
  0.409211E-01     0.404510E-01     0.411758E-01     0.393668E-01     0.387758E-01
  0.112046E+00     0.456730E-01     0.378247E-01     0.739793E-01     0.327929E-01
  0.425751E-01     0.400182E-01     0.312579E-01     0.657819E-01     0.373856E-01
  0.101277E+00     0.592059E-01     0.504522E-01     0.421402E-01     0.473271E-01
  0.392032E-01     0.158701E+00     0.581991E-01     0.391240E-01     0.407852E-01
  0.625510E-01     0.488265E-01     0.378528E-01     0.686133E-01     0.124686E+00
  0.767480E-01     0.374875E-01     0.665133E-01     0.323363E-01     0.353609E-01
  0.717261E-01     0.399619E-01     0.506071E-01     0.393125E-01     0.115055E+00
  0.522224E-01     0.770356E-01     0.480489E-01     0.330278E-01     0.503599E-01
  0.360605E-01     0.548135E-01     0.561333E-01     0.131750E+00     0.350682E-01
  0.121794E+00     0.593287E-01     0.386336E-01     0.348402E-01     0.313601E-01
  0.134084E+00     0.680539E-01     0.356439E-01     0.491254E-01     0.318180E-01
  0.646693E-01     0.339266E-01     0.356432E-01     0.704839E-01     0.370531E-01
  0.109995E+00     0.412178E-01     0.436723E-01     0.417903E-01     0.388082E-01
  0.330639E-01     0.363514E-01     0.348370E-01     0.317440E-01     0.148211E+00
  0.335784E-01     0.339879E-01     0.543281E-01     0.499059E-01     0.145464E+00
  0.491916E-01     0.388425E-01     0.583484E-01     0.473938E-01     0.355787E-01
  0.434626E-01     0.140866E+00     0.414581E-01     0.431365E-01     0.454139E-01
  0.486663E-01     0.321956E-01     0.413171E-01     0.321970E-01     0.447552E-01
  0.401498E-01     0.455508E-01     0.432084E-01     0.423883E-01     0.335511E-01
  0.422100E-01     0.116446E+00     0.418148E-01     0.455298E-01     0.358348E-01
  0.520159E-01     0.396126E-01     0.592590E-01     0.438079E-01     0.400002E-01
  0.562743E-01     0.120722E+00     0.506316E-01     0.404327E-01     0.358710E-01
  0.355427E-01     0.446254E-01     0.413404E-01     0.369556E-01     0.175510E+00
  0.401826E-01     0.198491E+00     0.344640E-01     0.549342E-01     0.150351E+00
  0.371847E-01     0.350714E-01     0.531652E-01     0.439479E-01     0.491575E-01
  0.392952E-01     0.512134E-01     0.228463E+00     0.576785E-01     0.491439E-01
  0.413981E-01     0.417324E-01     0.356311E-01     0.154545E+00     0.232458E+00
  0.496797E-01     0.140070E+00     0.199166E+00     0.106233E+00     0.186931E+00
  0.441835E-01     0.406516E-01     0.389042E-01     0.196699E+00     0.240033E+00
  0.197392E+00     0.235269E+00     0.250983E+00     0.257031E+00     0.213473E+00
  0.190272E+00     0.260054E+00     0.180624E+00     0.171441E+00     0.202042E+00
  0.207906E+00     0.277293E+00     0.239777E+00     0.190763E+00     0.209791E+00
  0.229789E+00     0.229528E+00     0.187269E+00     0.136155E+00     0.116668E+00
  0.122904E+00     0.108969E+00     0.121878E+00     0.127108E+00     0.134517E+00
  0.228396E+00     0.116008E+00     0.125465E+00     0.225154E+00     0.128810E+00
  0.124230E+00     0.124187E+00     0.125262E+00     0.124809E+00     0.126545E+00
  0.229345E+00     0.225609E+00     0.227407E+00     0.228809E+00     0.232675E+00
  0.218528E+00     0.223471E+00     0.224134E+00     0.220118E+00     0.217559E+00
  0.170530E+00     0.149439E+00     0.143324E+00     0.138528E+00     0.143082E+00
  0.178753E+00     0.170098E+00     0.147759E+00     0.151773E+00     0.127800E+00
  0.169959E+00     0.147786E+00     0.140782E+00     0.156524E+00     0.156065E+00
  0.154350E+00     0.146020E+00     0.157105E+00     0.176728E+00     0.140257E+00
  0.162853E+00     0.163002E+00     0.178020E+00     0.173233E+00     0.147051E+00
  0.139100E+00     0.154062E+00     0.141135E+00     0.147687E+00     0.142607E+00
  0.152278E+00     0.160830E+00     0.141397E+00     0.145411E+00     0.918409E-01
  0.140665E+00     0.109064E+00     0.101714E+00     0.967253E-01     0.374585E+00
  0.125754E+00     0.989692E-01     0.108226E+00     0.368425E+00     0.101173E+00
  0.109105E+00     0.103983E+00     0.102293E+00     0.133954E+00     0.101057E+00
  0.105069E+00     0.158239E+00     0.108260E+00     0.150550E+00     0.142812E+00
  0.394165E+00     0.105227E+00     0.363403E+00     0.152981E+00     0.151137E+00
  0.151351E+00     0.151405E+00     0.146813E+00     0.390577E+00     0.162139E+00
  0.165124E+00     0.144581E+00     0.157787E+00     0.155100E+00     0.147364E+00
  0.150616E+00     0.150335E+00     0.147868E+00     0.153374E+00     0.151152E+00
  0.154870E+00     0.137218E+00     0.143098E+00     0.133747E+00     0.155164E+00
  0.167337E+00     0.145227E+00     0.227066E+00     0.185249E+00     0.125918E+00
  0.121266E+00     0.165234E+00     0.166593E+00     0.152141E+00     0.127318E+00
  0.133420E+00     0.213512E+00     0.141484E+00     0.143812E+00     0.132974E+00
  0.172807E+00     0.135585E+00     0.133550E+00     0.135758E+00     0.157014E+00
  0.135631E+00     0.137498E+00     0.141379E+00     0.137184E+00     0.125327E+00
  0.142101E+00     0.237624E+00     0.145104E+00     0.145028E+00     0.130376E+00
  0.146463E+00     0.281853E+00     0.133896E+00     0.149177E+00     0.158718E+00
  0.167363E+00     0.236844E+00     0.149895E+00     0.147196E+00     0.139968E+00
  0.136313E+00     0.135076E+00     0.136389E+00     0.142300E+00     0.283388E+00
  0.151598E+00     0.159537E+00     0.227268E+00     0.103000E+00     0.246881E+00
  0.134700E+00     0.151845E+00     0.184016E+00     0.194932E+00     0.175657E+00
  0.229570E+00     0.214230E+00     0.176452E+00     0.131126E+00     0.222613E+00
  0.208794E+00     0.217906E+00     0.227696E+00     0.218448E+00     0.221185E+00
  0.220133E+00     0.187735E+00     0.188392E+00     0.193021E+00     0.197052E+00
  0.189707E+00     0.226856E+00     0.236487E+00     0.192003E+00     0.226003E+00
  0.166880E+00     0.181782E+00     0.168609E+00     0.198836E+00     0.168791E+00
  0.171170E+00     0.200481E+00     0.220356E+00     0.210630E+00     0.185201E+00
  0.182310E+00     0.200404E+00     0.190640E+00     0.161442E+00     0.176714E+00
  0.159530E+00     0.163707E+00     0.163775E+00     0.172770E+00     0.183705E+00
  0.199860E+00     0.186559E+00     0.182808E+00     0.203421E+00     0.140971E+00
  0.149869E+00     0.154182E+00     0.181252E+00     0.128593E+00     0.135331E+00
  0.226873E+00     0.134734E+00     0.201119E+00     0.177218E+00     0.167311E+00
  0.192064E+00     0.201847E+00     0.170899E+00     0.170179E+00     0.163396E+00
  0.204392E+00     0.175173E+00     0.160429E+00     0.152695E+00     0.223116E+00
  0.160206E+00     0.161998E+00     0.180404E+00     0.211490E+00     0.224255E+00
  0.277774E+00     0.203371E+00     0.195089E+00     0.217321E+00     0.169060E+00
  0.181953E+00     0.198000E+00     0.160589E+00     0.169005E+00     0.197413E+00
  0.183642E+00     0.229123E+00     0.175975E+00     0.178257E+00     0.238969E+00
  0.156505E+00     0.149697E+00     0.152391E+00     0.202914E+00     0.213485E+00
  0.286721E+00     0.178599E+00     0.149849E+00     0.156049E+00     0.182304E+00
  0.149913E+00     0.169848E+00     0.207467E+00     0.153790E+00     0.215223E+00
  0.172168E+00     0.180758E+00     0.166122E+00     0.162055E+00     0.196812E+00
  0.156238E+00     0.228939E+00     0.230517E+00     0.222560E+00     0.182385E+00
  0.144615E+00     0.227451E+00     0.151454E+00     0.223241E+00     0.133062E+00
  0.150512E+00     0.183130E+00     0.152053E+00     0.155605E+00     0.115508E+00
  0.167451E+00     0.203352E+00     0.169991E+00     0.140509E+00     0.147574E+00
  0.139895E+00     0.154924E+00     0.142706E+00     0.163273E+00     0.128391E+00
  0.142714E+00     0.106751E+00     0.107650E+00     0.150812E+00     0.143016E+00
  0.139182E+00     0.154296E+00     0.142443E+00     0.234817E+00     0.145824E+00
  0.139743E+00     0.137682E+00     0.126968E+00     0.129191E+00     0.108215E+00
  0.179450E+00     0.139412E+00     0.148660E+00     0.128732E+00     0.128999E+00
  0.117621E+00     0.232315E+00     0.131479E+00     0.114692E+00     0.134527E+00
  0.144987E+00     0.149896E+00     0.170007E+00     0.240053E+00     0.159892E+00
  0.192402E+00     0.148019E+00     0.172287E+00     0.167573E+00     0.123670E+00
  0.191211E+00     0.153195E+00     0.146354E+00     0.150913E+00     0.149877E+00
  0.142845E+00     0.127299E+00     0.164373E+00     0.169689E+00     0.129904E+00
  0.135316E+00     0.168623E+00     0.167627E+00     0.160769E+00     0.146677E+00
  0.165644E+00     0.154547E+00     0.209251E+00     0.227335E+00     0.146725E+00
  0.314894E+00     0.149566E+00     0.143475E+00     0.183697E+00     0.198958E+00
  0.185071E+00     0.216112E+00     0.183060E+00     0.256023E+00     0.226157E+00
  0.167786E+00     0.172445E+00     0.158142E+00     0.167581E+00     0.210169E+00
  0.172947E+00     0.238625E+00     0.214131E+00     0.218356E+00     0.196430E+00
  0.177983E+00     0.186466E+00     0.206534E+00     0.219273E+00     0.179609E+00
  0.193224E+00     0.230632E+00     0.260391E+00     0.208195E+00     0.214581E+00
  0.251534E+00     0.239592E+00     0.221563E+00     0.154470E+00     0.198857E+00
  0.194700E+00     0.221893E+00     0.156265E+00     0.204728E+00     0.224685E+00
  0.232186E+00     0.234022E+00     0.214197E+00     0.191303E+00     0.256426E+00
  0.206176E+00     0.223728E+00     0.173665E+00     0.248175E+00     0.106403E+00
  0.230293E+00     0.179268E+00     0.138453E+00     0.199329E+00     0.184179E+00
  0.168935E+00     0.186828E+00     0.151082E+00     0.147338E+00     0.167396E+00
  0.213495E+00     0.202063E+00     0.171465E+00     0.196827E+00     0.172807E+00
  0.120180E+00     0.202787E+00     0.155246E+00     0.189582E+00     0.237522E+00
  0.189565E+00     0.235366E+00     0.169611E+00     0.201088E+00     0.218507E+00
  0.232357E+00     0.256837E+00     0.205219E+00     0.156294E+00     0.145576E+00
  0.165471E+00     0.149845E+00     0.182233E+00     0.208708E+00     0.177419E+00
  0.179635E+00     0.132466E+00     0.136970E+00     0.201854E+00     0.156055E+00
  0.176855E+00     0.143521E+00     0.160792E+00     0.145092E+00     0.157777E+00
  0.150164E+00     0.201889E+00     0.145117E+00     0.178143E+00     0.185137E+00
  0.194968E+00     0.116588E+00     0.115428E+00     0.188306E+00     0.129844E+00
  0.136310E+00     0.153274E+00     0.125415E+00     0.145963E+00     0.136085E+00
  0.126207E+00     0.175371E+00     0.220790E+00     0.143374E+00     0.132506E+00
  0.159315E+00     0.158270E+00     0.178557E+00     0.153499E+00     0.193623E+00
  0.163255E+00     0.204360E+00     0.133567E+00     0.183548E+00     0.108627E+00
  0.154081E+00     0.146671E+00     0.176896E+00     0.119974E+00     0.130921E+00
  0.120593E+00     0.145865E+00     0.173153E+00     0.131340E+00     0.171022E+00
  0.152614E+00     0.101230E+00     0.129343E+00     0.155840E+00     0.923600E-01
  0.118580E+00     0.171384E+00     0.192634E+00     0.145864E+00     0.184075E+00
  0.158404E+00     0.187287E+00     0.121352E+00     0.161772E+00     0.193008E+00
  0.156189E+00     0.176445E+00     0.173678E+00     0.158260E+00     0.202883E+00
  0.172892E+00     0.104230E+00     0.159995E+00     0.125526E+00     0.935938E-01
  0.891092E-01     0.910479E-01     0.875168E-01     0.169247E+00     0.136547E+00
  0.104241E+00     0.140091E+00     0.174048E+00     0.202532E+00     0.203605E+00
  0.102491E+00     0.148936E+00     0.981848E-01     0.125421E+00     0.114461E+00
  0.110811E+00     0.166133E+00     0.139796E+00     0.170385E+00     0.207786E+00
  0.168060E+00     0.161661E+00     0.136217E+00     0.185578E+00     0.124318E+00
  0.135585E+00     0.959547E-01     0.104244E+00     0.103191E+00     0.160106E+00
  0.112507E+00     0.193235E+00     0.121645E+00     0.104256E+00     0.157911E+00
  0.138603E+00     0.120951E+00     0.170493E+00     0.132136E+00     0.113605E+00
  0.195314E+00     0.147966E+00     0.129974E+00     0.133602E+00     0.140434E+00
  0.148244E+00     0.113608E+00     0.165030E+00     0.823901E-01     0.188080E+00
  0.100557E+00     0.161275E+00     0.119465E+00     0.134659E+00     0.899858E-01
  0.140969E+00     0.977072E-01     0.125305E+00     0.178893E+00     0.187625E+00
  0.968653E-01     0.229569E+00     0.105420E+00     0.100713E+00     0.123541E+00
  0.120076E+00     0.153431E+00     0.102601E+00     0.100364E+00     0.101434E+00
  0.936065E-01     0.111630E+00     0.859289E-01     0.939333E-01     0.953319E-01
  0.833103E-01     0.749189E-01     0.777161E-01     0.796401E-01     0.733867E-01
  0.894759E-01     0.722833E-01     0.797326E-01     0.106372E+00     0.644759E-01
  0.155002E+00     0.121914E+00     0.106285E+00     0.101479E+00     0.125562E+00
  0.173627E+00     0.985087E-01     0.123980E+00     0.186316E+00     0.165856E+00
  0.681323E-01     0.138191E+00     0.100291E+00     0.161683E+00     0.136019E+00
  0.135733E+00     0.104949E+00     0.229453E+00     0.123264E+00     0.145938E+00
  0.971546E-01     0.106338E+00     0.159851E+00     0.136930E+00     0.856491E-01
  0.128649E+00     0.125709E+00     0.107972E+00     0.107768E+00     0.104717E+00
  0.110570E+00     0.122508E+00     0.139712E+00     0.167564E+00     0.122226E+00
  0.206688E+00     0.161575E+00     0.111300E+00     0.217054E+00     0.216487E+00
  0.141912E+00     0.191852E+00     0.174606E+00     0.137338E+00     0.171824E+00
  0.146693E+00     0.123538E+00     0.732120E-01     0.205889E+00     0.223455E+00
  0.822898E-01     0.115967E+00     0.118787E+00     0.107085E+00     0.884102E-01
  0.964041E-01     0.814650E-01     0.105713E+00     0.106776E+00     0.244420E+00
  0.123568E+00     0.854265E-01     0.667638E-01     0.124938E+00     0.154211E+00
  0.645915E-01     0.914190E-01     0.809826E-01     0.703655E-01     0.812738E-01
  0.192073E+00     0.194888E+00     0.102389E+00     0.127914E+00     0.711802E-01
  0.197072E+00     0.825018E-01     0.276249E+00     0.142071E+00     0.136609E+00
  0.741391E-01     0.866413E-01     0.712091E-01     0.128959E+00     0.858773E-01
  0.111014E+00     0.926864E-01     0.961937E-01     0.112793E+00     0.189572E+00
  0.205575E+00     0.128397E+00     0.118724E+00     0.205750E+00     0.161831E+00
  0.191899E+00     0.158458E+00     0.167898E+00     0.160195E+00     0.176182E+00
  0.198238E+00     0.207525E+00     0.210696E+00     0.159110E+00     0.142386E+00
  0.126862E+00     0.207712E+00     0.128109E+00     0.106318E+00     0.101266E+00
  0.123486E+00     0.181846E+00     0.167424E+00     0.104292E+00     0.124536E+00
  0.156800E+00     0.185091E+00     0.173092E+00     0.180955E+00     0.161700E+00
  0.119028E+00     0.116222E+00     0.158860E+00     0.141908E+00     0.111614E+00
  0.112372E+00     0.920175E-01     0.925747E-01     0.139254E+00     0.171462E+00
  0.131641E+00     0.944346E-01     0.114739E+00     0.111481E+00     0.140135E+00
  0.164882E+00     0.184848E+00     0.142227E+00     0.279998E+00     0.247209E+00
  0.188850E+00     0.168219E+00     0.246513E+00     0.188287E+00     0.199037E+00
  0.251399E+00     0.165240E+00     0.154476E+00     0.167428E+00     0.107876E+00
  0.206587E+00     0.167047E+00     0.256369E+00     0.145574E+00     0.271592E+00
  0.132077E+00     0.175754E+00     0.276126E+00     0.143201E+00     0.233318E+00
  0.207228E+00     0.152099E+00     0.147715E+00     0.197823E+00     0.193637E+00
  0.142232E+00     0.157558E+00     0.233357E+00     0.128643E+00     0.136405E+00
  0.171818E+00     0.182371E+00     0.182628E+00     0.131408E+00     0.255487E+00
  0.120633E+00     0.170562E+00     0.220703E+00     0.219712E+00     0.161058E+00
  0.158468E+00     0.161106E+00     0.131246E+00     0.126727E+00     0.101312E+00
  0.247515E+00     0.233062E+00     0.173983E+00     0.155179E+00     0.184374E+00
  0.157384E+00     0.213477E+00     0.156606E+00     0.227086E+00     0.184584E+00
  0.178489E+00     0.195054E+00     0.140885E+00     0.206803E+00     0.158390E+00
  0.174855E+00     0.159120E+00     0.170899E+00     0.148882E+00     0.152874E+00
  0.242340E+00     0.172433E+00     0.159180E+00     0.177983E+00     0.155428E+00
  0.798710E-01     0.138304E+00     0.111615E+00     0.103171E+00     0.121309E+00
  0.102425E+00     0.130292E+00     0.102132E+00     0.118814E+00     0.128589E+00
  0.238810E+00     0.284125E+00     0.390978E+00     0.248591E+00     0.310416E+00
  0.463596E+00     0.436152E+00     0.331414E+00     0.397833E+00     0.409461E+00
  0.444235E+00     0.548353E+00     0.402543E+00     0.473093E+00     0.331943E+00
  0.614733E+00     0.397824E+00     0.455052E+00     0.456792E+00     0.439640E+00
  0.539949E+00     0.527163E+00     0.500735E+00     0.668270E+00     0.715502E+00
  0.474401E+00     0.751979E+00     0.592841E+00     0.554190E+00     0.529160E+00
  0.646657E+00     0.670615E+00     0.598034E+00     0.594686E+00     0.694248E+00
  0.573960E+00     0.727626E+00     0.626937E+00     0.519311E+00     0.657248E+00
  0.694131E+00     0.677896E+00     0.597234E+00     0.696857E+00     0.696725E+00
  0.667955E+00     0.819007E+00     0.710074E+00
 eigen energies, in ev
    -46.635019       -46.573178       -46.226330       -45.840773       -45.722412
    -29.152633       -28.761960       -28.604245       -28.507168       -28.418291
    -28.387943       -28.343745       -28.287348       -28.200049       -28.196884
    -28.169205       -28.075872       -28.061030       -28.044827       -28.038796
    -28.030714       -28.015999       -28.004669       -27.975745       -27.949866
    -27.872166       -27.871365       -27.860433       -27.802197       -27.773162
    -27.760211       -27.749556       -27.748346       -27.655192       -27.626332
    -27.621039       -27.605810       -27.599960       -27.527932       -27.495803
    -27.483596       -27.480377       -27.435732       -27.410016       -27.384204
    -27.377794       -27.377062       -27.353856       -27.344043       -27.320187
    -27.292076       -27.279166       -27.268398       -27.250508       -27.168958
    -27.150201       -27.112654       -27.096160       -27.045759       -27.043881
    -26.995625       -26.994766       -26.983145       -26.967559       -26.961040
    -26.952105       -26.935637       -26.923163       -26.914460       -26.747891
    -26.743168       -26.665270       -26.663454       -26.604205       -26.583534
    -26.526364       -26.462026       -26.420377       -26.417277       -26.413657
    -26.375316       -26.369077       -26.351083       -26.334262       -26.306394
    -26.274274       -26.234534       -26.169046       -26.124292       -26.119442
    -26.091150       -26.070670       -26.048388       -26.017055       -25.988862
    -25.971114       -25.949508       -25.936275       -25.927082       -25.885048
    -25.789401       -25.784562       -25.778213       -25.777289       -25.759013
    -25.746460       -25.731627       -25.721930       -25.708875       -25.703495
    -25.694490       -25.690892       -25.683319       -25.681235       -25.664245
    -25.654366       -25.636703       -25.630593       -25.594317       -25.550426
    -25.533079       -25.529736       -25.477840       -25.477680       -25.471839
    -25.438651       -25.429281       -25.385512       -25.380465       -25.337435
    -25.327778       -25.308509       -25.303693       -25.290734       -25.272291
    -25.268122       -25.220910       -25.205899       -25.185941       -25.174433
    -25.115464       -25.113230       -25.113035       -25.085631       -24.979715
    -24.953604       -24.881520       -24.804407       -24.668447       -24.641239
    -24.364726       -24.303360       -24.110464       -23.913196       -23.783157
    -23.593170       -23.532166       -23.444591       -23.426703       -23.410106
    -23.350508       -23.295827       -23.240331       -23.209869       -23.195989
    -23.194914       -23.180961       -23.150772       -23.018451       -22.884971
    -22.878369       -22.825853       -22.642043       -22.635705       -22.565162
    -22.485952       -22.238644       -22.229986       -22.215521       -22.205711
    -22.113750       -22.088364       -22.042289       -22.020121       -21.931228
    -21.858464       -21.773000       -21.754787       -21.385153       -21.073991
    -20.333369       -19.604373       -19.228492       -19.137210       -18.643455
    -18.208507       -17.640885       -17.481414       -17.460125       -17.460028
    -17.303413       -17.156293       -17.116114       -17.009880       -17.000877
    -16.724309       -16.667897       -16.465304       -16.444879       -16.216942
    -16.117409       -16.104157       -16.050268       -16.027776       -16.019249
    -16.013133       -16.003875       -15.968509       -15.949399       -15.845738
    -15.831141       -15.782526       -15.763115       -15.734294       -15.682746
    -15.672550       -15.449786       -15.402778       -15.260391       -15.167707
    -15.105794       -14.952586       -14.932691       -14.736790       -14.734552
    -14.588194       -14.541646       -14.540007       -14.525771       -14.496513
    -14.483480       -14.381390       -14.336604       -14.301217       -14.242089
    -14.206635       -14.111755       -14.094946       -14.068892       -14.032018
    -14.001942       -13.935640       -13.928143       -13.852032       -13.831795
    -13.787939       -13.675558       -13.630659       -13.618180       -13.566677
    -13.564116       -13.422369       -13.410747       -13.400317       -13.378415
    -13.346234       -13.341464       -13.337421       -13.324340       -13.288163
    -13.228339       -13.144908       -13.102294       -12.958310       -12.884687
    -12.406949       -12.367674       -12.350355       -12.259797       -12.172844
    -12.140166       -12.094362       -12.080349       -12.038623       -12.017687
    -11.984487       -11.981003       -11.909907       -11.856208       -11.842056
    -11.836914       -11.817052       -11.783140       -11.777043       -11.766788
    -11.748413       -11.740554       -11.729278       -11.714613       -11.675613
    -11.622678       -11.607678       -11.596140       -11.582238       -11.546648
    -11.529520       -11.518942       -11.445843       -11.439341       -11.410542
    -11.400560       -11.379554       -11.329146       -11.300920       -11.292614
    -11.232362       -11.190055       -11.141237       -11.109819       -11.102230
    -11.039515       -11.008650       -10.995157       -10.931757       -10.772958
    -10.733630       -10.658087       -10.636969       -10.628709       -10.611063
    -10.596580       -10.580734       -10.544580       -10.534801       -10.512318
    -10.502177       -10.460631       -10.456991       -10.454254       -10.448532
    -10.432018       -10.415566       -10.395692       -10.375049       -10.368157
    -10.361142       -10.340773       -10.337664       -10.318187       -10.312091
    -10.302159       -10.294816       -10.281978       -10.273844       -10.255917
    -10.252296       -10.246510       -10.243437       -10.234419       -10.217402
    -10.201879       -10.195750       -10.186166       -10.162120       -10.158741
    -10.143192       -10.133336       -10.128010       -10.124517       -10.115945
    -10.103865       -10.089289       -10.084877       -10.082975       -10.059836
    -10.056456       -10.047447       -10.041070       -10.027461       -10.025473
    -10.015675       -10.001046        -9.993854        -9.986321        -9.974927
     -9.946664        -9.941293        -9.926444        -9.922319        -9.918569
     -9.911252        -9.910439        -9.899836        -9.896608        -9.889016
     -9.870815        -9.854747        -9.838664        -9.837230        -9.827639
     -9.816578        -9.782798        -9.781052        -9.762869        -9.749984
     -9.743607        -9.733906        -9.693347        -9.684478        -9.681672
     -9.672709        -9.671370        -9.659068        -9.658358        -9.647281
     -9.634121        -9.625192        -9.624243        -9.619702        -9.611708
     -9.604478        -9.570236        -9.544547        -9.540604        -9.531015
     -9.523225        -9.514767        -9.503911        -9.499315        -9.473911
     -9.470354        -9.465355        -9.456506        -9.448939        -9.448334
     -9.441558        -9.439848        -9.433937        -9.427581        -9.407256
     -9.405547        -9.388185        -9.370997        -9.366864        -9.339440
     -9.319053        -9.312105        -9.306776        -9.295162        -9.285669
     -9.283625        -9.266943        -9.259230        -9.243657        -9.213946
     -9.202447        -9.189131        -9.179552        -9.171435        -9.157921
     -9.136369        -9.124366        -9.108615        -9.105012        -9.097894
     -9.093784        -9.067556        -9.061620        -9.058825        -9.034944
     -9.023995        -9.017256        -8.999403        -8.991429        -8.966541
     -8.961467        -8.949905        -8.927290        -8.913723        -8.891750
     -8.881869        -8.856383        -8.829621        -8.818537        -8.810616
     -8.807407        -8.783853        -8.780157        -8.774864        -8.766063
     -8.757026        -8.732984        -8.711366        -8.689331        -8.678666
     -8.674703        -8.639033        -8.633554        -8.614791        -8.604988
     -8.593502        -8.578309        -8.557187        -8.549222        -8.532907
     -8.524410        -8.518731        -8.512525        -8.503790        -8.497906
     -8.484264        -8.472503        -8.466267        -8.456226        -8.446763
     -8.423497        -8.380926        -8.357926        -8.351403        -8.335122
     -8.324308        -8.321950        -8.312072        -8.304868        -8.299621
     -8.282500        -8.269952        -8.238646        -8.231537        -8.220152
     -8.198962        -8.129567        -8.109318        -8.089886        -8.052964
     -8.044568        -8.038353        -7.984099        -7.969857        -7.950686
     -7.908928        -7.893105        -7.866120        -7.856884        -7.834569
     -7.827951        -7.815106        -7.779284        -7.739608        -7.731039
     -7.725219        -7.711725        -7.706396        -7.693860        -7.681771
     -7.604219        -7.576764        -7.540474        -7.517143        -7.510163
     -7.483001        -7.463836        -7.446572        -7.434658        -7.374256
     -7.373398        -7.345777        -7.328286        -7.317847        -7.315726
     -7.303042        -7.297685        -7.290267        -7.280184        -7.271884
     -7.268302        -7.258141        -7.246120        -7.228284        -7.205014
     -7.196313        -7.190394        -7.179204        -7.167033        -7.163127
     -7.143829        -7.115456        -7.107163        -7.077079        -7.067422
     -7.055525        -7.045471        -7.034330        -7.014329        -6.989142
     -6.983542        -6.969724        -6.967462        -6.940742        -6.927903
     -6.919496        -6.882318        -6.869039        -6.860403        -6.838610
     -6.829270        -6.813321        -6.793712        -6.779793        -6.769199
     -6.757055        -6.746852        -6.723333        -6.717538        -6.709392
     -6.701608        -6.653705        -6.645591        -6.639667        -6.627665
     -6.618102        -6.613037        -6.606968        -6.601787        -6.601361
     -6.591684        -6.591082        -6.560515        -6.545382        -6.533780
     -6.527133        -6.521151        -6.518269        -6.503720        -6.496347
     -6.482211        -6.472897        -6.459479        -6.440561        -6.427469
     -6.418955        -6.407569        -6.405223        -6.383418        -6.378408
     -6.371148        -6.368571        -6.361269        -6.350423        -6.345985
     -6.338263        -6.326096        -6.311719        -6.294354        -6.277487
     -6.272475        -6.264141        -6.249752        -6.235961        -6.230818
     -6.216873        -6.212619        -6.206178        -6.202463        -6.194935
     -6.186353        -6.175002        -6.170009        -6.161921        -6.156631
     -6.134402        -6.121825        -6.118397        -6.104820        -6.079292
     -6.071312        -6.067678        -6.055744        -6.049832        -6.021635
     -6.011079        -6.006249        -6.003797        -5.992823        -5.990167
     -5.972525        -5.968103        -5.941732        -5.934675        -5.927433
     -5.911023        -5.907858        -5.901663        -5.898305        -5.891462
     -5.883250        -5.875406        -5.864108        -5.863592        -5.852209
     -5.842446        -5.832977        -5.829112        -5.821289        -5.819255
     -5.806238        -5.800243        -5.789064        -5.782962        -5.774845
     -5.767182        -5.754648        -5.749343        -5.735295        -5.731115
     -5.725908        -5.719992        -5.701554        -5.691790        -5.689767
     -5.681333        -5.671410        -5.668788        -5.662261        -5.657505
     -5.648400        -5.636728        -5.626626        -5.613441        -5.611802
     -5.604172        -5.596375        -5.591408        -5.587421        -5.583083
     -5.574860        -5.563437        -5.549687        -5.542198        -5.534932
     -5.528841        -5.521451        -5.513468        -5.508974        -5.498104
     -5.494902        -5.489163        -5.478046        -5.475267        -5.468467
     -5.464146        -5.454098        -5.441864        -5.439782        -5.431309
     -5.429815        -5.418457        -5.414621        -5.409534        -5.398276
     -5.390744        -5.377191        -5.372988        -5.367744        -5.365306
     -5.360372        -5.342542        -5.341633        -5.331740        -5.313823
     -5.302966        -5.301345        -5.290333        -5.286260        -5.281498
     -5.274201        -5.272172        -5.255412        -5.248411        -5.239215
     -5.232170        -5.216940        -5.208849        -5.201297        -5.185614
     -5.181317        -5.173591        -5.169123        -5.165811        -5.164760
     -5.159276        -5.158860        -5.156057        -5.140120        -5.138289
     -5.134569        -5.127490        -5.125584        -5.116833        -5.113360
     -5.096835        -5.088512        -5.081101        -5.068474        -5.060140
     -5.049254        -5.048123        -5.034444        -5.032968        -5.027642
     -5.000784        -4.998734        -4.994782        -4.982589        -4.975113
     -4.970464        -4.964460        -4.956826        -4.953489        -4.950838
     -4.937582        -4.933903        -4.927301        -4.925161        -4.921747
     -4.906348        -4.903402        -4.894952        -4.889197        -4.886976
     -4.878036        -4.872141        -4.867442        -4.862214        -4.851553
     -4.833691        -4.821871        -4.820857        -4.805329        -4.797889
     -4.792724        -4.782711        -4.780720        -4.776822        -4.769550
     -4.765382        -4.758974        -4.750776        -4.748115        -4.740932
     -4.730802        -4.723993        -4.712575        -4.709786        -4.706638
     -4.699358        -4.690422        -4.684665        -4.678734        -4.676629
     -4.672110        -4.648058        -4.646337        -4.643177        -4.623999
     -4.614573        -4.601592        -4.587571        -4.561634        -4.559372
     -4.550428        -4.537055        -4.533962        -4.520520        -4.514585
     -4.511881        -4.495012        -4.492396        -4.481054        -4.476293
     -4.462914        -4.448561        -4.442831        -4.433036        -4.422074
     -4.409965        -4.403077        -4.394032        -4.369723        -4.365154
     -4.314116        -4.306764        -4.303405        -4.298963        -4.298771
     -4.283061        -4.264660        -4.260831        -4.236624        -4.228114
     -4.215844        -4.189022        -4.171536        -4.139094        -4.135658
     -4.115347        -4.073090        -4.052915        -4.036558        -4.025156
     -4.017496        -3.975750        -3.970795        -3.894005        -3.877547
     -3.848505        -3.836189        -3.829861        -3.804293        -3.767183
     -3.684581        -3.601195        -3.598750        -3.590905        -3.567825
     -3.529540        -3.489570        -3.479547        -3.446916        -3.432491
     -3.417988        -3.405954        -3.383383        -3.365421        -3.355400
     -3.285950        -3.281529        -3.263139        -3.254309        -3.216861
     -3.206079        -3.175885        -3.165831        -3.151781        -3.146792
     -3.123605        -3.106304        -3.044426        -3.041367        -3.028537
     -3.016597        -3.003850        -2.997290        -2.983491        -2.957284
     -2.877303        -2.843706        -2.825949        -2.821463        -2.791559
     -2.781450        -2.700320        -2.697512        -2.694932        -2.685108
     -2.667474        -2.647703        -2.583715        -2.410491        -2.397876
      0.384335         0.558620         1.071378         1.161460         1.320388
      1.485204         1.507296         1.665156         1.689306         2.005159
      2.352055         2.683407         2.811755         2.883113         2.995024
      3.040478         3.152754         3.234047         3.264130         3.295897
      3.384827         3.425465         3.463844         3.481176         3.535697
      3.553352         3.629912         3.666352         3.681857         3.701589
      3.757179         3.798862         3.819711         3.847335         3.883863
      3.908884         3.934661         3.953817         3.972371         4.008083
      4.040274         4.090576         4.128254         4.174289         4.183651
      4.215181         4.232971         4.261644         4.300895         4.310905
      4.336373         4.369158         4.407479         4.443609         4.491771
      4.538801         4.582684         4.613627
 *********************************
 sum eigen(dbl occ, ryd)=  -1621.60818827376     
 *********************************
 Ef(eV)=  -1.27338366346098     
 ***************************************************
 iter=           8
 ---------------------------------------------------
 dvE, dvE(n)-dvE(n-1) = 0.3079E-03 0.3079E-03
 dv_ave, drho_tot     = 0.1755E-01 0.7131E-01
 err of ug            = 0.1082E-01
 ---------------------------------------------------
 Ewald        = -.40302743199754E+05
 Alpha        = 0.15207970391171E+04
 E_extV       = 0.00000000000000E+00    0.0000E+00
 E_NSC        = -.22452487073134E+05    0.9325E+03
 E[-rho*V_Hxc]= -.12372490859857E+06    -.8229E+03
 E_Hxc        = 0.52019133794705E+05    0.6577E+03
 -TS          = -.36032945552890E-26    0.7459E-21
 E_tot(eV)    = -.13294020803763E+06    0.1096E+03
 ---------------------------------------------------
 E_ion,E_coul,E_xc =   -225309.6109753   80577.1864953  -28558.0527006
Ewald+Hart+ion    -0.1850351676798E+06
 ave(vtot)=ave_(V_xc)=: v0= -0.290399641821688     
 Eigen energies are values after setting ave_vtot=0
 ----------------------------------
 One SCF use:    85.8596689701080       s
 *********************************
 ****** kpt=           1
 err of each states, eV
  0.413010E-01     0.408657E-01     0.411905E-01     0.389419E-01     0.360226E-01
  0.768207E-01     0.263488E-01     0.409018E-01     0.265661E-01     0.251880E-01
  0.638071E-01     0.400335E-01     0.281952E-01     0.244242E-01     0.378737E-01
  0.284476E-01     0.324729E-01     0.914934E-01     0.365032E-01     0.280294E-01
  0.321740E-01     0.337606E-01     0.261971E-01     0.255483E-01     0.386276E-01
  0.393178E-01     0.311524E-01     0.778103E-01     0.378585E-01     0.352821E-01
  0.377645E-01     0.263283E-01     0.244688E-01     0.378415E-01     0.726676E-01
  0.302064E-01     0.360332E-01     0.304131E-01     0.237135E-01     0.252986E-01
  0.387922E-01     0.300960E-01     0.832040E-01     0.763936E-01     0.368020E-01
  0.314011E-01     0.255936E-01     0.260366E-01     0.298308E-01     0.367701E-01
  0.321692E-01     0.814241E-01     0.245180E-01     0.296517E-01     0.295605E-01
  0.385836E-01     0.285154E-01     0.426450E-01     0.620974E-01     0.373066E-01
  0.292271E-01     0.343329E-01     0.292294E-01     0.305202E-01     0.329332E-01
  0.316682E-01     0.256261E-01     0.341002E-01     0.301760E-01     0.400656E-01
  0.267793E-01     0.319627E-01     0.279569E-01     0.292365E-01     0.840023E-01
  0.264379E-01     0.417038E-01     0.336410E-01     0.304906E-01     0.421474E-01
  0.303021E-01     0.627338E-01     0.307548E-01     0.487282E-01     0.295444E-01
  0.526482E-01     0.764493E-01     0.424311E-01     0.481504E-01     0.446858E-01
  0.249932E-01     0.417452E-01     0.403536E-01     0.408921E-01     0.440225E-01
  0.536902E-01     0.534685E-01     0.523857E-01     0.403780E-01     0.385422E-01
  0.309010E-01     0.292844E-01     0.394367E-01     0.315246E-01     0.728903E-01
  0.492124E-01     0.343272E-01     0.451787E-01     0.464575E-01     0.591908E-01
  0.349587E-01     0.486624E-01     0.505897E-01     0.380121E-01     0.438567E-01
  0.487191E-01     0.540783E-01     0.498355E-01     0.406237E-01     0.460079E-01
  0.631676E-01     0.274552E-01     0.453564E-01     0.446680E-01     0.471292E-01
  0.433548E-01     0.659995E-01     0.607288E-01     0.277260E-01     0.527619E-01
  0.434073E-01     0.290038E-01     0.475215E-01     0.486499E-01     0.120780E+00
  0.416334E-01     0.543533E-01     0.637682E-01     0.678721E-01     0.577524E-01
  0.948559E-01     0.121546E+00     0.522795E-01     0.498964E-01     0.440765E-01
  0.654855E-01     0.644738E-01     0.609756E-01     0.111914E+00     0.844118E-01
  0.107484E+00     0.657934E-01     0.118823E+00     0.119287E+00     0.118096E+00
  0.126186E+00     0.623971E-01     0.650199E-01     0.578295E-01     0.655903E-01
  0.889364E-01     0.489491E-01     0.843005E-01     0.795373E-01     0.925602E-01
  0.924437E-01     0.919370E-01     0.562427E-01     0.468360E-01     0.891204E-01
  0.598265E-01     0.766660E-01     0.885700E-01     0.883774E-01     0.936543E-01
  0.817643E-01     0.815739E-01     0.893360E-01     0.870489E-01     0.801993E-01
  0.888182E-01     0.900535E-01     0.897233E-01     0.863461E-01     0.866179E-01
  0.808108E-01     0.788609E-01     0.791875E-01     0.776601E-01     0.771920E-01
  0.117583E+00     0.103743E+00     0.100234E+00     0.112706E+00     0.101969E+00
  0.102866E+00     0.926940E-01     0.851635E-01     0.933515E-01     0.944894E-01
  0.111263E+00     0.109203E+00     0.100489E+00     0.844769E-01     0.962570E-01
  0.102539E+00     0.101613E+00     0.103964E+00     0.111963E+00     0.116506E+00
  0.106048E+00     0.102625E+00     0.974400E-01     0.103432E+00     0.975106E-01
  0.101903E+00     0.101198E+00     0.106789E+00     0.105046E+00     0.895132E-01
  0.103945E+00     0.984892E-01     0.103323E+00     0.987395E-01     0.954341E-01
  0.976966E-01     0.102217E+00     0.118941E+00     0.982750E-01     0.109657E+00
  0.975938E-01     0.923801E-01     0.219497E+00     0.203942E+00     0.846839E-01
  0.934721E-01     0.848554E-01     0.838167E-01     0.101273E+00     0.975121E-01
  0.872236E-01     0.853923E-01     0.834099E-01     0.924879E-01     0.196134E+00
  0.136973E+00     0.195375E+00     0.120516E+00     0.802483E-01     0.877787E-01
  0.118961E+00     0.221238E+00     0.123981E+00     0.125728E+00     0.120356E+00
  0.113633E+00     0.125445E+00     0.101117E+00     0.126276E+00     0.126008E+00
  0.125388E+00     0.119424E+00     0.111565E+00     0.115065E+00     0.123946E+00
  0.113708E+00     0.113137E+00     0.107775E+00     0.112123E+00     0.116102E+00
  0.122465E+00     0.125045E+00     0.129677E+00     0.100660E+00     0.987686E-01
  0.127330E+00     0.102548E+00     0.128463E+00     0.996846E-01     0.917134E-01
  0.116089E+00     0.102855E+00     0.992627E-01     0.106354E+00     0.106525E+00
  0.982746E-01     0.110872E+00     0.114493E+00     0.984671E-01     0.102782E+00
  0.109123E+00     0.112034E+00     0.957245E-01     0.133527E+00     0.160252E+00
  0.141855E+00     0.107696E+00     0.107426E+00     0.104998E+00     0.101614E+00
  0.113390E+00     0.129834E+00     0.103044E+00     0.113232E+00     0.116587E+00
  0.123761E+00     0.138216E+00     0.117399E+00     0.128534E+00     0.115996E+00
  0.104578E+00     0.109520E+00     0.887410E-01     0.105015E+00     0.105925E+00
  0.104736E+00     0.110546E+00     0.105551E+00     0.121148E+00     0.766472E-01
  0.121958E+00     0.121479E+00     0.991545E-01     0.994394E-01     0.121730E+00
  0.892032E-01     0.115483E+00     0.118359E+00     0.114434E+00     0.119070E+00
  0.818628E-01     0.116538E+00     0.145504E+00     0.107708E+00     0.118103E+00
  0.121741E+00     0.104343E+00     0.121026E+00     0.122452E+00     0.131408E+00
  0.128493E+00     0.128884E+00     0.123401E+00     0.115491E+00     0.127953E+00
  0.119040E+00     0.982421E-01     0.108148E+00     0.107798E+00     0.107988E+00
  0.106674E+00     0.106370E+00     0.108412E+00     0.118230E+00     0.109787E+00
  0.112753E+00     0.110430E+00     0.118577E+00     0.933223E-01     0.102762E+00
  0.100968E+00     0.104088E+00     0.139704E+00     0.131598E+00     0.937928E-01
  0.107266E+00     0.878419E-01     0.901284E-01     0.953213E-01     0.993868E-01
  0.994615E-01     0.108599E+00     0.939006E-01     0.945367E-01     0.100727E+00
  0.104983E+00     0.903026E-01     0.124714E+00     0.973210E-01     0.101533E+00
  0.945573E-01     0.968559E-01     0.885284E-01     0.102819E+00     0.110722E+00
  0.104033E+00     0.103804E+00     0.101814E+00     0.102477E+00     0.941110E-01
  0.106291E+00     0.999110E-01     0.787160E-01     0.115401E+00     0.128181E+00
  0.115302E+00     0.111495E+00     0.104764E+00     0.848209E-01     0.856595E-01
  0.874391E-01     0.845967E-01     0.951796E-01     0.666588E-01     0.119590E+00
  0.933586E-01     0.102715E+00     0.159521E+00     0.144698E+00     0.112087E+00
  0.100515E+00     0.110931E+00     0.708666E-01     0.786107E-01     0.854115E-01
  0.103471E+00     0.799955E-01     0.811767E-01     0.839005E-01     0.120658E+00
  0.111028E+00     0.121742E+00     0.103399E+00     0.897613E-01     0.810137E-01
  0.857652E-01     0.883209E-01     0.933205E-01     0.946035E-01     0.855330E-01
  0.114525E+00     0.823950E-01     0.717254E-01     0.810482E-01     0.102847E+00
  0.101635E+00     0.100513E+00     0.826601E-01     0.109225E+00     0.812602E-01
  0.961891E-01     0.888431E-01     0.885940E-01     0.889951E-01     0.940230E-01
  0.117793E+00     0.848794E-01     0.154032E+00     0.912239E-01     0.912085E-01
  0.968485E-01     0.800301E-01     0.829703E-01     0.102118E+00     0.906207E-01
  0.799372E-01     0.835246E-01     0.936746E-01     0.971295E-01     0.155935E+00
  0.122689E+00     0.159067E+00     0.110169E+00     0.940599E-01     0.965851E-01
  0.986991E-01     0.989404E-01     0.110860E+00     0.988609E-01     0.117458E+00
  0.934025E-01     0.873248E-01     0.965521E-01     0.915592E-01     0.972399E-01
  0.929710E-01     0.827521E-01     0.904517E-01     0.135125E+00     0.130615E+00
  0.883655E-01     0.774742E-01     0.965393E-01     0.933873E-01     0.792168E-01
  0.128046E+00     0.124790E+00     0.136873E+00     0.808135E-01     0.105050E+00
  0.959727E-01     0.969561E-01     0.821456E-01     0.902480E-01     0.956081E-01
  0.107330E+00     0.918611E-01     0.100096E+00     0.685254E-01     0.106400E+00
  0.124596E+00     0.119625E+00     0.103559E+00     0.122994E+00     0.116799E+00
  0.127810E+00     0.119952E+00     0.115483E+00     0.108623E+00     0.893443E-01
  0.929520E-01     0.113653E+00     0.115305E+00     0.109120E+00     0.996399E-01
  0.113175E+00     0.122317E+00     0.115668E+00     0.129988E+00     0.120898E+00
  0.111314E+00     0.110594E+00     0.112865E+00     0.120793E+00     0.110351E+00
  0.123531E+00     0.125748E+00     0.131685E+00     0.114969E+00     0.120836E+00
  0.117199E+00     0.140753E+00     0.107498E+00     0.109650E+00     0.122143E+00
  0.107281E+00     0.101607E+00     0.123790E+00     0.121927E+00     0.915981E-01
  0.941774E-01     0.989739E-01     0.122893E+00     0.989164E-01     0.123696E+00
  0.805079E-01     0.109374E+00     0.123221E+00     0.108904E+00     0.119519E+00
  0.126862E+00     0.818889E-01     0.934966E-01     0.775381E-01     0.138249E+00
  0.124208E+00     0.119633E+00     0.100049E+00     0.914501E-01     0.117514E+00
  0.144997E+00     0.111571E+00     0.119855E+00     0.109532E+00     0.100111E+00
  0.110870E+00     0.950905E-01     0.134294E+00     0.121024E+00     0.103407E+00
  0.103200E+00     0.102959E+00     0.119334E+00     0.124347E+00     0.124263E+00
  0.119927E+00     0.106112E+00     0.120050E+00     0.109826E+00     0.971964E-01
  0.124180E+00     0.109373E+00     0.101436E+00     0.899019E-01     0.101185E+00
  0.106086E+00     0.106819E+00     0.923642E-01     0.109525E+00     0.840922E-01
  0.903736E-01     0.106842E+00     0.112291E+00     0.859780E-01     0.940479E-01
  0.898369E-01     0.106404E+00     0.993123E-01     0.948486E-01     0.938048E-01
  0.106899E+00     0.844585E-01     0.957324E-01     0.112250E+00     0.913416E-01
  0.960137E-01     0.868365E-01     0.850034E-01     0.101691E+00     0.806364E-01
  0.103891E+00     0.910670E-01     0.976064E-01     0.977816E-01     0.911865E-01
  0.101699E+00     0.117819E+00     0.103127E+00     0.972238E-01     0.964790E-01
  0.115911E+00     0.102114E+00     0.765396E-01     0.927435E-01     0.781445E-01
  0.913569E-01     0.840898E-01     0.815535E-01     0.126056E+00     0.707036E-01
  0.150504E+00     0.122325E+00     0.121594E+00     0.918747E-01     0.101401E+00
  0.885135E-01     0.113480E+00     0.108877E+00     0.790759E-01     0.101965E+00
  0.102785E+00     0.917884E-01     0.101678E+00     0.961044E-01     0.105716E+00
  0.103099E+00     0.104857E+00     0.888633E-01     0.116139E+00     0.109534E+00
  0.117515E+00     0.115129E+00     0.107755E+00     0.980541E-01     0.107042E+00
  0.101948E+00     0.113909E+00     0.123730E+00     0.109256E+00     0.113169E+00
  0.887698E-01     0.912393E-01     0.913710E-01     0.111169E+00     0.104748E+00
  0.105027E+00     0.136350E+00     0.875668E-01     0.900509E-01     0.911025E-01
  0.112738E+00     0.741233E-01     0.111005E+00     0.665703E-01     0.739760E-01
  0.743737E-01     0.708363E-01     0.729473E-01     0.798534E-01     0.724686E-01
  0.846124E-01     0.713141E-01     0.751360E-01     0.104701E+00     0.778697E-01
  0.734716E-01     0.718061E-01     0.801433E-01     0.848401E-01     0.955216E-01
  0.739035E-01     0.105375E+00     0.834768E-01     0.778016E-01     0.101601E+00
  0.961705E-01     0.105152E+00     0.741021E-01     0.986337E-01     0.684675E-01
  0.885401E-01     0.855376E-01     0.715142E-01     0.953566E-01     0.680872E-01
  0.716285E-01     0.706268E-01     0.771285E-01     0.120006E+00     0.877527E-01
  0.896392E-01     0.106952E+00     0.873481E-01     0.101652E+00     0.819860E-01
  0.861766E-01     0.865170E-01     0.634514E-01     0.785684E-01     0.111759E+00
  0.102855E+00     0.850388E-01     0.804493E-01     0.849736E-01     0.782853E-01
  0.593243E-01     0.755698E-01     0.761968E-01     0.906655E-01     0.897686E-01
  0.810123E-01     0.921324E-01     0.676940E-01     0.816126E-01     0.724886E-01
  0.855014E-01     0.690528E-01     0.842074E-01     0.753839E-01     0.655589E-01
  0.695070E-01     0.848486E-01     0.762119E-01     0.655884E-01     0.103981E+00
  0.913887E-01     0.554864E-01     0.838493E-01     0.965676E-01     0.690055E-01
  0.854549E-01     0.671618E-01     0.726414E-01     0.891085E-01     0.836146E-01
  0.806552E-01     0.973518E-01     0.901695E-01     0.847023E-01     0.705243E-01
  0.605707E-01     0.855586E-01     0.769496E-01     0.875539E-01     0.738972E-01
  0.897636E-01     0.767331E-01     0.812379E-01     0.105223E+00     0.916633E-01
  0.953464E-01     0.811507E-01     0.818120E-01     0.838464E-01     0.772480E-01
  0.751786E-01     0.761731E-01     0.925599E-01     0.724548E-01     0.715241E-01
  0.874712E-01     0.990650E-01     0.935150E-01     0.103118E+00     0.112321E+00
  0.874134E-01     0.115510E+00     0.988899E-01     0.958720E-01     0.965148E-01
  0.889708E-01     0.101779E+00     0.800482E-01     0.816774E-01     0.933224E-01
  0.940851E-01     0.985307E-01     0.778475E-01     0.690073E-01     0.956816E-01
  0.912590E-01     0.679773E-01     0.954657E-01     0.790187E-01     0.888909E-01
  0.616535E-01     0.669557E-01     0.661706E-01     0.691449E-01     0.584476E-01
  0.629629E-01     0.984413E-01     0.665711E-01     0.770715E-01     0.731404E-01
  0.899383E-01     0.118071E+00     0.107770E+00     0.858391E-01     0.746148E-01
  0.116489E+00     0.648464E-01     0.878925E-01     0.119830E+00     0.654594E-01
  0.114124E+00     0.890990E-01     0.708823E-01     0.798524E-01     0.974461E-01
  0.752888E-01     0.579878E-01     0.757665E-01     0.738627E-01     0.712418E-01
  0.913401E-01     0.143883E+00     0.664893E-01     0.742871E-01     0.857631E-01
  0.627879E-01     0.134102E+00     0.964424E-01     0.995004E-01     0.672982E-01
  0.939350E-01     0.759865E-01     0.784199E-01     0.109175E+00     0.686041E-01
  0.108330E+00     0.110450E+00     0.884369E-01     0.110019E+00     0.897644E-01
  0.961165E-01     0.744560E-01     0.944441E-01     0.919451E-01     0.105331E+00
  0.110344E+00     0.118920E+00     0.112935E+00     0.979977E-01     0.949329E-01
  0.894780E-01     0.900009E-01     0.972021E-01     0.973621E-01     0.832564E-01
  0.906379E-01     0.941094E-01     0.893688E-01     0.105247E+00     0.823590E-01
  0.796423E-01     0.858077E-01     0.102072E+00     0.125283E+00     0.734924E-01
  0.102577E+00     0.112275E+00     0.116771E+00     0.108997E+00     0.111242E+00
  0.107265E+00     0.101794E+00     0.112597E+00     0.108283E+00     0.108954E+00
  0.103338E+00     0.112147E+00     0.104614E+00     0.106255E+00     0.103509E+00
  0.103748E+00     0.101928E+00     0.115342E+00     0.110255E+00     0.109069E+00
  0.101870E+00     0.100848E+00     0.105756E+00     0.110137E+00     0.117785E+00
  0.120023E+00     0.106425E+00     0.107329E+00     0.110755E+00     0.110254E+00
  0.109258E+00     0.113123E+00     0.105718E+00     0.109205E+00     0.100336E+00
  0.119406E+00     0.137863E+00     0.109521E+00     0.110510E+00     0.139374E+00
  0.108615E+00     0.111713E+00     0.105515E+00     0.900872E-01     0.108398E+00
  0.112137E+00     0.123719E+00     0.928228E-01     0.103173E+00     0.130623E+00
  0.974602E-01     0.970830E-01     0.130235E+00     0.833432E-01     0.112990E+00
  0.990339E-01     0.152036E+00     0.112652E+00     0.134658E+00     0.112578E+00
  0.115985E+00     0.109917E+00     0.136447E+00     0.143945E+00     0.785486E-01
  0.135725E+00     0.125230E+00     0.114590E+00     0.114857E+00     0.128214E+00
  0.148752E+00     0.147983E+00     0.128841E+00     0.116389E+00     0.123698E+00
  0.107614E+00     0.152854E+00     0.145840E+00     0.137603E+00     0.140472E+00
  0.153505E+00     0.109555E+00     0.129250E+00     0.123448E+00     0.138822E+00
  0.145103E+00     0.137358E+00     0.140166E+00     0.110040E+00     0.135464E+00
  0.459065E-01     0.110877E+00     0.998837E-01     0.968284E-01     0.982324E-01
  0.102796E+00     0.736245E-01     0.721878E-01     0.114389E+00     0.822513E-01
  0.292868E+00     0.518216E+00     0.400860E+00     0.520688E+00     0.298616E+00
  0.265455E+00     0.424272E+00     0.465061E+00     0.439865E+00     0.316442E+00
  0.387727E+00     0.345191E+00     0.406863E+00     0.755003E+00     0.380916E+00
  0.424927E+00     0.641000E+00     0.560944E+00     0.643829E+00     0.747310E+00
  0.525988E+00     0.735761E+00     0.523864E+00     0.685437E+00     0.759172E+00
  0.539302E+00     0.920158E+00     0.679346E+00     0.782269E+00     0.859596E+00
  0.841246E+00     0.674319E+00     0.892158E+00     0.922098E+00     0.771473E+00
  0.104074E+01     0.860803E+00     0.927770E+00     0.979251E+00     0.106327E+01
  0.812369E+00     0.986588E+00     0.907172E+00     0.110308E+01     0.130669E+01
  0.133754E+01     0.106054E+01     0.109233E+01
 eigen energies, in ev
    -46.639196       -46.584490       -46.191113       -45.937130       -45.693938
    -29.506615       -28.806213       -28.688034       -28.608269       -28.484310
    -28.430070       -28.403458       -28.354952       -28.308169       -28.239055
    -28.210554       -28.196099       -28.141141       -28.115546       -28.088490
    -28.073149       -28.063959       -28.042392       -27.984378       -27.965040
    -27.959472       -27.950746       -27.930702       -27.914789       -27.907857
    -27.859697       -27.843946       -27.803600       -27.696264       -27.654181
    -27.649071       -27.617834       -27.609632       -27.584882       -27.571354
    -27.548351       -27.541479       -27.526622       -27.498142       -27.448413
    -27.424493       -27.416580       -27.406169       -27.381700       -27.370048
    -27.354118       -27.338488       -27.263178       -27.232592       -27.227698
    -27.168498       -27.156770       -27.119507       -27.116011       -27.084689
    -27.058645       -27.030231       -27.002470       -26.995636       -26.959373
    -26.950445       -26.946646       -26.898660       -26.863271       -26.789857
    -26.767657       -26.719872       -26.653041       -26.592611       -26.577771
    -26.533130       -26.473768       -26.456881       -26.447991       -26.405725
    -26.357369       -26.299593       -26.281368       -26.257887       -26.221944
    -26.212385       -26.182191       -26.135331       -26.105326       -26.078661
    -26.069782       -26.028483       -25.991390       -25.991356       -25.954606
    -25.938275       -25.890877       -25.871777       -25.847242       -25.830224
    -25.806818       -25.801278       -25.769515       -25.740617       -25.726575
    -25.703939       -25.701268       -25.678894       -25.656980       -25.645904
    -25.639008       -25.636446       -25.628408       -25.626602       -25.567464
    -25.554954       -25.550198       -25.472473       -25.452074       -25.428659
    -25.417832       -25.391013       -25.381226       -25.373361       -25.339754
    -25.339484       -25.306548       -25.303710       -25.278805       -25.253491
    -25.252414       -25.193843       -25.161382       -25.118639       -25.087203
    -25.081118       -25.021385       -25.005124       -24.997181       -24.963782
    -24.951646       -24.893303       -24.818714       -24.758724       -24.740910
    -24.707463       -24.620911       -24.517111       -24.463096       -24.239716
    -24.107134       -24.068306       -23.919866       -23.728421       -23.393186
    -23.120592       -23.081350       -22.969178       -22.950910       -22.927344
    -22.812192       -22.801474       -22.786923       -22.757187       -22.688704
    -22.681136       -22.674880       -22.638576       -22.636773       -22.601775
    -22.582462       -22.518915       -22.382552       -22.306113       -22.238348
    -22.162988       -22.007670       -21.963783       -21.940696       -21.931729
    -21.837380       -21.772399       -21.739977       -21.691453       -21.633173
    -21.565332       -21.512935       -21.395362       -21.084933       -20.750078
    -20.032420       -19.423740       -19.021155       -18.951729       -18.500161
    -17.364030       -16.713771       -16.605137       -16.522427       -16.509323
    -16.309410       -16.237498       -16.215620       -16.162229       -16.137459
    -16.106260       -16.016320       -15.662199       -15.598281       -15.593286
    -15.588328       -15.544261       -15.459267       -15.409336       -15.405383
    -15.368036       -15.290527       -15.241734       -15.239631       -15.067368
    -14.998158       -14.963898       -14.946866       -14.923798       -14.910852
    -14.901742       -14.857768       -14.813055       -14.793538       -14.788768
    -14.726811       -14.689786       -14.686474       -14.592782       -14.537943
    -14.429586       -14.297228       -14.288499       -14.250294       -14.245852
    -14.198253       -14.152116       -14.125294       -14.043315       -14.040030
    -13.957787       -13.947760       -13.907721       -13.807086       -13.722027
    -13.694700       -13.680779       -13.283488       -13.226767       -13.206532
    -13.153830       -13.088003       -13.074147       -13.008050       -12.971617
    -12.947836       -12.946425       -12.841535       -12.815557       -12.773087
    -12.744670       -12.711625       -12.669289       -12.650756       -12.626859
    -12.514271       -12.466566       -12.449000       -12.433351       -12.396877
    -12.393651       -12.169297       -12.104006       -12.053810       -12.023556
    -11.933413       -11.886836       -11.835598       -11.814391       -11.785029
    -11.671661       -11.657288       -11.637829       -11.612055       -11.575310
    -11.567056       -11.553376       -11.548605       -11.524786       -11.503650
    -11.489113       -11.416884       -11.393355       -11.365568       -11.334257
    -11.312002       -11.296219       -11.252154       -11.201371       -11.168653
    -11.152427       -11.146199       -11.135969       -11.104621       -11.061520
    -11.040498       -11.016714       -10.979267       -10.966260       -10.937989
    -10.920295       -10.887999       -10.864084       -10.794080       -10.787422
    -10.751490       -10.724322       -10.718540       -10.623054       -10.593251
    -10.567345       -10.556333       -10.536474       -10.462316       -10.435972
    -10.407267       -10.386452       -10.385542       -10.369836       -10.353498
    -10.320037       -10.301789       -10.274953       -10.269639       -10.267545
    -10.262478       -10.261420       -10.220961       -10.218016       -10.196383
    -10.176793       -10.159979       -10.145432       -10.135116       -10.126947
    -10.112080       -10.102667       -10.094357       -10.073493       -10.071131
    -10.062897       -10.054109       -10.053598       -10.022138       -10.010043
    -10.002738        -9.978166        -9.967557        -9.966788        -9.932611
     -9.919846        -9.906853        -9.894283        -9.882689        -9.874469
     -9.861626        -9.858861        -9.857942        -9.846140        -9.842863
     -9.836759        -9.830376        -9.806100        -9.794334        -9.791790
     -9.785302        -9.773271        -9.771945        -9.749196        -9.740035
     -9.714758        -9.683528        -9.679957        -9.675407        -9.672818
     -9.637949        -9.594555        -9.593217        -9.583111        -9.571079
     -9.557463        -9.540311        -9.531677        -9.517434        -9.513896
     -9.490376        -9.483419        -9.480302        -9.470767        -9.455868
     -9.446126        -9.439359        -9.431179        -9.423266        -9.416564
     -9.406502        -9.382149        -9.356102        -9.352690        -9.336995
     -9.323096        -9.318519        -9.296212        -9.284347        -9.269910
     -9.268416        -9.258261        -9.248360        -9.243635        -9.231537
     -9.227354        -9.218397        -9.210389        -9.197766        -9.182222
     -9.179915        -9.171081        -9.156756        -9.143968        -9.138199
     -9.134210        -9.126795        -9.121696        -9.117351        -9.095735
     -9.088472        -9.084651        -9.072056        -9.059960        -9.054806
     -9.049660        -9.034680        -9.025282        -9.010915        -9.005896
     -8.999075        -8.984398        -8.976956        -8.969781        -8.934896
     -8.929971        -8.911351        -8.907630        -8.900276        -8.890718
     -8.880663        -8.864730        -8.854162        -8.841163        -8.833322
     -8.812346        -8.797702        -8.794499        -8.789887        -8.773387
     -8.751001        -8.745789        -8.727168        -8.710272        -8.699993
     -8.688123        -8.679209        -8.666050        -8.649419        -8.642929
     -8.630349        -8.617277        -8.592493        -8.585355        -8.582955
     -8.557438        -8.550655        -8.543012        -8.521004        -8.511126
     -8.489059        -8.473086        -8.448006        -8.434144        -8.432226
     -8.421184        -8.409799        -8.400398        -8.372324        -8.367774
     -8.348543        -8.329913        -8.317374        -8.299642        -8.285430
     -8.246105        -8.241952        -8.220525        -8.217194        -8.191143
     -8.184107        -8.181016        -8.161855        -8.156502        -8.146849
     -8.136031        -8.123772        -8.081660        -7.972849        -7.955690
     -7.940295        -7.885663        -7.848499        -7.839871        -7.830921
     -7.796786        -7.789153        -7.775204        -7.755174        -7.730134
     -7.654078        -7.629633        -7.613552        -7.541682        -7.524494
     -7.521324        -7.487049        -7.462243        -7.459743        -7.427036
     -7.412434        -7.384437        -7.343201        -7.332382        -7.320968
     -7.264588        -7.223689        -7.218697        -7.168104        -7.158191
     -7.145083        -7.105741        -7.095127        -7.075448        -7.038103
     -7.032247        -7.026532        -6.977803        -6.971119        -6.940565
     -6.934640        -6.923352        -6.919006        -6.894280        -6.867930
     -6.851776        -6.849024        -6.838376        -6.831413        -6.819522
     -6.794169        -6.785317        -6.772821        -6.765810        -6.754996
     -6.735005        -6.716759        -6.694249        -6.690638        -6.675456
     -6.668590        -6.650023        -6.643081        -6.624407        -6.619906
     -6.614804        -6.606507        -6.587290        -6.573795        -6.559289
     -6.539861        -6.538549        -6.528842        -6.513847        -6.510787
     -6.502604        -6.495316        -6.478660        -6.474273        -6.458361
     -6.452081        -6.445363        -6.443882        -6.434082        -6.425137
     -6.409558        -6.395910        -6.380032        -6.373057        -6.367419
     -6.355436        -6.346436        -6.341891        -6.335804        -6.323216
     -6.318378        -6.312195        -6.305625        -6.286251        -6.278657
     -6.278312        -6.263809        -6.246502        -6.228279        -6.219900
     -6.203180        -6.196248        -6.182824        -6.179312        -6.173147
     -6.159419        -6.155038        -6.152124        -6.128231        -6.119610
     -6.103532        -6.093570        -6.084837        -6.074481        -6.067511
     -6.060244        -6.050404        -6.047903        -6.037243        -6.035125
     -6.020489        -6.007789        -6.004141        -6.000235        -5.987882
     -5.987026        -5.978971        -5.971327        -5.956902        -5.953519
     -5.944630        -5.931995        -5.925001        -5.920867        -5.902921
     -5.898290        -5.897366        -5.889129        -5.884015        -5.868535
     -5.862396        -5.853583        -5.839161        -5.829135        -5.824001
     -5.819103        -5.807567        -5.806294        -5.774131        -5.768468
     -5.756657        -5.748358        -5.741721        -5.730253        -5.727262
     -5.716545        -5.709910        -5.696804        -5.696108        -5.664053
     -5.661882        -5.654851        -5.647936        -5.646306        -5.638409
     -5.632548        -5.629026        -5.616136        -5.610917        -5.605135
     -5.597139        -5.591341        -5.581496        -5.571553        -5.565558
     -5.553297        -5.540369        -5.537026        -5.526379        -5.522513
     -5.514565        -5.507812        -5.497739        -5.495479        -5.490499
     -5.477094        -5.472294        -5.464680        -5.448845        -5.440925
     -5.435998        -5.422646        -5.420213        -5.418632        -5.411933
     -5.407605        -5.398352        -5.386739        -5.377133        -5.370756
     -5.363752        -5.361240        -5.359095        -5.355453        -5.350163
     -5.347425        -5.340439        -5.334145        -5.327824        -5.323730
     -5.318472        -5.301980        -5.299656        -5.292804        -5.286639
     -5.283967        -5.278884        -5.272349        -5.264561        -5.262894
     -5.254389        -5.247383        -5.244349        -5.237901        -5.220012
     -5.217415        -5.213603        -5.202889        -5.193447        -5.186564
     -5.175361        -5.173081        -5.158487        -5.151958        -5.138836
     -5.124350        -5.122560        -5.108902        -5.102818        -5.094067
     -5.083451        -5.072377        -5.063478        -5.055068        -5.047550
     -5.039250        -5.027620        -5.019701        -5.017723        -5.011552
     -5.007590        -4.996629        -4.994115        -4.986672        -4.976701
     -4.974839        -4.969568        -4.957620        -4.954100        -4.947523
     -4.938066        -4.933712        -4.921048        -4.919610        -4.918164
     -4.908604        -4.904534        -4.898196        -4.888057        -4.880076
     -4.866803        -4.865340        -4.861867        -4.852550        -4.848610
     -4.840278        -4.830523        -4.830478        -4.822256        -4.813880
     -4.804738        -4.784676        -4.779612        -4.768277        -4.764897
     -4.759646        -4.756959        -4.751057        -4.746076        -4.744732
     -4.738399        -4.733652        -4.731175        -4.720980        -4.712993
     -4.707454        -4.688120        -4.685479        -4.672464        -4.664718
     -4.663949        -4.658830        -4.653788        -4.639336        -4.635462
     -4.630538        -4.626397        -4.616993        -4.606257        -4.602545
     -4.596081        -4.594871        -4.584961        -4.578159        -4.572808
     -4.551976        -4.547145        -4.532572        -4.525421        -4.520747
     -4.512590        -4.507794        -4.479904        -4.466662        -4.458805
     -4.452387        -4.440382        -4.433167        -4.419671        -4.415176
     -4.406046        -4.394507        -4.375364        -4.371647        -4.350937
     -4.336186        -4.321656        -4.316200        -4.298453        -4.289693
     -4.278480        -4.262300        -4.247798        -4.237847        -4.227235
     -4.217771        -4.198316        -4.186780        -4.165950        -4.159472
     -4.147292        -4.125576        -4.120350        -4.099616        -4.074746
     -4.052799        -4.018150        -4.010600        -3.998511        -3.950188
     -3.944854        -3.902568        -3.889587        -3.871072        -3.861512
     -3.851324        -3.844957        -3.843974        -3.819843        -3.810951
     -3.785980        -3.763348        -3.746318        -3.736403        -3.721414
     -3.713902        -3.694250        -3.688976        -3.681304        -3.652237
     -3.639597        -3.630762        -3.628788        -3.607072        -3.597160
     -3.583422        -3.581779        -3.555168        -3.545693        -3.528941
     -3.475002        -3.469456        -3.427225        -3.376922        -3.375897
     -3.365763        -3.315575        -3.271252        -3.239182        -3.229825
     -3.222662        -3.218035        -3.166309        -3.149926        -3.107829
     -3.078407        -3.076626        -3.047333        -3.000361        -2.978958
     -2.954796        -2.948048        -2.930389        -2.906971        -2.880682
     -2.876781        -2.841391        -2.787963        -2.783647        -2.747926
     -2.733830        -2.680691        -2.663450        -2.659772        -2.634810
     -2.606183        -2.595561        -2.578863        -2.555114        -2.515803
     -2.503904        -2.486157        -2.426744        -2.408180        -2.395677
     -2.392086        -2.328343        -2.272792        -2.267382        -2.229661
     -2.224110        -2.218859        -2.210985        -2.105622        -1.999947
      0.725410         0.843136         1.399127         1.465704         1.651523
      1.829287         1.842688         2.037198         2.073727         2.356172
      2.461931         2.717783         2.858643         2.968227         3.071907
      3.193275         3.280260         3.322856         3.375007         3.405601
      3.509063         3.570087         3.581463         3.606380         3.669058
      3.690993         3.709823         3.749040         3.768895         3.795093
      3.856689         3.868633         3.940975         3.949294         3.968033
      4.016302         4.030501         4.037418         4.102144         4.119923
      4.161972         4.188564         4.210028         4.244896         4.297831
      4.322595         4.344289         4.371802         4.396385         4.421989
      4.484588         4.536348         4.554131         4.609517         4.615365
      4.674637         4.742086         4.776021
 *********************************
 sum eigen(dbl occ, ryd)=  -1577.72654729376     
 *********************************
 Ef(eV)= -0.863058845074308     
 ***************************************************
 iter=           9
 ---------------------------------------------------
 dvE, dvE(n)-dvE(n-1) = 0.2003E-03 -.1077E-03
 dv_ave, drho_tot     = 0.1415E-01 0.3051E-01
 err of ug            = 0.6790E-02
 ---------------------------------------------------
 Ewald        = -.40302743199754E+05
 Alpha        = 0.15207970391171E+04
 E_extV       = 0.00000000000000E+00    0.0000E+00
 E_NSC        = -.21872807687984E+05    0.5797E+03
 E[-rho*V_Hxc]= -.12468817596924E+06    -.5453E+03
 E_Hxc        = 0.52437135489832E+05    0.4180E+03
 -TS          = -.43661103968239E-26    -.7628E-27
 E_tot(eV)    = -.13290579432802E+06    0.3441E+02
 ---------------------------------------------------
 E_ion,E_coul,E_xc =   -226137.1228571   81181.9113551  -28744.7758653
Ewald+Hart+ion    -0.1852579547018E+06
 ave(vtot)=ave_(V_xc)=: v0= -0.288448424249227     
 Eigen energies are values after setting ave_vtot=0
 ----------------------------------
 One SCF use:    85.8922832012177       s
 *********************************
 ****** kpt=           1
 err of each states, eV
  0.190496E-01     0.171189E-01     0.180192E-01     0.187835E-01     0.154673E-01
  0.258091E-01     0.147935E-01     0.150849E-01     0.156307E-01     0.231087E-01
  0.186460E-01     0.137779E-01     0.126175E-01     0.150999E-01     0.166781E-01
  0.205936E-01     0.153582E-01     0.145245E-01     0.301319E-01     0.142313E-01
  0.182079E-01     0.165763E-01     0.155337E-01     0.149305E-01     0.172198E-01
  0.141445E-01     0.272549E-01     0.151475E-01     0.150855E-01     0.168547E-01
  0.166146E-01     0.166040E-01     0.143594E-01     0.161860E-01     0.261230E-01
  0.173554E-01     0.173026E-01     0.119176E-01     0.115212E-01     0.270744E-01
  0.161911E-01     0.273348E-01     0.138155E-01     0.157311E-01     0.131069E-01
  0.128412E-01     0.154984E-01     0.151762E-01     0.155169E-01     0.274003E-01
  0.170816E-01     0.191363E-01     0.141824E-01     0.134979E-01     0.173649E-01
  0.199285E-01     0.151069E-01     0.256970E-01     0.146932E-01     0.158998E-01
  0.163608E-01     0.194408E-01     0.223855E-01     0.210609E-01     0.167688E-01
  0.170379E-01     0.165303E-01     0.158163E-01     0.285360E-01     0.202254E-01
  0.146298E-01     0.158770E-01     0.211116E-01     0.141543E-01     0.289078E-01
  0.298986E-01     0.216987E-01     0.160574E-01     0.316875E-01     0.245949E-01
  0.281816E-01     0.179850E-01     0.158296E-01     0.291616E-01     0.278241E-01
  0.191229E-01     0.271368E-01     0.284891E-01     0.253346E-01     0.269199E-01
  0.281507E-01     0.334173E-01     0.297947E-01     0.271111E-01     0.318472E-01
  0.212677E-01     0.332820E-01     0.279149E-01     0.324910E-01     0.357047E-01
  0.256281E-01     0.328578E-01     0.295819E-01     0.222507E-01     0.207991E-01
  0.305786E-01     0.234534E-01     0.298358E-01     0.304729E-01     0.298121E-01
  0.306174E-01     0.300663E-01     0.303537E-01     0.328909E-01     0.284240E-01
  0.294996E-01     0.252895E-01     0.308155E-01     0.316051E-01     0.311817E-01
  0.237344E-01     0.291180E-01     0.285253E-01     0.324928E-01     0.362957E-01
  0.190790E-01     0.297449E-01     0.234035E-01     0.293077E-01     0.322691E-01
  0.289501E-01     0.322500E-01     0.280253E-01     0.327730E-01     0.338932E-01
  0.386053E-01     0.312040E-01     0.304977E-01     0.297876E-01     0.393664E-01
  0.279637E-01     0.294087E-01     0.395698E-01     0.358790E-01     0.329025E-01
  0.375245E-01     0.354935E-01     0.340664E-01     0.297964E-01     0.367685E-01
  0.351047E-01     0.386676E-01     0.487772E-01     0.398684E-01     0.398393E-01
  0.410855E-01     0.256377E-01     0.299067E-01     0.469232E-01     0.290853E-01
  0.316208E-01     0.399030E-01     0.365136E-01     0.399569E-01     0.406986E-01
  0.257941E-01     0.329365E-01     0.419471E-01     0.416490E-01     0.325049E-01
  0.419100E-01     0.323946E-01     0.437003E-01     0.417229E-01     0.311525E-01
  0.239905E-01     0.210829E-01     0.329579E-01     0.243069E-01     0.242331E-01
  0.305275E-01     0.314212E-01     0.302582E-01     0.335996E-01     0.327409E-01
  0.256345E-01     0.230653E-01     0.257479E-01     0.247196E-01     0.243332E-01
  0.293883E-01     0.272248E-01     0.269343E-01     0.263762E-01     0.238741E-01
  0.238223E-01     0.217825E-01     0.204737E-01     0.362065E-01     0.201714E-01
  0.242880E-01     0.275273E-01     0.212901E-01     0.211876E-01     0.200070E-01
  0.204696E-01     0.236327E-01     0.287770E-01     0.265081E-01     0.290068E-01
  0.269063E-01     0.276839E-01     0.290434E-01     0.261886E-01     0.265462E-01
  0.293509E-01     0.288126E-01     0.290786E-01     0.352906E-01     0.237791E-01
  0.260738E-01     0.459099E-01     0.363438E-01     0.343629E-01     0.336387E-01
  0.387221E-01     0.305900E-01     0.328430E-01     0.298014E-01     0.285340E-01
  0.283489E-01     0.277100E-01     0.275004E-01     0.317878E-01     0.324510E-01
  0.338780E-01     0.363922E-01     0.322674E-01     0.401425E-01     0.372240E-01
  0.320434E-01     0.320991E-01     0.329073E-01     0.410265E-01     0.320708E-01
  0.276954E-01     0.301848E-01     0.409205E-01     0.406727E-01     0.305847E-01
  0.328236E-01     0.327822E-01     0.334934E-01     0.280966E-01     0.326450E-01
  0.318446E-01     0.354066E-01     0.341406E-01     0.328482E-01     0.279585E-01
  0.443435E-01     0.359588E-01     0.285267E-01     0.379401E-01     0.316196E-01
  0.317324E-01     0.324029E-01     0.321644E-01     0.390433E-01     0.336145E-01
  0.278405E-01     0.257702E-01     0.273349E-01     0.413940E-01     0.359783E-01
  0.308609E-01     0.277306E-01     0.315167E-01     0.341379E-01     0.331016E-01
  0.334180E-01     0.268980E-01     0.277285E-01     0.235487E-01     0.288129E-01
  0.302318E-01     0.292496E-01     0.275075E-01     0.272439E-01     0.282166E-01
  0.276430E-01     0.276302E-01     0.304391E-01     0.260354E-01     0.294846E-01
  0.228164E-01     0.244021E-01     0.297570E-01     0.269216E-01     0.222751E-01
  0.182194E-01     0.276939E-01     0.212499E-01     0.218685E-01     0.323862E-01
  0.241580E-01     0.265296E-01     0.370109E-01     0.537355E-01     0.218675E-01
  0.196210E-01     0.186061E-01     0.269589E-01     0.273596E-01     0.460829E-01
  0.212874E-01     0.215824E-01     0.236603E-01     0.418731E-01     0.328078E-01
  0.341270E-01     0.349867E-01     0.330406E-01     0.256408E-01     0.217789E-01
  0.314648E-01     0.195220E-01     0.229980E-01     0.437477E-01     0.314092E-01
  0.303566E-01     0.266035E-01     0.244254E-01     0.249753E-01     0.300400E-01
  0.283977E-01     0.283371E-01     0.305178E-01     0.351442E-01     0.353456E-01
  0.327706E-01     0.332683E-01     0.320835E-01     0.338471E-01     0.221764E-01
  0.230898E-01     0.245800E-01     0.197462E-01     0.297351E-01     0.209455E-01
  0.319010E-01     0.302728E-01     0.310216E-01     0.414726E-01     0.350811E-01
  0.352569E-01     0.210165E-01     0.218588E-01     0.179822E-01     0.185978E-01
  0.299571E-01     0.301347E-01     0.332398E-01     0.278509E-01     0.329193E-01
  0.268339E-01     0.285300E-01     0.338073E-01     0.193754E-01     0.238583E-01
  0.265490E-01     0.268583E-01     0.263751E-01     0.286361E-01     0.251906E-01
  0.274317E-01     0.293006E-01     0.308755E-01     0.272660E-01     0.249185E-01
  0.270453E-01     0.256472E-01     0.297382E-01     0.175517E-01     0.345452E-01
  0.217787E-01     0.232504E-01     0.247292E-01     0.316020E-01     0.250306E-01
  0.315931E-01     0.254575E-01     0.279279E-01     0.272232E-01     0.343775E-01
  0.293136E-01     0.339545E-01     0.415430E-01     0.294520E-01     0.263736E-01
  0.263864E-01     0.289914E-01     0.258200E-01     0.314644E-01     0.250792E-01
  0.218575E-01     0.453519E-01     0.239488E-01     0.236454E-01     0.285953E-01
  0.340499E-01     0.228406E-01     0.429715E-01     0.307389E-01     0.265061E-01
  0.243782E-01     0.288151E-01     0.366577E-01     0.303359E-01     0.327070E-01
  0.418157E-01     0.300179E-01     0.308987E-01     0.288840E-01     0.287337E-01
  0.312987E-01     0.331709E-01     0.318983E-01     0.309741E-01     0.334354E-01
  0.352599E-01     0.323167E-01     0.308840E-01     0.265426E-01     0.283894E-01
  0.346668E-01     0.309240E-01     0.283866E-01     0.317955E-01     0.296941E-01
  0.283270E-01     0.276899E-01     0.324331E-01     0.325225E-01     0.300248E-01
  0.339292E-01     0.299245E-01     0.309188E-01     0.293649E-01     0.294510E-01
  0.319019E-01     0.280685E-01     0.332013E-01     0.315890E-01     0.345188E-01
  0.322473E-01     0.265404E-01     0.342424E-01     0.289266E-01     0.322632E-01
  0.311568E-01     0.321199E-01     0.338706E-01     0.269764E-01     0.326370E-01
  0.329714E-01     0.325674E-01     0.335947E-01     0.300872E-01     0.326342E-01
  0.304126E-01     0.294334E-01     0.362006E-01     0.285215E-01     0.329570E-01
  0.282323E-01     0.322025E-01     0.310868E-01     0.274745E-01     0.313037E-01
  0.296174E-01     0.280273E-01     0.323448E-01     0.301286E-01     0.325480E-01
  0.298309E-01     0.330271E-01     0.318525E-01     0.323371E-01     0.366520E-01
  0.259768E-01     0.373201E-01     0.304468E-01     0.299326E-01     0.288147E-01
  0.306373E-01     0.306581E-01     0.321610E-01     0.294678E-01     0.303494E-01
  0.296652E-01     0.293513E-01     0.314224E-01     0.214295E-01     0.322375E-01
  0.340877E-01     0.342263E-01     0.326505E-01     0.252857E-01     0.336675E-01
  0.254146E-01     0.321604E-01     0.303328E-01     0.296041E-01     0.331793E-01
  0.325862E-01     0.239759E-01     0.278268E-01     0.348474E-01     0.329141E-01
  0.309131E-01     0.185612E-01     0.283597E-01     0.231860E-01     0.345284E-01
  0.308142E-01     0.348298E-01     0.296293E-01     0.282306E-01     0.315867E-01
  0.357041E-01     0.264718E-01     0.319453E-01     0.250087E-01     0.237143E-01
  0.298672E-01     0.383983E-01     0.343703E-01     0.357866E-01     0.361201E-01
  0.342204E-01     0.237184E-01     0.317002E-01     0.322496E-01     0.254238E-01
  0.274034E-01     0.246884E-01     0.261512E-01     0.208817E-01     0.278166E-01
  0.248199E-01     0.266945E-01     0.314550E-01     0.262381E-01     0.313733E-01
  0.332732E-01     0.246040E-01     0.272649E-01     0.284104E-01     0.306363E-01
  0.328799E-01     0.285338E-01     0.298522E-01     0.337092E-01     0.334065E-01
  0.315638E-01     0.259733E-01     0.295471E-01     0.352923E-01     0.310636E-01
  0.309114E-01     0.336343E-01     0.300697E-01     0.325108E-01     0.310973E-01
  0.300027E-01     0.294513E-01     0.298688E-01     0.269250E-01     0.283772E-01
  0.280434E-01     0.262422E-01     0.300410E-01     0.292143E-01     0.276565E-01
  0.300959E-01     0.308795E-01     0.326727E-01     0.310522E-01     0.349183E-01
  0.323504E-01     0.297738E-01     0.292417E-01     0.251154E-01     0.323022E-01
  0.295129E-01     0.291908E-01     0.301130E-01     0.314971E-01     0.291655E-01
  0.263765E-01     0.223989E-01     0.216683E-01     0.260610E-01     0.300718E-01
  0.282526E-01     0.318502E-01     0.281607E-01     0.262544E-01     0.301813E-01
  0.268874E-01     0.296610E-01     0.253454E-01     0.353355E-01     0.254708E-01
  0.292075E-01     0.269828E-01     0.246853E-01     0.372207E-01     0.187548E-01
  0.250034E-01     0.244461E-01     0.354877E-01     0.288892E-01     0.352085E-01
  0.327267E-01     0.226312E-01     0.234936E-01     0.291844E-01     0.259732E-01
  0.221874E-01     0.289660E-01     0.296192E-01     0.191181E-01     0.278010E-01
  0.260755E-01     0.289094E-01     0.279837E-01     0.288472E-01     0.279394E-01
  0.258324E-01     0.299569E-01     0.270710E-01     0.325479E-01     0.314038E-01
  0.315456E-01     0.294153E-01     0.281356E-01     0.267341E-01     0.318588E-01
  0.290074E-01     0.299404E-01     0.265618E-01     0.259864E-01     0.260128E-01
  0.253470E-01     0.279865E-01     0.246327E-01     0.256658E-01     0.230313E-01
  0.230617E-01     0.247400E-01     0.220854E-01     0.227855E-01     0.260553E-01
  0.253981E-01     0.285676E-01     0.240930E-01     0.276864E-01     0.294032E-01
  0.288799E-01     0.293017E-01     0.252471E-01     0.253803E-01     0.231235E-01
  0.227100E-01     0.235492E-01     0.218586E-01     0.324805E-01     0.249676E-01
  0.229577E-01     0.262010E-01     0.287187E-01     0.236966E-01     0.231416E-01
  0.238652E-01     0.278351E-01     0.243409E-01     0.248019E-01     0.288960E-01
  0.281284E-01     0.265306E-01     0.252868E-01     0.241657E-01     0.300447E-01
  0.253981E-01     0.286366E-01     0.291764E-01     0.315414E-01     0.275228E-01
  0.236011E-01     0.260970E-01     0.252395E-01     0.269270E-01     0.239097E-01
  0.245338E-01     0.247570E-01     0.231422E-01     0.266965E-01     0.286402E-01
  0.245592E-01     0.259640E-01     0.262004E-01     0.255829E-01     0.279546E-01
  0.224573E-01     0.264856E-01     0.234549E-01     0.230372E-01     0.199499E-01
  0.247537E-01     0.310657E-01     0.249696E-01     0.289910E-01     0.270863E-01
  0.267318E-01     0.277970E-01     0.284276E-01     0.250615E-01     0.242711E-01
  0.326079E-01     0.238795E-01     0.313656E-01     0.242300E-01     0.266719E-01
  0.271136E-01     0.231014E-01     0.229807E-01     0.236915E-01     0.223921E-01
  0.230801E-01     0.287063E-01     0.271521E-01     0.274313E-01     0.307003E-01
  0.254311E-01     0.275775E-01     0.258303E-01     0.243480E-01     0.269405E-01
  0.290027E-01     0.245764E-01     0.271132E-01     0.269874E-01     0.269379E-01
  0.270720E-01     0.294060E-01     0.300230E-01     0.272903E-01     0.236204E-01
  0.282421E-01     0.258188E-01     0.281954E-01     0.265146E-01     0.270806E-01
  0.329289E-01     0.237443E-01     0.269458E-01     0.331660E-01     0.338799E-01
  0.321637E-01     0.321394E-01     0.327396E-01     0.313888E-01     0.320105E-01
  0.324634E-01     0.327641E-01     0.311535E-01     0.286254E-01     0.302659E-01
  0.307139E-01     0.359797E-01     0.287218E-01     0.253971E-01     0.249903E-01
  0.273805E-01     0.247735E-01     0.270607E-01     0.238049E-01     0.254152E-01
  0.200305E-01     0.283178E-01     0.209523E-01     0.355872E-01     0.307564E-01
  0.300977E-01     0.303559E-01     0.233370E-01     0.207264E-01     0.264638E-01
  0.266335E-01     0.263643E-01     0.290877E-01     0.218866E-01     0.256610E-01
  0.278148E-01     0.330320E-01     0.254141E-01     0.225424E-01     0.243289E-01
  0.263095E-01     0.231183E-01     0.248696E-01     0.193991E-01     0.255024E-01
  0.304449E-01     0.294521E-01     0.246395E-01     0.310072E-01     0.233940E-01
  0.302433E-01     0.212523E-01     0.268471E-01     0.262318E-01     0.288156E-01
  0.267169E-01     0.277196E-01     0.301588E-01     0.256942E-01     0.258351E-01
  0.264676E-01     0.338870E-01     0.373046E-01     0.301528E-01     0.309469E-01
  0.274241E-01     0.261271E-01     0.263951E-01     0.231532E-01     0.279449E-01
  0.245979E-01     0.237137E-01     0.256256E-01     0.293294E-01     0.326742E-01
  0.317039E-01     0.281275E-01     0.276080E-01     0.285906E-01     0.368514E-01
  0.373130E-01     0.259585E-01     0.318529E-01     0.252820E-01     0.322329E-01
  0.428248E-01     0.353628E-01     0.391044E-01     0.308383E-01     0.308023E-01
  0.261005E-01     0.231116E-01     0.332507E-01     0.361805E-01     0.356984E-01
  0.416341E-01     0.305432E-01     0.191181E-01     0.342364E-01     0.308679E-01
  0.257893E-01     0.251173E-01     0.301293E-01     0.349810E-01     0.358890E-01
  0.300909E-01     0.306720E-01     0.310536E-01     0.238266E-01     0.321814E-01
  0.282763E-01     0.215391E-01     0.257905E-01     0.282427E-01     0.267956E-01
  0.325089E-01     0.366741E-01     0.318323E-01     0.344899E-01     0.241366E-01
  0.289610E-01     0.328703E-01     0.353632E-01     0.357074E-01     0.285439E-01
  0.317102E-01     0.270791E-01     0.344196E-01     0.291626E-01     0.358763E-01
  0.447893E-01     0.326662E-01     0.342842E-01     0.372001E-01     0.288203E-01
  0.239657E-01     0.260815E-01     0.251624E-01     0.278536E-01     0.203853E-01
  0.307197E-01     0.212356E-01     0.250696E-01     0.350296E-01     0.279658E-01
  0.268957E-01     0.264626E-01     0.405294E-01     0.452543E-01     0.339196E-01
  0.319248E-01     0.312028E-01     0.344667E-01     0.288030E-01     0.266151E-01
  0.489949E-01     0.329294E-01     0.267655E-01     0.380863E-01     0.240633E-01
  0.325864E-01     0.398493E-01     0.362643E-01     0.318391E-01     0.428534E-01
  0.317831E-01     0.317048E-01     0.201471E-01     0.495246E-01     0.513473E-01
  0.313619E-01     0.435371E-01     0.230328E-01     0.258638E-01     0.250018E-01
  0.414976E-01     0.478699E-01     0.480454E-01     0.467866E-01     0.490541E-01
  0.519214E-01     0.432033E-01     0.455467E-01     0.502875E-01     0.416013E-01
  0.477450E-01     0.514515E-01     0.266589E-01     0.395088E-01     0.387353E-01
  0.440511E-01     0.518322E-01     0.405585E-01     0.505915E-01     0.510088E-01
  0.486302E-01     0.522943E-01     0.526031E-01     0.420487E-01     0.457654E-01
  0.295297E-01     0.565347E-01     0.534332E-01     0.466618E-01     0.492166E-01
  0.534357E-01     0.554047E-01     0.521164E-01     0.865084E-01     0.187030E+00
  0.205222E+00     0.747886E-01     0.220404E+00     0.255336E+00     0.193051E+00
  0.226904E+00     0.211763E+00     0.245118E+00     0.332841E+00     0.199661E+00
  0.297238E+00     0.351131E+00     0.228341E+00     0.559590E+00     0.496739E+00
  0.261745E+00     0.348666E+00     0.392157E+00     0.348619E+00     0.394758E+00
  0.254724E+00     0.406618E+00     0.350129E+00     0.325243E+00     0.373379E+00
  0.334094E+00     0.436987E+00     0.350737E+00     0.520272E+00     0.409345E+00
  0.417871E+00     0.367023E+00     0.415308E+00     0.406124E+00     0.507651E+00
  0.463455E+00     0.493127E+00     0.511926E+00     0.495073E+00     0.487079E+00
  0.618123E+00     0.608307E+00     0.609186E+00     0.532717E+00     0.717900E+00
  0.578191E+00     0.749549E+00     0.777255E+00
 eigen energies, in ev
    -46.521434       -46.375521       -46.006541       -45.865537       -45.509049
    -29.662165       -28.868649       -28.834806       -28.658935       -28.579635
    -28.575754       -28.549021       -28.405217       -28.405158       -28.311688
    -28.272791       -28.237814       -28.212286       -28.187030       -28.162269
    -28.149958       -28.132049       -28.105225       -28.098849       -28.068258
    -28.062353       -28.028779       -28.012020       -28.000994       -27.966865
    -27.959526       -27.868866       -27.863283       -27.774660       -27.759042
    -27.705112       -27.703182       -27.652700       -27.645246       -27.638093
    -27.634589       -27.623845       -27.615291       -27.615210       -27.532037
    -27.508378       -27.477485       -27.462875       -27.455823       -27.446042
    -27.435135       -27.384442       -27.291007       -27.274428       -27.256025
    -27.252771       -27.235733       -27.220978       -27.200632       -27.194013
    -27.125060       -27.047032       -27.033968       -27.017908       -27.006415
    -26.990283       -26.969696       -26.945259       -26.858422       -26.844276
    -26.821672       -26.813118       -26.703530       -26.692707       -26.688160
    -26.644890       -26.582398       -26.531757       -26.512120       -26.490641
    -26.450920       -26.393487       -26.335204       -26.294796       -26.289741
    -26.208404       -26.206030       -26.198692       -26.194714       -26.151374
    -26.087104       -26.006057       -26.002593       -26.001878       -25.993847
    -25.946699       -25.934760       -25.929286       -25.891783       -25.883684
    -25.879928       -25.872187       -25.864120       -25.826397       -25.783135
    -25.758392       -25.711620       -25.694632       -25.681517       -25.671664
    -25.668463       -25.661775       -25.659689       -25.603942       -25.602125
    -25.589573       -25.508035       -25.506496       -25.492555       -25.457310
    -25.438615       -25.423483       -25.399940       -25.383290       -25.362396
    -25.339125       -25.328036       -25.311971       -25.266708       -25.234209
    -25.177300       -25.174123       -25.119185       -25.062632       -25.047412
    -25.014337       -25.003373       -24.932489       -24.820307       -24.800849
    -24.783077       -24.775241       -24.702759       -24.664725       -24.629572
    -24.443810       -24.368259       -24.294008       -24.251116       -24.190772
    -24.099485       -23.905604       -23.743246       -23.698335       -23.411051
    -23.092475       -22.764523       -22.715944       -22.694467       -22.680637
    -22.676949       -22.641517       -22.637123       -22.632496       -22.626428
    -22.569441       -22.518261       -22.451884       -22.410069       -22.382603
    -22.315550       -22.306276       -22.287623       -22.246999       -22.217091
    -22.143226       -22.014950       -21.971262       -21.947507       -21.933298
    -21.836103       -21.749096       -21.711001       -21.664271       -21.618076
    -21.561255       -21.509315       -21.354499       -21.100522       -20.718924
    -20.044130       -19.495241       -19.120616       -18.962747       -18.600747
    -16.906195       -16.234237       -16.188395       -16.072114       -16.042874
    -15.993053       -15.877128       -15.788702       -15.734873       -15.711108
    -15.700967       -15.598912       -15.496088       -15.452724       -15.446807
    -15.423156       -15.318166       -15.301041       -15.285069       -15.233966
    -15.142105       -15.081738       -15.040092       -15.022319       -14.778491
    -14.772612       -14.734502       -14.693422       -14.675774       -14.663465
    -14.649147       -14.595696       -14.450383       -14.426191       -14.424527
    -14.402656       -14.380158       -14.340235       -14.240879       -14.236331
    -14.233244       -14.190174       -14.160235       -14.137670       -14.101772
    -14.101222       -14.042375       -14.028701       -13.969125       -13.964447
    -13.884244       -13.841542       -13.768376       -13.745641       -13.689731
    -13.630084       -13.589856       -13.152318       -13.126328       -13.014408
    -12.975065       -12.880064       -12.839378       -12.811343       -12.800621
    -12.730911       -12.620820       -12.602677       -12.602466       -12.570908
    -12.555013       -12.553580       -12.402130       -12.324575       -12.299665
    -12.213136       -12.125049       -12.118722       -12.098832       -12.070821
    -12.024230       -12.017934       -12.006604       -11.935418       -11.928857
    -11.895135       -11.891550       -11.829258       -11.784369       -11.777044
    -11.665461       -11.648918       -11.644838       -11.601584       -11.592297
    -11.555429       -11.549390       -11.538055       -11.535703       -11.523243
    -11.349989       -11.320925       -11.301663       -11.294762       -11.260376
    -11.207916       -11.183952       -11.177164       -11.165876       -11.149067
    -11.126721       -11.031024       -11.012922       -10.948532       -10.916904
    -10.860273       -10.842939       -10.842433       -10.821199       -10.778390
    -10.749464       -10.737167       -10.650133       -10.640373       -10.612252
    -10.572374       -10.564974       -10.540633       -10.513171       -10.489345
    -10.446773       -10.423655       -10.407946       -10.393271       -10.382257
    -10.347730       -10.326519       -10.307544       -10.294374       -10.285645
    -10.276531       -10.270249       -10.259672       -10.229048       -10.225313
    -10.214941       -10.213484       -10.204992       -10.190908       -10.175217
    -10.166252       -10.143502       -10.129434       -10.122095       -10.111526
    -10.085612       -10.075883       -10.064643       -10.061431       -10.058389
    -10.039045       -10.024266       -10.012097        -9.994512        -9.973188
     -9.956697        -9.944880        -9.930917        -9.921114        -9.911632
     -9.889102        -9.879487        -9.873530        -9.857509        -9.850192
     -9.837767        -9.831174        -9.822602        -9.810856        -9.801609
     -9.781292        -9.780226        -9.774100        -9.762108        -9.749803
     -9.746615        -9.742088        -9.729567        -9.686418        -9.669986
     -9.656066        -9.591538        -9.583041        -9.563323        -9.548961
     -9.536706        -9.513355        -9.509901        -9.506797        -9.478319
     -9.465438        -9.452738        -9.440077        -9.434032        -9.413176
     -9.411009        -9.401537        -9.393856        -9.391001        -9.375732
     -9.347678        -9.342545        -9.334643        -9.310658        -9.285765
     -9.283095        -9.277952        -9.264003        -9.246949        -9.235465
     -9.230992        -9.220570        -9.213276        -9.200486        -9.183849
     -9.173680        -9.161517        -9.155283        -9.149474        -9.137749
     -9.132171        -9.125540        -9.119056        -9.104250        -9.093465
     -9.085810        -9.062162        -9.056487        -9.047358        -9.029371
     -9.013844        -9.009401        -8.998882        -8.995745        -8.983587
     -8.969604        -8.963610        -8.958733        -8.950892        -8.947029
     -8.933073        -8.916729        -8.905600        -8.902119        -8.893854
     -8.887611        -8.872304        -8.864608        -8.851628        -8.822068
     -8.807967        -8.789702        -8.771445        -8.761925        -8.749993
     -8.734454        -8.727286        -8.723700        -8.701160        -8.695186
     -8.688432        -8.660333        -8.654592        -8.635449        -8.620796
     -8.611336        -8.607721        -8.591450        -8.581319        -8.572002
     -8.562535        -8.554679        -8.546771        -8.539496        -8.525362
     -8.496192        -8.479176        -8.476464        -8.463003        -8.446716
     -8.430762        -8.411862        -8.408532        -8.399710        -8.375500
     -8.369954        -8.368227        -8.359603        -8.351599        -8.342164
     -8.335035        -8.332819        -8.311844        -8.295616        -8.261515
     -8.236321        -8.227175        -8.219780        -8.198483        -8.171271
     -8.150775        -8.119904        -8.108430        -8.104677        -8.087502
     -8.077175        -8.075663        -8.070020        -8.060932        -8.052021
     -8.037396        -8.020940        -7.993522        -7.910323        -7.877181
     -7.853735        -7.838152        -7.817442        -7.801585        -7.769345
     -7.713144        -7.700929        -7.506778        -7.496727        -7.470088
     -7.442777        -7.417777        -7.343653        -7.334901        -7.333098
     -7.296312        -7.284866        -7.281504        -7.270233        -7.262287
     -7.215184        -7.203028        -7.187373        -7.175311        -7.139729
     -7.128720        -7.113990        -7.096111        -7.080393        -7.041109
     -7.017804        -7.000661        -6.987537        -6.970410        -6.936810
     -6.891214        -6.841946        -6.821967        -6.812832        -6.808916
     -6.792196        -6.779475        -6.772663        -6.765942        -6.749723
     -6.716005        -6.713789        -6.699506        -6.695547        -6.679413
     -6.678926        -6.672307        -6.653430        -6.635666        -6.616695
     -6.604441        -6.586932        -6.584037        -6.580800        -6.572049
     -6.563090        -6.544429        -6.525980        -6.502227        -6.497706
     -6.491058        -6.477821        -6.471676        -6.467947        -6.458802
     -6.445091        -6.442979        -6.429823        -6.418440        -6.413324
     -6.401960        -6.395959        -6.388223        -6.380672        -6.362089
     -6.355049        -6.351218        -6.345689        -6.334088        -6.323109
     -6.321459        -6.307179        -6.302327        -6.292677        -6.284020
     -6.278218        -6.277407        -6.263486        -6.241889        -6.232373
     -6.222187        -6.203960        -6.195190        -6.188849        -6.181829
     -6.167114        -6.161088        -6.143559        -6.125665        -6.107892
     -6.105133        -6.091502        -6.088739        -6.063183        -6.046836
     -6.041258        -6.021568        -6.007550        -5.997413        -5.996027
     -5.981458        -5.975869        -5.964055        -5.957389        -5.946437
     -5.935321        -5.922556        -5.914726        -5.913185        -5.904048
     -5.899765        -5.871039        -5.865596        -5.854054        -5.841454
     -5.836432        -5.831450        -5.823342        -5.819255        -5.816813
     -5.796980        -5.792851        -5.785230        -5.783607        -5.776885
     -5.769829        -5.763122        -5.757036        -5.735642        -5.730707
     -5.723118        -5.700711        -5.694849        -5.687144        -5.678991
     -5.662472        -5.654333        -5.644043        -5.642729        -5.635866
     -5.631963        -5.630376        -5.624559        -5.619436        -5.609683
     -5.603684        -5.595504        -5.587446        -5.581329        -5.578178
     -5.567599        -5.563328        -5.555944        -5.547553        -5.543834
     -5.537917        -5.524952        -5.522121        -5.515610        -5.507939
     -5.505368        -5.497851        -5.495162        -5.489272        -5.484802
     -5.472647        -5.469067        -5.465402        -5.447651        -5.442496
     -5.436092        -5.427867        -5.418071        -5.411050        -5.401949
     -5.398532        -5.391764        -5.387052        -5.374764        -5.371306
     -5.364603        -5.356035        -5.352359        -5.343357        -5.341971
     -5.335236        -5.325978        -5.322793        -5.316601        -5.309558
     -5.308349        -5.300385        -5.297494        -5.286929        -5.285840
     -5.282609        -5.275601        -5.267425        -5.261899        -5.250030
     -5.245847        -5.234805        -5.234216        -5.226525        -5.216346
     -5.209845        -5.203184        -5.197942        -5.192345        -5.181688
     -5.180271        -5.171318        -5.155603        -5.145732        -5.135814
     -5.123221        -5.116929        -5.109082        -5.102770        -5.095604
     -5.090376        -5.079642        -5.069015        -5.064606        -5.061300
     -5.047917        -5.039269        -5.032272        -5.027294        -5.010857
     -5.007942        -5.003074        -4.968280        -4.959290        -4.954187
     -4.947859        -4.941826        -4.938342        -4.931720        -4.920239
     -4.915814        -4.910714        -4.908961        -4.905635        -4.900907
     -4.894504        -4.890848        -4.881435        -4.873038        -4.870041
     -4.857011        -4.855701        -4.847279        -4.845183        -4.836650
     -4.832038        -4.818183        -4.815663        -4.808911        -4.804144
     -4.799228        -4.785665        -4.780209        -4.773053        -4.767456
     -4.760684        -4.755279        -4.752019        -4.742247        -4.739900
     -4.730930        -4.722495        -4.720231        -4.718062        -4.712565
     -4.705658        -4.702115        -4.693028        -4.675028        -4.665541
     -4.652452        -4.651129        -4.645758        -4.637990        -4.630889
     -4.628965        -4.623109        -4.620289        -4.613875        -4.609053
     -4.604941        -4.598118        -4.597632        -4.584579        -4.579963
     -4.572884        -4.566010        -4.562417        -4.549537        -4.539473
     -4.532408        -4.507558        -4.504837        -4.496144        -4.485651
     -4.476221        -4.472242        -4.465223        -4.445719        -4.431400
     -4.424975        -4.414174        -4.402104        -4.395512        -4.382937
     -4.380047        -4.371591        -4.368380        -4.358043        -4.350422
     -4.333673        -4.316133        -4.308844        -4.298385        -4.291390
     -4.272519        -4.246015        -4.226546        -4.209226        -4.202930
     -4.180133        -4.158074        -4.149265        -4.132500        -4.107371
     -4.091054        -4.086193        -4.060475        -4.038575        -4.021283
     -4.008634        -3.981664        -3.959372        -3.931611        -3.913243
     -3.912330        -3.883377        -3.855673        -3.842096        -3.822865
     -3.788906        -3.772353        -3.759737        -3.753926        -3.724249
     -3.661022        -3.653582        -3.634963        -3.624160        -3.619572
     -3.613589        -3.560437        -3.548536        -3.536682        -3.530004
     -3.522383        -3.510968        -3.505595        -3.500135        -3.495522
     -3.479523        -3.467487        -3.461890        -3.443274        -3.374490
     -3.342838        -3.338469        -3.321575        -3.297192        -3.271205
     -3.270079        -3.256873        -3.253832        -3.248408        -3.225785
     -3.203822        -3.195223        -3.182222        -3.170316        -3.169341
     -3.138149        -3.125096        -3.082444        -3.041680        -3.023192
     -3.007056        -2.986479        -2.969353        -2.913363        -2.902323
     -2.895206        -2.882056        -2.834158        -2.823642        -2.809618
     -2.774030        -2.762127        -2.747076        -2.723093        -2.714158
     -2.695568        -2.654359        -2.605501        -2.568620        -2.519334
     -2.498510        -2.463632        -2.445068        -2.440662        -2.408234
     -2.387840        -2.374287        -2.318022        -2.317390        -2.291093
     -2.280609        -2.270295        -2.267958        -2.166080        -2.106322
     -2.103547        -2.087237        -2.053413        -1.983570        -1.873023
      1.042798         1.127350         1.683451         1.744146         1.951177
      2.117147         2.124242         2.353783         2.389390         2.465267
      2.646311         2.654528         2.887193         3.061458         3.184144
      3.305957         3.349555         3.404263         3.422562         3.500288
      3.586932         3.594940         3.620845         3.657331         3.689054
      3.748987         3.763243         3.783402         3.838549         3.866887
      3.934312         3.951448         4.006713         4.016299         4.031312
      4.065954         4.084696         4.101196         4.151355         4.189870
      4.220090         4.243832         4.278467         4.301868         4.323161
      4.356349         4.390462         4.418900         4.463545         4.467289
      4.511109         4.584516         4.624509         4.643822         4.677406
      4.717610         4.803023         4.843285
 *********************************
 sum eigen(dbl occ, ryd)=  -1563.87620848946     
 *********************************
 Ef(eV)= -0.775487966647864     
 ***************************************************
 iter=          10
 ---------------------------------------------------
 dvE, dvE(n)-dvE(n-1) = 0.4889E-04 -.1514E-03
 dv_ave, drho_tot     = 0.6992E-02 0.1088E-01
 err of ug            = 0.2125E-02
 ---------------------------------------------------
 Ewald        = -.40302743199754E+05
 Alpha        = 0.15207970391171E+04
 E_extV       = 0.00000000000000E+00    0.0000E+00
 E_NSC        = -.21695554758333E+05    0.1773E+03
 E[-rho*V_Hxc]= -.12498027751551E+06    -.1717E+03
 E_Hxc        = 0.52557535980990E+05    0.1204E+03
 -TS          = -.35506773168299E-26    0.8154E-27
 E_tot(eV)    = -.13290024245349E+06    0.5552E+01
 ---------------------------------------------------
 E_ion,E_coul,E_xc =   -226246.7302243   81377.1613186  -28819.6253377
Ewald+Hart+ion    -0.1851723121054E+06
 ave(vtot)=ave_(V_xc)=: v0= -0.286306168994044     
 Eigen energies are values after setting ave_vtot=0
 ----------------------------------
 One SCF use:    86.0024430751801       s
 *********************************
 ****** kpt=           1
 err of each states, eV
  0.110100E-01     0.409909E-02     0.502677E-02     0.659249E-02     0.414968E-02
  0.776653E-02     0.388599E-02     0.481449E-02     0.377475E-02     0.371084E-02
  0.695400E-02     0.316812E-02     0.417256E-02     0.385286E-02     0.479386E-02
  0.382468E-02     0.408579E-02     0.348233E-02     0.364331E-02     0.467312E-02
  0.685571E-02     0.380289E-02     0.554958E-02     0.397111E-02     0.438842E-02
  0.488086E-02     0.430576E-02     0.743357E-02     0.338978E-02     0.469678E-02
  0.345684E-02     0.318171E-02     0.411006E-02     0.522422E-02     0.683179E-02
  0.434739E-02     0.390767E-02     0.264231E-02     0.296457E-02     0.383714E-02
  0.658163E-02     0.733446E-02     0.269340E-02     0.398309E-02     0.296176E-02
  0.290861E-02     0.367066E-02     0.424682E-02     0.368420E-02     0.712805E-02
  0.442855E-02     0.411173E-02     0.338405E-02     0.461622E-02     0.276536E-02
  0.390128E-02     0.376027E-02     0.706567E-02     0.329962E-02     0.390724E-02
  0.437354E-02     0.456627E-02     0.484764E-02     0.459780E-02     0.530676E-02
  0.417652E-02     0.411599E-02     0.478175E-02     0.505269E-02     0.446742E-02
  0.359035E-02     0.396880E-02     0.670591E-02     0.692572E-02     0.310780E-02
  0.518504E-02     0.652840E-02     0.424909E-02     0.655027E-02     0.471282E-02
  0.391343E-02     0.528383E-02     0.408826E-02     0.259607E-02     0.280205E-02
  0.592454E-02     0.507454E-02     0.478711E-02     0.355849E-02     0.305190E-02
  0.326631E-02     0.307073E-02     0.479532E-02     0.662219E-02     0.489526E-02
  0.428329E-02     0.439644E-02     0.444570E-02     0.424387E-02     0.575616E-02
  0.437430E-02     0.468697E-02     0.588457E-02     0.449982E-02     0.419113E-02
  0.301879E-02     0.587345E-02     0.321802E-02     0.332554E-02     0.475021E-02
  0.359492E-02     0.319401E-02     0.376866E-02     0.454539E-02     0.512909E-02
  0.302528E-02     0.622805E-02     0.428003E-02     0.418381E-02     0.383314E-02
  0.329282E-02     0.528955E-02     0.396650E-02     0.450469E-02     0.295023E-02
  0.628356E-02     0.541168E-02     0.395953E-02     0.327417E-02     0.688097E-02
  0.337502E-02     0.333115E-02     0.318784E-02     0.530914E-02     0.390143E-02
  0.107546E-01     0.888045E-02     0.510422E-02     0.297579E-02     0.303342E-02
  0.304170E-02     0.996527E-02     0.655315E-02     0.642416E-02     0.609899E-02
  0.978809E-02     0.783836E-02     0.667474E-02     0.594706E-02     0.885538E-02
  0.699760E-02     0.103968E-01     0.964190E-02     0.104672E-01     0.942688E-02
  0.988743E-02     0.374727E-02     0.420661E-02     0.696803E-02     0.439418E-02
  0.796516E-02     0.424656E-02     0.105823E-01     0.884945E-02     0.921711E-02
  0.814977E-02     0.835777E-02     0.427832E-02     0.404801E-02     0.913286E-02
  0.433828E-02     0.105503E-01     0.894479E-02     0.932662E-02     0.930534E-02
  0.629909E-02     0.363587E-02     0.452114E-02     0.390281E-02     0.599246E-02
  0.386822E-02     0.415638E-02     0.427291E-02     0.473056E-02     0.456540E-02
  0.693930E-02     0.603910E-02     0.645820E-02     0.546403E-02     0.629109E-02
  0.101994E-01     0.836480E-02     0.782210E-02     0.828131E-02     0.651269E-02
  0.104505E-01     0.754767E-02     0.949646E-02     0.882190E-02     0.679466E-02
  0.859173E-02     0.100905E-01     0.924205E-02     0.929252E-02     0.903733E-02
  0.813046E-02     0.720390E-02     0.702698E-02     0.695350E-02     0.881117E-02
  0.658438E-02     0.652830E-02     0.638743E-02     0.712242E-02     0.688016E-02
  0.725627E-02     0.722282E-02     0.628029E-02     0.912473E-02     0.775933E-02
  0.704388E-02     0.823659E-02     0.727393E-02     0.697929E-02     0.814412E-02
  0.610274E-02     0.748842E-02     0.743514E-02     0.835315E-02     0.804894E-02
  0.868990E-02     0.755300E-02     0.809828E-02     0.877538E-02     0.610353E-02
  0.632564E-02     0.591593E-02     0.751493E-02     0.700030E-02     0.886447E-02
  0.854740E-02     0.573589E-02     0.591939E-02     0.640668E-02     0.690678E-02
  0.643520E-02     0.696192E-02     0.729497E-02     0.856897E-02     0.576625E-02
  0.568800E-02     0.639310E-02     0.575821E-02     0.611160E-02     0.641969E-02
  0.661235E-02     0.638336E-02     0.601024E-02     0.596273E-02     0.541541E-02
  0.583822E-02     0.629400E-02     0.663037E-02     0.735656E-02     0.568334E-02
  0.768015E-02     0.866304E-02     0.638287E-02     0.587135E-02     0.767788E-02
  0.811517E-02     0.562145E-02     0.681491E-02     0.574630E-02     0.548156E-02
  0.991305E-02     0.454218E-02     0.881070E-02     0.830763E-02     0.539073E-02
  0.648031E-02     0.749270E-02     0.866395E-02     0.769637E-02     0.838874E-02
  0.490565E-02     0.524012E-02     0.489862E-02     0.502627E-02     0.578633E-02
  0.476917E-02     0.475172E-02     0.486862E-02     0.491245E-02     0.526194E-02
  0.579004E-02     0.501402E-02     0.483678E-02     0.585713E-02     0.563451E-02
  0.513788E-02     0.506832E-02     0.494604E-02     0.597204E-02     0.482562E-02
  0.496503E-02     0.565586E-02     0.573946E-02     0.592190E-02     0.528369E-02
  0.523676E-02     0.757070E-02     0.580313E-02     0.924618E-02     0.549124E-02
  0.827012E-02     0.639983E-02     0.610611E-02     0.818468E-02     0.941795E-02
  0.607364E-02     0.791109E-02     0.716076E-02     0.806307E-02     0.614513E-02
  0.758631E-02     0.775890E-02     0.773318E-02     0.728232E-02     0.751043E-02
  0.587097E-02     0.816689E-02     0.610548E-02     0.607014E-02     0.572339E-02
  0.685034E-02     0.117736E-01     0.754209E-02     0.838169E-02     0.896495E-02
  0.907858E-02     0.917259E-02     0.761666E-02     0.737000E-02     0.777470E-02
  0.810534E-02     0.766303E-02     0.710210E-02     0.739619E-02     0.820073E-02
  0.755172E-02     0.767476E-02     0.830972E-02     0.101535E-01     0.673147E-02
  0.885881E-02     0.881111E-02     0.791820E-02     0.742010E-02     0.695377E-02
  0.751238E-02     0.681199E-02     0.897063E-02     0.683866E-02     0.717041E-02
  0.653821E-02     0.633358E-02     0.827559E-02     0.739388E-02     0.726689E-02
  0.701890E-02     0.647620E-02     0.683551E-02     0.707939E-02     0.700275E-02
  0.725533E-02     0.709362E-02     0.670357E-02     0.635785E-02     0.656643E-02
  0.646688E-02     0.659422E-02     0.881840E-02     0.677133E-02     0.765384E-02
  0.838965E-02     0.683439E-02     0.735188E-02     0.738898E-02     0.527577E-02
  0.792729E-02     0.655101E-02     0.630113E-02     0.882633E-02     0.798491E-02
  0.738772E-02     0.795957E-02     0.733690E-02     0.723368E-02     0.654205E-02
  0.653306E-02     0.687232E-02     0.741385E-02     0.971338E-02     0.711723E-02
  0.769666E-02     0.669186E-02     0.773426E-02     0.697259E-02     0.973578E-02
  0.653213E-02     0.681647E-02     0.620312E-02     0.692827E-02     0.707222E-02
  0.725720E-02     0.655619E-02     0.828539E-02     0.696231E-02     0.707608E-02
  0.807689E-02     0.726049E-02     0.578694E-02     0.625164E-02     0.633689E-02
  0.869961E-02     0.902731E-02     0.903421E-02     0.891507E-02     0.637619E-02
  0.858330E-02     0.829835E-02     0.852710E-02     0.782552E-02     0.798940E-02
  0.918340E-02     0.878773E-02     0.769306E-02     0.661612E-02     0.798559E-02
  0.101107E-01     0.657310E-02     0.678464E-02     0.691101E-02     0.812637E-02
  0.110056E-01     0.813561E-02     0.840951E-02     0.100515E-01     0.856119E-02
  0.843126E-02     0.989466E-02     0.893931E-02     0.941115E-02     0.772162E-02
  0.884575E-02     0.916973E-02     0.873875E-02     0.794890E-02     0.951154E-02
  0.836902E-02     0.809002E-02     0.793915E-02     0.840040E-02     0.769100E-02
  0.797513E-02     0.911121E-02     0.795526E-02     0.906310E-02     0.809305E-02
  0.993142E-02     0.973035E-02     0.798096E-02     0.897144E-02     0.928139E-02
  0.929708E-02     0.884634E-02     0.835507E-02     0.910214E-02     0.833665E-02
  0.916226E-02     0.939877E-02     0.829435E-02     0.110125E-01     0.920315E-02
  0.108108E-01     0.725933E-02     0.820274E-02     0.881839E-02     0.797803E-02
  0.901848E-02     0.897371E-02     0.831476E-02     0.865888E-02     0.887062E-02
  0.912175E-02     0.104909E-01     0.101694E-01     0.106864E-01     0.124243E-01
  0.118642E-01     0.946601E-02     0.879025E-02     0.854563E-02     0.871458E-02
  0.876974E-02     0.728893E-02     0.801429E-02     0.750073E-02     0.881487E-02
  0.853444E-02     0.856296E-02     0.980013E-02     0.919497E-02     0.124483E-01
  0.755134E-02     0.124216E-01     0.100722E-01     0.796180E-02     0.885671E-02
  0.656562E-02     0.552264E-02     0.778995E-02     0.136617E-01     0.101294E-01
  0.820551E-02     0.875055E-02     0.103937E-01     0.590873E-02     0.723375E-02
  0.109309E-01     0.101120E-01     0.649084E-02     0.931942E-02     0.897988E-02
  0.898046E-02     0.100971E-01     0.963274E-02     0.102149E-01     0.807713E-02
  0.752769E-02     0.798368E-02     0.925510E-02     0.810356E-02     0.729201E-02
  0.101592E-01     0.983823E-02     0.850233E-02     0.828510E-02     0.871677E-02
  0.830884E-02     0.819423E-02     0.958706E-02     0.952621E-02     0.932983E-02
  0.876384E-02     0.971388E-02     0.880722E-02     0.916360E-02     0.104737E-01
  0.910713E-02     0.739382E-02     0.776960E-02     0.803948E-02     0.801205E-02
  0.721810E-02     0.897176E-02     0.751919E-02     0.895711E-02     0.935689E-02
  0.818663E-02     0.909683E-02     0.817514E-02     0.793139E-02     0.784174E-02
  0.763678E-02     0.640851E-02     0.669758E-02     0.693091E-02     0.921470E-02
  0.884815E-02     0.637935E-02     0.806852E-02     0.701545E-02     0.610025E-02
  0.710411E-02     0.528034E-02     0.697457E-02     0.672700E-02     0.675348E-02
  0.803309E-02     0.769491E-02     0.606301E-02     0.727516E-02     0.730666E-02
  0.759070E-02     0.673601E-02     0.658082E-02     0.807342E-02     0.763686E-02
  0.739275E-02     0.798174E-02     0.644287E-02     0.781203E-02     0.858945E-02
  0.628749E-02     0.897166E-02     0.911045E-02     0.843410E-02     0.752163E-02
  0.723245E-02     0.690215E-02     0.719120E-02     0.887675E-02     0.770062E-02
  0.774242E-02     0.836556E-02     0.897442E-02     0.989583E-02     0.939016E-02
  0.119583E-01     0.791846E-02     0.777696E-02     0.593840E-02     0.846131E-02
  0.773426E-02     0.760284E-02     0.553674E-02     0.630792E-02     0.639989E-02
  0.903379E-02     0.104945E-01     0.934609E-02     0.836767E-02     0.811935E-02
  0.827150E-02     0.707580E-02     0.102260E-01     0.117717E-01     0.693891E-02
  0.825657E-02     0.825889E-02     0.814707E-02     0.767117E-02     0.101218E-01
  0.885505E-02     0.595905E-02     0.677277E-02     0.616994E-02     0.641233E-02
  0.703954E-02     0.808056E-02     0.704824E-02     0.793085E-02     0.765037E-02
  0.824548E-02     0.895895E-02     0.868291E-02     0.702994E-02     0.793899E-02
  0.794122E-02     0.800140E-02     0.855733E-02     0.776068E-02     0.672679E-02
  0.813509E-02     0.853547E-02     0.709516E-02     0.645318E-02     0.600700E-02
  0.757726E-02     0.707257E-02     0.613631E-02     0.649751E-02     0.636406E-02
  0.634987E-02     0.815726E-02     0.667585E-02     0.777942E-02     0.616881E-02
  0.730635E-02     0.737260E-02     0.661013E-02     0.731206E-02     0.751311E-02
  0.857071E-02     0.793314E-02     0.862633E-02     0.798075E-02     0.847125E-02
  0.907190E-02     0.751770E-02     0.702740E-02     0.730524E-02     0.828242E-02
  0.730235E-02     0.821980E-02     0.790682E-02     0.879626E-02     0.831686E-02
  0.786506E-02     0.783970E-02     0.851183E-02     0.760566E-02     0.786087E-02
  0.753296E-02     0.780182E-02     0.815136E-02     0.896499E-02     0.735869E-02
  0.760880E-02     0.745452E-02     0.724322E-02     0.606494E-02     0.580685E-02
  0.745927E-02     0.744375E-02     0.837026E-02     0.938301E-02     0.814246E-02
  0.713617E-02     0.960233E-02     0.739494E-02     0.831137E-02     0.703166E-02
  0.757596E-02     0.693836E-02     0.763027E-02     0.914849E-02     0.773247E-02
  0.821690E-02     0.828286E-02     0.751869E-02     0.636324E-02     0.711174E-02
  0.731579E-02     0.713283E-02     0.766692E-02     0.757851E-02     0.674084E-02
  0.707331E-02     0.782126E-02     0.818087E-02     0.792890E-02     0.854933E-02
  0.914027E-02     0.711865E-02     0.839964E-02     0.877902E-02     0.784979E-02
  0.817737E-02     0.627947E-02     0.940841E-02     0.812133E-02     0.730039E-02
  0.637565E-02     0.776259E-02     0.757622E-02     0.783595E-02     0.736627E-02
  0.691314E-02     0.920323E-02     0.776187E-02     0.706553E-02     0.750242E-02
  0.784738E-02     0.708844E-02     0.693229E-02     0.810286E-02     0.653194E-02
  0.625130E-02     0.662138E-02     0.793973E-02     0.744813E-02     0.693051E-02
  0.737710E-02     0.745694E-02     0.704432E-02     0.719234E-02     0.939591E-02
  0.765225E-02     0.738884E-02     0.776429E-02     0.699348E-02     0.623682E-02
  0.627431E-02     0.804246E-02     0.551327E-02     0.828582E-02     0.621800E-02
  0.609796E-02     0.822158E-02     0.793854E-02     0.638870E-02     0.629957E-02
  0.752429E-02     0.889455E-02     0.843743E-02     0.808618E-02     0.654377E-02
  0.809866E-02     0.600175E-02     0.616773E-02     0.895175E-02     0.657957E-02
  0.737449E-02     0.783237E-02     0.641338E-02     0.947359E-02     0.854492E-02
  0.956396E-02     0.956853E-02     0.758193E-02     0.792050E-02     0.637924E-02
  0.796419E-02     0.611584E-02     0.718458E-02     0.720458E-02     0.765345E-02
  0.814699E-02     0.613381E-02     0.739634E-02     0.108992E-01     0.750347E-02
  0.896473E-02     0.977296E-02     0.883193E-02     0.111133E-01     0.825265E-02
  0.997031E-02     0.744066E-02     0.904150E-02     0.811797E-02     0.643557E-02
  0.838080E-02     0.804385E-02     0.817520E-02     0.836604E-02     0.840782E-02
  0.830611E-02     0.105256E-01     0.723542E-02     0.817947E-02     0.816474E-02
  0.862004E-02     0.815650E-02     0.728720E-02     0.670377E-02     0.109297E-01
  0.109350E-01     0.989787E-02     0.741120E-02     0.939297E-02     0.887100E-02
  0.874098E-02     0.970915E-02     0.906588E-02     0.805100E-02     0.723006E-02
  0.809582E-02     0.660180E-02     0.901420E-02     0.919168E-02     0.890253E-02
  0.694217E-02     0.888417E-02     0.647935E-02     0.648545E-02     0.592205E-02
  0.869523E-02     0.871135E-02     0.100421E-01     0.114218E-01     0.783004E-02
  0.101152E-01     0.970349E-02     0.102081E-01     0.876867E-02     0.857015E-02
  0.149535E-01     0.932730E-02     0.925208E-02     0.918798E-02     0.934874E-02
  0.870343E-02     0.937507E-02     0.946230E-02     0.835281E-02     0.111948E-01
  0.131649E-01     0.125669E-01     0.100517E-01     0.938197E-02     0.119995E-01
  0.144721E-01     0.120749E-01     0.114542E-01     0.977357E-02     0.113310E-01
  0.151473E-01     0.100391E-01     0.143215E-01     0.140577E-01     0.128799E-01
  0.133012E-01     0.163054E-01     0.135611E-01     0.140951E-01     0.132554E-01
  0.141713E-01     0.109530E-01     0.122551E-01     0.132244E-01     0.126571E-01
  0.153885E-01     0.126336E-01     0.114590E-01     0.126174E-01     0.112216E-01
  0.137179E-01     0.135626E-01     0.967276E-02     0.154880E-01     0.103282E-01
  0.127293E-01     0.123776E-01     0.145240E-01     0.108862E-01     0.112269E-01
  0.118709E-01     0.145246E-01     0.119282E-01     0.123028E-01     0.108457E-01
  0.115284E-01     0.135552E-01     0.116397E-01     0.153674E-01     0.101464E-01
  0.102025E-01     0.971013E-02     0.141632E-01     0.133972E-01     0.107801E-01
  0.159048E-01     0.165048E-01     0.117961E-01     0.121187E-01     0.123875E-01
  0.161152E-01     0.113670E-01     0.132617E-01     0.118843E-01     0.151895E-01
  0.136030E-01     0.162731E-01     0.145195E-01     0.125318E-01     0.991728E-02
  0.110975E-01     0.154214E-01     0.131882E-01     0.118264E-01     0.139802E-01
  0.135519E-01     0.155160E-01     0.142327E-01     0.110644E-01     0.124067E-01
  0.168152E-01     0.244797E-01     0.240285E-01     0.232622E-01     0.250165E-01
  0.274113E-01     0.283022E-01     0.572799E-01     0.345603E-01     0.414429E-01
  0.709765E-01     0.341098E-01     0.755963E-01     0.961676E-01     0.848443E-01
  0.951554E-01     0.868608E-01     0.129556E+00     0.884005E-01     0.103262E+00
  0.284811E+00     0.153494E+00     0.175817E+00     0.106330E+00     0.133428E+00
  0.161609E+00     0.198841E+00     0.131093E+00     0.150307E+00     0.184152E+00
  0.146686E+00     0.191729E+00     0.213967E+00     0.217779E+00     0.212456E+00
  0.208014E+00     0.215249E+00     0.215989E+00     0.266571E+00     0.356699E+00
  0.327111E+00     0.260158E+00     0.347007E+00     0.354303E+00     0.434445E+00
  0.372084E+00     0.338350E+00     0.383203E+00     0.450197E+00     0.380805E+00
  0.438609E+00     0.444028E+00     0.519510E+00     0.613607E+00     0.489521E+00
  0.611758E+00     0.524287E+00     0.652841E+00
 eigen energies, in ev
    -46.344510       -46.155538       -45.813688       -45.720818       -45.308565
    -29.680675       -28.888239       -28.876979       -28.685904       -28.643958
    -28.604592       -28.564408       -28.462522       -28.419303       -28.305974
    -28.303449       -28.279099       -28.216415       -28.189295       -28.183164
    -28.156980       -28.141697       -28.141072       -28.133788       -28.107328
    -28.102733       -28.048185       -28.017824       -27.989107       -27.986497
    -27.975138       -27.887091       -27.864509       -27.787211       -27.768559
    -27.731745       -27.715585       -27.700592       -27.671152       -27.659867
    -27.650376       -27.635947       -27.628595       -27.607318       -27.541235
    -27.534213       -27.514048       -27.508884       -27.477511       -27.457453
    -27.431757       -27.376905       -27.318494       -27.282923       -27.269494
    -27.265284       -27.264488       -27.223266       -27.222523       -27.220035
    -27.153018       -27.060454       -27.024573       -27.022119       -27.010468
    -27.008135       -26.971100       -26.968008       -26.875317       -26.869475
    -26.823615       -26.818398       -26.770721       -26.710294       -26.698982
    -26.659906       -26.619661       -26.551215       -26.538392       -26.534202
    -26.471106       -26.450207       -26.352778       -26.304378       -26.294524
    -26.252786       -26.235206       -26.218453       -26.182661       -26.180159
    -26.107523       -26.044827       -26.024515       -25.996767       -25.995244
    -25.986137       -25.964836       -25.956235       -25.899754       -25.894585
    -25.891839       -25.871692       -25.844103       -25.799053       -25.784265
    -25.756288       -25.708815       -25.707455       -25.683345       -25.681447
    -25.679967       -25.668379       -25.667418       -25.613807       -25.612815
    -25.611274       -25.536204       -25.529741       -25.496217       -25.470430
    -25.467308       -25.459451       -25.391151       -25.374907       -25.342981
    -25.341265       -25.335718       -25.260312       -25.216054       -25.183606
    -25.178736       -25.105781       -25.077148       -25.039418       -25.015360
    -24.906267       -24.861254       -24.828459       -24.814633       -24.792349
    -24.782335       -24.704070       -24.538540       -24.495284       -24.452894
    -24.377411       -24.213923       -24.166259       -24.119711       -24.047821
    -24.000318       -23.836128       -23.632519       -23.528380       -23.375617
    -23.030003       -22.735366       -22.680886       -22.663968       -22.649026
    -22.537566       -22.512712       -22.479674       -22.478758       -22.455216
    -22.444387       -22.431671       -22.359759       -22.311938       -22.242961
    -22.213901       -22.208176       -22.137811       -22.085836       -22.061495
    -22.061239       -22.014520       -21.969818       -21.947532       -21.858905
    -21.825770       -21.729473       -21.688599       -21.636231       -21.604532
    -21.477895       -21.448947       -21.264861       -21.042010       -20.638184
    -20.002499       -19.469416       -19.108215       -18.920261       -18.594441
    -16.738714       -16.069243       -16.065309       -16.048674       -15.890763
    -15.886800       -15.810663       -15.616276       -15.576925       -15.556437
    -15.547404       -15.496924       -15.478836       -15.451000       -15.427891
    -15.407447       -15.317279       -15.314576       -15.288686       -15.235273
    -15.131142       -15.080047       -15.057099       -14.875639       -14.769110
    -14.752239       -14.693717       -14.683961       -14.675319       -14.634729
    -14.607555       -14.519002       -14.435531       -14.310744       -14.277466
    -14.250948       -14.241173       -14.217945       -14.193841       -14.186455
    -14.177217       -14.120937       -14.120357       -14.108186       -14.080843
    -14.059659       -14.033962       -14.031667       -13.975783       -13.923412
    -13.842646       -13.764510       -13.746476       -13.702345       -13.684807
    -13.632657       -13.609824       -13.153831       -13.141851       -13.023693
    -12.964840       -12.888978       -12.842798       -12.818877       -12.790828
    -12.613370       -12.602006       -12.579469       -12.559913       -12.549491
    -12.545433       -12.466641       -12.392179       -12.218800       -12.175239
    -12.163407       -12.154643       -12.115490       -12.040634       -12.022360
    -11.924978       -11.913835       -11.904439       -11.891952       -11.854922
    -11.812503       -11.783807       -11.779595       -11.774935       -11.735659
    -11.697434       -11.671104       -11.651195       -11.611330       -11.588370
    -11.575960       -11.568318       -11.550339       -11.533774       -11.508908
    -11.358154       -11.332135       -11.309375       -11.297880       -11.257186
    -11.202086       -11.188572       -11.188050       -11.169950       -11.164248
    -11.148131       -11.048375       -10.922946       -10.866041       -10.861195
    -10.848661       -10.832777       -10.816293       -10.759430       -10.753960
    -10.732918       -10.636841       -10.632651       -10.620793       -10.552600
    -10.540855       -10.505855       -10.502802       -10.470126       -10.458758
    -10.449531       -10.421053       -10.397643       -10.390705       -10.342141
    -10.313275       -10.305024       -10.295155       -10.288920       -10.277681
    -10.268475       -10.257852       -10.251391       -10.231608       -10.216444
    -10.207917       -10.198728       -10.193422       -10.156792       -10.140285
    -10.133473       -10.120118       -10.118077       -10.096161       -10.084537
    -10.081561       -10.072843       -10.059597       -10.045661       -10.034428
    -10.024135       -10.015053       -10.006474        -9.989893        -9.967513
     -9.953742        -9.940930        -9.919619        -9.904332        -9.897597
     -9.892098        -9.878183        -9.875194        -9.857383        -9.847270
     -9.845484        -9.839544        -9.819474        -9.807386        -9.798384
     -9.792393        -9.775852        -9.757184        -9.750283        -9.744571
     -9.742536        -9.733315        -9.704288        -9.685144        -9.669942
     -9.659881        -9.600818        -9.589254        -9.558942        -9.527423
     -9.518460        -9.510877        -9.491904        -9.463398        -9.453798
     -9.442421        -9.439370        -9.426067        -9.409098        -9.407292
     -9.401323        -9.387466        -9.383220        -9.372283        -9.365123
     -9.351094        -9.318018        -9.299677        -9.290468        -9.277103
     -9.263691        -9.250018        -9.244142        -9.240381        -9.228196
     -9.212985        -9.194531        -9.179954        -9.174901        -9.172516
     -9.164409        -9.153717        -9.138998        -9.129117        -9.127546
     -9.091801        -9.088682        -9.077133        -9.067790        -9.063139
     -9.037384        -9.020106        -9.011921        -9.009410        -9.004494
     -9.001017        -8.965573        -8.963144        -8.957337        -8.943004
     -8.936518        -8.930593        -8.914354        -8.904414        -8.890978
     -8.885173        -8.874572        -8.857382        -8.841038        -8.837690
     -8.823403        -8.815915        -8.807165        -8.782677        -8.777760
     -8.766739        -8.753973        -8.742227        -8.735333        -8.721316
     -8.710538        -8.705506        -8.689773        -8.686828        -8.664771
     -8.646092        -8.617534        -8.595803        -8.577050        -8.572665
     -8.561491        -8.555073        -8.552059        -8.544525        -8.530996
     -8.516037        -8.491854        -8.485410        -8.479023        -8.473738
     -8.464311        -8.450676        -8.429480        -8.426125        -8.410976
     -8.399304        -8.380486        -8.370709        -8.358262        -8.343395
     -8.339694        -8.329414        -8.319736        -8.309340        -8.302399
     -8.260682        -8.248792        -8.215293        -8.211909        -8.205131
     -8.199188        -8.179857        -8.169774        -8.144133        -8.138810
     -8.124806        -8.111349        -8.109335        -8.085475        -8.071581
     -8.065909        -8.060908        -8.026200        -7.976815        -7.953965
     -7.952512        -7.895756        -7.871161        -7.863734        -7.856845
     -7.845327        -7.782553        -7.767171        -7.758814        -7.756974
     -7.695941        -7.687948        -7.499246        -7.470182        -7.467555
     -7.434390        -7.313511        -7.306975        -7.279424        -7.276770
     -7.263495        -7.255816        -7.247980        -7.232020        -7.210892
     -7.188730        -7.178262        -7.137456        -7.094105        -7.089372
     -7.072272        -7.057553        -7.030481        -6.997405        -6.976336
     -6.965458        -6.948713        -6.924135        -6.871677        -6.862372
     -6.827939        -6.805360        -6.803104        -6.789919        -6.782440
     -6.767299        -6.751570        -6.735241        -6.718066        -6.706896
     -6.701111        -6.697635        -6.694998        -6.691900        -6.664950
     -6.661552        -6.656677        -6.635402        -6.619136        -6.611195
     -6.596544        -6.590233        -6.571909        -6.541988        -6.535813
     -6.526477        -6.523910        -6.510251        -6.502535        -6.487109
     -6.470784        -6.464897        -6.459843        -6.449053        -6.439784
     -6.414677        -6.407505        -6.400439        -6.389182        -6.374932
     -6.370235        -6.364007        -6.360780        -6.354309        -6.346879
     -6.338044        -6.333069        -6.323205        -6.316891        -6.302854
     -6.295942        -6.289938        -6.281091        -6.270385        -6.238530
     -6.229061        -6.218349        -6.206121        -6.201183        -6.195269
     -6.184575        -6.178609        -6.163976        -6.160003        -6.146168
     -6.126665        -6.123420        -6.116441        -6.100782        -6.095508
     -6.068802        -6.062231        -6.057332        -6.016391        -6.012297
     -6.006626        -5.990501        -5.988778        -5.983904        -5.974203
     -5.963242        -5.950772        -5.940440        -5.930630        -5.928415
     -5.915798        -5.908858        -5.891774        -5.882327        -5.876968
     -5.856223        -5.848247        -5.843865        -5.829380        -5.821995
     -5.814375        -5.804863        -5.803494        -5.789181        -5.779656
     -5.777244        -5.773990        -5.759757        -5.753729        -5.744919
     -5.737319        -5.725734        -5.711791        -5.708520        -5.704131
     -5.694564        -5.681569        -5.670472        -5.666732        -5.654803
     -5.650983        -5.648708        -5.634485        -5.631736        -5.626299
     -5.620887        -5.605880        -5.598040        -5.586584        -5.574999
     -5.568987        -5.565743        -5.562048        -5.554562        -5.540382
     -5.535251        -5.528765        -5.523528        -5.520067        -5.510899
     -5.507359        -5.493961        -5.485769        -5.477179        -5.468225
     -5.461783        -5.457802        -5.455148        -5.454561        -5.443480
     -5.441312        -5.438020        -5.429480        -5.417164        -5.410009
     -5.405726        -5.391745        -5.390104        -5.384769        -5.376510
     -5.374320        -5.370694        -5.362545        -5.352419        -5.349917
     -5.343133        -5.334261        -5.330187        -5.322282        -5.319612
     -5.316557        -5.314069        -5.309129        -5.295272        -5.290650
     -5.288274        -5.282223        -5.276744        -5.262526        -5.257313
     -5.251461        -5.242889        -5.234882        -5.231586        -5.225655
     -5.223511        -5.214070        -5.206404        -5.198902        -5.196557
     -5.186047        -5.171182        -5.152826        -5.150131        -5.142129
     -5.135221        -5.126576        -5.119125        -5.113785        -5.106411
     -5.099467        -5.093923        -5.082229        -5.077592        -5.073084
     -5.068119        -5.064792        -5.052477        -5.049943        -5.041696
     -5.038735        -5.027115        -5.018743        -5.009167        -5.005204
     -4.975293        -4.955351        -4.951535        -4.931046        -4.929071
     -4.920587        -4.918829        -4.914933        -4.909094        -4.903447
     -4.901523        -4.895796        -4.881711        -4.879788        -4.871247
     -4.865013        -4.864015        -4.856309        -4.851130        -4.844859
     -4.840143        -4.832060        -4.829535        -4.820781        -4.808801
     -4.799995        -4.793993        -4.791332        -4.776043        -4.772929
     -4.765334        -4.761005        -4.755456        -4.754655        -4.748329
     -4.740456        -4.734221        -4.728636        -4.721747        -4.714808
     -4.705638        -4.696041        -4.688926        -4.678966        -4.676444
     -4.674014        -4.664938        -4.658880        -4.652351        -4.646961
     -4.645046        -4.638150        -4.632391        -4.627508        -4.621857
     -4.615793        -4.610312        -4.602150        -4.595688        -4.581280
     -4.569124        -4.565939        -4.559346        -4.555316        -4.551503
     -4.544265        -4.527837        -4.525826        -4.509679        -4.503073
     -4.483859        -4.454061        -4.445189        -4.437930        -4.435767
     -4.429623        -4.423835        -4.396244        -4.386788        -4.382604
     -4.378551        -4.373638        -4.361384        -4.358274        -4.334776
     -4.331144        -4.327877        -4.313386        -4.300242        -4.297404
     -4.294676        -4.279508        -4.260631        -4.244632        -4.230272
     -4.222430        -4.198217        -4.182220        -4.174740        -4.165882
     -4.157431        -4.135550        -4.111016        -4.101146        -4.093804
     -4.076098        -4.024871        -4.018609        -3.997217        -3.985329
     -3.952252        -3.937657        -3.905757        -3.884172        -3.881986
     -3.840846        -3.819281        -3.760795        -3.750486        -3.747372
     -3.729552        -3.713412        -3.686138        -3.672888        -3.652484
     -3.633200        -3.614668        -3.610201        -3.605743        -3.588513
     -3.585472        -3.554504        -3.531602        -3.500427        -3.488771
     -3.466652        -3.455170        -3.424882        -3.382222        -3.342905
     -3.334224        -3.332773        -3.310868        -3.303027        -3.287594
     -3.264477        -3.239470        -3.232898        -3.224350        -3.205706
     -3.197319        -3.194104        -3.184004        -3.175512        -3.161431
     -3.150132        -3.139174        -3.098789        -3.073091        -3.043324
     -3.022022        -3.015218        -2.991442        -2.986267        -2.969771
     -2.962641        -2.960375        -2.922505        -2.909362        -2.898697
     -2.890797        -2.834142        -2.815112        -2.812570        -2.773358
     -2.763214        -2.741763        -2.709693        -2.708242        -2.692139
     -2.680188        -2.621801        -2.587885        -2.570792        -2.514731
     -2.495433        -2.465639        -2.427718        -2.413012        -2.411143
     -2.377912        -2.353399        -2.294689        -2.286783        -2.268884
     -2.250786        -2.249076        -2.232945        -2.155557        -2.094962
     -2.092932        -2.065372        -2.024559        -1.975179        -1.851419
      1.212049         1.283819         1.817555         1.902826         2.100746
      2.262402         2.268984         2.494220         2.518916         2.556366
      2.683503         2.804647         2.949876         3.139390         3.260870
      3.371510         3.412157         3.453842         3.483630         3.554515
      3.608873         3.647173         3.675296         3.711198         3.730834
      3.778537         3.793481         3.827932         3.902572         3.924103
      3.983509         3.997174         4.044629         4.049554         4.075302
      4.114160         4.119037         4.154299         4.180646         4.205059
      4.245972         4.276075         4.297701         4.333641         4.344830
      4.369556         4.409201         4.430482         4.476932         4.496010
      4.525686         4.594931         4.622264         4.649980         4.679295
      4.741562         4.807223         4.836495
 *********************************
 sum eigen(dbl occ, ryd)=  -1558.96960018713     
 *********************************
 Ef(eV)= -0.736190956461923     
 ***************************************************
 iter=          11
 ---------------------------------------------------
 dvE, dvE(n)-dvE(n-1) = 0.9605E-05 -.3929E-04
 dv_ave, drho_tot     = 0.3099E-02 0.6127E-02
 err of ug            = 0.5666E-03
 ---------------------------------------------------
 Ewald        = -.40302743199754E+05
 Alpha        = 0.15207970391171E+04
 E_extV       = 0.00000000000000E+00    0.0000E+00
 E_NSC        = -.21635247838964E+05    0.6031E+02
 E[-rho*V_Hxc]= -.12508559505256E+06    -.5962E+02
 E_Hxc        = 0.52603232093093E+05    0.4570E+02
 -TS          = -.35505867280506E-26    0.9059E-31
 E_tot(eV)    = -.13289955695907E+06    0.6855E+00
 ---------------------------------------------------
 E_ion,E_coul,E_xc =   -226293.6260332   81443.0992652  -28839.8671721
Ewald+Hart+ion    -0.1851532699677E+06
 ave(vtot)=ave_(V_xc)=: v0= -0.285111606636792     
 Eigen energies are values after setting ave_vtot=0
 ----------------------------------
 One SCF use:    86.0111401081085       s
 *********************************
 ****** kpt=           1
 err of each states, eV
  0.299571E-02     0.842857E-02     0.759339E-02     0.428056E-02     0.103002E-01
  0.455743E-02     0.381663E-02     0.579027E-02     0.404066E-02     0.446771E-02
  0.354413E-02     0.511841E-02     0.455567E-02     0.372243E-02     0.479783E-02
  0.296973E-02     0.460397E-02     0.413917E-02     0.460047E-02     0.479381E-02
  0.421581E-02     0.502332E-02     0.348347E-02     0.361015E-02     0.449492E-02
  0.429329E-02     0.342108E-02     0.346567E-02     0.424739E-02     0.533659E-02
  0.307027E-02     0.543867E-02     0.362981E-02     0.277679E-02     0.332457E-02
  0.464672E-02     0.295889E-02     0.449241E-02     0.348401E-02     0.389775E-02
  0.447100E-02     0.295859E-02     0.304031E-02     0.343650E-02     0.381897E-02
  0.429535E-02     0.449796E-02     0.428267E-02     0.514342E-02     0.407253E-02
  0.332277E-02     0.476022E-02     0.460937E-02     0.433641E-02     0.406656E-02
  0.409971E-02     0.465061E-02     0.491298E-02     0.344453E-02     0.331851E-02
  0.337367E-02     0.449648E-02     0.367059E-02     0.471094E-02     0.457452E-02
  0.300541E-02     0.356430E-02     0.352868E-02     0.458301E-02     0.409141E-02
  0.337843E-02     0.428335E-02     0.319737E-02     0.517605E-02     0.287607E-02
  0.368414E-02     0.339390E-02     0.319359E-02     0.260305E-02     0.248626E-02
  0.435718E-02     0.253498E-02     0.369006E-02     0.314808E-02     0.403249E-02
  0.302832E-02     0.332544E-02     0.276423E-02     0.240534E-02     0.307699E-02
  0.261973E-02     0.299323E-02     0.360823E-02     0.325400E-02     0.318235E-02
  0.275160E-02     0.417628E-02     0.397161E-02     0.305932E-02     0.314339E-02
  0.304900E-02     0.293726E-02     0.253507E-02     0.314094E-02     0.303571E-02
  0.267705E-02     0.220206E-02     0.245583E-02     0.272898E-02     0.230569E-02
  0.287115E-02     0.279088E-02     0.270585E-02     0.378518E-02     0.278816E-02
  0.304589E-02     0.308127E-02     0.278122E-02     0.282958E-02     0.340250E-02
  0.305313E-02     0.264789E-02     0.239532E-02     0.263702E-02     0.298068E-02
  0.317497E-02     0.187400E-02     0.236939E-02     0.301059E-02     0.243979E-02
  0.265820E-02     0.268738E-02     0.325465E-02     0.396937E-02     0.376429E-02
  0.284719E-02     0.302302E-02     0.264704E-02     0.407952E-02     0.487362E-02
  0.450468E-02     0.370614E-02     0.391148E-02     0.355060E-02     0.384933E-02
  0.345041E-02     0.407120E-02     0.339039E-02     0.396348E-02     0.398213E-02
  0.443158E-02     0.423980E-02     0.387305E-02     0.336280E-02     0.474089E-02
  0.391626E-02     0.223238E-02     0.264212E-02     0.217279E-02     0.354512E-02
  0.267692E-02     0.444201E-02     0.255163E-02     0.254218E-02     0.501663E-02
  0.354777E-02     0.421206E-02     0.491112E-02     0.566155E-02     0.328023E-02
  0.658813E-02     0.193307E-02     0.520829E-02     0.310849E-02     0.509615E-02
  0.333138E-02     0.229487E-02     0.534566E-02     0.470268E-02     0.221828E-02
  0.371155E-02     0.307946E-02     0.333373E-02     0.359536E-02     0.326185E-02
  0.411519E-02     0.329384E-02     0.364323E-02     0.339793E-02     0.397080E-02
  0.445142E-02     0.340034E-02     0.320937E-02     0.366811E-02     0.304001E-02
  0.446562E-02     0.241608E-02     0.259004E-02     0.363689E-02     0.384388E-02
  0.404954E-02     0.434591E-02     0.214094E-02     0.292579E-02     0.213189E-02
  0.487345E-02     0.394561E-02     0.265357E-02     0.454672E-02     0.328450E-02
  0.298464E-02     0.259694E-02     0.252210E-02     0.250608E-02     0.386304E-02
  0.262864E-02     0.271240E-02     0.208023E-02     0.307272E-02     0.206826E-02
  0.300956E-02     0.458010E-02     0.286102E-02     0.288969E-02     0.452705E-02
  0.444631E-02     0.283808E-02     0.348071E-02     0.305225E-02     0.245811E-02
  0.314622E-02     0.314420E-02     0.397635E-02     0.375625E-02     0.287260E-02
  0.360380E-02     0.452747E-02     0.380683E-02     0.446628E-02     0.417390E-02
  0.282164E-02     0.309248E-02     0.396177E-02     0.408440E-02     0.296530E-02
  0.321192E-02     0.247131E-02     0.349157E-02     0.263199E-02     0.261134E-02
  0.279091E-02     0.413710E-02     0.252281E-02     0.252430E-02     0.287040E-02
  0.278191E-02     0.268095E-02     0.214217E-02     0.228699E-02     0.190712E-02
  0.259751E-02     0.245245E-02     0.241116E-02     0.222717E-02     0.563426E-02
  0.224331E-02     0.394799E-02     0.477368E-02     0.409213E-02     0.376604E-02
  0.319951E-02     0.385291E-02     0.313746E-02     0.533811E-02     0.398722E-02
  0.423489E-02     0.329639E-02     0.345246E-02     0.348645E-02     0.401254E-02
  0.477596E-02     0.410683E-02     0.483370E-02     0.295509E-02     0.280510E-02
  0.286213E-02     0.363597E-02     0.395316E-02     0.361946E-02     0.306693E-02
  0.392568E-02     0.361435E-02     0.342206E-02     0.451906E-02     0.442655E-02
  0.327666E-02     0.264284E-02     0.250302E-02     0.338083E-02     0.333658E-02
  0.322221E-02     0.219580E-02     0.322430E-02     0.256675E-02     0.238588E-02
  0.433433E-02     0.316207E-02     0.289363E-02     0.268250E-02     0.268267E-02
  0.258465E-02     0.245623E-02     0.510994E-02     0.266324E-02     0.602958E-02
  0.441857E-02     0.460646E-02     0.624738E-02     0.468488E-02     0.306467E-02
  0.411253E-02     0.415967E-02     0.365466E-02     0.463647E-02     0.383881E-02
  0.403992E-02     0.345686E-02     0.319376E-02     0.395535E-02     0.430546E-02
  0.395629E-02     0.372557E-02     0.398001E-02     0.427685E-02     0.463139E-02
  0.423573E-02     0.414403E-02     0.406217E-02     0.443927E-02     0.466276E-02
  0.481075E-02     0.433498E-02     0.485308E-02     0.506939E-02     0.473070E-02
  0.436944E-02     0.404896E-02     0.376264E-02     0.399634E-02     0.386165E-02
  0.498607E-02     0.622506E-02     0.381594E-02     0.408874E-02     0.402431E-02
  0.491793E-02     0.470048E-02     0.428897E-02     0.375736E-02     0.417746E-02
  0.442730E-02     0.347134E-02     0.387426E-02     0.422066E-02     0.427319E-02
  0.368783E-02     0.400502E-02     0.385904E-02     0.335087E-02     0.581919E-02
  0.380408E-02     0.307491E-02     0.306450E-02     0.398837E-02     0.344657E-02
  0.380309E-02     0.353793E-02     0.307992E-02     0.379439E-02     0.461298E-02
  0.513842E-02     0.414005E-02     0.443543E-02     0.396795E-02     0.539958E-02
  0.383115E-02     0.299255E-02     0.353830E-02     0.480419E-02     0.539521E-02
  0.297304E-02     0.297788E-02     0.437076E-02     0.273312E-02     0.238548E-02
  0.396016E-02     0.338312E-02     0.366866E-02     0.322491E-02     0.406969E-02
  0.370687E-02     0.369640E-02     0.408682E-02     0.406960E-02     0.379488E-02
  0.435720E-02     0.430686E-02     0.319578E-02     0.435602E-02     0.426644E-02
  0.410399E-02     0.437642E-02     0.340590E-02     0.571323E-02     0.492641E-02
  0.425608E-02     0.420454E-02     0.326721E-02     0.342137E-02     0.418283E-02
  0.497408E-02     0.472551E-02     0.386129E-02     0.482861E-02     0.433225E-02
  0.437086E-02     0.445056E-02     0.443191E-02     0.396353E-02     0.410127E-02
  0.324531E-02     0.359016E-02     0.566419E-02     0.390676E-02     0.381570E-02
  0.410867E-02     0.440918E-02     0.292077E-02     0.364280E-02     0.357020E-02
  0.338293E-02     0.517420E-02     0.405710E-02     0.286898E-02     0.415798E-02
  0.613368E-02     0.465367E-02     0.483387E-02     0.396139E-02     0.333850E-02
  0.417142E-02     0.463959E-02     0.443080E-02     0.491480E-02     0.358068E-02
  0.330554E-02     0.351547E-02     0.387846E-02     0.505955E-02     0.417678E-02
  0.480423E-02     0.462034E-02     0.457044E-02     0.488771E-02     0.419451E-02
  0.538933E-02     0.492705E-02     0.370858E-02     0.422775E-02     0.454741E-02
  0.369090E-02     0.583934E-02     0.357341E-02     0.387305E-02     0.417219E-02
  0.439257E-02     0.486286E-02     0.496769E-02     0.407872E-02     0.530666E-02
  0.614770E-02     0.467331E-02     0.498536E-02     0.595636E-02     0.386725E-02
  0.563305E-02     0.438016E-02     0.363302E-02     0.416101E-02     0.399659E-02
  0.510268E-02     0.405447E-02     0.609044E-02     0.594487E-02     0.508726E-02
  0.647334E-02     0.517566E-02     0.375159E-02     0.348749E-02     0.450185E-02
  0.469104E-02     0.416938E-02     0.384058E-02     0.388345E-02     0.457452E-02
  0.420486E-02     0.379455E-02     0.683054E-02     0.525428E-02     0.514246E-02
  0.625962E-02     0.826451E-02     0.722589E-02     0.451550E-02     0.516401E-02
  0.403362E-02     0.568450E-02     0.697000E-02     0.743858E-02     0.348021E-02
  0.783179E-02     0.443365E-02     0.340441E-02     0.320959E-02     0.418438E-02
  0.786772E-02     0.763036E-02     0.632075E-02     0.353682E-02     0.270285E-02
  0.831311E-02     0.432508E-02     0.383881E-02     0.538741E-02     0.490520E-02
  0.513077E-02     0.587920E-02     0.476045E-02     0.523015E-02     0.455204E-02
  0.391777E-02     0.422013E-02     0.399291E-02     0.383219E-02     0.431203E-02
  0.392252E-02     0.576271E-02     0.705952E-02     0.580294E-02     0.380770E-02
  0.572574E-02     0.387988E-02     0.478772E-02     0.522338E-02     0.569864E-02
  0.492827E-02     0.407497E-02     0.372796E-02     0.563899E-02     0.445813E-02
  0.419672E-02     0.378974E-02     0.512872E-02     0.481071E-02     0.466609E-02
  0.483141E-02     0.467438E-02     0.605192E-02     0.471674E-02     0.532454E-02
  0.408993E-02     0.466353E-02     0.469500E-02     0.487163E-02     0.558918E-02
  0.475357E-02     0.368944E-02     0.395164E-02     0.475848E-02     0.482794E-02
  0.465255E-02     0.365979E-02     0.351464E-02     0.327095E-02     0.379875E-02
  0.468932E-02     0.483041E-02     0.438409E-02     0.528238E-02     0.454635E-02
  0.419155E-02     0.386243E-02     0.335019E-02     0.384130E-02     0.337623E-02
  0.403718E-02     0.391533E-02     0.328873E-02     0.401145E-02     0.353797E-02
  0.494433E-02     0.387259E-02     0.471986E-02     0.402200E-02     0.400419E-02
  0.397094E-02     0.448496E-02     0.362380E-02     0.496014E-02     0.533676E-02
  0.435506E-02     0.506573E-02     0.351691E-02     0.455276E-02     0.488557E-02
  0.504619E-02     0.475706E-02     0.460495E-02     0.368849E-02     0.415829E-02
  0.436710E-02     0.584065E-02     0.421826E-02     0.422578E-02     0.330708E-02
  0.608283E-02     0.483419E-02     0.538992E-02     0.403586E-02     0.567176E-02
  0.565255E-02     0.526260E-02     0.333479E-02     0.412884E-02     0.478501E-02
  0.455593E-02     0.523193E-02     0.369554E-02     0.392003E-02     0.393336E-02
  0.514108E-02     0.378889E-02     0.323523E-02     0.341842E-02     0.626516E-02
  0.747665E-02     0.453237E-02     0.356256E-02     0.420191E-02     0.368183E-02
  0.598693E-02     0.632530E-02     0.390629E-02     0.478650E-02     0.379878E-02
  0.498955E-02     0.524435E-02     0.396056E-02     0.513951E-02     0.350690E-02
  0.408114E-02     0.406028E-02     0.333554E-02     0.307036E-02     0.411284E-02
  0.304606E-02     0.556840E-02     0.427154E-02     0.475548E-02     0.389249E-02
  0.357954E-02     0.636728E-02     0.350176E-02     0.358946E-02     0.353608E-02
  0.443471E-02     0.377414E-02     0.402779E-02     0.346555E-02     0.422154E-02
  0.415411E-02     0.355867E-02     0.478826E-02     0.382722E-02     0.404911E-02
  0.393379E-02     0.349401E-02     0.376092E-02     0.402879E-02     0.441570E-02
  0.455885E-02     0.499317E-02     0.390769E-02     0.505428E-02     0.413811E-02
  0.432498E-02     0.436000E-02     0.426303E-02     0.410511E-02     0.397104E-02
  0.438295E-02     0.391667E-02     0.460518E-02     0.465795E-02     0.442745E-02
  0.441385E-02     0.362890E-02     0.405991E-02     0.378928E-02     0.376268E-02
  0.407390E-02     0.371511E-02     0.351551E-02     0.387173E-02     0.429076E-02
  0.412220E-02     0.402781E-02     0.454076E-02     0.409040E-02     0.434785E-02
  0.429013E-02     0.411469E-02     0.373722E-02     0.378355E-02     0.380421E-02
  0.404388E-02     0.341610E-02     0.427998E-02     0.468516E-02     0.437385E-02
  0.434256E-02     0.571963E-02     0.476619E-02     0.411992E-02     0.376734E-02
  0.384515E-02     0.438136E-02     0.402625E-02     0.349405E-02     0.388097E-02
  0.401695E-02     0.417629E-02     0.432181E-02     0.421712E-02     0.329370E-02
  0.382946E-02     0.318419E-02     0.404989E-02     0.419166E-02     0.390381E-02
  0.351805E-02     0.400730E-02     0.418415E-02     0.383103E-02     0.484646E-02
  0.459878E-02     0.470762E-02     0.486238E-02     0.454077E-02     0.469926E-02
  0.427144E-02     0.561986E-02     0.546721E-02     0.444157E-02     0.448822E-02
  0.447861E-02     0.486671E-02     0.432695E-02     0.449366E-02     0.374616E-02
  0.537640E-02     0.468431E-02     0.566502E-02     0.422478E-02     0.406875E-02
  0.389688E-02     0.409801E-02     0.414493E-02     0.361779E-02     0.324216E-02
  0.387196E-02     0.329656E-02     0.337294E-02     0.340586E-02     0.307113E-02
  0.420983E-02     0.406961E-02     0.370390E-02     0.390683E-02     0.499340E-02
  0.560788E-02     0.453709E-02     0.333598E-02     0.408344E-02     0.522370E-02
  0.419318E-02     0.476537E-02     0.403490E-02     0.401416E-02     0.366087E-02
  0.376235E-02     0.400871E-02     0.396723E-02     0.439952E-02     0.341407E-02
  0.371808E-02     0.430892E-02     0.357051E-02     0.391500E-02     0.490675E-02
  0.570405E-02     0.469346E-02     0.376151E-02     0.361638E-02     0.453579E-02
  0.417769E-02     0.549053E-02     0.471372E-02     0.445764E-02     0.605861E-02
  0.439363E-02     0.604852E-02     0.531849E-02     0.439879E-02     0.497937E-02
  0.585351E-02     0.397447E-02     0.389678E-02     0.434088E-02     0.559213E-02
  0.544525E-02     0.500155E-02     0.594561E-02     0.567442E-02     0.447010E-02
  0.466972E-02     0.402959E-02     0.439471E-02     0.476081E-02     0.459217E-02
  0.495461E-02     0.355798E-02     0.366305E-02     0.376984E-02     0.372605E-02
  0.705723E-02     0.356504E-02     0.629387E-02     0.560613E-02     0.580503E-02
  0.512352E-02     0.477513E-02     0.371381E-02     0.510570E-02     0.440365E-02
  0.528390E-02     0.534753E-02     0.432952E-02     0.352647E-02     0.587284E-02
  0.858962E-02     0.486613E-02     0.438511E-02     0.380794E-02     0.426058E-02
  0.524808E-02     0.713773E-02     0.732169E-02     0.397080E-02     0.681682E-02
  0.596472E-02     0.568176E-02     0.557464E-02     0.543282E-02     0.416905E-02
  0.570080E-02     0.586135E-02     0.538308E-02     0.509099E-02     0.829583E-02
  0.479159E-02     0.467639E-02     0.921222E-02     0.628535E-02     0.485644E-02
  0.531528E-02     0.512774E-02     0.365916E-02     0.375408E-02     0.475361E-02
  0.481046E-02     0.561159E-02     0.837219E-02     0.610825E-02     0.553105E-02
  0.395987E-02     0.690200E-02     0.667884E-02     0.557034E-02     0.508044E-02
  0.585196E-02     0.584067E-02     0.783135E-02     0.769259E-02     0.721602E-02
  0.686263E-02     0.610892E-02     0.521153E-02     0.644466E-02     0.637023E-02
  0.710059E-02     0.669312E-02     0.540054E-02     0.627234E-02     0.652840E-02
  0.622852E-02     0.633456E-02     0.588270E-02     0.568366E-02     0.541205E-02
  0.592020E-02     0.436681E-02     0.670176E-02     0.501999E-02     0.714699E-02
  0.614338E-02     0.583775E-02     0.514470E-02     0.568450E-02     0.516340E-02
  0.789259E-02     0.491459E-02     0.600189E-02     0.553089E-02     0.789698E-02
  0.880565E-02     0.624955E-02     0.852891E-02     0.649355E-02     0.630342E-02
  0.454064E-02     0.616221E-02     0.562460E-02     0.582207E-02     0.586404E-02
  0.910611E-02     0.682487E-02     0.527359E-02     0.506461E-02     0.569120E-02
  0.688671E-02     0.434201E-02     0.424939E-02     0.549337E-02     0.708970E-02
  0.551520E-02     0.729340E-02     0.392800E-02     0.399108E-02     0.530887E-02
  0.629388E-02     0.464795E-02     0.558703E-02     0.792640E-02     0.435996E-02
  0.451584E-02     0.467887E-02     0.576950E-02     0.549072E-02     0.586097E-02
  0.129664E-01     0.138821E-01     0.142798E-01     0.148344E-01     0.168857E-01
  0.214450E-01     0.203357E-01     0.323933E-01     0.305221E-01     0.310127E-01
  0.367504E-01     0.245729E-01     0.606684E-01     0.731387E-01     0.714986E-01
  0.714981E-01     0.668851E-01     0.111411E+00     0.959030E-01     0.107114E+00
  0.186525E+00     0.973267E-01     0.132817E+00     0.138247E+00     0.118519E+00
  0.161640E+00     0.142638E+00     0.133060E+00     0.149225E+00     0.156644E+00
  0.158355E+00     0.171149E+00     0.164441E+00     0.212219E+00     0.208887E+00
  0.221345E+00     0.179149E+00     0.233324E+00     0.224563E+00     0.304041E+00
  0.261664E+00     0.230091E+00     0.381405E+00     0.325624E+00     0.271702E+00
  0.256772E+00     0.337193E+00     0.315056E+00     0.346704E+00     0.474059E+00
  0.316197E+00     0.408722E+00     0.511953E+00     0.510560E+00     0.509442E+00
  0.433940E+00     0.539026E+00     0.666214E+00
 eigen energies, in ev
    -46.085117       -45.860693       -45.555795       -45.508877       -45.044672
    -29.638594       -28.927028       -28.918846       -28.735758       -28.728638
    -28.595841       -28.590360       -28.535439       -28.440295       -28.345506
    -28.332712       -28.307958       -28.251353       -28.242945       -28.208374
    -28.195491       -28.181302       -28.170348       -28.154007       -28.152624
    -28.101878       -28.080927       -28.024185       -28.003821       -27.984462
    -27.965757       -27.933277       -27.868955       -27.805285       -27.774349
    -27.763935       -27.741015       -27.740703       -27.708454       -27.706973
    -27.660385       -27.625412       -27.609211       -27.605403       -27.577775
    -27.567147       -27.563659       -27.554385       -27.518127       -27.445580
    -27.432575       -27.371453       -27.359380       -27.326656       -27.305489
    -27.292505       -27.274651       -27.265332       -27.257874       -27.205060
    -27.179447       -27.087517       -27.046692       -27.045985       -27.024428
    -27.012776       -27.006627       -26.991951       -26.933269       -26.903199
    -26.855642       -26.855081       -26.807977       -26.721352       -26.706861
    -26.686806       -26.661416       -26.598115       -26.584113       -26.579814
    -26.522520       -26.508275       -26.385180       -26.327602       -26.307937
    -26.306217       -26.289100       -26.236834       -26.226802       -26.174483
    -26.133715       -26.112778       -26.069521       -26.057320       -26.020279
    -26.005936       -25.993619       -25.990102       -25.940127       -25.927230
    -25.909676       -25.885439       -25.872455       -25.831549       -25.821721
    -25.818599       -25.740433       -25.721714       -25.720132       -25.701129
    -25.694941       -25.674337       -25.649928       -25.645300       -25.635050
    -25.577968       -25.576993       -25.532581       -25.516746       -25.516709
    -25.504656       -25.487367       -25.395045       -25.385786       -25.380779
    -25.375500       -25.341651       -25.271865       -25.209977       -25.200085
    -25.107908       -25.105451       -25.000354       -24.989095       -24.897454
    -24.835071       -24.810247       -24.809930       -24.788970       -24.748874
    -24.638107       -24.579085       -24.384181       -24.326497       -24.296062
    -24.268114       -24.144315       -23.989093       -23.985010       -23.945410
    -23.818437       -23.754054       -23.558174       -23.342962       -23.317695
    -22.970368       -22.776660       -22.707015       -22.687156       -22.556008
    -22.526795       -22.374525       -22.352860       -22.339427       -22.323863
    -22.300517       -22.285102       -22.270400       -22.250516       -22.233846
    -22.050036       -22.032899       -22.018398       -21.991496       -21.979870
    -21.974792       -21.967212       -21.900095       -21.886293       -21.841296
    -21.785447       -21.725243       -21.688258       -21.633232       -21.614264
    -21.401071       -21.400521       -21.185502       -21.003006       -20.576503
    -19.898531       -19.390984       -19.045099       -18.829485       -18.549867
    -16.560884       -16.090881       -15.940403       -15.907247       -15.887455
    -15.728177       -15.621945       -15.543695       -15.533491       -15.483589
    -15.443936       -15.421050       -15.413922       -15.395212       -15.376989
    -15.363086       -15.344085       -15.318969       -15.270963       -15.263636
    -15.145888       -15.122496       -15.111535       -14.789934       -14.763277
    -14.735828       -14.705249       -14.704300       -14.649514       -14.605970
    -14.565690       -14.465507       -14.337486       -14.295166       -14.218712
    -14.207119       -14.170911       -14.155533       -14.140242       -14.139761
    -14.105828       -14.073941       -14.068197       -14.055279       -14.051871
    -14.040599       -14.013674       -13.929339       -13.893497       -13.875050
    -13.840725       -13.776917       -13.710280       -13.708924       -13.667688
    -13.657329       -13.531379       -13.187463       -13.179813       -13.062934
    -12.971043       -12.926795       -12.877768       -12.858133       -12.807122
    -12.640185       -12.615816       -12.599588       -12.571334       -12.489568
    -12.422473       -12.402189       -12.328351       -12.218040       -12.202566
    -12.171004       -12.093802       -12.082645       -12.007525       -11.961274
    -11.941672       -11.893559       -11.866469       -11.791604       -11.761035
    -11.751804       -11.738565       -11.726072       -11.711102       -11.673023
    -11.662453       -11.639996       -11.628809       -11.611544       -11.605570
    -11.587102       -11.582778       -11.564483       -11.523776       -11.444419
    -11.381762       -11.365819       -11.342197       -11.278801       -11.262808
    -11.224020       -11.216914       -11.207780       -11.198477       -11.191171
    -11.116104       -11.089635       -10.950399       -10.915867       -10.878512
    -10.875998       -10.780507       -10.778416       -10.772714       -10.687500
    -10.627648       -10.625787       -10.585474       -10.569057       -10.554959
    -10.534295       -10.518913       -10.502691       -10.464445       -10.449703
    -10.444798       -10.396336       -10.378499       -10.369229       -10.352536
    -10.320937       -10.313214       -10.301172       -10.296324       -10.274053
    -10.268557       -10.257896       -10.255407       -10.238270       -10.217451
    -10.191829       -10.178369       -10.172359       -10.165034       -10.153857
    -10.139496       -10.129382       -10.110883       -10.104277       -10.098911
    -10.087436       -10.083981       -10.072875       -10.055691       -10.036126
    -10.021248       -10.006789        -9.988856        -9.977552        -9.945929
     -9.943868        -9.930002        -9.924358        -9.920355        -9.900919
     -9.896663        -9.887123        -9.881948        -9.868110        -9.860211
     -9.845384        -9.834551        -9.827244        -9.812832        -9.806982
     -9.768344        -9.765365        -9.754293        -9.753299        -9.750177
     -9.738725        -9.729878        -9.722182        -9.689050        -9.657917
     -9.632412        -9.613010        -9.588313        -9.565317        -9.562008
     -9.538568        -9.533799        -9.520257        -9.477978        -9.462419
     -9.459800        -9.445851        -9.442371        -9.432841        -9.416140
     -9.407325        -9.387823        -9.358614        -9.352471        -9.349207
     -9.341843        -9.330458        -9.317026        -9.291644        -9.281086
     -9.275214        -9.260633        -9.253100        -9.251202        -9.242238
     -9.233176        -9.211485        -9.201230        -9.193729        -9.181251
     -9.166472        -9.162185        -9.147701        -9.135052        -9.114287
     -9.098495        -9.079063        -9.063574        -9.051629        -9.046335
     -9.031350        -9.024238        -9.020086        -9.014220        -8.993613
     -8.982154        -8.979296        -8.964164        -8.940031        -8.936227
     -8.904254        -8.894098        -8.875660        -8.869219        -8.847574
     -8.843746        -8.829800        -8.815558        -8.794270        -8.789080
     -8.783974        -8.775546        -8.766337        -8.758862        -8.746743
     -8.736969        -8.734866        -8.722270        -8.708184        -8.682963
     -8.664928        -8.656092        -8.634090        -8.613438        -8.607897
     -8.597346        -8.596471        -8.577601        -8.577038        -8.573868
     -8.565582        -8.556967        -8.507417        -8.500624        -8.482294
     -8.462328        -8.458317        -8.453493        -8.442179        -8.422436
     -8.420700        -8.413683        -8.393370        -8.384627        -8.376859
     -8.368049        -8.351466        -8.344149        -8.317462        -8.300564
     -8.293628        -8.285456        -8.266016        -8.253923        -8.242761
     -8.220958        -8.203656        -8.171571        -8.155301        -8.153822
     -8.148419        -8.135923        -8.114390        -8.107320        -8.084383
     -8.080882        -8.076268        -8.065553        -8.060286        -8.053031
     -8.049080        -8.030152        -7.950247        -7.910872        -7.905493
     -7.886875        -7.840907        -7.832844        -7.811618        -7.791843
     -7.750065        -7.749558        -7.718188        -7.698414        -7.688107
     -7.664960        -7.606454        -7.508032        -7.488351        -7.446270
     -7.425273        -7.360816        -7.287590        -7.265245        -7.247364
     -7.244731        -7.232415        -7.212555        -7.191748        -7.181342
     -7.152976        -7.151650        -7.139648        -7.069813        -7.006413
     -6.999562        -6.959027        -6.948125        -6.908842        -6.905885
     -6.889347        -6.866963        -6.850748        -6.849010        -6.824038
     -6.810740        -6.791576        -6.783288        -6.764880        -6.759210
     -6.750006        -6.738519        -6.724198        -6.718774        -6.714289
     -6.697765        -6.688990        -6.673232        -6.669608        -6.659329
     -6.638720        -6.631362        -6.615988        -6.607646        -6.587087
     -6.575435        -6.569782        -6.563648        -6.547693        -6.535400
     -6.515803        -6.504237        -6.499522        -6.493924        -6.483266
     -6.471501        -6.462196        -6.450820        -6.438471        -6.428207
     -6.426531        -6.424003        -6.409131        -6.388012        -6.386385
     -6.377014        -6.372900        -6.357515        -6.347948        -6.343702
     -6.334070        -6.322108        -6.314770        -6.303846        -6.270303
     -6.250887        -6.247756        -6.240148        -6.230983        -6.217356
     -6.208404        -6.200699        -6.194802        -6.182633        -6.164743
     -6.151411        -6.140617        -6.133989        -6.130084        -6.119217
     -6.108632        -6.091556        -6.085412        -6.070643        -6.051314
     -6.050418        -6.043617        -6.035439        -6.025215        -6.013801
     -6.006778        -5.999769        -5.991524        -5.988440        -5.966003
     -5.953116        -5.937760        -5.921205        -5.912433        -5.905087
     -5.890523        -5.885798        -5.875219        -5.866735        -5.854588
     -5.843620        -5.840938        -5.835399        -5.827302        -5.802813
     -5.794741        -5.785487        -5.783288        -5.780019        -5.775456
     -5.770567        -5.762655        -5.759678        -5.740578        -5.722475
     -5.711582        -5.703398        -5.696429        -5.686547        -5.683275
     -5.677225        -5.670309        -5.667430        -5.663543        -5.658289
     -5.655612        -5.632704        -5.632271        -5.623291        -5.618624
     -5.603387        -5.597671        -5.595977        -5.584576        -5.579431
     -5.571087        -5.568455        -5.556383        -5.552684        -5.546813
     -5.541005        -5.530510        -5.525162        -5.502638        -5.499231
     -5.492015        -5.485787        -5.480666        -5.461046        -5.457151
     -5.451463        -5.446443        -5.445168        -5.435336        -5.431890
     -5.422991        -5.412647        -5.409298        -5.404774        -5.398003
     -5.392767        -5.385464        -5.378929        -5.374022        -5.372567
     -5.365146        -5.357130        -5.354342        -5.344678        -5.343218
     -5.334292        -5.324467        -5.322368        -5.317907        -5.306649
     -5.296379        -5.288126        -5.282307        -5.277322        -5.271242
     -5.261485        -5.254773        -5.246655        -5.242893        -5.239151
     -5.232846        -5.231443        -5.223859        -5.212547        -5.205662
     -5.195344        -5.186878        -5.180655        -5.175158        -5.167842
     -5.148653        -5.146797        -5.141016        -5.128691        -5.125142
     -5.119288        -5.107188        -5.105903        -5.100349        -5.093770
     -5.083426        -5.078137        -5.070606        -5.057738        -5.054059
     -5.041048        -5.037557        -5.035973        -5.015790        -5.010952
     -5.004739        -4.988576        -4.981081        -4.974112        -4.970554
     -4.965660        -4.958064        -4.950669        -4.939730        -4.933861
     -4.928943        -4.925273        -4.920601        -4.915748        -4.910278
     -4.903414        -4.900824        -4.892427        -4.881317        -4.875769
     -4.868685        -4.863392        -4.859507        -4.851095        -4.850020
     -4.838946        -4.826841        -4.815962        -4.809341        -4.802746
     -4.798293        -4.796437        -4.781628        -4.779585        -4.774958
     -4.774035        -4.765173        -4.741225        -4.736749        -4.734193
     -4.730836        -4.724267        -4.715907        -4.708971        -4.694732
     -4.681713        -4.673161        -4.671484        -4.661600        -4.659909
     -4.655285        -4.646552        -4.643611        -4.642411        -4.631291
     -4.626972        -4.619447        -4.608693        -4.604063        -4.591800
     -4.576680        -4.569836        -4.566592        -4.561896        -4.551606
     -4.547318        -4.540919        -4.529207        -4.526880        -4.522461
     -4.507960        -4.504690        -4.491620        -4.486093        -4.470042
     -4.437358        -4.423134        -4.420747        -4.417212        -4.411939
     -4.405294        -4.390946        -4.381824        -4.373898        -4.361391
     -4.358606        -4.344968        -4.327206        -4.322755        -4.316622
     -4.293926        -4.278825        -4.276398        -4.271380        -4.250439
     -4.242550        -4.220534        -4.209436        -4.187616        -4.171151
     -4.145483        -4.130783        -4.124896        -4.119452        -4.113944
     -4.100947        -4.089014        -4.080689        -4.048771        -4.036971
     -4.022887        -4.012648        -3.992869        -3.983587        -3.949911
     -3.902704        -3.899871        -3.870374        -3.849597        -3.836916
     -3.813212        -3.790940        -3.761801        -3.743697        -3.734440
     -3.704282        -3.667281        -3.632513        -3.629048        -3.618964
     -3.576901        -3.563506        -3.552536        -3.535532        -3.524765
     -3.520454        -3.512149        -3.507267        -3.493593        -3.465508
     -3.448745        -3.417392        -3.364804        -3.310573        -3.276369
     -3.263141        -3.257718        -3.239288        -3.223913        -3.193874
     -3.190366        -3.187884        -3.172160        -3.161158        -3.152390
     -3.136984        -3.126349        -3.115397        -3.082792        -3.079663
     -3.042348        -3.038572        -3.026614        -3.015843        -2.998650
     -2.992744        -2.963882        -2.954019        -2.948298        -2.940754
     -2.924501        -2.907182        -2.871959        -2.851872        -2.847744
     -2.804559        -2.792494        -2.780807        -2.763269        -2.761560
     -2.731356        -2.712184        -2.708634        -2.666223        -2.637859
     -2.619687        -2.613583        -2.604440        -2.602015        -2.538372
     -2.529380        -2.496580        -2.452777        -2.440755        -2.406750
     -2.399504        -2.366448        -2.314383        -2.289206        -2.263371
     -2.256069        -2.245181        -2.196813        -2.146242        -2.118681
     -2.117207        -2.077007        -2.028158        -1.995100        -1.859970
      1.387988         1.442070         1.948525         2.071549         2.244391
      2.398442         2.416435         2.567913         2.681080         2.691696
      2.782035         2.951196         3.037844         3.231191         3.354434
      3.441906         3.483412         3.514843         3.556202         3.616989
      3.661537         3.695447         3.755311         3.771167         3.783522
      3.818106         3.842715         3.892552         3.977561         3.992417
      4.036846         4.054907         4.087412         4.093603         4.124462
      4.161221         4.179754         4.215514         4.223117         4.239280
      4.283971         4.301074         4.305425         4.373705         4.385774
      4.413010         4.427023         4.458963         4.494824         4.510487
      4.572701         4.608756         4.624590         4.663859         4.689388
      4.776370         4.817179         4.842526
 *********************************
 sum eigen(dbl occ, ryd)=  -1555.54178997953     
 *********************************
 Ef(eV)= -0.710757561593630     
 ***************************************************
 iter=          12
 ---------------------------------------------------
 dvE, dvE(n)-dvE(n-1) = 0.1248E-04 0.2875E-05
 dv_ave, drho_tot     = 0.3533E-02 0.3658E-02
 err of ug            = 0.3159E-03
 ---------------------------------------------------
 Ewald        = -.40302743199754E+05
 Alpha        = 0.15207970391171E+04
 E_extV       = 0.00000000000000E+00    0.0000E+00
 E_NSC        = -.21596176495067E+05    0.3907E+02
 E[-rho*V_Hxc]= -.12515540866907E+06    -.3857E+02
 E_Hxc        = 0.52634480547302E+05    0.3125E+02
 -TS          = -.35505862147159E-26    0.5133E-33
 E_tot(eV)    = -.13289905077747E+06    0.5062E+00
 ---------------------------------------------------
 E_ion,E_coul,E_xc =   -226325.1497886   81484.9120791  -28850.4315318
Ewald+Hart+ion    -0.1851429809092E+06
 ave(vtot)=ave_(V_xc)=: v0= -0.283897808999522     
 Eigen energies are values after setting ave_vtot=0
 ----------------------------------
 One SCF use:    86.0106229782104       s
 *********************************
 ****** kpt=           1
 err of each states, eV
  0.287856E-02     0.698953E-02     0.992132E-02     0.721555E-02     0.102733E-01
  0.317940E-02     0.551943E-02     0.539491E-02     0.547946E-02     0.408229E-02
  0.465784E-02     0.434463E-02     0.245751E-02     0.269819E-02     0.394355E-02
  0.428571E-02     0.362197E-02     0.341223E-02     0.382435E-02     0.514757E-02
  0.399005E-02     0.553292E-02     0.289666E-02     0.458092E-02     0.311113E-02
  0.426888E-02     0.401105E-02     0.246120E-02     0.418886E-02     0.401453E-02
  0.208534E-02     0.178463E-02     0.213204E-02     0.274083E-02     0.451466E-02
  0.399253E-02     0.327298E-02     0.300969E-02     0.377024E-02     0.252871E-02
  0.231477E-02     0.184793E-02     0.399699E-02     0.201017E-02     0.292217E-02
  0.153305E-02     0.334785E-02     0.371771E-02     0.219722E-02     0.248831E-02
  0.305694E-02     0.294395E-02     0.412525E-02     0.300698E-02     0.395493E-02
  0.153941E-02     0.241741E-02     0.382074E-02     0.238862E-02     0.285453E-02
  0.257210E-02     0.232347E-02     0.125874E-02     0.159690E-02     0.161432E-02
  0.216728E-02     0.144131E-02     0.110021E-02     0.318702E-02     0.373037E-02
  0.319885E-02     0.213164E-02     0.132195E-02     0.266005E-02     0.317162E-02
  0.309142E-02     0.277722E-02     0.344983E-02     0.187067E-02     0.123828E-02
  0.361245E-02     0.181082E-02     0.104690E-02     0.443664E-02     0.301076E-02
  0.224154E-02     0.217661E-02     0.204809E-02     0.202300E-02     0.169750E-02
  0.104732E-02     0.117667E-02     0.207486E-02     0.423186E-02     0.288867E-02
  0.122048E-02     0.198002E-02     0.199609E-02     0.206455E-02     0.156558E-02
  0.212234E-02     0.226232E-02     0.151018E-02     0.222262E-02     0.261681E-02
  0.240659E-02     0.193660E-02     0.104383E-02     0.975638E-03     0.137580E-02
  0.118510E-02     0.114336E-02     0.162196E-02     0.147336E-02     0.172183E-02
  0.147730E-02     0.316566E-02     0.199229E-02     0.135563E-02     0.993089E-03
  0.189165E-02     0.336787E-02     0.929040E-03     0.134763E-02     0.138101E-02
  0.133481E-02     0.229947E-02     0.167731E-02     0.806417E-03     0.103213E-02
  0.949049E-03     0.104957E-02     0.160671E-02     0.884775E-03     0.860776E-03
  0.103232E-02     0.237207E-02     0.211499E-02     0.255780E-02     0.332336E-02
  0.217379E-02     0.268465E-02     0.192032E-02     0.222891E-02     0.226824E-02
  0.258140E-02     0.225607E-02     0.194428E-02     0.238755E-02     0.204159E-02
  0.253522E-02     0.248460E-02     0.282340E-02     0.209608E-02     0.242047E-02
  0.237839E-02     0.387178E-02     0.330325E-02     0.343312E-02     0.320373E-02
  0.270099E-02     0.316604E-02     0.310947E-02     0.277624E-02     0.298750E-02
  0.217391E-02     0.257756E-02     0.257938E-02     0.215709E-02     0.391588E-02
  0.215531E-02     0.293346E-02     0.310056E-02     0.206713E-02     0.323902E-02
  0.208035E-02     0.219031E-02     0.183282E-02     0.269447E-02     0.233075E-02
  0.196380E-02     0.322425E-02     0.243984E-02     0.266969E-02     0.333119E-02
  0.238978E-02     0.296214E-02     0.261730E-02     0.235394E-02     0.223124E-02
  0.426530E-02     0.322562E-02     0.321877E-02     0.370547E-02     0.266654E-02
  0.427918E-02     0.331062E-02     0.318564E-02     0.395809E-02     0.342282E-02
  0.309598E-02     0.297176E-02     0.389662E-02     0.384810E-02     0.441074E-02
  0.298189E-02     0.344934E-02     0.270456E-02     0.331221E-02     0.298394E-02
  0.364059E-02     0.391503E-02     0.362073E-02     0.315044E-02     0.303989E-02
  0.324408E-02     0.361413E-02     0.369552E-02     0.277666E-02     0.294624E-02
  0.261532E-02     0.269636E-02     0.237852E-02     0.381797E-02     0.496525E-02
  0.298941E-02     0.499322E-02     0.310477E-02     0.227889E-02     0.263574E-02
  0.258912E-02     0.330224E-02     0.372249E-02     0.244848E-02     0.260601E-02
  0.326797E-02     0.375493E-02     0.483391E-02     0.355886E-02     0.232653E-02
  0.366450E-02     0.342775E-02     0.441628E-02     0.380736E-02     0.365802E-02
  0.433220E-02     0.224626E-02     0.348679E-02     0.382264E-02     0.275933E-02
  0.384100E-02     0.393068E-02     0.408611E-02     0.391953E-02     0.347677E-02
  0.376702E-02     0.436622E-02     0.426337E-02     0.368686E-02     0.395123E-02
  0.364895E-02     0.359222E-02     0.436198E-02     0.300345E-02     0.307124E-02
  0.513399E-02     0.475978E-02     0.428041E-02     0.372688E-02     0.464116E-02
  0.440421E-02     0.372748E-02     0.408947E-02     0.364208E-02     0.406202E-02
  0.330637E-02     0.392657E-02     0.384017E-02     0.399495E-02     0.422206E-02
  0.408009E-02     0.273241E-02     0.307499E-02     0.273079E-02     0.414010E-02
  0.339234E-02     0.301072E-02     0.382632E-02     0.554358E-02     0.474467E-02
  0.447608E-02     0.369086E-02     0.521082E-02     0.401480E-02     0.409860E-02
  0.327710E-02     0.423509E-02     0.367942E-02     0.423954E-02     0.370939E-02
  0.457544E-02     0.374142E-02     0.385507E-02     0.293609E-02     0.486339E-02
  0.429447E-02     0.368907E-02     0.360724E-02     0.440936E-02     0.337402E-02
  0.378645E-02     0.366484E-02     0.280332E-02     0.595780E-02     0.306075E-02
  0.517133E-02     0.442495E-02     0.431879E-02     0.482351E-02     0.490815E-02
  0.566976E-02     0.362713E-02     0.407087E-02     0.416827E-02     0.413667E-02
  0.623099E-02     0.387464E-02     0.458425E-02     0.439667E-02     0.546014E-02
  0.461187E-02     0.451408E-02     0.423081E-02     0.436062E-02     0.373743E-02
  0.385794E-02     0.440472E-02     0.489111E-02     0.420612E-02     0.483928E-02
  0.358409E-02     0.404069E-02     0.395532E-02     0.480263E-02     0.464774E-02
  0.609202E-02     0.426182E-02     0.527631E-02     0.435862E-02     0.361117E-02
  0.548363E-02     0.642672E-02     0.455735E-02     0.427416E-02     0.451285E-02
  0.459733E-02     0.421569E-02     0.384414E-02     0.328250E-02     0.431010E-02
  0.470708E-02     0.304791E-02     0.456268E-02     0.394280E-02     0.394609E-02
  0.673812E-02     0.447453E-02     0.416678E-02     0.410256E-02     0.370688E-02
  0.443617E-02     0.394349E-02     0.471964E-02     0.453284E-02     0.391657E-02
  0.357443E-02     0.428613E-02     0.415344E-02     0.444642E-02     0.432793E-02
  0.431954E-02     0.469159E-02     0.608779E-02     0.387280E-02     0.359659E-02
  0.424848E-02     0.539196E-02     0.280397E-02     0.437354E-02     0.514647E-02
  0.435220E-02     0.422389E-02     0.343465E-02     0.406941E-02     0.458788E-02
  0.442533E-02     0.329758E-02     0.501506E-02     0.452682E-02     0.444950E-02
  0.346096E-02     0.485558E-02     0.309518E-02     0.514549E-02     0.436975E-02
  0.459439E-02     0.415568E-02     0.587250E-02     0.368753E-02     0.541264E-02
  0.564955E-02     0.489104E-02     0.346550E-02     0.409409E-02     0.441895E-02
  0.439061E-02     0.507408E-02     0.523592E-02     0.547148E-02     0.511431E-02
  0.514881E-02     0.450280E-02     0.443831E-02     0.496965E-02     0.606473E-02
  0.492091E-02     0.570630E-02     0.520382E-02     0.465592E-02     0.532011E-02
  0.465308E-02     0.467110E-02     0.456411E-02     0.462776E-02     0.403473E-02
  0.450135E-02     0.442477E-02     0.471724E-02     0.425054E-02     0.474146E-02
  0.502129E-02     0.472751E-02     0.618962E-02     0.529821E-02     0.589122E-02
  0.386272E-02     0.398421E-02     0.368271E-02     0.396051E-02     0.423175E-02
  0.369337E-02     0.459605E-02     0.328773E-02     0.431870E-02     0.447993E-02
  0.560622E-02     0.522463E-02     0.516541E-02     0.498235E-02     0.465288E-02
  0.454525E-02     0.446262E-02     0.431347E-02     0.550848E-02     0.453820E-02
  0.411886E-02     0.431558E-02     0.463342E-02     0.440753E-02     0.474373E-02
  0.460911E-02     0.459870E-02     0.447618E-02     0.393497E-02     0.428317E-02
  0.495467E-02     0.487710E-02     0.569618E-02     0.539930E-02     0.443318E-02
  0.500323E-02     0.414976E-02     0.411950E-02     0.566127E-02     0.558882E-02
  0.555996E-02     0.457209E-02     0.452825E-02     0.499368E-02     0.461337E-02
  0.559283E-02     0.481852E-02     0.444235E-02     0.480797E-02     0.431966E-02
  0.541802E-02     0.467438E-02     0.572249E-02     0.464391E-02     0.532786E-02
  0.395948E-02     0.535568E-02     0.509045E-02     0.491707E-02     0.472917E-02
  0.473480E-02     0.500437E-02     0.577373E-02     0.575051E-02     0.520647E-02
  0.531609E-02     0.462546E-02     0.450382E-02     0.476004E-02     0.663665E-02
  0.530704E-02     0.512653E-02     0.657996E-02     0.530758E-02     0.373377E-02
  0.315723E-02     0.469383E-02     0.455694E-02     0.540978E-02     0.570781E-02
  0.445753E-02     0.691548E-02     0.623882E-02     0.358293E-02     0.363908E-02
  0.368793E-02     0.784833E-02     0.564997E-02     0.532943E-02     0.397352E-02
  0.414544E-02     0.566974E-02     0.512651E-02     0.403090E-02     0.567421E-02
  0.373249E-02     0.417009E-02     0.412093E-02     0.611842E-02     0.620886E-02
  0.551873E-02     0.514798E-02     0.464447E-02     0.524050E-02     0.538656E-02
  0.595105E-02     0.616170E-02     0.488655E-02     0.535413E-02     0.512832E-02
  0.412930E-02     0.408081E-02     0.695882E-02     0.580740E-02     0.511724E-02
  0.583517E-02     0.469004E-02     0.608462E-02     0.543670E-02     0.602621E-02
  0.490060E-02     0.516039E-02     0.519997E-02     0.627484E-02     0.526502E-02
  0.532759E-02     0.518826E-02     0.575796E-02     0.517975E-02     0.504402E-02
  0.578152E-02     0.518277E-02     0.362633E-02     0.487812E-02     0.420834E-02
  0.655882E-02     0.552782E-02     0.498546E-02     0.554801E-02     0.528408E-02
  0.535060E-02     0.634874E-02     0.512921E-02     0.548874E-02     0.387990E-02
  0.400608E-02     0.547074E-02     0.465587E-02     0.484960E-02     0.504010E-02
  0.541380E-02     0.628485E-02     0.471987E-02     0.487921E-02     0.510085E-02
  0.653897E-02     0.586472E-02     0.450789E-02     0.376659E-02     0.436602E-02
  0.410288E-02     0.548850E-02     0.416443E-02     0.476418E-02     0.521227E-02
  0.361504E-02     0.567361E-02     0.472734E-02     0.564457E-02     0.364149E-02
  0.455123E-02     0.706436E-02     0.647699E-02     0.379114E-02     0.420422E-02
  0.419324E-02     0.427486E-02     0.632176E-02     0.372844E-02     0.427739E-02
  0.349138E-02     0.604137E-02     0.700674E-02     0.618148E-02     0.509702E-02
  0.789255E-02     0.642431E-02     0.778115E-02     0.545048E-02     0.556634E-02
  0.391289E-02     0.472378E-02     0.481812E-02     0.534532E-02     0.728041E-02
  0.681893E-02     0.456185E-02     0.486576E-02     0.470820E-02     0.500795E-02
  0.514456E-02     0.497354E-02     0.406737E-02     0.479548E-02     0.452742E-02
  0.576389E-02     0.579538E-02     0.476253E-02     0.584012E-02     0.459406E-02
  0.347293E-02     0.456618E-02     0.581625E-02     0.474174E-02     0.503280E-02
  0.481848E-02     0.584257E-02     0.540159E-02     0.321980E-02     0.517007E-02
  0.511736E-02     0.570567E-02     0.485115E-02     0.543932E-02     0.478406E-02
  0.667772E-02     0.675344E-02     0.482114E-02     0.544792E-02     0.479181E-02
  0.459923E-02     0.527496E-02     0.530934E-02     0.500848E-02     0.531375E-02
  0.607947E-02     0.490457E-02     0.455476E-02     0.516539E-02     0.724525E-02
  0.508600E-02     0.475748E-02     0.445491E-02     0.561534E-02     0.522505E-02
  0.461559E-02     0.576912E-02     0.457353E-02     0.390588E-02     0.555766E-02
  0.447849E-02     0.478646E-02     0.538262E-02     0.465817E-02     0.450511E-02
  0.486014E-02     0.489663E-02     0.485689E-02     0.323218E-02     0.337865E-02
  0.371432E-02     0.483974E-02     0.486652E-02     0.504696E-02     0.403983E-02
  0.473240E-02     0.509729E-02     0.526794E-02     0.595444E-02     0.600521E-02
  0.542631E-02     0.442925E-02     0.512558E-02     0.439244E-02     0.533354E-02
  0.605637E-02     0.476927E-02     0.548298E-02     0.516264E-02     0.494281E-02
  0.586282E-02     0.625867E-02     0.607658E-02     0.717110E-02     0.636050E-02
  0.703198E-02     0.634731E-02     0.574459E-02     0.565316E-02     0.547072E-02
  0.653161E-02     0.488566E-02     0.560089E-02     0.595660E-02     0.630551E-02
  0.521540E-02     0.535186E-02     0.696408E-02     0.541796E-02     0.590400E-02
  0.632159E-02     0.717038E-02     0.604527E-02     0.638466E-02     0.684463E-02
  0.604360E-02     0.601033E-02     0.701055E-02     0.642486E-02     0.575698E-02
  0.554217E-02     0.672142E-02     0.604181E-02     0.572612E-02     0.529193E-02
  0.575825E-02     0.474435E-02     0.576905E-02     0.644219E-02     0.389894E-02
  0.594599E-02     0.591533E-02     0.656085E-02     0.459792E-02     0.604396E-02
  0.358231E-02     0.488964E-02     0.549378E-02     0.476091E-02     0.533255E-02
  0.572275E-02     0.600584E-02     0.533428E-02     0.466499E-02     0.656468E-02
  0.513361E-02     0.559467E-02     0.529198E-02     0.586122E-02     0.594116E-02
  0.613164E-02     0.421493E-02     0.512456E-02     0.587566E-02     0.587603E-02
  0.638444E-02     0.547713E-02     0.632153E-02     0.530230E-02     0.615405E-02
  0.533105E-02     0.669637E-02     0.553986E-02     0.683699E-02     0.467855E-02
  0.631061E-02     0.501847E-02     0.444859E-02     0.670964E-02     0.512648E-02
  0.526093E-02     0.486602E-02     0.568645E-02     0.621260E-02     0.578687E-02
  0.721180E-02     0.525483E-02     0.742114E-02     0.502532E-02     0.341688E-02
  0.603941E-02     0.353221E-02     0.403161E-02     0.533809E-02     0.686154E-02
  0.762410E-02     0.629954E-02     0.630189E-02     0.569175E-02     0.724303E-02
  0.777975E-02     0.666506E-02     0.717810E-02     0.474522E-02     0.844677E-02
  0.613068E-02     0.648837E-02     0.681204E-02     0.635721E-02     0.726786E-02
  0.660111E-02     0.559212E-02     0.497647E-02     0.746427E-02     0.573886E-02
  0.643027E-02     0.570264E-02     0.727598E-02     0.587484E-02     0.726142E-02
  0.717919E-02     0.448661E-02     0.493293E-02     0.534484E-02     0.696489E-02
  0.458846E-02     0.901697E-02     0.443362E-02     0.898347E-02     0.771289E-02
  0.848442E-02     0.551328E-02     0.480501E-02     0.556786E-02     0.667898E-02
  0.552720E-02     0.598486E-02     0.605046E-02     0.683313E-02     0.764995E-02
  0.775795E-02     0.671634E-02     0.790068E-02     0.804460E-02     0.741379E-02
  0.869150E-02     0.757272E-02     0.830244E-02     0.806587E-02     0.828565E-02
  0.683481E-02     0.630448E-02     0.752100E-02     0.656190E-02     0.850059E-02
  0.640784E-02     0.674813E-02     0.664427E-02     0.634608E-02     0.701588E-02
  0.107625E-01     0.503104E-02     0.658341E-02     0.987339E-02     0.860614E-02
  0.759284E-02     0.789279E-02     0.747743E-02     0.954548E-02     0.659867E-02
  0.831931E-02     0.792955E-02     0.819385E-02     0.718370E-02     0.672655E-02
  0.862973E-02     0.749389E-02     0.587790E-02     0.818438E-02     0.804733E-02
  0.847929E-02     0.744909E-02     0.645050E-02     0.635339E-02     0.884439E-02
  0.543152E-02     0.864599E-02     0.739707E-02     0.735990E-02     0.839126E-02
  0.848946E-02     0.732813E-02     0.761537E-02     0.691622E-02     0.761387E-02
  0.645898E-02     0.768084E-02     0.666531E-02     0.991876E-02     0.672032E-02
  0.824227E-02     0.863554E-02     0.885906E-02     0.810313E-02     0.847800E-02
  0.796752E-02     0.874784E-02     0.790307E-02     0.873156E-02     0.733132E-02
  0.667609E-02     0.705834E-02     0.934582E-02     0.772046E-02     0.681237E-02
  0.821592E-02     0.732474E-02     0.759382E-02     0.717421E-02     0.647971E-02
  0.762257E-02     0.916271E-02     0.924973E-02     0.617396E-02     0.884175E-02
  0.922756E-02     0.622986E-02     0.734727E-02     0.644974E-02     0.604913E-02
  0.929463E-02     0.905026E-02     0.582728E-02     0.402499E-02     0.625839E-02
  0.943845E-02     0.451714E-02     0.404359E-02     0.492911E-02     0.493942E-02
  0.577890E-02     0.978008E-02     0.611541E-02     0.691209E-02     0.569036E-02
  0.155973E-01     0.140977E-01     0.171580E-01     0.155402E-01     0.191150E-01
  0.239352E-01     0.224604E-01     0.379479E-01     0.397765E-01     0.273520E-01
  0.370975E-01     0.296163E-01     0.665013E-01     0.715490E-01     0.976108E-01
  0.703184E-01     0.670055E-01     0.123942E+00     0.121503E+00     0.124854E+00
  0.965276E-01     0.102008E+00     0.152758E+00     0.104569E+00     0.129892E+00
  0.147695E+00     0.136899E+00     0.159896E+00     0.184819E+00     0.158921E+00
  0.144180E+00     0.159131E+00     0.195063E+00     0.200624E+00     0.222435E+00
  0.211913E+00     0.210115E+00     0.241474E+00     0.256853E+00     0.191763E+00
  0.272237E+00     0.249519E+00     0.236786E+00     0.283967E+00     0.328054E+00
  0.307868E+00     0.173982E+00     0.293721E+00     0.387406E+00     0.445983E+00
  0.347513E+00     0.413069E+00     0.412493E+00     0.559488E+00     0.516628E+00
  0.542355E+00     0.497006E+00     0.548060E+00
 eigen energies, in ev
    -45.780375       -45.537275       -45.271243       -45.268403       -44.766483
    -29.560398       -28.990117       -28.958479       -28.840041       -28.802544
    -28.624005       -28.621237       -28.571937       -28.471341       -28.403982
    -28.391760       -28.336011       -28.329761       -28.305226       -28.263726
    -28.244326       -28.243040       -28.226499       -28.224592       -28.181484
    -28.174894       -28.080718       -28.054442       -28.001606       -27.988579
    -27.985563       -27.893062       -27.883298       -27.840043       -27.837770
    -27.836522       -27.782181       -27.779964       -27.757786       -27.714019
    -27.697002       -27.667788       -27.639158       -27.627647       -27.594646
    -27.585366       -27.581242       -27.576974       -27.565287       -27.481137
    -27.411448       -27.396946       -27.388188       -27.368949       -27.368378
    -27.337746       -27.330282       -27.317290       -27.294149       -27.265411
    -27.130400       -27.126281       -27.104836       -27.084731       -27.063183
    -27.037817       -27.037127       -27.026589       -27.006619       -26.964589
    -26.935586       -26.912281       -26.817882       -26.763502       -26.724880
    -26.710803       -26.705275       -26.676018       -26.647039       -26.636119
    -26.607028       -26.556729       -26.433861       -26.377678       -26.362809
    -26.357154       -26.334872       -26.277212       -26.263800       -26.201354
    -26.183270       -26.154990       -26.136237       -26.134313       -26.093114
    -26.083937       -26.013955       -26.003821       -26.002899       -25.974310
    -25.935589       -25.918222       -25.912608       -25.896520       -25.890975
    -25.854974       -25.794159       -25.785452       -25.779383       -25.741711
    -25.741469       -25.701854       -25.701320       -25.693802       -25.675580
    -25.646133       -25.640499       -25.609567       -25.562499       -25.557610
    -25.520380       -25.440204       -25.425426       -25.421740       -25.406908
    -25.366920       -25.317700       -25.305668       -25.239170       -25.218577
    -25.154351       -25.117996       -25.006956       -24.883596       -24.857602
    -24.835637       -24.793155       -24.757485       -24.680336       -24.582946
    -24.446583       -24.430796       -24.225142       -24.195520       -24.158171
    -24.081599       -24.065330       -23.924862       -23.802184       -23.773930
    -23.661590       -23.630756       -23.468426       -23.307737       -23.088618
    -22.910586       -22.837059       -22.748368       -22.741627       -22.556724
    -22.427480       -22.384209       -22.355367       -22.273198       -22.185924
    -22.165437       -22.125021       -22.112316       -22.063753       -22.062734
    -22.052499       -22.032383       -21.996869       -21.874245       -21.872861
    -21.838338       -21.813706       -21.809392       -21.726331       -21.712312
    -21.709892       -21.703460       -21.690324       -21.649912       -21.643552
    -21.343544       -21.304338       -21.088043       -20.956745       -20.511801
    -19.767440       -19.298286       -18.970804       -18.727917       -18.505850
    -16.369601       -16.111182       -16.000381       -15.760465       -15.698047
    -15.606707       -15.600235       -15.566659       -15.522233       -15.431424
    -15.424003       -15.417214       -15.387007       -15.363097       -15.319693
    -15.273503       -15.267958       -15.224773       -15.198045       -15.193448
    -15.165626       -15.154661       -15.096204       -14.824215       -14.800332
    -14.787506       -14.750304       -14.701560       -14.517641       -14.504345
    -14.483132       -14.472887       -14.331159       -14.275054       -14.234519
    -14.232556       -14.184545       -14.151762       -14.134192       -14.096315
    -14.066876       -14.023482       -14.001684       -13.983804       -13.921588
    -13.906715       -13.905782       -13.888766       -13.796718       -13.774181
    -13.750602       -13.746729       -13.721177       -13.711853       -13.709172
    -13.667438       -13.349395       -13.245259       -13.209618       -13.111574
    -12.978807       -12.971815       -12.925544       -12.911325       -12.833817
    -12.685187       -12.646869       -12.627218       -12.601299       -12.462380
    -12.404055       -12.286304       -12.256433       -12.233819       -12.196454
    -12.180606       -12.111324       -12.091874       -11.996822       -11.945669
    -11.924366       -11.854920       -11.816379       -11.811279       -11.786161
    -11.747192       -11.720676       -11.709831       -11.659069       -11.654275
    -11.644818       -11.613007       -11.608696       -11.570703       -11.551681
    -11.521508       -11.487882       -11.477838       -11.416129       -11.399916
    -11.388798       -11.381600       -11.356634       -11.312169       -11.256068
    -11.255100       -11.248883       -11.246144       -11.224305       -11.218406
    -11.145008       -11.045452       -10.994670       -10.977813       -10.923184
    -10.905188       -10.821528       -10.789874       -10.756574       -10.722708
    -10.719339       -10.615086       -10.595263       -10.573536       -10.545226
    -10.523824       -10.507789       -10.447597       -10.426886       -10.417210
    -10.413390       -10.400555       -10.385632       -10.375873       -10.356673
    -10.332972       -10.325178       -10.318799       -10.311886       -10.308534
    -10.301037       -10.269274       -10.251394       -10.242785       -10.224956
    -10.200846       -10.195450       -10.189786       -10.170804       -10.159548
    -10.151506       -10.149572       -10.145274       -10.129199       -10.113676
    -10.094328       -10.084410       -10.074661       -10.060289       -10.038508
    -10.028372       -10.026324       -10.002273        -9.984111        -9.979859
     -9.972995        -9.958107        -9.939565        -9.937635        -9.924490
     -9.919339        -9.888774        -9.883652        -9.873984        -9.851305
     -9.837972        -9.833738        -9.803896        -9.789563        -9.785726
     -9.781102        -9.768512        -9.766068        -9.756496        -9.741039
     -9.732977        -9.694882        -9.672732        -9.656876        -9.629322
     -9.618027        -9.606358        -9.598296        -9.575545        -9.571232
     -9.562177        -9.533992        -9.523581        -9.505576        -9.499290
     -9.483681        -9.481183        -9.477422        -9.468572        -9.457891
     -9.454358        -9.439926        -9.398511        -9.382196        -9.367932
     -9.337744        -9.327915        -9.322386        -9.316901        -9.307659
     -9.302017        -9.295489        -9.264908        -9.263307        -9.244938
     -9.236750        -9.233228        -9.226687        -9.221139        -9.211129
     -9.204589        -9.182043        -9.136312        -9.125175        -9.109155
     -9.101640        -9.095754        -9.085119        -9.080585        -9.063460
     -9.055955        -9.039500        -9.018508        -9.011990        -9.006522
     -8.983417        -8.979444        -8.951129        -8.941786        -8.917553
     -8.914219        -8.906385        -8.894907        -8.878057        -8.841655
     -8.833950        -8.820946        -8.806836        -8.788406        -8.783859
     -8.779255        -8.767706        -8.761967        -8.734466        -8.703343
     -8.676010        -8.668370        -8.652816        -8.647165        -8.635899
     -8.624319        -8.618888        -8.611820        -8.609224        -8.584451
     -8.555106        -8.549867        -8.541872        -8.534121        -8.507913
     -8.503474        -8.497986        -8.478779        -8.473467        -8.464965
     -8.437738        -8.431466        -8.422113        -8.417914        -8.402035
     -8.397824        -8.387729        -8.382821        -8.312045        -8.304444
     -8.295761        -8.286414        -8.283721        -8.271701        -8.252082
     -8.237563        -8.211377        -8.208974        -8.195927        -8.185609
     -8.180666        -8.175807        -8.157577        -8.136770        -8.108393
     -8.099766        -8.096135        -8.084874        -8.060315        -8.047095
     -8.040647        -8.016750        -8.001315        -7.957464        -7.948481
     -7.914894        -7.908662        -7.893570        -7.858710        -7.845953
     -7.830974        -7.828169        -7.800558        -7.748638        -7.713955
     -7.705286        -7.693930        -7.665489        -7.606984        -7.559668
     -7.527630        -7.518178        -7.512958        -7.459754        -7.428418
     -7.417516        -7.391821        -7.315169        -7.280258        -7.271253
     -7.248672        -7.231008        -7.223300        -7.165061        -7.127491
     -7.122178        -7.098753        -7.077645        -7.034755        -6.956713
     -6.925434        -6.889653        -6.870168        -6.857363        -6.848106
     -6.845990        -6.837158        -6.828389        -6.821865        -6.810151
     -6.796974        -6.779314        -6.776456        -6.754257        -6.745827
     -6.730124        -6.723803        -6.720258        -6.704348        -6.685549
     -6.681088        -6.672873        -6.667392        -6.655125        -6.637002
     -6.625054        -6.615636        -6.594687        -6.587899        -6.580032
     -6.568721        -6.561944        -6.546419        -6.538281        -6.521167
     -6.514717        -6.512845        -6.503994        -6.500423        -6.474640
     -6.464446        -6.452652        -6.451392        -6.444050        -6.437693
     -6.427134        -6.402678        -6.398158        -6.390738        -6.381710
     -6.377928        -6.367992        -6.362141        -6.355033        -6.344707
     -6.327060        -6.309943        -6.302055        -6.293635        -6.273439
     -6.267501        -6.254059        -6.239371        -6.232731        -6.219968
     -6.206774        -6.188238        -6.184310        -6.172050        -6.163987
     -6.138759        -6.123825        -6.107938        -6.099825        -6.099015
     -6.095704        -6.076249        -6.073084        -6.063876        -6.053007
     -6.045509        -6.023930        -6.018417        -6.003229        -5.997936
     -5.986768        -5.978709        -5.974292        -5.962639        -5.945025
     -5.942179        -5.935691        -5.933681        -5.932984        -5.919448
     -5.895981        -5.884533        -5.873836        -5.864716        -5.853570
     -5.850153        -5.843803        -5.836834        -5.821675        -5.818360
     -5.804083        -5.800877        -5.784559        -5.767019        -5.747011
     -5.737310        -5.732744        -5.728832        -5.728152        -5.716569
     -5.705816        -5.699962        -5.697726        -5.687758        -5.685216
     -5.662538        -5.660091        -5.654689        -5.649876        -5.640606
     -5.632468        -5.625646        -5.622757        -5.619007        -5.610837
     -5.601634        -5.600449        -5.597700        -5.589349        -5.587580
     -5.576638        -5.567540        -5.562508        -5.547655        -5.534689
     -5.533078        -5.523136        -5.516546        -5.511145        -5.509983
     -5.504554        -5.494860        -5.483168        -5.479950        -5.475458
     -5.465944        -5.457564        -5.454562        -5.446886        -5.434857
     -5.427290        -5.422176        -5.417552        -5.413430        -5.411027
     -5.393897        -5.384718        -5.382604        -5.371063        -5.366771
     -5.357213        -5.351368        -5.347600        -5.337256        -5.334258
     -5.325247        -5.318004        -5.308609        -5.298998        -5.296762
     -5.287825        -5.280455        -5.276890        -5.273576        -5.264040
     -5.245026        -5.234997        -5.234473        -5.218262        -5.212827
     -5.204795        -5.203240        -5.194539        -5.190359        -5.177858
     -5.162992        -5.160647        -5.155309        -5.153272        -5.145477
     -5.142770        -5.139182        -5.123366        -5.121587        -5.113098
     -5.105410        -5.103225        -5.098669        -5.087234        -5.077461
     -5.070290        -5.056451        -5.053966        -5.035539        -5.033932
     -5.029682        -5.021003        -5.011465        -5.001476        -4.990519
     -4.982295        -4.980125        -4.977331        -4.969878        -4.962748
     -4.951384        -4.948683        -4.943451        -4.936748        -4.934476
     -4.928290        -4.923655        -4.918438        -4.913640        -4.907153
     -4.903622        -4.894314        -4.884296        -4.880787        -4.876617
     -4.867954        -4.862370        -4.854558        -4.851759        -4.845401
     -4.835513        -4.826640        -4.824529        -4.807339        -4.800991
     -4.796346        -4.787982        -4.782419        -4.777797        -4.770585
     -4.759337        -4.757826        -4.752613        -4.743778        -4.740707
     -4.737214        -4.729968        -4.722608        -4.716721        -4.707481
     -4.705019        -4.695976        -4.687396        -4.676749        -4.672163
     -4.666580        -4.655846        -4.637235        -4.612989        -4.607693
     -4.589396        -4.584293        -4.575979        -4.567592        -4.556603
     -4.551022        -4.545036        -4.527867        -4.525411        -4.516028
     -4.486365        -4.477334        -4.474804        -4.465823        -4.460070
     -4.457514        -4.447008        -4.442741        -4.438056        -4.433685
     -4.422714        -4.414993        -4.408497        -4.406451        -4.390506
     -4.386595        -4.376450        -4.368332        -4.359569        -4.350952
     -4.346100        -4.306513        -4.288050        -4.271359        -4.260696
     -4.249470        -4.243376        -4.233082        -4.211842        -4.201796
     -4.181229        -4.174980        -4.166747        -4.158263        -4.144836
     -4.140201        -4.127297        -4.091012        -4.081880        -4.062209
     -4.033780        -4.009650        -3.975550        -3.968272        -3.947236
     -3.929436        -3.929189        -3.921004        -3.889296        -3.869182
     -3.862226        -3.841602        -3.838273        -3.820255        -3.803334
     -3.765822        -3.751819        -3.750246        -3.729848        -3.710472
     -3.688578        -3.670024        -3.663032        -3.638180        -3.636215
     -3.541689        -3.536368        -3.476766        -3.455695        -3.439276
     -3.430167        -3.417835        -3.397459        -3.378847        -3.372954
     -3.363942        -3.357653        -3.335844        -3.316009        -3.299003
     -3.287689        -3.264634        -3.225183        -3.216921        -3.200321
     -3.124624        -3.109093        -3.066217        -3.064824        -3.059916
     -3.041344        -3.035007        -3.019325        -3.010550        -3.004585
     -3.002746        -2.985497        -2.971904        -2.956625        -2.948155
     -2.925441        -2.912296        -2.910174        -2.900528        -2.884381
     -2.883433        -2.858836        -2.836749        -2.800188        -2.780086
     -2.775314        -2.689507        -2.675908        -2.669389        -2.654441
     -2.646423        -2.642242        -2.634354        -2.619179        -2.608934
     -2.595475        -2.579257        -2.577285        -2.556508        -2.538342
     -2.536459        -2.516022        -2.486377        -2.470919        -2.432734
     -2.406130        -2.387616        -2.355052        -2.326815        -2.282307
     -2.272308        -2.230190        -2.199447        -2.159395        -2.156980
     -2.109148        -2.063973        -2.059090        -2.011995        -1.881872
      1.577667         1.607796         2.086011         2.253532         2.388983
      2.534775         2.566015         2.649147         2.779551         2.860307
      2.940278         3.099311         3.138204         3.321423         3.451724
      3.495765         3.543911         3.573952         3.633828         3.666827
      3.734995         3.742293         3.799293         3.844311         3.870961
      3.879609         3.900373         3.961888         4.033122         4.052626
      4.089945         4.117326         4.125937         4.142459         4.169344
      4.205436         4.234740         4.251055         4.267957         4.294169
      4.303451         4.323771         4.346854         4.399418         4.428393
      4.436719         4.481733         4.497552         4.511221         4.529791
      4.600485         4.624897         4.636666         4.667219         4.717958
      4.807003         4.831362         4.859815
 *********************************
 sum eigen(dbl occ, ryd)=  -1552.72504180491     
 *********************************
 Ef(eV)= -0.633412886862955     
 ***************************************************
 iter=          13
 ---------------------------------------------------
 dvE, dvE(n)-dvE(n-1) = 0.1489E-04 0.2412E-05
 dv_ave, drho_tot     = 0.3859E-02 0.2813E-02
 err of ug            = 0.3479E-03
 ---------------------------------------------------
 Ewald        = -.40302743199754E+05
 Alpha        = 0.15207970391171E+04
 E_extV       = 0.00000000000000E+00    0.0000E+00
 E_NSC        = -.21565682552203E+05    0.3049E+02
 E[-rho*V_Hxc]= -.12521008591297E+06    -.3003E+02
 E_Hxc        = 0.52659126999645E+05    0.2465E+02
 -TS          = -.35505862134140E-26    0.1302E-35
 E_tot(eV)    = -.13289858762617E+06    0.4632E+00
 ---------------------------------------------------
 E_ion,E_coul,E_xc =   -226361.6554483   81517.3500081  -28858.2230085
Ewald+Hart+ion    -0.1851470486400E+06
 ave(vtot)=ave_(V_xc)=: v0= -0.282788428142862     
 Eigen energies are values after setting ave_vtot=0
 ----------------------------------
 One SCF use:    86.0265040397644       s
 *********************************
 ****** kpt=           1
 err of each states, eV
  0.490295E-02     0.554421E-02     0.728233E-02     0.940317E-02     0.746947E-02
  0.290166E-02     0.235719E-02     0.167475E-02     0.268671E-02     0.181538E-02
  0.366517E-02     0.224968E-02     0.175318E-02     0.229230E-02     0.165293E-02
  0.171086E-02     0.270319E-02     0.184867E-02     0.158560E-02     0.284279E-02
  0.284910E-02     0.194148E-02     0.177681E-02     0.188558E-02     0.137931E-02
  0.187360E-02     0.163099E-02     0.171688E-02     0.164607E-02     0.180867E-02
  0.288638E-02     0.238409E-02     0.173561E-02     0.164276E-02     0.147517E-02
  0.307507E-02     0.151978E-02     0.182743E-02     0.201532E-02     0.173932E-02
  0.160770E-02     0.198455E-02     0.178795E-02     0.157714E-02     0.158976E-02
  0.222544E-02     0.157274E-02     0.175959E-02     0.196512E-02     0.207057E-02
  0.191277E-02     0.231006E-02     0.173238E-02     0.138188E-02     0.145097E-02
  0.241994E-02     0.171897E-02     0.154339E-02     0.127867E-02     0.179952E-02
  0.127567E-02     0.138488E-02     0.181806E-02     0.127384E-02     0.380496E-02
  0.275432E-02     0.234647E-02     0.240577E-02     0.156779E-02     0.193686E-02
  0.251561E-02     0.188342E-02     0.219038E-02     0.114145E-02     0.208103E-02
  0.233861E-02     0.204180E-02     0.191845E-02     0.132255E-02     0.142625E-02
  0.229179E-02     0.140680E-02     0.136327E-02     0.204573E-02     0.222866E-02
  0.156297E-02     0.147902E-02     0.120870E-02     0.136926E-02     0.192155E-02
  0.216037E-02     0.181648E-02     0.168497E-02     0.229485E-02     0.179197E-02
  0.141153E-02     0.204535E-02     0.131979E-02     0.134208E-02     0.153134E-02
  0.128029E-02     0.176883E-02     0.237996E-02     0.179557E-02     0.214667E-02
  0.142599E-02     0.166488E-02     0.174285E-02     0.168591E-02     0.133218E-02
  0.142335E-02     0.206961E-02     0.218417E-02     0.156514E-02     0.163375E-02
  0.150604E-02     0.238849E-02     0.162608E-02     0.159841E-02     0.174911E-02
  0.158999E-02     0.260896E-02     0.200644E-02     0.496647E-02     0.141396E-02
  0.166483E-02     0.340154E-02     0.197002E-02     0.302466E-02     0.145965E-02
  0.143607E-02     0.363518E-02     0.273081E-02     0.146737E-02     0.254670E-02
  0.214953E-02     0.350781E-02     0.460770E-02     0.308140E-02     0.402487E-02
  0.350848E-02     0.373918E-02     0.279181E-02     0.448008E-02     0.446312E-02
  0.269587E-02     0.367137E-02     0.231349E-02     0.396642E-02     0.424043E-02
  0.298787E-02     0.409194E-02     0.256827E-02     0.352170E-02     0.328600E-02
  0.276553E-02     0.344798E-02     0.293849E-02     0.273635E-02     0.504862E-02
  0.341332E-02     0.266057E-02     0.398106E-02     0.298045E-02     0.255278E-02
  0.352882E-02     0.258402E-02     0.299687E-02     0.316305E-02     0.278247E-02
  0.325198E-02     0.319480E-02     0.321300E-02     0.351305E-02     0.268562E-02
  0.209238E-02     0.266628E-02     0.337746E-02     0.384117E-02     0.378681E-02
  0.499666E-02     0.444470E-02     0.298533E-02     0.336792E-02     0.359064E-02
  0.238185E-02     0.302901E-02     0.257251E-02     0.280432E-02     0.324382E-02
  0.456615E-02     0.370728E-02     0.389404E-02     0.445718E-02     0.274741E-02
  0.346050E-02     0.214058E-02     0.197930E-02     0.192207E-02     0.125907E-02
  0.341264E-02     0.225671E-02     0.277439E-02     0.181503E-02     0.180411E-02
  0.176815E-02     0.387105E-02     0.224108E-02     0.140531E-02     0.294980E-02
  0.432159E-02     0.205719E-02     0.186927E-02     0.350258E-02     0.352067E-02
  0.293932E-02     0.304657E-02     0.339357E-02     0.116065E-02     0.223041E-02
  0.148165E-02     0.156619E-02     0.193081E-02     0.248141E-02     0.513249E-02
  0.266793E-02     0.299353E-02     0.594140E-02     0.511167E-02     0.271057E-02
  0.191762E-02     0.192523E-02     0.170412E-02     0.169729E-02     0.279237E-02
  0.132070E-02     0.326449E-02     0.460275E-02     0.433538E-02     0.441381E-02
  0.230475E-02     0.259637E-02     0.313968E-02     0.442900E-02     0.263480E-02
  0.370670E-02     0.368822E-02     0.426146E-02     0.617616E-02     0.455377E-02
  0.542925E-02     0.227712E-02     0.222994E-02     0.251039E-02     0.375577E-02
  0.280057E-02     0.180981E-02     0.177402E-02     0.228348E-02     0.170162E-02
  0.208625E-02     0.181597E-02     0.207935E-02     0.189965E-02     0.148397E-02
  0.466081E-02     0.317282E-02     0.258651E-02     0.597812E-02     0.272595E-02
  0.431129E-02     0.429993E-02     0.471945E-02     0.372581E-02     0.501656E-02
  0.272318E-02     0.320380E-02     0.413512E-02     0.311363E-02     0.272092E-02
  0.271859E-02     0.280693E-02     0.217876E-02     0.227058E-02     0.230430E-02
  0.359699E-02     0.354980E-02     0.323707E-02     0.333112E-02     0.347272E-02
  0.314596E-02     0.494976E-02     0.431379E-02     0.286263E-02     0.422789E-02
  0.557368E-02     0.276614E-02     0.268219E-02     0.241418E-02     0.401575E-02
  0.406911E-02     0.374383E-02     0.633103E-02     0.266740E-02     0.263657E-02
  0.392619E-02     0.228143E-02     0.351630E-02     0.206061E-02     0.237076E-02
  0.571066E-02     0.172932E-02     0.317972E-02     0.499104E-02     0.246550E-02
  0.328094E-02     0.408293E-02     0.471815E-02     0.290588E-02     0.328741E-02
  0.371383E-02     0.418909E-02     0.302536E-02     0.338600E-02     0.337231E-02
  0.679992E-02     0.413061E-02     0.399258E-02     0.325185E-02     0.433733E-02
  0.359439E-02     0.301275E-02     0.395375E-02     0.441457E-02     0.342523E-02
  0.446024E-02     0.343120E-02     0.317684E-02     0.318828E-02     0.378076E-02
  0.348657E-02     0.381303E-02     0.331667E-02     0.460268E-02     0.619511E-02
  0.458418E-02     0.285326E-02     0.465311E-02     0.430435E-02     0.468439E-02
  0.410647E-02     0.389202E-02     0.383951E-02     0.428796E-02     0.352187E-02
  0.427100E-02     0.321699E-02     0.302118E-02     0.303025E-02     0.414994E-02
  0.376525E-02     0.297680E-02     0.268255E-02     0.357585E-02     0.340272E-02
  0.316643E-02     0.255091E-02     0.442378E-02     0.366213E-02     0.389568E-02
  0.332560E-02     0.300423E-02     0.356745E-02     0.423841E-02     0.450201E-02
  0.293188E-02     0.382059E-02     0.362954E-02     0.224484E-02     0.680477E-02
  0.397243E-02     0.323197E-02     0.323949E-02     0.364052E-02     0.269283E-02
  0.396441E-02     0.427299E-02     0.335206E-02     0.364001E-02     0.312956E-02
  0.305870E-02     0.466623E-02     0.441594E-02     0.414549E-02     0.311443E-02
  0.357898E-02     0.407438E-02     0.385977E-02     0.473886E-02     0.318498E-02
  0.470999E-02     0.367376E-02     0.423916E-02     0.453133E-02     0.377325E-02
  0.323133E-02     0.436084E-02     0.363814E-02     0.479647E-02     0.442290E-02
  0.445899E-02     0.360847E-02     0.462171E-02     0.489085E-02     0.484582E-02
  0.561837E-02     0.456756E-02     0.470152E-02     0.344354E-02     0.382965E-02
  0.371959E-02     0.351319E-02     0.600312E-02     0.386826E-02     0.371948E-02
  0.387543E-02     0.407509E-02     0.502357E-02     0.383696E-02     0.422854E-02
  0.466771E-02     0.358378E-02     0.505871E-02     0.462407E-02     0.366354E-02
  0.402418E-02     0.410316E-02     0.455566E-02     0.463331E-02     0.449799E-02
  0.587801E-02     0.446279E-02     0.510822E-02     0.402114E-02     0.436818E-02
  0.410390E-02     0.400604E-02     0.353357E-02     0.274870E-02     0.347746E-02
  0.396691E-02     0.504933E-02     0.470736E-02     0.423172E-02     0.364565E-02
  0.377271E-02     0.337120E-02     0.402139E-02     0.438860E-02     0.291215E-02
  0.345233E-02     0.403278E-02     0.350544E-02     0.330004E-02     0.482995E-02
  0.342681E-02     0.423500E-02     0.383716E-02     0.440925E-02     0.520230E-02
  0.476818E-02     0.484264E-02     0.347384E-02     0.474751E-02     0.414205E-02
  0.539531E-02     0.477415E-02     0.462116E-02     0.544312E-02     0.610923E-02
  0.477833E-02     0.404461E-02     0.376436E-02     0.311567E-02     0.408456E-02
  0.382262E-02     0.492736E-02     0.514723E-02     0.721429E-02     0.567197E-02
  0.524262E-02     0.424897E-02     0.559760E-02     0.302013E-02     0.666904E-02
  0.445768E-02     0.559326E-02     0.500778E-02     0.461237E-02     0.557804E-02
  0.459493E-02     0.392879E-02     0.458361E-02     0.481252E-02     0.489564E-02
  0.540157E-02     0.511516E-02     0.542907E-02     0.292096E-02     0.554749E-02
  0.597324E-02     0.321288E-02     0.631987E-02     0.651656E-02     0.704249E-02
  0.532469E-02     0.685032E-02     0.647019E-02     0.525622E-02     0.972881E-02
  0.682071E-02     0.455475E-02     0.415031E-02     0.676470E-02     0.680405E-02
  0.723766E-02     0.628886E-02     0.510653E-02     0.404650E-02     0.740300E-02
  0.464724E-02     0.471746E-02     0.689151E-02     0.695442E-02     0.476032E-02
  0.434274E-02     0.682739E-02     0.775974E-02     0.397564E-02     0.612602E-02
  0.417837E-02     0.590694E-02     0.474020E-02     0.402755E-02     0.578436E-02
  0.328700E-02     0.460190E-02     0.424444E-02     0.508466E-02     0.473017E-02
  0.317077E-02     0.275355E-02     0.324282E-02     0.416144E-02     0.408773E-02
  0.359648E-02     0.420508E-02     0.383577E-02     0.486189E-02     0.578188E-02
  0.554858E-02     0.455143E-02     0.583712E-02     0.516399E-02     0.590468E-02
  0.527303E-02     0.386665E-02     0.345443E-02     0.433284E-02     0.457116E-02
  0.451701E-02     0.432582E-02     0.497621E-02     0.465411E-02     0.385669E-02
  0.427225E-02     0.401967E-02     0.406485E-02     0.315975E-02     0.442828E-02
  0.592081E-02     0.483741E-02     0.525852E-02     0.396961E-02     0.445048E-02
  0.359153E-02     0.443948E-02     0.494906E-02     0.448070E-02     0.467326E-02
  0.463753E-02     0.417639E-02     0.454452E-02     0.443375E-02     0.502484E-02
  0.490427E-02     0.544335E-02     0.309059E-02     0.548847E-02     0.562202E-02
  0.335257E-02     0.448467E-02     0.401357E-02     0.414232E-02     0.415640E-02
  0.531498E-02     0.549315E-02     0.399570E-02     0.416378E-02     0.397236E-02
  0.335243E-02     0.488175E-02     0.457376E-02     0.394129E-02     0.524249E-02
  0.385572E-02     0.410306E-02     0.342239E-02     0.446293E-02     0.467809E-02
  0.443227E-02     0.486864E-02     0.531188E-02     0.461777E-02     0.267244E-02
  0.419426E-02     0.519164E-02     0.373817E-02     0.446293E-02     0.362327E-02
  0.512973E-02     0.462638E-02     0.456879E-02     0.343030E-02     0.341089E-02
  0.705498E-02     0.429800E-02     0.373024E-02     0.449270E-02     0.448169E-02
  0.355180E-02     0.365012E-02     0.438998E-02     0.572713E-02     0.549967E-02
  0.610275E-02     0.427293E-02     0.583034E-02     0.639353E-02     0.467347E-02
  0.377855E-02     0.549353E-02     0.564591E-02     0.516349E-02     0.488381E-02
  0.554067E-02     0.525921E-02     0.534258E-02     0.418053E-02     0.584377E-02
  0.416494E-02     0.541483E-02     0.516020E-02     0.475677E-02     0.584078E-02
  0.486419E-02     0.503555E-02     0.481530E-02     0.512534E-02     0.448178E-02
  0.520753E-02     0.423212E-02     0.525928E-02     0.489647E-02     0.483305E-02
  0.601120E-02     0.490410E-02     0.512934E-02     0.586934E-02     0.534477E-02
  0.502590E-02     0.543780E-02     0.504121E-02     0.522758E-02     0.454871E-02
  0.531942E-02     0.456273E-02     0.501834E-02     0.655297E-02     0.683095E-02
  0.572449E-02     0.410634E-02     0.730497E-02     0.459031E-02     0.437787E-02
  0.462545E-02     0.532792E-02     0.475505E-02     0.542192E-02     0.491319E-02
  0.480985E-02     0.603352E-02     0.473460E-02     0.477921E-02     0.546416E-02
  0.475805E-02     0.450392E-02     0.359677E-02     0.530733E-02     0.484593E-02
  0.394825E-02     0.505014E-02     0.459686E-02     0.552627E-02     0.418763E-02
  0.598580E-02     0.486660E-02     0.746245E-02     0.571513E-02     0.524163E-02
  0.435234E-02     0.394143E-02     0.546189E-02     0.546672E-02     0.479175E-02
  0.456136E-02     0.531973E-02     0.494864E-02     0.354812E-02     0.442211E-02
  0.528389E-02     0.433865E-02     0.511892E-02     0.498357E-02     0.574713E-02
  0.467662E-02     0.490584E-02     0.536485E-02     0.531548E-02     0.563460E-02
  0.489708E-02     0.586727E-02     0.423578E-02     0.506665E-02     0.611426E-02
  0.701302E-02     0.562335E-02     0.727376E-02     0.674085E-02     0.596717E-02
  0.568254E-02     0.477467E-02     0.476553E-02     0.512241E-02     0.461759E-02
  0.479664E-02     0.594497E-02     0.584650E-02     0.481611E-02     0.557365E-02
  0.582314E-02     0.567718E-02     0.506798E-02     0.595660E-02     0.504477E-02
  0.576679E-02     0.512411E-02     0.480627E-02     0.588285E-02     0.573387E-02
  0.457585E-02     0.599940E-02     0.456927E-02     0.488149E-02     0.495796E-02
  0.582955E-02     0.495848E-02     0.588200E-02     0.475586E-02     0.663142E-02
  0.414265E-02     0.469598E-02     0.419349E-02     0.571158E-02     0.457996E-02
  0.509796E-02     0.559551E-02     0.530215E-02     0.500979E-02     0.498440E-02
  0.570128E-02     0.585134E-02     0.560795E-02     0.663031E-02     0.435927E-02
  0.382548E-02     0.492149E-02     0.734948E-02     0.332511E-02     0.485536E-02
  0.479606E-02     0.395727E-02     0.701855E-02     0.714449E-02     0.665137E-02
  0.628475E-02     0.656919E-02     0.440282E-02     0.614592E-02     0.648410E-02
  0.467145E-02     0.603574E-02     0.555215E-02     0.527206E-02     0.584087E-02
  0.578268E-02     0.964544E-02     0.592211E-02     0.618385E-02     0.657316E-02
  0.606415E-02     0.522990E-02     0.462849E-02     0.415245E-02     0.482374E-02
  0.646253E-02     0.610273E-02     0.362773E-02     0.410735E-02     0.620652E-02
  0.644916E-02     0.559095E-02     0.508906E-02     0.529071E-02     0.555459E-02
  0.689860E-02     0.707961E-02     0.348537E-02     0.507746E-02     0.618467E-02
  0.622929E-02     0.595860E-02     0.554364E-02     0.632022E-02     0.592208E-02
  0.608214E-02     0.829363E-02     0.627321E-02     0.375402E-02     0.706423E-02
  0.575104E-02     0.387617E-02     0.722062E-02     0.638321E-02     0.534397E-02
  0.403690E-02     0.593879E-02     0.586389E-02     0.586041E-02     0.625800E-02
  0.654751E-02     0.658107E-02     0.689036E-02     0.688202E-02     0.658709E-02
  0.521242E-02     0.774615E-02     0.593016E-02     0.644141E-02     0.713371E-02
  0.553749E-02     0.562567E-02     0.542061E-02     0.626037E-02     0.718457E-02
  0.694433E-02     0.546797E-02     0.686477E-02     0.480731E-02     0.591779E-02
  0.524290E-02     0.727284E-02     0.904123E-02     0.696694E-02     0.604520E-02
  0.739821E-02     0.123581E-01     0.435900E-02     0.799478E-02     0.107731E-01
  0.890486E-02     0.830913E-02     0.702464E-02     0.740457E-02     0.733416E-02
  0.691591E-02     0.947141E-02     0.564274E-02     0.631515E-02     0.843820E-02
  0.641351E-02     0.606026E-02     0.660815E-02     0.621432E-02     0.873276E-02
  0.759201E-02     0.768292E-02     0.651800E-02     0.678314E-02     0.488951E-02
  0.568138E-02     0.716028E-02     0.607211E-02     0.689356E-02     0.718170E-02
  0.646599E-02     0.735285E-02     0.769676E-02     0.946684E-02     0.775072E-02
  0.813971E-02     0.822561E-02     0.796492E-02     0.715017E-02     0.856613E-02
  0.703844E-02     0.814976E-02     0.520023E-02     0.701135E-02     0.645183E-02
  0.906848E-02     0.767128E-02     0.678289E-02     0.907321E-02     0.868864E-02
  0.750523E-02     0.642470E-02     0.731452E-02     0.800663E-02     0.787053E-02
  0.723100E-02     0.532786E-02     0.854660E-02     0.547963E-02     0.939500E-02
  0.721571E-02     0.510090E-02     0.676782E-02     0.965824E-02     0.820039E-02
  0.634975E-02     0.780585E-02     0.622782E-02     0.100465E-01     0.564984E-02
  0.406498E-02     0.891433E-02     0.126859E-01     0.959611E-02     0.604611E-02
  0.636170E-02     0.601295E-02     0.219331E-02     0.187511E-02     0.352778E-02
  0.426672E-02     0.501302E-02     0.557034E-02     0.153147E-01     0.529165E-02
  0.170338E-01     0.215108E-01     0.244119E-01     0.227870E-01     0.250214E-01
  0.309783E-01     0.279707E-01     0.491278E-01     0.419253E-01     0.322580E-01
  0.488535E-01     0.387368E-01     0.804368E-01     0.741674E-01     0.725858E-01
  0.836668E-01     0.126930E+00     0.114075E+00     0.138035E+00     0.136835E+00
  0.107726E+00     0.117453E+00     0.158966E+00     0.102006E+00     0.115096E+00
  0.143516E+00     0.143292E+00     0.173004E+00     0.171829E+00     0.171457E+00
  0.174256E+00     0.155142E+00     0.239071E+00     0.179021E+00     0.215220E+00
  0.259782E+00     0.202395E+00     0.241293E+00     0.289084E+00     0.219820E+00
  0.243328E+00     0.193175E+00     0.244558E+00     0.269693E+00     0.232714E+00
  0.260320E+00     0.320198E+00     0.342416E+00     0.419386E+00     0.406430E+00
  0.327801E+00     0.445823E+00     0.419018E+00     0.507088E+00     0.419754E+00
  0.549212E+00     0.576374E+00     0.568297E+00
 eigen energies, in ev
    -45.410745       -45.176674       -44.989015       -44.950674       -44.471737
    -29.416270       -29.058039       -29.001355       -28.971984       -28.892025
    -28.719806       -28.642100       -28.517786       -28.517410       -28.490300
    -28.460433       -28.451104       -28.397885       -28.355070       -28.338050
    -28.337248       -28.323327       -28.319634       -28.270145       -28.258644
    -28.212988       -28.155546       -28.130434       -28.092558       -27.997936
    -27.925922       -27.925306       -27.908194       -27.890202       -27.874209
    -27.855166       -27.839138       -27.822941       -27.800472       -27.789963
    -27.783811       -27.733244       -27.675343       -27.674220       -27.622751
    -27.604480       -27.588333       -27.546751       -27.544939       -27.493464
    -27.479304       -27.477813       -27.451758       -27.424447       -27.407313
    -27.401543       -27.366697       -27.364368       -27.332562       -27.310223
    -27.192205       -27.192198       -27.145840       -27.144770       -27.112421
    -27.098336       -27.090841       -27.069930       -27.052636       -27.032185
    -27.000022       -26.958104       -26.849397       -26.832311       -26.772746
    -26.769873       -26.761433       -26.740327       -26.719079       -26.703160
    -26.697977       -26.615684       -26.508723       -26.459281       -26.455023
    -26.403894       -26.401517       -26.328693       -26.322897       -26.297495
    -26.230570       -26.227431       -26.221939       -26.199968       -26.190353
    -26.158173       -26.105209       -26.046837       -26.045410       -26.021478
    -25.983792       -25.981488       -25.980162       -25.967095       -25.950488
    -25.899411       -25.882053       -25.879296       -25.868943       -25.813875
    -25.801904       -25.789159       -25.773589       -25.743850       -25.738734
    -25.732806       -25.727453       -25.702757       -25.651439       -25.626453
    -25.552891       -25.524132       -25.502271       -25.489635       -25.427480
    -25.412737       -25.371057       -25.305705       -25.247727       -25.227447
    -25.147850       -25.087727       -25.038543       -24.968758       -24.941887
    -24.890645       -24.602318       -24.580324       -24.552122       -24.376347
    -24.253897       -24.230555       -24.071702       -24.056581       -23.990313
    -23.965772       -23.881654       -23.856735       -23.610734       -23.597221
    -23.549084       -23.437423       -23.359101       -23.276675       -22.934951
    -22.855617       -22.840577       -22.832853       -22.831099       -22.628925
    -22.476823       -22.383518       -22.360857       -22.284203       -22.122658
    -22.119324       -22.058486       -22.000708       -21.976169       -21.944868
    -21.943452       -21.925145       -21.867435       -21.819406       -21.756980
    -21.756032       -21.750398       -21.717235       -21.713342       -21.631935
    -21.615328       -21.606413       -21.582500       -21.532335       -21.520717
    -21.292153       -21.203485       -20.980597       -20.920934       -20.461060
    -19.613132       -19.185511       -18.878783       -18.620776       -18.463547
    -16.176205       -16.131634       -16.081932       -15.709370       -15.696736
    -15.620483       -15.585983       -15.510493       -15.497463       -15.455273
    -15.444615       -15.428274       -15.423060       -15.397780       -15.291116
    -15.243469       -15.224239       -15.203437       -15.138501       -15.098349
    -15.064657       -15.023168       -14.952144       -14.886508       -14.880684
    -14.841085       -14.827657       -14.766415       -14.505845       -14.386788
    -14.380097       -14.362979       -14.334518       -14.331552       -14.312750
    -14.271271       -14.253295       -14.213063       -14.143413       -14.129132
    -13.990557       -13.976239       -13.913425       -13.908680       -13.875031
    -13.822414       -13.806649       -13.802252       -13.797625       -13.781429
    -13.758142       -13.740565       -13.649249       -13.643311       -13.615534
    -13.556943       -13.331108       -13.265951       -13.185229       -13.177529
    -13.039593       -13.004822       -12.997475       -12.990254       -12.885209
    -12.761007       -12.717958       -12.663527       -12.657661       -12.535834
    -12.387539       -12.335394       -12.264838       -12.249902       -12.166385
    -12.085090       -12.067221       -12.040806       -12.019758       -12.008921
    -12.002609       -11.884980       -11.839314       -11.831544       -11.815361
    -11.764627       -11.739727       -11.725566       -11.722109       -11.679487
    -11.659536       -11.614291       -11.542238       -11.497360       -11.477735
    -11.465208       -11.416868       -11.403894       -11.397904       -11.389076
    -11.359844       -11.342896       -11.326614       -11.312276       -11.285136
    -11.274319       -11.255928       -11.247873       -11.239978       -11.222472
    -11.167329       -11.067941       -11.061309       -10.998441       -10.955808
    -10.945424       -10.891490       -10.844615       -10.832482       -10.802155
    -10.722919       -10.686914       -10.628335       -10.608752       -10.592793
    -10.586546       -10.501995       -10.487018       -10.482778       -10.468368
    -10.438845       -10.428402       -10.404241       -10.395092       -10.370279
    -10.365733       -10.336162       -10.334359       -10.328994       -10.312144
    -10.292245       -10.281831       -10.260151       -10.249783       -10.234077
    -10.224663       -10.221772       -10.216765       -10.215194       -10.197345
    -10.193413       -10.183368       -10.154001       -10.147268       -10.135963
    -10.130739       -10.099186       -10.092949       -10.090566       -10.085431
    -10.077618       -10.063831       -10.046822       -10.043817       -10.034342
    -10.008666        -9.995009        -9.988022        -9.956521        -9.942303
     -9.925744        -9.898046        -9.894694        -9.888048        -9.847680
     -9.845608        -9.844109        -9.839070        -9.823709        -9.813790
     -9.788346        -9.767204        -9.763961        -9.730833        -9.715916
     -9.708766        -9.700098        -9.688032        -9.669701        -9.645157
     -9.610751        -9.605365        -9.601552        -9.587333        -9.578707
     -9.573362        -9.547815        -9.547121        -9.544020        -9.524824
     -9.517092        -9.515377        -9.506132        -9.480338        -9.473565
     -9.461637        -9.444919        -9.432974        -9.405876        -9.401155
     -9.397992        -9.392455        -9.384205        -9.378653        -9.361249
     -9.357156        -9.343155        -9.325207        -9.323379        -9.313132
     -9.304553        -9.296546        -9.270888        -9.244692        -9.208277
     -9.182990        -9.179552        -9.168488        -9.156091        -9.143200
     -9.127536        -9.112022        -9.098836        -9.096002        -9.078924
     -9.068969        -9.053887        -9.053502        -9.044614        -9.032134
     -9.007866        -9.000498        -8.955658        -8.945206        -8.943081
     -8.916013        -8.913216        -8.904041        -8.874315        -8.868618
     -8.866569        -8.863061        -8.843774        -8.833479        -8.830527
     -8.806186        -8.788543        -8.739664        -8.725343        -8.719162
     -8.690989        -8.687920        -8.674089        -8.655156        -8.636527
     -8.624481        -8.614530        -8.599649        -8.574537        -8.568512
     -8.548569        -8.520181        -8.498706        -8.493676        -8.484307
     -8.481815        -8.473284        -8.455381        -8.449854        -8.447165
     -8.409306        -8.399775        -8.374705        -8.370494        -8.355629
     -8.336891        -8.298235        -8.295834        -8.289236        -8.268935
     -8.255534        -8.241470        -8.225945        -8.213387        -8.201137
     -8.196297        -8.183538        -8.164673        -8.152553        -8.132987
     -8.123513        -8.121405        -8.105248        -8.097122        -8.050553
     -8.035122        -8.024157        -8.020064        -7.996359        -7.994695
     -7.941527        -7.937760        -7.907124        -7.901858        -7.867896
     -7.851101        -7.821395        -7.787639        -7.777472        -7.765499
     -7.756234        -7.742754        -7.724447        -7.711234        -7.674863
     -7.652769        -7.608455        -7.596130        -7.553324        -7.551401
     -7.516890        -7.474738        -7.407170        -7.398256        -7.386256
     -7.361010        -7.352238        -7.315785        -7.311039        -7.307678
     -7.267413        -7.246361        -7.239785        -7.098937        -7.060647
     -7.044566        -7.024913        -7.017827        -7.014482        -7.000970
     -6.954794        -6.935613        -6.911875        -6.902155        -6.877581
     -6.864174        -6.857044        -6.844541        -6.815228        -6.813171
     -6.785448        -6.756656        -6.750027        -6.747916        -6.733216
     -6.714461        -6.713751        -6.710433        -6.701060        -6.687812
     -6.678704        -6.676701        -6.648865        -6.643685        -6.637474
     -6.619515        -6.606600        -6.601354        -6.590007        -6.575657
     -6.573515        -6.563171        -6.557335        -6.543786        -6.539061
     -6.531727        -6.515092        -6.503467        -6.495726        -6.477349
     -6.472937        -6.461472        -6.443090        -6.439746        -6.426364
     -6.418595        -6.410977        -6.403753        -6.399638        -6.392517
     -6.386374        -6.377890        -6.365487        -6.350154        -6.340373
     -6.322690        -6.315167        -6.312448        -6.298261        -6.285015
     -6.273827        -6.260433        -6.246881        -6.235556        -6.228703
     -6.216226        -6.197585        -6.189959        -6.186257        -6.177458
     -6.169542        -6.156747        -6.153288        -6.133175        -6.128429
     -6.122801        -6.106649        -6.101766        -6.080769        -6.065743
     -6.055041        -6.048555        -6.039608        -6.030804        -6.016272
     -6.009287        -6.002280        -5.982633        -5.958958        -5.953953
     -5.945439        -5.936971        -5.935314        -5.929591        -5.912680
     -5.909195        -5.888848        -5.885298        -5.875683        -5.863333
     -5.847607        -5.843652        -5.838136        -5.828284        -5.815553
     -5.813799        -5.799919        -5.794334        -5.791629        -5.783633
     -5.768375        -5.760562        -5.750821        -5.743393        -5.741684
     -5.731128        -5.717405        -5.712687        -5.708544        -5.693009
     -5.688707        -5.682615        -5.678964        -5.674522        -5.666174
     -5.658818        -5.648424        -5.645504        -5.639380        -5.621816
     -5.612996        -5.593471        -5.592693        -5.588952        -5.587534
     -5.579770        -5.574456        -5.565277        -5.557227        -5.548989
     -5.544493        -5.541189        -5.534287        -5.524172        -5.516461
     -5.510391        -5.505856        -5.502171        -5.495293        -5.490306
     -5.482169        -5.476165        -5.469042        -5.463432        -5.449352
     -5.446826        -5.445068        -5.440655        -5.429997        -5.418034
     -5.408715        -5.402948        -5.398300        -5.386054        -5.369371
     -5.368070        -5.360976        -5.356833        -5.354948        -5.350140
     -5.342323        -5.326186        -5.323005        -5.316412        -5.314230
     -5.292119        -5.287168        -5.272983        -5.265476        -5.258613
     -5.251980        -5.246486        -5.234461        -5.229043        -5.223626
     -5.218169        -5.216604        -5.205020        -5.195086        -5.193320
     -5.182560        -5.174184        -5.160838        -5.151228        -5.147001
     -5.139492        -5.133514        -5.121734        -5.108574        -5.103112
     -5.096130        -5.091022        -5.086919        -5.079873        -5.064310
     -5.061574        -5.056485        -5.052495        -5.043083        -5.039462
     -5.036433        -5.030220        -5.025435        -5.022818        -5.014214
     -5.006911        -4.999492        -4.991236        -4.989542        -4.986187
     -4.977071        -4.974261        -4.972973        -4.964351        -4.962016
     -4.954619        -4.944321        -4.936060        -4.925399        -4.917618
     -4.910999        -4.907888        -4.901161        -4.888787        -4.884638
     -4.881437        -4.879466        -4.868100        -4.865230        -4.863251
     -4.847491        -4.836255        -4.832173        -4.822920        -4.816237
     -4.811300        -4.807373        -4.798259        -4.793223        -4.791038
     -4.783475        -4.782114        -4.779576        -4.763442        -4.752337
     -4.746187        -4.728955        -4.722665        -4.710408        -4.691502
     -4.680555        -4.671715        -4.663575        -4.659515        -4.653865
     -4.650471        -4.647095        -4.633959        -4.629180        -4.617005
     -4.610751        -4.596145        -4.580199        -4.571611        -4.560757
     -4.557375        -4.536569        -4.535249        -4.527580        -4.515961
     -4.492260        -4.483161        -4.477866        -4.463557        -4.457629
     -4.452146        -4.437206        -4.431707        -4.425575        -4.422033
     -4.414497        -4.387953        -4.370381        -4.361322        -4.352010
     -4.339149        -4.328029        -4.323625        -4.314044        -4.299944
     -4.285970        -4.274344        -4.252544        -4.244799        -4.239299
     -4.226103        -4.216395        -4.204833        -4.187508        -4.169795
     -4.160500        -4.157145        -4.148037        -4.112090        -4.108553
     -4.102293        -4.083439        -4.081355        -4.052744        -4.019621
     -4.010598        -3.982502        -3.939903        -3.929313        -3.903632
     -3.865860        -3.857303        -3.849758        -3.829943        -3.799673
     -3.786696        -3.782898        -3.767712        -3.751133        -3.742796
     -3.740338        -3.718821        -3.715731        -3.710387        -3.705697
     -3.702110        -3.633141        -3.606549        -3.597272        -3.545840
     -3.528651        -3.503127        -3.485988        -3.425085        -3.397119
     -3.391587        -3.364703        -3.345305        -3.336577        -3.310973
     -3.297868        -3.294998        -3.287421        -3.276627        -3.253393
     -3.237238        -3.234212        -3.217261        -3.193083        -3.186569
     -3.128333        -3.103635        -3.093160        -3.074853        -3.073630
     -3.049909        -3.022754        -3.006398        -2.971056        -2.968270
     -2.947903        -2.930235        -2.919784        -2.902433        -2.887609
     -2.861071        -2.853163        -2.848164        -2.826562        -2.785771
     -2.772512        -2.757873        -2.745388        -2.725712        -2.720429
     -2.701631        -2.694663        -2.663618        -2.659878        -2.648076
     -2.617904        -2.607522        -2.594132        -2.582401        -2.567858
     -2.559305        -2.542861        -2.509809        -2.493987        -2.488972
     -2.476168        -2.473010        -2.450290        -2.431783        -2.428218
     -2.393805        -2.380206        -2.370141        -2.362678        -2.324133
     -2.320533        -2.310661        -2.247147        -2.239676        -2.175721
     -2.161706        -2.132045        -2.039044        -1.991694        -1.934314
      1.788198         1.803532         2.240538         2.463911         2.544235
      2.671171         2.725232         2.753913         2.880488         3.045051
      3.133662         3.253977         3.256333         3.406581         3.518542
      3.549054         3.560167         3.649414         3.704504         3.718579
      3.820545         3.830019         3.848556         3.908631         3.932518
      3.959566         3.988519         4.052893         4.056665         4.118322
      4.133998         4.143794         4.164284         4.195511         4.206919
      4.221677         4.268622         4.276805         4.296521         4.343061
      4.353303         4.365777         4.391855         4.426001         4.461254
      4.487603         4.499465         4.522990         4.536825         4.584324
      4.614728         4.634148         4.656904         4.690133         4.753851
      4.815877         4.840779         4.893330
 *********************************
 sum eigen(dbl occ, ryd)=  -1551.77280202783     
 *********************************
 Ef(eV)= -0.576553533132122     
 ***************************************************
 iter=          14
 ---------------------------------------------------
 dvE, dvE(n)-dvE(n-1) = 0.2779E-04 0.1290E-04
 dv_ave, drho_tot     = 0.5271E-02 0.2227E-02
 err of ug            = 0.3214E-03
 ---------------------------------------------------
 Ewald        = -.40302743199754E+05
 Alpha        = 0.15207970391171E+04
 E_extV       = 0.00000000000000E+00    0.0000E+00
 E_NSC        = -.21560871684020E+05    0.4811E+01
 E[-rho*V_Hxc]= -.12521806399859E+06    -.4380E+01
 E_Hxc        = 0.52662724894840E+05    0.3598E+01
 -TS          = -.35505862133968E-26    0.1715E-37
 E_tot(eV)    = -.13289815694840E+06    0.4307E+00
 ---------------------------------------------------
 E_ion,E_coul,E_xc =   -226365.6176910   81522.0349515  -28859.3100567
Ewald+Hart+ion    -0.1851463259392E+06
 ave(vtot)=ave_(V_xc)=: v0= -0.281772621649895     
 Eigen energies are values after setting ave_vtot=0
 ----------------------------------
 One SCF use:    85.9054009914398       s
 *********************************
 ****** kpt=           1
 err of each states, eV
  0.581185E-02     0.569761E-02     0.305994E-02     0.608271E-02     0.728264E-02
  0.241746E-02     0.166959E-02     0.331457E-02     0.164109E-02     0.135347E-02
  0.348174E-02     0.161477E-02     0.118165E-02     0.184799E-02     0.180789E-02
  0.150271E-02     0.218705E-02     0.112196E-02     0.168967E-02     0.171569E-02
  0.337728E-02     0.149113E-02     0.124995E-02     0.291621E-02     0.179404E-02
  0.116651E-02     0.142442E-02     0.127624E-02     0.141052E-02     0.130909E-02
  0.148589E-02     0.365546E-02     0.109763E-02     0.149780E-02     0.242235E-02
  0.145323E-02     0.120288E-02     0.126158E-02     0.143491E-02     0.274523E-02
  0.909348E-03     0.124475E-02     0.180504E-02     0.128328E-02     0.810658E-03
  0.155733E-02     0.155654E-02     0.116828E-02     0.193901E-02     0.124591E-02
  0.174602E-02     0.131763E-02     0.112387E-02     0.193586E-02     0.179611E-02
  0.246978E-02     0.179155E-02     0.124513E-02     0.209842E-02     0.157115E-02
  0.114153E-02     0.122408E-02     0.259489E-02     0.126631E-02     0.152610E-02
  0.761055E-03     0.273084E-02     0.123430E-02     0.756334E-03     0.116222E-02
  0.150626E-02     0.136024E-02     0.945550E-03     0.165950E-02     0.156089E-02
  0.119775E-02     0.127605E-02     0.149687E-02     0.165501E-02     0.317752E-02
  0.122177E-02     0.193548E-02     0.188532E-02     0.194819E-02     0.266636E-02
  0.180138E-02     0.226730E-02     0.225028E-02     0.156627E-02     0.122694E-02
  0.119920E-02     0.151713E-02     0.137448E-02     0.212774E-02     0.138672E-02
  0.711900E-03     0.116101E-02     0.135089E-02     0.103409E-02     0.187931E-02
  0.251010E-02     0.155971E-02     0.111267E-02     0.819193E-03     0.117026E-02
  0.188095E-02     0.144368E-02     0.146800E-02     0.150524E-02     0.123981E-02
  0.125687E-02     0.105428E-02     0.104115E-02     0.183198E-02     0.871735E-03
  0.137630E-02     0.169896E-02     0.101378E-02     0.909613E-03     0.141047E-02
  0.125298E-02     0.118715E-02     0.157374E-02     0.200859E-02     0.129705E-02
  0.173081E-02     0.137533E-02     0.181741E-02     0.170371E-02     0.100671E-02
  0.102203E-02     0.104882E-02     0.160814E-02     0.181289E-02     0.175224E-02
  0.313446E-02     0.223235E-02     0.217844E-02     0.264822E-02     0.198886E-02
  0.220860E-02     0.281929E-02     0.182420E-02     0.196400E-02     0.155689E-02
  0.201822E-02     0.192748E-02     0.177551E-02     0.190552E-02     0.185427E-02
  0.203260E-02     0.304837E-02     0.231235E-02     0.223109E-02     0.279880E-02
  0.238025E-02     0.316163E-02     0.272765E-02     0.299362E-02     0.231288E-02
  0.314423E-02     0.300767E-02     0.160064E-02     0.176433E-02     0.220252E-02
  0.139152E-02     0.240838E-02     0.224793E-02     0.286765E-02     0.264534E-02
  0.268784E-02     0.232129E-02     0.288780E-02     0.235644E-02     0.233636E-02
  0.296072E-02     0.237152E-02     0.274064E-02     0.299633E-02     0.186765E-02
  0.244550E-02     0.230152E-02     0.288921E-02     0.244174E-02     0.227754E-02
  0.267813E-02     0.267714E-02     0.268512E-02     0.260962E-02     0.305822E-02
  0.314264E-02     0.224130E-02     0.285895E-02     0.397687E-02     0.207487E-02
  0.214324E-02     0.318420E-02     0.449407E-02     0.218927E-02     0.256935E-02
  0.209878E-02     0.253110E-02     0.190380E-02     0.224337E-02     0.330689E-02
  0.258672E-02     0.185463E-02     0.253848E-02     0.413467E-02     0.395075E-02
  0.277962E-02     0.318274E-02     0.418618E-02     0.313808E-02     0.234058E-02
  0.312361E-02     0.333461E-02     0.368189E-02     0.243411E-02     0.235264E-02
  0.264337E-02     0.368898E-02     0.245195E-02     0.214802E-02     0.185195E-02
  0.182264E-02     0.313878E-02     0.204514E-02     0.226417E-02     0.262610E-02
  0.327832E-02     0.192060E-02     0.220466E-02     0.493426E-02     0.332796E-02
  0.208145E-02     0.218752E-02     0.216174E-02     0.291134E-02     0.314977E-02
  0.423095E-02     0.368742E-02     0.467125E-02     0.443491E-02     0.539496E-02
  0.373410E-02     0.357779E-02     0.435100E-02     0.317530E-02     0.338323E-02
  0.525513E-02     0.328986E-02     0.304081E-02     0.306244E-02     0.246335E-02
  0.241973E-02     0.240821E-02     0.384471E-02     0.291664E-02     0.224302E-02
  0.228130E-02     0.246149E-02     0.240673E-02     0.271752E-02     0.241196E-02
  0.427154E-02     0.385320E-02     0.277223E-02     0.292481E-02     0.339752E-02
  0.273739E-02     0.340845E-02     0.368964E-02     0.277995E-02     0.385720E-02
  0.414312E-02     0.349587E-02     0.399801E-02     0.404897E-02     0.433026E-02
  0.355234E-02     0.294324E-02     0.260108E-02     0.304717E-02     0.264750E-02
  0.335635E-02     0.243181E-02     0.262715E-02     0.511810E-02     0.309054E-02
  0.278075E-02     0.279584E-02     0.325780E-02     0.380187E-02     0.341658E-02
  0.310964E-02     0.424486E-02     0.337881E-02     0.343227E-02     0.355396E-02
  0.369674E-02     0.370649E-02     0.330606E-02     0.247054E-02     0.494398E-02
  0.360873E-02     0.507813E-02     0.263538E-02     0.275989E-02     0.270255E-02
  0.219208E-02     0.342411E-02     0.612921E-02     0.383660E-02     0.337148E-02
  0.395180E-02     0.468553E-02     0.370965E-02     0.377132E-02     0.307508E-02
  0.403810E-02     0.411202E-02     0.362696E-02     0.398529E-02     0.462302E-02
  0.423414E-02     0.377298E-02     0.494840E-02     0.542699E-02     0.383826E-02
  0.404516E-02     0.374881E-02     0.456027E-02     0.430458E-02     0.341054E-02
  0.433789E-02     0.493248E-02     0.457113E-02     0.347679E-02     0.360064E-02
  0.468469E-02     0.431195E-02     0.310568E-02     0.511831E-02     0.508726E-02
  0.581965E-02     0.579458E-02     0.388043E-02     0.420136E-02     0.442981E-02
  0.434998E-02     0.390985E-02     0.428414E-02     0.500878E-02     0.550296E-02
  0.312016E-02     0.465978E-02     0.268079E-02     0.477899E-02     0.390843E-02
  0.443501E-02     0.428520E-02     0.445574E-02     0.334869E-02     0.449252E-02
  0.351515E-02     0.501635E-02     0.457151E-02     0.342011E-02     0.358381E-02
  0.524215E-02     0.520555E-02     0.482020E-02     0.531632E-02     0.306707E-02
  0.370576E-02     0.442355E-02     0.411522E-02     0.442606E-02     0.464672E-02
  0.288738E-02     0.520276E-02     0.309680E-02     0.436178E-02     0.331166E-02
  0.320367E-02     0.393002E-02     0.564558E-02     0.409783E-02     0.454526E-02
  0.451588E-02     0.446131E-02     0.438239E-02     0.419124E-02     0.422353E-02
  0.575824E-02     0.398665E-02     0.510801E-02     0.336616E-02     0.494367E-02
  0.507013E-02     0.463177E-02     0.508139E-02     0.514044E-02     0.467551E-02
  0.485519E-02     0.474244E-02     0.348931E-02     0.462040E-02     0.565044E-02
  0.405411E-02     0.551699E-02     0.600130E-02     0.739801E-02     0.424325E-02
  0.428911E-02     0.456012E-02     0.537562E-02     0.475483E-02     0.695194E-02
  0.441351E-02     0.432247E-02     0.471512E-02     0.586704E-02     0.448393E-02
  0.571947E-02     0.524127E-02     0.382641E-02     0.489558E-02     0.475937E-02
  0.626873E-02     0.680727E-02     0.484429E-02     0.530704E-02     0.563606E-02
  0.536784E-02     0.498096E-02     0.544858E-02     0.536295E-02     0.423424E-02
  0.409921E-02     0.460151E-02     0.434297E-02     0.443952E-02     0.523289E-02
  0.332108E-02     0.369654E-02     0.377695E-02     0.420095E-02     0.574532E-02
  0.414733E-02     0.421886E-02     0.495892E-02     0.459776E-02     0.387581E-02
  0.430950E-02     0.621661E-02     0.382730E-02     0.402275E-02     0.424267E-02
  0.554144E-02     0.523836E-02     0.460650E-02     0.340034E-02     0.560926E-02
  0.545076E-02     0.542699E-02     0.530124E-02     0.386358E-02     0.365710E-02
  0.597709E-02     0.578220E-02     0.404386E-02     0.382079E-02     0.369048E-02
  0.454477E-02     0.448783E-02     0.441529E-02     0.550814E-02     0.625565E-02
  0.582444E-02     0.554360E-02     0.322599E-02     0.703990E-02     0.396427E-02
  0.560242E-02     0.428799E-02     0.417874E-02     0.543291E-02     0.519645E-02
  0.440000E-02     0.398495E-02     0.489037E-02     0.425044E-02     0.506060E-02
  0.743089E-02     0.766808E-02     0.691975E-02     0.487154E-02     0.444173E-02
  0.462515E-02     0.547963E-02     0.555239E-02     0.413126E-02     0.427963E-02
  0.442453E-02     0.559418E-02     0.406577E-02     0.499128E-02     0.536583E-02
  0.458928E-02     0.516718E-02     0.526923E-02     0.486411E-02     0.585448E-02
  0.693480E-02     0.549851E-02     0.634067E-02     0.677517E-02     0.621279E-02
  0.470946E-02     0.443319E-02     0.555021E-02     0.106413E-01     0.398008E-02
  0.609166E-02     0.934052E-02     0.415172E-02     0.536499E-02     0.396408E-02
  0.485678E-02     0.581585E-02     0.713653E-02     0.765390E-02     0.709005E-02
  0.783876E-02     0.808103E-02     0.446118E-02     0.443110E-02     0.540915E-02
  0.493519E-02     0.616237E-02     0.481522E-02     0.552255E-02     0.427813E-02
  0.377577E-02     0.444406E-02     0.493563E-02     0.439787E-02     0.408814E-02
  0.410473E-02     0.471381E-02     0.491537E-02     0.469670E-02     0.362293E-02
  0.385883E-02     0.365766E-02     0.519298E-02     0.414443E-02     0.490661E-02
  0.376422E-02     0.557820E-02     0.506243E-02     0.415112E-02     0.450861E-02
  0.637817E-02     0.482116E-02     0.393910E-02     0.391129E-02     0.326900E-02
  0.472537E-02     0.465402E-02     0.481821E-02     0.464296E-02     0.437842E-02
  0.428814E-02     0.439434E-02     0.456206E-02     0.463736E-02     0.569838E-02
  0.566356E-02     0.473509E-02     0.468490E-02     0.499037E-02     0.496268E-02
  0.553933E-02     0.431184E-02     0.353859E-02     0.467626E-02     0.441154E-02
  0.460773E-02     0.474946E-02     0.526275E-02     0.552213E-02     0.485156E-02
  0.475739E-02     0.452478E-02     0.577018E-02     0.535781E-02     0.398190E-02
  0.546861E-02     0.542178E-02     0.500429E-02     0.432085E-02     0.395500E-02
  0.551467E-02     0.395438E-02     0.406242E-02     0.343778E-02     0.445017E-02
  0.513857E-02     0.413815E-02     0.395105E-02     0.572980E-02     0.506877E-02
  0.552203E-02     0.529171E-02     0.383394E-02     0.371935E-02     0.463795E-02
  0.459958E-02     0.555174E-02     0.401515E-02     0.430988E-02     0.527852E-02
  0.584851E-02     0.526816E-02     0.534971E-02     0.527366E-02     0.446536E-02
  0.411005E-02     0.583907E-02     0.539875E-02     0.476059E-02     0.572868E-02
  0.384977E-02     0.556257E-02     0.587497E-02     0.467997E-02     0.549537E-02
  0.626001E-02     0.369364E-02     0.431366E-02     0.486537E-02     0.545474E-02
  0.542726E-02     0.523367E-02     0.593285E-02     0.544621E-02     0.527714E-02
  0.604816E-02     0.452675E-02     0.537141E-02     0.472748E-02     0.544482E-02
  0.638675E-02     0.427763E-02     0.618781E-02     0.513499E-02     0.463945E-02
  0.530567E-02     0.512753E-02     0.590331E-02     0.656669E-02     0.596610E-02
  0.564189E-02     0.585150E-02     0.569389E-02     0.617183E-02     0.573785E-02
  0.662154E-02     0.720326E-02     0.706023E-02     0.473303E-02     0.544658E-02
  0.548693E-02     0.600903E-02     0.393420E-02     0.637975E-02     0.610267E-02
  0.576736E-02     0.491373E-02     0.655012E-02     0.587677E-02     0.512478E-02
  0.582183E-02     0.479098E-02     0.486152E-02     0.434585E-02     0.553058E-02
  0.570459E-02     0.659520E-02     0.428044E-02     0.686559E-02     0.542267E-02
  0.563802E-02     0.507678E-02     0.700054E-02     0.501472E-02     0.438213E-02
  0.675501E-02     0.823597E-02     0.617099E-02     0.725178E-02     0.661808E-02
  0.518836E-02     0.571890E-02     0.596602E-02     0.605196E-02     0.652394E-02
  0.576828E-02     0.679692E-02     0.628161E-02     0.592243E-02     0.643730E-02
  0.675288E-02     0.488623E-02     0.499309E-02     0.437588E-02     0.456448E-02
  0.598748E-02     0.533422E-02     0.540406E-02     0.477993E-02     0.701159E-02
  0.652790E-02     0.622347E-02     0.701077E-02     0.791094E-02     0.728968E-02
  0.615724E-02     0.539466E-02     0.543977E-02     0.701557E-02     0.609964E-02
  0.438977E-02     0.637537E-02     0.585265E-02     0.517372E-02     0.548558E-02
  0.492451E-02     0.486824E-02     0.541888E-02     0.415897E-02     0.465376E-02
  0.579528E-02     0.413290E-02     0.563874E-02     0.468076E-02     0.604165E-02
  0.582371E-02     0.587327E-02     0.521284E-02     0.487842E-02     0.530360E-02
  0.610310E-02     0.542376E-02     0.669444E-02     0.570045E-02     0.599414E-02
  0.481245E-02     0.597337E-02     0.567019E-02     0.624078E-02     0.545000E-02
  0.742626E-02     0.693750E-02     0.721253E-02     0.538612E-02     0.623158E-02
  0.554111E-02     0.578145E-02     0.456364E-02     0.621746E-02     0.586013E-02
  0.658122E-02     0.547784E-02     0.555245E-02     0.529868E-02     0.515346E-02
  0.425438E-02     0.694014E-02     0.759351E-02     0.545749E-02     0.488494E-02
  0.527957E-02     0.565538E-02     0.603662E-02     0.399525E-02     0.725522E-02
  0.522115E-02     0.606540E-02     0.503491E-02     0.658843E-02     0.630127E-02
  0.503822E-02     0.425581E-02     0.549981E-02     0.598793E-02     0.647725E-02
  0.452539E-02     0.564332E-02     0.624626E-02     0.459908E-02     0.508355E-02
  0.441186E-02     0.651211E-02     0.738156E-02     0.676135E-02     0.532844E-02
  0.516795E-02     0.672908E-02     0.519976E-02     0.421434E-02     0.801580E-02
  0.749939E-02     0.649111E-02     0.604025E-02     0.665288E-02     0.666699E-02
  0.543980E-02     0.582466E-02     0.664296E-02     0.750427E-02     0.664270E-02
  0.700392E-02     0.716023E-02     0.584918E-02     0.864129E-02     0.673423E-02
  0.531954E-02     0.520385E-02     0.672022E-02     0.465424E-02     0.577414E-02
  0.535567E-02     0.650882E-02     0.777697E-02     0.585171E-02     0.426200E-02
  0.831904E-02     0.413787E-02     0.830369E-02     0.897090E-02     0.544969E-02
  0.616326E-02     0.544497E-02     0.903206E-02     0.919347E-02     0.748653E-02
  0.101726E-01     0.813117E-02     0.792282E-02     0.828195E-02     0.721483E-02
  0.112482E-01     0.665856E-02     0.652109E-02     0.730736E-02     0.578104E-02
  0.701235E-02     0.596102E-02     0.814411E-02     0.586231E-02     0.798432E-02
  0.676061E-02     0.725200E-02     0.806250E-02     0.711278E-02     0.681862E-02
  0.726358E-02     0.567559E-02     0.616191E-02     0.752707E-02     0.746791E-02
  0.662446E-02     0.994013E-02     0.941228E-02     0.483461E-02     0.799518E-02
  0.646747E-02     0.770677E-02     0.106073E-01     0.637873E-02     0.115943E-01
  0.900206E-02     0.894302E-02     0.916091E-02     0.931327E-02     0.835458E-02
  0.957709E-02     0.125647E-01     0.521132E-02     0.624945E-02     0.810919E-02
  0.581920E-02     0.106107E-01     0.132404E-01     0.906104E-02     0.605432E-02
  0.713175E-02     0.652914E-02     0.750906E-02     0.102375E-01     0.552141E-02
  0.637818E-02     0.876371E-02     0.735898E-02     0.873484E-02     0.747364E-02
  0.770056E-02     0.765102E-02     0.948605E-02     0.100062E-01     0.709499E-02
  0.620102E-02     0.115611E-01     0.681229E-02     0.874974E-02     0.585847E-02
  0.829591E-02     0.615101E-02     0.819223E-02     0.668064E-02     0.671404E-02
  0.776508E-02     0.660681E-02     0.747856E-02     0.708040E-02     0.730556E-02
  0.679795E-02     0.113114E-01     0.909215E-02     0.910865E-02     0.562777E-02
  0.817343E-02     0.630831E-02     0.100314E-01     0.827694E-02     0.938989E-02
  0.668657E-02     0.123013E-01     0.689901E-02     0.810978E-02     0.588370E-02
  0.888011E-02     0.825630E-02     0.805886E-02     0.641791E-02     0.743146E-02
  0.913587E-02     0.984913E-02     0.911230E-02     0.831338E-02     0.553503E-02
  0.668172E-02     0.106985E-01     0.731322E-02     0.801292E-02     0.836942E-02
  0.109215E-01     0.598111E-02     0.109765E-01     0.555957E-02     0.119203E-01
  0.176640E-01     0.529291E-02     0.632656E-02     0.666495E-02     0.168259E-01
  0.179644E-01     0.244361E-01     0.291691E-01     0.274073E-01     0.261423E-01
  0.347061E-01     0.307617E-01     0.626971E-01     0.486750E-01     0.371851E-01
  0.592048E-01     0.791298E-01     0.556871E-01     0.810296E-01     0.798505E-01
  0.746473E-01     0.148778E+00     0.138600E+00     0.144721E+00     0.145687E+00
  0.174326E+00     0.129000E+00     0.131615E+00     0.122998E+00     0.125946E+00
  0.147194E+00     0.145879E+00     0.206149E+00     0.188031E+00     0.187369E+00
  0.191753E+00     0.277526E+00     0.208697E+00     0.221344E+00     0.225889E+00
  0.207921E+00     0.277219E+00     0.279280E+00     0.302652E+00     0.316238E+00
  0.231848E+00     0.288130E+00     0.293026E+00     0.244038E+00     0.355810E+00
  0.410497E+00     0.348373E+00     0.292600E+00     0.374567E+00     0.492111E+00
  0.410230E+00     0.442898E+00     0.401356E+00     0.455399E+00     0.552822E+00
  0.671499E+00     0.632230E+00     0.659731E+00
 eigen energies, in ev
    -45.034206       -44.840665       -44.715525       -44.646474       -44.220000
    -29.211669       -29.107572       -29.099400       -29.030896       -28.982775
    -28.789123       -28.634799       -28.605641       -28.567826       -28.564058
    -28.506230       -28.478236       -28.431626       -28.429882       -28.429609
    -28.391613       -28.389110       -28.385894       -28.363068       -28.299849
    -28.233097       -28.229604       -28.219367       -28.192080       -28.025336
    -28.007898       -27.999220       -27.972732       -27.952040       -27.920586
    -27.920071       -27.907522       -27.899511       -27.878539       -27.823782
    -27.786293       -27.715118       -27.696586       -27.635233       -27.630043
    -27.613719       -27.579494       -27.570612       -27.541849       -27.533430
    -27.531915       -27.512255       -27.493401       -27.487788       -27.476142
    -27.425950       -27.388926       -27.377783       -27.354959       -27.292999
    -27.258624       -27.240641       -27.227941       -27.217232       -27.214350
    -27.209267       -27.163758       -27.112249       -27.107798       -27.076512
    -26.950906       -26.917321       -26.896808       -26.892404       -26.852866
    -26.838292       -26.818888       -26.806840       -26.794692       -26.758709
    -26.692439       -26.660460       -26.595364       -26.554250       -26.511582
    -26.485128       -26.452945       -26.442189       -26.375295       -26.339192
    -26.325737       -26.324572       -26.314466       -26.285515       -26.255532
    -26.209243       -26.142334       -26.130017       -26.087577       -26.062603
    -26.057661       -26.048390       -26.042258       -25.988706       -25.986365
    -25.985440       -25.978238       -25.972772       -25.931027       -25.897674
    -25.893169       -25.864890       -25.843619       -25.830362       -25.819764
    -25.816715       -25.788645       -25.779085       -25.756928       -25.711877
    -25.613268       -25.592487       -25.581520       -25.567213       -25.458553
    -25.457702       -25.443842       -25.382514       -25.312018       -25.286320
    -25.180785       -25.085683       -25.075508       -25.049070       -24.967341
    -24.854186       -24.452627       -24.388173       -24.384268       -24.131859
    -24.042960       -24.021377       -23.907641       -23.899686       -23.852533
    -23.827857       -23.766153       -23.699864       -23.444064       -23.437142
    -23.407523       -23.259121       -23.233151       -23.215287       -23.033967
    -22.952149       -22.919356       -22.791115       -22.716900       -22.589530
    -22.566160       -22.472961       -22.410761       -22.229226       -22.182577
    -22.125761       -22.102175       -22.027238       -21.845943       -21.823807
    -21.811092       -21.802065       -21.799824       -21.787029       -21.738902
    -21.698882       -21.662065       -21.593133       -21.583410       -21.457279
    -21.429819       -21.412822       -21.392333       -21.374913       -21.344457
    -21.217128       -21.069441       -20.868299       -20.837479       -20.399764
    -19.409376       -19.022974       -18.740265       -18.484061       -18.391262
    -16.167558       -16.160583       -15.983420       -15.825884       -15.821886
    -15.661668       -15.576147       -15.541683       -15.508769       -15.507768
    -15.489868       -15.459574       -15.372913       -15.342695       -15.339145
    -15.307604       -15.244536       -15.097988       -15.038191       -14.979614
    -14.974231       -14.966272       -14.934943       -14.934047       -14.918013
    -14.882248       -14.844036       -14.828548       -14.523209       -14.452136
    -14.426809       -14.397873       -14.347455       -14.311921       -14.309540
    -14.236319       -14.206864       -14.194606       -14.178747       -14.142387
    -14.076598       -13.899172       -13.886048       -13.875569       -13.840878
    -13.836098       -13.805685       -13.787973       -13.778528       -13.740731
    -13.647911       -13.627628       -13.569503       -13.543631       -13.515526
    -13.441045       -13.431202       -13.313748       -13.274106       -13.114122
    -13.108034       -13.101306       -13.053699       -13.007003       -12.954638
    -12.857292       -12.813462       -12.736469       -12.709068       -12.636927
    -12.458285       -12.447828       -12.299860       -12.211656       -12.110636
    -12.094892       -12.088705       -12.059394       -11.981329       -11.957318
    -11.936278       -11.932437       -11.917413       -11.855505       -11.840553
    -11.824857       -11.811721       -11.795810       -11.785867       -11.756448
    -11.610834       -11.573264       -11.551380       -11.531322       -11.509532
    -11.485801       -11.432390       -11.413964       -11.387116       -11.383594
    -11.323154       -11.303814       -11.296528       -11.288502       -11.278131
    -11.265212       -11.260752       -11.206786       -11.161605       -11.159480
    -11.139309       -11.122991       -11.093536       -11.085300       -11.023761
    -10.981480       -10.972086       -10.903731       -10.852807       -10.796103
    -10.781309       -10.752318       -10.667995       -10.666711       -10.617195
    -10.601352       -10.551507       -10.523108       -10.515213       -10.507036
    -10.505805       -10.463609       -10.458969       -10.418525       -10.413627
    -10.406800       -10.404594       -10.387505       -10.371664       -10.356317
    -10.349032       -10.334773       -10.326980       -10.312267       -10.309702
    -10.270503       -10.266229       -10.261099       -10.234761       -10.220427
    -10.212597       -10.185638       -10.176336       -10.173857       -10.171095
    -10.165565       -10.154487       -10.147874       -10.140700       -10.135608
    -10.128628       -10.086232       -10.077343       -10.051200       -10.045841
    -10.024910       -10.015616       -10.006737        -9.969275        -9.948996
     -9.942326        -9.932209        -9.918607        -9.908751        -9.906984
     -9.900500        -9.873143        -9.870293        -9.829646        -9.827113
     -9.813168        -9.796723        -9.783813        -9.767993        -9.756733
     -9.736163        -9.732046        -9.691195        -9.686967        -9.680009
     -9.670733        -9.665896        -9.634056        -9.608255        -9.607247
     -9.587913        -9.579256        -9.573588        -9.554368        -9.542646
     -9.537445        -9.526154        -9.518587        -9.506939        -9.500660
     -9.493750        -9.481197        -9.479292        -9.476306        -9.462923
     -9.458724        -9.442261        -9.433484        -9.429508        -9.410625
     -9.388023        -9.381762        -9.364692        -9.336755        -9.320713
     -9.296988        -9.273895        -9.257539        -9.254632        -9.240035
     -9.232315        -9.225789        -9.222620        -9.209468        -9.189929
     -9.173533        -9.158824        -9.148030        -9.144498        -9.101136
     -9.096777        -9.076302        -9.066161        -9.061692        -9.018374
     -8.999424        -8.998088        -8.987360        -8.969963        -8.946930
     -8.941470        -8.928278        -8.925304        -8.917784        -8.913194
     -8.888269        -8.869750        -8.836266        -8.810072        -8.807155
     -8.793820        -8.779680        -8.773065        -8.758253        -8.748250
     -8.732205        -8.712354        -8.696797        -8.670067        -8.664869
     -8.652980        -8.646381        -8.638684        -8.623621        -8.584526
     -8.582035        -8.566919        -8.565695        -8.541252        -8.527075
     -8.481086        -8.475996        -8.420221        -8.413594        -8.395175
     -8.377126        -8.352403        -8.333863        -8.319018        -8.303237
     -8.291682        -8.288866        -8.252947        -8.237356        -8.213874
     -8.193953        -8.187714        -8.171392        -8.156144        -8.148039
     -8.120792        -8.116520        -8.098109        -8.089768        -8.063481
     -8.038485        -8.031735        -8.015284        -8.002321        -7.997676
     -7.963935        -7.952359        -7.946909        -7.922531        -7.899769
     -7.892577        -7.871150        -7.837636        -7.804425        -7.794339
     -7.755822        -7.724166        -7.701448        -7.695276        -7.688028
     -7.663236        -7.654644        -7.649674        -7.635472        -7.606721
     -7.595261        -7.586060        -7.546674        -7.524259        -7.492550
     -7.478663        -7.441005        -7.425730        -7.395806        -7.366129
     -7.358579        -7.318481        -7.264846        -7.231078        -7.197551
     -7.194076        -7.165849        -7.151478        -7.076280        -7.067859
     -7.062976        -7.044261        -6.983369        -6.970767        -6.968147
     -6.960526        -6.939045        -6.928410        -6.924926        -6.903088
     -6.895346        -6.885664        -6.881364        -6.878240        -6.863490
     -6.859336        -6.806634        -6.801596        -6.772206        -6.761611
     -6.751978        -6.741202        -6.731177        -6.710425        -6.706082
     -6.673926        -6.672192        -6.662520        -6.656594        -6.640143
     -6.630769        -6.611949        -6.603852        -6.582831        -6.571745
     -6.567268        -6.552917        -6.542249        -6.532862        -6.526160
     -6.519506        -6.504567        -6.490728        -6.486199        -6.478376
     -6.474578        -6.470382        -6.458261        -6.442763        -6.434070
     -6.431421        -6.423081        -6.408674        -6.398316        -6.384400
     -6.378264        -6.367802        -6.351831        -6.339825        -6.327809
     -6.323799        -6.313621        -6.298147        -6.283934        -6.275947
     -6.268840        -6.265869        -6.258665        -6.257680        -6.247527
     -6.235388        -6.226598        -6.211999        -6.206220        -6.198928
     -6.185017        -6.181599        -6.175629        -6.174629        -6.162868
     -6.148011        -6.135446        -6.109820        -6.095291        -6.091063
     -6.083970        -6.078849        -6.076471        -6.056668        -6.053534
     -6.031828        -6.018882        -6.004198        -5.998545        -5.986656
     -5.966294        -5.951550        -5.948365        -5.937060        -5.921411
     -5.910651        -5.900412        -5.899587        -5.887289        -5.881818
     -5.876697        -5.862071        -5.853727        -5.834242        -5.827093
     -5.822304        -5.808031        -5.798663        -5.793725        -5.792479
     -5.784893        -5.771290        -5.767233        -5.763020        -5.757397
     -5.749952        -5.749273        -5.746087        -5.731586        -5.730031
     -5.719728        -5.709507        -5.693161        -5.689169        -5.687483
     -5.680756        -5.671758        -5.666103        -5.651938        -5.650828
     -5.631618        -5.622785        -5.621294        -5.618018        -5.611135
     -5.607379        -5.596498        -5.591659        -5.589010        -5.576767
     -5.573971        -5.571781        -5.567445        -5.560801        -5.551580
     -5.543532        -5.535724        -5.525917        -5.521190        -5.515646
     -5.506081        -5.485882        -5.475320        -5.469187        -5.467616
     -5.452359        -5.445535        -5.439274        -5.433053        -5.428870
     -5.423765        -5.409626        -5.406030        -5.404453        -5.391187
     -5.388320        -5.377734        -5.366597        -5.365249        -5.346258
     -5.343062        -5.325802        -5.321015        -5.317255        -5.308236
     -5.302222        -5.294087        -5.288148        -5.277014        -5.268240
     -5.255311        -5.247729        -5.246968        -5.237746        -5.232800
     -5.229135        -5.216544        -5.208536        -5.204145        -5.199040
     -5.188031        -5.180341        -5.178396        -5.168093        -5.162413
     -5.155891        -5.147591        -5.138713        -5.129357        -5.127011
     -5.122116        -5.115952        -5.105144        -5.096974        -5.088479
     -5.079991        -5.071442        -5.070328        -5.061130        -5.056883
     -5.051043        -5.048453        -5.040071        -5.034611        -5.029600
     -5.021634        -5.016071        -5.009103        -5.004017        -4.999239
     -4.992586        -4.988748        -4.984369        -4.982257        -4.973634
     -4.969677        -4.956119        -4.953548        -4.943142        -4.941269
     -4.936588        -4.934205        -4.927873        -4.918382        -4.912074
     -4.908132        -4.901072        -4.891982        -4.883653        -4.879929
     -4.864317        -4.862801        -4.861236        -4.851900        -4.846694
     -4.839132        -4.825614        -4.820589        -4.812133        -4.806271
     -4.802845        -4.785462        -4.778846        -4.771179        -4.752990
     -4.745356        -4.741004        -4.732632        -4.721894        -4.718430
     -4.705378        -4.686508        -4.679668        -4.668429        -4.655836
     -4.640032        -4.627545        -4.616860        -4.608429        -4.599982
     -4.592234        -4.581377        -4.578221        -4.567302        -4.563822
     -4.559802        -4.554536        -4.534672        -4.528210        -4.521977
     -4.507239        -4.496702        -4.486912        -4.473858        -4.467890
     -4.463491        -4.441630        -4.427743        -4.423239        -4.411425
     -4.397454        -4.385981        -4.368378        -4.350729        -4.342264
     -4.323983        -4.301241        -4.294715        -4.273212        -4.262527
     -4.247593        -4.246115        -4.238065        -4.209454        -4.189947
     -4.185573        -4.172610        -4.162948        -4.151598        -4.142410
     -4.115165        -4.103874        -4.097927        -4.088199        -4.056971
     -4.048906        -4.046279        -4.041664        -4.016457        -4.005735
     -3.941939        -3.913583        -3.903600        -3.901128        -3.886958
     -3.873343        -3.840559        -3.833759        -3.825352        -3.780770
     -3.779485        -3.762910        -3.737844        -3.698105        -3.667191
     -3.660544        -3.640385        -3.624826        -3.608517        -3.581226
     -3.571050        -3.560475        -3.526138        -3.517608        -3.515020
     -3.495601        -3.439940        -3.429025        -3.415707        -3.395575
     -3.386000        -3.370417        -3.339434        -3.321982        -3.304612
     -3.271770        -3.264952        -3.219423        -3.210620        -3.200702
     -3.183387        -3.166716        -3.146671        -3.132796        -3.130944
     -3.123763        -3.116377        -3.093145        -3.085207        -3.036641
     -3.032957        -3.012866        -2.987675        -2.981200        -2.951116
     -2.923352        -2.903362        -2.871831        -2.850064        -2.817876
     -2.813480        -2.801057        -2.775328        -2.770821        -2.758370
     -2.730017        -2.727456        -2.713007        -2.706990        -2.689340
     -2.658880        -2.629443        -2.617845        -2.611504        -2.585545
     -2.577101        -2.562571        -2.552800        -2.545842        -2.539532
     -2.533380        -2.526142        -2.496180        -2.484311        -2.479191
     -2.439477        -2.424929        -2.418445        -2.390160        -2.369787
     -2.358373        -2.349741        -2.346389        -2.320380        -2.311724
     -2.304265        -2.265111        -2.235412        -2.233007        -2.219144
     -2.176772        -2.094699        -2.069710        -2.005103        -1.889775
      1.962896         2.030209         2.387516         2.663436         2.688921
      2.782170         2.868479         2.882171         3.007168         3.205498
      3.309315         3.359667         3.386023         3.463366         3.520700
      3.569062         3.607920         3.721762         3.759128         3.784368
      3.837507         3.921395         3.951229         3.976568         3.989449
      4.012389         4.031251         4.083217         4.130444         4.137557
      4.155620         4.160980         4.184845         4.217090         4.237902
      4.261567         4.269091         4.305470         4.319483         4.377759
      4.399143         4.413925         4.426802         4.446858         4.470115
      4.496623         4.531648         4.550559         4.570642         4.585794
      4.642133         4.672518         4.702686         4.723389         4.762249
      4.792234         4.829744         4.902873
 *********************************
 sum eigen(dbl occ, ryd)=  -1551.37435106837     
 *********************************
 Ef(eV)= -0.517591553776794     
 ***************************************************
 iter=          15
 ---------------------------------------------------
 dvE, dvE(n)-dvE(n-1) = 0.4125E-04 0.1347E-04
 dv_ave, drho_tot     = 0.6423E-02 0.1784E-02
 err of ug            = 0.3424E-03
 ---------------------------------------------------
 Ewald        = -.40302743199754E+05
 Alpha        = 0.15207970391171E+04
 E_extV       = 0.00000000000000E+00    0.0000E+00
 E_NSC        = -.21562404207529E+05    -.1533E+01
 E[-rho*V_Hxc]= -.12521424185310E+06    0.1858E+01
 E_Hxc        = 0.52660760281422E+05    -.1965E+01
 -TS          = -.35505862133968E-26    0.4332E-40
 E_tot(eV)    = -.13289783193985E+06    0.3250E+00
 ---------------------------------------------------
 E_ion,E_coul,E_xc =   -226370.3703896   81520.2427472  -28859.4824658
Ewald+Hart+ion    -0.1851528708422E+06
 ave(vtot)=ave_(V_xc)=: v0= -0.280995637159087     
 Eigen energies are values after setting ave_vtot=0
 ----------------------------------
 One SCF use:    85.9454100131989       s
 *********************************
 ****** kpt=           1
 err of each states, eV
  0.304499E-02     0.220458E-02     0.437100E-02     0.464297E-02     0.290791E-02
  0.274562E-02     0.107047E-02     0.167312E-02     0.247161E-02     0.303297E-02
  0.244508E-02     0.177737E-02     0.169545E-02     0.163984E-02     0.181207E-02
  0.959704E-03     0.222891E-02     0.132951E-02     0.177120E-02     0.133220E-02
  0.250505E-02     0.290388E-02     0.264030E-02     0.212081E-02     0.186103E-02
  0.159761E-02     0.125167E-02     0.119656E-02     0.136880E-02     0.151219E-02
  0.133774E-02     0.177586E-02     0.300124E-02     0.183998E-02     0.267361E-02
  0.138461E-02     0.153479E-02     0.134083E-02     0.119570E-02     0.119686E-02
  0.272704E-02     0.141973E-02     0.178676E-02     0.166140E-02     0.211688E-02
  0.131090E-02     0.108291E-02     0.161884E-02     0.124588E-02     0.173923E-02
  0.209576E-02     0.128727E-02     0.994855E-03     0.237812E-02     0.179646E-02
  0.144632E-02     0.112424E-02     0.198853E-02     0.192833E-02     0.158918E-02
  0.151795E-02     0.126130E-02     0.160744E-02     0.181825E-02     0.129295E-02
  0.122775E-02     0.187153E-02     0.110588E-02     0.128834E-02     0.156414E-02
  0.183824E-02     0.181537E-02     0.161907E-02     0.994428E-03     0.185294E-02
  0.786636E-03     0.170776E-02     0.151261E-02     0.202676E-02     0.139533E-02
  0.102568E-02     0.179356E-02     0.233685E-02     0.175469E-02     0.217999E-02
  0.170818E-02     0.208178E-02     0.137878E-02     0.224297E-02     0.212306E-02
  0.109362E-02     0.990805E-03     0.191933E-02     0.141955E-02     0.830822E-03
  0.142780E-02     0.188908E-02     0.217838E-02     0.137139E-02     0.112403E-02
  0.179229E-02     0.192807E-02     0.138175E-02     0.193123E-02     0.278767E-02
  0.192033E-02     0.978589E-03     0.160711E-02     0.149906E-02     0.181295E-02
  0.141729E-02     0.157045E-02     0.120146E-02     0.195655E-02     0.137739E-02
  0.810970E-03     0.141938E-02     0.123372E-02     0.153214E-02     0.188849E-02
  0.118983E-02     0.189409E-02     0.150730E-02     0.149612E-02     0.210999E-02
  0.182528E-02     0.137630E-02     0.192545E-02     0.191029E-02     0.111582E-02
  0.100069E-02     0.199127E-02     0.165174E-02     0.190060E-02     0.194657E-02
  0.300763E-02     0.222412E-02     0.304942E-02     0.177686E-02     0.240038E-02
  0.272090E-02     0.295507E-02     0.256516E-02     0.226364E-02     0.212909E-02
  0.165469E-02     0.134157E-02     0.188800E-02     0.220196E-02     0.188969E-02
  0.189100E-02     0.171907E-02     0.257331E-02     0.155727E-02     0.391899E-02
  0.172579E-02     0.348752E-02     0.125511E-02     0.150269E-02     0.270342E-02
  0.219763E-02     0.149549E-02     0.210092E-02     0.175597E-02     0.253382E-02
  0.859652E-03     0.232618E-02     0.160129E-02     0.205303E-02     0.207135E-02
  0.234682E-02     0.214110E-02     0.163457E-02     0.158177E-02     0.266035E-02
  0.187915E-02     0.207311E-02     0.225551E-02     0.411553E-02     0.232052E-02
  0.155949E-02     0.158793E-02     0.187358E-02     0.229293E-02     0.135313E-02
  0.139587E-02     0.194775E-02     0.155148E-02     0.195437E-02     0.181816E-02
  0.239812E-02     0.109436E-02     0.164521E-02     0.326320E-02     0.152180E-02
  0.228331E-02     0.166850E-02     0.165191E-02     0.108117E-02     0.204389E-02
  0.237380E-02     0.164898E-02     0.111527E-02     0.131751E-02     0.147418E-02
  0.145218E-02     0.149575E-02     0.271360E-02     0.195251E-02     0.168280E-02
  0.138535E-02     0.180946E-02     0.114887E-02     0.127848E-02     0.174302E-02
  0.122973E-02     0.137744E-02     0.165959E-02     0.130744E-02     0.210034E-02
  0.155510E-02     0.148512E-02     0.128739E-02     0.142212E-02     0.136177E-02
  0.180970E-02     0.197519E-02     0.183455E-02     0.138275E-02     0.141728E-02
  0.147401E-02     0.229290E-02     0.147303E-02     0.185967E-02     0.232568E-02
  0.136679E-02     0.256500E-02     0.113672E-02     0.318224E-02     0.198768E-02
  0.174750E-02     0.203779E-02     0.205066E-02     0.174074E-02     0.280441E-02
  0.164981E-02     0.214505E-02     0.159405E-02     0.119628E-02     0.165883E-02
  0.277650E-02     0.218664E-02     0.211503E-02     0.211747E-02     0.197861E-02
  0.166761E-02     0.211294E-02     0.165002E-02     0.236704E-02     0.149975E-02
  0.171330E-02     0.195681E-02     0.123275E-02     0.140719E-02     0.156981E-02
  0.170330E-02     0.277511E-02     0.231280E-02     0.245297E-02     0.205138E-02
  0.269016E-02     0.213907E-02     0.198577E-02     0.301417E-02     0.237068E-02
  0.240558E-02     0.254701E-02     0.221071E-02     0.242367E-02     0.326392E-02
  0.225005E-02     0.257210E-02     0.330010E-02     0.302474E-02     0.336156E-02
  0.229648E-02     0.151411E-02     0.170917E-02     0.226601E-02     0.211760E-02
  0.209830E-02     0.188265E-02     0.339267E-02     0.291044E-02     0.195669E-02
  0.254071E-02     0.301877E-02     0.296749E-02     0.242469E-02     0.239703E-02
  0.237720E-02     0.259149E-02     0.214330E-02     0.372221E-02     0.341268E-02
  0.346523E-02     0.333455E-02     0.190838E-02     0.197118E-02     0.305128E-02
  0.433691E-02     0.249718E-02     0.383159E-02     0.168493E-02     0.407449E-02
  0.392387E-02     0.350391E-02     0.332612E-02     0.247971E-02     0.293006E-02
  0.291103E-02     0.357168E-02     0.346219E-02     0.305317E-02     0.379257E-02
  0.342867E-02     0.526014E-02     0.299701E-02     0.258030E-02     0.395979E-02
  0.400875E-02     0.344843E-02     0.510534E-02     0.310219E-02     0.308349E-02
  0.361514E-02     0.357657E-02     0.259414E-02     0.290641E-02     0.224659E-02
  0.277789E-02     0.389700E-02     0.292392E-02     0.307577E-02     0.264109E-02
  0.419245E-02     0.352086E-02     0.401055E-02     0.390827E-02     0.447631E-02
  0.326580E-02     0.415278E-02     0.435217E-02     0.439917E-02     0.388729E-02
  0.403993E-02     0.399419E-02     0.383207E-02     0.309001E-02     0.363114E-02
  0.335821E-02     0.277795E-02     0.272951E-02     0.442581E-02     0.251378E-02
  0.389657E-02     0.263803E-02     0.281816E-02     0.324238E-02     0.394632E-02
  0.227726E-02     0.262087E-02     0.362038E-02     0.289391E-02     0.400421E-02
  0.389838E-02     0.402046E-02     0.251225E-02     0.415921E-02     0.300025E-02
  0.354206E-02     0.268322E-02     0.321259E-02     0.294995E-02     0.309208E-02
  0.392085E-02     0.338492E-02     0.305585E-02     0.307844E-02     0.396770E-02
  0.326853E-02     0.304359E-02     0.328401E-02     0.260417E-02     0.422439E-02
  0.346201E-02     0.341243E-02     0.444017E-02     0.321025E-02     0.469781E-02
  0.352334E-02     0.288436E-02     0.280823E-02     0.327087E-02     0.381622E-02
  0.367893E-02     0.328026E-02     0.344112E-02     0.362888E-02     0.389972E-02
  0.313654E-02     0.338398E-02     0.294573E-02     0.349516E-02     0.423066E-02
  0.497854E-02     0.288621E-02     0.285431E-02     0.337421E-02     0.475780E-02
  0.373186E-02     0.272050E-02     0.410803E-02     0.424768E-02     0.418516E-02
  0.606408E-02     0.317360E-02     0.447606E-02     0.368331E-02     0.439692E-02
  0.449911E-02     0.455927E-02     0.388043E-02     0.404519E-02     0.426542E-02
  0.421943E-02     0.392798E-02     0.354625E-02     0.388164E-02     0.347571E-02
  0.386325E-02     0.323844E-02     0.400631E-02     0.289395E-02     0.353744E-02
  0.311719E-02     0.355983E-02     0.313366E-02     0.251271E-02     0.333725E-02
  0.362496E-02     0.355068E-02     0.316688E-02     0.354973E-02     0.305445E-02
  0.362314E-02     0.346982E-02     0.347600E-02     0.347342E-02     0.335122E-02
  0.364681E-02     0.298882E-02     0.331570E-02     0.323977E-02     0.280450E-02
  0.310630E-02     0.368536E-02     0.298914E-02     0.418227E-02     0.276326E-02
  0.401407E-02     0.296391E-02     0.330296E-02     0.435400E-02     0.322901E-02
  0.327514E-02     0.186492E-02     0.360387E-02     0.302738E-02     0.221830E-02
  0.309905E-02     0.309306E-02     0.329302E-02     0.485304E-02     0.286579E-02
  0.308347E-02     0.296882E-02     0.332950E-02     0.308926E-02     0.325641E-02
  0.333939E-02     0.324111E-02     0.343215E-02     0.278967E-02     0.352343E-02
  0.315815E-02     0.356496E-02     0.428945E-02     0.379188E-02     0.441396E-02
  0.367993E-02     0.275795E-02     0.361195E-02     0.496846E-02     0.375994E-02
  0.338319E-02     0.352946E-02     0.237012E-02     0.312597E-02     0.261174E-02
  0.346372E-02     0.292093E-02     0.364801E-02     0.300722E-02     0.318702E-02
  0.332263E-02     0.351318E-02     0.362588E-02     0.404778E-02     0.423752E-02
  0.547028E-02     0.433812E-02     0.479425E-02     0.423009E-02     0.427195E-02
  0.484383E-02     0.405964E-02     0.399672E-02     0.427795E-02     0.292861E-02
  0.368661E-02     0.530315E-02     0.329256E-02     0.375120E-02     0.340368E-02
  0.328766E-02     0.327193E-02     0.346639E-02     0.359916E-02     0.404798E-02
  0.387707E-02     0.338382E-02     0.360455E-02     0.363799E-02     0.373467E-02
  0.374160E-02     0.366239E-02     0.359617E-02     0.325166E-02     0.325995E-02
  0.375142E-02     0.312226E-02     0.242939E-02     0.271705E-02     0.403400E-02
  0.356386E-02     0.306842E-02     0.325199E-02     0.318194E-02     0.394377E-02
  0.426693E-02     0.263594E-02     0.331261E-02     0.313014E-02     0.282650E-02
  0.291741E-02     0.266466E-02     0.345715E-02     0.321043E-02     0.405296E-02
  0.433036E-02     0.310904E-02     0.383787E-02     0.404591E-02     0.327512E-02
  0.416908E-02     0.352063E-02     0.381033E-02     0.338217E-02     0.337431E-02
  0.330711E-02     0.356326E-02     0.343635E-02     0.346560E-02     0.361233E-02
  0.294329E-02     0.394979E-02     0.327470E-02     0.408641E-02     0.328063E-02
  0.349473E-02     0.435285E-02     0.380244E-02     0.364909E-02     0.319363E-02
  0.361506E-02     0.329435E-02     0.328684E-02     0.318989E-02     0.328643E-02
  0.349383E-02     0.342154E-02     0.308125E-02     0.294316E-02     0.466898E-02
  0.384966E-02     0.355467E-02     0.379069E-02     0.382820E-02     0.279660E-02
  0.375834E-02     0.402571E-02     0.330001E-02     0.342534E-02     0.371919E-02
  0.395434E-02     0.366128E-02     0.370862E-02     0.435525E-02     0.344251E-02
  0.368548E-02     0.374498E-02     0.393244E-02     0.412301E-02     0.327713E-02
  0.397404E-02     0.368198E-02     0.435035E-02     0.381108E-02     0.303796E-02
  0.309025E-02     0.367740E-02     0.392049E-02     0.405556E-02     0.322630E-02
  0.382172E-02     0.398461E-02     0.310964E-02     0.303496E-02     0.327639E-02
  0.381447E-02     0.421024E-02     0.427472E-02     0.438913E-02     0.365311E-02
  0.313794E-02     0.418806E-02     0.348072E-02     0.397812E-02     0.351508E-02
  0.345039E-02     0.346306E-02     0.288017E-02     0.350661E-02     0.371756E-02
  0.356830E-02     0.375408E-02     0.447845E-02     0.399065E-02     0.447957E-02
  0.459615E-02     0.411920E-02     0.409835E-02     0.377336E-02     0.429361E-02
  0.398275E-02     0.458710E-02     0.440476E-02     0.420794E-02     0.401927E-02
  0.402457E-02     0.352935E-02     0.316657E-02     0.368231E-02     0.511200E-02
  0.391885E-02     0.410373E-02     0.376103E-02     0.571914E-02     0.393600E-02
  0.408707E-02     0.304569E-02     0.402306E-02     0.421536E-02     0.365967E-02
  0.413328E-02     0.458823E-02     0.402189E-02     0.407007E-02     0.355907E-02
  0.526952E-02     0.335228E-02     0.433619E-02     0.440376E-02     0.280370E-02
  0.349324E-02     0.375051E-02     0.509962E-02     0.412593E-02     0.412155E-02
  0.456628E-02     0.521347E-02     0.422123E-02     0.440624E-02     0.474029E-02
  0.423985E-02     0.446835E-02     0.539971E-02     0.476894E-02     0.338539E-02
  0.497680E-02     0.423068E-02     0.389447E-02     0.508684E-02     0.399526E-02
  0.468717E-02     0.398504E-02     0.416143E-02     0.440411E-02     0.422473E-02
  0.378908E-02     0.429574E-02     0.323750E-02     0.387670E-02     0.440120E-02
  0.481100E-02     0.338508E-02     0.424640E-02     0.397039E-02     0.520471E-02
  0.450504E-02     0.311805E-02     0.421077E-02     0.438097E-02     0.424107E-02
  0.438098E-02     0.397286E-02     0.390492E-02     0.436288E-02     0.449109E-02
  0.425744E-02     0.424333E-02     0.456882E-02     0.522206E-02     0.421401E-02
  0.402714E-02     0.391533E-02     0.409602E-02     0.342965E-02     0.428635E-02
  0.411514E-02     0.407102E-02     0.539476E-02     0.446570E-02     0.441614E-02
  0.422477E-02     0.491124E-02     0.367654E-02     0.449052E-02     0.469889E-02
  0.442763E-02     0.448478E-02     0.404689E-02     0.373625E-02     0.505207E-02
  0.396137E-02     0.393056E-02     0.415462E-02     0.409370E-02     0.551028E-02
  0.434952E-02     0.572404E-02     0.486607E-02     0.450797E-02     0.470555E-02
  0.435838E-02     0.428626E-02     0.464544E-02     0.435421E-02     0.333381E-02
  0.439556E-02     0.542818E-02     0.486000E-02     0.456943E-02     0.418937E-02
  0.472330E-02     0.496167E-02     0.423153E-02     0.504787E-02     0.462092E-02
  0.369467E-02     0.482946E-02     0.500102E-02     0.438009E-02     0.401251E-02
  0.416856E-02     0.462422E-02     0.421159E-02     0.468116E-02     0.436096E-02
  0.413705E-02     0.403199E-02     0.537604E-02     0.414254E-02     0.360554E-02
  0.563445E-02     0.524434E-02     0.509410E-02     0.403889E-02     0.343736E-02
  0.510846E-02     0.394151E-02     0.376537E-02     0.518412E-02     0.594424E-02
  0.496010E-02     0.540422E-02     0.437755E-02     0.605344E-02     0.535338E-02
  0.454812E-02     0.476778E-02     0.540569E-02     0.478453E-02     0.582765E-02
  0.397784E-02     0.392861E-02     0.488932E-02     0.490146E-02     0.439034E-02
  0.466530E-02     0.543191E-02     0.312777E-02     0.508803E-02     0.519821E-02
  0.335571E-02     0.504840E-02     0.484187E-02     0.474187E-02     0.515374E-02
  0.536990E-02     0.321001E-02     0.487876E-02     0.547500E-02     0.553593E-02
  0.619713E-02     0.596530E-02     0.683447E-02     0.750693E-02     0.689092E-02
  0.569173E-02     0.558749E-02     0.659104E-02     0.726561E-02     0.543487E-02
  0.481171E-02     0.482504E-02     0.650050E-02     0.444646E-02     0.446265E-02
  0.420730E-02     0.500695E-02     0.544176E-02     0.566707E-02     0.535787E-02
  0.593402E-02     0.462622E-02     0.475379E-02     0.640879E-02     0.719384E-02
  0.455416E-02     0.471586E-02     0.686036E-02     0.617102E-02     0.687814E-02
  0.409481E-02     0.543461E-02     0.588296E-02     0.576279E-02     0.500165E-02
  0.556837E-02     0.603857E-02     0.559207E-02     0.551123E-02     0.656859E-02
  0.280622E-02     0.615503E-02     0.631503E-02     0.512380E-02     0.518592E-02
  0.544459E-02     0.466525E-02     0.471464E-02     0.484705E-02     0.737013E-02
  0.672080E-02     0.691100E-02     0.513222E-02     0.351810E-02     0.685591E-02
  0.496645E-02     0.482538E-02     0.691702E-02     0.664013E-02     0.822873E-02
  0.581795E-02     0.621653E-02     0.614169E-02     0.687311E-02     0.684540E-02
  0.685579E-02     0.612412E-02     0.792702E-02     0.691735E-02     0.509726E-02
  0.695861E-02     0.504920E-02     0.551122E-02     0.770735E-02     0.368944E-02
  0.507219E-02     0.362880E-02     0.586197E-02     0.376838E-02     0.595475E-02
  0.491437E-02     0.807316E-02     0.403805E-02     0.483233E-02     0.557842E-02
  0.577605E-02     0.543421E-02     0.553328E-02     0.460509E-02     0.620713E-02
  0.499465E-02     0.559815E-02     0.553855E-02     0.507878E-02     0.521224E-02
  0.741262E-02     0.528765E-02     0.502095E-02     0.627274E-02     0.581896E-02
  0.746726E-02     0.485819E-02     0.683521E-02     0.696388E-02     0.696689E-02
  0.617871E-02     0.506567E-02     0.530164E-02     0.558547E-02     0.515413E-02
  0.716411E-02     0.614360E-02     0.391035E-02     0.952949E-02     0.528379E-02
  0.346516E-02     0.870890E-02     0.723603E-02     0.460064E-02     0.504033E-02
  0.566953E-02     0.720661E-02     0.597398E-02     0.657132E-02     0.143160E-01
  0.125002E-01     0.172962E-01     0.212368E-01     0.207989E-01     0.177877E-01
  0.210600E-01     0.237009E-01     0.553505E-01     0.414234E-01     0.259542E-01
  0.460332E-01     0.488746E-01     0.440273E-01     0.524465E-01     0.599790E-01
  0.972363E-01     0.738174E-01     0.100315E+00     0.937457E-01     0.784933E-01
  0.111330E+00     0.125305E+00     0.101686E+00     0.107684E+00     0.120468E+00
  0.122893E+00     0.109477E+00     0.878129E-01     0.139801E+00     0.183562E+00
  0.146418E+00     0.154180E+00     0.155324E+00     0.199320E+00     0.194761E+00
  0.214988E+00     0.172517E+00     0.221765E+00     0.266720E+00     0.213509E+00
  0.153284E+00     0.317921E+00     0.272206E+00     0.232505E+00     0.303294E+00
  0.182107E+00     0.274735E+00     0.330165E+00     0.360019E+00     0.267002E+00
  0.433665E+00     0.290089E+00     0.390166E+00     0.361651E+00     0.446915E+00
  0.378960E+00     0.349668E+00     0.547471E+00
 eigen energies, in ev
    -44.805352       -44.663083       -44.559226       -44.474405       -44.121675
    -29.180131       -29.126632       -29.043425       -29.042455       -29.007487
    -28.802614       -28.730157       -28.610699       -28.600743       -28.595436
    -28.538801       -28.526225       -28.513435       -28.496025       -28.436691
    -28.428265       -28.416805       -28.405986       -28.343933       -28.300520
    -28.299861       -28.296701       -28.275765       -28.221241       -28.111085
    -28.047072       -28.029319       -28.024077       -28.006488       -28.006254
    -27.995478       -27.952375       -27.937506       -27.912359       -27.883925
    -27.875464       -27.729711       -27.724393       -27.666441       -27.619846
    -27.606980       -27.595737       -27.570789       -27.570156       -27.560064
    -27.554885       -27.537514       -27.486650       -27.455782       -27.423552
    -27.401736       -27.398012       -27.374795       -27.347811       -27.316818
    -27.315763       -27.310376       -27.310212       -27.283483       -27.274163
    -27.213330       -27.191880       -27.159347       -27.095963       -27.092911
    -27.001202       -26.956483       -26.918292       -26.909510       -26.908051
    -26.900886       -26.824516       -26.803439       -26.765347       -26.745804
    -26.673211       -26.672037       -26.668362       -26.609558       -26.540021
    -26.535830       -26.529326       -26.465838       -26.463836       -26.419443
    -26.407542       -26.391098       -26.342239       -26.307406       -26.295692
    -26.265815       -26.204532       -26.132681       -26.116139       -26.113370
    -26.103850       -26.089052       -26.085579       -26.074434       -26.072787
    -26.059347       -26.015262       -25.997043       -25.968445       -25.966584
    -25.953093       -25.922818       -25.899536       -25.885450       -25.882010
    -25.872832       -25.853107       -25.830827       -25.824027       -25.798589
    -25.689839       -25.683464       -25.669186       -25.570863       -25.556671
    -25.498812       -25.456736       -25.446898       -25.384895       -25.329324
    -25.210295       -25.173734       -25.152088       -25.146598       -25.047868
    -24.719310       -24.375496       -24.296703       -24.251030       -23.950134
    -23.911625       -23.881910       -23.835813       -23.821183       -23.765930
    -23.704171       -23.693571       -23.620499       -23.397537       -23.362102
    -23.295560       -23.201253       -23.179375       -23.093093       -23.088007
    -23.036899       -22.974014       -22.797063       -22.748797       -22.683146
    -22.574565       -22.423980       -22.417390       -22.330702       -22.211634
    -22.176290       -22.091869       -21.964675       -21.900826       -21.884479
    -21.881622       -21.808501       -21.784292       -21.771271       -21.615179
    -21.576327       -21.492587       -21.486685       -21.446399       -21.377804
    -21.333370       -21.327865       -21.306620       -21.281319       -21.272220
    -21.160929       -20.970288       -20.837213       -20.724564       -20.368403
    -19.229873       -18.873636       -18.614329       -18.374325       -18.326258
    -16.212935       -16.155840       -15.938379       -15.902106       -15.870529
    -15.720096       -15.623877       -15.616401       -15.594123       -15.531062
    -15.471873       -15.444682       -15.410505       -15.370698       -15.324887
    -15.272217       -15.248302       -15.048508       -15.047773       -15.036456
    -15.031788       -15.006363       -14.984997       -14.904247       -14.869582
    -14.861873       -14.816963       -14.809418       -14.533521       -14.522468
    -14.456690       -14.451791       -14.421889       -14.399432       -14.339514
    -14.266008       -14.233749       -14.152154       -14.097055       -14.078090
    -13.986396       -13.974904       -13.961210       -13.914883       -13.832011
    -13.786337       -13.753215       -13.741115       -13.706449       -13.656831
    -13.589117       -13.563232       -13.544021       -13.505370       -13.480019
    -13.412328       -13.385938       -13.342748       -13.342074       -13.204845
    -13.182931       -13.159125       -13.017032       -13.011775       -12.994752
    -12.939583       -12.897698       -12.811668       -12.747957       -12.728964
    -12.530257       -12.478137       -12.315492       -12.235788       -12.150824
    -12.133717       -12.128551       -12.035313       -11.988719       -11.944310
    -11.918157       -11.888408       -11.884300       -11.879606       -11.848469
    -11.844096       -11.840154       -11.819003       -11.798415       -11.772021
    -11.670049       -11.650281       -11.619680       -11.559295       -11.528706
    -11.511711       -11.458259       -11.440549       -11.424811       -11.375494
    -11.346464       -11.312665       -11.292042       -11.285561       -11.274429
    -11.247303       -11.226868       -11.191761       -11.185250       -11.180468
    -11.160376       -11.116979       -11.098382       -11.064562       -11.039401
    -11.014977       -11.006990       -10.929287       -10.922857       -10.773003
    -10.766807       -10.721617       -10.701571       -10.675739       -10.652239
    -10.637318       -10.578405       -10.561657       -10.537963       -10.528698
    -10.503117       -10.480432       -10.470878       -10.459268       -10.447169
    -10.444455       -10.441506       -10.430032       -10.427672       -10.424593
    -10.384799       -10.380836       -10.361842       -10.345136       -10.329243
    -10.321743       -10.297039       -10.290389       -10.273267       -10.262409
    -10.240461       -10.235363       -10.226900       -10.226497       -10.214926
    -10.203510       -10.177411       -10.165513       -10.161434       -10.149731
    -10.136018       -10.127598       -10.097664       -10.086884       -10.061471
    -10.057092       -10.039823       -10.033635        -9.999773        -9.974024
     -9.969159        -9.963104        -9.958657        -9.936757        -9.926853
     -9.910410        -9.897902        -9.863245        -9.851216        -9.847540
     -9.840390        -9.827777        -9.823539        -9.796717        -9.789008
     -9.778178        -9.765119        -9.756868        -9.747551        -9.744424
     -9.718814        -9.712749        -9.681228        -9.674124        -9.645646
     -9.628539        -9.613985        -9.605357        -9.601654        -9.595610
     -9.584080        -9.561865        -9.555085        -9.549502        -9.541744
     -9.531620        -9.516691        -9.512714        -9.496249        -9.468992
     -9.463557        -9.460819        -9.441043        -9.437217        -9.428050
     -9.415146        -9.411545        -9.388936        -9.369216        -9.343979
     -9.327829        -9.311733        -9.300765        -9.290752        -9.273010
     -9.248746        -9.242378        -9.238506        -9.237325        -9.230626
     -9.189424        -9.162903        -9.140489        -9.114011        -9.097558
     -9.095411        -9.084734        -9.076705        -9.065255        -9.053942
     -9.047002        -9.035772        -9.023890        -9.006488        -8.991371
     -8.974478        -8.964681        -8.955028        -8.954220        -8.891011
     -8.879687        -8.848139        -8.825174        -8.820010        -8.815693
     -8.807202        -8.803023        -8.777499        -8.773943        -8.753568
     -8.746804        -8.733316        -8.720145        -8.704303        -8.699876
     -8.680147        -8.663560        -8.654681        -8.641195        -8.628255
     -8.617291        -8.599671        -8.569707        -8.548816        -8.525912
     -8.512830        -8.500469        -8.487895        -8.454656        -8.434617
     -8.429499        -8.403980        -8.319832        -8.300898        -8.274240
     -8.259044        -8.231563        -8.215901        -8.209621        -8.193702
     -8.187522        -8.180745        -8.155377        -8.146974        -8.130419
     -8.097950        -8.086669        -8.036988        -8.034899        -8.001521
     -7.999019        -7.966466        -7.957840        -7.946220        -7.933370
     -7.915779        -7.913502        -7.902252        -7.888413        -7.867735
     -7.835226        -7.817154        -7.793731        -7.769156        -7.752362
     -7.734944        -7.716125        -7.689821        -7.659713        -7.641316
     -7.636753        -7.605631        -7.581736        -7.563373        -7.555132
     -7.530226        -7.519654        -7.476441        -7.466428        -7.455963
     -7.441922        -7.435234        -7.428936        -7.415576        -7.357432
     -7.340658        -7.272084        -7.270842        -7.174291        -7.162189
     -7.157563        -7.108399        -7.100594        -7.080403        -7.064660
     -7.054779        -7.044244        -7.024977        -7.006399        -6.985072
     -6.973375        -6.950914        -6.947188        -6.945721        -6.940724
     -6.928601        -6.902613        -6.873899        -6.842202        -6.837849
     -6.834970        -6.813247        -6.811405        -6.790336        -6.781136
     -6.777031        -6.773985        -6.756433        -6.750160        -6.737772
     -6.718699        -6.700673        -6.689378        -6.685242        -6.667537
     -6.662950        -6.661148        -6.637807        -6.619468        -6.607748
     -6.595494        -6.562821        -6.552609        -6.549908        -6.536872
     -6.526622        -6.504414        -6.499894        -6.489304        -6.476681
     -6.473735        -6.465014        -6.458626        -6.449427        -6.431358
     -6.418318        -6.410509        -6.394187        -6.373525        -6.368139
     -6.358420        -6.354695        -6.346334        -6.341973        -6.329962
     -6.314805        -6.309688        -6.306562        -6.292702        -6.290851
     -6.280489        -6.273852        -6.270052        -6.265570        -6.258145
     -6.249259        -6.245424        -6.232488        -6.228418        -6.213815
     -6.202642        -6.197010        -6.183786        -6.178050        -6.177351
     -6.166344        -6.154587        -6.146073        -6.136082        -6.129344
     -6.096501        -6.094521        -6.067001        -6.058463        -6.052415
     -6.040949        -6.020810        -6.011696        -6.007928        -5.986976
     -5.981970        -5.980374        -5.962743        -5.957578        -5.946196
     -5.928417        -5.921047        -5.909209        -5.896267        -5.887763
     -5.879192        -5.872623        -5.867553        -5.852823        -5.843159
     -5.840398        -5.832962        -5.825694        -5.812855        -5.808070
     -5.796798        -5.790721        -5.785736        -5.780932        -5.775332
     -5.766402        -5.764070        -5.756442        -5.746728        -5.734826
     -5.732508        -5.727012        -5.718719        -5.709217        -5.705191
     -5.693968        -5.690443        -5.684261        -5.675024        -5.667888
     -5.662968        -5.656356        -5.648996        -5.644385        -5.638678
     -5.633796        -5.630018        -5.625065        -5.617045        -5.610759
     -5.602660        -5.599163        -5.591981        -5.587333        -5.584618
     -5.562828        -5.552311        -5.549767        -5.545374        -5.532420
     -5.523025        -5.519556        -5.495465        -5.486769        -5.481478
     -5.473317        -5.464183        -5.453659        -5.448328        -5.434088
     -5.427516        -5.424087        -5.414743        -5.407576        -5.404303
     -5.392937        -5.386036        -5.373236        -5.368392        -5.365612
     -5.362346        -5.350898        -5.344811        -5.332416        -5.323497
     -5.322137        -5.314304        -5.308628        -5.305397        -5.301445
     -5.292309        -5.280725        -5.274433        -5.262916        -5.257849
     -5.244413        -5.231581        -5.213844        -5.209446        -5.207861
     -5.200798        -5.196735        -5.189121        -5.185596        -5.178420
     -5.166907        -5.161877        -5.158596        -5.157221        -5.144097
     -5.134118        -5.125175        -5.123145        -5.118869        -5.112162
     -5.101679        -5.095844        -5.094640        -5.081870        -5.076773
     -5.072440        -5.070600        -5.064913        -5.057119        -5.055621
     -5.052739        -5.046854        -5.034332        -5.024375        -5.020188
     -5.016232        -5.012062        -5.007948        -5.002377        -4.993309
     -4.982332        -4.975245        -4.974018        -4.969125        -4.963241
     -4.951781        -4.950487        -4.940795        -4.939853        -4.934063
     -4.929310        -4.921299        -4.916434        -4.903040        -4.897661
     -4.894033        -4.886562        -4.879136        -4.870594        -4.859223
     -4.846059        -4.842183        -4.831584        -4.827717        -4.819616
     -4.812207        -4.797671        -4.780868        -4.773427        -4.772468
     -4.768731        -4.762591        -4.748565        -4.744554        -4.731236
     -4.714385        -4.706288        -4.693702        -4.684245        -4.683326
     -4.671005        -4.662976        -4.649592        -4.642978        -4.633900
     -4.617853        -4.599049        -4.594550        -4.584464        -4.576353
     -4.573853        -4.568266        -4.548244        -4.542565        -4.530787
     -4.519450        -4.505336        -4.494366        -4.492116        -4.488086
     -4.471383        -4.446319        -4.434863        -4.425643        -4.416516
     -4.387165        -4.377519        -4.364758        -4.355618        -4.342088
     -4.327459        -4.297199        -4.292289        -4.264505        -4.259757
     -4.249767        -4.240766        -4.222941        -4.214194        -4.204024
     -4.176934        -4.148556        -4.138821        -4.129588        -4.110358
     -4.085256        -4.082423        -4.076812        -4.057749        -4.039996
     -4.037530        -4.029640        -3.982744        -3.970364        -3.962597
     -3.937409        -3.930728        -3.924201        -3.918620        -3.885552
     -3.859326        -3.846925        -3.818390        -3.792651        -3.778322
     -3.766075        -3.731966        -3.718839        -3.685285        -3.617334
     -3.604477        -3.594800        -3.571893        -3.559362        -3.531799
     -3.521070        -3.507132        -3.483558        -3.476203        -3.467636
     -3.457685        -3.445733        -3.432920        -3.407957        -3.393168
     -3.387156        -3.357162        -3.335397        -3.324214        -3.304297
     -3.291562        -3.260202        -3.212573        -3.190641        -3.170124
     -3.159229        -3.149068        -3.145288        -3.137812        -3.104476
     -3.089412        -3.080951        -3.068782        -3.046837        -3.027885
     -2.993441        -2.983127        -2.978476        -2.958416        -2.946379
     -2.928754        -2.892132        -2.856505        -2.849444        -2.810758
     -2.792655        -2.788707        -2.772086        -2.766820        -2.764976
     -2.712517        -2.706987        -2.697234        -2.685988        -2.667511
     -2.647866        -2.640197        -2.622262        -2.613050        -2.610643
     -2.608669        -2.570663        -2.542582        -2.528669        -2.514553
     -2.510833        -2.505733        -2.488011        -2.465133        -2.462626
     -2.454974        -2.450398        -2.448291        -2.431152        -2.423354
     -2.357847        -2.346479        -2.329201        -2.294549        -2.290557
     -2.245301        -2.221749        -2.196998        -2.174132        -2.158350
     -2.094557        -2.089410        -2.073431        -2.046466        -1.817863
      2.054252         2.168788         2.460763         2.738050         2.786300
      2.806685         2.934294         2.988892         3.119424         3.267982
      3.382634         3.406531         3.428147         3.483820         3.503588
      3.591409         3.622302         3.726636         3.783167         3.804332
      3.805791         3.951905         3.980423         4.004848         4.019675
      4.054393         4.062601         4.078632         4.122227         4.129277
      4.141259         4.154721         4.184603         4.207783         4.239380
      4.250518         4.294170         4.321576         4.351669         4.372478
      4.396981         4.402889         4.424218         4.442256         4.452923
      4.506139         4.512910         4.540065         4.560957         4.621952
      4.635442         4.678903         4.705083         4.726806         4.756083
      4.766229         4.829578         4.871553
 *********************************
 sum eigen(dbl occ, ryd)=  -1552.29470570339     
 *********************************
 Ef(eV)=   1.48288297554655     
 ***************************************************
 iter=          16
 ---------------------------------------------------
 dvE, dvE(n)-dvE(n-1) = 0.1886E-04 -.2239E-04
 dv_ave, drho_tot     = 0.4343E-02 0.1372E-02
 err of ug            = 0.2559E-03
 ---------------------------------------------------
 Ewald        = -.40302743199754E+05
 Alpha        = 0.15207970391171E+04
 E_extV       = 0.00000000000000E+00    0.0000E+00
 E_NSC        = -.21577279014915E+05    -.1487E+02
 E[-rho*V_Hxc]= -.12518637141646E+06    0.1496E+02
 E_Hxc        = 0.52647853376119E+05    -.1291E+02
 -TS          = -.14325517177026E-09    -.1433E-09
 E_tot(eV)    = -.13289774321589E+06    0.8872E-01
 ---------------------------------------------------
 E_ion,E_coul,E_xc =   -226351.4732298   81504.3530861  -28856.4997100
Ewald+Hart+ion    -0.1851498633434E+06
 ave(vtot)=ave_(V_xc)=: v0= -0.281242724138563     
 Eigen energies are values after setting ave_vtot=0
 ----------------------------------
 One SCF use:    86.0690460205078       s
 *********************************
 ****** kpt=           1
 err of each states, eV
  0.139738E-02     0.235783E-02     0.214454E-02     0.266223E-02     0.289340E-02
  0.283042E-02     0.695540E-03     0.166846E-02     0.186393E-02     0.141620E-02
  0.242206E-02     0.183934E-02     0.102332E-02     0.166859E-02     0.140908E-02
  0.936343E-03     0.116720E-02     0.179874E-02     0.118603E-02     0.225389E-02
  0.103992E-02     0.256166E-02     0.217718E-02     0.212574E-02     0.210818E-02
  0.119756E-02     0.106642E-02     0.259259E-02     0.125145E-02     0.140761E-02
  0.130529E-02     0.239988E-02     0.293612E-02     0.131954E-02     0.124727E-02
  0.169796E-02     0.134907E-02     0.128619E-02     0.893774E-03     0.792076E-03
  0.235366E-02     0.153362E-02     0.160561E-02     0.869327E-03     0.212785E-02
  0.937024E-03     0.787389E-03     0.236896E-02     0.105869E-02     0.111748E-02
  0.928750E-03     0.151297E-02     0.159772E-02     0.178024E-02     0.189666E-02
  0.167138E-02     0.171885E-02     0.130887E-02     0.126144E-02     0.120103E-02
  0.129080E-02     0.133142E-02     0.174623E-02     0.952900E-03     0.103469E-02
  0.934221E-03     0.838902E-03     0.109144E-02     0.960546E-03     0.178649E-02
  0.127727E-02     0.190240E-02     0.206462E-02     0.699894E-03     0.727074E-03
  0.103308E-02     0.922425E-03     0.805346E-03     0.149455E-02     0.198050E-02
  0.840441E-03     0.141358E-02     0.976112E-03     0.946269E-03     0.251661E-02
  0.928888E-03     0.164021E-02     0.140641E-02     0.129718E-02     0.805564E-03
  0.108257E-02     0.735157E-03     0.132505E-02     0.617588E-03     0.983873E-03
  0.753540E-03     0.148650E-02     0.128310E-02     0.147938E-02     0.142004E-02
  0.818730E-03     0.207172E-02     0.180347E-02     0.868463E-03     0.113359E-02
  0.142249E-02     0.808718E-03     0.667587E-03     0.160033E-02     0.117154E-02
  0.682547E-03     0.100174E-02     0.100342E-02     0.996806E-03     0.662916E-03
  0.110772E-02     0.852945E-03     0.134568E-02     0.138262E-02     0.852781E-03
  0.218462E-02     0.105312E-02     0.954509E-03     0.144296E-02     0.960102E-03
  0.166058E-02     0.175560E-02     0.124647E-02     0.110606E-02     0.841463E-03
  0.184903E-02     0.205854E-02     0.748589E-03     0.195895E-02     0.158261E-02
  0.232343E-02     0.183265E-02     0.136732E-02     0.106823E-02     0.252506E-02
  0.996051E-03     0.170500E-02     0.183473E-02     0.100005E-02     0.992035E-03
  0.989567E-03     0.104369E-02     0.244216E-02     0.203926E-02     0.251017E-02
  0.126896E-02     0.144108E-02     0.319791E-02     0.378224E-02     0.231886E-02
  0.296127E-02     0.142898E-02     0.820616E-03     0.252652E-02     0.193158E-02
  0.101603E-02     0.156541E-02     0.156041E-02     0.223762E-02     0.193471E-02
  0.697013E-03     0.150251E-02     0.259693E-02     0.244391E-02     0.122951E-02
  0.129126E-02     0.932507E-03     0.157260E-02     0.205054E-02     0.288602E-02
  0.110034E-02     0.243263E-02     0.101721E-02     0.144467E-02     0.305763E-02
  0.196331E-02     0.260648E-02     0.215142E-02     0.116511E-02     0.214919E-02
  0.115988E-02     0.122326E-02     0.134657E-02     0.137495E-02     0.160203E-02
  0.223302E-02     0.108897E-02     0.126391E-02     0.247557E-02     0.119645E-02
  0.145955E-02     0.138971E-02     0.111825E-02     0.117514E-02     0.147658E-02
  0.131739E-02     0.124408E-02     0.100589E-02     0.143653E-02     0.100888E-02
  0.889251E-03     0.173188E-02     0.142881E-02     0.135430E-02     0.150395E-02
  0.107536E-02     0.175444E-02     0.783585E-03     0.131481E-02     0.117210E-02
  0.787716E-03     0.146899E-02     0.136438E-02     0.101532E-02     0.184605E-02
  0.207128E-02     0.112346E-02     0.128397E-02     0.108605E-02     0.977586E-03
  0.934564E-03     0.143449E-02     0.970357E-03     0.132491E-02     0.112989E-02
  0.125963E-02     0.163105E-02     0.137433E-02     0.944073E-03     0.903156E-03
  0.159079E-02     0.194522E-02     0.200081E-02     0.292327E-02     0.154712E-02
  0.156496E-02     0.140649E-02     0.149525E-02     0.159605E-02     0.187603E-02
  0.110944E-02     0.124698E-02     0.114590E-02     0.197577E-02     0.168823E-02
  0.139788E-02     0.181233E-02     0.138876E-02     0.280353E-02     0.133491E-02
  0.139788E-02     0.168880E-02     0.115056E-02     0.142223E-02     0.134770E-02
  0.138081E-02     0.115992E-02     0.121668E-02     0.133310E-02     0.930519E-03
  0.118754E-02     0.207411E-02     0.154855E-02     0.151452E-02     0.125901E-02
  0.179254E-02     0.180646E-02     0.157351E-02     0.232739E-02     0.195788E-02
  0.200897E-02     0.158744E-02     0.172931E-02     0.157262E-02     0.168409E-02
  0.224142E-02     0.179226E-02     0.232035E-02     0.208024E-02     0.179111E-02
  0.134304E-02     0.194414E-02     0.135722E-02     0.174015E-02     0.175240E-02
  0.179565E-02     0.247292E-02     0.154422E-02     0.153075E-02     0.232911E-02
  0.193605E-02     0.145280E-02     0.196581E-02     0.195349E-02     0.128692E-02
  0.180254E-02     0.185035E-02     0.311273E-02     0.112086E-02     0.245387E-02
  0.142360E-02     0.245887E-02     0.160374E-02     0.241684E-02     0.240226E-02
  0.159177E-02     0.198988E-02     0.326381E-02     0.279682E-02     0.316314E-02
  0.316530E-02     0.244573E-02     0.250227E-02     0.226774E-02     0.209102E-02
  0.211248E-02     0.268600E-02     0.240599E-02     0.227392E-02     0.231191E-02
  0.272576E-02     0.253118E-02     0.200913E-02     0.198800E-02     0.409428E-02
  0.242311E-02     0.207343E-02     0.213610E-02     0.303728E-02     0.322704E-02
  0.292786E-02     0.225738E-02     0.196262E-02     0.180012E-02     0.200110E-02
  0.217730E-02     0.191131E-02     0.348364E-02     0.250708E-02     0.266915E-02
  0.185771E-02     0.320794E-02     0.258092E-02     0.380011E-02     0.263264E-02
  0.266485E-02     0.245878E-02     0.340350E-02     0.333697E-02     0.360413E-02
  0.363783E-02     0.383382E-02     0.265292E-02     0.222233E-02     0.201782E-02
  0.284954E-02     0.338810E-02     0.247341E-02     0.182005E-02     0.173358E-02
  0.211683E-02     0.235849E-02     0.185450E-02     0.176161E-02     0.201219E-02
  0.193376E-02     0.203582E-02     0.227629E-02     0.199019E-02     0.253062E-02
  0.254833E-02     0.279873E-02     0.178291E-02     0.244510E-02     0.245237E-02
  0.232021E-02     0.244259E-02     0.283356E-02     0.221861E-02     0.210873E-02
  0.231983E-02     0.233234E-02     0.268188E-02     0.270733E-02     0.294564E-02
  0.245082E-02     0.271286E-02     0.308501E-02     0.275665E-02     0.223834E-02
  0.311274E-02     0.235280E-02     0.223359E-02     0.280266E-02     0.329595E-02
  0.188807E-02     0.272621E-02     0.193045E-02     0.291970E-02     0.305072E-02
  0.351325E-02     0.291662E-02     0.212894E-02     0.226122E-02     0.288987E-02
  0.272985E-02     0.268169E-02     0.238450E-02     0.218029E-02     0.207574E-02
  0.233233E-02     0.271383E-02     0.328580E-02     0.274031E-02     0.273032E-02
  0.441795E-02     0.280495E-02     0.347318E-02     0.212678E-02     0.365464E-02
  0.298486E-02     0.253728E-02     0.353907E-02     0.410610E-02     0.294858E-02
  0.334514E-02     0.311337E-02     0.299026E-02     0.336012E-02     0.306124E-02
  0.333783E-02     0.281459E-02     0.277793E-02     0.271291E-02     0.290740E-02
  0.247632E-02     0.332795E-02     0.256617E-02     0.294727E-02     0.250667E-02
  0.266000E-02     0.181754E-02     0.229261E-02     0.238796E-02     0.255699E-02
  0.248848E-02     0.286613E-02     0.331015E-02     0.293822E-02     0.222517E-02
  0.294182E-02     0.275038E-02     0.215067E-02     0.213982E-02     0.277601E-02
  0.231823E-02     0.231408E-02     0.271490E-02     0.267167E-02     0.235462E-02
  0.211467E-02     0.229547E-02     0.245454E-02     0.224395E-02     0.176883E-02
  0.285120E-02     0.260112E-02     0.304555E-02     0.295495E-02     0.164687E-02
  0.340283E-02     0.247209E-02     0.246963E-02     0.198386E-02     0.302473E-02
  0.213604E-02     0.298293E-02     0.275255E-02     0.283127E-02     0.281088E-02
  0.297548E-02     0.228170E-02     0.269063E-02     0.309697E-02     0.232682E-02
  0.283820E-02     0.212211E-02     0.236815E-02     0.250066E-02     0.188357E-02
  0.256749E-02     0.228316E-02     0.244138E-02     0.260770E-02     0.314194E-02
  0.263958E-02     0.190684E-02     0.253434E-02     0.288286E-02     0.282423E-02
  0.295609E-02     0.250390E-02     0.220307E-02     0.292507E-02     0.249365E-02
  0.251189E-02     0.305078E-02     0.262919E-02     0.221524E-02     0.219375E-02
  0.289496E-02     0.282018E-02     0.263874E-02     0.248186E-02     0.326747E-02
  0.313000E-02     0.368853E-02     0.318110E-02     0.273968E-02     0.325445E-02
  0.340257E-02     0.330498E-02     0.337315E-02     0.389529E-02     0.233388E-02
  0.224879E-02     0.344026E-02     0.271109E-02     0.286440E-02     0.257803E-02
  0.210430E-02     0.225160E-02     0.297067E-02     0.302832E-02     0.267801E-02
  0.298523E-02     0.277067E-02     0.211316E-02     0.202361E-02     0.210959E-02
  0.242511E-02     0.320780E-02     0.309182E-02     0.316075E-02     0.213253E-02
  0.224932E-02     0.231407E-02     0.214825E-02     0.288531E-02     0.252880E-02
  0.326646E-02     0.262913E-02     0.240375E-02     0.232874E-02     0.216861E-02
  0.209260E-02     0.216079E-02     0.244496E-02     0.199493E-02     0.228863E-02
  0.277350E-02     0.234896E-02     0.230068E-02     0.320124E-02     0.259247E-02
  0.208332E-02     0.193941E-02     0.212390E-02     0.244351E-02     0.212904E-02
  0.263542E-02     0.307194E-02     0.269922E-02     0.347488E-02     0.248587E-02
  0.254598E-02     0.190446E-02     0.267868E-02     0.247197E-02     0.243489E-02
  0.251082E-02     0.261793E-02     0.241506E-02     0.283784E-02     0.318222E-02
  0.255095E-02     0.237984E-02     0.244232E-02     0.258952E-02     0.245931E-02
  0.235905E-02     0.257872E-02     0.266680E-02     0.266202E-02     0.284639E-02
  0.289018E-02     0.265717E-02     0.231766E-02     0.223479E-02     0.263544E-02
  0.303120E-02     0.236960E-02     0.226168E-02     0.253808E-02     0.275520E-02
  0.270421E-02     0.244196E-02     0.250099E-02     0.254393E-02     0.257074E-02
  0.287468E-02     0.258572E-02     0.260987E-02     0.293857E-02     0.263559E-02
  0.288919E-02     0.331864E-02     0.278673E-02     0.282078E-02     0.262468E-02
  0.245320E-02     0.265974E-02     0.239966E-02     0.233125E-02     0.260521E-02
  0.205763E-02     0.269500E-02     0.275765E-02     0.264359E-02     0.294987E-02
  0.284889E-02     0.226885E-02     0.273703E-02     0.272574E-02     0.276999E-02
  0.270382E-02     0.281827E-02     0.289021E-02     0.280754E-02     0.383827E-02
  0.234223E-02     0.346134E-02     0.211893E-02     0.297460E-02     0.226317E-02
  0.256078E-02     0.264802E-02     0.271465E-02     0.285947E-02     0.268597E-02
  0.292095E-02     0.317687E-02     0.310951E-02     0.279362E-02     0.309471E-02
  0.279954E-02     0.284128E-02     0.325565E-02     0.303800E-02     0.313622E-02
  0.287587E-02     0.306365E-02     0.219128E-02     0.318584E-02     0.291827E-02
  0.287574E-02     0.314713E-02     0.335434E-02     0.291138E-02     0.238320E-02
  0.317847E-02     0.322303E-02     0.330382E-02     0.460138E-02     0.312372E-02
  0.280343E-02     0.289711E-02     0.274932E-02     0.316009E-02     0.251987E-02
  0.290458E-02     0.284261E-02     0.259544E-02     0.350046E-02     0.334305E-02
  0.282665E-02     0.334144E-02     0.296836E-02     0.409601E-02     0.297194E-02
  0.393697E-02     0.293903E-02     0.295860E-02     0.338113E-02     0.341381E-02
  0.274371E-02     0.283656E-02     0.309813E-02     0.330109E-02     0.425975E-02
  0.325139E-02     0.304600E-02     0.330827E-02     0.328327E-02     0.317391E-02
  0.356094E-02     0.278350E-02     0.303810E-02     0.315060E-02     0.252687E-02
  0.327894E-02     0.352369E-02     0.338592E-02     0.286194E-02     0.374302E-02
  0.355120E-02     0.295313E-02     0.253111E-02     0.273802E-02     0.318516E-02
  0.293381E-02     0.294304E-02     0.381540E-02     0.323433E-02     0.364226E-02
  0.321215E-02     0.351343E-02     0.249889E-02     0.337113E-02     0.436714E-02
  0.419634E-02     0.331760E-02     0.347155E-02     0.349459E-02     0.285368E-02
  0.283607E-02     0.311503E-02     0.347963E-02     0.274033E-02     0.352880E-02
  0.280953E-02     0.263963E-02     0.310659E-02     0.371399E-02     0.351318E-02
  0.335970E-02     0.315478E-02     0.276780E-02     0.307079E-02     0.331910E-02
  0.381611E-02     0.312184E-02     0.321121E-02     0.352741E-02     0.338107E-02
  0.353386E-02     0.354029E-02     0.300283E-02     0.365578E-02     0.286760E-02
  0.358198E-02     0.365978E-02     0.305463E-02     0.323270E-02     0.306882E-02
  0.269838E-02     0.328141E-02     0.292370E-02     0.349525E-02     0.363814E-02
  0.315950E-02     0.352413E-02     0.372560E-02     0.365708E-02     0.382933E-02
  0.362104E-02     0.413060E-02     0.300807E-02     0.416104E-02     0.411336E-02
  0.319784E-02     0.369279E-02     0.320420E-02     0.292396E-02     0.228033E-02
  0.311650E-02     0.342581E-02     0.407325E-02     0.349168E-02     0.314111E-02
  0.359470E-02     0.341715E-02     0.326893E-02     0.332119E-02     0.291022E-02
  0.268495E-02     0.278148E-02     0.254890E-02     0.222759E-02     0.317357E-02
  0.444963E-02     0.263606E-02     0.436480E-02     0.263604E-02     0.385561E-02
  0.322867E-02     0.421370E-02     0.364677E-02     0.327862E-02     0.326094E-02
  0.326276E-02     0.332126E-02     0.362149E-02     0.397166E-02     0.329285E-02
  0.283993E-02     0.326877E-02     0.386983E-02     0.313186E-02     0.371708E-02
  0.362357E-02     0.249162E-02     0.368370E-02     0.388601E-02     0.382377E-02
  0.434929E-02     0.265596E-02     0.411299E-02     0.384704E-02     0.436107E-02
  0.396391E-02     0.350763E-02     0.325613E-02     0.281274E-02     0.412471E-02
  0.447168E-02     0.414749E-02     0.400089E-02     0.404316E-02     0.396576E-02
  0.458586E-02     0.490411E-02     0.411375E-02     0.482751E-02     0.632953E-02
  0.410106E-02     0.324253E-02     0.386668E-02     0.455489E-02     0.584616E-02
  0.532297E-02     0.280030E-02     0.301777E-02     0.408142E-02     0.379468E-02
  0.267016E-02     0.488702E-02     0.435525E-02     0.360960E-02     0.360385E-02
  0.392917E-02     0.488985E-02     0.404197E-02     0.384368E-02     0.317118E-02
  0.595689E-02     0.400861E-02     0.490278E-02     0.448487E-02     0.411348E-02
  0.517378E-02     0.398334E-02     0.293124E-02     0.424920E-02     0.388608E-02
  0.233204E-02     0.236228E-02     0.302157E-02     0.387770E-02     0.399966E-02
  0.487610E-02     0.383195E-02     0.394343E-02     0.435451E-02     0.444508E-02
  0.504579E-02     0.553161E-02     0.560481E-02     0.381163E-02     0.391438E-02
  0.331779E-02     0.452519E-02     0.373073E-02     0.436066E-02     0.321926E-02
  0.406898E-02     0.545849E-02     0.479216E-02     0.541373E-02     0.692002E-02
  0.548281E-02     0.445762E-02     0.400779E-02     0.477606E-02     0.590406E-02
  0.638972E-02     0.365238E-02     0.416807E-02     0.382897E-02     0.416789E-02
  0.358777E-02     0.202598E-02     0.425355E-02     0.562058E-02     0.344460E-02
  0.380768E-02     0.335945E-02     0.338078E-02     0.311294E-02     0.363562E-02
  0.312013E-02     0.366377E-02     0.311298E-02     0.328870E-02     0.427549E-02
  0.383982E-02     0.391929E-02     0.337803E-02     0.349439E-02     0.352186E-02
  0.358544E-02     0.626697E-02     0.515283E-02     0.381945E-02     0.557119E-02
  0.515101E-02     0.418699E-02     0.320068E-02     0.400524E-02     0.309180E-02
  0.323875E-02     0.439331E-02     0.357390E-02     0.429946E-02     0.404128E-02
  0.411138E-02     0.520686E-02     0.411690E-02     0.551333E-02     0.408310E-02
  0.497008E-02     0.467044E-02     0.393942E-02     0.411293E-02     0.432654E-02
  0.285197E-02     0.403172E-02     0.390530E-02     0.347970E-02     0.429628E-02
  0.476791E-02     0.503221E-02     0.755318E-02     0.290829E-02     0.970565E-02
  0.989210E-02     0.124560E-01     0.172146E-01     0.169455E-01     0.135846E-01
  0.152013E-01     0.174392E-01     0.383629E-01     0.320803E-01     0.213015E-01
  0.398581E-01     0.284703E-01     0.376418E-01     0.271435E-01     0.485284E-01
  0.547062E-01     0.538769E-01     0.650273E-01     0.593149E-01     0.733751E-01
  0.716510E-01     0.830144E-01     0.764906E-01     0.977062E-01     0.731452E-01
  0.942885E-01     0.109436E+00     0.102862E+00     0.125053E+00     0.109646E+00
  0.115587E+00     0.835241E-01     0.135868E+00     0.140289E+00     0.147836E+00
  0.169800E+00     0.189097E+00     0.160173E+00     0.255643E+00     0.218008E+00
  0.138202E+00     0.171345E+00     0.262022E+00     0.216981E+00     0.261639E+00
  0.187270E+00     0.222302E+00     0.273919E+00     0.278704E+00     0.415801E+00
  0.313295E+00     0.243613E+00     0.340980E+00     0.443750E+00     0.360073E+00
  0.469919E+00     0.424203E+00     0.589306E+00
 eigen energies, in ev
    -44.673510       -44.562538       -44.475678       -44.369094       -44.092146
    -29.233845       -29.136658       -29.074057       -29.044251       -28.866111
    -28.821586       -28.791385       -28.632566       -28.615876       -28.578698
    -28.561881       -28.560092       -28.553691       -28.550452       -28.458770
    -28.446376       -28.444980       -28.406723       -28.382434       -28.358989
    -28.350980       -28.338037       -28.211493       -28.200089       -28.183723
    -28.094892       -28.084525       -28.054761       -28.050303       -28.028516
    -28.022418       -27.990961       -27.960405       -27.946315       -27.936771
    -27.901653       -27.807117       -27.739468       -27.731440       -27.683162
    -27.655887       -27.624456       -27.600617       -27.589868       -27.575003
    -27.495574       -27.472602       -27.458773       -27.456188       -27.432324
    -27.391869       -27.379361       -27.370947       -27.370294       -27.353175
    -27.351377       -27.343760       -27.338917       -27.323667       -27.296665
    -27.198011       -27.196089       -27.195595       -27.099422       -27.071597
    -27.007384       -27.005171       -26.980379       -26.947962       -26.929038
    -26.876625       -26.832331       -26.805772       -26.749445       -26.725091
    -26.673290       -26.661918       -26.638344       -26.632691       -26.588690
    -26.565123       -26.560276       -26.532442       -26.470964       -26.466514
    -26.456748       -26.445504       -26.372152       -26.364083       -26.286481
    -26.263882       -26.257212       -26.169174       -26.158867       -26.151296
    -26.148783       -26.134390       -26.120164       -26.103530       -26.091825
    -26.077376       -26.073622       -26.031316       -26.014205       -25.972409
    -25.970348       -25.962972       -25.948329       -25.927471       -25.915649
    -25.903909       -25.893547       -25.871494       -25.856467       -25.845743
    -25.765832       -25.759000       -25.724416       -25.639513       -25.570344
    -25.528422       -25.488777       -25.461154       -25.441053       -25.361300
    -25.250072       -25.229336       -25.225289       -25.198733       -25.114664
    -24.621115       -24.317211       -24.241302       -24.139231       -23.831983
    -23.820071       -23.812967       -23.788177       -23.757791       -23.648725
    -23.635475       -23.602458       -23.566791       -23.375121       -23.304906
    -23.204231       -23.171573       -23.118183       -23.106249       -23.091800
    -22.998441       -22.989520       -22.856327       -22.751626       -22.710854
    -22.651724       -22.420679       -22.413433       -22.303086       -22.214108
    -22.209604       -22.131037       -21.970144       -21.944852       -21.919782
    -21.846961       -21.818574       -21.760448       -21.735670       -21.549201
    -21.454036       -21.414214       -21.349288       -21.326300       -21.318835
    -21.296893       -21.272050       -21.215714       -21.196546       -21.195639
    -21.107642       -20.881772       -20.800729       -20.620491       -20.331373
    -19.106551       -18.761805       -18.521602       -18.301470       -18.281633
    -16.225521       -16.133836       -16.020140       -15.951296       -15.785466
    -15.760416       -15.670751       -15.655250       -15.649191       -15.547132
    -15.469913       -15.418997       -15.407683       -15.396499       -15.327829
    -15.286269       -15.178529       -15.111134       -15.106143       -15.090484
    -15.063542       -14.996464       -14.958844       -14.868724       -14.851816
    -14.822695       -14.806569       -14.759016       -14.587201       -14.515775
    -14.493997       -14.472227       -14.465867       -14.459977       -14.355686
    -14.307617       -14.255898       -14.204899       -14.062289       -14.020882
    -14.000908       -13.991415       -13.921527       -13.852898       -13.806360
    -13.757795       -13.742335       -13.727050       -13.630126       -13.564861
    -13.551493       -13.540986       -13.534201       -13.511454       -13.433816
    -13.388583       -13.353367       -13.351676       -13.337809       -13.274891
    -13.239793       -13.180195       -13.060764       -13.006671       -12.998716
    -12.959116       -12.958466       -12.869866       -12.811868       -12.761714
    -12.579244       -12.476197       -12.315620       -12.244008       -12.188602
    -12.143456       -12.143302       -12.109998       -12.004291       -11.951995
    -11.920113       -11.916267       -11.896196       -11.877774       -11.877173
    -11.827985       -11.806099       -11.762348       -11.748943       -11.719026
    -11.714422       -11.685707       -11.666433       -11.612315       -11.592039
    -11.572009       -11.481709       -11.421261       -11.418741       -11.371664
    -11.321783       -11.317653       -11.309945       -11.305848       -11.295785
    -11.264934       -11.241240       -11.206098       -11.188381       -11.173565
    -11.167920       -11.144445       -11.122485       -11.074881       -11.033155
    -10.969965       -10.954539       -10.941741       -10.927691       -10.775230
    -10.736387       -10.734335       -10.719480       -10.711650       -10.652506
    -10.610452       -10.577331       -10.553635       -10.543128       -10.541167
    -10.526507       -10.512327       -10.499229       -10.495133       -10.485405
    -10.477397       -10.474441       -10.464059       -10.450628       -10.436342
    -10.421313       -10.390649       -10.380915       -10.375603       -10.348335
    -10.340181       -10.321508       -10.308444       -10.305298       -10.292155
    -10.274467       -10.260783       -10.249761       -10.242171       -10.233569
    -10.209989       -10.187503       -10.172553       -10.166426       -10.160980
    -10.153779       -10.133313       -10.117946       -10.109097       -10.098968
    -10.089746       -10.055535       -10.046024       -10.023296       -10.003717
     -9.991276        -9.988369        -9.979658        -9.966560        -9.943875
     -9.921150        -9.900406        -9.897240        -9.890964        -9.886623
     -9.872385        -9.843531        -9.832689        -9.828857        -9.811681
     -9.802252        -9.790554        -9.781864        -9.758144        -9.754941
     -9.739587        -9.728821        -9.721595        -9.698473        -9.691316
     -9.685442        -9.654106        -9.647023        -9.625409        -9.602099
     -9.595561        -9.587191        -9.576343        -9.566244        -9.565569
     -9.558645        -9.552419        -9.542424        -9.503428        -9.491930
     -9.476719        -9.462900        -9.446134        -9.434767        -9.425436
     -9.417725        -9.415335        -9.401943        -9.385892        -9.381662
     -9.375747        -9.327667        -9.323155        -9.317274        -9.291563
     -9.278586        -9.257947        -9.253142        -9.223599        -9.199830
     -9.185823        -9.165304        -9.162641        -9.149031        -9.109699
     -9.100810        -9.094662        -9.087800        -9.082319        -9.074636
     -9.060065        -9.037387        -9.017750        -9.006127        -8.998235
     -8.991460        -8.979159        -8.940404        -8.931805        -8.905424
     -8.896454        -8.887878        -8.864851        -8.853400        -8.836881
     -8.825817        -8.815203        -8.797906        -8.780939        -8.769592
     -8.756861        -8.723330        -8.707826        -8.703853        -8.693997
     -8.690266        -8.672651        -8.662270        -8.649775        -8.638238
     -8.632231        -8.591142        -8.589662        -8.562792        -8.552687
     -8.514297        -8.489641        -8.482939        -8.459691        -8.445086
     -8.436673        -8.370194        -8.342299        -8.316724        -8.271027
     -8.254119        -8.244115        -8.219142        -8.212640        -8.183587
     -8.166652        -8.152516        -8.137899        -8.132419        -8.115461
     -8.063314        -8.045395        -8.029966        -7.982821        -7.972079
     -7.937928        -7.929119        -7.923011        -7.894218        -7.885601
     -7.875201        -7.872495        -7.863265        -7.826859        -7.818620
     -7.806252        -7.792804        -7.783561        -7.751712        -7.723617
     -7.691173        -7.683016        -7.643865        -7.628791        -7.617936
     -7.603838        -7.562510        -7.547749        -7.533065        -7.489052
     -7.480479        -7.466966        -7.432089        -7.430092        -7.416800
     -7.406437        -7.397057        -7.382179        -7.368942        -7.338602
     -7.321356        -7.270183        -7.245856        -7.228812        -7.153549
     -7.119386        -7.112509        -7.108463        -7.073183        -7.064119
     -7.054729        -7.013990        -7.007580        -7.000678        -6.995581
     -6.982842        -6.976671        -6.963084        -6.954279        -6.930298
     -6.921504        -6.909879        -6.906130        -6.889616        -6.868798
     -6.847722        -6.821948        -6.815717        -6.808905        -6.793096
     -6.768238        -6.763140        -6.742814        -6.740831        -6.730854
     -6.723528        -6.708247        -6.701934        -6.695630        -6.687508
     -6.684343        -6.665813        -6.659003        -6.643345        -6.628686
     -6.619908        -6.600554        -6.590977        -6.582286        -6.571049
     -6.568228        -6.529479        -6.518019        -6.504138        -6.476249
     -6.462869        -6.459902        -6.446824        -6.426436        -6.425508
     -6.415632        -6.411634        -6.400353        -6.392078        -6.387281
     -6.362460        -6.356924        -6.345049        -6.334876        -6.332663
     -6.323673        -6.315275        -6.310678        -6.309091        -6.296445
     -6.281113        -6.278083        -6.270428        -6.264807        -6.258328
     -6.249321        -6.236242        -6.230164        -6.220806        -6.213199
     -6.211096        -6.201162        -6.189398        -6.184282        -6.166406
     -6.153458        -6.137526        -6.125427        -6.119688        -6.111995
     -6.106925        -6.092772        -6.081455        -6.062959        -6.056317
     -6.054836        -6.023941        -6.012467        -6.000117        -5.996421
     -5.994724        -5.986180        -5.975728        -5.957605        -5.943291
     -5.934962        -5.927651        -5.915763        -5.908843        -5.896262
     -5.885613        -5.880804        -5.875595        -5.874850        -5.860001
     -5.848689        -5.839867        -5.835733        -5.828014        -5.822275
     -5.814926        -5.802017        -5.787904        -5.784836        -5.776360
     -5.768417        -5.763308        -5.761201        -5.751722        -5.747047
     -5.737649        -5.735459        -5.730344        -5.723771        -5.715091
     -5.702816        -5.698927        -5.696876        -5.687536        -5.683538
     -5.681980        -5.675839        -5.668600        -5.658207        -5.654085
     -5.649105        -5.645071        -5.632636        -5.624467        -5.618282
     -5.616258        -5.610577        -5.606365        -5.595756        -5.585815
     -5.579763        -5.570318        -5.559895        -5.554715        -5.540426
     -5.532594        -5.522370        -5.520487        -5.504552        -5.490373
     -5.479000        -5.475267        -5.469273        -5.466022        -5.449185
     -5.433856        -5.432058        -5.413933        -5.412265        -5.404319
     -5.396249        -5.390020        -5.382252        -5.376109        -5.372417
     -5.362304        -5.359725        -5.353827        -5.348280        -5.347023
     -5.341570        -5.331189        -5.320415        -5.317922        -5.309176
     -5.306584        -5.293700        -5.291284        -5.282423        -5.271977
     -5.265771        -5.253960        -5.247983        -5.235038        -5.225375
     -5.216514        -5.200005        -5.191020        -5.188626        -5.180596
     -5.177092        -5.171603        -5.166479        -5.164914        -5.158214
     -5.144337        -5.138954        -5.135935        -5.127178        -5.120259
     -5.119072        -5.112050        -5.102886        -5.101102        -5.093945
     -5.092126        -5.089710        -5.082303        -5.076019        -5.073079
     -5.068991        -5.062765        -5.054921        -5.043887        -5.034741
     -5.033414        -5.018617        -5.017717        -5.009002        -5.001451
     -4.997368        -4.989905        -4.986179        -4.980945        -4.975571
     -4.957967        -4.956163        -4.947508        -4.945887        -4.942460
     -4.935114        -4.929758        -4.923396        -4.921208        -4.917120
     -4.891687        -4.888574        -4.881897        -4.868939        -4.861485
     -4.852348        -4.845357        -4.835893        -4.826707        -4.815777
     -4.812201        -4.806220        -4.799403        -4.791885        -4.778389
     -4.772738        -4.768901        -4.755277        -4.741528        -4.737577
     -4.726437        -4.718408        -4.706828        -4.699325        -4.690249
     -4.684182        -4.678883        -4.671366        -4.644412        -4.640005
     -4.614645        -4.608291        -4.604322        -4.600318        -4.596790
     -4.593624        -4.574559        -4.572073        -4.557915        -4.544061
     -4.529159        -4.501926        -4.501451        -4.480836        -4.477399
     -4.468110        -4.453112        -4.445940        -4.439611        -4.402112
     -4.388217        -4.381282        -4.372821        -4.331132        -4.306383
     -4.294266        -4.290928        -4.267632        -4.266045        -4.250024
     -4.235378        -4.221378        -4.208555        -4.201222        -4.184917
     -4.166391        -4.152106        -4.139530        -4.120489        -4.095496
     -4.082399        -4.051195        -4.046054        -4.026925        -4.010126
     -4.004579        -3.985549        -3.978636        -3.956319        -3.946007
     -3.927478        -3.914353        -3.906777        -3.886930        -3.844879
     -3.832859        -3.829013        -3.815354        -3.808268        -3.789731
     -3.707221        -3.677244        -3.654007        -3.643235        -3.605061
     -3.591962        -3.583669        -3.576263        -3.551844        -3.512984
     -3.486372        -3.454534        -3.453998        -3.451150        -3.434322
     -3.430248        -3.396808        -3.391908        -3.379609        -3.375236
     -3.363943        -3.358590        -3.354747        -3.337728        -3.301232
     -3.287451        -3.213715        -3.197310        -3.190276        -3.179865
     -3.144201        -3.138658        -3.119235        -3.103820        -3.094749
     -3.085527        -3.077361        -3.032145        -3.017413        -3.009717
     -2.979638        -2.958809        -2.914391        -2.908318        -2.903539
     -2.896599        -2.880805        -2.853838        -2.850180        -2.846608
     -2.842371        -2.818546        -2.743244        -2.729294        -2.717602
     -2.704189        -2.696928        -2.694310        -2.676965        -2.673038
     -2.656861        -2.650508        -2.620578        -2.612989        -2.596802
     -2.579327        -2.560327        -2.532828        -2.524097        -2.518027
     -2.517043        -2.514838        -2.506787        -2.473160        -2.452796
     -2.447068        -2.439935        -2.414478        -2.410626        -2.396265
     -2.392751        -2.390802        -2.270664        -2.243876        -2.211570
     -2.189166        -2.153598        -2.147098        -2.135045        -2.119839
     -2.109123        -2.074061        -2.014774        -2.004144        -1.757698
      2.123434         2.270227         2.513845         2.780340         2.806650
      2.865372         2.984192         3.065067         3.202479         3.303354
      3.415626         3.444506         3.452619         3.496701         3.510593
      3.576150         3.655268         3.713379         3.777533         3.798503
      3.814876         3.951053         3.976228         4.013889         4.020905
      4.049681         4.091953         4.102546         4.109968         4.137983
      4.140607         4.172093         4.182471         4.207981         4.233597
      4.258224         4.285187         4.319133         4.332998         4.358574
      4.380198         4.408563         4.419548         4.442000         4.476338
      4.500520         4.514612         4.530468         4.566963         4.605498
      4.650678         4.679094         4.694130         4.710261         4.755624
      4.774244         4.826161         4.864673
 *********************************
 sum eigen(dbl occ, ryd)=  -1552.51087317632     
 *********************************
 Ef(eV)=   1.47916315030574     
 ***************************************************
 iter=          17
 ---------------------------------------------------
 dvE, dvE(n)-dvE(n-1) = 0.1348E-04 -.5383E-05
 dv_ave, drho_tot     = 0.3671E-02 0.1073E-02
 err of ug            = 0.1921E-03
 ---------------------------------------------------
 Ewald        = -.40302743199754E+05
 Alpha        = 0.15207970391171E+04
 E_extV       = 0.00000000000000E+00    0.0000E+00
 E_NSC        = -.21581617039372E+05    -.4338E+01
 E[-rho*V_Hxc]= -.12517746003270E+06    0.4370E+01
 E_Hxc        = 0.52643312319672E+05    -.4541E+01
 -TS          = -.86296894583865E-11    0.1346E-09
 E_tot(eV)    = -.13289771091303E+06    0.3230E-01
 ---------------------------------------------------
 E_ion,E_coul,E_xc =   -226346.1598859   81500.0742377  -28856.7619181
Ewald+Hart+ion    -0.1851488288479E+06
 ave(vtot)=ave_(V_xc)=: v0= -0.281513786435494     
 Eigen energies are values after setting ave_vtot=0
 ----------------------------------
 One SCF use:    85.9201109409332       s
 *********************************
 ****** kpt=           1
 err of each states, eV
  0.155030E-02     0.815028E-03     0.241670E-02     0.385147E-02     0.285350E-02
  0.126855E-02     0.496579E-03     0.107453E-02     0.105673E-02     0.181872E-02
  0.953060E-03     0.896096E-03     0.702878E-03     0.956746E-03     0.107474E-02
  0.133828E-02     0.194708E-02     0.803872E-03     0.140652E-02     0.137899E-02
  0.111918E-02     0.112774E-02     0.116026E-02     0.131396E-02     0.145428E-02
  0.109734E-02     0.850902E-03     0.624431E-03     0.822684E-03     0.208269E-02
  0.492790E-03     0.944851E-03     0.812202E-03     0.142171E-02     0.783539E-03
  0.698909E-03     0.664462E-03     0.153916E-02     0.992336E-03     0.625027E-03
  0.970143E-03     0.887663E-03     0.108643E-02     0.979119E-03     0.760189E-03
  0.886527E-03     0.634322E-03     0.956175E-03     0.813749E-03     0.812428E-03
  0.692147E-03     0.929147E-03     0.171445E-02     0.133700E-02     0.799926E-03
  0.723643E-03     0.974269E-03     0.723506E-03     0.776669E-03     0.692936E-03
  0.787681E-03     0.585696E-03     0.776808E-03     0.506209E-03     0.710951E-03
  0.108778E-02     0.106483E-02     0.491754E-03     0.917816E-03     0.694717E-03
  0.111780E-02     0.108227E-02     0.101074E-02     0.652222E-03     0.650661E-03
  0.101954E-02     0.726067E-03     0.555399E-03     0.663924E-03     0.101568E-02
  0.655675E-03     0.655690E-03     0.664264E-03     0.107395E-02     0.139000E-02
  0.499090E-03     0.805920E-03     0.877672E-03     0.669207E-03     0.385889E-03
  0.109989E-02     0.546131E-03     0.603540E-03     0.658549E-03     0.921328E-03
  0.773614E-03     0.912470E-03     0.548779E-03     0.804818E-03     0.140160E-02
  0.805393E-03     0.833932E-03     0.644168E-03     0.583584E-03     0.706018E-03
  0.831028E-03     0.103036E-02     0.124026E-02     0.113863E-02     0.519397E-03
  0.489064E-03     0.428009E-03     0.535031E-03     0.536636E-03     0.484962E-03
  0.684322E-03     0.758374E-03     0.982582E-03     0.869050E-03     0.117398E-02
  0.120619E-02     0.811505E-03     0.873093E-03     0.475429E-03     0.870049E-03
  0.124174E-02     0.630051E-03     0.466919E-03     0.451328E-03     0.653902E-03
  0.947869E-03     0.936378E-03     0.900206E-03     0.112353E-02     0.693598E-03
  0.912627E-03     0.123521E-02     0.658683E-03     0.987473E-03     0.135815E-02
  0.167467E-02     0.845027E-03     0.126226E-02     0.176549E-02     0.641442E-03
  0.166540E-02     0.195896E-02     0.172905E-02     0.964981E-03     0.150290E-02
  0.588762E-03     0.626592E-03     0.200201E-02     0.117476E-02     0.958261E-03
  0.102014E-02     0.893366E-03     0.951835E-03     0.167928E-02     0.798283E-03
  0.819233E-03     0.109085E-02     0.668141E-03     0.902528E-03     0.688508E-03
  0.118827E-02     0.785041E-03     0.153690E-02     0.120647E-02     0.746544E-03
  0.589547E-03     0.816967E-03     0.242063E-02     0.696303E-03     0.129575E-02
  0.616631E-03     0.818829E-03     0.104257E-02     0.983874E-03     0.831184E-03
  0.978058E-03     0.109263E-02     0.591076E-03     0.710138E-03     0.120740E-02
  0.783334E-03     0.107446E-02     0.148941E-02     0.224829E-02     0.850249E-03
  0.786387E-03     0.546109E-03     0.685541E-03     0.134188E-02     0.748537E-03
  0.904582E-03     0.950021E-03     0.789193E-03     0.147615E-02     0.881244E-03
  0.817822E-03     0.144199E-02     0.808620E-03     0.126954E-02     0.948507E-03
  0.872489E-03     0.109623E-02     0.105507E-02     0.868111E-03     0.101199E-02
  0.108409E-02     0.936455E-03     0.154559E-02     0.107038E-02     0.121643E-02
  0.918838E-03     0.110245E-02     0.864594E-03     0.731437E-03     0.157715E-02
  0.829799E-03     0.125849E-02     0.923761E-03     0.907842E-03     0.857338E-03
  0.889857E-03     0.124266E-02     0.106954E-02     0.104267E-02     0.114011E-02
  0.120454E-02     0.136103E-02     0.132496E-02     0.936660E-03     0.947881E-03
  0.102843E-02     0.935384E-03     0.907168E-03     0.103587E-02     0.879368E-03
  0.101633E-02     0.103779E-02     0.967619E-03     0.123445E-02     0.984770E-03
  0.895162E-03     0.109270E-02     0.969232E-03     0.132040E-02     0.843661E-03
  0.872771E-03     0.992491E-03     0.113138E-02     0.690613E-03     0.118607E-02
  0.770934E-03     0.130294E-02     0.986312E-03     0.106791E-02     0.104190E-02
  0.842317E-03     0.118168E-02     0.949327E-03     0.943785E-03     0.771047E-03
  0.931767E-03     0.144680E-02     0.117640E-02     0.103970E-02     0.901825E-03
  0.105094E-02     0.101630E-02     0.141868E-02     0.184662E-02     0.133477E-02
  0.150961E-02     0.135411E-02     0.118373E-02     0.145731E-02     0.116587E-02
  0.137293E-02     0.113398E-02     0.118337E-02     0.111173E-02     0.117049E-02
  0.105912E-02     0.864844E-03     0.152797E-02     0.158843E-02     0.967851E-03
  0.163450E-02     0.180037E-02     0.144949E-02     0.147823E-02     0.140175E-02
  0.129782E-02     0.122939E-02     0.129359E-02     0.134236E-02     0.134713E-02
  0.144695E-02     0.123663E-02     0.136394E-02     0.962232E-03     0.202720E-02
  0.122700E-02     0.163889E-02     0.138664E-02     0.177560E-02     0.232087E-02
  0.133413E-02     0.113083E-02     0.178681E-02     0.175130E-02     0.249697E-02
  0.175337E-02     0.157081E-02     0.305948E-02     0.121570E-02     0.145032E-02
  0.157833E-02     0.167125E-02     0.178685E-02     0.154648E-02     0.193224E-02
  0.170561E-02     0.182186E-02     0.217392E-02     0.140692E-02     0.179230E-02
  0.320851E-02     0.136528E-02     0.131554E-02     0.212665E-02     0.201103E-02
  0.183159E-02     0.167963E-02     0.230006E-02     0.171868E-02     0.188026E-02
  0.168420E-02     0.198664E-02     0.309023E-02     0.198244E-02     0.132985E-02
  0.250869E-02     0.201668E-02     0.270836E-02     0.244928E-02     0.166692E-02
  0.157636E-02     0.201196E-02     0.192269E-02     0.235184E-02     0.186424E-02
  0.223077E-02     0.258822E-02     0.253690E-02     0.203861E-02     0.219215E-02
  0.250523E-02     0.200027E-02     0.141054E-02     0.129543E-02     0.116689E-02
  0.168817E-02     0.156484E-02     0.106861E-02     0.148480E-02     0.127119E-02
  0.138507E-02     0.142894E-02     0.174346E-02     0.152107E-02     0.162825E-02
  0.128473E-02     0.137440E-02     0.158624E-02     0.178736E-02     0.183063E-02
  0.157202E-02     0.224899E-02     0.162086E-02     0.163167E-02     0.128555E-02
  0.219825E-02     0.190837E-02     0.128897E-02     0.152279E-02     0.111929E-02
  0.182452E-02     0.223075E-02     0.176350E-02     0.209807E-02     0.182801E-02
  0.191275E-02     0.169915E-02     0.192323E-02     0.113406E-02     0.173692E-02
  0.213314E-02     0.176072E-02     0.162586E-02     0.210962E-02     0.190218E-02
  0.246382E-02     0.160613E-02     0.158058E-02     0.171386E-02     0.185762E-02
  0.166095E-02     0.167825E-02     0.140590E-02     0.180993E-02     0.125346E-02
  0.120918E-02     0.199402E-02     0.145236E-02     0.179731E-02     0.278371E-02
  0.254912E-02     0.181083E-02     0.204558E-02     0.134928E-02     0.279159E-02
  0.228599E-02     0.239120E-02     0.233228E-02     0.221763E-02     0.218871E-02
  0.224616E-02     0.174921E-02     0.237620E-02     0.194369E-02     0.161794E-02
  0.219136E-02     0.203842E-02     0.218697E-02     0.226294E-02     0.207148E-02
  0.209799E-02     0.214476E-02     0.167099E-02     0.163598E-02     0.127422E-02
  0.178564E-02     0.209311E-02     0.169583E-02     0.138832E-02     0.174284E-02
  0.226939E-02     0.174981E-02     0.186192E-02     0.186640E-02     0.212489E-02
  0.134170E-02     0.144465E-02     0.186676E-02     0.253793E-02     0.175766E-02
  0.182134E-02     0.150096E-02     0.197635E-02     0.182004E-02     0.150965E-02
  0.166511E-02     0.164471E-02     0.134670E-02     0.156969E-02     0.150706E-02
  0.230112E-02     0.196676E-02     0.142502E-02     0.115353E-02     0.135210E-02
  0.165971E-02     0.134123E-02     0.148740E-02     0.167248E-02     0.173350E-02
  0.123533E-02     0.227335E-02     0.193898E-02     0.199027E-02     0.150387E-02
  0.130668E-02     0.143446E-02     0.159133E-02     0.126561E-02     0.267685E-02
  0.283001E-02     0.116087E-02     0.149575E-02     0.114318E-02     0.152162E-02
  0.129279E-02     0.134446E-02     0.146183E-02     0.171593E-02     0.159017E-02
  0.164440E-02     0.144171E-02     0.148419E-02     0.132607E-02     0.167328E-02
  0.150654E-02     0.167629E-02     0.178774E-02     0.141327E-02     0.156966E-02
  0.141663E-02     0.192407E-02     0.173179E-02     0.155023E-02     0.153975E-02
  0.156980E-02     0.151248E-02     0.173230E-02     0.191412E-02     0.176736E-02
  0.127335E-02     0.193951E-02     0.234548E-02     0.240097E-02     0.156466E-02
  0.208399E-02     0.234482E-02     0.196643E-02     0.177055E-02     0.211870E-02
  0.176679E-02     0.187554E-02     0.209521E-02     0.198518E-02     0.141734E-02
  0.133960E-02     0.109694E-02     0.196560E-02     0.211490E-02     0.188787E-02
  0.155757E-02     0.166377E-02     0.126574E-02     0.150382E-02     0.170947E-02
  0.226001E-02     0.176479E-02     0.234608E-02     0.160946E-02     0.146124E-02
  0.163132E-02     0.200377E-02     0.168308E-02     0.174264E-02     0.162651E-02
  0.193478E-02     0.194961E-02     0.209433E-02     0.144979E-02     0.135252E-02
  0.156130E-02     0.164617E-02     0.165872E-02     0.172250E-02     0.149520E-02
  0.167400E-02     0.132913E-02     0.145483E-02     0.147892E-02     0.206026E-02
  0.136598E-02     0.129586E-02     0.141534E-02     0.205616E-02     0.152042E-02
  0.177445E-02     0.147969E-02     0.158465E-02     0.156326E-02     0.138511E-02
  0.176142E-02     0.190127E-02     0.172936E-02     0.168641E-02     0.158108E-02
  0.175514E-02     0.169731E-02     0.197064E-02     0.187073E-02     0.144003E-02
  0.146007E-02     0.223968E-02     0.173517E-02     0.146404E-02     0.171099E-02
  0.156258E-02     0.189889E-02     0.193155E-02     0.156967E-02     0.155690E-02
  0.195287E-02     0.176937E-02     0.185624E-02     0.165517E-02     0.187355E-02
  0.186336E-02     0.175145E-02     0.165004E-02     0.168840E-02     0.168783E-02
  0.170232E-02     0.205145E-02     0.209475E-02     0.181075E-02     0.155483E-02
  0.156653E-02     0.185606E-02     0.159271E-02     0.158478E-02     0.156971E-02
  0.192597E-02     0.160048E-02     0.193073E-02     0.186699E-02     0.150992E-02
  0.187070E-02     0.182720E-02     0.170610E-02     0.168600E-02     0.165008E-02
  0.159031E-02     0.172406E-02     0.149496E-02     0.193441E-02     0.188856E-02
  0.195748E-02     0.173880E-02     0.181924E-02     0.179203E-02     0.168808E-02
  0.203712E-02     0.182669E-02     0.183737E-02     0.107159E-02     0.184035E-02
  0.185574E-02     0.227248E-02     0.200819E-02     0.174604E-02     0.211447E-02
  0.192142E-02     0.178607E-02     0.193564E-02     0.208985E-02     0.164746E-02
  0.168681E-02     0.199367E-02     0.168512E-02     0.182991E-02     0.193363E-02
  0.167612E-02     0.218075E-02     0.205717E-02     0.194384E-02     0.206856E-02
  0.198318E-02     0.208977E-02     0.214693E-02     0.203992E-02     0.200369E-02
  0.184139E-02     0.204891E-02     0.187000E-02     0.205046E-02     0.197235E-02
  0.152819E-02     0.183897E-02     0.211096E-02     0.182098E-02     0.187029E-02
  0.194862E-02     0.262550E-02     0.283084E-02     0.200400E-02     0.177136E-02
  0.185193E-02     0.177783E-02     0.189768E-02     0.203542E-02     0.191495E-02
  0.214258E-02     0.210998E-02     0.202719E-02     0.240845E-02     0.214746E-02
  0.209513E-02     0.222683E-02     0.173929E-02     0.220756E-02     0.237740E-02
  0.169092E-02     0.230781E-02     0.231016E-02     0.218338E-02     0.206805E-02
  0.152974E-02     0.210694E-02     0.232331E-02     0.180504E-02     0.231432E-02
  0.186852E-02     0.232782E-02     0.175298E-02     0.264417E-02     0.211981E-02
  0.194539E-02     0.218501E-02     0.194543E-02     0.186024E-02     0.203207E-02
  0.241030E-02     0.209157E-02     0.210717E-02     0.203709E-02     0.205783E-02
  0.221990E-02     0.230723E-02     0.218381E-02     0.192072E-02     0.219700E-02
  0.209433E-02     0.221317E-02     0.227447E-02     0.242466E-02     0.198201E-02
  0.220434E-02     0.200835E-02     0.162785E-02     0.199249E-02     0.209099E-02
  0.200769E-02     0.216657E-02     0.199696E-02     0.220891E-02     0.235319E-02
  0.241004E-02     0.203217E-02     0.211638E-02     0.229370E-02     0.228719E-02
  0.221439E-02     0.234781E-02     0.222505E-02     0.198795E-02     0.197771E-02
  0.169962E-02     0.256335E-02     0.196341E-02     0.223987E-02     0.222615E-02
  0.211104E-02     0.204290E-02     0.263024E-02     0.238343E-02     0.262811E-02
  0.208512E-02     0.205330E-02     0.199777E-02     0.203781E-02     0.230049E-02
  0.205146E-02     0.196923E-02     0.228445E-02     0.232326E-02     0.223235E-02
  0.229167E-02     0.215598E-02     0.205526E-02     0.222454E-02     0.226653E-02
  0.270406E-02     0.265688E-02     0.235114E-02     0.235100E-02     0.220986E-02
  0.231655E-02     0.230424E-02     0.199533E-02     0.201094E-02     0.190268E-02
  0.189462E-02     0.189238E-02     0.230751E-02     0.209901E-02     0.254398E-02
  0.255052E-02     0.224670E-02     0.193980E-02     0.188262E-02     0.215749E-02
  0.159815E-02     0.200123E-02     0.225707E-02     0.250017E-02     0.193130E-02
  0.165499E-02     0.182817E-02     0.340210E-02     0.264586E-02     0.247094E-02
  0.214697E-02     0.283552E-02     0.258654E-02     0.230019E-02     0.219271E-02
  0.220489E-02     0.198430E-02     0.222705E-02     0.224388E-02     0.238921E-02
  0.228673E-02     0.191869E-02     0.258592E-02     0.248482E-02     0.171721E-02
  0.250892E-02     0.225312E-02     0.208053E-02     0.199119E-02     0.277039E-02
  0.286294E-02     0.258659E-02     0.319180E-02     0.267527E-02     0.252282E-02
  0.204511E-02     0.212217E-02     0.242854E-02     0.234124E-02     0.267944E-02
  0.230431E-02     0.241387E-02     0.251991E-02     0.297334E-02     0.339241E-02
  0.290152E-02     0.292773E-02     0.295512E-02     0.282092E-02     0.358355E-02
  0.273274E-02     0.216691E-02     0.326222E-02     0.269313E-02     0.241625E-02
  0.361526E-02     0.249085E-02     0.150336E-02     0.273811E-02     0.336273E-02
  0.240799E-02     0.263371E-02     0.254188E-02     0.213871E-02     0.243267E-02
  0.338392E-02     0.262035E-02     0.255013E-02     0.476677E-02     0.195517E-02
  0.299007E-02     0.227240E-02     0.367414E-02     0.302148E-02     0.278256E-02
  0.337862E-02     0.304428E-02     0.196139E-02     0.238745E-02     0.181307E-02
  0.229709E-02     0.151877E-02     0.237967E-02     0.270127E-02     0.225353E-02
  0.264466E-02     0.275236E-02     0.288442E-02     0.244001E-02     0.304880E-02
  0.223100E-02     0.386438E-02     0.391850E-02     0.184443E-02     0.448194E-02
  0.356416E-02     0.257318E-02     0.336392E-02     0.270207E-02     0.222597E-02
  0.220028E-02     0.230270E-02     0.542599E-02     0.396612E-02     0.250381E-02
  0.286554E-02     0.358065E-02     0.281825E-02     0.251961E-02     0.291738E-02
  0.495500E-02     0.238073E-02     0.203510E-02     0.164537E-02     0.240712E-02
  0.221240E-02     0.175853E-02     0.222001E-02     0.237358E-02     0.214900E-02
  0.216784E-02     0.289633E-02     0.211647E-02     0.287074E-02     0.216447E-02
  0.189436E-02     0.168514E-02     0.235429E-02     0.337745E-02     0.220010E-02
  0.159481E-02     0.279079E-02     0.229120E-02     0.294385E-02     0.480042E-02
  0.269324E-02     0.310120E-02     0.313703E-02     0.200396E-02     0.210126E-02
  0.208873E-02     0.241376E-02     0.232303E-02     0.178807E-02     0.142438E-02
  0.244807E-02     0.273311E-02     0.400091E-02     0.276469E-02     0.340409E-02
  0.267505E-02     0.250387E-02     0.202919E-02     0.312045E-02     0.339847E-02
  0.284480E-02     0.353146E-02     0.301332E-02     0.249721E-02     0.260017E-02
  0.266926E-02     0.254181E-02     0.170495E-02     0.347762E-02     0.325504E-02
  0.267879E-02     0.377121E-02     0.266664E-02     0.321142E-02     0.572076E-02
  0.718059E-02     0.693187E-02     0.122175E-01     0.964396E-02     0.115278E-01
  0.111084E-01     0.113333E-01     0.197343E-01     0.202681E-01     0.145624E-01
  0.236037E-01     0.165013E-01     0.205584E-01     0.203753E-01     0.269959E-01
  0.296253E-01     0.335883E-01     0.372017E-01     0.377645E-01     0.523255E-01
  0.420961E-01     0.607394E-01     0.639804E-01     0.726235E-01     0.657262E-01
  0.724358E-01     0.102019E+00     0.800040E-01     0.872071E-01     0.763365E-01
  0.804742E-01     0.809596E-01     0.911286E-01     0.107989E+00     0.117148E+00
  0.115012E+00     0.166626E+00     0.141328E+00     0.201550E+00     0.127540E+00
  0.140128E+00     0.164949E+00     0.197555E+00     0.153277E+00     0.174613E+00
  0.211613E+00     0.201507E+00     0.215679E+00     0.228487E+00     0.297741E+00
  0.332501E+00     0.270099E+00     0.255709E+00     0.235546E+00     0.310965E+00
  0.316336E+00     0.326601E+00     0.431862E+00
 eigen energies, in ev
    -44.626459       -44.525791       -44.454031       -44.322167       -44.114783
    -29.258196       -29.136658       -29.077299       -29.036783       -28.877982
    -28.779238       -28.756099       -28.636060       -28.624722       -28.620758
    -28.588027       -28.575454       -28.564041       -28.518267       -28.478214
    -28.448029       -28.435887       -28.414039       -28.396437       -28.393985
    -28.390977       -28.379874       -28.238816       -28.171561       -28.139140
    -28.138309       -28.118597       -28.069753       -28.069016       -28.046628
    -28.015796       -28.014356       -28.002478       -27.952059       -27.949941
    -27.902811       -27.874365       -27.794285       -27.723487       -27.723296
    -27.709120       -27.653514       -27.625227       -27.571788       -27.558850
    -27.477290       -27.467706       -27.454325       -27.451300       -27.443136
    -27.419155       -27.405127       -27.397324       -27.383683       -27.376543
    -27.356331       -27.344010       -27.313857       -27.300655       -27.275646
    -27.225912       -27.188588       -27.136991       -27.128380       -27.099081
    -27.043885       -27.033084       -26.956670       -26.939794       -26.935718
    -26.839082       -26.826560       -26.802768       -26.767622       -26.717483
    -26.670140       -26.638392       -26.629890       -26.622806       -26.603234
    -26.575746       -26.559695       -26.523580       -26.505283       -26.485752
    -26.482632       -26.467484       -26.409235       -26.376676       -26.288513
    -26.258166       -26.253708       -26.215500       -26.187857       -26.187291
    -26.172798       -26.163147       -26.159179       -26.134923       -26.129166
    -26.075508       -26.040566       -26.039422       -26.033768       -26.025932
    -25.988983       -25.988535       -25.980087       -25.942153       -25.930697
    -25.923179       -25.897595       -25.885373       -25.877100       -25.843404
    -25.827131       -25.814211       -25.761234       -25.705131       -25.573195
    -25.546089       -25.511971       -25.483618       -25.464971       -25.386461
    -25.305203       -25.288578       -25.237320       -25.231680       -25.166595
    -24.573364       -24.288656       -24.223506       -24.067776       -23.836821
    -23.797932       -23.774888       -23.749981       -23.686317       -23.603610
    -23.572288       -23.548352       -23.536980       -23.388508       -23.282288
    -23.156775       -23.149200       -23.119740       -23.095033       -23.094504
    -22.997097       -22.924400       -22.895767       -22.794281       -22.704054
    -22.690639       -22.476770       -22.409155       -22.254412       -22.233035
    -22.197889       -22.150334       -22.021861       -21.984699       -21.941615
    -21.821461       -21.785022       -21.777357       -21.723050       -21.525511
    -21.401201       -21.379046       -21.321928       -21.288208       -21.283044
    -21.257521       -21.241751       -21.194770       -21.163630       -21.132736
    -21.081008       -20.832259       -20.786670       -20.558967       -20.315625
    -19.026287       -18.681915       -18.458083       -18.254256       -18.251035
    -16.212616       -16.102876       -16.071851       -15.972917       -15.787204
    -15.739485       -15.705775       -15.691761       -15.658189       -15.545042
    -15.461352       -15.423829       -15.404136       -15.370910       -15.350342
    -15.291885       -15.175245       -15.144443       -15.139978       -15.111423
    -15.109606       -14.985945       -14.946275       -14.857120       -14.822746
    -14.819533       -14.801111       -14.734805       -14.622629       -14.517028
    -14.509447       -14.501877       -14.500977       -14.455980       -14.362959
    -14.334292       -14.265322       -14.238031       -14.121623       -14.066218
    -13.955781       -13.928270       -13.893916       -13.783067       -13.774831
    -13.772067       -13.719513       -13.714096       -13.588162       -13.572689
    -13.544051       -13.515465       -13.501531       -13.479909       -13.416418
    -13.404090       -13.347822       -13.340864       -13.320954       -13.294014
    -13.274816       -13.183301       -13.088751       -13.036730       -12.999620
    -12.996824       -12.946354       -12.913331       -12.869830       -12.772655
    -12.599644       -12.454967       -12.302129       -12.239176       -12.211270
    -12.155927       -12.141773       -12.134031       -12.006165       -11.982767
    -11.941080       -11.925555       -11.900651       -11.892192       -11.859753
    -11.806144       -11.800040       -11.762903       -11.737846       -11.712361
    -11.696453       -11.673722       -11.646122       -11.644495       -11.624835
    -11.612464       -11.507184       -11.436968       -11.405572       -11.360835
    -11.346134       -11.321513       -11.320245       -11.310213       -11.306504
    -11.295060       -11.256619       -11.225613       -11.204048       -11.192991
    -11.161989       -11.158654       -11.150293       -11.067822       -10.988818
    -10.976953       -10.920881       -10.908457       -10.895057       -10.765511
    -10.746965       -10.721926       -10.712788       -10.685891       -10.653328
    -10.633792       -10.588148       -10.571101       -10.541500       -10.539285
    -10.528226       -10.520977       -10.500807       -10.493722       -10.492143
    -10.478944       -10.474522       -10.468839       -10.450220       -10.430544
    -10.424136       -10.413810       -10.406352       -10.398601       -10.390829
    -10.361078       -10.356834       -10.311029       -10.300441       -10.292746
    -10.277298       -10.273455       -10.249432       -10.245093       -10.232261
    -10.225537       -10.198110       -10.187704       -10.156250       -10.151332
    -10.146240       -10.138727       -10.130021       -10.114612       -10.100838
    -10.090343       -10.083569       -10.059305       -10.045044       -10.036643
    -10.021750       -10.014226       -10.008018        -9.963646        -9.950830
     -9.940432        -9.921421        -9.911654        -9.896881        -9.893535
     -9.881524        -9.876818        -9.873912        -9.857813        -9.844895
     -9.833118        -9.832182        -9.795093        -9.781545        -9.772267
     -9.739491        -9.732844        -9.722723        -9.712744        -9.696100
     -9.686409        -9.681656        -9.666424        -9.632009        -9.628996
     -9.618519        -9.613482        -9.602291        -9.577972        -9.566980
     -9.555351        -9.545150        -9.523651        -9.515994        -9.501689
     -9.486794        -9.472692        -9.457586        -9.452211        -9.444449
     -9.419708        -9.408404        -9.406266        -9.403701        -9.377884
     -9.374709        -9.366179        -9.342676        -9.309497        -9.306422
     -9.298651        -9.254007        -9.246576        -9.237640        -9.205336
     -9.192572        -9.176102        -9.159198        -9.146380        -9.127248
     -9.111546        -9.099037        -9.096376        -9.075249        -9.069232
     -9.061879        -9.052787        -9.034819        -9.022841        -9.004767
     -8.986401        -8.965657        -8.947794        -8.934856        -8.923641
     -8.907281        -8.896781        -8.876653        -8.873672        -8.867512
     -8.836525        -8.822522        -8.808775        -8.797051        -8.784411
     -8.764516        -8.762435        -8.746818        -8.723494        -8.696887
     -8.687904        -8.665005        -8.656280        -8.638691        -8.628795
     -8.617610        -8.615419        -8.584584        -8.559462        -8.526785
     -8.516948        -8.497342        -8.488519        -8.468515        -8.443344
     -8.406843        -8.376570        -8.345883        -8.294614        -8.288827
     -8.284736        -8.264518        -8.232333        -8.216796        -8.193306
     -8.164046        -8.155006        -8.132202        -8.111871        -8.103093
     -8.097473        -8.016281        -8.001234        -7.990736        -7.956436
     -7.942298        -7.919936        -7.895358        -7.874047        -7.870842
     -7.855390        -7.842506        -7.831933        -7.809211        -7.790068
     -7.777832        -7.765290        -7.754550        -7.722904        -7.702086
     -7.684455        -7.660412        -7.642849        -7.625356        -7.614772
     -7.583693        -7.547369        -7.523151        -7.486769        -7.459610
     -7.453013        -7.447702        -7.435501        -7.422162        -7.397545
     -7.361804        -7.354483        -7.328226        -7.316006        -7.312588
     -7.307902        -7.291392        -7.264481        -7.210774        -7.168630
     -7.154707        -7.125373        -7.078008        -7.069608        -7.066555
     -7.039773        -7.032248        -7.016600        -7.006229        -6.995044
     -6.978949        -6.976306        -6.965742        -6.959773        -6.947810
     -6.923972        -6.911807        -6.900319        -6.871524        -6.865173
     -6.851237        -6.840186        -6.835147        -6.831544        -6.789835
     -6.781259        -6.759695        -6.750290        -6.745868        -6.742536
     -6.729375        -6.716010        -6.708893        -6.702850        -6.694067
     -6.684341        -6.676292        -6.644301        -6.636761        -6.633136
     -6.618974        -6.612792        -6.609177        -6.597477        -6.588000
     -6.564575        -6.544306        -6.541927        -6.501673        -6.482169
     -6.466965        -6.457700        -6.449561        -6.435857        -6.434220
     -6.428042        -6.425963        -6.412181        -6.399785        -6.388988
     -6.384089        -6.366096        -6.354428        -6.340040        -6.334514
     -6.327715        -6.321817        -6.309593        -6.307524        -6.297506
     -6.291867        -6.277417        -6.272104        -6.265414        -6.259987
     -6.250216        -6.235454        -6.226561        -6.221478        -6.194289
     -6.181961        -6.175701        -6.168319        -6.161495        -6.156337
     -6.147563        -6.142088        -6.127763        -6.120167        -6.106802
     -6.096007        -6.084586        -6.063440        -6.053379        -6.049766
     -6.032115        -6.028335        -6.010019        -6.003153        -5.999182
     -5.995719        -5.990955        -5.982267        -5.964525        -5.948690
     -5.937570        -5.928621        -5.918355        -5.907049        -5.901638
     -5.894353        -5.891077        -5.881206        -5.871517        -5.862421
     -5.858948        -5.850676        -5.835489        -5.824121        -5.813579
     -5.811827        -5.803585        -5.798611        -5.794946        -5.790267
     -5.784956        -5.777243        -5.773499        -5.769005        -5.758497
     -5.744001        -5.741561        -5.733911        -5.726428        -5.722949
     -5.719501        -5.710466        -5.702991        -5.693381        -5.685427
     -5.682039        -5.678270        -5.669300        -5.665312        -5.661648
     -5.655050        -5.651115        -5.639813        -5.623355        -5.617575
     -5.616052        -5.608321        -5.598038        -5.595266        -5.584548
     -5.580485        -5.566237        -5.558396        -5.546222        -5.544119
     -5.541171        -5.535446        -5.529126        -5.522075        -5.510593
     -5.499070        -5.472485        -5.470990        -5.462047        -5.453432
     -5.448144        -5.441788        -5.432724        -5.425880        -5.419619
     -5.414995        -5.405846        -5.398849        -5.387656        -5.384333
     -5.378874        -5.362786        -5.354391        -5.351896        -5.347859
     -5.339619        -5.336553        -5.333680        -5.329564        -5.317376
     -5.310546        -5.299307        -5.292787        -5.284376        -5.278269
     -5.270714        -5.261073        -5.252975        -5.235247        -5.225203
     -5.219649        -5.216194        -5.212970        -5.203951        -5.191538
     -5.187911        -5.174888        -5.173612        -5.167182        -5.163958
     -5.157933        -5.156489        -5.146759        -5.145402        -5.140447
     -5.132602        -5.124657        -5.119699        -5.115267        -5.106259
     -5.101782        -5.099598        -5.093891        -5.083925        -5.082333
     -5.071781        -5.067968        -5.058929        -5.057521        -5.046110
     -5.043484        -5.036885        -5.033356        -5.029693        -5.016919
     -5.016137        -5.005556        -4.989437        -4.983842        -4.971306
     -4.967192        -4.965860        -4.957160        -4.952997        -4.947915
     -4.939540        -4.928446        -4.915045        -4.914462        -4.910338
     -4.902607        -4.899773        -4.886788        -4.877789        -4.864537
     -4.855518        -4.853802        -4.846994        -4.845331        -4.829638
     -4.819439        -4.806963        -4.801895        -4.797501        -4.786441
     -4.782537        -4.778294        -4.776035        -4.762247        -4.754123
     -4.737038        -4.733976        -4.713908        -4.708040        -4.689158
     -4.681959        -4.676535        -4.668298        -4.661242        -4.655482
     -4.638700        -4.631715        -4.613019        -4.611706        -4.596182
     -4.579484        -4.576087        -4.566126        -4.560852        -4.551794
     -4.544872        -4.522793        -4.502612        -4.500835        -4.465061
     -4.464441        -4.454721        -4.442860        -4.425860        -4.410620
     -4.390856        -4.384537        -4.359667        -4.339070        -4.303239
     -4.280380        -4.270324        -4.264842        -4.254153        -4.248664
     -4.243888        -4.213557        -4.200250        -4.181019        -4.171784
     -4.155247        -4.138277        -4.130739        -4.112707        -4.093107
     -4.079880        -4.058107        -4.050233        -4.038061        -4.027188
     -3.999768        -3.985495        -3.956838        -3.950045        -3.914246
     -3.905618        -3.894470        -3.886101        -3.864392        -3.848307
     -3.847290        -3.801085        -3.798972        -3.789562        -3.770503
     -3.704811        -3.659083        -3.641757        -3.628560        -3.623160
     -3.599524        -3.586280        -3.559976        -3.532896        -3.483300
     -3.475125        -3.455419        -3.439354        -3.428846        -3.419436
     -3.418101        -3.411001        -3.402196        -3.394068        -3.381274
     -3.360112        -3.326212        -3.317467        -3.298372        -3.285255
     -3.239061        -3.236275        -3.189353        -3.179034        -3.155090
     -3.144213        -3.132646        -3.124568        -3.107597        -3.100173
     -3.092750        -3.053156        -3.045829        -3.011504        -2.999388
     -2.967404        -2.927538        -2.914579        -2.893034        -2.885334
     -2.876348        -2.870358        -2.867675        -2.859202        -2.850912
     -2.839875        -2.780025        -2.770434        -2.760484        -2.745926
     -2.720982        -2.695006        -2.687908        -2.678210        -2.673338
     -2.650960        -2.639281        -2.619726        -2.607509        -2.593615
     -2.580543        -2.571832        -2.559836        -2.557479        -2.538506
     -2.530891        -2.525383        -2.475983        -2.463984        -2.455922
     -2.445238        -2.437019        -2.429006        -2.390290        -2.377830
     -2.372830        -2.369535        -2.240074        -2.236567        -2.179170
     -2.176958        -2.168139        -2.157088        -2.120153        -2.108477
     -2.056520        -2.041088        -1.992400        -1.980304        -1.721933
      2.159589         2.321789         2.538460         2.783563         2.795999
      2.901157         3.008069         3.112432         3.255991         3.316451
      3.427994         3.438356         3.469730         3.503664         3.526627
      3.569845         3.665588         3.704207         3.760055         3.806340
      3.815964         3.939143         3.971564         4.011077         4.021224
      4.045517         4.080890         4.095786         4.115803         4.139302
      4.159931         4.185456         4.193967         4.220592         4.227904
      4.261849         4.280086         4.307189         4.324558         4.346212
      4.364493         4.405363         4.418592         4.431241         4.468047
      4.496167         4.525063         4.541262         4.568318         4.590060
      4.648691         4.672478         4.685102         4.714041         4.749106
      4.771094         4.811201         4.857733
 *********************************
 sum eigen(dbl occ, ryd)=  -1552.78077497719     
 *********************************
 Ef(eV)=   1.55742338266468     
 ***************************************************
 iter=          18
 ---------------------------------------------------
 dvE, dvE(n)-dvE(n-1) = 0.8821E-05 -.4658E-05
 dv_ave, drho_tot     = 0.2970E-02 0.7971E-03
 err of ug            = 0.1280E-03
 ---------------------------------------------------
 Ewald        = -.40302743199754E+05
 Alpha        = 0.15207970391171E+04
 E_extV       = 0.00000000000000E+00    0.0000E+00
 E_NSC        = -.21585714483521E+05    -.4097E+01
 E[-rho*V_Hxc]= -.12516960290113E+06    0.4115E+01
 E_Hxc        = 0.52639569787811E+05    -.3743E+01
 -TS          = -.43507228964846E-10    -.3488E-10
 E_tot(eV)    = -.13289769375748E+06    0.1716E-01
 ---------------------------------------------------
 E_ion,E_coul,E_xc =   -226342.2515322   81495.7885224  -28856.2187346
Ewald+Hart+ion    -0.1851492062095E+06
 ave(vtot)=ave_(V_xc)=: v0= -0.281775933490495     
 Eigen energies are values after setting ave_vtot=0
 ----------------------------------
 One SCF use:    86.0172970294952       s
 *********************************
 ****** kpt=           1
 err of each states, eV
  0.399331E-02     0.496859E-02     0.231185E-02     0.212257E-02     0.468347E-02
  0.672155E-03     0.473638E-03     0.101168E-02     0.699903E-03     0.158866E-02
  0.586811E-03     0.652543E-03     0.865523E-03     0.720739E-03     0.768550E-03
  0.764654E-03     0.671070E-03     0.589592E-03     0.764563E-03     0.121114E-02
  0.872449E-03     0.694543E-03     0.797171E-03     0.801408E-03     0.875958E-03
  0.154884E-02     0.741992E-03     0.535689E-03     0.178112E-02     0.774262E-03
  0.120875E-02     0.720886E-03     0.700593E-03     0.676439E-03     0.683313E-03
  0.698867E-03     0.646843E-03     0.559952E-03     0.655253E-03     0.773865E-03
  0.140484E-02     0.585589E-03     0.476589E-03     0.580959E-03     0.566260E-03
  0.640755E-03     0.838542E-03     0.666864E-03     0.112133E-02     0.139220E-02
  0.130290E-02     0.626952E-03     0.515816E-03     0.768293E-03     0.556864E-03
  0.934893E-03     0.697301E-03     0.831654E-03     0.195121E-02     0.638723E-03
  0.574771E-03     0.452836E-03     0.592164E-03     0.979217E-03     0.646402E-03
  0.949908E-03     0.618420E-03     0.638244E-03     0.639053E-03     0.510287E-03
  0.903692E-03     0.675850E-03     0.176420E-02     0.816151E-03     0.601457E-03
  0.675976E-03     0.492550E-03     0.508123E-03     0.155209E-02     0.575160E-03
  0.104627E-02     0.718037E-03     0.667312E-03     0.663232E-03     0.819360E-03
  0.593180E-03     0.799577E-03     0.573802E-03     0.404458E-03     0.546046E-03
  0.127143E-02     0.478444E-03     0.723336E-03     0.740564E-03     0.739953E-03
  0.608681E-03     0.111063E-02     0.550471E-03     0.602817E-03     0.725386E-03
  0.557663E-03     0.740476E-03     0.733044E-03     0.138442E-02     0.991802E-03
  0.574776E-03     0.777398E-03     0.200909E-02     0.914747E-03     0.748432E-03
  0.698943E-03     0.462340E-03     0.794538E-03     0.156648E-02     0.722523E-03
  0.755239E-03     0.591985E-03     0.115101E-02     0.978410E-03     0.425556E-03
  0.779854E-03     0.162698E-02     0.748078E-03     0.799127E-03     0.678086E-03
  0.906072E-03     0.109786E-02     0.583711E-03     0.508237E-03     0.643052E-03
  0.489849E-03     0.461621E-03     0.653929E-03     0.156784E-02     0.622358E-03
  0.200771E-02     0.833734E-03     0.187233E-02     0.419384E-03     0.119864E-02
  0.170927E-02     0.141035E-02     0.484226E-03     0.548128E-03     0.499236E-03
  0.253224E-02     0.566353E-03     0.765610E-03     0.162542E-02     0.182545E-02
  0.416714E-03     0.155609E-02     0.420268E-03     0.140356E-02     0.780735E-03
  0.588017E-03     0.645526E-03     0.515983E-03     0.996972E-03     0.878479E-03
  0.613824E-03     0.778804E-03     0.906158E-03     0.123050E-02     0.163605E-02
  0.120008E-02     0.104680E-02     0.851386E-03     0.950068E-03     0.472039E-03
  0.575183E-03     0.915210E-03     0.929359E-03     0.115632E-02     0.140031E-02
  0.648183E-03     0.185764E-02     0.487895E-03     0.141732E-02     0.115538E-02
  0.460647E-03     0.619725E-03     0.146387E-02     0.133754E-02     0.416846E-03
  0.493388E-03     0.381599E-03     0.414189E-03     0.426383E-03     0.541686E-03
  0.559638E-03     0.513953E-03     0.607829E-03     0.536105E-03     0.837611E-03
  0.872987E-03     0.108759E-02     0.104092E-02     0.116469E-02     0.721435E-03
  0.120806E-02     0.877324E-03     0.103457E-02     0.834283E-03     0.980316E-03
  0.691779E-03     0.113525E-02     0.110920E-02     0.909925E-03     0.971443E-03
  0.979541E-03     0.111482E-02     0.136185E-02     0.102293E-02     0.979872E-03
  0.882503E-03     0.150029E-02     0.788123E-03     0.108039E-02     0.843982E-03
  0.130035E-02     0.124814E-02     0.838883E-03     0.723606E-03     0.101870E-02
  0.561554E-03     0.855062E-03     0.627029E-03     0.669899E-03     0.762086E-03
  0.932383E-03     0.814658E-03     0.853487E-03     0.978827E-03     0.953336E-03
  0.739492E-03     0.910864E-03     0.633434E-03     0.970222E-03     0.100735E-02
  0.967239E-03     0.929505E-03     0.797475E-03     0.110415E-02     0.785205E-03
  0.863468E-03     0.951212E-03     0.935643E-03     0.734102E-03     0.727888E-03
  0.843596E-03     0.890026E-03     0.954784E-03     0.105384E-02     0.944720E-03
  0.116243E-02     0.111715E-02     0.998074E-03     0.108770E-02     0.111199E-02
  0.862779E-03     0.107977E-02     0.119029E-02     0.101060E-02     0.861292E-03
  0.699034E-03     0.936776E-03     0.974039E-03     0.811621E-03     0.937018E-03
  0.865672E-03     0.727336E-03     0.133939E-02     0.103836E-02     0.121620E-02
  0.124277E-02     0.104001E-02     0.121065E-02     0.104390E-02     0.108879E-02
  0.102552E-02     0.100598E-02     0.102793E-02     0.821055E-03     0.996774E-03
  0.142289E-02     0.127851E-02     0.129064E-02     0.127886E-02     0.109499E-02
  0.857686E-03     0.141800E-02     0.155644E-02     0.135505E-02     0.127125E-02
  0.663211E-03     0.142930E-02     0.128458E-02     0.127848E-02     0.106625E-02
  0.117916E-02     0.113797E-02     0.133457E-02     0.877660E-03     0.110377E-02
  0.173101E-02     0.149646E-02     0.137210E-02     0.178880E-02     0.167599E-02
  0.948463E-03     0.865998E-03     0.136367E-02     0.134584E-02     0.132509E-02
  0.242723E-02     0.169110E-02     0.171885E-02     0.131014E-02     0.110495E-02
  0.160583E-02     0.156890E-02     0.117491E-02     0.122817E-02     0.107770E-02
  0.174114E-02     0.153103E-02     0.144835E-02     0.128246E-02     0.182880E-02
  0.160706E-02     0.110031E-02     0.145036E-02     0.155009E-02     0.131061E-02
  0.149791E-02     0.123933E-02     0.128028E-02     0.120979E-02     0.155194E-02
  0.149870E-02     0.127221E-02     0.211307E-02     0.111029E-02     0.146910E-02
  0.220643E-02     0.156721E-02     0.154108E-02     0.218871E-02     0.166920E-02
  0.167450E-02     0.100304E-02     0.156523E-02     0.136766E-02     0.223715E-02
  0.165593E-02     0.170211E-02     0.177662E-02     0.168854E-02     0.958473E-03
  0.953309E-03     0.183059E-02     0.146482E-02     0.109656E-02     0.125195E-02
  0.973852E-03     0.141082E-02     0.102327E-02     0.131945E-02     0.128773E-02
  0.144772E-02     0.120820E-02     0.125798E-02     0.148971E-02     0.137785E-02
  0.130568E-02     0.127992E-02     0.165313E-02     0.134456E-02     0.176003E-02
  0.109461E-02     0.157153E-02     0.947838E-03     0.129399E-02     0.155158E-02
  0.192487E-02     0.106645E-02     0.168629E-02     0.178051E-02     0.111521E-02
  0.145151E-02     0.968118E-03     0.161722E-02     0.140669E-02     0.147179E-02
  0.168942E-02     0.174096E-02     0.226399E-02     0.132180E-02     0.131376E-02
  0.147864E-02     0.159628E-02     0.148195E-02     0.160489E-02     0.150059E-02
  0.165354E-02     0.145501E-02     0.153922E-02     0.217565E-02     0.160508E-02
  0.134144E-02     0.150983E-02     0.115732E-02     0.149633E-02     0.145686E-02
  0.141730E-02     0.146632E-02     0.139907E-02     0.261211E-02     0.216190E-02
  0.183396E-02     0.121995E-02     0.155351E-02     0.229692E-02     0.191750E-02
  0.175471E-02     0.182291E-02     0.180206E-02     0.191169E-02     0.181813E-02
  0.199145E-02     0.195700E-02     0.199118E-02     0.174615E-02     0.161109E-02
  0.167589E-02     0.186572E-02     0.175024E-02     0.178188E-02     0.173632E-02
  0.197521E-02     0.163755E-02     0.193964E-02     0.156435E-02     0.201845E-02
  0.163805E-02     0.124524E-02     0.187023E-02     0.166475E-02     0.190094E-02
  0.107544E-02     0.195330E-02     0.179389E-02     0.171812E-02     0.122953E-02
  0.169503E-02     0.167074E-02     0.222018E-02     0.222392E-02     0.156743E-02
  0.884348E-03     0.145546E-02     0.159933E-02     0.189672E-02     0.165642E-02
  0.111133E-02     0.139243E-02     0.128028E-02     0.140135E-02     0.232809E-02
  0.154107E-02     0.155229E-02     0.114000E-02     0.158606E-02     0.140297E-02
  0.130387E-02     0.155128E-02     0.153390E-02     0.105561E-02     0.106530E-02
  0.269029E-02     0.184493E-02     0.171033E-02     0.134457E-02     0.118683E-02
  0.120079E-02     0.129861E-02     0.217264E-02     0.126389E-02     0.127831E-02
  0.220891E-02     0.141717E-02     0.117297E-02     0.114619E-02     0.101627E-02
  0.124144E-02     0.120650E-02     0.133751E-02     0.104258E-02     0.147080E-02
  0.929311E-03     0.109960E-02     0.959019E-03     0.106288E-02     0.137762E-02
  0.112588E-02     0.107207E-02     0.125345E-02     0.127832E-02     0.135665E-02
  0.122672E-02     0.129020E-02     0.143693E-02     0.155890E-02     0.120691E-02
  0.140564E-02     0.126493E-02     0.150413E-02     0.916612E-03     0.149138E-02
  0.148729E-02     0.188224E-02     0.118180E-02     0.150804E-02     0.170720E-02
  0.146150E-02     0.125005E-02     0.159997E-02     0.124812E-02     0.133378E-02
  0.108477E-02     0.129447E-02     0.139636E-02     0.173531E-02     0.994044E-03
  0.108992E-02     0.967119E-03     0.212300E-02     0.149706E-02     0.120382E-02
  0.147626E-02     0.110508E-02     0.144386E-02     0.150745E-02     0.147984E-02
  0.176297E-02     0.125133E-02     0.138285E-02     0.158600E-02     0.168649E-02
  0.148728E-02     0.134376E-02     0.184480E-02     0.128143E-02     0.131498E-02
  0.144313E-02     0.182105E-02     0.122494E-02     0.126815E-02     0.153441E-02
  0.155437E-02     0.128366E-02     0.124052E-02     0.145083E-02     0.154456E-02
  0.140179E-02     0.124960E-02     0.125648E-02     0.141184E-02     0.165626E-02
  0.136265E-02     0.181479E-02     0.926512E-03     0.145974E-02     0.146796E-02
  0.142398E-02     0.148280E-02     0.153042E-02     0.139752E-02     0.149699E-02
  0.134957E-02     0.119032E-02     0.134411E-02     0.144777E-02     0.164876E-02
  0.134348E-02     0.124429E-02     0.108938E-02     0.170626E-02     0.173654E-02
  0.164759E-02     0.174370E-02     0.136374E-02     0.122406E-02     0.127189E-02
  0.136454E-02     0.141102E-02     0.159567E-02     0.123150E-02     0.140576E-02
  0.119826E-02     0.136834E-02     0.172117E-02     0.144387E-02     0.141949E-02
  0.132177E-02     0.128539E-02     0.168184E-02     0.181354E-02     0.143265E-02
  0.148882E-02     0.133548E-02     0.136589E-02     0.142418E-02     0.146607E-02
  0.128696E-02     0.147674E-02     0.150983E-02     0.138125E-02     0.130408E-02
  0.143445E-02     0.115732E-02     0.137457E-02     0.136290E-02     0.127080E-02
  0.146817E-02     0.141657E-02     0.165062E-02     0.133582E-02     0.155659E-02
  0.143400E-02     0.150385E-02     0.146079E-02     0.153361E-02     0.145953E-02
  0.132702E-02     0.129157E-02     0.160131E-02     0.146372E-02     0.155093E-02
  0.151571E-02     0.117335E-02     0.168991E-02     0.150655E-02     0.151774E-02
  0.173512E-02     0.165501E-02     0.162861E-02     0.155587E-02     0.158755E-02
  0.149829E-02     0.140669E-02     0.138360E-02     0.152837E-02     0.166189E-02
  0.153593E-02     0.164444E-02     0.167248E-02     0.160780E-02     0.148795E-02
  0.163966E-02     0.169857E-02     0.145681E-02     0.170163E-02     0.153407E-02
  0.160521E-02     0.166261E-02     0.145455E-02     0.153679E-02     0.157947E-02
  0.163682E-02     0.168007E-02     0.159532E-02     0.167633E-02     0.153011E-02
  0.153482E-02     0.171680E-02     0.181892E-02     0.161434E-02     0.139419E-02
  0.173620E-02     0.150378E-02     0.206771E-02     0.233648E-02     0.170075E-02
  0.178661E-02     0.147800E-02     0.154314E-02     0.152585E-02     0.164539E-02
  0.173978E-02     0.190334E-02     0.187789E-02     0.182534E-02     0.207557E-02
  0.165317E-02     0.195465E-02     0.169662E-02     0.192951E-02     0.174939E-02
  0.166157E-02     0.195016E-02     0.191148E-02     0.156816E-02     0.138334E-02
  0.190124E-02     0.169527E-02     0.161552E-02     0.174234E-02     0.164492E-02
  0.172699E-02     0.160028E-02     0.168767E-02     0.179112E-02     0.176568E-02
  0.175619E-02     0.173019E-02     0.170460E-02     0.167982E-02     0.195721E-02
  0.191167E-02     0.182478E-02     0.185892E-02     0.182917E-02     0.183885E-02
  0.175943E-02     0.153353E-02     0.166303E-02     0.189728E-02     0.170027E-02
  0.160363E-02     0.143093E-02     0.156161E-02     0.162856E-02     0.164036E-02
  0.155564E-02     0.194880E-02     0.135223E-02     0.143895E-02     0.171091E-02
  0.187218E-02     0.174828E-02     0.185245E-02     0.189516E-02     0.210358E-02
  0.227605E-02     0.175214E-02     0.161732E-02     0.177990E-02     0.179973E-02
  0.185876E-02     0.176071E-02     0.216573E-02     0.166449E-02     0.172861E-02
  0.207390E-02     0.163411E-02     0.164116E-02     0.168458E-02     0.199832E-02
  0.181562E-02     0.164657E-02     0.219066E-02     0.182448E-02     0.183061E-02
  0.249749E-02     0.195706E-02     0.201866E-02     0.185896E-02     0.140213E-02
  0.202869E-02     0.184885E-02     0.194108E-02     0.194472E-02     0.218768E-02
  0.183289E-02     0.161352E-02     0.166341E-02     0.181948E-02     0.173130E-02
  0.192531E-02     0.171641E-02     0.158272E-02     0.139637E-02     0.167402E-02
  0.175856E-02     0.163832E-02     0.169997E-02     0.190716E-02     0.155081E-02
  0.175635E-02     0.174899E-02     0.197135E-02     0.197146E-02     0.195088E-02
  0.185508E-02     0.159214E-02     0.151379E-02     0.131426E-02     0.181055E-02
  0.145236E-02     0.162095E-02     0.171614E-02     0.150509E-02     0.217088E-02
  0.193569E-02     0.174211E-02     0.205117E-02     0.177120E-02     0.182090E-02
  0.278797E-02     0.172629E-02     0.175284E-02     0.235956E-02     0.262288E-02
  0.252155E-02     0.191502E-02     0.156183E-02     0.138503E-02     0.146730E-02
  0.167515E-02     0.207401E-02     0.201541E-02     0.195335E-02     0.185902E-02
  0.198970E-02     0.201620E-02     0.213472E-02     0.180597E-02     0.300830E-02
  0.217590E-02     0.186117E-02     0.239565E-02     0.176288E-02     0.169158E-02
  0.200189E-02     0.201846E-02     0.216849E-02     0.205524E-02     0.212843E-02
  0.209823E-02     0.202672E-02     0.264856E-02     0.218834E-02     0.316616E-02
  0.201931E-02     0.235100E-02     0.233463E-02     0.246850E-02     0.249394E-02
  0.239613E-02     0.185704E-02     0.157923E-02     0.320607E-02     0.139026E-02
  0.298719E-02     0.263522E-02     0.348486E-02     0.191164E-02     0.227836E-02
  0.174750E-02     0.247228E-02     0.188431E-02     0.190776E-02     0.333194E-02
  0.296256E-02     0.180501E-02     0.317440E-02     0.199515E-02     0.138390E-02
  0.246649E-02     0.181890E-02     0.239733E-02     0.234707E-02     0.220258E-02
  0.287582E-02     0.164370E-02     0.152252E-02     0.241255E-02     0.200502E-02
  0.202062E-02     0.178016E-02     0.162252E-02     0.219528E-02     0.180343E-02
  0.218384E-02     0.223836E-02     0.233097E-02     0.226194E-02     0.221163E-02
  0.214238E-02     0.189613E-02     0.398982E-02     0.231776E-02     0.233704E-02
  0.216397E-02     0.207047E-02     0.249213E-02     0.216754E-02     0.245448E-02
  0.142303E-02     0.408106E-02     0.266487E-02     0.252641E-02     0.281755E-02
  0.182811E-02     0.216171E-02     0.279185E-02     0.321064E-02     0.279857E-02
  0.216745E-02     0.182294E-02     0.170659E-02     0.150117E-02     0.196376E-02
  0.159481E-02     0.184719E-02     0.152948E-02     0.157401E-02     0.159657E-02
  0.175885E-02     0.173888E-02     0.184857E-02     0.196840E-02     0.146260E-02
  0.200001E-02     0.196459E-02     0.266295E-02     0.172839E-02     0.137898E-02
  0.143240E-02     0.128359E-02     0.464443E-02     0.227132E-02     0.249071E-02
  0.215075E-02     0.180372E-02     0.200176E-02     0.158469E-02     0.183950E-02
  0.184903E-02     0.241434E-02     0.134087E-02     0.157198E-02     0.236105E-02
  0.240067E-02     0.292118E-02     0.313344E-02     0.316424E-02     0.235215E-02
  0.202520E-02     0.197103E-02     0.246882E-02     0.202531E-02     0.250007E-02
  0.241635E-02     0.295886E-02     0.233242E-02     0.234664E-02     0.211790E-02
  0.162349E-02     0.254815E-02     0.213390E-02     0.271949E-02     0.252822E-02
  0.195842E-02     0.284594E-02     0.239301E-02     0.210049E-02     0.373842E-02
  0.567333E-02     0.407074E-02     0.990878E-02     0.859358E-02     0.830268E-02
  0.776837E-02     0.873773E-02     0.183942E-01     0.176478E-01     0.156891E-01
  0.127793E-01     0.254452E-01     0.224786E-01     0.238922E-01     0.265409E-01
  0.292658E-01     0.427933E-01     0.335712E-01     0.371557E-01     0.525313E-01
  0.455850E-01     0.609552E-01     0.699463E-01     0.756651E-01     0.713203E-01
  0.723655E-01     0.888848E-01     0.757123E-01     0.825096E-01     0.705817E-01
  0.803959E-01     0.870200E-01     0.892296E-01     0.112052E+00     0.839858E-01
  0.107253E+00     0.175209E+00     0.114913E+00     0.138304E+00     0.108318E+00
  0.119219E+00     0.156205E+00     0.138229E+00     0.167270E+00     0.242070E+00
  0.183363E+00     0.147647E+00     0.235337E+00     0.229836E+00     0.289659E+00
  0.255840E+00     0.194354E+00     0.275465E+00     0.307672E+00     0.305784E+00
  0.396917E+00     0.383693E+00     0.525841E+00
 eigen energies, in ev
    -44.600654       -44.494536       -44.449318       -44.280322       -44.146888
    -29.270510       -29.131445       -29.064736       -29.022998       -28.922334
    -28.731063       -28.693199       -28.654658       -28.630206       -28.628040
    -28.622894       -28.589380       -28.571721       -28.491766       -28.472383
    -28.445740       -28.438358       -28.427914       -28.419210       -28.414771
    -28.413536       -28.382558       -28.293906       -28.187328       -28.135794
    -28.133292       -28.087779       -28.077654       -28.067273       -28.062868
    -28.053368       -28.034477       -27.975413       -27.967307       -27.950026
    -27.940494       -27.890684       -27.849165       -27.763997       -27.756546
    -27.710703       -27.675618       -27.639733       -27.552335       -27.529382
    -27.505834       -27.496993       -27.490128       -27.435234       -27.425756
    -27.419621       -27.412228       -27.408611       -27.408002       -27.396049
    -27.377779       -27.345494       -27.280413       -27.253125       -27.245797
    -27.232509       -27.185040       -27.177577       -27.093530       -27.088502
    -27.082563       -27.078552       -26.948143       -26.932309       -26.882372
    -26.824814       -26.812224       -26.796905       -26.786147       -26.675322
    -26.673136       -26.662486       -26.622931       -26.605338       -26.603175
    -26.585298       -26.540045       -26.516912       -26.512940       -26.510670
    -26.496354       -26.459243       -26.445853       -26.368392       -26.308550
    -26.261369       -26.239486       -26.222924       -26.221068       -26.204249
    -26.202667       -26.196358       -26.181038       -26.170348       -26.153030
    -26.081269       -26.056079       -26.052006       -26.042750       -26.028444
    -26.007335       -26.006545       -25.989241       -25.988039       -25.963752
    -25.892206       -25.891240       -25.881101       -25.879342       -25.870354
    -25.866570       -25.837111       -25.795595       -25.766655       -25.580295
    -25.555082       -25.528247       -25.526479       -25.467444       -25.409412
    -25.356241       -25.347510       -25.269708       -25.231241       -25.216663
    -24.534580       -24.264938       -24.210387       -24.002938       -23.866941
    -23.772166       -23.762076       -23.695628       -23.628149       -23.580453
    -23.532200       -23.501249       -23.481424       -23.410012       -23.258428
    -23.144028       -23.137012       -23.101624       -23.068353       -23.067441
    -22.983357       -22.928556       -22.867049       -22.830076       -22.749272
    -22.669579       -22.540029       -22.390373       -22.257951       -22.212655
    -22.169535       -22.161736       -22.071926       -22.014693       -21.956853
    -21.821664       -21.815138       -21.713483       -21.712426       -21.497929
    -21.377616       -21.341171       -21.331040       -21.272923       -21.249235
    -21.207230       -21.177899       -21.172014       -21.135045       -21.077227
    -21.059191       -20.786638       -20.772987       -20.502947       -20.296105
    -18.960310       -18.610402       -18.405455       -18.227728       -18.214998
    -16.185575       -16.114209       -16.064281       -15.983010       -15.814222
    -15.733985       -15.722206       -15.698821       -15.661773       -15.533705
    -15.448176       -15.431999       -15.378995       -15.376710       -15.348163
    -15.294165       -15.234008       -15.175263       -15.153227       -15.122936
    -15.112032       -14.979593       -14.935983       -14.840292       -14.834338
    -14.793271       -14.780854       -14.712520       -14.651606       -14.553656
    -14.530793       -14.524740       -14.480277       -14.444686       -14.365861
    -14.354446       -14.273246       -14.261162       -14.179252       -14.109738
    -13.915979       -13.891406       -13.836069       -13.810165       -13.733933
    -13.711781       -13.698826       -13.695432       -13.584750       -13.567700
    -13.546767       -13.486242       -13.460426       -13.441714       -13.440972
    -13.382881       -13.360548       -13.337066       -13.332450       -13.302374
    -13.256925       -13.180090       -13.111111       -13.068425       -13.033243
    -12.984736       -12.955409       -12.933525       -12.927438       -12.780013
    -12.608705       -12.424722       -12.281804       -12.233405       -12.227035
    -12.191850       -12.135304       -12.111270       -12.011648       -12.003963
    -11.956547       -11.951508       -11.903554       -11.881179       -11.832791
    -11.811111       -11.786964       -11.779300       -11.749970       -11.724887
    -11.697083       -11.686454       -11.665639       -11.647390       -11.606575
    -11.563490       -11.526044       -11.448924       -11.396917       -11.393536
    -11.349742       -11.340329       -11.326847       -11.322480       -11.299719
    -11.292439       -11.286138       -11.261780       -11.224495       -11.195986
    -11.171168       -11.159930       -11.129997       -11.059367       -10.993757
    -10.926897       -10.899123       -10.879719       -10.857490       -10.761798
    -10.743603       -10.711085       -10.682436       -10.672354       -10.647239
    -10.630170       -10.621985       -10.573754       -10.559243       -10.549441
    -10.528783       -10.522706       -10.520157       -10.508444       -10.470722
    -10.468120       -10.453370       -10.446551       -10.435632       -10.431170
    -10.428294       -10.422099       -10.417129       -10.406475       -10.392143
    -10.388798       -10.381964       -10.315406       -10.309641       -10.296124
    -10.289101       -10.275155       -10.270293       -10.249212       -10.220466
    -10.217534       -10.196892       -10.192747       -10.186327       -10.155534
    -10.145282       -10.134635       -10.116291       -10.109142       -10.097720
    -10.093544       -10.090385       -10.074847       -10.069067       -10.054535
    -10.047461       -10.028563       -10.003306        -9.999138        -9.958047
     -9.953505        -9.947274        -9.940782        -9.928939        -9.912512
     -9.906729        -9.898467        -9.885365        -9.870503        -9.860304
     -9.857810        -9.837941        -9.827150        -9.822148        -9.788565
     -9.761484        -9.754930        -9.711156        -9.706242        -9.691247
     -9.685566        -9.671912        -9.662270        -9.655423        -9.636536
     -9.634251        -9.627149        -9.622038        -9.584987        -9.557589
     -9.546151        -9.535852        -9.528022        -9.518455        -9.499432
     -9.490420        -9.481006        -9.473985        -9.464221        -9.455283
     -9.438453        -9.437180        -9.416488        -9.397991        -9.384312
     -9.373797        -9.344736        -9.327114        -9.322764        -9.318028
     -9.279227        -9.259555        -9.244130        -9.238003        -9.228808
     -9.195983        -9.182446        -9.178720        -9.153754        -9.137301
     -9.115723        -9.104205        -9.086734        -9.066877        -9.064437
     -9.053089        -9.039461        -9.037803        -9.026088        -9.006559
     -8.994119        -8.986524        -8.980189        -8.974535        -8.943524
     -8.913549        -8.888889        -8.887595        -8.868989        -8.864406
     -8.861339        -8.835786        -8.819867        -8.812511        -8.808136
     -8.786410        -8.783432        -8.745504        -8.732931        -8.725967
     -8.704470        -8.680777        -8.667851        -8.638622        -8.632365
     -8.585731        -8.567220        -8.560215        -8.541156        -8.535381
     -8.523194        -8.485563        -8.484490        -8.442483        -8.433277
     -8.419444        -8.367624        -8.330906        -8.326739        -8.308095
     -8.280969        -8.256009        -8.243368        -8.240333        -8.189644
     -8.168596        -8.145436        -8.137125        -8.117861        -8.103286
     -8.060314        -8.057715        -7.998604        -7.977750        -7.947842
     -7.933806        -7.920318        -7.871662        -7.853778        -7.847267
     -7.828229        -7.819209        -7.802909        -7.798137        -7.765487
     -7.738250        -7.734371        -7.705427        -7.698542        -7.693073
     -7.670928        -7.657309        -7.637332        -7.619692        -7.591051
     -7.560653        -7.533317        -7.500006        -7.481168        -7.440109
     -7.432546        -7.422761        -7.417018        -7.390479        -7.378875
     -7.330457        -7.318246        -7.312240        -7.301360        -7.284864
     -7.268844        -7.258149        -7.254552        -7.191354        -7.186874
     -7.183519        -7.142028        -7.080272        -7.065032        -7.059478
     -7.046749        -7.030890        -7.011087        -6.999742        -6.991658
     -6.987213        -6.977882        -6.966206        -6.961813        -6.954278
     -6.934097        -6.923980        -6.897309        -6.887735        -6.862901
     -6.853627        -6.841919        -6.816420        -6.808151        -6.789802
     -6.776293        -6.771912        -6.768589        -6.765177        -6.748964
     -6.744311        -6.743231        -6.728010        -6.702895        -6.699279
     -6.691555        -6.666828        -6.644600        -6.639600        -6.631131
     -6.615411        -6.610531        -6.607539        -6.598885        -6.580789
     -6.569654        -6.551133        -6.516981        -6.511919        -6.494851
     -6.482114        -6.477693        -6.457297        -6.443345        -6.436584
     -6.432651        -6.425475        -6.413171        -6.406821        -6.394091
     -6.379260        -6.372201        -6.360420        -6.354553        -6.347395
     -6.343216        -6.327248        -6.324735        -6.302940        -6.297752
     -6.291785        -6.278952        -6.265434        -6.257178        -6.252173
     -6.231923        -6.227418        -6.211211        -6.204671        -6.200537
     -6.174635        -6.156355        -6.152331        -6.149956        -6.140576
     -6.134826        -6.130149        -6.119450        -6.110882        -6.097835
     -6.077203        -6.069022        -6.047096        -6.046481        -6.033976
     -6.020008        -6.017424        -6.013863        -5.999699        -5.998897
     -5.984382        -5.974257        -5.969045        -5.966095        -5.951131
     -5.948846        -5.940407        -5.933721        -5.924586        -5.910417
     -5.898118        -5.883911        -5.879134        -5.868848        -5.856581
     -5.853959        -5.848948        -5.843008        -5.835429        -5.829054
     -5.820612        -5.819556        -5.808603        -5.799724        -5.792262
     -5.782025        -5.777366        -5.775778        -5.763843        -5.752476
     -5.751813        -5.741011        -5.733969        -5.732986        -5.724634
     -5.723230        -5.714260        -5.708373        -5.707120        -5.694046
     -5.686685        -5.677464        -5.674569        -5.671886        -5.666136
     -5.646651        -5.645244        -5.626679        -5.623524        -5.611171
     -5.605253        -5.603541        -5.592856        -5.589413        -5.582724
     -5.573850        -5.573476        -5.561645        -5.546301        -5.540084
     -5.536111        -5.534001        -5.524803        -5.520322        -5.514213
     -5.498260        -5.484755        -5.481416        -5.477611        -5.471119
     -5.461508        -5.451357        -5.441426        -5.432567        -5.426560
     -5.416134        -5.408478        -5.402779        -5.397305        -5.394856
     -5.382958        -5.377523        -5.372024        -5.366295        -5.363813
     -5.347861        -5.336223        -5.327647        -5.324778        -5.320121
     -5.310998        -5.302983        -5.294075        -5.286759        -5.273458
     -5.261938        -5.253158        -5.249436        -5.246926        -5.237018
     -5.232247        -5.229732        -5.220832        -5.213364        -5.199427
     -5.190887        -5.189540        -5.183242        -5.174601        -5.170799
     -5.164134        -5.160514        -5.154274        -5.148844        -5.140867
     -5.138264        -5.134806        -5.128860        -5.125529        -5.117590
     -5.110139        -5.107634        -5.104312        -5.098309        -5.085078
     -5.072493        -5.069320        -5.065836        -5.061504        -5.058529
     -5.056628        -5.047245        -5.041857        -5.033977        -5.030468
     -5.022459        -5.017153        -5.003883        -4.994726        -4.980132
     -4.977830        -4.967565        -4.960683        -4.950380        -4.949722
     -4.934215        -4.924471        -4.920932        -4.919487        -4.911957
     -4.906248        -4.898764        -4.887982        -4.876490        -4.868508
     -4.864894        -4.855050        -4.844945        -4.837836        -4.835052
     -4.829534        -4.823060        -4.818825        -4.809924        -4.798059
     -4.792085        -4.785920        -4.776403        -4.773126        -4.760348
     -4.756994        -4.735617        -4.728649        -4.717925        -4.710960
     -4.696819        -4.681264        -4.664476        -4.659046        -4.650033
     -4.646166        -4.630131        -4.617475        -4.607502        -4.592725
     -4.586217        -4.572658        -4.569382        -4.556591        -4.546889
     -4.541085        -4.514598        -4.512861        -4.498331        -4.479302
     -4.458805        -4.444590        -4.435256        -4.418410        -4.402172
     -4.381729        -4.363089        -4.350436        -4.331215        -4.318438
     -4.292737        -4.280884        -4.254045        -4.249181        -4.222439
     -4.221076        -4.194821        -4.178486        -4.159370        -4.158567
     -4.150711        -4.141054        -4.125003        -4.116543        -4.086010
     -4.077981        -4.070784        -4.056789        -4.038309        -4.027452
     -3.983808        -3.959180        -3.939604        -3.935819        -3.903776
     -3.893565        -3.887869        -3.872863        -3.851507        -3.843134
     -3.808719        -3.790401        -3.780195        -3.764523        -3.728428
     -3.696538        -3.684889        -3.649313        -3.641054        -3.621685
     -3.609932        -3.546335        -3.522337        -3.516429        -3.471559
     -3.466658        -3.457447        -3.448815        -3.433721        -3.421795
     -3.412661        -3.406145        -3.396632        -3.387779        -3.356974
     -3.337270        -3.298022        -3.284444        -3.276599        -3.269787
     -3.228915        -3.184918        -3.180004        -3.179400        -3.154719
     -3.136479        -3.127109        -3.107569        -3.099930        -3.089926
     -3.082609        -3.078925        -3.061666        -3.002667        -2.989919
     -2.936389        -2.928754        -2.925302        -2.918702        -2.881446
     -2.866088        -2.863334        -2.846051        -2.845120        -2.824499
     -2.820241        -2.805888        -2.799607        -2.791989        -2.722891
     -2.712673        -2.702331        -2.686946        -2.683399        -2.674823
     -2.669110        -2.653904        -2.622820        -2.604084        -2.596771
     -2.588849        -2.580482        -2.565536        -2.558522        -2.546161
     -2.523196        -2.516743        -2.500603        -2.497248        -2.450670
     -2.424369        -2.419500        -2.372398        -2.367026        -2.355838
     -2.348570        -2.333588        -2.234882        -2.217061        -2.211460
     -2.173280        -2.165716        -2.145935        -2.100201        -2.075773
     -2.012182        -2.000173        -1.970175        -1.959552        -1.688151
      2.196037         2.365625         2.559502         2.757243         2.810832
      2.932286         3.034041         3.153978         3.298188         3.333924
      3.420497         3.443352         3.485581         3.512816         3.545894
      3.579703         3.664789         3.712677         3.752749         3.816291
      3.821304         3.927722         3.970331         4.009158         4.021334
      4.044962         4.069420         4.094910         4.118348         4.145768
      4.168077         4.195120         4.210768         4.226209         4.248263
      4.260898         4.276099         4.300190         4.330783         4.344599
      4.358383         4.401659         4.422816         4.425331         4.459231
      4.498578         4.532310         4.546455         4.568232         4.596419
      4.642560         4.680655         4.682531         4.718672         4.748130
      4.766342         4.803256         4.845682
 *********************************
 sum eigen(dbl occ, ryd)=  -1552.71413632771     
 *********************************
 Ef(eV)=   1.62763364688527     
 ***************************************************
 iter=          19
 ---------------------------------------------------
 dvE, dvE(n)-dvE(n-1) = 0.5933E-05 -.2888E-05
 dv_ave, drho_tot     = 0.2436E-02 0.6062E-03
 err of ug            = 0.1083E-03
 ---------------------------------------------------
 Ewald        = -.40302743199754E+05
 Alpha        = 0.15207970391171E+04
 E_extV       = 0.00000000000000E+00    0.0000E+00
 E_NSC        = -.21585466887648E+05    0.2476E+00
 E[-rho*V_Hxc]= -.12516967271222E+06    -.2299E+00
 E_Hxc        = 0.52639409742007E+05    -.1600E+00
 -TS          = -.15879553287748E-09    -.1153E-09
 E_tot(eV)    = -.13289767601849E+06    0.1774E-01
 ---------------------------------------------------
 E_ion,E_coul,E_xc =   -226343.7031010   81496.1970378  -28856.7872958
Ewald+Hart+ion    -0.1851502492630E+06
 ave(vtot)=ave_(V_xc)=: v0= -0.281901792516933     
 Eigen energies are values after setting ave_vtot=0
 ----------------------------------
 One SCF use:    85.9334578514099       s
 *********************************
 ****** kpt=           1
 err of each states, eV
  0.136116E-01     0.244827E-02     0.596570E-02     0.330173E-02     0.111341E-02
  0.513921E-03     0.640836E-03     0.550818E-03     0.785039E-03     0.140140E-02
  0.836700E-03     0.100575E-02     0.131449E-02     0.651680E-03     0.653710E-03
  0.701605E-03     0.663287E-03     0.533187E-03     0.103579E-02     0.113494E-02
  0.121820E-02     0.455158E-03     0.601255E-03     0.580767E-03     0.615274E-03
  0.456562E-03     0.519091E-03     0.113268E-02     0.177887E-02     0.456782E-03
  0.623856E-03     0.971104E-03     0.526685E-03     0.514018E-03     0.635292E-03
  0.885657E-03     0.524985E-03     0.169531E-02     0.579727E-03     0.562201E-03
  0.467339E-03     0.112187E-02     0.571689E-03     0.120729E-02     0.803605E-03
  0.454462E-03     0.446161E-03     0.788298E-03     0.108603E-02     0.461476E-03
  0.780109E-03     0.633491E-03     0.414868E-03     0.804027E-03     0.856886E-03
  0.590336E-03     0.639219E-03     0.735019E-03     0.478999E-03     0.779997E-03
  0.504318E-03     0.640931E-03     0.577733E-03     0.548003E-03     0.711028E-03
  0.766537E-03     0.451797E-03     0.559872E-03     0.107324E-02     0.784654E-03
  0.698731E-03     0.428735E-03     0.175183E-02     0.148350E-02     0.640380E-03
  0.372498E-03     0.541707E-03     0.771269E-03     0.613572E-03     0.727489E-03
  0.440498E-03     0.335640E-03     0.551713E-03     0.565708E-03     0.425666E-03
  0.418484E-03     0.504172E-03     0.107783E-02     0.585991E-03     0.484751E-03
  0.532088E-03     0.899039E-03     0.683658E-03     0.396930E-03     0.474147E-03
  0.428455E-03     0.939112E-03     0.731293E-03     0.104154E-02     0.439513E-03
  0.671005E-03     0.564466E-03     0.726973E-03     0.495936E-03     0.540997E-03
  0.502439E-03     0.567283E-03     0.975265E-03     0.430425E-03     0.832646E-03
  0.549099E-03     0.471453E-03     0.583543E-03     0.476254E-03     0.507097E-03
  0.514118E-03     0.791513E-03     0.526176E-03     0.497383E-03     0.549724E-03
  0.477062E-03     0.480699E-03     0.466351E-03     0.622713E-03     0.624874E-03
  0.849858E-03     0.820259E-03     0.480677E-03     0.548582E-03     0.443264E-03
  0.691698E-03     0.792413E-03     0.130707E-02     0.755474E-03     0.371466E-03
  0.154457E-02     0.689382E-03     0.852565E-03     0.500213E-03     0.114164E-02
  0.137093E-02     0.100176E-02     0.440429E-03     0.735014E-03     0.405890E-03
  0.179753E-02     0.119258E-02     0.453270E-03     0.487438E-03     0.865771E-03
  0.143003E-02     0.661998E-03     0.562421E-03     0.138572E-02     0.722822E-03
  0.833961E-03     0.429003E-03     0.637235E-03     0.416087E-03     0.107547E-02
  0.607536E-03     0.102743E-02     0.851797E-03     0.121107E-02     0.110141E-02
  0.910829E-03     0.487698E-03     0.451222E-03     0.978585E-03     0.525350E-03
  0.133109E-02     0.836245E-03     0.526440E-03     0.427580E-03     0.947907E-03
  0.590063E-03     0.179678E-02     0.429636E-03     0.850205E-03     0.702939E-03
  0.542792E-03     0.762705E-03     0.534715E-03     0.546890E-03     0.387582E-03
  0.330847E-03     0.426351E-03     0.350445E-03     0.454580E-03     0.479381E-03
  0.476579E-03     0.463935E-03     0.377073E-03     0.637644E-03     0.507626E-03
  0.101441E-02     0.648569E-03     0.782421E-03     0.720506E-03     0.440333E-03
  0.638120E-03     0.709621E-03     0.833549E-03     0.894669E-03     0.600924E-03
  0.874947E-03     0.810364E-03     0.117376E-02     0.111139E-02     0.918918E-03
  0.690201E-03     0.776870E-03     0.739737E-03     0.655533E-03     0.650570E-03
  0.739458E-03     0.931304E-03     0.788682E-03     0.669262E-03     0.947693E-03
  0.119454E-02     0.965338E-03     0.831352E-03     0.913155E-03     0.802219E-03
  0.519008E-03     0.957065E-03     0.681390E-03     0.704069E-03     0.619888E-03
  0.661418E-03     0.759751E-03     0.942912E-03     0.865355E-03     0.765573E-03
  0.103549E-02     0.121865E-02     0.113113E-02     0.670266E-03     0.824315E-03
  0.110573E-02     0.123897E-02     0.777400E-03     0.891486E-03     0.614644E-03
  0.117349E-02     0.684880E-03     0.119402E-02     0.120106E-02     0.883127E-03
  0.718540E-03     0.499527E-03     0.894245E-03     0.731125E-03     0.895176E-03
  0.658310E-03     0.115835E-02     0.751590E-03     0.894115E-03     0.939396E-03
  0.715368E-03     0.743920E-03     0.887180E-03     0.643022E-03     0.847344E-03
  0.941140E-03     0.136448E-02     0.903116E-03     0.998484E-03     0.852216E-03
  0.994019E-03     0.796083E-03     0.125676E-02     0.951257E-03     0.958156E-03
  0.871356E-03     0.100896E-02     0.116030E-02     0.105935E-02     0.845328E-03
  0.989063E-03     0.939355E-03     0.872142E-03     0.109753E-02     0.879498E-03
  0.107095E-02     0.106443E-02     0.988004E-03     0.926927E-03     0.700612E-03
  0.121286E-02     0.726812E-03     0.135865E-02     0.110782E-02     0.123138E-02
  0.984685E-03     0.122660E-02     0.102472E-02     0.112476E-02     0.112292E-02
  0.723081E-03     0.111099E-02     0.887324E-03     0.877061E-03     0.927648E-03
  0.119684E-02     0.158595E-02     0.131393E-02     0.117841E-02     0.130035E-02
  0.635895E-03     0.729036E-03     0.161391E-02     0.741371E-03     0.103832E-02
  0.181511E-02     0.167279E-02     0.149630E-02     0.107157E-02     0.916647E-03
  0.137135E-02     0.983640E-03     0.120280E-02     0.140067E-02     0.117673E-02
  0.101142E-02     0.142965E-02     0.128019E-02     0.178108E-02     0.129496E-02
  0.115646E-02     0.136866E-02     0.118127E-02     0.121397E-02     0.142579E-02
  0.128713E-02     0.100141E-02     0.121735E-02     0.114132E-02     0.122178E-02
  0.141978E-02     0.979603E-03     0.142668E-02     0.124145E-02     0.153585E-02
  0.144055E-02     0.123993E-02     0.144304E-02     0.181025E-02     0.951800E-03
  0.139157E-02     0.149993E-02     0.130427E-02     0.130957E-02     0.127558E-02
  0.160204E-02     0.150846E-02     0.972601E-03     0.115885E-02     0.988121E-03
  0.123459E-02     0.997251E-03     0.120438E-02     0.153278E-02     0.118667E-02
  0.909896E-03     0.896230E-03     0.127848E-02     0.136662E-02     0.130724E-02
  0.114066E-02     0.108670E-02     0.136979E-02     0.141699E-02     0.142172E-02
  0.125004E-02     0.117837E-02     0.136462E-02     0.130784E-02     0.130456E-02
  0.125964E-02     0.131880E-02     0.125649E-02     0.134446E-02     0.907410E-03
  0.159621E-02     0.100454E-02     0.154200E-02     0.139956E-02     0.139096E-02
  0.124103E-02     0.937626E-03     0.138812E-02     0.901641E-03     0.163514E-02
  0.163972E-02     0.150240E-02     0.145801E-02     0.133912E-02     0.135532E-02
  0.136238E-02     0.137394E-02     0.127691E-02     0.122465E-02     0.150111E-02
  0.128442E-02     0.124061E-02     0.117491E-02     0.158448E-02     0.106504E-02
  0.150700E-02     0.169869E-02     0.121687E-02     0.151563E-02     0.131495E-02
  0.121057E-02     0.140366E-02     0.207084E-02     0.160575E-02     0.850867E-03
  0.116342E-02     0.176141E-02     0.187770E-02     0.155689E-02     0.139292E-02
  0.125921E-02     0.161578E-02     0.148037E-02     0.144887E-02     0.146763E-02
  0.166715E-02     0.150369E-02     0.163936E-02     0.184187E-02     0.159418E-02
  0.134687E-02     0.149653E-02     0.129523E-02     0.129702E-02     0.123019E-02
  0.121833E-02     0.156085E-02     0.137962E-02     0.162574E-02     0.168146E-02
  0.149372E-02     0.139553E-02     0.165852E-02     0.121754E-02     0.150719E-02
  0.154432E-02     0.175458E-02     0.189962E-02     0.109075E-02     0.151166E-02
  0.103135E-02     0.136074E-02     0.196498E-02     0.147822E-02     0.202321E-02
  0.134944E-02     0.158342E-02     0.598238E-03     0.158020E-02     0.128393E-02
  0.142308E-02     0.113893E-02     0.223861E-02     0.115364E-02     0.107819E-02
  0.120364E-02     0.104769E-02     0.202397E-02     0.173786E-02     0.149905E-02
  0.959060E-03     0.990126E-03     0.161595E-02     0.138271E-02     0.106664E-02
  0.184874E-02     0.183585E-02     0.173350E-02     0.112764E-02     0.962451E-03
  0.137239E-02     0.218960E-02     0.141332E-02     0.155506E-02     0.140573E-02
  0.107295E-02     0.134504E-02     0.153285E-02     0.114797E-02     0.180268E-02
  0.118923E-02     0.104465E-02     0.117463E-02     0.941588E-03     0.957527E-03
  0.909606E-03     0.984852E-03     0.111525E-02     0.939413E-03     0.105781E-02
  0.124318E-02     0.102330E-02     0.141233E-02     0.955356E-03     0.123182E-02
  0.129875E-02     0.154726E-02     0.114378E-02     0.128579E-02     0.115558E-02
  0.135215E-02     0.215834E-02     0.204055E-02     0.136753E-02     0.101050E-02
  0.157788E-02     0.146675E-02     0.138700E-02     0.128284E-02     0.100173E-02
  0.137655E-02     0.963306E-03     0.116652E-02     0.164393E-02     0.103927E-02
  0.116784E-02     0.883464E-03     0.963493E-03     0.103400E-02     0.100274E-02
  0.116851E-02     0.106455E-02     0.146931E-02     0.178871E-02     0.980771E-03
  0.114474E-02     0.180138E-02     0.144523E-02     0.136058E-02     0.158395E-02
  0.122298E-02     0.107266E-02     0.115288E-02     0.134786E-02     0.131843E-02
  0.134365E-02     0.983526E-03     0.154099E-02     0.100107E-02     0.129664E-02
  0.150010E-02     0.112207E-02     0.143424E-02     0.100659E-02     0.987804E-03
  0.102158E-02     0.109827E-02     0.115514E-02     0.133030E-02     0.122066E-02
  0.129695E-02     0.148149E-02     0.121499E-02     0.133667E-02     0.156716E-02
  0.103831E-02     0.140735E-02     0.125573E-02     0.108874E-02     0.990067E-03
  0.122241E-02     0.923274E-03     0.139189E-02     0.115842E-02     0.130507E-02
  0.117185E-02     0.112138E-02     0.924124E-03     0.133323E-02     0.132868E-02
  0.137576E-02     0.112086E-02     0.118917E-02     0.986872E-03     0.114189E-02
  0.160244E-02     0.122939E-02     0.128630E-02     0.133373E-02     0.113164E-02
  0.115192E-02     0.124706E-02     0.111452E-02     0.135383E-02     0.119196E-02
  0.130687E-02     0.153765E-02     0.115573E-02     0.109551E-02     0.127268E-02
  0.106466E-02     0.130969E-02     0.136266E-02     0.124960E-02     0.147778E-02
  0.107414E-02     0.133985E-02     0.996984E-03     0.115761E-02     0.111509E-02
  0.131177E-02     0.124081E-02     0.144744E-02     0.125406E-02     0.122929E-02
  0.104962E-02     0.112984E-02     0.939869E-03     0.105680E-02     0.131041E-02
  0.119562E-02     0.140555E-02     0.121484E-02     0.121424E-02     0.123949E-02
  0.136361E-02     0.132407E-02     0.119151E-02     0.113077E-02     0.131254E-02
  0.131485E-02     0.106025E-02     0.109736E-02     0.132315E-02     0.136229E-02
  0.113691E-02     0.119775E-02     0.138066E-02     0.124256E-02     0.149926E-02
  0.142258E-02     0.127160E-02     0.111670E-02     0.125780E-02     0.133870E-02
  0.133557E-02     0.140811E-02     0.145225E-02     0.136611E-02     0.159091E-02
  0.133143E-02     0.123214E-02     0.137126E-02     0.122459E-02     0.135586E-02
  0.134501E-02     0.134136E-02     0.129494E-02     0.124598E-02     0.131332E-02
  0.122622E-02     0.125444E-02     0.138985E-02     0.137553E-02     0.136224E-02
  0.146216E-02     0.142167E-02     0.145755E-02     0.127277E-02     0.163712E-02
  0.141408E-02     0.154247E-02     0.141791E-02     0.125862E-02     0.144656E-02
  0.146145E-02     0.116721E-02     0.119585E-02     0.182813E-02     0.164522E-02
  0.150961E-02     0.150121E-02     0.158875E-02     0.188974E-02     0.153313E-02
  0.149900E-02     0.141983E-02     0.145728E-02     0.149100E-02     0.179461E-02
  0.158402E-02     0.173311E-02     0.177277E-02     0.162106E-02     0.170592E-02
  0.132006E-02     0.167143E-02     0.146406E-02     0.148907E-02     0.151712E-02
  0.164547E-02     0.144606E-02     0.139311E-02     0.175453E-02     0.158219E-02
  0.151483E-02     0.152726E-02     0.140272E-02     0.144188E-02     0.145455E-02
  0.157837E-02     0.137435E-02     0.148974E-02     0.155642E-02     0.137568E-02
  0.145995E-02     0.165928E-02     0.139394E-02     0.157168E-02     0.150434E-02
  0.134592E-02     0.127011E-02     0.187903E-02     0.207162E-02     0.174212E-02
  0.121566E-02     0.164028E-02     0.115706E-02     0.147371E-02     0.153362E-02
  0.116154E-02     0.132266E-02     0.169151E-02     0.138857E-02     0.121017E-02
  0.169495E-02     0.166180E-02     0.171477E-02     0.173159E-02     0.170952E-02
  0.161243E-02     0.154203E-02     0.173388E-02     0.147464E-02     0.156980E-02
  0.139879E-02     0.153611E-02     0.161162E-02     0.151331E-02     0.150309E-02
  0.165095E-02     0.161015E-02     0.161442E-02     0.153584E-02     0.163790E-02
  0.210784E-02     0.165042E-02     0.175813E-02     0.180308E-02     0.177258E-02
  0.161074E-02     0.164654E-02     0.191266E-02     0.182203E-02     0.146841E-02
  0.176444E-02     0.186509E-02     0.174400E-02     0.182892E-02     0.198907E-02
  0.134996E-02     0.124636E-02     0.145348E-02     0.130434E-02     0.151239E-02
  0.143408E-02     0.169598E-02     0.172527E-02     0.141870E-02     0.146874E-02
  0.168566E-02     0.148112E-02     0.136416E-02     0.169470E-02     0.142390E-02
  0.134588E-02     0.180134E-02     0.179656E-02     0.146827E-02     0.150539E-02
  0.153726E-02     0.151783E-02     0.139932E-02     0.149654E-02     0.177481E-02
  0.159275E-02     0.170815E-02     0.163615E-02     0.150673E-02     0.138431E-02
  0.158454E-02     0.142587E-02     0.236226E-02     0.142029E-02     0.127657E-02
  0.183725E-02     0.175990E-02     0.235221E-02     0.203719E-02     0.188548E-02
  0.130645E-02     0.136464E-02     0.211687E-02     0.118436E-02     0.163619E-02
  0.145526E-02     0.158601E-02     0.149615E-02     0.164427E-02     0.165852E-02
  0.182353E-02     0.188138E-02     0.180284E-02     0.169733E-02     0.172558E-02
  0.170004E-02     0.164507E-02     0.161273E-02     0.200210E-02     0.167070E-02
  0.171818E-02     0.161891E-02     0.184360E-02     0.146445E-02     0.157973E-02
  0.168366E-02     0.188311E-02     0.224383E-02     0.114407E-02     0.219381E-02
  0.170554E-02     0.167733E-02     0.237780E-02     0.195566E-02     0.187380E-02
  0.265663E-02     0.202828E-02     0.132236E-02     0.132495E-02     0.244636E-02
  0.316543E-02     0.245022E-02     0.151977E-02     0.152673E-02     0.151022E-02
  0.144420E-02     0.250907E-02     0.158762E-02     0.190852E-02     0.341936E-02
  0.162536E-02     0.177692E-02     0.193757E-02     0.126608E-02     0.145083E-02
  0.159162E-02     0.239173E-02     0.240194E-02     0.178843E-02     0.161345E-02
  0.194508E-02     0.178241E-02     0.189244E-02     0.150472E-02     0.263968E-02
  0.208415E-02     0.146675E-02     0.223315E-02     0.209845E-02     0.153732E-02
  0.187578E-02     0.215621E-02     0.215466E-02     0.188609E-02     0.196143E-02
  0.174357E-02     0.165148E-02     0.338950E-02     0.172512E-02     0.151901E-02
  0.165630E-02     0.201771E-02     0.150206E-02     0.179436E-02     0.190315E-02
  0.185265E-02     0.140846E-02     0.399986E-02     0.233283E-02     0.129357E-02
  0.181829E-02     0.177406E-02     0.175241E-02     0.238651E-02     0.309001E-02
  0.204871E-02     0.189933E-02     0.183579E-02     0.194307E-02     0.145693E-02
  0.233542E-02     0.217278E-02     0.158277E-02     0.161159E-02     0.114131E-02
  0.211125E-02     0.224205E-02     0.175883E-02     0.271101E-02     0.169436E-02
  0.126725E-02     0.120375E-02     0.151144E-02     0.142059E-02     0.165977E-02
  0.161651E-02     0.152641E-02     0.106742E-02     0.364987E-02     0.180930E-02
  0.204179E-02     0.253559E-02     0.157678E-02     0.186703E-02     0.195619E-02
  0.218814E-02     0.181948E-02     0.240547E-02     0.190690E-02     0.158783E-02
  0.324282E-02     0.323104E-02     0.174850E-02     0.161217E-02     0.171969E-02
  0.165096E-02     0.140581E-02     0.186499E-02     0.144232E-02     0.145062E-02
  0.216878E-02     0.157346E-02     0.223770E-02     0.243219E-02     0.264689E-02
  0.257334E-02     0.255623E-02     0.266664E-02     0.170010E-02     0.153252E-02
  0.203735E-02     0.178333E-02     0.152721E-02     0.115826E-02     0.196175E-02
  0.421943E-02     0.298526E-02     0.779506E-02     0.951940E-02     0.500814E-02
  0.468642E-02     0.659122E-02     0.128966E-01     0.149259E-01     0.129198E-01
  0.756842E-02     0.215144E-01     0.194203E-01     0.205005E-01     0.210097E-01
  0.233571E-01     0.371996E-01     0.233455E-01     0.308801E-01     0.438561E-01
  0.356329E-01     0.440836E-01     0.593500E-01     0.546262E-01     0.524866E-01
  0.634701E-01     0.578623E-01     0.612767E-01     0.710969E-01     0.570091E-01
  0.578511E-01     0.662927E-01     0.897876E-01     0.730934E-01     0.121725E+00
  0.770770E-01     0.971908E-01     0.771832E-01     0.114772E+00     0.889147E-01
  0.108029E+00     0.118816E+00     0.106500E+00     0.135755E+00     0.189179E+00
  0.136949E+00     0.152424E+00     0.235651E+00     0.219919E+00     0.138050E+00
  0.252269E+00     0.221649E+00     0.204797E+00     0.262626E+00     0.282859E+00
  0.265461E+00     0.253986E+00     0.377170E+00
 eigen energies, in ev
    -44.591539       -44.466104       -44.456707       -44.243628       -44.181199
    -29.265099       -29.120055       -29.037341       -29.005375       -28.951191
    -28.686414       -28.674950       -28.650644       -28.645575       -28.622868
    -28.615160       -28.601539       -28.577599       -28.499156       -28.475508
    -28.457933       -28.453524       -28.433176       -28.427488       -28.407172
    -28.380174       -28.368735       -28.345421       -28.223476       -28.141375
    -28.106493       -28.104270       -28.095418       -28.054083       -28.053724
    -28.044259       -28.007780       -28.002147       -27.983423       -27.948958
    -27.942776       -27.900653       -27.864067       -27.814285       -27.779144
    -27.693144       -27.690681       -27.640667       -27.546706       -27.528115
    -27.518960       -27.496430       -27.493041       -27.461870       -27.458919
    -27.450511       -27.410173       -27.404542       -27.393763       -27.362222
    -27.348605       -27.346524       -27.277161       -27.253837       -27.237120
    -27.236896       -27.175599       -27.167192       -27.122343       -27.110019
    -27.081793       -27.051932       -26.923751       -26.918980       -26.857257
    -26.839084       -26.811161       -26.786637       -26.743770       -26.707818
    -26.647429       -26.626832       -26.610056       -26.595621       -26.585256
    -26.572604       -26.564897       -26.543983       -26.535389       -26.496949
    -26.468820       -26.453196       -26.445397       -26.347331       -26.313919
    -26.295638       -26.251770       -26.233504       -26.222266       -26.221360
    -26.213376       -26.209086       -26.182907       -26.174895       -26.172089
    -26.132961       -26.068957       -26.057970       -26.044208       -26.043124
    -26.026927       -26.023562       -26.016630       -25.979547       -25.942254
    -25.923283       -25.923137       -25.896841       -25.859177       -25.856994
    -25.837586       -25.833958       -25.830142       -25.813206       -25.591782
    -25.573968       -25.552876       -25.530414       -25.468466       -25.429894
    -25.402065       -25.396707       -25.297755       -25.259613       -25.223246
    -24.514479       -24.255290       -24.211344       -23.949612       -23.906592
    -23.767368       -23.754639       -23.662322       -23.590436       -23.571089
    -23.520376       -23.449065       -23.444292       -23.443603       -23.243371
    -23.136916       -23.135422       -23.067351       -23.047746       -23.024337
    -22.957916       -22.948521       -22.854209       -22.826810       -22.782652
    -22.649991       -22.597145       -22.364689       -22.283858       -22.193296
    -22.164266       -22.129496       -22.116794       -22.029333       -21.964465
    -21.855371       -21.817718       -21.712594       -21.661859       -21.477940
    -21.380114       -21.376041       -21.300515       -21.273517       -21.234307
    -21.170908       -21.158843       -21.130517       -21.115543       -21.049866
    -21.040642       -20.764462       -20.751777       -20.463931       -20.277326
    -18.916918       -18.552806       -18.369421       -18.215589       -18.187086
    -16.147907       -16.144702       -16.023850       -15.979037       -15.843321
    -15.753779       -15.739193       -15.678103       -15.660906       -15.515173
    -15.436689       -15.431967       -15.412146       -15.341260       -15.334494
    -15.296113       -15.287499       -15.196959       -15.192918       -15.124559
    -15.097369       -14.982555       -14.931935       -14.873312       -14.803729
    -14.770896       -14.764966       -14.695326       -14.672734       -14.585758
    -14.548152       -14.541778       -14.457292       -14.428322       -14.368539
    -14.366307       -14.286451       -14.269399       -14.232128       -14.151784
    -13.888180       -13.853861       -13.838427       -13.781344       -13.694095
    -13.687765       -13.676627       -13.667014       -13.594980       -13.584477
    -13.528496       -13.465938       -13.463113       -13.435978       -13.406491
    -13.390677       -13.372380       -13.334142       -13.321151       -13.317894
    -13.229994       -13.174355       -13.126722       -13.091401       -13.058564
    -12.995559       -12.980632       -12.971180       -12.920709       -12.785269
    -12.602912       -12.388648       -12.268350       -12.241799       -12.216770
    -12.210639       -12.125199       -12.078186       -12.033401       -12.002761
    -11.972275       -11.962366       -11.912540       -11.862962       -11.856797
    -11.806949       -11.772661       -11.755019       -11.751563       -11.750926
    -11.742883       -11.695532       -11.674828       -11.649738       -11.562108
    -11.537606       -11.508810       -11.456416       -11.424566       -11.390419
    -11.380650       -11.366346       -11.344679       -11.322462       -11.315002
    -11.296486       -11.282604       -11.276323       -11.254099       -11.224407
    -11.157660       -11.135444       -11.110414       -11.048890       -10.984607
    -10.891116       -10.890165       -10.844799       -10.831158       -10.761605
    -10.715777       -10.695903       -10.693105       -10.654524       -10.644734
    -10.614386       -10.603708       -10.593417       -10.562251       -10.548408
    -10.536438       -10.524168       -10.513989       -10.506702       -10.465144
    -10.461528       -10.460047       -10.451743       -10.431380       -10.424097
    -10.422245       -10.418527       -10.414917       -10.405311       -10.398272
    -10.367505       -10.347784       -10.326489       -10.324123       -10.302139
    -10.298170       -10.288932       -10.261299       -10.243713       -10.239308
    -10.223136       -10.205868       -10.186772       -10.183368       -10.163432
    -10.150152       -10.146347       -10.137473       -10.126594       -10.099935
    -10.093963       -10.072171       -10.069444       -10.059557       -10.057925
    -10.047450       -10.045163       -10.040843        -9.982453        -9.979071
     -9.974789        -9.964778        -9.952053        -9.939301        -9.937043
     -9.930435        -9.921754        -9.918532        -9.880944        -9.876198
     -9.873068        -9.869345        -9.857184        -9.836857        -9.791171
     -9.781234        -9.748462        -9.729407        -9.718757        -9.687491
     -9.676131        -9.666306        -9.663851        -9.661500        -9.639209
     -9.635212        -9.628889        -9.622830        -9.579578        -9.575869
     -9.539739        -9.530877        -9.515501        -9.514242        -9.510286
     -9.501650        -9.494950        -9.488927        -9.476461        -9.472338
     -9.439734        -9.421272        -9.418666        -9.404030        -9.370603
     -9.364863        -9.343870        -9.332593        -9.326111        -9.296074
     -9.286988        -9.260245        -9.256680        -9.248423        -9.224399
     -9.203724        -9.186753        -9.169829        -9.148167        -9.126820
     -9.119984        -9.109463        -9.096172        -9.083547        -9.059509
     -9.048597        -9.038316        -9.032768        -9.013746        -9.013072
     -9.003607        -8.999192        -8.987547        -8.978561        -8.964478
     -8.949448        -8.912851        -8.897368        -8.892692        -8.874419
     -8.848706        -8.847050        -8.835326        -8.812093        -8.802742
     -8.794364        -8.781846        -8.776935        -8.756402        -8.750726
     -8.712983        -8.705791        -8.665237        -8.617712        -8.612212
     -8.586363        -8.562401        -8.553372        -8.528878        -8.513807
     -8.491057        -8.489960        -8.470131        -8.461919        -8.424849
     -8.381740        -8.374068        -8.360367        -8.340425        -8.296765
     -8.294033        -8.279977        -8.252611        -8.220270        -8.209564
     -8.165395        -8.161248        -8.137636        -8.117913        -8.098226
     -8.095370        -8.053463        -8.033359        -7.967780        -7.927699
     -7.925013        -7.918677        -7.862514        -7.844044        -7.833776
     -7.822388        -7.814686        -7.786441        -7.762630        -7.740384
     -7.718871        -7.711342        -7.709803        -7.682752        -7.669452
     -7.664486        -7.644972        -7.639959        -7.597124        -7.571801
     -7.541206        -7.525685        -7.513398        -7.468817        -7.422930
     -7.407008        -7.404392        -7.394614        -7.383711        -7.349942
     -7.348836        -7.291290        -7.287578        -7.284327        -7.256742
     -7.246859        -7.219055        -7.212758        -7.210727        -7.201289
     -7.174704        -7.166990        -7.090640        -7.078118        -7.048217
     -7.039786        -7.025634        -7.014421        -7.000780        -6.992834
     -6.987935        -6.983418        -6.967097        -6.950164        -6.944462
     -6.936397        -6.927436        -6.886585        -6.884140        -6.874320
     -6.854005        -6.838504        -6.829530        -6.804035        -6.799715
     -6.789919        -6.782877        -6.773283        -6.764740        -6.756832
     -6.750020        -6.744148        -6.727300        -6.706709        -6.698543
     -6.686926        -6.672837        -6.653547        -6.647127        -6.620270
     -6.618551        -6.613817        -6.599370        -6.590015        -6.565550
     -6.561682        -6.548886        -6.523051        -6.515042        -6.507369
     -6.502750        -6.472098        -6.469809        -6.453094        -6.435034
     -6.428632        -6.424174        -6.415937        -6.409271        -6.394068
     -6.380789        -6.371497        -6.370129        -6.358901        -6.348361
     -6.343808        -6.333474        -6.329541        -6.304293        -6.295982
     -6.279581        -6.273554        -6.270534        -6.250374        -6.239715
     -6.228711        -6.214451        -6.201771        -6.196013        -6.184703
     -6.180599        -6.177992        -6.149991        -6.137519        -6.115121
     -6.109205        -6.105726        -6.097286        -6.082325        -6.074748
     -6.069663        -6.060819        -6.052825        -6.033065        -6.026919
     -6.013791        -6.012455        -6.007554        -5.996248        -5.987402
     -5.978460        -5.972842        -5.970521        -5.965019        -5.950492
     -5.949713        -5.935339        -5.926164        -5.919456        -5.913539
     -5.901959        -5.895993        -5.888286        -5.883848        -5.872128
     -5.865370        -5.855981        -5.846595        -5.842412        -5.832519
     -5.824114        -5.817203        -5.798624        -5.797144        -5.792226
     -5.782038        -5.773751        -5.765248        -5.756200        -5.755301
     -5.749323        -5.742238        -5.735531        -5.731340        -5.729500
     -5.722905        -5.716231        -5.713077        -5.700811        -5.689989
     -5.688172        -5.678141        -5.675845        -5.668525        -5.659897
     -5.648252        -5.638738        -5.634034        -5.619047        -5.607801
     -5.606886        -5.594549        -5.585261        -5.581801        -5.578656
     -5.566606        -5.565520        -5.558579        -5.550123        -5.548358
     -5.532691        -5.525092        -5.518785        -5.514230        -5.509795
     -5.500832        -5.498829        -5.494951        -5.488326        -5.468013
     -5.460694        -5.452399        -5.449124        -5.435313        -5.432896
     -5.428483        -5.423955        -5.412131        -5.406477        -5.401002
     -5.393972        -5.384436        -5.371950        -5.368801        -5.361331
     -5.355313        -5.337183        -5.331120        -5.322952        -5.315212
     -5.311719        -5.305347        -5.295157        -5.291189        -5.276033
     -5.274218        -5.261678        -5.254685        -5.250534        -5.238619
     -5.234900        -5.228306        -5.223799        -5.214667        -5.212003
     -5.206511        -5.195873        -5.184828        -5.179929        -5.176216
     -5.173022        -5.166147        -5.164081        -5.155321        -5.146042
     -5.138172        -5.135537        -5.130348        -5.125993        -5.121487
     -5.112680        -5.110543        -5.098612        -5.093515        -5.086644
     -5.080503        -5.078241        -5.075339        -5.069134        -5.063101
     -5.060260        -5.053481        -5.049629        -5.040504        -5.035445
     -5.027571        -5.020138        -5.008688        -4.992976        -4.988670
     -4.984845        -4.973942        -4.965451        -4.959838        -4.949462
     -4.941083        -4.938212        -4.934950        -4.928100        -4.920639
     -4.907182        -4.889762        -4.889041        -4.877017        -4.871665
     -4.862315        -4.855451        -4.848341        -4.844338        -4.843070
     -4.835753        -4.831106        -4.829674        -4.820089        -4.816251
     -4.807662        -4.792859        -4.786411        -4.771130        -4.763444
     -4.757157        -4.752620        -4.741939        -4.733546        -4.722938
     -4.695374        -4.693111        -4.679388        -4.672179        -4.638260
     -4.629676        -4.619199        -4.615947        -4.605418        -4.591813
     -4.583487        -4.581322        -4.568922        -4.551335        -4.541594
     -4.531207        -4.509375        -4.506980        -4.489041        -4.482664
     -4.466956        -4.434502        -4.419764        -4.415469        -4.405675
     -4.364390        -4.356512        -4.341287        -4.335741        -4.316744
     -4.301717        -4.282035        -4.251593        -4.240955        -4.205924
     -4.199752        -4.194616        -4.172773        -4.165306        -4.154918
     -4.136863        -4.127770        -4.120813        -4.117656        -4.097528
     -4.084231        -4.069356        -4.044011        -4.028884        -4.021123
     -3.969151        -3.945174        -3.940579        -3.926937        -3.909820
     -3.897440        -3.881917        -3.858174        -3.838257        -3.826390
     -3.787093        -3.774940        -3.769700        -3.733437        -3.727676
     -3.695635        -3.684001        -3.679271        -3.632060        -3.619405
     -3.615496        -3.540031        -3.514716        -3.507631        -3.471672
     -3.456434        -3.447015        -3.439597        -3.428973        -3.420355
     -3.413960        -3.408351        -3.388150        -3.363163        -3.328550
     -3.313913        -3.308473        -3.286188        -3.248957        -3.236505
     -3.207265        -3.190510        -3.178592        -3.165253        -3.136615
     -3.126085        -3.115352        -3.110335        -3.108062        -3.098011
     -3.074198        -3.065537        -3.060881        -2.989755        -2.977376
     -2.968576        -2.961204        -2.932101        -2.911086        -2.891344
     -2.860768        -2.859018        -2.839110        -2.835657        -2.825916
     -2.819423        -2.813229        -2.811133        -2.791081        -2.753702
     -2.714036        -2.712685        -2.698662        -2.692293        -2.661542
     -2.655569        -2.646147        -2.635600        -2.612090        -2.610729
     -2.601000        -2.593988        -2.571006        -2.556882        -2.551062
     -2.534996        -2.526174        -2.501322        -2.482035        -2.438562
     -2.416216        -2.397342        -2.365452        -2.346286        -2.330069
     -2.326056        -2.294775        -2.255284        -2.249209        -2.202455
     -2.195700        -2.165486        -2.132277        -2.083059        -2.050503
     -1.991352        -1.969802        -1.954001        -1.948414        -1.662922
      2.221634         2.388798         2.565563         2.723242         2.816982
      2.946901         3.051308         3.187994         3.325030         3.350617
      3.388402         3.452138         3.493368         3.521699         3.565571
      3.598838         3.662285         3.726486         3.755641         3.826670
      3.828847         3.918502         3.971000         4.009772         4.019910
      4.043280         4.063287         4.099573         4.117567         4.151550
      4.172565         4.203460         4.213757         4.233217         4.256611
      4.265605         4.278366         4.299791         4.335565         4.354684
      4.360114         4.398765         4.421285         4.431658         4.454875
      4.508277         4.535971         4.538756         4.574240         4.606654
      4.633706         4.681850         4.692231         4.717811         4.746911
      4.760108         4.796479         4.828467
 *********************************
 sum eigen(dbl occ, ryd)=  -1552.61389668481     
 *********************************
 Ef(eV)=   1.68012802763812     
 ***************************************************
 iter=          20
 ---------------------------------------------------
 dvE, dvE(n)-dvE(n-1) = 0.5723E-05 -.2101E-06
 dv_ave, drho_tot     = 0.2392E-02 0.4541E-03
 err of ug            = 0.9518E-04
 ---------------------------------------------------
 Ewald        = -.40302743199754E+05
 Alpha        = 0.15207970391171E+04
 E_extV       = 0.00000000000000E+00    0.0000E+00
 E_NSC        = -.21584576512196E+05    0.8904E+00
 E[-rho*V_Hxc]= -.12517139215684E+06    -.8783E+00
 E_Hxc        = 0.52640250915118E+05    0.8412E+00
 -TS          = -.44465307440510E-09    -.2859E-09
 E_tot(eV)    = -.13289766391456E+06    0.1210E-01
 ---------------------------------------------------
 E_ion,E_coul,E_xc =   -226344.7384678   81497.0899435  -28856.8390284
Ewald+Hart+ion    -0.1851503917241E+06
 ave(vtot)=ave_(V_xc)=: v0= -0.281990813023167     
 Eigen energies are values after setting ave_vtot=0
 ----------------------------------
 One SCF use:    85.9578080177307       s
 *********************************
 ****** kpt=           1
 err of each states, eV
  0.314242E-02     0.241520E-02     0.985906E-03     0.592141E-03     0.120573E-02
  0.392128E-03     0.423777E-03     0.775881E-03     0.490386E-03     0.119011E-02
  0.882062E-03     0.950767E-03     0.481210E-03     0.855782E-03     0.474963E-03
  0.952725E-03     0.432088E-03     0.576997E-03     0.686573E-03     0.140985E-02
  0.423224E-03     0.660119E-03     0.576457E-03     0.485138E-03     0.583516E-03
  0.106364E-02     0.469486E-03     0.394671E-03     0.867718E-03     0.436751E-03
  0.882614E-03     0.106331E-02     0.159474E-02     0.445407E-03     0.896889E-03
  0.261902E-02     0.402185E-03     0.545527E-03     0.110615E-02     0.553439E-03
  0.103263E-02     0.467793E-03     0.134609E-02     0.965920E-03     0.104693E-02
  0.373337E-03     0.466497E-03     0.646640E-03     0.747270E-03     0.713375E-03
  0.504091E-03     0.551399E-03     0.405153E-03     0.930141E-03     0.108501E-02
  0.110771E-02     0.556850E-03     0.420444E-03     0.792593E-03     0.676030E-03
  0.423494E-03     0.479874E-03     0.518808E-03     0.443621E-03     0.426673E-03
  0.592597E-03     0.425365E-03     0.103145E-02     0.139687E-02     0.802905E-03
  0.832753E-03     0.137001E-02     0.568450E-02     0.141383E-02     0.105383E-02
  0.149423E-02     0.365749E-03     0.529667E-03     0.527897E-03     0.743594E-03
  0.498801E-03     0.538413E-03     0.369243E-03     0.133291E-02     0.470173E-03
  0.424718E-03     0.846761E-03     0.579754E-03     0.399610E-03     0.419521E-03
  0.304847E-03     0.653578E-03     0.459100E-03     0.451241E-03     0.413216E-03
  0.371461E-03     0.527830E-03     0.708519E-03     0.781204E-03     0.563612E-03
  0.535920E-03     0.469436E-03     0.412619E-03     0.700144E-03     0.546843E-03
  0.895400E-03     0.777352E-03     0.631758E-03     0.657793E-03     0.428127E-03
  0.324476E-03     0.493930E-03     0.792347E-03     0.332768E-03     0.639290E-03
  0.363453E-03     0.726915E-03     0.428512E-03     0.577293E-03     0.553375E-03
  0.593024E-03     0.726641E-03     0.358883E-03     0.110304E-02     0.795153E-03
  0.962680E-03     0.788868E-03     0.500295E-03     0.607274E-03     0.428985E-03
  0.927080E-03     0.780547E-03     0.141430E-02     0.736198E-03     0.310333E-03
  0.112912E-02     0.841729E-03     0.556659E-03     0.106128E-02     0.384339E-03
  0.197164E-02     0.104200E-02     0.334927E-03     0.349352E-03     0.445316E-03
  0.155977E-02     0.481031E-02     0.371189E-03     0.686627E-03     0.927588E-03
  0.387121E-03     0.127007E-02     0.363074E-03     0.811688E-03     0.611609E-03
  0.713473E-03     0.212976E-02     0.616212E-03     0.489759E-03     0.116091E-02
  0.974209E-03     0.345925E-03     0.547120E-03     0.525174E-03     0.642315E-03
  0.381675E-03     0.679716E-03     0.130392E-02     0.564310E-03     0.339279E-03
  0.121084E-02     0.469497E-03     0.575319E-03     0.357893E-03     0.397815E-03
  0.778704E-03     0.659362E-03     0.377367E-03     0.156496E-02     0.965919E-03
  0.526807E-03     0.499683E-03     0.579090E-03     0.299060E-03     0.347729E-03
  0.497326E-03     0.311834E-03     0.375453E-03     0.105119E-02     0.421887E-03
  0.139439E-02     0.883696E-03     0.467975E-03     0.412038E-03     0.639486E-03
  0.399928E-03     0.560691E-03     0.476851E-03     0.623534E-03     0.386396E-03
  0.474069E-03     0.509937E-03     0.481930E-03     0.465927E-03     0.425025E-03
  0.498602E-03     0.998704E-03     0.502596E-03     0.572516E-03     0.570447E-03
  0.475731E-03     0.502476E-03     0.330107E-03     0.509538E-03     0.563908E-03
  0.506046E-03     0.514043E-03     0.583867E-03     0.521850E-03     0.479590E-03
  0.645723E-03     0.548595E-03     0.570372E-03     0.416376E-03     0.406351E-03
  0.596797E-03     0.549393E-03     0.548402E-03     0.473050E-03     0.383670E-03
  0.515752E-03     0.533451E-03     0.548233E-03     0.663365E-03     0.400967E-03
  0.542215E-03     0.605670E-03     0.586846E-03     0.615178E-03     0.696943E-03
  0.582896E-03     0.509517E-03     0.866059E-03     0.442085E-03     0.468055E-03
  0.704266E-03     0.495037E-03     0.630576E-03     0.554429E-03     0.479613E-03
  0.363722E-03     0.303589E-03     0.624422E-03     0.557152E-03     0.525919E-03
  0.474207E-03     0.546630E-03     0.477462E-03     0.491539E-03     0.517749E-03
  0.520103E-03     0.524398E-03     0.636466E-03     0.395081E-03     0.511377E-03
  0.727552E-03     0.608943E-03     0.617743E-03     0.632787E-03     0.666351E-03
  0.705485E-03     0.470494E-03     0.920619E-03     0.706265E-03     0.551338E-03
  0.602987E-03     0.648252E-03     0.556146E-03     0.553899E-03     0.749229E-03
  0.636119E-03     0.554729E-03     0.559940E-03     0.612968E-03     0.693953E-03
  0.597496E-03     0.766784E-03     0.713643E-03     0.514452E-03     0.626451E-03
  0.603405E-03     0.510666E-03     0.764691E-03     0.641240E-03     0.726467E-03
  0.732733E-03     0.731652E-03     0.738966E-03     0.603403E-03     0.611269E-03
  0.595140E-03     0.575684E-03     0.630821E-03     0.584434E-03     0.573022E-03
  0.692781E-03     0.640887E-03     0.680930E-03     0.535984E-03     0.998179E-03
  0.512999E-03     0.531451E-03     0.810858E-03     0.512620E-03     0.737645E-03
  0.788678E-03     0.109245E-02     0.128552E-02     0.773146E-03     0.695430E-03
  0.682972E-03     0.776921E-03     0.793515E-03     0.112960E-02     0.816328E-03
  0.792480E-03     0.946147E-03     0.891564E-03     0.102407E-02     0.714110E-03
  0.820327E-03     0.818977E-03     0.789118E-03     0.724665E-03     0.808630E-03
  0.769915E-03     0.846970E-03     0.119133E-02     0.622934E-03     0.595823E-03
  0.716929E-03     0.766667E-03     0.842329E-03     0.637155E-03     0.890562E-03
  0.741811E-03     0.649760E-03     0.636239E-03     0.780642E-03     0.883289E-03
  0.821860E-03     0.864171E-03     0.803824E-03     0.757804E-03     0.786163E-03
  0.801967E-03     0.862534E-03     0.977602E-03     0.782190E-03     0.897506E-03
  0.735020E-03     0.762211E-03     0.507087E-03     0.826000E-03     0.727225E-03
  0.625758E-03     0.801034E-03     0.631240E-03     0.868934E-03     0.740680E-03
  0.696563E-03     0.821796E-03     0.985603E-03     0.845371E-03     0.770693E-03
  0.953945E-03     0.761527E-03     0.844331E-03     0.795690E-03     0.907935E-03
  0.950134E-03     0.734384E-03     0.962009E-03     0.915808E-03     0.990611E-03
  0.517388E-03     0.852447E-03     0.757194E-03     0.815347E-03     0.889294E-03
  0.105543E-02     0.706254E-03     0.648794E-03     0.711117E-03     0.118335E-02
  0.809610E-03     0.978153E-03     0.959112E-03     0.101852E-02     0.899613E-03
  0.956046E-03     0.964682E-03     0.763018E-03     0.952734E-03     0.995191E-03
  0.923235E-03     0.935986E-03     0.107052E-02     0.105999E-02     0.650366E-03
  0.870928E-03     0.927884E-03     0.112317E-02     0.103681E-02     0.842480E-03
  0.726927E-03     0.106538E-02     0.102442E-02     0.803315E-03     0.829811E-03
  0.115996E-02     0.111382E-02     0.717847E-03     0.906511E-03     0.898591E-03
  0.100967E-02     0.989836E-03     0.997080E-03     0.100289E-02     0.930886E-03
  0.931198E-03     0.938135E-03     0.103966E-02     0.132166E-02     0.104155E-02
  0.905725E-03     0.968320E-03     0.834196E-03     0.898033E-03     0.903703E-03
  0.946521E-03     0.937565E-03     0.940602E-03     0.101708E-02     0.788275E-03
  0.951170E-03     0.103509E-02     0.111492E-02     0.784824E-03     0.141862E-02
  0.127228E-02     0.776036E-03     0.999686E-03     0.100313E-02     0.126169E-02
  0.837194E-03     0.834862E-03     0.764254E-03     0.999548E-03     0.117088E-02
  0.993768E-03     0.109665E-02     0.398626E-03     0.104477E-02     0.560548E-03
  0.118669E-02     0.147095E-02     0.606597E-03     0.866983E-03     0.108612E-02
  0.785720E-03     0.124642E-02     0.726564E-03     0.698689E-03     0.730029E-03
  0.685564E-03     0.121187E-02     0.901087E-03     0.681030E-03     0.122861E-02
  0.112276E-02     0.566799E-03     0.106235E-02     0.743076E-03     0.437729E-03
  0.135967E-02     0.795198E-03     0.857264E-03     0.777808E-03     0.725664E-03
  0.975612E-03     0.863860E-03     0.600254E-03     0.597399E-03     0.967715E-03
  0.613246E-03     0.642825E-03     0.750238E-03     0.581513E-03     0.587979E-03
  0.548165E-03     0.587488E-03     0.562425E-03     0.685565E-03     0.602659E-03
  0.543345E-03     0.662567E-03     0.849118E-03     0.856345E-03     0.737538E-03
  0.612756E-03     0.797679E-03     0.653941E-03     0.674520E-03     0.599582E-03
  0.122776E-02     0.862164E-03     0.117510E-02     0.834161E-03     0.603086E-03
  0.788839E-03     0.984734E-03     0.730348E-03     0.610775E-03     0.585961E-03
  0.583475E-03     0.654388E-03     0.588235E-03     0.670763E-03     0.768162E-03
  0.681262E-03     0.784479E-03     0.785529E-03     0.659928E-03     0.674354E-03
  0.519904E-03     0.802745E-03     0.932008E-03     0.118326E-02     0.696062E-03
  0.686121E-03     0.767519E-03     0.918038E-03     0.775334E-03     0.854635E-03
  0.847831E-03     0.788862E-03     0.852089E-03     0.101379E-02     0.740546E-03
  0.936341E-03     0.692124E-03     0.693478E-03     0.989666E-03     0.103045E-02
  0.891573E-03     0.977142E-03     0.850562E-03     0.853822E-03     0.837349E-03
  0.854197E-03     0.747165E-03     0.831854E-03     0.792890E-03     0.876153E-03
  0.889425E-03     0.605626E-03     0.717319E-03     0.104654E-02     0.935556E-03
  0.728415E-03     0.862435E-03     0.922162E-03     0.887442E-03     0.843114E-03
  0.794340E-03     0.816543E-03     0.535721E-03     0.941385E-03     0.801864E-03
  0.860724E-03     0.865553E-03     0.847754E-03     0.856252E-03     0.515516E-03
  0.957627E-03     0.718329E-03     0.776787E-03     0.809547E-03     0.757308E-03
  0.885118E-03     0.774831E-03     0.968197E-03     0.623782E-03     0.858066E-03
  0.834846E-03     0.712090E-03     0.873165E-03     0.844705E-03     0.918331E-03
  0.914492E-03     0.900998E-03     0.758083E-03     0.785725E-03     0.894899E-03
  0.825983E-03     0.843252E-03     0.644468E-03     0.765506E-03     0.774266E-03
  0.755557E-03     0.852757E-03     0.913261E-03     0.847582E-03     0.663212E-03
  0.851010E-03     0.572914E-03     0.825217E-03     0.770421E-03     0.774257E-03
  0.788283E-03     0.700468E-03     0.881942E-03     0.745129E-03     0.808397E-03
  0.757016E-03     0.664739E-03     0.844476E-03     0.869688E-03     0.790388E-03
  0.917292E-03     0.894494E-03     0.733912E-03     0.774293E-03     0.737932E-03
  0.800098E-03     0.902569E-03     0.849511E-03     0.726808E-03     0.856895E-03
  0.708597E-03     0.654838E-03     0.783460E-03     0.626343E-03     0.104146E-02
  0.718424E-03     0.801238E-03     0.101531E-02     0.880551E-03     0.913194E-03
  0.910415E-03     0.922934E-03     0.850645E-03     0.973848E-03     0.960196E-03
  0.780618E-03     0.891102E-03     0.811279E-03     0.925270E-03     0.759082E-03
  0.818483E-03     0.817730E-03     0.101623E-02     0.730581E-03     0.793767E-03
  0.879695E-03     0.889192E-03     0.795485E-03     0.102445E-02     0.906525E-03
  0.101864E-02     0.796789E-03     0.867023E-03     0.911757E-03     0.107815E-02
  0.785730E-03     0.905763E-03     0.976431E-03     0.829426E-03     0.835911E-03
  0.984332E-03     0.912403E-03     0.891268E-03     0.113075E-02     0.989388E-03
  0.100751E-02     0.106031E-02     0.981828E-03     0.972268E-03     0.111515E-02
  0.101282E-02     0.105829E-02     0.102811E-02     0.963515E-03     0.104242E-02
  0.101150E-02     0.103700E-02     0.875151E-03     0.101722E-02     0.894064E-03
  0.122549E-02     0.125787E-02     0.100576E-02     0.898931E-03     0.938881E-03
  0.988700E-03     0.936799E-03     0.106096E-02     0.987992E-03     0.101626E-02
  0.101527E-02     0.107012E-02     0.961808E-03     0.914904E-03     0.100737E-02
  0.916189E-03     0.931139E-03     0.873247E-03     0.905403E-03     0.945284E-03
  0.840972E-03     0.903513E-03     0.989322E-03     0.793495E-03     0.873685E-03
  0.103078E-02     0.925237E-03     0.994959E-03     0.926767E-03     0.137770E-02
  0.957276E-03     0.103079E-02     0.941225E-03     0.945058E-03     0.101133E-02
  0.107174E-02     0.801685E-03     0.118337E-02     0.115765E-02     0.813905E-03
  0.101159E-02     0.104967E-02     0.120742E-02     0.107181E-02     0.990357E-03
  0.120009E-02     0.106770E-02     0.108177E-02     0.103261E-02     0.963071E-03
  0.976148E-03     0.111255E-02     0.102899E-02     0.110041E-02     0.958730E-03
  0.100324E-02     0.906013E-03     0.955553E-03     0.109954E-02     0.104242E-02
  0.132375E-02     0.114956E-02     0.114725E-02     0.100963E-02     0.133121E-02
  0.126056E-02     0.110115E-02     0.125762E-02     0.118617E-02     0.102829E-02
  0.104556E-02     0.111314E-02     0.102857E-02     0.876600E-03     0.102298E-02
  0.124460E-02     0.920051E-03     0.981159E-03     0.898150E-03     0.939205E-03
  0.103971E-02     0.991979E-03     0.107296E-02     0.125403E-02     0.110073E-02
  0.886952E-03     0.955445E-03     0.106758E-02     0.895226E-03     0.934828E-03
  0.117470E-02     0.107479E-02     0.111003E-02     0.111853E-02     0.937586E-03
  0.102737E-02     0.100091E-02     0.862929E-03     0.113768E-02     0.956766E-03
  0.118303E-02     0.113679E-02     0.110897E-02     0.107449E-02     0.111126E-02
  0.940972E-03     0.805100E-03     0.870223E-03     0.122182E-02     0.817784E-03
  0.115147E-02     0.155207E-02     0.108534E-02     0.104598E-02     0.956075E-03
  0.980864E-03     0.110052E-02     0.102598E-02     0.733175E-03     0.109978E-02
  0.113570E-02     0.965021E-03     0.100360E-02     0.974631E-03     0.121687E-02
  0.986988E-03     0.122439E-02     0.100535E-02     0.124992E-02     0.917170E-03
  0.109206E-02     0.120380E-02     0.110466E-02     0.117013E-02     0.130897E-02
  0.981839E-03     0.112368E-02     0.103030E-02     0.107334E-02     0.918134E-03
  0.106329E-02     0.128018E-02     0.139159E-02     0.868573E-03     0.125843E-02
  0.132226E-02     0.107091E-02     0.143796E-02     0.136609E-02     0.134494E-02
  0.927471E-03     0.142538E-02     0.152875E-02     0.123683E-02     0.170338E-02
  0.135400E-02     0.142994E-02     0.103880E-02     0.116219E-02     0.943147E-03
  0.994535E-03     0.101379E-02     0.146706E-02     0.128094E-02     0.160486E-02
  0.115209E-02     0.900440E-03     0.984268E-03     0.880327E-03     0.806757E-03
  0.976379E-03     0.167083E-02     0.140779E-02     0.114896E-02     0.115659E-02
  0.993578E-03     0.129961E-02     0.110985E-02     0.168614E-02     0.185989E-02
  0.129206E-02     0.243624E-02     0.997618E-03     0.124491E-02     0.144432E-02
  0.134964E-02     0.128666E-02     0.122837E-02     0.103738E-02     0.109968E-02
  0.136287E-02     0.125603E-02     0.202711E-02     0.136538E-02     0.996982E-03
  0.110857E-02     0.106035E-02     0.113067E-02     0.990299E-03     0.110246E-02
  0.135568E-02     0.152573E-02     0.183491E-02     0.105005E-02     0.127729E-02
  0.123026E-02     0.115900E-02     0.147787E-02     0.133849E-02     0.102992E-02
  0.123053E-02     0.900977E-03     0.112387E-02     0.194830E-02     0.161827E-02
  0.160210E-02     0.726354E-03     0.129908E-02     0.131367E-02     0.160744E-02
  0.946689E-03     0.137736E-02     0.187522E-02     0.726999E-03     0.100691E-02
  0.679538E-03     0.839845E-03     0.848534E-03     0.979856E-03     0.102733E-02
  0.106635E-02     0.103994E-02     0.976115E-03     0.165760E-02     0.105341E-02
  0.174433E-02     0.178360E-02     0.102265E-02     0.154600E-02     0.147454E-02
  0.138370E-02     0.116859E-02     0.166199E-02     0.129928E-02     0.103143E-02
  0.177192E-02     0.211600E-02     0.100466E-02     0.972529E-03     0.100721E-02
  0.992843E-03     0.968596E-03     0.964392E-03     0.799931E-03     0.808877E-03
  0.143351E-02     0.150494E-02     0.123063E-02     0.802781E-03     0.181155E-02
  0.936940E-03     0.169343E-02     0.131814E-02     0.136916E-02     0.802800E-03
  0.103758E-02     0.101192E-02     0.829921E-03     0.772192E-03     0.909358E-03
  0.238655E-02     0.197355E-02     0.558430E-02     0.726481E-02     0.350704E-02
  0.352139E-02     0.442652E-02     0.974675E-02     0.129899E-01     0.585020E-02
  0.969594E-02     0.190725E-01     0.166281E-01     0.195681E-01     0.205306E-01
  0.184339E-01     0.225183E-01     0.192359E-01     0.275137E-01     0.330117E-01
  0.329390E-01     0.454408E-01     0.537324E-01     0.461041E-01     0.531085E-01
  0.574874E-01     0.550181E-01     0.511219E-01     0.610786E-01     0.533601E-01
  0.447451E-01     0.741653E-01     0.904361E-01     0.654126E-01     0.820748E-01
  0.744620E-01     0.822657E-01     0.787350E-01     0.808823E-01     0.112632E+00
  0.638767E-01     0.106246E+00     0.976942E-01     0.122767E+00     0.183936E+00
  0.126151E+00     0.223119E+00     0.128161E+00     0.172429E+00     0.171850E+00
  0.209136E+00     0.191012E+00     0.214637E+00     0.296011E+00     0.252159E+00
  0.311421E+00     0.277414E+00     0.447562E+00
 eigen energies, in ev
    -44.585117       -44.458532       -44.439149       -44.213292       -44.198861
    -29.255900       -29.111283       -29.012513       -28.991581       -28.965425
    -28.685183       -28.670454       -28.658918       -28.623490       -28.616196
    -28.609982       -28.604778       -28.585011       -28.501672       -28.496347
    -28.479454       -28.478244       -28.429583       -28.403240       -28.386174
    -28.384026       -28.365116       -28.353002       -28.243601       -28.148710
    -28.129700       -28.113525       -28.068289       -28.049017       -28.047878
    -28.042849       -28.033628       -27.998747       -27.970011       -27.946444
    -27.939321       -27.922120       -27.850868       -27.842034       -27.791853
    -27.701888       -27.680181       -27.635141       -27.569821       -27.533969
    -27.510124       -27.496456       -27.484685       -27.474204       -27.473918
    -27.467853       -27.409716       -27.399739       -27.381460       -27.345102
    -27.333218       -27.331263       -27.292369       -27.271171       -27.242610
    -27.239365       -27.164430       -27.147729       -27.140573       -27.130939
    -27.070454       -27.032529       -26.909739       -26.900283       -26.892055
    -26.818518       -26.799415       -26.778913       -26.725399       -26.716927
    -26.638759       -26.608753       -26.597662       -26.596475       -26.596078
    -26.565581       -26.563295       -26.549778       -26.534930       -26.492915
    -26.479833       -26.434372       -26.433595       -26.331724       -26.314551
    -26.308316       -26.274161       -26.256317       -26.232987       -26.225562
    -26.216355       -26.207965       -26.187314       -26.173513       -26.171653
    -26.155928       -26.094468       -26.078534       -26.052950       -26.044689
    -26.044239       -26.018051       -26.004479       -25.992466       -25.961688
    -25.946573       -25.910690       -25.896972       -25.867793       -25.845472
    -25.837273       -25.834077       -25.829090       -25.814473       -25.609315
    -25.601072       -25.547085       -25.528892       -25.467276       -25.443083
    -25.440612       -25.420807       -25.316021       -25.285848       -25.212694
    -24.499715       -24.250596       -24.209676       -23.928932       -23.913815
    -23.763590       -23.746864       -23.644184       -23.571630       -23.569421
    -23.503772       -23.478814       -23.425804       -23.408230       -23.229820
    -23.131185       -23.128861       -23.047470       -23.029083       -22.991730
    -22.957666       -22.939227       -22.868223       -22.806642       -22.801455
    -22.637124       -22.636605       -22.346490       -22.306365       -22.178824
    -22.166060       -22.148867       -22.100055       -22.033338       -21.968810
    -21.877546       -21.813824       -21.709121       -21.626202       -21.458619
    -21.409712       -21.373017       -21.282705       -21.275662       -21.215830
    -21.148380       -21.145815       -21.118685       -21.083100       -21.049844
    -21.023701       -20.760043       -20.730566       -20.444154       -20.263768
    -18.897634       -18.516035       -18.350713       -18.212617       -18.171480
    -16.160497       -16.118723       -15.995520       -15.969619       -15.866736
    -15.763927       -15.746826       -15.671149       -15.654360       -15.500236
    -15.437413       -15.432377       -15.421949       -15.330041       -15.325972
    -15.312021       -15.292747       -15.222805       -15.204344       -15.120039
    -15.090257       -14.983230       -14.928080       -14.899620       -14.779821
    -14.754869       -14.750849       -14.684234       -14.678489       -14.604723
    -14.562358       -14.551753       -14.440430       -14.414861       -14.374470
    -14.364657       -14.294218       -14.275015       -14.264864       -14.181442
    -13.870686       -13.855758       -13.825398       -13.745949       -13.678322
    -13.669146       -13.664492       -13.646770       -13.621328       -13.578745
    -13.519828       -13.483988       -13.447686       -13.421514       -13.407139
    -13.388309       -13.370671       -13.340592       -13.321441       -13.307806
    -13.214535       -13.171807       -13.134482       -13.102996       -13.072486
    -13.023376       -13.015298       -12.960718       -12.907210       -12.787425
    -12.592744       -12.363639       -12.278617       -12.239905       -12.217751
    -12.198427       -12.117217       -12.051741       -12.047064       -12.004294
    -11.982698       -11.964417       -11.919460       -11.889751       -11.850385
    -11.792435       -11.778912       -11.776755       -11.760228       -11.746527
    -11.730347       -11.702199       -11.688807       -11.633869       -11.542676
    -11.540547       -11.473994       -11.461832       -11.439404       -11.399941
    -11.390924       -11.382626       -11.379924       -11.315337       -11.308669
    -11.303774       -11.281178       -11.279603       -11.273944       -11.240247
    -11.147123       -11.114199       -11.092936       -11.037652       -10.972025
    -10.892577       -10.871732       -10.820327       -10.817122       -10.757138
    -10.707635       -10.691041       -10.683054       -10.670534       -10.621788
    -10.616578       -10.593634       -10.579065       -10.567092       -10.548595
    -10.541339       -10.519863       -10.505968       -10.499698       -10.478847
    -10.464596       -10.457333       -10.454340       -10.440330       -10.427168
    -10.417369       -10.416042       -10.406062       -10.395472       -10.379994
    -10.346383       -10.337789       -10.334668       -10.318687       -10.309018
    -10.304090       -10.289565       -10.269558       -10.262650       -10.241227
    -10.212206       -10.198571       -10.191013       -10.185796       -10.181191
    -10.171566       -10.149547       -10.146450       -10.135640       -10.110940
    -10.090685       -10.085427       -10.074004       -10.060945       -10.053005
    -10.042595       -10.033003       -10.032092       -10.005049        -9.992500
     -9.984429        -9.972317        -9.965469        -9.952765        -9.944873
     -9.934013        -9.927491        -9.920003        -9.900392        -9.889986
     -9.880072        -9.877916        -9.871253        -9.866820        -9.791143
     -9.774833        -9.745809        -9.738985        -9.728269        -9.697850
     -9.678987        -9.661475        -9.657150        -9.653518        -9.645375
     -9.636157        -9.615851        -9.611929        -9.593134        -9.565174
     -9.553975        -9.538717        -9.525851        -9.523937        -9.510503
     -9.500724        -9.492119        -9.490269        -9.481331        -9.455596
     -9.429385        -9.419136        -9.408247        -9.400722        -9.363501
     -9.356710        -9.341012        -9.336193        -9.325977        -9.320831
     -9.287393        -9.269939        -9.261663        -9.231729        -9.211920
     -9.199622        -9.185481        -9.168282        -9.142963        -9.129343
     -9.113025        -9.108397        -9.098906        -9.094879        -9.076676
     -9.051725        -9.046850        -9.032967        -9.024600        -9.017066
     -8.998533        -8.990731        -8.984762        -8.977176        -8.968515
     -8.954055        -8.937786        -8.915723        -8.893320        -8.878468
     -8.871822        -8.862080        -8.837682        -8.812033        -8.798560
     -8.787325        -8.779951        -8.772874        -8.769771        -8.762255
     -8.731292        -8.722756        -8.644314        -8.612711        -8.607206
     -8.588897        -8.565814        -8.547744        -8.513580        -8.499710
     -8.488990        -8.482617        -8.459577        -8.447864        -8.417566
     -8.387626        -8.377618        -8.358753        -8.341011        -8.307508
     -8.288681        -8.276953        -8.257718        -8.241086        -8.191260
     -8.175619        -8.164961        -8.132778        -8.125040        -8.118753
     -8.089812        -8.089360        -8.013157        -7.964729        -7.934784
     -7.917491        -7.904695        -7.855930        -7.838398        -7.825521
     -7.820248        -7.807653        -7.780254        -7.739656        -7.738378
     -7.721239        -7.695907        -7.692742        -7.675293        -7.666591
     -7.648120        -7.639060        -7.622092        -7.578860        -7.556589
     -7.532493        -7.521080        -7.517032        -7.443677        -7.418063
     -7.395327        -7.393219        -7.382708        -7.376788        -7.355369
     -7.327316        -7.285962        -7.271305        -7.266044        -7.249161
     -7.238225        -7.221511        -7.209834        -7.199284        -7.190245
     -7.177973        -7.154128        -7.097560        -7.082543        -7.044953
     -7.039713        -7.034093        -7.017231        -7.007569        -6.999372
     -6.988700        -6.984499        -6.956036        -6.946452        -6.939315
     -6.922567        -6.904760        -6.903310        -6.877203        -6.869352
     -6.855682        -6.849950        -6.830114        -6.823406        -6.818871
     -6.804877        -6.799387        -6.769512        -6.767200        -6.747615
     -6.746231        -6.731380        -6.716320        -6.704342        -6.698049
     -6.692311        -6.664622        -6.661542        -6.654746        -6.623598
     -6.614551        -6.605972        -6.600722        -6.592672        -6.586919
     -6.544719        -6.530062        -6.522972        -6.518094        -6.508536
     -6.503003        -6.484280        -6.479031        -6.466659        -6.453244
     -6.430023        -6.424394        -6.414067        -6.399584        -6.395234
     -6.383827        -6.375410        -6.357990        -6.352528        -6.347119
     -6.345232        -6.337869        -6.320779        -6.311851        -6.289279
     -6.285532        -6.274089        -6.262069        -6.246862        -6.233836
     -6.223706        -6.217867        -6.203299        -6.190109        -6.184579
     -6.167231        -6.166830        -6.146809        -6.128570        -6.103391
     -6.092036        -6.090202        -6.081548        -6.077244        -6.069781
     -6.059667        -6.051658        -6.048177        -6.031852        -6.019940
     -6.013406        -6.005338        -6.002180        -5.997018        -5.988908
     -5.981913        -5.976942        -5.970768        -5.965178        -5.948291
     -5.941274        -5.930325        -5.924983        -5.920091        -5.915782
     -5.912054        -5.901095        -5.890253        -5.889270        -5.877057
     -5.874526        -5.855876        -5.848643        -5.842559        -5.837401
     -5.815647        -5.810687        -5.805469        -5.795819        -5.792695
     -5.782524        -5.774102        -5.771536        -5.758550        -5.751433
     -5.746813        -5.735896        -5.732983        -5.729817        -5.726325
     -5.719808        -5.716812        -5.714591        -5.694988        -5.688499
     -5.681765        -5.680053        -5.671733        -5.664813        -5.660987
     -5.647607        -5.638951        -5.627269        -5.620675        -5.606190
     -5.602832        -5.595592        -5.588827        -5.579542        -5.567214
     -5.562857        -5.556909        -5.554140        -5.551595        -5.544334
     -5.542111        -5.528766        -5.517555        -5.510052        -5.508205
     -5.501340        -5.499370        -5.488179        -5.480244        -5.473001
     -5.462081        -5.454671        -5.451270        -5.445992        -5.441783
     -5.431513        -5.424954        -5.419728        -5.412776        -5.406141
     -5.398102        -5.390946        -5.377153        -5.365340        -5.363018
     -5.346843        -5.336069        -5.331352        -5.327123        -5.322430
     -5.312869        -5.304398        -5.299795        -5.291888        -5.285785
     -5.273836        -5.268013        -5.261553        -5.259346        -5.247159
     -5.237575        -5.230861        -5.224785        -5.220138        -5.211733
     -5.201037        -5.193401        -5.188431        -5.183861        -5.180388
     -5.177728        -5.170994        -5.167382        -5.155125        -5.145628
     -5.135823        -5.135236        -5.130052        -5.127981        -5.122831
     -5.113170        -5.107299        -5.102295        -5.099863        -5.090285
     -5.084274        -5.079659        -5.077511        -5.067380        -5.062091
     -5.056608        -5.054284        -5.045972        -5.045377        -5.037903
     -5.034034        -5.021701        -5.007746        -5.001020        -4.990128
     -4.985511        -4.979340        -4.966853        -4.964136        -4.953302
     -4.947538        -4.947036        -4.934409        -4.934029        -4.918703
     -4.912166        -4.899031        -4.890791        -4.884180        -4.877820
     -4.873418        -4.862455        -4.860050        -4.853884        -4.839228
     -4.836390        -4.831787        -4.823711        -4.818521        -4.815828
     -4.809260        -4.793874        -4.786244        -4.782429        -4.778981
     -4.775025        -4.757058        -4.749580        -4.729564        -4.718470
     -4.710665        -4.691421        -4.680247        -4.659851        -4.653197
     -4.632589        -4.621707        -4.610778        -4.597465        -4.587853
     -4.582991        -4.567834        -4.556115        -4.542690        -4.534577
     -4.527229        -4.510606        -4.503710        -4.488747        -4.478007
     -4.460988        -4.431051        -4.414531        -4.406950        -4.399970
     -4.374737        -4.355683        -4.336696        -4.329317        -4.314535
     -4.289506        -4.280288        -4.252211        -4.237264        -4.229106
     -4.191154        -4.185518        -4.160242        -4.157571        -4.148767
     -4.142132        -4.122247        -4.113623        -4.111904        -4.088788
     -4.083794        -4.068853        -4.034298        -4.024047        -4.012071
     -3.956837        -3.952525        -3.941109        -3.920838        -3.912282
     -3.897335        -3.870038        -3.846544        -3.834678        -3.811427
     -3.784360        -3.767996        -3.757261        -3.743709        -3.716001
     -3.699214        -3.672242        -3.669491        -3.628863        -3.627620
     -3.603563        -3.542876        -3.541074        -3.499087        -3.450845
     -3.442831        -3.441105        -3.430634        -3.426703        -3.411685
     -3.406598        -3.403996        -3.380198        -3.347038        -3.329967
     -3.308196        -3.298187        -3.272130        -3.230970        -3.223269
     -3.210321        -3.189615        -3.174686        -3.168282        -3.148411
     -3.133430        -3.114477        -3.105092        -3.101363        -3.091992
     -3.057324        -3.045256        -3.038760        -3.005300        -2.987963
     -2.979083        -2.960671        -2.935368        -2.926207        -2.895255
     -2.875324        -2.856391        -2.851941        -2.821600        -2.819093
     -2.811022        -2.808459        -2.800200        -2.775840        -2.774408
     -2.752704        -2.730661        -2.697384        -2.694861        -2.659042
     -2.644690        -2.632259        -2.623507        -2.622382        -2.620145
     -2.606540        -2.591048        -2.571022        -2.554615        -2.551871
     -2.550117        -2.533303        -2.488270        -2.468392        -2.424818
     -2.408773        -2.383999        -2.359923        -2.345109        -2.315698
     -2.303901        -2.278765        -2.269782        -2.263247        -2.214301
     -2.188378        -2.165851        -2.120012        -2.065839        -2.034957
     -1.984117        -1.954081        -1.944038        -1.938796        -1.647622
      2.241038         2.403623         2.565811         2.703841         2.823265
      2.956072         3.064727         3.209362         3.338599         3.355601
      3.372621         3.459598         3.500172         3.528593         3.578512
      3.613291         3.663539         3.736156         3.761320         3.834168
      3.835675         3.912788         3.972173         4.012341         4.018255
      4.042025         4.062205         4.104573         4.116370         4.155115
      4.173235         4.207258         4.209440         4.240662         4.254180
      4.267331         4.288049         4.305704         4.337054         4.359667
      4.367831         4.398564         4.422298         4.434776         4.453957
      4.514619         4.525296         4.541570         4.578835         4.610610
      4.627733         4.680842         4.695171         4.710441         4.741783
      4.754189         4.792068         4.809515
 *********************************
 sum eigen(dbl occ, ryd)=  -1552.46917489304     
 *********************************
 Ef(eV)= -0.366628507265734     
 ***************************************************
 iter=          21
 ---------------------------------------------------
 dvE, dvE(n)-dvE(n-1) = 0.1266E-05 -.4456E-05
 dv_ave, drho_tot     = 0.1125E-02 0.3723E-03
 err of ug            = 0.6477E-04
 ---------------------------------------------------
 Ewald        = -.40302743199754E+05
 Alpha        = 0.15207970391171E+04
 E_extV       = 0.00000000000000E+00    0.0000E+00
 E_NSC        = -.21582907207347E+05    0.1669E+01
 E[-rho*V_Hxc]= -.12517456742517E+06    -.1662E+01
 E_Hxc        = 0.52641764227294E+05    0.1513E+01
 -TS          = -.35505862133968E-26    0.4447E-09
 E_tot(eV)    = -.13289765656585E+06    0.7349E-02
 ---------------------------------------------------
 E_ion,E_coul,E_xc =   -226346.1666463   81498.8202454  -28857.0560181
Ewald+Hart+ion    -0.1851500896007E+06
 ave(vtot)=ave_(V_xc)=: v0= -0.281984781818153     
 Eigen energies are values after setting ave_vtot=0
 ----------------------------------
 One SCF use:    86.0040020942688       s
 *********************************
 ****** kpt=           1
 err of each states, eV
  0.701280E-03     0.465936E-03     0.133756E-01     0.106973E-02     0.863727E-03
  0.399705E-03     0.429279E-03     0.272923E-02     0.481021E-03     0.904429E-03
  0.697488E-03     0.836454E-03     0.115833E-02     0.502614E-03     0.605367E-03
  0.415965E-03     0.503375E-03     0.467798E-03     0.944832E-03     0.367906E-03
  0.463983E-03     0.760647E-03     0.114427E-02     0.415852E-03     0.884438E-03
  0.394420E-03     0.109571E-02     0.134851E-02     0.390911E-03     0.510652E-03
  0.108860E-02     0.693924E-03     0.290988E-02     0.486431E-03     0.385542E-03
  0.388674E-03     0.547730E-03     0.693878E-03     0.937469E-03     0.414673E-03
  0.598712E-03     0.110990E-02     0.132854E-02     0.563021E-03     0.859720E-03
  0.324937E-03     0.118305E-02     0.163040E-02     0.469397E-03     0.473297E-03
  0.381670E-03     0.806974E-03     0.791361E-03     0.230705E-02     0.900092E-03
  0.147143E-02     0.447728E-03     0.104887E-02     0.481823E-03     0.883325E-03
  0.939608E-03     0.454251E-03     0.390978E-03     0.863986E-03     0.114040E-02
  0.412670E-03     0.713930E-03     0.715602E-03     0.465921E-03     0.417691E-03
  0.338116E-03     0.509733E-03     0.876085E-03     0.166422E-02     0.151892E-02
  0.349288E-03     0.374103E-03     0.296954E-03     0.381978E-03     0.174120E-02
  0.324306E-03     0.366391E-03     0.492840E-03     0.681986E-03     0.859872E-03
  0.456435E-03     0.495428E-03     0.503742E-03     0.504413E-03     0.620656E-03
  0.425652E-03     0.328747E-03     0.298994E-03     0.410466E-03     0.553713E-03
  0.588286E-03     0.965044E-03     0.439980E-03     0.412750E-03     0.533071E-03
  0.416953E-03     0.621261E-03     0.459007E-03     0.107573E-02     0.140138E-02
  0.145085E-02     0.605471E-03     0.651768E-03     0.344062E-03     0.502127E-03
  0.415615E-03     0.356395E-03     0.340765E-03     0.330333E-03     0.237326E-02
  0.203533E-02     0.499546E-03     0.355684E-03     0.536534E-03     0.480770E-03
  0.628305E-03     0.361248E-03     0.716658E-03     0.105304E-02     0.364820E-03
  0.724077E-03     0.546428E-03     0.649255E-03     0.601600E-03     0.421301E-03
  0.363298E-03     0.576516E-03     0.866459E-03     0.364263E-03     0.818354E-03
  0.490298E-03     0.693156E-03     0.390331E-03     0.912949E-03     0.366376E-03
  0.212393E-02     0.585065E-03     0.360989E-03     0.356003E-03     0.306824E-03
  0.334400E-02     0.101085E-02     0.385152E-03     0.574204E-03     0.507023E-03
  0.514600E-03     0.506082E-03     0.380434E-03     0.907787E-03     0.507653E-03
  0.783729E-03     0.740708E-03     0.668357E-03     0.133063E-02     0.329996E-03
  0.714864E-03     0.456217E-03     0.538415E-03     0.919924E-03     0.693786E-03
  0.705261E-03     0.407230E-03     0.102647E-02     0.393409E-03     0.789585E-03
  0.149205E-02     0.445452E-03     0.742823E-03     0.303836E-03     0.484158E-03
  0.128241E-02     0.311433E-02     0.164160E-02     0.345395E-03     0.338676E-03
  0.685643E-03     0.290979E-03     0.638691E-03     0.306076E-03     0.271676E-03
  0.416087E-03     0.288488E-03     0.539974E-03     0.425279E-03     0.252185E-03
  0.343233E-03     0.317927E-03     0.406082E-03     0.445887E-03     0.356459E-03
  0.550051E-03     0.395406E-03     0.431791E-03     0.609990E-03     0.495774E-03
  0.460350E-03     0.544331E-03     0.425154E-03     0.362112E-03     0.434984E-03
  0.797121E-03     0.433590E-03     0.413941E-03     0.881841E-03     0.518830E-03
  0.448344E-03     0.328292E-03     0.460122E-03     0.471181E-03     0.530433E-03
  0.500795E-03     0.442970E-03     0.624537E-03     0.537423E-03     0.365887E-03
  0.458144E-03     0.529045E-03     0.515007E-03     0.431346E-03     0.484091E-03
  0.699724E-03     0.413580E-03     0.525470E-03     0.431154E-03     0.399468E-03
  0.529525E-03     0.692949E-03     0.540575E-03     0.460229E-03     0.506475E-03
  0.412294E-03     0.337712E-03     0.416989E-03     0.378429E-03     0.575879E-03
  0.511763E-03     0.451203E-03     0.459791E-03     0.337998E-03     0.482931E-03
  0.485668E-03     0.602912E-03     0.458296E-03     0.504232E-03     0.587245E-03
  0.391938E-03     0.565377E-03     0.633544E-03     0.476094E-03     0.471712E-03
  0.539880E-03     0.380942E-03     0.474912E-03     0.485664E-03     0.448689E-03
  0.600043E-03     0.544927E-03     0.607909E-03     0.498154E-03     0.450430E-03
  0.378094E-03     0.473520E-03     0.660703E-03     0.597623E-03     0.569642E-03
  0.540030E-03     0.535730E-03     0.652639E-03     0.943418E-03     0.497904E-03
  0.634609E-03     0.502163E-03     0.470688E-03     0.582580E-03     0.674976E-03
  0.805007E-03     0.591683E-03     0.633488E-03     0.684124E-03     0.693845E-03
  0.600658E-03     0.672884E-03     0.849994E-03     0.413226E-03     0.689833E-03
  0.311160E-03     0.611695E-03     0.571279E-03     0.414033E-03     0.752336E-03
  0.612590E-03     0.570403E-03     0.630629E-03     0.677704E-03     0.658071E-03
  0.653017E-03     0.494700E-03     0.584575E-03     0.660290E-03     0.530893E-03
  0.381347E-03     0.458955E-03     0.618882E-03     0.504471E-03     0.931911E-03
  0.721441E-03     0.417643E-03     0.505516E-03     0.595210E-03     0.807845E-03
  0.814359E-03     0.905487E-03     0.957108E-03     0.907544E-03     0.657485E-03
  0.740978E-03     0.100710E-02     0.139615E-02     0.708326E-03     0.967809E-03
  0.747687E-03     0.704939E-03     0.743275E-03     0.822297E-03     0.769220E-03
  0.777602E-03     0.750883E-03     0.795223E-03     0.724907E-03     0.113073E-02
  0.897410E-03     0.648775E-03     0.882518E-03     0.512102E-03     0.576496E-03
  0.778777E-03     0.837434E-03     0.768316E-03     0.727491E-03     0.614946E-03
  0.595488E-03     0.603712E-03     0.537958E-03     0.652081E-03     0.661763E-03
  0.785057E-03     0.732631E-03     0.791782E-03     0.826517E-03     0.784149E-03
  0.839465E-03     0.888696E-03     0.832172E-03     0.883772E-03     0.918362E-03
  0.831207E-03     0.920473E-03     0.490149E-03     0.484024E-03     0.548042E-03
  0.569920E-03     0.588867E-03     0.537235E-03     0.764700E-03     0.648088E-03
  0.773229E-03     0.917897E-03     0.786625E-03     0.795382E-03     0.886831E-03
  0.781890E-03     0.736921E-03     0.704669E-03     0.789149E-03     0.874310E-03
  0.819678E-03     0.562322E-03     0.115551E-02     0.103058E-02     0.914048E-03
  0.531254E-03     0.790069E-03     0.689122E-03     0.708680E-03     0.926884E-03
  0.984105E-03     0.576469E-03     0.970132E-03     0.781845E-03     0.631394E-03
  0.699334E-03     0.884415E-03     0.823588E-03     0.945214E-03     0.840664E-03
  0.886312E-03     0.965731E-03     0.706685E-03     0.777124E-03     0.115671E-02
  0.926215E-03     0.829378E-03     0.748304E-03     0.973058E-03     0.456151E-03
  0.968308E-03     0.776522E-03     0.673314E-03     0.756414E-03     0.735796E-03
  0.762161E-03     0.731635E-03     0.891971E-03     0.749483E-03     0.637117E-03
  0.110621E-02     0.886204E-03     0.687316E-03     0.723572E-03     0.912897E-03
  0.749532E-03     0.970888E-03     0.925762E-03     0.942570E-03     0.852603E-03
  0.813471E-03     0.119929E-02     0.956251E-03     0.116208E-02     0.984955E-03
  0.901445E-03     0.925559E-03     0.922425E-03     0.103496E-02     0.941435E-03
  0.950864E-03     0.880858E-03     0.870173E-03     0.744025E-03     0.976540E-03
  0.872285E-03     0.662486E-03     0.102840E-02     0.182932E-02     0.125045E-02
  0.751676E-03     0.509997E-03     0.902950E-03     0.126635E-02     0.954476E-03
  0.100157E-02     0.115522E-02     0.849844E-03     0.654770E-03     0.737724E-03
  0.708805E-03     0.851288E-03     0.838571E-03     0.862407E-03     0.655064E-03
  0.132891E-02     0.989641E-03     0.641762E-03     0.135387E-02     0.633819E-03
  0.805357E-03     0.620227E-03     0.642496E-03     0.632500E-03     0.785256E-03
  0.133576E-02     0.856708E-03     0.636326E-03     0.106499E-02     0.540331E-03
  0.911122E-03     0.770183E-03     0.539231E-03     0.934168E-03     0.100629E-02
  0.476643E-03     0.773206E-03     0.660409E-03     0.698473E-03     0.109446E-02
  0.887900E-03     0.679113E-03     0.670529E-03     0.598949E-03     0.788422E-03
  0.653432E-03     0.528473E-03     0.617685E-03     0.503630E-03     0.518789E-03
  0.507283E-03     0.520222E-03     0.398021E-03     0.652035E-03     0.514333E-03
  0.479440E-03     0.775860E-03     0.585320E-03     0.545619E-03     0.473186E-03
  0.392663E-03     0.629477E-03     0.516036E-03     0.552638E-03     0.789931E-03
  0.479493E-03     0.903030E-03     0.680995E-03     0.597702E-03     0.641709E-03
  0.711607E-03     0.610631E-03     0.814035E-03     0.553870E-03     0.511317E-03
  0.644730E-03     0.653257E-03     0.727963E-03     0.550669E-03     0.925402E-03
  0.746361E-03     0.799874E-03     0.765966E-03     0.683898E-03     0.360966E-03
  0.532603E-03     0.666076E-03     0.926715E-03     0.969009E-03     0.849844E-03
  0.587929E-03     0.672770E-03     0.663831E-03     0.664181E-03     0.715159E-03
  0.514085E-03     0.668072E-03     0.770786E-03     0.889720E-03     0.693138E-03
  0.759816E-03     0.637891E-03     0.630947E-03     0.983661E-03     0.765027E-03
  0.976885E-03     0.783990E-03     0.101681E-02     0.836154E-03     0.820491E-03
  0.924674E-03     0.928022E-03     0.690171E-03     0.819083E-03     0.593292E-03
  0.764760E-03     0.567027E-03     0.716007E-03     0.829162E-03     0.680509E-03
  0.651835E-03     0.758055E-03     0.773266E-03     0.662754E-03     0.817824E-03
  0.875940E-03     0.686264E-03     0.679204E-03     0.496138E-03     0.785369E-03
  0.832749E-03     0.859700E-03     0.744785E-03     0.645993E-03     0.713435E-03
  0.614010E-03     0.660478E-03     0.737493E-03     0.748577E-03     0.589323E-03
  0.782270E-03     0.657842E-03     0.931764E-03     0.826860E-03     0.706600E-03
  0.551492E-03     0.874125E-03     0.639772E-03     0.752474E-03     0.780612E-03
  0.721000E-03     0.718398E-03     0.677935E-03     0.829306E-03     0.691435E-03
  0.751922E-03     0.713530E-03     0.714253E-03     0.637766E-03     0.648024E-03
  0.814661E-03     0.806134E-03     0.636529E-03     0.748002E-03     0.686206E-03
  0.710216E-03     0.571871E-03     0.592232E-03     0.666565E-03     0.865480E-03
  0.698998E-03     0.620401E-03     0.640010E-03     0.807940E-03     0.707089E-03
  0.835619E-03     0.843003E-03     0.717942E-03     0.681450E-03     0.843948E-03
  0.777338E-03     0.717843E-03     0.716115E-03     0.664849E-03     0.628880E-03
  0.661146E-03     0.814090E-03     0.780816E-03     0.788422E-03     0.684974E-03
  0.695383E-03     0.657334E-03     0.668769E-03     0.747012E-03     0.841910E-03
  0.502151E-03     0.842370E-03     0.910108E-03     0.740575E-03     0.818601E-03
  0.767617E-03     0.756609E-03     0.870676E-03     0.923524E-03     0.825619E-03
  0.847892E-03     0.725878E-03     0.679734E-03     0.818987E-03     0.857366E-03
  0.991554E-03     0.799553E-03     0.715750E-03     0.639311E-03     0.727719E-03
  0.955506E-03     0.824702E-03     0.822712E-03     0.807732E-03     0.825639E-03
  0.798676E-03     0.729228E-03     0.806285E-03     0.789979E-03     0.993549E-03
  0.817767E-03     0.700101E-03     0.778982E-03     0.806108E-03     0.678592E-03
  0.111723E-02     0.790179E-03     0.950653E-03     0.762296E-03     0.927498E-03
  0.927681E-03     0.870657E-03     0.812382E-03     0.102338E-02     0.116963E-02
  0.100672E-02     0.878179E-03     0.792058E-03     0.951475E-03     0.705664E-03
  0.881840E-03     0.839923E-03     0.805965E-03     0.780558E-03     0.974724E-03
  0.919096E-03     0.849377E-03     0.952218E-03     0.984850E-03     0.105857E-02
  0.905510E-03     0.899218E-03     0.860274E-03     0.912400E-03     0.887140E-03
  0.101114E-02     0.965872E-03     0.879040E-03     0.780587E-03     0.895954E-03
  0.101119E-02     0.964169E-03     0.966333E-03     0.844721E-03     0.839832E-03
  0.848052E-03     0.757204E-03     0.789918E-03     0.864132E-03     0.886319E-03
  0.919756E-03     0.789596E-03     0.100674E-02     0.100324E-02     0.786591E-03
  0.788928E-03     0.126470E-02     0.824074E-03     0.986514E-03     0.108439E-02
  0.913455E-03     0.732143E-03     0.939518E-03     0.104455E-02     0.837259E-03
  0.116193E-02     0.106733E-02     0.101584E-02     0.118145E-02     0.103534E-02
  0.945481E-03     0.893326E-03     0.976439E-03     0.912274E-03     0.106065E-02
  0.100134E-02     0.102596E-02     0.971606E-03     0.860005E-03     0.874644E-03
  0.824865E-03     0.115256E-02     0.991687E-03     0.981860E-03     0.113383E-02
  0.109214E-02     0.120279E-02     0.924964E-03     0.915382E-03     0.120460E-02
  0.981991E-03     0.104375E-02     0.107317E-02     0.109144E-02     0.114250E-02
  0.114534E-02     0.103155E-02     0.744205E-03     0.101739E-02     0.910052E-03
  0.989222E-03     0.101827E-02     0.691081E-03     0.937151E-03     0.896798E-03
  0.881582E-03     0.993910E-03     0.860434E-03     0.118869E-02     0.942190E-03
  0.103503E-02     0.943323E-03     0.979820E-03     0.114027E-02     0.144197E-02
  0.761275E-03     0.109951E-02     0.878543E-03     0.140423E-02     0.963558E-03
  0.889923E-03     0.101871E-02     0.888858E-03     0.908545E-03     0.110692E-02
  0.101554E-02     0.115533E-02     0.111269E-02     0.108973E-02     0.947622E-03
  0.958003E-03     0.101341E-02     0.778690E-03     0.123058E-02     0.896974E-03
  0.871400E-03     0.114771E-02     0.104242E-02     0.906453E-03     0.857611E-03
  0.976186E-03     0.887112E-03     0.976044E-03     0.907118E-03     0.571361E-03
  0.869531E-03     0.902711E-03     0.995488E-03     0.940767E-03     0.948412E-03
  0.890439E-03     0.865894E-03     0.113866E-02     0.958463E-03     0.718648E-03
  0.110613E-02     0.120869E-02     0.116732E-02     0.100826E-02     0.105579E-02
  0.110283E-02     0.114237E-02     0.107152E-02     0.945381E-03     0.981641E-03
  0.124137E-02     0.102042E-02     0.130786E-02     0.116952E-02     0.841828E-03
  0.107222E-02     0.115429E-02     0.983651E-03     0.160726E-02     0.127248E-02
  0.131095E-02     0.938929E-03     0.135810E-02     0.146724E-02     0.128229E-02
  0.130298E-02     0.114556E-02     0.131216E-02     0.106140E-02     0.806487E-03
  0.142179E-02     0.107829E-02     0.992225E-03     0.122087E-02     0.135404E-02
  0.116480E-02     0.741231E-03     0.820989E-03     0.931822E-03     0.737352E-03
  0.145399E-02     0.938189E-03     0.147754E-02     0.984527E-03     0.825703E-03
  0.106488E-02     0.112420E-02     0.876474E-03     0.262640E-02     0.709318E-03
  0.105354E-02     0.295035E-02     0.111913E-02     0.105938E-02     0.126133E-02
  0.151303E-02     0.148199E-02     0.121009E-02     0.100040E-02     0.923676E-03
  0.119383E-02     0.115707E-02     0.170068E-02     0.106203E-02     0.126180E-02
  0.117676E-02     0.891135E-03     0.106535E-02     0.110516E-02     0.889945E-03
  0.152521E-02     0.127665E-02     0.120101E-02     0.117301E-02     0.130526E-02
  0.907988E-03     0.904929E-03     0.117983E-02     0.729446E-03     0.672648E-03
  0.958103E-03     0.219307E-02     0.105259E-02     0.153614E-02     0.733004E-03
  0.179381E-02     0.149486E-02     0.552419E-03     0.173191E-02     0.124089E-02
  0.165249E-02     0.114044E-02     0.112178E-02     0.807254E-03     0.928968E-03
  0.698215E-03     0.112487E-02     0.608746E-03     0.120789E-02     0.754819E-03
  0.925562E-03     0.141476E-02     0.116708E-02     0.108507E-02     0.106359E-02
  0.108296E-02     0.182801E-02     0.166139E-02     0.146187E-02     0.110028E-02
  0.100869E-02     0.965604E-03     0.152177E-02     0.152823E-02     0.920238E-03
  0.997351E-03     0.194233E-02     0.870801E-03     0.795572E-03     0.875404E-03
  0.857556E-03     0.780390E-03     0.796563E-03     0.978362E-03     0.136268E-02
  0.841874E-03     0.126393E-02     0.138705E-02     0.114126E-02     0.155303E-02
  0.966150E-03     0.163547E-02     0.725216E-03     0.120106E-02     0.942246E-03
  0.756617E-03     0.115945E-02     0.107302E-02     0.868789E-03     0.101803E-02
  0.248811E-02     0.180081E-02     0.434208E-02     0.621691E-02     0.304166E-02
  0.318039E-02     0.304943E-02     0.736834E-02     0.466577E-02     0.644780E-02
  0.986147E-02     0.117110E-01     0.980920E-02     0.163386E-01     0.164021E-01
  0.130483E-01     0.179292E-01     0.152715E-01     0.217332E-01     0.261879E-01
  0.275134E-01     0.328723E-01     0.409532E-01     0.350958E-01     0.363349E-01
  0.420122E-01     0.310322E-01     0.401053E-01     0.577113E-01     0.436198E-01
  0.386533E-01     0.720387E-01     0.471359E-01     0.638379E-01     0.584481E-01
  0.536438E-01     0.681456E-01     0.402013E-01     0.789397E-01     0.841981E-01
  0.568604E-01     0.851479E-01     0.839252E-01     0.109859E+00     0.147546E+00
  0.140859E+00     0.181424E+00     0.957989E-01     0.169978E+00     0.108152E+00
  0.185187E+00     0.181024E+00     0.200475E+00     0.253003E+00     0.276252E+00
  0.184302E+00     0.194747E+00     0.293799E+00
 eigen energies, in ev
    -44.577726       -44.456452       -44.411984       -44.217333       -44.183458
    -29.238276       -29.099101       -28.982350       -28.974217       -28.973930
    -28.689768       -28.688563       -28.634489       -28.617322       -28.606779
    -28.606252       -28.595078       -28.593021       -28.518963       -28.506903
    -28.500046       -28.495907       -28.425007       -28.421783       -28.377385
    -28.365932       -28.361020       -28.321282       -28.258784       -28.162982
    -28.142020       -28.119968       -28.081087       -28.045701       -28.044574
    -28.038228       -28.016557       -28.007772       -27.980512       -27.942610
    -27.931525       -27.902261       -27.887805       -27.815963       -27.801679
    -27.712769       -27.665774       -27.624792       -27.588258       -27.549500
    -27.504805       -27.493287       -27.492414       -27.490891       -27.488112
    -27.443407       -27.407581       -27.383248       -27.374973       -27.340581
    -27.320072       -27.306945       -27.302479       -27.301297       -27.255456
    -27.226559       -27.171797       -27.166369       -27.152243       -27.107774
    -27.055249       -27.016722       -26.930641       -26.898816       -26.870997
    -26.805568       -26.783464       -26.766930       -26.736799       -26.691378
    -26.632154       -26.624583       -26.623712       -26.580791       -26.578145
    -26.568235       -26.563080       -26.539529       -26.502074       -26.492748
    -26.484744       -26.424424       -26.420229       -26.328404       -26.316042
    -26.295679       -26.292478       -26.273744       -26.241828       -26.240920
    -26.216354       -26.211670       -26.196442       -26.193222       -26.175070
    -26.130176       -26.116844       -26.111329       -26.064337       -26.043252
    -26.042758       -26.014119       -26.011798       -25.994677       -25.985738
    -25.965245       -25.901150       -25.894228       -25.880096       -25.852325
    -25.839040       -25.832650       -25.815666       -25.790787       -25.648617
    -25.611006       -25.537092       -25.523712       -25.481912       -25.464235
    -25.456386       -25.442792       -25.334736       -25.309487       -25.198010
    -24.488330       -24.254779       -24.212502       -23.950942       -23.879029
    -23.762162       -23.745074       -23.631033       -23.579494       -23.554220
    -23.518711       -23.484042       -23.416509       -23.375932       -23.219301
    -23.129224       -23.113362       -23.032138       -23.011487       -22.962626
    -22.959021       -22.921521       -22.880308       -22.816793       -22.795369
    -22.678146       -22.624726       -22.333037       -22.329778       -22.184240
    -22.170488       -22.167051       -22.070020       -22.033011       -21.974583
    -21.899181       -21.808304       -21.707831       -21.592101       -21.449130
    -21.440187       -21.375196       -21.285152       -21.270503       -21.194624
    -21.135411       -21.131695       -21.114132       -21.057581       -21.052458
    -21.016233       -20.758515       -20.714066       -20.433847       -20.251862
    -18.883739       -18.480304       -18.337793       -18.214263       -18.157391
    -16.171817       -16.087850       -15.967425       -15.953270       -15.893335
    -15.771083       -15.750850       -15.674026       -15.643916       -15.484115
    -15.453925       -15.440042       -15.411114       -15.364804       -15.325842
    -15.290395       -15.284138       -15.252612       -15.208887       -15.109786
    -15.091393       -14.988272       -14.935288       -14.927080       -14.753909
    -14.742707       -14.737577       -14.692800       -14.660954       -14.620523
    -14.578603       -14.561081       -14.423501       -14.399470       -14.377361
    -14.361014       -14.300658       -14.298505       -14.276389       -14.212551
    -13.873290       -13.857272       -13.795102       -13.711995       -13.671414
    -13.667928       -13.656802       -13.637702       -13.632323       -13.566923
    -13.519424       -13.503818       -13.437061       -13.419874       -13.410757
    -13.376276       -13.373749       -13.347962       -13.326541       -13.292803
    -13.201262       -13.171919       -13.140370       -13.110600       -13.084233
    -13.052563       -13.047078       -12.949516       -12.890560       -12.788459
    -12.574861       -12.338261       -12.293143       -12.250376       -12.198080
    -12.183299       -12.107117       -12.059070       -12.022235       -12.007639
    -11.990903       -11.963983       -11.926789       -11.921618       -11.841391
    -11.809995       -11.800778       -11.778191       -11.755460       -11.736887
    -11.713514       -11.700619       -11.695643       -11.619916       -11.542695
    -11.526630       -11.468021       -11.450956       -11.438876       -11.422514
    -11.417681       -11.392167       -11.389062       -11.322051       -11.318264
    -11.304216       -11.297042       -11.283702       -11.274426       -11.255604
    -11.130215       -11.099566       -11.069745       -11.024839       -10.952806
    -10.898819       -10.858997       -10.805077       -10.795725       -10.749805
    -10.717390       -10.682914       -10.669922       -10.661825       -10.630880
    -10.600799       -10.588173       -10.571181       -10.557411       -10.547642
    -10.536324       -10.508060       -10.496598       -10.493048       -10.491621
    -10.466636       -10.462733       -10.452198       -10.445327       -10.433513
    -10.412273       -10.411205       -10.386084       -10.377435       -10.356301
    -10.354752       -10.346534       -10.335853       -10.315302       -10.303517
    -10.296590       -10.289335       -10.280666       -10.268179       -10.239039
    -10.220049       -10.207904       -10.198063       -10.186250       -10.180965
    -10.174336       -10.172964       -10.144248       -10.133030       -10.128192
    -10.120824       -10.080422       -10.076518       -10.075098       -10.042950
    -10.032688       -10.029475       -10.017194       -10.009975       -10.003849
     -9.998328        -9.991936        -9.983477        -9.965847        -9.945122
     -9.929651        -9.926709        -9.919137        -9.909892        -9.903268
     -9.898253        -9.885687        -9.881984        -9.871068        -9.796905
     -9.766826        -9.749999        -9.744033        -9.735767        -9.708356
     -9.690680        -9.658866        -9.653219        -9.648390        -9.645622
     -9.631285        -9.619064        -9.602257        -9.584301        -9.572363
     -9.561031        -9.552465        -9.545609        -9.527159        -9.517289
     -9.496221        -9.487400        -9.473696        -9.464023        -9.438609
     -9.430187        -9.419348        -9.393810        -9.384405        -9.358130
     -9.354595        -9.352576        -9.337986        -9.335645        -9.322959
     -9.314763        -9.279615        -9.238181        -9.213438        -9.205745
     -9.195686        -9.177826        -9.168397        -9.143391        -9.133646
     -9.116129        -9.106658        -9.104300        -9.097727        -9.089522
     -9.060341        -9.053803        -9.046121        -9.024950        -9.014929
     -8.999704        -8.997043        -8.992330        -8.965709        -8.964595
     -8.946913        -8.938089        -8.930371        -8.910011        -8.893076
     -8.888906        -8.849010        -8.841381        -8.827596        -8.808837
     -8.797994        -8.785384        -8.768406        -8.764496        -8.744072
     -8.739807        -8.732614        -8.630726        -8.625836        -8.607668
     -8.576492        -8.575001        -8.535966        -8.516254        -8.495645
     -8.482791        -8.470073        -8.435778        -8.430534        -8.409205
     -8.393789        -8.387726        -8.376309        -8.319051        -8.308635
     -8.293248        -8.264521        -8.263874        -8.260852        -8.187278
     -8.178181        -8.175423        -8.149828        -8.137946        -8.125301
     -8.119713        -8.082729        -7.995649        -7.968009        -7.948876
     -7.914160        -7.893903        -7.852771        -7.837833        -7.821932
     -7.815715        -7.800368        -7.779406        -7.769436        -7.717735
     -7.706115        -7.686558        -7.679176        -7.676792        -7.657073
     -7.636436        -7.624779        -7.604622        -7.560754        -7.550014
     -7.542643        -7.510401        -7.497968        -7.419258        -7.412908
     -7.392074        -7.387008        -7.379615        -7.363990        -7.353238
     -7.308839        -7.282331        -7.266876        -7.260220        -7.251449
     -7.245865        -7.216245        -7.213781        -7.198857        -7.187924
     -7.144647        -7.132839        -7.101060        -7.086265        -7.065948
     -7.049763        -7.029183        -7.019661        -7.014637        -6.998843
     -6.979285        -6.975212        -6.949409        -6.937490        -6.934808
     -6.922183        -6.904195        -6.881761        -6.881421        -6.871212
     -6.862708        -6.853374        -6.847268        -6.837619        -6.825557
     -6.816402        -6.810437        -6.765970        -6.762081        -6.749934
     -6.744336        -6.717939        -6.709792        -6.702065        -6.695981
     -6.679882        -6.670291        -6.668607        -6.646899        -6.632431
     -6.626103        -6.604380        -6.596424        -6.588208        -6.584322
     -6.539878        -6.532464        -6.522490        -6.505388        -6.504884
     -6.496065        -6.495163        -6.488429        -6.480880        -6.461915
     -6.440733        -6.433985        -6.420755        -6.406061        -6.390928
     -6.373095        -6.369748        -6.361839        -6.351220        -6.338534
     -6.337925        -6.333379        -6.319973        -6.307815        -6.300414
     -6.283859        -6.265676        -6.261188        -6.242197        -6.233917
     -6.222788        -6.212806        -6.208156        -6.183271        -6.170968
     -6.164124        -6.152633        -6.133106        -6.118077        -6.105828
     -6.089440        -6.074867        -6.072468        -6.067067        -6.056721
     -6.049652        -6.044217        -6.041548        -6.033271        -6.020524
     -6.015128        -6.005821        -6.000929        -5.994995        -5.987596
     -5.980410        -5.973614        -5.969850        -5.960089        -5.956518
     -5.947939        -5.941778        -5.929782        -5.917790        -5.913640
     -5.908874        -5.898279        -5.890236        -5.883655        -5.881147
     -5.873537        -5.855627        -5.851390        -5.839494        -5.830939
     -5.828380        -5.812963        -5.802435        -5.799205        -5.786638
     -5.785082        -5.775189        -5.770750        -5.759127        -5.752665
     -5.743779        -5.737562        -5.736883        -5.729165        -5.728236
     -5.714527        -5.710978        -5.708284        -5.696275        -5.689695
     -5.679351        -5.674515        -5.664613        -5.661947        -5.650267
     -5.639821        -5.632873        -5.629085        -5.612616        -5.607591
     -5.605272        -5.596315        -5.590257        -5.584653        -5.578234
     -5.562624        -5.559387        -5.554541        -5.542598        -5.533146
     -5.530808        -5.529085        -5.517012        -5.509265        -5.506256
     -5.499538        -5.496286        -5.485170        -5.483084        -5.472471
     -5.468466        -5.460585        -5.454818        -5.445098        -5.439953
     -5.436539        -5.429718        -5.424659        -5.418508        -5.403329
     -5.402029        -5.397350        -5.389811        -5.368541        -5.363169
     -5.350128        -5.346214        -5.332923        -5.321128        -5.319888
     -5.315034        -5.312097        -5.302566        -5.294765        -5.288421
     -5.286894        -5.275839        -5.265977        -5.259667        -5.256269
     -5.243538        -5.231895        -5.224684        -5.217472        -5.211317
     -5.203702        -5.201212        -5.193113        -5.187518        -5.181491
     -5.176553        -5.168281        -5.160679        -5.157770        -5.145589
     -5.143062        -5.135297        -5.130431        -5.127632        -5.121811
     -5.117784        -5.108702        -5.101115        -5.099487        -5.092831
     -5.086890        -5.084634        -5.073072        -5.066322        -5.064134
     -5.062528        -5.057421        -5.048604        -5.042737        -5.037037
     -5.031323        -5.026776        -5.015026        -5.004996        -4.993440
     -4.979554        -4.977517        -4.970344        -4.966838        -4.965782
     -4.953421        -4.944894        -4.939169        -4.934497        -4.930994
     -4.920083        -4.907260        -4.903903        -4.897822        -4.891076
     -4.887929        -4.877006        -4.860242        -4.856125        -4.841138
     -4.834182        -4.826148        -4.818303        -4.814800        -4.812463
     -4.809612        -4.806603        -4.802476        -4.793306        -4.789180
     -4.786768        -4.772842        -4.739502        -4.727934        -4.718280
     -4.709093        -4.699397        -4.678426        -4.669535        -4.663828
     -4.632234        -4.629153        -4.612450        -4.587542        -4.583559
     -4.563337        -4.556904        -4.550205        -4.536412        -4.529783
     -4.520593        -4.510044        -4.501148        -4.498092        -4.468058
     -4.454291        -4.429760        -4.411057        -4.406451        -4.391945
     -4.387680        -4.352057        -4.345282        -4.323040        -4.299933
     -4.282902        -4.277288        -4.265017        -4.248665        -4.234115
     -4.177537        -4.176496        -4.165882        -4.157745        -4.148145
     -4.140175        -4.118928        -4.104019        -4.096339        -4.086768
     -4.079004        -4.064479        -4.035021        -4.022439        -4.003040
     -3.975610        -3.947946        -3.938287        -3.920579        -3.914405
     -3.897357        -3.856734        -3.838578        -3.836552        -3.799469
     -3.788841        -3.786028        -3.762422        -3.724042        -3.712127
     -3.702240        -3.660820        -3.646879        -3.638646        -3.628220
     -3.589531        -3.570181        -3.547048        -3.489954        -3.445564
     -3.441897        -3.430308        -3.427612        -3.410007        -3.405882
     -3.393137        -3.387394        -3.370460        -3.349234        -3.331337
     -3.292202        -3.285346        -3.255731        -3.236314        -3.220198
     -3.213050        -3.188132        -3.186680        -3.173710        -3.159139
     -3.150726        -3.109995        -3.105574        -3.078501        -3.075129
     -3.042194        -3.035743        -3.028496        -3.016104        -3.009524
     -2.980582        -2.961741        -2.948326        -2.929255        -2.918290
     -2.873218        -2.856760        -2.851194        -2.822975        -2.810301
     -2.805494        -2.800427        -2.796284        -2.793034        -2.785454
     -2.764841        -2.744012        -2.700555        -2.698998        -2.687077
     -2.643428        -2.633956        -2.627423        -2.614968        -2.609755
     -2.591087        -2.585992        -2.574578        -2.561185        -2.553515
     -2.550663        -2.535785        -2.478692        -2.458980        -2.412065
     -2.402802        -2.375821        -2.358288        -2.350887        -2.305509
     -2.303922        -2.298609        -2.284639        -2.234313        -2.230789
     -2.181612        -2.165892        -2.110354        -2.048064        -2.020100
     -1.984047        -1.948905        -1.937313        -1.927954        -1.634030
      2.258569         2.416040         2.558636         2.685830         2.828572
      2.960982         3.076138         3.228090         3.317857         3.355454
      3.385366         3.466027         3.504597         3.535715         3.589642
      3.624843         3.667332         3.744659         3.768534         3.839806
      3.843688         3.906244         3.972736         4.014300         4.017482
      4.040315         4.061865         4.107401         4.116412         4.157680
      4.170431         4.201215         4.208494         4.239846         4.258381
      4.269551         4.294805         4.314899         4.337420         4.361904
      4.376887         4.398712         4.424130         4.436695         4.455597
      4.515056         4.519623         4.543184         4.584191         4.612008
      4.624179         4.681147         4.693771         4.702222         4.735101
      4.749118         4.785177         4.798220
 *********************************
 sum eigen(dbl occ, ryd)=  -1552.37844008858     
 *********************************
 Ef(eV)= -0.347683555343652     
 ***************************************************
 iter=          22
 ---------------------------------------------------
 dvE, dvE(n)-dvE(n-1) = 0.1020E-05 -.2464E-06
 dv_ave, drho_tot     = 0.1010E-02 0.3022E-03
 err of ug            = 0.6094E-04
 ---------------------------------------------------
 Ewald        = -.40302743199754E+05
 Alpha        = 0.15207970391171E+04
 E_extV       = 0.00000000000000E+00    0.0000E+00
 E_NSC        = -.21581870042154E+05    0.1037E+01
 E[-rho*V_Hxc]= -.12517668455982E+06    -.1031E+01
 E_Hxc        = 0.52642850308538E+05    0.1086E+01
 -TS          = -.35505862133968E-26    0.0000E+00
 E_tot(eV)    = -.13289765045408E+06    0.6112E-02
 ---------------------------------------------------
 E_ion,E_coul,E_xc =   -226346.8157822   81499.8263696  -28856.9760611
Ewald+Hart+ion    -0.1851497326124E+06
 ave(vtot)=ave_(V_xc)=: v0= -0.281988331090033     
 Eigen energies are values after setting ave_vtot=0
 ----------------------------------
 One SCF use:    86.0106041431427       s
 *********************************
 ****** kpt=           1
 err of each states, eV
  0.197075E-01     0.477739E-03     0.386722E-02     0.512294E-03     0.677689E-03
  0.103147E-02     0.667189E-03     0.571034E-03     0.406833E-03     0.886147E-03
  0.540015E-03     0.842556E-03     0.604784E-03     0.429389E-03     0.509533E-03
  0.934520E-03     0.810567E-03     0.205642E-02     0.705191E-03     0.401554E-03
  0.719220E-03     0.146516E-02     0.892773E-03     0.659464E-03     0.381060E-03
  0.898350E-03     0.395720E-03     0.338730E-03     0.433958E-03     0.491221E-03
  0.875723E-03     0.411258E-03     0.501088E-03     0.976115E-03     0.799945E-03
  0.462504E-03     0.764467E-03     0.821634E-03     0.120917E-02     0.491909E-03
  0.114543E-02     0.517165E-03     0.540973E-03     0.444319E-03     0.934665E-03
  0.511061E-03     0.256662E-02     0.466084E-03     0.359432E-02     0.490966E-03
  0.429911E-03     0.418319E-03     0.504611E-03     0.786272E-03     0.708295E-03
  0.776242E-03     0.372911E-02     0.744322E-03     0.722111E-03     0.785756E-03
  0.419370E-03     0.771968E-03     0.363511E-03     0.691148E-03     0.554845E-03
  0.400967E-03     0.549660E-03     0.315420E-03     0.380728E-03     0.365407E-03
  0.698109E-03     0.351643E-03     0.575598E-03     0.829983E-03     0.135132E-02
  0.338709E-03     0.370987E-03     0.372058E-03     0.840992E-03     0.506416E-03
  0.415262E-03     0.337829E-03     0.527094E-03     0.378111E-03     0.356854E-03
  0.111808E-02     0.188337E-02     0.831270E-03     0.359847E-03     0.308051E-03
  0.531160E-03     0.345507E-03     0.790964E-03     0.294306E-03     0.346148E-03
  0.421177E-03     0.384755E-03     0.119841E-02     0.305053E-03     0.322827E-03
  0.477194E-03     0.266287E-02     0.160378E-02     0.618559E-03     0.396784E-03
  0.593812E-03     0.436721E-03     0.355776E-03     0.321804E-03     0.503581E-03
  0.342375E-03     0.115283E-02     0.822602E-03     0.791256E-03     0.508321E-03
  0.477319E-03     0.526977E-03     0.676176E-03     0.438057E-03     0.295065E-03
  0.311275E-03     0.296124E-03     0.633308E-03     0.915769E-03     0.469362E-03
  0.373795E-03     0.161052E-02     0.306667E-03     0.370624E-03     0.429641E-03
  0.339938E-03     0.386630E-03     0.402934E-03     0.402178E-03     0.414171E-03
  0.416384E-03     0.417621E-03     0.355949E-03     0.751376E-03     0.105735E-02
  0.161096E-02     0.520340E-03     0.303636E-03     0.385390E-03     0.189293E-02
  0.304039E-03     0.980379E-03     0.388976E-03     0.326681E-03     0.441783E-03
  0.543223E-03     0.897170E-03     0.173398E-02     0.452999E-03     0.762438E-03
  0.126895E-02     0.161694E-02     0.621092E-03     0.833842E-03     0.366288E-03
  0.581133E-03     0.274891E-03     0.765052E-03     0.677248E-03     0.460539E-03
  0.365622E-03     0.395450E-03     0.647820E-03     0.636501E-03     0.547261E-03
  0.930977E-03     0.661227E-03     0.488424E-03     0.454773E-03     0.353019E-02
  0.545469E-03     0.302558E-02     0.918462E-03     0.263618E-03     0.112237E-02
  0.315130E-03     0.354178E-03     0.386377E-03     0.393367E-03     0.261436E-03
  0.254322E-03     0.659167E-03     0.114017E-02     0.325866E-03     0.268417E-03
  0.383112E-03     0.410409E-03     0.440102E-03     0.447570E-03     0.299778E-03
  0.616995E-03     0.364630E-03     0.307726E-03     0.317755E-03     0.614477E-03
  0.510891E-03     0.497866E-03     0.299061E-03     0.523563E-03     0.477813E-03
  0.752694E-03     0.285514E-03     0.326778E-03     0.774414E-03     0.476785E-03
  0.320783E-03     0.477729E-03     0.332328E-03     0.387180E-03     0.346859E-03
  0.656964E-03     0.486366E-03     0.570341E-03     0.492804E-03     0.378970E-03
  0.325099E-03     0.391740E-03     0.557135E-03     0.415593E-03     0.452655E-03
  0.547327E-03     0.304119E-03     0.270371E-03     0.380212E-03     0.454978E-03
  0.335376E-03     0.568006E-03     0.332512E-03     0.295555E-03     0.443912E-03
  0.373836E-03     0.408474E-03     0.331584E-03     0.458142E-03     0.314114E-03
  0.525022E-03     0.474508E-03     0.671842E-03     0.304447E-03     0.373845E-03
  0.550455E-03     0.579963E-03     0.326176E-03     0.514321E-03     0.628961E-03
  0.406695E-03     0.360953E-03     0.610340E-03     0.430386E-03     0.360568E-03
  0.758068E-03     0.380277E-03     0.419195E-03     0.438047E-03     0.424272E-03
  0.558544E-03     0.539035E-03     0.360134E-03     0.396843E-03     0.438868E-03
  0.427082E-03     0.623812E-03     0.659956E-03     0.471319E-03     0.458338E-03
  0.553722E-03     0.393504E-03     0.560996E-03     0.419026E-03     0.687079E-03
  0.460886E-03     0.426256E-03     0.456397E-03     0.463491E-03     0.564439E-03
  0.643737E-03     0.598004E-03     0.617405E-03     0.576993E-03     0.641705E-03
  0.560807E-03     0.561072E-03     0.514474E-03     0.417777E-03     0.529346E-03
  0.565817E-03     0.464384E-03     0.484199E-03     0.987772E-03     0.790418E-03
  0.342314E-03     0.472691E-03     0.600571E-03     0.504264E-03     0.512852E-03
  0.708235E-03     0.630458E-03     0.594055E-03     0.614953E-03     0.477475E-03
  0.452789E-03     0.491071E-03     0.422848E-03     0.394246E-03     0.426112E-03
  0.581980E-03     0.443720E-03     0.431013E-03     0.490222E-03     0.646361E-03
  0.735446E-03     0.677039E-03     0.917587E-03     0.632107E-03     0.602464E-03
  0.766205E-03     0.709389E-03     0.114007E-02     0.649628E-03     0.653315E-03
  0.585397E-03     0.683955E-03     0.727803E-03     0.528736E-03     0.601613E-03
  0.679241E-03     0.591797E-03     0.642800E-03     0.719405E-03     0.674199E-03
  0.442332E-03     0.455910E-03     0.665237E-03     0.700567E-03     0.517064E-03
  0.692540E-03     0.606247E-03     0.522187E-03     0.579864E-03     0.556553E-03
  0.513366E-03     0.483078E-03     0.590240E-03     0.385826E-03     0.641681E-03
  0.517124E-03     0.735685E-03     0.622927E-03     0.635228E-03     0.541771E-03
  0.691366E-03     0.571416E-03     0.656461E-03     0.673626E-03     0.697742E-03
  0.879727E-03     0.686549E-03     0.542350E-03     0.414633E-03     0.533204E-03
  0.547518E-03     0.636519E-03     0.507363E-03     0.671888E-03     0.491704E-03
  0.640983E-03     0.611615E-03     0.457708E-03     0.635737E-03     0.693373E-03
  0.697195E-03     0.759871E-03     0.713285E-03     0.613397E-03     0.565426E-03
  0.439821E-03     0.510708E-03     0.102567E-02     0.892017E-03     0.770301E-03
  0.516769E-03     0.597435E-03     0.550601E-03     0.561529E-03     0.890660E-03
  0.709587E-03     0.587860E-03     0.860588E-03     0.543193E-03     0.426098E-03
  0.744119E-03     0.539570E-03     0.594245E-03     0.661468E-03     0.906137E-03
  0.733849E-03     0.876411E-03     0.737709E-03     0.642388E-03     0.912104E-03
  0.725583E-03     0.623834E-03     0.737260E-03     0.689215E-03     0.814503E-03
  0.622130E-03     0.661244E-03     0.560704E-03     0.558736E-03     0.529228E-03
  0.509555E-03     0.642514E-03     0.695054E-03     0.559652E-03     0.649588E-03
  0.549676E-03     0.613886E-03     0.584496E-03     0.751042E-03     0.613016E-03
  0.732893E-03     0.824590E-03     0.829642E-03     0.819297E-03     0.763816E-03
  0.694879E-03     0.102314E-02     0.751844E-03     0.822720E-03     0.635634E-03
  0.819186E-03     0.701233E-03     0.696798E-03     0.103352E-02     0.707614E-03
  0.788132E-03     0.655515E-03     0.685961E-03     0.977698E-03     0.542933E-03
  0.943406E-03     0.791195E-03     0.149732E-02     0.582112E-03     0.105134E-02
  0.685982E-03     0.813381E-03     0.996324E-03     0.668510E-03     0.894494E-03
  0.971619E-03     0.871627E-03     0.763354E-03     0.628112E-03     0.618690E-03
  0.587675E-03     0.326764E-03     0.999709E-03     0.464070E-03     0.596781E-03
  0.108002E-02     0.706757E-03     0.851658E-03     0.566911E-03     0.498603E-03
  0.707342E-03     0.511016E-03     0.575708E-03     0.667334E-03     0.118296E-02
  0.578214E-03     0.645430E-03     0.639848E-03     0.807360E-03     0.593364E-03
  0.328662E-03     0.562441E-03     0.853444E-03     0.378387E-03     0.674551E-03
  0.583694E-03     0.514310E-03     0.573570E-03     0.577119E-03     0.921815E-03
  0.550136E-03     0.530259E-03     0.543618E-03     0.528096E-03     0.741439E-03
  0.642023E-03     0.415557E-03     0.582837E-03     0.472694E-03     0.491942E-03
  0.529489E-03     0.435540E-03     0.467963E-03     0.438852E-03     0.614160E-03
  0.441156E-03     0.615395E-03     0.448120E-03     0.437913E-03     0.387791E-03
  0.361073E-03     0.525644E-03     0.460589E-03     0.699151E-03     0.545376E-03
  0.457217E-03     0.800986E-03     0.537195E-03     0.629386E-03     0.517951E-03
  0.454749E-03     0.480789E-03     0.668802E-03     0.511222E-03     0.485301E-03
  0.530069E-03     0.644500E-03     0.616452E-03     0.465318E-03     0.668208E-03
  0.718581E-03     0.710914E-03     0.666742E-03     0.357646E-03     0.536377E-03
  0.544364E-03     0.457174E-03     0.761617E-03     0.810421E-03     0.707180E-03
  0.489007E-03     0.447686E-03     0.611232E-03     0.663211E-03     0.559879E-03
  0.419532E-03     0.606573E-03     0.626761E-03     0.585821E-03     0.689995E-03
  0.654716E-03     0.680993E-03     0.786473E-03     0.580357E-03     0.553713E-03
  0.678311E-03     0.819308E-03     0.718008E-03     0.749364E-03     0.704047E-03
  0.993935E-03     0.645431E-03     0.548114E-03     0.599885E-03     0.484861E-03
  0.586751E-03     0.573287E-03     0.579485E-03     0.595762E-03     0.558393E-03
  0.597436E-03     0.570149E-03     0.487777E-03     0.555928E-03     0.658137E-03
  0.630445E-03     0.576078E-03     0.576459E-03     0.429459E-03     0.608664E-03
  0.658040E-03     0.615181E-03     0.708028E-03     0.536074E-03     0.634479E-03
  0.482865E-03     0.550967E-03     0.474596E-03     0.599509E-03     0.542910E-03
  0.673115E-03     0.535113E-03     0.835964E-03     0.634245E-03     0.646435E-03
  0.757229E-03     0.549609E-03     0.498100E-03     0.499225E-03     0.569827E-03
  0.600722E-03     0.610298E-03     0.616137E-03     0.503607E-03     0.610102E-03
  0.650715E-03     0.552951E-03     0.718249E-03     0.574762E-03     0.596866E-03
  0.542406E-03     0.545019E-03     0.495733E-03     0.563643E-03     0.568380E-03
  0.587418E-03     0.411913E-03     0.566700E-03     0.648318E-03     0.509661E-03
  0.610111E-03     0.586928E-03     0.575288E-03     0.598004E-03     0.686727E-03
  0.851988E-03     0.552234E-03     0.493272E-03     0.703806E-03     0.696992E-03
  0.517217E-03     0.577658E-03     0.571797E-03     0.477700E-03     0.557673E-03
  0.524520E-03     0.557647E-03     0.656200E-03     0.624979E-03     0.633112E-03
  0.654054E-03     0.521190E-03     0.532446E-03     0.736561E-03     0.443887E-03
  0.535450E-03     0.767997E-03     0.779259E-03     0.674496E-03     0.608136E-03
  0.642843E-03     0.698403E-03     0.625491E-03     0.764568E-03     0.718089E-03
  0.598910E-03     0.596527E-03     0.673444E-03     0.678325E-03     0.849676E-03
  0.894182E-03     0.632640E-03     0.665051E-03     0.537566E-03     0.738058E-03
  0.709316E-03     0.755967E-03     0.662186E-03     0.674690E-03     0.615710E-03
  0.698153E-03     0.676108E-03     0.639317E-03     0.682000E-03     0.722410E-03
  0.761267E-03     0.572288E-03     0.661180E-03     0.666216E-03     0.908588E-03
  0.590201E-03     0.639465E-03     0.673466E-03     0.833089E-03     0.643593E-03
  0.616307E-03     0.759360E-03     0.779966E-03     0.765653E-03     0.926058E-03
  0.760198E-03     0.722791E-03     0.671379E-03     0.754951E-03     0.708890E-03
  0.639698E-03     0.682301E-03     0.709003E-03     0.618949E-03     0.655784E-03
  0.673180E-03     0.627572E-03     0.690131E-03     0.654076E-03     0.744731E-03
  0.800649E-03     0.673148E-03     0.761024E-03     0.736648E-03     0.748209E-03
  0.772446E-03     0.727089E-03     0.733470E-03     0.768638E-03     0.874785E-03
  0.728358E-03     0.908697E-03     0.721709E-03     0.809038E-03     0.663926E-03
  0.610050E-03     0.696403E-03     0.760518E-03     0.668167E-03     0.714844E-03
  0.768103E-03     0.786138E-03     0.593254E-03     0.769379E-03     0.728623E-03
  0.982024E-03     0.765439E-03     0.929916E-03     0.807998E-03     0.818586E-03
  0.669224E-03     0.616930E-03     0.709071E-03     0.779190E-03     0.738514E-03
  0.871790E-03     0.975877E-03     0.790379E-03     0.902417E-03     0.802663E-03
  0.712206E-03     0.734609E-03     0.874128E-03     0.895974E-03     0.777625E-03
  0.703076E-03     0.928036E-03     0.784378E-03     0.626467E-03     0.673173E-03
  0.913047E-03     0.782998E-03     0.839280E-03     0.922894E-03     0.722128E-03
  0.996525E-03     0.829627E-03     0.915616E-03     0.776878E-03     0.811230E-03
  0.911032E-03     0.712008E-03     0.929097E-03     0.947910E-03     0.971670E-03
  0.863176E-03     0.865686E-03     0.817519E-03     0.647030E-03     0.931007E-03
  0.826287E-03     0.646852E-03     0.796384E-03     0.745810E-03     0.753073E-03
  0.658361E-03     0.110874E-02     0.715913E-03     0.740567E-03     0.785012E-03
  0.886698E-03     0.864620E-03     0.764850E-03     0.129512E-02     0.925937E-03
  0.844249E-03     0.637014E-03     0.937620E-03     0.111814E-02     0.911128E-03
  0.100896E-02     0.834469E-03     0.804404E-03     0.980693E-03     0.897904E-03
  0.866138E-03     0.741987E-03     0.702989E-03     0.771071E-03     0.867553E-03
  0.825025E-03     0.776966E-03     0.105311E-02     0.630585E-03     0.769154E-03
  0.653643E-03     0.778724E-03     0.831973E-03     0.796291E-03     0.651918E-03
  0.711182E-03     0.785310E-03     0.719118E-03     0.627113E-03     0.482685E-03
  0.699360E-03     0.771212E-03     0.753575E-03     0.661546E-03     0.787096E-03
  0.674956E-03     0.775528E-03     0.655420E-03     0.777354E-03     0.691148E-03
  0.840923E-03     0.945597E-03     0.104912E-02     0.957167E-03     0.747125E-03
  0.841896E-03     0.954140E-03     0.933412E-03     0.745826E-03     0.109629E-02
  0.880047E-03     0.852618E-03     0.944380E-03     0.728205E-03     0.695896E-03
  0.670691E-03     0.104139E-02     0.959673E-03     0.132459E-02     0.106888E-02
  0.966420E-03     0.887776E-03     0.101719E-02     0.100366E-02     0.778911E-03
  0.878955E-03     0.816357E-03     0.129508E-02     0.748285E-03     0.810535E-03
  0.116392E-02     0.844727E-03     0.716033E-03     0.123480E-02     0.101576E-02
  0.886036E-03     0.777463E-03     0.832730E-03     0.719164E-03     0.118873E-02
  0.547117E-03     0.862561E-03     0.105247E-02     0.108761E-02     0.637354E-03
  0.739411E-03     0.811979E-03     0.190819E-02     0.644169E-03     0.660118E-03
  0.204475E-02     0.771748E-03     0.132274E-02     0.100825E-02     0.137548E-02
  0.137653E-02     0.100845E-02     0.992003E-03     0.853497E-03     0.746796E-03
  0.790839E-03     0.833583E-03     0.104063E-02     0.103263E-02     0.107791E-02
  0.103005E-02     0.700624E-03     0.106194E-02     0.979383E-03     0.129433E-02
  0.117854E-02     0.665964E-03     0.100794E-02     0.104745E-02     0.683311E-03
  0.634069E-03     0.685700E-03     0.705756E-03     0.800014E-03     0.216259E-02
  0.650638E-03     0.116124E-02     0.687454E-03     0.775801E-03     0.965271E-03
  0.118473E-02     0.115989E-02     0.151997E-02     0.506074E-03     0.880585E-03
  0.139027E-02     0.781680E-03     0.829047E-03     0.103978E-02     0.790849E-03
  0.973256E-03     0.892261E-03     0.630624E-03     0.672303E-03     0.653134E-03
  0.118326E-02     0.100065E-02     0.104976E-02     0.842548E-03     0.832948E-03
  0.101218E-02     0.157571E-02     0.116091E-02     0.660384E-03     0.975041E-03
  0.893139E-03     0.115401E-02     0.623426E-03     0.122255E-02     0.889699E-03
  0.827035E-03     0.145595E-02     0.866969E-03     0.688098E-03     0.717247E-03
  0.756854E-03     0.669845E-03     0.906417E-03     0.669505E-03     0.109065E-02
  0.123898E-02     0.600919E-03     0.115798E-02     0.125757E-02     0.945663E-03
  0.109364E-02     0.138301E-02     0.572613E-03     0.837437E-03     0.661774E-03
  0.790849E-03     0.113936E-02     0.101111E-02     0.990769E-03     0.661903E-03
  0.250254E-02     0.138410E-02     0.345914E-02     0.486379E-02     0.261004E-02
  0.260255E-02     0.232800E-02     0.726140E-02     0.420181E-02     0.543086E-02
  0.879888E-02     0.899839E-02     0.680735E-02     0.144719E-01     0.137893E-01
  0.127560E-01     0.151001E-01     0.139596E-01     0.186527E-01     0.226963E-01
  0.239001E-01     0.301257E-01     0.350831E-01     0.318467E-01     0.294151E-01
  0.362726E-01     0.272739E-01     0.405285E-01     0.384014E-01     0.384603E-01
  0.364554E-01     0.621018E-01     0.582419E-01     0.501868E-01     0.395073E-01
  0.489848E-01     0.664314E-01     0.428198E-01     0.679480E-01     0.872526E-01
  0.413130E-01     0.817144E-01     0.789752E-01     0.100038E+00     0.136969E+00
  0.172188E+00     0.117397E+00     0.842954E-01     0.138795E+00     0.143718E+00
  0.156800E+00     0.159037E+00     0.204985E+00     0.243890E+00     0.220499E+00
  0.200375E+00     0.259435E+00     0.386031E+00
 eigen energies, in ev
    -44.569080       -44.448290       -44.391500       -44.230724       -44.161619
    -29.219850       -29.087969       -28.976890       -28.959611       -28.958695
    -28.700744       -28.689504       -28.622052       -28.621225       -28.604282
    -28.597658       -28.597402       -28.587528       -28.535879       -28.528323
    -28.505805       -28.498294       -28.457554       -28.412156       -28.370577
    -28.359355       -28.342211       -28.295893       -28.265827       -28.175447
    -28.147552       -28.122280       -28.105038       -28.040746       -28.033960
    -28.031292       -28.025077       -28.013271       -27.986049       -27.938785
    -27.916444       -27.904406       -27.889146       -27.807202       -27.796241
    -27.721428       -27.656289       -27.615546       -27.598662       -27.561839
    -27.517518       -27.501475       -27.498774       -27.488940       -27.476921
    -27.428396       -27.403265       -27.375945       -27.365450       -27.334363
    -27.321511       -27.316347       -27.312670       -27.280255       -27.269875
    -27.219199       -27.189752       -27.172746       -27.168734       -27.086313
    -27.040864       -27.009207       -26.961940       -26.894042       -26.847904
    -26.803079       -26.768989       -26.754737       -26.741415       -26.674239
    -26.646267       -26.637494       -26.629683       -26.592495       -26.575185
    -26.560562       -26.551588       -26.517849       -26.496493       -26.484468
    -26.475992       -26.424455       -26.410265       -26.333985       -26.309542
    -26.304045       -26.286433       -26.273004       -26.254096       -26.245227
    -26.242817       -26.214933       -26.200455       -26.183313       -26.178132
    -26.131302       -26.130116       -26.114597       -26.079581       -26.042030
    -26.038093       -26.033164       -26.008214       -26.007123       -25.975969
    -25.974298       -25.921845       -25.890631       -25.865588       -25.858535
    -25.840320       -25.839726       -25.801230       -25.775692       -25.680518
    -25.617776       -25.526750       -25.517505       -25.514955       -25.465790
    -25.459772       -25.458575       -25.349477       -25.324837       -25.183672
    -24.478245       -24.263108       -24.216691       -23.963767       -23.853258
    -23.760179       -23.745968       -23.622924       -23.589770       -23.552290
    -23.545464       -23.464772       -23.415892       -23.354592       -23.211251
    -23.129302       -23.096982       -23.024304       -22.997647       -22.963136
    -22.937712       -22.911576       -22.888261       -22.825344       -22.792898
    -22.708104       -22.616810       -22.354560       -22.319735       -22.212686
    -22.177263       -22.156050       -22.048589       -22.029446       -21.980846
    -21.911496       -21.802015       -21.705724       -21.566359       -21.481699
    -21.425460       -21.377257       -21.297068       -21.262450       -21.174655
    -21.127001       -21.120839       -21.111663       -21.068154       -21.032192
    -21.016754       -20.758910       -20.705134       -20.431973       -20.243740
    -18.878159       -18.456150       -18.334179       -18.219858       -18.148633
    -16.176808       -16.066038       -15.947741       -15.936677       -15.914343
    -15.773838       -15.751788       -15.679902       -15.634711       -15.473407
    -15.467746       -15.444175       -15.403362       -15.390448       -15.329548
    -15.286662       -15.275998       -15.264055       -15.208647       -15.098633
    -15.097117       -14.994376       -14.966757       -14.926589       -14.737448
    -14.732832       -14.726553       -14.697768       -14.645464       -14.629296
    -14.591881       -14.568115       -14.412146       -14.387919       -14.377420
    -14.356558       -14.321144       -14.299931       -14.281078       -14.236389
    -13.883342       -13.846989       -13.773243       -13.693700       -13.688837
    -13.667349       -13.665126       -13.626992       -13.616963       -13.554471
    -13.522895       -13.519290       -13.431611       -13.425907       -13.403102
    -13.379781       -13.372632       -13.352693       -13.331379       -13.281260
    -13.193076       -13.174984       -13.143707       -13.113264       -13.093410
    -13.073553       -13.066334       -12.941142       -12.872942       -12.787715
    -12.557016       -12.321574       -12.304963       -12.257677       -12.181902
    -12.171580       -12.098672       -12.067300       -12.011993       -12.000533
    -11.997313       -11.965321       -11.939919       -11.932811       -11.839679
    -11.829842       -11.818277       -11.771383       -11.751330       -11.731391
    -11.705080       -11.696588       -11.689906       -11.608840       -11.540947
    -11.520470       -11.473941       -11.457114       -11.444549       -11.433803
    -11.414256       -11.396414       -11.388337       -11.343105       -11.335406
    -11.313027       -11.285576       -11.284625       -11.272861       -11.266426
    -11.113799       -11.092137       -11.049839       -11.012499       -10.934872
    -10.907030       -10.854695       -10.797810       -10.779509       -10.746327
    -10.721441       -10.686434       -10.661430       -10.639718       -10.639330
    -10.596379       -10.588393       -10.572616       -10.546885       -10.538201
    -10.526034       -10.501028       -10.498869       -10.491335       -10.486658
    -10.480025       -10.460155       -10.448108       -10.442245       -10.437872
    -10.405659       -10.405052       -10.373072       -10.370024       -10.365464
    -10.354957       -10.338552       -10.337032       -10.320964       -10.312906
    -10.293241       -10.283175       -10.274350       -10.259096       -10.243473
    -10.238299       -10.214795       -10.196436       -10.190189       -10.185253
    -10.180422       -10.169511       -10.155450       -10.140430       -10.135524
    -10.121386       -10.094410       -10.076515       -10.073703       -10.045237
    -10.044863       -10.022284       -10.021151       -10.015200       -10.008107
    -10.003090        -9.992487        -9.980269        -9.977293        -9.954238
     -9.942824        -9.924495        -9.920360        -9.911776        -9.906711
     -9.891782        -9.889271        -9.882263        -9.870792        -9.798796
     -9.766666        -9.754346        -9.747032        -9.740223        -9.716896
     -9.697548        -9.663746        -9.654679        -9.648421        -9.638639
     -9.635718        -9.615292        -9.600022        -9.582228        -9.575497
     -9.570560        -9.563971        -9.531253        -9.528936        -9.521086
     -9.496854        -9.478232        -9.462809        -9.451929        -9.435208
     -9.423918        -9.411830        -9.383956        -9.383459        -9.375798
     -9.355872        -9.347360        -9.336835        -9.334993        -9.328352
     -9.317659        -9.285204        -9.222203        -9.211626        -9.200885
     -9.185013        -9.174055        -9.170811        -9.149315        -9.137649
     -9.123048        -9.115860        -9.112903        -9.096619        -9.085531
     -9.068517        -9.058497        -9.045650        -9.035809        -9.015106
     -9.004824        -8.997392        -8.987490        -8.974584        -8.955135
     -8.944087        -8.935737        -8.932665        -8.919342        -8.907484
     -8.883848        -8.845708        -8.842845        -8.836358        -8.815413
     -8.807414        -8.794844        -8.764954        -8.755794        -8.747485
     -8.739362        -8.715225        -8.642782        -8.618809        -8.613140
     -8.582996        -8.564179        -8.532725        -8.523903        -8.487732
     -8.474352        -8.457462        -8.421840        -8.418401        -8.400770
     -8.397372        -8.388564        -8.384679        -8.323500        -8.297896
     -8.286662        -8.278899        -8.263032        -8.254750        -8.195301
     -8.189509        -8.171950        -8.168194        -8.149538        -8.147285
     -8.115525        -8.077639        -7.982698        -7.974814        -7.961950
     -7.912459        -7.887287        -7.851150        -7.839817        -7.824707
     -7.812739        -7.802905        -7.782895        -7.778963        -7.706418
     -7.698412        -7.691852        -7.669644        -7.665176        -7.646519
     -7.632630        -7.610197        -7.591976        -7.559315        -7.547382
     -7.532398        -7.503534        -7.477632        -7.418613        -7.392999
     -7.392070        -7.389545        -7.371380        -7.358052        -7.348205
     -7.298830        -7.294567        -7.280775        -7.255808        -7.247645
     -7.239461        -7.232908        -7.215421        -7.185366        -7.181706
     -7.123500        -7.113626        -7.101273        -7.093242        -7.086639
     -7.052152        -7.024840        -7.018617        -7.014402        -6.998448
     -6.972128        -6.963482        -6.954245        -6.934679        -6.932390
     -6.926619        -6.901039        -6.890651        -6.883883        -6.867732
     -6.862612        -6.858629        -6.851540        -6.842078        -6.831491
     -6.819034        -6.806506        -6.764864        -6.755946        -6.754393
     -6.744264        -6.715174        -6.708856        -6.700963        -6.692073
     -6.679836        -6.671094        -6.662147        -6.646190        -6.637483
     -6.635837        -6.594061        -6.592928        -6.580773        -6.577443
     -6.552281        -6.532441        -6.522644        -6.511643        -6.505613
     -6.495552        -6.490072        -6.481008        -6.479738        -6.463633
     -6.457004        -6.439957        -6.433275        -6.408885        -6.395717
     -6.380139        -6.359621        -6.357719        -6.348910        -6.345773
     -6.329596        -6.326113        -6.320995        -6.307521        -6.296111
     -6.280469        -6.275463        -6.258031        -6.237474        -6.226432
     -6.222859        -6.212799        -6.200341        -6.177886        -6.167783
     -6.160276        -6.143827        -6.120897        -6.116398        -6.108011
     -6.087772        -6.066694        -6.064799        -6.059019        -6.054900
     -6.049476        -6.043957        -6.035488        -6.032309        -6.021968
     -6.014331        -6.005454        -5.996317        -5.991108        -5.988199
     -5.982884        -5.977448        -5.966381        -5.965323        -5.956593
     -5.950453        -5.940363        -5.935258        -5.917687        -5.910221
     -5.905192        -5.901228        -5.896276        -5.879830        -5.873067
     -5.865535        -5.856726        -5.854033        -5.845058        -5.829916
     -5.824052        -5.813178        -5.802973        -5.800402        -5.791773
     -5.789313        -5.772058        -5.763802        -5.758704        -5.755864
     -5.748004        -5.742934        -5.738734        -5.730606        -5.724159
     -5.714404        -5.705192        -5.703601        -5.695880        -5.690550
     -5.678211        -5.667940        -5.657641        -5.653556        -5.645277
     -5.638776        -5.628256        -5.623550        -5.613444        -5.607341
     -5.602262        -5.595861        -5.591518        -5.590051        -5.583969
     -5.568781        -5.565257        -5.553861        -5.546823        -5.528071
     -5.522512        -5.514609        -5.512380        -5.509579        -5.506257
     -5.505206        -5.497342        -5.493635        -5.478054        -5.468926
     -5.465321        -5.464436        -5.454813        -5.444627        -5.439591
     -5.437322        -5.431627        -5.428371        -5.422844        -5.407794
     -5.401776        -5.398807        -5.396178        -5.380887        -5.360589
     -5.360326        -5.346373        -5.335057        -5.329705        -5.321998
     -5.317229        -5.306553        -5.303308        -5.301180        -5.299928
     -5.282767        -5.279137        -5.267669        -5.262322        -5.256583
     -5.244373        -5.232633        -5.224266        -5.217398        -5.210933
     -5.209465        -5.200318        -5.196984        -5.190599        -5.188467
     -5.179071        -5.168453        -5.156959        -5.151208        -5.144543
     -5.143173        -5.137473        -5.136377        -5.126944        -5.121815
     -5.115043        -5.109552        -5.100184        -5.098359        -5.089968
     -5.088077        -5.084904        -5.076966        -5.073612        -5.066594
     -5.061296        -5.053267        -5.049188        -5.048894        -5.038092
     -5.034185        -5.027596        -5.009289        -5.000510        -4.995699
     -4.986531        -4.977353        -4.973048        -4.971326        -4.968433
     -4.951188        -4.949415        -4.946335        -4.940835        -4.937522
     -4.925302        -4.914756        -4.913871        -4.908953        -4.895116
     -4.894302        -4.888984        -4.855926        -4.854447        -4.842702
     -4.833333        -4.831967        -4.825955        -4.820976        -4.817387
     -4.814378        -4.806793        -4.805336        -4.803494        -4.794374
     -4.786787        -4.766754        -4.737608        -4.729926        -4.713919
     -4.709770        -4.701965        -4.691428        -4.677130        -4.663067
     -4.640464        -4.624024        -4.606584        -4.590930        -4.572175
     -4.559294        -4.553366        -4.537105        -4.535536        -4.524301
     -4.519396        -4.509978        -4.502295        -4.490300        -4.462660
     -4.449871        -4.428904        -4.416197        -4.408502        -4.395649
     -4.379148        -4.351763        -4.346606        -4.319306        -4.296703
     -4.287739        -4.273198        -4.266826        -4.253104        -4.234464
     -4.181152        -4.172794        -4.165374        -4.158465        -4.144982
     -4.133010        -4.120502        -4.099267        -4.084663        -4.082668
     -4.079615        -4.054086        -4.044213        -4.019490        -3.998289
     -3.992331        -3.949891        -3.932771        -3.922254        -3.916052
     -3.896291        -3.846900        -3.838768        -3.833952        -3.813865
     -3.791533        -3.788037        -3.758050        -3.736808        -3.696316
     -3.690349        -3.653233        -3.647398        -3.636829        -3.620025
     -3.589895        -3.577817        -3.553790        -3.480918        -3.449883
     -3.434768        -3.429105        -3.421069        -3.406754        -3.394165
     -3.376636        -3.371924        -3.363218        -3.360298        -3.320744
     -3.282791        -3.276089        -3.245453        -3.243463        -3.232212
     -3.216961        -3.214162        -3.184249        -3.173167        -3.167060
     -3.141390        -3.112550        -3.109054        -3.066643        -3.059715
     -3.056773        -3.037797        -3.032535        -3.014401        -2.990624
     -2.984470        -2.980402        -2.950746        -2.939242        -2.907968
     -2.878619        -2.852875        -2.846895        -2.824880        -2.823339
     -2.816277        -2.811765        -2.795223        -2.784353        -2.774641
     -2.762875        -2.748087        -2.713692        -2.705797        -2.698461
     -2.654568        -2.635957        -2.622436        -2.611185        -2.605561
     -2.589348        -2.578438        -2.564595        -2.563099        -2.553212
     -2.547380        -2.533920        -2.475190        -2.455250        -2.407216
     -2.392651        -2.373572        -2.364270        -2.356267        -2.325848
     -2.320341        -2.296004        -2.271193        -2.245530        -2.215457
     -2.174969        -2.164298        -2.102552        -2.034304        -2.008987
     -1.985514        -1.951391        -1.931801        -1.922797        -1.625109
      2.271487         2.427182         2.548744         2.675832         2.833351
      2.963196         3.084237         3.239263         3.286892         3.360962
      3.398940         3.470124         3.506733         3.541247         3.595998
      3.629821         3.672544         3.749624         3.774337         3.843510
      3.849378         3.900832         3.972437         4.010683         4.022290
      4.038907         4.061281         4.104099         4.120196         4.158549
      4.166440         4.194075         4.206417         4.236569         4.263282
      4.271533         4.297824         4.321608         4.336916         4.362942
      4.381839         4.398703         4.425617         4.437467         4.456724
      4.507022         4.520955         4.543462         4.587161         4.610658
      4.620962         4.679805         4.687494         4.694450         4.726629
      4.746236         4.775544         4.788114
 *********************************
 sum eigen(dbl occ, ryd)=  -1552.33178336741     
 *********************************
 Ef(eV)= -0.339341026103556     
 ***************************************************
 iter=          23
 ---------------------------------------------------
 dvE, dvE(n)-dvE(n-1) = 0.7061E-06 -.3136E-06
 dv_ave, drho_tot     = 0.8403E-03 0.2492E-03
 err of ug            = 0.5302E-04
 ---------------------------------------------------
 Ewald        = -.40302743199754E+05
 Alpha        = 0.15207970391171E+04
 E_extV       = 0.00000000000000E+00    0.0000E+00
 E_NSC        = -.21581267946433E+05    0.6021E+00
 E[-rho*V_Hxc]= -.12517790946018E+06    -.5984E+00
 E_Hxc        = 0.52643476857815E+05    0.6265E+00
 -TS          = -.35505862133968E-26    0.0000E+00
 E_tot(eV)    = -.13289764670944E+06    0.3745E-02
 ---------------------------------------------------
 E_ion,E_coul,E_xc =   -226347.4498355   81500.4119902  -28856.9351324
Ewald+Hart+ion    -0.1851497810451E+06
 ave(vtot)=ave_(V_xc)=: v0= -0.281993725219437     
 Eigen energies are values after setting ave_vtot=0
 ----------------------------------
--E_kin+E_nonloc(from Etotcalc)--  0.7958827243E+05
 TEST fatom (local and nlocal)         460
 0.509523E+02 -0.317724E+02 -0.248863E+01   -0.498541E+02  0.317365E+02  0.327542E+01
 0.109943E+02  0.530260E+02 -0.407373E+02   -0.107733E+02 -0.506797E+02  0.400758E+02
 0.622225E+01 -0.609747E+02  0.579340E+01   -0.648106E+01  0.611648E+02 -0.562518E+01
 0.251257E+02  0.144156E+02 -0.534637E+02   -0.248577E+02 -0.142241E+02  0.532476E+02
 0.706233E+01 -0.529026E+02  0.318973E+02   -0.655135E+01  0.526956E+02 -0.316683E+02
 0.279228E+02  0.459851E+02  0.323239E+02   -0.274339E+02 -0.460879E+02 -0.329359E+02
-0.112511E+02  0.553222E+02 -0.938146E+01    0.118310E+02 -0.561456E+02  0.948582E+01
-0.340638E+02 -0.415339E+02 -0.548123E+02    0.316106E+02  0.390423E+02  0.508953E+02
 0.563367E+01  0.403354E+02  0.597174E+02   -0.468003E+01 -0.379348E+02 -0.573654E+02
 0.570594E+02 -0.339160E+02 -0.121569E+02   -0.554926E+02  0.327410E+02  0.123730E+02
-0.698838E+00 -0.428213E+02  0.517675E+02    0.353455E+00  0.417387E+02 -0.501318E+02
-0.183759E+01 -0.405023E+02 -0.616277E+02    0.243613E+01  0.388406E+02  0.584183E+02
 0.442140E+02  0.406994E+02 -0.115291E+02   -0.439010E+02 -0.406869E+02  0.114956E+02
-0.981730E+01 -0.377179E+02 -0.540777E+02    0.105685E+02  0.355224E+02  0.522817E+02
-0.118300E+02  0.235970E+02 -0.552475E+02    0.119461E+02 -0.241043E+02  0.549051E+02
-0.558196E+02 -0.255914E+02  0.216277E+02    0.552141E+02  0.247602E+02 -0.214094E+02
 0.237257E+02  0.203933E+02 -0.557739E+02   -0.226390E+02 -0.192664E+02  0.544148E+02
 0.262078E+02  0.313457E+02  0.506732E+02   -0.265014E+02 -0.301974E+02 -0.503238E+02
-0.110145E+02  0.553624E+02 -0.254950E+02    0.114543E+02 -0.553853E+02  0.262711E+02
-0.299270E+02 -0.597514E+01  0.560621E+02    0.295561E+02  0.644416E+01 -0.556165E+02
 0.607868E+02 -0.317732E+01  0.116822E+02   -0.614396E+02  0.318519E+01 -0.120564E+02
-0.277385E+02 -0.202597E+02  0.496390E+02    0.279207E+02  0.199936E+02 -0.491651E+02
-0.329354E+00 -0.662286E+02  0.215437E+02   -0.104610E+00  0.643880E+02 -0.207534E+02
-0.574567E+02  0.189744E+02 -0.259237E+02    0.558231E+02 -0.187438E+02  0.265098E+02
 0.253594E+01  0.658708E+02  0.359547E+01   -0.370268E+01 -0.625139E+02 -0.389415E+01
-0.147222E+02 -0.168209E+02 -0.623001E+02    0.146174E+02  0.163832E+02  0.613063E+02
 0.433342E+01 -0.595438E+02 -0.168086E+02   -0.436660E+01  0.594888E+02  0.169118E+02
 0.108802E+02  0.295090E+01  0.588522E+02   -0.111909E+02 -0.307580E+01 -0.590362E+02
 0.967800E+01  0.233379E+02  0.618851E+02   -0.101042E+02 -0.222689E+02 -0.607411E+02
-0.544738E+02  0.296358E+01 -0.193831E+02    0.560138E+02 -0.224848E+01  0.199407E+02
 0.555510E+02  0.221436E+01  0.342869E+02   -0.540266E+02 -0.330354E+01 -0.329380E+02
 0.166012E+02 -0.226579E+02 -0.601830E+02   -0.167477E+02  0.223229E+02  0.589522E+02
-0.405910E+02 -0.937800E+01  0.472616E+02    0.398950E+02  0.103189E+02 -0.457436E+02
-0.377730E+02  0.187202E+00 -0.457284E+02    0.378262E+02 -0.388482E+00  0.450468E+02
-0.662726E+02 -0.124700E+02  0.668688E+00    0.650071E+02  0.119049E+02 -0.697244E+00
 0.501364E+01  0.566219E+02 -0.261098E+02   -0.467960E+01 -0.562549E+02  0.255418E+02
-0.451793E+02 -0.576198E+02 -0.524525E+00    0.425202E+02  0.545392E+02 -0.795882E-01
 0.446801E+02  0.189314E+01 -0.563302E+02   -0.418920E+02 -0.259633E+01  0.529207E+02
 0.723145E+02  0.187357E+02 -0.440006E+00   -0.674285E+02 -0.171851E+02 -0.134787E-01
-0.259483E+02  0.426973E+02  0.309551E+02    0.257734E+02 -0.434333E+02 -0.312691E+02
 0.293278E+02 -0.207529E+02 -0.516913E+02   -0.291246E+02  0.207709E+02  0.508314E+02
-0.209173E+02 -0.570874E+02  0.348104E+02    0.197447E+02  0.545398E+02 -0.333113E+02
 0.574544E+02 -0.234763E+02 -0.489185E+00   -0.581894E+02  0.229868E+02  0.496043E+00
-0.122936E+02  0.937762E+01  0.613197E+02    0.121842E+02 -0.971554E+01 -0.618363E+02
-0.340386E+02 -0.193170E+02 -0.446923E+02    0.340793E+02  0.185313E+02  0.454548E+02
-0.328023E+02  0.874521E+01  0.529738E+02    0.326959E+02 -0.877112E+01 -0.535575E+02
 0.300661E+02  0.382776E+02  0.277663E+02   -0.312468E+02 -0.393981E+02 -0.279700E+02
 0.374406E+02 -0.759952E+01 -0.494156E+02   -0.376372E+02  0.763590E+01  0.487162E+02
-0.697034E+01 -0.225623E+02  0.613920E+02    0.663541E+01  0.226522E+02 -0.583920E+02
-0.394383E+02 -0.472273E+02 -0.362956E+02    0.375079E+02  0.446429E+02  0.334610E+02
-0.595241E+02 -0.421860E+01  0.195383E+02    0.580526E+02  0.338531E+01 -0.199713E+02
-0.117896E+00  0.428893E+02 -0.529237E+02    0.347537E+00 -0.422458E+02  0.506495E+02
 0.131571E+02 -0.622137E+02  0.133779E+02   -0.125747E+02  0.607956E+02 -0.133857E+02
 0.528732E+01  0.106839E+02 -0.646966E+02   -0.461846E+01 -0.104210E+02  0.628727E+02
-0.215086E+02  0.597686E+02  0.146595E+02    0.212108E+02 -0.592873E+02 -0.150246E+02
-0.114676E+02 -0.335892E+02  0.520499E+02    0.114580E+02  0.333896E+02 -0.512892E+02
-0.312772E+02  0.364247E+02  0.435679E+02    0.308888E+02 -0.360320E+02 -0.422480E+02
 0.440118E+02  0.446341E+02 -0.337395E+02   -0.409298E+02 -0.427530E+02  0.325342E+02
 0.645908E+02  0.907330E+01  0.232661E+02   -0.629544E+02 -0.885075E+01 -0.230842E+02
-0.542291E+01 -0.441582E+02 -0.412315E+02    0.639352E+01  0.439489E+02  0.398002E+02
-0.468122E+02  0.426924E+02 -0.219452E+02    0.466098E+02 -0.413522E+02  0.214526E+02
 0.266175E+02 -0.252878E+02 -0.469437E+02   -0.260931E+02  0.258802E+02  0.462566E+02
-0.518798E+02 -0.158335E+02 -0.227292E+02    0.525304E+02  0.165025E+02  0.232370E+02
 0.289766E+02 -0.612189E+02  0.150302E+02   -0.280775E+02  0.600042E+02 -0.140901E+02
-0.130531E+02  0.100315E+02  0.601584E+02    0.128664E+02 -0.893013E+01 -0.595995E+02
 0.264251E+02  0.486788E+02 -0.335023E+02   -0.263257E+02 -0.477411E+02  0.338821E+02
 0.457778E+02  0.182012E+02  0.235200E+02   -0.470727E+02 -0.185842E+02 -0.231772E+02
 0.273584E+02 -0.141217E+02 -0.638436E+02   -0.270047E+02  0.136078E+02  0.612460E+02
-0.400213E+02  0.478807E+02  0.292436E+01    0.396082E+02 -0.473602E+02 -0.293698E+01
 0.176092E+02 -0.120401E+02 -0.661165E+02   -0.174367E+02  0.113684E+02  0.635573E+02
 0.420513E+02 -0.530514E+02 -0.179152E+02   -0.401612E+02  0.508927E+02  0.168981E+02
 0.518652E+01  0.668373E+01  0.701598E+02   -0.556737E+01 -0.656452E+01 -0.667558E+02
 0.250998E+02 -0.265945E+02 -0.567646E+02   -0.241554E+02  0.264711E+02  0.543563E+02
-0.852548E+01  0.626864E+02 -0.360447E+01    0.908928E+01 -0.620140E+02  0.330537E+01
-0.226239E+02  0.404660E+02  0.405170E+02    0.224160E+02 -0.405182E+02 -0.404553E+02
-0.564674E+01 -0.591933E+02  0.252092E+02    0.488104E+01  0.580745E+02 -0.242228E+02
 0.507327E+02  0.462645E+02 -0.888997E+01   -0.482262E+02 -0.447379E+02  0.864298E+01
-0.274021E+02  0.987344E+01  0.593633E+02    0.264817E+02 -0.926114E+01 -0.568126E+02
-0.588523E+02 -0.657206E+01  0.813124E+01    0.596542E+02  0.704171E+01 -0.809346E+01
 0.887294E+01  0.479710E+02 -0.348969E+02   -0.913676E+01 -0.490339E+02  0.359164E+02
-0.705032E+02  0.871944E+01 -0.256147E+01    0.660250E+02 -0.826093E+01  0.185269E+01
 0.275105E+02  0.621369E+02  0.760946E+01   -0.263492E+02 -0.596274E+02 -0.663869E+01
-0.247657E+02  0.260467E+02  0.542448E+02    0.254011E+02 -0.250894E+02 -0.530673E+02
 0.662617E+02 -0.522167E+01 -0.560075E+01   -0.652481E+02  0.577637E+01  0.636205E+01
-0.122866E+02  0.401833E+02 -0.445903E+02    0.114534E+02 -0.400580E+02  0.448969E+02
 0.565476E+02  0.152131E+01 -0.577427E+01   -0.577009E+02 -0.213296E+01  0.676721E+01
 0.351268E+02 -0.316968E+02  0.464333E+02   -0.348046E+02  0.310677E+02 -0.449356E+02
-0.635498E+02 -0.106382E+01  0.941234E+01    0.625958E+02  0.136103E+01 -0.858403E+01
-0.372980E+01 -0.665934E+02  0.203682E+02    0.302291E+01  0.635456E+02 -0.192143E+02
 0.418661E+02  0.317206E+02  0.431557E+02   -0.408594E+02 -0.298199E+02 -0.391673E+02
 0.691231E+01  0.591837E+02  0.209881E+02   -0.659325E+01 -0.586632E+02 -0.208941E+02
-0.124193E+02  0.512370E+01 -0.570641E+02    0.124536E+02 -0.530962E+01  0.576002E+02
-0.297484E+02  0.163924E+02  0.605595E+02    0.293690E+02 -0.157699E+02 -0.580600E+02
-0.344703E+01  0.501473E+02 -0.363989E+02    0.403269E+01 -0.498754E+02  0.362387E+02
 0.492392E+02  0.165021E+02 -0.364229E+02   -0.493525E+02 -0.155750E+02  0.348468E+02
 0.282236E+02  0.149709E+02  0.543215E+02   -0.288357E+02 -0.155992E+02 -0.532338E+02
-0.540777E+02 -0.297113E+02 -0.854080E+01    0.533693E+02  0.295857E+02  0.833842E+01
 0.373160E+02 -0.215148E+02 -0.409730E+02   -0.374784E+02  0.217418E+02  0.403054E+02
 0.649037E+02  0.160951E+02 -0.689891E+01   -0.631909E+02 -0.158827E+02  0.770567E+01
-0.294803E+02  0.336316E+02  0.485955E+02    0.295480E+02 -0.327713E+02 -0.474467E+02
 0.127587E+02 -0.666665E+02 -0.279141E+01   -0.122221E+02  0.651658E+02  0.176680E+01
 0.482676E+02  0.243019E+02  0.156038E+02   -0.493748E+02 -0.247908E+02 -0.163549E+02
-0.476343E+02 -0.370109E+02 -0.205152E+02    0.464348E+02  0.368147E+02  0.208457E+02
-0.166480E+02  0.594967E+02 -0.520150E+01    0.165247E+02 -0.597093E+02  0.598471E+01
 0.113951E+02  0.545794E+02  0.321117E+02   -0.112502E+02 -0.527409E+02 -0.310733E+02
-0.627822E+02 -0.231577E+02  0.241090E+02    0.611433E+02  0.223437E+02 -0.241063E+02
 0.383362E+02  0.354716E+02 -0.241584E+02   -0.381874E+02 -0.359515E+02  0.242853E+02
-0.526490E+02  0.378567E+02  0.412772E+01    0.513285E+02 -0.374464E+02 -0.465661E+01
 0.563985E+02  0.270213E+02 -0.109782E+01   -0.562554E+02 -0.261233E+02  0.218116E+01
-0.114725E+02 -0.366985E+02  0.491878E+02    0.115788E+02  0.375216E+02 -0.479304E+02
-0.680765E+02 -0.972219E+01 -0.127695E+02    0.664089E+02  0.944274E+01  0.128994E+02
 0.295579E+02  0.631150E+01 -0.621922E+02   -0.284384E+02 -0.542124E+01  0.605672E+02
 0.233228E+02 -0.133942E+02  0.589987E+02   -0.220101E+02  0.136599E+02 -0.577394E+02
-0.440812E+02 -0.492201E+02 -0.810206E+01    0.424532E+02  0.466539E+02  0.694365E+01
 0.407868E+02  0.476204E+02 -0.296435E+02   -0.387478E+02 -0.453795E+02  0.284577E+02
-0.176502E+02  0.256575E+02  0.559831E+02    0.171268E+02 -0.259382E+02 -0.553092E+02
 0.484857E+02  0.384954E+02  0.150068E+02   -0.481008E+02 -0.379809E+02 -0.146769E+02
 0.239558E+02 -0.572567E+02 -0.110290E+02   -0.233443E+02  0.557008E+02  0.120818E+02
-0.430656E+02  0.473760E+02 -0.470050E+01    0.440453E+02 -0.470507E+02  0.415923E+01
 0.146033E+02 -0.259188E+02 -0.535982E+02   -0.142630E+02  0.270468E+02  0.536738E+02
 0.190787E+02 -0.419378E+02  0.193386E+02   -0.194602E+02  0.429459E+02 -0.194146E+02
 0.165074E+02 -0.421983E+01  0.506279E+02   -0.162885E+02  0.402143E+01 -0.504093E+02
-0.103632E+02  0.537691E+02  0.153132E+02    0.947288E+01 -0.524965E+02 -0.148901E+02
 0.102495E+02 -0.489314E+02 -0.309742E+02   -0.968934E+01  0.480631E+02  0.300452E+02
-0.204205E+02 -0.474435E+02 -0.939860E+01    0.201267E+02  0.475928E+02  0.932325E+01
 0.637300E+01  0.436590E+02  0.285663E+02   -0.679278E+01 -0.432281E+02 -0.282376E+02
 0.523136E+02 -0.761854E+01  0.360806E+02   -0.499700E+02  0.704768E+01 -0.342560E+02
 0.513510E+02 -0.173259E+02  0.344675E+01   -0.505400E+02  0.173928E+02 -0.277655E+01
-0.105792E+02 -0.489779E+01  0.538660E+02    0.986228E+01  0.460386E+01 -0.530598E+02
 0.335743E+01  0.144766E+02 -0.536119E+02   -0.353342E+01 -0.145352E+02  0.533367E+02
-0.200688E+02  0.490286E+02  0.277949E+02    0.199325E+02 -0.506010E+02 -0.293367E+02
-0.916574E+01  0.525233E+02  0.194642E+02    0.828680E+01 -0.524846E+02 -0.204464E+02
 0.284849E+02 -0.421817E+02 -0.275196E+02   -0.291292E+02  0.433527E+02  0.277976E+02
-0.104839E+02  0.476460E+02 -0.396385E+02    0.122747E+02 -0.482475E+02  0.403170E+02
 0.493687E+02 -0.232436E+02  0.247673E+02   -0.496543E+02  0.245728E+02 -0.238988E+02
-0.185878E+02  0.120469E+02 -0.571951E+02    0.206735E+02 -0.112369E+02  0.591596E+02
 0.501377E+02 -0.153198E+02  0.333937E+02   -0.511221E+02  0.182535E+02 -0.321849E+02
-0.585068E+02  0.112061E+02  0.986175E+01    0.577051E+02 -0.109017E+02 -0.892794E+01
-0.500847E+02 -0.490189E+01  0.319209E+02    0.511301E+02  0.323046E+01 -0.317315E+02
 0.253971E+02  0.193536E+02 -0.514308E+02   -0.264868E+02 -0.194112E+02  0.513636E+02
-0.155607E+02 -0.318548E+02 -0.519724E+02    0.147758E+02  0.313075E+02  0.517185E+02
 0.477892E+01 -0.541764E+02  0.310734E+02   -0.369149E+01  0.549600E+02 -0.318193E+02
-0.397919E+02 -0.348071E+02 -0.353106E+02    0.404875E+02  0.367710E+02  0.330512E+02
-0.367454E+01 -0.535598E+02  0.204788E+02    0.376676E+01  0.531168E+02 -0.215585E+02
-0.547305E+01 -0.419352E+02 -0.447073E+02    0.408614E+01  0.424639E+02  0.438075E+02
 0.544824E+02 -0.247405E+01  0.177381E+02   -0.554136E+02  0.105937E+01 -0.206251E+02
-0.416090E+02  0.303663E+02 -0.271934E+02    0.406939E+02 -0.317295E+02  0.284690E+02
 0.609785E+01  0.451894E+02  0.335930E+02   -0.464790E+01 -0.442143E+02 -0.333690E+02
-0.562462E+01 -0.463376E+02 -0.350145E+02    0.502846E+01  0.438498E+02  0.336562E+02
 0.274007E+02 -0.341847E+02  0.356444E+02   -0.277325E+02  0.329200E+02 -0.340739E+02
-0.227026E+02  0.250018E+02 -0.498918E+02    0.209684E+02 -0.227608E+02  0.485358E+02
-0.405018E+02  0.294104E+02  0.316991E+02    0.411668E+02 -0.287433E+02 -0.318882E+02
 0.351507E+02 -0.370082E+02 -0.283409E+02   -0.333244E+02  0.362481E+02  0.275758E+02
 0.227170E+02 -0.491387E+02 -0.208016E+02   -0.226927E+02  0.480328E+02  0.206080E+02
-0.235849E+02  0.515149E+02  0.208551E+02    0.226864E+02 -0.503218E+02 -0.204214E+02
-0.547582E+02  0.211470E+02 -0.113640E+01    0.544145E+02 -0.220976E+02  0.512674E+00
 0.488129E+02 -0.248029E+02  0.965848E+01   -0.476964E+02  0.250073E+02 -0.100101E+02
 0.105165E+02  0.386422E+02 -0.466535E+02   -0.802113E+01 -0.396627E+02  0.443738E+02
-0.483886E+01 -0.221033E+02  0.542989E+02    0.466004E+01  0.202567E+02 -0.524031E+02
 0.379394E+02  0.367365E+02 -0.279633E+02   -0.375091E+02 -0.359641E+02  0.272059E+02
-0.273087E+02 -0.352518E+02  0.377883E+02    0.266633E+02  0.361015E+02 -0.389935E+02
-0.522602E+02  0.283359E+02 -0.764667E+01    0.507061E+02 -0.290321E+02  0.765748E+01
 0.396733E+02 -0.355679E+02  0.130158E+02   -0.385995E+02  0.360204E+02 -0.131409E+02
 0.385088E+02 -0.302792E+02  0.355283E+02   -0.384787E+02  0.313793E+02 -0.355781E+02
-0.367141E+02  0.144384E+02 -0.398298E+02    0.371664E+02 -0.136649E+02  0.411867E+02
 0.458745E+02  0.193326E+02 -0.440798E+02   -0.444157E+02 -0.189055E+02  0.431300E+02
-0.477309E+02 -0.184835E+02 -0.259535E+02    0.477232E+02  0.188988E+02  0.267138E+02
-0.482766E+02 -0.322394E+02 -0.599889E+01    0.476408E+02  0.317673E+02  0.602179E+01
-0.746596E+01  0.610450E+02 -0.478090E+01    0.785721E+01 -0.623057E+02  0.458729E+01
-0.515603E+02 -0.261125E+02 -0.235582E+02    0.521790E+02  0.267571E+02  0.245631E+02
 0.472159E+02  0.748435E+01 -0.392318E+02   -0.475568E+02 -0.757888E+01  0.392373E+02
-0.343471E+00 -0.205096E+02  0.562827E+02   -0.180765E+00  0.198793E+02 -0.539147E+02
 0.495584E+02  0.390217E+02 -0.171239E+02   -0.468530E+02 -0.361587E+02  0.162359E+02
 0.273796E+02  0.178648E+02 -0.567865E+02   -0.264028E+02 -0.178130E+02  0.561212E+02
-0.463733E+02  0.371885E+02  0.194631E+02    0.466949E+02 -0.377498E+02 -0.194236E+02
 0.465495E+02 -0.352471E+02  0.141174E+02   -0.444291E+02  0.343696E+02 -0.139319E+02
-0.532897E+02 -0.278227E+02  0.124491E+02    0.541899E+02  0.290261E+02 -0.127517E+02
-0.270988E+02 -0.520923E+02  0.201757E+01    0.273887E+02  0.524054E+02 -0.136079E+01
-0.246616E+02  0.471100E+02  0.233660E+02    0.243219E+02 -0.461336E+02 -0.233812E+02
 0.515038E+00  0.283223E+02 -0.577736E+02   -0.547689E+00 -0.272164E+02  0.569171E+02
-0.320974E+02 -0.548622E+02  0.187450E+01    0.319117E+02  0.550948E+02 -0.116683E+01
 0.130373E+02  0.603968E+02 -0.233981E+00   -0.128943E+02 -0.592349E+02 -0.317016E+00
 0.468735E+02 -0.398530E+02 -0.703804E+01   -0.465819E+02  0.393317E+02  0.678646E+01
-0.599436E+02 -0.826355E+01  0.116521E+02    0.601818E+02  0.863166E+01 -0.116629E+02
 0.331453E+02 -0.536967E+02  0.801187E+01   -0.318615E+02  0.528567E+02 -0.805824E+01
-0.167018E+02 -0.708127E+01  0.689538E+01    0.161977E+02  0.567465E+01 -0.643052E+01
 0.105252E+02 -0.875787E+01  0.213316E+01   -0.120305E+02  0.990901E+01 -0.118111E+01
-0.152878E+02  0.880882E+01  0.441515E+01    0.163017E+02 -0.733689E+01 -0.303860E+01
-0.150493E+02  0.222862E+01 -0.134807E+02    0.148488E+02 -0.281568E+01  0.131181E+02
 0.671147E+01 -0.589558E+01  0.200576E+02   -0.445634E+01  0.828509E+01 -0.161358E+02
-0.148680E+02 -0.621238E+00 -0.120486E+02    0.115633E+02 -0.125706E+01  0.989392E+01
 0.124484E+02 -0.812020E+01 -0.591250E+00   -0.132360E+02  0.575653E+01 -0.130729E+01
-0.891428E+01  0.137965E+02  0.145394E+01    0.105690E+02 -0.106405E+02  0.308500E+00
-0.134260E+02  0.318992E+01  0.167848E+02    0.122161E+02 -0.273378E+00 -0.159119E+02
 0.159097E+02  0.682317E+01  0.113917E+02   -0.156596E+02 -0.567861E+01 -0.117164E+02
-0.117436E+02 -0.165554E+02  0.676198E+00    0.121899E+02  0.136735E+02 -0.110728E+01
 0.157512E+01  0.963116E+01  0.111830E+02   -0.350788E+01 -0.924747E+01 -0.112243E+02
-0.219105E+01 -0.131791E+02 -0.105126E+02    0.355854E+01  0.131459E+02  0.109828E+02
-0.100973E+02  0.452907E+01 -0.170582E+02    0.102017E+02 -0.339964E+01  0.194777E+02
 0.172122E+02  0.101808E+02 -0.505274E+01   -0.149317E+02 -0.893386E+01  0.338305E+01
 0.484980E+01 -0.110051E+02  0.141764E+02   -0.470783E+01  0.104588E+02 -0.132573E+02
-0.722502E+01 -0.853339E+01  0.891616E+01    0.758428E+01  0.579696E+01 -0.875057E+01
 0.796212E+01  0.111257E+02 -0.964339E+01   -0.897704E+01 -0.109151E+02  0.981717E+01
 0.125305E+02 -0.127888E+02 -0.104155E+02   -0.129327E+02  0.101720E+02  0.898632E+01
-0.161445E+02  0.119010E+02  0.495675E+01    0.149193E+02 -0.946381E+01 -0.493005E+01
 0.195132E+02  0.698762E-01 -0.118686E+01   -0.212670E+02 -0.202160E+00  0.185180E+00
-0.438953E+01 -0.215215E+00 -0.126740E+02    0.419318E+01 -0.302796E+00  0.135835E+02
 0.964441E+01 -0.343949E+01  0.145009E+02   -0.804296E+01  0.213377E+01 -0.145018E+02
 0.207556E+01  0.140207E+02  0.162815E+02   -0.165994E+01 -0.101266E+02 -0.141247E+02
-0.884907E+01 -0.182941E+02 -0.365753E+01    0.558257E+01  0.180011E+02  0.350526E+01
-0.859928E+00  0.173065E+02  0.511483E+01    0.186534E+01 -0.159618E+02 -0.524252E+01
-0.330517E+01 -0.943074E+01  0.983673E+01    0.151804E+01  0.952133E+01 -0.106669E+02
-0.239425E+01  0.124963E+02 -0.101562E+02    0.209612E+01 -0.114744E+02  0.941028E+01
 0.195236E+02  0.774094E+01 -0.349669E+01   -0.182050E+02 -0.723297E+01  0.336327E+01
-0.182344E+02 -0.681470E+01  0.328962E+01    0.190855E+02  0.782085E+01 -0.314574E+01
 0.114202E+02  0.159208E+02 -0.673414E+01   -0.973512E+01 -0.130296E+02  0.650615E+01
-0.592537E+01 -0.766873E+01 -0.111849E+02    0.577329E+01  0.523073E+01  0.103741E+02
 0.105690E+02  0.307239E+01  0.139091E+02   -0.109074E+02 -0.487726E+01 -0.132975E+02
-0.360538E+01  0.148731E+02  0.150758E+02    0.281851E+01 -0.136588E+02 -0.138144E+02
 0.119202E+02 -0.730375E+01 -0.150998E+02   -0.107531E+02  0.693171E+01  0.169566E+02
-0.540776E+01 -0.179988E+02 -0.325076E+01    0.272240E+01  0.158577E+02  0.381339E+01
 0.119541E+02  0.556194E+01 -0.588379E+01   -0.118477E+02 -0.750040E+01  0.422481E+01
-0.132504E+02 -0.328685E+01  0.119854E+02    0.107967E+02  0.311061E+01 -0.124614E+02
 0.171896E+01 -0.809580E+01  0.199465E+02   -0.326066E+01  0.499765E+01 -0.198256E+02
 0.412827E+01  0.191892E+02  0.457236E+01   -0.561347E+01 -0.179194E+02 -0.648814E+01
-0.458725E+01 -0.179457E+02 -0.855637E+01    0.451025E+01  0.156161E+02  0.817813E+01
 0.616892E+01  0.876118E+01 -0.837643E+01   -0.566505E+01 -0.846210E+01  0.901949E+01
-0.102410E+02 -0.116319E+02  0.930798E+01    0.958866E+01  0.145185E+02 -0.857545E+01
 0.424101E+01 -0.120526E+02  0.174506E+02   -0.296428E+01  0.124155E+02 -0.147652E+02
-0.141900E+02  0.789574E+01 -0.117600E+02    0.133753E+02 -0.581943E+01  0.103843E+02
-0.513706E+01 -0.105906E+02  0.165623E+02    0.477109E+01  0.970320E+01 -0.140805E+02
 0.703711E+01 -0.386003E+01  0.118969E+02   -0.795511E+01  0.520618E+01 -0.111156E+02
-0.134870E+01  0.236666E+01 -0.153353E+02    0.438259E+01 -0.195351E+01  0.163011E+02
-0.544841E+01 -0.167104E+02 -0.127536E+02    0.302898E+01  0.151663E+02  0.106605E+02
 0.140330E+02 -0.137581E+02  0.229707E+01   -0.150275E+02  0.152168E+02 -0.388023E+01
 0.103622E+02 -0.165893E+02 -0.207727E+01   -0.747551E+01  0.131577E+02  0.210966E+01
 0.570686E+00  0.135525E+02  0.459475E+01    0.914268E+00 -0.118821E+02 -0.413414E+01
-0.859712E+01 -0.144717E+02 -0.542948E+01    0.640858E+01  0.127364E+02  0.335884E+01
-0.120738E+02 -0.132196E+02  0.860684E+01    0.135688E+02  0.134988E+02 -0.961126E+01
 0.849736E+01  0.508547E+01 -0.188930E+02   -0.768566E+01 -0.565591E+01  0.158166E+02
-0.495114E+01  0.852017E+01 -0.162174E+02    0.730546E+01 -0.756108E+01  0.136309E+02
-0.119557E+02  0.887657E+01 -0.327690E+01    0.978922E+01 -0.106127E+02  0.318935E+00
 0.100321E+02 -0.113545E+02  0.429071E+01   -0.123839E+02  0.112973E+02 -0.462049E+01
 0.336573E+01 -0.183539E+02 -0.721756E+01   -0.606853E+01  0.169364E+02  0.437313E+01
-0.134062E+02 -0.124216E+02 -0.369408E+01    0.151032E+02  0.106302E+02  0.411866E+01
 0.557149E+01  0.123797E+02  0.123803E+02   -0.458094E+01 -0.122335E+02 -0.134132E+02
 0.582261E+01  0.136660E+01  0.131311E+02   -0.432892E+01 -0.149843E+01 -0.111650E+02
-0.975119E+01 -0.177461E+01 -0.139255E+02    0.790863E+01 -0.336516E+00  0.137198E+02
-0.176272E+02  0.951415E+01  0.352148E+01    0.180185E+02 -0.756769E+01 -0.859192E+00
 0.191575E+02 -0.779011E+01 -0.187872E-02   -0.192472E+02  0.722726E+01 -0.238792E+01
 0.119592E+02 -0.734660E+01 -0.120446E+02   -0.862625E+01  0.641528E+01  0.118833E+02
 0.449963E+01  0.115845E+02  0.662085E+01   -0.538003E+01 -0.116267E+02 -0.841162E+01
-0.771298E+00 -0.149147E+02 -0.612631E+01    0.194719E+01  0.163956E+02  0.766943E+01
-0.123055E+02 -0.345547E+01 -0.178364E+02    0.112316E+02  0.287811E+01  0.173259E+02
 0.878052E+01 -0.560227E+01  0.162195E+02   -0.794168E+01  0.535054E+01 -0.134665E+02
 0.194001E+01  0.145627E+02 -0.109038E+02   -0.382119E+01 -0.133524E+02  0.116109E+02
 0.511820E+01  0.502887E+00  0.136949E+02   -0.300664E+01  0.661915E+00 -0.128930E+02
-0.109512E+02 -0.717263E+01 -0.102835E+02    0.107856E+02  0.536708E+01  0.952258E+01
-0.180256E+02  0.537561E+01 -0.705801E+01    0.192211E+02 -0.520729E+01  0.655973E+01
 0.112946E+01 -0.110317E+02  0.173548E+02   -0.300256E+01  0.880379E+01 -0.164452E+02
 0.140898E+01 -0.244581E+00  0.243618E+01   -0.133036E+01  0.919084E+00 -0.279205E+01
-0.114129E+02  0.594848E+00  0.777476E+01    0.121039E+02  0.128741E+01 -0.631619E+01
 0.627996E+01  0.212248E+01 -0.891139E+01   -0.380199E+01  0.114934E+01  0.957262E+01
 0.187132E+01  0.518253E+00 -0.295201E+01   -0.125554E+01 -0.137691E+01  0.318849E+01
-0.147970E+01  0.169597E+01  0.120782E+01    0.463797E+01 -0.435979E+00  0.131164E+00
-0.142194E+02 -0.669400E+01 -0.889003E+00    0.131858E+02  0.550089E+01 -0.103692E+01
 0.949162E+01  0.158911E+01 -0.344579E+01   -0.941095E+01  0.101671E+01  0.387175E+01
 0.436298E+01  0.122886E+01 -0.694039E+00   -0.539507E+01 -0.120255E+01  0.366292E+00
 0.212714E+01 -0.214519E+00  0.143635E+01   -0.555658E+00  0.220985E+00 -0.165483E+01
 0.215644E+01  0.151239E+02 -0.987160E+00   -0.374651E+01 -0.145845E+02  0.268897E+00
-0.354924E+01 -0.875715E+01 -0.433048E+01    0.576702E+01  0.735299E+01  0.472841E+01
 0.393445E+00 -0.299840E+01  0.636208E+00   -0.257241E+01  0.171151E+01 -0.138684E+01
 0.287848E+00  0.306525E+01  0.135462E+01   -0.381525E+01 -0.364403E+01 -0.243055E+01
 0.147197E+02 -0.917813E-02  0.404175E+01   -0.135520E+02 -0.707730E+00 -0.506067E+01
-0.731360E+01 -0.161696E+01 -0.696822E+01    0.567128E+01  0.282067E+01  0.718833E+01
-0.299539E+01 -0.452390E+00 -0.224220E+01    0.341652E+01  0.121624E+01  0.397978E+01
-0.286195E+00 -0.299820E+01  0.173099E+00    0.136349E+00  0.367863E+01 -0.197978E+01
-0.134567E+02  0.870272E+00  0.478679E+01    0.132523E+02 -0.241201E+01 -0.753415E+01
 0.883964E+01  0.547309E+01 -0.151347E+01   -0.685008E+01 -0.598372E+01  0.567267E+00
 0.381488E+01 -0.732460E+00 -0.205464E+01   -0.350607E+01  0.192954E+01  0.240190E+01
-0.535195E+00  0.338989E+01  0.139923E+01   -0.173864E+01 -0.572929E+01 -0.152962E+01
 0.128114E+02  0.727123E+01  0.107864E+01   -0.137147E+02 -0.586705E+01 -0.159154E+01
-0.574457E+01 -0.973493E+01  0.129336E+01    0.550036E+01  0.103207E+02  0.863657E+00
-0.260195E+01 -0.366803E+01 -0.685874E+00    0.364876E+01  0.407501E+01  0.155734E+01
 0.168234E+01  0.124461E+01 -0.137994E+01   -0.355153E+01 -0.304964E+01  0.512498E+00
 0.116140E+02 -0.955760E+01  0.431883E+01   -0.954000E+01  0.116641E+02 -0.469605E+01
-0.996665E+01  0.400495E+01  0.185441E+01    0.660666E+01 -0.969530E+00 -0.128613E+01
-0.120004E+01  0.164245E+01 -0.112735E+01    0.261061E+01 -0.228690E+01  0.117909E+01
 0.809633E+00  0.232394E+01 -0.556678E+00   -0.337482E+01 -0.374023E+01 -0.234033E+00
-0.124038E+02  0.544515E+01  0.814508E+01    0.934183E+01 -0.529883E+01 -0.912499E+01
 0.548197E+01 -0.958707E+01 -0.560184E+00   -0.351549E+01  0.679404E+01  0.259666E+01
 0.225781E+01 -0.479584E+00 -0.126168E+01   -0.272613E+01  0.560030E+00 -0.112147E+01
-0.115488E+00  0.251932E+01 -0.131652E-01   -0.192905E+01 -0.436689E+01 -0.165146E+01
 0.150340E+02  0.836836E+01 -0.156542E+01   -0.119884E+02 -0.576636E+01  0.225829E+01
-0.894643E+01 -0.857664E+01  0.319390E+00    0.840838E+01  0.882580E+01 -0.502494E+00
-0.307181E+01 -0.312168E+01 -0.991836E+00    0.300968E+01  0.261620E+01  0.115588E+01
-0.300640E+00 -0.317071E+00  0.181829E+01    0.710417E+00  0.102709E+01 -0.128642E+01
-0.142652E+02  0.273103E+01  0.399311E+01    0.133073E+02 -0.345078E+01 -0.309430E+01
 0.679423E+01 -0.181002E+01 -0.883725E+01   -0.696389E+01  0.151274E+00  0.655374E+01
 0.230857E+01 -0.223216E+01 -0.175996E+01   -0.241608E+01  0.196234E+01  0.322850E+01
-0.749660E+00 -0.255273E+01  0.177297E+01    0.472578E+00  0.156949E+01 -0.148980E+01
 0.133915E+01 -0.100053E+01 -0.236186E+01   -0.117835E+01  0.855263E+00  0.165074E+01
-0.312956E+01  0.799848E+00 -0.142601E+00    0.223990E+01 -0.376599E+00 -0.248429E+00
-0.101297E+01 -0.267187E+00  0.226288E+01    0.699536E+00  0.533520E+00 -0.198209E+01
 0.991562E+00 -0.168410E+01  0.260183E+01   -0.323003E+00  0.159395E+01 -0.146583E+01
-0.187123E+00 -0.261995E-01 -0.746175E+00   -0.142665E-02  0.109614E+01  0.136728E+01
-0.183487E+01  0.163328E+01  0.863995E+00    0.190295E+01 -0.993924E+00  0.536572E-01
 0.837241E+00  0.276602E+01  0.223064E+01   -0.394711E+00 -0.196819E+01 -0.122281E+01
-0.759638E+00  0.203534E+01 -0.501961E+00    0.272074E+00 -0.195776E+01  0.489805E+00
-0.101940E+01 -0.348915E+00  0.180523E+01    0.803795E+00  0.319960E+00 -0.189263E+01
-0.111710E+01 -0.313308E+01 -0.394439E+01    0.875539E+00  0.158232E+01  0.179842E+01
 0.211271E+01 -0.822586E-01 -0.227768E+01   -0.123530E+01 -0.285368E+00  0.180459E+01
 0.363117E+00 -0.126494E+01  0.171750E+00   -0.188759E+00  0.184977E+01  0.376215E+00
 0.166381E+00  0.204125E+00  0.148398E+01   -0.205874E+00 -0.289144E+00 -0.193809E+01
 0.300853E+00 -0.149782E+01 -0.247197E-01   -0.181212E+00  0.198361E+01 -0.168975E+00
-0.831112E+00  0.167930E+01 -0.642814E+00    0.392650E+00 -0.199335E+01 -0.156640E+00
-0.164436E+01  0.136757E+01 -0.104026E+01    0.107272E+01 -0.163690E+01  0.749534E+00
 0.198075E+01 -0.567214E-02 -0.116271E+01   -0.135781E+01  0.435201E+00  0.149487E+01
 0.229983E+01 -0.180627E+00  0.336032E+01   -0.110918E+01  0.403586E-01 -0.205909E+01
-0.994280E+00 -0.257776E+01  0.150272E+01   -0.492559E-01  0.196475E+01 -0.107691E+01
 0.105551E+01 -0.142282E+01  0.144818E+00   -0.145970E+01  0.116173E+01 -0.737786E+00
-0.115424E+01  0.741587E+00  0.192726E+01    0.908527E+00 -0.854229E+00 -0.168721E+01
 0.768497E+00  0.264232E+01 -0.547985E+00   -0.750822E+00 -0.181397E+01  0.992518E+00
-0.126778E+01  0.709644E+00 -0.230305E+00    0.183103E+01 -0.663066E+00  0.567752E+00
-0.614584E+00  0.489335E+00  0.211530E+00    0.173397E+01  0.401479E+00  0.166744E-01
 0.235475E+00  0.446889E+00 -0.209093E+01   -0.682656E+00 -0.579698E+00  0.184080E+01
 0.110541E+01  0.135215E+01  0.917235E+00   -0.137260E+01 -0.114020E+01 -0.107260E+01
 0.414845E+01  0.361166E+00 -0.490618E+00   -0.234788E+01  0.130630E+00  0.450456E+00
 0.374918E+01  0.108427E+01  0.225844E+01   -0.198777E+01 -0.472983E+00 -0.126870E+01
 0.811849E+00 -0.148221E+00 -0.105556E+01   -0.403455E+00  0.107264E+01  0.147563E+01
-0.106260E+01 -0.130219E+01  0.112649E+01    0.104357E+01  0.165622E+01 -0.671942E+00
-0.606259E+00  0.186825E+01  0.315532E+01    0.240253E+00 -0.156848E+01 -0.171099E+01
 0.102100E+01  0.902232E+00  0.355049E+00   -0.161516E+01 -0.728140E+00 -0.708955E+00
 0.499079E+00 -0.785041E+00 -0.262399E+01   -0.503278E+00  0.687358E+00  0.198527E+01
-0.132187E+01 -0.230609E+01  0.112686E+01    0.955767E+00  0.170281E+01 -0.107523E+01
-0.277463E+01 -0.388676E+00 -0.751466E+00    0.200439E+01  0.517637E+00  0.768236E+00
-0.594824E+00  0.585253E+00  0.101560E+01    0.600059E+00 -0.916854E+00 -0.156615E+01
-0.631615E-01 -0.328025E+01  0.439074E+00   -0.108732E+00  0.213087E+01 -0.618868E+00
 0.666446E+00 -0.158836E+01 -0.493111E+00   -0.620875E+00  0.194729E+01 -0.197729E-01
 0.107307E+01 -0.269451E+01 -0.197791E+01   -0.713481E+00  0.192251E+01  0.113336E+01
-0.151368E+01  0.408034E+00  0.100676E+01    0.105853E+01 -0.574582E+00 -0.154095E+01
 0.240646E+01  0.926593E+00  0.642497E+00   -0.184224E+01 -0.668412E+00 -0.688872E+00
-0.676886E+00 -0.269097E+01 -0.650787E+00    0.821916E+00  0.195674E+01  0.730699E+00
 0.337734E+00 -0.162049E-01 -0.100707E+01   -0.158021E+00  0.107168E+01  0.153907E+01
 0.829810E+00  0.400639E+01 -0.487227E+00   -0.265162E+00 -0.224293E+01  0.635918E+00
-0.289169E+00 -0.898691E+00 -0.121456E+01    0.104622E+01  0.434574E+00  0.145010E+01
 0.193061E+00 -0.360122E+00 -0.411634E+00    0.119060E+01  0.108669E+01  0.698464E+00
-0.567213E+00 -0.118467E+01  0.423472E+00    0.290934E-01  0.190413E+01  0.427121E+00
 0.910289E+00  0.125553E+00 -0.172150E+00   -0.162150E+01 -0.845954E+00 -0.259134E+00
-0.145652E+01  0.802635E+00  0.306235E+01    0.120338E+01 -0.950203E+00 -0.160362E+01
-0.157389E+01  0.804376E+00  0.189835E+01    0.124688E+01 -0.454592E-01 -0.176978E+01
 0.211154E+01 -0.196780E+00 -0.175552E+01   -0.146313E+01  0.346287E+00  0.162223E+01
 0.280222E+01  0.518454E+00 -0.343578E+00   -0.190016E+01 -0.671718E+00  0.687095E+00
-0.173715E+01  0.171736E+01 -0.638573E+00    0.878218E+00 -0.184708E+01  0.119740E+00
 0.208604E+00 -0.350679E+01 -0.401362E+01   -0.399449E+00  0.189726E+01  0.166500E+01
 0.792265E+00 -0.223876E+01  0.117895E+01   -0.950444E+00  0.162889E+01 -0.102378E+01
 0.100623E+01  0.155570E+01  0.166886E+00   -0.123500E+01 -0.146734E+01 -0.314196E+00
-0.117419E+01 -0.525516E+00  0.223025E+01    0.125781E+01 -0.788888E-01 -0.169962E+01
-0.197957E+01  0.166875E+01 -0.395271E+01    0.537518E+00 -0.238406E+00  0.239529E+01
-0.119385E+01 -0.166515E+01  0.114016E+01    0.116193E+01  0.156030E+01 -0.846684E+00
-0.161565E+01 -0.461554E+00  0.127628E+01    0.146369E+01  0.624327E+00 -0.120278E+01
 0.149099E+01 -0.173108E+01 -0.310973E+00   -0.152476E+01  0.122993E+01 -0.361412E+00
 0.699996E+00  0.180068E+01  0.119494E+01   -0.796504E+00 -0.172789E+01 -0.635357E+00
-0.223188E+01 -0.195540E+01 -0.133355E+01    0.178919E+01  0.108250E+01  0.705503E+00
-0.106249E+01  0.145332E+01  0.249947E+00    0.455971E+00 -0.187989E+01 -0.830825E-01
-0.574250E+00  0.192519E-01 -0.264746E+01    0.211922E+00 -0.250419E+00  0.209224E+01
 0.765139E+00  0.165359E+01  0.100816E+01   -0.149889E+01 -0.115708E+01 -0.331125E+00
 0.123326E+01 -0.265758E+01  0.250052E+00   -0.970708E+00  0.174299E+01 -0.472975E+00
-0.704241E+00 -0.320113E+00  0.237530E+00   -0.674965E+00 -0.306548E+00 -0.144558E+01
-0.672126E+00  0.121527E+01 -0.629639E+00   -0.370906E+00 -0.168486E+01  0.640393E+00
-0.178279E+01 -0.411522E+00  0.537016E-01    0.182170E+01  0.834103E+00  0.100166E+00
-0.207752E+00 -0.235105E+01  0.657611E+00    0.236317E-01  0.193570E+01 -0.744407E+00
 0.341293E+00 -0.175667E+00 -0.247480E+00    0.472895E+00  0.782891E-01  0.158579E+01
 0.127102E+01  0.281778E+00  0.277520E+01   -0.105547E+01 -0.490030E+00 -0.178835E+01
 0.118787E+01 -0.115745E+01 -0.123359E+01   -0.130426E+01  0.702798E+00  0.138839E+01
-0.789924E+00  0.235772E+01 -0.900002E+00    0.475649E+00 -0.183087E+01  0.741301E+00
-0.467156E-01 -0.896718E+00  0.184141E+01   -0.381132E+00  0.897503E+00 -0.171881E+01
 0.190767E+01 -0.376206E-01 -0.560235E+00   -0.109696E+01  0.908984E+00  0.121793E+01
 0.168395E+00 -0.475062E-01 -0.382819E+00   -0.277566E+00 -0.164141E+01 -0.299539E+00
-0.212010E+01  0.108066E+01  0.764262E+00    0.153397E+01 -0.108129E+01 -0.848338E+00
 0.838903E-01  0.159213E+01 -0.263967E+01   -0.119049E+00 -0.377708E+00  0.210209E+01
 0.190502E+01 -0.753043E+00 -0.824220E+00   -0.158409E+01  0.953284E+00  0.801116E+00
-0.587375E-01 -0.995015E+00  0.281207E+01    0.223066E+00  0.595775E+00 -0.202321E+01
 0.262627E+00  0.492495E+00  0.536991E-01    0.124171E+01  0.661410E+00  0.770356E+00
 0.400556E-01  0.154525E+01 -0.160029E+01   -0.699672E-02 -0.147434E+01  0.138345E+01
-0.148406E+01  0.101359E+01  0.181941E+01    0.159567E+01 -0.356452E+00 -0.119734E+01
 0.417339E+01 -0.158403E+00  0.241141E+01   -0.207418E+01  0.655448E-01 -0.116497E+01
 0.909826E+00 -0.557841E+00 -0.179075E+01   -0.127645E+01  0.373747E+00  0.149272E+01
 0.289747E+00 -0.163447E+01  0.183201E+01   -0.326627E+00  0.157775E+01 -0.128838E+01
-0.145967E+01 -0.118200E+01  0.169089E+01    0.614149E+00  0.104228E+01 -0.158496E+01
-0.880167E+00  0.225472E+01  0.406998E+00    0.125853E+01 -0.152896E+01  0.352591E+00
-0.439814E+00 -0.310463E+01 -0.424731E+01    0.355511E+00  0.121369E+01  0.209219E+01
 0.187025E+01 -0.179946E+01  0.180029E+01   -0.997488E+00  0.149428E+01 -0.114761E+01
-0.258532E+01  0.892439E-01  0.722543E+00    0.195945E+01  0.392976E+00 -0.374231E+00
 0.413957E+00  0.661942E+00 -0.544307E-02   -0.313137E-01  0.617613E+00  0.148312E+01
-0.101080E+01  0.107203E+01 -0.887210E+00    0.113527E+01 -0.125801E+01  0.103375E+01
-0.361027E+00  0.987961E+00  0.423996E+01    0.938351E-01 -0.671975E+00 -0.226879E+01
 0.581752E+00 -0.238061E+01  0.566813E+00   -0.114993E+01  0.163449E+01 -0.433395E+00
 0.481028E-01  0.476558E+00 -0.283661E+00   -0.222671E-01 -0.118449E-01  0.173291E+01
-0.396338E+00  0.455801E+00 -0.608393E+00   -0.946334E+00 -0.108167E+01 -0.775045E+00
-0.814504E+00  0.267374E+00 -0.311207E+00    0.155985E+01 -0.451101E+00  0.752138E+00
-0.138019E+00  0.152479E-02  0.171149E+01    0.272877E+00 -0.997520E-01 -0.192495E+01
 0.276312E+01  0.279185E+01 -0.101231E+01   -0.144970E+01 -0.163784E+01  0.668064E+00
 0.105603E+01  0.507233E+00 -0.278049E+01   -0.816775E+00 -0.375619E+00  0.195186E+01
 0.320294E+01 -0.181776E+01  0.237320E+01   -0.161929E+01  0.138231E+01 -0.978705E+00
-0.271293E+01  0.395035E+00 -0.394885E+01    0.132905E+01 -0.502017E+00  0.189351E+01
 0.827269E+00 -0.290979E+01 -0.133202E+00   -0.594401E+00  0.204402E+01 -0.456898E+00
-0.181928E+01  0.105125E+01  0.251105E+01    0.126038E+01 -0.398812E+00 -0.165861E+01
 0.459461E+00  0.320194E+01 -0.379922E-01   -0.267936E+00 -0.213050E+01  0.255893E+00
 0.328122E+01 -0.147055E+01  0.125944E+01   -0.183029E+01  0.108748E+01 -0.565144E+00
-0.399099E+00 -0.122208E+00 -0.786940E+00    0.201643E+00  0.671871E+00  0.162713E+01
-0.159501E+01 -0.491878E+01 -0.159506E+01    0.361467E+00  0.242427E+01  0.183765E+00
 0.975946E+00  0.797532E+00  0.343128E+01   -0.215428E+00  0.301119E+00 -0.217274E+01
-0.328620E+01 -0.244667E+01 -0.884843E+00    0.175783E+01  0.137736E+01  0.393227E+00
-0.929437E+00  0.222992E+01  0.229618E+01    0.657724E+00 -0.131615E+01 -0.157960E+01
 0.578185E+00  0.112339E+01 -0.176369E+01   -0.533551E+00 -0.964091E+00  0.172315E+01
-0.133137E+01  0.596470E+00  0.982313E+00    0.127115E+01 -0.104653E+01 -0.988486E+00
 0.490918E+01  0.244805E+01  0.114262E+01   -0.202395E+01 -0.131888E+01 -0.337830E+00
-0.633343E+00  0.221427E-01 -0.194213E+01    0.398376E+00 -0.348913E+00  0.187213E+01
 0.415689E+00 -0.505474E+00  0.278825E+01   -0.247829E-01  0.122254E+00 -0.214588E+01
 0.225768E+00  0.569538E+00  0.246578E+00    0.127783E+01  0.822635E+00  0.440199E+00
-0.286027E+00  0.253662E-01 -0.259531E+00    0.491658E-01  0.148775E+01  0.848296E+00
 0.283184E+00  0.690566E+00 -0.114278E+01   -0.864216E+00 -0.134326E+01  0.921948E+00
 0.201626E+01 -0.609610E+00  0.294035E+01   -0.160098E+01  0.311904E+00 -0.141794E+01
-0.949654E-01  0.708526E+00  0.605743E+00    0.814219E+00  0.267239E+00  0.127846E+01
-0.969597E+00  0.106916E+01  0.928484E+00    0.910258E+00 -0.960040E+00 -0.144679E+01
 0.221767E+01  0.124713E+01 -0.587048E+00   -0.167203E+01 -0.996253E+00  0.767665E+00
 0.147691E+01 -0.137462E+01 -0.155417E+01   -0.123901E+01  0.656548E+00  0.152891E+01
 0.972118E+00 -0.357843E+00  0.123817E+01   -0.104284E+01 -0.171488E+00 -0.161294E+01
 0.373924E-01 -0.329538E+01  0.504278E-01   -0.389484E+00  0.215553E+01 -0.120905E-01
-0.146584E+01  0.618686E+00  0.200962E+01    0.112015E+01 -0.414906E+00 -0.165640E+01
-0.130701E+01  0.792201E+00 -0.211006E+01    0.106972E+01 -0.439350E+00  0.174414E+01
-0.228524E+01  0.465300E+00  0.814331E+00    0.173285E+01 -0.541806E+00 -0.931724E+00
 0.454423E+00 -0.191106E+01  0.250411E+00   -0.427425E+00  0.179090E+01 -0.665122E+00
 0.157520E+01  0.122264E+01  0.910788E+00   -0.123184E+01 -0.119786E+01 -0.922154E+00
-0.178231E+01 -0.173226E+01 -0.137124E+01    0.134555E+01  0.137693E+01  0.896548E+00
-0.353286E+00  0.206629E+01 -0.559932E+00    0.784218E+00 -0.181727E+01  0.530894E+00
 0.267742E+01  0.307680E+01 -0.597919E+00   -0.148013E+01 -0.163369E+01  0.365318E+00
 0.597268E+00 -0.120039E+01  0.131572E+01   -0.843408E+00  0.132430E+01 -0.118629E+01
-0.695888E+00 -0.150782E+01 -0.321003E+01    0.136015E+00  0.954100E+00  0.200319E+01
 0.346934E+02  0.143689E+02  0.549334E+01   -0.339896E+02 -0.152253E+02 -0.655642E+01
-0.265852E+02 -0.860700E+01  0.235492E+02    0.259065E+02  0.852748E+01 -0.229076E+02
 0.339729E+02  0.585373E+01 -0.109076E+02   -0.334043E+02 -0.626499E+01  0.113786E+02
 0.895880E+01  0.352546E+02 -0.126123E+02   -0.814971E+01 -0.345063E+02  0.113768E+02
-0.205166E+02  0.298087E+02 -0.726344E+01    0.216047E+02 -0.283767E+02  0.884460E+01
-0.348165E+01  0.942050E+01 -0.161633E+02    0.166969E+01 -0.973762E+01  0.175793E+02
-0.114947E+02  0.378350E+01 -0.142001E+02    0.105651E+02 -0.253568E+01  0.138045E+02
 0.661957E+01 -0.136601E+02 -0.138382E+02   -0.508011E+01  0.120958E+02  0.122248E+02
 0.495060E+01  0.131394E+02  0.100760E+02   -0.805032E+01 -0.144508E+02 -0.106736E+02
-0.737001E+00  0.178618E+02 -0.353510E+01   -0.402971E+00 -0.180924E+02  0.541121E+01
-0.587130E+01 -0.164154E+02 -0.340825E+01    0.280514E+01  0.166881E+02  0.163917E+01
-0.157387E+02 -0.764595E+00 -0.894572E+01    0.122688E+02 -0.395996E+00  0.836475E+01
-0.162271E+02 -0.329585E+01 -0.120681E+02    0.155779E+02  0.185339E+01  0.109928E+02
 0.127811E+02 -0.176004E-01 -0.148545E+02   -0.139681E+02 -0.171607E+01  0.128264E+02
-0.199156E+01 -0.122340E+02  0.144519E+02    0.970698E+00  0.128187E+02 -0.142529E+02
 0.942909E+00 -0.466880E+00  0.356539E+00   -0.495881E+00  0.362278E+00 -0.162805E+00
-0.890699E+00 -0.119824E+00  0.141393E+01    0.697235E+00  0.166586E-01 -0.125782E+01
 0.131491E+01  0.238420E+00  0.448717E+00   -0.132154E+01 -0.221978E+00 -0.213442E+00
 0.277297E+00  0.384871E+00 -0.118582E+01    0.717302E-01 -0.567349E+00  0.397367E+00
 0.342854E+00  0.280546E+00  0.108907E+00   -0.172077E+00 -0.589258E-01  0.283119E+00
 ***force output before remove total force (eV/A) ****
    9  0.109817E+01 -.359219E-01 0.786786E+00
    9  0.221031E+00 0.234631E+01 -.661574E+00
    9  -.258808E+00 0.190040E+00 0.168217E+00
    9  0.268016E+00 0.191489E+00 -.216076E+00
    9  0.510979E+00 -.206967E+00 0.228944E+00
    9  0.488908E+00 -.102839E+00 -.612031E+00
    9  0.579904E+00 -.823411E+00 0.104366E+00
    9  -.245323E+01 -.249165E+01 -.391703E+01
    9  0.953645E+00 0.240065E+01 0.235193E+01
    9  0.156683E+01 -.117497E+01 0.216108E+00
    9  -.345384E+00 -.108260E+01 0.163571E+01
    9  0.598547E+00 -.166164E+01 -.320946E+01
    9  0.313017E+00 0.124270E-01 -.334539E-01
    9  0.751218E+00 -.219551E+01 -.179605E+01
    9  0.116069E+00 -.507313E+00 -.342410E+00
    9  -.605474E+00 -.831209E+00 0.218286E+00
    9  0.108668E+01 0.112697E+01 -.135910E+01
    9  -.293539E+00 0.114838E+01 0.349352E+00
    9  0.439719E+00 -.229521E-01 0.776101E+00
    9  -.370932E+00 0.469016E+00 0.445538E+00
    9  -.652729E+00 0.787559E-02 -.374247E+00
    9  0.182193E+00 -.266117E+00 0.473900E+00
    9  -.433964E+00 -.184061E+01 0.790318E+00
    9  -.163352E+01 0.230562E+00 0.586099E+00
    9  -.116674E+01 0.335692E+01 -.298674E+00
    9  -.104760E+00 -.437707E+00 -.993784E+00
    9  -.331835E-01 -.550110E-01 0.103237E+00
    9  -.310749E+00 -.124901E+00 -.184016E+00
    9  -.426196E+00 0.106899E+01 0.114399E+01
    9  0.153997E+01 0.715101E+00 0.557629E+00
    9  0.152448E+01 -.108918E+01 0.134888E+01
    9  -.146453E+00 -.335066E+00 -.123082E+01
    9  -.696059E+00 0.940847E+00 0.151801E+01
    9  0.532653E-01 -.201280E+00 -.681553E+00
    9  -.126545E+01 -.565099E+00 -.285560E-01
    9  0.334043E+00 0.366940E+00 -.567940E+00
    9  -.265911E+01 -.308061E+01 -.604113E+00
    9  0.278811E+01 -.703190E+00 -.340952E+01
    9  0.488599E+01 0.155055E+01 -.453485E+00
    9  -.174958E+00 -.736036E+00 -.314013E+00
    9  0.203149E+00 0.180705E-01 -.859882E+00
    9  -.117262E+01 -.254756E+01 0.149903E+01
    9  -.735027E+00 -.489512E+00 0.685796E-02
    9  -.109344E+00 -.337917E+00 -.516580E+00
    9  0.407475E-01 -.785737E+00 0.762525E+00
    9  -.106355E+00 -.259123E-01 -.583717E+00
    9  -.118070E+01 -.112052E+01 -.203681E+00
    9  -.196606E+00 0.363756E-01 -.699409E+00
    9  -.334938E+00 0.898626E-01 0.300002E+01
    9  -.193038E+01 -.258439E+01 -.283454E+01
    9  -.147151E+01 -.833285E+00 -.432978E+00
    9  0.229642E+00 0.643475E+00 -.227425E+01
    9  0.582363E+00 -.141812E+01 -.779618E-02
    9  0.668853E+00 0.262864E+00 -.182389E+01
    9  -.297736E+00 0.481371E+00 -.365108E+00
    9  -.958344E-02 -.199668E+00 0.760673E+00
    9  -.388428E+00 0.392608E+00 0.131990E+01
    9  0.308195E+01 0.188119E+01 -.120526E+01
    9  0.163638E+01 0.222554E+00 0.181889E+00
    9  0.970607E+00 -.209364E+00 -.143132E+01
    9  -.202463E+00 0.134021E+01 -.492590E+00
    9  0.524345E+00 0.592366E+00 -.687148E+00
    9  0.650644E+00 0.668971E+00 0.507765E+00
    9  0.899075E+00 -.121472E+01 0.940112E+00
    9  -.186727E+00 0.110141E+01 0.558918E+00
    9  0.993569E-01 0.937693E+00 0.379783E+00
    9  -.129492E+01 -.382955E+00 0.342824E+00
    9  0.353761E+00 -.513833E+00 -.259768E+01
    9  -.413049E+00 0.520499E+00 -.126209E-01
    9  0.172590E+00 -.671694E+00 -.255920E+01
    9  0.189010E+01 -.215877E+01 -.101710E+01
    9  -.380846E+00 0.119211E+00 0.340407E+01
    9  0.944399E+00 -.123442E+00 -.240826E+01
    9  0.563793E+00 0.672381E+00 -.299101E+00
    9  -.207931E+00 -.521784E-01 0.616942E-01
    9  -.765699E+00 -.111883E+01 0.986432E+00
    9  0.250654E+01 0.152661E+01 -.246990E+00
    9  -.920434E+00 0.612300E+00 0.255068E+01
    9  0.801868E+00 0.469650E+00 0.377735E-01
    9  -.263818E+00 -.106295E+01 0.101951E+01
    9  -.447827E+01 0.458506E+00 -.708784E+00
    9  0.116133E+01 0.250948E+01 0.970767E+00
    9  0.635380E+00 0.957367E+00 0.117749E+01
    9  0.101360E+01 0.554702E+00 0.761304E+00
    9  -.833215E+00 0.125304E+00 0.306541E+00
    9  -.115324E+01 -.611654E+00 0.992946E+00
    9  0.322183E+00 -.629082E+00 0.149772E+01
    9  -.953962E+00 0.297208E+00 0.828311E+00
    9  -.706894E+00 -.304777E+01 0.115396E+01
    9  0.100674E+01 0.190067E+01 0.398842E+01
    9  0.319057E+00 0.520548E+00 0.940847E-01
    9  0.342501E-01 -.185925E+00 0.536064E+00
    9  -.379390E+00 0.622497E+00 0.249955E+01
    9  0.585663E+00 0.271905E+00 -.160274E+00
    9  -.113224E+00 0.927096E+00 -.157611E+01
    9  -.612041E+00 -.628286E+00 0.108765E+01
    9  -.708426E+00 -.125582E+00 -.202382E+00
    9  -.162369E+00 0.226911E+00 -.667551E+00
    9  0.171288E+01 0.212359E+00 0.806759E+00
    9  0.677090E-01 0.860367E+00 0.114874E+01
    9  0.536520E+00 -.150068E+01 -.102461E+01
    9  -.110726E+01 -.488924E+00 -.751137E+00
    9  -.119950E+01 -.196228E+00 0.330537E+00
    9  -.123331E+00 -.212556E+00 0.783214E+00
    9  0.144894E+00 0.183847E+01 0.103834E+01
    9  -.163893E+01 -.814053E+00 0.278308E-02
    9  0.148766E+00 -.479862E+00 0.126924E+00
    9  -.132051E+01 0.410271E+00 -.528893E+00
    9  0.143187E+00 0.897954E+00 0.108334E+01
    9  0.106327E+00 0.823075E+00 0.125743E+01
    9  -.166767E+01 -.279453E+00 0.129928E+00
    9  0.111958E+01 0.890262E+00 -.162496E+01
    9  0.131276E+01 0.265716E+00 0.125927E+01
    9  -.162796E+01 -.256612E+01 -.115842E+01
    9  0.203900E+01 0.224089E+01 -.118574E+01
    9  -.523426E+00 -.280720E+00 0.673840E+00
    9  0.384928E+00 0.514485E+00 0.329836E+00
    9  0.611501E+00 -.155591E+01 0.105280E+01
    9  0.979769E+00 0.325334E+00 -.541270E+00
    9  0.340313E+00 0.112802E+01 0.756062E-01
    9  -.381481E+00 0.100810E+01 -.759594E-01
    9  0.218894E+00 -.198400E+00 0.218655E+00
    9  -.890294E+00 0.127254E+01 0.423143E+00
    9  0.560193E+00 -.868300E+00 -.928992E+00
    9  -.293867E+00 0.149276E+00 -.753583E-01
    9  -.419779E+00 0.430931E+00 0.328640E+00
    9  0.234360E+01 -.570866E+00 0.182459E+01
    9  0.810990E+00 0.668960E-01 0.670202E+00
    9  -.716908E+00 -.293930E+00 0.806214E+00
    9  -.175981E+00 -.586215E-01 -.275249E+00
    8  -.136350E+00 -.157236E+01 -.154179E+01
    8  -.878943E+00 0.387526E-01 -.982124E+00
    8  -.644382E+00 0.117107E+01 0.277961E+00
    8  0.179085E+01 -.601462E+00 0.678515E+00
    8  -.285596E+00 0.132922E+01 0.868484E+00
    8  0.208576E+01 0.810003E+00 0.196448E+01
    8  -.984374E+00 0.293366E+01 0.120873E+01
    8  -.801728E+00 0.304338E+00 0.933813E+00
    8  0.104538E+01 -.167143E+01 0.189345E+00
    8  -.108973E+01 -.576020E-01 -.672733E-01
    8  -.784848E+00 -.547318E+00 -.253929E+00
    8  0.108743E+01 0.783595E+00 -.745966E+00
    8  0.695669E+00 0.196384E+01 -.225938E+01
    8  0.922166E-01 -.443042E+00 -.107977E+01
    8  -.138692E+01 0.528713E+00 -.899832E+00
    8  -.931241E+00 -.141468E+01 -.288695E+01
    8  -.915118E+00 -.136321E+01 0.127562E+01
    8  0.144995E+01 0.975079E+00 0.223958E+00
    8  -.596154E+00 -.248785E+01 -.135838E+01
    8  -.331787E+00 -.126474E+01 0.157056E+01
    8  -.173418E+01 0.224092E+01 -.135601E+01
    8  0.664971E+00 0.667087E+00 -.189053E+00
    8  0.182632E+01 -.760064E+00 -.765087E+00
    8  0.242505E-01 -.110582E+01 -.193616E+00
    8  -.898506E+00 0.119304E+01 0.433742E+00
    8  -.343677E+00 -.950632E+00 -.623730E+00
    8  0.111645E+01 0.204371E+00 -.351590E+00
    8  0.249540E+01 -.102052E+01 -.227970E+01
    8  -.178819E+00 -.184660E+01 0.189580E+01
    8  0.430348E+00 0.772360E+00 -.757419E+00
    8  -.645355E+00 0.849689E+00 -.120521E+01
    8  -.155408E+01 -.696160E+00 0.108168E-01
    8  0.107372E+01 0.452488E+00 -.125041E+00
    8  0.300540E-01 0.110004E+01 -.498886E-01
    8  0.452255E+00 0.773520E+00 0.135695E+01
    8  0.145886E+01 0.427164E+00 -.949872E+00
    8  -.768145E-02 0.415314E+00 0.760330E+00
    8  -.635771E+00 -.472095E+00 0.229005E-01
    8  0.391248E+00 -.126077E+01 -.193612E+00
    8  0.618690E+00 0.644618E+00 0.100485E+01
    8  -.340990E+00 -.945244E-01 0.551166E-02
    8  -.524237E+00 -.630311E+00 0.236796E+01
    8  0.270548E+01 0.286297E+01 -.887988E+00
    8  0.976840E+00 0.518073E-01 -.665336E+00
    8  0.321584E+00 -.561364E+00 0.395193E-01
    8  0.212037E+01 -.877457E+00 0.185554E+00
    8  0.900243E+00 0.120345E+01 -.302637E+00
    8  0.289849E+00 0.313138E+00 0.656781E+00
    8  -.339775E+00 0.976355E+00 -.152077E-01
    8  -.326510E-01 0.110583E+01 -.856520E+00
    8  -.185710E+00 0.232638E+00 0.707678E+00
    8  0.142999E+00 0.116188E+01 -.550997E+00
    8  0.291595E+00 -.521219E+00 -.251585E+00
    8  0.238146E+00 0.368103E+00 -.108469E-01
    8  0.128373E+01 -.840015E+00 -.463618E-01
    6  -.504134E+00 -.140661E+01 0.464858E+00
    6  -.150531E+01 0.115114E+01 0.952051E+00
    6  0.101386E+01 0.147192E+01 0.137655E+01
    6  -.200424E+00 -.587060E+00 -.362637E+00
    6  0.225513E+01 0.238951E+01 0.392185E+01
    6  -.330469E+01 -.187830E+01 -.215472E+01
    6  -.787648E+00 -.236366E+01 -.189854E+01
    6  0.165467E+01 0.315601E+01 0.176244E+01
    6  -.120999E+01 0.291654E+01 0.872917E+00
    6  0.250107E+00 0.114456E+01 -.324792E+00
    6  0.446302E+00 -.288191E+01 -.431080E+00
    6  -.193277E+01 0.383691E+00 -.413884E-01
    6  0.136750E+01 -.332010E-01 0.470227E+00
    6  0.104442E+00 0.112943E+01 0.241952E+01
    6  0.228050E+01 0.124693E+01 -.166968E+01
    6  0.141971E+00 -.546380E+00 0.919058E+00
    6  0.359253E+00 -.273643E+01 0.165590E+00
    6  -.101492E+01 0.210654E+00 0.173772E+00
    6  -.402274E+00 -.261682E+01 -.142921E+01
    6  -.122521E+01 0.243717E+01 0.267053E-01
    6  -.175380E+01 -.132284E+00 -.100168E+01
    6  -.196356E+00 -.518012E+00 0.909528E+00
    6  0.160145E+01 -.130571E+01 -.914737E-03
    6  0.415618E+00 0.389408E+01 0.215679E+01
    6  -.326650E+01 -.293013E+00 -.152277E+00
    6  0.100542E+01 0.134478E+01 -.127696E+00
    6  -.178712E+01 0.905893E-01 -.830131E+00
    6  -.298134E+00 0.102188E+01 -.745972E+00
    6  0.131865E+01 0.507970E+00 -.133421E+00
    6  0.851169E+00 0.100614E+01 0.143883E+00
    6  0.168508E+01 0.289115E+01 -.227986E+00
    6  -.152084E+00 -.243800E+01 -.810793E+00
    6  -.338340E+00 -.180487E+01 0.611572E+00
    6  -.786872E+00 0.121431E+01 0.126139E+01
    6  0.116719E+01 -.372043E+00 0.185684E+01
    6  -.268536E+01 -.214108E+01 0.562632E+00
    6  0.106433E+00 -.193845E+01 -.165898E+01
    6  -.245367E+01 -.176247E+00 -.476086E+00
    6  -.154170E+01 -.309814E+01 0.120857E+00
    6  -.148520E+01 0.126977E+01 -.191578E+01
    6  -.769910E-01 -.232953E+01 -.378235E+00
    6  0.503876E+00 0.299075E+00 0.643061E+00
    6  -.652311E+00 0.288653E+01 0.732526E+00
    6  0.127673E+01 0.362940E+00 0.268543E+01
    6  -.814727E+00 0.207631E+01 -.137569E+01
    6  -.365970E+00 -.887368E+00 0.248183E+01
    6  -.917999E+00 0.134615E+01 0.781278E+00
    6  0.303390E+01 0.413150E+00 0.965804E+00
    6  -.241943E+01 -.154407E+01 -.209308E+01
    6  -.994496E+00 0.145873E+01 -.158316E+01
    6  0.288668E+01 -.343162E+01 0.323872E-01
    6  0.148495E+01 0.167037E+01 0.460608E+00
    6  -.218853E+01 -.173531E+01 -.207064E+01
    6  0.149507E+01 0.279255E+00 -.100441E+01
    6  0.811701E+00 -.570444E+00 -.307641E+01
    6  0.235432E+01 0.959094E+00 -.258655E+01
    6  -.216644E+01 -.173617E+01 -.295797E+01
    6  -.235180E+01 -.571762E-01 -.329786E+00
    6  -.270280E+01 -.141754E+01 -.284443E+01
    6  0.169706E+01 -.179135E+01 0.424584E+00
    6  0.990548E+00 0.146183E+00 -.103290E+01
    6  0.149369E+01 -.131829E+00 0.196613E+01
    6  -.184256E+01 -.211112E+01 -.205670E+00
    6  0.391361E+00 0.194645E+01 0.266229E+01
    6  -.897560E-01 -.562853E+00 -.238980E+01
    6  0.333298E+01 -.931328E+00 -.161281E+00
    6  -.880402E+00 -.422366E-01 -.179078E+01
    6  0.117589E+01 0.148093E+01 0.154312E+01
    6  -.107393E+01 -.577359E+00 -.510558E+00
    6  0.838833E+00 -.251728E+00 0.275301E+01
    6  -.188118E+01 0.121027E+01 0.707088E+00
    6  0.211156E+01 0.116480E+01 0.801829E+00
    6  -.165605E+00 -.180554E+01 -.760962E+00
    6  0.119546E+01 0.168323E+00 -.498284E+00
    6  -.187311E+01 -.222791E+01 0.909627E+00
    6  0.786144E-01 0.674503E+00 -.355877E+00
    6  0.690984E+00 0.188225E+01 0.145857E+01
    6  0.247797E+01 0.327182E+01 0.661237E+00
    6  0.615784E+00 -.858662E+00 0.236480E+00
    6  0.315827E+01 0.125999E+01 0.133899E+01
    6  -.103355E+01 -.119311E+01 -.192592E+01
    6  0.806663E-01 0.260581E+01 0.425962E+00
    6  -.103209E+01 0.263011E-01 -.327747E+00
    6  0.157148E+01 0.646531E-02 -.218473E+00
    6  -.159007E+01 0.539417E+00 -.718263E+00
    6  0.221778E+01 -.140416E+01 0.397934E+00
    6  -.217897E+01 -.128690E+01 -.750627E+00
    6  -.352740E+01 -.578780E+00 -.107593E+01
    6  0.116771E+01 -.716909E+00 -.101892E+01
    6  -.164232E+01 0.120370E+01 0.220102E+00
    6  0.421126E+00 0.763852E+00 0.173758E+01
    6  -.149846E+00 0.680434E+00 -.180668E+01
    6  -.204337E+00 -.154174E+01 -.274736E+01
    6  0.198956E+01 -.510627E+00 -.946203E+00
    6  0.308803E+00 0.119708E+01 0.347263E+00
    6  -.227384E+01 -.233941E+01 -.130386E+00
    6  -.903326E+00 0.140418E+01 -.512901E+00
    6  -.244209E+00 0.585815E+00 0.215701E+01
    6  0.104681E+01 0.406976E+00 0.871468E+00
    6  -.186919E+01 -.180503E+01 -.867440E+00
    6  0.207404E+01 0.210651E+01 -.377221E+00
    6  -.335999E+01 0.303542E+01 0.568286E+00
    6  0.141057E+01 -.644445E+00 0.517373E-01
    6  -.256519E+01 -.141628E+01 -.790712E+00
    6  -.306200E+01 0.146320E+00 -.979905E+00
    6  0.196648E+01 -.279303E+01 0.203648E+01
    6  -.468324E+00 0.804466E-01 -.238315E+01
    6  -.204454E+01 -.184756E+01 -.166462E+01
    6  0.304562E+01 0.260200E+01 0.692866E+00
    6  -.538048E+00 0.249155E+00 -.183103E+00
    6  -.621333E-01 -.505479E+00 0.164047E+00
    6  0.409778E+00 0.710015E+00 0.531873E+00
    6  -.957935E+00 -.719746E+00 0.898808E+00
    6  -.169666E+00 -.165874E+01 -.228351E+01
    6  -.107509E+00 -.269819E+00 0.146854E+01
    1  -.277082E+00 -.983237E+00 0.283161E+00
    1  0.160799E+00 -.145264E+00 -.711118E+00
    1  -.889656E+00 0.423249E+00 -.391030E+00
    1  -.313429E+00 0.266334E+00 0.280797E+00
    1  0.668559E+00 -.901461E-01 0.113600E+01
    1  -.188549E+00 0.106994E+01 0.621108E+00
    1  0.680846E-01 0.639351E+00 0.917652E+00
    1  0.442530E+00 0.797825E+00 0.100783E+01
    1  -.487564E+00 0.775819E-01 -.121556E-01
    1  -.215606E+00 -.289549E-01 -.873970E-01
    1  -.241560E+00 -.155076E+01 -.214597E+01
    1  0.877408E+00 -.367627E+00 -.473088E+00
    1  0.174358E+00 0.584830E+00 0.547965E+00
    1  -.394931E-01 -.850191E-01 -.454107E+00
    1  0.119641E+00 0.485796E+00 -.193694E+00
    1  -.438463E+00 -.314054E+00 -.799454E+00
    1  -.571632E+00 -.269330E+00 -.290728E+00
    1  0.622942E+00 0.429529E+00 0.332154E+00
    1  0.119065E+01 -.140269E+00 0.130123E+01
    1  -.104354E+01 -.613004E+00 0.425814E+00
    1  -.404191E+00 -.261092E+00 -.592968E+00
    1  -.245714E+00 -.112642E+00 0.240051E+00
    1  0.176751E-01 0.828356E+00 0.444532E+00
    1  0.563253E+00 0.465785E-01 0.337446E+00
    1  0.111938E+01 0.890814E+00 0.228204E+00
    1  -.447181E+00 -.132809E+00 -.250129E+00
    1  -.267185E+00 0.211957E+00 -.155367E+00
    1  0.180057E+01 0.491796E+00 -.401620E-01
    1  0.176142E+01 0.611287E+00 0.989743E+00
    1  0.408393E+00 0.924415E+00 0.420071E+00
    1  -.190344E-01 0.354031E+00 0.454548E+00
    1  -.366007E+00 0.299770E+00 0.144433E+01
    1  -.594155E+00 0.174092E+00 -.353906E+00
    1  -.419916E-02 -.976834E-01 -.638717E+00
    1  -.366103E+00 -.603280E+00 0.516241E-01
    1  -.770242E+00 0.128960E+00 0.167700E-01
    1  0.523430E-02 -.331601E+00 -.550548E+00
    1  -.171893E+00 -.114938E+01 -.179793E+00
    1  0.455707E-01 0.358924E+00 -.512884E+00
    1  0.359587E+00 -.772003E+00 -.844548E+00
    1  -.455158E+00 -.166548E+00 -.534191E+00
    1  0.564227E+00 0.258180E+00 -.463755E-01
    1  0.145030E+00 -.734225E+00 0.799122E-01
    1  0.179713E+00 0.105548E+01 0.531999E+00
    1  0.564648E+00 0.176346E+01 0.148691E+00
    1  0.757055E+00 -.464118E+00 0.235543E+00
    1  0.138366E+01 0.726573E+00 0.286830E+00
    1  -.538120E+00 0.719457E+00 0.850593E+00
    1  -.711211E+00 -.720401E+00 -.431284E+00
    1  -.253142E+00 -.147568E+00 0.145872E+01
    1  -.327012E+00 0.758916E+00 0.128568E+00
    1  0.648412E+00 0.149507E+00 -.133294E+00
    1  0.902059E+00 -.153264E+00 0.343517E+00
    1  -.858933E+00 -.129717E+00 -.518834E+00
    1  -.190846E+00 -.160952E+01 -.234862E+01
    1  -.158179E+00 -.609874E+00 0.155165E+00
    1  -.228768E+00 0.883612E-01 -.147310E+00
    1  0.836150E-01 -.604405E+00 0.530631E+00
    1  -.144205E+01 0.143034E+01 -.155742E+01
    1  -.319205E-01 -.104845E+00 0.293472E+00
    1  -.151958E+00 0.162772E+00 0.734987E-01
    1  -.337745E-01 -.501153E+00 -.672385E+00
    1  -.965086E-01 0.727895E-01 0.559581E+00
    1  -.442695E+00 -.872894E+00 -.628048E+00
    1  -.606519E+00 -.426575E+00 0.166865E+00
    1  -.362327E+00 -.231167E+00 -.555223E+00
    1  -.733749E+00 0.496508E+00 0.677033E+00
    1  0.262550E+00 -.914584E+00 -.222923E+00
    1  -.137921E+01 -.626662E+00 -.120805E+01
    1  -.104303E+01 -.469581E+00 0.107541E-01
    1  0.389067E-01 0.422581E+00 0.153867E+00
    1  -.184121E+00 -.415351E+00 -.867966E-01
    1  0.814188E+00 -.973778E-01 0.133831E+01
    1  0.215554E+00 -.208252E+00 0.986844E+00
    1  -.116388E+00 -.454655E+00 0.154807E+00
    1  -.314276E+00 0.526855E+00 -.158701E+00
    1  -.427847E+00 0.784227E-03 0.122602E+00
    1  0.810708E+00 0.871364E+00 0.657695E+00
    1  -.109171E+00 -.168892E+01 -.682358E+00
    1  -.586135E+00 -.631634E-03 -.840764E-01
    1  -.351587E-01 0.121442E+01 -.537585E+00
    1  0.320929E+00 0.200241E+00 -.231037E-01
    1  0.164329E+00 -.399240E+00 0.788859E+00
    1  0.150434E+01 0.115391E+01 0.824055E+00
    1  0.330589E-01 0.709085E-01 -.216843E+00
    1  0.111607E+00 0.657134E+00 0.622064E+00
    1  0.209921E+01 -.928583E-01 0.124643E+01
    1  -.366621E+00 -.184094E+00 -.298029E+00
    1  -.368799E-01 -.567149E-01 0.543633E+00
    1  -.845518E+00 -.139722E+00 0.105934E+00
    1  0.378364E+00 0.725765E+00 0.759589E+00
    1  -.843028E-01 -.189094E+01 -.215512E+01
    1  0.872765E+00 -.305183E+00 0.652681E+00
    1  -.625869E+00 0.482219E+00 0.348312E+00
    1  0.382643E+00 0.127955E+01 0.147768E+01
    1  0.124478E+00 -.185982E+00 0.146537E+00
    1  -.267192E+00 0.315987E+00 0.197117E+01
    1  -.568179E+00 -.746120E+00 0.133418E+00
    1  0.258357E-01 0.464714E+00 0.144925E+01
    1  -.134267E+01 -.625868E+00 -.138344E+01
    1  0.745344E+00 -.183727E+00 0.440930E+00
    1  0.134858E+00 -.982273E-01 -.213464E+00
    1  0.131342E+01 0.115402E+01 -.344248E+00
    1  0.239258E+00 0.131614E+00 -.828622E+00
    1  0.158366E+01 -.435455E+00 0.139449E+01
    1  -.138388E+01 -.106982E+00 -.205533E+01
    1  0.232868E+00 -.865773E+00 -.590101E+00
    1  -.558901E+00 0.652441E+00 0.852433E+00
    1  0.191525E+00 0.107144E+01 0.217901E+00
    1  0.145093E+01 -.383069E+00 0.694300E+00
    1  -.197456E+00 0.549663E+00 0.840194E+00
    1  -.123354E+01 -.249450E+01 -.141129E+01
    1  0.760517E+00 0.109865E+01 0.125854E+01
    1  -.152837E+01 -.106931E+01 -.491616E+00
    1  -.271714E+00 0.913772E+00 0.716582E+00
    1  0.446338E-01 0.159302E+00 -.405453E-01
    1  -.602209E-01 -.450061E+00 -.617358E-02
    1  0.288524E+01 0.112917E+01 0.804790E+00
    1  -.234967E+00 -.326771E+00 -.699978E-01
    1  0.390906E+00 -.383220E+00 0.642371E+00
    1  0.150360E+01 0.139217E+01 0.686776E+00
    1  -.236861E+00 0.151312E+01 0.588764E+00
    1  -.581032E+00 -.652696E+00 -.220831E+00
    1  0.415280E+00 -.297706E+00 0.152242E+01
    1  0.719253E+00 0.975765E+00 0.188420E+01
    1  -.593389E-01 0.109116E+00 -.518303E+00
    1  0.545637E+00 0.250877E+00 0.180616E+00
    1  0.237894E+00 -.718071E+00 -.252635E-01
    1  -.707193E-01 -.529332E+00 -.374768E+00
    1  -.352092E+00 -.113986E+01 0.383373E-01
    1  -.345684E+00 0.203779E+00 0.353219E+00
    1  -.237295E+00 0.352852E+00 -.365921E+00
    1  -.552388E+00 -.765063E-01 -.117394E+00
    1  0.269979E-01 -.120153E+00 -.414711E+00
    1  0.343360E+00 0.247801E-01 -.113662E-01
    1  -.436754E+00 -.355328E+00 -.474689E+00
    1  0.430933E+00 0.249018E+00 -.290387E-01
    1  0.119729E+01 0.144311E+01 -.232602E+00
    1  -.246140E+00 0.123905E+00 0.129423E+00
    1  -.559874E+00 -.553719E+00 -.120684E+01
    7  0.703815E+00 -.856400E+00 -.106308E+01
    7  -.678694E+00 -.795188E-01 0.641600E+00
    7  0.568538E+00 -.411255E+00 0.470977E+00
    7  0.809089E+00 0.748324E+00 -.123553E+01
    7  0.108810E+01 0.143201E+01 0.158116E+01
   16  -.181197E+01 -.317115E+00 0.141606E+01
   16  -.929604E+00 0.124782E+01 -.395534E+00
   16  0.153946E+01 -.156424E+01 -.161337E+01
   16  -.309972E+01 -.131141E+01 -.597539E+00
   16  -.113997E+01 -.230616E+00 0.187611E+01
   16  -.306617E+01 0.272638E+00 -.176908E+01
   16  -.346998E+01 -.116059E+01 -.580963E+00
   16  -.649267E+00 -.144245E+01 -.107521E+01
   16  -.118698E+01 -.173367E+01 -.202814E+01
   16  -.102086E+01 0.584674E+00 0.199034E+00
    3  0.447027E+00 -.104602E+00 0.193734E+00
    3  -.193464E+00 -.103165E+00 0.156116E+00
    3  -.663515E-02 0.164423E-01 0.235275E+00
    3  0.349027E+00 -.182478E+00 -.788452E+00
    3  0.170777E+00 0.221620E+00 0.392025E+00
 ***** total force *******
    0  -.394144E+00 0.302887E+00 -.743772E+00
 total computation time (sec)=   1997.45162916183     
