    2219.256626468038     
   1  -0.31478811197724797E-01   0.53888258865098695E-01  -0.28215725918490382E-01
   2   0.36807361591217780E-01  -0.61068952924292687E-01   0.70181686262608706E-01
   3  -0.76544790977943228E-01   0.89708311710287435E-02   0.13364232447023999E+00
   4   0.12886107616888307E+00   0.71225296435061619E-01  -0.51739257385278487E-01
   5   0.74018189533345921E-01   0.24800923116094938E-01   0.90532292760966276E-03
   6  -0.43578379919907727E-01  -0.57075522208802454E+00  -0.28192144886880566E+00
   7   0.16451187771196620E-01   0.16874744149500753E-01   0.54990465324062113E-01
   8   0.62351437262205885E-01  -0.71526627693537263E-02   0.39265631317335686E-02
   9   0.23643544151802792E-01  -0.12080662921399652E-01  -0.13856923104764038E-01
  10  -0.29436718942369728E-01   0.11495560926955820E-01  -0.28673540060875784E-01
  11  -0.39724916740675749E-01  -0.22439204025591292E-02   0.38066001457583029E-01
  12  -0.66828094188035023E-01   0.15543160860995879E-01  -0.43493092206158115E-01
  13  -0.52069542553157981E-01   0.11431761645896465E-01   0.80167817702836139E-01
  14  -0.68291426277471761E-02  -0.69538863199112039E-01   0.38041228318166323E-01
  15  -0.46689030853763948E-01   0.10875255296322917E+00   0.71548044056267371E-01
    2219.374899762997     
   1   0.89579974152224143E-02   0.34429451696641147E-01  -0.12634255316428483E-02
   2   0.34999767066180770E-01  -0.49760143806991841E-01  -0.59168742670677984E-02
   3   0.21047034084445991E-01   0.37562930219636151E-01   0.89054229867012256E-02
   4   0.54939230912031567E-01   0.36387980032216237E-01  -0.20899920186928955E-02
   5   0.46896470396263400E-01  -0.29751367962048407E-01   0.10346956135890617E+00
   6  -0.17336290414781977E+00  -0.40873495136210236E+00  -0.81723773541132208E-01
   7   0.65345875240919570E-02   0.22102262051213781E-01   0.34973368410943589E-01
   8   0.45815574576011944E-01  -0.11277974343374672E-01  -0.53117431152194302E-02
   9   0.43363804594025506E-02   0.17669440290638251E-01  -0.22360243814338088E-01
  10  -0.30187174604751048E-01  -0.48160700559279372E-02  -0.29827613844922617E-01
  11  -0.40162616784264249E-01  -0.65304528865339712E-02   0.26713519134904377E-01
  12  -0.47465390560697297E-01   0.19289115915975295E-01  -0.41179503312840988E-01
  13  -0.44042890224471998E-01   0.14069273931243862E-01   0.50716454828118554E-01
  14   0.23667916386663948E-01  -0.45457765348150193E-01   0.10271398380561497E-01
  15   0.22274988377559698E-01   0.19654488609244368E-01   0.14377402100570997E-01
    2219.369198794916     
   1  -0.87891247605188613E-01   0.94874964974383413E-01  -0.58433530276898391E-01
   2   0.90692533113838708E-01  -0.16740616236462136E+00   0.15355462746833407E+00
   3  -0.93271635992361906E-01  -0.48036856503049019E+00   0.42709989296330975E+00
   4   0.24667606325888011E+00   0.29009984812428263E+00  -0.26673460208590738E+00
   5  -0.18389801698253841E-01   0.33417617607854627E+00  -0.38531989842169356E+00
   6  -0.11691377855634692E+00  -0.15405625288431093E+00  -0.27529106539786941E+00
   7   0.23277762566457992E-01   0.17324356745782192E-01   0.61358872640866854E-01
   8   0.58944780222278934E-01  -0.30650037948537833E-01   0.62835510491714153E-02
   9   0.60503625282751196E-01  -0.16072584526419399E-01   0.17050136287844027E-01
  10  -0.33743753692318607E-01  -0.85263759271104172E-02  -0.49008261913930339E-01
  11  -0.47627696711302486E-01  -0.57448851469144059E-02   0.32494227946523402E-01
  12  -0.10905841511200166E+00  -0.52216601518479649E-01  -0.11263628405159891E-01
  13  -0.61435796095000335E-01  -0.12608304989647323E-01   0.10251744151959911E+00
  14  -0.49085274030110961E-01  -0.83487003327701773E-01   0.16569206223045246E+00
  15   0.48495344414475436E-01  -0.46149136558005580E-01   0.12322683421443556E+00
    2219.536252631043     
   1   0.65051152561174289E-01   0.45798203982740197E-01   0.83185878872233665E-01
   2  -0.91951274911187833E-01  -0.95097882648377596E-01  -0.89620637404408135E-01
   3  -0.15465575332067036E+00  -0.95886937995687635E-01  -0.80578320696567646E-01
   4   0.64266775643321047E-01   0.58315107711557464E-01   0.36320681318974812E-01
   5   0.12530514671816520E+00  -0.34474721235524634E-02   0.18548831735418828E+00
   6  -0.52891100808797789E-01  -0.25227945424442888E+00  -0.90326213201999735E-02
   7  -0.16671201220402752E-01   0.39011409341279195E-02  -0.63338550745705241E-01
   8   0.56107250779064692E-01  -0.34693876063931303E-01  -0.20997719167613064E-01
   9  -0.80508445661424382E-02   0.17928556320026511E-01  -0.23736504474898782E-01
  10  -0.32702851136581994E-01  -0.91674468873121345E-02  -0.28937228765703444E-01
  11  -0.38121302454191493E-01  -0.12108141307271463E-01   0.32192558926031060E-01
  12  -0.31153509710940271E-01   0.60619901367727639E-02  -0.57557995377140687E-01
  13  -0.26274799279287674E-01   0.23278747031283569E-02   0.44742925868093031E-01
  14   0.13863898006399278E-01  -0.27056884377347622E-01  -0.62768087261509363E-02
  15  -0.30378768567508718E-01   0.62489315829854864E-02  -0.10256411991575289E-01
    2219.446614061420     
   1   0.46495316053165911E-01   0.69168485251705242E-01   0.25656450376262095E-01
   2   0.20111467179097134E-01  -0.78303708093560562E-01  -0.44691041596435922E-01
   3   0.45967570293298093E-01  -0.78409815264206734E-01  -0.10129826274504651E+00
   4   0.95370368262622863E-03   0.14047344534893572E+00   0.93051585052636984E-01
   5   0.37153087888108713E-01   0.17482754267864605E-01   0.16443590162483379E+00
   6  -0.18980593174049196E+00  -0.35301569841542702E+00   0.23088693498245858E-01
   7  -0.40087275735813379E-02   0.51723620260098122E-02   0.23287052050048256E-01
   8   0.39205794856590620E-01  -0.21090971707920576E-01  -0.17339498367893929E-01
   9  -0.30859810775977904E-02   0.13883597143987661E-01  -0.33464422756747179E-01
  10  -0.28375459098871431E-01  -0.60143377811064823E-02  -0.37720661760276365E-01
  11  -0.37823088927458691E-01  -0.52296805341368741E-02   0.31036634639661789E-01
  12  -0.35500487715528245E-01  -0.37753773261139521E-02  -0.69427021384283402E-01
  13  -0.26895945461246757E-01  -0.24282086447717590E-01   0.26011757802243820E-01
  14   0.47977171629343798E-01  -0.69795027327812051E-01  -0.35625856750712614E-01
  15   0.96097832360666734E-02   0.43931061522906115E-01  -0.13589051807542645E-01
    2218.868470707629     
   1  -0.17896569074915884E-01   0.31726303071801298E-01  -0.75880447641817417E-02
   2   0.93080100760977877E-01   0.72221174923886057E-02   0.21046602522964992E-01
   3   0.19309593874135383E+00   0.32052902641761793E+00   0.95549625848700637E-01
   4   0.51919136228967176E-01  -0.64737720063127224E-01  -0.30067920250952805E-01
   5   0.48943646857638440E-01  -0.91923098539703846E-01   0.66940715283052926E-01
   6  -0.41494537184501668E+00  -0.10721271081906110E+01  -0.34075274316709853E+00
   7   0.12792795426387825E-01   0.25148200966297718E-01   0.52481474508363969E-01
   8   0.45494433358353105E-01  -0.66506360562510955E-02  -0.29214955515627292E-02
   9   0.10889121049882669E-01   0.18987084807436157E-01  -0.34718406770884551E-01
  10  -0.31885969975033998E-01  -0.47396848637210522E-02  -0.40972228443455772E-01
  11  -0.40099917868073272E-01  -0.89287263207876427E-02   0.39592926259641038E-01
  12  -0.55977100619025687E-01   0.48068585234614471E-01  -0.60175512690166723E-01
  13  -0.51222032305760223E-01   0.37938138931017579E-01   0.95033873768323535E-01
  14   0.24040787826601916E-01  -0.61199915005226729E-01   0.21880759206374768E-01
  15   0.17012609395937017E+00   0.38689333049053337E+00   0.14044720101602115E+00
    2219.538957766701     
   1   0.28797257333778281E+00   0.20375156925564714E+00   0.14800028796902051E+00
   2  -0.99525133819953898E-01  -0.12404077926513565E+00  -0.89746668309759428E-01
   3  -0.10131705412633684E-01  -0.13760729578446049E+00  -0.11767653159838036E+00
   4  -0.12495420364742728E+00   0.13522714436667568E+00   0.11117531859100781E+00
   5   0.10642393529838000E+00   0.15983006225089517E-01   0.19208315979635715E+00
   6  -0.14360445380682152E+00  -0.24535274085349595E+00   0.13630186276773062E-01
   7  -0.13243148702244548E+00  -0.32707611985818508E-01  -0.38374792003858259E-01
   8   0.18742518717898463E-01  -0.72038350027415696E-01  -0.59049074546970552E-01
   9  -0.40259537421259359E-01   0.48490333398242364E-02  -0.81095415501984666E-01
  10  -0.23297666050526963E-01  -0.35788772925102528E-02  -0.38473802447053437E-01
  11  -0.43408943370807272E-01  -0.15259617463141067E-01   0.36555254354940073E-01
  12  -0.11657913419792871E-01  -0.11701821179968002E-01  -0.94416026292442209E-01
  13   0.45598988603758890E-01  -0.47810341004583153E-01   0.17746387037223740E-01
  14   0.69767433925391295E-01  -0.39571695072792484E-01  -0.35611406556637554E-01
  15  -0.12592249355244473E-01   0.25526706823076922E-01  -0.16917731900134337E-01
    2219.423891955028     
   1   0.11338177503406553E+00   0.32569751240761696E+00   0.57511808710643250E-01
   2  -0.10661182634387195E+00  -0.16851712738533106E+00  -0.62710390746108027E-01
   3  -0.15848592166751166E+00  -0.12116219220730498E+00  -0.50847927235710307E-01
   4   0.71024344357556307E-01   0.10429215879061877E+00   0.29541811088073831E-01
   5   0.17261080462454018E+00   0.12229808210392309E+00   0.16494835473027278E+00
   6  -0.43260773652495928E-01  -0.33482257505856688E+00  -0.18859687079226670E-01
   7  -0.31842847245656315E-01  -0.14054880081780485E+00   0.29085659130640467E-01
   8   0.58710531085031083E-01  -0.57672454880294426E-01  -0.23829128200094071E-01
   9  -0.18655963588895225E-01  -0.44010852230462846E-01  -0.82977775988095470E-01
  10  -0.30663967451906950E-01   0.65953647579582155E-02  -0.45349391824397275E-01
  11  -0.41162581020427587E-01  -0.50461357424875725E-02   0.40139666566400653E-01
  12  -0.30366496800992581E-01  -0.21181721831550759E-02  -0.75817786824942071E-01
  13  -0.22901873428884313E-01  -0.60083757682925613E-02   0.67141171955399356E-01
  14   0.13158822215988858E-01  -0.56151179335357793E-01  -0.60640315481549798E-02
  15  -0.69888025246213556E-01  -0.12151080427163301E-01  -0.29333940723929003E-01
    2219.487371965912     
   1   0.73350368959366807E-01   0.10378423179995556E+00  -0.34002100278530484E-01
   2   0.48125801779670567E-01  -0.10333368691954176E+00   0.34537994368614836E-01
   3   0.13553072944454941E+00  -0.25240833023504738E+00   0.16208686886288684E+00
   4  -0.12728633506456108E+00   0.36768585086488870E+00  -0.19953770082074254E+00
   5  -0.11660969576945584E-01   0.76200900732792232E-01   0.76704058735391411E-02
   6  -0.23034610497889113E+00  -0.25734251973890448E+00  -0.17390099485001756E+00
   7  -0.53647829963434529E-03   0.16717650608426400E-01   0.54300730388889065E-01
   8   0.22727011046484395E-01  -0.39178035519548203E-01   0.12996159385742796E-01
   9  -0.20675706391249875E-01   0.66967324360205928E-03  -0.16279308133398920E-01
  10  -0.33411035871294362E-01  -0.83158667318490448E-02  -0.41106670375342463E-01
  11  -0.40133449878430781E-01  -0.85601119084659522E-02   0.35780514418483150E-01
  12   0.30083345536378492E-02  -0.13671486712517447E+00  -0.11966826816751626E-04
  13  -0.17915985727793324E-01  -0.44893100161748349E-01   0.12490839255903485E+00
  14   0.13369333822856738E+00  -0.12946415342798423E+00   0.13630524707746050E+00
  15   0.21239698475654243E-01   0.67377732846300109E-01  -0.12576129679696025E-01
    2219.347235467671     
   1  -0.14433077470034529E-01   0.58563688524099961E-01   0.25962433870882654E-01
   2   0.47037892126434007E-01  -0.74452386165557660E-01  -0.66225881799502187E-01
   3  -0.39578771565214844E-02  -0.60969574011107579E-01  -0.13440329876370696E+00
   4   0.94814826777911851E-01   0.12094782609755537E+00   0.86050163950812372E-01
   5   0.36749091414115413E-01   0.53404022526158487E-01   0.21379336590347614E+00
   6  -0.14882862831716459E+00  -0.42678570989676601E+00   0.90363181994853103E-01
   7   0.21093557177690608E-01   0.68194207832741015E-02   0.23537207401534539E-01
   8   0.50502103397928925E-01  -0.17419631445602504E-01  -0.14029240300408580E-01
   9   0.11491372576668279E-01   0.10591286787480208E-01  -0.38634670682382202E-01
  10  -0.33734748573669572E-01  -0.68532257364237199E-02  -0.34769301772873511E-01
  11  -0.39194065396747406E-01   0.11415934766006916E-02   0.30801215372171863E-01
  12  -0.53545941671626553E-01   0.59272878397030474E-02  -0.75301614016864166E-01
  13  -0.60231699238039622E-01  -0.13170812946813800E-01   0.36677095209891174E-01
  14   0.11098638339069086E-01  -0.77765605034128299E-01  -0.36951191856067600E-01
  15   0.17203076457617990E-01   0.47579291394448733E-01  -0.58743957636487563E-01
    2219.216713061182     
   1  -0.28278783207913195E-01  -0.25513631964917412E-01  -0.50925616334447095E-01
   2   0.36926997027342173E-01  -0.13146090415925722E-01   0.13615152712660278E+00
   3  -0.14700132362501495E+00   0.15144294102389269E+00   0.15507433078804669E+00
   4   0.13088489269190379E+00  -0.87290584616820030E-02  -0.40016746466666149E-01
   5   0.92254658812047530E-01  -0.12047392578276295E+00   0.30303359516124749E-02
   6   0.12836810811068539E+00  -0.64876568944193791E+00  -0.40210546963753058E+00
   7   0.14737931512559392E-01   0.24678006386738532E-01   0.62316585535356385E-01
   8   0.73121239101899341E-01   0.14456928630189851E-01   0.13129282684094308E-01
   9   0.14801505761157668E-01   0.25114500130318494E-01  -0.21930679692653336E-01
  10  -0.31019496737764864E-01   0.44854632991145386E-01  -0.73802649625218566E-02
  11  -0.41672412728085174E-01  -0.61577159808491756E-02   0.41899498593920080E-01
  12  -0.60544974658930197E-01   0.28034212259814083E-01  -0.49390238427105881E-01
  13  -0.52542312013717084E-01   0.28137540535784725E-01   0.84552496000227489E-01
  14  -0.64674100793018650E-03  -0.38567153909513617E-01   0.24596121705143765E-01
  15  -0.17762121068800615E+00   0.69702507212928408E-01   0.11663410285217128E+00
    2219.440163284837     
   1   0.46575837710307627E-01   0.36528766796580889E-01   0.70408728159679574E-02
   2   0.70108799590836769E-03  -0.58834104013638339E-01  -0.19832107395230433E-01
   3   0.11072989281581232E-01   0.24194930767463950E-01  -0.23384630054302424E-01
   4   0.14845036051214941E-01   0.29952971110141679E-01   0.18041875087771532E-01
   5   0.62166385785636914E-01  -0.38780548716321139E-01   0.11508249745074396E+00
   6  -0.17427366936038763E+00  -0.37659010129017800E+00  -0.32024903382387192E-01
   7  -0.34654579538630410E-02   0.17136613006348667E-01   0.31228087145902986E-01
   8   0.41310596590714219E-01  -0.54322525075693254E-02  -0.93419306284026060E-02
   9  -0.70891644810383422E-02   0.15752769125147555E-01  -0.22460878100083188E-01
  10  -0.33868961889358264E-01  -0.50303066359159631E-02  -0.30624575465374324E-01
  11  -0.41803535713345955E-01  -0.38797101797486541E-02   0.27201530456436720E-01
  12  -0.31481607574843327E-01   0.17931969178757053E-01  -0.46698457634348135E-01
  13  -0.26381334876012026E-01   0.19112467950565634E-01   0.48181128951041166E-01
  14   0.33884704847999714E-01  -0.41963074741358235E-01   0.28656940133704170E-02
  15   0.22437712493802216E-01   0.69787335160418238E-02  -0.13494591561179688E-01
    2219.458543830928     
   1   0.69862456350322372E-01   0.76472633426750425E-01   0.44715669243252841E-01
   2  -0.36487430826802489E-01  -0.81223577796326482E-01  -0.61424387895894092E-01
   3  -0.60431331407241079E-01  -0.17038837099563119E-01  -0.64855014791757037E-01
   4   0.25558433467755635E-01   0.56538595539613344E-01   0.41679619714636039E-01
   5   0.98042394155153631E-01  -0.82545714954146837E-02   0.15611264243634873E+00
   6  -0.10439975363422731E+00  -0.36628374603618169E+00   0.86391506703282443E-02
   7  -0.17283981669287442E-01  -0.12166104778943070E-01   0.12959779874320025E-01
   8   0.46297240008909057E-01  -0.53000693782534946E-02  -0.24905294030145006E-01
   9  -0.77931271536775147E-02   0.72023720733523314E-02  -0.43357019744754935E-01
  10  -0.33877434798611050E-01  -0.23039330094186969E-02  -0.37408397006049525E-01
  11  -0.45914211732557053E-01   0.99521147974739456E-03   0.27258353452621533E-01
  12  -0.31325779117789027E-01   0.11976306417024088E-01  -0.69642227522334080E-01
  13  -0.20004274995275618E-01   0.45650225061651031E-02   0.49882692495070366E-01
  14   0.30164667793563305E-01  -0.48307364750611398E-01  -0.98825158578048893E-02
  15  -0.18297275462285042E-01   0.12049890248851324E-01  -0.10786709707601219E-01
    2219.511286229967     
   1   0.90872329028023446E-01   0.10131779827282210E+00  -0.56442789062180358E-01
   2  -0.61141626330412230E-01  -0.10363023793891973E+00   0.44355145465739050E-01
   3  -0.84184732867300896E-01  -0.87584167827570697E-01   0.59561317123516200E-01
   4   0.29141441286290853E-01   0.82043001978923280E-01  -0.29222149261088553E-01
   5   0.10528338916749982E+00   0.15405130981472288E-01   0.47901966367229577E-01
   6  -0.99079020515666555E-01  -0.30119226705070679E+00  -0.11243931381373384E+00
   7  -0.10282191939880284E-01   0.51774232608688634E-02   0.43830873188905356E-01
   8   0.44905376043016455E-01  -0.41138754607402267E-01   0.19900085729834198E-01
   9  -0.33109437433599065E-01  -0.24450765239652950E-01   0.39855576865781200E-01
  10  -0.31065424113429004E-01  -0.41193651623311007E-02  -0.35819815050153005E-01
  11  -0.38790133324183663E-01  -0.55307271166179046E-02   0.29684842292806036E-01
  12  -0.23508535854848980E-01  -0.37306341093682679E-02  -0.36491365101804459E-01
  13  -0.29284031723267510E-01   0.13656814578086533E-02   0.68088062326210425E-01
  14   0.29464311173109402E-01  -0.43718616507837600E-01   0.26022298571488845E-01
  15  -0.10647058543424192E-01   0.41258332963597953E-01  -0.10779033683432599E-01
    2219.311663392445     
   1  -0.99587200021337779E-01   0.15445420649957503E+00  -0.50349855546669250E-01
   2   0.41599837869917340E-01  -0.20166002399281296E+00   0.10422263541444647E+00
   3  -0.13253025998554663E+00  -0.38224719469587870E+00   0.21737303531468291E+00
   4   0.21657329450255000E+00   0.26724623231577271E+00  -0.12324172069389965E+00
   5   0.66360897362982757E-01   0.38969866505370693E+00  -0.19293016603125646E+00
   6  -0.80256056805032311E-01  -0.29205858526347667E+00  -0.19523791987197076E+00
   7   0.33931762532464792E-01  -0.64438999627751403E-03   0.73188172225358727E-01
   8   0.64965061613360353E-01  -0.34301100333665152E-01   0.43884443370560862E-02
   9   0.61723545445186281E-01  -0.47827689494178018E-01   0.81226422337426323E-02
  10  -0.32790499775685170E-01   0.70991942643871099E-02  -0.49578813001463676E-01
  11  -0.46310081011746121E-01  -0.12758607924797777E-02   0.35521047097323247E-01
  12  -0.83152827679655469E-01  -0.32921997830577331E-01  -0.45418815657509160E-01
  13  -0.63611295381657593E-01  -0.11726980823402729E-01   0.98277819440431013E-01
  14  -0.52902226901555209E-01  -0.11859435273480071E+00   0.89970280188697724E-01
  15   0.40065134694206627E-02  -0.46505143597729302E-01   0.86628096133563370E-01
    2219.425479497480     
   1   0.10952811616025548E-01   0.10772636053954537E-01   0.45823831307538108E-01
   2   0.92472345657479527E-01  -0.15074661136429352E-01  -0.10462631804008012E+00
   3   0.29868079753205756E+00   0.16176237581809694E+00  -0.50602055159358172E+00
   4  -0.10662909104138607E+00  -0.13410249919096534E+00   0.27075324210963214E+00
   5  -0.31114202970543736E-01  -0.13848708915804528E+00   0.31046770240751254E+00
   6  -0.40534420738578203E+00  -0.20953026399265684E+00   0.48185681561942290E+00
   7   0.56609009576073076E-02   0.44777820316977218E-01   0.22674317776068768E-01
   8   0.32673204688708699E-01  -0.72262407924015681E-02  -0.23694651983723898E-01
   9   0.37764898405944947E-02   0.30618140681180454E-01  -0.38477234526209741E-01
  10  -0.36679501763779966E-01  -0.12050177705342316E-01  -0.33497565560670878E-01
  11  -0.37254990931175277E-01  -0.10220249018070690E-01   0.30040149884834388E-01
  12  -0.47904658760841788E-01   0.34290211158983966E-01  -0.11152630666349587E+00
  13   0.60749719621770197E-02   0.10023058756077577E+00  -0.15938105020941382E+00
  14   0.41358099987388687E-01   0.29338112016177250E-01  -0.51114118480563193E-01
  15   0.11076514745420987E+00  -0.12701729461846070E+00  -0.92412612890114654E-01
    2219.273285244765     
   1  -0.55991799808202146E-01   0.10048431354200291E+00  -0.22409569126524156E-01
   2   0.61272004544751353E-01  -0.12004042925171288E+00   0.50903965005275484E-01
   3  -0.45572841400555821E-01  -0.17759928804366315E+00   0.12705639161048651E+00
   4   0.15708941838076954E+00   0.21257000706475829E+00  -0.71295174035083717E-01
   5   0.37101990324202951E-01   0.19821369352083953E+00  -0.20941832518477362E-01
   6  -0.10757203736070890E+00  -0.51332567441239119E+00  -0.20101076370564203E+00
   7   0.29779458807431176E-01  -0.23657591268671217E-02   0.64688900336857910E-01
   8   0.61712005181738895E-01  -0.18903295215334136E-01   0.11370214652493531E-02
   9   0.34026593501682523E-01  -0.18657151025576083E-01  -0.21584938693716284E-01
  10  -0.28831943299717576E-01   0.90134905157252809E-02  -0.41651088923292466E-01
  11  -0.42703664024790443E-01  -0.78870784063118145E-02   0.36826747358489835E-01
  12  -0.70246163863225394E-01  -0.15814043334070479E-01  -0.51881687637411876E-01
  13  -0.58459375408243162E-01  -0.62571996478698287E-02   0.92080141157476675E-01
  14  -0.19057918295485338E-01  -0.12859395193580170E+00   0.55017366277642525E-01
  15  -0.34313211408672924E-02   0.10707747718617432E+00   0.43156831676378501E-01
    2219.301450327807     
   1   0.31100962612277613E-01   0.75069906853432830E-01   0.61149157962347130E-02
   2   0.55919071535138823E-01  -0.64198682018868969E-01  -0.15779387599059162E-01
   3   0.11746350739345530E+00  -0.20890965975958253E-01  -0.19207500732576138E-01
   4  -0.27059986291487758E-03   0.17397377812408579E+00   0.18855609042708176E-01
   5   0.62614179204164401E-02   0.34205926462987840E-01   0.11623944710736095E+00
   6  -0.29461661159255137E+00  -0.55117860873504332E+00  -0.38596276212214571E-01
   7  -0.34470503672401859E-02   0.11590141693790747E-01   0.46490095935111504E-01
   8   0.39872441716836918E-01  -0.15887277035697329E-01  -0.88201983079126117E-02
   9  -0.48808892525712723E-02   0.87014208865804649E-02  -0.39939112204112781E-01
  10  -0.30878022954632975E-01  -0.42967298498761399E-02  -0.43645377427533945E-01
  11  -0.37906756288045636E-01  -0.32820088568175747E-02   0.37612242521955511E-01
  12  -0.35481114064244909E-01  -0.78491489732079832E-02  -0.78718644936029467E-01
  13  -0.32634892581483242E-01  -0.87606660926233624E-02   0.79439338987586927E-01
  14   0.60439132097892256E-01  -0.12740384744146174E+00  -0.60415692721516945E-03
  15   0.11334424668332932E+00   0.13209553093723631E+00  -0.98513087917988865E-02
    2218.671095496842     
   1  -0.25604107140755034E-01   0.86932334512133062E-02  -0.19878797164997901E-01
   2   0.11810459520391071E+00   0.50840912151696213E-01   0.67000911102802124E-01
   3   0.25783567374632788E+00   0.51451293094799366E+00   0.25735883654640423E+00
   4   0.55872384555587760E-01  -0.18245276678338704E+00  -0.74638885131526361E-01
   5   0.29214796867369441E-01  -0.20382239761478632E+00   0.60633295617193630E-02
   6  -0.55010703676960904E+00  -0.12617081538970714E+01  -0.96577821006326037E+00
   7   0.13049750577665806E-01   0.32885590560922433E-01   0.53445609627080393E-01
   8   0.49789631315108378E-01   0.39085785425787885E-02   0.30945771351083371E-02
   9   0.19902994268308969E-01   0.29331993615957248E-01  -0.31281434381608610E-01
  10  -0.14888610826693419E-01   0.85447346626939830E-02  -0.34004201144148219E-01
  11  -0.50239303901192862E-01  -0.20049905528945117E-01   0.36046072055135839E-01
  12  -0.64961560189425338E-01   0.10724410645329491E+00  -0.31881744551022925E-01
  13  -0.55018318354914809E-01   0.46921063223832001E-01   0.10562606409106624E+00
  14   0.21686785879476894E-01  -0.15106979240095185E-01   0.28379414490698193E-01
  15   0.26853413751193156E+00   0.47965057115617016E+00   0.51086982691167426E+00
    2219.445007352201     
   1   0.28067780029038755E-01  -0.47811276776669534E-02   0.43996478734918444E-01
   2  -0.25453162431780571E-01  -0.51929804360542252E-01  -0.77604926938445146E-01
   3  -0.10692212889848643E+00   0.45922964907382187E-01  -0.65795752929958082E-01
   4   0.64459949565819047E-01   0.10639215671353676E-01   0.26793889091707553E-01
   5   0.94498731634743094E-01  -0.67853264339396591E-01   0.15198277022846218E+00
   6  -0.49022146942912709E-01  -0.38286293262495985E+00   0.23492705867079362E-01
   7   0.30021735803011025E-03   0.20604274010281438E-01   0.18008005698211430E-01
   8   0.54994481637120111E-01   0.30385843492534230E-02  -0.21417265960325477E-01
   9  -0.14692126074209203E-02   0.17752745229905730E-01  -0.38061234670357928E-01
  10  -0.32331546073914072E-01  -0.88065561111623416E-02  -0.24786660843969056E-01
  11  -0.47572893287960626E-01   0.72262864671836643E-02   0.13463645546266197E-01
  12  -0.39778508615771938E-01   0.22976369735073783E-01  -0.60608458842806141E-01
  13  -0.33022481465892164E-01   0.23979796801247795E-01   0.51797864556334165E-01
  14   0.15049866932531124E-01  -0.32403619640675591E-01  -0.14531796614838371E-02
  15  -0.19810968050366227E-01   0.10013140860055517E-02  -0.18499603396823678E-01
    2219.378829867172     
   1  -0.25395325509369356E-01  -0.26119378008966385E-01  -0.21691970750127527E-01
   2   0.28854736591569816E-01  -0.20760432447674129E-01   0.51618795564709129E-01
   3  -0.92296677507622535E-01   0.12056873162659938E+00   0.94642093521704870E-01
   4   0.11393769685737243E+00  -0.32652263842046891E-01  -0.22781263715717308E-01
   5   0.68852183103347842E-01  -0.12772964696924716E+00   0.45302126277370035E-01
   6  -0.50087345045995185E-01  -0.37997298024229365E+00  -0.20615837011850527E+00
   7   0.14444041342654689E-01   0.39965077966216074E-01   0.34473831388913197E-01
   8   0.62732621430277982E-01  -0.11652348583096716E-02   0.16404394070722137E-02
   9   0.12393423044186388E-01   0.33938281678571332E-01  -0.17914680640448728E-01
  10  -0.24670785810421383E-01   0.63082424952514080E-02   0.74218780403076581E-02
  11  -0.36010151232574991E-01  -0.69014216571288874E-02   0.22704550116800035E-02
  12  -0.62959139161877828E-01   0.35155935472694987E-01  -0.34437285362123093E-01
  13  -0.57202829952127651E-01   0.30750764107187464E-01   0.55432644759130324E-01
  14   0.65096203325361425E-02  -0.14249663153131366E-01   0.13943489617542989E-01
  15  -0.35956308268181601E-01  -0.20020545902760239E-01   0.49371530169010337E-01
    2219.490168370132     
   1  -0.11396471203990791E-02   0.51203215882642331E-01   0.38159085788113953E-02
   2   0.47385585343486934E-01  -0.79458093374772693E-01  -0.21800275236437461E-01
   3   0.23068881664151952E-01  -0.15509142877270660E+00  -0.41405638090202999E-01
   4   0.62804202977319035E-01   0.11604963237262290E+00   0.38356546459799253E-01
   5   0.15996427035688085E-01   0.38947516443713810E-01   0.14963582542882553E+00
   6  -0.17187010172612438E+00  -0.23708566087084684E+00  -0.51735616578863754E-01
   7   0.14982479859635606E-01   0.18815656230038964E-01   0.19348058815401425E-01
   8   0.44744942763926147E-01  -0.23162210218527868E-01  -0.93161617567656414E-02
   9   0.12694912768386983E-01   0.15904759761177462E-01  -0.21930818713283187E-01
  10  -0.30794373403903934E-01  -0.97944658334454034E-02  -0.34560498931858377E-01
  11  -0.36027519007883965E-01  -0.13241563549824425E-01   0.25708704753921681E-01
  12  -0.55595393529304864E-01  -0.16088291339226030E-01  -0.23245877891291501E-01
  13  -0.53127949946842973E-01  -0.17429374692088630E-01   0.16914695343180453E-01
  14   0.24309539022347979E-01  -0.38896532135216287E-01  -0.15737113051319907E-01
  15   0.79103458438332195E-02   0.18179832339416627E-01   0.11814993579238689E-01
    2219.434744951222     
   1   0.75587104354627538E-01   0.38912221721758129E-01  -0.30119615860426652E-01
   2  -0.25385894538378709E-01  -0.57956245378449893E-01   0.31775190032077814E-01
   3  -0.24419708923524575E-01   0.51471482787450430E-01   0.53639967641002609E-01
   4  -0.24282122448585773E-02   0.13119772087440586E-01  -0.22742107353484625E-01
   5   0.86655766157633360E-01  -0.65628475190091795E-01   0.68675188817129043E-01
   6  -0.15293864934670362E+00  -0.41368708704044066E+00  -0.13594812556933983E+00
   7  -0.89847966767428282E-02   0.16906727551392248E-01   0.56768050231948024E-01
   8   0.36848468427566852E-01   0.14877458171999503E-01   0.13294470536407161E-01
   9  -0.22086270166298879E-01   0.37087247288216624E-02  -0.26709771126218678E-01
  10  -0.42125561654591456E-01   0.26989678269934638E-02  -0.34413414408799539E-01
  11  -0.45832409671563691E-01  -0.24600519073778434E-02   0.36365694321970780E-01
  12  -0.18880780781078722E-01   0.27860244011395623E-01  -0.52368659304261815E-01
  13  -0.18941667079449036E-01   0.27336375108929306E-01   0.85021387367863410E-01
  14   0.40281214767046186E-01  -0.46306724653737988E-01   0.19286280276583332E-01
  15   0.35383221183613540E-01   0.13975137138752498E-01   0.11376460400514777E-01
    2218.843264231431     
   1  -0.82853142617993855E-01  -0.12391994038715839E+00  -0.56746381333844291E-01
   2   0.11842249118351544E+00   0.14516066456535953E+00   0.21551982134655892E+00
   3  -0.28209721657326553E+00   0.35830132109189594E+00   0.20092502272100796E+00
   4   0.18207107329404487E+00  -0.88728009416661369E-01  -0.37992956153554511E-01
   5   0.11775700837624557E+00  -0.33013339066853226E+00  -0.14729928571767560E-01
   6   0.66552249878339886E+00  -0.97186077522068481E+00  -0.61379208648967409E+00
   7   0.16979056873820040E-01   0.46650810508553200E-01   0.71080465546321331E-01
   8   0.96970593676773548E-01   0.40799955851319347E-01   0.13129012303761199E-01
   9   0.21196682752564935E-01   0.53245756526585461E-01  -0.43092529353484905E-01
  10  -0.22679051133200699E-01   0.11826662476257227E+00  -0.32027181758045996E-01
  11  -0.56063698998358877E-01  -0.62399183753261603E-01   0.35424289198875296E-01
  12  -0.74081206410163886E-01   0.48458826074846258E-01  -0.62401947830059673E-01
  13  -0.69340445808725823E-01   0.39434196208365975E-01   0.94532490615658840E-01
  14  -0.57308517945818711E-02  -0.10875421148501879E-01   0.17358747037075357E-01
  15  -0.60975263402286772E+00   0.18867478703322374E+00   0.29722391706297241E+00
    2219.424706560106     
   1   0.47901770820405337E-02   0.64848440212116623E-01   0.31404514353016118E-01
   2  -0.17063109185889415E-01  -0.86616904820555590E-01  -0.66930201659097230E-01
   3  -0.10853777787066282E+00  -0.59087792739761349E-01  -0.72840684416925608E-01
   4   0.99669683881400420E-01   0.71114160228786943E-01   0.39799858274979956E-01
   5   0.99308746037469073E-01   0.34829144015578635E-01   0.17620048072320746E+00
   6  -0.66433113242877123E-01  -0.36331680367572511E+00   0.13720007068394017E-01
   7   0.13335399552368588E-01  -0.12890468156896467E-01   0.32261835026895481E-02
   8   0.59729669421741537E-01  -0.18398570259354159E-01  -0.19570945232852941E-01
   9   0.64713622116975289E-02   0.50739006866079408E-02  -0.34537895087395215E-01
  10  -0.32806457676620659E-01  -0.54561701023184139E-02  -0.30397565531112194E-01
  11  -0.40074529950005586E-01  -0.38951287660599337E-02   0.25405975710284315E-01
  12  -0.49348461915334096E-01   0.94017073445998335E-02  -0.57668320335743151E-01
  13  -0.45387031110187243E-01   0.72855212434307943E-02   0.53741250850695053E-01
  14   0.72152224875242691E-03  -0.50415840541528249E-01  -0.10912511102883342E-01
  15  -0.22028468428903519E-01   0.14064267981650882E-01  -0.23923460066126095E-01
    2219.507466014315     
   1   0.27741848537457375E+00   0.27723897276055853E+00   0.14925748993785874E-01
   2  -0.62103610660239755E-01  -0.13122611912077478E+00  -0.18192904809885623E-01
   3   0.40545196602416990E-01  -0.17416043539307483E+00  -0.15768091922453729E-01
   4  -0.18031173467454512E+00   0.26534987022014711E+00   0.22144500473513941E-01
   5   0.73780366797301419E-01   0.47415620382546403E-01   0.11434000531277073E+00
   6  -0.16751065884498792E+00  -0.28471815224998237E+00  -0.53267341701715966E-01
   7  -0.65619649713839198E-01  -0.29970838496201101E-01   0.58367284487764036E-01
   8   0.66351659507773953E-02  -0.82862275339270139E-01  -0.13269546431492852E-01
   9  -0.65512621349592126E-01  -0.26723525482880050E-01  -0.60018873599661418E-01
  10  -0.33382830914749556E-01  -0.41495518121275436E-02  -0.44278362746724940E-01
  11  -0.41135943243959250E-01  -0.51064697801313733E-02   0.38235931964638349E-01
  12   0.25621153568278616E-01  -0.66958440200209163E-01  -0.92574017342563472E-01
  13   0.33150264464278968E-01  -0.74543605690423578E-01   0.88088261161450021E-01
  14   0.11287224250176940E+00  -0.89617135921515836E-01  -0.20401168180118629E-03
  15  -0.23727839902112455E-01   0.45493492344085930E-01   0.72681864081435823E-03
    2219.494250675811     
   1   0.13073447286295770E+00   0.20595984781609220E+00   0.23177148040498330E+00
   2  -0.15937360163184361E+00  -0.16172090597503319E+00  -0.17961257307060310E+00
   3  -0.20200612052809333E+00  -0.15065404103265009E+00  -0.13188228848301126E+00
   4   0.65872559972311076E-01   0.88749567439830826E-01   0.63475948233104457E-01
   5   0.19037157599275281E+00   0.70109825925024266E-01   0.27919028902633930E+00
   6  -0.46631459753776715E-01  -0.24779082940868000E+00   0.22978671983822741E-01
   7  -0.60764735060463551E-01  -0.12446464793043230E+00  -0.21267845249384026E+00
   8   0.56135377712210846E-01  -0.61513137873112501E-01  -0.49375693514238893E-01
   9  -0.14462209837822653E-01   0.48682483449377038E-02  -0.74875495156736138E-01
  10  -0.29916615378346136E-01   0.57925363443981346E-03  -0.43274268772136144E-01
  11  -0.40269266174256073E-01  -0.25890745257610467E-01   0.40597377453834002E-01
  12  -0.30069471353949911E-01  -0.10905034740743250E-02  -0.78637294529604496E-01
  13  -0.22976434300210510E-01  -0.10899550025871261E-01   0.44450519085802290E-01
  14   0.16103080708361400E-01  -0.34601007212717604E-01  -0.16987047628639413E-01
  15  -0.21239081189851496E-01   0.18491685518876148E-01  -0.32172010122253944E-01
    2219.440895376184     
   1   0.10325455200023259E+00   0.13575997842497917E+00  -0.91060965296534107E-02
   2  -0.51999660063738865E-01  -0.90521864644108690E-01   0.44602678207382894E-02
   3  -0.81161282417521310E-01  -0.23189650448439323E-01   0.15218907840851821E-01
   4   0.21709677312006431E-01   0.66244940271105210E-01  -0.32551736840399975E-02
   5   0.10985082767492414E+00  -0.84693622143564452E-02   0.89761074390544565E-01
   6  -0.97870524878242340E-01  -0.39193825622797823E+00  -0.81084858560743434E-01
   7  -0.18700685814202592E-01  -0.17290271923508394E-01   0.61875534307687149E-01
   8   0.47321388072489368E-01  -0.15051688889032046E-01  -0.10834104925601441E-02
   9  -0.30214580611837752E-01  -0.39302586538135384E-01  -0.43406816493214637E-01
  10  -0.42080359046355938E-01   0.86345076779502650E-02  -0.42004987784036323E-01
  11  -0.48397028411350518E-01   0.68010174851616378E-02   0.38267984309356892E-01
  12  -0.21838760366043028E-01   0.30363894649353611E-02  -0.64297352483171658E-01
  13  -0.20309430055896738E-01   0.34157839745532974E-02   0.79084860459812042E-01
  14   0.32898359199684299E-01  -0.53388665674155004E-01   0.11329810376784500E-01
  15  -0.35906393386686978E-02   0.39333607531750851E-01   0.10848773074841027E-01
    2219.517053077032     
   1   0.72232039974981607E-01   0.42092391716304148E-02   0.26128960114385341E-02
   2  -0.13810328641116369E-01  -0.51127978454344317E-01  -0.11881529808428269E-01
   3   0.40579678881925985E-01   0.36800522380004148E-01  -0.69047849891164951E-02
   4  -0.31400618851480863E-01  -0.28160112446427882E-01   0.87705442374031075E-02
   5   0.69806560543780580E-01  -0.75540339242576415E-01   0.10789146068604460E+00
   6  -0.19578815560826432E+00  -0.28451521485280667E+00  -0.62049231461302791E-01
   7  -0.93707423470977737E-02   0.39369312549739487E-01   0.27391101091723866E-01
   8   0.33359214943463826E-01  -0.46607231423213937E-02  -0.59615949059385071E-02
   9  -0.12442092011180095E-01   0.34967046567945796E-01  -0.19216895343340461E-01
  10  -0.34992086255124857E-01  -0.10829813392720563E-01  -0.26790809052313694E-01
  11  -0.42677023081972250E-01  -0.11305030837346309E-01   0.21727064173489605E-01
  12  -0.13799322979706085E-01   0.32680480390942929E-01  -0.18357325753440748E-01
  13  -0.11369461074621135E-01   0.30982091668313186E-01   0.23714479990412346E-01
  14   0.37957857904624352E-01  -0.81991244385193514E-02   0.56593689447594049E-02
  15   0.10162474095868783E-01  -0.35078929197799043E-01   0.48905320817814076E-02
    2219.413957708070     
   1   0.16310410213403698E-01   0.13766393613573263E-01   0.47991604231528762E-01
   2  -0.16230899490100877E-01  -0.55880129724649591E-01  -0.91935987909083944E-01
   3  -0.11788791370445892E+00   0.35003589701792050E-01  -0.83915776041315726E-01
   4   0.82647702454636693E-01   0.21920165346204636E-01   0.36424004225144038E-01
   5   0.95207054750948664E-01  -0.47584350178871443E-01   0.16369728806293896E+00
   6  -0.22809918688395991E-01  -0.40956674550302768E+00   0.63037310964214846E-01
   7   0.53061283305996625E-02   0.13302889006023695E-01   0.14477902868625193E-01
   8   0.58482637410014873E-01  -0.32094228489557328E-03  -0.18890163460355283E-01
   9   0.20845005760057431E-02   0.15410738403612437E-01  -0.41471941653043479E-01
  10  -0.33515719978437081E-01  -0.10748567750404047E-01  -0.27558825128555252E-01
  11  -0.46638618849434627E-01   0.18548604965761405E-01   0.11214479526631847E-01
  12  -0.42485448704409963E-01   0.22789981573898457E-01  -0.64507591116641227E-01
  13  -0.41773980377634884E-01   0.22805827550180915E-01   0.51875537071400538E-01
  14   0.11656148660619816E-01  -0.39898577962712935E-01  -0.48093604936356709E-02
  15  -0.41837154362610735E-01  -0.90943732567844889E-02  -0.33695689225672044E-01
    2219.461283217438     
   1   0.30873375261943215E-01  -0.25487594818273538E-01   0.38651685225814074E-01
   2  -0.29461306115523708E-01  -0.47571818036087364E-01  -0.67196974469508786E-01
   3  -0.10894330393240796E+00   0.56861367410342131E-01  -0.52131722113703899E-01
   4   0.59391866692903250E-01  -0.13487552144023261E-02   0.23646142460760369E-01
   5   0.94097997026697716E-01  -0.89460338588996713E-01   0.13495751442489753E+00
   6  -0.61757171898956693E-01  -0.36590701797555736E+00  -0.18496219218640838E-02
   7  -0.71982287818415697E-03   0.33898936833046220E-01   0.25193517175569839E-01
   8   0.54185330010619565E-01   0.59291686249362176E-02  -0.22107618774943723E-01
   9  -0.20105741977269383E-02   0.26213647732760081E-01  -0.29546425015160992E-01
  10  -0.34028376795210924E-01  -0.47050645367408645E-02  -0.23101750550512390E-01
  11  -0.46222469148859635E-01   0.49670311881929519E-02   0.12740730546892341E-01
  12  -0.41138221988663765E-01   0.24774848386657784E-01  -0.56247797456939017E-01
  13  -0.33673602501519379E-01   0.26959668014724120E-01   0.50965786637694646E-01
  14   0.16757406057810079E-01  -0.25105164546889068E-01   0.13018971805141726E-02
  15  -0.15670951560075561E-01  -0.76657896208765933E-02  -0.48677078662139606E-02
    2219.453613135187     
   1  -0.17972181371346499E-01  -0.15765361232557656E+00   0.20974868851395886E+00
   2  -0.82844132883331520E-01  -0.95659300672790402E-02  -0.39076762539650911E+00
   3  -0.29805028302771869E+00   0.11440256971947145E+00  -0.23580833433893222E+00
   4   0.12385240609739792E+00  -0.34796221770518533E-01   0.61314311724985734E-01
   5   0.13229162860022287E+00  -0.21345076017667236E+00   0.28961604528416091E+00
   6   0.12141616925406690E+00  -0.30549818485228375E+00   0.21555627765987523E+00
   7   0.81628865049882503E-02   0.87633956128283161E-01  -0.36026843519982163E-02
   8   0.77958590147433185E-01   0.12333548989331125E-01  -0.60749478301798998E-01
   9   0.26650861069004834E-02   0.42782490194885718E-01  -0.54184715221991538E-01
  10  -0.28810362473226336E-01  -0.19373602892020676E-01  -0.15722315621041424E-01
  11  -0.36624026963721065E-01   0.13864092313883190E-01   0.28278028358246145E-01
  12  -0.48999712849820923E-01   0.27393250193347141E-01  -0.74482303486367474E-01
  13  -0.45431791931688406E-01   0.33142834479036688E-01   0.46040004438853789E-01
  14   0.33297296890447007E-02  -0.10184557772401230E-01  -0.82151023323871024E-02
  15  -0.54325703740598828E-01  -0.30699506405908933E-01  -0.39174299637990219E-01
    2219.542280555428     
   1   0.13259853549767212E+00  -0.43491008322650467E-01  -0.15990301469486226E+00
   2  -0.75053645509897113E-01  -0.53412188004892905E-01   0.10790412176870597E+00
   3  -0.33750242865754218E-01   0.45849114097018522E-01   0.13191642671173634E+00
   4  -0.60699006594529328E-01  -0.46436286887617487E-01  -0.67716045543481443E-01
   5   0.97953564474999630E-01  -0.10388743759759932E+00   0.10912780037548963E-01
   6  -0.15092970570348360E+00  -0.27824423124093228E+00  -0.19868704053258338E+00
   7  -0.98819076895598316E-02   0.44980458487011613E-01   0.60261793319795927E-01
   8   0.23783334444091305E-01   0.13257863323871339E-01   0.69267157538056054E-01
   9  -0.48980745703977452E-01   0.71478287840750679E-01   0.17231553144983956E-01
  10  -0.52763547696805996E-01  -0.14653817860940643E-01  -0.18439869802658732E-01
  11  -0.39177339854836526E-01  -0.13422116333850258E-01   0.24726541292622087E-01
  12   0.35990751051501048E-01   0.52927701272670498E-01   0.10525523761377635E-01
  13  -0.75256142461261472E-02   0.27918360831517320E-01   0.96305029692752106E-01
  14   0.35589619949694090E-01  -0.97773125721551390E-02   0.23928166374021263E-01
  15   0.18392284263303478E-01  -0.30169592887038597E-01  -0.35073521107718722E-02
    2219.371189581679     
   1   0.25609658989339035E-01   0.21852741860059966E-01  -0.15666492996946765E-01
   2   0.27805297165701254E-01  -0.39046463117485546E-01   0.20356796267310382E-01
   3   0.65639769332185599E-01   0.10756068533410998E+00   0.87807832600796887E-01
   4   0.15677909243833651E-01  -0.23986256706845097E-01  -0.37878213633444645E-01
   5   0.50047790247896892E-01  -0.75864691844586316E-01   0.59653803197975572E-01
   6  -0.22606072598446597E+00  -0.42132273080157501E+00  -0.20356430703435585E+00
   7   0.48214460571695140E-02   0.27268304426983195E-01   0.41355572772353077E-01
   8   0.40728957073688947E-01  -0.19328135046812857E-02   0.18030639888692108E-02
   9   0.14339294976334850E-02   0.23111171750144335E-01  -0.21790908827287368E-01
  10  -0.28455844334333354E-01  -0.26075421516317653E-02  -0.26376818635035996E-01
  11  -0.38720161971993537E-01  -0.72367320278205723E-02   0.29501471292242558E-01
  12  -0.33013865599689093E-01   0.50000898755984811E-01  -0.17392097435678610E-01
  13  -0.34728430497273366E-01   0.30259569164830850E-01   0.70444329754710155E-01
  14   0.31664784271244452E-01  -0.33852687656330552E-01   0.16741215035937052E-01
  15   0.36323598101788965E-01   0.15074934395835370E-01   0.41717523027380028E-01
    2219.391264601183     
   1   0.82378227336695559E-01   0.83597416297723340E-01   0.16391782999399675E-01
   2   0.42891570522247523E-02  -0.66633848103148208E-01  -0.26784062178791687E-01
   3   0.64777592171618367E-01   0.17881286839270264E-01  -0.40314095854247105E-01
   4  -0.33478131992237169E-01   0.89868272350451431E-01   0.33109411511709590E-01
   5   0.55895822583088034E-01  -0.56539326804666348E-02   0.12672703908677035E+00
   6  -0.23021419303069912E+00  -0.43725236685104174E+00  -0.15279860885499305E-01
   7  -0.17029143464328100E-01   0.58906700425208937E-02   0.42331424191363203E-01
   8   0.34838991553571258E-01  -0.77401056964489156E-02  -0.13805558230075595E-01
   9  -0.10821895958765758E-01   0.81805426723074622E-02  -0.43285715046435969E-01
  10  -0.31969285009219181E-01  -0.31958930140332832E-02  -0.41695207753292031E-01
  11  -0.41765225003947151E-01   0.89715303768726415E-03   0.35233871594913140E-01
  12  -0.22133056117166656E-01   0.14362356805715886E-01  -0.78734153370898063E-01
  13  -0.13037898396756143E-01  -0.15846209206260584E-02   0.68299987319491287E-01
  14   0.60120902849512409E-01  -0.75891563356584424E-01  -0.54112536856646461E-02
  15   0.41597767236675687E-01   0.31068922420793038E-01  -0.98208063164053859E-02
    2219.483432757161     
   1  -0.27790082913994481E-01   0.14465152624801672E-01   0.22247118867287717E-01
   2   0.68083069157107684E-01  -0.43906470566339090E-01  -0.67032952073106375E-01
   3   0.26512437429394780E-01  -0.44085236847802869E-01  -0.19493943232082322E+00
   4   0.89303747756220575E-01   0.91548650228682211E-02   0.10035244660078839E+00
   5   0.11031187785189845E-01  -0.52444033789517168E-01   0.23421702418776463E+00
   6  -0.17461664669413932E+00  -0.20789382113715701E+00   0.89295929278618721E-01
   7   0.20566042053833035E-01   0.35601481643669983E-01   0.19693643582267162E-01
   8   0.47132811620150636E-01  -0.16941747737977856E-01  -0.10679715045692368E-01
   9   0.11970865322710611E-01   0.29150087666454605E-01  -0.21942348908416079E-01
  10  -0.32432645955679316E-01  -0.10735720052610925E-01  -0.32255800686664900E-01
  11  -0.34629611966762890E-01  -0.11908880110131864E-01   0.23285396147079449E-01
  12  -0.65770922590841371E-01   0.14555639994718754E-01  -0.27702302862010010E-01
  13  -0.77682183475642125E-01   0.16248648172245972E-01  -0.33190226489829541E-01
  14   0.14490152809779926E-01  -0.15935333454433153E-02  -0.13416601619962359E-01
  15   0.31880497007820439E-01  -0.29241249972961150E-01  -0.31169881646259202E-01
    2219.088655377941     
   1  -0.44844110538226817E-01  -0.86262085596268093E-01   0.35148397580676526E-01
   2   0.76153753436237925E-01   0.67926842687498698E-01  -0.11603470578293977E+00
   3  -0.22436154717848111E+00   0.21105276737451975E+00  -0.80787191177222772E-01
   4   0.15197925733974479E+00  -0.38376449947254941E-01   0.25761438129862261E-01
   5   0.94437361582057344E-01  -0.15789226489181923E+00   0.14857912421235728E+00
   6   0.33204499763980727E+00  -0.76233944680786558E+00   0.12724346852971499E+00
   7   0.16359560490754786E-01   0.35231911808127646E-01   0.53571870099300471E-01
   8   0.93038399672353889E-01   0.45109435962404333E-01  -0.20826762289494819E-01
   9   0.11771641041605201E-01   0.26716900165927572E-01  -0.57755278793380029E-01
  10  -0.43007917608952229E-01   0.11829792950229785E-02  -0.67078174166247548E-01
  11  -0.50167035041424952E-01  -0.76565728312450853E-02   0.39854925180798619E-01
  12  -0.54643818141777406E-01   0.30494731095345395E-01  -0.75123991242672924E-01
  13  -0.52782455560048923E-01   0.34284609225941703E-01   0.73150244170763920E-01
  14  -0.74179657504209080E-02  -0.30774706239883504E-01   0.35567458615107526E-03
  15  -0.31511792902921393E+00   0.10270343389552601E+00  -0.50402501567821549E-01
    2219.501061209631     
   1   0.66552747011470487E-01   0.68860093595341426E-01  -0.30754623559009061E-02
   2  -0.12572142227905194E-01  -0.82698422416958184E-01  -0.43538985733610888E-02
   3   0.31383371676480770E-02  -0.77304746962695528E-01   0.61203409270032183E-02
   4  -0.31672496448385181E-02   0.93598909561102270E-01  -0.37277025114088101E-02
   5   0.54636752288306299E-01   0.54445989437050995E-02   0.99218067530609355E-01
   6  -0.15726455524666810E+00  -0.30238563695150650E+00  -0.72565622809908303E-01
   7  -0.11599696366421370E-01   0.97775240257500090E-02   0.26308641124931847E-01
   8   0.39840830655718612E-01  -0.24121015498993495E-01  -0.30636371818038664E-02
   9  -0.12876498687873951E-01   0.73547684759747581E-02  -0.15762349434157528E-01
  10  -0.30719869741711047E-01  -0.68489980202244977E-02  -0.33298014940856754E-01
  11  -0.38637142622489642E-01  -0.63591102877737825E-02   0.32183858554058024E-01
  12  -0.23342994261805059E-01  -0.92270227038968016E-02  -0.36072505667602880E-01
  13  -0.22588714500056024E-01  -0.73022437086800764E-02   0.48066800174717872E-01
  14   0.44159899209630808E-01  -0.48191976916083554E-01   0.12082851155643190E-01
  15   0.81466062845586499E-02   0.18429649475011824E-01   0.27746446726764676E-02
    2219.489449012504     
   1   0.57899764426139040E-01   0.99784375892165059E-01   0.52879006630712586E-01
   2  -0.62840363554944864E-01  -0.11048447801032590E+00  -0.74613749403696278E-01
   3  -0.11658934926937398E+00  -0.96912773976842864E-01  -0.68958318979266395E-01
   4   0.63552131927207794E-01   0.81631361252342466E-01   0.40909439448866047E-01
   5   0.12339165579771234E+00   0.42376123520879570E-01   0.18891362565277384E+00
   6  -0.78526104205367334E-01  -0.30897029859613495E+00  -0.81728703174707169E-02
   7  -0.10427830303653842E-01  -0.33451470937942131E-01  -0.36599629831401123E-01
   8   0.52531101888702428E-01  -0.38627439761288691E-01  -0.27845755977080854E-01
   9  -0.69910844163130871E-02  -0.32191238513340210E-02  -0.39275554294464658E-01
  10  -0.31519869007732661E-01  -0.33962248234878289E-02  -0.31260532572383551E-01
  11  -0.38441184791292660E-01  -0.50676596836032291E-02   0.33839792394626048E-01
  12  -0.35331830039896414E-01   0.26632656364647856E-02  -0.64663807486600625E-01
  13  -0.30604247013421876E-01  -0.54130001327316671E-02   0.47163153273385786E-01
  14   0.11807742267654959E-01  -0.41927902463477489E-01  -0.92084274247060220E-02
  15  -0.11437818020162487E-01   0.33594482287438436E-01  -0.38449622296200547E-02
    2219.464456889519     
   1   0.51584198997037180E-01   0.43722972177715216E-01  -0.57923000798573597E-02
   2  -0.23564975952329897E-01  -0.69701870068720112E-01   0.15260857487731566E-03
   3  -0.49934393567813130E-01  -0.53567960829160625E-02   0.11275638396054445E-01
   4   0.32173136349372689E-01   0.42737902697632744E-01  -0.10141677885840534E-02
   5   0.83450446411332244E-01  -0.30230190795207411E-01   0.98938497167373574E-01
   6  -0.11697559967332431E+00  -0.35543250731005221E+00  -0.85091444055998069E-01
   7  -0.58225932746934061E-02   0.10618026550438619E-01   0.30599681227852091E-01
   8   0.46207463762992368E-01  -0.93123553436002138E-02   0.31842890877269545E-02
   9  -0.90684169291363331E-02   0.62578867040354843E-02  -0.13516412929762561E-01
  10  -0.35360577787187965E-01  -0.12474185061679909E-02  -0.29106238921646807E-01
  11  -0.41453582854192088E-01  -0.66143568997127974E-02   0.26127073573796455E-01
  12  -0.30984338510254825E-01   0.13208989045451832E-01  -0.42760836913150621E-01
  13  -0.28661009661106875E-01   0.11871432922673685E-01   0.62217718612694782E-01
  14   0.26435749096050818E-01  -0.39591062112177632E-01   0.10936684437347476E-01
  15   0.19713319876995478E-02   0.15053825159786033E-01  -0.16506029873622680E-01
    2219.562559038988     
   1   0.18776865640277660E+00   0.59622133439468109E-01   0.16517830376787174E+00
   2  -0.97867748726200521E-01  -0.92241448836492171E-01  -0.10690897091035184E+00
   3  -0.58500092953756688E-01  -0.73463481900505542E-01  -0.11800438941738228E+00
   4  -0.51279179743153734E-01   0.51194674285158413E-01   0.86681911356858862E-01
   5   0.10964452617231704E+00  -0.28365144895823497E-01   0.20530111861689795E+00
   6  -0.12244741226425440E+00  -0.24444913594166312E+00   0.27601072582717393E-01
   7  -0.80048623395885019E-01   0.27735227941776974E-01  -0.58486013063126452E-01
   8   0.26388594164020261E-01  -0.43500697157203026E-01  -0.69882142675848677E-01
   9  -0.15100718335127465E-01   0.24413231639249470E-01  -0.45877489640596715E-01
  10  -0.26583324140383745E-01  -0.75417525545077805E-02  -0.29882039118888586E-01
  11  -0.37524560340137257E-01  -0.12025794019242055E-01   0.35403353650333966E-01
  12  -0.16983452415323917E-01   0.33865122496885710E-02  -0.80731819813031902E-01
  13   0.34064234153923602E-01  -0.87596823053360719E-02   0.81670838552760959E-03
  14   0.44046124263644904E-01  -0.21050463588707775E-01  -0.23446140767568166E-01
  15  -0.34439057080075081E-01  -0.23107395131438486E-02  -0.17942830056547742E-01
    2219.408889352541     
   1   0.17279577818009199E-01  -0.58481396168431621E-01   0.83766799168905698E-01
   2  -0.20376413202738242E-01  -0.37657793194473987E-01  -0.16067137711908042E+00
   3  -0.17178311107946323E+00   0.92194212177681437E-01  -0.11543788758623792E+00
   4   0.82945431525021471E-01  -0.10068778540746295E-01   0.40336565622845981E-01
   5   0.96988400119940213E-01  -0.11612205084446164E+00   0.17596042373142501E+00
   6   0.50917731620748273E-01  -0.43166316436397634E+00   0.11540424467457316E+00
   7   0.20762075518046142E-02   0.39223659525882026E-01   0.23386765999912119E-01
   8   0.64426692917236725E-01   0.23605047022792435E-01  -0.39852271460092556E-01
   9  -0.26642746397884321E-03   0.25217457330172621E-01  -0.48098223022400841E-01
  10  -0.33211409916619104E-01  -0.15264239859120803E-01  -0.28841489678820924E-01
  11  -0.60483251732708514E-01   0.33045568366628225E-01   0.44361337519819820E-02
  12  -0.41289162817893091E-01   0.30331968233311208E-01  -0.73285261911468197E-01
  13  -0.35648481933930144E-01   0.29678386123064487E-01   0.55175163889628447E-01
  14   0.92051081351673149E-02  -0.28924382405500538E-01  -0.63766609400491272E-02
  15  -0.61053173613764541E-01  -0.11063727370937252E-01  -0.14513455602422213E-01
    2219.464046206581     
   1   0.51890196741773371E-01  -0.61073859246255275E-03  -0.25930497632870718E-01
   2  -0.18764027478551958E-01  -0.47388829271426729E-01   0.21625818920241135E-01
   3  -0.25551183904010594E-01   0.61105876174764227E-01   0.41352896249577331E-01
   4   0.13686152652731579E-01  -0.12086580842272604E-01  -0.14155358798829256E-01
   5   0.75075304779794960E-01  -0.72534060212839549E-01   0.81219787605893795E-01
   6  -0.15042608986118480E+00  -0.36364009612238862E+00  -0.12057842889603468E+00
   7  -0.52418685901428775E-02   0.31105552590387768E-01   0.37897810906640142E-01
   8   0.41332465409059542E-01   0.60816613211791288E-02   0.53566130829524128E-02
   9  -0.13219111400112830E-01   0.28099475363401395E-01  -0.14153576206164281E-01
  10  -0.40332358042487436E-01  -0.30340777568602898E-02  -0.22735264515031304E-01
  11  -0.41023916405811697E-01  -0.91831267348372082E-02   0.23501137665755407E-01
  12  -0.21365173707304463E-01   0.34658219125956041E-01  -0.35672164101887102E-01
  13  -0.25985672283658830E-01   0.27104582945547556E-01   0.62234971705560208E-01
  14   0.27218136434378776E-01  -0.27118835187478547E-01   0.13774302438184827E-01
  15   0.38017905668457197E-01  -0.10145541793504520E-01   0.71640097048701308E-02
    2219.469483716456     
   1  -0.44361508074669785E-01  -0.73303723863093239E-02   0.23134548690653234E-01
   2   0.33540355190853847E-01  -0.36622272699599431E-01  -0.73045524129827899E-01
   3  -0.10674587743009213E+00  -0.28135105789994275E-01  -0.13721436525457315E+00
   4   0.14081089865820226E+00   0.40514349246466566E-02   0.52414698835659801E-01
   5   0.55864248160472800E-01  -0.75453965341944096E-01   0.21106381230087687E+00
   6  -0.80470086880491579E-01  -0.22771750237699417E+00   0.31328608348224832E-01
   7   0.29601457275442875E-01   0.39794212882592724E-01   0.78572528853230322E-02
   8   0.59621504897959032E-01  -0.16359495789552904E-01  -0.11889752408691548E-01
   9   0.17832507147206723E-01   0.32995524853912585E-01  -0.19894199826065554E-01
  10  -0.29372011739195653E-01  -0.13325714955590194E-01  -0.14402144399567062E-01
  11  -0.32679001617627088E-01  -0.14095121392003715E-01   0.60677838063351516E-02
  12  -0.69516160122574527E-01   0.18009177937895970E-01  -0.44738298053541813E-01
  13  -0.75665899201069614E-01   0.19456078868793438E-01   0.23797755356363172E-01
  14  -0.24688980154560672E-02  -0.31696289781516459E-02  -0.27525052163656569E-02
  15  -0.12001240589452299E-01  -0.25072408174288255E-01   0.21688127270498331E-02
    2219.114601884989     
   1   0.32839706183430939E-02   0.13860215587855343E-01  -0.24020656159663752E-01
   2   0.74377317334279019E-01   0.34049221873453314E-02   0.56647102393020642E-01
   3   0.19434921372154451E+00   0.31880023772527749E+00   0.24184912946014195E+00
   4   0.12011400019267317E-01  -0.11857411149017440E+00  -0.83673560051374454E-01
   5   0.45223002175361474E-01  -0.12430475030949358E+00   0.18655659930197639E-01
   6  -0.41763398040803013E+00  -0.66961926770602476E+00  -0.61218362063934328E+00
   7   0.12049361803591469E-01   0.29973398207746877E-01   0.50725091147149536E-01
   8   0.41312256678840434E-01   0.40311747997477439E-02   0.72912995349794741E-02
   9   0.13914963860318624E-02   0.26726416925554330E-01  -0.25673915123195917E-01
  10  -0.32359836034957776E-01  -0.19186902069229911E-02  -0.29953945438765790E-01
  11  -0.41279814421910484E-01  -0.15268058841016629E-01   0.30017168806951485E-01
  12  -0.44464485246324098E-01   0.10303921546946831E+00  -0.38651564899848086E-02
  13  -0.43578862821495069E-01   0.45759091754302386E-01   0.10103255430130802E+00
  14   0.29603905781409985E-01  -0.27478833797675170E-01   0.30026380006971113E-01
  15   0.15394525911195797E+00   0.69982719983292030E-01   0.22084944018964622E+00
    2219.501451771835     
   1   0.46276931793831404E-01   0.62012035744753294E-01  -0.10205274168750782E-03
   2   0.19789678226591056E-01  -0.79722122354102032E-01  -0.88520519909372434E-02
   3   0.36218981744371430E-01  -0.11098668778937466E+00   0.14437549176153546E-02
   4   0.59576451876734715E-02   0.11571956201007262E+00   0.43721050176121490E-02
   5   0.30652249978400145E-01   0.22201747159542564E-01   0.10355246312473072E+00
   6  -0.17524049689608326E+00  -0.28314147450862243E+00  -0.66581153844221058E-01
   7  -0.18438257150130044E-02   0.16988323785848792E-01   0.26438305554506780E-01
   8   0.38667730021206111E-01  -0.23698601411337120E-01  -0.70171463524177141E-02
   9  -0.38537886704335983E-02   0.13783580115587340E-01  -0.17147214740201283E-01
  10  -0.33113529969546023E-01  -0.77197282492714606E-02  -0.34978509842518817E-01
  11  -0.41583396589365697E-01  -0.85434956726813550E-02   0.29839806488748670E-01
  12  -0.32635646844555652E-01  -0.20895418371172137E-01  -0.17960971262663508E-01
  13  -0.30126291566130215E-01  -0.21493732164498135E-01   0.28606552287024668E-01
  14   0.39877981409558762E-01  -0.45063073372298458E-01   0.86231259147697033E-02
  15   0.22065957007359076E-01   0.35365198409711369E-01   0.10000976041642202E-01
    2219.364430223646     
   1   0.20879876760794901E-02   0.91444720662887755E-02   0.44082415043759607E-01
   2   0.10959718022918223E+00  -0.36587970938703846E-02  -0.11873226925845602E+00
   3   0.35829921365371364E+00   0.23017202945298251E+00  -0.60925729700697562E+00
   4  -0.11358266860904358E+00  -0.16841472336116481E+00   0.30925523277961037E+00
   5  -0.27930708852906539E-01  -0.15705875547343329E+00   0.32378835686744950E+00
   6  -0.46112455047949530E+00  -0.20472976217068867E+00   0.61998353778907889E+00
   7   0.42810595654863039E-02   0.45066873772009818E-01   0.26473249518312550E-01
   8   0.34653515367171144E-01  -0.73941267075451605E-02  -0.23339794892876593E-01
   9   0.54801452520373663E-02   0.30953135131369564E-01  -0.41967285242504870E-01
  10  -0.36047440056715105E-01  -0.13261217875131457E-01  -0.36486324740792671E-01
  11  -0.35209564799061489E-01  -0.10135357513168748E-01   0.29750918006636210E-01
  12  -0.52730688846165275E-01   0.38191245526788153E-01  -0.12354530904916225E+00
  13   0.31579183104589611E-02   0.11988648770416581E+00  -0.17733833193072504E+00
  14   0.38503069433139067E-01   0.33298697651745555E-01  -0.50059924636306437E-01
  15   0.11860260121294136E+00  -0.15995013648615905E+00  -0.10510861914683983E+00
    2219.477101820721     
   1   0.39029014805038433E-01   0.86921746437480546E-01  -0.32819530371692780E-01
   2   0.68058616379409353E-01  -0.10217900581853256E+00   0.41227909479127987E-01
   3   0.12146148964646857E+00  -0.27754426397009829E+00   0.20705412411453269E+00
   4  -0.45737718198783674E-01   0.35086992860739930E+00  -0.23512720239226642E+00
   5  -0.38618689309155380E-01   0.10673022024710456E+00  -0.30463143032219687E-01
   6  -0.22280938209951581E+00  -0.24831994320062903E+00  -0.19609757986058624E+00
   7  -0.88303864865232255E-03   0.16981500441752187E-01   0.55357254778546264E-01
   8   0.37249422222483425E-01  -0.28983766835483735E-01   0.53813620858653302E-02
   9   0.24848600523201202E-02   0.62684699188164531E-02  -0.16993102742598760E-01
  10  -0.29829553033656191E-01  -0.12122058570736670E-01  -0.40180722117190683E-01
  11  -0.42548711476168170E-01  -0.55206460003209374E-02   0.33287648698102017E-01
  12  -0.30744735459424983E-01  -0.13029149098686577E+00   0.18765152515819759E-01
  13  -0.32099600110262971E-01  -0.30155784046319516E-01   0.11616621197384572E+00
  14   0.99404337263891321E-01  -0.12285277637041406E+00   0.15600804626187359E+00
  15   0.25452404632929582E-01   0.60130901433359953E-01   0.48611183074766945E-02
    2219.450103198761     
   1   0.91257495392869481E-01   0.10144106086800013E+00   0.42132482351143717E-01
   2  -0.36600334001672279E-01  -0.83071734865485178E-01  -0.55196662524099861E-01
   3  -0.36841925325940238E-01  -0.18028204692467284E-01  -0.63267723930805916E-01
   4   0.34966216627576423E-02   0.70347880363624743E-01   0.44471157761556301E-01
   5   0.91656913867536841E-01  -0.43084984957818278E-03   0.15009373229664019E+00
   6  -0.12962795871364141E+00  -0.38024449682608868E+00   0.61897690059073036E-02
   7  -0.23043527780632567E-01  -0.17214445799415327E-01   0.23297082802505774E-01
   8   0.43067413479292382E-01  -0.10107641992979375E-01  -0.24148065787664173E-01
   9  -0.18674365820999048E-01  -0.68736886765904401E-02  -0.56717170673605974E-01
  10  -0.38002822912760144E-01  -0.26472295886884952E-02  -0.40270040970411251E-01
  11  -0.42127441527932970E-01  -0.23613213503714082E-03   0.31599631709727766E-01
  12  -0.24374120197127931E-01   0.78912197872760253E-02  -0.77096312631820471E-01
  13  -0.16796630837684873E-01   0.54994581446637745E-02   0.55019009311440450E-01
  14   0.36230606493858224E-01  -0.50956467628270712E-01  -0.96829219270422248E-02
  15   0.14074994445349162E-01   0.98298358241636109E-02  -0.27705325911897327E-03
    2219.460176873459     
   1   0.44147298005375132E-01   0.61392001240675079E-01   0.13172007816066450E-01
   2   0.16921670375855548E-01  -0.75287766673592299E-01  -0.24766251292367428E-01
   3   0.26495293701838819E-01  -0.71308101387571793E-01  -0.44520968759776271E-01
   4   0.14207299842166976E-01   0.10550004719929698E+00   0.42349012082857032E-01
   5   0.38733132837029720E-01   0.12540103172577127E-01   0.13491920127797596E+00
   6  -0.17567698771631957E+00  -0.33038029639003735E+00  -0.27536610894125860E-01
   7  -0.49498346569608010E-02   0.12005742202030224E-01   0.24605964789634626E-01
   8   0.40615628220759710E-01  -0.18561043754531718E-01  -0.13205870443746466E-01
   9  -0.39426077552832126E-02   0.99995731451725210E-02  -0.26246153243339853E-01
  10  -0.34355446025236436E-01  -0.55023353907751472E-02  -0.36263153384152022E-01
  11  -0.41630769650646729E-01  -0.64557275723040059E-02   0.28127968607338655E-01
  12  -0.36577899207226983E-01  -0.29696856053263608E-02  -0.46561287410533378E-01
  13  -0.29783307310631200E-01  -0.15279619381617612E-01   0.32564691885194216E-01
  14   0.40131153666940297E-01  -0.54046526475330314E-01  -0.12552495982648145E-01
  15   0.19939694341958979E-01   0.26649171756490210E-01   0.30314751115255353E-03
    2219.451253934787     
   1  -0.38958052810728387E-01   0.65816899909716828E-01  -0.38875027362712151E-01
   2   0.85665435445530028E-01  -0.11010999125758926E+00   0.92536130572439368E-01
   3   0.11990410027978808E-01  -0.33594042838669402E+00   0.34980571494704499E+00
   4   0.14235475284894164E+00   0.23894397704018641E+00  -0.25810032850580861E+00
   5  -0.21069233376692260E-01   0.14021988623916745E+00  -0.16271293643322338E+00
   6  -0.16384433482485694E+00  -0.19079611824936990E+00  -0.23920847732250522E+00
   7   0.17663944233838692E-01   0.21532550254175789E-01   0.45161016495214590E-01
   8   0.50836256407806264E-01  -0.27062964503152910E-01   0.52102557706526107E-02
   9   0.27330135521765452E-01   0.57966130667856932E-02   0.51354575393189176E-03
  10  -0.28816690193148552E-01  -0.14005544384131246E-01  -0.38364421028644374E-01
  11  -0.44191982491754336E-01  -0.93030911618746867E-02   0.33492619314463561E-01
  12  -0.94252044826613632E-01  -0.62702115853519244E-01   0.22369775439659116E-01
  13  -0.55997982350053876E-01  -0.12835577019027607E-01   0.96501854175236421E-01
  14   0.61020788920354294E-02  -0.57556308588556683E-01   0.11862130971132338E+00
  15   0.29702493343617731E-01   0.21515519252153354E-01   0.32192781823146756E-01
    2219.503149843918     
   1   0.33274491759725872E+00   0.31243454495310080E+00  -0.49449614457901761E-01
   2  -0.84319355568158880E-01  -0.13863803098860014E+00   0.19137429227494413E-01
   3   0.28203853079579223E-01  -0.17534512866791652E+00   0.47105070239613342E-01
   4  -0.18633903418865733E+00   0.24628783075702351E+00  -0.47523212124302494E-01
   5   0.94961831234088606E-01   0.50906660339944995E-01   0.68634649508856158E-01
   6  -0.15593618807221901E+00  -0.26647283301574182E+00  -0.97261781456709384E-01
   7  -0.53657537441289559E-01  -0.16167890159632999E-01   0.79571505765008960E-01
   8   0.12531244454734797E-01  -0.83523961121228549E-01   0.11545699769133578E-01
   9  -0.99056205062359834E-01  -0.37702799171692329E-01  -0.38578042474724107E-01
  10  -0.27989183083605349E-01  -0.30997517813774588E-02  -0.45251496048815780E-01
  11  -0.34838845328362865E-01  -0.50305888477546953E-02   0.35706148115466810E-01
  12   0.36819016456776550E-01  -0.68988233254235073E-01  -0.61944417638637658E-01
  13   0.26393845342010371E-01  -0.55460916439202576E-01   0.11278186517047616E+00
  14   0.11059010139184103E+00  -0.78830811358074723E-01   0.33174718693463313E-01
  15  -0.89643897991316585E-01  -0.23071621913252932E-01   0.23995768787901745E-01
    2219.327901331015     
   1  -0.15042639671028434E-01   0.52680656354656297E-01   0.25342948779998917E-01
   2   0.47323518585387893E-01  -0.66413373919018276E-01  -0.65415934308505536E-01
   3  -0.34654024230254474E-02  -0.25916008334029059E-01  -0.13388498627146014E+00
   4   0.94268571044442195E-01   0.97551584202730052E-01   0.75956898059588704E-01
   5   0.39668688826781290E-01   0.32396684369834498E-01   0.20824377447962744E+00
   6  -0.14687855836637917E+00  -0.46301287320761730E+00   0.10596004271534415E+00
   7   0.17800494155952876E-01   0.71381564621077493E-02   0.24740985176876389E-01
   8   0.49551341102039320E-01  -0.15628364074769627E-01  -0.14508497337217780E-01
   9   0.11784762873963238E-01   0.13127806524962548E-01  -0.37191698931345718E-01
  10  -0.32053989246909449E-01  -0.44060551595245107E-02  -0.36493136277980509E-01
  11  -0.37397603944465549E-01   0.22392398291701692E-02   0.28223399408367676E-01
  12  -0.54186870797561515E-01   0.91745097947986808E-02  -0.71915312010720822E-01
  13  -0.58299679468000770E-01   0.63812245476771133E-02   0.40514910427801858E-01
  14   0.11003199382824248E-01  -0.74606553891532923E-01  -0.30738257879927684E-01
  15   0.16418881585281268E-01   0.51274458197050593E-01  -0.57001808893240566E-01
    2219.285944474019     
   1  -0.31145598068509545E-01  -0.17944824881308850E-01   0.38426738550479636E-01
   2   0.66238215036797790E-01  -0.29519534083850352E-03  -0.14228683101832826E+00
   3  -0.45795242513615934E-01   0.20463850578721773E+00  -0.25534390294551090E+00
   4   0.11574045631738467E+00  -0.60801872409897845E-01   0.82447409348436335E-01
   5   0.52037400258715956E-01  -0.15639366919878797E+00   0.24772703145538130E+00
   6  -0.78423592849360485E-01  -0.45809983365095874E+00   0.34099060974834522E+00
   7   0.19439744649704521E-01   0.40175267568990432E-01   0.27661884681865728E-01
   8   0.58845501863304395E-01  -0.27635461049256870E-02  -0.17081412393975096E-01
   9   0.99551170800683420E-02   0.27875243200277317E-01  -0.35585092645770929E-01
  10  -0.29207541353995406E-01  -0.83563751931648791E-02  -0.25829010978247743E-01
  11  -0.34141915194018900E-01   0.11349928798711642E-01   0.51790875171070158E-02
  12  -0.59575170045801568E-01   0.33223033659777593E-01  -0.66371142752932849E-01
  13  -0.69306911580100564E-01   0.48293557251818185E-01   0.26293049919358144E-01
  14   0.99523462203689947E-02  -0.17965811057028519E-01  -0.98479597456956076E-02
  15  -0.46884836856053554E-01  -0.11936093145490292E-01  -0.12070942444456192E+00
    2219.356947183992     
   1   0.61767869826403910E-02   0.24792618965259451E-01   0.78338552098145518E-02
   2   0.38381413924517868E-01  -0.39383640194869125E-01  -0.25401385090754982E-01
   3   0.32427810463384277E-01   0.85361182567704683E-01  -0.48218283694156809E-01
   4   0.52615844128150194E-01   0.24287574725808366E-02   0.22728940611225965E-01
   5   0.45759665546504416E-01  -0.60629481744472573E-01   0.13320208924175986E+00
   6  -0.18643928999705711E+00  -0.43170403277388220E+00   0.15568412467288812E-01
   7   0.92722309715398618E-02   0.23748976770654188E-01   0.34575067058142284E-01
   8   0.46719464788125206E-01  -0.65888539641079181E-02  -0.10595969021992177E-01
   9   0.54473434945962323E-02   0.20665450292609515E-01  -0.25327127266284680E-01
  10  -0.30408947500935559E-01  -0.49190097126820967E-02  -0.32973976347457391E-01
  11  -0.35554952894446150E-01  -0.19052481815723010E-02   0.22114106338969781E-01
  12  -0.47659747681713979E-01   0.29044276809101769E-01  -0.49783456217540337E-01
  13  -0.45368677181750909E-01   0.27885287345143877E-01   0.37901719013892596E-01
  14   0.22747060806997430E-01  -0.37162631247457230E-01   0.12029416333892385E-02
  15   0.18074517894635315E-01   0.23468717783793780E-01  -0.23638028923860663E-01
    2219.550021585596     
   1   0.83570707884144627E-01   0.33033510466142944E-02  -0.23706658548766440E-02
   2  -0.43131614495483944E-01  -0.62310755541002384E-01  -0.85849701822664198E-02
   3  -0.18816018798359990E-01  -0.35276480341740720E-02   0.36595526561050809E-03
   4  -0.25871953618179348E-01  -0.19514542213470252E-03   0.52954264747027508E-02
   5   0.72984025458882093E-01  -0.64430121675600277E-01   0.10369492071040730E+00
   6  -0.14462303310531235E+00  -0.27072847841747943E+00  -0.68326714388539850E-01
   7  -0.19216992242298194E-01   0.40526965119053238E-01   0.10377658180061824E-01
   8   0.36557177266851315E-01  -0.12822138119754491E-01  -0.16481490882846398E-03
   9  -0.22249615171082551E-01   0.36987314246131615E-01  -0.24986792842025428E-02
  10  -0.32798539681525518E-01  -0.10946969175896427E-01  -0.31138831258021665E-01
  11  -0.40237302881879600E-01  -0.11478128038981045E-01   0.25131531451975501E-01
  12  -0.78976997586592736E-02   0.21795314114301939E-01  -0.17219511495135842E-01
  13  -0.55317869194111136E-02   0.20012850243280492E-01   0.26775754855141224E-01
  14   0.35773348799392424E-01  -0.14944950644078112E-01   0.84841573471341625E-02
  15   0.96196363008438073E-02  -0.14578502788739706E-01   0.69906459268260614E-02
    2219.490530540122     
   1   0.15817999729581336E-01   0.19693148837074657E-01   0.22031166713023992E-01
   2   0.57009712639064250E-01  -0.40822306672120633E-01  -0.60378346324479699E-01
   3   0.12222982943659677E+00   0.95178436108876701E-02  -0.21824439187506553E+00
   4  -0.90174525733170991E-02  -0.27117811104428683E-01   0.13383445937739991E+00
   5   0.91970723758991249E-02  -0.68242676533232460E-01   0.19913407651640308E+00
   6  -0.24805272228456299E+00  -0.22473198161343302E+00   0.12514185290927879E+00
   7   0.88725492777817182E-02   0.37240006585907773E-01   0.21479118012451344E-01
   8   0.36782984572568393E-01  -0.13769821922727122E-01  -0.18291696853394088E-01
   9   0.64055139170810073E-02   0.29138179706243252E-01  -0.31442890402450296E-01
  10  -0.36606639360496650E-01  -0.10019667605784693E-01  -0.32281458207439356E-01
  11  -0.37113443523897172E-01  -0.13195354130338979E-01   0.25011615445702153E-01
  12  -0.45603652318213540E-01   0.21245203259151524E-01  -0.47507734267748424E-01
  13  -0.34087719353964430E-01   0.31833363024124407E-01  -0.62037913130799330E-01
  14   0.33454702068085193E-01   0.48718330185401496E-03  -0.15739984284885808E-01
  15   0.28263250844873394E-01  -0.40386969685507992E-01  -0.14923380736265393E-02
    2219.471790545862     
   1   0.70519044533412151E-01   0.69938292863962206E-01  -0.29944390709243325E-01
   2  -0.26621839589196936E-01  -0.78066525690652880E-01   0.28247262749466467E-01
   3  -0.40619584646930225E-01  -0.26894854946776348E-01   0.51896380412827334E-01
   4   0.18342915798169809E-01   0.61204990415613253E-01  -0.25849004298051051E-01
   5   0.82184724706291054E-01  -0.16221050261326690E-01   0.69561106501199427E-01
   6  -0.12246151748794597E+00  -0.35081100337235610E+00  -0.12316796644599770E+00
   7  -0.96088384434576037E-02   0.89570012390240653E-02   0.46219507898399320E-01
   8   0.42976432464937001E-01  -0.20591643826340177E-01   0.97558450872555578E-02
   9  -0.21466698838779646E-01  -0.93536775162235443E-02  -0.10528555938186573E-02
  10  -0.39681944606672424E-01  -0.22480394238752950E-02  -0.30460186819288342E-01
  11  -0.41474240488737227E-01  -0.34735924909820239E-02   0.31115597384139698E-01
  12  -0.20629778950720802E-01   0.41454596863186918E-02  -0.37387329093631266E-01
  13  -0.27142819456644929E-01   0.54804654611354687E-02   0.71521000726104234E-01
  14   0.34751311587632977E-01  -0.47711915795848325E-01   0.23846424309716254E-01
  15   0.28981257723974039E-02   0.27747866309770358E-01  -0.11382132923199600E-01
    2218.983552179356     
   1   0.68338155643722399E-02   0.52147317649722811E-02  -0.30411025088432474E-01
   2   0.12464064554828092E+00   0.33482354671840582E-01   0.69129099203778979E-01
   3   0.81232564564602350E+00   0.71781947613884889E+00   0.51328087395420241E+00
   4  -0.30892777545448497E+00  -0.53632248815804995E+00  -0.27632117164575692E+00
   5   0.68080781398464655E-02  -0.24361783068571058E+00  -0.25381490171537430E-01
   6  -0.11239158887626419E+01  -0.39691662729703436E+00  -0.10057983592038664E+01
   7   0.41567393033802753E-02   0.42111474699296450E-01   0.59673595836996024E-01
   8   0.24593777157497436E-01   0.55912701418898729E-02   0.10753582437632128E-01
   9   0.79824487275572571E-02   0.42171005089848120E-01  -0.30258268766220071E-01
  10  -0.32557974863726163E-01  -0.11826645927261573E-01  -0.41776036708033544E-01
  11  -0.36818481818205281E-01  -0.18207585812996956E-01   0.41332793159067287E-01
  12   0.63298497625708050E-01   0.36247149163224168E+00   0.11945773461250735E+00
  13  -0.40906305340673500E-01   0.10257086702112264E+00   0.19578684920665881E+00
  14   0.50151576051255385E-01   0.46581674945404015E-01   0.37655820293708148E-01
  15   0.47978919911370432E+00  -0.25618561828774955E+00   0.35752883467933266E+00
    2219.388855843391     
   1  -0.95366649413488477E-01   0.19744689696155067E-01   0.83845866764399729E-01
   2   0.14453188323170249E+00  -0.56681732010939102E-01  -0.30018977705196409E+00
   3  -0.12249512953285785E+00  -0.30191326125040541E+00  -0.87399344535099777E+00
   4   0.25559830842966746E+00   0.68406880074152077E-01   0.35334213621958821E+00
   5  -0.39671067718783322E-01   0.23760471279913539E-01   0.80653370613119002E+00
   6  -0.10504895139304127E+00  -0.38478773565495998E-01   0.43647490614298273E+00
   7   0.63711105608776630E-01   0.33166239462499192E-01  -0.14959459390709950E-01
   8   0.63660955559695268E-01  -0.25493991533315174E-01  -0.23708695817843801E-01
   9   0.20963123873605900E-01   0.28902590407330411E-01  -0.50688482604076268E-01
  10  -0.46119174264118441E-01  -0.60675311926168991E-02  -0.27300057676770892E-01
  11  -0.49472941704534507E-01  -0.86947794638307530E-02   0.44381419758649517E-01
  12  -0.69469380171570727E-01   0.42814323542285093E-02  -0.91944237250848757E-01
  13  -0.16147698882489658E+00  -0.15633970467632086E-01  -0.61004079152796382E-01
  14  -0.13651161223240470E-01   0.14402438725808034E-01  -0.75113999518560945E-01
  15   0.43666832564871201E-01  -0.71269224273279577E-02  -0.98809765733177457E-01
    2219.453321848255     
   1   0.33372581154411982E-01   0.28751944627226782E-01   0.16923778661856317E-01
   2  -0.24779680642256482E-01  -0.66939917528395718E-01  -0.34389145998180264E-01
   3  -0.88549100693283547E-01   0.28878393001904911E-02  -0.28182132997942588E-01
   4   0.60555062090346341E-01   0.34568537354946277E-01   0.15386002576128065E-01
   5   0.89602927734113394E-01  -0.34282722773903908E-01   0.12863563717340254E+00
   6  -0.72273017975053810E-01  -0.37098465582447232E+00  -0.33834732523553970E-01
   7  -0.43313974291986351E-03   0.12084635092569884E-01   0.19183072652834102E-01
   8   0.52774689923054952E-01  -0.92772259142622163E-02  -0.12162833594054958E-01
   9  -0.23118771709686702E-02   0.10475898808192975E-01  -0.27676618823022265E-01
  10  -0.34792057859190602E-01  -0.37319064557251743E-02  -0.24423262938594637E-01
  11  -0.41217296029774961E-01  -0.21936093284999404E-03   0.22210658380866090E-01
  12  -0.40631175357953846E-01   0.17563826459058341E-01  -0.52978860030183796E-01
  13  -0.35294214982443138E-01   0.15961169319026820E-01   0.55713746693651173E-01
  14   0.18171854636337324E-01  -0.38324432193768042E-01   0.10686129116001671E-02
  15  -0.82142540845898480E-02   0.26609185089759103E-01  -0.62132668617067271E-02
    2219.444550773718     
   1  -0.41438086787867215E-01   0.90529427042718887E-02  -0.48220154836100697E-01
   2   0.13695136761576679E+00  -0.17444567318472739E-01   0.15540754451887637E+00
   3   0.14834063670505443E+00   0.36415975553153211E-03   0.72093426318098819E+00
   4   0.80544883574714995E-01  -0.44591533618713548E-01  -0.31902525689324296E+00
   5  -0.47213455268467264E-01  -0.10798435413596993E+00  -0.25500858114224290E+00
   6  -0.25592149326668967E+00  -0.97385323208390870E-01  -0.66963774545557531E+00
   7   0.18198644456294200E-01   0.37321982345379957E-01   0.49584696587400508E-01
   8   0.47289973681759759E-01  -0.15576138293458268E-01   0.92763520966905079E-02
   9   0.28244855863745751E-01   0.39100886440277441E-01  -0.46277195634563386E-02
  10  -0.18986213975616610E-01  -0.12701172212347530E-01  -0.22010041954463610E-01
  11  -0.42867997869802006E-01  -0.15677476992008832E-01   0.29435583482245228E-01
  12  -0.10713851625221478E+00   0.41604028424082874E-01   0.15379391901891382E+00
  13  -0.63405127149596285E-01   0.15481520582894965E-01   0.96755980643727035E-01
  14   0.16429821659323173E-01   0.26777685154085934E-01   0.72873695977280883E-01
  15   0.40982007279003259E-01  -0.97541560251692916E-01   0.50333993975682903E-01
    2219.466410266676     
   1   0.55308823547374132E-01  -0.36357017422093456E-01  -0.73690218698430759E-01
   2  -0.29733735271369202E-01  -0.45263342961578849E-01   0.85960003883981367E-01
   3  -0.86282538485492957E-01   0.75171197371530454E-01   0.86340704894253828E-01
   4   0.22821370872432065E-01  -0.20298097131996679E-01  -0.30569928102304703E-01
   5   0.87839951736222249E-01  -0.96491093597296074E-01   0.46074527325980011E-01
   6  -0.79333290467885800E-01  -0.37760670923984468E+00  -0.17907758062207699E+00
   7  -0.39829354757771268E-02   0.31802111886179416E-01   0.56398093205387509E-01
   8   0.44979840868138839E-01   0.32341582238481964E-01   0.31146664596226267E-01
   9  -0.17057753892280116E-01   0.37224831572198865E-01  -0.12407007292370639E-01
  10  -0.56831158693973337E-01   0.12788937929836160E-01  -0.14894499416639491E-01
  11  -0.45517407464528321E-01  -0.78703220205669396E-02   0.31688560998285577E-01
  12  -0.17990183923138520E-01   0.39903644697304133E-01  -0.38415252481761065E-01
  13  -0.25177976509063196E-01   0.30405750586181644E-01   0.81505199147472410E-01
  14   0.24015778945119741E-01  -0.25944688529929639E-01   0.19534864584743888E-01
  15   0.36994254206037919E-02  -0.33451939726958396E-01  -0.78542472992731826E-02
    2219.459190704785     
   1   0.54656691154893369E-01   0.55753524795311996E-01   0.13456812203642582E-01
   2  -0.58898355560470109E-03  -0.69753744633253470E-01  -0.23663350475558346E-01
   3   0.79307877748357024E-02  -0.25101899896448329E-01  -0.33606217101671797E-01
   4   0.11790251950685803E-01   0.65992822802065226E-01   0.28978940281268309E-01
   5   0.53406927857295096E-01  -0.12889226747652707E-01   0.12796154852276373E+00
   6  -0.16571451984657537E+00  -0.35743841371811091E+00  -0.33170477580613006E-01
   7  -0.10606652234312926E-01   0.10129283378506758E-01   0.23386446660140628E-01
   8   0.40870217619382886E-01  -0.15400109742378178E-01  -0.12515742149222872E-01
   9  -0.88806576961621333E-02   0.92688558577343171E-02  -0.28188617474778844E-01
  10  -0.34105177246237690E-01  -0.45215762139219542E-02  -0.34926084927513062E-01
  11  -0.42439464286989706E-01  -0.43569951825322582E-02   0.27222430979844975E-01
  12  -0.30309102060938165E-01   0.65641286647409531E-02  -0.54230159190050142E-01
  13  -0.23863950216197347E-01   0.15484961064517576E-03   0.40992701018097197E-01
  14   0.39790559238097600E-01  -0.53149250403569742E-01  -0.46386728641946732E-02
  15   0.23335282154334933E-01   0.44776900026193056E-01   0.12207633322795173E-01
    2219.550111648105     
   1   0.71432037822118780E-01   0.46092165920639944E-01   0.27316320478589954E-01
   2   0.12138378193260259E-01  -0.70812339749018835E-01  -0.37196575090669801E-01
   3   0.74329474658189898E-01  -0.78047794999262357E-01  -0.10503316360462078E+00
   4  -0.45339591144265272E-01   0.58797075716988216E-01   0.85348342541803068E-01
   5   0.38963871764379668E-01  -0.20558416477992485E-01   0.15847830374221183E+00
   6  -0.20041073243835589E+00  -0.23460008635726215E+00   0.66328568565122972E-02
   7  -0.10629811900406766E-01   0.26624245199120940E-01   0.14552440320871782E-01
   8   0.34680737236248128E-01  -0.22064374074567128E-01  -0.16841894242885975E-01
   9  -0.47388634280765805E-02   0.23324544567841329E-01  -0.25385339596517988E-01
  10  -0.31689499883502267E-01  -0.10105078864391716E-01  -0.33447253225407626E-01
  11  -0.39023443988361779E-01  -0.97338430685606145E-02   0.30613781757668442E-01
  12  -0.26288041446480625E-01  -0.16650787124449875E-02  -0.37335738305288919E-01
  13  -0.34896914406545047E-02  -0.12867777481045194E-01  -0.31997340368051838E-01
  14   0.51418072293308241E-01  -0.20941859320055024E-01  -0.19450838669656467E-01
  15  -0.17379686987705329E-01   0.65840793085492812E-02   0.38988600762702836E-02
    2219.585398454210     
   1   0.19507093976209530E+00   0.22035726429924078E-01   0.14645091259392207E+00
   2  -0.37616876165813683E-01  -0.64627307490903479E-01  -0.96986286039722688E-01
   3   0.16879339616829947E+00   0.22203966652829237E-01  -0.23470770291981524E+00
   4  -0.25902845330987301E+00  -0.81694742149657842E-01   0.18862050209575901E+00
   5   0.43882068201462350E-01  -0.81876862870764608E-01   0.20753879936291919E+00
   6  -0.29983579040069758E+00  -0.20842628469724936E+00   0.13197663676394711E+00
   7  -0.57724909217186191E-01   0.57627630663496694E-01   0.91996563362001967E-02
   8  -0.12287185137319166E-01  -0.92281447931384479E-02  -0.87892269208089763E-01
   9  -0.14473960223490075E-01   0.33145064400680643E-01  -0.54106371589472048E-01
  10  -0.26114406487059566E-01  -0.10850409255764941E-01  -0.34090986882328637E-01
  11  -0.33915508709068599E-01  -0.13813858922193799E-01   0.33669157917628589E-01
  12   0.10185138157204053E-01   0.18917701491633090E-01  -0.13354247477842979E+00
  13   0.11667343971283103E+00   0.55540512760920369E-01  -0.80429004674553148E-01
  14   0.78892680763239617E-01   0.99187029135563310E-02  -0.41764243661782087E-01
  15  -0.10939372799393011E-01  -0.44501209670978203E-01  -0.61167905824409058E-02
    2219.529426493666     
   1   0.99995806929101622E-01  -0.13669424320758640E-01   0.92765939533895919E-01
   2  -0.38321705418633327E-01  -0.49625609251953536E-01  -0.83990859469354529E-01
   3   0.44348482579701851E-01   0.54818774507729734E-01  -0.14262978484503966E+00
   4  -0.72102248232510352E-01  -0.53113314560505984E-01   0.90167767371418989E-01
   5   0.67959329638802968E-01  -0.89856752415198915E-01   0.17052692216312015E+00
   6  -0.21149976064923268E+00  -0.28201011942033855E+00   0.73663174112429966E-01
   7  -0.23791902465725451E-01   0.50770959648538921E-01   0.11334820966771955E-01
   8   0.20698183784607044E-01   0.37472917116815087E-02  -0.58219088077538853E-01
   9  -0.10461863540944409E-01   0.32763723600778547E-01  -0.36240322208898071E-01
  10  -0.35034157060003207E-01  -0.10722858398282423E-01  -0.30544301535530408E-01
  11  -0.48495785550701470E-01  -0.10658929196197096E-01   0.21390064353191806E-01
  12  -0.13720274442436807E-01   0.30466794089092739E-01  -0.81968432334127803E-01
  13   0.26856924612136925E-01   0.53566306038738763E-01  -0.19056125925774759E-01
  14   0.39524181462912540E-01  -0.63863556986855701E-02  -0.15957811554677976E-01
  15   0.29392227165278752E-01  -0.33517922097425060E-01   0.10562468807601463E-01
    2219.338843156494     
   1  -0.11136301998578675E+00   0.14637404116994060E+00   0.19942069172117513E+00
   2  -0.79686644893011957E-01  -0.21161333151835746E+00  -0.37221104878047023E+00
   3  -0.33442474566727615E+00  -0.36882140270522396E+00  -0.43589662919580924E+00
   4   0.23864026998395774E+00   0.12926571919629032E+00   0.15631293198527588E+00
   5   0.20085676764693014E+00   0.24966281729469542E+00   0.75142276312561929E+00
   6   0.13293307295741389E-01  -0.12999745610595995E+00   0.17603819436772428E+00
   7   0.76372718285086461E-01  -0.78257569045477191E-01  -0.14644512360356843E+00
   8   0.81861381660800092E-01  -0.45738980040776790E-01  -0.35555535832317228E-01
   9   0.20876871186846509E-01   0.17611243043384312E-01  -0.75784250591592855E-01
  10  -0.38533633571060322E-01   0.12630934522580829E-01  -0.25987328595324825E-01
  11  -0.41919403081691904E-01  -0.17168798034536772E-01   0.64974829285604704E-01
  12  -0.63521703685875744E-01   0.13226465419816462E-02  -0.85855033981357021E-01
  13  -0.90715326972270749E-01  -0.15985744430740020E-01   0.37206418931266791E-01
  14  -0.54411450408178713E-01  -0.30203535101040100E-01  -0.64816986559595446E-01
  15  -0.66015825022933669E-01  -0.28364553746966455E-01  -0.16045148300334863E+00
    2219.383939695657     
   1  -0.41208598580897565E-01  -0.30443992578983746E-01   0.42271805786012903E-01
   2   0.51882124663796235E-01  -0.10361775029039400E-01  -0.14164730981605597E+00
   3  -0.97432476167711488E-01   0.12210199531597796E+00  -0.23305484526663978E+00
   4   0.13019767095675688E+00  -0.46974127687385368E-01   0.76060970245168918E-01
   5   0.57349611496451396E-01  -0.15635208676362267E+00   0.27212324184796377E+00
   6  -0.54793848911675276E-01  -0.32364865840522999E+00   0.22856001854639213E+00
   7   0.28368344947363143E-01   0.53587121801889515E-01   0.10258252292044306E-01
   8   0.58887227913900587E-01  -0.74613053878806969E-02  -0.10652555377556711E-01
   9   0.14575120486441752E-01   0.34635934694698979E-01  -0.31526016326069620E-01
  10  -0.31856253574274754E-01  -0.10640932426169704E-01  -0.19378981188579322E-01
  11  -0.34846134277915691E-01   0.35340255492036354E-02   0.66691692286931182E-02
  12  -0.65086404687945340E-01   0.31323206109006012E-01  -0.55216692207471371E-01
  13  -0.71821231699995505E-01   0.38518987116823056E-01   0.22790403329140944E-01
  14   0.48518411429612001E-02  -0.60361515699104340E-02  -0.38959623064661799E-02
  15  -0.32209600392096513E-01  -0.45758781074538596E-01  -0.91145108733072425E-01
    2219.286077306382     
   1  -0.16478842915298792E-01   0.11287538683499351E+00   0.15638417218447803E-01
   2  -0.51358307154967643E-02  -0.92554634512446110E-01  -0.34107911140214338E-01
   3  -0.15405936851784544E+00  -0.22894389019037516E-01  -0.27095172512762555E-01
   4   0.12847471383151787E+00   0.73274766257081014E-01   0.16186503512978821E-01
   5   0.11630387697255318E+00   0.36006100050869592E-01   0.12679982055408692E+00
   6   0.45742020147133938E-01  -0.55415897703273198E+00  -0.23168500169438423E-01
   7   0.20268078137717898E-01  -0.28839358840776437E-01   0.53237437419216598E-01
   8   0.69633182834254070E-01  -0.40788250928222034E-02  -0.96165776761899541E-02
   9   0.13263695991876484E-01  -0.23654960367077298E-01  -0.56470303967186344E-01
  10  -0.36456284561701184E-01   0.19070661591204581E-02  -0.47574429230677034E-01
  11  -0.45220772045929183E-01   0.18330166798654648E-01   0.41834647265930260E-01
  12  -0.50047494457605722E-01   0.16575559359592526E-01  -0.70410754404157505E-01
  13  -0.47754992746674788E-01   0.13585210799657545E-01   0.73049428682962922E-01
  14  -0.17273188975484459E-01  -0.67790190810683160E-01   0.17754526938888802E-02
  15  -0.10245427774044594E+00   0.85529829476862024E-01  -0.26811949175173981E-01
    2219.273657455262     
   1  -0.88479224753217844E-01   0.13569028835657410E+00   0.19536855011676325E-01
   2   0.85921081318868872E-01  -0.16551858329836400E+00  -0.46913281889525170E-01
   3  -0.56520598358705695E-01  -0.33805235010873735E+00  -0.85927946801006266E-01
   4   0.20570185366337040E+00   0.34506382558115517E+00   0.65005094944179304E-01
   5   0.14633473082761628E-01   0.34413530527466635E+00   0.19763878010056157E+00
   6  -0.11294009568636926E+00  -0.40780510794010516E+00   0.52322278994852665E-02
   7   0.53274246862207532E-01  -0.24518904780996033E-01   0.45444023872664344E-01
   8   0.60094309946582040E-01  -0.21350882617861708E-01  -0.10671856433974707E-01
   9   0.32473545303870165E-01  -0.90512350196805952E-02  -0.53920766432518828E-01
  10  -0.36176505367240520E-01   0.47012524728262178E-02  -0.45535159349373994E-01
  11  -0.41487925226733342E-01  -0.45764064158344906E-03   0.40864601459908043E-01
  12  -0.66140470258909539E-01  -0.11404152599723686E-01  -0.86179725728061291E-01
  13  -0.73287662713427792E-01  -0.29773550289424775E-01   0.76131436206197570E-01
  14  -0.58597160483799399E-01  -0.21397286527690337E+00  -0.43221967156406527E-01
  15   0.44450401791924520E-01   0.31162672909058633E-01  -0.29998953244309717E-01
    2219.492728919380     
   1  -0.29839435449817996E-01  -0.30552849074131517E-01   0.15354487351121004E+00
   2  -0.73761911112051395E-01  -0.54766807889448738E-01  -0.25426206086022518E+00
   3  -0.25728981963938674E+00  -0.76950156200849398E-01  -0.25987811992895593E+00
   4   0.15158284768939467E+00   0.25915882823054178E-01   0.83373556334024768E-01
   5   0.13829710118334515E+00  -0.65555603948635383E-01   0.37945135243010453E+00
   6   0.12818350182545088E-01  -0.21193819482051057E+00   0.13636924196516731E+00
   7   0.31822905464769166E-01   0.52329487155790319E-01  -0.88572497476687717E-01
   8   0.75351359956072811E-01  -0.24828387995968485E-01  -0.45303221455345648E-01
   9   0.84084517539134550E-02   0.32768387792468552E-01  -0.38461318287440191E-01
  10  -0.32717859138335859E-01  -0.85130408661351457E-02  -0.22964020432484016E-01
  11  -0.41210816883475450E-01  -0.25955166672590058E-01   0.14117677824622228E-01
  12  -0.58396210941598387E-01   0.13443221720886047E-01  -0.63166996724903460E-01
  13  -0.73823904162434090E-01   0.12313591867825820E-01   0.30145446112161432E-01
  14  -0.13546851037980692E-01  -0.96876332718375171E-02  -0.24165602181274375E-01
  15  -0.19938769297001450E-01  -0.31257154033194979E-02   0.73720701583665678E-02
    2219.452984129403     
   1   0.65962278677888425E-01   0.71828538901516734E-01  -0.28716691426013158E-01
   2   0.24025364984502900E-02  -0.75817964240249419E-01   0.23405178822600608E-01
   3   0.26181636963560094E-01  -0.42955831588448248E-01   0.75374446369632100E-01
   4  -0.67476244054315753E-02   0.10000038736230460E+00  -0.52728304552541773E-01
   5   0.59427949441197031E-01   0.40076260277449602E-02   0.55245771090169385E-01
   6  -0.18067281319644707E+00  -0.35750514891014273E+00  -0.14295914750451136E+00
   7  -0.50933614366266934E-02   0.13931377755152390E-01   0.48353804041014345E-01
   8   0.36134227104800840E-01  -0.20548571317122111E-01   0.11661328286615579E-01
   9  -0.19093504489385495E-01   0.30576708641931920E-02  -0.12611071196680045E-01
  10  -0.33674822974936361E-01  -0.45117469032356248E-02  -0.34624044612254566E-01
  11  -0.40577590111170687E-01  -0.83600016476134912E-02   0.31092421135855912E-01
  12  -0.19080636012265284E-01  -0.16806859278455363E-01  -0.26567756110798105E-01
  13  -0.26945947480946742E-01  -0.16079529859451922E-02   0.81760927399872688E-01
  14   0.53360466807424033E-01  -0.65446725416435730E-01   0.41266422460977746E-01
  15   0.39154409873037553E-02   0.44794388314237731E-01  -0.18354565555432493E-02
    2219.269585589233     
   1  -0.15726378425425525E+00   0.21672494183566668E+00  -0.14969818766830836E+00
   2  -0.28254687926563177E-01  -0.30194010046994191E+00   0.27538231813158937E+00
   3  -0.30178445201535420E+00  -0.50012561177317238E+00   0.39361871880953309E+00
   4   0.27369327762303552E+00   0.21244039169256687E+00  -0.16367572389180168E+00
   5   0.18610952269108696E+00   0.47773098217519100E+00  -0.53871772751420022E+00
   6  -0.15061095420932178E-01  -0.12755367716580940E+00  -0.26395199253131330E+00
   7   0.28055064404802620E-01   0.15857917004620425E-01   0.86728653787269988E-01
   8   0.78352603689317485E-01  -0.50040164370939520E-01   0.15489311999819826E-01
   9   0.93811611863978253E-01  -0.10029442618129816E+00   0.10130830542937601E+00
  10  -0.37821004303327070E-01   0.15841041211429301E-01  -0.76872823066778825E-01
  11  -0.50195477265622346E-01   0.81742146052897237E-02   0.25841003283821301E-01
  12  -0.10599769196737958E+00  -0.31927663377476413E-01  -0.33711339106303452E-01
  13  -0.66474015580907708E-01  -0.81862054799048539E-02   0.10013701431577988E+00
  14  -0.56493387772445426E-01  -0.57394383034338373E-01   0.86010232302935044E-01
  15  -0.46692348265119629E-01  -0.12376378362691788E+00   0.25010563445030171E+00
    2219.453735067574     
   1   0.46906786262942438E-01   0.10558749211290826E-01   0.46027446611256399E-01
   2  -0.27188897532930165E-01  -0.59238594143576608E-01  -0.71311245224232753E-01
   3  -0.73408068429031262E-01   0.34211791396203360E-01  -0.65406457967613532E-01
   4   0.37299954036873036E-01   0.14720860493890030E-01   0.35166090657902334E-01
   5   0.93887539124971942E-01  -0.62698552208543715E-01   0.15351117361540870E+00
   6  -0.84062883316566722E-01  -0.37749833693948942E+00   0.16433988172474757E-01
   7  -0.76815242970240298E-02   0.21469813375961953E-01   0.18578228602246359E-01
   8   0.49227444578541960E-01   0.40945324570598705E-02  -0.24460541403777371E-01
   9  -0.55197255141660514E-02   0.20651567552813926E-01  -0.36153811536743623E-01
  10  -0.33163686788146525E-01  -0.48014377811321594E-02  -0.29465167203629135E-01
  11  -0.47839248658684469E-01   0.43645992009774823E-02   0.19958447775524527E-01
  12  -0.30107377279360095E-01   0.21409289463166666E-01  -0.65666278531455166E-01
  13  -0.26875634810060205E-01   0.25932489688837532E-01   0.48404135145340844E-01
  14   0.23976690422879494E-01  -0.35354943504493502E-01  -0.36260457379275676E-02
  15  -0.24376257397620189E-01   0.35227078937245786E-02  -0.24685374546535545E-01
    2219.278555240612     
   1  -0.61436192306504121E-01   0.13430984739076110E+00  -0.25740336247468947E-01
   2   0.22710154705455756E-01  -0.13250520358814463E+00   0.53699349961076073E-01
   3  -0.11535030726865358E+00  -0.16788774054939598E+00   0.10322962837542889E+00
   4   0.16679151487437233E+00   0.16521049741112423E+00  -0.49171159968089025E-01
   5   0.89005404793541743E-01   0.20867045114974622E+00  -0.97629366914571535E-02
   6  -0.46036435045823061E-01  -0.48393464060427022E+00  -0.17312356148889654E+00
   7   0.24091396323819968E-01  -0.39348443347763150E-02   0.66373130028916677E-01
   8   0.63331056672342581E-01  -0.20050134799083869E-01  -0.66892805359670092E-03
   9   0.47375479817552496E-01  -0.46999390041250803E-01  -0.18318335945909949E-01
  10  -0.30506477657416868E-01   0.15201125128073052E-01  -0.43079579624888252E-01
  11  -0.40966336240214389E-01  -0.31109966075167426E-02   0.39994183507112820E-01
  12  -0.68952651458080161E-01  -0.87983028138266684E-02  -0.56260080992581764E-01
  13  -0.57049334867555257E-01   0.48342008302957578E-02   0.86823383452946157E-01
  14  -0.38911606239969469E-01  -0.11067432432758434E+00   0.45995948732655625E-01
  15  -0.28432676190756696E-01   0.55817491785011220E-01   0.39192139351638039E-01
    2219.408352143850     
   1   0.30683331683062955E-01  -0.16617789512440959E+00  -0.11149094257179167E+00
   2  -0.61588839261948816E-02  -0.23654193154517421E-02   0.18716966173737840E+00
   3  -0.24623499172091023E+00   0.12335017115137320E+00   0.10429003783692424E+00
   4   0.80596171983549125E-01  -0.39512914443446866E-01  -0.25377211948234838E-01
   5   0.11671561285357621E+00  -0.19039460266974287E+00   0.15664985742125069E-01
   6   0.12639871042832546E+00  -0.41050306032489564E+00  -0.21433764595882748E+00
   7   0.77081770851427777E-03   0.43554071304319188E-01   0.71692689504719437E-01
   8   0.68675378244505356E-01   0.84392119972996699E-01   0.45982330213814010E-01
   9  -0.89521127272640336E-02   0.60874584271809730E-01  -0.32765586673784840E-01
  10  -0.51950369760089384E-01  -0.10280524603856480E-01  -0.30840432423796030E-01
  11  -0.41128040685363479E-01  -0.30547588530882575E-01   0.20752578754063077E-01
  12  -0.36788449745902327E-01   0.41087400345724480E-01  -0.55295325536007335E-01
  13  -0.30023396066834591E-01   0.33177100465163797E-01   0.87036122108928540E-01
  14   0.16016617173145821E-01  -0.20608272344168340E-01   0.16438333401595766E-01
  15  -0.12141465277401106E+00   0.12169437261551764E-02   0.43914658484344567E-01
    2219.476709288957     
   1   0.13758877204713940E+00   0.18057468852891537E+00   0.61029874224676581E-01
   2  -0.68061294300906724E-01  -0.11507621169944045E+00  -0.64191256576767136E-01
   3  -0.65232392524999711E-01  -0.81047987332926119E-01  -0.67198452586859372E-01
   4  -0.17381846683280084E-02   0.10477092076333673E+00   0.48679934528245213E-01
   5   0.11348215018515793E+00   0.36920384824273185E-01   0.16398800712333614E+00
   6  -0.11088029472337492E+00  -0.32628905760316856E+00  -0.44257422162313660E-02
   7  -0.43203306496779025E-01  -0.52986057838380070E-01   0.38806294158193664E-02
   8   0.44550428149823740E-01  -0.34261035426744614E-01  -0.23946084439602399E-01
   9  -0.21664872729519034E-01  -0.94253211358845453E-02  -0.61838908722416458E-01
  10  -0.29438052349287126E-01  -0.57225636345928912E-02  -0.39254081054009501E-01
  11  -0.43788562314310817E-01  -0.76704579590887955E-03   0.33145924398948250E-01
  12  -0.25159060055262583E-01  -0.19549822513557761E-02  -0.76388677581674946E-01
  13  -0.81776283974281366E-02  -0.15841217816429550E-01   0.53772206266226211E-01
  14   0.41635067590506745E-01  -0.54650799338799121E-01  -0.14474313952704038E-01
  15  -0.23175494096762450E-01   0.39217963315776073E-02  -0.14367328069920091E-01
    2219.382750444503     
   1  -0.10395050825037783E+00   0.46835953119491019E+00  -0.32694448022781392E+00
   2  -0.19749837424479627E+00  -0.37155979760775681E+00   0.27168451368310986E+00
   3  -0.32778373283107776E+00  -0.31873459874559829E+00   0.20388733350200600E+00
   4   0.18083114473378345E+00   0.13426722221906756E+00  -0.70539052368059546E-01
   5   0.30829089880407018E+00   0.33454280086621591E+00  -0.27211493779827217E+00
   6   0.40207978310992879E-02  -0.20488538000283488E+00  -0.17114876191662093E+00
   7   0.25233935111096603E-01  -0.25649886541976263E-01   0.16812114718235097E+00
   8   0.82991749885255664E-01  -0.74501917485970182E-01   0.26305014100724007E-01
   9   0.14809244108852632E+00  -0.45463919471737246E+00   0.42181316615784986E+00
  10  -0.20966210867218286E-01   0.17417710291882833E-01  -0.80562758739274418E-01
  11  -0.37987795158558005E-01   0.14065567034098751E-01   0.32758522602786479E-01
  12  -0.63734078193640561E-01  -0.13124192492445145E-01  -0.49960078499669131E-01
  13  -0.47850451847092648E-01  -0.77482190945123305E-03   0.88844219315853401E-01
  14  -0.43913897964096359E-01  -0.44912651020819094E-01   0.47076593294817941E-01
  15  -0.15844633021892335E+00   0.14680429866442013E+00  -0.41736886650449917E-01
    2219.434373130699     
   1   0.59207625350724859E-01   0.42475467279166547E-01   0.33268176198958624E-01
   2  -0.74503921852582845E-02  -0.60420144207392015E-01  -0.49497805763134048E-01
   3   0.14064943814983129E-01   0.35511163592372476E-01  -0.76533302342521800E-01
   4   0.64088840072904797E-03   0.29060024925948287E-01   0.48976594791830801E-01
   5   0.65173402611039516E-01  -0.44028841163747279E-01   0.15299206172863725E+00
   6  -0.18412588084242831E+00  -0.39615570752544038E+00   0.35715363952834554E-01
   7  -0.11214520488144560E-01   0.12161083828760962E-01   0.24911484500080371E-01
   8   0.38970548758486517E-01   0.54043905682937170E-03  -0.22077868371019674E-01
   9  -0.53335648324633325E-02   0.14822791855295944E-01  -0.36144460727196806E-01
  10  -0.30592882125097899E-01  -0.66409925302345022E-02  -0.33888161100262867E-01
  11  -0.44362890554354301E-01  -0.32381745491113448E-02   0.25929510406987828E-01
  12  -0.31174952358554560E-01   0.17561727009817073E-01  -0.69032283771813710E-01
  13  -0.16763052333781763E-01   0.18209900336981204E-01   0.40710852781439884E-01
  14   0.40035701290882769E-01  -0.49201416339651270E-01  -0.12038486904375126E-01
  15   0.37614794022191068E-01   0.22702504811660983E-01  -0.29730690991524495E-01
    2219.374508574048     
   1   0.16507585131533442E-01   0.17166216589980002E+00   0.13070811908190221E-01
   2  -0.41826653973499259E-01  -0.11931446219364149E+00  -0.23852511559565057E-01
   3  -0.15918369240528654E+00  -0.65345845483355897E-01  -0.14552480001260909E-01
   4   0.11072783404826698E+00   0.82688261037607513E-01   0.11360971838059661E-01
   5   0.13235744518452522E+00   0.84096354766924106E-01   0.11532848682294738E+00
   6  -0.39638734944397363E-02  -0.43798577120009186E+00  -0.47248866629447245E-01
   7   0.10303817214654599E-01  -0.57462595126832244E-01   0.57301255167889108E-01
   8   0.66236821907106821E-01  -0.22262069663228842E-01  -0.94405520677113205E-02
   9   0.63650547276654793E-02  -0.55489833993827800E-01  -0.60544357487759576E-01
  10  -0.35633206750897276E-01  -0.82746588237176592E-03  -0.43904497534286012E-01
  11  -0.43442183619811635E-01  -0.74041465717893215E-03   0.37687663618433023E-01
  12  -0.40985332352146547E-01   0.75525053277062451E-02  -0.69284124111025774E-01
  13  -0.37993013670615763E-01   0.66323162395905081E-02   0.74059646106872032E-01
  14  -0.83870619792596607E-02  -0.64281690883649087E-01   0.42039022597819926E-02
  15  -0.75915576218975753E-01   0.71685759561271795E-01  -0.90563312883953813E-02
    2219.424841470123     
   1   0.32732652541747412E-02   0.72838772967505086E-01  -0.25214631504132810E-01
   2   0.61669612545772433E-01  -0.93381391215093035E-01   0.42703309049365715E-01
   3   0.47708282392072830E-01  -0.19050851325183449E+00   0.16590922111186157E+00
   4   0.60493955285071836E-01   0.23869633159806736E+00  -0.13986447178996494E+00
   5   0.44338634107074452E-02   0.87254030706893554E-01  -0.14927010055604331E-01
   6  -0.18464994474147126E+00  -0.34443534346206361E+00  -0.19043861677445950E+00
   7   0.80495450140211731E-02   0.15152787961939496E-01   0.50417681758185028E-01
   8   0.46621416066406365E-01  -0.20759929095148188E-01   0.30721367986731459E-02
   9   0.12802399409811654E-01   0.50845512420040267E-02  -0.16148753398191048E-01
  10  -0.29031113990605241E-01  -0.90879375374169121E-02  -0.37556806582836194E-01
  11  -0.40939260569170841E-01  -0.68243950841604560E-02   0.34034672774736929E-01
  12  -0.58341764480190635E-01  -0.64117084361891188E-01  -0.55630818790743716E-02
  13  -0.44157516216358092E-01  -0.17338865412216756E-01   0.95488678014569311E-01
  14   0.34330521734680194E-01  -0.10635753369902462E+00   0.92399927889516217E-01
  15   0.21346231443073880E-01   0.84321156208288423E-01   0.30776482178732738E-02
    2219.525646555755     
   1   0.88959712264326293E-01  -0.64417443509727557E-01   0.13219382593674883E+00
   2  -0.74449859191371953E-01  -0.47800436440187555E-01  -0.12917351225811136E+00
   3  -0.98204342523608254E-01   0.51387368657713810E-01  -0.10737734480791979E+00
   4   0.60349480257173224E-02  -0.29739002812100200E-01   0.50612161400726365E-01
   5   0.11043462601109008E+00  -0.11548757121824706E+00   0.18687156329402618E+00
   6  -0.92359417814385281E-01  -0.30205349172491386E+00   0.43413820810083326E-01
   7  -0.31589235210415352E-01   0.78432939408096661E-01  -0.13468991692678758E-01
   8   0.39161694057436816E-01   0.19671018051942914E-01  -0.78380744726515572E-01
   9  -0.80856901878058659E-02   0.34855112961862757E-01  -0.41901497494599219E-01
  10  -0.32528266087854113E-01  -0.11040474940401590E-01  -0.28372254289871533E-01
  11  -0.60896712924657231E-01  -0.55494465053880053E-02   0.86105206152157238E-02
  12  -0.23792645834454063E-01   0.28940957400586168E-01  -0.68931148797218053E-01
  13  -0.50739857468790409E-02   0.39702572395336685E-01   0.26666198260524136E-01
  14   0.24809563402107802E-01  -0.12210904581481581E-01  -0.59752271607673114E-02
  15   0.22001261756923511E-01  -0.32668795453949538E-01   0.35344384360435500E-01
    2219.368082244227     
   1   0.52564950565059899E-02   0.32337924049502066E-01  -0.45377555924107230E-02
   2   0.35301717988977771E-01  -0.48523797063857219E-01  -0.69626393042986903E-03
   3   0.19736982469932940E-01   0.45497176028174872E-01   0.23005743548240250E-01
   4   0.58461679737547824E-01   0.29948846459912415E-01  -0.96744050503587004E-02
   5   0.49198701942943387E-01  -0.33892133134034046E-01   0.97667469569554063E-01
   6  -0.17307204887354372E+00  -0.42231958158300997E+00  -0.11172049527541203E+00
   7   0.90602032385466696E-02   0.22587742679747357E-01   0.36683483599388340E-01
   8   0.47182312460066309E-01  -0.98208750048704319E-02  -0.25577705253962474E-02
   9   0.75598194942444012E-02   0.18486441615215475E-01  -0.20416833700647227E-01
  10  -0.27244497294918891E-01  -0.18815453662136268E-02  -0.27245571508431529E-01
  11  -0.39392769940058546E-01  -0.51595611877429098E-02   0.28609896525943763E-01
  12  -0.49185550484217050E-01   0.24495650145265082E-01  -0.37817710583781770E-01
  13  -0.45362840683252532E-01   0.16397962973630092E-01   0.53798260157981462E-01
  14   0.22287137776527164E-01  -0.46619295521650089E-01   0.11287045205887311E-01
  15   0.17737471749721304E-01   0.33060573504691139E-01   0.83016695316598856E-02
    2219.455887701664     
   1   0.56302135360909333E-01   0.50099017757349235E-01  -0.12642693902141264E-01
   2  -0.76269525444592643E-02  -0.67669320404995667E-01   0.61295960185550977E-02
   3  -0.26493903994935135E-02  -0.64693383363045674E-02   0.28176848727198941E-01
   4   0.12678263362999964E-01   0.53718294628866133E-01  -0.14137190023139373E-01
   5   0.66518661854759062E-01  -0.30634227954070212E-01   0.85973544658649773E-01
   6  -0.15989421565463130E+00  -0.35869827926609071E+00  -0.10007330482511162E+00
   7  -0.71315924602408645E-02   0.12727525034781762E-01   0.36862254948678119E-01
   8   0.40236766952551080E-01  -0.11020858321724095E-01   0.83999724678204227E-03
   9  -0.13339123947074592E-01   0.59792812259501409E-02  -0.15000728073160330E-01
  10  -0.32729188631298742E-01  -0.57230878611808089E-02  -0.29723540470149478E-01
  11  -0.39207546265803118E-01  -0.69202977984909320E-02   0.29330568145393997E-01
  12  -0.28150092769788079E-01   0.10222863659995534E-01  -0.37266995241870195E-01
  13  -0.27382483358220508E-01   0.75000890419704069E-02   0.60736963883438723E-01
  14   0.34539331417356794E-01  -0.45191814309171532E-01   0.16146851520527680E-01
  15   0.20993624219199165E-01   0.16739499668140062E-01   0.69794430022329813E-02
    2219.325244295663     
   1   0.74183033463016759E-02   0.60998518687349641E-02  -0.38417274634383075E-01
   2   0.91952761196815919E-01  -0.24792154325584672E-02   0.82214612320293007E-01
   3   0.31447852182616348E+00   0.27126710567448475E+00   0.47248040935881913E+00
   4  -0.93359083092738993E-01  -0.17585198027991711E+00  -0.21480115943375092E+00
   5  -0.15246380867761391E-01  -0.16792163341153934E+00  -0.76568728700832450E-01
   6  -0.46261633948483116E+00  -0.28694758235882556E+00  -0.70709418101804811E+00
   7   0.62713043473767629E-02   0.36974780162045397E-01   0.50690394975246938E-01
   8   0.31162358417023948E-01  -0.34545439575901435E-02   0.13637925762202149E-01
   9   0.57025109755705827E-02   0.41391559808113633E-01  -0.17519374702186966E-01
  10  -0.29423652635957521E-01  -0.81570395922936148E-02  -0.34204272931976074E-01
  11  -0.46937140541678191E-01  -0.16682838483104395E-01   0.29545960506182002E-01
  12  -0.11520984986899152E-02   0.13411576958896096E+00   0.13366951854211340E+00
  13  -0.44112146288694296E-01   0.43006408904594680E-01   0.12489891901228588E+00
  14   0.36834374688016439E-01   0.22927762443270140E-01   0.48115991855263100E-01
  15   0.15546817132435159E+00  -0.12495011619474519E+00   0.16934670287376616E+00
    2218.991697479949     
   1  -0.20643622375441664E-01   0.47874707739891949E-01   0.73106340109265651E-02
   2   0.88382089610960640E-01  -0.19614190707386604E-01  -0.22497400390889311E-01
   3   0.11426349998105041E+00   0.16174594795686889E+00  -0.34956830011668161E-01
   4   0.80952171917566262E-01   0.48009255234553273E-01   0.21391737381557498E-01
   5   0.32656890758630819E-01  -0.15569255383817227E-01   0.12494307850976043E+00
   6  -0.29044255901171900E+00  -0.97179047928314599E+00   0.21411199887048465E-01
   7   0.22907032987011747E-01   0.16277932819900830E-01   0.47501828724283435E-01
   8   0.48316083496281546E-01  -0.52504660854287089E-02  -0.80216038358423732E-02
   9   0.19801575770016469E-01   0.11533973297322005E-01  -0.42257177213814195E-01
  10  -0.29699069761670936E-01  -0.19605831767404255E-03  -0.45306675028453022E-01
  11  -0.38854127658697814E-01  -0.18947498841549064E-02   0.37736091209777382E-01
  12  -0.59125788426217886E-01   0.38394711791678159E-01  -0.79849948891740019E-01
  13  -0.57275653911497422E-01   0.39277528737962884E-01   0.78832905180595172E-01
  14   0.17974251601060292E-01  -0.10865017864789270E+00  -0.23154058626781325E-02
  15   0.87150994125661005E-01   0.32106249544651527E+00  -0.36262363752847145E-01
    2219.465889027916     
   1   0.57198912787746824E-01   0.55686650919905795E-01   0.20595018181881513E-01
   2  -0.23865633041480701E-01  -0.74139646386295388E-01  -0.31780107929436655E-01
   3  -0.39223399046936648E-01  -0.18794451750970175E-01  -0.33938079651504513E-01
   4   0.24046424773015728E-01   0.54711890265547514E-01   0.25825016406690590E-01
   5   0.83486969274815068E-01  -0.11801744395693800E-01   0.12920017570386416E+00
   6  -0.13116833675957296E+00  -0.35521227068473404E+00  -0.29656106346472401E-01
   7  -0.10397994953072677E-01   0.21973886251669215E-02   0.18535596337959179E-01
   8   0.45756737382149949E-01  -0.76270147923903223E-02  -0.13910542013864912E-01
   9  -0.58649185684228767E-02   0.94692913246700768E-02  -0.26779704752326251E-01
  10  -0.34121118021063934E-01  -0.71167403973915145E-02  -0.31679052604617668E-01
  11  -0.42152326248877950E-01  -0.26648439237117387E-02   0.26166523188678202E-01
  12  -0.31045960531528107E-01   0.14771811097108888E-01  -0.56198380313137834E-01
  13  -0.25269967440211323E-01   0.10345660746473105E-01   0.48883483277940738E-01
  14   0.27627398493098556E-01  -0.43279366030343283E-01  -0.10567116193636651E-02
  15  -0.13105247659401407E-02   0.11727780005106082E-01  -0.83331683791802186E-02
    2219.414062410043     
   1   0.94932959172672318E-01   0.10869900940055888E+00  -0.74708506914379332E-02
   2   0.24894264043032761E-02  -0.81919672797169232E-01   0.12007755912860499E-02
   3   0.71722242441975809E-01  -0.55948205553995184E-01   0.24275847446321837E-01
   4  -0.59661122113939438E-01   0.17072986834328902E+00  -0.17070379631363087E-01
   5   0.43423302797453087E-01   0.10659412351643275E-01   0.89043293060882545E-01
   6  -0.22935189097704092E+00  -0.41479610384955096E+00  -0.91992581686314273E-01
   7  -0.21013511924568611E-01  -0.15278621156652769E-02   0.55338914503587106E-01
   8   0.32251727771154759E-01  -0.18622092163004832E-01  -0.18281718100554357E-02
   9  -0.28191969596692328E-01  -0.98608057161538778E-02  -0.36763689705508480E-01
  10  -0.31591266633036928E-01  -0.67213186512682680E-02  -0.40723402356905254E-01
  11  -0.38864887322838770E-01  -0.81396476285493496E-02   0.35781540610431789E-01
  12  -0.14435369249295870E-01  -0.98455465517430021E-02  -0.66666521789365843E-01
  13  -0.12602120800257572E-01  -0.15473122134096084E-01   0.90200899797462875E-01
  14   0.87568304188761784E-01  -0.10994322920428894E+00   0.21764793154665910E-01
  15   0.50855303612718110E-01   0.86848971684163195E-01  -0.10727039823850424E-01
    2219.491507815753     
   1   0.13291027049292654E-01  -0.16493356794504332E+00   0.28569780235992298E+00
   2  -0.14794422986921524E+00  -0.17730016978606787E-01  -0.39673208229257140E+00
   3  -0.31116079977201055E+00   0.57524236607879725E-01  -0.22657973238879509E+00
   4   0.11098320271709367E+00  -0.19342451586680968E-01   0.61613023954754938E-01
   5   0.15416293798819697E+00  -0.18711045211458702E+00   0.31235270467151205E+00
   6   0.10425629890408428E+00  -0.25916139710999259E+00   0.17747319728113312E+00
   7  -0.37615219071920974E-02   0.13414150922538465E+00  -0.69634740991212821E-01
   8   0.82160758919046062E-01   0.24206975794939896E-02  -0.69432460919792383E-01
   9  -0.89914071421283838E-03   0.38961565645695265E-01  -0.53900777986710599E-01
  10  -0.25719624245621398E-01  -0.16743273041945832E-01  -0.14871702140029490E-01
  11  -0.38391110800348474E-01  -0.30775449670315041E-02   0.33218461567829635E-01
  12  -0.46027806487250481E-01   0.22295706834836303E-01  -0.69540684116025972E-01
  13  -0.39235875492532331E-01   0.27629455866820203E-01   0.44699972594266918E-01
  14   0.69554183781408352E-02  -0.99921567747787189E-02  -0.11305789127552835E-01
  15  -0.47678028831903523E-01  -0.42305311976681040E-01  -0.42840798110016787E-01
    2219.261385499130     
   1  -0.21949854459829266E-01   0.24851837380271890E-03   0.50022576843664908E-01
   2   0.25766073112690517E-01  -0.21453363200042982E-01  -0.13653941067838027E+00
   3  -0.12894246678805030E+00   0.11045579181038459E+00  -0.14380471141268003E+00
   4   0.12321725607809390E+00   0.61590022863677795E-02   0.52854758807486996E-01
   5   0.86621717229366499E-01  -0.74495204963462416E-01   0.19040765886028924E+00
   6   0.48405626215389526E-01  -0.57295842483165738E+00   0.20218539176046185E+00
   7   0.17097241973881992E-01   0.13887475014791099E-01   0.29524565972208844E-01
   8   0.69620036433993823E-01   0.94495499087120915E-02  -0.24581949864485642E-01
   9   0.10871601423302376E-01   0.12599424776828447E-01  -0.52280865619981444E-01
  10  -0.33862612373458188E-01  -0.16046549379081558E-01  -0.33529892822820630E-01
  11  -0.39209128761720419E-01   0.20324598150488017E-01   0.15730002654122197E-01
  12  -0.51913506597845049E-01   0.22797789458610322E-01  -0.72562675560702714E-01
  13  -0.59798798625847908E-01   0.27198743611218480E-01   0.53827482292803708E-01
  14   0.42741597969337688E-03  -0.43726556914649564E-01  -0.10366898178870741E-01
  15  -0.10457568058947542E+00   0.53872525476595441E-01  -0.89385944029096095E-01
    2219.289196556114     
   1  -0.55892276980240773E-02   0.69684125763847082E-01   0.20643745731697413E-01
   2   0.72917857938004260E-01  -0.75023755487849259E-01  -0.50793217195425448E-01
   3   0.66238242073894116E-01  -0.75897009399869445E-01  -0.11701666484149685E+00
   4   0.72186919117946766E-01   0.19310917644560269E+00   0.86540397640034780E-01
   5   0.14039276189176362E-01   0.62045984109432559E-01   0.18118901915989180E+00
   6  -0.22545274909130814E+00  -0.54109402548481456E+00   0.90638030295790747E-01
   7   0.16488382930127200E-01   0.70074209673707481E-02   0.34915532387888012E-01
   8   0.43937843678954987E-01  -0.18013765560840417E-01  -0.13171482479639467E-01
   9   0.12183794761380980E-01   0.62709363133538511E-02  -0.46741711080310562E-01
  10  -0.29970881927358896E-01  -0.42747589720322438E-02  -0.44003919530251304E-01
  11  -0.42387847354369755E-01  -0.62991150510182596E-03   0.34628337826541747E-01
  12  -0.51130611150857139E-01  -0.52664390768598236E-02  -0.90821956737781553E-01
  13  -0.51961701170920895E-01  -0.80433064389209222E-02   0.55423730636371356E-01
  14   0.27773655493351149E-01  -0.12800447316992020E+00  -0.41775435425534767E-01
  15   0.65649068812773034E-01   0.14904504326725299E+00  -0.44866204339964424E-01
    2219.434276391764     
   1  -0.66264966808457088E-01  -0.53136015883057585E-02   0.65235909068312031E-01
   2   0.79342198912808484E-01  -0.31100390048093663E-01  -0.20423972728720252E+00
   3  -0.98822281714282451E-01  -0.61838801941355527E-01  -0.49946031654586359E+00
   4   0.17009089156177032E+00   0.93778201473086525E-03   0.18335230722081144E+00
   5   0.21790235984450974E-01  -0.77514755923196677E-01   0.46204258759725930E+00
   6  -0.95337695849620763E-01  -0.16905854942649193E+00   0.28563534293709908E+00
   7   0.43309715389494075E-01   0.45388517467435462E-01  -0.64191023334807164E-02
   8   0.61822405441495108E-01  -0.18526217956564464E-01  -0.18122878793688457E-01
   9   0.15090790243577125E-01   0.31378807678538602E-01  -0.33348971106044172E-01
  10  -0.33747083036128833E-01  -0.11740243919564328E-01  -0.25964758032191546E-01
  11  -0.41740786941633010E-01  -0.88532148470329905E-02   0.21527352303956908E-01
  12  -0.70806127745431796E-01   0.15215345290321296E-01  -0.68443209840147179E-01
  13  -0.10506212388317365E+00   0.18323115086043281E-01  -0.24499119032910854E-01
  14  -0.46703259788561441E-02   0.64122751764663921E-02  -0.40404640254326135E-01
  15   0.32243818384630600E-02  -0.17212073700682819E-01  -0.90693754002898370E-02
    2219.429285486489     
   1   0.37758309487827144E-01   0.67267196160621457E-02  -0.12434867495502452E-01
   2   0.15534286357416181E-01  -0.36660145663172716E-01   0.75398607287511616E-02
   3   0.66122616637234635E-01   0.10509718473159134E+00   0.50969888516154575E-01
   4  -0.74323380398097711E-02  -0.50190053841679544E-01  -0.19022099382661098E-01
   5   0.47917740589238589E-01  -0.90059360972038940E-01   0.83056150078568119E-01
   6  -0.23260719728419790E+00  -0.36233038730250178E+00  -0.14313347282875311E+00
   7  -0.18195428832014917E-02   0.33693304908391154E-01   0.35059971906873023E-01
   8   0.33970378420967284E-01   0.27239966875535512E-02   0.22245769131272572E-02
   9  -0.21442936354908286E-02   0.29033630506938912E-01  -0.22916901635437758E-01
  10  -0.32062394469718661E-01  -0.66981053916294279E-02  -0.31065159432193533E-01
  11  -0.39800686398365093E-01  -0.96632891327229180E-02   0.20329616712814861E-01
  12  -0.23743575054888996E-01   0.53959041928083054E-01  -0.15245028971197396E-01
  13  -0.26283157516455827E-01   0.38542957440989623E-01   0.55395006124678639E-01
  14   0.32765410225237081E-01  -0.16696896415437625E-01   0.12669225543764614E-01
  15   0.60844819357921250E-01  -0.18037731101281630E-01   0.28094431083039228E-01
    2219.440390601920     
   1   0.21415346794866236E+00   0.33739318339590252E+00  -0.20008316353019230E-01
   2  -0.10847200819194011E+00  -0.14645977734658294E+00   0.98232553321556532E-02
   3  -0.10215364689418688E+00  -0.10710674783887714E+00   0.19488007827346297E-01
   4   0.78400655594721511E-02   0.11599821577713641E+00  -0.62665775437032757E-02
   5   0.13344934685852783E+00   0.58990482767419986E-01   0.80699937862687990E-01
   6  -0.86060560291478752E-01  -0.33551662911424623E+00  -0.81532169820027686E-01
   7  -0.39245994031872504E-01  -0.49937011803234448E-01   0.79679088070423204E-01
   8   0.41259183792173457E-01  -0.71981566448496181E-01   0.26050742246397003E-02
   9  -0.67858972111116383E-01  -0.93425134085858993E-01  -0.53096637404255007E-01
  10  -0.30571705342085684E-01   0.43158633547128690E-02  -0.44628525774130609E-01
  11  -0.39366554646180642E-01   0.28014087800771479E-02   0.39366753674684327E-01
  12  -0.19223053568759731E-01  -0.11292565721172232E-01  -0.65442084715296320E-01
  13  -0.20496413677151923E-01  -0.68836037358920689E-02   0.81066738902925234E-01
  14   0.33515518758049957E-01  -0.58836081252040630E-01   0.13786535884073641E-01
  15  -0.25835296131465672E-01   0.22531527985865697E-03   0.14230663703498328E-01
    2219.534388437558     
   1   0.40463030106564879E-01   0.32005791726372364E-01  -0.32609670101982707E-01
   2   0.42451761861749031E-01  -0.56148003806076319E-01   0.34233440102772877E-01
   3   0.12860435748750237E+00  -0.41030730262638850E-01   0.20576920268412985E+00
   4  -0.52322981493622092E-01   0.65686225930764019E-02  -0.14222527080865366E+00
   5   0.10737051934237882E-01  -0.45161192264859859E-01   0.67046701153347064E-02
   6  -0.24269470791528233E+00  -0.21475340762080269E+00  -0.21785748761640106E+00
   7  -0.17962354591077387E-03   0.32431879761168847E-01   0.37953529824749518E-01
   8   0.32285189298102326E-01  -0.16499542515629163E-01   0.59680866755916938E-02
   9  -0.53769635461483533E-02   0.29452391476702477E-01  -0.13055113695050677E-01
  10  -0.30994415951910000E-01  -0.10586648673619217E-01  -0.35441908455008220E-01
  11  -0.38147226219275333E-01  -0.12739333288728911E-01   0.24367388566790514E-01
  12  -0.12111082369881267E-01   0.12250689160501664E-01   0.95224400837883208E-01
  13  -0.31267141831329101E-01   0.95062406524750107E-02   0.70263278977247975E-01
  14   0.45331088318086799E-01  -0.48141799254581919E-02   0.43397018489852057E-01
  15   0.24576098513057167E-01  -0.21819074955437934E-01  -0.16089447024013666E-01
    2219.520267442792     
   1   0.54284077005943884E-01   0.59629654016283777E-01   0.31553843882013775E-02
   2   0.12412566960079269E-01  -0.79106618703410903E-01  -0.15663727416153451E-01
   3   0.44207214235874474E-01  -0.10833731176441404E+00  -0.18207863773292459E-01
   4  -0.10117239242683054E-01   0.99490357273949170E-01   0.18894630503156727E-01
   5   0.27834438129168155E-01   0.10342674954247027E-01   0.11552475090088944E+00
   6  -0.18354450647978493E+00  -0.26252942729586926E+00  -0.49048824341941001E-01
   7  -0.84753384864566794E-02   0.17777179627156244E-01   0.21111326527334086E-01
   8   0.38014375033663436E-01  -0.24676003689533998E-01  -0.84722349287087509E-02
   9  -0.11020091182995783E-01   0.15191078286450317E-01  -0.19877846624503665E-01
  10  -0.29011261633538146E-01  -0.88703873861305429E-02  -0.36933195873061611E-01
  11  -0.36582798169487209E-01  -0.10964557037547552E-01   0.28614509266115147E-01
  12  -0.27600513717044736E-01  -0.16347975141769749E-01  -0.21529230839335098E-01
  13  -0.24598958747576945E-01  -0.16310138575413091E-01   0.20350719226138556E-01
  14   0.45052490046852710E-01  -0.37902139820588987E-01  -0.40409481317093794E-03
  15   0.22156425651430462E-01   0.26458267753617381E-01  -0.12486438012841287E-02
    2219.452824715902     
   1   0.45368343866917921E+00   0.54697446655409321E+00   0.99111400048201959E-01
   2  -0.17332714152264558E+00  -0.18656730611428965E+00  -0.51050908090721561E-01
   3  -0.10550978053248491E+00  -0.15474689615053414E+00  -0.43473549596972971E-01
   4  -0.55268438572108003E-01   0.14939982225347129E+00   0.35694699704872539E-01
   5   0.15849847815503842E+00   0.70939562712591650E-01   0.14535810826042625E+00
   6  -0.86377004856742032E-01  -0.27519986268179342E+00  -0.31193036672287802E-01
   7  -0.14442931247451646E+00  -0.12997865658885213E+00   0.45252691542100001E-01
   8   0.16521708138394871E-01  -0.13246572571655882E+00  -0.38400294645033091E-01
   9  -0.11237794525467870E+00  -0.83139765187556822E-01  -0.12704132891711062E+00
  10  -0.30750289069036828E-01  -0.30174059313890287E-02  -0.47892224709738113E-01
  11  -0.37108949567236531E-01  -0.90036041647575758E-02   0.41816370461324269E-01
  12  -0.72467309665648376E-02  -0.19266932849097088E-01  -0.84062243590249122E-01
  13   0.23749325871957735E-02  -0.28183775562805439E-01   0.71236615871381442E-01
  14   0.43570724421843295E-01  -0.52316679108196422E-01  -0.54489549597020702E-02
  15  -0.35583372570725053E-01  -0.25731270808961197E-01  -0.23824037045196433E-01
    2219.458903128901     
   1   0.82801985476096421E-01  -0.85639558184564452E-01   0.80296390460877193E-01
   2  -0.39509936320450877E-01  -0.38935448693511829E-01  -0.10148391259599303E+00
   3  -0.91121816458171509E-01   0.10994331726033671E+00  -0.77670363669571918E-01
   4  -0.19108931546570908E-02  -0.53660194357552982E-01   0.38175272917588043E-01
   5   0.98943321831258327E-01  -0.12312572380297988E+00   0.15098584813362584E+00
   6  -0.86249981468688425E-01  -0.39208358268819232E+00   0.39587261548045517E-01
   7  -0.12112294612195464E-01   0.43015398338941579E-01   0.43284283686377913E-01
   8   0.27514705011679151E-01   0.68289764017982271E-01  -0.48731157247274802E-01
   9  -0.12282561176490708E-01   0.34376400191608140E-01  -0.54396846101518521E-01
  10  -0.40929259342722374E-01  -0.60806151006917563E-02  -0.43936908616876241E-01
  11  -0.57163053654721380E-01   0.46210060532166971E-02   0.32193771121772921E-01
  12  -0.16141859173204924E-01   0.40580222829626339E-01  -0.82642085699265289E-01
  13  -0.13506611231699859E-02   0.55273464913364628E-01   0.58028109912850574E-01
  14   0.27428699057555198E-01  -0.24219568247409881E-01  -0.18168469798231284E-02
  15  -0.21667409668807581E-02  -0.26177285816489149E-01  -0.23264878405444486E-02
    2219.472261681213     
   1  -0.43697164453753073E-01   0.34768820484386238E-01  -0.37081091044796073E-01
   2   0.63973616350346540E-01  -0.73899938524717587E-01   0.92221997535633635E-01
   3  -0.41281784702014206E-01  -0.19335794297500181E+00   0.29339730140530179E+00
   4   0.13988340686604694E+00   0.91758833942027954E-01  -0.14695832953616172E+00
   5   0.13877007515818884E-01   0.38280803152101375E-01  -0.13069969541808540E+00
   6  -0.13479937150894622E+00  -0.17749495805456611E+00  -0.23485014086926412E+00
   7   0.23037495151897541E-01   0.27176598426016687E-01   0.36919563662524392E-01
   8   0.55204445326704044E-01  -0.23574222665924717E-01   0.51513035115738660E-02
   9   0.30869410228079382E-01   0.19433832748663088E-01   0.54767964905442475E-02
  10  -0.33629820211595829E-01  -0.11134714087340684E-01  -0.35684448701433169E-01
  11  -0.40435523471893560E-01  -0.13701623959839929E-01   0.23176381418184646E-01
  12  -0.98761124889402321E-01  -0.18225915270425889E-01   0.33990443450282848E-01
  13  -0.61944732877779914E-01  -0.89114709735908456E-03   0.64802687497107617E-01
  14  -0.38668213505765203E-03  -0.15569835772693779E-01   0.64317792982901967E-01
  15   0.34364541916535360E-01   0.34351472679139219E-02   0.13792801625965845E-01
    2219.467240387857     
   1   0.14175671368341740E-01   0.58813887874037331E-01  -0.86286867630960898E-02
   2   0.35486043117080104E-01  -0.80270194387891361E-01   0.85541677901728556E-02
   3   0.23810098259217535E-01  -0.11667453938694733E+00   0.57053899493833750E-01
   4   0.44834140192242931E-01   0.12782439192050801E+00  -0.39880442127506729E-01
   5   0.29515119692869244E-01   0.30318110499780632E-01   0.68150485145574924E-01
   6  -0.17218619905396498E+00  -0.30128296030932339E+00  -0.10320943421358533E+00
   7   0.89114314048190577E-02   0.16383691156990950E-01   0.32826351971655447E-01
   8   0.41726135992690920E-01  -0.22582037581056251E-01  -0.95160822877514070E-03
   9   0.49477228642326272E-02   0.10560360706724926E-01  -0.15448824368467654E-01
  10  -0.31773997196213884E-01  -0.67782858795952016E-02  -0.35242918953221923E-01
  11  -0.41769419378569060E-01  -0.75877450103413934E-02   0.29976421318876696E-01
  12  -0.46885545275979747E-01  -0.24911199380632711E-01  -0.14213830277275956E-01
  13  -0.42286833034166776E-01  -0.12662245768479016E-01   0.54297890489290783E-01
  14   0.32895838743210580E-01  -0.62344593768145821E-01   0.33545993743660310E-01
  15   0.20214892387283460E-01   0.40814874924512773E-01  -0.11828787977575821E-01
    2219.440242438171     
   1   0.13776404740364900E+00   0.28645162890451759E+00   0.43842330075934896E-01
   2  -0.92068782198035951E-01  -0.14042891625968199E+00  -0.50231732912597284E-01
   3  -0.12479863278021612E+00  -0.96014462505844556E-01  -0.42185855831146327E-01
   4   0.40259035787479983E-01   0.98828473960930585E-01   0.27472250053187132E-01
   5   0.13557210475363654E+00   0.64890047262167377E-01   0.14303263213600209E+00
   6  -0.66827588020341819E-01  -0.35602893666918656E+00  -0.25912025612738667E-01
   7  -0.41362031658690582E-01  -0.93787355278036527E-01   0.37792122473751376E-01
   8   0.53023187825960591E-01  -0.42729764945109570E-01  -0.20551423836223999E-01
   9  -0.27278621457382780E-01  -0.42792046508506917E-01  -0.73493381433476779E-01
  10  -0.34142473174989064E-01  -0.54567599129210008E-03  -0.43219049800970757E-01
  11  -0.40107875333746462E-01   0.12922988873203044E-02   0.38577015625449511E-01
  12  -0.25259979902677383E-01  -0.36955015927929006E-02  -0.74472096542518865E-01
  13  -0.24570676168486877E-01  -0.73987090773284872E-02   0.67083127033054288E-01
  14   0.17519671610928635E-01  -0.55262951695672871E-01  -0.42415234204764684E-02
  15  -0.19341952247407618E-01   0.14811313880231644E-01  -0.12873858170077532E-01
    2219.468862944424     
   1  -0.52595251759020280E-01   0.29679512557397893E-01  -0.73557935294560908E-01
   2   0.84061166749252562E-02  -0.87384107976696934E-01   0.15812365779268503E+00
   3  -0.16996433461766772E+00  -0.19145510032526222E+00   0.28989012454224039E+00
   4   0.17687914794456716E+00   0.81619659347559007E-01  -0.11057211919548095E+00
   5   0.79687887855628761E-01   0.39866053098382072E-01  -0.18064640758446399E+00
   6  -0.58963826090393530E-01  -0.19022121031308190E+00  -0.24195466843928434E+00
   7   0.22482500283024655E-01   0.27788185901447104E-01   0.44013301983045879E-01
   8   0.68783225381853816E-01  -0.28250143130714819E-01   0.11178255425073114E-01
   9   0.40450435334626833E-01   0.13429635618096361E-01   0.43427373392277660E-01
  10  -0.28746389114601655E-01  -0.26064159071374736E-01  -0.19957288897799273E-01
  11  -0.42325310051143414E-01  -0.11393286639568971E-01   0.16689923740875780E-01
  12  -0.84249049296488313E-01  -0.20048259198728962E-02  -0.17508106221423448E-01
  13  -0.61169352236444229E-01   0.28267477621230202E-02   0.71293367724842349E-01
  14  -0.10037558762403965E-01  -0.19928975341860430E-01   0.44757211828048343E-01
  15  -0.29470193075014719E-01   0.20023429936925564E-01   0.13967863661037028E-01
    2219.511481255123     
   1   0.85356435417820176E-01   0.85882091364565358E-01  -0.43677773122815851E-01
   2  -0.51489908023532475E-01  -0.95672644317268671E-01   0.23993041967475818E-01
   3  -0.68212195060735351E-01  -0.82217860488596209E-01   0.42682675758244366E-01
   4   0.23309715774723481E-01   0.79384583502894956E-01  -0.21709270590944168E-01
   5   0.10051105252776438E+00   0.10593513672016457E-01   0.66403050122776683E-01
   6  -0.10808574582934970E+00  -0.30467183815827731E+00  -0.99270264874720279E-01
   7  -0.78261955246885194E-02   0.89130074901364389E-02   0.30790632220362244E-01
   8   0.44008339858943826E-01  -0.34121255710662844E-01   0.12474142282808430E-01
   9  -0.30480678142019674E-01  -0.12009010645397014E-01   0.27095920888454906E-01
  10  -0.33511776747804894E-01  -0.10963028073707509E-01  -0.30978519813126777E-01
  11  -0.42774456072236948E-01  -0.91591704645471537E-02   0.28963508539383967E-01
  12  -0.23525456265661753E-01  -0.52298432137669075E-02  -0.36280776807889673E-01
  13  -0.26801091712726474E-01  -0.39318940452214089E-03   0.62537864974962706E-01
  14   0.30186495979467824E-01  -0.40128782719745383E-01   0.23341096722435430E-01
  15  -0.15174338336657866E-01   0.42724304251370096E-01  -0.71834830963656889E-02
    2219.467364865649     
   1   0.80339783739917875E-01  -0.11384315485101724E+00   0.10871735062109027E+00
   2  -0.41108801996881460E-01  -0.36788328579305314E-01  -0.13834642198007358E+00
   3  -0.12617824103884318E+00   0.10800035937437356E+00  -0.92307387249779396E-01
   4   0.12268753654577960E-01  -0.50384693157793585E-01   0.41506743928694745E-01
   5   0.88542487584202217E-01  -0.12946438390338802E+00   0.15972414579797853E+00
   6  -0.48671410907940249E-01  -0.37501658740683769E+00   0.50926687683483012E-01
   7  -0.17322566806870894E-01   0.63225442281484426E-01   0.38406574117892417E-01
   8   0.34313660382422811E-01   0.75485956577652599E-01  -0.63073338386206476E-01
   9  -0.11134326137412649E-01   0.33098741993029555E-01  -0.58604931772080392E-01
  10  -0.40599153930346792E-01  -0.74150003847410903E-02  -0.41725214132440153E-01
  11  -0.71433585233861230E-01   0.13256506665864856E-01   0.28511586545807380E-01
  12  -0.23756507470950271E-01   0.35978721433611492E-01  -0.80186962489403713E-01
  13  -0.43402666897884180E-02   0.53311499595343939E-01   0.54392748644968493E-01
  14   0.20042970465078223E-01  -0.19391742537181431E-01  -0.27211597919860578E-02
  15   0.22058323943645982E-01  -0.62986182838240104E-01   0.14152422102914806E-01
    2219.412720126976     
   1  -0.45203737187455448E-01  -0.99795708536904781E-01   0.13368918375225161E+00
   2  -0.45299313493493776E-02  -0.50320184148478428E-02  -0.33752124207684947E+00
   3  -0.25061562047881020E+00   0.13148409074087838E+00  -0.28147554494546123E+00
   4   0.14607620230839977E+00  -0.41236490642899609E-01   0.72801184258346585E-01
   5   0.10122571894145800E+00  -0.20024779264346132E+00   0.32122611007192098E+00
   6   0.81541800479000545E-01  -0.32056646957077783E+00   0.27719533796259627E+00
   7   0.26319288094455030E-01   0.86466688549859214E-01  -0.11662459297565186E-01
   8   0.77618964515856093E-01   0.47154301674465849E-02  -0.41494344434225963E-01
   9   0.61414772358320650E-02   0.40217609213777303E-01  -0.48198674740158112E-01
  10  -0.32587455955329081E-01  -0.18891567714017999E-01  -0.70910000388240500E-02
  11  -0.45016137904630653E-01   0.18204275189644039E-01   0.98378801705400736E-02
  12  -0.59081460821744883E-01   0.26650568421548670E-01  -0.73077993668567140E-01
  13  -0.70954864990798908E-01   0.39530344107531222E-01   0.35502842071198880E-01
  14   0.24348201283088265E-02  -0.86521794214512605E-02  -0.64748002544664836E-02
  15  -0.70865959766580250E-01  -0.66850764284505981E-01  -0.38834151178300032E-01
    2219.387346040234     
   1  -0.19703867664890032E-01  -0.25473113476941093E-01   0.24204265480224436E-01
   2   0.19000539851220750E-01  -0.26456139261698444E-01  -0.66998802007741137E-01
   3  -0.10508758783429749E+00   0.11152589839023673E+00  -0.81473376452963445E-01
   4   0.11036035526483709E+00  -0.25731104477291791E-01   0.28759574754565299E-01
   5   0.76458737876186803E-01  -0.12841049451330569E+00   0.16211785841399287E+00
   6  -0.43416996715360742E-01  -0.39015958573521248E+00   0.49334489781706861E-01
   7   0.14133442854806486E-01   0.37561046772052721E-01   0.27331538701305828E-01
   8   0.62005704098100259E-01   0.53383141807286703E-03  -0.17271720151633797E-01
   9   0.10170370128855960E-01   0.29897427452121605E-01  -0.27318589200266020E-01
  10  -0.29842279303693119E-01  -0.36000403901025406E-02  -0.85818023158221995E-02
  11  -0.34474190817206464E-01   0.98065896682815682E-02  -0.84592663875783080E-02
  12  -0.55888837129134644E-01   0.28931416104295914E-01  -0.54554462865399590E-01
  13  -0.57148821783590577E-01   0.34079777949030401E-01   0.45384792018679898E-01
  14   0.86927331891232043E-02  -0.21436570599705815E-01   0.28980821894773507E-02
  15  -0.47837910593788988E-01  -0.54904473606937343E-02  -0.24859884747466726E-01
    2219.436602409800     
   1   0.89810828169723828E-01   0.11421058801916059E+00  -0.98647227008125515E-02
   2  -0.46614553664908284E-01  -0.82869553691731379E-01   0.65557274438356053E-02
   3  -0.82674385530964109E-01  -0.79238595810527199E-02   0.17039202476090871E-01
   4   0.25046910932679623E-01   0.53792112136966434E-01  -0.37217934401411784E-02
   5   0.10800283837324189E+00  -0.21626043949790067E-01   0.89099642599480555E-01
   6  -0.90873716550023284E-01  -0.40269475920666292E+00  -0.84879740799143275E-01
   7  -0.14672623043201978E-01  -0.84570568910950251E-02   0.59685116152651381E-01
   8   0.49234199135174281E-01   0.89992500346396326E-03  -0.26872807335216986E-03
   9  -0.24434707023248695E-01  -0.24005922251202783E-01  -0.41002698657287992E-01
  10  -0.40741253015455843E-01   0.56627820668226966E-02  -0.40097447459149699E-01
  11  -0.49526882504603187E-01   0.53268681208780005E-02   0.37869518756991190E-01
  12  -0.26338943950935657E-01   0.95262271166750203E-02  -0.64200129320628227E-01
  13  -0.26002177587792025E-01   0.98415209881457608E-02   0.78475608329138427E-01
  14   0.33430818081967989E-01  -0.52911410846932495E-01   0.11888127475203862E-01
  15  -0.97941353232355709E-02   0.55683906579291594E-02  -0.45977052874195809E-02
    2219.394407207083     
   1   0.16108755312664333E-02   0.65682744695676837E-01  -0.22232212279308227E-01
   2   0.52875554659797319E-01  -0.84973352112553385E-01   0.39479012901382005E-01
   3   0.35325073914353099E-01  -0.13834343357494938E+00   0.14235546857696638E+00
   4   0.65103570719839840E-01   0.18464283790835986E+00  -0.11011184971351883E+00
   5   0.16557299955638816E-01   0.67495400678791617E-01   0.24196719718904679E-04
   6  -0.18367037580584791E+00  -0.37839709680633438E+00  -0.19741409635396298E+00
   7   0.97048723377276391E-02   0.18293050724091493E-01   0.45097515480114488E-01
   8   0.43310250076845393E-01  -0.20358241965327616E-01   0.40043316531716000E-02
   9   0.10863772970556750E-01   0.35447568384694367E-02  -0.15649066816279401E-01
  10  -0.30285114539706854E-01  -0.35022897433773254E-02  -0.38318878407145582E-01
  11  -0.40158803872865814E-01  -0.65011174969668052E-02   0.36044907666462123E-01
  12  -0.54399338176998595E-01  -0.28438239754773883E-01  -0.23539584902553722E-01
  13  -0.44971215050932656E-01  -0.43058101687277533E-02   0.85523745034850315E-01
  14   0.30696578247123754E-01  -0.10045330910802414E+00   0.86908047649813094E-01
  15   0.21370132888379481E-01   0.74021595264421439E-01   0.22703729278012404E-01
    2219.561305593700     
   1   0.10996957895527179E+00   0.37366227164120497E-01   0.84665446463533411E-01
   2  -0.78827215587835633E-01  -0.84860108711084362E-01  -0.78110039472679013E-01
   3  -0.79904703176233785E-01  -0.64537299958381103E-01  -0.71808363432040223E-01
   4  -0.37428236294318319E-02   0.44403835503082349E-01   0.46857511173466836E-01
   5   0.10490875366643063E+00  -0.30188646997222610E-01   0.16960660165670624E+00
   6  -0.10538113737405383E+00  -0.26060189024970376E+00  -0.12307985426698422E-01
   7  -0.40170451426662028E-01   0.23784393939540373E-01  -0.37124636051833977E-01
   8   0.42334730823771247E-01  -0.31346433226547871E-01  -0.32928744337105638E-01
   9  -0.16128400427701275E-01   0.23147634706457910E-01  -0.29588098340707709E-01
  10  -0.31291288808133803E-01  -0.10184801028876077E-01  -0.32642010021098872E-01
  11  -0.43689027903506872E-01  -0.15839670027182784E-01   0.23509712371272844E-01
  12  -0.17632745766058135E-01   0.65430999656013013E-02  -0.60490851606219663E-01
  13  -0.10135632140173727E-02   0.21946823129476551E-02   0.23427250711646360E-01
  14   0.32162404053686519E-01  -0.23064141012179479E-01  -0.12111544118972894E-01
  15  -0.10487358744677223E-01   0.43688359011724307E-02   0.12484420373599231E-01
    2219.552015461455     
   1   0.86801844843396300E-01   0.47755386975906330E-02   0.14628720401880757E-01
   2  -0.46097945350094559E-01  -0.63531292088165742E-01  -0.17942789016647160E-01
   3  -0.27038621534059545E-01  -0.81225055238154532E-02  -0.21429780813506345E-01
   4  -0.21479971906354839E-01   0.32280179103054626E-02   0.20613906944785751E-01
   5   0.80279932709309512E-01  -0.63110026639628294E-01   0.12273078509219901E+00
   6  -0.13726924754871836E+00  -0.26949143008345439E+00  -0.41547217424191978E-01
   7  -0.21711307843820537E-01   0.39835089575195978E-01   0.54239512343409874E-02
   8   0.35818737585738565E-01  -0.13486321565765477E-01  -0.21727880214766057E-01
   9  -0.18885134673156365E-01   0.35149202630199348E-01  -0.97960724692367652E-02
  10  -0.31643561462327136E-01  -0.10900495798526021E-01  -0.27007032708479355E-01
  11  -0.40525417939502109E-01  -0.12019002242280273E-01   0.26935992564775073E-01
  12  -0.12469789234889396E-01   0.19446137178309446E-01  -0.31643122683147208E-01
  13  -0.39242821402269189E-02   0.19435967504473229E-01   0.22384249146389770E-01
  14   0.34313365777185294E-01  -0.15039484083984332E-01  -0.11636175026294424E-02
  15  -0.55075012108244427E-02  -0.10281657111536731E-01   0.78879381679572667E-02
    2219.447758781927     
   1   0.85221550623451395E-02   0.57548720082169325E-01  -0.89818674466894868E-02
   2   0.35931351237332682E-01  -0.79642027239636856E-01   0.83776300792085690E-02
   3   0.16375587281957375E-01  -0.10814764587719029E+00   0.54440393313891243E-01
   4   0.56527099946564616E-01   0.12132801164139147E+00  -0.36821398576339086E-01
   5   0.34091761811016079E-01   0.31825773961796526E-01   0.65123613767442398E-01
   6  -0.16803632534503174E+00  -0.32719762571995215E+00  -0.10315554067060700E+00
   7   0.97818159524933265E-02   0.15432299766026862E-01   0.33865477381798521E-01
   8   0.45768309144161731E-01  -0.19227620782775002E-01  -0.30972183032765134E-02
   9   0.70765144503559920E-02   0.84974938681680150E-02  -0.16414903998361558E-01
  10  -0.30896011083086167E-01  -0.54642751424954185E-02  -0.34075862313648661E-01
  11  -0.39214356615765063E-01  -0.48995261130518903E-02   0.30884602506622064E-01
  12  -0.50218467604382561E-01  -0.21898279453137888E-01  -0.18701082444929448E-01
  13  -0.45422892082852238E-01  -0.10045160482127839E-01   0.52194670283364296E-01
  14   0.28161744412962798E-01  -0.63762834102742194E-01   0.34268524777609236E-01
  15   0.14610612445588450E-01   0.67931778371131762E-01   0.35068206956035690E-02
    2219.301293395734     
   1  -0.73649100358814223E-01   0.12105167778646664E+00   0.12147208910989972E-01
   2   0.11134241969493854E+00  -0.15516844824196269E+00  -0.30955189168861377E-01
   3  -0.61771691754529436E-02  -0.38181144089167068E+00  -0.57794186056934392E-01
   4   0.19333772587200354E+00   0.42382698860167078E+00   0.48166268435932871E-01
   5  -0.24819861584700512E-01   0.33582933271861853E+00   0.15938310533172076E+00
   6  -0.15233472407510518E+00  -0.39192685997121623E+00  -0.20582525966898916E-01
   7   0.34793216890549726E-01  -0.22609429930650041E-02   0.47389212966429180E-01
   8   0.53989148106977421E-01  -0.28584077535958735E-01  -0.89088453001518117E-02
   9   0.29661136624092782E-01  -0.22713321197999001E-02  -0.46887278663255184E-01
  10  -0.35265950189724275E-01   0.55614838090107645E-02  -0.47561057271210259E-01
  11  -0.43882697561097361E-01   0.23026516169685528E-02   0.40768836599861087E-01
  12  -0.71214329643034535E-01  -0.33210001763684015E-01  -0.90552023680800800E-01
  13  -0.76105878002219018E-01  -0.55409806745730941E-01   0.83605401712305058E-01
  14  -0.32882419755789927E-01  -0.23480453317907626E+00  -0.22773465175861929E-01
  15   0.74769777817830674E-01   0.33968638169217143E-01  -0.14682270221198867E-01
    2219.520211297672     
   1   0.12052228337917173E+00   0.10981033051611493E+00  -0.64963096905417614E-01
   2  -0.48020483228849865E-01  -0.99374115813562536E-01   0.39254079735728038E-01
   3  -0.30263247976695783E-01  -0.95660233933959546E-01   0.75110996298234076E-01
   4  -0.18210838496667540E-01   0.10397950004476079E+00  -0.52520485019112419E-01
   5   0.87829451091660390E-01   0.10053855192349066E-01   0.48026871341776946E-01
   6  -0.13051776430507872E+00  -0.29491065819800832E+00  -0.12135303574694642E+00
   7  -0.13229339789899805E-01   0.92333053607288346E-02   0.55157012247153671E-01
   8   0.35495096862734422E-01  -0.38554507055315081E-01   0.22531241501590148E-01
   9  -0.52291664087092016E-01  -0.16749694018898083E-01   0.26642952764152673E-01
  10  -0.32591469313143578E-01  -0.11145498757187764E-01  -0.35871804691799222E-01
  11  -0.40727777415966483E-01  -0.58461729594085120E-02   0.30006732628078851E-01
  12  -0.75043880284570595E-02  -0.20695815973806056E-01  -0.19780442381002405E-01
  13  -0.20854566278260642E-01  -0.57727334229540975E-02   0.75710031408270345E-01
  14   0.49548998779307497E-01  -0.46260498163807159E-01   0.36443358426813469E-01
  15  -0.14026406487569478E-01   0.30825951949816997E-01  -0.95658133362805705E-02
    2219.079951975642     
   1  -0.11218029695039893E+00   0.19181363426497525E+00  -0.28918517871056062E-01
   2  -0.25170821682419425E+00  -0.16967031117000630E+01  -0.51078428288146982E+00
   3  -0.77773091362681535E+00  -0.10401195495247595E+01  -0.24885492627021896E+00
   4   0.39864645406196753E+00   0.21399555776944565E+00   0.70588274112352689E-01
   5   0.43450923141490139E+00   0.27602672828198926E+00   0.16206538346270408E+00
   6   0.13951733977740147E+00   0.58598274424006905E-01   0.39158680481821986E-01
   7   0.90362825259754020E+00  -0.27975880202996817E+00   0.34358160378846536E+00
   8   0.11436139898611472E+00  -0.89429057176025561E-01  -0.26610791893624915E-01
   9   0.33169117890416744E+00  -0.41175635492592788E-01  -0.41605503540773670E+00
  10  -0.47738479013091389E-01   0.96181309269763787E-01  -0.55933263922012769E-01
  11  -0.57242846611985372E-01   0.11418725616066525E+00   0.10137767629074555E+00
  12  -0.83318438392446056E-01  -0.96528192376948169E-02  -0.98926024420741235E-01
  13  -0.10215501519634244E+00  -0.18370584243096431E-01   0.90125766502547403E-01
  14  -0.15796478229557490E+00  -0.37213556953641119E-01  -0.29314009064773980E-01
  15  -0.10921319074867706E+01   0.20509041932729271E+01   0.51810516043539301E+00
    2219.361086386676     
   1  -0.26643537197947350E-02   0.28257675147319486E-01   0.46299803157995006E-01
   2  -0.12178478274651864E-02  -0.60452223947663454E-01  -0.10903690299537495E+00
   3  -0.12853077676051536E+00   0.42120648216212357E-01  -0.10984397042774370E+00
   4   0.10471052714738477E+00   0.31366068418222898E-01   0.44086366325433689E-01
   5   0.96569043594025558E-01  -0.52011466749674828E-01   0.18781441989321299E+00
   6   0.71000627911196428E-02  -0.48067049345675467E+00   0.11335845686282348E+00
   7   0.15078660940158752E-01   0.87501528911606847E-03   0.16842052678542031E-01
   8   0.62991041968125466E-01   0.35907407541427874E-03  -0.20780649042501598E-01
   9   0.61037984760768330E-02   0.71631494234796304E-02  -0.45650995354972843E-01
  10  -0.33595342985624860E-01  -0.13968493470670874E-02  -0.40451145090322077E-01
  11  -0.44407859047633710E-01   0.28526253805925762E-01   0.12448195191083986E-01
  12  -0.49476469748417420E-01   0.22641854907156925E-01  -0.70288073524922862E-01
  13  -0.48308326503744496E-01   0.14622289293894163E-01   0.55044364890736011E-01
  14   0.48756315220918606E-03  -0.45145423827756360E-01  -0.10894403843768758E-01
  15  -0.77802581230624696E-01   0.38945841739113106E-01  -0.30825115385910283E-01
    2219.433994204973     
   1   0.45752173154229706E-01   0.45875025262917757E-01  -0.11313170607243210E-01
   2   0.63567327683731354E-02  -0.62951349050213407E-01   0.67400485214864532E-02
   3   0.18508361989760542E-01   0.49165933522721467E-02   0.35344275241227990E-01
   4   0.14337119820125069E-01   0.49870990803578041E-01  -0.17254713396519360E-01
   5   0.60165246880706437E-01  -0.18633857990928530E-01   0.85300469235074519E-01
   6  -0.18156919246651790E+00  -0.37677645295111867E+00  -0.11140071415321959E+00
   7  -0.36893175214818736E-04   0.17356141415791247E-01   0.36502036589403604E-01
   8   0.39010050763542213E-01  -0.10928822950174723E-01   0.14260134763654597E-02
   9  -0.75400586159211852E-02   0.12211838019377117E-01  -0.17980763558810797E-01
  10  -0.36611800664130729E-01  -0.36661253992784286E-02  -0.32419994190995276E-01
  11  -0.43756732623693062E-01  -0.59962405313330764E-02   0.28719380820266403E-01
  12  -0.29827154732936515E-01   0.89701296341008659E-02  -0.33978136886483587E-01
  13  -0.30783069694906982E-01   0.81619981826081076E-02   0.60519786844994809E-01
  14   0.38648813908921845E-01  -0.48217818859539761E-01   0.20344655726498823E-01
  15   0.31331578993466253E-01   0.28682446299740757E-01   0.66857853366298669E-02
    2219.551191188611     
   1   0.82089008837687064E-01   0.17984334624651061E-01   0.57860500326998687E-01
   2   0.60902370941178742E-02  -0.54147956970377310E-01  -0.64304757023272999E-01
   3   0.11215875764519484E+00   0.17992145701839476E-01  -0.18167900983210594E+00
   4  -0.94462834643521287E-01  -0.36668605835266460E-01   0.13070991330301371E+00
   5   0.31302425665295515E-01  -0.69378234701624034E-01   0.18692832862880257E+00
   6  -0.23795783305481177E+00  -0.24788593221294755E+00   0.85758020087862166E-01
   7  -0.23233730126595409E-01   0.42948296436747475E-01   0.94600626809570251E-02
   8   0.22899325296132589E-01  -0.97377935044438216E-02  -0.34807548266269445E-01
   9  -0.10361793476253996E-01   0.31063895495893137E-01  -0.36904676611037898E-01
  10  -0.27415109341926765E-01  -0.10671028341381126E-01  -0.33911050644012800E-01
  11  -0.33720109123688002E-01  -0.12541375110924425E-01   0.27747989681407622E-01
  12  -0.20711529648732633E-01   0.21139105733623233E-01  -0.73765076963218740E-01
  13   0.30201732809618218E-01   0.40097360640069565E-01  -0.73008050037133357E-01
  14   0.48133532301637014E-01  -0.40469871545802723E-02  -0.18368947108437245E-01
  15   0.44793524524569710E-02  -0.41567886765135044E-01   0.22871506787847874E-01
    2219.452501731405     
   1   0.22801873349508561E-01  -0.13078076739953192E-01   0.33683312971538714E-02
   2  -0.20389460044152548E-01  -0.47223525845328358E-01  -0.13718752562381035E-01
   3  -0.10752073610721598E+00   0.51711519590557399E-01  -0.58470795722663071E-02
   4   0.65576106147176461E-01   0.11641376343298235E-02   0.73047722273282822E-02
   5   0.95024799462833584E-01  -0.88600111875692028E-01   0.11040976295502142E+00
   6  -0.47990818224116348E-01  -0.37019043731238283E+00  -0.60460608794889757E-01
   7   0.21057244948320081E-02   0.33428772463192237E-01   0.22483963603966307E-01
   8   0.56656463660863007E-01   0.11889322462263841E-01  -0.69580138908096334E-02
   9  -0.13976657361317859E-02   0.25771509386055880E-01  -0.18025871949528111E-01
  10  -0.39020958693586308E-01  -0.63398240676644665E-03  -0.90250169503106326E-02
  11  -0.46501828409943893E-01   0.70891209559336083E-03   0.52743188088975185E-02
  12  -0.37108766162999900E-01   0.25467721022047720E-01  -0.50373226168411660E-01
  13  -0.33747001887534808E-01   0.23973210852210054E-01   0.56412548276635353E-01
  14   0.15233839342341344E-01  -0.26039316167614769E-01   0.65180209854987150E-02
  15  -0.29704729473809574E-01  -0.11169599885459205E-01   0.43215853931347793E-02
    2219.463999287677     
   1   0.87110042669317711E-01   0.11215745392457306E+00  -0.48052987444691088E-01
   2  -0.46699805792313642E-01  -0.91418528623505538E-01   0.43842007633306708E-01
   3  -0.71893627774843788E-01  -0.45962609759393223E-01   0.64422731729047236E-01
   4   0.25996752359851445E-01   0.71883434306075550E-01  -0.32185449791011789E-01
   5   0.10246262850447087E+00   0.16667861416276323E-03   0.49948383460391370E-01
   6  -0.98824036544615981E-01  -0.35590535376705601E+00  -0.13078281763671498E+00
   7  -0.11148188043975160E-01  -0.37927614099693037E-02   0.66493167453727381E-01
   8   0.46859719911553667E-01  -0.23342442988442718E-01   0.17357529891068983E-01
   9  -0.33580947123032029E-01  -0.37147555009316519E-01   0.74626214660313533E-02
  10  -0.34625754298893766E-01  -0.34719182254218895E-02  -0.35228909675129629E-01
  11  -0.42225843013277822E-01  -0.73122271951994791E-02   0.33711351325858258E-01
  12  -0.21091780100863919E-01   0.14528375224615287E-02  -0.42554206968041658E-01
  13  -0.30464375481391599E-01   0.68325351499945106E-02   0.77401835916801762E-01
  14   0.31210937031447152E-01  -0.52284284903159423E-01   0.26712306258894956E-01
  15  -0.11044259956092780E-01   0.45688459441698900E-01   0.98261254333294606E-02
    2219.398053354178     
   1  -0.55658089855569895E-02   0.53536174779479147E-01   0.16561169918737007E-01
   2   0.39322871221567100E-01  -0.73442078706332722E-01  -0.42211517470870694E-01
   3  -0.10075273696731441E-02  -0.68014456696437325E-01  -0.89962675048153293E-01
   4   0.78325498669838248E-01   0.10565984556768124E+00   0.61508037845501705E-01
   5   0.37376534755686315E-01   0.27835680937535433E-01   0.16645636148769663E+00
   6  -0.15427693918311669E+00  -0.38316634764881352E+00   0.17066477952720576E-01
   7   0.18608257877051993E-01   0.85147236648978747E-02   0.22038514368753041E-01
   8   0.47302182095977564E-01  -0.17912202638157123E-01  -0.10847921361009443E-01
   9   0.12593300581448046E-01   0.10411200415092886E-01  -0.31784732470712604E-01
  10  -0.32791575956309507E-01  -0.64351203201034116E-02  -0.34907918635205620E-01
  11  -0.36958809473296453E-01  -0.25274823683626609E-02   0.27532892959224429E-01
  12  -0.51255115441162846E-01   0.41906431402317359E-02  -0.55279247914974940E-01
  13  -0.52922755357406724E-01  -0.43243060856173023E-02   0.38512539581963996E-01
  14   0.16720306865216691E-01  -0.68660430347416937E-01  -0.28777564705883107E-01
  15   0.95463731551714889E-02   0.52869709312267373E-01  -0.81665784288349873E-02
    2219.576421163830     
   1   0.14181608024816492E+00   0.45185948113459051E-01   0.10653361300613452E+00
   2  -0.47460945631553092E-01  -0.76851043721577986E-01  -0.85839599802833746E-01
   3   0.45978000058744868E-01  -0.52009157642334818E-01  -0.15671864080860440E+00
   4  -0.10487025766459636E+00   0.25174126574706374E-01   0.12376412834522048E+00
   5   0.64331858417040144E-01  -0.42495751291722894E-01   0.17810261846450604E+00
   6  -0.19380984535014534E+00  -0.23277974348999464E+00   0.59621969247857058E-01
   7  -0.61746572750119397E-01   0.37093412758633183E-01  -0.18116457747874931E-01
   8   0.11705861195439746E-01  -0.31436708872176748E-01  -0.69133184600746647E-01
   9  -0.16384126616749931E-01   0.27099339403834563E-01  -0.47820204805691137E-01
  10  -0.33518915960311958E-01  -0.85964351899361080E-02  -0.37003884285316112E-01
  11  -0.46094351783095976E-01  -0.17786447561187212E-01   0.26263921391646437E-01
  12  -0.14059365520816908E-01   0.57359342207200428E-02  -0.84544187246998692E-01
  13   0.42059660448781976E-01   0.13170530123439226E-02  -0.36019336195168547E-01
  14   0.50584879450397552E-01  -0.15925737775050759E-01  -0.26082693005419016E-01
  15   0.32774178663582752E-01  -0.32568333250759373E-03   0.40677285605349861E-01
    2219.555634625107     
   1   0.91532095893965756E-01   0.31123020637746419E-01   0.58279885490667305E-02
   2  -0.39764590579894468E-01  -0.73128816539231298E-01  -0.16399535388770443E-01
   3  -0.18247979690766032E-02  -0.45438006247196988E-01  -0.16140641082615575E-01
   4  -0.31674575466792726E-01   0.34651474761691337E-01   0.13423244924422088E-01
   5   0.68577804523543548E-01  -0.39002130519025874E-01   0.11025030579299418E+00
   6  -0.15817031377829208E+00  -0.25809518114888824E+00  -0.51255995772374996E-01
   7  -0.24311625949686798E-01   0.30999646366791030E-01   0.54224037137357104E-02
   8   0.35280798899567027E-01  -0.22279763684011456E-01  -0.98996636588498232E-02
   9  -0.21320615242992981E-01   0.27892760541718239E-01  -0.83835674063131999E-02
  10  -0.36303244995960507E-01  -0.12242517128088819E-01  -0.28569520625360393E-01
  11  -0.42753678308694615E-01  -0.12397113370056605E-01   0.24053320945416189E-01
  12  -0.91297095847484890E-02   0.62725020594489832E-02  -0.22702840100577052E-01
  13  -0.60523539037785502E-02   0.55006097757828772E-02   0.22177961278281696E-01
  14   0.46129363685082803E-01  -0.20222408235119237E-01   0.31575353429817571E-02
  15   0.14925320458146792E-01  -0.56229842638425799E-02   0.14632304437533545E-01
    2219.486276024419     
   1  -0.36190146011462164E-01   0.26265182190008368E-01   0.11327993158833909E-01
   2   0.32734765756483506E-02  -0.79036815959402026E-01  -0.36494208314661963E-01
   3  -0.13112461207693332E+00  -0.13853464467566348E+00  -0.50305354945307475E-01
   4   0.14310474389213965E+00   0.69052740647269434E-01   0.23225971319812289E-01
   5   0.75722041255476991E-01   0.14572056444957767E-01   0.13786517303187770E+00
   6  -0.76015666730804787E-01  -0.21793660709022736E+00  -0.25900607941650798E-01
   7   0.25236087857492116E-01   0.20820728373136241E-01  -0.11872940050288807E-02
   8   0.62910826389615038E-01  -0.25645349052701931E-01  -0.54836373476106976E-02
   9   0.24128926147940630E-01   0.20210509091508667E-01  -0.16112748592367787E-02
  10  -0.30508494446966912E-01  -0.14974645688602167E-01  -0.21531591912362903E-01
  11  -0.38928285102429912E-01  -0.14756516519642632E-01   0.19042421110773072E-01
  12  -0.63478673141452835E-01   0.43614991097736177E-02  -0.41813545586605209E-01
  13  -0.71062187989315448E-01  -0.60188315063256794E-03   0.35983482385268384E-01
  14  -0.43362066746099126E-02  -0.23007421541388785E-01   0.14277282440795195E-02
  15  -0.18298529209527754E-01   0.13568166540511515E-01  -0.11769540893420668E-02
    2219.424989615864     
   1   0.74222953893235244E-01   0.68461339847089991E-01  -0.29883057113203128E-01
   2  -0.83407626272438383E-02  -0.67537444400131874E-01   0.28362913826642761E-01
   3   0.23975073088417703E-01   0.11814085973911577E-01   0.70113471255131746E-01
   4  -0.13248865911024321E-01   0.62557107146363269E-01  -0.42294727088020352E-01
   5   0.69549657044146146E-01  -0.29023381722470373E-01   0.61074427301848290E-01
   6  -0.19547577707065658E+00  -0.41163895120955485E+00  -0.15571110164811039E+00
   7  -0.99553020218881173E-02   0.11022394388207048E-01   0.55128584296639201E-01
   8   0.34428971055850528E-01  -0.10129189725136370E-01   0.11969469446482988E-01
   9  -0.22276270426786659E-01  -0.40049333419173264E-03  -0.19040062431332636E-01
  10  -0.36871272444842472E-01   0.79509678601114020E-03  -0.35244641571878836E-01
  11  -0.40039022139449411E-01  -0.98498154090252872E-02   0.31155612934860289E-01
  12  -0.18344599048239565E-01   0.16335628648781873E-01  -0.41827158068927811E-01
  13  -0.22505528038717252E-01   0.73575701101997772E-02   0.85951558631331360E-01
  14   0.49294264018820894E-01  -0.62023222773551240E-01   0.30572971803054828E-01
  15   0.27476159227754694E-01   0.51702738722561044E-01   0.14070324858549288E-01
    2218.345648324331     
   1  -0.62454165059883222E-01  -0.11492188900208413E-01   0.35515885341586950E-01
   2   0.24100897611441652E+00   0.14244659516367922E+00  -0.18157481417850271E+00
   3   0.83286177516829873E+00   0.14177828009796685E+01  -0.10782329268755486E+01
   4   0.61741287641842252E-01  -0.53296071449368376E+00   0.28082992078599300E+00
   5  -0.87850608001037347E-01  -0.42750301072865038E+00   0.36762295710780507E+00
   6  -0.81041698462010181E+00  -0.59379899614053699E+00   0.12154068114451000E+01
   7   0.32908836523549985E-01   0.56078368187577075E-01   0.41430177650519574E-01
   8   0.46312123349564402E-01  -0.57247749269411655E-02  -0.15150700011004416E-01
   9   0.11061330482887021E-01   0.37627687134035415E-01  -0.48399034729522734E-01
  10  -0.33783852885258828E-01  -0.22335118593357663E-01  -0.52922849483536608E-01
  11  -0.35559888159691445E-01  -0.28615333714794833E-02   0.38093958402553731E-01
  12  -0.86024955988847698E-01   0.71342045680060681E-01  -0.14519269190122253E+00
  13  -0.99071917434385856E-01   0.20344760866408576E+00  -0.19743694055425830E-01
  14   0.24191951911012043E-01   0.53052287775400733E-01  -0.23334853454003043E-01
  15   0.13050987941886297E+00  -0.42321823311574747E+00  -0.38374052160336530E+00
    2219.503592094138     
   1   0.63737673710135015E-01  -0.13144772810083421E-01   0.16422579084207436E-01
   2  -0.25616740719749596E-01  -0.47229958634996509E-01  -0.22992192375913809E-01
   3  -0.30322321951598268E-02   0.59181256329770476E-01  -0.22653698248337909E-01
   4  -0.12056089273071908E-01  -0.32407357305827444E-01   0.20736994594923147E-01
   5   0.70727943949650027E-01  -0.86902843110935338E-01   0.11230111356092411E+00
   6  -0.16352373581828736E+00  -0.31824039326078929E+00  -0.34217268224361747E-01
   7  -0.74704951305530577E-02   0.40554652334046731E-01   0.26604692427342931E-01
   8   0.36543395529346830E-01   0.38056771823028485E-02  -0.69140933311993211E-02
   9  -0.12598685556978238E-01   0.37424713616222932E-01  -0.18177630477294947E-01
  10  -0.36557312274969736E-01  -0.86210684926767353E-02  -0.23379199359795801E-01
  11  -0.43130483321068148E-01  -0.76136203427348299E-02   0.25255526356412202E-01
  12  -0.22334809786444833E-01   0.33759109820841335E-01  -0.38123899356919955E-01
  13  -0.77353970705332084E-02   0.42166213125181817E-01   0.29162147450344018E-01
  14   0.30881777147144622E-01  -0.15978517226911886E-01   0.83091472678077597E-02
  15   0.13205413649615324E-01  -0.35579224912445181E-01  -0.26236535428472794E-01
    2219.449179363684     
   1   0.14697781747150701E+00   0.16481271251895785E+00   0.68400853546048924E-02
   2  -0.37296570457291470E-01  -0.96807401462140258E-01  -0.13726952367687619E-01
   3   0.46536974188313325E-02  -0.62669937153569069E-01  -0.84561454277727790E-02
   4  -0.48087862890875993E-01   0.13877677950696518E+00   0.11247381782169557E-01
   5   0.78699506444966386E-01   0.19914228138348412E-01   0.10809972319429949E+00
   6  -0.16232513210544658E+00  -0.36683995420116083E+00  -0.56307162914119205E-01
   7  -0.31890127623447617E-01  -0.18145695578921869E-01   0.53511663642038139E-01
   8   0.32633840968360021E-01  -0.26700082392723996E-01  -0.91791373456892329E-02
   9  -0.31616760208689115E-01  -0.17067930959544817E-01  -0.48172168177912880E-01
  10  -0.33181681764688671E-01   0.13299449051690094E-02  -0.42400474687977974E-01
  11  -0.41909965462482039E-01   0.21343631547180988E-02   0.37084988718232230E-01
  12  -0.69098764613416365E-02  -0.20900610052303419E-01  -0.74198626862911052E-01
  13  -0.28529532649458340E-02  -0.23452847488826152E-01   0.78465896358168863E-01
  14   0.64024937781335473E-01  -0.73478025215923268E-01   0.45304496808855534E-02
  15  -0.92229021155785743E-02   0.16557723419589672E-01   0.31670589989133027E-02
    2219.491929728960     
   1   0.18431961234543076E+00   0.23324427658042962E+00  -0.10072559587123089E+00
   2  -0.10140109585904447E+00  -0.13652560481140230E+00   0.67322572357765731E-01
   3  -0.10301285703003184E+00  -0.11771593597623929E+00   0.79077666530967317E-01
   4   0.72802927635356894E-02   0.10997488958128576E+00  -0.43967237811144005E-01
   5   0.12528111893422816E+00   0.45713494752547219E-01   0.20244252789766767E-01
   6  -0.92484321305597347E-01  -0.29908863942160274E+00  -0.12645166043012759E+00
   7  -0.27629076357761378E-01  -0.17515093405754415E-01   0.93625539448464856E-01
   8   0.38245922384617805E-01  -0.72822258749938265E-01   0.37455417347097633E-01
   9  -0.83477810635633448E-01  -0.86996054004877532E-01   0.50298360661041042E-01
  10  -0.34697637836912501E-01  -0.13466498058699497E-01  -0.42222493481636869E-01
  11  -0.37916963862004591E-01  -0.29718850357067440E-02   0.36630158613902598E-01
  12  -0.67310173385382310E-02  -0.21768284072763589E-01  -0.40086028371921115E-01
  13  -0.24777585308312918E-01  -0.41229759174387023E-02   0.84235833590861620E-01
  14   0.31664603898898941E-01  -0.47427176703942212E-01   0.30406062731995646E-01
  15   0.85146573133186298E-02   0.58211649956271830E-01  -0.47955266072316925E-02
    2219.539610160050     
   1   0.10079723789391863E+00   0.76569103165897877E-02   0.84402419057605191E-01
   2  -0.54984690520389328E-02  -0.49840672411819463E-01  -0.81065794129737884E-01
   3   0.13324741062869855E+00   0.51910531554791396E-01  -0.21473334806067054E+00
   4  -0.13922098206418737E+00  -0.75946531249753882E-01   0.15821886331722310E+00
   5   0.38885181853498131E-01  -0.86887909578542297E-01   0.20893334805072830E+00
   6  -0.26521765302143196E+00  -0.24917222116953200E+00   0.13120043920713859E+00
   7  -0.20486050165230179E-01   0.45743793963135299E-01   0.15792806477496701E-01
   8   0.16342206934347049E-01  -0.38033787576569936E-02  -0.55786110432980859E-01
   9  -0.63970718603748511E-02   0.31669396560987911E-01  -0.39450642705014659E-01
  10  -0.30198491746806552E-01  -0.10938296182904657E-01  -0.37338238973236355E-01
  11  -0.40822903338548031E-01  -0.13455527413180570E-01   0.25625077197999831E-01
  12  -0.20662434062252738E-01   0.23542486877826015E-01  -0.87076501325493591E-01
  13   0.69817834623665032E-01   0.71106335851866639E-01  -0.97267003616329215E-01
  14   0.48079592863667156E-01  -0.21346225667953221E-02  -0.22256540074544105E-01
  15   0.62223095049090110E-02  -0.46993835182956301E-01  -0.35533889922193347E-02
    2219.551173603546     
   1   0.13679172461652048E+00   0.28020768002949378E-01  -0.24397492338762755E+00
   2  -0.15026690075343369E+00  -0.98403594455445498E-01   0.16406938913029243E+00
   3  -0.18314897836608038E+00  -0.80596581256908315E-01   0.12928618975798314E+00
   4   0.38033181683802882E-01   0.43352035484963414E-01  -0.48648504215727272E-01
   5   0.16586889036153127E+00  -0.31112579001878065E-01  -0.51738600715893077E-01
   6  -0.39844701546807131E-01  -0.23942675047361089E+00  -0.16016544110517686E+00
   7  -0.77679811911465883E-02   0.36675709848189242E-01   0.59191637148355326E-01
   8   0.56507617128166730E-01  -0.44168807965573875E-01   0.55508292718134185E-01
   9  -0.63417320285574508E-01   0.37059956962424000E-01   0.12632992621906899E+00
  10  -0.38815552087798050E-01  -0.25390193147574364E-01  -0.33989398181337629E-01
  11  -0.35636279286277821E-01  -0.95560135833485729E-02   0.27482355290942225E-01
  12  -0.80667321652364236E-02   0.50917741125189606E-02  -0.24205583040929190E-01
  13  -0.22447186553614152E-01   0.65611912120698106E-02   0.83119107154997179E-01
  14   0.17181395801422517E-01  -0.19772980526194202E-01   0.34592246570735355E-01
  15  -0.44245461416373540E-01   0.16046814479018299E-02   0.22947056382470229E-01
    2219.362249113669     
   1  -0.12567543757993226E-01  -0.71714686906152458E-02  -0.36925522947075927E-01
   2   0.15833062282745808E-01  -0.38103654333840470E-01   0.81149976363516702E-01
   3  -0.10820008023493076E+00   0.93969344866924751E-01   0.11444176644019875E+00
   4   0.10647525603969972E+00  -0.15821245905699897E-02  -0.28362952423523050E-01
   5   0.81045669439248583E-01  -0.10224010756440148E+00   0.30503780310917779E-01
   6  -0.15514331882725963E-01  -0.45296620091289252E+00  -0.27045964448992443E+00
   7   0.11283875440338390E-01   0.25402121942107340E-01   0.47142089930596154E-01
   8   0.60602477608925981E-01   0.22745847673449093E-03   0.53770090702233144E-02
   9   0.12541405599315965E-01   0.20385026679916325E-01  -0.13333549720648052E-01
  10  -0.29235021541112641E-01   0.19609144917767454E-01   0.25675683283528502E-02
  11  -0.40148076273895654E-01  -0.67736233166049492E-02   0.19687763307729832E-01
  12  -0.59617118844921067E-01   0.34734232559938134E-01  -0.39253512989681626E-01
  13  -0.49578125774718436E-01   0.22939223128530556E-01   0.70850034366323755E-01
  14   0.57415542480265007E-02  -0.31689614363042587E-01   0.20467972313953933E-01
  15  -0.51828407520524616E-01   0.17386214572638191E-01   0.55607926530943742E-01
    2219.432426382087     
   1  -0.46064050986378063E-02   0.85271551667598602E-01  -0.26624685674974915E-01
   2   0.88857579202385711E-01  -0.11426096645586493E+00   0.50225396360102231E-01
   3   0.88029313133343251E-01  -0.33815524124537549E+00   0.22715911140791969E+00
   4   0.59269099092526811E-01   0.39577777445767093E+00  -0.23120232481203298E+00
   5  -0.47628984489820753E-01   0.17491915155168819E+00  -0.67829907244918428E-01
   6  -0.20363223736730535E+00  -0.25713241801944287E+00  -0.19690216084875542E+00
   7   0.14993537998322480E-01   0.15367799790852170E-01   0.54415770193428747E-01
   8   0.40175708336635994E-01  -0.28270885993690660E-01   0.51860532662982191E-02
   9   0.16895060842646640E-01   0.12521139271932926E-02  -0.16579249301942069E-01
  10  -0.35091198004941829E-01  -0.10620900330057020E-02  -0.42701401623655773E-01
  11  -0.43012523550926433E-01  -0.95217367856575957E-02   0.34782433162168613E-01
  12  -0.63519799980764680E-01  -0.10098940499418020E+00  -0.93471572206106808E-02
  13  -0.45300029888028767E-01  -0.29082860906098334E-01   0.11229047051577110E+00
  14   0.54259732873563948E-01  -0.16432924291628437E+00   0.17132462292606576E+00
  15   0.44002330636529051E-01   0.31600818172175249E-01  -0.23798835493855524E-02
    2218.628264274774     
   1  -0.49818910130149517E-01   0.15473088040812237E-01  -0.54488216053401395E-02
   2   0.11340081429830656E+00   0.47372984312140209E-01   0.18841544015930519E-01
   3   0.32348653375964834E-01   0.33743215247979236E+00   0.67413729620367846E-01
   4   0.13450108607410891E+00  -0.48885603450354559E-01  -0.16119134356537584E-01
   5   0.55718043518572451E-01  -0.15012185160751795E+00   0.74185319529074464E-01
   6  -0.23842186836111209E-01  -0.15697732345970243E+01  -0.32180886696006561E+00
   7   0.25674429941031439E-01   0.24708857627007540E-01   0.56567609755684610E-01
   8   0.57808654655455725E-01  -0.20351032348024066E-02  -0.50444451187806778E-02
   9   0.25230111085440800E-01   0.17310628667306129E-01  -0.39341675139256085E-01
  10  -0.29556356342044024E-01  -0.43430968883900050E-05  -0.43213404674446759E-01
  11  -0.34779710399496871E-01   0.23272962894005582E-02   0.46575473980064654E-01
  12  -0.68257000567155154E-01   0.44023423483359608E-01  -0.67934951088493470E-01
  13  -0.64085336295930759E-01   0.45714250595880190E-01   0.89535607108473372E-01
  14   0.31739650629978989E-02  -0.59777771754494231E-01   0.15280491486544897E-01
  15  -0.10245832371429332E+00   0.76015127186995557E+00   0.13838314808201826E+00
    2219.404531589698     
   1  -0.22635520122488088E-01  -0.34841576641585860E-01  -0.27553401863162377E-01
   2   0.14380614118262218E-01  -0.22947455839204978E-01   0.62177619172730063E-01
   3  -0.12391453372334349E+00   0.10583683177731958E+00   0.90629618423739663E-01
   4   0.11655751215242352E+00  -0.28600379283167315E-01  -0.20938929365799695E-01
   5   0.78602497918301303E-01  -0.12891510755685634E+00   0.44409766814449379E-01
   6  -0.27724588904280246E-01  -0.36167745650365141E+00  -0.19454149647740829E+00
   7   0.13908259710195109E-01   0.42713456037612604E-01   0.29430252431425538E-01
   8   0.60372912474480983E-01  -0.40387772544896615E-02   0.14637347837029259E-02
   9   0.12885832485531405E-01   0.42254270617288474E-01  -0.10357897507411288E-01
  10  -0.28170231058528453E-01   0.47578314207390986E-02   0.10755108417828308E-01
  11  -0.37988348114390204E-01  -0.78170644216753599E-02  -0.74661639516864701E-03
  12  -0.60226845113587363E-01   0.32341890558584378E-01  -0.36421511007254721E-01
  13  -0.54133051995721444E-01   0.28178338350055867E-01   0.61561727479015428E-01
  14   0.56482709161638665E-02  -0.15151252189034233E-01   0.11878335774651890E-01
  15  -0.41891581554086892E-01  -0.35350746965037781E-01   0.31938226026228179E-01
    2219.491704861956     
   1   0.68861996770693185E-01   0.72816435816032199E-01  -0.25139249934395778E-01
   2  -0.15257613644203093E-02  -0.82410835605624178E-01   0.13978504656115416E-01
   3   0.19505662044290082E-01  -0.83170926082813998E-01   0.59878769358456138E-01
   4  -0.86943249444572691E-02   0.10986378700184594E+00  -0.44853457902945398E-01
   5   0.54903524324309096E-01   0.12536707876309696E-01   0.60461562631325981E-01
   6  -0.17000564952430741E+00  -0.31453974010412517E+00  -0.10712915801450802E+00
   7  -0.55419799037404486E-02   0.15826159053992889E-01   0.36587118458759428E-01
   8   0.36387965359504032E-01  -0.26379045818096067E-01   0.98521521071825088E-02
   9  -0.20218866447685786E-01   0.49681198944468595E-02  -0.89389322041503946E-02
  10  -0.34726498378500795E-01  -0.77319010693670358E-02  -0.34476098975462180E-01
  11  -0.40387304467172022E-01  -0.83395177356585647E-02   0.30126034371847292E-01
  12  -0.18349171627599872E-01  -0.23833363922705516E-01  -0.16465615089731867E-01
  13  -0.25507584915326176E-01  -0.84713134108349748E-02   0.69502285888212417E-01
  14   0.50743199291197916E-01  -0.56321001395993171E-01   0.35326193917838214E-01
  15   0.96806200509297231E-02   0.49315046551748939E-01  -0.11545371779464018E-01
    2219.458916186869     
   1  -0.31472705320434641E-01   0.58356704479662368E-01   0.33213009816147533E-01
   2   0.57838704835382754E-01  -0.98354600533506309E-01  -0.92294538861825676E-01
   3  -0.23194553086978958E-01  -0.23622672383019180E+00  -0.23944109219922594E+00
   4   0.12770835700232239E+00   0.15684769100819584E+00   0.16253480489482683E+00
   5   0.64908191763264475E-02   0.10549262898365230E+00   0.32459446356887256E+00
   6  -0.14663261310755132E+00  -0.21418321311327670E+00   0.76893511099233300E-01
   7   0.34507150514998211E-01   0.99526485957110705E-02   0.60695935817270180E-02
   8   0.52779669948414508E-01  -0.25403152019431444E-01  -0.14180532749734088E-01
   9   0.15604301577695623E-01   0.14631531114009796E-01  -0.35249081074427022E-01
  10  -0.33577012562881668E-01  -0.67753180942102306E-02  -0.34872979281562563E-01
  11  -0.34266281002359601E-01  -0.16415571590727016E-01   0.28246278429641208E-01
  12  -0.61015716285029491E-01  -0.80845380950265531E-02  -0.59019572003996060E-01
  13  -0.87407315479988243E-01  -0.44854836470782179E-01  -0.16722612951574772E-01
  14   0.18598600619193306E-02  -0.46294546557526559E-01  -0.78439292229751476E-01
  15   0.20350802326291835E-01   0.16904647022354835E-01  -0.12485317311757079E-01
    2219.436744635298     
   1   0.27530718238289821E-01   0.78952317725880475E-01  -0.24791013051658317E-01
   2   0.52845380709999133E-01  -0.90613831332240505E-01   0.34769957362379852E-01
   3   0.74965812608740565E-01  -0.17434263328355692E+00   0.14499391475987128E+00
   4   0.87445364094206057E-02   0.25762173575718172E+00  -0.13883806972115392E+00
   5   0.32640235911697343E-02   0.68669866013187142E-01   0.81791991529309820E-02
   6  -0.20497512025475451E+00  -0.35143614473366130E+00  -0.17684708496097726E+00
   7   0.54243434079649282E-02   0.17318516354887344E-01   0.48051985187561583E-01
   8   0.36437003283372148E-01  -0.24950489564047284E-01   0.69829306806904216E-02
   9   0.21394830359629806E-02   0.24310535962025616E-02  -0.16866213243345494E-01
  10  -0.33556862737158091E-01  -0.20421877192987529E-02  -0.38681699681482870E-01
  11  -0.40222277309720660E-01  -0.11242682805480029E-01   0.34397778617106273E-01
  12  -0.37208330007374925E-01  -0.75129161842447889E-01  -0.98753987783153641E-02
  13  -0.35992766515641872E-01  -0.18479510142240505E-01   0.99996291156638009E-01
  14   0.58742209991219652E-01  -0.11230154414925123E+00   0.86010480192807742E-01
  15   0.41650987531324429E-01   0.10241426847138742E+00   0.15713237752209144E-01
    2219.171900064537     
   1   0.30900417508676715E-01   0.19975045388659438E-01  -0.20228312440793841E-01
   2   0.46913120558715819E-01  -0.15454525557874361E-01   0.30583016195499114E-01
   3   0.21340296592430674E+00   0.27405447171142355E+00   0.13221693077574934E+00
   4  -0.36826523519790030E-01  -0.11658177409773011E+00  -0.55187721642996027E-01
   5   0.40427648416802554E-01  -0.11802010539964478E+00   0.49197325926061401E-01
   6  -0.48338996120459060E+00  -0.65231629610259378E+00  -0.35714525952727649E+00
   7   0.21503340283174593E-02   0.28618734738675333E-01   0.51837761295683654E-01
   8   0.29494700036124477E-01   0.11933360630023175E-01   0.59610455707025650E-02
   9  -0.15773324174216054E-02   0.19308249629916212E-01  -0.30592040348173907E-01
  10  -0.35127233265957854E-01  -0.42202379237547757E-02  -0.37337590401462999E-01
  11  -0.37187112295973788E-01  -0.11390737121385336E-01   0.35040825327118157E-01
  12  -0.21543779487828988E-01   0.10219614547921303E+00  -0.36137333202853110E-01
  13  -0.31234332088967094E-01   0.46098929681634267E-01   0.99310461717478496E-01
  14   0.37999761226803881E-01  -0.35578798895514706E-01   0.23248104221811818E-01
  15   0.21614222391750529E+00   0.12087091556499574E+00   0.12590663175465322E+00
    2219.440696203524     
   1   0.91259965745064883E-01   0.84095272693584383E-01  -0.22440974549289575E-01
   2  -0.31172793800857041E-01  -0.74787770167515755E-01   0.19318763005025840E-01
   3  -0.32575178320253813E-01   0.75831502692739932E-02   0.37438218716865930E-01
   4  -0.27494024718939568E-02   0.55569246455180160E-01  -0.17310130123130051E-01
   5   0.89266890452827596E-01  -0.13000453689331200E-01   0.74949606063934401E-01
   6  -0.12933409712332414E+00  -0.39913121472077762E+00  -0.11121689835313379E+00
   7  -0.16418629080686652E-01  -0.62539126617333308E-02   0.62332131969547747E-01
   8   0.42059673140925888E-01   0.74344384221187790E-02   0.62667079599023953E-02
   9  -0.23483737235169971E-01  -0.12764658194401859E-01  -0.28901772590974473E-01
  10  -0.41826495927550680E-01   0.18480276556288879E-02  -0.38063393060578696E-01
  11  -0.40170467502887691E-01  -0.74164154183035446E-02   0.35520592005474999E-01
  12  -0.13300750739991507E-01   0.15431971531419609E-01  -0.57125709746673248E-01
  13  -0.17805620804746746E-01   0.96562405664439473E-02   0.84138188241409867E-01
  14   0.37925130070669291E-01  -0.53362427902603649E-01   0.17931125806794245E-01
  15  -0.33897259881067328E-02   0.16349549863873540E-01  -0.93427162239803510E-03
    2219.556439246920     
   1   0.11491391096343036E+00   0.16866727687282038E-01   0.92605174143443672E-01
   2  -0.99996528907520497E-02  -0.54922658444359333E-01  -0.87357043309648413E-01
   3   0.15742905721564163E+00   0.30240370861899481E-01  -0.24107709089075660E+00
   4  -0.18063259860641970E+00  -0.69934626962405211E-01   0.18753833458286254E+00
   5   0.32243457398956100E-01  -0.80555842619081192E-01   0.21345218732776067E+00
   6  -0.28018251566960334E+00  -0.22625644687177368E+00   0.14691639322963038E+00
   7  -0.29770345579131930E-01   0.48739304461749955E-01   0.12081531453771339E-01
   8   0.58776825918585521E-02  -0.82069079151721458E-02  -0.69601513658409289E-01
   9  -0.96804126093740783E-02   0.31124905805876176E-01  -0.44695755443391216E-01
  10  -0.33567525082193461E-01  -0.10702076783586313E-01  -0.37781600661833607E-01
  11  -0.42410803491566583E-01  -0.15500770068983555E-01   0.26481144018569304E-01
  12  -0.11325417791876066E-01   0.21289038464568664E-01  -0.11374527421137466E+00
  13   0.85900786062773821E-01   0.57076837892136370E-01  -0.10721333074776689E+00
  14   0.60518231566540147E-01   0.39440478292118355E-02  -0.35157131601958533E-01
  15   0.22279370074621753E-01  -0.41403473120047822E-01   0.29464686361049066E-01
    2219.473870202668     
   1   0.20202066071409167E+00   0.23484296537836583E+00  -0.16567369586607757E-01
   2  -0.63815603711845539E-01  -0.11895852505496776E+00   0.44261604644324111E-02
   3  -0.12638126492582306E-01  -0.10971192578771362E+00   0.20093916750682082E-01
   4  -0.72143144029042747E-01   0.16890721549791421E+00  -0.12893014653174302E-01
   5   0.79706687769635909E-01   0.39329604658638911E-01   0.86843094131380777E-01
   6  -0.14679404165550961E+00  -0.33954690343594235E+00  -0.82657919483391351E-01
   7  -0.52449961640169469E-01  -0.37910694874495193E-01   0.73426139121316847E-01
   8   0.27533299892857639E-01  -0.60401251602641905E-01   0.15701258261785242E-02
   9  -0.59756316177806620E-01  -0.43077203651536819E-01  -0.41636292933737148E-01
  10  -0.33447104042919840E-01  -0.91100760370518338E-02  -0.43120818743519619E-01
  11  -0.40494692681239140E-01  -0.10039756322924642E-01   0.37210564378163863E-01
  12  -0.54783824243168633E-02  -0.21539488828664095E-01  -0.67087881868933621E-01
  13  -0.37121245430680383E-02  -0.22032685594625758E-01   0.87785962140003782E-01
  14   0.67979740248923393E-01  -0.73805741205472009E-01   0.17100379955892885E-01
  15   0.34560320251910734E-01   0.56492074816089026E-01  -0.57949823581449622E-02
    2219.478316947747     
   1  -0.42467239197619244E-01   0.22654417177234907E-01   0.30685533873087780E-01
   2   0.47175145731940572E-01  -0.64235628372447270E-01  -0.90816710234819770E-01
   3  -0.69318081135093870E-01  -0.13514880173683028E+00  -0.20332792220623128E+00
   4   0.14290003973561888E+00   0.60297114142750421E-01   0.10101737912586720E+00
   5   0.31080304273792971E-01   0.10179311888423447E-02   0.29568805257651443E+00
   6  -0.11664152315624730E+00  -0.19889655137733231E+00   0.61538179164593032E-01
   7   0.31118270933449804E-01   0.27482280388387518E-01   0.35628353054674611E-02
   8   0.59317187029832602E-01  -0.21687747974054167E-01  -0.13128646189067577E-01
   9   0.20044169324707588E-01   0.23726820169432922E-01  -0.24535053920625809E-01
  10  -0.33013023395757804E-01  -0.93213994236415951E-02  -0.33077351203758522E-01
  11  -0.39093630381216452E-01  -0.11812869502634811E-01   0.28822456971260096E-01
  12  -0.67735603974175343E-01   0.58989517681037077E-02  -0.47989046829139730E-01
  13  -0.87401039876398773E-01  -0.23414611184654007E-02   0.27856185210686848E-02
  14  -0.11793811471153392E-02  -0.13683641214648795E-01  -0.14850574418715986E-01
  15   0.17115383633264043E-01  -0.63245029480669861E-02  -0.45642195832020893E-01
    2219.465675064760     
   1   0.44737904091489186E-01  -0.24527175976791181E-02  -0.27550949225424205E-01
   2  -0.23327346524220971E-01  -0.53068656166085693E-01   0.26699737928021314E-01
   3  -0.59545610840074974E-01   0.48076388683966888E-01   0.38129601141355142E-01
   4   0.31075467924915827E-01  -0.15041631882068726E-02  -0.11126539456400511E-01
   5   0.80758240609258652E-01  -0.69475331256066808E-01   0.77119934939135285E-01
   6  -0.10096315283650963E+00  -0.36456420534180028E+00  -0.11758315462899463E+00
   7  -0.25864365579943115E-02   0.32687957344009838E-01   0.36719840804923819E-01
   8   0.45989521864593000E-01   0.69712910397032608E-02   0.36034136960021762E-02
   9  -0.92860921624355001E-02   0.29119454961431288E-01  -0.12278692710821121E-01
  10  -0.43707189856690518E-01   0.30352344737625170E-02  -0.17127441018056754E-01
  11  -0.42817544181229787E-01  -0.39968010221181540E-02   0.24099756521057329E-01
  12  -0.25949209073105620E-01   0.32108419271337181E-01  -0.37798179271238394E-01
  13  -0.28277453391531492E-01   0.27822328050476811E-01   0.63571927329283365E-01
  14   0.26333390475889753E-01  -0.31770990610073317E-01   0.13360708808521788E-01
  15   0.85225260858755852E-02  -0.25797311935839846E-01   0.15261399982930994E-01
    2219.372757409496     
   1  -0.66593827363672139E-02  -0.24311983864200110E-01   0.56382972377295559E-01
   2  -0.83553424172683337E-04  -0.31615113302068128E-01  -0.14396680176509896E+00
   3  -0.14390533169460254E+00   0.96563261587076676E-01  -0.12981605663384477E+00
   4   0.10428362514124838E+00  -0.52996845871525391E-02   0.43761953287306039E-01
   5   0.91103315169547908E-01  -0.10724392880878555E+00   0.18752040860707725E+00
   6   0.30408065919251350E-01  -0.45637562516565500E+00   0.15700086658484028E+00
   7   0.12852582431646673E-01   0.31260806777280985E-01   0.19969697980487443E-01
   8   0.67120751492691949E-01   0.15200312882743348E-01  -0.29861748582960704E-01
   9   0.48288288219045048E-02   0.20833465935890236E-01  -0.40939432744050028E-01
  10  -0.33448244502992004E-01  -0.87023054749072234E-02  -0.31015563628213862E-01
  11  -0.41547276038834915E-01   0.14372598386030491E-01   0.10764217274898649E-01
  12  -0.48481143323384844E-01   0.27794288857907003E-01  -0.68149299153373144E-01
  13  -0.52653709597284784E-01   0.29818935484076884E-01   0.48668617940535029E-01
  14   0.60524720181745102E-02  -0.31212306406268285E-01  -0.57878577092995665E-02
  15  -0.83966581966838955E-01   0.47823347968099471E-02  -0.48806975235993783E-01
    2219.382224998984     
   1   0.18234362733221688E-02   0.33457493844256248E+00   0.86174512193907885E-01
   2  -0.97946981833901908E-01  -0.21493408951681231E+00  -0.99790447103719232E-01
   3  -0.19899743189191132E+00  -0.19325059361591643E+00  -0.87512950029176445E-01
   4   0.12143184987774400E+00   0.12436756022609018E+00   0.43295735538194845E-01
   5   0.17845547223256122E+00   0.20333359091927200E+00   0.21827162142070736E+00
   6  -0.34716941687382867E-01  -0.32461217476465848E+00  -0.19570119046224605E-02
   7   0.21087605063466849E-01  -0.14365778691597969E+00  -0.64729740642497360E-02
   8   0.68844430161824344E-01  -0.54405326296494985E-01  -0.26071596059948861E-01
   9   0.39580175662295592E-02  -0.43578246110765162E-01  -0.96645092036256250E-01
  10  -0.33017681363667464E-01   0.58184067817317947E-02  -0.48983888398267020E-01
  11  -0.38976901780879633E-01  -0.21076156479150105E-02   0.42975335793679223E-01
  12  -0.45779681490900150E-01  -0.30893755971517586E-03  -0.75501126411719383E-01
  13  -0.46546552100279130E-01  -0.65572469019122785E-02   0.64873589902399872E-01
  14  -0.18745674343472789E-01  -0.61434563268974833E-01  -0.13278924381338014E-01
  15  -0.37741636342527397E-01  -0.58028879998082749E-02  -0.36133408656227793E-01
    2218.926355512125     
   1  -0.16950579670096510E-01   0.40217947824344000E-01   0.93405432159941511E-02
   2   0.91247248960640071E-01  -0.35450126844881798E-02  -0.29972639181474591E-01
   3   0.16807738197099148E+00   0.25464903085910395E+00  -0.61746717270126032E-01
   4   0.57895820028843158E-01  -0.25951561239648716E-01   0.30327860127025198E-01
   5   0.44222189440047861E-01  -0.63032719495024078E-01   0.13167411068760182E+00
   6  -0.37329854380099486E+00  -0.10147016208741710E+01   0.97695311574196697E-01
   7   0.15030864056289048E-01   0.24375071407711609E-01   0.45682853543674309E-01
   8   0.48086770888861236E-01  -0.65315990924094697E-02  -0.90827349442849561E-02
   9   0.11139467781904076E-01   0.20998300427843689E-01  -0.41384627749969129E-01
  10  -0.30508115464517094E-01  -0.17764746651206011E-02  -0.45755215122784451E-01
  11  -0.39485614455685339E-01  -0.29693485666126558E-02   0.36946430788795760E-01
  12  -0.55067145308064967E-01   0.42023274201587212E-01  -0.83455795784740314E-01
  13  -0.52225211633930450E-01   0.43023157674180960E-01   0.73918730914935907E-01
  14   0.23782371748735643E-01  -0.73272799139852143E-01  -0.34207982391258524E-02
  15   0.14337205784520896E+00   0.33339199037658879E+00  -0.71855275539664407E-01
    2219.152144452848     
   1  -0.37152436547913552E-01   0.42254503296349034E-01  -0.17335742381661703E-01
   2   0.41602078838537677E-01  -0.27333543592183162E-01   0.42794483460742001E-01
   3  -0.11717625528819400E+00   0.78974103722578570E-01   0.69125355640658553E-01
   4   0.14144097036778627E+00   0.41003038830838848E-01  -0.20377807277880307E-01
   5   0.90046611538261059E-01   0.42484958697282298E-03   0.57155731856556709E-01
   6   0.98685328152042659E-01  -0.76206746200664222E+00  -0.21467809973147176E+00
   7   0.22865986805212121E-01   0.68329800740890550E-02   0.63852768781859651E-01
   8   0.72311935678211384E-01   0.93871946232516629E-03   0.27595704584915597E-03
   9   0.23348771912017553E-01  -0.51639140919373504E-02  -0.33884238089525773E-01
  10  -0.31593854007468142E-01   0.12338996806591599E-01  -0.38093548829933543E-01
  11  -0.39421307389092032E-01   0.11621794240625490E-01   0.48001512797246300E-01
  12  -0.64164756340608281E-01   0.25599461571215721E-01  -0.61682845299428468E-01
  13  -0.57877224507779004E-01   0.24455661592002784E-01   0.83414008900469364E-01
  14  -0.14036292342770028E-01  -0.68583522564843846E-01   0.19741908165573457E-01
  15  -0.15774118885091412E+00   0.15007563898919804E+00   0.59976701623189459E-01
    2219.411924939106     
   1  -0.17242602413791986E-01   0.80835730591717836E-01   0.30351959832225592E-01
   2   0.76476430203082341E-01  -0.10702741451699255E+00  -0.72114170518272680E-01
   3   0.39358755734126651E-01  -0.25372757890517750E+00  -0.20055203844325495E+00
   4   0.92434745625382550E-01   0.29889990815889877E+00   0.18841985635841141E+00
   5  -0.25901767212443225E-01   0.15973570868068418E+00   0.27671272474125413E+00
   6  -0.18104934084649399E+00  -0.31987735734866501E+00   0.80581208334190496E-01
   7   0.29309923745537699E-01   0.79969852384544407E-03   0.22024380863463845E-01
   8   0.46702337061481351E-01  -0.22872765512676484E-01  -0.14516307959111701E-01
   9   0.12294625572391258E-01   0.87436454188560258E-02  -0.44885282356149511E-01
  10  -0.34924267616319740E-01  -0.14431623057493206E-02  -0.40541255673497520E-01
  11  -0.40135133561906060E-01  -0.58356946343761200E-02   0.35181346059214982E-01
  12  -0.51753883247593557E-01  -0.17931752566087800E-01  -0.91250127761166644E-01
  13  -0.67496310981017868E-01  -0.73530314496128152E-01   0.16052887376816635E-01
  14   0.23116431335874078E-01  -0.12951898223369410E+00  -0.10445128014960801E+00
  15   0.48734511449446870E-01   0.28927601675843385E-01  -0.34478930035405995E-01
    2219.438169210050     
   1   0.60848446967104008E-01   0.30362842378221861E-01   0.37865487910406441E-01
   2  -0.16360633359080667E-01  -0.57622587635120986E-01  -0.56429160336588444E-01
   3  -0.84817087409247531E-02   0.42413353985201650E-01  -0.73416902245423049E-01
   4   0.44821043526631927E-02   0.17452986988789443E-01   0.46696154374277092E-01
   5   0.75906512153759764E-01  -0.50394573366670858E-01   0.14793970834273615E+00
   6  -0.15964216763655342E+00  -0.38701955632399743E+00   0.25626579939983622E-01
   7  -0.11616520071067466E-01   0.15201282366295428E-01   0.24603320361566663E-01
   8   0.41117033477159018E-01   0.37314558218920018E-02  -0.24169624886245605E-01
   9  -0.78047981724877541E-02   0.17953878381243498E-01  -0.38735211589685258E-01
  10  -0.33989473344637727E-01  -0.47507607055000739E-02  -0.36426504794880750E-01
  11  -0.48278716059673703E-01  -0.84666851240833090E-03   0.26224889803326209E-01
  12  -0.29392932509269616E-01   0.18275773564036174E-01  -0.69189180312571222E-01
  13  -0.18953495986286126E-01   0.28229877322446438E-01   0.44812087447177261E-01
  14   0.35387711177749422E-01  -0.42135426529396267E-01  -0.79931041854988793E-02
  15   0.21842669816216378E-01  -0.16728426186120573E-02  -0.19744427135523025E-01
    2219.491589582043     
   1   0.21474906750403083E+00   0.23453819902065406E+00  -0.56270699729204746E-01
   2  -0.69304080952231006E-01  -0.12310371683202311E+00   0.30602053746973182E-01
   3  -0.14147344083500895E-01  -0.12374213696364619E+00   0.58821105385605567E-01
   4  -0.79896306734780098E-01   0.17008399759133211E+00  -0.47158403560177996E-01
   5   0.90275588111892999E-01   0.42703950083602449E-01   0.54989681796743801E-01
   6  -0.13844344445752138E+00  -0.30484637483759031E+00  -0.11276333500043087E+00
   7  -0.42949163333313521E-01  -0.20851841167117104E-01   0.84223958091223544E-01
   8   0.20680223234212904E-01  -0.72164602446916942E-01   0.21044210878102803E-01
   9  -0.66831856284955166E-01  -0.39165610880202026E-01  -0.16344934814145562E-01
  10  -0.29041409559960533E-01  -0.63050584411942666E-02  -0.41938792045260458E-01
  11  -0.40738770298908683E-01  -0.59988570735720241E-02   0.37469324831374065E-01
  12   0.25252153394189911E-02  -0.38223156685355135E-01  -0.50707794081723698E-01
  13  -0.61176971694011980E-02  -0.23533791410415214E-01   0.95445398322756447E-01
  14   0.67741639435489776E-01  -0.66483566553065157E-01   0.33627940560099774E-01
  15   0.19621458110033917E-01   0.26857169945285836E-01   0.23107072835835426E-03
    2219.425205587316     
   1   0.76884579196722863E-02   0.40860707878234002E-01  -0.60158811276725798E-02
   2  -0.10569749285842032E-01  -0.70399474005191462E-01   0.11015787133580294E-01
   3  -0.97217170729986743E-01  -0.19060030108268920E-01   0.23159827443223334E-01
   4   0.90890038187206534E-01   0.50486124475881515E-01  -0.53101274337306985E-02
   5   0.90434646963123907E-01  -0.67236719271618001E-02   0.82662953547776946E-01
   6  -0.65950042454207158E-01  -0.37824689635357894E+00  -0.10217079232911365E+00
   7   0.95867133448716262E-02   0.86012371203014679E-02   0.26044821972401589E-01
   8   0.57959218876565362E-01  -0.10329077181354064E-01   0.24206348915099610E-02
   9   0.70947061868334247E-02   0.49936338499158078E-02  -0.10235172380879310E-01
  10  -0.32288349977255736E-01  -0.58516777913115957E-02  -0.24841624607686873E-01
  11  -0.40965881543132174E-01  -0.18633038219324432E-03   0.23401905766281345E-01
  12  -0.48778943006185356E-01   0.14020097789581151E-01  -0.49888550407134594E-01
  13  -0.45062639417156637E-01   0.11362109757824637E-01   0.59533975015041193E-01
  14   0.73630612506608234E-02  -0.43117587539151431E-01   0.11271159547535721E-01
  15  -0.26959389782724316E-01   0.22808868092551109E-01   0.19031066844977147E-01
    2218.887679508642     
   1  -0.50509869576785209E-01  -0.82356022992345710E-02   0.21718570279669364E-01
   2   0.26226429136162788E+00   0.14715994072622776E+00  -0.94610464476251543E-01
   3   0.26955211782017865E+01   0.25697496627540106E+01  -0.10487274016298407E+01
   4  -0.23260130792267350E+00  -0.99826510678225699E+00   0.22130698866811024E+00
   5  -0.13393580306799105E+00  -0.46289172421316088E+00   0.19434985002250785E+00
   6   0.10740644861822579E+01  -0.29811682444277809E+00  -0.14087526013573271E+01
   7   0.22657752821917555E-01   0.54102521596730707E-01   0.51826407901069918E-01
   8   0.30794415130247169E-01  -0.77264998741369284E-03  -0.15963317919187054E-01
   9   0.15878476983558439E-01   0.38844805685045239E-01  -0.49316672054897176E-01
  10  -0.37003258040526420E-01  -0.22009235804247920E-01  -0.60083706727994429E-01
  11  -0.62908697254837609E-01  -0.22522437870648251E-01   0.50953608738444983E-01
  12  -0.10763405382318178E+00   0.14480891503848548E+00  -0.21579000345871627E+00
  13  -0.17875814548260996E+00   0.57912207650264447E+00   0.10928450826828297E+00
  14   0.41085385784538735E-01   0.10079127574426711E+00  -0.14135790645963164E-01
  15  -0.29916863362216968E+01  -0.16615405845521434E+01   0.18163493868432481E+01
    2219.390390440738     
   1  -0.57494471167910946E-02   0.22528784788042450E-01  -0.14055913268067786E-01
   2   0.86762867151041929E-02  -0.58167737289886202E-01   0.21575141418815658E-01
   3  -0.86441617775112653E-01   0.29837272677720860E-01   0.42063834319968400E-01
   4   0.98875778151677363E-01   0.29976902668992802E-01  -0.94205418130666897E-02
   5   0.80171602977147580E-01  -0.47563435013072912E-01   0.74875870834605646E-01
   6  -0.58865949447001097E-01  -0.41804476660559847E+00  -0.13671457642649912E+00
   7   0.11937920298199864E-01   0.16909187820213337E-01   0.37846043611057312E-01
   8   0.57281511929067372E-01  -0.73698943921028780E-02  -0.19261127660612273E-02
   9   0.12341501430838134E-01   0.81419757116716843E-02  -0.13236631850320344E-01
  10  -0.31251985835709130E-01   0.97051236284766470E-02  -0.15810655978071866E-01
  11  -0.38967051067759238E-01  -0.72099431505205495E-03   0.18464581500623790E-01
  12  -0.54660380867923686E-01   0.20726525827157657E-01  -0.44476915927323689E-01
  13  -0.49026825274167130E-01   0.15123091634533953E-01   0.61973073421533027E-01
  14   0.75857386219650913E-02  -0.39899693616153815E-01   0.14190202231111051E-01
  15  -0.31606495498030587E-01   0.26374846101562453E-01   0.18812874174036359E-01
    2219.516513150335     
   1   0.69514454582283267E-01   0.66594112535914851E-01   0.54058485713805006E-02
   2  -0.93164939742918090E-02  -0.83316882837791817E-01  -0.13620170811797047E-01
   3   0.15582118278849926E-01  -0.90575872404566410E-01  -0.14117453387256462E-01
   4  -0.13851771099362090E-01   0.10046946405092104E+00   0.16845338356365550E-01
   5   0.56918490799094383E-01   0.29213084901251745E-02   0.11292176652182696E+00
   6  -0.17035403129011345E+00  -0.28364251249592276E+00  -0.60022533270607546E-01
   7  -0.10759166500763676E-01   0.12660372662880143E-01   0.22875910283936610E-01
   8   0.36387203869871917E-01  -0.27672834905395245E-01  -0.11537106037237980E-01
   9  -0.13475593253833833E-01   0.11310678510461299E-01  -0.15701308070542153E-01
  10  -0.31708441411894106E-01  -0.97462655422957852E-02  -0.34400808500044643E-01
  11  -0.39723436356116984E-01  -0.11365625886215952E-01   0.28442134789086637E-01
  12  -0.24021204077312352E-01  -0.10154768930656829E-01  -0.32004429356734448E-01
  13  -0.16518384418170572E-01  -0.18126080521377205E-01   0.28899980279881773E-01
  14   0.45153722780043738E-01  -0.44538153835503531E-01   0.81160396357059517E-02
  15   0.16495979881924552E-01   0.30850967192164944E-01   0.56260273146832443E-02
    2219.494605326166     
   1   0.94971987115390732E-01  -0.29024761638135721E-01   0.95139854167848412E-01
   2  -0.29653875466916137E-01  -0.39999959958210159E-01  -0.88816374655977831E-01
   3   0.80306438495769711E-01   0.12252514622702283E+00  -0.16404727688096035E+00
   4  -0.90689797799875890E-01  -0.99747966435289256E-01   0.95241050932183005E-01
   5   0.69641248236677833E-01  -0.10528130262992934E+00   0.17412910440001331E+00
   6  -0.24279237066572965E+00  -0.32056923400887460E+00   0.11719189196983312E+00
   7  -0.18112009621294479E-01   0.50560784422347869E-01   0.24752369939170661E-01
   8   0.97435380201540325E-02   0.27445577553476340E-01  -0.68482006081110297E-01
   9  -0.66804812253254990E-02   0.32392934236069822E-01  -0.43666567482075778E-01
  10  -0.23327005024262333E-01  -0.11542367285361115E-01  -0.33053397631935919E-01
  11  -0.44880826896977054E-01  -0.76955419573800999E-02   0.29136861637004227E-01
  12  -0.16990373077439818E-01   0.39013009946151318E-01  -0.88800713602356959E-01
  13   0.32255264141161040E-01   0.81463811429926078E-01  -0.87612257544220449E-02
  14   0.40602145419523325E-01  -0.46300512649674599E-02  -0.15602830737765609E-01
  15   0.19174818222080860E-01  -0.50112712622669267E-01  -0.79832895223345881E-02
    2219.455319289828     
   1   0.18611938041623730E-01   0.16410322159818511E+00  -0.11039319598973252E+00
   2  -0.10179110782001047E+00  -0.17165435501993231E+00   0.13991394659392140E+00
   3  -0.19945033125906478E+00  -0.18548947217484762E+00   0.14462623329174409E+00
   4   0.11668970658856428E+00   0.10595636990191902E+00  -0.54611106732973619E-01
   5   0.16847745928360078E+00   0.13020137224072248E+00  -0.10056833695153698E+00
   6  -0.44739133947835366E-01  -0.26965404217052791E+00  -0.15730901772336409E+00
   7   0.74507788204564119E-02  -0.42837877946808964E-02   0.89406732293129232E-01
   8   0.66704015969532654E-01  -0.55569100250918893E-01   0.26855463356412340E-01
   9   0.98264709313652214E-02  -0.74627425682276469E-01   0.10000128332520893E+00
  10  -0.27941440110323509E-01  -0.76737758886043384E-02  -0.51289655794141485E-01
  11  -0.40301225780220239E-01   0.19367138065426452E-02   0.31161011008877516E-01
  12  -0.45793305248742741E-01  -0.51353904056004830E-02  -0.43748480399039828E-01
  13  -0.37103795947560310E-01   0.44252977411111423E-03   0.81838690659563271E-01
  14  -0.14239457868813428E-01  -0.47145956392597096E-01   0.43395517794632361E-01
  15  -0.33243175128900314E-01   0.14595997410020965E-01   0.33486764676240538E-01
    2219.406731725438     
   1   0.66207495860230198E-01   0.51281279881670576E-01  -0.29577220101108363E-01
   2  -0.68454585444922529E-02  -0.59519129265040341E-01   0.28958302133551911E-01
   3   0.33379428054115999E-01   0.44034890323996018E-01   0.75175417975764366E-01
   4  -0.11860837874998803E-01   0.34636433226836821E-01  -0.41275629426018874E-01
   5   0.72694957340822777E-01  -0.35419978848417501E-01   0.62438423031476051E-01
   6  -0.20790556457169745E+00  -0.42295251616198315E+00  -0.16710296457254400E+00
   7  -0.93048944194441281E-02   0.14483600100063103E-01   0.55769568599625854E-01
   8   0.36879451843362693E-01  -0.25422703599442720E-02   0.99726864453904274E-02
   9  -0.13743418692310777E-01   0.65427954719874323E-02  -0.22237969608142893E-01
  10  -0.32354596703149587E-01  -0.17082287371133595E-02  -0.34119314734562610E-01
  11  -0.43954514341085847E-01  -0.79276977469679225E-02   0.33188536675585092E-01
  12  -0.16977962336728516E-01   0.20209014155426346E-01  -0.40501894764874299E-01
  13  -0.22575449796037081E-01   0.21744846068887342E-01   0.86992168650922116E-01
  14   0.44666385443611067E-01  -0.51101198928675928E-01   0.26757435002421105E-01
  15   0.34279667986979179E-01   0.33549263605726333E-01   0.25965388369305235E-01
    2217.990027766902     
   1  -0.43839416427434191E-01   0.22006436966693992E-02   0.62309188212947572E-02
   2   0.15831031275480489E+00   0.10848653626037834E+00  -0.27867672788735958E-01
   3   0.53152678999816616E+00   0.79894194843788535E+00  -0.79057479308956485E-01
   4   0.12055862379250711E-01  -0.31612836317902249E+00   0.25795747926382357E-01
   5   0.46028141905695125E-01  -0.23829933487615046E+00   0.12615995897774504E+00
   6  -0.86282072212665251E+00  -0.17062006711828681E+01   0.18813797332820009E+00
   7   0.23939885785442906E-01   0.37918289127238082E-01   0.52025634635438522E-01
   8   0.48783849990369013E-01   0.57245303041056819E-02  -0.86400485657237291E-02
   9   0.21455054432300655E-01   0.30683912061062260E-01  -0.45124528798917082E-01
  10  -0.25802277248294692E-01  -0.65535961315096921E-02  -0.55468229359749120E-01
  11  -0.36487188175392982E-01  -0.58751426304405815E-02   0.44752119106826617E-01
  12  -0.68140207284613702E-01   0.92588476441403431E-01  -0.94205777091550341E-01
  13  -0.65060680954108746E-01   0.94882104534518286E-01   0.86965860501489689E-01
  14   0.21247191132789753E-01  -0.56544651806415026E-02   0.33607132007900894E-02
  15   0.38699505155692104E+00   0.71966067920802401E+00  -0.14443806407357718E+00
    2219.438796334363     
   1   0.10272804113535262E+00   0.13025575266322684E+00  -0.52274014406485667E-02
   2  -0.49675183434306755E-01  -0.87828610676124574E-01  -0.22245416046204016E-03
   3  -0.75712864527759369E-01  -0.18425729581180390E-01   0.99858210573305958E-02
   4   0.18306242725890924E-01   0.63686164036010101E-01  -0.56590691705694614E-03
   5   0.10679173192800977E+00  -0.12832372428948942E-01   0.94532567470221707E-01
   6  -0.10257093054659477E+00  -0.39454111617809012E+00  -0.75077110968979968E-01
   7  -0.18758730201216697E-01  -0.15758105545631319E-01   0.59186800438759617E-01
   8   0.46425115800450986E-01  -0.11827638985718024E-01  -0.30909180728810972E-02
   9  -0.27827081663362199E-01  -0.31690653909588667E-01  -0.44442726531364433E-01
  10  -0.42118210579732245E-01   0.84015208121708020E-02  -0.42092569579084034E-01
  11  -0.49671467027980684E-01   0.70682870892096860E-02   0.37828338992720839E-01
  12  -0.21930106142103396E-01   0.31315951958899527E-02  -0.65426973592141932E-01
  13  -0.20088371971606876E-01   0.27076486531725599E-02   0.77924101242633742E-01
  14   0.33170703465725884E-01  -0.53219279831180515E-01   0.99920466975251636E-02
  15   0.27676800238026763E-03   0.23973674931559549E-01   0.14793700963528569E-02
    2219.448115995507     
   1   0.53248458168125630E-01   0.23259608434657134E-01   0.29372897391208661E-01
   2  -0.14742242028761472E-01  -0.55277588940787326E-01  -0.44546785483485868E-01
   3  -0.15408606771437579E-01   0.41660551583798222E-01  -0.57374434789328230E-01
   4   0.13928939792871724E-01   0.10394578091765926E-01   0.33524335371958723E-01
   5   0.76541933675928847E-01  -0.54771936730678671E-01   0.13799703976748914E+00
   6  -0.15363494590577376E+00  -0.37680359242036704E+00   0.98915702036624781E-02
   7  -0.10014783788149044E-01   0.16024510215379918E-01   0.25982250794845018E-01
   8   0.42101420319128363E-01   0.27416779025952686E-02  -0.22583299657640388E-01
   9  -0.69264718946602981E-02   0.16226046645461879E-01  -0.34239779944085051E-01
  10  -0.33154317995763773E-01  -0.76760384780144800E-02  -0.28568761471372141E-01
  11  -0.41222622845325262E-01  -0.26409816685607399E-02   0.24567609997335621E-01
  12  -0.29918419390398059E-01   0.23965512436397388E-01  -0.61655239310493243E-01
  13  -0.20212344227409841E-01   0.28064411452894122E-01   0.40326769539694982E-01
  14   0.30974720352309016E-01  -0.37830258995982059E-01  -0.33076581247948452E-02
  15   0.85629104393460422E-02   0.12488755838419699E-01  -0.14062606351810248E-01
    2219.333378831980     
   1   0.73835951873062716E-01  -0.17169553800249284E-01   0.38111959190672583E-01
   2   0.19541570679055828E-02  -0.21929094596483172E-01  -0.46077232172437338E-01
   3   0.18599901420115278E+00   0.25427654647500259E+00  -0.94496855664697413E-01
   4  -0.11512347419349406E+00  -0.17552193660577969E+00   0.57057469456267676E-01
   5   0.62221607921958424E-01  -0.13452944651871845E+00   0.14391237664869019E+00
   6  -0.40805886373376948E+00  -0.46333293928693153E+00   0.79934541759220809E-01
   7  -0.14348879215212825E-01   0.40458111479006242E-01   0.44219738531203451E-01
   8   0.40629580195908881E-02   0.52391590470944986E-01  -0.32650778456593602E-01
   9  -0.52270097031583071E-02   0.26799964613615626E-01  -0.47072167831641518E-01
  10  -0.33976573264097296E-01  -0.88923075132273603E-02  -0.42939058322408567E-01
  11  -0.45740669473817927E-01  -0.17951464271061934E-02   0.33383465986898460E-01
  12  -0.19985001791156579E-02   0.85607909472269553E-01  -0.10811692208274590E+00
  13   0.20497058905574114E-01   0.10667637038219213E+00   0.56793774650376945E-01
  14   0.44674887633184855E-01  -0.12904859907523788E-01  -0.24037456649951281E-02
  15   0.14826356941229343E+00  -0.29565176151433000E-01  -0.20317243858361093E-01
    2219.496145869131     
   1   0.85904047650820520E-01   0.10594505218354104E+00   0.43566373715322751E-01
   2   0.30935049004472283E-01  -0.10028892338444891E+00  -0.57593838615426524E-01
   3   0.11561684355092484E+00  -0.21498999267315597E+00  -0.15920493545278694E+00
   4  -0.12550801722960575E+00   0.31010813659649855E+00   0.19754479843192155E+00
   5   0.11540147703536672E-03   0.56947677972094227E-01   0.19991259350969315E+00
   6  -0.21892306013148080E+00  -0.26572760634663750E+00   0.43236771297664449E-01
   7  -0.25732321816590950E-01   0.27944014588834431E-02   0.20977274936674464E-01
   8   0.23118146282953785E-01  -0.40232444087915334E-01  -0.29181373986058419E-01
   9  -0.34820754261840185E-02   0.10949985870412000E-01  -0.46326795348560178E-01
  10  -0.31353842888678443E-01  -0.94813447996442961E-02  -0.42128048197313070E-01
  11  -0.40960760039991703E-01  -0.45103956651638202E-02   0.35673216339980322E-01
  12  -0.21558852182499859E-01  -0.30184160595218560E-01  -0.10803238187597469E+00
  13   0.79902921137387697E-02  -0.11058729835034038E+00   0.71890030587506201E-02
  14   0.10937488885429407E+00  -0.95650351258474112E-01  -0.86566935563158184E-01
  15   0.33600660170694491E-01   0.33598602284124715E-01  -0.11333887151795596E-01
    2219.444789416240     
   1  -0.38239960509930122E-01   0.71318545910540473E-01   0.40334721660914653E-01
   2   0.11985015809150170E-01  -0.11283164066430039E+00  -0.89817442610900938E-01
   3  -0.10622811322490942E+00  -0.19743119946373780E+00  -0.15199525967744748E+00
   4   0.14132079616665164E+00   0.12873065585026272E+00   0.83935626027222890E-01
   5   0.69024995278903309E-01   0.10867730115208560E+00   0.27491635121525565E+00
   6  -0.94328100348390134E-01  -0.26823477671272583E+00   0.15621121204032470E-01
   7   0.42595870460183448E-01  -0.10834715581652939E-01  -0.20099719247857854E-01
   8   0.59367344865201697E-01  -0.25305177275637209E-01  -0.14915901396984125E-01
   9   0.17534554512414865E-01   0.93824518701544710E-02  -0.23948784381782332E-01
  10  -0.33855194838549853E-01  -0.14599406028931866E-02  -0.35265007667371985E-01
  11  -0.36849232236829454E-01  -0.13220133609786557E-01   0.27421974256876258E-01
  12  -0.57674879784291914E-01  -0.18912671377281699E-02  -0.64402309874992569E-01
  13  -0.73591968809945979E-01  -0.21320934684266001E-01   0.29873395382060821E-01
  14  -0.75582172610368465E-02  -0.52129110532551350E-01  -0.32410051646275036E-01
  15  -0.12876324183655611E-01   0.26630369621087859E-01  -0.16450743318112984E-01
    2219.516918306450     
   1   0.72124795828377192E-01  -0.92186176495497405E-02   0.34833688961913904E-01
   2  -0.22552031092328673E-01  -0.49677045937788315E-01  -0.39738111242156413E-01
   3   0.12514291516629991E-01   0.49802633628074376E-01  -0.58900914151305231E-01
   4  -0.25253623878496136E-01  -0.32461503850093179E-01   0.38047825828509248E-01
   5   0.74315932929489459E-01  -0.83352701384698566E-01   0.13029133696243012E+00
   6  -0.16596504937946938E+00  -0.29968800455131273E+00  -0.55098785575213825E-02
   7  -0.18793863216375641E-01   0.47375625916184806E-01   0.12624122047422567E-01
   8   0.30363183779772509E-01   0.24597133359491987E-02  -0.26607555364139425E-01
   9  -0.10450675934836839E-01   0.36107426849305083E-01  -0.21477972080670409E-01
  10  -0.31369514252680107E-01  -0.98314742005076033E-02  -0.25457990142980762E-01
  11  -0.41246888580308665E-01  -0.10154256214090560E-01   0.21210271815504420E-01
  12  -0.18880154884096136E-01   0.31522166876299822E-01  -0.50630062297432860E-01
  13  -0.30173710648728693E-02   0.39057492644212426E-01   0.21168697782878037E-01
  14   0.38477774685277133E-01  -0.10977088691953473E-01  -0.12950959237842017E-02
  15  -0.13473665366072401E-01  -0.35639097761911098E-01   0.26527794501334493E-02
    2218.751307663285     
   1  -0.87324536654827659E-01  -0.65252321819528045E-01   0.64234840837798249E-01
   2   0.20227403884166537E+00   0.12161250521446013E+00  -0.32964196388673850E+00
   3  -0.15903045232156637E+00   0.53301876589291242E+00  -0.53043212759847536E+00
   4   0.20216016297696437E+00  -0.14069464459051084E+00   0.11343077028185526E+00
   5   0.35265611972019766E-01  -0.36073538870460120E+00   0.40161507624857928E+00
   6   0.32176671932248896E+00  -0.89846841227189600E+00   0.12742262454432736E+01
   7   0.28930150484912948E-01   0.53244811816176983E-01   0.39160862881377101E-01
   8   0.67154724846679531E-01  -0.12926470093693209E-03  -0.18023792331028059E-01
   9   0.14031427084846150E-01   0.38850295868536208E-01  -0.55358714764261470E-01
  10  -0.53461188908789620E-01  -0.47315357125806257E-01  -0.10444140926016001E-01
  11  -0.59673242244682255E-01   0.46687453326735205E-01   0.36262151898928285E-03
  12  -0.71419069529947657E-01   0.39229049019155846E-01  -0.92247519544368356E-01
  13  -0.10094017258704117E+00   0.78676220165123656E-01   0.35288993977958538E-01
  14  -0.49691497467223365E-03   0.20771878756954605E-02  -0.13856462660699231E-01
  15  -0.31404931569452588E+00   0.18107443720713307E+00  -0.70158644945657034E+00
    2219.507943742303     
   1   0.27435256950437231E-01   0.56747167785233088E-01  -0.62958722468121455E-02
   2   0.33515629980791974E-01  -0.79875286827459355E-01  -0.21215914627911140E-02
   3   0.43259437395326027E-01  -0.13174909755639758E+00   0.27131599374977087E-01
   4   0.20554402549560327E-01   0.11868428447655419E+00  -0.21790059046588674E-01
   5   0.21333151212750742E-01   0.24029685373076017E-01   0.92362650870291246E-01
   6  -0.18481256550656239E+00  -0.25350641598303730E+00  -0.86582361757440635E-01
   7   0.56004882230789822E-02   0.19416609757243086E-01   0.26305201561546507E-01
   8   0.40024856540095514E-01  -0.23776785104491764E-01  -0.50883357384050370E-02
   9   0.18951625907658357E-02   0.14598066974474744E-01  -0.20292760355093760E-01
  10  -0.33629850918670878E-01  -0.86736198447843887E-02  -0.37103822961921440E-01
  11  -0.39233586314637026E-01  -0.11333832981690472E-01   0.26617885032715040E-01
  12  -0.40083187128121499E-01  -0.18723581704776202E-01  -0.94767621680225591E-02
  13  -0.38396225743870478E-01  -0.20841569399517791E-01   0.32136395519619054E-01
  14   0.39453776597319377E-01  -0.44030781772830666E-01   0.31670324004412262E-01
  15   0.25455812685050601E-01   0.26151731079077912E-01   0.99454315878788700E-02
    2219.372461329172     
   1   0.70512526320088045E-01   0.52594419620150795E-01   0.15763519791088906E-01
   2   0.33079807690564351E-02  -0.53785216635420824E-01  -0.27095144871817793E-01
   3   0.74777743158461751E-01   0.78176014948143593E-01  -0.39525570993404896E-01
   4  -0.33670018660213581E-01   0.24509059071050214E-01   0.28823387611756006E-01
   5   0.66235276617526553E-01  -0.47287293987439805E-01   0.12425975858609389E+00
   6  -0.26802572962133880E+00  -0.47937027004927935E+00  -0.72759203547208065E-02
   7  -0.88962166669210793E-02   0.10040829919946164E-01   0.43117616927685391E-01
   8   0.28965310182451590E-01   0.61170046977940245E-02  -0.15211212917751953E-01
   9  -0.12102840751551077E-01   0.70255756525732056E-02  -0.43378133444111462E-01
  10  -0.36624253089104636E-01  -0.29862987480728867E-02  -0.41522263618726615E-01
  11  -0.43582787284691352E-01  -0.44145384747493891E-02   0.33613052801540665E-01
  12  -0.21236994008127362E-01   0.20698017935931713E-01  -0.78380442551613222E-01
  13  -0.13121374468496896E-01   0.34694547435400694E-01   0.69333310994204339E-01
  14   0.56975572840650808E-01  -0.68730540374611834E-01  -0.32289861610912810E-02
  15   0.56206333929390000E-01   0.74619812609100278E-01  -0.11958012763355659E-01
    2219.375407042207     
   1  -0.60883633196201228E-01   0.27650697884353348E+00  -0.15196229351565288E+00
   2  -0.11082617352307088E+00  -0.24373880392823660E+00   0.16895464934975712E+00
   3  -0.24665310803294976E+00  -0.27957700626936471E+00   0.18110054359767006E+00
   4   0.17202405896569653E+00   0.14318850284425158E+00  -0.73361842420831352E-01
   5   0.23060004352521518E+00   0.30865772885714349E+00  -0.21462287934776927E+00
   6  -0.15876342641593572E-01  -0.24359413073423195E+00  -0.17765929078561365E+00
   7   0.15583939226925461E-01   0.12928598479247531E-02   0.90048652182911387E-01
   8   0.73115196735040605E-01  -0.57055091878286515E-01   0.20970854974450750E-01
   9   0.64445131870046857E-01  -0.16625609299476016E+00   0.14503311963802565E+00
  10  -0.30883279506846221E-01  -0.18952431106616187E-01  -0.53669381722601946E-01
  11  -0.42281676691654717E-01   0.82432230585561639E-03   0.38174704846803166E-01
  12  -0.68631440221216977E-01  -0.14261901850234392E-01  -0.46648717214736714E-01
  13  -0.46330313128428273E-01  -0.25103677671411673E-02   0.89931363417045024E-01
  14  -0.31739508467765291E-01  -0.56194054133334115E-01   0.50010234947022648E-01
  15  -0.95600305247035847E-01  -0.41687130240414205E-01   0.11460402517572486E+00
    2219.383833800216     
   1  -0.11041849399409737E-01   0.43039945652919034E-01   0.13552346307851411E-01
   2   0.25184131906190375E-01  -0.64385497835187058E-01  -0.39343867332942956E-01
   3  -0.46541134399717812E-01  -0.15600672694135297E-01  -0.58330580041872984E-01
   4   0.98189269272055416E-01   0.64836203846223808E-01   0.32740282548942415E-01
   5   0.62195194182370114E-01   0.10624807914255293E-01   0.14839743077521766E+00
   6  -0.10851329103179394E+00  -0.40515986058487707E+00   0.11984262256205167E-01
   7   0.18179985818337508E-01   0.73789488076600723E-02   0.23124933057431220E-01
   8   0.52569726338253631E-01  -0.14143016531207926E-01  -0.88528575739303360E-02
   9   0.12361859455450524E-01   0.90733833383657859E-02  -0.28902166911196597E-01
  10  -0.30768738129868935E-01  -0.61785450948004406E-02  -0.33119174887021298E-01
  11  -0.37551578410923957E-01  -0.33472269303495995E-02   0.24968725427949354E-01
  12  -0.54718019176462858E-01   0.10190158960786158E-01  -0.53758006964665629E-01
  13  -0.54930768625554849E-01   0.10783183432569851E-01   0.47108188560634021E-01
  14   0.69150314786199148E-02  -0.53151520162739947E-01  -0.61727511041911520E-02
  15  -0.62698846676065888E-02   0.24738384022991743E-01  -0.26596354227115971E-01
    2219.475675128085     
   1   0.29656769760745542E-01   0.71309371142916494E-01   0.56909628164005374E-02
   2  -0.38961639559840694E-01  -0.96988365761194517E-01  -0.24438792843900169E-01
   3  -0.10971829271510469E+00  -0.82228528885805716E-01  -0.17748492419664617E-01
   4   0.77834210593716910E-01   0.73615822812151885E-01   0.12454867397210620E-01
   5   0.10430024619632942E+00   0.24770027035860651E-01   0.11863117981420829E+00
   6  -0.78101642412666830E-01  -0.32070230320055615E+00  -0.44584676459812997E-01
   7   0.28311654907334691E-02  -0.63978858652474118E-02   0.11973769948171917E-02
   8   0.55160426423809153E-01  -0.24771719823916225E-01  -0.14586353980126879E-01
   9  -0.17041310105598008E-03  -0.67484837547433394E-02  -0.42629173770768877E-02
  10  -0.32674178686151419E-01   0.63087489304303017E-03  -0.32923356113946638E-01
  11  -0.40924719569148338E-01  -0.57171974012775037E-02   0.27608843610977495E-01
  12  -0.41072219906159946E-01   0.66169255276936293E-02  -0.54594685259684889E-01
  13  -0.40103342730198763E-01   0.30728904253480875E-02   0.53286714973383782E-01
  14   0.96923607807099712E-02  -0.42999322017887705E-01   0.53742291329915070E-02
  15  -0.11484396512875578E-01   0.28460476750996774E-01   0.17783938674684259E-01
    2219.458063325694     
   1   0.58741938970583163E-01   0.50989054377972909E-01  -0.21323327997892754E-01
   2  -0.18422383890617997E-01  -0.70170188705828779E-01   0.20420845147127682E-01
   3  -0.24333790881647329E-01  -0.53915249678705137E-02   0.41750877698464056E-01
   4   0.16633791607750810E-01   0.49753980847628727E-01  -0.21923086217661369E-01
   5   0.76970126792836560E-01  -0.24658643113251777E-01   0.74128904801175843E-01
   6  -0.14081492726850484E+00  -0.36076331695136477E+00  -0.11638331708363853E+00
   7  -0.47631829099421732E-02   0.15858889833714144E-01   0.37492932129993245E-01
   8   0.43444786143876299E-01  -0.94080325897839701E-02   0.11615107034577620E-02
   9  -0.12153977462322730E-01   0.61127926399693602E-02  -0.11282707969574056E-01
  10  -0.36845108879546860E-01   0.39551850160224089E-03  -0.30745129417612260E-01
  11  -0.40756094583049886E-01  -0.50343278311117731E-02   0.31822965173116474E-01
  12  -0.25632407532370827E-01   0.10182033073860019E-01  -0.39488556447372293E-01
  13  -0.28144952060304561E-01   0.99361122703394804E-02   0.67164431414226081E-01
  14   0.33060216547711026E-01  -0.44432420539884318E-01   0.17981273509067312E-01
  15   0.21325576530608917E-01   0.19472044151092705E-01   0.10761023249442957E-01
    2219.461347635593     
   1   0.17086447138408892E+00   0.18844592364732435E+00  -0.18611391044493421E-01
   2  -0.40076554178567161E-01  -0.10661376514888081E+00   0.74418564983210755E-02
   3   0.27490875549259816E-01  -0.10799625265881285E+00   0.31089564465539100E-01
   4  -0.86077966309535736E-01   0.19182659295820911E+00  -0.23889332326547670E-01
   5   0.65705475491603507E-01   0.32410555916058875E-01   0.81048723561746291E-01
   6  -0.17488029938497460E+00  -0.34070680856822000E+00  -0.92330682339955727E-01
   7  -0.30386068967538177E-01  -0.10515314709129437E-01   0.64535828869555931E-01
   8   0.33568939816308395E-01  -0.39680235326350656E-01   0.99338593943138322E-03
   9  -0.57696503340146678E-01  -0.32956084982203135E-01  -0.37496754423718887E-01
  10  -0.29870093623424965E-01  -0.64360710228513196E-02  -0.42466485092268323E-01
  11  -0.35983573661663659E-01  -0.57341262960331147E-02   0.36980040123655376E-01
  12  -0.32027125125431242E-02  -0.27073817380512046E-01  -0.64777353411696048E-01
  13  -0.70480300504204381E-02  -0.18154235078172758E-01   0.90882041639815211E-01
  14   0.93842481996999585E-01  -0.91187375549880684E-01   0.24574701798805398E-01
  15   0.94115386781357991E-03   0.22977580208277663E-01   0.63549064388460433E-02
    2219.527365148038     
   1   0.73782424768640442E-01   0.64775116733005234E-01   0.14092454397852786E-01
   2  -0.48626951302714692E-02  -0.82197284643128740E-01  -0.19907282483299663E-01
   3   0.25166138196307669E-01  -0.96451690753824634E-01  -0.35576010108019439E-01
   4  -0.20037845260778040E-01   0.95323639890792372E-01   0.30592354221902585E-01
   5   0.47122492688588091E-01   0.47059889049683792E-02   0.13160874803460768E+00
   6  -0.17263222057256461E+00  -0.27340960974661144E+00  -0.46259477025261335E-01
   7  -0.14325374566468515E-01   0.14598249328824626E-01   0.18495811255350911E-01
   8   0.34908919982034971E-01  -0.28655377540436740E-01  -0.17422990065478192E-01
   9  -0.13266593924766113E-01   0.14250182615148708E-01  -0.15071618497494397E-01
  10  -0.32618341637983696E-01  -0.87650196825091887E-02  -0.34876468730571132E-01
  11  -0.42341897194256149E-01  -0.98452139162797190E-02   0.29429783238802399E-01
  12  -0.22940439531142942E-01  -0.11162764347738106E-01  -0.39008460435663660E-01
  13  -0.14269436857023150E-01  -0.16867284106500374E-01   0.22022889041814792E-01
  14   0.47338532436907096E-01  -0.39875803370793293E-01   0.26752309882588010E-02
  15   0.10762535178318685E-01   0.23381954405909067E-01  -0.64783007573661188E-02
    2219.546887914480     
   1   0.67029933215932841E-01   0.45647246517621060E-01  -0.17279482221773224E-01
   2   0.97359860633104960E-02  -0.70988414123036914E-01   0.53589491118080966E-02
   3   0.64850687970757936E-01  -0.75910663558204736E-01   0.57185638123435120E-01
   4  -0.37987639064697591E-01   0.60511847154127926E-01  -0.45011377938183425E-01
   5   0.37931087064754884E-01  -0.19965866946111788E-01   0.75847968055471129E-01
   6  -0.19619069010079807E+00  -0.24079705193297091E+00  -0.10025204032564157E+00
   7  -0.75641832777663155E-02   0.26539788828268213E-01   0.28627698009362053E-01
   8   0.34502219382861965E-01  -0.22068919703861611E-01   0.23983501110472426E-02
   9  -0.96529720034583405E-02   0.23406118786117220E-01  -0.11045350682851597E-01
  10  -0.31166878416651181E-01  -0.86391721344208586E-02  -0.34868298540299277E-01
  11  -0.39551381087555348E-01  -0.12398971469783301E-01   0.26400076686678979E-01
  12  -0.10973151457198975E-01  -0.96935678306371408E-02   0.28955281172554664E-01
  13  -0.21292023864514502E-01  -0.41107844404468397E-02   0.30659612243981782E-01
  14   0.52286195233109296E-01  -0.22117686769857925E-01   0.27716642991426794E-01
  15  -0.84283311526277271E-02   0.92351810088801330E-02  -0.87771127591764787E-03
    2219.439099011541     
   1   0.63083580690149368E-01   0.37186308825769801E-01   0.42406283358289769E-01
   2  -0.33029515126571755E-01  -0.65149621112842490E-01  -0.69931253275242813E-01
   3  -0.91515796982644282E-01   0.33228533516949654E-01  -0.60305059001046081E-01
   4   0.34990594616301524E-01   0.23994861087955760E-01   0.32663227354394607E-01
   5   0.98478296574126059E-01  -0.33769534920869405E-01   0.14501567726261216E+00
   6  -0.63218750172318178E-01  -0.41352544408091602E+00   0.17330649081189912E-01
   7  -0.12943518037249604E-01  -0.54440682343518563E-02   0.31858551785093440E-01
   8   0.48296051627443472E-01   0.14265385592343667E-01  -0.28674510682706867E-01
   9  -0.96382397439322195E-02   0.53288741491916442E-02  -0.52779496164188394E-01
  10  -0.37967017859201445E-01  -0.48151459837647364E-03  -0.41655712884151208E-01
  11  -0.56297970215159136E-01   0.96652097116925184E-02   0.29348899837467617E-01
  12  -0.31336907658629613E-01   0.17587162027559878E-01  -0.73344517326613748E-01
  13  -0.21565851840826690E-01   0.24983907004444420E-01   0.60535417811207720E-01
  14   0.19212618094259410E-01  -0.41429351522036202E-01  -0.40287825196234934E-02
  15  -0.40496846619697069E-02  -0.49166555323692856E-02  -0.13109723324038336E-01
    2219.481499519278     
   1  -0.38115604106662863E-01   0.22322422027578261E-01  -0.11046384151107049E-02
   2   0.20858368916251355E-01  -0.73066344759131138E-01  -0.68481740809539435E-02
   3  -0.10738504408319577E+00  -0.13360713698944873E+00   0.32421119328734016E-02
   4   0.14173909927554140E+00   0.64240521385574179E-01   0.50230237347913308E-02
   5   0.60560212909015476E-01   0.55497438340021401E-02   0.10589968426977589E+00
   6  -0.90213657510523237E-01  -0.20762039806434260E+00  -0.70795969778938830E-01
   7   0.29579754125456211E-01   0.26018452192305069E-01   0.48646028666256480E-02
   8   0.63939570206846708E-01  -0.23699086673426933E-01  -0.45814127722233868E-02
   9   0.25969531335377802E-01   0.22667553956139369E-01   0.33844831198456349E-02
  10  -0.29661887714053942E-01  -0.13387262814982651E-01  -0.19556264046413401E-01
  11  -0.36867736528546309E-01  -0.15561696299697876E-01   0.14046826067609507E-01
  12  -0.76800976757373643E-01   0.22715168722188062E-02  -0.22677014637458588E-01
  13  -0.72861100339437740E-01   0.98889444117881411E-03   0.32107362412742056E-01
  14  -0.15470192950349511E-02  -0.19908379904688054E-01   0.83760720131955627E-02
  15  -0.75320226341711802E-02   0.70461669306983079E-02   0.27078363714792488E-02
    2219.512119206542     
   1   0.87134363062595199E-01   0.97642902805677861E-01  -0.41334645447478960E-01
   2   0.11609330554396223E-01  -0.94661286828653310E-01   0.32711532761077598E-01
   3   0.71832090784804570E-01  -0.15732775146328468E+00   0.13057650077647040E+00
   4  -0.72080033846561961E-01   0.20975369293654750E+00  -0.13302499185692218E+00
   5   0.14790431960767327E-01   0.41235636066254404E-01   0.20784525228340830E-01
   6  -0.19182021085460285E+00  -0.28919974981567603E+00  -0.15268784657822865E+00
   7  -0.49688857998257995E-02   0.16406886261789887E-01   0.49170323426782757E-01
   8   0.27616585434013668E-01  -0.37398009639338509E-01   0.18613905274143333E-01
   9  -0.27517002339820535E-01   0.65221400648757017E-03  -0.68107864755959464E-02
  10  -0.29549473293814247E-01  -0.52224246955701664E-02  -0.38126420408485455E-01
  11  -0.41472535953881187E-01  -0.92596459392878302E-02   0.30692676148016629E-01
  12   0.57803499513686706E-03  -0.73086233203077916E-01   0.44563265726208735E-02
  13  -0.21378992157427872E-01  -0.18932666499107513E-01   0.97247249590730750E-01
  14   0.87941057409527554E-01  -0.81611907444961065E-01   0.83536485878847738E-01
  15   0.97344635609795255E-02   0.60387918012150821E-01  -0.57975176540180908E-02
    2219.535834304909     
   1   0.90882893087503719E-01   0.67478224162979494E-01  -0.15747448221580331E-01
   2  -0.43586332045465616E-01  -0.88445988105399415E-01   0.82928016868231962E-02
   3  -0.35007310703207561E-01  -0.82074377074449062E-01   0.17650121717614157E-01
   4  -0.56040738445152054E-02   0.77224705908212232E-01  -0.11213021575562846E-01
   5   0.81652253513874631E-01  -0.37215599808962255E-02   0.83921226064434945E-01
   6  -0.13385350828234116E+00  -0.27563558620404049E+00  -0.80185255413421488E-01
   7  -0.18957928333232510E-01   0.13010274071440146E-01   0.17790437150148858E-01
   8   0.39233625277029727E-01  -0.32754394412373267E-01  -0.44612117028697499E-02
   9  -0.24940790668233234E-01   0.95669780343027849E-02   0.50970394079632442E-02
  10  -0.34981088659674260E-01  -0.12222940035069943E-01  -0.32223272386613384E-01
  11  -0.38562445175536253E-01  -0.85172193322412826E-02   0.31051415296176194E-01
  12  -0.12865984327777665E-01  -0.91389816705541964E-02  -0.28637696741514798E-01
  13  -0.19326498406251308E-01  -0.31354623934246235E-02   0.49367580255356501E-01
  14   0.38372923731760968E-01  -0.35574132927040626E-01   0.21677454091165050E-01
  15   0.48008924301392239E-02   0.24882657013760700E-01   0.38583581506679084E-02
    2219.476453783181     
   1   0.17495080433419816E+00   0.18408101800859858E+00  -0.30785474093496450E-01
   2  -0.29362436963686636E-01  -0.11046728138286592E+00   0.16174458983703000E-01
   3   0.51850799542914494E-01  -0.14389918904849905E+00   0.54059747749673467E-01
   4  -0.11921442679038316E+00   0.23848062570028883E+00  -0.53595136820506456E-01
   5   0.57964044410912366E-01   0.34888268940137718E-01   0.67032287993261566E-01
   6  -0.19249376222340533E+00  -0.31543697222696754E+00  -0.11019010014241983E+00
   7  -0.25658649470740744E-01  -0.85336928182760030E-03   0.62798456177974665E-01
   8   0.26847703543713606E-01  -0.46129583178986737E-01   0.68240687806899545E-02
   9  -0.63520883767846273E-01  -0.27262136826968278E-01  -0.28488868454924293E-01
  10  -0.35354570563976187E-01  -0.41174962756628346E-02  -0.42219958564364939E-01
  11  -0.39342433527178408E-01  -0.42278026752591976E-02   0.36392711106205095E-01
  12   0.20178901257344811E-01  -0.67536645445307089E-01  -0.55005134291021211E-01
  13  -0.61878861793651773E-02  -0.31411003078188171E-01   0.98709579502271411E-01
  14   0.10840365782332155E+00  -0.99853294133009252E-01   0.40715367117946773E-01
  15   0.13409737572379974E-02   0.39095842755444546E-01   0.89104593556789975E-02
    2219.420631980588     
   1   0.15767046783776821E-02   0.44707211467272398E-01   0.39006516477134308E-02
   2  -0.47050611157507666E-02  -0.76313345827910162E-01  -0.18646383167976132E-01
   3  -0.93573163865237022E-01  -0.31345367288895129E-01  -0.18376493128293706E-01
   4   0.96587722240947291E-01   0.57714343122918475E-01   0.13574563295852837E-01
   5   0.86761297743601085E-01  -0.16816325950762042E-02   0.12605274111553644E+00
   6  -0.68795785312181279E-01  -0.37837132725980477E+00  -0.43883203984824148E-01
   7   0.12245458383461938E-01   0.61641034635589132E-02   0.23753472584750423E-01
   8   0.57958666964590108E-01  -0.15737858882251578E-01  -0.89875151958093546E-02
   9   0.94205773361241505E-02   0.36488988641539839E-02  -0.15833517584657810E-01
  10  -0.32435347859399895E-01   0.62071656906120451E-03  -0.29003286705147412E-01
  11  -0.39973731762580664E-01  -0.21787924527426352E-02   0.18577356258461273E-01
  12  -0.50566171187837981E-01   0.13658741160543539E-01  -0.51855431624828793E-01
  13  -0.49196575121761926E-01   0.10700807334372399E-01   0.54890376461228400E-01
  14   0.54649389911804909E-02  -0.45171869235666719E-01   0.66336128656341005E-02
  15  -0.38710096229342683E-01   0.41533161726105702E-01  -0.77662273145095899E-02
    2219.523526448176     
   1   0.94111093775197802E-01  -0.11779801287429123E-01   0.80938479350191689E-01
   2  -0.33284500794670581E-01  -0.48837554075578563E-01  -0.75416655151686246E-01
   3   0.40704130021526626E-01   0.56210032262589908E-01  -0.12866814862210102E+00
   4  -0.63886944855244307E-01  -0.51669382593493920E-01   0.82912415816067578E-01
   5   0.68561545723971329E-01  -0.89707367871824442E-01   0.17231332093080770E+00
   6  -0.21064561158745901E+00  -0.28619879612101351E+00   0.62684188628334248E-01
   7  -0.20538817168016168E-01   0.48191086158391072E-01   0.13034959796293363E-01
   8   0.27059848920704680E-01   0.17366922527191639E-02  -0.44716642877105764E-01
   9  -0.10760418276903237E-01   0.32917953488885189E-01  -0.36387458580363650E-01
  10  -0.35165509644902969E-01  -0.10577500577258279E-01  -0.31261218325866050E-01
  11  -0.50897597921438748E-01  -0.10389851953550043E-01   0.19693384319092181E-01
  12  -0.16552398610506995E-01   0.30750334104975532E-01  -0.70843874230343884E-01
  13   0.25130415476852953E-01   0.54655678080390818E-01  -0.21159033078158536E-01
  14   0.36741222905147600E-01  -0.93702560112122902E-02  -0.11048498955596462E-01
  15   0.25034867324961855E-01  -0.34135217788123173E-01   0.51892062046741735E-02
    2219.431357595648     
   1   0.24143967034962282E-01   0.10852896849568894E+00  -0.47853125332134802E-01
   2  -0.42099229418741314E-01  -0.11096263086256894E+00   0.67691403069355088E-01
   3  -0.12702983582257105E+00  -0.78735814439028662E-01   0.86371920077403991E-01
   4   0.90953550722736878E-01   0.78427790308168210E-01  -0.33765735563509175E-01
   5   0.11678001271267384E+00   0.56855634468613643E-01   0.11637374479909500E-01
   6  -0.59023137126730692E-01  -0.36163484316380395E+00  -0.14831515590362601E+00
   7   0.53637757338647288E-02  -0.44720939981700951E-02   0.63118262684257409E-01
   8   0.59316895057771733E-01  -0.25844029000778434E-01   0.12007054030962219E-01
   9   0.40226215622188883E-02  -0.43549411947393799E-01   0.23955239354473818E-01
  10  -0.35097828824124586E-01   0.33774967150220631E-02  -0.32802686454331785E-01
  11  -0.41074273019059984E-01   0.22858478475450989E-02   0.32950118974882099E-01
  12  -0.41492663674213469E-01   0.73428110962321805E-02  -0.46365990233689980E-01
  13  -0.41675200920377305E-01   0.67969256617524841E-02   0.73618331864837405E-01
  14   0.42293609954275752E-02  -0.50985883621635239E-01   0.26537932459749818E-01
  15  -0.32951562300668424E-01   0.14238052582299453E-01   0.15701295914766981E-01
    2219.278988202917     
   1  -0.71706038670356173E-01   0.14165393446337848E+00   0.34205221535848526E-01
   2   0.31585226357173042E-01  -0.14711573114932325E+00  -0.74614612223124391E-01
   3  -0.11060859207689791E+00  -0.20493292218928716E+00  -0.11294891606384141E+00
   4   0.17280138667632244E+00   0.19077784652399604E+00   0.65978823208576690E-01
   5   0.79717408604815146E-01   0.23138788596591198E+00   0.22508331505347121E+00
   6  -0.61350921520581289E-01  -0.45974408418129720E+00   0.42766883800686079E-01
   7   0.55415387198282089E-01  -0.45476487702155066E-01   0.28876145300235325E-01
   8   0.62458109387348311E-01  -0.19890792387905708E-01  -0.12753073857277480E-01
   9   0.27541932765441552E-01  -0.13866246381566942E-01  -0.60616952853120125E-01
  10  -0.34374911404329009E-01  -0.24816723700559155E-02  -0.44404821124542561E-01
  11  -0.37899579777182918E-01   0.14371692026426717E-01   0.39686987809467347E-01
  12  -0.63075406201377998E-01   0.27659191640867073E-02  -0.80734705179897601E-01
  13  -0.71535734339140553E-01  -0.17295834788879937E-01   0.63236070164209568E-01
  14  -0.37141480470979392E-01  -0.11565514187608644E+00  -0.32406626960965454E-01
  15  -0.13377917096097060E-01   0.59882168613483576E-01  -0.42883798686734594E-01
    2219.467596974608     
   1  -0.98390570499427340E-02   0.64146235672891891E-01  -0.11541903701910640E-01
   2  -0.20498969103947131E-01  -0.10118678274655502E+00   0.12051701494523365E-01
   3  -0.12459768366888278E+00  -0.13689977921181531E+00   0.37788060004931241E-01
   4   0.11781025733576231E+00   0.94156288622789838E-01  -0.88961696830891796E-02
   5   0.93958182660024731E-01   0.60277735520668417E-01   0.49381532374358342E-01
   6  -0.74205230896560323E-01  -0.28460269417117551E+00  -0.95598876361101245E-01
   7   0.19958752336446891E-01   0.16070769341895174E-02   0.12498624678981392E-01
   8   0.59628813935439562E-01  -0.26656489745708108E-01   0.18541046006031925E-02
   9   0.16323742563632532E-01  -0.32722304796854308E-02   0.13448960966968860E-01
  10  -0.32621346899826764E-01  -0.35748729430387484E-02  -0.34770203930226055E-01
  11  -0.39612757949021117E-01  -0.12112362475995888E-01   0.26203640789076062E-01
  12  -0.60113084239845960E-01  -0.31427582877852516E-02  -0.38930043218199872E-01
  13  -0.49424126968695740E-01   0.10045097799906411E-03   0.60633031825789996E-01
  14  -0.26919329651462023E-02  -0.43158730911466894E-01   0.15139872204361570E-01
  15  -0.16717361482446957E-01   0.21616458545445846E-01   0.14558579755481894E-01
    2219.467675267782     
   1  -0.25553334259194559E-01   0.59483493662687986E-01  -0.29668521924213979E-01
   2   0.68056484111974000E-01  -0.97662690681575209E-01   0.72139775747531776E-01
   3   0.11035641913192203E-01  -0.25669803334746533E+00   0.26304971470232053E+00
   4   0.11183161757945029E+00   0.18725666693496359E+00  -0.19193047524585191E+00
   5  -0.91228570496480928E-02   0.10758565947270388E+00  -0.12029499282459279E+00
   6  -0.16422314756696665E+00  -0.20606173439528927E+00  -0.21038850724149771E+00
   7   0.20559272937013418E-01   0.19578112186194787E-01   0.44838927893749832E-01
   8   0.47559709978382603E-01  -0.24746234872602080E-01   0.27809820403307305E-02
   9   0.28564275088143427E-01   0.82597183912002103E-02   0.18915396767951466E-02
  10  -0.26855855924892941E-01  -0.14049146437991496E-01  -0.34299208409162202E-01
  11  -0.41849645289883650E-01  -0.11475689991048423E-01   0.28678245714256687E-01
  12  -0.83652055812486983E-01  -0.51740498674165046E-01   0.27990068872666245E-01
  13  -0.55593768097989119E-01  -0.13144682723410829E-01   0.82291236393732273E-01
  14   0.10605687342205064E-01  -0.53066557940809653E-01   0.10466747374095846E+00
  15   0.30714863631855240E-01   0.22493178030638251E-01   0.11073775699546299E-01
    2219.564116420716     
   1   0.28681612718493188E+00   0.71704587749466239E-01   0.24518142650137112E+00
   2  -0.13545826426320595E+00  -0.97060687652977234E-01  -0.13860923129089228E+00
   3  -0.39002603383224005E-01  -0.69001369500135371E-01  -0.14839308952824465E+00
   4  -0.10883699975052327E+00   0.35730012092440276E-01   0.10947906051622115E+00
   5   0.10376283586855321E+00  -0.45780941843923631E-01   0.20019844603348130E+00
   6  -0.13144868090706921E+00  -0.22670611706161350E+00   0.49444125175330700E-01
   7  -0.13342015766603560E+00   0.49317826781169895E-01  -0.67479044013078068E-01
   8  -0.37955202257738642E-02  -0.63223005059559828E-01  -0.14045864754047951E+00
   9  -0.30045295898882031E-01   0.29908029940161389E-01  -0.71049063386882980E-01
  10  -0.27223526460231958E-01  -0.74476525116591334E-02  -0.38192784904254914E-01
  11  -0.46758429188068953E-01  -0.20805040512831441E-01   0.34746522325110191E-01
  12  -0.12283208486278103E-01   0.43912352103950341E-02  -0.93220310761292655E-01
  13   0.52900049863139030E-01  -0.21512575662240838E-02  -0.95027152753378828E-03
  14   0.44981110661138336E-01  -0.15891562050855155E-01  -0.23476649099119534E-01
  15   0.25329005451417187E-01   0.42579471565188454E-02   0.24968101493616598E-01
    2219.539134722650     
   1   0.12430176080543896E+00   0.97287213003850903E-01   0.10277642937580057E+00
   2  -0.86563490012429634E-01  -0.10671637509469345E+00  -0.87751581173126439E-01
   3  -0.97298600986665582E-01  -0.99952874932154948E-01  -0.84978430554292356E-01
   4   0.11762080755380541E-01   0.80535307609225823E-01   0.54349048264114797E-01
   5   0.12258751700365600E+00   0.14110716113802567E-01   0.19539482798371974E+00
   6  -0.96719351720046490E-01  -0.26932131539596749E+00  -0.33982646991811351E-02
   7  -0.48819914592007359E-01  -0.19643016578796510E-01  -0.66925885405243316E-01
   8   0.42890416682651297E-01  -0.47240935824526382E-01  -0.41082292680017854E-01
   9  -0.17127525383855265E-01   0.11048752279945730E-01  -0.37809916765835380E-01
  10  -0.31722906799321549E-01  -0.87973540654715521E-02  -0.34383952343303791E-01
  11  -0.44820483992520962E-01  -0.17248092890091805E-01   0.28393219733592091E-01
  12  -0.23421712930718177E-01  -0.15590228500140999E-02  -0.69086872734503590E-01
  13  -0.57083022466047741E-02  -0.13745994979860955E-01   0.29644374402224203E-01
  14   0.31427522367443318E-01  -0.34827356379119136E-01  -0.12205651197847838E-01
  15  -0.18151025208534597E-01   0.25242173458419351E-01  -0.19643770188730405E-02
    2219.455360008951     
   1   0.33983594624385827E-01   0.57214077899411665E-01   0.53552698796070289E-02
   2   0.19754221371328158E-01  -0.73907917046223376E-01  -0.16904124355708764E-01
   3   0.25266006614150405E-01  -0.64574105370780344E-01  -0.19157589721693478E-01
   4   0.24532373063506054E-01   0.10033106847023555E+00   0.25242620065023886E-01
   5   0.41271218237283622E-01   0.55870891034770810E-02   0.11925057822455580E+00
   6  -0.17596951148293741E+00  -0.33597920652303759E+00  -0.47900186244274001E-01
   7   0.40650574803819566E-03   0.14140880914984841E-01   0.29038595204174435E-01
   8   0.44205433081339209E-01  -0.17791500906953014E-01  -0.89300519945417715E-02
   9  -0.25714792337894147E-02   0.11254456323915455E-01  -0.23249168789405798E-01
  10  -0.29626937608966869E-01  -0.64669998711982743E-02  -0.32230759671522717E-01
  11  -0.36856383991732460E-01  -0.62434058925920520E-02   0.30809950007407008E-01
  12  -0.38012066794655651E-01  -0.64329018421913145E-02  -0.39435958598494657E-01
  13  -0.35010034818048597E-01  -0.75185059582072462E-02   0.43163068350822877E-01
  14   0.36858857922609629E-01  -0.55958835651867163E-01   0.42937992822052072E-02
  15   0.10159202303082910E-01   0.33256620769391752E-01  -0.19313882213204722E-01
    2219.488189638451     
   1   0.18482457597110310E-01  -0.48708007345813029E-01   0.20631193510450667E-01
   2  -0.39359586696067088E-01  -0.40306397057196512E-01  -0.44715926755750805E-01
   3  -0.14716422627919257E+00   0.56815862945792869E-01  -0.32725182123238550E-01
   4   0.77169971975433030E-01  -0.12951337174843461E-01   0.15771202601511009E-01
   5   0.10340243737980825E+00  -0.11633399269230987E+00   0.13239214387278600E+00
   6  -0.25809067327287983E-01  -0.32542984317840262E+00  -0.37349766676836593E-01
   7   0.20966991074231637E-02   0.55495490961869960E-01   0.93177118779733410E-02
   8   0.60300598029747451E-01   0.61361545254876712E-02  -0.16333457462221763E-01
   9  -0.36216285313673614E-03   0.35954502307160768E-01  -0.20075097467222157E-01
  10  -0.36544650196495679E-01  -0.66075305861983237E-02  -0.12877505428086806E-01
  11  -0.47717695700654407E-01  -0.30111043069652064E-02  -0.82512319898551414E-03
  12  -0.42322730002752044E-01   0.29288980643203927E-01  -0.47565937743883173E-01
  13  -0.38885345324658628E-01   0.26374324134174960E-01   0.52534529480300379E-01
  14   0.12584042919810391E-01  -0.17520106327652395E-01  -0.38835570914610641E-04
  15  -0.23986906812747507E-01  -0.40505189512850030E-01   0.28453287827704541E-01
    2219.412530600211     
   1  -0.34013716963336114E-03   0.50265574001961818E-02   0.76746768257783008E-02
   2   0.54221541550524430E-01  -0.22440379205614105E-01  -0.24867458105640342E-01
   3   0.76622544226367370E-01   0.11749921784364750E+00  -0.73861691606448412E-01
   4   0.37578289504996268E-01  -0.63956030341224560E-01   0.36033080305902174E-01
   5   0.28654107831690850E-01  -0.10704634144400658E+00   0.14892465988609338E+00
   6  -0.21945057063198373E+00  -0.32300091739067344E+00  -0.77318389195282491E-02
   7   0.91423629663526119E-02   0.36511528050516696E-01   0.32999409478259155E-01
   8   0.41543815566007739E-01  -0.70285344587314308E-02  -0.92892801937825686E-02
   9   0.80492757085560938E-02   0.31208205421320360E-01  -0.24207660197849281E-01
  10  -0.32300748315325499E-01  -0.90804492388443583E-02  -0.24811012549852973E-01
  11  -0.34111227041554643E-01  -0.78231059291603722E-02   0.22853101174735182E-01
  12  -0.51602164052137280E-01   0.45175580125637826E-01  -0.24176593656342685E-01
  13  -0.48317825919987303E-01   0.46739580294812434E-01   0.69617009569771264E-02
  14   0.24283582134405669E-01  -0.39161647501160758E-02   0.61304130415454263E-02
  15   0.45209190838247648E-01  -0.36472260470134250E-01  -0.13942787373465248E-01
    2219.360076753371     
   1  -0.66690144585419817E-01   0.22687858616896300E+00   0.69126436044464737E-01
   2  -0.42229155220669209E-01  -0.20065727053175736E+00  -0.11918468635609958E+00
   3  -0.18442427497370831E+00  -0.23464082777772899E+00  -0.13774074065867031E+00
   4   0.16419037470453240E+00   0.15345234474066893E+00   0.70082314901751971E-01
   5   0.14555750655766470E+00   0.24915603806317399E+00   0.28609502037521600E+00
   6  -0.40090715773280022E-01  -0.33407189426538503E+00   0.35737208974406458E-01
   7   0.63706584252517046E-01  -0.12052198185711670E+00  -0.22095339578874214E-01
   8   0.66141666548563835E-01  -0.29604281266246864E-01  -0.18970818724605380E-01
   9   0.23841352542838562E-01  -0.28940650569845697E-01  -0.83747068977748598E-01
  10  -0.33870358941733410E-01   0.95263664884215251E-02  -0.44838159355313628E-01
  11  -0.39426966464337555E-01  -0.35794063967680614E-02   0.40682975529613676E-01
  12  -0.57475973949971462E-01  -0.31476582256996158E-03  -0.77045829754342349E-01
  13  -0.58074269530357499E-01  -0.10661182842198762E-01   0.59103597121560734E-01
  14  -0.37956237363196026E-01  -0.77074599756933995E-01  -0.31167438387221840E-01
  15  -0.47108369170554221E-01   0.14362817443517957E-01  -0.42223615996971574E-01
    2219.529526207351     
   1   0.28898404321234489E-01  -0.42876487639628605E-01   0.53757574972782503E-01
   2  -0.70254850400010338E-01  -0.50924149155100157E-01  -0.70826858241214305E-01
   3  -0.17617216291454635E+00  -0.49251789354609141E-02  -0.57062585267290036E-01
   4   0.80631646270811624E-01   0.63136221483369387E-02   0.22530038530033724E-01
   5   0.11739999461220139E+00  -0.89476277407707874E-01   0.16302126239780579E+00
   6  -0.22359041612820131E-01  -0.26920583755103894E+00  -0.22981250572144337E-01
   7  -0.21860778754649599E-02   0.58226568809369765E-01  -0.26604374565670601E-01
   8   0.60770350759300561E-01  -0.10157253854025765E-01  -0.26359153935633112E-01
   9  -0.18858850427175635E-02   0.42137561868494114E-01  -0.50958586002350587E-02
  10  -0.34639693241690493E-01  -0.13079455165747775E-01  -0.10751106408835927E-01
  11  -0.48926157014764382E-01  -0.16146617766626004E-01  -0.24655013724794480E-02
  12  -0.42790585016486159E-01   0.20260647548803926E-01  -0.47265776726234020E-01
  13  -0.33651532114470285E-01   0.19640005954699686E-01   0.48552943485031509E-01
  14   0.10366013194798771E-01  -0.15426283952293913E-01   0.62433034293708891E-02
  15  -0.14280956365320971E-01  -0.14767958941260342E-01   0.72740986246198815E-02
    2219.548525426124     
   1   0.88551070268859902E-01   0.64422686968070506E-01  -0.38637489865814882E-01
   2  -0.11108639025339076E-01  -0.81722149951740528E-01   0.28107500666565293E-01
   3   0.42867629167317726E-01  -0.97109309716001971E-01   0.91811482652623913E-01
   4  -0.51755281632395705E-01   0.90549762197999872E-01  -0.80639934750332501E-01
   5   0.43727436796199483E-01  -0.78686841790388731E-02   0.58378204430746747E-01
   6  -0.18101808285271348E+00  -0.25070739604006198E+00  -0.12616889711566109E+00
   7  -0.12460831147455165E-01   0.21976710862339675E-01   0.40550057100790238E-01
   8   0.26303793363073754E-01  -0.33803961180865184E-01   0.18111925277772813E-01
   9  -0.29560890779646260E-01   0.16518794570098576E-01   0.32856563769707511E-02
  10  -0.32523803774477729E-01  -0.13087832220118190E-01  -0.32425647212390114E-01
  11  -0.38380825130230972E-01  -0.11083443981601177E-01   0.31015996162947410E-01
  12   0.45910722851205147E-02  -0.29257132445306758E-01   0.28160576475525039E-01
  13  -0.20651313299451867E-01  -0.52833235288886650E-02   0.64226570117123641E-01
  14   0.55995794039198160E-01  -0.33066377523365269E-01   0.44249057577734431E-01
  15   0.15666071562031224E-01   0.20524724457486081E-01  -0.39673376341502718E-01
    2219.489327892542     
   1   0.39140968138770091E-01   0.63043387981115057E-01   0.14772691000825698E-01
   2   0.25693124474974523E-01  -0.81693995636152747E-01  -0.29935853592241220E-01
   3   0.37670625579319834E-01  -0.11560912229478759E+00  -0.67597442294598867E-01
   4   0.13423021700963801E-01   0.12878396188860755E+00   0.66203722953904379E-01
   5   0.35571164170196318E-01   0.24576810582386623E-01   0.14800763706664197E+00
   6  -0.18312970432791792E+00  -0.28864630863943802E+00  -0.15798997167582034E-01
   7  -0.23752169622131424E-02   0.12993937604870073E-01   0.21264144658048684E-01
   8   0.42840448718964398E-01  -0.20892008267001494E-01  -0.11370863434727563E-01
   9  -0.44209760946252947E-02   0.12543358389621836E-01  -0.26338606394546993E-01
  10  -0.29822393637804881E-01  -0.63770107967720370E-02  -0.37285098960815000E-01
  11  -0.37029376899571052E-01  -0.91621186901491760E-02   0.27744728110495671E-01
  12  -0.37479818988133573E-01  -0.11844790812161230E-01  -0.50468799544551246E-01
  13  -0.32263906604303616E-01  -0.25735374728407579E-01   0.19188003265090320E-01
  14   0.44263846921967234E-01  -0.58022349313896986E-01  -0.24054732258634127E-01
  15   0.94407910368433309E-02   0.34568006156190767E-01  -0.68344587494253758E-02
    2219.219609426319     
   1  -0.58290535127581554E-01   0.10543519032718843E+00   0.21316480868339992E-01
   2   0.63061769638702941E-01  -0.10714826239697339E+00  -0.53077401913627836E-01
   3  -0.51042274082165398E-01  -0.13417349635396636E+00  -0.89641307286439875E-01
   4   0.15859503332693536E+00   0.18929661625834890E+00   0.53885502960725931E-01
   5   0.47308064980471604E-01   0.19621462918517857E+00   0.18716106295045776E+00
   6  -0.90749133724808154E-01  -0.57822650100461004E+00   0.49439067405663645E-01
   7   0.34517056577818152E-01  -0.79632669468881635E-02   0.38954673008455724E-01
   8   0.59855857606527577E-01  -0.20856505200815861E-01  -0.11789832680779187E-01
   9   0.28011615796265685E-01  -0.88830413476297283E-02  -0.51625779986919633E-01
  10  -0.31571617359558074E-01  -0.13827974395391159E-02  -0.47501581876248984E-01
  11  -0.35251512220055382E-01   0.72850348426117617E-02   0.37129079392562755E-01
  12  -0.62651256257825416E-01  -0.40090019086006816E-02  -0.81902033078510766E-01
  13  -0.70639304134065523E-01  -0.12713655834136426E-01   0.67689897741244121E-01
  14  -0.20184431553336497E-01  -0.12692173234037010E+00  -0.23695088493568297E-01
  15  -0.18048079599546796E-01   0.10175334636870532E+00  -0.47790162502250690E-01
    2219.381442888350     
   1   0.17816862988307019E-01   0.71598781093791504E-02   0.27725730054609873E-01
   2   0.48834160152214465E-01  -0.20449869786890968E-01  -0.61451108043729628E-01
   3   0.13338612427239729E+00   0.16481066323938606E+00  -0.21057134961051599E+00
   4  -0.97911114996343425E-02  -0.94010891334037200E-01   0.10088361175229182E+00
   5   0.27049136750109466E-01  -0.11933328035481182E+00   0.19502709843649207E+00
   6  -0.29455187075042710E+00  -0.35404751924704386E+00   0.21801002490902649E+00
   7   0.53526944485910305E-02   0.35574596704379242E-01   0.31504472390922571E-01
   8   0.35397742196651705E-01  -0.21791862122888892E-02  -0.20173441144331158E-01
   9   0.23542631216808244E-02   0.29678189337292066E-01  -0.29748172995861216E-01
  10  -0.31347438688894252E-01  -0.10643139778684267E-01  -0.30168373534779754E-01
  11  -0.32500608941843402E-01  -0.61804727706980603E-02   0.22725492400671177E-01
  12  -0.42029636952552719E-01   0.42400329539797443E-01  -0.66608778226101326E-01
  13  -0.26894359168298968E-01   0.79919810115743298E-01  -0.29973662354216366E-01
  14   0.32294205729328222E-01  -0.22389079409371963E-02  -0.10889064806704525E-01
  15   0.65977983667003720E-01  -0.52305635012456005E-01  -0.63304466056176775E-01
    2219.460013442568     
   1   0.12440875407329255E+00  -0.68056763915202767E-01   0.88948952824018879E-01
   2  -0.46144003577169516E-01  -0.38790614262862226E-01  -0.81606686072206683E-01
   3   0.75201998312486348E-01   0.17502511860568629E+00  -0.10772532981432348E+00
   4  -0.13043242237440517E+00  -0.15185522257975156E+00   0.67072113907139116E-01
   5   0.94443223150009303E-01  -0.13300660846362958E+00   0.15503419082419950E+00
   6  -0.29784424980704466E+00  -0.36146100291475597E+00   0.70880971357234118E-01
   7  -0.23506765323547556E-01   0.62879831400739494E-01   0.42577720183901706E-01
   8  -0.24361799973293283E-01   0.87552406515578302E-01  -0.69565960659770720E-01
   9  -0.12997575395674539E-01   0.38644903971368244E-01  -0.54358738469034273E-01
  10  -0.21773130323825302E-01  -0.13958549300142849E-01  -0.34792362148979725E-01
  11  -0.67901782051860662E-01  -0.52242670978005742E-03   0.32354476388612809E-01
  12   0.98333904680116338E-02   0.70520991485651538E-01  -0.11405753718006711E+00
  13   0.40600782353370210E-01   0.96211812223805315E-01   0.46042888361308071E-01
  14   0.44113917254450498E-01  -0.23004855887527984E-02  -0.52928909684722518E-02
  15   0.96616911830689614E-01  -0.61451454371554290E-01  -0.14166997220088488E-02
    2219.411958577008     
   1   0.40601425440499064E-01   0.60527363136423463E-01  -0.20629907716507297E-01
   2   0.24994729622075201E-01  -0.67098155354737926E-01   0.24061613336493030E-01
   3   0.47835852697161153E-01  -0.33003048619072752E-01   0.91305876046610307E-01
   4   0.12399775010490258E-01   0.10112487045750866E+00  -0.62089287270017363E-01
   5   0.37564317509738245E-01   0.40506286564968392E-02   0.46183653363817259E-01
   6  -0.20798074672116809E+00  -0.39970954660036184E+00  -0.17304549793516952E+00
   7  -0.98110000763195837E-03   0.15655769596641431E-01   0.45357602677618035E-01
   8   0.40811564314068009E-01  -0.11326679985752715E-01   0.33056616924110210E-02
   9  -0.53108671074260042E-02   0.67774570744080715E-02  -0.16033543135852986E-01
  10  -0.32567626016089701E-01  -0.41049014193456019E-02  -0.35129252273330754E-01
  11  -0.43096566749936546E-01  -0.75465445048872124E-02   0.31593391141998231E-01
  12  -0.31878366965769657E-01  -0.11773455899485922E-01  -0.22477501337948697E-01
  13  -0.32500289281601563E-01   0.36780158922520836E-02   0.83586192160356038E-01
  14   0.45174985420274739E-01  -0.71480353247668424E-01   0.44981888325946039E-01
  15   0.49292206065822845E-01   0.60166229400349505E-01   0.15273174750358465E-01
    2219.543428252309     
   1   0.12791500771812117E+00   0.92268277702633447E-01   0.71619919362530537E-01
   2  -0.32818891159827959E-01  -0.93461574571553144E-01  -0.60509135953737157E-01
   3   0.19625692104876732E-01  -0.10956024768071966E+00  -0.10947362290917455E+00
   4  -0.65956545541655087E-01   0.11301372697164080E+00   0.10394061959067580E+00
   5   0.65957350317757041E-01   0.78865603029159327E-02   0.17312452414999210E+00
   6  -0.16782039985631067E+00  -0.25638448405265879E+00   0.10920492955932814E-01
   7  -0.53857477817787776E-01   0.13291420540653515E-02  -0.13243757710143527E-01
   8   0.31342338851433262E-01  -0.36893830353121576E-01  -0.33824646985804063E-01
   9  -0.14748062659511754E-01   0.14728870983627188E-01  -0.42046196673044843E-01
  10  -0.28293696275503641E-01  -0.61404244567762377E-02  -0.36463368047635614E-01
  11  -0.40510091581962768E-01  -0.11988517245899126E-01   0.33004816163622532E-01
  12  -0.19245899393267422E-01  -0.89677446562219897E-02  -0.79922295826592507E-01
  13   0.21743176362692570E-01  -0.42932240547580540E-01  -0.67671141789231622E-02
  14   0.54520538319982145E-01  -0.39105392547818356E-01  -0.29975238852987078E-01
  15  -0.48085573183973551E-02   0.26226405101991462E-01   0.92432231902968027E-02
