   16.3625955423417        11.8117875752281     
   16.3384840034041        12.3683532847188     
   16.3169750840364        12.9108823035572     
   16.2981186916752        13.4279582660571     
   16.2817891644678        13.9117145221031     
   16.2676468897769        14.3557185959802     
   16.2553092649817        14.7555532461562     
   16.2442056049933        15.1072438594869     
   16.2337999449204        15.4079821449374     
   16.2235831273055        15.6559053829079     
   16.2131784694475        15.8498795398278     
   16.2024476533023        15.9894302868182     
   16.1913334646933        16.0746564832145     
   16.1799485445013        16.1061511904684     
   16.1685062340423        16.0846071869135     
   16.1572393749950        16.0115359615056     
   16.1464668969577        15.8891497936215     
   16.1366503375672        15.7199558249983     
   16.1281942672725        15.5074780222696     
   16.1215273596456        15.2560954541562     
   16.1170859041643        14.9714328092595     
   16.1151927333901        14.6604124086270     
   16.1160819192929        14.3308780945048     
   16.1197933754852        13.9909926249909     
   16.1262144315917        13.6488209976965     
   16.1350781402683        13.3116194459631     
   16.1460838922859        12.9854393245257     
   16.1589063887774        12.6748073139137     
   16.1734013802728        12.3830602644500     
   16.1893905467209        12.1126934588960     
   16.2066723568606        11.8655334114793     
   16.2249693616953        11.6427576229262     
   16.2438769935877        11.4448814347311     
   16.2633038516149        11.2718901872760     
   16.2828469121775        11.1232607452954     
   16.3022708355015        10.9973582944608     
   16.3213465425199        10.8917888917027     
   16.3398843586242        10.8029061358093     
   16.3577256195134        10.7255282522447     
   16.3748666855432        10.6528185405847     
   16.3913112649697        10.5760290489385     
   16.4071629844517        10.4845165638884     
   16.4226848885547        10.3726813740426     
   16.4381617840441        10.2319967432368     
   16.4539467331292        10.0498328987457     
   16.4703902975465        9.81043247787769     
   16.4876562787016        9.50099202930056     
   16.5059008376133        9.11957659572816     
   16.5252171773710        8.66886302441458     
   16.5453072095231        8.15483382970835     
   16.5661509597585        7.58629334047229     
   16.5873067265895        6.97412079734610     
   16.6083594304706        6.33239463189040     
   16.6286686559850        5.67537661724914     
   16.6476277750345        5.01613926634693     
   16.6645558638838        4.36809419025072     
   16.6787839505519        3.74441225880382     
   16.6899470209952        3.15890851242406     
   16.6976261428510        2.62557924886261     
   16.7014964527667        2.16427652248370     
   16.7014406777628        1.79313352862077     
   16.6973451787630        1.52598647893648     
   16.6891990184986        1.37499023642911     
   16.6771261733286        1.35037689022855     
   16.6614100602052        1.45962927039412     
   16.6425922639281        1.70656313403929     
   16.6211662423547        2.09041684131476     
   16.5978618358859        2.60496239145850     
   16.5731984428525        3.23792680965806     
   16.5476202611248        3.97389141962386     
   16.5212645844687        4.79541069448921     
   16.4944139325614        5.68442202852676     
   16.4670836463686        6.62315999101448     
   16.4392859271164        7.59471637542240     
   16.4110250793376        8.57890850768340     
   16.3821618201483        9.55898059911367     
   16.3529591242488        10.5233341260067     
   16.3234487048047        11.4615848939380     
   16.2937604525121        12.3646876843650     
   16.2641669407643        13.2246394954719     
   16.2348730986116        14.0340966007197     
   16.2062401560668        14.7861820018224     
   16.1785593856394        15.4716243818724     
   16.1520899495886        16.0851812567529     
   16.1271865535048        16.6228936138528     
   16.1040198604987        17.0811284834878     
   16.0830332903584        17.4560155944826     
   16.0644982130196        17.7440020480867     
   16.0487149188691        17.9410563848984     
   16.0360225503795        18.0441496162557     
   16.0265713531278        18.0508284555577     
   16.0207029280818        17.9597443997838     
   16.0185221896086        17.7711752806405     
   16.0200617412688        17.4880230239700     
   16.0252408012130        17.1217038136590     
   16.0339731806222        16.6847804992732     
   16.0459007925816        16.1903390231416     
   16.0605448863509        15.6528752255586     
   16.0772252358105        15.0874940338993     
   16.0954789574966        14.5079584605714     
   16.1147409803501        13.9264211022333     
   16.1345633845929        13.3520422859508     
   16.1546655961734        12.7943542543518     
   16.1748249662887        12.2602093560515     
   16.1949516470352        11.7467638627533     
   16.2150936899046        11.2495754690775     
   16.2352151845200        10.7636624790822     
   16.2553624415979        10.2887077639285     
   16.2756089594719        9.83102767660072     
   16.2961209873271        9.38981266562028     
   16.3170148411030        8.96305147551749     
   16.3386210761608        8.55004665115968     
   16.3610285669775        8.15138476766226     
   16.3842051958053        7.76856011583570     
   16.4080347113547        7.40351903006576     
   16.4321713843449        7.05721874316765     
   16.4562267219714        6.72773609468189     
   16.4801930919381        6.40716492041587     
   16.5037017195054        6.08961889025970     
   16.5265127311196        5.77386919862760     
   16.5482273281658        5.46165529633698     
   16.5683659739717        5.14422876846072     
   16.5863589158943        4.81487029225242     
   16.6019031211127        4.46781428703496     
   16.6146241585966        4.09938502508561     
   16.6245402759444        3.70728987044160     
   16.6317548075466        3.29080342085659     
   16.6364151667811        2.85069417542635     
   16.6386505088630        2.39015521807264     
   16.6389203094767        1.91342192959397     
   16.6374544051709        1.42639913031638     
   16.6345892091172       0.936479828197913     
   16.6307359825339       0.453080352120712     
   16.6263176260968      -1.340256250908212E-002
   16.6216455990846      -0.451545354114219     
   16.6168317283263      -0.845217838997107     
   16.6117573500563       -1.17788309578394     
   16.6061626384417       -1.43985955527035     
   16.5997576477245       -1.62362448475830     
   16.5922715337404       -1.72746905607901     
   16.5835665358509       -1.75281761446374     
   16.5737023950588       -1.69973203187558     
   16.5626774022898       -1.57153288011513     
   16.5506001756184       -1.37022641600466     
   16.5374100581521       -1.09200111712918     
   16.5229717708079      -0.731625969359371     
   16.5071763458854      -0.283775136832921     
   16.4898491142149       0.255147859079422     
   16.4709608380660       0.889113967303484     
   16.4504148066151        1.62127689975229     
   16.4282087528930        2.45352242621772     
   16.4043567822765        3.38587273363963     
   16.3790541342925        4.41591993642611     
   16.3524748437214        5.53838300586897     
   16.3249371012989        6.74428394753625     
   16.2968544406408        8.02065382581230     
   16.2687512642445        9.34494837114581     
   16.2411852576808        10.6908480281245     
   16.2146702573760        12.0372257840539     
   16.1896034306967        13.3622283345877     
   16.1661501156784        14.6450241213466     
   16.1443598356245        15.8639136913063     
   16.1239498890995        16.9814880355362     
   16.1045610546114        17.9732649691693     
   16.0857039906033        18.8184782428723     
   16.0667709712940        19.4963023958576     
   16.0473544802826        19.9875809408054     
   16.0269591750303        20.2769449151127     
   16.0052662162047        20.3567373559116     
   15.9821249243019        20.2303868829292     
   15.9576481534200        19.9161446963595     
   15.9321742973178        19.4477151963127     
   15.9062282323878        18.8736609549765     
   15.8806965378155        18.2565774729340     
   15.8564917940457        17.6591085165453     
   15.8345745411549        17.1420055797314     
   15.8159856370857        16.7601496571373     
   15.8017878283975        16.5572794526141     
   15.7929454051930        16.5612840969189     
   15.7901998717992        16.7813390380331     
   15.7940557311616        17.2049887230994     
   15.8046200755992        17.7998841034213     
   15.8214835676427        18.5179759630813     
   15.8439378145750        19.3015891901225     
   15.8710337812369        20.0896634515361     
   15.9016791033069        20.8195552210646     
   15.9350421467451        21.4344527527507     
   15.9703433496981        21.8865909247876     
   16.0070170337404        22.1353010269331     
   16.0445953293578        22.1466419550683     
   16.0827391556487        21.8946128540255     
   16.1211106333895        21.3617538294894     
   16.1593212429694        20.5396988903814     
   16.1971794366943        19.4288400538214     
   16.2343528907564        18.0383608920238     
   16.2705399964613        16.3920145028526     
   16.3055050114426        14.5473236756794     
   16.3389631875929        12.5304955435341     
   16.3707525716769        10.3655663164813     
   16.4007157234565        8.09082913266919     
   16.4287784321148        5.74471033894768     
   16.4548738876889        3.36339939463060     
   16.4790633540352       0.984490681696512     
   16.5013570814113       -1.35515592750622     
   16.5217166562149       -3.62128264277678     
   16.5402295007381       -5.78189965078582     
   16.5568811799732       -7.80237309613417     
   16.5717196581159       -9.67069176896891     
   16.5847980714860       -11.3789437563625     
   16.5961514538253       -12.9184626006854     
   16.6058583109503       -14.2935516230928     
   16.6139442596785       -15.5090783248296     
   16.6203348285297       -16.5689108502064     
   16.6248897300992       -17.4748037452624     
   16.6273931228886       -18.2254886578949     
   16.6277450482068       -18.8175356472936     
   16.6257167764947       -19.2414205108082     
   16.6210819172010       -19.4841032249727     
   16.6136688785258       -19.5289944980443     
   16.6032634992699       -19.3570562982718     
   16.5898747453216       -18.9478034806232     
   16.5734725187522       -18.2826245239652     
   16.5542398595811       -17.3490043018877     
   16.5326974003419       -16.1608770324662     
   16.5094998742791       -14.7556030281315     
   16.4856480484604       -13.1712738902388     
   16.4620339487751       -11.4596417186071     
   16.4393997509365       -9.67773346226463     
   16.4182472958953       -7.88070555634593     
   16.3988514566495       -6.12195728116889     
   16.3811996908586       -4.43402199418698     
   16.3652488962757       -2.83556206693997     
   16.3507331710054       -1.33960303902642     
   16.3373196651262       3.464799172835775E-002
   16.3246462534123        1.24535002920810     
   16.3123472093785        2.28662530161206     
   16.3000546185560        3.16115900191219     
   16.2876265174996        3.87718443303519     
   16.2748405209642        4.44873937132480     
   16.2617589398622        4.90099970829709     
   16.2485978904419        5.26025485862053     
   16.2356905557796        5.55780144654451     
   16.2234301680537        5.82791417880790     
   16.2123254665540        6.10715444491717     
   16.2029662965973        6.43028459077043     
   16.1958448699561        6.82815796336236     
   16.1914072868555        7.32531849700516     
   16.1899282741506        7.93734008605848     
   16.1914414221131        8.66871299992152     
   16.1956412482360        9.51312294304721     
   16.2019618273810        10.4554027257476     
   16.2097073380054        11.4712728580133     
   16.2181481169502        12.5167072699766     
   16.2265106868908        13.5650801569129     
   16.2341605066814        14.5943741215601     
   16.2404190331621        15.5837486523009     
   16.2449948138185        16.5141794201523     
   16.2475722665706        17.3685640100090     
   16.2479848929326        18.1314446618548     
   16.2461484426894        18.7893934428305     
   16.2421418349686        19.3307231085118     
   16.2361835711935        19.7443617862997     
   16.2286071657131        20.0125519134790     
   16.2197094338502        20.1257826499641     
   16.2101197096693        20.0778164354287     
   16.2003116451153        19.8626777327892     
   16.1908608178936        19.4763674554094     
   16.1824344720950        18.9351977434923     
   16.1757604029607        18.2417084508469     
   16.1714599514235        17.3959443695237     
   16.1703095319349        16.4034996007007     
   16.1727860741303        15.2776666251810     
   16.1790452035783        14.0394969472676     
   16.1889328111327        12.7167213719219     
   16.2019689510402        11.3401465494024     
   16.2174828124111        9.94126039174510     
   16.2345804083204        8.54973140884140     
   16.2525205970526        7.19210852396900     
   16.2705340901736        5.89186929771333     
   16.2877910766579        4.67741663955797     
   16.3038052514752        3.56382445318846     
   16.3180529424145        2.55763932551251     
   16.3302979736163        1.66041909529007     
   16.3405065102558       0.870195927281050     
   16.3488076268238       0.182165217303780     
   16.3555044479972      -0.409882702751258     
   16.3609565583346      -0.913106496831288     
   16.3655428714096       -1.33448802105203     
   16.3696798919104       -1.68128202364912     
   16.3737754628156       -1.95921600882578     
   16.3782911945584       -2.17248619255289     
   16.3838703195380       -2.32519481811655     
   16.3912200054195       -2.41953372742823     
   16.4008691005206       -2.45665999470259     
   16.4129931484782       -2.43105037905073     
   16.4274183476940       -2.33625916703802     
   16.4434421990237       -2.17477013434547     
   16.4602555784703       -1.94918236549072     
   16.4767935405191       -1.66281441940139     
   16.4920885097955       -1.31966435996563     
   16.5052934119152      -0.923356012141269     
   16.5157397652608      -0.477609310630258     
   16.5228914825817       1.407059928098864E-002
   16.5263416079025       0.549107871140052     
   16.5259938529624        1.12504987280272     
   16.5217243501616        1.73956008440556     
   16.5136468202143        2.39014373531907     
   16.5021620711850        3.07450314397869     
   16.4876930456900        3.78968847330347     
   16.4707708708580        4.53253976572478     
   16.4520012160254        5.29539944702529     
   16.4319194577739        6.05264250718084     
   16.4110519739042        6.79638644796850     
   16.3898029512789        7.52182937488462     
   16.3686663022948        8.22451246737584     
   16.3479590972579        8.90004920821186     
   16.3279555363245        9.54435303600497     
   16.3087542466768        10.1547325531931     
   16.2902450183542        10.7314688444238     
   16.2721515746990        11.2673143678183     
   16.2541238595443        11.7673126061171     
   16.2357292602981        12.2464922793513     
   16.2169312781591        12.7240558349942     
   16.1972191855177        13.2217455612857     
   16.1765909212797        13.7609417993416     
   16.1548738645547        14.3591346651219     
   16.1320449711379        15.0276655404383     
   16.1081265602877        15.7698305296017     
   16.0834684629747        16.5797144159754     
   16.0584368923391        17.4413135948167     
   16.0337505667467        18.3288980504754     
   16.0102922146040        19.2085757150626     
   15.9890195306305        20.0407679413062     
   15.9710170886112        20.7785404621246     
   15.9570569953757        21.3815706178957     
   15.9478918951805        21.8221573599667     
   15.9440340500154        22.0815833367232     
   15.9458239255907        22.1488028874104     
   15.9535859846112        22.0190958972888     
   15.9674163551527        21.6927690915937     
   15.9872762776613        21.1753018120738     
   16.0126973877816        20.4775227037123     
   16.0427364640051        19.6151624485882     
   16.0761728919454        18.6088092701660     
   16.1118530793298        17.4828135813676     
   16.1481659031847        16.2624416388914     
   16.1836860524645        14.9770466789342     
   16.2172473029991        13.6595223908400     
   16.2478476805389        12.3365480169030     
   16.2748033220635        11.0198878858154     
   16.2976944766645        9.71687798782143     
   16.3164188694062        8.43335427169647     
   16.3311321252632        7.17414752257306     
   16.3421930368091        5.94396574867952     
   16.3502279845410        4.74875821711581     
   16.3560205399000        3.59657761734214     
   16.3605177825113        2.49798006662524     
   16.3645803149357        1.46221890965366     
   16.3689793939254       0.499894944444791     
   16.3744002269717      -0.357983428515745     
   16.3814166256524       -1.09284268744058     
   16.3902258311640       -1.69797571731353     
   16.4010108826865       -2.16784953546506     
   16.4135388400608       -2.50150548707915     
   16.4272741612823       -2.69917672017120     
   16.4414774839097       -2.76334129982184     
   16.4552726793718       -2.69891880397689     
   16.4676724111765       -2.51338162158210     
   16.4779004309730       -2.21612966878451     
   16.4851325320907       -1.81795829518314     
   16.4886999088943       -1.33025334230275     
   16.4884216257652      -0.764624430205970     
   16.4841253643513      -0.132841011971884     
   16.4759017765504       0.544725028424447     
   16.4641513747553        1.25155994946386     
   16.4494625393791        1.97811793554733     
   16.4327870446020        2.71499110685141     
   16.4152002513690        3.45324456936971     
   16.3978585162455        4.18448172205960     
   16.3819206871132        4.90162571401696     
   16.3683676189853        5.59996215828051     
   16.3578958459192        6.27737479004377     
   16.3508357486833        6.93455133808883     
   16.3473035478525        7.57368187710344     
   16.3469763349355        8.19944063572191     
   16.3494782386054        8.82055412382724     
   16.3539510887781        9.43934417423782     
   16.3594121801415        10.0542616972778     
   16.3646388874221        10.6601022338459     
   16.3683501969100        11.2380966196817     
   16.3692149899786        11.7255748190738     
   16.3661206059390        12.1014299043108     
   16.3580335426413        12.3548775813547     
   16.3442211952480        12.4805120825913     
   16.3242656432565        12.4812043941351     
   16.2981730090195        12.3655366126088     
   16.2662863467810        12.1489236125857     
   16.2295233210598        11.8569123710684     
   16.1891616297864        11.5250956164553     
   16.1470949129547        11.1975857241423     
   16.1053920729069        10.9226309429159     
   16.0662001594759        10.7430560000760     
   16.0314831755841        10.6937091117081     
   16.0027559272464        10.7963515257915     
   15.9810933021720        11.0568309639962     
   15.9668818039397        11.4655088571454     
   15.9602200339537        12.0026315173489     
   15.9607404174789        12.6394040885785     
   15.9678171757688        13.3353454794832     
   15.9805726967712        14.0467440445426     
   15.9980352351295        14.7283522206191     
   16.0190775207273        15.3448502689964     
   16.0427631217080        15.8664527872631     
   16.0679284917980        16.2681715629223     
   16.0936474734138        16.5298484363138     
   16.1190290692642        16.6346596304679     
   16.1433270563793        16.5679957086689     
   16.1657562166712        16.3112620620737     
   16.1859533247095        15.8479984085800     
   16.2035175745776        15.1670323383151     
   16.2181950714727        14.2699526638489     
   16.2300471730393        13.1597725850694     
   16.2393601397023        11.8454279698279     
   16.2465415950611        10.3454843500054     
   16.2522790224786        8.69811991100473     
   16.2573801373599        6.96812429511086     
   16.2627643470683        5.21169933000441     
   16.2693098601367        3.48872314561823     
   16.2779617223693        1.84297813045814     
   16.2893259211381       0.313988597229338     
   16.3039223613988       -1.06390253725272     
   16.3217865586845       -2.26192764034949     
   16.3426957106407       -3.25721440293309     
   16.3660756864821       -4.03301278196502     
   16.3911470241200       -4.57889162513616     
   16.4169806706148       -4.88986119922335     
   16.4425299267174       -4.96666099380454     
   16.4666539352799       -4.81487226867731     
   16.4881895226133       -4.44587694110365     
   16.5060963371982       -3.89795631050809     
   16.5195043814377       -3.21944367578508     
   16.5276703865851       -2.45198475388050     
   16.5301384353384       -1.64239035218074     
   16.5268930803100      -0.854014916069482     
   16.5183743333277      -0.177144259944384     
   16.5055874011142       0.343866527867980     
   16.4901229709923       0.702098573273267     
   16.4739282828401       0.936503930675021     
   16.4591632873520        1.05728204017497     
   16.4478562017427        1.08115635460553     
   16.4415160156253        1.02688762164748     
   16.4412617416005       0.909342591818427     
   16.4470750919247       0.735172010683830     
   16.4580261955030       0.499256401058186     
   16.4724834774611       0.199320329234969     
   16.4884985333837      -0.162058902121699     
   16.5038452306986      -0.575292109349317     
   16.5168951609693       -1.02252757283331     
   16.5261596601926       -1.47823114295949     
   16.5306521214572       -1.90023337882075     
   16.5298507976994       -2.26888193723330     
   16.5234823769846       -2.55870774944388     
   16.5116819638983       -2.74687981021110     
   16.4947157738019       -2.81266292576878     
   16.4732360361115       -2.72702871719028     
   16.4479191781732       -2.47662051678070     
   16.4195623581984       -2.05520613487494     
   16.3891022761210       -1.45613141195846     
   16.3574409507149      -0.672131632538699     
   16.3254568759882       0.304702443180211     
   16.2938404695043        1.48049505225228     
   16.2631942393618        2.86119948935262     
   16.2338723214320        4.45023057216933     
   16.2060285583963        6.24523121410470     
   16.1798453230166        8.22008220908478     
   16.1553163251596        10.3353357780872     
   16.1322707107104        12.5454632615926     
   16.1104093625239        14.7758299699227     
   16.0895259399079        16.9318109120219     
   16.0692029290119        18.9267985966265     
   16.0491435723367        20.6807294936535     
   16.0290893056916        22.1497224491884     
   16.0089087806094        23.3061767746182     
   15.9885413448498        24.1370444479191     
   15.9680867551419        24.6406640224159     
   15.9476790631079        24.8238791526121     
   15.9277869455375        24.6996976330249     
   15.9087883472072        24.2865614531333     
   15.8913679567337        23.6083150614833     
   15.8763007332371        22.6959170960213     
   15.8644763135720        21.5880551596688     
   15.8568531469986        20.3311412128594     
   15.8544091775874        18.9773727543975     
   15.8579290984385        17.5820931468586     
   15.8680499478381        16.2222805580984     
   15.8854782570366        14.9599841893564     
   15.9105450148986        13.8303856052741     
   15.9432405976393        12.8534606570511     
   15.9831148412200        12.0344482629353     
   16.0290997651438        11.3809754804914     
   16.0796789493858        10.8695838925643     
   16.1330146918695        10.4592668444435     
   16.1870359428406        10.1064741258242     
   16.2400332299989        9.77010617340426     
   16.2902567810082        9.41460195978193     
   16.3363386486617        9.01218014564181     
   16.3772511967264        8.54235159279914     
   16.4122474958544        7.99145340087711     
   16.4408500095230        7.35176025278426     
   16.4629919095185        6.62069815639461     
   16.4787931858014        5.80066939083878     
   16.4886854379639        4.90120987639910     
   16.4933559910273        3.97017952819777     
   16.4937824022280        3.03526572887357     
   16.4910945525907        2.09325786200218     
   16.4865466075009        1.15439890265392     
   16.4813551351609       0.229898350699441     
   16.4766493420576      -0.667017513305600     
   16.4734544846140       -1.52155671992818     
   16.4726110373265       -2.32486094254841     
   16.4745463847095       -3.07442094769233     
   16.4795292901593       -3.77080320227986     
   16.4874541055444       -4.40763394917416     
   16.4979523763435       -4.97932246352271     
   16.5102641063835       -5.48197443568715     
   16.5234526884810       -5.91402105306728     
   16.5364976676749       -6.27568340343214     
   16.5483737134841       -6.56844164322469     
   16.5581424729058       -6.79365776488874     
   16.5650725344196       -6.95061939990802     
   16.5686405313478       -7.02962615738852     
   16.5685124701150       -7.02357335921951     
   16.5646811741834       -6.92682482540826     
   16.5573623265386       -6.73450138305498     
   16.5470802215883       -6.44017824154121     
   16.5345348542125       -6.03706895463951     
   16.5202333915590       -5.52075225814032     
   16.5053054315817       -4.88669988595658     
   16.4900845671626       -4.12894396738091     
   16.4752068263154       -3.25334397800084     
   16.4610431532403       -2.26887833329809     
   16.4478647467900       -1.18623626919073     
   16.4357702964496      -1.680108407115810E-002
   16.4245798998541        1.22833722569034     
   16.4139997864769        2.53879550318192     
   16.4033084975985        3.89856431332509     
   16.3917429854081        5.27493469757783     
   16.3784471745902        6.66212518920254     
   16.3626037897821        8.04980273236846     
   16.3434691381887        9.42849938973953     
   16.3204094948786        10.7936522449716     
   16.2933068810483        12.1417788435310     
   16.2619860989120        13.4674181439934     
   16.2266126131691        14.7638475747709     
   16.1876784481947        16.0145173182682     
   16.1459385734283        17.1911571359458     
   16.1024976468813        18.2830458319741     
   16.0586866111500        19.2809830069038     
   16.0160200553546        20.1766556192432     
   15.9760278534020        20.9618020687023     
   15.9401111079503        21.6299965199148     
   15.9094428786819        22.1762035318507     
   15.8850930492241        22.5956322431300     
   15.8676026995943        22.8830392202401     
   15.8573863257436        23.0331922432527     
   15.8544159868793        23.0408348881934     
   15.8581923205588        22.9029160696741     
   15.8677523820633        22.6197492654288     
   15.8818593161568        22.1968282321981     
   15.8992192960419        21.6449413656840     
   15.9184462770506        20.9804506360597     
   15.9383362467115        20.2249296007634     
   15.9578438191991        19.4170129768767     
   15.9762928355589        18.5846129592449     
   15.9931652795347        17.7464253172206     
   16.0082305670438        16.9176938193974     
   16.0215077509275        16.1097751455025     
   16.0333031080706        15.3304098478025     
   16.0440864730819        14.5836106834873     
   16.0545497601595        13.8695180743885     
   16.0653750374472        13.1851058835245     
   16.0773265204766        12.5244144381930     
   16.0909512155963        11.8792619993139     
   16.1065389217499        11.2399760831348     
   16.1245150958212        10.5949433914005     
   16.1448402190742        9.95389915226552     
   16.1674734056289        9.31344867830309     
   16.1921900606278        8.65545830970156     
   16.2186103025892        7.96172825727123     
   16.2463022835219        7.21852554537001     
   16.2747012274545        6.41706318238000     
   16.3032342451153        5.54227696094701     
   16.3313400599247        4.58156060444739     
   16.3585315972005        3.52502260549088     
   16.3844025990040        2.36525283769057     
   16.4085618691799        1.09759445658158     
   16.4308504695965      -0.280397462586564     
   16.4511532856945       -1.76840368070354     
   16.4694162626637       -3.34438849761112     
   16.4856884549846       -4.98398719382862     
   16.5001644793696       -6.67632457462713     
   16.5131931157354       -8.40422922841985     
   16.5251368760848       -10.1444356843495     
   16.5365430231902       -11.8671478547076     
   16.5479257061044       -13.5367042581511     
   16.5597575669946       -15.1145298804710     
   16.5724048186407       -16.5622473152303     
   16.5861895445129       -17.8436809058176     
   16.6013364004369       -18.9179091079087     
   16.6178626839641       -19.7632954696830     
   16.6355556383579       -20.3706390774445     
   16.6539153407703       -20.7394778990743     
   16.6723572279079       -20.8749427780403     
   16.6900308190645       -20.7868315869163     
   16.7060524934978       -20.4856134117574     
   16.7197038352900       -19.9802301939502     
   16.7302755157823       -19.2769397089165     
   16.7371258319279       -18.3780302518051     
   16.7397963120541       -17.2825418131445     
   16.7378359585296       -15.9866466592958     
   16.7309402819974       -14.4859637327511     
   16.7189773780610       -12.7798356827829     
   16.7019880376021       -10.8719321318381     
   16.6803676140103       -8.76991010124288     
   16.6547266258049       -6.49887720210777     
   16.6258728637348       -4.11292486203369     
   16.5947439767966       -1.65347053564712     
   16.5622775716951       0.836742826988575     
   16.5293321102488        3.31388426329457     
   16.4967598711036        5.73423523221430     
   16.4652469204926        8.05458665280296     
   16.4353876682868        10.2280475527588     
   16.4075609594596        12.2212668543166     
   16.3819118161495        14.0104353033689     
   16.3582304026650        15.5793662418536     
   16.3361533659901        16.9199995954393     
   16.3150978089194        18.0070428647410     
   16.2944170583127        18.8398214251118     
   16.2735974851837        19.4347556399407     
   16.2521279901842        19.8110907717081     
   16.2296418557039        19.9900978194092     
   16.2059764523261        19.9949656645186     
   16.1809705924165        19.8501276414591     
   16.1547522363630        19.5829448005468     
   16.1276169910900        19.2260904243067     
   16.0999317791743        18.8103278765643     
   16.0722209055410        18.3670477638366     
   16.0451022647771        17.9283718098064     
   16.0193076695650        17.5256657056474     
   15.9955686115322        17.1882161556622     
   15.9745320462730        16.9419093410909     
   15.9567933542173        16.8080048378800     
   15.9432113727684        16.8011414148068     
   15.9343104075818        16.9276498464280     
   15.9305730942483        17.1831357945027     
   15.9322720165558        17.5501273784262     
   15.9393657804633        17.9977196789457     
   15.9512951025493        18.4834291136623     
   15.9671999010440        18.9573635953726     
   15.9859818729048        19.3687133044748     
   16.0063836509147        19.6720479084489     
   16.0273784330300        19.8272116649455     
   16.0482818149586        19.8030601174209     
   16.0684938375533        19.5815791718958     
   16.0877829348963        19.1517364496437     
   16.1062183681534        18.5075873267349     
   16.1240721208105        17.6523440847610     
   16.1418545664592        16.6175293937358     
   16.1601956476670        15.4173879844480     
   16.1797442254469        14.0656852092056     
   16.2010321614082        12.5846477453147     
   16.2242514997782        11.0044464311052     
   16.2495106011799        9.36560327221373     
   16.2767157795801        7.71275925452198     
   16.3056275787185        6.08669673566366     
   16.3359925885310        4.52622522902657     
   16.3674730621688        3.06680523463049     
   16.3995867478093        1.73875065320495     
   16.4315168712346       0.565003322092231     
   16.4624706380355      -0.439756851611917     
   16.4917338507024       -1.26481807084841     
   16.5185899206405       -1.91412569821529     
   16.5427285813501       -2.39815123049779     
   16.5638565913384       -2.72909884867883     
   16.5819143028214       -2.91896569107071     
   16.5968965032913       -2.97880603053086     
   16.6088922163698       -2.91782474976183     
   16.6180524032757       -2.74368503941261     
   16.6245641900937       -2.46255263030819     
   16.6286316704992       -2.07909945786814     
   16.6303842179958       -1.59744710448112     
   16.6299966499952       -1.02438775744211     
   16.6274374836334      -0.371875602367362     
   16.6227739366214       0.355080369214735     
   16.6158562278573        1.16163576012098     
   16.6064791187632        2.03737810929773     
   16.5943545591861        2.96484334341001     
   16.5792981420627        3.91903124096504     
   16.5610036354514        4.86625261016417     
   16.5390967072619        5.72989517084240     
   16.5132828694041        6.42109629107181     
   16.4832187706190        6.87549741234301     
   16.4488868814829        7.04995224569057     
   16.4103277155819        6.92467011465427     
   16.3679361279306        6.50637562664079     
   16.3223862697866        5.82774005646315     
   16.2745438069369        4.94368426543345     
   16.2253920808698        3.92588147100325     
   16.1762753938334        2.85650924077013     
   16.1284805556399        1.82305158188805     
   16.0833642757515       0.912834623850520     
   16.0423434371653       0.207090589214276     
   16.0068182115816      -0.223899210694806     
   15.9779151423774      -0.326923406243151     
   15.9565241258286      -6.913889114240135E-002
   15.9430900594969       0.557159378090569     
   15.9376659789592        1.53703578713204     
   15.9398644352711        2.83477622900321     
   15.9489493817859        4.39594485675505     
   15.9638829122497        6.14973898984738     
   15.9835102177547        8.01002243505120     
   16.0062524423554        9.87846558343995     
   16.0303626965271        11.6514421196975     
   16.0539375946590        13.2314242103586     
   16.0752504270138        14.5393087481403     
   16.0927608112918        15.5231864714179     
   16.1055289154663        16.1419044742978     
   16.1130966986141        16.3550439331899     
   16.1154621111024        16.1920590385945     
   16.1130004534885        15.6992560234285     
   16.1063482772826        14.9309410661585     
   16.0965254685874        13.9709078871377     
   16.0845389134341        12.8955269663539     
   16.0715959930621        11.7516234848399     
   16.0589449648327        10.5846795379168     
   16.0478196315889        9.43787783608997     
   16.0393723072636        8.35048353496598     
   16.0345664916381        7.35679064443035     
   16.0340740263760        6.48530639181600     
   16.0385734788934        5.75677657717525     
   16.0484305083449        5.18496494372864     
   16.0639689958692        4.77641331505109     
   16.0854958010248        4.53042393760856     
   16.1131453632637        4.43775565673393     
   16.1469377628718        4.48121082607409     
   16.1864729501058        4.63385787018707     
   16.2308638945201        4.86129546211485     
   16.2790450587577        5.12153541653780     
   16.3295567371377        5.36856956554806     
   16.3809080284309        5.55645319706640     
   16.4316810292623        5.64321253359109     
   16.4804461520876        5.59358967444289     
   16.5260519512724        5.38045022540004     
   16.5675990940068        4.98670961130242     
   16.6043694485802        4.40684294900908     
   16.6359231438681        3.64627559015567     
   16.6620895978848        2.72908107441620     
   16.6829842043398        1.71680797727075     
   16.6990396410652       0.643529146598704     
   16.7107551059944      -0.458249033485934     
   16.7188968642394       -1.55492837721258     
   16.7240617982622       -2.61268436024247     
   16.7270098760268       -3.60054873217063     
   16.7282833202530       -4.51423454160911     
   16.7283079969978       -5.34247482217462     
   16.7274230870739       -6.06679885833996     
   16.7258655217946       -6.67714109421856     
   16.7235552544091       -7.16572570541280     
   16.7202307750344       -7.52492439753757     
   16.7154611081813       -7.74726081049366     
   16.7086362541083       -7.82735833969269     
   16.6992267439064       -7.75954434249878     
   16.6866533987240       -7.53740050541585     
   16.6704623308910       -7.15513161241153     
   16.6502902623463       -6.60838769771843     
   16.6260688110186       -5.89542778724581     
   16.5978318865127       -5.01844718777279     
   16.5659476988916       -3.98482102543732     
   16.5310416893012       -2.81483537759725     
   16.4939947938854       -1.53842107332084     
   16.4561175098007      -0.186235409477542     
   16.4185243094393        1.20834520861891     
   16.3823565072012        2.61232730048528     
   16.3484043685029        3.99608646229242     
   16.3173140973083        5.33558362275478     
   16.2893980205922        6.61255836074760     
   16.2647287010819        7.81364983050103     
   16.2433047907472        8.92838478341503     
   16.2250615610156        9.94874681278049     
   16.2098444727135        10.8685284220326     
   16.1972708037061        11.6836546528172     
   16.1868076265120        12.3923557128884     
   16.1780367267823        12.9907444870520     
   16.1702770337741        13.4630904564336     
   16.1629736108714        13.8115659089369     
   16.1555481795688        14.0418096481791     
   16.1476428037066        14.1606741726163     
   16.1389060679131        14.1757411909614     
   16.1291860342133        14.0869466396202     
   16.1185263232268        13.9026533480954     
   16.1071434645375        13.6376564232741     
   16.0954126304464        13.3111306504984     
   16.0840518864307        12.9474796149951     
   16.0740330697898        12.5759044172164     
   16.0662478940824        12.2296623689925     
   16.0616740970337        11.9432606886918     
   16.0609897037304        11.7484402824674     
   16.0647240316960        11.6715807164446     
   16.0728871103066        11.7301466372922     
   16.0855217439482        11.9313567156371     
   16.1020899784093        12.2718643553990     
   16.1218319709419        12.7380851886884     
   16.1438064970679        13.3078325042733     
   16.1669600533555        13.9527946005505     
   16.1900914280077        14.6415239307412     
   16.2122824810522        15.3424984487447     
   16.2327117259120        16.0258473689027     
   16.2509274595881        16.6596471207245     
   16.2666841993272        17.2140004284004     
   16.2798859788065        17.6723608653175     
   16.2905814760178        18.0217254041585     
   16.2989876296607        18.2518010851990     
   16.3055700041555        18.3551346261495     
   16.3107934369124        18.3265733078865     
   16.3151954639959        18.1634355746294     
   16.3193356012159        17.8656038495151     
   16.3238304909414        17.4355364204288     
   16.3291274263305        16.8780661196762     
   16.3356630205224        16.2002623925317     
   16.3435180618567        15.4106882980683     
   16.3527980522553        14.5194362938057     
   16.3634686832506        13.5379130549697     
   16.3753014103174        12.4822849137096     
   16.3880575255517        11.3828901002907     
   16.4014132143093        10.2616541778726     
   16.4149033088993        9.13846587479579     
   16.4280416266181        8.03232450041025     
   16.4403638292684        6.96178729771617     
   16.4514407367250        5.93967358169644     
   16.4608389536156        4.97567986195563     
   16.4683045039612        4.07911289202451     
   16.4736661449163        3.24537436210933     
   16.4768305875413        2.46685112499507     
   16.4777522177665        1.73498071964037     
   16.4764863067882        1.04192956669080     
   16.4731504365188       0.382142111265143     
   16.4680147938063      -0.245980185409728     
   16.4614500817453      -0.839606582541086     
   16.4538613490422       -1.39129611467078     
   16.4456080899744       -1.88945765269575     
   16.4371513114968       -2.31971057301133     
   16.4288261225149       -2.67081260861866     
   16.4209978941699       -2.93451002812986     
   16.4140952480738       -3.10271349896793     
   16.4086591966311       -3.16484827379428     
   16.4049635976523       -3.12201176132819     
   16.4034688123551       -2.97893503366993     
   16.4040946876449       -2.74216714436160     
   16.4065389335587       -2.41926995818308     
   16.4103876061075       -2.01755074203782     
   16.4151267251638       -1.54392299448403     
   16.4201600701203       -1.00417497530901     
   16.4251179105311      -0.403119183121329     
   16.4294395290632       0.252963177742406     
   16.4327734922988       0.959757200151837     
   16.4347158891459        1.71268623436986     
   16.4348835037759        2.50736575322522     
   16.4329648238002        3.33795196562796     
   16.4288308107781        4.19317988619703     
   16.4222897190838        5.05742480858143     
   16.4133636087356        5.91976027669486     
   16.4021011894026        6.76139317614841     
   16.3886563209961        7.55136744495134     
   16.3733226094682        8.28031014327932     
   16.3562003034317        8.94793462700463     
   16.3377419602663        9.55429859811666     
   16.3182606887434        10.1012127677129     
   16.2982045161782        10.5953522679703     
   16.2780571472777        11.0487490445214     
   16.2582442107190        11.4790206883647     
   16.2391646306387        11.9071871692911     
   16.2209407651437        12.3582395023914     
   16.2038972280643        12.8625462909448     
   16.1879831004365        13.4500162085093     
   16.1730783564747        14.1461170241396     
   16.1590532842592        14.9587492948017     
   16.1456968896082        15.8893319338323     
   16.1327988564170        16.9305803255565     
   16.1203053065977        18.0628595776687     
   16.1081578014711        19.2533012661624     
   16.0964309415962        20.4549192977706     
   16.0853159824421        21.5902306728886     
   16.0753089279054        22.5906104850933     
   16.0669848509384        23.4000661333153     
   16.0610195454702        23.9733895409821     
   16.0578860660884        24.2805395584049     
   16.0580029698214        24.3079646223603     
   16.0615087605206        24.0571372244014     
   16.0685191219804        23.5407390694624     
   16.0788437181952        22.7796706117963     
   16.0922896204211        21.8010292834785     
   16.1085116871594        20.6370927932369     
   16.1270576761826        19.3247767572177     
   16.1472970669194        17.9042121529338     
   16.1684873541337        16.4163953809398     
   16.1899749389769        14.9038596024328     
   16.2110224099583        13.4029090451773     
   16.2312036480882        11.9555461890787     
   16.2500961430308        10.5908352672138     
   16.2674600792327        9.32370414857483     
   16.2830881157526        8.16414586989876     
   16.2969408394674        7.11810947035352     
   16.3090229857454        6.18844909201097     
   16.3193310468966        5.37592382447199     
   16.3280951620283        4.67929155176746     
   16.3354346728922        4.09548331459734     
   16.3415665699795        3.62610342077151     
   16.3466862102247        3.27075199413785     
   16.3510103349525        3.02289147345043     
   16.3547127210346        2.87476763603477     
   16.3579337697608        2.81448196199887     
   16.3607495905874        2.82542540464021     
   16.3633821539820        2.89034708136622     
   16.3659825099010        2.98928574989000     
   16.3687576345890        3.09945408489657     
   16.3716962330579        3.19687468473453     
   16.3750130029438        3.25899109637740     
   16.3786701159515        3.26701973649880     
   16.3826358799048        3.20874556342055     
   16.3868047234348        3.08145115525919     
   16.3911393799180        2.89163165299140     
   16.3955072728921        2.64586549623203     
   16.3999834453155        2.35738210894561     
   16.4045505509001        2.04157044277850     
   16.4091707750259        1.71470325944584     
   16.4138196890727        1.39282749246975     
   16.4185008235727        1.09122751967418     
   16.4233415293040       0.825935303737214     
   16.4284368584853       0.613349179513913     
   16.4339023594293       0.466656370071637     
   16.4399034399204       0.396207849947027     
   16.4465202092289       0.409660375639206     
   16.4537762647616       0.511611446740099     
   16.4616852770636       0.704418211432098     
   16.4701715934699       0.987203776313815     
   16.4790123292490        1.35603930144580     
   16.4879292720483        1.80366127701476     
   16.4964160495469        2.31911202762978     
   16.5038878832413        2.89072177022507     
   16.5096494852286        3.50108479827917     
   16.5128212222595        4.12595186644536     
   16.5124706978332        4.73012234100466     
   16.5076971404824        5.23887445816236     
   16.4976450970108        5.61153367890368     
   16.4816904379109        5.81786508210717     
   16.4593556053435        5.84057135198405     
   16.4304710534238        5.69347924433842     
   16.3951825499651        5.38355090761802     
   16.3541755725970        4.93857915753188     
   16.3086220653383        4.40593307447153     
   16.2600763392132        3.84880585161273     
   16.2106387673293        3.33592808829610     
   16.1623311959968        2.92848218635297     
   16.1172240254098        2.68194742918880     
   16.0769554689652        2.63426429292579     
   16.0427755168892        2.80302920634736     
   16.0155221209916        3.18610635858722     
   15.9956243074228        3.76486221830955     
   15.9832501955108        4.50793786220126     
   15.9782808603359        5.37560588148479     
   15.9803243408589        6.31921304790524     
   15.9888860729358        7.29290610117565     
   16.0031907689725        8.25561309057471     
   16.0222915337469        9.17012116966146     
   16.0451224966566        10.0037583206293     
   16.0706980187641        10.7287768697549     
   16.0978935178563        11.3218465952793     
   16.1257736585487        11.7634871637980     
   16.1532950484013        12.0376106453386     
   16.1795595810087        12.1314360554305     
   16.2037332046254        12.0384543935016     
   16.2251119270639        11.7616703817709     
   16.2431307824507        11.3051522262781     
   16.2575340689517        10.6623421954694     
   16.2681651656460        9.82677776203944     
   16.2752510619986        8.84338058015695     
   16.2791781397298        7.74010475997981     
   16.2805554278298        6.55102456310888     
   16.2799838176728        5.31557491737349     
   16.2786585089855        4.07858987757004     
   16.2774570682804        2.88759405270170     
   16.2774083372757        1.78777548551118     
   16.2795158843012       0.825334155244933     
   16.2845407788868       4.643733820843643E-002
   16.2931401689038      -0.505136722847863     
   16.3054880129328      -0.791098538812594     
   16.3215132484842      -0.788530017290801     
   16.3408900335503      -0.486977213755286     
   16.3629609783796       0.110174576052557     
   16.3870247934981       0.983402510101857     
   16.4122146320878        2.09638730445388     
   16.4376944347092        3.39498900467540     
   16.4625876016223        4.78568346988594     
   16.4860675173691        6.17613395769016     
   16.5074347203143        7.48666293540948     
   16.5263105409008        8.64480916752847     
   16.5426596984259        9.59066945826705     
   16.5566488542996        10.2820216452089     
   16.5685981132430        10.6953721484203     
   16.5791217072689        10.8241675254238     
   16.5885548769652        10.6819634178319     
   16.5973488191648        10.3178280366293     
   16.6056770615647        9.75638116852890     
   16.6136019105353        9.02275409272135     
   16.6210324677054        8.14882903104822     
   16.6278446618194        7.17294867044480     
   16.6338090457382        6.13651369985789     
   16.6386201779686        5.07857946961683     
   16.6419650486758        4.07226499135283     
   16.6435554771025        3.16100544483343     
   16.6430613249817        2.37843803503209     
   16.6403830872660        1.74981343623492     
   16.6353185328890        1.29730082709053     
   16.6276994475778        1.04107702306676     
   16.6173911390209       0.980423856151528     
   16.6041142958598        1.11104146167693     
   16.5876728030394        1.42737864178913     
   16.5678309772751        1.92276446624976     
   16.5445038606915        2.58937286441817     
   16.5175855574422        3.41763764812806     
   16.4872881412691        4.39593311644075     
   16.4538605038472        5.50980696011715     
   16.4177295090920        6.73658499457567     
   16.3794849085002        8.03689030667020     
   16.3398311360857        9.37807772273295     
   16.2997205200760        10.7272547173384     
   16.2600586609961        12.0523123007523     
   16.2217994422339        13.3224265265498     
   16.1858350003030        14.4933309913855     
   16.1529115671198        15.5283732638840     
   16.1235527598247        16.4228460448087     
   16.0980740177861        17.1721978400611     
   16.0766072222284        17.7729168137231     
   16.0589788748314        18.2226635847594     
   16.0450419933125        18.5189155548821     
   16.0344605576782        18.6585466988815     
   16.0268758249846        18.6375064768814     
   16.0218589470644        18.4521694769555     
   16.0189872557783        18.1003275296175     
   16.0178625252683        17.5834859346035     
   16.0182014197697        16.9094765528756     
   16.0198759872062        16.1121583021131     
   16.0228847328187        15.2372044682681     
   16.0274317694279        14.3214095830596     
   16.0338397757071        13.3990614127724     
   16.0425973600681        12.5107275701723     
   16.0541646718558        11.7165825575492     
   16.0689952523107        11.0416354994557     
   16.0873576153141        10.4873489162269     
   16.1093723604578        10.0446210232649     
   16.1348610470586        9.69799881675326     
   16.1634428664174        9.42993724262571     
   16.1945937167765        9.22445763215569     
   16.2275485482241        9.06927286520800     
   16.2615545513383        8.96504470985399     
   16.2957555235071        8.91450150958637     
   16.3294168247521        8.91459506363832     
   16.3618401659082        8.96408895275497     
   16.3923672259317        9.06225278213525     
   16.4204054659723        9.20765832351992     
   16.4455251820859        9.39724087069415     
   16.4672396542219        9.61492477436721     
   16.4854434732718        9.82740103705977     
   16.4999762907376        10.0181385683200     
   16.5108868420954        10.1701661214829     
   16.5184535447577        10.2783477333024     
   16.5231759514581        10.3268125119889     
   16.5257271068960        10.2777093228006     
   16.5269852224296        10.1179711427353     
   16.5279190162442        9.84214126995097     
   16.5295710606942        9.44881844634447     
   16.5329839139161        8.94056178653603     
   16.5389102921079        8.32284414322589     
   16.5479274507400        7.60307919526270     
   16.5601582812836        6.79033752425744     
   16.5753645422846        5.89451158454931     
   16.5928306809553        4.92754276972641     
   16.6116418984415        3.90299063954634     
   16.6305290865097        2.83748185390224     
   16.6482993669254        1.76167732805486     
   16.6637331592801       0.720111911855399     
   16.6758161276717      -0.263288110609594     
   16.6837435897842       -1.17167531855399     
   16.6869109090424       -1.99977296680921     
   16.6851690264221       -2.72986990402078     
   16.6784540058008       -3.33659052250979     
   16.6668935175610       -3.81758207735021     
   16.6509059746437       -4.17283442841243     
   16.6309971334808       -4.40162158954296     
   16.6078063361422       -4.50119936917866     
   16.5820765965359       -4.46674675343178     
   16.5546014034033       -4.29083329329486     
   16.5260809739361       -3.96412861322955     
   16.4973679528229       -3.47654799789450     
   16.4689919201590       -2.81854264272149     
   16.4414451646452       -1.98401484344071     
   16.4149897877473      -0.977213035622386     
   16.3898008197207       0.172312715876230     
   16.3657729704986        1.44452336028734     
   16.3428171277355        2.81729300528388     
   16.3207033860166        4.26629268698651     
   16.2993309280652        5.76363832470993     
   16.2785131067540        7.26311428969192     
   16.2581546535075        8.74239512649059     
   16.2381220151258        10.1874256620969     
   16.2183926742834        11.5860131112426     
   16.1988084079551        12.9266641928529     
   16.1792357748017        14.1970868935522     
   16.1595886064412        15.3820512263250     
   16.1396035783750        16.4617726312309     
   16.1190610197654        17.4078037108438     
   16.0976581617151        18.1406657044648     
   16.0751170026606        18.5973271173597     
   16.0512769407215        18.7299847206006     
   16.0260876938443        18.5013718305976     
   15.9996693701636        17.8944875164848     
   15.9725939371044        16.9236958849089     
   15.9456088125017        15.6629195030794     
   15.9198260268750        14.2054945229383     
   15.8965516673303        12.6625889721402     
   15.8771054442054        11.1595242830471     
   15.8629101260747        9.82141856469386     
   15.8550233041779        8.76215615464691     
   15.8542358536926        8.07179735898885     
   15.8608831080971        7.79856810004392     
   15.8749090735727        7.95944760364282     
   15.8959289400019        8.54080677276093     
   15.9230733332010        9.49935197147305     
   15.9551788544786        10.7635517902818     
   15.9909269793077        12.2345070736590     
   16.0287352251069        13.7812299939272     
   16.0670784916463        15.2635169701881     
   16.1044764412482        16.5401914661434     
   16.1397567696600        17.4823632117097     
   16.1720449903301        17.9891987806487     
   16.2008238480074        18.0034274898388     
   16.2261207285808        17.4932311081734     
   16.2482726203781        16.4708828915738     
   16.2679045653415        15.0087285038755     
   16.2857936136602        13.2200243750144     
   16.3027838591414        11.2463192207368     
   16.3195665117634        9.14854841614950     
   16.3366573203740        6.98073077323781     
   16.3543125667063        4.78991270020680     
   16.3725262182709        2.61435321081176     
   16.3912038511403       0.483674202585397     
   16.4100589807351       -1.57083932109544     
   16.4287864875550       -3.52158186888132     
   16.4469476316186       -5.35245847386543     
   16.4643075010380       -7.05330104923449     
   16.4805598397155       -8.61721924504543     
   16.4954014510153       -10.0414764451200     
   16.5087003862043       -11.3189846765742     
   16.5203357683192       -12.4367449169929     
   16.5302658994032       -13.4051438652961     
   16.5385050045719       -14.2403553245632     
   16.5450648885408       -14.9620028575600     
   16.5499868594244       -15.5934212657295     
   16.5532416464406       -16.1593160234597     
   16.5549762177379       -16.6705369037112     
   16.5550938927385       -17.1025603115732     
   16.5536039479880       -17.4591781700516     
   16.5504088571967       -17.7410535461209     
   16.5454191549826       -17.9432916081005     
   16.5384037107154       -18.0547083367930     
   16.5288221163886       -18.0594280605194     
   16.5169694398551       -17.9418299287844     
   16.5024585413512       -17.6827022016900     
   16.4852003824018       -17.2622493963897     
   16.4652054616890       -16.6638547385378     
   16.4425249157545       -15.8754614562648     
   16.4173630574338       -14.8970692701933     
   16.3898563479221       -13.7560535694586     
   16.3605679674885       -12.4626660988834     
   16.3299609475344       -11.0384374437662     
   16.2987295156222       -9.50569476706585     
   16.2676477219424       -7.89034528601608     
   16.2377955477661       -6.22920846131157     
   16.2101354133511       -4.53440531129499     
   16.1857131942481       -2.81555005682810     
   16.1654408232130       -1.08242653541949     
   16.1499951995490       0.656508807029996     
   16.1397198846440        2.39358446930692     
   16.1347091380491        4.12039988787083     
   16.1345843637131        5.82637411975880     
   16.1387114119859        7.49739406174344     
   16.1460526728601        9.11523061464396     
   16.1553860184187        10.6566472916041     
   16.1651403242473        12.0939648521038     
   16.1738724908987        13.3966832695295     
   16.1800099185087        14.5332992769197     
   16.1821869585686        15.4754724760091     
   16.1793665264312        16.1652094827947     
   16.1707931517596        16.4925420930183     
   16.1561151908063        16.4558899354881     
   16.1355812481527        16.0810153741074     
   16.1098431460055        15.4161038618806     
   16.0798821631614        14.5311002983819     
   16.0471513577664        13.5144497582386     
   16.0132768089664        12.4676722010860     
   15.9801258770812        11.4978351692925     
   15.9495284161697        10.7091221611610     
   15.9231422760482        10.1937387396216     
   15.9023815900346        10.0236107575286     
   15.8883671579565        10.2434996487990     
   15.8816965116144        10.8662537979632     
   15.8826340636391        11.8701795724591     
   15.8907355069651        13.1990028568265     
   15.9056097315907        14.7652572927524     
   15.9262542733255        16.4411032905386     
   15.9515585060752        18.0761145569390     
   15.9803236270767        19.5379379741288     
   16.0114022090686        20.7047893735631     
   16.0437781273505        21.4744819017365     
   16.0766133098397        21.7701024481710     
   16.1092584258818        21.5524096093891     
   16.1409868461368        20.8008296234361     
   16.1713360037181        19.5060877208422     
   16.1997162416864        17.6755044378327     
   16.2255501962495        15.3518433304933     
   16.2483136106495        12.6489093135867     
   16.2675155571666        9.61609871687008     
   16.2828789198339        6.30942336346356     
   16.2943819579915        2.82755131698542     
   16.3023424422378      -0.689468044621056     
   16.3072590337193       -4.14109979145362     
   16.3102579981718       -7.42565672357446     
   16.3122622047351       -10.4127210317524     
   16.3143840107551       -13.0533995555785     
   16.3176338907399       -15.3332477294215     
   16.3228545039081       -17.2564391000890     
   16.3305721241733       -18.8394830979306     
   16.3411938855700       -20.1056183121563     
   16.3547196729012       -21.0805604624013     
   16.3709564642800       -21.7886808646148     
   16.3895023990235       -22.2512493027813     
   16.4097721356383       -22.4842945947929     
   16.4310688001327       -22.4976467083951     
   16.4526439863533       -22.2949013371335     
   16.4736083265497       -21.8658503497904     
   16.4930507626694       -21.1995632179670     
   16.5101953505500       -20.2850736495029     
   16.5242240809311       -19.1112215458955     
   16.5344801420108       -17.6709985292754     
   16.5404969577232       -15.9889515917613     
   16.5420694095762       -14.1439064274680     
   16.5393469366686       -12.1490990989042     
   16.5329319400507       -10.0390532114727     
   16.5235885447111       -7.91712555516149     
   16.5126458658925       -5.83331726576286     
   16.5013582549800       -3.82372204147434     
   16.4909813608884       -1.92391441560931     
   16.4823111748157      -0.171026082908680     
   16.4756360819332        1.39563116174598     
   16.4707728337039        2.72806214812584     
   16.4669900322734        3.77655163270984     
   16.4632699833691        4.49147544889116     
   16.4586038910989        4.78814784448586     
   16.4521288990121        4.68743171674422     
   16.4432473161422        4.24417820365545     
   16.4315994823133        3.53850696495840     
   16.4173416911575        2.70089898281970     
   16.4006905050815        1.83768241877425     
   16.3821665096514        1.03822092212322     
   16.3624476007520       0.381773039196960     
   16.3422411383741      -5.618354961937833E-002
   16.3222437384578      -0.216938426925607     
   16.3031791685930      -7.825923441684512E-002
   16.2855242229045       0.367656055580587     
   16.2695959360121        1.11587821111412     
   16.2555306854635        2.15063587707853     
   16.2431727147933        3.44410884023449     
   16.2322215822326        4.95840690140862     
   16.2222386675736        6.65179578257048     
   16.2126574748848        8.47551440974440     
   16.2028403835210        10.3560483005493     
   16.1921829288540        12.2083104227195     
   16.1800878940596        13.9671517500501     
   16.1660441046950        15.5795122578878     
   16.1497740132965        17.0031708925129     
   16.1311563715374        18.2018222392052     
   16.1102797038715        19.1289905854170     
   16.0874881085447        19.7774369073796     
   16.0631987691437        20.1547725647136     
   16.0379370322849        20.2754685304123     
   16.0124945738267        20.1730327621983     
   15.9875436255169        19.8709267760349     
   15.9637555944844        19.3805035547578     
   15.9419570347261        18.7137607952036     
   15.9229145529493        17.8843097539936     
   15.9073922985584        16.9091999962717     
   15.8960080755879        15.8103000566552     
   15.8895449518174        14.6161459101709     
   15.8885823713554        13.3629443428089     
   15.8936272213819        12.0943595606130     
   15.9051452357515        10.8601365116580     
   15.9234720004255        9.71944712155867     
   15.9484751004407        8.74899617951113     
   15.9797749181696        7.98763880302849     
   16.0163853740037        7.45265243460986     
   16.0569468899474        7.14048051865808     
   16.0999433624167        7.02881070322682     
   16.1438507522612        7.08407413616997     
   16.1873605837690        7.26532342933356     
   16.2292781178249        7.52287748256230     
   16.2689608896660        7.80729928185577     
   16.3057400255365        8.08208584217051     
   16.3392012306797        8.32020563955797     
   16.3690799439190        8.50144368590037     
   16.3952457433141        8.61272500671643     
   16.4178128319446        8.64065638437860     
   16.4369573262798        8.57790259513055     
   16.4530244848299        8.42391333636728     
   16.4664540468251        8.18261199576300     
   16.4777361737534        7.87107364780258     
   16.4876057689117        7.52236978959378     
   16.4964515549117        7.14292841219571     
   16.5050017247932        6.73762487274727     
   16.5137025726194        6.31091261793553     
   16.5230016219347        5.86455334425600     
   16.5331260486476        5.40467704861297     
   16.5441749020680        4.93957346448311     
   16.5560317340286        4.47648447494577     
   16.5684172625476        4.02202684796774     
   16.5808248647374        3.58129780644305     
   16.5927796733081        3.15932129039629     
   16.6037117415760        2.75943283892743     
   16.6130171372180        2.38807156327917     
   16.6200784978154        2.05279159298952     
   16.6243688717532        1.75929177013832     
   16.6254188870446        1.51340289785945     
   16.6228015852798        1.32121214782798     
   16.6162246373991        1.18917566453126     
   16.6055905638877        1.11943783865320     
   16.5909375206420        1.12157715087551     
   16.5726931427518        1.21245352798745     
   16.5512825705591        1.39108807418410     
   16.5272968385043        1.65345758891923     
   16.5013193423074        1.99334275098707     
   16.4742116001014        2.40298984182683     
   16.4467120511095        2.87377812118682     
   16.4196911896003        3.39100207074139     
   16.3939286833580        3.94811929582440     
   16.3700174873606        4.54399401117142     
   16.3480721478405        5.17936187064044     
   16.3281656304957        5.85625800312076     
   16.3099688864713        6.57718163256111     
   16.2930425646363        7.34419241197455     
   16.2769335928270        8.15825550795956     
   16.2613458829201        9.01902167628997     
   16.2460298165729        9.92446246238637     
   16.2308165400393        10.8560343959532     
   16.2156772389875        11.7941305917589     
   16.2006611076411        12.7293275978173     
   16.1859505160295        13.6509459337512     
   16.1718202309100        14.5471896480015     
   16.1587027098883        15.4051476019375     
   16.1470007707731        16.2021515114575     
   16.1372836768363        16.9191845848843     
   16.1300841687662        17.5480386803461     
   16.1258940783816        18.0808975142314     
   16.1252956618778        18.5093302310566     
   16.1287369016589        18.8239666338799     
   16.1366135066308        19.0137583964737     
   16.1491429633399        19.0662061562700     
   16.1661638584178        18.9691243443916     
   16.1872135733825        18.7061837706181     
   16.2112166988098        18.2747722662090     
   16.2367495944439        17.6862785212837     
   16.2624336844533        16.9668755755914     
   16.2868552393886        16.1684078233938     
   16.3088832337741        15.3389969363751     
   16.3277374025628        14.5191394233076     
   16.3430433130733        13.7434714958668     
   16.3546505890115        13.0393722789374     
   16.3627361625917        12.4269113575578     
   16.3676120680256        11.9197451023874     
   16.3697130315904        11.5260882081311     
   16.3696630992063        11.2502349399059     
   16.3680574778034        11.0909456652235     
   16.3655159710608        11.0447171621423     
   16.3625010831796        11.1066095009053     
   16.3595861587297        11.2679503507479     
   16.3570188495580        11.5177534024727     
   16.3549660335777        11.8434934996892     
   16.3534767179093        12.2310290444074     
   16.3524373560034        12.6645892569167     
   16.3516800042966        13.1265722465352     
   16.3510745240748        13.5972901931010     
   16.3503741166181        14.0557045551465     
   16.3492455404961        14.4773157410422     
   16.3474651939096        14.8290895649546     
   16.3448187606402        15.0936059469390     
   16.3412066864471        15.2582549197942     
   16.3365644363843        15.3134175962226     
   16.3310761274825        15.2519691526004     
   16.3249034927861        15.0702871467048     
   16.3182674513436        14.7651382009379     
   16.3115137146938        14.3319345139945     
   16.3049744214302        13.7663084138410     
   16.2990639798654        13.0647989239057     
   16.2942265405661        12.2258560440122     
   16.2908468303559        11.2519852957947     
   16.2894430941880        10.1515812663995     
   16.2901006216223        8.94307129274498     
   16.2929132117957        7.67789223851822     
   16.2975824260782        6.39849952491548     
   16.3038322430910        5.14108294373915     
   16.3113766272124        3.93807037073163     
   16.3201426635684        2.82936720332803     
   16.3300278902368        1.86146239328831     
   16.3408345732558        1.04241209608178     
   16.3520519327952       0.372262187959953     
   16.3631816250314      -0.153602715441631     
   16.3735740073963      -0.542677648753817     
   16.3826817019986      -0.802711283296683     
   16.3901218549138      -0.940258583377274     
   16.3956016692692      -0.959400408580780     
   16.3990847761077      -0.861190161294126     
   16.4005405578416      -0.644026400702653     
   16.4000692451660      -0.304694010876352     
   16.3978392215985       0.160996326101973     
   16.3941203526367       0.757011108681668     
   16.3893522398808        1.48525111664654     
   16.3839929173854        2.34688336965907     
   16.3785123620565        3.33920542898079     
   16.3734727685202        4.43968933413135     
   16.3692053592522        5.61301454913941     
   16.3659908687191        6.83797372320615     
   16.3639464492016        8.09143049627432     
   16.3631331014550        9.34894682426205     
   16.3634312378148        10.5835531489509     
   16.3647913821695        11.7526873854913     
   16.3668706488861        12.8130115260837     
   16.3691856401970        13.7307564353062     
   16.3711162493221        14.4759956568833     
   16.3718607276113        15.0215406998314     
   16.3707173937839        15.3444904211197     
   16.3669683265657        15.4269358159325     
   16.3600380421057        15.2573797102204     
   16.3494630050325        14.8320546965670     
   16.3352270708636        14.1588062032169     
   16.3173588787410        13.2648835266060     
   16.2963463565980        12.1869533201315     
   16.2730148748730        10.9773596745578     
   16.2485630426180        9.70371384187518     
   16.2246681967961        8.44645647331252     
   16.2031427960603        7.29389689810778     
   16.1858270142909        6.33042133905918     
   16.1741552811982        5.62980519225501     
   16.1692275301466        5.24503067410299     
   16.1712211966879        5.19388691860559     
   16.1796981709296        5.46492733656182     
   16.1935970356342        6.02362681692657     
   16.2115865334386        6.81743416399105     
   16.2320891980744        7.78063145345355     
   16.2533930999118        8.83666117010617     
   16.2737594359395        9.91262620866917     
   16.2916501450936        10.9421921805753     
   16.3058025564898        11.8701194104981     
   16.3152773795298        12.6532463497944     
   16.3196707129170        13.2604952926842     
   16.3187827568287        13.6710334109243     
   16.3127194782751        13.8638563880197     
   16.3019191813731        13.8263054179612     
   16.2869183586610        13.5647295135202     
   16.2684722865306        13.1336244639382     
   16.2475257570051        12.5516988983752     
   16.2251898300178        11.8262719867962     
   16.2026450980298        10.9676793895282     
   16.1811224303512        9.98990902044304     
   16.1617593435746        8.91129005787863     
   16.1456398071795        7.75428207532404     
   16.1334270673871        6.54500488159014     
   16.1255137661793        5.31243174594785     
   16.1218603316386        4.08717996562993     
   16.1223343678693        2.90095895497279     
   16.1263167086305        1.78665084095931     
   16.1335904340121       0.786052237788799     
   16.1434486426137      -6.699542815120640E-002
   16.1552371641098      -0.746752097975766     
   16.1683242441323       -1.23314499410017     
   16.1821011599733       -1.51190574081035     
   16.1961815986582       -1.57483593380103     
   16.2102406974971       -1.41919159532902     
   16.2240700872165       -1.04732349826522     
   16.2375987329373      -0.466154708819728     
   16.2508320291817       0.312311915031934     
   16.2637304507121        1.27070387786087     
   16.2763200218947        2.38615562269974     
   16.2885768619471        3.62948367063757     
   16.3005311437278        4.96530313417561     
   16.3122096220198        6.35215306336861     
   16.3235893404437        7.74306239507671     
   16.3346490109205        9.08790047751101     
   16.3452768787526        10.3358622965937     
   16.3551712645107        11.4188254202199     
   16.3641406666764        12.2420101978779     
   16.3717299678539        12.7703636348768     
   16.3775657608861        12.9884328958549     
   16.3813668297911        12.8999010096446     
   16.3829218560992        12.5372516304835     
   16.3820288768027        11.9490330462826     
   16.3788129347963        11.1849814422699     
   16.3733566417850        10.3033638458316     
   16.3659423171561        9.36575539806624     
   16.3570258029676        8.43263872833726     
   16.3471659096214        7.56069458362645     
   16.3370735775629        6.80133849259814     
   16.3275022750069        6.19638454230426     
   16.3193186347977        5.77741905777503     
   16.3133007998803        5.56388936732663     
   16.3100963498606        5.56115990898090     
   16.3101935039282        5.75914937594834     
   16.3137864816147        6.13189112705869     
   16.3208163891844        6.63893586875477     
   16.3310187765832        7.22831243039624     
   16.3437872061347        7.84136762836788     
   16.3581991515272        8.41798299736367     
   16.3731427740283        8.90367189717937     
   16.3874393765213        9.25453075689347     
   16.4002003052708        9.43627254373254     
   16.4104609556481        9.42143172532569     
   16.4175818449599        9.21056546524164     
   16.4210218273620        8.82003400110851     
   16.4204114149626        8.27669120568158     
   16.4156271174299        7.62326640406856     
   16.4067868121824        6.92240754492850     
   16.3940933507656        6.20113934504049     
   16.3780751271902        5.48155860429735     
   16.3592834348886        4.78354891981814     
   16.3385151141605        4.12523767924669     
   16.3165136706650        3.52272529238857     
   16.2942050220152        2.99045504979354     
   16.2725096819949        2.54145973961499     
   16.2522762154757        2.18694821517207     
   16.2343421197724        1.93579378255819     
   16.2193811137627        1.79506552385535     
   16.2081712906681        1.77020096939928     
   16.2009297030218        1.86419632221686     
   16.1981659293386        2.07778451025138     
   16.1999059622245        2.40947003861218     
   16.2061626412786        2.85564876379585     
   16.2166840883825        3.40974838279993     
   16.2310821834123        4.06205080681042     
   16.2487101142801        4.79942519761090     
   16.2688868281066        5.60501194217099     
   16.2905736380980        6.45909433441325     
   16.3126038860177        7.33954044429041     
   16.3337672394625        8.22360688266724     
   16.3528741048275        9.08782336076872     
   16.3690656748232        9.90913378660713     
   16.3815305356753        10.6647277427173     
   16.3896041896639        11.3323816010759     
   16.3933294660281        11.8936620974603     
   16.3928098718033        12.3307321685888     
   16.3884895764458        12.6119165828934     
   16.3811759770453        12.7307112076222     
   16.3718067357947        12.6938695752148     
   16.3613583116733        12.5192877698375     
   16.3509081068022        12.2338035248274     
   16.3412891971462        11.8704181830215     
   16.3331744288318        11.4644133767953     
   16.3269969324962        11.0510011275137     
   16.3230591746657        10.6633958589314     
   16.3214363539036        10.3314937420123     
   16.3217348766443        10.0799653514501     
   16.3238860902970        9.92816013092161     
   16.3273779821569        9.88866946839597     
   16.3316072675888        9.96763175900895     
   16.3359039492429        10.1648613265982     
   16.3395791320566        10.4738307690902     
   16.3422185129144        10.8835432328290     
   16.3432782336469        11.3786262092252     
   16.3423206311114        11.9404898049661     
   16.3391762794410        12.5477993517501     
   16.3337621735389        13.1767819767518     
   16.3262574637725        13.8014782646803     
   16.3168712901626        14.3943850753812     
   16.3059371291151        14.9276890111601     
   16.2941269600930        15.3745630802629     
   16.2818840351961        15.7116620028889     
   16.2698260618477        15.9203551402589     
   16.2583953251932        15.9884305064730     
   16.2479476819344        15.9020189877397     
   16.2388318913418        15.6533056401817     
   16.2312306941676        15.2472777914845     
   16.2251858344032        14.6971672763306     
   16.2206749313331        14.0325932785354     
   16.2176954809149        13.2765636549243     
   16.2160561848508        12.4565676213577     
   16.2154735306126        11.6000601403343     
   16.2156847762256        10.7346161151987     
   16.2162326134515        9.88674080130609     
   16.2167307514138        9.07956943486896     
   16.2168823006814        8.33090769256109     
   16.2167015214014        7.65326327541303     
   16.2161516622840        7.05505543150679     
   16.2155099337430        6.54086165284524     
   16.2151116997230        6.11237547458545     
   16.2154340551432        5.76929105207299     
   16.2169972286086        5.50966118350338     
   16.2203178104718        5.33022195122917     
   16.2259276252344        5.22663021786423     
   16.2342496053384        5.19707706634805     
   16.2455675621243        5.24105505620055     
   16.2601146839600        5.35015103762086     
   16.2779344431138        5.51534634344026     
   16.2989859489303        5.72698025012736     
   16.3231972954865        5.97476604871736     
   16.3503928274340        6.24759498486281     
   16.3801973341093        6.53282300372128     
   16.4123870270975        6.81650286326630     
   16.4462282811857        7.08350411278025     
   16.4809042227237        7.31808135566283     
   16.5153385789376        7.50534020866405     
   16.5483325496764        7.63181051014041     
   16.5786909570065        7.67747338996236     
   16.6054727416061        7.62858488005698     
   16.6278700017738        7.48123522080551     
   16.6454433632128        7.23667325064789     
   16.6580001697997        6.90621128569888     
   16.6657311049405        6.50385290855964     
   16.6692155680823        6.04528402970645     
   16.6692268899143        5.55133687334956     
   16.6668805814894        5.04746889536688     
   16.6632686241076        4.56089554360683     
   16.6593898870943        4.11786638245448     
   16.6560021030404        3.74170627549143     
   16.6535160057123        3.44879079047223     
   16.6521380307522        3.24856860270716     
   16.6518139077399        3.14567758689777     
   16.6523861740662        3.14059809900239     
   16.6537555804710        3.23081629659996     
   16.6556800373839        3.40903208706726     
   16.6576482872047        3.66946930805709     
   16.6592020129985        4.00640917056715     
   16.6596373335449        4.41318986728846     
   16.6582627666254        4.88265325009072     
   16.6543557778994        5.40921519295641     
   16.6472648549485        5.98743888003051     
   16.6364439536326        6.61228183116519     
   16.6214292008871        7.27871693957129     
   16.6020557784643        7.98145220890818     
   16.5782780473107        8.71395682636058     
   16.5502928280272        9.46808213513746     
   16.5185432945735        10.2329278521653     
   16.4838485741955        10.9929564928615     
   16.4472155141965        11.7313664085408     
   16.4098642475197        12.4298283530600     
   16.3729711433477        13.0700726066299     
   16.3376726390328        13.6399281634260     
   16.3047126121016        14.1263877324498     
   16.2745500311250        14.5210798606206     
   16.2474181867654        14.8211107836911     
   16.2233457019928        15.0262849255948     
   16.2022402903423        15.1395482571733     
   16.1838741926089        15.1666214660988     
   16.1678967300878        15.1164281331471     
   16.1538292452838        15.0008970475097     
   16.1411397643555        14.8344339473449     
   16.1294808500055        14.6346450342489     
   16.1183887419318        14.4180381087003     
   16.1075089672278        14.2000004156951     
   16.0966703495135        13.9948085901975     
   16.0857710542078        13.8157504977304     
   16.0749354239773        13.6746991777829     
   16.0643906382470        13.5823988911361     
   16.0545642863891        13.5480353264882     
   16.0460142044903        13.5787470954571     
   16.0393942181107        13.6791369287544     
   16.0356429564876        13.8502589888949     
   16.0354728457572        14.0889996134922     
   16.0395326660746        14.3876766624742     
   16.0481662297789        14.7343217002236     
   16.0614435794931        15.1137757234457     
   16.0791323509234        15.5087760531790     
   16.1006010585537        15.8998479308697     
   16.1251326120575        16.2672583069428     
   16.1518246349289        16.5956045405705     
   16.1797231730572        16.8716043201086     
   16.2079848611783        17.0849535529422     
   16.2357410588043        17.2280835292740     
   16.2622942446723        17.2956662612179     
   16.2871592490319        17.2842826746502     
   16.3099600984595        17.1924508583662     
   16.3304922914295        17.0192961224187     
   16.3486778655790        16.7644190856634     
   16.3645887577072        16.4280606076563     
   16.3784430757997        16.0110736452395     
   16.3905210978464        15.5154273986125     
   16.4011483809902        14.9445714727327     
   16.4107948459259        14.3045500197728     
   16.4197864167279        13.6162138500988     
   16.4288044770310        12.8946668559738     
   16.4380814746691        12.1516154056313     
   16.4478847916977        11.3991794619103     
   16.4585796693570        10.6491307109939     
   16.4701874785710        9.91233291291908     
   16.4826463192727        9.19835529800756     
   16.4957677814117        8.51506595267287     
   16.5092292714751        7.86897636297556     
   16.5226795411325        7.26602108633427     
   16.5356404791184        6.71237306115529     
   16.5475467203045        6.20790464998279     
   16.5577906888135        5.75073761708757     
   16.5660423041395        5.33820123081982     
   16.5718760521113        4.96694344321102     
   16.5750540696952        4.63325613021064     
   16.5754603890421        4.33372425955684     
   16.5731135767267        4.06741418427166     
   16.5681361050391        3.83822889046832     
   16.5607653160581        3.64513437439851     
   16.5513943982395        3.48642819017866     
   16.5404556470669        3.36101510064105     
   16.5284008204782        3.26832033685519     
   16.5156990091825        3.20660292525162     
   16.5028731529362        3.17489281995470     
   16.4902766917685        3.17363141560374     
   16.4781501850834        3.20318196422958     
   16.4667786209807        3.26351828447035     
   16.4562109339325        3.35416235293433     
   16.4466249208481        3.47417600765373     
   16.4379796358431        3.62217097729040     
   16.4301167784743        3.79659609299343     
   16.4228013773711        3.99208349545325     
   16.4157678909201        4.19745217771256     
   16.4085949007923        4.41201201090040     
   16.4009230549739        4.63636666107234     
   16.3925217047401        4.87163968795108     
   16.3830933729076        5.12040935560051     
   16.3725301580169        5.38590480542114     
   16.3608231754275        5.67137589030796     
   16.3480991980585        5.97830730820089     
   16.3345481470723        6.30915814523766     
   16.3205561427050        6.66649814684108     
   16.3066002574578        7.05008166205691     
   16.2931332773728        7.45660879919176     
   16.2806125290673        7.88500662268673     
   16.2694469757854        8.33487816382638     
   16.2599404793549        8.80574119107193     
   16.2522878522030        9.29649853991874     
   16.2464250193840        9.80583404052123     
   16.2422904141665        10.3319594287898     
   16.2396673186598        10.8730615944378     
   16.2383190682314        11.4263995938132     
   16.2379083594612        11.9885436140727     
   16.2380323658348        12.5558089373886     
   16.2382855916479        13.1236274151480     
   16.2382890495690        13.6872369841553     
   16.2376584489150        14.2419223625802     
   16.2361271604161        14.7821381996897     
   16.2333272547665        15.3024976356378     
   16.2293296399987        15.7973937558472     
   16.2241482854971        16.2610771473090     
   16.2179540275792        16.6847361224951     
   16.2111100060686        17.0598206014648     
   16.2041418998454        17.3807816231650     
   16.1976544354171        17.6427674341614     
   16.1923580474556        17.8421957626682     
   16.1888920236077        17.9771031054044     
   16.1879128016275        18.0474250676738     
   16.1897558159443        18.0548773156910     
   16.1945946349847        18.0026236333102     
   16.2024671821984        17.8949232104446     
   16.2131646939007        17.7359683371961     
   16.2263928572555        17.5294551723141     
   16.2417106793446        17.2784527643387     
   16.2586570777883        16.9850601457664     
   16.2766618375298        16.6507833355392     
   16.2949841583044        16.2769846841170     
   16.3131880873696        15.8674905548386     
   16.3305213458455        15.4224757468536     
   16.3463507880402        14.9402689418750     
   16.3601718745780        14.4177098986161     
   16.3715302063607        13.8499271196173     
   16.3800833266067        13.2304073638063     
   16.3854601178435        12.5508811679381     
   16.3876555623609        11.8023801037257     
   16.3864956442353        10.9753160448546     
   16.3820823334483        10.0629865939719     
   16.3747033616419        9.08441701923003     
   16.3648604338029        8.05172484458487     
   16.3532958783129        6.97713801368085     
   16.3407969931192        5.88537645957134     
   16.3286540693329        4.80379275453630     
   16.3176507257704        3.76143629017797     
   16.3086120987596        2.78668177603403     
   16.3019080388814        1.90291240106513     
   16.2977963276156        1.12668492343837     
   16.2961564520756       0.466581758351168     
   16.2967548682508      -7.604993763799950E-002
   16.2992012179244      -0.505456668810510     
   16.3030373818122      -0.829810866493451     
   16.3078222300097       -1.05862136030219     
   16.3130610717150       -1.20201191861656     
   16.3183417812372       -1.26946381983368     
   16.3234195905712       -1.26882571086343     
   16.3280569522702       -1.20619235807525     
   16.3322360862765       -1.08624844668462     
   16.3359331804805      -0.911984806339679     
   16.3392253400988      -0.685328071903287     
   16.3422848702077      -0.407346128185941     
   16.3452287028355      -7.901299624167990E-002
   16.3483614405829       0.298184623850024     
   16.3518455185768       0.722372731973810     
   16.3558819525253        1.19059260334768     
   16.3605312128162        1.69845952915780     
   16.3657711491348        2.24012659100542     
   16.3714537205289        2.80840115004145     
   16.3773066026312        3.39500011960049     
   16.3828816093467        3.99229840820486     
   16.3877580910932        4.59236466317564     
   16.3914783746805        5.15674561803071     
   16.3935974979877        5.66235461101800     
   16.3937357476606        6.11151211238606     
   16.3916420400735        6.51275665776215     
   16.3870925685584        6.88079671396283     
   16.3800759811470        7.23512601249676     
   16.3706269237749        7.59635255259820     
   16.3588862377030        7.98645475295334     
   16.3451115832843        8.42660702297560     
   16.3297128308362        8.93384400537342     
   16.3131446531908        9.51765280042065     
   16.2960674549246        10.1857258666061     
   16.2791116221882        10.9400282979306     
   16.2628645886427        11.7759658533802     
   16.2479329396731        12.6822778393082     
   16.2348417505757        13.6411113909239     
   16.2239194708466        14.6271246050247     
   16.2156735933017        15.6099315837776     
   16.2103282865632        16.5486384859382     
   16.2080652056605        17.4090949729814     
   16.2088597628410        18.1613175835781     
   16.2125434211471        18.7789504031179     
   16.2186203192799        19.2412984549575     
   16.2265884045886        19.5350914272318     
   16.2356164441004        19.6549927531184     
   16.2449607417693        19.6034901314470     
   16.2538396728044        19.3897561039016     
   16.2616163157712        19.0280092835874     
   16.2678553786913        18.5360957437075     
   16.2722264564765        17.9338748596634     
   16.2746154229437        17.2448127128258     
   16.2750596047366        16.4993843848821     
   16.2737680039246        15.7209304882368     
   16.2710711178378        14.9313372035957     
   16.2674778322567        14.1514756644947     
   16.2634940128451        13.4007356336080     
   16.2597358950650        12.6962854322052     
   16.2567424364889        12.0526896927288     
   16.2549830142412        11.4812861085027     
   16.2548350732286        10.9893363190181     
   16.2566515979208        10.5805613183414     
   16.2605871785101        10.2545642338454     
   16.2665373404569        10.0072288846035     
   16.2741924125750        9.83341730580851     
   16.2829398411409        9.72596932915633     
   16.2920312370351        9.67604595859611     
   16.3005687893008        9.67459710322499     
   16.3078964841466        9.71251447183497     
   16.3133626144354        9.78094221244453     
   16.3165937971878        9.87148916466442     
   16.3174512649021        9.97983290261394     
   16.3160652236129        10.1032542867124     
   16.3127102776941        10.2312972863282     
   16.3078748314120        10.3537771703422     
   16.3022418908460        10.4553383402117     
   16.2964145871737        10.5272557284127     
   16.2912761573360        10.5658034933872     
   16.2876045880471        10.5691548897504     
   16.2860807896044        10.5375999623416     
   16.2873274945694        10.4726265774194     
   16.2916615605318        10.3769116455658     
   16.2994644097076        10.2536484480748     
   16.3106843577169        10.1056139481424     
   16.3251618644767        9.93506402080371     
   16.3425478677723        9.74348836356133     
   16.3622643068082        9.53271143486807     
   16.3835330433089        9.30716704779067     
   16.4054227257331        9.07975205470734     
   16.4268581682678        8.85890819810208     
   16.4466153038041        8.65041753520438     
   16.4636780107411        8.45398695768043     
   16.4769188199523        8.27591668807301     
   16.4857705057062        8.12302504315697     
   16.4897218510627        8.00255458023067     
   16.4886698938170        7.92185790473793     
   16.4826711847653        7.89161751317547     
   16.4720977958995        7.91676534661384     
   16.4576313874285        8.00032590252022     
   16.4400665589157        8.14564392213712     
   16.4205797077775        8.35610512326238     
   16.4003259686450        8.63486310532214     
   16.3805551307763        8.98425393476492     
   16.3622238010510        9.40518306033929     
   16.3461367201221        9.89638630649432     
   16.3327318033188        10.4540431268117     
   16.3221244498375        11.0663399525203     
   16.3143598930946        11.7159220471522     
   16.3091229891016        12.3847838189333     
   16.3060557570541        13.0512253543271     
   16.3045680211000        13.6913427416487     
   16.3041680345101        14.2802661168773     
   16.3041700176309        14.7949709690508     
   16.3039589138206        15.2160233170541     
   16.3030906723644        15.5291934476912     
   16.3011801378095        15.7256501925273     
   16.2980616551011        15.8008445016718     
   16.2937540424474        15.7546060187098     
   16.2882785943909        15.5900617381766     
   16.2818905040742        15.3132997004306     
   16.2748905884234        14.9333727169013     
   16.2677801302960        14.4589682890139     
   16.2610803704168        13.9005823964828     
   16.2554026927426        13.2716311923659     
   16.2514047142707        12.5875778906392     
   16.2496163093065        11.8659292986931     
   16.2506504309383        11.1235837070562     
   16.2548415859141        10.3739746148286     
   16.2623586826375        9.63098886009445     
   16.2732183316531        8.90670581601990     
   16.2871412882568        8.21544852289561     
   16.3037279973780        7.56748507367142     
   16.3223146830403        6.96720396694588     
   16.3420608203469        6.41861258935848     
   16.3619852617545        5.92588828199827     
   16.3811376827870        5.49361225713312     
   16.3986224871118        5.12776618535696     
   16.4136040896572        4.83677264166240     
   16.4253280917595        4.62699196365024     
   16.4332702021740        4.50475749313466     
   16.4373522057542        4.47698439116487     
   16.4373836665374        4.55020940705213     
   16.4334708520546        4.72436629137793     
   16.4258968489189        4.99222304000833     
   16.4152925155953        5.35012972038282     
   16.4025021821243        5.79131825531399     
   16.3886268958784        6.30544262750478     
   16.3746983781933        6.88126761194243     
   16.3620007657003        7.50830226212743     
   16.3515639791238        8.15343713251857     
   16.3441989138757        8.79433958592862     
   16.3404465619105        9.41498864874869     
   16.3405507893411        10.0001216438407     
   16.3442446833730        10.5348849831281     
   16.3512667950682        11.0055698250917     
   16.3605475963713        11.3993578962576     
   16.3712104304402        11.6974113018084     
   16.3819794149045        11.8907668900946     
   16.3915859459302        11.9783208287618     
   16.3989948629952        11.9647419497980     
   16.4032981723564        11.8597279465311     
   16.4041194649922        11.6771899411148     
   16.4011462667074        11.4344160637134     
   16.3944243755893        11.1512813129537     
   16.3842467148967        10.8508294625686     
   16.3711663224279        10.5647284684446     
   16.3558683826715        10.3171788991052     
   16.3392664159363        10.1299010411007     
   16.3222420040992        10.0227428317127     
   16.3056710926992        10.0129104054948     
   16.2903271636085        10.1138860864378     
   16.2767619293649        10.3340452394523     
   16.2652560461884        10.6769524949184     
   16.2559978108011        11.1387507498123     
   16.2489429649447        11.6995763369830     
   16.2438625854098        12.3395535888217     
   16.2403454167479        13.0331405512165     
   16.2381183727082        13.7479491943192     
   16.2364238479880        14.4459543216360     
   16.2343823418168        15.0870723996413     
   16.2311637108186        15.6335527733920     
   16.2260064423704        16.0542109746271     
   16.2183760374824        16.3274547880783     
   16.2080156422445        16.4421994607619     
   16.1951103769100        16.3967803073920     
   16.1799792087697        16.1969043463262     
   16.1632705769236        15.8536511276278     
   16.1458639334740        15.3982517047339     
   16.1287171021194        14.8627839379004     
   16.1129265012803        14.2652784550065     
   16.0995772377605        13.6244179563904     
   16.0898215482608        12.9588492230171     
   16.0844718511996        12.2868835880857     
   16.0841634843028        11.6247882099522     
   16.0893739584415        10.9862640882236     
   16.1002790162479        10.3821305035501     
   16.1167140534087        9.82380100060880     
   16.1385416045462        9.31754844833508     
   16.1653077822833        8.86554672614795     
   16.1963683885430        8.46671162976233     
   16.2308921065170        8.11692845941848     
   16.2678715727622        7.80861602715628     
   16.3060634195995        7.53062098691210     
   16.3441376183303        7.26863190680073     
   16.3807330885247        7.00510058773198     
   16.4146221875248        6.72494750736264     
   16.4446111260346        6.40970676875060     
   16.4696578993503        6.01672225325911     
   16.4890018193215        5.51495338153904     
   16.5020735722358        4.87919713519139     
   16.5088246419069        4.09004347806867     
   16.5094986263152        3.15616699258557     
   16.5048878574764        2.11214153062417     
   16.4961559759553       0.992898765420685     
   16.4848294742738      -0.159435820500845     
   16.4725442936362       -1.29297054633214     
   16.4608373978571       -2.35148835579374     
   16.4508665035015       -3.28255917722806     
   16.4434577524143       -4.04311158200319     
   16.4391255098909       -4.60276949915483     
   16.4379585218226       -4.94402452333508     
   16.4401958973437       -5.06138154887270     
   16.4451853571121       -4.96159682086420     
   16.4523791322461       -4.67156764346650     
   16.4609208489235       -4.21645107061861     
   16.4698821566114       -3.62325850236894     
   16.4783616796724       -2.92042044374103     
   16.4856464341521       -2.13594917140836     
   16.4911920257326       -1.29617768305298     
   16.4945905450328      -0.425114072470395     
   16.4956632791602       0.455818174288233     
   16.4942901488319        1.32418366725501     
   16.4907179300697        2.16372022295780     
   16.4851772998683        2.96095027055561     
   16.4779524132281        3.70250595615165     
   16.4694175283133        4.37475741416739     
   16.4599675949893        4.96389822625628     
   16.4498783435446        5.45686185624587     
   16.4392330356768        5.84209830009790     
   16.4281119246071        6.11224231697843     
   16.4164245031663        6.27517139286793     
   16.4040176620029        6.34830758885787     
   16.3908507448817        6.31265297708950     
   16.3769038615525        6.12968495653651     
   16.3621743833876        5.78531333560043     
   16.3466448207218        5.30898027340117     
   16.3302071015959        4.74624892225772     
   16.3128512307889        4.15514460453509     
   16.2944524462340        3.60221485371210     
   16.2750910788777        3.14582578238957     
   16.2546751438024        2.83734080288089     
   16.2332603395669        2.72003447733683     
   16.2108553037034        2.82849365335387     
   16.1876264939338        3.18837958590131     
   16.1637825618079        3.81150846944765     
   16.1396198768112        4.69395470268405     
   16.1156474547628        5.82365925179250     
   16.0924627723099        7.17641504312924     
   16.0708425792122        8.71582901383048     
   16.0516251461283        10.3945819765393     
   16.0356616943872        12.1435650637889     
   16.0237034868477        13.8829162369149     
   16.0162973075420        15.5600678227883     
   16.0137387936590        17.1313407173860     
   16.0164754087012        18.5615500863927     
   16.0244275837469        19.8226209466414     
   16.0374328981203        20.8914951182393     
   16.0550296680525        21.7487944154436     
   16.0765133066798        22.3644737832116     
   16.1005660709329        22.7001598724791     
   16.1260203619223        22.7452436895289     
   16.1513610044680        22.4995202513078     
   16.1752524717877        21.9737097703003     
   16.1965713674363        21.1897653755579     
   16.2144436721835        20.1806681785687     
   16.2284302027280        18.9888914497810     
   16.2385578317497        17.6654839300538     
   16.2452396773228        16.2934946770550     
   16.2491762481475        14.9457066137575     
   16.2514913784100        13.6771443909257     
   16.2534741161818        12.5358579827528     
   16.2565245467742        11.5603740425109     
   16.2619291911726        10.7902627445708     
   16.2706685184523        10.2303816224915     
   16.2833886446580        9.86350847466371     
   16.3003404516530        9.66007640302150     
   16.3215872831654        9.58115417635995     
   16.3468423641072        9.58181654809409     
   16.3754060815840        9.61401151492761     
   16.4063981434065        9.63088001547749     
   16.4385512998405        9.59297310128071     
   16.4703699161771        9.46321362893185     
   16.5004031895234        9.21303414896576     
   16.5272219453194        8.82462200559436     
   16.5496446581976        8.29021419869211     
   16.5670019475121        7.60743566941048     
   16.5787562237763        6.82496013711572     
   16.5848798501333        5.95807507645775     
   16.5855108195176        5.01296263750034     
   16.5812666167960        3.99694097909105     
   16.5729248735082        2.91911082263320     
   16.5614809856925        1.79063169470597     
   16.5481202219212       0.626427738125566     
   16.5340861436755      -0.556586443586629     
   16.5204917579214       -1.73776347697403     
   16.5084102483299       -2.89334350618588     
   16.4987126014269       -4.00251073545041     
   16.4920623373445       -5.04624730194408     
   16.4890265402007       -6.00681210019479     
   16.4898111420308       -6.86493266636438     
   16.4944040020777       -7.60639445422221     
   16.5023271352194       -8.21888990980698     
   16.5127905638915       -8.69180106032431     
   16.5247157185024       -9.01712694450598     
   16.5367825080860       -9.19029813037097     
   16.5478291237829       -9.21030115279824     
   16.5565496558895       -9.07628669161228     
   16.5617523141356       -8.79194975336181     
   16.5624416176256       -8.36359726875948     
   16.5576934155458       -7.79859756760048     
   16.5469221878167       -7.10503248540775     
   16.5297706913090       -6.29193702032975     
   16.5062267409946       -5.36828959001893     
   16.4766308109400       -4.34332153101533     
   16.4417986155812       -3.22616003008207     
   16.4030325747555       -2.02535166740697     
   16.3618210219733      -0.765114637385222     
   16.3198840145844       0.514247012734391     
   16.2787704531146        1.81216270512748     
   16.2399030157492        3.13360905321956     
   16.2042874391045        4.48463116343251     
   16.1729946601091        5.86097160207969     
   16.1464575074967        7.24082453748664     
   16.1249850447630        8.61532021450122     
   16.1084986870649        9.97287862943073     
   16.0965212072982        11.3002009745526     
   16.0884269455297        12.5846350361664     
   16.0833585287150        13.8035085863824     
   16.0808467772992        14.9428551601521     
   16.0801967728948        15.9993202478630     
   16.0809257555551        16.9700011398417     
   16.0827010940400        17.8522365022492     
   16.0852253919577        18.6425424863748     
   16.0885391316535        19.3363859109280     
   16.0925501442428        19.9275359302494     
   16.0973840667738        20.4075846274228     
   16.1032285435590        20.7537469219724     
   16.1103209921090        20.9459322503695     
   16.1189760757639        20.9692005181962     
   16.1292409609446        20.8092239835392     
   16.1413299059412        20.4537498266720     
   16.1552134969287        19.8943519971824     
   16.1708076492009        19.1286697219781     
   16.1880665021616        18.1731102626327     
   16.2070867104855        17.0396580283812     
   16.2280131934328        15.7462983176772     
   16.2509410418006        14.3215892310733     
   16.2758113677615        12.8065290083444     
   16.3023325009894        11.2527321785143     
   16.3298803025539        9.72376326810172     
   16.3575744139103        8.27751896984341     
   16.3846899749365        6.98283835783579     
   16.4105067968806        5.87398205649671     
   16.4341716655451        4.96137479548604     
   16.4549321500582        4.23995598849360     
   16.4720607325810        3.69109507784489     
   16.4849999978108        3.28571686837873     
   16.4932834094333        2.98606445753719     
   16.4970562600382        2.74020230429854     
   16.4966198837346        2.50404056243121     
   16.4927037538279        2.24494566829250     
   16.4862821402104        1.94282235358305     
   16.4784498800311        1.59137733007553     
   16.4701840404349        1.19613977112726     
   16.4625035496420       0.770523647275434     
   16.4560949472811       0.331216463750313     
   16.4514824941522      -0.107023006550945     
   16.4491296834903      -0.527011688249928     
   16.4491898493695      -0.909660164018882     
   16.4515781142592       -1.23959625016503     
   16.4559503353248       -1.51487751195529     
   16.4617892337559       -1.73491300650431     
   16.4683762130174       -1.89945314502592     
   16.4750092315384       -2.00446128332504     
   16.4809513577143       -2.04502711821991     
   16.4854572597612       -2.01673876794092     
   16.4878696586297       -1.91440040178241     
   16.4875017959551       -1.73192068397669     
   16.4837304434676       -1.46323262999090     
   16.4760501392593       -1.10125686766142     
   16.4640531268222      -0.638660862371646     
   16.4474675896282      -6.275701352675522E-002
   16.4262213487841       0.642024051926249     
   16.4004909512072        1.47583682190948     
   16.3707432892193        2.43359072195596     
   16.3376260597182        3.47331263516249     
   16.3018579451800        4.54695719948607     
   16.2642149326993        5.62990655246212     
   16.2255812290107        6.69942776429895     
   16.1868554576167        7.73782318760507     
   16.1491058047051        8.73634370701105     
   16.1132150132099        9.69718862285969     
   16.0799261353457        10.6341159174571     
   16.0497390907070        11.5708705184202     
   16.0227268908461        12.5366556702489     
   15.9986328862023        13.5602106054285     
   15.9774249794938        14.6640331596364     
   15.9587533377504        15.8403682675963     
   15.9422435472170        17.0706365365854     
   15.9277107135473        18.3402637891784     
   15.9149890457977        19.6258193729260     
   15.9039606448345        20.8952486701346     
   15.8948351728479        22.0898508663328     
   15.8878066582462        23.1662865572648     
   15.8833169802449        24.0937864452339     
   15.8818873058217        24.8451335489707     
   15.8841173577496        25.3980725909000     
   15.8904840293476        25.7359163671503     
   15.9014180470197        25.8478828228825     
   15.9172038405494        25.7281163624879     
   15.9380054756090        25.3749484080381     
   15.9637867546067        24.7904215554543     
   15.9944346197500        23.9811370185345     
   16.0294763866137        22.9602604723993     
   16.0681316751742        21.7495570868135     
   16.1091981638553        20.3791109685216     
   16.1513508849113        18.8862482981965     
   16.1932848931331        17.3308342812099     
   16.2337098297281        15.7606152688546     
   16.2718692946598        14.2055715111773     
   16.3071148741365        12.6878407217519     
   16.3390409872546        11.2222570114318     
   16.3674529916840        9.81790285803989     
   16.3922828995541        8.48589209837343     
   16.4135724767207        7.22516143398644     
   16.4313774769876        6.03620858863318     
   16.4457912758745        4.91418373046627     
   16.4571662065336        3.85209832675621     
   16.4654590437747        2.84383078083606     
   16.4713138914027        1.88604660565288     
   16.4748286253110       0.977268358260714     
   16.4762925396290       0.122061031425846     
   16.4758575008510      -0.654046099184904     
   16.4737433328394       -1.35600387963585     
   16.4700896298315       -1.98882993155849     
   16.4650751866466       -2.55651051312676     
   16.4590099056470       -3.06434573525304     
   16.4520068826984       -3.51814203044657     
   16.4443970317821       -3.92402940701590     
   16.4363468686922       -4.30043337409578     
   16.4279337882462       -4.65832684696105     
   16.4192333447046       -4.99800370252204     
   16.4103320981296       -5.31926393151546     
   16.4013155404000       -5.62212778574753     
   16.3920995585128       -5.90838377148586     
   16.3826231441261       -6.18221931173184     
   16.3725706557448       -6.45110374995796     
   16.3619183667964       -6.72551709708651     
   16.3502054403436       -7.01914930271672     
   16.3372494656928       -7.35484145905698     
   16.3229106513582       -7.78985947257243     
   16.3072032720682       -8.34872947121887     
   16.2901865651600       -9.02375912726225     
   16.2721196627371       -9.77915047948541     
   16.2532816372347       -10.5795805157336     
   16.2341463311927       -11.3757513895805     
   16.2154508451907       -12.1081407072518     
   16.1982798382985       -12.6970733838292     
   16.1840605619292       -13.0724833682830     
   16.1740316993564       -13.1843379048967     
   16.1690284967837       -12.9915539967648     
   16.1693116072006       -12.4658795950253     
   16.1744755461423       -11.5943787986533     
   16.1837292392609       -10.3783567322748     
   16.1960988805159       -8.83255746139307     
   16.2104837235564       -6.98345431426504     
   16.2257473189009       -4.86803695233711     
   16.2407669157319       -2.53375780850012     
   16.2544583915924      -3.818256024731070E-002
   16.2657823606258        2.54208676388581     
   16.2739730578067        5.11241682676038     
   16.2782368088164        7.59071067842517     
   16.2783930767393        9.90017570198974     
   16.2743223811974        11.9704276893719     
   16.2662544362727        13.7396910781571     
   16.2546019811317        15.1028360741070     
   16.2399534631369        16.0028575345216     
   16.2230357169747        16.4367417625535     
   16.2045860526477        16.4183130742428     
   16.1854123655779        15.9783653093292     
   16.1662694766358        15.1860950658113     
   16.1478642822733        14.0979632922510     
   16.1307628029998        12.7728088076540     
   16.1154559624117        11.2805051798564     
   16.1022875143786        9.69820074550127     
   16.0916086156243        8.10529620972274     
   16.0837667249313        6.58224991966686     
   16.0791321967312        5.20691841675468     
   16.0780030386431        4.04260244887620     
   16.0807945342483        3.13873233781055     
   16.0877988926725        2.53210330838233     
   16.0992470650466        2.24473261595934     
   16.1152348599325        2.28052666017819     
   16.1356542744431        2.62144103205703     
   16.1602066160224        3.22324410590941     
   16.1882709299787        4.01239090531542     
   16.2188375552264        4.88606692804564     
   16.2505875302737        5.71628873078725     
   16.2817288219245        6.36042187215671     
   16.3104747028674        6.67689450288913     
   16.3347921279798        6.54377079404518     
   16.3529718223676        5.87627514501828     
   16.3637067276684        4.67535113390598     
   16.3663448543705        3.12449314057965     
   16.3609493770530        1.30793095213669     
   16.3481513927161      -0.663338119822146     
   16.3295601956356       -2.66993541443435     
   16.3067565020656       -4.60731880226102     
   16.2813088860991       -6.39823271100147     
   16.2547098662558       -7.99443715794903     
   16.2280692611457       -9.37131871574786     
   16.2022920614641       -10.5179687698607     
   16.1780213908296       -11.4256687176363     
   16.1557698537271       -12.1035663769566     
   16.1360380901472       -12.5635898538875     
   16.1191036704108       -12.8166971625950     
   16.1054637500739       -12.8730355450557     
   16.0955706463227       -12.7409512042296     
   16.0898368263834       -12.4279214219410     
   16.0887650071556       -11.9430960351290     
   16.0927641390510       -11.2901488211214     
   16.1021929601486       -10.4690454942148     
   16.1172950733718       -9.47669932499924     
   16.1380686548985       -8.30771875316367     
   16.1643940413746       -6.95559025101740     
   16.1960589168247       -5.41608271509820     
   16.2325945288198       -3.70626961726640     
   16.2731157374247       -1.85605677103785     
   16.3161926712474       8.779947958780809E-002
   16.3596447685367        2.05463853925534     
   16.4007076043017        3.95388240941447     
   16.4362267340150        5.68610077691781     
   16.4636409660923        7.16065525345376     
   16.4809494008360        8.31879713740218     
   16.4871641570034        9.09076905153193     
   16.4823509333483        9.32406703212264     
   16.4673723739854        9.05776482174548     
   16.4437839928203        8.39411129940357     
   16.4135458851975        7.45328585188774     
   16.3789380523475        6.36489281181540     
   16.3422285156060        5.26013730630062     
   16.3056620921812        4.25144549598932     
   16.2712737959682        3.43350607136940     
   16.2407326863975        2.88153951166033     
   16.2152892574747        2.64955111217228     
   16.1956653369810        2.76985182030384     
   16.1820484551433        3.25414327944501     
   16.1743010767670        4.09247793724575     
   16.1720077171899        5.24883938829646     
   16.1746428371810        6.67377643430675     
   16.1815453244698        8.30152360227632     
   16.1917113348152        10.0508300985515     
   16.2040669605458        11.8293201764469     
   16.2172643874655        13.5401794381402     
   16.2299791903435        15.0800173118617     
   16.2410461070312        16.3591666005692     
   16.2495127957945        17.3121494602268     
   16.2549154661192        17.8977117986026     
   16.2568888957267        18.0991626838334     
   16.2553388536258        17.9175806756831     
   16.2503841001829        17.3681399929522     
   16.2422103043497        16.4854394234374     
   16.2310992005128        15.3460343551250     
   16.2175296188259        13.9858298707982     
   16.2020992541784        12.4380009840095     
   16.1855286482299        10.7416524795619     
   16.1687445220027        8.94239785597949     
   16.1526871786031        7.11072236949694     
   16.1383033951135        5.30854312156907     
   16.1264790852930        3.58780627041419     
   16.1181378897498        1.99469430460123     
   16.1140099697206       0.569316971462028     
   16.1147071720550      -0.637721748186007     
   16.1205526851489       -1.59180005310126     
   16.1318611065849       -2.28166761792731     
   16.1484020878832       -2.70536930155762     
   16.1697763311906       -2.87120521128911     
   16.1952507301754       -2.79709385188456     
   16.2238463953375       -2.50928230716551     
   16.2544008763385       -2.03961435741648     
   16.2856306800757       -1.42344983841519     
   16.3161206632585      -0.697563595233225     
   16.3446916262212       0.101816930212231     
   16.3700319801683       0.940090349165059     
   16.3910940036438        1.78537863609997     
   16.4070681855026        2.60824629461800     
   16.4175979816783        3.36054773379089     
   16.4228644505537        4.01055090158712     
   16.4235246053801        4.56723580918978     
   16.4206803179875        5.05029108889835     
   16.4156496120921        5.45673309137646     
   16.4098037475392        5.78289645207503     
   16.4042642186324        6.03715140360349     
   16.3999059348160        6.24364301837008     
   16.3973432481916        6.40566074588597     
   16.3972145060548        6.53095818490093     
   16.4000125997027        6.62489824804874     
   16.4058860982623        6.69016990426602     
   16.4145650324055        6.72857024646709     
   16.4255132328160        6.74258174350711     
   16.4379087581478        6.73577009658262     
   16.4508204619255        6.71374280219088     
   16.4633221455526        6.68394370249824     
   16.4746315969846        6.66459975619897     
   16.4839854287176        6.67263709638080     
   16.4908573887515        6.71926455134849     
   16.4946615570844        6.81371041330868     
   16.4949543275584        6.96271213358793     
   16.4914002975488        7.16970851426444     
   16.4837861910845        7.43432603409970     
   16.4721350448749        7.74375698083354     
   16.4566039799997        8.06205975691792     
   16.4376178568503        8.36815406858791     
   16.4155456972472        8.64370591942055     
   16.3910246186373        8.87527114107914     
   16.3644124115277        9.05835547548718     
   16.3361201209089        9.19778139032218     
   16.3065222044520        9.30729074905077     
   16.2762276768883        9.40911561155442     
   16.2457714534346        9.53228630765147     
   16.2160023391656        9.71202599126327     
   16.1873500961094        9.98207603838536     
   16.1601124989258        10.3614832633686     
   16.1345174536306        10.8789825813716     
   16.1105852800043        11.5452735762375     
   16.0884995551898        12.3541987137370     
   16.0682816895396        13.2848052789027     
   16.0499309742441        14.2889929506610     
   16.0334208231258        15.3153437651212     
   16.0189771634503        16.3251434383338     
   16.0066007988032        17.2809174382615     
   15.9963970401066        18.1471265340350     
   15.9886116217230        18.8923927484422     
   15.9836000434908        19.4891725943830     
   15.9818229553464        19.9150971743098     
   15.9836399858434        20.1530668925665     
   15.9891910990147        20.1915942636031     
   15.9985123942178        20.0235742589008     
   16.0110441864014        19.6351832419651     
   16.0263455385494        19.0285699286916     
   16.0438096858025        18.2136948445819     
   16.0627843022299        17.2054698249121     
   16.0830972834018        16.0350236075070     
   16.1044461995226        14.7490926455798     
   16.1266305505553        13.3805222562998     
   16.1493143003204        11.9638840600463     
   16.1720489124221        10.5340006725931     
   16.1947980055909        9.12614521528949     
   16.2171850744117        7.79358039351872     
   16.2391566578091        6.56336722134810     
   16.2605067490795        5.44884932669801     
   16.2812231855896        4.45888219979496     
   16.3011854583074        3.59869069404399     
   16.3203129919489        2.87074662004291     
   16.3384960586240        2.27477383599566     
   16.3557031143582        1.80725419087353     
   16.3719214631935        1.46216069552717     
   16.3871541288544        1.22997746655743     
   16.4014170506125        1.09834005008814     
   16.4148238110767        1.03971365171312     
   16.4273415828941        1.01925170903468     
   16.4392063879612        1.01172513748520     
   16.4505326788671       0.992885901192751     
   16.4618057949627       0.941796359959632     
   16.4735937241070       0.839154558634766     
   16.4865049355713       0.660282870013290     
   16.5010548845886       0.408014451205692     
   16.5174857023340       8.713747344951450E-002
   16.5357060329942      -0.291982561043639     
   16.5556564072020      -0.715385209596135     
   16.5768444603277       -1.16852963874746     
   16.5988898182681       -1.63888318970556     
   16.6212672754462       -2.11605147895572     
   16.6433059749657       -2.59030864467058     
   16.6641697781011       -3.05774128154487     
   16.6830663786264       -3.51506261882572     
   16.6991664119399       -3.95535439955912     
   16.7116959029977       -4.34681091962364     
   16.7201796506537       -4.66846347456162     
   16.7244417618849       -4.90428386462823     
   16.7245441549701       -5.03990454255181     
   16.7207521327202       -5.05324433738398     
   16.7133615829839       -4.90888334703488     
   16.7027281040645       -4.60955650089341     
   16.6891675750172       -4.16647949911770     
   16.6731242551807       -3.59542285195092     
   16.6551057636467       -2.91507582524719     
   16.6356086815499       -2.14555396660460     
   16.6150060856402       -1.30590621027610     
   16.5933776132933      -0.426732165151630     
   16.5706502561994       0.471490826862438     
   16.5465047969077        1.38780622268475     
   16.5205539597725        2.32532729882869     
   16.4926185763307        3.29163435159264     
   16.4625105419519        4.29899571097519     
   16.4300535364096        5.35952353242037     
   16.3953356144560        6.48300612781781     
   16.3583781011004        7.67385592615908     
   16.3192823066010        8.90009151147030     
   16.2785109544534        10.1376556819969     
   16.2365510692037        11.3704454228461     
   16.1941651234080        12.5789849872369     
   16.1522745531707        13.7280529400057     
   16.1118771730088        14.7752606895561     
   16.0739013740908        15.7099287773817     
   16.0393082867260        16.5267381751179     
   16.0088481382869        17.2231795763118     
   15.9831767662301        17.7979767670322     
   15.9629809765726        18.2493019170013     
   15.9489386352188        18.5736031215205     
   15.9414479311206        18.7658457806576     
   15.9406114672461        18.8209120524308     
   15.9462129329367        18.7358811922745     
   15.9575863927320        18.5115485330068     
   15.9737558959821        18.1536905140626     
   15.9935583266724        17.6735641758450     
   16.0159030265400        17.0874928635113     
   16.0396717820256        16.4247983026807     
   16.0638498366449        15.7112769652719     
   16.0875460037284        14.9646635895223     
   16.1099497290444        14.1993104653586     
   16.1305700038462        13.4338470833904     
   16.1490020378576        12.6948836832016     
   16.1651109374388        11.9786646252789     
   16.1790459544610        11.2800761218212     
   16.1912055161890        10.5975566753431     
   16.2019732980819        9.93512573126144     
   16.2118660809581        9.30264769707875     
   16.2212289350855        8.71482334318599     
   16.2302031514862        8.18959941200670     
   16.2391480646179        7.76235795516751     
   16.2482956295400        7.47713227652444     
   16.2579328201521        7.34462774092163     
   16.2681711595306        7.35703368596255     
   16.2789183201086        7.47591239121983     
   16.2899259027955        7.67529487699930     
   16.3008814455872        7.92494107491927     
   16.3114633014531        8.19074078885158     
   16.3215583204621        8.41451538702412     
   16.3313225599468        8.55897823338063     
   16.3410337363057        8.60812081242366     
   16.3510996408794        8.55320875616449     
   16.3620289623241        8.39550231900221     
   16.3742953876006        8.13177251083647     
   16.3883749720913        7.75850784832498     
   16.4046638352856        7.27307908755314     
   16.4234613818204        6.67311478818595     
   16.4447594826681        5.95703089199506     
   16.4684011850543        5.12370119932896     
   16.4936870071851        4.17506746716559     
   16.5195850891118        3.11678054504288     
   16.5450556853149        1.95627337486552     
   16.5689820939652       0.734301777194132     
   16.5905200345114      -0.490541987441047     
   16.6091603410512       -1.68327225809541     
   16.6245089629959       -2.81210860877924     
   16.6362935925126       -3.80284886014662     
   16.6443242513749       -4.63188146094607     
   16.6485333511578       -5.30134608540393     
   16.6491417899734       -5.82102139868934     
   16.6463988012780       -6.20407582723365     
   16.6406941175546       -6.46484204895538     
   16.6323860400048       -6.62247451197626     
   16.6217700839950       -6.67908109219622     
   16.6089853278422       -6.62576933187513     
   16.5941226776087       -6.44666570787164     
   16.5771926570865       -6.12012308190805     
   16.5582285038521       -5.61907520030451     
   16.5372738526668       -4.91338827659570     
   16.5144200716060       -3.97181495125521     
   16.4898665613312       -2.76677658970828     
   16.4637062802697       -1.27791570914616     
   16.4360753577196       0.490714910491270     
   16.4069930860173        2.46644334131964     
   16.3769177616465        4.60969037400436     
   16.3463167573241        6.87268000913977     
   16.3161409009337        9.14906262837767     
   16.2874301168402        11.3621903655892     
   16.2612214577535        13.4600238840305     
   16.2382336399074        15.3975516037309     
   16.2188473880458        17.1370396108118     
   16.2031127662738        18.6494207077132     
   16.1906524398409        19.9122415445641     
   16.1807943980096        20.9065539388592     
   16.1726998297682        21.6125855335658     
   16.1655305267574        21.9762137314537     
   16.1583028095619        21.9753356956594     
   16.1503997842023        21.6087598512666     
   16.1411712354435        20.8889557202954     
   16.1303286312328        19.8449134913771     
   16.1178927704705        18.5434235702662     
   16.1043140689205        17.0867132687524     
   16.0902129552140        15.5473668193829     
   16.0764390662242        13.9987093620722     
   16.0639088200295        12.5345182325066     
   16.0535187755232        11.2336344622674     
   16.0462249269134        10.1329903199013     
   16.0428900323235        9.25917327388889     
   16.0443737453993        8.62935006226840     
   16.0515295065145        8.25158356685058     
   16.0648802355538        8.12422611780050     
   16.0844344623728        8.23313017880296     
   16.1098719045476        8.54936538080240     
   16.1399904621596        9.02880485624187     
   16.1731454445661        9.61438752119146     
   16.2073247253592        10.2403366801012     
   16.2407460138983        10.8387270685946     
   16.2715975601853        11.3410218314863     
   16.2985941807026        11.6447499769919     
   16.3207598104502        11.6978994648369     
   16.3377163734431        11.4889165710563     
   16.3496049168015        11.0320675838911     
   16.3569822520733        10.3805395228962     
   16.3610572004434        9.59575796319693     
   16.3630142209800        8.72275552202150     
   16.3641631953374        7.80328136926718     
   16.3655775513697        6.87265899341784     
   16.3680760846532        5.95729017396320     
   16.3720903965215        5.07412438475901     
   16.3776300392241        4.23181352513770     
   16.3849243617747        3.43166088004414     
   16.3938775302163        2.66978334347176     
   16.4044177703646        1.94016184938283     
   16.4164747956813        1.23733060645997     
   16.4298087210266       0.558942553555582     
   16.4439719763472      -7.490348426936944E-002
   16.4583457813059      -0.635718127943293     
   16.4721611011500       -1.11143371081689     
   16.4848488350651       -1.48783784902737     
   16.4957909931480       -1.74190604174604     
   16.5045025387050       -1.82833925907453     
   16.5105300394641       -1.74265570044684     
   16.5137471820007       -1.48966593249779     
   16.5139368403243       -1.07975669418406     
   16.5109732018873      -0.527430765087547     
   16.5049232609798       0.149870758321144     
   16.4959991225246       0.933950892602621     
   16.4845834827958        1.80851008744928     
   16.4711911170784        2.76038656371598     
   16.4561933320077        3.76850210177840     
   16.4400444491499        4.82627470557629     
   16.4228281867976        5.94076784859896     
   16.4045716340929        7.12149168125987     
   16.3853257391845        8.37717956859167     
   16.3653435068280        9.71122932662956     
   16.3449315232247        11.1166771280374     
   16.3245361517024        12.5377993573196     
   16.3044558690486        13.9306186362306     
   16.2848506128099        15.2644333314965     
   16.2658280628288        16.5103993907112     
   16.2473925134748        17.6222775986518     
   16.2296832842236        18.5757320345559     
   16.2128764226024        19.3698282178320     
   16.1973197018971        20.0060112498836     
   16.1834307887260        20.4864140772503     
   16.1715716859930        20.8114754181849     
   16.1620410549440        20.9795101698248     
   16.1549320605066        20.9863418802641     
   16.1502606374574        20.8262357889475     
   16.1478539444034        20.4935235638663     
   16.1475138765447        19.9843592102942     
   16.1487821735827        19.2998113262996     
   16.1511904282862        18.4476400444035     
   16.1540389741846        17.4467483524639     
   16.1567842816402        16.3548176932451     
   16.1588231263517        15.2122029760925     
   16.1600293601621        14.0519450639285     
   16.1605016376809        12.9077594667860     
   16.1605974916573        11.8427293797306     
   16.1609003785360        10.8937497139706     
   16.1619336964253        10.0743755449313     
   16.1641318279343        9.39164538343254     
   16.1678778896115        8.84663975900497     
   16.1732931944701        8.43608119080783     
   16.1805859683748        8.15488699599581     
   16.1897213323394        7.99817532702038     
   16.2006467893051        7.96235065197791     
   16.2132195966690        8.04557804664447     
   16.2272377640213        8.24677577088267     
   16.2424164974847        8.56383827256851     
   16.2581477462699        8.99184408301513     
   16.2741086252997        9.52064687429797     
   16.2896734157250        10.1308512684378     
   16.3043985082127        10.7623382126277     
   16.3179837757807        11.3708091207508     
   16.3300995818738        11.9269774575150     
   16.3408008515650        12.4065645632378     
   16.3501726802623        12.7811546439919     
   16.3584968633229        13.0250698623193     
   16.3662628498959        13.1396978079052     
   16.3740035529949        13.1293768449790     
   16.3822632411091        13.0006744745155     
   16.3914400015886        12.7629575577511     
   16.4018194444937        12.4287552430451     
   16.4133235106474        12.0057107406980     
   16.4256485927564        11.5004138263386     
   16.4385913247882        10.9199835131743     
   16.4515137026741        10.2710052006851     
   16.4639189091510        9.56006781131995     
   16.4753398114085        8.79442145411529     
   16.4856798264958        8.00477192332385     
   16.4947074132823        7.20959025197047     
   16.5023245437768        6.42491096058114     
   16.5085327663932        5.66878735566310     
   16.5133455753357        4.96787245731782     
   16.5166185810881        4.36901049747312     
   16.5186031004064        3.88677059892147     
   16.5191581983296        3.52771406356112     
   16.5182980366619        3.29419291418843     
   16.5158393937137        3.18514457209783     
   16.5117339314517        3.20065985045858     
   16.5058200922434        3.34237895200433     
   16.4978512995757        3.61517779282392     
   16.4876543266245        4.02731563129782     
   16.4749877458937        4.58934879829832     
   16.4595531801449        5.31123999107147     
   16.4414864267533        6.19801258083639     
   16.4206713919571        7.24551874951243     
   16.3976325653820        8.43803908377108     
   16.3728669211655        9.72685584770335     
   16.3469573848221        11.0385089091409     
   16.3205677758392        12.3344738849056     
   16.2945339918721        13.5818031201823     
   16.2694543932157        14.7412448933844     
   16.2459704863788        15.7695296385464     
   16.2246746830938        16.6601722862522     
   16.2060256308366        17.4123201124883     
   16.1904180869950        18.0276671510643     
   16.1780438749037        18.5089563478369     
   16.1688534446785        18.8592976598212     
   16.1627138882247        19.0809537883887     
   16.1590982725788        19.1738432637427     
   16.1573986861373        19.1353966254447     
   16.1570480013846        18.9600512794446     
   16.1575417043258        18.6401377462045     
   16.1584890343167        18.1678492113913     
   16.1595713931521        17.5388392710302     
   16.1605483578577        16.7644617885511     
   16.1612224419025        15.8894253619544     
   16.1615108181272        14.9461926549096     
   16.1614878066572        13.9716305337281     
   16.1613771797458        13.0057250746425     
   16.1615501171200        12.1065183629806     
   16.1625394191038        11.3165743743952     
   16.1648168046454        10.6515323584926     
   16.1689554596926        10.1204196370521     
   16.1752625470292        9.72709219507945     
   16.1839916473673        9.47131192823297     
   16.1951873917028        9.34953293719425     
   16.2086849676918        9.35494766449395     
   16.2241233281054        9.47798152146900     
   16.2409690450017        9.70667918667723     
   16.2587524771907        10.0272388697030     
   16.2767928516173        10.4247392184937     
   16.2945228257913        10.8831576789354     
   16.3114756586257        11.3799477031787     
   16.3272571092730        11.8765242936755     
   16.3418427442316        12.3487693606265     
   16.3552329183665        12.7729103422549     
   16.3674897484293        13.1254665909435     
   16.3787807167410        13.3839830149293     
   16.3892108628358        13.5144913749023     
   16.3989504352596        13.5041810227837     
   16.4081839248962        13.3541563520418     
   16.4171644423289        13.0713117411685     
   16.4260672265770        12.6655771519814     
   16.4351942108690        12.1480847233282     
   16.4448652766757        11.5244834291800     
   16.4553735308442        10.7943395560159     
   16.4668422243016        9.95604104431841     
   16.4793479106225        9.00984841211202     
   16.4926294052081        7.96025052850256     
   16.5061947448838        6.82988063527776     
   16.5194735259848        5.67589058633928     
   16.5319605176383        4.53710245494508     
   16.5430442504490        3.44460096707687     
   16.5522614189297        2.44094796674678     
   16.5591917462632        1.59165282241098     
   16.5636194052990       0.907746328119637     
   16.5654340373373       0.383893645861896     
   16.5646806592361       8.125619646946802E-003
   16.5616532775413      -0.233874532035975     
   16.5565555597771      -0.356119030514672     
   16.5495112594368      -0.369998619698441     
   16.5407041713899      -0.282648485007637     
   16.5302576535606      -9.636487668849547E-002
   16.5183517742244       0.191779617728904     
   16.5050699712681       0.588981118663184     
   16.4904378664606        1.10545304577411     
   16.4745415222772        1.75245138387923     
   16.4574899325768        2.54008262999838     
   16.4392873776807        3.47465731305759     
   16.4201959583178        4.55558215162324     
   16.4003568508806        5.76620158111653     
   16.3800141942790        7.04382476807415     
   16.3595501599244        8.35082904867449     
   16.3393624538449        9.65367381581896     
   16.3197972926903        10.9197894032058     
   16.3010807099735        12.0988352089274     
   16.2834070199052        13.1679397720542     
   16.2668313552172        14.1217091556630     
   16.2513737548181        14.9564736833389     
   16.2369867848528        15.6669616466864     
   16.2238561097147        16.2441540183902     
   16.2121268079882        16.6744859980000     
   16.2018334284922        16.9416504807909     
   16.1928738937026        17.0288043438868     
   16.1850066863106        16.9220242945546     
   16.1777845525214        16.6132852248777     
   16.1707102577663        16.1025989383757     
   16.1633140597553        15.3989416333158     
   16.1552542684899        14.5418279575055     
   16.1463322872143        13.5751873304675     
   16.1368856763495        12.5390641195929     
   16.1273554659571        11.4810592817813     
   16.1185342905948        10.4630117952447     
   16.1114411776111        9.57488824930555     
   16.1069347868247        8.87136791019332     
   16.1059413693061        8.39023056243162     
   16.1089458183645        8.15212832109946     
   16.1160243838905        8.15885216289067     
   16.1267633973570        8.39476650142858     
   16.1403010654779        8.83178609230499     
   16.1554485965423        9.43530146596276     
   16.1710301004333        10.1682790435944     
   16.1859771751845        10.9934070870337     
   16.1992367852961        11.8732294824631     
   16.2099507983016        12.7694916205708     
   16.2175007992747        13.6329111289492     
   16.2214547555830        14.3894371822556     
   16.2218434379214        15.0004754568081     
   16.2188665621124        15.4413356791200     
   16.2131986251050        15.6963533411680     
   16.2054421630660        15.7479783893451     
   16.1965860648189        15.6313182194235     
   16.1874595370637        15.3609459566481     
   16.1788946366254        14.9450929312529     
   16.1720310957796        14.3900023847659     
   16.1677201220390        13.7028002726565     
   16.1668046154034        12.8911029419514     
   16.1698718228952        11.9636589743296     
   16.1771679666388        10.9303100555219     
   16.1888511664866        9.80197892287675     
   16.2045500905353        8.59114270673514     
   16.2237697671551        7.31116906454471     
   16.2458777988864        5.97577621859695     
   16.2701596600230        4.59912512244421     
   16.2958185229370        3.21069291445412     
   16.3221316658829        1.86569669573146     
   16.3485812923888       0.594638720996435     
   16.3745078118241      -0.574308542125627     
   16.3991189081517       -1.60495740546118     
   16.4221537229432       -2.45051995330076     
   16.4432168452277       -3.11926345868581     
   16.4620980842179       -3.63689326425311     
   16.4786113493081       -4.03831220070462     
   16.4927035994600       -4.36029089550613     
   16.5041762356293       -4.63571002477747     
   16.5132113437485       -4.89032978169934     
   16.5199490840284       -5.14043117372107     
   16.5246366337449       -5.39316593209264     
   16.5274954671400       -5.62201858557862     
   16.5287915483307       -5.80381595864572     
   16.5284984819216       -5.92307887452614     
   16.5264905199741       -5.95390118181719     
   16.5226066822877       -5.87826653902236     
   16.5165458141987       -5.68220844503085     
   16.5082340107885       -5.35458861556387     
   16.4974533157917       -4.88849226767086     
   16.4841630517375       -4.29507896895888     
   16.4684885377298       -3.60631061834451     
   16.4505328023599       -2.83052739108400     
   16.4306879502567       -1.97779749163247     
   16.4092882458445       -1.06150501980161     
   16.3867142837719      -0.101530102959628     
   16.3634834089863       0.868740833495567     
   16.3402113898824        1.83561629841483     
   16.3174492320343        2.79015269335423     
   16.2958046384346        3.72436452103286     
   16.2758533920822        4.63175640745275     
   16.2578257899640        5.50602941441493     
   16.2420281810400        6.34059730126314     
   16.2285857368346        7.12778819092230     
   16.2176110557334        7.85789738029052     
   16.2090916856704        8.52084354104462     
   16.2028190329459        9.10859233690988     
   16.1984412869675        9.61912501112570     
   16.1953739026354        10.0756097146957     
   16.1931189832189        10.5029156552286     
   16.1908268584919        10.9091843086610     
   16.1878689420578        11.3088797043667     
   16.1839270937456        11.6630563111255     
   16.1786946799358        11.9670630938267     
   16.1721271157577        12.2391889859657     
   16.1642773625154        12.4882540580096     
   16.1552622017242        12.7195898060349     
   16.1451552723072        12.9428102455186     
   16.1341670810905        13.1729803229328     
   16.1224248379713        13.4300074394880     
   16.1101772262927        13.7363339078258     
   16.0979566048338        14.1159511580730     
   16.0859929050249        14.5877512135045     
   16.0744838025106        15.1544160488423     
   16.0637223289522        15.8184987580366     
   16.0536800250691        16.5752240093002     
   16.0449068544621        17.4086111905355     
   16.0377909641281        18.2913775778587     
   16.0330378063959        19.1599224280168     
   16.0312558883562        19.9470486226044     
   16.0330694346049        20.6009944791031     
   16.0387903036398        21.0767706797337     
   16.0484870716272        21.3507813680142     
   16.0620592608167        21.4053112499248     
   16.0791305971578        21.2264587104707     
   16.0995941494941        20.8088386784547     
   16.1231279733018        20.1511454732868     
   16.1495720492209        19.2548039745650     
   16.1784305638498        18.1263908990140     
   16.2089581032157        16.7786259760338     
   16.2400057888606        15.2334707578931     
   16.2706414260646        13.5218717960150     
   16.2997775997164        11.6826251779415     
   16.3267042899803        9.76011969340416     
   16.3509090308232        7.83651792351920     
   16.3721646331749        5.98242717765879     
   16.3905994924984        4.22626660897888     
   16.4064385414672        2.58760980127063     
   16.4202445907761        1.09179347156826     
   16.4326667092574      -0.236122031649471     
   16.4444839865531       -1.40065637216181     
   16.4563711344461       -2.40719273562829     
   16.4688948710050       -3.26011768633233     
   16.4822851108368       -3.96218838974214     
   16.4964558694522       -4.51464377048386     
   16.5111138642050       -4.91634840776020     
   16.5256977341776       -5.16286638405872     
   16.5394499013293       -5.24604725841388     
   16.5516476931419       -5.15405305724784     
   16.5617300701621       -4.87294563410735     
   16.5689926631618       -4.38825750450419     
   16.5726985256604       -3.68858823858173     
   16.5721090506115       -2.78834917749071     
   16.5668892713375       -1.73224258616566     
   16.5569134282427      -0.549767451047492     
   16.5426229159791       0.722861784812917     
   16.5249979292298        2.03384537207341     
   16.5053404644563        3.31712924826589     
   16.4851992979013        4.55174573822516     
   16.4659385693803        5.72709821229338     
   16.4486759359809        6.83796994542053     
   16.4344575968633        7.88132057633774     
   16.4238637961131        8.85170965111456     
   16.4172437568685        9.73956696480373     
   16.4145507365436        10.5307209404872     
   16.4152144343447        11.2086948777056     
   16.4184530212994        11.7496341218797     
   16.4230048608356        12.1362004773318     
   16.4274937470238        12.3629127210345     
   16.4306548066060        12.4320361890058     
   16.4314896062994        12.3633154314783     
   16.4293658009728        12.1769530244583     
   16.4241397396431        11.8926799602676     
   16.4157599515457        11.5338413983298     
   16.4043275611039        11.1536773632974     
   16.3900625468095        10.7894977867521     
   16.3732301690737        10.4613262545599     
   16.3542809889111        10.1886362927323     
   16.3338518139504        9.99025179348699     
   16.3126085624553        9.88403246867468     
   16.2912157689186        9.88695752210191     
   16.2703060959050        10.0152594528597     
   16.2504385398599        10.2839221857843     
   16.2320799183107        10.7059757262825     
   16.2156534436759        11.2908915694897     
   16.2015820123435        12.0421413370468     
   16.1902307437693        12.9540393026053     
   16.1817519948401        14.0089261856591     
   16.1761414740734        15.1657478957026     
   16.1730966025452        16.3394815704513     
   16.1720250413508        17.4739732873023     
   16.1724685369329        18.5214171405140     
   16.1739206879156        19.4320976841359     
   16.1760936364275        20.1406017099947     
   16.1789955792898        20.6254654256396     
   16.1826421153685        20.8771832099407     
   16.1871970807347        20.8930920352252     
   16.1926478417933        20.6784623967810     
   16.1988136867968        20.2531628540726     
   16.2056758454096        19.6260953151273     
   16.2130588105963        18.8042078516884     
   16.2209218050460        17.7936301386907     
   16.2290879152054        16.6003894963462     
   16.2375213878150        15.2312934266076     
   16.2461065360786        13.6966325823946     
   16.2546720149710        12.0124603415000     
   16.2633674477309        10.2151443883844     
   16.2724200931495        8.38231641010872     
   16.2822337017146        6.56755626277124     
   16.2933109331127        4.82537692693624     
   16.3060586043700        3.22102733686723     
   16.3205370472443        1.82606640295267     
   16.3365273093741       0.655961544907486     
   16.3536099545958      -0.291368488794885     
   16.3710440610754       -1.02714878348070     
   16.3881240040877       -1.56574322283833     
   16.4041844830593       -1.91963309788791     
   16.4187549012952       -2.09673014449970     
   16.4313790243176       -2.09956977677554     
   16.4415578854163       -1.92685395758245     
   16.4487924963497       -1.57485477874253     
   16.4527134138053       -1.03190969150207     
   16.4529071769207      -0.294920387976887     
   16.4490939913484       0.611122731789489     
   16.4414685242779        1.63649119304566     
   16.4301910052130        2.75267889148424     
   16.4157271409514        3.92842727747890     
   16.3988568751419        5.11172173040890     
   16.3805031345334        6.24075535473258     
   16.3617916677133        7.29460004297640     
   16.3440238243559        8.25922423576548     
   16.3285829802792        9.12567976754488     
   16.3167591161594        9.88832555686809     
   16.3093688165296        10.5436439198708     
   16.3069824895067        11.0851411629254     
   16.3094765261427        11.4898747059831     
   16.3161653850439        11.7486459319726     
   16.3260888467154        11.8543296531111     
   16.3380053774415        11.8017355999908     
   16.3508133546471        11.5891469458034     
   16.3633105261292        11.2208982045150     
   16.3744215916477        10.7103040338003     
   16.3831412734107        10.0918771714967     
   16.3885488255506        9.44356611295711     
   16.3900679034423        8.81138070600208     
   16.3873119294280        8.23582731451132     
   16.3801290676252        7.76663162701759     
   16.3687235280831        7.46446579987474     
   16.3533860010852        7.31972403393735     
   16.3345268021519        7.31466515826242     
   16.3125623864464        7.43639316519045     
   16.2880185351410        7.66521223112121     
   16.2615052760266        7.97580705138929     
   16.2337538363538        8.33876576939755     
   16.2056901651028        8.72378917734908     
   16.1781150835370        9.10410104031394     
   16.1522829134447        9.46214675483247     
   16.1288963762151        9.79501281748571     
   16.1083817228276        10.1159272507571     
   16.0908560775901        10.4507715348784     
   16.0763502227686        10.8317449605447     
   16.0645669392966        11.2909192399009     
   16.0557610622029        11.7980648399467     
   16.0496990549289        12.3342420360399     
   16.0460298342181        12.8970356695662     
   16.0441927889712        13.4776031392851     
   16.0438305380996        14.0110064432484     
   16.0447176669499        14.4683064844642     
   16.0467982800462        14.8341367879963     
   16.0502478897867        15.0978699273651     
   16.0553741924892        15.2521868089232     
   16.0625305537885        15.2910946149094     
   16.0720807324351        15.2090805627900     
   16.0843654933514        14.9999484557227     
   16.0995800102075        14.6569341813936     
   16.1181055604728        14.1725284407043     
   16.1399797129151        13.5395886993994     
   16.1651738892484        12.7529799208342     
   16.1934246027879        11.8150395836638     
   16.2242122768153        10.7667159597292     
   16.2566831809371        9.63210826675003     
   16.2900651002700        8.42607368185472     
   16.3234861695213        7.14912729660444     
   16.3561659419327        5.84139861452477     
   16.3874409358626        4.51130261250226     
   16.4167071356460        3.16463538978940     
   16.4434381528614        1.83180546464000     
   16.4669539552541       0.526150714219987     
   16.4867658387769      -0.739244500190118     
   16.5025136421605       -1.94755166979060     
   16.5141410989045       -3.07933912208801     
   16.5216804387190       -4.11294010805707     
   16.5252452536626       -5.02439425896230     
   16.5251022771102       -5.78756607130916     
   16.5213864273325       -6.37490433544838     
   16.5144738382405       -6.75765005610699     
   16.5045624058609       -6.90839328198085     
   16.4919618140636       -6.80292541238628     
   16.4770816572118       -6.42560060892234     
   16.4606037097634       -5.77419933023942     
   16.4432003486321       -4.92344758130632     
   16.4256210584065       -3.93448590737563     
   16.4085209544085       -2.84353555101263     
   16.3925866217365       -1.73859128185249     
   16.3784306506981      -0.679417396218279     
   16.3666580305129       0.323433745710806     
   16.3580734898854        1.26807311961777     
   16.3533237973684        2.15782549550254     
   16.3529974801807        2.99821052766653     
   16.3571732201038        3.79516658061897     
   16.3656325139388        4.54995467188692     
   16.3774830433039        5.25338993444205     
   16.3914737718281        5.88979697877989     
   16.4060390512510        6.43789870923273     
   16.4193751938710        6.87371744193554     
   16.4297811532773        7.17267183186480     
   16.4354955316125        7.30908930808839     
   16.4348550632365        7.26841224444517     
   16.4268399603877        7.07979790951030     
   16.4107499592572        6.82684431136034     
   16.3866470814192        6.50107804897122     
   16.3555256577059        6.11736737658826     
   16.3190397450109        5.75149798256038     
   16.2792632116695        5.41328553708841     
   16.2385912844297        5.11390076932565     
   16.1988383203766        4.86931390256168     
   16.1615009046758        4.70352159812727     
   16.1273677725990        4.64941197996041     
   16.0969669318869        4.74889978443394     
   16.0707159333785        5.05248465862503     
   16.0487727319216        5.61670192929953     
   16.0311301330761        6.49885590614763     
   16.0170374480738        7.74764336010810     
   16.0055797155068        9.39245936201139     
   15.9955183722165        11.4342744553918     
   15.9855410183318        13.8181129104611     
   15.9746448023039        16.3728191303685     
   15.9623234378131        18.9785277415244     
   15.9485549088652        21.4667266537579     
   15.9336650629496        23.6688266948615     
   15.9188459199365        25.5134481018673     
   15.9052080751730        26.9586243066962     
   15.8942413328220        27.9897117506482     
   15.8875815013148        28.6133572801569     
   15.8865019135939        28.8500190391960     
   15.8919946536321        28.7262682451045     
   15.9044503890025        28.2682103361615     
   15.9237294809176        27.4984715779763     
   15.9491496413420        26.4360608206492     
   15.9798778511106        25.0984061693940     
   16.0148071374387        23.5042163582227     
   16.0527108649982        21.6764327543535     
   16.0925390123761        19.6453645327742     
   16.1332541341904        17.4708370391167     
   16.1739480379532        15.2847058458732     
   16.2137341599741        13.1492193601690     
   16.2517685802014        11.1438682084481     
   16.2876638648647        9.36258955353189     
   16.3210507226572        7.80242423640619     
   16.3517906793008        6.43967299943150     
   16.3799574386499        5.23705779196757     
   16.4057611004081        4.14819209695758     
   16.4293083082427        3.12168713308750     
   16.4510550615076        2.10401251953530     
   16.4710619696525        1.04194251899576     
   16.4896864336146      -0.114534330676584     
   16.5070319827976       -1.40793208983661     
   16.5231885340635       -2.86871472721492     
   16.5381731919576       -4.48253351052802     
   16.5517781010274       -6.19782055553440     
   16.5635850214451       -7.95282396252343     
   16.5729117042717       -9.68409882334133     
   16.5791941105796       -11.3263375070306     
   16.5817861949474       -12.8159321534548     
   16.5803950112716       -14.0893276560674     
   16.5752180688623       -15.1529559050183     
   16.5669064434328       -16.0648978571991     
   16.5565197100334       -16.8267015914537     
   16.5450157454853       -17.4577233828915     
   16.5333326933534       -18.0015471592396     
   16.5223275609125       -18.4471858758757     
   16.5127533701469       -18.7812370316509     
   16.5052448253644       -18.9936779304507     
   16.5002750388288       -19.0783900411467     
   16.4981207321192       -19.0329521822605     
   16.4988181270612       -18.8580427907516     
   16.5021675153330       -18.5576423510269     
   16.5078397425509       -18.1380046900279     
   16.5153302315962       -17.6075328255801     
   16.5239567721465       -16.9757331342137     
   16.5329428677989       -16.2411033362319     
   16.5414789913702       -15.3585977382391     
   16.5485771937893       -14.3185281792360     
   16.5534806819696       -13.1219361636740     
   16.5551341258988       -11.7283123925401     
   16.5531134431718       -10.1351632399956     
   16.5470196627556       -8.40065681452445     
   16.5369271106029       -6.57718918084589     
   16.5230135828504       -4.72418948444008     
   16.5055911250254       -2.93099785714574     
   16.4847812388372       -1.30623247387700     
   16.4604851675179       0.121811515188162     
   16.4329776239583        1.35450298339614     
   16.4022249758651        2.42765983772961     
   16.3682937234770        3.39582114443750     
   16.3314165099723        4.32603458560855     
   16.2917463266188        5.29154079643403     
   16.2495625985618        6.36672821386519     
   16.2051444877132        7.62235498783294     
   16.1588949961802        9.11928134348898     
   16.1113326480656        10.9017504051810     
   16.0631698749823        12.9577036301466     
   16.0153108969725        15.1853802109906     
   15.9689307092609        17.5273372683103     
   15.9251186437024        19.8560519635042     
   15.8852053518141        22.0418800222619     
   15.8502674233526        24.0264930139491     
   15.8213933377081        25.7675469480112     
   15.7993720697531        27.2361636012911     
   15.7849157181145        28.4135550447617     
   15.7784504466850        29.2842337918831     
   15.7802351207133        29.8308163536734     
   15.7900320377206        30.0316023678596     
   15.8071626128924        29.8608923854238     
   15.8303556399796        29.2929968698634     
   15.8579419692002        28.3082962628733     
   15.8880130794220        26.9008674269562     
   15.9187034654992        25.0858185968010     
   15.9482626328709        22.9030866755326     
   15.9755797819847        20.4176981824341     
   15.9997730777154        17.7927424847527     
   16.0208273032660        15.1888089483932     
   16.0390673880917        12.7178167234160     
   16.0553489198822        10.5439394101113     
   16.0709148789923        8.70173287571107     
   16.0869792796403        7.17879870243065     
   16.1048534605879        5.93791123159012     
   16.1253382678445        4.92687338412687     
   16.1488388558421        4.08922839696503     
   16.1752396501026        3.37330862003422     
   16.2040945284497        2.73835931095739     
   16.2345698323063        2.15685034759616     
   16.2659590436153        1.62952039097170     
   16.2972614958262        1.16001160936985     
   16.3273900053093       0.753844688438300     
   16.3553922550496       0.420795872238821     
   16.3801694616929       0.172393503025010     
   16.4006643507485       1.688292736075336E-002
   16.4161370906940      -4.391852624580128E-002
   16.4261629714606      -6.617439512767653E-002
   16.4307727137211      -8.022095548200436E-002
   16.4304108047983      -8.983885176264828E-002
   16.4258092854611      -0.115467200784732     
   16.4180615622129      -0.204796467161541     
   16.4085225643661      -0.353353944590434     
   16.3987098189176      -0.549337810153200     
   16.3902136000428      -0.777645344753271     
   16.3846217869110       -1.02179394493006     
   16.3832533162019       -1.26353123471070     
   16.3874446606390       -1.49537185405361     
   16.3977388934240       -1.71741790182850     
   16.4141998608111       -1.93628727927820     
   16.4363569484002       -2.16374421747255     
   16.4630312232574       -2.41387587692451     
   16.4927976182830       -2.70021742002813     
   16.5238766184536       -3.01772792919527     
   16.5543745866334       -3.31557698173893     
   16.5824975811369       -3.57561942025913     
   16.6066358962165       -3.73742209843442     
   16.6254017775977       -3.70951252418828     
   16.6375948105542       -3.49104485913564     
   16.6427769142220       -3.09560588329999     
   16.6406289141167       -2.54781329641054     
   16.6312120234463       -1.87757115511764     
   16.6148668490957       -1.12548601786492     
   16.5920787722151      -0.358944405434046     
   16.5634008195821       0.397133186930223     
   16.5294027263093        1.13056946259387     
   16.4910747967607        1.83955523220773     
   16.4493577104140        2.53513146013394     
   16.4055114577932        3.24351310613520     
   16.3609276854704        4.00721230914721     
   16.3171003902383        4.88181923355567     
   16.2751610430122        5.92800920810656     
   16.2362483775602        7.19854894815465     
   16.2008025663266        8.72344115350531     
   16.1690696963488        10.5003380530123     
   16.1410632440761        12.4797272326796     
   16.1166157192835        14.4823865610467     
   16.0957287134673        16.4073180008502     
   16.0782757108733        18.1601977502287     
   16.0640308117459        19.6393998518166     
   16.0526667930168        20.8381151877969     
   16.0441941256908        21.7652029707282     
   16.0384733485026        22.4363778396750     
   16.0354880056226        22.8689905078709     
   16.0349740050407        23.0776520049129     
   16.0369236969898        23.0729339894904     
   16.0411374374039        22.8597800167115     
   16.0473503815878        22.4383197563822     
   16.0553118329347        21.8037876845786     
   16.0647295457365        20.9482321925056     
   16.0753288361917        19.8679685568710     
   16.0868273604812        18.5645196168032     
   16.0991970862820        17.0501887804461     
   16.1123943419778        15.3998191067346     
   16.1265013366430        13.6703164101388     
   16.1417398996836        11.8998060431938     
   16.1583322923738        10.1697480243408     
   16.1767210915021        8.54459695934394     
   16.1970770475654        7.03333838060461     
   16.2194542696238        5.63620190949850     
   16.2436019290866        4.34809282796886     
   16.2690479379251        3.16222633183007     
   16.2951205669574        2.07608746893786     
   16.3208038136413        1.10935597540264     
   16.3453735635683       0.268688269625242     
   16.3678041987269      -0.438702091901898     
   16.3872756181140       -1.00092570231174     
   16.4030093022869       -1.40152703491787     
   16.4142874132649       -1.62088894266414     
   16.4205113278763       -1.63832349615483     
   16.4212032172604       -1.43542557060050     
   16.4162420699376       -1.00260647760056     
   16.4057396816524      -0.418791591793267     
   16.3903763056105       0.247917464444806     
   16.3712057076259       0.949400611221148     
   16.3498465395734        1.58287946232783     
   16.3283154990503        2.12720163144342     
   16.3089585860101        2.57672979563160     
   16.2943127547221        2.94128476772498     
   16.2868030929272        3.24225853196021     
   16.2887256134847        3.50461144984803     
   16.3016033236182        3.74811996279090     
   16.3260251574098        3.97953825818562     
   16.3613558322594        4.18647480666925     
   16.4056453670747        4.33799412014168     
   16.4557554948867        4.39005899120170     
   16.5079488940932        4.29719271819125     
   16.5584793494959        4.02302883908827     
   16.6037139120847        3.54981762100918     
   16.6408182758714        2.89180669192884     
   16.6677500518356        2.19223379619102     
   16.6834288964341        1.52879016202040     
   16.6875374096027       0.992867218284148     
   16.6807060033088       0.636921042690749     
   16.6642734279166       0.446718485305162     
   16.6399783355328       0.400866114627887     
   16.6100225846073       0.472452917213416     
   16.5768218454372       0.635275777029551     
   16.5425008990198       0.868378829285052     
   16.5089910957536        1.16012781413525     
   16.4777690977526        1.51039230898372     
   16.4498941312242        1.93114233797824     
   16.4260166069993        2.44563471750077     
   16.4063047385342        3.08683920856842     
   16.3906829237184        3.89380591282879     
   16.3785489759280        4.90552406697206     
   16.3689291297095        6.15309566026935     
   16.3604253003360        7.65052667312912     
   16.3514286803104        9.38774668180498     
   16.3405333117468        11.3281655707810     
   16.3266057753245        13.3492127628439     
   16.3090045190108        15.3026548771121     
   16.2876495095871        17.1192042222436     
   16.2629866285226        18.6832898905923     
   16.2357452059363        19.9527748456088     
   16.2071893529223        20.9333553410916     
   16.1785977196277        21.6415558804437     
   16.1513612282774        22.0960547390358     
   16.1267380695505        22.3156578858776     
   16.1057905056034        22.3156269158047     
   16.0892909477727        22.1059107157460     
   16.0776224422053        21.6911305588632     
   16.0708126100912        21.0721748769227     
   16.0686433415111        20.2482723593107     
   16.0706691450896        19.2193331512375     
   16.0762759735200        17.9871828704387     
   16.0850798390133        16.5666505278982     
   16.0965212194370        15.0404876389388     
   16.1101861983611        13.4635730665998     
   16.1255902675059        11.8789279160515     
   16.1423156768226        10.3916493846464     
   16.1598969564333        9.05274728055044     
   16.1781291600538        7.87087255951147     
   16.1967304436838        6.84215195535165     
   16.2155034549106        5.95212689436898     
   16.2343641270844        5.17887347906252     
   16.2531830938848        4.49637275837773     
   16.2719578386270        3.87756102411271     
   16.2906082393847        3.29811822265515     
   16.3089579996412        2.73970243110725     
   16.3267978499556        2.19371173727016     
   16.3437251103218        1.66761600695795     
   16.3592613863469        1.21918081975938     
   16.3727318184140       0.899951002014384     
   16.3834272519873       0.754186614535055     
   16.3907305963235       0.816250148513300     
   16.3947453505288        1.09011490071986     
   16.3959482543766        1.45339669378634     
   16.3952578968650        1.84210252117953     
   16.3939951729568        2.20128266806567     
   16.3933327053071        2.45133625440484     
   16.3946606382530        2.60452600232329     
   16.3987131076358        2.68522104830417     
   16.4061639603995        2.72378558647062     
   16.4171541618476        2.74233787460303     
   16.4314726917400        2.75327155261999     
   16.4487115934907        2.76182734745655     
   16.4680935812403        2.76608770585365     
   16.4886289272570        2.75825152167503     
   16.5091601052309        2.72673867869517     
   16.5284786474342        2.65863671941428     
   16.5452584880854        2.54246237026432     
   16.5585110853524        2.36424379834927     
   16.5671759774781        2.12036898510297     
   16.5706863962886        1.87498321284820     
   16.5686160767548        1.66671328297055     
   16.5611399350016        1.51128926635654     
   16.5487260815658        1.46965330989930     
   16.5322096052478        1.56642560732751     
   16.5125180016636        1.73630254854452     
   16.4908637047304        1.93397167069805     
   16.4681616885449        2.14062793227439     
   16.4451226407263        2.34761985096469     
   16.4222477397317        2.55853569794382     
   16.3997889068877        2.79024317556664     
   16.3779558976031        3.07127495671282     
   16.3563244543804        3.44005987221477     
   16.3351287726252        3.94154839550866     
   16.3137165591514        4.62412412013333     
   16.2917298914855        5.53575149025171     
   16.2686896458652        6.71935342073252     
   16.2438986055582        8.20735634408488     
   16.2171438968182        9.99844290866092     
   16.1881563863126        11.9932281622306     
   16.1569439704787        14.1270974986599     
   16.1239808713695        16.2976958762031     
   16.0900466705900        18.3471050589394     
   16.0563345493303        20.2059205374892     
   16.0243548561447        21.8276043545729     
   15.9959204937168        23.1865209416413     
   15.9728311143519        24.2738724254660     
   15.9566960752218        25.0902322398304     
   15.9486288918267        25.6373808841076     
   15.9491224816714        25.9049851142807     
   15.9578652167795        25.8679629457320     
   15.9736032398608        25.4988532704189     
   15.9944508519721        24.7716918556721     
   16.0183103130318        23.6725960994842     
   16.0429884547010        22.2090346308087     
   16.0667665363957        20.4136413608701     
   16.0883717923276        18.3755223675507     
   16.1070313105117        16.2719750929227     
   16.1225562381886        14.1924184766956     
   16.1352507102653        12.2911288258217     
   16.1456622791878        10.6496522028303     
   16.1547795197207        9.27714375721099     
   16.1635014593918        8.16459255705362     
   16.1727593948157        7.28932041865392     
   16.1834627738319        6.62021354709253     
   16.1963335890891        6.12174277040003     
   16.2119215588165        5.75799419279534     
   16.2305137061390        5.49520860762208     
   16.2521845795006        5.30407068939372     
   16.2768708648348        5.16089524395146     
   16.3040674511321        5.04861361998068     
   16.3330435238093        4.95700454780016     
   16.3627256818541        4.88209960951109     
   16.3916943211012        4.82461250161360     
   16.4184587621600        4.78931847045883     
   16.4415933264700        4.80248927370007     
   16.4600377703321        4.86485144353094     
   16.4731878373432        4.88863015996404     
   16.4809596236524        4.83220508250694     
   16.4837773985129        4.70399986047896     
   16.4823732345216        4.45487546738367     
   16.4779057136875        4.07264226516486     
   16.4717456055396        3.57432548684332     
   16.4651743636480        2.98066030354196     
   16.4596743310770        2.31277676511907     
   16.4564046801904        1.58974751225996     
   16.4562846492633       0.825893519629686     
   16.4598834673997       2.868080157626274E-002
   16.4673711476756      -0.802371023804492     
   16.4784421207034       -1.67496022682688     
   16.4926362074600       -2.60063044867980     
   16.5091280575652       -3.59117939171695     
   16.5269550913203       -4.65283512493287     
   16.5451018981811       -5.76144624360624     
   16.5625144021655       -6.82312576406499     
   16.5783011562817       -7.79581956957488     
   16.5916516544329       -8.61350227879448     
   16.6018864933275       -9.19129013418183     
   16.6085300614020       -9.53687953161813     
   16.6113281826799       -9.66514255519999     
   16.6102144163399       -9.59703137123036     
   16.6052031182560       -9.35232092838844     
   16.5963635514204       -8.94436546373529     
   16.5839825731609       -8.37660013515169     
   16.5681873567086       -7.64130837073603     
   16.5491548621389       -6.71988109456531     
   16.5269106016879       -5.58384069003830     
   16.5015105347697       -4.19709557663737     
   16.4728966278522       -2.52092880827615     
   16.4409536808416      -0.520428100910890     
   16.4056280758561        1.82806832806053     
   16.3668277425397        4.52817175959064     
   16.3248974707371        7.51532154948548     
   16.2803812833443        10.6336057447804     
   16.2342770225247        13.7804344373479     
   16.1878367617535        16.7740714261457     
   16.1426432788795        19.4839638562236     
   16.1001558394915        21.8395722907096     
   16.0616988395236        23.7863647696139     
   16.0283189016823        25.3126944602104     
   16.0005555674661        26.4229023854195     
   15.9786277222667        27.1282227008105     
   15.9622636950678        27.4405908389260     
   15.9509345039268        27.3705043116593     
   15.9438754339386        26.9277651704679     
   15.9402203633338        26.1245961208365     
   15.9393225234248        24.9795323609682     
   15.9405257132121        23.5220804678114     
   15.9434191445433        21.7961855678945     
   15.9478030868125        19.8612449748282     
   15.9537873267338        17.8057981729441     
   15.9617054431755        15.7782964519051     
   15.9720431513671        13.8669242040826     
   15.9855439269325        12.1492871374093     
   16.0029179996391        10.7341946370310     
   16.0249506620182        9.64614445082875     
   16.0523505594929        8.87116737518593     
   16.0854727421187        8.37159950734096     
   16.1242770920612        8.08904381747155     
   16.1681053003948        7.95063860409537     
   16.2158301600310        7.87701186228801     
   16.2658827487919        7.79220719398405     
   16.3163563322468        7.63332911082755     
   16.3653606156520        7.35574157522653     
   16.4109960300452        6.93556743391198     
   16.4516045496971        6.36815683932446     
   16.4859101687951        5.66314941593462     
   16.5130601362294        4.86012535507337     
   16.5326417941845        4.04311839252992     
   16.5446216088354        3.22845382143230     
   16.5495036528509        2.37683015564846     
   16.5480446552924        1.48489401219407     
   16.5413895260672       0.588271601400005     
   16.5307911095466      -0.304955512949473     
   16.5177752896637       -1.21913698084322     
   16.5038751645214       -2.13760953452648     
   16.4905733569015       -3.03556224754788     
   16.4793626291251       -3.89424846452641     
   16.4716236149867       -4.70121468308492     
   16.4687181074274       -5.44783179459360     
   16.4714150539240       -6.12874435180022     
   16.4801907186721       -6.74331504030811     
   16.4948310697904       -7.29511116736183     
   16.5144756955251       -7.79131876822914     
   16.5377680260894       -8.24005711368901     
   16.5629494408602       -8.64622288342778     
   16.5881283409161       -8.96464408499818     
   16.6115557264776       -9.16784804596040     
   16.6316846911903       -9.24709293890313     
   16.6473891841856       -9.16300035317654     
   16.6579385588174       -8.87282281180467     
   16.6630494310876       -8.39754077048103     
   16.6628655814581       -7.77143573015668     
   16.6577552697722       -7.03618272870277     
   16.6483119978567       -6.22673062168448     
   16.6352403927395       -5.37367004906976     
   16.6191719802352       -4.50017409949144     
   16.6008129859259       -3.62671102461709     
   16.5806116455617       -2.77341499082052     
   16.5590139531279       -1.92912464823340     
   16.5364757173544       -1.07387307960340     
   16.5134807766929      -0.181173626421726     
   16.4905288115095       0.780551975992257     
   16.4678684020607        1.84471030480546     
   16.4456351112157        3.04314985159789     
   16.4237461449664        4.40109821743253     
   16.4020753027905        5.93285089791654     
   16.3803027514553        7.63730506977250     
   16.3581779648579        9.49191117209516     
   16.3355487819310        11.3982252968227     
   16.3122416566833        13.2960987317559     
   16.2884527173416        15.1443759610272     
   16.2643902903142        16.8728201804751     
   16.2403642581855        18.4275525046883     
   16.2168859247078        19.7959538167755     
   16.1944958138226        20.9704597025548     
   16.1737011514105        21.9468119379122     
   16.1549546037832        22.7216788778076     
   16.1386212943235        23.2919348246187     
   16.1247416745268        23.6526086460256     
   16.1132382981276        23.7958410692388     
   16.1039392582390        23.7125046444983     
   16.0966403462944        23.3916544025275     
   16.0911197697582        22.8236417523454     
   16.0871670272982        22.0039871790276     
   16.0847294000223        20.9387291949941     
   16.0836410821254        19.6486237699212     
   16.0837011582214        18.2015393216910     
   16.0848641508652        16.6789300145824     
   16.0870211942543        15.1463374679120     
   16.0901415097835        13.6702033058529     
   16.0941918965031        12.3330666335115     
   16.0992803505350        11.2004801643791     
   16.1054298979666        10.2990618323166     
   16.1126538117956        9.64443688084181     
   16.1208526228068        9.24313536611228     
   16.1300882030391        9.09354138625226     
   16.1401753561129        9.18641645753337     
   16.1509400703393        9.50399461198886     
   16.1620931825779        10.0188649473040     
   16.1731920730562        10.6928589919220     
   16.1839140706040        11.4774826378381     
   16.1938383986678        12.2984534445737     
   16.2025663419137        13.0540870039101     
   16.2100816273217        13.6784933470874     
   16.2165955433372        14.1286448148500     
   16.2224919666382        14.3650505089113     
   16.2285211037096        14.3493716271351     
   16.2353469245331        14.0992458517569     
   16.2436205943586        13.6490772217235     
   16.2537103503212        13.0403001890986     
   16.2659281999266        12.3139000802378     
   16.2802976245328        11.5044240932615     
   16.2966218247294        10.6389512086601     
   16.3145679138812        9.73337599483056     
   16.3336420151125        8.79598199332798     
   16.3532508509183        7.83065752813525     
   16.3728161537784        6.83992532777554     
   16.3918050253471        5.82537022542633     
   16.4097546239331        4.78983708703345     
   16.4261526926465        3.76365877474298     
   16.4407478175633        2.78567306802272     
   16.4533828522490        1.87553588744588     
   16.4639167802102        1.05279785971368     
   16.4723060052567       0.357980134124524     
   16.4787265073373      -0.168415577559848     
   16.4830450114743      -0.525602855269589     
   16.4859559564124      -0.718584667578820     
   16.4877547166907      -0.757440263163287     
   16.4890102999210      -0.654353790733142     
   16.4900443570990      -0.422268394870165     
   16.4913274765302      -7.320564868115209E-002
   16.4929372811391       0.383125763294640     
   16.4946655438653       0.940093324283819     
   16.4961611524619        1.59138784187721     
   16.4969880880393        2.33856931070553     
   16.4964618482336        3.18810297388729     
   16.4940921559792        4.14868190021731     
   16.4891288686091        5.22889487206241     
   16.4810527927462        6.43517171197241     
   16.4693453546434        7.76859403592492     
   16.4537469181648        9.21248498226572     
   16.4341844475046        10.6944841815739     
   16.4109679407754        12.1735015931420     
   16.3845761317268        13.6161725047985     
   16.3559274195935        14.9576583122546     
   16.3259650020360        16.1341504798722     
   16.2956899181670        17.1328733429871     
   16.2661089187745        17.9426990084397     
   16.2380460541223        18.5557523746927     
   16.2127833244367        18.9647227852858     
   16.1911797347145        19.1617617680309     
   16.1741335283678        19.1393227543649     
   16.1620132312920        18.8933576851216     
   16.1546722014020        18.4278576310084     
   16.1514384660022        17.7585181912540     
   16.1514635391938        16.9142781388961     
   16.1536854931084        15.9355392188935     
   16.1572661786218        14.8710992556207     
   16.1614825268855        13.7791426738941     
   16.1657552534406        12.7489799985180     
   16.1696765027364        11.8204647084321     
   16.1730145697574        11.0163805861215     
   16.1756470854591        10.3515747363206     
   16.1775539705271        9.84920947832571     
   16.1787885252723        9.50401127020621     
   16.1796435828091        9.28904159281539     
   16.1803333910632        9.17329727260912     
   16.1810942436704        9.12513458486753     
   16.1821380160656        9.11517564357739     
   16.1835063717396        9.11892604891477     
   16.1852404257412        9.11774542741317     
   16.1870970301406        9.09892956171186     
   16.1891249518312        9.05631902592794     
   16.1912592159970        8.98917752206117     
   16.1934277857844        8.90217644018090     
   16.1956302090567        8.80585327919936     
   16.1977165262952        8.73036109921992     
   16.1995492122315        8.67736525111419     
   16.2009315880530        8.64280985567041     
   16.2020839129946        8.62005877050178     
   16.2030303025349        8.60017048801125     
   16.2040143816146        8.55633952876439     
   16.2053901414253        8.47425855852714     
   16.2075491155241        8.35444289876131     
   16.2109414283176        8.19834488855796     
   16.2159598931685        8.00844905424762     
   16.2230074933588        7.78753072770583     
   16.2324328482606        7.53947803878984     
   16.2445048375661        7.26835207070556     
   16.2592604090159        6.97585780169239     
   16.2767567080748        6.66363725533003     
   16.2967435241138        6.33331343231702     
   16.3189378594534        5.98648302610014     
   16.3428859239545        5.62483088740272     
   16.3681087183324        5.25357973642682     
   16.3943016403202        4.89852375766947     
   16.4209583216089        4.57077533133042     
   16.4476182707059        4.27745178443300     
   16.4735737685262        4.02502398945601     
   16.4980897267131        3.82309626207188     
   16.5203188272419        3.69231449274294     
   16.5392632189386        3.59337045448046     
   16.5543480964485        3.51312221494564     
   16.5649902456745        3.44506071258484     
   16.5708255940806        3.38802140086907     
   16.5716746291617        3.34811195871586     
   16.5674723728846        3.34095325988028     
   16.5584760549776        3.39312386493302     
   16.5449131502794        3.54151320013053     
   16.5274353808844        3.83133358781790     
   16.5067968956314        4.31011351727551     
   16.4840199147317        5.01943254113971     
   16.4600623546642        5.98498178599224     
   16.4362125088729        7.20873495923372     
   16.4132072577060        8.65007409770526     
   16.3914876326484        10.2218433510309     
   16.3711972542968        11.8613966238237     
   16.3521737650883        13.5060055095624     
   16.3348390489291        15.0878820661063     
   16.3192995143804        16.5269716317977     
   16.3057982650890        17.7823393711383     
   16.2944259035973        18.8233955223344     
   16.2851008155550        19.6300476408857     
   16.2775313843405        20.1918083683179     
   16.2713491471694        20.5061949158869     
   16.2661304561848        20.5758977641107     
   16.2613568739308        20.4066965092265     
   16.2566435202612        20.0056844973339     
   16.2515615954838        19.3804181001918     
   16.2457442665700        18.5406467798602     
   16.2389247804244        17.5011172262826     
   16.2309192020432        16.2829974523887     
   16.2217132049665        14.9367667898794     
   16.2115045919677        13.5166284997796     
   16.2006319416575        12.0668151446094     
   16.1895077200706        10.6313104068293     
   16.1788105754722        9.25356373534379     
   16.1690728584717        7.99521856212233     
   16.1607741437789        6.88062561807708     
   16.1543512818305        5.91467054695923     
   16.1503052550444        5.09396161131533     
   16.1490701101259        4.40969200641753     
   16.1511234297044        3.84990454435313     
   16.1567410412142        3.40172537495048     
   16.1660244054639        3.05262183428161     
   16.1787552996175        2.79180166742943     
   16.1943526653124        2.61119382020810     
   16.2122920557415        2.50530107652387     
   16.2316313606079        2.47184493943817     
   16.2515397569424        2.51076686676257     
   16.2710306898555        2.62332565452978     
   16.2893048480558        2.81046414688191     
   16.3057106251597        3.06728969387161     
   16.3196328537025        3.38141409079186     
   16.3306754871976        3.73832459367968     
   16.3387263423895        4.12178617519692     
   16.3441162152264        4.50877868393520     
   16.3474163666878        4.86203303544420     
   16.3493695724879        5.17708537613597     
   16.3509606781517        5.45620625493092     
   16.3530184137142        5.70391986542743     
   16.3562420983792        5.92641956459103     
   16.3612087207261        6.11492339889030     
   16.3682031367247        6.26345172346605     
   16.3773042677555        6.36579096282735     
   16.3887598650327        6.41673117448351     
   16.4023649350984        6.41288459069016     
   16.4177923594937        6.35423193613642     
   16.4344835282370        6.24494392055816     
   16.4517039138454        6.10706810400676     
   16.4686964682785        5.97559714474427     
   16.4846929380696        5.86831090594307     
   16.4989450515866        5.80060153141229     
   16.5110352819887        5.78404293046490     
   16.5204420360916        5.82921124591856     
   16.5267565974239        5.95721540993739     
   16.5296704152408        6.16556867013463     
   16.5289377513593        6.43081525669170     
   16.5244730652922        6.74070771295868     
   16.5162010746748        7.08967511288408     
   16.5043961416587        7.47426530725575     
   16.4891835450171        7.89338999397267     
   16.4709437406188        8.34917039099999     
   16.4500479552702        8.84669415261311     
   16.4269014282228        9.39367388019473     
   16.4019779590869        9.99951268377879     
   16.3757174539927        10.6733605762256     
   16.3488157014838        11.4128949714693     
   16.3219734730303        12.1924918239231     
   16.2958524710621        12.9974061393173     
   16.2711675367846        13.8086295494939     
   16.2483348231849        14.6069404106193     
   16.2278148480747        15.3620330197479     
   16.2098839756834        16.0308766152455     
   16.1948058977806        16.5971047036879     
   16.1827311291668        17.0495822686188     
   16.1736219062846        17.3813373171882     
   16.1674196717713        17.5886064094168     
   16.1636968897056        17.6705915110303     
   16.1621115454917        17.6284140034142     
   16.1619793671576        17.4644046323047     
   16.1627098933087        17.1817133631514     
   16.1638188681089        16.7849949823862     
   16.1648946496413        16.2802311475826     
   16.1656593015248        15.6759870208753     
   16.1660811861723        14.9836162395694     
   16.1660877151718        14.2244018613466     
   16.1657547029721        13.4354488896615     
   16.1652775212897        12.6287281901478     
   16.1650288436520        11.8205264133406     
   16.1654519956478        11.0260947644931     
   16.1672019738204        10.2686685675670     
   16.1708951570659        9.58084238909781     
   16.1769447488891        8.96864586477186     
   16.1856532453674        8.43592130033816     
   16.1968701530255        7.98669536352925     
   16.2105354707146        7.62588260102764     
   16.2263275491709        7.36065060601319     
   16.2438849497652        7.20046907570649     
   16.2626261832536        7.15675803957403     
   16.2819041005674        7.24125107245860     
   16.3008731549680        7.46393027377145     
   16.3185374205494        7.83334359181474     
   16.3340944189564        8.35046281311648     
   16.3468004969643        9.00272529883021     
   16.3562234877352        9.74012629575438     
   16.3623103069209        10.5077112814076     
   16.3653863863663        11.2607760485799     
   16.3660221274931        11.9552940993887     
   16.3651087496742        12.5474747795336     
   16.3636195507994        12.9854352293724     
   16.3625530976463        13.2563167377111     
   16.3629304692835        13.3635287936185     
   16.3657591134740        13.3147848562848     
   16.3718692443204        13.1226974128686     
   16.3816676624200        12.8020881138880     
   16.3953989020230        12.3683785275811     
   16.4127933635303        11.8362184943787     
   16.4333081691054        11.2184526214487     
   16.4561055745599        10.5255572458088     
   16.4802813357048        9.76638163307486     
   16.5049690806397        8.94884196178503     
   16.5291884022953        8.08968546331133     
   16.5519724074506        7.22106143647335     
   16.5722355496084        6.36038954611252     
   16.5890876729694        5.52407722586293     
   16.6017075845619        4.72884780204081     
   16.6094692488161        4.00981856473791     
   16.6119985239492        3.40009816349465     
   16.6091927036571        2.90514193776790     
   16.6012160318593        2.52363783542750     
   16.5885205192877        2.24982128748375     
   16.5717344220489        2.08023551096775     
   16.5517723301304        2.01078700402180     
   16.5295436677435        2.03884632159005     
   16.5059736723894        2.16399982008448     
   16.4820954474354        2.38938184304859     
   16.4586943737490        2.72311085164951     
   16.4364053399358        3.17796525988905     
   16.4154046294057        3.76739637107173     
   16.3954831370998        4.50380493246436     
   16.3761948221414        5.39533680927367     
   16.3568742174200        6.44291789599660     
   16.3370004748492        7.63611860213861     
   16.3161091408223        8.91390828429061     
   16.2939053054728        10.2220491600935     
   16.2701895373970        11.5207462600835     
   16.2448013829100        12.7683826450430     
   16.2179529724646        13.8996168697327     
   16.1899631940170        14.8802866502673     
   16.1613366616718        15.6986426664010     
   16.1327993319639        16.3487168243708     
   16.1052553994153        16.8283479412228     
   16.0795844509077        17.1380592747795     
   16.0568318961871        17.2802996135679     
   16.0378961232340        17.2593071008632     
   16.0235416937282        17.0816282647535     
   16.0144255574050        16.7570625603492     
   16.0110451505320        16.2993485261443     
   16.0137696502133        15.7264223937016     
   16.0226729246777        15.0602125951751     
   16.0379296819671        14.3271116737129     
   16.0592408508364        13.5589998013470     
   16.0860344181969        12.8098662654263     
   16.1175418017361        12.1130087133173     
   16.1527569878356        11.4912594265839     
   16.1906063043001        10.9609448261273     
   16.2297894626656        10.5312666093245     
   16.2692259604369        10.2052793717425     
   16.3074103593290        9.98147059638336     
   16.3432035789991        9.83831700427789     
   16.3754802573846        9.75475127364307     
   16.4033623392409        9.70966596851516     
   16.4261477237590        9.68285929692702     
   16.4434299880094        9.65654779729874     
   16.4550373217197        9.61561534932392     
   16.4611301315812        9.54770991495453     
   16.4621293809035        9.43842382905334     
   16.4586236538991        9.30682274533836     
   16.4515224731454        9.15474704938985     
   16.4418256544646        8.97551396023459     
   16.4307171180933        8.76476674534370     
   16.4193183547439        8.51986048373079     
   16.4087707245476        8.23805051443099     
   16.3999186347920        7.90685555389608     
   16.3933713017871        7.52837187115336     
   16.3895130180697        7.11118709317584     
   16.3883915060328        6.66707325558683     
   16.3900564384030        6.19647384020956     
   16.3942235291184        5.69794401466903     
   16.4004629388755        5.16968787292609     
   16.4081479840566        4.61008787097544     
   16.4165020861687        4.01889208179289     
   16.4246933737976        3.39717151028476     
   16.4319032538702        2.74806071397809     
   16.4374216642854        2.07730091107086     
   16.4407248573628        1.39668684259351     
   16.4415543440054       0.739471713350888     
   16.4398220577270       0.129040975484292     
   16.4359095131777      -0.414784755143902     
   16.4302948457991      -0.874796602705239     
   16.4236341401990       -1.23599551306770     
   16.4166742965182       -1.46699897261088     
   16.4101714259155       -1.56660097209047     
   16.4047361718355       -1.54929465425184     
   16.4007713193981       -1.43406017828779     
   16.3984503035325       -1.24083211387348     
   16.3979213870812      -0.988763593167195     
   16.3990448158401      -0.694484939524150     
   16.4015845912413      -0.368920030136317     
   16.4051877707519      -1.828938250589474E-002
   16.4093946199929       0.356181388047848     
   16.4136869692761       0.758481130143680     
   16.4174499589485        1.19750967584056     
   16.4198057510952        1.69546053657077     
   16.4201275785216        2.26555934175988     
   16.4176896525658        2.92158962544543     
   16.4119853066383        3.67652940574600     
   16.4027528600576        4.53302642779312     
   16.3899556791240        5.46588075910282     
   16.3738741264351        6.46627587551402     
   16.3550446922558        7.52363720119597     
   16.3343598936138        8.62317904680601     
   16.3127911980864        9.73957289179545     
   16.2917561917619        10.8337303600354     
   16.2724078053405        11.8905361669172     
   16.2559922210585        12.8984641109838     
   16.2434076258798        13.8463676076802     
   16.2354164730209        14.7234723523630     
   16.2322521210132        15.5176887219480     
   16.2337720779004        16.2144720068843     
   16.2394284027319        16.7973907788066     
   16.2482834775414        17.2484540769240     
   16.2592491106369        17.5442009588984     
   16.2709783179078        17.6386745379365     
   16.2821436699829        17.5105464448047     
   16.2914370878279        17.1623958662146     
   16.2976313258798        16.6271634448085     
   16.2999468739726        15.9327419593963     
   16.2977803969674        15.1170332946405     
   16.2910252473492        14.2266132464473     
   16.2799736129608        13.3178676470168     
   16.2652970045139        12.4596060243377     
   16.2479899744234        11.6978890615517     
   16.2292767873767        11.0728198573665     
   16.2103905772347        10.6195173370025     
   16.1927092784074        10.3659586356414     
   16.1773932842419        10.3311264862165     
   16.1653846147521        10.5231246689576     
   16.1573845096862        10.9380180698067     
   16.1535803196307        11.5591425539225     
   16.1540361140185        12.3579434415100     
   16.1581470701079        13.2873876138800     
   16.1653029308937        14.2775884389654     
   16.1745752857187        15.2702555853919     
   16.1850732267344        16.2081689498852     
   16.1959550666893        17.0363705397761     
   16.2066227351898        17.6961989835490     
   16.2165620208902        18.1205013462566     
   16.2254626160129        18.2766604202089     
   16.2329837654878        18.1443227950867     
   16.2391220164848        17.7129800926949     
   16.2438388141706        16.9913563162791     
   16.2471930459244        16.0212081798273     
   16.2493384090304        14.8074003947419     
   16.2504868487090        13.3516592612871     
   16.2509031203304        11.6567357319914     
   16.2508765134523        9.72782704345320     
   16.2506934489272        7.57244562160115     
   16.2506666632382        5.20630740737006     
   16.2512559787596        2.65777254637315     
   16.2529411503642      -1.864854783641334E-002
   16.2561886088624       -2.71695940455902     
   16.2616204540125       -5.35388185039179     
   16.2696283583005       -7.85223161921415     
   16.2804604091778       -10.1190852643172     
   16.2941426103459       -12.0730118418761     
   16.3104734886932       -13.6957103170669     
   16.3293693631025       -14.9868693047391     
   16.3504703492492       -15.9571457976685     
   16.3733152125015       -16.6228430335820     
   16.3972602003861       -17.0027941697150     
   16.4214556026932       -17.1147714484631     
   16.4449789012757       -16.9741623208374     
   16.4668968774374       -16.5928197306478     
   16.4862984203035       -15.9788995260357     
   16.5024914931910       -15.1378801637963     
   16.5148946258896       -14.0740211784805     
   16.5230709918462       -12.7927971811057     
   16.5268555297336       -11.3041575844258     
   16.5263652371137       -9.62086081498952     
   16.5220123126170       -7.77041321417900     
   16.5144607269179       -5.83285061213048     
   16.5046443785791       -3.86284673452266     
   16.4936349086850       -1.90785053503577     
   16.4824659830473      -1.135302426261031E-002
   16.4720817413667        1.78315942144783     
   16.4630781685715        3.44590195405691     
   16.4557908341403        4.96790285164778     
   16.4503279441651        6.34659575385719     
   16.4464905321331        7.58133734336121     
   16.4438819516786        8.67135969713407     
   16.4419616075529        9.61466316309051     
   16.4400101137637        10.3815972034544     
   16.4374055513919        10.9505751177025     
   16.4332866855584        11.3215573390385     
   16.4268851356940        11.4990531452143     
   16.4175174392469        11.5049647971155     
   16.4046318055885        11.3710827473541     
   16.3879140211658        11.1256748179734     
   16.3671786875266        10.7983603493345     
   16.3425225556025        10.4209949303489     
   16.3142651893084        10.0253893025773     
   16.2829495537080        9.66244482208592     
   16.2494119374963        9.37606386774275     
   16.2147085005188        9.19736554063632     
   16.1800549259575        9.15321755504650     
   16.1468061542825        9.26443239410457     
   16.1162077914105        9.54442391872740     
   16.0894920143577        9.99830512809043     
   16.0672347291734        10.6222818657695     
   16.0495872773412        11.4048612209247     
   16.0362239049403        12.3284614872100     
   16.0263644866276        13.3711236159314     
   16.0191260325345        14.5076174101806     
   16.0138325575435        15.6944264781608     
   16.0096564986861        16.8763384756433     
   16.0059474684141        18.0138765253547     
   16.0021952121974        19.0707636721547     
   15.9980009835383        20.0157893982942     
   15.9931488880492        20.8072321800636     
   15.9878610734546        21.4166729844279     
   15.9823571922805        21.8410679335439     
   15.9770905699217        22.0830995353304     
   15.9727842028343        22.1494788149888     
   15.9701203742379        22.0488951829537     
   15.9698881451016        21.7900629411147     
   15.9727602733533        21.3816577229585     
   15.9793856699163        20.8318719990201     
   15.9904079860801        20.1494666008336     
   16.0060619989147        19.3442048715028     
   16.0265890792922        18.4284588064118     
   16.0517815467500        17.4173989660370     
   16.0810795110891        16.3290452745688     
   16.1138624006671        15.1842244170824     
   16.1493160996837        14.0239153800113     
   16.1867368378641        12.8756454791923     
   16.2254497770992        11.7564372074831     
   16.2648432697249        10.6803042380927     
   16.3043216664119        9.65823999153152     
   16.3432668194074        8.70118637664529     
   16.3809647089525        7.82415004847172     
   16.4170161423713        7.02266589716171     
   16.4509675087021        6.28765763231503     
   16.4825277717372        5.60874230986906     
   16.5115365008540        4.97499254598524     
   16.5379108223113        4.37624242198485     
   16.5617078763238        3.80329839271947     
   16.5829602742958        3.24964772606267     
   16.6017869306540        2.72251881844684     
   16.6182403577032        2.22818099939137     
   16.6325064977850        1.77101184912363     
   16.6448338330597        1.36861146285407     
   16.6556438846628        1.01727535168856     
   16.6653515883690       0.713534873938644     
   16.6743608576371       0.454157321457843     
   16.6829523651765       0.234320813339531     
   16.6911998287428       4.838119347914205E-002
   16.6989487981946      -0.110103524113079     
   16.7061070647989      -0.255856847923866     
   16.7125060302482      -0.393291146719704     
   16.7180224257291      -0.521728594322236     
   16.7223626289186      -0.640479858285703     
   16.7253769770763      -0.748918144409149     
   16.7267046696983      -0.846496414581605     
   16.7259648243689      -0.932773286520585     
   16.7227366830971       -1.00806744177843     
   16.7169375344498       -1.07300952532694     
   16.7081388207203       -1.12622961845983     
   16.6961807601625       -1.15515778456786     
   16.6809073815706       -1.15001259661478     
   16.6622509501819       -1.10232066903695     
   16.6401170261040       -1.00332406322808     
   16.6148903378246      -0.844210616810953     
   16.5868735438564      -0.616516953033126     
   16.5566939952254      -0.303061589688929     
   16.5250365211432       0.111475912894728     
   16.4926750967478       0.623970237875592     
   16.4600966301529        1.22892659368825     
   16.4278773523677        1.92045684135669     
   16.3961645209269        2.68601251692846     
   16.3649776562202        3.51674230182214     
   16.3342793142313        4.41257516853484     
   16.3039373091332        5.37509724698559     
   16.2738674097308        6.40670324538196     
   16.2439752417734        7.50893652154824     
   16.2141877782064        8.67581455116413     
   16.1844111602514        9.90235378738423     
   16.1547408836260        11.1841989504589     
   16.1251947161934        12.5019381461187     
   16.0959765837466        13.8246151062258     
   16.0673460523862        15.1307723336702     
   16.0396162091745        16.3963477746694     
   16.0132660174960        17.5943908183871     
   15.9887838111070        18.6951842455054     
   15.9667711771223        19.6537681410688     
   15.9478218537700        20.4371823454788     
   15.9325195499832        21.0239609498884     
   15.9213484576742        21.3977385319632     
   15.9146396665735        21.5484621712130     
   15.9125992556387        21.4735120011772     
   15.9152013018368        21.1783903217195     
   15.9221908777376        20.6762872265992     
   15.9333569153181        19.9876323969759     
   15.9482999177270        19.1386106095155     
   15.9666492889258        18.1608973936619     
   15.9882157845361        17.0898649205069     
   16.0127920552451        15.9641770064168     
   16.0402662975445        14.8278076310301     
   16.0704642583060        13.7392702685260     
   16.1034864836421        12.7390542036557     
   16.1391569101719        11.8559596667979     
   16.1773533588055        11.1061336897112     
   16.2178922393167        10.4899688538394     
   16.2604171362999        9.99365050149651     
   16.3044494994331        9.59814324773835     
   16.3495248492714        9.25899796833326     
   16.3947628882655        8.92263417097053     
   16.4394441913427        8.53729342771409     
   16.4825474499373        8.06182304023189     
   16.5229923962304        7.47329968608336     
   16.5599056009919        6.77107135294169     
   16.5924201742557        5.97502319756365     
   16.6197495650732        5.12000438735015     
   16.6415588346494        4.28992320904636     
   16.6577285085042        3.54412399614948     
   16.6682500685200        2.89560307323824     
   16.6733158580058        2.34039850802027     
   16.6732640166623        1.87745075995309     
   16.6684967080315        1.50249548816542     
   16.6595060082851        1.20722785948544     
   16.6467364501305       0.982000348657478     
   16.6309199980642       0.815970101243437     
   16.6126587625681       0.686906506000103     
   16.5927420131957       0.581413359759200     
   16.5719552264084       0.496052409290242     
   16.5512858397918       0.432021402365050     
   16.5315255361622       0.388185544001756     
   16.5134917668859       0.363787375452953     
   16.4978383827273       0.357766728014795     
   16.4850039339518       0.367386240616891     
   16.4751917131390       0.388321488588134     
   16.4683197118473       0.414845623266041     
   16.4640519006169       0.440778868299813     
   16.4616511008213       0.461472938124699     
   16.4600717587901       0.475117440779130     
   16.4582021454983       0.487764136011227     
   16.4550574737639       0.524545913394378     
   16.4497690284839       0.597512617266496     
   16.4417096223914       0.715914732970377     
   16.4305925492876       0.887960449536617     
   16.4162383017589        1.12081074576772     
   16.3989156116631        1.42157222956211     
   16.3788356440209        1.80271615942956     
   16.3563386190350        2.27143247696510     
   16.3319300476889        2.82892305822634     
   16.3061250108779        3.47753026177066     
   16.2794394480003        4.21152351981802     
   16.2523167970193        5.02847113529419     
   16.2254201646450        5.93742101299133     
   16.1991648407634        6.94888958194507     
   16.1738984569794        8.07376232314466     
   16.1499507380540        9.31914818076787     
   16.1276349687634        10.6906034581107     
   16.1071076012044        12.1782283251545     
   16.0886924600524        13.7585715335301     
   16.0724313288173        15.4024582547556     
   16.0582672329043        17.0694108917015     
   16.0460200644937        18.7112134008262     
   16.0353686713186        20.2763484584806     
   16.0259530793409        21.7020397136523     
   16.0175712412696        22.9398862541064     
   16.0101408916684        23.9632876766480     
   16.0036051521094        24.7546327279279     
   15.9982240769055        25.3038432241076     
   15.9942951067961        25.6070545619682     
   15.9922069136634        25.6656830333613     
   15.9924768420472        25.4860386799468     
   15.9955165647774        25.0800496615314     
   16.0017693013464        24.4649282588444     
   16.0116314001228        23.6630421998499     
   16.0254247363939        22.7008803849120     
   16.0434791845448        21.6075619504804     
   16.0660420062197        20.4137500799570     
   16.0933330786383        19.1630432180460     
   16.1255458138934        17.8998452240470     
   16.1626656235790        16.6545092007849     
   16.2042771981281        15.4530135538748     
   16.2499513123824        14.3155094890001     
   16.2986408872591        13.2541481809596     
   16.3490746533830        12.2805630822707     
   16.3997634203558        11.3903225134025     
   16.4492193077695        10.5611388262755     
   16.4959012163488        9.76526886623637     
   16.5387121367308        8.97273999785978     
   16.5768569611894        8.15457623841928     
   16.6094791927487        7.28498399606060     
   16.6362592850601        6.34267687210058     
   16.6569127573913        5.31364869077811     
   16.6712301010755        4.19118591700133     
   16.6793863103806        2.98009198589612     
   16.6816027110817        1.74919228319933     
   16.6782548628007       0.534006624315001     
   16.6698943608176      -0.655572390687953     
   16.6574523108235       -1.80379856803361     
   16.6415484940324       -2.89571748685852     
   16.6232477273038       -3.91990829501206     
   16.6033680089863       -4.86809395922771     
   16.5828226464337       -5.73489703985521     
   16.5623168982588       -6.51913653859652     
   16.5424725486055       -7.22498432270591     
   16.5237600442672       -7.84971030016506     
   16.5064679903414       -8.39310243843575     
   16.4905789480079       -8.85707162505892     
   16.4759341038468       -9.24343331881972     
   16.4621380191231       -9.55495411595447     
   16.4489429834813       -9.79448570562280     
   16.4359532861114       -9.96407869521127     
   16.4228666634725       -10.0638150560189     
   16.4095098600970       -10.0917334334096     
   16.3957837627781       -10.0407147070106     
   16.3817127436905       -9.89742105492092     
   16.3674063339690       -9.65081317685215     
   16.3529678418410       -9.29021209950472     
   16.3387860853575       -8.80697254098778     
   16.3251016130584       -8.18998704056511     
   16.3122143096035       -7.42885388724679     
   16.3004354804473       -6.51440761138851     
   16.2898989777129       -5.43913864710224     
   16.2808990013769       -4.19802482108043     
   16.2733763124335       -2.78986990195185     
   16.2671984484770       -1.21880245776456     
   16.2620548846421       0.504559503572550     
   16.2574235887269        2.35894334132973     
   16.2524724827722        4.31442937201271     
   16.2465061045958        6.33312887744738     
   16.2384734352904        8.36969402619615     
   16.2274229509841        10.3738795343269     
   16.2127820346303        12.2330994161964     
   16.1940883270749        13.8999398616234     
   16.1714495133456        15.3632459697184     
   16.1452231402087        16.6250980734737     
   16.1160076912008        17.6971733117846     
   16.0847551017143        18.5985607707463     
   16.0525825728498        19.3530893029061     
   16.0207406128146        19.9836544808439     
   15.9903696999070        20.5091247535976     
   15.9628408135299        20.9563417986499     
   15.9391015196570        21.3487222416653     
   15.9199906218981        21.7051126919794     
   15.9063393399729        22.0371520690349     
   15.8987166340186        22.3489777324452     
   15.8973698340685        22.6365137314803     
   15.9023914076819        22.8878077112348     
   15.9135477574789        23.0834183233412     
   15.9305143035829        23.1982046856068     
   15.9526412173056        23.2025901184571     
   15.9790662602876        23.0654071844553     
   16.0088282877467        22.7577358239311     
   16.0406738159635        22.2566334201056     
   16.0734642553106        21.5486810587761     
   16.1060319887438        20.6313739266279     
   16.1374056341618        19.5215743343056     
   16.1668511599715        18.2436778991955     
   16.1939514561493        16.8205904469779     
   16.2185871669299        15.2772572546683     
   16.2408390134387        13.6391421003596     
   16.2610447412110        11.9297061769508     
   16.2794900163543        10.1706665109615     
   16.2965996224477        8.41660007248286     
   16.3127326754745        6.69615255962431     
   16.3283488712250        5.01534371634150     
   16.3437265843782        3.37165711678138     
   16.3589931414358        1.75845749379703     
   16.3743839065115       0.165085162522345     
   16.3898172983634       -1.41997033542022     
   16.4051683295253       -3.01037914886864     
   16.4202117386832       -4.61924946637292     
   16.4345780325291       -6.25809559291696     
   16.4478757552706       -7.93489960580594     
   16.4599025322901       -9.65171865589910     
   16.4702401924401       -11.3991954635257     
   16.4785750921464       -13.1179492849596     
   16.4846288830244       -14.7677737782352     
   16.4881403680501       -16.3227439228910     
   16.4892366128915       -17.7573208341502     
   16.4880352320873       -19.0485730029002     
   16.4848542023588       -20.1765288613797     
   16.4801939405815       -21.1250587427935     
   16.4745633799581       -21.8816752424751     
   16.4684908771181       -22.4369244786062     
   16.4624592638109       -22.7832788150199     
   16.4569121001594       -22.9163752134901     
   16.4522028361364       -22.8333619491331     
   16.4485530126850       -22.5332729168832     
   16.4461265750358       -22.0178010428908     
   16.4450081967892       -21.2920249282326     
   16.4451255107260       -20.3672992175912     
   16.4462088795339       -19.2590871259639     
   16.4479810539115       -17.9864969837165     
   16.4497343980090       -16.5725926736173     
   16.4506722721572       -15.0434909344598     
   16.4499529802297       -13.4285114643456     
   16.4466576490432       -11.7601934519247     
   16.4399201253036       -10.0992836760784     
   16.4289888985732       -8.56271077197096     
   16.4133216561609       -7.18296316445315     
   16.3926123304618       -5.97071546149057     
   16.3668830995470       -4.91537685686306     
   16.3365298948828       -3.98271855445520     
   16.3022514119829       -3.11949637262877     
   16.2649934439789       -2.25893392275401     
   16.2259172784129       -1.32817811375840     
   16.1862883686096      -0.261021151240482     
   16.1472932574218       0.999525411930122     
   16.1099740578427        2.49601899669425     
   16.0751890891485        4.25124627653081     
   16.0439146126169        6.26293694453440     
   16.0168661428076        8.50246675223242     
   15.9945959748505        10.9125781695555     
   15.9774252448341        13.3950587266092     
   15.9654229663493        15.8538886975062     
   15.9581287424396        18.1961507297252     
   15.9550805046637        20.3036556113105     
   15.9554279163193        22.0904100824553     
   15.9583579724102        23.5048942875531     
   15.9630675039054        24.5136684389407     
   15.9689349548385        25.1009153339736     
   15.9752439602321        25.2665370989008     
   15.9815425487598        25.0269527875195     
   15.9872416842524        24.4129973387245     
   15.9920719873310        23.4677253427271     
   15.9958362361146        22.2438243587718     
   15.9986009318439        20.8009367207458     
   16.0006715437107        19.2017731412916     
   16.0024860149327        17.5101761439079     
   16.0046608679445        15.8020662849225     
   16.0078227707503        14.1395953801279     
   16.0127030522397        12.5677813487936     
   16.0199684511181        11.1207731801438     
   16.0302994088672        9.82134402085187     
   16.0445280954586        8.68670386072493     
   16.0632011501436        7.71921042915308     
   16.0867715928007        6.90938533281838     
   16.1152645305833        6.22761047878663     
   16.1482685329500        5.63359775190309     
   16.1848223094891        5.08177359044791     
   16.2238460602590        4.52604690499467     
   16.2639354455345        3.92577487524852     
   16.3037346354279        3.25538059816596     
   16.3419857343704        2.50037642371586     
   16.3775149363578        1.65706182631472     
   16.4094620314703       0.733994412062200     
   16.4370958833647      -0.253780484913600     
   16.4600328294019       -1.26915416283692     
   16.4782375209302       -2.24779505270648     
   16.4919638464532       -3.17134099453246     
   16.5016377627051       -4.02772486914381     
   16.5079815658120       -4.80779907331187     
   16.5117571797853       -5.50618952018492     
   16.5136760129538       -6.11876680501420     
   16.5144933611246       -6.64237729097240     
   16.5149093129440       -7.07435557255630     
   16.5156343546716       -7.41253756602628     
   16.5173171673551       -7.65482596611542     
   16.5207905973500       -7.79792135297027     
   16.5266091602780       -7.83864262189600     
   16.5353198242849       -7.77359620047091     
   16.5471716224665       -7.59965526078580     
   16.5620427886794       -7.31460942114763     
   16.5797206731987       -6.91760831073737     
   16.5995708642709       -6.40955854631286     
   16.6205589132425       -5.79397727801767     
   16.6417883238324       -5.07789915207370     
   16.6618759913372       -4.27120821790139     
   16.6793724105307       -3.38628515776645     
   16.6928939471843       -2.43504367852181     
   16.7012272812478       -1.42656962178438     
   16.7035088011470      -0.375013753241655     
   16.6992706208516       0.700898681292461     
   16.6884467857285        1.78939241341799     
   16.6712526232140        2.86879506977180     
   16.6481841176353        3.93074810163417     
   16.6198580027824        4.97971354091377     
   16.5871885864524        6.02254605562658     
   16.5511392451242        7.06649273227026     
   16.5127788442811        8.11824722039662     
   16.4733037170339        9.18280374293973     
   16.4338378803848        10.2609170844433     
   16.3953781611823        11.3443882673571     
   16.3585874640409        12.4273355906400     
   16.3238166605909        13.5029926541693     
   16.2911026270693        14.5627208724376     
   16.2602416967537        15.5967943605088     
   16.2310549604172        16.5938414890504     
   16.2033168013597        17.5407192948785     
   16.1767972981176        18.4233647175227     
   16.1512687129474        19.2225250026789     
   16.1262598159074        19.9240078907373     
   16.1017296589428        20.5202832085397     
   16.0774259914542        21.0059675666942     
   16.0532593516675        21.3780748152084     
   16.0293106909591        21.6353549347007     
   16.0057539700554        21.7756371625633     
   15.9829360516458        21.7987857936107     
   15.9612220385894        21.7056578975247     
   15.9412099883657        21.4979554522593     
   15.9234767703574        21.1776206092932     
   15.9087775685011        20.7471200824162     
   15.8978515551136        20.2108193400436     
   15.8914761724908        19.5768486922122     
   15.8903760301123        18.8639063986021     
   15.8950362524910        18.0884934503460     
   15.9056984109208        17.2679755315125     
   15.9223003108815        16.4200244497314     
   15.9448567584952        15.5615563195713     
   15.9730424997500        14.7077773275593     
   16.0065615440577        13.8724151716283     
   16.0446391000643        13.0678191413772     
   16.0862038991377        12.3046786701116     
   16.1297344576046        11.5919810759649     
   16.1735080744315        10.9361082768075     
   16.2159005770469        10.3401046922256     
   16.2555508703863        9.80405973659734     
   16.2915860752434        9.32591838636779     
   16.3234326825222        8.90174275884151     
   16.3508310688966        8.52670361961615     
   16.3738654841468        8.19564931471131     
   16.3926837318918        7.90345250225912     
   16.4077350390443        7.64618437160828     
   16.4195783627634        7.42529084268903     
   16.4288935752127        7.23858743151258     
   16.4364861513401        7.08245802131905     
   16.4433552436403        6.95678443681355     
   16.4503813259028        6.85761266148938     
   16.4582966221876        6.78139092984764     
   16.4677197804463        6.72425015131636     
   16.4786965663251        6.68439759268481     
   16.4914848775171        6.66065744241362     
   16.5059056403804        6.65098906516841     
   16.5216799366641        6.65190365574779     
   16.5384799309332        6.65878639109993     
   16.5557642392034        6.66682242091671     
   16.5727924596824        6.67084506080400     
   16.5885083226542        6.66918829425554     
   16.6019875618708        6.66226996146289     
   16.6121965650213        6.65227298292260     
   16.6183794064935        6.64069242860971     
   16.6199996794948        6.63118182041395     
   16.6166645061306        6.63101617635737     
   16.6083696568809        6.64833901405530     
   16.5951165321291        6.69151903749113     
   16.5771629087175        6.76429345579760     
   16.5549260266947        6.87273426622042     
   16.5290244399692        7.02184576285578     
   16.5005286269326        7.21076217057382     
   16.4707162091708        7.43714854627252     
   16.4411074561755        7.69821253620960     
   16.4130516929210        7.99211424391763     
   16.3873985791610        8.32006368869171     
   16.3647103712629        8.68702745266445     
   16.3443782303686        9.09812333072938     
   16.3265440030087        9.55769441621729     
   16.3111625640664        10.0670328043673     
   16.2985383928743        10.6228479969162     
   16.2888448386234        11.2170211358203     
   16.2816821361727        11.8295106338572     
   16.2766487479478        12.4385357988670     
   16.2727949563708        13.0264667541697     
   16.2692388315691        13.5770432795940     
   16.2653307193767        14.0765330622489     
   16.2606384575674        14.5139101254987     
   16.2550641289349        14.8804658132861     
   16.2485888697638        15.1695246203417     
   16.2413498009775        15.3759627874466     
   16.2336170148612        15.4960396343722     
   16.2257164437259        15.5272830698439     
   16.2181377436644        15.4684267274109     
   16.2114519400746        15.3199476195106     
   16.2063340104587        15.0845360085575     
   16.2033810931928        14.7671379716429     
   16.2030333197854        14.3752217936758     
   16.2055853631106        13.9179719272906     
   16.2111432230367        13.4052229547306     
   16.2195467008875        12.8456266502623     
   16.2304731350240        12.2456795351264     
   16.2437853012619        11.6091050755999     
   16.2591359022708        10.9342881029776     
   16.2761930264292        10.2250402794853     
   16.2942920054355        9.48865203731589     
   16.3126011691299        8.73698616659079     
   16.3302032044512        7.99520570570166     
   16.3464358359533        7.28305053699262     
   16.3604993601716        6.61577369067082     
   16.3719659346865        6.00867943874091     
   16.3805771725845        5.47700070653100     
   16.3861397873802        5.03575638535313     
   16.3888965486805        4.70033820047829     
   16.3890499833211        4.48533798299770     
   16.3870127223500        4.40414569238932     
   16.3834468173746        4.45959953573000     
   16.3791982816988        4.64859352239318     
   16.3755295351979        4.96364294089339     
   16.3734306138370        5.38911907414474     
   16.3736817845914        5.90356797371574     
   16.3767654766110        6.48221208779714     
   16.3826139699054        7.09791535436305     
   16.3908507180667        7.71328014824099     
   16.4010471468332        8.30835242333647     
   16.4127908142523        8.86789440155233     
   16.4257350343732        9.37766749124072     
   16.4393035430677        9.82506157785307     
   16.4527422306468        10.1992948349022     
   16.4651599366748        10.4988758127381     
   16.4756883326936        10.7196808787633     
   16.4835280580590        10.8550168126658     
   16.4880087901215        10.8990329438611     
   16.4885502759638        10.8464708369756     
   16.4849479403173        10.6919561744543     
   16.4767836823426        10.4178437616069     
   16.4639837568056        9.99184290347774     
   16.4465693847867        9.40589575795277     
   16.4247351352638        8.66427214158098     
   16.3990345388947        7.78622357000309     
   16.3703628438960        6.78959025524926     
   16.3398084339682        5.70417176708067     
   16.3087207637082        4.57295989002338     
   16.2782196514462        3.44960325090596     
   16.2495177351690        2.39441001591558     
   16.2233369289609        1.46974571346512     
   16.2003676166328       0.733946168242589     
   16.1812702593099       0.232485237046559     
   16.1665692299706       3.016724171142293E-003
   16.1566497543810       7.342079753862318E-002
   16.1513322614015       0.457020381823283     
   16.1500553734008        1.14870658947242     
   16.1517353079393        2.12018957448151     
   16.1551878815330        3.31906324235652     
   16.1590742216492        4.68343935519576     
   16.1624965438566        6.14601380459657     
   16.1646667382825        7.63948403827429     
   16.1651273611873        9.10166772841004     
   16.1637301278953        10.4776097093746     
   16.1606318149268        11.7198058007378     
   16.1563105289313        12.7840626320444     
   16.1513986307459        13.6498163642409     
   16.1467768108337        14.3099827902588     
   16.1433191319474        14.7675718663938     
   16.1419551748046        15.0339623378316     
   16.1433935349148        15.1263374484671     
   16.1479707028858        15.0640569152396     
   16.1556927982871        14.8471396448640     
   16.1663136353442        14.4902985496739     
   16.1794863238138        14.0028740270192     
   16.1948223701079        13.3924503330276     
   16.2118219256112        12.6788447116265     
   16.2301001964665        11.8785801371559     
   16.2491103661712        11.0096466542551     
   16.2682383853796        10.0952359448641     
   16.2870099185920        9.16313417334198     
   16.3049119482958        8.24376674256279     
   16.3216486261878        7.37911312058124     
   16.3371930688775        6.60408272952574     
   16.3516320646436        5.93969740175804     
   16.3651900552058        5.40213666608329     
   16.3784568852302        5.00278353306873     
   16.3919936026461        4.74780886526794     
   16.4064979807990        4.63710721290414     
   16.4227454228630        4.66326335825154     
   16.4414407760584        4.81114550953164     
   16.4631739895831        5.05814605486697     
   16.4881415521915        5.38002429423460     
   16.5160232316977        5.75497871530997     
   16.5459371362370        6.15692019174663     
   16.5765785122101        6.56398089042156     
   16.6069774167080        6.95902194225687     
   16.6360909000876        7.31625842893308     
   16.6635901098707        7.61299980961145     
   16.6890893539834        7.83796369115620     
   16.7119552715001        7.98376827078798     
   16.7316723376201        8.04764729084275     
   16.7475328121879        8.03123888532236     
   16.7589646813364        7.94606952346733     
   16.7655510956359        7.80776207244528     
   16.7672131996664        7.61498976281867     
   16.7639739009033        7.37025265007821     
   16.7560303899950        7.07711365136279     
   16.7436215097875        6.73815070480495     
   16.7270029082889        6.35578565286985     
   16.7067832311476        5.93300621387455     
   16.6835976086028        5.47424683506434     
   16.6584226322864        4.98788873726506     
   16.6324024483743        4.49124290184805     
   16.6066253033346        4.00350273490688     
   16.5820029674045        3.54458503286019     
   16.5589225148638        3.12055691044021     
   16.5373602348133        2.73899621140145     
   16.5170777068774        2.40915085936314     
   16.4979329774161        2.13864311962777     
   16.4798011617254        1.93572923651617     
   16.4625331418758        1.81062424885553     
   16.4459062751802        1.77547425937409     
   16.4294162925539        1.83947793461973     
   16.4123984405792        2.01036119732217     
   16.3943449681442        2.29726336860831     
   16.3748406064723        2.70603114389511     
   16.3536769732926        3.23923459681187     
   16.3308645764639        3.89667777336990     
   16.3065492177781        4.67559206246429     
   16.2809813026697        5.57068887545043     
   16.2546406866801        6.57394612631955     
   16.2280517826615        7.67366597211461     
   16.2020545634667        8.85438089306846     
   16.1775125374155        10.0958355133401     
   16.1554679291948        11.3654810483247     
   16.1368902227341        12.6286018024123     
   16.1225709872311        13.8590899507699     
   16.1130173283959        15.0352158733385     
   16.1083482167318        16.1376661083008     
   16.1083239293652        17.1516024779476     
   16.1125090041124        18.0632271558286     
   16.1203036300032        18.8532748107743     
   16.1309734481148        19.4806011715834     
   16.1436354774953        19.9176542122431     
   16.1572815716952        20.1406782903171     
   16.1706206686700        20.1322060535685     
   16.1823752680135        19.8849273908734     
   16.1914649496965        19.4034408192415     
   16.1971918612324        18.7054950903925     
   16.1991225711316        17.8303943612838     
   16.1972637284844        16.8300218750813     
   16.1920024747033        15.7508157294905     
   16.1842894720556        14.6425683508379     
   16.1751045265895        13.5562892532276     
   16.1660615059929        12.5427699096390     
   16.1588259535272        11.6495172096535     
   16.1552515954038        10.9261618010597     
   16.1569893430314        10.4028004563655     
   16.1653062568278        10.0906615220456     
   16.1807164274130        9.98635905844202     
   16.2032062569990        10.0712347208287     
   16.2318954364299        10.3145604893394     
   16.2656780746167        10.6760710672752     
   16.3033309227604        11.1080928647607     
   16.3435371860554        11.5582493456693     
   16.3847758049512        11.9669876392051     
   16.4259181908736        12.2754929863690     
   16.4649906561532        12.4365062367775     
   16.5005560975770        12.4131103398073     
   16.5313209793073        12.1804251038542     
   16.5564646781155        11.7238248644278     
   16.5754808066856        11.0373395240936     
   16.5883094432473        10.1208176636224     
   16.5952808517446        8.98114801478397     
   16.5967901030258        7.66754080247068     
   16.5935292580509        6.20196736866678     
   16.5863487794575        4.59541526345924     
   16.5762524437626        2.86466007705424     
   16.5644760991840        1.03434102949485     
   16.5524387531307      -0.859268278871652     
   16.5415434413403       -2.76786046003742     
   16.5330562603214       -4.64061270896982     
   16.5277705444760       -6.42594730538968     
   16.5260090181492       -8.07773337584215     
   16.5276804852556       -9.55997660613529     
   16.5321529639850       -10.8481516440687     
   16.5387357092714       -11.9261699903380     
   16.5465393155515       -12.7792003074734     
   16.5545110880246       -13.4095691657777     
   16.5615718873816       -13.8253881498800     
   16.5666006162098       -14.0410976445868     
   16.5687446840661       -14.0703221184825     
   16.5672160364497       -13.9222485032891     
   16.5615737100831       -13.6035249551056     
   16.5516197401322       -13.1176712596345     
   16.5373653907201       -12.4647776865846     
   16.5189504990383       -11.6416835620158     
   16.4968452846326       -10.6427956687715     
   16.4715826354693       -9.46172879783948     
   16.4438627893460       -8.09505676474659     
   16.4145607502180       -6.54190793237543     
   16.3846699978419       -4.80575855304969     
   16.3552969376535       -2.90676891196374     
   16.3274101836977      -0.876996175098087     
   16.3017556654003        1.25270287815067     
   16.2789821429229        3.44631777869910     
   16.2592269670093        5.66551037135964     
   16.2423691862308        7.87111340803231     
   16.2280642499047        10.0076471806559     
   16.2158374806864        12.0220952318982     
   16.2050894369947        13.8840082426218     
   16.1952332736149        15.5728737027711     
   16.1854578208374        17.0745486234841     
   16.1750972103123        18.3774978838885     
   16.1635690743429        19.4638494854802     
   16.1502443511678        20.3308307819368     
   16.1346922813962        20.9806597896876     
   16.1166962474204        21.4179256298257     
   16.0962131552473        21.6488731615034     
   16.0733318404877        21.6815113654759     
   16.0484598517159        21.5269497749537     
   16.0221958053483        21.1991020875040     
   15.9954564369847        20.7171421813359     
   15.9693960745000        20.1062224689731     
   15.9454238090622        19.4004373721290     
   15.9251798270559        18.6450775621170     
   15.9100903726591        17.8853734539904     
   15.9014178194653        17.1696320510293     
   15.8999147166927        16.5463931872875     
   15.9059781899242        16.0602551888841     
   15.9196361848792        15.7484270780361     
   15.9404820973803        15.6364392967756     
   15.9678495628697        15.7340735935066     
   16.0004324465452        16.0320695869779     
   16.0363044846920        16.5013941303021     
   16.0733196266775        17.0956819667730     
   16.1092992111243        17.7561201014729     
   16.1423919554538        18.4177854907898     
   16.1710812281436        19.0153199949371     
   16.1945911934449        19.4865220456520     
   16.2124548544582        19.7741991776942     
   16.2247602653034        19.8370216660268     
   16.2319244282102        19.6498428140792     
   16.2349073637147        19.2046555734590     
   16.2348327572652        18.5116876228528     
   16.2331094939546        17.5976570865775     
   16.2311418637540        16.5018908517578     
   16.2301839213139        15.2705977238414     
   16.2312781596861        13.9507206152396     
   16.2350424115504        12.5854859288295     
   16.2417922531027        11.2113287507124     
   16.2516860644731        9.86364507701631     
   16.2643892735720        8.57095530199818     
   16.2796499853183        7.34776032345510     
   16.2969222273333        6.20313343848885     
   16.3156291833221        5.14197923308075     
   16.3350907765656        4.16742156365556     
   16.3545068756693        3.28139137354023     
   16.3732418517684        2.48464890570965     
   16.3905381624039        1.77684403358982     
   16.4060256498637        1.15603260006776     
   16.4192629947723       0.621981057299521     
   16.4300732720634       0.176786850810390     
   16.4383361832665      -0.183453282288172     
   16.4441566495276      -0.462319700223968     
   16.4477609729862      -0.662897630177044     
   16.4495131313190      -0.787397364699895     
   16.4499871653238      -0.836645951010202     
   16.4499933120610      -0.812758521822062     
   16.4504857597928      -0.722710395736293     
   16.4525216839516      -0.567772083122760     
   16.4571026826688      -0.346154163086387     
   16.4649260004893      -5.385103715992656E-002
   16.4761220662275       0.308943143027502     
   16.4902146006369       0.742266216914767     
   16.5060203805969        1.24655674441123     
   16.5224804664440        1.81846200947335     
   16.5384164627775        2.44783415848970     
   16.5528708294791        3.12586604432626     
   16.5650465399389        3.84308413741060     
   16.5743671354661        4.58900941467187     
   16.5802160418092        5.35333035668020     
   16.5821055865087        6.12742743943969     
   16.5797033587109        6.90287457295245     
   16.5728454426236        7.67178960665972     
   16.5614319877410        8.42662771744751     
   16.5457054441836        9.15949947900024     
   16.5259843761206        9.85560359460743     
   16.5027403175241        10.4884511869818     
   16.4766805311837        11.0422167754953     
   16.4485912484439        11.5016049963690     
   16.4193943509416        11.8536289787807     
   16.3900957316535        12.0896317624613     
   16.3614360230277        12.2071345188424     
   16.3344758615888        12.2107539318787     
   16.3098231003530        12.1070856712865     
   16.2878584851068        11.9131750205952     
   16.2687470285534        11.6562234441260     
   16.2524820925752        11.3676432369178     
   16.2389195093546        11.0814716242543     
   16.2278875731344        10.8302361238776     
   16.2189796924944        10.6426119734570     
   16.2117175751713        10.5413114386069     
   16.2055595274582        10.5426750034705     
   16.1999391298229        10.6543362151589     
   16.1942667313020        10.8758259411341     
   16.1881017344580        11.1997896112432     
   16.1811669231594        11.6123920761992     
   16.1732692518527        12.0936206154973     
   16.1643124674312        12.6179454694034     
   16.1544189288063        13.1543238433260     
   16.1438656650261        13.6685859576179     
   16.1330823044181        14.1259202658870     
   16.1227172182812        14.4930952391971     
   16.1136312325709        14.7417514258426     
   16.1068518481055        14.8515373081004     
   16.1031908686239        14.8125192462223     
   16.1037258504817        14.6253481282469     
   16.1087877704933        14.3037368324821     
   16.1183538006884        13.8843453864241     
   16.1319901106582        13.4130363358845     
   16.1489232427803        12.9146535529591     
   16.1680149355207        12.4126869876409     
   16.1882098705512        11.9280554314493     
   16.2087018298293        11.4781469548081     
   16.2285743706147        11.0765750835010     
   16.2471232066687        10.7335916224153     
   16.2638177882165        10.4572310357109     
   16.2784062358458        10.2537837036208     
   16.2906677277202        10.1263545126309     
   16.3006367111464        10.0755056872346     
   16.3084808829014        10.0991767982771     
   16.3146376131320        10.1925924893771     
   16.3196008678740        10.3472151262947     
   16.3239024718528        10.5508308816646     
   16.3282136572922        10.7880617399779     
   16.3331056493099        11.0410726921831     
   16.3390080915790        11.2783514026845     
   16.3462826440409        11.4653631947971     
   16.3549729917690        11.5844257977148     
   16.3649148925557        11.6254836663518     
   16.3757933059962        11.5882765274484     
   16.3871366421453        11.4829103602159     
   16.3986081232966        11.3294986071579     
   16.4097134807996        11.1607037438992     
   16.4200789171938        11.0035232174522     
   16.4292291916890        10.8810260360873     
   16.4368087965531        10.8120420078909     
   16.4425057879498        10.8094474309065     
   16.4459966889443        10.8794187779982     
   16.4470946697264        11.0216937283189     
   16.4457067577014        11.2294400664790     
   16.4418514608453        11.4891897316083     
   16.4356334316224        11.7815662519754     
   16.4273854343292        12.0814594160314     
   16.4175282976149        12.3595178240531     
   16.4067053051976        12.5843463664654     
   16.3956086386734        12.7257389629321     
   16.3849048183861        12.7583265538537     
   16.3753306699770        12.6635547012018     
   16.3674762166943        12.4216950869753     
   16.3616941802313        12.0266646134315     
   16.3582977721414        11.4860767715603     
   16.3571062389581        10.8171327593052     
   16.3576210338348        10.0534991651711     
   16.3591197421094        9.23371913776705     
   16.3607574659723        8.38393275193023     
   16.3616298824458        7.52902974512946     
   16.3611671709278        6.69030565049125     
   16.3587711868835        5.88684152384429     
   16.3540567819418        5.13538104320991     
   16.3468308253660        4.44983095581502     
   16.3369791275735        3.84234559590115     
   16.3245190304128        3.32728808054646     
   16.3096315292948        2.91552424779257     
   16.2927926633270        2.61647703499343     
   16.2744607246201        2.43984405984410     
   16.2556187308670        2.39509284804599     
   16.2372408876504        2.49130783617395     
   16.2204559160092        2.73539905252951     
   16.2064216759480        3.13115944125766     
   16.1960713546310        3.67713094561285     
   16.1903532058654        4.36520144228018     
   16.1898385295990        5.17935649643374     
   16.1946597004209        6.09512340501952     
   16.2044400937533        7.07612409354364     
   16.2182253567847        8.08110341722956     
   16.2345046954755        9.07338375828889     
   16.2519121415751        10.0224530341036     
   16.2689889322712        10.9061361056643     
   16.2846178126601        11.7025801007642     
   16.2980485803140        12.4005737792025     
   16.3088241752816        13.0005419294858     
   16.3167992027157        13.5061482277576     
   16.3218874094231        13.9228641949834     
   16.3244285232230        14.2557118772667     
   16.3245646528430        14.5096630775123     
   16.3228727164599        14.6925897228496     
   16.3199245617127        14.8084808583990     
   16.3165948988682        14.8610327845865     
   16.3137304605470        14.8542798397349     
   16.3122685820505        14.7931579038306     
   16.3130713387601        14.6846092422007     
   16.3165009727138        14.5377695623466     
   16.3231982476846        14.3638241473140     
   16.3331272478301        14.1733377606028     
   16.3460274761339        13.9753194074639     
   16.3613027760959        13.7758445859468     
   16.3782934504396        13.5805609624681     
   16.3960105972373        13.3942433420701     
   16.4135006356805        13.2203980958989     
   16.4298953306924        13.0615397303650     
   16.4443607145976        12.9191726670290     
   16.4562493204580        12.7940233957027     
   16.4649823260930        12.6862775598798     
   16.4702202572953        12.5956172115748     
   16.4714762928624        12.5211833705759     
   16.4686796018743        12.4617415160941     
   16.4616215261194        12.4158887337659     
   16.4502665741065        12.3817842232436     
   16.4347671272816        12.3573754266390     
   16.4155644538643        12.3403586565881     
   16.3933422825425        12.3279652244108     
   16.3690899377023        12.3170779688302     
   16.3440725686061        12.3048963501398     
   16.3194442632898        12.2890133004443     
   16.2964936236991        12.2664163438512     
   16.2760835254470        12.2371604866226     
   16.2588224414941        12.2012343228293     
   16.2449618807627        12.1530972460341     
   16.2344145365805        12.0875078100000     
   16.2268536326607        11.9995818370635     
   16.2218925806550        11.8869052834891     
   16.2189472587139        11.7498973174230     
   16.2174281377845        11.5903113661444     
   16.2170629079782        11.4105099422645     
   16.2174731760426        11.2132428544856     
   16.2184289214198        11.0015563804055     
   16.2197859718521        10.7784651047250     
   16.2215779226002        10.5473744368994     
   16.2238100844783        10.3134886177906     
   16.2266229001868        10.0828127368766     
   16.2302647099115        9.86150667242386     
   16.2351204007656        9.65651076087307     
   16.2414463023192        9.47585458982329     
   16.2497142235236        9.32820368728138     
   16.2600336915204        9.22199807305863     
   16.2726163302226        9.16097800566641     
   16.2873667666802        9.14901188467839     
   16.3046648714711        9.18812143409445     
   16.3244739256423        9.27732678204341     
   16.3463746839387        9.41303325545852     
   16.3696105123311        9.59063600255238     
   16.3930821856498        9.80515682123579     
   16.4154665374964        10.0521821162008     
   16.4359870384614        10.3280972632240     
   16.4538745938523        10.6301044725096     
   16.4687438811251        10.9559416759456     
   16.4802944189488        11.3033400795495     
   16.4886401913951        11.6701859345683     
   16.4937789259493        12.0537328820925     
   16.4958566942270        12.4508772894948     
   16.4951116316464        12.8580515473719     
   16.4917709714538        13.2709770228746     
   16.4859733648181        13.6846050866244     
   16.4783039918828        14.0933929450041     
   16.4691184262328        14.4906900723945     
   16.4589230840393        14.8692893507954     
   16.4482279239316        15.2214141694295     
   16.4376058114891        15.5386356826758     
   16.4276500824329        15.8119011329968     
   16.4188303410190        16.0313398049510     
   15.6363633940569        17.8261650380085     
   16.3092632816565       -9.74533511909313     
   16.2593334315909        1.83835344370711     
   16.2991417574598        7.17475909769806     
   16.5643141810592       -5.31321205359650     
   16.4711566666787       -29.1249974789962     
   16.5454322175464        3.19584706884903     
   16.2174489279758        5.58700386240795     
   16.2817208824447        5.65452006094597     
   16.3239687127563        12.6633497675377     
   16.2716118571707        15.3425630696674     
   16.4286613013155        5.90201503974150     
   16.1676917589588       -16.3162121258157     
   16.4961959916273       -10.9803580560598     
   16.2456578237482        15.7629610167827     
   16.9680024408810       -20.5940290195806     
   16.3510269543229        2.75314115836323     
   16.4118802041476        13.8453034429541     
   16.5643746333892        5.56852075507450     
   16.2414692153639        14.9990675933940     
   16.0069786397005        21.6231345674919     
   16.5399177064791       0.676583099772389     
   16.5017448932042        7.26444809837728     
   16.4112514906768        15.1145097526864     
   16.5694947540905        11.1974865030587     
   16.4622611210929        9.57343985459345     
   16.3604197406403        3.68835158469683     
   16.0510657200565        10.6842299114362     
   15.9783758500407        20.9031140554990     
   16.6596278834213        6.82075573773258     
   15.8598868913195        14.0960929162832     
   16.4174274686265       -2.88102701482193     
   16.2176927113469        21.9119761621821     
   16.2938987532834        9.46865067374843     
   16.4030813779958       -2.15638074847609     
   16.1858037900613       -12.2805411574945     
   16.2430891821453        10.8644710206341     
   16.3237412019147        12.3222489545279     
   16.4370142068234        11.5480511653522     
   16.1813652358163        19.9761638504992     
   16.3311403022505        12.2081364915666     
   16.4062867734548        13.0902740128146     
   16.3644888502849       -12.8142745131371     
   16.6261223509299      -0.918024862738037     
   15.9633102246222        1.45358012286377     
   16.7814942999180       -17.4684172628370     
   16.5779576561904       -1.18661371408522     
   16.4260292579186       -22.4754501463191     
   16.5203985249849        4.84470568069244     
   16.6603399951644        5.13562690336283     
   16.1928005000325        6.79903542013646     
   16.6069775003990        5.65750776590700     
   16.3972351048285       0.561552333609842     
   16.4849870179080        2.40049900293120     
   16.4622784141913        3.49597666524296     
   16.5009328297755        6.93072507159648     
   16.3829804332701        6.49566457381558     
   16.2624846623455        21.6307300883223     
   16.0513859643837        21.1614889632611     
   16.5743181161789        16.2505306410761     
   15.8976145838149        11.8697703469657     
   16.2922528840376        6.83471856693577     
   15.9852548196938        23.5103500008322     
   16.3520207063889        16.6640818077516     
   16.2211401824726        18.2698074162194     
   16.2981339489675        24.3171361516512     
   16.3400688672878        10.1320955517673     
   16.3422136663538        6.18891214863365     
   16.4967154010765        14.2267737011036     
   15.9764457184578        17.6061705231637     
   16.3552413832776        10.4368046712480     
   16.2105738327612        16.0826981411515     
   16.3866975334052       -3.03458253772502     
   16.5750350319292        10.6752686793618     
   16.1972789885865        7.25609373226101     
   16.4849730908786       -15.5399977498629     
   16.6171925970243      -0.386593431311526     
   16.6438035322820       -24.5035364256374     
   16.4455869932111        3.06467057913646     
   16.6995931796634       -15.0141270822178     
   16.5484433568490       0.798490126951815     
   16.5588524425226        9.44035461544499     
   16.2704772441275        5.61780296720018     
   16.4300453800059       -7.81745718244152     
   16.3322625005809       -10.1492476793485     
   16.4325586051610        8.27667687524533     
   16.6746946675337        5.27241588061804     
   16.1909429285858        14.5533255503684     
   16.1835211986620        19.3723703713659     
   16.4119648814679        11.6786710934219     
   16.1736350028594        18.7487375357837     
   16.3522449348220        12.2032546964137     
   16.0723273713644        16.5586512681354     
   16.3802709780796        16.5757151782051     
   16.0297044456093        18.5524423231069     
   16.1417242634540        21.1893241976198     
   16.2518603043407        13.4613360578298     
   16.3865703443450       -3.76186974647380     
   16.4999101733110        5.89684174585816     
   16.2242013224107        21.5830423990075     
   16.3335834813565        9.71526000007518     
   16.2101315375189        10.2384492705340     
   16.6263477814796       -2.83582827268324     
   16.5112365145440        6.31731685437071     
   16.4560353944667       -5.53832055651168     
   16.4246402214267       0.240034529884540     
   16.3916183378472       -7.43893306983404     
   16.7972434381015       -10.9116118945688     
   16.5198669133217        7.13402749798306     
   16.7394216751756       -8.62122694435721     
   16.6896523388583        2.10634760919533     
   16.4400942030132        8.71587961203320     
   16.1568228251399        8.00135472986751     
   16.3869737833865        6.09032861834211     
   16.4296492508278       -12.2154979957790     
   16.4009028941685      -0.976080641976137     
   16.7187870074377       0.824195348951600     
   16.1491870403016      -0.238150639912678     
   16.1945356524989        15.2505173420950     
   16.0935819390555        18.7310622627804     
   16.1843857893648        8.57707784784978     
   16.3923849839866        14.7783786577126     
   16.2919040912402        9.72242443208180     
   16.3883715606831        5.16550775182553     
   16.3010287695503        13.4349425969572     
   16.3086201959226        19.3422690703152     
   16.3096498199208        10.7535309826622     
   16.5661322290035       -5.75197511210907     
   16.3890859905257       -2.27602975641048     
   16.1388580781130        17.6173085485072     
   16.4745054930130        10.4355494662925     
   16.0165485152300        14.6545613612494     
   16.6699652615682       -6.21669617936207     
   16.5397728934434        3.27136265297602     
   16.7366322713328       -4.14450790766699     
   16.5052454244145        9.51089864543667     
   16.0150684793903        3.04465016244703     
   16.7516551782629      -0.565014404374419     
   16.3595940432004        14.3972725533782     
   16.5683170358752        7.22338350431909     
   16.5554161827380       -7.16376497813451     
   16.4253506025276        17.6348316581195     
   16.1893402479825        6.58789196572590     
   16.4310209984698        2.65626616857600     
   16.5717388561987       -1.87963922993238     
   16.3129047430837      -0.537732856990988     
   16.4712919261046      -0.874971585446207     
   16.1090232489456        8.68345437321293     
   16.1109646711974        10.2809985685769     
   15.9186891358048        4.85691857634676     
   16.3058949573096        17.7959558298273     
   16.6035721998213        9.63275427815105     
   16.0529711997997        5.60433669764791     
   16.5592733843519       -1.23823991231485     
   16.3785764640295        5.86581616165645     
   16.0902904562082        6.34270204220559     
   16.3834186114108        14.0017154517542     
   16.6076935982642        4.41027530953534     
   16.3818535733879       0.835897958337473     
   16.2036706614625        6.37977038709686     
   16.4030178873225        8.14456883315503     
   16.0971230073451        8.13713615344267     
   16.6491183338685       -13.9693494578988     
   16.6378390462264        1.23803910924746     
   16.6624537058264       -3.87246204958752     
   16.3034688990545        7.70703103151137     
   16.4904543259302        15.4606854962172     
   16.8233776402125       -4.83256850320189     
   16.0574615313406        11.4814766375412     
   16.4481923087670        8.93938710886975     
   16.4860035291643       -2.55566573912017     
   16.1607699602191        2.33490370287695     
   16.3254781276571        2.44608648627972     
   16.7421990436664       -4.55929052050841     
   16.3678595741537        3.99323148837640     
   16.3223374445985       -14.1914504145468     
   16.1560822178826        5.77609760738149     
   16.0807264599630        12.7218188217633     
   16.2955448999133        12.3512820968857     
   16.3671843003361        10.2990334150039     
   16.3239201472892        15.6202994877108     
   15.9358485450464        11.9653004824635     
   16.7314801829715       -3.78741027871670     
   16.3286280779299        5.57597550376830     
   16.1751515064311        7.11857966341057     
   16.2446674258256        9.72860078219398     
   16.5988842511173        4.07522021002380     
   16.4187709627199        3.33860880912949     
   16.1684988834514        11.1848103466695     
   16.4749094503552       0.462201951198291     
   16.2255590023483        20.9252685437311     
   16.6042587552723       -7.32730591139397     
   16.7253179605677        3.02673696724718     
   16.4788193182670       -5.59982672594769     
   16.3306411414665        14.8775047723073     
   16.3410336287932        14.2111086194098     
   16.7840933740132       -9.71494252297772     
   16.1378767500746        11.6600843943756     
   16.4852596839421        4.94778280126889     
   16.7719719493331       -6.79834559030073     
   16.6297621893661       -10.5230661991369     
   16.2791777807822        6.74333739056125     
   16.3498138826489       -1.89081430049439     
   16.5004848224832       -8.89726870592630     
   16.2186086388166        8.33168087168722     
   16.2847623194738       -2.20982661469687     
   16.0626615131788        1.85518066642725     
   16.2137357456043        13.1316339450387     
   16.2639400257990        2.81740783278403     
   16.4216157853937        1.10348494358429     
   16.1990167486124        21.7467584532890     
   15.8902762177136        19.8045549913822     
   16.7204711284205       0.351878037394580     
   16.2547203893907        7.34732817941305     
   16.0433776408415        7.54486070163086     
   16.0756087658919        11.0494899772875     
   16.4607581974507        2.12313873016993     
   16.3853918219830        4.36231619240774     
   16.0538332098043        3.68041290863130     
   16.3890345447284        2.31552686217759     
   16.0925558054157        15.4451416491944     
   16.7737389502480       -10.3268174989986     
   16.5723351444210        3.98354407977652     
   16.5957944210462        2.80016384039157     
   16.2239278915452        1.49347626621578     
   16.5793241828657       0.570302592982593     
   16.6332482167756       -13.2076790715702     
   16.1985098666493        11.8251824302275     
   16.6626731637942       -2.23198205496669     
   16.8439199754487       -3.20004860652178     
   16.6649331500278       -8.09723717444484     
   16.2473792943304        7.74694370194642     
   16.3355615422209        4.99553629677971     
   16.7826616626962       -13.9804027061191     
   16.3742689253433       0.973354333262309     
   16.8242425782450       0.864005823942897     
   16.3456183755863        3.61763604887366     
   16.3140010223394        16.4074593044355     
   16.0990619798192        6.31638519036833     
   16.6080609418088       -1.52175206173112     
   16.2254504522502        9.27462347160016     
   16.1621415102123        21.1393915872642     
   16.6941384930913      -0.275230929186327     
   16.2521971884135        8.46743046522363     
   16.0673141212962        7.13527469720943     
   16.1014759726740        6.55944535036737     
   16.4590151969071        4.11789460829441     
   16.3913050424878        1.31015710691497     
   15.9227880324084        7.52006255214885     
   16.4916204905142        7.99983332989631     
   16.0214372063088        4.27234601467109     
   16.8091462973401       -7.96415378251061     
   16.3648584485160        2.54236505757924     
   16.5942596792193       0.167253540671683     
   16.0432541337723        7.26212180039514     
   16.5463594234407        7.86825760517652     
   16.6846601647100        11.8648188605833     
   16.3035238550650        12.2338418127301     
   16.7650722287531       -2.05254684343213     
   16.7242700478159       -6.16800805251133     
   16.8194343582490       -7.84857894526649     
   16.4113559279445        4.33844540864516     
   16.3539749925591        14.8202060665588     
   16.7268458479059       -5.95370861365973     
   16.3232178062979        3.58579190079490     
   16.5938313918234       -12.3729103442709     
   16.1482284511459        3.34641297985760     
   16.6984592149217        12.9487588367929     
   16.2282108553117        20.3546028251486     
   16.5629894401322       -2.17552474325567     
   16.3927145361965      -0.381371210163108     
   16.2657475933414        1.32802016238185     
   16.5280184831672       -3.05558970615050     
   16.2774150537907        3.76584625136198     
   16.0893565767091        1.47774677650440     
   16.2079541442347       -6.67237206903475     
   16.3083775754315        13.2692566794479     
   16.3794881519307        4.65630907294452     
   16.2903846040644        10.1524193085163     
   16.2394088543071        11.8690577277616     
   16.2544044790835        15.5655113515877     
   16.7498168973969       -6.80539234158703     
   16.1565943272829        14.2467997051594     
   16.6051712819415       -1.23967606362087     
   16.0545250291987        5.86446814547308     
   16.3461490550645        8.17385976500163     
   16.3116560465599        18.6595392694297     
   16.2280340946081        12.1367904872253     
   16.4095706720061        1.31925741582375     
   16.7891364991732        2.41828457202880     
   16.4410591465030       -1.05437034926662     
   16.3204535932867        6.00518625413271     
   16.2842989016196        10.8267657708610     
   16.5377839405968        10.2239252099473     
   16.4096829614260        7.73192580838415     
   16.4235995834893       -19.9051500784825     
   16.3714509844988        3.82376184144892     
   16.6071953179741       -1.45407081057517     
   16.1228881630011        24.1843783827439     
   16.6848985912020       -1.10387694047877     
   16.6755169022734       -10.9385045898866     
   16.6710793181102       -13.9166626453096     
   16.5180024352247      -0.594885381144024     
   16.3723723829482        1.08108401747028     
   16.1569329085382        1.94060288251810     
   16.3334312869562        4.15686258363254     
   16.2296179040830        13.4887376512654     
   16.2827596011951        21.2868787201154     
   16.4688496263988        5.93737243386097     
   16.4132071926725        7.34191765043266     
   16.1268676160599        5.11794403385070     
   16.5446322867840       0.778123747274484     
   16.0615706755666        14.8241604236557     
   16.4783813063330        2.13764310682048     
   16.2025007487388        4.37638209500124     
   16.1822651084605        10.4804816060995     
   16.1968578270091        10.0732942198013     
   16.2225821507875        16.5201798783103     
   16.3989290912666        4.46526958237258     
   16.4647058987916        5.44841283762426     
   16.4795913259655      -0.721088835761512     
   16.6442962644986        1.70836017355091     
   16.1819683637085        1.55636398170158     
   16.2222724685296        6.72662775937963     
   16.4295105062422        6.79433638362808     
   16.5851649684835       -7.32385214746528     
   16.4766754814867       -1.47702770028877     
   16.6575251154791       -10.1939483466279     
   16.2183446997951        24.6013184131704     
   16.6149855553096        2.10342292980318     
   16.5560144461165       -4.28126788162474     
   16.7794683324703       -1.78084083588249     
   16.5989648691431       -4.85509926478804     
   16.5019334332861       -1.66758493386265     
   16.4476440457493        8.33081530339727     
   16.5660595129751        3.43982608475528     
   16.2055392783259        15.3607938564901     
   16.2965649847388        22.2647218866401     
   16.7729170085335      -0.955166612314894     
   16.3041483326635        11.9723755604345     
   16.0982813807466       -3.61375655601356     
   16.3554652907484       -2.77083021110428     
   15.9504123780879        8.36057861662409     
   16.3049842455674        9.03756259053593     
   16.1984583602737        2.41467317745454     
   16.3658574419589       -2.61783902271933     
   16.2428762543600        4.64726856837765     
   16.1356107394929        15.8630236085556     
   16.2730525178312        9.66186437299325     
   16.4601990504609        2.42231142485511     
   16.4037056613426        13.2470176143967     
   16.6399161786735        10.4348236194072     
   16.4514976138087        13.9554511990166     
   16.0638928140648       -8.67384680651508     
   16.2767081955980        10.6314193107788     
   16.6374265868555       -10.1260236647627     
   16.5739267139173       -16.9503786115603     
   16.7280914638268      -0.737420144326522     
   16.5754368613453        4.71839080358451     
   16.5227461695529        4.32678438593961     
   16.4340380937299        1.30397486836390     
   16.7055148312324        3.02878386148088     
   16.6124284696080       0.517357906300807     
   16.5196218243011        8.25923005383614     
   16.2854550476955        19.8204575206696     
   16.4461891837023      -0.155217853446856     
   16.1328624941653        12.2861578166679     
   16.0748006105652        15.5697509013516     
   16.9271149568100       -8.58921074393121     
   16.4327770236601        11.4455967323751     
   16.2675094036181        3.73721735742025     
   16.2873209450386        1.43911746235972     
   16.1375915752198        7.81962041057638     
   16.0785251251019        18.6143311909608     
   16.3512699938550        8.06776755955809     
   16.5647752512901       -6.12806984590490     
   16.2079861989805        4.26610912753622     
   16.1094771956314        20.0376323276855     
   16.3376001921329        11.2520720747151     
   16.3125528905869        4.77881316265551     
   16.4184776687604        20.8337051077651     
   16.6490864929120        12.3052428005898     
   16.5849791457350        14.7040027909344     
   16.4297192156062       -4.29258295644691     
   16.3411510671188        14.8023790918852     
   16.6541373733592       -1.45169138234532     
   16.7619215734881       -4.48753209697978     
   16.7670619375036       0.537640635069907     
   16.8641769126173       -8.43245024093467     
   16.3352840310315        11.5837731041907     
   16.1605550540778        2.02572697272782     
   16.5740065501356       -3.14749342254266     
   16.6283634603333        4.81298935303312     
   16.4090256741836        14.1264254025115     
   16.4438355415189        15.1935915261473     
   16.3971665691071        2.92459849739514     
   16.0754675289036        6.86549328687628     
   16.1611002371683        15.5596427378686     
   16.7410851655560       -6.34149831525579     
   16.2749477366867        4.10696718567800     
   16.1904888821715        4.91539293971378     
   16.2499352793687        1.66253169114372     
   16.1533115566164        6.73464753165100     
   16.0407628541313        12.9932624153195     
   16.4095021884274        15.6549188375355     
   16.5589883481060       -17.8494850351371     
   16.0779772540996        4.40907318031529     
   16.3285551412189        14.7050812949904     
   16.4501624442708        11.9573530824212     
   16.4751288090117        11.7042994409954     
   16.3568967499533        15.1101277520571     
   16.6228317877133      -0.653597565269154     
   16.5879211153561        3.28321731154222     
   16.3287505770904       0.963809521509005     
   16.3818862478616        15.8140416600486     
   16.6516728956825        2.54510167703496     
   16.8212953802700       -10.8396188803358     
   16.8051969911190       -4.50515220941189     
   16.7488618163216       -4.22862355337375     
   16.3792429009466        9.45343373632530     
   16.3180611201163        11.0746565530290     
   16.7383859370457       -7.17925978580500     
   16.4441548191085        8.77946546151089     
   16.1848013126204        17.7683619380721     
   16.2992468918544        12.8155438207180     
   16.4511224481077        14.7593618904420     
   15.8961725307350        9.40914172672230     
   16.0267059340651        14.3097985523016     
   16.5884111023718       -11.1386236194095     
   16.3535410011677        9.44417269611671     
   16.0628523790393        3.33074595183488     
   16.1340796077846        5.79696405432072     
   15.9503296024908        11.2212998557545     
   16.0477803705342        5.54039024369883     
   16.2980632047115        11.6097143384594     
   16.6646414662973       -9.57377873439259     
   16.0540568111060        10.3145025536563     
   16.4485480969124        12.2018421142063     
   16.5107174984263        5.40161813439988     
   16.2628224844615        14.1361690865112     
   16.2806855812741        4.91693994822619     
   16.5146445977635       -15.3524993439539     
   16.5337166263269       -2.32274331629862     
   16.3187316491710        3.95333763785090     
   16.4001523247305        7.81957938347495     
   16.3411001705373       -13.0256265687994     
   16.6485895686111       -22.3851038178082     
   16.7331995463918       -13.4247912465300     
   16.6206176470979       -4.16692412408947     
   16.1274394895145        6.73076352928914     
   16.5310749834690        1.02259161610871     
   16.7770174608314       -8.87630150068743     
   16.2811189599810        16.4513064442532     
   16.2127388836125        9.45241796366937     
   16.4983779926936        4.08364497451192     
   16.6347768218943        3.25836832862331     
   16.0407749593405        14.2712530131983     
   16.2588268809410        4.04035389209291     
   16.3714492446903       -24.4777026523006     
   16.2591773903066        17.2983729512622     
   16.3302415063881        17.4588614559025     
   15.9436575007035        5.40031901643218     
   16.0577091645140        16.5828208709050     
   16.2222866814252        2.37818318907535     
   16.3784788172309        14.0493386135438     
   16.5246083939321        11.9211242405424     
   16.0327697683146        20.9370990367943     
   16.4889897216220        2.14756543419528     
   16.4234308626980        12.7659281773899     
   16.2014481875278        9.07668226382348     
   16.1952169105409        14.7680610412230     
   16.5680872963403       -7.05640799667948     
   16.4379096115522      -0.347966015282826     
   16.1263649060903       -6.30251075605201     
   16.3306414475937        5.94813074636516     
   16.3358596868901        6.09155153591383     
   16.7909076914526       -23.0508588760135     
   16.5857046112563       -3.42127460127384     
   16.5216125633013       -3.01791432231594     
   16.2175806402177        16.9239067164678     
   16.6903878426389       -11.0748985219674     
   16.7982428836304       -3.86593047002520     
   16.2406500314344        14.0285487742763     
   16.4740464015919        6.65722130831251     
   16.5575469696365       0.888847290515125     
   16.7793536516719       -4.90515004011035     
   15.9650605578942        11.5857599245012     
   16.2568111160078        2.09777290908138     
   16.7116448376267       -19.4303717289873     
   16.2851803416180        11.9142787836177     
   16.4872362233888        7.28146516970733     
   15.7473914615311        6.14543973083329     
   16.3319071657030        16.3340213944414     
   16.3464579503634        2.93871279550705     
   16.5481095782791        2.89283039548405     
   16.4251493512534        12.8418794187811     
   16.0971311013651        25.2656112567421     
   16.6082997131775        1.33690426671652     
   16.1924483724577        17.8818269723854     
   16.1147099364037        13.3066809123615     
   16.0919743280837        16.2369591188012     
   16.6385065943598       0.624312537559882     
   16.3040939000130        4.20894485576453     
   16.4553750186443       0.125361478359767     
   16.5459155673462        4.31386285412573     
   16.2179148900731        18.7856904547761     
   16.9634840736388       -21.3518668440888     
   16.3404161934969        12.0484181552095     
   16.4369140372287        4.39071307170464     
   16.1607171732585        16.0541941167306     
   16.6303185688528       -5.91482496305751     
   16.4356470593181      -0.226194743725064     
   16.2855845040615        9.39921994828405     
   16.7221228012447       -3.02936444101234     
   16.5926472604766       -3.75293449294190     
   16.7475120715561       -11.2281644108109     
   16.1532968403466        11.0897943762016     
   16.4218654305408        2.40318273578617     
   16.7283881546105       -5.93652786085707     
   16.2832873428101        6.50832755733143     
   16.5542766398454        3.71058784980373     
   15.8433992850033        10.8922622299896     
   16.4758533899377        4.49438115099297     
   16.3092976090724        3.26386147735222     
   16.5877327474651        1.69120186774951     
   16.5056252590948        3.86200578875786     
   16.1987382033939        6.33323452943382     
   16.5121362978069        11.6571072115565     
   16.1975575190241        16.0320330750352     
   16.2709987364741        9.69093672535593     
   16.2328781333004        16.4086945454483     
   16.5986417940233       0.243391197068389     
   16.3784465711012        1.55379452549538     
   16.1814857733811        2.14934158109673     
   16.4224690064531        9.35352874701015     
   16.2775493100558        12.5956858216531     
   16.9823810695849       -14.0222438193402     
   16.2585001665869        18.5456376427028     
   16.6741806321604      -0.321736379732992     
   16.1825153263968        13.7761107044425     
   16.3983836625639        2.48891079462406     
   16.1907000427885        13.2728234787847     
   16.2967221520798        5.69128796558225     
   16.5849692136349       -4.63764145811546     
   16.4454039395163       -6.05523603011071     
   16.5940854759243        5.39993596730403     
   16.2424973893202        13.7530948763353     
   16.3694606653681        3.54800670572619     
   16.7285980569035      -0.862170687284530     
   16.2903926400027        9.28213571747179     
   16.6303871064744       -3.66478849083257     
   15.9402108752308        11.9475959244806     
   16.6261274615523        1.09607169571936     
   16.2234048389536        4.46720523438392     
   16.4696071497329       -1.03002126622712     
   16.6506050445110       -3.37646757032749     
   16.4574474642841        3.01821252405142     
   16.5345623042465        5.01256104030689     
   16.3152540342041        8.07700591602600     
   16.2406196849422        6.93944232921070     
   16.3442505069512        8.16807277926316     
   16.3804251541165       0.244528640151715     
   16.3852634096311       -1.21015326572263     
   16.2749776742113      -0.451404351747015     
   16.3915565351392        1.24743760800771     
   16.2778464251488        9.71648644664468     
   16.7615476494836       -12.6382221264727     
   16.1616547654809        16.3657018137541     
   16.6862094894457        4.28599605454603     
   16.3525873338149        8.20094063013912     
   16.3821160184053        4.90273868989867     
   16.0577285513251        22.3823376876568     
   16.2836679736132        9.69140595250492     
   16.5226749866255        2.24425791087839     
   16.4838197098712       -6.62415792748615     
   16.5496378794326        8.46964922649017     
   16.4267457492999        10.2854213305475     
   16.3974567947471        2.76493116973772     
   16.5399495188435       -3.65081534995038     
   16.3111096149770        8.20448754463306     
   16.5759144153768       -3.38845050060850     
   16.1139937620350        12.7025092986595     
   16.6221395464699        3.26607280632089     
   16.3500614874148        17.2678905049217     
   16.5214693012157        3.32898230409465     
   16.5344758665075       -1.61717468281314     
   16.5500637642224       -7.49701658811985     
   16.3531387115345       -6.30539698678642     
   16.3984006670896       -6.95565848874242     
   16.3688422876657       0.998833024827256     
   16.5136107824720      -0.515109447601803     
   16.4428930406195        7.12311794816103     
   16.3704682253266        3.01021472626776     
   16.3973031828562        4.03147064751328     
   16.3922567487981        3.79539779890830     
   16.2432634263274        10.4186291768764     
   16.6789293166232       -7.88799705686403     
   16.1649978467177        9.27854299942280     
   16.3750205436380        8.94757900452973     
   16.2283637341273        7.16700164079991     
   16.5028545674239       -1.77870930178334     
   16.0499698756076        23.3975154284406     
   16.2959323319588        11.8221702635089     
   16.3430164370645        4.25607176754348     
   16.5107411843715        1.99079978409867     
   16.5271903572874        9.05485840032761     
   16.4375050557108      -0.200256285850321     
   16.4719378833596        1.24237993981366     
   16.7073802023381       -5.87367901307675     
   16.3403622318363        8.13412798657842     
   16.6247109027485       -10.7302869882389     
   16.1778819380247        19.4211901297420     
   16.6987591982286       0.588197138612949     
   16.5095961079997        13.1448754786938     
   16.5041386578910       0.205509528521623     
   16.2640096461660       -3.49523546766505     
   16.6099053098640       -10.1320652689649     
   16.5808598970925       -3.35601236346532     
   16.4972884374996        4.60147619144072     
   16.2097970422559        3.48647217086149     
   16.5282909859476        5.68640958619802     
   16.2207078069799        8.28462296803254     
   16.2188721677266        4.91681625921003     
   16.1331403846585        2.31506326463711     
   16.4714739998406        7.32179696336244     
   16.1366933497854        7.96294165648822     
   16.4757532003357       -6.06830016357224     
   16.0907564893063        8.70253809964668     
   16.0998449450919        11.9364519957965     
   16.3033187765418        7.26210489936560     
   16.5977712915294       -2.94155861925938     
   16.0382364476066        7.39069973147343     
   16.2390574243596        13.6759471287325     
   16.5623794834256        11.8047689161359     
   16.6050233320845        3.31414991386371     
   16.3748211503596       -10.2707113113081     
   16.5114919970659       -2.69542030877984     
   16.4770766649263       0.356499346068215     
   16.5936079774475       -4.15889000716023     
   16.2972079541024        2.63931943934289     
   16.6940551344066       -8.25409567094930     
   16.1196751303193        24.4104967957387     
   16.5222993732512       -13.4039396530464     
   16.6273549968336      -0.506005983396360     
   16.4700118345423        5.85159036017515     
   16.2138550313419        5.25667156541547     
   16.4788766904914       -29.7644652758070     
   16.5967265127563        3.40735233294160     
   16.4585080845065        4.82879248041998     
   16.2173598565709        4.83603629944877     
   16.4013708157966        6.82257836365264     
   16.1726932734783        7.83212373276421     
   16.2140154306574        5.14702355395350     
   16.2457349639445        6.62362267244953     
   16.3657652781955        9.08233524611215     
   16.1087241277682        9.79400421576411     
   16.3978990752540        6.61451576967850     
   16.2094860479749        6.08738262595755     
   16.0438591995826        17.1112295431021     
   16.2946348445444        7.88298145121264     
   16.4740319803278       -3.89973341082407     
   15.9155528354365      -0.453435759706970     
   16.2733411900110        12.2640783628448     
   16.5035089003068        7.32063788461693     
   16.6003372618923       -2.58179560471474     
   16.3926187427214       0.584149439762421     
   16.6632536716259       0.573525756457898     
   16.4891939034037       -4.25684505975472     
   16.5764724895435        3.57799096752052     
   16.3889099803820        11.0949734084462     
   16.5724749205887        5.55236812190356     
   16.1788708921995        19.3252392164708     
   16.6371429104737       -6.01974913608410     
   16.6506131657942       -12.3690004739961     
   16.4120134360564        6.05285177287862     
   16.3996662489591        5.03779504316241     
   16.8967886429294       -12.0130944808389     
   16.6203460610003      -7.711132142791666E-002
   16.2597624122979        14.6685647179891     
   16.2069108277038        4.14970621117283     
   16.4645898566409      -4.262859789921336E-002
   16.0098727149980        10.9188484544591     
   16.2940829375984        5.78053615344745     
   16.4740610718905       0.812313470693192     
   16.3286897923881        5.94786715426623     
   16.2300198551516        11.7513860504694     
   16.1514898538157        10.8665294865422     
   16.1056031761577        11.3617739989504     
   16.1291880950932        18.1182940107159     
   16.4363363174125       -2.05326428864237     
   16.5475929270680        5.32546204676803     
   15.7932834783501       0.481769155347579     
   16.1639093223498        3.25770259112559     
   16.4902324953870      -0.724006722862348     
   16.5129101111500       -3.08739540516505     
   16.3309592068901        5.29899014536363     
   16.6650291903244        1.11259531410454     
   16.5026919267276        5.60135615518398     
   16.4322140705420        10.8644451748933     
   16.4898737695615        7.16479147124386     
   16.5237705077497        10.9975483814566     
   16.3115328678461        17.2215078760844     
   16.7476492776436        3.51990991736578     
   16.5958887133292       -5.70767210541426     
   16.2956234862321        11.9762990275073     
   16.4399980590466       -4.66351059601514     
   17.1435361685715       -12.9348523973486     
   16.5460670462689        2.86569704119790     
   16.3756801899897        10.8605359217136     
   16.4058993668160      -0.356968684357043     
   16.4787528630494       -6.58778342651330     
   16.1042000084499        17.7584562493451     
   16.3100178748759        11.0129925037868     
   16.4029406143864        4.33212030385334     
   16.2307896833622        11.0487734731980     
   16.2864676585990        9.48438036649923     
   16.1906848416968        12.9668180260188     
   16.0859306484420        8.58122049422924     
   16.1746174554284        9.05635563765914     
   16.5516336935112        6.80755110902707     
   16.2692141714780        12.3220674422694     
   15.8036964304967        14.1312670474316     
   16.4006925288186        4.79170460446048     
   16.4558652184083      -0.685124865963979     
   16.4823130028354        4.94058537940421     
   16.3772502157336        9.27274533002493     
   16.5973971502332        4.94919655840780     
   16.3957008343861        7.09599137048670     
   16.5762298183719        12.7617359504703     
   16.5506507143292        7.05211594798926     
   16.3576018269740        13.2968086783964     
   16.5008437176849        9.58260264282709     
   16.6976283767749        4.90297432035934     
   16.6241061440316        2.14807463795209     
   16.2819066620031        13.4216709338095     
   16.4736167309861      -0.434998679115301     
   16.8863430146549       -16.9531475630146     
   16.5028369906338        8.25158069489605     
   16.2984604412944        10.1205304223777     
   16.4083529641681       -1.63695341239250     
   16.4737584656564       -4.59188740529926     
   16.0623176171984        24.7137260269787     
   16.3608002693054        18.3292264392137     
   16.4214301604904        15.5183199086170     
   16.0819375793826        17.7139307693820     
   16.4806088706321        5.31636278721762     
   16.1971849581881        11.7828887547942     
   16.0999825835177        12.4755689559468     
   16.2827190168120        2.10960871674092     
   16.5649053195495        4.73431820786474     
   16.2302179538270        22.3082185131191     
   16.0141995855873        11.6955134673253     
   16.4628293938500        5.33328574626209     
   16.3239770384613        12.7945375946330     
   16.2822633617279        9.20629567411854     
   16.3367757281338        12.6694708729973     
   16.4745508797380        8.83228251834905     
   16.2552526536988        16.0688155058160     
   16.4272587311274        4.56682707529734     
   16.5725160852969        1.79878753969310     
   16.4163162842456        10.8586310069076     
   16.5838924694444       -5.74670202793234     
   16.6073556969405       -9.86999066327319     
   16.6486596653009        3.97573818895205     
   16.2629402671031        7.66966023112670     
   16.5121638488721        16.3464671189600     
   16.5423548141638       -11.1902885164763     
   16.4495364259767        1.76161600499688     
   16.4835493835078        3.20642674476548     
   16.4792541507936       -2.73762279083106     
   16.7204061841471       -4.99398058699316     
   16.1429244950454        20.3857683288785     
   16.2450941762689        16.2169580219795     
   16.4539187759698        8.98202680589717     
   16.2023089204144        15.3988765211671     
   16.3270825140256        10.2936494910781     
   16.2906029520248        12.0381120452246     
   16.3051504403820        21.2438603908469     
   16.2571157509304        5.30369757238259     
   16.5394647889200        6.40961840968881     
   16.2977399171169        1.15436504944306     
   16.2167961524048        17.3514505964899     
   16.4238084996580        4.60433267832445     
   16.2253827229990        11.6704640933567     
   16.4125278187942        5.60422494075494     
   16.1574541376729        11.5273364070655     
   16.4779831202557        13.5009448644664     
   16.2449828486387        17.7501343917534     
   16.2273927681194        10.9563920195172     
   16.5983103520611        2.27437047788620     
   16.3380767232672        13.7988199992623     
   16.6000813654636       -9.94446526963856     
   16.3123029034020        1.57872659197468     
   16.5427240985144       -6.96228694846202     
   16.1972907357913        14.4529906347902     
   16.3287622273538        27.4903431157221     
   16.2508225110455       -4.79658917935570     
   16.4270360294883        12.8584097886469     
   16.6706231777422       -1.84062402026604     
   16.6427556990962       0.832077332943173     
   16.6964852591812        4.47874123416604     
   16.3908601610127        11.0337835537712     
   16.0876837044321        6.24083868665346     
   16.5863810444181        2.19546393047593     
   16.0983847421577        16.6272339865865     
   16.4774149725752        9.67100788501395     
   16.2415538913772        10.9315446652380     
   16.3753820576067        15.7952853956493     
   16.2352467865210        13.0894491267238     
   16.5122551433918        3.26928333544511     
   16.3825408806678        3.19346765391401     
   16.3647930273892        17.8494449717738     
   16.3138315113179       0.591391586300179     
   16.0163488005838        13.7361992648257     
   16.2891744735277       0.207929918158793     
   16.2630433155533        11.8899020458802     
   16.3456006660121        11.6505545972596     
   16.2634919299871        22.1531500603201     
   16.1561229248865        15.3567278849770     
   16.5030734883232        7.31464792080202     
   16.3580089641398        11.2215032607605     
   16.6518155911874       -7.92131457342737     
   16.2570656203410        12.3301585639890     
   16.5802595314803       -7.65739941166981     
   16.2185910124905        18.9538324973206     
   16.4233506956167        16.4162832392691     
   16.3716075861899        1.57448307231124     
   16.4829673957078        14.5552059708664     
   16.7125755925939        2.45338750828150     
   16.4205315677700        12.6615196868437     
   16.5215545349813       -1.97958724421610     
   16.3177867462975        8.02768296279195     
   16.0857116312812        3.95242835073442     
   16.4683983342346       -7.31904675977792     
   16.2810165961916        15.4056393655455     
   16.5890442058630        7.34244992788675     
   16.1306722269878        10.7951046198638     
   16.4815712748004        5.89231737702779     
   16.1632046073177        12.5697688217895     
   16.4417567525721       0.177303605475018     
   16.4650086331795        13.9412872496724     
   16.1130114004358        20.2149240672712     
   16.3914196935099        3.97706155944508     
   16.2617744828198        13.5748653957855     
   16.5146998943089       0.585363398709364     
   16.2806894352667        15.7716940237675     
   16.3965001814930       -1.29973109938616     
   16.2479298567071        16.0991249378228     
   16.1304690240916        23.6755949467286     
   16.5311468953192       0.451424978583424     
   16.2123754882822        14.4070806818797     
   16.7002204107773       -3.68219549289993     
   16.3796139866280        11.9363119696438     
   16.6976718914915        6.51925507397033     
   16.1417961766042        18.6784723112682     
   16.3797725869910       -6.53762285253503     
   16.6067817167809       -5.40796684384244     
   16.4890724903216        15.7151012649373     
   16.5326335877485       0.485772114195679     
   16.5272994332820        6.43444044488729     
   16.4947395418926      -0.800253632262286     
   16.3206579788842        3.84633705735274     
   16.3190745046338        12.7075032058381     
   16.6179671962435        1.29122440579341     
   16.2388412543257        19.0790443059480     
   16.7469546813936        5.00355436932061     
   16.0580616325911        14.1852815522661     
   16.4748073233308        1.29549014331062     
   16.2712333685825        10.3468878588435     
   16.5785467275448       -2.23181148580496     
   16.0407782782939        10.2512190780063     
   15.9526988491940        29.1298432172109     
   16.4357471281778        7.09680040048555     
   16.2617848588291        15.5537146825523     
   16.2442738024621        10.3945797291864     
   16.2992156473458        19.4789892154915     
   16.3715162220217        2.93915096590702     
   16.1655061847452        11.2840395399232     
   16.2273415831786        17.1263778486577     
   16.3941450127467       0.904533875890130     
   16.0664741993197        8.56865840356578     
   16.6852365771952       -2.12089848693649     
   16.3252371633301       0.590707843962712     
   16.5061541217186        12.5465228096049     
   16.1025627650374        10.8152735479881     
   16.6176229208477       -4.60585711522035     
   16.5936139193406       -9.57693648316225     
   16.3259085044585        5.37870201906919     
   16.3268337238467        11.6060269669775     
   16.4860387556174       -3.67498257533435     
   16.6209798291481       -5.48449425871710     
   16.3120898737600        3.00074234810761     
   16.5031319509983        8.98820575621773     
   16.8548092950562        4.56254481473768     
   16.1808476973163        16.1248678517524     
   16.7819366281755        3.00074216276173     
   16.1488422066790        11.8124074189707     
   16.5258298072090        5.84946045788775     
   16.3846106092553        13.7776412364216     
   16.5907185470832        5.95080195899921     
   16.1084219673418        16.7506406179885     
   16.1865301113113        19.4300046761509     
   16.5865045142567        13.6308595091946     
   16.3380540748140        14.1291920756120     
   16.1870089935355        17.7725633705144     
   16.0319625052460        21.2765689409267     
   16.2516301353321       0.198358110536650     
   16.1034667381043        16.4614869496016     
   16.1607387396765        5.55977699593830     
   16.4956889485807        5.94779905247579     
   16.1610289266255        13.2042831145810     
   16.4790097713377        8.19179254569812     
   16.4053315122441       0.638208786447048     
   16.2925801092358        12.3723909602211     
   16.0772992924645        19.1569472016933     
   16.8752862168534        3.86268800714013     
   16.6910880569259       -7.38278401755194     
   16.1848898372970        7.59355131810017     
   16.3649613185977        8.79060712039214     
   16.7302315565631       -14.4548865293297     
   16.8010703577830        6.48710199863781     
   16.3489705991324       0.232355958424584     
   16.4756221847923       -4.73564522479746     
   16.5503017025746        8.61897053053872     
   16.2234828603920        13.3619464420874     
   16.5090017126892        6.28143809852253     
   16.3185198310836        9.19850689957147     
   16.3981250857675        2.36832548483052     
   16.6043983371300        9.52877898282888     
   16.5247145279283        4.83047743569115     
   16.1518786225498        11.0868500918300     
   16.1167794779268        5.53578180431174     
   16.5595078703760        5.90194947844157     
   16.2516581191469        10.0464363912326     
   15.8923838511688        18.0071354955690     
   15.8416052615217        18.9785832911802     
   16.2464833100711       0.633827012738288     
   16.0816289763320        18.3629685681839     
   16.2422618026815        7.76557056411264     
   16.4337084766778        8.62785784923636     
   16.4271487790401        11.1009499144871     
   16.3906552643988        2.64178869523727     
   16.2376832341683        12.8740685055474     
   16.3338747693221        16.5151175283656     
   16.7111446141515       -1.13294722882098     
   16.5630851369392        5.84459802733545     
   16.3529725812541        8.91830544579767     
   16.3569049515953        15.0121726451212     
   16.8139888700651       -12.1765570557135     
   16.8730768363454       -1.29997192511937     
   16.3371030989203        1.82167229748967     
   16.6124360810482       -6.57107821940053     
   16.5451380409815       -4.21114306194696     
   16.4088170426426        6.66102882560530     
   16.4283843910360        2.06826379940996     
   16.4838841798961        10.2837977384102     
   16.4275604983573      -0.218457492144081     
   16.5613030830994        10.6057811963390     
   16.3679015286944        8.14155374258093     
   16.3828376978300        9.72496559992044     
   16.5425965933202       0.303894013572597     
   16.5552590014226       -5.56916850417693     
   16.2878477988002        14.0523513446150     
   16.1660100089613        10.4516950164533     
   16.1179272051755        21.4660409745023     
   16.4081333027972        2.25156520158254     
   16.1250122417047        14.4781016466889     
   16.3667464240654        4.93282822320503     
   16.4019954267723        11.3602179717255     
   16.4681678363022        5.94408161044405     
   16.3661170681836        16.1993762616070     
   16.4486925793793        6.64809573123877     
   16.3499569974182        9.98168012736205     
   16.4341533930025        3.19026459370837     
   16.4186429147408        4.74990010444829     
   16.4142535670713        5.65670379963814     
   16.4006206297750        8.30035422574857     
   16.6401165868453        6.81381494613666     
   16.6872865988872        1.74487398042058     
   16.6656621096440      -0.552527163064116     
   16.3989637207334        1.49794573919037     
   16.6512311548801        4.82161726502120     
   16.3651641477117       -6.23896459032508     
   16.4615218818788        7.58812927120618     
   16.4487953123261        3.05467020417924     
   16.4479154634168        11.3295413981416     
   16.4293615656812        1.92220231462034     
   16.5120059496468       -8.18588218289719     
   16.2467117139166        15.6305277858269     
   16.5467874281814        5.54481143231058     
   16.5217154746857        1.56819361833994     
   16.4015504842711       -3.17069353397086     
   16.3138767583486        12.1212059833367     
   16.2952911299056        9.40510238418149     
   16.2451772944927        17.4045024171457     
   16.3475220826463        7.24628190434238     
   16.2466434030288        14.6642362420073     
   16.3555289061929        5.27751814159497     
   16.2061953691008        8.92811811938364     
   16.2978970630129        1.51989409378462     
   16.3238584575806        12.4134067809608     
   16.3492479835157        9.78088002317679     
   16.3489475765719        6.63983748640506     
   16.5003832027601      -6.909684092335411E-002
   16.3396960878535        4.17217173712322     
   16.4217173225470       0.143661375653653     
   16.4604977359632        5.38711987594743     
   16.4083241919574        5.31196875133322     
   16.4588223437051        11.5962167799199     
   16.5297937423517       -7.34274789520819     
   16.3916511565426        10.5603456512596     
   16.6418294022406       -1.28233249971784     
   16.5680650109661        3.90643976579564     
   16.5061019851296        5.95359152719530     
   16.2877634146263       -2.86148964074171     
   16.6793091180096        8.15647315620824     
   16.5883976301345        1.41152287322559     
   16.4591352777795       -8.48414368386414     
   16.2504540902435        8.65003946604200     
   16.4958058903122       0.116848238133781     
   16.5753617955831        6.12010822899737     
   16.4835900518861        2.68660918064146     
   16.4363090811670        10.9260529708624     
   16.4362697042573        4.11047425794616     
   16.2657753924816        12.0241406453856     
   16.3325984513036        12.8371271450362     
   16.2663117448143        7.62986279388614     
   16.2892092376504       -1.03041871286990     
   16.2499969512381        8.24552404389602     
   16.4422947615963        14.1883720406707     
   16.2363183871447        8.61276690052655     
   16.3756976418434        13.0327049391106     
   16.1170328720002        2.85334830346109     
   16.6373985999626       0.797315086811828     
   16.5577046169005        8.06114639687437     
   16.4671641687557       0.121307838684270     
   16.3367954308756        7.71186636184834     
   16.2618279168262      -0.787532687627849     
   16.4394391368643        1.45553589909789     
   16.5836278741919        7.52986280400814     
   16.2918137247742        4.25349647554118     
   16.4785368406397       -7.61108429847332     
   16.4613596936308        3.79234433799326     
   16.4586068608901       -5.10886974912653     
   16.5045948337839        12.8394032126783     
   16.6753002741580        4.05470185172639     
   16.5771884005261        7.00503457000699     
   16.7303953779203       -2.71456823623383     
   16.0681837228498        4.29522541380101     
   16.2783036108856        1.60523573955561     
   16.3976076210570        17.5677804262212     
   16.6526107841064        7.95457947556494     
   16.5953334457799        4.86523924193215     
   16.4502954159457        13.7218492242169     
   16.2523758469932        8.41894914678241     
   16.3412951561739        19.5251405229575     
   16.2279165399726       0.139967586269815     
   16.4673463363462        2.27440741105921     
   16.2299817482529        6.97373440394081     
   16.2161339999675        13.3692686630810     
   16.0677149076584        9.24635984294614     
   16.2365678320070        13.0129120436139     
   16.1141255462629        4.26003271878063     
   16.6332219796830        2.70197378113845     
   16.7334749337245        2.53412494772979     
   16.5633194369440       -2.79768090070608     
   16.1393610451428        12.7176866291212     
   16.2836551645024        5.05388327344748     
   16.7086040242161      -0.836388981791014     
   16.6383859698022        2.40374810512976     
   16.4346372251253        10.4491435147223     
   16.5986327924500       -4.52409601596992     
   16.2988120885130        1.88841924169186     
   16.5283351119667       -5.18567240994197     
   16.4150205292506        8.30932401834835     
   16.7723857990080       -3.47306108150041     
   16.3621744033423        16.8103137727739     
   16.8093970682170       -1.67963848405407     
   16.1581382969646        7.00121045610947     
   16.1720270464935        11.7351840641763     
   16.4237566623470        11.6497622274640     
   16.6099161179245       -4.22036648895281     
   16.4357469572078        5.19101972745551     
   16.1618544376900        14.2811414689759     
   16.1497130250820        12.6387766647047     
   16.1288579744373        19.8951275863113     
   16.1709711505435        2.38151568648096     
   16.6363314443896        3.59706439701461     
   16.1528957324277      -0.155236198129717     
   16.4489659697363        2.88359051352496     
   15.9820814312397        9.21506005030833     
   16.4325525037887        13.9805706438147     
   16.0101305417124        6.13565758326567     
   16.5557867757507       -1.88940592599407     
   16.7024349821829       -14.6585304670224     
   16.4252054311278        10.2696365822277     
   16.0760142214321        13.5045809359656     
   16.1772499066858        9.07744256267961     
   16.9148839663738       0.426263080963023     
   16.7374809044787       -1.06179396300401     
   16.5075231337151        15.7225051715549     
   16.6158659367041        3.89209952896116     
   16.2622948935559        8.14278176199159     
   16.6931768356221        1.60533139610552     
   16.3227135366519        12.3110797560299     
   16.7134566384340       -3.26891985004084     
   16.3845693876712        13.9612996868438     
   16.7603255738267       -1.94978161522151     
   16.1581845564688        10.5633925357593     
   16.1385804728790        11.2829301384306     
   16.4882200980180       -4.48174243853695     
   16.6277957463910       -5.73136456260261     
   16.3995876302923       -2.25028269224023     
   16.1022758766876        19.6280342010727     
   16.0126874467307        15.8934007977843     
   16.1553717883183        13.8998620591940     
   16.2316436558044       0.963767948108017     
   16.5910197989016       -4.21937589518797     
   16.0879418424510        1.08908114732019     
   16.5836198155013        1.22614645217239     
   16.1634436026531        11.1967081976766     
   16.3474041796230        10.4405090891051     
   16.1998375567539        6.81394410841851     
   16.4758960393217        4.03918334293128     
   16.5485546693835       -9.32781499052730     
   16.4404228363560        6.85582448346353     
   16.1706543552140        14.6311698474720     
   16.4162934607889        7.49439444874907     
   16.7048466118983        2.24943818850179     
   16.6450128506235       -9.97549728743354     
   16.6290434905411        7.66966201352929     
   16.6236009160198        1.37112506893038     
   16.0787512509966        22.6441079422827     
   16.6582428854628        1.50791925657371     
   16.2054025758788        10.9225315334141     
   16.6417615810450       -4.92502683483217     
   16.3928721095885        9.46038683243932     
   16.5270800860838       -8.52203723241892     
   16.2682496900509        15.1692535976471     
   16.4012684651217        10.6084342359138     
   16.5700811657320       -9.31253840507063     
   16.5592463781906        1.28084365047212     
   16.3597413056021        7.86726088551799     
   16.1588359648521        7.54676255405738     
   16.3996483723983        11.4827662095558     
   16.0767512646486        14.2690128023232     
   16.2520494208659        2.58987913242784     
   16.3839088135793       -23.7071792880411     
   16.0851332859955        7.02855191331675     
   16.6687800042946       -7.05326202949210     
   16.1593701880793        7.29236651387137     
   16.3544890711858        18.8018845270847     
   16.4044319095456        2.19746256408045     
   16.5420074776688        8.18115679081267     
   16.5096409149273        8.28139869559307     
   16.2378983341661        6.80222877393656     
   16.3283970209869        15.7302507152871     
   16.3888637915146      -0.994997112614922     
   16.7065984202402       -7.22924390839846     
   16.4780624313504        5.97672910628285     
   16.5698889399046       -4.45343131817666     
   16.4364359011406       -2.16673578399299     
   16.1401460065948        16.6707636346385     
   16.5853684657852       -10.7315011586809     
   16.1683422016333        12.3205096131800     
   16.5627564152930        1.55847270160100     
   16.5034298341707        8.59296917993530     
   16.5918024075610       0.572484283961650     
   16.2893883645880        14.7539030714912     
   16.6614221800173       -6.30829835678098     
   16.6754242504402       -3.48400398401545     
   16.5234670683658        4.51268000887345     
   16.3601685240390        6.31685173244763     
   16.4612424891680        9.68857436116642     
   16.6329183188106      -0.568056113655491     
   16.1032163573235        13.8797066580320     
   16.5136601761320        3.11180449360183     
   16.7286230662293       -18.5381292342601     
   16.2314061610738        1.21010799717370     
   16.5442468914978       -7.21891683437620     
   16.4005636279263        15.1001938803777     
   16.4299030960565        7.33819064522878     
   16.4003268880027       -2.90867704401596     
   16.3201400485768        16.3651674470408     
   16.4243265380856        14.3373748957547     
   16.2141861134825        5.66569618940670     
   16.2189536484510        3.65201619263012     
   16.4552942687178        1.16759133614021     
   16.4405857139720        3.32440602733303     
   16.2209979309954        10.1687075620602     
   16.6256354409928       -6.35364298593672     
   16.2768500457475       -1.82851574115689     
   16.0277028397408        16.6275225725163     
   16.4830036255254       -3.84167336227095     
   16.2375130813364        9.10119651128715     
   16.4738237470905        3.33232954213401     
   16.5339923138945        4.42600963014978     
   16.4683011589344        10.5881430005599     
   16.3001775130291        18.0270698333884     
   16.6146997707400       -1.49487045605758     
   16.6190563409542        1.49196652222896     
   16.4512074434896        5.28227298229214     
   16.4463096367418        5.85507889418994     
   16.5847198218401        4.05515612908901     
   16.7627778725728       -15.9098077587230     
   16.0912671635113        7.98443932492209     
   16.4762039726301       0.196223785174419     
   16.6326882779782        2.83921392272894     
   16.1780840268109      -0.303662808610694     
   16.5490393590820        3.19371413412612     
   16.3247303789456        12.9395595503046     
   16.3150559592887        11.3376065930265     
   16.4233644879965        4.69973745306452     
   16.3188146817134        12.2859025900010     
   16.6510619792277        6.36775574611319     
   16.2507372801482        5.30081230589909     
   16.2880390148339        11.5311729606047     
   16.4402186341108        13.2898740126911     
   16.5951604897753        3.81054749765306     
   16.0505796167776        8.93779956741682     
   16.6161385580970       -3.46828450934904     
   16.2202414997051        4.59043931486111     
   16.3691130700341        11.0383378273921     
   16.4898079660585        3.11801118928797     
   16.2594474136301        3.55743149304735     
   16.4250991902600        7.39223784425731     
   16.4556436510421      -0.629593673024678     
   16.4774931857452        14.8535128332395     
   16.4908055657565        11.9177108522624     
   16.3283951355803        6.81617922482785     
   16.5251299226363        3.25081716260016     
   16.6401640818456        1.69444622132185     
   16.4698354102188       0.761500254371673     
   16.4041120761601        4.01211824743333     
   16.7763340909334       -7.19968207975014     
   16.1428758578603        5.49840263473178     
   16.4996092133060       -3.64033069826314     
   16.7124452394760        3.98779952915554     
   16.3740069247664      -2.822726722963065E-002
   16.4941603903562        4.91709151984701     
   16.4361145367312        9.25407415693747     
   16.5342278577521        8.46682030399280     
   16.4208214679507        10.6452920180578     
   16.2696670365611        9.63640992134324     
   16.6113015898194      -0.452922935725536     
   16.3844813325891        13.4346516201399     
   16.1916304303611        23.0651151187863     
   16.5069795582656        11.0969023640271     
   16.6077364187840      -0.542284331645372     
   16.3116459828819        4.44002402964118     
   16.5817203335746      -0.856196411579465     
   16.3199067538552        5.08724117325894     
   16.1388745970805        10.6956583864149     
   16.4435447766916        16.0923603795685     
   16.3735828653319        4.79731628329950     
   16.3407222454024        7.72045321716288     
   16.5231838816325      -0.252226521645059     
   16.4159805339003        1.23867167024273     
   16.4468062093508        7.35531592942025     
   16.2691478078796        10.0591919873109     
   16.4937208453386       -4.84781063277983     
   16.4072858903847       -13.2800817793708     
   16.2583644948632        7.74749668795322     
   16.2154364666795        5.28954262404977     
   16.8636248856855      -0.187937689189309     
   16.2115887103751        5.61283785270399     
   16.5555856112448       -5.35944693027453     
   16.6487759534155       -1.94642494167213     
   16.4706976286986        8.06369779049342     
   16.5507279275789        3.61321887866853     
   16.2511116624217       -5.74070567064046     
   16.2140508695936        7.56031329595389     
   16.5987907909795        23.0404461579565     
   16.3297150508862        9.00843243581662     
   16.6075698449869       -5.86671000215626     
   16.0803223520698        26.1173650076890     
   16.2796660480246        22.2622593268075     
   16.5370168708890      -0.767301967378676     
   16.7535603952406       -6.77405438702197     
   16.4228361944035        3.99615737092433     
   16.2561978297267        7.74512280996094     
   16.4936647956746       0.774523581159831     
   16.1468749660530        13.5850060385224     
   16.2881581667563        18.1581190320461     
   16.1775305674906        6.17195996288178     
   16.4323428073450        11.7730522580599     
   16.6182473112056        2.73221470778440     
   16.1007049581529        7.07814790040640     
   16.4437398689057        1.08080939244935     
   16.4489352286916        9.00931730749882     
   16.6316966101020       -4.71032667443019     
   16.3110803374079       -13.6147139058608     
   16.2604352760871        17.6483979303664     
   16.1919895140305        7.99816397783032     
   16.4674736539222        6.01931771523249     
   16.5203631569438        4.60627094404976     
   16.3826507931775        6.80839020543534     
   16.5756082219510       -13.4057049070085     
   16.5579812873446        16.3608048056447     
   16.4960361626874       0.252577028692943     
   16.4535037491983        1.20010559737716     
   16.3442393811485        9.86068835478212     
   16.6465293491579        12.7315542250220     
   16.2801632560383        7.29389078721037     
   16.3477738977194        12.1198893526429     
   16.0191094326156        21.6136865630462     
   16.1547565001037       -6.36578187750518     
   16.6848723342167       -8.62124192710764     
   16.6498831501674       -6.07779268644766     
   16.4899781217191      -0.497988838823143     
   16.3083792883219        10.6529226296139     
   16.5777790751956       -3.83774273315384     
   16.1335630906116        14.8055925626554     
   16.1844501851129        11.4135959325620     
   16.2772284045630        8.92340553788373     
   16.3465349809085        9.58904642938863     
   16.5352726847562        5.83952002289513     
   16.1779239116196        21.0102479894075     
   16.3898745200993        2.70572761333332     
   16.6163641751036        1.05516399503641     
   16.7940522230730        6.49758422771551     
   16.5858878935340        7.75944741866263     
   16.0526963811212        16.9735295582969     
   16.3378685199530        7.45119310910869     
   16.5376195304468        2.89166096604205     
   16.5425404064297       -1.30106495566891     
   16.2900676426269        9.37866073974246     
   16.6577672297561        3.01675673646663     
   16.5428980379030        11.5755213007941     
   16.4756802442303       -4.21246227147562     
   16.4517394666149        7.34975329831162     
   16.2104567487322        19.4191771015584     
   16.6470163988439       -12.7153972959690     
   16.3449934600561        6.66813164325123     
   16.2828566720844        18.4505703755386     
   16.0048410642101        17.7606445429984     
   16.1303946201723       -1.75560716365639     
   16.5893061579941      -0.882885526804125     
   16.4518197978309        2.25657261885667     
   16.4346014175120        3.22832594270447     
   16.1573740001636        15.1603886480385     
   16.5530726975516       -1.02569363584696     
   16.1030415380568        14.8998442453924     
   16.2633425997864        17.1214769029370     
   16.2962493662419        8.23951052408479     
   16.3829618033550        7.67970221017576     
   16.5253676169313       -1.45837657123251     
   15.9418675770373        17.5032597034323     
   16.4623299940540        4.79993351627219     
   16.7362717629737       -2.72387714815292     
   16.6434529559102        3.62548465261577     
   16.5647464564256        7.57248738379488     
   16.2303940059614        14.4853352286986     
   16.4033346698304        9.18804461575117     
   16.6740014320683        1.35046953556235     
   16.5168277824809        10.0187172012925     
   16.3258048041721       -2.45151159999413     
   16.7095361485927       -3.01478658621619     
   16.4519927858096        3.60507204485200     
   16.5007530101630        2.93344323407600     
   16.5547925870425        8.67520904856280     
   16.2584863531515        20.2007601824567     
   16.7016373406174       -18.3328761594275     
   16.3850568345149        5.26718999405885     
   16.1845727152709        14.2762221228314     
   16.2619653480460        17.3606469842232     
   16.3414151528661        8.14527956140681     
   16.5234033891659        13.1276163926502     
   16.2966217034217        4.71898231078258     
   16.2618643776448        9.45117325527158     
   16.2134020312356        15.3110153557358     
   16.3812020903590        7.94042345673931     
   16.2510057270983        15.0852409382690     
   16.2896169050456        18.0733385618735     
   16.3765478858427        5.67532384053790     
   16.4532377799647        6.10525191830968     
   16.4140367557532        1.71901273513377     
   16.1000859683777        16.1022130076198     
   16.3418407336607        11.0746980123190     
   16.7784310386696        4.17195837292133     
   16.4119983221310       -11.4327999353410     
   16.6270853103415       0.512223052317204     
   16.4550112053554        9.54290705361692     
   16.3531273615148        17.7539931130854     
   16.8135031915161       -17.1041843320657     
   16.5117991741632        9.95619632527324     
   16.5477530557091       -8.51542140448875     
   16.3664710498557       -10.9858665762619     
   16.4772236343486        4.58798735855300     
   16.2312451020398        12.1019269210510     
   16.7095530125669       -1.62066836479771     
   16.3755906951778        13.3977611298895     
   16.7256608099871       -6.27678702962176     
   16.3403077641154        9.86694926968961     
   16.3572397257908        9.56044507556859     
   16.1837862443791        10.9921619524682     
   16.2420923578012        7.32123607675897     
   16.3477449765482        16.2461915886007     
   16.5790758828037        6.54214704818467     
   16.1707426567859        14.5929964550948     
   16.1792699167158        17.3888827673251     
   16.2473243657622        13.7058118144831     
   16.1814473316006        14.1187500654514     
   16.1661741603770        12.6927839661073     
   16.5250212915235        7.62303800978790     
   16.2585718245396        9.76456903419490     
   16.4963529493510        17.5564706115991     
   16.0294538628175        12.8469021780460     
   16.3955521378535        15.1718748147365     
   16.5159765607874        7.03805251305846     
   16.4427136199758       -8.69144987559880     
   16.3313695648487       -17.7983919826299     
   16.4870775193588        3.46543983794932     
   16.2311406297367        22.2017301330649     
   16.6750378561350       -5.50474794827032     
   16.5174459821949        4.28109662764718     
   16.6829701893775       -2.22933187949394     
   16.6833606259249       -11.7405443134093     
   16.5741583431018        8.55301793478396     
   16.2845861774346        11.0039981488151     
   16.7586494636768        1.04629844278056     
   16.3935020603721        4.49874269070206     
   16.7188275013372       0.973596744577379     
   16.3761535828288        14.7048372265355     
   16.4511242270081       -3.97375229296019     
   16.3166603293684        14.4088471033898     
   16.2786776327619        18.2885975099217     
   16.3744595320334        15.1678043685138     
   16.7305558977863       -1.40644448077830     
   16.1497273488143        11.4576266157868     
   16.2217905556874        15.7048684591435     
   16.4225724437615        12.5924106307035     
   16.2925374907231        9.11180834272869     
   16.2639029871441        6.00365382810177     
   16.4110878759855        5.60722420444297     
   16.1660562212078        8.88543010542000     
   16.1946627463050        17.5245441199497     
   16.3465691740721        7.11203312921984     
   16.2551614288929        16.7911968879279     
   16.3782510711346        15.6174022317127     
   16.5837441727259        4.75355004202133     
   16.2780991647210       -5.20963544450144     
   16.5815036439626        11.2769879128595     
   16.0837997303501        20.7247549115541     
   16.6935435259345        6.48160292697417     
   16.5320721203903      -0.801558056481706     
   16.5946042429307        14.2492916349943     
   16.5712959643378       -1.32800743000386     
   16.7205602960999        2.10807030215936     
   16.2782457385226        15.9755545867880     
   16.6319354223117       0.466436719269850     
   16.6267421914993        4.67414008071506     
   16.6318292879686        4.02681484111829     
   16.3629753329312        15.4904592164424     
   16.5699522302280        5.51780514184232     
   16.2015574161227        14.5630543863352     
   16.3722785689518        15.9743847504857     
   16.3975653931532        8.11050019672876     
   16.7360886520397        7.61152151505201     
   16.2903397368390        8.17937343290152     
   16.0982293938436        19.8884193913638     
   16.5481597120358       -7.32568949128133     
   16.1767707752535        10.7890855024688     
   16.2203082091871        9.35855665969616     
   16.3953679904415        3.03200851612801     
   16.2209786064051        10.2994603663740     
   16.2600730527122        18.3607125200223     
   16.3163558443185        11.2423351046909     
   16.2119079826103        21.3946355720919     
   16.5331109412760       -4.08557490733235     
   16.4737760463524       -6.08959738596022     
   16.3464833724367        7.20978233251935     
   16.3595029216386        10.0118744405532     
   15.9925931686848        20.9527997124623     
   16.5486177288610        9.30340562788921     
   16.6820172062808        4.99712779270459     
   16.2285983780252        10.5210757361793     
   16.6916077310777       -1.35583609080166     
   16.4667368646999       -2.33151353394828     
   16.2370263045587        20.8346202246358     
   16.5288981728435       -1.05326962283165     
   16.6143066758231        3.56610704431598     
   16.6649914454525        1.03557362412858     
   16.3980103158895        9.11069024497434     
   16.1707622573728        10.1830168323496     
   16.2396036445603        9.94149751638934     
   16.4490070328690        10.8756572046867     
   16.4146627627402      -0.877566256966035     
   16.5711821000537        7.41971216835874     
   16.1849885917727        12.3080491995180     
   16.1577325644385        9.97274252683862     
   16.4871819118989       -10.1258107695857     
   16.3059552104904        1.87803778563954     
   16.4322370577500        9.62385079408609     
   16.4752516524101       0.888234556714091     
   16.3383306553652        14.1517915905860     
   16.2703087891939        10.2483764172063     
   16.3988561036900        9.44609734707461     
   16.1393218393537        21.0126489971317     
   16.3702356726243        7.00916985506944     
   16.2231265583575        5.05730848468278     
   16.1992493085106        13.0938086788693     
   16.2687730089386        18.1363290552187     
   16.2592022227415        9.83264735383659     
   16.2700122850263        11.8913712273069     
   16.3100047404333        8.20664725207362     
   16.3689991741905        15.8019788945307     
   16.2045355902665        20.6061813230719     
   16.2935439550980        9.42505753367404     
   16.3043005189394        11.5806958446172     
   15.9808217785973        17.3725108573476     
   16.2548074566733        2.77889922090751     
   16.3000837966782        8.47511134819746     
   16.3689088501838        6.52718604962253     
   16.1044592927939        4.76479743746995     
   16.1775631928574        24.1123544760426     
   16.2347242506880        10.0961180001847     
   16.4542499073427        1.80929003827190     
   16.4927906202234       0.469085016090960     
   16.4348204889846        10.4209471271955     
   16.3163680840567        11.6247386120139     
   16.3484251305174        4.91665602627918     
   16.3040130783105        9.22547692614141     
   16.4453122633161        10.0493178377077     
   16.5015197828924        2.76204644161310     
   16.4767060177119        1.95304463986568     
   16.4076484884562        5.73512957707061     
   16.3528126318794        9.15445226000151     
   16.5754425477430        2.59041985309071     
   16.3113436216083        10.3784555616451     
   16.1967216477991       0.881588102753459     
   16.5016279946885        14.0348888061355     
   16.3758265727146       0.274296862967798     
   16.4729383647078        9.82801813804749     
   16.4180293182111        4.08238200338316     
   16.4054706143788        13.5999008548379     
   16.3060460172132        12.8832907361455     
   16.4061600765362        3.97140625452537     
   16.2926170925021        11.7457391396496     
   16.2812993424917        6.67738023072378     
   16.5100859567028        6.77546019512461     
   16.3372265723310        15.3693136954240     
   16.4613028346844        3.93592735791197     
   16.4387140369788        11.1237670316138     
   16.5176722957396       -4.69288954319137     
   16.1336441187764       -2.94466775545832     
   16.4378495009576        2.82107462646349     
   16.2994140317650        12.9739660005273     
   16.1703112147307        14.9820087932431     
   16.2724211399478        15.8457633551850     
   16.2273529355991        7.57904850265846     
   16.4140075377577        7.55160492476791     
   16.5231509337804        3.24613265584212     
   16.2060967099414        13.2812931283886     
   16.0689565136839        11.5857733223048     
   16.0069093859701        12.3171490350593     
   16.2136414487229        10.3884777992944     
   16.2874825107002        13.0793758765503     
   16.1134009722052        18.4210689636063     
   16.2586248793385        17.6688718339368     
   16.3846056153995        1.26408084911450     
   16.2458432114867        15.6112315655089     
   16.2846044574996        10.9901174491998     
   16.2892639457023        7.85189164669747     
   16.3097415121014        7.89300281144165     
   16.3592019099385        10.3974866810978     
   16.3154337980351        15.6059245643399     
   16.1896520532042        22.2406490834049     
   16.4649018375156        8.74182168255723     
   16.3490096811145        14.2840890837153     
   16.1946337918526        15.4983296435497     
   16.3732046808547        4.80212857905967     
   16.2182761212766        13.9337601845819     
   16.4221970861667        4.66341048879275     
   16.1212484021799        5.83029002931706     
   16.0772837214661        25.1065695940358     
   16.3226842624949        8.05472968366965     
   16.4026174066554        6.62267002878516     
   16.5544475398332        3.94427042605572     
   16.4351070934618        8.57371783196925     
   16.5015762574206        7.26490055666032     
   16.4479858118352        4.01567195128477     
   16.2949223573839        7.25561787990148     
   16.4298087964460        9.47322307067139     
   16.5766720113842       -2.72334353654980     
   16.6361207474333       -1.54327021988739     
   16.3921021104925        6.76852197991994     
   16.5651095608345        2.73401310835214     
   16.7678071226782       0.631365962250124     
   16.3281261074250        13.8139109202837     
   16.2866664323342        2.03419658641421     
   16.4784410650927        7.96738046816678     
   16.3626411540864        8.53180844736452     
   16.4333288474825        11.4384295235724     
   16.4600292178079        5.35623953611597     
   16.3443131182716        11.1185997369086     
   16.4504655174445        5.82221419533746     
   16.5044949750407        2.78431299681329     
   16.2406859835848        10.1183613381233     
   16.3264406649157        15.1362305303291     
   16.5084491886355        9.74154201568631     
   16.4269369739467        5.89392208909323     
   16.4972963069890        2.94245784549685     
   16.3142988703925        9.54785252398263     
   16.4813263658314       -2.75228419362559     
   16.1424940631831       0.563086270486336     
   16.3378013048176        5.78597833341373     
   16.3080858116284        8.46524910792639     
   16.1640760452853        8.09631280896129     
   16.2153286368233        21.8670885496673     
   16.2034991256517        7.95475988800936     
   16.2389289466527        13.2748702396424     
   16.3959110445957        8.50877729741990     
   16.1478357230824        17.3674644525740     
   16.0374210606016        11.1098724627024     
   15.9223663345645        11.8739795001467     
   16.1608841776248        10.3343592426262     
   16.1680737365021        15.7194206435370     
   16.0161509019367        18.6768502255050     
   16.1972437349753        21.3561310996860     
   16.3793596458849       0.506577630188066     
   16.1181034809867        22.5305357014984     
   16.3011528978988        6.62966076631088     
   16.3539404473997        6.78579116963741     
   16.2425869889676        1.87271216763953     
   16.3090571665424        18.4585570900849     
   16.1855337105429        15.1164952201675     
   16.1829804887144        18.3226846363546     
   16.4133240899420        8.51112123414965     
   16.3191957785964        9.66253282341279     
   16.1388770479520        14.2910595116991     
   16.1661113595685        7.24402763572683     
   16.2247722289338        16.8014780703233     
   16.4660520726747        7.62061219066583     
   16.1270740872780        9.08003312492723     
   16.0023437933040        27.6967260023916     
   16.4210703478713        7.55480923402415     
   16.2447219667797        19.3770718936158     
   16.5140955024271        9.85391252602062     
   16.4278210646767        10.3537272739356     
   16.5996223116824      -0.564335828686500     
   16.4090544852403        6.34591575719734     
   16.2700173276865        10.5536176125482     
   16.4643743078630        4.44653487395349     
   16.5370567512107        5.45928692643858     
   16.6631242399582       -2.59487657770914     
   16.4573596204293        9.06316368027765     
   16.4872140596900        3.24210991278386     
   16.6440235346321        6.60935823679166     
   16.2934312234823       -1.71069255934171     
   16.3613019519051       0.955008680054102     
   16.5549532017422       0.126291457434556     
   16.3466473341063        5.96754734102598     
   16.3149641645433        12.0582001426463     
   16.4331730912860        4.83175682114779     
   16.3087491344681        13.8907099597862     
   16.4786241150104        10.1558588462055     
   16.6049766739075        6.78150439677824     
   16.3042717459254        13.3830486145086     
   16.2191848316248        16.5621972070588     
   16.3060953063216        13.4969878768338     
   16.3136344713636       0.565805639481961     
   16.5099800477465        9.25878564399384     
   16.3923651584842        4.54812288361335     
   16.6095880794822        1.67657042185963     
   16.6921525859949       -7.41409290995321     
   16.3316915590062        10.9006102795846     
   16.4395846347872      -0.280503284763294     
   16.2275652769817        7.12645912948282     
   16.2242306233461        16.8664222787274     
   16.0091758016392        9.15973165026659     
   16.3551662206279        9.02034897895195     
   16.4698886114051        8.14191639894569     
   16.2017982448549        18.0583918692386     
   16.1081977219535        9.34092079612551     
   15.8849702082286        13.0218392687498     
   16.2140998500431        18.1055767448026     
   16.2216459240077        12.7608579174023     
   16.1367106055439        18.1488293736385     
   16.1805647530366        19.9092098546502     
   16.3564957870710        1.99254025945723     
   16.0831502202750        17.2628615686923     
   16.3941420450159        11.1953327546031     
   16.4914152248999        10.8739116697975     
   16.1804932378133        2.91132957410273     
   16.3882632305531        11.0637529315763     
   16.2947164156093        10.6670391227829     
   16.2061839985723        15.4432110713486     
   16.3662165845279        8.78957509709832     
   16.5023938538002        10.1039023030386     
   16.5136390624457        8.53178995884801     
   16.2793116076034        9.78693469366898     
   16.3353666367198        12.8803964596280     
   16.5122658874925        9.76099558444906     
   16.1293880514459        5.53997065411389     
   15.8499862134097        27.4097569602928     
   16.4287625976976        6.61061425285211     
   16.2576816553260        14.0022820622727     
   16.4850156764693        7.01897928936958     
   16.4628897112527        14.7224769441505     
   16.5510000723732       -2.79822307780244     
   16.3918403124964        11.4448127303104     
   16.3119927166075        13.4616025464022     
   16.4738532972974        6.12570096788539     
   16.5574492265311        5.04622217571600     
   16.6480645994367       0.890108548476817     
   16.3195964797329        6.07171060499916     
   16.5174333780693        6.20415407928818     
   16.5197900821630        2.75849616145837     
   16.4422164820890        6.61000369943422     
   16.3610305288700        2.96531441345237     
   16.5639701271670       -2.46793978840935     
   16.1286340468994        1.61944163578815     
   16.0620443018346        10.1813540205978     
   16.4824076728964        5.29776633528983     
   16.2919003127187        18.5022735123320     
   16.4435019214716        4.53659703814060     
   16.5009134466732        7.63121398178001     
   16.2798126353390        12.4603964987720     
   15.9937375326803        14.8774370084888     
   16.0699974584137        13.0370918485314     
   16.2995846825408        2.47031746833299     
   16.3567487026063        16.1980104887960     
   16.2390174508345        12.9536861266721     
   16.5231848590814        5.69826712115103     
   16.7794247565661       -5.25652295139098     
   16.2588946932176        10.6275901527457     
   16.4158073456476        13.4867622538556     
   16.2420999043906        11.3702269076209     
   16.1930613494974        11.6906819174065     
   16.2782637454802        8.24164165622902     
   16.3836790870805        8.79479213184746     
   16.4198703343372        8.77077224952632     
   16.2414746876497        14.5926597444122     
   16.2351569849073        7.96572345701075     
   16.0768309118656        15.9648742002855     
   16.2432755456917        17.4540539204136     
   16.2148662869898        10.1130648791853     
   16.2435866889850        11.2241099578974     
   15.9838879690447        10.8498975649971     
   16.3871064999093        1.78463734489616     
   16.0497366028364        17.5691171661693     
   16.5134618897365        6.62009357835192     
   16.5716304025112        4.23327932744191     
   16.3346902853583        8.67653854474895     
   16.3818104444886        7.09670830026600     
   16.2997393793177        10.0258502390508     
   16.1891937306211        11.3237471565619     
   16.4551257641576        9.17897786745344     
   16.6385088341728        4.01933205099533     
   16.5950899764081      -0.788436691032861     
   16.2951702208116        5.64204298602826     
   16.3685053647626        9.19609641955983     
   16.4748287450682        5.43254079937220     
   16.1928737235990        6.48263625306860     
   15.7366425305316        29.0323423602422     
   16.4601293285275        7.18922313114167     
   16.2323581692024      -0.628954304646562     
   16.4045341208736        6.70813944613740     
   16.4064776710587        14.8185862387034     
   16.4831635319306        6.70451478948541     
   16.3899919130232        15.2025340157638     
   16.4247910710515        14.5196789111955     
   16.4457243143712        8.37585299195613     
   16.3409223684056        5.50985599108216     
   16.4562985672231        5.97898772687590     
   16.1961452709211        12.7545336289281     
   16.4915978241238        7.55545122535509     
   16.4850814528218        7.81367311228994     
   16.6048685477012        5.62783803510775     
   16.5044484886558        4.42314316155987     
   16.5231327891560       0.455520166444509     
   16.2062425176136        13.6014544837673     
   16.0834412791250        14.2818397641259     
   16.3451945951383        3.94046719395747     
   16.2304527118454        14.4435426213397     
   16.3581114776058        5.09498021737233     
   16.5580810827429        4.48753201067008     
   16.2785871866558        12.2885460749927     
   15.9858646975944        13.1668380929105     
   15.8902923488656        8.18472472856698     
   16.2600295892887        9.63275089704824     
   16.1963405998381        14.7057963651093     
   16.1303409288157        17.3723587777433     
   16.3001907554938        8.64323661404877     
   16.7143781325600       -13.2480349178834     
   16.3047694701606        11.0663769979649     
   16.3665668315597        15.9450126279216     
   16.2553520142549        16.7710097994940     
   16.2776708291177        8.92675977240275     
   16.2517574421467        3.12601536980832     
   16.3583777437643        14.3906558543207     
   16.2736746493057        17.6211644029446     
   16.3549719649597        10.9627816606069     
   16.3164112615780        10.5320334131164     
   16.2901146626599        14.5507289276269     
   16.3264914195042        11.4462382379412     
   16.2347865495063        12.2188096051973     
   16.2976130192094        9.52338035559049     
   16.0735999936468        10.8144827310293     
   16.3730873255449        1.41988355940096     
   16.2049376699142        12.8457115585360     
   16.3900972356649        3.22328992266216     
   16.5420333075843        2.06420441267397     
   16.3099001081992        12.9325201902079     
   16.5222375599513        6.52422376850976     
   16.4887825553655        7.54139820776981     
   16.2288048266010        8.53779502113943     
   16.4509038613055        5.78654050453160     
   16.6736889615277       -7.56901042246360     
   16.6971259962750       -4.55302399613216     
   16.3134297473628        4.76035016656138     
   16.5501151834865        6.26895476134448     
   16.6267967381879       0.351997860214680     
   16.3800718785026        13.0894809689019     
   16.0273175553868        18.6926782556547     
   16.4267484059902        7.75495355362395     
   16.3565989762815        4.85184403544353     
   16.4611761013373        10.4083987347751     
   16.4017360124343        5.21945782227307     
   16.3586653066007        9.10653860625759     
   16.4634569418285        4.16871938882294     
   16.3712257221691        13.3717003309343     
   16.2509192768580        12.3208358737876     
   16.3338107994558        5.51964155227460     
   16.4360772333161        12.6132948037591     
   16.3483188738753        11.6708973155606     
   16.4429903296018        4.80478503178584     
   16.4697075515083        9.87678314027840     
   16.5689008270410      -0.838931595790910     
   16.4183343296450       -1.78995714064034     
   16.5294119704885        4.88529550700286     
   16.2676075633142        15.8316608406019     
   16.0467443615886        13.8899546014823     
   16.2294345101693        5.39589685979141     
   16.1440406760935        14.0464624435787     
   16.2425584622536        9.30027556250472     
   16.4781968103397        3.28720639740248     
   16.1648110809388        16.5908526796691     
   15.8890520828217        13.3462101880485     
   15.7911804774302        6.60188369086139     
   16.2174684962896        11.1895761343630     
   16.1625735906047        14.3670621930557     
   16.0852973317188        19.0511749296059     
   16.2608887223553        15.5331746181786     
   16.6269660068544       -5.57859363127306     
   16.2863322045670        15.3001140462598     
   16.2644838034981        12.0222235906045     
   16.2434583094560        12.8860231944497     
   16.2479708005570        4.70636583381309     
   16.4195217071404        7.02950666093821     
   16.2379724990701        22.0328449787100     
   16.1624016510639        19.5510633912448     
   16.4333863352289        4.50576740221642     
   16.4417169982185        4.87731896802470     
   16.2884626920931        11.9932521085778     
   16.2660829325255        11.2116461671376     
   16.1909417888300        15.6672738479291     
   16.2592202185974        7.12291986583540     
   16.0141179992223        9.06439512956455     
   16.2221766329990        9.18300618754371     
   16.1922478871385        9.45205229217996     
   16.3090271671959        7.21041418291127     
   16.5612477356100        6.20346085704544     
   16.3592140003371        12.0204256714011     
   16.5747355584442        9.86148183544697     
   16.5520679404310        3.04058069048738     
   16.2642138230660        11.3499589833919     
   16.4647204048385        8.24940567870803     
   16.6009282053385       -5.01455498670795     
   16.6529348537385       -7.22896766068717     
   16.3857026812596        4.11812006249738     
   16.5026372514770        4.32925598205706     
   16.6117551894314        2.96876909755300     
   16.3899036626539        9.68625484920098     
   16.0259591336766        10.6775704292362     
   16.4929189594138        7.14835347302095     
   16.4113302060695        6.53909093942740     
   16.3189954444308        13.9711430421422     
   16.4071174709410        1.01606881685497     
   16.4446926127782        10.3150233811137     
   16.3827308634819      -0.500222013155609     
   16.5095180563661        6.21686249340589     
   16.2391576826841        13.5634785291899     
   16.2015353096853        16.0358718833040     
   16.2510181547052        18.7974544241978     
   16.3335831560877        9.01631528178535     
   16.4989260349855        2.32714039300952     
   16.4382657782635        5.74069171839961     
   16.6177846512538       -1.71821131689330     
   16.5220274514288       -10.7498951558683     
   16.5053057267141        4.16264707356278     
   16.4220521944284        4.41900209763851     
   16.1756664597172        7.94965592000206     
   16.2793456945760        19.0179348507051     
   16.0858269007746        10.8423438266646     
   16.3708289812399        8.89449351042016     
   16.4554132804758        6.94150994284442     
   16.1840508107111        17.7120039581277     
   16.1728392122210        13.1186231314699     
   16.0664571769922        9.61565125524398     
   16.2053518921386        14.1898166418808     
   16.2103385119216        12.9791595389067     
   16.0373746459762        19.9075974385152     
   16.0324171615133        25.6803814533203     
   16.7463234823715       -5.69420436089769     
   15.9426609441587        18.3962224138632     
   16.2272341857733        7.84834343828721     
   16.4113784455651        5.35529767112787     
   16.1876203396020        5.11048367870963     
   16.3236444847466        14.1376937848228     
   16.2775830819764        21.9879616749322     
   16.1091053377503        14.6086234044136     
   16.4517218447161        3.91116357410876     
   16.4611601353026       -2.42273118988369     
   16.3641957821570        4.72135300992396     
   16.2216815943283        9.71746012567617     
   16.2376879825436        15.7828961107506     
   16.3407495122964        7.47192723033771     
   16.1140903334135        6.62677476767829     
   16.1410273401317        17.0621613568931     
   16.3723882788159        5.74665728508524     
   16.2355002360352        11.7434446912632     
   16.4102234269994        13.2113681725078     
   16.3289891302060        5.59671007659841     
   16.6699364401251        2.42965901044033     
   16.3547682653844       -2.47626372481614     
   16.2844634410709        11.0478281082156     
   16.4289138652399        7.88831085588972     
   16.6276532647031        7.24497976812838     
   16.6172216850251      -0.553073027299166     
   16.3768000752570        4.63480525127463     
   16.4614097109396        2.28673389215449     
   16.6032610693182        9.44849781540060     
   16.5684823100317       0.377187335190531     
   15.8994552574598        8.80299432893645     
   16.5659212031928        3.02790305701180     
   16.2413398041023        9.35385604467339     
   16.1105050284017        13.3885133720341     
   16.4750280443534        3.89874209191658     
   16.3419864526094        12.5203834830854     
   16.4342153921317        7.74986409115447     
   16.5172688239259        2.83450274125358     
   16.2269324492242        11.2525321119518     
   16.1988361942986        17.6965999389141     
   16.2012564674657        18.3599337014677     
   16.4192438604650        7.02459242380572     
   16.4723154679645        12.2843243149473     
   16.4130266146770        2.90740934729579     
   16.4724728668138        4.24423486222681     
   16.8744024386851       -10.3683179822588     
   16.2975805765401        6.27025074185612     
   16.3189507709566       -4.81216964725115     
   16.3169843264630        6.01509383456753     
   16.0896206292879        23.0935232961754     
   16.1338942089657        13.2769518305208     
   16.2522394593821        4.24752672395376     
   16.3350789765861        12.1812061119982     
   16.2114927822913        16.6560749046981     
   16.1594261010427        2.70607749495630     
   16.0754113450458        6.87210878831538     
   16.2407603084290        12.5205522763310     
   16.2468118897596        8.99024906321712     
   16.1412943574380        19.2294342096737     
   16.0720380124234        17.2156097937857     
   17.0066143449331       -8.87391989797553     
   15.9766658919655        23.7684826005809     
   16.4611401005072        4.64283364255324     
   16.5118248337551        7.14143960697074     
   16.1972648876317        6.57085410114427     
   16.4022776063312        15.6056004660787     
   16.3212922017475        12.8834093701637     
   16.1147395545896        13.9240284603971     
   16.3679457443148        10.5710213387366     
   16.5711073511711        3.89609189062999     
   16.4943069097595        2.66008049566359     
   16.2591918776340        12.3017139297923     
   16.2556076864027        9.44090492883920     
   16.4203617866466        7.69102235777958     
   16.2405220721416        7.09751096449868     
   16.0293512637775        15.6209985761674     
   16.4374543545242        4.41841488091560     
   16.2729934515115        6.31328708901649     
   16.3739763743132        9.82077681227741     
   16.4844417995484        11.2463960856555     
   16.4902228869779        5.12866808135671     
   16.3536334854705        3.58162482321256     
   16.3548732075042        9.28420746156346     
   16.4123334376186        10.6913286450092     
   16.4945337237898        9.95507566044798     
   16.4719195543994        6.56786393687360     
   16.3930668623799        9.51679147696732     
   16.4713476792363        8.67624056416373     
   16.4140216035111        9.16772827426710     
   16.5971544051261        5.20495150861720     
   15.6827619832629        10.4465075181276     
   16.5359915769511       0.799721208380227     
   16.0366341180220        6.11139564307639     
   16.0603594782404        15.4991913262061     
   16.4613659563945        5.34397787436223     
   16.3326443534326        11.6403096721203     
   16.3220328507840        16.8727181900950     
   16.5934076945636        5.17701555079379     
   16.3439056718651        8.77033639882018     
   16.0130864739703        10.3209794947379     
   16.0431638812345        14.0523834810034     
   16.3726521812773        7.18598109795389     
   16.3312536059244        12.4759488825690     
   16.2638696571293        6.63615491855080     
   16.4349444933234        5.28887489745938     
   16.8533030915481       9.678867096587940E-002
   16.3107672710401        7.03987475858022     
   16.4352456017399        7.12647831372106     
   16.2755529120554        13.1698066890557     
   16.1854731195493        17.4947178633620     
   16.1187051147719        11.7136165444209     
   16.4455393264028        5.04600263658346     
   16.3317222395666        15.8273745452702     
   16.2746176552996        12.2422260941659     
   16.1699994000166        4.42632885957131     
   16.2216325993764        7.89321081806362     
   16.2547230596829        13.7095521405117     
   16.1811658120626        9.96963635818751     
   16.2970307919621        16.1891082653582     
   15.9897172911018        16.7675635568493     
   16.9346272080334       -12.4357730511181     
   16.0876138934066        22.6938135326462     
   16.4986003934592        3.18787272603505     
   16.5786016897033        4.37620493064777     
   16.2906648883316        8.50726475944784     
   16.3428032216627        11.2345042292646     
   16.4428680291340        3.20485158171625     
   16.2014899645873        11.3621263910536     
   16.3282906726710        12.0927574001950     
   16.5984340239723        8.78237300645436     
   16.7037665961836        5.38968331270649     
   16.3315222334163        10.4511191692670     
   16.3998867830330        11.8970415514660     
   16.5007027484360        1.01861034512349     
   16.3313355686753        5.66269756917304     
   15.9332309856691        16.6715574179632     
   16.3846941313617        4.75547026837788     
   16.2904261887332        1.61940187692569     
   16.3777628955973        4.81531461698774     
   16.5406655632877        8.01617295436767     
   16.4662484712378       -1.07245341197522     
   16.3523134698651        12.0393169002861     
   16.4008925834389        11.3053139936049     
   16.3384651570690        11.1646288790555     
   16.5537183310470       0.230016071126393     
   16.5105547405871        7.12786446912617     
   16.3286038220542        6.94985374009085     
   16.6335984245907        4.68000808136805     
   16.5217529233425        9.17526652841213     
   16.5402622778866        8.13234987282260     
   16.0322496890546        9.81830692037120     
   16.4718843965640        7.96767331280253     
   16.1518646995351        16.0546833730394     
   16.1193708985205        14.2923716724479     
   16.3276307311215        6.85103414700719     
   16.1899537613023        15.9346726691384     
   16.3140086837119        13.2031490994881     
   16.5009672184345        7.01534166013082     
   16.3430291968256        11.0145246363513     
   16.0955038291195        11.1579307101693     
   16.1114932020676        13.6254919633973     
   16.3604489214514        11.2774904884836     
   16.3033401515081        12.2084717756864     
   16.1434771730880        10.1502087566731     
   16.2623007645377        8.04513190765595     
   16.8329668123757       -4.92270401748520     
   16.1545304915577        4.51209700951854     
   16.3281282984309        13.3628765409211     
   16.2879602060280        16.3312417366401     
   16.1209297550723        12.1329177220438     
   16.2220459528931        8.71634126286259     
   16.3432524485331        6.50704197421996     
   16.1790058530058        15.3545642792632     
   16.3735357146542        6.01492386891239     
   16.1972743713706        11.9969787862155     
   16.2700246307555        17.1818603844007     
   16.2730886654690        15.6736981697044     
   16.0870970944292        15.9142793264466     
   16.2955523546931        11.5293445503170     
   16.1864091565214        14.7716439922622     
   16.7121817326775       -20.2999984456362     
   16.1671613256101        17.2682494083093     
   16.4626446388578        1.21623344171135     
   16.4984888726870       -1.12265557451652     
   16.3429175163408        9.30898304348781     
   16.4805983153710        6.54687893809186     
   16.4642626531387        8.21336894898933     
   16.1543481855255        12.6657635083901     
   16.3495687528026        13.1929658056825     
   16.5596403977546        3.38116078658695     
   16.6062409831173      -0.550482856611331     
   16.3204586964199        2.17017534738386     
   16.4531116156224        12.1026437103786     
   16.6199710614482       0.482616043130219     
   16.5184885915613        9.75274676741014     
   15.8889564331786        17.6602168009962     
   16.4866261021243        3.80522061442785     
   16.3343129979773        3.22104926104943     
   16.3486828806284        12.6420849901600     
   16.4903883124658        1.51777970162768     
   16.4828076908262        7.45478156528212     
   16.3925672051794        12.4672817253690     
   16.5192994027039        9.02059824885302     
   16.3827920626139        9.72679659783345     
   16.3800802718830        2.56786058159397     
   16.3348887445385        6.54691098297307     
   16.3584904133225        10.6639375828489     
   16.5408840952873        6.98669860224385     
   16.3447579231394        3.87254784471309     
   16.5580919866620        1.63148962237399     
   16.0552129123658        11.1217939854612     
   16.3689709286180        11.2351189795822     
   16.2054668200638        15.2443817082932     
   16.1391462370750        14.0240255908882     
   16.3181482848890        13.1752752685129     
   16.1296176269856        11.5448345060238     
   16.1997798918795        8.36970497118815     
   16.5045085584586        4.96697197248594     
   16.3718413375416        15.0017667446501     
   16.0399839122518        16.8134256070421     
   15.9422627596902        13.1481740328698     
   16.2670478444087        13.8913620553074     
   16.2848062018765        7.55799746417266     
   16.2118164297928        13.5052084045965     
   16.1470419743993        14.3387927693713     
   16.5955028373487       -21.6543418511212     
   16.1282086250633        12.9640557040235     
   16.3504691984239        7.20260689755301     
   16.4354263984930        6.14574144527169     
   16.1064299030685        6.03610524838272     
   16.1927486599943        10.9875769891022     
   16.3064940351572        16.7185066612164     
   16.2435293068789        14.1158207205446     
   16.4477346932174        8.20498652346765     
   16.2791456654349        14.0418051052126     
   16.3233815911413        15.9196264360462     
   16.2284509092245        6.14981802863149     
   16.0994960249820        21.5013617082065     
   16.2705820670881        9.94812616001243     
   16.2244579089942        12.9506705462478     
   16.5302319607220       -7.30857200885508     
   16.3779755627269        8.19230134381170     
   16.2517536428848        4.14059700323155     
   16.4646740565814        7.67173658857879     
   16.4132727931367        2.73638361243454     
   16.5440711120381        5.82828557643895     
   16.4533949777482        7.16730117809085     
   16.3045088809623        15.8808874765403     
   16.3790252493689        15.1675275940574     
   16.5007394402180       -1.54986845164078     
   16.5072362588045       -8.11323632908798     
   16.4216780625380        3.71074127359408     
   16.4555532844614        8.21588005325788     
   16.6531601007098       0.731928977902164     
   16.5352642803307        4.74008219532232     
   15.8256844827570        19.1630355419965     
   16.5378941087143        5.21590760197987     
   16.2967008170438        4.99793784611232     
   16.1827263401524        14.9284082880188     
   16.5208272666875       -4.95988022276669     
   16.4601728052740        8.52195099768904     
   16.4075700844756        4.15997107268735     
   16.5373032412122        6.52467494497178     
   16.2821826086802        10.6821989985375     
   16.4076369448302        13.5613810707182     
   16.3218294104499        12.9893304642941     
   16.4249803573208        16.5593546746504     
   16.5386843657168        4.30149198283074     
   16.4975741871356        9.09267159367410     
   16.4804234453462        4.98531218888957     
   16.4846158921697        1.44487133495859     
   16.2959934056141        10.2714706172052     
   16.3085731685411        4.63091739974727     
   16.3045084889585        11.8971326237314     
   16.1388064420918        18.3148233980862     
   16.0851978730744        13.7301064918860     
   16.3297166579528        7.28833899138202     
   16.3854707106265        9.73913851137909     
   16.2666934631413        12.3603055371609     
   16.1293138267391        15.6338267398880     
   16.1576541458186        11.7826743255663     
   16.2892862644061        6.25208802615087     
   16.2803799656751        9.47029625367721     
   16.1266781515822        14.5677377342789     
   16.2258841373186        18.2679539026672     
   16.6476858000865       -14.2449362439940     
   16.1163778294082        19.6557758186909     
   16.3247680468164        1.72312628153488     
   16.4707396728351        5.19114478618710     
   16.1028309439375        13.7840724909587     
   16.2646673672411        12.3714529102081     
   16.2751347558404        21.3026890411341     
   16.2743827919081        14.0401561525910     
   16.3892172620079        8.76080720724127     
   16.3655410676625        3.23027215751115     
   16.3092499917479        10.6320479915951     
   16.3140206948023        14.0828049491742     
   16.1927530962261        17.6707588644400     
   16.3695550184586        7.93316587709416     
   16.1867263078071        9.76726032422387     
   16.2660644227293        1.46830277247716     
   16.3948332073637        5.53103596917543     
   16.1950417016530        7.57901648658758     
   16.3641317482364        10.2976951667837     
   16.5545314791929       -10.6229644038680     
   16.6633740979191        3.66141737165837     
   16.2845276394965        1.90219177316723     
   16.3863484392299        13.3621907335155     
   16.3724768317254        12.2655989617105     
   16.5805250298625        3.96372510193187     
   16.5087012426471      -1.180149221576432E-002
   16.4931566760220        12.1013829180186     
   16.5194370847397        5.52409383424670     
   16.5497335250046        5.96418410017511     
   16.5213692334604        3.17590990839873     
   15.7157605825120        22.7368492906443     
   16.4680632376887        5.12483865926271     
   16.1789359282191        2.96709409945576     
   16.1695531472060        15.1988016867746     
   16.5874779956146        1.58004027728020     
   16.4656832276947        6.20264502030495     
   16.3546652325796        13.9396141454248     
   16.4862305547732        6.15733302885571     
   16.3364706418112        7.80409193269286     
   16.2628789733862        15.2328215457117     
   16.3095872036243        15.5722022942151     
   16.5115287612390        2.84640285157934     
   16.4669858795037        5.55084951888475     
   16.3122132866607        5.79241582382944     
   16.4640274671811        4.14343836192871     
   16.4844461265636       -6.27821661904553     
   16.1814595502004        6.61027310560001     
   16.3213746613808       0.296746282988854     
   16.4063620514557        7.46898008311837     
   15.9652360883857        17.2631540335416     
   16.1271746703473        12.9991080386571     
   16.3290756701195        4.09220210791002     
   16.3497229112095        12.5812131313785     
   16.2594355427556        13.2609935453162     
   16.1084193445183        10.6131997814979     
   16.1783397561998        10.5322332401080     
   16.2520569490943        8.58762652080253     
   16.0981113723259        11.4253335068825     
   16.0977630623681        8.99336740754663     
   16.0212743337898        20.9873006356005     
   16.7594028111510       -4.31716557022939     
   16.0684975510418        21.2425794191904     
   16.3806156251799        1.52586695800087     
   16.5663793198469        6.47593194632501     
   16.2238740349742        10.5503392031942     
   16.2636318684914        16.3764625055334     
   16.2948400674635        8.93926460638978     
   16.2485833342105        14.5792601030647     
   16.2722989339198        14.2769761160677     
   16.3723284074234        4.88091341495268     
   16.4897300072729        8.75361170346695     
   16.1956384762913        15.4853237247612     
   16.2203361534890        17.8905516172902     
   16.4246024566843        9.58355909358365     
   16.2125089241270        4.68853450858392     
   16.2458079032782        2.33112997279039     
   16.3810501623606        4.24934457648687     
   16.2285895427796        5.44538862403504     
   16.3430174614454        11.4326619154778     
   16.5927489251500       -4.32733438146166     
   16.5099191132389        3.15502813361959     
   16.3565938917894        6.72495367610098     
   16.4588083439013        6.60377716106116     
   16.3750168271318        8.39140428701448     
   16.5500726445159        9.28614153110551     
   16.4702610540054        10.1318268091649     
   16.3837075536275        10.9567311633494     
   16.6465795337533       6.124729843149357E-002
   16.4898818851562        8.58337934370742     
   16.4728860343422        6.11021537833135     
   15.7488305837388        18.3080184309330     
   16.4838918106530        11.9140358121700     
   16.1263362316088        15.4404093899491     
   16.1939242044314        10.7584891787644     
   16.5598978841779        9.03517435306567     
   16.2864675074272        9.81206996309882     
   16.3258397598575        20.6035767634037     
   16.4375925038901        8.82541439228590     
   16.3072980015880        9.40229723351023     
   16.2037389718351        13.1980756769302     
   16.1451696148510        12.6272452020013     
   16.4284292875069       -5.63075366044737     
   16.3604108810904        12.7771139851495     
   16.2798329896681        3.62545935079906     
   16.3681819427104        3.13990044063276     
   16.5070325630400       -7.86589194592964     
   16.2557257795787        5.25984548527347     
   16.3354040073126        7.15806101145061     
   16.3081092722443        14.7142052152242     
   16.0921024021873        19.5558935757837     
   16.0980298786008        13.2983647875956     
   16.5127787649883        1.84032905753048     
   16.2315413991724        14.0608474189160     
   16.3062147834318        12.4209200138049     
   16.1767055799537        13.1932404316538     
   16.3235213169087        13.0699861461381     
   16.3862027870636        13.6494033755803     
   16.1386867459551        12.7585229938344     
   16.2186787384376        11.5405027518905     
   16.1367758558311        18.6087175127964     
   16.7392664997101        8.79859673658551     
   16.1714734161889        9.95259503798905     
   16.4588747617539        10.9879002306858     
   16.4932226666913        6.66298770931834     
   16.2739905301770        3.91770376806270     
   16.4472401019876        8.42083429969910     
   16.4252049281079        1.96767896746859     
   16.2142797343712        14.9313377693481     
   16.3058350726886        15.0885648043418     
   16.5650968917591        9.82423262114304     
   16.5774991143453        2.78499458090202     
   16.3145152791601        13.0097365309491     
   16.3869047075745        13.9302707402732     
   16.5196727618122        3.67612825620626     
   16.3187123889147        6.77064998758908     
   16.1652955200051        4.41147225796342     
   16.3966339917345        7.00344289898803     
   16.3349711942827        7.90364157780670     
   16.4205064784641        5.85811456947511     
   16.6980629755233        4.88606488617846     
   16.4826411934756        4.84985920491678     
   16.2381387565855        9.57407950667625     
   16.4868889521783        5.76327734457342     
   16.3370406971553        9.44022214504054     
   16.5368642299345        3.48589518564538     
   16.3218998015649        13.1145260668570     
   16.2605037146398        1.61447969897675     
   16.6256322923600        1.00023816123347     
   16.3656314048183        4.39998638427170     
   16.5188115545129        13.3481507834565     
   15.8711464474631        22.6438412478722     
   16.3393300104698        14.4886583478089     
   16.1446491472352        15.2413004426592     
   16.1954118445895        14.7274403991448     
   16.4697565621083        8.56819527150970     
   16.1611721899871        13.0195534077046     
   16.1232490353792        21.3706755113008     
   16.5078013169344        9.64363440900628     
   16.4351106746618        10.6236400583017     
   16.1186411489643        15.4112496292639     
   16.1148795031385        8.96397516775886     
   16.4159721919356        8.81870306210059     
   16.3505206968362        10.9729556763924     
   16.1877598507869        4.68433043414533     
   16.3757378265355        5.91195037447713     
   16.5675662071177       9.387471293481475E-002
   16.2497423876297        6.32064573991344     
   16.3733564217367        7.72040731903616     
   16.3226424212632        12.7845331344431     
   16.0969318557171        9.73805468420341     
   16.1835707481707        14.7422963922208     
   16.3833767043865        1.02000694505026     
   16.1786307179440        11.8577758592548     
   16.3600846535298        10.4456412555333     
   16.1343120819496        13.6599181892698     
   16.3799836871209        15.2471074616700     
   16.3402866904860        13.0983343586327     
   16.0399606530935        17.0798286803879     
   16.2471864719630        22.1925147972986     
   16.0839192872534        20.2719720023230     
   16.4667870998787        7.82653611616487     
   16.2923633319570        14.1052342328337     
   16.3947798728854        11.6277727164193     
   16.3889105806664        7.12075919181685     
   16.4034105235044        7.58295839723504     
   16.5200123971072        1.23481529333452     
   16.5873722252223        9.87257794930408     
   16.2695564229347        15.7685742175646     
   16.2636171883315        14.6344392094614     
   16.5440681456112        3.39127213845081     
   16.5881962991434        1.64134037474212     
   16.3244451149833        3.17827584543021     
   16.4942697851085        4.77510113818205     
   16.5083323552499       0.612147930648188     
   16.3263476812636        7.45163666307326     
   16.0964675007854        3.03753750534631     
   16.4084364642877        8.87256391664089     
   16.2240820557329        2.02730886461098     
   16.3869177691828        6.32387556008463     
   16.6673138299111        8.34573033436800     
   16.4823981930929        1.63142496987169     
   16.4227944120708        8.76295949495741     
   16.4291656388259        6.48963675813111     
   16.3058330820649        9.26463004510850     
   16.4910727822353        1.52665938610719     
   16.3715047749821        6.14706957010941     
   16.3989689601617        10.1751581344944     
   16.6405393153581       0.458123509662207     
   16.3594095981360        11.8261211539593     
   16.4953521474342        9.23546087920074     
   16.3300961740980        20.2244813429753     
   16.2887609549186        12.3056184113129     
   16.2635046658853        11.9753300461448     
   16.2792349801127        16.7335877097966     
   16.3128637789993        9.87208989718150     
   15.9677505511705        12.7685446901500     
   16.2491194760244        9.77730878193323     
   16.3294534880619        12.6084771969732     
   16.2999413274464        12.3673241065756     
   16.0928248114142        16.6094313307598     
   16.1132444837215        13.2306067568587     
   16.3920870968911        14.3404338853945     
   16.2008570421588        11.0839443194156     
   16.1755721415108        5.55082827061959     
   16.2911547165841        7.42232959668646     
   16.6314805178170       0.630402939594550     
   16.2801179646508        10.2037938941289     
   16.3376811886094        10.1246577204820     
   16.3464135176836        4.12082470573372     
   16.0232634046540        15.5266347891013     
   16.1598534562199        15.9347182987926     
   16.3763050142651        11.0163072661024     
   16.2269691657227        8.44462031722743     
   16.3477756794073        8.51294042543029     
   16.2394560024647        13.9386272364713     
   16.2468819350791        16.5791399828622     
   16.2302312117479        12.2626673555324     
   16.0838847210552        17.4516986618631     
   16.2791453046602        20.1892052036999     
   16.1041804895630        19.4028419305967     
   16.2420415775090       0.693906127479671     
   16.3293068810330        11.2997033866254     
   16.2244280589619        4.20060260298385     
   16.3390869280162        10.0880011274526     
   16.6049265477481        6.43253302681250     
   16.6961980670773       -7.33759776160907     
   16.4299915876012        8.19005987988039     
   16.2793062054733        16.3643775764442     
   16.3446269231863        10.9500169874427     
   16.5568987986958       0.779012722155989     
   16.5501702479051       -1.18958778040808     
   16.4256079686754        5.00568449437309     
   16.5824421174062        1.13595957877228     
   16.5334865108740       -4.79154452137539     
   16.4483814523539        4.83425980192631     
   16.1053779832792       -2.05890095545093     
   16.4381669402779        7.41972612531452     
   16.2734866498093        5.09262169501027     
   16.2383663183175        9.42552927518315     
   16.6925395853395        1.93179043569181     
   16.4772425686601        10.2305892874190     
   16.3762443112970        1.02526378673927     
   16.5172529074108        5.49336252266341     
   16.3278434746580        10.7489537305569     
   16.4525530862445        10.0945214798257     
   16.3817530913383        11.3787100849719     
   16.4852302264379        14.1867701661035     
   16.5414190797585        8.25128502053435     
   16.4248022491391        14.1984449673364     
   16.5912005329523        6.66264139288963     
   16.4269339565988        11.3418740551428     
   16.3551265200594        6.20620549425190     
   16.3989837325569        10.6714390538558     
   16.3899024921357        9.89975223462774     
   16.0345233393491        12.9711316484144     
   16.0251951518242        14.4295732862280     
   16.3226015971700       -1.53177485924745     
   16.3126242173246        15.1242571641758     
   16.2911876113946        11.5709844070020     
   16.1541777780129        17.6417590778816     
   16.1739362190597        13.4959664979684     
   16.2976785836824        12.0769348767115     
   16.0347585060313        10.6067182357768     
   16.0951977286685        4.13706440701700     
   16.2102157279870        8.49976291875782     
   16.6152694726842       -8.01991694806613     
   16.0842454970028        14.4904650829627     
   16.3469525759194        1.27997295337431     
   16.4160546101189        1.72810521792449     
   16.0854725748012        18.0113842697957     
   16.2247140557038        12.4630173556785     
   16.3085161952666        13.9826009270845     
   16.3299094493366        10.7396107258664     
   16.2992087501108        10.3567011137499     
   16.2958609960614        7.98627048247422     
   16.3748104564296        10.3258303794491     
   16.1925234503536        9.22086980945896     
   16.1687048250719        16.7409286408100     
   16.1823503811723        10.3684905390225     
   16.0302805325019        16.7623723636009     
   16.2773012371616        8.86450057047108     
   16.3084789584969        8.43390245229680     
   16.2117827347448        14.2417720978525     
   16.3172605210628        20.0836726064685     
   16.6840703458746       -1.99893871012460     
   16.6407537906294       -1.61551180839275     
   16.2722560236421        9.84112932706572     
   16.3879413256269        11.3896885237715     
   16.4052145757156        5.93790042843597     
   16.5726361734118        4.50888807440375     
   16.4623266302743        5.30507681656650     
   16.3093231712318        13.9150198776342     
   16.6516073292603       0.721066076264968     
   16.5134496742703        1.95459827562407     
   16.5232444670768        4.32528742848387     
   16.0007365900509        10.7074876856716     
   16.4644457257373        2.44868961210868     
   16.2951534884474        14.6207428452702     
   16.3139627623801        6.85350759514980     
   16.5988923085536       -2.74730440367405     
   16.4094770246640        9.21209185018216     
   16.3653265052553        6.60210160765322     
   16.3875230183317        8.73773828216390     
   16.2813687319781        11.2461969563274     
   16.4025811301175        14.5897412356779     
   16.2752566212905        11.0063909915239     
   16.4974493078928        6.61666355889980     
   16.4517276054885        11.2792762021935     
   16.4018847620165        13.3582114086823     
   16.4791948332662        4.09432796536150     
   16.3944301803185       -2.27980586135159     
   16.3046009659552        9.08294356502735     
   16.3125076262244      -3.894498966048410E-002
   16.3321427580611        4.74512023254545     
   16.0308648846458        16.6584124238330     
   16.0272354612387        16.0854008813534     
   16.5168412263329        3.49133996573212     
   16.2104604383844        13.4962018434088     
   16.2357712288727        11.1017068621932     
   16.1543592379290        15.3266378348050     
   16.2165348882854        17.0310250892694     
   16.3102525293315       0.439780245553045     
   16.0292868150133        9.81206690569894     
   16.1906552578003        5.36327071004220     
   16.1369429548605        11.1720727120698     
   16.7023095700638       -6.90834280967039     
   16.1416911636001        16.4776003715652     
   16.3961627724101        9.26452125927511     
   16.4654667954726        7.54400269270899     
   16.1179162798287        15.3953526480882     
   16.4593441811521        5.52317500136833     
   16.3482730292710        8.41283575920252     
   16.2484277503131        13.7378090129198     
   16.2797916658685        16.7543529459594     
   16.4316561031585        3.60572985222036     
   16.4410354948763        2.32114023403753     
   16.1972554803557        16.3451900083064     
   16.3886395361647        14.6320233139234     
   16.3789109547335        7.09001728479491     
   16.1323847477783        13.9654817738560     
   16.4632734776224        10.4073346470591     
   16.2435986584906        5.57217314568590     
   16.3391443535410        12.9553462249864     
   16.4113071201834        12.5349812985705     
   16.5978097387896       -7.56244264626444     
   16.5998576840853        4.73138562194082     
   16.2860664515266        9.13126670624194     
   16.4289000636107        6.18542401813204     
   16.3510661209304        6.96310706310383     
   16.6500897194114        9.45728904175385     
   16.3690827894878        13.5314955716593     
   16.3770753047323        14.3573333796593     
   16.6397215471100       -2.22500867166333     
   16.5512923474881        6.93242072244217     
   16.5248370050140        6.82635799643567     
   16.1019585857119        16.1435932863614     
   16.4724440963722        7.66974821973140     
   16.1606071949560        8.83447624141037     
   16.2461064124362        5.19862026411959     
   16.5267174626375        5.24451177040180     
   16.2064131933359        10.1462307738849     
   16.2233235265794        14.2904814094395     
   16.4010039143626        11.9641027011557     
   16.3493411801017        14.5663954780816     
   16.2736761951571        12.2251678307184     
   16.1606803648907        7.71525849238446     
   16.3921949626031       -5.14147710936566     
   16.2446144678052        13.7392290769714     
   16.2729116720504        6.62884769851536     
   16.6429529818247      -0.559982791092124     
   16.2506013987341        1.05106568275000     
   16.3173263633451        7.58911852699306     
   16.3369501129082        6.09604839195200     
   16.3017624385575        12.9469839440040     
   16.0429744831223        14.2719882976748     
   16.1406018247291        14.6170791542037     
   16.3978341437249        5.72684862332499     
   16.2830264803400        11.7023875190645     
   16.2897208574739        11.3733658581039     
   16.0595590157467        13.0759048835938     
   16.2687082375392        13.8343834769907     
   16.4267397594118        8.41716918233198     
   16.0405494409163        13.9462400666190     
   16.2454495256876        11.3920085105635     
   16.0785586200129        14.9486284993537     
   16.6435213374218        1.29964985106022     
   16.1626895524570        16.6414329647374     
   16.4527435589747        14.6854301424595     
   16.4739635671324        10.9400250330769     
   16.2165920983563        6.83709711336286     
   16.5195095082081        4.79211914901506     
   16.4784538905575        4.87877992664764     
   16.2474848649259        15.7329202687093     
   16.3436360342908        13.2842958264024     
   16.5596869388735        5.92497096033284     
   16.4707994334628       0.477771371893819     
   16.2856064732486        14.0743369041025     
   16.4441529550238        9.30411266951323     
   16.5123524270647        7.19055392538656     
   16.2449385786894        11.6423237870236     
   16.4649868208567        1.39740522301160     
   16.3817528620018        7.68748791468949     
   16.3450515625170        2.75045020702909     
   16.4204993013807        4.42973743037330     
   16.7011457731605        5.16642378808166     
   16.4930893393972        4.22125372525192     
   16.3417239658520        7.69387318523971     
   16.4587335087925        4.31318551454700     
   16.2734845959655        8.67175297858125     
   16.6492710548214        6.91271391832725     
   16.3131733178560        18.3007697397161     
   16.3038229271880       0.194222606131762     
   16.6566554323640       -2.31368173403717     
   16.4407886723791        8.98548139835640     
   16.5277898178669        4.59547643743735     
   16.0593249122413        17.7559351662436     
   16.3624275870417        14.3358816190008     
   16.2054653687000        10.9378892832914     
   16.2374640196557        12.2483325952174     
   16.4785851932619        10.3916951939218     
   16.1122927225704        10.6796944597301     
   16.2007507533725        20.9319917073572     
   16.3182636773206        15.0799361303288     
   16.2857385008737        15.1238646383140     
   16.1457332827997        7.51036297713128     
   16.1283601233862        6.94437820179025     
   16.3989148816037        3.93733937422726     
   16.2836366615384        13.7305301983380     
   16.2006466672808        8.72870702572260     
   16.4061641374641        7.13806818445651     
   16.3068997850891       0.649610226670724     
   16.2803136038952        8.86722487561268     
   16.2084658300254        9.44951771562078     
   16.2863782954127        11.3906851154511     
   16.0714231648704        10.7620424054737     
   16.1770688214450        19.9330645334769     
   16.3141076546471        8.44578482036095     
   16.1722734734621        10.4044582950901     
   16.3781672001240        6.36681532865654     
   16.0778573930115        19.5774918300208     
   16.2308411143346        13.0711387082426     
   16.2810390543161        13.4449944316190     
   16.0480844600769        18.8213744736159     
   16.3163539698726        15.4025117663225     
   16.1381757192709        18.2330868516737     
   16.3764998132560        13.2415909287848     
   16.2736763645457        14.3599571573023     
   16.3136820818472        12.7895413646518     
   16.4004470101897        12.8039624900753     
   16.4373495365323        7.24326715233932     
   16.6668390723700       -4.24322380647080     
   16.5126764930741        4.63450927403149     
   16.2200561578833        14.2374900329164     
   16.2616068401189        12.0985179028504     
   16.6645675920887        5.17736087503926     
   16.5162476584532       0.251369069603731     
   16.3786761881039        4.75732010236444     
   16.5499525804665       0.374299775609375     
   16.6234559101050       0.333929093341764     
   16.2742784774882        7.13742255718247     
   16.3123788814868       0.748593068483476     
   16.4144942003721        8.37463458686027     
   16.3516649736395       -1.32114549832528     
   16.4053876924442        1.78896323894036     
   16.6770635182942        12.7831713655982     
   16.6025692568158        5.67190734166473     
   16.5197865457096        5.31114370244879     
   16.3885028242616        7.77820782943263     
   16.2497923274368        11.1673748608054     
   16.5496108329979       -2.25564332751821     
   16.3730929804649        15.7621090388085     
   16.2990313174329       -10.1555622551587     
   16.6168513246014        4.60063904278539     
   16.3527347747820        3.95084239341275     
   16.5615521661297        6.90749811754878     
   16.2937008867226        17.7792400132823     
   16.3419794175325        11.2477745461776     
   16.2582676683662        20.0963345915749     
   16.3265241719764        16.7207350543372     
   16.3216992065292        7.95160494828177     
   15.9968060404740        12.9847838119805     
   16.1520762699465        18.4104167290249     
   16.3691753631777        14.1960113565207     
   16.3582817750125        9.45685455016345     
   16.1549104882060        10.2970599874978     
   16.1666214061759        8.60588617819954     
   16.4782489036615        13.7488727579426     
   16.1514166075934        10.8780209780391     
   16.2225854877560        9.12876268930133     
   16.3655459183095        2.81078595656879     
   16.3914179950051        2.37095388959038     
   16.2095716359669        10.7430390623265     
   16.2638071143630        8.30004975483065     
   16.3792159163914        5.49648359555503     
   16.0801313063577        14.4775433213363     
   16.2115318796085        16.6524746694460     
   16.2611470646900        7.81067062473657     
   16.3139830228327        8.11477973234862     
   16.4013682180888        1.91484783911984     
   16.1321274770597        18.3897814204683     
   16.3564274088990        16.4824613668898     
   16.2021344475329        17.7455191042089     
   16.1247713027201        15.7258000592156     
   16.2674623163220        17.2108925226685     
   16.0416305265937        18.0556785231974     
   16.1952951683065       0.980110671620669     
   16.3101806148257        10.0713982488321     
   16.2448147532962        9.93563113875652     
   16.3019166900710        9.31716514090955     
   16.6540319240028        8.57072873813872     
   16.6660617835932      -0.398274994523711     
   16.4840897764644        8.09359419987621     
   16.4055005519332        14.9975198246422     
   16.3343612018077        11.9367733010828     
   16.5379582279567       -3.58993647221563     
   16.5545536511891        4.80890356262757     
   16.2072064461852      -0.957647436728927     
   16.5773942049727        3.53743722938000     
   16.5101335957739       -4.42216021889676     
   16.3593009528054        2.52583476600035     
   16.2637616361780      -0.574209546489839     
   16.4909387051925        4.73460814555066     
   16.3991584045957        7.13389718278316     
   16.2766674477780        7.79375814897639     
   16.6847548113596        9.65503518062671     
   16.4776910211597        8.41903681573691     
   16.4123797161130        7.26955985876310     
   16.3687153789753        8.82420909006215     
   16.3355426563724        12.2438938359804     
   16.4812129388396       -1.80252722268351     
   16.3303386686070        10.3036455597172     
   16.5686163565408        9.34119680728704     
   16.5690276179749        11.7936050333223     
   16.3928101817176        13.3620920921920     
   16.5078646437700        7.74637011274612     
   16.3057381675871        24.2171269138670     
   16.3627834541045        8.23035765007442     
   16.3370780606706        13.2885143582181     
   16.3724946564439        11.7593672644083     
   16.1601898100418        7.65941837594142     
   16.0159673010060        15.0214503497600     
   16.2715511091327        14.0073202702434     
   16.2275198787675        13.8005875246734     
   16.2897933935455        8.54608688406380     
   16.1741055594120        9.76514600163963     
   16.1641940744553        13.4479266581654     
   16.5663055150753        9.14584293408515     
   16.1912852197815        11.8771719747184     
   16.1488683015188        6.43909784049357     
   16.2294751727660        5.72918546198570     
   16.5507326688021       0.667799744747017     
   16.1715380491343        13.8892752994777     
   16.2719114662300        4.52585332603791     
   16.2826481759507        5.09414320154678     
   16.1614826230334        17.7280811408824     
   16.2139412984707        15.2135780128528     
   16.3230334337481        12.2800166623328     
   16.2947755436317        9.07536841477445     
   16.3178868237967        10.4050961888621     
   16.2533513378091        15.9741096764281     
   16.3902246493228        9.87763760091156     
   15.9844615179331        3.28922134270406     
   16.2908215621580        13.7906402866497     
   16.3552727343967        10.6565243719871     
   15.9913232189906        17.8010055468407     
   16.2351777086795        1.00049579369427     
   16.2545983253928        9.74519506266041     
   16.3099940318373        16.5755545749613     
   16.3128586443084        15.9830245512078     
   16.6402154267997        7.41296823751948     
   16.6391114041171       0.763897703325435     
   16.4627559193646        7.76664233093735     
   16.3971275497391        10.6988740364028     
   16.3661279676258        7.94935799783521     
   16.5332862406726       -3.18426863032401     
   16.4169674336505        6.05831843422331     
   16.3452795318937        13.6405451520557     
   16.6140472886255        7.52046560315211     
   16.5542767354255        1.56234698616796     
   16.4379929556156        3.30088727804523     
   16.0976011004028        1.49134676696746     
   16.4059918366952        2.12096435893199     
   16.2540399318111        10.6758898213885     
   16.3281248005695        8.09700779928980     
   16.5770597456269       -8.21585739786549     
   16.3550737939900        10.3833378688078     
   16.3529841045626        9.65882041744155     
   16.3507046026444        9.28236624213785     
   16.3786269055279        12.7159462104849     
   16.3956504968594        9.35681830858347     
   16.2181666153031        10.1055610990629     
   16.6281058924703        10.4825611103315     
   16.3429706414941        12.4547241340777     
   16.4272796954871        16.1598487375074     
   16.5791823937925        7.31013058307851     
   16.1982762062894        25.2410754375790     
   16.3547926201457        4.65608547214420     
   16.2450034476030        8.47272859259066     
   16.3009597926715        7.69826991669908     
   16.0952947098164        10.7855871763520     
   16.1221744084855        13.7655107670323     
   16.3319334483850        9.35333751882957     
   16.2206486140982        14.6597978896142     
   16.3341401093170        8.15813665269394     
   16.1016470962120        8.77110192466195     
   16.2981192922646        15.6873415835981     
   16.3831249453576       -2.97913296282146     
   16.1304582226842        13.2654380648854     
   16.2201589981692        7.17591807114591     
   16.2175586161228        5.51555622216512     
   16.3635463245591       -6.08462964282981     
   16.1507731165530        13.1859906358000     
   16.4669402066701        6.53229455606702     
   16.4254014507265        7.88941641043445     
   16.0879297651240        13.8718075405712     
   16.3787158923723        3.91278468838304     
   16.4679257601697        10.3757430672021     
   16.3581289234387        14.1599688618534     
   16.2708441860305        18.8985670425343     
   16.2593874397823        7.21874370991374     
   16.3958961589143       -1.55857017626384     
   16.1701299123009        14.7240219661487     
   16.3635838801138        11.0650951920849     
   16.4445912068159        8.59514071200577     
   16.0557717976308        23.3544967662084     
   16.3106947029741      -0.407255716600987     
   16.2342157190968        10.3731806005284     
   16.4275302778367        10.5185783742181     
   16.3363964837703        14.5073793381176     
   16.5871330376063        3.94453304369727     
   16.5204160838556        3.45482136028557     
   16.3658921787933        5.44784537383825     
   16.5489548194055        2.41941508105226     
   16.4249474011697        6.21353065903492     
   16.5195498396446      -0.653094820150713     
   16.3102273071702        12.6675920567887     
   16.2769906459532        15.9763622563543     
   16.6358860924665        7.16195912210448     
   16.5611849862673        8.25210620111416     
   16.5415193694460        2.81283590529542     
   16.3308678659710        2.97151641753461     
   16.4672292979629        9.14114847269735     
   16.1303541614171        13.7948324301023     
   16.3494683462775        5.27617814508361     
   16.5757679508616       -4.73416171082254     
   16.2217412190042        11.0140774165922     
   16.1947777689247        19.6917292127676     
   16.3559555833331        10.6236160066898     
   16.4037342610544        8.73309729773891     
   16.3638251038409        11.4729976861101     
   16.2044465043339        8.00909558659716     
   16.3592810116358       -2.46868843860702     
   16.4302236063198        7.86688477055992     
   16.2325650174299        12.4592065272797     
   16.4617723433059        7.67295573396194     
   16.0484413690745        25.3056336717479     
   16.4124461871509        8.53545904455302     
   16.3302033788067        7.99812471700323     
   16.2885610103934        10.3203345488711     
   16.2449425758989        15.8539413803133     
   16.0510945439824        11.9310293925065     
   16.3397162991925        6.71904079929755     
   16.2180246328261        15.0670260527278     
   16.2716078868100        6.56127026687674     
   16.0969000158525        16.2947613186362     
   16.2877449644180        13.1556089899545     
   16.4486166108560      -0.528342397950791     
   16.1938982697414        17.1718397182778     
   16.1310219976803       -1.64858802165254     
   16.0824717426715        7.19492671395547     
   16.4360364604592        1.05241601859607     
   16.2567330191967        12.5853379015626     
   16.5147803674490        10.4324240142402     
   16.3702485010951        13.7573584435723     
   16.0731655740820        16.3944904781088     
   16.5371712687974        5.49097809363017     
   16.5692619546899        1.69105568402803     
   16.2472677029146        13.4010870990019     
   16.1320585321491        21.5516413195433     
   16.4633286588111        2.65381179526213     
   16.4543645775848       0.682545192912773     
   16.1284741015639        17.5154651781099     
   16.3827629533111        9.65218744049215     
   16.6121056177884        9.54530363740309     
   16.2444172973855        13.3288902482715     
   16.5931390129257        9.89303974476048     
   16.3278127845537        9.77327163600435     
   16.3344672818967        1.06739104698285     
   16.3787027032389      -0.858310643067863     
   16.5439360802051       -2.47091875877884     
   16.5431447355182       -2.41252865265207     
   16.3977384790751        7.23802520733401     
   16.3775621919297        5.85034108721452     
   16.3188797019464        6.64767096557676     
   16.5617692172566        10.2723976226051     
   16.2791002572003        17.8295252585675     
   16.3546804260264      -5.456705358451419E-002
   16.4521615339294        10.1507700466917     
   16.5981087617999        2.61856902763955     
   16.4520046438723      -0.367905258794183     
   16.3707022875290        2.04617354995372     
   16.4326703101417        13.8189107406502     
   16.1088423393347        17.5810616460272     
   16.3552837530815        8.55722282919138     
   16.6058039284043       -1.55972197252084     
   16.0719055975998        17.5993457228923     
   16.0006893910624        23.5033110763713     
   16.3820231263904        9.01227372422300     
   16.4451010089586        5.73777313104407     
   16.1929713725180        6.67998256848317     
   16.1715933252378        8.19188026655228     
   16.4265365825677       -1.71030718951511     
   16.2973935392662        4.00145409971521     
   16.1158852859063        8.10981187523951     
   16.3463923896364        11.4383435254570     
   16.0653239038110        19.2307632609619     
   16.3255336923530        7.38656782399724     
   16.2575249020410        7.75572120360884     
   16.3072829144289        11.7131778947515     
   16.0157183956302        12.7796420025524     
   16.2199562924561        11.0101634683552     
   16.3290520926450        7.03960045267731     
   16.2693252603057        11.8978534242187     
   16.2983863734833        6.97077695583024     
   16.1594428256967        17.4292292265926     
   16.3919148433070        12.3705364615860     
   16.1926336435758        10.6840524043240     
   16.0267449901416        22.9043513139340     
   16.1725582473164        17.0215098881755     
   16.2016290585691        7.82506731798281     
   16.2953653615611        9.21746210419366     
   16.2228207510492        14.1291860304647     
   16.4062456287999        5.14913723716882     
   16.4567286934976        9.20405487239117     
   16.2375002638168        13.3420009524691     
   16.6582312516350        1.73506237188328     
   16.5254521659123        3.39142729731989     
   16.3710658090174        10.4739554781538     
   16.2240743875455        17.9242211799376     
   16.4018733410955        2.19748329132312     
   16.5023145492547        4.06008101042335     
   16.0910234913008        13.0941442190787     
   16.3611962418474        6.62287010909895     
   16.6954715968669        1.01825786662063     
   16.3460009974321        10.1252455217213     
   16.5618729025099        2.50720415171616     
   16.4166132330214        7.12049268186354     
   16.2963971148313        3.99554621585564     
   16.3834013794083        4.87144567009981     
   16.5701583054200       -5.13395429470728     
   16.4450445254819        2.83139898980798     
   16.2745678879376        7.00625092244057     
   16.4250737821766        10.9820040853858     
   16.3741504048322        6.82421693819650     
   16.4702386860245        11.8599379064798     
   16.2331852303396        18.9062116171685     
   16.4274028572366       -4.21860006308645     
   16.4821975253780        3.22720303226516     
   16.5328330961223       -4.14425584567898     
   16.6173750382930       -2.06482340262521     
   16.4170196735024       0.138786566012038     
   16.3748862002737        11.5716003876186     
   16.3004066560181        21.4236816214378     
   16.3588831417275        15.4793769138026     
   16.4511443845793        11.7080225812348     
   16.0639197279628        18.4869428712891     
   16.1144540689102        20.8165644181696     
   16.3809653237292        13.6284697328018     
   16.3782198808108        13.6693267146343     
   16.3429660352018        4.05286220118758     
   16.1993596695917        7.90090722032014     
   16.5980910357571        6.52658049894388     
   16.3187204953365        5.52243312660418     
   16.1917911143404        8.04786323144699     
   16.2974536402091        14.9453652395775     
   16.3947987342068        14.7969076991408     
   16.2257541013152        3.31958060056907     
   16.3404895454031        4.08544532689346     
   16.3928409875118        11.5918703244447     
   16.0683588633064        14.3453777938154     
   16.2855877825397        16.0933679682304     
   16.3217663568087        7.91451071589568     
   16.3431729826535        9.57928843703191     
   16.3172567062273        7.93007807548021     
   16.2115650317203        20.0892837833525     
   16.3959351461968        15.3882311352039     
   16.1579640678799        10.0806507026069     
   16.1458597174069        19.0015050395382     
   16.1573164411217        23.6455702705989     
   16.1150734519746        11.5513826636444     
   16.3535694177694        9.17553852895582     
   16.2297120830717        6.26557939345204     
   16.2271773297153        14.2166832117331     
   16.3518909081982        4.21158344885312     
   16.3465217481553        1.28047145803602     
   16.6148627586320       -4.39769148511631     
   16.5100403850575        6.88941191437240     
   16.4023020050949        9.80514600732194     
   16.3038680168214        13.0410134282893     
   16.4572763357533        1.72570185396714     
   16.4612687636358        3.53477718579823     
   16.0744452350147        13.6065097554183     
   16.4964999081204        2.23135535759902     
   16.4482780023355       -3.46039731379200     
   16.4567655197636        4.57586705381554     
   16.2917766333596        4.93136462971562     
   16.3194134683201        2.51114179868210     
   16.2766137958948        5.42585295467480     
   16.3466712485316        7.26768695861930     
   16.6928009332067       -2.04765932872282     
   16.4234933682251        8.95453979546076     
   16.3682504612084        6.93558996989695     
   16.2974543139013        12.6063292578043     
   16.3314497407284        12.0724239917390     
   16.3813836248577        9.15528727083228     
   16.2072775238862        15.3158159085218     
   16.6482711906721        2.06717265921517     
   16.3951785204826        6.81286297855337     
   16.5059740181920        6.12997935396166     
   16.5135183000209        3.62078628511554     
   16.5380305536162        6.71338565165583     
   16.3701647114847        6.93385705665689     
   16.3051319345510        19.2997499061554     
   16.2919217881465        12.2798994373428     
   16.2679185941227        12.0335956851636     
   15.9983369598109        15.6663545105699     
   16.2509968229123        15.1753110823346     
   16.2154765894983        16.1921375421084     
   16.3491665413730        11.0434941898697     
   16.2449020172741        2.41985164525030     
   16.1636966020676        11.0372726331399     
   16.6156979703067        9.85848165344006     
   16.0986013218567        8.42890469907038     
   16.1359776162457        4.05241621999839     
   16.2663377210126        10.6029929367132     
   16.4418885204015        6.48966166288571     
   16.2648983945045        5.77453169173604     
   16.3299206922693        1.28251664231124     
   16.3538289419820        7.11396804657727     
   15.9777076004279        16.0444037928385     
   16.3587593016568        9.01540741407976     
   16.3753830836246        8.32554985517381     
   16.3447591851356        5.65915658850515     
   16.3594598967796        9.83011564368889     
   16.2586833169551        20.3125666103287     
   16.4349624893867        11.4202223190695     
   16.1635129165752        10.5194546934068     
   16.2124415462167        15.5704191048052     
   16.1803459736196        15.7897202060594     
   16.1319811885114        17.7059596922380     
   16.2985435609004        3.91442777357419     
   16.0912312476247        11.0450282558180     
   16.3312456691409        20.1490809320085     
   16.3829967787594        4.52429087780402     
   16.4707073009442        3.60203653581753     
   16.5540542962069        1.09357002126784     
   16.3765178707048        10.4665486698695     
   16.4778668107474        9.50455235427424     
   16.4351229542324        9.60407789445644     
   16.4506248859048        1.19190647832156     
   16.3956535595247        3.49096129770730     
   16.1131961635026        15.9897349710530     
   16.5161622338734        1.85989829473917     
   16.5587585206130       -1.00792772198705     
   16.5043390528909        1.67902500867631     
   16.3740171698178        5.24033439020071     
   16.3868741818436        4.48961607582066     
   16.1935293988826        5.31232533165042     
   16.3854319992400        7.45050948481772     
   16.6117382339973        1.45167185083202     
   16.3141466094532        11.8876077553794     
   16.2283250952827        9.16568722776091     
   16.3644935652521        10.7317657289070     
   16.3804250921562        10.4858867511405     
   16.3014829493210        12.4469969448842     
   16.2079755871783        12.5570776666845     
   16.5157540386533        9.37449641852296     
   16.4720445213642        10.5567826447173     
   16.3408178249276        19.0468590333781     
   16.5651286261939        5.39757553114018     
   16.2845622643323        22.7903751980193     
   16.4570493472234        10.3507329533705     
   16.2995139715270        6.20660975505076     
   16.1863523591417        6.72447510005689     
   16.2274872157253        10.3926444917871     
   15.9822777145021        14.5276098200137     
   16.3676748833955        7.06979264032522     
   16.2275079751527        16.2330285556560     
   16.2340646357171        10.6774896184306     
   16.0815854783316        3.63952422070106     
   16.2917911044774        13.3556793283654     
   16.6282462868274       -2.22638166012996     
   16.1985891442503        11.8566318358565     
   16.2337353878944        3.67717716797245     
   16.2169959402633        6.47337073042550     
   16.3539046189784        2.50738849363686     
   16.2368645878305        8.49962096733943     
   16.4289029158285        3.41656366230401     
   16.3603011002037        5.08595359696306     
   16.0485026254434        18.4668245642315     
   16.3978423645241        4.27990350306952     
   16.4601601600565        1.91628844937762     
   16.3598077770451        11.3145016607384     
   16.2788815016622        13.9444630201049     
   16.3808614616027        12.7142269952734     
   16.4007112084243        6.87257994304469     
   16.2127150113921        3.69074588970074     
   16.3170718480275        13.9580842608093     
   16.4015968937365        8.46765750064464     
   16.2621371978536        15.4275906919580     
   16.5253872536061        4.35206484753288     
   16.2398082437538        13.5949945349316     
   16.2688176441011        21.4783326541019     
   16.4154357711611        9.72775896290369     
   16.5472024826313        3.26462283321250     
   16.5417634169271        3.30303964645704     
   16.3518756878049        11.6853196605620     
   16.4975664655485        7.11200475747223     
   16.4221525691599        4.60866317565838     
   16.4855803397925       -1.43744613906203     
   16.2737386439734        11.2256395903244     
   16.0985288776240        15.7995143182917     
   16.5817484058898        1.97865201018762     
   16.6014122277267        4.30255749078013     
   16.3955218163380       0.429486508286483     
   16.5141275640201        8.01346008124079     
   16.4418479851071        10.1777053861062     
   16.1693212522267        4.87746108772892     
   16.3097221412680        5.71622786564078     
   16.6072302952714        1.22400278765431     
   16.1535293106811        15.1617885666645     
   16.1128743042587        18.1046336300785     
   16.4504686291581        7.87968588623238     
   16.3091459013443        8.72214515035125     
   16.1783125844658        22.2971010456676     
   16.1483072037583        10.2473411480676     
   16.6321255205162        6.91394199512434     
   16.4536928633682        8.38141886190796     
   16.2916289366372        16.7187287646513     
   16.2734451973730        10.4703139577697     
   16.1582328262303        19.3177204565230     
   16.4603902146296        8.88770149343129     
   16.2995323202344        13.2596641655729     
   16.2632799794678        11.8089682970061     
   16.2853809669996        11.0625944880715     
   16.1429624508934        14.1075034876531     
   16.3662233111512        6.68405863016708     
   16.1885776338702        14.3760451759164     
   16.2893063877503        3.88433863587948     
   16.2244481493658        3.85639923756513     
   16.2912000022243        14.6816569512954     
   16.3988143228364       -8.86177275485074     
   16.1638906403506        15.6693371464505     
   16.2089104867807        9.67593578808000     
   16.2326983937898        4.76527590267603     
   16.2243984949105        4.62297268964649     
   16.2147220278891        9.75951829254790     
   16.4792801849091        6.26616041804496     
   16.3915059102827        8.68002790580745     
   16.1294141963208        16.7374127140704     
   16.5660478928921        1.22432879072128     
   16.5940183497492        2.29055248932367     
   16.2883761827008        11.2692546890733     
   16.2523221303595        18.1019014719160     
   16.3450814260513        6.44481899549233     
   16.4367213469068        2.91075583845473     
   16.1912502146480        12.7201432258020     
   16.2963993477673        7.69665495190682     
   16.5568606012062        8.29968898237989     
   16.2401619516601        15.9011539816667     
   16.5568917118389        13.1118513381937     
   16.2539932262367        10.0559201701290     
   16.3534048735857        9.71563692746076     
   16.4088140013393        13.4243546770675     
   16.4899015706617        1.50518483998487     
   16.4216519510101        7.51387399841675     
   16.2900101986425        7.68101917944621     
   16.5122006002340        8.74702630697035     
   16.3179037017163        6.34170135391877     
   16.4006589440263        3.38594278800946     
   16.1988439044543        19.6306633947642     
   16.2902464561142        17.1702732255018     
   16.4554646955247        9.48066636013450     
   16.6148470477272        3.09151541658430     
   16.4977854172468      -0.353549817628127     
   16.5667706950220       0.403548454501816     
   16.4796298892471        10.4226913711764     
   16.2526088155533        9.46046950126137     
   16.3612067643358        7.28373948884715     
   16.5352923471048        11.7213374675817     
   16.0617840082894        16.6851819039186     
   16.0167857447363        22.9027433538692     
   16.3999008865482        10.5428029143241     
   16.3851024973179        12.5713638254137     
   16.2755720624391        19.9424758915949     
   16.1071705832123        11.5262444039954     
   16.4503340792743       -6.91593519975338     
   16.4015675635282       0.559933243062869     
   16.2994573081665        2.97062259488861     
   16.2116779971683        19.8538565825150     
   16.0930050138156        15.6216503824165     
   16.2992174329930      -0.767065141786851     
   16.3783224994462        13.7915415450253     
   16.3528931565108        12.7725306214964     
   16.1736240319955        12.1308984575656     
   16.2253702875197        10.4170130633391     
   16.3586057507734        5.49539167507298     
   16.2734499737965        12.6634014323586     
   16.3202496770777        5.17047786467588     
   16.2307598647446        5.25675883507719     
   16.3805514251563        8.27192164912766     
   16.3769464426156        7.46816579364462     
   16.1883571811523        14.4660780061755     
   16.2011531530302        17.7099521323667     
   16.1819062642100        4.19605160026308     
   16.2975357747009        7.23408413896825     
   16.1788538770443        7.27416880307412     
   16.2797656289695        12.9198783375782     
   16.3999178730431        11.1577985773220     
   16.3813160048160        5.87958684479140     
   16.5956940816536       0.542718055801754     
   16.4990053592513        6.30251330490087     
   16.3782496991699        12.2166844563785     
   16.2183559430473        13.9236018447777     
   16.4748642914951        8.95295330824255     
   16.4177814449190        7.09041944940909     
   16.0238181901100        14.6496192009027     
   16.3741083540188        3.87611129087891     
   16.4536032641071        3.72474573870334     
   16.3915682325070        12.0556938611945     
   16.5685419060765        17.2513991120811     
   16.4046876922697        9.77405687308554     
   16.2863074089967        5.21771777232529     
   16.3370753636056        6.53908519863888     
   16.5955797759013        4.04699462905930     
   16.4482423585854        8.02458990649234     
   16.3592958034760        4.28838203782907     
   16.4515379351084        9.40713822644329     
   16.2386390074799        8.66572494856756     
   16.3974271211308        6.35978858093558     
   16.1275902019951        19.1184939989359     
   16.4768501500345        2.48771906745539     
   16.3562902069217        13.8709265314933     
   16.4930951753363       0.870178196700404     
   16.4249255783792        1.77773671682190     
   16.4417070293793       -2.90245451321027     
   16.4241163912488        7.75856022907931     
   16.2868427319152        18.4406402938723     
   16.3006930073874        4.68074911438627     
   16.3509654404337        15.3963044390541     
   16.0096500522336        16.5221766211831     
   16.1499672859275        21.0733023162765     
   16.3162382914531        11.5361904195868     
   16.3362970361389        14.2856586344338     
   16.3412650038946        10.2430390961847     
   16.1872984460668        11.0239905781014     
   16.6146923031311       -3.45012155616030     
   16.2763608214432        5.20677863851176     
   16.3672678419835        3.77587351539881     
   16.1573863784649        18.9909087774929     
   16.3716047548788        11.3338793962312     
   16.3604076067034        2.51557964915017     
   16.3045446878723        6.77363179683591     
   16.4192255806498        12.7605815227648     
   16.1050518174966        14.5120740520980     
   16.2985706294012        10.6920783730462     
   16.3731432445870        5.85896110415513     
   16.3016698238661        11.5736681373979     
   16.3961465763406        5.57150491320937     
   16.3015217483159        1.03638788888152     
   16.4536145722281        9.62805696276448     
   16.1922247702074        17.8492854287291     
   16.2456588094069        15.4422612235630     
   16.2590303685351        22.1417875654390     
   16.1239351328980        2.38905372461131     
   16.2704718074662        9.09377566990173     
   16.2259473002818        17.6162242225016     
   16.2613653139516        13.2098572987810     
   16.3813265494213        5.26652221460643     
   16.4831101752676       0.557673235081490     
   16.5535590197353        4.17757330175799     
   16.4414995032657        11.5043256753603     
   16.4008288951021        10.7137474712610     
   16.2447645192999        15.1448866768379     
   16.3855746959128        13.2974217646662     
   16.4093577911106        7.99395506185310     
   16.1392577687546        14.6501450945534     
   16.3762265747240        2.81436536629787     
   16.4284964028122        2.88890450834069     
   16.4438880672145        9.96958998597659     
   16.3199958175934        10.0360883971803     
   16.4315626862764        6.43100727172395     
   16.2473351196346        6.52008607120036     
   16.3501192977483        11.4878915317003     
   16.6520240638931        7.37792514944607     
   16.3171866635341        8.65253320219825     
   16.2504908105737        5.39017354197929     
   16.3858484700906        12.3537615882837     
   16.3348403114599        10.6467110371938     
   16.4851143963708        6.27519838154241     
   16.0658693399338        14.0635817563340     
   16.4669250132407       0.620681064846958     
   16.4321326496075        12.1450342822144     
   16.4123047982675        3.40103743090776     
   16.4815562697159       0.420302789414710     
   16.4226728237761       -2.73305790178686     
   16.3595970269740        6.24023374846720     
   16.4244574752044        13.8551002931509     
   16.3511291742080        12.1155989949862     
   16.2423474778532        10.8035788026817     
   16.1999088373500        14.9287981222690     
   16.3089071196801        13.7229533918474     
   16.2472983063519        12.1141113629132     
   16.3071264883576        12.8396430478786     
   16.2834336441510        3.20349833821360     
   16.3206476955847        11.0465967991400     
   16.6084399528373        9.19329787241930     
   16.1970958209386        7.99017385879031     
   16.3031315173076        4.11529593922462     
   16.1184183325546        15.9628958759595     
   16.4031393232177        17.6626176998715     
   16.3065845839432        9.16905674414876     
   16.3493343293786        4.42598217520114     
   16.3308028212686        9.32743357625369     
   16.0614175406703        8.40415334230103     
   16.2723413628026        7.36966745721550     
   16.4309789890940        6.98268809569789     
   16.3265716709020        14.7133676060491     
   16.3073831880785        8.77077117953578     
   16.3107976038020        10.7461422693894     
   16.5060539780010        4.07499474266576     
   16.2666137403330        6.39239912444882     
   16.2358718876737        17.1381586077911     
   16.2621175684810        12.9733138131535     
   16.2195988626603        3.26910741744503     
   16.5723219656911        5.29997417519381     
   16.3086484185088        17.2001614674884     
   16.2080009965117        22.1652487861367     
   16.3806020281345        6.51133511025749     
   16.5786327320441        4.72235186764541     
   16.4456746016433        9.45699537768169     
   16.2526174956552        13.0815935889788     
   16.4580442152187        7.36295968886653     
   16.3617637261237        5.81266832825370     
   16.5195116376803        4.78893517543503     
   16.2100413262776        13.6047000525461     
   16.1173529575193        17.5097102152144     
   16.4609999220737       0.602478606111471     
   16.5515766623769        1.12501860900518     
   16.4737701996226        7.96223681991953     
   16.3596501040473        2.80062900427136     
   16.3282659830926        7.49006235534613     
   16.2473308826630        6.69526109174736     
   16.4073829688775        12.4467952023846     
   16.6586422546387        5.50188776563738     
   16.3613156565812        8.26571797129421     
   16.2844114113459        9.35987249267669     
   16.4279629578259        12.8170628527629     
   16.3457999551444        9.81961867059839     
   16.3869445261624        9.77058686004260     
   16.1318424771772        12.6613638855852     
   16.5353318716991        6.78946973390920     
   16.3788850196427        17.8979090763492     
   16.3420208804338        6.60030989080497     
   16.4161809746517       0.692629791398804     
   16.3594795137736        12.8539684284494     
   16.4071068418621        8.12588677346080     
   16.3100520951367        11.8888449923157     
   16.2666094747918        13.0023884254491     
   16.4172938002486        8.79222770641522     
   16.1754685695805        14.5970546242734     
   16.4503777179865        10.5841384362438     
   16.2546094862720        13.2846792273957     
   16.2260281539968        3.53871802763199     
   16.3045456269827        4.47206637276873     
   16.3646452084435        8.42914396540140     
   16.5489191418396        11.2286105920757     
   16.2177693707800        7.12388276892175     
   16.3715703347517        10.2182545566580     
   16.0982967318830        18.0807268529705     
   16.1662553601169        12.2806313568223     
   16.3345062278590        9.66291225885312     
   16.4335756395431        5.74120721996969     
   16.3000088544180        7.51684965681700     
   16.0311376105120        15.3113173162623     
   16.4068473662091        6.49885018291751     
   16.5598449375685        3.85438265170683     
   16.2140413104931        16.4370688068324     
   16.2302161859295        6.58745820772626     
   16.3038262912472        19.4717986976230     
   16.4216077902045        5.91564641197736     
   16.3086203380673        5.59415260133700     
   16.1644243307905        14.7457300929397     
   16.4389621608253        11.0418514070620     
   16.3131788391206        7.46887830692455     
   16.4767332130445       -3.90110652648513     
   16.2853898849723        11.5205957920770     
   16.2837569005721        16.9472987584507     
   16.4935688860354        11.7081117566886     
   16.3854985676237        10.2590999434169     
   16.3790578742661        8.96239843150933     
   16.2713280743423        12.3031884013900     
   16.5326685673224        7.89526590832727     
   16.3556864978805        12.4878801831774     
   16.3409620538028        1.58615261439125     
   16.2211432965804        17.3789596815826     
   16.1729598456248        21.4981461501998     
   16.5366026130263        5.06469990991765     
   16.5658688001903      -0.107684741290862     
   16.5123996652964        3.21144163680458     
   16.6147417723947       4.519031986988864E-002
   16.3908550572262        6.17808756822573     
   16.2585075770402        10.1527361255925     
   16.4410965650330        9.34592747231024     
   16.6699967296544        7.69958739618989     
   16.2267456806620        5.89589410347226     
   16.1043295341209        18.8183352867182     
   16.5293202470661        7.97579890725999     
   16.5192251183108      -0.903765227396197     
   16.3342168929347        10.0591758806946     
   16.2081175084024        9.42637989690686     
   16.3761622560119        6.60302212866778     
   16.5418834730532        7.87368260376535     
   16.3563484109663        15.4740107845797     
   16.4097681420453        5.48294797857294     
   16.1921917822104        16.1136210457853     
   16.3788217397891        5.26441191943984     
   16.4719792673072        13.7179446905395     
   16.2445238377072        9.60202648184561     
   16.3641921473665        3.32544935777930     
   16.2351821445450        11.6283618939364     
   16.3693248940433        6.96527630472836     
   16.2373879180813        11.1844841818056     
   16.3196015600975        4.91449123487213     
   16.1993828158019        4.08435698981674     
   16.4061777014330        8.72836939276286     
   16.4098183916067        8.32025432784112     
   16.2338339911197        9.14230996805497     
   16.3010300042589        11.3438709531221     
   16.1493116413409        12.7167512309045     
   16.1402429794162        12.5584697442810     
   16.2341820848153        10.5263388195511     
   16.4081373369333        8.83137682602335     
   16.3011610679400        12.7443840346201     
   16.0788272968402        18.0918488017301     
   16.3766285437773       0.560900337282838     
   16.4686800172653        5.09928618006681     
   16.2661521216606        15.9030778302958     
   16.1990864392183        14.3186037933438     
   16.2907841999838        16.2100039109928     
   16.4107259461721        7.08911832917904     
   16.2559835468973        5.60058912528695     
   16.2724720786030        14.7574068563790     
   16.4179535932515        7.63643793511829     
   16.4141970827405        5.98823568130609     
   16.5758809202421      -3.226161736275390E-002
   16.3212504149772        6.20585404055924     
   16.2644029560118        8.77754109986173     
   16.4184180867974        12.9767566491689     
   16.4173297148060        11.5420283707757     
   16.4624222692620        8.02566606394566     
   16.3488386852485        6.47170612989384     
   16.5019977010718        7.21384056025005     
   16.2848909475225        13.8785379886937     
   16.4205827405717        1.48423164334746     
   16.1204970157726        19.5566089562934     
   16.2930361463134        19.6434370273372     
   16.4576290236120        11.6542981128920     
   16.4430422683917        6.60672477304993     
   16.6109813102950      -0.450053725558455     
   16.6988601805169        5.54081818731487     
   16.3366144371188        12.6088427647182     
   16.3094068227513        13.5197700711506     
   16.4307639895635      -0.347275124850874     
   16.5547634687542        5.88102686592400     
   16.2048579355323        11.0745697227839     
   16.1152622434251        22.6212254689298     
   16.3997070124084        4.86657081137681     
   16.3939775397138       0.821848693211354     
   16.3346232585583        22.5838111277425     
   16.1961838401364        8.42393278602501     
   16.5283371960345        1.02004726569920     
   16.3191886791234        5.05825410232514     
   16.3734646909378        12.3358499012496     
   16.2011469081716        18.4379967082077     
   16.2015092345172        12.3499714244726     
   16.3499098304853        3.44175058007941     
   16.3400445483095        9.09387711151281     
   16.2756825626570        12.9643166174065     
   16.2645472008392        5.63273366792941     
   16.2269120295597        15.0383650346752     
   16.3535489805115        5.64058867825485     
   16.1983978285683        12.4886397907337     
   16.4245354318029        7.29507316915254     
   16.1468670093908       0.820606895613691     
   16.5073393717176        9.17947278943901     
   16.2149013347305        12.8265710987644     
   16.2000651541117        11.9971571789077     
   16.2797836347006        14.5612408453356     
   16.1068582304618        6.03005548797221     
   16.0991316193488        14.8078707280465     
   16.1937310201066        12.7245155014433     
   16.3025129748082        9.73936900518790     
   16.2898133198752        13.6621752336545     
   16.2518728226189        15.7663221384838     
   16.5029303940190        4.65269641197931     
   16.4525143483901        6.29958986832824     
   16.3424795664620        12.5831179813159     
   16.1756904671982        16.3976289591553     
   16.3462686041829        16.2293463838534     
   16.4256774331536        6.00447565692022     
   16.1273977018956        5.58932080332762     
   16.3441005892333        10.1516303847574     
   16.4450623997594        7.37606587294324     
   16.4214891987306        6.72082103241314     
   16.5431130146688        12.2967014788892     
   16.3719095480991        9.03327502056545     
   16.2999995497548        8.66235584272350     
   16.4689135028414        8.02914862786753     
   16.5740793386756        4.10896044543359     
   16.4424281092908        6.09844374364689     
   16.2724641469519        5.23163458908460     
   16.5020290175513        3.04144195026348     
   16.2476758535453        10.6297639390128     
   16.3997312605522        1.49893029272870     
   16.0980112080096        17.7035674964760     
   16.4242857972018        12.1155263282463     
   16.4424441953662        6.68540682217204     
   16.4329897529011        12.7543437272815     
   16.6206981977089       0.808045943376875     
   16.5580562697672        1.14833526024157     
   16.3524810555958        12.2592414772899     
   16.4359480362691        16.0457527897811     
   16.3644702314871        2.60379230712390     
   16.2435500340820        1.14952204826377     
   16.2268798946421        13.8195203119461     
   16.1511952184798        21.2494544788497     
   16.3793820972759        10.0610523921814     
   16.4595628555018        7.23103352799889     
   16.2421328960706        16.7833597061578     
   16.2836540083667        11.5232713612005     
   16.5488664217866       -3.01140958186890     
   16.2851798457054        4.89758361697191     
   16.3801865173572        4.96123349724172     
   16.1489882824477        21.3011628832192     
   16.1731153343949        5.63827606873197     
   16.3532447933746        4.75770429005725     
   16.4428852352768        6.52387982269363     
   16.3550809693581        12.7309634226905     
   16.1556600692944        13.6554793967877     
   16.2160495272635        13.0390978865652     
   16.3645288296096        3.97888453975360     
   16.2862762942950        14.6601034524336     
   16.3801066089337        9.53637981281673     
   16.1414110911415        3.05035635003341     
   16.5602222188974        5.19144592711598     
   16.2201762731696        15.6697408440119     
   16.2422468430470        14.9898332212587     
   16.4048948368715        10.1263261584458     
   16.0835507948940        6.04659881056540     
   16.2449819348817        16.9234228326102     
   16.3051758366049        15.9192581858376     
   16.2805288298652        16.0113261679102     
   16.2790231925839        13.0677931957535     
   16.4166069128183        11.2521193773665     
   16.4479399809543        9.88405352311575     
   16.2961148712362        14.9450257152313     
   16.4224137226278        5.18193478463347     
   16.2676616775799        8.20547468216852     
   16.3219725912793        14.8531420120807     
   16.3485520175711        7.90573175135496     
   16.2396830448998        12.7392352455905     
   16.5130154572751        4.57656891281690     
   16.3613730265652        3.98936994748563     
   16.6108666501218        5.02762109534352     
   16.5109391080018        8.62906426662446     
   16.3575079585984        10.2913336089027     
   16.3219397052626        10.6917193275446     
   16.4081887704032        5.76360102065088     
   16.6095916876031      -0.689466802275416     
   16.4707536954393        2.64008714270707     
   16.3262074254628        5.39436415137219     
   16.3878734304809        9.63834228851641     
   16.3201057262238        11.8658257540613     
   16.5038689590568        2.04255304538616     
   16.0595296789162        14.3112183633688     
   16.4827906397225        1.16559319425474     
   16.4140920344700        2.92797556417969     
   16.3194218982597        11.0031645895789     
   16.5703071901113       0.503546497296755     
   16.3201951737550        3.15466019341333     
   16.3500180246271        11.0932510446073     
   16.3628859993972        10.9193308595028     
   16.4704298782644        9.03380876012313     
   16.4424613934076        8.94803058720180     
   16.2312802658887        15.8694933419733     
   16.3531589450923        13.8934689049031     
   16.2711872086785        11.4709517140769     
   16.3075118124818        12.1513836990559     
   16.1983170850616        17.7962022529408     
   16.3385651792762        14.0297923862331     
   16.5263455184475        2.45562392126156     
   16.2040410703442        11.6143827736051     
   16.4360391985896        6.29230216102908     
   16.0809816038464        22.5598206611572     
   16.2553248178246        10.9825355782072     
   16.3668567012713        7.41829376010946     
   16.3287703867567        7.84868132386637     
   16.2252242155133        16.3943972596891     
   16.0919489651639        15.4938708302692     
   16.2902973205641        10.9516772130695     
   16.3532877419880        7.23842244944262     
   16.2401807559491        15.2003329736414     
   16.2884868596201        4.94388469496850     
   16.2615859207866        4.25888765792837     
   16.5045711372255        1.66553628852045     
   16.2823452023908        15.0600289724171     
   16.1980376968939        19.2055913619951     
   16.4369556607396        11.2589918582448     
   16.1021469221257        7.28077535901140     
   16.5000171366429        9.51201961773494     
   16.2387892723660        14.2207352981866     
   16.1838610643501        17.7600954564924     
   16.4225420798903        7.54030977312996     
   16.3519640814069        12.0919197660917     
   16.4580784262347        8.73089124972049     
   16.2933759580764        15.7970625651531     
   16.5410546559058       0.899432179246419     
   16.3908111760552        9.51134756976493     
   16.5006040024914        15.5933787147964     
   16.3146527290417        16.2193251881735     
   16.2345765189425        11.4153577123018     
   16.4977225831985       0.570231168743225     
   16.4400359968816        8.12925516704149     
   16.4382723922665        10.5712344896131     
   16.3445971318813      -0.220715098116155     
   16.2905481432595        10.7579080874925     
   16.2380237174906        13.0220925669904     
   16.4134781288964        9.73875373914077     
   16.6154078112011      -0.737046587433031     
   16.3543444144551        4.77154797883679     
   16.2458243386186        8.36494631838985     
   16.5388580632468        12.9381486711091     
   16.4127098298327        6.08402843486265     
   16.5090222006059        1.19656650013048     
   16.1934781518641        9.08899324243540     
   16.3048499329644        1.70555436960644     
   16.4876904959404        12.3800952202222     
   16.2956150923774        10.6851005733908     
   16.4609963084245      -0.542992416255124     
   16.2778391699405        13.6085918263456     
   16.4115348540800        3.55848794555617     
   16.4722684313317        5.98252704124669     
   16.3943830229144        10.9764492603591     
   16.4450316324906        9.36780563787890     
   16.2103307646720        18.5879325997879     
   16.4202300654529        9.44863708854184     
   16.2176483608640        11.1414081520709     
   16.2051359181982        3.20563747007867     
   16.2028881592522        16.2938246282765     
   16.4168060894630        14.2496427533985     
   16.4436060753152        12.6666602568965     
   16.2271823455813        11.3313757082094     
   16.4172730856240        8.58978933162260     
   16.0691541486409        22.5560899708299     
   16.2325329572077        16.2719470122987     
   16.2915563371679        11.2262653050087     
   16.4302939189529        7.73070298124849     
   16.2322413165883        13.5497913250091     
   16.0299475685902        16.5469525416871     
   16.3432767708228        8.84941309916294     
   16.4483387325434        7.14817104183821     
   16.1964410402370        13.8756694476456     
   16.2881080804960        10.7801123941299     
   16.1964681583765        6.35276384918313     
   16.4793315090675        4.61234649255515     
   16.3728047305899        4.21532231081349     
   16.2849857074141        13.3523309012105     
   16.4033986607961        7.95385964649114     
   16.2936713553199        7.12888040361021     
   16.4758982233399       -4.52149154327788     
   16.2938520704913        8.99780667216085     
   16.1506488334216        17.6511976833993     
   16.3617024726906        10.2855231498386     
   16.3290644879615        13.5105277759276     
   16.3823874534322        3.86418163345255     
   16.2625364009235        8.55514180627575     
   16.4864408127275        6.97899307853217     
   16.3496924018997        11.9813210171783     
   16.5260324255929        5.51309530375059     
   16.1225665996547        21.0501926865080     
   16.1999045721244        5.50739503850282     
   16.5972120066648        2.92054863797584     
   16.4735191895932        5.22112683990422     
   16.4853528442894       -3.05623770089732     
   16.5229368285142        7.71485512437925     
   16.2718296782725        9.10013237151233     
   16.2799824184199        9.80968850767406     
   16.5492413309552        4.31607935745252     
   16.6397512841227       0.772145928211748     
   16.2950259020986        11.2026213144825     
   16.2569163886314        15.5139873577589     
   16.4456428056102        9.98748746523133     
   16.4032217884026      -0.220158331928986     
   16.4802143336167        1.24442355210711     
   16.1962678287688        6.89171201413132     
   16.4479989372225        6.38927616108551     
   16.3391680542141        15.8104802119105     
   16.3176997539990        11.9953768399213     
   16.4224305468927        7.41889869707125     
   16.1710480628665        11.8279473305502     
   16.3812225409440       -1.20113300984332     
   16.3964574685414        8.31857784066970     
   16.3109084702835        9.73271993905942     
   16.4185407600268        3.47882179501353     
   16.1701765272915        17.2897026714129     
   16.3225854779805        7.63176594003900     
   16.1556474739567        8.96436371671250     
   16.3531739109478        11.6222330082204     
   16.2119025882368        16.7804984006714     
   16.5157266047406        10.4110053803380     
   16.3009217156456        21.3415444172927     
   16.1997471133595        8.51517799269118     
   16.3630137158183        8.56138230403071     
   16.1212767157792        17.5641926057186     
   16.1321765282046        11.2433017234553     
   16.3174067036325        12.8317179450331     
   16.3005618797240        11.8066483076889     
   16.1939183891315        15.3183668908881     
   16.1695769006316        15.8456773613755     
   16.4588726188834        3.57953542696004     
   16.4725852558648        2.69301503878787     
   16.1918099903085        19.2103179405173     
   16.2379927893707        11.2648793666876     
   16.4228162476235        7.45874519000548     
   16.4430800281582        4.12073489517432     
   16.1559269512717        2.05267322466540     
   16.3252362974947        12.8659394581353     
   16.4561591446033        11.5998948166036     
   16.3766451791255        3.67062836760186     
   16.4996720583321      -0.496759338325556     
   16.1328912092148        9.83771899197501     
   16.1589406612982        10.8113830944304     
   16.3893761778974        12.1081627327129     
   16.3780886443002        10.8814975519042     
   16.4344876015149        8.95802676086324     
   16.3723086038294        5.40484722121737     
   16.5040340452421        7.16897291114049     
   16.2317915383717        17.4160832469444     
   16.5386012688592       0.348433685420069     
   16.0233222216492        19.6758066202272     
   16.4687543509438        7.46718425023611     
   16.4637910451766        10.0224170891163     
   16.3938826494211        2.70346732901490     
   16.5542988812541        2.56322962456179     
   16.5865101935521        13.8487790062544     
   16.3628171981678        11.8548015951292     
   16.3315006869034        11.6252484816196     
   16.4933417625029        2.41144491676853     
   16.4063593189495        3.09407953462253     
   16.2205433895411        14.6434106357111     
   16.1806811598932        22.0644005245612     
   16.4482390817034        10.9902549765197     
   16.4813909955529        3.08615087653128     
   16.4356442571017        12.0986707214602     
   16.2318796486471        8.08772737177506     
   16.4188323773523        4.17045217865044     
   16.3908412282109        9.72130825095796     
   16.3815216727372        10.4882979275096     
   16.2683863553037        14.9890632818912     
   16.2388155259361        7.03869687278255     
   16.4214067612220        1.57395700473540     
   16.4610719597397        5.74924889560363     
   16.3518680813808        8.95198271984233     
   16.2941085973512        7.35834298749541     
   16.2184882286603        14.2728657720283     
   16.2943970214316        3.87747365558238     
   16.2833431159105        6.60704774595738     
   16.4125970458716        13.0354944704155     
   16.1630622790102        10.9799939271635     
   16.5962594422696        1.47608756482264     
   16.0594592799364        16.9501446399855     
   16.2448983139462        9.81618000910117     
   16.3720982252861        7.83769851553374     
   16.0060271446645        15.7250098329128     
   16.1139979285041        17.6814890793823     
   16.2818883295027        16.5524762943799     
   16.1982576583343        14.8688724691832     
   16.1591076273524        14.4653107455660     
   16.2964905525319        16.1082352079904     
   16.4233387540230        10.9393282318779     
   16.3955770988846        11.4842566761810     
   16.3806307531357        14.1725998528965     
   16.2275802615180        10.0516769217240     
   16.4281498718577        3.52225824524276     
   16.4086130010024        2.31594885277746     
   16.2322494419367        4.81176573608818     
   16.5192762194053        9.98059138512312     
   16.3681663857538        5.68182326605244     
   16.5170412476351        4.49139199275355     
   16.6380304741286        5.18534414610650     
   16.3158930981221        7.30540022991264     
   16.3092332841254        10.6019492495922     
   16.4018186600172        12.2010864497079     
   16.4962021065198        3.05937829954840     
   16.4984356994594        6.66351634454492     
   16.4081796490614        2.95682361764574     
   16.3742048717795        7.89616209276536     
   16.2837850779686        15.6172529395585     
   16.6186813833365        1.42507933977265     
   15.9771208480131        19.9021722581840     
   16.4592450501191        15.2531152446756     
   16.3817751430871        7.83499351687496     
   16.4245223895355        11.3357446890555     
   16.7779374784973      -5.571130476939690E-002
   16.4375269133736        14.2542198735713     
   16.3728841366953        15.5237910164223     
   16.4368944383647        4.95774330007159     
   16.4807911067621        1.85560062784642     
   16.2955997815845        11.2675670204960     
   16.2153032575922        16.0679892937255     
   16.2117282613672        19.7516728641421     
   16.2634519590776        14.6867297146571     
   16.3955467999059        6.13335306333509     
   16.2212907292364        19.9850666912757     
   16.2900312361016        10.9068845432517     
   16.4330199463339       -4.39988427824661     
   16.1848589362371        12.3495109457182     
   16.3850556391966        11.1526975373986     
   16.2770236393789        13.5972833859278     
   16.1880397149147        5.42687057482703     
   16.4678604082167        6.07851437923727     
   16.3225350539062        9.20305451297095     
   16.3967825412528        14.9313702086859     
   16.2664861214907        11.1354917711390     
   16.2406358582160        15.9203536095302     
   16.2824391828696        6.07129955895613     
   16.2630516774239        10.1636790805774     
   16.3646102493053        9.70978489217646     
   16.1871701428983        4.61809972017940     
   16.5862525239973      -0.460298244912185     
   16.1691436514868        15.4758933875760     
   16.3479479306274        12.2583423950834     
   16.4156729481151        7.78238958230623     
   16.0064498916898        13.2319669328271     
   16.3348888854413        15.6870263097615     
   16.2480204444677        13.6731516442673     
   16.0732081107384        14.9994423354489     
   16.2784884819616        10.5750904127903     
   16.3363197131515        15.4723352682326     
   16.5179097202616        4.12227629310046     
   16.3679778321279        13.7774248735322     
   16.3873416422863        5.95256885349726     
   16.3196469197181        8.13414142255792     
   16.5190689568992        6.59175456572726     
   16.3711825905014        6.21894442607708     
   16.2351557751532        7.18547984696413     
   16.4587145498987        5.64666126874669     
   16.3962187006484        12.0262121474736     
   16.5119305516348        11.1633711310904     
   16.4238850590273        6.16901621757692     
   16.2838502054280        12.5782127585127     
   16.2996356735123        12.2619910645698     
   16.4478133405911        7.14798972093471     
   16.4843353730473       -6.51187020899308     
   16.3813847047932        7.14450681992824     
   16.3607049869705        1.71220757306138     
   16.4458844404808        8.32926220984616     
   16.2959248893177        11.7565992328491     
   16.5823582609583        3.13061886176385     
   15.9868065217551        15.1448578949332     
   16.2247315819025        4.30820115194608     
   16.4179454670649        6.28863672730266     
   16.4076543286874        8.92728138742982     
   16.6348887723696       -1.67246248902379     
   16.2989999304218        9.97889715156582     
   16.4941699672019        4.32273930477973     
   16.5142723139168        2.53148932179942     
   16.4717840782525        7.80494500546509     
   16.3681101598011        14.9324725307504     
   16.1964011681000        13.9271967884317     
   16.3209095057477        14.5137258573799     
   16.2614729464326        16.8027687604885     
   16.2677325398136        6.76539591758500     
   16.1909812691746        15.1501631191758     
   16.3824276275159        9.42037360736064     
   16.3821569832600       -3.21698971644413     
   16.2409253831539        12.9483974653693     
   16.2868232038842        9.75884110147731     
   16.2375595028596        10.0115500048533     
   16.3231264621973        6.36929268341793     
   16.2653688541185        7.90110267898805     
   16.3223721597912        11.3332768612815     
   16.2360953564349        15.9942119315583     
   16.0167687587715        13.2563662947878     
   16.3166389791543        11.7986859682751     
   16.3137160308149        4.22691179951716     
   16.2636304015710        11.3539493950852     
   16.3153292073887        7.48879501210543     
   16.1093102755080        7.55829808400217     
   16.5771888595623      -0.254608247794886     
   16.3010640173166        13.8500553156518     
   16.2658019098057        16.2485922078692     
   16.3854744882821        8.50299744175370     
   16.1100372180275        11.1757544138139     
   16.4518653811739        12.5304984042079     
   16.2224264571761        11.4832198074926     
   16.1061648820308        15.8610744835425     
   16.3339832382428        6.38583796169729     
   16.1910663699610        10.2956732898081     
   16.3918859029310        3.29543943945882     
   16.3095545328400        16.7650638817679     
   16.5554977474070        4.55900093585924     
   16.3731369217035        10.2686727858472     
   16.5245061666340        5.30506004411475     
   16.1247142337087        14.3618489959270     
   16.1233413988210        2.58099890492667     
   16.5694926518732        1.09511262020013     
   16.4658816363684        6.36795982744693     
   16.5085176868011        8.15396479703308     
   16.4193881866586      -5.448240973026142E-002
   16.3665692489867        12.0848829439531     
   16.3111308470022        8.16501031839072     
   16.5036696628105       -1.05825474663083     
   16.6205991246806       -2.36158971681296     
   16.2965957233016        11.1847959507092     
   16.4082271262732        5.64179673167023     
   16.4857522127478        9.27005576995649     
   16.3515988138346        5.07611645566006     
   16.6352910989795       0.309594486385379     
   16.1067358986608        9.22974843666502     
   16.2681988508000        11.8419162965820     
   16.4371214644150        9.85515429138460     
   16.2766836435878        6.77796803102272     
   16.5831895771032       -1.88171444170915     
   16.1894574939807        16.3299625004957     
   16.3758541719891       -1.41431312659475     
   16.4979786299740        2.83030954392627     
   16.3545550417444        11.9810178913466     
   16.5395541897647        11.6516934047891     
   16.2731911617637        11.4860678976622     
   16.3952436228356        11.3904632021884     
   16.2942008580933        10.5472872928427     
   16.2249948971097        12.4723539681051     
   16.1294696004366        11.6872856530231     
   16.5201187503355        4.07691646479484     
   16.4412062593273        4.55455773840350     
   16.1505482136538        13.0111025337481     
   16.3508406480683        13.4604382438085     
   16.1710514912885        15.1167806406146     
   16.2270466625279        13.6363647492024     
   16.3196737465988        12.5298223862075     
   16.2711849237474        13.4970684352809     
   16.1416744133771        13.0254994634979     
   16.1588043194602        13.2076005492359     
   16.3971031504791        7.23862882709434     
   16.4803272035424        6.10975213178655     
   16.1644636796784        11.9627980852401     
   16.3322063260383        6.83216079535839     
   16.1655740700861        8.99554060928802     
   16.4294176406075        3.22987854862458     
   16.2735314648063        13.9841751614292     
   16.2480093324644        12.5890029848279     
   16.4005310977502        13.0985337538739     
   16.2045199642267        11.8610282188801     
   16.4605717489821       0.944884585208114     
   16.2090355543049        10.1457245655439     
   16.1511494572679        12.8007299483675     
   16.3576833755950        5.97385704392651     
   16.2474170611264        9.13684799315976     
   16.4503727156387       -1.46679948555381     
   16.4109771500614        10.4985677043032     
   16.4325540062762        10.5527078024991     
   16.3113933866031        18.0313824187642     
   16.5455257758320        11.8717009540864     
   15.9865031909685        19.0220377922028     
   16.2750193178414        1.84666531622080     
   16.5076202306723        5.22111894360598     
   16.5303226850241        3.94737950744643     
   16.4413007611443        4.36967711296979     
   16.4882504073864        2.98825944088496     
   16.3189366143651        8.86171030502305     
   16.2949999891559        9.45942563703646     
   16.5463735571089        2.52019854482957     
   16.5123250744418        11.3496067411284     
   16.2831954364078        20.4450219105264     
   16.1919422872101        16.0732856849695     
   16.5560799928699        3.64466712733121     
   16.3973845629108        1.39654751582636     
   16.5224505605049       -4.48287903606147     
   16.2503911292757        5.21167353404527     
   16.3671746340558        14.5097123919311     
   16.4651425767266        9.91551218470701     
   16.2835529103945        5.76980426826576     
   16.5361957534053        3.98929617531125     
   16.2834916363163        13.6805626028868     
   16.4807553265600      -0.418123252302245     
   16.4406106693342        7.23895198466494     
   16.4002723577197        4.99077391103043     
   16.4492104857309        3.83833126275351     
   16.2915621248536        11.6873233250088     
   16.3043141975423        8.32365714035516     
   16.3673766111412        7.59377540013111     
   16.3677374350526        9.81989457993982     
   16.1659357807867        18.7321196292048     
   16.5905595228686       -4.56560537929238     
   16.2816950800022        6.81351713684313     
   16.2634458159309        10.3919405943797     
   16.2843861111295        15.9465965058461     
   16.2360654667205        16.9194710714682     
   16.0961788134389        18.5168208093335     
   16.2227337386602        19.4794077693796     
   16.3244900626173        11.2366337775019     
   16.0786588618617        13.4758250631874     
   16.1435966782220        10.7802679774526     
   16.4018645132861        1.64782962552450     
   16.5177325744045        3.06300763969123     
   16.2446789864312        11.4451189863086     
   16.2011681904302        10.7887375081554     
   16.2863951263497        11.3557053936859     
   16.2837844864436        1.70342426650648     
   16.2859030024054        8.70414858155793     
   16.3107609890132        11.4264732713182     
   16.3657618599199        4.66586111181896     
   16.2609050242176        9.80122409501386     
   16.4481256195210        1.47215250847861     
   16.1812383404541        5.27642332026115     
   16.2019200778550        9.04797453403219     
   16.3084793041254        13.3380671813173     
   16.2838769592552        9.31896040122090     
   16.4970091671321        4.29401745347795     
   16.3854655388548       -2.75943788688946     
   16.4242024615310        8.87170746190700     
   16.2860527026932        18.3458182803946     
   16.5218079448351       -1.89807675123215     
   15.7933572299763        22.7344604234621     
   16.4462788133003        6.50231496593157     
   16.4437013650419        3.87550416290416     
   16.4162383707592        4.43728042383930     
   16.6580803932305       -1.08425096038427     
   16.5591169138754        10.6692894118095     
   16.3752719835296        8.85888362847231     
   16.4723035090853        11.9363185485816     
   16.6023431119215        6.08067515123839     
   16.4094623666960        13.3594179990707     
   16.2492836818825        16.8393900429177     
   16.1055072692152        16.2580446816630     
   16.4699423148962        6.61203277401660     
   16.4169725533176        4.65532219179673     
   16.3899578827233        4.79439156097031     
   16.3497815159228       0.515755006697349     
   16.4965427406984        7.81040599846914     
   16.2815586255960        7.78860602851376     
   16.3694888115810        10.7611310530358     
   16.4660829614884        5.42061933364633     
   16.2374847383326        5.82537420969703     
   16.4077210242898        5.63937057954628     
   16.4401480995402        8.18209728054560     
   16.3390175898568        2.55924604399294     
   16.3666519858660        3.82714615931773     
   16.2472893686796        12.1038135531647     
   16.2962178445202        7.91042724147505     
   16.4056830117881        6.07796382249939     
   16.4120708658998        11.1122279159634     
   16.0542452589402        19.2473078852143     
   16.5780186979392       -1.41313908804569     
   16.2316656978149        7.68684553708874     
   16.3267516792959        9.41463076209014     
   16.3098346519223        11.4813456974083     
   15.9880113795430        17.0333724567489     
   16.1353016864460        19.2277994420224     
   16.2014863669979        20.6166807378340     
   16.1337918845692        14.0841146713317     
   16.1830271156213        16.3006477307321     
   16.3106530194086        13.9601110091681     
   16.5299862334194        2.15529291702498     
   16.4040507188221        1.55222911863514     
   16.3281335196375        17.1668810416037     
   16.2841290794293        9.36480257141369     
   16.3920215097529        6.10431963211657     
   16.2155195049177        4.79589568111993     
   16.1943103213044        10.9709307265778     
   16.4343717168598        8.53045851384837     
   16.3749468896420        8.98895761552527     
   16.2812109977462        8.54843051733398     
   16.4025002255383        7.65979322262237     
   16.2481121029864        8.40783339785101     
   16.2389524987557        8.47095411002277     
   16.3650660972552        13.8083039817431     
   16.3768700118778        6.61677486431083     
   16.5073502849718        7.05071193470897     
   16.5602144637647      -0.555486393719296     
   16.4128216477549        7.99862488589681     
   16.2052146362907        18.3038840236266     
   16.5658936453057       -4.97685026344691     
   15.9237686174329        23.1399048444678     
   16.4392268071424        4.86679966334647     
   16.3887550787945        9.06680487440567     
   16.4333547628136        8.00521608025568     
   16.6261633280475       0.838611344440446     
   16.4330012588311        5.77077953819907     
   16.4730803547075        6.94598324698206     
   16.4741987592051        10.7651897143325     
   16.4401471178240       0.312773885896464     
   16.3196326251507        9.37592139527964     
   16.3332014967062        8.38816821788676     
   16.2325596234406        18.9204389749201     
   16.3633703027291        13.0159849043146     
   16.3486416645688        5.27584138435346     
   16.2124671650873        8.32485983249604     
   16.4079589747087        2.54995780333804     
   16.4447199794474       0.901441427690020     
   16.2118111672407        4.78652884788729     
   16.2199746472543        11.2018005079026     
   16.5172375590407        5.61287218898935     
   16.3164495064090        1.51073725524108     
   16.3533524867255        9.03416541525477     
   16.4250683516317        6.67263007971362     
   16.3417847396907        5.94289342378929     
   16.1745221844372        10.7761904879812     
   16.1735649002445        13.1431497586648     
   16.1598177684606        4.16365449413947     
   16.3308654429920        6.72452559003734     
   16.4033319902446        7.79444671033710     
   15.9596091493506        22.0774555946855     
   16.6534104844240        9.25696559216428     
   16.2279523774853        9.62587932919221     
   16.3012027811058        12.3091688106277     
   16.3413219339431        6.57487489190673     
   15.9396652598959        20.6010564777524     
   16.2712964380438        21.3264357537829     
   16.1093042661025        16.0540350568206     
   16.1397635743138        16.3660198620898     
   16.1755959291371        12.9290156835096     
   16.2288721401618        18.1222150411167     
   16.3834057492400        7.26252449281957     
   16.3477800994304        13.9509074778979     
   16.4917320322737        10.8143890262530     
   16.3844501903222        9.97470004440571     
   16.4857285735590       -3.19560932193101     
   16.2658726508431        4.75730338940774     
   16.1852983790711        8.16302064126657     
   16.5637610546199        4.69034988267441     
   16.3940374077882        6.91258648028393     
   16.3589047487274        7.65236895447816     
   16.3626682828214        5.94449186187108     
   16.3590286655930        5.75642219118299     
   16.3210190057533        11.1854465390395     
   16.4793166588667        2.64942277077083     
   16.4609865425064       -1.30812115104797     
   16.4205896883746        8.44597234231372     
   16.5111014788872        1.76698144460714     
   16.4397855892443        4.55998599457295     
   16.2370161312904        10.8111708136521     
   16.6619620813512        3.83961062718362     
   16.0651497586150        18.2619288249934     
   16.3755388112734        13.1160696619030     
   16.4848977651024        7.25025232136783     
   16.3668887366749        9.63416594558252     
   16.7028048920000       -2.05582684464904     
   16.2888297811939        4.94641126974696     
   16.4147290895915        5.71711232623412     
   16.6143046416616        2.42963419793129     
   16.3264356086361      -2.209650343885183E-002
   16.4777129987096        9.64345157298287     
   16.3195238008583        1.09149106238689     
   16.3625513409235        13.3161374363983     
   16.3126904026522        15.3321312014818     
   16.2803012099402        10.1827821792408     
   16.1126371224611        9.55613396254101     
   16.4022160570361        7.29766505394927     
   16.4361267805773       -3.65545753257804     
   16.1011126436217        13.4935740510847     
   16.2775391947918        17.8884125681354     
   16.4093230535285        4.10493244937353     
   16.3937123506042        5.28779256222895     
   16.2553263096170        9.70390146745351     
   16.3648776093799        6.46232969155837     
   16.1874937821639        13.5839187363753     
   16.2086131166876        15.3990588553341     
   16.2843767879575        15.7878537832487     
   16.2692735971285        7.51275840173342     
   16.2522179954270        9.95128235344288     
   16.3809498550959        7.81033527639336     
   15.9605933152652        21.2676249083330     
   16.4891161321460        12.4201729637926     
   16.3095008700851        12.0755475044525     
   16.2669329520020        15.4775231719145     
   16.3628724622251        6.49662292940570     
   15.8971669780498        20.2411817469035     
   16.4248240103132        15.0857221018679     
   16.1393511193194        13.4622077265449     
   16.0777026327726        17.7769988016910     
   16.3597606258937        10.0711257240363     
   16.1356493366072        13.5509286948623     
   16.4107854103262        2.63312670710959     
   16.4031213793214        11.9654349832069     
   16.3773429412705        13.1660447019238     
   16.3946443751812        11.8514252315083     
   16.5790768105275       0.900567050723139     
   16.2300104212477        6.38720776511104     
   16.1088752827073        4.15341851355211     
   16.5912971692223        4.29031505809677     
   16.5444030350180        11.5524763419169     
   16.3226828978367        4.67687989038552     
   16.3428363798391        1.28142742847986     
   16.3830471341878        9.89802991709518     
   16.2381914518970        12.3016211134241     
   16.4297815165920        1.21200399819943     
   16.5072599949136        4.15946526730023     
   16.2794014601052        14.9993346932547     
   16.3055482053169        6.84749846033480     
   16.5111329709630        1.61355968605035     
   16.3137158427193       0.325633910119603     
   16.5582665491532        8.54005370456939     
   16.2568701622208        11.4917200479506     
   16.2259078351830        4.98404664722099     
   16.4280513214807        4.45490855347581     
   16.3962563453567        10.8859501513784     
   16.6551359997368       -9.94144908134697     
   16.2979639196449        15.0523704529430     
   16.6024715707143        1.18702702767257     
   16.5582056507604      -0.326432126936001     
   16.4772530820814        5.81655956440734     
   16.5248552765224        4.29018940324479     
   16.3206434421400        5.74392664185955     
   16.2376571463229        9.62131753475961     
   16.2805559618690        18.1218648026521     
   16.2912963280267        13.7753148911705     
   16.1172023846837        6.21583225041624     
   16.4710133593044        9.66506250008477     
   16.3600816419217       -3.92933260844514     
   16.1962228821967        14.7954546349180     
   16.2008528740979        15.9045868569631     
   16.3075383874328        2.08938851206577     
   16.2933087433831        10.8117565372687     
   16.1827749113570        13.9719494028250     
   16.4198516924409        9.65441071626492     
   16.1304638930564        18.0108608141403     
   16.1203287281778        15.1840214505991     
   16.3593223033658        15.6704588187820     
   16.5195453448025        2.74858318573093     
   16.2487199390880        8.26130570540454     
   16.2901578645450        10.2024119869646     
   16.1472751295083        15.1259324253331     
   16.4178903268535        5.86838563224029     
   16.2739794842638        12.8647420440538     
   16.2205843992502        17.6558074082570     
   16.4180429569392        8.72563539862638     
   16.0562225349892        17.6475439337905     
   16.3801241722577        4.54145113574635     
   16.1410443800250        11.8091925550292     
   15.9912847346333        13.7498609916945     
   16.2149650451872        11.9570445709212     
   16.1055755464429        10.5917329263334     
   16.4713808846749        4.86463440764051     
   16.3605489230935        5.50113697146138     
   16.3607830630236        14.3073775148332     
   16.2900339809502        14.1285532209803     
   16.6145526805054        4.02818772500380     
   16.1595723235224        12.8936678194679     
   16.3738165966848        6.73378647359756     
   16.4301646045915       -3.26807804779135     
   16.5349963046659        10.1501378574129     
   16.5000126628766        2.97966455172167     
   16.4431330475242        1.52657790203835     
   16.4701426490941        9.81635935081409     
   16.4323376387413        12.5903512111762     
   16.5895080582489        1.85397283666295     
   16.5082333147792        11.9309302768398     
   16.3243783473479        9.36735998248479     
   16.1603915550272        12.1782572318807     
   16.4861538417530        5.32937797892853     
   16.4337664410326        4.11773161201967     
   16.4196883012775        5.98080318365182     
   16.3183336156073        7.19689132759196     
   16.3151737177353        7.20986734202197     
   16.4618831717518        4.71309297301063     
   16.2841428221164        11.3745001247856     
   16.6770424671730      -0.789053710145999     
   16.2795185902021        13.9769699116586     
   16.4655702711506        2.87609356695795     
   16.6501720919770        4.53277795782458     
   16.4551821779837        7.90189988634523     
   16.5226500320030        2.28586175032701     
   16.1739731030843        12.6327045496661     
   16.1916012633186        13.7154719023215     
   16.3330180271905        14.8399710940322     
   16.3516702367662        14.5337433679353     
   16.0540000335119        8.05646671520645     
   16.5584683981604        3.48560439565387     
   16.3246061680414        5.69780578359407     
   16.1152429092450        17.1372318161043     
   16.2323140845628        13.4436552854643     
   16.3101953324113        14.2210375998297     
   16.2834906446406        12.0613111238271     
   16.2487866643547        16.2282687068923     
   16.2286178616929        16.2029725052017     
   16.1021024808782        17.9969274836671     
   16.2643856757787        13.1477984561642     
   16.3791362458006        12.1963378740663     
   16.5616800368609      -0.661636502968294     
   16.2819504645848        9.28400754794751     
   16.2314687603795        11.5935446683995     
   16.3231022813417        15.5272448475279     
   16.3203356361849        6.40197135380713     
   16.1927482606464        16.3880813604729     
   16.2873270349025        7.41313337794264     
   16.4229419198761        9.43900185427540     
   16.1644424621492        12.6616730533249     
   16.4196405684926        1.39527243701815     
   16.1736368319298        9.93768951384245     
   16.1266955739350        9.03828951896385     
   16.3153163449419        11.2181137620060     
   16.3444398148801        13.0531830364503     
   16.5399427212341      -0.664323088625651     
   16.5287315751218        1.74582937076635     
   16.3567050962824        14.1260170595030     
   16.2577807792041        13.2220487426363     
   16.5540893673142        1.31191393448054     
   16.0414704649342        22.9020462471286     
   16.3968293282262      -0.687549068399885     
   16.4640454781687        8.28070993611009     
   16.4399043861771        7.42015827398758     
   16.6144670211650        3.96755538199684     
   16.4731022440719        10.4794966306825     
   16.4520243558815        10.1543195194099     
   16.4159207828215        12.9884553886634     
   16.5582581234965        6.04676025845257     
   16.3689518965881        15.1598609864062     
   16.3741784540689        6.32414619688297     
   16.0606799551879        18.9827079346784     
   16.3848734225947        9.31999503641116     
   16.3803614106405        6.66369231276276     
   16.3617302403319        9.44464352266885     
   16.2516290137719        5.65976018824841     
   16.4049391590258        4.93529993983655     
   16.4149618339223        8.88192765572111     
   16.2084859227623        11.0377548268917     
   16.6161424517472        9.53696811776455     
   16.3493208883507        4.36876862382917     
   16.4794775513399        5.33632269478709     
   16.4403396732758        3.40091711377708     
   16.3803585125475        6.57450864321629     
   16.2703371336303        2.89848429147434     
   16.1419656280597        20.7111911554122     
   16.2313557339442        11.5213946434235     
   16.3185733888966        12.3861922806128     
   16.4561083029814        5.83067870354514     
   16.0997022247188        12.7766510845876     
   16.5631341479842       -2.97480647366257     
   16.2160244106315        9.49029654021010     
   16.2801058508301        12.6688611132262     
   16.2170178474065        13.4266753594944     
   16.1772358823940        15.2051862471194     
   16.1648744195585        12.0510712117879     
   16.1505465790193        18.2861842905875     
   16.1171714504202        17.3626618010719     
   16.0952865876168        16.9103568244231     
   16.2592969110892        13.7178270225358     
   16.2963873455211        7.26324605839515     
   16.4328969348595        3.10832541591850     
   16.3992545399278        10.9252599645993     
   16.2813738628311        9.40948569967575     
   16.3647564673542        10.7860156913795     
   16.4631194795733        4.89014510416098     
   16.1327615204280        15.0824558443816     
   16.3631830533121        7.95795609785881     
   16.3944411722475        8.68740272661035     
   16.2553585870350        11.4389986413703     
   16.3762721918685        4.97886781200570     
   16.3105376309167        8.47691376922967     
   16.2307679441543        8.23345641604651     
   16.3389781066110        11.9054499337482     
   16.4094941787906        9.02099892734054     
   16.4635436272293        5.69340361986391     
   16.5362604924118        3.94223917531574     
   16.4599128823848        7.43817765256422     
   16.1873801237142        13.8830643847207     
   16.5825768057329       -3.33506885720530     
   15.9521606143145        25.2197384046709     
   16.3918548877333        1.99910769692225     
   16.3919980030755        11.2985748829903     
   16.4358314753773        9.69449801616039     
   16.7484058251045       -1.59799783025518     
   16.3939423039090        16.4436327496018     
   16.4551074911987        10.5585032426783     
   16.4968987094904        3.52150740163774     
   16.4760522989399        5.15583923574008     
   16.3763595271471        2.85332023270034     
   16.4197073059938        3.56432508903955     
   16.2755896763028        16.7158675587787     
   16.2802368601502        16.5125769711685     
   16.3237366100115        5.91595914838629     
   16.3261945969779        12.6708171885762     
   16.3492268690530        5.48672086344941     
   16.4946104628907        6.13998532843287     
   16.2048126847113        11.7939387043453     
   16.2268339295250        15.4589512838911     
   16.5676961557839        4.52878773719734     
   16.3973847405920        1.99530580562364     
   16.3105917485374        8.55189775891587     
   16.3664688485703        1.70793278382082     
   16.2703705723362        11.7484933869205     
   16.2407804378567        14.5326946839929     
   16.2410612174360        20.9694291067855     
   16.1532029912006        7.86478402214657     
   16.3211136277251        9.87024501470570     
   16.4114542283786        1.89980086918485     
   16.1062868785587        17.5844889175338     
   16.5632213491339        4.34048338981773     
   16.3202579134374        4.20118574551358     
   16.2989180066937        12.6808226676849     
   16.3144811365631        8.66326056054493     
   16.0145316762844        17.8830874970066     
   16.3299502878455        9.67398413787351     
   16.1010086676956        19.3644621755746     
   16.0813105587905        21.7106412698675     
   16.1699549624665        13.1119219951038     
   16.3196002754487        13.0271058289532     
   16.3679160554815        4.65047925842210     
   16.4715821179787        13.5797583865358     
   16.3787438565608        7.85173091228680     
   16.4096999398550        5.75880574190837     
   16.3875493007686       -1.89665908030814     
   16.3892023735408        5.28590947009572     
   16.0527243526588        16.7251857957707     
   16.5140669260846        6.96991834503951     
   16.4949487598195        11.1211670738132     
   16.2269878715083        9.12195779902770     
   16.2136222007988        7.64591720415486     
   16.3397153193035        8.51786856848082     
   16.3399863184896        7.24145068963165     
   16.4377041002613        7.70783725250325     
   16.5815258289980       -1.41557193868914     
   16.4256817006745        10.8695931787465     
   16.4816963351153        3.63546949699857     
   16.4814880680683        3.61873081094807     
   16.1414519707246        14.8911304129512     
   16.5015880535517        3.32388356772414     
   16.0531053207645        20.0662907263471     
   16.3803900013298        4.96302469938000     
   16.4054897886525        13.0212270383459     
   16.4019305523123        10.3886649478159     
   16.6374173272278        5.52400718793662     
   16.2222893990997        18.2323288210130     
   16.4977872569460        7.27248022214742     
   16.4113176815642       -3.87148307932177     
   16.4639495227379        6.26137784375247     
   16.4150604087848      -8.798903781345668E-002
   16.3699383220642        5.50399646966904     
   16.2411717920673        8.37894496412617     
   16.2677719355598        9.13167925708149     
   16.2674915358351        3.11089682183938     
   16.3650965447238        2.35029978440460     
   16.3513799416289        8.30498935741459     
   16.3958762653536        4.65014848926203     
   16.2930658025264        10.7538003472670     
   16.0970986400606        10.5566534038356     
   16.5894100486050       -3.28620194600312     
   16.4620561526283        2.81695524140445     
   16.2824877612821        8.48434570887027     
   16.3223043088939        7.91468613451719     
   16.1332104990732        14.9112841981771     
   16.0717043376992        18.5764663169033     
   16.2512066638723        18.2570076307365     
   16.2740459760189        7.97010756006853     
   16.1971399632431        6.10099212749093     
   16.4530862744490        2.12808979799040     
   16.1055117331805        12.7901819825020     
   16.5275571423522        5.88662082679330     
   16.2962260824448        5.26807392216996     
   16.3162118007806        14.6391577331967     
   16.2770604356465        1.58750768737247     
   16.1733158459354        19.7338924807268     
   16.4256435104453        13.8395701134583     
   16.1141102827773        16.9155489282432     
   16.0475308212554        20.1666585538819     
   16.2579046082560        13.1339801048785     
   16.1622945006263        13.7179905502779     
   16.3580419229602        6.31250243144776     
   16.3184735223709        16.9711043263386     
   16.3656940534955        15.0070765464955     
   16.3665710552889        10.3585773038883     
   16.4470866381791        5.88418458942011     
   16.2593781430271        6.08819807300599     
   16.2874109442413        17.1856252916245     
   16.4539527557897        8.60299330488452     
   16.3452511760033        3.30295192777839     
   16.5105977561341        6.44228686013602     
   16.5981034144892      -0.818034800750306     
   16.3610419157408        10.6952772196984     
   16.4941075654699        12.2436234757133     
   16.5171286043991        10.5849012787935     
   16.6334021311561      -0.721619623507981     
   16.6346965310175        10.7850967315016     
   16.4152402790556       -10.4988106902856     
   16.1318171052908        3.10146327743827     
   16.5481312455234       -11.4734464370642     
   16.6516709347320        8.97108751350966     
   16.0837573057715       -26.9086933962441     
   16.2518128444581        9.87881240329084     
   16.5742190797361        20.1456297012822     
   16.4621650193288        1.83961745462018     
   16.6363509545982      -0.812643973204301     
   16.3503591291745       7.368997066395178E-002
   16.5890344962542        2.22509404152279     
   16.3912685797328       -8.11829381718245     
   16.8957062937707        3.53915367948145     
   16.5222726448800        6.71332562730751     
   16.4991200077003       -25.9493947905928     
   16.3222122373368       -1.93375502787142     
   16.6658295611327       -19.7811695411383     
   15.8437470981763       -38.4375555252799     
   16.2379992689044        11.9639437415821     
   16.5005582867296       -4.64414390212109     
   16.8010199373849       -9.70042989716396     
   16.4443367164185       0.243186455277566     
   16.3891123871338        2.43744862357937     
   16.3295105188077        1.54145414525983     
   16.5793150720750       -2.37454158427923     
   16.4539011552686        12.7503271853704     
   16.5087500605101       -6.01961486965557     
   16.1812671788444        17.2742940212387     
   16.4634307010338        14.7013397993007     
   16.3082623703306        19.1175746568063     
   15.9859991804490       -15.6300239853716     
   16.2476294321900       0.641028949296573     
   16.5993068575589       -7.44810399327949     
   16.5645675328615       -7.82925219585079     
   15.8730371198342        11.6945210880036     
   16.3159688780007       0.317488843850411     
   16.5917104298811       -7.48776816405381     
   16.8396500501316       -15.6102932908135     
   16.2564949901777        8.85536660418107     
   16.4808714924515       -12.4192793956040     
   16.1489620279155       -5.83880266242871     
   16.8888495084870       -28.8202024946064     
   16.4641411665807        4.77488180146174     
   16.5311832822779       -32.4518456820805     
   16.6365831239171       -15.2295942400976     
   16.5165575567858       -27.9219641306222     
   16.1527225662655        6.82349499706118     
   16.3483446047515        16.3078711551266     
   16.4174789618136        1.31849497223058     
   16.7434052830153       -30.6937161058346     
   16.0058908994044       -22.2208734789364     
   16.1730888837598        2.98004998590057     
   16.0115060082372        22.4241548464439     
   16.5990328423271       -2.97754213459316     
   16.6460974851554      -0.318010138834734     
   16.7343759979960       -2.12996009507225     
   16.0038520205120        24.1270060607943     
   16.3758056267776        18.1202932756305     
   16.2661647152594        23.7896643036779     
   16.2078918859730        9.52051926217971     
   16.3054448559371        7.56776641690910     
   16.9593355797992       -8.11645009406051     
   16.4380818062695       0.532763607291566     
   16.4241969399817       -3.49368993757509     
   15.9801124943971        7.26825850708889     
   16.4364268093011        2.15102275023777     
   16.4518029492513       -8.55618636718246     
   16.8358700416159       -10.5858410680117     
   16.3327344660278        11.8658191176477     
   16.5954520703269        1.90071449367568     
   16.4228746955602        7.27125635932318     
   16.4973534871147       -36.3674949735708     
   16.4626489508017       -3.23369552704858     
   16.6731631555234       -13.1571099874476     
   16.5760732669470       -18.2901812817516     
   16.6332447439230       -9.05611928902092     
   16.2214211770573      -0.547020026346716     
   16.2513880069098        17.0517679095176     
   16.6432479653749        3.86374570061630     
   16.6970651093558       -28.6939573060523     
   16.1744431516555       -16.4188613470746     
   16.3554738668499        3.39537413383630     
   16.1643119667467        14.3860053176687     
   16.5979544936862       -8.51879142352693     
   16.4268620996266        2.48499355691144     
   16.5716642230485       -4.49616701982949     
   16.1575421340258        13.2935943615008     
   16.4356347761277        9.51045719681462     
   16.4802172512270        6.79537500276498     
   16.4331631319852        9.81803946715005     
   16.2568460029523       0.238675737022527     
   16.8018051560764        1.42407301103321     
   16.6660989862702        4.00672558131179     
   16.5015701241159        10.9696550491227     
   16.0548837718538        10.6141486807291     
   16.5563641056387       -8.43429041184161     
   16.6782287835199       -5.07301153040635     
   16.8064088484426       -3.91807994607748     
   16.2166504573553        15.2279983414596     
   16.4830052301828        2.95960358335910     
   16.5325003614523       0.621101599830583     
   16.6837498170021       -12.4297966549452     
   16.3228798447212        3.50724000931317     
   16.3229375485599        1.61895329282341     
   16.6853187132153       -7.09718707639815     
   16.7516983631718       0.220393223173390     
   16.4492514638307        3.27259538512441     
   16.2289032917554        21.5005316387647     
   16.2156986365027       -8.98607342975628     
   16.8688929656651       -17.6747930039611     
   16.3926691086174        6.70932753158341     
   16.3064980672102        4.34239829128974     
   15.9965115757106        3.11034652324578     
   16.7582891429527       -8.42431508186301     
   16.4907679802344       -17.0633808564750     
   16.3611402108707       -14.3735149516181     
   16.3307736187136        4.35706908503470     
   16.4239819748666        6.04335980244928     
   16.6421607105523        6.05865495298816     
   16.3649334067696        1.43928311164245     
   16.1119283540871        11.5360916077150     
   16.6158724470438       -8.30213358842933     
   16.2941216253807       -17.1186912971467     
   16.8066986470534        6.70371964619824     
   15.9704802337220        8.40268409881198     
   16.8621887768464       -1.70733986503675     
   16.7344544533077       -2.61203390862172     
   16.6387233197904       -15.5892998286989     
   16.2094359544513        11.6325594901856     
   16.4653544525375        5.46620276239776     
   16.6833718655234       -15.3675101249963     
   16.8023783903617       -2.42159465564301     
   16.3975175531442        15.6058123192527     
   16.3771936189412        7.28220945893709     
   16.5744429407520        2.49105587384083     
   16.5867178077927        7.88731509745318     
   16.1519293803711       -22.3568448167092     
   16.0322510862343       -1.40491052945198     
   16.3854810629618        5.32667233090271     
   16.9907675955005       -9.54158074735288     
   16.5900094425831       4.820064506529320E-002
   16.3175704414742        7.07525072291851     
   15.9992239577417        21.4145809309398     
   16.6040231771333        8.46329947454950     
   16.4168304591787       -21.9200427377999     
   16.5331748237682       -8.06594917485237     
   16.3278583766046        12.7299420357106     
   16.4862949518760        9.34163963429618     
   16.3464962378512        12.8625097047933     
   16.4223789274586       0.370634732473073     
   16.3153043042417        14.4877035651445     
   16.3596594434784       -25.5251440001689     
   16.3092198447306       -10.6081424633106     
   16.4761682563397        11.7933033129144     
   15.8659220284320        5.96027776750377     
   16.8281288747774        1.41574196434888     
   16.5315177718011      -0.263240657653911     
   16.8847661612329       -8.05160478962110     
   16.3147311781926        13.3446515119698     
   16.3921174686089       -4.09565198027631     
   16.2017418632667       -13.0884920480011     
   16.4145934168178       -13.4107434252988     
   16.4276228287996        10.0434189274838     
   16.6857667422601        11.6611555481218     
   16.6381604898930       -6.50065592234333     
   16.6991675472201       -1.65234123519480     
   16.4662046739418        8.77179158473075     
   16.2134745947025        14.4090334287421     
   16.9287923429550       -6.12576662385866     
   16.4156941406730       -1.44081921453148     
   16.4743265588510      -0.221669155708495     
   15.8779327465268        24.6447775884885     
   16.5988136403402        6.31745237738007     
   16.7422092825937       -4.74603497455439     
   16.0233837181086       -1.85747923335814     
   16.4459711993207        5.55033152524856     
   16.4370933805791       -12.2530279507832     
   16.2331956239399       -26.3807845104585     
   16.2468026360501        15.6664501963715     
   16.6573855356331       -11.0467242001284     
   16.1201700589251       -18.6897683212716     
   16.3362861120353      -0.582255456327445     
   16.1219005359169        16.5371429636302     
   16.6275813434260       -1.36413634231699     
   16.1599043123956        17.4152596117874     
   17.0263371476427       -10.6463525741610     
   16.4026840108250        9.54538326449496     
   16.3598442260055       -11.2936930288802     
   16.3991318737661        1.42774460500032     
   16.8558170981103       -21.5192261514421     
   16.2989242288766       -3.19192408503550     
   16.6758750781803        7.22359592175402     
   16.5839528021952       -1.69523002344794     
   16.8443583545885        2.62714769032960     
   16.2646432929828        1.34562792444215     
   16.2672375095776        12.4898297971138     
   16.8414366613240        1.69652469066430     
   16.3714989215616       -2.83656883025671     
   16.5159377917647       -6.83304150299506     
   15.9989694896673        21.7365282640032     
   16.4156055803634        11.2383893437330     
   16.5735466803756        9.68196361113421     
   16.9487282420494       -6.73434267728392     
   16.1134253384638        17.8295533629711     
   16.4050818944624       -9.46287081892577     
   16.5091522736803       -8.29725922159511     
   16.5844689989199       -18.3194001936814     
   16.1910913836198        2.48364552210009     
   16.4032298470561       -17.1474283240580     
   16.5427266064612        2.34595029774268     
   16.5417349247681       -6.94510803098739     
   16.1734626886186        6.76688057005614     
   16.6995221686341       -2.69226751531602     
   16.2979504738853        18.7872749701526     
   16.8040575129514       0.860780186740619     
   16.2588934689492       -9.23488707155400     
   16.4782207793231       -3.99943842519735     
   16.2048235550282        9.74038535473220     
   16.5795588480451       -23.3875003190273     
   16.4999164827537        9.79908440230222     
   16.3469135288817        20.0371670617286     
   16.2740073544915        4.37363984234079     
   16.5400313690736       -5.22857057179953     
   16.4216015632041        20.0894430384372     
   16.1150601814013       -10.4683996267001     
   16.5030772381956        12.9398215997865     
   16.3084609000258        6.32831396164627     
   16.7191360755502       -4.49717825112351     
   16.3110635760015        15.4446894036724     
   16.3555012383310        9.22703319078565     
   16.5469523478471        11.5859608404938     
   16.7820283746852       -33.6885962577916     
   16.3174010200553        23.1661438576897     
   16.4341038869448        9.01944929876273     
   16.8319300628450       -18.4710726634532     
   16.8952962538401       -3.15866776250869     
   16.4437500211945        10.9509565579162     
   16.5030923614223       -3.30533256245932     
   16.7391306305885        4.12574792064061     
   16.6840785775758       -1.04432595808659     
   16.5544887106484       5.119835499091785E-003
   16.7105997499445       -8.67715114323601     
   16.1674309990022        17.4178085536732     
   16.4433660402517       -6.00083180745866     
   16.5186758134588       -9.37133467790575     
   16.4252482651148       -24.6561721773515     
   16.3711208447270        11.5836159929040     
   16.3970090868083       -15.8028569283671     
   16.6188663542343       0.716479477224241     
   16.2734024180396       -12.2639317542306     
   16.2960561282223        3.82359021629362     
   16.3661532354849        7.51574656829300     
   16.2373563208061        9.11936492969548     
   16.2775924978720        6.85369428724642     
   16.4288681913796      -0.802113547752525     
   16.6371920265868        6.97619820626761     
   16.5148035166870        3.33344381915718     
   16.2231729583397        11.6262524997138     
   16.1894694253424       -7.34023020638382     
   16.5177305370931       -23.3002185121492     
   16.6746400964160        7.99344614717043     
   16.3847522990145        11.5964955672686     
   16.8044289082206        6.10295488045867     
   16.8265121175468        2.19153163586684     
   16.6178707017085       -4.48026843633905     
   16.6540674057092        5.24557444679491     
   16.4225779965237       -11.2761059198229     
   16.7765246231212        3.67526366670970     
   16.5365405996346       -7.31004589310611     
   16.3810593589935        6.07761425688080     
   16.3919096758403       -16.0458548428761     
   16.8322174741085       -5.24104921097563     
   16.5694335737681       -6.34080302371504     
   16.6269887792318        3.02562005644698     
   16.2758313421641        2.43715364838768     
   16.6102065278962       -3.78678987281148     
   16.3336569610197       -11.9231080027275     
   16.4513296843529        6.76263296272849     
   16.4264258023251       0.969970164858688     
   16.3136472111325        20.2200482903144     
   16.3706198301691       -1.47423500885655     
   16.1068216953224        11.9477256918390     
   16.2364762415597        6.60611716941016     
   16.5568284512564        1.16811342551334     
   16.5339940800302        11.4573029597262     
   16.3901392609624        14.4962079833923     
   16.2229172458882        5.60368502666193     
   16.5103306051292        6.79528425347480     
   16.0584182695725       -18.1238431956667     
   16.6324145995187       -6.44930612617080     
   16.3126088152000        5.20291537658187     
   16.4389710554037        11.9175431438564     
   16.4571848647614       -2.53631127407952     
   16.7579785191306        2.86762647899056     
   16.8382001396971        2.81901308124759     
   16.5088532589481       -6.29763521221334     
   16.7209346975452      -5.129865543375800E-002
   16.7767196743004        6.03595305257014     
   16.4371188677780       -2.95859995950798     
   16.2105654429963        11.2909736852635     
   16.4404644042813       -16.1922123553807     
   16.8987007503016       -7.78725996388680     
   16.6930869104643        10.2754206861147     
   16.7487124736575        2.28547174431684     
   16.4191599063847        8.95113628484031     
   16.5874927009876        3.77651010593348     
   16.8269431725399       -13.7842246990498     
   16.6834737829177        15.6648498721308     
   16.1159070132406       -9.15589961552611     
   15.9709809653686        5.36494748020005     
   16.2778234727056       -2.29714304387455     
   16.2395619926091       -10.8681698306833     
   16.6758808714831       -12.3305932840684     
   16.5940436907731        3.47391425001816     
   16.3804075404660        16.8087018083804     
   16.0827576360041        4.51502593430730     
   16.3189539873366        10.9472825447577     
   16.4369007721070        8.20800253860545     
   16.6332603738903       -3.23589813752347     
   16.3199874546277        2.83744056462600     
   16.3484200770363        8.37812646687260     
   16.0182838797482        8.57965073652884     
   16.7599008389979       -4.30139790864466     
   16.9229798767288       -12.4713706083640     
   16.3571103009571       -5.44372092252839     
   16.7768902010679       -3.80871420535430     
   16.6401777643310        5.39728010415579     
   16.4243602806163        1.35176925995658     
   16.4055718586889        9.76714974001737     
   16.4478110498311       -20.7719716779051     
   16.8102444053492       -6.12895686796000     
   16.6869973363361       -5.17341457768691     
   16.8283975663977       -2.01697162039419     
   16.6859922109126        3.14765825190096     
   16.6170024444454        6.44406649078271     
   16.7249940806799       -4.92680027716397     
   16.7725911506542      -0.278980420820946     
   16.6126327563726       -12.6427194418676     
   16.0076530594344        9.04817050771468     
   16.5880254083126       0.912486861404201     
   16.4632138723274        12.8457423854186     
   16.3821432450501        2.25596843216500     
   16.4969214555231        1.40649666813263     
   16.6150681260256       -15.1618881072198     
   16.2605786659965        9.39840506961393     
   16.0439280426733        4.59619619746420     
   16.3208519788991        15.2742268016416     
   16.6565152164137        2.84715319588033     
   16.4227463101056        10.2307559280712     
   16.2747537902521        3.77404536003624     
   16.5003919444156        1.54645133546530     
   16.2566325450470        11.7000529423786     
   16.3867698044231       -9.75997194520210     
   17.0543509474560       -23.3442111707739     
   16.6113131748091        1.02083664394895     
   16.5919566757032       -14.5194077577599     
   16.5327769855004        6.40370081186705     
   16.1598985829826        11.7222786052350     
   16.5660006758116       -12.1898525541440     
   16.8207441920507       -10.6670936851641     
   16.6226277235291       -23.7010231009257     
   16.1379759743003        2.19417590305034     
   16.7682613379097       -8.15568273738882     
   16.6700526757982        6.21172067257295     
   16.7083927910145       -1.47205137363965     
   16.6691369110691       -21.8837109475126     
   16.2667493908520       -34.8089457772731     
   15.9287825215012        8.36833114890277     
   16.4394096550302        4.46393957635065     
   16.1547429808881       -1.89876531027871     
   16.3705290399383        5.48365870201962     
   16.6099606677938        5.82964397644166     
   16.8639394826658       -15.9151933402948     
   16.4643535612488       -7.97475368056534     
   16.1557749419140        4.96392197506621     
   16.0643067454431        7.71035022698218     
   16.8150449241028        2.58583195663183     
   16.4411876222081       -3.99627368409387     
   16.3259197736458        6.30015084751004     
   16.5633682225929       -3.11421238643264     
   16.1460057649805        10.8703716963065     
   16.4381757412024        3.53889472626781     
   16.6592327622833       0.286545862125395     
   16.6101196749362        5.74277907736136     
   16.4703955137250       -16.3879416808542     
   16.3346065614234        1.68723251270460     
   16.1301595385006        8.61220496384407     
   16.4855151425936        5.92379884216172     
   16.6406098272364       -5.98431175726699     
   16.9411796715698       -11.8799361370947     
   16.6536810412488        8.23107128612435     
   16.6229108478059       -1.63834159849770     
   16.5354471314249        3.35461609324346     
   16.4559211648561      -0.373905127439197     
   16.4089268618687       -41.3516883084948     
   16.9198584266688       -16.5688887436136     
   15.9711588827091        5.54971986553290     
   16.4309413243083        7.06595439976422     
   16.1841889264154        1.30565007490503     
   16.2342641008739        5.75509207290838     
   16.7249919296249       -4.32011525308476     
   16.5089740713690       -7.50434664955654     
   16.3224085150970        7.69702221958412     
   16.2066009687255        8.71696534182042     
   16.6753091574413        4.14598246942081     
   16.5987081259938        1.01442787156619     
   16.3036491425144        16.5596024538738     
   16.7100439177399      -0.418811773156906     
   15.9009816173099       -3.71751661061426     
   16.1737218723523       -12.1664335310405     
   16.4098273013477       -7.16948882005877     
   16.7699813330534        12.6925941941505     
   16.8669178784636       -5.32757990791198     
   16.5321217500461        7.34101030800318     
   16.3458126564036        6.07580460814805     
   16.5682645522845        2.15820376014567     
   16.6064931993667        3.37978542979260     
   16.9109725959494       -10.8433883507166     
   16.4526377350239        12.6359026999183     
   16.4138897792874        2.03665189611522     
   16.7234838119058        5.49824804305944     
   16.5095919403187       -2.75676509640735     
   16.7591352228387       -33.8172175583014     
   16.6266619438382       -11.2300658253338     
   16.2905736589608       -3.63390279564065     
   16.4233330096540        11.5746627438286     
   16.4351118185983       -3.15780175819802     
   16.2997553737923        2.88057977727540     
   16.1328061917170       -15.5043171841724     
   16.3997299683940        6.09562798323229     
   16.6376395689285        1.17439012631549     
   16.4380811011799      -0.581606394793162     
   15.9995205806032        2.11369667569184     
   16.4709247048556        10.9354289117078     
   16.6578223592369       -1.63206112029606     
   16.3075633169738        8.34155555315283     
   16.3987730389384        1.42300346263616     
   16.1636916766679        13.5000802615427     
   16.3878716692195       -2.63693153080164     
   16.8944367428809       0.250955189170083     
   16.5824803040533       -4.16257370607953     
   16.4648670049913        4.82955881481785     
   16.6300713668791       -4.22414045355194     
   16.4259119583170       -4.32062354982334     
   16.1674284784176        22.3493876432386     
   16.9320418417241        4.18790683464972     
   16.3899612101868        16.3922077413727     
   16.4662282315034       -3.26605563051535     
   16.4601935239671        4.28815749805389     
   16.5438218214324       0.871709416812363     
   17.0351398414777      -0.564488752787259     
   16.7485120919193       -2.05653216067542     
   16.2457697587551       -13.2817868743251     
   16.3346619868160        5.67728381433151     
   16.6221201496676        20.2000827894200     
   15.9753906254356        5.80096587434749     
   16.3762449705391        2.37648616870162     
   16.2796415014333        5.03822998252401     
   16.5127604560498        2.81947653273825     
   16.5389390271874       -7.10076061541082     
   16.3324537341352        6.44957280851369     
   16.6838264541719       -6.51231214466485     
   16.8362545594042        1.21349640968588     
   16.3203000229489        6.26720081723840     
   16.3058338604980        1.03018065888648     
   15.9207107202116        11.2706131501234     
   16.2670693197373       -7.31480312706937     
   16.7839876592966        3.14124801764267     
   16.5326541505576        8.41858576270041     
   16.2496038633271       -5.40840552080812     
   16.9381254106445       -9.49830218955072     
   16.7453617658404        13.9621442154759     
   16.8320173048106       -6.33766630052469     
   16.6180731480425       -10.5283500710035     
   16.1857287162218        22.0271753421393     
   16.6244418307152        7.46444331604577     
   16.1720214314008        11.4163809854392     
   16.5606721510970       -7.73568340057776     
   16.6611452966218        6.29503089142846     
   16.7569077323627       -5.32038768335461     
   17.0416560721407        5.74520159955466     
   16.7722416887650       -12.5703785785118     
   16.5498559461924      -0.215813464787701     
   16.3692710243065       -3.25759100529690     
   16.6659285729268        12.7256699396159     
   16.1668254191759        10.8777895133762     
   16.3133735577251        4.03340630528639     
   16.3485225382062        3.34632965106444     
   16.1637734245753       -5.84754467886799     
   16.7585582009822       -7.73059713160881     
   16.3180344829825        15.9933638852633     
   17.0359965885852       -14.3861124878963     
   16.3756867077362      -1.276211621819101E-002
   16.5027093655563        7.16463913005132     
   16.4297843013518        1.42392222844556     
   15.9318561415711        15.2571040244444     
   16.1225855442387        14.9627864348194     
   16.9191256656091       -11.9081637066103     
   16.4625525564150        20.0194840701448     
   16.3614286421418        14.0040968711352     
   16.5768805960374       -18.7599291276561     
   16.7302186508107       -2.13598178791654     
   16.6857203159337       -2.99257646037813     
   16.5836076705869       -23.3279065960926     
   15.9634628583571        18.4906510326323     
   16.2219410181394       -13.1060573058374     
   15.9662599125694        6.61098916739996     
   16.4653520637724       -2.14277819062915     
   16.2812394171071       -4.64925825348188     
   17.1265076380449       -12.2204647185496     
   16.6700899440451       -21.1697318882058     
   16.0886518376505        6.54959139414179     
   16.4008215266381       -8.21631739663563     
   16.6683786832471       -11.7277501705441     
   16.1483986202522        17.5421406993867     
   16.1076059439350       -5.44465994983613     
   16.3912046173172       -5.44949891789458     
   16.5458197904379        3.58968452055962     
   16.8791614150573       -13.2519428310859     
   16.4272421419527        24.4742159497618     
   17.0691029076502       -28.0627111931426     
   16.4683937833363        1.21503276087375     
   16.6886592125515        3.68255765093413     
   16.2689329456127        1.20604783902537     
   16.1190398511940        18.7013350431834     
   16.1717241169072        21.9832541267764     
   16.5454906420120       -12.4450536217595     
   16.5690286602603        9.76804455019909     
   16.3186176844459        14.0815396148291     
   16.5618018262237       -6.44817571390169     
   16.7646212464480       -7.72102449765535     
   16.4415750398625       -2.88942557363688     
   16.6108593582741        4.57243164627513     
   16.1047272363964        2.59609907862574     
   16.2409851254868       -13.1126800149402     
   15.7098433423923        10.7009347084134     
   16.7270443810796       -12.2176606580911     
   16.4670217051452       -2.46946872665161     
   16.7842364453026       -19.6196015505837     
   16.4555447021368       -10.5105989557001     
   16.2146663171664        7.13687570540227     
   16.3469182136605        5.40785358910696     
   16.4745253357940       -13.1709381702979     
   16.3499062451575        6.50629953105480     
   16.2556149155780        2.11852414036592     
   16.6238914262116        8.27288274124601     
   16.5501500429849       -4.66581644244706     
   16.7492016310747       -3.08727949727467     
   16.2237958203001        19.7024332301143     
   16.8430629882169       -29.7838346754557     
   16.2767147105913       -16.6969761294681     
   16.5917330062122        4.38547949865437     
   16.5189903903338        1.11393082653815     
   16.1391128638934        3.82458645534270     
   16.5796458318305        4.17871597261656     
   16.6326403225780       -4.74854125306146     
   16.4831692879910       -13.1609557657858     
   16.4893461506583        9.13320484083810     
   16.3770711461022        22.0521504250564     
   16.7707289350327       -6.61268076943319     
   16.4521747700201        2.04363079157115     
   16.5155901411252        10.1405118844042     
   16.2713322187601        2.95564610399243     
   16.6369189046832        1.17145028549048     
   15.9922635874850        14.6567949325029     
   16.9762611484286       -13.1201667118492     
   16.4168647868275        2.93138676089805     
   16.6590476889156       0.792926954388984     
   16.6310077094690       -2.95117611338901     
   16.0704480445118      -0.662115205938979     
   16.5394461425577        4.06621923998324     
   16.3550518888616        6.08547226915182     
   16.5803929890666        2.96107595779422     
   16.4225480866379       -12.2085333582433     
   16.4751387059000        5.02739171549346     
   16.1196282722946        1.02552469670553     
   16.5128657946560       -15.6643997556434     
   16.6371708551205        3.46989810906639     
   16.1982264073001       -3.13545606972358     
   16.7325994689402       -22.9568248416386     
   16.1228730774965       -8.30074148913854     
   16.6746457330345       -1.13397091376139     
   16.3585804667579        9.47138030038892     
   16.4674500501956        5.92058153808057     
   16.7354058915231       -11.4314697521888     
   16.5258120228444        12.3638132780893     
   16.4665724867213       -17.5068785716059     
   16.7118202041478       -5.05946182308984     
   16.5471071891142        18.1619178958620     
   16.8340796480482       -3.47087745084349     
   16.7919884183152        3.40157729475476     
   16.2042667136272        20.3164864173922     
   16.4743425571656        9.95293773531211     
   16.4776083001839        7.03646865119874     
   16.1928158708972        20.8723811142903     
   16.4331350562141        6.80307821166822     
   16.5963050363209       -1.96038573970911     
   16.6050521808334        8.09925281617235     
   16.0796095624147        1.35779590697976     
   16.7331049553923       -10.4975229198328     
   16.2752933156328        3.14587494915053     
   16.4796922487228        8.32896526774306     
   16.5135202594040      -0.584251699429855     
   16.3978744689326        6.27220826721832     
   16.0501385080150        5.80503149141368     
   16.8533124138565       -5.42383661555388     
   16.5842217874193        6.14755552082290     
   16.4421644918932       -21.4081055396930     
   16.5497899578406       -21.1715691914357     
   16.2476666822815       -26.5008140960471     
   16.4665260310427       -4.15347601616755     
   16.3617711362505        18.5090659265695     
   16.5789625431605        5.25263250914494     
   16.6534634459857      -0.708124501356931     
   16.2089168534283        14.8902392595529     
   16.4696726491126       -8.80706790398539     
   16.3560816905722      -0.113463956880274     
   16.5414403967032        2.71813952421908     
   16.6462358767883       -18.9053962338241     
   16.5642178955772       -11.9070426570288     
   16.1880763924032        15.5089124917173     
   16.3394493244895        10.8833677376097     
   16.3199089497383        15.1611441937582     
   16.2296505040007        15.2194488091291     
   16.2999546638575        1.95052136115144     
   16.6028167117893       -27.0180406497154     
   16.5164250094758       -1.72780374410445     
   15.8642836532999       0.324630808317613     
   16.9229226314635       -1.86975362970129     
   16.5472760742754       -2.65529931984334     
   16.4733582030296        4.12388761464724     
   16.4640478631587        15.8982221328277     
   16.1623249829992        7.54043100399744     
   15.9471401805088        20.9692073859121     
   17.0219693660038       -5.74055110023547     
   16.6754037039633      -0.649979680179506     
   16.8555891953281       -4.65669280093656     
   16.5851697534497       -13.8045589215334     
   16.4135492866784       -9.02301767020331     
   16.5494487538936       0.230715438099877     
   15.8827141479555        18.6697314378386     
   16.4420139357553        4.62332793193401     
   16.6475170442920       -1.75442511412931     
   16.3546333829389        10.2336331961158     
   16.5589282625179       -1.03730705601416     
   16.5870187642792        3.52756731157259     
   16.4880915442779       -12.8366042508319     
   16.6001411974723       -11.0215773532677     
   16.5714701161757       -12.2586350225388     
   16.0395218555781        16.4043257692365     
   16.3312384060213        10.7383922266686     
   16.1729091748207        12.0252823351997     
   16.0482663742079        19.5961505238825     
   17.0597708158088       -15.6753935026897     
   16.3744129021294        8.49267204676996     
   16.5667360847117       -19.5916665460954     
   16.5531812014315       -10.4681319520155     
   16.3425180521519        4.55012781951423     
   16.9707131698751      -0.532753838137710     
   16.5258426801025        2.68967904081602     
   16.4950075254795       -3.44574701798023     
   16.4832600576570        8.64132534929120     
   16.2401943465330       -9.05058905510207     
   16.2746842114091        19.0782880482240     
   16.9805063947343       -11.9734001354852     
   16.5701051571007       -8.35104337849102     
   16.8348408808743       -10.2800891011923     
   16.3814805189937       -21.8880112538251     
   16.3942341776744        7.02325437372304     
   16.6573711397192        4.01480168212514     
   16.0556151473623        26.5356010601375     
   16.7592218149317        1.83260027917106     
   16.6260644644672       -8.90479842190712     
   16.2350199317251        8.71059991668732     
   16.5543662986721       -2.54459822897806     
   16.5243197974560        7.31873519103228     
   16.5217921932538       -1.33829233913533     
   16.6439660265582        10.1750010664855     
   16.0807614801401       -25.9511287954227     
   16.0887674217918        14.2903618693583     
   16.4277543621867        10.2368984605807     
   16.2154129779453        1.44290789475032     
   16.0998728546814        19.3310245260799     
   16.8750757185351       -27.0414094261068     
   16.2078013061277        14.5869905963028     
   16.5985336633005       -6.62990148941469     
   16.4279676448437       -4.00542437064277     
   16.2954341792929        2.30269276771401     
   16.6585407172725      -4.003190469828510E-002
   16.6085389999666        7.90378779316774     
   16.4708594884803        2.97889972582499     
   16.5573797187067       -3.22124685727968     
   16.5346300723520        8.31233601874430     
   16.2108263870689       -6.48376772122796     
   16.7553405875842       -27.2680303158737     
   16.2675847701733        4.24508960672131     
   16.5396515910094       -2.62496102118305     
   16.9350596145525       -9.56066502185618     
   16.2143820286094        10.6796545880630     
   16.5024512155101       -5.31299435723547     
   16.2720863731441        17.3851902711087     
   16.7615412344364       -1.97380850683702     
   16.7856555704374       -2.13007775086739     
   16.2175567879382        8.23433710896945     
   16.6491549245984       -5.59278572408379     
   16.4672329253469        3.81356183479037     
   16.3044406600654        5.42706034024348     
   16.5013683897705        5.33506568504976     
   16.5488653875517       -8.96094602106192     
   15.8536687614487        15.6407395594403     
   16.5793094614455        3.11765685461105     
   16.5713284617784      -0.898652661280676     
   15.9173796059212        15.2387289763452     
   16.4972667560221       -40.1516828233796     
   16.1669671158184        27.1494974404056     
   16.5059387835546        3.48706516487798     
   16.1840779127416       -7.91080699491917     
   16.2205718177398        8.09564493586053     
   16.7295672572538       -18.7933260866389     
   16.5552387712173        2.53831598333096     
   16.6314493191328        6.49681150341519     
   16.6322994104718       -10.3119708476397     
   16.6263530268413       -2.45209852932413     
   16.2302159556692        4.35851842892432     
   16.9952974067236       -17.0091313838182     
   16.0379949906695        12.4520358744582     
   16.6523363479394       -6.14765582934431     
   17.0068211156880       -11.2199841732513     
   16.2150055950429        6.27516490401649     
   16.1832644122706       -18.9025228337788     
   16.6057143226476        3.81300694683685     
   16.7220093357577       -10.5366835408289     
   16.8290759030888      -4.329837482575627E-002
   16.0968610132261        14.9883552797391     
   16.4203373853749       -2.71342046250723     
   16.3116813455164        5.30600268310813     
   16.2879889913763       -3.07835778079610     
   16.7912149715642       -5.87169933210223     
   16.3028536082229        10.5774024695920     
   16.8193763871209       -14.3953874079340     
   16.5164468185533        11.5609633720844     
   16.2168730580842        13.0952718808804     
   16.6724010554227       -6.43907872875706     
   16.3021719515393        17.3653114683755     
   16.5141147634816      -0.613162609270113     
   16.4519114903889       -2.83233351719006     
   16.2848894835634        17.6852881930881     
   16.5953159391451       -24.9523691385084     
   16.6193482453484       -18.0747964791363     
   16.5606554824022        7.54337046172489     
   16.6259397889255       -8.68527525072760     
   16.8454049886021        3.55255608228932     
   16.3004590990161        11.5995558994619     
   16.9371417746144        2.91685597160576     
   15.8783055323163        11.1268719451041     
   16.6296482135692       0.362426045331362     
   16.4634731668711       -13.1868337708930     
   16.5526838036073        1.00575331860605     
   16.5241787598248        8.66527203656647     
   16.3363305381693        18.2619240694721     
   16.3891252232930       -18.9268619803857     
   16.2796132209168        8.49399926648202     
   15.9374656340336        19.1317241557018     
   16.5364728284724       0.253301014991450     
   16.4773320937831       -4.94843633027127     
   16.3335415581782      -0.263025134282244     
   16.3675690224506        6.63844200093222     
   17.0135068079126       0.857952423841859     
   16.1167434243585        10.9162724677031     
   16.7272293344261       -22.4139809023267     
   16.3436839114148        16.5626737964707     
   16.1587340206769       -5.13458374814582     
   16.5612077782887        9.80255695527754     
   16.2349867223776        10.3338871642355     
   16.5212333862780       -8.85306176279426     
   16.7373204970767        3.07261390443654     
   16.5440927325681        8.65203893185822     
   16.7473915205537       -13.1488448624942     
   16.3157971292309       -24.3890904749260     
   16.5629150962746        2.20973057028356     
   16.8374319734657       -8.56011879143180     
   16.1933937167417        13.2290371675627     
   16.8776706772918        3.83062268290360     
   16.1999285809429        18.4461276877205     
   16.5309173925030       -24.2843097049973     
   16.6867912708255       -12.4816053365216     
   16.5870390709582       -6.06777653204042     
   16.5770988209581        17.3091930850009     
   16.2215008055361        7.23204801458118     
   16.5086590804289       -4.79112524321500     
   16.0998360296368        9.38520036474653     
   15.9479541378346       -3.66671803975567     
   16.5295408203476      -0.791977748152172     
   16.5772555188906        16.4888280137601     
   16.4072201076747      -0.544502579544790     
   16.1812362541046        4.91691891336835     
   16.9120222018993       -16.5031389102220     
   16.3058559800523        9.92278347665844     
   16.6937396098571        1.10133892356320     
   16.1844116046091        8.40855999870377     
   16.1963792829078      -0.578379312952425     
   16.5709264756833      -0.120251399256656     
   16.2189218775826       -12.1074357640094     
   16.8064562064348       -13.3294679128843     
   16.7085623654899        6.02760510153787     
   16.5646259783437       -18.8463547318917     
   16.8014079862741        1.29463253258708     
   16.6037255936215       -6.59079336445902     
   16.1179987305676        2.87772836606481     
   16.5133617565383       -4.35155848532107     
   16.7200654011636       -4.65435550763597     
   16.0078465252033        21.0099361740788     
   16.6335069676999       -8.61021627951333     
   16.3025502196975        6.70192768031336     
   16.4354096453567       -4.61700626586407     
   16.6600790365494       -8.39004851046208     
   16.8693527449233       8.260687905352881E-002
   16.4782970445396        10.1300809594962     
   15.9322590405880      -0.307983399016460     
   16.4145236450575       -1.16508134906690     
   16.0579651740632        13.2572806994209     
   16.1930602211531        22.3263578921075     
   16.6380308079379      -0.748175160025285     
   16.5855858777706        20.3024544050004     
   16.4836519584244        1.96045063747033     
   16.1181122468844        5.45907793701193     
   16.5899625157592       -39.2490091747416     
   16.2973449459741       -2.14428275069556     
   16.5249787287828        19.7476077684389     
   16.0070329652461      -0.565308430145601     
   16.2850047680805        7.11813263900729     
   16.4990432771095       -10.8683793721188     
   16.4174658994548        2.94152038208927     
   17.0142117813046       -8.21220601887721     
   16.5513836632267        7.32410359022596     
   16.8662399680698       -24.2241856579064     
   16.7836140942414        14.3524061281098     
   16.4635013006401      -0.978064415752495     
   16.2784889640196        18.1088278222164     
   16.5077920992026       -4.58231263795453     
   16.8098512172081       -18.3213413604909     
   16.1404919810587        18.8547932331877     
   16.1680132983445       -29.6091973088966     
   16.4483987633897        3.28079665366407     
   16.6381919323315       -2.76648045057140     
   16.7414067486921       -17.0387603121959     
   16.8917738602415        10.2986671757266     
   16.4734715750005       -11.7583372537379     
   16.3640245598219        6.85364286991116     
   16.7008922295704        2.06714066751135     
   16.1059494798868        6.42906258751642     
   16.0074834601259        2.55872291009059     
   16.5241216659062       -12.2560566415662     
   16.4533888912630        3.63864136864998     
   16.5153251088817        3.61460238674976     
   16.3320974884730        11.3627015656955     
   16.3669740225380        17.9176331519286     
   16.6341715757389        10.6401959843184     
   16.2450731079809        17.4337013037650     
   16.1586752835109        3.90416368710836     
   16.5611070476254       -13.2349105560526     
   16.4794056237255        3.61535144401574     
   16.8657362399268        3.19510693481257     
   16.3523408827310        6.07362214711306     
   16.8521883979973       -13.9568938081082     
   16.4629565627759       -24.7297124122384     
   16.5655621532484      -0.689508715489598     
   16.4333995340447        15.9406293320944     
   16.7590359175156        2.49448331159032     
   16.5752330326238       -6.74717127835656     
   16.3030116283209        9.73395487432918     
   16.5358592880286      -0.815874283650308     
   16.4297290296655        9.95367241132860     
   16.4564517944640       -4.80497362997595     
   16.8822627706250       -2.02388613167293     
   16.4771170927413       -2.36374671034706     
   16.4170003727515       -14.1643256857365     
   16.6875076130917        3.59023760191686     
   16.8484054321150       -3.40203017913283     
   16.1521091583495        2.77313635081236     
   16.0897265128234        21.1844215216254     
   16.3209724760938       -21.2357386816212     
   15.9787845947671       -33.4193318139764     
   16.3301393531573       0.181554834183359     
   16.3780813670593        9.96295853956753     
   16.8508789797353       -12.8177804720429     
   16.3330976329798        14.5132191642375     
   16.5021199003515        13.1771132036606     
   16.1025233105133        18.5305485590340     
   16.3702009908156        3.88491976567836     
   16.5322933868909       -3.73633269262072     
   16.3049085138653        5.48063118457386     
   16.1848288224655       -4.78896149984669     
   15.9553362484760        26.4746449739790     
   16.9094766645090       -8.42474538607007     
   16.5645924302420       -21.4749875368673     
   16.3907671658656        4.44267225953930     
   16.2363441868974        6.97335859669397     
   16.6345054292389        6.73759356138546     
   16.6862558312802        8.09811383748930     
   16.1748128571579        16.3853609738874     
   16.8725957643696        5.13156838551776     
   16.5936593115175        10.5278482084980     
   16.4309543730700       -17.0948224368254     
   16.6351832485587       -2.33917129762636     
   16.6301075925220       -4.99689388715025     
   16.6172383085597        2.24308184482127     
   16.5496346155659        1.67598561792182     
   16.6682475973467       -39.3052465794242     
   16.3410283294635      -0.549593143514824     
   16.0098355984422        15.9447224763546     
   16.4797632814342       -8.75265425760882     
   16.6319259069761       -4.02249337257031     
   16.1925005958985       0.976178415690280     
   16.9834596841834       -23.5342323838664     
   16.3728098033310       -12.8380242120954     
   16.4161285619888        4.13704160500220     
   16.1631326929889        13.4989307923965     
   16.4479403870067        2.19405528713174     
   16.3283671995983       -6.02286134396480     
   16.4676257407538       -2.69623706139258     
   16.5254231894652       -2.88886035030898     
   15.9346764473333        13.7943495122187     
   16.7986507811588      -0.514482157361255     
   16.8739571573411       -14.6574731409688     
   16.4239619350600        1.61084083501139     
   16.3124277996593        8.27716091448984     
   16.6725490342897        11.1365560115267     
   16.6224690744927        16.0583759044519     
   15.9169453442725        17.4261369637590     
   16.5142812879378        16.5259353484989     
   16.6228356982887        1.19051421769927     
   16.7156587891835       -12.6452950882772     
   16.4396431885139        8.90030072637934     
   16.5173536580631       -8.10542411710187     
   16.2167012621007       -3.06523723476615     
   16.4846679488321        8.41549447264763     
   16.7097160580306       -43.5234091846104     
   16.4221173089332        6.06561430584186     
   16.2887151698770        8.52074291050837     
   16.4998907452281        1.49770487334734     
   16.8188933955478        5.15138893332988     
   16.4666724979933        7.38704447415649     
   16.1788705246031       -4.06210183643558     
   17.0684895434572       -16.7240429656057     
   16.5829445795733       -14.9049569932368     
   16.2229464602476        4.06589007756261     
   16.4113207467550        4.84325761339577     
   16.5999779565134        7.33056984469300     
   16.3881467442421        1.08406820378536     
   16.5253940770875       0.705513861123693     
   16.7365001014273       -11.1531944573821     
   15.9447468839604        5.52033876989853     
   16.7744163746281        3.34349747008953     
   16.8330393498205       -5.47691519708131     
   16.4400330479051      -0.257719705642465     
   16.2570661866257        3.81756181293662     
   16.5402562627718        4.66919293538285     
   16.4906943956301        21.6371729114824     
   15.8137348583372       0.501636037118895     
   16.5260912371374        13.3800868268000     
   16.6281822615141       -2.99567138963604     
   16.7597001855643        1.52517144703780     
   16.2058659491132        15.1440409207068     
   16.7976274245900       0.375278566487612     
   16.2656588592574       -7.00932428725983     
   16.1599540909179        1.28785531580222     
   16.9731676347170       -8.30850019191670     
   16.3640726161527        12.5046052842731     
   16.3513086721566        4.80835866619008     
   16.5930717475948       -1.11049296842899     
   16.6236742716895        6.43662555755146     
   16.4661105337851        14.7264825404429     
   16.3965895960475       -4.78828673664575     
   16.9036891619043       -27.4952222100366     
   16.7600438660527       -10.1966995949553     
   16.3075063216732        6.26247514335052     
   16.3855595273264        2.15895912716941     
   16.7947056464160       -9.25526935976755     
   16.2044403816390        2.23378397518742     
   16.7098222451645       0.766548042281396     
   16.8913781444948       -13.5245067580483     
   16.1528787478170        4.11947649447876     
   16.5762651171897       -15.8525678800304     
   16.3224785194200       -10.5359227832144     
   16.3259952995899        8.58080294726916     
   16.5581015255409       -9.15554490580655     
   16.5894083052225        16.2644764317537     
   16.1504477549580        3.46413042210518     
   16.2571005383603        8.05929159079673     
   16.6790775895284       -3.79952387486232     
   16.6702910005430       -2.34642222293658     
   16.2241753633316        17.5216936188775     
   16.4925310245435       -4.58679099176437     
   16.2736152497455      -0.468795615994009     
   16.3917051518734        8.52487017798591     
   16.8677864171311        3.75449907585805     
   16.1146860970882        22.5177207071420     
   16.1621867906810        1.32606317274314     
   16.5153771735933        6.39735482001008     
   16.5688073904774       -2.53108564762714     
   16.1418999006147        16.2297310532703     
   16.6022504934436       -3.66782056137452     
   16.6693948342219       -21.4595215604254     
   16.7748628532953       -4.56799978765717     
   16.2623098165242       0.427796253275099     
   16.3371429965150       -4.84994122424686     
   16.7076558775626       -2.01247695342738     
   16.3486692187191       -1.51011200977729     
   16.6280432992585        1.17611581345015     
   16.8280382024874        9.88558219896008     
   16.1329590671291        5.34471045965971     
   16.4751278686219       -8.12023527948783     
   16.9427523925088       -7.32022484471589     
   16.3881611245543        4.26586771017843     
   16.3992102092714        5.39936841256203     
   16.7540597038178       -11.5730638905898     
   16.4051672360793        3.43746584061112     
   16.1714020557338       0.357582588038390     
   16.5346580532042       -5.03011415725395     
   16.8607909939087       -5.83312475574775     
   16.6772710682180      -0.463131139579375     
   16.3442743355034        10.8504765585957     
   16.6112443153425       -8.30426963220809     
   16.4251078650711        10.0747363449736     
   16.1780488822075       -2.41738304184537     
   16.7696381385206       -1.78858135353808     
   16.2749230305054        19.2061630068009     
   15.9705637159421        2.84817681357966     
   16.6754371624627        3.41301127491692     
   16.6065965308472       -1.08056347931019     
   16.1576400854911        15.7104453487114     
   16.6162068453220        11.7366648373404     
   16.4220266028536       -20.1877726769504     
   16.5086241010689       -2.08418717743985     
   16.1591020063811        1.36829542184931     
   16.4131537546718       0.180200760375201     
   16.6689246885985        5.95991878445359     
   16.5369660098747        2.75996811319497     
   16.5325095015785       -5.68308195509658     
   16.7639719794992        6.91458212438154     
   16.2228526986292        10.5689535856143     
   16.4502778140517      -0.640098874600889     
   16.9520192990914       -19.3055631875138     
   16.4767532651627        5.31513101743630     
   16.5517321799792        9.84635257667896     
   16.8794408172966       -10.3236040902703     
   16.3131468755908        9.23336102096029     
   16.3974668872601        1.03981648031238     
   16.3850461043088       -9.89175637138812     
   16.6481991422484       -8.42895177002707     
   16.6897744720449       -6.50268878846792     
   16.2929162394284      -0.838821515801038     
   16.6657812638421       -4.99997262205541     
   16.6439046989957        7.10477548797539     
   16.3476343286284        2.70430384053220     
   16.6045243266498       -11.1314352315059     
   16.5548456509934        2.48120341221998     
   16.4072019918680        9.75406545806746     
   16.4939729221591        5.17833602335923     
   16.5358177290394       -5.98363490855962     
   16.1734564374105        13.4301470364422     
   17.0639589154678       -6.57341654341394     
   16.5727946958639        1.77368911161853     
   16.3490692033899        5.03104436289210     
   16.2964067677899        2.57639422633401     
   16.6777287577028        14.3033136113523     
   16.4756819433982        9.23709584381097     
   16.4749987813622       -9.43481673829415     
   16.5803732039989       -6.18573862993266     
   16.0188194818624        11.0664167917488     
   16.4575684570482       -4.56982564181445     
   16.6993049605683       -3.57705959621239     
   16.5392334414028        4.61268913850785     
   16.4107325929382        5.63130895013517     
   16.5994206825561        4.26364293543318     
   16.3437312763852        8.85677791737336     
   16.2931766082765        16.8788761744707     
   16.3575198168437       -6.80023465590332     
   16.5278134605814       -1.39835198142714     
   16.6579059150502       -5.96806428786016     
   16.2678327962231        7.29309861172480     
   16.5777098091801        3.08504407997759     
   16.1104317166535        20.8896906645603     
   16.6453768191743        18.0981819034107     
   16.7226784842565       -5.38165651982749     
   16.5131248514029       -5.01963564834850     
   16.4632857659815        4.03847682275236     
   16.3185119462422        4.41682082226333     
   16.6454886948516        6.20364460720485     
   16.5534957470731        7.37489666619915     
   16.9011076251643        3.58156638691381     
   16.7703526358834       -17.8713309229615     
   16.5655467779208       0.955070506516332     
   16.5456218025802        1.55413233598988     
   16.2048656837528       0.321317484172809     
   16.9046490461278        3.67387871151231     
   16.3478322825956        7.42669033321172     
   16.4298582157272       -3.50011154881435     
   16.6021335484437       -6.92668621468025     
   16.2327320122053        7.08532792284580     
   16.4859642244297       -2.34795872935292     
   16.7932725268228        3.75980443515770     
   16.5563414025559       -6.24274286192331     
   16.2163772507549       0.988463836315857     
   16.5677461281174       0.677960594487860     
   16.3312167345754      -0.938059654462029     
   16.1652326852751        9.42136449827745     
   16.3460800778317        7.58371581221761     
   16.3720689616365        7.67539766345568     
   16.6400065491915       -10.9382235697087     
   16.0332097829316        16.5320402789854     
   16.6776944417901        15.4721654636492     
   16.0606709395525        4.68027508273700     
   16.2891308428462        20.3912134901496     
   16.7340613461251        2.00553500629862     
   16.4772394481765       -7.42316110523297     
   16.4706923822759       -16.1191986474219     
   16.1463472925237        6.95184529727433     
   16.8549313602460        2.73511353364557     
   16.8016390556347        3.95344961538511     
   17.0020615149370       -3.84952565065310     
   16.7175843742419        18.2153808211974     
   16.7827906358035        1.02351487783302     
   16.5597669725832       -9.18362833068211     
   16.4453992085318        4.38320871673291     
   17.0185975188334       -20.4137224670836     
   16.4642346465552       -5.16004244228190     
   16.6759013090382        3.72735528579414     
   16.6897364316742       -3.50262483397408     
   16.5344938115741        5.07805828733982     
   16.5470601515376       -6.90191364237402     
   16.5454420240161        2.38230300689448     
   16.7561711424945      -0.203362296154708     
   16.3991023654971        7.54480232657566     
   16.4116548598567        1.15193355403396     
   16.3177982124652        5.71494917034862     
   16.2581564734911       -1.90690837655432     
   16.3041912404411        10.8882957044833     
   16.3337820430532        1.79845539443730     
   16.6751835132107       -7.14590898791631     
   15.8038409775050        15.6746461234507     
   16.4544676726309        16.3564107452173     
   16.0775421347015        23.1599191142225     
   16.4338009079450        19.0703004444284     
   16.1295639382052        15.0237089412076     
   16.4876111816724      -0.599772874021143     
   16.6327610250366       -5.96238521927590     
   16.2665114665692        13.1069030570458     
   16.6100132650474       -13.1187071784710     
   16.7342717450407        3.59197088775661     
   16.9539200646137       -5.09775248970263     
   16.7866925618262        14.1422745205569     
   16.5927728181765       -11.1286578074117     
   16.6034493737506        2.92942220325966     
   16.3482561881038        11.4285050838763     
   16.4267828402084       -48.7708627371531     
   16.1658237201486       -12.0179631700832     
   16.6098964091899       -18.5524711121806     
   16.4431700010453       -10.7535706227558     
   16.7377899740031        2.16045999811122     
   16.5667639007840        1.46945361235903     
   16.5149026523828       -1.09149328729401     
   16.7492577946042       0.432365762809384     
   16.2522300615417        9.73954241853650     
   16.4029725454239      -5.683511738529212E-002
   16.1315511819336        9.18760499280329     
   16.4714715204285        6.91831759929475     
   16.3935332498431        14.8123580882525     
   16.2788302279063        5.81664901491385     
   16.7353246241623       -9.75674974697923     
   15.9793334163294        17.7568397262658     
   16.4212678161554        11.4177491463761     
   16.2594427748931        15.6719426065542     
   16.3387564515251        8.72791503869815     
   16.1278992853295        8.69180131826953     
   16.3467277822182       -3.29256505800914     
   16.7305245987880       -8.15915690794606     
   16.3940975955693       -1.75830717706470     
   16.5999507784355       -17.4470829384404     
   16.4529295968056        6.38227430422201     
   16.8413996185570       -10.5533370025307     
   16.2660495726431       -16.8345646747877     
   16.4510150328961        3.27001645759865     
   16.7370012364531       -5.15435658506390     
   16.2009863923973        5.25873544606452     
   16.8186075093555       -33.2444413958554     
   16.7064039387763       -1.05768296245447     
   16.6147354959634       -19.0137659236120     
   16.5342803028887        10.6289908955733     
   17.0230713400482       -3.39850330250909     
   16.6529874717540        8.83398473279489     
   16.8382283094688       -5.27581584793254     
   16.7587364959984        9.25717962725969     
   16.1404190086223       -12.7499138976904     
   16.6397002247906      -0.418783578388249     
   16.2200811491700        9.67537843148275     
   16.3461480404859        23.5676775014743     
   16.5673751736070        4.40635161486394     
   16.3465994923021        12.6496229158628     
   16.6103691787078       -12.1815078736522     
   15.9473818300873        11.8902967022595     
   16.3014569626605        7.50588823578981     
   16.1200343956783        11.0860371375847     
   16.6068377949256       -5.00357348837464     
   15.8540679941353        14.0477551557998     
   16.4619091464955      -0.175187211345543     
   16.4882588330782        7.15319443343029     
   16.3781327854417       -3.24034786199798     
   16.7336786037990      -0.305924689411209     
   16.2430936967521       -2.11047628270987     
   16.7537262457446       -12.5989681782016     
   16.3115855290436       -48.8884204581487     
   16.2771303987290       -5.44721857667476     
   16.5391122732661       -5.59191114237230     
   16.3435677719086        11.4217925057909     
   17.0457521241610       -6.04706851993798     
   16.7065138152078        4.34071652922754     
   16.9208612466951       -6.78652130019043     
   16.1727767585864        11.2748403947949     
   16.9024818681427       -18.5432022640854     
   16.2783143841911        12.4979938594825     
   16.7057685353126       -8.64223920500557     
   16.5173881853581        11.3863342798534     
   16.3503635199954        10.6251220623115     
   16.6580848753948        9.65346680215449     
   16.3018509799769        8.66546771247133     
   15.9579746663520        21.7254315906559     
   16.4754117336525        6.53113734924770     
   16.1532464578470        18.9991912710264     
   16.5310482033292      -0.661204390624046     
   16.1892856379739        5.94093511606828     
   16.3947943368083       -4.95795442494367     
   16.1869511589926        1.77789888257420     
   16.7020878255281       -4.30817368125534     
   16.0097621202306        6.62431283692562     
   16.5562998537772       -14.9184714257258     
   16.4695164721402        10.8364249727074     
   16.5235392099694        14.1585463460069     
   16.5980480026829        11.9732704878762     
   16.4088582618455      -0.407582095695117     
   16.7138081130466       -12.0673183656240     
   16.8776189112832       -15.1665968077280     
   16.5013322491407       -9.68617061266305     
   16.5403121400822       -4.51579511307735     
   16.5514331617517        14.5602620453186     
   16.9340438735792        1.47673643935404     
   16.7767249556488       -3.64876653612838     
   16.5419904757514       -6.51071928109025     
   16.6914850321827       -14.7346546794471     
   16.4248966536968        3.77601513680077     
   16.6499710756943       -12.1557736552562     
   16.4313786417889       -2.17804074822665     
   16.4526016757627        13.7717115836008     
   16.5250452807525        17.5447864170904     
   16.5333982889138       -6.30364000214406     
   16.2628323168119        21.7124077144983     
   16.2603105063175      -0.478946647595041     
   16.3240727630811        19.3224203580243     
   16.6228629002403        2.87443098505293     
   16.2213394093808        1.94887913986528     
   16.3281201373090        2.09975760480882     
   16.1985872360855        8.20495132786139     
   16.6658055942697       0.348797887347827     
   16.3806445094331        9.35142402294716     
   16.7965740832420       -6.14301187088037     
   16.5919416942367       -3.90125938631548     
   16.2985666027117        15.7812426728974     
   16.7663423904744       -1.60782447968967     
   16.5623560984681       -12.4822891517950     
   16.2582015837113       -10.0289527401715     
   16.9102212174902       -4.85605225355111     
   16.8059248889415       -9.02369838445307     
   16.5382709111736        9.43936739467146     
   16.5600237487243        14.5810191954417     
   16.7942790499856       -8.20582758315230     
   16.4911047616564       -8.84549827354744     
   16.4509161106705       -10.9941935309784     
   16.0894705822007       -8.80618856182681     
   16.7057499120832        6.68307443000079     
   16.3041904015906        7.51654595718164     
   16.5447214858899        15.4502407090503     
   16.5720840745443       -9.43812878350052     
   16.3161648110382        10.5179584789551     
   16.1904657901614        2.27124038344959     
   16.4506397895543        13.0567650717315     
   16.1654287716033       -11.3310386855079     
   16.1406713289172       -2.52681532951538     
   16.3300605885088        11.3953942626019     
   16.6105162850907        11.4176237216449     
   16.3182560601198        13.6090051464199     
   16.2466929939930       -3.53884069297621     
   16.3352037301320        12.0512344765777     
   16.7016361970826       -1.04593203645045     
   16.3593985732547        2.99174414282572     
   16.6701432989608      -0.649404930216561     
   16.0333327520827       -24.1598767798732     
   16.2390222303681        15.2534161456917     
   16.7457733025380       0.115795340201346     
   16.6409972432641        9.14480968477365     
   16.3635547771352       -12.5887002227514     
   16.6574690698079        10.9066259576669     
   16.7437657346572       -2.02885985485679     
   16.5341139937359        1.43565578409242     
   16.5370020291088        6.65440651435103     
   16.5920625871702       -15.8117671083125     
   16.1425125161452       -35.2688738586580     
   16.4906790259674        4.40448804037913     
   16.6290115930939        1.31342228904990     
   16.6346853451104        9.93407570996344     
   16.3443125813939        6.77159106516786     
   16.3036076499554       9.371532924253234E-002
   16.3905808677768       -23.6145710535645     
   16.4090995031151        13.7798691735561     
   16.1468132540430       -10.4657155338651     
   16.4038862117116        17.1893669519997     
   16.7070324319508       -14.7103755776717     
   16.2043540820503        8.22831930103087     
   16.3837189408876        12.9392131488756     
   16.4514561680806        8.86041258168850     
   16.2877227877123        17.0955533650158     
   16.2949757126525        5.25317019118091     
   16.4500470640436        4.58116648594885     
   16.3376852979223       -6.24435818487897     
   16.3290781181020        8.08400806138068     
   16.5271968649105        9.34835326779019     
   16.3329983154722       -20.1665347380695     
   16.1651339430486        11.6197524603473     
   16.6472362591045       -17.0707665890050     
   16.3851243945909        10.9571028654615     
   16.8312071119169      -0.709297445891954     
   16.5991870175413       -12.5337072650134     
   16.6623969261125        11.1658072565211     
   16.4796446315755        8.67220864210207     
   16.1693867735524       -14.4156150250018     
   16.4590910024104       0.417023978903815     
   16.6007042199234       -10.9614365119317     
   16.2316103167737        10.1693055139011     
   16.9289572013758        1.14914435696158     
   16.3855367591254        10.1535690401029     
   16.4232738948449        12.3506864256276     
   16.7367759913833       -4.97369506064429     
   16.4140669699615        9.24796539116878     
   16.6682697783783        11.8333222182119     
   16.1410947998711       -4.91295577245328     
   16.3959981832169        1.26858857914557     
   16.4188584608417       -1.77768012072853     
   16.4575470065724        9.65276395945720     
   16.4083423128324        13.7757963841143     
   16.5079742046916       -1.61460410402292     
   16.5195634570572        4.65584671532393     
   16.4846218945948       -2.59758072610095     
   16.2797278873672        4.83852109822083     
   16.4210225275371        17.1223798796798     
   16.2914174248378        10.7745889595783     
   16.7335532820525       -1.66016105368824     
   16.5174661067648       -4.90001187603378     
   16.4259472400237       -4.38705337917709     
   16.7564441794455       -3.15230305317461     
   16.8012835086905       -13.9037769003572     
   16.3256269017189       -4.70655760492672     
   16.5083807056313        4.59769700746482     
   16.4701891221310        3.50910321262082     
   16.4492939204346        10.9134756610522     
   16.8243192207492        3.19562601922983     
   16.0956897378144        5.92369723107717     
   16.5800973933350       -6.51888130257157     
   16.7223215464896       -18.0186140649811     
   16.2683955520189       -17.6633127588908     
   16.0354242503938       -4.30671797271763     
   16.6407892341139        8.89216692003291     
   16.5155528658008        13.1999649512858     
   16.6020814993554       0.558842269457754     
   16.3878709898969       -8.18169207438985     
   16.3106678207674        8.18880437076081     
   16.5780625390158        4.59413289688209     
   16.6894567607033        9.39491956488707     
   16.4145350180146       -17.0936065608265     
   16.5112144762386       -2.55938266762532     
   16.8016331163923        4.17344155926539     
   16.2837396387458        22.8027492985123     
   16.2278913015910        27.5066468946968     
   16.7699856583994        6.70498524301085     
   16.3663686053597        14.3665145061111     
   16.4456711739064        1.96446121034874     
   16.4385481872591       -2.39551046018820     
   16.5821348081186        3.34657489192665     
   16.8684843010089       -26.1831880469065     
   16.3573391649340       0.481621229042054     
   16.4547978693926        4.50967351715346     
   16.5741350128370        17.2800014403994     
   16.5028072171155        5.37823747156892     
   16.6679801393285        8.75736886381152     
   16.2496280383895        9.90480899558671     
   16.3138736098178       -17.9117747230918     
   16.4712080689768       -9.89312668184582     
   16.6749121629119       -13.2042119547984     
   16.3983394816677        3.10524341308954     
   16.7891916613232       -1.39922520133429     
   16.7322120484575       5.166931938394193E-002
   16.4733816376915       -6.45290109718964     
   16.4501262378256       -11.0106616574426     
   16.4171969442986        11.7675038598224     
   16.4505271221870       -9.78642037354089     
   16.4497977514536        6.49318365244435     
   16.2845683705785        2.91374109554083     
   16.7646114826665       -3.42284262391430     
   16.4404697376604       -13.6479246221893     
   16.6110296267562        8.08950001507255     
   16.4616625896109        8.45188162024723     
   16.3633078744321        17.6714526146289     
   16.1776303900880        23.8497070655919     
   16.4854981153317       -17.3401048466864     
   16.0951132495713        8.92785282917039     
   16.2581984841818        14.7247075476954     
   16.5360256135246        1.62844069408494     
   16.6393298498485       -7.09355825721679     
   16.6892229615576       -6.00846327011394     
   16.4968066418961       -2.33164362974685     
   16.6781109258011       0.401606020244690     
   16.2865816722922        4.10886320013319     
   16.6668095263571        5.12437318060150     
   16.2221245641943        14.7194281098414     
   16.1085703046856       -19.5735477501454     
   16.4820465041709        11.0681855014847     
   16.8343818052334       -23.9739175665327     
   16.4517909708955        10.4434398567636     
   16.5967999788381       -17.0201853399581     
   16.5579705412145       -4.95416910895670     
   16.4225377557880       -10.1318824737535     
   16.5896583170051       -2.20196664900601     
   16.5108158441283       0.382377730503608     
   16.4110893632536        7.07032846378429     
   16.5521452243034        6.70448314485601     
   16.3277524782360       -2.69576519185830     
   16.6970779011608        6.60066568314723     
   16.4546180488533       -12.6320935015592     
   16.6247069170836       -2.09712743552456     
   16.5026354211056       -1.30787026112779     
   15.9203709181607        15.9056575970788     
   16.5803459293123       -11.4379399166310     
   16.1084789171652        18.7010255224964     
   16.3586315757681        14.3277285496247     
   16.7429592622322        9.64838227100935     
   16.6115684814810        6.90995267933558     
   16.4513219889947       -9.06129486425115     
   16.4588303744722       -2.24970006461236     
   16.5886190418787        1.07601277226779     
   16.5106794558952        4.14836779625053     
   16.3982849114491        1.47116500803329     
   16.7404761905855        1.12550670109542     
   16.2512389214338        13.9622502163136     
   16.4059202600625       -9.16081745648687     
   16.2826603189299        17.2345017544626     
   16.8020176585079       -11.4931820053097     
   16.3576744287659        10.6302925918884     
   16.6631228650638       -6.09921935415622     
   16.5132648265503       -1.83374635337719     
   16.5436064972231        2.96404918065229     
   16.2345076972223        17.3941280375533     
   16.2471495833786        17.3686683554919     
   16.2674917981710        17.1402174972872     
   16.2929704615687        16.7075596429775     
   16.3212234480253        16.0827095224966     
   16.3498229458573        15.2892542077662     
   16.3769893187834        14.3560894814640     
   16.4013112528487        13.3122108905152     
   16.4217928938230        12.1844673569882     
   16.4379388551751        10.9961011896670     
   16.4494299279140        9.76640890807039     
   16.4562292661363        8.51922203553213     
   16.4583923353414        7.29284670642687     
   16.4562723978050        6.09643137970835     
   16.4503487450850        4.93547896864408     
   16.4411540932681        3.81317517348391     
   16.4294546282420        2.73156151912570     
   16.4162195248727        1.69202367019961     
   16.4025302956304       0.695805732098734     
   16.3897065492729      -0.257138106726298     
   16.3792652064233       -1.16861917570964     
   16.3728316143193       -2.04126890532273     
   16.3720203213138       -2.87631557657978     
   16.3782957865821       -3.67731596502563     
   16.3924146933215       -4.45119872043097     
   16.4147742786178       -5.20740781007869     
   16.4446115585375       -5.95688529854323     
   16.4804131957010       -6.71088628621463     
   16.5200240268775       -7.48051773032576     
   16.5612417333873       -8.27391419191692     
   16.6016734984664       -9.09587389385506     
   16.6395473373199       -9.94780095743925     
   16.6733099157652       -10.8275830095826     
   16.7020168467554       -11.7301273162950     
   16.7250582711484       -12.6480096292255     
   16.7421425872691       -13.5705181900185     
   16.7534102234134       -14.4569480948078     
   16.7590417898224       -15.2838045080964     
   16.7593702834815       -16.0419483594052     
   16.7548550776493       -16.7226128351094     
   16.7459643686519       -17.3112576132331     
   16.7331938503412       -17.7969488942419     
   16.7171395031382       -18.1720671397764     
   16.6984409210107       -18.4311290104191     
   16.6781297192420       -18.5702899558648     
   16.6569961500574       -18.5875862236889     
   16.6358997322487       -18.4812532040732     
   16.6155661706922       -18.2485719509074     
   16.5968009239640       -17.8844231656239     
   16.5800139172661       -17.4260267077773     
   16.5655004589246       -16.8810777827226     
   16.5529523432845       -16.2221346622452     
   16.4985390582689       -10.3601763328337     
   16.4848402965155       -8.60529690782365     
   16.4698666670511       -6.66893749694942     
   16.4539658929305       -4.57699570693702     
   16.4376982481814       -2.37709938919740     
   16.4216691605336      -0.106455153882098     
   16.4064877354075        2.19679860266171     
   16.3926144066161        4.48386971613514     
   16.3804458443157        6.69936132104195     
   16.3701444932186        8.79354845384740     
   16.3617982560496        10.7129617352059     
   16.3554474605472        12.3983600722249     
   16.3512084309551        13.7839102739388     
   16.3489329474840        14.7995663433283     
   16.3479637494565        15.3719208901603     
   16.3471523240441        15.3342924414101     
   16.3452453473585        14.6155845162379     
   16.3407989860652        13.2554758984964     
   16.3330716691696        11.3454029740374     
   16.3214496320190        9.03511329842912     
   16.3058905873274        6.50220420027495     
   16.2171350007066       -2.19801304376607     
   16.1936674890844       -3.25289229723668     
   16.1720103503380       -3.66349036829350     
   16.1533493191298       -3.38957589751307     
   16.1386338042679       -2.43085059788298     
   16.1286440542022      -0.831296839447011     
   16.1241366141575        1.30540275105504     
   16.1256346615405        3.80024992112328     
   16.1330832203409        6.45012204882929     
   16.1456702226223        9.03531101553270     
   16.1624295297528        11.3313484128470     
   16.1822699908570        13.1140014781272     
   16.2042298433861        14.2603036534250     
   16.2274635157045        14.7205595694438     
   16.2504900672192        14.5281056833720     
   16.2721907240473        13.8676678036875     
   16.2916028571299        12.8127152029349     
   16.3081349478211        11.3976199384869     
   16.3213889860477        9.65839361379427     
   16.2390922554303       -13.4860551251808     
   16.2146893588123       -15.6158923541862     
   16.1933682069625       -17.3453016186981     
   16.1786664541988       -18.6370865895740     
   16.1740101394432       -19.4742479794263     
   16.1822622194957       -19.8629059945464     
   16.2052095913254       -19.8327295738783     
   16.2430046406388       -19.4332922539913     
   16.2943343580465       -18.7294380478637     
   16.3570210367325       -17.7969702644773     
   16.4287079706377       -16.7195512699914     
   16.5064144670432       -15.5846104027839     
   16.5867115262545       -14.4772366644329     
   16.6661071841924       -13.4738624293483     
   16.7409575939137       -12.6337875090972     
   16.8081260465083       -11.9848160510381     
   16.8650507854985       -11.5464423527735     
   16.9001092619236       -12.1255766452210     
   16.8535011783170       -12.4822646890912     
   16.7967659926944       -12.8750555608452     
   16.7324887848503       -13.3008117527542     
   16.6641820404498       -13.7826125171087     
   16.5959856891358       -14.3116408912625     
   16.5319870306680       -14.8573134085238     
   16.4756962174162       -15.3858367209327     
   16.4290759707607       -15.8701081506592     
   16.3927523984654       -16.2825977464295     
   16.3665462501625       -16.5978525740898     
   16.3498866230357       -16.7925539024606     
   16.3416451075021       -16.8564855460789     
   16.3403387216926       -16.7685746060181     
   16.3442696032874       -16.5014045030476     
   16.3512410880827       -16.0267194508882     
   16.3599721999174       -15.3175419008912     
   16.3689074948635       -14.3495376443816     
   16.3776610068420       -2.75227134060494     
   16.3652617554241      -9.164166437064836E-002
   16.3475261851925        2.58381177500951     
   16.3246461457605        5.15735188181651     
   16.2973115164931        7.49892980720436     
   16.2670151207189        9.48213236350112     
   16.2352238192355        10.9951576499272     
   16.2031216537315        11.8515665893866     
   16.1717158596716        12.0289251080181     
   16.1414648432456        11.6066788222613     
   16.1132160863230        10.7101213432028     
   16.0880726859208        9.52784591035571     
   16.0670713990102        8.23010108982187     
   16.0507550572458        6.96749987122009     
   16.0392048347520        5.87724360047602     
   16.0320987971037        5.07080784944103     
   16.0287972038835        4.62641693772578     
   16.0290988711443        4.58688152947384     
   16.0323777674411        4.96242909820714     
   16.0385571252516        5.73486396825567     
   16.0473936849960        6.86001432495259     
   16.0587473792332        8.26558949934579     
   16.0724919590644        9.84812139899248     
   16.0886291443247        11.5061979862262     
   16.1071627103688        13.1324504990108     
   16.1286352389535        14.6190604549085     
   16.1536417021664        15.8640568300744     
   16.1828253716634        16.7786938113811     
   16.2167740135604        17.2945918770984     
   16.2560037123562        17.3698141449177     
   16.3000105266803        16.9889389859710     
   16.3478117129615        16.1590372406960     
   16.3979035544052        14.9086877961002     
   16.4488709303793        13.2795897645581     
   16.4990314320230        11.2941066841001     
   16.5468285261691        8.98578990224638     
   16.5903115026251        6.42757381268859     
   16.6279136649132        3.73081895194289     
   16.6582760928808       0.975207325533749     
   16.6806331820249       -1.75378928073387     
   16.6948457103752       -4.32881149172514     
   16.6573431153402       -15.3697856773059     
   16.6508666111613       -15.9248075645617     
   16.6481381158475       -16.2629380142205     
   16.6498356899078       -16.4018587892002     
   16.6563057257479       -16.3563307954277     
   16.6673119399127       -16.1395978315553     
   16.6821832940881       -15.7615828880463     
   16.6996099417345       -15.2296072570565     
   16.7179352512435       -14.5507305120055     
   16.7353443497582       -13.7339842806143     
   16.7511639016519       -12.7935723031480     
   16.7649020008401       -11.7560679815791     
   16.7763735064313       -10.6821880972201     
   16.7851091203450       -9.57931304862329     
   16.7904970813678       -8.45608689138008     
   16.7917371185598       -7.33552114254371     
   16.7882954288773       -6.23889520011115     
   16.7796021298935       -5.19249648490177     
   16.7653295053502       -4.20763593909621     
   16.7453800825120       -3.29467140418354     
   16.7197373499773       -2.46879963585697     
   16.6887810130346       -1.75225796208237     
   16.6531926728904       -1.17432609376517     
   16.6142160021943      -0.802361161018443     
   16.5736192001071      -0.695472766987955     
   16.5337674229388      -0.847014326803069     
   16.4969909535076       -1.22655128511677     
   16.4651863853576       -1.77110150367621     
   16.4393512940501       -2.39315204873619     
   16.4194169564295       -2.97018163139470     
   16.4046460695289       -3.43669374568477     
   16.3939400792005       -3.75863455130799     
   16.3859965373071       -3.91106353772067     
   16.3805687965758       -3.88526805878641     
   16.3768892419160       -3.68207060740168     
   16.3742930261620       -3.30605992186853     
   16.3718865211015       -2.76203050973496     
   16.3690601983515       -2.05270264847112     
   16.3650034379231       -1.17808319808949     
   16.3593142921866      -0.135232045979516     
   16.3515751757553        1.08080877929118     
   16.3414985830000        2.47606725702534     
   16.3289976083592        4.05932405631591     
   16.3138491161685        5.83798426081829     
   16.2959120594838        7.78156533680089     
   16.2751259025306        9.86305563593297     
   16.2517214812185        12.0594821577674     
   16.2265851020098        14.3278523844120     
   16.2009643791676        16.5563420547943     
   16.1765286177661        18.6352748348562     
   16.1551066296956        20.4698361550910     
   16.1385084262105        21.9709831829446     
   16.1282314288998        23.0627605580719     
   16.1248999760603        23.6911932126766     
   16.2953061072496        7.96691738167661     
   16.3052024920569        6.59658143271108     
   16.3133606979475        5.56780180497596     
   16.3202272841828        4.86475964441096     
   16.3265442289810        4.45784130231923     
   16.3331037905111        4.29961106371671     
   16.3409526524089        4.31649532862894     
   16.3512901919016        4.43801686730217     
   16.3650513109024        4.60343110409695     
   16.3829158353471        4.76619999031747     
   16.4050485619578        4.89463751342112     
   16.4305845497881        4.97002036465917     
   16.4588575646249        4.98417420009563     
   16.4881340646818        4.93750729988770     
   16.5168078225150        4.83345473494696     
   16.5433942325584        4.70566800874664     
   16.5666014924754        4.55898671226183     
   16.5851339883964        4.38783914980303     
   16.5983435511214        4.18543245995282     
   16.6054268867273        3.94508658987886     
   16.6061490508036        3.64884024980693     
   16.6006055209114        3.29908966830579     
   16.5893832651631        2.91245719824009     
   16.5735871365969        2.49062314716273     
   16.5545100831882        2.03731969228973     
   16.5335376690228        1.55869267744153     
   16.5128521837291        1.06144713799437     
   16.4943216627937       0.552683392346514     
   16.4797743208401       3.990321287884768E-002
   16.4707519474729      -0.469813325428513     
   16.4684791746467      -0.969368188682612     
   16.4733188683262       -1.45212845411269     
   16.4848027854542       -1.90231496416841     
   16.5023924058382       -2.28435675676847     
   16.5248806227671       -2.58606573856299     
   16.5508290384951       -2.80175353171030     
   16.5786858101722       -2.92462263824329     
   16.6068091043142       -2.91491123942902     
   16.6337719030452       -2.77466619606044     
   16.6582917279138       -2.52180023746135     
   16.6793601485191       -2.17856924224020     
   16.6959030820823       -1.76968840540207     
   16.7071284040295       -1.32376188823418     
   16.6768818578209       0.466305009225350     
   16.6568309308771       0.651722848793549     
   16.6341903522510       0.774736275125716     
   16.6103095056516       0.844773268756692     
   16.5859097438730       0.878287750795646     
   16.5625707324449       0.908679219166753     
   16.5415441391068       0.968795958969130     
   16.5241845260476        1.08512675788196     
   16.5115565319771        1.27875134917294     
   16.5042973804493        1.56346798438765     
   16.5023177319738        1.94282679084023     
   16.5046776212372        2.41056028305282     
   16.5099678664992        2.92035859956613     
   16.5164625905493        3.44368629450565     
   16.5224274888544        3.96701696543682     
   16.5268748951320        4.47611009835304     
   16.5289613855451        4.95456085256666     
   16.5281137958346        5.37471280234957     
   16.5238786134588        5.72762534236011     
   16.5158546008602        6.01022513569541     
   16.5039712886655        6.22090068264570     
   16.4881197454219        6.35875488156413     
   16.4685637253217        6.42344760096262     
   16.4458026522887        6.41573466371148     
   16.4207097396015        6.33782255471060     
   16.3945197943180        6.19403777427428     
   16.3687130847775        5.99215303542496     
   16.3453209745221        5.74485297448079     
   16.3264074811611        5.47355079809117     
   16.3139989674257        5.21978052601590     
   16.3096967182494        5.01225590556948     
   16.3142742429174        4.87216409213732     
   16.3274311116710        4.81083193034819     
   16.3474359424558        4.82842578668721     
   16.3720927043187        4.91989700018388     
   16.3986028922888        5.06981376367096     
   16.4242934884003        5.24728913114635     
   16.4468248912173        5.41667032536709     
   16.4644585162159        5.51646690942811     
   16.4759948129559        5.51591870098897     
   16.4809501645444        5.39573395157359     
   16.4789827960185        5.15650335276513     
   16.4699975874879        4.84055358903198     
   16.4539472403917        4.45672105188293     
   16.4311018527276        4.01580865375319     
   16.4018588348758        3.51906114262939     
   16.3668438431156        2.97396720026967     
   16.3272454970851        2.39646443905977     
   16.2844175611913        1.80537658862160     
   16.2401218891538        1.22141485788885     
   16.1963825319688       0.649562395770612     
   16.1554089111830       8.658413423311373E-002
   16.1195415593487      -0.444821027139080     
   16.0908047058009      -0.920858630821679     
   16.0712198581652       -1.31692377570996     
   16.0624519383432       -1.60146793778887     
   16.0656418014508       -1.76377555107628     
   16.0813106981890       -1.80620685334099     
   16.1093015581000       -1.73551687873721     
   16.1486161546900       -1.56209404996841     
   16.1979560889653       -1.29924902996152     
   16.2554682906639      -0.963299868938116     
   16.3190426004407      -0.577044349761536     
   16.3866492078703      -0.176730644512460     
   16.4559749358780       0.193386195868228     
   16.5243623364338       0.475429326077737     
   16.5889013916290       0.596371652480994     
   16.6464020399640       0.482538857594365     
   16.6937196674985       0.124563128680158     
   16.7280340720728      -0.542389130611167     
   16.7475906479758       -1.54116428207329     
   16.7513593934070       -2.73207289604448     
   16.7395992366391       -4.19962833300937     
   16.7142765826627       -6.05188062503248     
   16.6787900175219       -8.23466810073637     
   16.6377628927419       -10.6478498461338     
   16.5954039478918       -13.1611471040848     
   16.5550021980269       -15.6281588766102     
   16.5189035331405       -17.9013187845083     
   16.4882307684070       -19.8464294031363     
   16.4631480667931       -21.3542584407609     
   16.4431120896069       -22.3411108066270     
   16.4273107003581       -22.7575725485979     
   16.4145812186074       -22.5888009980036     
   16.4037173973447       -21.8325880363633     
   16.3934699421124       -20.5160911533416     
   16.3826598528712       -18.6895029356268     
   16.3703430665978       -16.4308507035816     
   16.3557826449208       -13.9253852020629     
   16.3390236371303       -11.3042122730644     
   16.3204731605972       -8.70493650019685     
   16.3012391744544       -6.29952434392451     
   16.2828831637147       -4.15009605442294     
   16.2673908027259       -2.28246891665898     
   16.2567380230195      -0.703151715462487     
   16.2523119975691       0.602243573269043     
   16.2550946554313        1.68711896666907     
   16.2650078749968        2.59737591770330     
   16.2810900949428        3.29674400201469     
   16.3010952576123        3.70734614071308     
   16.3217840283392        3.71237619048776     
   16.3388541884233        3.17308984529052     
   16.3475241096785        1.93087745578072     
   16.3435021308619      -0.258505385704165     
   16.3237911926612       -3.30701980891072     
   16.2869055899489       -6.97161669642721     
   16.2340602132967       -10.9333488468078     
   15.8610259231576       -28.5860704853094     
   15.8002038349123       -30.5707786161465     
   15.7556459658783       -31.7739190450781     
   15.7310632184580       -32.1270554329157     
   15.7288116836032       -31.5899532489453     
   15.7496539650938       -30.1532161188003     
   15.7920377013929       -27.8422259452207     
   15.8521407562919       -24.7174046061888     
   15.9241285819577       -20.8718375330416     
   16.0006320123371       -16.4295252786388     
   16.0742369089203       -11.5453442161312     
   16.1388449149362       -6.44135305955771     
   16.1902542772146       -1.70533957540787     
   16.2259624933157        2.11653562278489     
   16.2461494247548        4.66945897603836     
   16.2531303020488        6.27875576104962     
   16.2508562952473        7.17896560648239     
   16.2441680639304        7.56245880097101     
   16.2372810352558        7.59875905479632     
   16.2403206041919        2.92553007790391     
   16.2384015110233       0.341000344059764     
   16.2310399090372       -2.88705354607009     
   16.2178262186155       -6.66021858959000     
   16.1998208994891       -10.7997826653872     
   16.1793144144031       -14.9277961409826     
   16.1593849855517       -18.7139852136334     
   16.1437056130196       -21.8163099039871     
   16.1355333737743       -24.0568716828279     
   16.1375495087796       -25.3940230574156     
   16.1516136226256       -25.8366702322434     
   16.1795559960658       -25.4335643197098     
   16.2220463332740       -24.2695776980871     
   16.2791952706819       -22.4698168164952     
   16.3492047119244       -20.2008522674198     
   16.4284271649228       -17.6629588680582     
   16.5114313254575       -15.0831611956167     
   16.5915623131819       -12.6940349561855     
   16.6618030188350       -10.7098634326315     
   16.7155804713958       -9.30348057096514     
   16.3645406692348       -11.2853612769019     
   16.2185997519665       -12.4516645214573     
   16.0619254450468       -13.7029959959390     
   15.9013533800665       -14.9987257229858     
   15.7436221539995       -16.3161053032047     
   15.9419125436861       -34.6877969848961     
   16.0471507541205       -32.4900866603759     
   16.1444673551812       -30.4651851786727     
   16.2326032664273       -28.6970620241693     
   16.3112574674954       -27.2267059471893     
   16.3810546130431       -26.0379425430092     
   16.4425842169604       -24.9932537608377     
   16.4964172560269       -24.0261976731908     
   16.5432123974948       -23.1184946369316     
   16.5838315308828       -22.2737988324772     
   16.6193494054152       -21.4689766681395     
   16.6510496071792       -20.6789606995936     
   16.6793500311229       -19.8824384305781     
   16.7041029678550       -19.0620120721714     
   16.7248623753972       -18.2040437227580     
   16.7409609178554       -17.2978602559045     
   16.7520963694610       -16.3355826783047     
   16.7578845151063       -15.3120638815363     
   16.7580874051905       -14.2237107313377     
   16.7525695209264       -13.0684963166377     
   16.7411613554160       -11.8846741328563     
   16.7240462686101       -10.6855792644688     
   16.7015448844362       -9.46067671702862     
   16.6742589207837       -8.19749544067724     
   16.6430366162313       -6.88165340415033     
   16.6089713793599       -5.49747386777349     
   16.5735300158025       -4.03066099022097     
   16.5384505435394       -2.46998530299416     
   16.5053141544751      -0.808952832113810     
   16.4754698508173       0.952615556969920     
   16.4497149658434        2.80710324325385     
   16.4285629470395        4.71911956624584     
   16.4122576002802        6.65028669474800     
   16.4007957052715        8.57080590042903     
   16.3936786356707        10.4405452853617     
   16.3896550193215        12.1598408005768     
   16.3869176880843        13.6852693750647     
   16.3832354633147        15.0001984380806     
   16.3764385692590        16.0978307760090     
   16.3650453811843        16.9787351914864     
   16.3483495805462        17.6486482249394     
   16.3264792726491        18.1174278615158     
   16.3001164024074        18.3993226066796     
   16.2704883339337        18.5128441485612     
   16.2388959598384        18.4805580007633     
   16.2067382216309        18.3273328450019     
   16.1752057135398        18.0776756718015     
   16.1454937854001        17.7527849032036     
   16.1185209684454        17.3683446441470     
   16.0953939609929        16.9331589814866     
   16.0773028435340        16.4491547840486     
   16.0655794820776        15.9124837243905     
   16.0612336861453        15.3149324693157     
   16.0646175749537        14.6474034007342     
   16.0755592659889        13.9116382490350     
   16.0931643280906        13.0983555392547     
   16.1162666881019        12.1993582800212     
   16.1436631241702        11.2125908766188     
   16.1742219072970        10.1431470915300     
   16.2068117821746        9.00306485290431     
   16.2403106070835        7.80952338910215     
   16.2737886691974        6.58231371760808     
   16.3060834075553        5.34152342187356     
   16.3362960837480        4.12436365690714     
   16.3637210367127        2.97166705818408     
   16.3880340027030        1.88807997396968     
   16.4090802730723       0.874968856209534     
   16.4269745231727      -6.763226595650362E-002
   16.4420127998189      -0.940831025864767     
   16.4545572044041       -1.74574086291774     
   16.4650727116578       -2.48242846770627     
   16.4741635091326       -3.15055605297434     
   16.4826948904295       -3.74958707314660     
   16.4915543514835       -4.28014253092822     
   16.5016232861203       -4.74389504539939     
   16.5137375074542       -5.14412316945608     
   16.5282101055324       -5.48580512975802     
   16.5449538844080       -5.77587966305517     
   16.5637161128814       -6.02268572891868     
   16.5840808289691       -6.23552304811157     
   16.6058387783819       -6.42457615383909     
   16.6291240199450       -6.60469322460108     
   16.6534903819234       -6.79361050923639     
   16.6781294163240       -7.00038839021426     
   16.7016968989232       -7.23199523737870     
   16.7223852876378       -7.49119966429884     
   16.7388277810188       -7.77582215155981     
   16.7498363725630       -8.07926282877267     
   16.7548078802932       -8.39023226040288     
   16.7538105130666       -8.69342280944917     
   16.7473015723786       -8.96974589142939     
   16.7361325866383       -9.19740578551446     
   16.7214134872826       -9.35264330047393     
   16.7041736113231       -9.41082576532477     
   16.6854082166800       -9.34832587676504     
   16.6662046170529       -9.14437379189827     
   16.6477007381989       -8.78286423393818     
   16.6316008061892       -8.25469116752065     
   16.6194000782505       -7.55822566480066     
   16.6122161641864       -6.70052034613991     
   16.6106050653519       -5.69664344421769     
   16.6147730471777       -4.57018651845885     
   16.6244208403048       -3.35084720432402     
   16.6387579881105       -2.06993455139028     
   16.6566676509016      -0.759243707152290     
   16.6765608334759       0.545316730200843     
   16.6967076374888        1.80709237587936     
   16.7151935235313        2.99080174015278     
   16.7301496289270        4.06163310864665     
   16.7398506435118        4.98521391991515     
   16.7427289503328        5.72818346027505     
   16.7376310312908        6.24609252703921     
   16.7236327891426        6.46159936263441     
   16.7002187305565        6.34283358520550     
   16.6673494371685        5.89500005159323     
   16.6254543500161        5.14584825501420     
   16.5752088598330        4.10680171308248     
   16.5181057301976        2.80493868611643     
   16.4557021948610        1.28019962124961     
   16.3899290497585      -0.410439752620616     
   16.3230900094516       -2.19757255203829     
   16.2577618245401       -4.00323513010612     
   16.1966591602075       -5.74465189019980     
   16.1422855966458       -7.33870669211011     
   16.0971568954736       -8.70712370246378     
   16.0628515896469       -9.78374090575986     
   16.0402171039849       -10.5225256354345     
   16.0290542767590       -10.9026756742377     
   16.0283699067403       -10.9297252068090     
   16.0364374737548       -10.6324381821139     
   16.0510841914462       -10.0567993252570     
   16.0700450258621       -9.26089323654811     
   16.0911140294398       -8.30533407193231     
   16.1125655517804       -7.24873608845157     
   16.1328253659367       -6.14508685983770     
   16.1509178669170       -5.04127200192854     
   16.1662994656447       -3.98124620651629     
   16.1790482589998       -3.00016105312721     
   16.1895841889119       -2.11912016398219     
   16.1987799565673       -1.35245395819547     
   16.2076111317936      -0.709339966268365     
   16.2171563586328      -0.195561431000584     
   16.2281630565962       0.184557346479872     
   16.2415384453095       0.447569582989015     
   16.2575568931793       0.625193856503279     
   16.2763011137322       0.698993336998754     
   16.2973751708974       0.641017886494976     
   16.3204584673758       0.417666215592753     
   16.3447372769698      -1.303599723475379E-003
   16.3693473630217      -0.635417199581087     
   16.3931509553687       -1.60499676410890     
   16.4147748586639       -2.96609731540669     
   16.4327032406975       -4.68997087529698     
   16.4457656067559       -6.71167540098121     
   16.4532416830791       -8.93304071996762     
   16.4550046834560       -11.2251011033542     
   16.4515192633312       -13.4432805465681     
   16.4436298219302       -15.4411934190347     
   16.4325431788029       -17.0759279741211     
   16.4195286268993       -18.2146995029479     
   16.4059278883907       -18.7439067519476     
   16.3931326138187       -18.5809673495350     
   16.3825260933478       -17.7001985576406     
   16.3752636986099       -16.1235957062709     
   16.3724745819587       -13.9266202381139     
   16.3747033540617       -11.2384171772741     
   16.3821034843145       -8.23805496405804     
   16.3947077544116       -5.15490904568470     
   16.4128713323539       -2.17838368186367     
   16.4370751060067       0.530495776397051     
   16.4673442242121        2.84376897034769     
   16.5032925227146        4.67043034272972     
   16.5436989953892        5.95807671006609     
   16.5865694230055        6.69033486078528     
   16.6292953482947        6.88244051245434     
   16.6690366446021        6.59677747451680     
   16.7029116629502        5.95553463389467     
   16.7286856641400        5.00756091431102     
   16.7445979378802        3.79233014202290     
   16.7498333711461        2.29430559220821     
   16.7439421058440       0.584081739541467     
   16.7270907438274       -1.22442831866363     
   16.6998647291588       -3.05508544322529     
   16.6634185699691       -4.83538197257606     
   16.6194450834072       -6.47056810905638     
   16.5700695713902       -7.88041373857475     
   16.5177999683407       -9.02124324365394     
   16.4652246078742       -9.85702962460684     
   16.4149831791675       -10.3596529789074     
   16.3695212908846       -10.5099624224762     
   16.3310152857449       -10.2990842721280     
   16.3012405757874       -9.72943778185150     
   16.2811834805499       -8.81746502644205     
   16.2710570360594       -7.59017553528519     
   16.2699058650771       -6.08692638302178     
   16.2762897423334       -4.35935944257278     
   16.2885796620954       -2.46994550750616     
   16.3051349804970      -0.490371697706187     
   16.3239246219183        1.50228332687715     
   16.3427574721954        3.40666705712679     
   16.3595654264337        5.12813105800806     
   16.3723285452031        6.60188702947678     
   16.3794454091271        7.78004048204757     
   16.3797030961448        8.68571299341154     
   16.3724286063864        9.29911264113071     
   16.3573538699037        9.57709897665562     
   16.3346079253385        9.47335016682683     
   16.3047957542635        8.97799013777288     
   16.2689751362410        8.08627309167301     
   16.2285895945311        6.80056515482425     
   16.1856561427386        5.13490021930466     
   16.1424186576246        3.12010706985524     
   16.1012716596130       0.806940319522431     
   16.0644706751920       -1.73259384769902     
   16.0341192151922       -4.39784682038346     
   16.0123584959018       -7.06854677071525     
   16.0010515802282       -9.62999185094233     
   16.0017220288909       -11.9669732082081     
   16.0157282852522       -13.9775855738848     
   16.0438216225240       -15.5743186308017     
   16.0856657802086       -16.6822652887799     
   16.1400162340174       -17.2620112255741     
   16.2044548922072       -17.3089012562220     
   16.2761507188875       -16.8427030258956     
   16.6358776261236       -8.70464465618926     
   16.6879176124462       -6.48071287616371     
   16.7274497235034       -4.30030432320362     
   16.7529303135647       -2.27411890073397     
   16.7635096974863      -0.512296083832176     
   16.7593093266639       0.883395092493823     
   16.7411231410968        1.91070847135936     
   16.7106566954181        2.58561721626939     
   16.6697798915262        2.87798617618918     
   16.6207398533091        2.77917318866844     
   16.5663231890024        2.20445470226534     
   16.5097401260503        1.09303174373285     
   16.4543026614955      -0.511633851643499     
   16.4022067177117       -2.54332939800597     
   16.3548415280560       -4.91145755704871     
   16.3130016560346       -7.50078598352473     
   16.2771292740661       -10.1774274536548     
   16.2477258986421       -12.8173124137473     
   16.2248768235198       -15.2988090696914     
   16.2085677715826       -17.5029972630570     
   16.1985664265580       -19.3351712476996     
   16.1945301785772       -20.7271794862327     
   16.1959184564008       -21.6360516336331     
   16.2019864480337       -22.0446711076765     
   16.2121630190863       -21.9613288780198     
   16.2257277512903       -21.4192671351577     
   16.2420585538679       -20.4767487256058     
   16.2604295618074       -19.2160917462738     
   16.2803994708069       -17.7414998075966     
   16.3012838880047       -16.1748731023425     
   16.3223466003818       -14.6482697438198     
   16.3430032888475       -13.2924293463807     
   16.3628294354081       -12.2249276082489     
   16.3816384470459       -11.5385899909578     
   16.3995117193190       -11.2921748440047     
   16.4161769338208       -11.5034888306659     
   16.4305849893220       -12.0068655283303     
   16.4413641763836       -12.7141187944947     
   16.4472538229402       -13.5753989830066     
   16.4474584518382       -14.5377359694563     
   16.4416248246642       -15.5502317723192     
   16.4293803208951       -16.5679116718591     
   16.4100279685069       -17.5567403773775     
   16.3831105584563       -18.4863715101246     
   16.3479680383494       -19.3107328871596     
   16.3042078502515       -20.0189211118613     
   16.2515927437116       -20.6252809577002     
   16.1903332089959       -21.2089651812436     
   16.1211576759412       -21.7857320616262     
   16.0450673059157       -22.3617488816857     
   15.9636278252651       -22.9353525022082     
   15.8789475989714       -23.4983899806757     
   15.7936542089751       -24.0350262213950     
   15.7112365166322       -24.5199371717076     
   15.6352261458919       -24.9170736172812     
   15.5692951530816       -25.1812206408698     
   15.5170801355199       -25.2612160398570     
   15.4815579326786       -25.1059467762284     
   15.4647493006774       -24.6699259690456     
   15.4675560924893       -23.9283336789526     
   15.4895540816111       -22.8729978772485     
   15.5289868602822       -21.5030387103818     
   15.5839919988302       -19.8311608881992     
   15.6520835460132       -17.8830617067811     
   15.7305081306908       -15.6956327743765     
   15.8164749228001       -13.3121343570836     
   15.9071384049261       -10.7765905865201     
   15.9999326467283       -8.14088075220710     
   16.0923764925194       -5.45838274941749     
   16.1822677224654       -2.78454167808181     
   16.2675948792322      -0.197458118458047     
   16.5305751422328        7.50682475510017     
   16.5696352320127        8.35665604972042     
   16.5955371362122        8.68138143948108     
   16.6076593650596        8.44140142741254     
   16.6065225776216        7.53363840837616     
   16.5942003224935        5.93409286850271     
   16.5737247028061        3.74410025730408     
   16.5486504391626        1.16526755212972     
   16.5222410663767       -1.65298483149999     
   16.4970534874414       -4.56381762135399     
   16.4748483687080       -7.42802389664580     
   16.4565925118558       -10.1258048605642     
   16.4427190613774       -12.5613973937540     
   16.4336127899202       -14.6617823753274     
   16.4292025575136       -16.3732483148834     
   16.4289239743905       -17.6590735118393     
   16.4315525368665       -18.4971002787114     
   16.4353150735038       -18.8787751910141     
   16.4381908093782       -18.8031274564903     
   16.4380005849779       -18.2785172778986     
   16.4327157594943       -17.3342794518898     
   16.4205948327367       -16.0176128571082     
   16.4002233191890       -14.5043196665893     
   16.3706848615330       -12.9435048435119     
   16.3315914854100       -11.5256246393673     
   16.2832622501387       -10.4534851531670     
   16.2269560508120       -9.80498089672425     
   16.1655731700475       -9.61445055124972     
   16.1035505762555       -9.81865363956135     
   16.0467312397358       -10.2642311792770     
   16.0016095688152       -10.8532720214445     
   15.9741360568071       -11.4738438630230     
   15.9680600060412       -12.0266558502617     
   15.9837616773869       -12.4601491145525     
   16.0181878121344       -12.7917285221045     
   16.0661368751225       -13.0779756630032     
   16.3280376563174       -16.1597478335424     
   16.3539706331043       -16.7144318539910     
   16.3667086031825       -16.9086710062990     
   16.3677072767452       -16.7738158684395     
   16.3591674045799       -16.3884382548749     
   16.3031457090397       -14.7709944062797     
   16.2823696893847       -14.1742533176208     
   16.2634979162860       -13.5340633574015     
   16.2479343721404       -12.8186082433210     
   16.2370145519780       -11.9849056827233     
   16.2322177097941       -10.9830163163034     
   16.2349964985470       -9.76056238127765     
   16.2462010416225       -8.26834639461375     
   16.2659001657578       -6.46685069735833     
   16.2931040237846       -4.33230729208145     
   16.3257234300116       -1.86196764662962     
   16.3615463318451       0.921445729138402     
   16.3981751453360        3.91354154833286     
   16.4337870925611        6.93994530846833     
   16.4668079908318        9.89607959042012     
   16.4957447552779        12.5990265610134     
   16.5196861254341        14.9539863556088     
   16.5378690580416        16.9191827258385     
   16.5500819739584        18.4738506929927     
   16.5564709102738        19.6107787199439     
   16.5574892510309        20.3193976738557     
   16.5537975818489        20.5593259835811     
   16.5458990355699        20.2948313194409     
   16.5340585106653        19.4811897021372     
   16.5182545067960        18.0695671637476     
   16.4981925989017        16.0167810798199     
   16.4738579568659        13.2981330290932     
   16.4456242358304        9.92330495687998     
   16.4147426768689        5.95358568853527     
   16.3833202560254        1.60437749328500     
   16.3539832493413       -2.86511971974763     
   16.3297111100111       -7.16594360708434     
   16.3131907355212       -10.9509570562805     
   16.3065952446606       -14.0288917849490     
   16.3112967897034       -16.2711801016494     
   16.3282587404604       -17.6122194042941     
   16.3583683534226       -18.0478317751456     
   16.5174576581333       -14.7115173148601     
   16.5805291616558       -12.5368988184556     
   16.6389050510179       -10.1330418075109     
   16.6868244572501       -7.67721226658404     
   16.3330171464445       0.862239775294616     
   16.2654313281401       0.224388149199692     
   16.2060787008065      -0.477202302249077     
   16.1570800446427       -1.21452109459753     
   16.1193609447029       -1.97959914622135     
   16.0928355188045       -2.78419308010265     
   16.0762525131325       -3.68279339691298     
   16.0675256906620       -4.72275561166760     
   16.0643991369882       -5.94271840613893     
   16.0642162110321       -7.36656083187208     
   16.0657337297894       -9.00172969454062     
   16.0677154013627       -10.8236669115967     
   16.0692955019260       -12.7329145250555     
   16.0698661839038       -14.6642538645598     
   16.0692041715966       -16.5470154591063     
   16.0675940616193       -18.2549628556160     
   16.0660574141643       -19.7111775995652     
   16.0658731317244       -20.8646480739562     
   16.0686180191578       -21.6705475153458     
   16.1092722841898       -21.6639272772269     
   16.1381920153764       -20.7890210230079     
   16.1766109050871       -19.4786193764359     
   16.2250221506208       -17.7609248666613     
   16.2826895932024       -15.6917116529401     
   16.3480410665435       -13.3443340985333     
   16.4184647602999       -10.8069684132923     
   16.4907666427596       -8.17690842174406     
   16.5613642403788       -5.55146213292187     
   16.6271130447997       -3.03397663331411     
   16.6847915510557      -0.752068993462169     
   16.7319936110719        1.23026481374934     
   16.7667041195425        2.86743508506752     
   16.7880912750110        4.16991051448676     
   16.7952473599180        5.14500358113557     
   16.7880237373997        5.77733349020384     
   16.7668204008824        6.04383426518578     
   16.7327608189738        5.84406374282722     
   16.6876072437715        5.15612799644580     
   16.6335008866496        3.98708861562530     
   16.5729276775799        2.36035629130276     
   16.3124302990905       -7.53548754996035     
   16.2538944332475       -10.3658592705028     
   16.2024204788777       -13.0578968345448     
   16.1598652957970       -15.4471844431104     
   16.1279733029960       -17.3916022382985     
   16.1081530250654       -18.7737671172994     
   16.1014479875882       -19.5113265192688     
   16.1078637254821       -19.5646099051294     
   16.1264000097374       -18.9391728975444     
   16.1546778730754       -17.6844500755144     
   16.1895515060873       -15.8885756329899     
   16.2276964395070       -13.6723897170621     
   16.2667859812880       -11.1822860935765     
   16.3046809837637       -8.58380494367490     
   16.3393233959447       -6.05026703554615     
   16.0975287563403       -17.4754414304272     
   16.1056458748421       -17.8967081706745     
   16.1188929480953       -18.0587609926165     
   16.1378618327759       -17.9440763446974     
   16.1623904858504       -17.5407477650431     
   16.1920587943768       -16.8455394051878     
   16.2257752823754       -15.8657032060845     
   16.5461631954049       -1.01531200034374     
   16.5824965117651        1.02116596809702     
   16.6145478064835        2.92728424579728     
   16.6423704950804        4.66408526036515     
   16.6653055588354        6.20018408396122     
   16.6830574791616        7.51468456132042     
   16.6955095136697        8.59747507255967     
   16.7024632478104        9.44847613474260     
   16.7038247773337        10.0753099217829     
   16.6995091834797        10.4887756490993     
   16.6898083015009        10.6676758462962     
   16.6753437759971        10.6300529155959     
   16.6569653265023        10.4080336555607     
   16.6358155632157        10.0369169284500     
   16.6128287161537        9.55577302626973     
   16.5890113039044        9.00546734614515     
   16.5653580618335        8.42638465893766     
   16.5428384221005        7.86349749583171     
   16.5219223369585        7.34732305303876     
   16.5035431174087        6.89415723551357     
   16.4881794754166        6.51001535449775     
   16.4761169123248        6.19054716757848     
   16.4672071065478        5.92094339975967     
   16.4611408617780        5.67649664340198     
   16.4572920994472        5.42464836602293     
   16.4549347329299        5.12871146585674     
   16.4533917766444        4.75225682006365     
   16.4519271875999        4.26468168482282     
   16.4501106646752        3.64634120050604     
   16.4473690063141        2.89146513348703     
   16.4430236718496        2.01163905027464     
   16.4362629561071        1.07084275195291     
   16.4262170726282       0.113431105278072     
   16.4125972133849      -0.830718416783126     
   16.3957931642082       -1.73589203526319     
   16.3768599357321       -2.58480087713881     
   16.3572054681002       -3.35095785998229     
   16.3379587455273       -4.00752083023831     
   16.3203191321245       -4.53518989460745     
   16.3051996788615       -4.91654337688515     
   16.2932558560050       -5.13824974374930     
   16.2851813450591       -5.19097899518768     
   16.2815502265179       -5.07098870804959     
   16.2829577710443       -4.78245647788873     
   16.2897719936150       -4.34043429882910     
   16.3021722462533       -3.75942991908638     
   16.3197397068616       -3.05791360270635     
   16.3415497775375       -2.25651751089902     
   16.3666904718612       -1.37759141041139     
   16.3939905438237      -0.443824579547549     
   16.4223832733448       0.522714187487364     
   16.5719055918522        6.05502375078141     
   16.5851223985062        6.80236734644979     
   16.5938172280037        7.41837358003808     
   16.5987308415828        7.80967396098669     
   16.6008422611578        7.95026135077607     
   16.6009943280745        7.83491106839005     
   16.5996988733087        7.48382689001574     
   16.5972982038956        6.94279612281753     
   16.5936996169108        6.27658609841377     
   16.5885011967135        5.55720986644449     
   16.5621920021315        3.32557784517975     
   16.5627835146934        3.41414628064812     
   16.5651018066948        3.68610972847602     
   16.5681757896666        4.11142435004489     
   16.5710251716458        4.64802454629628     
   16.5728269767542        5.24581239251339     
   16.5729200595266        5.85108035487761     
   16.5707673922106        6.40256822290254     
   16.5658764644634        6.85339482091987     
   16.5578137081048        7.17001939894958     
   16.5463978234345        7.32383320663087     
   16.5322968481123        7.29065828149506     
   16.5162946872532        7.05491333965692     
   16.4996911340471        6.60921763466062     
   16.4834942224915        5.95729689131201     
   16.4683506518884        5.11497241928990     
   16.4545088257285        4.10916000359088     
   16.4422348793455        2.99982079589810     
   16.4313715511671        1.83352040236749     
   16.4217940899484       0.635769972456180     
   16.4135424519610      -0.571876282230050     
   16.4065850800828       -1.76245310269161     
   16.4008271685035       -2.90073585792103     
   16.3956465139688       -3.96378014509532     
   16.3900043603397       -4.92993361528818     
   16.3826658715305       -5.78147819544669     
   16.3724810852255       -6.50398678210643     
   16.3587651964399       -7.07999356104519     
   16.3413328157080       -7.49673835333970     
   16.1722887507378       -8.50481545873470     
   16.1481135948501       -8.63470785886645     
   16.1261163599097       -8.77210172372550     
   16.1074628376522       -8.89891590726427     
   16.0928994557778       -8.99353841534082     
   16.0829796758383       -9.03178251769570     
   16.0781857221200       -8.99059881476521     
   16.0787692531315       -8.86277786063856     
   16.0844148763864       -8.64678611445179     
   16.0948267560955       -8.33536774507406     
   16.1094860189942       -7.92697895478307     
   16.1284563013235       -7.42652605882874     
   16.1514197086403       -6.84460572161482     
   16.1780997688404       -6.19797877690095     
   16.2082375459214       -5.51464504977083     
   16.2418740108342       -4.81488446603572     
   16.2789992711234       -4.11726070095458     
   16.3200249025074       -3.43963236620687     
   16.3648691851326       -2.79759565871944     
   16.4131568023934       -2.20399047597571     
   16.4640681714817       -1.66871292473271     
   16.5161299593794       -1.20081140387514     
   16.5681980608352      -0.811297651006606     
   16.6195694411132      -0.516058200429491     
   16.6700656539481      -0.331455331454003     
   16.7194730492042      -0.265421212459751     
   16.7672086469104      -0.334687248633194     
   16.8122191711584      -0.552324661987831     
   16.8528881175141      -0.924562002502651     
   16.8877511474752       -1.44902860579478     
   16.8471622516180       -8.43683707473620     
   16.8142412555912       -9.22641253132806     
   16.7776710330537       -9.89959982691648     
   16.7382111168836       -10.4116110296363     
   16.6966930447902       -10.7214732344137     
   16.6537445985494       -10.7945634465308     
   16.6096662377537       -10.6046132170785     
   16.5644602824565       -10.1439386148958     
   16.5178802969124       -9.45348905090287     
   16.4700989297374       -8.55499670323317     
   16.4217104891939       -7.47595811254698     
   16.3741565058642       -6.26853806524302     
   16.3289600334742       -5.02046486723866     
   16.2876066661183       -3.77895677354960     
   16.2512303363520       -2.58346851800279     
   16.2207813914770       -1.46512815817111     
   16.1967672137343      -0.446492175649725     
   16.1795878714317       0.455738330820671     
   16.1697464077097        1.22495324827187     
   16.2607256950635        2.00600043829354     
   16.2854189133150        1.40111068225686     
   16.3068282129599       0.627517331717493     
   16.3443773175786       -3.63467903734120     
   16.3397430275442       -3.89345850713778     
   16.3335853170115       -3.98858092606008     
   16.3269351205868       -3.92485916634499     
   16.3212563638372       -3.70480848872953     
   16.3179073862633       -3.33735757059922     
   16.3176365521864       -2.82339734178842     
   16.3210255276962       -2.14574998715441     
   16.3276989050732       -1.28452809710223     
   16.3366904017208      -0.220461386242310     
   16.3472021547562        1.06202164588978     
   16.3588578121851        2.57069947788263     
   16.3715864987609        4.27535086202014     
   16.3991025553221        8.03700596865741     
   16.4123158104885        9.99961739768941     
   16.4239932314900        11.9041278981852     
   16.4334224341947        13.6883638972163     
   16.4405234256716        15.3172466791358     
   16.4702697423452        20.5847305027745     
   16.4763282355287        20.4988661807097     
   16.4822762134989        20.0621816478895     
   16.4886081073942        19.2604523326964     
   16.4960480905953        18.0979179834532     
   16.5053179953782        16.6130988730949     
   16.5166907037303        14.9278198576614     
   16.5300580927768        13.1389376463738     
   16.5450423099810        11.3366368746101     
   16.5613007916034        9.65756700795543     
   16.5786898660015        8.16858309881524     
   16.5976381595470        6.88940790126241     
   16.6188009871357        5.81952389826023     
   16.6424587166465        4.94068674936094     
   16.6680761377234        4.21892246749725     
   16.6948654723888        3.60668231320721     
   16.7215158254532        3.04667999996742     
   16.7466009226758        2.47614304798546     
   16.7688207201698        1.83118131224155     
   16.7442628306726       -7.56698685119732     
   16.7007475022643       -9.37551579152567     
   16.6461681818744       -11.1747374892547     
   16.5815935608309       -12.9783498961652     
   16.5089526691054       -14.7663957725995     
   16.4308347611833       -16.4756729704106     
   16.3505080339050       -18.0617916626545     
   16.2712181286468       -19.5178208350445     
   16.1959253408484       -20.8154625717658     
   15.9572414756693       -24.8646147060241     
   15.9457446841327       -25.2583189326688     
   15.9454104388978       -25.5562570150300     
   15.9546690956540       -25.7754600009761     
   15.9719502070216       -25.9301563077172     
   15.9958369263903       -26.0419051158663     
   16.1315746410519       -25.6682712787326     
   16.1698037070250       -25.2031717539119     
   16.2083044371616       -24.5194466788965     
   16.2470748833880       -23.5801653775118     
   16.2862885561762       -22.3838844836020     
   16.3260350836941       -20.9447946550634     
   16.3665306162843       -19.2864779801955     
   16.4073414907080       -17.4396537175040     
   16.4475637919126       -15.4518666022734     
   16.4860481484280       -13.3802286621976     
   16.5214696015908       -11.2582030114853     
   16.5529139983657       -9.11647028843104     
   16.5799479406678       -6.98483882370855     
   16.6026559763477       -4.89420304670871     
   16.6207886971456       -2.87659254987276     
   16.6337703484065      -0.957525546566758     
   16.6408615259574       0.861057374125068     
   16.6414085838773        2.56654278693453     
   16.6350299178337        4.08376980046447     
   16.6217706338060        5.35012266066630     
   16.6018944811345        6.37243165923483     
   16.4691898166614        8.58885506647325     
   16.4277075463579        8.77233595085875     
   16.3860401997446        8.85573363243679     
   16.3459210170623        8.86710036562165     
   16.3089581267415        8.83520327047690     
   16.2767683978346        8.78890591015857     
   16.2507073772968        8.75501454416904     
   16.2317356282877        8.75639939792456     
   16.2205148210556        8.80889588279087     
   16.2171183712286        8.92128868973601     
   16.2214891048864        9.09494359215284     
   16.2334538802640        9.32293370877875     
   16.2528878817484        9.58998810830411     
   16.2793034829990        9.87218138964488     
   16.3113668332809        10.1367436618372     
   16.3472006302576        10.3439240895322     
   16.3844967429135        10.4507756291088     
   16.4209327547328        10.4259313096465     
   16.4545737909847        10.2716798503559     
   16.4760585479834       0.281671633051047     
   16.4549356497608      -0.736598290871958     
   16.4326000689652       -1.53179557104996     
   16.4102425733675       -2.07635517244321     
   16.3394259967500       -1.33860320865594     
   16.3354275506461      -0.789753292420202     
   16.3345495005678      -0.230218686719493     
   16.3375022030117       0.296518256356582     
   16.3444088017063       0.754944854550074     
   16.3553707132049        1.12026323765086     
   16.3697424336632        1.38004756381909     
   16.3868956701478        1.53315054801211     
   16.4058741271102        1.59058884707658     
   16.4255484844158        1.57072126836476     
   16.4451349016012        1.49201418387567     
   16.4642148436818        1.36946915480090     
   16.4827477686952        1.21399100941973     
   16.5008359998471        1.03629694501949     
   16.5183733432966       0.844199988163069     
   16.5351336136075       0.645508607170390     
   16.5506547224249       0.448860880584601     
   16.5645492386213       0.263881151109311     
   16.5765968018248       0.100837818276347     
   16.5867873936469      -3.000117638547017E-002
   16.5950637783466      -0.106202204269372     
   16.6015468248942      -0.102879771492913     
   16.6059930272605      -1.499290578899171E-002
   16.6080573273036       0.155617962783722     
   16.6077183281373       0.359735937432323     
   16.6055887435529       0.559305250922479     
   16.6025495427444       0.728257079579635     
   16.5995830839103       0.842775751091785     
   16.5974533125258       0.891283295590743     
   16.5971658086524       0.884204775760569     
   16.5991168395360       0.859299733718763     
   16.4806365129957        13.9309242217201     
   16.4462926312477        15.4818384883144     
   16.4116893881415        16.8340621897259     
   16.3788157558919        17.9647069895099     
   16.3495741155849        18.8603357200266     
   16.3253287271708        19.5149809995340     
   16.3067036610578        19.9282803700113     
   16.2936976633965        20.1028356110750     
   16.2860357418019        20.0410171525101     
   16.2839289059357        19.7447498447086     
   16.2876946788600        19.2164640341742     
   16.2972669215237        18.4608429870173     
   16.3118873739166        17.4937432993240     
   16.3301220581046        16.3427763640837     
   16.3503714824290        15.0450511528669     
   16.3709331068174        13.6633218941513     
   16.3903979105722        12.2647079287153     
   16.4287453050510        4.82288882303413     
   16.4170938174619        4.30839680508868     
   16.4023604159248        3.93638465621090     
   16.3858107104134        3.70525801303143     
   16.3689989481000        3.61489600119160     
   16.3534060713720        3.66645619263926     
   16.3401633895129        3.86255365926011     
   16.3293626967622        4.20631445446899     
   16.3201688081706        4.69597551674647     
   16.3120570464149        5.30089306528070     
   16.3058614710121        5.99559961563457     
   16.3038491359326        6.74748784288175     
   16.3080412851500        7.51590592133766     
   16.3192614953206        8.25027215218608     
   16.3365331836269        8.89754139059935     
   16.3585205022616        9.44764007620507     
   16.5859670639622        7.18126265714569     
   16.5848192453222        6.33570901453391     
   16.5811961700551        5.45133532518691     
   16.5763104591120        4.58667991037606     
   16.5715773503478        3.77669392297023     
   16.5681023313098        3.04226489284129     
   16.5674890172676        2.40272215132314     
   16.5707472255330        1.87480111908567     
   16.5786642409015        1.47126917297009     
   16.5913770582263        1.19992583302769     
   16.6088500036659        1.06382484637870     
   16.6301851701281        1.06201490944794     
   16.6544819214216        1.19021382251604     
   16.6801068678428        1.44154993344940     
   16.7056699056813        1.80703433328784     
   16.7292040857253        2.27626877275579     
   16.7488674884648        2.83782754485673     
   16.6468163068972        8.39819939913563     
   16.5981198893810        8.80854989704623     
   16.5433935633090        9.03176890967455     
   16.4846789102739        9.04099478871573     
   16.4247748326242        8.82728799410792     
   16.3666511801562        8.39653165664335     
   16.3132500050853        7.76579490483819     
   16.2664718168896        6.96003575049243     
   16.2274293164554        6.00834608471623     
   16.1962775115115        4.94050101460832     
   16.1726901914543        3.78647172792827     
   16.1560094299508        2.57837408960296     
   16.1452572359226        1.35294560075896     
   16.1396471507619       0.151667988566906     
   16.1383205920153      -0.979859599319594     
   16.1405544859558       -1.99276018664674     
   16.1458788385999       -2.82489043284005     
   16.1540145994672       -3.43504548829885     
   16.1647644217734       -3.79387146294978     
   16.1780310860662       -3.88054333656005     
   16.1937189652757       -3.68698671403460     
   16.2117138364489       -3.21870688437443     
   16.2317649317637       -2.49789138972643     
   16.2536920761390       -1.56518068980485     
   16.2772457894367      -0.481892400146583     
   16.3020496888025       0.670533455333662     
   16.3274612140309        1.79427367879754     
   16.3522914384008        2.78513601858434     
   16.3749532055075        3.54812037148183     
   16.3940932218237        4.04987230922889     
   16.4088430640480        4.34190399334254     
   16.4193519652727        4.39784047835098     
   16.4262772738124        4.18837036077947     
   16.4300414128159        3.75828014937620     
   16.4306793698722        3.16452280878636     
   16.4281597953695        2.46630274885614     
   16.4224761570222        1.71834297786093     
   16.4139703148522       0.967271202068821     
   16.4033110949109       0.248171257299108     
   16.3914030027797      -0.407911442892470     
   16.3790879148891      -0.976430092832463     
   16.3671504727758       -1.43899047383637     
   16.3563891401641       -1.78183804241695     
   16.3476446198015       -1.99587556289252     
   16.3417282360897       -2.07581601824035     
   16.3397956248807       -2.01918537049785     
   16.3428518690030       -1.82715563228890     
   16.3517701064962       -1.50456650804725     
   16.3673163908650       -1.06136117038186     
   16.3898474745800      -0.512843735513727     
   16.4190267411100       0.119865126600461     
   16.4541172603406       0.814138666872065     
   16.4938517939382        1.53692515607234     
   16.5369360188202        2.24458399278973     
   16.5818340820545        2.88581976951716     
   16.6264971144612        3.40641859554731     
   16.6686937074484        3.75657451426595     
   16.6540175834509       -2.93740179009754     
   16.6142963463703       -3.80881068436889     
   16.5726352595411       -4.48204646215355     
   16.5307378931869       -4.90872409063842     
   16.4900732487755       -5.05114731993522     
   16.4516477425627       -4.88421293731984     
   16.4162918805331       -4.39567522382148     
   16.3846905302424       -3.58711191928846     
   16.3576473974106       -2.47902017681518     
   16.3358724739784       -1.13268960010880     
   16.3198428758797       0.393130249226631     
   16.3104369948174        2.02946076218160     
   16.3085718628054        3.69565107839333     
   16.3147838483732        5.30849372054579     
   16.3284237451678        6.78763794916769     
   16.5436270160230        8.45348500772687     
   16.5445512162694        7.45546435735430     
   16.5403674246213        6.33487478041339     
   16.5324555798578        5.15618697689008     
   16.5225672572193        3.96810110363843     
   16.5123782868308        2.80888064917196     
   16.5031276490038        1.71209996757376     
   16.4956319925854       0.706106126919011     
   16.4902163368313      -0.186069176323903     
   16.4873843190082      -0.944179601434976     
   16.4882767253670       -1.54787131776243     
   16.4940940118145       -1.97366728117207     
   16.5053785017972       -2.19481365005228     
   16.5217241020197       -2.18182061970383     
   16.5415278362468       -1.90580204236613     
   16.5625366696680       -1.34070364209868     
   16.5824068026159      -0.464759302649495     
   16.5393695029708        13.2985513100948     
   16.3345723487074        18.9196951803245     
   16.3327469972943        18.2033453067161     
   16.3347528575500        17.0098152897915     
   16.3398433149735        15.3866034685966     
   16.3477605240482        13.4195410988656     
   16.3581498179249        11.2284784924373     
   16.3705351525168        8.95267990421442     
   16.3841938500783        6.78697403894092     
   16.3986446231701        4.85519847542360     
   16.4135210379361        3.20767154866281     
   16.4283097131499        1.87802327613095     
   16.4429630696471       0.881943939415527     
   16.4571338514158       0.187209767153903     
   16.4703891044291      -0.241273469959887     
   16.4821045127754      -0.437082452892095     
   16.4916498808679      -0.430884401650174     
   16.4983710852212      -0.250632964427840     
   16.5017619031556       7.806084008425174E-002
   16.5015688043327       0.531289828942330     
   16.4980178794420        1.08658227613402     
   16.4914878790272        1.71638978535783     
   16.4824422148384        2.36522422005546     
   16.4716120053227        2.99890840473049     
   16.4596763621565        3.59226127366929     
   16.4476267415957        4.13833438642505     
   16.4366461365698        4.60493850252624     
   16.4280474468898        4.97594965005376     
   16.4230063512908        5.26211978682701     
   16.4223694207788        5.47086243440127     
   16.4265987256838        5.61431892882221     
   16.4354204476307        5.70682861557866     
   16.4482898832045        5.76051817928639     
   16.4640373489824        5.78166711788057     
   16.4812102778416        5.76752630594578     
   16.4983025072578        5.70482927299033     
   16.5138105602408        5.57003169895083     
   16.5262833265861        5.32063722346299     
   16.5341796029795        4.87983247910471     
   16.5361806218830        4.22101239688019     
   16.5311899589861        3.39083170459549     
   16.5186751722304        2.40311094197504     
   16.4989243822996        1.31594008646621     
   16.4729816892397       0.247848895518063     
   16.4429304206762      -0.769515408956046     
   16.3524305879260       -3.23200979906150     
   16.3303254205034       -3.78780981452017     
   16.3156893025537       -4.19400682120761     
   16.3097212151390       -4.45062940460923     
   16.3128714693648       -4.56379099693975     
   16.3247938683600       -4.54586569422544     
   16.3445057309286       -4.41345607601892     
   16.3705776077405       -4.18655845879216     
   16.4012777130992       -3.88583530268654     
   16.4348309089150       -3.53100261659791     
   16.4693999881524       -3.13927807470654     
   16.5034348010798       -2.72534237409024     
   16.5354899456905       -2.30241171803123     
   16.5648329510576       -1.88329601654750     
   16.5907729193871       -1.48096703887266     
   16.6126556194479       -1.10916212835597     
   16.6299780274220      -0.781627158798011     
   16.6420779134098      -0.547986321795340     
   16.6486836694292      -0.487785434199353     
   16.6498555750585      -0.586806954587419     
   16.6461078065857      -0.806341453129527     
   16.6381874674229       -1.16120940107849     
   16.6270556226916       -1.61160303429374     
   16.6142502964685       -2.11608353261581     
   16.6015897215716       -2.63781857021246     
   16.5912311761419       -3.14937714277646     
   16.5850700982746       -3.63399594049861     
   16.5843527762761       -4.08686660697429     
   16.5893756683833       -4.51249234671930     
   16.5996666106054       -4.92174517527380     
   16.6139632203122       -5.32545294462023     
   16.6304008821757       -5.72860646688403     
   16.6467413863168       -6.12578239662909     
   16.6612702916337       -6.46340409871669     
   16.6725676338032       -6.69484648804415     
   16.6797222305267       -6.84058230086502     
   16.6828776634423       -6.89014437659293     
   16.6824946681022       -6.79516405345728     
   16.6789877890162       -6.56450911655464     
   16.6724361750388       -6.21131285148631     
   16.6627616986103       -5.74621395767059     
   16.6500668674040       -5.17686198624814     
   16.6344129673887       -4.50658300746809     
   16.6160530643791       -3.73386281713535     
   16.5954104542529       -2.85177517901149     
   16.5725053278890       -1.84829741948307     
   16.5478677654672      -0.706807922017621     
   16.5217387748756       0.593869135405993     
   16.4942588986393        2.07726129853127     
   16.4656983572902        3.75902182100388     
   16.4361389033571        5.60303754539505     
   16.4056348076539        7.56038493380806     
   16.3743761519454        9.60125621883178     
   16.3426666936679        11.6692270479752     
   16.3108570668403        13.6530608766254     
   16.2794160979340        15.5016907743421     
   16.2488620100263        17.1799608807800     
   16.2196346884652        18.6624729870873     
   16.1923057431358        19.9339887096189     
   16.1680925835848        20.9850009175543     
   16.1481958146397        21.8074759636969     
   16.1337953083780        22.3916926888970     
   16.1257640771146        22.7230600884799     
   16.1244397556149        22.7837752983275     
   16.1293953845681        22.5569059940866     
   16.1397807004049        22.0309261102088     
   16.1542796309131        21.2077256761009     
   16.1712631884554        20.1075480732390     
   16.2615693946087        11.2495827916820     
   16.2702439208468        10.2519231249047     
   16.2789341561745        9.48911774971496     
   16.2888441903562        8.92343010964500     
   16.3004876259695        8.51323835349019     
   16.3138165197892        8.21974426724623     
   16.3284414982520        8.01147572748571     
   16.3440793366792        7.86638666181108     
   16.3602832733086        7.77181677908392     
   16.3766439712055        7.72253334018333     
   16.3928742459495        7.71714117139834     
   16.4086415156869        7.75486869290081     
   16.4236921050163        7.83297896644663     
   16.4374939312200        7.94515609485835     
   16.4492838171197        8.09150456374075     
   16.4586818268394        8.27290942153148     
   16.4652986013217        8.42603059820486     
   16.4691489624843        8.52393650279855     
   16.4705678305044        8.55395849883012     
   16.4702454902902        8.50051924436811     
   16.4688205285340        8.33246629844704     
   16.4682924280526        8.03957216859467     
   16.4697913450875        7.62658092426049     
   16.4745046796148        7.09691659628617     
   16.4833267029853        6.45311776013043     
   16.4969523609306        5.69790704091761     
   16.5156478844201        4.83338947661817     
   16.5391413379715        3.86272992767641     
   16.5667792009695        2.79062631798478     
   16.5974515436114        1.62547825874906     
   16.6295838796462       0.408315399685641     
   16.6614589371568      -0.824963809603077     
   16.6913279748011       -2.05198628131167     
   16.7179918904138       -3.25025047349162     
   16.7408291680533       -4.34265580736451     
   16.7598453716385       -5.30648885268303     
   16.7750964948372       -6.13969090721647     
   16.7867019643752       -6.86045525764294     
   16.7948790485648       -7.49208105175925     
   16.7999033270098       -8.05760944368292     
   16.8023521364350       -8.58341840733789     
   16.8027325259365       -9.09549724112171     
   16.7855702371116       -11.8715837947582     
   16.7804195184766       -12.3788727221580     
   16.7741157530538       -12.7713893656397     
   16.7660671222736       -12.9861235066404     
   16.7554966516056       -12.9599725286344     
   16.7420030016551       -12.6371544333167     
   16.7250377078121       -11.9776942800753     
   16.6156294289644       -6.20948657142812     
   16.5784388839292       -4.32589445369639     
   16.5391945414389       -2.45432780411669     
   16.4994495170079      -0.634810171402655     
   16.4609541612375        1.11525351449238     
   16.4252297336272        2.78554946481523     
   16.3935591089904        4.37103211560429     
   16.3668258213845        5.86928119540089     
   16.3451833117202        7.27596649661381     
   16.3284589553607        8.57856592297720     
   16.3157370481432        9.74846542717112     
   16.3059722613925        10.7461359632175     
   16.2981851693126        11.5222012919614     
   16.2915106840841        12.0245730986923     
   16.2849320247896        12.2043983591064     
   16.2771102160592        12.0276818325440     
   16.2669817918723        11.4886668257286     
   16.2536386271390        10.6881181878161     
   16.2369951191156        9.67899884342878     
   16.2177289650968        8.53326969807323     
   16.1141218729395        5.23515897590462     
   16.1193837788966        6.23931703050574     
   16.1285590034097        7.67329788511407     
   16.1406489092005        9.52956532725599     
   16.1545339695889        11.7706391916103     
   16.1689997926421        14.3206237776578     
   16.1830655835511        16.9853095724909     
   16.1956253144432        19.6120929652985     
   16.2062840774598        22.0368695253456     
   16.2152070638407        24.0623658308490     
   16.2234708793661        25.6072320947148     
   16.2330063508648        26.6271356607167     
   16.2457233813294        27.1146028995884     
   16.2632824109016        27.0978962713198     
   16.2866783623743        26.6326713218450     
   16.3160858389836        25.7986008028566     
   16.3508536902808        24.6672440420040     
   16.3896722450468        23.2823610988680     
   16.4309266926191        21.6688103763976     
   16.4730445360382        19.8339475886436     
   16.5147428569781        17.7733559652874     
   16.5549339199967        15.4820657361921     
   16.5927224917635        12.9658717362355     
   16.6269939851209        10.2799605199351     
   16.6567020849151        7.60344328396240     
   16.6810644288870        5.03301318263669     
   16.6997014344964        2.76773183768684     
   16.7128793743613       0.864733182087626     
   16.7211032239918      -0.690430562127339     
   16.7251275569115       -1.94066879918963     
   16.7256369370140       -2.94916455727198     
   16.7234959297878       -3.79146154532603     
   16.7196753586149       -4.54800264688424     
   16.7153089412265       -5.29843843030418     
   16.7118632024567       -6.11613110175823     
   16.7104342371518       -7.06352267630438     
   16.7116416573084       -8.18749383037971     
   16.7154377511463       -9.51582741218773     
   16.7211678308677       -11.0395760311632     
   16.7276418137195       -12.7038671497908     
   16.7334667467562       -14.4660794213773     
   16.7373003197299       -16.2768334859080     
   16.7378536064394       -18.0786247094091     
   16.7338358320282       -19.8068646022500     
   16.7239965501944       -21.3905458303239     
   16.7070369107108       -22.7541573380606     
   16.6819615274099       -23.8236520616560     
   16.6482049906068       -24.5362900709901     
   16.6059052697679       -24.8672015686247     
   16.5561082048130       -24.9412706459687     
   16.5006183857259       -24.7784480234557     
   16.4417349658560       -24.4754059858325     
   16.3823982863480       -24.0881135696610     
   16.2737278312145       -23.0491066105522     
   16.2295757227126       -22.4029962021242     
   16.1950903026155       -21.6940520471803     
   16.1715393637179       -20.9528171821896     
   16.1595826225669       -20.2235011875370     
   16.1587689934118       -19.5592787374397     
   16.1676614091769       -19.0175817981149     
   16.1840650502388       -18.6965326656034     
   16.2053827978627       -18.6334168051686     
   16.2286314498725       -18.8229388402128     
   16.2512297906854       -19.2304290636054     
   16.2710915388909       -19.7796534459405     
   16.2872119982759       -20.3344219789295     
   16.2998163553567       -20.8213627575851     
   16.3098336566831       -21.1597033450617     
   16.3184445357288       -21.2436735401566     
   16.3265969233319       -21.0351235780095     
   16.3351491170390       -20.5032057805594     
   16.3443818693420       -19.6286713377993     
   16.3546538000943       -18.4060572798694     
   16.3658878269689       -16.8504829506415     
   16.3778568675976       -14.9731804146400     
   16.3899665758511       -12.7904158920674     
   16.4017188159789       -10.3240985852987     
   16.4122633586288       -7.60330897229863     
   16.4206031750253       -4.66716688255888     
   16.4256228487789       -1.56876537556839     
   16.4258731661310        1.62221818654270     
   16.4204000473829        4.82002437453769     
   16.4083190246625        7.92900546599455     
   16.3894256973771        10.7985133229021     
   16.3638289537322        13.2319818447175     
   16.3322721816048        15.1575270766725     
   16.2955739352343        16.5392597740837     
   16.2549850447611        17.4071164555563     
   16.2121701963971        17.8326207848958     
   16.1691814255571        17.8649687751159     
   16.1278606459663        17.5578165652264     
   16.0899111724254        16.9666626847829     
   16.0562522386562        16.1495144214258     
   16.0276863428829        15.1630174487599     
   16.0046534049159        14.0620602883633     
   15.9874286951292        12.8969150821031     
   15.9761221205184        11.7125879236122     
   15.9706587502112        10.5474935422968     
   15.9708371454239        9.43352266621951     
   15.9764680553080        8.39572866576960     
   15.9871761830643        7.45223247949107     
   16.0030339789231        6.61257750424645     
   16.0240227525624        5.89632602673434     
   16.0502420007918        5.32844068430121     
   16.0816543051965        4.89152431591161     
   16.1181369398411        4.55382596831862     
   16.1589206745198        4.28689698380283     
   16.2031787176266        4.07072218791917     
   16.2494711859021        3.84380728732321     
   16.2962342903464        3.54407960228686     
   16.3418205289840        3.11419445298665     
   16.3853909215003        2.50420778409160     
   16.4263072794277        1.65924768302676     
   16.4641057416157       0.542497922209033     
   16.4985846528260      -0.814212525704993     
   16.5292700987992       -2.31724056312470     
   16.5556100113531       -3.92544753341894     
   16.5771402669703       -5.58885158662529     
   16.5936277397571       -7.25146890234204     
   16.6048537059309       -8.85775303709939     
   16.6111703747524       -10.3560729098168     
   16.6130724148453       -11.6885601132369     
   16.6114190051898       -12.8180863619956     
   16.6071237302529       -13.7285683326979     
   16.6011880734840       -14.4156259732595     
   16.5944464082860       -14.8872129574896     
   16.5876313291965       -15.1869261500586     
   16.5815575089077       -15.3657560510179     
   16.5768097024972       -15.4505616163351     
   16.5739898012624       -15.4704480507451     
   16.5734926308636       -15.4498038663577     
   16.5756318435960       -15.4132275314422     
   16.5807049272212       -15.3713725313670     
   16.5889870327425       -15.3208121298091     
   16.6009902915453       -15.2545359005898     
   16.6173653124018       -15.1669015272666     
   16.6384876680757       -15.0588949135681     
   16.6639508677272       -14.9320431487720     
   16.6927149203548       -14.7924554118431     
   16.7232594256796       -14.6362936619223     
   16.7537581487233       -14.4422447261000     
   16.7825161191376       -14.1965682555760     
   16.8082061308484       -13.8869792401609     
   16.8297750172005       -13.5044264246800     
   16.8465549602349       -13.0230525065201     
   16.8578082544680       -12.4103735490880     
   16.8627692275836       -11.6698073831603     
   16.8608494387754       -10.8124858952395     
   16.8516511947619       -9.85717393943850     
   16.8357321991440       -8.82994028549973     
   16.8141037793707       -7.76663903059515     
   16.7882616023348       -6.77483815589189     
   16.7594742797470       -5.90416634024603     
   16.7290395514145       -5.15617483455708     
   16.6974992614503       -4.50780615069159     
   16.6646523437457       -3.91142946493502     
   16.6300691954404       -3.29786922033502     
   16.5933771769778       -2.58995908749828     
   16.5552697377825       -1.70997835391814     
   16.5167199154356      -0.564230489199448     
   16.4786136986623       0.931727043086657     
   16.4413513433916        2.83784392193839     
   16.4047876536370        5.17599902161990     
   16.3683500602450        7.84352086442389     
   16.3315145524620        10.7108731351847     
   16.2938627290490        13.6657176632151     
   16.2553251126428        16.5165243138791     
   16.2163667658667        19.1627091080007     
   16.1778090388799        21.5377915401108     
   16.1404755688414        23.5918226204236     
   16.1053051559958        25.2904245854712     
   16.0732095417516        26.6106781694661     
   16.0452510324332        27.5360024267248     
   16.0224853904321        28.0404615401754     
   16.0057549575434        28.1134585731967     
   15.9953735963232        27.7530165899451     
   15.9910724631088        26.9652820202821     
   15.9920639531681        25.7660583871440     
   15.9973879824522        24.1818111388321     
   16.0059709931563        22.2493498409364     
   16.0170944169841        20.0160816502488     
   16.0306731966871        17.5415695527348     
   16.0469074938995        14.9501459154501     
   16.0663240302772        12.3515068964670     
   16.0890002390176        9.81716057353283     
   16.1147267349450        7.43801612138517     
   16.1430699477285        5.30860060140357     
   16.1733638657008        3.44040144055530     
   16.2051821486785        1.82240263686833     
   16.2382815461003       0.429979061871075     
   16.2725000406789      -0.770553976396481     
   16.3077127218759       -1.81848537739948     
   16.3434245362707       -2.75587501077970     
   16.3788328541975       -3.62572800812791     
   16.4128408753438       -4.46987522786150     
   16.4442037224528       -5.32661201720950     
   16.4718574950040       -6.22854732782268     
   16.4951636713201       -7.19919211736562     
   16.5142305739661       -8.24997708263919     
   16.5296801004150       -9.40785297833558     
   16.5424008053138       -10.6157151334560     
   16.5533602118875       -11.8463622964359     
   16.5635211651010       -13.0959339555849     
   16.5738722522560       -14.3599365858568     
   16.5861256000730       -15.6074906619798     
   16.6019096920425       -16.8191661108696     
   16.6223081067020       -17.9706809492796     
   16.6478499739296       -19.0304792357989     
   16.6780876513503       -19.9781168167789     
   16.7120478220646       -20.7994288433439     
   16.7483931096144       -21.4861610278626     
   16.7856949872411       -22.0369802779419     
   16.8224621178971       -22.4555544678778     
   16.8574646622584       -22.7496318177977     
   16.8896706862623       -22.9362312708370     
   16.9180989587568       -23.0286874353459     
   16.9419009988576       -22.9885909996172     
   16.9601321334425       -22.7743454243485     
   16.9722571629065       -22.3808294719253     
   16.9779759485892       -21.7402810903059     
   16.9775542846649       -20.8200688617193     
   16.9715951939944       -19.6589605008501     
   16.9607918357280       -18.3071328035893     
   16.9456061696316       -16.8215278224807     
   16.9263582216546       -15.2597834836216     
   16.9030349335524       -13.6758826110274     
   16.8759738051537       -12.1356541416209     
   16.8459445914451       -10.7296653857008     
   16.8142834107435       -9.48591069525219     
   16.7821168990942       -8.41598736611980     
   16.7501913561954       -7.51493514584324     
   16.7188946809503       -6.75901911378602     
   16.6883737917099       -6.10747815833813     
   16.6583610700208       -5.50626364310993     
   16.6283956298662       -4.89326772514987     
   16.5978337604167       -4.20380408315883     
   16.5659910342568       -3.37567246101001     
   16.5325725256554       -2.35453852969983     
   16.4974489749986       -1.10128934275696     
   16.4606724626751       0.410006560026964     
   16.4223883306297        2.18522807635396     
   16.3828843000309        4.19954934789656     
   16.3424312709285        6.31212671607815     
   16.3021168048708        8.43307295469242     
   16.2630279601398        10.4867965177116     
   16.2265184812931        12.3605043252918     
   16.1938620268767        14.0350698602396     
   16.1659084082504        15.5135174176809     
   16.1431795968415        16.8075145921304     
   16.1258206876662        17.9280480751131     
   16.1136029081933        18.8778740789260     
   16.1062580599846        19.6460464190935     
   16.1033720927142        20.2060965319127     
   16.1038458033327        20.4926224802040     
   16.1062125639472        20.4027672843784     
   16.1086204631946        19.8709374470592     
   16.1091735476544        18.8488731112884     
   16.1060765832323        17.3223183328584     
   16.0980467910088        15.3700491328245     
   16.0847214090560        13.1112238496365     
   15.9968737213579        3.81525159581301     
   15.9770343965407        2.20332009647131     
   15.9634444589792        1.13056171928848     
   15.9585477877684       0.686480633959277     
   15.9642990163567       0.919513790210840     
   15.9817595418841        1.82625697749335     
   16.0107262377491        3.34831188447893     
   16.1413110394666        10.3654530025578     
   16.1877646274050        12.9786452697404     
   16.2303703674136        15.3588422650446     
   16.2676115693955        17.3168053454545     
   16.2986497301124        18.7057849073500     
   16.3233780828829        19.3707483787357     
   16.3422398944077        19.2957475154553     
   16.3562185089702        18.6280125198993     
   16.3666591974380        17.5329994495559     
   16.3752584696696        16.0898977192490     
   16.3835130577741        14.3734537675251     
   16.3926050042281        12.4445741333655     
   16.4035113508047        10.3469293774368     
   16.4167056155327        8.10911656088464     
   16.4321813050658        5.74978440554950     
   16.4497573341193        3.28304244578834     
   16.4689418448030       0.724672091709784     
   16.4892554767808       -1.90349690598830     
   16.5103262866378       -4.57158510349828     
   16.5319294934532       -7.24107028129554     
   16.5538106158787       -9.83170290701580     
   16.5756333855360       -12.2526636170776     
   16.5968645454307       -14.4636668312657     
   16.6172254093853       -16.4228808379661     
   16.6364864857654       -18.0662862540285     
   16.6545366457606       -19.3999390561721     
   16.6717502580399       -20.4465647852124     
   16.6882293458333       -21.2361486739604     
   16.7039181634230       -21.8025670634294     
   16.7184780673626       -22.1786211693578     
   16.7314745322265       -22.3924711400556     
   16.7421320253787       -22.4641433993107     
   16.7494296095392       -22.4030461251240     
   16.7521706087946       -22.2015477173677     
   16.7492195542289       -21.8278506518672     
   16.7402941118374       -21.2612176070413     
   16.7256613256857       -20.4850721035859     
   16.7059392743072       -19.4861882001624     
   16.6818720911549       -18.2574113756661     
   16.6541771312333       -16.8023662286078     
   16.6238376928722       -15.1382133877268     
   16.5918184404848       -13.3324004531556     
   16.5591424294956       -11.4363326689346     
   16.5270352344856       -9.48195234412804     
   16.4967058299470       -7.49731566415967     
   16.4457269836846       -3.56266084290995     
   16.4264748339774       -1.65991418254064     
   16.4117295091374       0.173752565955828     
   16.4012311706437        1.88867931581359     
   16.3943790542039        3.39262880184647     
   16.3904655435276        4.64063304516176     
   16.3884449032861        5.60123962656068     
   16.3871393239402        6.26152053339158     
   16.3853687668253        6.64526394959215     
   16.3819313441736        6.79948913485630     
   16.3757377489725        6.77909068802883     
   16.3660465218617        6.64610304279925     
   16.3531335919833        6.45475256118046     
   16.3380346265758        6.27333093381449     
   16.3224170291398        6.17302077359062     
   16.3080891497009        6.18225082588749     
   16.2965564011598        6.29961942671191     
   16.2892832088374        6.53566251593252     
   16.2871026155474        6.88501826303961     
   16.2904640203230        7.32433350868167     
   16.2994999896820        7.81874054751617     
   16.3135558869391        8.32627782198351     
   16.4160967923264        9.91874339560992     
   16.4351165868375        9.97065733801839     
   16.4513991485027        9.96415634123498     
   16.4639957237495        9.93186725382993     
   16.4721258664027        9.93863931355643     
   16.4756279761959        9.98939815378707     
   16.4746718980601        10.0741813078029     
   16.4698769554228        10.1748962551395     
   16.4620206495370        10.2405218063218     
   16.4519382224492        10.2337715623693     
   16.4405390252818        10.1430014570758     
   16.4289412067783        9.95854521589731     
   16.4184094525501        9.67281092230579     
   16.4104077979477        9.27986934351783     
   16.4061763818175        8.77577116363351     
   16.4066636379214        8.15781393027829     
   16.4125347528979        7.42451028850561     
   16.4234188022224        6.57325800317797     
   16.4382298639569        5.59867441345600     
   16.4552347325306        4.49661832337423     
   16.4729252284531        3.26339462797904     
   16.4902531856678        1.88438834011025     
   16.5066523745049       0.350234852654533     
   16.5216533920824       -1.32419978105624     
   16.5347265853895       -3.07671335680888     
   16.5451068442157       -4.86653268718671     
   16.5520642369634       -6.64863145894586     
   16.5551623574793       -8.36376940430968     
   16.5543784041200       -9.94155566853395     
   16.5501706898823       -11.3577953608126     
   16.5091181580517       -15.1642072365326     
   16.4944604195384       -15.5688902857700     
   16.4790756402763       -15.6946496184474     
   16.4637568046797       -15.5058747532606     
   16.4495374637482       -14.9672872917828     
   16.4374252395395       -14.0565379754795     
   16.4280761534545       -12.8195724505691     
   16.4221753077793       -11.3213812330507     
   16.4195805728803       -9.62058081463299     
   16.4198553291062       -7.82644621571328     
   16.4225812543531       -6.05384829657791     
   16.4281520976702       -4.34992837207725     
   16.4377355788216       -2.74782189895116     
   16.4524948106896       -1.26415431085974     
   16.4726764297696       9.526500277830152E-002
   16.4978079602964        1.32830897625314     
   16.5266715943393        2.43811875052517     
   16.5578023829553        3.42702037554537     
   16.5895213464117        4.29252157714815     
   16.6205440988982        5.02633445320467     
   16.7109701145399        6.23398811629218     
   16.7031945621247        6.01894731283521     
   16.6906070476745        5.81215611773635     
   16.6747237395655        5.65657434970075     
   16.6570756867280        5.62958682055733     
   16.6387050532865        5.71748602208248     
   16.6202484247485        5.85979950178606     
   16.6019024923612        6.03080105314031     
   16.5838879903843        6.21747903237427     
   16.5664409236991        6.41108083469731     
   16.5500009756617        6.60878851115509     
   16.5348595242224        6.81531887426186     
   16.5212833409778        7.04384248667052     
   16.5090206148520        7.31526601059660     
   16.4976068829270        7.65660814352426     
   16.4862859743597        8.09804177231371     
   16.4742814185391        8.66968522963633     
   16.4608538734226        9.39829706438426     
   16.4454322918515        10.3032493011311     
   16.4276431387047        11.3939724195608     
   16.4072803461345        12.6219206889457     
   16.3843634477291        13.9134685788878     
   16.3592598896543        15.2147079441652     
   16.3329011143527        16.3931722493259     
   16.3067322325961        17.3444027260386     
   16.2825693450544        18.0127068814932     
   16.2624872575496        18.3569079649676     
   16.2484270615555        18.3632332346164     
   16.2416442374019        18.0442639334173     
   16.2430432540739        17.4292647830152     
   16.2527770653559        16.5496746877581     
   16.2708345595124        15.4274015129457     
   16.2965841128055        14.0729900213999     
   16.3288419728304        12.4907465337230     
   16.3656852682140        10.6885370646801     
   16.4049354954556        8.68676282171554     
   16.4443513857606        6.52439302423247     
   16.4817819194180        4.32806025697139     
   16.5156612534051        2.24795876760482     
   16.5448352437927       0.365268388322963     
   16.5686764802846       -1.18423598327681     
   16.6000083193980       -3.33357624945066     
   16.6080121482700       -4.01288683720193     
   16.6115277941424       -4.49276808185766     
   16.6111812788110       -4.82175751124845     
   16.6079038313511       -5.04216954778109     
   16.6030811455713       -5.18896183249655     
   16.5981128910596       -5.29330860619230     
   16.5943002500567       -5.38004370065123     
   16.5925478600944       -5.45497084870630     
   16.5932276581755       -5.50934174983177     
   16.5964579913783       -5.52184169231651     
   16.6016302790787       -5.46221202251558     
   16.6078434483599       -5.29458977687772     
   16.6138249217464       -4.98060535967587     
   16.6186444359874       -4.48248683669044     
   16.6211270262081       -3.76724543828420     
   16.6204547598104       -2.81208992098845     
   16.6160594335155       -1.61161921223495     
   16.6075499363733      -0.240384504659361     
   16.5950532950028        1.18676542953370     
   16.5787057150794        2.61556842626530     
   16.5595611052447        3.92752276267622     
   16.5385780654852        5.06724280615669     
   16.5171096030209        6.02653867947756     
   16.4963558410932        6.80830173801544     
   16.4776914363575        7.41983701560281     
   16.4621434215822        7.86752417646803     
   16.4506319172163        8.15250647915003     
   16.4439192671260        8.27011822710017     
   16.4424824664582        8.21107350988925     
   16.4460648189911        7.96603414575777     
   16.4545453990361        7.53233593697385     
   16.4667663528214        6.91946129026366     
   16.4810300753695        6.15117156753508     
   16.4955263929856        5.26883194539075     
   16.5085483228463        4.39041231813043     
   16.5189721212050        3.58240657582449     
   16.5258730993733        2.89017455355003     
   16.5285409590142        2.40683780959761     
   16.5264529971203        2.13737677447410     
   16.5197006430643        2.05707962955830     
   16.5084509967239        2.13134291269132     
   16.4931656157515        2.29161804575120     
   16.3178451336216        4.81849237815277     
   16.2876232360264        5.64695097246751     
   16.2567942827815        6.71003835350044     
   16.2260543758021        8.02751091201454     
   16.1958788773909        9.52526953316780     
   16.1671764231621        11.0853305605073     
   16.1405141861918        12.6322792651543     
   16.1164980633352        14.0273847695456     
   16.0957293729530        15.1928085017691     
   16.0794895889774        16.1074207706489     
   16.0694636050735        16.7662965465645     
   16.0673571446468        17.1745395974186     
   16.0741540506029        17.3424729217029     
   16.0898830397348        17.2804583127100     
   16.1138384521757        16.9960851684088     
   16.1449765143611        16.4922298410750     
   16.1816981648476        15.7687995800115     
   16.2224253258484        14.8248032826647     
   16.2653906114166        13.6632722877304     
   16.4279327894706        7.47248220634872     
   16.4606067744667        5.86482398423136     
   16.4890857771241        4.39805724854193     
   16.5134929880706        3.07484083621437     
   16.5341399203584        1.89178226190502     
   16.5517377207964       0.836243534677494     
   16.5671852264215      -0.106661974348401     
   16.5816275084218      -0.954048223678762     
   16.5964478454237       -1.72967153645375     
   16.6125284224491       -2.45478605406124     
   16.6302566132074       -3.14551653937658     
   16.6501129664164       -3.81123745183354     
   16.6724767801801       -4.45261942573783     
   16.6977876310475       -5.05974488189549     
   16.7259255991197       -5.60975798081460     
   16.7558155685844       -6.06613421033239     
   16.7861354934930       -6.36834134522030     
   16.8143688283559       -6.43864324472984     
   16.8386592257253       -6.21750979303641     
   16.7106720173860        5.40564620029669     
   16.6838173307686        6.25059439748855     
   16.6613837220007        6.96150926947211     
   16.6445639128843        7.49315427402465     
   16.6335746888385        7.77654320858911     
   16.6270077687614        7.68406634451789     
   16.6223811653901        7.13077634480930     
   16.6160934662589        6.09595127569481     
   16.6057400945765        4.60853775395685     
   16.5913152953902        2.76057820668755     
   16.5750210564746       0.805113838769628     
   16.5588089311818       -1.09290188429078     
   16.5438257413621       -2.70554479786183     
   16.5312799691667       -3.92806913842327     
   16.5213259362027       -4.74909883767922     
   16.5139511443499       -5.18600711736530     
   16.5090383670846       -5.27356131743504     
   16.5062993610316       -5.05401284379992     
   16.5054170381393       -4.57016320410642     
   16.5058475138509       -3.86092981054373     
   16.5069457550603       -2.96035380228288     
   16.5078911848955       -1.90598784252442     
   16.5077622781264      -0.724910604927772     
   16.5053919806583       0.565387453122692     
   16.4996161009206        1.95074223428375     
   16.4895767058598        3.41807414288150     
   16.4742919796690        4.95332468872253     
   16.4534649826583        6.53957660227220     
   16.4266003037845        8.14544526875444     
   16.3940349343009        9.64499920188245     
   16.3562055539663        10.9724048764377     
   16.3140886229151        12.0869146741857     
   16.2696565355957        12.9342998289015     
   16.2251187593889        13.4964949189101     
   16.1829250509197        13.7705204320093     
   16.1451669071694        13.7665679412624     
   16.1134809591389        13.4960950047373     
   16.0890694160765        12.9683848607173     
   16.0721067449079        12.1859313965725     
   16.0627592522486        11.1413972746491     
   16.0601771772656        9.81948600290577     
   16.1161301106900       -4.02975874903880     
   16.1274699682694       -6.79362991867817     
   16.1387640466533       -9.29304127501051     
   16.1510311401475       -11.3693259858372     
   16.1660358284053       -12.8307231790980     
   16.1856400451913       -13.6048524698767     
   16.2110661904712       -13.6892379886171     
   16.2427780775334       -13.1330453262018     
   16.2798993153921       -12.0271355601067     
   16.3209644335277       -10.4898477545173     
   16.3645241794439       -8.65429953714671     
   16.4097107978846       -6.66000098721412     
   16.4551833966951       -4.64400487896069     
   16.4991060298800       -2.72719395523523     
   16.5390664416132      -0.999817869631250     
   16.5731162527636       0.486861462090928     
   16.5997424943685        1.71988914347708     
   16.6183210277561        2.71346676339776     
   16.5889134628650        5.02446244104173     
   16.5684741434033        4.99931563008297     
   16.5462674811255        4.88494250506664     
   16.5235542310052        4.69659609194467     
   16.5015406549122        4.44612390397757     
   16.4812175885015        4.14603073382597     
   16.4635353488601        3.80791771972790     
   16.4490146226363        3.44148641963772     
   16.4380067721959        3.05457787992017     
   16.4305243968612        2.65368890914780     
   16.4266457141231        2.24446918107317     
   16.4266023107730        1.83274289541382     
   16.4307011440103        1.42645975146246     
   16.4388059393158        1.06146148465464     
   16.4502237237585       0.771018107981153     
   16.4635894480619       0.572250631785886     
   16.4776402401372       0.477388124074761     
   16.4908036761559       0.510925642804819     
   16.5019066738168       0.701540887018013     
   16.5099176718911        1.03465857615004     
   16.4580099941978        4.33533083200787     
   16.4320756675991        4.73222948414876     
   16.4026531352058        5.03911709240612     
   16.3712283667916        5.27509755832329     
   16.3395050797170        5.47259747397123     
   16.3093937850792        5.67728424954004     
   16.2823143713780        5.93152928819546     
   16.2295210712124        7.33347314542523     
   16.2224618802403        8.08646476417008     
   16.2209396262237        8.99462422837763     
   16.2249037659986        10.0493136317359     
   16.2339235588395        11.2196922197368     
   16.2472132838827        12.4354834688420     
   16.2638835678490        13.6578088104253     
   16.2831352434706        14.8472996588890     
   16.3043910444611        15.9621150769955     
   16.3269231397179        16.9464715733993     
   16.3501221923020        17.7611087684247     
   16.3734402932935        18.3814885202625     
   16.3964864253304        18.7846205880599     
   16.4191693715633        18.9485526015214     
   16.4413656029712        18.8480672136169     
   16.4628215475108        18.4566548532505     
   16.4830551134903        17.7481390775414     
   16.5014033093615        16.6954800916609     
   16.5173029158120        15.2543682734324     
   16.5305493533862        13.4225967528750     
   16.5411305769067        11.2490099713121     
   16.5495662902799        8.79488706160492     
   16.5562968699996        6.11801017145907     
   16.5618000239464        3.30663713067129     
   16.5666611547804       0.477939510716796     
   16.5718130144227       -2.29604484381240     
   16.5782598694875       -4.95462801470256     
   16.5865140252075       -7.44874484839410     
   16.5965665342703       -9.74267707644845     
   16.6080761448550       -11.8140572939456     
   16.6206514695545       -13.6517508590620     
   16.6337538518634       -15.2520891289038     
   16.6465232103322       -16.6148188469225     
   16.6581653152346       -17.7393971204129     
   16.6674403840715       -18.6233790643759     
   16.6732640514612       -19.2582584801072     
   16.6747637967895       -19.6301834498966     
   16.6712774277833       -19.7283032219930     
   16.6624734698804       -19.5458912211253     
   16.6482862758979       -19.1485099497459     
   16.6289168286614       -18.5501910001314     
   16.6049381130146       -17.7644146932313     
   16.5774992134515       -16.9143660568133     
   16.5483299728967       -16.0534302382328     
   16.5197641075846       -15.2036385180365     
   16.4948842474853       -14.3693929420772     
   16.4766550481187       -13.5357194262498     
   16.4685900357675       -12.6705585547433     
   16.4734032726690       -11.7319195892088     
   16.4922565087438       -10.6803975165722     
   16.5240917016813       -9.49838088458253     
   16.5660055524685       -8.21899351562529     
   16.6142113349088       -6.90818765781272     
   16.6646201525338       -5.67232942717257     
   16.7125835692650       -4.66883207874272     
   16.7534618559880       -3.99831910026241     
   16.7832514934179       -3.70681636667742     
   16.7994275301802       -3.78518962355396     
   16.8009439078104       -4.11994691345198     
   16.7883455978226       -4.54806012381606     
   16.7636310479752       -5.06741970217185     
   16.7292636698920       -5.57539019403435     
   16.6879330452585       -6.00483849142498     
   16.6420669523737       -6.32223407606951     
   16.5936930844719       -6.49656379444177     
   16.5444747041338       -6.49752017530576     
   16.4960040778447       -6.29497310552740     
   16.4497702651973       -5.85911910820219     
   16.4073748960468       -5.16060674677776     
   16.3698549412138       -4.17157924960647     
   16.3377287099552       -2.86663254543983     
   16.3108946780128       -1.22424985351165     
   16.2885708017667       0.771373054302133     
   16.2699271597013        3.12757156244612     
   16.2537249418002        5.80268944641658     
   16.2393688150689        8.68488913127675     
   16.2264185330884        11.6971192262164     
   16.2146089514454        14.6816022133902     
   16.2037296827461        17.4758628828318     
   16.1937948743825        19.9902761028318     
   16.1850821091820        22.1586721180031     
   16.1781929439162        23.9429437932239     
   16.1737922924017        25.3300104618937     
   16.1728308101904        26.3226075098944     
   16.2084931847015        26.3690740583247     
   16.2247629365113        25.3298727775748     
   16.2418423631058        23.8561158080705     
   16.2589406432998        21.9724696103395     
   16.2752231883086        19.7335366331075     
   16.2901600521758        17.2591529467596     
   16.3036608587289        14.7608081679341     
   16.3158669085621        12.3527486681105     
   16.3276178236839        10.2129722810784     
   16.3399908023377        8.41190824855437     
   16.3537952827849        6.94945433921866     
   16.3698757045721        5.80310196848616     
   16.3886348236337        4.93538031940670     
   16.4105309295569        4.30005301762690     
   16.4355443905059        3.84542664844271     
   16.4631198922801        3.52061310218370     
   16.4924261984808        3.27955401979910     
   16.5222880584012        3.08348876387926     
   16.5515784070739        2.90244220634748     
   16.6807770510901       0.875395976841064     
   16.6774440740856       0.486518900225270     
   16.6712000213100      -3.991464430566083E-004
   16.6635597136000      -0.597029582449045     
   16.6561764086095       -1.33974869678063     
   16.6505014407693       -2.21057785885510     
   16.6480204485483       -3.17110988473965     
   16.6492304718126       -4.18481583618051     
   16.6539283213214       -5.22159393195682     
   16.6617649762713       -6.26177536042993     
   16.6720731901957       -7.29835064682891     
   16.6851644156656       -8.33317352571497     
   16.7010914089548       -9.37211574189212     
   16.7196011729557       -10.4196713421826     
   16.7398369024779       -11.4727084263279     
   16.7606127036546       -12.4809915357842     
   16.7806150975960       -13.4060829704865     
   16.7984091929644       -14.2186630398602     
   16.7587798355459       -13.1748414445244     
   16.7318215049786       -12.3074688239932     
   16.7012367561644       -11.3761978780156     
   16.6672809553556       -10.3978851180832     
   16.6313320690616       -9.36036486487043     
   16.3778461685345        3.43185030413050     
   16.3388479839275        6.39824400360982     
   16.2985177255363        9.48773930699510     
   16.2572995849532        12.5437233599664     
   16.2163294492756        15.4152634440078     
   16.1770141211390        18.0381193490132     
   16.1407973275109        20.3678668540562     
   16.1087058404081        22.3791496252983     
   16.0817233018638        24.0622112199793     
   16.0601605470738        25.4164529605327     
   16.0439175567832        26.4433629597059     
   16.0325026552998        27.1291240565905     
   16.0253321982604        27.4370871957209     
   16.0216012687283        27.3473534836379     
   16.0204948165489        26.8419313982329     
   16.0213755128640        25.9106756332240     
   16.0239459723876        24.5590156891495     
   16.0280648261918        22.8137226519438     
   16.0337823319235        20.7254372663923     
   16.0410732412240        18.3675720602928     
   16.0500168889730        15.8896239948279     
   16.0603494877519        13.4156447174045     
   16.0719565203124        11.0233359272824     
   16.0851974072738        8.81970562878748     
   16.1008431130003        6.87201754187099     
   16.1199282448994        5.19340663610850     
   16.1436533700001        3.78174220616124     
   16.1728883040071        2.62008066598566     
   16.2080274656367        1.69648617987517     
   16.2489088845622       0.970281873487026     
   16.2945773501986       0.379061675811711     
   16.3438002294603      -0.149457995947079     
   16.3946286370502      -0.691949813703614     
   16.4448636955709       -1.32337835694751     
   16.4923530306333       -2.11155853266620     
   16.5352806157672       -3.11433892334054     
   16.5723225707616       -4.35205661692590     
   16.6026783097521       -5.84900910431321     
   16.6259540327010       -7.60331348666124     
   16.6424467940182       -9.60733987506595     
   16.6530919192173       -11.7998758698776     
   16.6596195289677       -14.0875229045291     
   16.6640173565054       -16.4201807596142     
   16.6682831016599       -18.7325288713522     
   16.6742425475136       -20.9659351368772     
   16.6829757793128       -23.0747972102613     
   16.6953926618336       -25.0292343907725     
   16.7120753311224       -26.8141964985968     
   16.7333879936333       -28.4249321070601     
   16.7590498058766       -29.8633277947951     
   16.7882370207309       -31.1342817941887     
   16.8196939034502       -32.2130714907916     
   16.8520451966222       -33.0619486263015     
   16.8838028884120       -33.6652595405409     
   16.9134437370343       -33.9962867587115     
   16.9396478199170       -33.9722494930632     
   16.9611803997951       -33.5836007982185     
   16.9770525637475       -32.8453783677532     
   16.9866251023371       -31.7859206225787     
   16.9895799271057       -30.4446355234308     
   16.9860270239874       -28.8699520692641     
   16.9762300067858       -27.1175439068587     
   16.9608380167775       -25.2469175573487     
   16.9406935122811       -23.3178015523545     
   16.9167768281996       -21.4221942130434     
   16.8902268036614       -19.6274477485179     
   16.8620075096692       -17.9548061423774     
   16.8331577611843       -16.4067551042854     
   16.8042731355095       -14.9663725445646     
   16.7757659055423       -13.5986622678323     
   16.7476666453776       -12.2527436224971     
   16.7200448263985       -10.8643251732286     
   16.6925862111646       -9.36071330445807     
   16.6649283513300       -7.67783251263219     
   16.6364659606955       -5.74209322119272     
   16.6068786041304       -3.48828816340885     
   16.5757181585240      -0.874561051501106     
   16.5427735048029        2.10925552160412     
   16.5080059800296        5.42251008241132     
   16.2527368708098        24.7399094550443     
   16.2231024619524        26.0425346341752     
   16.1971312471067        26.9277331772194     
   16.1750170183305        27.3836031283675     
   16.1567719015025        27.4022613796323     
   16.1420986532190        26.9747101673720     
   16.1305031497159        26.0962428941682     
   16.1214477787919        24.7731652340547     
   16.1141776372107        23.0283881005042     
   16.1080584142959        20.9052050329889     
   16.1028487016395        18.4687323448240     
   16.0987953699677        15.8060004279172     
   16.0967911386945        13.0764249182036     
   16.0977523434660        10.4267147459196     
   16.1023418856004        7.95974361291506     
   16.1108531673619        5.78143300803779     
   16.1230830874458        3.99082222561977     
   16.1385813389862        2.61692359592278     
   16.1569552322602        1.67230251013770     
   16.1778837670515        1.16051776888594     
   16.2010748713439        1.07818687299786     
   16.2523888455583        2.15145344388795     
   16.2783382892842        3.25274770538919     
   16.3022426061679        4.65966503027898     
   16.3220349001365        6.22419999223087     
   16.3360578982001        7.78986934850107     
   16.3430397463726        9.18538205432455     
   16.3139980680657        9.52489851887961     
   16.3040704691790        8.30824443926188     
   16.2987794687333        6.73022900576133     
   16.3010687407356        4.90211807327113     
   16.3134406979026        2.92692342880057     
   16.3371187295798       0.884443524652098     
   16.3716122029438       -1.17568081323079     
   16.4146853008402       -3.22965377151678     
   16.4631110987750       -5.27048679733384     
   16.5135984012614       -7.29687412787889     
   16.5629829151518       -9.30484610807398     
   16.6091454277029       -11.2833044665879     
   16.6509871511991       -13.2087452924514     
   16.6881281789439       -14.9558298926973     
   16.7204941623291       -16.4573559149221     
   16.7482170242647       -17.6606033518211     
   16.7711497612480       -18.4822574229137     
   16.7892182197160       -18.9522093876193     
   16.8021905763885       -19.1143877868402     
   16.8101503711163       -19.0164400535930     
   16.8134645402333       -18.7044919010299     
   16.8128347171113       -18.2306199450847     
   16.8092221538890       -17.6338076048848     
   16.8035973878875       -16.9302731937321     
   16.7966825256909       -16.1234475865363     
   16.7886104722693       -15.2032818709723     
   16.7794728027059       -14.1467455828992     
   16.7691697458363       -12.9196854537242     
   16.7578861090149       -11.4796084227456     
   16.7459033786629       -9.78028722584719     
   16.7334797376612       -7.78001467839192     
   16.7204283492636       -5.44976164238937     
   16.7065555388042       -2.78193269451090     
   16.6912276501745       0.203349907264887     
   16.6738575438822        3.40093028718203     
   16.6541304265478        6.65495118378777     
   16.5355943771655        20.1596423118371     
   16.5112511262948        21.8267014762526     
   16.4867301366883        23.0666218683498     
   16.4614798895144        23.8708972132218     
   16.4348999217211        24.2346595877538     
   16.4067121947928        24.1587036188718     
   16.3767635234896        23.6549235911804     
   16.3453028770197        22.7516011793100     
   16.3128051473614        21.4978942754643     
   16.2802242298957        19.9644079783052     
   16.2485893369216        18.2738630682201     
   16.2191239980047        16.5689209515011     
   16.1932681850129        14.9333108378583     
   16.1723038363634        13.4439519032699     
   16.1572490264205        12.2020609828802     
   16.1481871413393        11.2324461239051     
   16.1450231273049        10.5319769893707     
   16.1470632672431        10.0803436918267     
   16.1534933942129        9.84579719583316     
   16.1635581738112        9.78986011107899     
   16.1765537507227        9.87162098912843     
   16.1921676398125        10.0506231949588     
   16.2098235404446        10.2886966764919     
   16.2286629413164        10.5514754185003     
   16.2476161744642        10.8092524727054     
   16.2653272083924        11.0362157559878     
   16.2805485579529        11.2097095500567     
   16.2922391846636        11.3049083957844     
   16.2997873872254        11.2457947059349     
   16.3030721943357        11.0200905803353     
   16.3023206842482        10.6551889306427     
   16.2984898091948        10.0971838912460     
   16.2926480770837        9.29114632374837     
   16.2866011685768        8.24567148535689     
   16.2822965700146        7.00188075943520     
   16.2818996634740        5.59496553270451     
   16.2875669372433        4.05721083547015     
   16.3009355710151        2.41989725372452     
   16.3230243554398       0.709394235788078     
   16.3540247542319       -1.05469771255849     
   16.3932627563393       -2.85948803978398     
   16.4396859124115       -4.69749142222321     
   16.4917068205220       -6.56269464928914     
   16.5475744483891       -8.44638150303637     
   16.6054270580527       -10.3348435433338     
   16.6632415171782       -12.2066051248053     
   16.7192196883600       -13.9873188856076     
   16.7713647773844       -15.6098277210271     
   16.8183161073158       -17.0415988187402     
   16.8590222737977       -18.2327883105233     
   16.8927470174016       -19.1206873862096     
   16.9195414832021       -19.7089669137891     
   16.9394678791484       -20.0123707460341     
   16.9528854919010       -20.0519508295192     
   16.9602729071053       -19.8516839599628     
   16.9619873482905       -19.4345965432001     
   16.9586200904081       -18.8187199754350     
   16.9504814845774       -18.0139486734438     
   16.9381998516456       -17.0194728170247     
   16.9221515438658       -15.8254333183428     
   16.9025770433982       -14.4407803825693     
   16.8795454238744       -12.8493586480321     
   16.8530453843148       -11.0229576062873     
   16.8230736111838       -8.94256463968500     
   16.7897260699490       -6.61389410054667     
   16.7536885054923       -4.13691194435821     
   16.7155026107488       -1.58010506736256     
   16.6760375265044       0.990775852832502     
   16.6361185481608        3.45407695497066     
   16.5967146839305        5.75758622977272     
   16.5584967241795        7.87904562560334     
   16.5223642615031        9.80765470844674     
   16.4888531355761        11.5400563357616     
   16.4585375642296        13.0744069047488     
   16.4317524174972        14.4080582149175     
   16.4088031404006        15.5328714860652     
   16.3895965036851        16.4356544052115     
   16.3737475428295        17.0998081747053     
   16.3606569914876        17.5076241846845     
   16.3495832215868        17.6447562057316     
   16.3397795092871        17.5029539715857     
   16.3305178232351        17.0479140982030     
   16.3210341367612        16.2544155523925     
   16.3108020577095        15.1896932666005     
   16.2992661025688        13.9363491840560     
   16.2859467982027        12.5431909566547     
   16.2705465194949        11.0954005140891     
   16.2530645748731        9.69255864331728     
   16.2337499121797        8.36904351402531     
   16.2131636694568        7.15119529343216     
   16.1920342461944        6.05798702388634     
   16.1713404076716        5.10188258267100     
   16.1520620907478        4.28910867199903     
   16.1352227314345        3.62019817802692     
   16.1216245116164        3.09126575454378     
   16.1118022631238        2.69493826399066     
   16.1060340056692        2.42132181520117     
   16.1045151936765        2.26475920664856     
   16.1074568245996        2.21842167070533     
   16.1150715754971        2.26881984605102     
   16.1274286340047        2.40193427050253     
   16.1446867329265        2.60386133941134     
   16.1666409535380        2.86969602133595     
   16.1927272504982        3.20418965935782     
   16.2223116745502        3.59003245963860     
   16.2543760728002        3.94770995332549     
   16.2882836033886        4.25565718373243     
   16.3233262386476        4.50696168375352     
   16.3591709642906        4.66856095679204     
   16.3955984812959        4.73264129839877     
   16.4327787708706        4.72396297421285     
   16.4709230317769        4.66798936243747     
   16.5102202520271        4.56951206814427     
   16.5508574349086        4.42690306350650     
   16.5927548590612        4.23296659801453     
   16.6355131934063        3.97573787828457     
   16.6784199196890        3.64013598074648     
   16.7202661425532        3.21089771029349     
   16.7596777524944        2.67474722915221     
   16.7954962345994        2.02374702507941     
   16.8269871332671        1.29479213070372     
   16.8540919434442       0.527716103916979     
   16.8774204605323      -0.253500756058329     
   16.8977310356285       -1.00639723645971     
   16.9157557252957       -1.65096126797447     
   16.9321034633049       -2.17635394958212     
   16.9472512881333       -2.58368554004973     
   16.9617670823887       -2.88060939575777     
   16.9759214524891       -3.08224307273293     
   16.9897107253863       -3.21184378737009     
   17.0027683458691       -3.29177192243067     
   17.0143663034282       -3.33496068271297     
   17.0234929914145       -3.34960782541088     
   17.0292371016866       -3.33821266061393     
   17.0305232010893       -3.29694478474156     
   17.0265636577421       -3.20899253373662     
   17.0167109927101       -3.05472288784975     
   17.0005812101483       -2.81219018252949     
   16.9779889060081       -2.45791787721187     
   16.9490954653686       -1.96969720062240     
   16.9142386217914       -1.33023271463803     
   16.8740036103698      -0.530463216269538     
   16.8292053923362       0.384725264448617     
   16.7810190933812        1.33839464384731     
   16.7306663426805        2.29814006485932     
   16.6797278995722        3.19895589740031     
   16.6297523444100        3.95869827367458     
   16.5821964988650        4.56143331740047     
   16.5386259044805        5.00263944833224     
   16.5000981548211        5.28506690060275     
   16.4676685123210        5.41614636837085     
   16.4415536733131        5.40443211372478     
   16.4214197779338        5.25803282261465     
   16.4063738552036        4.98394286581007     
   16.3951140335664        4.58967425954127     
   16.3861315230048        4.08480125006910     
   16.3778919802228        3.48332288286284     
   16.3689431653620        2.80583827920820     
   16.3581214155283        2.08012105259407     
   16.3446698700380        1.34200643141487     
   16.3282885929859       0.634697682148508     
   16.3090815286243       4.372773002061514E-002
   16.2875463684514      -0.368052714558252     
   16.2644705417256      -0.565271868411641     
   16.2407912760240      -0.523548771468614     
   16.2172349539952      -0.208503166079420     
   16.1944424272107       0.374216181437183     
   16.1727277382621        1.18886483625805     
   16.1525914323402        2.18941627059627     
   16.1344895772742        3.32438686498413     
   16.1189246544955        4.54177248133943     
   16.1062987202451        5.75379286195354     
   16.0968670677029        6.86533354672244     
   16.0905848083275        7.85726104348292     
   16.0872995586626        8.72996109617316     
   16.0868893605751        9.50128257387688     
   16.0890739105807        10.2040663154835     
   16.0935936984990        10.8689900385532     
   16.1000609541778        11.5014778771393     
   16.1081908578859        12.1224657187729     
   16.1177324941933        12.7470632182221     
   16.1285000053632        13.3682572872435     
   16.1405119292481        13.9489894163344     
   16.1540632539188        14.4830449930570     
   16.1696682806706        14.9830254305520     
   16.1880693273056        15.4447821756737     
   16.2104200266077        15.8455793716536     
   16.2376877362383        16.1591925319369     
   16.2709543549768        16.3573334073217     
   16.3108608770909        16.4114409831503     
   16.3577995894909        16.2940448857259     
   16.4115282875345        15.9806871632276     
   16.4715129913326        15.4518995342225     
   16.5364950681222        14.6958310798532     
   16.6047227903853        13.7095475791610     
   16.6742253040672        12.4991235268054     
   16.7427503549844        11.0930577480147     
   16.8084075010306        9.56378822622812     
   16.8693467297358        7.94256045065947     
   16.9241093048146        6.25143361185939     
   16.9715704359259        4.53559752166724     
   17.0109054769108        2.82435054582466     
   17.0415502296590        1.13767335398468     
   17.0632269590011      -0.494340385729089     
   17.0757901602797       -2.07950838997732     
   17.0794200427769       -3.62563782358332     
   17.0744795772371       -5.13806238064929     
   17.0615156339421       -6.61742575269985     
   17.0413642890323       -8.05776938545727     
   17.0149475985099       -9.44505351992319     
   16.9833375473909       -10.7564284028925     
   16.9475931622722       -11.9599172278666     
   16.9084742333235       -13.0161601984133     
   16.8665716019166       -13.8788351553730     
   16.8222997601788       -14.4998961768443     
   16.7758405316611       -14.8232353887783     
   16.7274019890163       -14.8143829475709     
   16.6774057905716       -14.5288729511329     
   16.6266277090229       -14.0458135658970     
   16.5760066982692       -13.4207897373547     
   16.5264861989742       -12.7731428838460     
   16.4792630955427       -12.1943600438437     
   16.4354056801801       -11.7195829556147     
   16.2935497838121       -11.1898193735517     
   16.2814777271581       -11.4357136879062     
   16.2732730838041       -11.7946390001283     
   16.2678195993164       -12.2674207443725     
   16.2639549730702       -12.8509852324611     
   16.2606860707707       -13.5358310532410     
   16.2573556326401       -14.3032784919761     
   16.2536280387670       -15.1257729934879     
   16.2495701093183       -15.9223239256949     
   16.2453822113177       -16.6191086849897     
   16.2415719963033       -17.1792623919995     
   16.2389917685984       -17.5601253405375     
   16.2386702780265       -17.6985140225442     
   16.2418668176923       -17.5932921096382     
   16.2496013170356       -17.2549975129912     
   16.2623475255404       -16.6989141499419     
   16.2799894850117       -15.9471015642398     
   16.3017003352007       -15.0222378374744     
   16.3262595689033       -13.9381237237824     
   16.3522390016168       -12.7035974476872     
   16.3780006415058       -11.3218930306686     
   16.4018825946335       -9.79092898476555     
   16.4221424953617       -8.10407983639082     
   16.4372921707468       -6.25228082314359     
   16.4461981431500       -4.22691448900878     
   16.4480921498993       -2.02332359391009     
   16.4424872575463       0.354398675607201     
   16.4292627221242        2.88165232561682     
   16.4086724344703        5.46562189510500     
   16.3814512392416        8.03643217097196     
   16.3492889592916        10.5271933090694     
   16.3144587739380        12.8407060153930     
   16.2795893629967        14.8334348455085     
   16.2472174392642        16.4499262435017     
   16.2192492356582        17.6701105873102     
   16.1974876256155        18.4939341588014     
   16.1830070832607        18.9362616125419     
   16.1765099507720        19.0221738264922     
   16.1780092125326        18.7848807399353     
   16.1870097391350        18.2647934938452     
   16.2024554900683        17.5096235817494     
   16.2228073636318        16.5740003791224     
   16.2470299918734        15.5175874636404     
   16.2736654967281        14.4028770088823     
   16.3015265890920        13.2920410044100     
   16.3296555314184        12.2432189133372     
   16.3572824205372        11.3069073895267     
   16.3835643035824        10.5400478471448     
   16.4082350235138        9.98127992155762     
   16.4307662361427        9.62913122988097     
   16.4508794639065        9.46791855652379     
   16.4683725513570        9.46804765642411     
   16.4837279401937        9.58171595639832     
   16.4974322960955        9.74548912002530     
   16.5102786156010        9.88769526262076     
   16.5232853631180        9.92760065499830     
   16.5371350934249        9.79022743334937     
   16.5517456381862        9.42401658443489     
   16.5665058298079        8.79838699829240     
   16.5808673089243        7.90484279867120     
   16.5946591883307        6.75507629983444     
   16.6081355015754        5.40848812390981     
   16.6211882686713        3.97432593217249     
   16.6331527613882        2.48282633713762     
   16.6430075784908       0.957900210052824     
   16.6494386339230      -0.581780197165603     
   16.6515331264926       -2.12285101471136     
   16.6484325641585       -3.65715562267354     
   16.6396521962789       -5.17992019699888     
   16.6249182716309       -6.68952329620397     
   16.6042515444356       -8.18566757466427     
   16.5778368285300       -9.66891976292045     
   16.5461383238466       -11.1359328604777     
   16.5100747687578       -12.5802743008458     
   16.4708152821631       -13.9970002663005     
   16.4299811351665       -15.3752179578919     
   16.3894940068693       -16.6994744908379     
   16.3513232523765       -17.9538162304013     
   16.3174060614560       -19.1177728209418     
   16.2891303604822       -20.1681001567847     
   16.2677017944226       -21.0829646522260     
   16.2537169134267       -21.8421172183598     
   16.2475239308848       -22.4284136503297     
   16.2490870462329       -22.8286865039434     
   16.2580978774846       -23.0343453612051     
   16.2737410686544       -23.0495099302164     
   16.2948585301648       -22.8729857851292     
   16.3201137534549       -22.5093236074468     
   16.3480470198315       -21.9702151935100     
   16.3773175356878       -21.2694494163652     
   16.4067005760708       -20.4215178615914     
   16.4350720168132       -19.4397280614680     
   16.4614486524176       -18.3383826161683     
   16.4849111789052       -17.1322281411135     
   16.5046288744208       -15.8309780724845     
   16.5198926374664       -14.4422414102999     
   16.5303342439658       -12.9720496999287     
   16.5358931944563       -11.4256355519230     
   16.5369087133893       -9.80762328563582     
   16.5341863866567       -8.12255512163308     
   16.5288520078725       -6.37687694123712     
   16.5221484291343       -4.57844938036710     
   16.5156376533647       -2.73665205393336     
   16.5102766918065      -0.868904033465626     
   16.5066894982676       0.999679921912040     
   16.5049410958372        2.85356085000773     
   16.5049915268667        4.67497497251832     
   16.5065539092591        6.44459814551968     
   16.5093470808555        8.14265391624645     
   16.5131110067967        9.74973288588118     
   16.5173813514810        11.2490292191501     
   16.5218080751694        12.6258383653422     
   16.5258435036343        13.8668764020268     
   16.5294106794646        14.9649515466364     
   16.5322304277943        15.9049311195535     
   16.5341523532156        16.6840809636162     
   16.5348475431836        17.3028726737097     
   16.5341734287442        17.7634076909463     
   16.5318213772441        18.0691124726902     
   16.5275855785966        18.2249831265930     
   16.5213016286683        18.2292911980301     
   16.5130037513295        18.0795097396504     
   16.5028055169184        17.7871335909969     
   16.4912058033122        17.3641511870895     
   16.4786438818367        16.8222194445508     
   16.4655829147147        16.1733938598439     
   16.4526697691433        15.4281528633769     
   16.4403437627969        14.5952623098070     
   16.4291296626237        13.6820006772414     
   16.4201004833629        12.6957008964755     
   16.4139771380146        11.6470740197363     
   16.4110730221674        10.5540571954008     
   16.4109721465625        9.45590261653514     
   16.4126194689919        8.37999546774304     
   16.4145943613133        7.34675448692334     
   16.4156193558778        6.37252326226471     
   16.4147468725111        5.46778406494581     
   16.4114589595780        4.63716797120753     
   16.4055741443664        3.88021689434334     
   16.3972699188361        3.19245916796817     
   16.3865904460905        2.56692674594760     
   16.3740032382681        1.99352865895313     
   16.3598214645738        1.46153036636719     
   16.3446776803587       0.959127977209908     
   16.3293021616891       0.473955006448937     
   16.3146986973824      -9.862578208147177E-003
   16.3019864545595      -0.504323167276055     
   16.2923267562907       -1.01974002786524     
   16.2869942987518       -1.55796807807679     
   16.2870515260706       -2.12330382804746     
   16.2933285403506       -2.72565430950241     
   16.3063140770650       -3.37493415570291     
   16.3263159634260       -4.08034741938643     
   16.3531075298284       -4.84897253161787     
   16.3858963977139       -5.68442085050428     
   16.4233887943481       -6.58360943020436     
   16.4638844298401       -7.52892000937453     
   16.5051943625029       -8.50011039195971     
   16.5454341317857       -9.47248598450449     
   16.5828099856914       -10.4178635140686     
   16.6161515258599       -11.3062712402941     
   16.6997825640932       -13.6994576760934     
   16.7089808708761       -13.8705852109953     
   16.7145592537579       -13.8354291127669     
   16.7173439964077       -13.5848371946351     
   16.7184778646844       -13.1153855503084     
   16.7192983589126       -12.4291268890283     
   16.7210418760741       -11.5349844654979     
   16.7248644337628       -10.4478863037946     
   16.7312235131996       -9.18900398537011     
   16.7397142478986       -7.78417159600409     
   16.7497167992198       -6.26391969863437     
   16.7605342024705       -4.66636111382938     
   16.7716687762938       -3.04514538569524     
   16.7827134575555       -1.46379368721846     
   16.7931541744522       2.610794671510064E-002
   16.8021645510033        1.38339501304278     
   16.8087509292014        2.57577952760569     
   16.8118101526651        3.60281948552557     
   16.8103166329477        4.47274779219669     
   16.8034731917159        5.17352102434725     
   16.7906659846461        5.69602423048423     
   16.7714589407557        6.03244608014667     
   16.7454490494238        6.17084942016078     
   16.7125569877671        6.05710938853520     
   16.6728357747769        5.67260081211768     
   16.6266886230766        5.01451697978405     
   16.5749583243979        4.08769349636376     
   16.5191445255626        2.90870794789684     
   16.4612785341133        1.50931840312269     
   16.4035477471824      -6.159690245819593E-002
   16.3485336193226       -1.73815193285793     
   16.2980941399096       -3.44168551950264     
   16.2535998301876       -5.08807215548364     
   16.2159116213634       -6.59633448042836     
   16.1856941594818       -7.89472946269441     
   16.1634766853186       -8.92459889914612     
   16.1495218659431       -9.64129893768084     
   16.1434453687174       -10.0150539877375     
   16.1444591452088       -10.0331455065758     
   16.1511867978629       -9.69813769266783     
   16.1620639416848       -9.02675451950444     
   16.1755857866264       -8.04704983242183     
   16.1905341451624       -6.79621281546177     
   16.2057788634515       -5.31805615489715     
   16.2204346245860       -3.66256408172061     
   16.2338277198694       -1.88241679184135     
   16.2454035763680      -3.546233001535093E-002
   16.2548248193153        1.81255129343453     
   16.2618114661169        3.60435645749566     
   16.2665786275096        5.28388822892218     
   16.2695390947641        6.79559255229027     
   16.2716299253233        8.08487909783834     
   16.2741903849911        9.09945618220130     
   16.2786682435653        9.79308197130538     
   16.2859312406458        10.1753509893983     
   16.2957951354881        10.2670107748980     
   16.3070552305530        10.0612429220773     
   16.3183212715371        9.50924415873282     
   16.3281084312716        8.57250489304932     
   16.3354416074139        7.31937598802544     
   16.3398286436182        5.83549751868228     
   16.3409539672591        4.21853594130863     
   16.3389526006287        2.56775050686575     
   16.3339660772058       0.969539651619026     
   16.3264438289518      -0.499201060995630     
   16.3169771194158       -1.77230376360037     
   16.3063137768733       -2.79509966290318     
   16.2952528226996       -3.52526977773900     
   16.2846862405010       -3.93387989756515     
   16.2755895624911       -4.00748509295165     
   16.2689952955586       -3.75079738336889     
   16.2659867900711       -3.19004714215313     
   16.2675238481744       -2.37502478345181     
   16.2743394835978       -1.37855651144513     
   16.2869132657126      -0.293511994328695     
   16.3055731092231       0.774390112050476     
   16.3306345088044        1.71479190410340     
   16.3623318058000        2.43313262954950     
   16.4007109249195        2.85984110252636     
   16.4451618629103        2.95709382445122     
   16.4940489811177        2.72285228373715     
   16.5450501360849        2.18669407476597     
   16.5953356019955        1.40197382253038     
   16.6422970572369       0.457697971653015     
   16.6838276467838      -0.541551965260622     
   16.7183569725993       -1.54607327087190     
   16.7450851726621       -2.52052134314655     
   16.7636258184631       -3.43798818824078     
   16.7739421290351       -4.27755745716950     
   16.7762164176762       -5.02375133411144     
   16.7709151202773       -5.66351902049933     
   16.7586359632782       -6.18550775941792     
   16.7402178315587       -6.57902731173976     
   16.7166992264895       -6.83177225085590     
   16.6893063048707       -6.94495735938129     
   16.6593908996130       -6.91967807265630     
   16.6281023738430       -6.74407564421374     
   16.5964730773844       -6.40454236249158     
   16.5651396397059       -5.88561836182026     
   16.5345963651081       -5.17096272405064     
   16.5054565806617       -4.24588091547554     
   16.4786237408261       -3.10064789185364     
   16.4549675113965       -1.73433061728583     
   16.4349863123622      -0.158110321729751     
   16.4184056259962        1.60309195510430     
   16.4044551648591        3.50662513366725     
   16.3916881266265        5.49324214650030     
   16.1946559955677        18.8075363950918     
   16.1650227634480        19.1705930757194     
   16.1365809543431        19.2619925716519     
   16.1110390303431        19.0863747767254     
   16.0903359193224        18.6573597099308     
   16.0761782303266        18.0010228567090     
   16.0694660456817        17.1548845531207     
   16.0708742556265        16.1621231659588     
   16.0802085585984        15.0674980387139     
   16.0973527819767        13.9125281862084     
   16.1225605401284        12.7331407275987     
   16.1561405836135        11.5605401254130     
   16.1978213005560        10.4232951544456     
   16.2462008424864        9.34724669828156     
   16.2989549808472        8.35426163196079     
   16.3532961503971        7.46692082857556     
   16.4064207136317        6.69890894244036     
   16.4559624301004        6.04365949286453     
   16.5000547467865        5.48878187538339     
   16.5375185529829        5.01593318938102     
   16.6032101953537        3.89357286365414     
   16.6085237558166        3.56182561723990     
   16.6057759671529        3.22806471750301     
   16.5958391056934        2.87873030022802     
   16.5805055523571        2.50481672432616     
   16.5620753421920        2.10974470111747     
   16.5435128611015        1.70025026168581     
   16.5274895727433        1.31055364724637     
   16.5162823106748       0.980475357421764     
   16.5109972930885       0.720980240754299     
   16.5120932569783       0.538251655758996     
   16.5196750759557       0.431828568885161     
   16.5342914227671       0.390606083010777     
   16.5562373665731       0.401237953276069     
   16.5849405996600       0.452463906326089     
   16.6184737761482       0.534469439716130     
   16.6541266061266       0.639538688461492     
   16.6890352895760       0.762306256159413     
   16.7208605761427       0.888814143830776     
   16.7522896879506        2.78831484643466     
   16.7273092327623        3.20999648442048     
   16.6995292081737        3.68469616296227     
   16.6714243333620        4.20584682506607     
   16.6456808038348        4.76343083160879     
   16.6247572018290        5.34553452100524     
   16.6099092539932        5.94051089754540     
   16.6015224278751        6.53822496477781     
   16.5989275365535        7.12966622132239     
   16.6014979236607        7.70657569405194     
   16.6086662210124        8.26190742187286     
   16.6194995828175        8.79087114149151     
   16.6321784991356        9.28884920046154     
   16.6442174505736        9.75409758186840     
   16.6530723424675        10.1944090051251     
   16.6567036992182        10.6184392008438     
   16.6538596095756        11.0338692322802     
   16.6438448352388        11.4469468010340     
   16.6264483912529        11.8618860908127     
   16.6020541796701        12.2807380710566     
   16.5710431982723        12.7034883549652     
   16.5340294097271        13.1282984126509     
   16.4919475838149        13.5515749903359     
   16.4461121397903        13.9680947412796     
   16.3982776453323        14.3716418650382     
   16.3507892686909        14.7538577414360     
   16.3062012007682        15.1086175482148     
   16.2674070777227        15.4316508136889     
   16.2364122186581        15.7201717094005     
   16.2146306298122        15.9725350358436     
   16.2022794364333        16.1871053531073     
   16.1989670836642        16.3598837951842     
   16.2039032634096        16.4836505377999     
   16.2165797829189        16.5518945302082     
   16.2359034412361        16.5618574425679     
   16.2598978158593        16.5141549155340     
   16.2867048987783        16.4162720935678     
   16.3136294901400        16.2826807629299     
   16.3381794783036        16.1322725989364     
   16.3547637936906        16.5977262873066     
   16.3465264484552        16.7017967031936     
   16.3408054206267        16.7201720634218     
   16.3389861258524        16.6338924812322     
   16.3419096540732        16.4361779272674     
   16.3501013675198        16.1328332633806     
   16.3637349613668        15.7388036926036     
   16.3824330259737        15.2734488459064     
   16.4058459215327        14.7608200892565     
   16.4335088251693        14.2296623623346     
   16.4649147795242        13.6822410169309     
   16.4994319332187        13.1161025051341     
   16.5358226269366        12.5281915650139     
   16.5729984860191        11.9150409385264     
   16.6094337531957        11.2733376532709     
   16.6437847855816        10.5996419871554     
   16.6747786471902        9.89003587091159     
   16.7016224109870        9.13930071885185     
   16.7237011277457        8.34117242132784     
   16.7406422748560        7.48780739880220     
   16.7523249274252        6.56952195041601     
   16.7587505125490        5.57492573740955     
   16.7604142990030        4.49178928845680     
   16.7579558849994        3.30803413595852     
   16.7524085259090        2.01474758740294     
   16.7452093746417       0.609198790822154     
   16.7378449248976      -0.874094683435247     
   16.7320948509889       -2.38721720016661     
   16.7290739988272       -3.89518216239898     
   16.7292230657106       -5.35806064833116     
   16.7323433950723       -6.73536808088524     
   16.7374833224786       -7.99563181424820     
   16.7441170015201       -9.11685953481103     
   16.7514731682445       -10.0847950273330     
   16.7585091373832       -10.8892063701897     
   16.7637518734912       -11.5212602384673     
   16.7654727943072       -11.9725547029483     
   16.7621580475253       -12.2390662606613     
   16.7526774994259       -12.3196256623855     
   16.7366989904970       -12.2142397156179     
   16.7143263423181       -11.9244410212930     
   16.6860850037894       -11.4536538637682     
   16.6527038926996       -10.8055833367535     
   16.6150286493490       -9.98502752622317     
   16.5740262605120       -8.99849171304190     
   16.5311318263971       -7.85519848220489     
   16.4882136435991       -6.58358864875669     
   16.4477611133928       -5.20824378068812     
   16.4126413393155       -3.75111000725168     
   16.3855205952067       -2.23827016498849     
   16.3684118871929      -0.697536429118374     
   16.3617506358628       0.844813286944070     
   16.3644147709006        2.36522933470857     
   16.3742271485250        3.84169084088086     
   16.3892494876727        5.25260455817363     
   16.4080243190251        6.57582891548481     
   16.4964310188663        10.7003702372799     
   16.5138462273088        11.4313333251313     
   16.5264393736382        12.0626441607896     
   16.5335031884297        12.6175940459230     
   16.5349674029542        13.1102889411829     
   16.5311009958572        13.5511265346088     
   16.5225187228450        13.9467577754210     
   16.5098541865530        14.2742797567904     
   16.4936468524723        14.5314310465474     
   16.4743682381994        14.7294231431266     
   16.4525370656675        14.8796928900475     
   16.4294742074956        14.9931355728997     
   16.4070034022374        15.0793722794679     
   16.3872634745502        15.1470231184009     
   16.3721397994294        15.2050210048290     
   16.3627531330533        15.2637862786662     
   16.3593419368452        15.3345410221066     
   16.3613169114400        15.4287716774084     
   16.3677353654119        15.5563692627269     
   16.3775128421626        15.7228522003947     
   16.3895954679783        15.9281636329520     
   16.4030515594983        16.1661093031971     
   16.4167496795375        16.4260526136572     
   16.4299038999610        16.6840009914189     
   16.4415909520014        16.9116630499155     
   16.4512970781937        17.0866391257010     
   16.4588150585590        17.1888826954113     
   16.4642627340993        17.2010274679356     
   16.4680057209836        17.1097712963259     
   16.4706226491764        16.9063042570315     
   16.4726019482119        16.5823994445264     
   16.4743467270138        16.1335509966637     
   16.4760869935709        15.5594341726032     
   16.4779421318948        14.8620949771933     
   16.4804026866852        14.0536819155997     
   16.4837154747305        13.1515350896716     
   16.4884694525268        12.1713643649461     
   16.4952383911298        11.1327760861468     
   16.5045832439180        10.0591477143354     
   16.5169091206182        8.97896125434583     
   16.5320733748859        7.91954009688801     
   16.5502361721705        6.91631152862348     
   16.5708454920139        5.99507755790909     
   16.5932779126656        5.16787023522339     
   16.6170401805460        4.44044088046230     
   16.6415444342736        3.81271076449747     
   16.6660299438223        3.27937071133528     
   16.6899012232116        2.82975820631131     
   16.7123815122179        2.44992305991903     
   16.7328039950750        2.12808211843225     
   16.7506502940112        1.84745527502337     
   16.7655468700664        1.58899953166739     
   16.7771592197672        1.33394737876088     
   16.7852204348795        1.06402650399154     
   16.7894170618332       0.762285869928990     
   16.7894364842449       0.413583617565908     
   16.7853373051940       4.560093710626489E-003
   16.7772983248029      -0.476858528854704     
   16.7658700316114       -1.03007371548980     
   16.7519041166272       -1.63141063350928     
   16.7365286504335       -2.27463121455149     
   16.7207767702108       -2.94776869079909     
   16.7054549218486       -3.63419790263228     
   16.6911249069139       -4.31597682739577     
   16.6780828395933       -4.97625732095438     
   16.6667902610565       -5.60152949545589     
   16.6582243137504       -6.18320925478463     
   16.6531826346482       -6.71579516586728     
   16.6520652586696       -7.19421853223561     
   16.6544629232939       -7.61235364269317     
   16.6593928099189       -7.96353853163803     
   16.6655020921171       -8.24154397327692     
   16.6712669388111       -8.44020873161019     
   16.6754721998943       -8.55157279532614     
   16.6770748142782       -8.56839157410377     
   16.6752891784483       -8.48455655105628     
   16.6697498136506       -8.29569753599181     
   16.6603577053827       -7.99960472377801     
   16.6475038035766       -7.60871665835417     
   16.6318175975156       -7.14811976138823     
   16.6138925001072       -6.62267263630995     
   16.5946287388987       -6.03578536738292     
   16.5746231467529       -5.38942607851767     
   16.5544916606057       -4.68238371933409     
   16.5347680057888       -3.91181270047614     
   16.5158568618279       -3.07334777283985     
   16.4980301882738       -2.15894644208964     
   16.4812363180465       -1.17376973230386     
   16.4655909928012      -0.123870905934464     
   16.4509460875279        1.00731917356726     
   16.4371542427644        2.23613122112198     
   16.4238592528028        3.57987763359138     
   16.4106404798888        5.05301269579489     
   16.3969895568153        6.66549030141139     
   16.3823825270339        8.41980224571230     
   16.3663995811539        10.3098992320398     
   16.3488620260732        12.3104993479983     
   16.3296602107390        14.3748417558069     
   16.3089872579630        16.4670668871552     
   16.2870093698474        18.5448819365360     
   16.2640380475117        20.5541242874392     
   16.2406095803677        22.3978429563394     
   16.2176745404578        23.9953132230521     
   16.1962567660089        25.2701300271530     
   16.1777523726855        26.1500983653882     
   16.1632436310815        26.5774830803255     
   16.1536070052626        26.5200755932713     
   16.1494043839696        25.9801153245070     
   16.1506150183808        24.9968973802129     
   16.1566433520645        23.6423960567616     
   16.1664660452623        22.0118803102475     
   16.1791580568914        20.2116747511756     
   16.1942564764001        18.3486606403899     
   16.2120580997854        16.5234208818630     
   16.2330067486552        14.8482464507661     
   16.2574754489722        13.4044640132276     
   16.2852831791881        12.2345253739023     
   16.3157948953237        11.3503530779779     
   16.3483227681885        10.7295007613932     
   16.3816023795947        10.3205667405172     
   16.4147139649405        10.0465285072685     
   16.4464704348327        9.79465855170487     
   16.5334217670222        6.54267058730053     
   16.5392266172588        4.65417005305219     
   16.5375614001214        2.32354434082976     
   16.5288310828462      -0.258149340327742     
   16.5138956205794       -3.01120305070627     
   16.4942930890113       -5.84007171635324     
   16.4714260445125       -8.65153014219116     
   16.4464992455361       -11.3587185970558     
   16.4204506562721       -13.8939871457361     
   16.3941187466439       -16.2093184362515     
   16.3680589061504       -18.2554476385669     
   16.3430746360771       -20.0332707804091     
   16.3197022165311       -21.5603366096187     
   16.2982474752255       -22.8590371444835     
   16.2787878893538       -23.9544790296527     
   16.2610998337829       -24.8723328396971     
   16.2449945073543       -25.6337142734906     
   16.2303735881011       -26.2564145238300     
   16.2171592245707       -26.7555715487853     
   16.2055133569887       -27.1440395304238     
   16.1957047200364       -27.4319347958335     
   16.1880968062445       -27.6264753166388     
   16.1830971981126       -27.7312378482229     
   16.1812764821251       -27.7461384302415     
   16.1831897168370       -27.6662850296004     
   16.1894524453643       -27.4810201885392     
   16.2010372672143       -27.1732518500380     
   16.2190476093092       -26.7208098515312     
   16.2443885965186       -26.1076583652790     
   16.2776381331413       -25.3072606869281     
   16.3187983455273       -24.2934462205577     
   16.3666929052347       -23.0519001015616     
   16.4194986513412       -21.5780467088996     
   16.4746828684184       -19.8733343261461     
   16.7211422034027       -8.61828133657826     
   16.7540723766553       -6.09728453447607     
   16.7785847806227       -3.60286030931337     
   16.7941925610784       -1.17140303181418     
   16.8011046725971        1.16564838147995     
   16.7998760643795        3.38173469825857     
   16.7917267206727        5.45459439166081     
   16.7777984860953        7.36627410104439     
   16.7592337589355        9.10327985391388     
   16.7369880429697        10.6504333469105     
   16.7118922873505        12.0001320121625     
   16.6846633799131        13.1681939802914     
   16.6561826611295        14.1625346510176     
   16.6271354198293        14.9459553678516     
   16.5980905431825        15.5074797383601     
   16.5695499920305        15.8594226946310     
   16.5418418542863        16.0191062691855     
   16.5152855987774        16.0097065552368     
   16.4900248889430        15.8606764886192     
   16.4660909183681        15.6070844005881     
   16.4434915265219        15.2877652964364     
   16.4220414406074        14.9434531890522     
   16.4013143107669        14.6142024152984     
   16.3808678075497        14.3367677223674     
   16.3600315130001        14.1418964743676     
   16.3382267334190        14.0518799608293     
   16.3151584753498        14.0788016972742     
   16.2908398360882        14.2230057196104     
   16.2656946663834        14.4717157833479     
   16.2406263488249        14.7989417616735     
   16.2165682249245        15.1690481386145     
   16.1943903718046        15.5396963675456     
   16.1747758319321        15.8619128882537     
   16.1582316662060        16.0823242550517     
   16.1455529034992        16.1696494552377     
   16.1374445169818        16.1092270972783     
   16.1343491625472        15.9013588348358     
   16.1364183362297        15.5590730180512     
   16.1433955489564        15.1046135893750     
   16.1550411216699        14.5654246311302     
   16.1709344319263        13.9697767589274     
   16.1906980227816        13.3437145188887     
   16.2138190609914        12.7087582666686     
   16.2398354181137        12.0809272611502     
   16.2682072469386        11.4716266426624     
   16.2985884865145        10.8882769236203     
   16.3306409128886        10.3354929268992     
   16.3637281533480        9.81632711782281     
   16.3973689134704        9.33783189219118     
   16.4309530455328        8.89576410991475     
   16.4638915885268        8.47996344503521     
   16.4958425630389        8.07777417850274     
   16.5264546123032        7.67494179906775     
   16.5556989151152        7.25708872234541     
   16.5838623096336        6.81041366150948     
   16.6110690797958        6.32350696280850     
   16.6375774719630        5.79381870897772     
   16.6635572354966        5.22407844450502     
   16.6890952176767        4.61485719180748     
   16.7144026764005        3.97049402778082     
   16.7395254542829        3.29826164000931     
   16.7645734973761        2.60742450584490     
   16.7896142892755        1.90806035230810     
   16.8146241264690        1.21109841611595     
   16.8397482458601       0.528057711024095     
   16.8646772280421      -0.129350217384572     
   16.8890194134712      -0.749856836514851     
   16.9121336712468       -1.32336282323520     
   16.9334424246957       -1.84184223912747     
   16.9524943279072       -2.30037370787665     
   16.9689733230783       -2.69740640453001     
   16.9826407904541       -3.03483525869053     
   16.9932806181369       -3.31750439413543     
   17.0006964856157       -3.55315414429322     
   17.0050753820361       -3.75103931072585     
   17.0065580205613       -3.92117546244485     
   17.0053557169701       -4.07263953262825     
   17.0017698643192       -4.21184641128350     
   16.9960497399596       -4.34157758447837     
   16.9882201604319       -4.46146930114441     
   16.9783391627756       -4.56920516932917     
   16.9664431673373       -4.65423579778246     
   16.9529896884373       -4.70148411180267     
   16.9386224968125       -4.68977703325212     
   16.9238965746576       -4.61057682563216     
   16.9093404334503       -4.45969111328600     
   16.8950615148918       -4.23488040832900     
   16.8807607761886       -3.93590160696790     
   16.8660512891636       -3.56461925634156     
   16.8503562800361       -3.12383389870084     
   16.8330211975448       -2.61690289934515     
   16.8137207505691       -2.04774336877499     
   16.7921139094725       -1.41959572460167     
   16.7678969945512      -0.735533549950289     
   16.7406925994713       1.799337006863411E-003
   16.7100098566095       0.789930503901270     
   16.6757407279950        1.62683687164721     
   16.6372385237880        2.50937501326442     
   16.5950920320130        3.43271930397679     
   16.5496564927224        4.39070846204361     
   16.5018061640767        5.37580164823818     
   16.4524592045355        6.37592911697278     
   16.4024874242743        7.38115178853179     
   16.3528846350929        8.38395293036626     
   16.3043479291339        9.36718123995321     
   16.2576130040252        10.3023384822682     
   16.2132553312370        11.1740541832682     
   16.1720184393307        11.9685885868688     
   16.1345241838259        12.6758974588001     
   16.1012798849128        13.2924116138747     
   16.0726788301987        13.8224327421044     
   16.0488568481907        14.2784236126808     
   16.0300108108278        14.6793749415351     
   16.0159716820187        15.0480208729569     
   16.0065541872791        15.4071491767799     
   16.0015609179081        15.7774157358035     
   16.0006595968753        16.1748782115342     
   16.0036190472630        16.6097838363251     
   16.0101992531218        17.0854845408401     
   16.0199985542139        17.5983215995004     
   16.0330391638112        18.1376565306300     
   16.0493430006106        18.6861086143658     
   16.0692139913600        19.2207752376933     
   16.0930652231105        19.7147212588179     
   16.1213688310800        20.1350785020718     
   16.1544832039655        20.4547564219607     
   16.1923428730706        20.6545179301305     
   16.2348858360458        20.7214530214255     
   16.2817152936208        20.6475491115260     
   16.3324878008939        20.4280775484444     
   16.3866356424219        20.0613230492323     
   16.4432533884341        19.5498352474105     
   16.5008883121601        18.9020510479306     
   16.5577730892398        18.1329009163145     
   16.6118545791604        17.2630983579155     
   16.6612505646847        16.3200781370119     
   16.7045870638620        15.3285151883172     
   16.7409713879809        14.3105323397279     
   16.7703611154536        13.2879398930855     
   16.7930323781278        12.2831625985611     
   16.8093063909068        11.3211960870436     
   16.8198847599872        10.4169848666356     
   16.8253240158708        9.58163127036665     
   16.8263023884582        8.82212329612541     
   16.8238009148078        8.14111123370703     
   16.8188620996276        7.53701564605226     
   16.7882609961523        3.68249877496084     
   16.7885544594648        3.17862987197533     
   16.7885704140584        2.62718919562121     
   16.7875103448168        2.02177415989280     
   16.7848006709874        1.35860191540038     
   16.7796617302254       0.640106159794883     
   16.7715859077940      -0.128833665362245     
   16.7601838931961      -0.943969695157313     
   16.7451955074529       -1.80232652031576     
   16.7265368191106       -2.70166145790056     
   16.7043165778747       -3.63877971303530     
   16.6788474055730       -4.61122681024798     
   16.6509158784471       -5.61743251901397     
   16.6215863502358       -6.65611696474842     
   16.5921702729879       -7.72515846966740     
   16.5639708303665       -8.81994037479761     
   16.5380332018885       -9.93190136570539     
   16.5149817374785       -11.0475429025086     
   16.4951099063239       -12.1490711519465     
   16.4782996486163       -13.2164097707192     
   16.4645987445275       -14.2292114236013     
   16.4538474865165       -15.1675048071339     
   16.4459013625208       -15.9948360409633     
   16.4404649996461       -16.6776958246451     
   16.4371529963299       -17.1928211303131     
   16.4353451301671       -17.5163864799590     
   16.4343357191423       -17.6254169620246     
   16.4332167297839       -17.4994295120715     
   16.4315799013888       -17.1219396292163     
   16.4290280850925       -16.4813128254893     
   16.4255318488615       -15.5713934023004     
   16.4212767469480       -14.3914199620349     
   16.4164671210184       -12.9469941358243     
   16.4112497487996       -11.2501547680123     
   16.4053557545430       -9.32177498279506     
   16.3986805452725       -7.19113259270634     
   16.3908065659835       -4.89810264511337     
   16.3815770076859       -2.50513530850762     
   16.3711391846472      -8.349608451089718E-002
   16.3601234397266        2.23925388715108     
   16.3491146454131        4.35410005142630     
   16.3392730559610        6.22018991538478     
   16.3312347442272        7.82531069953790     
   16.3254390863517        9.18632038011469     
   16.3222189076024        10.3445864483973     
   16.3215957895758        11.3565615898795     
   16.3236884734104        12.2835450467041     
   16.3282446448700        13.1825154679943     
   16.3349626087559        14.0977162673107     
   16.3432294136816        15.0406459041475     
   16.3525510510766        16.0145203775614     
   16.3623460134952        17.0128207497657     
   16.3722255271146        18.0152364369009     
   16.3817950893085        18.9897638580244     
   16.3908556890682        19.8951573470768     
   16.3989912761203        20.6901488550182     
   16.4057041644228        21.3340694806429     
   16.4105474518300        21.7895404664311     
   16.4132346909574        22.0245294895174     
   16.4137161972943        22.0142590159983     
   16.4124339207924        21.7421382568064     
   16.4103045820971        21.2006686664730     
   16.4084848066535        20.3918190875538     
   16.4080644091252        19.3270455385248     
   16.4099023335510        18.0293922542779     
   16.4145838519890        16.5739147852688     
   16.4223389132437        15.0058624082809     
   16.4332065792296        13.3535161012510     
   16.4470678308581        11.6433221784425     
   16.4634971197443        9.89913351177780     
   16.4816727751985        8.14138474267683     
   16.5005682528541        6.38992770099950     
   16.5187887874735        4.65563313381448     
   16.5350347071005        2.94171277875792     
   16.5479112836689        1.24511313772709     
   16.5564942849896      -0.442013913642779     
   16.5601390419646       -2.13074153950562     
   16.5587859285400       -3.83191598825216     
   16.5526804350404       -5.55403562294951     
   16.5423322797336       -7.29619655683711     
   16.5285259473100       -8.99844378555622     
   16.5121871131720       -10.6312761229504     
   16.4944328440714       -12.1802938588901     
   16.4760821837656       -13.6309733098254     
   16.4584297577914       -14.9694202425732     
   16.4423578172298       -16.1836734751339     
   16.4287461134828       -17.2608016250350     
   16.4183473060821       -18.1926489023267     
   16.4117689285896       -18.9756368850776     
   16.4094864226878       -19.6088893112114     
   16.4115959400256       -20.0936972810706     
   16.4180649563336       -20.4335329792510     
   16.4283788413134       -20.6335585041935     
   16.4417734597195       -20.7003408072343     
   16.4572183757721       -20.6408300630750     
   16.4734829143334       -20.4628135675561     
   16.4893322269072       -20.1749280111067     
   16.5035148204248       -19.7867462992530     
   16.5150232270196       -19.3113383015991     
   16.5231102256348       -18.7616090071440     
   16.5274561623541       -18.1525784260976     
   16.5280116426579       -17.5157731212606     
   16.5249289677914       -16.9110450783457     
   16.5185972890963       -16.3633118746731     
   16.5096032545807       -15.8931580562371     
   16.4988675715577       -15.5068221589487     
   16.4873422732827       -15.1988947820063     
   16.4761638473968       -14.9504577917513     
   16.4665152317441       -14.7225871299441     
   16.4594152114429       -14.4608508994715     
   16.4560497055225       -14.1147532598535     
   16.4573055587168       -13.6342709819342     
   16.4639729126346       -12.9739610466710     
   16.4764555675728       -12.0991968628885     
   16.4945768484099       -10.9892200875299     
   16.5178039589457       -9.64026042356123     
   16.5449937530074       -8.07667922059072     
   16.5748081310824       -6.32826522212828     
   16.6056011072942       -4.43259803631077     
   16.6357244374065       -2.43232006693053     
   16.6636826362714      -0.371959341201205     
   16.6881644726895        1.70445013209915     
   16.7082497447158        3.74898665816868     
   16.7232448358747        5.71600288232606     
   16.7328151093492        7.57561646781739     
   16.7369237226688        9.30051461203950     
   16.7358243158429        10.8664371743403     
   16.7299317187108        12.2512853613770     
   16.7198896151418        13.4343490564937     
   16.7063651309511        14.3970649006007     
   16.6901832697100        15.1235501862403     
   16.6719833326167        15.5941146288972     
   16.6524032658780        15.7577108464770     
   16.6318108588265        15.6092094317817     
   16.6107727546339        15.1614543547740     
   16.5896315920261        14.4374456205110     
   16.5687046295968        13.4751811286573     
   16.5481510177446        12.3253526304694     
   16.5280044331957        11.0538747465482     
   16.5084166806172        9.73661536130471     
   16.4894764561416        8.44105437630369     
   16.4710131486734        7.23381057197749     
   16.4529983236913        6.17253893398659     
   16.4348269312475        5.28726613644291     
   16.4162578238768        4.59410500434519     
   16.3968562834537        4.09573102087759     
   16.3763870161295        3.78453071405091     
   16.3546448349020        3.64500002431223     
   16.3317425952011        3.65626642491613     
   16.3078951412527        3.79387496757646     
   16.2837635777246        4.03160797068217     
   16.2599681868676        4.33744848652852     
   16.2373998111779        4.67102317876395     
   16.2168701117828        5.00251869825957     
   16.1991526550244        5.30631227948963     
   16.1850339443505        5.56129003284112     
   16.1751149103812        5.75158556599878     
   16.1697244654942        5.86362240734263     
   16.1691763650704        5.87559344857887     
   16.1736309089288        5.79302319242077     
   16.1829841871258        5.63385112415554     
   16.1972883709924        5.39932847314293     
   16.2165654219998        5.09170966553667     
   16.2409307564135        4.71367177207732     
   16.2704406783642        4.26737058105241     
   16.3049538930798        3.75379920851664     
   16.3443202665555        3.17260525107592     
   16.3878914835061        2.52194810351538     
   16.4347423927753        1.79906709442102     
   16.4835289963339        1.00323031165884     
   16.5329068574621       0.138355908468966     
   16.5813295843677      -0.749074703922541     
   16.7086469619125       -3.15237255183512     
   16.8450519552595       -4.53179936336569     
   16.8566345102961       -4.39351322151969     
   16.8664541812956       -4.19708135845916     
   16.8746956611535       -3.94425229693389     
   16.8814401890553       -3.63616091473996     
   16.8865658700644       -3.27029181131311     
   16.8899424610350       -2.84120783794073     
   16.8916632908326       -2.34281392324590     
   16.8915288649303       -1.76847713133395     
   16.8893212418558       -1.11172059177139     
   16.8847857571922      -0.366965466253690     
   16.8777659496891       0.469859459311563     
   16.8686442129420        1.39896791992790     
   16.8576032750988        2.41583436885991     
   16.8447687897678        3.48686376533342     
   16.8300276470919        4.58155025154402     
   16.8131054415056        5.68056086044692     
   16.7937663394064        6.76298197882076     
   16.7717909880222        7.80674765445995     
   16.7474489801700        8.77658729954961     
   16.7213554913960        9.64444848195531     
   16.6944227344837        10.3960286995489     
   16.6194444514804        11.6802750565827     
   16.5992869463591        11.7354410672348     
   16.5822915727343        11.6004213196706     
   16.5682445024071        11.2831303399951     
   16.5565426890775        10.7997458200587     
   16.5464437041229        10.1705335665091     
   16.5372536978837        9.42072519216764     
   16.5284012829274        8.59528871790044     
   16.5190466458043        7.72827344057317     
   16.5082395463933        6.85003545923608     
   16.4947098415239        5.98849969911920     
   16.4774334168846        5.16841374885573     
   16.4557700014861        4.41153094034035     
   16.4298814257343        3.74119597484894     
   16.4008449677396        3.17644553637525     
   16.3699064926879        2.73009862338590     
   16.3385684683933        2.42124203258765     
   16.3081537294401        2.27709243813729     
   16.2797204173998        2.31290288278115     
   16.2543246931253        2.54224566982558     
   16.2325430251359        2.97078682818629     
   16.2147446840998        3.58632813118304     
   16.2010660037545        4.36679756087950     
   16.1915534935908        5.28712870601169     
   16.1857821855568        6.31360016386681     
   16.1834162749128        7.40529657254492     
   16.1837237463591        8.49666137348887     
   16.1861296913705        9.53037343676493     
   16.1902068819768        10.4732028168620     
   16.1959984374086        11.3007225086364     
   16.2035983434137        11.9971673919994     
   16.2133137614903        12.5539523059338     
   16.2253407893763        12.9679368517747     
   16.2398828812061        13.2398493333127     
   16.2570257356181        13.3729082356916     
   16.2768814454119        13.3708332502881     
   16.2993731853191        13.2371477139601     
   16.3246221155750        12.9749970142777     
   16.3525476360296        12.5870351948209     
   16.3830207667881        12.0784726866107     
   16.4158492496343        11.4541055291813     
   16.4507043044109        10.7124146533068     
   16.4875063310927        9.87128198670219     
   16.5260882205039        8.96940534246683     
   16.5664303560362        8.01332854766483     
   16.6082716780977        7.00280516167555     
   16.6512901359967        5.95151281674923     
   16.6945730583539        4.89653682462286     
   16.7371229185475        3.84230665225790     
   16.7778661957627        2.79357653815251     
   16.8158110331140        1.75627658049468     
   16.8504524198330       0.744131303843719     
   16.8813082625583      -0.220576699751378     
   16.9080837699008       -1.12864651687344     
   16.9305264161907       -1.97039544333457     
   16.9483466361050       -2.73517148815376     
   16.9615103115933       -3.41070580212230     
   16.9699435338354       -3.98326013804463     
   16.9738676343212       -4.43752486661566     
   16.9735851687663       -4.75734923792954     
   16.9694941635985       -4.92608348179763     
   16.9620021323132       -4.92842737876855     
   16.9513234034695       -4.75212761050467     
   16.9374562084080       -4.41049381178747     
   16.9203529111820       -3.95237987607628     
   16.9003315744634       -3.37206940658450     
   16.8784656281861       -2.68047577673875     
   16.8566086762897       -1.95714524483214     
   16.8368364762408       -1.25006994084887     
   16.8209717885545      -0.580251996772857     
   16.8098887627319       4.113876849358178E-002
   16.8038177154379       0.609409379663833     
   16.8019879978243        1.12065673353511     
   16.8035941294220        1.56511801918323     
   16.7918938362734       0.792446916856869     
   16.7692807890129       9.984385157988296E-002
   16.7402866952305      -0.599227020796447     
   16.7064031688385       -1.22397218321912     
   16.6694318460641       -1.68055244517517     
   16.6314192827889       -1.95514013993403     
   16.5944520406943       -2.04968304684653     
   16.5602752037968       -1.97621643510532     
   16.5303655533683       -1.75278091399644     
   16.5055436668857       -1.39996608491333     
   16.4865893688523      -0.937339012909091     
   16.4737988401093      -0.381282043750971     
   16.4670482110570       0.256354157396379     
   16.4656058221320       0.969304450814506     
   16.4681505964706        1.75635303780995     
   16.4730136863386        2.62218291975674     
   16.4786972085387        3.57542954406741     
   16.4835049314934        4.62731663902243     
   16.4858487877005        5.79065357249965     
   16.4842139655750        7.07777284466710     
   16.4771460976135        8.49253268268924     
   16.4635563029927        10.0213571658275     
   16.4426114196270        11.5955510348371     
   16.4139858541621        13.1960217810289     
   16.3779531276579        14.7835151182754     
   16.3355062568057        16.2533276687765     
   16.2884014484017        17.5486802568027     
   16.2393230971498        18.6367074371938     
   16.1914523851620        19.4918522283180     
   16.1483387515238        20.0983893301676     
   16.1131357947532        20.4510847028735     
   16.0883834108671        20.5548270751269     
   16.0752508869231        20.4221271753271     
   16.0739771289737        20.0690744178947     
   16.0842021081218        19.5118849439340     
   16.1056662000105        18.7679833889233     
   16.1375492272927        17.8606637216229     
   16.1783544488819        16.8229404514813     
   16.2260539327091        15.6981140472695     
   16.2785592853739        14.5363823991116     
   16.3334441123212        13.4332323236497     
   16.3882362148964        12.4329078554247     
   16.4404971492046        11.5366921977512     
   16.4882221314095        10.7516170944721     
   16.5912306790296        9.00903514058503     
   16.6104920234169        8.51249901877507     
   16.6224209598686        8.01393912420189     
   16.6277798671707        7.50305430439816     
   16.6275404395983        6.98059925094192     
   16.6230784889263        6.45710125138561     
   16.6160326016461        5.95048482218219     
   16.6081086387137        5.50694256185676     
   16.6008895234799        5.19349148890130     
   16.5955499908519        5.01384223544935     
   16.5926841141530        4.93181270139103     
   16.5925194208065        4.92699250576502     
   16.5949741832543        4.97360596393784     
   16.5998517219234        5.03022265548852     
   16.6068121661185        5.02393504357746     
   16.6154986773576        4.92149374216650     
   16.6252441573863        4.70305189070861     
   16.6355651514942        4.35672102629901     
   16.6456678176300        3.87875428796412     
   16.6547635992850        3.27006852747825     
   16.6619345506112        2.53583584071476     
   16.6664156127375        1.68626064624760     
   16.6673739823269       0.746771584487798     
   16.6639761443926      -0.278637131125845     
   16.6555222196308       -1.39016158646904     
   16.6412431274796       -2.58962311176811     
   16.6208404068497       -3.87741714758720     
   16.5941936224045       -5.24814250594499     
   16.5617146119777       -6.65226248854170     
   16.5244993281863       -8.00195940852102     
   16.4843653474550       -9.24891602212092     
   16.4437126175865       -10.3030834932272     
   16.4050658818771       -11.0687952172895     
   16.3709988368297       -11.5398320644260     
   16.3431002399136       -11.7305782980825     
   16.3222208855284       -11.6754060394037     
   16.3083460667109       -11.4602904681394     
   16.3009609591639       -11.1183784912293     
   16.2995165060572       -10.6626338900669     
   16.3032271533559       -10.0978472745602     
   16.3114408289440       -9.41976366342468     
   16.3232467444305       -8.61707446280148     
   16.3375484972609       -7.67315368109532     
   16.3531331132503       -6.56916530125118     
   16.3687244945375       -5.28728456364704     
   16.3831829684618       -3.81555099206342     
   16.3955048806510       -2.15123276274848     
   16.4049344681015      -0.304308009871475     
   16.4112917991952        1.70112221754340     
   16.4146662115329        3.82549584970937     
   16.4154919691802        5.96593968400097     
   16.4147498622372        8.02679877403389     
   16.4136411998160        9.99461186022101     
   16.4135331070728        11.8039334016401     
   16.4156330225342        13.3760558999567     
   16.4211443064769        14.6925210039266     
   16.4308296988379        15.7472711757676     
   16.4452016680486        16.5393175059911     
   16.4643249815933        17.0596857061783     
   16.4876855064775        17.2903254635633     
   16.5144298213981        17.2272475255510     
   16.5430890247047        16.8627887090065     
   16.5723695533052        16.1960284261123     
   16.6010668262542        15.2324988981234     
   16.6282588335093        13.9907484849059     
   16.6531518217396        12.5454593359087     
   16.6752761485894        10.9663446988148     
   16.6943046368518        9.31882908568978     
   16.7101468883845        7.70304750134083     
   16.7957493622395       0.948307668675341     
   16.8093586434014       0.358801115160325     
   16.8227798826665      -0.389879904977967     
   16.8351995036060       -1.31962624297265     
   16.8466561666975       -2.38011163748568     
   16.8565593158622       -3.45189145625882     
   16.8641061849008       -4.45983009958958     
   16.8681588414060       -5.32431894267036     
   16.8676852779821       -5.97134276188885     
   16.8617175126162       -6.34146411803508     
   16.8496050546201       -6.39479194360524     
   16.8310719794888       -6.11263514507384     
   16.8062054462951       -5.55321350905727     
   16.7753553233612       -4.79970728903561     
   16.7389747385710       -3.89016014750525     
   16.6976064581867       -2.92853656309390     
   16.6522093801348       -1.98652060398092     
   16.6038894621212       -1.08801193485842     
   16.5540789975245      -0.247488954104486     
   16.5044783151964       0.529774536407151     
   16.4570272682557        1.24541738983691     
   16.4135908333036        1.90806457609017     
   16.3759570147153        2.52645123795385     
   16.3452674503639        3.09596822317335     
   16.3220074024593        3.60314024754773     
   16.3057610081835        4.02388576112700     
   16.2954875861884        4.32649969538755     
   16.2898306393926        4.47567463709210     
   16.2873341006833        4.43915210386692     
   16.2864985176694        4.19549054350377     
   16.2856855149541        3.73983386086135     
   16.2834317372289        3.11335771637882     
   16.2782117231833        2.43198823879497     
   16.2688386859326        1.73590633332036     
   16.2549427879663        1.05970124974317     
   16.2367182565064       0.395947121569194     
   16.2150473790026      -0.252571178340302     
   16.1912584700973      -0.874266074094153     
   16.1667394337578       -1.44664729341030     
   16.1431002175475       -1.93376587900004     
   16.1217133645228       -2.28629751097500     
   16.1040816353724       -2.44418517956678     
   16.0913712550321       -2.34152918440551     
   16.0846315804383       -1.91374810370148     
   16.0845262241808       -1.10635779906660     
   16.0912184516529       0.115663546579452     
   16.1043827668135        1.75987684097943     
   16.1232403760391        3.80128104789645     
   16.1465574549009        6.15340035724938     
   16.1730505103499        8.64887691366785     
   16.2016276825060        11.1702059843864     
   16.2314169844201        13.5777678809111     
   16.2621071077887        15.7182993483575     
   16.2934769582122        17.5321037166890     
   16.3254041417480        18.9972522367753     
   16.3577906827065        20.1169722702627     
   16.3905644880477        20.8987155755414     
   16.4236454077840        21.3570655436234     
   16.4567926236717        21.5061654789401     
   16.4898258136422        21.3540468726687     
   16.5221709709506        20.8829892985204     
   16.5531142088833        20.0616077802700     
   16.5818398350973        18.8731643096917     
   16.6074793628910        17.3045392877424     
   16.6293608503704        15.3533144593817     
   16.6470684222845        13.1007294078328     
   16.6608291387275        10.6551103981889     
   16.6712153352005        8.10592636025440     
   16.6794249891410        5.65300600126846     
   16.6868934187982        3.39221422137569     
   16.6955703068002        1.37957629696144     
   16.7071821143851      -0.351591199370502     
   16.7233007964761       -1.79215134100475     
   16.7449915045071       -2.95591394677193     
   16.7727248908527       -3.87580216618512     
   16.8062862315083       -4.59942075164738     
   16.8449524852239       -5.18239251972332     
   16.8875341248650       -5.68357166611421     
   16.9323751338994       -6.15951860955018     
   16.9777680807760       -6.65985809742248     
   17.0216923543298       -7.21688767350962     
   17.0620914253665       -7.84750234791755     
   17.0968281261383       -8.56153292064389     
   17.1238124406095       -9.35461537350743     
   17.1409780373343       -10.2087293869756     
   17.1464344018130       -11.0946319596015     
   17.1388280117139       -11.9758145029392     
   17.1174508230694       -12.7860925786831     
   17.0826468713907       -13.4152529280476     
   17.0358690550968       -13.9908744263166     
   16.9799294541120       -14.5525893023695     
   16.9187089520113       -15.1952464415560     
   16.8564763896372       -15.9311301787227     
   16.7975939860392       -16.7014070768117     
   16.7459267202170       -17.4433387074056     
   16.7045491576061       -18.1011547515414     
   16.6751907206638       -18.6350816259851     
   16.6582837256382       -19.0259902093378     
   16.6527575545769       -19.2747565465642     
   16.6565457652849       -19.3972892198182     
   16.6670188979839       -19.4173930291570     
   16.6813798815694       -19.3784811118510     
   16.6970788381062       -19.3122798892162     
   16.7119568311145       -19.2314001713992     
   16.7241278678144       -19.1336209027389     
   16.7321569917831       -18.9372861844702     
   16.7349341114284       -18.6016605617470     
   16.7316987027842       -18.1025571983822     
   16.7219001026633       -17.3534634928417     
   16.7054420317229       -16.3490455901663     
   16.6823060882081       -15.1163214667391     
   16.6527977338204       -13.7188724083857     
   16.6175375431887       -12.2070752319916     
   16.5772096151129       -10.6289899169219     
   16.5327970789067       -9.07705709304886     
   16.4852757279968       -7.59861691597447     
   16.4357040131817       -6.20364933557712     
   16.3851783565281       -4.87739664706460     
   16.3352086990903       -3.57749758643002     
   16.2869838279538       -2.23411530385591     
   16.2413905135104      -0.756048713705182     
   16.1987243574395       0.959411783607853     
   16.1587080731181        3.01032371544090     
   16.1206147613965        5.47237929245311     
   16.0835570511528        8.38052683451457     
   16.0468369333293        11.6665281451334     
   16.0099182212706        15.1188256830902     
   15.9726004321156        18.5966198798832     
   15.9350330218692        21.8475602968577     
   15.8977827743582        24.7269263320898     
   15.8618319198979        27.1490153061632     
   15.8283028027037        29.0558807960901     
   15.7985246989153        30.4153540388964     
   15.7737326297409        31.2160180457556     
   15.7550718988057        31.4610618412803     
   15.7433489322378        31.1636395950109     
   15.7392635348304        30.3436579289205     
   15.7430511667785        29.0285609742805     
   15.7546622638580        27.2572355223470     
   15.7741198828987        25.0842734824224     
   15.8012612764211        22.5836762451805     
   15.8361731305055        19.8503688364581     
   15.8791006354783        16.9960838136547     
   15.9303629590424        14.1429192302462     
   15.9899630028337        11.4348098358383     
   16.0572326134744        9.07546650389613     
   16.1310240332857        7.12680156748282     
   16.2095566491745        5.64455442191625     
   16.2906418968412        4.59518465409395     
   16.3720825806143        3.83956742541633     
   16.4518722267222        3.21772208101004     
   16.8062826680021       -4.67353824045169     
   16.8329033625809       -7.01403916339456     
   16.8482086299251       -9.45528003726036     
   16.8522791631723       -11.9502459878100     
   16.8456659416419       -14.4461666578187     
   16.8291592782655       -16.8873310818888     
   16.8039653054832       -19.2189770411223     
   16.7710105881035       -21.3916844632024     
   16.7309824039682       -23.3661947855502     
   16.6844716706344       -25.1188565680260     
   16.6320577193611       -26.6532220894927     
   16.5749439219741       -27.9767286879029     
   16.5149083836670       -29.1062742153974     
   16.4540313616218       -30.0991712834925     
   16.3940440960197       -30.9938250306689     
   16.3362670916844       -31.7983147033575     
   16.2815894559260       -32.5203428062033     
   16.2307706131694       -33.1687571220124     
   15.9330277663312       -32.2270588246180     
   15.9673777800969       -30.2217462045371     
   16.0018080855077       -27.9855346339857     
   16.0356917155109       -25.5159782824712     
   16.0684414211598       -22.8623335203081     
   16.0997107962867       -20.0554389711700     
   16.1291502881394       -17.1095625602602     
   16.1566402988258       -14.0560609515590     
   16.1821538754393       -10.9541766988452     
   16.2057625736537       -7.80632890657502     
   16.2278401867625       -4.61563093211355     
   16.2487870916829       -1.38984731243978     
   16.2693107811535        1.84780675412308     
   16.2896101516264        5.01058045752648     
   16.3098006575984        8.00887431948690     
   16.3291366313320        10.7384764351362     
   16.3462023765591        13.0720621801216     
   16.3591362004086        14.8775853458592     
   16.3659696169432        16.0383744833572     
   16.3654043153996        16.3109166272808     
   16.3569739400316        15.5176814809802     
   16.3410287074014        13.7702833625267     
   16.3190192712173        11.3309312524500     
   16.2927880183433        8.47622947608654     
   16.2646122089651        5.49557468642984     
   16.2369639614204        2.68369959119985     
   16.2122004925494       0.288828628703130     
   16.1923281354165       -1.52465732347989     
   16.1789765795213       -2.64432489105131     
   16.1730118546147       -3.00589197899552     
   16.1747479738963       -2.58918137673714     
   16.1838216383277       -1.41344760177431     
   16.1994493767548       0.463963520357781     
   16.2204068506369        2.94835185714428     
   16.2452408900140        5.88273800187212     
   16.2723837442965        9.05209829100105     
   16.3002108329625        12.2334461383520     
   16.3269969061365        15.1855268519396     
   16.3511347701989        17.6181938782495     
   16.3713713800190        19.3103307744008     
   16.3869028588261        20.1077774879273     
   16.3976470466552        19.9080516554852     
   16.4046645839795        18.7285523267732     
   16.4092363714277        16.8006640119333     
   16.4123717354467        14.1989129269834     
   16.4143692814894        11.0034937715771     
   16.4147495859623        7.31135248483373     
   16.4127696380848        3.22836933097203     
   16.4073537922145       -1.13445791182627     
   16.3975929268708       -5.62484080756074     
   16.3828410403691       -10.1224150519831     
   16.3064123454672       -22.5333353410798     
   16.2708304547223       -25.9893794837451     
   16.2313165128643       -28.9847135852104     
   16.1892290293906       -31.5123039455088     
   16.0205681926279       -22.5933996991939     
   16.0853949595609       -22.1750636923680     
   16.1580692188799       -21.7843430459289     
   16.2362077800550       -21.3914652502755     
   16.3167567435598       -20.9392539200769     
   16.3971118079162       -20.3039123394320     
   16.4752493971104       -19.4294993075768     
   16.5497889800051       -18.2755183357965     
   16.6194697365805       -16.7786808580229     
   16.6830406448012       -14.9931454684706     
   16.7390649920218       -12.9930755075993     
   16.7861944784003       -10.8374048711640     
   16.8231631763158       -8.58766309358743     
   16.8493055838697       -6.30276907883369     
   16.8640679718259       -4.03593744785580     
   16.8672613716110       -1.83178861060585     
   16.8589161336697       0.274543172996006     
   16.8390493009190        2.20591856561522     
   16.8080565505950        3.83721941902344     
   16.7663662319834        5.17008527172796     
   16.7148774067041        6.22786223130915     
   16.6549659762888        7.05277961174958     
   16.5886510949920        7.70662565558165     
   16.5184347204394        8.26935841290994     
   16.4470366737144        8.82498726369826     
   16.3772540231150        9.38831105153260     
   16.3114141975420        10.0338630746007     
   16.2513700585125        10.8199575377747     
   16.1989419821356        11.7195882509367     
   16.1556711218654        12.7612494893026     
   16.1226154370576        13.9632475456885     
   16.1006243128816        15.3233217849521     
   16.0897537478109        16.8173502708453     
   16.0895681285463        18.3992660220361     
   16.0990153484084        20.0009520003985     
   16.1166909433624        21.5331694355058     
   16.1406143317721        22.8872242527416     
   16.1684228002445        23.9338456909927     
   16.1973940352251        24.5172529221259     
   16.2248552467955        24.4999951146695     
   16.2481056563574        23.7749000090804     
   16.2648003796533        22.2803738514889     
   16.2733166121723        20.0142097582560     
   16.2729642459338        17.1174375177338     
   16.2642309210193        13.7811652715595     
   16.2486038395904        10.1787807540945     
   16.2283679753492        6.58773071913688     
   16.2063651559326        3.21631055465197     
   16.1850126213210       0.129467554988869     
   16.1666230963138       -2.64395259196864     
   16.1527946531342       -5.09707210512915     
   16.1445665039381       -7.23648042072596     
   16.1424673914498       -9.07496568608487     
   16.1466159511822       -10.6252556454891     
   16.1565942580246       -11.8959847861168     
   16.1715270751829       -12.8907370272287     
   16.1902006597859       -13.6071208881140     
   16.2110144770267       -14.0385798300723     
   16.2325696539592       -14.1763045796161     
   16.2532150836650       -14.0117930894587     
   16.2716458748029       -13.5401025342641     
   16.2868373956857       -12.7640751849268     
   16.2980207206060       -11.7641450540789     
   16.3050837766134       -10.6517093147483     
   16.3082889930517       -9.49492587146883     
   16.3087161894544       -8.43798034074893     
   16.3080961126037       -7.49343578891895     
   16.3088958414477       -6.67666963985403     
   16.3141644345574       -5.98780398570652     
   16.3269859764616       -5.40799492766215     
   16.3498974972396       -4.90949398986921     
   16.3842225356845       -4.46546362849801     
   16.4300432640701       -4.06735622452962     
   16.4857673992232       -3.74106952460312     
   16.5486718698387       -3.53868543004194     
   16.6153326355173       -3.52976997224169     
   16.6823693918837       -3.78533183009331     
   16.7462019773659       -4.35812434722968     
   16.8036187140055       -5.26683408528734     
   16.8518983950042       -6.39993558271803     
   16.8895009454996       -7.69506498781911     
   16.9157075340146       -8.97531001544298     
   16.9311469157620       -10.0391486990404     
   16.9371227800747       -10.8293477628736     
   16.9355064683224       -11.3116233094309     
   16.9284201784133       -11.4673763974825     
   16.9177797144796       -11.2937290414245     
   16.9053161103663       -10.8009373998760     
   16.8922874466013       -10.0112041154229     
   16.8795613528889       -8.95832940189837     
   16.8673338360601       -7.68840672256482     
   16.8555957423362       -6.25945995243250     
   16.8437018359821       -4.73716371978568     
   16.8306852315072       -3.19381280779344     
   16.8153141961003       -1.76340737392417     
   16.7963555080548      -0.531558721737739     
   16.7728580643744       0.467302908509161     
   16.7441965841841        1.23134630363534     
   16.7100820033769        1.78945920043174     
   16.6707141241713        2.20422454498112     
   16.6264454286763        2.62012884786359     
   16.5780437761572        3.03444627800918     
   16.5263206280717        3.41165973971240     
   16.4722080163954        3.77752973105123     
   16.4168559038548        4.08569607327483     
   16.3613830850582        4.34725430829543     
   16.3070620660592        4.58931645057224     
   16.2549672470967        4.83179231723731     
   16.2060139888689        5.08817912057589     
   16.1609549146862        5.36651497591200     
   16.1203711689885        5.67028167847157     
   16.0846807145392        5.99863861211272     
   16.0542045459014        6.34645335704250     
   16.0292642731010        6.70446330910544     
   16.0102528897386        7.05984442090700     
   15.9973903501159        7.39719078049446     
   15.9909447276915        7.69898302004032     
   15.9907447122300        7.94701151921718     
   15.9963299974271        8.12355157436679     
   16.0070135411060        8.22905431456590     
   16.0218708319689        8.24862150570625     
   16.0397366707294        8.16020757705177     
   16.0595338972354        7.99523481263903     
   16.0799892816179        7.70065455437290     
   16.1001472820745        7.16772052583088     
   16.1190640617754        6.35726998057108     
   16.1360745737069        5.24672042717086     
   16.1507183247029        3.83219668709368     
   16.1628351893146        2.14194074674027     
   16.1725326790854       0.277841517400554     
   16.1800909764677       -1.69294033664058     
   16.1858638431051       -3.70053167303843     
   16.1900488141487       -5.66785674523303     
   16.1928918596077       -7.51425558539780     
   16.1944730417954       -9.15931390016199     
   16.1949746232178       -10.5280928540802     
   16.1945006238284       -11.5559312995794     
   16.1931439082683       -12.1949642713756     
   16.1909293436538       -12.4124859547669     
   16.1878620070103       -12.3077262508234     
   16.1841868594999       -11.9487479327763     
   16.1804827436960       -11.5128235605084     
   16.1778421171248       -11.1539935792142     
   16.1779006954058       -10.9420251363358     
   16.1827496177608       -10.9222847534708     
   16.1944410630380       -11.1122687403794     
   16.2146503791511       -11.5018104772369     
   16.2443541872828       -12.0658820830124     
   16.2836526987723       -12.7753068563282     
   16.3319937197200       -13.6064077354411     
   16.3881238829753       -14.5450413655542     
   16.4501734158761       -15.5860493428091     
   16.5161443729064       -16.7294252592478     
   16.5837064382110       -17.9731599183054     
   16.6504779684209       -19.3069000923697     
   16.7142308545337       -20.7074754821781     
   16.7730174984199       -22.1222639424067     
   16.8253401512191       -23.3531739871405     
   16.8703341948078       -24.2827034402235     
   16.9079878960228       -24.7040915766727     
   16.9387358217170       -24.5350385677886     
   16.9635686232752       -23.8021481595729     
   16.9834627414282       -22.5978374895739     
   16.9992375095065       -21.0301003259619     
   17.0114027649291       -19.2196210432110     
   17.0203703288024       -17.2901394887740     
   17.0265196479326       -15.3565788894213     
   17.0301126370767       -13.5174302716719     
   17.0311934806277       -11.8509886400215     
   17.0294468878099       -10.4113560267153     
   17.0241524116342       -9.21572680486783     
   17.0143227844867       -8.25752608998402     
   16.9991644966963       -7.52177800410531     
   16.9778655538337       -6.99946798547533     
   16.9498858023339       -6.61623780736527     
   16.9148475576230       -6.28185792490606     
   16.8724422258392       -5.90558561382085     
   16.8223579947497       -5.40769752979018     
   16.7645335510678       -4.70510849914718     
   16.6989909017103       -3.72426750570013     
   16.6263515142236       -2.43462098274025     
   16.5478906161964      -0.934694315741189     
   16.4656957398000       0.657670933186882     
   16.3823301777283        2.25394318846616     
   16.3007479061107        3.70539539005037     
   16.2237098753219        4.97966772100485     
   16.1536138926522        6.06373010954925     
   16.0923604136263        6.95644676884578     
   16.0414001763057        7.66294515122256     
   16.0019250891813        8.18856804317659     
   15.9747347305906        8.53294968179058     
   15.9601971321529        8.68813728746998     
   15.9579757041153        8.64045132763588     
   15.9669641221978        8.37591125220884     
   15.9852889790333        7.88357064565750     
   16.0107916402081        7.15850963638439     
   16.0412382603135        6.22691184825735     
   16.0744482742154        5.13889617258142     
   16.1084453125064        3.96450605224558     
   16.1419216367020        2.84994056903264     
   16.1738770534669        1.91516803508400     
   16.2036261026819        1.22181086538154     
   16.2307932067349       0.864105727802315     
   16.2553814211460       0.865847431241191     
   16.2774466920578        1.19413799580778     
   16.2974209135139        1.79706485738423     
   16.3157321151912        2.60861213252936     
   16.3329166572148        3.52391566777164     
   16.3493191233304        4.44081245830952     
   16.3651849927336        5.29983685816530     
   16.3801153066103        6.05873412083369     
   16.3937915024143        6.69574680979792     
   16.4058663028643        7.20861541442752     
   16.4165014742032        7.61128766932095     
   16.4262098030649        7.92814009299499     
   16.4352030142705        8.20086562732259     
   16.4433115491819        8.51446826051804     
   16.4499279571267        8.83127305075907     
   16.4545318656531        9.11984394786641     
   16.4567690785345        9.36144764686850     
   16.4565629037290        9.51706079176686     
   16.4541476834907        9.52874107061343     
   16.4499902984985        9.38792998429280     
   16.4446417201561        9.09290100246521     
   16.4388294833391        8.64511980717912     
   16.4332274579981        8.04875418645493     
   16.4285613475258        7.30942223412269     
   16.4256409245881        6.43576548535475     
   16.4252610946363        5.44037944190433     
   16.4280777638823        4.32479094416928     
   16.4347736028571        3.08989022288388     
   16.4455691599440        1.73794984182047     
   16.4605157316744       0.272687449789889     
   16.4792839253183       -1.30012349801687     
   16.5012711921112       -2.97400287117728     
   16.5261065498220       -4.72760391836621     
   16.5533380368408       -6.49676131001806     
   16.5828060075346       -8.25391750943266     
   16.6142031354790       -9.97418934043147     
   16.6470378891734       -11.5701129416724     
   16.6804157325458       -12.9865924663015     
   16.7134126072754       -14.2155582369126     
   16.7447025607337       -15.2653240255454     
   16.7730229429844       -16.1556495267348     
   16.7972003795667       -16.9140646613847     
   16.8144553634205       -20.0220369226456     
   16.7930743809077       -20.3618384786520     
   16.7647879600487       -20.6057395654859     
   16.7305048020609       -20.7210963760127     
   16.6912573207464       -20.6635074732079     
   16.6484389371687       -20.3857807562514     
   16.6035139998214       -19.8448296572540     
   16.5578651902096       -19.0069436286798     
   16.5126357951648       -17.8505502091844     
   16.4683442520382       -16.3688813907977     
   16.4262193124736       -14.5752502379359     
   16.3874883269473       -12.5638307612197     
   16.3535159761099       -10.4075397349389     
   16.3255112192231       -8.15940784942646     
   16.3041431267580       -5.90218314570212     
   16.2894053557116       -3.71298251732247     
   16.2808914548246       -1.62104600554375     
   16.2778815904381       0.352012408597455     
   16.2792698916425        2.19168177821854     
   16.2840217695046        3.88824557487796     
   16.2909401494021        5.43505538590300     
   16.2987696786350        6.82647437919813     
   16.3064216290503        8.05667152807556     
   16.3129253012790        9.12097627387780     
   16.3174541733181        10.0145556624197     
   16.3194775152219        10.7293445137834     
   16.3188591053147        11.2520567498437     
   16.3159419210855        11.6036362590552     
   16.3114316088553        11.8112072156478     
   16.3063408597255        11.8236055900836     
   16.3015889501114        11.6294987345737     
   16.2978206598332        11.2513668787176     
   16.2955841309530        10.7236579470035     
   16.2953793641981        10.0502039233622     
   16.2978860756153        9.23472232297015     
   16.3045149137137        8.28504354361851     
   16.3163382214238        7.21839564400724     
   16.3340595038886        6.06552099175779     
   16.3576028751812        4.87145263462908     
   16.3861479695929        3.71120502632877     
   16.4184107166899        2.69795347089987     
   16.4524945877207        1.89145448883474     
   16.4861962772101        1.33818035714272     
   16.5171672759192        1.07126484932928     
   16.5681892790168        2.60162064205972     
   16.5540259937695        3.24835272530776     
   16.5280263200333        3.72613953480750     
   16.4916898472546        3.94288181266181     
   16.4477966865331        3.85546765912943     
   16.4007097049147        3.49310351681893     
   16.3551684328738        2.93908052921189     
   16.3158214392018        2.24973178630100     
   16.2862397933985        1.48920453285560     
   16.2684854367103       0.712198711536410     
   16.2631391420517      -5.202627606836963E-002
   16.2705432698203      -0.803598667748947     
   16.2900582675635       -1.56746900568311     
   16.3199993421954       -2.37937569224612     
   16.3574537506016       -3.27150744324873     
   16.3987582096977       -4.25749099255575     
   16.4401173490932       -5.32753977100854     
   16.4781676983665       -6.44542329188151     
   16.5106262103793       -7.47300957558911     
   16.5361514762157       -8.33608174007933     
   16.5676153214782       -9.33900392358031     
   16.5606060168869       -9.00838636428202     
   16.5493725821658       -8.51542570071753     
   16.5353235031327       -7.87948628717441     
   16.5198441830699       -7.10919488119292     
   16.5045764400576       -6.20712784287612     
   16.4909483659684       -5.17002167804914     
   16.4798389750333       -3.98929401435760     
   16.4715458272132       -2.65158985299571     
   16.4654262105148       -1.14018942349625     
   16.4608399804360       0.563344136289476     
   16.4574987347114        2.47447296510846     
   16.4555645456125        4.58278867715229     
   16.4555839561728        6.80042928909405     
   16.4576394530295        9.07521165667219     
   16.4614046880617        11.3320882096967     
   16.4663302226303        13.4449688939849     
   16.4718099567789        15.3591927472356     
   16.4775582820585        17.0235815301540     
   16.5256243414865        20.2670617344428     
   16.5278770205224        19.4278945172715     
   16.5263576528148        18.2799887453727     
   16.5211770767129        16.8737875821563     
   16.5132323666524        15.2872034520440     
   16.5039857308005        13.6302016940179     
   16.4948839240930        12.0898048625307     
   16.4875006142147        10.7582436743653     
   16.4830746512879        9.69844526678813     
   16.4827247546450        8.98350445206452     
   16.4873244691604        8.58270285758362     
   16.4976116886035        8.44393495258980     
   16.5135265664629        8.50528479583410     
   16.5344930450931        8.70123432575559     
   16.5590796711509        8.96785045591766     
   16.5854612284265        9.24671851565902     
   16.6116558964342        9.48702063615300     
   16.6358527654558        9.64653099496274     
   16.6564273835213        9.69166785021540     
   16.6719818822737        9.59679197674984     
   16.6812973815290        9.34353336219554     
   16.6832163818607        8.92003884287864     
   16.6768895254482        8.34195452710292     
   16.6616962868612        7.69900326929749     
   16.6375481224568        7.00692414622196     
   16.6050315364115        6.24682888316773     
   16.5654808608318        5.37940243337671     
   16.5209238879684        4.39923245702130     
   16.4736457004592        3.30451199923956     
   16.4259843001814        2.09215369745074     
   16.3799647657721       0.750769694042607     
   16.3374270560094      -0.699643924712808     
   16.2998441827639       -2.23180033102418     
   16.2685527406800       -3.81581954895501     
   16.2445021297085       -5.44419432187931     
   16.2282610141712       -7.11307718077182     
   16.2196427220569       -8.81906981721520     
   16.2179310844832       -10.5585244277896     
   16.2220611574361       -12.3268316094886     
   16.2306595365097       -14.1174103965465     
   16.2424953563405       -15.9196871200392     
   16.2563771762361       -17.7003355542057     
   16.2716951466353       -19.4378421234507     
   16.2879861604856       -21.1122956475476     
   16.3049728071545       -22.7018347358108     
   16.3223842779791       -24.1741495209793     
   16.3401174038619       -25.4783018506473     
   16.3580700708408       -26.5906370210210     
   16.3764308511244       -27.4965294170315     
   16.3955079646396       -28.1839889066889     
   16.4156349362043       -28.6424357368098     
   16.4368786849011       -28.8618737880244     
   16.4592605175922       -28.8322209836899     
   16.4825259579642       -28.5431946361054     
   16.5066825253152       -27.9847236960701     
   16.5319298257088       -27.1473924290553     
   16.5583444541271       -26.0230093741543     
   16.5853484566430       -24.6064108726195     
   16.6119164782119       -22.9025023283245     
   16.6367348382306       -20.9190971440443     
   16.6584628693047       -18.6817003624637     
   16.6761993310217       -16.2475488295185     
   16.6893821293585       -13.6484942774888     
   16.6976988663516       -10.9157811489124     
   16.7014909547747       -8.08455518541949     
   16.7009594432408       -5.21587572887996     
   16.6964866224213       -2.34113350219639     
   16.6884468239228       0.516729079877853     
   16.6773915148573        3.33063118649089     
   16.6637081592677        6.06778753970165     
   16.6477738375023        8.68987133126686     
   16.6298654658705        11.1507299045896     
   16.6102856609917        13.4003916291930     
   16.5890452610067        15.3332298940268     
   16.5661305909269        16.8584105036126     
   16.5412947537493        17.9416965275358     
   16.5143733480331        18.5693433537373     
   16.4853709564494        18.7374039646383     
   16.4547127516941        18.4651329996844     
   16.4229766825531        17.8129593178384     
   16.3909580153505        16.8677868251592     
   16.3591903781515        15.7570652654631     
   16.3283431939189        14.5978392010712     
   16.2992446962187        13.4967368825285     
   16.2725505834295        12.5483943775138     
   16.2488703424589        11.8292117917877     
   16.2285862581326        11.3937615220826     
   16.2119789786373        11.2734134590278     
   16.1989474415105        11.4768879879301     
   16.1891151089401        11.9906481436721     
   16.1820341844968        12.7791803698388     
   16.1773103856888        13.7842083089317     
   16.1744815730700        14.9238477015515     
   16.1732057215970        16.0922325694808     
   16.1728755656503        17.1623931215437     
   16.1731848498466        17.9944060784444     
   16.1734972064097        18.4484326291322     
   16.1730862540254        18.4017507628881     
   16.1713292000821        17.7588663646477     
   16.1673643919642        16.4632933577819     
   16.1610114480079        14.5470481203878     
   16.1526116550636        12.1718281658705     
   16.1431429295289        9.42759309490514     
   16.1338883018817        6.41046505808194     
   16.1259485816054        3.24163908255786     
   16.1204202006965       2.242822627336949E-002
   16.1179347116214       -3.15945011436017     
   16.1188847872661       -6.23376005271657     
   16.1232994174791       -9.14956447082067     
   16.1312666679516       -11.8682296866390     
   16.1424938753315       -14.3444155860009     
   16.1566432864685       -16.5595737683055     
   16.1733871618498       -18.5072470792485     
   16.1923772027944       -20.1876824368168     
   16.2131229508833       -21.5909386422313     
   16.2358015338662       -22.7021407109873     
   16.2603731503066       -23.5589852829159     
   16.2870705352396       -24.1946079596983     
   16.3162790715932       -24.6387343696817     
   16.3483620007158       -24.9174234464393     
   16.3834134957274       -25.0533494330926     
   16.4215157060262       -25.0630414226932     
   16.4622292202040       -24.9548670530079     
   16.5050283463918       -24.7294616309238     
   16.5495655619649       -24.3815665490943     
   16.5959979478169       -23.9030626927118     
   16.6443754724149       -23.2817548991457     
   16.6942797599095       -22.5024487215017     
   16.7447959881040       -21.5498089323583     
   16.7947175678681       -20.4110102933874     
   16.8427651840824       -19.0781836824317     
   16.8879425108410       -17.5499868697105     
   16.9292275843790       -15.8325685868930     
   16.9658306069611       -13.9397947149515     
   17.0415597398000       -7.46519273855698     
   17.0542577540914       -5.19116707237748     
   17.0605142686014       -2.97880323045463     
   17.0606447207545      -0.878360610443226     
   17.0551765105885        1.06105419674634     
   17.0449385959405        2.79253984557205     
   17.0310024390204        4.26352258753432     
   17.0146168561636        5.43720332833515     
   16.9967715796613        6.27485554472789     
   16.9783611403149        6.79371546419449     
   16.9597336949016        7.00649049600398     
   16.9409401668659        6.93707233129973     
   16.9220083529390        6.62040009614491     
   16.9029358356478        6.10342921785796     
   16.8835210124942        5.43501822063680     
   16.8635542482561        4.67202755934388     
   16.8426021995474        3.89657637589612     
   16.8203605975459        3.20381941535448     
   16.7965184654735        2.68183292947880     
   16.7708373870395        2.39717971556514     
   16.7431999931384        2.39377191511092     
   16.7134732765766        2.68926375960836     
   16.6125289518296        4.97958531640174     
   16.5752574284436        6.02281990164759     
   16.5360540108240        7.09358212326785     
   16.4947445628072        8.12408452621246     
   16.4512438450932        9.05789317500217     
   16.4057499944230        9.85437928017995     
   16.3587834644025        10.4892514296818     
   16.3109839029627        10.9421020475405     
   16.2632569282949        11.2231282594909     
   16.2163201850292        11.3568089400019     
   16.1707855269471        11.3838395090338     
   16.1273271927269        11.3714031984647     
   16.0865186288746        11.3420621816716     
   16.0490848861848        11.3056046220901     
   16.0157127755483        11.2752518078191     
   15.9870491703155        11.2622930670852     
   15.9637354808890        11.2742047446562     
   15.9460621012890        11.3152183617608     
   15.9344468943204        11.3859794194154     
   15.9291458682590        11.4845036928107     
   15.9303883140640        11.6068116911465     
   15.9384689967372        11.7471819040563     
   15.9536286195974        11.8983339772364     
   15.9761356483057        12.0511461766910     
   16.0060105625871        12.1948296819155     
   16.0430308358234        12.3168942561737     
   16.0867603157835        12.4023499833623     
   16.1365390368250        12.4348215380452     
   16.1916144811527        12.3967957820850     
   16.2509458318597        12.2698249268018     
   16.3136891603579        12.0440776299894     
   16.3786352801805        11.7170821933519     
   16.4444141534500        11.2758232680721     
   16.5094046804697        10.7183969498313     
   16.5722129457727        10.0553415708270     
   16.6316657450187        9.24961611889811     
   16.6871946636092        8.30196389569019     
   16.7388094650052        7.22981344455686     
   16.7865674391409        6.04638118481891     
   16.8304101033084        4.77348243964920     
   16.8701068816136        3.45437856604226     
   16.9050386249386        2.13892675123361     
   16.9349070680777       0.859751331823920     
   16.9593332353783      -0.353355792220255     
   16.9789275590415       -1.47533131503985     
   16.9944089345698       -2.48671883719760     
   16.7848454824888       -17.3079646752857     
   16.7386017070756       -18.2901507484156     
   16.6973034160104       -19.0487136110452     
   16.6614441377726       -19.5020772631360     
   16.6306424673108       -19.5847297975149     
   16.6040977153493       -19.2549092456891     
   16.5807818579913       -18.4970842999919     
   16.5598264569527       -17.3105513050183     
   16.5404543466834       -15.7188988268344     
   16.5219481468285       -13.7648812266450     
   16.5037721579454       -11.5149175979726     
   16.4854395089219       -9.08186704912108     
   16.4667413974791       -6.56282060706208     
   16.4476449504546       -4.04243294376679     
   16.4282649470110       -1.59702245088239     
   16.4088943238033       0.700463021515545     
   16.3897129714830        2.78493449812466     
   16.3708780459018        4.62862771702352     
   16.3525850369268        6.21368397476539     
   16.3350333850516        7.52747443794918     
   16.3184142277009        8.55876664620110     
   16.3028864987319        9.29594413255769     
   16.2885911528599        9.73996051881499     
   16.2753072974865        9.91012724157013     
   16.2626947110668        9.79384653684669     
   16.2501322062759        9.38201851329298     
   16.2368934889774        8.67359957552159     
   16.2221899681619        7.63817555132405     
   16.2054670577562        6.26240369946037     
   16.1863338079125        4.59354112762989     
   16.1647250663578        2.68262038516331     
   16.1409483099353       0.594252610722701     
   16.1156986144498       -1.59303242349974     
   16.0900000362128       -3.77526975872070     
   16.0651582564797       -5.84595509882059     
   16.0428147454252       -7.70807242358827     
   16.0246090030457       -9.26443508469210     
   16.0123166320764       -10.4221492167256     
   16.0074572689252       -11.0985106701607     
   16.0111993955392       -11.2270825693854     
   16.0243327999592       -10.7623225684591     
   16.0468584036800       -9.68611797118389     
   16.0780320789584       -8.02799536351996     
   16.1164055538947       -5.88222584213485     
   16.1599109412847       -3.35828473335486     
   16.2065951912691      -0.592661070245128     
   16.2545645030321        2.21648713572609     
   16.3024586250617        4.88250730594095     
   16.3494512236711        7.27916113455231     
   16.3951862723444        9.31843996188290     
   16.4397465433675        10.9535456973022     
   16.4830927948879        12.1745223524182     
   16.5252851263777        12.9968201738830     
   16.5663221470678        13.4495048171201     
   16.6060345082134        13.5654424819358     
   16.6442508823542        13.3747607945532     
   16.6803935916763        12.9116215143686     
   16.7137622421773        12.2080363271462     
   16.7434850298839        11.2835782700793     
   16.7687651235102        10.1525490893482     
   16.7887991594859        8.81401708772779     
   16.8030996541039        7.25567940112013     
   16.8119354280530        5.56317888012245     
   16.8156353468672        3.81672770435681     
   16.8146844953743        2.05829007706217     
   16.8095540020033       0.380407918739873     
   16.3609882471002        12.0940781152901     
   16.3433617255502        12.3630040745108     
   16.3264634447381        12.5661781995205     
   16.3104983423079        12.7042641508222     
   16.2958423044974        12.7844588665006     
   16.2826127391863        12.8171626792580     
   16.2708638966475        12.8138054304811     
   16.2605532516342        12.7865566603214     
   16.2515512611992        12.7447027340541     
   16.2437389137316        12.6915817016558     
   16.2369500473362        12.6296490672131     
   16.2309866303314        12.5607314724197     
   16.2256847989951        12.4867453578662     
   16.2207226586802        12.4096503621918     
   16.2159689232848        12.3313984905475     
   16.2112317505644        12.2540801915041     
   16.2064304164229        12.1798918759419     
   16.2015274420654        12.1108360831595     
   16.1965726040648        12.0488560801408     
   16.1916294541182        11.9958975631732     
   16.1868592733077        11.9537719173511     
   16.1824411275499        11.9239787388452     
   16.1786593412332        11.9066144876059     
   16.1758720531644        11.8992004937486     
   16.1744201313493        11.9009867784718     
   16.1746390356539        11.9111076002682     
   16.1767352153253        11.9284331121557     
   16.1809710734504        11.9517257258768     
   16.1874166474270        11.9790134165022     
   16.1960013980237        12.0076889045052     
   16.2065643139405        12.0343783554432     
   16.2191067736612        12.0550694480741     
   16.2333743825126        12.0653845143946     
   16.2490563976737        12.0616808708262     
   16.2656225361851        12.0419113764050     
   16.2825177505206        12.0057710661626     
   16.2991117552476        11.9547732051918     
   16.3148281593371        11.8914800521573     
   16.3292970649666        11.8187301849127     
   16.3422712424321        11.7392124074285     
   16.3536252210876        11.6547649174501     
   16.3634903334994        11.5688576810077     
   16.3720836826005        11.4830583766017     
   16.3796209650663        11.3957472943263     
   16.3864500278378        11.3060833072514     
   16.3929007119906        11.2122001761594     
   16.3993774152524        11.1119146004992     
   16.4061615197353        11.0033359770749     
   16.4133490347524        10.8851246107263     
   16.4211586680740        10.7566176162179     
   16.4295141660251        10.6177662386333     
   16.4383325516808        10.4686276169638     
   16.4473241542760        10.3088454101692     
   16.4564046685500        10.1388261099677     
   16.4652196776602        9.95975482913849     
   16.4734363164538        9.77381513867300     
   16.4805251193115        9.58470965747476     
   16.4861217163168        9.39762707219211     
   16.4896287708657        9.21899855344533     
   16.4906605597007        9.05109106207594     
   16.4888156933170        8.89757409019811     
   16.4839792880700        8.76407901998866     
   16.4759291924461        8.65656448216837     
   16.4649316294170        8.58201904719875     
   16.4510676769038        8.54783383273885     
   16.4347575195484        8.55899171927997     
   16.4164759433973        8.61981412774076     
   16.3967557020809        8.73394528306264     
   16.3761408113247        8.90341353175495     
   16.3553460177313        9.12832485459818     
   16.3348977475191        9.40744053070718     
   16.3151999156732        9.73782997806991     
   16.2964805112570        10.1157891447265     
   16.2789312687361        10.5365036771001     
   16.2625568341851        10.9946060598528     
   16.2473850646743        11.4840631979066     
   16.2334329419113        11.9976041029934     
   16.2206741423726        12.5266398387263     
   16.2090535836057        13.0617755360088     
   16.1985169091597        13.5929950126076     
   16.1888324420166        14.1101331672293     
   16.1800527591982        14.6032098047457     
   16.1718900175921        15.0630839746663     
   16.1643858251955        15.4802972212855     
   16.1574654162829        15.8452718359410     
   16.1512211731541        16.1500500531711     
   16.1457859241946        16.3876922425484     
   16.1414126117487        16.5517929990978     
   16.1383391921263        16.6364336007511     
   16.1369115953306        16.6369450719700     
   16.1374940908402        16.5512785506522     
   16.1403189622387        16.3801778963112     
   16.1457124898348        16.1279213281246     
   16.1538423873936        15.8025978175364     
   16.1644722084302        15.4152854498241     
   16.1777413245008        14.9795223046756     
   16.1931240993326        14.5097761829177     
   16.2105808610176        14.0204027199424     
   16.2297355095388        13.5254074651063     
   16.2502086451709        13.0379377861115     
   16.2715353903652        12.5701514018117     
   16.2931657854360        12.1325932443750     
   16.3145064621141        11.7337650651383     
   16.3349011063586        11.3795404059155     
   16.3540037698860        11.0726769600324     
   16.3713626210660        10.8136835857122     
   16.3867920530259        10.6007301164045     
   16.4002167931125        10.4306341298077     
   16.4116536060309        10.2988759530989     
   16.4212040546766        10.2001520478609     
   16.4290943094255        10.1288468605756     
   16.4356115166633        10.0791150096248     
   16.4410530039093        10.0455272899013     
   16.4458441860008        10.0230867088269     
   16.4502778040182        10.0077883449071     
   16.4547086980755        9.99686703722805     
   16.4593065497133        9.98864742072829     
   16.4640589209804        9.98225348524676     
   16.4689050958355        9.97688929077901     
   16.4737118737241        9.97100721441700     
   16.4782622585571        9.96167796156278     
   16.4825453394275        9.94567206154218     
   16.4863252465126        9.91959043786725     
   16.4893554967983        9.88291274556336     
   16.4913377536762        9.83632205216843     
   16.4919250922373        9.77921443694840     
   16.4908207156517        9.71271660166640     
   16.4879782462039        9.63933716828933     
   16.4833122538995        9.56251639847455     
   16.4768813484603        9.48635307683708     
   16.4688107953949        9.41541895268436     
   16.4593258983618        9.35456077787724     
   16.4487188993799        9.30879928099284     
   16.4373401266782        9.28318341510239     
   16.4254707699354        9.28274234049501     
   16.4136193956886        9.31178529233135     
   16.4020680450133        9.37373362325450     
   16.3911365259093        9.47055166964169     
   16.3810354996745        9.60293110162289     
   16.3717697958134        9.77011155474661     
   16.3633036695110        9.96995670613671     
   16.3554806874962        10.1977196192270     
   16.3481967027294        10.4472415916686     
   16.3413472825613        10.7129018224156     
   16.3348146165382        10.9888185499422     
   16.3283863679217        11.2698759160073     
   16.3218265968964        11.5521509083523     
   16.3148161774804        11.8330873278945     
   16.3070827124501        12.1114798098535     
   16.2984461396391        12.3893790084046     
   16.2889382610949        12.6677797493754     
   16.2786440104047        12.9450271548428     
   16.2678069924625        13.2187829142967     
   16.2567578011851        13.4860720390914     
   16.2458506692079        13.7434686306046     
   16.2355103847670        13.9864366707651     
   16.2261678081267        14.2104580347669     
   16.2182767175905        14.4130797281200     
   16.2121697217651        14.5924240264256     
   16.2082117988327        14.7474656723987     
   16.2065583508952        14.8778827500176     
   16.2072182880221        14.9841268102976     
   16.2101110005611        15.0671814919484     
   16.2150338631616        15.1281803920648     
   16.2217074078597        15.1686804874105     
   16.2298753951797        15.1896375078084     
   16.2391684548859        15.1919494861909     
   16.2491480375676        15.1773226572428     
   16.2593509696600        15.1492679415973     
   16.2691332994075        15.1046689597177     
   16.2778318541577        15.0408287340402     
   16.2848554170160        14.9581059502585     
   16.2896957768236        14.8576731541217     
   16.2921841000909        14.7412983381429     
   16.2923389164477        14.6116270710461     
   16.2904000702151        14.4721347038623     
   16.2868557695760        14.3272571678519     
   16.2823431080148        14.1825021284101     
   16.2776143950028        14.0443250208675     
   16.2733562680858        13.9194354453454     
   16.2702320459357        13.8141222540315     
   16.2687157262708        13.7337781122950     
   16.2691451682252        13.6818343146139     
   16.2714938724414        13.6595265018163     
   16.2758818595031        13.6661858419070     
   16.2820028861465        13.6992133804493     
   16.2896445409382        13.7544851343768     
   16.2985464304606        13.8265923912068     
   16.3085270470804        13.9086174042831     
   16.3193817386249        13.9922833169490     
   16.3307549141721        14.0681986637130     
   16.3424814602307        14.1263041453372     
   16.3541733599062        14.1565686299787     
   16.3654209234299        14.1492547713380     
   16.3758668997479        14.0945977943177     
   16.3852892004390        13.9833013520701     
   16.3935127489550        13.8067415053325     
   16.4004107888634        13.5571258761492     
   16.4061368197830        13.2280114259798     
   16.4107847042729        12.8150851152152     
   16.4145967790746        12.3175215174142     
   16.4178766781585        11.7396474017262     
   16.4210324304967        11.0922247946316     
   16.4244374874051        10.3926080889933     
   16.4285803051577        9.66422811399504     
   16.4336002057626        8.93376198603743     
   16.4395028492818        8.23055588111313     
   16.4460156152597        7.58108048500522     
   16.4527532223686        7.00100782772716     
   16.4594120233095        6.49986189079176     
   16.4655850108107        6.08216790187826     
   16.4709194795389        5.74852511067849     
   16.4750645431132        5.49742763995051     
   16.4778571367036        5.32624018589215     
   16.4789589782218        5.23156025263332     
   16.4781153237877        5.21040138699414     
   16.4752676395122        5.25986321242308     
   16.4702040453293        5.37773794475819     
   16.4629965563985        5.56212148104934     
   16.4535930867139        5.81162871880469     
   16.4421107551080        6.12524168655863     
   16.4286896065055        6.50178057509417     
   16.4135288156992        6.93969829435816     
   16.3969287602523        7.43637457696210     
   16.3792199870323        7.98765831192729     
   16.3609533453083        8.58762009914058     
   16.3425511576535        9.22819530634117     
   16.3245388127591        9.89916168105001     
   16.3073114050423        10.5884236637219     
   16.2912536696469        11.2785431748457     
   16.2764824703156        11.9532913587091     
   16.2631937668937        12.5978514378482     
   16.2513818792674        13.1973751036404     
   16.2410130202499        13.7373293300707     
   16.2319840820754        14.2070113415338     
   16.2240323986452        14.5996181168172     
   16.2168926629944        14.9125405402332     
   16.2103207704793        15.1476854097302     
   16.2040034628109        15.3108314723165     
   16.1978875746066        15.4101957380255     
   16.1918602671768        15.4554498051575     
   16.1860632888314        15.4581257034387     
   16.1806320585731        15.4289788188442     
   16.1758171598363        15.3783157433636     
   16.1719424800350        15.3158146370536     
   16.1693417630738        15.2504923233639     
   16.1683505471064        15.1903450050703     
   16.1691693141726        15.1422244959666     
   16.1721318156654        15.1116275364931     
   16.1773132803356        15.1022860942991     
   16.1847155269671        15.1162885200702     
   16.1941926286314        15.1541276690910     
   16.2053929284727        15.2148515624044     
   16.2179980422650        15.2962114500717     
   16.2315826287941        15.3945867109324     
   16.2456639767398        15.5052287365200     
   16.2598222899815        15.6225271065187     
   16.2735344128130        15.7402036804991     
   16.2862755859355        15.8517222443485     
   16.2975616288057        15.9508254880508     
   16.3069809789021        16.0317869201665     
   16.3141352835707        16.0895729460501     
   16.3190289935680        16.1195731864906     
   16.3216157237438        16.1178516367539     
   16.3220941643709        16.0806302672156     
   16.3208115093123        16.0041712168065     
   16.3182820084990        15.8849383190654     
   16.3149480672491        15.7196673488890     
   16.3114163903662        15.5057216409320     
   16.3084026395224        15.2424949274143     
   16.3064884893942        14.9309786112510     
   16.3061251195802        14.5755608641331     
   16.3075319114447        14.1804383862905     
   16.3107242809979        13.7507885319593     
   16.3155330427012        13.2934513510643     
   16.3215730497931        12.8143239527516     
   16.3282713248128        12.3185138657560     
   16.3354844182912        11.8104960507465     
   16.3427924188378        11.2942377413518     
   16.3498061995460        10.7736930263516     
   16.3562189035135        10.2530496651607     
   16.3616717479218        9.73687671094826     
   16.3658729889468        9.22941947333824     
   16.3685713919273        8.73444001991591     
   16.3697139607024        8.25506252493526     
   16.3691512684238        7.79376463036935     
   16.3671533048995        7.35235463769201     
   16.3638042632402        6.93237627800622     
   16.3593846315001        6.53509892366978     
   16.3542096630707        6.16216225143816     
   16.3486583362989        5.81555277536887     
   16.3432196949442        5.49803129520829     
   16.3383017921959        5.21308758444481     
   16.3342883467381        4.96469344224919     
   16.3314298015084        4.75839084729947     
   16.3300785370815        4.60269375330159     
   16.3302174993664        4.50131978707051     
   16.3316567143740        4.45695116760873     
   16.3341743724112        4.47159820703376     
   16.3374373449840        4.54587580920101     
   16.3410086751916        4.67836650139500     
   16.3445538981165        4.86681885728925     
   16.3475549439880        5.10874379711306     
   16.3496854365124        5.40101872461299     
   16.3505232994289        5.73933037731377     
   16.3498137208189        6.11928533078406     
   16.3473444939434        6.53578779822374     
   16.3430899991146        6.98403585498227     
   16.3371783349133        7.45923002854581     
   16.3298258169734        7.95669717760802     
   16.3212259632414        8.47130513304021     
   16.3117796366922        8.99813389480011     
   16.3019974173089        9.53134705262883     
   16.2921108106882        10.0649554213441     
   16.2826584816370        10.5918868837009     
   16.2739341541811        11.1049994818841     
   16.2663117641886        11.5910942301665     
   16.2600171039700        12.0416533122494     
   16.2550897913515        12.4545828764932     
   16.2515021631073        12.8318438757641     
   16.2490404219600        13.1781133879803     
   16.2473617345878        13.5005167199144     
   16.2462426371341        13.8067333598001     
   16.2454472448672        14.1045117604446     
   16.2447151273938        14.4003338481679     
   16.2438447361484        14.6994515079970     
   16.2426123113252        15.0052198652647     
   16.2408136041395        15.3192998760282     
   16.2382147287027        15.6411462899220     
   16.2348978977486        15.9679657911518     
   16.2308522080440        16.2947193312900     
   16.2261776502234        16.6142396967950     
   16.2210173699668        16.9169633207089     
   16.2156425557710        17.1910159895010     
   16.2104427675242        17.4222888729769     
   16.2058103544840        17.5951425910531     
   16.2021506233474        17.6929047122860     
   16.2000012054745        17.6989029364697     
   16.1998943471125        17.5975595979571     
   16.2021480728321        17.3791491241882     
   16.2069718214849        17.0396558836802     
   16.2144614618779        16.5800795190426     
   16.2244403191609        16.0064029216076     
   16.2365237198338        15.3282249354131     
   16.2502898958224        14.5575444134490     
   16.2653781893037        13.7087414846177     
   16.2812487632438        12.8004491470634     
   16.2973140078042        11.8561716923382     
   16.3129379284477        10.8969312685194     
   16.3273951283570        9.94232409447963     
   16.3402508908534        9.01074704269555     
   16.3509867110637        8.11801067901325     
   16.3593802631522        7.27670559649597     
   16.3652684376126        6.49878401451149     
   16.3688276696989        5.79507226388515     
   16.3702076641983        5.17116833309284     
   16.3697311129190        4.63174215716263     
   16.3677024379542        4.18095529145115     
   16.3647227640798        3.82276755163323     
   16.3611773146301        3.56093248827541     
   16.3575285688291        3.39879478065132     
   16.3542083421688        3.33916255686164     
   16.3514932986443        3.38360130511987     
   16.3495989788590        3.53275456699371     
   16.3485542138656        3.78625539214824     
   16.3482955947229        4.14288929332515     
   16.3485649730383        4.60025526349943     
   16.3493137602923        5.15363046397375     
   16.3502391123806        5.79486437570650     
   16.3510830545707        6.51488430364050     
   16.3514688364630        7.30165535883362     
   16.3511966461890        8.13982024234558     
   16.3499830990198        9.01279707815886     
   16.3476340572095        9.90372110711229     
   16.3439900821711        10.7960792887364     
   16.3391864448606        11.6744600711599     
   16.3332697272172        12.5248977959547     
   16.3264005073173        13.3297650763815     
   16.3187226750119        14.0662115348258     
   16.3106073635694        14.7194563123950     
   16.3023029713624        15.2764400597682     
   16.2940947335608        15.7263526810004     
   16.2861734733408        16.0616676075300     
   16.2789909864220        16.2784097102500     
   16.2726850869988        16.3773081380377     
   16.2674605489735        16.3643188768687     
   16.2634527702872        16.2499506515081     
   16.2606873288896        16.0480928957150     
   16.2592119278613        15.7747131181648     
   16.2589531501052        15.4474684963758     
   16.2598550509078        15.0846601286731     
   16.2619729967713        14.7048802149729     
   16.2651117222789        14.3269560025484     
   16.2692283721149        13.9684738415733     
   16.2740535605463        13.6453758290617     
   16.2792383513570        13.3706329124549     
   16.2844134635057        13.1529086067063     
   16.2893459705340        12.9955956954509     
   16.2936845650879        12.8972044921737     
   16.2972677033859        12.8508169208309     
   16.2999086887839        12.8447811068007     
   16.3017272665105        12.8626959586652     
   16.3026841226961        12.8846423322767     
   16.3029256206450        12.8886888211736     
   16.3026751422617        12.8530368089495     
   16.3021452168250        12.7583692474362     
   16.3016414054050        12.5905024481548     
   16.3012699991602        12.3418767629949     
   16.3014586481726        12.0120970563638     
   16.3023103244906        11.6069948410755     
   16.3038803737967        11.1370613193823     
   16.3061772312233        10.6165477134080     
   16.3092152971966        10.0593142787128     
   16.3129463523517        9.47787990345725     
   16.3172705156694        8.88640679378875     
   16.3220581446151        8.30875223873577     
   16.3271142450043        7.75675784730420     
   16.3320684321344        7.23861375809758     
   16.3367162153511        6.76105901226528     
   16.3406706764256        6.32942551251490     
   16.3437541604612        5.94781697434550     
   16.3458100817734        5.61933046436132     
   16.3468038579400        5.34626273641554     
   16.3468474813630        5.13056668038727     
   16.3460076945450        4.97412077545375     
   16.3446517629278        4.87905163241461     
   16.3429801912356        4.84729971999177     
   16.3413515809744        4.88062945576758     
   16.3400796388535        4.98049512536021     
   16.3394634878264        5.14748783924026     
   16.3396961194033        5.38136740016604     
   16.3408824324352        5.68114451185584     
   16.3430513584205        6.04530464126374     
   16.3460312329849        6.47226165310021     
   16.3497468639322        6.96082227210410     
   16.3539987063510        7.50993322042729     
   16.3586211651691        8.11815965578296     
   16.3634309124587        8.78386541204643     
   16.3683203019061        9.50451569434295     
   16.3730807415780        10.2761768384111     
   16.3773669093752        11.0932564532707     
   16.3809946372877        11.9488157473700     
   16.3835738249993        12.8344480366963     
   16.3847044681010        13.7371630799512     
   16.3841447684487        14.6375565061097     
   16.3815994585750        15.5198545128559     
   16.3770490512075        16.3659571420669     
   16.3704784414204        17.1576425691546     
   16.3620083651726        17.8765669748460     
   16.3518479792160        18.5048012683340     
   16.3406076808687        19.0279210632835     
   16.3287444864212        19.4366788333551     
   16.3168914884947        19.7280117745670     
   16.3055505287801        19.9063588508679     
   16.2951559932025        19.9819595533267     
   16.2859996736906        19.9692459318288     
   16.2781574051716        19.8850043133346     
   16.2716635209625        19.7469552228642     
   16.2665018165573        19.5702102435184     
   16.2625998402981        19.3677288728122     
   16.2598958120257        19.1500452315721     
   16.2583707465482        18.9254876259819     
   16.2577530011022        18.6999053620812     
   16.2579764050403        18.4766874996120     
   16.2587408801041        18.2569600823285     
   16.2597614010544        18.0393878099622     
   16.2607928356545        17.8200076895202     
   16.2615944242896        17.5924006350872     
   16.2619556474634        17.3474878833822     
   16.2617845451969        17.0739158375645     
   16.2610065556056        16.7586901366751     
   16.2595880819151        16.3882106132864     
   16.2574720218681        15.9496008606821     
   16.2549701706947        15.4324707601869     
   16.2522071894282        14.8314587772824     
   16.2494450881614        14.1479084004516     
   16.2469949921159        13.3898615821239     
   16.2451298367323        12.5779599853560     
   16.2441480330279        11.7457221731748     
   16.2440824175013        10.9104611933878     
   16.2452243980158        10.0869735263236     
   16.2476315560980        9.28764905154264     
   16.2513552060259        8.52189215758820     
   16.2564800125639        7.79603159389638     
   16.2630412564557        7.11492854510116     
   16.2710155299029        6.48138674229351     
   16.2803359000342        5.89708507366935     
   16.2909266143070        5.36301138197371     
   16.3025565304046        4.87919274976495     
   16.3152330653185        4.44492270460879     
   16.3287810430174        4.05986677592839     
   16.3430386471480        3.72436435332959     
   16.3578221190073        3.43902545694912     
   16.3729361867236        3.20500224744598     
   16.3881313925488        3.02398675693319     
   16.4031988603955        2.89828748261734     
   16.4178794272897        2.82937801689183     
   16.4320297023005        2.81833684326953     
   16.4455205116914        2.86552382395425     
   16.4581878286651        2.97019295069437     
   16.4698373781790        3.13036077450065     
   16.4804887811889        3.34348245253725     
   16.4899795317557        3.60535550698840     
   16.4981718903709        3.91203013729336     
   16.5050828785850        4.25969901915027     
   16.5106628809663        4.64494097885408     
   16.5149192113578        5.06475376652026     
   16.5178554227847        5.51696365251188     
   16.5195114925421        5.99699983221046     
   16.5198441954724        6.49559850956073     
   16.5188643503948        7.01211903821888     
   16.5164949282485        7.54619865753824     
   16.5126216551354        8.09706855829188     
   16.5073457579395        8.66425522811863     
   16.5006126609121        9.24649190096866     
   16.4923083045205        9.84233736511333     
   16.4825106705687        10.4496984152959     
   16.4712419887000        11.0662418530785     
   16.4584916303345        11.6895843071660     
   16.4443885644432        12.3156158563881     
   16.4290836467746        12.9387593863246     
   16.4127851036681        13.5513628805415     
   16.3956190812866        14.1459543395255     
   16.3779775866226        14.7142951011631     
   16.3601305891948        15.2477873954548     
   16.3423198638859        15.7382867789139     
   16.3247930375558        16.1783639420556     
   16.3077843214958        16.5624171796665     
   16.2914849971845        16.8868026255893     
   16.2760089412079        17.1492653221412     
   16.2614667298962        17.3495730862995     
   16.2478220434997        17.4888851650505     
   16.2350395247809        17.5694855604776     
   16.2231019349424        17.5937941874571     
   16.2118974506092        17.5644881981566     
   16.2013838279642        17.4840998194904     
   16.1914739297791        17.3553072033440     
   16.1821196926745        17.1810315555022     
   16.1732275825811        16.9645958318854     
   16.1647674431846        16.7097316141550     
   16.1566063773223        16.4206764172296     
   16.1486009860369        16.1020031564482     
   16.1408356305864        15.7591255463320     
   16.1333478285987        15.3974544064576     
   16.1262876277943        15.0230651968309     
   16.1198307891931        14.6425429789184     
   16.1142796559669        14.2627117440874     
   16.1098292015418        13.8908431927328     
   16.1069439391336        13.5341107763130     
   16.1058992397049        13.2004820542798     
   16.1069198267077        12.8995235908002     
   16.1102752173711        12.6331279299481     
   16.1160149040111        12.3999525968418     
   16.1243075149064        12.1973128005442     
   16.1348137212707        12.0207959105850     
   16.1474323880757        11.8644485558572     
   16.1617355997567        11.7219618885358     
   16.1773851401513        11.5868655236806     
   16.1938915116394        11.4535826027743     
   16.2108369530424        11.3180338561066     
   16.2278071131967        11.1777230371417     
   16.2443136283849        11.0319772872776     
   16.2601495552417        10.8815902968270     
   16.2750253552989        10.7282569494567     
   16.2888282073400        10.5741757077622     
   16.3015018201992        10.4218125777666     
   16.3131181010306        10.2718908930900     
   16.3236520132463        10.1229240240246     
   16.3334057058138        9.97635077235979     
   16.3424229366829        9.83359176770998     
   16.3508540287451        9.69614475915844     
   16.3588013318744        9.56572285831429     
   16.3663131171457        9.44423227421980     
   16.3735811877476        9.33409100716530     
   16.3805773074350        9.23769547136526     
   16.3873590674713        9.15787377134808     
   16.3940242844205        9.09789309876481     
   16.4004925147906        9.06441849245300     
   16.4067738644302        9.06151276355996     
   16.4128460722292        9.09160844714024     
   16.4186713678131        9.15647003585657     
   16.4241875963140        9.25700125818556     
   16.4294110398555        9.39262482365316     
   16.4342481943041        9.56117656044572     
   16.4384542569350        9.75870299169562     
   16.4420696935406        9.97942364146362     
   16.4448715741076        10.2159472803697     
   16.4467214682356        10.4594673528803     
   16.4474462729788        10.7000550384405     
   16.4470549764374        10.9269651181177     
   16.4455308903174        11.1290644728908     
   16.4429339356962        11.2958306483373     
   16.4394950292060        11.4177933203047     
   16.4353039931300        11.4876769947953     
   16.4306222372495        11.5013672474394     
   16.4256221729213        11.4580454787133     
   16.4204811589769        11.3625363205057     
   16.4153894383708        11.2196376289896     
   16.4102283657312        11.0348972883405     
   16.4053134678275        10.8156384196647     
   16.4001600302963        10.5695161698993     
   16.3948161155082        10.3045524464295     
   16.3890590749281        10.0284506280132     
   16.3827638720992        9.74902271177083     
   16.3757589498614        9.47417725197346     
   16.3679377561404        9.20973722029866     
   16.3592745077042        8.96256410349662     
   16.3496663904987        8.74100445274135     
   16.3390580879445        8.55298333600905     
   16.3275293963922        8.40564979969782     
   16.3152305614767        8.30515691791731     
   16.3024161963271        8.25599837147251     
   16.2892753668366        8.26231777523996     
   16.2762684216078        8.32758478977499     
   16.2637061150024        8.45404396375141     
   16.2519555391422        8.64259759948571     
   16.2413134870081        8.89247757876707     
   16.2320356853311        9.20093350481655     
   16.2241860848312        9.56331323706351     
   16.2177926763828        9.97334239494865     
   16.2126860611309        10.4234799355235     
   16.2087485557711        10.9053353619713     
   16.2056948746477        11.4099448477416     
   16.2034035236522        11.9279590149119     
   16.2016179177948        12.4497876422115     
   16.2002066242739        12.9654499499383     
   16.1991069944660        13.4651662301168     
   16.1982570223134        13.9391505820771     
   16.1977379837665        14.3780777159282     
   16.1975740362412        14.7736466525612     
   16.1978415459513        15.1186035067662     
   16.1986330012448        15.4073052448934     
   16.2000604628241        15.6353268731939     
   16.2022757484147        15.7999320300618     
   16.2053153698239        15.8997793717343     
   16.2092069902180        15.9340584893639     
   16.2141788750392        15.9026437186066     
   16.2202022171818        15.8063353525543     
   16.2272635286695        15.6476943039551     
   16.2352888212582        15.4300913460299     
   16.2442437644997        15.1582118015696     
   16.2539934054791        14.8378397353791     
   16.2644479253250        14.4752574477077     
   16.2754398308048        14.0771762931160     
   16.2868470317409        13.6502208306734     
   16.2984843087807        13.2004757188333     
   16.3101151243431        12.7334109687146     
   16.3215007152553        12.2539060715798     
   16.3324429836042        11.7665394852338     
   16.3427230551470        11.2760005363508     
   16.3521395177869        10.7872201289474     
   16.3604604387515        10.3055303949113     
   16.3673648489239        9.83668929665608     
   16.3728543553939        9.39059116964498     
   16.3767901540926        8.97561383994178     
   16.3791379393182        8.59600761834232     
   16.3799881780320        8.25467095256308     
   16.3794355665850        7.95331453382687     
   16.3779032182917        7.69255240150949     
   16.3756152716269        7.47211150520544     
   16.3728915807738        7.29071967134997     
   16.3700049298367        7.14667971734536     
   16.3673256749382        7.03790573019620     
   16.3649356971322        6.96249230991141     
   16.3628769372731        6.91799396179513     
   16.3611308689858        6.90235877548541     
   16.3597266254215        6.91387346367786     
   16.3585256527406        6.95083332229571     
   16.3574434302849        7.01135162174253     
   16.3563276915329        7.09389677616767     
   16.3552434008904        7.19679224503930     
   16.3541416260766        7.31868577858010     
   16.3529513652164        7.45845774042332     
   16.3516846826810        7.61538945567370     
   16.3502933655575        7.78911119631703     
   16.3486560262018        7.97969408696809     
   16.3466569923053        8.18798865988087     
   16.3442646973773        8.41515541429558     
   16.3413147193177        8.66259658236735     
   16.3376533251562        8.92612821464008     
   16.3332743547353        9.20374056955651     
   16.3281293301129        9.49621761568460     
   16.3221508565098        9.80465456448507     
   16.3153599241451        10.1302649267184     
   16.3077326366654        10.4745013331376     
   16.2994262993967        10.8388989877819     
   16.2905773822832        11.2253659952639     
   16.2813108052684        11.6358442029357     
   16.2718372992779        12.0722329560532     
   16.2623387361780        12.5358462375904     
   16.2529579147560        13.0271394660977     
   16.2438194364780        13.5449130243424     
   16.2350147502290        14.0851716719693     
   16.2268270308958        14.6408826270605     
   16.2194460191360        15.2007645567307     
   16.2131690698904        15.7496827006140     
   16.2081597289237        16.2700664002880     
   16.2046246926812        16.7444658538684     
   16.2026412242753        17.1575141375098     
   16.2020152055832        17.4980213249389     
   16.2025749429777        17.7593400987217     
   16.2041573352614        17.9387126438587     
   16.2066966960142        18.0361165327327     
   16.2099852835862        18.0534700337356     
   16.2138762151854        17.9939966842714     
   16.2182961062778        17.8616735673253     
   16.2231097463587        17.6614449691147     
   16.2282703951099        17.3989085583103     
   16.2336725364391        17.0803104920702     
   16.2392905746496        16.7122452553397     
   16.2450397175785        16.3014211056313     
   16.2509302765342        15.8543968724881     
   16.2569216355759        15.3769161752193     
   16.2629475602109        14.8742017225815     
   16.2689966988109        14.3509109459271     
   16.2750800772135        13.8106826853305     
   16.2811611093946        13.2568889522871     
   16.2872346965366        12.6927078547230     
   16.2933652739845        12.1214133021155     
   16.2995515602575        11.5465335322751     
   16.3057195346158        10.9717921877981     
   16.3118555246773        10.4010321961796     
   16.3178990596351        9.83781668090017     
   16.3236682694690        9.28523018243822     
   16.3290511528763        8.74563677129950     
   16.3339833878240        8.22125471410634     
   16.3383041381617        7.71964421547011     
   16.3418877841123        7.25053462827425     
   16.3447952625584        6.81730206138113     
   16.3469893406520        6.42359391687090     
   16.3483451478506        6.07375788110026     
   16.3490293277697        5.77175288867548     
   16.3490989409743        5.52169119935022     
   16.3487292476027        5.32663932460209     
   16.3480924626992        5.18878913032471     
   16.3473661676626        5.10954888415747     
   16.3467542722763        5.08907084497142     
   16.3463485157852        5.12673740953880     
   16.3465289429801        5.22153582713342     
   16.3473891883604        5.37205363062527     
   16.3492508328912        5.57679668059801     
   16.3524437512723        5.83375999895763     
   16.3571295388120        6.14109140406688     
   16.3634988744200        6.49688079899991     
   16.3715666558383        6.89860992139950     
   16.3811329593262        7.34405110551729     
   16.3920155912683        7.83060443683498     
   16.4038099952025        8.35479671475485     
   16.4161324209658        8.91222429281132     
   16.4285187811047        9.49559928192869     
   16.4405426978105        10.0941950152088     
   16.4515864173209        10.6939881036524     
   16.4610533989807        11.2779219313421     
   16.4683502909891        11.8280476563393     
   16.4730348856829        12.3291128290028     
   16.4748255816295        12.7645942581388     
   16.4738436834422        13.1169056325072     
   16.4702999922408        13.3949173910500     
   16.4645117964249        13.6147782740027     
   16.4569047042755        13.7944704995311     
   16.4479290755526        13.9508518496969     
   16.4380097454892        14.0984602363691     
   16.4275765701203        14.2483571672981     
   16.4170439083821        14.4083887306100     
   16.4067630694698        14.5834929998063     
   16.3969832059763        14.7757321365318     
   16.3878114962137        14.9847171993365     
   16.3792563555341        15.2076800455989     
   16.3713522462401        15.4398213012909     
   16.3639287950749        15.6747822039017     
   16.3567900928270        15.9047123775701     
   16.3498029001785        16.1202733185275     
   16.3427529129511        16.3108382799097     
   16.3354430385257        16.4647146337964     
   16.3277140141556        16.5695044359925     
   16.3193673146151        16.6129174297770     
   16.3102635919731        16.5832422017859     
   16.3003400243594        16.4703962985693     
   16.2896132804307        16.2664913924231     
   16.2780931001076        15.9668799451766     
   16.2660377593088        15.5702004082039     
   16.2536406992369        15.0790887882607     
   16.2411175215464        14.4999851402607     
   16.2288146063012        13.8448584629735     
   16.2170667930013        13.1290424935586     
   16.2061973149334        12.3665723371640     
   16.1966031315475        11.5731280388525     
   16.1886544000432        10.7653254830173     
   16.1827041894428        9.95987801720087     
   16.1790235657153        9.17287162935861     
   16.1777872971673        8.41870482462884     
   16.1791105290352        7.70952783005868     
   16.1830310569540        7.05510491444993     
   16.1896055868710        6.46336446278017     
   16.1988650202636        5.94102361532705     
   16.2107318303051        5.49397029739392     
   16.2251622559527        5.12829802204499     
   16.2419198375557        4.84880164621333     
   16.2607027140504        4.65649765368242     
   16.2810379492997        4.55012271078138     
   16.3023182777544        4.52548588145058     
   16.3239303521499        4.57639668055825     
   16.3451629688383        4.69475973809514     
   16.3654246056366        4.86948919279376     
   16.3842404128804        5.08829741090872     
   16.4012168463073        5.33592395514027     
   16.4162152951814        5.60020950266591     
   16.4290923105794        5.87143388065361     
   16.4401425174030        6.14376149771351     
   16.4495533987318        6.41338802891081     
   16.4575865745283        6.67880182991419     
   16.4645278292040        6.93974401686265     
   16.4706477017853        7.19734040883643     
   16.4761123586461        7.45511255264631     
   16.4811556377568        7.71652078304324     
   16.4858836133119        7.98155691055114     
   16.4903828848155        8.25004377550889     
   16.4946640025426        8.52138745701075     
   16.4987207015533        8.79484449328931     
   16.5024667459399        9.06921501048339     
   16.5057547068774        9.34308481066757     
   16.5083527853593        9.61523481475755     
   16.5100560556672        9.88476310364264     
   16.5105769339766        10.1511416110977     
   16.5097252652008        10.4146499080696     
   16.5072099223296        10.6761094210020     
   16.5030037201178        10.9368951326237     
   16.4969533433179        11.1972292189695     
   16.4890928887931        11.4576278798002     
   16.4794984447985        11.7162016363762     
   16.4684032648209        11.9745973509128     
   16.4561077218987        12.2347531245393     
   16.4430279795126        12.4984803758553     
   16.4295483777765        12.7674731581963     
   16.4159953866000        13.0433679172684     
   16.4025751925846        13.3273671390270     
   16.3893239388635        13.6198687757356     
   16.3761868945785        13.9211726587064     
   16.3631081421392        14.2301295626930     
   16.3499087966229        14.5440765636301     
   16.3366011735025        14.8592987345883     
   16.3230857953319        15.1705244257312     
   16.3092983391823        15.4711343838890     
   16.2952497981571        15.7536856208844     
   16.2809218446499        16.0100691667267     
   16.2663119208407        16.2319885835409     
   16.2514920980857        16.4116656036185     
   16.2366768009233        16.5424653778929     
   16.2219533480983        16.6183953818900     
   16.2075841580110        16.6352550645222     
   16.1938415350794        16.5928325184117     
   16.1809985702352        16.4925449885730     
   16.1694091777094        16.3373539676363     
   16.1593348583093        16.1315769721658     
   16.1511233323184        15.8804215860715     
   16.1449897415138        15.5898786136420     
   16.1410898754595        15.2668234333342     
   16.1394695849267        14.9181489153999     
   16.1401063670750        14.5506881280487     
   16.1429130894427        14.1709107591703     
   16.1478073591765        13.7861196240666     
   16.1546498933326        13.4032615681339     
   16.1633025779748        13.0276974889006     
   16.1735800454165        12.6641360334184     
   16.1852783781783        12.3169710459936     
   16.1981823986826        11.9900780381303     
   16.2122146277428        11.6870292594280     
   16.2270647426075        11.4107063530632     
   16.2426133785720        11.1637399467064     
   16.2586436332344        10.9477155141384     
   16.2750425289625        10.7632776530010     
   16.2916065699724        10.6098417583401     
   16.3082811555255        10.4854395432459     
   16.3249339490078        10.3866809140474     
   16.3414828002222        10.3088351359151     
   16.3578690273459        10.2462067602423     
   16.3740391033689        10.1922132534552     
   16.3900279770852        10.1403987534035     
   16.4057096264388        10.0872431055483     
   16.4211939478382        10.0325964699940     
   16.4362789368683        9.97444587939933     
   16.4509099495808        9.91227735983787     
   16.4649664081229        9.84693809388259     
   16.4781862847507        9.78147212656200     
   16.4908229472820        9.72692813683630     
   16.5026145456569        9.68209813234565     
   16.5136457978440        9.64261359662933     
   16.5238369611332        9.60364131699620     
   16.5331873932107        9.55991911826171     
   16.5416298420048        9.50648174365319     
   16.5490430459538        9.43859996403708     
   16.5553116196190        9.35210525243144     
   16.5603271116833        9.24363034496843     
   16.5639312822387        9.11084551261533     
   16.5660635835205        8.95239858180983     
   16.5666057857458        8.76789948056084     
   16.5654758430947        8.55781969590027     
   16.5626622874697        8.32344116792289     
   16.5581968758463        8.06735483908709     
   16.5522151629433        7.79330660527230     
   16.5448318819317        7.50599269770925     
   16.5361907412793        7.20787502641529     
   16.5263617795295        6.90567945907721     
   16.5155463334273        6.60763588751710     
   16.5038360301061        6.32208118767529     
   16.4913195349140        6.05762503227980     
   16.4780626159811        5.82104269377704     
   16.4641689038241        5.61746707338388     
   16.4496180435385        5.45103184115500     
   16.4345515760667        5.32527480232196     
   16.4190513737833        5.24304609840826     
   16.4031410832458        5.20680793245218     
   16.3868360020006        5.22033378039447     
   16.3704056214946        5.28506269786757     
   16.3540149584251        5.40041006675296     
   16.3378057544662        5.55902453512624     
   16.3219483401318        5.75479000460700     
   16.3065917699283        5.98685117373080     
   16.2918341955766        6.25465562947895     
   16.2777305823319        6.55754022348633     
   16.2643868496041        6.89458506170429     
   16.2518480900919        7.26445233890848     
   16.2401812708910        7.66555463097564     
   16.2294234571055        8.09567992548057     
   16.2196359550588        8.55263457180307     
   16.2108803241443        9.03412938654632     
   16.2031525776949        9.53772009717039     
   16.1964556683192        10.0613342291461     
   16.1907885148974        10.6025092607709     
   16.1861829042484        11.1561240488485     
   16.1825927800423        11.7178966382990     
   16.1800531711849        12.2836335459516     
   16.1785322160793        12.8474985475034     
   16.1779792662257        13.4029245955410     
   16.1783713079164        13.9420967451149     
   16.1796911165636        14.4564225549680     
   16.1817594603697        14.9372376490626     
   16.1847383187888        15.3767898192186     
   16.1883505251853        15.7687268990112     
   16.1925718029986        16.1098045509491     
   16.1971469721666        16.3994840973920     
   16.2019183745204        16.6404999280966     
   16.2066339049255        16.8381553211306     
   16.2113347603108        16.9994143003682     
   16.2159394139376        17.1323063298096     
   16.2204634814626        17.2449050215458     
   16.2250097506239        17.3442759113727     
   16.2297109661027        17.4362097387661     
   16.2346441690620        17.5248463977973     
   16.2399407453011        17.6121649406490     
   16.2458432353760        17.6981942938870     
   16.2524872734382        17.7810565901463     
   16.2600237288022        17.8568152499936     
   16.2685920827929        17.9193390231093     
   16.2783223540777        17.9604312897891     
   16.2892737456446        17.9693660953560     
   16.3014658685994        17.9323751282973     
   16.3148998020302        17.8335469645561     
   16.3294536961297        17.6555361575856     
   16.3450549836995        17.3799029200023     
   16.3614351191072        16.9888115452097     
   16.3783117242233        16.4668194435127     
   16.3952263697518        15.8028227593005     
   16.4118267994287        14.9928512706454     
   16.4275637561358        14.0421181968037     
   16.4419486954280        12.9670885402775     
   16.4544496964988        11.7957725552898     
   16.4645563614162        10.5668851517279     
   16.4719628825693        9.32653497647760     
   16.4764651497979        8.12058939037366     
   16.4781842432566        6.98246159800618     
   16.4772572801487        5.93751939251389     
   16.4740432387373        5.00196180242062     
   16.4689275863145        4.18541015016653     
   16.4622957597476        3.49258044380905     
   16.4545433444067        2.92362361399968     
   16.4459711358121        2.47691833589033     
   16.4369847277084        2.14988193683337     
   16.4277055183302        1.93928372419876     
   16.4185691961889        1.84078407968065     
   16.4097184408195        1.84960251042769     
   16.4013330580305        1.95973670511935     
   16.3934477082854        2.16336966738022     
   16.3861343557038        2.45194892407949     
   16.3793278835070        2.81667698925976     
   16.3728775000552        3.24841976578021     
   16.3666222192626        3.73785844031007     
   16.3603260006128        4.27565879512608     
   16.3538238577586        4.85288456030237     
   16.3468496973075        5.46117045963708     
   16.3394640102628        6.09302100556924     
   16.3315366959055        6.74178002652253     
   16.3230801826692        7.40213782253538     
   16.3141750635939        8.07016259461375     
   16.3049649779047        8.74286655949635     
   16.2956217148680        9.41834438378501     
   16.2863120505132        10.0951404651343     
   16.2772184621220        10.7712754061847     
   16.2686393070573        11.4419171992751     
   16.2607099260106        12.1029935162379     
   16.2536356308382        12.7494491757072     
   16.2475963158078        13.3742509438057     
   16.2427429249614        13.9680054972204     
   16.2392216520443        14.5199953467257     
   16.2370294617287        15.0185777679489     
   16.2361958149894        15.4527347037292     
   16.2364498067851        15.8129627710842     
   16.2373805904305        16.0926873062149     
   16.2389036157775        16.2892324582480     
   16.2406331782977        16.4037724875182     
   16.2421307743878        16.4425161630125     
   16.2432714794316        16.4157836587676     
   16.2437414430894        16.3373328304733     
   16.2433724335177        16.2231352804814     
   16.2420651111941        16.0896840826391     
   16.2397941792420        15.9521959965453     
   16.2366353834898        15.8233636140995     
   16.2329027426093        15.7126601225123     
   16.2288134647923        15.6263061088879     
   16.2246770334299        15.5676220185513     
   16.2208793831715        15.5371459954469     
   16.2177267902469        15.5329690943074     
   16.2155763457075        15.5510457563355     
   16.2146641554343        15.5854045953855     
   16.2153070915881        15.6284196073438     
   16.2176080898227        15.6713425683386     
   16.2215528123059        15.7043742598605     
   16.2270054509327        15.7173350645524     
   16.2337598415631        15.6999318882450     
   16.2414663966015        15.6424360864701     
   16.2497439860745        15.5357797756336     
   16.2581766201378        15.3718050076526     
   16.2664291959365        15.1437001722433     
   16.2740360674000        14.8467445849052     
   16.2807500010320        14.4786308241971     
   16.2862607524103        14.0395259391376     
   16.2902821300090        13.5321864946715     
   16.2927048155728        12.9608171885223     
   16.2936628334442        12.3308709823650     
   16.2933240383523        11.6484711719776     
   16.2919195126255        10.9227909259026     
   16.2898658759605        10.1633825766170     
   16.2875740479278        9.37593494892952     
   16.2855037228986        8.56622773195709     
   16.2841384949747        7.74010997813987     
   16.2839472450182        6.90404630533582     
   16.2852907392802        6.06561086763295     
   16.2887424232816        5.23379560030745     
   16.2946109748362        4.41970744491124     
   16.3030127872104        3.63613505133952     
   16.3140619304379        2.89733896174829     
   16.3274381695488        2.21781121228498     
   16.3425406354100        1.61097229420123     
   16.3587316407345        1.08764672565385     
   16.3751069811547       0.655944974353199     
   16.3908068661821       0.321561619042815     
   16.4050037933111       8.698466651367642E-002
   16.4169700116473      -4.770903259088755E-002
   16.4261775689967      -8.372457996773086E-002
   16.4324214540764      -2.388541160136093E-002
   16.4355909377984       0.128209038719115     
   16.4358350693557       0.368819106961942     
   16.4334018011022       0.694602214239352     
   16.4287014775166        1.10256934537337     
   16.4221718711802        1.58950967654642     
   16.4144026389646        2.15277406035812     
   16.4058976461241        2.78936690180044     
   16.3971641927931        3.49590257434619     
   16.3886520010438        4.26815439643543     
   16.3808620975569        5.10100702029072     
   16.3740688661800        5.98706005930990     
   16.3685334937160        6.91669404450767     
   16.3643544483702        7.87776572817836     
   16.3613651543450        8.85594121189614     
   16.3593055687252        9.83506856204583     
   16.3576471862646        10.7972086398088     
   16.3557550147218        11.7240273375081     
   16.3530510424927        12.5964906775067     
   16.3489258356466        13.3844667918249     
   16.3428395766874        14.0629782421172     
   16.3344049552348        14.6241149948376     
   16.3234369555159        15.0662035732166     
   16.3099208200766        15.3932877601014     
   16.2941175097839        15.6138155821964     
   16.2764200640132        15.7393776533172     
   16.2573103048371        15.7838503002065     
   16.2374496361260        15.7621623662831     
   16.2175035707499        15.6895555264503     
   16.1981539382942        15.5811840851634     
   16.1801367683179        15.4515037453252     
   16.1639751238972        15.3138513698323     
   16.1504328876187        15.1802999737531     
   16.1399774530659        15.0606728501192     
   16.1330080547684        14.9624411259900     
   16.1297705168328        14.8903082117853     
   16.1303085927847        14.8460032611029     
   16.1345541369137        14.8272110277964     
   16.1420807657440        14.8282696040081     
   16.1525488047709        14.8404984838485     
   16.1652983299089        14.8520888681178     
   16.1796484722826        14.8488095080533     
   16.1947811105037        14.8151525941773     
   16.2097976752896        14.7359317454277     
   16.2237887206875        14.5964692308236     
   16.2362144507011        14.3839104329554     
   16.2465765355115        14.0883194635877     
   16.2546384832828        13.7029866601885     
   16.2603716919348        13.2252181894503     
   16.2640457709298        12.6625907026446     
   16.2660118649848        12.0200508373892     
   16.2668821152820        11.3046717945136     
   16.2672089457288        10.5263225417403     
   16.2676645299167        9.69777897322642     
   16.2690093711861        8.83392078491881     
   16.2718466761412        7.95147949926153     
   16.2768001860574        7.06773215643261     
   16.2841135264390        6.20005343033160     
   16.2940050791504        5.36453679503161     
   16.3063637858739        4.57543176962713     
   16.3207412419036        3.84476352604181     
   16.3365967865792        3.18251301636651     
   16.3531825443390        2.59697676184767     
   16.3696275602125        2.09506015811104     
   16.3851579163808        1.68267846545108     
   16.3989316830742        1.36439005307614     
   16.4103086583773        1.14315471780431     
   16.4187722754044        1.02035746886399     
   16.4241253767982       0.996114434705685     
   16.4263504347297        1.06949314092383     
   16.4256176325572        1.23911779941668     
   16.4223204482027        1.50291677992933     
   16.4168803212144        1.85826426504018     
   16.4100235423796        2.30196999676772     
   16.4024044749957        2.82946092801686     
   16.3946805228381        3.43482934262532     
   16.3875054684809        4.11066455546669     
   16.3815293538455        4.84815839865780     
   16.3771927947376        5.63708166157742     
   16.3748176742839        6.46623003359669     
   16.3745063772183        7.32421072741198     
   16.3761124084731        8.19909893133206     
   16.3794186113875        9.07966026598254     
   16.3839397817738        9.95398735003315     
   16.3891368009338        10.8095304101619     
   16.3943431542038        11.6335018226273     
   16.3988738569533        12.4127032414641     
   16.4019214722589        13.1346887087745     
   16.4027071389538        13.7755506070185     
   16.4005474314065        14.3194836745163     
   16.3950151089568        14.7618766841008     
   16.3856106292740        15.1016754615206     
   16.3725946393327        15.3408522629138     
   16.3561082914305        15.4841984475881     
   16.3365216807294        15.5389699738096     
   16.3145261142948        15.5147044639979     
   16.2908996458612        15.4234162968179     
   16.2665679626058        15.2793905650161     
   16.2426048984527        15.0985890800809     
   16.2199772816876        14.8986703328997     
   16.1996262535483        14.6979958602648     
   16.1823149861929        14.5148048224877     
   16.1685449524287        14.3662788980815     
   16.1587581632622        14.2675149097365     
   16.1530185449999        14.2304250236317     
   16.1511028978569        14.2624428549256     
   16.1527640285615        14.3663320029203     
   16.1575277815688        14.5394744696699     
   16.1647517621498        14.7740147172334     
   16.1736038387545        15.0572600042429     
   16.1832277481872        15.3724884413445     
   16.1926588618350        15.6997843769750     
   16.2009878469025        16.0172903713329     
   16.2076433274844        16.3023455063771     
   16.2121295408790        16.5320832149281     
   16.2142713988170        16.6842074204791     
   16.2141076214682        16.7371718540747     
   16.2120476896056        16.6714804453404     
   16.2086361851116        16.4710008079851     
   16.2046780594021        16.1245439617832     
   16.2012345213464        15.6271834454230     
   16.1994102293110        14.9827689372702     
   16.2003067168448        14.2044833656311     
   16.2048575326820        13.3146674999762     
   16.2136920290479        12.3431515765102     
   16.2269805864783        11.3250487146346     
   16.2443911750477        10.3014753828072     
   16.2652929684330        9.30278790556549     
   16.2887521257936        8.35127974748584     
   16.3136920766156        7.46411571132819     
   16.3390697979336        6.65493699744065     
   16.3638111625467        5.93281232259769     
   16.3868887251286        5.30336837963373     
   16.4073684783156        4.76964817948851     
   16.4245736341618        4.33186076049394     
   16.4379917951129        3.98804101058170     
   16.4475227666204        3.73495912277166     
   16.4532428779485        3.56920796753082     
   16.4554438062421        3.48706975705785     
   16.4545464026949        3.48512839708909     
   16.4511370584976        3.56068211619766     
   16.4458974820564        3.71133916408114     
   16.4394896079956        3.93489241382344     
   16.4325991476351        4.22943781301571     
   16.4257837941205        4.59158066515160     
   16.4197879443596        5.01797287681243     
   16.4150616287593        5.50617915219084     
   16.4119204310339        6.05310854866797     
   16.4105803409861        6.65540621406495     
   16.4111029161625        7.30908833288969     
   16.4131449037124        8.00916873988486     
   16.4166845334618        8.74905501019466     
   16.4212325300913        9.52031832972995     
   16.4262131214247        10.3125635899667     
   16.4309333817302        11.1135216604595     
   16.4346752174118        11.9096930386258     
   16.4365282730382        12.6875959812805     
   16.4359674512457        13.4346236000125     
   16.4323242439349        14.1386891477115     
   16.4252143338114        14.7890108512656     
   16.4144737632143        15.3713586463195     
   16.4001386655285        15.8702573411650     
   16.3826775128145        16.2776932263391     
   16.3626043494306        16.5886643179171     
   16.3407474597605        16.8022981286437     
   16.3180224002621        16.9215257488248     
   16.2954324631060        16.9537069864397     
   16.2739708708092        16.9104324460137     
   16.2544374393682        16.8062534217482     
   16.2374641311575        16.6575108862972     
   16.2233386640600        16.4812956332896     
   16.2122068247625        16.2943000035388     
   16.2038022096645        16.1121774681991     
   16.1979952663335        15.9495059487745     
   16.1942758995940        15.8190806909057     
   16.1922154015904        15.7319879515663     
   16.1912782062240        15.6970585350718     
   16.1908144383228        15.7205899926850     
   16.1902000032060        15.8055940422068     
   16.1887939084288        15.9512783188862     
   16.1860042506808        16.1527639158545     
   16.1814357736413        16.4010714686304     
   16.1747501969597        16.6830886316307     
   16.1660102327362        16.9817069635849     
   16.1553803102916        17.2763868348218     
   16.1433560647129        17.5439309175835     
   16.1306361230313        17.7574903873709     
   16.1181597631952        17.8924325719522     
   16.1069196609471        17.9299393446541     
   16.0980678999667        17.8570946410097     
   16.0925585840206        17.6691952491080     
   16.0910969166626        17.3700620308134     
   16.0940630315242        16.9709478524792     
   16.1013733704041        16.4885025155845     
   16.1127321205918        15.9417823719246     
   16.1276338032915        15.3502144143804     
   16.1453306502960        14.7308732102945     
   16.1651491184918        14.0983012599887     
   16.1863586377515        13.4655582626228     
   16.2082067276702        12.8472515929098     
   16.2298474806218        12.2528641851111     
   16.2505915810272        11.6890768474910     
   16.2698091326432        11.1603792370388     
   16.2870257786830        10.6693724996787     
   16.3019565082936        10.2168211468885     
   16.3144230805576        9.80248112446773     
   16.3245655074435        9.42546252926441     
   16.3325517940252        9.08442348985934     
   16.3387015700304        8.77783553013210     
   16.3434333719501        8.50457979727442     
   16.3472212934047        8.26372596560062     
   16.3506377083306        8.05471625621582     
   16.3542316855256        7.87745600548942     
   16.3584773219402        7.73222192323292     
   16.3637179373277        7.62127667290769     
   16.3702611513397        7.54643106913982     
   16.3781748106547        7.50832283642228     
   16.3873989584630        7.50746610480681     
   16.3977181812594        7.54384500859776     
   16.4088437985865        7.61700340624582     
   16.4202908184760        7.72577990012851     
   16.4317150994979        7.86847106726363     
   16.4425899766234        8.04249861797988     
   16.4524516202936        8.24447164577479     
   16.4607998565996        8.47029728123246     
   16.4672571514785        8.71500943528799     
   16.4714137546959        8.97386786817952     
   16.4730618824805        9.24149560699983     
   16.4721226649892        9.50983848184388     
   16.4686416760663        9.76987410451281     
   16.4627940484028        10.0121320719591     
   16.4549194478501        10.2271833534769     
   16.4455127077251        10.4025077143929     
   16.4351403293216        10.5227061270491     
   16.4243661068790        10.5816997617014     
   16.4137562017016        10.5764988840583     
   16.4038352085634        10.5080745099284     
   16.3949662289569        10.3814466682587     
   16.3872484481458        10.2054003805052     
   16.3806323557412        9.99146278235576     
   16.3748928268163        9.75231395106415     
   16.3697774828934        9.50089786165261     
   16.3649444919597        9.24804402381067     
   16.3601934426071        9.00235428313743     
   16.3551816434340        8.77383970761527     
   16.3495523681191        8.57164449151441     
   16.3429802350354        8.40471708015801     
   16.3351411578420        8.28166012585068     
   16.3259498294989        8.20862935118922     
   16.3152458952868        8.19011277611841     
   16.3029607103927        8.23059459754819     
   16.2891757930785        8.33318969948939     
   16.2741311497216        8.49900154871609     
   16.2580403165468        8.72687112931261     
   16.2414520125773        9.01303429774221     
   16.2248231992449        9.35035347277478     
   16.2087627758143        9.72875180576720     
   16.1939182635342        10.1351207484088     
   16.1809616239396        10.5551234632319     
   16.1704819119473        10.9738583001332     
   16.1629003992938        11.3774366023697     
   16.1584118018839        11.7544114542645     
   16.1569971228986        12.0963118011421     
   16.1584202404657        12.3980385969221     
   16.1623431128166        12.6575539452929     
   16.1683970748304        12.8745311208514     
   16.1760254307516        13.0508275105229     
   16.1848065759528        13.1902032904961     
   16.1942203131912        13.2963919980521     
   16.2039152606263        13.3730725320715     
   16.2134101257329        13.4232627830044     
   16.2225419606696        13.4498435199391     
   16.2310076010110        13.4550355174471     
   16.2387143393474        13.4382819068610     
   16.2455481257671        13.4020896914468     
   16.2515420874271        13.3493615276769     
   16.2569000860270        13.2833195385961     
   16.2617246882614        13.2075237003464     
   16.2662325361358        13.1265107340567     
   16.2707763173741        13.0450557178224     
   16.2756387039320        12.9677087734334     
   16.2811154518264        12.8994283096892     
   16.2872931410841        12.8452009914630     
   16.2943746506182        12.8093471396993     
   16.3022706699633        12.7954262649300     
   16.3108279734834        12.8060089960299     
   16.3197559657691        12.8426482998411     
   16.3286832461108        12.9055871996409     
   16.3372273902503        12.9936564141737     
   16.3449662345928        13.1043689058191     
   16.3516026725150        13.2336803025049     
   16.3566794792791        13.3764157401958     
   16.3600669457676        13.5260745702169     
   16.3615228434907        13.6750745302741     
   16.3610601034684        13.8145883065843     
   16.3588075614796        13.9351893245504     
   16.3549657334952        14.0292208213841     
   16.3499002776924        14.0885690398103     
   16.3441016850660        14.1036722329263     
   16.3380820801632        14.0664817626298     
   16.3323308993902        13.9710459756633     
   16.3274173636099        13.8135485273790     
   16.3238341044111        13.5928643290303     
   16.3219048232974        13.3102996978900     
   16.3218687463569        12.9691847835622     
   16.3238397085040        12.5746868691286     
   16.3277294650890        12.1334998729928     
   16.3332814272089        11.6535197747012     
   16.3401560839298        11.1434396949173     
   16.3478101330526        10.6121692393147     
   16.3558599171104        10.0685941429548     
   16.3637263605557        9.52106795083873     
   16.3709305180019        8.97702452146400     
   16.3770953672446        8.44300158871886     
   16.3818794140867        7.92453927129003     
   16.3851186369796        7.42587300783219     
   16.3867209939907        6.95026725662350     
   16.3866692213037        6.50312720012142     
   16.3850840621447        6.09313522303837     
   16.3822018729308        5.72678830002223     
   16.3783098673542        5.40983687639686     
   16.3737792343145        5.14867309643220     
   16.3689123130359        4.95082189408989     
   16.3642175761299        4.82313505989916     
   16.3599223962791        4.77211099830698     
   16.3562930179996        4.80302165689805     
   16.3534591139039        4.92015665870621     
   16.3515011721729        5.12660238724409     
   16.3500895100398        5.42378426945072     
   16.3492536118635        5.81125891721510     
   16.3485328044707        6.28505726182480     
   16.3475502988089        6.83472987601087     
   16.3460134415225        7.45187064374329     
   16.3435237089195        8.12741952666883     
   16.3398630072147        8.85179141587173     
   16.3347893041850        9.61521315231533     
   16.3282183766907        10.4079775314447     
   16.3200724455082        11.2206191278318     
   16.3104517110429        12.0435530906815     
   16.2994077239399        12.8657404175339     
   16.2873674985051        13.6735164399874     
   16.2747035314842        14.4496491688222     
   16.2619443842772        15.1741346935748     
   16.2497358951390        15.8231870751472     
   16.2386631401796        16.3711581958875     
   16.2292888062799        16.8018900513474     
   16.2220435397101        17.1054737044746     
   16.2169968107637        17.2801731043409     
   16.2143204776954        17.3318941847514     
   16.2138138552652        17.2730981989467     
   16.2151993605157        17.1225687584941     
   16.2181400166500        16.9006347091753     
   16.2222676392734        16.6274983144244     
   16.2270509261607        16.3224157113810     
   16.2321529018926        16.0022917164659     
   16.2372550639315        15.6812423684657     
   16.2420226801684        15.3702179000731     
   16.2462706235570        15.0768721375312     
   16.2498744357527        14.8060294185359     
   16.2527734278325        14.5599963221900     
   16.2550129562057        14.3389681080917     
   16.2567850168844        14.1417969886981     
   16.2582095928268        13.9662442875828     
   16.2594909869559        13.8091252982156     
   16.2609184104894        13.6668213269771     
   16.2627328620716        13.5354557253661     
   16.2652364541956        13.4109154195299     
   16.2686528111023        13.2889611404909     
   16.2730792272642        13.1655905952425     
   16.2785917010512        13.0365232869580     
   16.2851215054053        12.8977311282428     
   16.2926130425168        12.7452524984247     
   16.3008895195274        12.5746382168494     
   16.3098412086152        12.3816527418683     
   16.3191863332508        12.1624985212617     
   16.3286481926242        11.9139180069301     
   16.3379165682712        11.6341157168510     
   16.3466915922099        11.3226227941959     
   16.3546466240678        10.9819411710466     
   16.3614837067834        10.6157817813131     
   16.3670477292953        10.2287157796714     
   16.3711872038978        9.82674160101115     
   16.3737717698936        9.41715312294196     
   16.3747547526509        9.00770858599786     
   16.3742489615660        8.60640734934173     
   16.3724073811263        8.22095884752657     
   16.3695681997582        7.85948534985340     
   16.3663068928628        7.53003427386387     
   16.3632402796054        7.24102885674852     
   16.3609002972016        7.00061019382877     
   16.3596760678209        6.81636866960786     
   16.3596692877187        6.69407559073571     
   16.3608916571896        6.63882398210832     
   16.3630696978903        6.65287377152581     
   16.3662030243455        6.73254495028881     
   16.3699465416860        6.87347462596199     
   16.3741660188195        7.07090848657011     
   16.3786509754072        7.31980746184993     
   16.3831805690897        7.61523011961582     
   16.3875486280298        7.95205880366531     
   16.3914976770568        8.32486065402307     
   16.3947691919686        8.72826782115043     
   16.3972914679848        9.15547557820997     
   16.3988692150888        9.59748906453683     
   16.3994596943742        10.0479975569479     
   16.3990457965160        10.5012655034096     
   16.3977978076149        10.9517348992152     
   16.3959157842335        11.3932845253437     
   16.3936537703566        11.8191796243743     
   16.3913575865330        12.2218081426039     
   16.3894619063753        12.5928835018153     
   16.3883393699408        12.9240310716807     
   16.3881840117187        13.2075583489319     
   16.3891261492845        13.4373245551568     
   16.3912069598029        13.6095681589489     
   16.3942530271599        13.7224861853058     
   16.3980249377416        13.7762776629842     
   16.4021316704560        13.7723619739705     
   16.4063439822527        13.7129725205859     
   16.4101689984749        13.6012473964978     
   16.4132167944483        13.4409486921510     
   16.4151059947221        13.2371154161113     
   16.4154316539980        12.9958275619591     
   16.4138806992589        12.7249023679561     
   16.4101224989342        12.4333335734797     
   16.4040198620942        12.1311322904269     
   16.3953532372406        11.8285820006292     
   16.3842673495546        11.5361657141250     
   16.3706887760674        11.2637521293151     
   16.3548945986469        11.0204368885714     
   16.3371689485677        10.8143415125354     
   16.3179540393984        10.6529592218001     
   16.2979056714438        10.5430642880569     
   16.2777618971556        10.4907922879642     
   16.2583436949376        10.5008130702773     
   16.2404168766622        10.5759936091600     
   16.2244887169795        10.7169454046261     
   16.2109083878837        10.9214092530448     
   16.1997476077882        11.1847959170271     
   16.1909245568689        11.5007030496328     
   16.1841760214399        11.8607710171897     
   16.1792597489196        12.2556681573934     
   16.1759205207107        12.6749161403168     
   16.1739315197414        13.1074049009952     
   16.1730144031911        13.5413788179574     
   16.1730667230820        13.9652166684284     
   16.1739815637224        14.3679814644087     
   16.1757408377556        14.7397428568756     
   16.1782739747335        15.0689331313915     
   16.1816831892376        15.3489606649685     
   16.1860337667689        15.5772690974326     
   16.1915080183878        15.7524820077536     
   16.1982006512865        15.8738253628811     
   16.2064108267183        15.9400158914480     
   16.2164992561536        15.9494302047628     
   16.2287267512460        15.9000181965359     
   16.2434434400397        15.7893026948696     
   16.2607905934189        15.6154933972761     
   16.2807417586770        15.3781380585530     
   16.3031922853681        15.0785066269430     
   16.3277343779203        14.7221596116940     
   16.3538533989488        14.3209728814965     
   16.3809021747486        13.8841942304108     
   16.4081987084456        13.4215157428229     
   16.4350384145623        12.9431536665898     
   16.4606520416801        12.4596590507133     
   16.4841636135000        11.9816468260033     
   16.5050891110366        11.5197540774727     
   16.5228110694415        11.0840923454802     
   16.5369525770509        10.6839999089119     
   16.5473081384186        10.3297187528249     
   16.5538677452854        10.0279070081440     
   16.5568054051198        9.78146079674990     
   16.5563736931208        9.59213656294493     
   16.5528982402219        9.46094198069746     
   16.5467310871913        9.38776396432919     
   16.5385309010545        9.37105765382900     
   16.5289766349848        9.40858687787970     
   16.5188265382657        9.49800835212787     
   16.5087855343540        9.62902237166918     
   16.4994782241821        9.79129434384257     
   16.4912010476392        9.97361062735817     
   16.4841307622107        10.1644730565998     
   16.4781874987545        10.3526898300793     
   16.4731103687067        10.5275273387570     
   16.4686339018275        10.6787841164795     
   16.4644062864628        10.7969672688875     
   16.4600709619539        10.8739543242144     
   16.4552710907853        10.9038441726473     
   16.4498394372621        10.8827325639635     
   16.4435353579607        10.8093293861944     
   16.4362756578857        10.6849648061119     
   16.4281125020928        10.5133199718320     
   16.4191003158458        10.2996662338755     
   16.4094308353003        10.0503394941534     
   16.3992919621334        9.77217896128597     
   16.3888511084323        9.47220935650089     
   16.3783799463021        9.15690108838672     
   16.3680702505527        8.83275997856386     
   16.3581715060602        8.50618648535197     
   16.3488949721810        8.18356348900574     
   16.3405292858819        7.87145332517867     
   16.3332285401960        7.57667474383324     
   16.3271024022911        7.30606754119747     
   16.3221835834257        7.06616180463562     
   16.3184782150365        6.86284811265164     
   16.3158823818382        6.70175048060786     
   16.3141724798472        6.58610865529326     
   16.3131984333607        6.51211075215132     
   16.3126227780556        6.47989473804509     
   16.3119886184407        6.49291953016118     
   16.3109099811061        6.55144204403333     
   16.3088903637207        6.65598942516347     
   16.3055321390304        6.80906639522496     
   16.3003785153559        7.01414299031673     
   16.2934183659452        7.27427499539120     
   16.2844844840612        7.58833244068412     
   16.2737990752491        7.95723796595651     
   16.2615745869808        8.38125462021967     
   16.2481566583389        8.85956214404546     
   16.2339228817111        9.38989294170117     
   16.2195461340964        9.96749088996997     
   16.2056519771292        10.5851662271180     
   16.1928321868694        11.2332218657996     
   16.1816859624390        11.9001582051376     
   16.1727215426619        12.5699282457187     
   16.1663168213429        13.2274311781889     
   16.1625562999556        13.8633027606496     
   16.1617542005197        14.4694832341712     
   16.1638754968176        15.0384604857828     
   16.1687870449558        15.5632579305163     
   16.1763719396325        16.0369605816870     
   16.1863343491340        16.4527723690321     
   16.1982107603352        16.8038992382721     
   16.2114281229612        17.0842649240276     
   16.2254018621407        17.2866832004809     
   16.2394813270310        17.3961107415216     
   16.2530102436454        17.4102533311046     
   16.2653542908184        17.3333846650661     
   16.2759908148062        17.1760706629913     
   16.2848749904128        16.9540881576854     
   16.2918118907571        16.6806120552253     
   16.2969828648612        16.3691741498528     
   16.3006828729883        16.0330412091770     
   16.3033726564004        15.6849716657994     
   16.3055653419394        15.3371155735087     
   16.3077760282388        15.0006991299154     
   16.3103801503971        14.6854796313609     
   16.3137529893111        14.3989092542970     
   16.3180601578799        14.1455949496000     
   16.3233709303867        13.9264149902216     
   16.3296813743736        13.7380417129697     
   16.3369488939377        13.5737886994909     
   16.3451383358351        13.4226190358719     
   16.3540080306212        13.2702255702555     
   16.3631332738615        13.1003169281580     
   16.3721747424135        12.8972091227654     
   16.3805790085459        12.6456701549367     
   16.3878508385600        12.3306662707339     
   16.3935140411227        11.9429134685864     
   16.3972119117683        11.4794571249113     
   16.3987559129893        10.9432744935096     
   16.3981277022848        10.3434222723723     
   16.3953657194985        9.69297924119644     
   16.3908001053321        9.00778196027316     
   16.3847158907212        8.31014358404087     
   16.3774144949925        7.61588573197366     
   16.3694962078325        6.93959737602341     
   16.3613307822467        6.29540045864712     
   16.3533608446139        5.69687302885331     
   16.3458959326726        5.15618897281022     
   16.3391141962479        4.68385504690950     
   16.3333839379706        4.28839011283942     
   16.3287307061151        3.97643881200170     
   16.3252730282718        3.75255909792449     
   16.3229389455351        3.61987975407365     
   16.3216655279808        3.57935553344409     
   16.3212847974828        3.63210841537646     
   16.3215097611527        3.78104433835696     
   16.3219776616814        4.02324467369256     
   16.3224950475808        4.35446907776179     
   16.3226988966793        4.77025069550964     
   16.3222455968505        5.26094337326929     
   16.3207659767088        5.81709906312943     
   16.3181049967198        6.43288090759245     
   16.3140058310187        7.10326919323581     
   16.3083878337972        7.82457810527591     
   16.3011606805460        8.59386282900379     
   16.2924542431617        9.40818476504674     
   16.2824634959210        10.2639731273723     
   16.2714625810085        11.1528163213590     
   16.2598484496143        12.0580871562769     
   16.2481468147151        12.9673471214945     
   16.2367499328824        13.8677369196078     
   16.2262918956659        14.7458937363605     
   16.2172251499231        15.5892166889332     
   16.2099379440786        16.3858278919136     
   16.2048771756525        17.1243875471169     
   16.2024208817043        17.7885535410826     
   16.2026779339182        18.3643353405644     
   16.2058579255560        18.8442077272304     
   16.2118122313505        19.2206777828379     
   16.2206484571455        19.4864014656735     
   16.2320453112060        19.6342173855638     
   16.2456390990325        19.6585666427444     
   16.2607887585208        19.5569763563354     
   16.2767890876475        19.3310643844132     
   16.2927941345572        18.9865599698224     
   16.3079349292179        18.5331751952175     
   16.3214917888710        17.9843691575928     
   16.3331325634999        17.3592577927369     
   16.3424149407373        16.6862910102275     
   16.3493616715710        15.9883474836283     
   16.3540694208348        15.2872398437636     
   16.3568140989389        14.6034217354766     
   16.3579118401538        13.9549687797835     
   16.3577819539323        13.3565147661634     
   16.3568607705267        12.8187728831009     
   16.3555290748102        12.3485514961069     
   16.3540854271772        11.9492706793263     
   16.3527794709467        11.6215678567591     
   16.3516704662135        11.3641541433971     
   16.3507178914368        11.1742056825044     
   16.3497743045956        11.0478804985111     
   16.3485852203699        10.9805451626791     
   16.3468683722932        10.9665522403480     
   16.3443387018918        10.9995528725973     
   16.3406663903477        11.0725820718787     
   16.3356012301997        11.1780162368159     
   16.3289379096505        11.3076529342640     
   16.3204392242929        11.4530722163681     
   16.3102656771285        11.6057958793754     
   16.2984788343820        11.7575699700165     
   16.2853526705409        11.8998747983097     
   16.2712633818976        12.0221507307200     
   16.2566328820895        12.1185253927238     
   16.2420977950806        12.1843030399306     
   16.2282012937301        12.2157181394663     
   16.2155296811793        12.2103204551703     
   16.2046927460750        12.1665332110144     
   16.1960971231779        12.0836976251650     
   16.1901729558923        11.9614251693177     
   16.1872101570638        11.8000246962893     
   16.1872641933929        11.6003003229433     
   16.1903412765070        11.3636153356802     
   16.1962417034592        11.0979468330620     
   16.2046778309878        10.8113486128243     
   16.2151579029740        10.5065577210089     
   16.2273580325614        10.1893496134978     
   16.2407392559282        9.86668683316316     
   16.2546162523360        9.54692051704757     
   16.2685098096426        9.23875101898458     
   16.2818932808711        8.95206049754780     
   16.2942645153709        8.70372882006037     
   16.3053597719223        8.49989176359884     
   16.3149652507513        8.34269440069872     
   16.3230415110507        8.23358852678199     
   16.3296342771239        8.17393264911043     
   16.3348973506210        8.16544295796194     
   16.3390604268383        8.21004979563964     
   16.3423082877220        8.30975002142450     
   16.3448619561538        8.46697252871425     
   16.3471455218765        8.68367365794915     
   16.3493614810960        8.95866130772208     
   16.3518582178839        9.28894854830100     
   16.3548120743303        9.66912763298884     
   16.3584377866580        10.0869877751530     
   16.3628207496185        10.5306958432033     
   16.3679400814084        10.9887397019624     
   16.3738173866948        11.4488510030610     
   16.3802845809143        11.8982791879423     
   16.3871362174093        12.3242884726942     
   16.3941765429987        12.7146814206387     
   16.4010484961336        13.0581144534648     
   16.4072918832457        13.3446674529047     
   16.4127368871490        13.5658790463304     
   16.4169576389258        13.7148233268507     
   16.4197040029200        13.7861588756301     
   16.4207533693276        13.7761372461364     
   16.4199569836688        13.6817905011991     
   16.4171696573021        13.4999303022990     
   16.4125343531074        13.2320885047274     
   16.4060971401548        12.8831223712976     
   16.3980354212018        12.4615427260861     
   16.3887557529609        11.9792903533120     
   16.3785910999269        11.4516976065491     
   16.3681766065051        10.8967558208406     
   16.3579879593110        10.3338542654489     
   16.3485562868879        9.77979417011919     
   16.3401375196868        9.25166110222883     
   16.3329983458575        8.76486454975418     
   16.3271697298466        8.33367511492588     
   16.3224678489178        7.96398847609274     
   16.3186468697359        7.65731752919434     
   16.3153527379187        7.41299245728420     
   16.3121288485422        7.22942288093768     
   16.3085748818355        7.10488155206853     
   16.3040040194738        7.03793373489518     
   16.2981788777904        7.02733053147317     
   16.2908188881467        7.07138146140968     
   16.2818595849904        7.16996409021078     
   16.2714388965065        7.32093209627183     
   16.2597858842788        7.51899131392849     
   16.2473801896439        7.75802838655867     
   16.2347454714120        8.03091195451512     
   16.2223203245687        8.32966629008996     
   16.2108367828998        8.64613344354409     
   16.2008813601701        8.97253580993676     
   16.1929418769961        9.30004909598215     
   16.1874596701663        9.61757699966495     
   16.1846871121352        9.92208659988980     
   16.1848271578842        10.2123286861668     
   16.1878248687566        10.4876975370377     
   16.1934744652931        10.7479689103674     
   16.2016755334176        10.9930992117394     
   16.2120448025086        11.2229472902559     
   16.2241747177519        11.4377081858750     
   16.2375699541557        11.6379240523177     
   16.2516138445965        11.8245037234712     
   16.2658421823744        11.9990065855150     
   16.2794979929014        12.1633177157708     
   16.2921053935917        12.3214536361505     
   16.3031136013492        12.4812452608879     
   16.3121354626727        12.6441005822319     
   16.3188626187437        12.7922444767580     
   16.3231232837058        12.9173911945855     
   16.3247170362608        13.0133548945357     
   16.3237632419316        13.0736624885238     
   16.3203713487829        13.0923027429612     
   16.3147604603959        13.0656852631598     
   16.3073078035418        12.9934711742615     
   16.2986082342996        12.8802118903555     
   16.2892538437109        12.7362448537096     
   16.2799149070306        12.5774395198989     
   16.2711550641118        12.4244854412388     
   16.2635491692369        12.3001133316760     
   16.2576216282842        12.2273346359214     
   16.2535534689086        12.2260017734404     
   16.2516343814682        12.3097049182299     
   16.2519450670246        12.4839925591247     
   16.2544027448235        12.7440563461148     
   16.2587787044533        13.0812074000560     
   16.2646034728046        13.4739375308985     
   16.2714231366782        13.8899100885655     
   16.2788451891046        14.2924239089751     
   16.2864421128979        14.6441861687138     
   16.2939055755408        14.9077915503216     
   16.3010896626713        15.0517120853958     
   16.3079451986856        15.0530830268376     
   16.3144594075424        14.8951428574601     
   16.3206258354873        14.5682754036642     
   16.3267177817444        14.0714452919948     
   16.3328390264097        13.4106965294911     
   16.3391553287911        12.5993119479677     
   16.3458678002114        11.6606161335822     
   16.3530724147463        10.6222567416715     
   16.3607979727644        9.51211033528354     
   16.3689358950312        8.35837772873258     
   16.3773333358078        7.18780786146331     
   16.3857706751615        6.02536674937050     
   16.3939534525002        4.89437809556817     
   16.4017487104300        3.82409805624041     
   16.4088670085391        2.84666253032886     
   16.4151321070221        1.97546435261174     
   16.4202338186610        1.21749060165352     
   16.4239926618443       0.575240818413843     
   16.4262819531014       4.893236364982823E-002
   16.4269975698831      -0.368665286014973     
   16.4261285683044      -0.681163632435916     
   16.4237343484301      -0.889321121405443     
   16.4200563413974      -0.991004250543785     
   16.4151812534738      -0.984045738399390     
   16.4093589933680      -0.865928921631634     
   16.4027965889434      -0.634435019741966     
   16.3957063902223      -0.288112809823510     
   16.3883585031641       0.173526487096785     
   16.3810088820370       0.748773153778944     
   16.3737907383170        1.43352671501697     
   16.3668977556880        2.21879347632221     
   16.3604521462290        3.08071429918399     
   16.3544662024930        4.00468195326434     
   16.3490374571132        4.97543764828078     
   16.3442169143302        5.97669465378141     
   16.3400207348365        6.99317008833361     
   16.3365329804222        8.00852764985827     
   16.3337256034853        9.00618207253384     
   16.3315745195167        9.96809331300148     
   16.3299332557266        10.8780441533406     
   16.3286554046074        11.7271709820029     
   16.3275434756618        12.5094635284280     
   16.3264204865662        13.2205070941600     
   16.3251180141669        13.8573764662599     
   16.3235558257443        14.4184102854813     
   16.3216043263521        14.9027192858786     
   16.3191513695267        15.3107663064838     
   16.3161469949909        15.6427666117977     
   16.3124485904746        15.8849066099892     
   16.3081688257338        16.0348489299434     
   16.3033278929102        16.0990178219173     
   16.2979751022422        16.0821539259705     
   16.2921575603345        15.9899024694515     
   16.2859952973813        15.8287783206500     
   16.2794451243769        15.6065182462705     
   16.2723605460840        15.3315748601982     
   16.2647994087806        15.0140528237414     
   16.2566652390932        14.6661546456586     
   16.2478785415072        14.3033098152886     
   16.2383831162862        13.9444173874516     
   16.2281078204920        13.6120539207056     
   16.2169406163462        13.3312650183959     
   16.2047274236753        13.1277284153845     
   16.1915485536746        13.0250172901570     
   16.1774652231359        13.0437931438749     
   16.1627044567624        13.2063648639735     
   16.1476200967754        13.5139889579352     
   16.1327002427878        13.9516781449544     
   16.1186468507577        14.4780068077374     
   16.1060019104674        15.0468496803003     
   16.0954701111721        15.6099446099841     
   16.0876407849441        16.1195298767738     
   16.0830254799091        16.5342956781015     
   16.0820342364366        16.8240174525922     
   16.0849227614769        16.9711485329739     
   16.0916488377051        16.9708076504539     
   16.1018013149956        16.8276304757188     
   16.1149648514261        16.5517554294999     
   16.1305518272524        16.1558650515388     
   16.1479862486825        15.6530234969473     
   16.1667103168330        15.0561640461795     
   16.1861144937365        14.3789096255545     
   16.2055856135312        13.6361810575700     
   16.2245212060596        12.8459698718922     
   16.2423665370092        12.0442236672649     
   16.2587007472126        11.2543838790871     
   16.2732819899031        10.4924816834996     
   16.2860384636126        9.76405390468450     
   16.2971030022734        9.07940858645308     
   16.3067291192927        8.45048547328950     
   16.3152129742627        7.89061958964190     
   16.3228574857676        7.41553295683258     
   16.3300500594154        7.02789833851064     
   16.3370214991926        6.72932406948480     
   16.3439614109238        6.52089201206711     
   16.3511381130903        6.40326790302147     
   16.3587002466027        6.37697314087079     
   16.3666270864799        6.44233808175177     
   16.3749579030413        6.59914469602315     
   16.3836179472420        6.84644592305493     
   16.3925454082921        7.18256382032063     
   16.4015543299412        7.60215471855052     
   16.4106439040852        8.09096035057975     
   16.4196877375590        8.63680600795532     
   16.4285690021912        9.22626609272060     
   16.4372470414168        9.84343973255958     
   16.4456039981568        10.4708050138491     
   16.4535253678822        11.0902247808013     
   16.4609052311419        11.6832642993722     
   16.4678601259421        12.2307809327058     
   16.4744744454410        12.7100522352533     
   16.4810106338689        13.1090292973510     
   16.4877116380573        13.4186517179301     
   16.4948512536498        13.6311510226267     
   16.5026497517212        13.7392175541911     
   16.5110980850404        13.7341559698152     
   16.5200109636953        13.6133290242893     
   16.5292468773012        13.3792871551352     
   16.5384006376716        13.0408765298308     
   16.5470058200490        12.6183662398720     
   16.5545898367734        12.1466143920478     
   16.5607004019653        11.6541313977479     
   16.5648748304514        11.1666967807360     
   16.5669340133670        10.7059744230470     
   16.5667719387973        10.2883108160800     
   16.5644359799056        9.92530220399951     
   16.5601263874913        9.62603614067750     
   16.5540422336986        9.40080793362189     
   16.5463445823495        9.24880055040632     
   16.5371451191189        9.16658611917653     
   16.5265193612898        9.15009533504141     
   16.5145344993664        9.19537629287209     
   16.5011852876435        9.29905062800076     
   16.4864512358126        9.45861879044561     
   16.4705131572943        9.67205316114045     
   16.4534475838239        9.93788366784148     
   16.4353827910418        10.2544548354084     
   16.4164847518355        10.6175147806378     
   16.3969185730242        11.0152099437738     
   16.3767832460823        11.4392715404341     
   16.3563774358777        11.8810981581601     
   16.3358736607281        12.3318495511452     
   16.3153846030235        12.7828259963718     
   16.2950653490570        13.2267732165907     
   16.2748862443003        13.6581010265408     
   16.2548956721965        14.0685305524478     
   16.2352261544501        14.4461426469143     
   16.2159226455322        14.7801162256816     
   16.1971940314173        15.0637116206018     
   16.1792662733470        15.2897075858952     
   16.1623960378026        15.4506817588712     
   16.1467437012169        15.5396659894258     
   16.1326124418201        15.5508626976857     
   16.1201140086456        15.4804566507627     
   16.1093742255736        15.3268878033606     
   16.1004941126637        15.0912704644621     
   16.0936192541315        14.7780047196352     
   16.0889264937452        14.4004056543964     
   16.0866701319244        13.9736130094548     
   16.0869930000785        13.5134115854184     
   16.0900059601334        13.0413197238959     
   16.0956593784504        12.5813416928725     
   16.1038753684020        12.1585900965370     
   16.1142557717823        11.7960534464357     
   16.1263910398029        11.5124551682792     
   16.1396803770853        11.3199831304096     
   16.1534972929978        11.2245312732456     
   16.1673562725730        11.2272361210742     
   16.1808861393061        11.3251787500512     
   16.1938275307045        11.5130605293597     
   16.2059886088198        11.7833737071855     
   16.2172609217938        12.1266664320444     
   16.2275809303774        12.5312947134329     
   16.2367756675463        12.9835910270394     
   16.2450890378595        13.4682731018285     
   16.2525247742090        13.9693729540625     
   16.2592205508760        14.4709716014062     
   16.2654020741796        14.9579743439318     
   16.2713144868746        15.4155923360816     
   16.2772375631518        15.8252295599480     
   16.2834792813288        16.1755935550630     
   16.2903813486967        16.4573798668060     
   16.2980311745497        16.6620706255220     
   16.3069185233298        16.7812020745332     
   16.3171300805118        16.8069928685159     
   16.3286967085398        16.7326930848952     
   16.3416005873658        16.5530465981786     
   16.3556430605104        16.2649215125810     
   16.3704188978940        15.8672781594080     
   16.3855040579752        15.3611742247040     
   16.4002619885430        14.7489083680894     
   16.4143049396573        14.0366441270435     
   16.4270399935225        13.2431314694008     
   16.4380277907913        12.3842273722658     
   16.4469225877887        11.4796842964960     
   16.4536064741394        10.5480289121789     
   16.4579043118844        9.61085375507277     
   16.4595635796191        8.69336399385888     
   16.4591378633265        7.83485635808412     
   16.4567359168727        7.05351339357667     
   16.4527968691739        6.35579307702122     
   16.4477666257074        5.74265904592535     
   16.4420047105329        5.21098580847052     
   16.4361230177471        4.75542956449938     
   16.4304735100935        4.37036720492672     
   16.4254198365481        4.05077222894087     
   16.4211438381267        3.79283193921528     
   16.4179796043436        3.59372478329899     
   16.4157525117802        3.45204518429040     
   16.4142878914385        3.36677429407498     
   16.4132178739694        3.33718117435303     
   16.4119349218239        3.36187826597425     
   16.4099541597220        3.44094993059123     
   16.4068315021673        3.57497282016862     
   16.4022313959894        3.75761997900847     
   16.3960849892901        3.97062794577439     
   16.3884041457166        4.20054647183650     
   16.3794725464426        4.43761087407827     
   16.3695481214635        4.67264365959375     
   16.3590960175374        4.89792869071763     
   16.3486144863248        5.10759496673537     
   16.3386396985558        5.29808446788412     
   16.3296830055075        5.46837264479819     
   16.3221926763438        5.61992875338912     
   16.3165083842647        5.75584079419479     
   16.3127691877782        5.88015399175467     
   16.3110629692020        5.99747997114940     
   16.3113650268195        6.11223713594934     
   16.3135781620862        6.22572198072277     
   16.3173897859844        6.33521361326621     
   16.3226657722972        6.44437309582501     
   16.3289810025997        6.55772616697425     
   16.3359002812327        6.67905484329503     
   16.3428831486829        6.80661597604297     
   16.3494762965140        6.94499473176165     
   16.3552622284962        7.10077367842676     
   16.3599164214825        7.28381759493262     
   16.3631944859629        7.49846898133699     
   16.3649319124532        7.74832562672572     
   16.3651144226951        8.03830164326017     
   16.3637492279223        8.37440414847492     
   16.3608724042621        8.76295288193619     
   16.3565663054111        9.21050294589169     
   16.3508677024007        9.72337169372837     
   16.3439097588876        10.3076906768171     
   16.3359294398948        10.9664030891747     
   16.3270010368995        11.6953320300442     
   16.3172788013444        12.4913628472845     
   16.3067816517710        13.3491651480757     
   16.2956204813261        14.2598722935491     
   16.2839323908904        15.2104885211746     
   16.2718452732466        16.1832151231420     
   16.2594652154610        17.1542156903290     
   16.2471629659867        18.0814344876032     
   16.2351443471888        18.9320984462352     
   16.2236426964884        19.6812749901532     
   16.2128532900227        20.3078859910691     
   16.2030100207320        20.7958591120356     
   16.1940232507362        21.1339247755383     
   16.1861332875583        21.3152183107085     
   16.1793166280239        21.3353442283095     
   16.1737257223691        21.1923589759241     
   16.1694456205966        20.8872219709777     
   16.1665330430925        20.4247443885433     
   16.1648502730651        19.8152777715506     
   16.1646482236502        19.0751222426005     
   16.1657366756268        18.2262494714026     
   16.1679534575377        17.2958792747337     
   16.1713957647383        16.3136253660706     
   16.1759623829448        15.3185399617900     
   16.1816105096024        14.3513252885199     
   16.1883459856392        13.4347761606897     
   16.1961838668222        12.5861635548087     
   16.2050486551300        11.8179279768367     
   16.2150444588878        11.1384474639403     
   16.2259760864907        10.5524363332837     
   16.2377046895666        10.0614046770847     
   16.2498974300587        9.66395250808277     
   16.2620512454951        9.35601177815337     
   16.2736319433281        9.13136823247575     
   16.2841448473345        8.98211228633094     
   16.2929899976006        8.89924512475620     
   16.2998593320320        8.88188546134404     
   16.3045561337071        8.92781528852975     
   16.3069019502497        9.02507923589576     
   16.3068756390010        9.16043012037401     
   16.3045279988315        9.31993950590344     
   16.3001496729676        9.48899230373927     
   16.2941932036249        9.65437516644533     
   16.2874067355611        9.80359504698910     
   16.2804295654067        9.92312427524099     
   16.2739656122183        10.0110510990060     
   16.2687208217443        10.0686627848664     
   16.2651682368410        10.0985787495648     
   16.2637263498788        10.1033316705656     
   16.2645926843300        10.0848947764594     
   16.2678384640420        10.0447529263919     
   16.2733722381115        9.98332843659084     
   16.2809716557273        9.90059361787900     
   16.2902372157859        9.79579037064194     
   16.3007020013752        9.67021233345107     
   16.3118823554432        9.53373787204596     
   16.3232284984359        9.39135981174840     
   16.3342155328821        9.24610442347737     
   16.3442992183427        9.10028979475179     
   16.3532576223478        8.95511149576359     
   16.3607590601990        8.81026836668619     
   16.3666147523243        8.65252407682147     
   16.3707097640703        8.47676183660170     
   16.3730323701095        8.29002634751595     
   16.3735297363239        8.09164401780961     
   16.3723862372792        7.88071662835346     
   16.3697340103638        7.65846556631164     
   16.3657767293795        7.42822610920984     
   16.3607131385138        7.19554222071112     
   16.3547307408437        6.96780131571761     
   16.3479949757331        6.75379046342059     
   16.3407388087244        6.56520818867839     
   16.3331114436304        6.42390866396619     
   16.3252553944825        6.34243670421735     
   16.3172905065813        6.33003751703489     
   16.3093348939043        6.39281896240090     
   16.3014866870756        6.52180820304773     
   16.2941752108871        6.70725305864215     
   16.2873517830961        6.93965708680700     
   16.2811700184267        7.20670727915411     
   16.2757352821764        7.49455067884461     
   16.2711962231692        7.78869826731615     
   16.2677989042178        8.07501513035440     
   16.2657822681354        8.33414641897395     
   16.2651009930406        8.55375135006594     
   16.2661970278727        8.72935412667330     
   16.2689288693062        8.85875678321265     
   16.2731865424275        8.94167744476796     
   16.2787538759556        8.97941932429183     
   16.2853888368773        8.97420760601648     
   16.2927487027922        8.92777861203070     
   16.3003646827111        8.84295148774411     
   16.3080717887537        8.73161738618696     
   16.3154818785627        8.60542191463727     
   16.3223272606244        8.47355215033802     
   16.3284104726264        8.34510359833353     
   16.3337031529576        8.22909139066596     
   16.3380998791100        8.13455038088732     
   16.3415901247992        8.06890285204483     
   16.3440680851369        8.03065762403155     
   16.3457727448990        8.03352016303610     
   16.3466473689137        8.08643438037356     
   16.3466778873491        8.19551726528065     
   16.3458652863862        8.36705002661187     
   16.3442289868553        8.60755316239904     
   16.3417590242307        8.92352333221393     
   16.3384219008486        9.32142047906863     
   16.3342451920233        9.80734026809283     
   16.3292208906451        10.3862875635760     
   16.3232514966430        11.0584820416134     
   16.3163727812099        11.8131606928866     
   16.3085590652548        12.6405143244410     
   16.2999613154770        13.5281994998602     
   16.2906772256296        14.4605428489265     
   16.2809371143788        15.4190694452557     
   16.2709909634075        16.3818857266672     
   16.2611318280475        17.3083020410681     
   16.2517996447502        18.1649824316125     
   16.2435526535160        18.9288022457757     
   16.2369964837216        19.5784174160889     
   16.2326229245376        20.0947185233065     
   16.2311567640334        20.4620655718959     
   16.2328354942933        20.6692688304638     
   16.2378774729905        20.7097123142974     
   16.2460846014093        20.5819436277188     
   16.2570028762299        20.2896036554454     
   16.2700607368750        19.8411569485654     
   16.2846855697009        19.2498974961448     
   16.3000346102688        18.5340043679242     
   16.3155282083838        17.7169430511586     
   16.3304920449754        16.8269335376547     
   16.3444332460445        15.9055617646549     
   16.3568128588956        15.0026813110197     
   16.3673935221382        14.1461650326804     
   16.3760347722870        13.3572815213425     
   16.3826925667529        12.6505993781239     
   16.3873364919968        12.0342232776501     
   16.3901496665016        11.5108701063770     
   16.3912035094631        11.0819922040919     
   16.3906023011011        10.7423469246955     
   16.3884625783667        10.4827138483956     
   16.3848527541966        10.2944482179239     
   16.3798323415338        10.1700663213331     
   16.3734799260970        10.1033208572560     
   16.3659104774430        10.0887202607302     
   16.3572671466594        10.1188033725852     
   16.3476670609307        10.1831222737156     
   16.3372603961838        10.2819751438725     
   16.3262581867501        10.4113398741118     
   16.3148756214428        10.5617826387701     
   16.3033575387806        10.7236943533041     
   16.2919575296256        10.8873902145399     
   16.2809674052566        11.0434391054254     
   16.2707222734334        11.1822922477007     
   16.2615751009301        11.2894160386316     
   16.2538371320128        11.3572856145619     
   16.2478359435675        11.3830753470539     
   16.2438639289884        11.3648997394249     
   16.2421641546587        11.3012828672164     
   16.2428624109068        11.1909116778051     
   16.2460218668720        11.0324637013595     
   16.2516558925534        10.8236215868221     
   16.2596387551753        10.5618300115073     
   16.2697626173749        10.2445238030464     
   16.2816562121205        9.87568673910313     
   16.2950129848472        9.46867199666506     
   16.3094533653451        9.03294106530735     
   16.3246200913728        8.57994293027762     
   16.3400194404289        8.12346240058899     
   16.3556229411822        7.67952438359433     
   16.3710795591324        7.28843018995668     
   16.3860885089473        6.96502126776799     
   16.4004547939236        6.69569232539572     
   16.4141768172974        6.47756795202032     
   16.4272382426644        6.30762869441448     
   16.4396392533211        6.18368343447459     
   16.4512780497655        6.10679047010912     
   16.4619967401042        6.08242220329676     
   16.4714878678811        6.12045506049173     
   16.4796107257963        6.23885007434509     
   16.4859974781933        6.45573954283985     
   16.4903677874466        6.78782428169623     
   16.4924835520186        7.25023360119527     
   16.4922124862618        7.85434761042909     
   16.4894820537636        8.60554161090313     
   16.4842882291852        9.50101658989477     
   16.4769366664238        10.5184576834569     
   16.4676143182274        11.5997851831914     
   16.4566142038109        12.7080535659680     
   16.4443719473058        13.8065181989652     
   16.4314125432912        14.8587872515011     
   16.4182155483590        15.8183267361791     
   16.4054602669494        16.6491745984275     
   16.3937194074686        17.3398365926747     
   16.3833453714639        17.8843269925626     
   16.3748237317891        18.2806894218495     
   16.3682822828534        18.5296539128622     
   16.3636005220406        18.6332822482805     
   16.3606063033148        18.5951586055869     
   16.3588785593649        18.4157790485693     
   16.3579661921437        18.0969780876940     
   16.3574035208429        17.6467621906327     
   16.3565996431878        17.0767910448945     
   16.3551853604698        16.4049341033783     
   16.3528303938378        15.6675472679974     
   16.3493772880600        14.8901951296867     
   16.3447472017731        14.0953526094989     
   16.3390027937389        13.3044958046564     
   16.3322580377096        12.5378023681126     
   16.3247239371227        11.8138053470101     
   16.3166964181007        11.1552522786962     
   16.3083721451649        10.5765183854622     
   16.2999814670294        10.0823831674100     
   16.2918588551357        9.67579185743753     
   16.2842262209664        9.35860554123720     
   16.2772626917109        9.13216833214765     
   16.2710378996132        8.99774950517028     
   16.2656577081785        8.95613300570767     
   16.2608870859130        9.00793977888285     
   16.2566465044358        9.15271063340879     
   16.2526471645042        9.37428094186139     
   16.2486428984121        9.65493681032100     
   16.2443554776749        9.97846605980954     
   16.2394925446163        10.3288031533423     
   16.2340476336356        10.6988180086091     
   16.2280436937999        11.0636243210086     
   16.2217155188255        11.3784776827060     
   16.2153961367215        11.6280404281711     
   16.2095937742451        11.8043713926145     
   16.2050287386755        11.9047315446974     
   16.2023459382463        11.9309033633966     
   16.2021143961685        11.8868686060545     
   16.2048242339144        11.7776450703601     
   16.2107498395010        11.6070396788997     
   16.2198730810327        11.3773027204714     
   16.2319056888772        11.0894271760832     
   16.2463576452299        10.7444927670810     
   16.2626255160403        10.3460294360801     
   16.2798739922999        9.90204418141994     
   16.2974791890109        9.42502943184734     
   16.3145104342428        8.92962858730703     
   16.3306117066777        8.46367218438811     
   16.3452796359949        8.05710372812866     
   16.3582296029514        7.72608348719482     
   16.3692827883464        7.48290945002758     
   16.3783946556724        7.33638344577817     
   16.3856699665762        7.29529028684204     
   16.3910172281400        7.36547255099611     
   16.3944750957766        7.53740092891503     
   16.3960940679297        7.80806468668952     
   16.3958268310566        8.17596300677463     
   16.3938875031459        8.64085697374760     
   16.3901630027132        9.20335640592290     
   16.3848440247882        9.86444208559455     
   16.3779461329208        10.6243067040063     
   16.3695321621918        11.4782424211810     
   16.3597314762976        12.4078481876929     
   16.3485331830400        13.3964158942446     
   16.3363886764301        14.4233057167607     
   16.3235608687563        15.4632254904429     
   16.3105230438502        16.4860544660544     
   16.2978195891003        17.4563454183386     
   16.2861380719500        18.3230808044629     
   16.2759697546410        19.0559436739104     
   16.2679666711002        19.6360665868778     
   16.2624407755823        20.0515904147455     
   16.2595534558149        20.2966142607627     
   16.2592704232594        20.3698078740934     
   16.2613789447643        20.2727652093328     
   16.2655804528713        20.0087947108203     
   16.2711488984555        19.5826862670561     
   16.2776621878124        19.0003658440400     
   16.2845301375902        18.2704067896489     
   16.2912297454669        17.4050438941282     
   16.2972981100261        16.4222203394127     
   16.3023885079766        15.3657429599724     
   16.3062385643733        14.2721690221632     
   16.3087746180574        13.1702481782338     
   16.3100352112120        12.0865794845766     
   16.3100012953231        11.0448371627449     
   16.3090937463192        10.0825735377059     
   16.3075930622021        9.21649111537201     
   16.3058120839708        8.44709480487120     
   16.3041577468342        7.77144892876935     
   16.3030472338134        7.18452580984550     
   16.3027633761106        6.68042248719941     
   16.3031126827802        6.25349589968309     
   16.3044187236239        5.89941339871447     
   16.3064070193192        5.61544404090243     
   16.3088340094973        5.40118490147161     
   16.3113946882203        5.25847436479782     
   16.3136831187045        5.19122723791780     
   16.3152817174915        5.20505842282494     
   16.3158123556074        5.30891100507420     
   16.3148142344936        5.51950367712731     
   16.3118643123704        5.83345295982411     
   16.3070090475091        6.22220011343619     
   16.3002257651142        6.67337434733908     
   16.2917612834163        7.17273659900881     
   16.2820182075653        7.70295116404740     
   16.2716918286092        8.23400032039397     
   16.2615752897793        8.73099321297842     
   16.2525066892228        9.18460311091935     
   16.2453760300853        9.58808211649634     
   16.2409735455358        9.93590461414282     
   16.2399585146627        10.2226495604937     
   16.2427138749815        10.4425878904394     
   16.2492291058785        10.5899202465109     
   16.2591140712460        10.6596282250119     
   16.2720897946686        10.6490611898851     
   16.2871551511774        10.5586538088295     
   16.3037529211837        10.3924090637872     
   16.3210480234313        10.1585645143417     
   16.3382381730959        9.88288254994934     
   16.3546133596446        9.59487061672336     
   16.3695544066622        9.31152949691399     
   16.3824522193064        9.04791596974199     
   16.3930781933153        8.80414909328235     
   16.4010899674366        8.58739881876619     
   16.4064298508150        8.41436962200678     
   16.4091659850718        8.30118895189975     
   16.4094473236316        8.25325170388526     
   16.4074555678286        8.27672487953800     
   16.4033688886885        8.37940131017125     
   16.3974755230879        8.57118871490097     
   16.3899549723814        8.86392943159044     
   16.3810903597899        9.27087939717052     
   16.3711241838383        9.80578252049035     
   16.3602274759097        10.4808125886046     
   16.3485327657288        11.2907437871126     
   16.3363098926222        12.2242702407031     
   16.3236116949583        13.2670135551326     
   16.3103782322281        14.3969143653479     
   16.2968410292895        15.5837747719963     
   16.2830889105546        16.7760776945404     
   16.2692261156643        17.9089362941609     
   16.2554568629547        18.9439120287487     
   16.2420679876908        19.8470652335762     
   16.2293347137327        20.5899437964798     
   16.2174799079970        21.1495961620143     
   16.2067898006532        21.5081224156738     
   16.1974057091061        21.6516960331468     
   16.1892930289180        21.5704537547206     
   16.1823921905169        21.2591622867022     
   16.1764999688684        20.7188124693992     
   16.1712025027586        19.9587048309742     
   16.1663720487898        18.9981202769707     
   16.1617162779489        17.8674664513449     
   16.1571344322662        16.6072566825365     
   16.1526518301459        15.2766646489604     
   16.1485537571997        13.9554537529905     
   16.1450161749319        12.6951189474503     
   16.1424313911542        11.5387162824751     
   16.1410319736180        10.5203010279277     
   16.1412595155256        9.66407727485774     
   16.1433454128526        8.99196517558453     
   16.1474411073390        8.50625895244465     
   16.1536285052960        8.19871465983664     
   16.1617543348310        8.05734291889736     
   16.1718097089629        8.06761829096525     
   16.1834118098934        8.21323967442319     
   16.1962574326519        8.47641117926259     
   16.2098289033462        8.83786532138754     
   16.2236859354053        9.27644661589812     
   16.2373777007237        9.76717282942705     
   16.2504648663107        10.2729380962671     
   16.2625391419490        10.7614393636203     
   16.2732646183160        11.2008684859061     
   16.2823652960288        11.5597151268431     
   16.2897660932043        11.8081290706907     
   16.2954968017898        11.9189585272875     
   16.2997281445425        11.8757440648023     
   16.3028654300926        11.6932540135463     
   16.3053979047682        11.3658121551027     
   16.3079186084391        10.8885404110885     
   16.3110251596105        10.2614520298270     
   16.3151902403340        9.48894749850495     
   16.3206669351633        8.57892267178940     
   16.3279346391486        7.54277523783640     
   16.3369974168953        6.39501974792211     
   16.3478029529515        5.15461972960865     
   16.3602604899848        3.84654511548051     
   16.3741101075575        2.50705630433854     
   16.3890140024670        1.19493572810782     
   16.4048916814965      -4.046527927639598E-002
   16.4215259449322       -1.15298435006208     
   16.4387475693416       -2.10118491742951     
   16.4564229984784       -2.85196249782074     
   16.4744251333291       -3.37075355778400     
   16.4925206765435       -3.64319027323123     
   16.5103589969371       -3.68101248799139     
   16.5275143849740       -3.50661638979305     
   16.5436083939852       -3.15105573259508     
   16.5581908492186       -2.65119575091548     
   16.5708320092440       -2.04750503670480     
   16.5811061936210       -1.38063102332728     
   16.5886838573688      -0.687567959640296     
   16.5932213246863       1.572212023766895E-003
   16.5944641492085       0.667559483727898     
   16.5922289795748        1.30247882846555     
   16.5865535617381        1.90843124979472     
   16.5777356925674        2.49448054196999     
   16.5660069002093        3.07193307858659     
   16.5517237568289        3.65194013130814     
   16.5352737926029        4.24309944802680     
   16.5169699867640        4.84727276514365     
   16.4971568265232        5.46397289506772     
   16.4761793611321        6.09036388756982     
   16.4542981019522        6.72219183643559     
   16.4319005857648        7.35201512534806     
   16.4093059659382        7.96991029178180     
   16.3867769369983        8.56870048024864     
   16.3646097575217        9.14624220719159     
   16.3429788073723        9.70021807370708     
   16.3220213113260        10.2278290654973     
   16.3019025264800        10.7260599497593     
   16.2826518529159        11.1906177518466     
   16.2643869034503        11.6167899657089     
   16.2471140729251        11.9996732479742     
   16.2307866509814        12.3356295837244     
   16.2154149694844        12.6274564519001     
   16.2008487798985        12.8771410232571     
   16.1868938595975        13.0835610165412     
   16.1735020912487        13.2321834083600     
   16.1604752325819        13.3249590472161     
   16.1477531376802        13.3685376126853     
   16.1352558454650        13.3725475140246     
   16.1229013881382        13.3495420311776     
   16.1107418258260        13.3154865146418     
   16.0989330235980        13.2888192672029     
   16.0875831899253        13.2902296265401     
   16.0769686620585        13.3415366759681     
   16.0673369194059        13.4644254472061     
   16.0590428660014        13.6787121518406     
   16.0523186876076        14.0011931584501     
   16.0473330273066        14.4427216069542     
   16.0443822115482        15.0069777475727     
   16.0434510072931        15.6892076749248     
   16.0447662485541        16.4746458533997     
   16.0483622556512        17.3371862527745     
   16.0542908403420        18.2397547924161     
   16.0625521450141        19.1361751856109     
   16.0730579732769        19.9651018833836     
   16.0857156957599        20.6691744357317     
   16.1003726886428        21.2115843107360     
   16.1167410669176        21.5678881297189     
   16.1346949279870        21.7252829613688     
   16.1540799958621        21.6804414439629     
   16.1746703144006        21.4366493897565     
   16.1962264734921        21.0015087656605     
   16.2184567682456        20.3847968776438     
   16.2410586301387        19.5980138279671     
   16.2637949640121        18.6544138164896     
   16.2863512707640        17.5693762482151     
   16.3084650813796        16.3608865285274     
   16.3299313691443        15.0502019106823     
   16.3505472567983        13.6742003466475     
   16.3702229955225        12.2764269920222     
   16.3887711535371        10.8854544564759     
   16.4062896908559        9.52779392838709     
   16.4227753788557        8.22746393523971     
   16.4382870128796        7.00563366419347     
   16.4531431334083        5.89433994650390     
   16.4674937626073        4.91117801626116     
   16.4813885135757        4.05938531549828     
   16.4947766358205        3.33727510821556     
   16.5074193222106        2.73866917593533     
   16.5189997917793        2.25412064682254     
   16.5291794611709        1.87249405545892     
   16.5375974149983        1.58224566208438     
   16.5437599396629        1.37349586640018     
   16.5474844577868        1.23898359236887     
   16.5484443379898        1.17317587061374     
   16.5464523599504        1.17261625034531     
   16.5416003202896        1.23487217206309     
   16.5339239588104        1.35750231164390     
   16.5237354588783        1.53658716139504     
   16.5114100380386        1.77003199879328     
   16.4973777472262        2.05315782014887     
   16.4820124820616        2.38171917402779     
   16.4659212397413        2.75220937428651     
   16.4494802025739        3.16082474984150     
   16.4331366071045        3.60350183073032     
   16.4173493955425        4.07491651897726     
   16.4024688671467        4.56618362333140     
   16.3888347013085        5.07168835818312     
   16.3767114200107        5.58518410343329     
   16.3661602592169        6.09822601441751     
   16.3570855979429        6.60080854757411     
   16.3492852397918        7.08145931150783     
   16.3424422520814        7.52360079556441     
   16.3362362270572        7.90974211511426     
   16.3302077285551        8.23571433669573     
   16.3238929209435        8.49824933483421     
   16.3169715782520        8.69771177039440     
   16.3090086752325        8.83912319074975     
   16.2997324665927        8.93192169484218     
   16.2889620619105        8.98973960507446     
   16.2767341978268        9.02984247842058     
   16.2631963632955        9.07222485819819     
   16.2485657246186        9.14103168106989     
   16.2332528402359        9.25920175046638     
   16.2176959164450        9.44423125993881     
   16.2022765344124        9.71244523782265     
   16.1873343307870        10.0764644501371     
   16.1732543878924        10.5514060773194     
   16.1603933075711        11.1527909407258     
   16.1490730514680        11.8936495280427     
   16.1394379471855        12.7780705486636     
   16.1314676340959        13.7973826866811     
   16.1252557214393        14.9399204266052     
   16.1205429275081        16.1859518147701     
   16.1170600964081        17.5085987135760     
   16.1145918858478        18.8742698287449     
   16.1128615774766        20.2337567149968     
   16.1117653058363        21.5227067366194     
   16.1112789675116        22.7009487420659     
   16.1113700579725        23.7326917054783     
   16.1122437020671        24.5877430527482     
   16.1141614549594        25.2414222244398     
   16.1175068036634        25.6752122869406     
   16.1227430168150        25.8768737123344     
   16.1302513675672        25.8408279802623     
   16.1403210053351        25.5686762960523     
   16.1530381757410        25.0689055954812     
   16.1683015533049        24.3561056539303     
   16.1857494019529        23.4499610968889     
   16.2050664950770        22.3743658679303     
   16.2258294653812        21.1577159764688     
   16.2476843964566        19.8339056822271     
   16.2701872729488        18.4427610297621     
   16.2928068004652        17.0468014961059     
   16.3149055756933        15.7040996426365     
   16.3359542533035        14.4484543259427     
   16.3555042725491        13.3044024369737     
   16.3732524051906        12.2867063646041     
   16.3890241493968        11.4015431895760     
   16.4027140176619        10.6484780233894     
   16.4143367507812        10.0232797770413     
   16.4238897139478        9.51376124205234     
   16.4313088908460        9.10674029309512     
   16.4366001250485        8.78899391512791     
   16.4397990690503        8.54878971368482     
   16.4409781817609        8.37569785194053     
   16.4402605861124        8.25624321693652     
   16.4378181892346        8.17508221566072     
   16.4337356534332        8.11968910215817     
   16.4282933829966        8.07787529632195     
   16.4216853503977        8.03950873096520     
   16.4140855061080        8.00091196336099     
   16.4057913312643        7.96636776719113     
   16.3971437769438        7.92846469672742     
   16.3885842974704        7.87999826261140     
   16.3804111975093        7.80970925487395     
   16.3730587427496        7.71049789436320     
   16.3667608899180        7.58225758820620     
   16.3617088819058        7.42585355927398     
   16.3579565920549        7.24236038691280     
   16.3554159395568        7.03243175647996     
   16.3540296022926        6.79591817099300     
   16.3534829230938        6.53241813876804     
   16.3534402309651        6.24117261752548     
   16.3534825023416        5.91749468969664     
   16.3532344505683        5.56847091740542     
   16.3522907745713        5.20722235530643     
   16.3504908181073        4.84613039344241     
   16.3477598707909        4.50120746707960     
   16.3441241244430        4.19149033445710     
   16.3397669349955        3.93769640080133     
   16.3349177941336        3.76507410102104     
   16.3297784444337        3.70486812400900     
   16.3245553748282        3.76704901086544     
   16.3194464481802        3.95636724014904     
   16.3147528022641        4.27407418637511     
   16.3107417923636        4.71808573110623     
   16.3076527195354        5.28308102532043     
   16.3055340240894        5.96004223971240     
   16.3043087349604        6.73589380845060     
   16.3036688154570        7.58856579230410     
   16.3030240347083        8.48208018943911     
   16.3019911928305        9.39469401608444     
   16.2999891586012        10.3069603628287     
   16.2965442449780        11.2011286096372     
   16.2912661822821        12.0568515070595     
   16.2840570892293        12.8431762182350     
   16.2748953305529        13.5451618030885     
   16.2641305072853        14.1518740289932     
   16.2522538917345        14.6553189744511     
   16.2399379533333        15.0507613405382     
   16.2281209572618        15.3428237121097     
   16.2174196926048        15.5314240492083     
   16.2085481714928        15.6169822285379     
   16.2019170322297        15.6105451424163     
   16.1978464671104        15.5242264445919     
   16.1964251440897        15.3697401070999     
   16.1976991775124        15.1574924331266     
   16.2017471956060        14.8959859538701     
   16.2084177996891        14.5920498446205     
   16.2176312685118        14.2514163023782     
   16.2291484416540        13.8794726561439     
   16.2426069361102        13.4814754242369     
   16.2576267528648        13.0682542243480     
   16.2737461728718        12.6493566219238     
   16.2903742144921        12.2309138169634     
   16.3070773795271        11.8168338840702     
   16.3233198662617        11.4083540106288     
   16.3384971329246        11.0033200742887     
   16.3520693372709        10.5895388718654     
   16.3635745268572        10.1535984400479     
   16.3725388029945        9.68267299782708     
   16.3785838208762        9.16643502069521     
   16.3815709182239        8.58699017617091     
   16.3813515828197        7.92926259482878     
   16.3779709001576        7.18602357892350     
   16.3715611861969        6.36758162412306     
   16.3624380995077        5.53047909511885     
   16.3509113114817        4.71024491537400     
   16.3373874682901        3.93928353555028     
   16.3223389957996        3.24998823042851     
   16.3059923540702        2.67084730283830     
   16.2889642739469        2.21459688621869     
   16.2716144406752        1.89051602893436     
   16.2543128795212        1.70288467294980     
   16.2373947626588        1.64790973148877     
   16.2212599451396        1.71426133562506     
   16.2062164339396        1.88450399542333     
   16.1926813151559        2.12612153937999     
   16.1809761327822        2.40556797301702     
   16.1713434755155        2.70441452831492     
   16.1640486537819        3.00721861184452     
   16.1592874303407        3.30192538942777     
   16.1571952415215        3.57945497663445     
   16.1579302070363        3.83325055323003     
   16.1616070054294        4.05885034061113     
   16.1684123344232        4.25364459993320     
   16.1783610531862        4.41610399231215     
   16.1912723923938        4.54629929361415     
   16.2068689844113        4.64575715941569     
   16.2247047648573        4.71719306669441     
   16.2441844043186        4.76407713794635     
   16.2647251026864        4.79017313314716     
   16.2857420541476        4.80042089604317     
   16.3066289702019        4.81649663280981     
   16.3267671841525        4.84771331993186     
   16.3454606686020        4.89616838257511     
   16.3619943538858        4.96236751481987     
   16.3758158128346        5.04550996386000     
   16.3863476022103        5.14650766907347     
   16.3932135962367        5.27362783290285     
   16.3961987578385        5.38584262663910     
   16.3952391899842        5.47125990475632     
   16.3904827056065        5.53822040902378     
   16.3821472637273        5.60334441004486     
   16.3705810578083        5.68453346279361     
   16.3560463379287        5.80312835964728     
   16.3395811304659        5.98287836653189     
   16.3217863651419        6.24860931054684     
   16.3034800665327        6.62298647620769     
   16.2855117287659        7.12401210165422     
   16.2686523049185        7.75846092401872     
   16.2534346567862        8.51091863322711     
   16.2402308489265        9.36778271667343     
   16.2291718024310        10.3107416359708     
   16.2204026998763        11.3182835423125     
   16.2138791325798        12.3710084000883     
   16.2095006297707        13.4393291995966     
   16.2070949358939        14.4819476510954     
   16.2065601374463        15.4617214955509     
   16.2075259902116        16.3430813606110     
   16.2096909821749        17.0911248193504     
   16.2126322013934        17.6760485839957     
   16.2159557445124        18.0705240099044     
   16.2192549454592        18.2503899864083     
   16.2221104315669        18.1953906145163     
   16.2241253365791        17.8891956180231     
   16.2249663094866        17.3202123138661     
   16.2243486811715        16.4830290747343     
   16.2221466313511        15.3966936656514     
   16.2183833198351        14.0890127370191     
   16.2135144611571        12.5956892270161     
   16.2080425584336        10.9675223761967     
   16.2027235033409        9.26918711792406     
   16.1983591567590        7.59696600452060     
   16.1956914576088        6.03063509387656     
   16.1952275052247        4.62605394725302     
   16.1976309642106        3.42523314709506     
   16.2031573056597        2.44428363622988     
   16.2120288041882        1.68504099580963     
   16.2241836456953        1.13803243300541     
   16.2395876848310       0.787725012021486     
   16.2576767521770       0.612082462354139     
   16.2777574052305       0.584266461317735     
   16.2988365166726       0.674706923460026     
   16.3197904268124       0.853373506438051     
   16.3393807162969        1.09279472635849     
   16.3566016833304        1.37003117317522     
   16.3704878313310        1.66732373507025     
   16.3805093540549        1.96500009501643     
   16.3863888072958        2.22253028627347     
   16.3883257984995        2.43129527811810     
   16.3867465929634        2.62656397051057     
   16.3823479107648        2.81975063288830     
   16.3760023058660        3.00259232187428     
   16.3685961113940        3.15841873371064     
   16.3610171036001        3.29085405774778     
   16.3540100800314        3.40724387784642     
   16.3481737795552        3.51375468491306     
   16.3438365371006        3.61529241331330     
   16.3412052733648        3.71415826953444     
   16.3402502394267        3.81042717758041     
   16.3408158070717        3.90033901368944     
   16.3425761348682        3.96400722966883     
   16.3451353471018        3.98976024483722     
   16.3479410615510        3.97028287849433     
   16.3504404062093        3.90470039544980     
   16.3520772823362        3.80769224929050     
   16.3521204166209        3.68794033048503     
   16.3500350937388        3.55853334308621     
   16.3452796158224        3.43694648916722     
   16.3374738882911        3.34589338834673     
   16.3261336064557        3.32152260854536     
   16.3112064187072        3.40822282142501     
   16.2926154386402        3.63366733099900     
   16.2705010354618        4.02405097939606     
   16.2453114843009        4.60345040544864     
   16.2178627317013        5.38948708723492     
   16.1890548234619        6.36137368636068     
   16.1601320070931        7.47982972701618     
   16.1320334473868        8.72500911439777     
   16.1055290585552        10.0743806613669     
   16.0809798503403        11.5057201354260     
   16.0582915942819        12.9986990073646     
   16.0376224956748        14.5246598880222     
   16.0185907795505        16.0293540512142     
   16.0012341167752        17.4816750887669     
   15.9857108408068        18.8525554173619     
   15.9721983722138        20.1111479206875     
   15.9609948587074        21.2013523246262     
   15.9525222474972        22.0962437260040     
   15.9471342700637        22.7883380537009     
   15.9452152878561        23.2773259079770     
   15.9467788187518        23.5678449860142     
   15.9520308561134        23.6670761414624     
   15.9609871774811        23.5820562372021     
   15.9736254441656        23.3178522946149     
   15.9899056773784        22.8768960099010     
   16.0097053533798        22.2599155957734     
   16.0327560188052        21.4681612147987     
   16.0586348767294        20.5057231757920     
   16.0866024245198        19.3825784570465     
   16.1159365281549        18.1161263017667     
   16.1458084132091        16.7308871628965     
   16.1753672671402        15.2683316706683     
   16.2039261556914        13.7904994873699     
   16.2311487938665        12.3273772709707     
   16.2567062254700        10.9013320097402     
   16.2802433638025        9.52903861672921     
   16.3019913450381        8.23651521427571     
   16.3218797834541        7.03990328895928     
   16.3399351504785        5.93542637513531     
   16.3562565360951        4.91921212660292     
   16.3708549213153        3.98799055867613     
   16.3837728307908        3.13997727642498     
   16.3949644819861        2.38112663891384     
   16.4045412222381        1.72540567599671     
   16.4124961972443        1.17531388993133     
   16.4187320566157       0.734422600827362     
   16.4233411190942       0.408332868651403     
   16.4263314806594       0.204148863376513     
   16.4277886436084       0.129467049173591     
   16.4277853391805       0.191074284712474     
   16.4265892433541       0.384813433615155     
   16.4244204792544       0.683473032537463     
   16.4215843693929        1.07319631447258     
   16.4184858502126        1.53864350032826     
   16.4156539056291        2.06253956004678     
   16.4134365230450        2.62286823959890     
   16.4123228143080        3.18620198249456     
   16.4126774297783        3.74665578070964     
   16.4148710233765        4.30320456639743     
   16.4191194569631        4.85227065145566     
   16.4255716131347        5.38960136292628     
   16.4342250742581        5.90851089070200     
   16.4449138147587        6.39935916947037     
   16.4572126103433        6.84759870553938     
   16.4705493682785        7.23352883353228     
   16.4840080026906        7.53661674888640     
   16.4964558022221        7.73765048779131     
   16.5066854815581        7.82404018564942     
   16.5134855886734        7.82162905307355     
   16.5161046761418        7.74540988648793     
   16.5141117007406        7.57125600385538     
   16.5076859540035        7.31229753125841     
   16.4974316920008        7.03431280531508     
   16.4842680441396        6.77591304201919     
   16.4693073350188        6.55773999241578     
   16.4535301517833        6.39712434280770     
   16.4377269335918        6.30682604057666     
   16.4224266203287        6.29936610888484     
   16.4079323980390        6.38529621419411     
   16.3943623328434        6.57342017342007     
   16.3817049737304        6.87153609549049     
   16.3697683327401        7.28643040705646     
   16.3584361841291        7.82358351878503     
   16.3475029759514        8.48588641394183     
   16.3367543747949        9.27297115179788     
   16.3259707630976        10.1797873931269     
   16.3149026077262        11.1953078302501     
   16.3033643901020        12.2762192005795     
   16.2911654031288        13.3858988689802     
   16.2781582697517        14.4989053664549     
   16.2642257549190        15.5892296938498     
   16.2494984721380        16.6256845445810     
   16.2340872069773        17.5575590939894     
   16.2183338831453        18.3627507844393     
   16.2026510800273        19.0261345421477     
   16.1874994815023        19.5349434685197     
   16.1734285239435        19.8799282122359     
   16.1609023493694        20.0552102294760     
   16.1502649481605        20.0570829326511     
   16.1417630710397        19.8834396230164     
   16.1353164896093        19.5333949888653     
   16.1310593329272        19.0072077461344     
   16.1285881246657        18.3070894951139     
   16.1276944394127        17.4388185772047     
   16.1279892647224        16.4142053714720     
   16.1292566977494        15.2555931895898     
   16.1313179051609        14.0272337370061     
   16.1341896269347        12.7805700948757     
   16.1379703460346        11.5595974307143     
   16.1429356324664        10.4065699086785     
   16.1493712481339        9.38386349356224     
   16.1575856420103        8.52492397381176     
   16.1677965369532        7.83385868132604     
   16.1801618648519        7.30747152040505     
   16.1948865290154        6.93935363626041     
   16.2120843351195        6.72264664746385     
   16.2316563923077        6.65150719727869     
   16.2533129510912        6.72147662709594     
   16.2765528925930        6.92821445513975     
   16.3003388087367        7.26647104639213     
   16.3240067851618        7.72838440125113     
   16.3464824273932        8.30268218551690     
   16.3668045126131        8.97392077934037     
   16.3844495013238        9.71806731533164     
   16.3990272058304        10.4761405096513     
   16.4103924094962        11.2126726691304     
   16.4186675726050        11.9023597884917     
   16.4242818919994        12.5240608462150     
   16.4276678809573        13.0494522560718     
   16.4295023638526        13.4530842527169     
   16.4304048567317        13.7389459450711     
   16.4310521737179        13.9161820687243     
   16.4318769356515        13.9924388509509     
   16.4332783374733        13.9751766446640     
   16.4354967570227        13.8710922767136     
   16.4385413134695        13.6842738682374     
   16.4424341723575        13.4156155933518     
   16.4470276951080        13.0639711592031     
   16.4521050921257        12.6268419829505     
   16.4573163821378        12.1029988159777     
   16.4623531059832        11.4949767090268     
   16.4666755055104        10.8334808226737     
   16.4696932433425        10.1501048088100     
   16.4711638028293        9.46772047128857     
   16.4706890473070        8.81059337457850     
   16.4681550131351        8.20197902786541     
   16.4636099631630        7.68079088112808     
   16.4571630080378        7.26475965077053     
   16.4490722042088        6.95656377665840     
   16.4396048525975        6.75663433483928     
   16.4291025753481        6.66485567633481     
   16.4179301902057        6.68189714024518     
   16.4063237236747        6.81026806696653     
   16.3947770783064        7.05512877582632     
   16.3834312291768        7.42379615130969     
   16.3723865246589        7.92584527188060     
   16.3615464283121        8.57283047376314     
   16.3506402611254        9.37701534975731     
   16.3394365785525        10.3495360698029     
   16.3277104800033        11.4843067131684     
   16.3153319732194        12.7408487071093     
   16.3022233294927        14.0887512935384     
   16.2884214677916        15.4861382065408     
   16.2740482323928        16.8706639254299     
   16.2592425641275        18.1505644330209     
   16.2443967748401        19.2823564269281     
   16.2298745955176        20.2410564104559     
   16.2161022258963        21.0144910589241     
   16.2035084267580        21.5990328681120     
   16.1924409402528        21.9951764589845     
   16.1831328573861        22.2033491275112     
   16.1757048762188        22.2224270788510     
   16.1701221136295        22.0497118205315     
   16.1663408610430        21.6834210940314     
   16.1642826684490        21.1260176771746     
   16.1637975320411        20.3866779158703     
   16.1647869820702        19.4832475103096     
   16.1671536128171        18.4451737107151     
   16.1707692070270        17.3413579298774     
   16.1756326851658        16.2206357876442     
   16.1818436671315        15.1180535595289     
   16.1896057057784        14.0649552023509     
   16.1991031946899        13.1055162698096     
   16.2105974525760        12.2764792572620     
   16.2241748900049        11.5865462654294     
   16.2397924198049        11.0396113665317     
   16.2571433413426        10.6348384990914     
   16.2757492807476        10.3675476233656     
   16.2950943732647        10.2302179506431     
   16.3145363604204        10.2137768043759     
   16.3334746440261        10.3080818742012     
   16.3512764019953        10.5026422857366     
   16.3674024093356        10.7861522086639     
   16.3813512747904        11.1457097284841     
   16.3926634360403        11.5655314590478     
   16.4009325729835        12.0097763449274     
   16.4060664846963        12.4237604084661     
   16.4080829286389        12.7731955873173     
   16.4072742196317        13.0269674124263     
   16.4040845479326        13.1544425231644     
   16.3992794824064        13.1276425246590     
   16.3935777720793        12.9500799274991     
   16.3877447551626        12.6282669941477     
   16.3827318648865        12.1688807252160     
   16.3793316379051        11.5808591634883     
   16.3784608748523        10.8726699473714     
   16.3807022560858        10.0530304731355     
   16.3863897708196        9.13185634272456     
   16.3953122999477        8.12044970849992     
   16.4067537901344        7.03149197553281     
   16.4198056700114        5.87853866237943     
   16.4332581826415        4.67782914737208     
   16.4459510488704        3.44829762567082     
   16.4569297828231        2.21184558290185     
   16.4654325570871        1.01937606664020     
   16.4709808629699      -8.807296996968361E-002
   16.4734428773370       -1.08602147369691     
   16.4728734962954       -1.95306556968551     
   16.4696382093437       -2.66335850661158     
   16.4642358902386       -3.18342536432399     
   16.4573083028419       -3.51289735064247     
   16.4494375437186       -3.65722386406772     
   16.4411287676745       -3.62286577394075     
   16.4326654761874       -3.41588955638029     
   16.4242836819414       -3.03978414951151     
   16.4160946703020       -2.49482536734170     
   16.4081973862147       -1.77810034131384     
   16.4005964459329      -0.884619711951151     
   16.3932395932577       0.189308459979599     
   16.3859069161916        1.44310951113724     
   16.3781553928692        2.86868661770284     
   16.3695779309870        4.44776090913193     
   16.3595806703453        6.12686580922259     
   16.3477752713145        7.85227786666127     
   16.3340560450290        9.58208909934264     
   16.3184146696826        11.2770425703319     
   16.3011560799960        12.9005434922311     
   16.2826341454994        14.4020808070643     
   16.2634290543471        15.7461306362409     
   16.2440832645803        16.9200575468243     
   16.2252179003375        17.9160237034952     
   16.2073889818284        18.7294854355707     
   16.1911111940061        19.3575325354549     
   16.1768211906771        19.7991252498248     
   16.1647802078066        20.0551624450828     
   16.1551172456295        20.1281392487600     
   16.1477860668954        20.0205547666768     
   16.1428155696862        19.7365472381510     
   16.1400715587253        19.2825907471082     
   16.1393855839039        18.6684194617316     
   16.1407669490671        17.9251792512974     
   16.1441345007412        17.0919454178835     
   16.1492646073800        16.2035255643714     
   16.1560787054019        15.2997316654793     
   16.1643045961678        14.4220830281821     
   16.1736683849633        13.6166792765833     
   16.1838445660579        12.9293061489942     
   16.1946533292341        12.3743253614279     
   16.2058182409693        11.9554913129863     
   16.2171211042018        11.6684543748122     
   16.2283516200487        11.5028222879803     
   16.2392561205710        11.4439627875232     
   16.2496818815569        11.4747349969674     
   16.2594200854311        11.5769391200493     
   16.2682700405467        11.7323134018900     
   16.2762493030953        11.9234701172442     
   16.2832709922376        12.1342883678782     
   16.2892264751834        12.3442669807128     
   16.2942053549347        12.5193241086861     
   16.2981569783173        12.6419267647849     
   16.3012590227095        12.6972271548099     
   16.3037488150823        12.6749648340131     
   16.3059304065050        12.5613000032311     
   16.3081966670564        12.3308893051304     
   16.3108839156973        11.9672857284174     
   16.3141730359502        11.4754806405751     
   16.3183688544675        10.8728387425912     
   16.3234342382784        10.1650007922756     
   16.3293201371972        9.35753062748739     
   16.3360303693325        8.45615748097177     
   16.3433722382380        7.46738870821561     
   16.3511061215474        6.39756761068288     
   16.3589314942422        5.25367257658122     
   16.3662997881622        4.04497200471078     
   16.3730579232841        2.78480765716949     
   16.3786909221824        1.49939218563303     
   16.3831136424569       0.239142487379950     
   16.3862028381694      -0.966924803922487     
   16.3881429788365       -2.09042871856751     
   16.3891512057106       -3.10259580520840     
   16.3895663394972       -3.97558476647987     
   16.3897033075679       -4.67466822580940     
   16.3899565275599       -5.19427108196931     
   16.3907341260534       -5.53565499693215     
   16.3923412801436       -5.70121585985793     
   16.3951425950842       -5.69346419260527     
   16.3993043352351       -5.51420387318357     
   16.4048111690970       -5.16262600143525     
   16.4114585639823       -4.63646318669400     
   16.4187180171397       -3.93253223236545     
   16.4261255380162       -3.04723170356375     
   16.4329595299685       -1.97787737135734     
   16.4385215338708      -0.723358273218460     
   16.4421287852131       0.714049073480827     
   16.4431713792444        2.31620615004642     
   16.4410767387162        4.04419168916115     
   16.4354130426934        5.86787618761376     
   16.4259674638008        7.74967491188400     
   16.4127393295202        9.64777285242128     
   16.3959954576723        11.5051860224129     
   16.3762459526844        13.2524223874745     
   16.3542008102996        14.8370492132517     
   16.3306353017583        16.1930372708936     
   16.3063303199609        17.2916758330157     
   16.2819436514703        18.1167745110637     
   16.2579616783308        18.6597904886869     
   16.2347881221594        18.9194953775290     
   16.2127977637439        18.9004326606000     
   16.1921602023349        18.6145800161610     
   16.1732716881139        18.0849466286657     
   16.1560907536042        17.3473748846897     
   16.1407479416627        16.4510317647768     
   16.1271351591167        15.4548387994636     
   16.1152292250643        14.4215663600409     
   16.1049647014410        13.4315446034883     
   16.0964856967206        12.5452379794731     
   16.0897716700859        11.8111196176736     
   16.0849537164875        11.2647926242935     
   16.0820028273222        10.9273180690565     
   16.0808200662769        10.8041795925490     
   16.0813089526755        10.8850346842028     
   16.0832803347074        11.1445474855501     
   16.0864656812649        11.5448046118514     
   16.0906294327823        12.0373550311518     
   16.0954142715573        12.5705966791475     
   16.1006080679198        13.0926520293025     
   16.1058687955123        13.5557319005582     
   16.1109840129072        13.9194995234981     
   16.1157709612044        14.1517718552728     
   16.1201613796883        14.2283626501913     
   16.1243383673205        14.1326234925362     
   16.1284530096137        13.8555594844391     
   16.1327580443552        13.3972108933417     
   16.1374772180987        12.8015224599329     
   16.1429008414008        12.1041357310757     
   16.1493006886105        11.3102875587051     
   16.1568655267328        10.4366588302037     
   16.1657682647417        9.50053062817205     
   16.1762286937993        8.51858639329588     
   16.1882481228485        7.50719346824483     
   16.2018076710056        6.48159724169209     
   16.2168822016965        5.45535581580301     
   16.2331597139248        4.44502410055853     
   16.2503525663475        3.46402031388822     
   16.2681725067349        2.52432936169545     
   16.2863065621837        1.64173721208453     
   16.3045101663040       0.839690877848964     
   16.3224953119901       0.132878384422994     
   16.3401976635792      -0.466911197084452     
   16.3574465873210      -0.951260245848960     
   16.3741658672527       -1.31484114539231     
   16.3904622888515       -1.55552018804411     
   16.4064178724201       -1.67293262717535     
   16.4222534135620       -1.66085693346592     
   16.4380741221179       -1.52400933197685     
   16.4539372391788       -1.27166590123234     
   16.4697314818029      -0.914164116434741     
   16.4851509797521      -0.461863065351334     
   16.4997436324807       7.610090488171117E-002
   16.5131674453984       0.691568381637862     
   16.5249534848701        1.37810583710919     
   16.5346912603768        2.13109876611574     
   16.5419536885161        2.94324931989633     
   16.5463564096285        3.80059891195160     
   16.5475331937516        4.70325095523803     
   16.5453357034574        5.65315864763405     
   16.5395095310930        6.65168765180249     
   16.5300569502194        7.68808170286254     
   16.5171977498381        8.75257828676737     
   16.5012521047136        9.83820255027161     
   16.4826165892733        10.9361918935440     
   16.4619742526165        12.0364601208964     
   16.4398681804990        13.1273408319848     
   16.4169507661148        14.1929579563288     
   16.3938717010946        15.2073323340647     
   16.3713509989436        16.1564110560915     
   16.3499647866963        17.0277135918798     
   16.3303507033049        17.8071971573079     
   16.3128280957416        18.4806631556597     
   16.2975150468600        19.0347080902894     
   16.2842249104529        19.4571848882885     
   16.2726385419682        19.7381489481646     
   16.2622622391701        19.8707553711968     
   16.2525316672878        19.8517484115483     
   16.2429384942184        19.6834210896608     
   16.2329774577699        19.3751491137599     
   16.2221567070739        18.9445823195335     
   16.2100960572297        18.4243472445568     
   16.1965569027316        17.8542905452055     
   16.1815845383398        17.2682286418167     
   16.1653692706221        16.6977449224328     
   16.1483740959119        16.1702132498673     
   16.1311300958329        15.7067944775099     
   16.1141509278115        15.3223865861548     
   16.0979846003944        15.0256655209753     
   16.0831196611055        14.8199867832993     
   16.0699352321169        14.7046426508003     
   16.0589271943650        14.6757796547625     
   16.0503303280771        14.7268683216151     
   16.0443674005041        14.8491331617563     
   16.0412930668135        15.0317925373339     
   16.0410911046511        15.2624227149717     
   16.0437004955072        15.5271355401861     
   16.0488632173922        15.8107614747513     
   16.0563939290481        16.0969127804954     
   16.0661399458678        16.3680487840596     
   16.0778536154379        16.6057561154953     
   16.0913045272702        16.7871254384717     
   16.1062248402081        16.8871209779702     
   16.1226839089464        16.8880406536115     
   16.1403302751985        16.7750784737719     
   16.1591246814145        16.5359885769171     
   16.1790349023779        16.1625378352020     
   16.2000326948185        15.6507256221173     
   16.2222150290977        15.0006867180660     
   16.2455446599687        14.2177036731830     
   16.2699779376006        13.3110753428330     
   16.2954459694723        12.2948735946050     
   16.3217194675941        11.1872366397010     
   16.3487720334670        10.0112084098235     
   16.3762987398840        8.79804474010227     
   16.4042740859440        7.58320854168323     
   16.4324323874682        6.39439666805169     
   16.4605596987263        5.25744651355786     
   16.4883453218585        4.19436366359754     
   16.5154493433981        3.22233929926296     
   16.5414742964800        2.35366051749426     
   16.5661499969311        1.60339737710630     
   16.5892069957202       0.976646458274530     
   16.6103358513199       0.470382234507065     
   16.6292222782804       8.016159871162021E-002
   16.6455212692779      -0.198130867099390     
   16.6588533713248      -0.367758064050527     
   16.6689200246968      -0.429329400083036     
   16.6754345720310      -0.382964041073459     
   16.6780861149331      -0.227424328241389     
   16.6767427170864       4.014742766911894E-002
   16.6713920277617       0.423704317578461     
   16.6620528311408       0.927737478168962     
   16.6489780149520        1.55661662033011     
   16.6324056405679        2.31296899243380     
   16.6127103159261        3.18682470707002     
   16.5904362959675        4.16552430579360     
   16.5661750383634        5.23681896318942     
   16.5406886794545        6.38369075276764     
   16.5146539529970        7.58430787977035     
   16.4886985984933        8.81252631826806     
   16.4631877938571        10.0383989028507     
   16.4382763624040        11.2317009816942     
   16.4139745623382        12.3621049189312     
   16.3902207506428        13.4082823486083     
   16.3669251740519        14.3504097299166     
   16.3439964548824        15.1702740841137     
   16.3210838382194        15.8524261760228     
   16.2979980503153        16.3863808289176     
   16.2743945205051        16.7683128539088     
   16.2500518810019        16.9975993008648     
   16.2247997757290        17.0784270729250     
   16.1987068304340        17.0329450395291     
   16.1719638145152        16.8873495870303     
   16.1449700601036        16.6680973657715     
   16.1181806475712        16.4026975594236     
   16.0922470810230        16.1177887079136     
   16.0678075061821        15.8375414610370     
   16.0455941586177        15.5839392025060     
   16.0263644498691        15.3748657827212     
   16.0107602870821        15.2239897618218     
   15.9993652849376        15.1405539190490     
   15.9925317629065        15.1294749252916     
   15.9904772579628        15.1911503512013     
   15.9931729159312        15.3215946765874     
   16.0005017036385        15.5129642966578     
   16.0121517199724        15.7539875734379     
   16.0277023986945        16.0300950803533     
   16.0466178940502        16.3242870254563     
   16.0682273729049        16.6170620122739     
   16.0917455021637        16.8876316875279     
   16.1163676237582        17.1150033300941     
   16.1412089770446        17.2792259056209     
   16.1654677323082        17.3622511815120     
   16.1886582107983        17.3488411270795     
   16.2103016111437        17.2242249181323     
   16.2302881178621        16.9796120041091     
   16.2486499468036        16.6129619180104     
   16.2655404042826        16.1259896945447     
   16.2812637400061        15.5251368001953     
   16.2961829734216        14.8265834663544     
   16.3107733087473        14.0403763397807     
   16.3255579271688        13.1767263678039     
   16.3409985006251        12.2479136647718     
   16.3575251378363        11.2690102226299     
   16.3754545497004        10.2536324537531     
   16.3948821462885        9.21931373474514     
   16.4158182573027        8.18408759837748     
   16.4380766401629        7.16322768603061     
   16.4613769052241        6.17201685420854     
   16.4853273676830        5.22610122569259     
   16.5094049477727        4.34183442917807     
   16.5329698043952        3.53581478192925     
   16.5551752569777        2.82346704171415     
   16.5753108796424        2.21778855384085     
   16.5925298615805        1.72839847357476     
   16.6061964052964        1.36040560921868     
   16.6158691590873        1.11473309726327     
   16.6211905065243       0.988444324804211     
   16.6221410784572       0.977001395107373     
   16.6187852354337        1.07510480544915     
   16.6113643480012        1.27574660336231     
   16.6003101975896        1.56850691737374     
   16.5862357677921        1.94201131475749     
   16.5699158555253        2.38391360417011     
   16.5522227241197        2.88164863144607     
   16.5339727031546        3.42332092209505     
   16.5159466992456        3.99963506478787     
   16.4986660928836        4.60760161696468     
   16.4824421481601        5.24011618851149     
   16.4674213876590        5.88990028029999     
   16.4536729700893        6.54780437535682     
   16.4412166885951        7.19911089040487     
   16.4301232868432        7.83175789187176     
   16.4201665272199        8.43242873207915     
   16.4110919530833        8.98752606146125     
   16.4023552028884        9.48391194917401     
   16.3933780075191        9.89960142226624     
   16.3834938008152        10.2143409646568     
   16.3721497058200        10.4219898278493     
   16.3589729413674        10.5213166937754     
   16.3437087031062        10.5174952756069     
   16.3263231374404        10.4248462380091     
   16.3069743149210        10.2585901158881     
   16.2860676883427        10.0372944250522     
   16.2642666142434        9.78259743822823     
   16.2422196589502        9.51806854543340     
   16.2208182909029        9.26859600410074     
   16.2008632252296        9.05845471609804     
   16.1830886921127        8.91032342254279     
   16.1679903125958        8.84387480846459     
   16.1559630910011        8.87525222975760     
   16.1471700210566        9.01647833733312     
   16.1417070675509        9.27603051263287     
   16.1395282129562        9.65697982939664     
   16.1405759084807        10.1583879648221     
   16.1445630901529        10.7748065053938     
   16.1510838278288        11.4949591595504     
   16.1595882159847        12.2948368590948     
   16.1693442491550        13.1471343529519     
   16.1793399334687        14.0200370747835     
   16.1887178933487        14.8780815715355     
   16.1967381558766        15.6845139874491     
   16.2027547819183        16.4033655566005     
   16.2063094371060        17.0024851880122     
   16.2073348333987        17.4557777191450     
   16.2059650344131        17.7453593012480     
   16.2025993157448        17.8626093345998     
   16.1979856247004        17.8080962304020     
   16.1929837211016        17.5907695486248     
   16.1885270674510        17.2321792964185     
   16.1854903898124        16.7653267817966     
   16.1846732414588        16.2264776223768     
   16.1865958281582        15.6372540877858     
   16.1916757919429        15.0158007852414     
   16.2001108723842        14.3771475952265     
   16.2119327325039        13.7325625471851     
   16.2270442340477        13.0907810571940     
   16.2454298713584        12.4596108768115     
   16.2668477979820        11.8488168449613     
   16.2909049660106        11.2654521542813     
   16.3169904584109        10.7154950926282     
   16.3445009392017        10.2020322067838     
   16.3725694628185        9.72620229144768     
   16.4003520779533        9.28587051935742     
   16.4270138638648        8.87554910983519     
   16.4516972667761        8.48695809269346     
   16.4737709001979        8.10941577513316     
   16.4926332996998        7.73068650654722     
   16.5078431918538        7.33940590786054     
   16.5192301259941        6.92626566297818     
   16.5268468667684        6.48676691491599     
   16.5309752668377        6.02255426138353     
   16.5321537989553        5.54299051904414     
   16.5311645954417        5.06486236067456     
   16.5286202676443        4.62429204562991     
   16.5251086511640        4.24261138333800     
   16.5210154563639        3.93622790081783     
   16.5166362363208        3.71716633565401     
   16.5121594294750        3.59307833050726     
   16.5076395217613        3.56751867036539     
   16.5032165863061        3.64053087168756     
   16.4988228988765        3.80952096771615     
   16.4942189601832        4.06964140712416     
   16.4891414472637        4.41503788879337     
   16.4831708964238        4.83896515624800     
   16.4758675604951        5.33363091763984     
   16.4668040870289        5.89125647018267     
   16.4556183029275        6.50353691904166     
   16.4419385358434        7.16122984509540     
   16.4257187746191        7.85376822872557     
   16.4068435736957        8.56776639844785     
   16.3854669664236        9.28972104808838     
   16.3619122516881        10.0035497889876     
   16.3366992933407        10.6903046420838     
   16.3107283985406        11.3296898551922     
   16.2848720772339        11.9021185394678     
   16.2599968908193        12.3920681397855     
   16.2367867146591        12.7903154048575     
   16.2157373213907        13.0951723109775     
   16.1970922622343        13.2958949165871     
   16.1810044621968        13.4002182814509     
   16.1675893718081        13.4219445993994     
   16.1568293186464        13.3766253413287     
   16.1487362410803        13.2809453817294     
   16.1430995726205        13.1524849521757     
   16.1397227222553        13.0094365227958     
   16.1383082101518        12.8693900372564     
   16.1384541938052        12.7485071475937     
   16.1398432713142        12.6611845196484     
   16.1422262335411        12.6199874733242     
   16.1454076893727        12.6348634646405     
   16.1491731131659        12.7129324851157     
   16.1535012286937        12.8586848900953     
   16.1583041333161        13.0733446986090     
   16.1636232809979        13.3540510113991     
   16.1695642324928        13.6933935710415     
   16.1762355794264        14.0791305542403     
   16.1839257269141        14.4945066630671     
   16.1927605455420        14.9193341554485     
   16.2029194456751        15.3321232765447     
   16.2144369754283        15.7124956541127     
   16.2271933793047        16.0431587878910     
   16.2411173545502        16.3104186120260     
   16.2560670346171        16.5039299153429     
   16.2718835761106        16.6158663329533     
   16.2884250474179        16.6405714168516     
   16.3054719279901        16.5744445048255     
   16.3227601756189        16.4162559733142     
   16.3398556567773        16.1671175918140     
   16.3564083546061        15.8302881207524     
   16.3719664281370        15.4109385280580     
   16.3861540826986        14.9156542225910     
   16.3987013904042        14.3515973756338     
   16.4093471786960        13.7266255860415     
   16.4179826985278        13.0493152262160     
   16.4245825778165        12.3292985532858     
   16.4292050426950        11.5773201624371     
   16.4320388350455        10.8054221696770     
   16.4333842585220        10.0274418310953     
   16.4335863476550        9.25879395057969     
   16.4330793923608        8.51560840897435     
   16.4323117366839        7.81426610847470     
   16.4315436528543        7.16908505353200     
   16.4310166962801        6.59074509374050     
   16.4307744810672        6.08700051912825     
   16.4307254158295        5.65894097641052     
   16.4308932602882        5.30492576855744     
   16.4311899890354        5.02119345633040     
   16.4314816565556        4.80260194716496     
   16.4316447971216        4.64269772075180     
   16.4314340235022        4.53065111618477     
   16.4305828333383        4.45564400007168     
   16.4287207364187        4.40751553442858     
   16.4256661994446        4.37572139108811     
   16.4210895892726        4.35084573971616     
   16.4148502141624        4.32405282087964     
   16.4069499524433        4.28759441636667     
   16.3974525066446        4.23781968017212     
   16.3866968036173        4.17982299420089     
   16.3750511824471        4.10379314718714     
   16.3632342633927        4.00817899595569     
   16.3519464807227        3.89756243318117     
   16.3419098900588        3.77970913304645     
   16.3336536988499        3.66386185344352     
   16.3274990553816        3.55995472804046     
   16.3236149961969        3.47698271495024     
   16.3218112144166        3.42199980083467     
   16.3217773480909        3.40052869487760     
   16.3231292289011        3.41658467284788     
   16.3253549948456        3.47334967347059     
   16.3282407691570        3.57474545099246     
   16.3313656100269        3.73031611291228     
   16.3343656444043        3.94462544809246     
   16.3369143705645        4.22156053012528     
   16.3387155889159        4.56397544378778     
   16.3393847259479        4.97461434509188     
   16.3387278753234        5.45574866739010     
   16.3364822328868        6.00875022344826     
   16.3324367437384        6.62494829439401     
   16.3264229244007        7.29755678213291     
   16.3183206477179        8.01504311195282     
   16.3081063648131        8.76947530628303     
   16.2958693024099        9.55501424628742     
   16.2816753048526        10.3644393665290     
   16.2658855276496        11.1900974247075     
   16.2489056001227        12.0247337209694     
   16.2311157090327        12.8621761229695     
   16.2131299452859        13.6970808524557     
   16.1953640058379        14.5255341925191     
   16.1781808009839        15.3444821967697     
   16.1619249297263        16.1509537187533     
   16.1468223017180        16.9407897260573     
   16.1331685107502        17.7080530373970     
   16.1211728510822        18.4446063315412     
   16.1110638040565        19.1393643421296     
   16.1030398021138        19.7778071921667     
   16.0973643070032        20.3391689730679     
   16.0941794362477        20.8094955890809     
   16.0935685004334        21.1759772065389     
   16.0956305296996        21.4259786786045     
   16.1004729958202        21.5471777361502     
   16.1081236401944        21.5272920774678     
   16.1185911627134        21.3540831336423     
   16.1317908157756        21.0155455134388     
   16.1476268151050        20.5004777825663     
   16.1659578834039        19.7996473294393     
   16.1864569374095        18.9077504134169     
   16.2087867279903        17.8253430723703     
   16.2324425753165        16.5658688563699     
   16.2568501326556        15.1619870894940     
   16.2812963463726        13.6447184066852     
   16.3053039345166        12.0479388013759     
   16.3281233736005        10.4052884740327     
   16.3493548980706        8.74647416412908     
   16.3687035065968        7.09820674899623     
   16.3859497293861        5.49464796064981     
   16.4009379641003        3.96283141631740     
   16.4138126895308        2.51103655149889     
   16.4245634731774        1.14206445423291     
   16.4332711956039      -0.141800160701389     
   16.4400154342844       -1.33780388374650     
   16.4448836505838       -2.44333985346541     
   16.4479796939011       -3.45404624081430     
   16.4494873252903       -4.36359482453045     
   16.4495359061723       -5.16347225677314     
   16.4482276336181       -5.84326740991968     
   16.4457378257336       -6.39115053068180     
   16.4421678813343       -6.79517590731705     
   16.4376613868289       -7.04589163441457     
   16.4322772266895       -7.13731020677384     
   16.4261576342058       -7.07102324624600     
   16.4194393872964       -6.86537756570317     
   16.4122910060036       -6.53355753922791     
   16.4048117371388       -6.08860750336919     
   16.3972821378725       -5.54380377450429     
   16.3898426404293       -4.91151326817101     
   16.3827419103533       -4.20236641635792     
   16.3761786548003       -3.42492562038148     
   16.3703358391401       -2.58602541220293     
   16.3654620940464       -1.69085785607033     
   16.3616534777071      -0.743727107291651     
   16.3591328945000       0.250134861556649     
   16.3579710901485        1.28486641494307     
   16.3581756913171        2.35543940586524     
   16.3597072767297        3.45408827655554     
   16.3623603542455        4.57207572719510     
   16.3657746020178        5.69807584621776     
   16.3696490434022        6.81724822598965     
   16.3733542545897        7.90807737126074     
   16.3762414302507        8.94496766433017     
   16.3775598958409        9.90671191045940     
   16.3765313319738        10.7687611336443     
   16.3727468583101        11.4741850669653     
   16.3657079679686        12.0174805109753     
   16.3553184989814        12.4169773148782     
   16.3415670398632        12.7013140566449     
   16.3248213764425        12.9056207616349     
   16.3054085838901        13.0655713649195     
   16.2838577637302        13.2154611978232     
   16.2607049984534        13.3858839299293     
   16.2365493781847        13.6029187193053     
   16.2119865282109        13.8873142913157     
   16.1877002013353        14.2542030079981     
   16.1642060356267        14.7127835965811     
   16.1421237894562        15.2660257942675     
   16.1219335715366        15.9100361979690     
   16.1040055611272        16.6335151365760     
   16.0885757015522        17.4175526267663     
   16.0760236013060        18.2347001660169     
   16.0664822592510        19.0376469188762     
   16.0600704312697        19.7838681566943     
   16.0568313240292        20.4328681027329     
   16.0566228245496        20.9461439463433     
   16.0591402972364        21.2916498767897     
   16.0640290582719        21.4469556280678     
   16.0706827482603        21.4012109262349     
   16.0786539265386        21.1535830761121     
   16.0873845314253        20.7115486405504     
   16.0963950687442        20.0878780858773     
   16.1054162750023        19.2969510872308     
   16.1142382728309        18.3547386571275     
   16.1227563823898        17.2773759474493     
   16.1309844960977        16.0818354957132     
   16.1390484064367        14.7875516103066     
   16.1471622438231        13.4359620030508     
   16.1556731722391        12.0617091182910     
   16.1650531599032        10.6927300093378     
   16.1757550787840        9.35535218273389     
   16.1881405630268        8.07366337156444     
   16.2027078155217        6.87760452695665     
   16.2197664692033        5.79486345107703     
   16.2395586777391        4.82987907141196     
   16.2621603541379        3.98398559280763     
   16.2875594405686        3.25793651051730     
   16.3153546110667        2.65229978567860     
   16.3447807515051        2.16984049250825     
   16.3746684819985        1.81163543790137     
   16.4037065459922        1.57713276018052     
   16.4305265309936        1.46453200815490     
   16.4540051937469        1.47043239937245     
   16.4732469789619        1.59026740180338     
   16.4878578015205        1.81871478375283     
   16.4976123268856        2.15443717661328     
   16.5026125178011        2.58803468968200     
   16.5031615379260        3.09477965460969     
   16.4998116686081        3.66307157389173     
   16.4932334420006        4.28211370662721     
   16.4843406088183        4.94129508603072     
   16.4740741082872        5.62958968889024     
   16.4633994196632        6.33547962905002     
   16.4534474882915        7.04005359271092     
   16.4450638356412        7.73664436900884     
   16.4389626289261        8.42234568243980     
   16.4356704982299        9.09381528532796     
   16.4354911450698        9.74405772260773     
   16.4385569131503        10.3621496283394     
   16.4445689031998        10.9254558327544     
   16.4528344795895        11.4069393262766     
   16.4622886492957        11.7797599935834     
   16.4713807148415        12.0174196243377     
   16.4786880494884        12.1170713227734     
   16.4826783565863        12.0986067911965     
   16.4821962089340        11.9801140142692     
   16.4769884105363        11.7818964487391     
   16.4667904306427        11.5334806176362     
   16.4520661669230        11.2640798739328     
   16.4333733237652        11.0008941080253     
   16.4115383771570        10.7740326307897     
   16.3875374325979        10.5985156756286     
   16.3623738631973        10.4838338750401     
   16.3370288397472        10.4373668240677     
   16.3124898757121        10.4650470980825     
   16.2895942460421        10.5717184463973     
   16.2689736188137        10.7616410966549     
   16.2511087732008        11.0383193238933     
   16.2361704721413        11.4046721674911     
   16.2242487440112        11.8625606118546     
   16.2152068253002        12.4118133447869     
   16.2089011244012        13.0385432005923     
   16.2049727465155        13.7243615244086     
   16.2029314243509        14.4487963216708     
   16.2021438045485        15.1860690153821     
   16.2017606357748        15.9066959130863     
   16.2010723918350        16.5802975308275     
   16.1992625658905        17.1743413675827     
   16.1958029559789        17.6545156780800     
   16.1904615748864        18.0088097881727     
   16.1831899044199        18.2327148228332     
   16.1741522762357        18.3257195602884     
   16.1637613802237        18.2899712382129     
   16.1526955047823        18.1291190896113     
   16.1416424948190        17.8486639592791     
   16.1314392332676        17.4555589522782     
   16.1229355496765        16.9586797499461     
   16.1170187376709        16.3687660319587     
   16.1142918206164        15.6984867111269     
   16.1152721329844        14.9618767511575     
   16.1202443611378        14.1758875133111     
   16.1294091013569        13.3694665415932     
   16.1429127042057        12.5589558455449     
   16.1607901111616        11.7578367048357     
   16.1829366422103        10.9803373293695     
   16.2090613489992        10.2432716903663     
   16.2384618094429        9.56655314004119     
   16.2701606862065        8.97794410597864     
   16.3027726395513        8.49774393028189     
   16.3348054348122        8.13505874070676     
   16.3647612547793        7.89479435228930     
   16.3915114645861        7.77838821043324     
   16.4140686937096        7.78509838784667     
   16.4318782862254        7.91311578590400     
   16.4446474000513        8.15950057700441     
   16.4523761173808        8.51983546785382     
   16.4554160958113        8.98159536069353     
   16.4543385316064        9.51915779981775     
   16.4499569433956        10.1108087994784     
   16.4433851361188        10.7331039847345     
   16.4358125394195        11.3658458079891     
   16.4283477541667        11.9894972826680     
   16.4220189492874        12.5786677579369     
   16.4176534061349        13.1076020778050     
   16.4158904572029        13.5718275053079     
   16.4173007047488        13.9698718623469     
   16.4221661247322        14.2996720368180     
   16.4305928686068        14.5575845308520     
   16.4423300024619        14.7379147034255     
   16.4566977115533        14.8333531036126     
   16.4726370572763        14.8367449157924     
   16.4886653975424        14.7424795112255     
   16.5031614757193        14.5475204057475     
   16.5144417237893        14.2522768343907     
   16.5212451578005        13.8610356063768     
   16.5225419648597        13.3820802244778     
   16.5177355913396        12.8355362601219     
   16.5066633180641        12.2507820339029     
   16.4896766468801        11.6478183406259     
   16.4675227918144        11.0475867868823     
   16.4414075071920        10.4716487408278     
   16.4128681017828        9.94299869460163     
   16.3836366916674        9.49451806144383     
   16.3552891741764        9.13696761195732     
   16.3290208212092        8.87274791024726     
   16.3057485284239        8.70159317779110     
   16.2860002614149        8.62151290461405     
   16.2700353348033        8.63029077965347     
   16.2579620104256        8.72656067493900     
   16.2496184512754        8.91009970223194     
   16.2446661032789        9.18161426702067     
   16.2425854473894        9.54242876349284     
   16.2426457742906        9.99371798320371     
   16.2438746661797        10.5357482502990     
   16.2451431739325        11.1646453010352     
   16.2455542058751        11.8564858965760     
   16.2441852294521        12.5937482212264     
   16.2403274470013        13.3608087780412     
   16.2335605737785        14.1405959085953     
   16.2237425450903        14.9159792723404     
   16.2111059135134        15.6550829475435     
   16.1962657038640        16.3193123604819     
   16.1803237614372        16.8907068205031     
   16.1647221266736        17.3550237737253     
   16.1511714784430        17.7022649919846     
   16.1413523771923        17.9279048834492     
   16.1366445646382        18.0319372784567     
   16.1379267214069        18.0168960385985     
   16.1455817367060        17.8850697035924     
   16.1595149626963        17.6367712539163     
   16.1795504142665        17.2688758621931     
   16.2050117297635        16.7726958638267     
   16.2348356912134        16.1463915622500     
   16.2676353260977        15.3986880838561     
   16.3016870570807        14.5759040345167     
   16.3350757191910        13.7156668981517     
   16.3663678531140        12.8490088483317     
   16.3940810551492        12.0050674566693     
   16.4172984663254        11.2127793396961     
   16.4354170997838        10.5089208902870     
   16.4481756365173        9.90022070414413     
   16.4556578068262        9.38616367844691     
   16.4581733819898        8.96481123817251     
   16.4561708930081        8.63433925027129     
   16.4503668958722        8.39377939770015     
   16.4417348006657        8.24367681507249     
   16.4313101076934        8.18588424054284     
   16.4200135153340        8.22274187132202     
   16.4088200513871        8.35671819368281     
   16.3983153001166        8.59247489738283     
   16.3889673338991        8.93294968266996     
   16.3809294770289        9.36863931113110     
   16.3742684356662        9.86801350032740     
   16.3691414436781        10.4105952763800     
   16.3655520486882        10.9736137123596     
   16.3633825951290        11.5309722180378     
   16.3623622381095        12.0548388219932     
   16.3621438677983        12.5051348475241     
   16.3622789012794        12.8557609681981     
   16.3622928318351        13.0971409209930     
   16.3617996687304        13.2253843833162     
   16.3604394180734        13.2404955339634     
   16.3580827288889        13.1449550079571     
   16.3545501509561        12.9423712116388     
   16.3498039853670        12.6372142911594     
   16.3439416263586        12.2338790073814     
   16.3371240171138        11.7385948750741     
   16.3296327605463        11.1597284846761     
   16.3219602716862        10.5092324494619     
   16.3145845259365        9.80308007576775     
   16.3079826576931        9.06920221436335     
   16.3025896376543        8.34833342079626     
   16.2987063325667        7.66637940346849     
   16.2965994567995        7.04485172385707     
   16.2964334074846        6.50037299309778     
   16.2982471701444        6.04506077789253     
   16.3022012082899        5.68585366489559     
   16.3081489020791        5.43689325813360     
   16.3157654196408        5.29927717618286     
   16.3244983919895        5.27344148015668     
   16.3336377992496        5.36034672660744     
   16.3423641021482        5.56198767377937     
   16.3497608104461        5.88193811437320     
   16.3550994033723        6.32522573812534     
   16.3576016391629        6.89807907280248     
   16.3566665331690        7.60673491657406     
   16.3518356831562        8.45564878681739     
   16.3428847689308        9.43886738757825     
   16.3300043624755        10.5272188792576     
   16.3137078804751        11.6932426295963     
   16.2949998286385        12.9009655904418     
   16.2751806277285        14.1074045980819     
   16.2556543802304        15.2663798661487     
   16.2377913090127        16.3196410846268     
   16.2226120594509        17.2363469039361     
   16.2108558821738        18.0045380674483     
   16.2029515026911        18.6206351984284     
   16.1989688574922        19.0853184489025     
   16.1987889117579        19.3989595637130     
   16.2020479316242        19.5631092552326     
   16.2083127721940        19.5796446391048     
   16.2169080220809        19.4509988931103     
   16.2271757321829        19.1798536646552     
   16.2383629230188        18.7708146415245     
   16.2497254244967        18.2306769826227     
   16.2605983160530        17.5697913191457     
   16.2704685435865        16.8170421007711     
   16.2788977076214        15.9941325912490     
   16.2855823603200        15.1187809499525     
   16.2904538321988        14.2087689994413     
   16.2935832435855        13.2818997614911     
   16.2951101169708        12.3596234394583     
   16.2956539637236        11.4736485795445     
   16.2957404623245        10.6331106005997     
   16.2960577309850        9.84100890689269     
   16.2972710376378        9.09687555153031     
   16.2999876720554        8.39749525744172     
   16.3045137570845        7.73871519273097     
   16.3109958253736        7.11684363130024     
   16.3192262366765        6.52972926370295     
   16.3290802345939        5.97710389955089     
   16.3399201157466        5.46171944488234     
   16.3511671509807        4.99927964594226     
   16.3621186753012        4.60440226953954     
   16.3722841947806        4.27985962273121     
   16.3808748000217        4.02301046553554     
   16.3876470829715        3.81092667727543     
   16.3922620743278        3.63506285714997     
   16.3946413376218        3.49251356059021     
   16.3948656346727        3.38642140236802     
   16.3931644044458        3.31290459334943     
   16.3899616585550        3.26206462161646     
   16.3857905287919        3.21986525338495     
   16.3812880603451        3.18870703903324     
   16.3772104621576        3.17281447532103     
   16.3743547323910        3.17713346728033     
   16.3733043674401        3.20572401681114     
   16.3745182102046        3.26081786408220     
   16.3782090357213        3.34224098563511     
   16.3843459484715        3.44707186575413     
   16.3926107511382        3.57080142881241     
   16.4025058055830        3.70765397226068     
   16.4133660076702        3.85419235465140     
   16.4244598258624        4.02502084249891     
   16.4350929370305        4.22602273092373     
   16.4444296970484        4.45965331910795     
   16.4518468426488        4.72921190969402     
   16.4568154561126        5.03138500721743     
   16.4589345232043        5.34596572546127     
   16.4579573639190        5.68667371184784     
   16.4538172042398        6.05580119189764     
   16.4465441812196        6.45463844221097     
   16.4363100163376        6.88652479499464     
   16.4233541734463        7.35687149452462     
   16.4079788004748        7.87324997225221     
   16.3905072538685        8.44540373435056     
   16.3713516803818        9.08466870468288     
   16.3509207381540        9.80299556763227     
   16.3295580057668        10.6118799302593     
   16.3076090579161        11.5208699577041     
   16.2854853815974        12.5355309967851     
   16.2634359464090        13.6379234190502     
   16.2417105291816        14.8087312866424     
   16.2205584706722        16.0291657248184     
   16.2002587400016        17.2747902188067     
   16.1809736780051        18.5152309015336     
   16.1629914949622        19.6953275423390     
   16.1465152487506        20.7672863736240     
   16.1317633909357        21.7026495516430     
   16.1188977427886        22.4779350437138     
   16.1080873040299        23.0745874851492     
   16.0994335196018        23.4780495413742     
   16.0932355912413        23.6758309396957     
   16.0895741048222        23.6562321113836     
   16.0885717333269        23.4070795786545     
   16.0902686960601        22.9162502450532     
   16.0946137356507        22.1746834662845     
   16.1013645914753        21.1810963214070     
   16.1101794827882        19.9487260670257     
   16.1203759999495        18.5111867088316     
   16.1315960605970        16.9244248200902     
   16.1430528404532        15.2946952483469     
   16.1543268960030        13.7232311999106     
   16.1650652176337        12.2719614438256     
   16.1749909059784        10.9819656293507     
   16.1841313319170        9.89166545012582     
   16.1925316801462        9.01460752174264     
   16.2003574840531        8.33448296280464     
   16.2077906608706        7.83285372417135     
   16.2150819303203        7.49231747703879     
   16.2223018271860        7.29800878847774     
   16.2295199007659        7.23813308881561     
   16.2366950359234        7.30395172255043     
   16.2437691702039        7.48936995128674     
   16.2506813632095        7.79038630358042     
   16.2572287762914        8.20347663589560     
   16.2633786113782        8.72453165484172     
   16.2690342134396        9.34679706702702     
   16.2741320248880        10.0424849298562     
   16.2786772341544        10.7815840134158     
   16.2827345263746        11.5392506936179     
   16.2863046434786        12.2882751894978     
   16.2896359817829        13.0017030644858     
   16.2927766340084        13.6543429887295     
   16.2959470786066        14.2154746520811     
   16.2993310706368        14.6714533613630     
   16.3030950634356        15.0182849788712     
   16.3074122771226        15.2546547682793     
   16.3124325210820        15.3802915940256     
   16.3183610189022        15.3950856382609     
   16.3252222874721        15.2984790573431     
   16.3330787013060        15.0895152618155     
   16.3419628602451        14.7671351611849     
   16.3517904771227        14.3307931360982     
   16.3624180925078        13.7804364372307     
   16.3737547313026        13.1241253114768     
   16.3855883395773        12.3815846066727     
   16.3977442521778        11.5641558272353     
   16.4100435961921        10.6836190504161     
   16.4222900184541        9.75310988770163     
   16.4345209756190        8.79326716798017     
   16.4466684089716        7.85628837944878     
   16.4587647777768        6.96923648649343     
   16.4708336672640        6.15247996716528     
   16.4829939988997        5.42318130244693     
   16.4951437159938        4.79328433026557     
   16.5069480953152        4.26824892456779     
   16.5181251794988        3.84813950416307     
   16.5281213151047        3.53048145979815     
   16.5363096604951        3.31387634646930     
   16.5421167067449        3.20016462052613     
   16.5450426008364        3.19518830665376     
   16.5447093593494        3.30814530075305     
   16.5408367103676        3.55006561069237     
   16.5334763688055        3.93140865594370     
   16.5226679485494        4.46010787795162     
   16.5086530530197        5.14000100796652     
   16.4917377684048        5.97003652154512     
   16.4723977223660        6.91583363530835     
   16.4510498369958        7.93603712818539     
   16.4282818585230        9.01627467042928     
   16.4045377140475        10.1400610625619     
   16.3804996335789        11.2738770548490     
   16.3568259477507        12.3741344323090     
   16.3342164631403        13.4256312205659     
   16.3133690647614        14.4115955056292     
   16.2948861378749        15.3128167382803     
   16.2790579879724        16.1068039783806     
   16.2660354860795        16.7709590017359     
   16.2555342412341        17.2850270131180     
   16.2470711728305        17.6320004117266     
   16.2399697781374        17.7999466282328     
   16.2335983498333        17.7844420774900     
   16.2273939690421        17.5881399919126     
   16.2208587118504        17.2215550784871     
   16.2137168627570        16.7029665626596     
   16.2058979814658        16.0631619704416     
   16.1974904419826        15.3557302214175     
   16.1887365991070        14.6148476926887     
   16.1800210410206        13.8706058821377     
   16.1718387102477        13.1499367986267     
   16.1646594202727        12.4757300771567     
   16.1588524056526        11.8746177871241     
   16.1550157644067        11.3657872099323     
   16.1535558075365        10.9540482680541     
   16.1548310228361        10.6424220833806     
   16.1592538793941        10.4327028593896     
   16.1672230710207        10.3259960133181     
   16.1789044581517        10.3222574775028     
   16.1942579403594        10.4197225907857     
   16.2129434374073        10.6138901233731     
   16.2341550996111        10.8963312170595     
   16.2566926869205        11.2539904039885     
   16.2792153572637        11.6625000993471     
   16.3003962068293        12.0812070541080     
   16.3190288422736        12.4826168400754     
   16.3342595971112        12.8432607471203     
   16.3456031081651        13.1445418440429     
   16.3529133784963        13.3737224814549     
   16.3565762181951        13.5161148509835     
   16.3571069378904        13.5651161099050     
   16.3552818714733        13.5312906423622     
   16.3519561879859        13.4303590867467     
   16.3479741585502        13.2756637531461     
   16.3442624759927        13.0763554266304     
   16.3415000622196        12.8386264398855     
   16.3401913097268        12.5660858875858     
   16.3406854078696        12.2594217949216     
   16.3432493012878        11.9168926335889     
   16.3479328724574        11.5349318206605     
   16.3545434550385        11.1154998898134     
   16.3629332039015        10.6763332318201     
   16.3725629256133        10.2280886537696     
   16.3827455542906        9.78293724836522     
   16.3926312340998        9.35289289572723     
   16.4013455427522        8.95290046444312     
   16.4082217868676        8.60288856055180     
   16.4126988931145        8.32597262764143     
   16.4145453830625        8.12576481588163     
   16.4134802675878        8.00305749776849     
   16.4096534619474        7.95781442218299     
   16.4031406698288        7.98964857210219     
   16.3942328834315        8.09842551717715     
   16.3832800912409        8.28416447536422     
   16.3707041392640        8.54708245949995     
   16.3570265268538        8.88720339078256     
   16.3427016975145        9.30376220240056     
   16.3282419174764        9.79458682049535     
   16.3140599170709        10.3530520627041     
   16.3006501082214        10.9528361562597     
   16.2883292509779        11.5751838306840     
   16.2775117362194        12.2015057259772     
   16.2685430266938        12.8101742656506     
   16.2618370307529        13.3802006325150     
   16.2577069231195        13.8810862838222     
   16.2562715121471        14.2764427963923     
   16.2574250212733        14.5520573389509     
   16.2610236485448        14.7007417586760     
   16.2665455720643        14.7216929757986     
   16.2733689193097        14.6189971544407     
   16.2808788587143        14.3988974443436     
   16.2883817752220        14.0689330472103     
   16.2951436654337        13.6367586850780     
   16.3007629213660        13.1100378496277     
   16.3046999434624        12.4975945075767     
   16.3066640551413        11.8102937740929     
   16.3066153852145        11.0623670927744     
   16.3046403897107        10.2779184838266     
   16.3010407155453        9.50227175111249     
   16.2964053205275        8.76432644240321     
   16.2911662228774        8.08913096715582     
   16.2860605014521        7.49829575013788     
   16.2816971294724        7.01095099064760     
   16.2786796395473        6.65658918840648     
   16.2774914786680        6.44343499243747     
   16.2784692769541        6.36729140929754     
   16.2817920859904        6.41636176258232     
   16.2872769593249        6.58234609682999     
   16.2942991657523        6.85841091353976     
   16.3021763466748        7.23822745241176     
   16.3099692611443        7.71742722035992     
   16.3166769091998        8.29359098582677     
   16.3215296096607        8.96480385666510     
   16.3237863508556        9.72852221149103     
   16.3230171808362        10.5803359177707     
   16.3189901006021        11.5075733845802     
   16.3115426371833        12.4750302822076     
   16.3011721318479        13.4575519030706     
   16.2883677225300        14.4302544289679     
   16.2739080334429        15.3675743115306     
   16.2587191576068        16.2448755992291     
   16.2437710907804        17.0268446637246     
   16.2299647994355        17.6914164192659     
   16.2180819263063        18.2330896716934     
   16.2089001954907        18.6499168125642     
   16.2030500871739        18.9409998516068     
   16.2011022442174        19.1047089335896     
   16.2034842464953        19.1377318283157     
   16.2105010274018        19.0353645190517     
   16.2221165691947        18.7921592497057     
   16.2379875822770        18.4030156954803     
   16.2574575834266        17.8650286171208     
   16.2794294737854        17.1785122026299     
   16.3030275907130        16.3473389466561     
   16.3271208824303        15.3928560949033     
   16.3506240483372        14.3504559235784     
   16.3725628607494        13.2431875308131     
   16.3922202950471        12.0959635162017     
   16.4089400713795        10.9364319665392     
   16.4223215926710        9.82088064063371     
   16.4322098581765        8.78505420328097     
   16.4387165945662        7.84378327936216     
   16.4423567827175        7.00509958165319     
   16.4437376486050        6.27094614325172     
   16.4433737487684        5.63850236148770     
   16.4420626687632        5.10271581817051     
   16.4403194199904        4.65921122102218     
   16.4385196015283        4.30617436151736     
   16.4371369028770        4.04657684936577     
   16.4363991065706        3.88783233074590     
   16.4362798212752        3.84051737563723     
   16.4365693456524        3.91526661513548     
   16.4368998419723        4.12108194563478     
   16.4365243548990        4.46597713483212     
   16.4348009774974        4.94702485764639     
   16.4310861995421        5.51989086764095     
   16.4251168132228        6.15558575650885     
   16.4165355710665        6.83689662991694     
   16.4055411338013        7.54722086607784     
   16.3923153207971        8.26936493130865     
   16.3772145594291        8.97275825574736     
   16.3607285629610        9.64490572121841     
   16.3434611817495        10.2802977227152     
   16.3261603722316        10.8741353843838     
   16.3095318300080        11.4216835562130     
   16.2942670578504        11.9176311557686     
   16.2809134861427        12.3566152951374     
   16.2698855579154        12.7327922942437     
   16.2612023072901        13.0383601772826     
   16.2549240241752        13.2594277708743     
   16.2508335797665        13.3861351102134     
   16.2487087068467        13.4111970965268     
   16.2482921362852        13.3403115980463     
   16.2493859859217        13.1903922857150     
   16.2517528659214        12.9635497035521     
   16.2550761349235        12.6764894974315     
   16.2590647548512        12.3521101106691     
   16.2633999138570        12.0167345097295     
   16.2676629886756        11.7097436434996     
   16.2716837319117        11.4552507095664     
   16.2752456562910        11.2668477786488     
   16.2782740960090        11.1563610781566     
   16.2808313514377        11.1342330880303     
   16.2829870675742        11.2103043624881     
   16.2849039460606        11.3936784874395     
   16.2867543528326        11.6919428700802     
   16.2886278536599        12.1103077340679     
   16.2906426129183        12.6509141723700     
   16.2927805098194        13.3115133146266     
   16.2949720307800        14.0782222008712     
   16.2970730515925        14.9123631667555     
   16.2990831714766        15.7847254290049     
   16.3011057784475        16.6628324273360     
   16.3033320688859        17.5097061859424     
   16.3061550692711        18.2745898295312     
   16.3098522657275        18.8941078080342     
   16.3147970860623        19.3402531759431     
   16.3211499372113        19.5995177826685     
   16.3287087528844        19.6714763733891     
   16.3375338576608        19.5658150065087     
   16.3473062528827        19.3018057140295     
   16.3576103628677        18.8957588129122     
   16.3679749988911        18.3595449461611     
   16.3778587217538        17.7032557544248     
   16.3868608425042        16.9359497543102     
   16.3944307344879        16.0675528686660     
   16.4002098508190        15.1108999803953     
   16.4038564217146        14.0834218799222     
   16.4052510555588        13.0122084310157     
   16.4043854385216        11.9517864407254     
   16.4014662449625        10.9337365626106     
   16.3967350708345        9.98124290920199     
   16.3905138808801        9.11114603658950     
   16.3831878722481        8.33905663499054     
   16.3751960842457        7.69121593739958     
   16.3668913268499        7.16841019148649     
   16.3587408031548        6.76756220129215     
   16.3511050390218        6.48557224412762     
   16.3442417497083        6.31991962807089     
   16.3382875403919        6.26867737050317     
   16.3331012533912        6.33089323283908     
   16.3287147180940        6.50609365476267     
   16.3248033980919        6.79415493067424     
   16.3210001546498        7.19531566113299     
   16.3168974104965        7.70859891549180     
   16.3121987996402        8.33076296942130     
   16.3065899953794        9.05078410332771     
   16.2999264722620        9.82842087542054     
   16.2922358220947        10.6327244906086     
   16.2838535857651        11.4345897925305     
   16.2751517166543        12.2063248502192     
   16.2667333388436        12.9186119831256     
   16.2591426773458        13.5309029468412     
   16.2528448944987        14.0304116255831     
   16.2482773537364        14.4175111168368     
   16.2456938443773        14.6965046768501     
   16.2453846613031        14.8722777058604     
   16.2475001529608        14.9473480255591     
   16.2522721882972        14.9209555708441     
   16.2598303655525        14.7894813899384     
   16.2700504039212        14.5486352895797     
   16.2825422327887        14.1957085581466     
   16.2966896787735        13.7324214150608     
   16.3117261726543        13.1666485180774     
   16.3268906310124        12.5265963480900     
   16.3414230107103        11.8488747283946     
   16.3547209552515        11.1592210073884     
   16.3664314719102        10.4834740675809     
   16.3763831452377        9.84567195600030     
   16.3843235988510        9.26996033294286     
   16.3903423229817        8.79087462821679     
   16.3944265420070        8.41802171863818     
   16.3967149759839        8.15398579691300     
   16.3973416264386        7.99785943371709     
   16.3965057768458        7.94630116638084     
   16.3944068078835        7.99536838348063     
   16.3912521701518        8.14147197359703     
   16.3871322824818        8.38222031847081     
   16.3820622953625        8.71679616537091     
   16.3763180316969        9.14553130705784     
   16.3698232516672        9.66881027362688     
   16.3627028190825        10.2855940691004     
   16.3548667695454        10.9811471358190     
   16.3463466362092        11.7236243577962     
   16.3370680721902        12.4915659981174     
   16.3269207800542        13.2612401068405     
   16.3159510706002        14.0076348759019     
   16.3041559599635        14.7058174265486     
   16.2915484312530        15.3144591465368     
   16.2786628272560        15.8152580560857     
   16.2657490159310        16.1947558440656     
   16.2532308309649        16.4422223133839     
   16.2416609980293        16.5501406834959     
   16.2315383998206        16.5139059637796     
   16.2231668203760        16.3322112624560     
   16.2171029802987        16.0072014227475     
   16.2134184133589        15.5451815715248     
   16.2120313769359        14.9560016097004     
   16.2127148795122        14.2528018832269     
   16.2150969609504        13.4515679294864     
   16.2186389215252        12.5705239669057     
   16.2230884654939        11.6325573483624     
   16.2281100127353        10.6897625942277     
   16.2335711833021        9.77317338329317     
   16.2394165048749        8.90544879711356     
   16.2456325465279        8.10635019376853     
   16.2523869585378        7.40445221553044     
   16.2595968593335        6.82634665572221     
   16.2671961009020        6.36631628526427     
   16.2750601194892        6.00997963860850     
   16.2830332032419        5.74344900656578     
   16.2911294700244        5.55658210370315     
   16.2992606734011        5.44217426612310     
   16.3074555742639        5.39656729425872     
   16.3156237632534        5.42053905609597     
   16.3236285551061        5.51889748843003     
   16.3311388567902        5.69959067608740     
   16.3376417690308        5.97211662802653     
   16.3427830955966        6.34491786437343     
   16.3459854229141        6.82318954332771     
   16.3468735853262        7.40300347904799     
   16.3455319312312        8.05663279069525     
   16.3419250372791        8.76501235323869     
   16.3364311105273        9.50876640089399     
   16.3294963623072        10.2664780399476     
   16.3217950970836        11.0108046155671     
   16.3140000998156        11.7023663246498     
   16.3067928918424        12.3253398704018     
   16.3007409360702        12.8686638345286     
   16.2962961353360        13.3244065811294     
   16.2937332834421        13.6878186089758     
   16.2931242091369        13.9567517901493     
   16.2943741462282        14.1296564556938     
   16.2972854010011        14.2051436884587     
   16.3015582916508        14.1816709880451     
   16.3068420295143        14.0575822247094     
   16.3127525425056        13.8311379642873     
   16.3189504991489        13.4951810318773     
   16.3250209107117        13.0711595378095     
   16.3306284123458        12.5813736641244     
   16.3354417174337        12.0481204468249     
   16.3392465746066        11.4970020343566     
   16.3419542916417        10.9541859781723     
   16.3435233137126        10.4471102612620     
   16.3439040198443        10.0094369409691     
   16.3433646904883        9.65477505198152     
   16.3419384253654        9.39117233604149     
   16.3398056081941        9.22503685278821     
   16.3371892673239        9.16195694359051     
   16.3341522909604        9.20713575954884     
   16.3308649104389        9.36503646043604     
   16.3273672410915        9.63901423030778     
   16.3236138045313        10.0304830875400     
   16.3193794368337        10.5389124291173     
   16.3144035072950        11.1613178700585     
   16.3082551565278        11.8824784689143     
   16.3005188110238        12.6704184004398     
   16.2908527186840        13.5015998561206     
   16.2791114573756        14.3475039893529     
   16.2654079535081        15.1728198268791     
   16.2502859812159        15.9160440221247     
   16.2345700406050        16.5080852599799     
   16.2191269000109        16.9163670226171     
   16.2051484637088        17.1337617346649     
   16.1933355617509        17.1782486287122     
   16.1841982522263        17.0633577373339     
   16.1780594061658        16.8055639368263     
   16.1750071519957        16.4191710690462     
   16.1749749676844        15.9143253161065     
   16.1775396684008        15.2973497485065     
   16.1824457511782        14.5736163539991     
   16.1890589146767        13.7494672310537     
   16.1967350832117        12.8370571980493     
   16.2049257582448        11.8564440584724     
   16.2131994775461        10.8412458209923     
   16.2213433719202        9.86027674784195     
   16.2291936114590        8.95089628519365     
   16.2369338832333        8.13845187710487     
   16.2447651646012        7.44100426691271     
   16.2528031292044        6.88717863986689     
   16.2614236229355        6.48973317962426     
   16.2709057902994        6.23989753003129     
   16.2815650283216        6.12696472266703     
   16.2935893697361        6.13402645774138     
   16.3071155002890        6.24585504924946     
   16.3219153442125        6.45144365971999     
   16.3374203754858        6.74157177333918     
   16.3530969097654        7.10960626928703     
   16.3681313244701        7.55219419597261     
   16.3817304744365        8.06879189352133     
   16.3932116188322        8.66047173950439     
   16.4020179886593        9.32801420276020     
   16.4077107951517        10.0697052276984     
   16.4099258490856        10.8586130357308     
   16.4086545508988        11.6647465508485     
   16.4039936707231        12.4725159069613     
   16.3963056352542        13.2598194122392     
   16.3860629771042        14.0027260435167     
   16.3741197383506        14.6644581755550     
   16.3611084374102        15.2222680520988     
   16.3480063278973        15.6720120568093     
   16.3354246177321        16.0129237700957     
   16.3239290811155        16.2459226865031     
   16.3141467101535        16.3712419271225     
   16.3065392622194        16.3872873823075     
   16.3014092815316        16.2905554897591     
   16.2991545383948        16.0761583157566     
   16.2997053593971        15.7398090152717     
   16.3027142527447        15.2794369199005     
   16.3077780179176        14.6969118187915     
   16.3140631602185        13.9997181938884     
   16.3207861609619        13.2184577424960     
   16.3271340323117        12.3749256793653     
   16.3324664757955        11.4897133597103     
   16.3361808484732        10.5853887759865     
   16.3380344386028        9.69132396343222     
   16.3377329080190        8.85960371515820     
   16.3352173414820        8.11056130507963     
   16.3305653254792        7.45445913824421     
   16.3238896850737        6.89744086756540     
   16.3158098074846        6.44280953992040     
   16.3067478798637        6.09171488527700     
   16.2971633612863        5.84509538135188     
   16.2876293460257        5.70504913586743     
   16.2784909902906        5.67500962341977     
   16.2700961982670        5.76034789057987     
   16.2624247168691        5.96723868657542     
   16.2557688981716        6.30185779251972     
   16.2501249765547        6.76787213902901     
   16.2454421433149        7.36485520170509     
   16.2417213262385        8.06689243580488     
   16.2389118669571        8.83708255075558     
   16.2369611794962        9.65557238818162     
   16.2357182686154        10.5024910226211     
   16.2350901513017        11.3565678158491     
   16.2350045674786        12.1777266263417     
   16.2355345868969        12.9511334224033     
   16.2366749497039        13.6661912280997     
   16.2385891123758        14.3122130396318     
   16.2412439963275        14.8777873352568     
   16.2447625593790        15.3503354590120     
   16.2490120754707        15.7156178774152     
   16.2538447707064        15.9582543181717     
   16.2590297150892        16.0613813591559     
   16.2642362539353        16.0094069840744     
   16.2691535201834        15.7901530262457     
   16.2732092828721        15.3965850922118     
   16.2763822835402        14.8255031713730     
   16.2784199587870        14.0967816955818     
   16.2793333346995        13.2684295890559     
   16.2793509486027        12.3803165279541     
   16.2789882382063        11.4775528753326     
   16.2788601411135        10.6185331845469     
   16.2796260313052        9.87573822955247     
   16.2816290578779        9.27353960353396     
   16.2849766855996        8.82228528980820     
   16.2896017563343        8.52350592475961     
   16.2954088669620        8.37381007767205     
   16.3021245332120        8.36791664574060     
   16.3096691557556        8.50034399775238     
   16.3177488373409        8.76538994658489     
   16.3259367218919        9.15653162189692     
   16.3336712539210        9.66551608431053     
   16.3401728798929        10.2806895865821     
   16.3447222389799        10.9863145447675     
   16.3468838355527        11.7618578205735     
   16.3461216655355        12.5561440039294     
   16.3424525330229        13.3176701409843     
   16.3360302676629        14.0147330191985     
   16.3273142907828        14.6178252821780     
   16.3170038828978        15.0930582627603     
   16.3059641592793        15.3964480339135     
   16.2951493868089        15.5218535084735     
   16.2855479784683        15.4749586070697     
   16.2779649059614        15.2707990296729     
   16.2731132874767        14.9311052895968     
   16.2714556760920        14.4711533008386     
   16.2731866276688        13.9055077558973     
   16.2781028916194        13.2466041392546     
   16.2857811717509        12.5048687221034     
   16.2957788239989        11.6856090641138     
   16.3073298479521        10.7912149404210     
   16.3196251604253        9.82591928169041     
   16.3318076691472        8.80511810463338     
   16.3431773972880        7.77902509522996     
   16.3529534462314        6.78138296257023     
   16.3605569918969        5.83734235744762     
   16.3656686159288        4.97292168412726     
   16.3680977688331        4.23534982666431     
   16.3680851828171        3.65013196565506     
   16.3658568043505        3.21707231071604     
   16.3618518000832        2.93131830847989     
   16.3565461277489        2.78690001050819     
   16.3503793036828        2.77908699329721     
   16.3437503100375        2.90575854725496     
   16.3371524735400        3.16748499599929     
   16.3308099647751        3.56686281165918     
   16.3252739996370        4.10963845703115     
   16.3206120273978        4.80270363155849     
   16.3168332204953        5.65368198824165     
   16.3137379980338        6.66892003881919     
   16.3107694484964        7.85285568505779     
   16.3074265254810        9.20657959919000     
   16.3030507270882        10.6943361550737     
   16.2971218963002        12.2663735096695     
   16.2893908716376        13.8854921443408     
   16.2797119404714        15.5014633905638     
   16.2684176538273        17.0154238484285     
   16.2559539603810        18.3571436019220     
   16.2429247489294        19.4872715796823     
   16.2300045298325        20.3831574933228     
   16.2178069944309        21.0378437706237     
   16.2069573254768        21.4515634648120     
   16.1977622836156        21.6292970643285     
   16.1906779606553        21.5766362720631     
   16.1857788917747        21.2979944675579     
   16.1832107466300        20.7972328021497     
   16.1829894637547        20.0804009203242     
   16.1850277829311        19.1603618101892     
   16.1892206652547        18.0614662092185     
   16.1955686705744        16.8200062775989     
   16.2038046054925        15.4900734026865     
   16.2136580980818        14.1768725923505     
   16.2248254583118        12.9432921007490     
   16.2369937691594        11.8280030400283     
   16.2500344967578        10.8634514610472     
   16.2638252379633        10.0864024115535     
   16.2782639925964        9.48236840410478     
   16.2931997550485        9.02611903045025     
   16.3082358586527        8.68956206113478     
   16.3229606058761        8.44560435042552     
   16.3366665525040        8.27108035442171     
   16.3486738294232        8.14920774101603     
   16.3583803946206        8.07044100363228     
   16.3652921633481        8.03169430449855     
   16.3691238131553        8.03470041342707     
   16.3696298426575        8.08456507822984     
   16.3667661829869        8.18747561243892     
   16.3605575400243        8.34888659381607     
   16.3512128155907        8.56108546284748     
   16.3389634046612        8.81391179777384     
   16.3242805231318        9.10045192790178     
   16.3078421881980        9.40482741432971     
   16.2904712418388        9.70958511453457     
   16.2731424193031        9.97763748957638     
   16.2568115954737        10.1882827976968     
   16.2423226095400        10.3405786886869     
   16.2304845815696        10.4365529551640     
   16.2219612131599        10.4791182182915     
   16.2172163261407        10.4708043782306     
   16.2166346582908        10.4122794847948     
   16.2202779992240        10.3016192659326     
   16.2280234966777        10.1351391895937     
   16.2393547437910        9.90815187610082     
   16.2534819427394        9.61671542571410     
   16.2695322584473        9.25943922107047     
   16.2864500529075        8.83874516534466     
   16.3032049348140        8.37906127572631     
   16.3190759874084        7.91683653186308     
   16.3333638716080        7.46879300919953     
   16.3457371217867        7.05020914784536     
   16.3559355411304        6.67876278455995     
   16.3639867847728        6.39574007199362     
   16.3701256331826        6.19951199661576     
   16.3747191658694        6.08407698620521     
   16.3782520729182        6.04948319354097     
   16.3811407915825        6.09603715203497     
   16.3839570999086        6.22575113349098     
   16.3869747036455        6.44314639677496     
   16.3904210929215        6.75644225325526     
   16.3942869346317        7.17779063735376     
   16.3986366684952        7.72364425793954     
   16.4033550774007        8.41300852359908     
   16.4084701383018        9.26470631961531     
   16.4137120952869        10.2919270262850     
   16.4186907524222        11.4965423986876     
   16.4227981241779        12.8427714086719     
   16.4252776102851        14.2501524774485     
   16.4254767739079        15.6642333350211     
   16.4229374955801        17.0330555710421     
   16.4175627944239        18.2782737447799     
   16.4094316289113        19.3461397450098     
   16.3989914053468        20.2203487197023     
   16.3867606996266        20.8922891984897     
   16.3732056847608        21.3574744428262     
   16.3589533938695        21.6134520083990     
   16.3446197972656        21.6588882458897     
   16.3308136992726        21.4933370395689     
   16.3179118335395        21.1188128188875     
   16.3062110742445        20.5417226715413     
   16.2957488141633        19.7732091449041     
   16.2865037022269        18.8309403535685     
   16.2783377440034        17.7381147687084     
   16.2711884821680        16.5238726184585     
   16.2650543113180        15.2323640462514     
   16.2602545496371        13.9424718472080     
   16.2570247664790        12.7045468147699     
   16.2555715163916        11.5630739257242     
   16.2559042649321        10.5584445510521     
   16.2578564108537        9.74021787943587     
   16.2612420668376        9.11886544536216     
   16.2657219665849        8.68265041335425     
   16.2709991096482        8.41315388357695     
   16.2766753658960        8.28922892195495     
   16.2825139241617        8.28995721121196     
   16.2881268016883        8.39692288226374     
   16.2930762354944        8.59467470504464     
   16.2968367189994        8.86990028102219     
   16.2990482640827        9.21047276231257     
   16.2993216338664        9.60471107527083     
   16.2974015106522        10.0399784536246     
   16.2932799854886        10.4898146790033     
   16.2871298652383        10.9110985630055     
   16.2793440731600        11.2807540963793     
   16.2703865403016        11.5963267742592     
   16.2611454231805        11.8559720151204     
   16.2524195380581        12.0341898085622     
   16.2451348020554        12.1076508757307     
   16.2402629151964        12.0790683415035     
   16.2386563175585        11.9554990099226     
   16.2409009760044        11.7469922844566     
   16.2472971686540        11.4653633721142     
   16.2575942247284        11.1214169625167     
   16.2715408645826        10.7251577294631     
   16.2883757017541        10.2813040291295     
   16.3073920341198        9.79297133650270     
   16.3277699249649        9.26239186998368     
   16.3486771276178        8.69221824712017     
   16.3693229482615        8.08688536897356     
   16.3888998540665        7.46405963472188     
   16.4066939159805        6.85800363707583     
   16.4221504718824        6.28685321736040     
   16.4348816828804        5.76728066021054     
   16.4447335147270        5.31661685676651     
   16.4516729445278        4.96666260490794     
   16.4559078073201        4.74561671765655     
   16.4577244819115        4.65242637505848     
   16.4575084774995        4.68067753877010     
   16.4556915240221        4.81872107717856     
   16.4527913639162        5.03980178888112     
   16.4493111036963        5.33011766408540     
   16.4459714491209        5.68182713118545     
   16.4433185368411        6.09125831288792     
   16.4416627545206        6.55996607140281     
   16.4409902482331        7.09588704104668     
   16.4408156430149        7.71172090302063     
   16.4404366704589        8.42356078021751     
   16.4389545345894        9.24655750487317     
   16.4357554094792        10.1909623738542     
   16.4301903785396        11.2498601484512     
   16.4217666214232        12.3762595120270     
   16.4101650392379        13.5425491111909     
   16.3953065716541        14.7179252343756     
   16.3773344805356        15.8676285287124     
   16.3565250274489        16.9308271175881     
   16.3336849641817        17.8704432991603     
   16.3096276904088        18.6680177910788     
   16.2852796870245        19.3113998020475     
   16.2615716737031        19.7935807615873     
   16.2393288999410        20.1111311457715     
   16.2191949199018        20.2621317095389     
   16.2017762783361        20.2447825591627     
   16.1875000179582        20.0560436899491     
   16.1765711049219        19.6920095624996     
   16.1692535428875        19.1498708442735     
   16.1655673072729        18.4309575631803     
   16.1652240353132        17.5438240929916     
   16.1677595329934        16.5075163546627     
   16.1725309314586        15.3784437660410     
   16.1787738004396        14.2038495101445     
   16.1858516867840        13.0205317353794     
   16.1932337251614        11.8628105122767     
   16.2004181295874        10.7698228252662     
   16.2070491221801        9.78726070004828     
   16.2129049305122        8.92688487831881     
   16.2177418855586        8.19377309530658     
   16.2214747150811        7.58933586575531     
   16.2241182448131        7.11274734249603     
   16.2257603949006        6.76170213119931     
   16.2266484438060        6.53325662568601     
   16.2270830121759        6.42411985226049     
   16.2273597494857        6.43247274813435     
   16.2277624609146        6.55661807555208     
   16.2285637416673        6.79332176625510     
   16.2300597059467        7.13886086219668     
   16.2325207425519        7.58837867648461     
   16.2362809638381        8.11761525840429     
   16.2417082188475        8.68908275703577     
   16.2491188117266        9.28182893570082     
   16.2586337502266        9.87506821931386     
   16.2704485359969        10.4480823299408     
   16.2843431862697        10.9628026794311     
   16.3000351387542        11.4024538982736     
   16.3171100287493        11.7701318527005     
   16.3351447864167        12.0721080723307     
   16.3535644049860        12.3062168947269     
   16.3717042451908        12.4688942600020     
   16.3888919717688        12.5543305032090     
   16.4044072943377        12.5538799630655     
   16.4175762839265        12.4528797697187     
   16.4278931240319        12.2416443464059     
   16.4349145126975        11.9154167303618     
   16.4385338060632        11.4758601131764     
   16.4388362085905        10.9342227600174     
   16.4361235593680        10.3326426326849     
   16.4309730897867        9.70284559816524     
   16.4239930062408        9.07244389806668     
   16.4159011190595        8.46790896397394     
   16.4075934859991        7.91487388908229     
   16.4000076280600        7.45030039443389     
   16.3937988786830        7.08890740118243     
   16.3896403041848        6.83576110559350     
   16.3877067691768        6.69299778817109     
   16.3879343518089        6.66077877362764     
   16.3900450219963        6.73849689065115     
   16.3935976984983        6.92581600335311     
   16.3977926327863        7.22298464106148     
   16.4020956065253        7.63105073917706     
   16.4055020115571        8.15155213941920     
   16.4070152515823        8.78613470988159     
   16.4057803311081        9.53472361696971     
   16.4008004245940        10.3925228287483     
   16.3913472563183        11.3241083733103     
   16.3769463587584        12.2977109784196     
   16.3574412470254        13.2848007468090     
   16.3333484543043        14.2538005030208     
   16.3054435941857        15.1593316370031     
   16.2750181039202        15.9439859932395     
   16.2437285839917        16.5910386135868     
   16.2133342733137        17.0957188410435     
   16.1857786628165        17.4627491742327     
   16.1625384778917        17.7022736822999     
   16.1450684394691        17.8256025407973     
   16.1340789089835        17.8414079663981     
   16.1297224581825        17.7529029003406     
   16.1315749954913        17.5569092436079     
   16.1385807808093        17.2440567561519     
   16.1495599278247        16.8024570146922     
   16.1631761907071        16.2215639781740     
   16.1778645319294        15.4973054145559     
   16.1920216641680        14.6536150482291     
   16.2043433040143        13.7515394244272     
   16.2137710348325        12.8252596287417     
   16.2194268503752        11.9111331422137     
   16.2208935407450        11.0642757744208     
   16.2182923986603        10.3389215405996     
   16.2119746710023        9.74683226145694     
   16.2029932708753        9.29376850458079     
   16.1922512772386        8.98156013709810     
   16.1809740532080        8.81011309902123     
   16.1702769360530        8.77831231264299     
   16.1611151449587        8.88491115776260     
   16.1542183555837        9.12834658082056     
   16.1500821315299        9.50615564292447     
   16.1488977013116        10.0144277821489     
   16.1508402303590        10.6461809254110     
   16.1558148224155        11.3903647925748     
   16.1635718704009        12.2310903707285     
   16.1737211182857        13.1256915067168     
   16.1857034002567        14.0284885761827     
   16.1990549767467        14.9110588835303     
   16.2132746721591        15.7461011630327     
   16.2278424800368        16.5065726809967     
   16.2424062795424        17.1482621448385     
   16.2566713632420        17.6475014531022     
   16.2703871089228        17.9946126999884     
   16.2833776006487        18.1836492701539     
   16.2955440878817        18.2116939288628     
   16.3069277524564        18.0776810037854     
   16.3174609320850        17.7815760648676     
   16.3271949866141        17.3231222822736     
   16.3362635989612        16.7017935801541     
   16.3447894591249        15.9168741863287     
   16.3529919957511        14.9684357205316     
   16.3610370664036        13.8588835859432     
   16.3691579926110        12.5952405664565     
   16.3776959165785        11.2099364578211     
   16.3869146993134        9.76220921340755     
   16.3973097226402        8.29473767541176     
   16.4090293478586        6.85238901395628     
   16.4221291241948        5.50986282882293     
   16.4364018042377        4.33176173005354     
   16.4514373090656        3.33065278846902     
   16.4668585441592        2.50462050248373     
   16.4821452427130        1.84166698254158     
   16.4966989664637        1.32484173226435     
   16.5099252567279       0.936642219157306     
   16.5210696105617       0.662294325766092     
   16.5294245892607       0.492924727961809     
   16.5341743560931       0.426380990238821     
   16.5345446221552       0.467728119414882     
   16.5301241842186       0.628720571436594     
   16.5204813583957       0.926839687655038     
   16.5055085359564        1.38297302057066     
   16.4853187328914        2.02031435978477     
   16.4602481844766        2.85999619803726     
   16.4309179303126        3.91266548228704     
   16.3984226950428        5.12398680042889     
   16.3639801636741        6.43195780083654     
   16.3291519352376        7.79842073649475     
   16.2957104310043        9.15404321826554     
   16.2653339486387        10.4175494142331     
   16.2395982913768        11.5672392631767     
   16.2197296857636        12.5927284597077     
   16.2062332055288        13.4903867533759     
   16.1989840607660        14.2579646588518     
   16.1977465238042        14.8900537641885     
   16.2016301396739        15.3771275079872     
   16.2093450129022        15.7065617130935     
   16.2195139006435        15.8609369363888     
   16.2306268615714        15.8247524823329     
   16.2412480416752        15.5889504767563     
   16.2501075230860        15.1542347018273     
   16.2565107107108        14.5381357352642     
   16.2596984052937        13.8018872928391     
   16.2596646187692        13.0000756334506     
   16.2565372039726        12.1699686132016     
   16.2507556716970        11.3471917893497     
   16.2429556475303        10.5811097691504     
   16.2339152717658        9.91299255469171     
   16.2244914650788        9.35355877114167     
   16.2156662840940        8.90967942702131     
   16.2083569756957        8.58643497792953     
   16.2034777538821        8.38819126776394     
   16.2018016112455        8.31944246621241     
   16.2038633318399        8.38555563659028     
   16.2098807682728        8.59292892867506     
   16.2197298550681        8.94911301476740     
   16.2329170658847        9.46215333447672     
   16.2487137863201        10.1391277423870     
   16.2661526660364        10.9836119740245     
   16.2839850340945        11.9909684945939     
   16.3008343374484        13.1084510063061     
   16.3153607824625        14.2761546754303     
   16.3263055549891        15.4425633054999     
   16.3328516041310        16.5483983794735     
   16.3345782216069        17.4989890641340     
   16.3316058795918        18.2518183039878     
   16.3246302824445        18.7937734757177     
   16.3146606087004        19.1261231338910     
   16.3029116756488        19.2597509795650     
   16.2906792107781        19.2095585217214     
   16.2790904093554        18.9913924987278     
   16.2691744231736        18.6194520655323     
   16.2616430175159        18.0993445047693     
   16.2571548936117        17.4345094938296     
   16.2559770160591        16.6294206208371     
   16.2580195445879        15.6936501632391     
   16.2629843244504        14.6430819055000     
   16.2702410667276        13.5000046054295     
   16.2791924519028        12.3032025398216     
   16.2891943085280        11.1238830842740     
   16.2996414266276        9.99495706975575     
   16.3101355293247        8.94213912182492     
   16.3201939483789        7.99364543543275     
   16.3295851580321        7.19371215536921     
   16.3378902377638        6.54731958116684     
   16.3448232333146        6.05003283863081     
   16.3500641430343        5.69401739933938     
   16.3534366355696        5.46942419614105     
   16.3548734812673        5.36727721301234     
   16.3543137933684        5.38004439493188     
   16.3519529837798        5.50286620653501     
   16.3478345805884        5.73418430740203     
   16.3420992766290        6.07543555708475     
   16.3348795378254        6.53004895636187     
   16.3264338326547        7.10112492145152     
   16.3171351851579        7.78814687006576     
   16.3073981135923        8.55810696298620     
   16.2981289699036        9.35788594181577     
   16.2900327258524        10.1550693002110     
   16.2837772716551        10.9186775215594     
   16.2797937504884        11.6061674899067     
   16.2783996463930        12.1852526270366     
   16.2796329581856        12.6658641129377     
   16.2836182709419        13.0561530977280     
   16.2902378469455        13.3624063732509     
   16.2991331739749        13.5881431155530     
   16.3099872821712        13.7338268526944     
   16.3220148583000        13.7965971352481     
   16.3343471183388        13.7700726965890     
   16.3459780533101        13.6440651892795     
   16.3559300197409        13.4071456217961     
   16.3633298428904        13.0508340201616     
   16.3676159317035        12.5715266155257     
   16.3682832473053        11.9966478237558     
   16.3650564785783        11.3598548254751     
   16.3582426999814        10.6794822333612     
   16.3482276698746        9.97833162054911     
   16.3357832526818        9.30519731173352     
   16.3220216107143        8.70964433749445     
   16.3081866230526        8.20441563178260     
   16.2955976723759        7.79776093155735     
   16.2851362204078        7.49485737315245     
   16.2775342038044        7.29858300503680     
   16.2729213697769        7.21113664714396     
   16.2712570873921        7.23523459450452     
   16.2722081363403        7.37529211167818     
   16.2753285518293        7.63767314125471     
   16.2800967834135        8.02988193949700     
   16.2859031979051        8.55923037012554     
   16.2920853455400        9.23081523580173     
   16.2977905070784        10.0444950550119     
   16.3022411174586        10.9925389101089     
   16.3046975821073        12.0452375649663     
   16.3046279296459        13.1286613767781     
   16.3016728437162        14.1994191159616     
   16.2959219582403        15.2175094097964     
   16.2876077642372        16.1263605278097     
   16.2772676452165        16.8624169007934     
   16.2656616087449        17.4095951524530     
   16.2537804044180        17.7616149198214     
   16.2427919124225        17.9192702479563     
   16.2338791818516        17.8887804784753     
   16.2281557851716        17.6837792338735     
   16.2265327754878        17.3205600884218     
   16.2293432841737        16.8049757895257     
   16.2364766430681        16.1412229850891     
   16.2473298856963        15.3318158694557     
   16.2609154005957        14.3789110850206     
   16.2762664062183        13.2863565191769     
   16.2922828462770        12.0623045493952     
   16.3081052071969        10.7306370231030     
   16.3229445256949        9.36709450526745     
   16.3362248331192        8.01761068295292     
   16.3473124652304        6.72220871800127     
   16.3559794222008        5.54409987358763     
   16.3620555126496        4.54300084526517     
   16.3655848203322        3.72545442602561     
   16.3667793734553        3.08813729627841     
   16.3658814972058        2.62244768932917     
   16.3633027135305        2.31807754418936     
   16.3593923669026        2.16683344465266     
   16.3544991838842        2.16478480345635     
   16.3489845512558        2.31305308722522     
   16.3431201944255        2.61829043926538     
   16.3371800097792        3.09102294499886     
   16.3314580190532        3.74288363101780     
   16.3260113708602        4.58299534997555     
   16.3207972428526        5.61405272743845     
   16.3156408146882        6.82932366671617     
   16.3103070408763        8.18610539608616     
   16.3046237262435        9.60574987244014     
   16.2985336978299        11.0505595015762     
   16.2922123138677        12.4773292062581     
   16.2860629360509        13.7994519248789     
   16.2805908213463        14.9799808229291     
   16.2765537642072        16.0028987421221     
   16.2745327394377        16.8600828067883     
   16.2751617232228        17.5508873203460     
   16.2787190806495        18.0800882744983     
   16.2851478279835        18.4507829864773     
   16.2941612305078        18.6597910170987     
   16.3051229738274        18.6989563560312     
   16.3172509918433        18.5589049526623     
   16.3296319082510        18.2289197029719     
   16.3413168505833        17.6977993835058     
   16.3514468031941        16.9619155233637     
   16.3595727675666        16.0315507450164     
   16.3653011798160        14.9565325175680     
   16.3686245154569        13.8372750825209     
   16.3697774515749        12.7330466123267     
   16.3691932766209        11.6990252415745     
   16.3673564679297        10.8141509211987     
   16.3646770642712        10.1025365636406     
   16.3616583226505        9.55800041361726     
   16.3586361502783        9.16812645599122     
   16.3559241933205        8.91925087183717     
   16.3538047342322        8.79958047573378     
   16.3524165102218        8.80039157322835     
   16.3517999149458        8.91605513682271     
   16.3517284964282        9.14348094303782     
   16.3517356704387        9.48094160070962     
   16.3512586560359        9.92707881379779     
   16.3496580950885        10.4795270079915     
   16.3464386818553        11.1335269824513     
   16.3410958380905        11.8778131662314     
   16.3332958940050        12.6608304376267     
   16.3229710461154        13.4459729231598     
   16.3101972173451        14.2049244607025     
   16.2954360358788        14.9156203716930     
   16.2792837328069        15.5257973252024     
   16.2626365454914        16.0006184331623     
   16.2464571422275        16.3310637939250     
   16.2317949301747        16.5166091234918     
   16.2196118923120        16.5631246161479     
   16.2106536804574        16.4789639756369     
   16.2053867113730        16.2717533461670     
   16.2040321795866        15.9455315430585     
   16.2066094975630        15.4989456380403     
   16.2129445349192        14.9259107860106     
   16.2226780755882        14.2164546044828     
   16.2351463694299        13.3599157112133     
   16.2496528090604        12.3483739501414     
   16.2651962579098        11.2067251682107     
   16.2809027628745        9.97338501746334     
   16.2957575425334        8.67092691358087     
   16.3088646927779        7.34570270764070     
   16.3197403903045        6.09375696380866     
   16.3280485952412        4.93806401892914     
   16.3337757512818        3.88451184965450     
   16.3371298660167        2.93279815439135     
   16.3385915932532        2.08069009791594     
   16.3387173892622        1.32772487238073     
   16.3381979115602       0.677936323778190     
   16.3377050920908       0.141776851452631     
   16.3377404131872      -0.264523258154600     
   16.3388303572820      -0.520389848237487     
   16.3411012644470      -0.603368324762957     
   16.3444561023445      -0.491592480962226     
   16.3486089208504      -0.166171177437000     
   16.3531212984424       0.387459061237539     
   16.3575330035736        1.17872856559663     
   16.3613262029516        2.20914773770120     
   16.3643153430987        3.47044087984061     
   16.3662221556675        4.92350213233095     
   16.3669749649552        6.44767535264854     
   16.3665363752648        7.98311703900844     
   16.3650316354273        9.46462322165142     
   16.3627513233572        10.7940049642037     
   16.3600785530550        11.9535784733244     
   16.3576600105202        12.9446422583710     
   16.3561521761044        13.7755954445255     
   16.3561555643930        14.4558835821013     
   16.3581161848763        14.9917643156938     
   16.3621788861970        15.3823680927163     
   16.3680445994941        15.6192214063914     
   16.3749999890185        15.6883097793272     
   16.3821883851414        15.5727781470661     
   16.3884301103656        15.2558254216411     
   16.3927406829257        14.7312402557393     
   16.3943709899425        13.9878361903639     
   16.3929083078938        13.0458877341937     
   16.3883220778895        11.9908785938082     
   16.3809947191713        10.9219684372403     
   16.3716064754916        9.89504097127734     
   16.3609455265809        8.96084867599088     
   16.3498123174966        8.18871253565914     
   16.3390566085499        7.59809457143549     
   16.3292575847790        7.18675288157525     
   16.3208231155393        6.94849736768039     
   16.3139282757031        6.87532096743031     
   16.3085859616098        6.95989527846768     
   16.3045428507708        7.19685485798480     
   16.3015574126639        7.58358238285516     
   16.2992386640857        8.11999946604582     
   16.2969573202183        8.80699711931489     
   16.2941182672709        9.64392277204264     
   16.2900385259781        10.6258574237086     
   16.2840966925482        11.7365437278507     
   16.2758119131268        12.9123280570956     
   16.2649383701503        14.1009957908745     
   16.2515161946250        15.2557108471038     
   16.2360085764448        16.3270287437704     
   16.2191339092843        17.2389954423064     
   16.2018535071502        17.9629663460950     
   16.1853429104647        18.4941635891160     
   16.1707465957743        18.8386131789487     
   16.1591648294271        19.0116238342024     
   16.1515215797301        19.0259611685598     
   16.1484841495823        18.8922037143847     
   16.1503214821471        18.6189781916323     
   16.1568778950049        18.2122039894965     
   16.1676121368887        17.6752105370380     
   16.1816937124811        17.0095877162320     
   16.1980782257899        16.2161567308899     
   16.2157173865835        15.2935399309939     
   16.2336283508207        14.2505683318353     
   16.2510212228239        13.1441583913850     
   16.2672531976525        12.0008803987482     
   16.2818568377283        10.8464503379676     
   16.2943557168833        9.75689285892490     
   16.3045097845135        8.78352245862994     
   16.3123805262509        7.93435734373208     
   16.3180853157175        7.20702233037257     
   16.3219498531932        6.59141241461681     
   16.3244524591335        6.07359602892800     
   16.3262286399960        5.64023280274392     
   16.3277844556700        5.28214545699198     
   16.3295584630205        4.99689908586658     
   16.3320124857500        4.78982119382350     
   16.3353990911870        4.67403489827118     
   16.3398103739464        4.66850835655923     
   16.3451885423736        4.79451634992259     
   16.3512900703349        5.07562839334279     
   16.3578073404568        5.54017690729951     
   16.3643199506128        6.19159569241617     
   16.3704834992711        7.01286771508411     
   16.3759408164649        7.91606841244889     
   16.3806943652523        8.84972300233151     
   16.3847953480692        9.77622458937223     
   16.3884530360818        10.6228597020804     
   16.3920179357471        11.3346431165680     
   16.3957863134798        11.9000184466972     
   16.4000584867781        12.3167217844681     
   16.4050799085130        12.5895139393199     
   16.4109187394347        12.7274006364863     
   16.4174476730933        12.7397789434799     
   16.4246148456480        12.6328958555034     
   16.4320425440408        12.4092876420362     
   16.4392007959022        12.0663745468408     
   16.4455167267596        11.5976016882681     
